timestamp,numSV,hDOP,vDOP,hAcc,vAcc,gSpeed,CNO_mean,CNO_std,CNO_gap,low_elev_ratio,PR_RMS,Fault_SVID_count,hard_label,pos_error_2d,gnss_east,gnss_north,gt_east,gt_north,fix_quality,num_tracked,gt_quality,receiver_id,scenario,soft_fault_prob_surrogate
1621307670,22,0.75,1.45,2.69072480941474,5.2,5.63,32.5555555555556,9.47195590772828,32,0.037037037037037,80.9203365635933,9,1,7.65369342418213,-4.38002559626771,6.27649574264243,0,0,2,27,2,ublox.f9p,harsh,0.999168986913159
1621307671,21,0.72,1.41,2.69072480941474,5.3,6.18166666666667,27.7037037037037,9.29356607392288,34,0.037037037037037,69.2245212899742,7,1,7.63790323950485,-5.59924338622202,12.2007941006289,-0.867476317458028,6.20513347789519,2,27,2,ublox.f9p,harsh,0.997328532071427
1621307672,23,0.81,1.51,2.76586333718787,5.4,6.29583333333333,30.8518518518519,10.9744588221354,38,0.037037037037037,72.325412118392,6,1,7.69394815654594,-6.66391243786296,18.401928831603,-1.75441432908314,12.4779380689917,2,27,2,ublox.f9p,harsh,0.998039398055364
1621307673,20,0.74,1.3,2.76586333718787,5.4,6.06861111111111,31.1923076923077,8.17811338033036,31,0,80.0475197408806,8,1,7.79701807232676,-7.84878606549537,24.4185059807027,-2.69601679994447,18.5668002707252,2,26,2,ublox.f9p,harsh,0.999093263910988
1621307674,19,0.83,1.35,2.76586333718787,5.5,5.86972222222222,29.24,9.22532745579617,34,0.04,70.5852225070066,7,1,7.82507840679514,-9.05083177035632,30.1951582743872,-3.74923779966278,24.4397301024439,2,25,2,ublox.f9p,harsh,0.997667599712309
1621307675,22,0.79,1.37,2.76586333718787,5.5,5.60138888888889,28.5384615384615,9.38181547134996,34,0.0384615384615385,70.4727187705221,7,1,7.82855867538947,-10.218533315517,35.7503414700337,-4.80474841107643,30.095497180182,2,26,2,ublox.f9p,harsh,0.997641273418803
1621307676,21,0.77,1.37,2.90688837074973,5.5,5.4825,29.52,8.84175698979941,31,0.04,68.9593610633166,7,1,7.88897785145719,-11.386234858056,41.1209670852146,-5.78298465726579,35.5676294646366,2,25,2,ublox.f9p,harsh,0.997256944765325
1621307677,21,0.74,1.31,2.90688837074973,5.6,5.47,33.25,9.4051327337327,33,0,68.7297132124154,5,1,7.902768484139,-12.2620110156157,46.5654157323704,-6.71542868265661,40.9361019076128,2,24,2,ublox.f9p,harsh,0.997193401048068
1621307678,23,0.74,1.31,2.90688837074973,5.6,5.31805555555556,31.64,10.6022010293461,33,0.04,70.0043959658638,3,1,7.78789243078297,-13.0175826076704,51.9175855887651,-7.67448943777932,46.2516678439236,2,25,2,ublox.f9p,harsh,0.997528460875323
1621307679,20,0.74,1.31,2.90688837074973,5.6,5.11611111111111,31.56,10.4963485714478,35,0.04,70.0009967461503,3,1,7.72613744191947,-13.7903262743319,57.1036536220717,-8.59090618785686,51.3888281185423,2,25,2,ublox.f9p,harsh,0.997527622679538
1621307680,20,0.77,1.39,2.90688837074973,5.7,5.20416666666667,30.875,9.59307948017963,32,0.0416666666666667,69.5687397144331,4,1,7.63877066066198,-14.5802420234653,62.2712658969443,-9.52964664475443,56.5404454036174,2,24,2,ublox.f9p,harsh,0.997418690931495
1621307681,22,0.77,1.39,2.90688837074973,5.7,5.33305555555556,29.4230769230769,10.1397162758061,35,0.0384615384615385,69.6682658943602,4,1,7.59087560924235,-15.4731902621859,67.5127012048483,-10.4995830495313,61.7781895596234,2,26,2,ublox.f9p,harsh,0.997444188957258
1621307682,20,0.74,1.31,2.90688837074973,5.8,5.44444444444444,30.12,9.6924369140755,31,0,69.3633778143638,6,1,7.52003314936789,-16.4519989106437,72.8648710619475,-11.515597872964,67.1918786097414,2,25,2,ublox.f9p,harsh,0.997365273729917
1621307683,20,0.8,1.46,2.90688837074973,5.8,5.68472222222222,29.6,10.0083298640016,33,0,72.8820725556018,6,1,7.41229402956151,-17.4308075577907,78.3831427414304,-12.6068836543368,72.7553668970706,2,25,2,ublox.f9p,harsh,0.998145358048272
1621307684,20,0.8,1.46,2.9732137494637,5.8,5.7325,29.36,9.01794507265005,29,0,70.9102081441566,7,1,7.27185845812772,-18.3924441237767,84.030604727838,-13.7502580840825,78.4332808844364,2,25,2,ublox.f9p,harsh,0.997742012513227
1621307685,21,0.8,1.46,3.04795013082563,5.9,5.64638888888889,28.12,9.54078962490352,34,0,70.5519700376288,5,1,7.25079800045511,-19.6116619124202,89.5488764076731,-14.8916291013009,84.0447541429191,2,25,2,ublox.f9p,harsh,0.997659849176071
1621307686,21,0.76,1.35,3.04795013082563,5.9,5.52583333333333,29.64,9.67763745273952,37,0,68.5277216633067,5,1,7.22696536234217,-20.6419868030501,95.0117808136151,-15.9010612953696,89.5571814993558,2,25,3,ublox.f9p,harsh,0.997136297688732
1621307687,23,0.74,1.31,3.04795013082563,6,5.51027777777778,28.72,9.34754869827735,33,0,81.2699290244329,5,1,7.1739322406396,-21.5521071268641,100.456229460771,-16.9050556619896,94.9908642876013,2,25,3,ublox.f9p,harsh,0.999197513648803
1621307688,22,0.77,1.37,3.04795013082563,6,4.52527777777778,30.5384615384615,9.47937031339432,33,0.0384615384615385,80.9995903468878,4,1,7.07637908485961,-22.5309157713895,105.070168992486,-17.8246206278205,99.785670248588,2,26,3,ublox.f9p,harsh,0.999175541567941
1621307689,22,0.77,1.3,3.04795013082563,6,3.9575,31.6923076923077,9.91067800211158,34,0.0384615384615385,78.9838288347134,4,1,7.09638518128223,-23.3380036043054,109.111980021552,-18.6365738832951,103.796414085594,2,26,3,ublox.f9p,harsh,0.998991601440152
1621307690,23,0.73,1.3,3.04795013082563,6,3.58138888888889,32.1111111111111,9.80711411065901,31,0.037037037037037,79.1071232982324,5,1,7.08047123036202,-24.1450914385321,112.747764373172,-19.4450927225374,107.452192174284,2,27,3,ublox.f9p,harsh,0.999003945796244
1621307691,22,0.69,1.22,3.04795013082563,6,3.26944444444444,31.5555555555556,10.5295676488541,36,0.037037037037037,68.2690832461717,5,1,7.03701279069695,-24.8148026169171,116.125168109533,-20.2198397991047,110.795452758846,2,27,2,ublox.f9p,harsh,0.997061485698043
1621307692,22,0.69,1.22,3.04795013082563,5.9,3.26694444444444,31,10.8443533693808,35,0.0384615384615385,66.8254377496682,5,1,7.05764831708951,-25.3986533894975,119.447204572002,-20.9021438405033,114.007369864631,2,26,2,ublox.f9p,harsh,0.996606667756239
1621307693,23,0.69,1.22,3.04795013082563,5.9,3.03916666666667,30.5384615384615,11.282661988133,36,0.0384615384615385,68.1557707821509,4,1,7.05795377031382,-25.8794716724905,122.640050727898,-21.5752894351206,117.046418036042,2,26,2,ublox.f9p,harsh,0.997028098823693
1621307694,21,0.73,1.3,3.04795013082563,6,3.62611111111111,31.44,11.1918124835375,37,0.04,68.0134746007931,5,1,7.14273488256057,-27.0128290527076,125.980542949152,-22.7235292874249,120.269101001089,2,25,2,ublox.f9p,harsh,0.996985635880078
1621307695,21,0.78,1.85,3.04795013082563,6,3.98055555555556,32.5,10.4507124783121,36,0,72.351735544931,7,1,7.08677911790371,-28.7300372068159,129.524048509307,-24.6144616643592,123.754778519066,2,24,2,ublox.f9p,harsh,0.998044542165918
1621307696,21,0.73,1.3,2.9732137494637,6.1,3.97083333333333,32.08,11.7860086543325,38,0,67.4737524725524,6,1,6.95835678031828,-30.2755245427607,133.178288618656,-26.4747704969934,127.349652606192,2,25,2,ublox.f9p,harsh,0.996819005235677
1621307697,21,0.73,1.3,2.9732137494637,6.1,3.60888888888889,32.4,11.1766124861993,35,0,67.1162526042416,7,1,6.92857476707363,-31.1341286191594,136.924807517357,-27.6831126333611,130.91684305602,2,25,2,ublox.f9p,harsh,0.996703609168089
1621307698,21,0.76,1.51,2.9732137494637,6.1,3.22611111111111,34.1153846153846,11.1618167807106,38,0.0384615384615385,66.4058468811294,3,1,6.88590857173964,-31.6836352267962,140.283755497398,-28.3273518931052,134.271177095219,2,26,2,ublox.f9p,harsh,0.996461771817768
1621307699,22,0.76,1.51,2.90688837074973,6.1,2.54472222222222,33,10.4608112222987,37,0.0344827586206897,65.224991558524,4,1,6.79902080672398,-32.0442489403518,143.015207699841,-28.7323268145788,137.07737511858,2,29,2,ublox.f9p,harsh,0.996020054060641
1621307700,22,0.71,1.23,2.90688837074973,6,1.58305555555556,34.7777777777778,10.7357538280463,39,0.037037037037037,67.2710301690111,4,1,6.73641694752977,-32.2331418370547,144.842327754515,-28.9687291375747,138.949711780396,2,27,2,ublox.f9p,harsh,0.996754072754076
1621307701,22,0.71,1.23,2.83196045170126,5.9,1.13861111111111,32.3571428571429,9.97483606368318,37,0.0357142857142857,67.4722976663827,5,1,6.71302235945726,-32.3705184889639,146.097319306894,-29.0912233200183,140.239769273518,2,28,2,ublox.f9p,harsh,0.996818543901332
1621307702,22,0.71,1.23,2.83196045170126,5.9,0.7075,33,9.2736184954957,34,0.0384615384615385,67.2157753399115,4,1,6.69550952422305,-32.4907230597121,146.872461148089,-29.1424533630223,141.074277136936,2,26,2,ublox.f9p,harsh,0.996736146496789
1621307703,21,0.76,1.46,2.83196045170126,5.9,0.531944444444444,32.5925925925926,9.66062292648023,37,0.037037037037037,42.5326933076193,6,1,6.62890304853425,-32.5594113869775,147.389222375084,-29.1496083959655,141.704541276785,2,27,2,ublox.f9p,harsh,0.962790413911693
1621307704,21,0.76,1.46,2.83196045170126,5.8,0.583611111111111,30.6071428571429,10.429087832398,39,0.0357142857142857,28.0412281505371,4,1,6.61922587279612,-32.6280997116213,147.924439360864,-29.154473819835,142.289896405219,2,28,2,ublox.f9p,harsh,0.858650061991438
1621307705,21,0.76,1.46,2.83196045170126,5.8,0.590833333333333,32.2962962962963,9.63892275665865,37,0.037037037037037,27.9094965916621,5,1,6.47340831808694,-32.7311322025194,148.422744830128,-29.1922523996999,143.002288669078,2,27,2,ublox.f9p,harsh,0.857043668045282
1621307706,21,0.74,1.34,2.83196045170126,5.8,0.379722222222222,31.6666666666667,9.91890192433696,36,0.037037037037037,42.1361767523389,7,1,6.4378724371823,-32.7826484446915,148.773404234739,-29.1956868146213,143.427386297822,2,27,2,ublox.f9p,harsh,0.961343530725488
1621307707,22,0.74,1.34,2.83196045170126,5.8,0.550833333333333,30.4074074074074,11.489993168838,38,0.037037037037037,29.442370519681,8,1,6.33811746513227,-32.8856809342788,149.179430913242,-29.2280275683483,144.003205951312,2,27,2,ublox.f9p,harsh,0.8748168901636
1621307708,21,0.74,1.34,2.75862284482674,5.8,0.829166666666667,30.4074074074074,11.1156828201602,38,0.037037037037037,29.7128377519335,7,1,6.20687750933421,-33.023057586188,149.82538244857,-29.3010089145931,144.858322744665,2,27,2,ublox.f9p,harsh,0.877748936443108
1621307709,22,0.74,1.34,2.75862284482674,5.7,1.08777777777778,30.7857142857143,11.3181504275446,41,0.0357142857142857,89.4051525603968,8,1,6.06602998445476,-33.2462946465236,150.655891564011,-29.4163480627827,145.95182641374,2,28,2,ublox.f9p,harsh,0.999644103719213
1621307710,21,0.75,1.34,2.69072480941474,5.7,1.185,31,10.6337633543785,36,0.037037037037037,80.816499068811,8,1,5.97350753315327,-33.521047950342,151.634046744458,-29.5640279646993,147.159140591044,2,27,2,ublox.f9p,harsh,0.999160320208503
1621307711,22,0.75,1.34,2.69072480941474,5.7,1.17,30.6071428571429,10.2752463635033,37,0.0357142857142857,71.3982249200856,8,1,5.89045578054397,-33.7614570931493,152.649113441774,-29.7074148450148,148.375682647566,2,28,2,ublox.f9p,harsh,0.99784932918566
1621307712,22,0.74,1.34,2.69072480941474,5.7,1.20861111111111,30.2142857142857,10.4646039823749,36,0.0357142857142857,69.0034814668467,9,1,5.87213100568394,-34.0190383158067,153.73800317036,-29.8539499410837,149.598684219293,2,28,2,ublox.f9p,harsh,0.997268987597448
1621307713,23,0.75,1.34,2.69072480941474,5.6,1.24055555555556,29.6551724137931,10.8373555751423,37,0.0344827586206897,66.7842600565758,10,1,5.83943304626346,-34.2766195371534,154.863804416166,-30.0133640980234,150.873361914071,2,29,2,ublox.f9p,harsh,0.996592713696661
1621307714,23,0.85,1.8,2.69072480941474,5.6,1.16638888888889,30.8928571428571,10.0640146827393,35,0.0357142857142857,72.1605125066154,10,1,5.74520379782985,-34.4483403553169,155.915782629645,-30.1653370202302,152.086520414774,2,28,2,ublox.f9p,harsh,0.998006864744656
1621307715,23,0.85,1.8,2.69072480941474,5.6,0.986666666666667,30.6071428571429,10.1992711639181,33,0.0357142857142857,72.2693509788838,10,1,5.70117880511196,-34.6200611682372,156.857026293929,-30.2858277914573,153.153263234085,2,28,2,ublox.f9p,harsh,0.998028397561839
1621307716,23,0.88,1.8,2.62488094968134,5.6,0.593055555555555,31.0740740740741,9.46623930659302,33,0.037037037037037,73.8266712733572,11,1,5.69104028481541,-34.7574378201464,157.502977828904,-30.3593815399705,153.891185963389,2,27,2,ublox.f9p,harsh,0.998312245459434
1621307717,23,1,2.02,2.70185121722126,5.6,0.231111111111111,31.0357142857143,9.11442545214734,30,0.0357142857142857,72.0050028455149,10,1,5.6296307710014,-34.8089540675617,157.742902684319,-30.3785570310372,154.269529004946,2,28,2,ublox.f9p,harsh,0.99797569054345
1621307718,23,0.97,2.02,2.70185121722126,5.6,0.331666666666667,31.25,9.24411724848315,30,0.0357142857142857,71.787630640964,10,1,5.60196250242794,-34.8432982298836,157.964371782005,-30.3851396630227,154.572203438403,2,28,2,ublox.f9p,harsh,0.997931297973763
1621307719,24,0.94,1.8,2.70185121722126,5.6,0.441111111111111,31.1379310344828,8.89511960062143,31,0.0344827586206897,72.1751281982567,9,1,5.57411940467852,-34.8776423922055,158.351942702075,-30.4149046032648,155.012065673683,2,29,2,ublox.f9p,harsh,0.998009769928356
1621307720,23,0.85,1.71,2.70185121722126,5.6,0.524444444444444,30.9655172413793,8.80130979952371,30,0.0344827586206897,69.9071467495754,8,1,5.416882907806,-34.8432982298836,158.776425139364,-30.4606968214417,155.592806862685,2,29,2,ublox.f9p,harsh,0.997504368375889
1621307721,23,0.86,1.71,2.70185121722126,5.6,0.591944444444444,30.5555555555556,9.15815455601154,32,0.037037037037037,40.4900524552153,7,1,5.2793314664412,-34.7746099026182,159.293186367063,-30.4979029977274,156.197848133167,2,27,2,ublox.f9p,harsh,0.954739560693206
1621307722,23,0.86,1.71,2.70185121722126,5.6,1.04666666666667,30.5357142857143,8.68580000305796,30,0.0357142857142857,40.4864926482466,8,1,5.09765700890181,-34.6028890883871,160.123695482856,-30.5033408238653,157.093875189957,2,28,2,ublox.f9p,harsh,0.954724175589205
1621307723,24,0.85,1.71,2.70185121722126,5.6,1.79972222222222,30.3103448275862,9.29709420147677,33,0.0344827586206897,39.3637523617858,8,1,4.74056788095525,-34.2937916222468,161.637067648732,-30.4615554254998,158.846557020498,2,29,2,ublox.f9p,harsh,0.949615579349926
1621307724,24,0.85,1.71,2.70185121722126,5.6,2.86111111111111,31.1111111111111,9.52055805302534,33,0.037037037037037,39.3265758135309,9,1,4.55468583529976,-34.2422753761423,164.202418028086,-30.5316747590917,161.561091444904,2,27,3,ublox.f9p,harsh,0.949437407454269
1621307725,24,0.85,1.71,2.70185121722126,5.6,3.75444444444444,31.4230769230769,8.83254471564374,28,0,44.8790645488808,9,1,4.61693190209077,-34.8089540675617,167.653644797831,-30.9335014661227,165.144276884881,2,26,3,ublox.f9p,harsh,0.970341705646307
1621307726,25,0.85,1.71,2.70185121722126,5.6,4.31916666666667,33,8.80995939919048,30,0,75.1961232812021,7,1,4.76542956827968,-35.9251393679287,171.677000069168,-31.7237034183565,169.42816594192,2,27,3,ublox.f9p,harsh,0.998527929672537
1621307727,23,0.78,1.63,2.70185121722126,5.6,5.0225,33.5769230769231,8.00586323601935,29,0,70.0919024039774,5,1,4.83235166978797,-37.006980504663,176.346306875481,-32.6670230973339,174.221126327134,2,26,3,ublox.f9p,harsh,0.997549941324133
1621307728,23,0.78,1.63,2.70185121722126,5.6,4.88,33.8846153846154,7.97660039403717,31,0,69.6252952534525,6,1,4.78807093106097,-37.9686170667166,181.08943671412,-33.6226494336028,179.079912249776,2,26,3,ublox.f9p,harsh,0.997433211093722
1621307729,22,0.77,1.62,2.70185121722126,5.5,4.36472222222222,33.5925925925926,8.67914945876814,30,0,69.7397522470381,5,1,4.71180811646233,-38.8272211444262,185.444995631986,-34.5467936215136,183.475458643896,2,27,3,ublox.f9p,harsh,0.997462348169768
1621307730,23,0.77,1.62,2.64007575648882,5.5,3.545,32.9259259259259,8.55716490580094,28,0,69.5181802933905,6,1,4.68788518539301,-39.5656206500766,189.080779982196,-35.3295543390145,187.07279349825,2,27,4,ublox.f9p,harsh,0.997405640878784
1621307731,23,0.77,1.62,2.56124969497314,5.5,2.67611111111111,33.8518518518519,8.25881209424075,27,0,71.3550541307341,8,1,4.5844497306205,-40.0464389330697,191.941422491564,-35.9311495937134,189.921132169366,2,27,4,ublox.f9p,harsh,0.997840044597617
1621307732,24,0.77,1.62,2.56124969497314,5.5,1.92222222222222,32.7407407407407,7.63893162381209,29,0,70.707466602427,6,1,4.28541904176186,-40.1838155849789,194.026923160088,-36.3684652715356,192.075534334353,2,27,4,ublox.f9p,harsh,0.997695873068247
1621307733,25,0.77,1.62,2.56124969497314,5.5,1.65722222222222,30.3103448275862,7.77405689399898,26,0.0689655172413793,70.3481046889917,7,1,4.20692606445813,-40.4242247277862,195.724852907838,-36.6990278404379,193.770080526636,2,29,4,ublox.f9p,harsh,0.997611767098289
1621307734,24,0.77,1.62,2.64007575648882,5.5,1.55583333333333,30.9310344827586,8.84764308600544,27,0.0689655172413793,70.5740273282837,7,1,4.15090909309439,-40.6646338679719,197.275136590933,-36.9983944614609,195.328669300358,2,29,3,ublox.f9p,harsh,0.997664993186833
1621307735,24,0.77,1.62,2.64007575648882,5.5,1.46861111111111,30.1,9.05671783435006,28,0.1,70.1972073281172,6,1,4.09090543879661,-40.9050430107792,198.6962299664,-37.2771545837799,196.805745142229,2,30,3,ublox.f9p,harsh,0.997575544055407
1621307736,24,0.77,1.62,2.64007575648882,5.4,1.44166666666667,31.0689655172414,9.57650038406052,32,0.0689655172413793,70.165548288791,7,1,4.03293036739227,-41.1454521509649,200.061956067974,-37.5453252582344,198.244371488243,2,29,4,ublox.f9p,harsh,0.997567874995455
1621307737,24,0.77,1.62,2.64007575648882,5.4,1.39305555555556,29.0322580645161,10.2355064065169,39,0.0645161290322581,70.1258273866816,8,1,4.05694458408067,-41.4717217008878,201.409226410409,-37.8077719047613,199.667310439483,2,31,3,ublox.f9p,harsh,0.997558218799708
1621307738,24,0.78,1.63,2.64007575648882,5.4,1.41833333333333,30.8333333333333,9.88933013781584,40,0.0666666666666667,70.0866130821952,7,1,4.13701273787695,-41.8495074956043,202.756496754253,-38.0676427378033,201.079483532164,2,30,3,ublox.f9p,harsh,0.997548648244058
1621307739,25,0.78,1.63,2.64007575648882,5.4,1.41,28.9677419354839,10.7190916000929,38,0.0967741935483871,71.6593177897122,8,1,4.1872024122729,-42.1586049604338,204.122222855122,-38.3134897054377,202.464588179706,2,31,4,ublox.f9p,harsh,0.997904638817866
1621307740,24,0.82,1.67,2.64007575648882,5.3,1.415,28.8064516129032,10.6126319539145,36,0.0967741935483871,70.38060220449,9,1,4.28262774550591,-42.5020465928284,205.487948956695,-38.546171409101,203.847232059316,2,31,4,ublox.f9p,harsh,0.997619497219102
1621307741,24,0.82,1.67,2.64007575648882,5.3,1.42111111111111,29.9,9.75333718308234,36,0.0666666666666667,70.6134371065451,10,1,4.37205101565222,-42.8454882239122,206.835219300187,-38.7811427257704,205.224031615527,2,30,5,ublox.f9p,harsh,0.997674155927065
1621307742,25,0.82,1.67,2.58069758011279,5.3,1.37638888888889,30.1612903225806,10.0866141467906,37,0.0645161290322581,70.2729080087056,11,1,4.49228069665252,-43.2061019348462,208.164033885245,-39.0006591680842,206.584528585157,2,31,5,ublox.f9p,harsh,0.997593784063761
1621307743,24,0.83,1.68,2.58069758011279,5.3,0.823333333333333,29.9310344827586,9.55409797821542,37,0.0689655172413793,41.3927255356872,9,1,4.66553835117287,-43.4808552386646,209.105277549529,-39.0879505815262,207.533769745044,2,29,5,ublox.f9p,harsh,0.958483943457895
1621307744,23,0.82,1.67,2.58069758011279,5.3,0.879166666666667,30.2857142857143,8.73416935293301,30,0.0357142857142857,73.8091074856355,10,1,4.79513729056989,-43.5323714834583,209.972698181486,-39.0058107924325,208.39042451809,2,28,4,ublox.f9p,harsh,0.998309283534669
1621307745,23,0.83,1.68,2.58069758011279,5.3,0.838055555555556,29,9.20144916122817,35,0.0357142857142857,43.2623794798768,10,1,5.05343823696413,-43.6182318905738,210.803207296927,-38.791445974467,209.306752909087,2,28,5,ublox.f9p,harsh,0.965318039760852
1621307746,24,0.83,1.68,2.66270539113887,5.3,0.857777777777778,29.2857142857143,9.70245155296156,36,0.0357142857142857,43.8695587146507,10,1,5.28073380656265,-43.68692021915,211.63371641272,-38.6263077909106,210.124958185924,2,28,4,ublox.f9p,harsh,0.967294377622857
1621307747,23,0.83,1.68,2.66270539113887,5.3,0.783611111111111,30.4285714285714,9.94216077352207,36,0.0357142857142857,42.7771932327212,10,1,5.47809680204278,-43.8242968697484,212.408858253915,-38.5470300131591,210.939164715488,2,28,3,ublox.f9p,harsh,0.963656492676612
1621307748,23,0.78,1.63,2.66270539113887,5.3,0.0383333333333333,31.2857142857143,9.62964997962848,30,0.0357142857142857,42.0931011766378,9,1,5.7071936320922,-44.0475339287732,212.648783110035,-38.5278545220924,211.197852925065,2,28,4,ublox.f9p,harsh,0.961183134137008
1621307749,24,0.78,1.63,2.66270539113887,5.2,0.0119444444444444,30.2857142857143,10.7457386656711,39,0.0714285714285714,43.0582366003351,10,1,5.87471736286736,-44.202082664465,212.630327351601,-38.5081066300681,211.184318702495,2,28,4,ublox.f9p,harsh,0.96462805704851
1621307750,23,0.82,1.67,2.66270539113887,5.2,0.0158333333333333,28.3928571428571,10.1007490947519,35,0.0714285714285714,41.4188513843636,10,1,5.97172530508564,-44.2879430702697,212.593415835438,-38.4880725336326,211.171092075653,2,28,4,ublox.f9p,harsh,0.958587780234563
1621307751,23,0.82,1.67,2.66270539113887,5.2,0.0113888888888889,29.3703703703704,9.94658096706969,32,0.037037037037037,42.0979463077872,10,1,6.07311552969524,-44.3738034773853,212.574960077004,-38.4680384398187,211.159095832776,2,27,4,ublox.f9p,harsh,0.961201207339114
1621307752,25,0.82,1.67,2.66270539113887,5.2,0.0105555555555556,30.3333333333333,10.1942668654042,35,0.037037037037037,41.9970137827282,10,1,6.18148555216619,-44.4768359682834,212.519592803111,-38.4494353510204,211.148022378139,2,27,4,ublox.f9p,harsh,0.960823037992792
1621307753,23,0.82,1.67,2.66270539113887,5.2,0.00694444444444444,31.1481481481481,9.65044320904766,33,0.037037037037037,50.16070008815,10,1,6.29347068696007,-44.5798684591815,212.482681286947,-38.4316908662803,211.138179307115,2,27,3,ublox.f9p,harsh,0.982295442153533
1621307754,24,0.74,1.29,2.66270539113887,5.2,0.02,31.0714285714286,9.12030121102884,29,0.0357142857142857,37.2607814375025,10,1,6.45571952503759,-44.7344171909408,212.445769770783,-38.4142325833297,211.129874215784,2,28,3,ublox.f9p,harsh,0.93854803032903
1621307755,24,0.72,1.29,2.66270539113887,5.2,0.00138888888888889,30.7407407407407,9.42007917896085,31,0.037037037037037,37.3190125224687,10,1,6.62055371280912,-44.888965924011,212.427314012349,-38.3982053080164,211.122799508772,2,27,4,ublox.f9p,harsh,0.938883025323972
1621307756,23,0.74,1.29,2.66270539113887,5.2,0.01,31.4285714285714,9.7351161663581,32,0.0357142857142857,35.5564574538391,9,1,6.74769545641908,-45.0263425759202,212.371946737752,-38.3959156963211,211.119415952953,2,28,5,ublox.f9p,harsh,0.927951886452022
1621307757,24,0.74,1.29,2.66270539113887,5.1,0.00916666666666667,31.3214285714286,9.55317892186823,32,0.0357142857142857,34.8993791730837,9,1,6.909916317037,-45.1980633940837,212.335035221588,-38.3959156963211,211.119415952953,2,28,5,ublox.f9p,harsh,0.923433413259975
1621307758,24,0.72,1.2,2.66270539113887,5.1,0.0141666666666667,31.2962962962963,9.95688712096312,36,0.037037037037037,22.6334016348674,10,1,7.07587750573301,-45.369784207004,212.316579463859,-38.3959156963211,211.119415952953,2,27,5,ublox.f9p,harsh,0.77960056240161
1621307759,22,0.81,1.42,2.66270539113887,5.1,0.0180555555555556,31.037037037037,9.62960771419816,33,0.037037037037037,21.8050930594972,10,1,7.22521171778189,-45.5243329400742,212.298123705425,-38.3959156963211,211.119415952953,2,27,5,ublox.f9p,harsh,0.765039365971593
1621307760,22,0.77,1.39,2.66270539113887,5.1,0.0236111111111111,30.9259259259259,10.2766573655876,36,0.037037037037037,21.9428993830199,9,1,7.39468509604309,-45.6960537569269,212.298123705425,-38.3959156963211,211.119415952953,2,27,5,ublox.f9p,harsh,0.767507438142789
1621307761,23,0.78,1.39,2.66270539113887,5,0.0125,30.5925925925926,10.5984732545606,36,0.037037037037037,23.4761951587227,9,1,7.56687509348941,-45.867774571158,212.316579463859,-38.3962018981107,211.119415952953,2,27,5,ublox.f9p,harsh,0.793740175677555
1621307762,21,0.78,1.39,2.66270539113887,5,0.0111111111111111,30.5925925925926,10.6780121286662,35,0.037037037037037,23.6975737154672,10,1,7.69970530575633,-46.0051512230672,212.298123705425,-38.3962018981107,211.119415952953,2,27,5,ublox.f9p,harsh,0.79734095046365
1621307763,22,0.83,1.48,2.66270539113887,5,0.00333333333333333,30.5925925925926,10.6780121286662,36,0.037037037037037,24.356415992506,11,1,7.80153930154752,-46.1081837126545,212.298123705425,-38.3962018981107,211.119415952953,2,27,5,ublox.f9p,harsh,0.807778820621373
1621307764,23,0.79,1.63,2.66270539113887,5,0.00611111111111111,30.4074074074074,11.0567044027917,37,0.037037037037037,37.5707390768748,9,1,7.97133107872784,-46.279904530818,212.298123705425,-38.3962018981107,211.119415952953,2,27,5,ublox.f9p,harsh,0.94031161653763
1621307765,21,0.78,1.45,2.66270539113887,5,0.0177777777777778,31.5,9.58018788959799,32,0,25.3494575878854,9,1,8.19218060774199,-46.503141588532,212.298123705425,-38.3962018981107,211.119415952953,2,26,5,ublox.f9p,harsh,0.822728785689398
1621307766,21,0.78,1.45,2.60768096208106,5,0.0136111111111111,31.1111111111111,9.99358768770229,30,0.037037037037037,25.2051251402038,9,1,8.35702808528494,-46.6748624040739,212.261212189261,-38.3962018981107,211.119415952953,2,27,5,ublox.f9p,harsh,0.820613938489096
1621307767,22,0.93,1.8,2.69258240356725,4.9,0.00416666666666667,30.8571428571429,10.4410666608289,37,0.0357142857142857,25.0305465555502,9,1,8.43693500985965,-46.7607228098786,212.224300673098,-38.3964880985895,211.119108357226,2,28,5,ublox.f9p,harsh,0.818029625346678
1621307768,21,0.92,1.57,2.69258240356725,4.9,0.00527777777777778,29.7142857142857,11.1549927133039,38,0.0714285714285714,24.3488620541769,8,1,8.53439146735505,-46.8637552994659,212.187389156934,-38.3964880985895,211.119108357226,2,28,5,ublox.f9p,harsh,0.807661501690506
1621307769,21,0.92,1.57,2.69258240356725,4.9,0.00527777777777778,30.3793103448276,10.4383010149553,37,0.0689655172413793,24.1615741760893,8,1,8.63435981549166,-46.966787790364,212.168933398148,-38.3964880985895,211.119108357226,2,29,5,ublox.f9p,harsh,0.804735313846424
1621307770,23,0.92,1.57,2.69258240356725,4.9,0.0216666666666667,30.3448275862069,10.0437466759492,33,0.0689655172413793,24.8718541816806,9,1,8.71309669012195,-47.0526481987904,212.113566124607,-38.3964880985895,211.119108357226,2,29,5,ublox.f9p,harsh,0.815655443374024
1621307771,21,0.92,1.57,2.69258240356725,4.9,0.0216666666666667,30.2142857142857,10.3005111087037,34,0.0714285714285714,24.5999237803697,9,1,8.79633460171258,-47.1385086032843,212.095110365821,-38.3964880985895,211.119108357226,2,28,5,ublox.f9p,harsh,0.811531509024041
1621307772,22,0.92,1.57,2.69258240356725,4.9,0.00111111111111111,30.2857142857143,10.3274432777956,36,0.0714285714285714,24.7329149784924,10,1,8.87937628489333,-47.2243690117107,212.076654607387,-38.3967743003791,211.119108357226,2,28,5,ublox.f9p,harsh,0.81355716205372
1621307773,23,0.92,1.57,2.69258240356725,4.9,0.00444444444444444,30.3928571428571,10.268034850084,35,0.0714285714285714,24.8028224200392,11,1,8.9267115855269,-47.2758852591259,212.039743091223,-38.3967743003791,211.119108357226,2,28,5,ublox.f9p,harsh,0.814615207909109
1621307774,22,0.92,1.57,2.69258240356725,4.8,0.00805555555555556,30.1071428571429,10.2716412396761,35,0.0714285714285714,23.9491736113517,11,1,9.01025185269238,-47.3617456636199,212.021287333494,-38.3967743003791,211.119108357226,2,28,5,ublox.f9p,harsh,0.801376111612458
1621307775,22,0.84,1.71,2.69258240356725,4.8,0.0263888888888889,30.8518518518519,10.5089840821435,36,0.0740740740740741,23.230555216184,10,1,9.09568483886542,-47.4476060733571,212.021287333494,-38.3967743003791,211.119108357226,2,27,5,ublox.f9p,harsh,0.789689616509621
1621307776,23,0.84,1.71,2.69258240356725,4.8,0.0208333333333333,30.962962962963,10.3458705306531,33,0.0740740740740741,23.1174447117323,10,1,9.17933062611172,-47.5334664817834,212.00283157506,-38.3967743003791,211.119108357226,2,27,5,ublox.f9p,harsh,0.787804922616722
1621307777,22,0.84,1.71,2.69258240356725,4.8,0.00916666666666667,31.3461538461538,9.9797487250624,35,0.0384615384615385,24.8450502462589,9,1,9.29869913519244,-47.6536710525317,212.00283157506,-38.3970605021687,211.119108357226,2,26,5,ublox.f9p,harsh,0.815252073960695
1621307778,22,0.93,1.8,2.69258240356725,4.8,0.0194444444444444,31.4615384615385,9.87210522322678,32,0.0384615384615385,26.6412804888758,9,1,9.36535567320947,-47.7223593771755,211.98437581733,-38.3970605021687,211.119108357226,2,26,5,ublox.f9p,harsh,0.840791366505624
1621307779,23,0.84,1.71,2.69258240356725,4.8,0.0191666666666667,31.8846153846154,9.42476280052468,32,0.0384615384615385,28.6770893666958,9,1,9.48338680942059,-47.8425639466129,211.965920058896,-38.3970605021687,211.119108357226,2,26,5,ublox.f9p,harsh,0.8661929597137
1621307780,22,0.84,1.71,2.69258240356725,4.8,0.00861111111111111,32.2307692307692,9.03463421421229,31,0.0384615384615385,28.9526975539789,9,1,9.60150735180971,-47.962768518672,211.947464301167,-38.3970605021687,211.119108357226,2,26,5,ublox.f9p,harsh,0.869355217961146
1621307781,22,0.84,1.71,2.69258240356725,4.8,0.00444444444444444,32.1923076923077,8.90401810766007,34,0.0384615384615385,50.8144878348001,9,1,9.75520379049888,-48.1173172504313,211.947464301167,-38.3973467039584,211.119108357226,2,26,5,ublox.f9p,harsh,0.98339731480571
1621307782,23,0.81,1.53,2.69258240356725,4.8,0.0102777777777778,32.2142857142857,8.68953028120258,35,0.0357142857142857,27.59928358754,8,1,9.78637010316247,-48.1516614166856,211.910552784299,-38.3973467039584,211.119108357226,2,28,5,ublox.f9p,harsh,0.853200687411587
1621307783,23,0.76,1.42,2.69258240356725,4.7,0.00305555555555556,32.25,8.605015763861,34,0.0357142857142857,26.7352966498695,8,1,9.88760867702156,-48.2546939062729,211.892097026569,-38.3973467039584,211.119108357226,2,28,5,ublox.f9p,harsh,0.842045849944906
1621307784,22,0.76,1.42,2.69258240356725,4.7,0.00583333333333333,32.1111111111111,8.8766475538275,34,0.037037037037037,26.7165882357108,7,1,10.0046663566192,-48.3748984743996,211.855185510406,-38.3973467039584,211.119108357226,2,27,5,ublox.f9p,harsh,0.841796860103025
1621307785,24,0.79,1.45,2.69258240356725,4.7,0.0119444444444444,32.0689655172414,8.90798612194521,36,0.0344827586206897,28.023553405208,8,1,10.0375814162163,-48.4092426393431,211.836729751972,-38.3973467039584,211.119108357226,2,29,5,ublox.f9p,harsh,0.858435407357513
1621307786,25,0.79,1.45,2.69258240356725,4.7,0.0130555555555556,31.4666666666667,8.72860273738738,33,0.0333333333333333,64.2068045459358,10,1,10.0347244816618,-48.4092426393431,211.799818235808,-38.3976329044372,211.119108357226,2,30,5,ublox.f9p,harsh,0.995595351559957
1621307787,24,0.81,1.54,2.69258240356725,4.7,0.00611111111111111,31.4642857142857,9.07369883685868,36,0.0357142857142857,65.5601060096763,9,1,10.0836987639454,-48.4607588815151,211.762906719644,-38.3976329044372,211.119108357226,2,28,5,ublox.f9p,harsh,0.99615071289609
1621307788,23,0.9,1.61,2.69258240356725,4.6,0.0205555555555556,31,8.80235658681705,33,0.0357142857142857,30.0534977543834,7,1,10.0825563526013,-48.4607588815151,211.744450961211,-38.3976329044372,211.118800761146,2,28,5,ublox.f9p,harsh,0.881357626807122
1621307789,23,0.9,1.61,2.69258240356725,4.6,0.00444444444444444,31.4074074074074,9.09885563074686,37,0.037037037037037,29.6841049546137,8,1,10.0985689114926,-48.4779309639869,211.725995203481,-38.3976329044372,211.118800761146,2,27,5,ublox.f9p,harsh,0.877440282238072
1621307790,21,0.92,1.62,2.64196896272458,4.6,0.0205555555555556,33,10.0119928086271,38,0.0384615384615385,29.9724191397843,7,1,10.113561482407,-48.4951030451479,211.689083687317,-38.3976329044372,211.118800761146,2,26,5,ublox.f9p,harsh,0.880507192362908
1621307791,21,0.92,1.62,2.64196896272458,4.6,0.0152777777777778,30.0357142857143,9.53155439057707,33,0.0714285714285714,25.6895804842069,6,1,10.1647104268355,-48.5466192912523,211.689083687317,-38.3979191062268,211.118800761146,2,28,5,ublox.f9p,harsh,0.827635019095757
1621307792,23,0.92,1.62,2.64196896272458,4.6,0.00611111111111111,29.9642857142857,10.6056663501243,37,0.0714285714285714,31.3938030439961,8,1,10.1990006763372,-48.5809634535742,211.689083687317,-38.3979191062268,211.118800761146,2,28,5,ublox.f9p,harsh,0.894672228467088
1621307793,23,0.92,1.62,2.64196896272458,4.6,0.00694444444444444,30.6206896551724,11.0822051477114,38,0.137931034482759,35.7606246132149,8,1,10.2332853099869,-48.6153076158961,211.652172171154,-38.3959156963211,211.119108357226,2,29,2,ublox.f9p,harsh,0.929305020722386
1621307794,24,0.82,1.54,2.64196896272458,4.5,0.0119444444444444,30.6206896551724,10.001477723329,35,0.103448275862069,31.6313710794148,7,1,10.2742495151741,-48.6496517808396,211.61526065499,-38.3873296557406,211.120338741192,2,29,2,ublox.f9p,harsh,0.896890024407296
1621307795,24,0.82,1.54,2.64196896272458,4.5,0.0158333333333333,30.2068965517241,10.2691608724681,37,0.103448275862069,30.3357086185786,7,1,10.3139456501111,-48.6839959431615,211.596804896556,-38.3810332268555,211.120953932647,2,29,2,ublox.f9p,harsh,0.884276990207405
1621307796,24,0.78,1.53,2.64196896272458,4.5,0.00833333333333333,29.9333333333333,10.1944316556446,33,0.133333333333333,54.8936640043829,7,1,10.425662415351,-48.7870284327488,211.596804896556,-38.3721609831746,211.122491912692,2,30,2,ublox.f9p,harsh,0.988896907351755
1621307797,25,0.77,1.38,2.64196896272458,4.5,0.025,29.9666666666667,10.2603466142074,36,0.1,21.1384290290973,8,1,10.5242155021871,-48.872888842486,211.596804896556,-38.3589957205142,211.130797003671,2,30,2,ublox.f9p,harsh,0.752844852962245
1621307798,24,0.83,1.42,2.64196896272458,4.5,0.250555555555556,29.8064516129032,9.51636959783407,34,0.0645161290322581,20.1530988015329,7,1,10.590880665772,-48.924405084658,211.762906719644,-38.3423960429325,211.329503999922,2,31,2,ublox.f9p,harsh,0.7340580147351
1621307799,23,0.83,1.52,2.64196896272458,4.5,0.496388888888889,30.9642857142857,9.52377976185826,30,0.0357142857142857,34.4740745804992,7,1,10.6415703568726,-48.924405084658,212.168933398148,-38.2914522004073,211.740759810017,2,28,5,ublox.f9p,harsh,0.920371656406017
1621307800,24,0.81,1.4,2.72946881279124,4.5,0.0411111111111111,30.8620689655172,9.63151129637591,33,0.0344827586206897,22.1416411480105,8,1,10.6680431846221,-48.924405084658,212.298123705425,-38.2634044669705,211.910552784651,2,29,5,ublox.f9p,harsh,0.77103491175173
1621307801,22,0.82,1.49,2.72946881279124,4.5,0.0211111111111111,29.6896551724138,9.41542597578138,36,0.0344827586206897,21.1818103784613,6,1,10.7393608510765,-48.9759213281409,212.298123705425,-38.2436565749463,211.907784420991,2,29,5,ublox.f9p,harsh,0.753651161790875
1621307802,23,0.82,1.49,2.72946881279124,4.5,0.00861111111111111,30,10.0249688278817,36,0.0344827586206897,34.5803160897868,9,1,10.7599681454339,-48.9759213281409,212.279667947695,-38.2224776726631,211.90501605698,2,29,5,ublox.f9p,harsh,0.921146806495883
1621307803,24,0.82,1.41,2.72946881279124,4.5,0.26,29.8,9.84500573544955,33,0.0666666666666667,22.7739458306121,8,1,10.7756288877385,-48.9759213281409,212.445769770783,-38.207309000097,212.056968466043,2,30,5,ublox.f9p,harsh,0.7820059504582
1621307804,23,0.82,1.41,2.72946881279124,4.4,0.633611111111111,29.7,9.43270173751749,33,0.0666666666666667,22.5029072195868,8,1,10.8326059986073,-49.0102654943952,212.980986756212,-38.1852714963774,212.574960077356,2,30,5,ublox.f9p,harsh,0.777350182480308
1621307805,23,0.81,1.49,2.72946881279124,4.4,1.93222222222222,29.2258064516129,9.17500109870786,31,0.0645161290322581,34.8570593041543,9,1,10.8705754107899,-49.0617817365672,214.531270438251,-38.1981505572481,214.142776729943,2,31,5,ublox.f9p,harsh,0.923133657542754
1621307806,25,0.82,1.41,2.72946881279124,4.4,2.82666666666667,29.2333333333333,9.67286761080146,32,0.0666666666666667,23.0044230151697,9,1,10.9450034782126,-49.3021908780637,217.078165059876,-38.3609991304199,216.789332445068,2,30,5,ublox.f9p,harsh,0.785909412252638
1621307807,23,0.82,1.41,2.72946881279124,4.4,3.62722222222222,28.5333333333333,8.66914199840479,31,0.0666666666666667,21.625496140744,9,1,11.1026759088029,-49.920385812966,220.43711303886,-38.8194937079037,220.238098447234,2,30,6,ublox.f9p,harsh,0.761795684282999
1621307808,24,0.81,1.49,2.72946881279124,4.4,4.04972222222222,28.5161290322581,8.6134428569221,32,0.0645161290322581,33.2550687865775,7,1,11.1868622919514,-50.7618178082038,224.294366487109,-39.5753514965048,224.200242120927,2,31,6,ublox.f9p,harsh,0.910967591546422
1621307809,26,0.8,1.39,2.72946881279124,4.5,3.93277777777778,29.1333333333333,7.99453836554437,27,0.0333333333333333,66.3136015459875,10,1,11.0517891803006,-51.3971848255777,228.170075694143,-40.3455193536138,228.117784379285,2,30,5,ublox.f9p,harsh,0.996429099399948
1621307810,25,0.8,1.39,2.72946881279124,4.5,4.12166666666667,29.2666666666667,7.90867412634897,26,0.0333333333333333,64.2197882276172,8,1,10.8254352732335,-51.9982076780082,232.19343096548,-41.1734998844017,232.067931810102,2,30,5,ublox.f9p,harsh,0.995601041563617
1621307811,25,0.81,1.49,2.77848879788996,4.5,4.36888888888889,28.0689655172414,8.45547597073196,27,0.0344827586206897,35.3681235955015,7,1,10.6130609610158,-52.7709513472914,236.40134381834,-42.158318759955,236.305989067839,2,29,5,ublox.f9p,harsh,0.926682546243396
1621307812,26,0.8,1.39,2.77848879788996,4.5,4.51027777777778,28.9333333333333,6.76162260333162,23,0.0333333333333333,21.6488176200878,7,1,10.550670560123,-53.7497599944384,240.756902736205,-43.1992331023818,240.701843057335,2,30,5,ublox.f9p,harsh,0.762218624473291
1621307813,26,0.75,1.25,2.77848879788996,4.5,4.39972222222222,28.9666666666667,7.54061798132155,26,0.0333333333333333,63.8695827448403,8,1,9.98410573063719,-54.1962341164203,245.149373170234,-44.2135307163876,244.98204096318,2,30,5,ublox.f9p,harsh,0.995444972485336
1621307814,26,0.76,1.38,2.77848879788996,4.5,4.4875,30.4333333333333,9.17524154838794,28,0.0333333333333333,63.6690466396349,9,1,9.39452704597378,-54.5740199085152,249.634122395024,-45.1880463445551,249.233324847408,2,30,5,ublox.f9p,harsh,0.995353134439893
1621307815,27,0.8,1.31,2.77848879788996,4.5,4.26222222222222,28.3636363636364,9.55189176884016,36,0.121212121212121,63.2894573895737,9,1,8.90629701430248,-54.8487732123336,253.842035247531,-45.9550659859108,253.368645051554,2,33,5,ublox.f9p,harsh,0.995174221447498
1621307816,26,0.76,1.38,2.77848879788996,4.5,4.22638888888889,27.8,8.89745502277774,30,0.142857142857143,62.9061139053007,10,1,8.7578532416033,-55.1578706797848,258.049948100038,-46.4167087778372,257.509501983019,2,35,5,ublox.f9p,harsh,0.994986582283825
1621307817,25,0.8,1.39,2.77848879788996,4.5,4.11583333333333,27.0571428571429,9.02917772669074,32,0.142857142857143,63.3504853967197,9,1,8.66968173081993,-55.5356564718797,262.184037920922,-46.8826445900538,261.646667762937,2,35,5,ublox.f9p,harsh,0.995203441696617
1621307818,26,0.86,1.59,2.77848879788996,4.5,4.15277777777778,27,10.4185149875332,37,0.117647058823529,63.5874352610398,13,1,8.55012367039981,-55.9821305938616,266.281216224234,-47.4536163004526,265.673714186172,2,34,4,ublox.f9p,harsh,0.995315233947944
1621307819,27,0.82,1.53,2.69258240356725,4.6,4.31305555555556,26.0285714285714,10.4275813965422,35,0.142857142857143,65.4180800696566,14,1,8.30671875389349,-56.4457767956937,270.526040593609,-48.1625370676506,269.901928372886,2,35,5,ublox.f9p,harsh,0.996095867923994
1621307820,25,0.91,1.61,2.69258240356725,4.6,4.21722222222222,25.4,10.392870859675,35,0.142857142857143,66.0521490944844,15,1,8.12458850198233,-57.0983158929178,274.75240920455,-48.9962416250552,274.147983125875,2,35,5,ublox.f9p,harsh,0.996334852832931
1621307821,26,0.87,1.56,2.69258240356725,4.6,4.03194444444444,26.8823529411765,11.1130954853091,38,0.147058823529412,66.7392598100998,14,1,7.98555195069561,-57.7851991550854,278.775764475887,-49.820501539132,278.199022034511,2,34,5,ublox.f9p,harsh,0.996577398869916
1621307822,25,0.83,1.51,2.69258240356725,4.6,4.30722222222222,26.4848484848485,10.6275620796858,35,0.121212121212121,67.0957345887203,14,1,7.79834720077948,-58.4549103334705,282.965221570312,-50.6716643794872,282.480142727538,2,33,5,ublox.f9p,harsh,0.996696861048641
1621307823,25,0.91,1.58,2.7459060435492,4.6,4.53027777777778,26.3823529411765,10.6373119920924,36,0.147058823529412,67.7396368457936,14,1,8.20778900829694,-59.8286768551842,287.191590181253,-51.6212804886605,287.111307633368,2,34,4,ublox.f9p,harsh,0.9969022098694
1621307824,24,0.85,1.52,2.7459060435492,4.7,4.77166666666667,25.9411764705882,11.2004901853516,37,0.147058823529412,66.9760591554923,12,1,8.43593539540701,-61.0307225639775,291.768618196452,-52.5963685177857,291.931951655881,2,34,4,ublox.f9p,harsh,0.996657226037722
1621307825,25,0.79,1.26,2.83019433961698,4.7,4.78027777777778,25.4545454545455,9.94387659910268,33,0.151515151515152,30.0888985870506,12,1,8.42779901761388,-61.975187046181,296.511748035092,-53.5485604391333,296.652319393086,2,33,5,ublox.f9p,harsh,0.881727300969961
1621307826,23,0.85,1.52,2.91547594742265,4.7,4.67777777777778,25.5806451612903,10.7572431212599,34,0.129032258064516,29.3341765359704,12,1,8.26961760417265,-62.747930716775,301.199510599134,-54.4787148554503,301.281023530984,2,31,4,ublox.f9p,harsh,0.873627220120081
1621307827,24,0.85,1.52,2.96816441593117,4.8,4.47888888888889,27.7586206896552,10.7592324886045,31,0.0689655172413793,28.6247191331993,9,1,8.2332400111651,-63.5721906282302,305.684259823924,-55.3390361399652,305.721786531894,2,29,5,ublox.f9p,harsh,0.865584809585681
1621307828,24,0.88,1.53,2.96816441593117,4.8,3.85916666666667,26.9285714285714,10.7597623938676,35,0.0714285714285714,28.4026826365465,9,1,8.16762771616356,-64.2419018092369,309.65224782172,-56.0748598334415,309.750063339095,2,28,2,ublox.f9p,harsh,0.862980431404674
1621307829,24,0.84,1.53,2.96816441593117,4.8,3.24861111111111,26.4827586206897,10.322031533345,31,0.0689655172413793,64.3350701406317,10,1,8.19153015705412,-64.8772688253001,313.011195800352,-56.6858997340898,313.062564326619,2,29,2,ublox.f9p,harsh,0.99565124314102
1621307830,25,0.88,1.53,2.96816441593117,4.9,3.50694444444444,25.7586206896552,9.14820502461624,29,0.0689655172413793,66.1613967254824,11,1,8.21219017025384,-65.4954637602023,316.407055295147,-57.2834881715988,316.347689272924,2,29,2,ublox.f9p,harsh,0.99637453139647
1621307831,25,0.9,1.51,2.96816441593117,4.9,4.06055555555556,26.2758620689655,9.76106168012234,33,0.0689655172413793,69.079654286654,12,1,8.16425264948841,-66.2166911860026,320.319676018346,-58.0525112228602,320.28522526941,2,29,2,ublox.f9p,harsh,0.997289655290249
1621307832,25,0.83,1.5,3.10644491340181,5,4.71777777777778,25.8275862068966,9.82005588257754,30,0.0689655172413793,67.5227399967349,11,1,8.09392219238217,-66.989434853975,324.896704033193,-58.8956604262141,324.847796274505,2,29,2,ublox.f9p,harsh,0.996834500828272
1621307833,24,1.1,1.65,3.30151480384384,5.1,5.11222222222222,26.2857142857143,10.2301556516059,32,0.0714285714285714,28.6192719556722,16,1,7.88470322946234,-67.7450064407865,330.138139341097,-59.8618762129692,329.980650205066,2,28,2,ublox.f9p,harsh,0.865521420280589
1621307834,23,1.18,1.67,3.38378486313773,5.2,5.28722222222222,24.4642857142857,9.17113888019304,31,0.0714285714285714,29.3440709513864,15,1,7.58228095313406,-68.4834059464369,335.434941923598,-60.9036491594541,335.239310887086,2,28,2,ublox.f9p,harsh,0.873736416761174
1621307835,23,1.01,1.42,3.46698716467194,5.2,5.26194444444444,24.5925925925926,9.14523524220824,30,0.0740740740740741,28.0899205474782,15,1,7.57789812875769,-69.445042512423,340.694832989232,-61.8715821543253,340.435529587496,2,27,2,ublox.f9p,harsh,0.859240010836264
1621307836,22,1.01,1.42,3.46698716467194,5.2,5.04111111111111,24.5,8.34386001800126,34,0.0769230769230769,24.1198791752482,12,1,7.62044690952114,-70.4581953232027,345.714799199802,-62.8432357672183,345.425658988915,2,26,2,ublox.f9p,harsh,0.804079301085938
1621307837,21,1.1,1.42,3.55105618091294,5.3,4.85416666666667,26.037037037037,8.29495435829925,30,0.0740740740740741,25.305075421845,11,1,7.69922268992196,-71.4713481326716,350.587119345367,-63.7825486276951,350.18662939383,2,27,4,ublox.f9p,harsh,0.822080561556185
1621307838,21,0.94,1.45,3.63593179253957,5.3,4.53111111111111,27.3793103448276,9.58948007343556,31,0.103448275862069,23.545562214566,12,1,7.54891920679176,-72.1754034760002,355.182603118295,-64.6465905302317,354.632006334524,2,29,2,ublox.f9p,harsh,0.794873516461123
1621307839,21,0.92,1.44,3.63593179253957,5.3,4.02305555555556,28.9285714285714,9.54493688328111,32,0.107142857142857,27.5686934246594,15,1,7.67018956846901,-73.1026958770427,359.150591115035,-65.4456647235248,358.701501001242,2,28,2,ublox.f9p,harsh,0.852817133730896
1621307840,22,0.89,1.41,3.63593179253957,5.4,3.49833333333333,28.4642857142857,10.1159285575774,37,0.107142857142857,27.7180274842754,13,1,7.70974921696187,-73.841095384004,362.546450611239,-66.1379858105195,362.226550802962,2,28,2,ublox.f9p,harsh,0.854681717198075
1621307841,22,0.95,1.44,3.63593179253957,5.4,3.15472222222222,28.2068965517241,9.28277710272719,32,0.103448275862069,29.5451309339587,13,1,7.64869755781073,-74.4249461552735,365.683929492185,-66.7830836730108,365.360646128794,2,29,2,ublox.f9p,harsh,0.875937915439739
1621307842,23,1.13,1.46,3.63593179253957,5.4,3.04444444444444,27.9,9.95974656927263,36,0.1,214.984189693526,15,1,7.75119071909646,-75.1633456622348,368.563027759986,-67.4167334822687,368.296649650886,2,30,2,ublox.f9p,harsh,0.999999998747869
1621307843,22,1.23,1.7,3.63593179253957,5.5,3.55277777777778,28.3103448275862,9.23155863745919,34,0.103448275862069,29.0667212756149,11,1,7.33639585580195,-75.4209268848923,372.143444837009,-68.0904514804652,371.84876789845,2,29,2,ublox.f9p,harsh,0.870644816874467
1621307844,23,1.2,1.71,3.77359245282264,5.5,3.87194444444444,28.2666666666667,9.38426170863174,36,0.1,28.1566705282797,12,1,7.38747708071469,-76.1593263905427,375.926875251874,-68.7756175332059,375.690949144436,2,30,2,ublox.f9p,harsh,0.860045395014285
1621307845,25,0.93,1.59,3.77359245282264,5.6,4.465,28.5161290322581,9.65011560463375,36,0.129032258064516,26.1824285584319,15,1,7.30551301792776,-76.8462096527104,380.227066895846,-69.5452129867357,379.970224262042,2,31,2,ublox.f9p,harsh,0.834552655574848
1621307846,23,1.09,1.7,3.72155881318568,5.5,5.33111111111111,28.5,9.25780192873687,31,0.1,23.1206852613957,11,1,7.25744754932563,-77.7048137304199,385.46850220375,-70.4604849335872,385.032331119664,2,30,2,ublox.f9p,harsh,0.787859089290837
1621307847,24,0.91,1.55,3.72155881318568,5.5,6.11472222222222,26.9666666666667,8.21891566525924,31,0.1,22.0252621758072,14,1,7.66224598283909,-79.0785802521336,391.263610254812,-71.4235525072105,390.931099012908,2,30,2,ublox.f9p,harsh,0.76897387867903
1621307848,25,0.98,1.65,3.72155881318568,5.5,6.73277777777778,27.3103448275862,8.48571677364744,29,0.0689655172413793,30.1705154082591,16,1,8.23057872913186,-80.6927559153438,397.557023775843,-72.462177237942,397.557946564081,2,29,2,ublox.f9p,harsh,0.882575787811015
1621307849,24,1.07,1.8,3.80788655293195,5.6,6.90444444444444,26.2857142857143,7.87803859240941,30,0.0714285714285714,28.6901361628605,14,1,8.44740156708356,-82.1867270078057,404.274919734515,-73.7429283182862,404.521611701216,2,28,2,ublox.f9p,harsh,0.866344103392572
1621307850,21,1.03,1.79,3.89486841883009,5.6,6.95722222222222,25.8571428571429,8.36090676330994,33,0.0714285714285714,15.7314819330387,9,1,8.30698336683184,-83.6291818567847,411.048182966729,-75.3287700475808,411.37854103678,2,28,2,ublox.f9p,harsh,0.639489286520128
1621307851,22,1.01,1.84,3.9446165846632,5.7,7.18944444444444,27.1724137931034,8.89248866627352,34,0.0689655172413793,23.4473269874658,12,1,7.39304596204228,-84.5049580156552,418.227472877798,-77.1206767547392,418.587360160921,2,29,2,ublox.f9p,harsh,0.793267154696624
1621307852,20,1.13,2.06,3.85875627631495,5.7,7.44638888888889,27.0689655172414,9.36151328763052,35,0.0689655172413793,30.8817988465698,10,1,7.34332317036357,-86.342370739201,425.443674305031,-79.0350776443412,426.170215983266,2,29,2,ublox.f9p,harsh,0.889749006744976
1621307853,19,0.9,1.64,3.91152144312159,5.8,7.68666666666667,28.5172413793103,9.7527310814355,33,0.0689655172413793,28.4523331759962,6,1,6.98262383017703,-87.9737184835721,432.973623620711,-81.0648176808219,433.985614357583,2,29,3,ublox.f9p,harsh,0.86356646786425
1621307854,20,0.9,1.64,3.82753184180093,5.8,7.96722222222222,28.8965517241379,9.34017752808573,32,0.0344827586206897,30.9318605971254,11,1,6.63865908894182,-89.6565824727369,440.798865065699,-83.106864375905,441.881910471591,2,29,3,ublox.f9p,harsh,0.890239133714434
1621307855,22,0.96,1.78,3.82753184180093,5.9,7.96472222222222,28.7777777777778,8.9112432583931,35,0.037037037037037,24.8988353141266,8,1,6.43275818273259,-91.5283393586045,448.531827720631,-85.1906964706644,449.633944076763,2,27,3,ublox.f9p,harsh,0.816060790639586
1621307856,22,0.83,1.46,3.82753184180093,5.9,7.61333333333333,27.3214285714286,7.95847357143954,33,0.0357142857142857,20.3396835588149,12,1,6.0200057653701,-93.1253429419645,455.951042487115,-87.2419016085964,457.226027777973,2,28,3,ublox.f9p,harsh,0.737684520750063
1621307857,21,0.99,1.83,3.88329756778952,6,7.37472222222222,27.8076923076923,9.39795395080964,35,0.0384615384615385,20.9229864894179,14,1,5.71766021128079,-94.8082069324401,463.185699672782,-89.2470283278726,464.51420666176,2,26,3,ublox.f9p,harsh,0.74881432500875
1621307858,22,0.92,2.27,3.88329756778952,6.1,6.59888888888889,27.5769230769231,9.00743282816176,35,0.0384615384615385,19.7014881763697,11,1,5.13567827318895,-96.0102526399226,469.79286108226,-91.0824376428234,471.239177327093,2,26,3,ublox.f9p,harsh,0.725149159307782
1621307859,21,1.03,2.07,3.88329756778952,6.2,6.30861111111111,27.2413793103448,8.10932079423686,30,0.0344827586206897,62.3648137975253,13,1,4.8633648573314,-97.3153308343709,476.049363086775,-92.6699965802341,477.489219816755,2,29,3,ublox.f9p,harsh,0.994709202156629
1621307860,20,1.14,2.21,3.88329756778952,6.2,6.06166666666667,27.6551724137931,7.96095768677616,31,0.0344827586206897,65.724497451235,13,1,4.71585479389153,-98.5345486243252,482.047484478145,-94.0483423240276,483.50118302607,2,29,3,ublox.f9p,harsh,0.996213236930294
1621307861,19,1.12,2.21,3.96610640301039,6.3,5.83138888888889,26.5357142857143,7.67140985090284,28,0.0357142857142857,26.4662408505988,14,1,4.95992366756094,-99.9083151460389,487.713402222634,-95.2051682169125,489.288601178665,2,28,3,ublox.f9p,harsh,0.838434263716901
1621307862,23,1.02,2.17,4.02243707222375,6.4,5.44277777777778,26.5185185185185,7.14342285102107,32,0,32.7428717765243,14,1,4.6372487951319,-100.543682163413,493.120939353627,-96.2042971609738,494.756119523687,2,27,3,ublox.f9p,harsh,0.906725007609365
1621307863,21,1.01,2.17,4.10487515035476,6.5,4.2725,25.3333333333333,6.54569735369379,30,0,29.6181301969526,12,1,5.05646217430037,-101.436630404755,497.218117657643,-97.0548875990605,499.741634985674,2,27,3,ublox.f9p,harsh,0.876729028841181
1621307864,22,1.12,2.21,4.16173040933696,6.5,4.17027777777778,27.6666666666667,8.20881327504868,34,0,30.6721655435418,14,1,4.94758819160663,-101.865932441644,501.389118994691,-97.7603739487155,504.150100409853,2,27,4,ublox.f9p,harsh,0.88767573028995
1621307865,23,1.08,1.95,4.16173040933696,6.6,3.71944444444444,26.75,8.06742420685397,34,0,27.5301257913391,12,1,4.9033075955543,-102.346750724637,505.117182135662,-98.3562451781085,507.966443594313,2,28,4,ublox.f9p,harsh,0.85233237349896
1621307866,24,0.99,1.87,4.16173040933696,6.7,2.90666666666667,29.0357142857143,9.50431536629602,36,0,25.1378547042192,12,1,5.02846224834181,-102.913429416056,508.070103435791,-98.8264740093046,510.999647442326,2,28,4,ublox.f9p,harsh,0.819621535928284
1621307867,22,1.04,2.12,4.10487515035476,6.8,2.11472222222222,29.3448275862069,10.3035218045266,38,0.0689655172413793,24.3765011747751,9,1,4.97250591936788,-103.222526882196,510.358617443567,-99.1696294385988,513.239561287141,2,29,4,ublox.f9p,harsh,0.80809049488496
1621307868,23,1.09,2.19,4.10487515035476,6.8,1.71361111111111,28.4193548387097,9.71175985956678,37,0.0645161290322581,63.0993132556396,11,1,4.92922094973981,-103.480108104854,512.167281739807,-99.4280692666251,514.974094954975,2,31,4,ublox.f9p,harsh,0.995082039754902
1621307869,24,0.98,2.02,4.10487515035476,6.9,1.34027777777778,28.4193548387097,8.84976155440882,35,0.0645161290322581,64.18762578837,11,1,4.89258599000353,-103.669001004178,513.625286631437,-99.6421478828009,516.404108613579,2,31,3,ublox.f9p,harsh,0.995586933201079
1621307870,25,0.91,2.01,4.10487515035476,6.9,1.0425,28.9354838709677,9.37704816336487,36,0.0645161290322581,61.3110071683707,13,1,4.65408934850974,-103.600312675602,514.806455152193,-99.8001310334141,517.493305938949,2,31,3,ublox.f9p,harsh,0.994124671893448
1621307871,24,0.89,1.81,4.10487515035476,7,0.854166666666667,28.4516129032258,9.55628487672701,38,0.0645161290322581,61.1556146236795,13,1,4.32315490856189,-103.359903534106,515.803066090722,-99.9317836573958,518.437010371517,2,31,2,ublox.f9p,harsh,0.994033209645094
1621307872,25,0.86,1.87,4.10487515035476,7,0.78,29.5806451612903,8.78170140518866,38,0.0645161290322581,62.3199005133994,11,1,4.10833952882605,-103.239698963357,516.688942480761,-100.04483319389,519.271825830663,2,31,2,ublox.f9p,harsh,0.994685512573551
1621307873,26,0.86,1.93,4.10487515035476,7,0.7525,29.625,8.69834986204743,37,0.0625,62.3376491375798,11,1,3.84625222941508,-103.119494392609,517.611730386963,-100.13784863657,520.041430944187,2,32,3,ublox.f9p,harsh,0.994694886695809
1621307874,24,0.89,1.81,3.96610640301039,7,0.906388888888889,28.8125,9.09249069819564,35,0.0625,60.6612231990091,10,1,3.70470659768742,-103.085150230287,518.589885568115,-100.268070255536,520.995901235314,2,32,3,ublox.f9p,harsh,0.993732698148907
1621307875,25,0.86,1.93,3.96610640301039,7,1.03944444444444,28.78125,8.98290266687671,36,0.0625,62.1410592925483,10,1,3.71856766730533,-103.291215209462,519.697231055487,-100.414891552084,522.054031368271,2,32,3,ublox.f9p,harsh,0.994590131450641
1621307876,24,0.87,1.95,3.96610640301039,7,0.751666666666667,29.28125,9.3402851894016,35,0.0625,62.3135585834522,10,1,3.69607106937571,-103.428591861371,520.638474719419,-100.54482696795,522.950366020788,2,32,3,ublox.f9p,harsh,0.994682159022875
1621307877,25,0.85,1.47,3.88329756778952,7,0.545555555555556,28.6060606060606,9.02059932162005,35,0.0606060606060606,60.0932992552798,10,1,3.5239213837895,-103.41141978021,521.358249287073,-100.630401175897,523.522494523084,2,33,2,ublox.f9p,harsh,0.993368890336169
1621307878,25,0.88,1.94,3.88329756778952,7,0.616111111111111,28.625,8.18633795003957,27,0.03125,60.1779316821247,12,1,3.26335541430236,-103.239698963357,522.078023854024,-100.715975381223,524.146914339534,2,32,2,ublox.f9p,harsh,0.993424406743903
1621307879,27,0.88,1.94,3.88329756778952,7.1,0.813333333333333,28.3125,8.37984332750609,33,0.03125,61.4558312937023,11,1,3.0202863188337,-103.119494392609,522.945444485628,-100.824445695638,524.908829553887,2,32,2,ublox.f9p,harsh,0.994208658408204
1621307880,24,0.88,1.94,3.88329756778952,7.1,0.856388888888889,28.7741935483871,8.23694796802535,34,0.032258064516129,61.0081174926747,10,0,2.83892659274379,-103.016461903022,523.923599666428,-100.961536147068,525.882370795607,2,31,2,ublox.f9p,harsh,0.993945085779588
1621307881,24,1.07,1.97,3.88329756778952,7.1,0.895,29.25,7.82056841428938,26,0.0625,62.8190003104156,11,1,3.04524110081379,-103.222526882196,524.827931814196,-101.132398358552,527.042622789644,2,32,2,ublox.f9p,harsh,0.994942939642918
1621307882,26,0.88,1.94,3.80131556174964,7.1,1.22638888888889,28.4375,8.05199834943816,29,0.09375,21.6453420701391,9,0,2.8990495269146,-103.171010638714,526.10137912536,-101.322722262892,528.334833454266,2,32,2,ublox.f9p,harsh,0.762155627381252
1621307883,25,0.88,1.94,3.80131556174964,7.1,1.29166666666667,28.2727272727273,7.90281882966739,30,0.0909090909090909,64.4876941152937,13,0,2.86864795838759,-103.325559371784,527.430193710418,-101.532221656988,529.669184766643,2,33,2,ublox.f9p,harsh,0.995716829536188
1621307884,25,0.88,1.94,3.80131556174964,7.1,1.21027777777778,28.3939393939394,8.32143089385546,31,0.0909090909090909,63.4079557007939,12,0,2.95913695317939,-103.497280186015,528.611362230117,-101.747445079011,530.997691755973,2,33,2,ublox.f9p,harsh,0.995230797512715
1621307885,27,0.89,1.94,3.72021504754765,7.2,1.10583333333333,28.6666666666667,7.70416553993141,31,0.0606060606060606,63.9820568597166,12,0,2.97459688881758,-103.617484756763,529.792530750521,-101.954941064513,532.259142824261,2,33,2,ublox.f9p,harsh,0.995495688242878
1621307886,24,0.96,1.95,3.72021504754765,7.2,1.29194444444444,29.25,7.61153623593606,28,0.0625,63.7718150909945,12,0,2.94864380957655,-103.703345165189,531.084433819415,-102.158430230202,533.595954904218,2,32,4,ublox.f9p,harsh,0.995400426481729
1621307887,25,0.89,1.94,3.72021504754765,7.2,1.32833333333333,29.2258064516129,7.53086837586634,28,0.032258064516129,60.0728550733746,13,0,2.99424764385766,-103.892238060581,532.413248404473,-102.367643422509,534.990287430624,2,31,2,ublox.f9p,harsh,0.99335540987892
1621307888,24,0.85,1.8,3.72021504754765,7.3,1.43305555555556,30.1071428571429,7.04661350612916,26,0.0357142857142857,22.1990896960514,9,1,3.03373649714903,-104.081130959906,533.81588602221,-102.600325128794,536.46367212095,2,28,2,ublox.f9p,harsh,0.772047529371428
1621307889,23,0.84,1.8,3.72021504754765,7.3,1.48194444444444,30.6666666666667,7.40611738447641,25,0.0333333333333333,21.6484795463022,8,1,3.07269337851678,-104.252851772826,535.29234667157,-102.831862026609,538.016724167353,2,30,2,ublox.f9p,harsh,0.76221249712259
1621307890,24,0.84,1.8,3.64005494464026,7.3,1.62083333333333,30.2666666666667,7.75456854591752,26,0.0333333333333333,72.9512165765589,8,1,3.06270961472726,-104.44174467084,536.897997629263,-103.094594874926,539.648520781595,2,30,2,ublox.f9p,harsh,0.998158114017831
1621307891,24,0.79,1.75,3.64005494464026,7.3,1.67944444444444,30.3333333333333,7.75190002663789,25,0.0333333333333333,67.8313201994477,7,0,2.87009131853927,-104.510432995484,538.688206167774,-103.372496393187,541.323073235751,2,30,2,ublox.f9p,harsh,0.996930394864401
1621307892,24,0.75,1.6,3.64005494464026,7.3,1.93444444444444,30.2333333333333,8.08866100053706,27,0.0333333333333333,66.3958191454854,7,0,2.79536227860455,-104.853874626568,540.607605012153,-103.669001001557,543.139427431163,2,30,2,ublox.f9p,harsh,0.99645823456918
1621307893,23,0.75,1.6,3.56089876295297,7.4,1.98388888888889,30.3333333333333,9.38940464248026,30,0.0333333333333333,65.3078218898778,7,0,2.76074709742524,-105.145800014168,542.61928264835,-103.99011892582,545.126497389448,2,30,2,ublox.f9p,harsh,0.996052754344013
1621307894,23,0.76,1.46,3.56089876295297,7.4,2.00055555555556,30.1333333333333,8.87745433118632,28,0.0333333333333333,209.994567548782,8,0,2.72490221855148,-105.506413726413,544.66787180071,-104.314957468106,547.118488883244,2,30,3,ublox.f9p,harsh,0.999999997937726
1621307895,23,0.76,1.46,3.56089876295297,7.4,1.60527777777778,31.6206896551724,8.65371015850364,30,0.0344827586206897,68.9543894620709,7,0,2.65828681348319,-105.798339112703,546.458080338165,-104.579979926807,548.820724974347,2,29,2,ublox.f9p,harsh,0.997255584432182
1621307896,22,0.74,1.4,3.5,7.4,1.07694444444444,28.0625,8.72866061483847,34,0.09375,21.3706421949853,9,0,2.53920691519336,-105.918543682141,547.768439165493,-104.772879642011,550.034498667209,2,32,2,ublox.f9p,harsh,0.757140218490746
1621307897,22,0.78,1.44,3.5,7.4,0.545833333333333,28.53125,9.42195231806397,36,0.09375,19.7864028850732,9,0,2.47449103294321,-106.05592033405,548.525125248607,-104.875339729329,550.699828747449,2,32,2,ublox.f9p,harsh,0.726838336562572
1621307898,24,0.81,1.53,3.5,7.4,0.0911111111111111,28.3333333333333,9.87315383586555,37,0.0909090909090909,61.5131252931709,9,0,2.39721481798932,-106.141780743787,548.820417378972,-104.908539087115,550.87608123764,2,33,2,ublox.f9p,harsh,0.994241553924149
1621307899,24,0.84,1.75,3.5,7.4,0.02,29.8,9.19295082264592,30,0.0333333333333333,71.3884276336158,10,0,2.32436601015523,-106.193296985959,548.949607685192,-104.913976913252,550.890230652369,2,30,2,ublox.f9p,harsh,0.997847225617613
1621307900,25,0.79,1.65,3.5,7.3,0.0155555555555556,28.6129032258065,10.0288830197413,31,0.0645161290322581,84.5684054478976,10,0,2.26489556001495,-106.176124904798,549.023430718224,-104.919987140348,550.908071218292,2,31,2,ublox.f9p,harsh,0.999422855480601
1621307901,24,0.75,1.48,3.5,7.3,0.0972222222222222,29.5333333333333,9.71572963286086,31,0.0666666666666667,75.1275768276869,11,0,2.10773737087581,-106.05592033405,549.189532541312,-104.932580002051,550.972973968186,2,30,2,ublox.f9p,harsh,0.998517819497235
1621307902,23,0.78,1.65,3.5,7.3,0.48,28.6451612903226,9.42885071503689,31,0.0645161290322581,77.3691852957838,9,0,2.05296994397664,-106.038748252889,549.650926494765,-105.002699333021,551.423294466297,2,31,2,ublox.f9p,harsh,0.998815108563729
1621307903,24,0.79,1.65,3.42052627529741,7.3,1.08944444444444,29.1666666666667,9.77711378797386,34,0.0666666666666667,65.0589331499426,7,0,1.95918308644418,-106.176124904798,550.684448949458,-105.135210562371,552.344236796726,2,30,2,ublox.f9p,harsh,0.995953681574069
1621307904,24,0.79,1.65,3.42052627529741,7.3,1.42444444444444,29.0645161290323,9.77730529976083,37,0.0645161290322581,64.523349329492,7,0,2.00355377207828,-106.416534047606,552.105542324573,-105.336410117677,553.793013809844,2,31,2,ublox.f9p,harsh,0.995732009015129
1621307905,23,0.79,1.65,3.42052627529741,7.3,0.711666666666667,29.09375,9.76946980764978,38,0.09375,65.7771038531216,8,0,1.93364569157084,-106.502394456032,553.083697505724,-105.457759494273,554.710880180534,2,32,2,ublox.f9p,harsh,0.99623303057797
1621307906,22,0.76,1.46,3.42052627529741,7.2,0.248333333333333,28.96875,9.99188178537473,35,0.09375,70.0304041113572,7,0,1.87527655657773,-106.605426941687,553.545091458825,-105.500117296217,555.060001605099,2,32,2,ublox.f9p,harsh,0.997534864713104
1621307907,23,0.81,1.49,3.42052627529741,7.2,0.0125,30.1333333333333,9.8776422334459,34,0.1,45.4595759271714,9,0,1.74980981681784,-106.536738618354,553.69273752348,-105.508130933219,555.10829417198,2,30,2,ublox.f9p,harsh,0.971967493907168
1621307908,23,0.81,1.49,3.36005952328229,7.1,0.111666666666667,29.6,10.1492313281216,36,0.1,46.8649261639003,9,0,1.63283380638765,-106.416534047606,553.821927830757,-105.521582397668,555.187653931978,2,30,2,ublox.f9p,harsh,0.975552895914012
1621307909,23,0.81,1.52,3.36005952328229,7,0.488055555555556,30.1,10.7906409000802,37,0.1,46.0852989857796,9,0,1.61979343951345,-106.433706128767,554.246410268046,-105.579395071347,555.622594632098,2,30,2,ublox.f9p,harsh,0.973622952536485
1621307910,24,0.81,1.52,3.36005952328229,7,0.865277777777778,29.1290322580645,10.1381850298229,36,0.0967741935483871,46.731685554692,9,0,1.64555325584888,-106.536738618354,555.058463625053,-105.669262298274,556.456794899085,2,31,2,ublox.f9p,harsh,0.975233102908056
1621307911,24,0.76,1.46,3.28024389337134,7,1.04361111111111,31.0666666666667,8.79628970894423,26,0.0666666666666667,76.182308751223,8,0,1.67516263545257,-106.553910699515,556.073530322016,-105.758557121622,557.54783780058,2,30,2,ublox.f9p,harsh,0.998665989920653
1621307912,24,0.76,1.46,3.28024389337134,6.9,0.905,31.1,8.40504774443351,27,0.0666666666666667,75.7314526248286,8,0,1.61677353333995,-106.605426941687,557.08859701898,-105.821521422271,558.502615687434,2,30,2,ublox.f9p,harsh,0.998604554670941
1621307913,24,0.76,1.46,3.28024389337134,6.9,1.17416666666667,30.8620689655172,8.39525434793386,30,0.0689655172413793,48.1852764811536,7,0,1.55556138646822,-106.674115268952,558.269765539031,-105.90566462127,559.622265013762,2,29,2,ublox.f9p,harsh,0.978511773702943
1621307914,23,0.76,1.46,3.28024389337134,6.9,1.18,30.9666666666667,8.40149138375231,25,0.1,47.8081946768634,7,0,1.6146657135074,-106.863008168277,559.50630133368,-106.02501058796,560.886484445357,2,30,2,ublox.f9p,harsh,0.977704431442314
1621307915,23,0.76,1.46,3.28024389337134,6.9,0.814166666666667,30.4333333333333,9.37966742051872,38,0.0666666666666667,48.8155757395384,7,0,1.58341201140952,-107.051901063669,560.466000756045,-106.130332687932,561.753597481235,2,30,2,ublox.f9p,harsh,0.979797856600593
1621307916,23,0.74,1.39,3.28024389337134,6.8,0.726388888888889,29.8387096774194,9.15458637038852,36,0.0967741935483871,49.4246769908734,7,0,1.58286363813288,-107.240793961682,561.259598355675,-106.223348129302,562.472141664219,2,31,2,ublox.f9p,harsh,0.980968926612052
1621307917,24,0.74,1.39,3.20156211871642,6.8,0.293611111111111,30.0625,9.16141100556586,37,0.09375,77.2845985088017,9,0,1.64206763982879,-107.326654367487,561.739448066858,-106.296043273757,563.017816913182,2,32,2,ublox.f9p,harsh,0.998805055466228
1621307918,24,0.74,1.39,3.20156211871642,6.7,0.0352777777777778,30.25,9.04825771858514,36,0.09375,78.559489136153,7,0,1.48936859755062,-107.292310205165,561.92400564838,-106.303198308011,563.037503054878,2,32,2,ublox.f9p,harsh,0.998947936211671
1621307919,24,0.74,1.39,3.20156211871642,6.7,0.0191666666666667,30.1212121212121,8.95739071855462,35,0.0909090909090909,78.6151278910957,8,0,1.36419651182962,-107.257966042843,562.071651713034,-106.311498148113,563.054113237539,2,33,2,ublox.f9p,harsh,0.998953767402372
1621307920,24,0.73,1.38,3.20156211871642,6.7,0.0363888888888889,29.8484848484848,9.5692254523329,36,0.0909090909090909,78.9645753909097,7,0,1.23802589463723,-107.189277715578,562.200842019959,-106.320370390483,563.082719662372,2,33,2,ublox.f9p,harsh,0.998989660018889
1621307921,24,0.74,1.39,3.20156211871642,6.6,0.408055555555556,29.4242424242424,10.0375242933402,35,0.0909090909090909,81.0791910257577,8,0,1.28376902890458,-107.343826447337,562.569957182299,-106.363586795175,563.398928318047,2,33,2,ublox.f9p,harsh,0.99918207291571
1621307922,23,0.74,1.39,3.14006369362152,6.6,0.769722222222222,29.4838709677419,9.85856976693183,34,0.0967741935483871,54.7259893747338,9,0,1.36372998900465,-107.549891427823,563.308187507683,-106.452023014464,564.117164905304,2,31,2,ublox.f9p,harsh,0.988711286437614
1621307923,23,0.74,1.39,3.14006369362152,6.6,1.10972222222222,29.3870967741935,9.13483230772862,36,0.0967741935483871,39.9486033434325,8,0,1.45565844382168,-107.80747265048,564.378621479244,-106.587968660047,565.173449462135,2,31,2,ublox.f9p,harsh,0.952341393050955
1621307924,23,0.73,1.27,3.14006369362152,6.6,0.682777777777778,29.8125,9.15260407153738,38,0.09375,39.6619579583624,6,0,1.52481903698862,-108.013537629655,565.246042110849,-106.688139135671,565.999959830303,2,32,2,ublox.f9p,harsh,0.951023388865169
1621307925,24,0.73,1.27,3.14006369362152,6.5,0.162222222222222,29.6969696969697,9.49501464086828,38,0.121212121212121,69.7340008142744,7,0,1.56669783353074,-108.133742200403,565.596701514754,-106.721910895724,566.275873413995,2,33,2,ublox.f9p,harsh,0.997460891943513
1621307926,24,0.73,1.27,3.14006369362152,6.5,0.00916666666666667,30.3125,9.15612786167574,34,0.125,79.74144154704,8,0,1.58323741705006,-108.202430525047,565.725891821679,-106.71962128665,566.280794949507,2,32,2,ublox.f9p,harsh,0.999065107944538
1621307927,24,0.73,1.27,3.14006369362152,6.5,0.0233333333333333,29.9375,9.8633812824295,38,0.125,77.5302629085357,7,0,1.60480718957488,-108.253946771151,565.81817061244,-106.718476480803,566.284793697133,2,32,2,ublox.f9p,harsh,0.998834019542627
1621307928,25,0.74,1.27,3.14006369362152,6.4,0.00638888888888889,30.8387096774194,9.14730114730951,33,0.0967741935483871,77.482065245982,6,0,1.6356173378272,-108.305463014634,565.891993644767,-106.718476480803,566.287869657224,2,31,2,ublox.f9p,harsh,0.998828392824667
1621307929,24,0.74,1.27,3.14006369362152,6.4,0.00944444444444444,31,8.7368949480541,33,0.0967741935483871,79.5507568579122,6,0,1.65670136924176,-108.339807176956,565.947360919365,-106.718476480803,566.287869657224,2,31,2,ublox.f9p,harsh,0.999047127082339
1621307930,24,0.75,1.28,3.14006369362152,6.3,0.00611111111111111,31.1290322580645,8.72063428688484,33,0.0967741935483871,73.40872734219,6,0,1.66006404255762,-108.356979260739,566.021183951692,-106.718476480803,566.287869657224,2,31,2,ublox.f9p,harsh,0.998240338724431
1621307931,25,0.74,1.27,3.06104557300279,6.3,0.0188888888888889,31.0967741935484,8.97906765282334,37,0.0967741935483871,72.7712025231593,6,0,1.70317931491957,-108.408495504222,566.07655122629,-106.718476480803,566.287869657224,2,31,2,ublox.f9p,harsh,0.998124719991538
1621307932,24,0.75,1.45,3.06104557300279,6.3,0.0202777777777778,30.741935483871,9.07732611854204,37,0.0967741935483871,76.1918001931091,6,0,1.73511509907944,-108.442839666543,566.095006984019,-106.718476480803,566.287869657224,2,31,2,ublox.f9p,harsh,0.99866725380119
1621307933,24,0.74,1.27,3.06104557300279,6.3,0.0183333333333333,30.741935483871,9.0956683534361,33,0.0967741935483871,71.258894181709,6,0,1.78119418960673,-108.494355912648,566.150374258617,-106.718476480803,566.287869657224,2,31,2,ublox.f9p,harsh,0.997819219807474
1621307934,25,0.74,1.27,3.06104557300279,6.2,0.0244444444444444,30.6129032258065,9.39743730795738,35,0.0967741935483871,72.9544646546288,6,0,1.81301587921518,-108.52870007497,566.18728577478,-106.718476480803,566.287869657224,2,31,2,ublox.f9p,harsh,0.99815871107824
1621307935,23,0.76,1.46,3.06104557300279,6.2,0.0127777777777778,30.7096774193548,9.1111417081399,31,0.0967741935483871,73.953470732166,6,0,1.88070599433792,-108.597388402235,566.205741533919,-106.718476480803,566.287869657224,2,31,2,ublox.f9p,harsh,0.998333475548347
1621307936,23,0.75,1.28,3,6.2,0.0102777777777778,30.9032258064516,8.95304357452324,32,0.0967741935483871,73.4953385093823,6,0,1.96580377151553,-108.68324880804,566.224197290944,-106.718476480803,566.287869657224,2,31,2,ublox.f9p,harsh,0.998255487073141
1621307937,23,0.74,1.28,3,6.2,0.00611111111111111,30.6129032258065,9.04314627901462,34,0.0967741935483871,72.1564359568847,6,0,2.01729367748372,-108.734765054144,566.224197290944,-106.718476480803,566.287869657224,2,31,2,ublox.f9p,harsh,0.998006053687957
1621307938,23,0.8,1.48,3,6.1,0.00888888888888889,30.5161290322581,9.22269291021495,32,0.0967741935483871,72.7518900098135,6,0,2.08594890526128,-108.803453378788,566.224197290944,-106.718476480803,566.287869657224,2,31,2,ublox.f9p,harsh,0.998121101666384
1621307939,23,0.77,1.31,3,6.1,0.00972222222222222,30.4516129032258,9.17546986872214,30,0.0967741935483871,71.7533564836285,6,0,2.1541398385472,-108.872141706054,566.242653050082,-106.718476480803,566.287869657224,2,31,2,ublox.f9p,harsh,0.997924210250518
1621307940,24,0.77,1.31,3,6.1,0.0136111111111111,30.3548387096774,9.30071103768156,32,0.0967741935483871,73.4176883082118,6,0,2.20564499804231,-108.923657950847,566.242653050082,-106.718476480803,566.287869657224,2,31,2,ublox.f9p,harsh,0.998241912073679
1621307941,22,0.79,1.47,3,6.1,0.00833333333333333,30.1935483870968,9.63472661725528,37,0.0967741935483871,73.0277880404915,5,0,2.25685637984669,-108.975174195641,566.261108807107,-106.718476480803,566.287869657224,2,31,2,ublox.f9p,harsh,0.998172138068394
1621307942,22,0.79,1.47,3,6.1,0.00916666666666667,29.8387096774194,9.89645314980254,37,0.0967741935483871,72.3918623819724,5,0,2.32553302020151,-109.043862520285,566.261108807107,-106.718476480803,566.287254465065,2,31,3,ublox.f9p,harsh,0.998052357825895
1621307943,23,0.8,1.48,3,6,0.0122222222222222,29.8709677419355,9.86827217393829,37,0.0967741935483871,73.5350102146775,5,0,2.35974273170808,-109.078206682607,566.279564566246,-106.718476480803,566.287254465065,2,31,3,ublox.f9p,harsh,0.998262382141742
1621307944,23,0.8,1.48,3,6,0.00472222222222222,29.6129032258065,9.8545333708395,35,0.0967741935483871,72.0761312478144,6,0,2.39408574865449,-109.11255084755,566.279564566246,-106.718476480803,566.286946868985,2,31,3,ublox.f9p,harsh,0.997990009208601
1621307945,23,0.77,1.41,3,6,0.00777777777777778,30.2,9.64329318481378,35,0.1,72.5931186102734,6,0,2.41127330827578,-109.129722930022,566.29802032468,-106.718476480803,566.286639273258,2,30,3,ublox.f9p,harsh,0.998091089456744
1621307946,24,0.77,1.41,3,6,0.0138888888888889,30,9.79091767739456,36,0.1,74.7988697046346,6,0,2.46295477565425,-109.181239172194,566.316476082057,-106.718476480803,566.285716485019,2,30,3,ublox.f9p,harsh,0.998468365447948
1621307947,23,0.77,1.43,3,6,0.0244444444444444,29.5333333333333,9.39087353482765,35,0.1,73.6370003876241,6,0,2.49789014506074,-109.215583338448,566.334931840843,-106.718190279013,566.285101293212,2,30,3,ublox.f9p,harsh,0.998279983742122
1621307948,22,0.77,1.43,3,5.9,0.00861111111111111,29.5,9.65169272271932,37,0.1,74.1046909270345,6,0,2.53325452324692,-109.249927499459,566.371843357007,-106.718190279013,566.284178505678,2,30,3,ublox.f9p,harsh,0.998358446115878
1621307949,23,0.77,1.43,3,5.9,0.173888888888889,30.1333333333333,8.9200793769985,34,0.1,76.0210497165094,5,0,2.58515669937361,-109.318615824103,566.501033663931,-106.736507166022,566.375534507848,2,30,3,ublox.f9p,harsh,0.998644332815277
1621307950,22,0.77,1.41,3,5.9,0.639166666666667,29.7666666666667,9.3391402296938,35,0.1,74.5242621712816,6,0,2.71323920292006,-109.524680803278,566.999339133196,-106.814067734346,566.879991896943,2,30,4,ublox.f9p,harsh,0.998425789917729
1621307951,23,0.77,1.43,3,5.9,1.02388888888889,30,9.39552351223526,34,0.1,70.1429967993955,4,0,2.82889509774943,-109.782262025935,567.922127038694,-106.954306398909,567.849226794253,2,30,4,ublox.f9p,harsh,0.997562397387013
1621307952,23,0.74,1.39,3,5.9,1.41583333333333,29.2424242424242,10.3139174875211,37,0.0909090909090909,70.2831448822935,4,0,2.87941360490186,-110.005499086271,569.269397382538,-107.128889228414,569.142360247113,2,33,4,ublox.f9p,harsh,0.997596240098305
1621307953,23,0.77,1.41,3,5.9,2.11638888888889,30.1612903225806,10.3411694186991,35,0.0967741935483871,71.8710352943779,5,0,2.89663741052734,-110.194391981663,571.225707744137,-107.301182447535,571.084828790063,2,31,4,ublox.f9p,harsh,0.997948444907807
1621307954,22,0.74,1.39,3,5.9,2.83666666666667,29.9333333333333,10.2045741377744,33,0.1,63.1966850396443,3,0,2.93266318998093,-110.43480112447,573.864881155818,-107.504957813704,573.736306040701,2,30,4,ublox.f9p,harsh,0.995129462319788
1621307955,21,0.76,1.46,3,5.9,3.14416666666667,32.7407407407407,9.85897713758533,30,0.0740740740740741,63.1490379974232,2,0,2.85909757972948,-110.70955443091,577.002360037469,-107.852120061499,576.904852115117,2,27,3,ublox.f9p,harsh,0.99510631411111
1621307956,22,0.76,1.46,3,5.9,2.96972222222222,31.5,9.99073645007288,32,0.0714285714285714,63.1287082833461,3,0,2.7505855285027,-111.052996059372,579.992192853761,-108.304032008308,579.897760891148,2,28,3,ublox.f9p,harsh,0.99509640410217
1621307957,21,0.75,1.44,2.92061637330205,5.8,3.13083333333333,33.0769230769231,9.03293120497694,28,0.0384615384615385,63.188274228689,2,0,2.73800613859408,-111.533814342365,583.05584870238,-108.79858795623,582.932502719206,2,26,4,ublox.f9p,harsh,0.995125384056734
1621307958,21,0.75,1.44,2.92061637330205,5.8,2.83472222222222,32.1481481481481,9.37141194395817,30,0.0740740740740741,63.4388090997932,2,0,2.637352328994,-111.825739729966,585.990314244427,-109.193545832107,585.825442805657,2,27,4,ublox.f9p,harsh,0.995245419592997
1621307959,22,0.75,1.44,2.92061637330205,5.7,2.22861111111111,32.4827586206897,9.21807498363627,29,0.103448275862069,70.4518477908341,4,0,2.44968822732198,-111.688363078057,588.389562801398,-109.248210291343,588.173630431031,2,29,4,ublox.f9p,harsh,0.997636357032603
1621307960,22,0.73,1.38,2.86006992921502,5.7,1.97861111111111,32.8571428571429,8.78852065128684,27,0.0714285714285714,68.944552820628,4,0,2.33116375320526,-111.276233119708,590.475063468865,-108.971453576308,590.125326852845,2,28,4,ublox.f9p,harsh,0.997252890940513
1621307961,22,0.73,1.38,2.78028775489157,5.6,2.47416666666667,33.1071428571429,9.89702269377302,29,0.0714285714285714,68.9369837407522,4,0,1.95935716034193,-110.14287573818,592.505196862791,-108.213878579591,592.161612165898,2,28,3,ublox.f9p,harsh,0.997250816563166
1621307962,24,0.73,1.38,2.78028775489157,5.5,3.33027777777778,32.9642857142857,9.51989006650323,28,0.0357142857142857,73.4109546380482,6,0,1.54472980434235,-107.944849302389,594.71988783824,-106.404227387693,594.607307713976,2,28,3,ublox.f9p,harsh,0.998240729919982
1621307963,23,0.74,1.39,2.78028775489157,5.5,3.49638888888889,32.962962962963,10.1620768678359,28,0.037037037037037,34.2116591098359,4,0,1.28482530021969,-104.802358383085,596.362450312097,-103.528476133894,596.529782518446,2,27,3,ublox.f9p,harsh,0.918427135734805
1621307964,22,0.85,1.45,2.78028775489157,5.5,3.32888888888889,32.0357142857143,10.4508803203797,28,0.0357142857142857,39.5482094356397,5,0,1.19400796405938,-101.488146646927,597.303693976028,-100.326455331484,597.579607560073,2,28,4,ublox.f9p,harsh,0.950490845725783
1621307965,23,0.85,1.45,2.70185121722126,5.5,2.77138888888889,33.0714285714286,11.4566124248823,31,0.0357142857142857,40.3640873234432,6,0,1.16743539466365,-98.5345486243252,597.801999445645,-97.4132117009207,598.12682078873,2,28,3,ublox.f9p,harsh,0.954192112405286
1621307966,23,0.85,1.45,2.70185121722126,5.5,1.64055555555556,33.2962962962963,11.037749264769,33,0.037037037037037,61.337716411238,5,0,1.06769580577295,-96.5769313287204,598.134203091821,-95.5446030294957,598.406733120047,2,27,2,ublox.f9p,harsh,0.994140251680071
1621307967,23,0.85,1.45,2.70185121722126,5.5,0.802777777777778,32.1428571428571,11.0745429993974,35,0.0357142857142857,62.9843883975877,6,0,1.00607437762246,-95.5466064380906,598.337216431073,-94.5626461665953,598.54699688161,2,28,2,ublox.f9p,harsh,0.995025476923376
1621307968,23,0.85,1.45,2.70185121722126,5.5,0.429444444444444,32.5357142857143,10.7754252055215,33,0.0357142857142857,63.2745281222303,6,0,0.882379456274044,-94.9970998304537,598.447950979564,-94.1296235090633,598.609438863572,2,28,3,ublox.f9p,harsh,0.995167046378267
1621307969,24,0.85,1.45,2.70185121722126,5.5,0.551111111111111,32.0714285714286,10.9677256207021,36,0.0357142857142857,60.9190211908985,4,0,0.773663434558153,-94.4304211390344,598.558685529111,-93.6654049062736,598.674034016682,2,28,3,ublox.f9p,harsh,0.993891228716308
1621307970,23,0.81,1.49,2.76586333718787,5.5,0.752777777777778,32.4285714285714,10.8266768316474,35,0.0357142857142857,61.7560910567427,7,0,0.723844084079255,-93.7435378768667,598.780154626092,-93.0197346415139,598.772464726921,2,28,3,ublox.f9p,harsh,0.994379001497865
1621307971,23,0.79,1.48,2.69072480941474,5.5,1.04472222222222,31.7586206896552,10.0876698867401,30,0.0344827586206897,64.2223675988358,9,0,0.729373639674839,-92.7819013135023,599.038535239942,-92.0621048940285,598.920725984087,2,29,3,ublox.f9p,harsh,0.9956021710826
1621307972,24,0.81,1.49,2.69072480941474,5.5,1.6875,31.5,10.747954155025,29,0.0357142857142857,31.7455782610813,7,0,0.746731452301315,-91.2535860547861,599.333827369955,-90.5269208054694,599.161881223468,2,28,2,ublox.f9p,harsh,0.897941415962363
1621307973,24,0.81,1.49,2.69072480941474,5.5,1.72472222222222,30.8214285714286,11.408423046246,33,0.0357142857142857,10.7367254191989,6,0,0.716400328086074,-89.5020337396667,599.666031016131,-88.8217331094846,599.441485959058,2,28,2,ublox.f9p,harsh,0.518409809409698
1621307974,23,0.75,1.25,2.69072480941474,5.5,1.13833333333333,30.3571428571429,11.5893127195779,30,0.0357142857142857,25.7785625222642,7,0,0.679620775869543,-88.1797834601251,599.94286738771,-87.5624471305917,599.658648712687,2,28,2,ublox.f9p,harsh,0.828900696716997
1621307975,22,0.8,1.37,2.69072480941474,5.6,0.568888888888889,30.6071428571429,12.3837985129146,36,0.0357142857142857,23.0903364281172,7,0,0.631471880624216,-87.4242118733137,600.108969210798,-86.885294716163,599.779841524713,2,28,2,ublox.f9p,harsh,0.787351404423534
1621307976,22,0.99,2.21,2.69072480941474,5.6,0.0566666666666667,30.5,12.0077135702508,32,0.0357142857142857,36.4781709591057,8,0,0.584423036307577,-87.1666306506562,600.182792244182,-86.7112842902366,599.816445444797,2,28,2,ublox.f9p,harsh,0.933876320860604
1621307977,19,0.88,1.68,2.61725046566048,5.6,0.00972222222222222,30.8518518518519,12.2527978082989,35,0.037037037037037,38.8359954868489,7,0,0.594298171533599,-87.1151144084841,600.275071034238,-86.7301735795136,599.822289768195,2,27,2,ublox.f9p,harsh,0.947029723723652
1621307978,21,0.79,1.34,2.68700576850888,5.6,0.0108333333333333,31.2222222222222,11.5436740363028,33,0.0740740740740741,31.4277402487493,6,0,0.627752896777999,-87.0807702448514,600.367349825,-86.7467732584062,599.835823990765,2,27,2,ublox.f9p,harsh,0.89499160367249
1621307979,22,0.9,1.52,2.68700576850888,5.6,0.005,30.6785714285714,11.9661670320597,33,0.0714285714285714,33.7565145227891,7,0,0.603545595445578,-87.0464260812187,600.385805583433,-86.7610833256033,599.853972153119,2,28,3,ublox.f9p,harsh,0.914951661534579
1621307980,20,0.87,1.67,2.68700576850888,5.6,0.00833333333333333,31.1481481481481,11.4344409022234,32,0.0740740740740741,30.1866029887432,3,0,0.630131939707338,-86.9949098377359,600.441172857327,-86.7670935553205,599.85366455704,2,27,3,ublox.f9p,harsh,0.882742410097337
1621307981,21,0.87,1.67,2.68700576850888,5.6,0.0169444444444444,31.2962962962963,11.2482983834986,33,0.0740740740740741,35.5646594247717,5,0,0.689050501178792,-86.9605656741032,600.514995890358,-86.7670935553205,599.85366455704,2,27,4,ublox.f9p,harsh,0.92800670327504
1621307982,20,1.02,1.81,2.68700576850888,5.7,0.0122222222222222,30.5357142857143,11.6634349265435,35,0.0714285714285714,48.8426677248099,7,0,0.76686353949921,-86.9090494293095,600.607274680415,-86.7670935553205,599.85366455704,2,28,4,ublox.f9p,harsh,0.979851412872935
1621307983,20,1.05,2.24,2.68700576850888,5.7,0.00805555555555556,30.5357142857143,11.802329157627,36,0.0714285714285714,52.8774098854178,6,0,0.761254555493154,-86.8747052656768,600.607274680415,-86.7670935553205,599.85366455704,2,28,4,ublox.f9p,harsh,0.986450199103432
1621307984,21,1.05,2.24,2.68700576850888,5.7,0.00194444444444444,29.9285714285714,12.0213654595985,35,0.0714285714285714,52.6337977602478,5,0,0.774101044414079,-86.8231890195724,600.625730438849,-86.7670935553205,599.85366455704,2,28,4,ublox.f9p,harsh,0.986120693658299
1621307985,20,1.51,3.25,2.68700576850888,5.7,0.00444444444444444,29.75,12.2825531185951,35,0.0714285714285714,56.341158937993,6,0,0.772372219235004,-86.7888448585613,600.625730438849,-86.7670935553205,599.85366455704,2,28,4,ublox.f9p,harsh,0.9903787751742
1621307986,20,1.05,2.24,2.75862284482674,5.7,0.0025,30.4285714285714,12.227560161914,37,0.0714285714285714,46.1954813807584,4,0,0.754197699412363,-86.7373286137676,600.607274680415,-86.7670935553205,599.85366455704,2,28,4,ublox.f9p,harsh,0.973904443432096
1621307987,21,1.05,2.24,2.75862284482674,5.8,0.00805555555555556,29.7142857142857,12.8836880585265,37,0.0714285714285714,21.0695215143132,2,0,0.75798077120745,-86.6858123676632,600.607274680415,-86.7670935553205,599.85366455704,2,28,4,ublox.f9p,harsh,0.751560461714369
1621307988,19,1.05,2.24,2.69072480941474,5.8,0.0119444444444444,30.2222222222222,12.6562035057709,35,0.037037037037037,23.0437868222892,2,0,0.744191616844841,-86.6514682066521,600.588818922685,-86.7670935553205,599.85366455704,2,27,4,ublox.f9p,harsh,0.78657098574884
1621307989,19,1.05,2.24,2.69072480941474,5.8,0.0141666666666667,30.2222222222222,12.4848626292721,35,0.037037037037037,38.1488794068712,3,0,0.753915282768881,-86.5999519618584,600.588818922685,-86.7670935553205,599.85366455704,2,27,4,ublox.f9p,harsh,0.94347505820846
1621307990,21,1.05,2.24,2.69072480941474,5.8,0.00861111111111111,30.1851851851852,12.6704897514386,35,0.037037037037037,35.2932358958484,3,0,0.744481970513026,-86.5656077969149,600.570363164251,-86.7670935553205,599.85366455704,2,27,3,ublox.f9p,harsh,0.926172115591396
1621307991,20,1.05,2.24,2.69072480941474,5.8,0.00305555555555556,30.7692307692308,12.6690416127115,36,0.0384615384615385,32.6008895584154,4,0,0.754501587201124,-86.531263634593,600.570363164251,-86.7670935553205,599.85366455704,2,26,3,ublox.f9p,harsh,0.905517242009589
1621307992,20,1.05,2.24,2.69072480941474,5.8,0.0172222222222222,29.962962962963,12.6900369202393,37,0.037037037037037,31.2740467480625,4,0,0.748690263924821,-86.4969194735819,600.551907406522,-86.7670935553205,599.85366455704,2,27,3,ublox.f9p,harsh,0.893538373442706
1621307993,20,0.92,1.53,2.69072480941474,5.9,0.0138888888888889,32.375,11.5111005026717,37,0.0416666666666667,23.7125882624665,3,0,0.76175746705663,-86.4625753099492,600.551907406522,-86.7670935553205,599.85366455704,2,24,3,ublox.f9p,harsh,0.797583459752624
1621307994,18,1.05,2.24,2.69072480941474,5.9,0.0141666666666667,34,10.7614833461528,37,0.0454545454545455,23.1554409252868,3,0,0.759564495141536,-86.4282311450057,600.533451648088,-86.7670935553205,599.85366455704,2,22,4,ublox.f9p,harsh,0.788439404359433
1621307995,18,1.05,2.24,2.76586333718787,5.9,0.0108333333333333,33.2608695652174,11.2136985679624,38,0.0434782608695652,21.84858246101,3,0,0.791723577210978,-86.3938869826838,600.551907406522,-86.7670935553205,599.85366455704,2,23,4,ublox.f9p,harsh,0.765820204687528
1621307996,19,1.05,2.24,2.76586333718787,5.9,0.00694444444444444,33.304347826087,10.6490920765733,33,0.0434782608695652,21.3548849472694,4,0,0.816120325623685,-86.3767149028337,600.570363164251,-86.7670935553205,599.85366455704,2,23,4,ublox.f9p,harsh,0.756850358554267
1621307997,18,1.51,3.25,2.76586333718787,5.9,0.00333333333333333,31.3846153846154,11.3528037878823,36,0.0384615384615385,20.9738726355753,2,0,0.840565013442904,-86.3595428216727,600.588818922685,-86.7670935553205,599.85366455704,2,26,4,ublox.f9p,harsh,0.749770237454277
1621307998,19,1.51,3.25,2.76586333718787,6,0.0138888888888889,31,11.4388003674404,37,0.037037037037037,38.4137859025692,4,0,0.82632571024506,-86.3251986554184,600.551907406522,-86.7670935553205,599.85366455704,2,27,4,ublox.f9p,harsh,0.944871316367052
1621307999,19,1.51,3.25,2.76586333718787,6,0.0233333333333333,31.0384615384615,11.6806875456225,35,0.0384615384615385,34.6439331667632,3,0,0.820276162190271,-86.3080265742575,600.533451648088,-86.7670935553205,599.85366455704,2,26,3,ublox.f9p,harsh,0.921607655205594
1621308000,21,1.51,3.25,2.76586333718787,6,0.0219444444444444,30.7307692307692,12.2949020079306,37,0.0384615384615385,37.3010915198393,4,0,0.810397162630227,-86.2736824119356,600.496540131924,-86.7670935553205,599.85366455704,2,26,3,ublox.f9p,harsh,0.938780110664948
1621308001,19,1.51,3.26,2.76586333718787,6,0.0105555555555556,31.2,12.281422284627,35,0.04,32.5156075883891,5,0,0.820965427999478,-86.2565103307746,600.496540131924,-86.7670935553205,599.85366455704,2,25,3,ublox.f9p,harsh,0.904785077950656
1621308002,20,1.51,3.26,2.76586333718787,6,0.00583333333333333,30.7307692307692,12.3630342305041,35,0.0384615384615385,30.8600661731391,4,0,0.831753969693472,-86.2393382509244,600.496540131924,-86.7670935553205,599.85366455704,2,26,2,ublox.f9p,harsh,0.889535637892573
1621308003,21,1.51,3.26,2.76586333718787,6.1,0.0144444444444444,30.7692307692308,12.1006039264417,33,0.0384615384615385,35.7165717839772,5,0,0.840572413928525,-86.2049940846701,600.47808437349,-86.7673797557993,599.85335696096,2,26,3,ublox.f9p,harsh,0.929015058061312
1621308004,19,1.51,3.26,2.76586333718787,6.1,0.00805555555555556,30.2592592592593,12.389799131024,35,0.0740740740740741,30.9908140511919,3,0,0.85215698565803,-86.1878220035092,600.47808437349,-86.7673797557993,599.85335696096,2,27,2,ublox.f9p,harsh,0.890813864181153
1621308005,20,1.51,3.26,2.84253408071038,6.1,0.0163888888888889,29.9310344827586,11.9011735150145,34,0.0689655172413793,30.0618660344577,5,0,0.837839922954936,-86.1706499223482,600.441172857327,-86.7673797557993,599.853049364881,2,29,2,ublox.f9p,harsh,0.881445102944775
1621308006,21,1.05,2.24,2.84253408071038,6.1,0.00944444444444444,29.6896551724138,12.3753887335073,35,0.0689655172413793,35.330687794041,5,0,0.850161978534265,-86.1534778411873,600.441172857327,-86.7670935553205,599.852741769506,2,29,2,ublox.f9p,harsh,0.926427793278834
1621308007,21,1.05,2.24,2.84253408071038,6.1,0.00277777777777778,29.5666666666667,11.9125646022298,36,0.0666666666666667,34.5565767980568,5,0,0.863057797977833,-86.1363057600263,600.441172857327,-86.7670935553205,599.852126577347,2,30,2,ublox.f9p,harsh,0.920974202794866
1621308008,23,0.92,1.53,2.84253408071038,6.1,0.0113888888888889,29.9655172413793,11.6480616370913,34,0.0689655172413793,32.8540422967722,5,0,0.880548774606337,-86.1191336788654,600.441172857327,-86.7728175806264,599.85120378946,2,29,2,ublox.f9p,harsh,0.907660987954673
1621308009,22,0.97,1.55,2.84253408071038,6.2,0.148888888888889,30.6785714285714,11.5824054670054,33,0.0714285714285714,35.2014610086408,6,0,0.944644761057083,-85.9989291081171,600.459628615761,-86.7284563713975,599.859508880438,2,28,2,ublox.f9p,harsh,0.925542123840424
1621308010,20,1.05,2.24,2.78028775489157,6.2,0.780277777777778,30.6666666666667,12.067119980152,36,0.0740740740740741,21.6112909086163,4,0,1.03902402707649,-85.3979062543759,600.588818922685,-86.2173007432724,599.949942095427,2,27,2,ublox.f9p,harsh,0.761537815996808
1621308011,22,1.05,2.24,2.78028775489157,6.2,1.83527777777778,31.92,11.3244573085571,32,0.04,27.9346379965805,5,0,1.08160346615954,-83.8524189158095,600.884111052698,-84.7115953944767,600.227086063437,2,25,2,ublox.f9p,harsh,0.857351423662174
1621308012,21,1.51,3.26,2.78028775489157,6.2,2.29305555555556,31.8076923076923,11.2641705625198,33,0.0384615384615385,41.0704151427764,6,0,1.01934190728914,-81.7059087248126,601.27168197312,-82.5232998064251,600.662641955012,2,26,2,ublox.f9p,harsh,0.957182267964516
1621308013,21,1.05,2.24,2.78028775489157,6.2,2.98916666666667,30.4642857142857,11.8086037147972,39,0.0714285714285714,21.0841040702337,3,0,1.09117620292217,-78.9412036002244,601.751531684655,-79.8796578540215,601.194782980702,2,28,2,ublox.f9p,harsh,0.751832643415738
1621308014,22,0.96,2.2,2.86006992921502,6.2,3.77777777777778,31.7777777777778,11.1228570393559,36,0.0740740740740741,18.7212579705532,3,0,1.00701808960191,-75.3694106414094,601.806898958548,-76.3505088976301,601.579893133896,2,27,2,ublox.f9p,harsh,0.705187839539282
1621308015,23,1.15,2.8,2.86006992921502,6.2,3.49722222222222,31.4827586206897,10.0662827926243,26,0.0344827586206897,65.5046090708418,5,0,0.828157908439759,-72.1067151487348,600.47808437349,-72.9186684042093,600.641110237192,2,29,2,ublox.f9p,harsh,0.996129374059481
1621308016,23,0.96,2.2,2.86006992921502,6.3,3.47666666666667,28.8666666666667,9.93334104759401,28,0,64.7566837881473,4,0,0.748598258618433,-69.9945491200598,597.783543687211,-70.5749654777188,598.256318691382,2,30,2,ublox.f9p,harsh,0.995830032615891
1621308017,23,0.96,2.2,2.92061637330205,6.3,4.00583333333333,28.7586206896552,10.6020724807322,31,0,65.3831247341392,5,0,0.670884085398966,-69.1187729638109,594.073936304321,-69.4750936557655,594.642373654014,2,29,2,ublox.f9p,harsh,0.996082250578877
1621308018,24,0.86,1.97,2.92061637330205,6.3,4.55111111111111,27.8333333333333,10.7224654052982,34,0,63.2909833343469,3,0,0.726493320393931,-68.5349221925414,589.699921628021,-69.0486536302191,590.213606895981,2,30,2,ublox.f9p,harsh,0.995174954225641
1621308019,22,0.86,1.97,2.92061637330205,6.3,4.8975,30.8928571428571,11.7578635175509,36,0,63.7559969168167,5,0,0.779264263202462,-67.8136947693627,584.919880273218,-68.3803734581604,585.454789663271,2,28,2,ublox.f9p,harsh,0.995393178583093
1621308020,23,0.86,1.97,2.92061637330205,6.3,5.06055555555556,27.9032258064516,10.7528440848911,41,0.032258064516129,63.9745907440568,7,0,0.7459573038025,-66.9722627728141,579.936825579164,-67.465960115367,580.496035050697,2,31,2,ublox.f9p,harsh,0.995492339180688
1621308021,23,0.88,1.49,2.92061637330205,6.3,5.29444444444444,27.5806451612903,10.262469467428,38,0,64.1852888468053,7,0,0.747532817853188,-65.8732495549188,574.806124820455,-66.3079894179453,575.414242050323,2,31,2,ublox.f9p,harsh,0.995585906325463
1621308022,22,0.88,1.97,2.98328677803526,6.3,5.735,25.2121212121212,10.5763816347959,40,0.0606060606060606,23.246905952484,6,0,0.820651525223736,-64.5338271942163,569.306308898701,-64.9319332845363,570.023930293799,2,33,2,ublox.f9p,harsh,0.789961040792895
1621308023,21,1.07,1.98,2.98328677803526,6.4,6.55638888888889,25.0625,10.3890062861134,39,0.0625,27.8971324691266,6,0,0.948057002374778,-62.953995693328,563.0313511354,-63.2519313080245,563.931376940167,2,32,2,ublox.f9p,harsh,0.856892116155878
1621308024,20,1.07,1.98,2.98328677803526,6.4,7.30861111111111,26.09375,10.3965235349564,36,0.0625,26.6971253134116,6,0,0.713310119250822,-61.0822388074604,556.11044183818,-61.2842969655128,556.794535272581,2,32,2,ublox.f9p,harsh,0.841537490357066
1621308025,23,0.96,2.2,3.04795013082563,6.5,7.95527777777778,25.9375,9.83718258905072,33,0.0625,16.7613597842831,7,0,0.568073757101537,-58.9700727800962,548.562036764771,-59.2270816004853,549.068647325014,2,32,2,ublox.f9p,harsh,0.662875742915938
1621308026,23,0.96,2.2,3.04795013082563,6.6,8.29888888888889,25.96875,10.1869124607936,36,0.0625,26.7857153246753,7,0,0.469583826814493,-57.0296275656524,540.57069349599,-57.3175461321311,540.941654234455,2,32,3,ublox.f9p,harsh,0.842715285803003
1621308027,22,0.88,1.97,3.11448230047949,6.6,8.4675,26.0909090909091,10.8896844432117,39,0.0606060606060606,29.846607847459,7,0,0.358664234925485,-55.2093869258892,532.357881129876,-55.5405218957491,532.495684123858,2,33,3,ublox.f9p,harsh,0.879177128199754
1621308028,21,0.94,2.13,3.11448230047949,6.7,8.41305555555556,26.0606060606061,12.1653693787411,39,0.0606060606060606,25.6284625999707,5,0,0.31324847663151,-53.5780391815181,524.071245731786,-53.8897124572109,524.102620519927,2,33,3,ublox.f9p,harsh,0.826761393459812
1621308029,21,0.94,2.13,3.11448230047949,6.7,8.35166666666667,24.8787878787879,11.5967602581432,41,0.0909090909090909,25.183814246456,6,0,0.352651167078958,-51.9638635169971,515.87688912305,-52.3150325819818,515.84459154667,2,33,3,ublox.f9p,harsh,0.820300013476975
1621308030,20,0.84,1.75,3.18904374382039,6.8,8.18055555555556,23.96875,12.0093629467635,39,0.09375,23.4022485692131,6,0,0.376952148088979,-50.3668599349479,507.867090096539,-50.7291908526872,507.763122659333,2,32,3,ublox.f9p,harsh,0.792526916646856
1621308031,22,0.83,1.61,3.25576411921994,6.9,7.68,23.75,11.9676984609244,38,0.09375,12.7294746085423,6,0,0.377753389901747,-48.8557167573926,500.281773506262,-49.1588039964374,500.056305661303,2,32,3,ublox.f9p,harsh,0.567816358718659
1621308032,21,0.83,1.61,3.25576411921994,6.9,7.25055555555556,26.3793103448276,11.8695703168813,38,0.0344827586206897,14.1100866565215,8,0,0.310181681096433,-47.5162944006225,493.102483595193,-47.7014666779927,492.85363845664,2,29,3,ublox.f9p,harsh,0.601329713271066
1621308033,20,0.91,1.97,3.25576411921994,7,6.35916666666667,28.5185185185185,10.6892122843201,36,0,16.353636554951,8,0,0.462480497358198,-46.2112162022418,486.809070074514,-46.4215742017066,486.39719907226,2,27,3,ublox.f9p,harsh,0.653704657968693
1621308034,21,1.01,2.23,3.25576411921994,7.1,5.22194444444444,27.5,10.7513995643634,36,0,20.3504767698918,7,0,0.500205135570601,-45.163719230451,481.475355975497,-45.3569051461333,481.013962022748,2,28,4,ublox.f9p,harsh,0.737893322348566
1621308035,21,1.01,2.23,3.39705755029261,7.1,3.91777777777778,27.5925925925926,10.183921185489,34,0,21.7619852035608,7,0,0.513939132659865,-44.3566313975351,477.415089187996,-44.5867372890243,476.95554081102,2,27,4,ublox.f9p,harsh,0.764263599304542
1621308036,22,0.9,1.51,3.39705755029261,7.2,2.27583333333333,28.5357142857143,10.9662179673731,34,0,57.1405153984456,9,0,0.561433358717045,-43.9445014418075,474.942017599403,-44.1050604019732,474.404032249611,2,28,3,ublox.f9p,harsh,0.991111348524842
1621308037,21,1.23,2.27,3.39705755029261,7.2,0.957222222222222,29,9.8488578017961,34,0,23.8896916769776,9,0,0.584075799048931,-43.755608542483,473.779304837433,-43.8803923353111,473.208714315183,2,29,2,ublox.f9p,harsh,0.800427625652729
1621308038,22,1.23,2.27,3.39705755029261,7.3,0.120555555555556,29.2413793103448,9.72351778059549,34,0,22.4170534574526,10,0,0.58369855897151,-43.704092300311,473.520924223584,-43.8340277148658,472.951871681379,2,29,2,ublox.f9p,harsh,0.775860714878285
1621308039,23,1.07,2.42,3.39705755029261,7.3,0.0430555555555556,29,9.59166304662544,32,0,26.2259496450102,11,0,0.537322321855551,-43.7212643814719,473.539379982018,-43.8511997973375,473.018004814535,2,28,2,ublox.f9p,harsh,0.835152696279506
1621308040,23,1.07,2.42,3.39705755029261,7.4,0.0258333333333333,27.7586206896552,9.44780840956475,31,0,25.0234435534506,10,0,0.288580105823035,-43.704092300311,473.557835739747,-43.9236087413139,473.370509794918,2,29,2,ublox.f9p,harsh,0.817923868190795
1621308041,24,0.99,2.42,3.39705755029261,7.4,0.0308333333333333,28.3571428571429,9.68853574425593,33,0,24.4648638912501,10,0,0.287539317404326,-43.7212643814719,473.576291498181,-43.9276155598146,473.376046522589,2,28,2,ublox.f9p,harsh,0.809457096784501
1621308042,23,1.02,2.67,3.39705755029261,7.5,0.0197222222222222,28.5,9.66283448944306,32,0,24.0445962472996,10,0,0.329800702369652,-43.7212643814719,473.631658772074,-43.9319085801048,473.37789209801,2,28,2,ublox.f9p,harsh,0.80289061008361
1621308043,22,1.02,2.67,3.39705755029261,7.5,0.0366666666666667,29,9.41629792788369,33,0,24.6667792790222,10,0,0.325362783559747,-43.755608542483,473.650114530508,-43.9333395877421,473.37758450193,2,28,2,ublox.f9p,harsh,0.812551922223677
1621308044,22,0.87,1.41,3.39705755029261,7.5,0.05,28.3448275862069,9.90409677885501,35,0.0344827586206897,24.2770842191112,10,0,0.300337795942543,-43.8071247898983,473.650114530508,-43.9333395877421,473.37758450193,2,29,2,ublox.f9p,harsh,0.80654401022615
1621308045,23,0.87,1.41,3.47131099154196,7.5,0.0125,28.5161290322581,9.93938619077971,36,0.0645161290322581,205.208018443075,11,0,0.334191928099608,-43.8071247898983,473.687026046672,-43.9333395877421,473.37758450193,2,31,2,ublox.f9p,harsh,0.999999996671692
1621308046,22,0.87,1.41,3.47131099154196,7.5,0.02,28.3666666666667,10.7622691279121,38,0.0666666666666667,23.0784826978804,9,0,0.363112595686174,-43.8242968697484,473.723937562836,-43.9333395877421,473.37758450193,2,30,2,ublox.f9p,harsh,0.787152870800594
1621308047,23,0.87,1.41,3.47131099154196,7.5,0.015,26.90625,11.599108350047,40,0.125,23.7160383747049,9,0,0.456429705969161,-43.8071247898983,473.816216353597,-43.9333395877421,473.37758450193,2,32,2,ublox.f9p,harsh,0.797639154055127
1621308048,23,0.87,1.41,3.47131099154196,7.5,0.0236111111111111,27.21875,11.2958295901201,39,0.125,22.9885346917268,11,0,0.549858086406437,-43.7899527061157,473.90849514471,-43.9330533859525,473.37758450193,2,32,2,ublox.f9p,harsh,0.785641960545879
1621308049,22,0.94,1.97,3.47131099154196,7.5,0.035,27.0625,11.2764027093979,38,0.125,23.2510829240889,11,0,0.688192567994591,-43.7384364626329,474.037685451635,-43.9330533859525,473.37758450193,2,32,2,ublox.f9p,harsh,0.790030337795636
1621308050,23,0.94,1.97,3.47131099154196,7.5,0.0175,27.34375,11.1979530819613,37,0.125,23.5224554222324,10,0,0.768809202688882,-43.704092300311,474.111508483962,-43.9330533859525,473.37758450193,2,32,2,ublox.f9p,harsh,0.794496504402451
1621308051,22,0.94,1.97,3.47131099154196,7.5,0.0075,27.125,11.6667434713294,38,0.125,24.2073711538824,11,0,0.849579245386118,-43.6697481353675,474.185331516289,-43.9330533859525,473.37758450193,2,32,2,ublox.f9p,harsh,0.805453946838764
1621308052,23,0.9,1.49,3.47131099154196,7.5,0.0308333333333333,27.9090909090909,10.9953502569371,37,0.121212121212121,26.5844452128068,11,0,0.930462745206547,-43.6354039730456,474.259154548616,-43.9330533859525,473.37758450193,2,33,2,ublox.f9p,harsh,0.840029088023873
1621308053,23,0.9,1.49,3.47131099154196,7.5,0.0166666666666667,27.1818181818182,10.9728487226841,38,0.121212121212121,26.3741666535014,10,0,1.04037266687915,-43.5667156484018,474.351433339377,-43.9327671854737,473.37758450193,2,33,2,ublox.f9p,harsh,0.837183116064115
1621308054,23,0.9,1.49,3.47131099154196,7.5,0.0269444444444444,27.5483870967742,11.0297739767637,38,0.0967741935483871,27.8182248959857,9,0,1.14098236374815,-43.4808552386646,474.425256371704,-43.9327671854737,473.37758450193,2,31,2,ublox.f9p,harsh,0.855921760599409
1621308055,23,0.9,1.49,3.47131099154196,7.5,0.0319444444444444,27.4516129032258,11.2719081782321,37,0.0967741935483871,27.3812138073756,9,0,1.23643659797219,-43.4121669113992,474.499079404031,-43.9327671854737,473.37758450193,2,31,2,ublox.f9p,harsh,0.8504482886764
1621308056,23,0.9,1.49,3.47131099154196,7.5,0.0480555555555556,27.3225806451613,11.7993985631308,37,0.0967741935483871,25.4592990691203,8,0,1.35684970874955,-43.3263065069053,474.591358194792,-43.9327671854737,473.37758450193,2,31,2,ublox.f9p,harsh,0.824325106346111
1621308057,23,0.8,1.35,3.47131099154196,7.5,0.00944444444444444,27.21875,11.041664130655,36,0.125,24.7087293147144,8,0,1.47820214364474,-43.2404460984789,474.683636985553,-43.9327671854737,473.37758450193,2,32,2,ublox.f9p,harsh,0.81319003105738
1621308058,23,0.73,1.26,3.53836120259083,7.5,0.0116666666666667,26.1290322580645,11.7324107652942,38,0.0967741935483871,25.0765192596943,8,0,1.59186373754562,-43.1717577712135,474.775915776314,-43.932480983684,473.37758450193,2,31,2,ublox.f9p,harsh,0.818712961664563
1621308059,23,0.73,1.26,3.53836120259083,7.5,0.0127777777777778,26.1333333333333,10.9220856077486,32,0.0666666666666667,25.3565304480648,8,0,1.77090932670016,-43.068725282937,474.923561840969,-43.932480983684,473.37758450193,2,30,2,ublox.f9p,harsh,0.822831917073315
1621308060,24,0.8,1.35,3.53836120259083,7.5,0.0186111111111111,27.2,11.2844109741928,35,0.0666666666666667,24.9571110368237,11,0,1.96618779871707,-42.9656927946605,475.089663664057,-43.932480983684,473.37758450193,2,30,2,ublox.f9p,harsh,0.816933931055791
1621308061,23,0.73,1.26,3.53836120259083,7.5,0.00694444444444444,26.5806451612903,11.9185407203745,40,0.0967741935483871,25.4329063866623,9,0,2.12092959038577,-42.8798323862341,475.218853970982,-43.932480983684,473.37758450193,2,31,2,ublox.f9p,harsh,0.823942578183985
1621308062,22,0.76,1.33,3.53836120259083,7.5,0.0133333333333333,26.8125,11.745795404204,41,0.09375,25.6763952440227,9,0,2.26718067912485,-42.8111440576579,475.348044278258,-43.932480983684,473.37758450193,2,32,2,ublox.f9p,harsh,0.827446843400288
1621308063,23,0.84,1.44,3.53836120259083,7.5,0.0288888888888889,26.8125,11.1916947893545,35,0.09375,49.239092008466,9,0,2.40487915763272,-42.7596278154859,475.477234585183,-43.9321947818944,473.37758450193,2,32,2,ublox.f9p,harsh,0.980619349708071
1621308064,23,0.76,1.33,3.53836120259083,7.5,0.00333333333333333,26.96875,11.1456179006413,35,0.09375,22.6177323837253,9,0,2.47779425809738,-42.7424557343249,475.55105761751,-43.9321947818944,473.37758450193,2,32,2,ublox.f9p,harsh,0.779331209852505
1621308065,24,0.71,1.19,3.53836120259083,7.4,0.0208333333333333,26.6875,11.4397087149923,37,0.09375,22.8711400594515,8,0,2.72255252769838,-42.708111572003,475.809438231359,-43.9321947818944,473.37758450193,2,32,2,ublox.f9p,harsh,0.783658304172448
1621308066,24,0.8,1.29,3.46554469023269,7.4,0.00972222222222222,26.90625,10.9937207150851,35,0.09375,35.78760412064,9,0,2.92958514477206,-42.6909394908421,476.030907329045,-43.9321947818944,473.377276905851,2,32,2,ublox.f9p,harsh,0.92948206336377
1621308067,24,0.71,1.19,3.46554469023269,7.3,0.00944444444444444,26.969696969697,10.6872729463743,36,0.0909090909090909,21.0729168860639,8,1,3.11483151092694,-42.6909394908421,476.233920668297,-43.9319085801048,473.376969310475,2,33,2,ublox.f9p,harsh,0.75162385377534
1621308068,24,0.71,1.19,3.46554469023269,7.3,0.0127777777777778,28.28125,9.99430281258665,34,0.0625,214.007337384832,10,1,3.27469534530716,-42.6737674057487,476.400022491737,-43.9319085801048,473.376661714396,2,32,2,ublox.f9p,harsh,0.999999998619381
1621308069,24,0.71,1.19,3.46554469023269,7.2,0.0166666666666667,27.4375,10.2514751102212,36,0.0625,19.9279790201136,8,1,3.4223786990987,-42.6909394908421,476.566124314826,-43.9319085801048,473.376661714396,2,32,3,ublox.f9p,harsh,0.729640206028899
1621308070,24,0.78,1.39,3.46554469023269,7.2,0.01,28.375,9.93121504439736,35,0.0625,213.905934084035,10,1,3.5547188942751,-42.708111572003,476.71377037948,-43.9319085801048,473.376354118316,2,32,3,ublox.f9p,harsh,0.99999999860531
1621308071,23,0.78,1.39,3.46554469023269,7.2,0.015,27.09375,10.8460171818819,37,0.0625,18.8749085802566,8,1,3.67089056452816,-42.7252836518532,476.842960686404,-43.9319085801048,473.376046522589,2,32,3,ublox.f9p,harsh,0.708372102477111
1621308072,23,0.81,1.43,3.46554469023269,7.2,0.0255555555555556,27.1875,10.4215579913822,37,0.0625,18.6627622728302,9,1,3.80544172196312,-42.7424557343249,476.990606751059,-43.931622379626,473.375738926509,2,32,3,ublox.f9p,harsh,0.703970268041056
1621308073,23,0.81,1.44,3.39411254969543,7.1,0.0213888888888889,28.1290322580645,11.1765884344132,39,0.0645161290322581,18.9324276885406,10,1,4.03434201005348,-42.7424557343249,477.230531607178,-43.931622379626,473.37543133043,2,31,3,ublox.f9p,harsh,0.709558912643938
1621308074,22,0.81,1.44,3.39411254969543,7.1,0.0216666666666667,26.3030303030303,11.6605232742919,40,0.0909090909090909,29.0938884961445,10,1,4.26448912125677,-42.7424557343249,477.470456462594,-43.931622379626,473.37512373435,2,33,3,ublox.f9p,harsh,0.870950472721018
1621308075,21,0.84,1.5,3.39411254969543,7,0.0205555555555556,26.03125,12.2038713450467,39,0.09375,26.9535037358107,10,1,4.47789583118374,-42.7424557343249,477.691925560632,-43.931622379626,473.374816138271,2,32,3,ublox.f9p,harsh,0.844926490871307
1621308076,22,0.83,1.33,3.39411254969543,6.9,0.015,26.2121212121212,11.826235600767,39,0.0909090909090909,25.0701379769202,10,1,4.75438144292578,-42.708111572003,477.96876193221,-43.931622379626,473.374508542543,2,33,3,ublox.f9p,harsh,0.818618230095432
1621308077,25,0.81,1.32,3.39411254969543,6.9,0.0105555555555556,26.3939393939394,11.6911809549426,38,0.0909090909090909,22.3846673715142,11,1,5.00895459254666,-42.6909394908421,478.22714254606,-43.9313361778364,473.374200946464,2,33,2,ublox.f9p,harsh,0.775297014919632
1621308078,25,0.9,1.33,3.32415402771893,6.8,0.00194444444444444,27.34375,10.9119921453713,38,0.09375,23.6486874195306,12,1,5.25447056718483,-42.6394232447376,478.467067401475,-43.9313361778364,473.373893350384,2,32,2,ublox.f9p,harsh,0.796549856478371
1621308079,24,0.84,1.24,3.32415402771893,6.8,0.00638888888888889,27.8709677419355,10.6105040266203,37,0.0645161290322581,22.761791019926,13,1,5.4821075670091,-42.587906999944,478.688536499161,-43.9313361778364,473.373585754305,2,31,2,ublox.f9p,harsh,0.781798673163297
1621308080,24,0.84,1.24,3.32415402771893,6.7,0.0102777777777778,27.6774193548387,10.8085987274768,37,0.0645161290322581,22.3460473760648,14,1,5.68353394631618,-42.5707349200938,478.891549838765,-43.9313361778364,473.373278158577,2,31,2,ublox.f9p,harsh,0.774623494731521
1621308081,24,0.84,1.24,3.32415402771893,6.7,0.0238888888888889,28.3225806451613,10.3807099846276,36,0.0645161290322581,22.5362948004621,13,1,5.87118764417127,-42.5363907551503,479.076107419583,-43.9310499760468,473.372970562498,2,31,2,ublox.f9p,harsh,0.777927509156958
1621308082,25,0.79,1.21,3.32415402771893,6.6,0.00805555555555556,28.1612903225806,10.3476141346481,34,0.0645161290322581,60.6946386978839,14,1,6.08092650238139,-42.4848745116675,479.279120758834,-43.9310499760468,473.372662966418,2,31,2,ublox.f9p,harsh,0.993753475099901
1621308083,24,0.8,1.32,3.32415402771893,6.6,0.0186111111111111,28.4,10.5979828920088,34,0.0666666666666667,20.4526175639548,12,1,6.25482187061365,-42.4333582642522,479.445222581922,-43.9310499760468,473.372355370339,2,30,2,ublox.f9p,harsh,0.739863988847199
1621308084,24,0.79,1.21,3.32415402771893,6.6,0.00194444444444444,28.1290322580645,10.5474860685185,34,0.0645161290322581,19.867215456626,12,1,6.49077647059896,-42.3474978597583,479.666691679608,-43.9310499760468,473.372047774964,2,31,2,ublox.f9p,harsh,0.728439880097966
1621308085,25,0.78,1.26,3.25576411921994,6.5,0.015,27.75,10.7283164659488,35,0.09375,20.5810381282088,11,1,6.70473307036745,-42.2788095324929,479.86970501886,-43.9310499760468,473.371740178884,2,32,2,ublox.f9p,harsh,0.742328014746073
1621308086,25,0.78,1.26,3.25576411921994,6.5,0.00833333333333333,27.875,10.6974522140072,35,0.09375,20.1682919455268,11,1,6.91575090345114,-42.2101212078491,480.072718358112,-43.9310499760468,473.374508542543,2,32,2,ublox.f9p,harsh,0.734354505008572
1621308087,25,0.75,1.2,3.25576411921994,6.4,0.0194444444444444,27.625,11.2615532074915,38,0.09375,20.5609063410448,11,1,7.07402673309641,-42.1414328805837,480.238820181552,-43.9341981904893,473.395732664637,2,32,2,ublox.f9p,harsh,0.741942751872222
1621308088,25,0.78,1.25,3.25576411921994,6.4,0.0147222222222222,27.8125,10.6420877772204,36,0.09375,19.9813173609315,10,1,7.23802543373866,-42.0727445559399,480.40492200464,-43.9382050116116,473.411420058707,2,32,2,ublox.f9p,harsh,0.730691097124532
1621308089,24,0.91,1.55,3.25576411921994,6.3,0.215,27.09375,10.4367816538588,34,0.09375,20.7123571601697,10,1,7.33264853709353,-42.0040562286745,480.40492200464,-43.9238949431036,473.328061551083,2,32,2,ublox.f9p,harsh,0.744831843807411
1621308090,24,0.91,1.54,3.25576411921994,6.3,0.688611111111111,27.0625,10.3454446886759,39,0.09375,19.8683164863055,10,1,7.4755334020429,-41.8323354131326,480.017351084571,-43.8303070981548,472.813761091317,2,32,2,ublox.f9p,harsh,0.728461659593106
1621308091,25,0.78,1.33,3.25576411921994,6.3,1.9025,27.6363636363636,10.6443006516932,41,0.0909090909090909,18.7698648393364,10,1,7.53193789260525,-41.5404100255316,478.559346192236,-43.5575572042421,471.302542096942,2,33,2,ublox.f9p,harsh,0.706197357545079
1621308092,25,0.83,1.41,3.25576411921994,6.3,3.25111111111111,28.90625,10.822197543818,40,0.0625,12.3814903928334,8,1,7.75096216667164,-40.9393871717903,475.827893989089,-43.0372431319573,468.36623097877,2,32,2,ublox.f9p,harsh,0.559257458804105
1621308093,25,0.76,1.24,3.25576411921994,6.2,4.33861111111111,27.6774193548387,8.58831414102595,30,0.0645161290322581,10.7136206142773,7,1,7.92736781635895,-40.1666435038179,471.952184783111,-42.3134398966044,464.321036393532,2,31,2,ublox.f9p,harsh,0.51783294807674
1621308094,25,0.73,1.18,3.18904374382039,6.2,5.25027777777778,28.4516129032258,9.65000417850486,32,0.0645161290322581,9.31956800640925,5,1,8.11392435211781,-39.2565231826255,467.098320395981,-41.4016023672959,459.273078950288,2,31,2,ublox.f9p,harsh,0.482995760282207
1621308095,24,0.73,1.19,3.18904374382039,6.1,6.15972222222222,29.9,9.95628375484028,32,0.0666666666666667,10.3089450394348,6,1,8.00714520405333,-38.5181236782859,461.118654763044,-40.3249128549099,453.318020994559,2,30,2,ublox.f9p,harsh,0.507723011713485
1621308096,24,0.74,1.18,3.11448230047949,6,6.64638888888889,29.1666666666667,9.35905732555307,32,0.0666666666666667,10.8749085680587,6,1,7.8307646526104,-37.9686170667166,454.345391530831,-39.105981268056,446.597664269363,2,30,2,ublox.f9p,harsh,0.521858772542197
1621308097,23,0.73,1.19,3.11448230047949,6,7.53333333333333,29.71875,10.7290211651059,41,0.0625,10.2300070126203,7,1,7.78494614170282,-36.7665713618557,447.018455554403,-37.7035946093264,439.290106839256,2,32,2,ublox.f9p,harsh,0.505749921826565
1621308098,22,0.79,1.37,3.11448230047949,6,8.09888888888889,29.2,9.39699144811051,32,0,7.64367151869534,3,1,7.75853701356005,-35.3241165128766,439.137846834817,-36.2104821196117,431.430107049252,2,30,2,ublox.f9p,harsh,0.441362845675732
1621308099,20,0.79,1.37,3.18904374382039,6,8.45722222222222,29.6,8.58065185209705,38,0.0333333333333333,14.8663410171466,6,1,7.85871415986186,-33.9331779086912,430.906578709917,-34.6375194524986,423.079491688803,2,30,2,ublox.f9p,harsh,0.619313192791992
1621308100,22,0.79,1.37,3.18904374382039,6,8.85027777777778,29.3125,8.88433743240897,38,0.03125,15.7120517892658,7,1,7.85711314983383,-32.2674859993766,422.250828149487,-32.9912892360402,414.427124683488,2,32,2,ublox.f9p,harsh,0.639041217364698
1621308101,23,0.79,1.37,3.18904374382039,6,8.7025,29.84375,8.87588023803837,38,0.03125,16.3892992661304,8,1,7.87520467357713,-30.9452357250782,413.59507758765,-31.3227353140727,405.72892587852,2,32,2,ublox.f9p,harsh,0.654511529014821
1621308102,23,0.79,1.34,3.2649655434629,6,8.69416666666667,28.2941176470588,8.48360062125105,34,0.0882352941176471,14.4378133574809,8,1,7.96990336050135,-29.1421671625435,405.068517333793,-29.6765050976143,397.116546348755,2,34,3,ublox.f9p,harsh,0.609159677596172
1621308103,25,0.82,1.36,3.2649655434629,6,8.53972222222222,27.2352941176471,8.4997640734795,34,0.0882352941176471,20.0312984268785,8,1,8.02719434844816,-27.4593031707572,396.708058902672,-28.0491641730546,388.702566219162,2,34,3,ublox.f9p,harsh,0.73167349785419
1621308104,25,0.83,1.41,3.2649655434629,6,8.09416666666667,26.2352941176471,8.25744411087394,37,0.0882352941176471,23.2301808935666,9,1,8.41634484156198,-25.4329975518194,388.845905940112,-26.4630362419704,380.492829812787,2,34,3,ublox.f9p,harsh,0.789683399694945
1621308105,25,0.97,1.46,3.34215499341368,6,8.11666666666667,23.4571428571429,7.84910207357151,39,0.114285714285714,29.1034911995108,10,1,8.5261750093994,-23.6986173165501,380.928385704362,-24.9218419236943,372.490413089369,2,35,3,ublox.f9p,harsh,0.871058364581877
1621308106,23,0.71,1.09,3.56089876295297,6,8.01472222222222,22.4848484848485,8.00047347083757,40,0.121212121212121,27.733447151573,8,1,8.28830421120734,-22.548087855172,372.955498194016,-23.4313052461537,364.714386998443,2,33,3,ublox.f9p,harsh,0.854873126101176
1621308107,21,0.76,1.1,3.64005494464026,6,7.79527777777778,23.2,8.59137734626308,36,0.114285714285714,29.7247371729339,9,1,8.1352764548224,-21.5349350417707,365.185624022921,-21.9407685712348,357.060476507783,2,35,3,ublox.f9p,harsh,0.87787656667715
1621308108,25,0.83,1.23,3.78021163428716,6,7.90222222222222,22.7428571428571,9.05974566953392,35,0.114285714285714,33.3784174280327,15,1,7.84838438548273,-20.109652277885,357.157369237624,-20.4221841602575,349.315210014247,2,35,3,ublox.f9p,harsh,0.911962960208788
1621308109,25,0.98,1.39,3.78021163428716,6,8.04833333333333,22.8,8.81776282151378,32,0.114285714285714,206.115051811684,16,1,7.67454254674146,-18.7530578373323,349.110658694598,-18.8735486072486,341.437062062242,2,35,3,ublox.f9p,harsh,0.999999996960294
1621308110,23,0.95,1.39,3.86005181312376,6.1,7.82805555555556,22.7647058823529,10.048545269445,35,0.117647058823529,32.529657796596,15,1,7.5534021071901,-17.3964633954688,341.230049975012,-17.3626916341045,333.676723366091,2,34,3,ublox.f9p,harsh,0.904906050325781
1621308111,23,0.95,1.38,3.94081209904761,6.1,7.89777777777778,21.4117647058824,9.47122483218231,37,0.117647058823529,28.5023568819508,13,1,7.25653678972815,-15.6449110803494,333.367897012804,-15.8775927827019,326.115091665487,2,34,3,ublox.f9p,harsh,0.864154773109523
1621308112,24,1,1.48,4.02243707222375,6,7.0625,23.65625,10.2661654587196,39,0.09375,31.7622846670816,15,1,6.8102535834011,-14.2368003923815,325.819491939395,-14.4337069273964,319.012085554677,2,32,3,ublox.f9p,harsh,0.89809441610714
1621308113,24,0.86,1.29,4.10487515035476,6,6.11333333333333,24.40625,10.2386345328259,38,0.09375,30.8542946767545,14,1,5.90451759555549,-13.000410522577,318.787848093684,-13.1675521173499,312.885696644973,2,32,4,ublox.f9p,harsh,0.889478913271135
1621308114,23,1.01,1.36,4.10487515035476,5.9,4.79083333333333,24.625,10.9801874359699,41,0.09375,47.139039987139,16,1,5.28058600178837,-12.5367643246773,313.085018832679,-12.1369410236196,307.819591039022,2,32,4,ublox.f9p,harsh,0.97619818994416
1621308115,25,0.94,1.24,4.04969134626332,5.9,4.12305555555556,25.6451612903226,9.77939462031188,33,0.0645161290322581,31.7249770160148,15,1,4.90225831093,-11.4377511041605,308.526446575562,-11.27003710843,303.627057984858,2,31,4,ublox.f9p,harsh,0.897752465899446
1621308116,24,0.93,1.22,4.13400532171888,5.8,3.80916666666667,26.4838709677419,10.7977496659935,36,0.0645161290322581,30.9257376629887,14,1,4.7427614415598,-10.3559099674262,304.466179787004,-10.461232067398,299.724587929115,2,31,4,ublox.f9p,harsh,0.890179290134643
1621308117,25,1.15,1.57,4.13400532171888,5.8,4.15138888888889,25.6,11.0325720962441,38,0.0857142857142857,51.7969995913534,16,1,4.5106317771755,-9.6518546240976,300.202899660604,-9.63182052897289,295.692312374641,2,35,4,ublox.f9p,harsh,0.984927556651335
1621308118,25,0.92,1.35,4.13400532171888,5.8,4.59472222222222,25.4,11.0937184133767,37,0.0857142857142857,31.5335707929902,12,1,4.61339947997349,-8.70739014189411,295.718150435814,-8.68105961526265,291.104826095906,2,35,4,ublox.f9p,harsh,0.895982066813807
1621308119,23,1.18,1.57,4.13400532171888,5.8,4.77555555555556,27.3529411764706,10.3129290814423,35,0.0882352941176471,45.7624482153945,14,1,4.73256519211874,-7.90030230897822,290.956564839445,-7.64930371699552,286.230660375274,2,34,4,ublox.f9p,harsh,0.972781029142443
1621308120,24,1.18,1.57,4.13400532171888,5.8,4.14555555555556,25.6571428571429,10.3751480702201,35,0.0857142857142857,46.8921704783849,14,1,4.80608811792676,-7.05887031374043,286.637917437743,-6.71657348850428,281.844034264291,2,35,4,ublox.f9p,harsh,0.975617787972041
1621308121,26,1.08,1.63,4.13400532171888,5.8,3.17305555555556,24.4285714285714,9.11135592119467,31,0.0857142857142857,36.767728150286,13,1,4.7103096585656,-6.38915913404455,283.149779151834,-5.97502576841122,278.457710244087,2,35,4,ublox.f9p,harsh,0.935642068452753
1621308122,26,1.08,1.63,4.2190046219458,5.9,2.18,23.7428571428571,9.62638181721234,32,0.0857142857142857,50.9322384808155,14,1,4.5967492391886,-5.97702917831693,280.676707562537,-5.44583945506712,276.110753002327,2,35,4,ublox.f9p,harsh,0.983588476402648
1621308123,25,1.24,1.67,4.27200187265877,5.9,1.51472222222222,22.6470588235294,9.44163042205836,31,0.0882352941176471,39.2758970229392,13,1,4.54445467465294,-5.70227587187692,278.978777815139,-5.07349148779931,274.478033600199,2,34,4,ublox.f9p,harsh,0.949193563887874
1621308124,26,1.24,1.67,4.35660418215839,5.9,1.12888888888889,22.4571428571429,10.0098271041743,33,0.0857142857142857,37.8975334748617,12,1,4.44818012357424,-5.44469464921946,277.705330504678,-4.7970209758648,273.304554979319,2,35,2,ublox.f9p,harsh,0.942119596163899
1621308125,25,1.2,1.55,4.35660418215839,6,1.2675,22.3714285714286,9.45604604063924,31,0.0857142857142857,38.8137325354485,13,1,4.25928102373705,-5.04973677596359,276.431883194218,-4.56491167184835,272.200285451334,2,35,2,ublox.f9p,harsh,0.946917931694105
1621308126,25,1.24,1.67,4.44184646290256,6,1.46694444444444,22.9428571428571,10.0321332466725,33,0.0857142857142857,48.2163613309839,15,1,4.11638996179643,-4.68912306240802,274.973878302236,-4.28872736170346,270.877007593947,2,35,2,ublox.f9p,harsh,0.978577037079472
1621308127,25,0.86,1.34,4.44184646290256,6,1.54444444444444,23.0294117647059,9.6467463320546,32,0.0588235294117647,38.7080902396385,12,1,4.01614909663175,-4.34568143132421,273.42359461914,-3.98564012265867,269.423616641397,2,34,2,ublox.f9p,harsh,0.946384413469674
1621308128,25,0.86,1.19,4.57930125674212,6.1,1.2475,23.1818181818182,9.07763235050358,31,0.0606060606060606,38.48308611152,12,1,3.89914039313819,-3.98506771907944,272.094780034434,-3.74437237841492,268.20307583725,2,33,2,ublox.f9p,harsh,0.945231186863466
1621308129,26,1.37,1.88,4.57930125674212,6.1,1.36,23.1176470588235,9.30547152789724,32,0.0882352941176471,49.6306524908414,15,1,3.64549986500172,-4.0709281275058,270.61831938437,-3.50911485995589,267.01637058988,2,34,2,ublox.f9p,harsh,0.981349674592587
1621308130,26,0.89,1.32,4.57930125674212,6.1,1.47472222222222,23.2352941176471,9.06561543659374,31,0.0882352941176471,43.8111572547451,14,1,3.5619417899188,-3.89920731327469,269.123402976224,-3.24180279087029,265.62265325528,2,34,2,ublox.f9p,harsh,0.967109113900182
1621308131,24,0.91,1.34,4.66476151587624,6.2,1.62027777777778,22.71875,9.40910463327941,32,0.09375,36.2316447781954,15,1,3.49117041417892,-3.55576568219087,267.517752018883,-2.94358097438418,264.080674663867,2,32,2,ublox.f9p,harsh,0.932337608274304
1621308132,24,1,1.59,4.66476151587624,6.2,1.67777777777778,23.0909090909091,9.87852353708424,39,0.0909090909090909,38.0266211099997,15,1,3.34541790365931,-3.0921194803588,265.801366513404,-2.63276629881697,262.487635141561,2,33,2,ublox.f9p,harsh,0.942819510148849
1621308133,26,0.75,1.26,4.57930125674212,6.2,1.74555555555556,23.7142857142857,9.51955086858071,32,0.0857142857142857,32.7331381528465,13,0,2.88469543724174,-2.67998952463118,263.992702216459,-2.63391110466463,261.108374817418,2,35,3,ublox.f9p,harsh,0.906642653115864
1621308134,27,0.74,1.25,4.57930125674212,6.2,0.920277777777778,22.9428571428571,9.66480229292584,34,0.0857142857142857,31.6074226514385,14,0,2.54827918240686,-2.33654789354737,262.793077938678,-2.79218045575659,260.285863197228,2,35,2,ublox.f9p,harsh,0.896668342796155
1621308135,25,0.89,1.61,4.63249392876019,6.3,0.0991666666666667,21.7058823529412,9.13710189371021,32,0.0882352941176471,37.8787814393934,15,0,2.29168590375385,-2.26785956890357,262.423962776338,-2.97191490961055,260.243107357314,2,34,2,ublox.f9p,harsh,0.942017256005321
1621308136,28,0.71,1.18,4.63249392876019,6.3,0.0355555555555556,21.5882352941176,9.27726986701277,31,0.0882352941176471,27.6446236615966,12,0,2.13216398454465,-2.25068748381021,262.25786095325,-3.02772417469444,260.272328974658,2,34,2,ublox.f9p,harsh,0.853767659620508
1621308137,26,0.69,1.06,4.54862616621766,6.3,0.0497222222222222,21.2352941176471,9.82285159957317,31,0.117647058823529,26.6882152519297,12,0,2.02156536326761,-2.28503165006452,262.147126404759,-3.05033408199329,260.276020126204,2,34,2,ublox.f9p,harsh,0.841418636617307
1621308138,24,0.88,1.61,4.54862616621766,6.3,0.0263888888888889,21.1764705882353,9.90705468947865,31,0.147058823529412,33.2032514837163,11,0,1.83233525881756,-2.40523622081277,261.999480339048,-3.11272597775194,260.309240490822,2,34,2,ublox.f9p,harsh,0.91054642806696
1621308139,23,0.67,1.07,4.54862616621766,6.3,0.0347222222222222,21.1176470588235,10.1526670801989,31,0.147058823529412,30.3456002502085,8,0,1.68554113618079,-2.52544079156103,261.888745790557,-3.11301217954156,260.308932894742,2,34,2,ublox.f9p,harsh,0.884378173986239
1621308140,23,0.67,1.07,4.54862616621766,6.4,0.0413888888888889,20.9705882352941,10.2793859447474,31,0.147058823529412,29.3340478563113,8,0,1.53127271881219,-2.67998952463118,261.778011242067,-3.11301217954156,260.309240490822,2,34,2,ublox.f9p,harsh,0.873625799455066
1621308141,24,0.87,1.61,4.46542271235322,6.4,0.0213888888888889,21.2647058823529,10.2522985553704,31,0.147058823529412,46.8993788778746,11,0,1.3830005892154,-2.85171033755149,261.667276692519,-3.11329838133118,260.309240490822,2,34,2,ublox.f9p,harsh,0.975634929233217
1621308142,21,0.68,1.08,4.52216762183801,6.4,0.0205555555555556,21.2857142857143,9.94860743601668,30,0.171428571428571,28.1609174695583,7,0,1.23510756736856,-2.9890869894607,261.538086385595,-3.11329838133118,260.309240490822,2,35,2,ublox.f9p,harsh,0.860096506489345
1621308143,23,0.68,1.08,4.52216762183801,6.4,0.0380555555555556,21.6764705882353,10.17638558278,31,0.147058823529412,11.9593630113131,7,0,1.15509466412202,-3.12646364661311,261.464263353268,-3.11358458180999,260.309240490822,2,34,2,ublox.f9p,harsh,0.548827962147867
1621308144,24,0.88,1.42,4.4407206622349,6.4,0.0172222222222222,21.8529411764706,9.98220341541576,31,0.147058823529412,87.5276943185828,10,0,1.03236036319544,-3.22949613226801,261.335073046343,-3.11358458180999,260.309240490822,2,34,2,ublox.f9p,harsh,0.999570633156295
1621308145,21,0.71,1.16,4.4407206622349,6.4,0.02,21.9722222222222,10.0640409694576,32,0.166666666666667,31.7092520672858,9,0,0.927305353094477,-3.26384029852231,261.224338497852,-3.11387078359961,260.309240490822,2,36,2,ublox.f9p,harsh,0.897608031606874
1621308146,23,0.69,1.05,4.4407206622349,6.4,0.00472222222222222,22.2,10.3633971264253,31,0.171428571428571,34.5522660748769,10,0,0.829214739224114,-3.31535654069436,261.113603949362,-3.11387078359961,260.309240490822,2,35,2,ublox.f9p,harsh,0.920942823346987
1621308147,23,0.88,1.61,4.4407206622349,6.4,0.0130555555555556,21.7714285714286,9.71985752221198,31,0.171428571428571,59.7059803613431,13,0,0.720918899474318,-3.36687278417721,260.984413642437,-3.11415698538922,260.309240490822,2,35,2,ublox.f9p,harsh,0.993108820848925
1621308148,21,0.71,1.17,4.4407206622349,6.5,0.00833333333333333,22.4375,9.78457475957982,30,0.15625,33.8206333189554,9,0,0.649531791482391,-3.43556111144262,260.873679093242,-3.11415698538922,260.309240490822,2,32,3,ublox.f9p,harsh,0.915449277036685
1621308149,21,0.69,1.05,4.4407206622349,6.5,0.0238888888888889,21.3636363636364,9.62035011647894,31,0.121212121212121,35.9596202109295,10,0,0.620892030436971,-3.46990527376452,260.818311819349,-3.11444318586804,260.309240490822,2,33,3,ublox.f9p,harsh,0.930601249631043
1621308150,20,0.91,1.61,4.5,6.5,0.0377777777777778,21.9375,9.60153717531897,31,0.125,59.1642052411607,12,0,0.619844032392397,-3.55576568219087,260.744488786317,-3.11444318586804,260.309240490822,2,32,3,ublox.f9p,harsh,0.992727965145223
1621308151,21,0.68,1.13,4.5,6.5,0.015,21.5294117647059,9.20222402010628,32,0.147058823529412,213.457333399015,11,0,0.621839198134592,-3.60728192567372,260.689121512424,-3.11472938765765,260.309548086549,2,34,3,ublox.f9p,harsh,0.999999998541319
1621308152,20,0.68,1.13,4.42040722106007,6.5,0.0219444444444444,21.4411764705882,9.13266258254964,30,0.147058823529412,14.1008542616783,9,0,0.663077043139375,-3.69314233410008,260.633754237827,-3.11472938765765,260.309548086549,2,34,3,ublox.f9p,harsh,0.601108362263986
1621308153,21,0.91,1.61,4.42040722106007,6.6,0.0294444444444444,21.6,9.41275730060007,32,0.142857142857143,48.6832946894331,11,0,0.72347574031165,-3.77900274252643,260.596842721663,-3.11501558944727,260.309548086549,2,35,4,ublox.f9p,harsh,0.979534350686503
1621308154,23,0.66,1.09,4.42040722106007,6.6,0.0566666666666667,21.5428571428571,9.38190641965837,31,0.142857142857143,13.0487380699205,8,0,0.834250710818756,-3.91637939443564,260.541475447066,-3.11501558944727,260.309548086549,2,35,4,ublox.f9p,harsh,0.5756335249631
1621308155,22,0.66,1.09,4.42040722106007,6.6,0.0183333333333333,21.6571428571429,8.93750477463585,30,0.142857142857143,13.2183995610861,9,0,0.921188648668825,-4.01941188533375,260.486108173172,-3.11530179123689,260.309548086549,2,35,4,ublox.f9p,harsh,0.579772597988069
1621308156,23,0.83,1.49,4.42040722106007,6.6,0.0325,21.4,9.45329074356401,31,0.142857142857143,38.0729352690333,10,0,0.995287139603885,-4.1052722898277,260.412285140141,-3.11530179123689,260.309548086549,2,35,4,ublox.f9p,harsh,0.943068682394375
1621308157,24,0.66,1.11,4.42040722106007,6.6,0.0227777777777778,21.3142857142857,9.67644632317971,31,0.142857142857143,28.0547821235525,10,0,1.12805597689158,-4.24264894435851,260.356917866248,-3.1155879917157,260.309548086549,2,35,4,ublox.f9p,harsh,0.858814486787982
1621308158,24,0.66,1.11,4.42040722106007,6.6,0.0169444444444444,21.2058823529412,9.99326867920755,30,0.147058823529412,201.684330576275,11,0,1.26446289614598,-4.38002559626771,260.30155059165,-3.1155879917157,260.309548086549,2,34,4,ublox.f9p,harsh,0.999999995265705
1621308159,24,0.71,1.22,4.34165866921848,6.6,0.0358333333333333,22.2,9.81835016690686,31,0.142857142857143,49.7419842788765,11,0,1.43820152350404,-4.55174641049882,260.227727559323,-3.11587419350532,260.309548086549,2,35,4,ublox.f9p,harsh,0.981552351266869
1621308160,25,0.65,1.08,4.34165866921848,6.6,0.00805555555555556,22.5882352941176,9.8137740155257,30,0.117647058823529,39.7278449788894,10,0,1.60203503699359,-4.70629514487978,260.116993010833,-3.11587419350532,260.309548086549,2,34,4,ublox.f9p,harsh,0.951329366420505
1621308161,23,0.65,1.08,4.34165866921848,6.6,0.0275,22.3235294117647,9.23996782178345,30,0.176470588235294,25.5357318281658,8,0,1.74521091392335,-4.84367179678898,260.061625736235,-3.11616039529493,260.309548086549,2,34,4,ublox.f9p,harsh,0.82542921143428
1621308162,22,0.72,1.14,4.34165866921848,6.6,0.005,22.2857142857143,10.0193090890464,31,0.171428571428571,28.988689016737,9,0,1.86194444934724,-4.94670428506549,259.969346945474,-3.11616039529493,260.309855682629,2,35,4,ublox.f9p,harsh,0.86976345406578
1621308163,22,0.66,1.1,4.34165866921848,6.6,0.0238888888888889,22.0555555555556,9.87911055696946,30,0.166666666666667,26.6118966531561,9,0,2.00197990138937,-5.06690885581374,259.858612396983,-3.11644659708455,260.309855682629,2,36,4,ublox.f9p,harsh,0.840397636835764
1621308164,22,0.72,1.21,4.34165866921848,6.6,0.0158333333333333,21.3428571428571,10.1545204571307,32,0.171428571428571,54.9927109794522,11,0,2.11244623401956,-5.1527692642401,259.747877847788,-3.11644659708455,260.309855682629,2,35,4,ublox.f9p,harsh,0.989005134128405
1621308165,22,0.85,1.35,4.34165866921848,6.6,0.0111111111111111,21.6470588235294,10.4414162308341,33,0.176470588235294,54.5624642038829,11,0,2.20961725269423,-5.2214575888839,259.637143299298,-3.11673279625256,260.309855682629,2,34,4,ublox.f9p,harsh,0.988527305224645
1621308166,22,0.68,1.16,4.34165866921848,6.6,0.0244444444444444,22.6764705882353,9.79400121977979,31,0.176470588235294,292.015969169496,11,0,2.29415878216007,-5.27297383629915,259.526408750807,-3.11673279625256,260.309855682629,2,34,5,ublox.f9p,harsh,0.999999999999435
1621308167,20,0.68,1.16,4.34165866921848,6.6,0.0138888888888889,22.5,9.99031789348583,30,0.1875,53.9568051146639,8,0,2.42748218635992,-5.35883424341471,259.378762684744,-3.11701899804218,260.309855682629,2,32,5,ublox.f9p,harsh,0.987819702560044
1621308168,20,0.77,1.22,4.26380112106557,6.6,0.0416666666666667,22.75,9.64866696458886,30,0.15625,67.3589637687517,8,0,2.49563448261894,-5.39317840704741,259.286483895039,-3.11701899804218,260.309855682629,2,32,5,ublox.f9p,harsh,0.996782398798998
1621308169,19,0.68,1.16,4.26380112106557,6.6,0.0166666666666667,22.9090909090909,9.22755261554911,30,0.151515151515152,75.9248555099746,7,0,2.57357756292473,-5.42752256805851,259.175749345492,-3.1173051998318,260.309855682629,2,33,5,ublox.f9p,harsh,0.99863124709428
1621308170,20,0.68,1.16,4.26380112106557,6.6,0.0180555555555556,22.6666666666667,9.54485026947341,30,0.121212121212121,80.9420443617194,7,0,2.66972180231995,-5.47903881547376,259.065014797001,-3.1173051998318,260.309855682629,2,33,5,ublox.f9p,harsh,0.99917078740879
1621308171,22,0.86,1.59,4.26380112106557,6.6,0.0127777777777778,22.0909090909091,9.81186665587783,30,0.121212121212121,109.875128728223,13,0,2.78593135598966,-5.53055505895661,258.917368731643,-3.11759140162141,260.309855682629,2,33,5,ublox.f9p,harsh,0.999954031714374
1621308172,20,0.69,1.19,4.26380112106557,6.6,0.00972222222222222,21.5454545454545,10.3955847270936,32,0.121212121212121,110.386900609116,10,0,2.91103044432214,-5.59924338622202,258.788178425423,-3.11759140162141,260.309855682629,2,33,5,ublox.f9p,harsh,0.999956324957852
1621308173,22,0.68,1.15,4.26380112106557,6.6,0.0375,21.71875,10.3057590382678,30,0.125,118.377663644794,12,1,3.01358749181243,-5.65075962839407,258.677443876227,-3.11759140162141,260.309855682629,2,32,5,ublox.f9p,harsh,0.999980356931063
1621308174,22,0.88,1.71,4.26380112106557,6.6,0.0211111111111111,23,10.3053384223906,30,0.129032258064516,222.332119505114,11,1,3.14205253543532,-5.71944795697027,258.548253569303,-3.11787760210023,260.310163278708,2,31,5,ublox.f9p,harsh,0.999999999399472
1621308175,18,0.72,1.18,4.26380112106557,6.6,0.0211111111111111,24.2142857142857,10.0677598481384,29,0.142857142857143,60.008893280307,12,1,3.25808651867436,-5.77096419914232,258.419063262378,-3.11787760210023,260.310163278708,2,28,5,ublox.f9p,harsh,0.993313058785813
1621308176,18,0.72,1.18,4.26380112106557,6.6,0.0294444444444444,23.6071428571429,9.76137242063797,30,0.107142857142857,65.8536711201433,13,1,3.33984091985981,-5.80530836277503,258.326784472321,-3.11816380388984,260.310163278708,2,28,5,ublox.f9p,harsh,0.996261655682405
1621308177,18,0.93,1.51,4.26380112106557,6.6,0.0266666666666667,23.8275862068966,9.55835074505624,30,0.137931034482759,78.1518241568783,13,1,3.4203273579668,-5.82248044393598,258.216049923126,-3.11816380388984,260.310163278708,2,29,5,ublox.f9p,harsh,0.998904209005948
1621308178,17,0.72,1.18,4.26380112106557,6.6,0.0283333333333333,22.8,9.92176291343151,30,0.133333333333333,69.3293228006736,12,1,3.46773847356428,-5.83965252378612,258.160682649233,-3.11845000567946,260.310163278708,2,30,5,ublox.f9p,harsh,0.997356309631717
1621308179,17,0.72,1.18,4.18688428309166,6.6,0.00944444444444444,23.0344827586207,10.2207169116062,31,0.137931034482759,52.7457197541275,12,1,3.53895193039797,-5.85682460887948,258.068403858472,-3.11845000567946,260.310163278708,2,29,5,ublox.f9p,harsh,0.986273047102432
1621308180,19,0.93,1.78,4.18688428309166,6.6,0.0272222222222222,22.9677419354839,9.89775688718659,31,0.161290322580645,58.8782763722872,11,1,3.6109825123416,-5.87399669004043,257.976125067711,-3.11873620615828,260.310163278708,2,31,5,ublox.f9p,harsh,0.992518613547959
1621308181,20,0.72,1.18,4.18688428309166,6.6,0.00472222222222222,23.4838709677419,9.31619009302957,29,0.193548387096774,45.3078412219174,12,1,3.69638961329087,-5.89116877120138,257.86539051922,-3.11873620615828,260.310163278708,2,31,5,ublox.f9p,harsh,0.971551093122873
1621308182,19,0.72,1.18,4.18688428309166,6.6,0.00527777777777778,22.8125,9.61328885349053,30,0.1875,45.829970439399,11,1,3.7829769998996,-5.90834085105153,257.754655970025,-3.11902240794789,260.310163278708,2,32,5,ublox.f9p,harsh,0.972959245550753
1621308183,20,0.93,1.51,4.18688428309166,6.6,0.02,22.7272727272727,9.49760735419956,30,0.181818181818182,51.9141502867956,10,1,3.84625026490001,-5.89116877120138,257.643921421535,-3.11902240794789,260.310163278708,2,33,5,ublox.f9p,harsh,0.985100485580765
1621308184,18,0.72,1.18,4.18688428309166,6.6,0.01,22.75,9.85049532077023,31,0.15625,29.9963664466215,11,1,3.92277159775719,-5.90834085105153,257.551642630774,-3.11930860973751,260.310163278708,2,32,5,ublox.f9p,harsh,0.880758922719267
1621308185,20,0.72,1.18,4.18688428309166,6.6,0.0205555555555556,22.28125,9.72271824131503,31,0.15625,31.0111929939674,13,1,4.00163609829991,-5.90834085105153,257.440908082283,-3.11930860973751,260.310470874788,2,32,5,ublox.f9p,harsh,0.891011921188592
1621308186,22,0.93,1.78,4.18688428309166,6.6,0.0197222222222222,23.09375,9.52199279427335,30,0.15625,227.771702588359,13,1,4.09332978646174,-5.92551293221248,257.330173533792,-3.11959481152712,260.310470874788,2,32,5,ublox.f9p,harsh,0.999999999651426
1621308187,20,0.72,1.18,4.18688428309166,6.6,0.0102777777777778,24.2727272727273,9.49102446812489,29,0.181818181818182,302.74641879122,14,1,4.15902507256304,-5.94268501468423,257.256350500761,-3.11959481152712,260.310470874788,2,33,5,ublox.f9p,harsh,0.999999999999807
1621308188,18,0.72,1.18,4.18688428309166,6.6,0.0155555555555556,23.4848484848485,9.52995675528361,32,0.181818181818182,30.8889716796881,11,1,4.20185678302292,-5.92551293221248,257.182527468434,-3.11988101200594,260.310470874788,2,33,5,ublox.f9p,harsh,0.889819349493902
1621308189,20,0.93,1.78,4.18688428309166,6.6,0.0358333333333333,23.0588235294118,10.736347712809,36,0.176470588235294,210.826979339437,11,1,4.24579987774213,-5.90834085105153,257.108704436107,-3.11988101200594,260.310470874788,2,34,5,ublox.f9p,harsh,0.999999998102442
1621308190,20,0.7,1.15,4.18688428309166,6.6,0.0202777777777778,22.3125,10.7536565424165,32,0.1875,25.8381113860901,10,1,4.32674225926297,-5.92551293221248,257.016425644641,-3.12016721379556,260.310470874788,2,32,4,ublox.f9p,harsh,0.829743591143152
1621308191,18,0.7,1.15,4.18688428309166,6.6,0.0363888888888889,21.2258064516129,10.7446410748781,31,0.193548387096774,29.1654802479787,9,1,4.38302355973582,-5.92551293221248,256.942602612314,-3.12045341558517,260.310470874788,2,31,4,ublox.f9p,harsh,0.871752998866223
1621308192,20,0.77,1.34,4.18688428309166,6.6,0.0122222222222222,21,10.7613406048179,33,0.1875,53.1777208988877,10,1,4.47602847281871,-5.95985709584518,256.850323821553,-3.12045341558517,260.310470874788,2,32,4,ublox.f9p,harsh,0.986845792119492
1621308193,18,0.71,1.15,4.18688428309166,6.6,0.0208333333333333,20.34375,11.627579491825,38,0.21875,36.8977534617802,7,1,4.55474767487924,-5.99420126078869,256.776500789226,-3.12073961737479,260.310470874788,2,32,4,ublox.f9p,harsh,0.936420607749692
1621308194,18,0.71,1.15,4.18688428309166,6.6,0.0363888888888889,20.4375,11.3789208060201,38,0.21875,53.2210672572432,9,1,4.60859045855522,-6.01137334194964,256.721133514628,-3.12073961737479,260.310470874788,2,32,3,ublox.f9p,harsh,0.98690194220312
1621308195,17,0.82,1.37,4.18688428309166,6.6,0.01,21.3666666666667,10.8991721714536,35,0.166666666666667,56.9076093330233,9,1,4.7057626782633,-6.02854542311059,256.610398966138,-3.1210258178536,260.310470874788,2,30,3,ublox.f9p,harsh,0.990903801994144
1621308196,20,0.71,1.15,4.18688428309166,6.6,0.0266666666666667,20.6875,11.2549272364051,37,0.21875,62.2051404628267,9,1,4.80399956046043,-6.04571750296073,256.499664417647,-3.1210258178536,260.310778470515,2,32,3,ublox.f9p,harsh,0.994624501926008
1621308197,18,0.71,1.15,4.18688428309166,6.6,0.0427777777777778,21.1176470588235,10.1645990124441,31,0.235294117647059,64.6727672067758,9,1,4.81696693522613,-5.99420126078869,256.444297143049,-3.12131201833242,260.310778470515,2,34,3,ublox.f9p,harsh,0.99579504020223
1621308198,18,0.92,1.78,4.18688428309166,6.7,0.0144444444444444,22.3714285714286,9.61642502451409,31,0.2,74.1262835240707,10,1,4.89601061755226,-5.97702917831693,256.333562594559,-3.12131201833242,260.310470874788,2,35,3,ublox.f9p,harsh,0.99836198103323
1621308199,21,0.71,1.15,4.18688428309166,6.7,0.0230555555555556,21.3235294117647,10.1674483203798,36,0.176470588235294,77.9263883418191,8,1,5.0056887303015,-6.01137334194964,256.222828045364,-3.11902240794789,260.308317702583,2,34,3,ublox.f9p,harsh,0.998879253400752
1621308200,19,0.71,1.15,4.18688428309166,6.7,0.0119444444444444,21.5428571428571,9.79598614422331,32,0.2,13.8277076914433,6,1,5.06660140319505,-6.01137334194964,256.149005013037,-3.11243977596233,260.30431895531,2,35,3,ublox.f9p,harsh,0.594541204559588
1621308201,19,0.92,1.78,4.18688428309166,6.7,0.0163888888888889,20.6285714285714,10.4827188724101,36,0.2,45.8725259426995,10,1,5.16851976216858,-6.02854542311059,256.038270464546,-3.10700195113523,260.30185818773,2,35,3,ublox.f9p,harsh,0.973070982112641
1621308202,20,0.67,1.06,4.18688428309166,6.7,0.0311111111111111,20.4571428571429,10.708278427962,32,0.2,33.0128618513913,9,1,5.2917318629307,-6.02854542311059,255.890624399187,-3.10099172272889,260.298782227639,2,35,3,ublox.f9p,harsh,0.90898350427756
1621308203,20,0.68,1.06,4.18688428309166,6.7,0.0222222222222222,21.5833333333333,9.57190830354264,31,0.228571428571429,215.289205066538,10,1,5.35697182790203,-5.97702917831693,255.779889850697,-3.09526769480138,260.295706268252,2,36,2,ublox.f9p,harsh,0.999999998785484
1621308204,21,0.92,1.66,4.18688428309166,6.7,0.0380555555555556,21.3513513513514,10.5151113911155,32,0.222222222222222,38.255274146188,10,1,5.46668494528718,-5.97702917831693,255.650699543772,-3.09011607045309,260.292937904592,2,37,2,ublox.f9p,harsh,0.944039790074414
1621308205,22,0.75,1.26,4.25205832509386,6.7,0.0177777777777778,20.7837837837838,11.0205241232871,34,0.222222222222222,28.2893047264291,9,1,5.52995605073358,-5.97702917831693,255.576876511445,-3.08525064789442,260.29047713666,2,37,2,ublox.f9p,harsh,0.861634266383923
1621308206,21,0.68,1.06,4.25205832509386,6.7,0.00333333333333333,20.4166666666667,10.8057524362853,35,0.228571428571429,31.7032884729644,9,1,5.66067490507297,-6.04571750296073,255.466141962954,-3.08095762760418,260.28832396516,2,36,2,ublox.f9p,harsh,0.897553208493847
1621308207,22,0.91,1.66,4.25205832509386,6.7,0.0302777777777778,20.1666666666667,11.1854497323213,36,0.2,46.7398677586409,9,1,5.67419182056125,-5.94268501468423,255.392318929923,-3.07780941316161,260.290169540581,2,36,2,ublox.f9p,harsh,0.975252858109825
1621308208,22,0.68,1.06,4.18688428309166,6.7,0.134166666666667,20.1388888888889,10.575315673175,34,0.228571428571429,42.4440247631541,11,1,5.94530306096483,-6.02854542311059,255.060115283746,-3.05920632436338,260.210809780935,2,36,2,ublox.f9p,harsh,0.962471451790605
1621308209,21,0.67,1.06,4.18688428309166,6.7,0.926388888888889,20.9166666666667,9.93514684627977,31,0.228571428571429,37.5637191981838,10,1,6.21922983470338,-6.01137334194964,254.137327377544,-2.91725045037432,259.532253073853,2,36,2,ublox.f9p,harsh,0.940272204810598
1621308210,23,0.9,1.51,4.18688428309166,6.7,2.1575,22.1388888888889,9.99472082873976,33,0.222222222222222,118.968421093126,12,1,6.50498496944863,-5.99420126078869,252.033370950586,-2.52973381054046,257.53903119609,2,36,2,ublox.f9p,harsh,0.999981483727645
1621308211,21,0.73,1.15,4.18688428309166,6.7,2.99,21.6857142857143,9.9787168471686,30,0.228571428571429,36.7309202171685,11,1,6.39008575617485,-5.83965252378612,249.209639957382,-2.24381865265663,254.491985529428,2,35,3,ublox.f9p,harsh,0.935420070120595
1621308212,21,0.69,1.06,4.25205832509386,6.7,3.19833333333333,21.4166666666667,9.45477959250543,30,0.222222222222222,34.0289716137721,11,1,6.29249339309777,-6.73260076512837,246.164439867197,-2.8663066078491,251.129038802818,2,36,3,ublox.f9p,harsh,0.917047959921599
1621308213,23,0.75,1.24,4.25205832509386,6.7,3.38361111111111,22.1388888888889,9.84204618033633,32,0.222222222222222,216.657571254314,12,1,6.23391012779545,-9.11952009762173,243.894381617151,-4.84796481707922,248.434805712619,2,36,3,ublox.f9p,harsh,0.999999998940805
1621308214,19,0.73,1.18,4.25205832509386,6.7,3.53944444444444,22.0285714285714,9.30997477182945,32,0.228571428571429,36.932112752738,13,1,6.14441427794889,-12.2448389357656,242.288730660515,-7.84334823804667,246.576003273372,2,35,3,ublox.f9p,harsh,0.936624866353999
1621308215,20,1.02,1.84,4.25205832509386,6.7,3.46444444444444,22.4,10.7817929317683,38,0.2,34.304263583409,10,1,6.00463909324296,-15.6620831601996,241.421310028558,-11.3398702402323,245.589543001242,2,35,3,ublox.f9p,harsh,0.919118233887863
1621308216,24,1.02,1.84,4.25205832509386,6.7,3.3725,23.8571428571429,11.3348573699292,37,0.2,40.0250130126983,11,1,5.95825342360012,-18.9591228165069,240.775358493935,-14.7365079659623,244.978965003089,2,35,3,ublox.f9p,harsh,0.952686999425413
1621308217,24,0.77,1.26,4.25205832509386,6.7,2.85888888888889,24.1891891891892,10.1948729975138,34,0.216216216216216,35.18375572145,13,1,5.77375147455419,-21.8612045930044,240.461610606192,-17.7147193057688,244.47942915021,2,37,2,ublox.f9p,harsh,0.925420017832861
1621308218,25,0.76,1.31,4.17731971484108,6.7,1.9025,24.3513513513514,10.5151113911155,38,0.216216216216216,33.6051561778714,13,1,5.84227335526263,-23.9905427015295,240.000216652739,-19.849209039953,244.121079846429,2,37,2,ublox.f9p,harsh,0.913766443478162
1621308219,25,0.79,1.39,4.17731971484108,6.7,1.455,24.6,11.013894967401,35,0.228571428571429,34.8356618041531,11,1,5.77026364447484,-25.4673417141413,239.852570588437,-21.3388871121247,243.883923354673,2,35,2,ublox.f9p,harsh,0.922981687823977
1621308220,25,0.73,1.26,4.11096095821889,6.7,1.12944444444444,24.1351351351351,11.2895284867639,37,0.216216216216216,31.008855677609,10,1,5.71861226879812,-26.4976666073927,239.575734215449,-22.5208987244825,243.685216358774,2,37,2,ublox.f9p,harsh,0.890989221510354
1621308221,26,0.71,1.24,4.03608721412211,6.6,0.821388888888889,24.1388888888889,10.1310069384687,34,0.222222222222222,29.9310343653843,9,1,5.65926132297629,-27.2188940292606,239.391176634632,-23.3849406270192,243.553872879997,2,36,2,ublox.f9p,harsh,0.88007107931932
1621308222,25,0.81,1.58,4.03608721412211,6.6,0.432777777777778,26,9.02157906848291,33,0.189189189189189,32.283438478576,9,1,5.49334384859581,-27.5966798226664,239.409632392361,-23.9192785647116,243.4905081105,2,37,2,ublox.f9p,harsh,0.902766079771933
1621308223,23,0.81,1.58,3.96232255123179,6.6,0.154722222222222,27.1764705882353,8.99316436787372,29,0.176470588235294,93.8699962207104,9,1,5.225429402053,-27.5795077415054,239.557278458072,-24.1270607506915,243.47974225159,2,34,2,ublox.f9p,harsh,0.999772242116086
1621308224,23,0.83,1.61,3.89486841883009,6.5,0.0219444444444444,27.5,9.49363114187951,30,0.15625,100.3831113665,7,1,5.01808523913256,-27.4249590084353,239.686468764997,-24.1662703368828,243.502504353025,2,32,2,ublox.f9p,harsh,0.999881242849349
1621308225,21,0.89,1.7,3.82099463490856,6.5,0.00861111111111111,26.9142857142857,9.12131127238464,29,0.2,16.736990234366,7,1,4.82550662955084,-27.2360661130432,239.815659071217,-24.1699909535938,243.54187663712,2,35,2,ublox.f9p,harsh,0.662330936971885
1621308226,23,0.85,1.61,3.82099463490856,6.5,0.0377777777777778,26.6486486486486,9.47281553891103,30,0.189189189189189,215.879482371741,9,1,4.69132288397034,-27.0643452975013,239.889482104601,-24.1814390094489,243.590476800081,2,37,2,ublox.f9p,harsh,0.9999999988551
1621308227,21,0.85,1.61,3.75366487582469,6.4,0.015,26.7777777777778,9.83321226721276,34,0.194444444444444,43.7623904532399,9,1,4.60115559086481,-27.0128290527076,240.000216652739,-24.1937456667403,243.636616195461,2,36,2,ublox.f9p,harsh,0.966953637353667
1621308228,22,0.77,1.52,3.67967389859482,6.4,0.0111111111111111,26.5135135135135,9.85061087113558,32,0.189189189189189,33.847043902716,7,1,4.45391677355911,-26.9097965631203,240.11095120123,-24.1905974522978,243.638461771234,2,37,2,ublox.f9p,harsh,0.915653475797433
1621308229,24,0.8,1.54,3.67967389859482,6.4,0.0188888888888889,27.1666666666667,9.88360836363493,31,0.166666666666667,39.1376683430852,9,1,4.31180243321529,-26.7724199112111,240.184774234613,-24.1905974522978,243.638154175155,2,36,2,ublox.f9p,harsh,0.948522799924905
1621308230,22,0.78,1.47,3.67967389859482,6.3,0.00222222222222222,27.2857142857143,9.97517928062811,33,0.171428571428571,40.9863391875879,10,1,4.18590556344508,-26.6350432593019,240.240141508506,-24.1905974522978,243.638154175155,2,35,2,ublox.f9p,harsh,0.956836360363253
1621308231,23,0.78,1.47,3.60693775937429,6.3,0.0119444444444444,27.0277777777778,9.59906576141988,31,0.166666666666667,41.4737156631654,9,1,4.06692423638066,-26.4804945236102,240.27705302467,-24.1903112505082,243.637846579779,2,36,2,ublox.f9p,harsh,0.958805029176572
1621308232,22,0.78,1.47,3.60693775937429,6.3,0.0194444444444444,27.0294117647059,10.1816391313516,35,0.176470588235294,31.679721946518,9,1,4.0072156354654,-26.4289782801273,240.313964540481,-24.1903112505082,243.6375389837,2,34,2,ublox.f9p,harsh,0.897336307761684
1621308233,22,0.81,1.49,3.60693775937429,6.2,0.0102777777777778,26.4,10.1088196785835,35,0.171428571428571,26.8435645271216,7,1,3.93269102153591,-26.3774620379553,240.369331815431,-24.1900250500293,243.6375389837,2,35,2,ublox.f9p,harsh,0.84348053588485
1621308234,23,0.81,1.49,3.46554469023269,6.2,0.00416666666666667,25.6486486486486,10.2664940900436,34,0.189189189189189,27.5892436220416,8,1,3.85433625053279,-26.2916016282181,240.406243331595,-24.1900250500293,243.63723138762,2,37,3,ublox.f9p,harsh,0.853074892974523
1621308235,24,0.81,1.49,3.46554469023269,6.2,0.00694444444444444,25.7567567567568,9.86409145843145,33,0.189189189189189,24.9005238289583,8,1,3.7676892913368,-26.1885691386308,240.443154847758,-24.1897388482397,243.636923791541,2,37,3,ublox.f9p,harsh,0.816086134836218
1621308236,23,0.81,1.49,3.46554469023269,6.1,0.00833333333333333,25.8421052631579,10.1089372173486,34,0.184210526315789,23.2842267939329,8,1,3.66479992175968,-26.0511924867216,240.480066363922,-24.1897388482397,243.636923791541,2,38,3,ublox.f9p,harsh,0.790579607772512
1621308237,22,0.81,1.49,3.46554469023269,6.1,0.0366666666666667,26.3055555555556,9.91051229595393,33,0.194444444444444,22.9438652450051,7,1,3.61423133459278,-25.9825041594562,240.498522122356,-24.1894526464501,243.636616195461,2,36,3,ublox.f9p,harsh,0.784888728501429
1621308238,26,0.79,1.46,3.39411254969543,6.1,0.00333333333333333,25.8888888888889,10.1637388446175,34,0.194444444444444,204.958739750224,9,1,3.58038159739922,-25.9138158348124,240.498522122356,-24.1894526464501,243.636308599734,2,36,4,ublox.f9p,harsh,0.999999996587682
1621308239,22,0.79,1.46,3.39411254969543,6,0.00555555555555556,27.625,9.58409300401856,33,0.15625,20.3491480432709,8,1,3.53968968253237,-25.8279554250752,240.498522122356,-24.1891664459713,243.636001003654,2,32,4,ublox.f9p,harsh,0.73786762306424
1621308240,22,0.79,1.46,3.39411254969543,6,0.00388888888888889,27.1818181818182,9.74183807558456,33,0.181818181818182,20.2605635356623,8,1,3.47661519873592,-25.7249229367987,240.51697788079,-24.1891664459713,243.636001003654,2,33,4,ublox.f9p,harsh,0.736150623702944
1621308241,23,0.79,1.46,3.39411254969543,6,0.0127777777777778,26.9411764705882,9.64817827512119,32,0.147058823529412,25.2610457974845,8,1,3.40813700928567,-25.6047183660505,240.535433638519,-24.1891664459713,243.635693407575,2,34,4,ublox.f9p,harsh,0.821435652656878
1621308242,22,0.79,1.46,3.32415402771893,5.9,0.00583333333333333,26.9142857142857,9.57438810384378,36,0.171428571428571,23.4008639751315,8,1,3.36382504666666,-25.4501696329803,240.51697788079,-24.1888802441817,243.635385811495,2,35,4,ublox.f9p,harsh,0.792504149120752
1621308243,23,0.79,1.46,3.25269119345812,5.9,0.00611111111111111,26.9393939393939,10.0091813911634,35,0.151515151515152,34.0843136175955,8,1,3.34484963569562,-25.3986533894975,240.51697788079,-24.1888802441817,243.635385811495,2,33,4,ublox.f9p,harsh,0.917467981580709
1621308244,23,0.79,1.46,3.25269119345812,5.9,0.0158333333333333,27.0294117647059,9.68436820460073,35,0.147058823529412,34.3277766538994,9,1,3.3145697990413,-25.3127929810711,240.51697788079,-24.1885940423921,243.635078215768,2,34,4,ublox.f9p,harsh,0.919292857664985
1621308245,24,0.79,1.46,3.25269119345812,5.9,0.00694444444444444,27,9.51872158464889,33,0.147058823529412,36.1958618721349,9,1,3.32659910301153,-25.2441046538057,240.480066363922,-24.1885940423921,243.634770619688,2,34,4,ublox.f9p,harsh,0.932111525184994
1621308246,22,0.76,1.44,3.25269119345812,5.8,0.0161111111111111,27.875,9.07584529076689,31,0.09375,29.3041573221896,7,1,3.33574397549166,-25.158244248001,240.443154847758,-24.1883078406024,243.634770619688,2,32,4,ublox.f9p,harsh,0.873295428004875
1621308247,21,0.76,1.44,3.25269119345812,5.8,0.00694444444444444,27.6363636363636,9.12352105075866,31,0.121212121212121,21.7307440759685,7,1,3.34259252416785,-25.0552117584136,240.406243331595,-24.1883078406024,243.634463023609,2,33,5,ublox.f9p,harsh,0.763700279697584
1621308248,20,0.76,1.44,3.18276609256791,5.8,0.00972222222222222,27.9090909090909,8.91054023461694,33,0.151515151515152,35.5065395079003,9,1,3.36341361061133,-24.9178351065044,240.350876057702,-24.1880216401236,243.634155427529,2,33,5,ublox.f9p,harsh,0.927617435351973
1621308249,22,0.76,1.44,3.18276609256791,5.8,0.00888888888888889,28.6060606060606,8.89852303032431,31,0.121212121212121,84.4138099148938,10,1,3.37068864988328,-24.8663188590892,240.332420299268,-24.1880216401236,243.634155427529,2,33,5,ublox.f9p,harsh,0.999413869029552
1621308250,22,0.76,1.44,3.18276609256791,5.8,0.00916666666666667,26.9411764705882,9.76059230837651,38,0.121212121212121,98.0215726034436,10,1,3.37544028183706,-24.7976305344454,240.313964540481,-24.187735438334,243.633847831802,2,34,5,ublox.f9p,harsh,0.999849614364144
1621308251,22,0.76,1.44,3.18276609256791,5.7,0.0122222222222222,27.0882352941176,10.384626303248,38,0.121212121212121,112.754888065257,10,1,3.35091804044092,-24.7632863734343,240.332420299268,-24.187735438334,243.633540235722,2,34,5,ublox.f9p,harsh,0.999965533519075
1621308252,21,0.76,1.44,3.18276609256791,5.7,0.0152777777777778,26.4705882352941,10.708918102041,36,0.0909090909090909,122.501365484041,9,1,3.3604245432122,-24.7117701273298,240.313964540481,-24.1874492365444,243.633232639643,2,34,5,ublox.f9p,harsh,0.999986994647492
1621308253,20,0.76,1.44,3.18276609256791,5.7,0.00527777777777778,27.1875,10.5324000879621,36,0.0967741935483871,150.344982999246,9,1,3.35039426775979,-24.643081802686,240.313964540481,-24.1874492365444,243.633232639643,2,32,5,ublox.f9p,harsh,0.99999919666908
1621308254,22,0.76,1.44,3.18276609256791,5.7,0.0113888888888889,26.9117647058824,10.037407751367,37,0.151515151515152,156.654245421871,8,1,3.34562758992547,-24.6087376364317,240.313964540481,-24.1871630347548,243.632925044267,2,34,5,ublox.f9p,harsh,0.999999572548485
1621308255,23,0.76,1.44,3.18276609256791,5.7,0.0122222222222222,27.1515151515152,10.1060662850377,39,0.1875,172.559420595816,7,1,3.32488234684193,-24.5915655552708,240.332420299268,-24.1871630347548,243.632617448188,2,33,5,ublox.f9p,harsh,0.999999912876758
1621308256,21,0.76,1.44,3.11448230047949,5.6,0.000277777777777778,26.4571428571429,10.0888489903249,35,0.176470588235294,184.446318336328,8,1,3.3045416777791,-24.5743934754206,240.350876057702,-24.1868768355868,243.632617448188,2,35,5,ublox.f9p,harsh,0.999999973460506
1621308257,22,0.76,1.44,3.11448230047949,5.6,0.00638888888888889,27.030303030303,9.76436393372876,31,0.161290322580645,198.885132895741,8,1,3.28392764231736,-24.5572213942597,240.369331815431,-24.1868768355868,243.632309852108,2,33,5,ublox.f9p,harsh,0.999999993736416
1621308258,21,0.76,1.44,3.11448230047949,5.6,0.0277777777777778,26.4857142857143,9.78405494120086,32,0.181818181818182,51.4435782107975,7,1,3.26280104998997,-24.5400493130987,240.387787573865,-24.1865906337972,243.631387064222,2,35,5,ublox.f9p,harsh,0.984393801106596
1621308259,22,0.76,1.44,3.11448230047949,5.6,0.0127777777777778,26.0277777777778,9.74382181138713,30,0.205882352941176,51.8774014635342,8,1,3.21980404283102,-24.5400493130987,240.424699090029,-24.2026179091104,243.626773124437,2,36,4,ublox.f9p,harsh,0.985046451160347
1621308260,23,0.8,1.48,3.11448230047949,5.6,0.0136111111111111,25.8648648648649,9.86058980138771,32,0.222222222222222,53.1098090580433,8,1,3.2061553346232,-24.5057051481552,240.424699090029,-24.2870473112103,243.623389568971,2,37,4,ublox.f9p,harsh,0.986757342474976
1621308261,22,0.8,1.48,3.11448230047949,5.6,0.0175,26.0285714285714,10.5258385561875,33,0.205882352941176,52.2107601770063,8,1,3.20041770859773,-24.4713609858333,240.424699090029,-24.3268292996701,243.621851588925,2,35,5,ublox.f9p,harsh,0.985529629088225
1621308262,22,0.8,1.48,3.11448230047949,5.6,0.0161111111111111,26,10.3601801786134,32,0.194444444444444,52.0789492647628,8,1,3.19599602996117,-24.4370168235114,240.424699090029,-24.3457185889472,243.619390820993,2,37,5,ublox.f9p,harsh,0.985340445821464
1621308263,22,0.8,1.48,3.04138126514911,5.6,0.00833333333333333,26.3333333333333,10.5830052442584,34,0.2,13.0212064795017,6,1,3.22896684888138,-24.3855005760962,240.387787573865,-24.3563080394333,243.616622457686,2,36,5,ublox.f9p,harsh,0.57496084480844
1621308264,21,0.8,1.48,3.04138126514911,5.5,0.0255555555555556,25.0540540540541,11.0023884930752,35,0.222222222222222,12.907168550848,5,1,3.2378381584911,-24.3855005760962,240.369331815431,-24.3623182678397,243.607086982389,2,37,4,ublox.f9p,harsh,0.572171621860497
1621308265,22,0.8,1.48,3.04138126514911,5.5,0.386388888888889,25.1891891891892,11.0550085125799,35,0.194444444444444,13.1486086370729,5,1,3.19228981320358,-24.6945980461689,240.350876057702,-24.646230014507,243.542799425359,2,37,4,ublox.f9p,harsh,0.578071297233252
1621308266,24,0.8,1.48,3.04138126514911,5.5,0.719166666666667,25.1351351351351,10.5597826212952,34,0.194444444444444,50.259078781848,8,1,3.19109330930728,-25.3127929810711,240.240141508506,-25.2884658643454,243.431142088277,2,37,3,ublox.f9p,harsh,0.982465724266202
1621308267,24,0.8,1.48,3.04138126514911,5.5,0.990277777777778,25.5428571428571,10.4581599358442,36,0.2,59.3280675565958,8,1,3.18946415347469,-26.1885691386308,240.092495443852,-26.1917173530734,243.281958043577,2,35,2,ublox.f9p,harsh,0.992845309786449
1621308268,23,0.8,1.48,3.04138126514911,5.5,1.50416666666667,25.0285714285714,10.1096509344688,37,0.228571428571429,57.2894405628123,9,1,3.28390116019538,-27.4936473357007,239.704924522726,-27.4870647024043,242.988819085417,2,35,2,ublox.f9p,harsh,0.991241591295569
1621308269,22,0.8,1.48,3.04138126514911,5.5,2.34805555555556,24.6111111111111,9.81042529375992,34,0.222222222222222,41.9171314511252,7,1,3.39039815956101,-29.5542971182711,239.114340262348,-29.57690702557,242.504663030529,2,36,2,ublox.f9p,harsh,0.960521234517873
1621308270,23,0.8,1.48,3.11448230047949,5.5,3.03861111111111,25.8,9.65827898443488,34,0.2,39.3095021149052,6,1,3.52224451373029,-32.336174326642,238.320742663071,-32.4151659012932,241.842101313597,2,35,3,ublox.f9p,harsh,0.949355380504059
1621308271,23,0.8,1.48,3.04138126514911,5.5,2.9875,26.7714285714286,10.0002520976627,32,0.2,39.9759166629544,6,1,3.61753566402673,-35.1867398609674,237.545600821875,-35.5713944868375,241.142628080502,2,35,3,ublox.f9p,harsh,0.952465207686429
1621308272,23,0.8,1.48,3.04138126514911,5.4,2.97916666666667,25.7142857142857,10.3400177169362,34,0.2,40.3613564057143,7,1,3.54561592560294,-38.1403378848801,237.102662627208,-38.574791546117,240.621560509802,2,35,3,ublox.f9p,harsh,0.95418017421291
1621308273,21,0.8,1.48,3.04138126514911,5.4,2.95722222222222,25.7272727272727,10.4530878430512,34,0.212121212121212,42.3265775449264,7,1,3.18274664423232,-41.1111079899538,237.693246887586,-41.494045406397,240.85287267816,2,33,2,ublox.f9p,harsh,0.962044918749601
1621308274,21,0.8,1.48,3.04138126514911,5.4,2.43333333333333,25.7272727272727,10.6426991620803,32,0.212121212121212,46.7943595247689,8,0,2.81891174888711,-42.9313486284062,239.391176634632,-43.5332300875163,242.145083342781,2,33,2,ublox.f9p,harsh,0.975384032434726
1621308275,24,0.8,1.48,3.11126983722081,5.4,2.85944444444444,24.4242424242424,10.7529946498356,38,0.212121212121212,53.8589322520725,9,0,2.49702314084938,-43.7727806249548,242.067261562477,-44.6253744729472,244.414218804589,2,33,2,ublox.f9p,harsh,0.987701378555324
1621308276,24,0.8,1.48,3.11126983722081,5.5,3.61027777777778,26.1875,9.95291333585135,37,0.15625,62.1325666082879,10,0,2.34053868613826,-44.1162222560386,245.592311364901,-44.9877053919973,247.764554096515,2,32,2,ublox.f9p,harsh,0.994585559955423
1621308277,23,0.8,1.48,3.11126983722081,5.5,4.0175,28.4193548387097,10.6607510478027,39,0.129032258064516,67.5447320916541,8,0,2.15295770713266,-44.87179384285,249.597210878861,-45.7392701603081,251.567670654485,2,31,2,ublox.f9p,harsh,0.996841432810195
1621308278,24,0.8,1.47,3.11126983722081,5.5,4.33666666666667,27.625,10.4503434115514,37,0.15625,74.9412349488062,9,0,2.13921125165733,-45.6101933498113,253.878946763695,-46.6903172771187,255.725445363986,2,32,3,ublox.f9p,harsh,0.998489983426938
1621308279,23,0.79,1.5,3.04138126514911,5.5,4.18972222222222,28.1935483870968,10.258067897477,37,0.129032258064516,54.4834757558178,9,0,2.0447852092559,-46.4001091002555,258.160682649233,-47.6416505930974,259.785404555759,2,31,3,ublox.f9p,harsh,0.988437377310186
1621308280,25,0.77,1.44,3.04138126514911,5.5,3.92027777777778,27.59375,10.216556376468,37,0.125,56.5882074057069,7,0,1.79980458989869,-47.1900248506996,262.294772469413,-48.4287043295778,263.600517356604,2,32,2,ublox.f9p,harsh,0.990611349773961
1621308281,24,0.84,1.51,3.04138126514911,5.5,3.59611111111111,26.9032258064516,11.1724507568384,37,0.129032258064516,63.4203677337041,9,0,1.43553537357433,-48.0658010082593,266.188937433473,-49.1241736323259,267.158787523647,2,31,2,ublox.f9p,harsh,0.995236685211188
1621308282,25,0.84,1.51,3.04138126514911,5.5,3.18611111111111,25.5161290322581,11.0208014461803,39,0.129032258064516,72.9071446370686,9,0,1.27969401652274,-48.7183401054834,269.603252687407,-49.7423685685389,270.370704629079,2,31,2,ublox.f9p,harsh,0.998149993605621
1621308283,23,0.84,1.51,3.04138126514911,5.5,2.80944444444444,25.5161290322581,10.4015094024599,37,0.129032258064516,79.8523324643683,12,0,1.15434979641783,-49.2850187982136,272.648452778297,-50.2967406000452,273.204278693659,2,31,2,ublox.f9p,harsh,0.999075408246913
1621308284,24,0.84,1.51,3.04138126514911,5.5,2.3775,26.2903225806452,10.7647373350432,37,0.129032258064516,26.4104146124214,11,0,0.91743340130508,-49.9547299752879,275.250714673815,-50.7772726812486,275.657048948398,2,31,2,ublox.f9p,harsh,0.837676599412244
1621308285,23,0.84,1.6,2.9698484809835,5.5,2.14361111111111,26.34375,10.4653325548628,37,0.125,35.476808101117,11,0,0.646073228272894,-50.5900969926618,277.55768443932,-51.1936956585773,277.788073820143,2,32,3,ublox.f9p,harsh,0.927417554815055
1621308286,24,0.88,1.66,2.9,5.5,1.85944444444444,26.25,10.4171075175529,37,0.125,38.5068768561849,9,0,0.403539285154993,-51.1396036029203,279.624729350114,-51.5428613162778,279.639801552377,2,32,2,ublox.f9p,harsh,0.945354219243506
1621308287,24,0.87,1.56,2.9,5.5,1.60944444444444,26.6451612903226,11.0921845972642,38,0.129032258064516,43.0507082202009,9,0,0.238114254746656,-51.6375939670742,281.322659097512,-51.8711342747956,281.36910608862,2,31,2,ublox.f9p,harsh,0.964602360649737
1621308288,25,0.9,1.68,2.9,5.4,1.62305555555556,26.96875,11.2779670296814,38,0.15625,49.5258474457267,10,0,0.289702163906473,-52.01537976048,282.965221570312,-52.1893901864064,283.196841335101,2,32,2,ublox.f9p,harsh,0.981156884434824
1621308289,25,0.96,1.69,2.9,5.4,2.33638888888889,28.5333333333333,10.7886700894434,36,0.1,54.4902514216993,10,0,0.270250448376294,-52.3931655538857,285.161456787327,-52.576334422661,285.360163783578,2,30,2,ublox.f9p,harsh,0.98844511860797
1621308290,23,0.91,1.66,2.9,5.4,2.23305555555556,28.4642857142857,10.1852549300161,36,0.0714285714285714,56.7242605868991,10,0,0.283459528682102,-52.7881234284523,287.449970795102,-52.9887505801782,287.650215771047,2,28,2,ublox.f9p,harsh,0.990737045136557
1621308291,24,1.03,2.1,2.9,5.4,1.97305555555556,28.0714285714286,9.89548558286226,37,0.0714285714285714,61.0700453150528,10,0,0.356760964123127,-53.4234904445155,289.424736915136,-53.3771258240702,289.77847227878,2,28,2,ublox.f9p,harsh,0.993982241730253
1621308292,24,1.03,2.09,2.9,5.4,1.93805555555556,26.9655172413793,10.234684581017,35,0.0689655172413793,64.7178558789243,10,0,0.317816290161072,-53.8699645651866,291.436414550276,-53.7414601543367,291.727092741208,2,29,2,ublox.f9p,harsh,0.995813877940037
1621308293,24,1,1.53,2.9,5.4,1.91638888888889,26.2068965517241,10.0689739523549,35,0.0689655172413793,66.6951866079305,10,0,0.232997224863824,-54.2477503585924,293.448092186472,-54.1083702967774,293.634802939143,2,29,2,ublox.f9p,harsh,0.996562333050687
1621308294,24,1,1.53,2.9698484809835,5.4,2.12972222222222,26.7333333333333,10.4450395200168,36,0.0666666666666667,72.280928388446,11,0,0.220298779257896,-54.642708233159,295.552048612726,-54.4855836866039,295.706461789017,2,30,2,ublox.f9p,harsh,0.998030674353317
1621308295,25,0.85,1.33,2.9698484809835,5.4,2.42833333333333,26.5161290322581,9.72238299918265,32,0.0967741935483871,74.5157365930177,12,0,0.373112770114816,-55.2093869258892,297.969752927426,-54.8587902592406,298.097405254305,2,31,2,ublox.f9p,harsh,0.998424449355785
1621308296,25,0.8,1.32,3.04138126514911,5.4,2.7225,26.448275862069,10.7722732940258,36,0.0689655172413793,78.6641198387168,13,0,0.480936731430483,-55.8619260218025,300.682749372139,-55.3856869608894,300.749805292829,2,29,3,ublox.f9p,harsh,0.99895887524078
1621308297,25,0.86,1.34,3.04138126514911,5.4,2.99166666666667,27.2,11.5352533117187,38,0.1,44.9148421290586,12,0,0.504502915522217,-56.6518417722467,303.635670671563,-56.1484135832656,303.602757903377,2,30,3,ublox.f9p,harsh,0.970444495717595
1621308298,25,1.25,2.2,3.04138126514911,5.4,3.15361111111111,26.6896551724138,11.0844274556562,37,0.0689655172413793,44.2560494923199,12,0,0.506569000244427,-57.4761016863235,306.773149553214,-57.003869443911,306.58982235601,2,29,3,ublox.f9p,harsh,0.968495240815906
1621308299,25,1.22,1.66,3.04138126514911,5.4,3.18694444444444,26.5357142857143,10.8507796028404,35,0.0357142857142857,43.3452234969437,13,0,0.599663611040402,-58.3003616004004,309.984451467896,-57.8132468859006,309.63471485082,2,28,3,ublox.f9p,harsh,0.965594327618104
1621308300,25,1.36,1.78,3.04138126514911,5.4,3.26777777777778,25.5357142857143,10.3833276007016,32,0.0357142857142857,44.7365184939164,14,0,0.78292081042977,-59.1417935956381,313.269576413497,-58.5253158675412,312.786958338654,2,28,3,ublox.f9p,harsh,0.969928714999836
1621308301,25,1.05,1.92,3.04138126514911,5.5,3.32611111111111,25.75,10.5290603147247,34,0.0357142857142857,40.6174789961169,14,0,0.880300374799732,-59.8973651824496,316.665435908996,-59.2164921486883,316.107456821782,2,28,4,ublox.f9p,harsh,0.955287015709974
1621308302,25,0.86,1.39,3.04138126514911,5.5,3.02333333333333,25.3448275862069,9.51793743438809,31,0.0689655172413793,38.9525454880679,13,0,0.947544310421924,-60.4983880375016,319.766003274484,-59.7591299251715,319.173265842253,2,29,3,ublox.f9p,harsh,0.947611353166197
1621308303,25,0.88,1.4,3.04138126514911,5.5,2.68861111111111,24.5666666666667,9.92274758019319,34,0.1,38.0891224629815,12,0,1.06260487136454,-60.9792063165623,322.571278509253,-60.1847113466599,321.865653357032,2,30,3,ublox.f9p,harsh,0.943155529363698
1621308304,25,1.08,1.83,3.11126983722081,5.6,2.27444444444444,24.4827586206897,10.0627342551443,34,0.0689655172413793,46.6387907218873,12,0,1.09390549232914,-61.3054758677959,324.970527066224,-60.5241461566215,324.204920699621,1,29,3,ublox.f9p,harsh,0.975007736093697
1621308305,25,0.81,1.24,3.18276609256791,5.6,2.00611111111111,23.5666666666667,9.8879352934683,35,0.1,30.6367622310191,10,0,1.10914044107122,-61.5974012527753,327.056027734044,-60.8132095289479,326.271658013631,1,30,3,ublox.f9p,harsh,0.887322247826325
1621308306,25,0.83,1.25,3.18276609256791,5.7,1.63861111111111,22.6875,10.2373052779937,36,0.125,30.2684310241986,10,0,1.04116449445664,-61.8034662319499,328.790868998309,-61.0770871831121,328.044948773401,1,32,3,ublox.f9p,harsh,0.883586748651852
1621308307,25,1.08,1.83,3.25576411921994,5.7,1.23944444444444,22.3125,10.5934779082957,36,0.125,37.088645162637,12,0,0.983299501917227,-61.9408428838591,330.119683583367,-61.2802901470121,329.391296329007,1,32,4,ublox.f9p,harsh,0.937547696783764
1621308308,25,0.83,1.25,3.33016516106934,5.7,0.744166666666667,22.1875,10.9880800518474,34,0.125,27.1315237930591,11,0,0.995556196080501,-62.0267032909747,331.005559972701,-61.417953000711,330.217806696822,1,32,4,ublox.f9p,harsh,0.847244715406078
1621308309,25,0.89,1.29,3.33016516106934,5.8,0.414166666666667,21.1212121212121,10.7492952552643,35,0.151515151515152,26.3024792874487,12,0,1.10800487191881,-62.1297357818728,331.503865441966,-61.484351716281,330.603224445744,1,33,4,ublox.f9p,harsh,0.836203599698261
1621308310,25,1,1.65,3.40587727318528,5.8,0.349722222222222,21.5151515151515,10.8602521037762,34,0.151515151515152,25.0080067178494,12,0,1.22991889869532,-62.1812520253556,332.002170911935,-61.5430229953287,330.950807890615,1,33,4,ublox.f9p,harsh,0.817693863186383
1621308311,23,0.81,1.13,3.40587727318528,5.8,0.205277777777778,22.4193548387097,11.406939973976,36,0.129032258064516,23.9267541722105,11,0,1.24976804049403,-62.1984241065166,332.297463041948,-61.5839497896361,331.209188504464,1,31,4,ublox.f9p,harsh,0.801019014801326
1621308312,24,0.78,1.12,3.40587727318528,5.7,0.119444444444444,23.09375,10.5566348957696,33,0.125,210.659865969849,12,0,1.29515093070401,-62.2155961876775,332.463564865036,-61.6014080712759,331.323306608773,1,32,4,ublox.f9p,harsh,0.999999998070465
1621308313,21,0.9,1.27,3.4828149534536,5.7,0.0175,24.2068965517241,10.2308333355068,34,0.103448275862069,28.2367794602308,7,0,1.32690198714244,-62.267112433782,332.518932139633,-61.6085631068407,331.366985236574,1,29,3,ublox.f9p,harsh,0.861006866407618
1621308314,21,0.9,1.27,3.4828149534536,5.7,0.0258333333333333,24.1666666666667,10.0106265377428,32,0.133333333333333,26.2030441706593,10,0,1.37574855389085,-62.3701449233693,332.537387897363,-61.612856127131,331.388824550122,1,30,3,ublox.f9p,harsh,0.834837108364408
1621308315,22,0.9,1.27,3.56089876295297,5.7,0.0166666666666667,23.53125,10.2516226095693,32,0.15625,25.6375282962858,9,0,1.46308736797192,-62.4903494941175,332.555843655797,-61.6119975230729,331.385748590735,1,32,4,ublox.f9p,harsh,0.826891200239135
1621308316,20,1.53,2.21,3.56089876295297,5.7,0.0280555555555556,24.1875,10.2120659184408,33,0.15625,225.222198062269,10,0,1.5556286001307,-62.5933819810832,332.59275517196,-61.6119975230729,331.385748590735,1,32,4,ublox.f9p,harsh,0.999999999550201
1621308317,20,1.53,2.21,3.5,5.6,0.0244444444444444,26.0714285714286,10.3670724158844,34,0.107142857142857,26.74685421739,9,0,1.61117239675208,-62.6792423895096,332.59275517196,-61.6119975230729,331.385748590735,1,28,4,ublox.f9p,harsh,0.842199510189288
1621308318,20,1.4,1.97,3.58050275799363,5.6,0.0677777777777778,25.0625,10.6557193487211,35,0.125,286.467888252767,10,0,1.64780348686234,-62.7135865505207,332.611210930394,-61.6119975230729,331.385748590735,1,32,4,ublox.f9p,harsh,0.999999999999016
1621308319,18,1.09,1.72,3.58050275799363,5.6,0.0363888888888889,25.2258064516129,10.5694833598726,33,0.129032258064516,230.527814282561,9,0,1.68267932798834,-62.7651027979359,332.611210930394,-61.6119975230729,331.385748590735,1,31,4,ublox.f9p,harsh,0.999999999735395
1621308320,17,1.09,1.72,3.66196668472011,5.6,0.03,24.4193548387097,11.047697176481,34,0.129032258064516,25.2965302846941,8,0,1.8062589490179,-62.8853073686842,332.666578204288,-61.6117113212833,331.385748590735,1,31,4,ublox.f9p,harsh,0.821955542466139
1621308321,19,1.09,1.72,3.66196668472011,5.6,0.0208333333333333,24.21875,10.9389342377612,34,0.125,26.1942741834929,8,0,1.89294707013066,-62.9883398595823,332.685033962722,-61.6117113212833,331.385748590735,1,32,3,ublox.f9p,harsh,0.834716148663865
1621308322,20,1.09,1.72,3.66196668472011,5.6,0.035,24.6774193548387,10.6564130825032,34,0.129032258064516,27.4213324563963,9,0,1.96858212750596,-63.0742002640763,332.703489720451,-61.6117113212833,331.385748590735,1,31,3,ublox.f9p,harsh,0.850957824647531
1621308323,20,0.89,1.54,3.74432904536981,5.6,0.0219444444444444,24.3870967741935,11.1912984631062,35,0.129032258064516,44.1286635574705,9,0,2.0702514693219,-63.1772327536636,332.740401236615,-61.6117113212833,331.385748590735,1,31,3,ublox.f9p,harsh,0.968104229930979
1621308324,19,1.09,1.72,3.74432904536981,5.6,0.0108333333333333,23.78125,11.3953424979314,36,0.15625,47.3773914670513,9,0,2.17418923914619,-63.2974373244118,332.758856995049,-61.6117113212833,331.385748590735,1,32,3,ublox.f9p,harsh,0.976745765330946
1621308325,20,1.09,1.72,3.74432904536981,5.6,0.0125,24.4545454545455,11.3580668169448,35,0.181818181818182,46.5550607797963,9,0,2.27987632487053,-63.4176418951601,332.777312753483,-61.6117113212833,331.385748590735,1,33,3,ublox.f9p,harsh,0.974802892380654
1621308326,20,1.09,1.72,3.82753184180093,5.6,0.0238888888888889,24.1212121212121,11.6075341259394,35,0.181818181818182,47.8640179103919,9,0,2.35684933539652,-63.4863302224255,332.814224269646,-61.6117113212833,331.385748590735,1,33,3,ublox.f9p,harsh,0.977825793633164
1621308327,21,0.89,1.54,3.82753184180093,5.6,0.00888888888888889,23.1515151515152,11.6085130726366,36,0.181818181818182,50.1103151477869,10,0,2.42570028614555,-63.5721906282302,332.814224269646,-61.6117113212833,331.385748590735,1,33,3,ublox.f9p,harsh,0.982207603902382
1621308328,22,1.09,1.72,3.91152144312159,5.6,0.035,23.7941176470588,11.6222863545411,34,0.176470588235294,51.3950581281897,11,0,2.45045212374714,-63.5893627133236,332.832680027376,-61.6117113212833,331.385748590735,1,34,3,ublox.f9p,harsh,0.984319085968849
1621308329,23,0.89,1.54,3.91152144312159,5.6,0.0175,24.0967741935484,11.4465565090108,36,0.161290322580645,102.410639539596,9,0,2.46752282071272,-63.6237068743347,332.814224269646,-61.6117113212833,331.385748590735,1,31,3,ublox.f9p,harsh,0.999903035044051
1621308330,22,0.89,1.54,3.91152144312159,5.6,0.0138888888888889,23.9666666666667,11.8859039472679,37,0.166666666666667,51.6326862143961,8,0,2.5238439262641,-63.6923951989785,332.814224269646,-61.6117113212833,331.385748590735,1,30,3,ublox.f9p,harsh,0.984681675440733
1621308331,21,1.09,1.72,3.99624824053762,5.6,0.00833333333333333,24.6333333333333,11.3880861318804,36,0.166666666666667,61.2504857123599,9,0,2.57059468831599,-63.7610835262439,332.795768511212,-61.6117113212833,331.385748590735,1,30,4,ublox.f9p,harsh,0.994089216547713
1621308332,20,0.89,1.54,3.99624824053762,5.6,0.00777777777777778,24.8275862068966,10.7506443843987,32,0.172413793103448,55.0438562521841,7,0,2.55077595168751,-63.7610835262439,332.758856995049,-61.6114251194937,331.385748590735,1,29,4,ublox.f9p,harsh,0.989060610520468
1621308333,18,0.89,1.54,3.99624824053762,5.6,0.00194444444444444,24.7931034482759,10.9295775318459,34,0.172413793103448,54.1951207315853,7,0,2.59961985641262,-63.7954276885658,332.795768511212,-61.6114251194937,331.385748590735,1,29,4,ublox.f9p,harsh,0.988103133980088
1621308334,17,1.07,1.72,4.08166632639171,5.6,0.0116666666666667,24.6551724137931,11.42139553041,33,0.172413793103448,36.532595795475,7,0,2.67735445219447,-63.864116017142,332.832680027376,-61.6114251194937,331.385748590735,1,29,4,ublox.f9p,harsh,0.934211608943208
1621308335,17,0.87,1.53,4.08166632639171,5.6,0.0186111111111111,25.0344827586207,11.3026000757749,35,0.172413793103448,53.8716788097213,6,0,2.74064964046572,-63.915632259314,332.869591543539,-61.6114251194937,331.385748590735,1,29,4,ublox.f9p,harsh,0.987716852643019
1621308336,17,0.87,1.53,4.08166632639171,5.6,0.0163888888888889,25.3,10.7355355776007,34,0.166666666666667,55.830776060839,7,0,2.80394843495336,-63.9671485054185,332.906503059703,-61.6114251194937,331.385748590735,1,30,4,ublox.f9p,harsh,0.989880075595252
1621308337,20,1.01,1.53,4.16773319683494,5.6,0.0163888888888889,25.258064516129,10.5860529060189,36,0.161290322580645,75.9137634008762,9,0,2.89614480567961,-64.0530089112232,332.943414576571,-61.6114251194937,331.385748590735,1,31,5,ublox.f9p,harsh,0.998629730097838
1621308338,20,0.85,1.42,4.16773319683494,5.6,0.0111111111111111,25.0333333333333,10.7846740981032,32,0.166666666666667,65.1496738288075,6,0,2.94952666527807,-64.1045251573277,332.9618703343,-61.6114251194937,331.385748590735,1,30,5,ublox.f9p,harsh,0.995990085496239
1621308339,18,0.85,1.42,4.16773319683494,5.6,0.0202777777777778,24.741935483871,11.0573286163084,34,0.161290322580645,42.0765506085172,6,0,2.95942987896811,-64.1045251573277,332.980326092734,-61.6114251194937,331.385748590735,1,31,5,ublox.f9p,harsh,0.961121336619092
1621308340,19,1.01,1.53,4.16773319683494,5.6,0.0366666666666667,24.28125,11.3740915979,38,0.15625,57.815175343503,9,1,3.05168697382913,-64.1903855631325,333.017237608898,-61.6114251194937,331.385748590735,1,32,5,ublox.f9p,harsh,0.991686427488146
1621308341,22,0.85,1.42,4.25440947723653,5.6,0.0225,24.7272727272727,11.6169938217486,36,0.151515151515152,62.4628507776641,10,1,3.09602781912385,-64.2075576482258,333.072604882791,-61.6114251194937,331.385748590735,1,33,5,ublox.f9p,harsh,0.994760547674551
1621308342,20,0.77,1.28,4.25440947723653,5.6,0.0119444444444444,25.7666666666667,11.7610793937354,35,0.133333333333333,50.7276108248752,8,1,3.17817636300849,-64.3277622176633,333.035693366628,-61.6114251194937,331.385748590735,1,30,5,ublox.f9p,harsh,0.9832548730946
1621308343,20,0.87,1.3,4.25440947723653,5.6,0.0258333333333333,25.1333333333333,11.0289066370695,34,0.133333333333333,53.4755084127304,8,1,3.23329354502036,-64.413622623468,332.998781850464,-61.6114251194937,331.385748590735,1,30,5,ublox.f9p,harsh,0.987226803366494
1621308344,20,0.85,1.42,4.25440947723653,5.6,0.0180555555555556,24.96875,10.7297727931932,34,0.15625,46.6400418095867,9,1,3.27804186434205,-64.4651388695725,332.998781850464,-61.6114251194937,331.385748590735,1,32,5,ublox.f9p,harsh,0.975010784519332
1621308345,20,0.87,1.43,4.25440947723653,5.6,0.0355555555555556,25.15625,10.7646655402548,36,0.15625,60.9194837469918,9,1,3.26924962875979,-64.4651388695725,332.980326092734,-61.6111389177041,331.385748590735,1,32,5,ublox.f9p,harsh,0.993891509548706
1621308346,19,1.03,1.53,4.34165866921848,5.6,0.00888888888888889,24.8064516129032,11.4583866078918,35,0.161290322580645,53.0585029645777,9,1,3.34446652435023,-64.5509992753772,332.980326092734,-61.6111389177041,331.385748590735,1,31,5,ublox.f9p,harsh,0.986690131614694
1621308347,19,0.85,1.32,4.29418211071678,5.6,0.0236111111111111,24.375,11.4236596587959,36,0.15625,25.7290129088381,6,1,3.5526320441894,-64.7570642558626,333.035693366628,-61.6111389177041,331.385133398576,1,32,5,ublox.f9p,harsh,0.828196816970151
1621308348,19,0.94,1.39,4.29418211071678,5.6,0.00638888888888889,24.34375,11.4683558317603,35,0.15625,25.8285371891893,5,1,3.81713285135549,-64.9974733960483,333.146427915823,-61.6111389177041,331.384825802497,1,32,5,ublox.f9p,harsh,0.829608294560638
1621308349,19,0.79,1.18,4.29418211071678,5.5,0.00944444444444444,24.28125,11.3371623433732,34,0.15625,50.5041334942003,9,1,4.11823153403469,-65.3065708634995,333.201795189716,-61.6111389177041,331.38421061069,1,32,4,ublox.f9p,harsh,0.982882922297606
1621308350,20,0.8,1.18,4.29418211071678,5.5,0.0175,24.21875,11.4996055332066,35,0.15625,30.9737369549168,6,1,4.44441182870784,-65.6500124945833,333.238706705879,-61.6111389177041,331.38390301461,1,32,4,ublox.f9p,harsh,0.890647653729951
1621308351,19,0.8,1.18,4.29418211071678,5.4,0.0108333333333333,24.4242424242424,11.0171182229925,34,0.151515151515152,30.2612458434877,6,1,4.83656353345717,-66.0621424529325,333.275618222747,-61.6111389177041,331.383287822803,1,33,4,ublox.f9p,harsh,0.883512820643927
1621308352,19,0.94,1.21,4.29418211071678,5.4,0.0186111111111111,25.1935483870968,11.1457595967815,35,0.129032258064516,46.696489217747,7,1,5.17519346995286,-66.4055840813947,333.33098549664,-61.6111389177041,331.382672630644,1,31,4,ublox.f9p,harsh,0.975147949098696
1621308353,17,0.81,1.18,4.20594816896262,5.4,0.0133333333333333,25.2903225806452,11.0911182134989,35,0.129032258064516,50.731685255754,5,1,5.57232103687997,-66.8177140397439,333.367897012804,-61.6111389177041,331.382365034565,1,31,4,ublox.f9p,harsh,0.98326158021335
1621308354,20,0.8,1.18,4.20594816896262,5.3,0.0294444444444444,25.1875,10.6814204081425,34,0.15625,53.7060812003141,6,1,5.98797777203454,-67.2470160766325,333.404808528967,-61.6111389177041,331.381749842758,1,32,4,ublox.f9p,harsh,0.987514313954734
1621308355,20,0.95,1.21,4.20594816896262,5.3,0.0297222222222222,24.6363636363636,11.2077489427465,36,0.151515151515152,63.6845387530637,8,1,6.46027060797654,-67.7278343596255,333.460175803565,-61.6111389177041,331.38144224703,1,33,5,ublox.f9p,harsh,0.995360294467964
1621308356,19,0.78,1.17,4.20594816896262,5.3,0.0283333333333333,26.4516129032258,10.5604252113805,33,0.129032258064516,28.8560392292497,6,1,6.83027350780254,-68.1227922341922,333.441720045835,-61.6108527172252,331.380827055224,1,31,4,ublox.f9p,harsh,0.868253479617598
1621308357,20,0.78,1.17,4.20594816896262,5.3,0.0411111111111111,26.28125,10.3557195510189,31,0.09375,52.2570159336114,7,1,7.20789702020349,-68.5177501100697,333.441720045835,-61.6108527172252,331.380519459144,1,32,4,ublox.f9p,harsh,0.985595446393454
1621308358,19,0.9,1.21,4.20594816896262,5.2,0.0463888888888889,25.2058823529412,10.0627709051121,31,0.147058823529412,54.0170436066248,7,1,7.57616714648531,-68.8955359021646,333.460175803565,-61.6105665154356,331.379904266985,1,34,4,ublox.f9p,harsh,0.987891968562897
1621308359,20,0.78,1.17,4.20594816896262,5.2,0.0280555555555556,24.6571428571429,10.566158122941,33,0.171428571428571,61.1289503543826,7,1,7.90065720922934,-69.2218054520874,333.497087319729,-61.610280313646,331.379289075178,1,35,4,ublox.f9p,harsh,0.994017373714962
1621308360,19,0.78,1.17,4.20594816896262,5.2,0.0275,24.1142857142857,10.6267460255921,33,0.171428571428571,60.5699949291255,7,1,8.25375409640606,-69.5824191643322,333.515543078163,-61.6099941118564,331.378981479098,1,35,4,ublox.f9p,harsh,0.993675624296238
1621308361,21,0.97,1.34,4.20594816896262,5.2,0.0380555555555556,23.9142857142857,10.7056099328162,34,0.171428571428571,69.341755097488,9,1,8.55052444198682,-69.8743445506224,333.570910352056,-61.6097079126884,331.378366287291,1,35,4,ublox.f9p,harsh,0.997359585630932
1621308362,19,0.78,1.14,4.20594816896262,5.2,0.0483333333333333,23.4857142857143,11.2416542339625,34,0.171428571428571,64.6626068703755,7,1,8.86387683984831,-70.1834420193843,333.626277626653,-61.6094217108988,331.378058691212,1,35,4,ublox.f9p,harsh,0.995790783642957
1621308363,22,0.73,1.14,4.20594816896262,5.1,0.0338888888888889,23.4285714285714,11.2414299757264,34,0.171428571428571,61.0568979117732,7,1,9.16075390460298,-70.4753674030528,333.681644901603,-61.6091355091091,331.377443499053,1,35,3,ublox.f9p,harsh,0.993974372442367
1621308364,23,0.9,1.33,4.20594816896262,5.1,0.0330555555555556,23.7142857142857,11.2421774857831,34,0.171428571428571,60.8614372608349,9,1,9.36505018527342,-70.6814323822275,333.70010065898,-61.6091355091091,331.376828307598,1,35,3,ublox.f9p,harsh,0.993856167278381
1621308365,23,0.7,1.12,4.20594816896262,5.1,0.0661111111111111,23.3714285714286,11.3191293426496,34,0.171428571428571,216.353363334354,8,1,9.62413039156641,-70.9390136061957,333.737012175144,-61.6088493073195,331.376520711518,1,35,3,ublox.f9p,harsh,0.999999998908089
1621308366,21,0.71,1.17,4.20594816896262,5.1,0.0441666666666667,23.9705882352941,11.2046670311909,33,0.176470588235294,36.7139687312609,5,1,9.86670387825903,-71.1794227476922,333.773923692364,-61.6085631068407,331.375905519712,1,34,3,ublox.f9p,harsh,0.935317591659834
1621308367,22,0.94,1.36,4.20594816896262,5.1,0.0480555555555556,23.3333333333333,10.9570590423317,35,0.166666666666667,62.9100643019556,10,1,10.0715525753895,-71.3854877268668,333.792379449741,-61.6082769050511,331.375290327552,1,36,2,ublox.f9p,harsh,0.994988552468341
1621308368,21,0.69,1.09,4.20594816896262,5.1,0.0244444444444444,22.6285714285714,11.7575650597585,36,0.171428571428571,52.0248594423858,7,1,10.2264563174598,-71.540036459937,333.810835208528,-61.6079907032615,331.374675135746,1,35,2,ublox.f9p,harsh,0.985262109499908
1621308369,20,0.74,1.23,4.20594816896262,5.1,0.0194444444444444,23.9117647058824,11.3947559630784,37,0.147058823529412,46.3078483432541,7,1,10.2187773986986,-71.540036459937,333.773923692364,-61.6071320992034,331.373752347507,1,34,2,ublox.f9p,harsh,0.974188503687074
1621308370,24,1,1.56,4.20594816896262,5.1,0.0175,24.4848484848485,11.0654903080512,34,0.121212121212121,223.380725604132,10,1,10.2666675766408,-71.5915527034198,333.755467933578,-61.6057010915662,331.37067638812,1,33,2,ublox.f9p,harsh,0.999999999459255
1621308371,23,0.73,1.16,4.20594816896262,5.1,0.00472222222222222,24.90625,10.8816488758857,34,0.09375,33.3966283119823,8,1,10.2807822357521,-71.6087247845808,333.737012175144,-61.6042700865505,331.369446004154,1,32,2,ublox.f9p,harsh,0.912109059410507
1621308372,22,0.73,1.16,4.20594816896262,5.1,0.0241666666666667,24.9375,10.6496630266241,34,0.125,30.4725286118497,8,1,10.3157403429651,-71.6430689495243,333.737012175144,-61.6028390789132,331.368830811995,1,32,2,ublox.f9p,harsh,0.885669741183749
1621308373,22,0.88,1.47,4.20594816896262,5.1,0.230833333333333,24.3636363636364,10.3011473323915,34,0.121212121212121,32.0793689010696,8,1,10.3765504201376,-71.6945851930072,333.976937031616,-61.6225869735591,331.481410936963,1,33,2,ublox.f9p,harsh,0.900959985503244
1621308374,22,0.73,1.16,4.29418211071678,5.2,0.54,23.0909090909091,10.7626775141099,36,0.121212121212121,28.8151317571483,5,1,10.3793069885363,-71.7804456014335,334.419875226635,-61.7001475418838,331.94649604161,1,33,2,ublox.f9p,harsh,0.867784836276226
1621308375,22,0.73,1.16,4.29418211071678,5.2,1.34527777777778,21.7878787878788,9.59413093953009,33,0.121212121212121,31.7818844912976,6,1,10.3855643181169,-71.9865105766757,335.601043746686,-61.8953368674718,333.145812723663,1,33,2,ublox.f9p,harsh,0.898273655426342
1621308376,23,0.73,1.16,4.29418211071678,5.2,2.04361111111111,21.4242424242424,9.89643339488494,35,0.121212121212121,39.152905383892,6,1,10.2443485000793,-72.1754034760002,337.465075317525,-62.1878346560304,335.185789188614,1,33,2,ublox.f9p,harsh,0.94859714745336
1621308377,22,0.73,1.16,4.38292140016223,5.2,2.63194444444444,23.8125,10.6481484078749,39,0.09375,220.348012622457,6,1,10.2182128232641,-72.5703613505668,339.938146906118,-62.5816477260602,337.784667528665,1,32,2,ublox.f9p,harsh,0.999999999267678
1621308378,22,0.73,1.16,4.38292140016223,5.3,3.34416666666667,25.7272727272727,11.4708127634682,39,0.0909090909090909,39.5565038900052,4,1,10.4368294536376,-73.3087608562173,343.075625788121,-63.0739140635974,341.032265767,1,33,2,ublox.f9p,harsh,0.950529863186003
1621308379,22,0.79,1.11,4.51774279923061,5.3,3.71,24.6,10.0123453208292,37,0.171428571428571,213.416449388432,10,1,10.5784759157626,-74.1501928514551,346.619131347571,-63.7213015377841,344.846455779959,1,35,2,ublox.f9p,harsh,0.999999998535343
1621308380,23,0.71,1.1,4.51774279923061,5.3,4.26694444444444,24,10.0904995821903,37,0.147058823529412,17.3097986826763,7,1,10.6836491760261,-75.1461735810739,350.697853893857,-64.5781884060667,349.130037240918,1,34,2,ublox.f9p,harsh,0.675020261087143
1621308381,23,0.71,1.1,4.51774279923061,5.3,4.94333333333333,23.6470588235294,10.111147022848,37,0.176470588235294,16.9717284098406,6,1,10.7584673930327,-76.279530961291,355.47789524866,-65.6219647611465,354.007894113801,1,34,2,ublox.f9p,harsh,0.667560656847882
1621308382,22,0.91,1.21,4.51774279923061,5.3,5.35833333333333,23.6176470588235,10.4678865508447,37,0.176470588235294,59.5476241797651,8,1,10.4205199958999,-77.1553071188507,360.756242072728,-66.8351723213837,359.313309383009,1,34,2,ublox.f9p,harsh,0.992999596156093
1621308383,23,0.73,1.12,4.51774279923061,5.3,5.70361111111111,24.2352941176471,12.2327400323375,38,0.176470588235294,61.4163251912714,7,1,10.1914329500923,-78.1856320134129,366.514438607626,-68.1270852544824,364.874029306678,1,34,2,ublox.f9p,harsh,0.994185867108145
1621308384,22,0.72,1.1,4.56508488420533,5.3,5.74027777777778,24.21875,10.9801415320804,38,0.1875,67.1801522560261,10,1,9.66413070661579,-78.9583756813853,372.272635143229,-69.4430391038281,370.583318082889,1,32,2,ublox.f9p,harsh,0.996724537061484
1621308385,23,1.04,1.25,4.56508488420533,5.4,5.63583333333333,27.1935483870968,10.876333189817,39,0.129032258064516,68.8095038936262,12,1,9.4614060148015,-80.0230447330263,378.049287436561,-70.7609963604579,376.117277156794,1,31,2,ublox.f9p,harsh,0.997215643882745
1621308386,23,0.81,1.23,4.47772263544762,5.4,5.34861111111111,26.6363636363636,11.1350184716343,40,0.121212121212121,25.9806868068672,10,1,9.05354174923951,-80.8988208958292,383.41991305139,-72.0792398188772,381.375015050928,1,33,2,ublox.f9p,harsh,0.831748283509007
1621308387,23,0.75,1.18,4.47772263544762,5.4,5.01666666666667,26,9.73396116696589,37,0.121212121212121,21.7597000313549,9,1,8.55434426289621,-81.5513599917425,388.458335020042,-73.2506619807489,386.390674917793,1,33,3,ublox.f9p,harsh,0.764222426070381
1621308388,25,0.95,1.41,4.39089968002003,5.4,4.73444444444444,25.4411764705882,9.37498663100651,37,0.117647058823529,19.5447272591961,7,1,8.36251945944592,-82.3927919869803,393.349110923336,-74.3476717887384,391.067056431118,1,34,3,ublox.f9p,harsh,0.722013789122887
1621308389,25,0.79,1.26,4.39089968002003,5.4,4.13611111111111,25.2424242424242,9.09680679905833,38,0.121212121212121,36.6347758284393,10,1,8.11574710777957,-82.9938148381,397.686214082767,-75.2583645121993,395.230983060449,1,33,3,ublox.f9p,harsh,0.934836830863934
1621308390,25,0.79,1.26,4.39089968002003,5.5,3.43166666666667,24.6060606060606,8.47400213129617,38,0.121212121212121,35.8569147213384,9,1,8.01219215995668,-83.6120097730022,401.285086917871,-76.0199463287278,398.724658073676,1,33,3,ublox.f9p,harsh,0.92993501065458
1621308391,26,0.9,1.43,4.39089968002003,5.5,2.38833333333333,26.2727272727273,9.39172750108016,38,0.121212121212121,32.871610851919,12,1,8.01866265721562,-84.1615163845714,403.776614264899,-76.5711701457915,401.190962550985,1,33,3,ublox.f9p,harsh,0.90780812902021
1621308392,26,0.75,1.16,4.39089968002003,5.5,1.49638888888889,28.125,9.92796636421741,42,0.09375,32.8912569326363,13,1,8.20015897048447,-84.6423346675644,405.492999770026,-76.9100325547955,402.762777951549,1,32,2,ublox.f9p,harsh,0.907972420359711
1621308393,26,0.78,1.21,4.39089968002003,5.5,0.885833333333333,26.1515151515152,9.21317403274115,40,0.121212121212121,32.8001397354747,14,1,8.37949744840748,-84.9686042148657,406.600345258455,-77.1015012636725,403.715095071175,1,33,2,ublox.f9p,harsh,0.907208223203205
1621308394,26,0.78,1.29,4.39089968002003,5.5,0.343888888888889,26.4545454545455,8.78596504763033,38,0.121212121212121,32.1594206000875,13,1,8.55020217601584,-85.2090133550514,407.098650727719,-77.1859306644616,404.142961063579,1,33,2,ublox.f9p,harsh,0.901672006326233
1621308395,26,0.68,1.05,4.39089968002003,5.5,0.0163888888888889,26.3636363636364,9.19177003430984,38,0.121212121212121,29.6269795400521,13,1,8.92124417944406,-85.5352829062851,407.264752550807,-77.1816376441713,404.133425588635,1,33,2,ublox.f9p,harsh,0.87682463644813
1621308396,26,0.66,1.03,4.34165866921848,5.5,0.0383333333333333,26.5151515151515,9.0142984062863,37,0.121212121212121,29.2269923757703,12,1,9.27581951079984,-85.8615524562079,407.357031340864,-77.1713343954748,404.113431850507,1,33,2,ublox.f9p,harsh,0.872439131493006
1621308397,26,0.73,1.15,4.25440947723653,5.5,0.00833333333333333,27.25,8.48528137423857,37,0.09375,28.4176494453711,9,1,9.46186559725689,-85.9989291081171,407.449310131625,-77.1541623143138,404.088208981141,1,32,2,ublox.f9p,harsh,0.863157310619102
1621308398,25,0.66,1.02,4.25440947723653,5.4,0.0361111111111111,27.21875,8.67229320046542,37,0.09375,29.0419145374405,10,1,9.6253455688464,-86.1191336788654,407.504677406223,-77.131552407015,404.059294959876,1,32,2,ublox.f9p,harsh,0.870365180418571
1621308399,26,0.67,1.05,4.25440947723653,5.4,0.0416666666666667,26.9375,8.9584614894559,37,0.09375,29.4982344104411,10,1,9.82083693557083,-86.2736824119356,407.541588922386,-77.1035046735782,404.026382191338,1,32,2,ublox.f9p,harsh,0.875427388579747
1621308400,25,0.8,1.28,4.16773319683494,5.4,0.0263888888888889,27,8.76576920055618,37,0.09375,35.6505991168634,11,1,10.0393445573426,-86.4454032261667,407.57850043855,-77.0691605099455,403.990393463061,1,32,2,ublox.f9p,harsh,0.928578760902188
1621308401,26,0.71,1.08,4.16773319683494,5.3,0.0252777777777778,27.5806451612903,8.2250600546881,37,0.0645161290322581,38.3121390684467,13,1,10.2968112494676,-86.7029844488241,407.615411954713,-77.0662984972926,403.987932695129,1,31,2,ublox.f9p,harsh,0.944339442427983
1621308402,26,0.72,1.16,4.16773319683494,5.3,0.0405555555555556,27.7333333333333,7.97813102879639,36,0.0666666666666667,36.5317341499141,11,1,10.5578317333264,-86.9605656741032,407.670779229311,-77.0660122955029,403.987625099049,1,30,2,ublox.f9p,harsh,0.934206313047445
1621308403,25,0.75,1.18,4.16773319683494,5.3,0.0277777777777778,25.0666666666667,7.03652212944441,34,0.0666666666666667,36.654505862172,12,1,10.7257684454975,-87.1322864896451,407.68923498704,-77.0657260937133,403.987009907242,1,30,2,ublox.f9p,harsh,0.934956917108256
1621308404,25,0.8,1.29,4.16773319683494,5.3,0.0175,25.8571428571429,7.80652284578729,37,0.0714285714285714,35.1124147085709,10,1,10.7550395412493,-87.1494585694953,407.726146503908,-77.0654398932345,403.986702311163,1,28,2,ublox.f9p,harsh,0.924926140980483
1621308405,25,0.8,1.29,4.16773319683494,5.3,0.0311111111111111,26.4137931034483,8.23978693110148,40,0.0689655172413793,34.2945573913218,10,1,10.7361490363455,-87.1151144084841,407.763058020072,-77.0651536914449,403.986394715435,1,29,2,ublox.f9p,harsh,0.919046048787568
1621308406,26,0.77,1.25,4.1182520563948,5.3,0.0202777777777778,28.6333333333333,8.75128890342813,39,0.0666666666666667,34.1221580013144,11,1,10.8013920591009,-87.1494585694953,407.855336810129,-77.0648674896553,403.986087119708,1,30,2,ublox.f9p,harsh,0.91775408873028
1621308407,24,0.71,1.16,4.1182520563948,5.3,0.0230555555555556,28.1935483870968,8.13395908045895,35,0.0967741935483871,42.0421264923648,12,1,10.8375069792856,-87.1151144084841,408.039894391651,-77.0645812878657,403.985471927549,1,31,2,ublox.f9p,harsh,0.960992499250292
1621308408,24,0.71,1.16,4.1182520563948,5.3,0.0416666666666667,27.741935483871,8.02897976887676,35,0.0967741935483871,45.2802753230734,11,1,10.8222701848991,-87.029253998747,408.205996215091,-77.0640088855972,403.985164331469,1,31,2,ublox.f9p,harsh,0.971474803054156
1621308409,23,0.73,1.22,4.1182520563948,5.3,0.0211111111111111,26.9354838709677,8.95892658700795,43,0.0967741935483871,48.9972703321318,11,1,10.8182155785535,-86.9605656741032,408.353642279745,-77.0637226838076,403.984856735742,1,31,2,ublox.f9p,harsh,0.980154385275639
1621308410,23,0.75,1.27,4.1182520563948,5.3,0.0216666666666667,26.5806451612903,8.86857445721835,38,0.0967741935483871,50.3181958473606,11,1,10.8478321137194,-86.9262215104705,408.501288345104,-77.063436482018,403.984549139662,1,31,3,ublox.f9p,harsh,0.982567274263646
1621308411,23,0.81,1.41,4.1182520563948,5.3,0.0508333333333333,26.3225806451613,8.91585515350488,38,0.0967741935483871,53.9489882512484,12,1,10.8637118850734,-86.8918773468378,408.612022893595,-77.06315028285,403.984241543583,1,31,3,ublox.f9p,harsh,0.987810293771308
1621308412,25,0.69,1.16,4.1182520563948,5.3,0.0283333333333333,26.8709677419355,8.58969124584375,37,0.0967741935483871,55.3707395652252,12,1,10.8118268079665,-86.7716727774003,408.741213200519,-77.0628640810604,403.983626351776,1,31,3,ublox.f9p,harsh,0.989408693439616
1621308413,24,0.82,1.48,4.1182520563948,5.2,0.0230555555555556,29.0333333333333,9.48858963878897,42,0.0666666666666667,59.5359030333798,10,1,10.8404134938245,-86.7201565339175,408.907315023608,-77.0625778792708,403.983318755696,1,30,3,ublox.f9p,harsh,0.992991443610485
1621308414,25,0.66,1.09,4.03112887414927,5.2,0.0105555555555556,27.8787878787879,8.561387065473,34,0.151515151515152,61.0753796549804,10,1,10.8982769853985,-86.7373286137676,408.999593814369,-77.0622916774811,403.983011159617,1,33,3,ublox.f9p,harsh,0.993985431648967
1621308415,25,0.72,1.22,4.03112887414927,5.2,0.0216666666666667,27.2121212121212,8.77410100721712,36,0.151515151515152,64.4552154600386,10,1,10.8959289355199,-86.6858123676632,409.091872605482,-77.0620054770023,403.982703563537,1,33,3,ublox.f9p,harsh,0.995702955633288
1621308416,25,0.65,1.07,3.98246155034798,5.2,0.0411111111111111,27.0606060606061,9.30705174162109,38,0.151515151515152,69.4030258706348,10,1,10.8583797759675,-86.5827798780759,409.202607153973,-77.0617192752127,403.98208837173,1,33,3,ublox.f9p,harsh,0.997375671866345
1621308417,25,0.69,1.16,3.98246155034798,5.2,0.0308333333333333,26.8484848484848,9.61158549655445,38,0.151515151515152,71.7353525118543,9,1,10.7182268499416,-86.3595428216727,409.313341702463,-77.0614330734231,403.981780775651,1,33,3,ublox.f9p,harsh,0.997920477416916
1621308418,26,0.71,1.18,3.98246155034798,5.2,0.0238888888888889,26.4848484848485,10.3565233431676,38,0.151515151515152,26.4327763707611,9,1,10.5968113426885,-86.1534778411873,409.424076251658,-77.0611468729443,403.981473179923,1,33,4,ublox.f9p,harsh,0.837980432782477
1621308419,25,0.69,1.16,3.98246155034798,5.2,0.0133333333333333,26.5454545454545,10.3413336576179,38,0.151515151515152,25.776648346905,8,1,10.4114404851387,-85.8787245386797,409.516355041715,-77.0605744693651,403.981165584196,1,33,4,ublox.f9p,harsh,0.828873547343719
1621308420,23,0.69,1.16,3.89486841883009,5.1,0.00805555555555556,26.6666666666667,10.4811338445164,38,0.151515151515152,26.6211538693073,8,1,10.2308280142928,-85.6039712348613,409.608633832476,-77.0602882675754,403.980550392037,1,33,4,ublox.f9p,harsh,0.840521764242696
1621308421,25,0.69,1.16,3.89486841883009,5.1,0.0205555555555556,26.8787878787879,10.0117355380997,37,0.151515151515152,27.0249576009535,9,1,10.0305269958786,-85.3120458459495,409.682456864803,-77.0600020670966,403.980242795957,1,33,4,ublox.f9p,harsh,0.845860414502025
1621308422,24,0.71,1.18,3.89486841883009,5.1,0.00944444444444444,26.8484848484848,10.3232783435097,37,0.151515151515152,27.2985652858656,9,1,9.87399210149814,-85.054464623292,409.774735655564,-77.059715865307,403.97993520023,1,33,4,ublox.f9p,harsh,0.849394067767857
1621308423,26,0.69,1.1,3.89486841883009,5.1,0.0108333333333333,26.6969696969697,10.1318953325774,36,0.151515151515152,27.0111902736625,8,1,9.69778845474562,-84.7797113194736,409.848558687891,-77.0594296635174,403.97962760415,1,33,4,ublox.f9p,harsh,0.845680829816798
1621308424,26,0.79,1.32,3.89486841883009,5.1,0.0105555555555556,26.7878787878788,10.3735166884162,38,0.151515151515152,26.6511256797907,8,1,9.53852779505038,-84.5049580156552,409.940837478652,-77.0591434617278,403.979012411991,1,33,4,ublox.f9p,harsh,0.840923111243403
1621308425,25,0.69,1.1,3.89486841883009,5.1,0.0105555555555556,27.375,9.96040548468559,39,0.125,25.1313111476501,8,1,9.36154526098556,-84.2302047079044,409.99620475325,-77.0588572625598,403.978704816264,1,32,4,ublox.f9p,harsh,0.819524774397132
1621308426,26,0.71,1.13,3.84707681233427,5,0.0177777777777778,27.0625,10.07051749319,38,0.125,23.9719669614323,9,1,9.29323537414766,-84.0928280559952,410.051572027848,-77.0585710607701,403.978397220184,1,32,4,ublox.f9p,harsh,0.801738669714197
1621308427,25,0.72,1.15,3.7589892258425,5,0.00861111111111111,27.03125,10.2846091556204,38,0.125,23.344309799178,8,1,9.21396343670862,-83.9382793242359,410.106939301741,-77.0582848589805,403.978089624105,1,32,4,ublox.f9p,harsh,0.791572626297585
1621308428,26,0.65,1.01,3.7589892258425,5,0.00388888888888889,27.0606060606061,9.72091621819734,37,0.121212121212121,23.6024998675988,9,1,9.1248845295876,-83.7837305911657,410.143850817904,-77.0577124567121,403.977474431946,1,33,3,ublox.f9p,harsh,0.795800324110378
1621308429,26,0.65,1.01,3.7589892258425,5,0.0194444444444444,27.030303030303,9.80269366196369,38,0.121212121212121,24.1921805548818,11,1,9.06229282315529,-83.6635260204174,410.180762334068,-77.0574262549225,403.977166836218,1,33,4,ublox.f9p,harsh,0.805215802909503
1621308430,26,0.75,1.18,3.7589892258425,5,0.00916666666666667,27.3030303030303,9.4455176157955,37,0.121212121212121,24.6333432566511,10,1,9.02579750327151,-83.5776656119911,410.217673851288,-77.0571400531329,403.976859240491,1,33,4,ublox.f9p,harsh,0.812042121542023
1621308431,25,0.68,1.06,3.7589892258425,5,0.0111111111111111,26.8181818181818,9.59314385855383,38,0.121212121212121,24.4471348014445,9,1,9.00263664424912,-83.5089772873473,410.254585367452,-77.0568538513432,403.976244048684,1,33,4,ublox.f9p,harsh,0.809183499819422
1621308432,26,0.68,1.06,3.7589892258425,5,0.0191666666666667,26.6969696969697,9.57041289758718,38,0.121212121212121,24.8863667496885,9,1,8.9539561060834,-83.4402889600819,410.254585367452,-77.0565676508644,403.975936452604,1,33,4,ublox.f9p,harsh,0.815873556772803
1621308433,26,0.75,1.18,3.7589892258425,5,0.00888888888888889,26.4848484848485,9.51026160300419,38,0.121212121212121,24.3380278576552,9,1,8.90640545822057,-83.3544285503447,410.273041124829,-77.0562814490748,403.975628856525,1,33,4,ublox.f9p,harsh,0.80749314241214
1621308434,26,0.72,1.15,3.7589892258425,4.9,0.0308333333333333,26.6666666666667,9.35637037887378,38,0.121212121212121,24.6556524959288,9,1,8.82223247116089,-83.2342239809073,410.273041124829,-77.0559952472852,403.975321260445,1,33,4,ublox.f9p,harsh,0.812382389807691
1621308435,26,0.72,1.15,3.7589892258425,4.9,0.0116666666666667,26.8787878787879,9.38668463755167,38,0.121212121212121,24.8238836607006,11,1,8.79767183651358,-83.2170518984355,410.254585367452,-77.0557090468064,403.974706068638,1,33,5,ublox.f9p,harsh,0.814933058286781
1621308436,26,0.75,1.18,3.7589892258425,4.9,0.00388888888888889,26.6176470588235,9.80727839145067,38,0.147058823529412,25.0738588972659,11,1,8.80824718523231,-83.26856814454,410.217673851288,-77.0551366432271,403.974398472559,1,34,5,ublox.f9p,harsh,0.818673472672533
1621308437,26,0.69,1.13,3.7589892258425,4.9,0.0138888888888889,27.3529411764706,9.78831199407766,38,0.147058823529412,25.1174839504278,11,1,8.77240304363347,-83.2170518984355,410.217673851288,-77.0548504414375,403.974090876479,1,34,5,ublox.f9p,harsh,0.819320174369568
1621308438,26,0.67,1.12,3.7589892258425,4.9,0.0119444444444444,26.8235294117647,9.74670290245915,38,0.147058823529412,25.1923321667526,10,1,8.74784385212476,-83.1998798172746,410.199218092502,-77.0545642409587,403.973475684672,1,34,5,ublox.f9p,harsh,0.820425540097577
1621308439,26,0.77,1.3,3.7589892258425,4.9,0.00277777777777778,26.6470588235294,9.75109116797356,38,0.147058823529412,25.4148617938402,11,1,8.74722858721048,-83.2170518984355,410.180762334068,-77.0542780391691,403.973168088593,1,34,5,ublox.f9p,harsh,0.823680668118104
1621308440,26,0.67,1.12,3.67151195013716,4.9,0.00638888888888889,26.6764705882353,9.65062594369761,38,0.147058823529412,26.0539264475306,10,1,8.74764851685323,-83.2170518984355,410.180762334068,-77.0539918386903,403.972860492513,1,34,5,ublox.f9p,harsh,0.832770732743736
1621308441,26,0.67,1.12,3.67151195013716,4.8,0.0258333333333333,27.0606060606061,9.55882901412156,37,0.121212121212121,25.9209876355049,11,1,8.68801001841847,-83.1311914926308,410.180762334068,-77.0537056369007,403.972245300706,1,33,5,ublox.f9p,harsh,0.830911179532772
1621308442,25,0.74,1.26,3.67151195013716,4.8,0.0147222222222222,27.1818181818182,9.67746914698823,38,0.121212121212121,24.034714477189,10,1,8.64187631451459,-83.0453310855152,410.199218092502,-77.0534194364218,403.971937704979,1,33,5,ublox.f9p,harsh,0.802734177070175
1621308443,25,0.68,1.06,3.67151195013716,4.8,0.0144444444444444,27.0909090909091,9.58306982509922,38,0.121212121212121,26.5917129948411,12,1,8.6424948490031,-83.0453310855152,410.199218092502,-77.0528470328426,403.971630108899,1,33,5,ublox.f9p,harsh,0.840126728504457
1621308444,25,0.67,1.12,3.67151195013716,4.8,0.0191666666666667,27.1818181818182,9.77386357030366,38,0.121212121212121,27.0388905097824,12,1,8.60581108142656,-83.0109869218825,410.180762334068,-77.052560831053,403.971322513172,1,33,5,ublox.f9p,harsh,0.8460419850413
1621308445,26,0.64,1.06,3.67151195013716,4.8,0.00638888888888889,28.03125,8.63408240823876,35,0.09375,41.5557120020822,12,1,8.54723186203809,-82.9251265134561,410.180762334068,-77.0522746305742,403.970707321013,1,32,5,ublox.f9p,harsh,0.959127682227424
1621308446,26,0.61,1,3.67151195013716,4.8,0.0075,27.625,9.25533847693215,37,0.09375,24.8935493652472,11,1,8.45384900211143,-82.787749861547,410.180762334068,-77.0519884287846,403.970399724933,1,32,5,ublox.f9p,harsh,0.815981432342739
1621308447,26,0.62,1.02,3.53553390593274,4.8,0.0144444444444444,28.6129032258065,8.11450314500664,35,0.0645161290322581,24.9921427652772,11,1,8.34583666647928,-82.6675452907987,410.143850817904,-77.051702226995,403.970092129206,1,31,5,ublox.f9p,harsh,0.817457259082792
1621308448,24,0.64,1.06,3.53553390593274,4.7,0.0244444444444444,27.3225806451613,8.55720786539704,38,0.0645161290322581,42.2957690949501,11,1,8.29606950411681,-82.6332011297876,410.106939301741,-77.0514160265161,403.969476937047,1,31,5,ublox.f9p,harsh,0.961932262981208
1621308449,25,0.72,1.24,3.53553390593274,4.8,0.0147222222222222,26.3870967741935,7.78321878297507,35,0.0645161290322581,25.0885128746379,10,1,8.25272375195708,-82.5473407213612,410.125395060175,-77.0511298247265,403.969169340967,1,31,5,ublox.f9p,harsh,0.818890905313272
1621308450,25,0.7,1.21,3.53553390593274,4.8,0.0177777777777778,26.741935483871,8.01651521105226,37,0.0645161290322581,24.7319041590682,9,1,8.25570282563091,-82.5301686388895,410.143850817904,-77.0505574211473,403.96886174524,1,31,5,ublox.f9p,harsh,0.813541829266059
1621308451,26,0.79,1.43,3.53553390593274,4.8,0.0186111111111111,27.7096774193548,8.40711424285843,36,0.0645161290322581,38.7295855903468,11,1,8.20497774295057,-82.409964069452,410.180762334068,-77.0502712206685,403.968246553081,1,31,5,ublox.f9p,harsh,0.946493378337047
1621308452,26,0.69,1.15,3.53553390593274,4.8,0.00333333333333333,28.15625,8.09663161743123,37,0.09375,25.7002368454659,11,1,8.19419066247655,-82.3927919869803,410.180762334068,-77.0499850188789,403.967938957001,1,32,5,ublox.f9p,harsh,0.82778698465928
1621308453,26,0.7,1.14,3.53553390593274,4.8,0.00666666666666667,27.78125,8.06719511954274,33,0.09375,25.0898784373301,10,1,8.16942081422859,-82.3756199031977,410.162306576338,-77.0496988170892,403.967631360922,1,32,5,ublox.f9p,harsh,0.818911156899167
1621308454,26,0.74,1.24,3.58468966578698,4.8,0.0130555555555556,27.75,8.30468192861616,34,0.09375,30.7069278285319,10,1,8.17855721791754,-82.409964069452,410.143850817904,-77.0494126152996,403.967016169467,1,32,5,ublox.f9p,harsh,0.888021869617818
1621308455,26,0.72,1.16,3.67151195013716,4.8,0.0369444444444444,27.75,8.25012218873347,36,0.09375,24.9741546403477,9,1,8.21030885982317,-82.478652392785,410.125395060175,-77.0491264161316,403.966708573387,1,32,5,ublox.f9p,harsh,0.817188685388531
1621308456,26,0.71,1.09,3.67151195013716,4.8,0.0133333333333333,27.78125,8.14281545587195,37,0.09375,28.1112670175738,10,1,8.22477081429863,-82.478652392785,410.143850817904,-77.0485540125524,403.96640097766,1,32,5,ublox.f9p,harsh,0.859497991235078
1621308457,26,0.71,1.09,3.67151195013716,4.8,0.0144444444444444,27.2727272727273,8.14429527058944,37,0.121212121212121,27.9273387561364,9,1,8.22798514162249,-82.4614803116241,410.162306576338,-77.0482678107628,403.965785785501,1,33,5,ublox.f9p,harsh,0.857262130693575
1621308458,26,0.71,1.09,3.67151195013716,4.7,0.0363888888888889,27.53125,8.10807791152471,37,0.09375,38.3458211543318,10,1,8.23376079006429,-82.427136150613,410.199218092502,-77.0479816102839,403.965478189421,1,32,3,ublox.f9p,harsh,0.94451621902095
1621308459,26,0.72,1.11,3.67151195013716,4.7,0.0152777777777778,27.5,8.29302077342069,37,0.09375,38.1479331025942,12,1,8.29335600947649,-82.4958244752568,410.217673851288,-77.0476954084943,403.964862997614,1,32,5,ublox.f9p,harsh,0.943470011368
1621308460,26,0.71,1.07,3.67151195013716,4.7,0.0488888888888889,27.125,7.95045139720726,35,0.09375,38.1390875611885,12,1,8.4122261251174,-82.6332011297876,410.254585367452,-77.0474092067047,403.964555401535,1,32,5,ublox.f9p,harsh,0.943422815738237
1621308461,26,0.71,1.07,3.67151195013716,4.7,0.00805555555555556,26.75,8.0241570756182,36,0.09375,37.9161654179322,12,1,8.45841180291024,-82.7018894544314,410.254585367452,-77.0471230062259,403.964247805455,1,32,5,ublox.f9p,harsh,0.942221112984574
1621308462,26,0.7,1.14,3.67151195013716,4.8,0.00694444444444444,26.125,7.82778343775472,34,0.09375,37.6195215280577,11,1,8.45704433132601,-82.7190615342816,410.236129608665,-77.0465506026467,403.963632613648,1,32,4,ublox.f9p,harsh,0.940584823986578
1621308463,26,0.7,1.14,3.67151195013716,4.8,0.0205555555555556,26.5625,7.94309397750548,35,0.09375,37.7954812113829,10,1,8.44378509027989,-82.7190615342816,410.217673851288,-77.0462644008571,403.963325017569,1,32,3,ublox.f9p,harsh,0.941560585122951
1621308464,26,0.74,1.23,3.67151195013716,4.8,0.0144444444444444,27.4193548387097,7.59286592158888,35,0.0645161290322581,37.6834070469572,10,1,8.45369312659811,-82.7534057005359,410.199218092502,-77.0459782003782,403.963017421489,1,31,3,ublox.f9p,harsh,0.940940844988351
1621308465,26,0.74,1.23,3.67151195013716,4.8,0.00305555555555556,28.8333333333333,7.93978777330084,31,0.0333333333333333,36.3080321692047,11,1,8.44073445186072,-82.7534057005359,410.180762334068,-77.0456919985886,403.962402230035,1,30,5,ublox.f9p,harsh,0.932817903444923
1621308466,26,0.71,1.16,3.67151195013716,4.8,0.00555555555555556,28.2903225806452,7.85787735709459,33,0.0645161290322581,35.0687838397627,10,1,8.4411545931517,-82.7534057005359,410.180762334068,-77.045405796799,403.962094633955,1,31,5,ublox.f9p,harsh,0.924622615685349
1621308467,26,0.71,1.16,3.67151195013716,4.8,0.00555555555555556,27.46875,8.47761521168656,34,0.09375,34.5304619140839,10,1,8.4396275980854,-82.7705777816968,410.162306576338,-77.0451195950094,403.961787037875,1,32,5,ublox.f9p,harsh,0.920783927713086
1621308468,26,0.69,1.13,3.67151195013716,4.8,0.0219444444444444,27.375,8.783231824922,35,0.09375,33.6602970872213,9,1,8.46028457593263,-82.8392661063406,410.125395060175,-77.0445471940518,403.961171846069,1,32,3,ublox.f9p,harsh,0.914199948961589
1621308469,26,0.81,1.31,3.7589892258425,4.8,0.0161111111111111,27.4375,8.48124115993073,37,0.09375,22.4930922729624,10,1,8.48269123314298,-82.8907823524451,410.106939301741,-77.0442609922621,403.960864249989,1,32,3,ublox.f9p,harsh,0.777180262208379
1621308470,26,0.68,1.08,3.7589892258425,4.8,0.0397222222222222,27.0909090909091,8.86835538714632,37,0.121212121212121,22.099457006904,9,1,8.51497575528705,-82.9938148381,410.051572027848,-77.0439747904725,403.960249058182,1,33,3,ublox.f9p,harsh,0.770289341268386
1621308471,26,0.68,1.08,3.7589892258425,4.8,0.0147222222222222,27.3030303030303,8.76600268254026,36,0.121212121212121,22.8402513850731,8,1,8.5262734169457,-83.0281590043543,410.033116269414,-77.0436885899937,403.959941462103,1,33,5,ublox.f9p,harsh,0.783134165043326
1621308472,25,0.81,1.31,3.7589892258425,4.8,0.0302777777777778,27.4848484848485,8.61365635241944,36,0.121212121212121,23.4852867909288,9,1,8.47742230633083,-82.9766427582498,410.01466051098,-77.0434023882041,403.959633866023,1,33,5,ublox.f9p,harsh,0.793888981138249
1621308473,25,0.71,1.12,3.62353418639869,4.8,0.0308333333333333,27.7878787878788,8.3880777586315,37,0.121212121212121,23.5704175468602,8,1,8.42905855897101,-82.9251265134561,409.99620475325,-77.0428299859357,403.959018674216,1,33,5,ublox.f9p,harsh,0.795278484666113
1621308474,25,0.71,1.12,3.62353418639869,4.8,0.0102777777777778,27.5757575757576,8.54777128492533,37,0.121212121212121,24.7046301328314,10,1,8.41750390340482,-82.907954433606,409.99620475325,-77.0425437841461,403.958711078136,1,33,5,ublox.f9p,harsh,0.813127751569025
1621308475,25,0.81,1.31,3.62353418639869,4.8,0.0380555555555556,27.7272727272727,8.53768384601734,37,0.121212121212121,22.6506438466253,11,1,8.34384069083926,-82.8392661063406,409.959293237087,-77.0422575823564,403.958095885977,1,33,5,ublox.f9p,harsh,0.779896681332497
1621308476,25,0.71,1.12,3.62353418639869,4.7,0.00805555555555556,27.5454545454545,8.56625249558883,37,0.121212121212121,22.4729526319974,11,1,8.34172565449662,-82.8736102673517,409.922381720923,-77.0419713805668,403.957788290602,1,33,3,ublox.f9p,harsh,0.776831307146295
1621308477,25,0.67,1.04,3.62353418639869,4.7,0.0141666666666667,27.030303030303,8.93198203257838,37,0.121212121212121,22.6257817544499,11,1,8.37719821853585,-82.9422985946171,409.903925962489,-77.041685180088,403.957480694523,1,33,3,ublox.f9p,harsh,0.779469607035882
1621308478,26,0.74,1.16,3.62353418639869,4.7,0.0158333333333333,26.9393939393939,9.06207548640002,36,0.121212121212121,23.7139990301088,10,1,8.37707072649082,-82.9594706770889,409.885470204759,-77.0411127765088,403.956865502363,1,33,5,ublox.f9p,harsh,0.797606234805484
1621308479,25,0.7,1.06,3.62353418639869,4.7,0.0377777777777778,27.21875,9.0828955699977,37,0.09375,24.6839691567895,11,1,8.36443928294487,-82.9594706770889,409.867014446325,-77.0408265747192,403.956557906636,1,32,4,ublox.f9p,harsh,0.812813602821271
1621308480,25,0.68,1.07,3.62353418639869,4.7,0.00805555555555556,27.8064516129032,8.78035441516537,39,0.0967741935483871,26.84166132356,11,1,8.38863248525879,-83.0109869218825,409.848558687891,-77.0405403755511,403.955942714477,1,31,4,ublox.f9p,harsh,0.84345540793542
1621308481,25,0.74,1.15,3.62353418639869,4.7,0.0394444444444444,27.8387096774194,8.6027002512527,36,0.0967741935483871,27.4632405832475,11,1,8.3776556974309,-82.9766427582498,409.867014446325,-77.0402541737615,403.955635118397,1,31,4,ublox.f9p,harsh,0.851488558196659
1621308482,25,0.68,1.06,3.62353418639869,4.7,0.00777777777777778,28,8.57126983980009,37,0.0967741935483871,28.3727568863749,12,1,8.41415457817924,-83.0453310855152,409.848558687891,-77.0396817701823,403.95532752267,1,31,4,ublox.f9p,harsh,0.862626189224206
1621308483,25,0.68,1.04,3.62353418639869,4.7,0.00694444444444444,28.1290322580645,8.55858997531669,36,0.0967741935483871,28.9715593297979,12,1,8.43933667172048,-83.0796752465263,409.848558687891,-77.0393955697035,403.954712330511,1,31,4,ublox.f9p,harsh,0.869569294625671
1621308484,25,0.76,1.2,3.62353418639869,4.6,0.00805555555555556,28.0967741935484,8.6616197049962,36,0.0967741935483871,28.9758232554889,12,1,8.52620333775852,-83.1998798172746,409.848558687891,-77.0391093679139,403.954404734431,1,31,4,ublox.f9p,harsh,0.869617647826513
1621308485,25,0.68,1.05,3.62353418639869,4.6,0.00222222222222222,27.9375,8.28499420834185,34,0.09375,29.1537590486487,11,1,8.55239466677188,-83.1998798172746,409.885470204759,-77.0388231661242,403.953789542625,1,32,3,ublox.f9p,harsh,0.871621899089878
1621308486,25,0.68,1.05,3.62353418639869,4.6,0.0286111111111111,27.75,8.47767466596445,37,0.09375,29.7420507587041,11,1,8.56691580562022,-83.1655356562635,409.940837478652,-77.0382507638558,403.953481946545,1,32,3,ublox.f9p,harsh,0.878062063013429
1621308487,25,0.84,1.28,3.62353418639869,4.6,0.0133333333333333,28.40625,8.49614476138746,36,0.09375,30.9446616290005,12,1,8.66203878995747,-83.3200843893336,409.922381720923,-77.0399679719719,403.956557906636,1,32,3,ublox.f9p,harsh,0.890364154502189
1621308488,25,0.68,1.05,3.62353418639869,4.6,0.00638888888888889,28.15625,8.12050123592015,36,0.09375,27.0468755729912,12,1,8.65399654174729,-83.3544285503447,409.959293237087,-77.0745983360834,404.004850473517,1,32,3,ublox.f9p,harsh,0.846145965700762
1621308489,25,0.68,1.05,3.62353418639869,4.6,0.0233333333333333,27.78125,8.19415360033033,36,0.09375,26.119134110201,12,1,8.68373330239034,-83.4231168776101,409.99620475325,-77.1015012636725,404.042684777919,1,32,2,ublox.f9p,harsh,0.833676868931991
1621308490,25,0.75,1.17,3.62353418639869,4.6,0.0355555555555556,27.875,7.80715139492157,35,0.09375,27.0059792762023,11,1,8.68903936414775,-83.4402889600819,410.051572027848,-77.1218215605868,404.086978597175,1,32,2,ublox.f9p,harsh,0.845612811566603
1621308491,25,0.78,1.22,3.62353418639869,4.6,0.445277777777778,27.3125,8.20478813785565,39,0.09375,27.5775799639248,12,1,8.73831157155898,-83.5776656119911,410.439142947917,-77.2002407329696,404.465321638732,1,32,2,ublox.f9p,harsh,0.852928642665096
1621308492,25,0.78,1.22,3.62353418639869,4.6,1.14305555555556,27.65625,7.88469065811675,37,0.09375,26.9927382209858,12,1,8.67956929237371,-83.9382793242359,411.380386612905,-77.4226191879363,405.646182562703,1,32,3,ublox.f9p,harsh,0.845439868109439
1621308493,25,0.91,1.53,3.62353418639869,4.6,2.08138888888889,27.6129032258065,7.81740544918768,36,0.0645161290322581,27.1660097057579,12,1,8.51079662396388,-84.3504092799635,413.262873941473,-77.8358939508224,407.786127717586,1,31,3,ublox.f9p,harsh,0.84769050163488
1621308494,25,0.78,1.22,3.62353418639869,4.7,2.95833333333333,27.9677419354839,8.62354865457658,39,0.0645161290322581,26.9582083974436,11,1,8.53240805039134,-85.1403250317184,416.031237660784,-78.4174551117074,410.777190917844,1,31,3,ublox.f9p,harsh,0.844988124034422
1621308495,25,0.81,1.33,3.67151195013716,4.7,3.48222222222222,27.8064516129032,8.59619820943619,35,0.0645161290322581,26.2040232279956,12,1,8.41028614869509,-85.9130686996908,419.390185639768,-79.1352481199647,414.410822096907,1,31,3,ublox.f9p,harsh,0.83485060756689
1621308496,25,0.95,1.64,3.67151195013716,4.7,3.63638888888889,27.6774193548387,8.20319895639985,36,0.0645161290322581,25.965888995071,10,1,8.34876161536034,-86.6171240430194,423.007514232601,-79.8404482678302,418.131195339412,1,31,3,ublox.f9p,harsh,0.831541096705074
1621308497,25,0.8,1.29,3.58468966578698,4.7,4.37666666666667,29,9.03696114115064,34,0.0645161290322581,25.9209214085199,11,1,8.08602330043691,-87.3726956298308,427.233882843542,-80.7356861182461,422.615021776315,1,31,3,ublox.f9p,harsh,0.830910249056221
1621308498,25,0.73,1.18,3.58468966578698,4.7,5.23861111111111,29.2258064516129,9.40464309944599,33,0.0645161290322581,24.3137478257329,10,1,7.47946874113468,-87.7333093433864,432.51222966761,-81.8052205950673,427.951504238288,1,31,3,ublox.f9p,harsh,0.807115432440574
1621308499,25,0.91,1.46,3.55105618091294,4.7,6.01805555555555,29.741935483871,9.7089915093707,35,0.0645161290322581,24.5454170875135,10,1,7.08026105019596,-88.626257582107,438.307337718672,-83.0384622504292,433.95916110425,1,31,3,ublox.f9p,harsh,0.810696423456244
1621308500,25,0.72,1.15,3.55105618091294,4.7,6.62194444444444,28.1935483870968,9.68304137771706,37,0.0645161290322581,25.8338503922074,8,1,7.05970358397108,-90.1717449219842,444.6561185143,-84.4045013369313,440.584470675378,1,31,2,ublox.f9p,harsh,0.829683387980901
1621308501,25,0.7,1.11,3.46698716467194,4.7,6.89388888888889,28.5161290322581,10.2887348355436,37,0.0645161290322581,30.4034263419986,9,1,6.87709830158714,-91.4081347917886,451.39247023035,-85.8452389777942,447.349121220886,1,31,2,ublox.f9p,harsh,0.884968152553103
1621308502,24,0.73,1.14,3.46698716467194,4.8,6.78416666666667,27.6666666666667,9.38940464248026,35,0.0666666666666667,27.443661988396,8,1,6.81722902371931,-92.8162454745134,457.999631639476,-87.2699493420331,454.035642389657,1,30,3,ublox.f9p,harsh,0.851240805106071
1621308503,23,0.73,1.12,3.46698716467194,4.8,6.72583333333333,27.6333333333333,9.89421054449776,35,0.0666666666666667,25.4147416061838,5,1,6.66530414452997,-94.0354632644677,464.606793048953,-88.6852150616335,460.631730344145,1,30,3,ublox.f9p,harsh,0.823678922616063
1621308504,25,0.69,1.1,3.46698716467194,4.8,6.68083333333333,27.15625,10.6683413923869,36,0.09375,24.5122140241072,5,1,6.40651607392519,-95.134476482363,471.177042941211,-90.0918947406534,467.2253575307,1,32,3,ublox.f9p,harsh,0.810186337831663
1621308505,25,0.67,1.08,3.46698716467194,4.9,6.55861111111111,25.9411764705882,9.67953535220473,36,0.147058823529412,18.8842474035901,5,1,6.13293387004457,-96.1991455366255,477.59964676987,-91.4533546037647,473.715017279698,1,34,3,ublox.f9p,harsh,0.708564987337451
1621308506,24,0.68,1.08,3.52278299076171,4.9,6.5,25.3823529411765,9.33554531975033,37,0.147058823529412,19.2535295465533,8,1,6.00327311007707,-97.4355354064299,483.966883322524,-92.7850495266341,480.170533876544,1,34,3,ublox.f9p,harsh,0.716131550435879
1621308507,26,0.7,1.11,3.52278299076171,5,6.32166666666667,26.1470588235294,9.95788815672728,38,0.147058823529412,19.9223191421079,11,1,6.0128905288631,-98.877990255409,490.131106537335,-94.1201788657356,486.454411922278,1,34,3,ublox.f9p,harsh,0.729528541722311
1621308508,25,0.92,1.6,3.66196668472011,5,5.99805555555556,25.1818181818182,9.33225101949734,38,0.121212121212121,24.2146919110656,10,1,6.05923291997368,-100.440649675136,495.926214588396,-95.4172434231826,492.538044993124,1,33,3,ublox.f9p,harsh,0.805568635905115
1621308509,24,0.75,1.11,3.66196668472011,5.1,5.88583333333333,24,9.41408519188137,33,0.121212121212121,204.69312396854,10,1,5.85169622704034,-101.385114158651,501.739778398597,-96.5712073034145,498.412820400264,1,33,3,ublox.f9p,harsh,0.999999996495831
1621308510,22,0.75,1.11,3.66196668472011,5.1,5.5175,23.59375,9.61805887129066,36,0.125,20.6322764942052,8,1,5.68955524566799,-102.175029910406,507.258050078079,-97.5740568641868,503.911098342324,1,32,3,ublox.f9p,harsh,0.743306869985869
1621308511,20,0.79,1.42,3.72021504754765,5.2,4.93138888888889,26.1333333333333,8.96250170329742,36,0.0333333333333333,16.7900538739728,6,1,5.4933517938416,-102.810396926469,512.259560530568,-98.3954547629891,508.990738170141,1,30,3,ublox.f9p,harsh,0.663516674036973
1621308512,21,0.71,1.18,3.72021504754765,5.3,4.67138888888889,27.0333333333333,8.56811786089342,36,0.0333333333333333,19.2805955207915,6,1,5.50684264337485,-103.394247696427,516.984234610774,-99.0634487358797,513.582838388307,1,30,3,ublox.f9p,harsh,0.716681444906664
1621308513,22,0.69,1.15,3.80131556174964,5.3,4.36055555555556,26.8,9.21917043167529,37,0.0333333333333333,21.6674169323835,10,1,5.67207148345314,-104.029614715112,521.542806867891,-99.6876538978775,517.893180698679,1,30,4,ublox.f9p,harsh,0.762555556578365
1621308514,24,0.68,1.09,3.80131556174964,5.4,4.13583333333333,27.4333333333333,9.09976632262812,36,0.0333333333333333,15.8879599926256,10,1,5.88062437096016,-104.682153812336,525.806086995348,-100.249467166738,521.941758839734,1,30,4,ublox.f9p,harsh,0.643088844357982
1621308515,23,0.67,1.07,3.80131556174964,5.4,3.81861111111111,27.9666666666667,8.84145148535104,34,0.0333333333333333,14.2734475284644,9,1,5.93335159338355,-105.180144177801,529.681796201326,-100.76606061838,525.716884164326,1,30,4,ublox.f9p,harsh,0.605239442007572
1621308516,22,0.67,1.07,3.72021504754765,5.4,3.45138888888889,28.8333333333333,9.87537282869599,33,0.0666666666666667,12.8670650746922,6,1,5.91609587647795,-105.60944621469,533.206846004103,-101.276643844236,529.178569196549,1,30,4,ublox.f9p,harsh,0.571189640924796
1621308517,21,0.71,1.16,3.72021504754765,5.4,2.85,28.7096774193548,9.36729611783143,35,0.0645161290322581,29.6822447293649,9,1,5.85973641511501,-106.038748252889,536.104400029634,-101.74372446099,532.118263870188,1,31,4,ublox.f9p,harsh,0.877420276188157
1621308518,22,0.67,1.07,3.64005494464026,5.4,2.07527777777778,28.90625,10.20549938719,36,0.09375,33.2541138350809,6,1,5.98366246439707,-106.416534047606,538.337546762812,-102.108631193525,534.184693588471,1,32,2,ublox.f9p,harsh,0.910959846047347
1621308519,22,0.69,1.08,3.64005494464026,5.5,1.28166666666667,29.5806451612903,9.59782681495621,38,0.0645161290322581,30.0352329338613,7,1,5.8610474978817,-106.450878208617,539.814007412524,-102.393973947829,535.583947650389,1,31,2,ublox.f9p,harsh,0.881166505155158
1621308520,23,0.73,1.24,3.56089876295297,5.5,0.345,28.6666666666667,9.20769293555135,32,0.0666666666666667,18.4563243656723,8,1,5.60063969893241,-106.365017801501,540.349224399009,-102.605190551352,536.198216800088,1,30,2,ublox.f9p,harsh,0.699650144547149
1621308521,24,0.67,1.07,3.56089876295297,5.5,0.0347222222222222,28.741935483871,9.49023266991027,33,0.0645161290322581,202.440675754652,9,1,5.4050990073247,-106.158952824948,540.441503189065,-102.708223039629,536.281267711632,1,31,2,ublox.f9p,harsh,0.999999995610575
1621308522,23,0.67,1.07,3.4828149534536,5.5,0.00638888888888889,28.6451612903226,9.15258938624028,32,0.0645161290322581,33.1771947277041,9,1,5.18226665983866,-105.987232006785,540.496870463663,-102.84044806719,536.37939082544,1,31,2,ublox.f9p,harsh,0.910333964377951
1621308523,24,0.67,1.07,3.42052627529741,5.4,0.0186111111111111,29.75,8.7988269012812,30,0.0625,203.821499356667,9,1,4.91046165382301,-105.849855354875,540.515326222097,-103.017606708869,536.503967192932,1,32,2,ublox.f9p,harsh,0.999999996176692
1621308524,24,0.63,1.01,3.34215499341368,5.4,0.0122222222222222,29.78125,8.57127376012269,30,0.0625,45.9966257820433,9,1,4.46840494490402,-105.729650785438,540.496870463663,-103.323555961878,536.731588209743,1,32,2,ublox.f9p,harsh,0.973394269314451
1621308525,24,0.63,1.01,3.34215499341368,5.4,0.0111111111111111,29.2903225806452,8.96732419542231,34,0.0645161290322581,47.0029476026061,8,1,3.92497588273146,-105.626618297161,540.478414705229,-103.730820495047,537.041644946644,1,31,2,ublox.f9p,harsh,0.975879917712233
1621308526,25,0.66,1.09,3.2649655434629,5.4,0.00638888888888889,29.4516129032258,8.78194629026854,34,0.0645161290322581,45.3863599186657,8,1,3.82124934419522,-105.540757890046,540.459958947499,-103.773178296992,537.07209694725,1,31,2,ublox.f9p,harsh,0.971767313717387
1621308527,25,0.63,1.01,3.2649655434629,5.4,0.0138888888888889,29.4516129032258,8.74390724896454,32,0.0645161290322581,41.209697483319,9,1,3.77347717037679,-105.472069562781,540.441503189065,-103.773178296992,537.07209694725,1,31,2,ublox.f9p,harsh,0.957749486843114
1621308528,25,0.67,1.09,3.2649655434629,5.4,0.025,29.3548387096774,8.84137390189547,35,0.0645161290322581,37.6320226726492,9,1,3.78376071232297,-105.420553317987,540.478414705229,-103.773178296992,537.07209694725,1,31,2,ublox.f9p,harsh,0.940654648182254
1621308529,23,0.75,1.31,3.18904374382039,5.3,0.0180555555555556,29.1290322580645,8.91344278971888,34,0.0645161290322581,35.6905297389024,8,1,3.75424410251608,-105.351864990721,540.478414705229,-103.773464498781,537.07209694725,1,31,2,ublox.f9p,harsh,0.928843128993266
1621308530,24,0.67,1.09,3.18904374382039,5.3,0.00972222222222222,29.2258064516129,8.82311236627739,31,0.0645161290322581,34.5543231738085,8,1,3.73993457448148,-105.31752082971,540.478414705229,-103.773464498781,537.07209694725,1,31,2,ublox.f9p,harsh,0.920957799199026
1621308531,25,0.67,1.09,3.18904374382039,5.3,0.00666666666666667,29.0645161290323,8.94030381240283,32,0.0645161290322581,34.5346082454495,7,1,3.70902140204302,-105.283176666078,540.459958947499,-103.773464498781,537.07209694725,1,31,2,ublox.f9p,harsh,0.920814166145344
1621308532,25,0.7,1.17,3.04795013082563,5.3,0.0230555555555556,29,8.95916662791058,33,0.0645161290322581,21.6441979372724,6,1,3.65447732122842,-105.231660419973,540.423047431336,-103.773464498781,537.07209694725,1,31,2,ublox.f9p,harsh,0.762134886556186
1621308533,23,0.7,1.17,3.04795013082563,5.3,0.0125,28.4516129032258,9.56325854395324,37,0.0645161290322581,21.2229879468303,6,1,3.61721838100241,-105.180144177801,540.404591672902,-103.773464498781,537.07209694725,1,31,2,ublox.f9p,harsh,0.754414870253237
1621308534,24,0.67,1.09,3.04795013082563,5.3,0.0141666666666667,28.7741935483871,9.22933611703953,34,0.0645161290322581,20.4037169816352,6,1,3.58040810624464,-105.128627930386,540.386135915172,-103.773464498781,537.07209694725,1,31,2,ublox.f9p,harsh,0.738921719128127
1621308535,24,0.67,1.09,3.04795013082563,5.3,0.00944444444444444,28.8709677419355,8.92838893822722,34,0.0645161290322581,20.4648479105025,7,1,3.55683701454369,-105.111455850536,540.367680156738,-103.773464498781,537.07209694725,1,31,2,ublox.f9p,harsh,0.740099311474359
1621308536,25,0.67,1.09,2.9732137494637,5.3,0.0163888888888889,28.34375,9.29311009088402,34,0.09375,22.7541873833864,7,1,3.56765664639988,-105.094283768064,540.386135915172,-103.773178296992,537.07209694725,1,32,2,ublox.f9p,harsh,0.781668935309206
1621308537,25,0.67,1.09,2.9732137494637,5.3,0.0108333333333333,28.53125,9.37389778466884,35,0.09375,23.2501344082136,7,1,3.54445178942381,-105.077111686903,540.367680156738,-103.773178296992,537.071789351171,1,32,2,ublox.f9p,harsh,0.790014603153509
1621308538,25,0.67,1.1,2.9732137494637,5.3,0.00361111111111111,28.5625,9.50360712503925,34,0.09375,26.4120789917543,8,1,3.53118182486351,-105.042767525892,540.367680156738,-103.773750697949,537.072404542978,1,32,2,ublox.f9p,harsh,0.837699229457459
1621308539,24,0.7,1.17,2.9732137494637,5.3,0.231666666666667,28.9375,9.95777375041812,38,0.09375,23.280006349917,7,1,3.56906774243168,-105.059939607053,540.55223773826,-103.80895346564,537.209592345153,1,32,2,ublox.f9p,harsh,0.790509724058469
1621308540,26,0.67,1.09,2.9,5.3,0.586388888888889,29.90625,8.64481711219074,31,0.0625,200.91036011117,10,1,3.46118507639039,-105.111455850536,541.050543207525,-103.946616319339,537.791256322394,1,32,2,ublox.f9p,harsh,0.999999994884732
1621308541,25,0.67,1.09,2.9,5.3,0.920277777777778,28.3939393939394,8.92307189936359,32,0.0909090909090909,21.3214387413232,7,1,3.3622643846637,-105.197316258962,541.936419597211,-104.179584226103,538.731884794518,1,33,2,ublox.f9p,harsh,0.756234326433722
1621308542,25,0.67,1.09,2.9,5.3,0.681388888888889,28.5,9.80125074309561,32,0.09375,20.5684321230375,8,1,3.26940797544725,-105.283176666078,542.674649922948,-104.376490761117,539.533479889399,1,32,2,ublox.f9p,harsh,0.74208681704411
1621308543,25,0.67,1.09,2.9,5.4,0.0758333333333333,27.0645161290323,9.62612931511923,33,0.0967741935483871,22.237674488729,8,1,3.42468358496454,-105.283176666078,542.914574778363,-104.407972909476,539.60361177018,1,31,3,ublox.f9p,harsh,0.772725870795122
1621308544,24,0.68,1.12,2.9,5.4,0.0133333333333333,25.7666666666667,10.1698788970965,34,0.1,24.4022726214365,9,1,3.49608451523017,-105.300348747239,542.98839781069,-104.422855381563,539.604226962339,1,30,3,ublox.f9p,harsh,0.808489841816236
1621308545,23,0.67,1.08,2.9,5.4,0.0230555555555556,26.3793103448276,10.4622238591428,35,0.103448275862069,24.3875138817661,8,1,3.51972666821607,-105.283176666078,543.025309326854,-104.436879248281,539.608840901772,1,29,3,ublox.f9p,harsh,0.808261222273422
1621308546,23,0.67,1.08,2.9,5.4,0.00805555555555556,26.7741935483871,10.750843927864,38,0.129032258064516,24.3348328720189,7,1,3.52735867331773,-105.300348747239,543.043765085288,-104.458344349732,539.618376376716,1,31,3,ublox.f9p,harsh,0.80744347213048
1621308547,24,0.68,1.12,2.9,5.4,0.00166666666666667,26.9,10.4365075410873,35,0.1,20.4682448592704,6,1,3.58780238788755,-105.334692910871,543.117588117615,-104.489826498091,539.63068021532,1,30,3,ublox.f9p,harsh,0.740164647242768
1621308548,22,0.65,1,2.9,5.4,0.278611111111111,27.4666666666667,10.9850473084014,37,0.1,10.1978830245212,7,1,3.62529249144084,-105.386209156976,543.35751297303,-104.561663038488,539.827234039719,1,30,3,ublox.f9p,harsh,0.504946914189301
1621308549,21,0.66,1.07,2.9,5.5,0.456944444444444,28.5666666666667,9.86698896646631,38,0.0666666666666667,8.35825666903419,7,1,3.57621554015303,-105.523585808885,543.78199541032,-104.695032871896,540.303085003276,1,30,3,ublox.f9p,harsh,0.459048356957582
1621308550,23,0.66,1.07,2.9,5.5,0.590555555555556,27.9333333333333,10.2618588533675,37,0.0666666666666667,41.226227309588,8,1,3.55714965783321,-105.678134541955,544.354123911912,-104.862174466669,540.891823687529,1,30,3,ublox.f9p,harsh,0.957816324870021
1621308551,23,0.66,1.07,2.82842712474619,5.5,0.390277777777778,29.5172413793103,9.91975190377826,36,0.0344827586206897,36.5849161124707,6,1,3.53408508693214,-105.746822866599,544.833973623799,-105.001554527173,541.379363297883,1,29,3,ublox.f9p,harsh,0.934532441467356
1621308552,24,0.66,1.07,2.82842712474619,5.5,0.726666666666667,29.1666666666667,9.44341892110798,32,0.0666666666666667,36.4890581357804,6,1,3.49051444104978,-105.90137160098,545.498380916152,-105.183292390933,542.082527682877,1,30,3,ublox.f9p,harsh,0.9339435188846
1621308553,24,0.68,1.12,2.82842712474619,5.5,1.05916666666667,29.6206896551724,9.52970466152864,35,0.0344827586206897,35.6833039644339,5,1,3.42066213294216,-106.158952824948,546.476536096599,-105.431142768473,543.134198299571,1,29,3,ublox.f9p,harsh,0.928795356468378
1621308554,23,0.68,1.12,2.82842712474619,5.5,1.78333333333333,28.8333333333333,9.76652740083518,35,0.0333333333333333,37.864344328518,6,1,3.41705322498089,-106.485222372249,548.082187053236,-105.776015404573,544.739541660833,1,30,3,ublox.f9p,harsh,0.941938349089222
1621308555,24,0.67,1.04,2.82842712474619,5.6,2.32472222222222,29.4516129032258,9.06582855076291,35,0.0645161290322581,37.9631759376468,6,1,3.43911493014496,-106.897352330599,550.315333787118,-106.214475886932,546.944697160985,1,31,3,ublox.f9p,harsh,0.942476509129866
1621308556,22,0.67,1.04,2.9,5.6,2.80972222222222,27.6176470588235,10.2602932968958,40,0.147058823529412,37.666055529222,8,1,3.53569860166952,-107.532719346662,553.046785989561,-106.745379408392,549.599865563521,1,34,3,ublox.f9p,harsh,0.940844346765539
1621308557,23,0.66,1.07,2.9,5.6,3.52027777777778,27.6764705882353,10.9619744633653,40,0.176470588235294,37.3522364152053,5,1,3.65327568175361,-108.339807176956,556.442645484709,-107.406790747986,552.910520975272,1,34,3,ublox.f9p,harsh,0.939073391879359
1621308558,23,0.65,1,2.9,5.6,3.55305555555556,28.375,10.6581787465565,38,0.125,6.4690170673899,4,1,3.62118363506513,-109.164067091033,560.059974077542,-108.190410069545,556.572143387361,1,32,3,ublox.f9p,harsh,0.412631295215864
1621308559,23,0.68,1.13,2.9,5.6,3.95555555555556,28.3235294117647,11.3503987067477,39,0.117647058823529,7.25057991411095,3,1,3.58995109254356,-110.005499086271,563.898771767357,-109.044434922553,560.439855098792,1,34,3,ublox.f9p,harsh,0.431694243749011
1621308560,23,0.64,1,2.9,5.6,3.79305555555556,27.9393939393939,11.1633871258329,38,0.121212121212121,7.71128478552558,3,1,3.56691654606142,-110.915619407463,567.700657941712,-109.925076503982,564.274038849527,1,33,3,ublox.f9p,harsh,0.443030584616255
1621308561,22,0.67,1.06,2.9,5.6,3.36527777777778,28.4375,11.3760855561412,38,0.09375,7.37510501030619,3,1,3.63538159294886,-111.688363078057,571.225707744137,-110.729302321624,567.719113699794,1,32,3,ublox.f9p,harsh,0.434751832982504
1621308562,23,0.67,1.06,2.83196045170126,5.6,2.33833333333333,29.4375,11.6783159965865,37,0.09375,6.81582105594525,3,1,3.69421207400283,-111.91160013446,573.920248430416,-111.207830994232,570.293691958366,1,32,3,ublox.f9p,harsh,0.421061367422912
1621308563,24,0.64,1,2.83196045170126,5.6,1.73722222222222,30,11.9136679436254,39,0.09375,25.6248239018339,4,1,3.85495473194953,-111.654018911803,575.895014549041,-111.157173354807,572.072211849728,1,32,3,ublox.f9p,harsh,0.826709271284334
1621308564,24,0.67,1.03,2.83196045170126,5.6,1.58805555555556,30.1875,11.4509824905988,37,0.0625,25.8735849854635,3,1,3.85021857121659,-111.241888957386,577.519121264463,-110.871258195613,573.686783089854,1,32,3,ublox.f9p,harsh,0.830244137692453
1621308565,23,0.74,1.25,2.83196045170126,5.6,1.68805555555556,29.9032258064516,11.4465565090108,38,0.0645161290322581,27.2619658610434,5,1,3.85884637089918,-110.812586916565,579.16168373832,-110.441383755145,575.320732875948,1,31,3,ublox.f9p,harsh,0.848925275120136
1621308566,24,0.67,1.11,2.83196045170126,5.6,1.38916666666667,29.78125,10.9801415320804,37,0.0625,24.571104981258,4,1,3.84000216672978,-110.692382345817,580.656600146114,-110.137724115142,576.856867143963,1,32,3,ublox.f9p,harsh,0.811090335133782
1621308567,24,0.67,1.11,2.75862284482674,5.6,1.32083333333333,29.875,11.3129956672732,38,0.0625,23.7438918461149,4,1,3.93658838811193,-110.846931082819,582.059237763851,-110.17836470766,578.179837405622,1,32,3,ublox.f9p,harsh,0.798088366838033
1621308568,25,0.74,1.25,2.75862284482674,5.5,0.8275,29.65625,11.5775349067117,36,0.0625,23.4097527056381,4,1,4.0913265344257,-110.967135653568,583.11121597733,-110.182371526161,579.09585820054,1,32,4,ublox.f9p,harsh,0.792650278577814
1621308569,26,0.67,1.11,2.75862284482674,5.5,0.976944444444444,29.53125,11.2593599056017,37,0.0625,22.359282188836,4,1,4.13999713164313,-111.052996059372,584.089371157777,-110.174930290117,580.043561380381,1,32,4,ublox.f9p,harsh,0.77485446667277
1621308570,25,0.67,1.11,2.75862284482674,5.5,0.3525,31.1612903225806,10.9911988251011,34,0.032258064516129,22.168229894754,5,1,4.02194694903589,-111.156028547649,584.532309352444,-110.178078505871,580.631069680668,1,31,3,ublox.f9p,harsh,0.771503971387278
1621308571,25,0.74,1.25,2.69072480941474,5.4,0.00972222222222222,30.8387096774194,10.9881656770471,32,0.0645161290322581,42.8156026856254,7,1,4.05245506222507,-111.224716874914,584.569220869312,-110.190098962683,580.651063418795,1,31,3,ublox.f9p,harsh,0.96379077348232
1621308572,26,0.66,1.09,2.69072480941474,5.4,0.0130555555555556,30.6451612903226,11.1011962931832,35,0.0645161290322581,24.9798335329388,7,1,4.02163369686609,-111.259061038547,584.532309352444,-110.198971205053,580.652908994568,1,31,3,ublox.f9p,harsh,0.817273507843524
1621308573,25,0.65,1.06,2.69072480941474,5.3,0.00888888888888889,30.741935483871,11.4016599432875,37,0.0645161290322581,26.4935526748176,6,1,3.99672548403908,-111.310577280719,584.495397836281,-110.206698640265,580.654139378182,1,31,3,ublox.f9p,harsh,0.838803893942099
1621308574,25,0.66,1.09,2.69072480941474,5.3,0.00944444444444444,30.8064516129032,11.1577158798705,34,0.0645161290322581,68.381599864291,8,1,3.9329569942028,-111.344921446973,584.421574803954,-110.211850265924,580.655369762148,1,31,3,ublox.f9p,harsh,0.997094268020833
1621308575,26,0.66,1.05,2.69072480941474,5.3,0.0175,30.6451612903226,11.3035345124044,35,0.0645161290322581,62.7882027135671,6,1,3.88426617536434,-111.379265609295,584.366207529356,-110.218719098389,580.659368509773,1,31,3,ublox.f9p,harsh,0.99492742022959
1621308576,25,0.66,1.05,2.69072480941474,5.2,0.00638888888888889,30,11.7610620543028,35,0.0625,64.6562158651432,8,1,3.86502799975714,-111.430781851467,584.347751771627,-110.233315368686,580.672902732343,1,32,4,ublox.f9p,harsh,0.995788104004867
1621308577,25,0.74,1.24,2.69072480941474,5.2,0.00666666666666667,29.5151515151515,11.9402711760485,37,0.0909090909090909,73.1650655585151,5,1,3.84636806383009,-111.482298098882,584.310840255463,-110.233315368686,580.672902732343,1,33,4,ublox.f9p,harsh,0.998197014125189
1621308578,25,0.66,1.05,2.62488094968134,5.2,0.00388888888888889,29.5151515151515,12.1246680679339,35,0.0909090909090909,63.92354495802,5,1,3.84602987838559,-111.533814342365,584.292384497029,-110.233315368686,580.672902732343,1,33,4,ublox.f9p,harsh,0.995469375159114
1621308579,24,0.66,1.05,2.62488094968134,5.2,0.0244444444444444,29.030303030303,12.5759811955292,37,0.0909090909090909,64.2505097256045,5,1,3.82316829217931,-111.568158507309,584.255472980866,-110.233315368686,580.672902732343,1,33,4,ublox.f9p,harsh,0.995614475909055
1621308580,25,0.74,1.24,2.62488094968134,5.1,0.0130555555555556,29.8125,12.6144758115429,38,0.0625,73.3457592502798,7,1,3.81806049828276,-111.602502669631,584.237017223136,-110.233315368686,580.672902732343,1,32,4,ublox.f9p,harsh,0.99822924319702
1621308581,26,0.64,0.97,2.62488094968134,5.1,0.00583333333333333,29.96875,12.1243140810309,36,0.0625,65.1570442597473,6,1,3.83260481694863,-111.688363078057,584.218561464702,-110.233315368686,580.672902732343,1,32,4,ublox.f9p,harsh,0.99599302804898
1621308582,25,0.64,0.97,2.62488094968134,5.1,0.00972222222222222,29.9375,12.1547481761576,37,0.0625,63.9840698924349,5,1,3.82532070923643,-111.757051402701,584.181649948539,-110.233315368686,580.672902732343,1,32,4,ublox.f9p,harsh,0.995496590801337
1621308583,25,0.74,1.24,2.62488094968134,5.1,0.00916666666666667,30.9032258064516,11.3676583302797,37,0.032258064516129,71.7600975473139,7,1,3.84355761861851,-111.842911811127,584.163194190104,-110.233315368686,580.672902732343,1,31,4,ublox.f9p,harsh,0.997925606180347
1621308584,25,0.64,0.97,2.62488094968134,5,0.0158333333333333,31,11.0181668166715,37,0.032258064516129,70.2670975635112,6,1,3.83211800136259,-111.89442805461,584.126282673941,-110.233315368686,580.672902732343,1,31,4,ublox.f9p,harsh,0.99759238890602
1621308585,26,0.64,0.97,2.62488094968134,5,0.0113888888888889,30.6774193548387,11.5394601167016,37,0.032258064516129,68.8843901039996,7,1,3.84712970158905,-111.928772215621,584.126282673941,-110.233315368686,580.672902732343,1,31,4,ublox.f9p,harsh,0.997236359583082
1621308586,25,0.69,1.12,2.62488094968134,5,0.005,30.4516129032258,11.239331859375,37,0.032258064516129,70.5831424633389,6,1,3.84589595467079,-111.963116381876,584.107826916211,-110.233315368686,580.672902732343,1,31,4,ublox.f9p,harsh,0.997667115644319
1621308587,25,0.64,0.97,2.62488094968134,5,0.0166666666666667,31.4666666666667,10.7982544353509,37,0.0333333333333333,68.2662346991542,6,1,3.82027434511149,-112.014632625358,584.052459641614,-110.233315368686,580.672902732343,1,30,4,ublox.f9p,harsh,0.997060650989929
1621308588,24,0.68,1.03,2.56124969497314,5,0.00944444444444444,31.0666666666667,10.90692071761,38,0.0333333333333333,69.3845053548221,6,1,3.83640864437856,-112.048976786369,584.052459641614,-110.233315368686,580.672902732343,1,30,4,ublox.f9p,harsh,0.997370819762332
1621308589,24,0.68,1.03,2.48394846967484,4.9,0.0136111111111111,30.6774193548387,11.1187142445344,37,0.0645161290322581,80.9177411531818,8,1,3.84491266210275,-112.100493033785,584.03400388318,-110.233315368686,580.672902732343,1,31,4,ublox.f9p,harsh,0.99916877138247
1621308590,24,0.64,1,2.48394846967484,4.9,0.0111111111111111,31.1,11.2352585409842,38,0.0333333333333333,63.8188810880709,7,1,3.84578101262464,-112.134837196107,584.01554812545,-110.233601569165,580.672595136264,1,30,4,ublox.f9p,harsh,0.995421925092966
1621308591,25,0.61,0.93,2.48394846967484,4.9,0.0122222222222222,31.1,11.1428034607776,36,0.0333333333333333,61.821245539054,7,1,3.86140159979708,-112.169181358429,584.01554812545,-110.237608388976,580.671979944809,1,30,4,ublox.f9p,harsh,0.994415301907266
1621308592,24,0.69,1.12,2.48394846967484,4.9,0.00555555555555556,31,11.3502240597662,36,0.0333333333333333,75.5628014073177,7,1,3.88576849713355,-112.220697604533,584.01554812545,-110.241901409267,580.67136475265,1,30,4,ublox.f9p,harsh,0.998580854422213
1621308593,26,0.61,0.93,2.48394846967484,4.9,0.0255555555555556,31.0666666666667,11.4829208507404,36,0.0333333333333333,62.662933222121,6,1,3.90917776786145,-112.237869685694,584.03400388318,-110.245335825499,580.670749560843,1,30,5,ublox.f9p,harsh,0.994863805034624
1621308594,24,0.61,0.93,2.48394846967484,4.8,0.00861111111111111,30.9,11.6422239847181,38,0.0333333333333333,63.1069473196098,6,1,3.91716599996575,-112.255041766855,584.03400388318,-110.247911636362,580.670134368684,1,30,5,ublox.f9p,harsh,0.995085774281571
1621308595,25,0.65,1.06,2.48394846967484,4.8,0.0102777777777778,30.5483870967742,11.8063223449061,39,0.0645161290322581,67.0245695000473,8,1,3.91746938729457,-112.289385929177,584.01554812545,-110.251059852116,580.670134368684,1,31,5,ublox.f9p,harsh,0.996673348866891
1621308596,27,0.63,0.97,2.48394846967484,4.8,0.154166666666667,30.4838709677419,11.523514995411,36,0.0645161290322581,59.5615717836033,6,1,3.97657339684527,-112.306558012959,584.144738432375,-110.258787288638,580.735959906112,1,31,5,ublox.f9p,harsh,0.993009285027105
1621308597,25,0.63,0.97,2.48394846967484,4.8,0.64,32,11.916375287813,35,0.0333333333333333,59.5548416727529,6,1,3.95097210520932,-112.289385929177,584.624588143206,-110.26680092695,581.230574223831,1,30,5,ublox.f9p,harsh,0.993004611538061
1621308598,24,0.7,1.12,2.48394846967484,4.8,1.78916666666667,31.5333333333333,11.4793167324401,34,0.0333333333333333,58.4501804958719,4,1,3.90981795848798,-112.272213848016,586.082593035188,-110.28883843067,582.713186793373,1,30,5,ublox.f9p,harsh,0.992193938547808
1621308599,25,0.64,0.99,2.48394846967484,4.7,2.25555555555556,32.4827586206897,11.6791043249263,36,0.0344827586206897,60.81974436273,5,1,3.78473361995851,-112.203525523372,588.205005219875,-110.345792501601,584.907576434615,1,29,5,ublox.f9p,harsh,0.993830656746084
1621308600,25,0.64,0.99,2.48394846967484,4.7,3.18166666666667,31.3666666666667,11.2418041665713,34,0.0333333333333333,61.9830365356669,4,1,3.70574509955258,-111.997460544197,591.121015004192,-110.357812958414,587.797748157054,1,30,5,ublox.f9p,harsh,0.994504437727605
1621308601,22,0.74,1.24,2.48394846967484,4.7,3.36333333333333,33.2857142857143,11.3132408261036,38,0.0357142857142857,71.1510154530489,3,1,3.45152279200572,-111.035823976901,594.295405401302,-109.719583928387,591.104712417259,1,28,5,ublox.f9p,harsh,0.997795618613789
1621308602,22,0.65,0.99,2.48394846967484,4.7,3.12916666666667,31.6206896551724,10.6717711513783,34,0.0344827586206897,29.2832554136156,2,1,3.14340887150652,-109.11255084755,596.805388506764,-108.073639913718,593.838625387634,1,29,5,ublox.f9p,harsh,0.873063966777069
1621308603,24,0.64,0.99,2.40831891575846,4.7,2.84361111111111,31.4642857142857,11.2989089701326,34,0.0357142857142857,31.0101456048627,4,0,2.94269986723187,-106.62259902678,598.392583705671,-105.794332291581,595.568852712115,1,28,4,ublox.f9p,harsh,0.891001749610216
1621308604,24,0.67,1.05,2.40831891575846,4.7,2.82805555555556,31.3928571428571,10.6643722730799,33,0.0357142857142857,36.7776179464927,3,0,2.76410636448442,-103.892238060581,599.241548579193,-103.160993589185,596.575921914179,1,28,4,ublox.f9p,harsh,0.935701595186499
1621308605,24,0.68,0.99,2.40831891575846,4.7,2.7425,32.3928571428571,11.0699435768052,34,0.0357142857142857,31.9646608843977,3,0,2.6971731515128,-101.127532934682,599.776765564622,-100.541392551718,597.144051668145,1,28,4,ublox.f9p,harsh,0.899931715285314
1621308606,23,0.68,0.99,2.40831891575846,4.7,2.46472222222222,32.551724137931,11.4535902259527,37,0.0344827586206897,33.1019224929198,3,0,2.65750666128421,-98.6032369515906,600.238159518075,-98.0900779135598,597.630668490965,1,29,4,ublox.f9p,harsh,0.909717646254032
1621308607,23,0.69,1.05,2.40831891575846,4.7,2.21972222222222,31.8965517241379,11.3526108626613,36,0.0344827586206897,39.6139438260639,4,0,2.62050369704383,-96.3193501073738,600.607274680415,-95.9009237201394,598.02039258324,1,29,4,ublox.f9p,harsh,0.950799264184388
1621308608,24,0.7,0.99,2.40831891575846,4.7,1.9275,32.6071428571429,10.6990455985371,33,0.0357142857142857,35.9301215745736,4,0,2.68778494911042,-94.3273886494471,601.013301359975,-93.9533234727524,598.351673441529,1,28,4,ublox.f9p,harsh,0.930410497716934
1621308609,23,0.75,1.03,2.40831891575846,4.8,1.74472222222222,32.4074074074074,10.1612357639567,31,0.037037037037037,36.119574144273,4,0,2.63698245721707,-92.5243200908448,601.25322621539,-92.188319693183,598.637737692678,1,27,4,ublox.f9p,harsh,0.931627184998161
1621308610,23,0.81,1.2,2.47588368062799,4.8,1.11277777777778,31.9285714285714,10.927127545797,32,0.0357142857142857,37.2455732574051,4,0,2.64123394519073,-91.2364139736251,601.456239554642,-90.9387645607183,598.831830748792,1,28,4,ublox.f9p,harsh,0.938460257676457
1621308611,23,0.87,1.26,2.47588368062799,4.8,0.603055555555555,31.4814814814815,11.7321726310123,37,0.037037037037037,37.6888378701175,5,0,2.65470157361598,-90.4636703056527,601.585429861567,-90.2335644128528,598.940719721862,1,27,4,ublox.f9p,harsh,0.940971017482658
1621308612,23,0.75,1.03,2.40416305603426,4.8,0.0655555555555555,32.0740740740741,11.2657613554246,32,0.037037037037037,36.2231907133337,4,0,2.61490368588972,-90.2060890829953,601.585429861567,-90.0609849932528,598.974555278286,1,27,4,ublox.f9p,harsh,0.932284256992043
1621308613,23,0.84,1.33,2.40416305603426,4.8,0.005,31.5,11.9427647397757,37,0.0357142857142857,42.1398239424984,4,0,2.68099118742811,-90.1545728368908,601.659252893894,-90.0738640541236,598.979476813798,1,28,3,ublox.f9p,harsh,0.961357082186718
1621308614,22,0.71,1,2.40416305603426,4.8,0.00694444444444444,31.2413793103448,11.6055872394469,36,0.0689655172413793,37.5603324190371,6,0,2.73228963887831,-90.1374007557299,601.714620168491,-90.0835949005517,598.982860369265,1,29,3,ublox.f9p,harsh,0.940253181691927
1621308615,23,0.84,1.33,2.40416305603426,4.7,0.00388888888888889,30.1034482758621,11.9204051572629,38,0.0689655172413793,25.8001184321141,2,0,2.82201917089022,-90.1202286745689,601.806898958548,-90.0927533447114,598.985013541469,1,29,3,ublox.f9p,harsh,0.829206195258622
1621308616,20,0.85,1.35,2.40416305603426,4.7,0.00666666666666667,30.1724137931034,12.7140781518454,40,0.0689655172413793,9.73919914572035,1,0,2.89355550472303,-90.103056593408,601.88072199158,-90.1019117875603,598.987166713322,1,29,3,ublox.f9p,harsh,0.493480348178583
1621308617,20,0.71,1.05,2.40416305603426,4.7,0.00277777777777778,31.1428571428571,11.7495919100584,37,0.0714285714285714,9.15229727743507,1,0,2.96564709802918,-90.085884512247,601.954545023907,-90.1119288344673,598.989012288743,1,28,3,ublox.f9p,harsh,0.478820113637398
1621308618,23,0.71,1.05,2.40416305603426,4.7,0.00611111111111111,31.1034482758621,11.5707291645347,39,0.0689655172413793,9.5614329470012,2,1,3.03822126093695,-90.0687124310861,602.028368056234,-90.1182252646632,598.990550268788,1,29,3,ublox.f9p,harsh,0.489037580721492
1621308619,22,0.9,1.35,2.40416305603426,4.7,0.005,31.1,11.238327277669,37,0.0666666666666667,10.6772698246832,3,1,3.09401406196951,-90.0343682661426,602.083735330831,-90.1182252646632,598.990857864868,1,30,3,ublox.f9p,harsh,0.516925276503446
1621308620,21,0.74,1.08,2.40416305603426,4.7,0.0116666666666667,31.9310344827586,11.9431122842617,36,0.103448275862069,31.7230131799833,3,1,3.18675811082922,-90.0171961849816,602.176014121944,-90.1182252646632,598.990857864868,1,29,3,ublox.f9p,harsh,0.897734437855951
1621308621,22,0.74,1.08,2.40416305603426,4.7,0.00527777777777778,31.5,11.4281865698746,35,0.1,37.3863812102749,3,1,3.2426785636124,-90.0000241038207,602.231381395486,-90.1182252646632,598.990857864868,1,30,3,ublox.f9p,harsh,0.939268457177381
1621308622,22,0.87,1.33,2.40416305603426,4.7,0.0133333333333333,31.4666666666667,11.3524517580803,34,0.1,41.1422025824254,5,1,3.31645362604815,-90.0000241038207,602.305204427813,-90.1182252646632,598.990857864868,1,30,3,ublox.f9p,harsh,0.95747552057818
1621308623,23,0.74,1.08,2.33452350598575,4.7,0.0102777777777778,31.1666666666667,11.6088056153978,36,0.1,11.0122461476935,3,1,3.37243195062171,-89.9828520226597,602.36057170241,-90.1182252646632,598.990857864868,1,30,3,ublox.f9p,harsh,0.525284567681175
1621308624,22,0.74,1.08,2.33452350598575,4.7,0.00805555555555556,31.0666666666667,11.6882886666108,36,0.1,11.1724622641331,3,1,3.42775532116861,-89.9828520226597,602.41593897736,-90.1182252646632,598.990857864868,1,30,3,ublox.f9p,harsh,0.529278024654627
1621308625,23,0.9,1.35,2.33452350598575,4.7,0.00777777777777778,30.8333333333333,12.1600911218606,37,0.1,30.6198713540591,5,1,3.50222790381375,-89.9656799414988,602.489762009687,-90.1182252646632,598.990857864868,1,30,3,ublox.f9p,harsh,0.887153259829453
1621308626,24,0.74,1.08,2.33452350598575,4.6,0.00555555555555556,30.9333333333333,11.6291350327183,36,0.1,12.1300528365783,3,1,3.55832113787006,-89.9485078603378,602.545129284284,-90.1182252646632,598.990857864868,1,30,4,ublox.f9p,harsh,0.553050890324011
1621308627,22,0.74,1.08,2.33452350598575,4.6,0.00638888888888889,30.9,12.0124934963562,37,0.1,12.2776219195738,3,1,3.61540213818967,-89.9141636940835,602.600496558178,-90.1182252646632,598.990857864868,1,30,4,ublox.f9p,harsh,0.556695666083647
1621308628,22,0.9,1.35,2.33452350598575,4.6,0.00916666666666667,31.6428571428571,10.6465584274547,36,0.0357142857142857,44.688719680325,5,1,3.652255406567,-89.9141636940835,602.637408074341,-90.1182252646632,598.990857864868,1,28,4,ublox.f9p,harsh,0.969788986594361
1621308629,23,0.74,1.08,2.33452350598575,4.6,0.00777777777777778,31.7142857142857,11.453148177449,39,0.0357142857142857,28.1407985930489,4,1,3.70753748240762,-89.9141636940835,602.692775348939,-90.1182252646632,598.990857864868,1,28,4,ublox.f9p,harsh,0.859854239595987
1621308630,22,0.74,1.08,2.33452350598575,4.6,0.00222222222222222,31.75,11.5490098982393,38,0.0357142857142857,22.8809327461389,4,1,3.74536868960541,-89.8969916142334,602.729686865102,-90.1182252646632,598.990857864868,1,28,4,ublox.f9p,harsh,0.783824281273179
1621308631,22,0.87,1.33,2.33452350598575,4.6,0.00111111111111111,32,12.0861107918997,36,0.0357142857142857,33.175934179698,5,1,3.78325967123912,-89.8798195330724,602.766598381266,-90.1182252646632,598.990857864868,1,28,4,ublox.f9p,harsh,0.910323674491821
1621308632,22,0.72,1.04,2.33452350598575,4.6,0.00111111111111111,31.6785714285714,12.2203642166386,38,0.0357142857142857,12.4594980199481,2,1,3.83851849013152,-89.8798195330724,602.821965655863,-90.1182252646632,598.990857864868,1,28,5,ublox.f9p,harsh,0.56117935937069
1621308633,21,0.72,1.04,2.40831891575846,4.6,0.005,32.2222222222222,11.5569936646215,35,0.037037037037037,12.4773011295817,2,1,3.9122016854695,-89.8798195330724,602.89578868819,-90.1182252646632,598.990857864868,1,27,5,ublox.f9p,harsh,0.561617725698786
1621308634,23,0.76,1.1,2.40831891575846,4.6,0.00527777777777778,30.7857142857143,11.8676564595235,37,0.0357142857142857,19.0183745737792,3,1,3.98589005577213,-89.8798195330724,602.969611720518,-90.1182252646632,598.990857864868,1,28,4,ublox.f9p,harsh,0.711326954270393
1621308635,22,0.72,1.04,2.40831891575846,4.6,0.0325,30.9285714285714,11.962684485759,37,0.0357142857142857,13.1662266352028,1,1,4.0780241106697,-89.8798195330724,603.061890511279,-90.1185114664528,598.990857864868,1,28,4,ublox.f9p,harsh,0.578500949583999
1621308636,19,0.76,1.12,2.40831891575846,4.6,0.00833333333333333,32.5384615384615,11.2578177964676,37,0.0384615384615385,13.3248425345829,2,1,4.17014819424294,-89.8798195330724,603.15416930204,-90.1185114664528,598.990857864868,1,26,4,ublox.f9p,harsh,0.582363710918707
1621308637,21,0.87,1.33,2.40831891575846,4.6,0.0191666666666667,32.9230769230769,10.1150307045429,32,0.0384615384615385,34.3529053394783,3,1,4.24292111139764,-89.8969916142334,603.227992334367,-90.1185114664528,598.990857864868,1,26,4,ublox.f9p,harsh,0.919479099849154
1621308638,20,0.76,1.12,2.40831891575846,4.6,0.0161111111111111,32.1538461538462,10.2398918263517,35,0.0384615384615385,25.4337964134338,3,1,4.33507672631566,-89.8969916142334,603.320271125128,-90.1185114664528,598.990857864868,1,26,4,ublox.f9p,harsh,0.823955488647434
1621308639,20,0.76,1.12,2.40831891575846,4.6,0.00388888888888889,32.8846153846154,10.021285039662,32,0.0384615384615385,14.0438242654912,2,1,4.39037257915476,-89.8969916142334,603.375638399726,-90.1185114664528,598.990857864868,1,26,4,ublox.f9p,harsh,0.599740128315387
1621308640,20,0.87,1.33,2.343074902772,4.6,0.0102777777777778,32.5925925925926,10.8246842528449,36,0.037037037037037,33.9048005450556,3,1,4.42812990246727,-89.8798195330724,603.412549915889,-90.1185114664528,598.990857864868,1,27,4,ublox.f9p,harsh,0.916098473451972
1621308641,20,0.78,1.16,2.343074902772,4.6,0.00833333333333333,33.7692307692308,9.88861038693584,34,0,14.3842622334272,1,1,4.48341767381348,-89.8798195330724,603.467917189782,-90.1185114664528,598.990857864868,1,26,4,ublox.f9p,harsh,0.607883967448336
1621308642,20,0.78,1.16,2.343074902772,4.5,0.0155555555555556,33.8076923076923,10.186340778785,36,0,14.4577142038429,1,1,4.55806939756359,-89.8626474519115,603.541740223166,-90.1185114664528,598.990857864868,1,26,3,ublox.f9p,harsh,0.609633382172137
1621308643,20,0.9,1.35,2.343074902772,4.5,0.00333333333333333,33.8846153846154,9.79521076068064,31,0,26.0524562410241,2,1,4.59591137252487,-89.8454753707505,603.578651739329,-90.1185114664528,598.990857864868,1,26,4,ublox.f9p,harsh,0.832750257111139
1621308644,21,0.76,1.12,2.343074902772,4.5,0.0133333333333333,33.7307692307692,9.82876469270759,31,0,14.7272706228955,1,1,4.65118201706579,-89.8454753707505,603.63401901287,-90.1185114664528,598.990857864868,1,26,4,ublox.f9p,harsh,0.61602901202665
1621308645,20,0.76,1.12,2.343074902772,4.5,0.00805555555555556,32.2142857142857,10.2500483932268,34,0.0357142857142857,14.5491940539347,1,1,4.70748235548559,-89.8283032895896,603.68938628782,-90.1185114664528,598.990857864868,1,28,4,ublox.f9p,harsh,0.611808228042208
1621308646,21,0.87,1.33,2.343074902772,4.5,0.015,32.0740740740741,10.7271256667956,35,0.037037037037037,34.4272130733814,2,1,4.76274554108241,-89.8283032895896,603.744753562418,-90.1185114664528,598.990857864868,1,27,3,ublox.f9p,harsh,0.920027542087135
1621308647,20,0.76,1.12,2.343074902772,4.5,0.0197222222222222,32.6666666666667,10.9087121146357,36,0.037037037037037,16.3020448615095,1,1,4.83643349181217,-89.8283032895896,603.818576594745,-90.1185114664528,598.990857864868,1,27,3,ublox.f9p,harsh,0.652535827360716
1621308648,20,0.76,1.12,2.343074902772,4.5,0.00611111111111111,33.7692307692308,9.87241689681992,31,0,16.6303365942513,2,1,4.89275091846264,-89.8111312084286,603.873943869342,-90.1185114664528,598.990857864868,1,26,3,ublox.f9p,harsh,0.659941528350827
1621308649,21,0.87,1.33,2.343074902772,4.5,0.0188888888888889,33.0740740740741,10.7736356477851,36,0.037037037037037,35.1214037304889,2,1,4.94801004502236,-89.8111312084286,603.929311143235,-90.1185114664528,598.990857864868,1,27,3,ublox.f9p,harsh,0.924988534911738
1621308650,20,0.76,1.12,2.343074902772,4.5,0.0194444444444444,32.6785714285714,10.8765925063994,34,0.0714285714285714,17.6636565270264,1,1,5.00327156351116,-89.8111312084286,603.984678417833,-90.1185114664528,598.990857864868,1,28,3,ublox.f9p,harsh,0.682734187582238
1621308651,19,0.76,1.12,2.343074902772,4.4,0.00694444444444444,34.4814814814815,12.5464379571696,38,0.0740740740740741,17.5382031984058,1,1,5.04011386522001,-89.8111312084286,604.021589933997,-90.1185114664528,598.990857864868,1,27,3,ublox.f9p,harsh,0.680010557308009
1621308652,19,0.87,1.33,2.343074902772,4.4,0.01,32.1724137931034,11.7839750918575,35,0.103448275862069,31.7840327340963,2,1,5.09675090424065,-89.7939591246461,604.076957208594,-90.1185114664528,598.990550268788,1,29,3,ublox.f9p,harsh,0.898293283980409
1621308653,19,0.76,1.12,2.343074902772,4.4,0.00527777777777778,31.9285714285714,11.8569516144455,36,0.0714285714285714,56.5606621248373,3,1,5.15200701544868,-89.7939591246461,604.132324482487,-90.1185114664528,598.990550268788,1,28,4,ublox.f9p,harsh,0.990585696624405
1621308654,18,0.76,1.12,2.343074902772,4.4,0.005,31.9285714285714,12.2139221456457,37,0.0714285714285714,55.0859823779649,2,1,5.18969779804568,-89.7767870421743,604.169235999355,-90.1193700705109,598.990857864868,1,28,4,ublox.f9p,harsh,0.989106096028269
1621308655,19,0.87,1.33,2.343074902772,4.4,0.00333333333333333,32.7777777777778,11.7090804123366,36,0.0740740740740741,60.0355464879371,3,1,5.22802931857109,-89.7596149623242,604.206147515519,-90.1199424740901,598.990550268788,1,27,3,ublox.f9p,harsh,0.993330739191439
1621308656,18,0.87,1.33,2.343074902772,4.4,0.00861111111111111,33.6923076923077,11.1884555887548,36,0.0769230769230769,58.5976834013086,2,1,5.24795549134531,-89.7424428811632,604.224603273248,-90.1199424740901,598.990242672709,1,26,3,ublox.f9p,harsh,0.992307355952125
1621308657,19,0.87,1.33,2.343074902772,4.4,0.00638888888888889,34.12,11.1479445041078,34,0.08,58.2049267674138,3,1,5.28869937903718,-89.7424428811632,604.261514789412,-90.1190838687213,598.986243925435,1,25,3,ublox.f9p,harsh,0.992001675203974
1621308658,20,0.87,1.33,2.343074902772,4.4,0.266388888888889,34.24,9.88803991361955,32,0.08,57.8046801966033,3,1,5.33859589934784,-89.5363779019886,604.316882064009,-89.9719763703839,598.996086996459,1,25,2,ublox.f9p,harsh,0.991677770342818
1621308659,20,0.87,1.33,2.343074902772,4.4,0.791111111111111,33.12,9.56260076199636,35,0.08,57.9758933568627,4,1,5.40045549311046,-88.9010108859254,604.446072370934,-89.3861221892087,599.067449261207,1,25,2,ublox.f9p,harsh,0.991817889086602
1621308660,21,1.16,1.87,2.343074902772,4.4,2.00277777777778,32.8076923076923,11.685954751818,40,0.0769230769230769,58.7986583369232,3,1,5.42627340983057,-87.2181468967607,604.722908742513,-87.7499090209681,599.322753914965,1,26,2,ublox.f9p,harsh,0.992459261423977
1621308661,20,1.16,1.87,2.343074902772,4.4,2.84861111111111,32.4285714285714,11.6505557693807,37,0.0714285714285714,63.0330448006608,4,1,5.45066766275044,-84.6251625864035,605.258125728293,-85.1683727638443,599.834593606799,1,28,2,ublox.f9p,harsh,0.995049502842206
1621308662,21,1.16,1.87,2.343074902772,4.4,3.29166666666667,33,10.740577265678,37,0.0769230769230769,57.2389678841648,3,1,5.44820524713042,-81.5170158307314,605.94098877908,-82.0413367175844,600.518071849745,1,26,2,ublox.f9p,harsh,0.991197663613022
1621308663,21,1.03,1.8,2.343074902772,4.4,3.42027777777778,33.1923076923077,8.61635296755759,29,0.0384615384615385,78.5468476307437,5,1,5.24524903728364,-78.1169436861475,606.217825151011,-78.6796155564447,601.00284309644,1,26,2,ublox.f9p,harsh,0.998946606805534
1621308664,22,1.03,1.8,2.343074902772,4.4,3.19861111111111,33.4615384615385,9.63008107642202,32,0.0384615384615385,82.7633294137698,6,1,4.99920951629315,-74.8885923584164,605.608785132904,-75.4297991272624,600.638957065339,1,26,2,ublox.f9p,harsh,0.999308760655267
1621308665,22,1.03,1.8,2.343074902772,4.5,2.9,32.1538461538462,9.85369903210894,34,0.0384615384615385,85.3264639754013,6,1,4.69352441306012,-72.3127801279094,604.076957208594,-72.818211728107,599.410726362021,1,26,2,ublox.f9p,harsh,0.999464966702143
1621308666,22,0.95,1.76,2.42074368738204,4.5,3.23111111111111,30,9.63966166019726,34,0.037037037037037,85.7104905003943,6,1,4.47831596934967,-70.3036465901325,601.64079713546,-70.6187542846792,597.173580881217,1,27,2,ublox.f9p,harsh,0.999485113499588
1621308667,21,0.82,1.5,2.42074368738204,4.5,3.68944444444444,27.8620689655172,9.56453321215952,32,0.0689655172413793,85.1100944766141,6,1,4.41077072969671,-69.0844288001782,598.318760672639,-69.1210625741954,593.90814207696,1,29,2,ublox.f9p,harsh,0.999453270463541
1621308668,21,0.95,1.76,2.42074368738204,4.5,4.01222222222222,28.1034482758621,10.7249536382155,33,0.0689655172413793,84.0088062277374,5,1,4.41533094357272,-68.1743084816074,594.443051466661,-68.2037872187491,590.027818930845,1,29,2,ublox.f9p,harsh,0.999389658029852
1621308669,20,0.95,1.76,2.48394846967484,4.6,4.42305555555556,28.1785714285714,9.7830297943772,33,0.0714285714285714,77.8080727847451,6,1,4.44113189168849,-67.418736894796,590.161315581122,-67.3614966194532,585.720552580212,1,28,2,ublox.f9p,harsh,0.998865929597671
1621308670,21,0.95,1.76,2.48394846967484,4.6,4.64194444444444,27.6428571428571,9.45247091237029,32,0.0714285714285714,74.6931510794786,6,1,4.49705670627756,-66.4914444898211,585.639654840521,-66.4857204618935,581.142601777127,1,28,2,ublox.f9p,harsh,0.998452112521311
1621308671,22,0.78,1.19,2.54950975679639,4.7,4.91555555555556,27.3571428571429,8.87449230979518,29,0.0714285714285714,71.0901828026141,6,1,4.53313303953228,-65.6328404121115,580.859613485718,-65.5369629567782,576.327494481581,1,28,2,ublox.f9p,harsh,0.99778219773794
1621308672,23,0.77,1.17,2.62488094968134,4.7,4.85138888888889,27.3103448275862,9.05973607419058,31,0.0689655172413793,69.5012167550668,9,1,4.85750298719106,-65.340915028443,576.227218195217,-64.5959328894961,571.427183103343,1,29,2,ublox.f9p,harsh,0.997401247639538
1621308673,23,0.75,1.16,2.69072480941474,4.7,4.72611111111111,26.75,8.62221506299817,30,0.0714285714285714,69.3736793842185,8,1,4.84615476308697,-64.6883759272864,571.502544115716,-63.7107120872979,566.756030721258,1,28,2,ublox.f9p,harsh,0.997367979373948
1621308674,22,0.77,1.17,2.69072480941474,4.8,4.48138888888889,27.7241379310345,8.58527207208508,31,0.0689655172413793,64.8573416191626,8,1,4.80718598771542,-63.864116017142,567.017794890926,-62.8478149892981,562.319266467973,1,29,2,ublox.f9p,harsh,0.995871623644402
1621308675,21,0.85,1.52,2.75862284482674,4.8,3.98222222222222,26.6071428571429,8.26119570627367,31,0.0714285714285714,64.877180668002,7,1,4.76166805532697,-63.0742002640763,562.975983861507,-62.0856607718119,558.318058106264,1,28,2,ublox.f9p,harsh,0.995879772118917
1621308676,22,0.85,1.52,2.83196045170126,4.9,3.01055555555556,24.40625,9.23129101864781,32,0.09375,64.5660584912143,8,1,4.73841547244306,-62.4216611668521,559.87541649602,-61.4763380792798,555.232255347665,1,32,2,ublox.f9p,harsh,0.995750121073998
1621308677,22,0.82,1.5,2.9,4.9,2.00361111111111,25.21875,10.040994601166,35,0.09375,63.9585128316502,9,1,4.70923780464723,-61.9236708026982,557.771460069766,-61.0564806844081,553.142755931516,1,32,2,ublox.f9p,harsh,0.995485118721216
1621308678,22,0.82,1.5,2.83196045170126,5,1.15833333333333,26.2,9.31591149037773,32,0.0666666666666667,63.8148992292267,8,1,4.65959007478731,-61.6145733365578,556.479557000872,-60.78602040088,551.894223894343,1,30,2,ublox.f9p,harsh,0.995420110155638
1621308679,23,0.82,1.5,2.83196045170126,5,0.568333333333333,25.3666666666667,10.3406907437304,38,0.0666666666666667,66.63210154664,7,1,4.60546611009757,-61.4428525197051,555.778238192004,-60.6466403390651,551.242120440593,1,30,2,ublox.f9p,harsh,0.996540653217159
1621308680,23,0.75,1.15,2.83196045170126,5,0.0919444444444445,25.2413793103448,9.35282681642978,32,0.0344827586206897,63.0981702659363,7,1,4.4843700959248,-61.4256804385442,555.538313336588,-60.6157305916645,551.127694740205,1,29,2,ublox.f9p,harsh,0.99508148036993
1621308681,23,0.75,1.15,2.90688837074973,5.1,0.0119444444444444,25.2413793103448,10.3325255259226,38,0.0344827586206897,63.0902384035611,7,1,4.40539479327858,-61.4085083560724,555.446034545827,-60.6037101348519,551.114775709442,1,29,2,ublox.f9p,harsh,0.995077596731612
1621308682,22,0.75,1.28,2.90688837074973,5.1,0.00777777777777778,24.5161290322581,9.9158827737522,32,0.032258064516129,69.6703393882662,6,1,4.33484944986795,-61.4085083560724,555.353755755066,-60.5865380536909,551.097550335326,1,31,2,ublox.f9p,harsh,0.997444717494161
1621308683,22,0.8,1.27,2.90688837074973,5.1,0.0336111111111111,24.21875,10.5057108125733,35,0.09375,62.9842981875786,7,1,4.22435472285818,-61.3741641950613,555.224565448141,-60.5710831806461,551.077249001471,1,32,2,ublox.f9p,harsh,0.995025432271232
1621308684,22,0.8,1.27,2.90688837074973,5.1,0.005,24.1470588235294,9.9121362799751,33,0.117647058823529,64.3681672286927,7,1,4.11181519316653,-61.339820028807,555.113830899651,-60.5696521743196,551.074788233539,1,34,2,ublox.f9p,harsh,0.995665550184506
1621308685,23,0.85,1.49,2.90688837074973,5.2,0.00638888888888889,23.7058823529412,10.575928676938,33,0.117647058823529,69.6375069984012,7,1,4.07723537454247,-61.339820028807,555.076919383487,-60.5687935702615,551.073250253846,1,34,2,ublox.f9p,harsh,0.997436335646869
1621308686,21,0.83,1.28,2.90688837074973,5.2,0.00277777777777778,24.030303030303,10.9015046223126,35,0.121212121212121,65.1473860163392,5,1,4.04598332865716,-61.3569921112788,555.040007867324,-60.5679349662035,551.0717122738,1,33,2,ublox.f9p,harsh,0.995989171677978
1621308687,21,0.73,1.1,2.90688837074973,5.2,0.00388888888888889,23.9117647058824,10.6040805383669,32,0.117647058823529,64.3143544667611,3,1,4.03613184670933,-61.3913362762223,555.02155210889,-60.5670763608346,551.070481889834,1,34,2,ublox.f9p,harsh,0.995642264358992
1621308688,21,0.77,1.3,2.90688837074973,5.2,0.00694444444444444,23.7941176470588,11.3665629030136,33,0.117647058823529,77.4194235502767,6,1,3.97286426471785,-61.4256804385442,554.947729076562,-60.5662177567766,551.068943910493,1,34,2,ublox.f9p,harsh,0.998821039323472
1621308689,21,0.73,1.1,2.90688837074973,5.2,0.0172222222222222,24.5757575757576,10.931692180966,33,0.0909090909090909,63.5974168388263,5,1,3.93852328571149,-61.4256804385442,554.910817560399,-60.5653591527185,551.067405930447,1,33,2,ublox.f9p,harsh,0.995319885876706
1621308690,21,0.68,1.01,2.90688837074973,5.2,0.0272222222222222,25.030303030303,10.5430215322887,34,0.0909090909090909,63.5323089908929,3,1,3.87599780579657,-61.4600246008661,554.836994528072,-60.5645005499713,551.065867950402,1,33,2,ublox.f9p,harsh,0.99528945925363
1621308691,22,0.84,1.51,2.90688837074973,5.2,0.0286111111111111,24.030303030303,10.8670512573698,33,0.0909090909090909,71.2928267279194,5,1,3.74436329770859,-61.4256804385442,554.707804221147,-60.5636419459133,551.064022374981,1,33,2,ublox.f9p,harsh,0.997826591153339
1621308692,22,0.7,1.03,2.98328677803526,5.3,0.0208333333333333,23.5151515151515,10.5389788764176,32,0.121212121212121,63.490535477645,3,1,3.6383903696881,-61.4256804385442,554.597069671952,-60.5627833405444,551.062484394935,1,33,2,ublox.f9p,harsh,0.995269833785546
1621308693,22,0.71,1.04,2.98328677803526,5.3,0.0916666666666667,24.1612903225806,10.5896074028378,32,0.0967741935483871,63.4548958672521,3,1,3.46668025754377,-61.4256804385442,554.394056332348,-60.5562007085588,551.038184313455,1,31,2,ublox.f9p,harsh,0.995253025748745
1621308694,21,0.85,1.5,2.98328677803526,5.3,0.156111111111111,26,10,34,0.0666666666666667,74.098798268001,5,1,3.40857118286902,-61.3913362762223,554.172587235719,-60.5209979421789,550.877004025879,1,30,2,ublox.f9p,harsh,0.998357480108385
1621308695,21,0.7,1.03,2.98328677803526,5.3,0.213055555555556,26.2666666666667,10.3688303910403,37,0.0666666666666667,63.4754095618738,3,1,3.40483292350403,-61.3741641950613,553.914206621518,-60.4680506910588,550.632157634247,1,30,2,ublox.f9p,harsh,0.995262707482163
1621308696,21,0.7,1.03,2.98328677803526,5.3,0.256111111111111,26.3548387096774,9.76233710780629,31,0.0967741935483871,63.6680416206555,3,1,3.36649581999012,-61.3569921112788,553.563547216555,-60.4062311975685,550.334097140927,1,31,2,ublox.f9p,harsh,0.995352669568115
1621308697,22,0.82,1.5,2.98328677803526,5.3,0.1425,25.8387096774194,10.5580830778873,39,0.0967741935483871,67.9371300274278,6,1,3.25807191614159,-61.339820028807,553.305166602706,-60.3750352496892,550.193218187206,1,31,2,ublox.f9p,harsh,0.996962604942994
1621308698,21,0.69,1.01,2.98328677803526,5.3,0.0216666666666667,24.7941176470588,10.7189422017816,42,0.176470588235294,65.0944907597619,5,1,3.20335280495492,-61.339820028807,553.231343570379,-60.3695974235513,550.17845358067,1,34,2,ublox.f9p,harsh,0.995967985857295
1621308699,22,0.69,1.01,2.98328677803526,5.3,0.0363888888888889,25,10.1712607603259,34,0.176470588235294,64.5130286807651,5,1,3.14444048432114,-61.3226479489569,553.175976296485,-60.367880216746,550.179991560716,1,34,2,ublox.f9p,harsh,0.995727620726609
1621308700,22,0.79,1.26,2.98328677803526,5.2,0.0116666666666667,24.1111111111111,10.8937145121862,39,0.222222222222222,78.3864668282618,7,1,3.07858241082709,-61.3226479489569,553.102153263454,-60.3650182014715,550.176300408817,1,36,2,ublox.f9p,harsh,0.998929594426522
1621308701,23,0.78,1.12,2.98328677803526,5.2,0.00861111111111111,23.6216216216216,10.78927283965,32,0.189189189189189,66.4476681960748,5,0,2.99304267542975,-61.3226479489569,553.009874473397,-60.3641595974134,550.174454833044,1,37,2,ublox.f9p,harsh,0.99647648622443
1621308702,22,0.78,1.12,2.98328677803526,5.2,0.0144444444444444,23.5675675675676,11.1268956950179,34,0.189189189189189,68.861429855465,5,0,2.92378418206407,-61.3226479489569,552.936051440366,-60.3641595974134,550.173839641237,1,37,3,ublox.f9p,harsh,0.997230024502598
1621308703,23,0.86,1.43,2.98328677803526,5.2,0.00555555555555556,23.5675675675676,11.1418643476368,34,0.189189189189189,71.0296528144927,5,0,2.85452916886253,-61.3226479489569,552.862228408039,-60.3638733956238,550.173532045158,1,37,3,ublox.f9p,harsh,0.997768762716338
1621308704,22,0.8,1.2,2.98328677803526,5.2,0.00888888888888889,23.3421052631579,11.1143353153544,35,0.210526315789474,75.0556547126719,7,0,2.78578135169116,-61.3226479489569,552.788405375712,-60.3635871964558,550.172916852999,1,38,3,ublox.f9p,harsh,0.998507136885978
1621308705,22,0.8,1.2,2.92061637330205,5.2,0.0138888888888889,23.1842105263158,11.0987100861362,33,0.210526315789474,73.1280383984146,7,0,2.75183193069046,-61.3226479489569,552.751493859548,-60.3633009946662,550.172301661192,1,38,3,ublox.f9p,harsh,0.99819033790929
1621308706,22,0.86,1.43,2.92061637330205,5.2,0.0241666666666667,23.1578947368421,11.1586260797923,34,0.210526315789474,75.5827735146965,7,0,2.71192778398187,-61.3054758677959,552.714582343384,-60.3630147928765,550.171686469033,1,38,3,ublox.f9p,harsh,0.998583681916192
1621308707,22,0.8,1.2,2.92061637330205,5.2,0.00638888888888889,23.1315789473684,11.2253840062687,34,0.210526315789474,70.4771131521494,7,0,2.67792348318112,-61.3054758677959,552.677670827221,-60.3630147928765,550.171071277226,1,38,3,ublox.f9p,harsh,0.997642307262324
1621308708,22,0.8,1.2,2.92061637330205,5.2,0.00666666666666667,22.8378378378378,11.5048625312023,34,0.216216216216216,70.8518011575763,7,0,2.62044598953212,-61.288303786635,552.622303552623,-60.3627285910869,550.170763681146,1,37,3,ublox.f9p,harsh,0.997728815739959
1621308709,24,0.79,1.26,2.92061637330205,5.2,0.00805555555555556,23.1388888888889,11.6622780861515,35,0.222222222222222,97.2456211524886,9,0,2.58052662431041,-61.2711317041632,552.58539203646,-60.3624423906081,550.170148489692,1,36,3,ublox.f9p,harsh,0.999837482463646
1621308710,22,0.74,1.1,2.92061637330205,5.2,0.100833333333333,23.2857142857143,11.7237100847496,36,0.228571428571429,69.8810222644694,6,0,2.51973359869516,-61.2539596243131,552.474657487265,-60.3512805365427,550.122163518538,1,35,4,ublox.f9p,harsh,0.997497856477722
1621308711,23,0.74,1.1,2.92061637330205,5.2,0.0469444444444444,24.0285714285714,11.5719887819574,34,0.228571428571429,69.6719977661562,6,0,2.42313783919324,-61.2196154593696,552.327011422611,-60.335825662187,550.070794991918,1,35,4,ublox.f9p,harsh,0.997445140138863
1621308712,22,0.74,1.1,2.92061637330205,5.2,0.00444444444444444,23.8108108108108,11.381851630844,35,0.222222222222222,75.0836654551562,7,0,2.31265323189551,-61.1852712970477,552.21627687412,-60.3335360531133,550.066181051781,1,37,4,ublox.f9p,harsh,0.998511306438912
1621308713,21,0.71,1.09,2.92061637330205,5.2,0.0105555555555556,24.3783783783784,11.0588108446296,33,0.216216216216216,70.560315300019,5,0,2.19774887429583,-61.1509271347258,552.105542324573,-60.3332498513237,550.065565860327,1,37,4,ublox.f9p,harsh,0.99766179671427
1621308714,21,0.71,1.09,2.84253408071038,5.2,0.0238888888888889,24.1351351351351,11.1931580345668,34,0.216216216216216,68.8328211882041,6,0,2.07648496951723,-61.0994108886213,551.994807776434,-60.3329636495341,550.064950668168,1,37,4,ublox.f9p,harsh,0.997222110670523
1621308715,23,0.71,1.09,2.84253408071038,5.2,0.00277777777777778,24.2432432432432,11.4027418861659,33,0.216216216216216,72.3477501828615,9,0,1.93180842783907,-61.0307225639775,551.865617469157,-60.3326774477445,550.064335476361,1,37,4,ublox.f9p,harsh,0.998043764214695
1621308716,22,0.71,1.09,2.84253408071038,5.2,0.0158333333333333,24.3055555555556,11.3359590795825,33,0.194444444444444,71.5634071994899,7,0,1.81053324774504,-60.9792063165623,551.754882920667,-60.3326774477445,550.063720284202,1,36,4,ublox.f9p,harsh,0.99788448812118
1621308717,22,0.71,1.09,2.84253408071038,5.2,0.00611111111111111,24.8235294117647,11.3710706519587,33,0.176470588235294,71.8250217542605,8,0,1.68342757037915,-60.9105179932293,551.644148371471,-60.3323912472657,550.063105092395,1,34,4,ublox.f9p,harsh,0.997939002725474
1621308718,21,0.76,1.25,2.84253408071038,5.2,0.00305555555555556,24.7058823529412,11.5089672858054,33,0.176470588235294,72.7209191590242,9,0,1.5856426703361,-60.8761738309074,551.551869581415,-60.332105045476,550.062489900236,1,34,4,ublox.f9p,harsh,0.998115284522308
1621308719,22,0.71,1.09,2.84253408071038,5.2,0.0227777777777778,24.7714285714286,11.1647705234069,33,0.171428571428571,67.0010167833295,7,0,1.46466687868943,-60.8246575848029,551.44113503222,-60.3318188436864,550.061874708429,1,35,4,ublox.f9p,harsh,0.99666553062241
1621308720,22,0.71,1.09,2.84253408071038,5.2,0.00888888888888889,25.2941176470588,10.9780204976282,32,0.176470588235294,83.3701802596212,7,0,1.3900734569301,-60.807485503642,551.367311999893,-60.3315326418968,550.061259516622,1,34,4,ublox.f9p,harsh,0.999349434649446
1621308721,21,0.71,1.09,2.84253408071038,5.2,0.0191666666666667,25.2571428571429,11.1205767337291,33,0.171428571428571,74.1770501024728,6,0,1.35019376157506,-60.7903134211702,551.330400483729,-60.3312464427288,550.060644324815,1,35,4,ublox.f9p,harsh,0.998370262104842
1621308722,20,0.71,1.09,2.84253408071038,5.1,0.00305555555555556,25.0882352941176,11.3601313667682,33,0.205882352941176,69.0092385119558,5,0,1.29893812369407,-60.7903134211702,551.275033208779,-60.3309602409392,550.060029132656,1,34,4,ublox.f9p,harsh,0.997270555110966
1621308723,20,0.71,1.09,2.84253408071038,5.1,0.00666666666666667,24.9428571428571,11.0478713870534,33,0.2,68.9795424218461,5,0,1.27803431387897,-60.8246575848029,551.238121692616,-60.3306740391496,550.059413940849,1,35,4,ublox.f9p,harsh,0.997262459901788
1621308724,21,0.79,1.25,2.84253408071038,5.1,0.00638888888888889,24.5588235294118,11.638991876761,33,0.235294117647059,70.5025047910936,8,0,1.27555685448241,-60.859001745814,551.219665935238,-60.3303878373599,550.05879874869,1,34,4,ublox.f9p,harsh,0.997648272175667
1621308725,21,0.84,1.28,2.84253408071038,5.1,0.0136111111111111,24.4705882352941,11.7376248026221,33,0.235294117647059,69.2109193959766,6,0,1.28332523780357,-60.8761738309074,551.219665935238,-60.3303878373599,550.058183556883,1,34,4,ublox.f9p,harsh,0.997324905623796
1621308726,22,0.8,1.2,2.84253408071038,5.1,0.0116666666666667,24.3714285714286,11.5149154278668,33,0.228571428571429,68.8454428411932,6,0,1.28249746208346,-60.9105179932293,551.201210176452,-60.3301016368811,550.057568364724,1,35,4,ublox.f9p,harsh,0.997225604892971
1621308727,21,0.8,1.2,2.84253408071038,5.1,0.00916666666666667,25.0606060606061,11.5540560895822,33,0.242424242424242,74.6723905408881,7,0,1.28285264711092,-60.9448621555512,551.182754419075,-60.3298154350915,550.056953172917,1,33,4,ublox.f9p,harsh,0.998448900675163
1621308728,21,0.8,1.2,2.84253408071038,5.1,0.0280555555555556,25.3030303030303,11.3288482658346,33,0.242424242424242,71.5864639312616,8,0,1.26876776217767,-60.9792063165623,551.145842901855,-60.3295292333019,550.05603038503,1,33,4,ublox.f9p,harsh,0.997889349898113
1621308729,20,0.8,1.2,2.84253408071038,5.1,0.00972222222222222,24.5714285714286,11.4975335316286,33,0.228571428571429,74.7130797498958,6,0,1.28736524493555,-61.0135504828166,551.145842901855,-60.3292430328231,550.055415193223,1,35,4,ublox.f9p,harsh,0.998455189422976
1621308730,21,0.86,1.42,2.78028775489157,5,0.0163888888888889,24.9722222222222,10.8245385546283,33,0.222222222222222,63.5920626712376,8,0,1.29724699086186,-61.0307225639775,551.145842901855,-60.3289568310335,550.054800001064,1,36,4,ublox.f9p,harsh,0.995317391131102
1621308731,20,0.8,1.2,2.78028775489157,5,0.00222222222222222,25.25,10.5569882068704,31,0.222222222222222,67.9451889073257,7,0,1.28243525007278,-61.0307225639775,551.127387144125,-60.3286706292439,550.054184809257,1,36,4,ublox.f9p,harsh,0.996965044331157
1621308732,22,0.77,1.19,2.78028775489157,5,0.0105555555555556,24.9722222222222,10.6408541845933,32,0.222222222222222,67.870195802435,7,0,1.26770158973751,-61.0307225639775,551.108931385691,-60.3283844274542,550.053569617098,1,36,4,ublox.f9p,harsh,0.996942268555909
1621308733,23,0.85,1.41,2.78028775489157,5,0.00916666666666667,24,9.67582666347541,32,0.210526315789474,69.1550522377071,10,0,1.2877149948492,-61.0650667249886,551.108931385691,-60.3280982269754,550.052954425291,1,38,4,ublox.f9p,harsh,0.997309959122293
1621308734,23,0.79,1.21,2.78028775489157,5,0.00361111111111111,24,10.5882534495124,31,0.216216216216216,66.292065261739,9,0,1.25828974907263,-61.0650667249886,551.072019869528,-60.3278120251858,550.052339233132,1,37,3,ublox.f9p,harsh,0.99642142827012
1621308735,23,0.8,1.2,2.78028775489157,5,0.00666666666666667,24.0540540540541,10.5381474914974,32,0.216216216216216,67.241181739609,8,0,1.23961138780941,-61.0822388074604,551.035108353364,-60.3275258233962,550.051724041677,1,37,3,ublox.f9p,harsh,0.996744401286465
1621308736,23,0.78,1.12,2.78028775489157,5,0.0116666666666667,24.4571428571429,10.9526866356075,32,0.228571428571429,74.5592877601734,10,0,1.21125970781625,-61.0822388074604,550.9981968372,-60.3275258233962,550.050801253791,1,35,3,ublox.f9p,harsh,0.998431285401978
1621308737,24,0.78,1.12,2.78028775489157,5,0.0208333333333333,25.0571428571429,10.4542219367355,32,0.228571428571429,67.1379663211445,9,0,1.22269084244447,-61.0994108886213,550.9981968372,-60.3272396216066,550.050186061632,1,35,3,ublox.f9p,harsh,0.996710735574448
1621308738,23,0.78,1.12,2.78028775489157,5,0.00444444444444444,26.4411764705882,10.6832953050066,34,0.205882352941176,66.5682944507891,7,0,1.20612522845989,-61.1165829724039,550.961285321037,-60.3269534224386,550.049570869825,1,34,3,ublox.f9p,harsh,0.996518586650214
1621308739,22,0.85,1.27,2.78028775489157,5,0.0122222222222222,25.972972972973,9.66231651108368,30,0.216216216216216,67.880655074427,11,0,1.24110965703426,-61.1680992158867,550.961285321037,-60.3266672206489,550.048955677666,1,37,3,ublox.f9p,harsh,0.996945455284624
1621308740,21,0.78,1.12,2.78028775489157,5,0.00472222222222222,26.3142857142857,9.82425398626046,30,0.2,65.4773465915248,8,0,1.26696470974834,-61.1852712970477,550.979741079471,-60.3263810188593,550.048340485859,1,35,2,ublox.f9p,harsh,0.996118848387262
1621308741,24,0.78,1.12,2.78028775489157,5,0.0127777777777778,26.1142857142857,10.0755132071054,31,0.171428571428571,74.9176547951149,9,0,1.31825468925583,-61.2196154593696,551.016652595634,-60.3260948170697,550.04741769762,1,35,2,ublox.f9p,harsh,0.998486423978987
1621308742,25,0.81,1.25,2.70185121722126,4.9,0.0133333333333333,25.9714285714286,10.4191162385913,31,0.171428571428571,67.0227293535559,9,0,1.3686083042496,-61.2539596243131,551.053564111798,-60.3255224148013,550.048032889779,1,35,2,ublox.f9p,harsh,0.996672738695003
1621308743,24,0.76,1.12,2.70185121722126,4.9,0.00138888888888889,25.7777777777778,10.4938379499893,32,0.166666666666667,76.0712955062552,9,0,1.38604110101142,-61.288303786635,551.072019869528,-60.3269534224386,550.073563355225,1,36,2,ublox.f9p,harsh,0.998651118222806
1621308744,23,0.76,1.12,2.70185121722126,4.9,0.00527777777777778,25.7297297297297,10.1424538140121,33,0.189189189189189,77.459824425311,9,0,1.41025467647304,-61.3054758677959,551.108931385691,-60.3283844274542,550.092019113307,1,37,2,ublox.f9p,harsh,0.998825787237419
1621308745,25,0.81,1.25,2.70185121722126,4.9,0.0108333333333333,25.4473684210526,10.1839762011703,32,0.184210526315789,77.8578298353266,8,0,1.42116091054324,-61.3226479489569,551.108931385691,-60.3223741990479,550.099401416399,1,38,2,ublox.f9p,harsh,0.998871552030519
1621308746,23,0.76,1.12,2.70185121722126,4.9,0.286388888888889,25.6571428571429,10.1632060051207,34,0.171428571428571,79.2123045997274,8,0,1.36707724318069,-61.2539596243131,550.869006530276,-60.2731475659496,549.916689411354,1,35,2,ublox.f9p,harsh,0.999014357247298
1621308747,22,0.76,1.12,2.70185121722126,4.9,0.635277777777778,25.5,10.0042847963117,31,0.138888888888889,79.8195189161148,8,0,1.43886858431968,-61.1680992158867,550.315333787118,-60.1446431550997,549.303958241349,1,36,2,ublox.f9p,harsh,0.999072372169145
1621308748,21,0.88,1.46,2.70185121722126,4.9,0.891388888888889,25.0857142857143,10.7522129830846,34,0.142857142857143,86.0399931233532,11,0,1.54261680226902,-61.0307225639775,549.447913154457,-59.9377195731778,548.359331021246,1,35,2,ublox.f9p,harsh,0.999501794363822
1621308749,23,0.75,1.18,2.78028775489157,4.8,1.22722222222222,28.0294117647059,11.2127775979761,39,0.0882352941176471,88.7854436267567,7,0,1.67971526715291,-60.8933459120683,548.285200392487,-59.6772763365566,547.126486378495,1,34,2,ublox.f9p,harsh,0.999621359395166
1621308750,24,0.75,1.18,2.78028775489157,4.8,1.44694444444444,27.1714285714286,11.1605547887763,35,0.114285714285714,93.2920682587754,9,0,1.74040026774636,-60.6357646894108,546.882562775102,-59.3696098754319,545.688475224288,1,35,2,ublox.f9p,harsh,0.999758694830052
1621308751,24,0.84,1.42,2.78028775489157,4.8,1.6,27.0285714285714,11.3849377127277,37,0.114285714285714,97.3191977463851,9,0,1.79557069276203,-60.3266672206489,545.332279093063,-59.0253096416009,544.095128106255,1,35,2,ublox.f9p,harsh,0.999838673631939
1621308752,24,0.74,1.18,2.78028775489157,4.8,1.70583333333333,26.3235294117647,10.8340668886431,37,0.117647058823529,98.1318928789209,8,0,1.84355382899921,-59.9832255882543,543.671260861829,-58.6638373239873,542.383664135936,1,34,2,ublox.f9p,harsh,0.999851264059387
1621308753,25,0.73,1.17,2.78028775489157,4.8,1.72027777777778,25.0882352941176,10.1006079836775,35,0.117647058823529,101.670154912836,9,0,1.90765327212695,-59.6569560422639,541.917963839482,-58.2834757184074,540.594070789936,1,34,2,ublox.f9p,harsh,0.999895583193486
1621308754,24,0.79,1.22,2.78028775489157,4.9,2.0425,24.9411764705882,10.2777817924869,35,0.117647058823529,105.061264031992,10,0,1.95250685230332,-59.3478585721911,539.924741962071,-57.8736353730643,538.644527539622,1,34,2,ublox.f9p,harsh,0.99992561087492
1621308755,24,0.77,1.2,2.84253408071038,4.9,2.65138888888889,25.4117647058824,10.5947890194756,37,0.117647058823529,110.922119825879,9,0,1.98930247838861,-58.8842123703591,537.359391582717,-57.3561833173649,536.085636675472,1,34,2,ublox.f9p,harsh,0.999958600981389
1621308756,23,0.81,1.27,2.90688837074973,4.9,3.23111111111111,25.5277777777778,10.5437486180502,38,0.138888888888889,117.313626474173,8,0,2.13406981227279,-58.2660174354568,534.295735733041,-56.7022132125035,532.843575164809,1,36,2,ublox.f9p,harsh,0.999978151635621
1621308757,24,0.77,1.2,2.90688837074973,4.9,4.06416666666667,26.2285714285714,10.4658709041108,36,0.114285714285714,116.225420627331,10,0,2.24462005580965,-57.4761016863235,530.549216833987,-55.9331901599313,528.918958199086,1,35,2,ublox.f9p,harsh,0.999975639958782
1621308758,24,0.74,1.18,2.9732137494637,5,4.98166666666667,25,10.943380453844,37,0.117647058823529,124.898824053712,10,0,2.2643294684475,-56.4629488768546,525.879910027675,-54.9807120381049,524.168138461275,1,34,2,ublox.f9p,harsh,0.999989766998696
1621308759,23,0.79,1.24,2.9732137494637,5,5.49777777777778,24.5454545454545,11.2613579029432,36,0.121212121212121,120.119281985707,7,0,2.35895847412848,-55.2437310869003,520.601563203255,-53.8642405372591,518.688008681922,1,33,2,ublox.f9p,harsh,0.999983496609315
1621308760,20,0.84,1.42,2.9732137494637,5.1,6.14305555555555,24.28125,11.8790527888923,37,0.125,124.736177955351,6,0,2.45044811745981,-53.9901691372457,514.714176361432,-52.6247024530121,512.679429028073,1,32,3,ublox.f9p,harsh,0.999989599203793
1621308761,22,0.89,1.57,2.9732137494637,5.1,6.79,26.4838709677419,10.7606411449069,37,0.0967741935483871,20.8594160535533,7,0,2.55617598958325,-52.6335746953822,508.254661016609,-51.2612391786842,506.098105680122,1,31,3,ublox.f9p,harsh,0.74761672934727
1621308762,23,0.86,1.53,3.04138126514911,5.2,7.00388888888889,27.6666666666667,9.66091783079296,31,0.0333333333333333,16.2936797562736,8,0,2.76387753526353,-51.2941523346796,501.444486267879,-49.8027570530811,499.117522764951,1,30,3,ublox.f9p,harsh,0.652346138776807
1621308763,22,0.86,1.53,3.04138126514911,5.2,6.93888888888889,29.6333333333333,10.1692007393974,38,0.0333333333333333,18.9716493289558,9,0,2.91756358146252,-49.9032137331158,494.671223036722,-48.334830285461,492.211070477835,1,30,3,ublox.f9p,harsh,0.710366547214195
1621308764,23,0.86,1.53,3.04138126514911,5.3,6.26861111111111,29.1034482758621,9.03305369813002,32,0.0344827586206897,17.2616564271421,8,1,3.16142997136583,-48.5637913724133,488.433176789585,-46.9599189565889,485.708799294154,1,29,3,ublox.f9p,harsh,0.673963285945753
1621308765,23,0.79,1.63,3.04138126514911,5.3,5.35277777777778,29.1034482758621,9.47306266506021,34,0.0344827586206897,15.9161798999853,9,1,3.27048970742044,-47.4132619110352,483.099462690919,-45.7882105942384,480.261274687259,1,29,3,ublox.f9p,harsh,0.643736301555894
1621308766,24,0.8,1.55,3.04138126514911,5.3,4.43694444444444,29.5172413793103,9.86559928545062,38,0.0344827586206897,16.565285860865,10,1,3.43307980160118,-46.5718299157974,478.651624982293,-44.8511873441461,475.680863116242,1,29,2,ublox.f9p,harsh,0.658480152892339
1621308767,24,0.81,1.49,3.04138126514911,5.4,3.58166666666667,27.7931034482759,9.59307529398467,36,0.0344827586206897,18.5790321271752,9,1,3.59424118557188,-45.9364628997342,475.034296390516,-44.0649922130346,471.965719005328,1,29,2,ublox.f9p,harsh,0.702222389315074
1621308768,24,0.81,1.49,3.04138126514911,5.4,2.66138888888889,27.7931034482759,9.90446980749034,39,0.0344827586206897,19.9420028648295,9,1,3.67580056127957,-45.4556446154304,472.321299945451,-43.5017479378474,469.207813549201,1,29,2,ublox.f9p,harsh,0.729916758821217
1621308769,24,0.83,1.51,3.04138126514911,5.5,1.87416666666667,27.8275862068966,10.3822271403629,41,0.0344827586206897,21.5059951196627,10,1,3.74319477970118,-45.1465471466685,470.383445342638,-43.1022108412009,467.24781203676,1,29,2,ublox.f9p,harsh,0.759620403221005
1621308770,24,0.83,1.51,3.04138126514911,5.5,1.27888888888889,26.6666666666667,9.80616742362835,41,0.0666666666666667,21.5887450548539,11,1,3.7189190193504,-44.888965924011,469.073086515309,-42.8354711743837,465.972519150174,1,30,2,ublox.f9p,harsh,0.761128146475556
1621308771,24,0.83,1.51,3.11126983722081,5.6,0.821666666666667,26.2903225806452,9.20577191544195,35,0.0645161290322581,21.7325142105796,10,1,3.66506002296748,-44.7172451110907,468.224121641787,-42.6754846151756,465.180459530238,1,31,2,ublox.f9p,harsh,0.763732222438443
1621308772,24,0.83,1.51,3.11126983722081,5.6,0.451111111111111,25.3225806451613,9.18835167217782,36,0.0645161290322581,21.3442793476277,9,1,3.56131959944799,-44.682900947458,467.72581617217,-42.6179581419756,464.824263398309,1,31,2,ublox.f9p,harsh,0.756655132776112
1621308773,23,0.88,1.61,3.18276609256791,5.7,0.119166666666667,24.9,9.06052445768322,33,0.1,22.7780073546309,8,1,3.36043127429485,-44.7000730286189,467.633537381409,-42.6797776354659,464.948224573994,1,30,2,ublox.f9p,harsh,0.782075180401609
1621308774,22,0.88,1.61,3.18276609256791,5.7,0.0361111111111111,23.0909090909091,9.2072106130319,33,0.151515151515152,22.6728111101461,10,1,3.19634756316678,-44.7172451110907,467.670448897572,-42.7682138560664,465.137088498517,1,33,2,ublox.f9p,harsh,0.780276963703637
1621308775,20,0.88,1.61,3.25269119345812,5.8,0.0225,23.3333333333333,9.36972073578859,32,0.181818181818182,23.1835560845888,8,1,3.21905312795769,-44.7000730286189,467.72581617217,-42.7702172659721,465.149392337473,1,33,2,ublox.f9p,harsh,0.788907992524666
1621308776,21,0.83,1.5,3.25269119345812,5.8,0.025,24.1515151515152,9.9753484028166,32,0.181818181818182,21.2141933619923,6,1,3.28909958605691,-44.6657288636754,467.83655072066,-42.7699310641825,465.148777145666,1,33,2,ublox.f9p,harsh,0.754251893821635
1621308777,20,0.88,1.61,3.25269119345812,5.9,0.0108333333333333,23.4444444444444,10.2132811138787,31,0.194444444444444,20.8413165656701,7,1,3.27558200859072,-44.6142126201926,467.85500647839,-42.7696448623929,465.148161953507,1,36,2,ublox.f9p,harsh,0.747275064399079
1621308778,18,0.88,1.61,3.32415402771893,6,0.0216666666666667,23.1388888888889,11.3644879911762,38,0.194444444444444,42.3598453727112,9,1,3.29701475465417,-44.5970405390316,467.89191799561,-42.769358661914,465.14785435778,1,36,2,ublox.f9p,harsh,0.962166207987919
1621308779,21,0.78,1.37,3.32415402771893,6,0.0166666666666667,23.5588235294118,10.8856067785683,34,0.176470588235294,39.4576931086264,8,1,3.34489531868858,-44.5111801292945,468.002652544101,-42.7690724601244,465.147239165621,1,34,2,ublox.f9p,harsh,0.950063152939795
1621308780,22,0.78,1.37,3.32415402771893,6.1,0.0241666666666667,23.0571428571429,10.9058615031574,34,0.2,41.7040504757866,9,1,3.39790914070131,-44.4253197248005,468.113387092239,-42.7687862583348,465.146623973461,1,35,2,ublox.f9p,harsh,0.959705251122391
1621308781,22,0.88,1.61,3.39411254969543,6.2,0.0252777777777778,23.5714285714286,10.3761199658745,33,0.2,48.5154614530255,10,1,3.40659710984165,-44.3394593163742,468.168754367189,-42.7685000565452,465.146008782007,1,35,2,ublox.f9p,harsh,0.979195176874394
1621308782,22,0.84,1.42,3.39411254969543,6.2,0.00916666666666667,22.6388888888889,10.1450981204233,33,0.194444444444444,218.493378999609,7,1,3.40884172473802,-44.2707709891088,468.205665883353,-42.7685000565452,465.145701185927,1,36,2,ublox.f9p,harsh,0.999999999118449
1621308783,22,0.84,1.42,3.46554469023269,6.3,0.0386111111111111,22.3142857142857,10.5962574652048,34,0.171428571428571,25.2479999207858,5,1,3.43724401097056,-44.2192547456259,468.26103315795,-42.7682138560664,465.14508599412,1,35,2,ublox.f9p,harsh,0.821244216634112
1621308784,20,1.03,1.83,3.46554469023269,6.4,0.0188888888888889,23.3529411764706,10.7531034362916,34,0.147058823529412,29.9701677069207,10,1,3.46707484426268,-44.1677384982107,468.316400431843,-42.7679276542768,465.144470801961,1,34,2,ublox.f9p,harsh,0.880483502045494
1621308785,21,0.84,1.42,3.46554469023269,6.5,0.0313888888888889,23.2424242424242,10.9630923529538,35,0.151515151515152,37.0588142590358,7,1,3.45761968482833,-44.0990501735669,468.334856190277,-42.7676414524871,465.143855610154,1,33,2,ublox.f9p,harsh,0.937372802688273
1621308786,22,0.84,1.42,3.53836120259083,6.5,0.00555555555555556,23.7941176470588,11.2809289639094,37,0.147058823529412,213.703376627086,8,1,3.4836887265321,-44.0303618463014,468.390223464875,-42.7673552506975,465.143548014075,1,34,2,ublox.f9p,harsh,0.999999998576771
1621308787,23,1,1.61,3.53836120259083,6.6,0.0352777777777778,23.4117647058824,10.8575281718983,36,0.147058823529412,74.472850452668,9,1,3.46573275646947,-43.9273293606465,468.408679222604,-42.7670690502187,465.142932822268,1,34,2,ublox.f9p,harsh,0.998417688632039
1621308788,22,0.84,1.42,3.53836120259083,6.7,0.0277777777777778,24.0857142857143,10.7576824219921,34,0.142857142857143,17.3023257451268,6,1,3.45076161033422,-43.8242968697484,468.427134981038,-42.7670690502187,465.142317630109,1,35,2,ublox.f9p,harsh,0.674856307383172
1621308789,24,0.84,1.42,3.53836120259083,6.7,0.01,23.7941176470588,10.8761050619729,34,0.147058823529412,78.372543994526,8,1,3.53242999295641,-43.7384364626329,468.537869529529,-42.7667828484291,465.141702438654,1,34,3,ublox.f9p,harsh,0.998928104679259
1621308790,22,0.84,1.42,3.53836120259083,6.8,0.0572222222222222,23.71875,10.6202313777116,34,0.15625,18.204421231694,8,1,3.56953735515687,-43.6010598107237,468.611692561856,-42.7664966466395,465.141087246495,1,32,3,ublox.f9p,harsh,0.694330182525028
1621308791,22,0.78,1.27,3.67967389859482,6.8,0.0136111111111111,23.3636363636364,10.5765607058077,34,0.151515151515152,16.9409900199824,7,1,3.65200543338258,-43.5667156484018,468.703971352617,-42.7662104461607,465.140779650415,1,33,3,ublox.f9p,harsh,0.666878148976977
1621308792,22,0.82,1.27,3.67967389859482,6.8,0.0136111111111111,23.2424242424242,10.7878122869929,35,0.151515151515152,16.8437080240664,6,1,3.68869081682433,-43.5667156484018,468.740882868781,-42.765924244371,465.140164458608,1,33,3,ublox.f9p,harsh,0.664713516015666
1621308793,23,0.82,1.27,3.67967389859482,6.9,0.0486111111111111,23.65625,10.7541721086254,36,0.125,18.3194382605422,7,1,3.72598939087416,-43.4808552386646,468.796250143378,-42.7656380425814,465.139549266449,1,32,4,ublox.f9p,harsh,0.696765784677079
1621308794,22,0.8,1.22,3.67967389859482,6.9,0.0283333333333333,23.7878787878788,11.2798425735845,36,0.121212121212121,15.0607183791225,7,1,3.78384578957726,-43.3949948315491,468.870073175705,-42.7656380425814,465.138934074642,1,33,4,ublox.f9p,harsh,0.62388517108274
1621308795,22,0.8,1.22,3.67967389859482,7,0.0258333333333333,24.1875,11.5211936545571,37,0.125,14.8059351033872,7,1,3.77893778707168,-43.3606506692272,468.870073175705,-42.7653518421026,465.138318882483,1,32,4,ublox.f9p,harsh,0.617888013795363
1621308796,22,0.86,1.41,3.67967389859482,7,0.0647222222222222,24.5151515151515,11.1162077957177,37,0.151515151515152,23.2660390145932,8,1,3.70950581896291,-43.3778227503881,468.796250143378,-42.7650656416238,465.137703690676,1,33,4,ublox.f9p,harsh,0.790278325402801
1621308797,22,0.8,1.22,3.67967389859482,7,0.04,24.4242424242424,11.1748330609184,38,0.121212121212121,20.3989612247197,7,1,3.73563989989927,-43.3091344257443,468.833161659542,-42.7647794398342,465.137396094597,1,33,4,ublox.f9p,harsh,0.738829962347851
1621308798,23,0.76,1.22,3.67967389859482,7,0.0102777777777778,24.9375,11.0626879426353,37,0.125,22.607773631462,7,1,3.84207636686923,-43.1202415277307,468.962351966819,-42.7644932380446,465.136780903142,1,32,4,ublox.f9p,harsh,0.77915989749009
1621308799,23,0.76,1.22,3.67967389859482,7,0.0297222222222222,24.6969696969697,11.1200406038064,37,0.151515151515152,24.0997614096074,6,1,3.90613411169678,-42.9828648758215,469.036174999146,-42.7642070362549,465.136165710983,1,33,4,ublox.f9p,harsh,0.80376218041012
1621308800,21,0.76,1.22,3.67967389859482,7,0.00777777777777778,25.1818181818182,11.1087087049265,37,0.121212121212121,23.8114818242517,6,1,3.99458533729636,-42.8798323862341,469.128453789907,-42.7639208357761,465.135550519176,1,33,4,ublox.f9p,harsh,0.799175340074608
1621308801,20,0.81,1.27,3.67967389859482,7,0.0108333333333333,25.969696969697,10.3304309218107,36,0.181818181818182,24.4206060530856,7,1,4.1784487672973,-42.708111572003,469.313011370725,-42.7639208357761,465.134935327017,1,33,4,ublox.f9p,harsh,0.808773545170978
1621308802,20,0.81,1.27,3.67967389859482,7,0.00777777777777778,25.2121212121212,10.7201841628233,37,0.121212121212121,24.2033778634305,6,1,4.31387101848893,-42.5363907551503,469.442201677649,-42.7636346339865,465.13432013521,1,33,4,ublox.f9p,harsh,0.805391365188753
1621308803,18,0.92,1.37,3.67967389859482,7,0.0108333333333333,25.6666666666667,10.3551516969413,36,0.121212121212121,24.4241990656807,6,1,4.43875397361212,-42.3474978597583,469.552936226844,-42.7633484321969,465.133704943051,1,33,4,ublox.f9p,harsh,0.808829108142849
1621308804,19,0.92,1.37,3.67967389859482,7,0.0158333333333333,25.6857142857143,10.6156694077571,37,0.114285714285714,59.008397707445,8,1,4.56848643557635,-42.1757770415948,469.663670775335,-42.7630622304073,465.133089750892,1,35,4,ublox.f9p,harsh,0.992614617427008
1621308805,20,0.92,1.37,3.67967389859482,7,0.0105555555555556,25.2352941176471,10.8322157657481,37,0.117647058823529,61.398257304259,8,1,4.73693781046675,-42.0212283085246,469.811316839989,-42.7627760299285,465.132782155164,1,34,5,ublox.f9p,harsh,0.994175413944794
1621308806,20,0.92,1.37,3.67967389859482,7,0.0208333333333333,25.5882352941176,11.3674645958058,36,0.117647058823529,57.6150939218105,8,1,4.94243414472682,-41.8838516566154,469.995874421511,-42.7624898281388,465.132166963357,1,34,5,ublox.f9p,harsh,0.991519837913796
1621308807,23,0.92,1.37,3.61247837363769,7,0.02,25.7428571428571,11.4464041544595,36,0.114285714285714,56.4030214911695,11,1,5.15003846758186,-41.7464750047062,470.180432002329,-42.7622036263492,465.131551771551,1,35,5,ublox.f9p,harsh,0.99043754341113
1621308808,23,0.89,1.29,3.61247837363769,6.9,0.0355555555555556,25.8181818181818,11.520239107367,39,0.0909090909090909,56.8638992989248,10,1,5.323526220586,-41.609098352797,470.328078067688,-42.7622036263492,465.130936579391,1,33,5,ublox.f9p,harsh,0.990864319485619
1621308809,23,0.89,1.29,3.61247837363769,6.9,0.0361111111111111,26.53125,11.1354834621351,37,0.0625,56.8293746761915,10,1,5.51684538947939,-41.4717217008878,470.494179891128,-42.7619174245596,465.130321387584,1,32,5,ublox.f9p,harsh,0.990833014016089
1621308810,23,0.82,1.27,3.61247837363769,6.9,0.0166666666666667,26.53125,11.3165148373745,37,0.0625,56.3948771956553,10,1,5.74475238679144,-41.4202054547833,470.715648988814,-42.7616312240808,465.129706195425,1,32,5,ublox.f9p,harsh,0.990429826854034
1621308811,24,0.82,1.27,3.61247837363769,6.8,0.0263888888888889,26.3125,11.1310014620602,36,0.0625,56.0398518913104,9,1,6.0207092725923,-41.3171729665068,470.974029601959,-42.7613450222912,465.129091003618,1,32,5,ublox.f9p,harsh,0.990087386674603
1621308812,24,0.9,1.29,3.53836120259083,6.7,0.0241666666666667,26.1875,11.0524774627464,36,0.0625,54.9868909997481,9,1,6.22252799244971,-41.3000008840351,471.177042941211,-42.7610588205016,465.128475811459,1,32,5,ublox.f9p,harsh,0.988998803693352
1621308813,22,0.82,1.27,3.53836120259083,6.7,0.0305555555555556,26.1875,10.7656487750803,35,0.09375,52.2941635888227,9,1,6.44065381621647,-41.2141404782303,471.380056281519,-42.7607726213336,465.127860619652,1,32,5,ublox.f9p,harsh,0.985648090128353
1621308814,21,0.82,1.27,3.53836120259083,6.7,0.0391666666666667,27.8,9.30109374361887,33,0.0666666666666667,45.6335602181313,8,1,6.69058687087781,-41.1454521509649,471.619981136934,-42.7604864195439,465.127245427845,1,30,5,ublox.f9p,harsh,0.972437670705101
1621308815,22,0.77,1.23,3.53836120259083,6.6,0.0330555555555556,27.4827586206897,9.7563923720926,35,0.0689655172413793,39.405052744771,8,1,6.86066759047359,-41.1111079899538,471.786082960022,-42.7604864195439,465.126630236039,1,29,5,ublox.f9p,harsh,0.949812817925075
1621308816,22,0.77,1.23,3.53836120259083,6.6,0.0552777777777778,27.7142857142857,9.55629380684538,32,0.0714285714285714,29.8686975094176,9,1,7.13267065808119,-41.0252475802167,472.044463573872,-42.7602002177543,465.126015043879,1,28,5,ublox.f9p,harsh,0.879411578514813
1621308817,22,0.77,1.22,3.53836120259083,6.6,0.0377777777777778,27.8965517241379,9.27494639024248,31,0.0689655172413793,21.2301886258909,9,1,7.36895697683484,-40.9393871717903,472.265932670853,-42.7599140159647,465.125399852072,1,29,5,ublox.f9p,harsh,0.75454825500622
1621308818,23,0.76,1.14,3.53836120259083,6.5,0.0375,27.7241379310345,9.08647563188649,33,0.0689655172413793,15.5424244093944,9,1,7.66325465093309,-40.8363546861354,472.542769043489,-42.7596278154859,465.124784659913,1,29,5,ublox.f9p,harsh,0.635119308462703
1621308819,23,0.76,1.14,3.46554469023269,6.5,0.0436111111111111,27.7857142857143,9.27105069301106,32,0.0714285714285714,16.8342559655318,8,1,7.9176046934468,-40.7504942763983,472.782693898904,-42.7593416136963,465.124169468106,1,28,5,ublox.f9p,harsh,0.664502825713442
1621308820,23,0.76,1.14,3.46554469023269,6.5,0.0322222222222222,26.8620689655172,10.0985293764242,35,0.0689655172413793,23.478315619904,9,1,8.15417656142591,-40.6646338679719,473.004162995533,-42.7590554119067,465.123554275947,1,29,5,ublox.f9p,harsh,0.793774889007911
1621308821,23,0.76,1.14,3.46554469023269,6.4,0.0330555555555556,27.6896551724138,9.92868660669628,35,0.0689655172413793,32.4956318134687,6,1,8.35072675344794,-40.5959455433281,473.188720577407,-42.758769210117,465.12293908414,1,29,5,ublox.f9p,harsh,0.904612849361087
1621308822,24,0.75,1.14,3.46554469023269,6.4,0.0366666666666667,28.0333333333333,9.56460188379016,35,0.0666666666666667,43.3345914735771,9,1,8.54731623677144,-40.5272572160627,473.37327815893,-42.7584830096382,465.122323892333,1,30,5,ublox.f9p,harsh,0.965558988502635
1621308823,24,0.75,1.14,3.46554469023269,6.3,0.025,27.7,9.33717080387254,33,0.0666666666666667,32.141151758511,8,1,8.72621308280313,-40.4585688887973,473.539379982018,-42.7584830096382,465.121708700527,1,30,5,ublox.f9p,harsh,0.901509916611102
1621308824,24,0.75,1.14,3.39411254969543,6.3,0.0347222222222222,27.6551724137931,9.59641250702189,34,0.0689655172413793,33.4102903309744,9,1,8.89601866565559,-40.4242247277862,473.705481805106,-42.7581968078486,465.121093508367,1,29,5,ublox.f9p,harsh,0.912218520873733
1621308825,25,0.75,1.14,3.39411254969543,6.3,0.0341666666666667,27.8275862068966,9.49085637230924,32,0.0689655172413793,31.4014123193874,10,1,9.08814560387163,-40.3727084829925,473.890039385924,-42.757910606059,465.120478316561,1,29,5,ublox.f9p,harsh,0.894743912053778
1621308826,24,0.79,1.14,3.39411254969543,6.2,0.0383333333333333,27.6896551724138,9.12259145620625,32,0.0689655172413793,45.1770129601327,10,1,9.24920152600008,-40.3040201557271,474.037685451635,-42.7576244042694,465.119863124401,1,29,5,ublox.f9p,harsh,0.971187250038951
1621308827,24,0.71,1.06,3.39411254969543,6.2,0.0405555555555556,27.2068965517241,9.90086327529368,39,0.0689655172413793,22.7744099813804,9,1,9.40574645494113,-40.2525039122443,474.185331516289,-42.7573382037906,465.119247932594,1,29,5,ublox.f9p,harsh,0.782013862855496
1621308828,24,0.77,1.1,3.39411254969543,6.2,0.0425,27.2413793103448,9.66457142798891,34,0.0689655172413793,20.6104544669285,8,1,9.58008725371948,-40.2009876661398,474.351433339377,-42.7570520020009,465.118632740435,1,29,5,ublox.f9p,harsh,0.74289028082886
1621308829,24,0.87,1.28,3.39411254969543,6.2,0.0127777777777778,26.6551724137931,9.52918772609774,36,0.0689655172413793,42.0309310706611,8,1,9.73664754896038,-40.1494714239678,474.499079404031,-42.7567658002113,465.118017548981,1,29,5,ublox.f9p,harsh,0.960950510520924
1621308830,24,0.75,1.19,3.32415402771893,6.2,0.00138888888888889,26.6551724137931,9.33608920139234,32,0.0689655172413793,18.4271312652476,7,1,9.87083279240933,-40.1151272603351,474.628269710956,-42.7564796010433,465.117402356822,1,29,5,ublox.f9p,harsh,0.699036323937253
1621308831,24,0.75,1.19,3.32415402771893,6.1,0.0330555555555556,26.4137931034483,9.88692224744858,34,0.0689655172413793,17.6615047490297,7,1,10.0584564397701,-40.0807830940808,474.812827292478,-42.7564796010433,465.116787165015,1,29,5,ublox.f9p,harsh,0.682687576470197
1621308832,24,0.8,1.27,3.32415402771893,6.1,0.0413888888888889,26.7241379310345,9.66176762785057,33,0.0689655172413793,20.3325477990339,9,1,10.2415022474227,-40.0636110142306,474.997384873296,-42.7561933992537,465.116171972856,1,29,5,ublox.f9p,harsh,0.737546416050376
1621308833,24,0.75,1.19,3.32415402771893,6.1,0.00361111111111111,26.8965517241379,9.36690537243532,33,0.0689655172413793,16.7039291784897,8,1,10.375695492957,-40.0292668519087,475.12657518022,-42.7559071974641,465.115556781049,1,29,5,ublox.f9p,harsh,0.661591134498861
1621308834,24,0.75,1.19,3.32415402771893,6.1,0.0408333333333333,26.4333333333333,9.32805680075765,31,0.0666666666666667,16.4038613340477,8,1,10.4966137714894,-39.9777506084259,475.237309729768,-42.7556209956745,465.114941588889,1,30,5,ublox.f9p,harsh,0.654840741373504
1621308835,23,0.8,1.27,3.32415402771893,6.1,0.0333333333333333,26.4666666666667,9.78997845559016,32,0.0666666666666667,46.0848791574473,8,1,10.5550690985448,-39.9605785246433,475.292677003309,-42.7553347951957,465.114326397083,1,30,5,ublox.f9p,harsh,0.97362187434136
1621308836,24,0.72,1.11,3.32415402771893,6.1,0.0230555555555556,25.5333333333333,9.1151005189885,32,0.0666666666666667,35.3631635085626,7,1,10.6717596225654,-39.9262343623214,475.403411552856,-42.755048593406,465.113403608844,1,30,5,ublox.f9p,harsh,0.926648839285378
1621308837,24,0.69,1.11,3.32415402771893,6.1,0.0177777777777778,25.7666666666667,9.33914022969379,30,0.0666666666666667,36.8359878379826,7,1,10.7881545620719,-39.8918901999995,475.514146101347,-42.7547623916164,465.112788417389,1,30,5,ublox.f9p,harsh,0.936051880666338
1621308838,22,0.82,1.21,3.32415402771893,6.1,0.0119444444444444,26.5172413793103,10.0556334234497,33,0.0689655172413793,45.1789995462494,9,1,10.8867590377854,-39.8575460376776,475.606424892108,-42.7544761898268,465.112173225582,1,29,5,ublox.f9p,harsh,0.971192808498211
1621308839,23,0.7,1.11,3.32415402771893,6.1,0.0236111111111111,26.7666666666667,9.60848523471557,35,0.0666666666666667,24.1535993929759,8,1,11.0209474183423,-39.8232018727341,475.735615199032,-42.754189989348,465.111558033423,1,30,5,ublox.f9p,harsh,0.804609970530411
1621308840,24,0.72,1.11,3.32415402771893,6.1,0.0261111111111111,26.5333333333333,9.83215461472286,34,0.0666666666666667,22.5821014156749,8,1,11.1196329715426,-39.7888577104122,475.827893989089,-42.754189989348,465.110942841616,1,30,5,ublox.f9p,harsh,0.778717839745989
1621308841,23,0.87,1.28,3.32415402771893,6.1,0.0266666666666667,26.4,9.90854733776993,33,0.0666666666666667,33.6610680163301,10,1,11.2091145940561,-39.7888577104122,475.92017277985,-42.7539037875584,465.110327649457,1,30,5,ublox.f9p,harsh,0.914205995813255
1621308842,25,0.77,1.15,3.32415402771893,6.1,0.0347222222222222,25.741935483871,9.29504434967179,32,0.0645161290322581,47.2784729025801,10,1,11.2497730644072,-39.7716856292513,475.957084296014,-42.7536175857688,465.109712457298,1,31,5,ublox.f9p,harsh,0.976520024162243
1621308843,26,0.76,1.15,3.32415402771893,6.1,0.00222222222222222,26.0666666666667,9.50474775494108,32,0.0666666666666667,20.9155028834969,8,1,11.330583843571,-39.7373414682402,476.030907329045,-42.7533313839791,465.109097265491,1,30,5,ublox.f9p,harsh,0.748673538585315
1621308844,25,0.9,1.36,3.32415402771893,6.1,0.00916666666666667,26.5,9.96805241586927,32,0.0666666666666667,48.1648471397969,9,1,11.3847771718358,-39.7373414682402,476.086274602938,-42.7530451835003,465.108174477957,1,30,5,ublox.f9p,harsh,0.978468775965979
1621308845,22,0.89,1.31,3.32415402771893,6,0.0188888888888889,27.5666666666667,9.42733857690908,30,0.0666666666666667,21.3354378696784,7,1,11.4341792150345,-39.7545135480903,476.141641877536,-42.7527589817107,465.107559285798,1,30,4,ublox.f9p,harsh,0.756492299344925
1621308846,22,0.89,1.31,3.32415402771893,6,0.0144444444444444,26.8666666666667,9.27634490047905,32,0.0666666666666667,99.8270982522008,11,1,11.461393753188,-39.7888577104122,476.178553393699,-42.7524727799211,465.106944093991,1,30,4,ublox.f9p,harsh,0.999874453629236
1621308847,22,1.03,1.39,3.32415402771893,6,0.0116666666666667,25.8709677419355,8.98050457188188,32,0.0645161290322581,120.298834257899,8,1,11.4931606910966,-39.8060297902624,476.215464909863,-42.7521865794423,465.106328901832,1,31,4,ublox.f9p,harsh,0.999983790282269
1621308848,20,1.03,1.39,3.32415402771893,6,0.0383333333333333,24.9677419354839,8.81469935568893,33,0.0666666666666667,131.793183366281,9,1,11.5516012917622,-39.7888577104122,476.27083218446,-42.7519003789635,465.105713710025,1,31,4,ublox.f9p,harsh,0.999994864449281
1621308849,21,0.9,1.32,3.32415402771893,6,0.0325,24.09375,10.0043841196199,40,0.0645161290322581,149.949597329004,8,1,11.5878032850114,-39.7888577104122,476.307743700624,-42.7516141771738,465.105098517866,1,32,4,ublox.f9p,harsh,0.999999164270272
1621308850,23,0.91,1.38,3.32415402771893,6,0.0202777777777778,24.4516129032258,9.92921181725055,33,0.0666666666666667,182.046969463677,8,1,11.6465398885404,-39.7716856292513,476.363110975574,-42.7513279753842,465.104175729979,1,31,4,ublox.f9p,harsh,0.999999966263887
1621308851,24,0.81,1.28,3.39705755029261,6,0.0455555555555556,24.8787878787879,10.343348030732,38,0.0625,191.448100584444,6,1,11.7498770514096,-39.7888577104122,476.473845524064,-42.7513279753842,465.103560538524,1,33,4,ublox.f9p,harsh,0.999999986823226
1621308852,25,0.81,1.28,3.39705755029261,6,0.0122222222222222,24.375,9.98951062768568,34,0.0625,42.3531067594092,5,1,11.781819181787,-39.8060297902624,476.510757040228,-42.7510417749054,465.102945346365,1,32,4,ublox.f9p,harsh,0.96214167017977
1621308853,23,0.83,1.3,3.39705755029261,6,0.03,25.3125,10.1582240637344,35,0.0625,24.9993363548279,6,1,11.8223775139168,-39.7888577104122,476.547668556392,-42.7507555731158,465.102330154558,1,32,4,ublox.f9p,harsh,0.817564577952749
1621308854,25,0.69,1.15,3.33016516106934,6,0.02,26.15625,9.34330664338156,34,0.0625,23.9013685103315,9,1,11.8768093766532,-39.7888577104122,476.603035830989,-42.7504693713262,465.10140736632,1,32,4,ublox.f9p,harsh,0.800614089740459
1621308855,25,0.69,1.15,3.33016516106934,6,0.0111111111111111,26.53125,8.52693786507435,31,0.09375,24.118319454998,8,1,11.9309605184434,-39.7888577104122,476.658403104882,-42.7501831695366,465.100792174513,1,32,4,ublox.f9p,harsh,0.804054728746165
1621308856,23,0.76,1.21,3.33016516106934,5.9,0.0227777777777778,26.3030303030303,8.75886996308902,33,0.121212121212121,25.0006999902003,5,1,11.9672457302335,-39.7888577104122,476.69531462175,-42.7498969690578,465.100176982354,1,33,3,ublox.f9p,harsh,0.817584916067048
1621308857,24,0.76,1.21,3.33016516106934,5.9,0.0216666666666667,25.78125,9.26573422051169,33,0.09375,106.162172907876,7,1,11.9993145132001,-39.8060297902624,476.732226137914,-42.7496107672681,465.099561790547,1,32,3,ublox.f9p,harsh,0.999933365222218
1621308858,23,0.76,1.21,3.33016516106934,5.9,0.0311111111111111,26.0294117647059,8.79905399225651,33,0.147058823529412,102.510558399286,7,1,12.0577289868603,-39.7888577104122,476.787593411807,-42.7493245654785,465.09894659874,1,34,3,ublox.f9p,harsh,0.999903998989984
1621308859,24,0.69,1.14,3.33016516106934,5.9,0.00555555555555556,26.3125,8.90971742066655,32,0.0625,107.925070457857,7,1,12.0764451440022,-39.7888577104122,476.806049170241,-42.7490383636889,465.098023810853,1,32,3,ublox.f9p,harsh,0.999944134464862
1621308860,24,0.74,1.28,3.33016516106934,5.9,0.00805555555555556,26.96875,8.63781773142327,31,0.0625,114.525413846302,8,1,12.090320602768,-39.7888577104122,476.842960686404,-42.7533313839791,465.121708700527,1,32,3,ublox.f9p,harsh,0.999971126035724
1621308861,25,0.74,1.28,3.33016516106934,5.8,0.0180555555555556,27.9705882352941,9.76538504607162,37,0.0882352941176471,290.620579450252,11,1,11.9791415732028,-39.7716856292513,476.861416444838,-42.8016994143302,465.271815533113,1,34,3,ublox.f9p,harsh,0.99999999999935
1621308862,24,0.82,1.37,3.33016516106934,5.8,0.0241666666666667,26.8787878787879,9.54514790272254,34,0.0909090909090909,223.484434581024,11,1,11.9445700939426,-39.7545135480903,476.879872202568,-42.8366159802314,465.339794242394,1,33,2,ublox.f9p,harsh,0.999999999464834
1621308863,24,0.82,1.46,3.2649655434629,5.8,0.0169444444444444,26.8529411764706,8.84592819509624,33,0.117647058823529,229.478449423906,11,1,11.9239109474083,-39.7545135480903,476.879872202568,-42.848636437044,465.364401919954,1,34,3,ublox.f9p,harsh,0.999999999706119
1621308864,25,0.83,1.5,3.2649655434629,5.8,0.201666666666667,26.6363636363636,9.31335795315719,31,0.0909090909090909,237.081975977368,12,1,11.9260154826764,-39.651481058503,476.750681895643,-42.8203025031285,465.253359775031,1,33,2,ublox.f9p,harsh,0.99999999986261
1621308865,25,0.88,1.39,3.2649655434629,5.8,1.33277777777778,26.2121212121212,8.98177869271162,29,0.0909090909090909,206.586410492075,11,1,11.8676863603361,-39.4969323254328,475.735615199032,-42.6325544122733,464.28966160504,1,33,2,ublox.f9p,harsh,0.999999997100249
1621308866,25,0.88,1.51,3.2649655434629,5.8,2.65361111111111,28.0882352941176,9.3366908908587,31,0.117647058823529,206.391453513302,11,1,12.0656152235143,-39.1019744482446,473.48401270742,-42.1608945708183,461.812591268469,1,34,2,ublox.f9p,harsh,0.999999997043162
1621308867,25,0.81,1.35,3.18904374382039,5.8,3.78666666666667,28.09375,9.18750685757918,31,0.09375,210.35300144612,9,1,12.2667573928442,-38.4837795133423,470.106608970002,-41.4989108289557,458.216179201297,1,32,2,ublox.f9p,harsh,0.999999998010336
1621308868,25,0.79,1.44,3.18904374382039,5.8,4.69777777777778,28.5757575757576,9.02091425185906,32,0.0606060606060606,209.441929276662,10,1,12.4594487645715,-37.693863764209,465.751050052489,-40.600810964576,453.6354600342,1,33,2,ublox.f9p,harsh,0.999999997820549
1621308869,24,0.79,1.44,3.18904374382039,5.8,5.10138888888889,27.0588235294118,10.0933256569081,33,0.0882352941176471,213.513506066308,8,1,12.4166177238374,-37.006980504663,460.694172325755,-39.5950993911507,448.550283478712,1,34,2,ublox.f9p,harsh,0.99999999854949
1621308870,24,0.8,1.5,3.18904374382039,5.7,4.68416666666667,28.9677419354839,9.78258272294095,35,0.0645161290322581,213.493093352199,8,1,12.4127614945592,-36.5605063826811,455.858763696354,-38.6122839241923,443.616751735857,1,31,2,ublox.f9p,harsh,0.999999998546526
1621308871,25,0.78,1.4,3.11448230047949,5.7,3.56694444444444,29.1724137931034,9.34676783522075,33,0.0344827586206897,209.972851247178,9,1,12.2104212269543,-36.2685809990125,451.81695266764,-37.7923170304057,439.701977841158,1,29,2,ublox.f9p,harsh,0.999999997933243
1621308872,23,0.78,1.4,3.11448230047949,5.6,1.89222222222222,29.5172413793103,9.08145948644494,34,0.0344827586206897,208.873360842318,8,1,11.8490556387646,-36.2170647515972,449.270058046015,-37.3009092969265,437.470676683753,1,29,2,ublox.f9p,harsh,0.999999997693042
1621308873,23,0.72,1.22,3.11448230047949,5.6,1.12833333333333,29.3333333333333,7.59007216054623,29,0.0344827586206897,15.4114184351025,8,1,11.5835067423743,-36.096860180849,447.867420428278,-37.0215767710282,436.320882952546,1,30,2,ublox.f9p,harsh,0.632077999636853
1621308874,24,0.71,1.11,3.11448230047949,5.5,1.61888888888889,28.551724137931,8.60060715006526,33,0.0344827586206897,17.6248049634599,10,1,11.4340869440278,-35.890795204296,446.224857954421,-36.6609630600942,434.816738665183,1,29,2,ublox.f9p,harsh,0.681892033963875
1621308875,25,0.68,1.17,3.04795013082563,5.5,3.02694444444444,26.84375,9.20066398375332,31,0.0645161290322581,17.3318468913924,10,1,11.4670153281586,-35.5130094069579,443.32730392889,-35.9840968461443,431.86996928418,1,32,2,ublox.f9p,harsh,0.675503741264508
1621308876,25,0.71,1.1,3.12409987036266,5.4,4.09166666666667,26.65625,9.55665407434915,36,0.0645161290322581,16.8979781828083,10,1,11.555870654543,-34.7574378201464,439.377771690232,-35.0653904830607,427.826005083261,1,32,3,ublox.f9p,harsh,0.665921948912584
1621308877,25,0.71,1.18,3.12409987036266,5.5,4.30333333333333,26.1612903225806,8.94835841255646,33,0.0666666666666667,32.0644403246546,9,1,11.6278808966226,-34.156414967716,435.114491563128,-34.099747098574,423.486748751273,1,31,3,ublox.f9p,harsh,0.900826696429731
1621308878,24,0.71,1.18,3.20156211871642,5.4,5.01916666666667,28.9666666666667,8.62427741434262,37,0,18.4438984844405,7,1,11.6276205769351,-33.4867037893309,430.112981110639,-32.9157320776213,418.499387713865,1,30,3,ublox.f9p,harsh,0.699388962541698
1621308879,24,0.75,1.18,3.20156211871642,5.4,6.21666666666667,29.1935483870968,8.07225435195031,30,0,19.9995543428608,7,1,11.9450036451505,-31.1341286191594,424.483974882313,-31.0007587857508,412.539715819056,1,31,3,ublox.f9p,harsh,0.731049816388609
1621308880,24,0.79,1.2,3.20156211871642,5.4,6.9875,27.8181818181818,8.0173816854949,25,0.0625,20.1852781636879,8,1,12.3758186303493,-28.7643813691378,418.006003780113,-28.6407423795358,405.630802764713,1,33,3,ublox.f9p,harsh,0.734685736761161
1621308881,23,0.79,1.2,3.20156211871642,5.4,8.03055555555556,26.9090909090909,8.49766010574248,30,0.0625,23.7877023398372,9,1,12.7263191599973,-26.5491828508756,410.457598706703,-26.1296116591043,397.738197801898,1,33,3,ublox.f9p,harsh,0.798793421816194
1621308882,26,0.75,1.2,3.20156211871642,5.4,8.52055555555556,25.7647058823529,8.55661652024384,33,0.0606060606060606,21.119088737228,10,1,13.1374170871022,-24.6087376364317,402.189419065992,-23.9069719061093,389.070758593968,1,34,3,ublox.f9p,harsh,0.752484813205917
1621308883,26,0.88,1.2,3.2649655434629,5.5,8.87361111111111,24.7941176470588,8.59449933939323,34,0.0606060606060606,21.9068482443276,11,1,13.5274217231063,-22.9602178108996,393.47830123026,-21.9293205153798,379.990217999465,1,34,3,ublox.f9p,harsh,0.766863522159396
1621308884,24,0.7,1.06,3.40587727318528,5.5,8.75444444444444,22.2424242424242,6.90575078752441,31,0.0625,23.6533968346659,12,1,14.6727812143896,-20.607642642039,385.247033106064,-19.9885891017679,370.587316830514,1,33,3,ublox.f9p,harsh,0.796626165745592
1621308885,22,0.79,1.15,3.62353418639869,5.6,9.43694444444444,21.5483870967742,7.87755761505396,36,0.0333333333333333,26.292194659252,13,1,15.4252185265882,-16.6408918086574,376.295990414918,-18.039844049844,360.93434013834,1,31,3,ublox.f9p,harsh,0.836062685375784
1621308886,23,0.86,1.27,3.64005494464026,5.6,9.92138888888889,26.3548387096774,8.65466497366892,31,0.0333333333333333,26.6059308342248,9,1,15.0776839437039,-14.477209533878,366.16377920372,-16.0973954268053,351.173397261335,1,31,3,ublox.f9p,harsh,0.840317601384422
1621308887,24,0.75,1.15,3.72021504754765,5.6,9.92444444444445,24.5,7.82056841428938,31,0.032258064516129,26.9122479720497,13,1,14.8850490578653,-12.0044297942691,356.031567992522,-14.1672534636796,341.304488199498,1,32,3,ublox.f9p,harsh,0.844385164722694
1621308888,22,0.92,1.42,3.80131556174964,5.6,9.74694444444444,23.4848484848485,8.37825016083763,32,0.0645161290322581,29.1410182966969,10,1,14.8512940604557,-10.218533315517,346.010091329815,-12.2499905601139,331.298391335134,1,33,3,ublox.f9p,harsh,0.871479266174948
1621308889,21,1.16,1.85,3.96610640301039,5.6,10.0530555555556,22.7333333333333,8.97096209553581,37,0.0357142857142857,53.90864406347,13,1,14.4607820735326,-7.93464647130012,335.601043746686,-10.3112625550969,321.336895886809,1,30,3,ublox.f9p,harsh,0.987761619134431
1621308890,20,0.97,1.33,4.04969134626332,5.6,9.85888888888889,25.1428571428571,9.0583061359677,35,0.037037037037037,50.9275769621734,11,1,14.1872209071812,-5.66793171086582,325.468832535489,-8.52794188851897,311.572877050065,1,28,3,ublox.f9p,harsh,0.983580949996281
1621308891,22,0.99,1.43,4.13400532171888,5.6,9.66777777777778,26.1379310344828,9.27640685491592,34,0,47.431635012932,11,1,14.2021627748254,-3.62445400945628,315.816471035121,-7.04913946731229,302.033403270745,1,29,3,ublox.f9p,harsh,0.976868653180594
1621308892,23,1.08,1.37,4.18807831827438,5.6,8.58194444444444,26.2666666666667,8.75700048368529,28,0,28.1279931740606,9,1,14.0605000520142,-2.54261287272198,306.939251376654,-5.99935288251537,293.31028919249,1,30,3,ublox.f9p,harsh,0.859699856869149
1621308893,21,1.11,1.57,4.18807831827438,5.6,7.37083333333333,25.0909090909091,8.75486877530025,32,0.0645161290322581,43.8087455935021,8,1,14.0601832691155,-1.99310626246355,299.335479028295,-5.28299088320611,285.665606580342,1,33,3,ublox.f9p,harsh,0.967101441764439
1621308894,21,1.27,2.13,4.18807831827438,5.7,6.28083333333333,23.7575757575758,9.2972788459524,32,0.0645161290322581,25.3524113627237,9,1,14.1059463463683,-1.59814838789689,292.986698233371,-4.68797825787116,279.223316610339,1,33,3,ublox.f9p,harsh,0.822771861245997
1621308895,20,1.21,1.69,4.24381903478459,5.7,4.76555555555556,23.5757575757576,10.5238725733161,31,0.0645161290322581,39.9315734169787,8,1,14.0843682171907,-1.15167426984737,287.87445323204,-4.05518705398213,274.092615851277,1,33,3,ublox.f9p,harsh,0.952264039304411
1621308896,19,1.35,1.73,4.18807831827438,5.7,3.53666666666667,23.59375,10.5825765964322,34,0.0666666666666667,37.7345700621827,9,1,13.7522934519534,-0.825404719924502,283.814186444539,-3.45187458854552,270.315029759106,1,32,3,ublox.f9p,harsh,0.941224523263163
1621308897,19,1.35,1.73,4.18807831827438,5.7,2.66722222222222,24.8064516129032,10.1305457399514,34,0.0689655172413793,35.1298069071456,7,1,13.4098347271923,-0.499135168690834,280.676707562537,-2.97191490961055,267.496835493222,1,31,3,ublox.f9p,harsh,0.925046819320581
1621308898,18,1.35,1.73,4.18807831827438,5.8,1.83138888888889,23.4666666666667,9.48222778033522,33,0.0714285714285714,31.4116974524158,8,1,13.2300609622272,-0.241553946033373,278.535839620472,-2.63076289022206,265.523299757507,1,30,2,ublox.f9p,harsh,0.894840735283245
1621308899,18,1.22,1.72,4.27200187265877,5.8,1.09472222222222,22.1724137931034,9.580743206771,33,0.0740740740740741,18.8383769057858,7,1,13.0006507942575,-0.0698331331130687,277.17011351925,-2.4166842727354,264.383041500892,1,29,2,ublox.f9p,harsh,0.707616853178738
1621308900,18,1.17,1.69,4.32666153055679,5.9,0.362777777777778,21.5862068965517,8.98219366055225,32,0.0714285714285714,32.9157004077588,8,1,12.8693348618508,-0.00114480584766397,276.597985017306,-2.33282727552556,263.941641285918,1,29,2,ublox.f9p,harsh,0.908176462803543
1621308901,17,1.01,1.54,4.32666153055679,6,0.0858333333333333,19.8620689655172,9.4933214793011,33,0.0714285714285714,12.9665675874535,5,1,12.6145869058773,-0.172865621389572,276.394971676998,-2.33740649760542,263.967479347444,1,29,2,ublox.f9p,harsh,0.57362503100512
1621308902,16,1.06,1.6,4.32666153055679,6,0.0161111111111111,19.1,9.95281973561539,38,0.103448275862069,13.2386022009612,6,1,12.4035174053767,-0.378930597942579,276.302692887294,-2.35314757112909,264.057297370273,1,30,2,ublox.f9p,harsh,0.580264728216958
1621308903,16,1.01,1.59,4.46542271235322,6.1,0.0633333333333333,19.3333333333333,9.7391259727269,35,0.103448275862069,33.4367479146987,8,1,12.1251648950169,-0.670855985543544,276.302692887294,-2.39836738572679,264.301220973666,1,30,2,ublox.f9p,harsh,0.912430151398726
1621308904,16,0.9,1.39,4.46542271235322,6.2,0.0188888888888889,22.2692307692308,8.6420261157101,32,0.08,47.3992967599028,9,1,11.1799586965072,-0.997125532844806,276.22886985391,-2.66195883810139,265.173563140783,1,26,2,ublox.f9p,harsh,0.976795467938047
1621308905,16,0.94,1.4,4.46542271235322,6.2,0.0355555555555556,22.5833333333333,8.72236837934099,32,0.0833333333333333,47.4549669569887,10,1,11.0101930869526,-1.13450218475401,276.099679548042,-2.67769991293586,265.198170818342,1,24,2,ublox.f9p,harsh,0.976921316094359
1621308906,18,1.02,1.59,4.52216762183801,6.3,0.0591666666666667,22.375,9.03044367921523,33,0.0833333333333333,53.3307258134509,13,1,10.8329966132937,-1.37491132756132,275.952033482331,-2.67684130756701,265.197555626536,1,24,2,ublox.f9p,harsh,0.987042938089591
1621308907,18,0.81,1.32,4.52216762183801,6.3,0.0169444444444444,22.5416666666667,8.85623910102323,33,0.0833333333333333,50.561562267669,8,1,10.6767383254105,-1.63249254890798,275.822843175406,-2.67626890660938,265.197248030456,1,24,2,ublox.f9p,harsh,0.982979273484887
1621308908,17,0.81,1.32,4.52216762183801,6.4,0.0572222222222222,22.32,8.85870569929189,32,0.08,49.4524226430127,9,1,10.5019034713977,-1.9759341799918,275.675197110752,-2.67569650434095,265.196632838297,1,25,2,ublox.f9p,harsh,0.981020655604888
1621308909,18,0.91,1.52,4.58039299623952,6.5,0.0102777777777778,21.88,9.47945146092325,32,0.08,49.9996368407864,13,1,10.3564185543069,-2.30220372991467,275.546006803827,-2.67569650434095,265.196325242569,1,25,2,ublox.f9p,harsh,0.98201314858923
1621308910,18,0.81,1.32,4.58039299623952,6.5,0.0127777777777778,22.36,9.08240056372763,31,0.08,49.4161544010607,9,1,10.2395631045162,-2.67998952463118,275.435272255337,-2.67569650434095,265.195710050763,1,25,2,ublox.f9p,harsh,0.980953009357807
1621308911,18,0.83,1.34,4.58039299623952,6.5,0.00972222222222222,22.48,8.92150958825542,32,0.08,52.0316249986487,8,1,10.1178962262316,-3.0577753180369,275.306081948412,-2.67569650434095,265.195402454683,1,25,2,ublox.f9p,harsh,0.985271930326481
1621308912,18,0.94,1.57,4.58039299623952,6.6,0.0319444444444444,22.32,9.72848052541266,33,0.08,60.4639039775842,11,1,10.0377185875233,-3.53859360234073,275.195347399217,-2.67569650434095,265.194787262876,1,25,2,ublox.f9p,harsh,0.99360860233666
1621308913,18,0.83,1.34,4.64004310324807,6.6,0.0236111111111111,22.44,9.7214539378977,33,0.08,61.4047186597595,8,1,9.95589241574384,-3.96789563791849,275.066157092292,-2.67569650434095,265.194479666796,1,25,2,ublox.f9p,harsh,0.994179154301799
1621308914,18,0.82,1.37,4.64004310324807,6.6,0.0461111111111111,22.96,9.37852156081473,32,0.08,63.3032634063579,9,1,9.90628662588523,-4.36285351641756,274.955422543802,-2.67569650434095,265.19386447499,1,25,2,ublox.f9p,harsh,0.995180847243123
1621308915,19,1.05,1.8,4.64004310324807,6.7,0.00611111111111111,24.4,8.95358401237553,33,0.08,53.2834595237915,10,1,9.71653470669635,-4.51740224817692,274.733953446116,-2.67569650434095,265.19355687891,1,25,2,ublox.f9p,harsh,0.986982349030168
1621308916,17,0.82,1.37,4.64004310324807,6.7,0.00527777777777778,23.72,8.758424515859,32,0.12,34.2843297026192,7,1,9.51289911251268,-4.67195098124707,274.494028590349,-2.67569650434095,265.192941686751,1,25,2,ublox.f9p,harsh,0.918969921744868
1621308917,17,0.82,1.37,4.64004310324807,6.8,0.0177777777777778,23.3703703703704,8.87151079037295,30,0.111111111111111,34.2287582996644,8,1,9.33118426354182,-4.82649971431723,274.272559493367,-2.67569650434095,265.192634091024,1,27,2,ublox.f9p,harsh,0.918555149075233
1621308918,15,0.93,1.82,4.64004310324807,6.8,0.0119444444444444,22.0357142857143,8.96281264905223,29,0.107142857142857,68.7822957637088,10,1,9.12714000122643,-5.01539261233089,274.014178879518,-2.67569650434095,265.192018898864,1,28,2,ublox.f9p,harsh,0.997208079034636
1621308919,16,0.83,1.36,4.70106370941726,6.9,0.0544444444444444,20.962962962963,8.8295024752312,28,0.111111111111111,33.0990538901198,8,1,9.00226865246413,-5.27297383629915,273.811165540266,-2.67569650434095,265.191711302785,1,27,2,ublox.f9p,harsh,0.909694083233947
1621308920,16,0.83,1.36,4.70106370941726,7,0.04,20.9230769230769,9.37197130564569,31,0.0769230769230769,33.5094487853014,8,1,8.95619824413974,-5.63358754723312,273.645063717178,-2.67569650434095,265.191403707058,1,26,2,ublox.f9p,harsh,0.913009302237889
1621308921,16,0.98,1.66,4.70106370941726,7,0.00305555555555556,20.5769230769231,9.66715294974928,32,0.0769230769230769,54.7225628867005,12,1,8.92089783160134,-5.97702917831693,273.478961893738,-2.67569650434095,265.191403707058,1,26,2,ublox.f9p,harsh,0.9887074613984
1621308922,21,0.79,1.28,4.76340214552582,7,0.0780555555555556,20.6296296296296,9.64025274225074,32,0.0740740740740741,57.3922344174591,11,1,8.88945606991873,-6.3719870541944,273.275948554486,-2.67569650434095,265.191403707058,1,27,2,ublox.f9p,harsh,0.991330384667533
1621308923,18,0.86,1.51,4.76340214552582,7.1,0.0252777777777778,21.8846153846154,10.4243059167579,33,0.0769230769230769,54.4873328806287,8,1,8.94572409229305,-6.76694492876107,273.146758247561,-2.67569650434095,265.191403707058,1,26,2,ublox.f9p,harsh,0.988441784760131
1621308924,17,0.9,1.48,4.76340214552582,7.1,0.0233333333333333,22.0689655172414,9.0353711066277,30,0.137931034482759,51.5439510407273,12,1,8.9386660319848,-7.09321447868393,272.962200666039,-2.67569650434095,265.191403707058,1,29,3,ublox.f9p,harsh,0.984547252955646
1621308925,19,0.8,1.27,4.76340214552582,7.1,0.0147222222222222,21.15625,8.94105923940674,33,0.15625,19.2728879653859,8,1,8.88214505445796,-7.26493529291504,272.796098842951,-2.67569650434095,265.191403707058,1,32,3,ublox.f9p,harsh,0.716524917514547
1621308926,18,0.8,1.27,4.76340214552582,7.1,0.0208333333333333,20.4375,8.96566029448635,31,0.15625,18.4289817521493,7,1,8.85652997879199,-7.4538281909287,272.648452778297,-2.67569650434095,265.191403707058,1,32,3,ublox.f9p,harsh,0.699075253887181
1621308927,18,0.95,1.56,4.76340214552582,7.2,0.0225,19.5142857142857,8.8662327982979,32,0.171428571428571,44.7407408173902,10,1,8.79716842216106,-7.62554900515981,272.463895196774,-2.67569650434095,265.191403707058,1,35,3,ublox.f9p,harsh,0.969941027808623
1621308928,20,0.78,1.27,4.76340214552582,7.2,0.0363888888888889,18.8181818181818,9.43548669072821,32,0.181818181818182,17.4656376923375,8,1,8.6946430188531,-7.76292565706901,272.242426099089,-2.67569650434095,265.191403707058,1,33,3,ublox.f9p,harsh,0.678429501150464
1621308929,19,0.83,1.32,4.82700735445887,7.2,0.0408333333333333,18.9411764705882,10.0662688356185,33,0.176470588235294,16.915237602762,8,1,8.63433742316714,-7.93464647130012,272.039412759485,-2.67569650434095,265.191403707058,1,34,3,ublox.f9p,harsh,0.666305809045602
1621308930,19,0.94,1.6,4.82700735445887,7.3,0.0341666666666667,18.7941176470588,9.84971746022929,32,0.176470588235294,28.3024468906842,10,1,8.61046278651025,-8.10636728946363,271.873310936397,-2.67569650434095,265.191403707058,1,34,3,ublox.f9p,harsh,0.861790873677494
1621308931,20,0.8,1.3,4.82700735445887,7.3,0.0280555555555556,17.6470588235294,9.75730449905834,34,0.176470588235294,14.9898537112847,8,1,8.55679289898827,-8.24374394137284,271.688753355579,-2.67569650434095,265.191403707058,1,34,3,ublox.f9p,harsh,0.622220860040769
1621308932,22,0.8,1.3,4.82700735445887,7.4,0.00194444444444444,18.5,9.82960895057439,33,0.176470588235294,17.6175507729677,8,1,8.50208265660049,-8.32960434848839,271.541107289868,-2.67569650434095,265.191403707058,1,34,3,ublox.f9p,harsh,0.681734658723469
1621308933,21,0.92,1.54,4.82700735445887,7.4,0.0197222222222222,18.5882352941176,9.70509908793287,33,0.176470588235294,27.7185256943198,13,1,8.40197248340781,-8.36394851081029,271.37500546678,-2.67569650434095,265.191403707058,1,34,4,ublox.f9p,harsh,0.854687904901302
1621308934,22,0.67,1.02,4.82700735445887,7.4,0.0197222222222222,19.5294117647059,9.41705510848381,32,0.176470588235294,16.6340013225922,9,1,8.33970501171237,-8.44980892054745,271.208903643692,-2.67569650434095,265.191403707058,1,34,4,ublox.f9p,harsh,0.660023766889321
1621308935,23,0.66,1.02,4.82700735445887,7.4,0.0375,19.7714285714286,8.72820214047784,32,0.2,16.5613352748792,10,1,8.41847772965629,-8.65587389710045,271.116624853635,-2.67569650434095,265.191403707058,1,35,4,ublox.f9p,harsh,0.658391304956682
1621308936,22,0.86,1.47,4.82700735445887,7.4,0.0252777777777778,19.0555555555556,8.97916459507213,33,0.222222222222222,29.679430106196,12,1,8.54007312931982,-8.91345511844711,271.024346062874,-2.67569650434095,265.191403707058,1,36,4,ublox.f9p,harsh,0.877390000592421
1621308937,23,0.68,1.1,4.82700735445887,7.4,0.0130555555555556,18.8888888888889,9.18003354422063,33,0.222222222222222,16.9386325518701,10,1,8.63065045661386,-9.13669218009348,270.913611513679,-2.67569650434095,265.191403707058,1,36,4,ublox.f9p,harsh,0.66682577536582
1621308938,23,0.66,1.02,4.82700735445887,7.4,0.0369444444444444,19.8787878787879,8.78122135496244,31,0.181818181818182,11.8160302736821,8,1,8.70238717457848,-9.34275715926809,270.784421207458,-2.67569650434095,265.191403707058,1,33,4,ublox.f9p,harsh,0.54527639185213
1621308939,22,0.83,1.45,4.82700735445887,7.4,0.0197222222222222,20.5454545454545,8.2541311970541,31,0.212121212121212,36.8295058343171,12,1,8.77835550790938,-9.53165005334934,270.673686658263,-2.67569650434095,265.191403707058,1,33,4,ublox.f9p,harsh,0.936013069229217
1621308940,20,0.66,1.02,4.75078940808788,7.4,0.025,20.2352941176471,8.54243888079309,31,0.205882352941176,11.6123210427545,6,1,8.80694431442165,-9.66902670525855,270.544496351339,-2.67569650434095,265.191403707058,1,34,4,ublox.f9p,harsh,0.540220932548408
1621308941,22,0.67,1.02,4.75078940808788,7.4,0.0172222222222222,20.0294117647059,8.85740674175846,32,0.205882352941176,11.5770503686429,7,1,8.75656111959736,-9.70337087151285,270.415306044414,-2.67569650434095,265.191403707058,1,34,4,ublox.f9p,harsh,0.539344748126258
1621308942,21,0.88,1.52,4.82700735445887,7.4,0.0338888888888889,20.0882352941176,8.69471329117219,32,0.205882352941176,39.0099620976122,8,1,8.72187080746942,-9.7548871149957,270.286115738194,-2.67569650434095,265.191403707058,1,34,4,ublox.f9p,harsh,0.947895661160074
1621308943,21,0.69,1.02,4.82700735445887,7.4,0.0488888888888889,20.5714285714286,8.47239709911203,31,0.2,11.3061125864809,6,1,8.6649542424464,-9.73771503252395,270.212292705162,-2.67569650434095,265.191403707058,1,35,4,ublox.f9p,harsh,0.532606474198169
1621308944,24,0.69,1.02,4.82700735445887,7.4,0.02,19.9428571428571,9.09409264349134,33,0.2,44.4681811010388,8,1,8.61181190431352,-9.73771503252395,270.120013915106,-2.67569650434095,265.191403707058,1,35,4,ublox.f9p,harsh,0.96913610808015
1621308945,23,0.88,1.52,4.82700735445887,7.5,0.0125,20.3823529411765,8.84209870151964,31,0.176470588235294,32.8154797966709,8,1,8.55933451094402,-9.73771503252395,270.027735124345,-2.67569650434095,265.191403707058,1,34,4,ublox.f9p,harsh,0.907337277442221
1621308946,24,0.69,1.02,4.82700735445887,7.5,0.0280555555555556,20.2285714285714,8.79533871964447,31,0.171428571428571,11.0059724046278,6,1,8.51783962100799,-9.73771503252395,269.953912092017,-2.67569650434095,265.191403707058,1,35,4,ublox.f9p,harsh,0.525128122714261
1621308947,23,0.69,1.02,4.82700735445887,7.5,0.0358333333333333,19.9117647058824,8.8706791344629,31,0.176470588235294,10.5174684623793,6,1,8.5156057252584,-9.77205919484585,269.89854481742,-2.67569650434095,265.191403707058,1,34,4,ublox.f9p,harsh,0.512933825573979
1621308948,23,0.76,1.19,4.82700735445887,7.5,0.0436111111111111,19.6764705882353,9.32159626151793,33,0.176470588235294,47.9503545346643,9,1,8.50818003688441,-9.82357544226111,269.806266026659,-2.67569650434095,265.191403707058,1,34,4,ublox.f9p,harsh,0.978012222862504
1621308949,22,0.67,1.02,4.82700735445887,7.5,0.0361111111111111,19.6176470588235,9.46129181352888,32,0.176470588235294,9.84738082389978,7,1,8.45387592087799,-9.80640336110016,269.732442994332,-2.67569650434095,265.191403707058,1,34,4,ublox.f9p,harsh,0.496184594656174
1621308950,23,0.67,1.02,4.82700735445887,7.5,0.0388888888888889,19.6764705882353,9.51783203044237,31,0.205882352941176,10.0411652710231,6,1,8.39979670805037,-9.82357544226111,269.603252687407,-2.67569650434095,265.191403707058,1,34,4,ublox.f9p,harsh,0.501029130322291
1621308951,19,0.79,1.23,4.82700735445887,7.5,0.0152777777777778,20.0294117647059,8.99658283315375,31,0.235294117647059,46.3741738470886,7,1,8.31275900671034,-9.7892312760068,269.492518138916,-2.67569650434095,265.191403707058,1,34,4,ublox.f9p,harsh,0.974354757420018
1621308952,20,0.7,1.02,4.82700735445887,7.5,0.0502777777777778,19.8823529411765,9.17759031515734,30,0.235294117647059,9.17185913542069,5,1,8.285617470608,-9.82357544226111,269.381783589369,-2.67569650434095,265.191403707058,1,34,4,ublox.f9p,harsh,0.479308302637241
1621308953,21,0.7,1.07,4.82700735445887,7.5,0.0697222222222222,19.5588235294118,9.94588745974203,33,0.235294117647059,9.50229889082249,6,1,8.30484743530891,-9.90943584675506,269.271049040878,-2.67569650434095,265.191403707058,1,34,4,ublox.f9p,harsh,0.487560040045907
1621308954,22,0.82,1.2,4.82700735445887,7.5,0.0130555555555556,19.8823529411765,9.69774952301057,31,0.235294117647059,33.0055828610858,7,1,8.2388047233977,-9.87509168443316,269.197226008551,-2.67569650434095,265.191403707058,1,34,4,ublox.f9p,harsh,0.908923265445581
1621308955,22,0.71,1.02,4.82700735445887,7.5,0.0177777777777778,19.8285714285714,9.3068150686843,31,0.2,9.496973202026,5,1,8.16417656083168,-9.84074752342206,269.10494721779,-2.67569650434095,265.191403707058,1,35,4,ublox.f9p,harsh,0.487426981127094
1621308956,21,0.79,1.13,4.82700735445887,7.5,0.0141666666666667,19.3888888888889,9.52973625111802,31,0.194444444444444,10.2090101816429,4,1,8.10519816960518,-9.82357544226111,269.012668426677,-2.67569650434095,265.191403707058,1,36,4,ublox.f9p,harsh,0.505225064327231
1621308957,20,1.08,1.71,4.82700735445887,7.5,0.0136111111111111,20.4545454545455,9.95330004662684,31,0.151515151515152,36.8849776866866,9,1,8.09443881195082,-9.84074752342206,268.957301153136,-2.67569650434095,265.191403707058,1,33,4,ublox.f9p,harsh,0.93634450212645
1621308958,21,0.72,1.03,4.82700735445887,7.5,0.0241666666666667,19.8823529411765,9.24339143415397,30,0.147058823529412,14.3154682626503,5,1,8.06882830756065,-9.84074752342206,268.901933878186,-2.67569650434095,265.191403707058,1,34,4,ublox.f9p,harsh,0.606242975706557
1621308959,21,0.72,1.03,4.82700735445887,7.6,0.0116666666666667,20.6764705882353,9.42183340658988,31,0.147058823529412,14.3775287630849,5,1,8.04326244169987,-9.84074752342206,268.846566603589,-2.67598270481976,265.191403707058,1,34,4,ublox.f9p,harsh,0.607723456088515
1621308960,21,1.1,1.71,4.82700735445887,7.6,0.0455555555555556,20.6571428571429,9.34924613866511,31,0.142857142857143,43.9882776592648,9,1,8.01974703362897,-9.89226376690491,268.772743571262,-2.69344098777033,265.238158294597,1,35,3,ublox.f9p,harsh,0.967667880001671
1621308961,21,0.71,1.02,4.82700735445887,7.6,0.0141666666666667,19.4,8.89877717970945,32,0.142857142857143,13.8948191783844,6,1,7.59820040452401,-9.92660793053761,268.680464780501,-3.02285875213577,265.506997170925,1,35,3,ublox.f9p,harsh,0.596157975344871
1621308962,21,0.71,1.02,4.82700735445887,7.6,0.0352777777777778,19.1470588235294,9.03237393856853,32,0.147058823529412,14.4484018420541,6,1,7.40609135265095,-9.94378001300936,268.56973023201,-3.13762549674612,265.64972170042,1,34,3,ublox.f9p,harsh,0.609411743488547
1621308963,21,0.89,1.48,4.82700735445887,7.6,0.0388888888888889,19.3235294117647,9.19064276525329,31,0.147058823529412,39.0407906340706,7,1,7.32916835925466,-9.96095209417031,268.514362957412,-3.18456251945992,265.722006753405,1,34,3,ublox.f9p,harsh,0.948047711617223
1621308964,22,0.67,1.09,4.82700735445887,7.5,0.0263888888888889,19.5588235294118,9.33287177366496,31,0.147058823529412,32.8397929347918,7,1,7.48303721954409,-10.1841891545059,268.477451441249,-3.21003444072253,265.765070189047,1,34,3,ublox.f9p,harsh,0.90754149106821
1621308965,23,0.66,1.08,4.82700735445887,7.5,0.0133333333333333,20.0882352941176,9.19607178013434,31,0.147058823529412,33.3206213856196,8,1,7.64688137960563,-10.407426210909,268.422084166651,-3.22634791782543,265.79398420996,1,34,3,ublox.f9p,harsh,0.911497829727703
1621308966,22,0.72,1.15,4.82700735445887,7.4,0.00805555555555556,20.3030303030303,9.77715720597265,33,0.151515151515152,44.4366728585393,8,1,7.80654870736518,-10.6134911900836,268.366716892758,-3.23579256377476,265.814900735621,1,33,2,ublox.f9p,harsh,0.969041723354499
1621308967,22,0.64,1.01,4.82700735445887,7.4,0.00777777777777778,19.8055555555556,9.02320641281435,31,0.166666666666667,10.2179408781551,5,1,8.01366484240508,-10.83672825173,268.329805376595,-3.23178574265253,265.803212089177,1,36,2,ublox.f9p,harsh,0.505448306301514
1621308968,22,0.65,1.03,4.82700735445887,7.4,0.735833333333333,19.4166666666667,9.33005894943864,30,0.166666666666667,9.96984928355701,5,1,7.95903063805082,-10.7336957621427,267.665398084242,-3.1336186782455,265.3021382559,1,36,2,ublox.f9p,harsh,0.499246232659945
1621308969,23,0.85,1.25,4.82700735445887,7.5,2.16805555555556,20.3888888888889,10.2212042281238,32,0.166666666666667,45.0516203926119,7,1,7.76926507871069,-10.0811566636078,265.764454996536,-2.74753304473812,263.199412213261,1,36,2,ublox.f9p,harsh,0.970834288550428
1621308970,24,0.65,1.03,4.76340214552582,7.4,3.12833333333333,21,10.8220906972185,32,0.142857142857143,11.2985039043313,5,1,7.61551778065474,-9.25689674953093,262.848445213275,-2.14536538645998,260.124067717493,1,35,2,ublox.f9p,harsh,0.532417061395894
1621308971,23,0.69,1.05,4.76340214552582,7.5,3.74444444444444,21.0285714285714,10.5704519194551,31,0.171428571428571,12.2876360623189,4,1,7.49921126277766,-8.39829267313219,259.268028136253,-1.43415500887741,256.486130194725,1,35,2,ublox.f9p,harsh,0.556942786656547
1621308972,24,0.86,1.39,4.76340214552582,7.5,4.11472222222222,22,10.5326872164704,32,0.121212121212121,32.8290267903269,8,1,7.76813130401709,-8.36394851081029,255.115482558344,-1.07211029030616,252.437244457942,1,33,2,ublox.f9p,harsh,0.907451112775969
1621308973,24,0.7,1.06,4.68614980554399,7.5,3.91138888888889,21.5757575757576,10.3199754815307,32,0.0909090909090909,11.0751115226031,4,1,8.11915065037026,-9.48013381117729,251.442786690561,-1.92327313066129,248.473870400282,1,33,2,ublox.f9p,harsh,0.526851928713953
1621308974,24,0.67,1.05,4.75078940808788,7.5,3.61111111111111,23.1176470588235,9.88958652162098,33,0.147058823529412,8.38859344586445,5,1,7.90233156030588,-11.2660302886186,248.360675084212,-3.87430779428051,245.566165707648,1,34,2,ublox.f9p,harsh,0.459801781811633
1621308975,22,0.8,1.22,4.75078940808788,7.5,2.89666666666667,23.0909090909091,10.64590190039,34,0.151515151515152,35.9008489089179,5,1,7.85696756482747,-13.275163829017,246.404364722613,-5.75550932609747,244.126924169827,1,33,2,ublox.f9p,harsh,0.930220727603113
1621308976,25,0.69,1.05,4.67546789102438,7.5,2.14777777777778,22.7272727272727,10.5275612301494,32,0.151515151515152,11.8219398099282,6,1,7.75842741984423,-14.8549953272837,245.186284686398,-7.29985185750537,243.421914209413,1,33,2,ublox.f9p,harsh,0.545422914907248
1621308977,24,0.69,1.05,4.67546789102438,7.4,1.44305555555556,23.53125,10.3953599295318,32,0.125,8.88819441731559,3,1,7.49793461821741,-16.0055247912834,244.669523459404,-8.68220442111031,243.060796541971,1,32,2,ublox.f9p,harsh,0.472233456665219
1621308978,23,0.84,1.55,4.60108682813094,7.3,0.508888888888889,25.0666666666667,9.4829550658858,30,0.1,22.1932114927884,7,1,7.30821048823454,-16.486343076898,244.429598602579,-9.33388491427639,242.928837871387,1,30,2,ublox.f9p,harsh,0.7719440622459
1621308979,22,0.66,1.04,4.52769256906871,7.2,0.0552777777777778,26.1724137931034,10.0287763301314,32,0.0689655172413793,8.64643909889551,6,1,7.01481848842463,-16.2459339340907,244.245041021762,-9.35735342563329,242.920225183977,1,29,2,ublox.f9p,harsh,0.466212547483841
1621308980,22,0.67,1.05,4.45533388198909,7,0.0136111111111111,25.9032258064516,10.9311629107175,35,0.0967741935483871,9.64287301585995,7,1,6.72682372782678,-15.9540085464897,244.078939198673,-9.32730228360163,242.922685951909,1,31,2,ublox.f9p,harsh,0.491072774189288
1621308981,24,0.83,1.52,4.38406204335659,6.9,0.0205555555555556,25.375,10.3136301922231,31,0.129032258064516,12.1487373081246,8,1,6.49830716218387,-15.7307714848434,243.857470100988,-9.29982695374411,242.924223931955,1,32,2,ublox.f9p,harsh,0.553512697650688
1621308982,22,0.74,1.17,4.24264068711928,6.7,0.0158333333333333,26.6451612903226,9.14894670475523,28,0.1,22.8694222968241,8,1,6.30614636278679,-15.5418785907621,243.636001003302,-9.27578603880798,242.926377103455,1,31,2,ublox.f9p,harsh,0.783629180155157
1621308983,23,0.77,1.18,4.24264068711928,6.7,0.00944444444444444,25.8064516129032,9.21020938900128,28,0.1,47.2968739528765,8,1,6.22389171799346,-15.456018181025,243.43298766405,-9.25260372924069,242.92853027566,1,31,2,ublox.f9p,harsh,0.97656217834227
1621308984,22,0.83,1.52,4.17252920900501,6.6,0.00583333333333333,24.875,9.95392611793408,30,0.129032258064516,75.6152371609657,10,1,6.19960812120614,-15.4216740200139,243.266885840962,-9.23113862778951,242.931606235047,1,32,2,ublox.f9p,harsh,0.998588265865518
1621308985,22,0.69,1.15,4.17252920900501,6.5,0.0758333333333333,24.28125,10.5103155933096,31,0.129032258064516,103.521462421172,10,1,6.06783437330242,-15.370157776531,243.06387250171,-9.30411997403434,242.916226436704,1,32,2,ublox.f9p,harsh,0.999913228559533
1621308986,22,0.72,1.16,4.10365690573664,6.4,0.109166666666667,24.9677419354839,9.70733012030168,31,0.1,139.332589277536,9,1,5.94884853825483,-15.3186415291158,243.026960985547,-9.37109109187285,242.902692214134,1,31,2,ublox.f9p,harsh,0.999997583671562
1621308987,22,0.89,1.56,4.10365690573664,6.3,0.261666666666667,24.9354838709677,10.0926887196325,33,0.1,34.7773226961628,9,1,5.94396849857646,-15.576222753084,242.897770678622,-9.63239293255212,242.857168010913,1,31,3,ublox.f9p,harsh,0.922565950863029
1621308988,24,0.76,1.18,4.03608721412211,6.3,0.168333333333333,25.40625,9.345895683616,30,0.0967741935483871,32.7499220045537,9,1,5.80530973996119,-15.6792552426713,242.823947646295,-9.87394687989629,242.81994889867,1,32,3,ublox.f9p,harsh,0.906784617653815
1621308989,24,0.77,1.18,4.03608721412211,6.2,0.00111111111111111,24.969696969697,9.70014448502202,31,0.125,32.6975534252947,7,1,5.69727732320265,-15.576222753084,242.750124613968,-9.8793847047234,242.820871686204,1,33,3,ublox.f9p,harsh,0.906341021594442
1621308990,23,0.89,1.56,3.96232255123179,6.1,0.01,24,10.4761634198785,39,0.125,39.6145656233135,7,1,5.61222137854724,-15.4731902621859,242.69475733937,-9.86249882535206,242.825793221716,1,33,2,ublox.f9p,harsh,0.950802172871844
1621308991,24,0.76,1.18,3.89486841883009,6.1,0.0191666666666667,23.9705882352941,9.9528747000557,31,0.121212121212121,82.715308575422,8,1,5.52523675393579,-15.370157776531,242.657845823207,-9.84761635326483,242.830407161148,1,34,2,ublox.f9p,harsh,0.999305435594292
1621308992,24,0.76,1.18,3.89486841883009,6,0.0130555555555556,24,10.1234800580062,29,0.121212121212121,63.421755659309,8,1,5.40272053260584,-15.2327811220002,242.639390064421,-9.83359248785726,242.834713504853,1,34,2,ublox.f9p,harsh,0.995237343129533
1621308993,24,0.83,1.5,3.82883794381533,6,0.00944444444444444,24.4857142857143,9.7720231771517,31,0.117647058823529,56.2393100953417,9,1,5.31317628022277,-15.1297486350345,242.620934307043,-9.82099962746536,242.837789464592,1,35,3,ublox.f9p,harsh,0.990281240618445
1621308994,24,0.73,1.16,3.82883794381533,5.9,0.0177777777777778,25.0882352941176,10.0886003686093,33,0.0909090909090909,38.0904073282865,8,1,5.18827747212031,-14.9923719831253,242.58402279088,-9.81041017697918,242.839942636445,1,34,3,ublox.f9p,harsh,0.943162417542555
1621308995,24,0.69,1.14,3.68781778291715,5.8,0.0272222222222222,25.0555555555556,10.5504081016381,33,0.142857142857143,19.8286065159314,8,1,5.07249093028819,-14.872167412377,242.58402279088,-9.80640335847855,242.845171767684,1,36,3,ublox.f9p,harsh,0.727675463231171
1621308996,24,0.77,1.46,3.68781778291715,5.7,0.025,26.4705882352941,9.70546642008371,30,0.121212121212121,37.6630803180996,8,1,5.0372993824995,-14.8378232461227,242.602478548257,-9.80640335847855,242.845786959843,1,34,3,ublox.f9p,harsh,0.94082778568055
1621308997,23,0.69,1.14,3.68781778291715,5.6,0.0152777777777778,26.625,9.41772522359284,28,0.0967741935483871,18.6411690035304,7,1,4.95066837072009,-14.7519628416288,242.620934307043,-9.80640335847855,242.845786959843,1,32,4,ublox.f9p,harsh,0.703520074558359
1621308998,22,0.69,1.14,3.62353418639869,5.6,0.0225,26.3939393939394,9.70482931953015,30,0.09375,19.7918601266462,7,1,4.91635989370024,-14.7176186753745,242.620934307043,-9.80640335847855,242.845786959843,1,33,4,ublox.f9p,harsh,0.726946673607208
1621308999,21,0.73,1.3,3.54682957019364,5.5,0.0133333333333333,26.9090909090909,9.9980111658633,32,0.125,21.354569043828,6,1,4.88206610041044,-14.6832745143634,242.620934307043,-9.80640335847855,242.846094555923,1,33,4,ublox.f9p,harsh,0.756844545002617
1621309000,21,0.73,1.3,3.4828149534536,5.4,0.0125,26.2,10.3064799719286,33,0.147058823529412,22.0702881505344,6,1,4.88206610041044,-14.6832745143634,242.620934307043,-9.80640335847855,242.846094555923,1,35,4,ublox.f9p,harsh,0.769772809944322
1621309001,22,0.73,1.3,3.4828149534536,5.4,0.0136111111111111,26,10.3978019655255,33,0.142857142857143,67.0229336597827,8,1,4.89921997168107,-14.7004465942135,242.620934307043,-9.80640335847855,242.846094555923,1,36,4,ublox.f9p,harsh,0.996672806446155
1621309002,24,0.73,1.3,3.4828149534536,5.3,0.0102777777777778,26.1388888888889,10.2543448011849,34,0.142857142857143,78.8451564501725,8,1,4.86778910682229,-14.6661024332024,242.565567032093,-9.80640335847855,242.846094555923,1,36,4,ublox.f9p,harsh,0.998977534726902
1621309003,23,0.68,1.19,3.40587727318528,5.3,0.00694444444444444,25.8648648648649,10.146598122201,33,0.166666666666667,85.9116001683024,9,1,4.83060525769464,-14.6317582695697,242.620934307043,-9.80640335847855,242.846094555923,1,37,4,ublox.f9p,harsh,0.999495359762946
1621309004,25,0.7,1.27,3.34215499341368,5.2,0.00444444444444444,25.6216216216216,10.4996067422424,34,0.166666666666667,93.2792371696752,10,1,4.83060525769464,-14.6317582695697,242.620934307043,-9.80640335847855,242.846094555923,1,37,4,ublox.f9p,harsh,0.999758385085372
1621309005,26,0.68,1.19,3.34215499341368,5.1,0.0102777777777778,26.0263157894737,10.1195204514765,33,0.166666666666667,94.3859989617104,9,1,4.86266436750343,-14.6661024332024,242.676301581641,-9.80640335847855,242.846094555923,1,38,4,ublox.f9p,harsh,0.999783693943649
1621309006,25,0.7,1.27,3.34215499341368,5.1,0.00472222222222222,26.8611111111111,9.90570622787774,33,0.147058823529412,48.9686323734055,8,1,4.82902553351717,-14.6317582695697,242.657845823207,-9.80640335847855,242.846094555923,1,36,5,ublox.f9p,harsh,0.980098602721126
1621309007,24,0.68,1.19,3.28024389337134,5,0.00416666666666667,26.5277777777778,10.1685400303685,33,0.147058823529412,49.1253542967642,8,1,4.82718422063042,-14.6317582695697,242.713213097804,-9.80640335847855,242.846094555923,1,36,5,ublox.f9p,harsh,0.98040200496208
1621309008,25,0.7,1.27,3.20156211871642,5,0.0075,26.6571428571429,10.0292010623768,32,0.147058823529412,47.8950414970068,8,1,4.84347787371269,-14.6489303520415,242.750124613968,-9.80640335847855,242.846094555923,1,35,5,ublox.f9p,harsh,0.977892960936969
1621309009,23,0.68,1.19,3.20156211871642,4.9,0.0155555555555556,25.9473684210526,9.86653467034592,31,0.166666666666667,48.9764495313375,9,1,4.84314733743892,-14.6489303520415,242.768580371697,-9.80640335847855,242.846094555923,1,38,4,ublox.f9p,harsh,0.980113844625868
1621309010,24,0.75,1.43,3.20156211871642,4.9,0.0025,26.1621621621622,10.0125296878836,31,0.171428571428571,48.7822446316726,9,1,4.80880760163906,-14.6145861857872,242.768580371697,-9.80640335847855,242.846094555923,1,37,4,ublox.f9p,harsh,0.979731775332414
1621309011,25,0.73,1.34,3.20156211871642,4.9,0.0122222222222222,25.7837837837838,10.4433262451703,32,0.171428571428571,47.8702238696806,9,1,4.75666801598365,-14.5630699423043,242.842403404729,-9.80640335847855,242.846094555923,1,37,4,ublox.f9p,harsh,0.97783924572171
1621309012,24,0.77,1.45,3.14006369362152,4.8,0.00861111111111111,25.7297297297297,10.4977475061416,33,0.171428571428571,49.7780377624336,9,1,4.77480322412149,-14.5802420234653,242.750124613968,-9.80640335847855,242.846094555923,1,37,3,ublox.f9p,harsh,0.981617521293642
1621309013,24,0.73,1.34,3.14006369362152,4.8,0.0144444444444444,25.3421052631579,10.6041203511207,33,0.166666666666667,50.3466505081649,9,1,4.79164274666815,-14.597414105937,242.768580371697,-9.80640335847855,242.84640215165,1,38,3,ublox.f9p,harsh,0.98261594688986
1621309014,25,0.75,1.43,3.14006369362152,4.8,0.0119444444444444,25.6756756756757,10.4510872747875,32,0.142857142857143,49.8643493222696,9,1,4.75764083910785,-14.5630699423043,242.750124613968,-9.80640335847855,242.84640215165,1,37,3,ublox.f9p,harsh,0.981772621033678
1621309015,24,0.73,1.34,3.06104557300279,4.7,0.00472222222222222,26.1351351351351,10.0999509409209,33,0.142857142857143,51.8586833951486,9,1,4.75730314559832,-14.5630699423043,242.768580371697,-9.80640335847855,242.84640215165,1,37,3,ublox.f9p,harsh,0.985018854510211
1621309016,23,0.75,1.43,3.06104557300279,4.7,0.00638888888888889,26.3333333333333,9.99142489480712,32,0.147058823529412,50.239779602875,9,1,4.75703703098847,-14.5630699423043,242.787036130131,-9.80640335847855,242.84640215165,1,36,3,ublox.f9p,harsh,0.982432446933662
1621309017,23,0.73,1.34,3.06104557300279,4.7,0.01,27.3823529411765,9.67350240819501,30,0.125,49.5725818327553,9,1,4.82540715616852,-14.6317582695697,242.823947646295,-9.80640335847855,242.84640215165,1,34,2,ublox.f9p,harsh,0.981243093204325
1621309018,23,0.75,1.43,3.06104557300279,4.6,0.01,26.6285714285714,10.2558038497741,30,0.121212121212121,49.882392118645,9,1,4.84223825311255,-14.6489303520415,242.768580371697,-9.80754816432622,242.859628778492,1,35,2,ublox.f9p,harsh,0.981804880822663
1621309019,24,0.74,1.34,3,4.6,0.0416666666666667,26.2222222222222,10.4474497533707,32,0.117647058823529,51.2558378049848,9,1,4.85669424139398,-14.6661024332024,242.823947646295,-9.80983777602155,242.888542799405,1,36,2,ublox.f9p,harsh,0.984102743843231
1621309020,24,0.75,1.43,3,4.6,0.0177777777777778,25.8918918918919,10.5850622834041,33,0.142857142857143,51.3269422428416,9,1,4.87368206994738,-14.6832745143634,242.823947646295,-9.81012397650036,242.895925102849,1,37,2,ublox.f9p,harsh,0.984213601359368
1621309021,23,0.78,1.45,3,4.5,0.00777777777777778,25.9722222222222,10.5789173389101,33,0.117647058823529,50.5462035730892,9,1,4.90415980825795,-14.7176186753745,242.731668855534,-9.81642040538551,242.902077021975,1,36,3,ublox.f9p,harsh,0.982953557749442
1621309022,24,0.75,1.43,3,4.5,0.146944444444444,25.6578947368421,10.6015713159417,33,0.166666666666667,51.2050823116754,9,1,4.89579603031744,-14.8034790851116,242.676301581641,-9.91258406250843,242.895309911042,1,38,3,ublox.f9p,harsh,0.984023143828876
1621309023,23,0.78,1.45,3,4.5,0.537777777777778,25.275,10.4193791340205,34,0.210526315789474,34.3919388017811,10,1,4.80720260900636,-15.2156090408392,242.565567032093,-10.4148674482634,242.814719767078,1,40,2,ublox.f9p,harsh,0.919767620224081
1621309024,24,0.84,1.32,3,4.5,0.934722222222222,24.4210526315789,9.97464780641502,32,0.194444444444444,33.5538049420175,10,1,4.66686891265593,-15.9883527114332,242.473288241332,-11.3255601717243,242.668304085685,1,38,3,ublox.f9p,harsh,0.913360948768611
1621309025,25,0.84,1.32,3,4.5,1.20444444444444,24.0526315789474,10.6185644889761,31,0.194444444444444,32.220862806573,10,1,4.52139986146367,-17.0701938455459,242.399465209005,-12.5493571824476,242.470827473753,1,38,2,ublox.f9p,harsh,0.902215407664092
1621309026,25,0.79,1.27,3,4.5,1.46972222222222,23.5945945945946,10.5025379458159,35,0.194444444444444,33.2512781709215,9,1,4.41602119543721,-18.4267882860986,242.528655516282,-14.0210045680895,242.228134254678,1,37,2,ublox.f9p,harsh,0.910936842726293
1621309027,24,0.85,1.54,3,4.5,1.88111111111111,25.5277777777778,10.6408541845933,33,0.171428571428571,32.9853788426221,8,1,4.54928881422483,-20.2642010109552,242.676301581641,-15.7737016903673,241.947299135121,1,36,2,ublox.f9p,harsh,0.908755874779377
1621309028,24,0.91,1.66,3,4.5,2.28833333333333,25.0555555555556,10.8731502714437,32,0.171428571428571,32.7915939893692,8,1,4.4803357213487,-22.4278832857346,242.399465209005,-18.0215271628354,241.588642235612,1,36,2,ublox.f9p,harsh,0.907136258823794
1621309029,23,0.77,1.45,3,4.5,2.42555555555556,25.9705882352941,10.8919912032083,36,0.151515151515152,32.5992331198143,7,1,4.42401075172012,-24.7976305344454,241.99343853015,-20.4462250751937,241.19522699144,1,34,2,ublox.f9p,harsh,0.905503069270211
1621309030,23,0.85,1.62,3,4.5,2.29583333333333,24.9166666666667,10.2911196114486,38,0.171428571428571,31.488546670632,7,1,4.33696106488006,-27.0643452975013,241.661234883973,-22.8102482985985,240.817499142042,1,36,2,ublox.f9p,harsh,0.895561701336572
1621309031,24,0.85,1.62,3,4.5,2.06972222222222,26.7714285714286,11.1225412730072,34,0.176470588235294,37.5298837449977,9,1,4.19066992196216,-29.0734788352781,241.273663963199,-24.9570446900742,240.488371455252,1,35,2,ublox.f9p,harsh,0.940081900289104
1621309032,24,0.75,1.43,3,4.5,2.11444444444444,28.7878787878788,10.0770704316705,35,0.09375,35.8304218567795,9,1,4.15727493225158,-31.1341286191594,241.052194866218,-27.0700693228072,240.176776738658,1,33,2,ublox.f9p,harsh,0.929762197309702
1621309033,24,0.82,1.52,3,4.5,2.68,26.9428571428571,10.1805548708797,33,0.117647058823529,33.0538164605647,8,1,4.17367351839356,-33.6584246022512,240.775358493935,-29.5963687184263,239.816581859455,1,35,2,ublox.f9p,harsh,0.909321764918933
1621309034,24,0.85,1.62,3,4.5,2.90305555555556,27.7142857142857,9.55963151077743,32,0.117647058823529,209.944311456737,7,1,4.03864753619642,-36.4746459755655,240.406243331595,-32.5602699897248,239.412093160293,1,35,2,ublox.f9p,harsh,0.999999997927336
1621309035,24,0.76,1.31,3,4.5,3.06694444444444,27.7941176470588,9.17433644455341,29,0.0909090909090909,23.607137829939,5,1,4.06270988338667,-39.5484485689157,240.313964540481,-35.6698477530341,239.104804787756,1,34,2,ublox.f9p,harsh,0.795875681664302
1621309036,24,0.82,1.49,2.92061637330205,4.5,2.7575,27.125,10.1337825310738,33,0.09375,21.6496912318579,5,1,4.07262369169754,-42.3818420207694,240.830725768532,-38.5925360295464,239.338270127966,1,32,2,ublox.f9p,harsh,0.762234457571992
1621309037,24,0.82,1.49,2.92061637330205,4.5,3.18444444444444,25.875,10.6612049188908,33,0.09375,21.2992957630059,5,1,4.190371242628,-45.0263425759202,242.58402279088,-41.3294796251091,240.611102246619,1,32,2,ublox.f9p,harsh,0.755825902416374
1621309038,25,0.71,1.12,2.92061637330205,4.5,3.40805555555556,25.3235294117647,9.26616715975068,33,0.0882352941176471,19.6862049838629,5,1,3.95215612022765,-46.983959871525,245.407753784083,-43.690640835861,243.222899617786,1,34,2,ublox.f9p,harsh,0.724844448482926
1621309039,26,0.77,1.42,2.98328677803526,4.5,3.67027777777778,27.03125,8.80426720220042,31,0,22.8983077977391,6,1,3.76117687502263,-48.1516614166856,248.951259343533,-45.1614296187557,246.669820043474,1,32,3,ublox.f9p,harsh,0.784118545521362
1621309040,23,0.74,1.18,2.98328677803526,4.6,3.91222222222222,28.25,9.42885071503689,36,0.032258064516129,13.1676307663907,3,1,3.78032419897161,-48.9930934093018,252.900791582895,-46.1199179676775,250.444022580531,1,32,3,ublox.f9p,harsh,0.57853518720458
1621309041,23,0.74,1.18,2.90688837074973,4.6,4.32666666666667,29.0909090909091,10.1160875476998,38,0.0625,12.6779335855651,3,1,3.78385298665541,-49.7143208337914,257.256350500761,-47.0738270971412,254.546122419707,1,33,2,ublox.f9p,harsh,0.566551097713428
1621309042,24,0.7,1.16,2.90688837074973,4.6,4.63944444444444,28.9411764705882,9.52808027492895,34,0.0909090909090909,174.866409880079,4,1,3.76499594060451,-50.5729249101901,261.870290031771,-48.0846902975363,259.044713463147,1,34,2,ublox.f9p,harsh,0.99999993082602
1621309043,24,0.74,1.18,2.90688837074973,4.6,5.05444444444444,27.6285714285714,9.84911376809136,36,0.0882352941176471,175.413520127379,6,1,3.63052927170234,-51.4658731489107,266.816433210015,-49.1736864672138,264.001007308141,1,35,2,ublox.f9p,harsh,0.999999934508933
1621309044,24,0.78,1.18,2.90688837074973,4.6,5.20027777777778,27.5,9.91555252208276,34,0.0606060606060606,181.185073637678,8,1,3.4876396623729,-52.3244772266203,272.002501243321,-50.2226144479527,269.219372918179,1,34,2,ublox.f9p,harsh,0.9999999632272
1621309045,26,0.73,1.16,2.90688837074973,4.6,4.83638888888889,27.0571428571429,10.38648119416,35,0.0588235294117647,180.259421752192,10,1,3.27048147706718,-52.977016326466,277.004011696162,-51.2386292713853,274.233802401079,1,35,2,ublox.f9p,harsh,0.999999959660803
1621309046,27,0.86,1.47,2.83196045170126,4.7,4.85138888888889,26.4705882352941,10.0490774312497,35,0.0303030303030303,177.80847256716,11,1,3.17938360838154,-53.7154158334273,281.91324335789,-52.257219908303,279.087974384288,1,34,2,ublox.f9p,harsh,0.999999948456891
1621309047,27,0.77,1.36,2.83196045170126,4.7,4.58916666666667,27.7428571428571,10.2450643989101,36,0.0294117647058824,178.659608846917,10,1,3.15453134947904,-54.5396757448825,286.637917437743,-53.1936707535052,283.784964827195,1,35,2,ublox.f9p,harsh,0.9999999526624
1621309048,27,0.9,1.51,2.9,4.7,4.12472222222222,28.5428571428571,10.5114583337671,37,0.0294117647058824,184.168355163091,11,1,3.16567556605665,-55.2780752492222,290.882741807118,-54.0270891117417,287.974729518052,1,35,2,ublox.f9p,harsh,0.999999972712457
1621309049,25,0.9,1.51,2.9732137494637,4.7,3.69972222222222,26.21875,9.05800082977795,33,0.032258064516129,197.45837409439,6,1,3.12880363920638,-55.758893533526,294.721539496933,-54.7714988444878,291.752623206302,1,32,3,ublox.f9p,harsh,0.999999992775858
1621309050,26,0.82,1.37,2.9732137494637,4.7,3.24527777777778,27.030303030303,10.3937626983832,37,0.03125,191.191470969362,6,1,3.15611185237216,-56.1023351646098,298.11739899208,-55.3041195740641,295.063893810213,1,33,2,ublox.f9p,harsh,0.999999986480694
1621309051,24,0.9,1.5,2.9,4.7,2.74611111111111,27.2121212121212,10.6646541662094,37,0.03125,189.189048068568,7,1,3.10261493363008,-56.4286047132219,300.959585743718,-55.7674795741065,297.928227471126,1,33,2,ublox.f9p,harsh,0.999999983483481
1621309052,25,0.82,1.37,2.9,4.6,2.4,26.969696969697,11.1816949980896,37,0.03125,195.819050340335,10,1,3.14090769898107,-56.6861859371902,303.506480365343,-56.2302671718805,300.398838292492,1,33,2,ublox.f9p,harsh,0.999999991488989
1621309053,24,0.91,1.57,2.9,4.6,2.14583333333333,27.28125,11.8300720555164,40,0.0645161290322581,30.0167146419247,8,1,3.21244683407355,-56.9952834033305,305.739627098521,-56.7016408089242,302.540629022795,1,32,2,ublox.f9p,harsh,0.880972459327248
1621309054,23,0.82,1.37,2.9,4.6,1.555,26.84375,11.2711718342029,36,0.0645161290322581,30.4469405766194,10,0,2.7256739826024,-57.6134783382327,307.160720474692,-57.1907589307081,304.468025363482,1,32,2,ublox.f9p,harsh,0.885410383873697
1621309055,22,0.87,1.37,2.9,4.6,1.43027777777778,26.8064516129032,10.6752653513897,35,0.0666666666666667,31.4775581433291,10,0,2.33122886728385,-58.2316732731349,308.489535059398,-57.6767288380494,306.22532113275,1,31,2,ublox.f9p,harsh,0.895458879924882
1621309056,22,0.9,1.37,2.9,4.6,1.31388888888889,26.1935483870968,10.876333189817,35,0.0666666666666667,34.6202830722107,9,0,1.92364062363804,-58.832696128187,309.689159337883,-58.1478162746143,307.891568495928,1,31,2,ublox.f9p,harsh,0.921436619942203
1621309057,23,0.93,1.45,2.9,4.6,1.49888888888889,25.90625,11.8576486136654,39,0.0645161290322581,36.0543637144957,10,0,1.78530313658878,-59.3306864910302,311.165619987243,-58.6406550157308,309.519058766817,1,32,2,ublox.f9p,harsh,0.931210636812352
1621309058,23,0.93,1.49,2.9,4.7,1.52138888888889,25.9375,11.443937682346,41,0.0645161290322581,37.6632130738685,9,0,1.72942488317646,-59.8115047740232,312.715903670339,-59.1744205498439,311.108099541145,1,32,2,ublox.f9p,harsh,0.940828524739052
1621309059,23,0.91,1.47,2.9,4.7,1.52305555555556,25.59375,11.2733181279029,40,0.0645161290322581,35.4003460435064,9,0,1.72470454421745,-60.3094951381772,314.266187352026,-59.7290787831398,312.64208063766,1,32,2,ublox.f9p,harsh,0.926901171243531
1621309060,23,0.91,1.46,2.9,4.7,1.48472222222222,26.21875,10.7124720047061,36,0.0625,33.3302165209489,9,0,1.67595763276044,-60.7216250939048,315.798015277392,-60.2788715925663,314.18159846114,1,32,2,ublox.f9p,harsh,0.911575202683615
1621309061,24,0.99,1.49,2.9,4.8,1.42083333333333,25.9393939393939,11.0111857727137,37,0.0625,34.7789447798521,12,0,1.63734965768974,-61.0650667249886,317.29293168589,-60.7491004250731,315.686357940663,1,33,2,ublox.f9p,harsh,0.922577537913028
1621309062,24,0.91,1.47,2.9698484809835,4.8,1.33805555555556,25.5294117647059,9.97947983741197,33,0.121212121212121,31.4630773780194,9,0,1.59860861199574,-61.4085083560724,318.714025060652,-61.1680992145759,317.133596973382,1,34,2,ublox.f9p,harsh,0.895323244538931
1621309063,23,0.86,1.44,2.9698484809835,4.8,1.56583333333333,24.8285714285714,10.2483448140942,33,0.117647058823529,30.03689398057,10,0,1.75404866082635,-61.7347779073061,320.430410566836,-61.5828049837885,318.682957867887,1,35,2,ublox.f9p,harsh,0.881183897222098
1621309064,24,0.92,1.47,2.9698484809835,4.8,2.34694444444444,25,10.7470926301023,38,0.09375,41.9425486982414,11,0,1.83609762863135,-62.1812520253556,322.700468816178,-62.0976812286246,320.866274054491,1,33,2,ublox.f9p,harsh,0.960617504470807
1621309065,24,0.79,1.34,2.9698484809835,4.9,3.02916666666667,26.03125,10.4587804599617,32,0.09375,28.2622861457069,8,0,1.88474098306957,-62.6448982271877,325.727213148634,-62.6643599187332,323.842572648213,1,32,3,ublox.f9p,harsh,0.861311834241125
1621309066,22,0.84,1.37,3.04138126514911,4.9,3.12694444444444,24.4516129032258,9.16820124007401,31,0.0967741935483871,27.2825535328482,9,0,1.86745300231394,-63.1257165114915,328.901603546448,-63.2024184731366,327.035726400189,1,31,2,ublox.f9p,harsh,0.849189124752384
1621309067,24,0.86,1.39,3.11126983722081,5,2.78555555555556,24.1612903225806,9.79828819809375,32,0.0967741935483871,29.1557955931006,10,0,1.85440566207243,-63.5378464672191,331.799157572331,-63.7307461824226,329.954812143893,1,31,2,ublox.f9p,harsh,0.871644685720128
1621309068,23,0.73,1.14,3.18276609256791,5,3.015,23,9.65056129628393,36,0.0967741935483871,27.6256437115263,9,0,1.99798557171482,-63.932804340475,334.881269179736,-64.2092748537203,332.90250431243,1,31,2,ublox.f9p,harsh,0.853530538755602
1621309069,24,0.73,1.13,3.25576411921994,5,3.61166666666667,23.78125,10.3073239698457,34,0.09375,25.7011835006354,9,0,2.13058082397466,-64.344934300135,338.49859777257,-64.8463590792104,336.427861710582,1,32,2,ublox.f9p,harsh,0.82780047934887
1621309070,25,1.04,1.3,3.2649655434629,5,4.06527777777778,24.741935483871,12.0939867756267,35,0.0967741935483871,44.0434666723879,10,0,2.19077911760645,-64.9116129889328,342.521953043906,-65.6648949640489,340.464751204488,1,31,3,ublox.f9p,harsh,0.9678401035611
1621309071,22,0.74,1.15,3.2649655434629,5,4.26805555555556,23.551724137931,10.6287554939303,34,0.103448275862069,24.4250944337015,10,0,2.31538959350515,-65.529807923835,346.785233170659,-66.5214956318527,344.692965391554,1,29,2,ublox.f9p,harsh,0.808842952350618
1621309072,19,0.87,1.37,3.34215499341368,5.1,4.61638888888889,25.1935483870968,9.9847195081241,33,0.193548387096774,24.466906220444,8,0,2.44264654836015,-66.3540678379119,351.36226118621,-67.4413467994733,349.174946252333,1,31,2,ublox.f9p,harsh,0.809488594924564
1621309073,18,0.87,1.37,3.42052627529741,5.1,4.78583333333333,24.375,10.8114336132723,36,0.1875,21.750753874697,7,0,2.58267425735294,-67.2641881577935,356.123846782579,-68.4416205480714,353.825182108052,1,32,2,ublox.f9p,harsh,0.764061190294405
1621309074,19,0.77,1.21,3.42052627529741,5.1,4.81444444444444,24.7,10.7772109500589,34,0.133333333333333,20.6860258790002,7,0,2.70985441313405,-68.1399643153531,360.866976621219,-69.5414923700247,358.547703016757,1,30,2,ublox.f9p,harsh,0.744331075864673
1621309075,18,0.77,1.21,3.5,5.2,4.73638888888889,25.7,10.7483759799747,35,0.1,20.1923122421433,8,0,2.85738307102854,-68.8783638210036,365.573194943694,-70.8033541610918,363.461548617917,1,30,3,ublox.f9p,harsh,0.734822824214744
1621309076,19,0.88,1.39,3.56089876295297,5.2,5.1825,26.2413793103448,10.8089089326939,36,0.103448275862069,27.3712338860426,8,0,2.9042834232689,-70.2177861817062,370.630072670076,-72.229495532968,368.535344122336,1,29,4,ublox.f9p,harsh,0.850321313653669
1621309077,18,0.86,1.34,3.64005494464026,5.3,5.11888888888889,26,10.3716646962495,35,0.103448275862069,27.7915724636085,9,1,3.21276680479353,-71.3339714807624,375.705406154892,-73.7300492561046,373.565153404282,1,29,2,ublox.f9p,harsh,0.855592771711968
1621309078,21,0.89,1.33,3.72021504754765,5.3,5.11166666666667,27.0344827586207,10.5947519306922,36,0.103448275862069,23.3861519977776,9,1,3.7118722144663,-72.1582313948392,380.817651155872,-75.0809196700406,378.529444744176,1,29,2,ublox.f9p,harsh,0.792262119309738
1621309079,19,1.07,1.55,3.80131556174964,5.4,4.63222222222222,27.4444444444444,9.47195590772828,34,0.111111111111111,36.6446161766888,10,1,3.40706949928323,-73.6006862438183,385.357767654555,-76.2987064523577,383.277188521895,1,27,2,ublox.f9p,harsh,0.93489674960126
1621309080,21,0.87,1.31,3.80131556174964,5.4,4.25472222222222,27.3571428571429,9.6999972726773,35,0.107142857142857,28.9731073994653,12,1,3.49449848724123,-74.4936344825389,389.750238088584,-77.3224487123127,387.698572976837,1,28,4,ublox.f9p,harsh,0.869586851600772
1621309081,22,0.85,1.34,3.72021504754765,5.5,3.35722222222222,26.7,9.85813159887256,36,0.1,28.9124886511002,12,1,3.61915155832375,-75.1461735810739,393.330655164902,-78.1074990401982,391.250076032242,1,30,4,ublox.f9p,harsh,0.8688978597956
1621309082,22,1.24,1.94,3.72021504754765,5.5,2.35638888888889,26.34375,8.93564581488279,34,0.09375,32.8022560199752,12,1,3.79364207165606,-75.592647701745,396.062107367344,-78.6458437963912,393.810504876789,1,32,4,ublox.f9p,harsh,0.907226036860542
1621309083,22,0.99,1.68,3.72021504754765,5.6,1.41194444444444,28.5666666666667,8.46772099508331,30,0.0666666666666667,45.1454211146496,11,1,3.42380093896663,-76.2623588801301,397.630846808874,-79.0127539375211,395.59179313181,1,30,4,ublox.f9p,harsh,0.97109871620417
1621309084,22,0.99,1.67,3.72021504754765,5.6,0.872777777777778,27.6896551724138,8.26396414853524,31,0.0689655172413793,43.5225666697612,14,1,3.25311962603503,-76.691660920951,398.701280780083,-79.2477252541905,396.688987952079,1,29,4,ublox.f9p,harsh,0.966178655615845
1621309085,23,1.15,1.94,3.64005494464026,5.6,0.534444444444444,27.8064516129032,8.17891335422463,30,0.0645161290322581,40.836095144696,14,1,3.31953308111169,-76.8633817338713,399.421055347385,-79.3888225241216,397.266653181694,1,31,4,ublox.f9p,harsh,0.956211567722545
1621309086,24,0.99,1.67,3.64005494464026,5.6,0.333888888888889,27.6774193548387,7.80336293647038,29,0.0645161290322581,38.125343515591,11,1,3.4831901257434,-76.9148979773542,399.91936081665,-79.4878481938974,397.571480786651,1,31,4,ublox.f9p,harsh,0.943349410511967
1621309087,25,0.84,1.3,3.64005494464026,5.6,0.247222222222222,27.9032258064516,8.09672707007664,28,0.0645161290322581,43.7574093104838,14,1,3.68242323126718,-76.9835863046196,400.343843252883,-79.5579675261785,397.710821760327,1,31,2,ublox.f9p,harsh,0.966937716757648
1621309088,25,0.87,1.31,3.72021504754765,5.7,0.148055555555556,27.3225806451613,7.98493204635745,33,0.0645161290322581,43.4994252835598,13,1,3.81929250297554,-76.9835863046196,400.583768109003,-79.6063355552188,397.807406894793,1,31,2,ublox.f9p,harsh,0.966102953807744
1621309089,25,1.04,1.63,3.72021504754765,5.7,0.0766666666666667,26.7741935483871,8.27328905744003,33,0.0645161290322581,42.4217465851341,14,1,3.72600623304465,-77.0179304669415,400.712958415223,-79.6203594219372,398.046408962674,1,31,2,ublox.f9p,harsh,0.962390899703765
1621309090,26,0.77,1.18,3.72021504754765,5.7,0.0208333333333333,26.8709677419355,8.09832054804728,30,0.0645161290322581,40.8069438535486,13,1,3.5169049022315,-77.1037908766786,400.749869932443,-79.621218027306,398.294023717261,1,31,2,ublox.f9p,harsh,0.95608934587723
1621309091,26,0.81,1.23,3.72021504754765,5.7,0.0363888888888889,26.53125,8.16358703180204,32,0.0625,40.2492080667434,15,1,3.46852024586135,-77.1896512837942,400.786781448607,-79.6269420539227,398.318938990548,1,32,2,ublox.f9p,harsh,0.953687352483293
1621309092,26,0.87,1.61,3.66196668472011,5.7,0.0561111111111111,26.71875,8.50894927367272,33,0.0625,40.3308091496646,15,1,3.61403454522024,-77.1724792000117,400.971339029072,-79.6269420539227,398.318631394821,1,32,2,ublox.f9p,harsh,0.954046435036016
1621309093,26,0.76,1.31,3.66196668472011,5.7,0.0133333333333333,26.6875,8.4869444328599,31,0.0625,42.3416692694294,15,1,3.71269309145366,-77.1896512837942,401.118985094783,-79.6269420539227,398.318323799093,1,32,2,ublox.f9p,harsh,0.962099987006712
1621309094,26,0.76,1.31,3.66196668472011,5.7,0.00805555555555556,26.875,8.05124714843367,30,0.0625,43.1681595623441,16,1,3.85405690366287,-77.1896512837942,401.303542675601,-79.6269420539227,398.318016203014,1,32,2,ublox.f9p,harsh,0.965001213055638
1621309095,26,0.82,1.52,3.66196668472011,5.7,0.0116666666666667,26.75,8.46625178900549,30,0.0625,42.0817904007581,16,1,3.98435517541865,-77.1896512837942,401.469644498689,-79.6269420539227,398.317708606934,1,32,2,ublox.f9p,harsh,0.961140911479836
1621309096,26,0.75,1.26,3.66196668472011,5.7,0.0252777777777778,26.71875,8.55809134207826,32,0.0625,41.9685646248078,16,1,3.97195086094861,-77.3098558558533,401.543467531016,-79.6269420539227,398.317401010855,1,32,2,ublox.f9p,harsh,0.960715808803942
1621309097,26,0.78,1.29,3.66196668472011,5.7,0.0144444444444444,26.6666666666667,8.79867414254367,34,0.0606060606060606,42.6979482248116,16,1,4.19223584080844,-77.1896512837942,401.72802511289,-79.6269420539227,398.317093415127,1,33,2,ublox.f9p,harsh,0.963377933568089
1621309098,24,0.85,1.55,3.66196668472011,5.7,0.0208333333333333,27.258064516129,8.7558275524951,35,0.0645161290322581,52.6795975686983,15,1,4.32123820687845,-77.258339608438,401.931038452142,-79.6269420539227,398.316785819048,1,31,2,ublox.f9p,harsh,0.986183238988494
1621309099,23,0.78,1.3,3.66196668472011,5.7,0.0105555555555556,26.9333333333333,9.34375444489188,35,0.0666666666666667,36.682303139748,15,1,4.47972839300271,-77.3442000168643,402.170963307557,-79.6269420539227,398.316478222968,1,30,2,ublox.f9p,harsh,0.935125755003474
1621309100,24,0.72,1.14,3.66196668472011,5.7,0.0355555555555556,27.2333333333333,8.71258832966983,33,0.0666666666666667,35.3191720322473,14,1,4.68129804945365,-77.2926837707599,402.373976646809,-79.6269420539227,398.316170626889,1,30,2,ublox.f9p,harsh,0.926349264055603
1621309101,24,0.8,1.32,3.60555127546399,5.7,0.00777777777777778,26.7666666666667,8.83442847256016,31,0.0666666666666667,43.1725607301675,13,1,4.79353934432226,-77.3270279357034,402.521622712168,-79.6269420539227,398.315863031161,1,30,2,ublox.f9p,harsh,0.965016074461749
1621309102,24,0.74,1.17,3.60555127546399,5.7,0.0241666666666667,26.5806451612903,8.85352733302152,31,0.0645161290322581,35.9214221799273,12,1,4.77219778071937,-77.5159208324063,402.595445744495,-79.6269420539227,398.315555435082,1,31,2,ublox.f9p,harsh,0.930354150822925
1621309103,24,0.72,1.14,3.60555127546399,5.7,0.00722222222222222,26.8064516129032,8.73467936766508,32,0.0645161290322581,33.4043605588825,13,1,4.67801487324912,-77.739157891431,402.595445744495,-79.6269420539227,398.315247839002,1,31,2,ublox.f9p,harsh,0.912171026087283
1621309104,24,0.74,1.17,3.60555127546399,5.7,0.000555555555555556,27.0645161290323,8.77851727750181,32,0.0645161290322581,41.4948556266709,13,1,4.53903320319156,-78.1169436861475,402.595445744495,-79.6269420539227,398.314940242923,1,31,3,ublox.f9p,harsh,0.958888446749799
1621309105,25,0.74,1.17,3.52278299076171,5.6,0.0161111111111111,27.2258064516129,8.65913651360748,30,0.0645161290322581,34.0002083326951,11,1,4.41911130320425,-78.4603853172314,402.576989986765,-79.6269420539227,398.314632647195,1,31,3,ublox.f9p,harsh,0.916828892133228
1621309106,25,0.74,1.17,3.52278299076171,5.6,0.00638888888888889,27.258064516129,8.83163911526992,33,0.0645161290322581,34.0173301421496,11,1,4.34805114465318,-78.7694827820609,402.576989986765,-79.6269420539227,398.314325051116,1,31,3,ublox.f9p,harsh,0.916959359077674
1621309107,25,0.78,1.27,3.52278299076171,5.6,0.0152777777777778,27.2903225806452,8.79846027585546,30,0.0645161290322581,34.7968701740982,11,1,4.32328871593849,-79.0270640060291,402.595445744495,-79.6272282557124,398.314017455388,1,31,3,ublox.f9p,harsh,0.922705478873527
1621309108,25,0.72,1.14,3.52278299076171,5.6,0.00722222222222222,27.2258064516129,8.84198197019709,32,0.0645161290322581,34.0640267241949,11,1,4.29682277145583,-79.2674731462148,402.595445744495,-79.6272282557124,398.313709859309,1,31,3,ublox.f9p,harsh,0.917314238086663
1621309109,25,0.72,1.14,3.52278299076171,5.5,0.01,27.0967741935484,9.11904541316205,31,0.0645161290322581,33.884798705811,11,1,4.28421912952919,-79.4907102078612,402.595445744495,-79.6272282557124,398.313402263581,1,31,3,ublox.f9p,harsh,0.915944607186864
1621309110,24,0.79,1.19,3.46698716467194,5.5,0.00444444444444444,26.5806451612903,9.50008488926419,33,0.0645161290322581,33.7989966406259,11,1,4.28353656423886,-79.7139472681968,402.595445744495,-79.6272282557124,398.312787071422,1,31,3,ublox.f9p,harsh,0.915281654429717
1621309111,25,0.72,1.18,3.38378486313773,5.5,0.0163888888888889,26.8064516129032,9.32530376570011,34,0.0645161290322581,34.0506485498686,13,1,4.2918250181548,-79.9028401635888,402.595445744495,-79.6272282557124,398.312479475343,1,31,4,ublox.f9p,harsh,0.917212709536814
1621309112,25,0.73,1.21,3.38378486313773,5.5,0.00722222222222222,26.741935483871,9.2950443496718,32,0.0645161290322581,33.8211294903053,13,1,4.29193267777982,-80.1089051427634,402.576989986765,-79.6272282557124,398.312171879615,1,31,4,ublox.f9p,harsh,0.915453117417953
1621309113,25,0.83,1.41,3.38378486313773,5.5,0.0144444444444444,26.7741935483871,9.04695041591126,32,0.0645161290322581,33.6986527920628,13,1,4.31488421905115,-80.2806259596161,402.576989986765,-79.6272282557124,398.311864283536,1,31,4,ublox.f9p,harsh,0.914500327404785
1621309114,25,0.72,1.16,3.38378486313773,5.4,0.0277777777777778,26.4838709677419,9.59816290666061,36,0.0645161290322581,35.0284229828673,13,1,4.33650858821666,-80.5038630160193,402.558534228331,-79.6272282557124,398.311556687456,1,31,4,ublox.f9p,harsh,0.9243408355974
1621309115,26,0.67,1.03,3.38378486313773,5.4,0.0127777777777778,26.7096774193548,9.59928312735591,34,0.0645161290322581,35.1772938129129,13,1,4.37890171481804,-80.6927559153438,402.558534228331,-79.6272282557124,398.311249091377,1,31,4,ublox.f9p,harsh,0.925375406894205
1621309116,26,0.68,1.02,3.38378486313773,5.4,0.0313888888888889,26.9032258064516,9.36431111084233,34,0.0645161290322581,36.0334067220961,12,1,4.42411887372039,-80.8644767295749,402.558534228331,-79.6272282557124,398.310941495649,1,31,4,ublox.f9p,harsh,0.931076270419638
1621309117,26,0.67,1.03,3.38378486313773,5.4,0.0102777777777778,26.8709677419355,9.62545907297888,35,0.0645161290322581,36.7501999994558,12,1,4.50715710033572,-80.9675092191622,402.613901502929,-79.6272282557124,398.31063389957,1,31,4,ublox.f9p,harsh,0.935536440329818
1621309118,26,0.67,1.03,3.38378486313773,5.4,0.00777777777777778,26.8709677419355,9.77664542156075,33,0.0645161290322581,37.8981357806974,11,1,4.57323380293634,-81.1220579522323,402.632357260659,-79.6272282557124,398.31032630349,1,31,4,ublox.f9p,harsh,0.942122880465984
1621309119,24,0.76,1.18,3.38378486313773,5.3,0.0219444444444444,26.9032258064516,10.1138678348417,36,0.0645161290322581,44.9318473812385,10,1,4.62554416497363,-81.2250904418196,402.650813019093,-79.6272282557124,398.310018707411,1,31,4,ublox.f9p,harsh,0.970493231141632
1621309120,24,0.66,1.02,3.24499614791759,5.3,0.0275,27.0645161290323,9.93624839957539,34,0.0645161290322581,35.5059578589039,9,1,4.69220596954476,-81.3624670937288,402.669268776822,-79.6272282557124,398.309711111683,1,31,4,ublox.f9p,harsh,0.927613529869843
1621309121,26,0.69,1.08,3.24499614791759,5.3,0.0141666666666667,27.258064516129,10.158634232138,36,0.0645161290322581,36.7112096867791,11,1,4.77894703917451,-81.499843745638,402.706180292986,-79.6272282557124,398.309403515604,1,31,4,ublox.f9p,harsh,0.935300897823609
1621309122,25,0.76,1.12,3.24499614791759,5.3,0.00472222222222222,26.9677419354839,10.339193620935,37,0.0645161290322581,44.4209925973445,10,1,4.84034916746462,-81.5685320729034,402.743091809854,-79.6272282557124,398.309095919876,1,31,4,ublox.f9p,harsh,0.968994648174968
1621309123,26,0.69,1.08,3.24499614791759,5.3,0.00138888888888889,27.3870967741935,9.562696339962,35,0.0645161290322581,36.2478082096008,12,1,4.90222724955894,-81.6372203975472,402.780003326017,-79.6272282557124,398.308788323797,1,31,5,ublox.f9p,harsh,0.932439502749435
1621309124,26,0.66,0.97,3.24499614791759,5.3,0.0163888888888889,27.258064516129,9.58459785953653,35,0.0645161290322581,37.4327454881766,12,1,4.96456349077153,-81.7059087248126,402.816914842181,-79.6272282557124,398.308480728069,1,31,5,ublox.f9p,harsh,0.939532395939431
1621309125,26,0.73,1.09,3.24499614791759,5.3,0.0111111111111111,27.3870967741935,9.17488390246198,33,0.0645161290322581,43.1719353284052,12,1,5.01065960340054,-81.7745970520781,402.83537059991,-79.6272282557124,398.30817313199,1,31,5,ublox.f9p,harsh,0.965013963040837
1621309126,26,0.66,0.96,3.24499614791759,5.3,0.0136111111111111,27.1935483870968,9.48479258194826,32,0.0645161290322581,35.9619910461031,10,1,5.03178281683585,-81.8604574578828,402.816914842181,-79.6272282557124,398.30786553591,1,31,4,ublox.f9p,harsh,0.930616559529397
1621309127,26,0.66,0.96,3.24499614791759,5.3,0.00777777777777778,27.258064516129,9.09933236355094,30,0.0645161290322581,36.4837936623921,10,1,5.06516230762652,-81.8604574578828,402.853826358344,-79.6272282557124,398.307557939831,1,31,4,ublox.f9p,harsh,0.933911033336602
1621309128,26,0.79,1.21,3.24499614791759,5.3,0.0122222222222222,26.9677419354839,9.20320187386883,34,0.0645161290322581,39.6992023429523,11,1,5.08744038580368,-81.94631786762,402.83537059991,-79.6272282557124,398.307250344103,1,31,4,ublox.f9p,harsh,0.951196574278726
1621309129,26,0.74,1.13,3.24499614791759,5.3,0.0152777777777778,26.741935483871,9.21942782727679,33,0.0645161290322581,38.850986688457,11,1,5.10346052529605,-81.9806620286311,402.83537059991,-79.6272282557124,398.306942748024,1,31,4,ublox.f9p,harsh,0.947104875848819
1621309130,25,0.74,1.13,3.24499614791759,5.3,0.0136111111111111,26.741935483871,9.12493923974468,31,0.0645161290322581,38.0312660846309,11,1,5.13599370661245,-82.0150061948854,402.853826358344,-79.6272282557124,398.306635151944,1,31,3,ublox.f9p,harsh,0.942844546466375
1621309131,25,0.97,1.82,3.24499614791759,5.3,0.0208333333333333,26.6129032258065,9.10193173399595,30,0.0645161290322581,46.5364717184275,10,1,5.15232188695093,-82.0493503558965,402.853826358344,-79.6272282557124,398.306327555865,1,31,3,ublox.f9p,harsh,0.974757193209884
1621309132,25,0.8,1.32,3.24499614791759,5.3,0.0108333333333333,26.741935483871,9.22665610043525,31,0.0645161290322581,39.5712121792261,11,1,5.2016041214944,-82.0836945195292,402.890737874508,-79.6272282557124,398.305712364058,1,31,3,ublox.f9p,harsh,0.950598979929737
1621309133,26,0.8,1.32,3.24499614791759,5.3,0.00722222222222222,27.0645161290323,9.03303376085417,32,0.0645161290322581,38.7288677861876,12,1,5.23007508435472,-82.1523828467946,402.890737874508,-79.6278006579808,398.31032630349,1,31,2,ublox.f9p,harsh,0.946489742997336
1621309134,25,0.94,1.72,3.24499614791759,5.3,0.0225,27.1935483870968,9.29666375584528,33,0.0645161290322581,30.5426000312132,10,1,5.22521420554181,-82.2382432512885,402.890737874508,-79.6280868597704,398.364155598042,1,31,2,ublox.f9p,harsh,0.88637736112553
1621309135,25,0.75,1.22,3.32866339541865,5.3,0.025,27.2903225806452,9.16949125592435,31,0.0645161290322581,23.7337818309683,10,1,5.24342660762929,-82.3412757421866,402.890737874508,-79.6260834498647,398.405065861831,1,31,2,ublox.f9p,harsh,0.797925401593224
1621309136,25,0.75,1.22,3.32866339541865,5.4,0.0377777777777778,27.03125,8.98559555173472,30,0.09375,24.8718465337819,11,1,5.2624510202012,-82.3927919869803,402.909193632942,-79.6220766313641,398.435210267062,1,32,2,ublox.f9p,harsh,0.815655328378937
1621309137,26,0.75,1.22,3.32866339541865,5.4,0.373055555555556,25.875,8.96498565207639,32,0.09375,24.2573782589958,12,1,5.30410777003756,-82.6847173732704,403.09375121376,-79.6701584599255,398.729579609188,1,32,2,ublox.f9p,harsh,0.806236350863929
1621309138,25,0.75,1.22,3.32866339541865,5.4,0.673611111111111,26.3125,8.75633411290217,32,0.09375,23.5998499289014,11,1,5.31797849888458,-82.8220940251797,403.702791231867,-79.7783425725503,399.342003182762,1,32,2,ublox.f9p,harsh,0.795757258656526
1621309139,25,0.75,1.22,3.32866339541865,5.4,0.866666666666667,25.1935483870968,8.55343733960685,31,0.0967741935483871,24.5096494602976,14,1,5.27451580602127,-83.114019410159,404.477933073767,-79.9451979642228,400.261407533498,1,31,3,ublox.f9p,harsh,0.810146895694428
1621309140,24,0.94,1.5,3.46698716467194,5.5,1.05055555555556,25.6774193548387,7.9430770560457,32,0.0645161290322581,26.075955486721,13,1,5.25193703000508,-83.4574610412428,405.474544012296,-80.1458251185703,401.398282234294,1,31,3,ublox.f9p,harsh,0.833077292309689
1621309141,24,0.85,1.25,3.46698716467194,5.5,1.19333333333333,26.3870967741935,7.94429530902454,30,0.0645161290322581,31.3397192074211,13,1,5.29284150588219,-83.7493864288438,406.655712531996,-80.3455936662381,402.602520452212,1,31,3,ublox.f9p,harsh,0.894161486796732
1621309142,23,0.86,1.41,3.60555127546399,5.6,1.69361111111111,26.4333333333333,7.2000159642224,31,0.0666666666666667,22.9253333474327,12,1,5.36495060043909,-84.1615163845714,408.242907731255,-80.6146229434398,404.217706883793,1,30,3,ublox.f9p,harsh,0.784575673696401
1621309143,23,1.03,2.09,3.68917334913934,5.6,2.34888888888889,27.5666666666667,8.60506399957499,36,0.0666666666666667,22.4419756868078,9,1,5.39262482597323,-85.1231529505575,410.254585367452,-81.0310459194577,406.742454595438,1,30,3,ublox.f9p,harsh,0.776293816620613
1621309144,23,0.94,1.46,3.74432904536981,5.7,3.35027777777778,26.8,7.57673389738112,32,0.0666666666666667,22.8818407555781,10,1,5.37229781905006,-85.8958966185298,413.355152732234,-81.6051658456099,410.122319100436,1,30,3,ublox.f9p,harsh,0.783839666531593
1621309145,23,0.77,1.15,3.74432904536981,5.7,4.39305555555556,27.2,9.03403526135737,35,0.0666666666666667,26.0174140400873,11,1,5.4997500845703,-86.8747052656768,417.563065585446,-82.3295414858528,414.466496967232,1,30,3,ublox.f9p,harsh,0.832261629661333
1621309146,24,0.87,1.54,3.74432904536981,5.8,5.33472222222222,27.5,8.67318499347468,37,0.0666666666666667,26.5887429187617,9,1,5.57286422313505,-87.8191697491911,422.730677860318,-83.2136174835141,419.59289138294,1,30,3,ublox.f9p,harsh,0.84008683225143
1621309147,24,0.7,1.12,3.66196668472011,5.8,5.3375,29.6333333333333,9.93594426845014,37,0.0333333333333333,26.1689224080779,9,1,5.31057477432433,-88.4201926029324,428.101303475147,-84.1715334314784,424.915224430536,1,30,3,ublox.f9p,harsh,0.834366085777708
1621309148,24,0.71,1.12,3.66196668472011,5.8,5.14861111111111,30.75,9.72444419053422,36,0.0357142857142857,25.9542626556795,8,1,5.1298118720476,-89.0727317027781,433.25045999229,-85.0868053757082,430.021317512037,1,28,3,ublox.f9p,harsh,0.831378171577253
1621309149,22,0.77,1.35,3.72021504754765,5.7,4.97638888888889,29.4137931034483,9.99827571341076,37,0.0344827586206897,25.9540815253803,9,1,5.03543043256572,-89.9485078603378,438.12278013715,-86.0146701829516,434.979456932453,1,29,3,ublox.f9p,harsh,0.831375632323382
1621309150,22,0.73,1.3,3.64005494464026,5.7,4.82611111111111,30.8965517241379,8.81291595811109,31,0.0344827586206897,25.7993174833889,8,1,4.85027521244024,-90.8758002613804,442.773631185028,-86.9571312565602,439.915449443593,1,29,3,ublox.f9p,harsh,0.829194851660886
1621309151,24,0.71,1.28,3.64005494464026,5.7,5.00138888888889,29.34375,8.56327256933786,31,0.0625,24.9418573887351,6,1,4.82257901622518,-91.9061251559426,447.627495572862,-87.9948973845445,444.806225346886,1,32,3,ublox.f9p,harsh,0.816705698057796
1621309152,24,0.76,1.49,3.64005494464026,5.7,4.74888888888889,28.21875,8.0991213183303,30,0.0625,22.2639697229871,6,1,4.86273836629741,-92.9536221264226,452.278346620741,-88.9751370380179,449.482299264131,1,32,3,ublox.f9p,harsh,0.773187338073188
1621309153,25,0.79,1.53,3.64005494464026,5.7,3.36944444444444,28.21875,8.38098606485865,31,0.0625,37.6825777603744,7,1,4.65223971782784,-93.5203008191528,455.877219454788,-89.738149860873,453.168221758053,1,32,3,ublox.f9p,harsh,0.940936236377164
1621309154,25,0.76,1.49,3.56089876295297,5.7,2.01138888888889,28.4838709677419,8.7402172655754,34,0.0645161290322581,26.1136059682815,8,1,4.76338405445633,-93.8122262041321,458.350291043382,-90.1748931338052,455.274638952238,1,31,3,ublox.f9p,harsh,0.833600201715737
1621309155,26,0.76,1.49,3.56089876295297,5.7,1.77388888888889,28.46875,9.09797699952418,34,0.0625,25.8362552111047,9,1,4.79121939604197,-93.8980866125585,460.306601404981,-90.5086039184608,456.92027738513,1,32,2,ublox.f9p,harsh,0.829717367509317
1621309156,26,0.82,1.59,3.56089876295297,5.8,1.65555555555556,26.8787878787879,9.16773409763004,34,0.121212121212121,21.3236113264147,10,1,4.79502828743927,-93.9839470183633,462.096809943492,-90.8360182729206,458.479788946738,1,33,2,ublox.f9p,harsh,0.756274374500207
1621309157,25,0.69,1.17,3.56089876295297,5.8,1.65861111111111,28.6875,8.08198913554682,27,0.0625,18.3754251651492,9,1,4.6667739704024,-93.9839470183633,463.850106965487,-91.1568499953947,460.137116026426,1,32,2,ublox.f9p,harsh,0.697947389280469
1621309158,26,0.69,1.17,3.56089876295297,5.8,1.855,28.5151515151515,8.56271427513354,29,0.0606060606060606,18.7783341469187,10,1,4.66822149138907,-94.155667835216,465.769505810923,-91.5051570490372,461.926709372778,1,33,2,ublox.f9p,harsh,0.70637305029036
1621309159,25,0.82,1.59,3.4828149534536,5.8,2.46833333333333,28.96875,9.28573090214749,33,0.0625,19.7642775397095,10,1,4.46792417983851,-94.1213236702725,468.26103315795,-91.9585000021727,464.351488394491,1,32,2,ublox.f9p,harsh,0.726398829885331
1621309160,25,0.69,1.17,3.4828149534536,5.8,2.34361111111111,28.5,9.16163107044634,33,0.0625,18.9724581081806,9,1,4.26034193367599,-94.2415282410207,470.69719323038,-92.4195703918306,466.846091701257,1,32,2,ublox.f9p,harsh,0.710383187233302
1621309161,26,0.69,1.17,3.4828149534536,5.8,1.87583333333333,28.6774193548387,8.07212114533387,30,0.032258064516129,33.2041503429918,10,1,4.22361935077367,-94.4647653013563,472.727326623954,-92.7790392982277,468.854693377363,1,31,2,ublox.f9p,harsh,0.910553749152139
1621309162,26,0.82,1.59,3.42052627529741,5.8,1.58555555555556,28.34375,8.708947475386,35,0.0625,35.40010734447,12,1,4.18341844099175,-94.6193140331156,474.425256371704,-93.079836926888,470.535397750645,1,32,3,ublox.f9p,harsh,0.926899553912421
1621309163,26,0.7,1.19,3.34215499341368,5.8,1.69416666666667,27.8181818181818,8.99810586128598,38,0.0909090909090909,32.098915869543,10,1,4.16939081011631,-94.7223465240137,476.104730361372,-93.3700451037513,472.160734849681,1,33,3,ublox.f9p,harsh,0.901134268582836
1621309164,26,0.7,1.19,3.40587727318528,5.8,1.59111111111111,27.09375,8.29441854696627,36,0.0625,31.4281148018776,11,1,4.14112922170767,-94.8768952610163,477.728837076795,-93.6525258454029,473.772845321876,1,32,3,ublox.f9p,harsh,0.894995123731877
1621309165,26,0.9,1.74,3.40587727318528,5.9,1.67777777777778,28.9375,8.92599501998372,38,0.0625,32.7003730865567,12,1,4.08172839788323,-95.134476482363,479.334488033432,-93.9553268839689,475.426788846097,1,32,3,ublox.f9p,harsh,0.906364954103502
1621309166,25,0.83,1.37,3.40587727318528,5.9,1.67277777777778,28.3225806451613,8.72309997181504,36,0.0645161290322581,32.7809268732089,10,1,3.95867925217036,-95.3577135400769,480.977050506232,-94.2652829541672,477.172088372842,1,31,3,ublox.f9p,harsh,0.907046359931762
1621309167,25,0.67,1.16,3.40587727318528,5.9,1.44638888888889,28.5161290322581,7.83951940594122,33,0.0645161290322581,21.9731108402975,12,1,3.73373579177858,-95.6496389289887,482.508878431598,-94.5823940599304,478.930922122156,1,31,3,ublox.f9p,harsh,0.768046094952409
1621309168,26,0.79,1.64,3.40587727318528,5.9,1.56861111111111,28.4193548387097,7.64536545256182,35,0.032258064516129,24.7051168788978,12,1,3.63859198245669,-96.0445968035554,484.096073629801,-94.9003637697516,480.642078496748,1,31,3,ublox.f9p,harsh,0.813135147611997
1621309169,27,0.75,1.29,3.40587727318528,5.9,1.53111111111111,29.0322580645161,7.65717036930198,32,0.032258064516129,20.3994313646239,11,1,3.44100453993336,-96.5254150865484,485.49871124789,-95.2091750354131,482.319399314212,1,31,3,ublox.f9p,harsh,0.73883903407729
1621309170,26,0.73,1.28,3.40587727318528,5.9,1.47138888888889,28.1,7.33602353999156,32,0.0333333333333333,20.5459679742766,14,1,3.3006435345976,-96.8688567176322,486.956716139168,-95.5217069204072,483.943506029282,1,30,3,ublox.f9p,harsh,0.741656633010969
1621309171,26,0.85,1.69,3.47131099154196,6,1.23388888888889,28.1290322580645,7.3925274680309,33,0.032258064516129,22.5654869214028,15,1,3.20134220343115,-97.0405775305525,488.230163450333,-95.7715607052314,485.291083968502,1,31,3,ublox.f9p,harsh,0.778431412247023
1621309172,27,0.81,1.36,3.47131099154196,6,0.93,28.1612903225806,8.08330284885062,35,0.032258064516129,22.5282933219541,17,1,3.08370695906201,-97.1779541824617,489.263685905378,-95.9882151348922,486.418730790081,1,31,4,ublox.f9p,harsh,0.777789247835473
1621309173,26,0.82,1.38,3.61247837363769,6,0.626111111111111,26.0344827586207,6.9922546875642,30,0.0344827586206897,22.6382773196195,14,0,2.98850581844395,-97.2638145908881,489.965004714246,-96.13503643144,487.197871379254,1,29,4,ublox.f9p,harsh,0.779684326715166
1621309174,26,0.81,1.6,3.61247837363769,6.1,0.160277777777778,27.2,7.54937768615903,31,0.0333333333333333,23.097185975785,14,0,2.92206447800378,-97.418363325269,490.094195021171,-96.1771080315951,487.448869689659,1,30,4,ublox.f9p,harsh,0.787466063259935
1621309175,25,0.75,1.31,3.61247837363769,6,0.0544444444444444,27.1666666666667,8.53424474299474,36,0.0333333333333333,20.5548960104399,14,0,2.98931963752634,-97.2809866733598,490.223385328096,-96.1736736140521,487.446716517454,1,30,3,ublox.f9p,harsh,0.741827659122928
1621309176,25,0.72,1.23,3.61247837363769,6,0.00333333333333333,27.1,8.3515433221692,34,0.0333333333333333,20.1946156190208,14,0,2.9756289123346,-97.1951262636227,490.241841085825,-96.1736736140521,487.447024113534,1,30,3,ublox.f9p,harsh,0.734867704983734
1621309177,24,0.76,1.44,3.61247837363769,6,0.025,26.7333333333333,7.9824520186397,34,0.0666666666666667,20.7296185042883,14,0,2.95410757410513,-97.0749216941852,490.260296844259,-96.1736736140521,487.447024113534,1,30,2,ublox.f9p,harsh,0.745159769703927
1621309178,24,0.72,1.23,3.54682957019364,6,0.0186111111111111,27,8.69226987360353,34,0.0714285714285714,19.8352590101566,13,0,2.92882029101328,-96.9203729598042,490.278752601989,-96.1736736140521,487.446716517454,1,28,2,ublox.f9p,harsh,0.727807271671501
1621309179,24,0.66,1.09,3.54682957019364,5.9,0.0163888888888889,26.7586206896552,8.78169838931998,35,0.0689655172413793,20.0169927811347,12,0,2.90455707197402,-96.731480065723,490.297208360423,-96.1736736140521,487.446716517454,1,29,2,ublox.f9p,harsh,0.731392545778196
1621309180,24,0.69,1.25,3.54682957019364,5.9,0.00888888888888889,26.7741935483871,9.08005021065176,35,0.0645161290322581,20.2486316410105,13,0,2.85596316400902,-96.5425871677093,490.278752601989,-96.1736736140521,487.446716517454,1,31,2,ublox.f9p,harsh,0.735918801779723
1621309181,25,0.63,0.99,3.54682957019364,5.9,0.0205555555555556,27.9666666666667,8.76310184940176,33,0.0333333333333333,20.198411653725,15,0,2.8700593066294,-96.5082430040766,490.297208360423,-96.1736736140521,487.446716517454,1,30,2,ublox.f9p,harsh,0.734941659251875
1621309182,24,0.63,0.99,3.54682957019364,5.8,0.0247222222222222,27.1333333333333,8.36550113235318,32,0.0666666666666667,20.0477907272467,15,0,2.84645214365941,-96.456726759283,490.278752601989,-96.1736736140521,487.446408921727,1,30,2,ublox.f9p,harsh,0.731997163143141
1621309183,24,0.69,1.25,3.54682957019364,5.8,0.00805555555555556,27.2758620689655,8.21538866015713,34,0.0344827586206897,25.2512870959086,14,0,2.79315827480098,-96.4738988404439,490.223385328096,-96.1736736140521,487.446408921727,1,29,2,ublox.f9p,harsh,0.821292467977026
1621309184,24,0.69,1.25,3.54682957019364,5.8,0.0413888888888889,27,8.52726718909908,36,0.0344827586206897,18.9993363728499,15,0,2.77481014695476,-96.4738988404439,490.204929569662,-96.1736736140521,487.446408921727,1,29,2,ublox.f9p,harsh,0.71093586487576
1621309185,25,0.66,1.08,3.54682957019364,5.8,0.0358333333333333,26.7666666666667,8.93147604642234,35,0.0666666666666667,18.2497945193912,14,0,2.74841504463212,-96.3880384346392,490.186473811932,-96.1739598158417,487.446408921727,1,30,2,ublox.f9p,harsh,0.695292316034131
1621309186,25,0.72,1.28,3.54682957019364,5.8,0.00888888888888889,27.3448275862069,8.59931833705841,35,0.0344827586206897,22.1102728763502,15,0,2.64876273485272,-96.2334897002582,490.094195021171,-96.1739598158417,487.446101326,1,29,2,ublox.f9p,harsh,0.770480665283364
1621309187,25,0.64,1.07,3.54682957019364,5.7,0.00944444444444444,27.0689655172414,8.63932468625197,33,0.0344827586206897,17.2945318911306,14,0,2.57751900759776,-96.0445968035554,490.020371988844,-96.1739598158417,487.446101326,1,29,2,ublox.f9p,harsh,0.674685267229278
1621309188,24,0.67,1.23,3.54682957019364,5.7,0.0227777777777778,27.2857142857143,8.13705353378237,33,0.0357142857142857,17.349075905725,15,0,2.51287133135332,-95.9243922328071,489.946548955812,-96.1739598158417,487.446101326,1,28,2,ublox.f9p,harsh,0.675881284312229
1621309189,24,0.67,1.23,3.54682957019364,5.7,0.0205555555555556,26.1724137931034,7.36821826455275,31,0.0344827586206897,19.7660776606528,16,0,2.48626670363178,-95.8385318230699,489.909637439649,-96.1739598158417,487.446101326,1,29,2,ublox.f9p,harsh,0.726434604673487
1621309190,24,0.68,1.25,3.54682957019364,5.7,0.0377777777777778,27.7407407407407,7.36724869108905,31,0.037037037037037,20.0729502897141,16,0,2.40292447013525,-95.7870155808979,489.817358649592,-96.1739598158417,487.44579372992,1,27,2,ublox.f9p,harsh,0.732490448499275
1621309191,24,0.72,1.41,3.54682957019364,5.7,0.0075,28.0689655172414,7.41104886775125,30,0.0689655172413793,20.1241562970145,13,0,2.35680507679619,-95.6496389289887,489.743535616561,-96.1739598158417,487.44579372992,1,29,2,ublox.f9p,harsh,0.733492625678511
1621309192,25,0.65,1.14,3.4828149534536,5.7,0.0163888888888889,28.5862068965517,7.28264689606793,28,0.0689655172413793,24.7450247524629,13,0,2.28994870204021,-95.4950901959185,489.63280106807,-96.1739598158417,487.44579372992,1,29,2,ublox.f9p,harsh,0.813740775671096
1621309193,23,0.65,1.14,3.4828149534536,5.7,0.0205555555555556,27.4827586206897,7.54330682343707,28,0.0689655172413793,17.5466877216186,13,0,2.20164663172249,-95.3920577050204,489.503610760793,-96.1739598158417,487.445486133841,1,29,3,ublox.f9p,harsh,0.680195149104523
1621309194,23,0.65,1.14,3.4828149534536,5.6,0.0166666666666667,27.0344827586207,7.57572607845371,29,0.0689655172413793,17.183385871242,12,0,2.13902720032814,-95.2890252167439,489.392876212655,-96.1739598158417,487.445486133841,1,29,3,ublox.f9p,harsh,0.672241057763037
1621309195,24,0.7,1.2,3.4828149534536,5.6,0.0338888888888889,27.3448275862069,7.86164224060163,31,0.0689655172413793,19.2788096105543,13,0,2.0451871790017,-95.2375089693287,489.263685905378,-96.1739598158417,487.445486133841,1,29,3,ublox.f9p,harsh,0.716645180747613
1621309196,23,0.72,1.23,3.4828149534536,5.6,0.0127777777777778,28,8.32114050538415,31,0.1,16.5783996010874,13,0,1.9704144558029,-95.1001323174195,489.09758408229,-96.1739598158417,487.445486133841,1,30,3,ublox.f9p,harsh,0.65877499866281
1621309197,23,0.7,1.18,3.4828149534536,5.6,0.0272222222222222,26.5588235294118,8.99222282315378,39,0.147058823529412,16.0878447904,13,0,1.95422488775709,-94.9970998304537,489.005305291528,-96.1739598158417,487.445178538113,1,34,3,ublox.f9p,harsh,0.647663475480799
1621309198,26,0.7,1.18,3.4828149534536,5.6,0.0294444444444444,26.1764705882353,9.04021516315173,37,0.147058823529412,23.1833812604345,15,0,1.93624389821856,-94.9112394220274,488.913026500415,-96.1739598158417,487.445178538113,1,34,4,ublox.f9p,harsh,0.788905081125352
1621309199,24,0.72,1.23,3.4828149534536,5.6,0.0172222222222222,25.875,8.80524037516956,33,0.125,14.9735900838777,14,0,1.91437711310171,-94.842551094762,488.820747710711,-96.1739598158417,487.445178538113,1,32,4,ublox.f9p,harsh,0.6218384879405
1621309200,24,0.72,1.23,3.4828149534536,5.6,0.0394444444444444,26.1935483870968,8.7002657232934,35,0.0967741935483871,14.8559348409987,14,0,1.91191383387512,-94.7910348512792,488.765380435761,-96.1739598158417,487.445178538113,1,31,4,ublox.f9p,harsh,0.619067821800954
1621309201,24,0.66,1.02,3.4828149534536,5.6,0.0316666666666667,25.8125,8.90247337867766,34,0.125,14.478052355203,13,0,1.92457676064402,-94.7566906889572,488.746924677327,-96.1739598158417,487.444870942034,1,32,4,ublox.f9p,harsh,0.610117282494861
1621309202,24,0.66,1.07,3.56089876295297,5.6,0.0122222222222222,25.34375,9.19189465884781,34,0.125,14.9290321186606,11,0,2.01772055243988,-94.6021419532655,488.710013161163,-96.1739598158417,487.444870942034,1,32,4,ublox.f9p,harsh,0.62079011599001
1621309203,24,0.72,1.28,3.56089876295297,5.6,0.0269444444444444,24.71875,8.86542532138376,35,0.125,14.7406891516871,11,0,2.01968219637059,-94.5849698721045,488.691557403434,-96.1739598158417,487.444870942034,1,32,4,ublox.f9p,harsh,0.616346360784369
1621309204,25,0.67,1.17,3.56089876295297,5.6,0.02,25.1818181818182,9.44872526274889,33,0.151515151515152,28.2794412957541,11,0,2.10823181347828,-94.4475932201953,488.65464588727,-96.1739598158417,487.444563345954,1,33,4,ublox.f9p,harsh,0.861516631964891
1621309205,25,0.63,1.02,3.56089876295297,5.6,0.0291666666666667,24.3333333333333,9.42624881204961,34,0.151515151515152,14.548759397282,11,0,2.16890320299744,-94.361732811769,488.636190128836,-96.1739598158417,487.444563345954,1,33,4,ublox.f9p,harsh,0.611797904943477
1621309206,24,0.6,0.98,3.56089876295297,5.6,0.0227777777777778,24.4411764705882,9.17899834923109,32,0.147058823529412,14.5253370586251,12,0,2.21679334318869,-94.2930444871252,488.617734370402,-96.1739598158417,487.444563345954,1,34,4,ublox.f9p,harsh,0.611241476072736
1621309207,24,0.64,1.03,3.56089876295297,5.6,0.0216666666666667,24.8125,9.35823770285975,36,0.15625,14.2127126193419,12,0,2.295520919736,-94.1900119975379,488.599278612673,-96.1739598158417,487.444563345954,1,32,4,ublox.f9p,harsh,0.603787411625325
1621309208,25,0.66,1.05,3.56089876295297,5.6,0.0161111111111111,24.7272727272727,9.07356299667035,35,0.151515151515152,14.222067360268,13,0,2.36762745992664,-94.0869795079506,488.562367096509,-96.1739598158417,487.444255749875,1,33,4,ublox.f9p,harsh,0.604011181641318
1621309209,24,0.69,1.17,3.56089876295297,5.6,0.0277777777777778,25.1212121212121,8.93643376772012,34,0.151515151515152,14.3264929414006,13,0,2.40661635718027,-94.0526353456287,488.580822854239,-96.1739598158417,487.444255749875,1,33,4,ublox.f9p,harsh,0.606506117643799
1621309210,24,0.77,1.48,3.56089876295297,5.6,0.0538888888888889,24.4545454545455,9.58218043131008,34,0.151515151515152,28.4882358761179,11,0,2.48956559826921,-93.9496028560414,488.562367096509,-96.1739598158417,487.444255749875,1,33,3,ublox.f9p,harsh,0.863988919526401
1621309211,22,0.69,1.17,3.64005494464026,5.6,0.0191666666666667,24.4375,9.66182210825747,36,0.15625,13.3573350635522,10,0,2.51321253064596,-93.9324307748804,488.580822854239,-96.1739598158417,487.444255749875,1,32,3,ublox.f9p,harsh,0.583153769792206
1621309212,22,0.69,1.17,3.64005494464026,5.6,0.00305555555555556,24.5625,9.74162171039233,37,0.15625,13.4239040521005,11,0,2.52867847754212,-93.9152586937195,488.580822854239,-96.1739598158417,487.443948154147,1,32,3,ublox.f9p,harsh,0.584771063830269
1621309213,23,0.8,1.48,3.64005494464026,5.6,0.0508333333333333,24.75,9.59166304662544,36,0.15625,38.6421887320064,12,0,2.49988783147666,-93.9667749372023,488.617734370402,-96.1739598158417,487.443948154147,1,32,3,ublox.f9p,harsh,0.946049037548469
1621309214,23,0.73,1.28,3.64005494464026,5.6,0.015,24.90625,9.34416973649966,35,0.15625,14.3509436391247,11,0,2.4723867525702,-94.0182911833068,488.65464588727,-96.1739598158417,487.443948154147,1,32,2,ublox.f9p,harsh,0.607089497096783
1621309215,23,0.68,1.09,3.64005494464026,5.6,0.0247222222222222,24.375,9.63444760456775,35,0.15625,14.5977738028783,11,0,2.45170059591298,-94.0526353456287,488.673101645,-96.1739598158417,487.443948154147,1,32,2,ublox.f9p,harsh,0.612961363227162
1621309216,24,0.72,1.22,3.64005494464026,5.6,0.0147222222222222,24.46875,9.62183127563429,36,0.15625,22.1838680125897,10,0,2.40220973252673,-94.1213236702725,488.691557403434,-96.1739598158417,487.443640558068,1,32,2,ublox.f9p,harsh,0.771779531821787
1621309217,24,0.65,1.03,3.64005494464026,5.6,0.0122222222222222,24.5,9.58493441510872,38,0.15625,14.704176277507,11,0,2.38268799655555,-94.155667835216,488.710013161163,-96.1739598158417,487.443640558068,1,32,2,ublox.f9p,harsh,0.61548259851448
1621309218,24,0.63,1.02,3.72021504754765,5.6,0.0419444444444444,24.75,9.17921916701682,35,0.15625,15.5283482701799,12,0,2.3593974433587,-94.2071840786988,488.746924677327,-96.1739598158417,487.443640558068,1,32,2,ublox.f9p,harsh,0.63479304210934
1621309219,25,0.63,1.02,3.72021504754765,5.6,0.000833333333333333,24.5625,9.10844167118719,35,0.15625,29.9330118765219,11,0,2.27439887731005,-94.3102165682861,488.746924677327,-96.1739598158417,487.443332961988,1,32,2,ublox.f9p,harsh,0.880091949584696
1621309220,25,0.65,1.03,3.72021504754765,5.6,0.0125,24.28125,9.15188813587737,35,0.15625,18.6739711898675,10,0,2.2323794647395,-94.361732811769,488.746924677327,-96.1739598158417,487.443332961988,1,32,2,ublox.f9p,harsh,0.704203804116515
1621309221,25,0.65,1.03,3.72021504754765,5.6,0.00888888888888889,24.03125,9.61344614455158,37,0.15625,18.8267150613165,11,0,2.19372783511305,-94.3960769780233,488.728468919597,-96.1739598158417,487.443332961988,1,32,2,ublox.f9p,harsh,0.707375516760138
1621309222,25,0.67,1.17,3.72021504754765,5.6,0.0483333333333333,24.6129032258065,8.93561197066673,36,0.129032258064516,31.1041195020853,11,0,2.10303132768126,-94.4819373825172,488.691557403434,-96.1742460176313,487.443025365909,1,31,2,ublox.f9p,harsh,0.891911054009091
1621309223,25,0.63,1.02,3.72021504754765,5.6,0.0247222222222222,24.84375,9.14439498695345,34,0.125,18.2916593014412,11,0,2.04539058387331,-94.5162815474607,488.65464588727,-96.1733874135733,487.455636800944,1,32,2,ublox.f9p,harsh,0.696178541261149
1621309224,26,0.63,1.02,3.72021504754765,5.6,0.0227777777777778,24.90625,9.16289634094148,33,0.125,17.8957648621119,12,0,1.9458295392597,-94.5162815474607,488.617734370402,-96.1616531585502,487.57898278447,1,32,2,ublox.f9p,harsh,0.687740386726773
1621309225,24,0.69,1.17,3.72021504754765,5.6,0.0105555555555556,24.9,9.46263067599834,36,0.133333333333333,24.7712535007819,12,0,1.88046818042738,-94.4991094662998,488.580822854239,-96.1473430900422,487.675567918232,1,30,2,ublox.f9p,harsh,0.814137989125464
1621309226,25,0.63,1.02,3.72021504754765,5.6,0.191111111111111,26.4516129032258,9.29099459935056,35,0.129032258064516,16.1095127176461,13,0,1.91713496536549,-94.3789048955515,488.580822854239,-96.1567877346808,487.863509055573,1,31,2,ublox.f9p,harsh,0.648157769479878
1621309227,25,0.63,1.02,3.72021504754765,5.6,0.500277777777778,27.0333333333333,8.18528255924697,31,0.1,14.576858372091,11,0,1.50676483031995,-94.7566906889572,488.710013161163,-96.2472273638762,488.489466851716,1,30,2,ublox.f9p,harsh,0.612465049030978
1621309228,24,0.71,1.33,3.72021504754765,5.6,1.37138888888889,25.9,8.00150847847045,33,0.1,16.876771511953,12,0,1.19709251714333,-95.4607460296642,489.651256826504,-96.5666280813347,490.109574819162,1,30,2,ublox.f9p,harsh,0.665449998417473
1621309229,24,0.76,1.35,3.72021504754765,5.6,1.93833333333333,26,7.97764734385126,31,0.103448275862069,13.8438012602512,10,0,1.17115460186796,-96.1648013729928,491.312275057738,-96.962730761749,492.169545022239,1,29,2,ublox.f9p,harsh,0.594929100182393
1621309230,23,0.76,1.35,3.78021163428716,5.6,2,26.0689655172414,7.99522640831372,34,0.103448275862069,13.9009852637987,9,0,1.14614525826713,-96.7658242267341,493.287041176715,-97.335651132596,494.281498943744,1,29,3,ublox.f9p,harsh,0.596306417291905
1621309231,24,0.77,1.36,3.78021163428716,5.6,2.13694444444444,26.6551724137931,8.29490317720538,29,0.103448275862069,23.0147507047111,11,0,1.1214277930664,-97.1264379389789,495.538643668327,-97.7151541341178,496.493113959453,1,29,3,ublox.f9p,harsh,0.786083130316852
1621309232,24,0.77,1.36,3.78021163428716,5.6,2.57277777777778,25.6551724137931,7.18766732510309,30,0.103448275862069,16.9504547628277,12,0,1.02283349191639,-97.7961491173639,498.233184354606,-98.1928242026683,499.175965998935,1,29,2,ublox.f9p,harsh,0.667088376612292
1621309233,24,0.77,1.36,3.78021163428716,5.6,2.44555555555556,26,8.04895734152656,31,0.103448275862069,17.2015260950882,11,0,0.955413653938007,-98.2254511581849,500.890813524722,-98.6232710454045,501.759464540644,1,29,2,ublox.f9p,harsh,0.672640621836778
1621309234,24,0.77,1.36,3.78021163428716,5.7,2.24,26.5333333333333,8.07180419661588,31,0.1,31.8811726049508,10,0,0.838331251216238,-98.7406136034998,503.308517839422,-99.0188013222396,504.09934707504,1,30,2,ublox.f9p,harsh,0.899177350317869
1621309235,25,0.77,1.36,3.86005181312376,5.7,2.38361111111111,27.4516129032258,8.15204967958946,31,0.0967741935483871,18.7694676713717,12,0,0.761632041740523,-99.5820456000484,505.707766395688,-99.4561170000618,506.458915751483,1,31,2,ublox.f9p,harsh,0.706189116931422
1621309236,24,0.77,1.36,3.78021163428716,5.7,2.25166666666667,26.84375,8.07668638138351,31,0.09375,18.9811858603899,11,0,1.31367125683072,-100.784091303599,507.793267064212,-99.990741138233,508.840323741827,1,32,2,ublox.f9p,harsh,0.710562718083531
1621309237,25,0.72,1.34,3.78021163428716,5.7,2.115,26.6666666666667,8.65544144839919,33,0.121212121212121,21.4890088184635,12,0,1.59537997052027,-101.625523298836,509.897223490465,-100.597774220381,511.117456698533,1,33,2,ublox.f9p,harsh,0.759310101270491
1621309238,26,0.71,1.33,3.78021163428716,5.7,2.88166666666667,26.96875,9.3824970023976,34,0.125,20.8303528534684,11,0,1.55459223421096,-102.278062397371,512.702498725235,-101.366511069852,513.961796621671,1,32,2,ublox.f9p,harsh,0.747067953037435
1621309239,25,0.71,1.33,3.78021163428716,5.7,2.98138888888889,28.1935483870968,9.85704267630919,37,0.129032258064516,22.9218411127902,14,0,1.21983547170716,-102.947773578378,515.969167914163,-102.138396133767,516.881805153261,1,31,2,ublox.f9p,harsh,0.784516643237945
1621309240,25,0.71,1.33,3.72021504754765,5.7,2.95694444444444,26.8125,9.60993269755896,39,0.15625,25.5991171722776,12,0,1.15757220740417,-103.840721817099,519.198925586222,-102.835296442841,519.77259206786,1,32,2,ublox.f9p,harsh,0.826340684613003
1621309241,25,0.68,1.22,3.64005494464026,5.8,3.43055555555556,26.53125,10.3081063465417,38,0.15625,24.4239472649283,11,0,1.01854935458288,-104.44174467084,522.668608113345,-103.514738468965,523.090629782703,1,32,3,ublox.f9p,harsh,0.808825214653964
1621309242,25,0.68,1.22,3.64005494464026,5.8,3.49583333333333,27.1935483870968,10.306694765503,38,0.129032258064516,25.4195279263798,13,0,0.759567517574876,-104.819530464246,526.285936706178,-104.137512625947,526.620293524559,1,31,3,ublox.f9p,harsh,0.823748424511244
1621309243,25,0.68,1.06,3.64005494464026,5.7,3.57638888888889,27.6774193548387,9.823058236531,35,0.129032258064516,30.9096554493899,14,0,0.521820713574515,-105.214488338812,529.958632573609,-104.751414540559,530.199172621184,1,31,3,ublox.f9p,harsh,0.890021971536347
1621309244,25,0.69,1.22,3.64005494464026,5.8,3.34611111111111,27.9677419354839,10.1537640671419,34,0.129032258064516,35.3559160537526,12,0,0.476255051560129,-105.781167030232,533.428315101084,-105.401091625131,533.715302140119,1,31,3,ublox.f9p,harsh,0.926599562543682
1621309245,23,0.71,1.33,3.56089876295297,5.8,3.25833333333333,28.7333333333333,10.8720880630436,40,0.1,40.0244870700099,10,0,0.425803455008962,-106.313501556708,536.805718838502,-106.029017406461,537.122542686336,1,30,3,ublox.f9p,harsh,0.952684628709622
1621309246,23,0.77,1.54,3.56089876295297,5.8,3.06944444444444,27.6333333333333,10.6947725978414,39,0.1,43.3323506020116,10,0,0.373317575247586,-106.691287351424,539.906286203285,-106.606571748845,540.269864638658,1,30,3,ublox.f9p,harsh,0.965551535745253
1621309247,23,0.75,1.51,3.56089876295297,5.8,2.60722222222222,26.4666666666667,10.3481910241,38,0.1,45.958568297979,9,0,0.2997973173789,-107.000384820186,542.766928713004,-107.13117884011,543.036690377923,1,30,3,ublox.f9p,harsh,0.97329553078294
1621309248,23,0.75,1.51,3.4828149534536,5.8,1.92777777777778,26.2666666666667,10.5697464600569,38,0.1,14.0906480914245,9,0,0.252180936913424,-107.275138124004,545.018531204616,-107.518409278154,545.084971933852,1,30,3,ublox.f9p,harsh,0.600863616439578
1621309249,24,0.75,1.51,3.4828149534536,5.9,1.18388888888889,26.6551724137931,9.13891155627942,38,0.103448275862069,32.4252987650075,10,0,0.337657034830695,-107.446858938235,546.531903371196,-107.762252835883,546.411325750978,1,29,3,ublox.f9p,harsh,0.904004226955133
1621309250,24,0.78,1.53,3.4828149534536,5.9,0.538611111111111,27.5333333333333,9.09616566939375,38,0.1,43.6822570769109,10,0,0.46405299323195,-107.48120310449,547.343956728556,-107.870723150297,547.091728033832,1,30,3,ublox.f9p,harsh,0.966696616394074
1621309251,24,0.73,1.34,3.4828149534536,5.9,0.0305555555555556,29.2758620689655,8.48905409388272,30,0.0689655172413793,49.1450362023809,11,0,0.783985864350548,-107.223621876589,547.694616133166,-107.854982076773,547.229838623894,1,29,2,ublox.f9p,harsh,0.980439785870634
1621309252,24,0.71,1.33,3.4828149534536,5.9,0.0138888888888889,28.7741935483871,8.92079845985158,29,0.0967741935483871,48.8994078014584,11,0,1.11448919661359,-106.91452441176,547.916085230147,-107.819206906814,547.265212160717,1,31,2,ublox.f9p,harsh,0.979963128194158
1621309253,24,0.73,1.34,3.4828149534536,5.9,0.0127777777777778,28.8666666666667,9.17167052558502,29,0.0666666666666667,49.5433564331956,10,0,1.44551420705542,-106.588254860526,548.119098569399,-107.782859334586,547.305199636267,1,30,2,ublox.f9p,harsh,0.981189227886656
1621309254,23,0.73,1.34,3.4828149534536,5.9,0.232777777777778,28.7241379310345,8.63504715730418,30,0.0689655172413793,49.6711015917035,9,0,1.64825829108496,-106.468050289778,548.506669490173,-107.779711118833,547.508520571598,1,29,2,ublox.f9p,harsh,0.981423562560295
1621309255,24,0.78,1.53,3.42052627529741,5.9,0.114166666666667,28.4666666666667,8.64125363404038,33,0.0666666666666667,49.9684567168796,10,0,1.84436025103154,-106.330673637868,548.857328895136,-107.775704299022,547.711226315123,1,30,2,ublox.f9p,harsh,0.981957991271794
1621309256,23,0.66,1.07,3.34215499341368,5.9,0.0472222222222222,29.5666666666667,8.62107815216561,35,0.0666666666666667,50.8606878169908,12,0,2.10416410812753,-106.05592033405,549.041886475953,-107.746225559258,547.788740498996,1,30,2,ublox.f9p,harsh,0.983472577465559
1621309257,22,0.7,1.2,3.34215499341368,5.9,0.236388888888889,29.4137931034483,8.42410334940042,29,0.0344827586206897,50.185789604836,11,0,2.26444872942803,-105.952887845774,549.37409012213,-107.743363545295,547.987755091326,1,29,2,ublox.f9p,harsh,0.982339022841218
1621309258,23,0.73,1.27,3.34215499341368,5.9,0.678611111111111,29.2413793103448,7.80409769843379,29,0.0344827586206897,48.8889685921067,10,0,2.39883786896277,-105.935715764613,550.056953173269,-107.816917295119,548.568496279976,1,29,2,ublox.f9p,harsh,0.979942620120072
1621309259,23,0.71,1.26,3.42052627529741,5.9,1.02222222222222,29.6333333333333,8.14304583078708,29,0.0333333333333333,48.7839625286835,11,0,2.49355149792843,-106.05592033405,551.145842901855,-107.976045250269,549.554956551754,1,30,2,ublox.f9p,harsh,0.979735186352181
1621309260,24,0.71,1.33,3.42052627529741,5.9,1.74555555555556,30.448275862069,7.42383327483928,29,0.0344827586206897,50.3044548903791,8,0,2.61846074061962,-106.313501556708,552.899139924202,-108.250512353608,551.137230215149,1,29,2,ublox.f9p,harsh,0.982543722004139
1621309261,23,0.71,1.33,3.42052627529741,6,2.78055555555556,30.2142857142857,7.61750976543221,26,0.0357142857142857,15.1688077076851,8,0,2.6617455328569,-106.811491920861,555.630592126645,-108.724748005927,553.780094778729,1,28,2,ublox.f9p,harsh,0.626418097397337
1621309262,23,0.72,1.33,3.42052627529741,6,3.80888888888889,31.4642857142857,8.55692114436609,28,0.0357142857142857,33.7851523859096,7,0,2.74477534861511,-107.532719346662,559.395566785189,-109.375569895035,557.361434643285,1,28,2,ublox.f9p,harsh,0.915174242753363
1621309263,23,0.71,1.33,3.34215499341368,6,3.83666666666667,31.4615384615385,8.6774686135106,28,0,12.0277331046363,6,0,2.84747750905365,-108.219602606208,563.40046629774,-110.061022149565,561.22853116291,1,26,2,ublox.f9p,harsh,0.550520342317185
1621309264,22,0.71,1.33,3.34215499341368,6,3.555,31.5714285714286,8.22565350968394,32,0,39.7434785959796,6,0,2.9471557383471,-108.83779754111,567.165440956284,-110.659755392922,564.84893571513,1,28,2,ublox.f9p,harsh,0.951401701832432
1621309265,23,0.71,1.33,3.34215499341368,6,3.11194444444444,32.25,8.93443193908119,31,0,52.618894850026,6,1,3.13789473750653,-109.249927499459,570.579756208809,-111.109091524935,568.05193253813,1,28,2,ublox.f9p,harsh,0.986100281751232
1621309266,22,0.71,1.33,3.34215499341368,6,2.68388888888889,34.2857142857143,9.27704112653879,34,0,215.142299631916,6,1,3.34757358946155,-109.352959990357,573.569589025101,-111.318304719863,570.859668540832,1,28,2,ublox.f9p,harsh,0.999999998767511
1621309267,22,0.71,1.33,3.2649655434629,6,2.365,32.5357142857143,10.1670569792368,38,0,37.3868049158815,4,1,3.34489003674745,-109.576197046761,576.15339516289,-111.388424050833,573.341968008642,1,28,2,ublox.f9p,harsh,0.939270874085717
1621309268,21,0.75,1.36,3.2649655434629,6,2.07777777777778,32.1851851851852,9.01723579100277,35,0,39.0141122208484,4,1,3.35068782031729,-109.765089946085,578.460364929452,-111.408458147269,575.540356397861,1,27,2,ublox.f9p,harsh,0.947916154591908
1621309269,22,0.67,1.17,3.2649655434629,6,1.82,33.3928571428571,8.84993946710533,32,0,39.3551198009288,3,1,3.40097308104981,-109.782262025935,580.472042564592,-111.437364484764,577.500973102461,1,28,2,ublox.f9p,harsh,0.949574260110497
1621309270,23,0.67,1.17,3.2649655434629,6,1.65027777777778,32.75,9.11094173284295,33,0,34.8119095658231,2,1,3.41592416108439,-109.98832700511,582.299162619266,-111.523224891879,579.247503013171,1,28,2,ublox.f9p,harsh,0.922812671767585
1621309271,21,0.71,1.21,3.18904374382039,6,0.8825,34.2962962962963,9.35954804470491,36,0,38.5996172849609,3,1,3.47651546986545,-110.074187410915,583.535698413563,-111.619674749481,580.421596825858,1,27,2,ublox.f9p,harsh,0.945831338734015
1621309272,21,0.71,1.21,3.18904374382039,5.9,0.06,34.1481481481481,8.88258323351292,34,0,48.3056932462417,4,1,3.67641480473636,-110.005499086271,583.941725093123,-111.629977999488,580.643681115703,1,27,2,ublox.f9p,harsh,0.978763514210608
1621309273,23,0.67,1.17,3.11448230047949,5.8,0.00861111111111111,34.2142857142857,8.6038627968172,32,0,55.4912359992754,4,1,3.86076969910538,-109.902466597994,584.107826916211,-111.619388549002,580.649833034829,1,28,2,ublox.f9p,harsh,0.989534221446167
1621309274,22,0.67,1.17,3.04795013082563,5.7,0.015,34.1111111111111,8.9971505460739,31,0,8.05560222905322,3,1,3.96528748532107,-109.868122434362,584.218561464702,-111.610516306632,580.656600146114,1,27,2,ublox.f9p,harsh,0.45154262790442
1621309275,21,0.67,1.17,2.9732137494637,5.6,0.0277777777777778,34.3333333333333,8.81432400654229,32,0,33.4875512236491,6,1,4.04678674459714,-109.850950353201,584.310840255463,-111.60250266832,580.66275206524,1,27,2,ublox.f9p,harsh,0.912835227179309
1621309276,21,0.67,1.17,2.9732137494637,5.5,0.0277777777777778,34.2962962962963,8.89171963473197,33,0,41.5094541352774,6,1,4.09029327612379,-109.885294516833,584.38466328779,-111.594489031319,580.66859638899,1,27,2,ublox.f9p,harsh,0.958945957567729
1621309277,22,0.67,1.17,2.9,5.5,0.0330555555555556,34.4444444444444,8.66617355599137,32,0,48.1356507130133,7,1,4.17337326345659,-109.868122434362,584.476942078551,-111.587333995754,580.674133116309,1,27,2,ublox.f9p,harsh,0.978407180009857
1621309278,21,0.67,1.17,2.9,5.4,0.0297222222222222,35.0384615384615,8.49696778494903,30,0,7.59060423993194,5,1,4.2433027933225,-109.868122434362,584.569220869312,-111.579034156963,580.686129359538,1,26,2,ublox.f9p,harsh,0.440054820003162
1621309279,21,0.67,1.17,2.9,5.3,0.0166666666666667,34.4814814814815,8.60845009890939,30,0,7.51843189646739,5,1,4.29241723930737,-109.868122434362,584.661499659369,-111.567872304208,580.71996491561,1,27,2,ublox.f9p,harsh,0.438277222776889
1621309280,21,0.67,1.16,2.75862284482674,5.3,0.0288888888888889,34.5925925925926,8.37697971668723,29,0,7.39477702657269,5,1,4.36030362425326,-109.868122434362,584.735322692401,-111.567872304208,580.71996491561,1,27,2,ublox.f9p,harsh,0.435235320278568
1621309281,23,0.67,1.16,2.75862284482674,5.2,0.0252777777777778,35,8.18290901819151,30,0,49.4569601683212,7,1,4.42837998704946,-109.868122434362,584.809145724728,-111.567872304208,580.71996491561,1,26,2,ublox.f9p,harsh,0.981029102237996
1621309282,21,0.67,1.16,2.75862284482674,5.1,0.0244444444444444,35,8.31865373723417,28,0,8.2299618909976,5,1,4.45597417938119,-109.885294516833,584.846057240891,-111.567872304208,580.71996491561,1,26,2,ublox.f9p,harsh,0.455864219599123
1621309283,21,0.67,1.16,2.75862284482674,5.1,0.0297222222222222,34.8518518518519,8.29598468075742,28,0,8.50775047717187,5,1,4.4774183488882,-109.919638677844,584.882968757055,-111.567872304208,580.71996491561,1,27,2,ublox.f9p,harsh,0.462762836328905
1621309284,23,0.67,1.16,2.68700576850888,5,0.0122222222222222,34.7037037037037,8.19856842482419,28,0,34.4825186276915,6,1,4.52272225953572,-109.936810759005,584.938336031652,-111.567872304208,580.71996491561,1,27,2,ublox.f9p,harsh,0.920433518898219
1621309285,23,0.67,1.16,2.68700576850888,5,0.0219444444444444,34.7777777777778,8.08290376865476,27,0,35.1360149341747,5,1,4.5562927010358,-109.98832700511,584.993703305546,-111.567872304208,580.71996491561,1,27,2,ublox.f9p,harsh,0.92508985144473
1621309286,23,0.67,1.16,2.68700576850888,4.9,0.0308333333333333,34.4814814814815,8.40041377355613,27,0,37.4536602572655,4,1,4.60240870923258,-110.005499086271,585.049070580143,-111.567872304208,580.71996491561,1,27,2,ublox.f9p,harsh,0.939651106234601
1621309287,23,0.72,1.22,2.68700576850888,4.9,0.0133333333333333,35.0384615384615,8.08198376257102,27,0,47.7613384919796,4,1,4.63138775867251,-110.022671168742,585.085982096307,-111.567872304208,580.71996491561,1,26,2,ublox.f9p,harsh,0.977602063151483
1621309288,22,0.72,1.22,2.61725046566048,4.9,0.0261111111111111,35.3076923076923,8.07846139196929,28,0,48.7973894526265,4,1,4.63138775867251,-110.022671168742,585.085982096307,-111.567872304208,580.71996491561,1,26,2,ublox.f9p,harsh,0.979761827205335
1621309289,22,0.67,1.16,2.61725046566048,4.8,0.0283333333333333,34.5925925925926,8.25208253090492,26,0.037037037037037,49.2280319577655,5,1,4.66620055919996,-110.022671168742,585.12289361247,-111.567872304208,580.71996491561,1,27,2,ublox.f9p,harsh,0.980598318859545
1621309290,23,0.72,1.22,2.61725046566048,4.8,0.0286111111111111,33.6153846153846,7.60566590418971,27,0,49.9053649875988,4,1,4.66620055919996,-110.022671168742,585.12289361247,-111.567872304208,580.71996491561,1,26,2,ublox.f9p,harsh,0.981845874294875
1621309291,22,0.67,1.16,2.61725046566048,4.8,0.0163888888888889,34.1153846153846,8.23809163861108,29,0,48.1761622454057,4,1,4.70104538014965,-110.022671168742,585.159805128634,-111.567872304208,580.71996491561,1,26,2,ublox.f9p,harsh,0.978492601310894
1621309292,22,0.67,1.16,2.61725046566048,4.8,0.0166666666666667,34.1923076923077,8.69031290929955,30,0,46.9709993784324,5,1,4.74155207889869,-110.005499086271,585.196716644797,-111.567872304208,580.71996491561,1,26,2,ublox.f9p,harsh,0.975804602569755
1621309293,23,0.67,1.16,2.61725046566048,4.8,0.0141666666666667,33.7777777777778,9.25839882041969,30,0.037037037037037,48.6718511144696,5,1,4.77641769225815,-110.005499086271,585.233628161665,-111.567872304208,580.71996491561,1,27,2,ublox.f9p,harsh,0.97951139737987
1621309294,22,0.67,1.16,2.54558441227157,4.7,0.0191666666666667,34.2962962962963,9.35954804470491,32,0,49.0154146117853,4,1,4.80605626110527,-110.022671168742,585.270539677829,-111.567872304208,580.719657319883,1,27,2,ublox.f9p,harsh,0.98018964837331
1621309295,22,0.67,1.16,2.47588368062799,4.7,0.0116666666666667,33.4642857142857,9.37483685925073,30,0.0357142857142857,49.6066352504336,4,1,4.85851646285809,-110.022671168742,585.325906951722,-111.567872304208,580.719657319883,1,28,2,ublox.f9p,harsh,0.981305666204917
1621309296,22,0.67,1.16,2.47588368062799,4.7,0.0233333333333333,33.0714285714286,9.38844274322729,29,0.0357142857142857,6.18418069828906,4,1,4.89897494568505,-110.005499086271,585.362818467885,-111.567872304208,580.719657319883,1,28,2,ublox.f9p,harsh,0.405745411474428
1621309297,21,0.67,1.16,2.47588368062799,4.7,0.015,32.9310344827586,9.52789526481793,31,0.0689655172413793,30.604503789049,4,1,4.92856233609876,-110.022671168742,585.399729985106,-111.567872304208,580.719657319883,1,29,2,ublox.f9p,harsh,0.886999319961716
1621309298,23,0.7,1.18,2.47588368062799,4.7,0.0172222222222222,33.0357142857143,9.54320445776739,31,0.0357142857142857,39.8847742552381,6,1,4.94609097035493,-110.022671168742,585.418185742483,-111.567872304208,580.719657319883,1,28,2,ublox.f9p,harsh,0.952050852404248
1621309299,23,0.7,1.18,2.47588368062799,4.7,0.0169444444444444,33.1428571428571,9.62140470884728,32,0.0357142857142857,42.631199451419,6,1,4.95304235442299,-110.057015329754,585.436641501269,-111.567872304208,580.719657319883,1,28,2,ublox.f9p,harsh,0.963141708184476
1621309300,23,0.7,1.18,2.47588368062799,4.6,0.0188888888888889,33.1428571428571,9.67897410279311,32,0.0357142857142857,44.475148116673,7,1,4.98303309845408,-110.074187410915,585.47355301708,-111.567872304208,580.719657319883,1,28,2,ublox.f9p,harsh,0.969156940528167
1621309301,25,0.71,1.21,2.47588368062799,4.6,0.0191666666666667,33.6428571428571,9.88157389515975,32,0.0357142857142857,47.9238505813698,6,1,5.01317502470988,-110.091359496008,585.510464533244,-111.567872304208,580.719657319883,1,28,2,ublox.f9p,harsh,0.97795515566076
1621309302,23,0.79,1.31,2.47588368062799,4.6,0.0130555555555556,32.9655172413793,9.59346041627424,29,0.0344827586206897,43.4845167847132,5,1,5.04346542458665,-110.108531577169,585.547376049408,-111.567872304208,580.719657319883,1,29,2,ublox.f9p,harsh,0.966054097460662
1621309303,23,0.79,1.31,2.47588368062799,4.6,0.00638888888888889,33.0344827586207,9.49241335646785,29,0.0344827586206897,39.8198493216637,4,1,5.09648940788574,-110.108531577169,585.602743324357,-111.567872304208,580.719657319883,1,29,2,ublox.f9p,harsh,0.951753598530945
1621309304,23,0.79,1.31,2.40831891575846,4.6,0.0152777777777778,33.1724137931034,9.39630993497387,28,0.0344827586206897,39.1387787239203,4,1,5.1093015227245,-110.125703657019,585.621199081735,-111.567872304208,580.719657319883,1,29,2,ublox.f9p,harsh,0.948528221344484
1621309305,24,0.79,1.31,2.40831891575846,4.6,0.0144444444444444,31.7666666666667,9.40536652875527,29,0.0666666666666667,38.7559672824715,4,1,5.12700946069156,-110.125703657019,585.639654840521,-111.567872304208,580.719657319883,1,30,2,ublox.f9p,harsh,0.94662682761919
1621309306,23,0.79,1.31,2.40831891575846,4.6,0.01,32.4137931034483,9.5861404470178,30,0.0344827586206897,36.2996039923303,4,1,5.15767025044439,-110.14287573818,585.676566356684,-111.567872304208,580.719657319883,1,29,2,ublox.f9p,harsh,0.932765065916462
1621309307,23,0.79,1.31,2.40831891575846,4.5,0.0136111111111111,32.4137931034483,9.98755383099854,30,0.0344827586206897,34.9974684798772,4,1,5.15767025044439,-110.14287573818,585.676566356684,-111.567872304208,580.719657319883,1,29,2,ublox.f9p,harsh,0.924124071176209
1621309308,24,0.79,1.31,2.40831891575846,4.5,0.0213888888888889,32.1379310344828,10.1619884792405,31,0.0344827586206897,34.7405862548883,4,1,5.17541013334689,-110.14287573818,585.695022114062,-111.567872304208,580.719657319883,1,29,2,ublox.f9p,harsh,0.92230310527621
1621309309,23,0.79,1.31,2.40831891575846,4.5,0.0111111111111111,32.1724137931034,10.5019350785505,34,0.0344827586206897,33.3228810279063,4,1,5.18846928214087,-110.160047820652,585.713477872848,-111.567872304208,580.719657319883,1,29,2,ublox.f9p,harsh,0.911516056462343
1621309310,23,0.72,1.22,2.40831891575846,4.5,0.00833333333333333,32.0344827586207,10.4863270112653,33,0.0344827586206897,34.1386935895327,4,1,5.20623506944466,-110.160047820652,585.731933631282,-111.567872304208,580.719657319883,1,29,2,ublox.f9p,harsh,0.917878815678371
1621309311,25,0.71,1.22,2.40831891575846,4.5,0.0102777777777778,31.8965517241379,10.9065669195418,36,0.0344827586206897,69.2484867464024,5,1,5.22400564010635,-110.160047820652,585.750389389012,-111.567872304208,580.719657319883,1,29,2,ublox.f9p,harsh,0.997334909658415
1621309312,24,0.71,1.22,2.40831891575846,4.5,0.00722222222222222,32.1379310344828,10.4016624287076,31,0.0344827586206897,66.8409794846061,5,1,5.23719503382266,-110.177219901813,585.768845147446,-111.567872304208,580.719657319883,1,29,2,ublox.f9p,harsh,0.996611919632898
1621309313,25,0.71,1.22,2.40831891575846,4.5,0.005,31.8275862068966,10.5562065883984,32,0.0344827586206897,68.3794004068477,5,1,5.23266145612609,-110.194391981663,585.768845147446,-111.567872304208,580.719657319883,1,29,2,ublox.f9p,harsh,0.997093630704835
1621309314,23,0.77,1.31,2.40831891575846,4.5,0.0188888888888889,32.3571428571429,10.6847564859486,33,0.0357142857142857,63.410305156181,4,1,5.25499054345902,-110.177219901813,585.787300905175,-111.567872304208,580.719657319883,1,28,2,ublox.f9p,harsh,0.995231912541917
1621309315,23,0.77,1.31,2.40831891575846,4.5,0.0158333333333333,32.0689655172414,10.7568285105746,36,0.0344827586206897,64.333596717941,4,1,5.28224864682795,-110.14287573818,585.805756663609,-111.567872304208,580.719349724155,1,29,2,ublox.f9p,harsh,0.995650605125214
1621309316,24,0.77,1.31,2.40831891575846,4.5,0.0161111111111111,33.3333333333333,10.2431966164414,32,0,65.8024216549222,5,1,5.30436925441088,-110.125703657019,585.824212420986,-111.567872304208,580.719657319883,1,27,2,ublox.f9p,harsh,0.996242519863421
1621309317,23,0.77,1.31,2.40831891575846,4.5,0.000833333333333333,33.3703703703704,9.77102525188296,31,0,64.1868171823467,3,1,5.30214156551957,-110.125703657019,585.824212420986,-111.567299900629,580.721810491383,1,27,2,ublox.f9p,harsh,0.995586577918375
1621309318,22,0.8,1.39,2.40831891575846,4.5,0.0783333333333333,33.1481481481481,9.53012916089608,30,0,63.4100708352651,3,1,5.33668285586608,-110.125703657019,585.89803545437,-111.571306720441,580.760875179751,1,27,2,ublox.f9p,harsh,0.995231801347085
1621309319,23,0.8,1.36,2.40831891575846,4.5,0.431944444444444,32.6071428571429,10.5034008098058,33,0,64.6297347100826,3,1,5.30992081591404,-110.160047820652,586.211783342465,-111.612805918327,581.104459876997,1,28,2,ublox.f9p,harsh,0.995776982800945
1621309320,22,0.8,1.36,2.343074902772,4.5,0.891666666666667,32.0714285714286,10.9440617127503,36,0,65.567026774134,2,1,5.29588811672303,-110.297424472561,586.968469425579,-111.706966164234,581.863606727691,1,28,2,ublox.f9p,harsh,0.996153365731502
1621309321,23,0.8,1.36,2.343074902772,4.5,1.67388888888889,32.6296296296296,10.035123502165,35,0,65.3491218554062,2,1,5.29635579291358,-110.503489451736,588.426474317561,-111.876397369391,583.311153356491,1,27,3,ublox.f9p,harsh,0.996068958885314
1621309322,24,0.8,1.36,2.343074902772,4.5,2.10777777777778,33.1851851851852,9.53147432714388,33,0,65.2886146276669,5,1,5.23110766961133,-110.778242755554,590.38278467916,-112.118237517214,585.326214548154,1,27,2,ublox.f9p,harsh,0.996045195492522
1621309323,24,0.73,1.24,2.343074902772,4.5,2.62888888888889,32.962962962963,9.27146773494434,31,0,65.8990326180893,5,1,5.20576196281833,-111.121684386638,592.855856267754,-112.443934663558,587.82081785492,1,27,2,ublox.f9p,harsh,0.996278512004071
1621309324,24,0.73,1.24,2.343074902772,4.5,2.94444444444444,33.6428571428571,9.28245771140495,29,0,63.4876082397187,6,1,5.08030870212717,-111.58533058847,595.661131502524,-112.85864043277,590.742979558011,1,28,2,ublox.f9p,harsh,0.995268455503082
1621309325,24,0.76,1.4,2.343074902772,4.5,2.12666666666667,33.5714285714286,9.08164029656485,27,0,62.8378802952487,6,1,4.97486184814802,-112.066148871463,597.949645510299,-113.262184349228,593.120696396456,1,28,1,ublox.f9p,harsh,0.9949524302105
1621309326,24,0.72,1.27,2.343074902772,4.5,1.37138888888889,34.2222222222222,8.59934404176958,25,0,63.5385457812815,7,1,4.96908000437997,-112.392418418764,599.481473434609,-113.537223853525,594.646064805913,1,27,1,ublox.f9p,harsh,0.995292382377168
1621309327,25,0.72,1.27,2.343074902772,4.5,1.16916666666667,34.1111111111111,8.76765617892233,27,0,63.6620923313081,7,1,4.97602340001981,-112.701515887526,600.662641955012,-113.758457503955,595.800164880824,1,27,2,ublox.f9p,harsh,0.995349916774691
1621309328,25,0.68,1.22,2.343074902772,4.5,1.04694444444444,33.7586206896552,9.09338524271428,26,0,63.6533109900813,9,1,4.89796522946517,-112.976269191344,601.677708652328,-113.96881550342,596.881364710591,1,29,2,ublox.f9p,harsh,0.995345850597613
1621309329,25,0.68,1.22,2.343074902772,4.5,0.817222222222222,33.551724137931,8.97849099195465,26,0,63.6376335197971,9,1,4.78992898636045,-113.19950625168,602.489762009687,-114.158280802391,597.796770314054,1,29,2,ublox.f9p,harsh,0.995338582385015
1621309330,25,0.66,1.2,2.343074902772,4.5,0.594444444444444,33.5862068965517,8.7240113700199,25,0,63.6020502814178,8,1,4.63996757752776,-113.388399147072,603.024978995115,-114.255303063572,598.466714334077,1,29,2,ublox.f9p,harsh,0.995322043736596
1621309331,26,0.66,1.2,2.343074902772,4.4,0.708611111111111,33.9310344827586,8.52278892349698,25,0,62.4588356747558,8,1,4.52313549782197,-113.525775798981,603.63401901287,-114.318839765179,599.180952173357,1,29,2,ublox.f9p,harsh,0.994758454586962
1621309332,25,0.66,1.2,2.343074902772,4.4,0.288611111111111,34.8571428571429,8.04484783694364,26,0,63.2616123727494,6,1,4.38175133033911,-113.611636207408,604.021589933997,-114.30052287817,599.694329845237,1,28,2,ublox.f9p,harsh,0.995160830449825
1621309333,25,0.66,1.2,2.26715680975093,4.4,0.0155555555555556,36,8.11491539400454,29,0,63.4047695366839,7,1,4.38507119145938,-113.714668696995,604.04004569243,-114.30538830204,599.694945037396,1,28,2,ublox.f9p,harsh,0.99522928497491
1621309334,24,0.66,1.2,2.26715680975093,4.3,0.00388888888888889,36.3333333333333,7.76084848652319,29,0,59.8540690624567,4,1,4.33708706906711,-113.800529105421,604.003134176267,-114.308250314693,599.695867825282,1,27,1,ublox.f9p,harsh,0.993209431639725
1621309335,23,0.66,1.2,2.20227155455452,4.3,0.00472222222222222,36.3928571428571,7.70925026721404,28,0,59.9064687659021,4,1,4.23484108734146,-113.903561592387,603.910855385506,-114.309967522809,599.695560229203,1,28,1,ublox.f9p,harsh,0.993244681212244
1621309336,25,0.7,1.26,2.20227155455452,4.3,0.01,35,8.20278698283177,27,0,61.6806679600667,6,1,4.14619408436232,-113.955077838491,603.837032353179,-114.313115737251,599.706326088113,1,29,1,ublox.f9p,harsh,0.994336686910174
1621309337,24,0.68,1.17,2.20227155455452,4.2,0.0438888888888889,35.448275862069,8.38189463280635,30,0,61.5766221873204,6,1,4.06857954723866,-114.023766163135,603.800120836311,-114.315405348947,599.742007220663,1,29,1,ublox.f9p,harsh,0.994277793861594
1621309338,24,0.68,1.17,2.20227155455452,4.2,0.104444444444444,35.448275862069,8.40742107093724,31,0,62.8241959757544,6,1,3.9729646233641,-114.07528240924,603.818576594745,-114.31826736291,599.853049364881,1,29,1,ublox.f9p,harsh,0.994945553162777
1621309339,24,0.72,1.3,2.20227155455452,4.2,0.135277777777778,34.4,9.01951906356049,31,0,61.6336206952017,5,1,3.90285241665689,-114.109626572872,603.873943869342,-114.318839765179,599.976702944487,1,30,1,ublox.f9p,harsh,0.99431013175547
1621309340,25,0.72,1.3,2.20227155455452,4.1,0.329722222222222,34.8965517241379,9.17817608548439,34,0,62.1732064477939,5,1,3.78680274860715,-114.05811032939,604.04004569243,-114.284209399756,600.259998831975,1,29,1,ublox.f9p,harsh,0.994607401082
1621309341,24,0.72,1.3,2.12602916254693,4.1,0.462222222222222,34.5806451612903,9.50008488926419,36,0,62.6947047205743,6,1,3.69528241273045,-113.92073367748,604.353793580173,-114.170301259204,600.666948298365,1,31,1,ublox.f9p,harsh,0.994880014182294
1621309342,24,0.72,1.3,2.12602916254693,4.1,0.535,34.6,9.07668479658469,35,0,62.7751957384443,6,1,3.6520661099408,-113.783357021639,604.759820258676,-114.029203989273,601.116038412863,1,30,1,ublox.f9p,harsh,0.994920851578386
1621309343,25,0.72,1.3,2.12602916254693,4.1,0.8825,34.5666666666667,9.15643106701828,36,0,62.0705082950027,6,1,3.55385570485111,-113.560119965236,605.424227551381,-113.831152649721,601.880721991227,1,30,1,ublox.f9p,harsh,0.994552038003086
1621309344,25,0.72,1.3,2.12602916254693,4,1.22138888888889,35.0333333333333,8.5075355373657,33,0,62.2792870864784,7,1,3.41834155426208,-113.165162086736,606.36547121637,-113.444208413467,602.95853826588,1,30,1,ublox.f9p,harsh,0.994664000135737
1621309345,25,0.72,1.3,2.12602916254693,4,1.4375,35.0344827586207,8.90618869350605,34,0,62.3353158330011,7,1,3.30199323765073,-112.546967151834,607.509728219905,-112.858354230981,604.222450101396,1,29,1,ublox.f9p,harsh,0.994693655276064
1621309346,25,0.72,1.29,2.12602916254693,4,1.52861111111111,34.8965517241379,8.84527649404797,35,0,62.6870130090755,7,1,3.06586480983291,-111.499470178733,608.432516126107,-111.949951117904,605.399927470253,1,29,1,ublox.f9p,harsh,0.994876094708419
1621309347,24,0.7,1.26,2.05182845286832,4,1.81305555555556,34.9655172413793,9.19426357891814,36,0,62.6464492210053,7,0,2.86565045229385,-109.97115492526,609.115379176542,-110.619114799093,606.323945760422,1,29,1,ublox.f9p,harsh,0.994855375141249
1621309348,25,0.77,1.49,2.05182845286832,3.9,2.29388888888889,34.7241379310345,8.91586287677409,34,0,62.8603340748361,7,0,2.61389014086319,-107.927677221228,609.70596343692,-108.549306572363,607.167066310546,1,29,1,ublox.f9p,harsh,0.994963694181792
1621309349,25,0.7,1.26,2.05182845286832,3.9,3.07694444444444,34.9310344827586,8.95197916856841,33,0,62.8770959889211,6,0,2.40988861853351,-105.162972095329,610.296547696946,-105.813221580858,607.976043708518,1,29,1,ublox.f9p,harsh,0.994972086514089
1621309350,25,0.7,1.26,2.05182845286832,3.9,3.59138888888889,35.7241379310345,8.6968654111867,34,0,62.7659493674715,8,0,2.32750487124193,-101.831588278011,610.960954989298,-102.4068530087,608.705661346493,1,29,1,ublox.f9p,harsh,0.994916176923995
1621309351,25,0.7,1.26,2.05182845286832,3.9,3.55416666666667,34.6896551724138,8.49833365294911,33,0,63.261849482923,6,0,2.31658862685508,-98.3799998912551,611.662273798167,-98.8865762946787,609.40175102377,1,29,1,ublox.f9p,harsh,0.995160944634863
1621309352,24,0.72,1.26,2.05182845286832,3.9,3.71305555555556,33.7586206896552,9.18327350759363,31,0,27.1887604655338,5,0,2.35450174664029,-94.7910348512792,612.382048365469,-95.3007594704562,610.08338369059,1,29,1,ublox.f9p,harsh,0.84798400739004
1621309353,24,0.77,1.46,2.05182845286832,3.9,4.02972222222222,33.2413793103448,9.50058333702949,30,0.0344827586206897,26.5956058400631,5,0,2.36606151320242,-90.9273165087956,613.120278690149,-91.4221586545746,610.806541813359,1,29,1,ublox.f9p,harsh,0.840179007868481
1621309354,24,0.72,1.26,2.05182845286832,3.9,4.36333333333333,34.0714285714286,8.58477796442125,32,0,26.6548541545438,4,0,2.35506248164511,-86.7373286137676,613.876964773615,-87.1986852025936,611.567534239826,1,28,2,ublox.f9p,harsh,0.840972981244505
1621309355,23,0.77,1.46,2.05182845286832,3.9,4.71027777777778,32.2857142857143,8.22308017831808,31,0,26.6476937713817,4,0,2.43068405387899,-82.2210711714384,614.781296921736,-82.579109071509,612.377126829605,1,28,1,ublox.f9p,harsh,0.840877196741466
1621309356,23,0.72,1.26,2.05182845286832,4,4.61361111111111,32.1428571428571,8.58816707782364,35,0,25.6320031080939,5,0,2.40092294872775,-77.6532974843155,615.556438762579,-77.9563847233602,613.17472317686,1,28,1,ublox.f9p,harsh,0.82681209722613
1621309357,24,0.77,1.46,2.12602916254693,4,4.37583333333333,32.9285714285714,7.15401245315482,26,0,24.8594633221771,4,0,2.4212427892665,-73.2744166952062,616.313124846045,-73.5789349392667,613.91110792612,1,28,1,ublox.f9p,harsh,0.815469059501703
1621309358,24,0.74,1.31,2.12602916254693,4,4.08166666666667,30.8518518518519,6.99287386560668,24,0,24.60652860523,4,0,2.45266652138073,-69.1702892086046,617.051355171077,-69.5051447977971,614.621654613501,1,27,2,ublox.f9p,harsh,0.811632507792545
1621309359,24,0.81,1.58,2.12602916254693,4.1,3.60444444444444,32.1851851851852,7.98092455140109,29,0,25.7578628771876,6,0,2.47930322278734,-65.5126358426741,617.789585495757,-65.8177264903138,615.329125342199,1,27,1,ublox.f9p,harsh,0.828606925485747
1621309360,24,0.74,1.31,2.12602916254693,4.1,2.99555555555556,31.1851851851852,8.91859352932459,30,0,25.0884684666083,7,0,2.45406930219082,-62.4388332467023,618.361713998053,-62.7244622041073,615.924323541305,1,27,1,ublox.f9p,harsh,0.818890246703113
1621309361,24,0.74,1.31,2.20227155455452,4.1,2.34527777777778,31.2962962962963,9.23960877799328,32,0,25.1352756764936,7,0,2.50410726698541,-59.9660535070934,618.8784752254,-60.2840232182254,616.394637777544,1,27,2,ublox.f9p,harsh,0.819583403904498
1621309362,23,0.78,1.38,2.20227155455452,4.2,1.68166666666667,30.6296296296296,9.57620507840677,34,0,37.0054331596501,9,0,2.51267598867958,-58.1629849484911,619.24759038774,-58.4560551393182,616.752064293439,1,27,2,ublox.f9p,harsh,0.937058696163873
1621309363,24,0.67,1.11,2.26715680975093,4.2,1.19416666666667,30.2222222222222,9.07377172587747,35,0,12.1095348107734,6,0,2.50171676591088,-56.8750788325822,619.487515244212,-57.1658594130247,617.002755008117,1,27,2,ublox.f9p,harsh,0.55254365923171
1621309364,24,0.67,1.08,2.26715680975093,4.2,0.6775,31.4074074074074,8.97114716641531,29,0,13.0236498166011,6,0,2.48204078309574,-56.0851630821381,619.616705550432,-56.4094292221552,617.155937800442,1,27,2,ublox.f9p,harsh,0.575020554199569
1621309365,22,0.73,1.2,2.343074902772,4.3,0.443611111111111,31.5925925925926,8.02045106759186,29,0,35.4981260987357,8,0,2.44916269844532,-55.5871727179841,619.672072825029,-55.9569448730778,617.250984954511,1,27,2,ublox.f9p,harsh,0.927560924594374
1621309366,22,0.67,1.08,2.343074902772,4.3,0.352777777777778,31.9310344827586,9.01558584770507,31,0,18.4299732241661,9,0,2.38810435202125,-55.2093869258892,619.672072825029,-55.6272409069227,617.320809239917,1,29,2,ublox.f9p,harsh,0.699096110977453
1621309367,22,0.68,1.09,2.343074902772,4.3,0.443333333333333,31.1428571428571,8.54493259282208,29,0,17.8412321664562,8,0,2.37826213186023,-54.8144290513225,619.745895857357,-55.2348588445302,617.405090535075,1,28,2,ublox.f9p,harsh,0.68656808044303
1621309368,23,0.78,1.26,2.343074902772,4.3,0.558055555555556,31.8571428571429,9.11536873033379,31,0.0357142857142857,29.7678627411158,9,0,2.29010930330385,-54.2649224410641,619.76435161579,-54.7056725324969,617.517055467531,1,28,2,ublox.f9p,harsh,0.878338159942054
1621309369,24,0.71,1.09,2.343074902772,4.3,0.805277777777778,33.7037037037037,9.13494901175116,31,0,19.7643407850266,6,0,2.25298030522312,-53.5436950152638,619.838174648118,-53.9718522489263,617.626252036681,1,27,1,ublox.f9p,harsh,0.72640008684354
1621309370,23,0.71,1.09,2.343074902772,4.3,0.999722222222222,32.0357142857143,9.09408494310345,32,0.0357142857142857,18.9326150608805,6,0,2.24847645873265,-52.6164026129104,619.930453438879,-53.0082122730345,617.716377655237,1,28,1,ublox.f9p,harsh,0.709562774092807
1621309371,23,0.78,1.26,2.42074368738204,4.3,1.03972222222222,31.2413793103448,9.46669037208808,32,0.0344827586206897,28.7688278271023,7,0,2.21216281945586,-51.586077719659,619.930453438879,-51.9658669242812,617.7511359999,1,29,1,ublox.f9p,harsh,0.867252665981373
1621309372,23,0.71,1.09,2.42074368738204,4.3,1.01611111111111,29.551724137931,8.78954820428604,31,0.0344827586206897,16.8545439622054,5,0,2.1568339917733,-50.5557528290291,619.856630406552,-50.9395488508412,617.734218221864,1,29,1,ublox.f9p,harsh,0.664954972861813
1621309373,24,0.74,1.09,2.42074368738204,4.3,0.825,30.0344827586207,9.66762919164736,35,0.0344827586206897,16.9294984174566,6,0,2.09967367897519,-49.6628045903085,619.78280737352,-50.0549004522222,617.720068807135,1,29,2,ublox.f9p,harsh,0.666622812154602
1621309374,24,0.76,1.25,2.42074368738204,4.3,0.793888888888889,30.6551724137931,9.88243702617703,37,0.0344827586206897,17.2844703901122,7,0,2.11930430113237,-48.8557167573926,619.838174648118,-49.2460954111902,617.755134747526,1,29,2,ublox.f9p,harsh,0.674464393514367
1621309375,24,0.63,1.02,2.42074368738204,4.4,0.985,29.96875,9.73680869424819,36,0.0625,15.7273646870669,5,0,2.10260498215513,-47.945596437511,619.911997680445,-48.3256718413013,617.844029982821,1,32,2,ublox.f9p,harsh,0.639394360953457
1621309376,24,0.64,1.02,2.42074368738204,4.4,1.13888888888889,29.9375,10.2294246677053,35,0.09375,16.2740975172204,6,0,2.07642925873693,-46.8809273806269,620.02273222964,-47.2160691729198,617.97352788512,1,32,2,ublox.f9p,harsh,0.651901899509654
1621309377,24,0.63,1.02,2.5,4.4,1.34944444444444,29.0967741935484,9.17371185765674,34,0.0645161290322581,15.4373599858698,6,0,2.15951417418182,-45.6273654296615,620.281112842785,-45.9241562398211,618.142090476493,1,31,2,ublox.f9p,harsh,0.632681077442355
1621309378,25,0.63,1.02,2.5,4.4,1.56722222222222,28.71875,9.91002872623681,35,0.0625,15.6537402346319,8,0,2.24207459517458,-44.1505664183605,620.576404972798,-44.430471347838,618.351870927029,1,32,2,ublox.f9p,harsh,0.637695071477695
1621309379,25,0.65,1.03,2.5,4.4,1.74222222222222,28.375,9.99273929959535,35,0.0625,15.8800844876006,8,0,2.02962898969288,-42.4333582642522,620.687139521993,-42.758769210117,618.683766977479,1,32,2,ublox.f9p,harsh,0.642908061006977
1621309380,25,0.69,1.05,2.5,4.4,1.97527777777778,29.4516129032258,10.4875758548784,35,0.0645161290322581,17.0811909225713,8,0,2.07668120990535,-40.5959455433281,621.185444991609,-40.9073326198529,619.132241899817,1,31,2,ublox.f9p,harsh,0.669985414827393
1621309381,24,0.69,1.05,2.5,4.4,2.14833333333333,29.8666666666667,9.97836740614185,35,0.0333333333333333,13.7718995563903,6,0,2.05457659675515,-38.5696399204579,621.739117735119,-38.8266487408469,619.700679249862,1,30,2,ublox.f9p,harsh,0.593195176020277
1621309382,23,0.66,1.04,2.58069758011279,4.4,2.11388888888889,30.6333333333333,9.11793735497209,35,0.0333333333333333,20.0525039999165,7,0,1.94172360542494,-36.5433343028309,622.145144414327,-36.7310823923753,620.212518942401,1,30,2,ublox.f9p,harsh,0.732089616750275
1621309383,24,0.73,1.16,2.58069758011279,4.4,1.99277777777778,30.0333333333333,9.23816422028314,35,0.0333333333333333,16.5591430150024,7,0,2.01435234605674,-34.5857170072261,622.643449883592,-34.7250970677302,620.633925419248,1,30,2,ublox.f9p,harsh,0.658341996646741
1621309384,24,0.73,1.16,2.58069758011279,4.4,1.52138888888889,30.2666666666667,9.65234769845938,36,0.0333333333333333,21.2198904332704,8,0,1.94921963187175,-32.954369262855,622.9387420129,-33.0519639249936,620.991967127302,1,30,2,ublox.f9p,harsh,0.754357477144976
1621309385,24,0.73,1.16,2.58069758011279,4.4,0.715833333333333,30.1,9.89723054262116,35,0.0333333333333333,22.1899658254206,10,0,1.77639878964252,-32.0099047767191,622.975653529768,-32.1149406749013,621.202362769646,1,30,2,ublox.f9p,harsh,0.771886918388319
1621309386,25,0.73,1.19,2.5,4.4,0.0761111111111111,31.551724137931,8.32631888693296,29,0,22.0445004479575,11,0,1.66926796413911,-31.7866677163835,622.920286255171,-31.8762487415209,621.253423700538,1,29,2,ublox.f9p,harsh,0.769315475588589
1621309387,25,0.69,1.14,2.5,4.4,0.00638888888888889,31.8571428571429,7.81600582714388,29,0,21.4985658436402,8,0,1.59397998278926,-31.8038397975445,622.864918980573,-31.874245332926,621.272494650779,1,28,2,ublox.f9p,harsh,0.759484720522561
1621309388,25,0.67,1.14,2.5,4.3,0.0119444444444444,31.6428571428571,8.15231975944991,30,0,21.8733856547175,8,0,1.52167745428435,-31.8038397975445,622.80955170668,-31.8722419230203,621.289412428815,1,28,2,ublox.f9p,harsh,0.766264730905454
1621309389,24,0.72,1.27,2.5,4.3,0.0130555555555556,31.7407407407407,7.20892925257704,24,0,22.636557821365,9,0,1.52525879634994,-31.821011881327,622.82800746441,-31.870810915383,621.303561843192,1,27,2,ublox.f9p,harsh,0.779654788324993
1621309390,24,0.69,1.22,2.5,4.3,0.00361111111111111,31.7777777777778,7.40235582736143,24,0,21.732531299107,7,0,1.49572668954033,-31.821011881327,622.80955170668,-31.8702385144254,621.314635298182,1,27,2,ublox.f9p,harsh,0.763732530792776
1621309391,24,0.69,1.22,2.5,4.3,0.0113888888888889,31.2857142857143,7.75484146437348,24,0,21.743964679883,7,0,1.4906410286322,-31.8381839637988,622.80955170668,-31.8699523126358,621.319249237966,1,28,2,ublox.f9p,harsh,0.763938778392777
1621309392,24,0.72,1.27,2.5,4.3,0.0147222222222222,31.2142857142857,7.93658730119048,25,0,22.7438178413388,7,0,1.4503884405287,-31.8553560436489,622.772640189812,-31.8699523126358,621.322325197353,1,28,2,ublox.f9p,harsh,0.781491914309217
1621309393,24,0.69,1.22,2.42074368738204,4.3,0.00361111111111111,30.6206896551724,7.99291558240103,25,0.0344827586206897,23.2383035095077,8,0,1.39287102792131,-31.8553560436489,622.717272915919,-31.8699523126358,621.324478369206,1,29,2,ublox.f9p,harsh,0.789818271223596
1621309394,24,0.69,1.22,2.42074368738204,4.3,0.00416666666666667,30.9285714285714,8.08257646595702,27,0,24.3003131130301,7,0,1.33566145361542,-31.8553560436489,622.661905641321,-31.8699523126358,621.326323944979,1,28,2,ublox.f9p,harsh,0.806906194383571
1621309395,24,0.69,1.22,2.42074368738204,4.3,0.00861111111111111,31.0357142857143,7.74827169668916,27,0,24.8383272383629,7,0,1.26092853595776,-31.8381839637988,622.588082608994,-31.8699523126358,621.327554328945,1,28,2,ublox.f9p,harsh,0.815150793155594
1621309396,24,0.69,1.22,2.42074368738204,4.3,0.0116666666666667,30.6785714285714,8.60686018987426,29,0,25.703331496131,8,0,1.16745142090597,-31.8381839637988,622.495803818233,-31.8699523126358,621.328784712911,1,28,2,ublox.f9p,harsh,0.827831096191234
1621309397,23,0.69,1.22,2.42074368738204,4.3,0.0183333333333333,30.5,8.42175313850542,29,0,25.7407831401196,8,0,1.09273517256024,-31.8381839637988,622.421980785906,-31.8699523126358,621.329707500797,1,28,2,ublox.f9p,harsh,0.828364227193544
1621309398,23,0.69,1.22,2.42074368738204,4.3,0.0116666666666667,30.4285714285714,8.61277505684981,27,0,25.5905298380339,7,0,0.999884102451234,-31.8381839637988,622.329701995145,-31.8699523126358,621.330322692604,1,28,2,ublox.f9p,harsh,0.826217420321358
1621309399,23,0.69,1.22,2.42074368738204,4.3,0.00611111111111111,30.3928571428571,8.70648666529215,28,0,24.7812429066825,7,0,0.889377124303613,-31.821011881327,622.218967446654,-31.8699523126358,621.330937884411,1,28,2,ublox.f9p,harsh,0.814289098710637
1621309400,24,0.69,1.22,2.42074368738204,4.2,0.0177777777777778,30.6206896551724,9.06095939852259,30,0.0344827586206897,25.475358938462,7,0,0.796077303584543,-31.8381839637988,622.126688655893,-31.8699523126358,621.331245480491,1,29,2,ublox.f9p,harsh,0.824557553371233
1621309401,24,0.69,1.22,2.42074368738204,4.2,0.00611111111111111,30.551724137931,8.62548635024861,29,0,25.4186857121554,7,0,0.703267087485493,-31.8381839637988,622.034409865132,-31.8699523126358,621.331860672298,1,29,2,ublox.f9p,harsh,0.823736196325741
1621309402,25,0.69,1.22,2.343074902772,4.2,0.00777777777777778,30.5862068965517,8.85000904510962,32,0,52.2554533039376,9,0,0.630299235518641,-31.821011881327,621.960586832805,-31.8696661121569,621.332168268377,1,29,2,ublox.f9p,harsh,0.985593227750001
1621309403,24,0.69,1.22,2.343074902772,4.2,0.0102777777777778,30.1428571428571,8.90573799929963,31,0,25.7755294158368,7,0,0.574806552597553,-31.821011881327,621.905219558208,-31.8696661121569,621.332475864457,1,28,2,ublox.f9p,harsh,0.828857675596375
1621309404,24,0.71,1.22,2.343074902772,4.2,0.0116666666666667,30.5,9.10229926182675,33,0,26.0458569962032,7,0,0.484648474413324,-31.8038397975445,621.812940768151,-31.8696661121569,621.332783460536,1,28,2,ublox.f9p,harsh,0.832658324449088
1621309405,24,0.75,1.24,2.343074902772,4.2,0.00666666666666667,31.2222222222222,7.88539708445219,25,0,26.2976709995391,10,0,0.438947196287149,-31.6321189846242,621.702206218956,-31.8696661121569,621.333091056264,1,27,2,ublox.f9p,harsh,0.836137731307374
1621309406,24,0.71,1.22,2.343074902772,4.1,0.0225,31.4814814814815,8.02577755816254,27,0,26.4412477643044,10,0,0.448956289916835,-31.4603981690823,621.517648638138,-31.8696661121569,621.333091056264,1,27,2,ublox.f9p,harsh,0.838095415309549
1621309407,24,0.71,1.22,2.20227155455452,4,0.0141666666666667,31.2142857142857,8.58662673755875,30,0.0357142857142857,26.9019637233774,8,0,0.557808812314628,-31.3230215171731,621.222356507773,-31.8696661121569,621.333398652343,1,28,2,ublox.f9p,harsh,0.844249983003302
1621309408,24,0.71,1.22,2.12602916254693,3.9,0.0261111111111111,31.5555555555556,7.98235232985545,29,0,29.5769687989377,10,0,0.708801411249204,-31.2028169464248,621.093166200848,-31.8696661121569,621.333398652343,1,27,2,ublox.f9p,harsh,0.876283485788182
1621309409,24,0.71,1.22,2.06155281280883,3.8,0.015,31.6666666666667,8.39871785086638,31,0,28.6498909247487,10,0,0.854530257761459,-31.0826123769874,621.000887409735,-31.8696661121569,621.333706248423,1,27,2,ublox.f9p,harsh,0.865877408292903
1621309410,23,0.75,1.24,2.06155281280883,3.7,0.0172222222222222,31.4444444444444,8.65729276094542,33,0,26.6815683001678,9,0,0.994481320645534,-30.9795798860893,620.890152861244,-31.8696661121569,621.333706248423,1,27,2,ublox.f9p,harsh,0.841329924007657
1621309411,24,0.71,1.22,1.98494332412792,3.7,0.01,31.1071428571429,8.34594284097141,27,0.0357142857142857,27.6384771046935,10,0,1.09608104633153,-30.8937194776629,620.834785586647,-31.8696661121569,621.333706248423,1,28,2,ublox.f9p,harsh,0.853690904126883
1621309412,24,0.71,1.22,1.98494332412792,3.6,0.00805555555555556,30.8571428571429,8.6054000518808,27,0.0357142857142857,46.9639489395856,9,0,1.19791919752372,-30.8078590679257,620.779418312049,-31.8696661121569,621.334013844502,1,28,2,ublox.f9p,harsh,0.975787950912289
1621309413,24,0.67,1.08,1.92093727122985,3.6,0.00972222222222222,31.0740740740741,8.58856989047261,32,0,25.6261259915215,8,0,1.29969042390447,-30.7219986634318,620.724051038156,-31.8696661121569,621.334013844502,1,27,2,ublox.f9p,harsh,0.826727924364648
1621309414,24,0.72,1.13,1.92093727122985,3.5,0.0172222222222222,31.1851851851852,8.37595935739275,29,0,26.0503039009785,9,0,1.32907084772369,-30.6704824160165,620.76096255432,-31.8696661121569,621.334013844502,1,27,2,ublox.f9p,harsh,0.832720277760368
1621309415,24,0.83,1.38,1.84390889145858,3.5,0.00666666666666667,31.2962962962963,8.2219912187462,29,0,27.3217861787988,11,0,1.39148836376438,-30.6017940939944,620.76096255432,-31.8696661121569,621.33432144023,1,27,2,ublox.f9p,harsh,0.8496908772782
1621309416,24,0.72,1.13,1.84390889145858,3.5,0.015,31.6666666666667,7.88377106173474,25,0,27.8750238837878,9,0,1.44603940769415,-30.5502778465791,620.742506795886,-31.8696661121569,621.33432144023,1,27,2,ublox.f9p,harsh,0.85662078898013
1621309417,24,0.72,1.13,1.84390889145858,3.4,0.0138888888888889,31.9259259259259,7.78028042764292,22,0,28.0268472480703,10,0,1.4774424048359,-30.5159336842572,620.742506795886,-31.8696661121569,621.33432144023,1,27,2,ublox.f9p,harsh,0.858475430747222
1621309418,24,0.7,1.11,1.84390889145858,3.4,0.00555555555555556,31.6296296296296,7.82573736092422,25,0,31.2126443395408,10,0,1.55517760710189,-30.4472453569918,620.705595279722,-31.8696661121569,621.33432144023,1,27,2,ublox.f9p,harsh,0.892952854361832
1621309419,24,0.69,1.1,1.84390889145858,3.4,0.0197222222222222,31.8888888888889,7.58203003734353,23,0,28.6592803089346,9,0,1.5860331178779,-30.4300732758308,620.668683763559,-31.8696661121569,621.33432144023,1,27,2,ublox.f9p,harsh,0.865986413251102
1621309420,24,0.71,1.09,1.78044938147649,3.4,0.00972222222222222,32.0740740740741,7.34284542376992,22,0,28.476708318671,8,0,1.62495357067138,-30.3957291121981,620.650228005829,-31.8696661121569,621.33432144023,1,27,2,ublox.f9p,harsh,0.863853399969029
1621309421,24,0.7,1.11,1.78044938147649,3.3,0.00833333333333333,31.8888888888889,7.6577428555042,23,0,30.3654981559807,10,0,1.65629611816822,-30.361384951187,620.650228005829,-31.8696661121569,621.334629036309,1,27,2,ublox.f9p,harsh,0.884581481313534
1621309422,24,0.7,1.21,1.78044938147649,3.3,0.0119444444444444,31.7407407407407,7.79345184997583,24,0,29.7271200533564,8,0,1.67194867279171,-30.3442128700261,620.650228005829,-31.8696661121569,621.334629036309,1,27,2,ublox.f9p,harsh,0.877902111071216
1621309423,23,0.7,1.21,1.78044938147649,3.3,0.0194444444444444,31.7037037037037,7.6450829588235,23,0,30.182327886806,8,0,1.69601033529126,-30.3098687050826,620.668683763559,-31.8696661121569,621.334629036309,1,27,2,ublox.f9p,harsh,0.882698152025281
1621309424,23,0.75,1.28,1.78044938147649,3.3,0.0263888888888889,31.8888888888889,7.86097142819332,23,0,36.8268810336508,9,0,1.72651105775429,-30.2926966239216,620.631772247395,-31.8696661121569,621.334629036309,1,27,2,ublox.f9p,harsh,0.935997346815412
1621309425,23,0.74,1.23,1.78044938147649,3.3,0.0163888888888889,31.1785714285714,8.19237934699556,25,0,31.1483881337917,8,0,1.74973687571561,-30.2755245427607,620.613316488961,-31.8696661121569,621.334629036309,1,28,2,ublox.f9p,harsh,0.892337089126156
1621309426,23,0.72,1.24,1.78044938147649,3.3,0.00583333333333333,31.7407407407407,8.04598606373959,26,0,31.6822439756614,8,0,1.75063887058943,-30.2583524602889,620.650228005829,-31.8696661121569,621.334629036309,1,27,2,ublox.f9p,harsh,0.897359539339142
1621309427,23,0.7,1.21,1.78044938147649,3.2,0.00388888888888889,31.5185185185185,8.08308000307941,26,0,32.5074799084764,9,0,1.75063887058943,-30.2583524602889,620.650228005829,-31.8696661121569,621.334629036309,1,27,2,ublox.f9p,harsh,0.904715035728142
1621309428,23,0.74,1.23,1.78044938147649,3.2,0.00583333333333333,31.3333333333333,8.16182483366218,26,0,31.9314826360026,8,0,1.75793610532889,-30.2583524602889,620.631772247395,-31.8696661121569,621.334629036309,1,27,2,ublox.f9p,harsh,0.899632533108457
1621309429,24,0.77,1.4,1.78044938147649,3.2,0.0111111111111111,31.3703703703704,8.39481592847243,26,0,32.119782325954,9,0,1.74220980625178,-30.2755245427607,620.631772247395,-31.8696661121569,621.334629036309,1,27,2,ublox.f9p,harsh,0.90132001501084
1621309430,23,0.77,1.4,1.78044938147649,3.2,0.00583333333333333,31.037037037037,8.47839553708076,28,0,32.655589108145,10,0,1.73410627061522,-30.2926966239216,620.613316488961,-31.8696661121569,621.334629036309,1,27,2,ublox.f9p,harsh,0.905984191266722
1621309431,23,0.76,1.25,1.70293863659264,3.2,0.00638888888888889,31.2962962962963,8.69931391996304,31,0,25.5898927058253,9,0,1.74260649523737,-30.3098687050826,620.557949215068,-31.8696661121569,621.334936632037,1,27,2,ublox.f9p,harsh,0.826208272047139
1621309432,22,0.71,1.22,1.70293863659264,3.2,0.0108333333333333,31.2592592592593,8.76001665169032,31,0,33.3765449080638,9,0,1.76798820236111,-30.3098687050826,620.50258194047,-31.8696661121569,621.334936632037,1,27,2,ublox.f9p,harsh,0.911947925237937
1621309433,21,0.75,1.27,1.70293863659264,3.1,0.0102777777777778,31.5555555555556,8.96717661308488,32,0,31.0048032744437,10,0,1.77068253052824,-30.3270407901759,620.465670424307,-31.8696661121569,621.334936632037,1,27,2,ublox.f9p,harsh,0.890949855323599
1621309434,23,0.71,1.22,1.70293863659264,3.1,0.00805555555555556,31.6296296296296,8.42226055964032,28,0,34.4520197763015,10,0,1.79851048388874,-30.3270407901759,620.410303149709,-31.8696661121569,621.334936632037,1,27,2,ublox.f9p,harsh,0.920209871955483
1621309435,23,0.75,1.24,1.64012194668567,3.1,0.00805555555555556,31.5925925925926,8.16304646779177,26,0,34.5329251101998,11,0,1.83333525675274,-30.3442128700261,620.318024359653,-31.8696661121569,621.334936632037,1,27,2,ublox.f9p,harsh,0.920801892621732
1621309436,22,0.71,1.22,1.64012194668567,3.1,0.0116666666666667,31.4444444444444,8.76326832836196,32,0,33.5817658856708,11,0,1.83996104288375,-30.361384951187,620.281112842785,-31.8696661121569,621.334936632037,1,27,2,ublox.f9p,harsh,0.913581955754957
1621309437,23,0.75,1.24,1.64012194668567,3.1,0.00638888888888889,31.6666666666667,8.09083051741528,25,0,34.6758261136871,10,0,1.87222244273949,-30.361384951187,620.225745568892,-31.8696661121569,621.334936632037,1,27,2,ublox.f9p,harsh,0.921837762527128
1621309438,23,0.75,1.24,1.64012194668567,3.1,0.0147222222222222,31.2962962962963,7.4462939404306,22,0,33.8704394224029,9,0,1.89198372347507,-30.378557032348,620.170378294294,-31.8696661121569,621.334936632037,1,27,2,ublox.f9p,harsh,0.915833988894033
1621309439,22,0.75,1.24,1.64012194668567,3.1,0.0130555555555556,31.5925925925926,7.52564466576304,24,0,33.4928163939672,9,0,1.92511783992127,-30.3957291121981,620.096555261967,-31.8696661121569,621.334936632037,1,27,2,ublox.f9p,harsh,0.91287711149443
1621309440,23,0.77,1.4,1.64012194668567,3.1,0.00138888888888889,31.8888888888889,7.57695561622585,23,0,33.1809056537039,11,0,1.92400717057042,-30.4129011946699,620.078099503533,-31.8696661121569,621.334936632037,1,27,2,ublox.f9p,harsh,0.910364250584413
1621309441,23,0.77,1.4,1.64012194668567,3.1,0.00416666666666667,32.4814814814815,7.83174197328936,25,0,32.8671124885247,10,0,1.92277569162468,-30.4472453569918,620.041187987369,-31.8696661121569,621.334936632037,1,27,2,ublox.f9p,harsh,0.907770474171889
1621309442,22,0.77,1.4,1.64012194668567,3.1,0.0166666666666667,32.4074074074074,7.50004748323051,25,0,33.0655850797573,11,0,1.9356834405538,-30.4815895219353,619.985820713476,-31.8696661121569,621.334936632037,1,27,2,ublox.f9p,harsh,0.909418757149946
1621309443,22,0.79,1.42,1.64012194668567,3.1,0.00638888888888889,32.4444444444444,7.41792700325644,24,0,34.1202530275886,11,0,1.88533070839492,-30.5159336842572,620.02273222964,-31.8696661121569,621.334936632037,1,27,2,ublox.f9p,harsh,0.917739708554438
1621309444,22,0.77,1.4,1.64012194668567,3.1,0.00833333333333333,32.037037037037,7.77808302209326,28,0,34.5344815607049,11,0,1.80980843144866,-30.56744992774,620.078099503533,-31.8696661121569,621.334936632037,1,27,2,ublox.f9p,harsh,0.920813242413061
1621309445,23,0.73,1.36,1.64012194668567,3.1,0.245,32.4814814814815,7.8464610855437,27,0,35.2323653082984,10,0,1.72829156896233,-30.4644174420851,620.207289810458,-31.7511787495248,621.361082289642,1,27,2,ublox.f9p,harsh,0.925754817540134
1621309446,23,0.77,1.4,1.64012194668567,3,0.602222222222222,32.2068965517241,7.59407339567615,26,0,29.2116985698082,10,0,1.5558196147475,-30.0866316473686,620.447214665873,-31.2609158218932,621.467818090859,1,29,2,ublox.f9p,harsh,0.872268831143008
1621309447,24,0.79,1.42,1.64012194668567,3,0.691944444444444,31.6206896551724,7.79383361155035,25,0,65.6130170012018,11,0,1.54228953006021,-29.4169204663619,620.594860731232,-30.5740325584148,621.614541367979,1,29,2,ublox.f9p,harsh,0.996170948288739
1621309448,25,0.81,1.44,1.64012194668567,3,0.5775,32.0333333333333,8.40559474329483,27,0.0333333333333333,64.8076754713514,11,0,1.5044926028274,-28.8330696924708,620.742506795886,-29.9538342149177,621.746192442484,1,30,2,ublox.f9p,harsh,0.995851153866869
1621309449,25,0.82,1.43,1.64012194668567,3,0.417222222222222,32.448275862069,7.86759269270627,26,0,64.7464161170331,11,0,1.49496232585238,-28.3694234945711,620.87169710281,-29.5073600955573,621.841239596904,1,29,2,ublox.f9p,harsh,0.995825766713192
1621309450,25,0.86,1.46,1.6280049139975,3,0.258333333333333,32.5357142857143,7.9651190633362,26,0,65.0820539780361,10,0,1.42809146158916,-28.0774981056594,621.037798925899,-29.2091382790712,621.908910710106,1,28,2,ublox.f9p,harsh,0.995962988466092
1621309451,25,0.77,1.4,1.62200493217499,3,0.458888888888889,32.3793103448276,8.31699547872328,26,0,64.0742245368604,11,0,1.44615386101272,-27.7168843934146,621.074710442062,-28.8359317077454,621.990731237684,1,29,2,ublox.f9p,harsh,0.995536828268349
1621309452,23,0.76,1.39,1.62200493217499,3,0.807222222222222,32.4444444444444,7.78723478784515,26,0,32.511363398049,9,0,1.52395430716064,-26.9956569728575,621.111621958226,-28.1187111017565,622.141760858509,1,27,2,ublox.f9p,harsh,0.904748508375986
1621309453,24,0.83,1.46,1.61604455384126,2.9,1.05916666666667,33.037037037037,7.34051707192285,24,0,29.1806293700938,9,0,1.4921559003365,-26.0511924867216,621.314635298886,-27.1324612198767,622.342928621635,1,27,2,ublox.f9p,harsh,0.871922270247393
1621309454,23,0.8,1.42,1.61604455384126,3,1.15944444444444,32.2857142857143,7.48755581371465,21,0,27.0778430332501,9,0,1.52178839554167,-24.9178351065044,621.517648638138,-26.0159897190308,622.571164830606,1,28,2,ublox.f9p,harsh,0.846548677298159
1621309455,24,0.8,1.42,1.61604455384126,3,0.974166666666667,33.5357142857143,7.57912407162739,27,0,62.5845124611513,11,0,1.57520516748021,-23.870338132092,621.628383186629,-24.9427346241878,622.782175665109,1,28,2,ublox.f9p,harsh,0.994823577573789
1621309456,25,0.74,1.26,1.61604455384126,3,0.93,31.5862068965517,8.38586072496569,26,0.0344827586206897,63.0521279048799,11,0,1.71817135397157,-22.8915294836342,621.702206218956,-24.0712514856076,622.951353447936,1,29,2,ublox.f9p,harsh,0.995058894284735
1621309457,24,0.77,1.25,1.61604455384126,3,1.14416666666667,31.5172413793103,8.32217643946914,30,0.0344827586206897,61.3214840003077,12,0,1.75929185683865,-21.7925162683606,621.886763800478,-23.0057238259762,623.160826302745,1,29,2,ublox.f9p,harsh,0.994130788043677
1621309458,24,0.92,1.63,1.69752761391384,3,0.707777777777778,30.7586206896552,9.20657828641251,34,0.0344827586206897,60.8962921695566,12,0,1.63657926509212,-20.9510842731228,622.163600172057,-22.095317304305,623.333695237118,1,29,2,ublox.f9p,harsh,0.993877413392435
1621309459,25,0.92,1.63,1.69752761391384,3,0.0188888888888889,31.2,9.02257704603979,35,0.0333333333333333,62.1801716787595,13,0,1.66462226809158,-20.6763309666828,622.218967446654,-21.8818110903975,623.366915601736,1,30,2,ublox.f9p,harsh,0.994611135610003
1621309460,24,0.83,1.31,1.69752761391384,3,0.0183333333333333,30.6896551724138,9.3009348542263,37,0.0344827586206897,60.8559545155608,12,0,1.74312688035215,-20.607642642039,622.163600172057,-21.8755146602016,623.359840894724,1,29,2,ublox.f9p,harsh,0.993852818560298
1621309461,24,0.86,1.55,1.69752761391384,3,0.451944444444444,30.9,9.41147502089686,36,0.0666666666666667,61.0501334969875,13,0,1.7551509996831,-20.2642010109552,622.274334720547,-21.6076301888476,623.403827117899,1,30,2,ublox.f9p,harsh,0.993970319664257
1621309462,25,0.8,1.42,1.69752761391384,3,1.5975,31.6451612903226,9.61092568242614,36,0.0645161290322581,62.4316826619306,12,0,1.71272870475536,-18.9762948976679,622.624994125158,-20.3526372315557,623.644367165826,1,31,4,ublox.f9p,harsh,0.994744277774941
1621309463,25,0.84,1.45,1.69752761391384,3.1,2.04694444444444,30.9666666666667,9.44122775962933,35,0.0333333333333333,62.6921379972534,12,0,1.59677807385109,-17.0701938455459,623.141755352856,-18.4007439638784,624.024555783156,1,30,4,ublox.f9p,harsh,0.994878706585982
1621309464,24,0.88,1.56,1.70320286519252,3.1,2.45888888888889,29.8333333333333,8.74971263895951,33,0.0333333333333333,61.8700476806023,13,0,1.41716726361725,-14.7863070039507,623.843074162077,-16.0556100284398,624.473338301221,1,30,4,ublox.f9p,harsh,0.994442338931654
1621309465,24,0.93,1.57,1.70891778620272,3.2,2.64777777777778,30,9.30437685024788,35,0.0344827586206897,62.1559361605953,13,0,1.30154319600505,-12.2276668546046,624.50748145443,-13.4474570468274,624.961493104087,1,29,4,ublox.f9p,harsh,0.994598130214119
1621309466,24,0.88,1.54,1.72046505340853,3.2,2.45583333333333,29.75,9.5592693041691,35,0.0357142857142857,63.5126693397992,13,0,1.29561001006503,-9.720542951363,625.024242681424,-10.9514949950296,625.428423784859,1,28,4,ublox.f9p,harsh,0.995280242532331
1621309467,23,1.09,2.09,1.80277563773199,3.3,2.11333333333333,30.6666666666667,8.36660026534076,26,0,62.6206068319367,14,0,1.27591061086142,-7.5225165155725,625.504092392959,-8.75375476102867,625.838756806715,1,27,4,ublox.f9p,harsh,0.9948421316703
1621309468,24,0.95,1.78,1.80277563773199,3.3,1.74555555555556,29.5925925925926,8.64807341488113,27,0,64.3039318562552,12,0,1.32101292180577,-5.68510379202677,625.799384522972,-6.95068620111564,626.178035160609,1,27,4,ublox.f9p,harsh,0.995637739916389
1621309469,23,0.98,1.79,1.80277563773199,3.4,1.78361111111111,30.2758620689655,8.83538564007633,28,0,62.9980621395082,11,0,1.31830897839829,-3.91637939443564,626.15004392723,-5.18854443419928,626.495781796329,1,29,2,ublox.f9p,harsh,0.995032240541725
1621309470,24,0.93,1.89,1.80277563773199,3.4,1.8,30.4333333333333,9.16395989294695,33,0,62.1781794522805,12,0,1.28826502586567,-2.16482707800546,626.57452636452,-3.42955088172548,626.819680351174,1,30,2,ublox.f9p,harsh,0.994610067706342
1621309471,26,0.79,1.3,1.80277563773199,3.4,1.49777777777778,30.7333333333333,8.59002361737885,30,0,63.4871706200027,11,0,1.22379835146908,-0.602167658278139,626.888274252262,-1.80478576802913,627.11497248154,1,30,2,ublox.f9p,harsh,0.995268249416622
1621309472,25,0.82,1.32,1.94164878389476,3.5,0.872777777777778,30.1666666666667,8.51401819043901,31,0,63.6161929071522,10,0,1.23587600217613,0.445329313512656,627.146654866112,-0.780471104494811,627.304144002142,1,30,2,ublox.f9p,harsh,0.995328624035665
1621309473,24,0.99,2.01,1.94164878389476,3.5,0.182222222222222,30.448275862069,8.02489967403488,29,0,68.2664514970567,12,0,1.2357895206958,0.823115105607571,627.220477898439,-0.404116318726375,627.365663195865,1,29,2,ublox.f9p,harsh,0.997060714526406
1621309474,24,0.74,1.17,1.94164878389476,3.5,0.00722222222222222,29.7586206896552,8.27066749946457,33,0,62.4533009535925,10,0,1.30697453903067,0.891803434183777,627.202022140709,-0.40583352684247,627.357973296694,1,29,2,ublox.f9p,harsh,0.994755567953323
1621309475,25,0.76,1.18,1.94164878389476,3.6,0.0180555555555556,29.5,7.44610263456289,31,0,62.4657089930147,10,0,1.29902013913699,0.891803434183777,627.275845173036,-0.404974921473621,627.352128973295,1,28,2,ublox.f9p,harsh,0.99476203716588
1621309476,25,0.76,1.18,2.02484567313166,3.6,0.0194444444444444,29.6896551724138,7.99599653521267,32,0,64.6556014588063,11,0,1.26195551476639,0.857459271861877,627.331212447634,-0.404402520515991,627.346592245624,1,29,2,ublox.f9p,harsh,0.995787846305419
1621309477,26,0.88,1.34,2.02484567313166,3.6,0.0336111111111111,29.7333333333333,8.01693609602921,29,0,62.7914962395387,10,0,1.21377084387169,0.805943025757422,627.441946996124,-0.403830116936759,627.343516286238,2,30,2,ublox.f9p,harsh,0.994929082151401
1621309478,24,0.88,1.34,2.02484567313166,3.6,0.0108333333333333,29.4666666666667,8.42301172009048,32,0,62.5143829604282,11,0,1.19726547398367,0.771598863435522,627.571137303049,-0.403830116936759,627.343516286238,2,30,2,ublox.f9p,harsh,0.994787337886748
1621309479,24,0.93,1.5,2.02484567313166,3.6,0.0247222222222222,29.6,8.38142445304311,32,0,65.7562018133885,13,0,1.24560205693581,0.771598863435522,627.755694883867,-0.403830116936759,627.343516286238,2,30,2,ublox.f9p,harsh,0.996225178361952
1621309480,25,0.89,1.42,2.02484567313166,3.6,0.0141666666666667,29.6666666666667,8.15087612525153,30,0,63.0828149218275,11,0,1.32668549700717,0.771598863435522,627.958708223823,-0.403830116936759,627.343516286238,2,30,2,ublox.f9p,harsh,0.995073959244991
1621309481,25,0.76,1.18,2.02484567313166,3.6,0.0511111111111111,29.6774193548387,8.80676670435559,33,0.032258064516129,63.0750163876926,12,0,1.34770199722872,0.754426782274571,628.03253125615,-0.403830116936759,627.343516286238,1,31,2,ublox.f9p,harsh,0.99507013510287
1621309482,25,0.87,1.63,2.02484567313166,3.6,0.0219444444444444,30,8.35064867739826,29,0.032258064516129,65.538444384252,13,0,1.39019412859738,0.720082619952671,628.161721563075,-0.403830116936759,627.343516286238,1,31,2,ublox.f9p,harsh,0.996142397877348
1621309483,25,0.74,1.16,2.02484567313166,3.5,0.0141666666666667,28.5,9.46524743949724,33,0.117647058823529,63.7733335879745,12,0,1.44492355241365,0.702910536170117,628.272456111565,-0.403830116936759,627.343516286238,1,34,2,ublox.f9p,harsh,0.995401121660738
1621309484,24,0.79,1.17,2.02484567313166,3.5,0.00666666666666667,28.8285714285714,11.0891725525018,37,0.142857142857143,64.2583815544712,10,0,1.53118067190659,0.702910536170117,628.40164641849,-0.403830116936759,627.343516286238,1,35,2,ublox.f9p,harsh,0.995617911638231
1621309485,24,0.75,1.23,2.02484567313166,3.4,0.0136111111111111,29.34375,10.0502266865784,34,0.09375,69.1810176276701,11,0,1.58627830954626,0.668566373848216,628.512380966981,-0.403830116936759,627.343516286238,1,32,2,ublox.f9p,harsh,0.997316916141545
1621309486,24,0.74,1.1,2.02484567313166,3.4,0.085,28.6875,10.3936627714416,36,0.09375,67.3457896576719,11,0,1.65156277617877,0.737254701113621,628.586203999308,-0.358610301028253,627.35059099325,1,32,2,ublox.f9p,harsh,0.996778170768042
1621309487,24,0.74,1.1,2.02484567313166,3.4,0.148611111111111,29,10.2788701915042,36,0.0333333333333333,66.732661245623,10,0,1.72695295704854,0.874631353022827,628.696938549207,-0.233540309032131,627.37243030715,1,30,2,ublox.f9p,harsh,0.996575147436537
1621309488,25,0.76,1.17,2.02484567313166,3.5,0.0230555555555556,28.4838709677419,9.65011560463374,33,0.032258064516129,66.6465603013389,10,0,1.76978389901463,0.926147596505678,628.770761581534,-0.172007016020723,627.382888569981,1,31,2,ublox.f9p,harsh,0.996545634122068
1621309489,25,0.74,1.16,2.02484567313166,3.5,0.00166666666666667,27.9354838709677,9.56359585048416,33,0.032258064516129,64.7061969449366,10,0,1.82299731881437,0.943319677666628,628.826128856132,-0.170003607425813,627.382580974254,1,31,2,ublox.f9p,harsh,0.995809014988074
1621309490,25,0.72,1.15,2.02484567313166,3.5,0.0102777777777778,26.78125,9.91816312012559,33,0.0625,64.1476032288035,10,0,1.86655810071097,0.943319677666628,628.881496130025,-0.16943120384658,627.382888569981,1,32,2,ublox.f9p,harsh,0.9955693139992
1621309491,25,0.8,1.48,2.02484567313166,3.6,0.0075,27.741935483871,10.168473310304,33,0.032258064516129,65.1730359534111,10,0,1.8960719429984,0.943319677666628,628.918407646189,-0.16943120384658,627.383196166061,1,31,2,ublox.f9p,harsh,0.995999405140273
1621309492,24,0.75,1.39,2.02484567313166,3.5,0.0133333333333333,28.8064516129032,10.4735201177023,34,0.0645161290322581,65.0378382174561,9,0,1.94117369117067,0.943319677666628,628.973774920786,-0.16943120384658,627.383196166061,1,31,2,ublox.f9p,harsh,0.995945171530608
1621309493,24,0.79,1.41,2.02484567313166,3.6,0.00833333333333333,27.75,10.3518737590149,33,0.0625,66.4508214145368,8,0,1.97153217223241,0.943319677666628,629.01068643695,-0.16943120384658,627.383196166061,1,32,2,ublox.f9p,harsh,0.996477593177228
1621309494,26,0.75,1.15,2.02484567313166,3.6,0.00388888888888889,28.3548387096774,10.0715718306422,33,0.032258064516129,66.4939063624129,7,0,2.02700158507694,0.960491761449182,629.066053711547,-0.16943120384658,627.383196166061,1,31,2,ublox.f9p,harsh,0.996492683688641
1621309495,24,0.76,1.25,2.02484567313166,3.6,0.0172222222222222,28.2258064516129,10.2329848282221,32,0.032258064516129,60.743490186192,7,0,2.0423498385937,0.960491761449182,629.084509469277,-0.16943120384658,627.383196166061,1,31,2,ublox.f9p,harsh,0.993783726661014
1621309496,25,0.72,1.03,2.02484567313166,3.6,0.0111111111111111,28.258064516129,10.4018195265235,33,0.032258064516129,60.6796886559631,7,0,2.06388954391106,0.943319677666628,629.121420986145,-0.16943120384658,627.383196166061,1,31,2,ublox.f9p,harsh,0.993744187998998
1621309497,25,0.79,1.41,2.02484567313166,3.6,0.0188888888888889,28.2903225806452,10.3800884658629,33,0.032258064516129,67.7325684832144,8,0,2.11983454710055,0.960491761449182,629.176788260038,-0.16943120384658,627.383196166061,1,31,2,ublox.f9p,harsh,0.996900026255175
1621309498,25,0.67,0.98,2.02484567313166,3.6,0.00555555555555556,28.0967741935484,10.5683642339127,34,0.032258064516129,59.2064315633153,8,0,2.15115535799767,0.960491761449182,629.213699776202,-0.16943120384658,627.383196166061,1,31,2,ublox.f9p,harsh,0.992758385632223
1621309499,24,0.67,0.98,2.02484567313166,3.6,0.00444444444444444,27.9677419354839,10.2289910579938,33,0.032258064516129,59.1418015646099,9,0,2.1668817813032,0.960491761449182,629.232155534635,-0.16943120384658,627.383196166061,1,31,2,ublox.f9p,harsh,0.992711773722964
1621309500,25,0.68,0.99,2.02484567313166,3.6,0.0105555555555556,26.8181818181818,10.257480640533,34,0.0606060606060606,59.1021410519372,9,0,2.21431386018316,0.960491761449182,629.287522809233,-0.16943120384658,627.383196166061,1,33,2,ublox.f9p,harsh,0.992683022768441
1621309501,25,0.69,1,2.02484567313166,3.6,0.0144444444444444,27.625,10.6035599621527,33,0.0625,60.296145813808,8,0,2.23020583550521,0.960491761449182,629.305978566963,-0.16943120384658,627.383196166061,1,32,2,ublox.f9p,harsh,0.993501179700604
1621309502,24,0.69,1,2.02484567313166,3.6,0.00833333333333333,27.3125,11.1454822324361,34,0.0625,60.2714459756857,8,0,2.23020583550521,0.960491761449182,629.305978566963,-0.16943120384658,627.383196166061,1,32,2,ublox.f9p,harsh,0.993485212583767
1621309503,24,0.82,1.51,2.02484567313166,3.6,0.00805555555555556,27.5483870967742,10.5446312079573,33,0.032258064516129,60.7629196138566,8,0,2.24613701691711,0.960491761449182,629.324434325397,-0.16943120384658,627.383196166061,1,31,2,ublox.f9p,harsh,0.993795717936908
1621309504,24,0.82,1.29,1.94164878389476,3.6,0.00805555555555556,27.9666666666667,10.4336436368236,33,0.0333333333333333,62.0818008759411,9,0,2.35926046423808,0.994835923771082,629.435168873887,-0.16943120384658,627.383196166061,2,30,2,ublox.f9p,harsh,0.994558153225698
1621309505,23,0.77,1.17,1.94164878389476,3.6,0.0486111111111111,27.8387096774194,10.9669101518874,36,0.032258064516129,63.3072237847573,8,0,2.32722786821528,0.994835923771082,629.398257357724,-0.16943120384658,627.383196166061,1,31,2,ublox.f9p,harsh,0.995182746239858
1621309506,22,0.79,1.05,1.94164878389476,3.7,0.0175,27.9677419354839,10.8918436485526,34,0.032258064516129,67.8089581102674,8,0,2.37639664511085,1.02918008478218,629.435168873887,-0.16943120384658,627.383196166061,2,31,2,ublox.f9p,harsh,0.996923544046597
1621309507,23,0.82,1.23,1.94164878389476,3.7,0.00833333333333333,28.3548387096774,10.7813060034388,33,0.032258064516129,63.101898545131,9,0,2.46613592056017,1.08069632957583,629.508991906214,-0.16943120384658,627.383196166061,2,31,2,ublox.f9p,harsh,0.995083304775208
1621309508,24,0.81,1.22,1.94164878389476,3.7,0.0183333333333333,28.21875,10.8084028690943,34,0.03125,63.6630402377054,10,0,2.57062561547633,1.09786841335839,629.619726455409,-0.16943120384658,627.383196166061,2,32,2,ublox.f9p,harsh,0.995350355488771
1621309509,25,0.85,1.28,1.94164878389476,3.7,0.0211111111111111,28.5,10.4973114837608,34,0.03125,65.6024511737176,10,0,2.68378133536762,1.09786841335839,629.74891676163,-0.16943120384658,627.383196166061,2,32,2,ublox.f9p,harsh,0.996166915956433
1621309510,24,0.81,1.22,1.94164878389476,3.7,0.00111111111111111,28.9666666666667,10.4567527541259,34,0,64.362398960884,10,0,2.78188396663065,1.09786841335839,629.859651310825,-0.16943120384658,627.383196166061,2,30,2,ublox.f9p,harsh,0.995663060082996
1621309511,23,0.82,1.29,1.94164878389476,3.7,0.00611111111111111,28.7666666666667,10.2273579469339,32,0,62.9131483139195,9,0,2.86433977580998,1.09786841335839,629.951930101586,-0.16943120384658,627.383196166061,2,30,2,ublox.f9p,harsh,0.994990090024652
1621309512,24,0.86,1.36,1.94164878389476,3.7,0.00388888888888889,29.6206896551724,9.63777461385092,34,0,69.5432671076072,9,0,2.94737799501131,1.09786841335839,630.044208891642,-0.16943120384658,627.383196166061,2,29,2,ublox.f9p,harsh,0.997412124320485
1621309513,25,0.8,1.28,1.94164878389476,3.7,0.0169444444444444,29.8620689655172,9.55332454448276,32,0,64.4879386456819,10,0,2.94003530174892,1.08069632957583,630.044208891642,-0.16943120384658,627.383196166061,2,29,2,ublox.f9p,harsh,0.995716933822853
1621309514,24,0.8,1.28,1.94164878389476,3.7,0.00861111111111111,30.2068965517241,9.71515498863513,33,0,66.1035110010555,8,0,2.93277477365213,1.06352424841488,630.044208891642,-0.16943120384658,627.383196166061,2,29,2,ublox.f9p,harsh,0.996353560998258
1621309515,23,0.83,1.61,1.94164878389476,3.7,0.000833333333333333,30.3103448275862,9.3392545139774,33,0,65.9422231957643,8,0,2.91850265494779,1.02918008478218,630.044208891642,-0.16943120384658,627.383196166061,2,29,2,ublox.f9p,harsh,0.996294491233425
1621309516,26,0.79,1.26,1.94164878389476,3.7,0.00555555555555556,30.551724137931,9.21018926010191,32,0,65.1130463117799,9,0,2.91149228570994,1.01200800493203,630.044208891642,-0.16943120384658,627.383196166061,2,29,2,ublox.f9p,harsh,0.995975430462718
1621309517,24,0.79,1.26,1.94164878389476,3.7,0.0155555555555556,30.6206896551724,8.98178232830787,31,0,66.2266359382107,9,0,2.88078711014039,0.977663842610132,630.025753133913,-0.16943120384658,627.383196166061,2,29,2,ublox.f9p,harsh,0.996398021765274
1621309518,24,0.8,1.46,1.86010752377383,3.7,0.00638888888888889,30.6551724137931,9.02091166626968,32,0,71.9859625204803,9,0,2.83708802354378,0.994835923771082,629.970385859315,-0.16943120384658,627.383196166061,2,29,2,ublox.f9p,harsh,0.997971840345399
1621309519,25,0.78,1.21,1.86010752377383,3.7,0.0127777777777778,30.6206896551724,9.1002896072576,33,0,66.03756797926,6,0,2.76275931233047,0.977663842610132,629.896562826988,-0.16943120384658,627.383196166061,2,29,2,ublox.f9p,harsh,0.996329524371546
1621309520,24,0.67,1.03,1.86010752377383,3.7,0.0119444444444444,30.8965517241379,8.64103510493558,31,0,63.2211610143313,5,0,2.66456018873216,0.943319677666628,629.804284036227,-0.16943120384658,627.383196166061,1,29,2,ublox.f9p,harsh,0.995141311008167
1621309521,23,0.69,1.08,1.86010752377383,3.7,0.0169444444444444,30.5172413793103,8.52148834105862,29,0,70.5002382974696,9,0,2.58314019576079,0.908975515344727,629.7304610039,-0.16943120384658,627.383196166061,1,29,2,ublox.f9p,harsh,0.997647740351584
1621309522,22,0.68,1.03,1.86010752377383,3.7,0.0155555555555556,30.448275862069,8.71200406211597,33,0,67.7257478591187,6,0,2.47553765718291,0.891803434183777,629.619726455409,-0.16943120384658,627.383196166061,1,29,2,ublox.f9p,harsh,0.996897917719585
1621309523,24,0.67,1.03,1.86010752377383,3.7,0.0186111111111111,30.551724137931,8.68326060753247,32,0,69.3937807011551,7,0,2.37009403304669,0.840287190700926,629.527447664648,-0.16943120384658,627.383196166061,1,29,2,ublox.f9p,harsh,0.997373250884674
1621309524,23,0.71,1.24,1.86010752377383,3.7,0.00805555555555556,30.0344827586207,10.083518230334,38,0,70.6226422615297,8,0,2.296044905988,0.823115105607571,629.453624632321,-0.16943120384658,627.383196166061,1,29,2,ublox.f9p,harsh,0.997676290944768
1621309525,24,0.68,1.07,1.86010752377383,3.7,0.0113888888888889,29.9655172413793,9.49993518256343,34,0,72.0288454949358,8,0,2.21462967858766,0.788770944596472,629.37980159929,-0.16943120384658,627.383196166061,1,29,2,ublox.f9p,harsh,0.997980501548796
1621309526,24,0.68,1.07,1.86010752377383,3.7,0.0119444444444444,29.8275862068966,9.1732100843288,33,0,74.6300235606734,9,0,2.13321488362953,0.754426782274571,629.305978566963,-0.16943120384658,627.383196166061,1,29,2,ublox.f9p,harsh,0.998442325453262
1621309527,25,0.68,1.03,1.86010752377383,3.7,0.0147222222222222,30.1724137931034,9.46447857411083,34,0,71.6390337305449,9,0,2.05930329890827,0.737254701113621,629.232155534635,-0.16943120384658,627.383196166061,1,29,2,ublox.f9p,harsh,0.997900393194217
1621309528,25,0.68,1.03,1.86010752377383,3.6,0.00583333333333333,30.3448275862069,8.93338786347105,29,0,71.6430280036966,9,0,1.97686772008701,0.737254701113621,629.139876743874,-0.16943120384658,627.383196166061,2,29,2,ublox.f9p,harsh,0.997901229907299
1621309529,25,0.68,1.03,1.86010752377383,3.6,0.0169444444444444,30.1724137931034,9.27773435057304,32,0,71.5174938254755,8,0,1.88718524566993,0.720082619952671,629.047597953113,-0.16943120384658,627.383196166061,2,29,2,ublox.f9p,harsh,0.997874773450154
1621309530,25,0.7,1.15,1.94164878389476,3.6,0.00944444444444444,29.7586206896552,9.40613467148584,32,0,70.2480832478723,8,0,1.80632376954242,0.720082619952671,628.955319163057,-0.16943120384658,627.383196166061,2,29,2,ublox.f9p,harsh,0.997587817696496
1621309531,23,0.7,1.15,1.94164878389476,3.6,0.00638888888888889,30.7857142857143,8.32380407540412,27,0,70.7824984253405,9,0,1.7251718538168,0.685738453698365,628.881496130025,-0.16943120384658,627.383196166061,2,28,2,ublox.f9p,harsh,0.997713057266617
1621309532,24,0.7,1.15,1.94164878389476,3.6,0.0202777777777778,30.6785714285714,8.35797942721924,27,0,69.7466377559583,8,0,1.62808170471798,0.651394292687266,628.789217339968,-0.16943120384658,627.383196166061,2,28,2,ublox.f9p,harsh,0.997464090441308
1621309533,23,0.7,1.15,1.94164878389476,3.6,0.00861111111111111,30.1785714285714,8.96930391381699,33,0,67.9732974532402,9,0,1.54703095466116,0.617050130365365,628.715394306585,-0.16943120384658,627.383196166061,2,28,2,ublox.f9p,harsh,0.99697353739006
1621309534,23,0.69,1.14,1.94164878389476,3.6,0.00361111111111111,29.75,8.57483397960437,32,0,67.6253589023132,8,0,1.51381285853676,0.582705965421861,628.696938549207,-0.16943120384658,627.383196166061,2,28,2,ublox.f9p,harsh,0.99686671746823
1621309535,24,0.73,1.16,1.94164878389476,3.6,0.00972222222222222,29.75,8.56619108061626,32,0,68.8829504998531,8,0,1.47325175839637,0.565533884260911,628.660027033044,-0.16943120384658,627.383196166061,2,28,2,ublox.f9p,harsh,0.997235962799388
1621309536,22,0.73,1.16,1.94164878389476,3.6,0.0108333333333333,30.1785714285714,7.91647869451026,26,0,70.4218006018023,9,0,1.44026997281013,0.53118972193901,628.641571274258,-0.16943120384658,627.383196166061,2,28,2,ublox.f9p,harsh,0.997629261131827
1621309537,22,0.72,1.16,2,3.7,0.00527777777777778,30.2962962962963,7.55398425088894,23,0,67.4914284681149,8,0,1.42417333151055,0.53118972193901,628.62311551688,-0.16943120384658,627.383196166061,2,27,2,ublox.f9p,harsh,0.996824605155573
1621309538,23,0.7,1.15,2,3.7,0.0125,30.5185185185185,7.59742046492082,23,0,68.7718724100385,8,0,1.38359320975255,0.51401764077806,628.586203999308,-0.16943120384658,627.383196166061,2,27,2,ublox.f9p,harsh,0.997205175536994
1621309539,22,0.71,1.16,2,3.7,0.00777777777777778,30.0357142857143,7.97905658053281,25,0,67.313297349038,8,0,1.35162233776121,0.51401764077806,628.549292483144,-0.16943120384658,627.383196166061,2,28,2,ublox.f9p,harsh,0.996767719167454
1621309540,22,0.7,1.15,2,3.7,0.0194444444444444,29.8928571428571,8.19367093470585,26,0,67.2130288708967,8,0,1.31109993523033,0.49684555961711,628.512380966981,-0.16943120384658,627.383196166061,2,28,2,ublox.f9p,harsh,0.996735252893374
1621309541,24,0.7,1.15,2,3.7,0.0202777777777778,30.1428571428571,8.11817478900041,31,0,64.3528024395067,7,0,1.29523887159229,0.49684555961711,628.493925209956,-0.16943120384658,627.383196166061,2,28,2,ublox.f9p,harsh,0.99565891420775
1621309542,21,0.73,1.16,2,3.7,0.00527777777777778,30.1428571428571,8.42269546771097,32,0,61.7822925008992,7,0,1.28648975803904,0.47967347845616,628.493925209956,-0.16943120384658,627.383196166061,2,28,2,ublox.f9p,harsh,0.994393627586413
1621309543,21,0.7,1.15,2,3.7,0.0102777777777778,30.7857142857143,9.05684575481194,30,0,61.8488277981079,8,0,1.27791150633543,0.462501394673606,628.493925209956,-0.16943120384658,627.383196166061,2,28,2,ublox.f9p,harsh,0.994430598870012
1621309544,23,0.73,1.19,2,3.7,0.00722222222222222,31.1428571428571,8.28525815201329,30,0,66.7319045384839,9,0,1.23734173798804,0.445329313512656,628.457013693792,-0.16943120384658,627.383196166061,2,28,2,ublox.f9p,harsh,0.996574889153382
1621309545,21,0.73,1.19,2,3.8,0.0169444444444444,30.5357142857143,7.53501526385017,26,0,68.1564435691887,9,0,1.22135947055393,0.445329313512656,628.438557934654,-0.16943120384658,627.383196166061,2,28,2,ublox.f9p,harsh,0.997028298168468
1621309546,22,0.71,1.16,2,3.8,0.0230555555555556,29.25,7.28074579004509,25,0,60.7206060575815,8,0,1.20544787013286,0.445329313512656,628.42010217622,-0.16943120384658,627.383196166061,2,28,2,ublox.f9p,harsh,0.993769573703735
1621309547,22,0.75,1.19,2,3.8,0.00666666666666667,29.8214285714286,7.93050169553334,25,0,66.0666740245539,9,0,1.1829318649415,0.462501394673606,628.383190660056,-0.16943120384658,627.383196166061,2,28,2,ublox.f9p,harsh,0.996340153099766
1621309548,21,0.73,1.19,2,3.8,0.0113888888888889,30,7.95356896363257,25,0,68.5573715948912,10,0,1.1767562106817,0.47967347845616,628.364734902327,-0.16943120384658,627.383196166061,2,28,2,ublox.f9p,harsh,0.997144751763656
1621309549,22,0.75,1.19,2.08086520466848,3.9,0.0147222222222222,29.7857142857143,8.41232404078658,29,0,61.9037357515683,8,0,1.16140678092442,0.47967347845616,628.346279143893,-0.16943120384658,627.383196166061,2,28,2,ublox.f9p,harsh,0.994460926586667
1621309550,22,0.77,1.2,2.08086520466848,3.9,0.01,29.3793103448276,8.57910165586554,29,0.0344827586206897,65.6157818922653,11,0,1.16140678092442,0.47967347845616,628.346279143893,-0.16943120384658,627.383196166061,2,29,2,ublox.f9p,harsh,0.996172002781373
1621309551,21,0.8,1.32,2.08086520466848,3.9,0.0105555555555556,31.0714285714286,9.22528157325402,29,0,72.4463939751317,11,0,1.15596077376793,0.49684555961711,628.327823386163,-0.16943120384658,627.383196166061,2,28,2,ublox.f9p,harsh,0.998062929205808
1621309552,22,0.88,1.54,2.08086520466848,3.9,0.0336111111111111,30.3448275862069,8.83691875061246,27,0.0344827586206897,72.3445690198419,11,0,1.21599551386105,0.548361801789159,628.364734902327,-0.16943120384658,627.383196166061,2,29,2,ublox.f9p,harsh,0.998043143023173
1621309553,23,0.84,1.43,2.08086520466848,3.9,0.0127777777777778,30.6896551724138,8.25531624502773,26,0,212.130309008402,13,0,1.24103290397892,0.565533884260911,628.383190660056,-0.16943120384658,627.383196166061,2,29,2,ublox.f9p,harsh,0.999999998334318
1621309554,23,0.84,1.43,2,3.9,0.00444444444444444,30.4285714285714,8.25262504333137,27,0,73.562666029266,13,0,1.28097009929944,0.582705965421861,628.42010217622,-0.16943120384658,627.383196166061,2,28,2,ublox.f9p,harsh,0.998267172710923
1621309555,24,0.86,1.63,2,3.9,0.0297222222222222,30.9285714285714,7.95789182686233,26,0,73.5681656696699,12,0,1.32095450704911,0.599878049204415,628.457013693792,-0.16943120384658,627.383196166061,2,28,2,ublox.f9p,harsh,0.998268123791601
1621309556,23,0.86,1.63,2,3.9,0.0127777777777778,30.6206896551724,7.87134855528694,26,0.0344827586206897,73.3274675684358,11,0,1.34124676883264,0.634222211526316,628.457013693792,-0.16943120384658,627.383196166061,2,29,2,ublox.f9p,harsh,0.998226006972101
1621309557,23,0.86,1.63,2,3.9,0.0186111111111111,31.1785714285714,7.60630134203347,26,0,72.971318566498,11,0,1.35160592578736,0.651394292687266,628.457013693792,-0.16943120384658,627.383196166061,2,28,2,ublox.f9p,harsh,0.998161806057051
1621309558,23,0.78,1.4,2,3.9,0.0205555555555556,31.1428571428571,7.71585326029413,27,0,73.1689141644182,10,0,1.33699026113432,0.651394292687266,628.438557934654,-0.16943120384658,627.383196166061,2,28,2,ublox.f9p,harsh,0.99819770663952
1621309559,24,0.78,1.4,2.08086520466848,3.9,0.00972222222222222,31.4642857142857,7.6278347146397,28,0,73.4205977002821,11,0,1.31889380046168,0.668566373848216,628.40164641849,-0.16943120384658,627.383196166061,2,28,2,ublox.f9p,harsh,0.998242422597122
1621309560,24,0.78,1.4,2.08086520466848,3.9,0.015,31.4642857142857,7.74827169668916,29,0,73.5599585372368,11,0,1.31579030670051,0.685738453698365,628.383190660056,-0.16943120384658,627.383196166061,2,28,2,ublox.f9p,harsh,0.998266704299103
1621309561,24,0.75,1.23,2.08086520466848,3.9,0.000555555555555556,31.25,7.49629538134967,26,0,73.2098126391993,12,0,1.31579030670051,0.685738453698365,628.383190660056,-0.16943120384658,627.383196166061,2,28,2,ublox.f9p,harsh,0.998205049487906
1621309562,25,0.75,1.23,2.08086520466848,4,0.00722222222222222,31,7.59629539339432,25,0,73.1449958415931,12,0,1.30469495601226,0.668566373848216,628.383190660056,-0.16943120384658,627.383196166061,2,28,2,ublox.f9p,harsh,0.998193398493818
1621309563,25,0.72,1.22,2.08086520466848,4,0.0241666666666667,31.3928571428571,7.73323412634779,25,0,72.9925110313837,12,0,1.25434749341258,0.634222211526316,628.346279143893,-0.16943120384658,627.383196166061,2,28,2,ublox.f9p,harsh,0.998165690380026
1621309564,25,0.75,1.23,2.08086520466848,4,0.0113888888888889,31.6785714285714,7.80813237701124,26,0,72.7472994916879,11,0,1.25434749341258,0.634222211526316,628.346279143893,-0.16943120384658,627.383196166061,2,28,2,ublox.f9p,harsh,0.998120240578386
1621309565,25,0.72,1.22,2.08086520466848,3.9,0.0405555555555556,31.3928571428571,7.87089945311577,27,0,72.6092911869181,11,0,1.24341534140998,0.617050130365365,628.346279143893,-0.16943120384658,627.383196166061,2,28,2,ublox.f9p,harsh,0.998094168282968
1621309566,25,0.7,1.15,2.08086520466848,3.9,0.0269444444444444,30.4193548387097,8.47259973305473,28,0.0645161290322581,72.2555044039322,10,0,1.19310682581411,0.582705965421861,628.309367627729,-0.16943120384658,627.383196166061,2,31,2,ublox.f9p,harsh,0.998025671070459
1621309567,26,0.7,1.15,2.08086520466848,3.9,0.0241666666666667,30.7666666666667,8.54474362858014,30,0.0333333333333333,72.022123337208,10,0,1.13950586350273,0.565533884260911,628.254000353131,-0.16943120384658,627.383196166061,2,30,2,ublox.f9p,harsh,0.997979146298011
1621309568,25,0.72,1.16,2.08086520466848,3.9,0.0438888888888889,30.448275862069,8.74065299496125,31,0.0344827586206897,71.7690305772622,11,0,1.12546502643913,0.565533884260911,628.235544595402,-0.16943120384658,627.383196166061,2,29,2,ublox.f9p,harsh,0.997927454576291
1621309569,25,0.7,1.15,2.08086520466848,3.9,0.0277777777777778,29.9677419354839,8.96840331745379,33,0.0645161290322581,71.6471678900616,10,0,1.07508466690842,0.53118972193901,628.198633079238,-0.16943120384658,627.383196166061,2,31,2,ublox.f9p,harsh,0.99790209677202
1621309570,26,0.7,1.15,2.08086520466848,3.9,0.005,30.1,9.13254883785803,34,0.0333333333333333,69.9733949440786,10,0,1.02215858784745,0.51401764077806,628.143265804641,-0.16943120384658,627.383196166061,2,30,2,ublox.f9p,harsh,0.997520805987805
1621309571,25,0.7,1.15,2.08086520466848,3.9,0.0125,29.8965517241379,9.35545993213973,34,0.0344827586206897,71.048096971934,11,0,0.943328862042693,0.49684555961711,628.05098701388,-0.16943120384658,627.383196166061,2,29,2,ublox.f9p,harsh,0.99777286509571
1621309572,25,0.72,1.16,2.08086520466848,3.9,0.00666666666666667,30.1034482758621,9.28649106262197,33,0.0344827586206897,70.6009531333206,11,0,0.880000819870575,0.462501394673606,627.995619739987,-0.16943120384658,627.383196166061,2,29,2,ublox.f9p,harsh,0.997671257302295
1621309573,25,0.7,1.15,2.08086520466848,3.9,0.0155555555555556,30.1379310344828,9.51961935737767,34,0.0344827586206897,70.0878377466447,11,0,0.829603648934496,0.445329313512656,627.940252465389,-0.16943120384658,627.383196166061,2,29,2,ublox.f9p,harsh,0.99754894769823
1621309574,25,0.7,1.15,2.08086520466848,3.9,0.0025,30.4137931034483,9.34083676803602,33,0.0344827586206897,69.463998469231,10,0,0.768715620595163,0.428157232351705,627.866429433062,-0.16943120384658,627.382888569981,2,29,2,ublox.f9p,harsh,0.997391582783309
1621309575,25,0.73,1.19,2.08086520466848,3.9,0.00555555555555556,29.8,9.57871202917861,33,0.0333333333333333,75.2321601222952,10,0,0.696319504473764,0.393813070029805,627.792606400735,-0.16943120384658,627.383196166061,2,30,2,ublox.f9p,harsh,0.998533217234808
1621309576,25,0.77,1.2,2.08086520466848,3.9,0.00916666666666667,30.1333333333333,9.21667653966339,34,0.0666666666666667,68.3190371224107,10,0,0.636460325222442,0.359468907707904,627.737239126137,-0.16943120384658,627.383196166061,2,30,2,ublox.f9p,harsh,0.997076085300127
1621309577,24,0.75,1.19,2.08086520466848,3.9,0.0411111111111111,30.9642857142857,8.08511271529641,27,0.0357142857142857,65.1771132143525,9,0,0.576428727003625,0.342296826546954,627.68187185154,-0.153117726743677,627.387194913686,2,28,2,ublox.f9p,harsh,0.996001029433125
1621309578,24,0.75,1.19,2.08086520466848,3.9,0.362777777777778,31.5714285714286,7.87131958172656,29,0,65.1376902849047,9,0,0.470472624848412,0.548361801789159,627.644960335376,0.123066584712014,627.443792571897,2,28,2,ublox.f9p,harsh,0.995985296620626
1621309579,24,0.74,1.16,2.08086520466848,3.9,0.713333333333333,31.0357142857143,8.27079709919695,27,0,64.9202353393896,7,0,0.382848760196816,1.13221257568029,627.626504577647,0.754140581795757,627.566215767537,2,28,2,ublox.f9p,harsh,0.995897400869348
1621309580,25,0.75,1.19,2.08086520466848,3.9,0.996944444444444,30.1428571428571,8.64404863010249,27,0,70.6554838020684,9,0,0.417318669186637,2.07667706050538,627.774150642301,1.66139888902439,627.732932782784,2,28,2,ublox.f9p,harsh,0.997683892199416
1621309581,25,0.77,1.19,2.08086520466848,3.9,1.39638888888889,29.6785714285714,9.01871950929297,28,0,68.2703937784649,10,0,0.445385507308489,3.34741109394254,627.977163981553,2.90208177911908,627.97008927454,2,28,2,ublox.f9p,harsh,0.997061869643193
1621309582,25,0.77,1.19,2.16333076527839,3.9,1.58583333333333,30.5714285714286,8.35520938154896,26,0,67.7119111875205,9,0,0.41023093933682,4.87572634872636,628.217088836968,4.46674460744131,628.249078817972,2,28,2,ublox.f9p,harsh,0.996893635841832
1621309583,25,0.81,1.36,2.16333076527839,3.9,1.99055555555556,30.4642857142857,8.2393911266286,25,0,71.4219026757071,10,0,0.400292641764403,6.66162282878924,628.586203999308,6.2617995290423,628.566825453692,2,28,2,ublox.f9p,harsh,0.99785440455439
1621309584,24,0.77,1.29,2.24722050542442,4,2.68555555555556,30.0714285714286,8.19181421333639,25,0,67.2527973395903,11,0,0.398792158325175,9.0485421612826,629.01068643695,8.6512946750206,628.975620496207,2,28,2,ublox.f9p,harsh,0.996748168374389
1621309585,23,0.92,1.67,2.24722050542442,4,3.51138888888889,29.8518518518519,8.08466594002642,25,0,30.4732812405428,10,0,0.373597112153344,12.259721406542,629.545903422378,11.8876596410638,629.512067865953,2,27,2,ublox.f9p,harsh,0.885677361994188
1621309586,24,0.95,1.57,2.33238075793812,4.1,4.11361111111111,30.4074074074074,8.67028195468805,27,0,29.9587519463314,11,0,0.361483349363507,16.1577839126582,630.339501021655,15.8398142054586,630.167554875521,2,27,2,ublox.f9p,harsh,0.880363319177376
1621309587,25,1,1.71,2.33238075793812,4.1,4.65916666666667,30.25,8.33833183423266,25,0,64.0196389139041,11,0,0.389005546348955,20.6053530290329,631.151554380071,20.2896729322178,630.924240958635,2,28,2,ublox.f9p,harsh,0.995512508779588
1621309588,25,0.92,1.73,2.33238075793812,4.2,5.34083333333333,31.7777777777778,9.19587421423883,28,0,61.8740937570876,10,0,0.486139899689871,25.6711170803097,632.203532592494,25.4023740062085,631.798428701876,2,27,2,ublox.f9p,harsh,0.994444574659173
1621309589,24,1.01,2,2.33238075793812,4.2,5.65166666666667,28.6896551724138,9.43437274876086,30,0.0344827586206897,65.751422037854,8,0,0.419468216952893,31.1490110899358,633.163232014859,30.9646974153128,632.786426953348,2,29,2,ublox.f9p,harsh,0.996223380466377
1621309590,20,1.01,2,2.64196896272458,4.4,5.92583333333333,24.1,5.5792101776951,26,0.0333333333333333,62.2728603039461,8,0,0.293698570330339,36.9016584020696,634.141387196363,36.8421285202747,633.85378496517,2,30,2,ublox.f9p,harsh,0.994660588018947
1621309591,19,1.01,2,3.0886890422961,4.6,5.50333333333333,22.2592592592593,5.12604655425146,22,0.037037037037037,25.4194538958577,7,1,3.48729646117449,41.0057858873604,637.850994578901,43.0423947589271,635.020188878685,2,27,2,ublox.f9p,harsh,0.823747349682041
1621309592,19,0.72,1.24,3.49857113690718,4.9,3.4225,21.2857142857143,4.09929662310899,21,0.0357142857142857,24.6281343182954,8,1,8.0635934267879,42.8947148570106,641.062296493583,49.3462658881246,636.22504228841,2,28,2,ublox.f9p,harsh,0.811962604741747
1621309593,23,0.66,1.12,3.96610640301039,5.2,0.699722222222222,21.5714285714286,5.71825259134403,28,0.0357142857142857,22.8038672956225,8,1,12.8788842436029,43.0149194290696,640.54553526518,55.5061777334272,637.40959436428,2,28,2,ublox.f9p,harsh,0.782515599159787
1621309594,24,0.74,1.17,4.5,5.6,1.47861111111111,21.2857142857143,6.35876264959327,32,0.0357142857142857,27.3253212573646,8,1,17.949221630179,43.4785656269693,639.253632197343,61.4148047862684,638.571076741931,2,28,2,ublox.f9p,harsh,0.849736020409257
1621309595,23,0.85,1.22,4.62276973253049,6,2.43972222222222,22.2857142857143,8.45842618605693,35,0.0357142857142857,26.3764529974611,10,1,25.8843209184511,41.7785295592652,637.62952548192,67.5709960161708,639.808227728387,2,28,2,ublox.f9p,harsh,0.837214278255135
1621309596,23,0.89,1.24,4.96789693934969,6.5,1.76083333333333,20.8620689655172,6.91129581570755,29,0.0344827586206897,27.9190306552228,13,1,33.1854936117772,41.3663995982944,636.503724236466,74.2234604008004,641.161034799198,2,29,2,ublox.f9p,harsh,0.85716043946083
1621309597,24,0.93,1.68,5.40370243444252,7,5.9575,22.0625,7.12984413710109,26,0.0625,27.4368603223442,13,1,33.9120021214638,47.7372418479519,635.747038152648,80.9603541849082,642.547677426433,2,32,2,ublox.f9p,harsh,0.851154655100921
1621309598,22,0.87,1.42,5.64003546088143,7.3,7.04277777777778,22.2413793103448,8.15762208180525,31,0.0689655172413793,26.1118363965463,12,1,32.7051369140405,55.7566039244523,637.703348514247,87.856948329056,643.96384926674,2,29,2,ublox.f9p,harsh,0.833575654376941
1621309599,21,0.95,1.68,5.80086200490927,7.7,7.31277777777778,23.6896551724138,9.01230685656271,39,0.0689655172413793,24.9336938881725,14,1,30.18679445774,65.1669046025165,640.840827395193,95.005113467455,645.415087047437,2,29,2,ublox.f9p,harsh,0.816583460897843
1621309600,21,1.14,2.24,6.04648658313239,8.2,7.17055555555556,22.9666666666667,8.05362772545577,31,0.0333333333333333,25.4186658074056,13,1,28.7677891422825,73.9074940982633,642.317288045962,102.324140816027,646.798346118854,2,30,2,ublox.f9p,harsh,0.823735907318788
1621309601,21,1.05,1.74,5.85234995535981,8,7.59222222222222,25.8888888888889,10.2331788178429,34,0.037037037037037,28.7128890918347,13,1,25.5391384837948,84.5541846487535,644.107496584473,109.756503904194,648.241586404653,2,27,2,ublox.f9p,harsh,0.866607344567343
1621309602,20,0.86,1.46,5.88302643203309,8.1,7.41583333333333,24.962962962963,9.92851945536184,34,0.037037037037037,34.2460083938127,17,1,23.2831410366488,94.2735827929581,646.174541494563,117.271292983244,649.80909546116,2,27,2,ublox.f9p,harsh,0.918684106626639
1621309603,20,0.86,1.46,5.74543296888929,8.3,7.45388888888889,26.1111111111111,10.5222596773672,34,0.037037037037037,34.3025058087876,13,1,22.8821701050225,102.670730662864,646.322187559217,124.996153859969,651.339077809696,2,27,2,ublox.f9p,harsh,0.919105165645123
1621309604,21,0.88,1.51,5.74543296888929,8.5,8.52083333333333,23.9615384615385,8.29207221015721,33,0,49.5698058516867,14,1,22.4824151483924,111.480008485876,647.171152433092,133.321178986378,652.502405763473,2,26,3,ublox.f9p,harsh,0.981237983304895
1621309605,21,0.96,1.9,5.78013840664737,8.5,9.11555555555556,23.8846153846154,7.95148752411483,32,0,52.1721606589768,14,1,21.3807461770238,121.422643694349,648.924449455439,142.334518378659,653.377516294601,2,26,3,ublox.f9p,harsh,0.985474479106288
1621309606,20,1.1,1.99,5.74543296888929,8.7,9.36305555555556,24.2307692307692,7.89586064875865,33,0,54.2859432667761,13,1,19.6029602409241,132.069334242218,653.335375646846,151.639210756272,654.473788327687,2,26,2,ublox.f9p,harsh,0.988209426937335
1621309607,20,1,1.91,5.74543296888929,8.7,9.42888888888889,24.7142857142857,8.83116175762951,35,0.0357142857142857,35.5545004183718,10,1,18.762085185032,142.200862344771,656.19601815727,160.961647617315,655.975164251039,2,28,2,ublox.f9p,harsh,0.927938801168335
1621309608,20,0.83,1.47,5.88302643203309,8.9,8.58722222222222,21.8787878787879,6.3529401449131,29,0.0606060606060606,34.381768424559,8,1,19.6004560856609,150.889935598346,658.779824294354,170.458667307864,657.66509650389,2,33,2,ublox.f9p,harsh,0.919692535729325
1621309609,20,0.82,1.47,5.99082632030006,9.1,8.76222222222222,20,7.51342883796911,33,0.0625,37.2381595452271,7,1,20.8596090005383,159.561836769449,661.289807399815,180.354937893269,659.62540561241,2,32,2,ublox.f9p,harsh,0.938417427638808
1621309610,23,0.8,1.38,6.04648658313239,9.4,9.84305555555556,20.2258064516129,7.64072281667712,28,0.0645161290322581,38.4021187862431,9,1,21.1201109085589,169.418611569495,662.803179565691,190.504782884143,661.606323651569,2,31,2,ublox.f9p,harsh,0.944810511374497
1621309611,23,0.76,1.38,6.04648658313239,9.7,10.4525,21.1,7.64898009879253,32,0.0333333333333333,40.9072287454964,7,1,20.5882796283794,180.271367096538,664.464197796925,200.842375963249,663.621077246801,2,30,2,ublox.f9p,harsh,0.956508446579154
1621309612,24,0.72,1.24,5.90762219509677,9.6,10.5319444444444,22.7931034482759,7.59407339567615,32,0.0344827586206897,38.3012203233901,10,1,19.3375003004979,192.085759186946,667.343296065079,211.345393430324,665.609685185131,2,29,2,ublox.f9p,harsh,0.944282022965971
1621309613,22,0.72,1.24,5.8821764679411,9.6,10.5583333333333,23.4642857142857,7.56934432728315,32,0.0714285714285714,39.9013220332359,11,1,19.1817410298898,202.801138064702,669.890190686703,221.845835085224,667.601369082848,2,28,2,ublox.f9p,harsh,0.952126336572541
1621309614,23,0.8,1.21,5.94053869611166,9.7,10.235,22.9333333333333,6.78707358263427,30,0.0666666666666667,37.729564004902,13,1,18.9009691996679,213.43065653141,672.455541066058,232.10872961128,669.561370595993,2,30,2,ublox.f9p,harsh,0.941196823175889
1621309615,19,1.02,1.7,5.94053869611166,9.9,9.74527777777778,24.5,8.58527207208509,35,0.0666666666666667,38.502561242367,10,1,19.3796679515352,222.978333861383,674.947068413085,242.040489164856,671.453393399858,2,30,2,ublox.f9p,harsh,0.945331920661384
1621309616,20,0.89,1.36,5.94053869611166,10,9.6975,21.4666666666667,6.53232457612266,29,0.0666666666666667,34.4676736423535,7,1,19.2766290607671,232.783592412703,677.087936355502,251.686333563168,673.309735071172,2,30,2,ublox.f9p,harsh,0.920324732796976
1621309617,19,0.89,1.43,6,10,8.35888888888889,21.2258064516129,6.86881686764834,25,0.0645161290322581,33.3930778314731,8,1,20.4979387965592,240.665577835983,678.933512168259,260.799557230594,675.087947366455,2,31,2,ublox.f9p,harsh,0.912080592419784
1621309618,19,0.72,1.08,6,9.8,7.34916666666667,22.258064516129,8.61768623988088,35,0.0645161290322581,24.7563070113881,7,1,20.3774909700986,248.478874933309,680.262326753317,268.51983888524,676.574251087895,2,31,2,ublox.f9p,harsh,0.813911716649265
1621309619,21,0.69,1.22,5.86003412959345,9.8,3.85444444444444,23.6333333333333,9.13305226516092,36,0.0333333333333333,19.7180892451135,13,1,21.0879441714938,252.102184136918,681.775698919544,272.727857464176,677.384458869481,2,30,2,ublox.f9p,harsh,0.725479907949317
1621309620,21,0.72,1.08,5.64003546088143,9.1,0.331388888888889,25.551724137931,8.5964536163656,36,0,16.520084195251,13,1,19.687504057539,254.145661838327,681.425039515638,273.441643652622,677.518263115838,2,29,2,ublox.f9p,harsh,0.657462912594511
1621309621,23,0.7,0.99,5.44058820349418,8.6,0.0322222222222222,25.8666666666667,8.58922072388864,35,0,38.0252719168164,15,1,17.9870705118121,255.742665420377,680.723720706418,273.441643652622,677.517340327952,2,30,2,ublox.f9p,harsh,0.942812236094899
1621309622,24,0.72,0.99,5.22015325445528,8.1,0.0225,25.6896551724138,9.30477392170224,36,0,18.4480844041277,12,1,16.4186171197192,257.236636512839,680.151592204826,273.44250225668,677.517032731872,2,29,2,ublox.f9p,harsh,0.699476961663066
1621309623,22,0.66,0.93,5,7.6,0.0283333333333333,25.8965517241379,9.48436618707035,36,0,21.4427476917355,12,1,14.8820344043088,258.7306076053,679.745565525618,273.444791868375,677.516725135793,2,29,2,ublox.f9p,harsh,0.758463626996185
1621309624,22,0.66,0.97,4.86004115208915,7.3,0.0136111111111111,26.4827586206897,8.76527519596982,37,0,28.3746365615491,11,1,13.8053547729336,259.812448743346,679.653286735561,273.45137449905,677.516109944338,2,29,2,ublox.f9p,harsh,0.862648462279123
1621309625,23,0.66,0.97,4.64004310324807,7,0.0163888888888889,26.4666666666667,8.4352844047196,37,0,27.6243670004204,10,1,13.0109960388219,260.653880738583,679.727109767888,273.474843010407,677.511496004906,2,30,2,ublox.f9p,harsh,0.853514577083429
1621309626,22,0.67,1.03,4.5,6.8,0.0130555555555556,26.5,8.28271985979618,36,0,16.8580911759083,8,1,12.3278934674662,261.392280244234,679.93012310714,273.480280836545,677.50995802486,2,30,2,ublox.f9p,harsh,0.665033996560405
1621309627,23,0.67,1.03,4.42040722106007,6.7,0.0111111111111111,27.1034482758621,7.75677044166766,32,0,17.8475914828621,9,1,11.7656679187377,262.010475179136,680.133136446392,273.479994634755,677.50995802486,2,29,2,ublox.f9p,harsh,0.686704911829163
1621309628,25,0.64,1,4.28018691180654,6.5,0.0194444444444444,26.7931034482759,7.97038854737077,35,0,17.7624175792843,9,1,11.2751967638238,262.559981786773,680.317694027914,273.479994634755,677.50995802486,2,29,2,ublox.f9p,harsh,0.684869562051758
1621309629,25,0.64,0.96,4.20119030752,6.4,0.0125,26.6206896551724,8.13025123976344,36,0,17.2074596226946,9,1,10.8111281709642,263.075144233399,680.446884334134,273.479708432965,677.50995802486,2,29,2,ublox.f9p,harsh,0.672771261889709
1621309630,25,0.64,0.96,4.20119030752,6.3,0.0388888888888889,26.5862068965517,8.40287893428416,36,0,17.3810866723874,9,1,10.3972994728052,263.555962516392,680.612986157223,273.479422232487,677.50995802486,2,29,2,ublox.f9p,harsh,0.676582135464902
1621309631,26,0.63,0.91,4.06078810084939,6.2,0.015,26.5862068965517,8.3858607249657,36,0,16.9173480979339,9,1,9.97455501801997,264.036780799385,680.723720706418,273.479422232487,677.50995802486,2,29,2,ublox.f9p,harsh,0.666352732649968
1621309632,25,0.63,0.91,3.98246155034798,6.1,0.00277777777777778,26.448275862069,8.00261656717241,33,0,17.6171791158517,9,1,9.58414248515802,264.483254920056,680.815999497531,273.479136030697,677.50995802486,2,29,2,ublox.f9p,harsh,0.681726594731129
1621309633,25,0.64,0.97,3.98246155034798,6,0.0416666666666667,26.8965517241379,8.44877348489204,35,0,17.8121128347078,8,1,9.2547414275944,264.878212794622,680.926734046021,273.479136030697,677.50995802486,2,29,2,ublox.f9p,harsh,0.685941114525011
1621309634,24,0.64,0.97,3.84187454245971,5.9,0.0161111111111111,26.7586206896552,8.33518862762734,35,0,17.0053422978388,10,1,8.93306018572836,265.255998588028,681.000557078349,273.478849828907,677.50995802486,2,29,2,ublox.f9p,harsh,0.668306207144242
1621309635,25,0.69,0.97,3.84187454245971,5.9,0.00611111111111111,26.5172413793103,8.20548897148023,36,0,17.3373512971273,10,1,8.71001299021825,265.565096058101,681.148203143707,273.478849828907,677.50995802486,2,29,2,ublox.f9p,harsh,0.675624385319979
1621309636,25,0.72,0.99,3.76430604494374,5.8,0.0147222222222222,26.3793103448276,8.26098313547074,36,0,18.1239572413686,11,1,8.49570730766734,265.891365604091,681.332760724525,273.478563627118,677.51026562094,2,29,2,ublox.f9p,harsh,0.692619783497667
1621309637,24,0.7,0.97,3.76430604494374,5.8,0.0213888888888889,27.1071428571429,7.70925026721404,36,0,18.3546429185279,10,1,8.35909979783029,266.183290993003,681.591141338727,273.478563627118,677.51026562094,2,28,2,ublox.f9p,harsh,0.697509084391195
1621309638,25,0.7,0.97,3.70135110466435,5.7,0.0105555555555556,27.0357142857143,7.79592554007893,35,0,18.9852684117625,9,1,8.21930919257794,266.475216377982,681.812610436412,273.478563627118,677.51026562094,2,28,2,ublox.f9p,harsh,0.710646673981054
1621309639,25,0.73,0.97,3.62353418639869,5.6,0.0227777777777778,26.7857142857143,7.75245310211736,34,0,20.1955131155413,13,1,8.09370593552656,266.767141761651,682.034079533394,273.478563627118,677.51026562094,2,28,2,ublox.f9p,harsh,0.734885191182544
1621309640,25,0.75,0.97,3.62353418639869,5.6,0.0161111111111111,26.75,8.03983139679489,36,0,19.7650518017857,11,1,7.99968467461853,267.024722985619,682.237092872645,273.478563627118,677.51026562094,2,28,2,ublox.f9p,harsh,0.726414217576489
1621309641,25,0.75,0.97,3.62353418639869,5.5,0.0075,26.8214285714286,7.90243080946696,36,0,19.0843322945927,12,1,7.77258030669798,267.350992535542,682.292460147243,273.478277426639,677.51026562094,2,28,2,ublox.f9p,harsh,0.712679446073664
1621309642,25,0.75,0.97,3.54682957019364,5.5,0.00972222222222222,26.5714285714286,8.11230693511555,36,0,18.6049666113298,12,1,7.67598544036409,267.625745839361,682.477017728765,273.478277426639,677.51026562094,2,28,3,ublox.f9p,harsh,0.702764410643726
1621309643,25,0.75,0.97,3.54682957019364,5.4,0.0219444444444444,26.5,8.0943510251606,36,0,17.90937836256,12,1,7.59325924477362,267.848982899696,682.606208034985,273.478277426639,677.51026562094,2,28,3,ublox.f9p,harsh,0.68803266673169
1621309644,25,0.75,0.97,3.4828149534536,5.4,0.0255555555555556,26.2857142857143,8.40571737902748,37,0,17.8402451728133,12,1,7.51847519768392,268.072219958721,682.73539834191,273.478277426639,677.51026562094,2,28,3,ublox.f9p,harsh,0.686546840703656
1621309645,25,0.72,0.97,3.4828149534536,5.4,0.0177777777777778,26.7407407407407,7.50175667936206,30,0,18.1618807683422,12,1,7.45323248701849,268.312629101528,682.883044407269,273.478277426639,677.51026562094,2,27,2,ublox.f9p,harsh,0.693426576042869
1621309646,25,0.72,0.97,3.40587727318528,5.3,0.0183333333333333,26.7777777777778,7.68281465516649,31,0,18.4727531433637,13,1,7.37067836151835,268.553038243025,682.993778955759,273.478277426639,677.51026562094,2,27,2,ublox.f9p,harsh,0.699995265307975
1621309647,25,0.75,0.97,3.40587727318528,5.3,0.0305555555555556,26.5555555555556,7.95822425754221,31,0,17.8739218789088,13,1,7.23230373557133,268.827791546843,683.049146230357,273.478277426639,677.51026562094,2,27,2,ublox.f9p,harsh,0.687271108658919
1621309648,25,0.72,0.97,3.40587727318528,5.3,0.0255555555555556,26.6785714285714,7.59167951665492,32,0,18.2164283236195,13,1,7.09838496803299,269.085372769501,683.08605774652,273.478277426639,677.51026562094,2,28,2,ublox.f9p,harsh,0.694584956499204
1621309649,25,0.66,0.96,3.40587727318528,5.2,0.0155555555555556,26.8214285714286,7.60143052535153,33,0,17.8110737415263,13,1,7.00136067777044,269.342953992158,683.159880778847,273.478277426639,677.51026562094,2,28,2,ublox.f9p,harsh,0.685918729333944
1621309650,24,0.66,0.96,3.40587727318528,5.2,0.0144444444444444,27.3703703703704,7.05008536854014,27,0,14.4745425127146,11,1,6.93827813419551,269.583363133655,683.252159569608,273.478277426639,677.51026562094,2,27,3,ublox.f9p,harsh,0.610033789176924
1621309651,24,0.66,0.96,3.40587727318528,5.2,0.0130555555555556,26.5555555555556,8.32666399786453,40,0,13.5310753452931,11,1,6.88425591185208,269.823772275151,683.344438360722,273.478277426639,677.51026562094,2,27,3,ublox.f9p,harsh,0.587370944558117
1621309652,24,0.66,0.96,3.2649655434629,5.1,0.00916666666666667,26.1071428571429,8.55630279152845,39,0,13.8045117789274,10,1,6.88864561788849,270.029837254326,683.473628667646,273.478277426639,677.51026562094,2,28,2,ublox.f9p,harsh,0.593981916945298
1621309653,24,0.66,0.96,3.2649655434629,5.1,0.0105555555555556,26.2142857142857,8.55638008807698,39,0,13.5913742699351,10,1,6.8934251317085,270.218730149718,683.584363216137,273.478277426639,677.51026562094,2,28,2,ublox.f9p,harsh,0.588831613432116
1621309654,22,0.65,0.91,3.2649655434629,5.1,0.0158333333333333,26.2142857142857,8.68100157584298,37,0,12.754642648499,9,1,6.88098480453957,270.424795128892,683.67664200725,273.478277426639,677.51026562094,2,28,3,ublox.f9p,harsh,0.568433879064107
1621309655,22,0.65,0.91,3.2649655434629,5.1,0.00333333333333333,26.0714285714286,8.6706340125676,38,0,12.5686478624755,9,1,6.88306886906899,270.613688024284,683.768920796955,273.478277426639,677.51026562094,2,28,3,ublox.f9p,harsh,0.563865431236003
1621309656,24,0.65,0.91,3.2649655434629,5,0.0105555555555556,26.0357142857143,8.70709435250888,38,0,13.9706680304627,9,1,6.89825365358058,270.785408841137,683.861199587716,273.478277426639,677.51026562094,2,28,3,ublox.f9p,harsh,0.597982724472397
1621309657,25,0.65,0.91,3.18904374382039,5,0.0172222222222222,25.8214285714286,8.5982494834643,36,0,13.5265479705651,8,1,6.9188999646914,270.957129656679,683.953478378829,273.478277426639,677.51026562094,2,28,3,ublox.f9p,harsh,0.587261211905071
1621309658,24,0.65,0.91,3.18904374382039,5,0.01,25.7857142857143,8.58662673755874,37,0,13.5209097327066,8,1,6.92759427977082,271.128850472221,684.027301411156,273.478277426639,677.51026562094,2,28,3,ublox.f9p,harsh,0.587124542485088
1621309659,24,0.65,0.91,3.18904374382039,5,0.00888888888888889,25.6428571428571,8.67185436922566,36,0,13.3693517126819,7,1,6.92921153183597,271.283399205291,684.082668685754,273.478277426639,677.51026562094,2,28,3,ublox.f9p,harsh,0.58344584782856
1621309660,25,0.65,0.91,3.18904374382039,5,0.0163888888888889,25.75,8.48364439508294,36,0,13.1678957415705,7,1,6.95741575892712,271.4207758572,684.156491718081,273.478277426639,677.51026562094,2,28,3,ublox.f9p,harsh,0.578541648139882
1621309661,24,0.65,0.91,3.18904374382039,4.9,0.0477777777777778,25.6785714285714,8.27335558878093,35,0,13.0686980822581,7,1,7.00816940613909,271.489464181844,684.230314750408,273.478277426639,677.51026562094,2,28,3,ublox.f9p,harsh,0.576121033527614
1621309662,24,0.65,0.91,3.18904374382039,4.9,0.00555555555555556,26.0740740740741,7.78522232243156,32,0,12.8505512203433,6,1,7.03757749093701,271.575324591581,684.285682025006,273.478277426639,677.51026562094,2,27,3,ublox.f9p,harsh,0.570785116265008
1621309663,25,0.65,0.91,3.11448230047949,4.9,0.02,26,7.70614140699581,33,0,13.1677801767272,7,1,7.06834001386602,271.661185000008,684.341049299603,273.478277426639,677.51026562094,2,27,3,ublox.f9p,harsh,0.578538830305772
1621309664,23,0.65,0.91,3.11448230047949,4.9,0.0247222222222222,25.8148148148148,8.20430017189408,35,0,12.0539318368436,6,1,7.09620288334122,271.764217488284,684.396416573496,273.477991224849,677.51026562094,2,27,3,ublox.f9p,harsh,0.551168537742995
1621309665,23,0.65,0.91,3.11448230047949,4.9,0.0177777777777778,26.7692307692308,7.30100098511262,28,0,12.9967219947453,7,1,7.12594994838267,271.867249976561,684.451783848094,273.477991224849,677.51026562094,2,26,3,ublox.f9p,harsh,0.574362381293858
1621309666,23,0.66,0.89,3.11448230047949,4.9,0.0308333333333333,26.6538461538462,7.21632764052358,26,0,12.8898700536507,8,1,7.16112200038533,271.953110383676,684.507151122691,273.477991224849,677.51026562094,2,26,3,ublox.f9p,harsh,0.57174811700588
1621309667,23,0.66,0.89,3.11448230047949,4.9,0.00361111111111111,26.4074074074074,7.33411029295127,31,0,13.221787026492,10,1,7.19078470214518,272.073314955735,684.562518396585,273.477991224849,677.51026562094,2,27,3,ublox.f9p,harsh,0.579855126721966
1621309668,23,0.65,0.89,3.11448230047949,4.8,0.0202777777777778,26.3333333333333,7.8151726197777,35,0,12.869765715242,8,1,7.24397908356991,272.176347444012,684.636341429616,273.477991224849,677.51026562094,2,27,3,ublox.f9p,harsh,0.571255786991257
1621309669,24,0.65,0.89,3.11448230047949,4.8,0.00666666666666667,26.1111111111111,7.90001622848057,36,0,13.1944547581034,9,1,7.28078249727035,272.27937993491,684.691708703509,273.477991224849,677.51026562094,2,27,3,ublox.f9p,harsh,0.579189104413088
1621309670,23,0.65,0.89,3.04138126514911,4.8,0.0155555555555556,26.3333333333333,7.94693942054714,36,0,12.4788487716883,10,1,7.34010224214854,272.365240342025,684.765531735836,273.477991224849,677.51026562094,2,27,3,ublox.f9p,harsh,0.561655828787908
1621309671,23,0.65,0.9,3.04138126514911,4.8,0.0155555555555556,26.3333333333333,7.99519086220441,37,0,12.8146146187112,11,1,7.39831595530815,272.468272830302,684.839354768868,273.477991224849,677.51026562094,2,27,3,ublox.f9p,harsh,0.569904484310557
1621309672,23,0.65,0.89,3.04138126514911,4.8,0.0183333333333333,26.2592592592593,7.95947714069689,37,0,13.4126805672841,10,1,7.46033660950318,272.554133238728,684.913177801195,273.477991224849,677.51026562094,2,27,3,ublox.f9p,harsh,0.58449851615331
1621309673,22,0.65,0.89,3.04138126514911,4.8,0.0122222222222222,26.3214285714286,7.72707395834102,36,0,13.5021448913373,10,1,7.50145260857667,272.674337809476,684.968545075792,273.477991224849,677.51026562094,2,28,3,ublox.f9p,harsh,0.586669591007013
1621309674,24,0.66,0.91,3.04138126514911,4.8,0.0133333333333333,26.3571428571429,7.62167613389254,34,0,15.0087550207446,11,1,7.56304635728186,272.794542378914,685.04236810812,273.477991224849,677.51026562094,2,28,3,ublox.f9p,harsh,0.622665055369866
1621309675,23,0.66,0.91,3.04138126514911,4.8,0.0152777777777778,26.037037037037,8.16409343726673,37,0,15.6624863371327,10,1,7.62550312106537,272.931919030823,685.116191140447,273.477991224849,677.51026562094,2,27,3,ublox.f9p,harsh,0.637897117143585
1621309676,22,0.66,0.91,3.04138126514911,4.8,0.0138888888888889,25.8148148148148,8.32529526867013,37,0,16.0242614969221,9,1,7.69251727316538,273.034951521721,685.190014172774,273.477991224849,677.51026562094,2,27,3,ublox.f9p,harsh,0.646211174686551
1621309677,23,0.66,0.91,3.04138126514911,4.8,0.00888888888888889,25.9285714285714,8.21889679642375,38,0,16.3851558837056,9,1,7.75959420405443,273.17232817363,685.263837205101,273.477991224849,677.51026562094,2,28,3,ublox.f9p,harsh,0.654417830290499
1621309678,22,0.71,0.96,3.04138126514911,4.8,0.00916666666666667,25.7142857142857,8.53687922359845,38,0,17.9957120496499,10,1,7.82920345919375,273.30970482554,685.337660238132,273.477991224849,677.51026562094,2,28,2,ublox.f9p,harsh,0.6898827502408
1621309679,22,0.63,0.91,3.04138126514911,4.8,0.000277777777777778,25.8928571428571,8.42983803593932,37,0,17.7121550010892,10,1,7.95673020259774,273.429909396288,685.466850545057,273.477991224849,677.51026562094,2,28,2,ublox.f9p,harsh,0.683783772146451
1621309680,22,0.66,0.95,2.9698484809835,4.8,0.0175,25.8518518518519,8.41109022341567,38,0,17.5143058409664,10,1,8.04905128971716,273.532941885875,685.559129335114,273.477991224849,677.51026562094,2,27,2,ublox.f9p,harsh,0.679490336353037
1621309681,23,0.65,0.98,2.9698484809835,4.8,0.00666666666666667,25.9310344827586,8.05752104063012,37,0,16.0964022895387,10,1,8.16112752598907,273.635974375463,685.669863884309,273.477991224849,677.51026562094,2,29,2,ublox.f9p,harsh,0.647858729073819
1621309682,22,0.64,0.97,2.9698484809835,4.8,0.00555555555555556,26.2142857142857,8.02014658985428,36,0,15.5809980424875,10,1,8.23703137740981,273.721834781267,685.743686916636,273.477991224849,677.51026562094,2,28,2,ublox.f9p,harsh,0.636012757753068
1621309683,24,0.66,1.01,2.9698484809835,4.8,0.0155555555555556,26.2857142857143,7.94824528903098,34,0,15.8452148402391,12,1,8.33365543890528,273.842039352016,685.835965707749,273.477991224849,677.51026562094,2,28,2,ublox.f9p,harsh,0.642107134803824
1621309684,23,0.66,1.01,2.9698484809835,4.8,0.00444444444444444,26.7407407407407,7.3620262292001,32,0,16.1902547177642,10,1,8.41156384504764,273.927899760442,685.909788740076,273.477991224849,677.51026562094,2,27,2,ublox.f9p,harsh,0.649996874910281
1621309685,22,0.64,0.97,2.9698484809835,4.8,0.00666666666666667,27.0740740740741,6.9885946971087,28,0,15.8912974087496,10,1,8.50978515911369,274.030932250029,686.002067530837,273.477991224849,677.51026562094,2,27,2,ublox.f9p,harsh,0.64316544293736
1621309686,23,0.64,0.97,2.9698484809835,4.8,0.0175,27.0740740740741,6.84962618814917,28,0,16.0239664253268,10,1,8.59070613529195,274.133964739616,686.075890563165,273.477991224849,677.51026562094,2,27,2,ublox.f9p,harsh,0.646204428662994
1621309687,21,0.72,1.03,2.9698484809835,4.8,0.00805555555555556,27.037037037037,6.77371322711486,29,0,32.565753996082,11,1,8.70803975036758,274.219825149354,686.186625111655,273.47770502306,677.51026562094,2,27,2,ublox.f9p,harsh,0.905216208407857
1621309688,20,0.68,0.97,2.9698484809835,4.8,0.0136111111111111,26.8518518518519,6.83713673597645,28,0,16.9197723286152,10,1,8.80448045048127,274.271341391526,686.278903902768,273.47770502306,677.51026562094,2,27,2,ublox.f9p,harsh,0.666406627613552
1621309689,21,0.68,0.97,2.9698484809835,4.8,0.0163888888888889,27.4444444444444,6.78422000127067,27,0,16.7133928332939,9,1,8.86604071365517,274.34002971617,686.334271177366,273.47770502306,677.51026562094,2,27,2,ublox.f9p,harsh,0.661802982249946
1621309690,21,0.68,0.97,2.9698484809835,4.8,0.0147222222222222,27.0384615384615,6.93097839691205,29,0,16.5740258637826,10,1,8.92804833643223,274.408718043435,686.389638450907,273.47770502306,677.51026562094,2,26,2,ublox.f9p,harsh,0.658676674376871
1621309691,21,0.68,0.97,2.9698484809835,4.8,0.0375,27.1481481481481,7.33119626980746,30,0,16.5586572654543,8,1,8.95381239357372,274.4774063707,686.408094209693,273.47770502306,677.51026562094,2,27,2,ublox.f9p,harsh,0.658331070704398
1621309692,22,0.68,0.97,2.9698484809835,4.8,0.0183333333333333,27,7.34323341063573,30,0,15.9983723130407,9,1,8.96174146506604,274.546094695344,686.408094209693,273.47770502306,677.51026562094,2,27,2,ublox.f9p,harsh,0.645619066430517
1621309693,22,0.68,0.97,2.9698484809835,4.8,0.0205555555555556,27.037037037037,7.33003033618175,32,0,16.0419761874901,8,1,8.98889162396448,274.631955105081,686.426549967071,273.47741882127,677.51211119636,2,27,2,ublox.f9p,harsh,0.646616067026758
1621309694,21,0.71,0.99,2.9698484809835,4.8,0.03,26.8888888888889,7.63258869954423,35,0,16.2153845360563,8,1,9.017059609761,274.734987593358,686.445005725857,273.499170125822,677.513033984247,2,27,2,ublox.f9p,harsh,0.650568364914528
1621309695,22,0.71,0.97,2.9698484809835,4.8,0.0075,26.9259259259259,7.56472545602755,35,0,15.4396945133855,8,1,9.07584129150273,274.786503836841,686.500373000454,273.498311521764,677.516417540417,2,27,2,ublox.f9p,harsh,0.632735329184691
1621309696,22,0.7,0.97,2.9698484809835,4.8,0.00638888888888889,26.8888888888889,7.66276377803392,37,0,15.037259280423,7,1,9.17194084849385,274.838020084256,686.592651790511,273.493446099205,677.519801095884,2,27,2,ublox.f9p,harsh,0.623334537776104
1621309697,22,0.7,0.97,2.9698484809835,4.8,0.245277777777778,26.2592592592593,7.38810162247688,37,0,14.8751324436924,7,1,9.29168329349204,275.026912978337,686.740297855869,273.641984603869,677.552406268342,2,27,2,ublox.f9p,harsh,0.619520441546722
1621309698,23,0.7,0.97,2.9698484809835,4.8,0.321666666666667,26.8148148148148,7.92288329915819,35,0,14.5931919058169,7,1,9.32894493447286,275.387526691893,686.85103240436,273.99544328186,677.626536896749,2,27,2,ublox.f9p,harsh,0.6128526568003
1621309699,22,0.7,0.97,2.9698484809835,4.8,0.431111111111111,26.5185185185185,7.87581678484778,33,0,15.0485741295756,8,1,9.51578435804877,275.81682872747,687.109413018209,274.35348118193,677.706819444634,2,27,2,ublox.f9p,harsh,0.623600160429703
1621309700,21,0.71,0.97,2.9698484809835,4.8,0.5275,26.962962962963,7.91532827193046,34,0,15.6827931185743,10,1,9.6492929966458,276.331991175407,687.349337873625,274.834585665402,677.816938801318,2,27,2,ublox.f9p,harsh,0.638366040614738
1621309701,24,0.71,0.97,2.9698484809835,4.8,0.815277777777778,27.4814814814815,8.7061886493299,37,0,14.8053481327976,9,1,9.75268342395617,277.070390681058,687.58926272904,275.491703986017,677.965200058483,2,27,2,ublox.f9p,harsh,0.617874155182024
1621309702,21,0.7,0.95,2.9,4.7,1.18416666666667,27.7407407407407,8.52865122618411,38,0,14.1042399062599,7,1,9.89753540300077,278.186575981424,687.921466375216,276.497415560753,678.169136185621,2,27,2,ublox.f9p,harsh,0.601189539488005
1621309703,21,0.7,0.95,2.9,4.7,2.27805555555556,27.4814814814815,8.1210570095011,35,0,13.6980685986504,8,1,10.1268842831623,280.230053682834,688.512050635594,278.349424553286,678.56132104618,2,27,2,ublox.f9p,harsh,0.591412308142711
1621309704,22,0.71,1.07,2.9698484809835,4.7,3.54361111111111,27.1034482758621,8.61620080175466,34,0,16.7547267827684,8,1,10.3751832679394,283.441232928093,689.490205816746,281.782409853865,679.248490440319,2,29,2,ublox.f9p,harsh,0.662727498230947
1621309705,21,0.66,0.97,2.9698484809835,4.8,4.55194444444444,25.448275862069,6.90541302631779,29,0,16.3647486995676,10,1,10.0515381142695,287.854457883457,689.656307639834,286.672446269788,679.674510857302,2,29,2,ublox.f9p,harsh,0.653956166023852
1621309706,20,0.66,0.94,3.04138126514911,4.8,5.42472222222222,21.4,7.05935427348852,31,0.0333333333333333,19.5387648876108,13,1,9.73431946785869,292.800017362675,687.82918758516,291.917086170861,678.134993033117,2,30,2,ublox.f9p,harsh,0.72189410259617
1621309707,20,0.67,1.04,3.25576411921994,4.8,5.27583333333333,24.5333333333333,9.28749004114501,34,0.0333333333333333,15.6838254565773,11,1,9.95119897599557,296.938489010288,684.580974155019,296.174331384206,674.659158586164,2,30,2,ublox.f9p,harsh,0.638389872296632
1621309708,19,0.73,0.96,3.11448230047949,4.7,6.20833333333333,32.75,11.8121876795866,37,0.0357142857142857,12.7960745468883,6,1,8.56135833050523,299.325408345402,678.213737600956,299.431302847643,669.653034194243,2,28,2,ublox.f9p,harsh,0.56944998360029
1621309709,21,0.67,1.05,3.11448230047949,4.6,6.81527777777778,34.6785714285714,11.3073347923293,39,0.0357142857142857,9.28713908482868,6,1,8.0908094616467,301.368886045501,671.440474368743,301.560354755689,663.351930774393,2,28,2,ublox.f9p,harsh,0.482186020267099
1621309710,21,0.72,1.17,3.04138126514911,4.5,7.10055555555556,33.6551724137931,10.6478564645961,38,0.0344827586206897,8.12915627960134,6,1,7.74042500797278,302.862857139274,664.150449909183,302.898059906965,656.410104951159,2,29,2,ublox.f9p,harsh,0.453364849084289
1621309711,20,0.72,1.17,2.9732137494637,4.4,7.17388888888889,31.1612903225806,11.1746641237923,37,0.032258064516129,7.59123298165839,5,1,7.34300592011311,304.27096782462,656.694323626534,304.090088566229,649.353545831457,2,31,2,ublox.f9p,harsh,0.440070312671111
1621309712,20,0.72,1.17,2.9732137494637,4.4,6.775,31.3793103448276,11.4904115091778,38,0.0344827586206897,7.36669409017246,6,1,7.13013184575578,305.59321810154,649.625768263956,305.229456174853,642.504921586871,2,29,2,ublox.f9p,harsh,0.434545152134556
1621309713,22,0.79,1.22,2.9732137494637,4.3,5.68333333333333,31,11.8713340205965,34,0.0344827586206897,50.5940450182069,6,1,6.95751938339729,306.760919646701,643.461545049497,306.258636260946,636.522179994196,2,29,2,ublox.f9p,harsh,0.983033535267989
1621309714,22,0.87,1.27,2.90688837074973,4.2,4.43472222222222,32,11.4486430886559,36,0,81.0930722296077,6,1,6.7176404139824,307.671039966583,638.496946114229,307.074882536711,631.805811004968,2,29,1,ublox.f9p,harsh,0.999183206582583
1621309715,23,0.87,1.27,2.90688837074973,4.2,3.02305555555556,32.7586206896552,11.5562449796444,31,0,83.8185052251698,4,1,6.5033797851806,308.409439473544,634.879617521043,307.67676399451,628.417641408992,2,29,1,ublox.f9p,harsh,0.999377939234858
1621309716,23,0.87,1.27,2.90688837074973,4.1,1.7525,32,10.7636955947826,29,0,84.2156916926574,4,1,6.22308845478018,308.873085675376,632.554191997104,308.041670727045,626.386892823259,2,29,1,ublox.f9p,harsh,0.999402147924576
1621309717,23,0.86,1.26,2.84253408071038,4.1,1.04027777777778,30.8064516129032,11.052659875459,32,0,84.0775021253389,3,1,5.99940321214342,309.165011060355,631.096187105474,308.258038954916,625.165736827305,2,31,2,ublox.f9p,harsh,0.999393833927494
1621309718,23,0.86,1.26,2.84253408071038,4.1,0.576944444444444,31.2666666666667,11.5338582034578,31,0,83.8068124807394,4,1,5.78078683995047,309.353903958369,630.173399198567,308.371374691889,624.476721857392,2,30,2,ublox.f9p,harsh,0.999377211902952
1621309719,23,0.86,1.26,2.84253408071038,4,0.160833333333333,29.7666666666667,11.7640109666299,33,0,84.0496579410053,4,1,5.56669980089374,309.439764364174,629.693549487737,308.406577460891,624.223570374782,2,30,2,ublox.f9p,harsh,0.999392144782907
1621309720,21,0.86,1.26,2.84253408071038,4,0.518611111111111,30.2333333333333,12.1049529143021,36,0,81.7375143370533,6,1,5.38976865499218,309.508452691439,629.102965227711,308.470114161186,623.81416014046,2,30,2,ublox.f9p,harsh,0.999234144908888
1621309721,24,0.86,1.26,2.84253408071038,4,1.25916666666667,30.6333333333333,12.3441549293396,37,0,82.8835301203888,6,1,5.17856307727342,309.766033914097,627.884885190792,308.637541956438,622.830775828421,2,30,2,ublox.f9p,harsh,0.99931701402387
1621309722,23,0.86,1.26,2.78028775489157,3.9,2.30333333333333,31.9,11.4571164453094,37,0,80.5637196054568,5,1,5.03154731226325,310.178163869824,625.725561489941,308.997583266414,620.834477990919,2,30,2,ublox.f9p,harsh,0.999138842797375
1621309723,24,0.71,1.03,2.78028775489157,3.9,3.31222222222222,32.0322580645161,11.5252877649331,36,0,80.2413988121676,6,1,4.94583142366989,310.813530885887,622.624994125158,309.537931431202,617.8464907504,2,31,1,ublox.f9p,harsh,0.999110658821375
1621309724,24,0.71,1.03,2.78028775489157,3.8,4.08638888888889,31.3225806451613,11.1934120409408,36,0,79.4022171184995,6,1,4.87319181820825,311.551930391538,618.675461886148,310.235690343024,613.983392978753,2,31,1,ublox.f9p,harsh,0.999032881279944
1621309725,24,0.86,1.26,2.70185121722126,3.8,4.36305555555556,32.1666666666667,12.5946987570807,37,0,82.1688616093823,5,1,4.79944664990119,312.393362386776,614.319902968635,311.012154630329,609.723496407115,2,30,1,ublox.f9p,harsh,0.999266453799733
1621309726,24,0.86,1.26,2.70185121722126,3.8,4.77,31.2333333333333,13.2500704834386,39,0,81.9101087112629,4,1,4.67650196208924,313.251966464485,609.595228888429,311.840135161117,605.13693291662,2,30,1,ublox.f9p,harsh,0.999247239855974
1621309727,22,0.86,1.26,2.72029410174709,3.8,5.17277777777778,31.5714285714286,12.4794010166935,37,0,80.0274536226996,6,1,4.61954386039974,314.19643094931,604.519895403261,312.753689899852,600.131423716858,2,28,1,ublox.f9p,harsh,0.99909144427168
1621309728,22,0.86,1.26,2.72029410174709,3.7,5.52388888888889,32.6923076923077,12.0225429282469,37,0,80.5306294072465,5,1,4.5101416269891,315.209583758779,599.093902514539,313.752246440334,594.825700851571,2,26,1,ublox.f9p,harsh,0.999135990957396
1621309729,22,0.95,1.34,2.72029410174709,3.7,5.9775,32.4444444444444,11.956116340548,38,0,82.9240695114984,8,1,4.41207889885551,316.342941138996,593.224971430094,314.870148947507,589.065966336275,2,27,1,ublox.f9p,harsh,0.999319775323184
1621309730,22,0.95,1.34,2.72029410174709,3.7,6.66583333333333,31.8461538461538,12.3990074044411,37,0,77.7813235019454,6,1,4.39926140064686,317.596503091273,586.82082336022,316.093087354172,582.686425944313,2,26,1,ublox.f9p,harsh,0.998862895433876
1621309731,23,0.85,1.27,2.72029410174709,3.7,7.20194444444444,32.2142857142857,12.4702821342557,38,0,71.8776920100781,6,1,4.32501939205256,318.884409207181,579.807635272239,317.442240558681,575.730143110271,2,28,2,ublox.f9p,harsh,0.997949807316328
1621309732,23,0.85,1.27,2.64007575648882,3.7,7.47944444444444,32.3214285714286,12.5345554115445,36,0,71.1350572055464,5,1,4.28734134879735,320.326864053539,572.480699296515,318.876967971138,568.445962974109,2,28,2,ublox.f9p,harsh,0.997792105772164
1621309733,23,0.86,1.38,2.64007575648882,3.6,7.11416666666667,31.6896551724138,10.5156463298263,35,0,67.667473401345,6,1,4.32546707784019,321.700630579185,565.33832090161,320.239858841886,561.266980658767,2,29,2,ublox.f9p,harsh,0.99687984429723
1621309734,25,0.75,1.22,2.64007575648882,3.6,5.95861111111111,31.3793103448276,10.939488735453,36,0,82.0268142796584,6,1,4.366179484575,322.765299632137,559.155641929774,321.394681324866,555.010171058172,2,29,2,ublox.f9p,harsh,0.999255967422757
1621309735,25,0.75,1.22,2.64007575648882,3.6,4.49972222222222,30.2258064516129,10.4234021234891,35,0,80.9124475384762,6,1,4.34505475637218,323.675419952018,554.338689058807,322.300508625768,550.216903076879,2,31,2,ublox.f9p,harsh,0.99916833161163
1621309736,25,0.77,1.15,2.64007575648882,3.6,2.79583333333333,29.4333333333333,10.3346866003008,35,0,80.484589622279,8,1,4.34623499368165,324.242098643438,551.145842901855,322.871766537956,547.021288557324,2,30,2,ublox.f9p,harsh,0.999132007367969
1621309737,25,0.86,1.38,2.64007575648882,3.7,1.18333333333333,30.4,10.7626429262807,38,0,82.7817691544933,7,1,4.2965570594883,324.516851947256,549.577103461382,323.155964486413,545.501764471266,2,30,2,ublox.f9p,harsh,0.999310033229588
1621309738,26,0.78,1.3,2.64007575648882,3.7,0.0680555555555555,30.6333333333333,10.4863896463984,39,0,79.0455286527961,7,1,4.23361416925689,324.585540274521,549.226444057476,323.207480731207,545.223390119641,2,30,2,ublox.f9p,harsh,0.998997797869833
1621309739,26,0.71,1.12,2.64007575648882,3.7,0.0111111111111111,30.9666666666667,10.3872711670992,39,0,78.649803559831,8,1,4.18167655975578,324.602712356993,549.171076782878,323.207766932996,545.228926847312,2,30,1,ublox.f9p,harsh,0.99895738522524
1621309740,26,0.7,1.02,2.64007575648882,3.7,0.00527777777777778,30.3333333333333,10.9050236235363,38,0,63.4566747097371,6,1,4.15472939727841,324.637056518004,549.134165266715,323.207194530728,545.233233190665,2,30,1,ublox.f9p,harsh,0.995253866078257
1621309741,25,0.76,1.2,2.56124969497314,3.7,0.0111111111111111,31.448275862069,10.7590035614581,39,0,68.3857898250799,7,1,4.12474334282501,324.654228599165,549.097253750551,323.206908328938,545.234771170711,2,29,1,ublox.f9p,harsh,0.99709548172063
1621309742,25,0.8,1.31,2.56124969497314,3.7,0.0025,31.3448275862069,10.2095048923923,38,0,61.951607458295,6,1,4.06716031061011,324.637056518004,549.041886475953,323.206908328938,545.234463574631,2,29,1,ublox.f9p,harsh,0.99448723387827
1621309743,25,0.72,1.13,2.56124969497314,3.7,0.00972222222222222,30.4827586206897,9.78928236701157,36,0,74.5454078135398,7,1,4.01537610617132,324.637056518004,548.98651920206,323.206908328938,545.234463574631,2,29,2,ublox.f9p,harsh,0.99842910994548
1621309744,24,0.68,1.08,2.56124969497314,3.7,0.0663888888888889,31.1111111111111,8.36353501509487,35,0,75.497748310794,7,1,3.95752526959356,324.619884436843,548.931151927463,323.206908328938,545.234463574631,2,27,2,ublox.f9p,harsh,0.998571605577014
1621309745,24,0.74,1.22,2.56124969497314,3.7,0.0116666666666667,31.5925925925926,9.08193159418642,35,0,77.8587182016247,5,1,3.94029142323249,324.619884436843,548.912696169029,323.206908328938,545.234463574631,2,27,2,ublox.f9p,harsh,0.998871652160472
1621309746,23,0.74,1.22,2.56124969497314,3.8,0.0147222222222222,32.1111111111111,9.52863430901154,37,0,76.4489770170702,7,1,3.90585722682006,324.619884436843,548.875784652865,323.206908328938,545.234463574631,2,27,2,ublox.f9p,harsh,0.998701048005966
1621309747,22,0.68,1.08,2.56124969497314,3.8,0.0122222222222222,32.4285714285714,10.2249823740809,39,0,77.9841096867584,5,1,3.89492964932652,324.637056518004,548.857328895136,323.206908328938,545.234463574631,2,28,2,ublox.f9p,harsh,0.998885696678694
1621309748,22,0.68,1.08,2.56124969497314,3.8,0.0147222222222222,31.8928571428571,10.2788502228976,38,0,79.2960563045511,6,1,3.9076707882453,324.671400684259,548.857328895136,323.206908328938,545.234463574631,2,28,2,ublox.f9p,harsh,0.999022569666562
1621309749,23,0.68,1.08,2.48394846967484,3.8,0.00861111111111111,31.8214285714286,10.7945582018203,39,0,80.1990818355966,6,1,3.9272681596989,324.722916926431,548.857328895136,323.206908328938,545.234463574631,2,28,2,ublox.f9p,harsh,0.999106890792585
1621309750,24,0.8,1.31,2.343074902772,3.7,0.0161111111111111,31.9285714285714,10.5967450328393,38,0,80.5981793946931,6,1,3.72020893697094,324.379475295347,548.765050104375,323.206908328938,545.234463574631,2,28,2,ublox.f9p,harsh,0.999141802677449
1621309751,24,0.8,1.31,2.26715680975093,3.6,0.00861111111111111,31.7142857142857,10.6592235936323,39,0,65.561366118109,6,1,3.60711449295468,324.173410318794,548.709682829425,323.206908328938,545.234463574631,2,28,2,ublox.f9p,harsh,0.996151196050693
1621309752,24,0.8,1.31,2.20227155455452,3.5,0.0075,31.6428571428571,10.4321947753427,38,0,65.8130133580945,6,1,3.55480839128457,324.036033664263,548.691227072047,323.206908328938,545.234463574631,2,28,2,ublox.f9p,harsh,0.996246482637561
1621309753,24,0.74,1.22,2.12602916254693,3.5,0.00361111111111111,31.5714285714286,10.2863756401137,37,0,64.5088568236614,6,1,3.55381367327317,323.950173258458,548.709682829425,323.206908328938,545.234463574631,2,28,2,ublox.f9p,harsh,0.995725845598923
1621309754,24,0.74,1.22,2.12602916254693,3.5,0.005,31.75,10.2690653763477,38,0,66.1032319385919,6,1,3.5400850923669,323.881484931193,548.709682829425,323.206908328938,545.234463574631,2,28,2,ublox.f9p,harsh,0.996353459609485
1621309755,24,0.7,1.21,1.98494332412792,3.4,0.0269444444444444,31.8571428571429,10.0727512358996,37,0,66.0296042420643,5,1,3.51555279472994,323.84714076756,548.691227072047,323.206908328938,545.234463574631,2,28,2,ublox.f9p,harsh,0.996326610878831
1621309756,24,0.72,1.22,1.98494332412792,3.4,0.0255555555555556,32.5925925925926,9.1662393062773,37,0,64.3984843191879,5,1,3.51246609773569,323.82996868771,548.691227072047,323.206908328938,545.234463574631,2,27,2,ublox.f9p,harsh,0.995678614375393
1621309757,24,0.68,1.09,1.91049731745428,3.4,0.0183333333333333,32.6666666666667,9.16515138991168,37,0,65.8816017909815,5,1,3.51872058871178,323.864312850032,548.691227072047,323.206908328938,545.234463574631,2,27,2,ublox.f9p,harsh,0.996272043689657
1621309758,24,0.76,1.23,1.91049731745428,3.4,0.0138888888888889,32.7037037037037,8.9305646940709,36,0,73.3864986344095,7,1,3.53063069147168,323.82996868771,548.709682829425,323.206908328938,545.234463574631,2,27,2,ublox.f9p,harsh,0.998236429780077
1621309759,24,0.68,1.09,1.91049731745428,3.3,0.00888888888888889,32.5925925925926,8.148899214284,30,0,73.5148373074975,7,1,3.54879829113822,323.82996868771,548.728138588211,323.206908328938,545.234463574631,2,27,2,ublox.f9p,harsh,0.998258879432678
1621309760,24,0.72,1.22,1.83847763108502,3.3,0.0225,32.1111111111111,8.30353647241451,33,0,74.300994785312,7,1,3.57312793734831,323.864312850032,548.746594345588,323.206908328938,545.234463574631,2,27,2,ublox.f9p,harsh,0.998390304857862
1621309761,24,0.69,1.08,1.83847763108502,3.3,0.0205555555555556,32.2962962962963,9.08004919850622,36,0,65.8736842200835,7,1,3.59771559256885,323.898657012354,548.765050104375,323.206908328938,545.234463574631,2,27,2,ublox.f9p,harsh,0.996269101901633
1621309762,24,0.75,1.22,1.83847763108502,3.3,0.0483333333333333,32,9.09775965659847,36,0,65.7610585238849,6,1,3.59127024162207,323.864312850032,548.765050104375,323.206908328938,545.234463574631,2,27,2,ublox.f9p,harsh,0.99622700432298
1621309763,24,0.69,1.08,1.83847763108502,3.4,0.0344444444444444,31.8214285714286,9.37709412237577,35,0,64.2629212180575,5,1,3.63071561814739,323.881484931193,548.801961620538,323.206908328938,545.234463574631,2,28,2,ublox.f9p,harsh,0.995619891795991
1621309764,24,0.75,1.22,1.76918060129541,3.4,0.0216666666666667,32.1071428571429,9.53876801469116,34,0,64.1527524910188,6,1,3.64885163841679,323.881484931193,548.820417378972,323.206908328938,545.234463574631,2,28,2,ublox.f9p,harsh,0.995571584787582
1621309765,24,0.69,1.08,1.76918060129541,3.3,0.0136111111111111,32.2857142857143,9.32085333423431,35,0,65.4928830276445,6,1,3.63394531446982,323.898657012354,548.801961620538,323.206908328938,545.234463574631,2,28,2,ublox.f9p,harsh,0.996124850283193
1621309766,24,0.69,1.08,1.69705627484771,3.3,0.0152777777777778,32.1071428571429,9.46861985216229,36,0,63.9989130342478,6,1,3.65535680002058,323.915829092204,548.820417378972,323.206908328938,545.234463574631,2,28,2,ublox.f9p,harsh,0.995503240280821
1621309767,25,0.75,1.22,1.69705627484771,3.3,0.00805555555555556,32.1071428571429,9.65071206628005,36,0,63.9564011651688,7,1,3.61915318884974,323.915829092204,548.783505861752,323.206908328938,545.234463574631,2,28,2,ublox.f9p,harsh,0.995484169534013
1621309768,25,0.69,1.08,1.69705627484771,3.3,0.0136111111111111,31.9285714285714,9.92538299075797,37,0,65.5951118274233,6,1,3.6372532158401,323.915829092204,548.801961620538,323.206908328938,545.234463574631,2,28,2,ublox.f9p,harsh,0.996164112485905
1621309769,25,0.75,1.22,1.69705627484771,3.3,0.0163888888888889,31.9642857142857,9.69338125793266,36,0,64.5822214958059,8,1,3.61915318884974,323.915829092204,548.783505861752,323.206908328938,545.234463574631,2,28,2,ublox.f9p,harsh,0.995756955484721
1621309770,25,0.69,1.08,1.69705627484771,3.3,0.0188888888888889,32.8518518518519,8.73852523952545,26,0,65.6279699120932,6,1,3.62603694289321,323.950173258458,548.783505861752,323.206908328938,545.234463574631,2,27,2,ublox.f9p,harsh,0.996176647682671
1621309771,25,0.75,1.21,1.69705627484771,3.3,0.0133333333333333,32.7407407407407,8.41515387944955,26,0,64.0728621700847,7,1,3.60797505527134,323.950173258458,548.765050104375,323.206908328938,545.234463574631,2,27,2,ublox.f9p,harsh,0.995536222893614
1621309772,25,0.69,1.08,1.69705627484771,3.3,0.0233333333333333,32.7407407407407,8.56465272811901,28,0,63.8903422540006,6,1,3.61155170130779,323.967345339619,548.765050104375,323.206908328938,545.234463574631,2,27,2,ublox.f9p,harsh,0.995454375751657
1621309773,25,0.75,1.21,1.69705627484771,3.3,0.00472222222222222,31.75,9.0251705636904,31,0.0357142857142857,65.1404903133287,7,1,3.59351179203825,323.967345339619,548.746594345588,323.206908328938,545.234463574631,2,28,2,ublox.f9p,harsh,0.995986416080467
1621309774,25,0.69,1.08,1.62788205960997,3.3,0.0144444444444444,31.6071428571429,9.19073319815001,34,0.0357142857142857,68.2084427814231,8,1,3.59718479508368,323.984517419469,548.746594345588,323.206908328938,545.234463574631,2,28,2,ublox.f9p,harsh,0.997043665112709
1621309775,25,0.69,1.08,1.62788205960997,3.3,0.0108333333333333,31.9285714285714,9.35287070776617,35,0.0357142857142857,65.3140072683842,5,1,3.59718479508368,323.984517419469,548.746594345588,323.206908328938,545.234463574631,2,28,2,ublox.f9p,harsh,0.996055185481557
1621309776,25,0.75,1.21,1.62788205960997,3.3,0.015,32.9259259259259,8.42581165195983,31,0,64.655784092892,7,1,3.59351179203825,323.967345339619,548.746594345588,323.206908328938,545.234463574631,2,27,2,ublox.f9p,harsh,0.995787922908975
1621309777,25,0.69,1.08,1.62788205960997,3.3,0.0147222222222222,32.8888888888889,8.50942162607168,30,0,63.8210133038518,5,1,3.59351179203825,323.967345339619,548.746594345588,323.206908328938,545.234463574631,2,27,2,ublox.f9p,harsh,0.995422896665825
1621309778,25,0.75,1.21,1.62788205960997,3.3,0.00722222222222222,32.962962962963,8.31810574535352,26,0,65.5235669517995,7,1,3.55381367327317,323.950173258458,548.709682829425,323.206908328938,545.234463574631,2,27,2,ublox.f9p,harsh,0.996136676673143
1621309779,25,0.69,1.08,1.62788205960997,3.3,0.00555555555555556,33.2222222222222,8.19630936333465,25,0,65.6012925431606,6,1,3.56115497648805,323.984517419469,548.709682829425,323.206908328938,545.234463574631,2,27,2,ublox.f9p,harsh,0.996166473520491
1621309780,25,0.75,1.21,1.62788205960997,3.2,0.0227777777777778,33.4074074074074,8.32170128343431,27,0,64.8981878222242,7,1,3.52139525653364,323.967345339619,548.672771313261,323.206908328938,545.234463574631,2,27,2,ublox.f9p,harsh,0.995888382909794
1621309781,25,0.69,1.08,1.62788205960997,3.2,0.00694444444444444,32.2857142857143,8.7256842790446,29,0,64.5392613065876,7,1,3.50714463222651,323.984517419469,548.654315555884,323.206908328938,545.234463574631,2,28,2,ublox.f9p,harsh,0.995738765916433
1621309782,25,0.75,1.21,1.62788205960997,3.2,0.0075,32.6428571428571,9.06852221908814,30,0,63.8986469601144,7,1,3.48536378437362,323.967345339619,548.635859797098,323.206908328938,545.234463574631,2,28,2,ublox.f9p,harsh,0.995458132053455
1621309783,25,0.69,1.08,1.62788205960997,3.2,0.00416666666666667,32.2857142857143,9.05480082549682,31,0,63.5656255377071,6,1,3.46735499053715,323.967345339619,548.617404038664,323.206908328938,545.234463574631,2,28,2,ublox.f9p,harsh,0.995305053475056
1621309784,24,0.75,1.21,1.62788205960997,3.1,0.0125,33.3333333333333,8.66025403784439,32,0,64.6125374830613,7,1,3.42758697561885,323.950173258458,548.5804925225,323.206908328938,545.234463574631,2,27,2,ublox.f9p,harsh,0.995769744882457
1621309785,25,0.69,1.08,1.62788205960997,3,0.0122222222222222,32.7857142857143,8.94988989320702,32,0,65.7100448942169,7,1,3.38129119571956,323.984517419469,548.525125248607,323.206908328938,545.234463574631,2,28,2,ublox.f9p,harsh,0.99620778090186
1621309786,24,0.75,1.21,1.62788205960997,3,0.0169444444444444,33.2962962962963,8.25932952584677,27,0,66.2461385256923,6,1,3.32743230559628,323.984517419469,548.46975797401,323.206908328938,545.234463574631,2,27,2,ublox.f9p,harsh,0.996405014479803
1621309787,24,0.69,1.08,1.56204993518133,2.9,0.0152777777777778,33.5185185185185,8.52313760559306,28,0,67.064822632902,5,1,3.27362374389508,323.984517419469,548.414390699412,323.206908328938,545.234463574631,2,27,2,ublox.f9p,harsh,0.996686668485886
1621309788,24,0.69,1.08,1.48660687473185,2.9,0.0108333333333333,33.5925925925926,8.57661964636444,29,0,68.9731337682882,5,1,3.22405821515979,324.001689501941,548.359023425519,323.206908328938,545.234463574631,2,27,2,ublox.f9p,harsh,0.99726070975223
1621309789,25,0.73,1.2,1.48660687473185,2.8,0.0175,33.962962962963,8.3688133589558,28,0,66.1859218414309,7,1,3.17042902196448,324.001689501941,548.303656150921,323.206908328938,545.234463574631,2,27,2,ublox.f9p,harsh,0.996383379888116
1621309790,25,0.67,1.06,1.48660687473185,2.8,0.0111111111111111,34.037037037037,8.29495435829925,27,0,71.3294118859815,7,1,3.11686060998607,324.001689501941,548.248288876324,323.206908328938,545.234463574631,2,27,2,ublox.f9p,harsh,0.997834510889106
1621309791,25,0.73,1.2,1.48660687473185,2.7,0.0113888888888889,33.962962962963,8.10736361151668,27,0,70.6275854983967,8,1,3.05894586417089,323.984517419469,548.192921602431,323.206908328938,545.234463574631,2,27,2,ublox.f9p,harsh,0.997677436658149
1621309792,25,0.67,1.06,1.48660687473185,2.8,0.0119444444444444,33.8888888888889,7.81681291208662,25,0,70.0183666380948,6,1,3.05894586417089,323.984517419469,548.192921602431,323.206908328938,545.234463574631,2,27,2,ublox.f9p,harsh,0.997531902854618
1621309793,25,0.73,1.2,1.48660687473185,2.8,0.0152777777777778,33.0357142857143,8.34657677825729,28,0.0357142857142857,69.3597926275255,7,1,3.05894586417089,323.984517419469,548.192921602431,323.206908328938,545.234463574631,2,28,2,ublox.f9p,harsh,0.997364331452069
1621309794,25,0.67,1.06,1.48660687473185,2.8,0.0155555555555556,32.9642857142857,8.47865355687837,30,0.0357142857142857,68.6122559508625,6,1,3.0633561685203,324.001689501941,548.192921602431,323.206908328938,545.234463574631,2,28,2,ublox.f9p,harsh,0.997160335306014
1621309795,25,0.73,1.2,1.48660687473185,2.8,0.00666666666666667,33.3333333333333,7.53453586952977,22,0,68.1288087620306,8,1,3.05894586417089,323.984517419469,548.192921602431,323.206908328938,545.234463574631,2,27,2,ublox.f9p,harsh,0.997020099075627
1621309796,25,0.67,1.06,1.56204993518133,2.8,0.00611111111111111,33.5555555555556,7.4747437997429,22,0,67.6951807738188,7,1,3.04553615260667,324.001689501941,548.174465843997,323.206908328938,545.234463574631,2,27,2,ublox.f9p,harsh,0.996888450600691
1621309797,25,0.73,1.2,1.56204993518133,2.8,0.0225,33.6296296296296,7.49434734751747,22,0,67.7774052813079,8,1,3.02326147022195,323.984517419469,548.156010086267,323.206908328938,545.234463574631,2,27,2,ublox.f9p,harsh,0.996913851632151
1621309798,25,0.67,1.06,1.56204993518133,2.9,0.0125,33.6296296296296,7.38057819367388,21,0,68.0897844760872,7,1,3.02772375434282,324.001689501941,548.156010086267,323.206908328938,545.234463574631,2,27,2,ublox.f9p,harsh,0.997008482361006
1621309799,25,0.67,1.06,1.56204993518133,2.9,0.0172222222222222,33.5555555555556,7.37633082299434,22,0,68.7198115538743,8,1,3.00991910759855,324.001689501941,548.137554327833,323.206908328938,545.234463574631,2,27,2,ublox.f9p,harsh,0.997190628484436
1621309800,25,0.69,1.19,1.56204993518133,2.9,0.00694444444444444,33.6666666666667,7.17366980432878,22,0,69.4729803592735,7,1,3.02772375434282,324.001689501941,548.156010086267,323.206908328938,545.234463574631,2,27,2,ublox.f9p,harsh,0.997393918480203
1621309801,25,0.67,1.06,1.56204993518133,2.9,0.00888888888888889,33.8148148148148,7.2538426794516,22,0,70.0940885524593,8,1,3.05006252900194,324.018861583102,548.174465843997,323.206908328938,545.234463574631,2,27,2,ublox.f9p,harsh,0.997550475572927
1621309802,25,0.69,1.19,1.48660687473185,2.9,0.0113888888888889,33.2142857142857,7.65146871815951,23,0,71.4057945827928,8,1,3.0633561685203,324.001689501941,548.192921602431,323.206908328938,545.234463574631,2,28,2,ublox.f9p,harsh,0.997850953057623
1621309803,25,0.67,1.06,1.48660687473185,2.9,0.0175,32.2758620689655,8.70097101200344,31,0,72.3649316543126,8,1,3.09901852493031,324.001689501941,548.229833118594,323.206908328938,545.234463574631,2,29,2,ublox.f9p,harsh,0.998047115871639
1621309804,25,0.69,1.19,1.48660687473185,2.9,0.00638888888888889,32.0689655172414,9.12191644370367,34,0,73.9143564088421,7,1,3.11686060998607,324.001689501941,548.248288876324,323.206908328938,545.234463574631,2,29,2,ublox.f9p,harsh,0.99832695521285
1621309805,25,0.69,1.19,1.48660687473185,2.9,0.00527777777777778,32.1724137931034,9.73237955603151,37,0,75.6599767600634,7,1,3.13470980165036,324.001689501941,548.266744634758,323.206908328938,545.234463574631,2,29,2,ublox.f9p,harsh,0.998594558942629
1621309806,25,0.67,1.06,1.48660687473185,2.9,0.00527777777777778,31.4333333333333,10.7693157126876,41,0.0333333333333333,77.4331270624315,8,1,3.13470980165036,324.001689501941,548.266744634758,323.206908328938,545.234463574631,2,30,2,ublox.f9p,harsh,0.998822651906401
1621309807,26,0.69,1.18,1.48660687473185,2.9,0.0125,31.4333333333333,10.7532940689508,39,0.0333333333333333,77.5068306667225,8,1,3.1525659778636,324.001689501941,548.285200392487,323.206908328938,545.234463574631,2,30,2,ublox.f9p,harsh,0.998831287382345
1621309808,25,0.68,1.1,1.48660687473185,2.9,0.00861111111111111,32.2758620689655,9.83396647094773,37,0.0344827586206897,80.3159697694051,9,1,3.15693890006926,324.018861583102,548.285200392487,323.206908328938,545.234463574631,2,29,2,ublox.f9p,harsh,0.99911726022519
1621309809,25,0.77,1.22,1.48660687473185,2.9,0.005,32.8571428571429,8.75474172351776,36,0,80.5087339982439,8,1,3.1525659778636,324.001689501941,548.285200392487,323.206908328938,545.234463574631,2,28,2,ublox.f9p,harsh,0.99913409874157
1621309810,25,0.7,1.1,1.48660687473185,2.9,0.0105555555555556,32.75,8.72469886989633,37,0,80.7114252548341,8,1,3.1525659778636,324.001689501941,548.285200392487,323.206908328938,545.234463574631,2,28,2,ublox.f9p,harsh,0.99915145838347
1621309811,25,0.77,1.22,1.48660687473185,2.9,0.00916666666666667,32.9642857142857,8.77066720236284,37,0,80.4312413390054,7,1,3.1525659778636,324.001689501941,548.285200392487,323.206908328938,545.234463574631,2,28,2,ublox.f9p,harsh,0.999127368454186
1621309812,25,0.7,1.1,1.48660687473185,3,0.0138888888888889,32.8214285714286,8.96930391381698,37,0,80.4403117224194,6,1,3.13470980165036,324.001689501941,548.266744634758,323.206908328938,545.234463574631,2,28,2,ublox.f9p,harsh,0.999128158915841
1621309813,24,0.77,1.22,1.48660687473185,3,0.0116666666666667,33.4074074074074,8.97543339111848,37,0,80.9471046424763,7,1,3.13040002639912,323.984517419469,548.266744634758,323.206908328938,545.234463574631,2,27,2,ublox.f9p,harsh,0.999171206559817
1621309814,24,0.7,1.1,1.47989864517811,3,0.00666666666666667,34.3846153846154,7.52104739023454,24,0,83.166930091651,6,1,3.13040002639912,323.984517419469,548.266744634758,323.206908328938,545.234463574631,2,26,2,ublox.f9p,harsh,0.999336085474997
1621309815,24,0.77,1.22,1.47989864517811,3,0.0025,34.3076923076923,7.61456095001796,26,0,82.2549871841621,7,1,3.12617863770073,323.967345339619,548.266744634758,323.206908328938,545.234463574631,2,26,2,ublox.f9p,harsh,0.999272739805777
1621309816,24,0.7,1.1,1.47989864517811,3,0.00361111111111111,34.1153846153846,7.33935650082171,25,0,83.3201981314655,6,1,3.12617863770073,323.967345339619,548.266744634758,323.206908328938,545.234463574631,2,26,2,ublox.f9p,harsh,0.999346176976898
1621309817,24,0.77,1.22,1.47322774885623,3,0.00555555555555556,34.1923076923077,7.18342108340716,23,0,83.8820799297045,7,1,3.11800244580424,323.933001177297,548.266744634758,323.206908328938,545.234463574631,2,26,2,ublox.f9p,harsh,0.999381878986592
1621309818,24,0.7,1.1,1.47322774885623,3,0.00361111111111111,34.3076923076923,7.17088128904241,21,0,84.277448545464,6,1,3.11800244580424,323.933001177297,548.266744634758,323.206908328938,545.234463574631,2,26,2,ublox.f9p,harsh,0.99940582650649
1621309819,24,0.77,1.22,1.47322774885623,3,0.00611111111111111,34.1923076923077,6.96861094204135,21,0,84.4200114506823,7,1,3.09608003735565,323.915829092204,548.248288876324,323.206908328938,545.234463574631,2,26,2,ublox.f9p,harsh,0.999414232195229
1621309820,24,0.67,1.06,1.47322774885623,3,0.0116666666666667,33.8846153846154,7.06159711723586,22,0,84.4650889421186,7,1,3.07420801929678,323.898657012354,548.229833118594,323.206908328938,545.234463574631,2,26,2,ublox.f9p,harsh,0.99941686521084
1621309821,24,0.73,1.2,1.47322774885623,3,0.0108333333333333,33.3846153846154,7.07150294111187,23,0,84.1432880072241,7,1,3.0486384486895,323.864312850032,548.21137736016,323.206908328938,545.234463574631,2,26,2,ublox.f9p,harsh,0.999397806162904
1621309822,24,0.67,1.06,1.47322774885623,3,0.0177777777777778,33.0384615384615,7.01130954518923,22,0,83.8963845069222,6,1,3.04141741580243,323.82996868771,548.21137736016,323.206908328938,545.234463574631,2,26,2,ublox.f9p,harsh,0.999382762005098
1621309823,24,0.73,1.2,1.47322774885623,3,0.0125,33.0769230769231,7.47755616186506,24,0,83.609464177209,7,1,3.0017851270237,323.812796606549,548.174465843997,323.206908328938,545.234463574631,2,26,2,ublox.f9p,harsh,0.999364807091599
1621309824,24,0.67,1.06,1.47322774885623,3,0.0161111111111111,33,7.34846922834953,23,0,83.4281851854236,6,0,2.99504190539979,323.778452440295,548.174465843997,323.206908328938,545.234463574631,2,26,2,ublox.f9p,harsh,0.999353194891979
1621309825,24,0.73,1.2,1.47322774885623,3.1,0.00305555555555556,33.5,7.6223356000638,25,0,83.4609714177831,7,0,2.99181244284981,323.761280360445,548.174465843997,323.206908328938,545.234463574631,2,26,2,ublox.f9p,harsh,0.999355310684748
1621309826,24,0.67,1.06,1.47322774885623,3.1,0.00722222222222222,33.3076923076923,7.71890785419404,26,0,83.8202317462795,7,0,2.97052483684334,323.744108279284,548.156010086267,323.206908328938,545.234463574631,2,26,2,ublox.f9p,harsh,0.999378046558899
1621309827,24,0.73,1.2,1.47322774885623,3.1,0.0075,33.5,7.81920712092985,27,0,84.5541936669416,8,0,2.94631971509501,323.709764115651,548.137554327833,323.206908328938,545.234463574631,2,26,2,ublox.f9p,harsh,0.999422035146731
1621309828,24,0.67,1.06,1.47322774885623,3.1,0.00805555555555556,33.1923076923077,8.07474695959808,27,0,85.0916980870245,7,0,2.92523635218627,323.692592035801,548.119098569399,323.206908328938,545.234463574631,2,26,2,ublox.f9p,harsh,0.999452264304289
1621309829,24,0.69,1.18,1.47989864517811,3.1,0.015,33.5,8.04611707595657,27,0,87.4276819160693,8,0,2.90421875205555,323.675419952018,548.10064281167,323.206908328938,545.234463574631,2,26,2,ublox.f9p,harsh,0.999566319281556
1621309830,23,0.65,1.06,1.47322774885623,3.2,0.00861111111111111,33.6153846153846,8.14899710677049,26,0,87.9577621172041,8,0,2.88884365684733,323.692592035801,548.082187053236,323.206908328938,545.234463574631,2,26,2,ublox.f9p,harsh,0.999588699964478
1621309831,23,0.69,1.18,1.47322774885623,3.2,0.0144444444444444,33.3076923076923,8.38937056408516,28,0,87.9206721046497,9,0,2.83427977396408,323.692592035801,548.026819779343,323.206908328938,545.234463574631,2,26,2,ublox.f9p,harsh,0.999587172250509
1621309832,23,0.69,1.17,1.47322774885623,3.2,0.00333333333333333,33.3076923076923,8.71214890033099,30,0,87.3993683234229,8,0,2.81609878182025,323.692592035801,548.008364020909,323.206908328938,545.234463574631,2,26,2,ublox.f9p,harsh,0.999565090170458
1621309833,23,0.73,1.28,1.47322774885623,3.2,0.00388888888888889,32.4814814814815,9.12465118562125,31,0,86.6508823767345,8,0,2.79499169455064,323.675419952018,547.989908263179,323.206908328938,545.234463574631,2,27,2,ublox.f9p,harsh,0.999531304401123
1621309834,23,0.73,1.28,1.47322774885623,3.2,0.00944444444444444,32.1851851851852,8.87536364168138,29,0,85.4685419711058,9,0,2.79468845119723,323.675419952018,547.989908263179,323.206908328938,545.234771170711,2,27,2,ublox.f9p,harsh,0.999472510620076
1621309835,24,0.84,1.44,1.47322774885623,3.2,0.00361111111111111,32.1481481481481,9.16810400541634,29,0,84.5406756143653,9,0,2.75544146407561,323.658247870857,547.952996746311,323.206908328938,545.234771170711,2,27,2,ublox.f9p,harsh,0.999421253774963
1621309836,24,0.9,1.44,1.47322774885623,3.2,0.0105555555555556,32.2592592592593,9.21367124938468,30,0,83.5669167992533,9,0,2.71354569372594,323.623903708535,547.916085230147,323.206908328938,545.234771170711,2,27,2,ublox.f9p,harsh,0.999362100482425
1621309837,24,0.8,1.32,1.47322774885623,3.2,0.00666666666666667,32.5185185185185,9.17928424547684,31,0,83.1675567754638,8,0,2.67194437909019,323.589559546214,547.879173713984,323.206908328938,545.234771170711,2,27,2,ublox.f9p,harsh,0.999336127052521
1621309838,25,0.67,1.06,1.47989864517811,3.3,0.00916666666666667,32.6666666666667,8.8578517972214,31,0,81.0388770899498,8,0,2.63541864047051,323.589559546214,547.84226219782,323.206908328938,545.234771170711,2,27,2,ublox.f9p,harsh,0.999178771587615
1621309839,25,0.73,1.19,1.47989864517811,3.3,0.00166666666666667,32.9259259259259,8.86621038604919,32,0,62.5310789394628,8,0,2.57925676847244,323.572387463742,547.786894923223,323.207766932996,545.233540786745,2,27,2,ublox.f9p,harsh,0.994795988422245
1621309840,25,0.67,1.06,1.47989864517811,3.3,0.214722222222222,32.1481481481481,8.78680699731007,32,0,62.5632979469593,7,0,2.49091028689092,323.589559546214,547.602337342405,323.227514827642,545.137878440517,2,27,2,ublox.f9p,harsh,0.994812641414049
1621309841,25,0.73,1.19,1.56204993518133,3.3,1.13027777777778,30.0714285714286,7.92991789891912,29,0.0357142857142857,61.6187276726808,9,0,2.37317360171194,323.726936198123,546.734916710448,323.357164041718,544.390727832348,2,28,2,ublox.f9p,harsh,0.994301699831614
1621309842,24,0.73,1.19,1.56204993518133,3.3,2.66722222222222,29.75,8.42230284335497,31,0.0357142857142857,63.0397658889477,9,0,2.39321988176181,324.13906615385,544.538681493786,323.775304227163,542.17326849324,2,28,2,ublox.f9p,harsh,0.995052812542046
1621309843,24,0.75,1.29,1.56204993518133,3.3,3.99472222222222,29.8214285714286,9.58800783165586,33,0.0357142857142857,62.9723252707092,8,0,2.4091266512618,324.791605253696,540.976720174493,324.458753073098,538.59069824507,2,28,2,ublox.f9p,harsh,0.995019502377333
1621309844,24,0.78,1.33,1.62788205960997,3.3,5.05611111111111,30.4642857142857,9.15497089364527,31,0,62.7497377152553,8,0,2.45307566433049,325.718897654739,536.325869126615,325.387762683568,533.895245781504,2,28,2,ublox.f9p,harsh,0.994907970523731
1621309845,25,0.74,1.28,1.62788205960997,3.4,5.52166666666667,28.8,10.2802119929839,30,0.0333333333333333,60.7954800951518,7,0,2.39934450947113,326.680534222035,530.97369927022,326.446135307635,528.585831764671,2,30,2,ublox.f9p,harsh,0.993815761797795
1621309846,24,0.8,1.31,1.62788205960997,3.4,5.44555555555556,27.7586206896552,9.51185415458669,32,0.0344827586206897,61.4176277627197,7,0,2.46322893323998,327.041147932969,525.529250622712,327.042578940607,523.066022105143,2,29,2,ublox.f9p,harsh,0.9941866199888
1621309847,21,0.86,1.54,1.76918060129541,3.6,5.34055555555556,27.2142857142857,9.87085925509337,33,0.0357142857142857,15.6519240757399,7,0,2.68854194853255,326.113855530616,520.287815315513,326.393760460094,517.613883558815,2,28,2,ublox.f9p,harsh,0.63765310988119
1621309848,21,0.84,1.42,1.84390889145858,3.7,5.08833333333333,28.3461538461538,8.83149956776224,31,0.0384615384615385,14.4837526528552,6,1,3.27358553729715,323.503699136476,516.042990946138,323.969921151793,512.8027750116,2,26,2,ublox.f9p,harsh,0.610252869345698
1621309849,22,0.8,1.31,1.84390889145858,3.8,5.90694444444444,29.4814814814815,9.24192108888111,36,0.037037037037037,15.4301934390084,7,1,3.55528738526563,319.227850838265,512.333383562895,319.890120781918,508.840323741827,2,27,2,ublox.f9p,harsh,0.632514514121405
1621309850,24,0.79,1.33,1.98494332412792,3.9,6.1025,28.6666666666667,9.77831195122065,34,0.037037037037037,15.1040419535081,8,1,3.71674736077622,313.801473074744,509.823400458138,314.428540250705,506.159932469924,2,27,2,ublox.f9p,harsh,0.624901222513199
1621309851,23,0.79,1.33,1.98494332412792,3.9,6.35194444444444,28.5,10.2303470126873,34,0.0384615384615385,15.0330071625017,7,1,3.75720882841398,307.756900375009,508.143926468118,308.418311715914,504.445392539866,2,26,3,ublox.f9p,harsh,0.623234697663776
1621309852,22,0.84,1.37,2.06155281280883,4,6.77666666666667,26.8571428571429,9.40336537752737,33,0.0714285714285714,11.4749001448088,4,1,3.78365761495274,301.300197720857,506.612098544161,301.960464255915,502.886496170064,2,28,2,ublox.f9p,harsh,0.536805807137171
1621309853,20,0.87,1.35,2.14009345590327,4.1,7.04416666666667,26.4814814814815,8.44151996143226,32,0.0740740740740741,18.1488429383253,5,1,3.74486536718535,294.48288135184,505.098726377229,295.091059239835,501.403576004795,2,27,2,ublox.f9p,harsh,0.693149339945614
1621309854,18,0.83,1.35,2.28035085019828,4.2,7.21722222222222,27.0769230769231,8.26521906266532,31,0.0769230769230769,6.24320583095088,2,1,3.73225286041211,287.459500007579,503.677633001762,288.01186862918,499.986481376601,2,26,2,ublox.f9p,harsh,0.407169390371991
1621309855,18,0.87,1.35,2.36008474424119,4.3,7.22833333333333,28.52,8.07836617144828,28,0.04,8.65996535789838,5,1,3.75696534745561,280.350258252271,502.348818417056,280.871144726825,498.628137578472,2,25,2,ublox.f9p,harsh,0.466549175145236
1621309856,17,0.91,1.66,2.36008474424119,4.3,7.10916666666667,27.4285714285714,9.24333021368129,28,0.037037037037037,47.2675951953932,7,1,3.91066681954913,273.292532744379,501.1676498963,273.874666308843,497.30055337738,2,28,2,ublox.f9p,harsh,0.976495070097785
1621309857,17,0.78,1.42,2.5,4.4,7.16527777777778,26.4285714285714,9.42584536508853,33,0.0740740740740741,20.1253198732343,5,1,3.8670455400685,266.269151397497,499.986481376953,266.860443406121,496.16490906055,2,28,2,ublox.f9p,harsh,0.733515370787379
1621309858,20,0.8,1.43,2.5,4.5,7.14527777777778,26.551724137931,9.70488171303697,33,0.0357142857142857,16.5794886665556,3,1,3.83713884181969,259.211425888293,498.916047404688,259.765225518842,495.119082766901,2,29,2,ublox.f9p,harsh,0.658799479396565
1621309859,16,0.8,1.43,2.5,4.5,7.1775,25.9285714285714,10.501952451378,34,0.037037037037037,19.8493828619431,5,1,3.69464456961186,252.13652829924,497.808701917668,252.633946261125,494.147694697387,2,28,2,ublox.f9p,harsh,0.728086980565513
1621309860,18,0.83,1.44,2.64007575648882,4.6,7.31833333333333,25.0714285714286,11.2478098985192,34,0.037037037037037,23.9019778565404,6,1,3.57910576272609,244.924254058277,496.775179462976,245.394196687683,493.227059963037,2,28,2,ublox.f9p,harsh,0.800623816627049
1621309861,20,0.72,1.25,2.72029410174709,4.6,7.36333333333333,25.1034482758621,10.6514413095338,34,0.0714285714285714,37.2652128258584,9,1,3.58312300863862,237.67763565106,495.778568523742,238.098924050947,492.220298357052,2,29,2,ublox.f9p,harsh,0.938573583671981
1621309862,18,1.04,1.72,2.80178514522438,4.6,7.54638888888889,25.2592592592593,9.81205143058032,33,0.0384615384615385,39.0202744503651,11,1,3.63855844199413,230.259296429611,494.689678794452,230.665702360033,491.073888181664,2,27,2,ublox.f9p,harsh,0.947946569812194
1621309863,20,0.85,1.39,2.88444102037119,4.7,7.45805555555556,27.1428571428571,10.7486925499984,32,0.0740740740740741,23.9861513074827,8,1,3.64059014300173,222.875301371796,493.637700580621,223.172950786013,490.009298533502,2,28,2,ublox.f9p,harsh,0.801964038754579
1621309864,22,0.85,1.39,2.96816441593117,4.7,7.10111111111111,27,9.39266853573691,32,0.037037037037037,35.8105461755515,7,1,3.61381807856842,215.748887539259,492.604178125928,215.991872491619,488.998538180244,2,28,2,ublox.f9p,harsh,0.929632289336885
1621309865,20,0.81,1.38,3.05286750449475,4.8,6.67583333333333,23.6071428571429,8.47365977915741,30,0.037037037037037,36.7457418683382,7,1,3.62076286204939,209.034603658518,491.459921122392,209.256695914316,487.845976085025,2,28,2,ublox.f9p,harsh,0.935509549007612
1621309866,21,0.81,1.38,3.19061122670876,4.9,6.11222222222222,23.0357142857143,8.89645015704722,31,0.037037037037037,14.9524463608439,6,1,3.86871543943354,202.835482225713,490.463310183511,203.054998669337,486.600827603319,2,28,2,ublox.f9p,harsh,0.621341153978118
1621309867,22,0.76,1.35,3.27566787083184,5,5.85694444444444,23.9642857142857,9.61666047701377,27,0.037037037037037,24.2471423686066,7,1,4.05713442741955,197.014146587625,489.374420453868,197.247400696178,485.323996737392,2,28,2,ublox.f9p,harsh,0.806076396378039
1621309868,20,0.8,1.37,3.27566787083184,5,4.75861111111111,24.7931034482759,9.87558067133569,30,0.0357142857142857,38.2679696351923,10,1,4.08865462841822,192.068587107096,488.30398648266,192.221418633361,484.218189229361,2,29,2,ublox.f9p,harsh,0.944106820851483
1621309869,21,0.86,1.52,3.36154726279432,5.1,3.5475,25,8.71370021452261,28,0.0357142857142857,19.8896521052925,10,1,4.08062556576069,188.256385006784,487.455021608785,188.43125403808,483.378144638623,2,29,2,ublox.f9p,harsh,0.728883483608057
1621309870,19,0.86,1.52,3.49857113690718,5.2,2.22916666666667,25.6785714285714,8.84036856709698,28,0.037037037037037,14.5613435943503,7,1,4.03527119471376,185.714916942532,486.845981590678,185.834262907911,482.812475652237,2,28,2,ublox.f9p,harsh,0.612096739087736
1621309871,19,0.82,1.35,3.49857113690718,5.3,1.02305555555556,25.4666666666667,8.69694093398336,29,0.0689655172413793,13.0622090148576,7,1,3.93558679657939,184.461354991566,486.347676121061,184.501423180505,482.41229329678,2,30,2,ublox.f9p,harsh,0.575962559053079
1621309872,24,0.82,1.35,3.49857113690718,5.3,1.21666666666667,26.7,8.85184570661922,29,0.0344827586206897,12.6484098892814,8,1,3.71945085102215,183.63709507749,485.535622764054,183.635377868063,481.816172309435,2,30,2,ublox.f9p,harsh,0.56582593954009
1621309873,20,1.09,2.06,3.49857113690718,5.4,1.07027777777778,27.6071428571429,8.46053708878389,28,0.0740740740740741,30.2826211358453,8,1,3.78308524645247,182.915867651689,484.686657889827,182.789366652056,480.905688241837,2,28,2,ublox.f9p,harsh,0.883732630421994
1621309874,20,1.27,2.2,3.49857113690718,5.5,0.496666666666667,25.9677419354839,9.17054658846368,33,0.0666666666666667,49.0161568910052,8,1,3.72960607910312,182.435049368696,484.096073629801,182.17718194556,480.375392791921,2,31,2,ublox.f9p,harsh,0.980191089672422
1621309875,20,1.29,2.23,3.49857113690718,5.6,0.723888888888889,26.6,9.3940553469771,34,0.0689655172413793,55.8556337192751,9,1,3.76834599395578,181.851198594805,483.81923725787,181.566714445869,480.061644903826,2,30,2,ublox.f9p,harsh,0.989904946484499
1621309876,20,1.29,2.23,3.55105618091294,5.7,0.598055555555556,25.6896551724138,8.82003987793002,30,0.0714285714285714,61.403434905401,8,1,3.86755739340919,181.267347826157,483.690046950945,180.876110568301,479.842328977993,2,29,2,ublox.f9p,harsh,0.994178411350711
1621309877,20,1.36,2.49,3.63593179253957,5.9,0.140277777777778,25.3333333333333,9.28971746474093,33,0.103448275862069,66.3698076209082,10,1,3.91345549044238,181.0097666035,483.690046950945,180.621677560087,479.795881986533,2,30,2,ublox.f9p,harsh,0.996449042661536
1621309878,20,1.29,2.23,3.63593179253957,5.9,0.0294444444444444,26.3793103448276,9.78487824985738,32,0.103448275862069,68.4826653580704,8,1,3.96544609612427,180.975422437245,483.745414225543,180.6070812911,479.797112370147,2,29,2,ublox.f9p,harsh,0.997123402992746
1621309879,20,1.29,2.23,3.49857113690718,6,0.0291666666666667,25.1612903225806,9.88971443535673,33,0.129032258064516,72.0725455231173,8,1,3.96859890417944,180.992594522339,483.745414225543,180.594774632497,479.796804774419,2,31,2,ublox.f9p,harsh,0.997989289801441
1621309880,21,1.06,1.71,3.58468966578698,6.1,0.0275,24.3939393939394,10.1332971988989,34,0.181818181818182,37.0209400204803,9,1,4.1707910127549,180.958250356084,483.948427565147,180.581895570316,479.794651602567,2,33,2,ublox.f9p,harsh,0.937150093195992
1621309881,19,0.94,1.53,3.58468966578698,6.2,0.0494444444444444,25.0967741935484,10.1072740759965,32,0.193548387096774,40.8433593133572,8,1,4.33711218672197,180.906734112602,484.114529388235,180.568157905387,479.790652855294,2,31,2,ublox.f9p,harsh,0.956241973449336
1621309882,19,0.83,1.37,3.49857113690718,6.2,0.0388888888888889,24.5588235294118,10.3431756932994,33,0.181818181818182,43.3403758845973,8,1,4.5789929116632,180.820873704175,484.35445424365,180.553561637711,479.783270551849,2,34,2,ublox.f9p,harsh,0.965578219282765
1621309883,18,0.9,1.5,3.49857113690718,6.3,0.0208333333333333,24.0294117647059,10.8194137916529,36,0.181818181818182,51.8108140695111,9,1,4.75561490043124,180.752185379531,484.520556066738,180.538679165624,479.76973632928,2,34,2,ublox.f9p,harsh,0.984948050877583
1621309884,19,0.83,1.37,3.49857113690718,6.2,0.0261111111111111,24.3636363636364,10.8132389395424,33,0.1875,49.4108914155188,7,1,4.86935047768315,180.700669133427,484.612834857499,180.524655298906,479.746666631413,2,33,2,ublox.f9p,harsh,0.980943173399394
1621309885,21,0.83,1.37,3.49857113690718,6.2,0.0391666666666667,24.3823529411765,10.9627874852802,35,0.181818181818182,56.8173669032469,8,1,4.98394916210243,180.666324972416,484.686657889827,180.510631432187,479.705141175817,2,34,2,ublox.f9p,harsh,0.990822100982513
1621309886,20,0.9,1.52,3.4132096331752,6.2,0.0208333333333333,23.5588235294118,11.0650724750001,35,0.181818181818182,60.533428030229,8,1,5.00597967463631,180.649152891255,484.649746373663,180.496893767258,479.646082749674,2,34,2,ublox.f9p,harsh,0.993652602741544
1621309887,21,0.9,1.52,3.36154726279432,6.2,0.00805555555555556,23.6470588235294,11.5072634583321,38,0.181818181818182,63.8176735281493,8,1,4.99515030541242,180.631980810094,484.631290615229,180.492600746968,479.638085254775,2,34,2,ublox.f9p,harsh,0.995421374760962
1621309888,22,0.9,1.52,3.4132096331752,6.3,0.00527777777777778,23.3714285714286,11.1989645379691,38,0.176470588235294,66.873426840497,9,1,5.01315090142586,180.614808725001,484.649746373663,180.492600746968,479.638085254775,2,35,2,ublox.f9p,harsh,0.996622858175552
1621309889,21,0.96,1.65,3.4132096331752,6.3,0.0258333333333333,23.3611111111111,10.7042121956807,37,0.171428571428571,76.0367674220834,11,1,5.03160119573835,180.614808725001,484.668202132449,180.492600746968,479.638085254775,2,36,2,ublox.f9p,harsh,0.998646459057501
1621309890,22,0.93,1.55,3.49857113690718,6.3,0.0102777777777778,23.1666666666667,11.0337145668563,40,0.171428571428571,71.3961848938114,8,1,5.05005846258038,180.614808725001,484.686657889827,180.492314545179,479.638085254775,2,36,2,ublox.f9p,harsh,0.997848891342287
1621309891,21,0.9,1.52,3.49857113690718,6.4,0.0233333333333333,22.7777777777778,11.3618688380065,41,0.171428571428571,71.1524725348746,8,1,5.01243629349925,180.580464563989,484.649746373663,180.492314545179,479.638085254775,2,36,2,ublox.f9p,harsh,0.99779593907891
1621309892,21,0.92,1.65,3.49857113690718,6.4,0.0258333333333333,23.0571428571429,11.6869531508251,41,0.176470588235294,72.8103104261191,9,1,4.97504057067445,180.546120400357,484.612834857499,180.492314545179,479.638085254775,2,35,2,ublox.f9p,harsh,0.998132025823898
1621309893,22,0.86,1.52,3.49857113690718,6.4,0.00972222222222222,23.6,10.9281073115048,36,0.147058823529412,70.3547995952441,9,1,4.97488448542276,180.528948320507,484.612834857499,180.492314545179,479.638085254775,2,35,3,ublox.f9p,harsh,0.997613361648005
1621309894,21,0.86,1.52,3.49857113690718,6.4,0.00888888888888889,25.7575757575758,9.95938722710358,33,0.0909090909090909,69.9744549662667,9,1,4.99320588539994,180.494604158185,484.631290615229,180.492314545179,479.638085254775,2,33,3,ublox.f9p,harsh,0.997521068122514
1621309895,21,0.92,1.65,3.49857113690718,6.5,0.0233333333333333,25.78125,9.67449048420806,33,0.09375,45.7217274786984,10,1,4.95631618835254,180.477432073091,484.594379099065,180.492314545179,479.638085254775,2,32,3,ublox.f9p,harsh,0.972673000547502
1621309896,21,0.86,1.52,3.55105618091294,6.5,0.00833333333333333,25.6333333333333,10.5257756969731,34,0.0666666666666667,28.8321868750881,7,1,4.95653830131033,180.44308791208,484.594379099065,180.492314545179,479.638085254775,2,30,3,ublox.f9p,harsh,0.867980394288886
1621309897,20,0.9,1.55,3.55105618091294,6.5,0.0166666666666667,26.3103448275862,10.430393254728,35,0.0689655172413793,30.4756012693314,8,1,5.01190287535367,180.44308791208,484.649746373663,180.492314545179,479.638085254775,2,29,3,ublox.f9p,harsh,0.885700850873439
1621309898,18,0.96,1.56,3.55105618091294,6.5,0.0436111111111111,25.7,10.14090385688,34,0.0666666666666667,47.5642823175222,7,1,5.21564749913456,180.391571668597,484.852759713267,180.492314545179,479.638085254775,2,30,4,ublox.f9p,harsh,0.977166498447538
1621309899,20,0.8,1.47,3.55105618091294,6.5,0.0180555555555556,25.9677419354839,10.8181448531861,35,0.0645161290322581,41.997954495644,7,1,5.21600744298799,180.374399587436,484.852759713267,180.492314545179,479.638085254775,2,31,4,ublox.f9p,harsh,0.960826578882857
1621309900,20,0.8,1.36,3.55105618091294,6.5,0.00583333333333333,25.25,10.9131468510943,36,0.09375,45.6311297252216,7,1,5.2912108859838,180.322883340021,484.926582745242,180.492314545179,479.638085254775,2,32,4,ublox.f9p,harsh,0.972431155592609
1621309901,21,0.87,1.48,3.55105618091294,6.5,0.0166666666666667,25.2424242424242,10.6125818696203,36,0.151515151515152,58.8743152826426,9,1,5.40448032023076,180.254195016688,485.037317294789,180.492314545179,479.638085254775,2,33,4,ublox.f9p,harsh,0.992515671700501
1621309902,21,0.86,1.52,3.55105618091294,6.5,0.00805555555555556,24.5,11.1116919040125,35,0.176470588235294,52.331148381333,7,1,5.40526414055872,180.237022932906,485.037317294789,180.492314545179,479.638085254775,2,34,4,ublox.f9p,harsh,0.985700314703202
1621309903,19,0.83,1.37,3.55105618091294,6.5,0.02,24.3636363636364,11.4422959393487,35,0.181818181818182,33.447249513226,6,1,5.48164782579438,180.185506688112,485.111140327116,180.492314545179,479.638085254775,2,33,4,ublox.f9p,harsh,0.912514024275381
1621309904,20,0.83,1.49,3.55105618091294,6.5,0.0169444444444444,25.030303030303,10.8929014973194,36,0.121212121212121,42.5354344261133,8,1,5.59640097867872,180.116818360847,485.221874875607,180.492314545179,479.638085254775,2,33,4,ublox.f9p,harsh,0.962800232732046
1621309905,20,0.83,1.47,3.55105618091294,6.5,0.0205555555555556,24.5,10.9910431853865,36,0.147058823529412,39.5000301386262,6,1,5.58040411776214,180.082474198525,485.203419117877,180.492314545179,479.638085254775,2,34,4,ublox.f9p,harsh,0.950263630884809
1621309906,19,0.78,1.37,3.55105618091294,6.5,0.0244444444444444,24.5151515151515,11.3856302310226,35,0.151515151515152,26.1442441084075,5,1,5.65942401490835,180.013785873881,485.277242150204,180.492314545179,479.638085254775,2,33,5,ublox.f9p,harsh,0.834024751871314
1621309907,19,0.91,1.6,3.55105618091294,6.5,0.0186111111111111,24.030303030303,11.7006539573779,35,0.151515151515152,44.1446655894005,7,1,5.8294061791916,179.962269629087,485.443343973293,180.492314545179,479.638085254775,2,33,5,ublox.f9p,harsh,0.968153604697841
1621309908,20,0.84,1.51,3.60555127546399,6.5,0.0119444444444444,24.1515151515152,11.6112047504803,35,0.151515151515152,26.5059427298861,5,1,5.94124757763903,179.945097546616,485.554078521783,180.492314545179,479.638085254775,2,33,5,ublox.f9p,harsh,0.838971351940444
1621309909,20,0.79,1.39,3.60555127546399,6.5,0.0161111111111111,24.96875,11.5688245562332,35,0.15625,30.840897399086,6,1,6.113171647291,179.876409221972,485.720180344871,180.4920283447,479.638085254775,2,32,5,ublox.f9p,harsh,0.889347141018851
1621309910,19,0.89,1.57,3.60555127546399,6.5,0.0127777777777778,24.5757575757576,11.2027627815371,35,0.151515151515152,39.9030551402247,6,1,6.36081832188878,179.790548813545,485.960105200287,180.4920283447,479.638085254775,2,33,5,ublox.f9p,harsh,0.952134235762969
1621309911,19,0.84,1.51,3.60555127546399,6.5,0.0241666666666667,25.1875,11.0758018715023,34,0.15625,33.5717071923595,6,1,6.4930385973819,179.756204652534,486.089295507211,180.4920283447,479.638085254775,2,32,5,ublox.f9p,harsh,0.913502509361843
1621309912,20,0.79,1.38,3.60555127546399,6.5,0.0152777777777778,25.25,10.9691649930686,34,0.15625,51.8227486025903,7,1,6.72100359313647,179.687516325269,486.310764604897,180.4920283447,479.638085254775,2,32,5,ublox.f9p,harsh,0.984965734049411
1621309913,20,0.89,1.57,3.60555127546399,6.5,0.00638888888888889,26.0967741935484,10.8269873886496,34,0.161290322580645,51.454043926242,8,1,6.96753728049167,179.618827996693,486.550689460665,180.4920283447,479.638085254775,2,31,5,ublox.f9p,harsh,0.984409871065994
1621309914,20,0.84,1.51,3.60555127546399,6.5,0.0108333333333333,25.65625,10.8199617642876,32,0.15625,52.0198650866798,7,1,7.11834046185542,179.584483834371,486.698335526023,180.4920283447,479.638085254775,2,32,5,ublox.f9p,harsh,0.985254855595383
1621309915,21,0.81,1.37,3.60555127546399,6.5,0.0119444444444444,26.258064516129,10.4593426878732,31,0.129032258064516,54.0679774957062,7,1,7.33088341253764,179.498623425944,486.901348865275,180.4920283447,479.638085254775,2,31,5,ublox.f9p,harsh,0.987952741608731
1621309916,22,0.81,1.37,3.60555127546399,6.5,0.0147222222222222,25.5294117647059,10.3080883044325,33,0.181818181818182,56.9626472507922,8,1,7.54886862985208,179.378418855196,487.104362204879,180.4920283447,479.638085254775,2,34,5,ublox.f9p,harsh,0.990953276389287
1621309917,22,0.9,1.55,3.60555127546399,6.5,0.0141666666666667,26.3125,10.0785223571328,31,0.161290322580645,59.4481486755675,8,1,7.66869815326135,179.309730530552,487.215096753017,180.4920283447,479.638085254775,2,32,5,ublox.f9p,harsh,0.992930106558532
1621309918,22,0.84,1.41,3.60555127546399,6.5,0.015,28.6296296296296,9.4671421573134,31,0.0740740740740741,58.4057126720261,9,1,7.92470860191715,179.189525959804,487.455021608785,180.4920283447,479.638085254775,2,27,5,ublox.f9p,harsh,0.992159422165719
1621309919,21,0.92,1.55,3.60555127546399,6.5,0.0216666666666667,28.6153846153846,9.74916169966187,33,0.0384615384615385,38.9608778135196,8,1,8.22387712123979,179.034977226734,487.731857981068,180.4920283447,479.638085254775,2,26,5,ublox.f9p,harsh,0.947652702802093
1621309920,21,1.16,2.07,3.60555127546399,6.5,0.00972222222222222,27.6428571428571,10.004496343642,31,0.107142857142857,61.3580771892636,9,1,8.15123248681516,179.034977226734,487.658034948741,180.4920283447,479.638085254775,2,28,5,ublox.f9p,harsh,0.994152100745929
1621309921,22,0.87,1.5,3.60555127546399,6.6,0.0202777777777778,26.5,9.80491527940775,31,0.0882352941176471,222.140463343681,11,1,8.16059854334738,178.983460980629,487.658034948741,180.4920283447,479.638085254775,2,34,5,ublox.f9p,harsh,0.999999999387852
1621309922,22,0.93,1.65,3.60555127546399,6.6,0.0116666666666667,26.3666666666667,10.7173186730744,33,0.1,64.9980402634975,11,1,8.16348823962993,178.966288899469,487.658034948741,180.4920283447,479.638392850502,2,30,5,ublox.f9p,harsh,0.995929067813651
1621309923,22,0.8,1.36,3.60555127546399,6.6,0.0216666666666667,27.1428571428571,11.0711981542843,33,0.0714285714285714,63.5676983437915,11,1,8.29530928425336,178.84608432872,487.768769497232,180.4920283447,479.638392850502,2,28,5,ublox.f9p,harsh,0.995306021978004
1621309924,22,0.86,1.51,3.60555127546399,6.6,0.02,26.5666666666667,10.6986410137096,33,0.0666666666666667,62.899270121506,11,1,8.42110802070437,178.760223920294,487.879504045722,180.4920283447,479.638392850502,2,30,5,ublox.f9p,harsh,0.994983167253808
1621309925,22,0.92,1.62,3.60555127546399,6.6,0.0138888888888889,27.1724137931034,10.7107054773558,34,0.0689655172413793,62.1100635968118,12,1,8.38141859621148,178.69153559565,487.824136771829,180.4920283447,479.638392850502,2,29,5,ublox.f9p,harsh,0.99457342830797
1621309926,21,0.8,1.36,3.60555127546399,6.6,0.0294444444444444,26.7333333333333,10.5010125401228,34,0.0666666666666667,59.2850057330005,9,1,8.45424402100504,178.605675187224,487.879504045722,180.4920283447,479.638392850502,2,30,5,ublox.f9p,harsh,0.992814655808372
1621309927,21,0.8,1.36,3.60555127546399,6.6,0.0311111111111111,27.3103448275862,10.3306183201611,34,0.0689655172413793,58.4842795320328,9,1,8.55361941666397,178.485470616475,487.95332707805,180.4920283447,479.638392850502,2,29,5,ublox.f9p,harsh,0.992220304407621
1621309928,21,0.87,1.48,3.60555127546399,6.6,0.0138888888888889,26.5806451612903,10.544427259769,34,0.0967741935483871,44.1293666394613,9,1,8.75204853901211,178.330921883405,488.119428901138,180.4920283447,479.638392850502,2,31,5,ublox.f9p,harsh,0.968106400866328
1621309929,20,0.8,1.36,3.60555127546399,6.6,0.0155555555555556,26.0606060606061,9.63372784135052,34,0.121212121212121,38.9563430864175,8,1,9.07668415819101,178.176373151646,488.414721031151,180.4920283447,479.638392850502,2,33,5,ublox.f9p,harsh,0.947630202788125
1621309930,20,0.8,1.36,3.60555127546399,6.6,0.00666666666666667,25.46875,10.5890520913606,34,0.125,37.0504692646027,9,1,9.41973409311785,178.021824417265,488.728468919597,180.4920283447,479.638392850502,2,32,5,ublox.f9p,harsh,0.937323795488029
1621309931,20,0.86,1.51,3.60555127546399,6.6,0.00833333333333333,24.8125,11.1194032678133,35,0.125,35.0801802677673,9,1,9.53560051426818,177.987480252322,488.839203468088,180.4920283447,479.638392850502,2,32,5,ublox.f9p,harsh,0.924702005386437
1621309932,21,0.86,1.49,3.66196668472011,6.6,0.0163888888888889,24.6451612903226,10.9378498407953,33,0.129032258064516,39.4261565230726,9,1,9.51779396319471,177.987480252322,488.820747710711,180.4920283447,479.638392850502,2,31,5,ublox.f9p,harsh,0.949913320878236
1621309933,21,0.86,1.49,3.66196668472011,6.6,0.0169444444444444,25.2,10.6848264956142,33,0.133333333333333,26.6950965875417,8,1,9.54408559022266,177.95313609,488.839203468088,180.4920283447,479.639008042309,2,30,5,ublox.f9p,harsh,0.841510434988365
1621309934,20,0.79,1.38,3.66196668472011,6.6,0.0222222222222222,25.3666666666667,10.5355992034014,34,0.1,21.5186187377571,8,1,9.64180653814449,177.918791927678,488.931482259201,180.49174214291,479.639315638389,2,30,5,ublox.f9p,harsh,0.759850831461185
1621309935,19,0.79,1.38,3.66196668472011,6.6,0.0336111111111111,26.1428571428571,10.6656745570364,34,0.107142857142857,21.7794513245858,7,1,9.80651432792321,177.832931517941,489.079128323856,180.49174214291,479.639930830196,2,28,5,ublox.f9p,harsh,0.764578131979929
1621309936,20,0.93,1.64,3.66196668472011,6.7,0.0316666666666667,24.71875,10.5256503132172,34,0.1875,21.7872833158637,8,1,9.80157623486402,177.850103600412,489.079128323856,180.49174214291,479.640238426275,2,32,5,ublox.f9p,harsh,0.764719077365738
1621309937,19,1,1.7,3.66196668472011,6.7,0.0188888888888889,24.6451612903226,10.8245042599243,34,0.161290322580645,31.3593078762302,8,1,9.83653435563521,177.850103600412,489.116039840019,180.49174214291,479.640853618082,2,31,5,ublox.f9p,harsh,0.894346724454755
1621309938,20,0.9,1.52,3.66196668472011,6.7,0.00333333333333333,24.4375,11.1005303564086,33,0.1875,25.3844815736289,9,1,9.88958245389288,177.850103600412,489.171407114617,180.49174214291,479.641161214162,2,32,5,ublox.f9p,harsh,0.823239019718518
1621309939,19,0.86,1.49,3.66196668472011,6.7,0.025,24.875,11.3727177788521,35,0.1875,20.7405520659408,7,1,9.9788828803172,177.781415275769,489.245230146944,180.49174214291,479.641468810242,2,32,5,ublox.f9p,harsh,0.745367338758837
1621309940,20,0.86,1.49,3.66196668472011,6.7,0.02,24.6969696969697,11.2040306600037,34,0.181818181818182,33.2249977605789,8,1,10.1045902499017,177.712726948503,489.355964696491,180.490024934794,479.640546022355,2,33,5,ublox.f9p,harsh,0.910723396972486
1621309941,21,0.9,1.49,3.66196668472011,6.7,0.221666666666667,24.2058823529412,10.3155646205278,33,0.176470588235294,72.2820517141012,9,1,10.2767810978071,177.489489886857,489.485155003416,180.354937893269,479.615938344795,2,34,5,ublox.f9p,harsh,0.998030895124715
1621309942,20,1.09,2.05,3.66196668472011,6.7,1.52055555555556,24.1515151515152,10.3141929280761,30,0.181818181818182,42.7167024320308,9,1,10.3652154431689,176.338960425479,489.319053180328,179.216428887393,479.361248882492,2,33,5,ublox.f9p,harsh,0.963444042611537
1621309943,22,1.25,2.45,3.74432904536981,6.8,3.12527777777778,24.3333333333333,10.0114517761745,30,0.181818181818182,216.920396138467,12,1,10.3604625239119,173.660115706695,488.746924677327,176.466320031792,478.773740582205,2,33,3,ublox.f9p,harsh,0.999999998968281
1621309944,20,1.12,2.06,3.74432904536981,6.8,4.39388888888889,24.0606060606061,10.2772181119801,32,0.181818181818182,47.1012991429364,8,1,10.3745886353887,169.62467654867,488.008694352647,172.416284602158,478.016746903364,2,33,3,ublox.f9p,harsh,0.976110340240935
1621309945,19,1.12,2.06,3.80131556174964,6.8,5.28333333333333,23.9090909090909,10.7539633285932,34,0.181818181818182,50.3142375476366,7,1,10.303318256955,164.627600822037,487.104362204879,167.378854484797,477.175164332581,2,33,2,ublox.f9p,harsh,0.982560492865741
1621309946,18,1.03,2.1,3.80131556174964,6.8,5.75277777777778,23,10.5267516357136,31,0.181818181818182,50.4834873993467,5,1,10.2810277862604,159.081018486456,486.144662781809,161.760149409651,476.218848465682,2,33,3,ublox.f9p,harsh,0.982848152483607
1621309947,17,0.98,1.85,3.80131556174964,6.9,5.89583333333333,23.1212121212121,10.611778761586,33,0.15625,52.8916668394241,4,1,10.2072487713431,153.311199095783,485.092684568682,155.898745580002,475.218853970982,2,33,3,ublox.f9p,harsh,0.986469242028641
1621309948,20,0.98,1.85,3.80131556174964,6.9,5.76694444444444,22.6470588235294,10.2155032298394,34,0.151515151515152,60.9717718007418,7,1,10.1910476639605,147.610068027132,484.151440904398,150.166418563472,474.286222993756,2,34,3,ublox.f9p,harsh,0.993923172709499
1621309949,22,0.98,1.85,3.80131556174964,6.9,5.61472222222222,23.7878787878788,9.87976965747929,34,0.15625,65.2736647075053,9,1,10.1037453496444,142.097829855184,483.154829965517,144.601519343504,473.366203451213,2,33,3,ublox.f9p,harsh,0.996039302104406
1621309950,22,0.96,1.82,3.80131556174964,6.9,5.27277777777778,23.3333333333333,10.0395052998973,34,0.15625,63.2489638537378,5,1,10.0357287352259,136.843172905893,482.213586301585,139.279891276375,472.478173889674,2,33,3,ublox.f9p,harsh,0.995154735420232
1621309951,21,0.79,1.33,3.88329756778952,6.9,4.76638888888889,25.0625,10.4416581923779,30,0.129032258064516,64.5269969340999,7,1,9.79176484777676,132.052162161057,481.180063846188,134.449957144515,471.686421865817,2,32,3,ublox.f9p,harsh,0.995733558884833
1621309952,20,0.79,1.33,3.88329756778952,6.9,4.04166666666667,25.75,10.1122729648744,31,0.129032258064516,64.9162852519234,8,1,9.59306648273865,127.965206756927,480.29418745615,130.293168609894,470.987871420608,2,32,3,ublox.f9p,harsh,0.995895786639145
1621309953,21,0.82,1.33,3.88329756778952,6.9,3.2725,25.5142857142857,10.1296635696164,31,0.147058823529412,68.6873697407665,8,1,9.42847642330231,124.565134612343,479.555957131118,126.875065781402,470.414820130778,2,35,3,ublox.f9p,harsh,0.99718152530356
1621309954,20,0.82,1.21,3.88329756778952,6.9,2.41805555555556,25.4102564102564,9.40805351734115,30,0.142857142857143,68.1163543304596,8,1,9.27335708609821,121.972150301986,478.946917112306,124.311274007707,469.973419915804,2,39,2,ublox.f9p,harsh,0.997016396546285
1621309955,20,0.89,1.27,3.88329756778952,6.8,1.67638888888889,24.3055555555556,10.0223163688254,32,0.15625,69.0131871456463,8,1,9.21517948442171,120.186253824544,478.577801949966,122.5142156762,469.661517603483,2,36,2,ublox.f9p,harsh,0.997271629716073
1621309956,20,0.81,1.18,3.96610640301039,6.8,0.938611111111111,24.6176470588235,10.6600776217606,34,0.161290322580645,71.5343213460139,9,1,9.19519141162727,119.12158476766,478.374788610714,121.406616416414,469.468039739175,2,34,2,ublox.f9p,harsh,0.997878339091063
1621309957,20,0.81,1.18,3.96610640301039,6.7,0.323611111111111,24.2285714285714,10.7923876066467,33,0.15625,72.0101683641004,9,1,9.08194610214401,118.640766484667,478.171775271462,120.986186620585,469.397907858042,2,35,2,ublox.f9p,harsh,0.997976733819136
1621309958,19,0.83,1.19,3.96610640301039,6.7,0.0277777777777778,23.8857142857143,10.6764485959447,35,0.15625,78.5678832139907,9,1,8.98772596515673,118.520561913919,478.042584964538,120.976741975946,469.396985070507,2,35,2,ublox.f9p,harsh,0.998948818023742
1621309959,18,0.83,1.19,3.96610640301039,6.6,0.0244444444444444,21.9189189189189,11.3636319956312,36,0.147058823529412,79.3614899491971,9,1,8.86670753922722,118.451873589275,477.894938899883,120.986472822374,469.398215454121,2,37,2,ublox.f9p,harsh,0.999028938280067
1621309960,20,0.83,1.19,3.96610640301039,6.6,0.0380555555555556,21.7297297297297,11.2512928853351,35,0.147058823529412,78.2082532062008,9,1,8.71364428147218,118.434701508114,477.728837076795,120.990765842665,469.398523050201,2,37,2,ublox.f9p,harsh,0.998910368318126
1621309961,20,0.83,1.19,3.96610640301039,6.6,0.0144444444444444,20.8378378378378,11.8145708379138,41,0.147058823529412,77.6674180469968,11,1,8.65065410139693,118.469045669125,477.673469802198,120.990765842665,469.398523050201,2,37,2,ublox.f9p,harsh,0.998849884126898
1621309962,20,0.81,1.18,3.96610640301039,6.6,0.0161111111111111,22.1428571428571,12.1803671758209,38,0.151515151515152,77.8507108626388,8,1,8.52715783191154,118.469045669125,477.544279494921,120.990765842665,469.398523050201,2,35,2,ublox.f9p,harsh,0.99887074931297
1621309963,20,0.76,1.15,4.04969134626332,6.6,0.0141666666666667,22.4871794871795,11.0068681784836,34,0.138888888888889,77.9484221889008,9,1,8.39140891219512,118.451873589275,477.396633430619,120.990765842665,469.398523050201,2,39,2,ublox.f9p,harsh,0.998881717359622
1621309964,20,0.76,1.15,4.04969134626332,6.5,0.00583333333333333,21.3611111111111,11.9741454279693,37,0.147058823529412,82.7294412802689,10,1,8.26143665600138,118.417529424332,477.248987364908,120.990765842665,469.398523050201,2,36,2,ublox.f9p,harsh,0.999306415828008
1621309965,21,0.76,1.05,4.04969134626332,6.5,0.00222222222222222,20.8918918918919,12.1123990278644,40,0.147058823529412,78.2234474264125,9,1,8.12672290621426,118.40035734186,477.101341300254,120.990765842665,469.398523050201,2,37,2,ublox.f9p,harsh,0.998912020871448
1621309966,21,0.76,1.05,4.04969134626332,6.5,0.0286111111111111,21.1666666666667,12.5504695415863,40,0.147058823529412,78.0947879764771,6,1,8.02831088983208,118.434701508114,477.009062509493,120.990765842665,469.398523050201,2,36,2,ublox.f9p,harsh,0.998897948082477
1621309967,19,0.79,1.18,4.04969134626332,6.5,0.00527777777777778,22,12.2301168259243,34,0.151515151515152,80.2076620256385,7,1,7.91789413760983,118.451873589275,476.898327961002,120.990765842665,469.398523050201,2,34,2,ublox.f9p,harsh,0.999107656085085
1621309968,20,0.78,1.06,4.04969134626332,6.4,0.0208333333333333,21.2777777777778,12.9253043315619,40,0.151515151515152,78.4686474737754,8,1,7.77901015898131,118.503389832758,476.769137654077,120.990765842665,469.398523050201,2,36,2,ublox.f9p,harsh,0.998938345740922
1621309969,20,0.77,1.06,4.04969134626332,6.4,0.0477777777777778,23.7714285714286,11.9313864740556,33,0.09375,20.9641303636655,6,1,7.77901015898131,118.503389832758,476.769137654077,120.990765842665,469.398523050201,2,35,2,ublox.f9p,harsh,0.74958741351431
1621309970,21,0.77,1.06,4.04969134626332,6.4,0.00444444444444444,27.0344827586207,10.3215542801761,33,0.0714285714285714,20.8993660190925,6,1,7.7735363309414,118.520561913919,476.769137654077,120.990765842665,469.398523050201,2,29,2,ublox.f9p,harsh,0.748369783145208
1621309971,21,0.73,1.16,4.04969134626332,6.3,0.0138888888888889,27.4285714285714,10.6264121377177,34,0.0714285714285714,15.6312667432937,7,1,7.99452913318225,118.486217751597,476.990606751059,120.990765842665,469.398523050201,2,28,2,ublox.f9p,harsh,0.637175683277085
1621309972,21,0.78,1.21,4.04969134626332,6.2,0.0233333333333333,29.5555555555556,9.45163125250522,34,0.0769230769230769,13.7288191841278,7,1,8.00322548340612,118.572078160023,477.027518267927,120.990765842665,469.398523050201,2,27,3,ublox.f9p,harsh,0.5921551675426
1621309973,21,0.73,1.16,3.96610640301039,6.2,0.0127777777777778,28.2068965517241,10.2622028766622,34,0.107142857142857,14.3545247553648,7,1,8.06634363275222,118.606422321035,477.101341300254,120.990765842665,469.395447090462,2,29,3,ublox.f9p,harsh,0.607174914844562
1621309974,22,0.73,1.16,3.96610640301039,6.1,0.00583333333333333,27.3,10.0760898272542,32,0.103448275862069,28.0867163684835,8,1,8.15811733780535,118.640766484667,477.193620091015,120.990765842665,469.381297676085,2,30,3,ublox.f9p,harsh,0.859201252915087
1621309975,22,0.73,1.16,3.96610640301039,6.1,0.00888888888888889,26.7,10.2793733875844,33,0.103448275862069,27.0982220148045,7,1,8.33107961429264,118.623594403506,477.359721914455,120.975310970931,469.367455857436,2,30,3,ublox.f9p,harsh,0.846813221528342
1621309976,22,0.78,1.21,3.96610640301039,6.1,0.0194444444444444,26.1935483870968,10.9099934458847,33,0.1,28.49175319281,9,1,8.28613747332567,118.692282730772,477.322810397235,120.933811773044,469.345616543535,2,31,3,ublox.f9p,harsh,0.864030246950261
1621309977,22,0.73,1.16,3.96610640301039,6,0.424444444444444,26.7931034482759,10.220355425553,31,0.107142857142857,26.9465608725333,8,1,8.2741721623206,118.469045669125,477.267443123342,120.579208289205,469.266871975696,2,29,3,ublox.f9p,harsh,0.844835499721478
1621309978,23,0.78,1.21,3.96610640301039,6,1.25333333333333,26.4137931034483,10.41810663282,31,0.107142857142857,43.9537949096153,9,1,8.12594899227163,117.541753266772,476.953695234895,119.547738591417,469.079238434435,2,29,3,ublox.f9p,harsh,0.967559820516289
1621309979,22,0.78,1.21,3.96610640301039,6,2.07777777777778,25.9,10.5613152263506,33,0.103448275862069,37.1840691694709,8,1,8.11596190606793,115.773028869181,476.676858863316,117.579818048427,468.764567758806,2,30,2,ublox.f9p,harsh,0.938104096221207
1621309980,22,0.88,1.27,3.96610640301039,6,2.62888888888889,26.2666666666667,10.8689159226361,33,0.103448275862069,31.4452048664166,7,1,7.96249107198446,113.437625781481,476.160097635265,115.040925795037,468.360694251803,2,30,2,ublox.f9p,harsh,0.895155625810997
1621309981,22,0.88,1.27,4.04969134626332,6,3.36666666666667,27.448275862069,10.719095800408,33,0.103448275862069,33.4704211343253,8,1,7.85451547741266,110.380995267981,475.606424892108,111.818298493923,467.884535691814,2,29,2,ublox.f9p,harsh,0.912698831644504
