time_s,context,numSV,hdop,cn0_mean,gnss_hAcc,lidar_score,lidar_feature_count,rel_gnss,rel_lidar,rel_localization,sigma_gnss_m,sigma_lidar_pos_m,sigma_lidar_yaw_deg,n_particles,ess,ess_ratio,meas_dim,rule_R1,rule_R2,rule_R3,rule_R4,rule_R5,rule_R6,rule_R7,rule_R8,rule_R9,rule_R10
0,OpenSky,16,0.783381187597611,43.273446673507,0.714044041043221,0.897310015234189,337,1,0.837972710206907,1,0.9,0.3,1.03627558373926,600,1.50765671059091,0.00251276118431818,5,0,0,0,1,0,0,0,0,1,1
0.1,OpenSky,17,0.969465533806242,44.6002343952813,0.857019106137768,1,387,0,0.948025,0.948025,NaN,0.3,0.824312605625,700,551.924635784522,0.78846376540646,3,1,0,0,0,0,0,0,0,0,1
0.2,OpenSky,17,1.01941496861807,39.9497101315481,0.831388340837074,0.89918997712424,447,0.967667729958787,0.929982284673241,0.997736168320386,0.9,0.3,0.844122324136212,700,122.814267622149,0.175448953745928,5,0,0,0,1,0,0,0,0,1,1
0.3,OpenSky,17,0.987924932736666,42.726509481148,0.746651161148474,0.8410918015375,472,0,0.893531507030125,0.893531507030125,NaN,0.3,0.902019859957488,700,298.961183979543,0.427087405685061,3,1,0,0,0,0,0,0,0,0,1
0.4,OpenSky,16,0.725526966574423,42.1272773270813,0.856577055931395,0.887886186980426,407,1,0.889408745276886,1,0.9,0.3,0.910073830591095,700,467.006914559072,0.667152735084389,5,0,0,0,1,0,0,0,0,1,1
0.5,OpenSky,15,0.919060302825924,43.1089387802038,0.736172761134129,0.993432775221361,403,0,0.956824959398312,0.956824959398312,NaN,0.3,0.816776757178617,700,400.806479558936,0.572580685084195,3,1,0,0,0,0,0,0,0,0,1
0.6,OpenSky,17,0.951370130586337,41.2196702880089,0.801197341354768,0.927034035587795,403,0.992645890571654,0.912337803843823,0.999355322616738,0.9,0.3,0.869161945714317,700,365.479454360965,0.52211350622995,5,0,0,0,1,0,0,0,0,1,1
0.7,OpenSky,18,0.875615108415837,43.1243358421294,1.03908986990481,0.916173070433584,422,0,0.920735957190501,0.920735957190501,NaN,0.3,0.856545096342554,850,700.130477767146,0.823682915020171,3,1,0,0,0,0,0,0,0,0,1
0.8,OpenSky,17,0.736240564773438,43.8855573160832,0.814552843248522,0.920699775235794,416,1,0.918818849407982,1,0.9,0.3,0.859313412902995,600,411.893878569712,0.686489797616187,5,0,0,0,1,0,0,0,0,1,1
0.9,OpenSky,16,0.803962314099466,44.1560981011794,0.658422572275003,0.87847482036626,391,0,0.869903129645394,0.869903129645394,NaN,0.3,0.952326761084568,850,752.081818149334,0.884802138999217,3,1,0,0,0,0,0,0,0,0,1
1,OpenSky,15,0.899435969189917,41.5738240818967,0.683146343152892,0.821534312319876,451,0.983648969978631,0.880427989254317,0.998044874462582,0.9,0.3,0.928677191783892,650,473.013617612412,0.72771325786525,5,0,0,0,1,0,0,0,0,1,1
1.1,OpenSky,19,0.938805781382213,41.7627541348636,0.902630557584326,0.943024791381478,415,0,0.93295161022559,0.93295161022559,NaN,0.3,0.840459379142071,650,192.891831512712,0.29675666386571,3,1,0,0,0,0,0,0,0,0,1
1.2,OpenSky,19,0.878501498825312,42.7429877005225,0.706005391348891,0.308428589313981,186,1,0.318847154840368,1,0.9,1.33992299617266,4.97572278622156,650,611.268143040296,0.940412527754301,5,0,0,0,1,0,0,0,0,1,0
1.3,OpenSky,16,0.834793950132881,42.3846482476905,0.928416520717336,0.878915357605396,413,0,0.888348289595616,0.888348289595616,NaN,0.3,0.912194939926021,750,457.564843473349,0.610086457964466,3,1,0,0,0,0,0,0,0,0,1
1.4,OpenSky,16,0.879567877826695,44.8478924863118,0.750575621335327,0.931097559941401,399,1,0.911760365160739,1,0.9,0.3,0.870076098409096,750,321.459134198629,0.428612178931505,5,0,0,0,1,0,0,0,0,1,1
1.5,OpenSky,17,0.885253682877069,41.7138738304727,0.841244817159983,0.970850395734898,433,0,0.966444765142382,0.966444765142382,NaN,0.3,0.810133584077149,750,673.994555857408,0.898659407809877,3,1,0,0,0,0,0,0,0,0,1
1.6,OpenSky,16,1.02636982697239,45.7843248510929,0.773888557039661,0.768642158711729,417,1,0.817765246336859,1,0.9,0.3,1.09888554898399,600,452.898194664973,0.754830324441622,5,0,0,0,1,0,0,0,0,1,1
1.7,OpenSky,16,0.98544717779232,43.0910186455556,0.845318047305049,0.884168810128684,486,0,0.922393102786218,0.922393102786218,NaN,0.3,0.854205474456354,750,443.278416841679,0.591037889122239,3,1,0,0,0,0,0,0,0,0,1
1.8,OpenSky,17,1.01681760345333,41.9946683600891,0.707110225043399,0.995564687332761,430,0.997416533736045,0.98052834051295,0.999949695624612,0.9,0.3,0.803412309708617,750,180.348815917933,0.240465087890577,5,0,0,0,1,0,0,0,0,1,1
1.9,OpenSky,18,0.928063102780993,43.2797180765871,0.868449173267345,0.924838173345787,424,0,0.928191576141677,0.928191576141677,NaN,0.3,0.846408047633149,750,364.13814138607,0.485517521848094,3,1,0,0,0,0,0,0,0,0,1
2,OpenSky,18,0.9143989721235,43.7090794410532,0.748632037756657,0.921102162841918,435,1,0.934763449104085,1,0.9,0.3,0.838302268155157,600,332.486709654735,0.554144516091226,5,0,0,0,1,0,0,0,0,1,1
2.1,OpenSky,17,0.952223379737652,41.0697346068291,0.76299063050078,0.82569300747589,397,0,0.839489315008847,0.839489315008847,NaN,0.3,1.03187311996696,950,661.76902040873,0.696598968851294,3,1,0,0,0,0,0,0,0,0,1
2.2,OpenSky,17,0.881773716523399,42.0278780821996,0.820382834644451,0.867669065678035,366,1,0.842038274004284,1,0.9,0.3,1.02456716191591,650,475.961951435092,0.732249156053988,5,0,0,0,1,0,0,0,0,1,1
2.3,OpenSky,17,0.908132964431557,44.8595844465328,0.885495758624293,0.916705281846488,427,0,0.925217538837147,0.925217538837147,NaN,0.3,0.850331748478163,750,556.49137895509,0.741988505273454,3,1,0,0,0,0,0,0,0,0,1
2.4,OpenSky,17,0.803790061583709,40.4158253178185,0.759713699487861,0.870105110317639,436,1,0.901420423912818,1,0.9,0.3,0.887461395393756,600,538.043188803887,0.896738648006478,5,0,0,0,1,0,0,0,0,1,1
2.5,OpenSky,18,0.796130310731182,43.8678373881763,0.722638833694861,0.875978982695106,483,0,0.916905918405721,0.916905918405721,NaN,0.3,0.86214163756397,750,508.594981934969,0.678126642579958,3,1,0,0,0,0,0,0,0,0,1
2.6,OpenSky,17,0.920566307899425,41.0924551685505,0.701834842253468,0.948132674274534,429,0.996965772512674,0.947923891763938,0.999841989240957,0.9,0.3,0.824407289441127,750,444.174907976358,0.592233210635144,5,0,0,0,1,0,0,0,0,1,1
2.7,OpenSky,16,0.786863472631032,44.1005345971046,0.885820960874737,0.911266416333105,457,0,0.94054849894318,0.94054849894318,NaN,0.3,0.831810328801181,750,331.566119298943,0.442088159065258,3,1,0,0,0,0,0,0,0,0,1
2.8,OpenSky,16,0.973016068985743,43.4694120047349,0.668004636140367,0.86964531495763,447,1,0.910187361021612,1,0.9,0.3,0.87259679108236,600,483.72770552983,0.806212842549717,5,0,0,0,1,0,0,0,0,1,1
2.9,OpenSky,18,0.905183187915356,44.6357616412336,0.872760209990646,0.880824177078316,379,0,0.861577198642472,0.861577198642472,NaN,0.3,0.972447847420992,800,599.688295957403,0.749610369946754,3,1,0,0,0,0,0,0,0,0,1
3,OpenSky,18,0.880361949936526,43.8129762625084,0.778557548073129,0.903050325977986,422,1,0.911943718405251,1,0.9,0.3,0.869785178554644,600,328.388565671407,0.547314276119012,5,0,0,0,1,0,0,0,0,1,1
3.1,OpenSky,18,0.939423820688505,42.176193052862,0.822046407951877,0.934771391079853,460,0,0.956296832023502,0.956296832023502,NaN,0.3,0.817189702020638,800,621.116404280476,0.776395505350595,3,1,0,0,0,0,0,0,0,0,1
3.2,OpenSky,16,0.836054512196736,41.9768105952331,0.866163033535183,0.870426526381434,415,1,0.884310772675561,1,0.9,0.3,0.920455975870332,600,519.62823394423,0.866047056573717,5,0,0,0,1,0,0,0,0,1,1
3.3,OpenSky,17,0.875962884915191,43.3625668335748,0.851625531786046,0.894804140469238,444,0,0.92456877411439,0.92456877411439,NaN,0.3,0.851208828547454,700,426.738514301535,0.609626449002193,3,1,0,0,0,0,0,0,0,0,1
3.4,OpenSky,19,0.942219234226536,46.5402058744863,0.729470742377348,0.844758481376568,424,1,0.8745381825223,1,0.9,0.3,0.941666008803268,700,100.127206579602,0.143038866542289,5,0,0,0,1,0,0,0,0,1,1
3.5,OpenSky,18,0.974854151916211,42.4931543699431,0.821685623008969,0.848120238754831,436,0,0.886690559965737,0.886690559965737,NaN,0.3,0.915551262807905,700,582.787422412922,0.832553460589888,3,1,0,0,0,0,0,0,0,0,1
3.6,OpenSky,19,0.839505231814268,43.2896647021822,0.758594525998205,0.943145474904815,477,1,0.961907468186226,1,0.9,0.3,0.81305936881985,700,367.510280569399,0.525014686527712,5,0,0,0,1,0,0,0,0,1,1
3.7,OpenSky,16,0.823090225650786,42.6650693883876,0.596643616590168,0.845535181053255,456,0,0.896508571305681,0.896508571305681,NaN,0.3,0.896394282318722,900,655.980541966867,0.728867268852074,3,1,0,0,0,0,0,0,0,0,1
3.8,OpenSky,17,0.803075186050992,42.5672429597391,0.872630722641589,0.999853968165228,436,1,0.988352158670703,1,0.9,0.3,0.801221049868692,600,333.105755350651,0.555176258917752,5,0,0,0,1,0,0,0,0,1,1
3.9,OpenSky,17,0.877859306159467,41.7884200354761,1.18193456797625,0.882287243971785,410,0,0.888132453461096,0.888132453461096,NaN,0.3,0.912629131717705,900,688.476487646923,0.764973875163248,3,1,0,0,0,0,0,0,0,0,1
4,OpenSky,17,0.902499044303622,44.9443876194052,0.630746018349466,0.849853871720775,385,1,0.84577709405292,1,0.9,0.3,1.01406234246886,600,299.207424519689,0.498679040866148,5,0,0,0,1,0,0,0,0,1,1
4.1,OpenSky,18,0.892210926775564,43.3654790875213,0.706534948737666,0.919889417842358,521,0,0.94632590995438,0.94632590995438,NaN,0.3,0.825928171480028,700,304.026627599235,0.434323753713193,3,1,0,0,0,0,0,0,0,0,1
4.2,OpenSky,16,1.00867914278896,44.4959526224636,0.743813253313024,1,429,1,0.982675,1,0.9,0.3,0.802701400625,700,314.458609957507,0.449226585653581,5,0,0,0,1,0,0,0,0,1,1
4.3,OpenSky,15,1.09377576415684,41.9044331632009,1.03816936347338,0.987026733883928,479,0,0.991307911702232,0.991307911702232,NaN,0.3,0.800679971590786,700,419.941268231323,0.599916097473318,3,1,0,0,0,0,0,0,0,0,1
4.4,OpenSky,16,0.96559707413639,42.6866506861061,0.761656474776821,0.924688639787284,404,1,0.91159138865748,1,0.9,0.3,0.870344743035614,700,247.261120774308,0.353230172534726,5,0,0,0,1,0,0,0,0,1,1
4.5,OpenSky,15,1.01100146836504,42.6941940375457,1.08182048155751,0.953314167032271,409,0,0.934895491911621,0.934895491911621,NaN,0.3,0.838147372760868,700,443.794708404647,0.633992440578068,3,1,0,0,0,0,0,0,0,0,1
4.6,OpenSky,15,0.78127315093111,45.2110115951835,0.790854328556448,0.936100322668204,442,1,0.950587216187697,1,0.9,0.3,0.821974608836733,700,331.049962139511,0.472928517342158,5,0,0,0,1,0,0,0,0,1,1
4.7,OpenSky,17,0.829529343629837,41.0318768572512,0.732377213055024,0.851797119902679,419,0,0.875129070334795,0.875129070334795,NaN,0.3,0.940334741679074,700,630.077174710435,0.900110249586336,3,1,0,0,0,0,0,0,0,0,1
4.8,OpenSky,16,0.803542259582495,40.6579951097466,0.786347979458703,1,449,1,0.999175,1,0.9,0.3,0.800006125625,700,382.571264147958,0.546530377354225,5,0,0,0,1,0,0,0,0,1,1
4.9,OpenSky,17,0.850365915720285,42.6646926376683,0.670665817515887,0.813008069553751,465,0,0.874715406601013,0.874715406601013,NaN,0.3,0.941266064088345,900,595.274880043108,0.661416533381231,3,1,0,0,0,0,0,0,0,0,1
5,OpenSky,17,0.94686649433322,43.6054437591969,0.963643368491207,0.782316851842118,376,1,0.793102290734219,1,0.9,0.3,1.18525995889485,650,418.572229854003,0.643957276698466,5,0,0,0,1,0,0,0,0,1,1
5.1,OpenSky,19,1.05169501095738,43.4113579790464,0.673381122206183,0.986689295641762,487,0,0.991081828079981,0.991081828079981,NaN,0.3,0.800715804113555,650,381.30957618317,0.586630117204878,3,1,0,0,0,0,0,0,0,0,1
5.2,OpenSky,14,1.50840438179292,37.1250902839821,2.13220940359856,0.898624716243154,424,0.808023919256124,0.910628559882913,0.982842821195886,0.994838524622233,0.3,0.871885288777418,800,580.538456357107,0.725673070446384,5,0,0,0,1,0,0,0,0,0,1
5.3,OpenSky,18,0.838478422367265,41.6284621657311,0.685241502806697,0.874974278486751,451,0,0.916232766586123,0.916232766586123,NaN,0.3,0.863152544544335,800,235.354869158079,0.294193586447599,3,1,0,0,0,0,0,0,0,0,1
5.4,OpenSky,16,1.00036368771178,42.1260958496557,0.746152552576254,0.908249659420073,388,1,0.887377271811449,1,0.9,0.3,0.91415491014169,600,366.961201876699,0.611602003127831,5,0,0,0,1,0,0,0,0,1,1
5.5,OpenSky,17,0.892184272508779,42.6823275495488,0.724545455698141,0.929799409928505,378,0,0.893565604652099,0.893565604652099,NaN,0.3,0.90195452461766,850,748.992223509728,0.881167321776151,3,1,0,0,0,0,0,0,0,0,1
5.6,OpenSky,18,0.884043811869278,42.7787704150117,0.887564633972808,0.961328355547309,449,1,0.973264998216697,1,0.9,0.3,0.806432842883179,600,384.361330656011,0.640602217760018,5,0,0,0,1,0,0,0,0,1,1
5.7,OpenSky,15,1.0136349649392,43.5535797640098,0.758649099160352,0.922009345305312,418,0,0.921346261354559,0.921346261354559,NaN,0.3,0.855677695426148,800,603.799294599469,0.754749118249337,3,1,0,0,0,0,0,0,0,0,1
5.8,OpenSky,16,0.929908064501302,45.2722349223415,0.817586847999771,0.942776634193839,458,1,0.961660344909872,1,0.9,0.3,0.81322936237187,600,361.365692969656,0.602276154949426,5,0,0,0,1,0,0,0,0,1,1
5.9,OpenSky,18,0.823031370167402,43.2975433965403,0.836886367137974,0.835070876459091,415,0,0.860622487227591,0.860622487227591,NaN,0.3,0.974834819599607,900,740.461009385123,0.822734454872359,3,1,0,0,0,0,0,0,0,0,1
6,OpenSky,20,0.890200644869567,41.243058782515,0.6901855418915,0.966133961539368,440,1,0.969059754231376,1,0.9,0.3,0.808615689274006,600,161.186043223572,0.26864340537262,5,0,0,0,1,0,0,0,0,1,1
6.1,OpenSky,16,0.841043421424704,41.7571599472893,0.711302427473545,0.903310110121364,457,0,0.935217773781314,0.935217773781314,NaN,0.3,0.837770631504641,700,493.10378484328,0.704433978347543,3,1,0,0,0,0,0,0,0,0,1
6.2,OpenSky,17,0.880432007302478,43.5560265144867,0.702271124387844,0.906201173793845,390,1,0.887654786441876,1,0.9,0.3,0.913593023084784,700,433.662349690814,0.619517642415449,5,0,0,0,1,0,0,0,0,1,1
6.3,OpenSky,16,0.874020756957455,45.0999936788602,0.820437604049123,0.92542257117764,497,0,0.950033122689019,0.950033122689019,NaN,0.3,0.822470199453896,700,282.724502825557,0.403892146893653,3,1,0,0,0,0,0,0,0,0,1
6.4,OpenSky,19,0.999188306494953,43.5460753562467,0.980910937459501,0.781888264114795,422,1,0.830765136956912,1,0.9,0.3,1.05776394982291,700,431.985527860494,0.617122182657849,5,0,0,0,1,0,0,0,0,1,1
6.5,OpenSky,16,0.981496513054631,45.0961302282439,0.634603575106564,0.971142359516817,357,0,0.903940380876267,0.903940380876267,NaN,0.3,0.883047053835769,850,450.692069208684,0.530225963774922,3,1,0,0,0,0,0,0,0,0,1
6.6,OpenSky,17,0.913260766914669,42.4525094699219,0.68250550059516,0.887504519911854,379,1,0.866053028340942,1,0.9,0.3,0.961476120949692,850,420.723995765723,0.494969406783203,5,0,0,0,1,0,0,0,0,1,1
6.7,OpenSky,16,1.00235760016431,41.3473453269042,1.12306457059231,0.898931572895637,485,0,0.932284153840077,0.932284153840077,NaN,0.3,0.84126892239039,700,547.495990019172,0.782137128598817,3,1,0,0,0,0,0,0,0,0,1
6.8,OpenSky,18,0.838713536024441,43.8588115916776,0.774128353859733,1,465,1,1,1,0.9,0.3,0.8,700,514.971337794844,0.73567333970692,5,0,0,0,1,0,0,0,0,1,1
6.9,OpenSky,17,0.814174231627261,41.8226550414903,0.737035439595063,0.909452440391642,412,0,0.907983135062401,0.907983135062401,NaN,0.3,0.8762039308965,700,373.338624904965,0.533340892721379,3,1,0,0,0,0,0,0,0,0,1
7,OpenSky,17,0.839740848778023,41.1582248042299,0.62304013402326,0.889269926640259,425,1,0.905185850848973,1,0.9,0.3,0.880907505913098,700,269.715279056931,0.385307541509901,5,0,0,0,1,0,0,0,0,1,1
7.1,OpenSky,18,0.918834580167274,45.3688063150552,0.935441999903418,0.904152349241904,419,0,0.910207073992075,0.910207073992075,NaN,0.3,0.872564926049582,700,328.876877683217,0.469824110976024,3,1,0,0,0,0,0,0,0,0,1
7.2,OpenSky,18,0.79198205997623,42.706336801564,0.825121116786519,0.819667001796994,485,1,0.879176891203986,1,0.9,0.3,0.931384012572201,700,469.968318091703,0.671383311559575,5,0,0,0,1,0,0,0,0,1,1
7.3,OpenSky,17,0.859287700138528,42.7996271050389,0.96060836397638,0.869160897151624,447,0,0.909862801091588,0.909862801091588,NaN,0.3,0.873122431643492,700,398.429520369384,0.569185029099121,3,1,0,0,0,0,0,0,0,0,1
7.4,OpenSky,16,0.85213818434062,43.2398150819535,0.775893441396346,0.872864851148498,436,1,0.903269450269494,1,0.9,0.3,0.884211193260494,700,238.115985112061,0.34016569301723,5,0,0,0,1,0,0,0,0,1,1
7.5,OpenSky,16,0.779945460682153,41.2670988352154,0.855145309424588,0.915186588302091,464,0,0.943175014162401,0.943175014162401,NaN,0.3,0.82906171113899,700,446.417117413871,0.637738739162672,3,1,0,0,0,0,0,0,0,0,1
7.6,OpenSky,17,0.846607135893357,40.0675471836133,0.910638764500892,0.923928627318615,457,0.987575332458935,0.949032180303472,0.999366741784978,0.9,0.3,0.82337946780156,700,326.063756817014,0.465805366881449,5,0,0,0,1,0,0,0,0,1,1
7.7,OpenSky,17,0.746047802239981,43.253852973987,0.788467775880382,0.891289219189942,498,0,0.927163776857261,0.927163776857261,NaN,0.3,0.84774603861529,700,551.158829469786,0.787369756385409,3,1,0,0,0,0,0,0,0,0,1
7.8,OpenSky,16,0.906572993884954,44.5977675424337,0.920136882166346,0.868415092972051,413,1,0.881313112291274,1,0.9,0.3,0.926779195825854,700,465.843816045389,0.665491165779128,5,0,0,0,1,0,0,0,0,1,1
7.9,OpenSky,16,0.726017337425147,44.4290133775904,0.71638804343593,0.823653951331482,396,0,0.837298147392093,0.837298147392093,NaN,0.3,1.03824703557841,900,366.013418339346,0.406681575932607,3,1,0,0,0,0,0,0,0,0,1
8,OpenSky,17,0.811869020974369,43.1428785961712,0.897892977643301,0.942430702675977,473,1,0.961428570792905,1,0.9,0.3,0.813389796359702,600,183.665267890392,0.30610877981732,5,0,0,0,1,0,0,0,0,1,1
8.1,OpenSky,17,0.837489528489865,44.7474929108943,0.868531046820471,0.966367078358759,401,0,0.937040942500368,0.937040942500368,NaN,0.3,0.835674586291177,700,452.419156594585,0.646313080849407,3,1,0,0,0,0,0,0,0,0,1
8.2,OpenSky,17,0.737676047642059,41.5104419452829,0.613312364984744,0.932587309552611,428,1,0.93668349740025,1,0.9,0.3,0.836080815513178,700,235.684630789182,0.336692329698831,5,0,0,0,1,0,0,0,0,1,1
8.3,OpenSky,16,0.90629965078992,46.6454546540999,0.743510968536598,0.984604063302491,461,0,0.989684722412669,0.989684722412669,NaN,0.3,0.800957644565333,700,446.208437527135,0.637440625038764,3,1,0,0,0,0,0,0,0,0,1
8.4,OpenSky,18,0.849140751190573,44.347257736985,0.850513511358726,0.934833339376858,431,1,0.940663337382495,1,0.9,0.3,0.831687555775253,700,316.275607827922,0.451822296897031,5,0,0,0,1,0,0,0,0,1,1
8.5,OpenSky,20,0.835048181759969,44.732358742364,0.785038833717654,0.877193449974765,450,0,0.917719611483093,0.917719611483093,NaN,0.3,0.860930561010439,700,549.98619677556,0.785694566822229,3,1,0,0,0,0,0,0,0,0,1
8.6,OpenSky,18,0.849499422442335,43.1950893320798,0.779193992735093,0.859073794567121,418,1,0.879179442359971,1,0.9,0.3,0.931378464336028,700,489.145585465661,0.698779407808086,5,0,0,0,1,0,0,0,0,1,1
8.7,OpenSky,19,0.989140113987664,41.6482215240854,0.961244079329596,0.931484802668759,429,0,0.936769817788068,0.936769817788068,NaN,0.3,0.835982503482987,700,327.984603612931,0.468549433732759,3,1,0,0,0,0,0,0,0,0,1
8.8,OpenSky,18,0.869247888873116,44.534482286616,0.824962538102771,0.95360386463947,410,1,0.935914589308445,1,0.9,0.3,0.836962458771547,700,183.192485070563,0.261703550100804,5,0,0,0,1,0,0,0,0,1,1
8.9,OpenSky,18,1.051788721738,42.7536642940974,0.972174844713296,0.882626928873207,347,0,0.836385042345049,0.836385042345049,NaN,0.3,1.04092868931588,850,677.70349843133,0.797298233448623,3,1,0,0,0,0,0,0,0,0,1
9,OpenSky,20,0.854616617399157,44.5037660830671,0.896862277193881,0.930284303603636,373,1,0.889765483414437,1,0.9,0.3,0.909364837821676,600,510.810814806711,0.851351358011185,5,0,0,0,1,0,0,0,0,1,1
9.1,OpenSky,16,1.11928763240037,44.3678060932654,0.691830780644056,0.911767322047857,461,0,0.940884105772064,0.940884105772064,NaN,0.3,0.831452200553316,700,620.624553042875,0.886606504346964,3,1,0,0,0,0,0,0,0,0,1
9.2,OpenSky,18,0.927546897325704,43.0621375150779,0.817942725468688,0.903497389362751,411,1,0.903168250873043,1,0.9,0.3,0.884387488750873,700,416.111865147825,0.59444552163975,5,0,0,0,1,0,0,0,0,1,1
9.3,OpenSky,15,0.776612062985785,42.1168512580342,0.948468228769362,0.912165236913667,431,0,0.925475708732157,0.925475708732157,NaN,0.3,0.849984829900769,700,326.512440267276,0.466446343238966,3,1,0,0,0,0,0,0,0,0,1
9.4,OpenSky,19,0.833945619501275,44.6511927644518,0.868757344201664,0.921912853327029,426,1,0.92788161172911,1,0.9,0.3,0.846809557341118,700,527.184490852044,0.753120701217205,5,0,0,0,1,0,0,0,0,1,1
9.5,OpenSky,16,1.01522858362648,42.0876418764705,0.856173930531844,0.961012903126989,429,0,0.956553645095083,0.956553645095083,NaN,0.3,0.816988271790716,700,458.407040121324,0.65486720017332,3,1,0,0,0,0,0,0,0,0,1
9.6,OpenSky,16,0.859690103422463,45.8928139809502,0.883833248220918,0.880630335324579,417,1,0.892797324667468,1,0.9,0.3,0.903431722386071,700,339.151593125218,0.484502275893169,5,0,0,0,1,0,0,0,0,1,1
9.7,OpenSky,16,0.987145960935109,41.5236671846967,0.797281645303805,0.900880944112312,386,0,0.880790232555249,0.880790232555249,NaN,0.3,0.927898717888084,700,611.108451097847,0.873012072996924,3,1,0,0,0,0,0,0,0,0,1
9.8,OpenSky,15,1.05896150650617,41.4263467160783,0.984395123160299,0.867281154508919,434,0.956307795691476,0.897878373520976,0.99553808103156,0.9,0.3,0.893859439352492,700,481.980242506187,0.688543203580267,5,0,0,0,1,0,0,0,0,1,1
9.9,OpenSky,17,1.01461820078793,44.466689445319,0.714905464567805,0.809089241865604,426,0,0.852289792049955,0.852289792049955,NaN,0.3,0.99636474979381,850,599.867566850539,0.705726549235928,3,1,0,0,0,0,0,0,0,0,1
10,OpenSky,15,1.02812099567037,41.5259710384572,0.742243531524358,0.86719885313791,441,0.96672267811296,0.9035982316024,0.996792007322553,0.9,0.3,0.883639708551661,700,604.012948247912,0.86287564035416,5,0,0,0,1,0,0,0,0,1,1
10.1,OpenSky,16,0.919605600763132,44.8934669689424,0.771887732595184,1,435,0,0.987625,0.987625,NaN,0.3,0.801378265625,700,310.348787111272,0.44335541015896,3,1,0,0,0,0,0,0,0,0,1
10.2,OpenSky,17,0.794322371349732,41.6454037333096,0.938194260057248,0.882807901238635,473,1,0.921481293829886,1,0.9,0.3,0.855486684967659,700,424.289006326895,0.606127151895564,5,0,0,0,1,0,0,0,0,1,1
10.3,OpenSky,18,0.610094784280163,43.6602649386076,0.825863335653773,0.925633412350272,454,0,0.950174386274682,0.950174386274682,NaN,0.3,0.822343326047941,700,289.456107139957,0.413508724485653,3,1,0,0,0,0,0,0,0,0,1
10.4,OpenSky,17,0.993690511372259,43.2610783600631,1.06651408693863,1,439,1,0.990925,1,0.9,0.3,0.800741200625,700,456.069229222868,0.651527470318383,5,0,0,0,1,0,0,0,0,1,1
10.5,OpenSky,17,0.814654522173601,40.512596855434,0.838198709172484,0.943070462895648,485,0,0.961857210140084,0.961857210140084,NaN,0.3,0.813093851764679,700,269.699111125273,0.385284444464676,3,1,0,0,0,0,0,0,0,0,1
10.6,OpenSky,17,0.965603030199271,42.5946368869024,0.72091346779597,0.898072216147289,469,1,0.931708384818683,1,0.9,0.3,0.841973702336657,700,457.847901962167,0.654068431374524,5,0,0,0,1,0,0,0,0,1,1
10.7,OpenSky,16,1.04432375507916,39.4268017419989,0.940139781258835,0.8523234408426,428,0,0.882906705364542,0.882906705364542,NaN,0.3,0.923397556837275,850,339.904702149289,0.399887884881516,3,1,0,0,0,0,0,0,0,0,1
10.8,OpenSky,15,0.874580075796139,42.195835022012,1.0075405768385,0.891976034022333,411,0.987062425333448,0.895448942794963,0.998647362890943,0.9,0.3,0.898378312064218,600,487.543785578507,0.812572975964178,5,0,0,0,1,0,0,0,0,1,1
10.9,OpenSky,18,0.787595420679557,43.9217529707931,0.933183563642749,0.903404840955414,461,0,0.935281243440128,0.935281243440128,NaN,0.3,0.837696657055904,700,513.638812742393,0.733769732489133,3,1,0,0,0,0,0,0,0,0,1
11,OpenSky,17,0.838375377120116,43.7683090211917,0.806844711255867,0.944787127231371,419,1,0.937432375245019,1,0.9,0.3,0.835232369007321,700,255.026102265189,0.364323003235985,5,0,0,0,1,0,0,0,0,1,1
11.1,OpenSky,17,0.993496889215086,43.9419481215901,0.721827152184787,0.906565319737664,425,0,0.916773764224235,0.916773764224235,NaN,0.3,0.862339456892629,700,253.475543593437,0.362107919419196,3,1,0,0,0,0,0,0,0,0,1
11.2,OpenSky,15,1.61446340602815,34.2528802587525,2.12931878403017,1,458,0.783576913789579,1,1,1.07471161795875,0.3,0.8,700,529.161839699989,0.755945485285698,5,0,0,0,1,0,0,0,0,0,1
11.3,OpenSky,17,0.845546894039457,42.7837837617865,0.669791336637153,0.969409672006319,453,0,0.979504480244234,0.979504480244234,NaN,0.3,0.803780596970531,700,438.273130364625,0.626104471949464,3,1,0,0,0,0,0,0,0,0,1
11.4,OpenSky,18,0.802298380808806,41.3095402414318,0.65833569813777,0.904262864997004,471,1,0.935856119547993,1,0.9,0.3,0.837029936594972,700,356.720152993488,0.509600218562125,5,0,0,0,1,0,0,0,0,1,1
11.5,OpenSky,16,0.884140213128984,44.2061445882482,0.863734616444786,0.935457695473742,419,0,0.931181655967407,0.931181655967407,NaN,0.3,0.842623680278495,850,540.730533144537,0.636153568405338,3,1,0,0,0,0,0,0,0,0,1
11.6,OpenSky,17,0.936587308021653,40.0698932114059,0.834578147937451,0.824901394312386,513,0.978681508379507,0.882683934189299,0.997498998434065,0.9,0.3,0.923867533675707,700,534.055520967221,0.762936458524601,5,0,0,0,1,0,0,0,0,1,1
11.7,OpenSky,17,0.813528050977825,43.7179589749897,0.863337994035228,0.903246013219379,433,0,0.921149828856984,0.921149828856984,NaN,0.3,0.855956145403546,700,477.628693123098,0.682326704461569,3,1,0,0,0,0,0,0,0,0,1
11.8,OpenSky,18,0.940594765313587,42.369294687936,0.915913337538567,0.903446420162274,413,1,0.904784101508724,1,0.9,0.3,0.881594605929509,700,354.627720174541,0.506611028820773,5,0,0,0,1,0,0,0,0,1,1
11.9,OpenSky,20,0.97136451679328,41.308771895245,0.822539188673698,0.820291357145398,394,0,0.833395209287416,0.833395209287416,NaN,0.3,1.04981440659545,950,742.046392404561,0.781101465689011,3,1,0,0,0,0,0,0,0,0,1
12,OpenSky,15,0.944674200212432,41.7901846674738,0.738225179977034,0.878956752538998,394,0.979814618289447,0.872701024201128,0.997430421582137,0.9,0.3,0.945845263154975,650,481.76666473489,0.741179484207523,5,0,0,0,1,0,0,0,0,1,1
12.1,OpenSky,17,0.904076552500623,44.9445456959665,0.699176382545464,0.928539433490494,417,0,0.924896420438631,0.924896420438631,NaN,0.3,0.850764928966378,750,577.586433137239,0.770115244182986,3,1,0,0,0,0,0,0,0,0,1
12.2,OpenSky,17,0.81917744752126,40.8800896231532,0.583394707628423,0.892085967260736,435,1,0.915322598064693,1,0.9,0.3,0.864532361586622,600,403.126554954338,0.671877591590564,5,0,0,0,1,0,0,0,0,1,1
12.3,OpenSky,18,0.757227176561463,40.3848345094465,0.973239492481026,0.843781551536622,444,0,0.890383639529537,0.890383639529537,NaN,0.3,0.908141718345114,800,524.478499888116,0.655598124860144,3,1,0,0,0,0,0,0,0,0,1
12.4,OpenSky,16,1.04198705627149,43.8872950682931,0.950163126931638,0.933943551850133,384,1,0.901292179739589,1,0.9,0.3,0.887689104025054,650,492.015336006617,0.75694667077941,5,0,0,0,1,0,0,0,0,1,1
12.5,OpenSky,18,0.85548429839219,42.1104215616354,0.778341757801274,0.928988542851652,431,0,0.936747323710607,0.936747323710607,NaN,0.3,0.836008109519936,650,303.94944153653,0.467614525440816,3,1,0,0,0,0,0,0,0,0,1
12.6,OpenSky,17,0.911367961708155,42.4906057663283,0.819476955441108,0.794634341848037,422,1,0.839305009038185,1,0.9,0.3,1.03240592108196,650,404.92237287738,0.622957496734431,5,0,0,0,1,0,0,0,0,1,1
12.7,OpenSky,18,0.926354823039874,42.7918297711488,0.759531671751899,0.983875172761361,393,0,0.942171365750112,0.942171365750112,NaN,0.3,0.830097358452866,750,677.336324789332,0.903115099719109,3,1,0,0,0,0,0,0,0,0,1
12.8,OpenSky,17,0.988845244569748,43.77776747822,0.675739008168263,0.872465418076912,405,1,0.877426830111531,1,0.9,0.3,0.935217637788567,600,403.890738253865,0.673151230423109,5,0,0,0,1,0,0,0,0,1,1
12.9,OpenSky,17,0.936975028367122,43.8912813311384,0.860705658742248,0.892684320298837,405,0,0.890973494600221,0.890973494600221,NaN,0.3,0.906981009917193,800,725.450978432076,0.906813723040095,3,1,0,0,0,0,0,0,0,0,1
13,OpenSky,16,0.786030298758355,43.7795867440509,0.635566944044129,0.962594894963965,342,1,0.885838579625857,1,0.9,0.3,0.917295469116577,600,376.245874349608,0.627076457249346,5,0,0,0,1,0,0,0,0,1,1
13.1,OpenSky,17,0.827723256312719,44.1810552496664,0.750764118115413,0.856169413515655,418,0,0.877233507055489,0.877233507055489,NaN,0.3,0.935644506109052,850,714.085846290691,0.840100995636107,3,1,0,0,0,0,0,0,0,0,1
13.2,OpenSky,18,0.811600638814884,43.6408231006876,0.831295025216227,0.824448202730123,478,1,0.882380295829182,1,0.9,0.3,0.924509553283076,600,516.216571335588,0.860360952225981,5,0,0,0,1,0,0,0,0,1,1
13.3,OpenSky,18,0.85132164487637,41.1073913641785,0.642781683262576,0.973699790384865,420,0,0.95762885955786,0.95762885955786,NaN,0.3,0.816157821881308,700,510.215169316415,0.728878813309164,3,1,0,0,0,0,0,0,0,0,1
13.4,OpenSky,16,1.07140674199489,43.9875209287783,0.713421263987885,0.906483858183395,439,1,0.928269184982875,1,0.9,0.3,0.84630778840719,700,294.845025726255,0.421207179608936,5,0,0,0,1,0,0,0,0,1,1
13.5,OpenSky,17,0.928409362596366,41.6550511227018,1.07016353296222,0.803664246489547,396,0,0.823905045147996,0.823905045147996,NaN,0.3,1.07908489811896,850,628.625971345468,0.739559966288785,3,1,0,0,0,0,0,0,0,0,1
13.6,OpenSky,17,0.879125395296836,45.4270762615793,0.784981293245727,0.880158596177474,459,1,0.919706259438908,1,0.9,0.3,0.858023762959628,600,308.995556748842,0.514992594581403,5,0,0,0,1,0,0,0,0,1,1
13.7,OpenSky,17,0.956233910324818,39.930020383305,0.729467693830574,0.921986160079348,481,0,0.947730727253163,0.947730727253163,NaN,0.3,0.824588691861349,850,572.623964640738,0.673675252518515,3,1,0,0,0,0,0,0,0,0,1
13.8,OpenSky,17,0.968684964199866,42.5298295158083,0.737887834864098,0.970471445829371,457,1,0.980215868705679,1,0.9,0.3,0.803522706659638,650,513.955946816548,0.790701456640842,5,0,0,0,1,0,0,0,0,1,1
13.9,OpenSky,17,0.950414487598779,42.9009674422994,0.678379229543637,0.92950964518249,401,0,0.912346462272268,0.912346462272268,NaN,0.3,0.869148284085682,750,195.002741338428,0.260003655117904,3,1,0,0,0,0,0,0,0,0,1
14,OpenSky,16,0.835804348104661,43.426614527474,0.586374228741185,0.874286339779932,388,1,0.864621847652554,1,0.9,0.3,0.964945197197074,600,497.0010822887,0.828335137147834,5,0,0,0,1,0,0,0,0,1,1
14.1,OpenSky,19,0.894632031013183,41.1795754488411,0.848463657480059,0.938519372372727,454,0,0.958807979489727,0.958807979489727,NaN,0.3,0.815271042983469,600,449.487810297742,0.749146350496236,3,1,0,0,0,0,0,0,0,0,1
14.2,OpenSky,18,0.91308061908642,42.1342464792653,0.771348791428034,0.782195641374489,381,1,0.797146079720908,1,0.9,0.3,1.17034741675337,600,310.234254847961,0.517057091413268,5,0,0,0,1,0,0,0,0,1,1
14.3,OpenSky,17,0.895422832623715,44.6382794932516,0.812807894891569,0.856005597447355,468,0,0.903523750289728,0.903523750289728,NaN,0.3,0.883769000823429,900,309.740107850169,0.344155675389077,3,1,0,0,0,0,0,0,0,0,1
14.4,OpenSky,17,0.912195139804003,42.0307279586346,0.816338685279382,0.917627065441869,403,1,0.906035133846052,1,0.9,0.3,0.879464564641964,600,392.129161391525,0.653548602319209,5,0,0,0,1,0,0,0,0,1,1
14.5,OpenSky,17,1.09328473074573,43.8411136000936,0.990710751170218,0.983118615341137,462,0,0.988689472278562,0.988689472278562,NaN,0.3,0.801151352336037,700,375.576274485009,0.536537534978584,3,1,0,0,0,0,0,0,0,0,1
14.6,OpenSky,16,0.977858351714314,41.6057874669062,0.904382362714554,0.785592018600479,486,0.992169577462868,0.856346652462321,0.998875133589907,0.9,0.3,0.985726558329032,700,111.047831396795,0.158639759138278,5,0,0,0,1,0,0,0,0,1,1
14.7,OpenSky,17,0.764028747936855,41.5276774023332,0.928766263260767,0.911098400375883,415,0,0.911560928251842,0.911560928251842,NaN,0.3,0.870393224705083,700,366.728021167697,0.52389717309671,3,1,0,0,0,0,0,0,0,0,1
14.8,OpenSky,16,0.798676021905713,42.7640850353041,1.10533625122296,0.937267517376607,460,1,0.957969236642327,1,0.9,0.3,0.815899265615858,700,262.010230173247,0.374300328818925,5,0,0,0,1,0,0,0,0,1,1
14.9,OpenSky,18,0.966265152195353,45.8804423578483,0.691966781025132,0.940752706246008,422,0,0.937204313184826,0.937204313184826,NaN,0.3,0.835489684543305,700,520.370898024007,0.743386997177153,3,1,0,0,0,0,0,0,0,0,1
15,OpenSky,17,0.909069758473704,43.2970587403611,1.1164198851614,0.835204750357429,367,1,0.821112182739477,1,0.9,0.3,1.08800766047811,700,418.9501476444,0.598500210920571,5,0,0,0,1,0,0,0,0,1,1
15.1,OpenSky,19,0.936221274088161,43.6337763044469,0.661763262665487,0.92937714394281,409,0,0.918857686441683,0.918857686441683,NaN,0.3,0.859256675446366,700,352.265050485213,0.503235786407448,3,1,0,0,0,0,0,0,0,0,1
15.2,OpenSky,16,0.85604723949021,42.1557383908182,0.777933633204335,0.862599562213777,487,1,0.90794170668323,1,0.9,0.3,0.876272564315567,700,284.469501978051,0.406385002825787,5,0,0,0,1,0,0,0,0,1,1
15.3,OpenSky,18,0.8423096933636,43.3683075771598,0.92977520310127,0.893257457946194,466,0,0.92848249682395,0.92848249682395,NaN,0.3,0.846032779344827,700,402.607086047944,0.575152980068492,3,1,0,0,0,0,0,0,0,0,1
15.4,OpenSky,17,0.84593514757542,42.5534747716897,0.700587177916076,0.814891905524662,491,1,0.875977576701524,1,0.9,0.3,0.938434053327438,700,337.821775897954,0.482602536997077,5,0,0,0,1,0,0,0,0,1,1
15.5,OpenSky,18,1.03819393132882,45.6463616153518,0.840656504545695,0.848911003899824,442,0,0.892170372612882,0.892170372612882,NaN,0.3,0.904645056882003,700,586.024275924589,0.837177537035128,3,1,0,0,0,0,0,0,0,0,1
15.6,OpenSky,16,0.882260712319112,42.8218566626989,1.0549591804538,0.853184460636587,498,1,0.901633588626513,1,0.9,0.3,0.887083557978482,700,397.808125657032,0.568297322367189,5,0,0,0,1,0,0,0,0,1,1
15.7,OpenSky,16,1.04791794287178,42.8925039171448,0.621914774875381,0.883066271987,394,0,0.87545440223129,0.87545440223129,NaN,0.3,0.939604453312087,900,800.448285615139,0.889386984016821,3,1,0,0,0,0,0,0,0,0,1
15.8,OpenSky,17,1.01119284120887,45.1218852517287,0.666005500492456,0.913518178126421,467,1,0.942057179344702,1,0.9,0.3,0.830216334189428,600,445.222903100666,0.742038171834443,5,0,0,0,1,0,0,0,0,1,1
15.9,OpenSky,18,0.9189848161777,41.6167241279349,0.761839366340359,0.910160627650594,369,0,0.872982620525898,0.872982620525898,NaN,0.3,0.945200732196213,800,578.779916813302,0.723474896016627,3,1,0,0,0,0,0,0,0,0,1
16,OpenSky,18,0.980913816450188,43.2916571050803,0.770068594833451,0.932841458111,514,1,0.95500377693437,1,0.9,0.3,0.818221940811548,650,432.362446700415,0.665172994923715,5,0,0,0,1,0,0,0,0,1,1
16.1,OpenSky,17,0.807593927739293,43.6123807428205,0.672079715458649,1,394,0,0.9538,0.9538,NaN,0.3,0.81920996,750,625.270564095008,0.833694085460011,3,1,0,0,0,0,0,0,0,0,1
16.2,OpenSky,15,0.861049576260398,43.1740425959303,0.952572177622893,0.858329493120449,463,1,0.905080760390701,1,0.9,0.3,0.881086958432067,600,543.895398670974,0.90649233111829,5,0,0,0,1,0,0,0,0,1,1
16.3,OpenSky,17,1.00465121134993,43.3668256944822,0.923712466511101,0.811051523512945,398,0,0.830504520753673,0.830504520753673,NaN,0.3,1.05855845736448,850,350.425996972347,0.412265878790996,3,1,0,0,0,0,0,0,0,0,1
16.4,OpenSky,19,0.879337152208273,43.7103330954104,0.963643791120952,0.914228296989309,405,1,0.905407958982837,1,0.9,0.3,0.880528888014134,600,499.750007562999,0.832916679271664,5,0,0,0,1,0,0,0,0,1,1
16.5,OpenSky,16,0.970128584120381,43.2810463615769,0.832047242330443,0.818856503504744,464,0,0.878633857348178,0.878633857348178,NaN,0.3,0.932567665239641,800,608.580846827704,0.76072605853463,3,1,0,0,0,0,0,0,0,0,1
16.6,OpenSky,15,0.872377429298616,45.1934756999307,0.717192952910434,0.901310735319421,517,1,0.933878192664012,1,0.9,0.3,0.839348840648397,600,528.88189987174,0.881469833119567,5,0,0,0,1,0,0,0,0,1,1
16.7,OpenSky,16,0.821730613713069,42.9990910753377,0.802487377015598,0.313050145999576,194,0,0.328543597819716,0.328543597819716,NaN,1.30713425007223,4.85768330026003,1400,1240.94180624363,0.886387004459736,3,1,0,0,0,0,0,0,0,0,0
16.8,OpenSky,18,0.929509480125183,42.7628877182307,0.777765610927163,1,409,1,0.966175,1,0.9,0.3,0.810297175625,600,372.666365383085,0.621110608971808,5,0,0,0,1,0,0,0,0,1,1
16.9,OpenSky,16,0.857407379596906,44.0944389878778,0.695532798356777,0.959193446279741,460,0,0.972659609007426,0.972659609007426,NaN,0.3,0.806727472816641,750,177.719523991896,0.236959365322529,3,1,0,0,0,0,0,0,0,0,1
17,OpenSky,17,0.859550855314711,42.6517581479867,0.641787488491825,0.840940605475782,469,1,0.893430205668774,1,0.9,0.3,0.902214089574199,600,475.40003873538,0.7923333978923,5,0,0,0,1,0,0,0,0,1,1
17.1,OpenSky,17,0.831532747497523,44.4471898545472,0.931183248482976,0.882501722809939,440,0,0.913026154282659,0.913026154282659,NaN,0.3,0.868080048549775,750,510.341606682803,0.680455475577071,3,1,0,0,0,0,0,0,0,0,1
17.2,OpenSky,19,0.756604766435751,42.5266694675087,0.862396347946981,0.89829229335363,422,1,0.908755836546932,1,0.9,0.3,0.874929476278252,750,475.653048131409,0.634204064175212,5,0,0,0,1,0,0,0,0,1,1
17.3,OpenSky,16,0.797342804031914,41.6058288735218,0.676724080294324,0.951343409018429,395,0,0.922025084042347,0.922025084042347,NaN,0.3,0.854720787667427,750,261.729590120867,0.348972786827822,3,1,0,0,0,0,0,0,0,0,1
17.4,OpenSky,16,0.796152024797779,42.8987334385224,1.03748095094692,0.885665017544131,422,1,0.900295561754568,1,0.9,0.3,0.889468775052535,600,458.712262934083,0.764520438223472,5,0,0,0,1,0,0,0,0,1,1
17.5,OpenSky,17,0.773002386098835,44.3326743593983,0.845122711591489,0.890239056445803,408,0,0.891810167818688,0.891810167818688,NaN,0.3,0.905345358086784,750,578.850780832116,0.771801041109488,3,1,0,0,0,0,0,0,0,0,1
17.6,OpenSky,18,0.850789128923595,43.6289119951004,0.799257221697151,0.936406642195937,444,1,0.952442450271278,1,0.9,0.3,0.820355484825799,600,466.570641024267,0.777617735040446,5,0,0,0,1,0,0,0,0,1,1
17.7,OpenSky,19,0.724505947823361,45.3472219178075,0.810474544638768,0.996423703215995,437,0,0.986878881154717,0.986878881154717,NaN,0.3,0.801549473837768,600,403.995648978531,0.673326081630885,3,1,0,0,0,0,0,0,0,0,1
17.8,OpenSky,16,0.865418517404388,43.3068574745505,0.596275588514648,1,481,1,1,1,0.9,0.3,0.8,600,329.85709742554,0.549761829042567,5,0,0,0,1,0,0,0,0,1,1
17.9,OpenSky,16,0.917574992020206,43.2386673348295,0.784387071240818,0.926782444503098,437,0,0.940219237817076,0.940219237817076,NaN,0.3,0.832163655744542,800,557.99780381709,0.697497254771362,3,1,0,0,0,0,0,0,0,0,1
18,OpenSky,17,0.821918378274011,44.9157450060322,0.899745052343925,0.82872516145168,465,1,0.885245858172626,1,0.9,0.3,0.918516617598834,650,425.82552474773,0.655116191919585,5,0,0,0,1,0,0,0,0,1,1
18.1,OpenSky,16,0.823578167464755,39.7073803321401,0.911952761261482,0.933345189474076,451,0,0.955341276947631,0.955341276947631,NaN,0.3,0.817949613902014,750,596.559602110116,0.795412802813488,3,1,0,0,0,0,0,0,0,0,1
18.2,OpenSky,17,0.85149021609021,42.8923891189154,0.771853612037041,0.860883977715896,374,1,0.84409226506965,1,0.9,0.3,1.01876499630001,600,277.265746003661,0.462109576672768,5,0,0,0,1,0,0,0,0,1,1
18.3,OpenSky,15,0.96753117634502,43.2542238652494,0.847080831205496,0.821630494091819,425,0,0.859867431041519,0.859867431041519,NaN,0.3,0.976734231946132,800,636.64503324295,0.795806291553687,3,1,0,0,0,0,0,0,0,0,1
18.4,OpenSky,17,0.860994271516102,43.9787952590485,0.938627491826733,0.864889451601383,396,1,0.864925932572927,1,0.9,0.3,0.964205033221641,600,514.077250885516,0.856795418142527,5,0,0,0,1,0,0,0,0,1,1
18.5,OpenSky,16,0.968714288302539,43.5442723699348,0.817201095859725,0.946326221147823,401,0,0.923613568169042,0.923613568169042,NaN,0.3,0.852513982710791,700,519.692138171991,0.742417340245701,3,1,0,0,0,0,0,0,0,0,1
18.6,OpenSky,19,0.902087388994194,42.2407701238771,0.738113799582642,0.95509499134872,428,1,0.951763644203642,1,0.9,0.3,0.820940714184615,700,329.624870057898,0.470892671511283,5,0,0,0,1,0,0,0,0,1,1
18.7,OpenSky,18,1.03588495445887,43.6613040196721,0.570322161354704,1,478,0,1,1,NaN,0.3,0.8,700,355.462833182765,0.507804047403951,3,1,0,0,0,0,0,0,0,0,1
18.8,OpenSky,17,0.93671647303113,43.9396601290924,0.717613492313332,0.968311238235007,430,1,0.962268529617455,1,0.9,0.3,0.81281297471506,700,405.420709313656,0.579172441876651,5,0,0,0,1,0,0,0,0,1,1
18.9,OpenSky,20,0.878655631726786,42.4393645692713,0.737573914206395,0.931565945313965,422,0,0.931049183360357,0.931049183360357,NaN,0.3,0.842787936037463,700,274.526932530794,0.392181332186848,3,1,0,0,0,0,0,0,0,0,1
19,OpenSky,15,0.8269259389463,42.5718913918821,0.758829003224145,0.985781474606862,438,1,0.980573587986597,1,0.9,0.3,0.80339646935343,700,457.072251208416,0.652960358869166,5,0,0,0,1,0,0,0,0,1,1
19.1,OpenSky,16,0.920586801937837,43.3716993367795,0.810311799801586,0.922704964094969,456,0,0.948212325943629,0.948212325943629,NaN,0.3,0.82413766865752,700,376.188296495682,0.537411852136689,3,1,0,0,0,0,0,0,0,0,1
19.2,OpenSky,18,0.886148716530756,42.9865631554044,0.851821729154411,0.949008141734817,471,1,0.965835454962328,1,0.9,0.3,0.81050494523868,700,252.422775716895,0.36060396530985,5,0,0,0,1,0,0,0,0,1,1
19.3,OpenSky,17,0.856896429625243,42.4832871209763,0.956451901086154,0.982407106434059,423,0,0.965937761310819,0.965937761310819,NaN,0.3,0.810442124940668,700,587.661013576957,0.839515733681367,3,1,0,0,0,0,0,0,0,0,1
19.4,OpenSky,14,1.01193384464925,42.7358684551606,0.88459272507445,0.903933643989685,406,0.958379826508151,0.899335541473089,0.995810327771647,0.9,0.3,0.891199998894646,700,523.502773147041,0.747861104495773,5,0,0,0,1,0,0,0,0,1,1
19.5,OpenSky,17,0.783153790418076,39.7736431487441,0.756400025830929,0.984193846804314,428,0,0.97125987735889,0.97125987735889,NaN,0.3,0.807433951844834,700,391.806246600458,0.559723209429225,3,1,0,0,0,0,0,0,0,0,1
19.6,OpenSky,18,0.783370710460118,45.8781848959121,0.710454969756534,0.824332769921213,431,1,0.866627955847213,1,0.9,0.3,0.960092919453438,700,169.589267301893,0.242270381859847,5,0,0,0,1,0,0,0,0,1,1
19.7,OpenSky,17,0.874016223867913,42.169600025126,0.71370856425139,0.876843162536726,355,0,0.839109918899606,0.839109918899606,NaN,0.3,1.03297056376842,850,569.250437065906,0.669706396548124,3,1,0,0,0,0,0,0,0,0,1
19.8,OpenSky,16,0.953350314118476,42.4132971238455,0.771532928042124,0.886531491480527,407,1,0.888501099291953,1,0.9,0.3,0.911888043731926,650,536.59619213604,0.825532603286215,5,0,0,0,1,0,0,0,0,1,1
19.9,OpenSky,19,0.949165877521535,45.0620784857434,0.801020262208335,0.971142296800997,462,0,0.980665338856668,0.980665338856668,NaN,0.3,0.803364462093747,650,270.417792217236,0.416027372641901,3,1,0,0,0,0,0,0,0,0,1
20,OpenSky,19,0.812235820570308,43.2547223631191,0.646344440306544,0.920307376911977,458,1,0.946605942531025,1,0.9,0.3,0.825658328357002,650,457.787116455979,0.704287871470738,5,0,0,0,1,0,0,0,0,1,1
20.1,OpenSky,18,1.09630884088135,41.5103635010369,0.716078601593257,0.864446094729403,439,0,0.9001038834687,0.9001038834687,NaN,0.3,0.889813106882316,800,501.415318041222,0.626769147551528,3,1,0,0,0,0,0,0,0,0,1
20.2,OpenSky,17,0.967013373838335,42.7402506965013,0.865073422737533,0.818227706871414,406,1,0.841912563603847,1,0.9,0.3,1.02492473791677,800,291.898237318237,0.364872796647797,5,0,0,0,1,0,0,0,0,1,1
20.3,OpenSky,17,1.02399867272555,44.3173440073247,0.852713804993651,0.828352954278839,408,0,0.850346479366822,0.850346479366822,NaN,0.3,1.00156558614115,800,534.570151382137,0.668212689227672,3,1,0,0,0,0,0,0,0,0,1
20.4,OpenSky,15,0.878102554045495,45.650942857233,0.849575751665253,0.933033148264442,396,1,0.910582209337176,1,0.9,0.3,0.871959871583185,650,460.711410952697,0.708786786081072,5,0,0,0,1,0,0,0,0,1,1
20.5,OpenSky,15,1.04377754590594,42.1831197691104,0.738312579529967,0.843324744778074,420,0,0.87027757900131,0.87027757900131,NaN,0.3,0.951451158587853,800,637.376487936993,0.796720609921241,3,1,0,0,0,0,0,0,0,0,1
20.6,OpenSky,18,0.988594289194423,44.3065908761721,1.19522282769179,0.867984625288642,472,1,0.91154969894339,1,0.9,0.3,0.870411101813044,600,325.551294852107,0.542585491420178,5,0,0,0,1,0,0,0,0,1,1
20.7,OpenSky,17,0.845854775320204,42.1912984626249,0.79941632683854,0.918866053749044,438,0,0.93574025601186,0.93574025601186,NaN,0.3,0.837163832276792,850,606.570142580204,0.713611932447299,3,1,0,0,0,0,0,0,0,0,1
20.8,OpenSky,17,0.819322238534615,41.0509499811393,0.902853308870388,0.31611772968922,213,1,0.346273878891777,1,0.9,1.24839460354801,4.64622057277283,650,452.226910888784,0.695733709059668,5,0,0,0,1,0,0,0,0,1,0
20.9,OpenSky,15,0.812077348634488,40.9736222845421,0.78237644205842,0.91435570282612,399,0,0.900543320893501,0.900543320893501,NaN,0.3,0.889024679170039,800,604.312516835072,0.75539064604384,3,1,0,0,0,0,0,0,0,0,1
21,OpenSky,17,1.0854316569953,40.5654092924795,0.969988207474633,0.8867038993485,410,0.965041800097553,0.891091612563495,0.996192758820941,0.9,0.3,0.906749331686179,650,449.973541326499,0.692266986656152,5,0,0,0,1,0,0,0,0,1,1
21.1,OpenSky,16,0.890217640140246,44.5854583977714,0.854634404853698,0.889861584090969,458,0,0.926207261340949,0.926207261340949,NaN,0.3,0.849008314509227,750,605.093205153158,0.806790940204211,3,1,0,0,0,0,0,0,0,0,1
21.2,OpenSky,16,1.02509414593397,41.431636686497,0.975930274662361,0.868737953584851,477,0.98287384667971,0.91205442890185,0.998493830665533,0.9,0.3,0.869609811282018,750,429.747083029772,0.572996110706362,5,0,0,0,1,0,0,0,0,1,1
21.3,OpenSky,17,0.904813949546946,44.0763376189415,0.912006096958026,1,496,0,1,1,NaN,0.3,0.8,750,254.229029582936,0.338972039443915,3,1,0,0,0,0,0,0,0,0,1
21.4,OpenSky,16,0.788492213144123,44.3118640445206,0.789027690530995,0.827845183366655,462,1,0.884656272855659,1,0.9,0.3,0.919737578523934,600,424.175161262091,0.706958602103485,5,0,0,0,1,0,0,0,0,1,1
21.5,OpenSky,18,0.837862240147909,43.9241616602456,1.02324987181625,0.944313414770655,496,0,0.962689987896339,0.962689987896339,NaN,0.3,0.812528333028578,700,463.927856289356,0.662754080413365,3,1,0,0,0,0,0,0,0,0,1
21.6,OpenSky,18,0.938231224254962,44.3766780173436,0.740558716996825,0.850382037280899,422,1,0.876655964978202,1,0.9,0.3,0.936923758779126,700,346.119393075157,0.494456275821653,5,0,0,0,1,0,0,0,0,1,1
21.7,OpenSky,17,0.838475706514004,42.5483630172435,0.810829087424725,0.909915723539061,382,0,0.883543534771171,0.883543534771171,NaN,0.3,0.922058974642341,700,616.444903371051,0.880635576244358,3,1,0,0,0,0,0,0,0,0,1
21.8,OpenSky,15,0.841227953262252,44.8486430645182,1.05270582237735,0.965568935406764,446,1,0.973631186722532,1,0.9,0.3,0.806257828822958,700,421.300711179545,0.601858158827922,5,0,0,0,1,0,0,0,0,1,1
21.9,OpenSky,17,0.909503158670716,43.8336067612602,0.822896196233472,0.962624145850073,426,0,0.955158177719549,0.955158177719549,NaN,0.3,0.818097101228884,700,361.69937627976,0.516713394685372,3,1,0,0,0,0,0,0,0,0,1
22,OpenSky,17,1.05054935760708,44.817593638168,1.07285113267489,1,386,1,0.9472,1,0.9,0.3,0.82509056,700,310.989157552533,0.444270225075047,5,0,0,0,1,0,0,0,0,1,1
22.1,OpenSky,20,0.969723798051816,41.6491726605645,0.808396563054353,0.810571646326048,444,0,0.868133003038452,0.868133003038452,NaN,0.3,0.956500143988912,700,282.302332498626,0.403289046426608,3,1,0,0,0,0,0,0,0,0,1
22.2,OpenSky,17,0.844698170872763,43.58101551438,0.985856518192596,0.883842371317091,402,1,0.882574388782451,1,0.9,0.3,0.924098967528334,700,442.312915533481,0.631875593619258,5,0,0,0,1,0,0,0,0,1,1
22.3,OpenSky,16,0.816353495312367,43.7858679531245,0.709678245559334,0.927450760084815,484,0,0.951392009256826,0.951392009256826,NaN,0.3,0.821264630876796,700,453.921435150079,0.648459193071542,3,1,0,0,0,0,0,0,0,0,1
22.4,OpenSky,16,1.94900392225538,32.8532813076223,1.48778289178594,0.986169789592366,446,0.772375389879055,0.987433759026885,0.997139614297809,1.1145037050617,0.3,0.80142119370975,700,322.560130167079,0.46080018595297,5,0,0,0,1,0,0,0,0,0,1
22.5,OpenSky,15,0.836277993438957,44.061339628819,0.907702489680623,0.940481164987682,422,0,0.937022380541747,0.937022380541747,NaN,0.3,0.835695624973657,700,342.577811496552,0.489396873566502,3,1,0,0,0,0,0,0,0,0,1
22.6,OpenSky,14,0.986566740526019,43.9847240312314,0.811819948835436,0.902552147805157,471,0.979166308422983,0.934709939029455,0.998639767006695,0.9,0.3,0.838365128553837,700,286.230028682109,0.408900040974442,5,0,0,0,1,0,0,0,0,1,1
22.7,OpenSky,15,1.01893904779822,42.2856899521385,0.94283221938997,0.880208811397859,466,0,0.919739903636565,0.919739903636565,NaN,0.3,0.857975147614411,700,287.266934234752,0.410381334621074,3,1,0,0,0,0,0,0,0,0,1
22.8,OpenSky,17,0.953764873137176,42.3456073792789,0.799578296202563,0.887768985437849,396,1,0.880255220243359,1,0.9,0.3,0.929049310510698,700,334.578559568315,0.477969370811879,5,0,0,0,1,0,0,0,0,1,1
22.9,OpenSky,17,0.888918609629481,41.9467574453617,0.881056877551678,0.998799621945851,426,0,0.97939574670372,0.97939574670372,NaN,0.3,0.803820817285075,700,534.888882688481,0.764126975269258,3,1,0,0,0,0,0,0,0,0,1
23,OpenSky,14,0.967074412009999,43.3666983495776,0.905457524240966,0.863648464733284,398,0.9712095117872,0.8657444713713,0.996134717785512,0.9,0.3,0.962220922706344,700,367.308597047897,0.524726567211281,5,0,0,0,1,0,0,0,0,1,1
23.1,OpenSky,17,0.884365259783506,44.9532464095688,0.790524962307927,0.935586162415594,466,0,0.956842728818448,0.956842728818448,NaN,0.3,0.816762950502542,700,187.889931829433,0.268414188327761,3,1,0,0,0,0,0,0,0,0,1
23.2,OpenSky,18,0.892249722379162,45.5487091643949,0.755221387706499,0.947343701902212,440,0,0.956470280274482,0.956470280274482,NaN,0.3,0.817053528494439,700,420.809854032555,0.601156934332222,3,1,0,0,0,0,0,0,0,0,1
23.3,OpenSky,17,0.877090195971293,45.6464679025112,0.68228174095978,0.876527593355784,440,0,0.909023487548375,0.909023487548375,NaN,0.3,0.874490532360746,850,650.924704906515,0.765793770478253,3,1,0,0,0,0,0,0,0,0,1
23.4,OpenSky,17,0.920663663585484,43.9663418868143,0.838954427951971,0.777233595346353,472,1,0.850746508882056,1,0.9,0.3,1.00048944149805,600,402.141937689291,0.670236562815485,5,0,0,0,1,0,0,0,0,1,1
23.5,OpenSky,15,0.788510648532682,45.0837206448391,0.75928374451824,0.831829665214747,444,0,0.88237587569388,0.88237587569388,NaN,0.3,0.924518911569034,800,653.74849165011,0.817185614562637,3,1,0,0,0,0,0,0,0,0,1
23.6,OpenSky,17,0.98457290546201,42.6946089811837,0.806781741265826,0.865356096928922,433,1,0.895763584942378,1,0.9,0.3,0.897787072016584,600,524.031701028511,0.873386168380852,5,0,0,0,1,0,0,0,0,1,1
23.7,OpenSky,19,0.875268048781605,43.0288816805148,0.698635767537302,0.971362624949133,372,0,0.916462958715919,0.916462958715919,NaN,0.3,0.862805935398484,750,569.094504295835,0.758792672394447,3,1,0,0,0,0,0,0,0,0,1
23.8,OpenSky,18,0.810402492346321,42.5993820419008,0.842520222261979,0.887478010067293,405,1,0.887485266745086,1,0.9,0.3,0.913936086794819,600,457.664942492412,0.762774904154021,5,0,0,0,1,0,0,0,0,1,1
23.9,OpenSky,17,0.94091422956,41.8059092772623,0.811784186461789,0.98965532829698,440,0,0.984819069958977,0.984819069958977,NaN,0.3,0.802074145732194,600,313.953100430406,0.52325516738401,3,1,0,0,0,0,0,0,0,0,1
24,OpenSky,19,0.840289225945387,44.2274885726335,0.74475209006073,0.987772940892332,429,1,0.974482870397862,1,0.9,0.3,0.805860115128191,750,640.914886567901,0.854553182090534,5,0,0,0,1,0,0,0,0,1,1
24.1,OpenSky,18,0.917401172145896,41.6022827033528,0.806802842817422,0.90301322156238,509,0,0.935018858446795,0.935018858446795,NaN,0.3,0.838002938818019,750,354.267026275169,0.472356035033559,3,1,0,0,0,0,0,0,0,0,1
24.2,OpenSky,17,0.856125635666699,42.7068440799336,0.633483798370816,0.893199137576762,474,1,0.928443422176431,1,0.9,0.3,0.846083094468385,600,397.093133753802,0.661821889589671,5,0,0,0,1,0,0,0,0,1,1
24.3,OpenSky,16,0.925855098267078,44.5663202098216,0.864074049904744,0.946180011796774,425,0,0.943315607903838,0.943315607903838,NaN,0.3,0.828918082765803,750,583.29923766648,0.777732316888641,3,1,0,0,0,0,0,0,0,0,1
24.4,OpenSky,15,0.809918534735509,41.6133913047073,0.914577498385452,0.823862411529969,475,0.989487014958856,0.881987815725079,0.998759339672045,0.9,0.3,0.925341880736041,600,513.087415027349,0.855145691712249,5,0,0,0,1,0,0,0,0,1,1
24.5,OpenSky,16,0.953198629905172,42.3613185455911,0.827769099944684,0.923209778453736,399,0,0.906475551564004,0.906475551564004,NaN,0.3,0.878721402097316,750,507.591117533433,0.676788156711244,3,1,0,0,0,0,0,0,0,0,1
24.6,OpenSky,17,0.875616994855928,45.1717678302704,0.781458006022246,0.914396744359687,434,1,0.92944581872099,1,0.9,0.3,0.844801032463562,750,430.439389612074,0.573919186149432,5,0,0,0,1,0,0,0,0,1,1
24.7,OpenSky,18,1.0165787466682,41.5215289938651,0.969471577853753,0.910198266045026,358,0,0.863932838250168,0.863932838250168,NaN,0.3,0.966628452559895,900,377.86699283312,0.419852214259023,3,1,0,0,0,0,0,0,0,0,1
24.8,OpenSky,16,0.820259081257988,44.9792937610447,0.791248054998726,0.884773213755553,432,1,0.90794805321622,1,0.9,0.3,0.876262048160154,600,471.649244972495,0.786082074954158,5,0,0,0,1,0,0,0,0,1,1
24.9,OpenSky,17,0.907025214506742,44.3811947163899,0.849977506471018,0.922513126336953,443,0,0.942308794645758,0.942308794645758,NaN,0.3,0.829954476577028,700,474.650096062181,0.678071565803116,3,1,0,0,0,0,0,0,0,0,1
25,OpenSky,18,1.12936870910744,42.1491398337875,0.842782743810439,0.947683470564534,429,0.983706803256137,0.947622925278238,0.99914661001669,0.9,0.3,0.824690221607682,700,420.082117477383,0.600117310681976,5,0,0,0,1,0,0,0,0,1,1
25.1,OpenSky,15,0.860711626917638,46.026807072224,0.836735394662066,0.971286135536097,341,0,0.890836710809185,0.890836710809185,NaN,0.3,0.907249613362618,850,742.387439543093,0.873396987697757,3,1,0,0,0,0,0,0,0,0,1
25.2,OpenSky,16,0.778146243344792,41.9639650895881,0.910050001567944,0.881368067813637,339,1,0.828941605435137,1,0.9,0.3,1.06334876915998,600,452.935433651852,0.754892389419754,5,0,0,0,1,0,0,0,0,1,1
25.3,OpenSky,15,0.872958796847051,40.0914668337325,0.750414032986701,0.93458272035061,466,0,0.956170422634909,0.956170422634909,NaN,0.3,0.817289286668022,700,469.544871330798,0.670778387615426,3,1,0,0,0,0,0,0,0,0,1
25.4,OpenSky,17,0.897187374244599,46.0399638402672,0.962614492701036,0.971933215633292,431,1,0.965520254474306,1,0.9,0.3,0.81069967566365,700,168.840601412501,0.241200859160716,5,0,0,0,1,0,0,0,0,1,1
25.5,OpenSky,17,1.05106922494631,41.0587489745799,0.714614178844886,0.90338525278141,468,0,0.935268119363545,0.935268119363545,NaN,0.3,0.83771194733659,700,534.819674969392,0.764028107099131,3,1,0,0,0,0,0,0,0,0,1
25.6,OpenSky,17,1.00631104421324,41.7462730692561,0.724302501138075,0.961776196359108,454,0.994978978265496,0.974390051560603,0.999871411892266,0.9,0.3,0.805902825131617,700,294.227987151545,0.420325695930779,5,0,0,0,1,0,0,0,0,1,1
25.7,OpenSky,16,0.973339544792107,43.2468526680775,0.927061778607083,0.333873543235946,199,0,0.346620273968084,0.346620273968084,NaN,1.24726266597385,4.64214559750588,1350,1085.00768346355,0.803709395158188,3,1,0,0,0,0,0,0,0,0,0
25.8,OpenSky,17,0.96473714609057,43.8713174713968,0.902328803576201,0.866491518469351,458,1,0.910549317374465,1,0.9,0.3,0.872012821599567,600,466.483483060856,0.777472471768093,5,0,0,0,1,0,0,0,0,1,1
25.9,OpenSky,16,0.840174970887571,46.3315401947127,0.896181325614566,0.909901079056075,454,0,0.93963372296757,0.93963372296757,NaN,0.3,0.832796786624804,700,322.15457771694,0.460220825309914,3,1,0,0,0,0,0,0,0,0,1
26,OpenSky,16,0.926109669517096,43.4268726183267,0.778776759195826,1,427,1,0.981025,1,0.9,0.3,0.803240455625,700,554.031938076394,0.791474197251992,5,0,0,0,1,0,0,0,0,1,1
26.1,OpenSky,18,0.915688125530003,42.9402104003346,0.719026716562273,0.937616542729643,453,0,0.958203083628861,0.958203083628861,NaN,0.3,0.815722839963224,700,271.720206362195,0.388171723374564,3,1,0,0,0,0,0,0,0,0,1
26.2,OpenSky,16,0.850356221447484,43.2026371214365,0.674940615398678,0.898135766222913,395,1,0.886375963369352,1,0.9,0.3,0.916193795302186,700,524.764313605695,0.749663305150993,5,0,0,0,1,0,0,0,0,1,1
26.3,OpenSky,18,1.07248113680328,44.6035593874434,0.915147286541296,0.892656493705506,436,0,0.916529850782689,0.916529850782689,NaN,0.3,0.862705392293242,700,381.641892650022,0.545202703785746,3,1,0,0,0,0,0,0,0,0,1
26.4,OpenSky,16,1.10765240780331,43.2225602176593,0.829330270927446,0.823407741694837,427,1,0.862708186935541,1,0.9,0.3,0.969641377410738,700,256.578342618026,0.366540489454322,5,0,0,0,1,0,0,0,0,1,1
26.5,OpenSky,18,0.874372100310041,42.9170221509471,0.708830947881584,0.911193082591762,389,0,0.89017436533648,0.89017436533648,NaN,0.3,0.908555030263204,700,200.783573111497,0.286833675873568,3,1,0,0,0,0,0,0,0,0,1
26.6,OpenSky,17,0.893690220005303,43.6084033951934,0.751126864403219,0.945618604974592,483,1,0.963564465332977,1,0.9,0.3,0.811947933678247,700,384.622756179504,0.549461080256434,5,0,0,0,1,0,0,0,0,1,1
26.7,OpenSky,17,0.902828193978355,41.5668036148687,0.879753970079586,1,443,0,0.994225,0.994225,NaN,0.3,0.800300155625,700,364.067051236645,0.520095787480922,3,1,0,0,0,0,0,0,0,0,1
26.8,OpenSky,18,0.817875452098614,43.1635059843694,1.23287517477347,0.894879803472128,438,1,0.919669468326326,1,0.9,0.3,0.858076948870777,700,308.460470677248,0.440657815253211,5,0,0,0,1,0,0,0,0,1,1
26.9,OpenSky,18,0.812130651192907,41.8713954391547,1.0302303278844,0.853319720189122,465,0,0.901724212526712,0.901724212526712,NaN,0.3,0.886923173631454,700,497.695584497965,0.710993692139949,3,1,0,0,0,0,0,0,0,0,1
27,OpenSky,17,0.8027510352476,43.9653360475015,0.90564478760064,0.842040774054079,423,1,0.871892318616233,1,0.9,0.3,0.947704202265722,700,411.603539477617,0.588005056396596,5,0,0,0,1,0,0,0,0,1,1
27.1,OpenSky,17,0.71095722324741,43.5514914899159,0.568335531596691,0.92587463467783,414,0,0.920636005234146,0.920636005234146,NaN,0.3,0.85668779298675,700,243.315007199765,0.347592867428236,3,1,0,0,0,0,0,0,0,0,1
27.2,OpenSky,16,0.778774002942687,42.9363746802992,0.683417202604165,0.880366552015714,421,1,0.895920589850528,1,0.9,0.3,0.897492712553558,700,521.180554779671,0.744543649685244,5,0,0,0,1,0,0,0,0,1,1
27.3,OpenSky,18,0.84474911654298,40.6363047941203,0.968115291067794,0.926662303389545,467,0,0.950863743270995,0.950863743270995,NaN,0.3,0.821729345528048,700,390.470071505766,0.55781438786538,3,1,0,0,0,0,0,0,0,0,1
27.4,OpenSky,19,0.92277340201382,41.5934638910997,0.66188772422551,0.933231901342219,389,1,0.904940373899287,1,0.9,0.3,0.881326992629666,700,271.8295393563,0.388327913366143,5,0,0,0,1,0,0,0,0,1,1
27.5,OpenSky,19,0.927845900071605,43.5011689494753,0.861740173998041,0.926902781465447,455,0,0.95102486358185,0.95102486358185,NaN,0.3,0.821587075884588,700,459.636498951733,0.656623569931046,3,1,0,0,0,0,0,0,0,0,1
27.6,OpenSky,18,0.791637989334313,46.3396103484597,0.64437394231112,0.97831741497078,394,1,0.939272668030422,1,0.9,0.3,0.83319027963329,700,449.200006383243,0.641714294833204,5,0,0,0,1,0,0,0,0,1,1
27.7,OpenSky,16,0.93568102207295,45.4123088911685,0.621796465036715,0.997671182648301,455,0,0.998439692374362,0.998439692374362,NaN,0.3,0.80002191103898,700,293.598464610878,0.41942637801554,3,1,0,0,0,0,0,0,0,0,1
27.8,OpenSky,16,0.92475649997778,44.7390215649915,0.928463042436792,0.976817986669803,491,1,0.984468051068768,1,0.9,0.3,0.802171172938422,700,304.142308185254,0.43448901169322,5,0,0,0,1,0,0,0,0,1,1
27.9,OpenSky,17,1.01766449461719,42.1745877534637,0.924451042755608,0.904095334996463,446,0,0.93244387444763,0.93244387444763,NaN,0.3,0.841074470896828,700,273.789367088863,0.391127667269805,3,1,0,0,0,0,0,0,0,0,1
28,OpenSky,15,1.08064676041165,44.1060129033894,0.797367265794059,0.793220106462013,452,0.992979690107862,0.861457471329549,0.999027388515493,0.9,0.3,0.972746290253626,700,606.049406124418,0.865784865892025,5,0,0,0,1,0,0,0,0,1,1
28.1,OpenSky,17,0.912580864321588,42.5721243511031,0.832186687015416,0.948877308959838,399,0,0.923672797003092,0.923672797003092,NaN,0.3,0.852432577255981,700,372.375868798413,0.531965526854876,3,1,0,0,0,0,0,0,0,0,1
28.2,OpenSky,16,0.786069810705802,42.621418108441,0.882316746615728,0.990378458810252,385,1,0.939928567402869,1,0.9,0.3,0.832477193128445,700,175.029123689894,0.250041605271277,5,0,0,0,1,0,0,0,0,1,1
28.3,OpenSky,17,0.943347915657408,44.1101257803737,0.701006635641711,0.9064000827152,376,0,0.876238055419184,0.876238055419184,NaN,0.3,0.937853170337825,700,616.386187591257,0.880551696558939,3,1,0,0,0,0,0,0,0,0,1
28.4,OpenSky,16,0.708899971487325,45.284897694255,0.830325222144753,0.914980655696426,497,1,0.943037039316605,1,0.9,0.3,0.829203010008362,700,203.576447027157,0.290823495753082,5,0,0,0,1,0,0,0,0,1,1
28.5,OpenSky,18,0.820764646066083,40.5109875997972,1.00115131131476,0.950176885613761,427,0,0.94764351336122,0.94764351336122,NaN,0.3,0.824670815238411,700,588.580836863657,0.840829766948082,3,1,0,0,0,0,0,0,0,0,1
28.6,OpenSky,16,1.02555598383181,39.9661594297918,0.855080501853907,0.844858934278135,460,0.966630306886831,0.896055485966351,0.9965314034659,0.9,0.3,0.897240157979224,700,526.51346748304,0.752162096404343,5,0,0,0,1,0,0,0,0,1,1
28.7,OpenSky,18,0.941678749927712,43.4377918053403,0.745299953268367,0.899598430773572,469,0,0.932730948618293,0.932730948618293,NaN,0.3,0.840726127464153,700,292.832792419803,0.418332560599718,3,1,0,0,0,0,0,0,0,0,1
28.8,OpenSky,18,0.992378250200376,43.681744274361,0.788899635671333,0.826359493306602,370,1,0.817660860515423,1,0.9,0.3,1.09922805609178,700,605.680262807976,0.865257518297109,5,0,0,0,1,0,0,0,0,1,1
28.9,OpenSky,17,0.849496036931596,45.1338826905967,0.635803201073196,0.95690527585027,429,0,0.953801534819681,0.953801534819681,NaN,0.3,0.819208683665154,700,389.409157152901,0.556298795932716,3,1,0,0,0,0,0,0,0,0,1
29,OpenSky,17,0.952242237226902,42.1174099406392,0.817681656214939,0.935354128970949,521,1,0.956687266410536,1,0.9,0.3,0.816883936018927,700,334.367644699219,0.477668063856027,5,0,0,0,1,0,0,0,0,1,1
29.1,OpenSky,18,0.879114490131342,41.8161206591182,0.768063862661938,0.832668998207252,468,0,0.887888228798859,0.887888228798859,NaN,0.3,0.913121443176713,700,469.385939262411,0.670551341803445,3,1,0,0,0,0,0,0,0,0,1
29.2,OpenSky,19,0.843922438753641,41.8813696292275,0.766269240473817,0.35,204,1,0.36155,1,0.9,1.19904600625,4.4685656225,700,228.40293120382,0.326289901719743,5,0,0,0,1,0,0,0,0,1,0
29.3,OpenSky,17,0.792147536691646,45.7698538844521,0.6248450541906,0.98933942048057,463,0,0.992857411721982,0.992857411721982,NaN,0.3,0.800459149105784,700,515.319450438558,0.736170643483654,3,1,0,0,0,0,0,0,0,0,1
29.4,OpenSky,18,0.969152709166842,43.1656716057179,0.929938936880941,0.93217337500002,419,1,0.928981161250013,1,0.9,0.3,0.845393079116569,700,196.491858301341,0.280702654716201,5,0,0,0,1,0,0,0,0,1,1
29.5,OpenSky,18,0.898060126130605,44.0414695416702,1.06817644656947,0.856796462030041,404,0,0.866103629560128,0.866103629560128,NaN,0.3,0.961354142152743,700,571.10634205352,0.8158662029336,3,1,0,0,0,0,0,0,0,0,1
29.6,OpenSky,16,0.885411296102431,41.5332606191553,1.04107054971573,0.854033004038197,430,0.998918617115829,0.885702112705592,0.999876400220983,0.9,0.3,0.917576063359687,700,435.887666682924,0.622696666689891,5,0,0,0,1,0,0,0,0,1,1
29.7,OpenSky,17,1.15607666219314,42.5688584576591,0.844569810880801,0.862610120084101,513,0,0.907948780456348,0.907948780456348,NaN,0.3,0.876260843175263,700,294.630411184918,0.420900587407025,3,1,0,0,0,0,0,0,0,0,1
29.8,OpenSky,17,0.853520757241123,44.4095735302049,0.742044880040334,0.976746871795971,466,1,0.9844204041033,1,0.9,0.3,0.80218451427474,700,510.523020567504,0.72931860081072,5,0,0,0,1,0,0,0,0,1,1
29.9,OpenSky,18,1.01334120604051,41.9813613572632,0.713528077234131,1,426,0,0.9802,0.9802,NaN,0.3,0.80352836,700,343.148933156302,0.490212761651859,3,1,0,0,0,0,0,0,0,0,1
30,OpenSky,18,0.916760937298205,42.3154682525375,0.798913058179763,0.918201048132658,425,1,0.924569702248881,1,0.9,0.3,0.851207568369402,700,522.493607262206,0.746419438946009,5,0,0,0,1,0,0,0,0,1,1
30.1,OpenSky,16,0.838782315226162,42.1193946950441,0.705406729734048,0.912880488292487,512,0,0.941629927155966,0.941629927155966,NaN,0.3,0.83066358863436,700,509.144472394476,0.727349246277823,3,1,0,0,0,0,0,0,0,0,1
30.2,OpenSky,16,0.856602199053543,43.0253833799246,0.595157562307468,0.97486346020303,384,1,0.92870851833603,1,0.9,0.3,0.845742278220598,700,251.337120642623,0.359053029489462,5,0,0,0,1,0,0,0,0,1,1
30.3,OpenSky,16,1.01121073765051,43.9400168236779,0.850018591771534,0.754836621373955,468,0,0.83574053632055,0.83574053632055,NaN,0.3,1.04283054267434,850,430.05720111879,0.505949648375047,3,1,0,0,0,0,0,0,0,0,1
30.4,OpenSky,17,1.01120289067964,43.8868112427052,0.875729351183927,0.823735551774531,434,1,0.868702819688936,1,0.9,0.3,0.955150546018724,850,309.081634765111,0.363625452664837,5,0,0,0,1,0,0,0,0,1,1
30.5,OpenSky,15,0.965384551714114,42.1494533168865,0.846449263273111,0.957947607375885,358,0,0.895924896941843,0.895924896941843,NaN,0.3,0.897484643689094,850,545.3627102401,0.641603188517765,3,1,0,0,0,0,0,0,0,0,1
30.6,OpenSky,16,0.858180033534176,42.387629637266,0.731885696035111,0.878965968335928,463,0,0.918907198785071,0.918907198785071,NaN,0.3,0.859184381679955,850,462.30537543626,0.543888676983835,3,1,0,0,0,0,0,0,0,0,1
30.7,OpenSky,17,0.960545522429267,43.2095051234146,0.717195385765491,0.935719072940996,419,0,0.931356778870468,0.931356778870468,NaN,0.3,0.842407026263341,850,357.189586478717,0.420223042916138,3,1,0,0,0,0,0,0,0,0,1
30.8,OpenSky,18,1.06172332152403,44.5042979275683,0.829452879832363,0.876564046696873,410,1,0.884297911286905,1,0.9,0.3,0.920482759993157,600,299.817624296551,0.499696040494251,5,0,0,0,1,0,0,0,0,1,1
30.9,OpenSky,17,0.913477369187954,44.2668935794526,0.769264176786289,0.845202838821929,452,0,0.896285902010693,0.896285902010693,NaN,0.3,0.896809527095621,750,417.589356181262,0.556785808241683,3,1,0,0,0,0,0,0,0,0,1
31,OpenSky,17,1.0303575663637,42.3758760404194,0.77625723972864,1,457,0.999175841364838,1,1,0.9,0.3,0.8,750,388.026128314063,0.517368171085417,5,0,0,0,1,0,0,0,0,1,1
31.1,OpenSky,20,0.818984157243913,40.8864284033581,1.03055982343197,0.932879938907472,444,0,0.950079559068006,0.950079559068006,NaN,0.3,0.822428453805602,750,209.694999899166,0.279593333198888,3,1,0,0,0,0,0,0,0,0,1
31.2,OpenSky,16,0.925382240656465,43.6584717932005,0.875433905603499,0.939723676902072,433,1,0.945589863524389,1,0.9,0.3,0.826644166561652,600,398.866455542438,0.664777425904064,5,0,0,0,1,0,0,0,0,1,1
31.3,OpenSky,15,0.830980671674203,43.0398410289715,0.717039973598183,0.901061741562536,366,0,0.864411366846899,0.864411366846899,NaN,0.3,0.965458496962935,850,570.826710569966,0.671560835964666,3,1,0,0,0,0,0,0,0,0,1
31.4,OpenSky,16,0.845659763290325,42.5723442959706,0.887392163415675,0.946200795062678,406,1,0.927654532691994,1,0.9,0.3,0.847104799760123,650,336.671136084017,0.51795559397541,5,0,0,0,1,0,0,0,0,1,1
31.5,OpenSky,19,0.881482623430826,42.3556930271542,0.72332944885407,0.851965632147343,471,0,0.90081697353872,0.90081697353872,NaN,0.3,0.888535454642171,900,534.367545264124,0.593741716960137,3,1,0,0,0,0,0,0,0,0,1
31.6,OpenSky,18,0.926223991104899,43.8228116670299,0.588580500627438,1,457,1,1,1,0.9,0.3,0.8,700,451.647605209955,0.64521086458565,5,0,0,0,1,0,0,0,0,1,1
31.7,OpenSky,19,0.883318595072412,44.5646633843238,0.705333878927353,0.852979877089797,430,0,0.884996517650164,0.884996517650164,NaN,0.3,0.919032208573301,850,736.094207517196,0.865993185314348,3,1,0,0,0,0,0,0,0,0,1
31.8,OpenSky,17,1.03102893811464,41.5160934008479,1.06828742797239,0.829564525119095,445,0.981195291343941,0.881683231829794,0.997775087645433,0.9,0.3,0.925989718672181,650,422.76831731276,0.650412795865785,5,0,0,0,1,0,0,0,0,1,1
31.9,OpenSky,17,0.74391960681325,40.4753073804306,0.811815983040162,0.921759706796016,413,0,0.917054003553331,0.917054003553331,NaN,0.3,0.861920344938777,800,651.534854515373,0.814418568144217,3,1,0,0,0,0,0,0,0,0,1
32,OpenSky,18,0.843329919976968,45.5875494130519,0.715320956453032,0.870151984092647,431,1,0.897326829342073,1,0.9,0.3,0.894876019756566,600,472.33639335487,0.787227322258116,5,0,0,0,1,0,0,0,0,1,1
32.1,OpenSky,17,0.85589747188137,41.6206404551765,0.633407711962755,0.884534983438169,418,0,0.896238438903574,0.896238438903574,NaN,0.3,0.896898154050507,750,645.641929014695,0.860855905352926,3,1,0,0,0,0,0,0,0,0,1
32.2,OpenSky,17,0.922262420540082,43.0857474104021,0.901053839113072,0.911952701905716,421,1,0.91708331027683,1,0.9,0.3,0.861876596911837,600,337.26777190426,0.562112953173766,5,0,0,0,1,0,0,0,0,1,1
32.3,OpenSky,18,0.890822024742169,43.8065007579841,0.798365763570584,0.8383598406442,479,0,0.891701093231614,0.891701093231614,NaN,0.3,0.905557878865048,850,729.992620655476,0.858814847829972,3,1,0,0,0,0,0,0,0,0,1
32.4,OpenSky,17,0.889742103316131,46.6196181051548,0.739394227841789,0.911205441486428,393,1,0.893482645795907,1,0.9,0.3,0.902113520719762,600,360.674423733284,0.601124039555473,5,0,0,0,1,0,0,0,0,1,1
32.5,OpenSky,17,0.941641352203674,42.647614831177,0.741808554285207,0.93421137469176,448,0,0.954271621043479,0.954271621043479,NaN,0.3,0.81881976177792,750,561.775772038566,0.749034362718087,3,1,0,0,0,0,0,0,0,0,1
32.6,OpenSky,17,0.985566405044778,44.7812678112302,0.988759382770971,0.891734905588158,447,1,0.924987386744066,1,0.9,0.3,0.850642029327359,600,525.063062406837,0.875105104011396,5,0,0,0,1,0,0,0,0,1,1
32.7,OpenSky,18,0.88229818009391,45.3273453506345,0.639574652888873,0.848900398097623,498,0,0.898763266725408,0.898763266725408,NaN,0.3,0.892239885476999,750,480.415569670746,0.640554092894328,3,1,0,0,0,0,0,0,0,0,1
32.8,OpenSky,17,1.13014941040754,44.4052697840614,0.758922415946211,0.898392498222305,384,1,0.877472973808944,1,0.9,0.3,0.935115849325013,750,294.530798504769,0.392707731339692,5,0,0,0,1,0,0,0,0,1,1
32.9,OpenSky,18,0.921416027175241,44.6398511377848,1.16154645238751,0.909685304649391,448,0,0.937839154115092,0.937839154115092,NaN,0.3,0.834775736850145,750,589.94987924332,0.786599838991093,3,1,0,0,0,0,0,0,0,0,1
33,OpenSky,17,0.985329695935406,44.0215473153464,0.852091391714926,0.887312747612061,367,0,0.856024540900081,0.856024540900081,NaN,0.3,0.986560395407292,750,355.944475468464,0.474592633957952,3,1,0,0,0,0,0,0,0,0,1
33.1,OpenSky,15,0.868321295298768,45.4243776038991,0.942557857797078,0.850384312933265,437,0,0.889032489665288,0.889032489665288,NaN,0.3,0.91082409514896,750,410.954452574545,0.547939270099394,3,1,0,0,0,0,0,0,0,0,1
33.2,OpenSky,16,0.976708094087181,43.839066755776,0.828379656823939,0.926858632409826,443,1,0.945220283714583,1,0.9,0.3,0.827007355846797,750,353.744591482931,0.471659455310575,5,0,0,0,1,0,0,0,0,1,1
33.3,OpenSky,15,0.87574336002476,42.2979628164402,0.823561934885717,0.882960193394599,432,0,0.906733329574381,0.906733329574381,NaN,0.3,0.878288046310529,750,388.936539540881,0.518582052721175,3,1,0,0,0,0,0,0,0,0,1
33.4,OpenSky,16,0.96019596238527,44.8274808292958,0.986798461867373,0.801361970502259,435,1,0.854537520236514,1,0.9,0.3,0.990433997170484,750,418.467164083349,0.557956218777799,5,0,0,0,1,0,0,0,0,1,1
33.5,OpenSky,16,0.891575473007705,44.1128993897354,0.91956262110108,0.931347142674666,456,0,0.954002585592027,0.954002585592027,NaN,0.3,0.81904185918997,750,317.098970439942,0.422798627253256,3,1,0,0,0,0,0,0,0,0,1
33.6,OpenSky,18,0.845122559974908,41.4751367470076,1.08892460166479,0.863372211088322,410,1,0.875459381429176,1,0.9,0.3,0.939593291066032,600,452.062335322264,0.753437225537107,5,0,0,0,1,0,0,0,0,1,1
33.7,OpenSky,16,0.909654010310335,45.4727303327249,0.678929005583235,0.885350730639415,429,0,0.905859989528408,0.905859989528408,NaN,0.3,0.879761074144322,750,368.919990837728,0.49189332111697,3,1,0,0,0,0,0,0,0,0,1
33.8,OpenSky,16,0.860956281061568,43.5106529825554,0.791002282591745,0.951551190451562,405,1,0.930414297602547,1,0.9,0.3,0.843579529803323,600,450.293175742992,0.750488626238321,5,0,0,0,1,0,0,0,0,1,1
33.9,OpenSky,18,0.797853090884535,44.4753458480257,0.881735732306988,0.900526058938206,391,0,0.884677459488598,0.884677459488598,NaN,0.3,0.919693595150036,800,703.77681799793,0.879721022497412,3,1,0,0,0,0,0,0,0,0,1
34,OpenSky,15,0.905529710871889,43.7836822918143,0.808154333820118,0.946161879992536,439,1,0.954853459594999,1,0.9,0.3,0.818343890994863,600,308.229858768025,0.513716431280041,5,0,0,0,1,0,0,0,0,1,1
34.1,OpenSky,17,0.725206435647166,43.4283940559992,0.776981009163603,0.962785883687641,407,0,0.93959154207072,0.93959154207072,NaN,0.3,0.832842636104543,850,718.022613956242,0.844732487007343,3,1,0,0,0,0,0,0,0,0,1
34.2,OpenSky,18,0.918143873788643,44.2247316765162,0.724995628186298,0.958051205837072,448,1,0.970244307910838,1,0.9,0.3,0.807968610905345,600,372.922256631168,0.62153709438528,5,0,0,0,1,0,0,0,0,1,1
34.3,OpenSky,18,0.861390606084104,41.7437117567909,0.702614906453778,1,420,0,0.97525,0.97525,NaN,0.3,0.8055130625,750,448.58627554488,0.59811503405984,3,1,0,0,0,0,0,0,0,0,1
34.4,OpenSky,17,0.855392691559785,45.4043573392634,0.632004266933944,0.991362617889098,496,1,0.994212953985696,1,0.9,0.3,0.800301409114145,750,452.099691071678,0.602799588095571,5,0,0,0,1,0,0,0,0,1,1
34.5,OpenSky,16,0.900738032829474,45.0711800566504,0.753353190947726,0.8932584547907,366,0,0.859183164709769,0.859183164709769,NaN,0.3,0.978464429910405,900,701.477297037919,0.779419218931021,3,1,0,0,0,0,0,0,0,0,1
34.6,OpenSky,16,0.809083475463328,43.1457951284257,0.810894838390084,0.930517669123663,442,1,0.946846838312854,1,0.9,0.3,0.825427327376059,600,311.016470671985,0.518360784453309,5,0,0,0,1,0,0,0,0,1,1
34.7,OpenSky,18,0.96141523364702,44.0281589526425,0.684342319276725,0.841575218837598,444,0,0.88890539662119,0.88890539662119,NaN,0.3,0.911078098099055,900,720.504643633169,0.800560715147965,3,1,0,0,0,0,0,0,0,0,1
34.8,OpenSky,16,0.986053207138596,43.0969418793539,0.84953853332698,0.871485532065358,422,1,0.89079530648379,1,0.9,0.3,0.907330985773725,600,479.59591152733,0.799326519212217,5,0,0,0,1,0,0,0,0,1,1
34.9,OpenSky,18,0.983762690375251,42.7674749456327,0.749206385257559,0.854979210936491,443,0,0.897061071327449,0.897061071327449,NaN,0.3,0.895367807326273,750,473.801117211051,0.631734822948068,3,1,0,0,0,0,0,0,0,0,1
35,OpenSky,16,1.06631436657811,40.6999678421839,1.08362956268942,0.900617297333296,400,0.966319419242608,0.892163589213308,0.996368007057912,0.9,0.3,0.904658223422206,750,256.719027112866,0.342292036150488,5,0,0,0,1,0,0,0,0,1,1
35.1,OpenSky,19,1.1393440144628,43.4877513115836,0.82787399489064,0.918979788110053,456,0,0.945716458033735,0.945716458033735,NaN,0.3,0.826520326355629,750,445.63231420341,0.594176418937879,3,1,0,0,0,0,0,0,0,0,1
35.2,OpenSky,18,0.885117681285717,44.7406744568151,0.82510789946184,0.828869554877328,377,1,0.82511760176781,1,0.9,0.3,1.07525467890298,750,214.90795631276,0.286543941750347,5,0,0,0,1,0,0,0,0,1,1
35.3,OpenSky,18,0.995902327745108,41.4251471917136,0.895683072705444,0.904970878070326,442,0,0.929730488307118,0.929730488307118,NaN,0.3,0.844440238462004,750,473.922580912741,0.631896774550322,3,1,0,0,0,0,0,0,0,0,1
35.4,OpenSky,17,0.926594794814521,43.1455266514343,0.875905252519978,0.893231951893638,385,1,0.874840407768737,1,0.9,0.3,0.940984311747463,750,285.799469616301,0.381065959488402,5,0,0,0,1,0,0,0,0,1,1
35.5,OpenSky,18,0.675039172760997,42.8849967915686,0.680549498133788,0.887511667280644,496,0,0.924632817078032,0.924632817078032,NaN,0.3,0.851121910354341,750,665.756530226892,0.887675373635856,3,1,0,0,0,0,0,0,0,0,1
35.6,OpenSky,17,0.916300254176081,43.9624574312919,1.01920179939501,0.793412757832217,401,1,0.821161547747586,1,0.9,0.3,1.08784872803635,600,524.186175552664,0.873643625921106,5,0,0,0,1,0,0,0,0,1,1
35.7,OpenSky,18,0.763187804740485,42.8723879310022,0.816672839641774,0.894375585587531,444,0,0.924281642343646,0.924281642343646,NaN,0.3,0.85159942717558,700,627.089386514581,0.895841980735116,3,1,0,0,0,0,0,0,0,0,1
35.8,OpenSky,18,0.895932149412556,43.5429845192978,0.92408868185098,0.938129104989425,451,1,0.958546500342915,1,0.9,0.3,0.81546553370438,700,498.292087841953,0.711845839774218,5,0,0,0,1,0,0,0,0,1,1
35.9,OpenSky,17,0.965059714021105,43.9503285891555,0.891333082133046,0.957198920199139,394,0,0.925123276533423,0.925123276533423,NaN,0.3,0.850458713453812,700,331.631350961525,0.473759072802179,3,1,0,0,0,0,0,0,0,0,1
36,OpenSky,19,1.06044341827795,42.8512058198687,0.953625423082321,1,412,0.997815546556686,0.96865,0.999931517384552,0.9,0.3,0.8088454025,700,475.752032976606,0.679645761395152,5,0,0,0,1,0,0,0,0,1,1
36.1,OpenSky,19,0.87432636354801,41.4296276352432,1.04300769883456,0.864260248862838,444,0,0.904104366738102,0.904104366738102,NaN,0.3,0.882763752308305,700,347.2634031428,0.496090575918285,3,1,0,0,0,0,0,0,0,0,1
36.2,OpenSky,18,0.931840257328464,41.3887195795561,0.868521866852843,0.864471908828659,438,0.995533675822927,0.899296178915202,0.999550224089165,0.9,0.3,0.891271336229712,700,587.652775966957,0.839503965667081,5,0,0,0,1,0,0,0,0,1,1
36.3,OpenSky,18,0.830277892815222,42.8668670332808,0.637488075315642,0.957732177890033,390,0,0.922180559186322,0.922180559186322,NaN,0.3,0.854502788316981,700,519.38235342197,0.741974790602814,3,1,0,0,0,0,0,0,0,0,1
36.4,OpenSky,15,0.790620021867263,44.0064804212431,0.643981012557677,0.86809958208566,416,1,0.883576719997392,1,0.9,0.3,0.92198942113909,700,407.857631648454,0.582653759497792,5,0,0,0,1,0,0,0,0,1,1
36.5,OpenSky,17,0.868866023655713,43.7512288331484,0.891248432160146,0.907841826780849,376,0,0.877204023943169,0.877204023943169,NaN,0.3,0.935709665621749,900,398.120526648555,0.442356140720617,3,1,0,0,0,0,0,0,0,0,1
36.6,OpenSky,16,0.811852172928375,43.0139827053509,0.833085923178757,0.897214210307555,481,1,0.931133520906062,1,0.9,0.3,0.842683327485162,600,499.623778433146,0.832706297388576,5,0,0,0,1,0,0,0,0,1,1
36.7,OpenSky,17,0.916728828338486,43.5375452745634,0.619236499889891,0.911973065599105,398,0,0.8981219539514,0.8981219539514,NaN,0.3,0.893412226400126,750,613.248121816005,0.817664162421339,3,1,0,0,0,0,0,0,0,0,1
36.8,OpenSky,17,0.734085925659418,42.3126900617577,0.713650428217992,0.972272693734155,436,1,0.969872704801884,1,0.9,0.3,0.80816888524359,600,442.034520481571,0.736724200802618,5,0,0,0,1,0,0,0,0,1,1
36.9,OpenSky,17,0.962970141946529,44.320131785281,0.868781995316014,0.943293435005814,404,0,0.924056601453895,0.924056601453895,NaN,0.3,0.851906598044593,750,621.071001553013,0.828094668737351,3,1,0,0,0,0,0,0,0,0,1
37,OpenSky,17,0.81791743232069,42.9558783175726,0.986006415364533,0.862355877892102,412,1,0.876428438187709,1,0.9,0.3,0.93742937799856,600,378.584211183112,0.630973685305187,5,0,0,0,1,0,0,0,0,1,1
37.1,OpenSky,16,0.871074405620829,40.5780487331186,0.769125243952941,0.903528156922082,375,0,0.873488865137795,0.873488865137795,NaN,0.3,0.944045605197107,850,663.103921555324,0.780122260653322,3,1,0,0,0,0,0,0,0,0,1
37.2,OpenSky,17,1.00939716114324,46.0512259900871,0.67895978932996,0.888618069626763,423,1,0.903099106649931,1,0.9,0.3,0.884508048188373,600,518.921101471061,0.864868502451769,5,0,0,0,1,0,0,0,0,1,1
37.3,OpenSky,19,0.895598412239778,41.4880584669042,0.912195988004958,0.912355124437002,468,0,0.941277933372791,0.941277933372791,NaN,0.3,0.831034529980733,700,430.721857219978,0.615316938885682,3,1,0,0,0,0,0,0,0,0,1
37.4,OpenSky,16,0.930505867069247,43.8684316458691,0.819655865655843,0.902430157117059,445,1,0.93050320526843,1,0.9,0.3,0.843468240301658,700,271.48471505824,0.387835307226058,5,0,0,0,1,0,0,0,0,1,1
37.5,OpenSky,17,0.907627283957474,45.7872664254073,0.860121759878768,0.975142404598302,417,0,0.956120411080862,0.956120411080862,NaN,0.3,0.817328764913413,700,492.732725843105,0.703903894061578,3,1,0,0,0,0,0,0,0,0,1
37.6,OpenSky,15,0.804471992223991,42.6484667676051,0.689504939781786,0.949338688587013,461,1,0.966056921353299,1,0.9,0.3,0.810369193292145,700,326.051650852884,0.465788072646978,5,0,0,0,1,0,0,0,0,1,1
37.7,OpenSky,18,0.738550086345687,41.5506592976098,0.666085832738036,1,421,0,0.976075,0.976075,NaN,0.3,0.805151650625,700,561.759761446428,0.802513944923469,3,1,0,0,0,0,0,0,0,0,1
37.8,OpenSky,18,0.939305780381248,42.9231956481881,0.629967700426517,1,427,1,0.981025,1,0.9,0.3,0.803240455625,700,513.621611248255,0.733745158926078,5,0,0,0,1,0,0,0,0,1,1
37.9,OpenSky,16,0.965953003831669,43.2752474869089,0.542522977482475,0.995003058531448,444,0,0.99170204921607,0.99170204921607,NaN,0.3,0.800619703884913,700,353.011698025755,0.504302425751078,3,1,0,0,0,0,0,0,0,0,1
38,OpenSky,16,0.828516433534073,44.447576626921,0.780178801439413,0.895029308779715,375,1,0.867794636882409,1,0.9,0.3,0.957304322333488,700,247.684412135411,0.353834874479158,5,0,0,0,1,0,0,0,0,1,1
38.1,OpenSky,18,0.967312004883765,43.769694487888,0.616463143863748,0.986930072916782,470,0,0.991243148854244,0.991243148854244,NaN,0.3,0.8006901419779,700,380.036837580892,0.542909767972703,3,1,0,0,0,0,0,0,0,0,1
38.2,OpenSky,14,0.914385270803334,43.8883116603741,0.962971401365227,0.873673220157651,435,0.982790033996851,0.902986057505627,0.99833039334784,0.9,0.3,0.884705345344714,700,332.781402369419,0.475402003384884,5,0,0,0,1,0,0,0,0,1,1
38.3,OpenSky,16,0.975014938549002,43.8883487982657,0.713258964983132,0.813741231651899,409,0,0.841381625206773,0.841381625206773,NaN,0.3,1.0264380993984,850,689.431715974818,0.811096136440962,3,1,0,0,0,0,0,0,0,0,1
38.4,OpenSky,15,0.860229602040397,41.392759078356,0.776892483585916,0.954362853042341,515,0.983744058856597,0.969423111538368,0.999502943900819,0.9,0.3,0.808414514971956,650,198.847913581369,0.30591986704826,5,0,0,0,1,0,0,0,0,1,1
38.5,OpenSky,18,0.858130358628947,42.8354421524567,0.996720279611191,0.957635294740387,436,0,0.960065647476059,0.960065647476059,NaN,0.3,0.814352772603557,650,587.333887707713,0.903590596473405,3,1,0,0,0,0,0,0,0,0,1
38.6,OpenSky,17,0.847822639626545,44.0063324082247,0.864586235225103,0.868454804729213,489,1,0.911864719168572,1,0.9,0.3,0.869910449545111,650,403.001775966995,0.620002732256915,5,0,0,0,1,0,0,0,0,1,1
38.7,OpenSky,15,0.926760172148032,44.7527469631491,0.849497300672607,0.959850512325961,389,0,0.922774843258394,0.922774843258394,NaN,0.3,0.85367352350389,800,678.38170856282,0.847977135703525,3,1,0,0,0,0,0,0,0,0,1
38.8,OpenSky,16,0.940228744416489,42.3642762354516,0.702960449817121,0.967326705159058,417,1,0.950883892456569,1,0.9,0.3,0.821711528181961,600,400.022152273915,0.666703587123192,5,0,0,0,1,0,0,0,0,1,1
38.9,OpenSky,18,1.03284326905223,44.7442280981781,0.801567444428483,0.918936567482764,437,0,0.934962500213452,0.934962500213452,NaN,0.3,0.838068887406367,750,484.74129465323,0.646321726204307,3,1,0,0,0,0,0,0,0,0,1
39,OpenSky,18,1.02092717819726,44.9864415472698,0.989679889017107,0.790197763143782,443,1,0.853657501306334,1,0.9,0.3,0.99274514231515,750,431.325338063135,0.575100450750847,5,0,0,0,1,0,0,0,0,1,1
39.1,OpenSky,16,1.0430542572363,40.4431615939721,0.871002388872874,0.854493023541716,358,0,0.826610325772949,0.826610325772949,NaN,0.3,1.07057581215706,950,780.534169318781,0.821614915072401,3,1,0,0,0,0,0,0,0,0,1
39.2,OpenSky,14,1.10978810658748,42.7883987098032,0.526071228520498,0.840479022880069,459,0.956756911363516,0.893120945329646,0.995378219565506,0.9,0.3,0.902808190945056,650,558.814196012164,0.859714147711021,5,0,0,0,1,0,0,0,0,1,1
39.3,OpenSky,17,0.928217092702652,41.4187909163641,0.956775574672541,0.935225235365154,499,0,0.956600907694653,0.956600907694653,NaN,0.3,0.816951330916352,650,414.531783021473,0.637741204648419,3,1,0,0,0,0,0,0,0,0,1
39.4,OpenSky,18,0.903496192955035,44.2585147229511,0.69110462110076,1,420,1,0.97525,1,0.9,0.3,0.8055130625,650,310.166487623801,0.477179211728925,5,0,0,0,1,0,0,0,0,1,1
39.5,OpenSky,18,0.935911367215167,41.8371479404989,0.874591617795204,0.938351158088012,433,0,0.944670275918968,0.944670275918968,NaN,0.3,0.827552405301948,650,460.653331630563,0.70869743327779,3,1,0,0,0,0,0,0,0,0,1
39.6,OpenSky,19,0.998275162324192,44.1279273560565,0.56872790440024,0.882938151187252,422,0,0.898468561295459,0.898468561295459,NaN,0.3,0.892777697408726,800,495.045356072986,0.618806695091232,3,1,0,0,0,0,0,0,0,0,1
39.7,OpenSky,17,1.0451362782476,40.388226363248,1.08349543788054,0.959935758246131,429,0,0.955831958024908,0.955831958024908,NaN,0.3,0.817557343387222,800,311.890271317239,0.389862839146548,3,1,0,0,0,0,0,0,0,0,1
39.8,OpenSky,15,1.06085007732274,41.1685685826103,0.735612208201253,0.981002793082173,387,0.958576917663264,0.935296871365056,0.99731979697511,0.9,0.3,0.837678453696351,650,306.052619893432,0.470850184451434,5,0,0,0,1,0,0,0,0,1,1
39.9,OpenSky,17,0.813797827285229,43.2217728324279,0.658727258486536,0.860048575588566,443,0,0.900457545644339,0.900457545644339,NaN,0.3,0.88917830197234,750,325.396283501615,0.433861711335487,3,1,0,0,0,0,0,0,0,0,1
40,OpenSky,17,0.857207888049411,40.1139682014545,0.654607985253568,0.86770324318378,424,0.992965207567745,0.889911172933133,0.999225547952474,0.9,0.3,0.909075948604627,600,432.338813552214,0.72056468925369,5,0,0,0,1,0,0,0,0,1,1
40.1,OpenSky,16,0.841861101375668,44.1342402963094,0.752572014229292,0.82773966362313,502,0,0.884585574627497,0.884585574627497,NaN,0.3,0.919884406256586,800,681.401068141172,0.851751335176464,3,1,0,0,0,0,0,0,0,0,1
40.2,OpenSky,16,1.07893416213349,43.0440740455205,0.722890236223409,0.92019062873968,508,1,0.946527721255586,1,0.9,0.3,0.825733561347083,600,514.559980778091,0.857599967963486,5,0,0,0,1,0,0,0,0,1,1
40.3,OpenSky,17,0.789215130180281,43.5720490567163,0.890710888860734,0.990134304739846,460,0,0.993389984175697,0.993389984175697,NaN,0.3,0.800393230782778,600,388.201883217157,0.647003138695262,3,1,0,0,0,0,0,0,0,0,1
40.4,OpenSky,18,0.978645285639386,42.8837841781847,0.734794189416281,0.986849965390792,427,1,0.972214476811831,1,0.9,0.3,0.806948317689563,700,544.115302965836,0.77730757566548,5,0,0,0,1,0,0,0,0,1,1
40.5,OpenSky,17,0.839790291911192,43.1463733613927,0.838068805453417,1,438,0,0.9901,0.9901,NaN,0.3,0.80088209,700,443.129445712189,0.633042065303126,3,1,0,0,0,0,0,0,0,0,1
40.6,OpenSky,18,0.993488013419457,45.7054987112149,0.848177125675745,0.900728783038738,400,0,0.892238284635954,0.892238284635954,NaN,0.3,0.904513285683815,850,495.498762536425,0.582939720631088,3,1,0,0,0,0,0,0,0,0,1
40.7,OpenSky,16,1.20613496457199,44.5142855797893,0.827392279812908,0.793975206547875,403,0,0.823188388387076,0.823188388387076,NaN,0.3,1.08136111401044,850,534.546102299278,0.628877767410916,3,1,0,0,0,0,0,0,0,0,1
40.8,OpenSky,18,0.858053529929707,44.870471872058,0.855038123395124,0.940999184968839,442,1,0.953869453929122,1,0.9,0.3,0.819152245527176,700,474.416505610021,0.677737865157173,5,0,0,0,1,0,0,0,0,1,1
40.9,OpenSky,18,0.94711915378495,43.4824027102245,0.922075931427502,0.872733208347771,469,0,0.914731249593006,0.914731249593006,NaN,0.3,0.865436838163732,700,335.508338349114,0.47929762621302,3,1,0,0,0,0,0,0,0,0,1
41,OpenSky,18,0.81048964761752,43.9543226321265,0.606513876923008,0.891043499850292,451,1,0.926999144899696,1,0.9,0.3,0.847962123608381,700,616.106445398016,0.880152064854308,5,0,0,0,1,0,0,0,0,1,1
41.1,OpenSky,17,0.922523210680714,42.5003830128083,0.467250092138905,0.895506571302964,422,0,0.906889402772986,0.906889402772986,NaN,0.3,0.878026249843742,700,532.527398693896,0.760753426705566,3,1,0,0,0,0,0,0,0,0,1
41.2,OpenSky,15,0.830357085059998,44.0879464162561,0.726799236590524,0.956389535635212,476,1,0.970780988875592,1,0.9,0.3,0.807683755499795,700,284.852330063717,0.406931900091024,5,0,0,0,1,0,0,0,0,1,1
41.3,OpenSky,16,1.0540145631262,42.73300857868,0.838661602897891,0.960067127056928,490,0,0.973244975128142,0.973244975128142,NaN,0.3,0.806442482203044,700,221.34884590852,0.316212637012171,3,1,0,0,0,0,0,0,0,0,1
41.4,OpenSky,15,0.819773608244038,45.0659539838353,0.860638938094503,0.928005146556802,400,1,0.910513448193057,1,0.9,0.3,0.87207058658867,700,593.568817153258,0.847955453076082,5,0,0,0,1,0,0,0,0,1,1
41.5,OpenSky,18,1.11838124268491,41.1057494053233,0.843654498287996,0.984377948689015,440,0,0.98128322562164,0.98128322562164,NaN,0.3,0.803152858788174,700,493.165517114496,0.704522167306423,3,1,0,0,0,0,0,0,0,0,1
41.6,OpenSky,17,0.861299446828075,44.3802198191966,0.702987788230357,0.808696374630905,359,1,0.796751571002706,1,0.9,0.3,1.17178931500881,700,373.007533245437,0.532867904636339,5,0,0,0,1,0,0,0,0,1,1
41.7,OpenSky,16,0.937292155523095,42.0603234634592,0.708611506287599,0.980884078151124,404,0,0.949242332361253,0.949242332361253,NaN,0.3,0.823187067417129,700,211.676472900146,0.302394961285923,3,1,0,0,0,0,0,0,0,0,1
41.8,OpenSky,17,0.843438367777491,44.5818916564729,0.960096757854683,0.877584355278618,426,1,0.898181518036674,1,0.9,0.3,0.893303029423846,700,406.785790052914,0.581122557218448,5,0,0,0,1,0,0,0,0,1,1
41.9,OpenSky,19,0.855552022671821,46.5085794933739,0.920804649746394,0.95128930825602,431,0,0.951688836531533,0.951688836531533,NaN,0.3,0.821005716641092,700,289.095422976925,0.412993461395607,3,1,0,0,0,0,0,0,0,0,1
42,OpenSky,15,0.908245586279776,41.3321020877687,0.918177436253711,0.891605546637965,415,0,0.898500716247437,0.898500716247437,NaN,0.3,0.892718941420551,700,236.654299534269,0.338077570763241,3,1,0,0,0,0,0,0,0,0,1
42.1,OpenSky,15,1.00707507364301,44.578841630884,0.847942825824839,0.894264331658831,493,0,0.929157102211417,0.929157102211417,NaN,0.3,0.845168445503753,700,416.056177932989,0.594365968475699,3,1,0,0,0,0,0,0,0,0,1
42.2,OpenSky,17,0.955187617799592,45.1638107636368,0.931803423785288,0.824933891016063,443,1,0.876930706980763,1,0.9,0.3,0.936314457958294,700,391.540197490814,0.559343139272592,5,0,0,0,1,0,0,0,0,1,1
42.3,OpenSky,18,1.0387528362921,44.8210755109571,0.528017372113562,0.849082776247738,300,0,0.775135460085985,0.775135460085985,NaN,0.306410153276854,1.25507655179668,1000,880.481674570431,0.880481674570431,3,1,0,0,0,0,0,0,0,0,0
42.4,OpenSky,19,0.905209315599518,41.6927294955477,0.675822947202415,0.933415087819634,406,1,0.919088108839155,1,0.9,0.3,0.85892060718102,600,384.724232493178,0.641207054155297,5,0,0,0,1,0,0,0,0,1,1
42.5,OpenSky,17,0.844458398652883,40.7265969372063,0.758842522900827,0.966805126120442,439,0,0.968684434500696,0.968684434500696,NaN,0.3,0.808825981782871,750,356.89773253605,0.4758636433814,3,1,0,0,0,0,0,0,0,0,1
42.6,OpenSky,16,0.904818050997984,42.3960892858709,0.781602771593101,0.916513221870432,467,1,0.944063858653189,1,0.9,0.3,0.828159667178934,600,475.426586077096,0.792377643461826,5,0,0,0,1,0,0,0,0,1,1
42.7,OpenSky,15,0.849965716292421,39.7058315413106,0.783082864803728,1,435,0,0.987625,0.987625,NaN,0.3,0.801378265625,600,316.111547033982,0.52685257838997,3,1,0,0,0,0,0,0,0,0,1
42.8,OpenSky,17,0.742278290793969,46.3961328419709,0.816934756805461,0.936585088679167,433,1,0.943487009415042,1,0.9,0.3,0.8287434629437,750,649.23038100488,0.865640508006506,5,0,0,0,1,0,0,0,0,1,1
42.9,OpenSky,20,0.790122790747624,40.6830803547087,0.790219559743778,0.9487669872968,431,0,0.949998881488856,0.949998881488856,NaN,0.3,0.822501006671289,750,301.100724057578,0.401467632076771,3,1,0,0,0,0,0,0,0,0,1
43,OpenSky,17,1.00394549450353,43.9032761783056,0.836641057325349,0.968690405620464,448,1,0.977372571765711,1,0.9,0.3,0.804608004576481,600,341.687120103417,0.569478533505695,5,0,0,0,1,0,0,0,0,1,1
43.1,OpenSky,16,0.952080842249243,41.918667464788,0.721795004745792,0.963006544060628,434,0,0.962014384520621,0.962014384520621,NaN,0.3,0.812986162850125,800,501.740566179946,0.627175707724932,3,1,0,0,0,0,0,0,0,0,1
43.2,OpenSky,18,0.93403448219534,42.4856984399475,0.630867768682955,0.7844784476503,466,1,0.855600559925701,1,0.9,0.3,0.98766078464394,800,204.909856339912,0.256137320424891,5,0,0,0,1,0,0,0,0,1,1
43.3,OpenSky,17,1.20148090539518,43.1763715164347,0.872954949700739,0.892731862483099,431,0,0.912455347863676,0.912455347863676,NaN,0.3,0.868976595059029,800,709.311222308365,0.886639027885457,3,1,0,0,0,0,0,0,0,0,1
43.4,OpenSky,16,1.05022498860792,44.3093681414488,0.818446619935073,0.993385552906469,431,1,0,1,0.9,NaN,NaN,600,592.732910944903,0.987888184908171,2,0,0,0,1,1,0,0,0,1,0
43.5,OpenSky,15,0.855572441466765,41.0970138588255,1.08142886878933,1,384,0,0.94555,0.94555,NaN,0.3,0.8266832225,700,441.981426010721,0.631402037158172,3,1,0,0,0,0,0,0,0,0,1
43.6,OpenSky,17,0.857116284163235,42.8268395201794,0.689917380606655,0.836977377998203,418,1,0.864374843258796,1,0.9,0.3,0.965547648269685,700,152.049160953632,0.217213087076617,5,0,0,0,1,0,0,0,0,1,1
43.7,OpenSky,17,0.915719458365534,42.8605654792479,0.770382684293409,0.930234128711449,480,0,0.953256866236671,0.953256866236671,NaN,0.3,0.819664284986149,700,572.558694308761,0.817940991869658,3,1,0,0,0,0,0,0,0,0,1
43.8,OpenSky,17,0.94427656698668,41.7055734746143,1.07872658264914,0.903521159099301,388,0.993361557075445,0.884209176596532,0.999231329227649,0.9,0.3,0.920667633060078,700,378.320750300983,0.54045821471569,5,0,0,0,1,0,0,0,0,1,1
43.9,OpenSky,17,0.825064707885315,38.9833409767537,0.752707426847374,0.897404740308175,411,0,0.899086176006477,0.899086176006477,NaN,0.3,0.891652398856962,850,544.427692867553,0.640503168079474,3,1,0,0,0,0,0,0,0,0,1
44,OpenSky,19,0.785163420176715,44.3968202367866,0.791853192270994,0.983308300428447,396,1,0.94426656128706,1,0.9,0.3,0.827955945716922,700,466.090387682479,0.665843410974971,5,0,0,0,1,0,0,0,0,1,1
44.1,OpenSky,16,0.965899567753116,41.7460405844749,0.700354340207346,0.822752830281802,460,0,0.881244396288808,0.881244396288808,NaN,0.3,0.926926040715288,850,462.071001429131,0.543612942857801,3,1,0,0,0,0,0,0,0,0,1
44.2,OpenSky,18,0.831876891948335,44.368960989409,1.08881547685503,0.834549282480706,403,1,0.850373019262073,1,0.9,0.3,1.00149410028273,850,312.309895386459,0.36742340633701,5,0,0,0,1,0,0,0,0,1,1
44.3,OpenSky,18,0.987598601426953,41.8064106959367,0.828335378090601,0.918630243649094,450,0,0.945482263244893,0.945482263244893,NaN,0.3,0.826749652588092,700,569.173463777303,0.81310494825329,3,1,0,0,0,0,0,0,0,0,1
44.4,OpenSky,18,0.788925014084821,42.3537727689339,0.767611591761166,1,437,1,0.989275,1,0.9,0.3,0.801035230625,700,353.856903839846,0.505509862628352,5,0,0,0,1,0,0,0,0,1,1
44.5,OpenSky,17,0.889377601791991,38.3458588050639,0.663821344202744,0.953730215327008,427,0,0.950024244269095,0.950024244269095,NaN,0.3,0.822478185447875,850,540.406681694872,0.635772566699849,3,1,0,0,0,0,0,0,0,0,1
44.6,OpenSky,16,0.867748218627119,44.1971360446017,0.795932825276552,0.896092750771233,479,1,0.930382143016726,1,0.9,0.3,0.843619814098492,700,371.737956092266,0.531054222988952,5,0,0,0,1,0,0,0,0,1,1
44.7,OpenSky,17,0.935203799801559,43.0383103125854,0.734441296487907,0.841295562498459,478,0,0.893668026873967,0.893668026873967,NaN,0.3,0.901758396579878,900,358.216456053165,0.398018284503517,3,1,0,0,0,0,0,0,0,0,1
44.8,OpenSky,17,0.861738936998898,45.0740653789924,0.882229781485638,0.794532321770275,368,1,0.794686655586084,1,0.9,0.3,1.17938212454985,600,461.243187800875,0.768738646334792,5,0,0,0,1,0,0,0,0,1,1
44.9,OpenSky,17,0.965984408800298,44.1290833052307,0.83239291144307,0.914516310587198,478,0,0.942725928093422,0.942725928093422,NaN,0.3,0.829522873814838,700,421.346436124347,0.601923480177639,3,1,0,0,0,0,0,0,0,0,1
45,OpenSky,18,1.01950632181916,44.3660619269502,0.903707611698779,0.914214595642511,418,1,0.916123779080482,1,0.9,0.3,0.863316983921658,700,223.316827980075,0.319024039971536,5,0,0,0,1,0,0,0,0,1,1
45.1,OpenSky,18,1.02404425699712,44.5985156817484,0.88259970000314,1,475,0,1,1,NaN,0.3,0.8,700,569.003008067178,0.812861440095968,3,1,0,0,0,0,0,0,0,0,1
45.2,OpenSky,15,1.17160691536332,43.1966328207809,0.688544833818074,0.868559953025118,492,0.973895976786801,0.911935168526829,0.997701153594958,0.9,0.3,0.869798730881582,700,153.325559135766,0.219036513051094,5,0,0,0,1,0,0,0,0,1,1
45.3,OpenSky,19,0.953095436055929,44.974663915066,0.973244826116316,1,386,0,0.9472,0.9472,NaN,0.3,0.82509056,700,596.29363065996,0.851848043799942,3,1,0,0,0,0,0,0,0,0,1
45.4,OpenSky,18,0.884132646388587,41.7401178137635,0.745269091638487,0.860135940121105,470,1,0.906291079881141,1,0.9,0.3,0.879032255388585,700,463.49612874229,0.6621373267747,5,0,0,0,1,0,0,0,0,1,1
45.5,OpenSky,19,0.78763903064494,43.4760983237205,0.778032694852307,0.7945637783953,420,0,0.837607731524851,0.837607731524851,NaN,0.3,1.03734123974454,900,695.137424966816,0.772374916629795,3,1,0,0,0,0,0,0,0,0,1
45.6,OpenSky,16,0.859571524510118,44.2996705166047,0.665021668503972,0.907422126282748,455,1,0.937972824609441,1,0.9,0.3,0.83462633438238,600,454.093788598379,0.756822980997299,5,0,0,0,1,0,0,0,0,1,1
45.7,OpenSky,19,0.89236732268633,42.4647608076732,0.768280101558972,0.880033188225047,488,0,0.919622236110782,0.919622236110782,NaN,0.3,0.858145264350478,750,341.8779357164,0.455837247621866,3,1,0,0,0,0,0,0,0,0,1
45.8,OpenSky,18,0.94022406860144,44.9367105773022,0.728319854994438,0.953051829824552,405,1,0.93141972598245,1,0.9,0.3,0.8423292858589,600,406.507931539587,0.677513219232644,5,0,0,0,1,0,0,0,0,1,1
45.9,OpenSky,18,1.09468607455476,44.2529021194449,0.688866878575678,0.952569947407494,446,0,0.964921864763021,0.964921864763021,NaN,0.3,0.811074280145334,700,322.630784565884,0.460901120808406,3,1,0,0,0,0,0,0,0,0,1
46,OpenSky,17,0.814700818688379,42.3615437344753,0.800743382345127,0.856318093493563,451,1,0.903733122640687,1,0.9,0.3,0.883405805088617,700,603.026346671499,0.861466209530713,5,0,0,0,1,0,0,0,0,1,1
46.1,OpenSky,17,0.897364543661595,41.467495053907,0.907278682908548,0.964908154215119,408,0,0.94183846332413,0.94183846332413,NaN,0.3,0.830444879136487,700,435.188794528266,0.621698277897523,3,1,0,0,0,0,0,0,0,0,1
46.2,OpenSky,17,0.726212677498701,42.5090681329292,0.774128114338043,0.894629280589571,445,1,0.925276617995013,1,0.9,0.3,0.850252254364369,700,347.284514790487,0.496120735414981,5,0,0,0,1,0,0,0,0,1,1
46.3,OpenSky,18,0.938556842766032,44.2651162807789,0.767773600277422,0.909451434095591,479,0,0.939332460844046,0.939332460844046,NaN,0.3,0.833124952765153,700,544.689717552489,0.778128167932127,3,1,0,0,0,0,0,0,0,0,1
46.4,OpenSky,17,1.0926387258256,44.5639505900895,0.837831845688976,0.804806211592168,481,1,0.869220161766752,1,0.9,0.3,0.95393029479483,700,468.912232307864,0.669874617582663,5,0,0,0,1,0,0,0,0,1,1
46.5,OpenSky,19,0.935467642693621,42.4603126190783,0.86768035679084,0.884183796369579,458,0,0.922403143567618,0.922403143567618,NaN,0.3,0.854191449153689,700,309.429834555056,0.442042620792937,3,1,0,0,0,0,0,0,0,0,1
46.6,OpenSky,17,0.952122858992077,42.0917695221746,0.936840741865888,0.962873773103208,442,1,0.968525427979149,1,0.9,0.3,0.808915838155061,700,370.523215548241,0.529318879354631,5,0,0,0,1,0,0,0,0,1,1
46.7,OpenSky,18,0.953320026331915,45.7593064832436,0.691627657047572,0.943526430529714,460,0,0.962162708454908,0.962162708454908,NaN,0.3,0.812884945683214,700,247.027745952674,0.352896779932391,3,1,0,0,0,0,0,0,0,0,1
46.8,OpenSky,17,0.97250823060473,43.8527052455192,0.876048874885184,0.872165987987382,441,1,0.906926211951546,1,0.9,0.3,0.877964570195197,700,636.821355248506,0.909744793212151,5,0,0,0,1,0,0,0,0,1,1
46.9,OpenSky,17,0.896353278945023,40.7189988888521,0.832193699732185,0.905348933334131,417,0,0.909358785333868,0.909358785333868,NaN,0.3,0.873942468165367,700,406.662276791268,0.580946109701812,3,1,0,0,0,0,0,0,0,0,1
47,OpenSky,20,0.925036112880342,46.2766838411886,0.702194175262168,0.820878652355289,440,1,0.871738697078044,1,0.9,0.3,0.948058656445141,700,304.26299594698,0.4346614227814,5,0,0,0,1,0,0,0,0,1,1
47.1,OpenSky,18,0.933629926324011,46.7586854722841,0.656014823563307,0.963613421281499,396,0,0.931070992258604,0.931070992258604,NaN,0.3,0.84276087297392,700,504.019816603827,0.720028309434039,3,1,0,0,0,0,0,0,0,0,1
47.2,OpenSky,17,0.949001666126161,41.8951760716556,0.692212144704695,0.963472419552771,428,1,0.957376521100357,1,0.9,0.3,0.816350848581575,700,246.409817230006,0.352014024614294,5,0,0,0,1,0,0,0,0,1,1
47.3,OpenSky,18,0.792046831508536,42.8227682676335,1.19604139698456,0.84633788368802,387,0,0.845071382070974,0.845071382070974,NaN,0.3,1.01602588988058,850,377.579260565487,0.444210894782925,3,1,0,0,0,0,0,0,0,0,1
47.4,OpenSky,16,1.00787835762461,43.8107685908114,0.703053681614595,0.905969331958317,440,1,0.928749452412072,1,0.9,0.3,0.845689764784216,600,389.739507183091,0.649565845305151,5,0,0,0,1,0,0,0,0,1,1
47.5,OpenSky,17,1.01775218786888,42.9210321537425,0.885636795787755,0.91262052492509,421,0,0.917530751699811,0.917530751699811,NaN,0.3,0.861210592236785,800,349.38829022506,0.436735362781325,3,1,0,0,0,0,0,0,0,0,1
47.6,OpenSky,17,0.909266958607291,41.4100717505842,0.827071690279606,0.822109491252967,446,0.999436872389747,0.877513359139488,0.999931024390644,0.9,0.3,0.935026794703628,600,452.072092306705,0.753453487177842,5,0,0,0,1,0,0,0,0,1,1
47.7,OpenSky,15,0.788082669007214,40.1709878508036,0.85928384001088,0.855449452128086,465,0,0.903151132925817,0.903151132925817,NaN,0.3,0.884417327481974,750,417.622088902326,0.556829451869767,3,1,0,0,0,0,0,0,0,0,1
47.8,OpenSky,17,0.949805198636939,41.3478549257174,0.892585050934949,0.865022462004283,402,0.992346449799878,0.86996504954287,0.999004770978906,0.9,0.3,0.952181795063495,750,392.426045035542,0.523234726714057,5,0,0,0,1,0,0,0,0,1,1
47.9,OpenSky,19,0.803998735863012,43.9669454916459,0.791299940138521,0.822314461918917,347,0,0.795975689485675,0.795975689485675,NaN,0.3,1.17463327352761,1000,777.83645657313,0.77783645657313,3,1,0,0,0,0,0,0,0,0,1
48,OpenSky,20,0.996850703120452,45.6539151558103,0.670228459405513,0.969356118005218,463,1,0.979468599063496,1,0.9,0.3,0.803793845819739,600,268.601511696689,0.447669186161149,5,0,0,0,1,0,0,0,0,1,1
48.1,OpenSky,16,0.834235401910048,41.0506044217327,1.07360357479266,0.804461682625339,478,0,0.868989327358977,0.868989327358977,NaN,0.3,0.95447416711268,800,338.429549837499,0.423036937296873,3,1,0,0,0,0,0,0,0,0,1
48.2,OpenSky,17,1.15623690076246,42.4936097943278,0.928105838580221,0.942757785731747,473,0.983279475083602,0.961647716440271,0.999358729687139,0.9,0.3,0.813238078888213,650,281.508560403704,0.433090092928775,5,0,0,0,1,0,0,0,0,1,1
48.3,OpenSky,17,0.93059996836746,42.4738884394842,0.819375265639881,0.883504402445136,387,0,0.869972949638241,0.869972949638241,NaN,0.3,0.952163304432015,800,586.52582442342,0.733157280529275,3,1,0,0,0,0,0,0,0,0,1
48.4,OpenSky,15,0.886840746724199,43.9711317508439,0.928367229641212,0.878549698100577,443,1,0.912853297727387,1,0.9,0.3,0.868350929452924,600,451.854404586931,0.753090674311551,5,0,0,0,1,0,0,0,0,1,1
48.5,OpenSky,16,1.01492220209444,42.1997274100211,0.680866386252286,0.95743363363896,395,0,0.926105534538104,0.926105534538104,NaN,0.3,0.849143528233095,700,435.129391347634,0.621613416210906,3,1,0,0,0,0,0,0,0,0,1
48.6,OpenSky,17,0.957033177785482,43.6374080286949,0.65648990215141,0.918861067205173,435,1,0.933261915027466,1,0.9,0.3,0.84008574787221,700,301.065475085214,0.430093535836019,5,0,0,0,1,0,0,0,0,1,1
48.7,OpenSky,17,0.858285089088455,40.8115199017756,0.767331336086536,0.94586307956889,379,0,0.905153263311156,0.905153263311156,NaN,0.3,0.880963131144706,700,449.012623263419,0.641446604662026,3,1,0,0,0,0,0,0,0,0,1
48.8,OpenSky,18,0.704544807876114,42.5116662060808,0.799561017744686,0.947138148329422,397,1,0.920857559380713,1,0.9,0.3,0.856371733164597,700,413.825202385033,0.591178860550046,5,0,0,0,1,0,0,0,0,1,1
48.9,OpenSky,16,0.981676245303718,41.6379168616342,0.835794093651129,0.839087127449759,420,0,0.867438375391339,0.867438375391339,NaN,0.3,0.958153258869989,900,723.783382549614,0.80420375838846,3,1,0,0,0,0,0,0,0,0,1
49,OpenSky,17,0.835390992273654,45.5869715643857,0.659891095233259,0.852436909509928,489,1,0.901132729371652,1,0.9,0.3,0.887972634813491,600,448.643009569049,0.747738349281748,5,0,0,0,1,0,0,0,0,1,1
49.1,OpenSky,16,0.86863476039504,41.0297470760061,0.720042097045,0.917518830489326,352,0,0.863887616427849,0.863887616427849,NaN,0.3,0.966739228655232,800,357.965046125094,0.447456307656367,3,1,0,0,0,0,0,0,0,0,1
49.2,OpenSky,18,0.981127286854176,45.7282415581789,0.827347482844738,0.833956065402417,442,1,0.882150563819619,1,0.9,0.3,0.924996406472303,600,412.725161554421,0.687875269257369,5,0,0,0,1,0,0,0,0,1,1
49.3,OpenSky,18,0.851499281503019,42.9124609592852,0.75930574481872,0.872286421962465,430,0,0.897931902714851,0.897931902714851,NaN,0.3,0.893761068350695,800,570.208965058365,0.712761206322956,3,1,0,0,0,0,0,0,0,0,1
49.4,OpenSky,16,1.00801661961225,44.4036700953522,0.778428326269505,0.819876884603864,435,1,0.866942512684589,1,0.9,0.3,0.959338654376218,650,396.487327162935,0.609980503327592,5,0,0,0,1,0,0,0,0,1,1
49.5,OpenSky,17,0.87396349935151,44.9537883868753,1.09618540263446,0.944147894141141,467,0,0.962579089074565,0.962579089074565,NaN,0.3,0.812602921170404,750,435.535219863222,0.580713626484297,3,1,0,0,0,0,0,0,0,0,1
49.6,OpenSky,17,0.927412662131696,42.8502855502096,0.795440328770364,0.80792109559119,447,1,0.868832134046097,1,0.9,0.3,0.954845081530109,750,305.681967045763,0.407575956061017,5,0,0,0,1,0,0,0,0,1,1
49.7,OpenSky,17,0.943309476668086,42.505025523368,0.669367193373533,0.912416055474653,432,0,0.926468757168017,0.926468757168017,NaN,0.3,0.848661593051744,750,616.673254514384,0.822231006019178,3,1,0,0,0,0,0,0,0,0,1
49.8,OpenSky,17,0.931082327938419,41.8981805646176,0.7619053826863,0.8271685415461,422,1,0.861102922835887,1,0.9,0.3,0.973631582402603,600,435.158415794884,0.725264026324807,5,0,0,0,1,0,0,0,0,1,1
49.9,OpenSky,16,0.74846703680458,41.4555408352776,0.838981241140023,0.977439108768267,477,0,0.984884202874739,0.984884202874739,NaN,0.3,0.802056385904588,600,200.204612212579,0.333674353687631,3,1,0,0,0,0,0,0,0,0,1
50,OpenSky,16,0.831717563110836,43.6318731460672,0.760422395251229,0.829035739705112,503,1,0,1,0.9,NaN,NaN,600,535.235765738768,0.892059609564613,2,0,0,0,1,1,0,0,0,1,0
50.1,OpenSky,16,0.751414291125825,42.937375438748,0.983804578792018,0.989273246991531,431,0,0.977138075484326,0.977138075484326,NaN,0.3,0.804704008333043,600,211.899815642584,0.353166359404307,3,1,0,0,0,0,0,0,0,0,1
50.2,OpenSky,18,0.913100428101161,43.5170116305421,0.794799809764913,0.926383951358547,457,1,0.950677247410226,1,0.9,0.3,0.821894605307288,600,487.601727475653,0.812669545792755,5,0,0,0,1,0,0,0,0,1,1
50.3,OpenSky,18,0.784133682808037,39.1759348443991,0.918550162609829,0.779005871082763,466,0,0.851933933625451,0.851933933625451,NaN,0.3,0.997312040104691,800,450.958418009043,0.563698022511304,3,1,0,0,0,0,0,0,0,0,1
50.4,OpenSky,16,0.835074119024855,42.5927326755307,0.830096270874405,0.937993126929241,430,1,0.941955395042592,1,0.9,0.3,0.830322585481954,800,405.775923704644,0.507219904630805,5,0,0,0,1,0,0,0,0,1,1
50.5,OpenSky,18,1.02166314627106,42.009860398054,0.717280448744211,1,414,0,0.9703,0.9703,NaN,0.3,0.80793881,800,232.211996919298,0.290264996149122,3,1,0,0,0,0,0,0,0,0,1
50.6,OpenSky,18,0.890402950551901,42.6655827455813,0.870055640858702,0.926152347911391,367,1,0.882047073100632,1,0.9,0.3,0.925216036677149,600,364.161845052895,0.606936408421491,5,0,0,0,1,0,0,0,0,1,1
50.7,OpenSky,17,1.03722877898113,42.5123091258335,0.798050020788317,0.884809108306243,433,0,0.908797102565183,0.908797102565183,NaN,0.3,0.874861716504552,800,522.641688774269,0.653302110967836,3,1,0,0,0,0,0,0,0,0,1
50.8,OpenSky,16,0.839357129620488,45.0907645040094,0.886688048512833,0.855208213816887,412,1,0.871639503257315,1,0.9,0.3,0.948287754116261,800,456.599569332176,0.57074946166522,5,0,0,0,1,0,0,0,0,1,1
50.9,OpenSky,17,0.860883484890662,42.1428622390879,0.975136791091928,0.871320836658875,416,0,0.885734960561446,0.885734960561446,NaN,0.3,0.917508493141048,800,372.168349149225,0.465210436436531,3,1,0,0,0,0,0,0,0,0,1
51,OpenSky,18,0.68474246428302,45.3643660974548,0.937121920529679,1,463,1,1,1,0.9,0.3,0.8,600,360.998862483812,0.601664770806353,5,0,0,0,1,0,0,0,0,1,1
51.1,OpenSky,17,0.972115046096969,40.314879703814,0.653433239738916,0.959927536800422,487,0,0.973151449656283,0.973151449656283,NaN,0.3,0.806487601900032,750,611.609361101576,0.815479148135435,3,1,0,0,0,0,0,0,0,0,1
51.2,OpenSky,16,0.931785786702743,42.9183662345771,0.751661147742222,0.922556609052253,428,1,0.929962928065009,1,0.9,0.3,0.844146723007043,600,455.804146893863,0.759673578156439,5,0,0,0,1,0,0,0,0,1,1
51.3,OpenSky,16,1.0107528175798,41.4522267336628,0.715126386774558,0.35,167,0,0.331025,0.331025,NaN,1.2988188765625,4.827747955625,1400,1151.85833729627,0.822755955211625,3,1,0,0,0,0,0,0,0,0,0
51.4,OpenSky,17,0.849901962870907,44.415369035108,0.792920303686814,0.895908088436793,400,1,0.889008419252652,1,0.9,0.3,0.910872178971157,600,482.655010760229,0.804425017933716,5,0,0,0,1,0,0,0,0,1,1
51.5,OpenSky,18,1.06172961800383,42.9577785529876,0.953294088413772,0.781850534979318,435,0,0.841464858436143,0.841464858436143,NaN,0.3,1.02620051999605,850,598.845834582869,0.704524511273964,3,1,0,0,0,0,0,0,0,0,1
51.6,OpenSky,17,0.954796783046748,42.8112131637295,0.847056444329491,0.95056258744936,480,1,0.966876933591071,1,0.9,0.3,0.809874237754973,650,471.281085937592,0.725047824519372,5,0,0,0,1,0,0,0,0,1,1
51.7,OpenSky,16,1.12621189201789,42.4265080550886,0.71306781682084,0.948996814661424,403,0,0.927052865823154,0.927052865823154,NaN,0.3,0.847891559461533,750,457.206596792439,0.609608795723252,3,1,0,0,0,0,0,0,0,0,1
51.8,OpenSky,17,0.824168447139041,44.5564147171325,0.723928536857097,0.898331721320266,415,1,0.903007253284578,1,0.9,0.3,0.884668336238618,750,293.275442905756,0.391033923874341,5,0,0,0,1,0,0,0,0,1,1
51.9,OpenSky,16,0.804855584289568,42.3913826446769,1.07437633789367,0.849631483715976,374,0,0.836553094089704,0.836553094089704,NaN,0.3,1.04043401946484,750,687.5064783432,0.916675304457601,3,1,0,0,0,0,0,0,0,0,1
52,OpenSky,16,0.872668646371817,46.3088246883211,0.960597213849109,0.929585572775202,399,1,0.910747333759386,1,0.9,0.3,0.871694345879527,600,514.589198309003,0.857648663848338,5,0,0,0,1,0,0,0,0,1,1
52.1,OpenSky,18,0.958540038878668,43.0353781508251,0.794135669523921,0.862418311040095,449,0,0.906995268396864,0.906995268396864,NaN,0.3,0.877848920905143,750,612.633182845848,0.816844243794464,3,1,0,0,0,0,0,0,0,0,1
52.2,OpenSky,17,0.968921466108955,40.6730099509008,1.03263156949605,0.967864293721632,396,0.978164312030049,0.933919076793493,0.998557077580096,0.9,0.3,0.839300195706418,750,487.580624663916,0.650107499551888,5,0,0,0,1,0,0,0,0,1,1
52.3,OpenSky,14,0.812197477416493,43.391329775975,0.8605168937238,0.872416305967753,401,0,0.874093924998395,0.874093924998395,NaN,0.3,0.942671057500789,750,337.279365402318,0.449705820536424,3,1,0,0,0,0,0,0,0,0,1
52.4,OpenSky,19,0.904849851042577,43.7489600154111,0.695779280529306,0.958721184445916,448,1,0.970693193578764,1,0.9,0.3,0.807730000123506,600,420.07879572198,0.7001313262033,5,0,0,0,1,0,0,0,0,1,1
52.5,OpenSky,18,0.877138794655921,43.200154236752,0.774008122272152,0.862945447658333,422,0,0.885073449931083,0.885073449931083,NaN,0.3,0.918873007196689,800,684.002139670862,0.855002674588577,3,1,0,0,0,0,0,0,0,0,1
52.6,OpenSky,16,0.959007849431838,41.9421890720376,0.903925990138527,0.84267685816693,409,0.998716926573633,0.860768494971843,0.999821355755785,0.9,0.3,0.974468707931651,600,492.488007325957,0.820813345543261,5,0,0,0,1,0,0,0,0,1,1
52.7,OpenSky,16,0.760036510398054,42.9371900198422,0.802056081063598,0.90552167488162,418,0,0.910299522170686,0.910299522170686,NaN,0.3,0.872415581505266,750,553.845898816543,0.738461198422058,3,1,0,0,0,0,0,0,0,0,1
52.8,OpenSky,17,0.956675138046049,46.3178638752943,0.618714290012225,1,442,1,0.9934,1,0.9,0.3,0.80039204,600,302.302405826818,0.503837343044697,5,0,0,0,1,0,0,0,0,1,1
52.9,OpenSky,18,0.903242309156647,42.4353372619176,0.708010075138933,0.893011157820546,377,0,0.868092475739766,0.868092475739766,NaN,0.3,0.956596354608179,950,842.584580885016,0.886931137773701,3,1,0,0,0,0,0,0,0,0,1
53,OpenSky,18,0.998105648228278,44.186094007884,0.722955031394109,0.80129968612117,487,1,0.866870789701184,1,0.9,0.3,0.959510479713077,600,427.705242311651,0.712842070519419,5,0,0,0,1,0,0,0,0,1,1
53.1,OpenSky,15,1.13640542838538,43.0946128276124,0.824819917606176,0.891576273414204,433,0,0.913331103187517,0.913331103187517,NaN,0.3,0.867603479072236,750,560.334884644807,0.747113179526409,3,1,0,0,0,0,0,0,0,0,1
53.2,OpenSky,17,1.04381757809511,41.5839771866363,0.60399563158547,1,374,0.991544263633253,0.9373,0.999469825329805,0.9,0.3,0.83538161,600,351.956347139138,0.586593911898564,5,0,0,0,1,0,0,0,0,1,1
53.3,OpenSky,16,0.766580969209741,43.3562740795403,0.770259988760947,0.865772053271411,484,0,0.910067275691845,0.910067275691845,NaN,0.3,0.872791054113379,850,728.03139800326,0.856507527062659,3,1,0,0,0,0,0,0,0,0,1
53.4,OpenSky,16,0.896558863492071,43.507162757068,0.7988779883351,0.869685138026789,374,1,0.849989042477949,1,0.9,0.3,1.00252958639014,600,499.23695399913,0.832061589998551,5,0,0,0,1,0,0,0,0,1,1
53.5,OpenSky,17,0.932856709479597,44.618646446368,1.00724438387156,1,392,0,0.95215,0.95215,NaN,0.3,0.8206066025,700,345.06533331651,0.492950476166443,3,1,0,0,0,0,0,0,0,0,1
53.6,OpenSky,16,0.872067453187877,43.9192122712389,0.779860911281942,0.989881671544915,435,1,0.980845719935093,1,0.9,0.3,0.803301978003244,700,537.789784316558,0.768271120452226,5,0,0,0,1,0,0,0,0,1,1
53.7,OpenSky,15,0.966754250198639,43.8912220696089,0.717771305051226,0.889748086165782,424,0,0.904681217731074,0.904681217731074,NaN,0.3,0.881771032279078,700,370.191318729591,0.528844741042273,3,1,0,0,0,0,0,0,0,0,1
53.8,OpenSky,18,0.941085953629738,43.8351535424214,0.717214574307017,0.846547317141842,417,1,0.869961702485034,1,0.9,0.3,0.952189629385317,700,260.650583934566,0.372357977049381,5,0,0,0,1,0,0,0,0,1,1
53.9,OpenSky,16,1.0388096289754,45.2571473529964,0.907823375639951,0.853078246882386,419,0,0.875987425411199,0.875987425411199,NaN,0.3,0.938412067905287,700,588.908299354094,0.841297570505849,3,1,0,0,0,0,0,0,0,0,1
54,OpenSky,14,1.02308618685489,42.0752533206137,0.604586497060888,0.890877803896152,459,0.955232553323452,0.926888128610422,0.996726968196144,0.9,0.3,0.848108111642776,700,324.804299099543,0.464006141570775,5,0,0,0,1,0,0,0,0,1,1
54.1,OpenSky,19,0.930233154678458,45.001976907517,0.670763459958044,0.854408689922829,419,0,0.876878822248295,0.876878822248295,NaN,0.3,0.936429419698701,700,340.352917978079,0.486218454254399,3,1,0,0,0,0,0,0,0,0,1
54.2,OpenSky,15,1.03718256878191,39.2693865811596,0.934278032396927,0.952837049594207,506,0.931947018719882,0.968400823228119,0.997849581814676,0.9,0.3,0.808986571753945,700,404.087563925323,0.577267948464747,5,0,0,0,1,0,0,0,0,1,1
54.3,OpenSky,15,0.941498047142038,43.9576984267856,0.838891698179106,0.913213916935414,418,0,0.915453324346728,0.915453324346728,NaN,0.3,0.864333263276177,850,690.315923292856,0.812136380344537,3,1,0,0,0,0,0,0,0,0,1
54.4,OpenSky,18,0.875638640695236,41.9060980270623,0.874940827106482,0.924443217434788,413,1,0.918851955681308,1,0.9,0.3,0.859265045870736,600,482.410135795927,0.804016892993211,5,0,0,0,1,0,0,0,0,1,1
54.5,OpenSky,18,0.897669973652377,43.3667622007425,0.664366109076423,0.9406330669114,438,0,0.950324154830638,0.950324154830638,NaN,0.3,0.822209206339614,700,534.105089188793,0.763007270269704,3,1,0,0,0,0,0,0,0,0,1
54.6,OpenSky,17,0.925181073217161,43.8483451676523,0.847939734386704,0.888808666772217,463,1,0.925501806737386,1,0.9,0.3,0.849949827194545,700,430.429621056808,0.614899458652583,5,0,0,0,1,0,0,0,0,1,1
54.7,OpenSky,18,0.884037107943008,43.4386981760212,0.873828926900907,0.878879048256415,414,0,0.889148962331798,0.889148962331798,NaN,0.3,0.910591572969055,850,595.014433786085,0.700016980924806,3,1,0,0,0,0,0,0,0,0,1
54.8,OpenSky,14,0.832948284095241,43.5300595351288,0.647604685781288,1,493,0.995343519911086,1,1,0.9,0.3,0.8,650,521.766832489349,0.802718203829768,5,0,0,0,1,0,0,0,0,1,1
54.9,OpenSky,18,1.00120701910716,42.2159684729327,0.696553676963229,0.84440049048932,445,0,0.891623328627844,0.891623328627844,NaN,0.3,0.905709526079374,750,508.607413788705,0.67814321838494,3,1,0,0,0,0,0,0,0,0,1
55,OpenSky,17,0.867199831801127,44.182569540256,0.82471558581077,1,442,1,0.9934,1,0.9,0.3,0.80039204,750,435.048356268383,0.580064475024511,5,0,0,0,1,0,0,0,0,1,1
55.1,OpenSky,18,0.812246008027442,43.2485368678558,0.85350873609971,0.88733043624336,436,0,0.912961392283051,0.912961392283051,NaN,0.3,0.868181473099744,750,392.320912748702,0.523094550331603,3,1,0,0,0,0,0,0,0,0,1
55.2,OpenSky,17,0.717658471231764,42.9085058338395,0.71911954767315,0.897053388930788,451,1,0.931025770583628,1,0.9,0.3,0.842816998912241,750,193.577065329403,0.258102753772538,5,0,0,0,1,0,0,0,0,1,1
55.3,OpenSky,15,0.769204419656978,43.3116580984152,0.674023123971566,0.904573696668117,469,0,0.936064376767639,0.936064376767639,NaN,0.3,0.836789875262994,750,325.052454648207,0.433403272864276,3,1,0,0,0,0,0,0,0,0,1
55.4,OpenSky,16,0.901916460693435,41.2570865765498,0.801300903831484,0.927959057409306,437,0.998931102065225,0.941007568464235,0.999936943111764,0.9,0.3,0.831320962806517,600,369.358224775254,0.615597041292091,5,0,0,0,1,0,0,0,0,1,1
55.5,OpenSky,17,0.809536377087151,42.9334414606723,0.782922734747889,0.934304900266291,422,0,0.932884283178415,0.932884283178415,NaN,0.3,0.840540675000277,800,681.150173671694,0.851437717089617,3,1,0,0,0,0,0,0,0,0,1
55.6,OpenSky,19,0.945237451011679,43.3903014723593,0.880413033233982,0.892737222503785,466,1,0.928133939077536,1,0.9,0.3,0.846482576412602,600,501.634680985403,0.836057801642338,5,0,0,0,1,0,0,0,0,1,1
55.7,OpenSky,18,0.82048641547988,41.787839705117,0.866773481446947,0.926900252201774,353,0,0.870998168975188,0.870998168975188,NaN,0.3,0.949773251669786,800,636.617760062977,0.795772200078722,3,1,0,0,0,0,0,0,0,0,1
55.8,OpenSky,16,0.820498757104411,42.3597249902915,0.848905877683227,0.948618160036224,422,1,0.94247416722427,1,0.9,0.3,0.829782992928871,600,523.195116310579,0.871991860517631,5,0,0,0,1,0,0,0,0,1,1
55.9,OpenSky,17,0.89347417405617,42.7162083702366,0.6407193619673,0.865156983937008,437,0,0.898930179237795,0.898930179237795,NaN,0.3,0.891935978020138,750,559.18176259738,0.745575683463174,3,1,0,0,0,0,0,0,0,0,1
56,OpenSky,14,1.01964445141722,42.4697592849051,0.912250925452442,0.847289602305747,425,0.953413538455956,0.87705903354485,0.99427261539405,0.9,0.3,0.936030331096336,750,288.069113772076,0.384092151696102,5,0,0,0,1,0,0,0,0,1,1
56.1,OpenSky,17,1.00445221585136,42.4105050924368,0.916020727900866,1,463,0,1,1,NaN,0.3,0.8,600,386.556077402016,0.644260129003359,3,1,0,0,0,0,0,0,0,0,1
56.2,OpenSky,19,1.04804769072366,43.2244698976689,0.87082269905255,0.944608838499767,466,1,0.962887921794844,1,0.9,0.3,0.81239575713835,700,223.395588907426,0.319136555582037,5,0,0,0,1,0,0,0,0,1,1
56.3,OpenSky,16,0.977845541474871,41.947110820677,0.71183575319972,0.966058144661918,447,0,0.974783956923485,0.974783956923485,NaN,0.3,0.80572263945593,700,632.964924835076,0.904235606907252,3,1,0,0,0,0,0,0,0,0,1
56.4,OpenSky,18,0.923419411460201,45.8882092966642,0.943552199877348,0.853723939047354,391,1,0.853320039161727,1,0.9,0.3,0.993635098203654,700,351.352898386237,0.501932711980338,5,0,0,0,1,0,0,0,0,1,1
56.5,OpenSky,16,0.91991559123392,41.8103765288692,1.0054710758205,0.96985702462411,416,0,0.951754206498154,0.951754206498154,NaN,0.3,0.820948909315605,850,283.433862953543,0.333451603474756,3,1,0,0,0,0,0,0,0,0,1
56.6,OpenSky,16,0.990278509805461,43.4188670937475,0.847304709531823,0.87493157599716,464,1,0.916204155918097,1,0.9,0.3,0.863195691368587,600,401.189648352188,0.668649413920314,5,0,0,0,1,0,0,0,0,1,1
56.7,OpenSky,15,0.963792011251792,41.4696679623055,0.937665254650258,0.939982515442493,416,0,0.931738285346471,0.931738285346471,NaN,0.3,0.841936955186959,750,527.902020971834,0.703869361295779,3,1,0,0,0,0,0,0,0,0,1
56.8,OpenSky,17,0.832360162809355,43.6573749881108,0.995992127405613,0.929767054546435,464,1,0.952943926546111,1,0.9,0.3,0.81992846644008,750,375.687464538712,0.500916619384949,5,0,0,0,1,0,0,0,0,1,1
56.9,OpenSky,15,1.10861898162213,43.7341068252422,0.820802856929708,0.951213049731733,448,0,0.965662743320261,0.965662743320261,NaN,0.3,0.810611424766612,750,227.664819634673,0.303553092846231,3,1,0,0,0,0,0,0,0,0,1
57,OpenSky,17,0.85672161085783,42.3725400044461,0.674741468336634,0.817861825418973,444,1,0.873017423030712,1,0.9,0.3,0.94512117368385,600,414.938869188296,0.691564781980494,5,0,0,0,1,0,0,0,0,1,1
57.1,OpenSky,16,0.913859210301657,40.9957752681814,0.800742594718603,0.92473452541631,401,0,0.909147132028928,0.909147132028928,NaN,0.3,0.874288192567122,800,713.197371992674,0.891496714990843,3,1,0,0,0,0,0,0,0,0,1
57.2,OpenSky,18,0.856551835242046,42.17348812092,0.843984779307527,0.949645021145825,424,1,0.944812164167703,1,0.9,0.3,0.827411275014673,600,505.730763045019,0.842884605075031,5,0,0,0,1,0,0,0,0,1,1
57.3,OpenSky,17,0.97035932515044,44.3190036961578,0.763326430728206,0.926065494255042,353,0,0.870438881150879,0.870438881150879,NaN,0.3,0.951074751656926,800,640.589702763744,0.800737128454679,3,1,0,0,0,0,0,0,0,0,1
57.4,OpenSky,18,1.07849691748991,42.4700126688263,0.724195586174745,0.986907642407403,486,0.996255510879636,0.99122812041296,0.999967153792321,0.9,0.3,0.800692512843406,600,359.982408658807,0.599970681098012,5,0,0,0,1,0,0,0,0,1,1
57.5,OpenSky,19,0.892552562704084,40.9632477837916,0.78550252335132,0.930624974048492,387,0,0.90154373261249,0.90154373261249,NaN,0.3,0.887242729290928,850,579.54073746704,0.681812632314164,3,1,0,0,0,0,0,0,0,0,1
57.6,OpenSky,19,0.784648871943402,42.3952895466316,0.947549021810531,0.910687434489938,468,1,0.940160581108258,1,0.9,0.3,0.832226804479712,650,282.159660153025,0.434091784850807,5,0,0,0,1,0,0,0,0,1,1
57.7,OpenSky,17,0.865100224945791,42.0914754022192,0.854517522037485,0.876827313771299,420,0,0.89272430022677,0.89272430022677,NaN,0.3,0.903572681856525,750,602.275925756847,0.803034567675796,3,1,0,0,0,0,0,0,0,0,1
57.8,OpenSky,17,0.812701456890212,45.7077587190653,0.919418978901386,0.90389512483981,415,1,0.906734733642673,1,0.9,0.3,0.878285689178329,600,410.787028912515,0.684645048187525,5,0,0,0,1,0,0,0,0,1,1
57.9,OpenSky,17,0.982038950949287,42.3959411568898,0.996943440258522,0.817642840102885,372,0,0.813470702868933,0.813470702868933,NaN,0.3,1.11313860819389,900,373.741009287479,0.415267788097199,3,1,0,0,0,0,0,0,0,0,1
58,OpenSky,18,0.821050334809648,43.4141364466746,0.86190276637888,0.97908637679931,453,1,0.985987872455538,1,0.9,0.3,0.801767057464901,600,452.218353040794,0.75369725506799,5,0,0,0,1,0,0,0,0,1,1
58.1,OpenSky,18,1.01298977167172,43.1083863272897,0.690331695554905,0.949471599505366,417,0,0.938920971668595,0.938920971668595,NaN,0.3,0.833575829317177,700,559.802335908069,0.799717622725814,3,1,0,0,0,0,0,0,0,0,1
58.2,OpenSky,18,0.784430021771157,40.7038133158132,0.895263766068362,0.839822771909508,448,1,0.891031257179371,1,0.9,0.3,0.906867682207176,700,413.308922198554,0.590441317426506,5,0,0,0,1,0,0,0,0,1,1
58.3,OpenSky,17,0.909373736131384,43.0991030258897,0.821565685436244,0.804685097841977,450,0,0.869139015554125,0.869139015554125,NaN,0.3,0.954121375251293,900,565.19627127983,0.627995856977589,3,1,0,0,0,0,0,0,0,0,1
58.4,OpenSky,18,0.874853304823922,44.3389090783868,0.709903176603153,0.97469096582262,385,1,0.929417947101156,1,0.9,0.3,0.844836435722737,700,411.097216176012,0.587281737394303,5,0,0,0,1,0,0,0,0,1,1
58.5,OpenSky,17,0.813430456028733,43.9581962293418,0.73482250226668,0.860718741086869,412,0,0.875331556528202,0.875331556528202,NaN,0.3,0.939879987179128,900,327.628799880549,0.364031999867277,3,1,0,0,0,0,0,0,0,0,1
58.6,OpenSky,17,1.08305729338465,42.9571128281511,0.979093680583444,0.923899774581555,516,0.996091688925167,0.949012848969642,0.999800726352954,0.9,0.3,0.823397206131733,600,525.082517558566,0.875137529264276,5,0,0,0,1,0,0,0,0,1,1
58.7,OpenSky,18,0.884800938293959,43.9374045857974,0.687628438080545,0.896522590159311,495,0,0.930670135406739,0.930670135406739,NaN,0.3,0.84325967112068,700,299.480591684063,0.427829416691518,3,1,0,0,0,0,0,0,0,0,1
58.8,OpenSky,18,0.9500616331213,42.726110971663,0.951728773575278,0.96609638452777,375,1,0.915409577633606,1,0.9,0.3,0.864399856005124,700,570.559635283903,0.815085193262718,5,0,0,0,1,0,0,0,0,1,1
58.9,OpenSky,18,0.811820099852528,40.0498539080119,0.820819016090548,0.888486900796951,457,0,0.925286223533957,0.925286223533957,NaN,0.3,0.85023933554436,700,496.502320518057,0.709289029311511,3,1,0,0,0,0,0,0,0,0,1
59,OpenSky,15,0.872349618187853,44.3021553573469,0.78760674424357,0.90802656681506,429,1,0.921052799766091,1,0.9,0.3,0.856093943822957,700,202.813705275613,0.289733864679446,5,0,0,0,1,0,0,0,0,1,1
59.1,OpenSky,17,0.853758174203551,40.199783370078,0.759077648180624,0.877646202494235,453,0,0.918022955671137,0.918022955671137,NaN,0.3,0.860482122172067,700,600.823438499883,0.858319197856975,3,1,0,0,0,0,0,0,0,0,1
59.2,OpenSky,18,0.896439227348267,40.2518455931802,0.758487901097581,0.880447713063179,452,0.987567649451393,0.91989996775233,0.999004168320142,0.9,0.3,0.8577441364947,700,504.256537992364,0.720366482846234,5,0,0,0,1,0,0,0,0,1,1
59.3,OpenSky,17,1.06838595035729,43.3815479032854,0.938568849958363,0.86900579984242,391,0,0.863558885894422,0.863558885894422,NaN,0.3,0.967545598565343,700,450.777016780975,0.643967166829965,3,1,0,0,0,0,0,0,0,0,1
59.4,OpenSky,16,0.984772933358772,42.5833974064891,0.765090095444936,0.928133184561618,429,1,0.934524233656284,1,0.9,0.3,0.838583683804672,700,318.989457488241,0.455699224983201,5,0,0,0,1,0,0,0,0,1,1
59.5,OpenSky,15,0.880841177578596,41.3506162548805,0.690736529407717,0.983561330682932,460,0,0.988986091557565,0.988986091557565,NaN,0.3,0.801091755612605,700,646.352891549895,0.923361273642707,3,1,0,0,0,0,0,0,0,0,1
59.6,OpenSky,17,0.896084476031277,43.5723004468547,1.03857805094692,0.900469345072278,369,1,0.866489461198426,1,0.9,0.3,0.960425575739778,700,528.798577087577,0.755426538696539,5,0,0,0,1,0,0,0,0,1,1
59.7,OpenSky,16,0.89681670762361,40.7771399153533,0.815199442013392,0.878613405817009,446,0,0.915370981897396,0.915370981897396,NaN,0.3,0.864458636345097,700,451.098128379973,0.644425897685675,3,1,0,0,0,0,0,0,0,0,1
59.8,OpenSky,17,1.00971023751344,41.7135519028612,0.857040752981913,0.923550646551904,412,0.991026703502233,0.917428933189776,0.999259065335375,0.9,0.3,0.861361829667607,700,333.039809895675,0.475771156993821,5,0,0,0,1,0,0,0,0,1,1
59.9,OpenSky,16,1.0137789483587,44.9819387958213,0.936480714814099,0.919110667545355,438,0,0.935904147255388,0.935904147255388,NaN,0.3,0.836974505051531,700,518.472704036593,0.740675291480847,3,1,0,0,0,0,0,0,0,0,1
60,UrbanCanyon,7,2.89940186745262,24.984385728978,4.91340784895174,0.891474970584517,310,0.177952093700756,0.811788230291626,0.845280908770356,6.10610208200777,0.3,1.11881303231082,850,80.7651536512205,0.0950178278249653,5,0,1,0,0,0,0,0,0,0,1
60.1,UrbanCanyon,8,3.26179562228241,27.1704335331364,5.26825930226424,0.688896596817711,327,0,0.690085719867866,0.690085719867866,NaN,0.420117152574547,1.66442174926837,1000,667.172643241848,0.667172643241848,3,1,0,0,0,0,0,0,0,0,0
60.2,UrbanCanyon,11,2.9980526458543,26.0619596994885,3.9562866034605,0.708112513998109,334,0,0.708735384378733,0.708735384378733,NaN,0.392087690782511,1.56351568681704,1000,608.519551548423,0.608519551548423,3,1,0,0,0,0,0,0,0,0,0
60.3,UrbanCanyon,9,2.66042115029363,26.2824746982429,5.82397297494324,0.743274021607033,308,0,0.710843594476712,0.710843594476712,NaN,0.38902856713787,1.55250284169633,1000,591.62817436593,0.59162817436593,3,1,0,0,0,0,0,0,0,0,0
60.4,UrbanCanyon,7,2.42967270411291,29.4749356893894,5.60997143537653,0.766411014838619,326,0.218123215046291,0.741195379941874,0.797646675737786,5.59065045479639,0.347449578408577,1.40281848227088,1000,315.576528367251,0.315576528367251,5,0,1,0,0,0,0,0,0,0,0
60.5,UrbanCanyon,6,2.86083432694225,28.3208032489253,5.18311577157647,0.664640454772418,298,0,0.64990910469752,0.64990910469752,NaN,0.48640908743423,1.90307271476323,1000,917.725804193441,0.917725804193441,3,1,0,0,0,0,0,0,0,0,0
60.6,UrbanCanyon,7,3.3050173390466,28.576371645264,4.02384897705421,0.873765705014608,272,0,0.768573022359787,0.768573022359787,NaN,0.313896114949209,1.28202601381715,1000,718.67311512097,0.71867311512097,3,1,0,0,0,0,0,0,0,0,0
60.7,UrbanCanyon,8,2.80627673783196,28.8409727580215,4.53854762951828,0.882467666450521,367,0,0.852778336521849,0.852778336521849,NaN,0.3,0.995067963775465,1000,147.528385916012,0.147528385916012,3,1,0,0,0,0,0,0,0,0,1
60.8,UrbanCanyon,7,3.12974370274599,29.5654839061485,4.02002470403637,0.797332276345354,289,0.207800212453922,0.731387625151387,0.787205333712682,5.72064402710441,0.360381519804529,1.4493734712963,1000,337.016354226502,0.337016354226502,5,0,1,0,0,0,0,0,0,0,0
60.9,UrbanCanyon,7,2.89577279604776,26.5966453882427,3.9784824169457,0.715505246099396,326,0,0.707088514886596,0.707088514886596,NaN,0.39449284527835,1.57217424300206,1000,617.974472289548,0.617974472289547,3,1,0,0,0,0,0,0,0,0,0
61,UrbanCanyon,8,2.79296738562155,27.8878433107997,6.6184758654143,0.81940028748878,277,0.202641981418742,0.736273192617482,0.789715315418715,5.78623847836664,0.353879572330439,1.42596646038958,1000,534.101792174887,0.534101792174888,5,0,1,0,0,0,0,0,0,0,0
61.1,UrbanCanyon,9,2.59532943980191,27.4234157626975,5.261513893325,0.745264717047365,290,0,0.697327360421734,0.697327360421734,NaN,0.409026816873187,1.62449654074347,1000,436.30926671618,0.43630926671618,3,1,0,0,0,0,0,0,0,0,0
61.2,UrbanCanyon,6,3.37091531545555,26.4270506223429,4.92219497749744,0.808340369475419,361,0.163773152429094,0.798163047548531,0.831218521528189,6.294202724787,0.3,1.16664339837407,1000,338.883523745129,0.338883523745129,5,0,1,0,0,0,0,0,0,0,1
61.3,UrbanCanyon,9,2.82352494184349,30.7688791011921,5.18624426727362,0.820122397218318,340,0,0.788732006136273,0.788732006136273,NaN,0.3,1.20170748708083,1000,718.364934084668,0.718364934084668,3,1,0,0,0,0,0,0,0,0,1
61.4,UrbanCanyon,8,3.18609466190633,29.3983359207647,4.54143339635818,0.754246569926633,356,0.213199375660343,0.757795201850844,0.809433113598184,5.6524417796902,0.326657910616183,1.32796847821826,1000,232.819556777913,0.232819556777913,5,0,1,0,0,0,0,0,0,0,0
61.5,UrbanCanyon,9,2.41976758085985,31.237725239496,5.0769007859704,0.681954679469099,343,0,0.698634635244297,0.698634635244297,NaN,0.407052707685845,1.61738974766904,1000,815.527646457593,0.815527646457593,3,1,0,0,0,0,0,0,0,0,0
61.6,UrbanCanyon,7,2.99107047702814,28.0470093012029,5.1237471354644,0.773580205071245,310,0.194368531678683,0.732798737397734,0.784734254472427,5.89233650199649,0.358491286840613,1.44256863262621,1000,533.693844794161,0.533693844794161,5,0,1,0,0,0,0,0,0,0,0
61.7,UrbanCanyon,8,3.022046297771,27.9614437702093,5.63950155974967,0.76829470666432,337,0,0.751532453465095,0.751532453465095,NaN,0.334340304202688,1.35562509512968,1000,257.851536945713,0.257851536945713,3,1,0,0,0,0,0,0,0,0,0
61.8,UrbanCanyon,10,2.9901655586301,29.8703168509287,5.09680234755929,0.293868116180456,127,0,0.260416637840906,0.260416637840906,NaN,1.54745887395638,5.72285194624295,1450,1240.545905329,0.855548900226898,3,1,0,0,0,0,0,0,0,0,0
61.9,UrbanCanyon,8,2.93086608936714,31.1107904622722,5.74415904551349,0.738464182269533,311,0,0.710096002120587,0.710096002120587,NaN,0.390110819966167,1.5563989518782,1000,895.910784144682,0.895910784144682,3,1,0,0,0,0,0,0,0,0,0
62,UrbanCanyon,9,2.77851140019848,30.8883585339737,4.89477778618343,0.843395203227324,317,0.243441153600585,0.785349786162307,0.837604481839567,5.27905030452171,0.3,1.21467242870511,1000,182.26622534757,0.18226622534757,5,0,1,0,0,0,0,0,0,0,1
62.1,UrbanCanyon,4,3.0921701221584,30.0343799847947,4.4914509226352,0.852155653845731,333,0,0.80441928807664,0.80441928807664,NaN,0.3,1.14426633388804,1000,794.13544526626,0.79413544526626,3,1,0,0,0,0,0,0,0,0,1
62.2,UrbanCanyon,9,3.27053730963186,29.7962878301238,4.79770956142313,0.840066005510755,370,0.223561673524654,0.826844223692206,0.865555218824037,5.52285179855868,0.3,1.06984630581879,1000,599.789981803552,0.599789981803552,5,0,1,0,0,0,0,0,0,0,1
62.3,UrbanCanyon,7,2.8690321339401,28.4885150661664,4.25250229276423,0.804262885198951,372,0,0.804506133083297,0.804506133083297,NaN,0.3,1.14396066801841,1000,423.916464613111,0.42391646461311,3,1,0,0,0,0,0,0,0,0,1
62.4,UrbanCanyon,9,3.08202180271169,28.7442228451329,4.43368311615267,0.782114826228421,347,0.223729929069222,0.769041933573042,0.82071416539271,5.520761784183,0.313354071119197,1.28007465602911,1000,70.8036786311114,0.0708036786311114,5,0,1,0,0,0,0,0,0,0,0
62.5,UrbanCanyon,6,2.69330844392073,30.1728163903059,5.35143168653522,0.859851403693789,329,0,0.806275440474839,0.806275440474839,NaN,0.3,1.13776284466896,1000,160.852848313158,0.160852848313158,3,1,0,0,0,0,0,0,0,0,1
62.6,UrbanCanyon,8,3.22391143284168,28.5443115712899,5.63971520551319,0.262406658700789,152,0.200138363113228,0.259962461329529,0.408072362961379,5.8182291053055,1.54913889660362,5.72890002777304,1400,1311.32675025513,0.936661964467948,5,0,1,0,0,0,0,0,0,0,0
62.7,UrbanCanyon,7,2.93414489193816,26.7111249513859,4.86344694343985,0.860907123650669,294,0,0.778107772845948,0.778107772845948,NaN,0.303090401178464,1.24312544424247,900,436.750909443433,0.485278788270481,3,1,0,0,0,0,0,0,0,0,0
62.8,UrbanCanyon,8,2.32962957742992,30.2353525750998,5.97196568406106,0.891795923223091,307,0.236145824289711,0.809528268559471,0.854507372584383,5.36778561400036,0.3,1.12651532430158,900,258.126314624248,0.286807016249165,5,0,1,0,0,0,0,0,0,0,1
62.9,UrbanCanyon,6,3.10922991977574,28.8000504175013,4.62726592631295,0.752685543419036,307,0,0.716324314090754,0.716324314090754,NaN,0.381179736940202,1.52424705298473,900,647.263823036947,0.719182025596608,3,1,0,0,0,0,0,0,0,0,0
63,UrbanCanyon,7,3.16433993960801,28.7222548666326,6.1324887238475,0.752454048045655,320,0,0.726894212190589,0.726894212190589,NaN,0.366466928337498,1.47128094201499,900,262.054953288496,0.291172170320551,3,1,0,0,0,0,0,0,0,0,0
63.1,UrbanCanyon,7,2.81809218379352,28.7959978467093,5.22658534073571,0.797717172816069,333,0,0.767945505786766,0.767945505786766,NaN,0.314623220711399,1.28464359456104,900,564.292220010999,0.626991355567777,3,1,0,0,0,0,0,0,0,0,0
63.2,UrbanCanyon,8,2.49912490865588,25.5816355701885,4.33960245649323,0.701353147767507,404,0.209209763831306,0.76195660900423,0.811757610616058,5.70279358095791,0.321661639991913,1.30998190397089,900,523.048398440021,0.581164887155579,5,0,1,0,0,0,0,0,0,0,0
63.3,UrbanCanyon,7,2.9160169860954,27.8415383337015,6.02291212609537,0.838982431236471,375,0,0.830243228928435,0.830243228928435,NaN,0.3,1.05935625192179,900,82.8303075704048,0.0920336750782276,3,1,0,0,0,0,0,0,0,0,1
63.4,UrbanCanyon,7,3.18379976294298,29.1163425872238,4.95492254273513,0.702453224178517,312,0.197360702513524,0.686793660199606,0.748608283454302,5.85383873495667,0.425245528227899,1.68288390162044,900,786.980192734528,0.874422436371698,5,0,1,0,0,0,0,0,0,0,0
63.5,UrbanCanyon,6,3.54043282212936,30.440240163387,4.98378398164111,0.797140702519619,311,0,0.749409270688144,0.749409270688144,NaN,0.336989284042619,1.36516142255343,900,697.183739556241,0.774648599506935,3,1,0,0,0,0,0,0,0,0,0
63.6,UrbanCanyon,7,2.41954427448713,27.8779045291538,5.66686983990104,0.773858822589929,334,0.207619648178142,0.752785411135252,0.804112017099855,5.72293297562666,0.332787632368916,1.3500354765281,900,490.119291561011,0.544576990623346,5,0,1,0,0,0,0,0,0,0,0
63.7,UrbanCanyon,8,3.09090665831883,30.86693151019,3.58363761984906,0.284040167903076,167,0,0.286831912495061,0.286831912495061,NaN,1.45152180258863,5.37747848931908,1500,1349.40856202448,0.899605708016318,3,1,0,0,0,0,0,0,0,0,0
63.8,UrbanCanyon,9,2.91228563903417,31.040589382335,4.68789971981413,0.739080262526966,346,0.241869991680631,0.739383775893067,0.802419019849648,5.29808887611461,0.349802040669388,1.4112873464098,950,550.715450859991,0.579700474589464,5,0,1,0,0,0,0,0,0,0,0
63.9,UrbanCanyon,9,2.69156945865592,30.2008728314151,5.20303124928952,0.687590345384383,317,0,0.680960531407537,0.680960531407537,NaN,0.434465456299403,1.71607564267785,1100,867.740866423875,0.788855333112613,3,1,0,0,0,0,0,0,0,0,0
64,UrbanCanyon,7,4.68378024186791,19.872170555103,8.26896667717889,0.776460288297788,323,0.0928853591265219,0.745453393159518,0.769097046150334,7.28285577349615,0.341984937635007,1.38314577548603,1100,601.058314144507,0.546416649222279,5,0,1,0,0,0,0,0,0,0,0
64.1,UrbanCanyon,8,3.85259447763638,29.5439033288392,4.15826759086083,0.784892469264674,328,0,0.755227954407331,0.755227954407331,NaN,0.329783385759049,1.33922018873258,1100,242.115733177631,0.220105211979664,3,1,0,0,0,0,0,0,0,0,0
64.2,UrbanCanyon,9,2.99590745804906,27.1192058067653,4.30433781449543,0.767902722106543,321,0.216169492005017,0.738069823811384,0.794691136938862,5.61512212210938,0.351518542995499,1.4174667547838,1100,290.065576529873,0.263695978663521,5,0,1,0,0,0,0,0,0,0,0
64.3,UrbanCanyon,6,2.83689286261163,29.1518038473829,4.67638017798327,0.924102016557187,370,0,0.883148351093315,0.883148351093315,NaN,0.3,0.9228887706699,800,239.345914930192,0.29918239366274,3,1,0,0,0,0,0,0,0,0,1
64.4,UrbanCanyon,7,2.83520922154348,28.5304912807154,4.1848087413109,0.876846502389398,328,0.207887795618998,0.816837156600897,0.854914476354444,5.71953395463464,0.3,1.1019376448184,800,146.761551226451,0.183451939033064,5,0,1,0,0,0,0,0,0,0,1
64.5,UrbanCanyon,8,2.67313279557871,27.8449149355526,5.0457489762622,0.828307411284621,349,0,0.801640965560696,0.801640965560696,NaN,0.3,1.15411675889324,800,614.910840808884,0.768638551011106,3,1,0,0,0,0,0,0,0,0,1
64.6,UrbanCanyon,6,2.68795243281174,29.4306074336102,5.39819514070737,0.77475613846227,371,0.199232209178053,0.783911612769721,0.826963379535332,5.82983243854289,0.3,1.22024771986205,800,555.287770515645,0.694109713144556,5,0,1,0,0,0,0,0,0,0,1
64.7,UrbanCanyon,7,3.2110936525063,27.6712961415175,5.00201697751981,0.715252092522154,406,0,0.772918901989843,0.772918901989843,NaN,0.308914562683746,1.26409242566149,950,649.436342431976,0.683617202559974,3,1,0,0,0,0,0,0,0,0,0
64.8,UrbanCanyon,11,2.6063700868841,29.4463371965869,5.21907099218894,0.78830470400342,347,0,0.773189151682291,0.773189151682291,NaN,0.308607902286497,1.26298844823139,950,589.390127989762,0.620410661041855,3,1,0,0,0,0,0,0,0,0,0
64.9,UrbanCanyon,7,3.26941455421732,28.7602064223732,5.48818500193228,0.834082646124566,327,0,0.787360372903459,0.787360372903459,NaN,0.3,1.2069404991058,950,412.506507291486,0.434217376096301,3,1,0,0,0,0,0,0,0,0,1
65,UrbanCanyon,7,5.515238366691,21.7239013543981,10.0400769259103,0.803074432330807,334,0.0887303961295263,0.772359869661641,0.792558468601541,7.343298327506,0.309550072351163,1.26638026046419,950,249.729398138482,0.262873050672086,5,0,1,0,0,0,0,0,0,0,0
65.1,UrbanCanyon,8,2.9873165085934,31.0791116433244,5.99457124061386,0.835433346319922,296,0,0.762690342034348,0.762690342034348,NaN,0.320789684409437,1.30684286387397,950,685.946407529612,0.72204885003117,3,1,0,0,0,0,0,0,0,0,0
65.2,UrbanCanyon,9,2.92216788509345,27.4585952634162,4.0183980253132,0.839942606850406,302,0.2224101759245,0.770661546589772,0.821668752358994,5.53716747604613,0.311490315531488,1.27336513591336,950,390.15837160934,0.410693022746674,5,0,1,0,0,0,0,0,0,0,0
65.3,UrbanCanyon,6,3.07521056114392,28.9341296107412,6.07093171872058,0.276521238744974,140,0,0.259519229959133,0.259519229959133,NaN,1.55077942700079,5.73480593720284,1450,1356.53496729609,0.935541356755924,3,1,0,0,0,0,0,0,0,0,0
65.4,UrbanCanyon,8,3.02562357546334,29.5409802103329,5.6136800558974,0.23798515170269,150,0.211997027525514,0.241950051640802,0.402654387408821,5.66758947702901,1.61659931051846,5.97175751786644,1450,1291.60301569295,0.890760700477895,5,0,1,0,0,0,0,0,0,0,0
65.5,UrbanCanyon,6,3.60618158949721,30.3905459932063,6.63226304634405,0.802172138005221,323,0,0.762680332463498,0.762680332463498,NaN,0.320801561499089,1.30688562139672,900,209.158130927816,0.232397923253129,3,1,0,0,0,0,0,0,0,0,0
65.6,UrbanCanyon,9,2.87802535459885,29.7282425677392,5.8003399460111,0.802439552368619,319,0.227785694941643,0.759559500086975,0.81432840645178,5.47051946349409,0.324529084996063,1.32030470598583,900,148.274285515434,0.16474920612826,5,0,1,0,0,0,0,0,0,0,0
65.7,UrbanCanyon,8,2.94589906945422,31.4906179015563,5.91552333282516,0.918160327936652,308,0,0.828017419717557,0.828017419717557,NaN,0.3,1.06620207128546,900,309.700863754626,0.344112070838474,3,1,0,0,0,0,0,0,0,0,1
65.8,UrbanCanyon,7,4.98573852054127,21.4532990833007,10.880450632684,0.811164814749937,317,0.0910504941173271,0.763755425882457,0.785265611088397,7.30951363395484,0.319528746999948,1.30230348919981,900,209.361985817769,0.23262442868641,5,0,1,0,0,0,0,0,0,0,0
65.9,UrbanCanyon,7,2.70561682814574,28.3153092596114,5.52455674323855,0.762254107168205,313,0,0.727685251802698,0.727685251802698,NaN,0.3653883052144,1.46739789877184,900,517.43007302148,0.5749223033572,3,1,0,0,0,0,0,0,0,0,0
66,UrbanCanyon,8,3.06330122954655,28.1108835181805,5.82882249323858,0.697009031720524,345,0,0.710371051252751,0.710371051252751,NaN,0.389712319881091,1.55496435157193,1050,651.943805422582,0.620898862307221,3,1,0,0,0,0,0,0,0,0,0
66.1,UrbanCanyon,8,3.19819327533223,30.1324795464344,4.87299663018506,0.761280707060318,325,0,0.736933073730413,0.736933073730413,NaN,0.35301051924232,1.42283786927235,1050,45.5781724017872,0.0434077832397974,3,1,0,0,0,0,0,0,0,0,0
66.2,UrbanCanyon,8,2.97128968079729,29.4172387157833,4.30209579227778,0.737197978549197,318,0.220566439570837,0.715022645627962,0.777879086040119,5.56013340098626,0.383030231262216,1.53090883254398,1050,727.416790736229,0.692777895939265,5,0,1,0,0,0,0,0,0,0,0
66.3,UrbanCanyon,7,2.91501123026584,30.7877379770241,5.5267781588666,0.709018202445887,340,0,0.714292195638744,0.714292195638744,NaN,0.384072373682324,1.53466054525637,1050,523.651114913187,0.498715347536368,3,1,0,0,0,0,0,0,0,0,0
66.4,UrbanCanyon,6,3.00996021385618,30.0695222916163,5.22723700612645,0.825660510824947,281,0.195144913758726,0.743767542252714,0.793770003121995,5.88233367878759,0.344137681008036,1.39089565162893,1050,927.447160621048,0.883283010115284,5,0,1,0,0,0,0,0,0,0,0
66.5,UrbanCanyon,10,3.12176184380357,28.1349805420486,5.35804016074491,0.29285956579026,123,0,0.256440909079474,0.256440909079474,NaN,1.5622003042264,5.77592109521503,1450,1300.14827085791,0.896653979902007,3,1,0,0,0,0,0,0,0,0,0
66.6,UrbanCanyon,9,3.17119305348925,28.9908734110863,3.65610791333067,0.724726902787715,284,0.228500332824618,0.678617024867769,0.75205314164965,5.4616938916138,0.43821754176211,1.7295831503436,1000,717.753945807916,0.717753945807916,5,0,1,0,0,0,0,0,0,0,0
66.7,UrbanCanyon,7,2.9369929851345,30.0409572586632,4.76103847467929,0.722621383039275,307,0,0.696181326636314,0.696181326636314,NaN,0.410764465711175,1.63075207656023,1000,389.079148227292,0.389079148227292,3,1,0,0,0,0,0,0,0,0,0
66.8,UrbanCanyon,7,3.44523963939278,30.4469360963225,3.93922615226627,0.806723880302382,368,0.206498728973404,0.802854999802596,0.843565191766821,5.73715413696659,0.3,1.14979535992551,1000,294.613252650232,0.294613252650232,5,0,1,0,0,0,0,0,0,0,1
66.9,UrbanCanyon,6,3.03694524877921,28.2303778685472,4.17690981174565,0.781209003851485,293,0,0.723885032580495,0.723885032580495,NaN,0.370598688082686,1.48615527709767,1000,570.699780796802,0.570699780796802,3,1,0,0,0,0,0,0,0,0,0
67,UrbanCanyon,7,3.08635816931965,31.8780150468606,5.98237438821151,0.790060502996041,266,0.212418133916526,0.707540537007348,0.769664230382476,5.66228156626821,0.393831343734876,1.56979283744556,1000,482.293082565952,0.482293082565952,5,0,1,0,0,0,0,0,0,0,0
67.1,UrbanCanyon,7,2.88356375770393,27.7087594238207,6.23066573805192,0.76713985453233,370,0,0.777983702536661,0.777983702536661,NaN,0.303228090848325,1.24362112705397,1000,544.770282445777,0.544770282445777,3,1,0,0,0,0,0,0,0,0,0
67.2,UrbanCanyon,11,3.07313201788076,30.7201912431648,4.73573330440603,0.670114341369299,317,0.257988034762843,0.66925160871743,0.754580736185392,5.10465405244086,0.45348624584002,1.78455048502407,1000,462.877760289701,0.462877760289701,5,0,1,0,0,0,0,0,0,0,0
67.3,UrbanCanyon,7,2.52266532145608,26.8970959287813,5.75017414809,0.784187449266036,329,0,0.755580591008244,0.755580591008244,NaN,0.329352118729698,1.33766762742691,1000,240.401094497437,0.240401094497437,3,1,0,0,0,0,0,0,0,0,0
67.4,UrbanCanyon,7,2.84422843378732,28.4392519487603,7.81965244794148,0.800162371858802,362,0.18836331397402,0.793508789145397,0.832404157928478,5.97003288082588,0.3,1.1837475814418,1000,779.953417203871,0.779953417203871,5,0,1,0,0,0,0,0,0,0,1
67.5,UrbanCanyon,8,3.34579193936965,28.6135738422223,4.74511085496056,0.677821864752871,300,0,0.660390649384424,0.660390649384424,NaN,0.468336277563834,1.8380105992298,1000,756.39709552376,0.75639709552376,3,1,0,0,0,0,0,0,0,0,0
67.6,UrbanCanyon,10,2.95525044688662,27.0020179607124,7.22890962896002,0.824023937246113,329,0.21243668400321,0.782271037954896,0.828524656663219,5.66204781363088,0.3,1.22665310821915,1000,481.136589468199,0.481136589468199,5,0,1,0,0,0,0,0,0,0,1
67.7,UrbanCanyon,10,3.33300821020956,28.6891221643781,5.35161635660525,0.90085450758697,303,0,0.81229752008327,0.81229752008327,NaN,0.3,1.11708998870201,1000,228.495039439738,0.228495039439738,3,1,0,0,0,0,0,0,0,0,1
67.8,UrbanCanyon,9,3.58792072061039,27.9991313506535,5.81188114740977,0.707338222190936,371,0.198601584855287,0.738741608867927,0.790627939403499,5.83791535837166,0.350639867342298,1.41430352243227,1000,640.397123170238,0.640397123170238,5,0,1,0,0,0,0,0,0,0,0
67.9,UrbanCanyon,7,3.02697462691398,27.5955542501337,4.17871600608198,0.642074212993254,319,0,0.65211472270548,0.65211472270548,NaN,0.482560415395712,1.88921749542456,1000,654.178800001082,0.654178800001082,3,1,0,0,0,0,0,0,0,0,0
68,UrbanCanyon,8,2.89785328546706,28.9827175767326,6.38984909009285,0.793395385133601,320,0,0.754324908039513,0.754324908039513,NaN,0.330890627024485,1.34320625728815,1000,400.560341284146,0.400560341284146,3,1,0,0,0,0,0,0,0,0,0
68.1,UrbanCanyon,8,3.4847904909328,33.0187440667912,4.59168275261242,0.764055056278561,295,0,0.714041887706636,0.714041887706636,NaN,0.38443010496596,1.53594837787746,1000,784.565294443378,0.784565294443378,3,1,0,0,0,0,0,0,0,0,0
68.2,UrbanCanyon,7,3.38412239289113,30.0231284822149,4.86194186849368,0.782769568872784,324,0.199021234614974,0.750505611144765,0.800160292444243,5.83253586078176,0.335618625175618,1.36022705063222,1000,772.767927371496,0.772767927371496,5,0,1,0,0,0,0,0,0,0,0
68.3,UrbanCanyon,8,3.00221361975936,31.6074430277127,5.52230216720823,0.827023238587695,317,0,0.774380569853756,0.774380569853756,NaN,0.30726031814879,1.25813714533564,1000,320.650082050514,0.320650082050514,3,1,0,0,0,0,0,0,0,0,0
68.4,UrbanCanyon,7,3.01060322347824,25.9256050590794,5.98245336985995,0.758312802481318,314,0.175153088696587,0.725869577662483,0.773884367840599,6.14297941669425,0.367868721127363,1.47632739605851,1000,691.499606383791,0.691499606383791,5,0,1,0,0,0,0,0,0,0,0
68.5,UrbanCanyon,10,2.92810351955223,28.4532647578769,4.67991305862972,0.77189629781194,361,0,0.773745519534,0.773745519534,NaN,0.307977724827349,1.26071980937846,1000,352.761723909854,0.352761723909854,3,1,0,0,0,0,0,0,0,0,0
68.6,UrbanCanyon,7,3.03117583696408,28.5581359665773,5.9556993935968,0.784997524680484,325,0.192109145434626,0.752823341535924,0.800308238164844,5.92150106312296,0.332740751223666,1.3498667044052,1000,86.4937406219447,0.0864937406219447,5,0,1,0,0,0,0,0,0,0,0
68.7,UrbanCanyon,8,3.71788187406931,28.0577055131645,4.18548022398674,0.22122783250117,138,0,0.220822647775784,0.220822647775784,NaN,1.69779336554785,6.26405611597226,1500,1391.21789700276,0.927478598001838,3,1,0,0,0,0,0,0,0,0,0
68.8,UrbanCanyon,7,2.80873880122045,27.1203334091085,4.41650188908878,0.687237852076743,356,0.19779469616179,0.712899360891418,0.769686344571756,5.84826679604923,0.386066942441391,1.54184099278901,950,319.648528529875,0.336472135294606,5,0,1,0,0,0,0,0,0,0,0
68.9,UrbanCanyon,8,2.86290851643637,29.9708571410443,4.03221846881551,0.885017668357078,329,0,0.823136837799243,0.823136837799243,NaN,0.3,1.08152520329286,950,80.2384958336528,0.0844615745617398,3,1,0,0,0,0,0,0,0,0,1
69,UrbanCanyon,10,2.63406537337561,28.5914504851604,4.74537509539004,0.821911380926152,294,0.245049528376273,0.751980625220522,0.812757656038411,5.2596017168391,0.333784025665008,1.35362249239403,950,153.322234246698,0.16139182552284,5,0,1,0,0,0,0,0,0,0,0
69.1,UrbanCanyon,9,3.38330494337818,29.3848919244546,5.30298736200981,0.761748961044477,363,0,0.768596803899799,0.768596803899799,NaN,0.31386859791347,1.28192695248849,950,66.6629634480694,0.070171540471652,3,1,0,0,0,0,0,0,0,0,0
69.2,UrbanCanyon,6,5.72234605750617,20.9186755630772,11.0597078783378,0.724508733665423,339,0.0674573049452825,0.723845851555833,0.742474466159336,7.65708702479933,0.370652784257307,1.48635002332631,950,741.533285140801,0.780561352779791,5,0,1,0,0,0,0,0,0,0,0
69.3,UrbanCanyon,7,3.14473271405339,28.0422559481701,4.24289244631929,0.754977901306414,299,0,0.711260193875298,0.711260193875298,NaN,0.388426689102327,1.55033608076838,950,92.8648064594723,0.0977524278520761,3,1,0,0,0,0,0,0,0,0,0
69.4,UrbanCanyon,7,3.54692528899126,29.3409137245538,5.79730083636413,0.832344251194697,340,0.185514912760931,0.796920648300447,0.834594896514536,6.00708765867866,0.3,1.1711710077804,950,341.58060762426,0.359558534341326,5,0,1,0,0,0,0,0,0,0,1
69.5,UrbanCanyon,9,3.10545159785376,29.366821662409,6.8009044576002,0.796375969653666,318,0,0.754671899667956,0.754671899667956,NaN,0.330464692031323,1.34167289131276,950,734.38623375586,0.773038140795642,3,1,0,0,0,0,0,0,0,0,0
69.6,UrbanCanyon,6,3.4458570372799,28.4941235658357,4.32159263780363,0.860748958232122,346,0.179495946072804,0.820901802015522,0.85304920250268,6.08581522008771,0.3,1.08868548069159,950,537.697065577129,0.56599691113382,5,0,1,0,0,0,0,0,0,0,1
69.7,UrbanCanyon,7,3.28477154201887,31.2573924767194,4.2446346490266,0.833002721520046,339,0,0.796536823418431,0.796536823418431,NaN,0.3,1.17257537802197,950,442.838729940193,0.466146031515993,3,1,0,0,0,0,0,0,0,0,1
69.8,UrbanCanyon,6,6.04800777733571,19.6910455543834,9.76141624563157,0.772424491758677,333,0.0615902485247437,0.750999409478313,0.766335417731352,7.74490289331082,0.335003235200372,1.35801164672134,950,350.412480243903,0.368855242362003,5,0,1,0,0,0,0,0,0,0,0
69.9,UrbanCanyon,7,3.07288915032014,29.8568097547548,4.78590206577751,0.767705858454963,378,0,0.784962925164826,0.784962925164826,NaN,0.3,1.21616849198302,950,721.159353544188,0.759115108993883,3,1,0,0,0,0,0,0,0,0,1
70,UrbanCanyon,9,3.07299222677455,27.6916418413989,4.34902880934719,0.719058354288977,395,0.21758105133443,0.766394097373615,0.817222315264992,5.59743528984748,0.31642929435472,1.29114545967699,950,291.79970574269,0.307157584992305,5,0,1,0,0,0,0,0,0,0,0
70.1,UrbanCanyon,9,3.21144051924857,28.141320085544,4.28954817012671,0.857056235757834,336,0,0.810177677957749,0.810177677957749,NaN,0.3,1.12429262550961,950,797.77401439977,0.839762120420811,3,1,0,0,0,0,0,0,0,0,1
70.2,UrbanCanyon,9,3.30425823816839,29.3777713954923,5.91932882378922,0.816344622746381,354,0.213654925560897,0.797750897240076,0.840962414235006,5.64670860875711,0.3,1.16814229610475,950,141.393191342958,0.148834938255745,5,0,1,0,0,0,0,0,0,0,1
70.3,UrbanCanyon,7,4.00868485233945,30.4115566044873,4.47935711771792,0.785826848773293,355,0,0.778128988678106,0.778128988678106,NaN,0.3030668641625,1.243040710985,950,123.024230043055,0.129499189519005,3,1,0,0,0,0,0,0,0,0,0
70.4,UrbanCanyon,7,2.42689766045517,29.0582745283858,4.92602556286584,0.763431116473898,329,0.219377619678653,0.741673848037512,0.798344824355789,5.57497040526853,0.346831001969366,1.40059160708972,950,569.097082478839,0.599049560504041,5,0,1,0,0,0,0,0,0,0,0
70.5,UrbanCanyon,9,3.3170418459078,29.4648467033605,4.91262434633623,0.792244650001968,318,0,0.751903915501319,0.751903915501319,NaN,0.333879167858942,1.35396500429219,950,418.139136459949,0.440146459431525,3,1,0,0,0,0,0,0,0,0,0
70.6,UrbanCanyon,8,3.29670405778001,27.5774843481242,4.61427487389082,0.768067960059429,342,0.197972015304322,0.755505533239817,0.803908595555086,5.84599110588009,0.329443860690865,1.33799789848711,950,195.873394371511,0.206182520391064,5,0,1,0,0,0,0,0,0,0,0
70.7,UrbanCanyon,6,3.174229589181,28.3732561522337,4.39919771395018,0.720683532131221,273,0,0.666832966527918,0.666832966527918,NaN,0.457500680481468,1.79900244973329,950,836.375153379431,0.880394898294138,3,1,0,0,0,0,0,0,0,0,0
70.8,UrbanCanyon,8,3.02804128449977,28.3314398647528,4.15783574588828,0.769449755871373,328,0.212837748566361,0.74488133643382,0.799180218404504,5.65699528065661,0.342713831249485,1.38576979249815,950,605.322612788483,0.637181697672087,5,0,1,0,0,0,0,0,0,0,0
70.9,UrbanCanyon,9,3.33134383412804,30.6068686403719,4.74680082324546,0.797256640990884,272,0,0.717311949463892,0.717311949463892,NaN,0.379781334789762,1.51921280524314,950,158.152591709134,0.166476412325404,3,1,0,0,0,0,0,0,0,0,0
71,UrbanCanyon,6,5.7174874329434,21.0951205234951,10.7279914723325,0.771413671324365,316,0.0694111517660831,0.736297159787324,0.754601077650474,7.62796483565862,0.35384796984058,1.42585269142609,950,239.544186608466,0.252151775377332,5,0,1,0,0,0,0,0,0,0,0
71.1,UrbanCanyon,7,3.07375326199463,27.4204115698212,4.7919234260648,0.755019798632482,369,0,0.769038265083763,0.769038265083763,NaN,0.313358307488795,1.28008990695966,950,646.772433305562,0.680813087690066,3,1,0,0,0,0,0,0,0,0,0
71.2,UrbanCanyon,8,2.99584911977719,28.7537970831281,6.0342735508412,0.835229848606468,294,0.205416207179323,0.760903998566333,0.810018192332579,5.75090723050635,0.32291724475392,1.31450208111411,950,451.85160369377,0.475633267046074,5,0,1,0,0,0,0,0,0,0,0
71.3,UrbanCanyon,6,2.81786550438795,30.4233459571148,4.61195338332899,0.745364100299136,367,0,0.760918947200421,0.760918947200421,NaN,0.322899374519388,1.3144377482698,950,431.015881471394,0.453700927864626,3,1,0,0,0,0,0,0,0,0,0
71.4,UrbanCanyon,8,2.87456197555111,27.8568309648846,4.73018627856731,0.771859257956023,337,0.210201190935261,0.753920702830535,0.805646864160069,5.69025727040064,0.331387551238544,1.34499518445876,950,224.934865631557,0.236773542770059,5,0,1,0,0,0,0,0,0,0,0
71.5,UrbanCanyon,8,3.04863028618641,27.2900498881489,5.27004834230562,0.787798802791041,377,0,0.797600197869997,0.797600197869997,NaN,0.3,1.16869111912038,950,218.219146360667,0.229704364590176,3,1,0,0,0,0,0,0,0,0,1
71.6,UrbanCanyon,7,2.82079422323176,30.2256912407971,5.34711001672901,0.747311492532632,383,0.212261159441264,0.775423699996864,0.823092525818559,5.66425984739858,0.306086286307747,1.25391063070789,950,546.948166022392,0.575734911602518,5,0,1,0,0,0,0,0,0,0,0
71.7,UrbanCanyon,7,2.99448054417315,29.8053164852526,5.54874955486034,0.816687004726254,317,0,0.76745529316659,0.76745529316659,NaN,0.315192601690591,1.28669336608613,950,571.699984413529,0.601789457277399,3,1,0,0,0,0,0,0,0,0,0
71.8,UrbanCanyon,8,3.29165723894465,28.1852226994354,4.71229053808823,0.694696335870397,358,0.201486206520313,0.719546545033166,0.776054047779949,5.80099422701856,0.376635351007085,1.5078872636255,950,497.029995741629,0.523189469201715,5,0,1,0,0,0,0,0,0,0,0
71.9,UrbanCanyon,8,2.39820026239071,30.7215991882185,5.30939350222181,0.762101483809977,299,0,0.716032994152685,0.716032994152685,NaN,0.381593151024723,1.525735343689,1100,966.782874312148,0.878893522101953,3,1,0,0,0,0,0,0,0,0,0
72,UrbanCanyon,7,2.86659934961201,28.6288336548485,5.4577981549084,0.803322354489648,316,0.199782332366216,0.757675977508064,0.806088035909867,5.82278652474603,0.32680232969168,1.32848838689005,900,318.127957380476,0.353475508200529,5,0,1,0,0,0,0,0,0,0,0
72.1,UrbanCanyon,10,4.04374641392104,28.2619477897879,4.17805464064082,0.854333752306577,410,0,0.869403614045407,0.869403614045407,NaN,0.3,0.953498744219609,900,340.565638274024,0.378406264748916,3,1,0,0,0,0,0,0,0,0,1
72.2,UrbanCanyon,6,2.78620094537556,29.4015188054607,5.28721814766819,0.77256585755746,332,0.196715787239696,0.750269124563498,0.799395130323048,5.86212421175953,0.335913775365704,1.36128959131653,900,665.753675107535,0.739726305675039,5,0,1,0,0,0,0,0,0,0,0
72.3,UrbanCanyon,7,2.95124397074121,30.3697548309609,4.39481631869597,0.788570516551919,366,0,0.789042246089785,0.789042246089785,NaN,0.3,1.20052856541358,900,445.90558592904,0.495450651032266,3,1,0,0,0,0,0,0,0,0,1
72.4,UrbanCanyon,10,2.7953148204584,28.1936320185808,4.77591480009483,0.84437318821875,407,0.237349179743502,0.860255036106563,0.893423388659955,5.35309018910327,0.3,0.975757894402203,900,535.347653732959,0.594830726369954,5,0,1,0,0,0,0,0,0,0,1
72.5,UrbanCanyon,8,2.85830251617323,31.5760929774445,4.80110329091483,0.88961790945951,300,0,0.802293999337872,0.802293999337872,NaN,0.3,1.15178896428032,900,200.868425666655,0.223187139629617,3,1,0,0,0,0,0,0,0,0,1
72.6,UrbanCanyon,9,2.99223775990151,27.6093607544513,4.8068727234204,0.79966925273067,377,0.216269649664107,0.805553399329549,0.847606297534924,5.61386609630097,0.3,1.14028532461064,900,170.725466062625,0.189694962291806,5,0,1,0,0,0,0,0,0,0,1
72.7,UrbanCanyon,9,2.56773575233997,29.2564894992164,3.95044393732153,0.750612413547869,369,0,0.766085317077072,0.766085317077072,NaN,0.316790197217335,1.2924447099824,900,518.107350196352,0.575674833551502,3,1,0,0,0,0,0,0,0,0,0
72.8,UrbanCanyon,7,4.92716522329233,19.886277129933,9.81012467652331,0.769401492687463,335,0.0848433143544236,0.7506240001006,0.771781886452514,7.40009407425437,0.335470973314564,1.35969550393243,900,483.579633308564,0.537310703676182,5,0,1,0,0,0,0,0,0,0,0
72.9,UrbanCanyon,9,3.20982204997813,30.5915867635318,5.36926410226249,0.729740100057384,341,0,0.729000867038447,0.729000867038447,NaN,0.363601325164783,1.46096477059322,1050,611.285053762442,0.582176241678516,3,1,0,0,0,0,0,0,0,0,0
73,UrbanCanyon,7,3.12807235574657,27.4588629876985,4.60886067311255,0.79289057856335,305,0.189993542683187,0.741611687637444,0.790703798491136,5.94888368715947,0.346911299913924,1.40088067969013,1050,606.331728990448,0.577458789514712,5,0,1,0,0,0,0,0,0,0,0
73.1,UrbanCanyon,9,3.11778189849451,26.4991094504851,4.43987984401933,0.801464325554752,302,0,0.744881098121684,0.744881098121684,NaN,0.342714135238995,1.38577088686038,1050,517.470997594432,0.492829521518506,3,1,0,0,0,0,0,0,0,0,0
73.2,UrbanCanyon,8,3.54000409162701,28.8105359729332,4.93596660642117,0.766102944865689,302,0.1984719079589,0.721188973060012,0.776525129536771,5.83957825864837,0.374338971858327,1.49962029868998,1050,704.846385811713,0.671282272201631,5,0,1,0,0,0,0,0,0,0,0
73.3,UrbanCanyon,9,2.99285770657992,28.2841957340662,4.36656873674018,0.90154875139419,350,0,0.851537663434107,0.851537663434107,NaN,0.3,0.998369588407439,850,203.727206428261,0.239679066386189,3,1,0,0,0,0,0,0,0,0,1
73.4,UrbanCanyon,8,2.80128967189151,30.1082421190649,5.22500620517532,0.792332423570773,352,0.224209560574355,0.780012723792418,0.829335974322869,5.51480644723389,0.300986004233077,1.23554961523908,850,190.272988741133,0.223850574989569,5,0,1,0,0,0,0,0,0,0,0
73.5,UrbanCanyon,9,3.0116315058054,29.0838288240671,4.76297871608756,0.871815807174775,371,0,0.848941590807099,0.848941590807099,NaN,0.3,1.00536778689101,850,150.601784842421,0.177178570402848,3,1,0,0,0,0,0,0,0,0,1
73.6,UrbanCanyon,8,3.02423203076708,26.9487659024416,5.34667732429592,0.794596422340841,400,0.196398816304098,0.821129602968364,0.856259537217221,5.86619889949963,0.3,1.0879515704083,850,593.1459653028,0.697818782709177,5,0,1,0,0,0,0,0,0,0,1
73.7,UrbanCanyon,8,2.93861622857913,31.058299701673,3.71386624411649,0.852498630294604,327,0,0.799699082297385,0.799699082297385,NaN,0.3,1.16108411869259,850,596.093152731432,0.701286062036979,3,1,0,0,0,0,0,0,0,0,1
73.8,UrbanCanyon,10,2.55019502680051,28.8974249661909,5.15071734136303,0.811696499182491,320,0.247286772996137,0.766586654452269,0.824306687447,5.23261761685255,0.316204474699461,1.29033610891806,850,380.637213654299,0.447808486652116,5,0,1,0,0,0,0,0,0,0,0
73.9,UrbanCanyon,8,3.20868054210146,29.7881552940804,4.00433643694723,0.790306017288679,284,0,0.722555031583415,0.722555031583415,NaN,0.3724392762492,1.49278139449712,850,594.897753543198,0.699879710050821,3,1,0,0,0,0,0,0,0,0,0
74,UrbanCanyon,9,2.93086489947891,29.947398803437,5.93236094726429,0.813825385898739,306,0.227060130208238,0.756463008552155,0.811760549540825,5.47948833850965,0.328275665508669,1.33379239583121,850,349.26843693585,0.410904043453941,5,0,1,0,0,0,0,0,0,0,0
74.1,UrbanCanyon,8,2.89948864865736,29.559200384994,4.37389005900388,0.791254294661868,273,0,0.714115377423452,0.714115377423452,NaN,0.384325043564339,1.53557015683162,1000,712.632267276444,0.712632267276444,3,1,0,0,0,0,0,0,0,0,0
74.2,UrbanCanyon,6,2.64941526529515,28.4147687583324,6.14576319612343,0.79253844608802,390,0.189785045781956,0.811500758878974,0.847275095984992,5.95158617630837,0.3,1.11978767512883,1000,90.9513624301779,0.0909513624301779,5,0,1,0,0,0,0,0,0,0,1
74.3,UrbanCanyon,10,2.80006046386348,29.700409541117,6.33685554221594,0.67356303843492,351,0,0.699612235751396,0.699612235751396,NaN,0.405582022275687,1.61209528019247,1000,675.667933084519,0.675667933084519,3,1,0,0,0,0,0,0,0,0,0
74.4,UrbanCanyon,8,2.94929861762495,29.4390231979018,5.6399644839126,0.810002973860308,266,0.213266867131197,0.720901992486406,0.78042435017139,5.65159217882849,0.374739244495145,1.50106128018252,1000,383.051372981393,0.383051372981393,5,0,1,0,0,0,0,0,0,0,0
74.5,UrbanCanyon,10,2.75178645160599,28.3215425985995,4.56905410329827,0.747115352227715,257,0,0.671342285992569,0.671342285992569,NaN,0.450039732441475,1.77214303678931,1000,458.967240933557,0.458967240933557,3,1,0,0,0,0,0,0,0,0,0
74.6,UrbanCanyon,9,3.50622611238129,31.6571378946782,6.97005868867429,0.772116219734084,261,0.219050550076036,0.691392867221836,0.758993429414281,5.57905634669234,0.418095906003898,1.65714526161403,1000,946.311632350518,0.946311632350518,5,0,1,0,0,0,0,0,0,0,0
74.7,UrbanCanyon,8,3.31158008048211,29.6782218277744,4.76681263790594,0.704321797318446,343,0,0.713620604203359,0.713620604203359,NaN,0.385032895842123,1.53811842503164,1000,691.792691999149,0.69179269199915,3,1,0,0,0,0,0,0,0,0,0
74.8,UrbanCanyon,9,2.80063649009503,27.3881136289876,5.53246224159504,0.815163683605133,404,0.216009118934539,0.838209668015439,0.873157855079551,5.61713361275039,0.3,1.03558500371307,1000,38.424897361656,0.038424897361656,5,0,1,0,0,0,0,0,0,0,1
74.9,UrbanCanyon,8,3.57046360222014,28.1346850865322,5.33336648880198,0.841084430493782,380,0,0.835776568430834,0.835776568430834,NaN,0.3,1.04272401928717,1000,379.508658610401,0.379508658610401,3,1,0,0,0,0,0,0,0,0,1
75,UrbanCanyon,6,3.0401113042264,28.5693442168531,5.53333506867756,0.798164278561319,336,0.182715076374148,0.770720066636084,0.812612967171731,6.04363717108891,0.311423219608405,1.27312359059026,1000,201.36692366371,0.20136692366371,5,0,1,0,0,0,0,0,0,0,0
75.1,UrbanCanyon,9,2.91490403555504,29.1522160036609,5.52384591210716,0.795045345109922,290,0,0.730680381223648,0.730680381223648,NaN,0.361332642644599,1.45279751352056,1000,606.753331482233,0.606753331482233,3,1,0,0,0,0,0,0,0,0,0
75.2,UrbanCanyon,8,2.96606395691141,28.3881796801462,5.29562609080795,0.816443485607899,318,0.207771884893224,0.768117135357293,0.816295875218548,5.72100309092508,0.31442415728727,1.28392696623417,1000,316.829860559248,0.316829860559248,5,0,1,0,0,0,0,0,0,0,0
75.3,UrbanCanyon,7,3.17933876438798,27.2628510020905,5.6871538226274,0.751478625781187,384,0,0.779040679273395,0.779040679273395,NaN,0.302057553539906,1.23940719274366,1000,316.058751136061,0.316058751136061,3,1,0,0,0,0,0,0,0,0,0
75.4,UrbanCanyon,9,3.25328192033488,27.7695981665665,5.60915703271955,0.746302942475942,306,0.205919134425929,0.711222971458881,0.77068768721816,5.74451536856693,0.388480430532595,1.55052954991734,1000,859.372661989183,0.859372661989183,5,0,1,0,0,0,0,0,0,0,0
75.5,UrbanCanyon,9,3.02466787795145,28.1943861058507,6.38008970944506,0.668486072609516,273,0,0.631860668648376,0.631860668648376,NaN,0.518816418220053,2.01973910559219,1000,743.13491983776,0.74313491983776,3,1,0,0,0,0,0,0,0,0,0
75.6,UrbanCanyon,9,2.92590362274287,32.9107424493729,5.10958892400285,0.836992224534124,289,0,0.757959790437863,0.757959790437863,NaN,0.326458657612208,1.32725116740395,1000,551.809901569128,0.551809901569128,3,1,0,0,0,0,0,0,0,0,0
75.7,UrbanCanyon,9,3.00592433767518,29.2530946818374,4.05682895527467,0.810824088643526,350,0,0.790752139391162,0.790752139391162,NaN,0.3,1.19406200452438,1000,434.939538743244,0.434939538743244,3,1,0,0,0,0,0,0,0,0,1
75.8,UrbanCanyon,8,3.55707549672892,30.3729145658683,5.65882106150306,0.926783297555605,345,0.204293771285881,0.864319809362255,0.892038427196428,5.76518721931556,0.3,0.965682027183452,800,69.9682372182812,0.0874602965228515,5,0,1,0,0,0,0,0,0,0,1
75.9,UrbanCanyon,8,3.46511561100892,28.7601222861731,4.93538208538374,0.737475094040433,363,0,0.75233331300709,0.75233331300709,NaN,0.33334696961511,1.35204909061439,950,543.194863308466,0.57178406664049,3,1,0,0,0,0,0,0,0,0,0
76,UrbanCanyon,8,3.30600586861889,29.6745461620966,5.18486012022896,0.826812109149917,360,0,0.809714113130444,0.809714113130444,NaN,0.3,1.1258784686756,950,158.824631201944,0.167183822317836,3,1,0,0,0,0,0,0,0,0,1
76.1,UrbanCanyon,9,2.88491384823292,25.5708489281373,4.83367701272998,0.276484960610743,140,0,0.259494923609198,0.259494923609198,NaN,1.55086942040137,5.73512991344493,1450,1320.30060333448,0.910552140230679,3,1,0,0,0,0,0,0,0,0,0
76.2,UrbanCanyon,9,3.15523896368707,28.387238995159,4.29818775237352,0.865852957411297,339,0.220371630417106,0.818546481465569,0.858533689189922,5.56256315726785,0.3,1.09632841449672,850,262.602017342533,0.308943549814745,5,0,1,0,0,0,0,0,0,0,1
76.3,UrbanCanyon,10,3.19478236515574,29.0050445005502,5.82664904200482,0.865693167829154,333,0,0.813489422445533,0.813489422445533,NaN,0.3,1.11307575985731,850,469.350333913938,0.552176863428163,3,1,0,0,0,0,0,0,0,0,1
76.4,UrbanCanyon,7,2.63778354287089,27.3338368656217,4.58951639656165,0.665530525391602,291,0.20324271332502,0.644730452012374,0.716936398907132,5.77857739095741,0.495541129318331,1.93594806554599,1150,1124.63855222345,0.977946567150822,5,0,1,0,0,0,0,0,0,0,0
76.5,UrbanCanyon,8,3.1440760615203,28.8280190582402,6.14284723099076,0.782706672615812,358,0,0.778513470652594,0.778513470652594,NaN,0.302640706705898,1.24150654414123,900,427.954717692486,0.47550524188054,3,1,0,0,0,0,0,0,0,0,0
76.6,UrbanCanyon,7,3.04931082522738,29.4787933856323,5.05722288561391,0.841225625972284,333,0.202639171688824,0.79709616940143,0.838212433566414,5.78627432420068,0.3,1.17052968024416,900,655.68618171869,0.728540201909655,5,0,1,0,0,0,0,0,0,0,1
76.7,UrbanCanyon,10,3.38145259031552,27.3455995118221,4.80246194093747,0.80285771143073,318,0,0.759014666658589,0.759014666658589,NaN,0.325184827214177,1.32266537797104,900,525.340752372316,0.583711947080351,3,1,0,0,0,0,0,0,0,0,0
76.8,UrbanCanyon,8,3.27711234050661,27.8222098756158,4.14327254289349,0.74115506099295,371,0.20318706520032,0.761398890865277,0.809879549983902,5.77928682451263,0.3223262232008,1.31237440352288,900,243.5291578207,0.270587953134111,5,0,1,0,0,0,0,0,0,0,0
76.9,UrbanCanyon,9,3.6226270079149,27.9630021129987,3.94490669462357,0.668714993632985,298,0,0.6526390457341,0.6526390457341,NaN,0.481649081371291,1.88593669293665,1050,868.93303956517,0.827555275776352,3,1,0,0,0,0,0,0,0,0,0
77,UrbanCanyon,4,5.31947796038084,19.799266111714,11.0910818228426,0.798456812542598,263,0.0426141473540661,0.710691064403541,0.723019718015896,8.03270136677265,0.38924915053989,1.55329694194361,1050,793.339323067123,0.755561260063926,5,0,1,0,0,0,0,0,0,0,0
77.1,UrbanCanyon,7,2.98626010239385,27.495029622747,5.21808704642858,0.770696437487715,329,0,0.746541613116769,0.746541613116769,NaN,0.340602884703624,1.37817038493305,1050,378.274643094298,0.360261564851713,3,1,0,0,0,0,0,0,0,0,0
77.2,UrbanCanyon,7,2.58945516843475,29.3120097681113,5.9713432428324,0.785070052672511,246,0,0.687696935290583,0.687696935290583,NaN,0.423833010567236,1.67779883804205,1050,856.04309307822,0.815279136264971,3,1,0,0,0,0,0,0,0,0,0
77.3,UrbanCanyon,7,3.49654533770278,28.7399441769484,5.72772243757298,0.702994651430401,290,0,0.669006416458369,0.669006416458369,NaN,0.453891880864327,1.78601077111158,1050,630.082892263726,0.600078945013073,3,1,0,0,0,0,0,0,0,0,0
77.4,UrbanCanyon,8,3.85994987120649,30.2240016175303,4.65098698651854,0.765141630194463,322,0,0.737044892230291,0.737044892230291,NaN,0.352863471755449,1.42230849831962,1050,515.559102325705,0.491008668881624,3,1,0,0,0,0,0,0,0,0,0
77.5,UrbanCanyon,7,2.62898590298512,30.6852789210664,4.8773341610689,0.838249137719338,315,0,0.780251922271956,0.780251922271956,NaN,0.300723044162926,1.23460295898653,1050,307.484883356199,0.292842746053523,3,1,0,0,0,0,0,0,0,0,0
77.6,UrbanCanyon,8,2.92024514405632,31.9144977769854,6.10377943466102,0.671946727378108,372,0.22801702644004,0.715854307343333,0.780644363258652,5.46766169173182,0.381846936638343,1.52664897189803,1050,886.727100737425,0.844502000702309,5,0,1,0,0,0,0,0,0,0,0
77.7,UrbanCanyon,11,2.65986538686564,27.9178445117049,5.56043544760632,0.84789111878576,351,0,0.816412049586459,0.816412049586459,NaN,0.3,1.1033408198334,850,516.428204205775,0.607562593183265,3,1,0,0,0,0,0,0,0,0,1
77.8,UrbanCanyon,5,5.84363582762986,18.4822409250973,9.53073477214796,0.865772977961117,353,0.052581177359583,0.830042895233948,0.838979439903173,7.88081940394683,0.3,1.05996875714413,850,342.256751177611,0.402655001385424,5,0,1,0,0,0,0,0,0,0,1
77.9,UrbanCanyon,8,2.97245922853268,28.0921435904054,5.58915018878639,0.730449868818788,313,0,0.706376412108588,0.706376412108588,NaN,0.395537028415565,1.57593330229603,1000,206.809308867022,0.206809308867022,3,1,0,0,0,0,0,0,0,0,0
78,UrbanCanyon,8,2.94633878520454,29.8144093180432,5.11361312341291,0.949148572993504,343,0.218781296728858,0.877654543905648,0.904421441438854,5.58242129872515,0.3,0.934715695642416,800,59.1588752984669,0.0739485941230836,5,0,1,0,0,0,0,0,0,0,1
78.1,UrbanCanyon,7,2.69562038167599,29.0657840544514,6.16594681881787,0.718145765808064,317,0,0.701432663091403,0.701432663091403,NaN,0.402856136671729,1.60228209201822,1000,952.194357225094,0.952194357225094,3,1,0,0,0,0,0,0,0,0,0
78.2,UrbanCanyon,8,2.80746443292443,27.787399321265,3.92177440273576,0.713842042889272,355,0.217089322592351,0.729899168735812,0.788535175226585,5.60359303039124,0.362386147624013,1.45659013144645,1000,819.488994643293,0.819488994643293,5,0,1,0,0,0,0,0,0,0,0
78.3,UrbanCanyon,8,3.00782069498636,28.2887915790411,4.64518197637412,0.710891819689868,264,0,0.652847519192212,0.652847519192212,NaN,0.481287112327505,1.88463360437902,1000,581.315576710835,0.581315576710835,3,1,0,0,0,0,0,0,0,0,0
78.4,UrbanCanyon,6,3.38560809572533,28.7561479854608,4.53039419164835,0.887388594134916,253,0,0.762025358070394,0.762025358070394,NaN,0.321579825503811,1.30968737181372,1000,124.264518581472,0.124264518581472,3,1,0,0,0,0,0,0,0,0,0
78.5,UrbanCanyon,6,3.07192895609634,27.2842006139646,5.42822883387564,0.722124637563329,360,0,0.739573507167431,0.739573507167431,NaN,0.349554895422681,1.41039762352165,1000,211.659030979403,0.211659030979403,3,1,0,0,0,0,0,0,0,0,0
78.6,UrbanCanyon,6,3.63106615390244,27.6733800561168,4.00929445488185,0.791971075273283,338,0.172121131282796,0.7682206204331,0.808114749452179,6.18306737014782,0.314304201981043,1.28349512713176,1000,403.726334834422,0.403726334834422,5,0,1,0,0,0,0,0,0,0,0
78.7,UrbanCanyon,7,3.8154576969751,27.9310806422366,4.49798575080481,0.784308913530601,359,0,0.780411972065503,0.780411972065503,NaN,0.300547255030404,1.23397011810945,1000,778.963561891761,0.778963561891761,3,1,0,0,0,0,0,0,0,0,0
78.8,UrbanCanyon,8,2.75567364914518,30.6629721799161,6.68580425643848,0.830544073978778,315,0.221756621213764,0.775089529565781,0.824964915564872,5.54530205299694,0.306461799277354,1.25526247739847,1000,594.878499381283,0.594878499381283,5,0,1,0,0,0,0,0,0,0,0
78.9,UrbanCanyon,9,3.10357942683889,27.7631830408432,4.52521451592823,0.82211617344089,306,0,0.762017836205397,0.762017836205397,NaN,0.321588775710903,1.30971959255925,1000,280.61472072729,0.28061472072729,3,1,0,0,0,0,0,0,0,0,0
79,UrbanCanyon,8,3.00937979537802,27.5134896634713,4.74623330447637,0.785116505397963,304,0,0.735578058616635,0.735578058616635,NaN,0.354797407712369,1.42927066776453,1000,840.410640377661,0.840410640377661,3,1,0,0,0,0,0,0,0,0,0
79.1,UrbanCanyon,8,2.81859461998866,28.8764618701393,6.40742450322068,0.813821566067836,332,0,0.77791044926545,0.77791044926545,NaN,0.303309421363686,1.24391391690927,1000,217.105715895685,0.217105715895685,3,1,0,0,0,0,0,0,0,0,0
79.2,UrbanCanyon,6,2.72141331488551,28.9459308660532,5.07669163667199,0.810146489112404,262,0.196862876707647,0.71769814770531,0.77327290244794,5.86023391048253,0.379235839522532,1.51724902228111,1000,646.589468017463,0.646589468017463,5,0,1,0,0,0,0,0,0,0,0
79.3,UrbanCanyon,9,2.91268124535069,29.1735172218579,5.46721534190293,0.764047575196709,336,0,0.747861875381795,0.747861875381795,NaN,0.338934084714964,1.37216270497387,1000,620.340103454996,0.620340103454996,3,1,0,0,0,0,0,0,0,0,0
79.4,UrbanCanyon,8,2.80836448600224,30.2827113126614,5.7421153272672,0.742274177251829,306,0.222302271030197,0.708523698758726,0.773319542476143,5.53851006115832,0.392396085463235,1.56462590766765,1000,264.841740475885,0.264841740475885,5,0,1,0,0,0,0,0,0,0,0
79.5,UrbanCanyon,8,2.89655160625691,28.5529979713292,5.4608724767856,0.702507843541198,283,0,0.662905255172603,0.662905255172603,NaN,0.46408216747562,1.82269580291223,1000,692.737719057169,0.692737719057169,3,1,0,0,0,0,0,0,0,0,0
79.6,UrbanCanyon,10,3.55658861019928,30.20365973037,5.29477847693537,0.736659071401022,278,0.228113608547792,0.681661577838685,0.754278904057313,5.46646881047289,0.433348377560389,1.7120541592174,1000,573.444402529549,0.573444402529549,5,0,1,0,0,0,0,0,0,0,0
79.7,UrbanCanyon,7,2.87061931592887,31.5662721205509,4.25564817924085,0.784961913319489,370,0,0.789924481924058,0.789924481924058,NaN,0.3,1.19718550965388,1000,117.527700961113,0.117527700961113,3,1,0,0,0,0,0,0,0,0,1
79.8,UrbanCanyon,6,2.99617371959439,29.2041119397851,5.32235975589526,0.678110509538117,366,0.189264454958631,0.715034041390538,0.768967968228522,5.9583369919482,0.383013993915523,1.53085037809588,1000,274.998709275206,0.274998709275206,5,0,1,0,0,0,0,0,0,0,0
79.9,UrbanCanyon,9,3.219858011067,28.30548476503,5.35929098081156,0.737919532743338,364,0,0.753456086938036,0.753456086938036,NaN,0.331959752669763,1.34705510961115,1000,868.516794660761,0.868516794660761,3,1,0,0,0,0,0,0,0,0,0
80,UrbanCanyon,9,2.86786219051744,27.7936889000087,4.98736586657529,0.727033173530155,381,0.219860440378608,0.760187226265204,0.812912568306951,5.56894185989007,0.323775416115942,1.31759149801739,1000,677.767984358113,0.677767984358113,5,0,1,0,0,0,0,0,0,0,0
80.1,UrbanCanyon,8,3.11439387631087,29.1184502577173,4.06002203633949,0.73716542512822,315,0,0.712525834835907,0.712525834835907,NaN,0.38660348909198,1.54377256073113,1000,412.128427515732,0.412128427515732,3,1,0,0,0,0,0,0,0,0,0
80.2,UrbanCanyon,8,3.29175644818897,31.4812515330691,4.0700757615247,0.851474756831778,336,0.227487162000596,0.806438087077291,0.850470937319485,5.47420867899114,0.3,1.13719592720869,1000,790.908406077187,0.790908406077187,5,0,1,0,0,0,0,0,0,0,1
80.3,UrbanCanyon,9,3.18659612697808,29.3056805912536,5.23833825801442,0.845042822995821,299,0,0.7716036914072,0.7716036914072,NaN,0.310412184447044,1.26948386400936,1000,137.219557212656,0.137219557212656,3,1,0,0,0,0,0,0,0,0,0
80.4,UrbanCanyon,7,3.15677369648239,28.7757497369975,4.39456886224787,0.846530370081986,350,0.199337585491689,0.81467534795493,0.851617516625682,5.82848241605023,0.3,1.10910703990064,1000,657.289719650664,0.657289719650664,5,0,1,0,0,0,0,0,0,0,1
80.5,UrbanCanyon,9,3.33651749400066,29.8139833734219,4.01138165735093,0.757604775673584,378,0,0.778195199701301,0.778195199701301,NaN,0.302993423588864,1.24277632491991,1000,437.464856757939,0.437464856757939,3,1,0,0,0,0,0,0,0,0,0
80.6,UrbanCanyon,7,3.19222140898672,27.471391541972,3.7839259473118,0.77591118773808,365,0.194076279407124,0.779735495784514,0.82248361124811,5.89610434731411,0.301291129543235,1.23664806635565,1000,633.300161718675,0.633300161718675,5,0,1,0,0,0,0,0,0,0,0
80.7,UrbanCanyon,8,3.07120588772747,27.0302135232117,5.55499631114887,0.894234391772094,331,0,0.830962042487303,0.830962042487303,NaN,0.3,1.05716447972058,1000,298.039712570337,0.298039712570337,3,1,0,0,0,0,0,0,0,0,1
80.8,UrbanCanyon,7,2.93716923834488,29.0177487773558,5.01791576896791,0.759370209749136,367,0.202885412771179,0.770303040531921,0.816905202965887,5.78313332138378,0.3119017329722,1.27484623869992,1000,811.688631800558,0.811688631800558,5,0,1,0,0,0,0,0,0,0,0
80.9,UrbanCanyon,10,3.32833177957751,30.345369839984,5.15761901709753,0.683042314984535,321,0,0.681213351039638,0.681213351039638,NaN,0.434062318888442,1.71462434799839,1000,511.844708093154,0.511844708093154,3,1,0,0,0,0,0,0,0,0,0
81,UrbanCanyon,8,3.71276740967575,30.6048606194152,4.27789741475774,0.741888890233904,376,0.210813950306312,0.766015556456715,0.815342741310299,5.68251696824903,0.316871799550651,1.29273847838234,1000,174.294133288024,0.174294133288024,5,0,1,0,0,0,0,0,0,0,0
81.1,UrbanCanyon,7,2.69203460394432,29.9377006518929,6.06921385149932,0.724657265478733,294,0,0.686820367870751,0.686820367870751,NaN,0.425203704951529,1.6827333378255,1000,808.022555986482,0.808022555986482,3,1,0,0,0,0,0,0,0,0,0
81.2,UrbanCanyon,8,2.98354827266904,29.3794280215393,4.49372047073532,0.695454037613303,275,0.218714846749863,0.651579205200913,0.727784005939861,5.58325192551272,0.483492625621068,1.89257345223585,1000,478.548934456516,0.478548934456516,5,0,1,0,0,0,0,0,0,0,0
81.3,UrbanCanyon,7,3.24589629756456,31.1319626599616,4.28348435679617,0.803395505636119,326,0,0.7659749887762,0.7659749887762,NaN,0.316919264695749,1.2929093529047,1000,406.671557342181,0.406671557342181,3,1,0,0,0,0,0,0,0,0,0
81.4,UrbanCanyon,8,2.76417011881806,27.2931513090189,6.45061635500726,0.781787718134718,291,0.200345078160962,0.722622771150261,0.778193933744233,5.81558395217119,0.372345317710901,1.49244314375924,1000,217.449420539444,0.217449420539444,5,0,1,0,0,0,0,0,0,0,0
81.5,UrbanCanyon,8,3.00984790263175,29.3638848818646,4.61534120240227,0.737807839940927,395,0,0.778956252760421,0.778956252760421,NaN,0.302150845484287,1.23974304374343,1000,458.147553892462,0.458147553892462,3,1,0,0,0,0,0,0,0,0,0
81.6,UrbanCanyon,6,5.96812040203453,20.679443642543,9.06378775199887,0.890185193710874,291,0.0687660696006505,0.795249079786286,0.8093289958165,7.63757306501616,0.3,1.17730645395526,1000,805.597035454363,0.805597035454363,5,0,1,0,0,0,0,0,0,0,1
81.7,UrbanCanyon,9,3.12335344583193,29.8276503159715,5.25396137586373,0.762797205888218,359,0,0.765999127945106,0.765999127945106,NaN,0.316891020306127,1.29280767310206,1000,392.155045297866,0.392155045297866,3,1,0,0,0,0,0,0,0,0,0
81.8,UrbanCanyon,7,3.19920410489556,28.2251857990813,4.75439448432192,0.759747045277436,328,0.192317549328566,0.738380520335882,0.7886945375215,5.91880752898091,0.351111880349309,1.41600276925751,1000,910.372753599963,0.910372753599963,5,0,1,0,0,0,0,0,0,0,0
81.9,UrbanCanyon,9,2.55377307330647,31.5516264593273,5.79280109186892,0.746559108010094,340,0,0.739444602366763,0.739444602366763,NaN,0.349722788089536,1.41100203712233,1000,413.05357605966,0.41305357605966,3,1,0,0,0,0,0,0,0,0,0
82,UrbanCanyon,8,3.81813238919546,30.2733164941724,4.58053609021959,0.753640609099555,385,0.204495658500063,0.781314208096702,0.826034503116574,5.76261725876199,0.3,1.23041128022335,1000,487.539004361115,0.487539004361115,5,0,1,0,0,0,0,0,0,0,1
82.1,UrbanCanyon,8,2.93451869258636,28.3093978974936,4.70854667053052,0.770194722112445,252,0,0.682680463815338,0.682680463815338,NaN,0.431729220111123,1.70622519240004,1000,313.820499993121,0.313820499993121,3,1,0,0,0,0,0,0,0,0,0
82.2,UrbanCanyon,7,2.64437697718925,30.9485462945743,5.32626866804996,0.811178350916804,347,0.2224580019173,0.788514495114259,0.835561137965612,5.5365724702595,0.3,1.20253506899099,1000,825.713785057161,0.825713785057161,5,0,1,0,0,0,0,0,0,0,1
82.3,UrbanCanyon,6,3.37802495738357,28.3194765576077,7.11667443091761,0.782352731662822,342,0,0.765076330214091,0.765076330214091,NaN,0.317972826564197,1.29670217563111,1000,372.794917705938,0.372794917705938,3,1,0,0,0,0,0,0,0,0,0
82.4,UrbanCanyon,10,3.28403193399077,28.1846990184071,4.18106267539836,0.808163769313798,362,0.228067460556016,0.798869725440245,0.844740996400023,5.4670387636195,0.3,1.16408048610034,1000,301.411786175706,0.301411786175706,5,0,1,0,0,0,0,0,0,0,1
82.5,UrbanCanyon,8,3.27380818317086,31.2394750898511,4.42554509280869,0.697325102971643,310,0,0.681707818991001,0.681707818991001,NaN,0.433274781228664,1.71178921242319,1000,788.920860134964,0.788920860134964,3,1,0,0,0,0,0,0,0,0,0
82.6,UrbanCanyon,8,3.02291861185788,28.8347286174568,4.84613664998414,0.312408468606541,154,0.211825817193747,0.295113673966383,0.444426796007152,5.66974833953843,1.42216183157293,5.27178259366254,1400,1231.05871462345,0.879327653302466,5,0,1,0,0,0,0,0,0,0,0
82.7,UrbanCanyon,8,2.86754034347772,28.1196166711233,4.47716194483224,0.851867069369458,291,0,0.769575936477537,0.769575936477537,NaN,0.31273812262551,1.27785724145184,900,216.649658072689,0.240721842302988,3,1,0,0,0,0,0,0,0,0,0
82.8,UrbanCanyon,8,2.55173482662302,29.258318226277,5.48978061669949,0.862525552136298,337,0,0.81466711993132,0.81466711993132,NaN,0.3,1.10913448791097,900,273.543214030384,0.303936904478204,3,1,0,0,0,0,0,0,0,0,1
82.9,UrbanCanyon,10,2.47873473322618,30.9283898342003,4.72495576580282,0.794376052888929,304,0,0.741781955435582,0.741781955435582,NaN,0.346691396346679,1.40008902684804,900,495.217455239374,0.550241616932638,3,1,0,0,0,0,0,0,0,0,0
83,UrbanCanyon,7,3.29124934445773,29.6856877684285,4.85657613913427,0.860702117764093,350,0.199047092524862,0.824170418901942,0.859168785799375,5.83220447994301,0.3,1.07824437430207,900,356.786226299049,0.396429140332277,5,0,1,0,0,0,0,0,0,0,1
83.1,UrbanCanyon,9,3.07128775350564,27.6729837791876,6.50538784611264,0.74028195589667,369,0,0.759163910450769,0.759163910450769,NaN,0.325005055073413,1.32201819826429,900,327.78502957116,0.3642055884124,3,1,0,0,0,0,0,0,0,0,0
83.2,UrbanCanyon,8,2.94586649753144,32.4184969164663,4.60927681797315,0.791431389854332,374,0.239066464409988,0.797559031202402,0.845955877864577,5.33215876468413,0.3,1.16884111262939,900,339.721618312421,0.377468464791579,5,0,1,0,0,0,0,0,0,0,1
83.3,UrbanCanyon,9,3.06383981638952,30.4460057171667,4.39990102666711,0.778132777109061,337,0,0.758123960663071,0.758123960663071,NaN,0.326260046013299,1.32653616564788,900,592.579513952485,0.658421682169428,3,1,0,0,0,0,0,0,0,0,0
83.4,UrbanCanyon,9,3.33831354078362,29.7984658453078,5.65298655927043,0.24982844348036,188,0.217008607724658,0.281235057131841,0.437213236664954,5.60460416301823,1.47155760774067,5.44960738786641,1450,1236.06357742868,0.852457639605989,5,0,1,0,0,0,0,0,0,0,0
83.5,UrbanCanyon,7,3.21397246892478,29.5748674546775,4.65623907814049,0.85210933190457,355,0,0.822538252376062,0.822538252376062,NaN,0.3,1.08343404682768,850,127.724111705721,0.15026366083026,3,1,0,0,0,0,0,0,0,0,1
83.6,UrbanCanyon,7,3.21293410104596,31.5510270877388,4.81395155180904,0.875427943209463,345,0.21355413586179,0.829911721950341,0.866234777189455,5.64797677776077,0.3,1.06037020096908,850,168.180787816636,0.197859750372513,5,0,1,0,0,0,0,0,0,0,1
83.7,UrbanCanyon,11,3.1247808441975,28.0083488897716,4.17908134905178,0.605935054060871,306,0,0.617176486220783,0.617176486220783,NaN,0.546384606755665,2.11898458432039,1100,873.912623624851,0.794466021477137,3,1,0,0,0,0,0,0,0,0,0
83.8,UrbanCanyon,5,2.85632272860837,29.6505775775365,4.97862030687114,0.808641640936398,354,0.186665459613782,0.792589899427386,0.831306201179314,5.99210459668209,0.3,1.18717054837587,900,258.711456723597,0.28745717413733,5,0,1,0,0,0,0,0,0,0,1
83.9,UrbanCanyon,7,4.14213601768286,27.1147683622576,5.29778188872151,0.838927369491225,331,0,0.793906337559121,0.793906337559121,NaN,0.3,1.18227137928466,900,479.64868892201,0.532942987691122,3,1,0,0,0,0,0,0,0,0,1
84,UrbanCanyon,8,2.76532729576332,29.5628672143426,5.97589253723026,0.832321907907627,319,0.217608884514114,0.77958067829811,0.827545881019016,5.59708686072999,0.301461693448803,1.23726209641569,900,155.12180932292,0.172357565914356,5,0,1,0,0,0,0,0,0,0,0
84.1,UrbanCanyon,10,2.81795526100675,26.6481496244425,4.2778341077783,0.734249935022021,308,0,0.704797456464754,0.704797456464754,NaN,0.397861354274197,1.58430087538711,900,691.375079513412,0.76819453279268,3,1,0,0,0,0,0,0,0,0,0
84.2,UrbanCanyon,11,2.6725703588475,27.9969148876043,4.63421542255231,0.841794042895726,296,0.252089641838195,0.766952008740136,0.825700993387946,5.17495923076576,0.315778415575644,1.28880229607232,900,545.865685899769,0.606517428777522,5,0,1,0,0,0,0,0,0,0,0
84.3,UrbanCanyon,8,3.56425376733189,26.6448790835919,4.55083392933644,0.809440900365837,328,0,0.771675403245111,0.771675403245111,NaN,0.310330303708206,1.26918909334954,900,396.512736223452,0.440569706914946,3,1,0,0,0,0,0,0,0,0,0
84.4,UrbanCanyon,9,3.37900417140105,32.5241241879228,4.6889084508229,0.831022036988725,362,0.23963826783864,0.814184764782446,0.85871320588801,5.32519970988339,0.3,1.11074571475059,900,176.873717201718,0.196526352446354,5,0,1,0,0,0,0,0,0,0,1
84.5,UrbanCanyon,7,3.29070975167744,30.2196704832267,5.6809064731896,0.799891278949375,238,0,0.691027156896081,0.691027156896081,NaN,0.418660544439297,1.65917795998147,900,629.451541657853,0.699390601842059,3,1,0,0,0,0,0,0,0,0,0
84.6,UrbanCanyon,9,3.1421785333172,26.4529823394064,5.45815071502709,0.826711159604221,348,0.200856148081355,0.799746476934828,0.839968628217419,5.80904716847495,0.3,1.16091326150012,900,347.29249242403,0.385880547137811,5,0,1,0,0,0,0,0,0,0,1
84.7,UrbanCanyon,8,3.53764962721931,26.4584733226831,5.56135964293635,0.89826049507788,363,0,0.86005953170218,0.86005953170218,NaN,0.3,0.97625001200672,900,501.988400359617,0.557764889288464,3,1,0,0,0,0,0,0,0,0,1
84.8,UrbanCanyon,8,2.58721153389072,28.2926859658137,3.47181267330916,0.773207138345267,318,0.230483441527194,0.739148782691329,0.799270668983189,5.43724587011065,0.350108393928539,1.41239021814274,1050,692.963970534913,0.659965686223727,5,0,1,0,0,0,0,0,0,0,0
84.9,UrbanCanyon,8,2.72062009012309,28.5940748975106,6.91136861299893,0.752730530865326,253,0,0.671804455679768,0.671804455679768,NaN,0.449280788279133,1.76941083780488,1050,639.57864854979,0.609122522428372,3,1,0,0,0,0,0,0,0,0,0
85,UrbanCanyon,9,2.94363109994228,26.0023570890492,5.66056990310575,0.726780291199087,271,0.202089909024115,0.669267795103388,0.73610543630229,5.79328410624916,0.453459478389436,1.78445412220197,1050,556.601362229435,0.530096535456605,5,0,1,0,0,0,0,0,0,0,0
85.1,UrbanCanyon,8,2.87616250559258,31.5542917883084,5.92967663918465,0.800622684557512,271,0,0.718742198653533,0.718742198653533,NaN,0.377764877045622,1.51195355736424,1050,421.928152064075,0.401836335299119,3,1,0,0,0,0,0,0,0,0,0
85.2,UrbanCanyon,7,2.82013534984696,31.6074249267515,4.97301863785246,0.821975230297478,389,0.223576743972354,0.83039840429931,0.868317376838586,5.52266458000457,0.3,1.05888231137798,850,593.663912794571,0.698428132699496,5,0,1,0,0,0,0,0,0,0,1
85.3,UrbanCanyon,8,3.30010198629382,28.962321996785,5.9130640836115,0.761714757935285,346,0,0.754548887816641,0.754548887816641,NaN,0.33061562118012,1.34221623624843,850,399.357269596243,0.469832081877933,3,1,0,0,0,0,0,0,0,0,0
85.4,UrbanCanyon,11,3.2682385919924,29.7660504630446,5.71727068807009,0.761339025162071,273,0.241065799734597,0.694072146858587,0.76782088943721,5.30784896265989,0.413979628319284,1.64232666194942,1000,665.809612633569,0.665809612633569,5,0,1,0,0,0,0,0,0,0,0
85.5,UrbanCanyon,6,2.83740949662989,26.3764335605861,4.56594776741565,0.652886280811674,349,0,0.684108808143821,0.684108808143821,NaN,0.429468112730792,1.69808520583085,1000,648.21849250344,0.64821849250344,3,1,0,0,0,0,0,0,0,0,0
85.6,UrbanCanyon,7,3.18679444745048,30.6130367469539,5.81916750460853,0.861926184569682,305,0.202316984821822,0.787865543661687,0.830783947244871,5.79038554163,0.3,1.20500924809356,1000,352.972745901174,0.352972745901174,5,0,1,0,0,0,0,0,0,0,1
85.7,UrbanCanyon,8,3.3562773335201,28.3840859544774,6.34167909453812,0.752008261518489,337,0,0.740620535217388,0.740620535217388,NaN,0.348194266877286,1.40549936075823,1000,525.912346311238,0.525912346311238,3,1,0,0,0,0,0,0,0,0,0
85.8,UrbanCanyon,9,3.71521273321656,28.9082016094222,3.89704678779941,0.835732757030418,406,0.213673812046028,0.853640947210381,0.884914043947384,5.6464709908978,0.3,0.992788751001272,1000,275.458554425608,0.275458554425608,5,0,1,0,0,0,0,0,0,0,1
85.9,UrbanCanyon,8,2.54912336056172,30.862480125576,4.11665741024204,0.787191019094109,419,0,0.831842982793053,0.831842982793053,NaN,0.3,1.05449104192344,1000,561.55406326096,0.56155406326096,3,1,0,0,0,0,0,0,0,0,1
86,UrbanCanyon,8,2.85212170399762,26.1557056132635,5.9326322649051,0.85138329584365,331,0.192805381732778,0.802251808215246,0.840378723819272,5.91250521407653,0.3,1.15193912618726,1000,249.488426471247,0.249488426471247,5,0,1,0,0,0,0,0,0,0,1
86.1,UrbanCanyon,6,2.61310776774901,29.5048147591517,4.53164139220515,0.842852517978174,301,0,0.771786187045377,0.771786187045377,NaN,0.310203861058219,1.26873389980959,1000,306.789511176381,0.306789511176381,3,1,0,0,0,0,0,0,0,0,0
86.2,UrbanCanyon,7,2.95398138694856,30.2472510785393,4.88487824949943,0.852660871369477,297,0.211335158193005,0,0.211335158193005,5.67593786161962,NaN,NaN,1500,1498.9835014422,0.999322334294803,2,0,1,0,0,1,0,0,0,0,0
86.3,UrbanCanyon,8,2.50620337834307,30.4274814578885,6.5951006586638,0.831855444881065,399,0,0.845268148070313,0.845268148070313,NaN,0.3,1.01547751401431,800,315.16548198327,0.393956852479088,3,1,0,0,0,0,0,0,0,0,1
86.4,UrbanCanyon,10,2.69787566788528,29.5981666165475,4.37179508636005,0.850275793569153,302,0.252128180706228,0.777584781691333,0.833661926044875,5.17449806475021,0.30367132333823,1.24521676401763,800,33.23334433267,0.0415416804158375,5,0,1,0,0,0,0,0,0,0,0
86.5,UrbanCanyon,8,3.13154593953193,30.4908853618729,5.74603267780083,0.807681781908235,273,0,0.725121793878517,0.725121793878517,NaN,0.368895070501411,1.48002225380508,950,541.750136802897,0.570263301897786,3,1,0,0,0,0,0,0,0,0,0
86.6,UrbanCanyon,5,5.83137115583265,20.1072144619079,9.65882837965043,0.755319495121191,302,0.0530462689886232,0.713964061731198,0.729137201053018,7.87377094941094,0.384541394953285,1.53634902183182,950,232.557638343358,0.24479751404564,5,0,1,0,0,0,0,0,0,0,0
86.7,UrbanCanyon,9,3.24127362906841,28.908435055995,5.22235770706907,0.81118989856942,354,0,0.794297232041511,0.794297232041511,NaN,0.3,1.18082265871205,950,241.986167839558,0.254722281936377,3,1,0,0,0,0,0,0,0,0,1
86.8,UrbanCanyon,7,2.74695650323253,31.0693547682706,3.78159691291733,0.775763892499138,355,0,0.771386807974422,0.771386807974422,NaN,0.310659978920309,1.27037592411311,950,497.101421968835,0.523264654704037,3,1,0,0,0,0,0,0,0,0,0
86.9,UrbanCanyon,6,2.93751556403259,29.6746798541476,4.37126351985727,0.694828131529055,398,0,0.752634848124467,0.752634848124467,NaN,0.332973795906014,1.35070566526165,950,346.173106427545,0.364392743607942,3,1,0,0,0,0,0,0,0,0,0
87,UrbanCanyon,7,3.62385342968182,28.4252817408759,5.24870838448601,0.775590763621639,384,0.18080362253128,0.795195811626498,0.832225150794006,6.06866163886299,0.3,1.17750280017796,950,230.832402074391,0.24298147586778,5,0,1,0,0,0,0,0,0,0,1
87.1,UrbanCanyon,9,2.70520842653898,29.4339157268039,5.98762193123466,0.647468629220042,299,0,0.639228981577428,0.639228981577428,NaN,0.505389319334149,1.97140154960294,950,548.604084340385,0.577477983516195,3,1,0,0,0,0,0,0,0,0,0
87.2,UrbanCanyon,8,3.31548876547909,28.8944387235148,5.63271745790337,0.927966828753071,304,0.200240354723816,0.831287775264557,0.865070770991827,5.8169239216983,0.3,1.05617433297664,950,71.7593945542295,0.0755362047939258,5,0,1,0,0,0,0,0,0,0,1
87.3,UrbanCanyon,9,3.46968754337702,26.957630309435,5.45254654830345,0.713903650757696,350,0,0.725815446007656,0.725815446007656,NaN,0.367942924119951,1.47659452683182,950,859.127884146358,0.904345141206693,3,1,0,0,0,0,0,0,0,0,0
87.4,UrbanCanyon,8,2.91404667119042,27.8176722592459,3.8507153249144,0.772651550333498,289,0.214746209873998,0.714851538723444,0.776086090033987,5.63298811925801,0.383274112420969,1.53178680471549,950,664.275235559403,0.699237090062529,5,0,1,0,0,0,0,0,0,0,0
87.5,UrbanCanyon,8,2.92537066236866,32.5448607078762,5.82014210441765,0.927998556466643,296,0,0.824709032832651,0.824709032832651,NaN,0.3,1.07654230853418,950,524.338031552888,0.551934770055672,3,1,0,0,0,0,0,0,0,0,1
87.6,UrbanCanyon,9,2.88156810236105,28.2779731987101,6.24517206415475,0.779641826684734,251,0.215871028187538,0.688185023878772,0.755496843378334,5.61886595548535,0.423071448333706,1.67505721400134,1100,365.104248664351,0.331912953331228,5,0,1,0,0,0,0,0,0,0,0
87.7,UrbanCanyon,9,3.75330746956962,28.6328467803765,5.35713620214685,0.282832180176489,129,0,0.254672560718248,0.254672560718248,NaN,1.56878247936574,5.79961692571665,1450,1261.53249567913,0.870022410813191,3,1,0,0,0,0,0,0,0,0,0
87.8,UrbanCanyon,7,3.92444856866804,29.1932523474452,5.91028644367078,0.807376986139275,384,0.176190433566106,0.816492580713314,0.848824832480033,6.12929761398401,0.3,1.10307475639934,850,546.987590367582,0.643514812197155,5,0,1,0,0,0,0,0,0,0,1
87.9,UrbanCanyon,8,3.08071279820793,28.3162963904022,5.33784944953056,0.793351120184233,310,0,0.746045250523436,0.746045250523436,NaN,0.341232536954261,1.38043713303534,1000,593.439887160161,0.593439887160161,3,1,0,0,0,0,0,0,0,0,0
88,UrbanCanyon,11,2.93136841938439,31.1705867925256,4.6199757568684,0.829707153177346,346,0.265540391976869,0.800103792628822,0.853184309888854,5.01544732653993,0.3,1.15962644349243,1000,377.726266987741,0.377726266987741,5,0,1,0,0,0,0,0,0,0,1
88.1,UrbanCanyon,7,2.49234391294597,27.3552485440321,4.28928214284575,0.778584025491058,339,0,0.760076297079009,0.760076297079009,NaN,0.3239084580583,1.31807044900988,1000,473.060268669651,0.473060268669651,3,1,0,0,0,0,0,0,0,0,0
88.2,UrbanCanyon,10,3.08320887537837,30.1969679283208,5.5705977972331,0.791949939387983,368,0.237943484743203,0.792956459389949,0.842221120936275,5.34584105956266,0.3,1.18580324937511,1000,42.8207603629008,0.0428207603629008,5,0,1,0,0,0,0,0,0,0,1
88.3,UrbanCanyon,10,3.61228587820245,30.1309114608971,4.95657520136054,0.816710354860423,359,0,0.802120937756483,0.802120937756483,NaN,0.3,1.15240510946936,1000,95.5596906092735,0.0955596906092735,3,1,0,0,0,0,0,0,0,0,1
88.4,UrbanCanyon,8,3.16931311336846,28.7275465194101,4.64166445875106,0.791752274254532,282,0.208557299322824,0.721874023750536,0.779879226228648,5.71105238764146,0.373385146661793,1.49618652798245,1000,761.167577093885,0.761167577093885,5,0,1,0,0,0,0,0,0,0,0
88.5,UrbanCanyon,7,3.30446780932547,30.0118669041199,4.4344308356728,0.784718755450899,301,0,0.732836566152102,0.732836566152102,NaN,0.3584407509635,1.4423867034686,1000,186.543994884661,0.186543994884661,3,1,0,0,0,0,0,0,0,0,0
88.6,UrbanCanyon,9,2.65834598322258,32.0596753074875,5.85728382259098,0.830285891529687,247,0,0.718816547324891,0.718816547324891,NaN,0.377660335145739,1.51157720652466,1000,765.201470933314,0.765201470933314,3,1,0,0,0,0,0,0,0,0,0
88.7,UrbanCanyon,7,2.29653737689696,28.510715158819,5.16743973812007,0.786154030839322,339,0,0.765148200662346,0.765148200662346,NaN,0.317888419130335,1.2963983088692,1000,602.729731292568,0.602729731292568,3,1,0,0,0,0,0,0,0,0,0
88.8,UrbanCanyon,10,2.7897816228725,28.3676775274446,4.44995509884355,0.879788857604672,393,0,0.872433534595131,0.872433534595131,NaN,0.3,0.946458827863026,1000,356.983020718717,0.356983020718717,3,1,0,0,0,0,0,0,0,0,1
88.9,UrbanCanyon,8,3.21036389264587,28.3286594591988,5.33551515602869,0.877267838568369,351,0,0.836094451840807,0.836094451840807,NaN,0.3,1.04178525845629,1000,223.441546259335,0.223441546259335,3,1,0,0,0,0,0,0,0,0,1
89,UrbanCanyon,8,3.375256103627,26.7539716786965,4.43510045751122,0.689455716086418,336,0.191816855243385,0.6978853297779,0.755836015742796,5.92527996374953,0.40818318490852,1.62145946567067,1000,534.385851773932,0.534385851773932,5,0,1,0,0,0,0,0,0,0,0
89.1,UrbanCanyon,9,3.49628443979583,30.3485780261657,4.94344600529418,0.63355685340881,336,0,0.660433091783902,0.660433091783902,NaN,0.468264212888599,1.83775116639896,1000,286.393679797664,0.286393679797664,3,1,0,0,0,0,0,0,0,0,0
89.2,UrbanCanyon,6,3.22485308585961,30.7272290837451,4.57349955125282,0.844615303339238,347,0.197872896554193,0.810917253237289,0.84833160402765,5.84726312065889,0.3,1.12177056610998,1000,420.53587010804,0.42053587010804,5,0,1,0,0,0,0,0,0,0,1
89.3,UrbanCanyon,6,3.31361038418357,28.9523732509017,5.63123805813941,0.80743904886697,311,0,0.75630916274087,0.75630916274087,NaN,0.32846306041014,1.3344670174765,1000,144.089612099211,0.144089612099211,3,1,0,0,0,0,0,0,0,0,0
89.4,UrbanCanyon,6,3.26308277978518,29.0830227289197,4.69625142345202,0.766717083046206,330,0.185294587810047,0.744700445640958,0.792006071334005,6.00995926921281,0.342944656139814,1.38660076210333,1000,585.854999771352,0.585854999771352,5,0,1,0,0,0,0,0,0,0,0
89.5,UrbanCanyon,10,2.74406084179366,26.9135153708874,5.67351184465462,0.71269983642607,350,0,0,0,NaN,NaN,NaN,1750,1750,0.999999999999999,0,1,0,0,0,1,0,0,1,0,0
89.6,UrbanCanyon,9,3.07770053771289,30.6767655952344,3.64729586457492,0.780766826101784,275,0.24211673892955,0.708738773488195,0.779257991827855,5.29509629928624,0.392082755172902,1.56349791862245,950,755.885926270809,0.795669396074536,5,0,1,0,0,0,0,0,0,0,0
89.7,UrbanCanyon,7,2.95499536595738,29.96057885088,3.63495159233024,0.774822950447876,327,0,0.747656376800077,0.747656376800077,NaN,0.339193260424162,1.37309573752698,950,237.425649845999,0.249921736679999,3,1,0,0,0,0,0,0,0,0,0
89.8,UrbanCanyon,9,3.09097449641013,27.9767778570915,5.56657411168582,0.805990909847107,310,0.211649593287165,0.754513909597562,0.806470940788894,5.67197091011434,0.330658551452685,1.34237078522967,950,502.728895035389,0.529188310563568,5,0,1,0,0,0,0,0,0,0,0
89.9,UrbanCanyon,8,2.23145226371526,28.3536972953986,6.32320922621426,0.806959911262775,348,0,0.786513140546059,0.786513140546059,NaN,0.3,1.21018975243556,950,435.336128163224,0.458248555961289,3,1,0,0,0,0,0,0,0,0,1
90,UrbanCanyon,5,6.24952226326865,22.3405465998126,9.81825287339768,0.794913528142856,314,0.0637710241995961,0.750392063855713,0.766309817591982,7.71219756102619,0.335760304465526,1.36073709607589,950,672.47222781423,0.707865502962347,5,0,1,0,0,0,0,0,0,0,0
90.1,UrbanCanyon,6,3.20419052118676,28.6574929393538,6.07550072044334,0.725721437109148,331,0,0.718058362863129,0.718058362863129,NaN,0.378727716878547,1.51541978076277,950,537.081315373373,0.565348753024603,3,1,0,0,0,0,0,0,0,0,0
90.2,UrbanCanyon,9,2.70954162145687,29.892266576811,5.71894169081378,0.808276785570854,306,0.23424975164298,0.752745446332472,0.810664764121687,5.3909875428707,0.332837035773321,1.35021332878396,950,429.386381214641,0.451985664436464,5,0,1,0,0,0,0,0,0,0,0
90.3,UrbanCanyon,6,3.07628672436021,30.0237476473951,4.94714869587623,0.860505874068572,361,0,0.833113935625943,0.833113935625943,NaN,0.3,1.05065862634036,950,445.580944728761,0.469032573398695,3,1,0,0,0,0,0,0,0,0,1
90.4,UrbanCanyon,9,3.0305952670985,29.5574577342304,4.58652306926635,0.641746335553512,304,0.229474261173984,0.639520044820853,0.722240916203619,5.44967931354702,0.504864495214899,1.96951218277364,950,853.333290139864,0.898245568568278,5,0,1,0,0,0,0,0,0,0,0
90.5,UrbanCanyon,10,3.21294653787327,28.7366754742143,6.55014305091715,0.726796595384118,358,0,0.741053718907359,0.741053718907359,NaN,0.347632941229272,1.40347858842538,950,355.184274318483,0.37387818349314,3,1,0,0,0,0,0,0,0,0,0
90.6,UrbanCanyon,10,2.74453277449531,29.7366875198421,5.17324582918156,0.77381405815546,303,0.246654694125484,0.727180418964158,0.794472649275996,5.24023319906534,0.366076309491431,1.46987471416915,950,427.524457134517,0.450025744352123,5,0,1,0,0,0,0,0,0,0,0
90.7,UrbanCanyon,9,2.83285693252046,31.1416904958202,4.84853604823144,0.838895554427861,296,0,0.765010021466667,0.765010021466667,NaN,0.318050725027741,1.29698261009987,950,513.267909348698,0.540282009840735,3,1,0,0,0,0,0,0,0,0,0
90.8,UrbanCanyon,9,3.05227679813231,31.1056385003142,4.77827769691289,0.305165079794156,141,0.237904011244301,0.279535603462084,0.450936973357159,5.34632236862022,1.47767236669686,5.47162052010869,1500,1178.2894638048,0.785526309203203,5,0,1,0,0,0,0,0,0,0,0
90.9,UrbanCanyon,10,3.29701377504926,29.03450266461,7.34339028566958,0.692969100181791,316,0,0.6837392971218,0.6837392971218,NaN,0.430052080462532,1.70018748966512,1000,694.531955538864,0.694531955538864,3,1,0,0,0,0,0,0,0,0,0
91,UrbanCanyon,7,2.94541569032886,29.8322674795768,4.94604798792418,0.756798471243315,352,0.208462824890153,0.756204975733021,0.807027175185879,5.71224879664701,0.328590034643342,1.33492412471603,1000,639.379772616266,0.639379772616266,5,0,1,0,0,0,0,0,0,0,0
91.1,UrbanCanyon,9,3.21709163518593,28.3642230053951,5.46414118701812,0.848893482156302,307,0,0.780783633044722,0.780783633044722,NaN,0.300139538852677,1.23250233986964,1000,533.404829968033,0.533404829968033,3,1,0,0,0,0,0,0,0,0,0
91.2,UrbanCanyon,8,2.91158025530473,31.6591139375881,4.21589071795534,0.773505668037469,316,0.237604935255553,0.737698797585104,0.800022857802349,5.34996987797352,0.352004801970751,1.4192172870947,1000,113.320304592979,0.113320304592979,5,0,1,0,0,0,0,0,0,0,0
91.3,UrbanCanyon,6,2.50624258110432,28.6932114610604,5.66553866284935,0.819991574431895,323,0,0.77461935486937,0.77461935486937,NaN,0.306991087998747,1.25716791679549,1000,324.749824636684,0.324749824636684,3,1,0,0,0,0,0,0,0,0,0
91.4,UrbanCanyon,7,4.79654958197373,20.691283500842,10.4636920261238,0.980916201942976,366,0.0894956472057905,0.917913855301794,0.925260207948188,7.33214541165762,0.3,0.860643216362734,750,170.734897058446,0.227646529411261,5,0,1,0,0,0,0,0,0,0,1
91.5,UrbanCanyon,8,3.5751731778906,28.8024923602963,4.45758040780484,0.772163962612599,285,0,0.711224854950441,0.711224854950441,NaN,0.388477710995984,1.55051975958554,1000,885.199097320515,0.885199097320515,3,1,0,0,0,0,0,0,0,0,0
91.6,UrbanCanyon,8,3.89436597702284,29.3732997513696,4.15018685110929,0.848564814495641,312,0.199918317992625,0.78468842571208,0.827733153488065,5.82104558307,0.3,1.21723166620108,1000,435.002619497461,0.435002619497461,5,0,1,0,0,0,0,0,0,0,1
91.7,UrbanCanyon,6,3.36083818624139,30.3174156284064,5.23788130736429,0.928257833364673,323,0,0.847157748354331,0.847157748354331,NaN,0.3,1.01024678499306,800,497.415110790996,0.621768888488745,3,1,0,0,0,0,0,0,0,0,1
91.8,UrbanCanyon,8,2.82494196186261,28.0002160086818,5.32815421750244,0.698499306921056,337,0.209017862233962,0.704769535637108,0.766477976164579,5.70522193811946,0.397902567719823,1.58444924379136,1050,911.61002727402,0.868200025975257,5,0,1,0,0,0,0,0,0,0,0
91.9,UrbanCanyon,10,3.32360607871087,28.4820015567458,4.73282486196165,0.797264965386131,367,0,0.795692526808708,0.795692526808708,NaN,0.3,1.17567389241629,1050,740.222835638084,0.704974129179127,3,1,0,0,0,0,0,0,0,0,1
92,UrbanCanyon,11,3.08180973004184,27.8191525893239,4.88343060708724,0.749906846382421,304,0.237701107880631,0.711987587076222,0.780448456711578,5.34879680741134,0.387377874995442,1.54656034998359,1050,545.873547495802,0.519879569043621,5,0,1,0,0,0,0,0,0,0,0
92.1,UrbanCanyon,8,2.95669760194254,26.3712294629411,6.66289100528915,0.665017007287642,324,0,0.67161139488272,0.67161139488272,NaN,0.449597689927182,1.77055168373785,1050,456.898547427834,0.435141473740794,3,1,0,0,0,0,0,0,0,0,0
92.2,UrbanCanyon,8,3.49289193066659,28.2274787191295,4.36127401108286,0.867941823387006,300,0.199318669484981,0.787771021669294,0.830072219256327,5.82872474428241,0.3,1.20537025318966,1050,280.651990373021,0.267287609879067,5,0,1,0,0,0,0,0,0,0,1
92.3,UrbanCanyon,10,2.97959342846761,29.7791215973868,4.86917314267715,0.679028619715226,353,0,0,0,NaN,NaN,NaN,1700,1700.00000000002,1.00000000000001,0,1,0,0,0,1,0,0,1,0,0
92.4,UrbanCanyon,9,2.89898946402128,24.4318053090788,5.41635962193786,0.738156199458792,341,0.194308485716983,0.734639653637391,0.786201420708443,5.89311052950129,0.35604028355421,1.43374502079515,950,584.732077400716,0.615507449895491,5,0,1,0,0,0,0,0,0,0,0
92.5,UrbanCanyon,6,3.37581070013637,27.7669094623406,6.34926493939779,0.905684700921229,339,0,0.845233749617224,0.845233749617224,NaN,0.3,1.0155733303179,950,258.070880149913,0.27165355805254,3,1,0,0,0,0,0,0,0,0,1
92.6,UrbanCanyon,9,3.18541066008305,29.2468126912609,4.6038341587629,0.780236050093661,330,0.223274557257536,0.753758153562753,0.808737692804308,5.52641930722781,0.331587617342062,1.34571542243142,950,452.425523420865,0.476237393074594,5,0,1,0,0,0,0,0,0,0,0
92.7,UrbanCanyon,8,3.52033437895428,28.5389263220576,5.03000057743877,0.757630912881179,304,0,0.71716271163039,0.71716271163039,NaN,0.379992329230684,1.51997238523046,950,581.579951859127,0.612189423009608,3,1,0,0,0,0,0,0,0,0,0
92.8,UrbanCanyon,7,2.55366184360948,27.0305807448732,4.75784293196083,0.966661639310234,330,0.202844985720502,0.878663298337857,0.903275839853887,5.78364893432757,0.3,0.932503356532231,950,195.918551106225,0.206230053796027,5,0,1,0,0,0,0,0,0,0,1
92.9,UrbanCanyon,8,2.81303179543825,29.6438042647194,4.5360333048467,0.940201862308468,382,0,0.903835247746674,0.903835247746674,NaN,0.3,0.883228936183493,750,269.98738228308,0.35998317637744,3,1,0,0,0,0,0,0,0,0,1
93,UrbanCanyon,9,2.91964737006572,28.5075313394864,6.2478903074187,0.807132849849719,398,0.216298202317078,0.827879009399312,0.865108470247276,5.61350806153155,0.3,1.06663071864826,750,489.356172288759,0.652474896385013,5,0,1,0,0,0,0,0,0,0,1
93.1,UrbanCanyon,8,3.09106037888953,28.539953330551,4.84160711590249,0.805140558672425,263,0,0.715169174310525,0.715169174310525,NaN,0.382821498157371,1.53015739336654,1050,918.97768496923,0.875216842827839,3,1,0,0,0,0,0,0,0,0,0
93.2,UrbanCanyon,7,3.12519334121138,30.7096641634454,4.64311002862624,0.940163164305406,341,0.211305567769679,0.869984320084622,0.897457357148102,5.67631125944887,0.3,0.952136693214721,800,315.788182893276,0.394735228616595,5,0,1,0,0,0,0,0,0,0,1
93.3,UrbanCanyon,8,3.56505504494428,27.4730996179813,3.9570223364761,0.290512227754708,157,0,0.282918192595654,0.282918192595655,NaN,1.46551579627571,5.42785686659254,1450,1172.81305246613,0.808836587907679,3,1,0,0,0,0,0,0,0,0,0
93.4,UrbanCanyon,8,2.93799488459335,26.6384212885615,4.63250689041198,0.714460681615586,307,0.200988792393037,0.690713656682442,0.752876745329497,5.8073512790523,0.419145105406865,1.66092237946471,1000,520.467898092081,0.520467898092081,5,0,1,0,0,0,0,0,0,0,0
93.5,UrbanCanyon,8,2.57653505891347,26.2084385344149,4.57384439176691,0.86352624261942,351,0,0.826887582555011,0.826887582555011,NaN,0.3,1.06971118166283,1000,183.484192388314,0.183484192388314,3,1,0,0,0,0,0,0,0,0,1
93.6,UrbanCanyon,8,3.55309961619046,28.6876523692741,6.86950311568687,0.703562499857208,375,0.187388326993936,0.739511874904329,0.788324308867794,5.98270184884572,0.349635158289644,1.41068656984272,1000,187.015557527032,0.187015557527032,5,0,1,0,0,0,0,0,0,0,0
93.7,UrbanCanyon,10,2.60345816383889,26.9871443854012,6.18059114388234,0.800416108523523,363,0,0.794503792710761,0.794503792710761,NaN,0.3,1.18005822089236,1000,272.987560947436,0.272987560947436,3,1,0,0,0,0,0,0,0,0,1
93.8,UrbanCanyon,8,2.72961652422597,25.4707362456414,5.15021004481354,0.860948286719774,296,0.196164713484622,0.779785352102249,0.822983695412228,5.86920934277807,0.301236227871827,1.23645042033858,1000,155.381417454437,0.155381417454437,5,0,1,0,0,0,0,0,0,0,0
93.9,UrbanCanyon,9,2.78680308833497,28.1512621249596,4.87402699230406,0.716269863487902,355,0,0.731525808536894,0.731525808536894,NaN,0.360195978704421,1.44870552333592,1000,692.414361969978,0.692414361969978,3,1,0,0,0,0,0,0,0,0,0
94,UrbanCanyon,7,3.54198753375499,29.5094091025216,4.30040440717918,0.264162017394582,146,0.195631628785719,0.25618855165437,0.401701596803691,5.87606781287932,1.56313867672506,5.77929923621021,1450,1310.7511245652,0.903966292803589,5,0,1,0,0,0,0,0,0,0,0
94.1,UrbanCanyon,6,2.90200875441602,28.13268308603,6.3928404344414,0.713549785954019,356,0,0.730528356589193,0.730528356589193,NaN,0.361537416506303,1.45353469942269,950,456.475277061039,0.480500291643199,3,1,0,0,0,0,0,0,0,0,0
94.2,UrbanCanyon,7,2.98702274418594,28.0996580187361,5.17681741866683,0.768798222919618,248,0.194517186388117,0.678444809356144,0.740992820308682,5.89042050419292,0.438494351575016,1.73057966567006,950,542.853604003221,0.57142484631918,5,0,1,0,0,0,0,0,0,0,0
94.3,UrbanCanyon,7,3.440248316796,31.4158132917189,4.59782138388207,0.802826495945384,296,0,0.740843752283407,0.740843752283407,NaN,0.34790490182636,1.4044576465749,950,452.488422656225,0.476303602796026,3,1,0,0,0,0,0,0,0,0,0
94.4,UrbanCanyon,8,3.0314410401932,27.3932373683917,5.89767786376805,0.782014005069701,360,0.196169127874597,0.7796993833967,0.822915563226005,5.86915256785509,0.301330904189486,1.23679125508215,950,399.719302049257,0.420757160051849,5,0,1,0,0,0,0,0,0,0,0
94.5,UrbanCanyon,7,2.82424361703643,27.7398133010713,4.92223807109693,0.783417245369613,336,0,0.760839554397641,0.760839554397641,NaN,0.322994296851798,1.31477946866647,950,623.93167853572,0.656770187932337,3,1,0,0,0,0,0,0,0,0,0
94.6,UrbanCanyon,9,2.83682707264851,27.6315929032865,4.21486670672394,0.713144607446242,359,0.224619695141129,0.732731886988982,0.792765569054462,5.50971693730429,0.358580610581175,1.44289019809223,950,331.101223387543,0.348527603565834,5,0,1,0,0,0,0,0,0,0,0
94.7,UrbanCanyon,11,2.7520375377743,30.7547194770909,4.61631481447179,0.760400148681394,358,0,0.763568099616534,0.763568099616534,NaN,0.319750108797343,1.30310039167043,950,452.221227461835,0.476022344696669,3,1,0,0,0,0,0,0,0,0,0
94.8,UrbanCanyon,7,2.64387905540241,28.9758741824067,4.54780507356302,0.750675347822045,264,0.214158113115688,0.67950248304077,0.748139626531022,5.64037976945516,0.436796645942579,1.72446792539329,950,747.544104562716,0.786888531118648,5,0,1,0,0,0,0,0,0,0,0
94.9,UrbanCanyon,11,3.07678306906228,25.664774973866,5.33477492364043,0.881853674824829,382,0,0.864741962132636,0.864741962132636,NaN,0.3,0.964652631269564,800,549.651240804604,0.687064051005755,3,1,0,0,0,0,0,0,0,0,1
95,UrbanCanyon,6,3.25861455335338,30.8056835593997,4.92540898619336,0.773147858093889,291,0.195360791143953,0.716834064922905,0.772153586024584,5.87955405142788,0.380457366970213,1.52164652109277,1000,899.716323960838,0.899716323960838,5,0,1,0,0,0,0,0,0,0,0
95.1,UrbanCanyon,6,3.60754427942839,28.9418481742456,5.038082994365,0.689772349689052,303,0,0.670872474291665,0.670872474291665,NaN,0.450812320447227,1.77492435361002,1000,758.24020233467,0.75824020233467,3,1,0,0,0,0,0,0,0,0,0
95.2,UrbanCanyon,9,2.93413445363166,28.3841196367521,5.23006722112,0.804822706954187,359,0,0.794156213659305,0.794156213659305,NaN,0.3,1.18134497937566,1000,550.383476255778,0.550383476255778,3,1,0,0,0,0,0,0,0,0,1
95.3,UrbanCanyon,10,3.18118004880043,26.617043971188,4.69445710756805,0.778693037851549,330,0,0.752724335360538,0.752724335360538,NaN,0.332863135807219,1.35030728890599,1000,319.856149303757,0.319856149303757,3,1,0,0,0,0,0,0,0,0,0
95.4,UrbanCanyon,8,2.78747099049001,26.511476409636,4.12243220622909,0.827348220807062,331,0.207843660783736,0.786148307940731,0.830596026483126,5.7200933260841,0.3,1.21159291576951,1000,661.110475040749,0.661110475040749,5,0,1,0,0,0,0,0,0,0,1
95.5,UrbanCanyon,8,2.89652190242341,30.751445352972,4.32088288282005,0.850013831938299,406,0,0.86320926739866,0.86320926739866,NaN,0.3,0.968405340730501,1000,48.730594225649,0.048730594225649,3,1,0,0,0,0,0,0,0,0,1
95.6,UrbanCanyon,8,3.29024545757381,31.3651060783999,7.27904618349847,0.781492856668422,314,0,0.741400213967843,0.741400213967843,NaN,0.347184623339694,1.4018646440229,1000,351.39666916404,0.35139666916404,3,1,0,0,0,0,0,0,0,0,0
95.7,UrbanCanyon,8,2.87797908987603,29.1604220363264,5.72142501251215,0.814809337645003,285,0,0.739797256222152,0.739797256222152,NaN,0.349263669673801,1.40934921082568,1000,712.355598840657,0.712355598840657,3,1,0,0,0,0,0,0,0,0,0
95.8,UrbanCanyon,10,2.63553698696299,28.9963003524478,4.2304942821089,0.78826593086387,359,0.251027521432592,0.783063173678793,0.837520287497658,5.18767818921125,0.3,1.22355427952886,1000,281.030439008051,0.281030439008051,5,0,1,0,0,0,0,0,0,0,1
95.9,UrbanCanyon,8,3.16089590870427,30.1248204906293,6.55907449352962,0.778507166271844,341,0,0.761674801402136,0.761674801402136,NaN,0.321997250716779,1.3111901025804,1000,245.614029632267,0.245614029632267,3,1,0,0,0,0,0,0,0,0,0
96,UrbanCanyon,7,2.96841696997586,27.3745473784506,4.56050233325754,0.81778680046857,346,0.194007493840545,0.792117156313942,0.83244798582992,5.89699135988159,0.3,1.18893749029102,1000,686.228589788214,0.686228589788214,5,0,1,0,0,0,0,0,0,0,1
96.1,UrbanCanyon,6,2.94075223350733,27.7280028629254,4.7793291523845,0.904828766491222,366,0,0.866935273549119,0.866935273549119,NaN,0.3,0.959355992829031,1000,448.038589919755,0.448038589919755,3,1,0,0,0,0,0,0,0,0,1
96.2,UrbanCanyon,5,5.69164529491156,19.9590820495746,9.09792884074406,0.780711184059611,368,0.0552847379055184,0.78542649331994,0.797289133398215,7.83989541147396,0.3,1.2143761079208,1000,190.506840250372,0.190506840250372,5,0,1,0,0,0,0,0,0,0,1
96.3,UrbanCanyon,5,2.6658379347131,28.9337346771948,4.63999645393126,0.816027134821222,265,0,0.724113180330219,0.724113180330219,NaN,0.370283843168766,1.48502183540756,1000,870.392169190437,0.870392169190437,3,1,0,0,0,0,0,0,0,0,0
96.4,UrbanCanyon,9,3.01958738774468,30.0810916689743,3.60923812686631,0.261771364478979,178,0.24002156369183,0.280986814200916,0.453565483371456,5.32053778922729,1.47244990338237,5.45281965217653,1400,1284.24467126629,0.917317622333063,5,0,1,0,0,0,0,0,0,0,0
96.5,UrbanCanyon,7,3.32685059554767,31.250869867757,4.15430692154209,0.809124745125159,335,0,0.777238579233856,0.777238579233856,NaN,0.304056626454377,1.24660385523576,900,230.51007572298,0.256122306358867,3,1,0,0,0,0,0,0,0,0,0
96.6,UrbanCanyon,9,2.77083254443508,28.7210425878046,4.64086690243362,0.950526266166768,384,0.230941494823477,0.912402598331734,0.932632473215656,5.43160787507479,0.3,0.869059743011283,750,38.0894596197484,0.0507859461596646,5,0,1,0,0,0,0,0,0,0,1
96.7,UrbanCanyon,8,3.18720224108017,31.9695553572851,4.31454452055528,0.709790763664768,319,0,0.697484811655395,0.697484811655395,NaN,0.40878859794793,1.62363895261255,1000,776.874442174228,0.776874442174228,3,1,0,0,0,0,0,0,0,0,0
96.8,UrbanCanyon,10,2.82369277050132,29.5912853843662,3.57889417583521,0.685555369714061,316,0,0.678772097708421,0.678772097708421,NaN,0.437968413026621,1.72868628689584,1000,721.97501696869,0.72197501696869,3,1,0,0,0,0,0,0,0,0,0
96.9,UrbanCanyon,9,2.90890905069652,33.2758838498034,4.45695698485252,0.826381454895774,354,0,0.804475574780168,0.804475574780168,NaN,0.3,1.14406820771791,1000,606.155410243756,0.606155410243756,3,1,0,0,0,0,0,0,0,0,1
97,UrbanCanyon,6,3.25917726914424,29.0174244228026,5.90036824481562,0.758246307943645,375,0.17809978412069,0.776150026322242,0.816017658309673,6.10415971889965,0.305272026788832,1.2509792964398,1000,315.950178037933,0.315950178037933,5,0,1,0,0,0,0,0,0,0,0
97.1,UrbanCanyon,8,3.24994884781437,29.9326926574262,3.57255309832308,0.300001205791077,142,0,0.276900807880021,0.276900807880021,NaN,1.48718110411141,5.50585197480109,1450,1169.55627479684,0.806590534342647,3,1,0,0,0,0,0,0,0,0,0
97.2,UrbanCanyon,8,2.2741356061212,29.0034893115626,5.17301992634625,0.656237756808825,323,0.234324890827987,0.664904297061913,0.743425561069808,5.39006698244459,0.460722825318927,1.81060217114814,1000,761.336796694819,0.761336796694819,5,0,1,0,0,0,0,0,0,0,0
97.3,UrbanCanyon,8,2.62541470182875,30.4235672688235,5.8714627275195,0.754619991891975,329,0,0.735770394567623,0.735770394567623,NaN,0.354543210967374,1.42835555948255,1000,182.502649827036,0.182502649827036,3,1,0,0,0,0,0,0,0,0,0
97.4,UrbanCanyon,10,3.15686004046643,29.3096784971964,5.34835816819938,0.843311795378247,312,0,0.781168902903426,0.781168902903426,NaN,0.3,1.23098344150841,1000,345.465859953539,0.345465859953539,3,1,0,0,0,0,0,0,0,0,1
97.5,UrbanCanyon,7,3.50236690424285,30.6118966481199,4.13217413418807,0.710369724835133,328,0,0.705297715639539,0.705297715639539,NaN,0.397123591018185,1.58164492766547,1000,729.118837299661,0.729118837299661,3,1,0,0,0,0,0,0,0,0,0
97.6,UrbanCanyon,10,2.82992101814622,29.2905797299694,4.70943074180944,0.780368924898539,369,0.243993836799492,0.786022179682021,0.838231449051397,5.27236255037722,0.3,1.2120785682923,1000,411.022636776005,0.411022636776005,5,0,1,0,0,0,0,0,0,0,1
97.7,UrbanCanyon,9,3.09387808649716,29.958407711202,4.28910783658903,0.845092210291252,364,0,0.825261780895139,0.825261780895139,NaN,0.3,1.07480100694345,1000,528.099572935419,0.528099572935419,3,1,0,0,0,0,0,0,0,0,1
97.8,UrbanCanyon,7,3.49038220188305,26.4772589233967,5.02586872980368,0.712471463652931,405,0,0.770230880647464,0.770230880647464,NaN,0.3119846205201,1.27514463387236,1000,150.842162789108,0.150842162789108,3,1,0,0,0,0,0,0,0,0,0
97.9,UrbanCanyon,7,3.20427044732336,28.5446950462868,5.17401524687561,0.89946051381014,325,0,0.829513544252794,0.829513544252794,NaN,0.3,1.0615906843392,1000,131.389655103582,0.131389655103582,3,1,0,0,0,0,0,0,0,0,1
98,UrbanCanyon,9,2.69601175341209,32.3922943272823,5.40044995038292,0.750182513610678,392,0,0.784772284119154,0.784772284119154,NaN,0.3,1.21690672714957,1000,268.918780726412,0.268918780726412,3,1,0,0,0,0,0,0,0,0,1
98.1,UrbanCanyon,6,2.97092771419556,27.7373085451026,4.50054162364768,0.83904199512805,263,0,0.737883136735794,0.737883136735794,NaN,0.351763125018666,1.4183472500672,1000,334.546481922195,0.334546481922195,3,1,0,0,0,0,0,0,0,0,0
98.2,UrbanCanyon,9,2.78429609656219,30.2386212832341,4.56034309431893,0.811746867763295,360,0.241073658951394,0.799620401401408,0.847926644414782,5.3077535290994,0.3,1.1613678518108,1000,847.603626335261,0.847603626335261,5,0,1,0,0,0,0,0,0,0,1
98.3,UrbanCanyon,8,2.79503824679062,28.7890974354989,5.1178162050742,0.750379192860379,337,0,0.739529059216454,0.739529059216454,NaN,0.349612777481663,1.41060599893399,1000,531.493704767922,0.531493704767922,3,1,0,0,0,0,0,0,0,0,0
98.4,UrbanCanyon,7,3.22882480590143,27.0392322869616,4.44958561252074,0.728436782487956,281,0.185694720522621,0.678627644266931,0.738304794048479,6.00474470547786,0.438200477573556,1.7295217192648,1000,484.022739895844,0.484022739895844,5,0,1,0,0,0,0,0,0,0,0
98.5,UrbanCanyon,8,2.83565067369,28.9684854192844,5.41368782300379,0.744897882638949,320,0,0.721831581368096,0.721831581368096,NaN,0.373444172810436,1.49639902211757,1000,894.514181040784,0.894514181040784,3,1,0,0,0,0,0,0,0,0,0
98.6,UrbanCanyon,9,2.8636387555442,30.7090302940723,5.46907935552201,0.736420293095207,360,0.236450585199836,0.749151596373789,0.808464848207651,5.36406167073338,0.337312304004546,1.36632429441637,1000,562.022910423918,0.562022910423918,5,0,1,0,0,0,0,0,0,0,0
98.7,UrbanCanyon,8,3.07389563965158,32.058919856235,6.08073974977288,0.725450648281793,314,0,0.703851934348801,0.703851934348801,NaN,0.399259191972367,1.58933309110052,1000,519.185162971448,0.519185162971448,3,1,0,0,0,0,0,0,0,0,0
98.8,UrbanCanyon,7,3.49443245611263,27.0132114475368,5.9123100975755,0.713727072175885,347,0.170726574892761,0.723222138357843,0.770475474682151,6.20155530871273,0.371514961738013,1.48945386225685,1000,428.17685805277,0.42817685805277,5,0,1,0,0,0,0,0,0,0,0
98.9,UrbanCanyon,7,3.04894075095103,29.119219281003,5.44925189423491,0.805300718047402,295,0,0.741676481091759,0.741676481091759,NaN,0.346827601052841,1.40057936379023,1000,802.270774099027,0.802270774099027,3,1,0,0,0,0,0,0,0,0,0
99,UrbanCanyon,8,3.09230554900796,27.7270683253782,4.98278272958803,0.778873768207069,379,0.201842027390605,0,0.201842027390605,5.79644919391952,NaN,NaN,1500,1498.53106080429,0.99902070720286,2,0,1,0,0,1,0,0,0,0,0
99.1,UrbanCanyon,8,3.07987565699301,26.6294373798606,4.67727876531999,0.800337496033265,296,0,0.739176122342287,0.739176122342287,NaN,0.350072737891014,1.41226185640765,950,719.906510936265,0.757796327301332,3,1,0,0,0,0,0,0,0,0,0
99.2,UrbanCanyon,8,3.05702085164623,29.5632353427243,6.03394479989018,0.819851715612606,338,0,0.786900649460446,0.786900649460446,NaN,0.3,1.20870199880342,950,255.350420954571,0.268789916794285,3,1,0,0,0,0,0,0,0,0,1
99.3,UrbanCanyon,7,2.62085186105704,26.8956110982416,6.3274566656613,0.8344198928701,365,0,0.818936328222967,0.818936328222967,NaN,0.3,1.09505647913643,950,327.547099048415,0.344786420050963,3,1,0,0,0,0,0,0,0,0,1
99.4,UrbanCanyon,8,2.81800765909119,29.6914669644313,3.76114346587702,0.769355647774927,270,0.230512875155937,0.696968284009201,0.766820996125678,5.43688348240626,0.409570552240821,1.62645398806695,950,692.394130265691,0.728835926595464,5,0,1,0,0,0,0,0,0,0,0
99.5,UrbanCanyon,8,2.96033860129525,28.4315048827376,4.74883371126666,0.823984194712639,311,0,0.767394410457468,0.767394410457468,NaN,0.315263400716072,1.28694824257786,950,661.08872799701,0.6958828715758,3,1,0,0,0,0,0,0,0,0,0
99.6,UrbanCanyon,7,3.06666498887596,28.9322966019984,5.97091713066542,0.842006176176162,358,0.193554434106447,0.818244138038029,0.853423791045608,5.90283560599498,0.3,1.09731674021785,950,213.237097523614,0.224460102656436,5,0,1,0,0,0,0,0,0,0,1
99.7,UrbanCanyon,7,2.81884174127746,29.0099858998848,4.1490773962311,0.70935061938456,337,0,0.712039914987655,0.712039914987655,NaN,0.387302526400792,1.54628909504285,950,749.039443282646,0.78846257187647,3,1,0,0,0,0,0,0,0,0,0
99.8,UrbanCanyon,9,3.13534041829763,32.1269718538334,5.66155147940615,0.707068735291547,265,0.237373534390249,0.651111052645336,0.733928055188606,5.35279300838736,0.484308743965613,1.89551147827621,950,432.069275112065,0.454809763275858,5,0,1,0,0,0,0,0,0,0,0
99.9,UrbanCanyon,6,2.71274065056064,25.9477721486093,4.23060337476308,0.788127435059105,306,0,0.7392453814896,0.7392453814896,NaN,0.34998242768626,1.41193673967054,950,624.7709257501,0.657653606052737,3,1,0,0,0,0,0,0,0,0,0
100,UrbanCanyon,7,3.05278627316996,29.8585005870333,3.67979783896795,0.769317893845164,373,0.214217352361913,0.78191798887626,0.828634939896949,5.63963495463298,0.3,1.22803787218198,950,409.2169196164,0.430754652227789,5,0,1,0,0,0,0,0,0,0,1
100.1,UrbanCanyon,8,2.93329146658483,29.8996502612105,4.98424475941027,0.732280638153324,378,0,0.761228027562727,0.761228027562727,NaN,0.322530137053964,1.31310849339427,950,648.270000757445,0.682389474481521,3,1,0,0,0,0,0,0,0,0,0
100.2,UrbanCanyon,10,2.77924694314641,29.0603710218446,5.14606622696666,0.83140183422028,366,0.241316389736231,0.817739228927588,0.861721740193324,5.30480656386293,0.3,1.09897089804719,950,478.489297212056,0.503672944433743,5,0,1,0,0,0,0,0,0,0,1
100.3,UrbanCanyon,8,3.43118778077655,28.9159762412515,4.21864916534577,0.868762303373889,321,0,0.805645743260505,0.805645743260505,NaN,0.3,1.13996219401485,950,184.726461572604,0.194448906918531,3,1,0,0,0,0,0,0,0,0,1
100.4,UrbanCanyon,7,2.63316761866161,27.5962476512976,5.17716634701537,0.893339292817417,306,0.201536696832325,0.80973732618767,0.848082236998293,5.80034917204348,0.3,1.12579896541596,950,710.773533210908,0.748182666537798,5,0,1,0,0,0,0,0,0,0,1
100.5,UrbanCanyon,8,3.07844060800821,27.0257720458576,5.22123468960677,0.867786961342128,287,0,0.776942264099226,0.776942264099226,NaN,0.304386883862949,1.24779278190662,950,463.08550643367,0.487458427824916,3,1,0,0,0,0,0,0,0,0,0
100.6,UrbanCanyon,8,3.05273586161669,29.102684989409,4.63530324079588,0.776818331486611,297,0.214111141519255,0.72424328209603,0.783285867748052,5.64097038307334,0.370104418672925,1.48437590722253,950,437.550361936953,0.460579328354688,5,0,1,0,0,0,0,0,0,0,0
100.7,UrbanCanyon,8,3.17891155746964,27.6789422103984,4.87555359068968,0.777030985154869,342,0,0.761510760053762,0.761510760053762,NaN,0.322192793925336,1.31189405813121,950,726.007042676553,0.76421793965953,3,1,0,0,0,0,0,0,0,0,0
100.8,UrbanCanyon,8,3.33633876617982,26.0178685099665,5.23246972450559,0.766126730554995,326,0.182980168405442,0.741004909471847,0.788395874752871,6.04017124175041,0.347696142294216,1.40370611225918,950,544.315579068512,0.572963767440539,5,0,1,0,0,0,0,0,0,0,0
100.9,UrbanCanyon,7,2.68812691839274,28.9492767686764,4.4391457147318,0.738598597831909,350,0,0.742361060547379,0.742361060547379,NaN,0.345944557805679,1.39740040810044,950,184.177522070864,0.193871075864067,3,1,0,0,0,0,0,0,0,0,0
101,UrbanCanyon,9,3.35104736229739,30.2877989815145,4.17261001968006,0.825334778297439,343,0.228933242216267,0.794699301459284,0.841699456005475,5.45635155967294,0.3,1.17933539139175,950,768.404309310444,0.808846641379415,5,0,1,0,0,0,0,0,0,0,1
101.1,UrbanCanyon,8,2.63194382999214,27.6370277108029,4.40835258692532,0.841746364993322,320,0,0.786720064545526,0.786720064545526,NaN,0.3,1.20939497780718,950,571.22982031071,0.601294547695484,3,1,0,0,0,0,0,0,0,0,1
101.2,UrbanCanyon,9,2.53558151767474,30.3069967760164,4.08890888247922,0.821297694847942,340,0.25237306548714,0.789519455548121,0.842639075776844,5.17156826567277,0.3,1.19871853633483,950,525.248535214042,0.55289319496215,5,0,1,0,0,0,0,0,0,0,1
101.3,UrbanCanyon,8,2.94319234571344,29.5722801702243,4.9916745305653,0.283979463516325,167,0,0.286791240555937,0.286791240555937,NaN,1.45166683636935,5.37800061092965,1500,1211.58294034308,0.807721960228721,3,1,0,0,0,0,0,0,0,0,0
101.4,UrbanCanyon,6,3.14393755042782,29.6008255916909,5.18812207411703,0.253516385129195,142,0.188740780219789,0.24575597803656,0.388112583218052,5.96513217342718,1.60221011166896,5.91995640200827,1500,1066.82350386816,0.711215669245443,5,0,1,0,0,0,0,0,0,0,0
101.5,UrbanCanyon,10,2.77679281628035,26.3993937749025,5.74557241522999,0.593352635014519,296,0,0.600496265459727,0.600496265459727,NaN,0.579008084779061,2.23642910520462,1100,942.870124989815,0.85715465908165,3,1,0,0,0,0,0,0,0,0,0
101.6,UrbanCanyon,8,2.97225081713181,30.003521709257,5.42599161431602,0.775214243509297,374,0.217529444339451,0.786693543151229,0.833093978183559,5.59808136380582,0.3,1.20949680080039,900,17.5499429949809,0.0194999366610899,5,0,1,0,0,0,0,0,0,0,1
101.7,UrbanCanyon,6,3.43334410313036,29.1215713832911,5.56513941031806,0.798994032166597,329,0,0.76550100155162,0.76550100155162,NaN,0.317474450683233,1.29490802245964,900,178.389939976016,0.198211044417796,3,1,0,0,0,0,0,0,0,0,0
101.8,UrbanCanyon,7,2.85204325608192,30.0105173561459,4.3406159929653,0.840658777641864,348,0.216117636194938,0.809091381020049,0.850350100483236,5.6157724822769,0.3,1.12801490720749,900,265.1222259743,0.294580251082555,5,0,1,0,0,0,0,0,0,0,1
101.9,UrbanCanyon,8,2.95616927988606,26.313225273924,4.3245030432348,0.847575470902561,375,0,0.836000565504716,0.836000565504716,NaN,0.3,1.04206233063296,900,559.38032345581,0.621533692728678,3,1,0,0,0,0,0,0,0,0,1
102,UrbanCanyon,10,2.82677825066551,28.288118098787,5.62916648585923,0.758795200346611,360,0,0.76414278423223,0.76414278423223,NaN,0.319071565574311,1.30065763606752,900,381.220410487606,0.423578233875118,3,1,0,0,0,0,0,0,0,0,0
102.1,UrbanCanyon,8,3.02425499791032,30.1504363530722,4.00905131403635,0.81324207478808,414,0,0.845172190108014,0.845172190108014,NaN,0.3,1.01574485644354,900,641.494639842884,0.712771822047649,3,1,0,0,0,0,0,0,0,0,1
102.2,UrbanCanyon,6,2.61656643103148,28.3760566680527,4.91332141337095,0.842123075222744,366,0.197310340389964,0.824922460399239,0.859467069332502,5.85448551715901,0.3,1.0758693038539,900,532.596562753157,0.591773958614619,5,0,1,0,0,0,0,0,0,0,1
102.3,UrbanCanyon,7,3.73069615393335,27.3711921674246,4.68338934829681,0.720345866151656,307,0,0.69465673032161,0.69465673032161,NaN,0.413086280844726,1.63911061104101,1100,585.667041528937,0.532424583208125,3,1,0,0,0,0,0,0,0,0,0
102.4,UrbanCanyon,6,3.37890942771008,31.7805332847715,3.876937428183,0.846360871767275,277,0.205830051760382,0.754336784084074,0.804901656531671,5.74564725349534,0.330876039135387,1.34315374088739,1100,624.112948125759,0.567375407387053,5,0,1,0,0,0,0,0,0,0,0
102.5,UrbanCanyon,9,2.844603610425,25.4994530379673,4.88257163232007,0.811976242528288,385,0,0.820399082493953,0.820399082493953,NaN,0.3,1.09030840612112,1100,448.536723565387,0.407760657786716,3,1,0,0,0,0,0,0,0,0,1
102.6,UrbanCanyon,7,2.37309160536476,29.8912248897695,5.3686849422037,0.902850306605919,352,0.224130244414027,0.854059705425966,0.886769339318699,5.5157910210643,0.3,0.991687126223203,800,129.110340121717,0.161387925152146,5,0,1,0,0,0,0,0,0,0,1
102.7,UrbanCanyon,9,2.87962305678749,30.303519390922,5.00643419521892,0.65338458147174,223,0,0.580492669586066,0.580492669586066,NaN,0.619966000677565,2.38387760243923,1100,1055.86657323528,0.959878702941163,3,1,0,0,0,0,0,0,0,0,0
102.8,UrbanCanyon,9,2.73663507294104,30.1648172629117,5.45918145707906,0.780135473802336,384,0.236637780114421,0.798240767447565,0.845984624356362,5.36177502998911,0.3,1.16636109128133,850,159.915099597691,0.188135411291401,5,0,1,0,0,0,0,0,0,0,1
102.9,UrbanCanyon,7,3.11018010454087,29.0040294537639,5.03473749853853,0.728764724721212,268,0,0.668122365563212,0.668122365563212,NaN,0.455356910598396,1.79128487815423,1050,682.354697724236,0.649861616880225,3,1,0,0,0,0,0,0,0,0,0
103,UrbanCanyon,7,3.27949826361546,29.8319913549789,5.79140430040318,0.718170924066208,363,0,0.73939951912436,0.73939951912436,NaN,0.349781526581537,1.41121349569353,1050,484.737911409343,0.461655153723184,3,1,0,0,0,0,0,0,0,0,0
103.1,UrbanCanyon,9,3.30376400066669,27.947529854336,6.93619009579896,0.850515702785661,319,0,0.791770520866393,0.791770520866393,NaN,0.3,1.19023564382228,1050,529.673230986775,0.504450696177881,3,1,0,0,0,0,0,0,0,0,1
103.2,UrbanCanyon,9,3.08351040845918,28.3933074090512,3.98390234982198,0.798122163185042,341,0.224442029728272,0.774816849333979,0.825357412730068,5.51192132201602,0.30676862835969,1.25636706209489,1050,180.898283797977,0.172284079807597,5,0,1,0,0,0,0,0,0,0,0
103.3,UrbanCanyon,8,3.36600280811285,28.6589666074228,4.02152116705658,0.652455836908728,326,0,0.664845410728848,0.664845410728848,NaN,0.460821496773787,1.81095738838563,1050,964.928828804898,0.918979836957046,3,1,0,0,0,0,0,0,0,0,0
103.4,UrbanCanyon,10,2.49021950450227,29.4089814815471,5.95285772480485,0.798000001717915,282,0.248243545072025,0.726060001151003,0.794063837602305,5.22110214020702,0.367607807423471,1.47538810672449,1050,554.686534521551,0.528272890020525,5,0,1,0,0,0,0,0,0,0,0
103.5,UrbanCanyon,9,2.62627178791074,28.8342621157016,7.14553259001671,0.710737046242331,297,0,0.679968820982362,0.679968820982362,NaN,0.436049888858548,1.72177959989077,1050,670.244943218762,0.638328517351202,3,1,0,0,0,0,0,0,0,0,0
103.6,UrbanCanyon,6,3.06172111489742,29.5248466762803,5.93246886158823,0.864743518512985,309,0,0.7930531574037,0.7930531574037,NaN,0.3,1.1854429609452,1050,273.795180218803,0.260757314494098,3,1,0,0,0,0,0,0,0,0,1
103.7,UrbanCanyon,9,2.35438942613365,26.3627739342968,6.06987982147095,0.767838095606847,338,0,0.752051524056588,0.752051524056588,NaN,0.333696116806652,1.35330602050395,1050,662.318421144557,0.630779448709102,3,1,0,0,0,0,0,0,0,0,0
103.8,UrbanCanyon,9,3.17046498291117,27.6457126361018,4.93138977707496,0.696512490087071,229,0,0.614338368358337,0.614338368358337,NaN,0.551837235301273,2.13861404708458,1050,782.676861597939,0.74540653485518,3,1,0,0,0,0,0,0,0,0,0
103.9,UrbanCanyon,11,3.16640292916724,26.8305859038284,5.85673864417006,0.818347734466944,360,0,0.804042982092853,0.804042982092853,NaN,0.3,1.14559237580356,1050,310.877776624223,0.29607407297545,3,1,0,0,0,0,0,0,0,0,1
104,UrbanCanyon,7,3.09933338213848,29.0853022887472,4.44129576714187,0.753451936644504,327,0.202559886492766,0.733337797551818,0.787352863011633,5.78728587704344,0.357771825536288,1.43997857193064,1050,855.890022280797,0.81513335455314,5,0,1,0,0,0,0,0,0,0,0
104.1,UrbanCanyon,7,2.76663359890018,26.9082585154101,4.59251472312191,0.753425249416037,351,0,0.753119917108744,0.753119917108744,NaN,0.332374438320983,1.34854797795554,1050,663.239827734257,0.63165697879453,3,1,0,0,0,0,0,0,0,0,0
104.2,UrbanCanyon,8,2.90868108611629,28.3159438461619,4.2779429855225,0.794984529933967,326,0.215201142228037,0.760339635055758,0.811914819338547,5.62727397728142,0.323592726313018,1.31693381472686,1050,561.386844899085,0.534654137999128,5,0,1,0,0,0,0,0,0,0,0
104.3,UrbanCanyon,8,2.48110779595075,32.3842966625532,4.6990510116062,0.753735278156244,322,0,0.729402636364683,0.729402636364683,NaN,0.363057333015959,1.45900639885745,1050,380.263025900539,0.362155262762418,3,1,0,0,0,0,0,0,0,0,0
104.4,UrbanCanyon,7,3.12613395925624,30.5102049283806,4.02967231982892,0.901403620952314,318,0.214060991258061,0.825040426038051,0.862492445870434,5.64160100369809,0.3,1.07549767268852,850,497.022441159675,0.584732283717264,5,0,1,0,0,0,0,0,0,0,1
104.5,UrbanCanyon,6,3.03031987093284,29.1205943836395,4.42388434173665,0.799957380462823,344,0,0.778521444910091,0.778521444910091,NaN,0.302631875911784,1.24147475328242,1000,338.501503172371,0.338501503172371,3,1,0,0,0,0,0,0,0,0,0
104.6,UrbanCanyon,8,3.12357971810595,30.1758388588236,4.28698035261294,0.777933781118152,373,0.221609415458259,0.787690633349162,0.834740387988967,5.54713521682586,0.3,1.20567740450912,1000,274.870209886388,0.274870209886388,5,0,1,0,0,0,0,0,0,0,1
104.7,UrbanCanyon,9,3.06432352260879,31.5906540593421,6.8049110705806,0.849602153963778,374,0,0.836533443155732,0.836533443155732,NaN,0.3,1.04049183685868,1000,754.719100732545,0.754719100732545,3,1,0,0,0,0,0,0,0,0,1
104.8,UrbanCanyon,8,2.96088972497992,26.4451029486787,3.64227659678937,0.841190182408112,322,0.205918631366509,0.787997422213435,0.831652702877417,5.7445217600867,0.3,1.20450583689334,1000,394.510782245513,0.394510782245513,5,0,1,0,0,0,0,0,0,0,1
104.9,UrbanCanyon,9,2.73125311807396,29.3948656803574,3.79689809616792,0.75091788018798,282,0,0.694514979725946,0.694514979725946,NaN,0.413302744029597,1.63988987850655,1000,412.933024971343,0.412933024971343,3,1,0,0,0,0,0,0,0,0,0
105,UrbanCanyon,7,2.62607578226825,29.5229201283765,4.89246300428725,0.758074033080675,346,0.216166220414267,0.752109602164052,0.805695132541238,5.61516315215724,0.333624123348161,1.35304684405338,1000,320.652092123273,0.320652092123273,5,0,1,0,0,0,0,0,0,0,0
105.1,UrbanCanyon,7,3.04232327419902,29.696562270753,4.58070312623692,0.787994439358263,318,0,0.749056274370036,0.749056274370036,NaN,0.337431883582616,1.36675478089742,1000,555.490538047346,0.555490538047346,3,1,0,0,0,0,0,0,0,0,0
105.2,UrbanCanyon,8,2.4880143388214,30.4171170523015,5.01385009025788,0.699891070264767,385,0,0.745302017077394,0.745302017077394,NaN,0.34217765626211,1.3838395625436,1000,266.642252973649,0.266642252973649,3,1,0,0,0,0,0,0,0,0,0
105.3,UrbanCanyon,9,3.00984224981952,30.4132385904314,4.21705086351385,0.740339541049594,310,0,0.710527492503228,0.710527492503228,NaN,0.389485831491171,1.55414899336822,1000,897.341502395452,0.897341502395452,3,1,0,0,0,0,0,0,0,0,0
105.4,UrbanCanyon,9,3.22398862669624,28.991319634341,4.53571776890746,0.619961402596336,308,0.221055638209362,0.628224139739545,0.710407289800255,5.55403455012339,0.525543225681003,2.04395561245161,1000,870.089990602528,0.870089990602528,5,0,1,0,0,0,0,0,0,0,0
105.5,UrbanCanyon,9,3.01216905971265,30.3928848844463,4.77844962146906,0.733210732742007,352,0,0.740401190937145,0.740401190937145,NaN,0.348478854167132,1.40652387500167,1000,527.94105170372,0.52794105170372,3,1,0,0,0,0,0,0,0,0,0
105.6,UrbanCanyon,8,2.68042185234788,25.4483564442367,6.45320503765138,0.777765458009867,346,0.190686711020213,0.765302856866611,0.810056483176557,5.93990399775425,0.317706872487436,1.29574474095477,1000,472.301255253159,0.472301255253159,5,0,1,0,0,0,0,0,0,0,0
105.7,UrbanCanyon,9,2.76384063252292,24.3937160178671,4.82547155130328,0.689516357421731,310,0,0.67647595947256,0.67647595947256,NaN,0.441669511998002,1.74201024319281,1000,631.64046448976,0.63164046448976,3,1,0,0,0,0,0,0,0,0,0
105.8,UrbanCanyon,4,5.3976225429753,20.4364935285116,9.11394146539,0.860737919656199,343,0.0496988878499918,0.818419406169653,0.827443759738162,7.92457763002834,0.3,1.09674360850203,1000,245.711453420154,0.245711453420154,5,0,1,0,0,0,0,0,0,0,1
105.9,UrbanCanyon,8,3.15454186155215,27.1532802581613,5.67305738015141,0.275203496158966,160,0,0.275136342426507,0.275136342426507,NaN,1.49356830517705,5.52884589863739,1450,1350.98295008503,0.931712379368989,3,1,0,0,0,0,0,0,0,0,0
106,UrbanCanyon,8,3.23176396551163,29.6431033119808,3.81219307663637,0.716519605634004,402,0.218670055896601,0.770468135774783,0.820659881354962,5.58381185242097,0.311712191736759,1.27416389025233,900,530.563811085703,0.589515345650781,5,0,1,0,0,0,0,0,0,0,0
106.1,UrbanCanyon,8,2.78350384561848,31.9499487138532,4.34509981033167,0.736125216561439,345,0,0.736578895096164,0.736578895096164,NaN,0.353476696271894,1.42451610657882,1050,479.294508836456,0.456470960796624,3,1,0,0,0,0,0,0,0,0,0
106.2,UrbanCanyon,8,3.12145656775522,31.4740317438652,5.7925201047464,0.791414777289414,395,0.2212718135013,0.814872900783907,0.855836309755687,5.55134070758043,0.3,1.10844838577748,850,235.845716704189,0.277465549063751,5,0,1,0,0,0,0,0,0,0,1
106.3,UrbanCanyon,7,3.22619378906625,27.8932585738917,3.45195496038381,0.744791803799595,287,0,0.694535508545728,0.694535508545728,NaN,0.413271388848542,1.63977699985475,1000,815.674465832773,0.815674465832773,3,1,0,0,0,0,0,0,0,0,0
106.4,UrbanCanyon,9,2.46176583209477,29.3396487531736,5.25911491915407,0.743320057617162,298,0.241020732106766,0.702624438603499,0.774298114121944,5.308396232734,0.401080561289711,1.59589002064296,1000,338.494239522705,0.338494239522705,5,0,1,0,0,0,0,0,0,0,0
106.5,UrbanCanyon,10,3.17080579968237,28.5416295274246,6.12441391094548,0.668605853564306,342,0,0.688865921888085,0.688865921888085,NaN,0.422011036406377,1.67123973106296,1000,424.419879685371,0.424419879685371,3,1,0,0,0,0,0,0,0,0,0
106.6,UrbanCanyon,7,2.85991208883848,29.0351696037044,3.92719164281805,0.806312870040104,331,0.212309176685285,0.77205462292687,0.820449518262483,5.66365466507371,0.309897737322529,1.2676318543611,1000,64.3125808341372,0.0643125808341372,5,0,1,0,0,0,0,0,0,0,0
106.7,UrbanCanyon,10,2.96311227343483,29.0499245129042,5.08080633596995,0.781465286526761,391,0,0.80490674197293,0.80490674197293,NaN,0.3,1.14255241394855,1000,411.387562230931,0.411387562230931,3,1,0,0,0,0,0,0,0,0,1
106.8,UrbanCanyon,6,3.4053204289364,31.25517094915,5.28782701166149,0.743689870368989,340,0.19268459446689,0.737522213147222,0.788097639063517,5.91406531208872,0.35223647147783,1.42005129732019,1000,796.708188546493,0.796708188546493,5,0,1,0,0,0,0,0,0,0,0
106.9,UrbanCanyon,7,2.78661318780122,29.0380211390612,6.10044213383835,0.785240038515684,327,0,0.754635825805508,0.754635825805508,NaN,0.330508944945362,1.3418322018033,1000,321.473282187514,0.321473282187514,3,1,0,0,0,0,0,0,0,0,0
107,UrbanCanyon,10,3.46321469536589,26.9591883197169,5.22096672222082,0.76195389904663,320,0,0.733259112361242,0.733259112361242,NaN,0.357876752845781,1.44035631024481,1000,872.535685965754,0.872535685965754,3,1,0,0,0,0,0,0,0,0,0
107.1,UrbanCanyon,6,3.23778229932041,26.838548754011,5.66112139036659,0.850101635097444,331,0,0.801393095515287,0.801393095515287,NaN,0.3,1.155002322581,1000,351.325573216871,0.351325573216871,3,1,0,0,0,0,0,0,0,0,1
107.2,UrbanCanyon,9,2.87867089242889,29.6577031678349,5.87263379382725,0.761704277140842,334,0,0.744641865684364,0.744641865684364,NaN,0.343019441902906,1.38686999085046,1000,531.501474861837,0.531501474861837,3,1,0,0,0,0,0,0,0,0,0
107.3,UrbanCanyon,9,3.20388821747295,31.2334792359438,5.05865546446524,0.760836146627398,348,0,0.755610218240357,0.755610218240357,NaN,0.329315913571315,1.33753728885673,1000,162.618360214558,0.162618360214558,3,1,0,0,0,0,0,0,0,0,0
107.4,UrbanCanyon,8,3.53735907514907,27.2200955489174,4.01899102276944,0.887365528925424,319,0.194017588141415,0.816459904380034,0.852069911059465,5.89686118580306,0.3,1.10318270030168,1000,128.939734828507,0.128939734828507,5,0,1,0,0,0,0,0,0,0,1
107.5,UrbanCanyon,7,3.23311870032142,27.8733318947414,5.31025882669205,0.809756125774919,340,0,0.781786604269196,0.781786604269196,NaN,0.3,1.22855377468732,1000,137.594660642821,0.137594660642821,3,1,0,0,0,0,0,0,0,0,1
107.6,UrbanCanyon,8,5.04241956296986,22.215261772462,13.0677691395106,0.76797367047285,308,0.102710645711788,0.72739235921681,0.755392066027619,7.14102548255165,0.365787314533442,1.46883433232039,1000,814.379213457226,0.814379213457226,5,0,1,0,0,0,0,0,0,0,0
107.7,UrbanCanyon,7,3.06322556042905,27.2285872301463,3.94192683912934,0.765211317246649,361,0,0.769266582555255,0.769266582555255,NaN,0.313094774814328,1.27914118933158,1000,510.149563920117,0.510149563920117,3,1,0,0,0,0,0,0,0,0,0
107.8,UrbanCanyon,10,2.74365176260623,31.1714916449639,4.87416741621358,0.876751269601233,310,0.257931136929743,0.801923350632826,0.853013486003335,5.10532958030707,0.3,1.15310923122074,1000,259.064214864504,0.259064214864504,5,0,1,0,0,0,0,0,0,0,1
107.9,UrbanCanyon,7,2.6786564236218,30.9104535341455,4.6907205636877,0.903248867686639,339,0,0.843601741350048,0.843601741350048,NaN,0.3,1.02014373777864,1000,746.35228138503,0.74635228138503,3,1,0,0,0,0,0,0,0,0,1
108,UrbanCanyon,10,2.96531887389484,28.4494562735861,6.05642179640507,0.765922535870463,368,0.227048896139548,0.77551809903321,0.826486466851027,5.47962727167273,0.305980309654159,1.25352911475497,1000,450.090632214547,0.450090632214547,5,0,1,0,0,0,0,0,0,0,0
108.1,UrbanCanyon,10,3.03158341180508,31.3103143116942,4.53061153463445,0.851750537060787,292,0,0.770322859830728,0.770322859830728,NaN,0.311878971790839,1.27476429844702,1000,587.912751243814,0.587912751243814,3,1,0,0,0,0,0,0,0,0,0
108.2,UrbanCanyon,7,3.0625300030459,27.8687632786287,4.99627178338075,0.789883700717227,293,0,0.729697079480542,0.729697079480542,NaN,0.362659172103371,1.45757301957213,1000,74.2553988339422,0.0742553988339422,3,1,0,0,0,0,0,0,0,0,0
108.3,UrbanCanyon,9,2.89934765328761,28.7472248721488,4.70778686625736,0.768107522765894,439,0,0.835557040253149,0.835557040253149,NaN,0.3,1.04337338309274,1000,387.151941074671,0.387151941074671,3,1,0,0,0,0,0,0,0,0,1
108.4,UrbanCanyon,7,2.87201391192017,28.275496561946,4.32695589607866,0.763989812725284,437,0.20418576095427,0.83114817452594,0.865625312998879,5.76656242454348,0.3,1.0565984506933,1000,160.700368507038,0.160700368507038,5,0,1,0,0,0,0,0,0,0,1
108.5,UrbanCanyon,12,2.79928648773197,28.6489492747874,4.02042398672795,0.83511274374158,267,0,0.738550538306859,0.738550538306859,NaN,0.350889552549083,1.4152023891767,1000,753.999908155936,0.753999908155936,3,1,0,0,0,0,0,0,0,0,0
108.6,UrbanCanyon,11,3.1035388000521,27.7099346134745,5.04828977912593,0.869701722214072,312,0.235419370721394,0.798850153883429,0.846204724076897,5.37666830934455,0.3,1.16415134533448,1000,673.826789448576,0.673826789448576,5,0,1,0,0,0,0,0,0,0,1
108.7,UrbanCanyon,8,2.86803934997766,31.0962071091068,4.82722369024834,0.811151464322268,313,0,0.76044648109592,0.76044648109592,NaN,0.323464721048319,1.31647299577395,1000,548.601418120383,0.548601418120383,3,1,0,0,0,0,0,0,0,0,0
108.8,UrbanCanyon,7,2.72831002430145,28.3482453279655,5.14610290769992,0.805453212309989,339,0.203761242913656,0.778078652247693,0.823297621894777,5.77196926629125,0.303122711470501,1.2432417612938,1000,131.880036820466,0.131880036820466,5,0,1,0,0,0,0,0,0,0,0
108.9,UrbanCanyon,8,3.43417431152076,25.0177866616624,5.65000439945279,0.696362818016785,387,0,0.744588088071246,0.744588088071246,NaN,0.343088111887754,1.38711720279591,1000,791.664921297236,0.791664921297236,3,1,0,0,0,0,0,0,0,0,0
109,UrbanCanyon,7,2.83124867797486,29.053318646258,3.96879027905838,0.264428435837234,158,0.21295879809065,0.266267052010947,0.422521938734205,5.65547082802331,1.52591009741177,5.64527635068236,1400,1323.2454994815,0.945175356772503,5,0,1,0,0,0,0,0,0,0,0
109.1,UrbanCanyon,8,2.75776724069665,27.7418872318057,5.13377876287408,0.807850419097793,371,0,0.806084780795521,0.806084780795521,NaN,0.3,1.13842801015209,850,574.675036283552,0.67608827798065,3,1,0,0,0,0,0,0,0,0,1
109.2,UrbanCanyon,9,3.71709038445161,28.9841417008532,4.70127850239484,0.832111505307635,354,0,0.808314708556115,0.808314708556115,NaN,0.3,1.13068925860334,850,253.503055881115,0.2982388892719,3,1,0,0,0,0,0,0,0,0,1
109.3,UrbanCanyon,7,2.80028261812966,29.6264474210522,4.36227501335184,0.822026787504617,352,0,0.799907947628093,0.799907947628093,NaN,0.3,1.16033146480162,850,606.472483253669,0.713497039121963,3,1,0,0,0,0,0,0,0,0,1
109.4,UrbanCanyon,11,3.16003555843624,28.189381394973,5.35377877481097,0.774055890706891,295,0.235357734450327,0.720742446773617,0.78646787182912,5.3774223541195,0.374961952584966,1.50186302930588,850,567.437302155826,0.667573296653913,5,0,1,0,0,0,0,0,0,0,0
109.5,UrbanCanyon,9,2.82466665410976,26.811421393414,4.96535561676701,0.84968887446121,385,0,0.84566654588901,0.84566654588901,NaN,0.3,1.01436933552046,850,179.056959533721,0.21065524651026,3,1,0,0,0,0,0,0,0,0,1
109.6,UrbanCanyon,9,2.6437094520352,30.0175231401992,3.86349430741912,0.826352382328527,336,0.248625579835024,0.789606096160113,0.841915402496059,5.21650815422603,0.3,1.19839035295689,850,192.468604525621,0.226433652383084,5,0,1,0,0,0,0,0,0,0,1
109.7,UrbanCanyon,10,2.83998958115343,27.4426447958655,7.49709733948434,0.824878523658602,359,0,0.807593610851263,0.807593610851263,NaN,0.3,1.1331819672673,850,572.509155995686,0.673540183524337,3,1,0,0,0,0,0,0,0,0,1
109.8,UrbanCanyon,9,2.91405241762362,28.2837485659955,4.89779994160284,0.789558806798116,305,0.222326782809695,0.739379400554738,0.797322339963337,5.53820506188096,0.349807742138019,1.41130787169687,1000,800.791028890186,0.800791028890186,5,0,1,0,0,0,0,0,0,0,0
109.9,UrbanCanyon,9,3.02834802479201,25.7320389165218,5.98514763152445,0.61467558539538,330,0,0.642832642214905,0.642832642214905,NaN,0.498921303667966,1.94811669320468,1000,717.901529399835,0.717901529399835,3,1,0,0,0,0,0,0,0,0,0
110,UrbanCanyon,8,3.28003357139905,28.4021196030547,4.24122265463125,0.744473043330321,339,0.20627337413939,0.737221939031315,0.791426056317132,5.74001565280055,0.352630773316154,1.42147078393816,1000,416.972549093502,0.416972549093502,5,0,1,0,0,0,0,0,0,0,0
110.1,UrbanCanyon,7,3.1587328797944,28.1982401625306,4.03618683407,0.722006252642476,311,0,0.699069189270459,0.699069189270459,NaN,0.406398382115847,1.61503417561705,1000,908.82053516175,0.90882053516175,3,1,0,0,0,0,0,0,0,0,0
110.2,UrbanCanyon,8,2.62179544840931,29.7326668988351,4.19172281843819,0.778317686412133,328,0,0.750822849896129,0.750822849896129,NaN,0.335223130334717,1.35880326920498,1000,564.28768220172,0.56428768220172,3,1,0,0,0,0,0,0,0,0,0
110.3,UrbanCanyon,6,2.57432199779196,29.4844671964052,5.63173600143542,0.769546879168087,355,0,0.767221409042618,0.767221409042618,NaN,0.31546468102026,1.28767285167294,1000,392.421136575261,0.392421136575261,3,1,0,0,0,0,0,0,0,0,0
110.4,UrbanCanyon,7,2.73166667122477,27.9383035203555,4.27769203455401,0.766907463823865,333,0.206403944315285,0.74730300076199,0.799460658121351,5.7383575967867,0.339639433559738,1.37470196081506,1000,631.582164606417,0.631582164606417,5,0,1,0,0,0,0,0,0,0,0
110.5,UrbanCanyon,7,2.79944423112944,29.6622037100965,3.39897803744009,0.624218441168267,359,0,0.673151355582739,0.673151355582739,NaN,0.447075090893502,1.76147032721661,1000,450.560273459607,0.450560273459607,3,1,0,0,0,0,0,0,0,0,0
110.6,UrbanCanyon,9,2.84197845427917,28.9368639004411,4.52539038232904,0.720336475752249,372,0.231024451078991,0.748275438754007,0.806429967338962,5.43058715870694,0.338413136836219,1.37028729261039,1000,767.087445828081,0.767087445828081,5,0,1,0,0,0,0,0,0,0,0
110.7,UrbanCanyon,10,3.53904639285352,27.6182347805459,4.01706162286086,0.854639610071558,293,0,0.773083538747944,0.773083538747944,NaN,0.30872770096789,1.2634197234844,1000,261.606312339807,0.261606312339807,3,1,0,0,0,0,0,0,0,0,0
110.8,UrbanCanyon,8,2.96999551579153,27.268345493997,6.6736820265369,0.903085760498518,373,0,0.871542459534007,0.871542459534007,NaN,0.3,0.94851205732315,800,244.462950759709,0.305578688449636,3,1,0,0,0,0,0,0,0,0,1
110.9,UrbanCanyon,8,2.71510618631272,29.4795643136343,4.54800471955639,0.811128961737595,376,0,0.812406404364189,0.812406404364189,NaN,0.3,1.11672221411215,800,578.453159140705,0.723066448925881,3,1,0,0,0,0,0,0,0,0,1
111,UrbanCanyon,9,2.4556084226734,27.9265721809004,5.59623599220436,0.754864964887913,384,0.230023789520136,0.781309526474902,0.831613537927098,5.44290691763946,0.3,1.23042970889568,800,360.600299602596,0.450750374503245,5,0,1,0,0,0,0,0,0,0,1
111.1,UrbanCanyon,8,3.29841061428414,28.7618971984099,3.79309553650686,0.771396291025427,307,0,0.728860514987036,0.728860514987036,NaN,0.363791550832738,1.46164958299786,950,654.148853591501,0.688577740622633,3,1,0,0,0,0,0,0,0,0,0
111.2,UrbanCanyon,10,2.82553400907316,31.9867876505406,4.73561784256764,0.729156296380835,292,0.261752205805726,0.68818471857516,0.769803056292045,5.06007844506169,0.423071924325131,1.67505892757047,950,587.942561202968,0.61888690652944,5,0,1,0,0,0,0,0,0,0,0
111.3,UrbanCanyon,9,2.92699549456776,29.617874818902,6.67923600360074,0.712387511000721,346,0,0.721499632370483,0.721499632370483,NaN,0.37390613692444,1.49806209292799,950,165.691346139903,0.174411943305161,3,1,0,0,0,0,0,0,0,0,0
111.4,UrbanCanyon,9,3.23105350572265,28.6472210035855,5.163970724152,0.684692730489386,394,0.214757323886679,0.742544129427889,0.79783466321087,5.63284848311688,0.345708813230109,1.39655172762839,950,463.506174565415,0.487901236384648,5,0,1,0,0,0,0,0,0,0,0
111.5,UrbanCanyon,8,2.8135500374872,28.0501279561001,5.03305383952287,0.813484865771018,276,0,0.731484860066582,0.731484860066582,NaN,0.360250950933658,1.44890342336117,950,873.974635311521,0.919973300327917,3,1,0,0,0,0,0,0,0,0,0
111.6,UrbanCanyon,9,3.13298932224513,30.9182003665749,4.08016369964577,0.775324680650116,338,0.239139875156857,0.757067536035578,0.815162375139577,5.33126503661059,0.327540455119563,1.33114563843043,950,385.485227153509,0.405773923319483,5,0,1,0,0,0,0,0,0,0,0
111.7,UrbanCanyon,8,3.14396608551586,30.4948265201062,3.83385469079247,0.870105904240653,345,0,0.826345955841238,0.826345955841238,NaN,0.3,1.07140154347424,950,330.883289720447,0.348298199705734,3,1,0,0,0,0,0,0,0,0,1
111.8,UrbanCanyon,6,3.22429362505475,28.3415254445275,5.28533581273221,0.689932030818715,296,0.177834615244223,0.665204460648539,0.724742696574588,6.10764735912492,0.460220132924089,1.80879247852672,950,623.302597840512,0.656107997726855,5,0,1,0,0,0,0,0,0,0,0
111.9,UrbanCanyon,7,2.54132679132708,28.8701275318944,5.01307616189079,0.694365663951863,339,0,0.703649994847748,0.703649994847748,NaN,0.399558313884349,1.59040992998366,950,440.328020507607,0.463503179481692,3,1,0,0,0,0,0,0,0,0,0
112,UrbanCanyon,7,4.4136442004339,20.5433114913181,11.5147757354469,0.840020856868075,293,0.0918607958376331,0.76328897410161,0.785033437324179,7.29773451309326,0.320080274454671,1.30428898803681,950,568.654768151066,0.598583966474807,5,0,1,0,0,0,0,0,0,0,0
112.1,UrbanCanyon,7,2.83457653617727,30.647128348231,5.20190700691476,0.80677671531389,282,0,0.731940399260306,0.731940399260306,NaN,0.35963987387181,1.44670354593852,950,256.817445593517,0.270334153256333,3,1,0,0,0,0,0,0,0,0,0
112.2,UrbanCanyon,10,3.29910659578548,31.0278237020036,5.38002380656407,0.864492891675753,313,0.239021429443946,0.796185237422755,0.844901333315746,5.33270707876428,0.3,1.17386411699977,950,613.551803044917,0.645844003205176,5,0,1,0,0,0,0,0,0,0,1
112.3,UrbanCanyon,8,3.42391081448942,27.4711926205262,4.00198423451615,0.873801297653858,384,0,0.860996869428085,0.860996869428085,NaN,0.3,0.973896832779135,950,331.403179018442,0.34884545159836,3,1,0,0,0,0,0,0,0,0,1
112.4,UrbanCanyon,6,4.51340815755266,21.2188856467207,9.56785285768678,0.80244758599672,329,0.0879468083745774,0.767814882617802,0.788234822643643,7.35472819483296,0.314774821834462,1.28518935860406,950,462.473885704038,0.486814616530566,5,0,1,0,0,0,0,0,0,0,0
112.5,UrbanCanyon,9,3.38361481868828,29.5570862511815,4.80643675618187,0.739041272973759,328,0,0.724507652892419,0.724507652892419,NaN,0.36974008328711,1.4830642998336,950,517.011371993734,0.54422249683551,3,1,0,0,0,0,0,0,0,0,0
112.6,UrbanCanyon,8,2.73325598633307,30.6594948913711,4.14090098528585,0.738753213135118,306,0.23670691615529,0.706164652800529,0.775717511693535,5.36093065476134,0.395848028159585,1.5770529013745,950,583.998328345032,0.614735082468454,5,0,1,0,0,0,0,0,0,0,0
112.7,UrbanCanyon,9,2.59876276932502,26.6237787643736,5.8706663145026,0.690842819311428,347,0,0.707889688938657,0.707889688938657,NaN,0.393321084570887,1.56795590445519,950,522.216118233446,0.549701177087838,3,1,0,0,0,0,0,0,0,0,0
112.8,UrbanCanyon,9,3.21514102239086,29.6778021223188,4.89489517250001,0.777523308798491,293,0.223556645934579,0.721415616894989,0.783695007191699,5.52291425657888,0.374023146274999,1.49848332659,950,134.247512765147,0.141313171331733,5,0,1,0,0,0,0,0,0,0,0
112.9,UrbanCanyon,8,2.79065302519152,30.4608550446099,4.54288054412849,0.894397126243479,338,0,0.836846074583131,0.836846074583131,NaN,0.3,1.0395728304104,950,233.059907159553,0.245326218062688,3,1,0,0,0,0,0,0,0,0,1
113,UrbanCanyon,7,3.29672843488642,30.2090064356162,5.10827129021532,0.783785779786014,364,0.20085924712771,0.78418647245663,0.827534615118966,5.80900754321032,0.3,1.21917930803642,950,614.908107430664,0.647271692032278,5,0,1,0,0,0,0,0,0,0,1
113.1,UrbanCanyon,8,3.03565006593487,28.7283071675351,4.58557507727704,0.642833271867309,302,0,0.638598292151097,0.638598292151097,NaN,0.50652798609026,1.97550074992493,1100,751.864031282942,0.683512755711765,3,1,0,0,0,0,0,0,0,0,0
113.2,UrbanCanyon,8,2.56552036790775,28.4483177243261,6.18813241062393,0.823625869665098,361,0.215361562310752,0.808404332675616,0.849666674922566,5.6252598231954,0.3,1.13038009763728,900,607.87064344875,0.675411826054167,5,0,1,0,0,0,0,0,0,0,1
113.3,UrbanCanyon,7,2.62356406081701,28.383874626943,6.16074710974721,0.741959788355996,324,0,0.723163058198517,0.723163058198517,NaN,0.371596730864994,1.48974823111398,900,516.70431059753,0.574115900663922,3,1,0,0,0,0,0,0,0,0,0
113.4,UrbanCanyon,8,3.17602680736868,27.2700638594133,5.18021977874627,0.848625510514159,335,0.195499564755159,0.803704092044487,0.842079856613008,5.87776760247312,0.3,1.14678875132071,900,276.985603087596,0.30776178120844,5,0,1,0,0,0,0,0,0,0,1
113.5,UrbanCanyon,6,2.86479768490147,27.1858099979905,6.911433678309,0.914420317829005,305,0,0.823036612945433,0.823036612945433,NaN,0.3,1.08184436322042,900,533.713067337166,0.593014519263518,3,1,0,0,0,0,0,0,0,0,1
113.6,UrbanCanyon,10,3.10166846963239,28.1552512201099,4.83158295965572,0.670665917132357,377,0.22825709297944,0.719121164478679,0.783233750954226,5.46469691629236,0.377232300609533,1.51003628219432,1050,597.992345311696,0.569516519344472,5,0,1,0,0,0,0,0,0,0,0
113.7,UrbanCanyon,8,2.61083139579749,29.8362450201086,4.25041647169994,0.638058048432915,365,0,0.687373892450053,0.687373892450053,NaN,0.424337707804577,1.67961574809648,1050,417.6376127705,0.397750107400476,3,1,0,0,0,0,0,0,0,0,0
113.8,UrbanCanyon,8,3.1311611338217,28.3550779889394,4.26143011886085,0.734824008449825,423,0.209568404422267,0.800057085661383,0.841958803194865,5.69825685830048,0.3,1.15979452094798,850,302.332190899058,0.35568493046948,5,0,1,0,0,0,0,0,0,0,1
113.9,UrbanCanyon,11,2.81488983824363,31.6956456162838,5.01252114300738,0.773312492234715,327,0,0.746644369797259,0.746644369797259,NaN,0.34047268838857,1.37770167819885,850,634.255396983932,0.746182819981097,3,1,0,0,0,0,0,0,0,0,0
114,UrbanCanyon,8,3.30155024899482,26.8606579942107,4.63213003900169,0.704556385841724,329,0,0.702227778513955,0.702227778513955,NaN,0.401670739721835,1.59801466299861,1000,903.467192775118,0.903467192775118,3,1,0,0,0,0,0,0,0,0,0
114.1,UrbanCanyon,7,3.45793612745454,30.8558913991804,4.33237543455674,0.817143847605028,299,0,0.752911377895369,0.752911377895369,NaN,0.332631967933913,1.34947508456209,1000,351.652872930049,0.351652872930049,3,1,0,0,0,0,0,0,0,0,0
114.2,UrbanCanyon,9,2.95217850966057,26.6370878447421,4.7655119515303,0.830525622148059,381,0.211209024671075,0.829527166839199,0.865532567664007,5.67752962208285,0.3,1.06154888161283,1000,553.344418906302,0.553344418906302,5,0,1,0,0,0,0,0,0,0,1
114.3,UrbanCanyon,9,3.0410167706491,30.8296671172556,5.1924916034202,0.68932137221183,249,0,0.626020319381926,0.626020319381926,NaN,0.529652003787991,2.05874721363677,1000,452.339706891438,0.452339706891438,3,1,0,0,0,0,0,0,0,0,0
114.4,UrbanCanyon,8,2.99855321380867,28.2956439218277,4.23103006982155,0.883070745908207,328,0,0.821007399758499,0.821007399758499,NaN,0.3,1.08834515847092,1000,450.761288841262,0.450761288841262,3,1,0,0,0,0,0,0,0,0,1
114.5,UrbanCanyon,7,3.04522305942453,28.88501472832,4.89998139016802,0.800590564297721,338,0,0.773995678079473,0.773995678079473,NaN,0.307694883816893,1.25970158174081,1000,723.487408164907,0.723487408164908,3,1,0,0,0,0,0,0,0,0,0
114.6,UrbanCanyon,7,2.96825927264182,29.8001804527181,5.51136538002065,0.758260871878597,297,0.204366929084575,0.71180978415866,0.770706333562376,5.76425586827448,0.387634001266695,1.5474824045601,1000,607.190448618746,0.607190448618746,5,0,1,0,0,0,0,0,0,0,0
114.7,UrbanCanyon,8,2.89229673765386,30.2991250956716,5.50794077933679,0.722505819187076,335,0,0.719203898855341,0.719203898855341,NaN,0.377116126045104,1.50961805376237,1000,419.552877501996,0.419552877501996,3,1,0,0,0,0,0,0,0,0,0
114.8,UrbanCanyon,7,2.92270602234404,26.0284537514802,5.36796034307016,0.780130167404014,333,0.181533870693298,0.756162212160689,0.80042702960845,6.05909443857836,0.328642166945922,1.33511180100532,1000,485.721253638914,0.485721253638914,5,0,1,0,0,0,0,0,0,0,0
114.9,UrbanCanyon,9,3.27230819938424,31.6476562408858,4.27298758019681,0.797871262041557,320,0,0.757323745567843,0.757323745567843,NaN,0.327229411163052,1.33002588018699,1000,851.523664933731,0.851523664933731,3,1,0,0,0,0,0,0,0,0,0
115,UrbanCanyon,6,3.1178981269923,31.3726781005432,5.02174260808482,0.808601405779469,301,0.202085364488628,0.748837941872244,0.799594117934706,5.79334212450596,0.337705948607426,1.36774141498673,1000,464.525064128782,0.464525064128782,5,0,1,0,0,0,0,0,0,0,0
115.1,UrbanCanyon,8,2.92341111673415,29.5103246316332,7.0246777464152,0.826406364424088,248,0,0.717042264164139,0.717042264164139,NaN,0.380162700673392,1.52058572242421,1000,661.189636462628,0.661189636462628,3,1,0,0,0,0,0,0,0,0,0
115.2,UrbanCanyon,9,3.48608408481543,31.9025991057042,4.40147079055175,0.736929885090239,367,0.234920116255537,0.75526802301046,0.81276048749629,5.38277782808353,0.329734351403022,1.33904366505088,1000,563.894674531244,0.563894674531244,5,0,1,0,0,0,0,0,0,0,0
115.3,UrbanCanyon,10,2.71482570341403,28.1945666396201,4.93666722062436,0.751406973297522,321,0,0.72701767210934,0.72701767210934,NaN,0.36629837835151,1.47067416206544,1000,508.101126485974,0.508101126485974,3,1,0,0,0,0,0,0,0,0,0
115.4,UrbanCanyon,6,5.44454002209735,19.9817611261685,11.0447321053058,0.868886515433433,332,0.0642567071077906,0.8148039653404,0.826704052697046,7.70492408154204,0.3,1.10867814128276,1000,305.807359165632,0.305807359165632,5,0,1,0,0,0,0,0,0,0,1
115.5,UrbanCanyon,7,2.78765548824439,28.8296739265937,5.63744864866589,0.820065664002084,296,0,0.752393994881396,0.752393994881396,NaN,0.333271834426985,1.35177860393715,1000,319.852709225186,0.319852709225186,3,1,0,0,0,0,0,0,0,0,0
115.6,UrbanCanyon,9,3.19980133252989,28.7675635471069,4.74395671587238,0.760530008669545,387,0.218863899383011,0.787580105808596,0.834071152157853,5.58138886149692,0.3,1.20609990303459,1000,361.057190818527,0.361057190818527,5,0,1,0,0,0,0,0,0,0,1
115.7,UrbanCanyon,8,2.90292889785885,27.6005485516017,4.83666938005231,0.703076772485991,388,0,0.749911437565614,0.749911437565614,NaN,0.336360722651244,1.36289860154448,1000,720.21613180414,0.72021613180414,3,1,0,0,0,0,0,0,0,0,0
115.8,UrbanCanyon,8,3.18516325297732,30.0560196992727,4.34763117870058,0.810718455200633,299,0.218834176298309,0.748606364984424,0.803619884029695,5.58176035295633,0.337996899315861,1.3687888375371,1000,547.494538515031,0.54749453851503,5,0,1,0,0,0,0,0,0,0,0
115.9,UrbanCanyon,11,3.19810910421544,27.1286306537825,5.15932200150136,0.708377010787276,332,0,0.707262597227475,0.707262597227475,NaN,0.394237967455008,1.57125668283803,1000,433.536264771606,0.433536264771606,3,1,0,0,0,0,0,0,0,0,0
116,UrbanCanyon,7,2.64627592505125,27.765704862856,5.09778711656436,0.298081501774612,119,0.202710212064125,0.25663960618899,0.407326349258492,5.78536804757466,1.56146168771715,5.77326207578174,1400,1357.37599413603,0.969554281525734,5,0,1,0,0,0,0,0,0,0,0
116.1,UrbanCanyon,8,3.0887485660668,28.5208479509509,5.19073136735541,0.697201720603141,376,0,0.736075152804105,0.736075152804105,NaN,0.354140812418442,1.42690692470639,950,553.480644622863,0.582611204866172,3,1,0,0,0,0,0,0,0,0,0
116.2,UrbanCanyon,8,3.11889883978385,27.620762172757,2.64028408466588,0.819011453340013,369,0,0.811912673737809,0.811912673737809,NaN,0.3,1.11839158070414,950,345.643649332391,0.363835420349885,3,1,0,0,0,0,0,0,0,0,1
116.3,UrbanCanyon,7,2.81155501759744,27.8315285093011,5.74285835190189,0.648396828741542,349,0,0.681100875256833,0.681100875256833,NaN,0.434241629404894,1.71526986585762,950,733.322933617972,0.771918877492602,3,1,0,0,0,0,0,0,0,0,0
116.4,UrbanCanyon,6,2.98285586760447,29.5781128082327,5.9026067874574,0.764759386977261,296,0,0.715338789274765,0.715338789274765,NaN,0.382580012228892,1.52928804402401,950,672.440560747065,0.707832169207437,3,1,0,0,0,0,0,0,0,0,0
116.5,UrbanCanyon,6,3.12343769232459,28.9852863625195,4.80987686160971,0.787373959852367,336,0,0.763490553101086,0.763490553101086,NaN,0.319841796181075,1.30343046625187,950,499.908766960327,0.526219754695081,3,1,0,0,0,0,0,0,0,0,0
116.6,UrbanCanyon,8,2.8935106429739,31.4795156283881,5.75769420819975,0.804834341908049,347,0.227670063646622,0.784264009078393,0.833380635862382,5.4719482447009,0.3,1.21887816001035,950,209.456687581285,0.220480723769774,5,0,1,0,0,0,0,0,0,0,1
116.7,UrbanCanyon,8,2.83460866446371,26.409365913735,5.0561514583536,0.785330620445934,351,0,0.774496515698776,0.774496515698776,NaN,0.307129553579981,1.25766639288793,950,442.460447287938,0.465747839250461,3,1,0,0,0,0,0,0,0,0,0
116.8,UrbanCanyon,7,3.33549889904495,26.4029390590731,5.62606969950093,0.707320645702486,272,0.171893350586758,0.657054832620666,0.716004826509036,6.18608498241941,0.474028469572099,1.85850249045956,950,751.824449547194,0.791394157418099,5,0,1,0,0,0,0,0,0,0,0
116.9,UrbanCanyon,8,3.44649082710938,31.0752769648592,4.6468403185535,0.85131605403422,338,0,0.807981756202928,0.807981756202928,NaN,0.3,1.13183905355821,950,68.7245770441827,0.072341660046508,3,1,0,0,0,0,0,0,0,0,1
117,UrbanCanyon,6,3.05113643592659,28.7787978110685,5.49401467677923,0.83534941026268,247,0.184018681742188,0.722209104875996,0.773327819196697,6.02660409396605,0.372919453534489,1.49451003272416,950,507.905832029146,0.534637717925416,5,0,1,0,0,0,0,0,0,0,0
117.1,UrbanCanyon,7,2.70092964484567,29.1594077253944,5.1200463392647,0.723359857715367,326,0,0.712351104669296,0.712351104669296,NaN,0.386854717462436,1.54467698286477,1100,795.599568735328,0.723272335213934,3,1,0,0,0,0,0,0,0,0,0
117.2,UrbanCanyon,8,3.37751175267142,27.0282499941171,3.4929234406624,0.762871930528359,345,0.200272136620174,0.754499193454,0.803666164522944,5.8165172437285,0.330676615036841,1.34243581413263,1100,361.828834535503,0.328935304123184,5,0,1,0,0,0,0,0,0,0,0
117.3,UrbanCanyon,7,3.10257180110092,29.7335609862445,4.89263706016067,0.785824538786132,287,0,0.722027440986708,0.722027440986708,NaN,0.373171858910995,1.49541869207958,1100,816.406391855039,0.742187628959126,3,1,0,0,0,0,0,0,0,0,0
117.4,UrbanCanyon,9,3.02901188145653,28.4189368342227,5.07080960761258,0.762126628298039,378,0.219023968053484,0.781224840959686,0.829141844404228,5.5793884997994,0.3,1.23076313191803,900,539.04161788473,0.598935130983033,5,0,1,0,0,0,0,0,0,0,1
117.5,UrbanCanyon,9,3.28396905011235,29.1324729956666,5.85696685521661,0.860877209150747,364,0,0.835837730131,0.835837730131,NaN,0.3,1.04254325763688,900,489.92083345612,0.544356481617912,3,1,0,0,0,0,0,0,0,0,1
117.6,UrbanCanyon,6,3.6087766020971,29.7321908283085,4.92033185606774,0.577334471080266,347,0.180230157766289,0.631839095623778,0.698192793502884,6.07618075388707,0.518856128777794,2.01988206360006,1150,1079.59355553487,0.938777004812934,5,0,1,0,0,0,0,0,0,0,0
117.7,UrbanCanyon,8,3.60955743792851,27.9109775317678,4.72654608731541,0.835898271506961,335,0,0.795176841909664,0.795176841909664,NaN,0.3,1.17757273481089,900,285.308581645746,0.31700953516194,3,1,0,0,0,0,0,0,0,0,1
117.8,UrbanCanyon,10,3.61831883833734,29.536270288247,4.66553618337423,0.750496552508318,291,0.226141189828323,0.701657690180573,0.769125175099269,5.49085966464259,0.402520334570977,1.60107320445552,900,808.506887922813,0.898340986580903,5,0,1,0,0,0,0,0,0,0,0
117.9,UrbanCanyon,6,3.27232996815963,28.3901296199637,5.40365048298824,0.275712209142878,151,0,0.268052180125729,0.268052180125729,NaN,1.51936902754675,5.62172849916829,1450,1355.01184124986,0.934490924999907,3,1,0,0,0,0,0,0,0,0,0
118,UrbanCanyon,8,2.9016688968816,28.9286628351343,4.97765430012108,0.745615692390361,361,0.21499125008927,0.756137513901542,0.808565814637727,5.62990989949126,0.328672280315302,1.33522020913509,900,463.841114385341,0.515379015983712,5,0,1,0,0,0,0,0,0,0,0
118.1,UrbanCanyon,8,2.99094955386796,27.1930679994766,5.83579727390462,0.694086576679727,329,0,0.695213006375417,0.695213006375417,NaN,0.412237778706779,1.6360560033444,1100,313.762070055064,0.285238245504603,3,1,0,0,0,0,0,0,0,0,0
118.2,UrbanCanyon,9,3.09127306770827,27.2011812454998,3.78281180544547,0.843262437584144,280,0,0.754735833181377,0.754735833181377,NaN,0.330386278813084,1.3413906037271,1100,670.208343326045,0.609280312114587,3,1,0,0,0,0,0,0,0,0,0
118.3,UrbanCanyon,9,3.27304188396242,28.6584877951917,5.81198794019186,0.661742803194232,304,0,0.652917678140135,0.652917678140135,NaN,0.481165345369087,1.88419524332871,1100,548.898220562962,0.498998382329965,3,1,0,0,0,0,0,0,0,0,0
118.4,UrbanCanyon,10,3.32179809388405,29.1633918068955,5.04952830020462,0.654307149130203,361,0.228073866205217,0.694960789917236,0.764532261904998,5.46695964828288,0.412622299219791,1.63744027719125,1100,1017.92748392774,0.925388621752486,5,0,1,0,0,0,0,0,0,0,0
118.5,UrbanCanyon,8,2.90179622328498,29.911306837215,5.53208565511513,0.748574231409993,330,0,0.732544735044696,0.732544735044696,NaN,0.35883079688078,1.44379086877081,1100,868.145884236779,0.789223531124344,3,1,0,0,0,0,0,0,0,0,0
118.6,UrbanCanyon,8,2.7166936015817,28.6502597127981,4.48517940532824,0.670992326024097,363,0.22163847100538,0.707789858436145,0.772554867424624,5.54677335855074,0.39346691708192,1.56848090149491,1100,634.039712520685,0.576399738655168,5,0,1,0,0,0,0,0,0,0,0
118.7,UrbanCanyon,9,3.4099125327729,32.8423720462659,4.63267280078694,0.661493174699649,327,0,0.671725427048765,0.671725427048765,NaN,0.44941048811579,1.76987775721684,1100,369.68428534395,0.336076623039955,3,1,0,0,0,0,0,0,0,0,0
118.8,UrbanCanyon,7,2.87313014245701,27.5333641046198,5.94053585438394,0.737809698387971,312,0.189797652145549,0.71048249791994,0.76543224006978,5.95142275575092,0.389550960026693,1.5543834560961,1100,862.919304250267,0.78447209477297,5,0,1,0,0,0,0,0,0,0,0
118.9,UrbanCanyon,7,2.46126841577293,27.2977812524202,4.62725536172303,0.853666212507525,322,0,0.796356362380042,0.796356362380042,NaN,0.3,1.1732365802878,900,375.634374423721,0.417371527137468,3,1,0,0,0,0,0,0,0,0,1
119,UrbanCanyon,11,2.84175962998153,29.442489070439,3.98340027531956,0.887844603623173,350,0,0.842355884427526,0.842355884427526,NaN,0.3,1.02366500457165,900,385.647413769165,0.428497126410184,3,1,0,0,0,0,0,0,0,0,1
119.1,UrbanCanyon,10,2.87584462167803,27.8811815454299,5.27949024182687,0.751133412784615,254,0,0.671559386565692,0.671559386565692,NaN,0.449683091382761,1.77085912897794,1050,633.915579909432,0.603729123723268,3,1,0,0,0,0,0,0,0,0,0
119.2,UrbanCanyon,5,5.9794263025347,21.5817109391649,7.70420884727964,0.719473066875185,375,0.0677955908594629,0.750171954806374,0.767109194743541,7.65204048336846,0.336035130413171,1.36172646948742,1050,344.729400545596,0.32831371480533,5,0,1,0,0,0,0,0,0,0,0
119.3,UrbanCanyon,8,2.72636364632223,30.9348922111434,4.24893714868388,0.750501457415489,305,0,0.713210976468378,0.713210976468378,NaN,0.385619860045553,1.54023149616399,1050,788.166585578002,0.750634843407621,3,1,0,0,0,0,0,0,0,0,0
119.4,UrbanCanyon,8,2.54459095429388,30.756290935151,4.67475945304021,0.759061860531834,375,0.239706121320934,0.776696446556329,0.830223675229493,5.32437425565487,0.304661192451426,1.24878029282513,1050,569.228869050995,0.542122732429519,5,0,1,0,0,0,0,0,0,0,0
119.5,UrbanCanyon,8,2.67466638778452,25.3650803365583,6.57547435671993,0.747887000800054,381,0,0.774159290536036,0.774159290536036,NaN,0.307510065127966,1.25903623446068,1050,495.095114701916,0.471519156858968,3,1,0,0,0,0,0,0,0,0,0
119.6,UrbanCanyon,8,3.02924425423683,29.6676871634675,6.72029127631328,0.811636610724946,330,0.207284217097236,0.774796529185714,0.821477654321033,5.72718649970514,0.306791508167003,1.25644942940121,1050,931.738727847066,0.887370216997206,5,0,1,0,0,0,0,0,0,0,0
119.7,UrbanCanyon,10,3.17666527923383,29.7209146129096,3.84995400875594,0.274663432270796,128,0,0.248374499621433,0.248374499621433,NaN,1.59235223204833,5.88446803537398,1450,1225.92657237025,0.845466601634654,3,1,0,0,0,0,0,0,0,0,0
119.8,UrbanCanyon,8,2.3023289718502,31.1885309272678,5.38796755189638,0.760478772180584,342,0.246516119461011,0.750420777360992,0.811946078824056,5.24190366585675,0.335724470932729,1.36060809535783,900,414.491989864922,0.460546655405469,5,0,1,0,0,0,0,0,0,0,0
119.9,UrbanCanyon,10,2.89212356144369,28.8753830168523,5.61372195185591,0.717228054040286,340,0,0.719792796206991,0.719792796206991,NaN,0.376290192643742,1.50664469351747,900,442.698537519563,0.491887263910625,3,1,0,0,0,0,0,0,0,0,0
120,Tunnel,0,18.7439744177372,0,31.545947198201,0.813955175486377,383,0,0.861078715954666,0.861078715954666,NaN,0.3,0.973692108447239,900,475.233754867841,0.528037505408712,3,1,0,0,0,0,0,1,0,0,1
120.1,Tunnel,2,19.8561249512336,1.45201923415849,33.7984041855312,0.859206783309108,344,0,0.859129472057958,0.859129472057958,NaN,0.3,0.978600550784028,900,140.259289942937,0.155843655492152,3,1,0,0,0,0,0,1,0,0,1
120.2,Tunnel,0,18.521202218923,0,30.6158207644486,0.860288377212916,351,0,0.865954123369287,0.865954123369287,NaN,0.3,0.961714673375267,900,689.659329028053,0.766288143364504,3,1,0,0,0,0,0,1,0,0,1
120.3,Tunnel,0,21.1305507803988,0,28.9976427487517,0.928875225671989,312,0,0.880421221260244,0.880421221260244,NaN,0.3,0.928691758924024,900,581.134324724326,0.645704805249251,3,1,0,0,0,0,0,1,0,0,1
120.4,Tunnel,0,19.2545697251611,0,34.2887209858924,0.787270039960181,447,0,0.897745723111987,0.897745723111987,NaN,0.3,0.894103434277014,900,391.753007209878,0.435281119122087,3,1,0,0,0,0,0,1,0,0,1
120.5,Tunnel,0,19.8629337082128,2.5406812050158,24.5481106403248,0.832481028375567,426,0,0.911360403462211,0.911360403462211,NaN,0.3,0.870712802669438,750,364.262928896632,0.485683905195509,3,1,0,0,0,0,0,1,0,0,1
120.6,Tunnel,0,20.5800492440218,0.081431631396281,33.3163954885842,0.941913040390039,344,0,0.917313323914392,0.917313323914392,NaN,0.3,0.861533777618776,750,270.58390147083,0.36077853529444,3,1,0,0,0,0,0,1,0,0,1
120.7,Tunnel,0,17.3136110086535,0.242678577886281,28.1422469274672,0.904827352267188,433,0,0.968319792319967,0.968319792319967,NaN,0.3,0.80903272002785,750,364.406576847276,0.485875435796368,3,1,0,0,0,0,0,1,0,0,1
120.8,Tunnel,0,19.8563282584063,0,25.4328070542817,0.876714491388426,442,0,0.956338644691758,0.956338644691758,NaN,0.3,0.817156825526173,750,640.033232000301,0.853377642667068,3,1,0,0,0,0,0,1,0,0,1
120.9,Tunnel,1,19.6485621082731,0,27.4147661094396,0.835552430435262,409,0,0.898794884811207,0.898794884811207,NaN,0.3,0.892182278063392,750,383.520637560822,0.511360850081096,3,1,0,0,0,0,0,1,0,0,1
121,Tunnel,0,19.9292487235436,0.518655278362983,27.9588817293617,0.826201199050057,479,0,0.927732543531715,0.927732543531715,NaN,0.3,0.847003267379559,750,325.992177848705,0.434656237131607,3,1,0,0,0,0,0,1,0,0,1
121.1,Tunnel,1,22.8523568478551,0,35.7810353770273,0.779762743433763,412,0,0.862145590005652,0.862145590005652,NaN,0.3,0.971034545194008,750,545.804944410436,0.727739925880581,3,1,0,0,0,0,0,1,0,0,1
121.2,Tunnel,0,19.4088634604367,2.89060943543228,33.6012998974836,0.957886558215144,404,0,0.980525693704354,0.980525693704354,NaN,0.3,0.80341323745127,750,127.455233975023,0.169940311966697,3,1,0,0,0,0,0,1,0,0,1
121.3,Tunnel,0,21.7427137459432,0.237601312135116,35.0845257402879,0.860968883161753,400,0,0.908879109304293,0.908879109304293,NaN,0.3,0.87472715049061,750,355.961416351946,0.474615221802595,3,1,0,0,0,0,0,1,0,0,1
121.4,Tunnel,0,25.0211141691156,0.263405707347529,31.9535246380418,0.926928594908177,374,0,0.932759266517903,0.932759266517903,NaN,0.3,0.840691846152894,750,543.417178681737,0.724556238242316,3,1,0,0,0,0,0,1,0,0,1
121.5,Tunnel,0,21.1528263358459,1.20772355349826,17.9641702518301,0.935863456884986,360,0,0.926917441918588,0.926917441918588,NaN,0.3,0.848069542661507,750,422.821487342501,0.563761983123335,3,1,0,0,0,0,0,1,0,0,1
121.6,Tunnel,2,20.2165686159509,0,28.8735073645032,0.856815957705155,355,0,0.866976276245577,0.866976276245577,NaN,0.3,0.959257799733438,900,758.666012631248,0.842962236256943,3,1,0,0,0,0,0,1,0,0,1
121.7,Tunnel,3,18.9909223733027,0.418999746676881,30.984370427866,0.870091181881449,346,0,0.8685191464536,0.8685191464536,NaN,0.3,0.95558493364361,900,650.346815984905,0.722607573316561,3,1,0,0,0,0,0,1,0,0,1
121.8,Tunnel,0,21.8174953867916,0,28.0554938607503,0.843551089992645,359,0,0.861109441809826,0.861109441809826,NaN,0.3,0.973615284389403,900,545.497030346362,0.606107811495957,3,1,0,0,0,0,0,1,0,0,1
121.9,Tunnel,3,21.9619051758522,0,41.5580289906124,0.788364004409333,323,0,0.791100327101966,0.791100327101966,NaN,0.3,1.19275166003215,900,344.479890644006,0.382755434048896,3,1,0,0,0,0,0,1,0,0,1
122,Tunnel,2,24.7927602482108,0.220143605787647,29.3303659089581,0.826303602701513,312,0,0.808262084500514,0.808262084500514,NaN,0.3,1.13087085416079,900,710.271103467706,0.789190114964118,3,1,0,0,0,0,0,1,0,0,1
122.1,Tunnel,0,20.5594318171243,0,28.8594342707297,0.765678202331734,431,0,0.868695865340375,0.868695865340375,NaN,0.3,0.955166982008417,900,510.427652889028,0.567141836543364,3,1,0,0,0,0,0,1,0,0,1
122.2,Tunnel,1,19.2765848236799,0,36.8646146367685,0.911796992738261,421,0,0.962827934391367,0.962827934391367,NaN,0.3,0.812435862154513,900,403.653917032502,0.448504352258336,3,1,0,0,0,0,0,1,0,0,1
122.3,Tunnel,0,20.6688828642678,0,31.2355946148185,0.80327287316325,377,0,0.848366216270346,0.848366216270346,NaN,0.3,1.00693523931354,900,700.518171644415,0.77835352404935,3,1,0,0,0,0,0,1,0,0,1
122.4,Tunnel,1,17.307740998688,0.476694010946492,26.5547822229963,0.97163029913345,299,0,0.899238165440382,0.899238165440382,NaN,0.3,0.891376525734378,750,408.500562148206,0.544667416197608,3,1,0,0,0,0,0,1,0,0,1
122.5,Tunnel,0,18.5683272558273,0,31.7775555203185,0.850596384546456,367,0,0.872995806528432,0.872995806528432,NaN,0.3,0.945170586434272,900,492.412275122379,0.547124750135976,3,1,0,0,0,0,0,1,0,0,1
122.6,Tunnel,1,21.435661222437,0.269802936175514,37.720247463463,0.884113824441876,394,0,0.91996407549486,0.91996407549486,NaN,0.3,0.857651742902532,900,504.549394626573,0.56061043847397,3,1,0,0,0,0,0,1,0,0,1
122.7,Tunnel,0,22.1328012791062,0,33.084553513692,0.875926775777913,375,0,0.897745736759762,0.897745736759762,NaN,0.3,0.894103409157236,900,397.951330873223,0.442168145414692,3,1,0,0,0,0,0,1,0,0,1
122.8,Tunnel,1,17.0720008248213,0,28.2845504601453,0.900424234953899,428,0,0.960890949290068,0.960890949290068,NaN,0.3,0.813765660626888,650,407.89494324389,0.627530681913676,3,1,0,0,0,0,0,1,0,0,1
122.9,Tunnel,1,18.8305763477881,0,26.9480547139011,0.839183062838571,379,0,0.875361534706935,0.875361534706935,NaN,0.3,0.939812723275496,850,757.068329907948,0.890668623421116,3,1,0,0,0,0,0,1,0,0,1
123,Tunnel,0,21.0080092101289,0,28.2820677403373,0.864142489777964,370,0,0.885124241558798,0.885124241558798,NaN,0.3,0.918767958896973,850,562.456039758341,0.661712987950989,3,1,0,0,0,0,0,1,0,0,1
123.1,Tunnel,0,24.0483993703166,0.939958443293492,26.5251111051286,0.929585576629757,365,0,0.926832203159034,0.926832203159034,NaN,0.3,0.848181738451048,850,471.893858040022,0.555169244752967,3,1,0,0,0,0,0,1,0,0,1
123.2,Tunnel,0,22.158301462544,0,37.7984635590525,0.83378550920985,374,0,0.86723310572913,0.86723310572913,NaN,0.3,0.958643433928992,850,309.963676954322,0.364663149358026,3,1,0,0,0,0,0,1,0,0,1
123.3,Tunnel,0,19.6537320980303,0.16388566765646,35.435178083405,0.955975492598925,381,0,0.959257509043344,0.959257509043344,NaN,0.3,0.814939555124179,650,336.932779040688,0.518358121601058,3,1,0,0,0,0,0,1,0,0,1
123.4,Tunnel,0,17.5238611800987,0.0068352374184006,27.9735811373392,0.853585602475356,420,0,0.921009971341413,0.921009971341413,NaN,0.3,0.85615482164736,850,364.641474756875,0.428989970302205,3,1,0,0,0,0,0,1,0,0,1
123.5,Tunnel,3,21.3226740329319,0.81203499098053,25.1163323375514,0.882110932673947,392,0,0.916822541136122,0.916822541136122,NaN,0.3,0.86226640696747,850,415.98324213735,0.489392049573352,3,1,0,0,0,0,0,1,0,0,1
123.6,Tunnel,1,19.1556865669962,1.08980805317414,26.7185262639875,0.9667021298062,409,0,0.991058698318662,0.991058698318662,NaN,0.3,0.80071952188181,600,212.96303293123,0.354938388218717,3,1,0,0,0,0,0,1,0,0,1
123.7,Tunnel,0,17.6897957380557,0,29.9808292331113,0.320401073368221,193,0,0.349275905114544,0.349275905114544,NaN,1.23860461916124,4.61097662898047,1350,1059.15668770914,0.784560509414177,3,1,0,0,0,0,0,1,0,0,0
123.8,Tunnel,0,17.570415366288,1.4924019834149,37.6469146469523,0.864091215485561,335,0,0.854769420094092,0.854769420094092,NaN,0.3,0.989827292058256,800,413.749974336052,0.517187467920065,3,1,0,0,0,0,0,1,0,0,1
123.9,Tunnel,0,19.8389178061929,0.632738372988045,28.5089810377859,0.878855509105595,423,0,0.941386100655786,0.941386100655786,NaN,0.3,0.830920302767003,800,378.864083635305,0.473580104544131,3,1,0,0,0,0,0,1,0,0,1
124,Tunnel,0,17.6346103806868,0.688795429743682,35.1822910280135,0.916967775797609,373,0,0.924885580273618,0.924885580273618,NaN,0.3,0.85077958445748,800,627.519780718114,0.784399725897642,3,1,0,0,0,0,0,1,0,0,1
124.1,Tunnel,1,22.0198627572121,1.25403853410908,34.9636257006697,0.837647566845838,330,0,0.831835063276047,0.831835063276047,NaN,0.3,1.05451501349034,800,416.391818835851,0.520489773544813,3,1,0,0,0,0,0,1,0,0,1
124.2,Tunnel,0,18.9730147411004,0.0718150808844317,29.5627384885928,0.818644398886288,370,0,0.853116334616504,0.853116334616504,NaN,0.3,0.994173300408418,950,760.066585869362,0.800070090388802,3,1,0,0,0,0,0,1,0,0,1
124.3,Tunnel,0,19.3423843152721,2.34355735180197,34.8422119205395,0.754718611344499,354,0,0.794284543080855,0.794284543080855,NaN,0.3,1.18086964293907,950,412.249232377239,0.433946560397094,3,1,0,0,0,0,0,1,0,0,1
124.4,Tunnel,1,19.713444533647,2.26622362899564,31.530057229264,0.815824176192151,443,0,0.914368557951178,0.914368557951178,NaN,0.3,0.865994694806246,750,541.997616635663,0.72266348884755,3,1,0,0,0,0,0,1,0,0,1
124.5,Tunnel,1,21.1182265591832,0,29.6297971920181,0.912080861684517,441,0,0.980352636195057,0.980352636195057,NaN,0.3,0.803474170140354,750,261.882971457052,0.349177295276069,3,1,0,0,0,0,0,1,0,0,1
124.6,Tunnel,0,21.0941142481504,0,29.1403954934002,0.946585971456887,366,0,0.939658230919921,0.939658230919921,NaN,0.3,0.832770161861423,750,637.564168432485,0.85008555790998,3,1,0,0,0,0,0,1,0,0,1
124.7,Tunnel,0,22.1620301139751,0,23.9435121264107,0.810599696404872,350,0,0.830131886420827,0.830131886420827,NaN,0.3,1.05969658409852,750,485.031318155622,0.646708424207496,3,1,0,0,0,0,0,1,0,0,1
124.8,Tunnel,0,18.8790015007927,0,33.0950722497726,0.787993470042882,351,0,0.815094656175167,0.815094656175167,NaN,0.3,1.10770987557482,900,567.228906523843,0.630254340582048,3,1,0,0,0,0,0,1,0,0,1
124.9,Tunnel,0,23.26129015092,1.84114602812753,33.9472950002753,0.917329352464862,406,0,0.95372619945903,0.95372619945903,NaN,0.3,0.819271381548549,750,358.878635658297,0.478504847544396,3,1,0,0,0,0,0,1,0,0,1
125,Tunnel,2,21.2723966419434,0,30.3545392495829,0.834312800200747,339,0,0.837285304941226,0.837285304941226,NaN,0.3,1.03828464789263,750,215.429611261623,0.287239481682164,3,1,0,0,0,0,0,1,0,0,1
125.1,Tunnel,0,20.3268485435068,0.152742319877683,31.1038681444441,0.862883528416787,392,0,0.90329606224121,0.90329606224121,NaN,0.3,0.884164864202504,750,520.31334324043,0.693751124320573,3,1,0,0,0,0,0,1,0,0,1
125.2,Tunnel,0,20.8210721659876,0.636678899679085,21.1306610353564,0.955186352404778,381,0,0.958702348916762,0.958702348916762,NaN,0.3,0.815349463864936,750,81.5350562612963,0.108713408348395,3,1,0,0,0,0,0,1,0,0,1
125.3,Tunnel,2,22.1698693380394,1.80382094722975,30.4586269957912,0.819654924105742,353,0,0.83910098910839,0.83910098910839,NaN,0.3,1.03299642535309,750,656.733815371535,0.875645087162047,3,1,0,0,0,0,0,1,0,0,1
125.4,Tunnel,2,17.5080712072234,0.3525710744545,27.4553039176264,0.772168710512844,392,0,0.839478187845786,0.839478187845786,NaN,0.3,1.03190526959546,750,283.736259876896,0.378315013169195,3,1,0,0,0,0,0,1,0,0,1
125.5,Tunnel,0,17.4582404460977,0,35.5805944932513,0.914550376101856,427,0,0.969962439587656,0.969962439587656,NaN,0.3,0.808120295319727,750,526.001658822441,0.701335545096588,3,1,0,0,0,0,0,1,0,0,1
125.6,Tunnel,1,19.2032358605701,0,29.0379365454388,0.777540459346789,351,0,0.807740963150466,0.807740963150466,NaN,0.3,1.13267183525279,900,561.766608424024,0.624185120471138,3,1,0,0,0,0,0,1,0,0,1
125.7,Tunnel,1,18.250912305632,0,32.4075356745118,0.857695837061785,359,0,0.871060271372966,0.871060271372966,NaN,0.3,0.949629082565719,900,393.885999452088,0.43765111050232,3,1,0,0,0,0,0,1,0,0,1
125.8,Tunnel,0,20.3401559787632,0.83675404532758,40.4678749683824,0.872153758659902,411,0,0.926276419217241,0.926276419217241,NaN,0.3,0.848916497270888,700,279.656119161844,0.399508741659778,3,1,0,0,0,0,0,1,0,0,1
125.9,Tunnel,2,18.9005231517488,0,37.3400874674094,0.937682046189814,423,0,0.982770569494535,0.982770569494535,NaN,0.3,0.802671679479884,700,279.399189465795,0.39914169923685,3,1,0,0,0,0,0,1,0,0,1
126,Tunnel,2,19.9880569925846,0,28.785547073834,0.939412002344164,397,0,0.961465093649119,0.961465093649119,NaN,0.3,0.81336445106724,700,487.874403191077,0.69696343313011,3,1,0,0,0,0,0,1,0,0,1
126.1,Tunnel,0,20.3738269505118,0.556056452954057,25.3346184675344,0.86544770613158,403,0,0.914628711263567,0.914628711263567,NaN,0.3,0.865594312464675,700,479.451152976529,0.684930218537899,3,1,0,0,0,0,0,1,0,0,1
126.2,Tunnel,0,18.6363474564252,2.05699143706322,29.4172094892761,0.814092878030516,402,0,0.877634339694468,0.877634339694468,NaN,0.3,0.93476019339808,700,378.735098502108,0.541050140717298,3,1,0,0,0,0,0,1,0,0,1
126.3,Tunnel,2,20.044492930923,0.802110013323825,31.972161349078,0.88423597872365,355,0,0.886266261032088,0.886266261032088,NaN,0.3,0.916418270416591,900,423.359477852977,0.470399419836641,3,1,0,0,0,0,0,1,0,0,1
126.4,Tunnel,0,19.3753303909738,0,32.9358616583278,0.876359102967739,386,0,0.907578628937805,0.907578628937805,NaN,0.3,0.876875388461144,750,639.786520301407,0.85304869373521,3,1,0,0,0,0,0,1,0,0,1
126.5,Tunnel,2,20.715532083031,0.406795974493841,34.7869596471489,0.896676686594583,381,0,0.917540799019289,0.917540799019289,NaN,0.3,0.861195678437396,750,422.923147838471,0.563897530451294,3,1,0,0,0,0,0,1,0,0,1
126.6,Tunnel,0,19.8642771793876,0,26.1722791170966,0.868026562877145,436,0,0.945029186984072,0.945029186984072,NaN,0.3,0.82719611255269,750,296.489749366545,0.39531966582206,3,1,0,0,0,0,0,1,0,0,1
126.7,Tunnel,0,21.2208225941507,1.35340815168729,31.6231485377572,0.296181718596094,152,0,0.296721339032352,0.296721339032352,NaN,1.41650218743112,5.25140787475203,1400,1007.37762154552,0.719555443961083,3,1,0,0,0,0,0,1,0,0,0
126.8,Tunnel,0,20.8451830900276,1.2739591382864,23.7792076516585,0.812807804029929,413,0,0.886259040135055,0.886259040135055,NaN,0.3,0.916433053558991,800,511.084856030609,0.638856070038261,3,1,0,0,0,0,0,1,0,0,1
126.9,Tunnel,2,19.3385973394903,0,28.3282538596176,0.867145074784711,421,0,0.931415310111044,0.931415310111044,NaN,0.3,0.842334737184478,800,341.604077447085,0.427005096808856,3,1,0,0,0,0,0,1,0,0,1
127,Tunnel,1,17.1820543953454,0.105674867147851,29.8602655694017,0.825451928835047,427,0,0.907281681935455,0.907281681935455,NaN,0.3,0.877370178542463,800,409.755237262928,0.512194046578659,3,1,0,0,0,0,0,1,0,0,1
127.1,Tunnel,0,17.9260458453567,0,30.649198876846,0.927365708833308,339,0,0.902748026164232,0.902748026164232,NaN,0.3,0.885121517734576,800,316.21835131811,0.395272939147637,3,1,0,0,0,0,0,1,0,0,1
127.2,Tunnel,2,17.9831392040929,0,38.3049549196937,0.90078228501306,379,0,0.918696587506688,0.918696587506688,NaN,0.3,0.859492203947519,800,604.292883993285,0.755366104991606,3,1,0,0,0,0,0,1,0,0,1
127.3,Tunnel,0,19.7125969903629,0,33.5894658030629,0.887695247920794,394,0,0.922483606912278,0.922483606912278,NaN,0.3,0.854079120775972,800,509.410675284127,0.636763344105159,3,1,0,0,0,0,0,1,0,0,1
127.4,Tunnel,0,20.8303165567549,0.19209275025569,24.0681725154643,0.8824414729525,448,0,0.965565076222084,0.965565076222084,NaN,0.3,0.810671875780318,800,304.924517901983,0.381155647377479,3,1,0,0,0,0,0,1,0,0,1
127.5,Tunnel,0,20.9369485651195,0.061232110604679,30.5014804296414,0.841788428926407,354,0,0.855538159749727,0.855538159749727,NaN,0.3,0.987823009596458,800,633.70028498167,0.792125356227087,3,1,0,0,0,0,0,1,0,0,1
127.6,Tunnel,0,18.9425952595297,0.545792517118238,26.8624672198228,0.303713934111357,167,0,0.315014002647339,0.315014002647339,NaN,1.35301454142305,5.02285234912297,1400,1244.88187884197,0.889201342029981,3,1,0,0,0,0,0,1,0,0,0
127.7,Tunnel,0,17.1072243745124,1.77582911932263,29.1878861152879,0.849665624271317,403,0,0.903526016674871,0.903526016674871,NaN,0.3,0.883765065127555,750,551.857533997765,0.735810045330353,3,1,0,0,0,0,0,1,0,0,1
127.8,Tunnel,0,19.9353082006172,0.0408952290325249,29.8264239793138,0.991292290233304,386,0,0.988434126179129,0.988434126179129,NaN,0.3,0.801203924935163,750,37.8534313505009,0.0504712418006679,3,1,0,0,0,0,0,1,0,0,1
127.9,Tunnel,1,17.876877004042,3.4791725816544,26.1000132024832,0.841140148978237,345,0,0.84728584480619,0.84728584480619,NaN,0.3,1.00989451876903,750,246.94681253228,0.329262416709707,3,1,0,0,0,0,0,1,0,0,1
128,Tunnel,0,23.9885735264335,0,26.7713896073084,0.897373203179857,380,0,0.91716454843703,0.91716454843703,NaN,0.3,0.861755408320771,750,116.244567388063,0.154992756517418,3,1,0,0,0,0,0,1,0,0,1
128.1,Tunnel,0,18.0746946901433,0,33.0013162667981,0.858869162311646,353,0,0.866688205686243,0.866688205686243,NaN,0.3,0.95994831052838,750,543.074149325334,0.724098865767112,3,1,0,0,0,0,0,1,0,0,1
128.2,Tunnel,0,24.5580114181882,0.349162487634884,27.4557151251945,0.807818336820288,350,0,0.828175199953073,0.828175199953073,NaN,0.3,1.0657138572005,750,403.325746610888,0.537767662147851,3,1,0,0,0,0,0,1,0,0,1
128.3,Tunnel,0,22.1641793297094,0.387250752740401,33.2730085196555,0.921104304867698,378,0,0.932126878474425,0.932126878474425,NaN,0.3,0.841460845630629,750,345.914990081001,0.461219986774669,3,1,0,0,0,0,0,1,0,0,1
128.4,Tunnel,0,20.636006832024,2.03940386778707,31.2243902428723,0.774937138983177,520,0,0.891668277274665,0.891668277274665,NaN,0.3,0.90562185933775,750,592.747434011645,0.790329912015527,3,1,0,0,0,0,0,1,0,0,1
128.5,Tunnel,0,21.1738686142843,0,30.9488507844019,0.897601551318159,457,0,0.977962691352324,0.977962691352324,NaN,0.3,0.804370786751896,750,66.2896385740782,0.0883861847654375,3,1,0,0,0,0,0,1,0,0,1
128.6,Tunnel,0,19.7646413777057,0,26.9343049742468,0.989569462380231,401,0,1,1,NaN,0.3,0.8,600,358.42056340741,0.597367605679017,3,1,0,0,0,0,0,1,0,0,1
128.7,Tunnel,1,24.3140859576927,0.140174391579914,21.5917254874407,0.862146288839279,407,0,0.915771164198433,0.915771164198433,NaN,0.3,0.863850471024386,800,591.50922032199,0.739386525402487,3,1,0,0,0,0,0,1,0,0,1
128.8,Tunnel,1,17.4766812459657,0,32.6401212506586,0.882199174016431,361,0,0.89003086892056,0.89003086892056,NaN,0.3,0.908838888113304,800,492.511063138809,0.615638828923512,3,1,0,0,0,0,0,1,0,0,1
128.9,Tunnel,1,20.6775622831209,0.813140224504034,27.626236701939,0.857016299043623,405,0,0.910429716377189,0.910429716377189,NaN,0.3,0.872205521374438,800,278.114434018115,0.347643042522643,3,1,0,0,0,0,0,1,0,0,1
129,Tunnel,0,20.0356295645442,0,34.254729734043,0.776828292636086,361,0,0.815902453869487,0.815902453869487,NaN,0.3,1.10502715842149,800,322.998306367932,0.403747882959915,3,1,0,0,0,0,0,1,0,0,1
129.1,Tunnel,0,21.2897642085202,2.31777155272283,29.5779337187974,0.876106407885102,400,0,0.919528357947169,0.919528357947169,NaN,0.3,0.858281166572111,800,243.141645319912,0.30392705664989,3,1,0,0,0,0,0,1,0,0,1
129.2,Tunnel,1,21.8281112134187,0,31.2472616196309,0.859685610757609,378,0,0.888918827167978,0.888918827167978,NaN,0.3,0.911051242619638,800,512.147848685062,0.640184810856327,3,1,0,0,0,0,0,1,0,0,1
129.3,Tunnel,1,18.1667596716505,0.863165578165617,25.6441586438822,0.827965921384861,423,0,0.90558527569425,0.90558527569425,NaN,0.3,0.880227261491577,800,456.539826911572,0.570674783639465,3,1,0,0,0,0,0,1,0,0,1
129.4,Tunnel,2,21.2457221908668,0.381258623393665,25.0260872322118,0.888883663247203,417,0,0.943243407094408,0.943243407094408,NaN,0.3,0.82899179754426,800,316.703052506659,0.395878815633323,3,1,0,0,0,0,0,1,0,0,1
129.5,Tunnel,1,18.0803554396431,0,23.4878560144295,0.863782343750488,431,0,0.937712128828468,0.937712128828468,NaN,0.3,0.834918010055732,800,568.078079116991,0.710097598896238,3,1,0,0,0,0,0,1,0,0,1
129.6,Tunnel,1,17.5132981113788,0,29.3606544606658,0.785838234826308,375,0,0.834368448200308,0.834368448200308,NaN,0.3,1.04690429856417,800,225.518611654679,0.281898264568349,3,1,0,0,0,0,0,1,0,0,1
129.7,Tunnel,0,17.5840130519036,1.77732159719021,28.657539482547,0.901689318183196,381,0,0.921067185341878,0.921067185341878,NaN,0.3,0.85607350306868,800,319.113335608696,0.39889166951087,3,1,0,0,0,0,0,1,0,0,1
129.8,Tunnel,2,21.4834292502052,0,25.9441581464657,0.834438737513508,377,0,0.870291401840753,0.870291401840753,NaN,0.3,0.951418883927933,800,736.27563411848,0.9203445426481,3,1,0,0,0,0,0,1,0,0,1
129.9,Tunnel,2,22.1112406415781,0.311596578825204,27.8782089886822,0.880710337632077,430,0,0.948754722524166,0.948754722524166,NaN,0.3,0.823634706172177,800,601.670022501169,0.752087528126462,3,1,0,0,0,0,0,1,0,0,1
130,Tunnel,0,22.1549704219314,1.58566816831716,25.0044283005868,0.80747529323906,417,0,0.885972618793679,0.885972618793679,NaN,0.3,0.917020192982945,800,459.238441178664,0.574048051473329,3,1,0,0,0,0,0,1,0,0,1
130.1,Tunnel,0,18.1250602265726,0.631813673685112,35.1549233921967,0.798170993752553,379,0,0.846509544104921,0.846509544104921,NaN,0.3,1.01203388045791,800,403.431166005406,0.504288957506757,3,1,0,0,0,0,0,1,0,0,1
130.2,Tunnel,2,19.5873085175271,0,30.4129060114539,0.84997305179898,375,0,0.879487291940583,0.879487291940583,NaN,0.3,0.930709815234329,800,336.504437317162,0.420630546646452,3,1,0,0,0,0,0,1,0,0,1
130.3,Tunnel,0,19.416260423605,0.0673884717588227,26.697872693124,0.854495195337444,406,0,0.909522369919892,0.909522369919892,NaN,0.3,0.873675813904216,800,301.729334490747,0.377161668113434,3,1,0,0,0,0,0,1,0,0,1
130.4,Tunnel,0,19.9471686421086,1.75076595231672,40.1807767254526,0.892361584233631,387,0,0.91970262450836,0.91970262450836,NaN,0.3,0.858029016597609,800,510.342972268862,0.637928715336078,3,1,0,0,0,0,0,1,0,0,1
130.5,Tunnel,0,20.1880112595733,2.01326840237473,29.0322960534108,0.801309391794522,340,0,0.814933657127446,0.814933657127446,NaN,0.3,1.10824596137799,800,486.52899037317,0.608161237966462,3,1,0,0,0,0,0,1,0,0,1
130.6,Tunnel,0,23.5087776216227,0,23.3602002976348,0.836881340162831,372,0,0.867678522804552,0.867678522804552,NaN,0.3,0.957580759944669,800,401.811806106365,0.502264757632956,3,1,0,0,0,0,0,1,0,0,1
130.7,Tunnel,0,20.7062832693872,1.42552161064134,30.211609537274,0.853830292739079,382,0,0.888264610941942,0.888264610941942,NaN,0.3,0.912363174511601,800,345.410835423097,0.431763544278871,3,1,0,0,0,0,0,1,0,0,1
130.8,Tunnel,2,21.4990786085747,1.05984644750829,34.4394980588787,0.942605522232062,396,0,0.962845484890255,0.962845484890255,NaN,0.3,0.812424121937362,650,540.707851553438,0.831858233159135,3,1,0,0,0,0,0,1,0,0,1
130.9,Tunnel,0,21.4578945636878,0.888798949021626,38.6545404247895,0.959688070200151,395,0,0.973996807385807,0.973996807385807,NaN,0.3,0.806085494235178,650,73.5293385451534,0.113122059300236,3,1,0,0,0,0,0,1,0,0,1
131,Tunnel,0,20.9913705985594,0.71230266399315,29.5964380928224,0.850672194042741,355,0,0.862654138509069,0.862654138509069,NaN,0.3,0.969774971018175,800,508.698629657219,0.635873287071523,3,1,0,0,0,0,0,1,0,0,1
131.1,Tunnel,0,19.4988156332092,2.30233785636736,29.1205322232984,0.881567005373276,379,0,0.9051786382801,0.9051786382801,NaN,0.3,0.880919815745745,800,271.937897468744,0.33992237183593,3,1,0,0,0,0,0,1,0,0,1
131.2,Tunnel,0,20.7560690436921,2.236364645808,25.6676378715106,0.765873180699729,433,0,0.87056553262226,0.87056553262226,NaN,0.3,0.950779532108234,800,364.081754641693,0.455102193302117,3,1,0,0,0,0,0,1,0,0,1
131.3,Tunnel,0,18.6967118559195,0,27.8848041588886,0.894318210100349,380,0,0.915015360805596,0.915015360805596,NaN,0.3,0.865001500091028,800,465.589972744724,0.581987465930905,3,1,0,0,0,0,0,1,0,0,1
131.4,Tunnel,0,21.0270724349319,0.0466392894827572,27.9869405095881,0.942072688314724,412,0,0.976330636229408,0.976330636229408,NaN,0.3,0.805042149031741,800,408.399099143728,0.51049887392966,3,1,0,0,0,0,0,1,0,0,1
131.5,Tunnel,0,19.1460181011301,0,29.8185230574421,0.914109942262176,424,0,0.967053844381441,0.967053844381441,NaN,0.3,0.809769042530381,800,140.393200017196,0.175491500021495,3,1,0,0,0,0,0,1,0,0,1
131.6,Tunnel,0,21.7096659886529,0.277748933151021,37.0336306281619,0.821074295141354,406,0,0.886010766631942,0.886010766631942,NaN,0.3,0.916941907914538,800,528.895542366776,0.66111942795847,3,1,0,0,0,0,0,1,0,0,1
131.7,Tunnel,2,15.7751433370491,0.140965959641126,30.4898743580304,0.985691194937207,389,0,0.987092505638325,0.987092505638325,NaN,0.3,0.80149943069627,800,357.654207403857,0.447067759254821,3,1,0,0,0,0,0,1,0,0,1
131.8,Tunnel,0,19.4414891673633,0,34.4078961057414,0.817222232124016,398,0,0.876370840299245,0.876370840299245,NaN,0.3,0.937557522154832,800,614.175168097875,0.767718960122344,3,1,0,0,0,0,0,1,0,0,1
131.9,Tunnel,0,19.8597297977479,0,28.2689790742822,0.767538806215841,353,0,0.802437300172844,0.802437300172844,NaN,0.3,1.15127918326695,800,213.721418878942,0.267151773598677,3,1,0,0,0,0,0,1,0,0,1
132,Tunnel,0,16.2354190937269,0,31.9203813809507,0.842237968742535,338,0,0.841994411010373,0.841994411010373,NaN,0.3,1.02469189536763,800,461.86631945082,0.577332899313524,3,1,0,0,0,0,0,1,0,0,1
132.1,Tunnel,1,17.363704484252,0,31.9020385817108,0.914587902983762,405,0,0.950931339749077,0.950931339749077,NaN,0.3,0.821669600769385,800,261.230131340254,0.326537664175318,3,1,0,0,0,0,0,1,0,0,1
132.2,Tunnel,0,21.23365022112,0,24.1804249831067,0.858905943373333,360,0,0.87277783116314,0.87277783116314,NaN,0.3,0.945669322191991,800,707.498056843883,0.884372571054853,3,1,0,0,0,0,0,1,0,0,1
132.3,Tunnel,1,18.6264492644287,1.30468727031304,29.0288967623692,0.965198083129433,370,0,0.956216851481556,0.956216851481556,NaN,0.3,0.817252676847693,800,437.36184048399,0.546702300604988,3,1,0,0,0,0,0,1,0,0,1
132.4,Tunnel,1,18.9762184565759,0.737664789501004,33.2116509876128,0.906579594598589,277,0,0.834417494800108,0.834417494800108,NaN,0.3,1.04675809425445,950,744.927497823909,0.784134208235693,3,1,0,0,0,0,0,1,0,0,1
132.5,Tunnel,0,23.313627004084,0,29.4175494021679,0.98833213308236,368,0,0,0,NaN,NaN,NaN,1700,1700.00000000002,1.00000000000001,0,1,0,0,0,1,0,0,1,0,0
132.6,Tunnel,0,19.0596007950367,0,30.6101396125575,0.88603882594602,315,0,0.852884564053025,0.852884564053025,NaN,0.3,0.994786563444816,800,410.066004331696,0.512582505414621,3,1,0,0,0,0,0,1,0,0,1
132.7,Tunnel,0,22.055088523764,1.70586699884762,23.1226719922037,0.852310940357878,356,0,0.864673246541768,0.864673246541768,NaN,0.3,0.964819971813907,950,461.122316863102,0.485391912487476,3,1,0,0,0,0,0,1,0,0,1
132.8,Tunnel,0,18.719713934314,1.5761862282487,28.4095578634902,0.874002081437347,387,0,0.906786714291174,0.906786714291174,NaN,0.3,0.878198449693718,750,552.799431792623,0.737065909056831,3,1,0,0,0,0,0,1,0,0,1
132.9,Tunnel,0,19.2855508773951,0,25.1044289486189,0.942803961031929,458,0,1,1,NaN,0.3,0.8,600,231.471444334552,0.385785740557586,3,1,0,0,0,0,0,1,0,0,1
133,Tunnel,0,20.09490326289,0,46.7641105142906,0.879639524738508,435,0,0.95233265565354,0.95233265565354,NaN,0.3,0.820449581453396,700,453.899849527482,0.648428356467831,3,1,0,0,0,0,0,1,0,0,1
133.1,Tunnel,1,23.9335444852749,1.06696446599951,35.226341993788,0.858952037634243,435,0,0.93777900847569,0.93777900847569,NaN,0.3,0.834843066076414,700,357.259891813255,0.510371274018935,3,1,0,0,0,0,0,1,0,0,1
133.2,Tunnel,1,20.6370170206854,0.728895377588801,36.4629063534917,0.888058313982846,363,0,0.895885273886932,0.895885273886932,NaN,0.3,0.897558885742392,900,663.825325020186,0.737583694466873,3,1,0,0,0,0,0,1,0,0,1
133.3,Tunnel,0,16.5053479520002,0.555733180643396,28.6655891522372,0.835141523536643,351,0,0.848263311808028,0.848263311808028,NaN,0.3,1.00721620289121,900,386.276046919539,0.429195607688377,3,1,0,0,0,0,0,1,0,0,1
133.4,Tunnel,1,21.031986640001,0,28.1293278040333,0.890463879434045,374,0,0.90710633918185,0.90710633918185,NaN,0.3,0.877663089981777,750,237.097164630141,0.316129552840189,3,1,0,0,0,0,0,1,0,0,1
133.5,Tunnel,0,19.9107561071944,0,32.5615541810736,0.848140809552141,425,0,0.921510809519931,0.921510809519931,NaN,0.3,0.855444977199949,750,298.922922504109,0.398563896672145,3,1,0,0,0,0,0,1,0,0,1
133.6,Tunnel,0,17.2356194373425,0.19327693583222,28.5241402561404,0.910201779921084,429,0,0.968635702174483,0.968635702174483,NaN,0.3,0.80885347260279,750,343.004934218681,0.457339912291575,3,1,0,0,0,0,0,1,0,0,1
133.7,Tunnel,2,20.515764414384,0,33.4723937817691,0.834291451484831,400,0,0.890111536119579,0.890111536119579,NaN,0.3,0.908679270445988,750,404.541425163025,0.539388566884034,3,1,0,0,0,0,0,1,0,0,1
133.8,Tunnel,2,18.3601706287918,0,37.6162353299873,0.909105599606113,352,0,0.9011632893229,0.9011632893229,NaN,0.3,0.887918258397218,750,239.526377760803,0.319368503681071,3,1,0,0,0,0,0,1,0,0,1
133.9,Tunnel,2,19.0046549431489,0,25.7027224151823,0.942075483784066,342,0,0.915695102842091,0.915695102842091,NaN,0.3,0.863965841163251,750,403.724241577354,0.538298988769806,3,1,0,0,0,0,0,1,0,0,1
134,Tunnel,0,17.9099199648997,0,25.1766257433155,0.799949495848464,385,0,0.852958220329394,0.852958220329394,NaN,0.3,0.994591564718291,950,447.871970999513,0.471444179999487,3,1,0,0,0,0,0,1,0,0,1
134.1,Tunnel,2,19.4977485815937,0,35.2876460511819,0.864043102531335,410,0,0.919704322630794,0.919704322630794,NaN,0.3,0.858026562237616,750,515.783310423248,0.687711080564331,3,1,0,0,0,0,0,1,0,0,1
134.2,Tunnel,2,17.8257915549205,0.407215752657154,32.7519448921957,0.844997119106596,359,0,0.862126723291491,0.862126723291491,NaN,0.3,0.97108136387307,750,312.491954449299,0.416655939265732,3,1,0,0,0,0,0,1,0,0,1
134.3,Tunnel,0,19.490129939075,0,32.0851431347187,0.942863046469528,394,0,0.961294153191313,0.961294153191313,NaN,0.3,0.813483283194598,750,423.423918828528,0.564565225104704,3,1,0,0,0,0,0,1,0,0,1
134.4,Tunnel,3,17.6305552242809,1.22449456178744,27.566904102613,0.953847730096352,466,0,1,1,NaN,0.3,0.8,750,187.196965181043,0.249595953574724,3,1,0,0,0,0,0,1,0,0,1
134.5,Tunnel,0,20.2564027480483,0,34.9810568598327,1,427,0,1,1,NaN,0.3,0.8,600,66.448549497838,0.110747582496397,3,1,0,0,0,0,0,1,0,0,1
134.6,Tunnel,1,21.1330056891982,0,20.099456666565,0.873370535165822,388,0,0.907208671489156,0.907208671489156,NaN,0.3,0.877492075821267,750,509.501056937941,0.679334742583921,3,1,0,0,0,0,0,1,0,0,1
134.7,Tunnel,0,20.8457777123573,2.4269818118107,34.4813376961814,0.806078546663014,440,0,0.904913757577431,0.904913757577431,NaN,0.3,0.881372541482392,750,154.292041488896,0.205722721985195,3,1,0,0,0,0,0,1,0,0,1
134.8,Tunnel,1,20.4538816138326,0,29.4841725833196,0.898769695416358,462,0,0.978784480725408,0.978784480725408,NaN,0.3,0.804050884322815,750,398.19611038834,0.530928147184453,3,1,0,0,0,0,0,1,0,0,1
134.9,Tunnel,0,21.5651035328037,1.60989656706311,31.3627424163157,0.749602321618333,380,0,0.813207733258497,0.813207733258497,NaN,0.3,1.11402215822986,1000,906.583449872116,0.906583449872116,3,1,0,0,0,0,0,1,0,0,1
135,Tunnel,0,17.5874138749272,0,30.3279192844861,0.90152263685049,442,0,0,0,NaN,NaN,NaN,1700,1700.00000000002,1.00000000000001,0,1,0,0,0,1,0,0,1,0,0
135.1,Tunnel,0,18.5308980367985,0,40.6059311429133,0.819708548888297,410,0,0.888514964142917,0.888514964142917,NaN,0.3,0.911860218980496,750,487.95607149814,0.650608095330854,3,1,0,0,0,0,0,1,0,0,1
135.2,Tunnel,0,25.7263329880689,0,24.526327541329,0.856961987652785,400,0,0.906060258313734,0.906060258313734,NaN,0.3,0.879422075612742,750,382.610158705997,0.510146878274663,3,1,0,0,0,0,0,1,0,0,1
135.3,Tunnel,1,20.020668905504,0,25.0943552931171,0.872468491900145,332,0,0.858064084051752,0.858064084051752,NaN,0.3,0.981312238124614,950,537.857774009798,0.56616607790505,3,1,0,0,0,0,0,1,0,0,1
135.4,Tunnel,0,18.0256750389091,0.935575053941727,22.2997683834196,0.278622795720075,167,0,0.297362386789073,0.297362386789073,NaN,1.41424903874687,5.24329653948873,1500,1322.03990710887,0.881359938072579,3,1,0,0,0,0,0,1,0,0,0
135.5,Tunnel,1,23.4318691054528,0,34.8835051927622,0.856168707786275,374,0,0.882979685927645,0.882979685927645,NaN,0.3,0.923243785150334,800,622.640879126869,0.778301098908587,3,1,0,0,0,0,0,1,0,0,1
135.6,Tunnel,0,18.8091804980564,0.233143337075173,34.2692949840356,0.978590063549158,390,0,0.982963109706833,0.982963109706833,NaN,0.3,0.802612300677753,650,255.047007243603,0.392380011144005,3,1,0,0,0,0,0,1,0,0,1
135.7,Tunnel,0,20.2241124838986,0,27.6514700821873,0.794024731873925,393,0,0.855720148873306,0.855720148873306,NaN,0.3,0.987350078970269,800,444.87766342405,0.556097079280063,3,1,0,0,0,0,0,1,0,0,1
135.8,Tunnel,2,17.7524220051774,0,35.798925444292,0.936020986965285,375,0,0.940022014330078,0.940022014330078,NaN,0.3,0.832376228885192,800,240.499259323032,0.30062407415379,3,1,0,0,0,0,0,1,0,0,1
135.9,Tunnel,0,19.7109348922835,0,24.2744905082969,0.887542296006026,413,0,0.938834755240239,0.938834755240239,NaN,0.3,0.833670684498693,800,630.786012082818,0.788482515103522,3,1,0,0,0,0,0,1,0,0,1
136,Tunnel,0,18.3248892492535,0,32.7406947936107,0.719601832765092,414,0,0.821554889350242,0.821554889350242,NaN,0.3,1.08658391763324,800,383.033262044792,0.478791577555991,3,1,0,0,0,0,0,1,0,0,1
136.1,Tunnel,0,21.105539283663,0.490041412365145,30.2088569470482,0.923489522079492,413,0,0.964123628782922,0.964123628782922,NaN,0.3,0.81158402610535,650,488.621913275847,0.751726020424381,3,1,0,0,0,0,0,1,0,0,1
136.2,Tunnel,1,18.522132057533,0.615896957019285,34.2269699047747,0.808124411660113,388,0,0.861308023602889,0.861308023602889,NaN,0.3,0.97311917885243,800,525.889846565557,0.657362308206946,3,1,0,0,0,0,0,1,0,0,1
136.3,Tunnel,1,17.6579830862423,0,34.0936848478267,0.902242616527171,368,0,0.910195180726865,0.910195180726865,NaN,0.3,0.872584150082124,800,391.604727969313,0.489505909961642,3,1,0,0,0,0,0,1,0,0,1
136.4,Tunnel,2,20.4437087604701,1.06343943090756,24.606914726048,0.884847272458437,426,0,0.94820005617451,0.94820005617451,NaN,0.3,0.824149107622915,800,424.079913967128,0.53009989245891,3,1,0,0,0,0,0,1,0,0,1
136.5,Tunnel,2,19.6617940873128,1.94158112566258,33.3148081178576,0.911138019261948,461,0,0.987485596550781,0.987485596550781,NaN,0.3,0.801409492643208,800,309.914721509132,0.387393401886414,3,1,0,0,0,0,0,1,0,0,1
136.6,Tunnel,0,20.1471507277892,0,27.5090576675864,0.889137779134093,419,0,0.945154677620834,0.945154677620834,NaN,0.3,0.827072084481872,800,307.489217549279,0.384361521936599,3,1,0,0,0,0,0,1,0,0,1
136.7,Tunnel,0,18.2648835089624,0,28.1709436498431,0.876786802198848,405,0,0.92433826534689,0.92433826534689,NaN,0.3,0.851522282816459,800,392.448917288554,0.490561146610693,3,1,0,0,0,0,0,1,0,0,1
136.8,Tunnel,1,19.6336660641518,0,28.5304422811335,0.925813782482745,366,0,0.925044995976611,0.925044995976611,NaN,0.3,0.850564273653316,800,494.380514198151,0.617975642747689,3,1,0,0,0,0,0,1,0,0,1
136.9,Tunnel,0,16.5107845408534,0,25.0978568764311,0.809620448540339,411,0,0.882284235548129,0.882284235548129,NaN,0.3,0.924713010804396,800,174.374521537345,0.217968151921682,3,1,0,0,0,0,0,1,0,0,1
137,Tunnel,1,22.6407387549922,0,24.2499206861623,0.934465654281488,367,0,0.931997837787027,0.931997837787027,NaN,0.3,0.841618646590756,800,588.840009634658,0.736050012043322,3,1,0,0,0,0,0,1,0,0,1
137.1,Tunnel,2,22.312445376486,0.332943056972126,25.9357995344734,0.819470153104303,340,0,0.827709752708877,0.827709752708877,NaN,0.3,1.06715536380473,800,427.8827835364,0.5348534794205,3,1,0,0,0,0,0,1,0,0,1
137.2,Tunnel,0,19.9779352577199,0,28.9247863141816,0.852615420561199,390,0,0.894339948364804,0.894339948364804,NaN,0.3,0.900476418603971,800,83.9394566763907,0.104924320845488,3,1,0,0,0,0,0,1,0,0,1
137.3,Tunnel,0,19.2895554235422,1.56941701907656,32.1930273497687,0.847357572997229,424,0,0.920093552603551,0.920093552603551,NaN,0.3,0.857465363019693,800,324.611942705819,0.405764928382273,3,1,0,0,0,0,0,1,0,0,1
137.4,Tunnel,0,24.187605068496,0,26.9500517915024,0.866104903916961,410,0,0.921154799905582,0.921154799905582,NaN,0.3,0.855949090201359,800,446.713664563588,0.558392080704486,3,1,0,0,0,0,0,1,0,0,1
137.5,Tunnel,0,16.5857107106865,1.0219596919684,30.6368263582981,0.895513715598663,371,0,0.908060148923659,0.908060148923659,NaN,0.3,0.876076425943457,800,197.920945657298,0.247401182071623,3,1,0,0,0,0,0,1,0,0,1
137.6,Tunnel,0,18.4275105497329,2.93258748800053,25.7321801613164,0.908628329114365,418,0,0.958000029531956,0.958000029531956,NaN,0.3,0.815875977673849,650,468.037367814105,0.720057488944777,3,1,0,0,0,0,0,1,0,0,1
137.7,Tunnel,0,18.6120415010877,0.362955311787229,30.0704973255975,0.892072568295572,454,0,0.974073051795935,0.974073051795935,NaN,0.3,0.806049859788586,650,355.936958157298,0.547595320241996,3,1,0,0,0,0,0,1,0,0,1
137.8,Tunnel,1,17.2749514723992,0,27.4922625979435,1,362,0,0.97377,0.97377,NaN,0.3,0.8061921161,800,103.943957450171,0.129929946812714,3,1,0,0,0,0,0,1,0,0,1
137.9,Tunnel,0,22.5129447554071,0.385038086871313,30.2618999980009,0.849079068976338,381,0,0.884055875024854,0.884055875024854,NaN,0.3,0.92098736104627,800,474.30658412485,0.592883230156062,3,1,0,0,0,0,0,1,0,0,1
138,Tunnel,1,19.4179603554158,1.28360070802818,30.1509547311505,0.905344474249572,404,0,0.943562337634574,0.943562337634574,NaN,0.3,0.828666887599464,800,114.225071870612,0.142781339838265,3,1,0,0,0,0,0,1,0,0,1
138.1,Tunnel,0,19.9534451593964,0.119189108330007,33.5563272555652,0.872609776753442,438,0,0.949985977946047,0.949985977946047,NaN,0.3,0.82251262161812,800,510.463859886996,0.638079824858744,3,1,0,0,0,0,0,1,0,0,1
138.2,Tunnel,0,15.6987619166927,0.813099044440444,28.1091419223655,0.845959009587468,378,0,0.879262163244784,0.879262163244784,NaN,0.3,0.931198627018963,800,458.114475446979,0.572643094308724,3,1,0,0,0,0,0,1,0,0,1
138.3,Tunnel,1,20.2583442296142,1.41046864648555,28.1675668948401,0.863507198268972,356,0,0.872549813982222,0.872549813982222,NaN,0.3,0.946191949243695,800,422.296489703509,0.527870612129386,3,1,0,0,0,0,0,1,0,0,1
138.4,Tunnel,0,21.5309284616484,0,28.5242088344391,0.816984791296648,390,0,0.869273800677192,0.869273800677192,NaN,0.3,0.953804052704479,800,333.642891809558,0.417053614761947,3,1,0,0,0,0,0,1,0,0,1
138.5,Tunnel,0,19.1280268195597,0,25.6500723089037,0.831512422524339,427,0,0.911545239245873,0.911545239245873,NaN,0.3,0.870418202300629,800,416.217824012713,0.520272280015891,3,1,0,0,0,0,0,1,0,0,1
138.6,Tunnel,0,22.0730483249889,0,32.8077108938601,0.910744583986611,342,0,0.893653814834581,0.893653814834581,NaN,0.3,0.901785599893138,800,150.481425697556,0.188101782121945,3,1,0,0,0,0,0,1,0,0,1
138.7,Tunnel,0,21.6519570189167,0,22.292485855565,0.826003335348765,380,0,0.866955846417856,0.866955846417856,NaN,0.3,0.959306721221501,800,521.95214051425,0.652440175642813,3,1,0,0,0,0,0,1,0,0,1
138.8,Tunnel,1,23.7770684332759,2.67633377620497,28.0740279434517,0.885537721935415,352,0,0.884583287381565,0.884583287381565,NaN,0.3,0.919889157964818,800,307.130153261132,0.383912691576415,3,1,0,0,0,0,0,1,0,0,1
138.9,Tunnel,0,18.9507597337155,0,32.1352453609428,0.861713690773251,371,0,0.884281831458983,0.884281831458983,NaN,0.3,0.920516250774386,800,686.089452175404,0.857611815219255,3,1,0,0,0,0,0,1,0,0,1
139,Tunnel,1,21.0303011702052,0,28.5091389020239,0.848581633747085,392,0,0.893234679341075,0.893234679341075,NaN,0.3,0.902589503258628,800,528.030533539115,0.660038166923893,3,1,0,0,0,0,0,1,0,0,1
139.1,Tunnel,0,20.8979704527667,0,35.2882232123359,0.913024450699392,390,0,0.936837701067022,0.936837701067022,NaN,0.3,0.83590528405849,800,360.668518116492,0.450835647645615,3,1,0,0,0,0,0,1,0,0,1
139.2,Tunnel,0,21.8366151295609,0,47.569886872472,0.87397695008842,400,0,0.918030284387204,0.918030284387204,NaN,0.3,0.860471308498784,800,402.363371679496,0.502954214599369,3,1,0,0,0,0,0,1,0,0,1
139.3,Tunnel,0,18.4618380080215,0,33.1819941722027,0.2868708176416,163,0,0.299699870210866,0.299699870210866,NaN,1.4060506794567,5.2137824460441,1500,1381.02599309137,0.920683995394249,3,1,0,0,0,0,0,1,0,0,0
139.4,Tunnel,1,20.3636791897693,0.507053840573292,40.8148875211532,0.880925840815568,365,0,0.892600079013752,0.892600079013752,NaN,0.3,0.903812687250671,750,470.950846116161,0.627934461488214,3,1,0,0,0,0,0,1,0,0,1
139.5,Tunnel,1,21.7182012776693,0,31.4016598018869,0.984863045788617,380,0,0.978713652712292,0.978713652712292,NaN,0.3,0.804077977227676,750,215.249331194091,0.286999108258788,3,1,0,0,0,0,0,1,0,0,1
139.6,Tunnel,0,22.6091662925804,0,30.3328099452886,0.895116874153976,410,0,0.941564720967322,0.941564720967322,NaN,0.3,0.830732136520642,750,434.63086844277,0.57950782459036,3,1,0,0,0,0,0,1,0,0,1
139.7,Tunnel,0,22.4204391486038,0,24.6078195351851,0.881868940857093,361,0,0.889798549892965,0.889798549892965,NaN,0.3,0.909299236451241,750,501.826506824024,0.669102009098698,3,1,0,0,0,0,0,1,0,0,1
139.8,Tunnel,0,20.1028566364256,0,26.7946459523668,0.913072542599923,370,0,0.919546533719046,0.919546533719046,NaN,0.3,0.858254842129586,750,422.782997463965,0.563710663285287,3,1,0,0,0,0,0,1,0,0,1
139.9,Tunnel,0,23.2547037720807,0,31.3565692706929,0.820627768431027,401,0,0.881365385091228,0.881365385091228,NaN,0.3,0.926667546690974,900,596.498904838556,0.662776560931729,3,1,0,0,0,0,0,1,0,0,1
140,Tunnel,0,23.3791911368659,0,29.5691481462071,0.898859886447889,438,0,0.96845293011609,0.96845293011609,NaN,0.3,0.808956958564343,700,499.820245658002,0.714028922368574,3,1,0,0,0,0,0,1,0,0,1
140.1,Tunnel,2,21.5069894438878,0,25.8926442751694,0.951326796263915,388,0,0.962050901171664,0.962050901171664,NaN,0.3,0.812961206916945,700,354.188328332747,0.505983326189639,3,1,0,0,0,0,0,1,0,0,1
140.2,Tunnel,0,22.0416810655526,1.00326169581771,26.5167790072519,0.87855876637516,379,0,0.903062342144925,0.903062342144925,NaN,0.3,0.884572185593848,900,478.106024115024,0.53122891568336,3,1,0,0,0,0,0,1,0,0,1
140.3,Tunnel,0,15.724177379001,0,30.6011165869773,0.924957465167407,385,0,0.940901326745271,0.940901326745271,NaN,0.3,0.831433878624223,900,378.022528970941,0.420025032189934,3,1,0,0,0,0,0,1,0,0,1
140.4,Tunnel,1,20.2722785894414,0,31.2485707125491,0.90769539255245,377,0,0.921827458660649,0.921827458660649,NaN,0.3,0.854998515975073,750,346.336503783736,0.461782005044982,3,1,0,0,0,0,0,1,0,0,1
140.5,Tunnel,0,18.8944441168982,0,29.9136630646602,0.808939312231345,433,0,0.900862556154752,0.900862556154752,NaN,0.3,0.888454094949528,750,619.851299697723,0.826468399596964,3,1,0,0,0,0,0,1,0,0,1
140.6,Tunnel,0,21.6427663826368,0.967159303600119,21.6428330017388,0.920884446564056,354,0,0.911182208157814,0.911182208157814,NaN,0.3,0.870997401329497,750,243.764019494347,0.325018692659129,3,1,0,0,0,0,0,1,0,0,1
140.7,Tunnel,0,15.91955346528,0.991513625045673,27.0914725998821,0.831451670813095,430,0,0.914101250417013,0.914101250417013,NaN,0.3,0.866407356619287,750,604.096516323153,0.805462021764204,3,1,0,0,0,0,0,1,0,0,1
140.8,Tunnel,1,26.3429274645421,0,25.047193809741,0.792050702831632,377,0,0.840471419442053,0.840471419442053,NaN,0.3,1.0290443121335,750,419.727251437964,0.559636335250618,3,1,0,0,0,0,0,1,0,0,1
140.9,Tunnel,0,21.0721946335131,0,27.2220342063522,0.811278424596152,408,0,0.880851871703393,0.880851871703393,NaN,0.3,0.927766488289263,900,726.775066055473,0.807527851172748,3,1,0,0,0,0,0,1,0,0,1
141,Tunnel,0,20.764418377428,0,30.8555836269155,0.811747496738934,385,0,0.86125811395584,0.86125811395584,NaN,0.3,0.973243798487816,900,612.033871050471,0.680037634500524,3,1,0,0,0,0,0,1,0,0,1
141.1,Tunnel,3,20.0765794203511,0.444775254258777,25.2868442227433,0.913106407868689,386,0,0.933430357935623,0.933430357935623,NaN,0.3,0.839883655201214,750,293.602215825973,0.391469621101297,3,1,0,0,0,0,0,1,0,0,1
141.2,Tunnel,0,23.1279274283907,1.47414970930249,22.7991098403161,0.810965374383194,403,0,0.876300390878577,0.876300390878577,NaN,0.3,0.937714339671135,750,369.341743222998,0.492455657630664,3,1,0,0,0,0,0,1,0,0,1
141.3,Tunnel,1,21.9428425244501,0.94240565470296,26.833060896378,0.795751863364519,409,0,0.870795185876939,0.870795185876939,NaN,0.3,0.950244955933173,750,626.622653707027,0.835496871609369,3,1,0,0,0,0,0,1,0,0,1
141.4,Tunnel,1,23.2296928195254,0,28.0132402203032,0.776662034065619,342,0,0.799326740965163,0.799326740965163,NaN,0.3,1.16242781202497,900,364.536177566768,0.405040197296409,3,1,0,0,0,0,0,1,0,0,1
141.5,Tunnel,0,18.4633772491856,1.51912720674407,27.612132617001,0.833845156562026,381,0,0.873338817641385,0.873338817641385,NaN,0.3,0.94438749604834,900,233.856852647118,0.259840947385687,3,1,0,0,0,0,0,1,0,0,1
141.6,Tunnel,0,19.6233682131068,0,26.6492262849131,0.902269645514869,478,0,0.98124669561971,0.98124669561971,NaN,0.3,0.803165177826618,650,479.540366405455,0.737754409854546,3,1,0,0,0,0,0,1,0,0,1
141.7,Tunnel,0,20.7660261913739,0,35.2429038075,0.911420783504839,423,0,0.964295771195654,0.964295771195654,NaN,0.3,0.811473127590618,650,269.532572591307,0.414665496294319,3,1,0,0,0,0,0,1,0,0,1
141.8,Tunnel,0,20.3126301912023,0,24.8592333646589,0.858572506896061,417,0,0.921919508601379,0.921919508601379,NaN,0.3,0.854869068233451,750,426.50780702831,0.568677076037746,3,1,0,0,0,0,0,1,0,0,1
141.9,Tunnel,0,22.9039964854661,2.02356397493251,32.9000901389798,0.912949871639326,347,0,0.899536484698266,0.899536484698266,NaN,0.3,0.890836261161036,750,263.139898309548,0.350853197746064,3,1,0,0,0,0,0,1,0,0,1
142,Tunnel,0,20.4284466543688,0,27.7312780088907,0.920619474345065,398,0,0.949110800201753,0.949110800201753,NaN,0.3,0.823307395904953,750,491.252914717003,0.655003886289337,3,1,0,0,0,0,0,1,0,0,1
142.1,Tunnel,0,21.2153336047541,1.01650910169592,37.2947130809832,0.832404776569105,398,0,0.887051760316365,0.887051760316365,NaN,0.3,0.914815743628686,750,314.960844589396,0.419947792785862,3,1,0,0,0,0,0,1,0,0,1
142.2,Tunnel,0,20.3609066114875,0.0812237333405026,30.8414910308677,0.865576346506234,378,0,0.893062959767136,0.893062959767136,NaN,0.3,0.902919775163887,750,698.151626885232,0.930868835846976,3,1,0,0,0,0,0,1,0,0,1
142.3,Tunnel,1,23.0952932427451,0,31.8593449441912,0.853525335818664,400,0,0.90364257374843,0.90364257374843,NaN,0.3,0.883562782344441,750,420.100373020501,0.560133830694001,3,1,0,0,0,0,0,1,0,0,1
142.4,Tunnel,0,16.5139866651192,0,25.4975191887884,0.762113125677541,356,0,0.80121908391415,0.80121908391415,NaN,0.3,1.15562467339937,1000,608.551496089478,0.608551496089478,3,1,0,0,0,0,0,1,0,0,1
142.5,Tunnel,0,22.3182382664805,0.410114481940651,29.4424248021423,0.758906829613536,422,0,0.856135954633123,0.856135954633123,NaN,0.3,0.986271771943907,1000,457.605252255643,0.457605252255643,3,1,0,0,0,0,0,1,0,0,1
142.6,Tunnel,1,21.4554409733026,0,26.2746849930799,0.820113641546693,315,0,0.806506196828099,0.806506196828099,NaN,0.3,1.13695866679334,1000,671.66062735589,0.67166062735589,3,1,0,0,0,0,0,1,0,0,1
142.7,Tunnel,0,18.913056518076,0.392922812837712,27.3387138736569,0.839410894731282,399,0,0.892846814443457,0.892846814443457,NaN,0.3,0.903336246574235,800,409.344814510952,0.51168101813869,3,1,0,0,0,0,0,1,0,0,1
142.8,Tunnel,0,19.365667952663,0,32.1419662442942,0.984954591211401,416,0,1,1,NaN,0.3,0.8,800,319.24381444717,0.399054768058963,3,1,0,0,0,0,0,1,0,0,1
142.9,Tunnel,1,19.6689011801711,2.51501179120283,28.0685355349056,0.791110803339608,399,0,0.858867700149415,0.858867700149415,NaN,0.3,0.97926493455004,800,206.901009905064,0.25862626238133,3,1,0,0,0,0,0,1,0,0,1
143,Tunnel,0,21.5034900472463,0,24.0460225719434,0.932946171269177,390,0,0.950852631487866,0.950852631487866,NaN,0.3,0.821739174485007,800,413.482057306765,0.516852571633456,3,1,0,0,0,0,0,1,0,0,1
143.1,Tunnel,1,21.1173119517738,2.42007165721449,27.8722294241643,0.880218255552571,411,0,0.931949792781234,0.931949792781234,NaN,0.3,0.841677476322653,800,257.714211047984,0.32214276380998,3,1,0,0,0,0,0,1,0,0,1
143.2,Tunnel,0,20.9269555431346,0.0496954170507161,36.9545975055426,0.831781484050035,344,0,0.8398357740292,0.8398357740292,NaN,0.3,1.03087321352743,800,618.114992365963,0.772643740457454,3,1,0,0,0,0,0,1,0,0,1
143.3,Tunnel,0,21.2767529929057,3.20998957624169,31.0003746790623,0.861440406643927,397,0,0.906612076074003,0.906612076074003,NaN,0.3,0.87849173901687,800,221.614135893854,0.277017669867318,3,1,0,0,0,0,0,1,0,0,1
143.4,Tunnel,0,20.5000962790505,0.2993894538483,35.541336034187,0.887642522774289,460,0,0.970956514771713,0.970956514771713,NaN,0.3,0.807591716307852,650,338.352452118422,0.520542234028342,3,1,0,0,0,0,0,1,0,0,1
143.5,Tunnel,1,23.1632877054999,0.65164000823291,33.8491936330601,0.877608130743006,410,0,0.929247319977705,0.929247319977705,NaN,0.3,0.845053475573036,850,694.091732782092,0.816578509155403,3,1,0,0,0,0,0,1,0,0,1
143.6,Tunnel,0,17.303327478074,0,25.7520357983929,0.891726527705488,358,0,0.894134612240811,0.894134612240811,NaN,0.3,0.900867322928631,850,369.138820960627,0.434280965836032,3,1,0,0,0,0,0,1,0,0,1
143.7,Tunnel,0,19.5284301694901,2.36192890153636,25.9162257766031,0.922108769366206,376,0,0.931101019249126,0.931101019249126,NaN,0.3,0.842723625936584,700,339.982501260684,0.485689287515262,3,1,0,0,0,0,0,1,0,0,1
143.8,Tunnel,0,21.3644339701704,2.18559527041407,27.1538691522763,0.926804761768144,404,0,0.958659649903889,0.958659649903889,NaN,0.3,0.815381220914621,700,480.277864943942,0.686111235634203,3,1,0,0,0,0,0,1,0,0,1
143.9,Tunnel,0,22.4021532393994,0,32.3362698763122,0.959847615771921,379,0,0.960249047695546,0.960249047695546,NaN,0.3,0.814221243881999,700,277.499521156152,0.396427887365932,3,1,0,0,0,0,0,1,0,0,1
144,Tunnel,0,21.9805657924486,0,29.5420552225797,0.84721796280871,373,0,0.875816586835928,0.875816586835928,NaN,0.3,0.938793680945708,700,567.154474337403,0.810220677624862,3,1,0,0,0,0,0,1,0,0,1
144.1,Tunnel,0,17.8445589869098,0,26.0616269604981,0.913061618307478,419,0,0.961985098479311,0.961985098479311,NaN,0.3,0.813006194638649,700,336.250323764935,0.480357605378478,3,1,0,0,0,0,0,1,0,0,1
144.2,Tunnel,2,17.8907577811599,2.31909032132455,46.2649315403745,0.93462669318318,332,0,0.901792378654367,0.901792378654367,NaN,0.3,0.886802632013305,700,499.166360696352,0.713094800994788,3,1,0,0,0,0,0,1,0,0,1
144.3,Tunnel,0,18.2375507710719,0,30.8762803946194,0.816780366885089,390,0,0.86912998810366,0.86912998810366,NaN,0.3,0.954142640123733,700,467.188826075887,0.667412608679839,3,1,0,0,0,0,0,1,0,0,1
144.4,Tunnel,0,17.5528850055109,0.131412466697421,28.8574813280329,0.772870240381627,389,0,0.837372964108475,0.837372964108475,NaN,0.3,1.03802797522577,900,758.321913379429,0.842579903754921,3,1,0,0,0,0,0,1,0,0,1
144.5,Tunnel,0,19.7373671504088,2.09232941810015,33.8767804766726,0.839848072957421,376,0,0.873230619325546,0.873230619325546,NaN,0.3,0.944634282889262,900,505.347422713896,0.561497136348773,3,1,0,0,0,0,0,1,0,0,1
144.6,Tunnel,1,19.1601469003572,2.54856748002789,28.0923412260346,0.974982565510096,325,0,0.924118984836353,0.924118984836353,NaN,0.3,0.851821356160391,900,439.477843780778,0.488308715311976,3,1,0,0,0,0,0,1,0,0,1
144.7,Tunnel,1,15.8528345591845,0,29.2240964773467,0.856143300975772,391,0,0.897688062236456,0.897688062236456,NaN,0.3,0.894209593480383,750,553.950149933938,0.738600199911917,3,1,0,0,0,0,0,1,0,0,1
144.8,Tunnel,0,20.0299383053356,0,28.2246031918922,0.930899019382789,336,0,0.902634960135792,0.902634960135792,NaN,0.3,0.885319558889829,750,333.684491431206,0.444912655241608,3,1,0,0,0,0,0,1,0,0,1
144.9,Tunnel,0,21.5807549375405,0,28.5439542280427,0.883816100578563,391,0,0.917155876757019,0.917155876757019,NaN,0.3,0.861768338803084,750,474.50102809839,0.63266803746452,3,1,0,0,0,0,0,1,0,0,1
145,Tunnel,0,20.7438541949626,0,24.995199667887,0.839513941321062,408,0,0.900715557719367,0.900715557719367,NaN,0.3,0.888716604310787,750,279.504201883115,0.372672269177487,3,1,0,0,0,0,0,1,0,0,1
145.1,Tunnel,0,16.9064924372655,0,31.4045862703527,0.824632287892122,377,0,0.863392564532108,0.863392564532108,NaN,0.3,0.967954322826029,750,560.589725775768,0.747452967701024,3,1,0,0,0,0,0,1,0,0,1
145.2,Tunnel,0,18.8810081432071,0,28.296819425079,0.892032154359141,366,0,0.901279620591656,0.901279620591656,NaN,0.3,0.887711419794747,750,435.552498219496,0.580736664292661,3,1,0,0,0,0,0,1,0,0,1
145.3,Tunnel,0,22.1045326759617,1.16801423372314,23.9462705589506,0.799664442304142,414,0,0.877878935160964,0.877878935160964,NaN,0.3,0.934221990296781,900,575.149595317112,0.639055105907902,3,1,0,0,0,0,0,1,0,0,1
145.4,Tunnel,0,20.9914649122927,0,26.9140070897093,0.817276265977106,299,0,0.790650103114894,0.790650103114894,NaN,0.3,1.19444641393224,900,465.693372848071,0.517437080942302,3,1,0,0,0,0,0,1,0,0,1
145.5,Tunnel,0,20.7208261422859,0,31.7903760171786,0.816204630334955,459,0,0.920699957440641,0.920699957440641,NaN,0.3,0.856596470749245,900,210.583197166588,0.233981330185098,3,1,0,0,0,0,0,1,0,0,1
145.6,Tunnel,2,20.4453442143808,1.2079046399085,28.0075941498147,0.933539594487586,379,0,0.941741354722017,0.941741354722017,NaN,0.3,0.830546627746633,700,205.734289042593,0.293906127203704,3,1,0,0,0,0,0,1,0,0,1
145.7,Tunnel,2,19.7493011436955,0.997168310785209,28.5322111047264,0.868536554073673,370,0,0.888215465790829,0.888215465790829,NaN,0.3,0.912462038795251,700,149.105048809639,0.213007212585199,3,1,0,0,0,0,0,1,0,0,1
145.8,Tunnel,0,22.2181846289115,0,26.4920936605409,0.986581641577556,429,0,1,1,NaN,0.3,0.8,700,402.950350220122,0.575643357457317,3,1,0,0,0,0,0,1,0,0,1
145.9,Tunnel,0,20.7033188579257,2.0193180977572,23.6855646030976,0.969641309730225,364,0,0.954145161395214,0.954145161395214,NaN,0.3,0.818923996011239,700,298.547739931379,0.426496771330542,3,1,0,0,0,0,0,1,0,0,1
146,Tunnel,2,24.9036052605323,1.87935385749141,31.2746750212367,0.897629341821031,413,0,0.945930991971095,0.945930991971095,NaN,0.3,0.826311118663068,700,433.659035431314,0.61951290775902,3,1,0,0,0,0,0,1,0,0,1
146.1,Tunnel,0,18.1898392154412,0,28.4957109486722,0.884736496744112,421,0,0.943790875459483,0.943790875459483,NaN,0.3,0.828435191134502,700,332.503978107762,0.475005683011089,3,1,0,0,0,0,0,1,0,0,1
146.2,Tunnel,1,19.6909041714024,0.231553800171836,36.0488030482745,0.91101189639022,441,0,0.97960061911052,0.97960061911052,NaN,0.3,0.803745212666067,700,427.853080486789,0.611218686409699,3,1,0,0,0,0,0,1,0,0,1
146.3,Tunnel,0,17.428707191763,0,36.9009115755729,0.896579839015809,417,0,0.948657666747622,0.948657666747622,NaN,0.3,0.823724316654184,700,437.091027227139,0.624415753181627,3,1,0,0,0,0,0,1,0,0,1
146.4,Tunnel,0,18.4910852274221,0.560721582302968,36.979048505894,0.962239009628359,357,0,0.94287389327355,0.94287389327355,NaN,0.3,0.829370528627495,700,338.948406415587,0.484212009165125,3,1,0,0,0,0,0,1,0,0,1
146.5,Tunnel,0,20.8437906112991,1.01429065406936,33.2312521299871,0.953128240537928,345,0,0.926069467218432,0.926069467218432,NaN,0.3,0.849191513096298,700,293.077071177514,0.418681530253592,3,1,0,0,0,0,0,1,0,0,1
146.6,Tunnel,0,21.2160594770152,0,27.2466775408156,0.836070624700132,290,0,0.796075684476543,0.796075684476543,NaN,0.3,1.17426613815539,900,345.30549260679,0.383672769563101,3,1,0,0,0,0,0,1,0,0,1
146.7,Tunnel,1,22.2468926759603,0.895244272436222,31.7561190829432,0.906963173919882,415,0,0.954229842852637,0.954229842852637,NaN,0.3,0.818854165567648,700,118.973289415986,0.169961842022837,3,1,0,0,0,0,0,1,0,0,1
146.8,Tunnel,0,19.3944821886537,1.74220741503251,24.1344687003018,0.805913143053467,419,0,0.886606146138114,0.886606146138114,NaN,0.3,0.915723494842857,700,311.470304829795,0.444957578328278,3,1,0,0,0,0,0,1,0,0,1
146.9,Tunnel,0,18.9035188797445,0,29.2686687982188,0.812540397640938,397,0,0.8722109197404,0.8722109197404,NaN,0.3,0.94697044130235,700,604.463406934928,0.863519152764183,3,1,0,0,0,0,0,1,0,0,1
147,Tunnel,1,19.0343425079962,0.777078366159064,26.0819473635058,0.885941205029068,386,0,0.914319637737949,0.914319637737949,NaN,0.3,0.866070120296206,700,191.128907438149,0.273041296340212,3,1,0,0,0,0,0,1,0,0,1
147.1,Tunnel,0,17.2416504314476,1.31748517894681,24.759634659231,0.928722686883391,367,0,0.927957660222466,0.927957660222466,NaN,0.3,0.846710888485596,700,537.151575410837,0.767359393444053,3,1,0,0,0,0,0,1,0,0,1
147.2,Tunnel,0,22.1129312382301,0.557875765677972,23.3418383845479,0.874028391347817,368,0,0.890346473313189,0.890346473313189,NaN,0.3,0.908215063233696,700,353.68340488234,0.505262006974772,3,1,0,0,0,0,0,1,0,0,1
147.3,Tunnel,0,17.7001653896036,0.0363473964165129,32.7609344925171,0.860974576001815,384,0,0.895023114217277,0.895023114217277,NaN,0.3,0.89918131893775,900,556.077572247483,0.61786396916387,3,1,0,0,0,0,0,1,0,0,1
147.4,Tunnel,0,18.8090131684018,1.41391694805604,30.3609648018875,0.897129910807687,335,0,0.878012142253208,0.878012142253208,NaN,0.3,0.933929336938864,900,556.183554961658,0.617981727735176,3,1,0,0,0,0,0,1,0,0,1
147.5,Tunnel,2,20.4529497625728,0.37077965365502,26.9711889969216,0.882853701424183,354,0,0.884427578951913,0.884427578951913,NaN,0.3,0.920212860562247,900,444.815835865754,0.494239817628615,3,1,0,0,0,0,0,1,0,0,1
147.6,Tunnel,0,21.0917047486314,0.86975493278043,30.968391333776,0.868231950995998,358,0,0.877606177525685,0.877606177525685,NaN,0.3,0.934822230018867,900,528.401406070706,0.587112673411896,3,1,0,0,0,0,0,1,0,0,1
147.7,Tunnel,0,20.0780943229643,0.921208212907645,29.8725305021658,0.984712820249002,405,0,1,1,NaN,0.3,0.8,700,462.562142447879,0.660803060639828,3,1,0,0,0,0,0,1,0,0,1
147.8,Tunnel,0,22.0634092572237,0.208475239944965,29.3358427134878,0.923700850930901,378,0,0.933953548629889,0.933953548629889,NaN,0.3,0.83925920364726,700,240.696518883828,0.34385216983404,3,1,0,0,0,0,0,1,0,0,1
147.9,Tunnel,0,19.6358085651556,3.13970997191566,28.4629110205292,0.844388085569092,394,0,0.892017018197856,0.892017018197856,NaN,0.3,0.904942919229939,700,615.396483068458,0.87913783295494,3,1,0,0,0,0,0,1,0,0,1
148,Tunnel,0,20.01520425557,1.75989255820842,25.9802255473173,0.851191093792215,395,0,0.897669184482823,0.897669184482823,NaN,0.3,0.894244362239695,700,332.955222562171,0.475650317945958,3,1,0,0,0,0,0,1,0,0,1
148.1,Tunnel,3,17.9989448002231,0.409120260349218,26.8892471866264,0.922880203249035,377,0,0.932509972985696,0.932509972985696,NaN,0.3,0.840994133717523,700,474.971190230117,0.67853027175731,3,1,0,0,0,0,0,1,0,0,1
148.2,Tunnel,0,20.7168222870148,0,36.7758361525915,0.833755404342415,399,0,0.888868176954889,0.888868176954889,NaN,0.3,0.911152538839968,700,429.948363013303,0.614211947161861,3,1,0,0,0,0,0,1,0,0,1
148.3,Tunnel,1,16.9437308510927,2.33619454818388,28.7741474543089,0.778343439968022,316,0,0.777987110017503,0.777987110017503,NaN,0.30322430829595,1.24360750986542,950,764.639284777585,0.804883457660616,3,1,0,0,0,0,0,1,0,0,0
148.4,Tunnel,1,20.4615849824917,1.16194750536034,35.640993893139,0.862294872700044,420,0,0.927136942944481,0.927136942944481,NaN,0.3,0.847781225751282,700,480.776397310351,0.686823424729073,3,1,0,0,0,0,0,1,0,0,1
148.5,Tunnel,0,18.7143624995158,1.84482276936042,21.9410841439305,0.967212798810167,442,0,1,1,NaN,0.3,0.8,700,225.658203528419,0.322368862183455,3,1,0,0,0,0,0,1,0,0,1
148.6,Tunnel,0,16.8326747693961,0,42.0409986962216,0.919072470197356,408,0,0.95668498278384,0.95668498278384,NaN,0.3,0.816885716447926,700,158.967578205992,0.227096540294274,3,1,0,0,0,0,0,1,0,0,1
148.7,Tunnel,0,19.7403368188893,0.787572999660051,34.2579185671858,0.788131418163678,362,0,0.824720452678148,0.824720452678148,NaN,0.3,1.07650627738418,850,137.36998401677,0.161611745902082,3,1,0,0,0,0,0,1,0,0,1
148.8,Tunnel,0,25.4098668765595,0.682045348792655,32.5409851401569,0.778678202219532,352,0,0.809407615261441,0.809407615261441,NaN,0.3,1.12692911408298,850,600.398948361814,0.706351703955076,3,1,0,0,0,0,0,1,0,0,1
148.9,Tunnel,0,19.3986710204238,0.729807488978748,28.2743750572374,0.775372568184111,381,0,0.832203351717522,0.832203351717522,NaN,0.3,1.0534014365735,850,281.670235312321,0.33137674742626,3,1,0,0,0,0,0,1,0,0,1
149,Tunnel,1,22.0309747481306,0,29.6747032190829,0.967235627169469,381,0,0.967179013713721,0.967179013713721,NaN,0.3,0.809694954267237,650,360.067556563765,0.553950087021177,3,1,0,0,0,0,0,1,0,0,1
149.1,Tunnel,0,22.6235320813757,1.2435257647525,30.152845364857,0.84431726033867,390,0,0.888502192648255,0.888502192648255,NaN,0.3,0.911885849398222,900,639.20597805646,0.710228864507178,3,1,0,0,0,0,0,1,0,0,1
149.2,Tunnel,0,18.1795705181795,4.78969805670254,40.1320430229181,0.911060976038582,426,0,0.966641396643143,0.966641396643143,NaN,0.3,0.810015167761281,700,379.746077339179,0.542494396198827,3,1,0,0,0,0,0,1,0,0,1
149.3,Tunnel,3,19.8478792488811,3.07039572464133,27.9859451369725,0.782153581365851,461,0,0.896745044490876,0.896745044490876,NaN,0.3,0.89595427253472,850,639.691855725883,0.752578653795156,3,1,0,0,0,0,0,1,0,0,1
149.4,Tunnel,0,23.6913071723192,0,36.1240484173353,0.869290550613752,424,0,0.935523402356775,0.935523402356775,NaN,0.3,0.837415084792817,700,483.998604734565,0.691426578192236,3,1,0,0,0,0,0,1,0,0,1
149.5,Tunnel,0,20.052185523532,2.38857067216187,34.3746628143194,0.81103617456184,454,0,0.917063948804254,0.917063948804254,NaN,0.3,0.86190549729149,700,341.704219799734,0.488148885428192,3,1,0,0,0,0,0,1,0,0,1
149.6,Tunnel,1,18.0552877771638,0,34.3741575870938,0.887531970742425,413,0,0.938827491417296,0.938827491417296,NaN,0.3,0.833678682256709,700,516.347523817269,0.737639319738956,3,1,0,0,0,0,0,1,0,0,1
149.7,Tunnel,1,20.5748878622657,1.45389459355832,26.9044060573137,0.845670777770517,441,0,0.933633142161559,0.933633142161559,NaN,0.3,0.839641038374131,700,306.082807159253,0.437261153084647,3,1,0,0,0,0,0,1,0,0,1
149.8,Tunnel,1,20.0214211158105,0.69645134557682,22.7951433621554,0.904406069939053,482,0,0.982749670202124,0.982749670202124,NaN,0.3,0.80267816490322,700,448.091883088637,0.640131261555195,3,1,0,0,0,0,0,1,0,0,1
149.9,Tunnel,0,22.4194374945454,0,30.1103533265966,0.892375317583442,381,0,0.914514785919951,0.914514785919951,NaN,0.3,0.865769496436806,700,273.560154423127,0.390800220604467,3,1,0,0,0,0,0,1,0,0,1
150,Tunnel,0,17.4128139175069,0.822902825027433,31.9211713803162,0.881099959136629,368,0,0.895321321252618,0.895321321252618,NaN,0.3,0.898618632058678,700,617.859427356714,0.882656324795306,3,1,0,0,0,0,0,1,0,0,1
150.1,Tunnel,0,18.70604286673,1.0389245863334,24.1863129657459,0.890341261385598,362,0,0.896625077384768,0.896625077384768,NaN,0.3,0.896177371631346,700,463.792766189809,0.66256109455687,3,1,0,0,0,0,0,1,0,0,1
150.2,Tunnel,0,20.9206847198734,3.1108406796102,28.445526626452,0.881173514010089,331,0,0.863321817106098,0.863321817106098,NaN,0.3,0.968128331112611,850,652.107832555985,0.767185685359982,3,1,0,0,0,0,0,1,0,0,1
150.3,Tunnel,1,20.2016850678997,1.64651193918562,35.9133443313329,0.902987046849733,364,0,0.907253887458788,0.907253887458788,NaN,0.3,0.877416572523565,850,500.405679183746,0.588712563745583,3,1,0,0,0,0,0,1,0,0,1
150.4,Tunnel,0,19.4615578171121,2.9400501994126,27.9348309059468,0.869175456066039,347,0,0.868741183342459,0.868741183342459,NaN,0.3,0.955059892553042,850,341.90133407241,0.4022368636146,3,1,0,0,0,0,0,1,0,0,1
150.5,Tunnel,0,21.3454070681432,0,30.2051487193974,0.918108689427791,360,0,0.914426963012451,0.914426963012451,NaN,0.3,0.865904701933452,850,566.097224758989,0.665996735010575,3,1,0,0,0,0,0,1,0,0,1
150.6,Tunnel,0,21.070347595393,0.852503225025994,26.2694419464524,0.893473650504372,377,0,0.911822463129826,0.911822463129826,NaN,0.3,0.869977502076418,850,459.592310039378,0.540696835340444,3,1,0,0,0,0,0,1,0,0,1
150.7,Tunnel,0,19.4127782279477,4.11471390191912,31.337878171959,0.783991584974769,373,0,0.83133683002975,0.83133683002975,NaN,0.3,1.05602538413972,850,382.584777804016,0.45009973859296,3,1,0,0,0,0,0,1,0,0,1
150.8,Tunnel,0,18.2881943026152,0,29.1545845068865,0.907039039798746,370,0,0.915301964498418,0.915301964498418,NaN,0.3,0.864563814960446,850,493.453156332805,0.580533125097418,3,1,0,0,0,0,0,1,0,0,1
150.9,Tunnel,0,22.2437333170985,0.166196289072039,35.7875145572236,0.78250381196715,355,0,0.81469768171889,0.81469768171889,NaN,0.3,1.10903254244318,850,329.539307812188,0.387693303308457,3,1,0,0,0,0,0,1,0,0,1
151,Tunnel,0,19.8835276819767,0.66155467454873,30.7603997222424,0.908742400616075,416,0,0.956347778833409,0.956347778833409,NaN,0.3,0.817149647714993,700,308.170308341825,0.440243297631179,3,1,0,0,0,0,0,1,0,0,1
151.1,Tunnel,0,21.4433177355652,1.31281298673616,30.7034767170135,0.747299272927698,435,0,0.859231288504636,0.859231288504636,NaN,0.3,0.978342471224586,700,468.096335104737,0.668709050149624,3,1,0,0,0,0,0,1,0,0,1
151.2,Tunnel,0,18.3433443392946,1.70735207865433,20.7457740278435,0.784202505083494,374,0,0.832351462326238,0.832351462326238,NaN,0.3,1.05295428965736,900,387.12119316481,0.430134659072011,3,1,0,0,0,0,0,1,0,0,1
151.3,Tunnel,0,20.4775035977087,1.24325251886419,33.1100574853212,0.838477873940148,362,0,0.860139184316894,0.860139184316894,NaN,0.3,0.976049429871894,900,586.483667094349,0.651648518993721,3,1,0,0,0,0,0,1,0,0,1
151.4,Tunnel,2,22.7921040754562,0.337846732615731,20.467397297623,0.821987824796914,451,0,0.924768434744629,0.924768434744629,NaN,0.3,0.850938095696958,900,208.102615733721,0.231225128593023,3,1,0,0,0,0,0,1,0,0,1
151.5,Tunnel,0,24.2574973847969,0,31.2061032987909,0.890018839992351,395,0,0.924984503934619,0.924984503934619,NaN,0.3,0.850645921849417,700,474.223591807855,0.677462274011221,3,1,0,0,0,0,0,1,0,0,1
151.6,Tunnel,0,20.152981159537,0,25.7146424390656,0.72497492646408,432,0,0.84092736076748,0.84092736076748,NaN,0.3,1.02773694097159,850,572.190350853308,0.673165118650951,3,1,0,0,0,0,0,1,0,0,1
151.7,Tunnel,1,22.4244391632497,0,30.9382096017925,0.813777397901897,351,0,0.833233649423984,0.833233649423984,NaN,0.3,1.05029914115998,850,338.502101608839,0.398237766598634,3,1,0,0,0,0,0,1,0,0,1
151.8,Tunnel,0,20.367273345492,2.28208469599615,34.6399106347412,0.830317550529179,357,0,0.850067146797277,0.850067146797277,NaN,0.3,1.00231874422558,850,553.30305873812,0.650944774986024,3,1,0,0,0,0,0,1,0,0,1
151.9,Tunnel,2,24.0298980142885,0,34.2341850233847,0.85000121633982,373,0,0.877774605695064,0.877774605695064,NaN,0.3,0.934451423116975,850,360.126017882574,0.423677668097146,3,1,0,0,0,0,0,1,0,0,1
152,Tunnel,0,21.10385724082,2.84547335405197,26.327736701402,0.874841932826337,441,0,0.954155049743328,0.954155049743328,NaN,0.3,0.818915835176331,700,589.555864447293,0.842222663496132,3,1,0,0,0,0,0,1,0,0,1
152.1,Tunnel,0,21.6662273083429,2.07978529692113,30.4541251541624,0.835522837292027,385,0,0.877984066034941,0.877984066034941,NaN,0.3,0.93399099327229,700,312.040251124759,0.445771787321084,3,1,0,0,0,0,0,1,0,0,1
152.2,Tunnel,0,19.8638732699471,0,31.5356785643506,0.86508511574313,376,0,0.890984878925292,0.890984878925292,NaN,0.3,0.906958669606398,700,345.518090505692,0.493597272150989,3,1,0,0,0,0,0,1,0,0,1
152.3,Tunnel,0,20.2715731347861,0,27.4897422408411,0.863265490939537,415,0,0.923488522875965,0.923488522875965,NaN,0.3,0.852686055185316,700,629.245752145836,0.89892250306548,3,1,0,0,0,0,0,1,0,0,1
152.4,Tunnel,0,16.9034847599103,0,30.9467714009101,0.934220723976854,408,0,0.967341779317717,0.967341779317717,NaN,0.3,0.809599034403194,700,278.304461922906,0.397577802747008,3,1,0,0,0,0,0,1,0,0,1
152.5,Tunnel,1,18.627221834588,0.667325291727896,28.5608237990627,0.896739001494861,362,0,0.901125887551635,0.901125887551635,NaN,0.3,0.887984811012067,700,446.093409275978,0.637276298965683,3,1,0,0,0,0,0,1,0,0,1
152.6,Tunnel,0,18.421376498111,0.0232600546279642,31.10350592208,0.935686633164427,407,0,0.967506796431174,0.967506796431174,NaN,0.3,0.809502274503487,700,300.871517974995,0.429816454249992,3,1,0,0,0,0,0,1,0,0,1
152.7,Tunnel,0,17.0455886732094,0,39.5400436655964,0.757176338643878,384,0,0.822001054235968,0.822001054235968,NaN,0.3,1.08515262223796,850,249.561559455825,0.293601834653912,3,1,0,0,0,0,0,1,0,0,1
152.8,Tunnel,1,20.6257132998907,0,23.5042418183273,0.751039173462693,397,0,0.828944808531005,0.828944808531005,NaN,0.3,1.06333890675645,850,365.907601191394,0.430479530813404,3,1,0,0,0,0,0,1,0,0,1
152.9,Tunnel,1,19.1358944774357,0,39.9398426676782,0.916174258409578,437,0,0.979767340791138,0.979767340791138,NaN,0.3,0.803684244487957,650,331.721744807466,0.51034114585764,3,1,0,0,0,0,0,1,0,0,1
153,Tunnel,0,19.0977966236599,0.860278869058626,26.9821755673121,0.921460118055449,328,0,0.889064693052008,0.889064693052008,NaN,0.3,0.910759780948806,900,493.637764119023,0.548486404576692,3,1,0,0,0,0,0,1,0,0,1
153.1,Tunnel,0,20.0404433007334,0,35.1216576911739,0.844089509707215,431,0,0.923858220079026,0.923858220079026,NaN,0.3,0.852178135845806,900,388.559284585966,0.431732538428851,3,1,0,0,0,0,0,1,0,0,1
153.2,Tunnel,0,17.1516993131435,0,26.9000904208796,0.8347415746845,365,0,0.860109447790546,0.860109447790546,NaN,0.3,0.976124299377194,900,346.666095347504,0.385184550386116,3,1,0,0,0,0,0,1,0,0,1
153.3,Tunnel,0,21.1695663357903,1.50513847823444,36.6868320416847,0.798979742358123,435,0,0.895588498748939,0.895588498748939,NaN,0.3,0.898115854341502,750,492.657206775565,0.656876275700754,3,1,0,0,0,0,0,1,0,0,1
153.4,Tunnel,0,18.589157072433,0.116174475581361,25.3371122427246,0.944122156220096,447,0,1,1,NaN,0.3,0.8,750,421.893958987777,0.562525278650369,3,1,0,0,0,0,0,1,0,0,1
153.5,Tunnel,0,18.8118248519121,0,24.5732244487065,0.919829412247983,440,0,0.984937491516456,0.984937491516456,NaN,0.3,0.802041912456351,750,220.936551833471,0.294582069111294,3,1,0,0,0,0,0,1,0,0,1
153.6,Tunnel,0,18.6227714150089,0,39.4902163692698,0.849886565561749,447,0,0.941796448872691,0.941796448872691,NaN,0.3,0.830488880274464,750,620.140077320312,0.826853436427083,3,1,0,0,0,0,0,1,0,0,1
153.7,Tunnel,0,21.2957576019334,1.38554110828356,24.0049833834781,0.92198778808654,381,0,0.935347158918881,0.935347158918881,NaN,0.3,0.837619908738744,750,394.244263206107,0.525659017608143,3,1,0,0,0,0,0,1,0,0,1
153.8,Tunnel,1,17.9141396739174,1.19899231009551,29.0109336521148,0.949296293002085,272,0,0.860137442126967,0.860137442126967,NaN,0.3,0.976053815853087,950,577.515941139669,0.607911516989125,3,1,0,0,0,0,0,1,0,0,1
153.9,Tunnel,0,19.3110205406619,0,39.1583194110823,0.884276793272954,359,0,0.889759974067523,0.889759974067523,NaN,0.3,0.909375769858338,950,462.712616709024,0.487065912325288,3,1,0,0,0,0,0,1,0,0,1
154,Tunnel,0,21.1549364203689,0,37.2625175704376,0.790090266236461,423,0,0.87893975229735,0.87893975229735,NaN,0.3,0.931900252164442,800,388.377825789615,0.485472282237018,3,1,0,0,0,0,0,1,0,0,1
154.1,Tunnel,0,19.636557853789,0,35.41931858121,0.864943180422399,373,0,0.888286277427158,0.888286277427158,NaN,0.3,0.912319602299738,800,488.71867322173,0.610898341527162,3,1,0,0,0,0,0,1,0,0,1
154.2,Tunnel,1,19.1270807145491,0,26.0396249217612,0.921192741686743,391,0,0.943450343776624,0.943450343776624,NaN,0.3,0.828780772570838,800,370.730116010155,0.463412645012694,3,1,0,0,0,0,0,1,0,0,1
154.3,Tunnel,0,20.3119038877074,0,28.8219771749198,0.921338687430747,406,0,0.956546766607531,0.956546766607531,NaN,0.3,0.816993651430344,800,374.560248763639,0.468200310954549,3,1,0,0,0,0,0,1,0,0,1
154.4,Tunnel,2,22.1557417163443,0,25.5113367711689,0.936230001279857,335,0,0.90551905590038,0.90551905590038,NaN,0.3,0.8803398391816,800,485.799123571898,0.607248904464872,3,1,0,0,0,0,0,1,0,0,1
154.5,Tunnel,0,18.7759172123597,0,31.8123596553005,0.889526057084092,423,0,0.948892831158659,0.948892831158659,NaN,0.3,0.823507484362796,800,256.003809415308,0.320004761769135,3,1,0,0,0,0,0,1,0,0,1
154.6,Tunnel,0,20.6754219145937,2.44493925048468,34.3172652018667,0.890324810696598,402,0,0.931263504325057,0.931263504325057,NaN,0.3,0.842522352539044,800,574.878481107795,0.718598101384744,3,1,0,0,0,0,0,1,0,0,1
154.7,Tunnel,0,20.2406484362186,0.0988701042856628,30.5222422652141,0.8728351222732,393,0,0.911163258519197,0.911163258519197,NaN,0.3,0.871027699732344,800,452.649302352738,0.565811627940922,3,1,0,0,0,0,0,1,0,0,1
154.8,Tunnel,0,19.5087566934152,0,30.8413812746545,0.823031686244133,370,0,0.856202791272748,0.856202791272748,NaN,0.3,0.986098735139741,800,127.370869934368,0.15921358741796,3,1,0,0,0,0,0,1,0,0,1
154.9,Tunnel,0,19.7564104791388,0,27.6900028953717,0.91748939855769,425,0,0.970297541885335,0.970297541885335,NaN,0.3,0.807940124162481,650,506.216329491204,0.77879435306339,3,1,0,0,0,0,0,1,0,0,1
155,Tunnel,1,20.5149758575633,0.58288139075442,28.775944797358,0.766603131495511,411,0,0.852021553007092,0.852021553007092,NaN,0.3,0.997078586969895,800,702.92914809199,0.878661435114988,3,1,0,0,0,0,0,1,0,0,1
155.1,Tunnel,0,21.0349968611464,0,20.2721982074108,0.963557063722264,377,0,0.961126144328613,0.961126144328613,NaN,0.3,0.813600589892839,650,552.647359651805,0.850226707156623,3,1,0,0,0,0,0,1,0,0,1
155.2,Tunnel,0,20.0810178000382,0,37.3970590214922,0.810681761990139,375,0,0.851845869560063,0.851845869560063,NaN,0.3,0.997546817297725,800,709.549578677824,0.88693697334728,3,1,0,0,0,0,0,1,0,0,1
155.3,Tunnel,0,20.344529320297,0,37.250382813358,0.83314969482294,347,0,0.843397060307938,0.843397060307938,NaN,0.3,1.02072032648176,800,203.511075402479,0.254388844253099,3,1,0,0,0,0,0,1,0,0,1
155.4,Tunnel,0,19.6586557517407,2.55947551587362,26.5534739313084,0.851227423582221,445,0,0.941007242490093,0.941007242490093,NaN,0.3,0.831321308947604,800,669.044362496026,0.836305453120032,3,1,0,0,0,0,0,1,0,0,1
155.5,Tunnel,0,20.6848404052978,0,37.4080971836543,0.885119724815043,414,0,0.937996726407383,0.937996726407383,NaN,0.3,0.834599653425808,800,482.07817807851,0.602597722598137,3,1,0,0,0,0,0,1,0,0,1
155.6,Tunnel,2,16.7211662804971,0,29.2670927905101,0.914990240341839,412,0,0.957278134080484,0.957278134080484,NaN,0.3,0.816426420448806,800,382.132986966593,0.477666233708241,3,1,0,0,0,0,0,1,0,0,1
155.7,Tunnel,0,23.1788210134711,1.20058199377427,20.4819080381716,0.882959362967638,320,0,0.855049411847733,0.855049411847733,NaN,0.3,0.989096057051193,800,687.672760238018,0.859590950297523,3,1,0,0,0,0,0,1,0,0,1
155.8,Tunnel,0,19.949730678855,0.160003538554783,29.6977766556463,0.819991893472441,361,0,0.846268047057862,0.846268047057862,NaN,0.3,1.01270162019863,800,330.82827738883,0.413535346736038,3,1,0,0,0,0,0,1,0,0,1
155.9,Tunnel,1,17.3513968805024,2.09753171485903,29.4577688985906,0.798902338996906,354,0,0.825367795484323,0.825367795484323,NaN,0.3,1.07446766168605,800,730.847766480563,0.913559708100703,3,1,0,0,0,0,0,1,0,0,1
156,Tunnel,0,21.3370744693393,0,40.9365908789687,0.941143626298494,369,0,0.93842829110099,0.93842829110099,NaN,0.3,0.834119678030699,800,444.610697359861,0.555763371699827,3,1,0,0,0,0,0,1,0,0,1
156.1,Tunnel,0,18.862343832804,0,31.4235848945534,0.899175887119939,407,0,0.941821486588877,0.941821486588877,NaN,0.3,0.830462654804554,800,273.884693609146,0.342355867011432,3,1,0,0,0,0,0,1,0,0,1
156.2,Tunnel,0,16.4393663383919,0,26.9818897591108,1,395,0,1,1,NaN,0.3,0.8,600,312.470913883144,0.520784856471907,3,1,0,0,0,0,0,1,0,0,1
156.3,Tunnel,0,23.1981486082611,0,30.2461624916839,0.845393773726148,315,0,0.824290769816345,0.824290769816345,NaN,0.3,1.07786360214559,950,828.700615921426,0.872316437812027,3,1,0,0,0,0,0,1,0,0,1
156.4,Tunnel,0,20.0527765470471,0,24.972235508065,0.883492735987281,442,0,0.961107139767052,0.961107139767052,NaN,0.3,0.813613891193896,650,580.394196082785,0.892914147819669,3,1,0,0,0,0,0,1,0,0,1
156.5,Tunnel,0,17.3825366352128,1.40533710856843,28.3870584446689,0.897085577200579,407,0,0.940350953560607,0.940350953560607,NaN,0.3,0.832022078670159,650,430.661143262061,0.662555605018556,3,1,0,0,0,0,0,1,0,0,1
156.6,Tunnel,0,23.1608065223787,0,24.6318902567277,0.7746404009289,437,0,0.880198272053481,0.880198272053481,NaN,0.3,0.929172086170746,850,452.873435719223,0.532792277316734,3,1,0,0,0,0,0,1,0,0,1
156.7,Tunnel,1,19.5142935545922,1.90123553120692,22.7854724254096,0.873523681974696,376,0,0.896921410269199,0.896921410269199,NaN,0.3,0.895626760948018,850,244.305627522882,0.287418385321038,3,1,0,0,0,0,0,1,0,0,1
156.8,Tunnel,1,21.8590097970706,0,33.3571900094583,0.788632607965749,383,0,0.843264289703905,0.843264289703905,NaN,0.3,1.02109474593819,850,667.774551612985,0.785617119544688,3,1,0,0,0,0,0,1,0,0,1
156.9,Tunnel,0,19.8766078425051,2.92798919342179,30.2077473300009,0.846643344694967,426,0,0.921323592992909,0.921323592992909,NaN,0.3,0.855709793175908,850,509.038210915196,0.598868483429642,3,1,0,0,0,0,0,1,0,0,1
157,Tunnel,0,21.2825377467496,0,29.5124868454673,0.790921254360605,353,0,0.818886852442686,0.818886852442686,NaN,0.3,1.09521774996306,850,462.550046541249,0.544176525342646,3,1,0,0,0,0,0,1,0,0,1
157.1,Tunnel,1,16.8856358677533,0.484148736871465,32.8059268373638,0.851726997834972,371,0,0.877256192976903,0.877256192976903,NaN,0.3,0.935594379462709,850,390.305882064126,0.459183390663678,3,1,0,0,0,0,0,1,0,0,1
157.2,Tunnel,0,23.6082028662769,0.522003666861257,26.0441599919376,0.79132531023658,324,0,0.794049855751434,0.794049855751434,NaN,0.3,1.18173915724405,850,532.595010956253,0.626582365830886,3,1,0,0,0,0,0,1,0,0,1
157.3,Tunnel,0,19.6675128050937,1.20488243229136,28.8854735554451,0.783931006902649,360,0,0.820032963356014,0.820032963356014,NaN,0.3,1.09149320850576,850,493.957616128289,0.581126607209752,3,1,0,0,0,0,0,1,0,0,1
157.4,Tunnel,0,17.6396870054292,0.902483120055677,28.7178710081058,0.888869265043872,424,0,0.949297027958364,0.949297027958364,NaN,0.3,0.823137122364695,850,357.375928136692,0.420442268396109,3,1,0,0,0,0,0,1,0,0,1
157.5,Tunnel,0,19.4175880610422,0.24249360400323,25.6569998739961,0.961637882782,419,0,0.996158500537137,0.996158500537137,NaN,0.3,0.800132814063109,600,486.713828752787,0.811189714587979,3,1,0,0,0,0,0,1,0,0,1
157.6,Tunnel,0,20.0572261429006,0,35.8391568447776,0.862333658352948,387,0,0.898577978651299,0.898577978651299,NaN,0.3,0.892577837730108,750,655.726246013221,0.874301661350961,3,1,0,0,0,0,0,1,0,0,1
157.7,Tunnel,3,21.2249876781297,0,36.132102810678,0.841504583274907,401,0,0.896052224333897,0.896052224333897,NaN,0.3,0.897246260593374,750,356.050200911103,0.474733601214803,3,1,0,0,0,0,0,1,0,0,1
157.8,Tunnel,1,19.4000927571825,0,32.9280406873958,0.995213120353112,391,0,0.995523680168414,0.995523680168414,NaN,0.3,0.800180336953112,600,186.085621333902,0.310142702223171,3,1,0,0,0,0,0,1,0,0,1
157.9,Tunnel,0,21.758368793636,0,24.7251804088366,0.76992650871797,380,0,0.827505798883092,0.827505798883092,NaN,0.3,1.06778824477064,850,640.810705386227,0.753894947513208,3,1,0,0,0,0,0,1,0,0,1
158,Tunnel,0,18.0760204373185,0,26.4350748325295,0.86848878728192,372,0,0.889914361852831,0.889914361852831,NaN,0.3,0.909069629536425,850,537.691046277813,0.63257770150331,3,1,0,0,0,0,0,1,0,0,1
158.1,Tunnel,0,18.0075777883839,0.0523342676719322,28.4619376666478,0.844283878861904,393,0,0.891077458779349,0.891077458779349,NaN,0.3,0.906777079873679,850,307.47124663682,0.361730878396259,3,1,0,0,0,0,0,1,0,0,1
158.2,Tunnel,0,17.5833444789713,0,32.3533159341555,0.893462244967403,373,0,0.908349439334568,0.908349439334568,NaN,0.3,0.875598427432592,850,215.040403871972,0.252988710437614,3,1,0,0,0,0,0,1,0,0,1
158.3,Tunnel,0,19.3009278341945,0,27.9559422904659,0.887874810534804,364,0,0.896622429211235,0.896622429211235,NaN,0.3,0.896182299279675,850,714.996941029659,0.841172871799599,3,1,0,0,0,0,0,1,0,0,1
158.4,Tunnel,0,20.7599581203056,0.572607388809114,24.2155884433098,0.877100983575207,369,0,0.893374291945158,0.893374291945158,NaN,0.3,0.902321374563767,850,452.12540202262,0.53191223767367,3,1,0,0,0,0,0,1,0,0,1
158.5,Tunnel,0,18.8340600286293,0.187832545912153,33.2591318614178,0.779031313799022,412,0,0.861631029257612,0.861631029257612,NaN,0.3,0.97231374857877,850,240.495893783517,0.282936345627667,3,1,0,0,0,0,0,1,0,0,1
158.6,Tunnel,3,20.6240248692759,0,34.1971760531787,0.82067497841323,351,0,0.838086097313708,0.838086097313708,NaN,0.3,1.03594500694796,850,737.446364288435,0.867583957986394,3,1,0,0,0,0,0,1,0,0,1
158.7,Tunnel,0,17.8949653989242,0,36.6027818600947,1,390,0,0.998025,0.998025,NaN,0.3,0.800035105625,600,270.463803139122,0.45077300523187,3,1,0,0,0,0,0,1,0,0,1
158.8,Tunnel,2,20.5974573528457,1.48799213428576,30.2308786904818,0.781564891533646,310,0,0.77505590119392,0.77505590119392,NaN,0.306499618969198,1.25539862828911,900,563.385590239186,0.625983989154652,3,1,0,0,0,0,0,1,0,0,0
158.9,Tunnel,0,20.0823759277179,0,30.0205512373257,0.892663961911132,447,0,0.971890347204481,0.971890347204481,NaN,0.3,0.807111373222562,750,411.744429904824,0.548992573206432,3,1,0,0,0,0,0,1,0,0,1
159,Tunnel,1,19.2656557196175,0.452533079508655,30.6038268916483,0.883584013011755,341,0,0.87368010315377,0.87368010315377,NaN,0.3,0.94361044705318,900,619.999043435813,0.688887826039792,3,1,0,0,0,0,0,1,0,0,1
159.1,Tunnel,1,18.7417847158441,0,27.9569205553546,0.800667192496476,398,0,0.864724369921271,0.864724369921271,NaN,0.3,0.964695464838775,900,475.626807413648,0.528474230459609,3,1,0,0,0,0,0,1,0,0,1
159.2,Tunnel,2,18.9836983544037,0.898633290332583,33.2138383445198,0.910107989855592,371,0,0.918327220863409,0.918327220863409,NaN,0.3,0.860033985667049,900,388.103433037812,0.431226036708681,3,1,0,0,0,0,0,1,0,0,1
159.3,Tunnel,3,18.7782211240354,0.210088211868836,28.3157176162635,0.922284271250472,381,0,0.935555734824707,0.935555734824707,NaN,0.3,0.837377569825852,700,625.273404781922,0.893247721117032,3,1,0,0,0,0,0,1,0,0,1
159.4,Tunnel,0,20.1172099736018,0.328557702937514,31.8938263677822,0.694065213706143,455,0,0.834774877842272,0.834774877842272,NaN,0.3,1.04569406892833,850,505.929802745701,0.595211532642001,3,1,0,0,0,0,0,1,0,0,1
159.5,Tunnel,0,22.7871144712227,0.953213552973748,37.3804900622338,0.767960600111047,347,0,0.797536532178122,0.797536532178122,NaN,0.3,1.16892310222215,850,240.362713928567,0.282779663445373,3,1,0,0,0,0,0,1,0,0,1
159.6,Tunnel,0,21.3973489140372,0,32.214327132328,0.80972985097745,377,0,0.852908700162636,0.852908700162636,NaN,0.3,0.994722654390607,850,449.179064844476,0.52844595864056,3,1,0,0,0,0,0,1,0,0,1
159.7,Tunnel,0,16.983103612062,1.59639904353087,30.3644747839805,0.870709606781137,323,0,0,0,NaN,NaN,NaN,1800,1800,0.999999999999999,0,1,0,0,0,1,0,0,1,0,0
159.8,Tunnel,1,19.9591020787876,0.201487378339747,30.6072611738684,0.808821759185119,383,0,0.857467357586732,0.857467357586732,NaN,0.3,0.982839987379778,800,361.989069092613,0.452486336365766,3,1,0,0,0,0,0,1,0,0,1
159.9,Tunnel,0,22.631566899392,0,24.9125059394639,0.72449039686772,454,0,0.856178994196441,0.856178994196441,NaN,0.3,0.986160335393126,800,368.12672908369,0.460158411354612,3,1,0,0,0,0,0,1,0,0,1
160,Tunnel,0,19.2496573331864,0.0561851766233978,30.2468057754464,0.887575253591506,370,0,0.901609190901625,0.901609190901625,NaN,0.3,0.887126761835296,800,204.570415481636,0.255713019352045,3,1,0,0,0,0,0,1,0,0,1
160.1,Tunnel,1,18.2962351131408,0,34.361097904659,0.846291364423541,481,0,0.941865974871961,0.941865974871961,NaN,0.3,0.830416083898287,800,599.5055812112,0.749381976514,3,1,0,0,0,0,0,1,0,0,1
160.2,Tunnel,0,20.1574743814635,1.56269738892128,22.8902143912615,0.817929550504425,343,0,0.829224688779863,0.829224688779863,NaN,0.3,1.06247786230101,800,360.72534703272,0.450906683790899,3,1,0,0,0,0,0,1,0,0,1
160.3,Tunnel,0,16.4625254694237,0,30.2129739488024,0.663622007185712,432,0,0.797765582055148,0.797765582055148,NaN,0.3,1.16808883821344,800,535.699363957297,0.669624204946622,3,1,0,0,0,0,0,1,0,0,1
160.4,Tunnel,0,20.6388092977061,0.847903994036234,27.5700014635146,0.86120856709235,424,0,0.929837726949469,0.929837726949469,NaN,0.3,0.844304701036556,800,378.985997664417,0.473732497080522,3,1,0,0,0,0,0,1,0,0,1
160.5,Tunnel,0,25.3347952274901,0,34.2725450049208,0.946655227450258,406,0,0.974356952511256,0.974356952511256,NaN,0.3,0.80591809296059,650,208.925199255631,0.321423383470201,3,1,0,0,0,0,0,1,0,0,1
160.6,Tunnel,2,19.2582378042881,1.18313808969648,37.0301221566503,0.303688322283398,180,0,0.326257234726371,0.326257234726371,NaN,1.31482328439639,4.88536382382701,1400,1143.81001161798,0.817007151155703,3,1,0,0,0,0,0,1,0,0,0
160.7,Tunnel,0,18.1213532527365,0,26.6674778344231,0.825778200364233,372,0,0.859867463956238,0.859867463956238,NaN,0.3,0.976734148922506,800,538.688486505148,0.673360608131435,3,1,0,0,0,0,0,1,0,0,1
160.8,Tunnel,1,18.6833407198751,0,31.8480480259872,0.784165621143056,419,0,0.87130676447414,0.87130676447414,NaN,0.3,0.94905753983103,800,428.247829226435,0.535309786533043,3,1,0,0,0,0,0,1,0,0,1
160.9,Tunnel,0,21.3006043345068,0.379529040194728,27.9421528559973,0.829603676338764,398,0,0.885081186304321,0.885081186304321,NaN,0.3,0.918857003671,800,332.774464345252,0.415968080431565,3,1,0,0,0,0,0,1,0,0,1
161,Tunnel,0,16.5871862136181,0,22.5625305569276,0.795119882899479,468,0,0.905866837619784,0.905866837619784,NaN,0.3,0.879749470337301,800,504.970217228381,0.631212771535476,3,1,0,0,0,0,0,1,0,0,1
161.1,Tunnel,1,22.1867527777102,0,33.0663704787906,0.83954635416018,425,0,0.915464610151687,0.915464610151687,NaN,0.3,0.864316089231257,800,258.917616813591,0.323647021016989,3,1,0,0,0,0,0,1,0,0,1
161.2,Tunnel,2,19.7695422079219,1.21665122525918,23.4953092503802,0.864917278457481,329,0,0.850153055394838,0.850153055394838,NaN,0.3,1.00208696126752,800,542.859137267852,0.678573921584815,3,1,0,0,0,0,0,1,0,0,1
161.3,Tunnel,0,18.8678843913254,0,29.0960198726415,0.909185672505183,387,0,0.931538370607396,0.931538370607396,NaN,0.3,0.842182952291812,800,415.372565690053,0.519215707112567,3,1,0,0,0,0,0,1,0,0,1
161.4,Tunnel,0,23.1090209547496,0.22447007971746,31.7087424263989,0.914801378711291,387,0,0.935489019923393,0.935489019923393,NaN,0.3,0.837454998953999,800,277.080427753072,0.34635053469134,3,1,0,0,0,0,0,1,0,0,1
161.5,Tunnel,0,20.9296920269963,0,32.1096611847594,0.864063573308158,387,0,0.899794973822289,0.899794973822289,NaN,0.3,0.890369425441481,800,628.044851031483,0.785056063789353,3,1,0,0,0,0,0,1,0,0,1
161.6,Tunnel,0,17.7047612665916,3.24753824086285,35.7027438512506,0.765347808719899,412,0,0.852004683434449,0.852004683434449,NaN,0.3,0.99712352352804,800,329.03744949946,0.411296811874325,3,1,0,0,0,0,0,1,0,0,1
161.7,Tunnel,0,22.1540622943109,0,25.1031522470636,0.875956132552746,463,0,0.962735139250857,0.962735139250857,NaN,0.3,0.812498028619877,650,289.097947751289,0.444766073463522,3,1,0,0,0,0,0,1,0,0,1
161.8,Tunnel,0,19.718590822764,2.26976286430072,27.8133625593477,0.959822415552811,313,0,0.903058819341402,0.903058819341402,NaN,0.3,0.884578332567346,750,458.565379353566,0.611420505804754,3,1,0,0,0,0,0,1,0,0,1
161.9,Tunnel,0,18.2226604935001,0,34.545691757492,0.919978807760392,292,0,0.856837591259436,0.856837591259436,NaN,0.3,0.984459277487603,900,706.743727970175,0.785270808855751,3,1,0,0,0,0,0,1,0,0,1
162,Tunnel,0,19.975511869574,0,26.7769314309469,0.849467540934276,418,0,0.916380415047263,0.916380415047263,NaN,0.3,0.862930114889012,750,252.52184793661,0.336695797248813,3,1,0,0,0,0,0,1,0,0,1
162.1,Tunnel,0,18.984415820158,0.859503076779962,37.2336591672967,0.797068238004536,399,0,0.863058755436191,0.863058755436191,NaN,0.3,0.968776140164164,750,450.989727516063,0.601319636688084,3,1,0,0,0,0,0,1,0,0,1
162.2,Tunnel,0,19.6219342472291,0,30.6350478541771,0.847328372703809,385,0,0.88628926019713,0.88628926019713,NaN,0.3,0.916371191118645,750,310.541172003065,0.414054896004086,3,1,0,0,0,0,0,1,0,0,1
162.3,Tunnel,0,20.4669796641128,2.29039156932173,35.8777685645164,0.872535772784894,358,0,0.880633916154173,0.880633916154173,NaN,0.3,0.9282343577542,750,291.380588110979,0.388507450814639,3,1,0,0,0,0,0,1,0,0,1
162.4,Tunnel,0,21.1712203741203,2.43001832696496,22.2093076858696,0.806356106393772,406,0,0.875656520848019,0.875656520848019,NaN,0.3,0.939151707268573,750,317.346878247992,0.423129170997322,3,1,0,0,0,0,0,1,0,0,1
162.5,Tunnel,1,17.5305344799619,0,26.8033476806583,0.842110516041428,438,0,0.928529748035145,0.928529748035145,NaN,0.3,0.845971972243279,750,495.817910495945,0.661090547327927,3,1,0,0,0,0,0,1,0,0,1
162.6,Tunnel,0,21.6854833291347,0,34.7201284029437,0.896240550020939,387,0,0.922431476939731,0.922431476939731,NaN,0.3,0.854151881927764,750,311.227403322877,0.414969871097169,3,1,0,0,0,0,0,1,0,0,1
162.7,Tunnel,0,19.5780124444038,0,24.1665572827543,0.932331152519379,347,0,0.913171215797383,0.913171215797383,NaN,0.3,0.867853139894942,750,458.237541333958,0.610983388445277,3,1,0,0,0,0,0,1,0,0,1
162.8,Tunnel,0,18.5461734219515,0,27.1628641384056,0.809678382284053,398,0,0.871063741936831,0.871063741936831,NaN,0.3,0.949621027789989,750,409.596518586852,0.546128691449137,3,1,0,0,0,0,0,1,0,0,1
162.9,Tunnel,0,18.6194890978403,1.17431670055844,39.2677621660904,0.858320320263001,334,0,0.849843345305021,0.849843345305021,NaN,0.3,1.00292318854268,950,427.534834189805,0.450036667568216,3,1,0,0,0,0,0,1,0,0,1
163,Tunnel,0,20.1777170540721,0,25.6557625837374,0.780033187821454,396,0,0.848475847632393,0.848475847632393,NaN,0.3,1.0066361187565,800,178.600579616509,0.223250724520637,3,1,0,0,0,0,0,1,0,0,1
163.1,Tunnel,1,21.4394766805227,0.980024513565285,30.356796126416,0.922966265179893,325,0,0.887525517554055,0.887525517554055,NaN,0.3,0.913854582813348,800,594.133747871929,0.742667184839911,3,1,0,0,0,0,0,1,0,0,1
163.2,Tunnel,1,18.1878155715143,2.87141455174548,31.3167500195986,0.84754238168944,423,0,0.919357315518521,0.919357315518521,NaN,0.3,0.858529183043415,800,374.815073673351,0.468518842091689,3,1,0,0,0,0,0,1,0,0,1
163.3,Tunnel,2,19.228171461909,1.6228625281682,26.4851227808667,0.930983180508333,438,0,0.991051667487612,0.991051667487612,NaN,0.3,0.80072065389277,600,301.696578064118,0.502827630106863,3,1,0,0,0,0,0,1,0,0,1
163.4,Tunnel,1,17.6159620791157,0,25.43107313121,0.927008532355193,390,0,0.946675502511878,0.946675502511878,NaN,0.3,0.825591518291246,850,578.867239138382,0.681020281339273,3,1,0,0,0,0,0,1,0,0,1
163.5,Tunnel,1,21.6438720807854,0,33.7225367418441,0.950393540739865,310,0,0.893826855910495,0.893826855910495,NaN,0.3,0.901454628732657,850,543.357354798957,0.639243946822302,3,1,0,0,0,0,0,1,0,0,1
163.6,Tunnel,0,21.3936688351269,0,35.1525169380405,0.951601526224958,437,0,1,1,NaN,0.3,0.8,700,388.834127632175,0.555477325188822,3,1,0,0,0,0,0,1,0,0,1
163.7,Tunnel,0,20.7078864027469,0,29.6924666922178,0.781129767857524,376,0,0.831922291687769,0.831922291687769,NaN,0.3,1.05425104428342,950,742.801880663496,0.781896716487891,3,1,0,0,0,0,0,1,0,0,1
163.8,Tunnel,1,17.4227361977794,0,24.1697055413494,0.796951625580657,372,0,0.839587968595992,0.839587968595992,NaN,0.3,1.03158817837244,950,629.230957888123,0.66234837672434,3,1,0,0,0,0,0,1,0,0,1
163.9,Tunnel,1,17.3699865914286,0,32.1760607899887,0.823161770323834,444,0,0.920396805422817,0.920396805422817,NaN,0.3,0.857030017282035,800,582.609994634958,0.728262493293698,3,1,0,0,0,0,0,1,0,0,1
164,Tunnel,0,20.3567893498896,0,31.916793354443,0.875738623232127,451,0,0.962582121443802,0.962582121443802,NaN,0.3,0.812600878720818,800,205.661719044853,0.257077148806067,3,1,0,0,0,0,0,1,0,0,1
164.1,Tunnel,1,19.8132387478879,1.59527698881225,32.8821810242604,0.896434428865875,347,0,0.887917870707143,0.887917870707143,NaN,0.3,0.913061633361387,800,405.936709905123,0.507420887381404,3,1,0,0,0,0,0,1,0,0,1
164.2,Tunnel,1,20.8289003551774,1.2264023188865,33.6442045186016,0.838710788270679,425,0,0.914876789548423,0.914876789548423,NaN,0.3,0.865213648618252,800,254.226797761593,0.317783497201991,3,1,0,0,0,0,0,1,0,0,1
164.3,Tunnel,0,22.2705439119222,2.12545723024537,27.9197230257314,0.674529495200867,430,0,0.80370649987381,0.80370649987381,NaN,0.3,1.14678024372612,800,689.107147617344,0.861383934521679,3,1,0,0,0,0,0,1,0,0,1
164.4,Tunnel,1,23.5481590425808,0.605088659737194,29.3561926811621,0.801724510090301,440,0,0.901850692848527,0.901850692848527,NaN,0.3,0.886699578448828,800,396.134634158784,0.49516829269848,3,1,0,0,0,0,0,1,0,0,1
164.5,Tunnel,0,18.8947206096317,0.627844213481748,28.8194477351011,0.701067620831713,375,0,0.77473232125511,0.77473232125511,NaN,0.306863817717777,1.256709743784,800,742.112775974106,0.927640969967633,3,1,0,0,0,0,0,1,0,0,0
164.6,Tunnel,0,20.6493657524797,0.647707458172572,23.1599596184091,0.788824151673003,404,0,0.861590290701958,0.861590290701958,NaN,0.3,0.972415228651716,800,549.276975764835,0.686596219706043,3,1,0,0,0,0,0,1,0,0,1
164.7,Tunnel,1,26.2150907281554,1.39304372433086,35.7897104813296,0.753859074390283,321,0,0.765093608833564,0.765093608833564,NaN,0.317952531527096,1.29662911349755,950,726.786306593352,0.765038217466686,3,1,0,0,0,0,0,1,0,0,0
164.8,Tunnel,0,21.3109747307066,4.07327699376529,36.4843494123911,0.749351904315109,428,0,0.854611564685679,0.854611564685679,NaN,0.3,0.990240174108317,800,684.451306950068,0.855564133687585,3,1,0,0,0,0,0,1,0,0,1
164.9,Tunnel,1,20.8243099156207,2.13004850151097,38.1994212803039,0.809278541479146,407,0,0.878578703930579,0.878578703930579,NaN,0.3,0.932688180252602,800,566.381905093548,0.707977381366935,3,1,0,0,0,0,0,1,0,0,1
165,UrbanCanyon,7,2.97451232525028,27.0546132288702,5.36834844698666,0.63465424213126,330,0.186868627545557,0.656218342227944,0.720460348791145,5.98946103095716,0.475464570551257,1.86367245398452,1050,943.319869763345,0.89839987596509,5,0,1,0,0,0,0,0,0,0,0
165.1,UrbanCanyon,9,2.75974768648998,28.3702870883837,6.0113777684848,0.752759495186356,269,0,0.685023861774858,0.685023861774858,NaN,0.428024919128059,1.69288970886101,1050,804.894590118085,0.766566276302938,3,1,0,0,0,0,0,0,0,0,0
165.2,UrbanCanyon,6,2.86269339360809,29.24105208858,4.99969071838587,0.760048196043294,330,0.195112157665902,0.740232291349007,0.79091612947583,5.88275550989792,0.348698156144468,1.40731336212008,1050,578.474851000639,0.550928429524419,5,0,1,0,0,0,0,0,0,0,0
165.3,UrbanCanyon,7,3.17565217307211,27.5167428402846,3.48146032248218,0.851830168858222,291,0,0.769551213135009,0.769551213135009,NaN,0.312766608418865,1.27795979030792,1050,321.65864852021,0.306341570019247,3,1,0,0,0,0,0,0,0,0,0
165.4,UrbanCanyon,10,3.02584468418117,25.1781565099895,3.80996093627241,0.859755125228445,374,0.217464594810183,0.843335933903059,0.877404821558146,5.59889328300473,0.3,1.02089266645424,800,393.053193722699,0.491316492153374,5,0,1,0,0,0,0,0,0,0,1
165.5,UrbanCanyon,9,2.82406963775013,31.2398998537608,5.00610240452029,0.843013349762688,334,0,0.799118944341001,0.799118944341001,NaN,0.3,1.16317878670406,800,689.034936261209,0.861293670326511,3,1,0,0,0,0,0,0,0,0,1
165.6,UrbanCanyon,8,2.79326754816324,28.9639532439452,5.24850463113534,0.817805790307873,320,0.216757740430322,0.770679879506275,0.820386790659704,5.60774749740652,0.311469294158142,1.27328945896931,800,331.952540849944,0.41494067606243,5,0,1,0,0,0,0,0,0,0,0
165.7,UrbanCanyon,9,3.3716344200084,26.5090262977502,4.84509465408531,0.931551448768659,301,0,0.831214470675001,0.831214470675001,NaN,0.3,1.05639699418568,800,693.724882764517,0.867156103455646,3,1,0,0,0,0,0,0,0,0,1
165.8,UrbanCanyon,7,3.46675783050769,30.4576153553661,4.80970848713237,0.772269493655358,284,0.200299037485558,0.71047056074909,0.76846302875478,5.8161730355722,0.389568240482367,1.55444566573652,950,289.005662675961,0.304216487027327,5,0,1,0,0,0,0,0,0,0,0
165.9,UrbanCanyon,9,2.72846557939893,28.538942866215,4.81139946007228,0.724664045555162,297,0,0.689299910521959,0.689299910521959,NaN,0.421336364004157,1.66881091041497,950,687.637839921082,0.723829305180086,3,1,0,0,0,0,0,0,0,0,0
166,UrbanCanyon,8,2.48898729457861,29.5022204705046,4.36245199198064,0.856030723766731,381,0.235267395140988,0.84661558492371,0.882701936713933,5.3785276554756,0.3,1.01174100909466,950,42.0996221522456,0.0443153917392059,5,0,1,0,0,0,0,0,0,0,1
166.1,UrbanCanyon,7,3.16779887650999,28.1716319965742,5.01033810396892,0.731429658818188,409,0,0.786232871408186,0.786232871408186,NaN,0.3,1.2112674673975,950,239.077811861338,0.251660854590882,3,1,0,0,0,0,0,0,0,0,1
166.2,UrbanCanyon,9,3.52506632676163,27.2537329185374,4.69975582640701,1,352,0,0.91915,0.91915,NaN,0.3,0.8588305025,750,144.80426451773,0.193072352690307,3,1,0,0,0,0,0,0,0,0,1
166.3,UrbanCanyon,8,3.5364800052648,31.1671039071592,5.61597711665435,0.769538716727357,266,0,0.693790940207329,0.693790940207329,NaN,0.414409970747778,1.643875894692,1000,934.058820406723,0.934058820406723,3,1,0,0,0,0,0,0,0,0,0
166.4,UrbanCanyon,6,3.42710535244718,26.9736653465965,3.73242525222569,0.6415607064764,348,0.17403484651757,0.675695673339188,0.732135927054586,6.15774747813803,0.442933240727307,1.74655966661831,1000,825.859250303075,0.825859250303075,5,0,1,0,0,0,0,0,0,0,0
166.5,UrbanCanyon,8,2.91941676415343,29.1338362566554,6.32670666427404,0.728163591693176,304,0,0.697419606434428,0.697419606434428,NaN,0.408887236425742,1.62399405113267,1000,648.741236183948,0.648741236183948,3,1,0,0,0,0,0,0,0,0,0
166.6,UrbanCanyon,7,2.57934401612579,28.6420958004813,3.63657477908171,0.801636728023333,375,0.220328824204586,0.805221607775633,0.848136901914887,5.56309713892963,0.3,1.14144759869758,1000,496.901034126348,0.496901034126348,5,0,1,0,0,0,0,0,0,0,1
166.7,UrbanCanyon,7,2.89430979203397,29.6797602215289,4.24773868116142,0.274017307935214,134,0,0.252891596316593,0.252891596316593,NaN,1.57542741713592,5.82353870168932,1450,1170.34970828524,0.807137729851888,3,1,0,0,0,0,0,0,0,0,0
166.8,UrbanCanyon,8,2.81270154653541,29.2723116765911,4.36451384756212,0.760463537759119,312,0.223684244097543,0.72566057029861,0.787025978257516,5.52132922289923,0.36815530672221,1.47735910419996,950,388.443102687281,0.408887476512928,5,0,1,0,0,0,0,0,0,0,0
166.9,UrbanCanyon,9,3.34314959221151,29.0403924864002,6.27635052212413,0.718506825750193,373,0,0.74787457325263,0.74787457325263,NaN,0.338918077031359,1.37210507731289,950,285.605506177609,0.300637374923799,3,1,0,0,0,0,0,0,0,0,0
167,UrbanCanyon,7,3.23545955454278,29.0474820470203,3.63246000191776,0.713387152156535,307,0.204517692038819,0.689994391944878,0.753396023423402,5.76233681823398,0.420258692564064,1.66493129323063,950,840.66752017984,0.884913179136674,5,0,1,0,0,0,0,0,0,0,0
167.1,UrbanCanyon,8,3.01323294607575,28.6281651650298,5.12560876583792,0.875084291644662,329,0,0.816481475401923,0.816481475401923,NaN,0.3,1.10311143983589,950,25.7980795875463,0.0271558732500487,3,1,0,0,0,0,0,0,0,0,1
167.2,UrbanCanyon,6,3.20268874968026,32.1481842665221,4.10660458111713,0.798537818114559,366,0,0.795720338136755,0.795720338136755,NaN,0.3,1.17557162225866,950,205.908213617495,0.216745488018415,3,1,0,0,0,0,0,0,0,0,1
167.3,UrbanCanyon,9,3.18192258131807,28.0082244499421,5.50219109500084,0.786706249691375,334,0,0.761393187293222,0.761393187293222,NaN,0.322333027675219,1.31239889963079,950,630.631571894728,0.663822707257608,3,1,0,0,0,0,0,0,0,0,0
167.4,UrbanCanyon,6,3.62364291591828,28.8958242590558,4.74073780184992,0.730570672656806,338,0.1754944545587,0.72708235068006,0.774977884686906,6.13847515570764,0.366210108275804,1.4703563897929,950,287.064248114156,0.302172892751743,5,0,1,0,0,0,0,0,0,0,0
167.5,UrbanCanyon,6,3.02526495552657,25.7064093235634,4.78560881907976,0.880108634338482,389,0,0.869347785006783,0.869347785006783,NaN,0.3,0.953630011543705,800,132.799669173032,0.16599958646629,3,1,0,0,0,0,0,0,0,0,1
167.6,UrbanCanyon,9,2.38802139351777,29.6791234653198,5.81408889597213,0.693951067212477,335,0,0.70007221503236,0.70007221503236,NaN,0.404891690488988,1.60961008576036,1000,657.226235369679,0.657226235369679,3,1,0,0,0,0,0,0,0,0,0
167.7,UrbanCanyon,8,2.94792933255997,30.0586768038016,3.67363509017221,0.72010779194656,342,0,0.723372220604195,0.723372220604195,NaN,0.371307320833635,1.48870635500109,1000,713.651442750012,0.713651442750012,3,1,0,0,0,0,0,0,0,0,0
167.8,UrbanCanyon,9,2.93014137754717,30.7000984244317,5.22091887086101,0.844739152280374,324,0.235912215695579,0.79202523202785,0.841089020348934,5.37064113698591,0.3,1.18928153701762,1000,434.925202702331,0.434925202702331,5,0,1,0,0,0,0,0,0,0,1
167.9,UrbanCanyon,8,2.97977178249064,25.1893656315336,5.90397581986279,0.801155849976891,319,0,0.758699419484517,0.758699419484517,NaN,0.325564925392773,1.32403373141398,1000,562.03130052424,0.56203130052424,3,1,0,0,0,0,0,0,0,0,0
168,UrbanCanyon,8,3.23035986523715,28.0597892394814,5.73188677980301,0.813357930551564,355,0.196288453905326,0.796574813469548,0.836504828819013,5.86761799460714,0.3,1.17243625863454,1000,573.625393915213,0.573625393915213,5,0,1,0,0,0,0,0,0,0,1
168.1,UrbanCanyon,7,3.67967194404593,28.5821647607493,6.66994807258465,0.873995435490559,298,0,0.790176941778674,0.790176941778674,NaN,0.3,1.19623144185215,1000,447.904211331286,0.447904211331286,3,1,0,0,0,0,0,0,0,0,1
168.2,UrbanCanyon,9,3.11990252671023,29.9753075929201,5.92672851204346,0.80252007810648,320,0.222183951515167,0.760438452331341,0.813665183623453,5.53998244224448,0.323474337803507,1.31650761609263,1000,598.250452405137,0.598250452405137,5,0,1,0,0,0,0,0,0,0,0
168.3,UrbanCanyon,7,2.94185812773224,30.1933911463296,4.85741903705418,0.726703512363652,404,0,0.778941353283647,0.778941353283647,NaN,0.302167313220163,1.23980232759259,1000,484.224064492595,0.484224064492595,3,1,0,0,0,0,0,0,0,0,0
168.4,UrbanCanyon,7,2.83533795767616,26.9311232929725,4.48096486134372,0.802442050903169,360,0.195350167557522,0.793386174105123,0.833748219613388,5.87969082279766,0.3,1.18420345745827,1000,542.584940377723,0.542584940377723,5,0,1,0,0,0,0,0,0,0,1
168.5,UrbanCanyon,8,3.06473390514656,26.1953210783825,5.11106702994742,0.847410588121346,370,0,0.831765094041302,0.831765094041302,NaN,0.3,1.05472685224639,1000,623.140270627565,0.623140270627565,3,1,0,0,0,0,0,0,0,0,1
168.6,UrbanCanyon,9,2.93541974636746,27.6499480346272,5.17859017604205,0.759356602332423,351,0.21587872553495,0.757093923562723,0.809532177768698,5.61876938454956,0.32750840492538,1.33103025773137,1000,454.656338475992,0.454656338475992,5,0,1,0,0,0,0,0,0,0,0
168.7,UrbanCanyon,9,3.43614157990873,29.5617162576327,5.61177993028267,0.806437300861002,255,0,0.709437991576871,0.709437991576871,NaN,0.391065701847206,1.55983652664994,1000,882.423544462214,0.882423544462214,3,1,0,0,0,0,0,0,0,0,0
168.8,UrbanCanyon,8,3.05811658489501,25.5294108998294,5.36169805254549,0.697014779045215,292,0,0.666649901960294,0.666649901960294,NaN,0.457805719657704,1.80010059076773,1000,792.700028150665,0.792700028150665,3,1,0,0,0,0,0,0,0,0,0
168.9,UrbanCanyon,8,3.46601132332063,31.8912295232482,5.18143704465993,0.696115811329649,381,0,0.739472593590865,0.739472593590865,NaN,0.349686323725677,1.41087076541244,1000,351.284323695917,0.351284323695917,3,1,0,0,0,0,0,0,0,0,0
169,UrbanCanyon,8,3.32473504628955,28.0046670175044,4.66547172605424,0.787632390792278,339,0.19978960254349,0.766138701830826,0.81286175764235,5.82269344158005,0.316727766953428,1.29221996103234,1000,259.354747891739,0.259354747891739,5,0,1,0,0,0,0,0,0,0,0
169.1,UrbanCanyon,8,3.0237920730651,28.6509142551344,4.6891782299372,0.686946443675891,381,0,0.733329117262847,0.733329117262847,NaN,0.357783399249531,1.44002023729831,1000,130.883617233091,0.130883617233091,3,1,0,0,0,0,0,0,0,0,0
169.2,UrbanCanyon,8,3.06285940455169,25.8929940317332,3.6377167211201,0.846837981326586,336,0.199549993854956,0.803331447488812,0.842576655933883,5.82576169870081,0.3,1.14810667592161,1000,595.339747134311,0.595339747134311,5,0,1,0,0,0,0,0,0,0,1
169.3,UrbanCanyon,8,2.91195866058195,32.2462959597607,5.24053902588238,0.705879242305471,323,0,0.698164092344665,0.698164092344665,NaN,0.407762287875299,1.61994423635108,1000,659.982958181551,0.659982958181552,3,1,0,0,0,0,0,0,0,0,0
169.4,UrbanCanyon,9,3.04675010154395,27.5538497343563,5.17194792830091,0.755210237356772,351,0.212246936545968,0.754315859029037,0.806461565308052,5.6644391118497,0.3309017428116,1.34324627412176,1000,470.76842324947,0.47076842324947,5,0,1,0,0,0,0,0,0,0,0
169.5,UrbanCanyon,6,3.22734617923377,28.1607795619599,4.71484785719713,0.68643496254413,354,0,0.710711424904567,0.710711424904567,NaN,0.389219699201864,1.55319091712671,1000,656.86525735433,0.65686525735433,3,1,0,0,0,0,0,0,0,0,0
169.6,UrbanCanyon,7,2.81150841126223,30.5321662787604,4.684860340742,0.773300256251771,345,0.218503410395983,0.761486171688687,0.813602256601311,5.58589535650168,0.322222115739296,1.31199961666147,1000,510.33028742742,0.51033028742742,5,0,1,0,0,0,0,0,0,0,0
169.7,UrbanCanyon,10,2.93118617558644,31.959320916289,4.24137750300945,0.792513399111647,378,0,0.801583977404803,0.801583977404803,NaN,0.3,1.15432026220248,1000,100.822398762104,0.100822398762104,3,1,0,0,0,0,0,0,0,0,1
169.8,UrbanCanyon,7,3.16817006735642,29.1898993765505,4.74219927114621,0.726454778532287,275,0.199547202012543,0.672349701616632,0.737731401897608,5.82579745444758,0.448386795076775,1.76619246227639,1000,952.219709973627,0.952219709973627,5,0,1,0,0,0,0,0,0,0,0
169.9,UrbanCanyon,8,2.98360204467191,31.6569645412965,5.50711386190887,0.83146847299893,339,0,0.795508876909283,0.795508876909283,NaN,0.3,1.17634957480612,1000,770.743576905537,0.770743576905537,3,1,0,0,0,0,0,0,0,0,1
170,UrbanCanyon,10,3.11438721369635,28.8422804665071,4.98594709389303,0.727486852949393,344,0.23152313657239,0.729966191476093,0.792485265806136,5.42445351698831,0.362295644364815,1.45626431971333,1000,286.274745411692,0.286274745411692,5,0,1,0,0,0,0,0,0,0,0
170.1,UrbanCanyon,8,2.71164574810818,31.0653147111982,5.6512926117239,0.794674298487406,330,0,0.763431779986562,0.763431779986562,NaN,0.319911306800816,1.30368070448294,1000,266.950030065108,0.266950030065108,3,1,0,0,0,0,0,0,0,0,0
170.2,UrbanCanyon,7,3.37402867923224,28.7988456349347,4.5680776653901,0.778805016114924,306,0.193020139812355,0.732999360796999,0.784535861505951,5.90973195798777,0.358223353337027,1.4416040720133,1000,399.412027230508,0.399412027230508,5,0,1,0,0,0,0,0,0,0,0
170.3,UrbanCanyon,9,3.06327197004165,31.8197776024926,4.82416877614092,0.709152015624743,389,0,0.754806850468578,0.754806850468578,NaN,0.330299201442846,1.34107712519425,1000,537.110566310643,0.537110566310643,3,1,0,0,0,0,0,0,0,0,0
170.4,UrbanCanyon,7,3.31458436471178,27.8234865167314,4.13154768419928,0.742808312826026,303,0.190907966335096,0.706406569593438,0.762455894321699,5.93703935152008,0.395492755944732,1.57577392140104,1000,516.541745460954,0.516541745460954,5,0,1,0,0,0,0,0,0,0,0
170.5,UrbanCanyon,9,2.85141534376536,29.9273537762727,4.78886107219723,0.777826484027359,319,0,0.74306874429833,0.74306874429833,NaN,0.345034175391092,1.39412303140793,1000,432.330226610391,0.432330226610391,3,1,0,0,0,0,0,0,0,0,0
170.6,UrbanCanyon,8,2.96982765564806,25.1591457595469,4.42006380702835,0.832500616793408,355,0.191719039299041,0.809400413251583,0.845941982913784,5.92654489145332,0.3,1.12695382221801,1000,516.47015324219,0.51647015324219,5,0,1,0,0,0,0,0,0,0,1
170.7,UrbanCanyon,10,2.70854240372372,29.207401274102,5.88452470879227,0.824666176920692,298,0,0.757126338536864,0.757126338536864,NaN,0.327469038581276,1.33088853889259,1000,132.777407997851,0.132777407997851,3,1,0,0,0,0,0,0,0,0,0
170.8,UrbanCanyon,9,2.60792925925873,28.8825017466893,5.06351951906979,0.855364879856951,348,0.234400572725578,0.818944469504157,0.861383989547516,5.38913986434338,0.3,1.09502994610818,1000,312.905475387338,0.312905475387338,5,0,1,0,0,0,0,0,0,0,1
170.9,UrbanCanyon,7,3.09432037104944,28.544766058005,4.22215161799139,0.773835933298473,337,0,0.755245075309977,0.755245075309977,NaN,0.329762432900047,1.33914475844017,1000,924.957062899623,0.924957062899623,3,1,0,0,0,0,0,0,0,0,0
171,UrbanCanyon,6,3.52260131663025,25.8718311866001,5.32663648161705,0.79966887847733,306,0.154261870302632,0.746978148579811,0.786009772607324,6.42218387219202,0.34005014324025,1.3761805156649,1000,622.800512376164,0.622800512376164,5,0,1,0,0,0,0,0,0,0,0
171.1,UrbanCanyon,8,3.21192777825178,32.0373960072028,4.04482612232564,0.806020251755178,397,0,0.826308568675969,0.826308568675969,NaN,0.3,1.07151841983851,1000,92.8240286635707,0.0928240286635707,3,1,0,0,0,0,0,0,0,0,1
171.2,UrbanCanyon,8,2.6054154461548,29.3778780346785,4.18535064033314,0.781009376997488,328,0.231882710887899,0.752626282588317,0.809987970784155,5.42003335866338,0.332984390165188,1.35074380459468,1000,352.891953606657,0.352891953606657,5,0,1,0,0,0,0,0,0,0,0
171.3,UrbanCanyon,7,3.4232005430778,29.1132577583048,5.52270715325936,0.686378246179542,326,0,0.687573424940293,0.687573424940293,NaN,0.424025912008847,1.67849328323185,1000,925.772568381202,0.925772568381202,3,1,0,0,0,0,0,0,0,0,0
171.4,UrbanCanyon,8,3.18975976750233,29.4842661499724,5.42405247038119,0.75414878713998,410,0.208379523260268,0.802279687383786,0.843480551865624,5.71330383354912,0.3,1.15183989818948,1000,585.545267961549,0.585545267961549,5,0,1,0,0,0,0,0,0,0,1
171.5,UrbanCanyon,6,3.04848335267877,28.2697239409602,5.12272429727262,0.814564477959463,328,0,0.77510820023284,0.77510820023284,NaN,0.306440804006281,1.25518689442261,1000,288.123126529353,0.288123126529353,3,1,0,0,0,0,0,0,0,0,0
171.6,UrbanCanyon,7,3.18975569070977,30.8368770128197,5.36659356547202,0.783925157092638,293,0.206169990821438,0.725704855252068,0.782256282727114,5.74132866777948,0.368094566080723,1.4771404378906,1000,625.697905450841,0.625697905450841,5,0,1,0,0,0,0,0,0,0,0
171.7,UrbanCanyon,10,3.23911294714336,28.5402669171291,4.41432638983359,0.818351838634735,324,0,0.774345731885273,0.774345731885273,NaN,0.307299621795983,1.25827863846554,1000,652.681255144116,0.652681255144116,3,1,0,0,0,0,0,0,0,0,0
171.8,UrbanCanyon,8,2.62104223438885,29.9348009555739,4.47429241002141,0.775656938696539,298,0.233135613313685,0.724290148926681,0.788567934153284,5.40464790054223,0.370039804947179,1.48414329780985,1000,475.474311835857,0.475474311835857,5,0,1,0,0,0,0,0,0,0,0
171.9,UrbanCanyon,6,2.73923589287163,26.6363702341223,5.20788038587833,0.806441760680531,354,0,0.791115979655956,0.791115979655956,NaN,0.3,1.19269280559582,1000,663.684703095594,0.663684703095594,3,1,0,0,0,0,0,0,0,0,1
172,UrbanCanyon,9,2.57354749408076,26.3619415532915,5.36264500708728,0.816794597090712,334,0.217131187361303,0.781552380050777,0.828984171146602,5.60306862241859,0.3,1.22947426395332,1000,480.810998083237,0.480810998083237,5,0,1,0,0,0,0,0,0,0,1
172.1,UrbanCanyon,7,3.00362912655256,28.4524526320771,4.34759950942702,0.824778587241379,302,0,0.760501653451724,0.760501653451724,NaN,0.323398644998395,1.31623512199422,1000,858.980961833805,0.858980961833805,3,1,0,0,0,0,0,0,0,0,0
172.2,UrbanCanyon,8,3.23146311106424,29.0925619650567,4.57528830059368,0.7627488330568,253,0.209824565065239,0.678516718148056,0.745971807938386,5.69501774379471,0.438378751275741,1.73016350459267,1000,599.661834352448,0.599661834352448,5,0,1,0,0,0,0,0,0,0,0
172.3,UrbanCanyon,6,2.90567267151113,29.7420006263413,5.02975985601759,0.813286084623599,316,0,0.764351676697811,0.764351676697811,NaN,0.318825330687832,1.2997711904762,1000,507.288453715796,0.507288453715796,3,1,0,0,0,0,0,0,0,0,0
172.4,UrbanCanyon,9,2.85488429362127,29.412274369242,5.11213950492576,0.805703172550349,284,0.230175410102638,0.732871125608734,0.794357623822,5.44103919368513,0.358394588833862,1.4422205198019,1000,295.962112999283,0.295962112999283,5,0,1,0,0,0,0,0,0,0,0
172.5,UrbanCanyon,6,2.82103041106863,26.6582128096689,5.76450620113482,0.793645083321301,311,0,0.747067205825271,0.747067205825271,NaN,0.339937495922589,1.37577498532132,1000,861.458240613704,0.861458240613704,3,1,0,0,0,0,0,0,0,0,0
172.6,UrbanCanyon,9,2.58223004669937,31.1119269668337,5.04453482879935,0.800646315155537,382,0.250041808189766,0.81033303115421,0.857757702998283,5.19949831570621,0.3,1.12376203164035,1000,297.285234398208,0.297285234398208,5,0,1,0,0,0,0,0,0,0,1
172.7,UrbanCanyon,8,2.84065456901498,28.5719951450032,5.11178983430499,0.693396996752736,301,0,0.671650987824333,0.671650987824333,NaN,0.44953268449184,1.77031766417062,1000,574.864002015768,0.574864002015768,3,1,0,0,0,0,0,0,0,0,0
172.8,UrbanCanyon,9,2.83750987021721,27.170366352265,6.21323155189003,0.724443571100194,312,0.209979353212993,0.70152719263713,0.764200319678851,5.69306097879809,0.402715041837683,1.60177415061566,1000,423.16475032962,0.42316475032962,5,0,1,0,0,0,0,0,0,0,0
172.9,UrbanCanyon,8,2.52892220325728,28.0914788078918,4.84048239957207,0.899657601762667,352,0,0.851920593180987,0.851920593180987,NaN,0.3,0.997347596514837,800,69.822309657433,0.0872778870717912,3,1,0,0,0,0,0,0,0,0,1
173,UrbanCanyon,8,2.55830561105031,27.7188275954489,4.03692957843145,0.908661977177814,330,0.223462344868486,0.839803524709135,0.875601404717298,5.52408583869721,0.3,1.03096619626055,800,218.78260874635,0.273478260932938,5,0,1,0,0,0,0,0,0,0,1
173.1,UrbanCanyon,9,2.62664416644445,28.6178365637005,5.71574892100076,0.852829281522096,386,0,0.848595618619804,0.848595618619804,NaN,0.3,1.00630958031008,800,557.61047485034,0.697013093562925,3,1,0,0,0,0,0,0,0,0,1
173.2,UrbanCanyon,10,2.67268060612978,25.4218175845093,4.99542676862544,0.830843953742957,290,0.221405780458551,0.754665449007782,0.808983936743662,5.54967166962686,0.330472604776384,1.34170137719498,950,430.97921997782,0.453662336818758,5,0,1,0,0,0,0,0,0,0,0
173.3,UrbanCanyon,9,2.76351345387145,28.9624232195533,5.23272938188318,0.799789267255463,310,0,0.75035880906116,0.75035880906116,NaN,0.335801810533406,1.36088651792026,950,413.416112266674,0.435174855017552,3,1,0,0,0,0,0,0,0,0,0
173.4,UrbanCanyon,7,2.83166390367726,26.8435187153919,4.28951137244609,0.867541780070441,391,0.196145912837941,0.862577992647195,0.889532757723433,5.86945114757718,0.3,0.969963272943869,800,62.6151515048136,0.078268939381017,5,0,1,0,0,0,0,0,0,0,1
173.5,UrbanCanyon,9,2.93398478473136,29.8236325686976,5.61878339792636,0.746383825004827,297,0,0.703852162753234,0.703852162753234,NaN,0.399258853764843,1.58933187355343,1000,934.58186448726,0.93458186448726,3,1,0,0,0,0,0,0,0,0,0
173.6,UrbanCanyon,6,3.2864755776135,26.4199417966677,7.29644568225034,0.704027714457552,308,0.153881638146305,0.68454856868656,0.733090751692668,6.42733025812784,0.428774013794246,1.69558644965928,1000,639.584675102612,0.639584675102612,5,0,1,0,0,0,0,0,0,0,0
173.7,UrbanCanyon,7,2.64682893155872,25.9418506183876,5.51141022728929,0.820260980032685,272,0,0.732724856621899,0.732724856621899,NaN,0.358590005669462,1.44292402041006,1000,583.890082636338,0.583890082636338,3,1,0,0,0,0,0,0,0,0,0
173.8,UrbanCanyon,8,3.44148170600343,29.6398146042194,5.77265212823197,0.718975332585929,343,0.201450351950617,0.723438472832573,0.779151889816451,5.80145232319834,0.371215695772949,1.48837650478262,1000,489.653039597542,0.489653039597542,5,0,1,0,0,0,0,0,0,0,0
173.9,UrbanCanyon,8,3.13949705435823,28.4551269762346,5.34943999410197,0.791620687078738,334,0,0.764685860342754,0.764685860342754,NaN,0.318431860806574,1.29835469890367,1000,762.569559182113,0.762569559182113,3,1,0,0,0,0,0,0,0,0,0
174,UrbanCanyon,7,2.9139897773586,29.1532094947508,6.31218925933786,0.787077623225124,394,0.197491287990006,0.811142007560833,0.848439815734851,5.85216186281552,0.3,1.12100607177337,1000,264.740860345648,0.264740860345648,5,0,1,0,0,0,0,0,0,0,1
174.1,UrbanCanyon,9,3.25350531420912,27.5087642075817,4.4955096445606,0.688415520326279,292,0,0.660888398618607,0.660888398618607,NaN,0.467491695478632,1.83497010372307,1000,923.900284469621,0.923900284469621,3,1,0,0,0,0,0,0,0,0,0
174.2,UrbanCanyon,7,3.15516467435302,28.2094810635388,4.94011937039901,0.810461236904598,327,0.192194325906322,0.77153402872608,0.815443892067604,5.92040005678354,0.310491750075339,1.26977030027122,1000,355.513620110815,0.355513620110815,5,0,1,0,0,0,0,0,0,0,0
174.3,UrbanCanyon,5,3.17726670645615,28.726202069058,3.51406300953671,0.673647759489207,364,0,0.710393998857769,0.710393998857769,NaN,0.389679089743985,1.55484472307835,1000,919.310931453374,0.919310931453374,3,1,0,0,0,0,0,0,0,0,0
174.4,UrbanCanyon,8,3.25259862803086,29.2086165764188,4.66444542046905,0.780262733008115,325,0.209498970800066,0.749651031115437,0.802098882437611,5.69913501732924,0.33668651555391,1.36407145599407,1000,498.190725979229,0.498190725979229,5,0,1,0,0,0,0,0,0,0,0
174.5,UrbanCanyon,9,3.00577977306883,27.5167805262485,4.74466572657183,0.285811411780354,163,0,0.284718645892837,0.284718645892837,NaN,1.45906853883344,5.40464673980039,1450,1168.67538055722,0.805983021073944,3,1,0,0,0,0,0,0,0,0,0
174.6,UrbanCanyon,10,2.73893205604435,28.4216448468955,4.3687314740488,0.775667170691272,316,0.243141661131299,0.739147004363152,0.802571235033371,5.28267636092071,0.350110713331793,1.41239856799446,950,603.146332418641,0.634890876230148,5,0,1,0,0,0,0,0,0,0,0
174.7,UrbanCanyon,7,2.51027549838487,25.9143101528143,4.65548381640114,0.849617093330764,316,0,0.788693452531612,0.788693452531612,NaN,0.3,1.20185411302709,950,118.941645532163,0.125201732139119,3,1,0,0,0,0,0,0,0,0,1
174.8,UrbanCanyon,9,2.92571266934715,28.9230025225501,4.64067562938429,0.760808297467516,286,0.227816047233671,0.704441559303236,0.77177451498932,5.47014445527865,0.398386979667757,1.58619312680393,950,610.375963766674,0.642501014491235,5,0,1,0,0,0,0,0,0,0,0
174.9,UrbanCanyon,7,4.03571040228242,28.2497406485193,3.66542152162021,0.792089172705734,341,0,0.770774745712842,0.770774745712842,NaN,0.311360543007531,1.27289795482711,950,146.727271180624,0.154449759137499,3,1,0,0,0,0,0,0,0,0,0
175,UrbanCanyon,7,3.75870054149371,27.879508108175,4.48877203808527,0.901826546529648,265,0.179027823395872,0.781598786174865,0.820698680112995,6.09196251806496,0.3,1.22929181180263,950,246.720343372148,0.259705624602262,5,0,1,0,0,0,0,0,0,0,1
175.1,UrbanCanyon,10,3.2651257665464,28.8982845070087,4.29140343776321,0.742423923004631,271,0,0.679749028413103,0.679749028413103,NaN,0.436401712005879,1.72304616322117,950,813.623702772338,0.856446002918251,3,1,0,0,0,0,0,0,0,0,0
175.2,UrbanCanyon,9,3.2826584262605,31.243972677626,4.19462221821348,0.790758669600472,328,0.23674107753385,0.759158308632316,0.816175430161776,5.36051346179351,0.325011800752117,1.32204248270762,950,236.621036353097,0.249074775108523,5,0,1,0,0,0,0,0,0,0,0
175.3,UrbanCanyon,8,2.77261314234192,27.2596807250506,4.44435559804616,0.80546492732149,333,0,0.773136501305398,0.773136501305398,NaN,0.308667617599889,1.2632034233596,950,506.028234977142,0.532661299975939,3,1,0,0,0,0,0,0,0,0,0
175.4,UrbanCanyon,9,2.81706015517811,29.727144878515,3.98052372962905,0.6678026491543,352,0.240651779952157,0.696577774933381,0.769596873472707,5.31287775431861,0.410162616660945,1.6285854199794,1100,363.612330219739,0.330556663836126,5,0,1,0,0,0,0,0,0,0,0
175.5,UrbanCanyon,10,3.02481741657969,29.1303207148709,4.41359475943293,0.86990832344529,358,0,0.836938576708344,0.836938576708344,NaN,0.3,1.0393012498931,850,313.395077222292,0.368700090849755,3,1,0,0,0,0,0,0,0,0,1
175.6,UrbanCanyon,9,3.06389810823373,29.3922362333602,5.26552011333841,0.770002148093364,307,0.223384805186464,0.727926439222554,0.788703538593211,5.52504928652213,0.365060056185297,1.46621620226707,850,473.432461462863,0.556979366426898,5,0,1,0,0,0,0,0,0,0,0
175.7,UrbanCanyon,8,3.21891596610017,27.1489219039623,5.50103369145596,0.846005823928307,340,0,0.806073902031965,0.806073902031965,NaN,0.3,1.13846598325797,850,177.646000359918,0.208995294541079,3,1,0,0,0,0,0,0,0,0,1
175.8,UrbanCanyon,8,3.13447858522426,29.3133377204167,4.00888480290528,0.849974253552698,366,0.217550455511013,0.830182749880308,0.867126569997475,5.59781831736818,0.3,1.05954108594393,850,214.860380687983,0.252776918456451,5,0,1,0,0,0,0,0,0,0,1
175.9,UrbanCanyon,9,3.14719632051086,30.3540756039235,6.30130341945627,0.828893762315822,323,0,0.780583820751601,0.780583820751601,NaN,0.300358649289914,1.23329113744369,850,627.005178540777,0.737653151224444,3,1,0,0,0,0,0,0,0,0,0
176,UrbanCanyon,9,3.55954580376068,27.7811018339839,5.04511989277444,0.72035737382057,358,0.202051714390231,0.736739440459782,0.789931687846214,5.79377173206056,0.353265305523572,1.42375509988486,850,210.898373958992,0.248115734069402,5,0,1,0,0,0,0,0,0,0,0
176.1,UrbanCanyon,8,2.83484212384458,28.4009890802187,5.01319709571247,0.757872974839754,328,0,0.737124893142635,0.737124893142635,NaN,0.352758304513177,1.42192989624744,850,372.945245726106,0.438759112618948,3,1,0,0,0,0,0,0,0,0,0
176.2,UrbanCanyon,9,2.82682722048203,31.7424560201211,4.81947900487186,0.777645926491421,382,0.248123674867358,0.794922770749252,0.845807286502563,5.22254406635973,0.3,1.17851002961447,850,678.611609211895,0.798366599072818,5,0,1,0,0,0,0,0,0,0,1
176.3,UrbanCanyon,8,2.84855229215164,27.5822651034246,4.13761766281163,0.794214637811004,331,0,0.763948807333372,0.763948807333372,NaN,0.319300413898343,1.30148149003404,850,510.099619476987,0.600117199384691,3,1,0,0,0,0,0,0,0,0,0
176.4,UrbanCanyon,9,2.62388683791096,31.6130721253699,5.21622036716767,0.800823575175851,344,0.251029015488815,0.77910179536782,0.834553654199883,5.18766028511723,0.301990042024301,1.23916415128748,850,377.329121726507,0.44391661379589,5,0,1,0,0,0,0,0,0,0,0
176.5,UrbanCanyon,9,2.37789088639705,29.2217899567529,4.57051474095689,0.75811176576779,312,0,0.724084883064419,0.724084883064419,NaN,0.370322879383938,1.48516236578218,850,375.995751307363,0.442347942714545,3,1,0,0,0,0,0,0,0,0,0
176.6,UrbanCanyon,8,2.83618898090551,26.8256891963574,4.37621790107156,0.804419872749053,301,0.206776508201814,0.746036314741865,0.798550038789607,5.73362806352405,0.341243883574732,1.38047798086904,850,568.183667902539,0.668451374002988,5,0,1,0,0,0,0,0,0,0,0
176.7,UrbanCanyon,8,2.94912785155519,28.674093657611,4.91581643796266,0.926759213260709,272,0,0.804078672884675,0.804078672884675,NaN,0.3,1.14546649776767,850,127.894401016654,0.150464001196063,3,1,0,0,0,0,0,0,0,0,1
176.8,UrbanCanyon,9,3.50016921039799,29.0372562716428,5.30750569939039,0.244646025768173,133,0.210139077249131,0.232387837264676,0.393693148827087,5.69104221831083,1.653071080948,6.10305589141282,1450,1352.70940704653,0.932903039342434,5,0,1,0,0,0,0,0,0,0,0
176.9,UrbanCanyon,8,3.49379755766012,27.2098065003833,4.49447931933287,0.79269334062108,326,0,0.758804538216124,0.758804538216124,NaN,0.325438126962843,1.32357725706624,950,301.732497148462,0.317613154893118,3,1,0,0,0,0,0,0,0,0,0
177,UrbanCanyon,8,3.60653970691756,27.6021387255699,4.21935043621755,0.76817629134872,346,0,0.758878115203642,0.758878115203642,NaN,0.32534940831937,1.32325786994973,950,598.36374280337,0.629856571371969,3,1,0,0,0,0,0,0,0,0,0
177.1,UrbanCanyon,7,2.85041119434353,30.190833216919,6.46220816523032,0.765406451352665,329,0,0.742997322406286,0.742997322406286,NaN,0.345125940725846,1.39445338661305,950,512.492846804341,0.539466154530885,3,1,0,0,0,0,0,0,0,0,0
177.2,UrbanCanyon,5,4.93100827002388,23.2992262726062,8.56059777967756,0.762835413405947,397,0.0873750591730493,0.797374726981985,0.815079122201889,7.36307426095516,0.3,1.16951301139063,950,331.668970644021,0.349125232256864,5,0,1,0,0,0,0,0,0,0,1
177.3,UrbanCanyon,8,3.28009667544106,28.455149421821,5.74724761827147,0.811529013686627,309,0,0.75739943917004,0.75739943917004,NaN,0.327137580287528,1.3296952890351,950,587.277958648699,0.618187324893367,3,1,0,0,0,0,0,0,0,0,0
177.4,UrbanCanyon,10,3.20649705011899,31.014133658043,6.12152586643125,0.74737199326477,268,0.237305152033337,0.680589235487396,0.756387055521144,5.35362744891913,0.435058091216315,1.71820912837873,950,635.162772841241,0.668592392464464,5,0,1,0,0,0,0,0,0,0,0
177.5,UrbanCanyon,7,3.20115016344243,30.3723944943451,4.44545107206523,0.812332799680795,309,0,0.757937975786133,0.757937975786133,NaN,0.326485058916287,1.32734621209863,950,269.383900164291,0.283562000172938,3,1,0,0,0,0,0,0,0,0,0
177.6,UrbanCanyon,7,2.75010564094172,26.620088075859,5.97671057517088,0.732403575503281,346,0.187177624594962,0.734910395587198,0.784529238046005,5.98544171167271,0.355681245919339,1.43245248530962,950,574.865344156878,0.605121414901977,5,0,1,0,0,0,0,0,0,0,0
177.7,UrbanCanyon,9,2.41036413622602,28.8635309273233,5.11120181105368,0.805217825148741,309,0,0.753170942849656,0.753170942849656,NaN,0.332311458634319,1.34832125108355,950,310.234803817179,0.326562951386504,3,1,0,0,0,0,0,0,0,0,0
177.8,UrbanCanyon,10,2.51706649459594,27.7088206601685,4.6091499953005,0.901584076868215,291,0.243819676840761,0.802886331501704,0.850946522455855,5.27446944906569,0.3,1.14968418477971,950,322.876947888989,0.339870471462094,5,0,1,0,0,0,0,0,0,0,1
177.9,UrbanCanyon,9,2.99398825637363,29.1824965470169,5.06395401298888,0.720475320143402,359,0,0.737643464496079,0.737643464496079,NaN,0.35207737930405,1.41947856549458,950,539.0701643826,0.567442278297474,3,1,0,0,0,0,0,0,0,0,0
178,UrbanCanyon,5,4.80676167317186,21.6438068666066,10.0742131363314,0.83582668552486,360,0.0736930044453574,0.815753879301656,0.829331529493319,7.56435720010775,0.3,1.1055196969315,950,181.951614107292,0.191528014849781,5,0,1,0,0,0,0,0,0,0,1
178.1,UrbanCanyon,9,3.08112728791753,30.1366187244056,4.48576157836684,0.739718286778217,342,0,0.736511252141406,0.736511252141406,NaN,0.353565800620225,1.42483688223281,950,368.111496244838,0.387485785520883,3,1,0,0,0,0,0,0,0,0,0
178.2,UrbanCanyon,9,3.07998326606226,29.2044855967737,5.6040509725765,0.895325587343181,329,0,0.830043143519932,0.830043143519932,NaN,0.3,1.05996799758128,950,156.334393430008,0.164562519400008,3,1,0,0,0,0,0,0,0,0,1
178.3,UrbanCanyon,9,2.79743498720423,30.0798089056676,4.60639595037465,0.761403531291334,362,0,0.767540365965194,0.767540365965194,NaN,0.31509370363899,1.28633733310036,950,566.143264829156,0.595940278767533,3,1,0,0,0,0,0,0,0,0,0
178.4,UrbanCanyon,7,2.48199670126863,26.9710367613952,3.91973942050013,0.762565422553322,336,0.210387632466326,0.746868833110725,0.800124500015998,5.68790152769708,0.340188469126814,1.37667848885653,950,574.980043701566,0.605242151264806,5,0,1,0,0,0,0,0,0,0,0
178.5,UrbanCanyon,9,2.72448221427516,27.3062718696298,4.63015545843152,0.859991176782823,330,0,0.807194088444492,0.807194088444492,NaN,0.3,1.13456707577675,950,230.3467982448,0.242470313941895,3,1,0,0,0,0,0,0,0,0,1
178.6,UrbanCanyon,9,3.3936684468509,29.2185699959563,6.81376880531788,0.711590952612646,315,0,0.695390938250473,0.695390938250473,NaN,0.411966701249818,1.63508012449934,950,590.723272496115,0.621813971048542,3,1,0,0,0,0,0,0,0,0,0
178.7,UrbanCanyon,8,3.16659809889856,30.4578126727709,5.08207750758376,0.804721377167747,344,0,0.781713322702391,0.781713322702391,NaN,0.3,1.22884166137068,950,628.030138800521,0.661084356632128,3,1,0,0,0,0,0,0,0,0,1
178.8,UrbanCanyon,7,5.94935842931179,21.7403603261182,11.8052755018696,0.699294008839369,352,0.08071199117483,0.717676985922377,0.740463838543062,7.46072354535797,0.379265710694684,1.51735655850086,950,217.391033834565,0.228832667194279,5,0,1,0,0,0,0,0,0,0,0
178.9,UrbanCanyon,7,3.40208574022553,29.5404282768173,4.58754284554377,0.745243862455253,326,0,0.72701338784502,0.72701338784502,NaN,0.366304226039634,1.47069521374268,950,642.438758796078,0.676251325048503,3,1,0,0,0,0,0,0,0,0,0
179,UrbanCanyon,8,3.27190511212916,27.7824086127389,4.53417218939761,0.840448627085763,322,0.200443333776934,0.787500580147461,0.830094672288369,5.81432690001394,0.3,1.20640403093899,950,444.537672207646,0.467934391797522,5,0,1,0,0,0,0,0,0,0,1
179.1,UrbanCanyon,6,3.31999829663841,29.0491145134417,4.50141839398833,0.86458744200888,345,0,0.82264858614595,0.82264858614595,NaN,0.3,1.08308171596427,950,308.07223961351,0.324286568014221,3,1,0,0,0,0,0,0,0,0,1
179.2,UrbanCanyon,7,2.9191994092821,30.7348086619112,4.04399475859123,0.700833604692506,401,0.22101989690814,0.759133515143979,0.812369800795483,5.55448000810405,0.325041658817239,1.32214997174206,950,368.121412951032,0.387496224158981,5,0,1,0,0,0,0,0,0,0,0
179.3,UrbanCanyon,7,3.03713666328161,28.845790033824,5.27266852419422,0.791092182471644,307,0,0.742056762256002,0.742056762256002,NaN,0.346336784744642,1.39881242508071,950,823.855037990194,0.867215829463362,3,1,0,0,0,0,0,0,0,0,0
179.4,UrbanCanyon,8,3.21155705867331,28.6978862801703,4.31455349313455,0.72235647401295,324,0.209426250675752,0.710028837588677,0.77075641093657,5.70005482496479,0.390208187575435,1.55674947527157,950,531.968784793192,0.55996714188757,5,0,1,0,0,0,0,0,0,0,0
179.5,UrbanCanyon,5,2.64524863116409,27.7629190780316,4.99328955022943,0.809103347162615,381,0,0.815174242598952,0.815174242598952,NaN,0.3,1.10744504538984,950,276.44633197217,0.290996138918074,3,1,0,0,0,0,0,0,0,0,1
179.6,UrbanCanyon,8,3.17924424527189,28.1672812933167,5.69336287381363,0.67194583232446,309,0.19848749452098,0.663878707657388,0.730594580829627,5.83937837151405,0.462443807915169,1.81679770849461,950,890.618577925563,0.937493239921645,5,0,1,0,0,0,0,0,0,0,0
179.7,UrbanCanyon,8,3.05181779967128,31.2376672170989,5.45048712719379,0.805914363790673,323,0,0.765187623739751,0.765187623739751,NaN,0.317842130112462,1.29623166840486,950,318.173805583252,0.334919795350792,3,1,0,0,0,0,0,0,0,0,0
179.8,UrbanCanyon,9,2.96006050399867,28.3650327086483,5.48324008972922,0.765099215832235,335,0.218192192498752,0.747741474607598,0.802782315339468,5.58978758295927,0.339085909082873,1.37270927269834,950,226.386151271826,0.23830121186508,5,0,1,0,0,0,0,0,0,0,0
179.9,UrbanCanyon,9,3.39935746952744,29.6948497423612,5.00782302184655,0.759999710325125,328,0,0.738549805917833,0.738549805917833,NaN,0.350890509964006,1.41520583587042,950,772.937522063446,0.813618444277312,3,1,0,0,0,0,0,0,0,0,0
180,UrbanCanyon,7,4.59673549480788,21.6236393343845,13.085621977615,0.732921210397258,332,0.0933935636207934,0.723707210966163,0.749511179136761,7.27548184387364,0.370844263180241,1.48703934744887,950,529.622952950752,0.557497845211318,5,0,1,0,0,0,0,0,0,0,0
180.1,UrbanCanyon,9,3.32183996889133,28.5046302689763,6.90431103322389,0.729533732907231,323,0,0.714012601047845,0.714012601047845,NaN,0.384471980898548,1.53609913123477,950,471.64029819643,0.496463471785716,3,1,0,0,0,0,0,0,0,0,0
180.2,UrbanCanyon,7,3.69152898656235,28.7962409697704,3.57603673956823,0.848102315152343,339,0.192879063404705,0.80665355115207,0.843946033118484,5.91155365032373,0.3,1.13644564353895,950,406.454486497178,0.427846827891766,5,0,1,0,0,0,0,0,0,0,1
180.3,UrbanCanyon,9,2.59423641145642,30.6404499246191,4.5539350917799,0.76154789189937,346,0,0.754437087572578,0.754437087572578,NaN,0.330752859899595,1.34271029563854,950,838.927854688251,0.883081952303422,3,1,0,0,0,0,0,0,0,0,0
180.4,UrbanCanyon,4,5.1192126312649,24.0431970982147,11.0092986360495,0.796728055692404,343,0.0718198538320551,0.775532797313911,0.791653999000916,7.59214706992278,0.305963812704295,1.25346972573546,950,445.106440380559,0.46853309513743,5,0,1,0,0,0,0,0,0,0,0
180.5,UrbanCanyon,7,2.8653487677124,31.5551858704394,4.31745988541135,0.714671255118511,339,0,0.717254740929403,0.717254740929403,NaN,0.379862203817248,1.51950393374209,950,751.793598952608,0.791361683108008,3,1,0,0,0,0,0,0,0,0,0
180.6,UrbanCanyon,10,3.19758681726964,26.8265263661252,4.41297978271388,0.863451958348229,325,0.219689240416951,0.805387812093313,0.848142015830414,5.57107905216859,0.3,1.14086513313645,950,667.699433639556,0.70284150909427,5,0,1,0,0,0,0,0,0,0,1
180.7,UrbanCanyon,9,2.87252649098353,28.0394939550608,5.31765659021572,0.808036817092116,303,0,0.750109667451718,0.750109667451718,NaN,0.336112945752727,1.36200660470982,950,391.074950676717,0.411657842817597,3,1,0,0,0,0,0,0,0,0,0
180.8,UrbanCanyon,8,3.55630506430682,27.0638982870264,4.54931983065143,0.820552105495643,299,0,0.755194910682081,0.755194910682081,NaN,0.329823829389886,1.33936578580359,950,445.779175749089,0.46924123763062,3,1,0,0,0,0,0,0,0,0,0
180.9,UrbanCanyon,7,3.2776151149379,27.561454245783,6.2015147634322,0.852134173230361,291,0,0.769754896064342,0.769754896064342,NaN,0.312532019715855,1.27711527097708,950,658.143644646907,0.69278278383885,3,1,0,0,0,0,0,0,0,0,0
181,UrbanCanyon,8,3.01207505273798,26.0073739627083,5.65800697134047,0.915873772243435,327,0.1888025521595,0.842160427403101,0.871960941541161,5.96433039506352,0.3,1.02421997609814,950,498.054468557104,0.524267861639057,5,0,1,0,0,0,0,0,0,0,1
181.1,UrbanCanyon,7,2.87196447225679,28.3432489063696,6.16742040172419,0.731645688462758,326,0,0.717902611270048,0.717902611270048,NaN,0.378947341820644,1.51621043055432,1100,416.699614957782,0.378817831779802,3,1,0,0,0,0,0,0,0,0,0
181.2,UrbanCanyon,7,2.83127439969341,30.9398656524212,6.50595696388405,0.855104549828304,372,0.210727140319031,0.838570048384964,0.87258772045064,5.68361317623179,0.3,1.0345366635059,800,397.358066016748,0.496697582520935,5,0,1,0,0,0,0,0,0,0,1
181.3,UrbanCanyon,6,2.29859086126652,27.6873089155595,6.14351728291556,0.688890754832788,357,0,0.714831805737968,0.714831805737968,NaN,0.38330224754667,1.53188809116801,1000,558.330109104519,0.558330109104519,3,1,0,0,0,0,0,0,0,0,0
181.4,UrbanCanyon,8,2.98652976579432,28.3464602918419,3.93199722654964,0.820514873569608,319,0.215644430444731,0.771669965291638,0.820908065579748,5.62170927593897,0.310336511874805,1.2692114427493,1000,538.331416255379,0.538331416255379,5,0,1,0,0,0,0,0,0,0,0
181.5,UrbanCanyon,9,2.95347279024459,28.7709060776138,4.93556665696692,0.739845807165088,381,0,0.768771690800609,0.768771690800609,NaN,0.313666327438023,1.28119877877688,1000,424.969120046424,0.424969120046424,3,1,0,0,0,0,0,0,0,0,0
181.6,UrbanCanyon,10,3.03741531890117,28.5597829421125,5.95013396760575,0.767566601039738,334,0.226356015808185,0.748569622696624,0.805482401156165,5.48820011420948,0.338043086577295,1.36895511167826,1000,875.276103063065,0.875276103063065,5,0,1,0,0,0,0,0,0,0,0
181.7,UrbanCanyon,8,2.73018866154666,30.9051750105576,4.93213000914804,0.773118611994197,373,0,0.784464470036112,0.784464470036112,NaN,0.3,1.21810008209133,1000,114.695431295802,0.114695431295802,3,1,0,0,0,0,0,0,0,0,1
181.8,UrbanCanyon,2,5.79038368646752,21.6653435435016,10.5814023640619,0.760018510605244,313,0.049903597525072,0.726187402105513,0.739851635788134,7.9214653919664,0.36743334691432,1.47476004889155,1000,292.242424925838,0.292242424925838,5,0,1,0,0,0,0,0,0,0,0
181.9,UrbanCanyon,7,2.66740171267215,28.9082261381152,4.37351060856097,0.848222947912899,363,0,0.826534375101643,0.826534375101643,NaN,0.3,1.0708129071924,1000,495.545365915766,0.495545365915766,3,1,0,0,0,0,0,0,0,0,1
182,UrbanCanyon,8,3.03722831885801,29.7911891388767,4.87863020308046,0.699169704428098,368,0.217555306079448,0.730793701966826,0.789360960533948,5.59775759235542,0.361180077251816,1.45224827810654,1000,588.258111059817,0.588258111059817,5,0,1,0,0,0,0,0,0,0,0
182.1,UrbanCanyon,8,2.9241209770772,26.4961167256705,6.80134682482961,0.786650695038944,365,0,0.786930965676092,0.786930965676092,NaN,0.3,1.2085857204895,1000,304.722571235146,0.304722571235146,3,1,0,0,0,0,0,0,0,0,1
182.2,UrbanCanyon,9,2.61798649282467,29.6313118478999,5.16899026246954,0.745788714322969,425,0,0.809053438596389,0.809053438596389,NaN,0.3,1.12814530380677,1000,426.100155563314,0.426100155563314,3,1,0,0,0,0,0,0,0,0,1
182.3,UrbanCanyon,9,3.34286174438395,25.6464839077653,4.36833834284893,0.728020627558941,356,0,0.740223820464491,0.740223820464491,NaN,0.348709158635163,1.40735297108659,1000,642.35705473187,0.64235705473187,3,1,0,0,0,0,0,0,0,0,0
182.4,UrbanCanyon,8,3.34181141638767,28.30544380417,6.31350435253765,0.708075993654148,309,0.192260631507328,0.688085915748279,0.748054714562545,5.91954309930352,0.423225989886474,1.67561356359131,1000,619.301422997442,0.619301422997442,5,0,1,0,0,0,0,0,0,0,0
182.5,UrbanCanyon,8,3.44971532426002,28.8880813761904,5.02001336323141,0.839822950729491,397,0,0.848956376988759,0.848956376988759,NaN,0.3,1.00532758447126,1000,517.194699838663,0.517194699838663,3,1,0,0,0,0,0,0,0,0,1
182.6,UrbanCanyon,9,3.01912770834153,28.5792197119264,5.0953977084325,0.728404078666375,352,0.220203098295307,0.737180732706471,0.795054349656209,5.56466566326591,0.352684918151768,1.42166570534637,1000,449.540901858753,0.449540901858753,5,0,1,0,0,0,0,0,0,0,0
182.7,UrbanCanyon,9,2.8725991587256,29.7077837396842,4.82476100582561,0.675117010715102,324,0,0.678378397179118,0.678378397179118,NaN,0.438601138502682,1.73096409860966,1000,626.831656972936,0.626831656972936,3,1,0,0,0,0,0,0,0,0,0
182.8,UrbanCanyon,8,2.65475235220854,26.8849804400818,5.51888826722685,0.805322486397762,238,0.205701858942354,0.694666065886501,0.75747382373183,5.74727629510106,0.413072028303067,1.63905930189104,1000,427.575685088848,0.427575685088848,5,0,1,0,0,0,0,0,0,0,0
182.9,UrbanCanyon,9,3.15915887647881,29.3112674378957,4.21150151177333,0.704437364186628,280,0,0.661723034005041,0.661723034005041,NaN,0.466078264306887,1.82988175150479,1000,682.331307897555,0.682331307897555,3,1,0,0,0,0,0,0,0,0,0
183,UrbanCanyon,9,2.39827231792271,26.9906953700409,5.08974001293873,0.741858161922076,353,0.228643711717627,0.747019968487791,0.804862261883185,5.45992418778207,0.339997240859796,1.37599006709527,1000,643.220328452324,0.643220328452324,5,0,1,0,0,0,0,0,0,0,0
183.1,UrbanCanyon,7,2.90276397297905,30.6024046839537,5.78663569849749,0.703309670302929,320,0,0.693967479102962,0.693967479102962,NaN,0.414139759616489,1.64290313461936,1000,488.539234495138,0.488539234495138,3,1,0,0,0,0,0,0,0,0,0
183.2,UrbanCanyon,9,2.57013782684279,27.9998450733868,5.31817512516413,0.874757618969716,320,0.228301469706126,0.808837604709709,0.852480260507026,5.4641489732618,0.3,1.12888755235809,1000,522.255086728669,0.522255086728668,5,0,1,0,0,0,0,0,0,0,1
183.3,UrbanCanyon,9,3.07766594548583,29.0040691850695,5.33200696190347,0.713848813272815,266,0,0.656478704892786,0.656478704892786,NaN,0.475017200480344,1.86206192172924,1000,418.813228638292,0.418813228638292,3,1,0,0,0,0,0,0,0,0,0
183.4,UrbanCanyon,7,2.84347357487009,32.0161644884451,5.46659348604401,0.68107097661532,308,0.222754131409565,0.669167554332264,0.742861848409083,5.53288912192719,0.453625267766238,1.78505096395846,1000,722.293844852081,0.722293844852081,5,0,1,0,0,0,0,0,0,0,0
183.5,UrbanCanyon,8,3.03107880328948,28.7094124226508,4.41279582774498,0.71748796055667,333,0,0.714191933572969,0.714191933572969,NaN,0.384215627086896,1.53517625751282,1000,491.722562535937,0.491722562535937,3,1,0,0,0,0,0,0,0,0,0
183.6,UrbanCanyon,7,2.74370640124726,30.7118363643009,6.36185344344988,0.804592413425262,303,0.212480318143947,0.747801916994926,0.801389045907138,5.66149799448527,0.339009682678586,1.37243485764291,1000,474.726548669775,0.474726548669775,5,0,1,0,0,0,0,0,0,0,0
183.7,UrbanCanyon,8,3.01390204646292,29.9666488580351,5.33839715653309,0.275539012536628,158,0,0.273711138399541,0.273711138399541,NaN,1.49873877621223,5.54745959436402,1450,1250.71123029743,0.862559469170639,3,1,0,0,0,0,0,0,0,0,0
183.8,UrbanCanyon,10,3.41631745356373,28.5143510441423,5.2103280711049,0.732751640436649,343,0.220617133355892,0.732668599092555,0.79164648641677,5.5595012225471,0.358665194777843,1.44319470120023,950,480.58977405968,0.5058839726944,5,0,1,0,0,0,0,0,0,0,0
183.9,UrbanCanyon,9,2.32855944615702,28.1198815476949,6.05366175018313,0.81384882822838,296,0,0.748228714913014,0.748228714913014,NaN,0.33847194998588,1.37049901994917,950,475.619963481492,0.500652593138412,3,1,0,0,0,0,0,0,0,0,0
184,UrbanCanyon,7,4.67797576891812,19.7756111309904,11.0768001780437,0.696976092386836,315,0.08519753247906,0.68559898189918,0.712385172850274,7.3949084366592,0.42712000045708,1.68963200164549,1100,697.660826588794,0.634237115080722,5,0,1,0,0,0,0,0,0,0,0
184.1,UrbanCanyon,7,3.16620820043663,28.5254469888351,5.73998751913961,0.750142753054745,315,0,0.72122064454668,0.72122064454668,NaN,0.374294822567422,1.49946136124272,1100,81.2056634652043,0.073823330422913,3,1,0,0,0,0,0,0,0,0,0
184.2,UrbanCanyon,8,5.13866875746092,22.2455085569764,10.1323166226229,0.81231557803131,305,0.107625699593426,0.754626437280978,0.781034938630344,7.07065513620898,0.330520463203565,1.34187366753283,1100,963.694611402274,0.876086010365704,5,0,1,0,0,0,0,0,0,0,0
184.3,UrbanCanyon,7,3.14955284658313,28.3399673226406,4.67428991181262,0.68922771369861,348,0,0.707632568178069,0.707632568178069,NaN,0.393696787975379,1.56930843671136,1100,680.848954768338,0.618953595243944,3,1,0,0,0,0,0,0,0,0,0
184.4,UrbanCanyon,7,3.16993151104523,28.1359209617965,4.55323426459726,0.699946313085376,343,0.193743590014096,0.710689029767202,0.766741175770565,5.90039518914686,0.389252093742608,1.55330753747339,1100,390.943413170401,0.355403102882183,5,0,1,0,0,0,0,0,0,0,0
184.5,UrbanCanyon,7,3.16243509516056,28.8282174267404,4.69191617408889,0.650980970632807,375,0,0.704282250323981,0.704282250323981,NaN,0.398622468683622,1.58704088726104,1100,763.741400798997,0.694310364362724,3,1,0,0,0,0,0,0,0,0,0
184.6,UrbanCanyon,6,3.20920518546875,29.7926637876265,4.0018217663602,0.723981123273277,366,0.195944644201583,0.745767352593096,0.795582878233668,5.87204012150495,0.341585597518808,1.38170815106771,1100,364.645243552203,0.331495675956548,5,0,1,0,0,0,0,0,0,0,0
184.7,UrbanCanyon,6,3.00780388373009,29.0702893835587,4.04189887112999,0.847689166922444,368,0,0.830301741838037,0.830301741838037,NaN,0.3,1.05917748940884,850,68.3423718458645,0.0804027904068994,3,1,0,0,0,0,0,0,0,0,1
184.8,UrbanCanyon,10,2.77353598808886,30.5544906252317,5.35455439959287,0.733807863186688,356,0.250151526951113,0.744101268335081,0.808114726805914,5.19818186026998,0.343710402169286,1.38935744780943,850,685.985243670786,0.807041463142101,5,0,1,0,0,0,0,0,0,0,0
184.9,UrbanCanyon,8,2.8935255479209,27.9525794871444,5.66719396065071,0.837077232707763,371,0,0.825666745914201,0.825666745914201,NaN,0.3,1.07352875132129,850,230.200579094181,0.270824210699037,3,1,0,0,0,0,0,0,0,0,1
185,UrbanCanyon,9,3.83573150434714,28.0370569570483,6.1038105891992,0.757885718249124,360,0.192224173156521,0.763533431226913,0.808988021888479,5.92001429146133,0.319791095368293,1.30324794332585,850,296.56816056514,0.34890371831193,5,0,1,0,0,0,0,0,0,0,0
185.1,UrbanCanyon,8,2.87863395493001,28.7414834151975,4.65869689075063,0.815137761103292,348,0,0.791992299939206,0.791992299939206,NaN,0.3,1.18940482956123,850,512.748361466451,0.603233366431119,3,1,0,0,0,0,0,0,0,0,1
185.2,UrbanCanyon,6,3.2555620494488,29.2754512043402,5.15170553577806,0.694722691518029,347,0.183992790165003,0.710489203317079,0.763757102581663,6.02694213202157,0.389541253489948,1.55434851256381,1050,915.026467971191,0.871453779020182,5,0,1,0,0,0,0,0,0,0,0
185.3,UrbanCanyon,8,3.18354344159923,30.8218977070494,3.74817784776603,0.841132529405271,302,0,0.771458794701531,0.771458794701531,NaN,0.310577706298192,1.27007974267349,1050,592.359528440557,0.56415193184815,3,1,0,0,0,0,0,0,0,0,0
185.4,UrbanCanyon,9,3.48124384077661,31.9312401204037,5.41112601988499,0.811237324309014,333,0,0.77700400728704,0.77700400728704,NaN,0.304318031915097,1.24754491489435,1050,379.616916314674,0.361539920299689,3,1,0,0,0,0,0,0,0,0,0
185.5,UrbanCanyon,9,3.20914562386564,29.3937711790932,5.38125690637037,0.72744801826185,355,0,0.73901517223544,0.73901517223544,NaN,0.350282700808243,1.41301772290968,1050,901.692904076957,0.858755146739959,3,1,0,0,0,0,0,0,0,0,0
185.6,UrbanCanyon,9,2.37382178983257,27.8988958929914,4.2955450087548,0.764990037181295,271,0.240475913612062,0.694868324911468,0.768245143250361,5.31501470242746,0.412763347855834,1.637948052281,1050,813.28807346001,0.774560069961915,5,0,1,0,0,0,0,0,0,0,0
185.7,UrbanCanyon,8,2.67786239472569,29.3305229439588,4.52624557395555,0.855071845272389,335,0,0.808023136332501,0.808023136332501,NaN,0.3,1.13169604565249,850,680.596407458475,0.8007016558335,3,1,0,0,0,0,0,0,0,0,1
185.8,UrbanCanyon,8,2.81235876126651,29.8572213998468,6.29130661106118,0.825701895656113,365,0.216606136704158,0.813095270089596,0.853579981567223,5.60964756039668,0.3,1.11440040256593,850,294.22126180947,0.346142660952318,5,0,1,0,0,0,0,0,0,0,1
185.9,UrbanCanyon,7,2.68038207596459,28.9161968451463,4.47068451533618,0.80671041006687,303,0,0.749220974744803,0.749220974744803,NaN,0.337225298769867,1.36601107557152,850,451.424165132806,0.531087253097418,3,1,0,0,0,0,0,0,0,0,0
186,UrbanCanyon,6,3.03205185287239,30.1433490981354,5.98404931600444,0.751497553661837,301,0.190945570227005,0.710578360953431,0.765842140857212,5.93655256268245,0.389412212871006,1.55388396633562,1100,445.119725496475,0.404654295905887,5,0,1,0,0,0,0,0,0,0,0
186.1,UrbanCanyon,7,2.97647318368064,27.8736179442414,3.85471988200235,0.82851891276419,348,0,0.800957671552008,0.800957671552008,NaN,0.3,1.15656063662599,900,94.3606331190852,0.104845147910095,3,1,0,0,0,0,0,0,0,0,1
186.2,UrbanCanyon,9,2.81261990955236,28.2505743619429,5.42173941017446,0.780083567654159,228,0.221961940453477,0.669505990328286,0.74286308202327,5.54274577682335,0.453065726072217,1.78303661385998,900,395.025829298719,0.438917588109688,5,0,1,0,0,0,0,0,0,0,0
186.3,UrbanCanyon,7,3.06939611466394,27.909912236916,5.66795642273665,0.765090570770357,349,0,0.759285682416139,0.759285682416139,NaN,0.32485845672466,1.32149044420877,900,438.650882737789,0.487389869708654,3,1,0,0,0,0,0,0,0,0,0
186.4,UrbanCanyon,7,3.31455597889224,27.9521867552541,5.29909322365879,0.667906650486278,326,0.184430582386023,0.675197455825806,0.735100978208315,6.02122779957761,0.443741731755072,1.74947023431826,900,786.068922900566,0.873409914333963,5,0,1,0,0,0,0,0,0,0,0
186.5,UrbanCanyon,8,2.80709550746956,32.1548637150669,4.50882291646328,0.848356394843379,309,0,0.782073784545064,0.782073784545064,NaN,0.3,1.2274265184426,900,659.116527632009,0.732351697368899,3,1,0,0,0,0,0,0,0,0,1
186.6,UrbanCanyon,8,2.62170665606669,29.0494251991126,5.93587950854055,0.818004475029515,305,0.218809848268697,0.758437998269775,0.811294143215848,5.58206442529581,0.325880501699783,1.32516980611922,900,464.852023311977,0.516502248124418,5,0,1,0,0,0,0,0,0,0,0
186.7,UrbanCanyon,8,3.11604667499028,29.808148243515,5.15916460963543,0.747197894125473,324,0,0.726672589064067,0.726672589064067,NaN,0.366769683922351,1.47237086212046,1100,470.391578032014,0.427628707301831,3,1,0,0,0,0,0,0,0,0,0
186.8,UrbanCanyon,9,3.59161553110699,28.6132447583686,6.72153417357037,0.623663437692023,335,0.198168983938948,0.652979503253656,0.721748202499868,5.84346382654,0.481058062905199,1.88380902645872,1100,704.050472677915,0.64004588425265,5,0,1,0,0,0,0,0,0,0,0
186.9,UrbanCanyon,6,2.62500602320112,28.9185459512357,6.72359315919979,0.756896867820048,281,0,0.697695901439432,0.697695901439432,NaN,0.408469420016293,1.62248991205866,1100,639.840733192741,0.581673393811583,3,1,0,0,0,0,0,0,0,0,0
187,UrbanCanyon,7,3.06214277458037,29.1586263460034,5.88938344526696,0.87399704646228,308,0.19558539606807,0.798428021129727,0.837852556453294,5.87666284015171,0.3,1.1656813639911,1100,103.589042124753,0.0941718564770483,5,0,1,0,0,0,0,0,0,0,1
187.1,UrbanCanyon,8,3.27749800269303,26.1985627542336,4.77820717062601,0.783063191833436,316,0,0.744102338528402,0.744102338528402,NaN,0.343709032866582,1.38935251831969,1100,524.313945743125,0.476649041584659,3,1,0,0,0,0,0,0,0,0,0
187.2,UrbanCanyon,9,2.98365544885987,29.1793141123857,5.06137765295019,0.719480600150512,349,0.225327895441945,0.728727002100843,0.789852375807687,5.50093495664325,0.36397259847299,1.46230135450276,1100,842.140344127742,0.76558213102522,5,0,1,0,0,0,0,0,0,0,0
187.3,UrbanCanyon,6,3.16568021936351,25.3573411084817,4.81237341476922,0.773677618096853,322,0,0.742764004124892,0.742764004124892,NaN,0.345425893934647,1.39553321816473,1100,363.333669036877,0.33030333548807,3,1,0,0,0,0,0,0,0,0,0
187.4,UrbanCanyon,7,3.2710580211382,28.2786603826405,4.78790617928091,0.767616661396042,346,0.190676538877492,0.758503163135348,0.804550944138562,5.94003571778652,0.325801805539081,1.32488649994069,900,572.215645820037,0.635795162022263,5,0,1,0,0,0,0,0,0,0,0
187.5,UrbanCanyon,8,3.62319614373445,29.3178579438339,4.93739909145666,0.842522099030498,364,0,0.823539806350434,0.823539806350434,NaN,0.3,1.08024379948558,900,512.04923392618,0.568943593251311,3,1,0,0,0,0,0,0,0,0,1
187.6,UrbanCanyon,6,5.23020213518937,20.6790453438612,8.36211310392795,0.69112724832342,366,0.0785164591342546,0.723755256376691,0.745445015500444,7.49305532869177,0.370777895948769,1.48680042541557,1050,818.437918186702,0.779464683987335,5,0,1,0,0,0,0,0,0,0,0
187.7,UrbanCanyon,8,2.4412679480591,27.384002625302,4.93825829368925,0.787678785318487,395,0,0.812369786163387,0.812369786163387,NaN,0.3,1.11684587429936,850,395.552719581614,0.465356140684252,3,1,0,0,0,0,0,0,0,0,1
187.8,UrbanCanyon,6,2.8471504499275,29.0438720613246,5.23295412122006,0.770975793823015,334,0.192889877246992,0.75085378186142,0.798911565294723,5.911414002003,0.335184595031892,1.35866454211481,850,148.426214609623,0.174619076011321,5,0,1,0,0,0,0,0,0,0,0
187.9,UrbanCanyon,8,3.16275577547259,27.5557624984831,4.82905525954343,0.819776059448725,350,0,0.796749959830646,0.796749959830646,NaN,0.3,1.1717952094596,850,638.966022169852,0.751724731964532,3,1,0,0,0,0,0,0,0,0,1
188,UrbanCanyon,8,3.85703184732561,30.0287663404678,6.11761673150425,0.701501054677829,279,0.193422895039628,0.658930706634145,0.724901316766089,5.90453300997004,0.470820657192708,1.84695436589375,1050,875.538412200173,0.833846106857307,5,0,1,0,0,0,0,0,0,0,0
188.1,UrbanCanyon,8,3.02193364482541,27.7537244278403,4.33032552264352,0.908363632044628,278,0,0.796703633469901,0.796703633469901,NaN,0.3,1.17196471379906,1050,789.231041328409,0.751648610788961,3,1,0,0,0,0,0,0,0,0,1
188.2,UrbanCanyon,7,2.9821509406424,28.7981673286271,6.72984781185695,0.788545042441126,358,0.191321306913619,0.782425178435554,0.824051877648762,5.93168982921517,0.3,1.2260492268092,1050,573.564418258875,0.546251826913215,5,0,1,0,0,0,0,0,0,0,1
188.3,UrbanCanyon,10,3.15872225187421,26.4887705359642,5.79932265945639,0.797731635735823,238,0,0.689580195943001,0.689580195943001,NaN,0.420901136876964,1.66724409275707,1050,381.635327052022,0.363462216240021,3,1,0,0,0,0,0,0,0,0,0
188.4,UrbanCanyon,6,3.09003280803247,30.158660770508,5.59359761599938,0.712481023682634,393,0.191553143748873,0.760337285867365,0.806245432198858,5.92869055505865,0.323595541363553,1.31694394890879,1050,430.009805600387,0.409533148190845,5,0,1,0,0,0,0,0,0,0,0
188.5,UrbanCanyon,9,2.93102554013218,33.061035681568,4.98747065798221,0.731715984056053,311,0,0.705574709317556,0.705574709317556,NaN,0.396715629483604,1.58017626614098,1050,845.891145860852,0.805610615105574,3,1,0,0,0,0,0,0,0,0,0
188.6,UrbanCanyon,7,2.70401847442141,29.8087074255561,5.69941800906975,0.739408637571449,314,0.21105305009799,0.713203787172871,0.773733002646589,5.67949831807748,0.38563016922996,1.54026860922786,1050,543.456977860923,0.51757807415326,5,0,1,0,0,0,0,0,0,0,0
188.7,UrbanCanyon,9,2.80853154644462,28.8253650693009,5.57261502985166,0.735644242007042,306,0,0.704081642144718,0.704081642144718,NaN,0.398919186289416,1.5881090706419,1050,536.211279833319,0.510677409365066,3,1,0,0,0,0,0,0,0,0,0
188.8,UrbanCanyon,8,3.32625712728059,28.5898710737142,5.74162413865829,0.800484124316011,332,0.197390773154471,0.768974363291727,0.814576692340077,5.85345256814062,0.313432112041157,1.28035560334816,1050,253.887039591882,0.241797180563698,5,0,1,0,0,0,0,0,0,0,0
188.9,UrbanCanyon,9,3.08471624052336,28.3944990251722,5.66555905091163,0.755166515894812,343,0,0.747686565649524,0.747686565649524,NaN,0.33915517288433,1.37295862238359,1050,602.4738385932,0.573784608184,3,1,0,0,0,0,0,0,0,0,0
189,UrbanCanyon,5,4.79448536047432,21.4697016802858,10.4384516623977,0.805910537550073,344,0.0718056989117357,0.782510060158549,0.798127077295135,7.59235728458185,0.3,1.22571686539014,1050,300.622379930439,0.28630702850518,5,0,1,0,0,0,0,0,0,0,1
189.1,UrbanCanyon,8,2.8961300918593,30.5895019222449,5.16438751436823,0.816064591730885,325,0,0.773638276459693,0.773638276459693,NaN,0.308099074710346,1.26115666895725,1050,452.191652343168,0.430658716517303,3,1,0,0,0,0,0,0,0,0,0
189.2,UrbanCanyon,7,2.68791885584488,30.2373694444401,5.29122740124873,0.766100173656004,402,0.216619728213617,0.803687116349523,0.846212359850721,5.60947720179286,0.3,1.14684873458449,850,604.084584825286,0.710687746853278,5,0,1,0,0,0,0,0,0,0,1
189.3,UrbanCanyon,7,2.79872970305632,31.6586850800628,5.81577675661371,0.74691763347422,317,0,0.720709814427727,0.720709814427727,NaN,0.375007519392486,1.50202706981295,1000,867.392483383019,0.867392483383019,3,1,0,0,0,0,0,0,0,0,0
189.4,UrbanCanyon,9,2.78361387834723,28.1421633799704,5.64863912068995,0.81355677723361,329,0.22085731749159,0.775258040746519,0.824893946995047,5.55650655765121,0.306272370622734,1.25458053424184,1000,608.65663705965,0.60865663705965,5,0,1,0,0,0,0,0,0,0,0
189.5,UrbanCanyon,7,2.87553690119225,27.9872297385939,5.02041497100548,0.777130658705735,371,0,0.785502541332843,0.785502541332843,NaN,0.3,1.21408243797202,1000,426.333935566594,0.426333935566594,3,1,0,0,0,0,0,0,0,0,1
189.6,UrbanCanyon,8,3.18909463832861,30.440497579019,4.96039272671364,0.826050294754392,293,0.217391483846239,0.753928697485443,0.807422503071059,5.59980871645113,0.331377714803027,1.3449597732909,1000,708.12388190134,0.70812388190134,5,0,1,0,0,0,0,0,0,0,0
189.7,UrbanCanyon,8,3.08134002254337,32.0349180828335,5.0639231070929,0.791331357689527,290,0,0.728192009651983,0.728192009651983,NaN,0.364698959042569,1.46491625255325,1000,545.040775104575,0.545040775104575,3,1,0,0,0,0,0,0,0,0,0
189.8,UrbanCanyon,8,3.01584939506058,26.7393434955523,4.24502936051261,0.251274528675652,161,0,0.259928934212687,0.259928934212687,NaN,1.54926295603892,5.72934664174012,1550,1257.73051073711,0.811439039185232,3,1,0,0,0,0,0,0,0,0,0
189.9,UrbanCanyon,8,3.08601324650377,31.3214864121767,5.21544964872033,0.84066846192676,348,0,0.809097869490929,0.809097869490929,NaN,0.3,1.12799261089612,850,435.719059127137,0.512610657796632,3,1,0,0,0,0,0,0,0,0,1
190,UrbanCanyon,7,2.7898771598931,29.6953770856039,5.36862702035799,0.747524927495233,363,0.20954469136538,0.759066701421806,0.809552995112017,5.69855675958921,0.325122135909423,1.32243968927392,1050,597.971186689219,0.569496368275446,5,0,1,0,0,0,0,0,0,0,0
190.1,UrbanCanyon,8,2.93683597565901,27.6313315817135,4.56856315446808,0.716555490944619,297,0,0.683867178932895,0.683867178932895,NaN,0.429849901389616,1.69945964500262,1050,417.138312048494,0.397274582903327,3,1,0,0,0,0,0,0,0,0,0
190.2,UrbanCanyon,3,5.92352376226217,20.9489711650201,10.6842421574995,0.788953601609001,297,0.0437132125663811,0.732373913078031,0.744072709103959,8.01587535856089,0.359059306002914,1.44461350161049,1050,635.670789330561,0.605400751743391,5,0,1,0,0,0,0,0,0,0,0
190.3,UrbanCanyon,7,3.30640878534641,28.6729221089312,4.46955389559179,0.662439302681778,271,0,0.626159332796791,0.626159332796791,NaN,0.529392111137351,2.05781160009446,1050,695.749896102992,0.662618948669516,3,1,0,0,0,0,0,0,0,0,0
190.4,UrbanCanyon,9,3.29341223343455,29.8591622621716,5.07198364484962,0.611895267213658,384,0.221761118870022,0.685519829033151,0.755259303609195,5.54524604881952,0.427244444828346,1.69008000138205,1050,586.885274133375,0.5589383563175,5,0,1,0,0,0,0,0,0,0,0
190.5,UrbanCanyon,9,3.33067456697561,29.4863047352089,3.95311615839184,0.765025732035827,322,0,0.736967240464004,0.736967240464004,NaN,0.352965581472802,1.42267609330209,1050,439.273093579491,0.418355327218563,3,1,0,0,0,0,0,0,0,0,0
190.6,UrbanCanyon,7,2.70973532673966,31.3143887677021,4.98464216199816,0.79488056439538,335,0,0.767694978144905,0.767694978144905,NaN,0.314914057947741,1.28569060861187,1050,225.383527129971,0.21465097821902,3,1,0,0,0,0,0,0,0,0,0
190.7,UrbanCanyon,6,3.43659007950943,30.5893740600322,4.69435911053434,0.75375006796341,373,0,0.771487545535485,0.771487545535485,NaN,0.310544854613493,1.26996147660857,1050,266.791150835412,0.25408681031944,3,1,0,0,0,0,0,0,0,0,0
190.8,UrbanCanyon,9,2.85065054627653,30.7812836750923,4.71947466917128,0.708666229421219,252,0.241712591697759,0.641456373712217,0.72812088285895,5.29999834871783,0.501383829878984,1.95698178756434,1050,628.652630505458,0.598716790957579,5,0,1,0,0,0,0,0,0,0,0
190.9,UrbanCanyon,8,3.25436232555964,29.0408935560493,5.93856363615355,0.794430472555804,353,0,0.782243416612389,0.782243416612389,NaN,0.3,1.22676136647781,1050,108.751692568115,0.103573040541061,3,1,0,0,0,0,0,0,0,0,1
191,UrbanCanyon,10,2.80486026039166,28.8827710838306,6.15711485433144,0.772359546743771,354,0.233964493661924,0.768280896318327,0.822494939083004,5.39448317576506,0.314234357527595,1.28324368709934,1050,594.007128885194,0.565721075128756,5,0,1,0,0,0,0,0,0,0,0
191.1,UrbanCanyon,8,2.52083677669478,29.1072409764877,4.97012432973099,0.768915593393424,395,0,0.799798447573594,0.799798447573594,NaN,0.3,1.16072595434549,1050,143.800812373414,0.136953154641346,3,1,0,0,0,0,0,0,0,0,1
191.2,UrbanCanyon,9,3.27916762110416,29.512856078464,4.26434908138608,0.62859083102035,267,0.224927204433335,0.600180856783634,0.690111058946223,5.5059027074202,0.579638368205672,2.23869812554042,1050,623.151592985598,0.593477707605331,5,0,1,0,0,0,0,0,0,0,0
191.3,UrbanCanyon,9,3.16835794741869,29.0080197015623,4.8253353725864,0.770025753451002,281,0,0.706492254812171,0.706492254812171,NaN,0.395366991213109,1.57532116836719,1050,442.477413573241,0.421407060545944,3,1,0,0,0,0,0,0,0,0,0
191.4,UrbanCanyon,9,3.4640347384362,30.6487255642849,6.13555633806728,0.7429363252233,313,0.217201385475618,0.714742337899611,0.776700697325351,5.60218936721033,0.383429834467449,1.53234740408282,1050,798.705546965983,0.760671949491412,5,0,1,0,0,0,0,0,0,0,0
191.5,UrbanCanyon,9,2.70979022935533,29.1014379651992,4.70257411197963,0.719625448224066,365,0,0.742024050310124,0.742024050310124,NaN,0.346378976545983,1.39896431556554,1050,646.017226491824,0.615254501420784,3,1,0,0,0,0,0,0,0,0,0
191.6,UrbanCanyon,8,3.28922585971281,28.0689209337113,6.05307050936935,0.773809799342958,378,0.193245063230161,0.789052565559782,0.829817115866422,5.90682822402006,0.3,1.20048938087219,1050,247.694903073215,0.235899907688777,5,0,1,0,0,0,0,0,0,0,1
191.7,UrbanCanyon,10,2.82760435160125,30.811957862465,5.85135695023256,0.772835544383717,326,0,0.745499814737091,0.745499814737091,NaN,0.341925860747138,1.3829330986897,1050,775.090892725635,0.738181802595842,3,1,0,0,0,0,0,0,0,0,0
191.8,UrbanCanyon,6,2.80674213275927,26.2085190621243,6.17015248404117,0.75125277988059,349,0.170361862407818,0.750014362519996,0.792602381296295,6.2063955147794,0.336232047365711,1.36243537051656,1050,513.525618745806,0.489072017853148,5,0,1,0,0,0,0,0,0,0,0
191.9,UrbanCanyon,5,2.86427108740196,28.1691450009822,5.18408557908881,0.900518271674477,312,0,0.8194972420219,0.8194972420219,NaN,0.3,1.0932312107393,850,604.296662415209,0.710937249900246,3,1,0,0,0,0,0,0,0,0,1
192,UrbanCanyon,10,3.03753015593705,28.6019581361987,6.35397165728503,0.757124613509717,370,0.224639287274548,0.77127349105151,0.822654451002495,5.50947387870497,0.310789539739409,1.27084234306187,850,342.841127833545,0.403342503333583,5,0,1,0,0,0,0,0,0,0,0
192.1,UrbanCanyon,7,2.95307135139655,28.5999614917519,5.42898297803222,0.814089693065876,342,0,0.786340094354137,0.786340094354137,NaN,0.3,1.21085499752539,850,522.269189163765,0.614434340192664,3,1,0,0,0,0,0,0,0,0,1
192.2,UrbanCanyon,6,2.62646963318791,30.8071357735057,4.86675326674518,0.901767686671974,359,0.213328121743033,0.859109350070223,0.889165287790897,5.65082115232276,0.3,0.978651577138716,850,260.435368561861,0.306394551249248,5,0,1,0,0,0,0,0,0,0,1
192.3,UrbanCanyon,9,3.63862073235392,31.5208727347744,6.16348228266983,0.679789725790284,335,0,0.69058411627949,0.69058411627949,NaN,0.41934547274636,1.6616437018869,1000,788.371829150212,0.788371829150212,3,1,0,0,0,0,0,0,0,0,0
192.4,UrbanCanyon,10,3.37002833370425,27.98086693406,4.63247978811905,0.829115046929577,316,0.221679500939013,0.774957081442816,0.824844483318432,5.54626239406836,0.306610787981838,1.25579883673462,1000,571.570257630301,0.571570257630301,5,0,1,0,0,0,0,0,0,0,0
192.5,UrbanCanyon,9,2.71624537247431,30.2001685206205,5.04975344809009,0.778192737629925,300,0,0.72763913421205,0.72763913421205,NaN,0.365451103031905,1.46762397091486,1000,508.1640865307,0.5081640865307,3,1,0,0,0,0,0,0,0,0,0
192.6,UrbanCanyon,9,2.92298422122942,29.6278501735269,3.72740439664249,0.82717435865249,326,0.238802861421664,0.781906820297168,0.833988095666754,5.33536867023877,0.3,1.22808171529602,1000,209.27264617092,0.20927264617092,5,0,1,0,0,0,0,0,0,0,1
192.7,UrbanCanyon,7,2.83023820523636,29.363060362971,4.5236757328196,0.830354773751984,326,0,0.784037698413829,0.784037698413829,NaN,0.3,1.21975744135756,1000,470.158948506096,0.470158948506096,3,1,0,0,0,0,0,0,0,0,1
192.8,UrbanCanyon,10,3.42481810408777,28.1040349115472,6.42567844014013,0.812195392571196,344,0.211364318338944,0.786720913022702,0.831800501857611,5.67556990711198,0.3,1.20939172047683,1000,216.514752144706,0.216514752144706,5,0,1,0,0,0,0,0,0,0,1
192.9,UrbanCanyon,7,2.96468410103918,25.8941166007036,3.98155562585368,0.768597898090173,301,0,0.722035591720416,0.722035591720416,NaN,0.373160530675548,1.49537791043197,1000,733.97521740062,0.73397521740062,3,1,0,0,0,0,0,0,0,0,0
193,UrbanCanyon,8,3.11179965991074,28.254319427928,5.35336116069511,0.773376275316637,335,0.202658602851585,0.753287104462147,0.803285595177317,5.78602642885269,0.332168132061679,1.34780527542204,1000,715.422275298277,0.715422275298277,5,0,1,0,0,0,0,0,0,0,0
193.1,UrbanCanyon,7,2.90443222962579,30.8287339978262,5.85762155702995,0.918816401858602,346,0,0.859806989245263,0.859806989245263,NaN,0.3,0.9768867223803,1000,274.965680357872,0.274965680357872,3,1,0,0,0,0,0,0,0,0,1
193.2,UrbanCanyon,6,2.78701419277727,28.4895118784885,5.71355024878379,0.72204899264905,317,0.188328285028189,0.704047825074863,0.759783990628877,5.97048778308225,0.398969224607297,1.58828920858627,1000,733.707413109047,0.733707413109047,5,0,1,0,0,0,0,0,0,0,0
193.3,UrbanCanyon,7,2.93978950684896,28.9496560768592,5.6966362372163,0.91126282295015,321,0,0.8341210913766,0.8341210913766,NaN,0.3,1.04764231093481,1000,537.370651796219,0.537370651796219,3,1,0,0,0,0,0,0,0,0,1
193.4,UrbanCanyon,6,3.19370242619306,28.6024247102531,4.22289740187034,0.797607239728819,337,0,0.771171850618309,0.771171850618309,NaN,0.310905804873624,1.27126089754505,1000,263.213643527302,0.263213643527302,3,1,0,0,0,0,0,0,0,0,0
193.5,UrbanCanyon,6,2.61899591630763,27.8672430834341,4.67174439366289,0.77708363580952,370,0,0.784646035992379,0.784646035992379,NaN,0.3,1.21739596832416,1000,557.291333662304,0.557291333662304,3,1,0,0,0,0,0,0,0,0,1
193.6,UrbanCanyon,5,3.30352717607174,29.3400303460343,5.31203316267224,0.837170964470019,338,0.170866713897386,0.798504546194913,0.832933412251851,6.19969604898656,0.3,1.16540376113706,1000,530.913401734149,0.530913401734149,5,0,1,0,0,0,0,0,0,0,1
193.7,UrbanCanyon,7,3.61521323284068,30.1630382096332,4.58614669547463,0.851252664300012,340,0,0.809589285081008,0.809589285081008,NaN,0.3,1.12630616320365,1000,218.470300469454,0.218470300469454,3,1,0,0,0,0,0,0,0,0,1
193.8,UrbanCanyon,8,3.15616320984591,26.9162773982896,4.63994909916276,0.708199771615109,346,0.196949747323095,0.718693846982123,0.774097022739426,5.85911766659553,0.377832879314293,1.51219836553145,1000,536.886158787397,0.536886158787397,5,0,1,0,0,0,0,0,0,0,0
193.9,UrbanCanyon,8,3.61653677124076,29.5824963114717,4.46580833409832,0.765577439791605,322,0,0.737336884660376,0.737336884660376,NaN,0.352479780399792,1.42092720943925,1000,617.326586555033,0.617326586555033,3,1,0,0,0,0,0,0,0,0,0
194,UrbanCanyon,6,2.93355465222171,27.9971410354074,4.44858025862663,0.812924415264095,296,0.188349940610224,0.747609358226944,0.795147120615475,5.97020655125941,0.339252590136538,1.37330932449154,1000,311.143798731778,0.311143798731778,5,0,1,0,0,0,0,0,0,0,0
194.1,UrbanCanyon,7,3.45066704055822,28.064311163702,4.73613324407697,0.760187269116659,388,0,0.788175470308162,0.788175470308162,NaN,0.3,1.20382668241252,1000,193.292810534529,0.193292810534529,3,1,0,0,0,0,0,0,0,0,1
194.2,UrbanCanyon,10,2.61177718951384,28.0067082976258,5.33964692427633,0.743572088485199,282,0.238361697311101,0.689593299285084,0.76358236732423,5.34074323298261,0.420880799621799,1.66717087863848,1000,283.918847039339,0.283918847039339,5,0,1,0,0,0,0,0,0,0,0
194.3,UrbanCanyon,8,3.14395062023906,27.8197556591309,4.88698461703577,0.672374235205547,390,0,0.730990737587716,0.730990737587716,NaN,0.360914958159002,1.45129384937241,1000,761.472229309776,0.761472229309776,3,1,0,0,0,0,0,0,0,0,0
194.4,UrbanCanyon,9,2.71183025492398,30.6330241194798,5.22618518030581,0.834851505550731,334,0.241791649504418,0.79365050871899,0.843544092590223,5.29903922208985,0.3,1.18322101296739,1000,503.898517647202,0.503898517647202,5,0,1,0,0,0,0,0,0,0,1
194.5,UrbanCanyon,9,3.04589102788762,30.7105675660984,4.60883160037653,0.819212961185093,387,0,0.826897683994013,0.826897683994013,NaN,0.3,1.06967970625973,1000,309.57645675804,0.30957645675804,3,1,0,0,0,0,0,0,0,0,1
194.6,UrbanCanyon,5,2.62219769911265,28.8284226796571,5.36914012150849,0.806213706185344,325,0,0.76703818314418,0.76703818314418,NaN,0.315678020281911,1.28844087301488,1000,719.868059370587,0.719868059370587,3,1,0,0,0,0,0,0,0,0,0
194.7,UrbanCanyon,9,3.50041704230317,27.4699782658685,5.76939713233621,0.82805409712888,321,0,0.778371245076349,0.778371245076349,NaN,0.302798262522519,1.24207374508107,1000,496.714534038871,0.496714534038871,3,1,0,0,0,0,0,0,0,0,0
194.8,UrbanCanyon,8,2.84169826208426,30.6802679600747,5.58038899358017,0.809533795682175,262,0.224823564288128,0.717287643107057,0.780848042852026,5.50718805186369,0.379815691849907,1.51933649065966,1000,345.49031649949,0.34549031649949,5,0,1,0,0,0,0,0,0,0,0
194.9,UrbanCanyon,8,3.15360565921942,30.3095877813084,3.61379396356618,0.76300342994876,402,0,0.80161229806567,0.80161229806567,NaN,0.3,1.15421912250906,1000,842.599352383406,0.842599352383406,3,1,0,0,0,0,0,0,0,0,1
195,UrbanCanyon,7,3.04613911803103,29.2819435676728,3.90489858024806,0.93672015789351,364,0,0.886652505788652,0.886652505788652,NaN,0.3,0.915628889995924,750,230.596845252207,0.307462460336276,3,1,0,0,0,0,0,0,0,0,1
195.1,UrbanCanyon,7,2.49929769123711,27.3960691011577,6.50969687813743,0.781142681872793,313,0,0.740340596854771,0.740340596854771,NaN,0.348557514104341,1.40680705077563,950,874.573212328101,0.920603381398001,3,1,0,0,0,0,0,0,0,0,0
195.2,UrbanCanyon,9,2.8205951809296,26.5064005909227,4.4132427733006,0.821245094353755,312,0.216335147892316,0.766384213217016,0.816923519000693,5.61304480343167,0.316440839585581,1.29118702250809,950,592.12315414393,0.623287530677821,5,0,1,0,0,0,0,0,0,0,0
195.3,UrbanCanyon,8,2.77246590659891,30.339222847094,6.2141257560662,0.872086944095018,343,0,0.826023252543662,0.826023252543662,NaN,0.3,1.07241117789938,950,233.989269386054,0.246304494090583,3,1,0,0,0,0,0,0,0,0,1
195.4,UrbanCanyon,9,3.44338816729279,29.3152455447927,4.38103606011573,0.721580102721541,321,0.218951240455046,0.707033668823432,0.771179010446106,5.58029731829369,0.394573178007646,1.57246344082753,950,270.950184627165,0.285210720660174,5,0,1,0,0,0,0,0,0,0,0
195.5,UrbanCanyon,10,3.14050811070335,29.0234355195989,4.72832227854096,0.82243871839876,292,0,0.750683941327169,0.750683941327169,NaN,0.335396242780386,1.35942647400939,950,811.653003661027,0.854371582801081,3,1,0,0,0,0,0,0,0,0,0
195.6,UrbanCanyon,8,2.41710733919939,29.9620105881629,6.34114308944978,0.688067310280908,313,0.229505470153889,0.677980097888208,0.751885426921284,5.44929456418224,0.43924204339022,1.73327135620479,950,763.586947955582,0.803775734690086,5,0,1,0,0,0,0,0,0,0,0
195.7,UrbanCanyon,7,2.9799861322079,28.926875315535,5.4443155892979,0.853795507300803,312,0,0.788192989891538,0.788192989891538,NaN,0.3,1.20375988577977,950,208.967690293181,0.219965989782296,3,1,0,0,0,0,0,0,0,0,1
195.8,UrbanCanyon,8,2.92449943457764,26.9871691336775,5.10370129300859,0.793856600256696,297,0.200787948677632,0.735658922171986,0.788735424940307,5.80991922383126,0.35469051356819,1.42888584884548,950,832.029997580518,0.875821050084756,5,0,1,0,0,0,0,0,0,0,0
195.9,UrbanCanyon,8,3.2889325552657,28.8360269286792,5.71527378672601,0.893111541193809,356,0,0.850834732599852,0.850834732599852,NaN,0.3,1.00025249298702,800,25.770799648647,0.0322134995608087,3,1,0,0,0,0,0,0,0,0,1
196,UrbanCanyon,9,2.71798116621168,29.7707957821766,5.7095954767963,0.784848652072355,279,0.233241912284046,0.714773596888478,0.78130034858411,5.40334372062261,0.383385252579841,1.53218690928743,950,598.119960070566,0.629599957969017,5,0,1,0,0,0,0,0,0,0,0
196.1,UrbanCanyon,8,3.0001430772818,27.8843579803244,4.41451004235305,0.749976571433455,323,0,0.727709302860415,0.727709302860415,NaN,0.365355559371903,1.46728001373885,950,254.876314219113,0.26829085707275,3,1,0,0,0,0,0,0,0,0,0
196.2,UrbanCanyon,7,2.86906386506191,28.7276482919823,5.93696448557566,0.849038513465695,341,0.197814234323453,0.808930804022016,0.846727010727198,5.84801602123255,0.3,1.12856693886506,950,126.371892175099,0.133023044394841,5,0,1,0,0,0,0,0,0,0,1
196.3,UrbanCanyon,9,2.65513885343078,28.3519298189829,5.2567490405864,0.825585337538825,368,0,0.815492176151013,0.815492176151013,NaN,0.3,1.1063882335534,950,340.957161907441,0.358902275692044,3,1,0,0,0,0,0,0,0,0,1
196.4,UrbanCanyon,11,3.42951060484697,28.9908523674702,6.3203516576915,0.804856165371338,302,0.229067899238179,0.747153630798797,0.805072617421717,5.45469043188027,0.339828216045578,1.37538157776408,950,378.969224007805,0.398914972639795,5,0,1,0,0,0,0,0,0,0,0
196.5,UrbanCanyon,6,3.3758558329249,30.2053466317664,4.32493546036024,0.700591685844609,322,0,0.693796429515888,0.693796429515888,NaN,0.414401566443047,1.64384563919497,950,552.193277406361,0.58125608148038,3,1,0,0,0,0,0,0,0,0,0
196.6,UrbanCanyon,8,2.66653649388702,31.1058406044991,5.65188590109166,0.816796142475638,281,0.232474307146724,0.737828415458678,0.79877657292848,5.41276551351921,0.351834849352269,1.41860545766817,950,161.045993913602,0.169522098856423,5,0,1,0,0,0,0,0,0,0,0
196.7,UrbanCanyon,8,3.02600122445588,25.4652468028203,5.53211505774642,0.823271393184673,316,0,0.771041833433731,0.771041833433731,NaN,0.311054605093469,1.27179657833649,950,411.471862049063,0.433128275841119,3,1,0,0,0,0,0,0,0,0,0
196.8,UrbanCanyon,8,2.72050016902642,27.5379611544331,6.20794601040437,0.816864148735963,281,0.204431765683045,0.737873979653095,0.791460864824083,5.76343052363358,0.351775126357265,1.41839045488615,950,347.679587595246,0.365978513258154,5,0,1,0,0,0,0,0,0,0,0
196.9,UrbanCanyon,8,2.82387973168372,29.3547323139998,4.55229090335865,0.786424325361001,275,0,0.712529297991871,0.712529297991871,NaN,0.386598511282617,1.54375464061742,950,584.749497755424,0.615525787110973,3,1,0,0,0,0,0,0,0,0,0
197,UrbanCanyon,8,2.83712244777014,30.8229757818083,5.74088287674258,0.800810745505148,385,0.225038516821524,0.812918199488449,0.855018810399869,5.50452240328147,0.3,1.11499640074379,950,323.344934770771,0.34036308923239,5,0,1,0,0,0,0,0,0,0,1
197.1,UrbanCanyon,9,2.5467284983701,29.767312612247,4.22159426364415,0.86719386707316,323,0,0.806244890939017,0.806244890939017,NaN,0.3,1.1378693805851,950,182.240960596415,0.191832590101489,3,1,0,0,0,0,0,0,0,0,1
197.2,UrbanCanyon,6,2.660088105826,30.765327447999,5.89861551322614,0.715643556297797,362,0.206213648365144,0.736881182719524,0.791139873984453,5.7407741763342,0.353078780017691,1.42308360806369,950,782.600871477084,0.823790391028509,5,0,1,0,0,0,0,0,0,0,0
197.3,UrbanCanyon,6,3.23263208369222,30.6107728727,6.59164286867722,0.818345002282299,309,0,0.76196615152914,0.76196615152914,NaN,0.32165028254462,1.30994101716063,950,552.763957352328,0.581856797212977,3,1,0,0,0,0,0,0,0,0,0
197.4,UrbanCanyon,8,3.13602117388185,26.4629252503103,4.96167488929533,0.871633317624171,376,0.192487779785692,0.852944322808194,0.881250743615726,5.91660788636353,0.3,0.994628349749065,950,233.497345369734,0.245786679336562,5,0,1,0,0,0,0,0,0,0,1
197.5,UrbanCanyon,8,2.81304453123942,29.2743833001602,4.16896342488625,0.784160465465053,405,0,0.818262511861585,0.818262511861585,NaN,0.3,1.09725663135374,950,186.560310814157,0.196379274541218,3,1,0,0,0,0,0,0,0,0,1
197.6,UrbanCanyon,5,5.11319422914981,21.0582406448874,8.56048462658505,0.873111778235102,357,0.0702883148466067,0.838259891417518,0.849628331092888,7.6149105400861,0.3,1.03543876451846,950,183.089273963437,0.19272555154046,5,0,1,0,0,0,0,0,0,0,1
197.7,UrbanCanyon,7,3.15908814063787,29.5143251130247,4.75899734996392,0.83676283249994,341,0,0.80070609777496,0.80070609777496,NaN,0.3,1.15746253517675,950,604.957803661523,0.636797688064762,3,1,0,0,0,0,0,0,0,0,1
197.8,UrbanCanyon,6,3.41956662271342,26.3833407881887,4.71607548099538,0.741190580060809,368,0.163616325198351,0.758947688640742,0.798387782005913,6.29630121179769,0.325265542029102,1.32295595130477,950,470.283439433499,0.495035199403683,5,0,1,0,0,0,0,0,0,0,0
197.9,UrbanCanyon,10,3.10335753092218,28.8121732028898,4.82161570922703,0.820002928855909,330,0,0.780401962333459,0.780401962333459,NaN,0.300558245367488,1.23400968332296,950,81.1304014864847,0.0854004226173524,3,1,0,0,0,0,0,0,0,0,0
198,UrbanCanyon,8,2.67998182539511,32.9647803694399,4.34859639961604,0.844887457771158,315,0.252132709820063,0.784699596706676,0.838983870814374,5.17444386976865,0.3,1.21718837292441,950,721.113562876626,0.759066908291185,5,0,1,0,0,0,0,0,0,0,1
198.1,UrbanCanyon,10,2.98741315274231,29.9793627643779,4.28182130444035,0.857620369216041,276,0,0.761055647374747,0.761055647374747,NaN,0.322736009128753,1.31384963286351,950,212.316649906789,0.223491210428199,3,1,0,0,0,0,0,0,0,0,0
198.2,UrbanCanyon,7,2.87530366289782,27.4205479001972,4.16052585760393,0.721083102291665,344,0.199577472185572,0.725675678535415,0.78042463317234,5.82540978426271,0.368134583367512,1.47728450012304,950,593.694484274139,0.62494156239383,5,0,1,0,0,0,0,0,0,0,0
198.3,UrbanCanyon,8,2.85087722526014,27.7075460918463,4.55155184121248,0.838896209096536,363,0,0.820285460094679,0.820285460094679,NaN,0.3,1.09067584268043,950,600.347178766938,0.63194439870204,3,1,0,0,0,0,0,0,0,0,1
198.4,UrbanCanyon,10,2.95541656395708,27.7884767792874,5.78244169570052,0.735819962050343,280,0,0.68274937457373,0.68274937457373,NaN,0.431619898333399,1.70583163400023,950,524.799369506253,0.55242038895395,3,1,0,0,0,0,0,0,0,0,0
198.5,UrbanCanyon,10,3.05423390378734,29.066923571478,5.12843171332539,0.756430160029425,376,0,0.775758207219715,0.775758207219715,NaN,0.305710954073291,1.25255943466385,950,299.202735397716,0.314950247787069,3,1,0,0,0,0,0,0,0,0,0
198.6,UrbanCanyon,8,3.32785357715006,29.3481115341108,7.233972699802,0.675819988827055,355,0.195379512985825,0.704424392514127,0.762173810755206,5.87931302498342,0.398412349351608,1.58628445766579,950,846.690709239826,0.891253378147185,5,0,1,0,0,0,0,0,0,0,0
198.7,UrbanCanyon,8,2.93913761530974,30.1057889585921,6.6527588314854,0.686503209245378,332,0,0.692607150194403,0.692607150194403,NaN,0.416225910279015,1.65041327700445,950,516.668663079634,0.543861750610141,3,1,0,0,0,0,0,0,0,0,0
198.8,UrbanCanyon,9,2.5711389244624,29.6720359323337,4.79255028249571,0.85978900236734,396,0.242419037195167,0.861508631586118,0.895081575776852,5.29143132163438,0.3,0.972618732126347,950,243.693948947584,0.256519946260615,5,0,1,0,0,0,0,0,0,0,1
198.9,UrbanCanyon,9,3.36449070900352,31.0161882621305,5.14502282509067,0.707097254664707,318,0,0.694855160625354,0.694855160625354,NaN,0.412783432492446,1.63802035697281,950,744.612000104662,0.783802105373328,3,1,0,0,0,0,0,0,0,0,0
199,UrbanCanyon,6,2.64654390275509,29.2049056822925,5.12906455713639,0.875844880606619,294,0.20055886857582,0.788116070006435,0.830611271275343,5.81284898090218,0.3,1.20405319810566,950,476.109166502459,0.501167543686799,5,0,1,0,0,0,0,0,0,0,1
199.1,UrbanCanyon,9,2.88822937653263,27.9688235058236,4.36213216572429,0.802945020979017,351,0,0.786298164055941,0.786298164055941,NaN,0.3,1.21101627217275,950,299.498814166803,0.315261909649267,3,1,0,0,0,0,0,0,0,0,1
199.2,UrbanCanyon,9,3.02517239602801,32.1991488219038,5.85342623356253,0.76037819789919,319,0.239743547101899,0.731378392592458,0.795778689580556,5.32391899338562,0.36039391991553,1.44941811169591,950,775.947332283251,0.816786665561317,5,0,1,0,0,0,0,0,0,0,0
199.3,UrbanCanyon,6,2.57169495362661,30.5711878473175,5.75822827070486,0.817005840239296,337,0,0.784168912960328,0.784168912960328,NaN,0.3,1.21924752319454,950,363.222346806827,0.382339312428239,3,1,0,0,0,0,0,0,0,0,1
199.4,UrbanCanyon,10,2.76175479780149,26.2240148432787,5.72608722068847,0.817972900728442,369,0.219890811036143,0.811216843488056,0.852728524883431,5.56856277364677,0.3,1.12075172164352,950,377.988177627077,0.397882292239028,5,0,1,0,0,0,0,0,0,0,1
199.5,UrbanCanyon,9,3.32928730233912,29.148017420785,4.54922856938442,0.290665655169492,142,0,0.27064598896356,0.27064598896356,NaN,1.50989318353736,5.58761546073449,1450,1164.22908548839,0.802916610681646,3,1,0,0,0,0,0,0,0,0,0
199.6,UrbanCanyon,9,3.15545391069526,30.9670601768257,5.70845492957276,0.771618140949615,292,0,0.716634154436242,0.716634154436242,NaN,0.380740506080159,1.52266582188857,1000,846.092399981713,0.846092399981713,3,1,0,0,0,0,0,0,0,0,0
199.7,UrbanCanyon,9,2.75599577286426,28.6049441862944,5.10689322309369,0.855646800344712,314,0,0.791083356230957,0.791083356230957,NaN,0.3,1.19281547639349,1000,579.794001565641,0.579794001565641,3,1,0,0,0,0,0,0,0,0,1
199.8,UrbanCanyon,7,2.79737816261018,28.9720297504327,4.4499424447507,0.704190749265932,275,0.210129000891125,0.657432802008174,0.729416105060269,5.69116956186602,0.473380712849927,1.85617056625974,1000,505.090114903672,0.505090114903672,5,0,1,0,0,0,0,0,0,0,0
199.9,UrbanCanyon,9,2.71709664739518,30.2106584673561,4.89051194658128,0.801582779738431,361,0,0.793635462424749,0.793635462424749,NaN,0.3,1.18327690131783,1000,206.057427350287,0.206057427350287,3,1,0,0,0,0,0,0,0,0,1
200,UrbanCanyon,8,3.45978076410597,28.3565050561552,4.65883335700853,0.730621193368181,274,0.198991490084503,0.674316199556681,0.739124504303281,5.83291706365636,0.445174844678009,1.75462944084083,1000,719.726323272255,0.719726323272255,5,0,1,0,0,0,0,0,0,0,0
200.1,UrbanCanyon,7,3.60706530169951,30.2466245841792,4.26972765522644,0.771810999074564,324,0,0.743163369379958,0.743163369379958,NaN,0.34491263707064,1.3936854934543,1000,120.831560225795,0.120831560225795,3,1,0,0,0,0,0,0,0,0,0
200.2,UrbanCanyon,6,6.76869423105238,19.2089172110142,10.0319580542991,0.799410006960129,299,0.0554949920492801,0.741029704663287,0.755401259143997,7.83671768035192,0.347664034666961,1.40359052480106,1000,578.372651439137,0.578372651439137,5,0,1,0,0,0,0,0,0,0,0
200.3,UrbanCanyon,8,2.98122636486739,29.8061236280221,6.15288082924486,0.835087879955602,309,0,0.773183879570253,0.773183879570253,NaN,0.308613881217003,1.26300997238121,1000,294.918658917007,0.294918658917007,3,1,0,0,0,0,0,0,0,0,0
200.4,UrbanCanyon,10,2.89763683281898,30.4134210778731,7.00469564479068,0.760213029106257,334,0.237503693766361,0.743642729501192,0.804528528168521,5.35120493615955,0.344297625343998,1.39147145123839,1000,607.613900303289,0.607613900303289,5,0,1,0,0,0,0,0,0,0,0
200.5,UrbanCanyon,6,2.70411362587054,27.4513078811013,4.08466914050918,0.838935056837616,359,0,0.817011488081203,0.817011488081203,NaN,0.3,1.1013631594483,1000,399.471218662877,0.399471218662877,3,1,0,0,0,0,0,0,0,0,1
200.6,UrbanCanyon,8,3.4229020068924,30.9199929858186,5.33002999520243,0.731869389700327,298,0.21274131001738,0.694952491099219,0.75984869776031,5.65820995962521,0.41263495671643,1.63748584417915,1000,627.831524169744,0.627831524169744,5,0,1,0,0,0,0,0,0,0,0
200.7,UrbanCanyon,7,3.06587738799523,28.9198445036104,4.9205577768167,0.77970130623231,332,0,0.755049875175648,0.755049875175648,NaN,0.330001409128664,1.34000507286319,1000,371.349616888487,0.371349616888487,3,1,0,0,0,0,0,0,0,0,0
200.8,UrbanCanyon,6,3.29819414853583,28.4977173652774,4.77978374169317,0.834161499212953,379,0.180052426422141,0.830313204472679,0.86086572373917,6.07851218732975,0.3,1.05914247718698,1000,769.238228942976,0.769238228942976,5,0,1,0,0,0,0,0,0,0,1
200.9,UrbanCanyon,8,3.16871872945752,29.7357632472954,4.23007950376348,0.764668642138838,339,0,0.750752990233022,0.750752990233022,NaN,0.33531017969445,1.35911664690002,1000,357.713529565337,0.357713529565337,3,1,0,0,0,0,0,0,0,0,0
201,UrbanCanyon,7,2.87739610273859,29.4699658100029,5.57559625245119,0.776089987214781,354,0.204379902209238,0.770780291433903,0.817628193055072,5.76409072006866,0.311354186987816,1.27287507315614,1000,662.571377139028,0.662571377139028,5,0,1,0,0,0,0,0,0,0,0
201.1,UrbanCanyon,8,3.83552967285477,29.0027857585554,5.94104997477402,0.758275385226925,318,0,0.72914450810204,0.72914450810204,NaN,0.363406743728215,1.46026427742157,1000,432.012771857491,0.432012771857491,3,1,0,0,0,0,0,0,0,0,0
201.2,UrbanCanyon,7,3.55438134088433,30.660673958165,6.0038062249611,0.826297765227076,341,0,0.793694502702141,0.793694502702141,NaN,0.3,1.18305762393785,1000,792.063904422469,0.792063904422469,3,1,0,0,0,0,0,0,0,0,1
201.3,UrbanCanyon,7,2.99803983225184,31.0926546093285,5.2555691388711,0.749284218340593,387,0,0.780045426288198,0.780045426288198,NaN,0.300950036241852,1.23542013047067,1000,207.371747008089,0.207371747008089,3,1,0,0,0,0,0,0,0,0,0
201.4,UrbanCanyon,8,5.34284725584707,22.0919988949967,9.52189435369269,0.747231614287398,344,0.105876123504093,0.743195181572557,0.770384680244827,7.09566005216055,0.34487178691888,1.39353843290797,1000,474.232969225946,0.474232969225946,5,0,1,0,0,0,0,0,0,0,0
201.5,UrbanCanyon,8,3.27365611235842,27.7375314019357,5.92738152296093,0.748170394714658,292,0,0.700924164458821,0.700924164458821,NaN,0.403615888511636,1.60501719864189,1000,896.040503702159,0.896040503702159,3,1,0,0,0,0,0,0,0,0,0
201.6,UrbanCanyon,8,3.15370235043186,26.8887084189161,5.55025600714646,0.796975373289759,278,0.191471508221966,0.722073500104138,0.775288506214051,5.9297465761349,0.373107848360911,1.49518825409928,1000,493.929719938576,0.493929719938576,5,0,1,0,0,0,0,0,0,0,0
201.7,UrbanCanyon,9,3.25475892613358,27.959236480956,4.21184238088414,0.646596184556992,329,0,0.663394443653185,0.663394443653185,NaN,0.463258251408873,1.81972970507194,1000,781.357575274801,0.781357575274801,3,1,0,0,0,0,0,0,0,0,0
201.8,UrbanCanyon,7,3.08692779789224,28.5027763464674,4.76004670857751,0.757900031640683,300,0.197004543447167,0.714043021199258,0.770377845253429,5.85841362595594,0.384428484312121,1.53594254352363,1000,600.246849372659,0.600246849372659,5,0,1,0,0,0,0,0,0,0,0
201.9,UrbanCanyon,9,3.50540924489834,30.9027419547716,4.10747394203344,0.818316602245448,312,0,0.76442212350445,0.76442212350445,NaN,0.318742339735382,1.29947242304737,1000,141.537570367081,0.141537570367081,3,1,0,0,0,0,0,0,0,0,0
202,UrbanCanyon,5,3.14898088148961,29.4731395009117,5.13099040811285,0.814971565865351,340,0.176642522285972,0.785280949129785,0.82320946385835,6.12334028886085,0.3,1.21493843725945,1000,160.127555428294,0.160127555428294,5,0,1,0,0,0,0,0,0,0,1
202.1,UrbanCanyon,8,3.07111730276828,31.3539482604169,5.55058447372872,0.731332282686487,320,0,0.712742629399947,0.712742629399947,NaN,0.386291992410141,1.54265117267651,1000,418.153230792224,0.418153230792224,3,1,0,0,0,0,0,0,0,0,0
202.2,UrbanCanyon,8,3.17151359940896,29.7514275126124,4.6607589141016,0.837550687101055,317,0.21513792888575,0.781433960357707,0.82845580545111,5.62806776539,0.3,1.22994002316425,1000,397.655716134681,0.397655716134681,5,0,1,0,0,0,0,0,0,0,1
202.3,UrbanCanyon,7,2.97271694140939,29.7190306742073,6.84552988075611,0.754600387155415,304,0,0.715132259394128,0.715132259394128,NaN,0.382874074094735,1.53034666674105,1000,775.043822440185,0.775043822440185,3,1,0,0,0,0,0,0,0,0,0
202.4,UrbanCanyon,9,3.47546255644815,26.6072936470141,5.17475434314499,0.751799354653109,334,0.195421213898162,0.738005567617583,0.789204837628315,5.87877618436086,0.351602706498462,1.41776974339446,1000,426.409590588028,0.426409590588028,5,0,1,0,0,0,0,0,0,0,0
202.5,UrbanCanyon,7,2.84408198775151,28.9076550296322,5.48249846509627,0.720953188025284,353,0,0.73301363597694,0.73301363597694,NaN,0.358204296435635,1.44153546716828,1000,413.739147416155,0.413739147416155,3,1,0,0,0,0,0,0,0,0,0
202.6,UrbanCanyon,9,3.11791636407965,29.0686366310229,5.30243155334906,0.764621741584946,288,0.219620453371086,0.708646566861914,0.772633739938923,5.57193789437399,0.392217057503373,1.56398140701214,1000,706.833208860342,0.706833208860342,5,0,1,0,0,0,0,0,0,0,0
202.7,UrbanCanyon,8,2.83959657332378,29.7823779586085,5.3995532596801,0.708010511395308,369,0,0.737542042634856,0.737542042634856,NaN,0.352210448460709,1.41995761445855,1000,654.062436814231,0.654062436814231,3,1,0,0,0,0,0,0,0,0,0
202.8,UrbanCanyon,10,3.40836474660478,30.3339332097812,3.7404076878021,0.724058899138535,273,0.242421617638217,0.669094462422818,0.749313118127723,5.29140004337516,0.453746186998109,1.78548627319319,1000,489.646381584993,0.489646381584994,5,0,1,0,0,0,0,0,0,0,0
202.9,UrbanCanyon,5,3.08911332413665,27.3949122232842,5.50659374860684,0.752794394348856,320,0,0.727122244213733,0.727122244213733,NaN,0.366155674007374,1.47016042642654,1000,391.115951612352,0.391115951612352,3,1,0,0,0,0,0,0,0,0,0
203,UrbanCanyon,7,2.98668544517643,28.5956778705406,6.25239308435935,0.707480522619852,288,0.192086816006001,0.670361950155301,0.733681073584397,5.92178970297058,0.451653109763541,1.77795119514875,1000,785.427539298969,0.785427539298969,5,0,1,0,0,0,0,0,0,0,0
203.1,UrbanCanyon,11,2.82594248304392,31.6015901124146,4.60632842198591,0.832141019781966,326,0,0.785234483253917,0.785234483253917,NaN,0.3,1.21511804464891,1000,288.856489649366,0.288856489649366,3,1,0,0,0,0,0,0,0,0,1
203.2,UrbanCanyon,8,2.75446779788811,27.4893471450142,5.2949542446073,0.788363157929512,347,0.207909136997081,0.773228315812773,0.820376220967514,5.71926348202168,0.308563491872778,1.262828570742,1000,318.61406784141,0.31861406784141,5,0,1,0,0,0,0,0,0,0,0
203.3,UrbanCanyon,9,2.7900640167412,29.7170802504925,4.84048408664631,0.731771439222064,319,0,0.712211864278783,0.712211864278783,NaN,0.387055027654735,1.54539809955704,1000,774.889093512665,0.774889093512665,3,1,0,0,0,0,0,0,0,0,0
203.4,UrbanCanyon,7,3.56744590375962,28.5573229927178,7.93694822099479,0.919336561789411,353,0.170475550909601,0.865930496398906,0.888786068885479,6.20488649310983,0.3,0.961771686162595,800,172.480246769995,0.215600308462494,5,0,1,0,0,0,0,0,0,0,1
203.5,UrbanCanyon,9,3.37963375198821,28.6630800185065,3.98222989696662,0.746584072752173,323,0,0.725436328743956,0.725436328743956,NaN,0.368463023933992,1.47846688616237,950,820.801178005536,0.864001240005828,3,1,0,0,0,0,0,0,0,0,0
203.6,UrbanCanyon,8,3.05860124687333,29.4824328639885,4.581453559534,0.717352312650446,394,0.216804908039693,0.764426049475799,0.815499638155746,5.60715641656571,0.318737715413947,1.29945577549021,950,141.899074906947,0.149367447270471,5,0,1,0,0,0,0,0,0,0,0
203.7,UrbanCanyon,8,3.08954593698818,29.4420090541254,4.61614432606552,0.716301243308086,313,0,0.696896833016418,0.696896833016418,NaN,0.409678824588693,1.6268437685193,950,571.916560987512,0.602017432618433,3,1,0,0,0,0,0,0,0,0,0
203.8,UrbanCanyon,7,2.899106890971,28.907189604452,7.10422940554477,0.756570573459146,401,0.192723704666062,0.796477284217628,0.835700935986905,5.9135601360647,0.3,1.17279346255489,950,626.807820120189,0.659797705389673,5,0,1,0,0,0,0,0,0,0,1
203.9,UrbanCanyon,8,3.26207806321111,28.0550781000156,5.90909253277596,0.842777107882744,349,0,0,0,NaN,NaN,NaN,1750,1750,0.999999999999999,0,1,0,0,0,1,0,0,1,0,0
204,UrbanCanyon,8,2.17484876027106,27.7734313942787,5.12816958781772,0.815199252500818,257,0,0.716958499175548,0.716958499175548,NaN,0.380281227972396,1.52101242070062,1000,749.529057340742,0.749529057340742,3,1,0,0,0,0,0,0,0,0,0
204.1,UrbanCanyon,9,3.13135782899317,29.0813303823822,5.37657723126832,0.820603167525608,366,0,0.810504122242157,0.810504122242157,NaN,0.3,1.12317818918494,1000,602.735108798692,0.602735108798692,3,1,0,0,0,0,0,0,0,0,1
204.2,UrbanCanyon,7,3.2091219627594,29.4298302322632,4.83397802941318,0.831634619908285,341,0.199526618717489,0.797270195338551,0.837720187775907,5.82606107313485,0.3,1.16989436328262,1000,226.891173487865,0.226891173487865,5,0,1,0,0,0,0,0,0,0,1
204.3,UrbanCanyon,9,3.12156025437076,29.2248712470088,4.19243414577686,0.744977857234975,313,0,0.716110164347433,0.716110164347433,NaN,0.381483596967103,1.52534094908157,1000,394.818402437879,0.394818402437879,3,1,0,0,0,0,0,0,0,0,0
204.4,UrbanCanyon,7,3.07523073192185,28.7263931950678,4.80201231126395,0.29330531057559,131,0.198528561638731,0.263339558085646,0.409587696035055,5.83885173207105,1.53667151670363,5.68401746013307,1400,1283.63194560166,0.91687996114404,5,0,1,0,0,0,0,0,0,0,0
204.5,UrbanCanyon,10,3.34683564826594,30.6442309576729,3.85793689312103,0.740534802480309,352,0,0.745308317661807,0.745308317661807,NaN,0.342169632630647,1.38381067747033,950,268.90150504249,0.2830542158342,3,1,0,0,0,0,0,0,0,0,0
204.6,UrbanCanyon,9,3.11687070787309,28.7390937765286,7.11447712801737,0.82594434535709,340,0.208585997196507,0.79263271138925,0.835886624070059,5.71068899066758,0.3,1.18701073147197,950,352.438970472169,0.370988389970704,5,0,1,0,0,0,0,0,0,0,1
204.7,UrbanCanyon,7,2.61517122536831,28.1476366451667,5.46963126704405,0.830352830922825,385,0,0.832711396718293,0.832711396718293,NaN,0.3,1.0518692910915,950,149.150825498041,0.157000868945306,3,1,0,0,0,0,0,0,0,0,1
204.8,UrbanCanyon,8,3.02428840510708,28.0248606476281,5.88131653341926,0.72934277498714,357,0.200614479052402,0.741934659241384,0.793706303139154,5.8121376888053,0.346494300252152,1.39937948090775,950,622.228562618393,0.65497743433515,5,0,1,0,0,0,0,0,0,0,0
204.9,UrbanCanyon,9,2.95481896745613,28.0880482260342,4.5097193244183,0.801005492446743,329,0,0.766848679939318,0.766848679939318,NaN,0.315898845115096,1.28923584241435,950,483.56196020651,0.509012589691063,3,1,0,0,0,0,0,0,0,0,0
205,UrbanCanyon,8,2.70547190803578,26.4983885976654,4.19218663114487,0.80642077212167,308,0.209731532613809,0.753151917321519,0.804923744024457,5.69619400435935,0.332334939805106,1.34840578329838,950,196.717068620018,0.207070598547387,5,0,1,0,0,0,0,0,0,0,0
205.1,UrbanCanyon,7,3.01961589512651,29.6894194401238,4.98440701072788,0.808796768920656,294,0,0.74319383517684,0.74319383517684,NaN,0.34487351572795,1.39354465662062,950,434.919954410911,0.457810478327275,3,1,0,0,0,0,0,0,0,0,0
205.2,UrbanCanyon,8,3.07905241265685,27.5838691367294,5.05652013449376,0.832172091868307,396,0.200806355922247,0.843005301551766,0.874530834846268,5.80968384587422,0.3,1.02182601806767,800,48.5976726102901,0.0607470907628626,5,0,1,0,0,0,0,0,0,0,1
205.3,UrbanCanyon,10,3.24186340420366,30.4030943574135,5.34505438775016,0.764737354268235,335,0,0.747499027359718,0.747499027359718,NaN,0.339391852960721,1.3738106706586,950,610.889226301949,0.643041290844157,3,1,0,0,0,0,0,0,0,0,0
205.4,UrbanCanyon,9,3.10621579530792,28.0827666371082,5.46365015373754,0.758891209972513,360,0.212514594023989,0.764207110681584,0.81431654082883,5.66106611700162,0.318995716632817,1.30038457987814,950,290.861760324258,0.306170274025535,5,0,1,0,0,0,0,0,0,0,0
205.5,UrbanCanyon,9,3.90051853728456,27.5251221310478,5.29522588071596,0.808185280278689,343,0,0.783209137786722,0.783209137786722,NaN,0.3,1.22298450145259,950,372.672086430157,0.392286406768586,3,1,0,0,0,0,0,0,0,0,1
205.6,UrbanCanyon,8,2.73395111268059,28.9505341176412,4.24836316747232,0.805435263536729,314,0.2246724477607,0.757441626569609,0.811937810053069,5.50906250609107,0.327086411302993,1.32951108069077,950,330.387561615931,0.347776380648348,5,0,1,0,0,0,0,0,0,0,0
205.7,UrbanCanyon,9,3.32071433448873,28.5313193571023,4.7818874485128,0.839244915302016,330,0,0.793294093252351,0.793294093252351,NaN,0.3,1.18454598695931,950,832.520888592233,0.876337777465509,3,1,0,0,0,0,0,0,0,0,1
205.8,UrbanCanyon,9,2.60540612864094,29.5061557798556,4.35438922340924,0.721790251420604,336,0.243047092977096,0.719549468451804,0.787712154868475,5.2838216276034,0.376631251614164,1.50787250581099,950,704.875417302169,0.741974123475967,5,0,1,0,0,0,0,0,0,0,0
205.9,UrbanCanyon,8,2.93055880878572,29.3628509113878,5.30802818336963,0.769808979097489,342,0,0.756672015995318,0.756672015995318,NaN,0.328021269499458,1.33287657019805,950,194.775793295947,0.205027150837839,3,1,0,0,0,0,0,0,0,0,0
206,UrbanCanyon,8,3.36426083468083,29.0492798611354,5.1252345792174,0.302701112810023,155,0.202945222326219,0.289434745582716,0.433640569117718,5.7823705489008,1.44225745196275,5.3441268270659,1400,1306.91693326806,0.933512095191472,5,0,1,0,0,0,0,0,0,0,0
206.1,UrbanCanyon,6,2.66606836257286,30.5203176308349,5.58823343018011,0.828388153010025,259,0,0.727445062516717,0.727445062516717,NaN,0.365715484866291,1.46857574551865,950,147.056431433745,0.154796243614468,3,1,0,0,0,0,0,0,0,0,0
206.2,UrbanCanyon,8,3.23128518949419,31.1722622434781,5.55657224405319,0.849691784741363,340,0.217748747772796,0.808543495776713,0.850232909824291,5.59533617288823,0.3,1.12990033708461,950,236.836546680266,0.249301628084491,5,0,1,0,0,0,0,0,0,0,1
206.3,UrbanCanyon,8,2.76816050592703,28.1568296741058,5.0995601291321,0.713879879184305,353,0,0.728274519053485,0.728274519053485,NaN,0.364586842489038,1.46451263296054,950,794.396160931099,0.836206485190631,3,1,0,0,0,0,0,0,0,0,0
206.4,UrbanCanyon,9,3.20023340016739,26.5192619485583,5.12870345184359,0.912538326350754,303,0.201690159492645,0.820125678655005,0.856404559215708,5.79838881160703,0.3,1.0911929433139,950,394.709071494485,0.415483233152089,5,0,1,0,0,0,0,0,0,0,1
206.5,UrbanCanyon,8,2.65903598513915,29.1817587304586,6.38083838643811,0.790127727380473,372,0,0.795035577344917,0.795035577344917,NaN,0.3,1.17809373098898,950,563.151399735046,0.592790947089523,3,1,0,0,0,0,0,0,0,0,1
206.6,UrbanCanyon,9,3.37585198802584,26.6126550562835,5.35432905128748,0.853617716063191,348,0.19673269162621,0.817773869762338,0.853623706848621,5.86190694961658,0.3,1.09885726287254,950,251.871152165223,0.265127528594971,5,0,1,0,0,0,0,0,0,0,1
206.7,UrbanCanyon,7,3.35425240671721,30.1934502244508,5.22195222227523,0.822538747060373,316,0,0.77055096053045,0.77055096053045,NaN,0.311617154283748,1.27382175542149,950,375.118305834201,0.394861374562316,3,1,0,0,0,0,0,0,0,0,0
206.8,UrbanCanyon,7,2.82649209274976,31.1716500224229,4.81656967587967,0.765774583807717,324,0.221467337124758,0.739118971151171,0.796895597916688,5.54890485730892,0.350147278033059,1.41253020091901,950,860.264399403154,0.905541473055952,5,0,1,0,0,0,0,0,0,0,0
206.9,UrbanCanyon,8,3.21866485959219,29.5036223858481,5.11687889364229,0.647100467477035,341,0,0.673632313209613,0.673632313209613,NaN,0.44628966745227,1.75864280282817,950,795.487771810956,0.837355549274691,3,1,0,0,0,0,0,0,0,0,0
207,UrbanCanyon,7,3.37207674008321,30.1112539006124,4.63634015515914,0.767865386415045,323,0.20129218917632,0.73969480889808,0.792092210668946,5.80347333656604,0.349396981286518,1.40982913263146,950,320.650597186929,0.337526944407294,5,0,1,0,0,0,0,0,0,0,0
207.1,UrbanCanyon,8,2.83359567904321,29.1790588883996,4.54618137377173,0.69695988484188,338,0,0.70456312284406,0.70456312284406,NaN,0.398207370959135,1.58554653545289,950,605.83156707865,0.637717439030158,3,1,0,0,0,0,0,0,0,0,0
207.2,UrbanCanyon,6,3.05631079256648,30.4538662808383,5.30478243867455,0.753764384030531,317,0.195994374256413,0.725297137300456,0.779137352981698,5.8714003698187,0.368654156938311,1.47915496497792,950,456.567848957304,0.480597735744531,5,0,1,0,0,0,0,0,0,0,0
207.3,UrbanCanyon,6,2.67895407436738,26.9515052286706,4.53161561284537,0.744965570043643,324,0,0.725176931929241,0.725176931929241,NaN,0.368819296859563,1.47974946869443,950,764.479814531732,0.804715594243928,3,1,0,0,0,0,0,0,0,0,0
207.4,UrbanCanyon,8,3.47071705077785,32.022283506266,5.00529394435636,0.769820324065013,382,0.220807162158807,0.789679617123559,0.83611986401066,5.55713182834409,0.3,1.19811197107964,950,487.638192423936,0.513303360446249,5,0,1,0,0,0,0,0,0,0,1
207.5,UrbanCanyon,9,2.70425613230052,27.2447086279227,5.63928909723949,0.710080190466172,299,0,0.681178727612335,0.681178727612335,NaN,0.434117509317224,1.71482303354201,1150,982.184157944331,0.854073180821157,3,1,0,0,0,0,0,0,0,0,0
207.6,UrbanCanyon,9,2.5366171213449,27.9805050506312,4.88390297410208,0.825380981953124,276,0.231805633102892,0.739455257908593,0.799850996800721,5.42098068265959,0.349708906578694,1.4109520636833,950,864.580957988091,0.910085218934833,5,0,1,0,0,0,0,0,0,0,0
207.7,UrbanCanyon,8,3.17703493390573,27.1119035795468,5.39699710741827,0.314421722544977,134,0,0.279962554105135,0.279962554105135,NaN,1.476134808727,5.46608531141721,1450,1156.07070856906,0.797290143840728,3,1,0,0,0,0,0,0,0,0,0
207.8,UrbanCanyon,8,3.44814764555362,28.5602796820931,5.54898860537452,0.789701300954975,275,0.195369670313652,0.714724871639833,0.770458979416244,5.87943973960929,0.383454747152274,1.53243708974819,950,775.066562189139,0.815859539146462,5,0,1,0,0,0,0,0,0,0,0
207.9,UrbanCanyon,10,3.63593240387712,28.6841768993975,4.47463528591715,0.701938249662118,376,0,0.739248627273619,0.739248627273619,NaN,0.34997819594673,1.41192150540823,950,462.584652031402,0.486931212664634,3,1,0,0,0,0,0,0,0,0,0
208,UrbanCanyon,5,5.24847552563175,18.2868642155275,13.6669699060254,0.908728094445753,353,0.0503480415724787,0.858822823278655,0.865930817641306,7.91471073716181,0.3,0.97937895704309,800,280.636738420571,0.350795923025713,5,0,1,0,0,0,0,0,0,0,1
208.1,UrbanCanyon,6,3.40522210207511,28.78881927598,4.75849969257497,0.728201549023177,288,0,0.684245037845529,0.684245037845529,NaN,0.429252990312929,1.69731076512654,1000,963.101255849695,0.963101255849695,3,1,0,0,0,0,0,0,0,0,0
208.2,UrbanCanyon,7,3.28223296774513,27.2299920730524,5.03192859169031,0.834535502180014,306,0.182001563413613,0.770338786460609,0.812137486380246,6.05297153806218,0.311860682510964,1.27469845703947,1000,726.037222203186,0.726037222203186,5,0,1,0,0,0,0,0,0,0,0
208.3,UrbanCanyon,7,2.88677953198738,28.8595503503787,5.25964001867478,0.652033863262744,356,0,0.689312688386039,0.689312688386039,NaN,0.421316513994777,1.6687394503812,1000,513.118591147635,0.513118591147635,3,1,0,0,0,0,0,0,0,0,0
208.4,UrbanCanyon,7,2.80079371316309,30.1508541868505,5.8778561217462,0.689056142026422,261,0.209486558973241,0.635742615157702,0.712049641288907,5.69929200355173,0.511708606030374,1.99415098170935,1000,423.777110610788,0.423777110610788,5,0,1,0,0,0,0,0,0,0,0
208.5,UrbanCanyon,7,2.97372965509834,26.6463941182666,5.64712839326562,0.772519136610765,278,0,0.705687821529213,0.705687821529213,NaN,0.396549145990552,1.57957692556599,1000,441.643909979236,0.441643909979236,3,1,0,0,0,0,0,0,0,0,0
208.6,UrbanCanyon,9,2.85023570896485,27.3494605042267,5.86766885719052,0.757901517561891,317,0.212530857742179,0.728069016766467,0.785862741879764,5.66086120006615,0.36486614910589,1.4655181367812,1000,636.101749722879,0.636101749722879,5,0,1,0,0,0,0,0,0,0,0
208.7,UrbanCanyon,8,3.09886582641024,31.064064041331,4.52005885134789,0.661910105194909,362,0,0.700879770480589,0.700879770480589,NaN,0.403682279269362,1.6052562053697,1000,617.305843531557,0.617305843531557,3,1,0,0,0,0,0,0,0,0,0
208.8,UrbanCanyon,8,2.96037837172406,30.2488704743485,4.24501584651141,0.834148615326741,249,0.226740615446102,0.723054572268917,0.785849348997646,5.48344060640539,0.371746924852882,1.49028892947037,1000,263.816110489571,0.263816110489571,5,0,1,0,0,0,0,0,0,0,0
208.9,UrbanCanyon,10,2.0970452135348,29.4072030017638,5.95346595746432,0.754357353017751,298,0,0.710019426521894,0.710019426521894,NaN,0.390221832486729,1.55679859695222,1000,609.376513410258,0.609376513410258,3,1,0,0,0,0,0,0,0,0,0
209,UrbanCanyon,8,2.71478912718264,27.136926295758,4.25621901770055,0.792858109830939,349,0,0.777889933586729,0.777889933586729,NaN,0.303332204005269,1.24399593441897,1000,242.832703775213,0.242832703775213,3,1,0,0,0,0,0,0,0,0,0
209.1,UrbanCanyon,9,2.68750536943623,28.3916679405904,4.06715513055087,0.74674329271864,398,0,0.787418006121489,0.787418006121489,NaN,0.3,1.20671993709227,1000,121.416071647474,0.121416071647474,3,1,0,0,0,0,0,0,0,0,1
209.2,UrbanCanyon,7,2.73490903652957,28.3385807098421,4.26771989181248,0.806790775126057,322,0.209015528047828,0.764949819334458,0.814078956964004,5.70525147895565,0.31812146857726,1.29723728687813,1000,829.642113875458,0.829642113875458,5,0,1,0,0,0,0,0,0,0,0
209.3,UrbanCanyon,8,3.15114566708295,27.7589989781191,5.17783044238045,0.816935406221339,371,0,0.812171722168298,0.812171722168298,NaN,0.3,1.11751515757901,1000,174.964983458308,0.174964983458308,3,1,0,0,0,0,0,0,0,0,1
209.4,UrbanCanyon,7,2.97569189789653,29.6720293823539,5.1404474105882,0.807157245912109,355,0,0.792420354761113,0.792420354761113,NaN,0.3,1.18780378205752,1000,435.566368144176,0.435566368144176,3,1,0,0,0,0,0,0,0,0,1
209.5,UrbanCanyon,9,3.02728791319268,28.8807740147509,5.42901025324409,0.802892995722813,282,0,0.729338307134285,0.729338307134285,NaN,0.363144379962337,1.45931976786441,1000,774.219483443284,0.774219483443284,3,1,0,0,0,0,0,0,0,0,0
209.6,UrbanCanyon,8,2.82624624014155,27.5393567326639,5.48039429343914,0.87924624535011,240,0.205087826789221,0.745844984384574,0.797969084204722,5.75508290494946,0.341486929906194,1.3813529476623,1000,289.932120660568,0.289932120660568,5,0,1,0,0,0,0,0,0,0,0
209.7,UrbanCanyon,9,2.85234008375497,28.6506896411005,4.83374942040218,0.763571689478203,288,0,0.707943031950396,0.707943031950396,NaN,0.393243181465818,1.56767545327695,1000,798.449143313931,0.798449143313931,3,1,0,0,0,0,0,0,0,0,0
209.8,UrbanCanyon,9,2.849927243579,29.4671959542583,4.94452772552916,0.781525546347608,264,0.231677296318206,0.700172116052898,0.769635429566571,5.42255821594321,0.404741899980493,1.60907083992977,1000,388.197031729768,0.388197031729768,5,0,1,0,0,0,0,0,0,0,0
209.9,UrbanCanyon,8,2.79306629866592,29.5318050280889,4.32781755835033,0.551398864113612,302,0,0.57733723895612,0.57733723895612,NaN,0.62660952393309,2.40779428615912,1000,920.087240462026,0.920087240462026,3,1,0,0,0,0,0,0,0,0,0
210,UrbanCanyon,6,3.34867195405022,29.4910588182361,4.79328799294114,0.792347197487745,320,0.185311672721453,0.753622622316789,0.79927922629599,6.00973656483134,0.331754530585139,1.3463163101065,1000,193.121545497032,0.193121545497032,5,0,1,0,0,0,0,0,0,0,0
210.1,UrbanCanyon,10,2.79582153276618,28.0016920342422,4.32142654676922,0.796717845509494,313,0,0.750775956491361,0.750775956491361,NaN,0.33528155965699,1.35901361476516,1000,664.979253899309,0.664979253899309,3,1,0,0,0,0,0,0,0,0,0
210.2,UrbanCanyon,9,3.03855380359163,30.2342832186196,4.04572372216143,0.72318887160563,332,0.237350896104301,0.717186543975772,0.784312571193477,5.35306924538331,0.37995862727092,1.51985105817531,1000,641.448858611891,0.641448858611891,5,0,1,0,0,0,0,0,0,0,0
210.3,UrbanCanyon,10,3.26341496685808,30.8160220359378,4.73345029206737,0.720170514506874,333,0,0.715989244719606,0.715989244719606,NaN,0.38165527278735,1.52595898203446,1000,419.225072224499,0.419225072224499,3,1,0,0,0,0,0,0,0,0,0
210.4,UrbanCanyon,9,3.2683009746632,29.5369296932969,4.21487177406343,0.793509752401967,310,0.225687846723223,0.746151534109318,0.80344204777018,5.49647448569695,0.341097609087632,1.37995139271547,1000,162.063051013574,0.162063051013574,5,0,1,0,0,0,0,0,0,0,0
210.5,UrbanCanyon,8,2.76075635975275,30.7448501374697,5.21286564499275,0.755649755801422,337,0,0.743060336386953,0.743060336386953,NaN,0.345044976843965,1.39416191663827,1000,442.783344008095,0.442783344008095,3,1,0,0,0,0,0,0,0,0,0
210.6,UrbanCanyon,7,3.12086977349682,32.2840849356836,5.84584494009463,0.818437032722262,276,0.214897072076043,0.734802811923915,0.791792911164266,5.63109285947815,0.355823871408655,1.43296593707116,1000,514.601429994512,0.514601429994512,5,0,1,0,0,0,0,0,0,0,0
210.7,UrbanCanyon,8,2.82171346931169,31.1925727429571,4.0704096418723,0.957352180793134,368,0,0.9037759611314,0.9037759611314,NaN,0.3,0.883331590905673,1000,346.606695608991,0.346606695608991,3,1,0,0,0,0,0,0,0,0,1
210.8,UrbanCanyon,7,3.13092028425269,29.5481319828755,4.49006695129266,0.77146481385732,363,0,0.775106425284404,0.775106425284404,NaN,0.306442799870898,1.25519407953523,1000,712.532379022403,0.712532379022403,3,1,0,0,0,0,0,0,0,0,0
210.9,UrbanCanyon,8,3.15586555652536,28.0564933697801,4.56953899843649,0.260678298787005,132,0,0.242304460187294,0.242304460187294,NaN,1.61525632763017,5.96692277946862,1500,1419.75604128789,0.946504027525261,3,1,0,0,0,0,0,0,0,0,0
211,UrbanCanyon,11,3.30450521340943,28.5274732374502,6.60195555898214,0.80604020009726,362,0.227645688946489,0.797446934065164,0.843557266308123,5.47224945442355,0.3,1.16924970067642,850,346.299637323435,0.407411338027571,5,0,1,0,0,0,0,0,0,0,1
211.1,UrbanCanyon,9,2.85589461243106,30.2372023415827,3.72353950297453,0.815100151859434,319,0,0.768042101745821,0.768042101745821,NaN,0.31451116640624,1.28424019906247,850,19.7518588953168,0.0232374810533139,3,1,0,0,0,0,0,0,0,0,0
211.2,UrbanCanyon,7,3.19993142184986,27.7686889781467,5.39889188078414,0.796506621300695,340,0.18548206358594,0.772909436271466,0.815030662652729,6.00751574992175,0.308925310336358,1.26413111721089,850,536.151682232205,0.630766684979064,5,0,1,0,0,0,0,0,0,0,0
211.3,UrbanCanyon,7,3.28702554264204,27.8951932987061,5.60923719160953,0.699168389401732,338,0,0.706042820899161,0.706042820899161,NaN,0.396027057862307,1.57769740830431,1050,831.689756917243,0.792085482778327,3,1,0,0,0,0,0,0,0,0,0
211.4,UrbanCanyon,7,2.87583675728562,30.823668036104,5.7696442859315,0.745307075967286,330,0.212322097220773,0.730355740898081,0.787607175494142,5.66349182821345,0.361770066166556,1.4543722381996,1050,679.298120087171,0.64695059055921,5,0,1,0,0,0,0,0,0,0,0
211.5,UrbanCanyon,9,2.78887742344227,28.9782316697495,4.92564561790451,0.735967521075255,333,0,0.726573239120421,0.726573239120421,NaN,0.366905483912746,1.47285974208589,1050,569.323558378774,0.542212912741689,3,1,0,0,0,0,0,0,0,0,0
211.6,UrbanCanyon,7,2.97759461349462,27.2654640381487,4.97959835245265,0.683585079061998,355,0.190432777785306,0.709627002971538,0.764923539389513,5.94319269827533,0.390791193508227,1.55884829662962,1050,499.079249751987,0.475313571192369,5,0,1,0,0,0,0,0,0,0,0
211.7,UrbanCanyon,8,2.81265309344761,30.4596067861519,5.74103170313791,0.681074638892116,336,0,0.692270008057718,0.692270008057718,NaN,0.416744369851993,1.65227973146717,1050,396.543453550308,0.377660431952674,3,1,0,0,0,0,0,0,0,0,0
211.8,UrbanCanyon,8,3.05048244037306,31.2203074481547,5.6199709330575,0.757427064067336,329,0.222380780755483,0.737651132925115,0.795992478815544,5.53753320110762,0.352067320138689,1.41944235249928,1050,971.840762200603,0.925562630667241,5,0,1,0,0,0,0,0,0,0,0
211.9,UrbanCanyon,8,2.8146888673013,27.9306258830069,6.61118591726271,0.827115147876573,323,0,0.779392149077304,0.779392149077304,NaN,0.301669559721826,1.23801041499858,1050,374.741443014625,0.356896612394881,3,1,0,0,0,0,0,0,0,0,0
212,UrbanCanyon,8,2.62749566824519,31.0132162502658,4.77920928813339,0.861179711770786,306,0.23811159663443,0.788190406886427,0.838624727285189,5.3437915134635,0.3,1.20376973361444,1050,516.379477611123,0.49178997867726,5,0,1,0,0,0,0,0,0,0,1
212.1,UrbanCanyon,8,2.88628580998205,26.646056263711,4.93851455978501,0.662395686932072,340,0,0.683055110244488,0.683055110244488,NaN,0.431135157855334,1.7040865682792,1050,946.717054869209,0.901635290351627,3,1,0,0,0,0,0,0,0,0,0
212.2,UrbanCanyon,6,2.80815945849425,28.322803152335,3.94556090088863,0.267352502694299,134,0.197516214330909,0.24842617680518,0.396874193152829,5.85184181009436,1.5921580292792,5.8837689054051,1450,1356.45490213475,0.935486139403278,5,0,1,0,0,0,0,0,0,0,0
212.3,UrbanCanyon,7,3.16100021752513,30.2230698483593,5.77974423464635,0.776739053532772,326,0,0.748115165866957,0.748115165866957,NaN,0.338614924165576,1.37101372699608,950,414.195793807815,0.435995572429279,3,1,0,0,0,0,0,0,0,0,0
212.4,UrbanCanyon,8,3.54904729718943,29.0501957545597,5.23439781818587,0.822362509561204,238,0.198095449845006,0.706082881406007,0.764306525231031,5.84440726047427,0.395968181506489,1.57748545342336,950,584.864693932768,0.615647046245019,5,0,1,0,0,0,0,0,0,0,0
212.5,UrbanCanyon,6,2.79571220064534,29.5631010475224,5.46246031663421,0.836986646409812,267,0,0.739806053094574,0.739806053094574,NaN,0.349252225015559,1.40930801005601,950,620.179924454067,0.652820973109544,3,1,0,0,0,0,0,0,0,0,0
212.6,UrbanCanyon,10,2.430609682339,28.0026609766222,5.34736911038547,0.765571920616612,311,0.244198608462822,0.72825818681313,0.794617159454528,5.26988594759627,0.364609032585219,1.46459251730679,950,460.688711215879,0.484935485490398,5,0,1,0,0,0,0,0,0,0,0
212.7,UrbanCanyon,10,2.66016058380523,29.5124846551937,4.34107060079222,0.703927608442021,322,0,0.696031497656154,0.696031497656154,NaN,0.410992126042901,1.63157165375445,950,747.421134041779,0.786759088465031,3,1,0,0,0,0,0,0,0,0,0
212.8,UrbanCanyon,9,3.75686552173369,28.0940370784894,6.27044031015814,0.805563302641075,373,0.19336698435651,0.80620241276952,0.843676467787846,5.90525457540889,0.3,1.1380175433472,950,313.115745707437,0.329595521797302,5,0,1,0,0,0,0,0,0,0,1
212.9,UrbanCanyon,6,3.64549184577587,30.9783954236209,3.71605149844159,0.749488401955846,286,0,0.696857229310417,0.696857229310417,NaN,0.409738848553393,1.62705985479221,950,770.176127435318,0.810711713089808,3,1,0,0,0,0,0,0,0,0,0
213,UrbanCanyon,10,3.30069482436567,31.7069823804336,4.20964339961532,0.284784817392018,140,0.250714001097954,0.265055827652652,0.44931662168548,5.1914360652051,1.53035734116832,5.66128642820595,1400,1174.54211734351,0.838958655245364,5,0,1,0,0,0,0,0,0,0,0
213.1,UrbanCanyon,9,3.66692286935017,28.5074524460343,6.58261780238811,0.88006413174577,298,0,0.794242968269666,0.794242968269666,NaN,0.3,1.1810236049583,900,25.0269525749583,0.027807725083287,3,1,0,0,0,0,0,0,0,0,1
213.2,UrbanCanyon,6,5.03848093046767,21.4676640822757,11.4169915072286,0.782116724904347,322,0.0778686893262687,0.748418205685913,0.768008550267501,7.50260923299883,0.338233498075739,1.36964059307266,900,782.105905833428,0.869006562037142,5,0,1,0,0,0,0,0,0,0,0
213.3,UrbanCanyon,8,2.6252913917271,27.9353062482392,5.21212766960384,0.74628496807792,297,0,0.703785928612207,0.703785928612207,NaN,0.399356940220332,1.5896849847932,900,564.182444928871,0.626869383254301,3,1,0,0,0,0,0,0,0,0,0
213.4,UrbanCanyon,8,3.1547867154861,29.214459769748,5.22664592189436,0.612664177569961,303,0.20860646862233,0.619209998971874,0.698645256373045,5.71042977205135,0.5425025622075,2.105009223947,1100,1007.81709020069,0.916197354727904,5,0,1,0,0,0,0,0,0,0,0
213.5,UrbanCanyon,7,2.75727841122797,29.76064528591,5.34104529598411,0.701327712104054,318,0,0.690989567109716,0.690989567109716,NaN,0.418718619087601,1.65938702871536,1100,315.734294402271,0.287031176729337,3,1,0,0,0,0,0,0,0,0,0
213.6,UrbanCanyon,10,2.82859470983419,30.6120585823571,5.30334106254259,0.267683718968116,146,0.249207340943055,0.258548091708638,0.443323350211082,5.20951693515038,1.55437733077226,5.74775839078012,1400,1306.05282961088,0.932894878293484,5,0,1,0,0,0,0,0,0,0,0
213.7,UrbanCanyon,7,2.75365759951605,29.6030321693643,4.65393833509532,0.763389253628782,298,0,0.716070799931284,0.716070799931284,NaN,0.381539476629152,1.52554211586495,1000,381.585474018408,0.381585474018408,3,1,0,0,0,0,0,0,0,0,0
213.8,UrbanCanyon,6,2.69421696347797,28.4838459555819,6.69361636038032,0.713739821441122,304,0.186276749990141,0.687755680365552,0.745919537429939,5.99716422085286,0.423741287859949,1.67746863629582,1000,651.31357141131,0.65131357141131,5,0,1,0,0,0,0,0,0,0,0
213.9,UrbanCanyon,7,2.99046025604631,29.5469559695101,4.08678231615353,0.805117575565557,335,0,0.774553775628923,0.774553775628923,NaN,0.307065000207934,1.25743400074856,1000,242.136811203053,0.242136811203053,3,1,0,0,0,0,0,0,0,0,0
214,UrbanCanyon,5,5.02524966716261,21.6332579240887,9.37470367745738,0.848129604933755,272,0.0726586934255552,0.751396835305616,0.769460016433768,7.57969519103359,0.334508833740157,1.35623180146457,1000,757.060122317939,0.757060122317939,5,0,1,0,0,0,0,0,0,0,0
214.1,UrbanCanyon,7,2.74756632120948,28.3086225584248,5.90038761141008,0.810497217514692,329,0,0.773208135734844,0.773208135734844,NaN,0.308586374242163,1.26291094727179,1000,492.035019681431,0.492035019681431,3,1,0,0,0,0,0,0,0,0,0
214.2,UrbanCanyon,6,6.19044021808408,21.9992403414907,8.9187776955982,0.78255130285172,372,0.0760467470819368,0.789959372910652,0.805932279355847,7.52951690862296,0.3,1.19705358525278,1000,197.434300558328,0.197434300558328,5,0,1,0,0,0,0,0,0,0,1
214.3,UrbanCanyon,8,3.64537366995429,27.7520805317444,4.54090535103607,0.835553016395862,327,0,0.788345520985227,0.788345520985227,NaN,0.3,1.20317856638313,1000,785.058425692286,0.785058425692286,3,1,0,0,0,0,0,0,0,0,1
214.4,UrbanCanyon,8,3.58487522276049,28.6491479396883,5.68635870839862,0.821840795576883,270,0.192161654236263,0.732133333036512,0.78360703487497,5.92082234309033,0.359381378175321,1.44577296143115,1000,708.755348147833,0.708755348147833,5,0,1,0,0,0,0,0,0,0,0
214.5,UrbanCanyon,7,3.01607292780117,28.0697871619193,4.5016770643454,0.812982806070915,278,0,0.732798480067513,0.732798480067513,NaN,0.358491630635578,1.44256987028808,1000,523.306262020107,0.523306262020107,3,1,0,0,0,0,0,0,0,0,0
214.6,UrbanCanyon,7,5.80104280556681,20.5911237704675,8.28048573754597,0.810108415613364,284,0.0836990120428323,0.735822638460954,0.757934022625854,7.41686000425025,0.354474195874329,1.42810710514759,1000,195.055957293767,0.195055957293767,5,0,1,0,0,0,0,0,0,0,0
214.7,UrbanCanyon,6,3.23968673297149,30.2117605205445,5.00529402791071,0.822010782712621,295,0,0.752872224417456,0.752872224417456,NaN,0.33268034366094,1.34964923717939,1000,750.628572682428,0.750628572682428,3,1,0,0,0,0,0,0,0,0,0
214.8,UrbanCanyon,7,2.57698031948251,27.9997827867303,4.84848916152324,0.737341420862555,344,0.207934431467962,0.736568751977912,0.791345178766281,5.71894291883185,0.353490056086187,1.42456420191027,1000,613.02840781542,0.61302840781542,5,0,1,0,0,0,0,0,0,0,0
214.9,UrbanCanyon,5,2.76092472386557,28.9526798479626,5.9140783290736,0.677928430980728,302,0,0.662112048757088,0.662112048757088,NaN,0.465420668987832,1.82751440835619,1000,452.47331658656,0.45247331658656,3,1,0,0,0,0,0,0,0,0,0
215,UrbanCanyon,7,3.6642747718677,27.1536709796975,6.07484808547141,0.812902251427797,307,0.167126224002416,0.756669508456624,0.79733641469292,6.2494298139558,0.328024320286852,1.33288755303267,1000,571.665112175251,0.571665112175251,5,0,1,0,0,0,0,0,0,0,0
215.1,UrbanCanyon,8,2.94533844339824,29.6405988271078,5.93259375365569,0.725420773853542,323,0,0.711256918481873,0.711256918481873,NaN,0.388431417811459,1.55035310412125,1000,633.83793826451,0.63383793826451,3,1,0,0,0,0,0,0,0,0,0
215.2,UrbanCanyon,10,3.16037723707398,28.6390578100819,4.01116856274312,0.771017417715499,322,0.235335282744391,0.740981669869384,0.801937821826653,5.37769703852481,0.347726238359132,1.40381445809287,1000,382.365737841474,0.382365737841474,5,0,1,0,0,0,0,0,0,0,0
215.3,UrbanCanyon,7,2.88458818432341,28.9442980223871,4.43314458474856,0.893340603167408,362,0,0.855938204122163,0.855938204122163,NaN,0.3,0.986784209283928,800,145.890022331535,0.182362527914418,3,1,0,0,0,0,0,0,0,0,1
215.4,UrbanCanyon,5,2.67174430693186,29.9494217546641,4.76514054544725,0.733270461321686,351,0,0.739616209085529,0.739616209085529,NaN,0.349499296427477,1.41019746713892,950,827.69463776935,0.871257513441421,3,1,0,0,0,0,0,0,0,0,0
215.5,UrbanCanyon,6,2.75138558244451,27.9570083614042,4.13807807903286,0.754846484167761,253,0,0.6732221443924,0.6732221443924,NaN,0.446959417288754,1.76105390223951,950,737.510931476099,0.77632729629063,3,1,0,0,0,0,0,0,0,0,0
215.6,UrbanCanyon,5,4.64727273228774,21.333910130306,8.74037660993442,0.727378241845885,345,0.0777282123400257,0.730718422036743,0.751649197707928,7.5046820025082,0.361281420575954,1.45261311407343,950,185.933827895195,0.195719818837048,5,0,1,0,0,0,0,0,0,0,0
215.7,UrbanCanyon,6,2.86304616155194,27.7256809597984,5.78646984549865,0.805275965596065,385,0,0.815909896949364,0.815909896949364,NaN,0.3,1.10500249437075,950,415.190780111157,0.437042926432797,3,1,0,0,0,0,0,0,0,0,1
215.8,UrbanCanyon,7,2.46981789232531,28.2275138038969,5.87817969725975,0.869879592242046,340,0.207129543733136,0.822069326802171,0.858924025957767,5.7291484833666,0.3,1.08493392018169,950,238.591145198132,0.251148573892771,5,0,1,0,0,0,0,0,0,0,1
215.9,UrbanCanyon,10,3.00079730507152,29.3368497415378,5.42750804432118,0.741477188445772,342,0,0.737689716258667,0.737689716258667,NaN,0.352016712391146,1.41926016460813,950,624.688696786715,0.657567049249174,3,1,0,0,0,0,0,0,0,0,0
216,UrbanCanyon,7,3.0868857742013,26.7865188311895,4.82504463846494,0.878614606304874,297,0.185276272653075,0.792446786224266,0.8309014720498,6.01019801521654,0.3,1.18770502893772,950,80.2018345658776,0.0844229837535554,5,0,1,0,0,0,0,0,0,0,1
216.1,UrbanCanyon,8,3.2438467841598,31.0477454479787,3.83954658377334,0.766879201280157,286,0,0.708509064857705,0.708509064857705,NaN,0.392417413175324,1.56470268743117,950,544.803726872859,0.573477607234589,3,1,0,0,0,0,0,0,0,0,0
216.2,UrbanCanyon,8,3.55669194094183,30.4020293770322,4.28685334704531,0.855562847816831,336,0.212748020772405,0.809177108037277,0.849774300620413,5.65812543038212,0.3,1.12772038487315,950,346.527858710768,0.364766167063967,5,0,1,0,0,0,0,0,0,0,1
216.3,UrbanCanyon,7,2.60822003784171,27.3444890962822,5.57946286123862,0.740430209999628,372,0,0.761738240699751,0.761738240699751,NaN,0.321921664862124,1.31091799350365,950,512.457857485987,0.539429323669461,3,1,0,0,0,0,0,0,0,0,0
216.4,UrbanCanyon,6,3.18101181332054,27.5680509044553,4.35392852299494,0.639423516544905,324,0.179560224105366,0.654463756085087,0.716508321478975,6.0849714069603,0.478488239647066,1.87455766272944,1150,876.256495672281,0.761962170149809,5,0,1,0,0,0,0,0,0,0,0
216.5,UrbanCanyon,8,2.90774921775139,31.3856555330239,3.66631951567584,0.820445036935329,388,0,0.828548174746671,0.828548174746671,NaN,0.3,1.06456155544428,850,626.732187013504,0.737331984721769,3,1,0,0,0,0,0,0,0,0,1
216.6,UrbanCanyon,9,2.76158244835368,28.8778337666348,5.14669968594559,0.718485396290552,352,0.229173443871404,0.73053521551467,0.792289388177239,5.45338863706458,0.361528175194314,1.45350143069953,850,401.051606845112,0.471825419817778,5,0,1,0,0,0,0,0,0,0,0
216.7,UrbanCanyon,10,3.26962423211812,29.1300854195821,5.47599879981247,0.781288085606916,364,0,0.782513017356634,0.782513017356634,NaN,0.3,1.22570528857384,850,499.050926264488,0.587118736781751,3,1,0,0,0,0,0,0,0,0,1
216.8,UrbanCanyon,7,2.59908336898433,30.8905264321574,4.88923793583434,0.693449719320059,416,0,0.76656131194444,0.76656131194444,NaN,0.316234052702753,1.29044258972991,1000,703.634714827861,0.703634714827861,3,1,0,0,0,0,0,0,0,0,0
216.9,UrbanCanyon,9,3.00357571367624,29.3750782807451,6.67844172574219,0.825031979029329,311,0,0.76809642594965,0.76809642594965,NaN,0.314448169143315,1.28401340891593,1000,292.391427530709,0.292391427530709,3,1,0,0,0,0,0,0,0,0,0
217,UrbanCanyon,6,2.63065669974908,31.5895172718464,4.54623674376865,0.713828790725815,267,0.220372378846005,0.657290289786296,0.732814043879715,5.5625538213299,0.473624863686902,1.85704950927285,1000,682.107561937659,0.682107561937659,5,0,1,0,0,0,0,0,0,0,0
217.1,UrbanCanyon,6,3.00019852851491,30.1410835922804,6.25463004696419,0.791119997249008,308,0,0.742900398156835,0.742900398156835,NaN,0.345250513169785,1.39490184741122,1000,377.457598377659,0.377457598377659,3,1,0,0,0,0,0,0,0,0,0
217.2,UrbanCanyon,8,2.91361165230195,29.6680412401273,4.82719893318319,0.871966047659207,419,0.220448833172221,0.888642251931669,0.913190937558019,5.56160017362042,0.3,0.911604932493649,750,97.8293460067037,0.130439128008938,5,0,1,0,0,0,0,0,0,0,1
217.3,UrbanCanyon,10,3.22157676242838,30.0591040114862,4.96303413698471,0.854018649321194,360,0,0.8279424950452,0.8279424950452,NaN,0.3,1.06643406510144,750,531.075792249354,0.708101056332471,3,1,0,0,0,0,0,0,0,0,1
217.4,UrbanCanyon,10,2.62903459721689,29.1010048586508,6.890526953126,0.728009000030002,338,0.237324995849127,0.725366030020101,0.79054353580561,5.35338529565227,0.3685595436673,1.47881435720228,950,819.302259262745,0.862423430802889,5,0,1,0,0,0,0,0,0,0,0
217.5,UrbanCanyon,8,3.02879651655003,28.6236491011798,5.89951390473709,0.898010651223117,301,0,0.808742136319489,0.808742136319489,NaN,0.3,1.1292161337767,950,587.85550697217,0.618795270497021,3,1,0,0,0,0,0,0,0,0,1
217.6,UrbanCanyon,8,2.98884520291739,30.6527312158318,4.70097971542647,0.805992964438279,338,0.225649379688302,0.777615286173647,0.827796258900724,5.49695106541689,0.303637402359072,1.24509464849266,950,363.524560943019,0.382657432571599,5,0,1,0,0,0,0,0,0,0,0
217.7,UrbanCanyon,7,3.20216086124687,30.9395342312654,4.12413111075982,0.677714225427465,392,0,0.736218531036401,0.736218531036401,NaN,0.353951658421485,1.42622597031735,950,345.554313042695,0.363741382150205,3,1,0,0,0,0,0,0,0,0,0
217.8,UrbanCanyon,7,2.97761796086734,29.9931391933058,4.65865046242796,0.794126869596816,359,0.210411623060478,0.786990002629867,0.831809781904625,5.68759843998391,0.3,1.20835933081662,950,322.164581551095,0.339120612159047,5,0,1,0,0,0,0,0,0,0,1
217.9,UrbanCanyon,7,2.87835444624096,29.497769613328,4.76713663018221,0.767761645701788,295,0,0.716525302620198,0.716525302620198,NaN,0.380894760136426,1.52322113649113,950,688.278465298882,0.724503647683034,3,1,0,0,0,0,0,0,0,0,0
218,UrbanCanyon,8,3.56901780747899,27.8416340090256,4.93647162815565,0.842006648326628,371,0.191435413707785,0.828969454378841,0.861710757636496,5.9302135216472,0.3,1.06326302781924,950,424.23683020244,0.446565084423621,5,0,1,0,0,0,0,0,0,0,1
218.1,UrbanCanyon,8,2.71613171846819,30.8067226530457,4.45638500057542,0.833196502682883,300,0,0.764491656797532,0.764491656797532,NaN,0.318660449294929,1.29917761746174,950,58.3892232124831,0.0614623402236665,3,1,0,0,0,0,0,0,0,0,0
218.2,UrbanCanyon,9,3.45416738957478,29.5298592288901,4.67483011191908,0.71714956820368,315,0.218221145401828,0.699115210696466,0.764774634052271,5.58942541997464,0.406329141085581,1.61478490790809,950,658.746260571519,0.693417116391073,5,0,1,0,0,0,0,0,0,0,0
218.3,UrbanCanyon,7,2.99723520790436,31.5302060415893,4.72845359949676,0.79037358705749,334,0,0.763850303328518,0.763850303328518,NaN,0.319416698095082,1.3019001131423,950,292.823275406322,0.308235026743497,3,1,0,0,0,0,0,0,0,0,0
218.4,UrbanCanyon,9,3.03100349702934,30.7981530137901,4.64266971314794,0.697100287329928,316,0.237294107715137,0.686507192511052,0.760897188539255,5.35376222500839,0.425694350868257,1.68449966312573,950,823.157445335884,0.866481521406194,5,0,1,0,0,0,0,0,0,0,0
218.5,UrbanCanyon,6,2.97055299974275,29.7242436484326,5.17674837414975,0.911885209870537,290,0,0.80896309061326,0.80896309061326,NaN,0.3,1.12845590673234,950,233.708060144568,0.246008484362703,3,1,0,0,0,0,0,0,0,0,1
218.6,UrbanCanyon,6,2.85608620074274,27.9898502142898,5.47311132331686,0.7308110091831,335,0.184323202521078,0.724768376152677,0.775499950495293,6.02262910356376,0.369381116914085,1.48177202089071,950,548.318280744859,0.577177137626167,5,0,1,0,0,0,0,0,0,0,0
218.7,UrbanCanyon,9,2.4015310758782,30.0065191297938,4.19774027687851,0.742384032270813,386,0,0.774597301621445,0.774597301621445,NaN,0.307015941090835,1.25725738792701,950,445.189459326154,0.468620483501214,3,1,0,0,0,0,0,0,0,0,0
218.8,UrbanCanyon,6,3.42098528021926,31.5491574251188,5.09813402208377,0.794843610273879,385,0.195358759781645,0.808920218883499,0.846249327941767,5.87958020368106,0.3,1.12860334476377,950,268.418961435887,0.282546275195671,5,0,1,0,0,0,0,0,0,0,1
218.9,UrbanCanyon,8,3.01794442559955,31.5693076222621,4.37458705830424,0.26690582951297,153,0,0.26380190577369,0.26380190577369,NaN,1.53496908485613,5.67788870548206,1450,1207.9211402035,0.833049062209313,3,1,0,0,0,0,0,0,0,0,0
219,UrbanCanyon,10,3.35579751537286,30.2743070009987,4.48496447270072,0.848752210067067,366,0.238101942575461,0.829363980744935,0.86999274840291,5.34390919925829,0.3,1.06204985960493,850,228.786177317156,0.269160208608419,5,0,1,0,0,0,0,0,0,0,1
219.1,UrbanCanyon,8,3.37746767980306,29.9962019878334,4.06925289594918,0.74626422977403,359,0,0.7549220339486,0.7549220339486,NaN,0.330158023609728,1.34056888499502,850,106.927141200765,0.125796636706782,3,1,0,0,0,0,0,0,0,0,0
219.2,UrbanCanyon,7,3.37326974305978,26.8307389748126,4.97405081822968,0.738701766782469,254,0.177527711876063,0.663230183744255,0.723016158653059,6.1116853178546,0.463534772852321,1.82072518226836,1000,870.007899547467,0.870007899547467,5,0,1,0,0,0,0,0,0,0,0
219.3,UrbanCanyon,7,3.05114013288015,28.7280766591359,5.90189295348543,0.694862375544465,351,0,0.713882791614792,0.713882791614792,NaN,0.384657642335362,1.5367675124073,1000,578.543889787187,0.578543889787187,3,1,0,0,0,0,0,0,0,0,0
219.4,UrbanCanyon,7,3.0199411124393,28.8670831661876,4.31944237226958,0.786086026208627,349,0,0.77335263755978,0.77335263755978,NaN,0.308422567252771,1.26232124210997,1000,413.46488423175,0.41346488423175,3,1,0,0,0,0,0,0,0,0,0
219.5,UrbanCanyon,8,3.14435824555277,29.6848357212624,4.73661803225022,0.755458573393849,313,0,0.723132244173879,0.723132244173879,NaN,0.371639385540482,1.48990178794574,1000,252.412397619449,0.252412397619449,3,1,0,0,0,0,0,0,0,0,0
219.6,UrbanCanyon,7,2.73524913953516,30.4776426441924,4.77022348724144,0.742657380842383,341,0.219868686665903,0.737655445164397,0.795336797890052,5.56883892835507,0.352061663629727,1.41942198906702,1000,399.060633932547,0.399060633932547,5,0,1,0,0,0,0,0,0,0,0
219.7,UrbanCanyon,9,3.236828466009,29.6467922772883,5.60101604425497,0.671605286805025,341,0,0.690050542159367,0.690050542159367,NaN,0.420171666039256,1.66461799774132,1000,837.85184468345,0.83785184468345,3,1,0,0,0,0,0,0,0,0,0
219.8,UrbanCanyon,10,2.87611791289472,28.9367272395204,4.84960327451775,0.772142469197092,320,0.23946178975053,0.740085454362052,0.802325056642711,5.32734695399574,0.348888927585452,1.40800013930763,1000,433.585768007477,0.433585768007477,5,0,1,0,0,0,0,0,0,0,0
219.9,UrbanCanyon,8,2.9992544846589,31.5131245235576,4.7306459014068,0.80060996677067,361,0,0.792983677736349,0.792983677736349,NaN,0.3,1.18570181915211,1000,305.246877385904,0.305246877385904,3,1,0,0,0,0,0,0,0,0,1
220,FeaturePoor,14,1.02964688143033,40.4621790559842,0.999223956266297,0.326195050575452,90,0.855798202935289,0.113197807748499,0.872121530236408,0.9,2.14604532045517,7.87776315363862,800,548.922483880904,0.68615310485113,5,0,0,0,0,0,1,0,0,1,0
220.1,FeaturePoor,13,1.08336444983016,37.3142972517772,1.18213208782847,0.409805718629579,73,0,0.132095174166818,0.132095174166818,NaN,2.06314696676131,7.57932908034073,1600,1562.82277512731,0.976764234454568,3,1,0,0,0,0,1,0,0,0,0
220.2,FeaturePoor,13,1.32359828819072,36.3889187653055,1.20534426286823,0.384230078372725,18,0.75274029478027,0.115845368629377,0.781384186478641,1.18909889460278,2.13432353043531,7.83556470956711,950,829.911457650829,0.873591008053504,5,0,0,0,0,0,1,0,0,0,0
220.3,FeaturePoor,12,1.20366770403946,37.0107105460278,0.976337146383744,0.317372349319816,66,0,0.101627763319924,0.101627763319925,NaN,2.1976816890939,8.06365408073805,1600,1599.05179799718,0.999407373748235,3,1,0,0,0,0,1,0,0,0,0
220.4,FeaturePoor,13,1.20296652674951,38.2301960579712,1.46148289143389,0.32462873561678,19,0.781240963025077,0.0978755637884592,0.802652127102818,1.08284413006556,2.21457124602498,8.12445648568991,900,801.491362469908,0.890545958299898,5,0,0,0,0,0,1,0,0,0,0
220.5,FeaturePoor,15,1.24405169138604,39.8658283514159,1.02789831231483,0.333584869381197,98,0,0.118395838118431,0.118395838118431,NaN,2.12306474561726,7.79503308422214,1600,1522.92213219327,0.951826332620791,3,1,0,0,0,0,1,0,0,0,0
220.6,FeaturePoor,13,1.3094817991643,40.5640594467997,1.19345571754437,0.382288192656311,130,0.804407817259081,0.144959890085878,0.832760838570861,1.00605041559486,2.00773397390489,7.37984230605759,850,637.203609741439,0.749651305578164,5,0,0,0,0,0,1,0,0,0,0
220.7,FeaturePoor,14,1.226791553431,37.2453010284241,1.02253764815846,0.353911230702275,128,0,0.135661736056736,0.135661736056736,NaN,2.04770158629114,7.5237257106481,1550,1515.83457883921,0.977957792799491,3,1,0,0,0,0,1,0,0,0,0
220.8,FeaturePoor,13,1.0967081588201,38.1664036844259,1.6371134207026,0.303618941223528,60,0.787690066656697,0.0952536107788936,0.807913354411873,1.0606040623699,2.22641507202157,8.16709425927767,900,844.804312482639,0.938671458314043,5,0,0,0,0,0,1,0,0,0,0
220.9,FeaturePoor,15,1.25567415082694,41.2013779497756,1.32342820820564,0.401755385361275,35,0,0.121129248686424,0.121129248686424,NaN,2.11103449378622,7.7517241776304,1600,1538.32254420438,0.961451590127739,3,1,0,0,0,0,1,0,0,0,0
221,FeaturePoor,15,1.44828571244881,39.4056559620562,1.11137707211283,0.320308440142386,66,0.821166486975385,0.102512994702929,0.839499245948784,0.955851403045801,2.19370731169276,8.04934632209394,850,523.135510186846,0.615453541396289,5,0,0,0,0,0,1,0,0,0,0
221.1,FeaturePoor,12,1.26031089662865,38.9344244687727,1.68015671275037,0.298305689386621,71,0,0.0977354153500664,0.0977354153500664,NaN,2.21520345178379,8.12673242642166,1650,1579.78292297912,0.957444195744921,3,1,0,0,0,0,1,0,0,0,0
221.2,FeaturePoor,13,1.37567055129227,40.560119498879,1.21093520509051,0.259885285654135,79,0.797863038820135,0.0891216636247218,0.81587782108053,1.02687480860024,2.25424835919449,8.26729409310015,900,693.02058222928,0.770022869143645,5,0,0,0,0,0,1,0,0,0,0
221.3,FeaturePoor,13,1.29985048900997,40.9855118713976,1.40293393366284,0.108024587458091,33,0,0.0325694131186144,0.0325694131186144,NaN,2.51980485108416,9.22329746390296,1650,1358.95641907127,0.823609950952283,3,1,0,0,0,0,1,0,1,0,0
221.4,FeaturePoor,16,1.11441246294949,40.4124461453592,1.18983771912184,0.343443349498757,42,0.884182542781968,0.103548169873875,0.896175228516341,0.9,2.1890647093412,8.03263295362831,750,686.943115771149,0.915924154361532,5,0,0,0,0,0,1,0,0,1,0
221.5,FeaturePoor,13,1.32186273920236,39.3529197687684,1.51749961426551,0.267371907158293,84,0,0.0932351300082253,0.0932351300082254,NaN,2.235556323628,8.2000027650608,1600,1545.31204198548,0.965820026240928,3,1,0,0,0,0,1,0,0,0,0
221.6,FeaturePoor,14,1.22878309822721,38.8350769273532,1.08185028944181,0.253406158988262,57,0.814499423985847,0.079000706934961,0.829154100627807,0.975283709612661,2.30059924456575,8.43415728043671,850,695.760409460976,0.818541658189384,5,0,0,0,0,0,1,0,0,0,0
221.7,FeaturePoor,15,1.17529114289042,39.1592522895091,1.15654563290846,0.264427668278094,118,0,0.104969941985845,0.104969941985845,NaN,2.18269701187205,8.00970924273939,1600,1578.73122008348,0.986707012552175,3,1,0,0,0,0,1,0,0,0,0
221.8,FeaturePoor,16,1.1818729028604,35.9520319511306,1.17461401194374,0.298892691380897,110,0.824232406237773,0.112391146451341,0.843987127609703,0.947153976135706,2.14962369224491,7.89064529208169,850,711.591438602774,0.837166398356205,5,0,0,0,0,0,1,0,0,0,0
221.9,FeaturePoor,13,1.1637202828654,38.7750587227017,1.07480119044335,0.27319149594777,109,0,0.104270986028253,0.104270986028253,NaN,2.185826166177,8.02097419823719,1600,1532.77417960209,0.957983862251308,3,1,0,0,0,0,1,0,0,0,0
222,FeaturePoor,14,1.15253518035469,38.2468539706386,1.56083030179683,0.221478466534474,79,0.805323945632675,0.0775420076601439,0.820419517731673,1.00319012915224,2.3073218690792,8.4583587286851,850,751.6705917356,0.884318343218353,5,0,0,0,0,0,1,0,0,0,0
222.1,FeaturePoor,13,1.32226204134173,39.1936360735486,1.23260734868258,0.273994459026312,75,0,0.0918905793964332,0.0918905793964332,NaN,2.24165679947236,8.22196447810051,1600,1508.80273014814,0.94300170634259,3,1,0,0,0,0,1,0,0,0,0
222.2,FeaturePoor,14,1.16752002623485,38.0358174592593,1.20683652003266,0.404623345028892,52,0.808329687553135,0.122736438526211,0.831854619074069,0.993900069387832,2.10397839072419,7.72632220660709,850,624.348016206787,0.734527077890338,5,0,0,0,0,0,1,0,0,0,0
222.3,FeaturePoor,14,1.41586398713519,36.5796020732771,1.44466375444253,0.264781639686855,76,0,0.0894841643655868,0.0894841643655868,NaN,2.25259771735258,8.2613517824693,1600,1500.66146968625,0.937913418553904,3,1,0,0,0,0,1,0,0,0,0
222.4,FeaturePoor,11,1.19553317879928,40.1241263979931,1.15084830600047,0.364664095283449,88,0.769276912815463,0.12405372472796,0.797898971161439,1.12586514367971,2.0982046929074,7.70553689446664,900,842.609039896774,0.936232266551971,5,0,0,0,0,0,1,0,0,0,0
222.5,FeaturePoor,16,1.26923710351576,39.5586279512927,1.36652456025331,0.346281435471684,73,0,0.112942602794713,0.112942602794713,NaN,2.14717706484155,7.88183743342957,1600,1372.87092225696,0.858044326410603,3,1,0,0,0,0,1,0,0,0,0
222.6,FeaturePoor,13,1.19366026086211,38.0204130645715,1.28403026824248,0.124140864822398,28,0.783164653057727,0.037428470743953,0.791280468497011,1.07614054146861,2.49635987233581,9.13889554040892,900,611.668409760044,0.679631566400048,5,0,0,0,0,0,1,0,0,0,0
222.7,FeaturePoor,15,1.02327375929369,38.2478401693293,1.06366817967138,0.284099128831339,32,0,0.0856558873426487,0.0856558873426487,NaN,2.2700628908779,8.32422640716043,1650,1607.42191181124,0.974195098067418,3,1,0,0,0,0,1,0,0,0,0
222.8,FeaturePoor,15,1.19697648959059,38.9947087453103,1.11110930477703,0.223110885023987,68,0,0.0739504318347321,0.073950431834732,NaN,2.3239195067477,8.51811022429171,1650,1577.78904609906,0.956235785514581,3,1,0,0,0,0,1,0,0,0,0
222.9,FeaturePoor,12,1.15926698271366,37.707418292011,1.51134832121015,0.358016738670175,59,0,0.111283296709058,0.111283296709058,NaN,2.1545434467708,7.90835640837488,1650,1555.9206837888,0.942982232599274,3,1,0,0,0,0,1,0,0,0,0
223,FeaturePoor,13,1.29211543901465,38.0822675332436,1.39977760141283,0.118443340882328,13,0.772107207032267,0.0357106672760219,0.780245410736541,1.11548100069307,2.50463479301314,9.16868525484729,900,820.696346362118,0.911884829291242,5,0,0,0,0,0,1,0,0,0,0
223.1,FeaturePoor,13,1.20558683464933,43.3599933311565,1.37419550891973,0.308275103646224,84,0,0.105567443749337,0.105567443749336,NaN,2.18002399420274,8.00008637912987,1600,1487.77607098068,0.929860044362927,3,1,0,0,0,0,1,0,0,0,0
223.2,FeaturePoor,13,0.972554535171231,37.4239795260124,1.79592733746374,0.363845671213025,126,0.788745783484471,0.137914469870727,0.817880796763166,1.05702675196472,2.03797865314567,7.48872315132443,900,723.438133558208,0.803820148398009,5,0,0,0,0,0,1,0,0,0,0
223.3,FeaturePoor,14,1.33572083484344,39.2130212848007,1.29690685657088,0.277480642596899,77,0,0.0936841637429651,0.0936841637429652,NaN,2.23352098762572,8.1926755554526,1600,1309.72891647975,0.818580572799843,3,1,0,0,0,0,1,0,0,0,0
223.4,FeaturePoor,15,1.10262910045538,39.6675531351555,1.17609472844818,0.341690305462014,81,0.85588728783301,0.114528377096797,0.872392282876513,0.9,2.14014998741708,7.85653995470149,800,515.508321515641,0.644385401894551,5,0,0,0,0,0,1,0,0,1,0
223.5,FeaturePoor,13,1.05563215515685,38.6257215173198,1.39069304831059,0.372147189782767,122,0,0.138932377719504,0.138932377719504,NaN,2.03359362534947,7.47293705125808,1600,1329.76725533473,0.831104534584205,3,1,0,0,0,0,1,0,0,0,0
223.6,FeaturePoor,14,1.08113147316856,38.2774343662049,1.20352549544105,0.357349785674922,91,0.820003560535826,0.122962210380989,0.842136320593049,0.95918974575824,2.1029882110495,7.72275755977821,850,455.87561122042,0.536324248494612,5,0,0,0,0,0,1,0,0,0,0
223.7,FeaturePoor,14,1.20251428204219,39.0938596057762,1.16892974943053,0.34756030895418,125,0,0.132633183149685,0.132633183149685,NaN,2.06081298743262,7.57092675475743,1650,1581.74394584361,0.95863269445067,3,1,0,0,0,0,1,0,0,0,0
223.8,FeaturePoor,13,1.16175197220753,38.9969332052956,1.2428855687334,0.324867954995267,83,0.798867407985071,0.110198938431073,0.821032006109006,1.02363455656515,2.15936482292297,7.9257133625227,900,828.377414425588,0.920419349361764,5,0,0,0,0,0,1,0,0,0,0
223.9,FeaturePoor,15,1.12798913311161,40.6547807644434,1.48087395339775,0.341452053475711,100,0,0.121510294122927,0.121510294122927,NaN,2.10936040832997,7.74569746998788,1600,1550.64237270445,0.96915148294028,3,1,0,0,0,0,1,0,0,0,0
224,FeaturePoor,17,1.24749184132556,37.0737481843636,1.01076021413487,0.364539401148094,22,0.834717307859054,0.10990862944615,0.852883302023435,0.918546946570871,2.16065661983608,7.93036383140988,850,745.236148200006,0.876748409647066,5,0,0,0,0,0,1,0,0,0,0
224.1,FeaturePoor,15,1.26376808944094,39.8674206684549,1.07192759299742,0.272772131118831,6,0,0.0822407975323275,0.0822407975323276,NaN,2.28570488428525,8.38053758342688,1600,1512.96408165523,0.945602551034518,3,1,0,0,0,0,1,0,0,0,0
224.2,FeaturePoor,13,1.08517956751189,39.8431518512651,1.17458424356934,0.413034303661644,47,0.818137890716042,0.124529842553986,0.840785150551709,0.964590614345681,2.09611999144637,7.69803196920694,850,733.352840669875,0.862768047846912,5,0,0,0,0,0,1,0,0,0,0
224.3,FeaturePoor,15,1.17420321343997,39.8185182714008,1.14896751304914,0.435169344328011,96,0,0.148281057314895,0.148281057314895,NaN,1.99356289332158,7.32882641595769,1550,1476.79771149693,0.952772717094793,3,1,0,0,0,0,1,0,0,0,0
224.4,FeaturePoor,15,1.13914894271018,40.0036976778686,1.04882956946885,0.221308332432788,32,0.858878889220067,0.0667244622284857,0.868295119445944,0.9,2.35750807350677,8.63902906462438,800,303.470286993111,0.379337858741388,5,0,0,0,0,0,1,0,0,1,0
224.5,FeaturePoor,12,1.36286532127393,38.7764581390909,1.13150202032049,0.321420316815485,113,0,0.120296975519869,0.120296975519869,NaN,2.11469352819873,7.76489670151542,1600,1572.95801811831,0.983098761323944,3,1,0,0,0,0,1,0,0,0,0
224.6,FeaturePoor,13,1.11075047935781,41.2493249732228,0.961239134216764,0.33266448068835,90,0.83687317917403,0.115148340927538,0.855656961952924,0.912882877382305,2.13740614640822,7.8466621270696,850,492.556707127829,0.579478478973917,5,0,0,0,0,0,1,0,0,0,0
224.7,FeaturePoor,14,0.878167807572355,41.1613137599218,1.28527128769954,0.348162999438989,80,0,0.116108644330855,0.116108644330855,NaN,2.1331598215666,7.83137535763975,1650,1526.07468799452,0.924893750299709,3,1,0,0,0,0,1,0,0,0,0
224.8,FeaturePoor,13,1.12760619182737,36.4562168067105,0.985008793985529,0.357550667244558,71,0,0.115597776174234,0.115597776174234,NaN,2.1354182337699,7.83950564157164,1650,1560.62409650325,0.945832785759547,3,1,0,0,0,0,1,0,0,0,0
224.9,FeaturePoor,12,1.18511166265202,39.2675851382306,0.895217316860625,0.422748201508698,97,0,0.144907332754873,0.144907332754873,NaN,2.00795867394097,7.38065122618748,1650,1395.38826678777,0.845689858659257,3,1,0,0,0,0,1,0,0,0,0
225,FeaturePoor,14,1.43474545941768,38.4723877990303,1.24424582562112,0.37102790379938,116,0.787613865752007,0.136367412995513,0.816576413435523,1.06086296016645,2.04465311334016,7.51275120802456,900,694.042304337607,0.771158115930674,5,0,0,0,0,0,1,0,0,0,0
225.1,FeaturePoor,13,1.29815282687196,38.1606567572385,1.28872240666966,0.287184533189241,88,0,0.100693636756556,0.100693636756556,NaN,2.20187983742537,8.07876741473134,1600,1494.40745616238,0.934004660101486,3,1,0,0,0,0,1,0,0,0,0
225.2,FeaturePoor,12,1.03361606762022,37.0429498908319,1.17122732004785,0.32618558320707,108,0.769097696206888,0.119877453336932,0.796777676355237,1.12652699117573,2.11653924286171,7.77154127430216,900,839.002388329142,0.932224875921269,5,0,0,0,0,0,1,0,0,0,0
225.3,FeaturePoor,14,1.20548009111437,38.9748834901341,0.941700537037956,0.254267524157034,19,0,0.0766616585333458,0.0766616585333457,NaN,2.31138423205598,8.47298323540153,1600,1585.98428962713,0.991240181016958,3,1,0,0,0,0,1,0,0,0,0
225.4,FeaturePoor,16,0.902306542698796,39.5874989003281,1.25804216032361,0.296036784729757,112,0.895238156806071,0.112272590596022,0.907000040337068,0.9,2.15014988351775,7.89253958066389,750,278.603850570756,0.371471800761008,5,0,0,0,0,0,1,0,0,1,0
225.5,FeaturePoor,15,1.28147904803673,40.4524358390783,1.46996604273227,0.293601664156316,32,0,0.0885209017431293,0.0885209017431293,NaN,2.2569853663979,8.27714731903242,1600,1553.92157983779,0.971200987398618,3,1,0,0,0,0,1,0,0,0,0
225.6,FeaturePoor,13,0.991361759926674,39.8520582023522,1.60102571858517,0.368358065802442,126,0.819553362706975,0.139274956839436,0.844685060327783,0.960487911282883,2.03211899980939,7.46762839931379,850,647.71485764514,0.762017479582518,5,0,0,0,0,0,1,0,0,0,0
225.7,FeaturePoor,15,1.01380429505858,36.213783246589,1.1919881436703,0.257345292188085,111,0,0.100235855594708,0.100235855594708,NaN,2.20393878889347,8.08617964001649,1600,1572.77665293989,0.982985408087431,3,1,0,0,0,0,1,0,0,0,0
225.8,FeaturePoor,14,1.13128282394963,36.7086364344479,1.47365761254336,0.317745182246011,72,0.790685319670036,0.103967672447172,0.812447279792967,1.05050108321308,2.18718483004934,8.02586538817764,900,375.51736670079,0.417241518556434,5,0,0,0,0,0,1,0,0,0,0
225.9,FeaturePoor,13,1.22731261339225,38.7296238519747,1.17479946349172,0.451988160258346,104,0,0.156321930317891,0.156321930317891,NaN,1.95948171315632,7.20613416736276,1550,1482.35088553167,0.956355410020429,3,1,0,0,0,0,1,0,0,0,0
226,FeaturePoor,14,1.33273421349512,39.4521129583888,1.24847721038561,0.364955638223795,80,0.808600945206779,0.121171624924474,0.831793079685082,0.993068785405907,2.11084828209472,7.751053815541,850,712.540670465454,0.838283141724063,5,0,0,0,0,0,1,0,0,0,0
226.1,FeaturePoor,15,1.16709602717993,38.371697006632,1.09043974070016,0.32295971613288,42,0,0.0973723544140634,0.0973723544140634,NaN,2.21684166644003,8.1326299991841,1600,1526.88179110635,0.954301119441468,3,1,0,0,0,0,1,0,0,0,0
226.2,FeaturePoor,15,1.22097674196571,38.3270292539849,1.3105875622098,0.180206844156807,118,0,0.0795773635132772,0.0795773635132772,NaN,2.29794457439292,8.42460046781453,1600,1403.65279328824,0.87728299580515,3,1,0,0,0,0,1,0,0,0,0
226.3,FeaturePoor,14,1.15103671703894,37.2207694120888,1.11845658354669,0.319367582177731,82,0,0.108169326026586,0.108169326026586,NaN,2.16840487759969,7.95825755935887,1600,1491.79214907603,0.932370093172521,3,1,0,0,0,0,1,0,0,0,0
226.4,FeaturePoor,13,1.13952043038495,38.821790302234,1.1518223350589,0.305235864112201,61,0.8008486852541,0.0961123630298288,0.819989588714826,1.01728996932016,2.2225321506688,8.15311574240768,850,764.096975049925,0.898937617705795,5,0,0,0,0,0,1,0,0,0,0
226.5,FeaturePoor,13,0.9980120759967,38.1297333137303,1.12588455779447,0.322638116061645,45,0,0.097275391992586,0.0972753919925859,NaN,2.21727929475535,8.13420546111925,1600,1508.07383668427,0.942546147927669,3,1,0,0,0,0,1,0,0,0,0
226.6,FeaturePoor,13,1.33062918165936,40.2417452710402,0.8738999228462,0.253258114654879,52,0.80528694052356,0.077099821568446,0.82029928266624,1.00330540424541,2.30936184837249,8.46570265414095,850,741.993212576637,0.872933191266632,5,0,0,0,0,0,1,0,0,0,0
226.7,FeaturePoor,15,1.54161410913028,40.2012996810688,1.25269573567511,0.399232610772372,37,0,0.12036863214787,0.12036863214787,NaN,2.11437835827352,7.76376208978468,1600,1523.57180789005,0.952232379931282,3,1,0,0,0,0,1,0,0,0,0
226.8,FeaturePoor,15,1.22374885687313,38.9944889598675,1.25047824192011,0.260218750523697,137,0.834262626600655,0,0.834262626600655,0.919751015530512,NaN,NaN,850,415.532869424329,0.48886219932274,2,0,0,0,0,1,0,0,0,0,0
226.9,FeaturePoor,15,1.20558534185371,37.2080195111137,1.16767887179227,0.0897183724968791,32,0,0.0270500893078091,0.0270500893078091,NaN,2.54657882178986,9.31968375844348,1650,1530.70421965267,0.927699527062224,3,1,0,0,0,0,1,0,1,0,0
227,FeaturePoor,16,1.26171247476211,39.390940767494,1.40952779355775,0.221246964230563,61,0.853009868486693,0.0707897097155148,0.863415257227566,0.9,2.33857940892644,8.57088587213519,800,753.552111422211,0.941940139277764,5,0,0,0,0,0,1,0,0,1,0
227.1,FeaturePoor,12,1.13199013462035,38.5054355841249,1.09098291539665,0.333062046567365,75,0,0.10969945704006,0.10969945704006,NaN,2.16158764198691,7.93371551115287,1600,1561.61968447186,0.976012302794913,3,1,0,0,0,0,1,0,0,0,0
227.2,FeaturePoor,12,1.17213199838447,42.7567591515527,1.40682504224453,0.238803191480163,53,0.818836120970787,0.073112912231269,0.832081539757726,0.962562808519292,2.327799183681,8.53207706125159,850,543.634140159778,0.639569576658563,5,0,0,0,0,0,1,0,0,0,0
227.3,FeaturePoor,15,1.23614273453369,37.948046758403,1.42214544707975,0.314516023496921,142,0,0.128981581084322,0.128981581084322,NaN,2.07668271522592,7.62805777481331,1600,1554.27932800293,0.971424580001834,3,1,0,0,0,0,1,0,0,0,0
227.4,FeaturePoor,16,1.30455786168792,39.8208793710102,1.70274007765039,0.0997245508636133,24,0.84844768955798,0.0300669520853794,0.853004405614468,0.9,2.53192529359236,9.26693105693251,800,339.913907439561,0.424892384299451,5,0,0,0,0,0,1,0,0,1,0
227.5,FeaturePoor,17,1.21544860792404,38.1932567648576,1.33402515582012,0.355427476559634,85,0,0.12015513418273,0.12015513418273,NaN,2.11531746976253,7.76714289114509,1600,1384.41475227929,0.865259220174559,3,1,0,0,0,0,1,0,0,0,0
227.6,FeaturePoor,16,1.32211476908181,41.4515513006114,1.17968492136023,0.332596151707662,125,0.876656390384829,0.12812148973986,0.892459357398617,0.9,2.0804303416336,7.64154922988097,800,519.601693582798,0.649502116978498,5,0,0,0,0,0,1,0,0,1,0
227.7,FeaturePoor,14,1.35320977066366,40.5804464807562,1.26826322303756,0.375794911732503,126,0,0.14151716588735,0.14151716588735,NaN,2.02248194116522,7.4329349881948,1600,1203.23547543943,0.752022172149643,3,1,0,0,0,0,1,0,0,0,0
227.8,FeaturePoor,14,1.25488736778967,38.071540181955,0.827291587799282,0.29551294553394,92,0.808249369035311,0.104689653078483,0.828323676068584,0.994146435802852,2.18395154326182,8.01422555574255,850,748.815842128545,0.880959814268877,5,0,0,0,0,0,1,0,0,0,0
227.9,FeaturePoor,14,1.31468094036458,38.0262125821148,1.0593009986854,0.121810737959497,41,0,0.0367259374947885,0.0367259374947885,NaN,2.49974229873824,9.15107227545765,1650,1616.51842958363,0.979708139141596,3,1,0,0,0,0,1,0,1,0,0
228,FeaturePoor,13,1.18943286902158,39.7226280177474,1.29898501790796,0.338476656952751,82,0.803705065437569,0.113930712071254,0.826069087108247,1.00825361067895,2.14279695752639,7.86606904709499,850,662.593587296049,0.779521867407117,5,0,0,0,0,0,1,0,0,0,0
228.1,FeaturePoor,15,1.06581259773975,38.4679798782175,1.25401050013333,0.270376678892963,53,0,0.0826323186862283,0.0826323186862283,NaN,2.28390865679751,8.37407116447105,1600,1580.81299258357,0.988008120364732,3,1,0,0,0,0,1,0,0,0,0
228.2,FeaturePoor,14,1.37234124094304,39.9716719569841,1.01926735406667,0.296209345793963,90,0.815919347283756,0.10415711775688,0.835092657505485,0.971085493635507,2.18633617416415,8.02281022699095,850,763.825178895132,0.898617857523685,5,0,0,0,0,0,1,0,0,0,0
228.3,FeaturePoor,14,1.3323143890927,38.3266933901275,1.39760254519331,0.343355945597106,93,0,0.119485567597528,0.119485567597528,NaN,2.11826416417262,7.77775099102143,1600,1508.92241743737,0.943076510898355,3,1,0,0,0,0,1,0,0,0,0
228.4,FeaturePoor,13,1.00231110654694,37.3757984553576,1.36847147191723,0.277848198092045,49,0,0.0837712317247515,0.0837712317247515,NaN,2.27868788953795,8.35527640233661,1600,1489.86247928091,0.931164049550566,3,1,0,0,0,0,1,0,0,0,0
228.5,FeaturePoor,13,1.36094529455783,38.8484423916947,1.24922431326722,0.443783482355893,79,0,0.144566969930302,0.144566969930302,NaN,2.00941417233556,7.38589102040803,1600,1548.90422909103,0.968065143181891,3,1,0,0,0,0,1,0,0,0,0
228.6,FeaturePoor,14,1.14700824627874,37.5250042696597,0.950455253125687,0.305930958875052,94,0.809596735633989,0.108573184100828,0.830269424309398,0.990027224649865,2.16660442026034,7.95177591293723,850,720.28448294495,0.847393509347001,5,0,0,0,0,0,1,0,0,0,0
228.7,FeaturePoor,14,1.01060515729634,37.7266576618387,1.08537565555586,0.338166247491364,90,0,0.116807123618646,0.116807123618646,NaN,2.13007414222692,7.82026691201692,1600,1412.50287607916,0.882814297549477,3,1,0,0,0,0,1,0,0,0,0
228.8,FeaturePoor,13,1.17032584006738,39.6458871178278,1.00382984943978,0.338205018732876,82,0.810760644031774,0.113848813147962,0.832305320109642,0.98649227077815,2.14315981489819,7.86737533363348,850,755.243824260233,0.888522146188509,5,0,0,0,0,0,1,0,0,0,0
228.9,FeaturePoor,11,1.12915985422301,39.5949874573363,0.978280736352677,0.283008342385681,28,0,0.0853270152292828,0.0853270152292828,NaN,2.27156667267343,8.32964002162436,1600,1544.77056752557,0.965481604703481,3,1,0,0,0,0,1,0,0,0,0
229,FeaturePoor,13,1.19118191895269,38.3811354664604,0.922999011429568,0.0859524474731541,41,0.795247323740842,0.025914662913156,0.800553420326665,1.0353892674823,2.55210560981898,9.33958019534832,900,738.373351093293,0.820414834548103,5,0,0,0,0,0,1,0,0,0,0
229.1,FeaturePoor,16,1.25927010334239,37.3534189612882,1.20992478274971,0.34886225740648,14,0,0.105181970608054,0.105181970608054,NaN,2.18174826431222,8.00629375152397,1600,1442.64062205126,0.901650388782035,3,1,0,0,0,0,1,0,0,0,0
229.2,FeaturePoor,16,1.16712401199223,39.811223520767,1.11657318857354,0.303967655207901,78,0,0.102041248045182,0.102041248045182,NaN,2.19582480053064,8.05696928191029,1600,1464.75901586982,0.915474384918635,3,1,0,0,0,0,1,0,0,0,0
229.3,FeaturePoor,16,1.38516919198874,40.6341640147341,1.10173771540666,0.283762531399092,56,0,0.0877819032168261,0.0877819032168261,NaN,2.26035464024679,8.28927670488844,1600,1398.95453538622,0.874346584616388,3,1,0,0,0,0,1,0,0,0,0
229.4,FeaturePoor,14,1.36034797653361,35.8077272694246,1.44974511844895,0.383400999487706,17,0.758292022814988,0.115595401345543,0.786232353446109,1.16738196987896,2.13542873530288,7.83954344709036,900,711.295658502654,0.790328509447393,5,0,0,0,0,0,1,0,0,0,0
229.5,FeaturePoor,15,1.13137458667781,38.0064421380361,1.41328152374643,0.26703717792603,68,0,0.0871942091446982,0.0871942091446981,NaN,2.26303602954743,8.29892970637076,1600,1492.18729449828,0.932617059061426,3,1,0,0,0,0,1,0,0,0,0
229.6,FeaturePoor,12,1.24230924644262,39.8327729361551,1.32466258886122,0.216724422680671,82,0.778530745781584,0.0772224134382222,0.795633136094693,1.09238904451249,2.30879618565195,8.46366626834701,900,873.777489554279,0.970863877282532,5,0,0,0,0,0,1,0,0,0,0
229.7,FeaturePoor,12,1.15478147926158,42.1941915337028,1.47942245620721,0.270716738565423,74,0,0.090531096677475,0.0905310966774749,NaN,2.24783421527669,8.24420317499609,1600,1368.13079119707,0.855081744498166,3,1,0,0,0,0,1,0,0,0,0
229.8,FeaturePoor,17,1.17039651044696,38.2200183239192,1.22185902952347,0.232509632180803,166,0.85161499308075,0.113166654102512,0.86840722783278,0.9,2.14618345848933,7.8782604505616,800,663.010501818164,0.828763127272705,5,0,0,0,0,0,1,0,0,1,0
229.9,FeaturePoor,13,1.18753180439987,38.380854617092,1.07007506736243,0.137818927488274,61,0,0.0456361566377145,0.0456361566377146,NaN,2.45702586379308,8.99729310965509,1650,1285.05131970115,0.77881898163706,3,1,0,0,0,0,1,0,1,0,0
230,FeaturePoor,14,1.27892303576821,39.5468848202347,1.38229716753945,0.315625658407819,76,0.812113085346249,0.104813636009957,0.831806196029801,0.982411941584846,2.18339656568428,8.01222763646342,850,808.600835872141,0.951295101026048,5,0,0,0,0,0,1,0,0,0,0
230.1,FeaturePoor,15,1.13653544813801,35.3351588447955,1.25161469773956,0.379931104867404,45,0,0.114549228117522,0.114549228117522,NaN,2.14005767356819,7.85620762484548,1600,1550.88829269534,0.969305182934589,3,1,0,0,0,0,1,0,0,0,0
230.2,FeaturePoor,15,1.11149627803151,39.2308245801621,1.31064781924788,0.277077906209465,113,0.847012725859576,0.106927738722154,0.863371309136678,0.9,2.17394515965981,7.97820257477533,800,633.332059963977,0.791665074954971,5,0,0,0,0,0,1,0,0,1,0
230.3,FeaturePoor,13,1.23034329416439,39.1034735724844,1.37833234830947,0.121535877493848,45,0,0.0366430670643953,0.0366430670643952,NaN,2.50014145058774,9.15250922211586,1650,1597.96851407525,0.968465766106214,3,1,0,0,0,0,1,0,1,0,0
230.4,FeaturePoor,13,1.26247143112891,37.4477850110508,1.43759330216944,0.135235979304774,0,0.766565969339696,0.0407736477603894,0.776083926281127,1.13593157336252,2.48028798707727,9.08103675347819,900,726.582680667914,0.807314089631015,5,0,0,0,0,0,1,0,0,0,0
230.5,FeaturePoor,13,1.13552170456659,41.9525130669975,1.16245789106193,0.305308199809752,71,0,0.0998466722426403,0.0998466722426403,NaN,2.20569003368162,8.09248412125384,1600,1582.80557360254,0.989253483501585,3,1,0,0,0,0,1,0,0,0,0
230.6,FeaturePoor,17,1.26380996713937,41.7061560589258,1.07798867681074,0.406756430392264,81,0,0.134145813763267,0.134145813763267,NaN,2.05425867955919,7.54733124641307,1600,1396.20620971925,0.872628881074531,3,1,0,0,0,0,1,0,0,0,0
230.7,FeaturePoor,16,1.33317296652149,37.0101198846965,1.31101258661394,0.304655386871309,102,0,0.1111585991417,0.1111585991417,NaN,2.15509758969936,7.91035132291771,1600,1143.03793619288,0.71439871012055,3,1,0,0,0,0,1,0,0,0,0
230.8,FeaturePoor,15,1.24165700861908,38.4858679622422,1.46086778730669,0.361422370997468,94,0.822230947143163,0.125303844855737,0.844506092962487,0.952814689228935,2.09273340956039,7.68584027441741,850,470.822332779581,0.553908626799507,5,0,0,0,0,0,1,0,0,0,0
230.9,FeaturePoor,14,1.16932386716498,38.1563931158055,1.14436187080594,0.38123851077299,110,0,0.137218410998057,0.137218410998057,NaN,2.0409801758018,7.49952863288646,1650,1610.27684857605,0.975925362773366,3,1,0,0,0,0,1,0,0,0,0
231,FeaturePoor,14,1.12979115740604,38.9935270430633,1.11431242443962,0.273842426260043,94,0.825495926050111,0.0988984915174029,0.842754115727396,0.943613374600867,2.20995982147403,8.10785535730651,850,507.749160799446,0.597351953881701,5,0,0,0,0,0,1,0,0,0,0
231.1,FeaturePoor,13,1.16989701077665,36.915246137459,1.03825805284187,0.283224837166582,117,0,0.110266038405724,0.110266038405724,NaN,2.15906630603561,7.92463870172819,1650,1505.3461426461,0.912330995543093,3,1,0,0,0,0,1,0,0,0,0
231.2,FeaturePoor,15,1.09673589103559,40.0758844160835,0.916515820241772,0.256361343422773,98,0.866838191799023,0.0951129450419659,0.879503603544132,0.9,2.22705145557656,8.16938524007562,800,752.128796311718,0.940160995389647,5,0,0,0,0,0,1,0,0,1,0
231.3,FeaturePoor,14,1.11837762839339,38.8264360385705,1.03687535257003,0.311338021281341,35,0,0.0938684134163242,0.0938684134163241,NaN,2.23268613051162,8.18967006984185,1600,1513.32074349295,0.945825464683091,3,1,0,0,0,0,1,0,0,0,0
231.4,FeaturePoor,14,1.13627999537368,41.9464488602789,1.36011760816765,0.285642725768624,74,0.855278747047024,0.0950312818192401,0.869031793221631,0.9,2.22742095221432,8.17071542797155,800,306.180894910428,0.382726118638035,5,0,0,0,0,0,1,0,0,1,0
231.5,FeaturePoor,15,1.21825332027965,39.268586236039,1.14868607394186,0.385001082929971,39,0,0.116077826503386,0.116077826503386,NaN,2.13329602199744,7.8318656791908,1600,1479.98275628086,0.924989222675535,3,1,0,0,0,0,1,0,0,0,0
231.6,FeaturePoor,14,1.11006493523606,38.5238943085334,1.48350090467279,0.331881879124162,52,0.814417425257184,0.100804886555935,0.833125055650892,0.975527136385383,2.20137963010421,8.07696666837517,850,713.576201925913,0.839501414030486,5,0,0,0,0,0,1,0,0,0,0
231.7,FeaturePoor,14,1.12505905085528,41.068187570304,1.05807752924992,0.102334559117545,73,0,0.0393926195739398,0.0393926195739398,NaN,2.48691634832254,9.10489885396116,1650,1502.67327064733,0.910711073119595,3,1,0,0,0,0,1,0,1,0,0
231.8,FeaturePoor,14,1.17733333907973,40.1115834928669,1.15059575212046,0.259474457861491,108,0.833423038362711,0.0997640490452395,0.850041430533301,0.921983073186486,2.20606191847856,8.0938229065228,850,631.625855933787,0.743089242275043,5,0,0,0,0,0,1,0,0,0,0
231.9,FeaturePoor,14,1.18699236395205,37.4617434318651,0.79073658784381,0.387881047059152,46,0,0.116946135688334,0.116946135688334,NaN,2.12946031818941,7.81805714548189,1600,1384.5261593232,0.865328849576998,3,1,0,0,0,0,1,0,0,0,0
232,FeaturePoor,14,1.22322529499146,35.7075118919218,1.43751426874627,0.487900060888076,108,0.770298710687708,0.168634368357755,0.809034242521849,1.12210145849383,1.90792203368977,7.02051932128318,900,553.184954763506,0.614649949737229,5,0,0,0,0,0,1,0,0,0,0
232.1,FeaturePoor,15,1.36392064649002,41.3247503940107,0.997745110923154,0.29389398915498,34,0,0.0886090377302264,0.0886090377302264,NaN,2.25658371526756,8.27570137496321,1650,1592.4813597352,0.965140218021335,3,1,0,0,0,0,1,0,0,0,0
232.2,FeaturePoor,17,1.14278592530989,37.006104943934,1.30957761622662,0.118094446808298,45,0.838020866558771,0.0356054757127018,0.843788210660477,0.909897917362972,2.50514199618831,9.17051118627792,850,743.211807899627,0.874366832823091,5,0,0,0,0,0,1,0,0,0,0
232.3,FeaturePoor,15,1.34552195020493,38.7435820812082,0.959075020568561,0.232363204250209,29,0,0.0700575060814381,0.0700575060814381,NaN,2.34198260498869,8.58313737795927,1650,1635.51732297651,0.991222619985764,3,1,0,0,0,0,1,0,0,0,0
232.4,FeaturePoor,16,1.0396896437162,40.6750292103027,1.35461803728602,0.255305347738837,42,0.891668465623277,0.0769745623432592,0.900007238069899,0.9,2.30993989640355,8.46778362705276,750,572.048689868829,0.762731586491772,5,0,0,0,0,0,1,0,0,1,0
232.5,FeaturePoor,14,1.20705093108815,39.0430791243307,1.28253260283877,0.244295895694591,123,0,0.100756462551919,0.100756462551919,NaN,2.20159734910534,8.07775045677924,1600,1532.76063531946,0.957975397074661,3,1,0,0,0,0,1,0,0,0,0
232.6,FeaturePoor,13,0.957473283096373,38.4743375087834,1.63089682398565,0.351784486829953,90,0.806065814144719,0.120913022779231,0.82951498277671,1.00088374754681,2.11198478379787,7.75514522167234,850,745.791835616352,0.87740215954865,5,0,0,0,0,0,1,0,0,0,0
232.7,FeaturePoor,15,1.23569881098134,38.2146935292158,1.34197361172507,0.390487575638187,70,0,0.125157004054914,0.125157004054913,NaN,2.09337566888544,7.68815240798757,1600,1485.81230770826,0.928632692317664,3,1,0,0,0,0,1,0,0,0,0
232.8,FeaturePoor,15,1.32815223913035,39.1707179975497,1.09116403116424,0.311487024891643,119,0.829720786658761,0.11952958800483,0.850074190875226,0.931960083968889,2.11807036599736,7.7770533175905,850,788.055583567339,0.927124215961575,5,0,0,0,0,0,1,0,0,0,0
232.9,FeaturePoor,13,1.2538398585577,38.9266442143397,0.976580391358902,0.315268259449475,95,0,0.111759630224017,0.111759630224017,NaN,2.15242738624944,7.90073859049798,1600,1455.08793411199,0.909429958819992,3,1,0,0,0,0,1,0,0,0,0
233,FeaturePoor,14,0.975099617011476,38.0774702734674,0.91258415166381,0.238295889178544,124,0.834786924103375,0.099318710587331,0.851195673773594,0.918362883577792,2.20806696274517,8.10104106588261,850,733.531762351142,0.86297854394252,5,0,0,0,0,0,1,0,0,0,0
233.1,FeaturePoor,15,1.11460857038211,37.7657032629463,1.15057686909018,0.110698119750122,36,0,0.0333754831046617,0.0333754831046617,NaN,2.51590739165787,9.20926660996832,1650,1526.98382546099,0.925444742703629,3,1,0,0,0,0,1,0,1,0,0
233.2,FeaturePoor,12,1.15517619315176,40.5414054151136,0.815634451408051,0.386918862445238,110,0.806221339076435,0.138931037027239,0.833143209392295,1.00040135543464,2.03359939748746,7.47295783095487,850,718.34841668032,0.845115784329788,5,0,0,0,0,0,1,0,0,0,0
233.3,FeaturePoor,15,1.05683598430451,39.1681715064716,1.14036789960967,0.439406195393588,94,0,0.148815967911167,0.148815967911167,NaN,1.99128564120751,7.32062830834704,1550,1294.12755097137,0.834921000626692,3,1,0,0,0,0,1,0,0,0,0
233.4,FeaturePoor,13,1.03313426444454,34.8444428723451,1.02724648399831,0.340370316428109,130,0.766596230083948,0.132321650403075,0.79748060212954,1.1358185584882,2.06216429589811,7.57579146523319,900,809.987913471821,0.899986570524246,5,0,0,0,0,0,1,0,0,0,0
233.5,FeaturePoor,14,1.29791150170949,36.826775113703,0.96062849061344,0.411586172647955,56,0,0.126320731053358,0.126320731053359,NaN,2.08828866246784,7.66983918488424,1600,1575.17650983371,0.984485318646069,3,1,0,0,0,0,1,0,0,0,0
233.6,FeaturePoor,16,1.20967939127131,41.5645780941352,1.34220380311467,0.304991638281913,88,0.885458479969276,0.106062478941997,0.897607037525519,0.9,2.17781072888832,7.99211862399795,750,666.738880077172,0.88898517343623,5,0,0,0,0,0,1,0,0,1,0
233.7,FeaturePoor,13,1.0562661644084,39.8918520958412,1.1216613562642,0.373162903110507,108,0,0.134041115287818,0.134041115287818,NaN,2.05471197502992,7.5489631101077,1550,1423.52170038398,0.918401097021923,3,1,0,0,0,0,1,0,0,0,0
233.8,FeaturePoor,16,1.14611076484756,36.9830433488871,0.992387405234246,0.301056687346035,68,0.843957951240406,0.0974510912348296,0.859164419170547,0.9,2.216486331783,8.1313507944188,800,745.926987673306,0.932408734591633,5,0,0,0,0,0,1,0,0,1,0
233.9,FeaturePoor,14,1.34707448239929,40.2129352290367,1.21762546464526,0.0957218707588996,36,0,0.0288601440338082,0.0288601440338082,NaN,2.53778154961509,9.28801357861432,1650,1599.26865787656,0.9692537320464,3,1,0,0,0,0,1,0,1,0,0
234,FeaturePoor,14,1.22229424903411,38.1313399711979,1.41367718671714,0.354550254561737,97,0.799944934749259,0.124345651750364,0.824820912223824,1.02017623305983,2.09692634402124,7.70093483847646,850,802.114530231858,0.94366415321395,5,0,0,0,0,0,1,0,0,0,0
234.1,FeaturePoor,13,1.22711926515953,39.7683063576316,1.04335737864479,0.305957863867782,20,0,0.0922462959561364,0.0922462959561363,NaN,2.24004196801339,8.21615108484819,1600,1574.55524074561,0.984097025466003,3,1,0,0,0,0,1,0,0,0,0
234.2,FeaturePoor,12,1.24594499227054,39.0298602940727,1.23900121420013,0.314416386067466,106,0.770275288966722,0.115586540399341,0.796828373559297,1.12218754287458,2.13546791880702,7.83968450770526,900,789.140939178506,0.876823265753896,5,0,0,0,0,0,1,0,0,0,0
234.3,FeaturePoor,16,1.12901945090249,39.6769824655236,0.834036289911977,0.306400653238859,83,0,0.104631046951516,0.104631046951516,NaN,2.18421390520785,8.01517005874824,1600,1512.51708978083,0.945323181113017,3,1,0,0,0,0,1,0,0,0,0
234.4,FeaturePoor,14,0.998558472364577,38.5035169642947,1.5431959178971,0.31954580491582,49,0,0.0963430601821198,0.0963430601821198,NaN,2.22148966220254,8.14936278392914,1600,1343.16948642468,0.839480929015423,3,1,0,0,0,0,1,0,0,0,0
234.5,FeaturePoor,13,1.19341393503459,38.7466555333698,1.10542259520334,0.402569088929143,96,0,0.138452080312137,0.138452080312137,NaN,2.03566204479621,7.48038336126637,1600,1496.22489869338,0.935140561683365,3,1,0,0,0,0,1,0,0,0,0
234.6,FeaturePoor,15,1.26916349082344,38.1602336493526,1.03953522058894,0.431208361917211,73,0.824239733464762,0.138548071118039,0.848590979372411,0.947133370340304,2.03524856443613,7.47889483197006,850,702.256211625396,0.826183778382819,5,0,0,0,0,0,1,0,0,0,0
234.7,FeaturePoor,12,1.27350481085096,38.9835635678848,1.1038647369048,0.335284756413123,64,0,0.106285854058557,0.106285854058557,NaN,2.17681243663961,7.98852477190259,1600,1581.89064728848,0.988681654555299,3,1,0,0,0,0,1,0,0,0,0
234.8,FeaturePoor,14,1.21437157674212,38.2004662344977,1.25045642802247,0.285527416254814,108,0.804813103932101,0.107619016000827,0.825818925623184,1.00478339517297,2.17085955150833,7.96709438543,850,727.875221421032,0.856323789907097,5,0,0,0,0,0,1,0,0,0,0
234.9,FeaturePoor,15,1.32942148461577,41.5009189024977,1.09697898770266,0.263066550271417,99,0,0.0975058149068323,0.0975058149068323,NaN,2.21623938531745,8.13046178714283,1600,1384.50153284442,0.86531345802776,3,1,0,0,0,0,1,0,0,0,0
235,FeaturePoor,14,1.20469543037084,39.071032047912,1.16817077827973,0.326322568098917,108,0.817885646766766,0.119918754281824,0.839724573143336,0.965325101228472,2.11635749766214,7.77088699158372,850,725.226212230088,0.853207308505986,5,0,0,0,0,0,1,0,0,0,0
235.1,FeaturePoor,14,1.26340487282701,38.5477848564597,1.16038252795439,0.341817925132889,11,0,0.103058104427566,0.103058104427566,NaN,2.19126191008268,8.04054287629764,1600,1554.54650844904,0.97159156778065,3,1,0,0,0,0,1,0,0,0,0
235.2,FeaturePoor,11,1.35271818241902,39.374535198319,1.10179168204379,0.338431671270755,122,0.746331335399813,0.128767148888133,0.778995526102639,1.21478233120034,2.07761670214128,7.63142012770862,950,895.419094281573,0.942546415033235,5,0,0,0,0,0,1,0,0,0,0
235.3,FeaturePoor,15,1.0878653402373,39.6356815682332,1.09541482894759,0.339778709245465,79,0,0.113209530837508,0.113209530837508,NaN,2.14599334049358,7.8775760257769,1600,1574.09438213655,0.983808988835345,3,1,0,0,0,0,1,0,0,0,0
235.4,FeaturePoor,16,1.1918361947569,40.4798203290378,1.04028658665055,0.363666260679627,52,0.880377575402715,0.110387877594908,0.893582440966766,0.9,2.15852432082523,7.92268755497084,800,500.96631703046,0.626207896288075,5,0,0,0,0,0,1,0,0,1,0
235.5,FeaturePoor,14,1.08227354421702,40.9590090365902,1.18202608586528,0.356572447346266,120,0,0.133494092874899,0.133494092874899,NaN,2.05708121770674,7.55749238374425,1600,1517.30605095766,0.948316281848538,3,1,0,0,0,0,1,0,0,0,0
235.6,FeaturePoor,14,1.30838935534945,38.352375507738,1.2994020178158,0.271326164663866,32,0.796651732934572,0.0818048386461556,0.813286605110835,1.0308041417481,2.28770588583403,8.38774118900251,900,794.555041374502,0.882838934860558,5,0,0,0,0,0,1,0,0,0,0
235.7,FeaturePoor,12,1.41801548394241,39.8059758762928,1.40499515015177,0.385968315380762,77,0,0.1263931970873,0.1263931970873,NaN,2.08797211523837,7.66869961485814,1600,1580.61975780161,0.987887348626004,3,1,0,0,0,0,1,0,0,0,0
235.8,FeaturePoor,13,1.13038846017256,40.4090691475535,1.30330782886591,0.375029467793808,147,0.817726140206299,0.149082634539833,0.844900007432088,0.965790079712751,1.99015090710418,7.31654326557504,850,477.891064825189,0.562224782147282,5,0,0,0,0,0,1,0,0,0,0
235.9,FeaturePoor,14,1.08387288497008,40.4469720807514,1.07077593423434,0.2741017068785,133,0,0.113455414623868,0.113455414623868,NaN,2.14490325464935,7.87365171673765,1650,1611.45272307216,0.976638013983126,3,1,0,0,0,0,1,0,0,0,0
236,FeaturePoor,13,1.47024440868136,40.5889716182579,1.37128418965449,0.379066235125425,77,0.78646730985707,0.124312219890316,0.813012032587889,1.06476967807741,2.09707272058357,7.70146179410084,900,723.666915031127,0.804074350034586,5,0,0,0,0,0,1,0,0,0,0
236.1,FeaturePoor,13,0.924431069471631,39.2629114441817,1.66235900842211,0.320806931661088,88,0,0.110830789895818,0.110830789895818,NaN,2.15655471049324,7.91559695777565,1600,1554.96552972451,0.97185345607782,3,1,0,0,0,0,1,0,0,0,0
236.2,FeaturePoor,16,0.967096912529462,36.9024419686294,1.20733322356152,0.358311428574522,86,0.857032039074454,0.121395895715218,0.874387762749589,0.9,2.10986293016516,7.74750654859457,800,735.993560949655,0.919991951187069,5,0,0,0,0,0,1,0,0,1,0
236.3,FeaturePoor,13,1.16149316085859,39.0388939974232,1.01751775914191,0.235840765717164,53,0,0.072219740863725,0.072219740863725,NaN,2.33194052310743,8.54698588318676,1650,1570.08015683011,0.951563731412187,3,1,0,0,0,0,1,0,0,0,0
236.4,FeaturePoor,13,1.2542083741639,40.0174145606342,1.2260236968484,0.312265121349945,90,0.802429528755649,0.108997934087009,0.82396430195788,1.01227272886172,2.16471170365305,7.94496213315097,850,728.137705529027,0.856632594740032,5,0,0,0,0,0,1,0,0,0,0
236.5,FeaturePoor,14,1.29905789684567,38.0307987463915,1.3111285472799,0.455870449948444,97,0,0.154893690659456,0.154893690659456,NaN,1.96551168521799,7.22784206678476,1550,1513.55997052745,0.976490303566098,3,1,0,0,0,0,1,0,0,0,0
236.6,FeaturePoor,13,1.08005051184109,42.3349473524652,1.29101528997943,0.330145922798789,113,0.846194422119555,0.122927745723835,0.86510139508815,0.9,2.10313934805268,7.72330165298967,800,725.402384708442,0.906752980885553,5,0,0,0,0,0,1,0,0,1,0
236.7,FeaturePoor,16,1.21396916583183,38.8684274764444,1.25711305012616,0.420954516560961,72,0,0,0,NaN,NaN,NaN,1700,1700.00000000002,1.00000000000001,0,1,0,0,0,1,0,0,1,0,0
236.8,FeaturePoor,13,1.19140467277547,40.4737478651297,1.05382224994513,0.340006144369272,120,0.817562892510166,0.128499352527336,0.84100594269957,0.966266385514058,2.07878344636318,7.63562040690746,850,511.287942932309,0.601515226979187,5,0,0,0,0,0,1,0,0,0,0
236.9,FeaturePoor,14,1.21751290537821,42.05300469006,0.995797527784469,0.148327566945266,40,0,0.0447207614339976,0.0447207614339976,NaN,2.4613960590881,9.01302581271717,1700,1387.15794458216,0.815975261518919,3,1,0,0,0,0,1,0,1,0,0
237,FeaturePoor,15,1.1434244772551,39.0162107773028,1.25604411533664,0.33322848912532,83,0.842325629008621,0.112719639471284,0.860098627260631,0.9,2.14816609544992,7.88539794361972,800,763.926968563557,0.954908710704446,5,0,0,0,0,0,1,0,0,1,0
237.1,FeaturePoor,11,0.984266195348046,38.9616238983518,1.23459332355083,0.234477116553415,124,0,0.0981673506408546,0.0981673506408546,NaN,2.21325531862534,8.11971914705122,1600,1569.64873442916,0.981030459018224,3,1,0,0,0,0,1,0,0,0,0
237.2,FeaturePoor,14,1.08611242861522,42.3061533900688,1.09496444805753,0.331205755834063,100,0.870079339580734,0.11842103538397,0.885464678705353,0.9,2.12295367713368,7.79463323768124,800,714.468163410848,0.893085204263561,5,0,0,0,0,0,1,0,0,1,0
237.3,FeaturePoor,13,1.01741695524621,36.8977991578793,1.26767837499421,0.349965298522389,53,0,0.1066282875045,0.1066282875045,NaN,2.17528254171786,7.98301715018428,1600,1580.52382786887,0.987827392418047,3,1,0,0,0,0,1,0,0,0,0
237.4,FeaturePoor,16,1.24510665281202,39.3403745240528,1.32480335041539,0.326020163939517,63,0.855683053428163,0.103121329427764,0.870565208817606,0.9,2.19097837431855,8.03952214754679,800,532.614160611231,0.665767700764039,5,0,0,0,0,0,1,0,0,1,0
237.5,FeaturePoor,15,1.198695781169,36.8349132832353,1.85810798894037,0.386371275813228,103,0,0.136167189657688,0.136167189657688,NaN,2.04551781055974,7.51586411801507,1600,1472.57067549912,0.920356672186947,3,1,0,0,0,0,1,0,0,0,0
237.6,FeaturePoor,16,1.19403606030439,40.2152870458239,1.15960640397909,0.334990376019862,96,0.874503797115925,0.118077098369989,0.889322024608928,0.9,2.12447001104875,7.80009203977549,800,348.246380074982,0.435307975093728,5,0,0,0,0,0,1,0,0,1,0
237.7,FeaturePoor,14,1.12470264730893,37.95592921571,1.01838930120657,0.296434620449494,24,0,0.0893750380655223,0.0893750380655223,NaN,2.25309455324542,8.26314039168352,1600,1409.77209417583,0.881107558859892,3,1,0,0,0,0,1,0,0,0,0
237.8,FeaturePoor,14,1.22189583286019,39.7460527746791,1.24409605696501,0.233677275208385,63,0.822757555716577,0.0752799484753282,0.836100357789874,0.951319072444499,2.31776793422948,8.49596456322612,850,780.430720558895,0.918153788892818,5,0,0,0,0,0,1,0,0,0,0
237.9,FeaturePoor,15,1.15544114776176,35.3602628665669,1.32006749537227,0.262253305238891,81,0,0.0905781215295257,0.0905781215295257,NaN,2.24762038260192,8.24343337736689,1600,1531.90926880364,0.957443293002272,3,1,0,0,0,0,1,0,0,0,0
238,FeaturePoor,14,1.11615630250575,40.3418530836237,1.12424440744911,0.317816006102779,109,0.842844643186157,0.117725275839988,0.861345800916799,0.9,2.12602172222906,7.80567820002463,800,746.839173830905,0.933548967288631,5,0,0,0,0,0,1,0,0,1,0
238.1,FeaturePoor,14,1.25629508120414,39.3539943143341,0.863627961836232,0.348884839472627,46,0,0.105188779100997,0.105188779100997,NaN,2.18171780261691,8.00618408942088,1600,1351.63290741425,0.844770567133904,3,1,0,0,0,0,1,0,0,0,0
238.2,FeaturePoor,14,1.03277105332023,38.5461494071198,1.17574579764673,0.286613809050292,121,0.828798024693364,0.112772813428663,0.848104953113238,0.934480930791151,2.14793020147823,7.88454872532161,850,641.875358142315,0.755147480167429,5,0,0,0,0,0,1,0,0,0,0
238.3,FeaturePoor,13,0.912388388093196,38.3691189366637,1.35142881979803,0.299012548610585,99,0,0.108343533406091,0.108343533406091,NaN,2.16762813604684,7.95546128976861,1600,1520.73529421838,0.950459558886484,3,1,0,0,0,0,1,0,0,0,0
238.4,FeaturePoor,16,1.18351807955235,39.0912648823874,1.2993658916662,0.375374772684712,75,0.859203228056385,0.122456743964441,0.876444742309304,0.9,2.10520541553373,7.73073949592142,800,740.368913326607,0.925461141658259,5,0,0,0,0,0,1,0,0,1,0
238.5,FeaturePoor,15,1.28032718797201,38.8849399410168,1.13870807935245,0.36654627877288,101,0,0.129447453050023,0.129447453050023,NaN,2.07465434250273,7.62075563300982,1550,1436.68051951578,0.926890657752115,3,1,0,0,0,0,1,0,0,0,0
238.6,FeaturePoor,15,1.08126067808725,42.3320880850902,0.998364421065042,0.320858804242441,141,0.893748904135576,0.130522679479096,0.907617081865391,0.9,2.06997702725053,7.6039172981019,750,504.619383151266,0.672825844201689,5,0,0,0,0,0,1,0,0,1,0
238.7,FeaturePoor,13,1.28388843623943,38.6313937412225,1.36281965479898,0.285567763222121,68,0,0.0927811806114694,0.0927811806114693,NaN,2.2376149656318,8.20741387627447,1650,1580.31847920705,0.957768775276998,3,1,0,0,0,0,1,0,0,0,0
238.8,FeaturePoor,15,1.07058312713655,38.4325293771949,1.34610547338628,0.378193744458626,57,0.840898604661902,0.116624163954276,0.859453671877166,0.902506031988238,2.13088216927371,7.82317580938534,850,710.724545286155,0.836146523866065,5,0,0,0,0,0,1,0,0,0,0
238.9,FeaturePoor,14,1.20783875719456,39.6624197046832,1.34216539005402,0.291353398225074,13,0,0.0878430495648598,0.0878430495648598,NaN,2.26007575556784,8.28827272004421,1600,1579.15738806008,0.986973367537547,3,1,0,0,0,0,1,0,0,0,0
239,FeaturePoor,15,1.1526928265067,39.6524709654367,1.12328886705974,0.319491090964969,70,0.851757068382577,0.103751563925938,0.867137504378851,0.9,2.188153147913,8.02935133248681,800,727.142335663444,0.908927919579305,5,0,0,0,0,0,1,0,0,1,0
239.1,FeaturePoor,14,1.14221319633035,39.9950065508618,1.49331098040771,0.386707486045282,81,0,0.128101057042653,0.128101057042653,NaN,2.08051941682535,7.64186990057126,1600,1561.71946744781,0.976074667154881,3,1,0,0,0,0,1,0,0,0,0
239.2,FeaturePoor,18,1.18399261239661,40.4052249427644,1.15571930870811,0.282201715698077,14,0.877850793502524,0.0850838172829702,0.888243714269415,0.9,2.27267905349375,8.33364459257751,800,628.520939835979,0.785651174794974,5,0,0,0,0,0,1,0,0,1,0
239.3,FeaturePoor,15,1.17083878459079,37.8948976941398,1.17599884651219,0.255909985797999,80,0,0.0882943607180967,0.0882943607180967,NaN,2.25801793174606,8.28086455428581,1600,1477.37578818807,0.923359867617542,3,1,0,0,0,0,1,0,0,0,0
239.4,FeaturePoor,13,1.12096024847805,39.2405087804437,0.98003795325328,0.213977151622412,76,0.811335338107741,0.0741666112141571,0.825327956736155,0.984754837175363,2.32291865947669,8.5145071741161,850,767.710189421806,0.903188458143301,5,0,0,0,0,0,1,0,0,0,0
239.5,FeaturePoor,13,1.08070963490886,37.053116464253,1.14517626467181,0.253080338471425,81,0,0.0878124720491346,0.0878124720491347,NaN,2.26021521537278,8.288774775342,1600,1540.40738044031,0.962754612775196,3,1,0,0,0,0,1,0,0,0,0
239.6,FeaturePoor,11,1.17287142439959,36.3264103875591,1.19958120762048,0.197891253082201,65,0.724935224281144,0.0652329628042835,0.74287851456438,1.30528504673012,2.36447353456915,8.66410472444892,950,685.347192746544,0.721418097627941,5,0,0,0,0,0,1,0,0,0,0
239.7,FeaturePoor,14,1.12725680079203,38.9967260774681,1.12518490140318,0.332415025124112,59,0,0.10356438007492,0.10356438007492,NaN,2.18899205167616,8.03237138603417,1600,1535.2396290235,0.959524768139689,3,1,0,0,0,0,1,0,0,0,0
239.8,FeaturePoor,13,1.18419016016225,40.18157079129,1.09834646152319,0.117257439117575,58,0.813836177325163,0.0383231178939489,0.820970555449119,0.977255750983266,2.49205606394304,9.12340183019494,850,765.05178613465,0.900060924864294,5,0,0,0,0,0,1,0,0,0,0
239.9,FeaturePoor,15,1.3123276033828,39.6600307349133,0.916782260283452,0.390657394490849,73,0,0.126321954438991,0.126321954438991,NaN,2.08828331823826,7.66981994565774,1600,1583.26915219555,0.989543220122221,3,1,0,0,0,0,1,0,0,0,0
240,FeaturePoor,14,1.35186169456368,40.7720070621962,1.20413782921508,0.256140489047966,61,0.823568792638159,0.0813101074479617,0.837914433065924,0.949023767449254,2.28997779669319,8.39592006809548,850,553.046502900993,0.650642944589403,5,0,0,0,0,0,1,0,0,0,0
240.1,FeaturePoor,14,1.04771000553703,39.4175978771642,1.10970407473784,0.293655740701615,103,0,0.108213455821537,0.108213455821537,NaN,2.16820810094441,7.95754916339989,1650,1608.09298499028,0.97460180908502,3,1,0,0,0,0,1,0,0,0,0
240.2,FeaturePoor,15,1.32601666517027,40.4687577916381,1.15148545846348,0.365777100817315,89,0.844245553630439,0.12476054589642,0.8636775633853,0.9,2.09511025504883,7.69439691817579,800,689.424405983192,0.86178050747899,5,0,0,0,0,0,1,0,0,1,0
240.3,FeaturePoor,13,1.12614819985154,38.9338624239024,1.01617644903431,0.316948977324524,91,0,0.110781366663344,0.110781366663344,NaN,2.15677444468278,7.91638800085799,1600,1565.30373608813,0.978314835055079,3,1,0,0,0,0,1,0,0,0,0
240.4,FeaturePoor,13,0.997450568978264,38.0446131903661,1.25302148861994,0.296658758774409,147,0.804078852079364,0.125453865770484,0.828657917472199,1.00708076962032,2.09207735223947,7.68347846806211,850,794.229553275301,0.934387709735649,5,0,0,0,0,0,1,0,0,0,0
240.5,FeaturePoor,14,1.17491313816303,38.2561823023665,1.38961287044522,0.356274326440287,111,0,0.130062959421747,0.130062959421747,NaN,2.07197613642512,7.61111409113045,1550,1461.22296576736,0.942724494043459,3,1,0,0,0,0,1,0,0,0,0
240.6,FeaturePoor,15,1.30049847236839,38.0360044775004,1.12269612395088,0.304498243695938,101,0.818041598778244,0.110739970474325,0.838191666757097,0.96487087820142,2.15695850028001,7.91705060100803,850,586.006019518449,0.689418846492293,5,0,0,0,0,0,1,0,0,0,0
240.7,FeaturePoor,14,0.957887484582154,40.7317967981906,1.21751276085045,0.358814702406569,116,0,0.132685132775581,0.132685132775581,NaN,2.06058769727128,7.57011571017661,1600,1501.65411711098,0.938533823194363,3,1,0,0,0,0,1,0,0,0,0
240.8,FeaturePoor,14,1.91102797218608,32.4991216496864,2.80230450316569,0.365449813308723,97,0.649032749368401,0.12763186871258,0.693827355423428,1.68542408812723,2.08256539121476,7.64923540837315,1050,252.960391035339,0.240914658128894,5,0,0,0,0,0,1,0,0,0,0
240.9,FeaturePoor,15,1.30265946395806,39.6989005441872,1.52078057540674,0.28515945036798,109,0,0.107879324285946,0.107879324285946,NaN,2.16969825009125,7.9629137003285,1600,1512.7513929241,0.945469620577565,3,1,0,0,0,0,1,0,0,0,0
241,FeaturePoor,15,1.17554846890581,39.3247872013783,0.958953865832525,0.431821972224429,131,0.84901002043047,0.160265574625665,0.873208516268898,0.9,1.94288476289691,7.14638514642887,800,663.318692042916,0.829148365053645,5,0,0,0,0,0,1,0,0,1,0
241.1,FeaturePoor,14,1.22055437838447,37.3893730400921,1.40707564552046,0.260077058657801,53,0,0.0795269831853269,0.0795269831853269,NaN,2.29817643670976,8.42543517215515,1600,1458.67368949339,0.911671055933367,3,1,0,0,0,0,1,0,0,0,0
241.2,FeaturePoor,14,1.36539516502185,38.5731540805626,1.31788761551864,0.295966382606785,62,0.793630079927084,0.0936888643559457,0.812964643375943,1.04070835128721,2.23349968648104,8.19259887133174,900,863.92152958071,0.959912810645234,5,0,0,0,0,0,1,0,0,0,0
241.3,FeaturePoor,16,1.19722281609505,36.9735960543484,1.27663485495386,0.338723450859804,92,0,0,0,NaN,NaN,NaN,1700,1700.00000000002,1.00000000000001,0,1,0,0,0,1,0,0,1,0,0
241.4,FeaturePoor,13,1.24927110785312,41.2287795587719,1.1715792586277,0.277752060695318,9,0.818554585878597,0.0837422462996383,0.833749232437891,0.9633795064455,2.27882067804008,8.35575444094429,850,818.27457605509,0.962675971829518,5,0,0,0,0,0,1,0,0,0,0
241.5,FeaturePoor,14,1.46879582485245,42.1025388275154,1.27095543681533,0.250265751278288,115,0,0.0995863740104038,0.0995863740104038,NaN,2.20686174466933,8.09670228080959,1600,1429.69889955642,0.89356181222276,3,1,0,0,0,0,1,0,0,0,0
241.6,FeaturePoor,15,1.42441037789952,39.5680999504283,0.746987655024305,0.364408745819427,40,0.833056958060083,0.109869236864557,0.85139886267787,0.922959834017222,2.16083193870021,7.93099497932077,850,405.797603885133,0.477408945747215,5,0,0,0,0,0,1,0,0,0,0
241.7,FeaturePoor,14,1.07380977609593,37.8194833313328,1.13293036342887,0.34230678765775,105,0,0.123624246478812,0.123624246478812,NaN,2.10008615339958,7.71231015223848,1600,1553.21373953032,0.970758587206447,3,1,0,0,0,0,1,0,0,0,0
241.8,FeaturePoor,16,1.23703475722881,38.8496235906439,0.999642021581615,0.310292603967412,48,0.857270585435879,0.0935532200961749,0.870623381770794,0.9,2.23411441199503,8.19481188318212,800,764.049184840609,0.955061481050761,5,0,0,0,0,0,1,0,0,1,0
241.9,FeaturePoor,12,1.29571236504039,41.0517786245348,1.33399102850848,0.413008985738269,64,0,0.129719709200088,0.129719709200088,NaN,2.07346946138695,7.61649006099301,1550,1523.45482511507,0.982874080719398,3,1,0,0,0,0,1,0,0,0,0
242,FeaturePoor,13,1.27085255344636,35.8293935124315,1.37453986946045,0.413922792900912,38,0.747592109524094,0.124797722059625,0.779092039285363,1.20967794539597,2.09494756828005,7.69381124580819,950,747.482515816399,0.786823700859367,5,0,0,0,0,0,1,0,0,0,0
242.1,FeaturePoor,16,1.14350369446931,38.8265404211145,1.56525168714067,0.125418643368494,66,0,0.043753720975601,0.0437537209756009,NaN,2.46601736537002,9.02966251533208,1650,1405.00272021809,0.851516800132178,3,1,0,0,0,0,1,0,1,0,0
242.2,FeaturePoor,13,1.08044199109436,38.7541571077414,1.54810419494979,0.367973925121587,119,0.79811134529386,0.136560388424159,0.825681338398961,1.02607223119244,2.0438199070956,7.50975166554416,900,701.172109904828,0.779080122116475,5,0,0,0,0,0,1,0,0,0,0
242.3,FeaturePoor,12,1.10240537854015,39.456782871544,1.18321916522713,0.323027230096624,53,0,0.0985064598741322,0.0985064598741322,NaN,2.21172650722167,8.11421542599803,1600,1569.92400094742,0.981202500592136,3,1,0,0,0,0,1,0,0,0,0
242.4,FeaturePoor,14,1.2213094302626,38.915516480114,1.26033985987265,0.254020293222802,60,0.81251847241385,0.0802996184066747,0.827573167537318,0.98119458548829,2.29462197975727,8.41263912712617,850,572.671750906265,0.67373147165443,5,0,0,0,0,0,1,0,0,0,0
242.5,FeaturePoor,18,1.26246516850057,40.3620937190757,1.25153644473124,0.167723755419617,6,0,0.0505687122590144,0.0505687122590145,NaN,2.43354942535377,8.91277793127355,1700,1671.16338039032,0.983037282582542,3,1,0,0,0,0,1,0,0,0,0
242.6,FeaturePoor,15,1.30415397272648,42.1512192461019,1.18576776889215,0.419386884776519,127,0.865779005696669,0.155031395760121,0.886587473783826,0.9,1.96492985537772,7.22574747935981,800,668.306885328209,0.835383606660261,5,0,0,0,0,0,1,0,0,1,0
242.7,FeaturePoor,13,1.31642643189593,40.1064055437175,1.44175702847304,0.33121103641833,0,0,0.0998601274801265,0.0998601274801265,NaN,2.20562947525024,8.09226611090085,1600,1581.68712390064,0.988554452437899,3,1,0,0,0,0,1,0,0,0,0
242.8,FeaturePoor,13,1.19426887153587,38.6463605350937,1.21598379102394,0.421411819810319,16,0,0.127055663672811,0.127055663672811,NaN,2.08507953581429,7.65828632893144,1600,1515.30272609086,0.94706420380679,3,1,0,0,0,0,1,0,0,0,0
242.9,FeaturePoor,14,1.01747502340008,41.5748645611966,1.18571238314004,0.301684798820989,40,0,0.0909579668445282,0.0909579668445282,NaN,2.24589354510859,8.23721676239091,1600,1491.49980536352,0.9321873783522,3,1,0,0,0,0,1,0,0,0,0
243,FeaturePoor,15,1.33152901973555,37.4241144753937,1.2338700342643,0.282318947307714,92,0.805507474547882,0.100711662613276,0.82509514015202,1.00261873965394,2.20179878439945,8.07847562383801,850,776.664928863916,0.913723445722254,5,0,0,0,0,0,1,0,0,0,0
243.1,FeaturePoor,15,1.41046702722339,39.3774463123683,1.39854109021994,0.330439625693211,91,0,0.114848797146503,0.114848797146503,NaN,2.13873162978248,7.85143386721693,1600,1543.81799628591,0.964886247678695,3,1,0,0,0,0,1,0,0,0,0
243.2,FeaturePoor,14,1.15263693991624,41.0216498709518,1.23963176420787,0.35771812067983,40,0.844970709215138,0.107852013384969,0.861690930359929,0.9,2.16982007505313,7.96335227019128,800,341.413837196794,0.426767296495993,5,0,0,0,0,0,1,0,0,1,0
243.3,FeaturePoor,12,1.11899792101766,40.1918531658381,1.31026466938052,0.340431672739065,68,0,0.109322649330828,0.109322649330828,NaN,2.16326535748764,7.93975528695549,1600,1587.81560112586,0.992384750703662,3,1,0,0,0,0,1,0,0,0,0
243.4,FeaturePoor,16,1.26695003747186,39.61139267984,1.26872699516142,0.136841754891689,44,0.857970746435321,0.0412577890998443,0.863830559424901,0.9,2.4779665674043,9.07267964265547,800,670.571167574762,0.838213959468453,5,0,0,0,0,0,1,0,0,1,0
243.5,FeaturePoor,14,1.43051809370472,39.107767901589,1.24715609310221,0.312709142449909,21,0,0.0942818064486475,0.0942818064486475,NaN,2.23081361532481,8.18292901516933,1600,1541.05329673942,0.963158310462141,3,1,0,0,0,0,1,0,0,0,0
243.6,FeaturePoor,14,1.19781930101132,39.4318883891431,1.29431333135888,0.108317670123078,49,0.820320386212516,0.0326577775421081,0.826188323068439,0.958278108886556,2.51937743837443,9.22175877814796,850,713.413732273938,0.839310273263457,5,0,0,0,0,0,1,0,0,0,0
243.7,FeaturePoor,14,1.33619173509007,37.747322185865,1.25819458201917,0.403283410105153,132,0,0.152032448146704,0.152032448146704,NaN,1.97762242249018,7.27144072096465,1550,1496.91081501058,0.965748912910054,3,1,0,0,0,0,1,0,0,0,0
243.8,FeaturePoor,9,1.023169499125,38.5417961598197,1.14887055637472,0.283810882809477,12,0,0.0855689811670574,0.0855689811670574,NaN,2.27046022050963,8.32565679383468,1550,1398.7267541888,0.902404357541159,3,1,0,0,0,0,1,0,0,0,0
243.9,FeaturePoor,14,1.20130494073141,40.3013027100317,1.30536116923337,0.34455079464935,79,0,0.114648314586779,0.114648314586779,NaN,2.13961901716008,7.85462846177628,1550,1270.44278748966,0.819640508057845,3,1,0,0,0,0,1,0,0,0,0
244,FeaturePoor,14,1.05081870140464,38.987835834565,1.00700360274465,0.363746014975965,57,0.83573851798841,0.112268173515253,0.85417985455276,0.91585467578115,2.15016948938486,7.8926101617855,850,568.179942199777,0.668446990823267,5,0,0,0,0,0,1,0,0,0,0
244.1,FeaturePoor,14,1.04238321916215,35.1790647472471,1.03170190165969,0.323673332753256,84,0,0.110210009825107,0.110210009825107,NaN,2.15931556653859,7.92553603953893,1650,1351.26815428185,0.818950396534454,3,1,0,0,0,0,1,0,0,0,0
244.2,FeaturePoor,13,1.13474453465986,36.5500773513654,1.17068888261912,0.310504157992606,84,0.773678447663861,0.106239503634771,0.797722737045903,1.10977156041472,2.17701956215755,7.98927042376719,900,817.560451117911,0.908400501242124,5,0,0,0,0,0,1,0,0,0,0
244.3,FeaturePoor,13,1.27015818627676,38.6662927805818,1.17725305583213,0.296006706259365,60,0,0.0929585219371985,0.0929585219371986,NaN,2.23681060731588,8.20451818633716,1600,1422.08785503736,0.888804909398352,3,1,0,0,0,0,1,0,0,0,0
244.4,FeaturePoor,13,1.19694439523009,40.1506471199203,1.32111307181255,0.299428952337234,71,0.807659132754451,0.098074079129676,0.826522786188561,0.99596007370216,2.21367591684445,8.12123330064004,850,730.816933467417,0.859784627608726,5,0,0,0,0,0,1,0,0,0,0
244.5,FeaturePoor,15,1.22383557335578,38.4304658973089,1.14977316467655,0.307250773902518,120,0,0.118623608331609,0.118623608331609,NaN,2.12206085947598,7.79141909411353,1600,1406.09583591517,0.878809897446982,3,1,0,0,0,0,1,0,0,0,0
244.6,FeaturePoor,15,1.11904890189773,39.1106278112251,1.23792396437933,0.44525127980474,131,0.84627680119749,0.164314510861129,0.871535753416732,0.9,1.92592559189319,7.08533213081547,800,767.181707864057,0.958977134830072,5,0,0,0,0,0,1,0,0,1,0
244.7,FeaturePoor,14,1.10452289885501,39.5414848116409,1.13319407608902,0.325327788626301,30,0,0.0980863282708298,0.0980863282708297,NaN,2.21362067812998,8.12103444126794,1600,1577.17456438545,0.985734102740908,3,1,0,0,0,0,1,0,0,0,0
244.8,FeaturePoor,13,1.2199916726422,35.6870604410693,1.27813222260709,0.279881886085604,96,0.75271169817171,0.10146188865481,0.777802036317449,1.18921203376896,2.19842684384945,8.06633663785803,950,851.066499282907,0.895859472929376,5,0,0,0,0,0,1,0,0,0,0
244.9,FeaturePoor,14,1.43016500587747,38.0653284073677,1.54076566888763,0.375874293953037,43,0,0.113326099626841,0.113326099626841,NaN,2.14547651400738,7.87571545042656,1600,1442.44784585913,0.901529903661955,3,1,0,0,0,0,1,0,0,0,0
245,FeaturePoor,13,1.15728692299639,39.4310328207487,1.22355342656508,0.335995462558804,81,0.804914130638788,0.112811381961479,0.826922037162583,1.00446797139536,2.14775910994275,7.8839327957939,850,487.071258094326,0.573025009522736,5,0,0,0,0,0,1,0,0,0,0
245.1,FeaturePoor,13,1.1213781959127,42.551882573158,0.905159272585878,0.293091896894504,109,0,0.110270956913693,0.110270956913693,NaN,2.15904442527819,7.92455993100148,1650,1533.38715054727,0.929325545786222,3,1,0,0,0,0,1,0,0,0,0
245.2,FeaturePoor,14,1.40374872316973,35.1011307296405,1.14073018667026,0.375974350330966,89,0.752072970162314,0.127835016624786,0.783766726143348,1.1917424969931,2.08167939556472,7.64604582403298,950,891.43787244402,0.938355655204232,5,0,0,0,0,0,1,0,0,0,0
245.3,FeaturePoor,14,1.29502891018948,38.8081432699236,1.33321343250569,0.335196890603115,104,0,0.121109362516839,0.121109362516839,NaN,2.11112188163889,7.75203877390001,1600,1321.5995579913,0.825999723744559,3,1,0,0,0,0,1,0,0,0,0
245.4,FeaturePoor,15,1.20237191896774,37.8482889326061,1.11837948493503,0.32067931379202,54,0.825302111808351,0.098169813108294,0.842452170842539,0.944154817108975,2.21324421497282,8.11967917390217,850,466.798422232972,0.549174614391732,5,0,0,0,0,0,1,0,0,0,0
245.5,FeaturePoor,14,1.29021801102062,37.5901505273744,1.09833720119003,0.376357378375735,60,0,0.117184249580284,0.117184249580284,NaN,2.12840912297282,7.81427284270213,1650,1630.43831734553,0.988144434754865,3,1,0,0,0,0,1,0,0,0,0
245.6,FeaturePoor,13,1.22712449019559,39.276246573546,0.796814778119685,0.363548948921616,129,0.8052146354031,0.138938758099867,0.832277872056223,1.00353070608918,2.0335661557565,7.47283816072339,850,533.277678677726,0.627385504326736,5,0,0,0,0,0,1,0,0,0,0
245.7,FeaturePoor,15,1.48878627121162,38.5778254155328,1.22897326852564,0.386652276590827,94,0,0.132910661392134,0.132910661392134,NaN,2.05960980281856,7.56659529014683,1600,1497.34925286231,0.935843283038947,3,1,0,0,0,0,1,0,0,0,0
245.8,FeaturePoor,14,1.26796611550562,38.4952503637104,1.47193199171667,0.112844433542046,51,0.798770357056265,0.0343938467129269,0.805691418549769,1.0239469535941,2.51098810816465,9.19155718939273,900,492.961784300365,0.547735315889294,5,0,0,0,0,0,1,0,0,0,0
245.9,FeaturePoor,15,1.30552841528085,40.4417921445195,1.22733062400722,0.339257483111771,79,0,0.113052381158199,0.113052381158199,NaN,2.14669019642285,7.88008470712227,1700,1670.45252295965,0.982619131152733,3,1,0,0,0,0,1,0,0,0,0
246,FeaturePoor,14,1.40352647412241,38.7504473007347,0.951248679889374,0.315661886510206,110,0.799864275872316,0.117447058782827,0.823369628028484,1.0204344645769,2.12724923512771,7.81009724645974,850,782.165439113445,0.920194634251112,5,0,0,0,0,0,1,0,0,0,0
246.1,FeaturePoor,14,1.27109378506842,36.8819613694187,1.36971197242722,0.27985678991128,83,0,0.096628072158251,0.0966280721582511,NaN,2.2202021000313,8.14472756011266,1600,1555.41744646396,0.972135904039974,3,1,0,0,0,0,1,0,0,0,0
246.2,FeaturePoor,14,1.15829923871456,38.8334165403255,1.35390602400114,0.322460615241657,52,0.815846357680179,0.0979643754953597,0.833886854245236,0.971300511837253,2.21417066968869,8.12301441087929,850,761.890077540384,0.89634126769457,5,0,0,0,0,0,1,0,0,0,0
246.3,FeaturePoor,13,1.28525298265119,37.6136958951818,1.31773379311649,0.104802623263602,22,0,0.0315979909139761,0.0315979909139761,NaN,2.52450612800462,9.24022206081663,1650,1629.70362883377,0.987699168990165,3,1,0,0,0,0,1,0,1,0,0
246.4,FeaturePoor,14,1.20192757226568,36.3913587084296,1.31684837864563,0.319230415054899,112,0.782978501492018,0.119265470139052,0.808861672541854,1.0767866465172,2.11923328022346,7.78123980880446,900,683.485749613553,0.759428610681726,5,0,0,0,0,0,1,0,0,0,0
246.5,FeaturePoor,12,1.22672755063469,36.6152203579424,1.18486242759606,0.387212178272497,69,0,0.123798221749158,0.123798221749158,NaN,2.09932389052484,7.70956600588944,1600,1544.04256860364,0.965026605377275,3,1,0,0,0,0,1,0,0,0,0
246.6,FeaturePoor,14,1.37079985716125,37.1857890152798,1.1734435542064,0.412688447567124,120,0.779419370650882,0.150413066941488,0.812597579619166,1.08924651235243,1.98449489205942,7.29618161141392,900,756.608562975742,0.840676181084158,5,0,0,0,0,0,1,0,0,0,0
246.7,FeaturePoor,13,1.02389366349453,40.7711314625662,1.10055136094476,0.329809891770939,7,0,0.099437682368938,0.099437682368938,NaN,2.20753121984257,8.09911239143327,1600,1558.04796560738,0.973779978504611,3,1,0,0,0,0,1,0,0,0,0
246.8,FeaturePoor,12,2.41988202359359,32.6235875203836,2.56268281457447,0.239327087663932,65,0.578110362057658,0.0777258669306756,0.610902099915795,2.12392693282496,2.30647394132194,8.45530618875896,1100,698.201367855402,0.634728516232184,5,0,0,0,0,0,1,0,0,0,0
246.9,FeaturePoor,14,1.17998301017045,37.6509175956509,1.05836644386114,0.450759230969299,113,0,0.159292658137244,0.159292658137244,NaN,1.94697208665485,7.16109951195748,1600,1519.57708852924,0.949735680330775,3,1,0,0,0,0,1,0,0,0,0
247,FeaturePoor,13,1.0723755644132,39.3531467493142,1.37101731487407,0.348288214502073,78,0.809598433675326,0.115403896672375,0.831571516361717,0.990022051671114,2.13627566505605,7.84259239420177,850,724.079087526725,0.851857750031441,5,0,0,0,0,0,1,0,0,0,0
247.1,FeaturePoor,13,1.28053396946591,39.4898732149222,1.62769512074502,0.378310558643927,104,0,0.134108133431144,0.134108133431144,NaN,2.05442181147524,7.54791852131088,1550,1438.04993940305,0.92777415445358,3,1,0,0,0,0,1,0,0,0,0
247.2,FeaturePoor,15,1.20042826167277,37.0788501285909,1.35594488326351,0.34825254424554,108,0.811426232909289,0.12653064209003,0.835286592740613,0.984480525078254,2.08737179801914,7.66653847286889,850,737.039255496691,0.867105006466695,5,0,0,0,0,0,1,0,0,0,0
247.3,FeaturePoor,16,1.0864950419744,41.1162314350585,1.30071851064617,0.266084843731273,136,0,0.112152080384979,0.112152080384979,NaN,2.1506848209118,7.89446535528249,1600,1457.48827351569,0.910930170947308,3,1,0,0,0,0,1,0,0,0,0
247.4,FeaturePoor,10,1.19151895551472,39.9060884828022,1.22592952340504,0.241037866561938,76,0.744681414817525,0.0823254167684242,0.765700623751396,1.22150063951665,2.28531660177312,8.37913976638322,950,870.892553973833,0.916729004182983,5,0,0,0,0,0,1,0,0,0,0
247.5,FeaturePoor,14,1.12470232018889,35.5792768271364,1.37900051855432,0.402482451087471,94,0,0.137683459002873,0.137683459002872,NaN,2.03897454219313,7.49230835189526,1550,1265.76900455007,0.816625164225851,3,1,0,0,0,0,1,0,0,0,0
247.6,FeaturePoor,13,1.41363487819424,40.0947601584551,1.17319177105614,0.32181507863738,45,0.789599682301878,0.0970272462091701,0.810014245729661,1.05414634949977,2.21839948522149,8.13823814679735,900,869.524347926827,0.966138164363141,5,0,0,0,0,0,1,0,0,0,0
247.7,FeaturePoor,16,1.20038202313068,38.1822810320467,1.26701978191629,0.484420386890114,45,0,0.146052746647369,0.146052746647369,NaN,2.00306477877126,7.36303320357652,1550,1405.22967346206,0.906599789330364,3,1,0,0,0,0,1,0,0,0,0
247.8,FeaturePoor,13,1.45093517030288,37.8056179610672,1.51767547711882,0.361964300250246,75,0.751902843419089,0.118413486525449,0.781280892726885,1.19241759282826,2.12298695185054,7.79475302666193,950,824.426014486008,0.867816857353692,5,0,0,0,0,0,1,0,0,0,0
247.9,FeaturePoor,15,1.33483610694826,39.3988469539363,1.41016437154792,0.238756119846447,85,0,0.0849787201337038,0.0849787201337039,NaN,2.27315985652039,8.33537548347339,1600,1438.02023354355,0.89876264596472,3,1,0,0,0,0,1,0,0,0,0
248,FeaturePoor,14,1.37453650258872,38.3775338945061,1.110971236511,0.279048074714032,103,0.794668719589062,0.103809244526281,0.815984004686135,1.03728747772156,2.18789467549139,8.028420831769,900,869.294130402277,0.965882367113641,5,0,0,0,0,0,1,0,0,0,0
248.1,FeaturePoor,14,1.22013213198354,38.8145782622815,1.02014439160913,0.380047783310741,142,0,0.148739406668188,0.148739406668188,NaN,1.99161149439907,7.32180137983665,1550,1488.55269744368,0.960356578995924,3,1,0,0,0,0,1,0,0,0,0
248.2,FeaturePoor,12,1.29695003205585,40.5150947659752,1.25086995148665,0.162053090488066,118,0.782996035968826,0.0741040067821519,0.799076899191146,1.07672576324194,2.32320847564216,8.51555051231179,900,857.438592797456,0.952709547552728,5,0,0,0,0,0,1,0,0,0,0
248.3,FeaturePoor,14,1.12913751773273,40.0444979851888,1.38176788839978,0.387003416949642,102,0,0.135986530210317,0.135986530210317,NaN,2.04629818994502,7.51867348380206,1550,1479.22234915715,0.954336999456223,3,1,0,0,0,0,1,0,0,0,0
248.4,FeaturePoor,14,1.22814588919045,39.6499474943405,1.15781792402523,0.404535286843179,61,0.822763746733642,0.126051138983219,0.845104578326985,0.951301515775173,2.08946652918132,7.67407950505277,850,794.069397491649,0.934199291166646,5,0,0,0,0,0,1,0,0,0,0
248.5,FeaturePoor,14,1.26569303264847,38.6925808695711,1.20640678297926,0.262214399254942,116,0,0.103560141375365,0.103560141375365,NaN,2.18901105032739,8.0324397811786,1600,1594.88346912714,0.996802168204462,3,1,0,0,0,0,1,0,0,0,0
248.6,FeaturePoor,15,1.39847150564511,39.667679655748,1.25662123676213,0.091142358915185,27,0.825810989608981,0.0274794212129283,0.830597602796179,0.94273449072802,2.54449069041085,9.31216648547907,850,459.522583038184,0.540614803574335,5,0,0,0,0,0,1,0,0,0,0
248.7,FeaturePoor,14,1.06029351657827,38.22051905012,1.2562099526906,0.33943029578244,162,0,0.143918234178406,0.143918234178406,NaN,2.01218997443055,7.39588390794997,1650,1439.21996486584,0.872254524161118,3,1,0,0,0,0,1,0,0,0,0
248.8,FeaturePoor,16,1.28564274759212,38.5966996066381,1.24827424387175,0.349148077222937,94,0.844430827605954,0.121603145282715,0.863348528278099,0.9,2.10895258594305,7.74422930939497,800,353.553294800589,0.441941618500736,5,0,0,0,0,0,1,0,0,1,0
248.9,FeaturePoor,15,1.31389907909344,37.653297381721,0.995396995112634,0.0948116366561686,7,0,0.0285857084518348,0.0285857084518348,NaN,2.53911431456006,9.29281153241621,1650,1611.06541169505,0.97640327981518,3,1,0,0,0,0,1,0,1,0,0
249,FeaturePoor,13,1.10763318365812,40.5743737815632,1.2263353945516,0.304682311240141,70,0.823566323746935,0.0992867168389026,0.84108384420192,0.949030736929371,2.20821104615711,8.10155976616559,850,597.878360992453,0.703386307049945,5,0,0,0,0,0,1,0,0,0,0
249.1,FeaturePoor,16,1.10174556917421,38.7199924455442,1.25401453810903,0.234570183733855,62,0,0.0751779103957573,0.0751779103957573,NaN,2.3182397435499,8.49766307677962,1650,1587.10327127863,0.961880770471898,3,1,0,0,0,0,1,0,0,0,0
249.2,FeaturePoor,14,1.14758660331999,38.7882664905236,1.30061627120615,0.461984162165223,90,0,0.154138224892815,0.154138224892815,NaN,1.9687053564687,7.2393392832873,1650,1490.74402179679,0.90348122533139,3,1,0,0,0,0,1,0,0,0,0
249.3,FeaturePoor,15,1.33362871235499,38.1325388152071,1.24484370345646,0.403066136539696,129,0,0.150853190166718,0.150853190166718,NaN,1.9826257616251,7.28945274185035,1650,1217.00589025915,0.737579327429791,3,1,0,0,0,0,1,0,0,0,0
249.4,FeaturePoor,13,1.38676384674172,35.4976124405712,1.39685846223205,0.289706571096592,82,0.732358587393025,0.0992265311856225,0.758915716367635,1.27305540593805,2.20848210529972,8.10253557907898,950,856.991138452989,0.902095935213673,5,0,0,0,0,0,1,0,0,0,0
249.5,FeaturePoor,15,1.06939373544671,38.9805074213426,1.27171755443143,0.326517534954684,63,0,0.103271286788837,0.103271286788837,NaN,2.19030596274337,8.03710146587613,1600,1457.42808026723,0.910892550167019,3,1,0,0,0,0,1,0,0,0,0
249.6,FeaturePoor,14,1.18430730174492,37.0668579056685,1.25498440009777,0.356052641965217,86,0.794062724145302,0.120714871552513,0.818922415947976,1.03928129269163,2.11285584277228,7.75828103398023,900,683.785469268043,0.759761632520048,5,0,0,0,0,0,1,0,0,0,0
249.7,FeaturePoor,15,1.1276875031812,36.3131508443615,1.02344944861675,0.121635195205926,40,0,0.0366730113545866,0.0366730113545867,NaN,2.4999972176316,9.15198998347376,1650,1428.89274395762,0.865995602398557,3,1,0,0,0,0,1,0,1,0,0
249.8,FeaturePoor,14,1.36145022197089,38.410077986105,1.45656168372808,0.102713684342586,14,0.789284937188569,0.0309681758292898,0.795810398303593,1.055206701565,2.52755669063904,9.25120408630053,900,729.980697528185,0.811089663920205,5,0,0,0,0,0,1,0,0,0,0
249.9,FeaturePoor,14,1.2844213114905,39.5221709107034,1.38674415799494,0.318697792833313,91,0,0.111308634539244,0.111308634539244,NaN,2.15443085761126,7.90795108740053,1600,1539.40977343172,0.962131108394826,3,1,0,0,0,0,1,0,0,0,0
250,FeaturePoor,13,1.2807608573738,37.849437887261,1.22892263897457,0.345202848006539,83,0.773820420444879,0.116329908673972,0.800131870278443,1.10925761766185,2.13218207576038,7.82785547273736,900,800.709736472181,0.88967748496909,5,0,0,0,0,0,1,0,0,0,0
250.1,FeaturePoor,14,1.09851004692277,39.4731119074244,1.16215307289484,0.276108632517887,97,0,0.100695502704143,0.100695502704143,NaN,2.20187144714138,8.07873720970898,1600,1547.59721213843,0.967248257586516,3,1,0,0,0,0,1,0,0,0,0
250.2,FeaturePoor,14,1.38361913460353,38.9440016503731,0.951055724673473,0.337138902996066,69,0.804002220799016,0.108701129253314,0.825307400729305,1.00732103561374,2.16603419248579,7.94972309294886,850,603.92285058887,0.710497471281024,5,0,0,0,0,0,1,0,0,0,0
250.3,FeaturePoor,14,1.02240714069456,38.6382769225547,1.15282249416461,0.375860544944732,114,0,0.137081954300837,0.137081954300837,NaN,2.04156888398316,7.50164798233937,1600,1562.4074377735,0.97650464860844,3,1,0,0,0,0,1,0,0,0,0
250.4,FeaturePoor,14,1.26388513951605,39.7335750217554,1.11806640045528,0.285433107929161,51,0.821150266507903,0.0864293320406422,0.836608129509272,0.955897817361553,2.26652841338927,8.31150228820136,850,808.466528381101,0.95113709221306,5,0,0,0,0,0,1,0,0,0,0
250.5,FeaturePoor,13,1.22371065625063,37.6983695596139,1.07309910199564,0.328231405863303,8,0,0.0989617688677859,0.098961768867786,NaN,2.20967473490467,8.10682904565682,1600,1569.89639808596,0.981185248803724,3,1,0,0,0,0,1,0,0,0,0
250.6,FeaturePoor,13,1.45959990339837,38.2000932289813,1.5535960073244,0.241670553072954,93,0.755171261400866,0.0888274217514956,0.776918767021298,1.17952888995235,2.25558866838007,8.27211920616824,950,832.251578134688,0.876054292773356,5,0,0,0,0,0,1,0,0,0,0
250.7,FeaturePoor,15,1.14560680681346,41.3044210696831,1.29544409897795,0.311963847689504,70,0,0.101482100078385,0.101482100078385,NaN,2.19833604119887,8.06600974831594,1600,1499.04855123607,0.936905344522546,3,1,0,0,0,0,1,0,0,0,0
250.8,FeaturePoor,13,1.11430829612252,40.2912676749135,0.893584024202867,0.349037581845717,10,0.826465472889123,0.105234830926484,0.844727349509544,0.940913856796764,2.1815117694679,8.00544237008443,850,483.310429242236,0.568600504990866,5,0,0,0,0,0,1,0,0,0,0
250.9,FeaturePoor,13,1.06913525025942,38.5318609847831,1.1665026561416,0.23638069425686,64,0,0.0764662793184432,0.0764662793184432,NaN,2.3122863330898,8.47623079912328,1700,1669.33281574646,0.981960479850861,3,1,0,0,0,0,1,0,0,0,0
251,FeaturePoor,14,1.14042866487206,41.4144165942642,1.13588651363331,0.362631601055496,68,0.853031788909063,0.116015927718232,0.870082442263867,0.9,2.13356960011965,7.83285056043072,800,647.09803665327,0.808872545816587,5,0,0,0,0,0,1,0,0,1,0
251.1,FeaturePoor,13,1.25084926970217,38.843640000371,1.0352596667703,0.231861396343906,34,0,0.0699062109976877,0.0699062109976878,NaN,2.34268614085169,8.5856701070661,1650,1497.79992685535,0.907757531427486,3,1,0,0,0,0,1,0,0,0,0
251.2,FeaturePoor,12,1.89011562943946,30.4772147215775,2.31217358207692,0.139094859394543,45,0.592675788139176,0.0419371001074546,0.609757784388174,2.02730410854433,2.47471130037628,9.06096068135462,1100,220.565992441728,0.200514538583389,5,0,0,0,0,0,1,0,0,0,0
251.3,FeaturePoor,14,1.22543756760569,38.7048432990858,0.945649132579019,0.1211958195366,35,0,0.0365405395902848,0.0365405395902848,NaN,2.50063532963245,9.15428718667682,1650,1412.81196183798,0.856249673841203,3,1,0,0,0,0,1,0,1,0,0
251.4,FeaturePoor,15,1.28786183489088,39.3234440435081,1.16630183349897,0.276257130680316,47,0.833783980518685,0.0832915249001153,0.847628366244111,0.921022121057703,2.28088607079989,8.3631898548796,850,611.919813594703,0.719905663052592,5,0,0,0,0,0,1,0,0,0,0
251.5,FeaturePoor,15,1.32392546864415,36.4124608058695,1.14935901133524,0.313203459215804,72,0,0.102598342953565,0.102598342953565,NaN,2.19332433517422,8.04796760662719,1600,1506.03987464181,0.941274921651133,3,1,0,0,0,0,1,0,0,0,0
251.6,FeaturePoor,14,1.28121914746828,39.9712918133521,1.05246949964041,0.262430681226612,95,0.823720179767401,0.0958291003898235,0.840612916357171,0.948596600169898,2.22381253925469,8.15772514131688,850,632.662037401909,0.744308279296363,5,0,0,0,0,0,1,0,0,0,0
251.7,FeaturePoor,13,1.40547563177233,38.696595034169,1.19789114436477,0.29736193214622,64,0,0.0948521225420853,0.0948521225420853,NaN,2.22823170016642,8.17363412059911,1600,1463.7642775746,0.914852673484122,3,1,0,0,0,0,1,0,0,0,0
251.8,FeaturePoor,12,1.55566104513278,39.8131242951055,1.30645152690447,0.324634893111415,51,0.750193586294573,0.0982486702730915,0.774736734266821,1.19922595462694,2.21288865166062,8.11839914597823,950,831.342586593298,0.875097459571893,5,0,0,0,0,0,1,0,0,0,0
251.9,FeaturePoor,14,1.13706941121124,42.4036459206326,1.07376224133874,0.252905888678695,116,0,0.100753625436627,0.100753625436627,NaN,2.20161010541343,8.07779637948834,1600,1547.50112879213,0.967188205495083,3,1,0,0,0,0,1,0,0,0,0
252,FeaturePoor,12,1.15888269488105,38.8330574676917,1.55733208180504,0.351946590424167,110,0.77012703551019,0.128386897012886,0.79963971212819,1.12273263842667,2.07927350324706,7.63738461168943,900,803.582585815271,0.892869539794746,5,0,0,0,0,0,1,0,0,0,0
252.1,FeaturePoor,15,1.26227033976663,38.1789624747855,1.29027799351849,0.324795543123784,36,0,0.0979258562518208,0.0979258562518208,NaN,2.21434440204753,8.12363984737109,1600,1456.661594356,0.910413496472501,3,1,0,0,0,0,1,0,0,0,0
252.2,FeaturePoor,18,1.46587792208056,36.6898130106651,0.976071840254619,0.312860614249228,83,0.8106899301216,0.106578725196142,0.830866356036033,0.986706420458916,2.17550393568038,7.98381416844935,850,397.696376878243,0.467878090444991,5,0,0,0,0,0,1,0,0,0,0
252.3,FeaturePoor,14,1.10975278403343,40.3267775411464,1.51971474550545,0.375525763089002,86,0,0.126586017571334,0.126586017571334,NaN,2.08712996175476,7.66566786231712,1600,1466.98099411954,0.916863121324712,3,1,0,0,0,0,1,0,0,0,0
252.4,FeaturePoor,13,1.17612656951397,40.2503562201084,1.50951642716713,0.253463536600063,120,0.807184172096958,0.102406756284919,0.8269298155929,0.997423547919484,2.1941840779074,8.05106268046665,850,738.274059122684,0.868557716614922,5,0,0,0,0,0,1,0,0,0,0
252.5,FeaturePoor,13,1.41655343017529,38.0382374734994,1.38076126779588,0.357018577135444,85,0,0.120634851006336,0.120634851006336,NaN,2.11320766316162,7.75954758738184,1600,1489.15342513951,0.930720890712194,3,1,0,0,0,0,1,0,0,0,0
252.6,FeaturePoor,15,1.33715910445616,38.3234548964822,0.915459284279312,0.306670591844789,43,0.822431345857023,0.0924611834412039,0.838849553761144,0.952245015473187,2.23906675890235,8.21264033204846,850,513.079003704705,0.603622357299653,5,0,0,0,0,0,1,0,0,0,0
252.7,FeaturePoor,14,1.45416407134628,37.9232243650491,1.18291114648352,0.101009941991051,61,0,0.0345382475103019,0.0345382475103019,NaN,2.5102909888012,9.18904755968431,1750,1592.90097832241,0.910229130469948,3,1,0,0,0,0,1,0,1,0,0
252.8,FeaturePoor,15,1.24453389240479,38.2532979926139,1.35427308555882,0.365838139705607,71,0.821270613109075,0.11809644912124,0.84237791905451,0.955553549907248,2.12438468263141,7.79978485747308,850,787.165109381883,0.926076599272803,5,0,0,0,0,0,1,0,0,0,0
252.9,FeaturePoor,14,1.28655813942658,39.03149819823,0.940591740215013,0.320580019786964,52,0,0.0973973759657697,0.0973973759657697,NaN,2.2167287422837,8.1322234722213,1600,1513.17921170995,0.945737007318719,3,1,0,0,0,0,1,0,0,0,0
253,FeaturePoor,14,1.2418960556747,38.5847877263152,1.15184118064569,0.358584626912421,59,0.80877640583635,0.111454515014095,0.830089138783112,0.992531703718915,2.15378269722209,7.90561770999954,850,745.793799729715,0.877404470270253,5,0,0,0,0,0,1,0,0,0,0
253.1,FeaturePoor,15,1.13000457084685,40.2684618086102,1.29523638282501,0.279042868134307,171,0,0.129052674742493,0.129052674742493,NaN,2.07637310843301,7.62694319035884,1600,1537.02949027194,0.960643431419965,3,1,0,0,0,0,1,0,0,0,0
253.2,FeaturePoor,12,1.2664322982447,37.5305092322498,1.18234291663052,0.301213859882345,53,0.751476881330298,0.0919297287545269,0.774323544218833,1.19410992410652,2.24147904379957,8.22132455767844,950,914.206951569859,0.962323106915641,5,0,0,0,0,0,1,0,0,0,0
253.3,FeaturePoor,16,1.18145469249885,37.7369434964153,0.933192587821212,0.184487848650179,51,0,0.0559943363680291,0.0559943363680291,NaN,2.40786673242309,8.82032023672314,1650,1533.80999665291,0.929581816153282,3,1,0,0,0,0,1,0,0,0,0
253.4,FeaturePoor,14,1.30606008316753,38.7881881410081,1.23416835402584,0.305602543109642,120,0.803420917707192,0.118126666747557,0.826642149450735,1.00914668476066,2.12425143975444,7.79930518311597,850,805.046084711313,0.947113040836839,5,0,0,0,0,0,1,0,0,0,0
253.5,FeaturePoor,14,1.15899284806817,38.373902806024,1.00213238206211,0.394979910010182,58,0,0.12205644286807,0.12205644286807,NaN,2.10696222377367,7.7370640055852,1600,1280.4129362289,0.800258085143063,3,1,0,0,0,0,1,0,0,0,0
253.6,FeaturePoor,14,1.08139040243027,39.2910643694179,0.962893287729478,0.29131152867139,11,0.837163067151174,0.087830425894424,0.851465104314628,0.912126933596904,2.26013332980987,8.28847998731553,850,550.023142940278,0.647086050517974,5,0,0,0,0,0,1,0,0,0,0
253.7,FeaturePoor,13,1.10893341315578,40.7609379856507,1.25043524195833,0.324576384160742,48,0,0.0978597798244639,0.0978597798244638,NaN,2.21464244214591,8.12471279172528,1650,1536.70102078169,0.931333951988901,3,1,0,0,0,0,1,0,0,0,0
253.8,FeaturePoor,14,1.08082425737215,38.4614087952445,1.06267140066989,0.31485012919416,79,0.825158162527054,0.105693563952039,0.843637819457493,0.944557345047328,2.17946000389201,7.99805601401125,850,748.110703306493,0.88013023918411,5,0,0,0,0,0,1,0,0,0,0
253.9,FeaturePoor,15,1.28269789387686,40.8136136706077,1.21953227075162,0.253856485771932,110,0,0.0988127304602375,0.0988127304602375,NaN,2.21034623695133,8.10924645302479,1600,1556.52382011583,0.972827387572395,3,1,0,0,0,0,1,0,0,0,0
254,FeaturePoor,12,1.23010990951544,39.8311310120259,0.967680548514868,0.324046797939944,104,0.787063073883675,0.117747609578893,0.81213588792495,1.06273707603095,2.12592320100939,7.80532352363381,900,652.383876196299,0.724870973551443,5,0,0,0,0,0,1,0,0,0,0
254.1,FeaturePoor,14,1.23077665596194,40.2214711079056,1.07189322641235,0.388523187138208,80,0,0.12827724092217,0.12827724092217,NaN,2.07975142173566,7.63910511824838,1600,1348.11456148964,0.842571600931027,3,1,0,0,0,0,1,0,0,0,0
254.2,FeaturePoor,12,1.22625605135436,37.5661538914674,1.15315190493301,0.366383374443368,134,0.756370932099224,0.141649587394675,0.790880889044719,1.17484098180961,2.02191357704933,7.43088887737758,900,463.978903020181,0.515532114466868,5,0,0,0,0,0,1,0,0,0,0
254.3,FeaturePoor,14,1.1515185281848,36.7926908520316,1.28239100443722,0.294424829420219,90,0,0.103619086070196,0.103619086070196,NaN,2.18874685714408,8.03148868571868,1700,1651.03235514397,0.971195503025865,3,1,0,0,0,0,1,0,0,0,0
254.4,FeaturePoor,12,1.09181796744258,37.7031576203496,1.12373714500428,0.369402463631187,132,0.771996039236144,0.141817342784803,0.804330955096084,1.11588644899205,2.02119368286234,7.42829725830442,900,757.431605534347,0.841590672815941,5,0,0,0,0,0,1,0,0,0,0
254.5,FeaturePoor,13,1.28324052562073,39.446628662374,1.07130564247547,0.244554614871779,113,0,0.0971219663838415,0.0971219663838415,NaN,2.21797185896645,8.13669869227923,1600,1542.38819229828,0.963992620186427,3,1,0,0,0,0,1,0,0,0,0
254.6,FeaturePoor,13,1.20384252967068,37.9122495907808,1.16377471251294,0.337808246915116,83,0.783320800187578,0.114100436444907,0.808043991454709,1.07559900505081,2.14204509176776,7.86336233036393,900,386.790221001169,0.429766912223521,5,0,0,0,0,0,1,0,0,0,0
254.7,FeaturePoor,14,1.38083341719303,36.9543001177129,0.973494085407682,0.46839296964842,113,0,0.164609230348999,0.164609230348999,NaN,1.92469434504523,7.08089964216283,1550,1530.66359416156,0.987524899459074,3,1,0,0,0,0,1,0,0,0,0
254.8,FeaturePoor,13,1.13811075118039,39.5725685118424,1.37580645466902,0.273687249850383,63,0.805462984508513,0.0873429558298904,0.822454422459865,1.00275720317068,2.2623572006833,8.29648592245989,850,734.575359632179,0.864206305449622,5,0,0,0,0,0,1,0,0,0,0
254.9,FeaturePoor,15,1.11122159294857,40.1202005338756,0.831701562045468,0.109488794562815,12,0,0.0330108715606887,0.0330108715606887,NaN,2.51766993629955,9.21561177067837,1650,1465.16683892147,0.887979902376647,3,1,0,0,0,0,1,0,1,0,0
255,OpenSky,17,0.892215628615454,42.2614052161128,1.04394441508398,0.852858639137107,448,1,0.899765288221862,1,0.9,0.3,0.890422977007218,600,114.518916033542,0.190864860055904,5,0,0,0,1,0,0,0,0,1,1
255.1,OpenSky,15,0.871446322873271,42.8277633115755,0.727890913555235,0.952866467664587,487,0,0.968420533335273,0.968420533335273,NaN,0.3,0.808975364433457,600,392.885414321262,0.65480902386877,3,1,0,0,0,0,0,0,0,0,1
255.2,OpenSky,18,0.914663559039329,41.8967126055267,0.781658550707105,0.952835295135619,419,1,0.942824647740865,1,0.9,0.3,0.829421188153606,700,404.550711904166,0.577929588434523,5,0,0,0,1,0,0,0,0,1,1
255.3,OpenSky,17,0.746215171221028,43.4429041227483,0.625027048229684,0.913054051014617,459,0,0.941746214179793,0.941746214179793,NaN,0.3,0.830541532061479,700,293.978538018204,0.419969340026005,3,1,0,0,0,0,0,0,0,0,1
255.4,OpenSky,16,0.739697265096973,44.4690252612318,0.826716646203451,0.879414654200867,429,1,0.901882818314581,1,0.9,0.3,0.886642832077006,700,509.075849200389,0.727251213143413,5,0,0,0,1,0,0,0,0,1,1
255.5,OpenSky,16,0.842142403141186,43.7546008750101,0.760626236670255,0.908728774752461,442,0,0.932248279084149,0.932248279084149,NaN,0.3,0.841312661183534,700,179.9879818976,0.257125688425143,3,1,0,0,0,0,0,0,0,0,1
255.6,OpenSky,18,0.8452936991854,42.4668570782739,0.94342543342869,0.935156675206271,384,1,0.902104972388202,1,0.9,0.3,0.886250927880033,700,452.587874353232,0.646554106218903,5,0,0,0,1,0,0,0,0,1,1
255.7,OpenSky,17,0.831788106448427,41.8532548001907,0.96902970305795,0.913291673656569,398,0,0.899005421349902,0.899005421349902,NaN,0.3,0.891799144250398,700,263.880189372517,0.376971699103596,3,1,0,0,0,0,0,0,0,0,1
255.8,OpenSky,17,0.913468043900604,42.9532231974218,0.888540252489613,1,393,1,0.952975,1,0.9,0.3,0.819902155625,700,533.624200962795,0.762320287089707,5,0,0,0,1,0,0,0,0,1,1
255.9,OpenSky,17,0.775342524855545,41.8226933770092,0.901782707674182,0.912790115108494,447,0,0.939094377122691,0.939094377122691,NaN,0.3,0.833385454082657,700,452.978448092284,0.647112068703263,3,1,0,0,0,0,0,0,0,0,1
256,OpenSky,17,0.767459886689224,45.7208269869487,1.09380881468043,0.898909320196429,357,1,0.855544244531607,1,0.9,0.3,0.987807187591497,700,341.238382179648,0.487483403113782,5,0,0,0,1,0,0,0,0,1,1
256.1,OpenSky,16,0.912724832217528,42.0932177727378,0.68788950626454,0.833690237859568,456,0,0.888572459365911,0.888572459365911,NaN,0.3,0.911744871305854,700,571.028630936104,0.815755187051577,3,1,0,0,0,0,0,0,0,0,1
256.2,OpenSky,16,0.766651733547931,42.1888517685696,0.859086153081405,0.883966895565635,417,1,0.895032820028975,1,0.9,0.3,0.899162979839625,700,476.749607227968,0.681070867468526,5,0,0,0,1,0,0,0,0,1,1
256.3,OpenSky,16,0.852033634329939,41.8572568675818,0.64758837486459,0.826314183948711,463,0,0.883630503245636,0.883630503245636,NaN,0.3,0.921876737973775,700,321.141696749696,0.458773852499566,3,1,0,0,0,0,0,0,0,0,1
256.4,OpenSky,15,0.914635173023781,43.8463884050786,0.764581354648442,0.982805989543671,459,1,0.988480012994259,1,0.9,0.3,0.801194390905512,700,563.771988987502,0.805388555696432,5,0,0,0,1,0,0,0,0,1,1
256.5,OpenSky,15,0.79382475551533,42.6258913124899,0.871222299009593,0.928798039744455,463,0,0.952294686628785,0.952294686628785,NaN,0.3,0.820482172314613,700,405.215686686643,0.57887955240949,3,1,0,0,0,0,0,0,0,0,1
256.6,OpenSky,17,0.897208078399264,43.108931849307,0.825029621500501,0.889670090418357,438,1,0.916178960580299,1,0.9,0.3,0.863233699844591,700,307.058537321796,0.438655053316851,5,0,0,0,1,0,0,0,0,1,1
256.7,OpenSky,18,0.798045438996649,41.7998282540305,0.681829654135697,0.920285452683296,449,0,0.945766253297808,0.945766253297808,NaN,0.3,0.826471693532217,700,559.403865554263,0.799148379363233,3,1,0,0,0,0,0,0,0,0,1
256.8,OpenSky,18,0.913203680620561,42.502230785391,0.632254062218276,0.969558902417342,417,1,0.952379464619619,1,0.9,0.3,0.820409438509227,700,348.695975467908,0.498137107811298,5,0,0,0,1,0,0,0,0,1,1
256.9,OpenSky,15,0.751420070490999,41.7173384119208,0.860494007503298,1,416,0,0.97195,0.97195,NaN,0.3,0.8070812225,700,509.178978747927,0.727398541068467,3,1,0,0,0,0,0,0,0,0,1
257,OpenSky,15,0.754921769165783,44.164552570925,1.02295129506331,0.90836663548154,363,1,0.866830645772632,1,0.9,0.3,0.959606692148008,700,393.060040103727,0.561514343005325,5,0,0,0,1,0,0,0,0,1,1
257.1,OpenSky,18,0.97657889432248,42.7479016767725,0.790441999772351,0.877945361038154,452,0,0.918223391895563,0.918223391895563,NaN,0.3,0.8601867226976,850,603.971530152494,0.710554741355876,3,1,0,0,0,0,0,0,0,0,1
257.2,OpenSky,16,0.931288533482009,43.8236806226329,0.691261021242081,0.921571818857867,385,1,0.893828118634771,1,0.9,0.3,0.901452215533691,650,400.312406063441,0.615865240097602,5,0,0,0,1,0,0,0,0,1,1
257.3,OpenSky,17,0.942443374120608,38.7880048675285,0.856319934194033,0.928473105552345,420,0,0.927326980720071,0.927326980720071,NaN,0.3,0.847532309581348,800,332.832288425602,0.416040360532002,3,1,0,0,0,0,0,0,0,0,1
257.4,OpenSky,17,0.911326572305539,42.5300919907992,0.926255110885,0.883107811365449,453,1,0.921682233614851,1,0.9,0.3,0.855203052784029,600,401.023196802109,0.668371994670182,5,0,0,0,1,0,0,0,0,1,1
257.5,OpenSky,15,0.864150267874065,42.2523782310078,0.833426407944461,0.906784457139748,410,0,0.904545586283631,0.904545586283631,NaN,0.3,0.882003905881421,800,624.911586328385,0.781139482910482,3,1,0,0,0,0,0,0,0,0,1
257.6,OpenSky,16,0.936079576155695,47.1571535409343,0.788020411854731,0.921539628582363,453,1,0.947431551150183,1,0.9,0.3,0.824870976330282,600,412.332661750497,0.687221102917495,5,0,0,0,1,0,0,0,0,1,1
257.7,OpenSky,19,0.942951270594236,44.0228962598216,0.778794701140946,0.885465498586568,422,0,0.900161884053001,0.900161884053001,NaN,0.3,0.889708844562619,800,327.884017652251,0.409855022065313,3,1,0,0,0,0,0,0,0,0,1
257.8,OpenSky,16,1.02658445540164,42.3736879185171,0.84559470277829,0.885137553298846,399,0.99793794828615,0.880967160710227,0.999754548129738,0.9,0.3,0.927519351464465,600,417.512002600987,0.695853337668311,5,0,0,0,1,0,0,0,0,1,1
257.9,OpenSky,17,0.778169733176471,43.851918948504,0.761427414333537,0.859148622790589,429,0,0.888304577269695,0.888304577269695,NaN,0.3,0.912282807130114,800,364.996170444315,0.456245213055394,3,1,0,0,0,0,0,0,0,0,1
258,OpenSky,17,1.00303431897443,41.5709460972324,0.7445704007048,0.850421544872883,420,0.992595797023738,0.875032435064832,0.999074714783771,0.9,0.3,0.940552030572429,600,410.949671084312,0.684916118473853,5,0,0,0,1,0,0,0,0,1,1
258.1,OpenSky,17,1.01659875011376,42.5884556201623,0.872674123101641,0.874071758359923,419,0,0.890053078101148,0.890053078101148,NaN,0.3,0.90879493071529,800,675.511768232478,0.844389710290598,3,1,0,0,0,0,0,0,0,0,1
258.2,OpenSky,18,1.12845310070628,42.0960477550921,0.838422705745374,0.851405284923459,414,0.983220546378975,0.870741540898718,0.997831113680385,0.9,0.3,0.95036974324314,650,534.026363548015,0.821579020843099,5,0,0,0,1,0,0,0,0,1,1
258.3,OpenSky,16,0.84768517733426,42.9247174825798,0.543143804990221,0.929189985050372,412,0,0.921207289983749,0.921207289983749,NaN,0.3,0.855874620365345,750,536.756837585679,0.715675783447572,3,1,0,0,0,0,0,0,0,0,1
258.4,OpenSky,16,0.930538038454406,39.9058020835499,0.802982602817501,0.903989722641897,380,0.978007076333565,0.877923114170071,0.997315172368506,0.9,0.3,0.934124894485402,750,435.022564123208,0.580030085497611,5,0,0,0,1,0,0,0,0,1,1
258.5,OpenSky,17,0.774538725241548,41.7449685100559,0.797769129869369,0.902068074020237,422,0,0.911285609593559,0.911285609593559,NaN,0.3,0.870832187586678,750,267.803150962784,0.357070867950379,3,1,0,0,0,0,0,0,0,0,1
258.6,OpenSky,15,0.836910016762372,44.7718436323086,0.953057724267277,0.931651516100484,432,1,0.939356515787324,1,0.9,0.3,0.833098689597077,600,523.760777074481,0.872934628457468,5,0,0,0,1,0,0,0,0,1,1
258.7,OpenSky,18,1.06942771905713,41.8969517068505,0.781160252146306,0.9414632904395,400,0,0.919530404594465,0.919530404594465,NaN,0.3,0.858278202062574,750,435.861564778186,0.581148753037581,3,1,0,0,0,0,0,0,0,0,1
258.8,OpenSky,17,0.90339284065761,42.9826630156658,0.695110607985014,0.976109011383543,414,1,0.954293037626974,1,0.9,0.3,0.818802137684323,750,316.146757365003,0.421529009820004,5,0,0,0,1,0,0,0,0,1,1
258.9,OpenSky,18,0.979869703515965,42.7586234825996,0.886002200227753,0.955857782252965,312,0,0.856574714109487,0.856574714109487,NaN,0.3,0.985137313694979,750,691.799867149605,0.92239982286614,3,1,0,0,0,0,0,0,0,0,1
259,OpenSky,18,0.96911279678921,42.7704403496437,1.17250403306881,0.916759659825589,448,1,0.942578972083145,1,0.9,0.3,0.829674570023255,600,387.771036183094,0.646285060305157,5,0,0,0,1,0,0,0,0,1,1
259.1,OpenSky,19,0.921661540140063,43.4401630411212,0.805932942053649,0.868888169651013,371,0,0.846980073666179,0.846980073666179,NaN,0.3,1.01073588069687,900,556.695017447703,0.618550019386337,3,1,0,0,0,0,0,0,0,0,1
259.2,OpenSky,17,0.72786095054892,41.2836941263008,0.743278959421183,0.890069128389748,460,1,0.926346316021131,1,0.9,0.3,0.848823786472932,700,386.592585881951,0.552275122688502,5,0,0,0,1,0,0,0,0,1,1
259.3,OpenSky,15,0.919126060261332,42.2800823764654,0.785360243119803,0.850562923649773,437,0,0.889152158845348,0.889152158845348,NaN,0.3,0.910585194997823,900,633.722297510949,0.704135886123277,3,1,0,0,0,0,0,0,0,0,1
259.4,OpenSky,16,0.951580602144,42.0230114669942,0.846241751155492,0.9279529873047,460,1,0.951728501494149,1,0.9,0.3,0.820971238112003,650,520.592326734772,0.80091127189965,5,0,0,0,1,0,0,0,0,1,1
259.5,OpenSky,16,0.968011235767193,44.1197438326808,0.730150840882583,0.855762234696766,401,0,0.862935697246833,0.862935697246833,NaN,0.3,0.969079607802906,800,299.827397424875,0.374784246781094,3,1,0,0,0,0,0,0,0,0,1
259.6,OpenSky,17,0.970289223416527,42.4229276309212,0.533201017955366,0.849788730034614,423,1,0.877083449123192,1,0.9,0.3,0.935976306315059,600,362.989526933852,0.604982544889753,5,0,0,0,1,0,0,0,0,1,1
259.7,OpenSky,16,0.868823278558663,43.0238590093206,0.794985472508973,0.854946686789166,488,0,0.902814280148741,0.902814280148741,NaN,0.3,0.885005577287066,850,442.478787385695,0.520563279277288,3,1,0,0,0,0,0,0,0,0,1
259.8,OpenSky,15,0.956320383856456,42.6988269932693,0.71951543461816,0.945808953895728,396,0.99068382266806,0.919141999110138,0.999246712525004,0.9,0.3,0.858842146771144,850,326.058443929457,0.383598169328773,5,0,0,0,1,0,0,0,0,1,1
259.9,OpenSky,19,0.892266561752953,46.2054322249567,0.757639518727727,0.35,189,0,0.349175,0.349175,NaN,1.2389329515625,4.612158625625,1350,906.023880548234,0.671128800406099,3,1,0,0,0,0,0,0,0,0,0
260,OpenSky,20,0.919739586610903,44.9498508072095,0.854333903574179,0.895227069176669,380,1,0.872052136348369,1,0.9,0.3,0.947335902317148,650,530.298251920767,0.815843464493487,5,0,0,0,1,0,0,0,0,1,1
260.1,OpenSky,16,0.999245865175714,42.92937770893,0.860985633369383,0.895169367996673,445,0,0.925638476557771,0.925638476557771,NaN,0.3,0.849766725517843,650,192.605979127057,0.296316890964703,3,1,0,0,0,0,0,0,0,0,1
260.2,OpenSky,18,0.954509005895684,42.3678457735537,0.640297953266097,0.830989221202606,423,1,0.864487778205746,1,0.9,0.3,0.965272060300536,650,379.881365202651,0.58443286954254,5,0,0,0,1,0,0,0,0,1,1
260.3,OpenSky,17,0.879495186267548,44.6531857020471,0.745706811136753,0.873001850131894,408,0,0.880261239588369,0.880261239588369,NaN,0.3,0.929036336704226,850,315.007798003145,0.370597409415465,3,1,0,0,0,0,0,0,0,0,1
260.4,OpenSky,16,0.885743228736996,41.8805038163408,0.671073360194996,0.961349889551794,400,1,0.932854425999702,1,0.9,0.3,0.840576752970465,600,313.736667178776,0.522894445297959,5,0,0,0,1,0,0,0,0,1,1
260.5,OpenSky,19,1.08368565038006,45.0620654432006,0.82912323034234,0.924315915501629,456,0,0.949291663386091,0.949291663386091,NaN,0.3,0.823142018619345,800,396.579680360628,0.495724600450785,3,1,0,0,0,0,0,0,0,0,1
260.6,OpenSky,16,0.961905908084381,41.1741548922615,0.981271949911247,0.974580429521166,462,0.98664275291035,0.982968887779181,0.999772511225855,0.9,0.3,0.802610529051303,600,298.329730587302,0.497216217645503,5,0,0,0,1,0,0,0,0,1,1
260.7,OpenSky,17,0.897087956228949,42.9800751935698,0.709645251590727,0.959022915847055,406,0,0.936245353617527,0.936245353617527,NaN,0.3,0.836581894418188,700,602.63607988121,0.860908685544585,3,1,0,0,0,0,0,0,0,0,1
260.8,OpenSky,18,0.8529816819138,43.7665921709874,0.764098333025228,0.922693621229673,411,1,0.916029726223881,1,0.9,0.3,0.863459061902328,700,384.716394316953,0.549594849024218,5,0,0,0,1,0,0,0,0,1,1
260.9,OpenSky,18,0.895133913315139,41.9594730676703,0.625472696130937,0.848863188094025,397,0,0.855013336022997,0.855013336022997,NaN,0.3,0.989190194580623,900,652.440320443085,0.724933689381206,3,1,0,0,0,0,0,0,0,0,1
261,OpenSky,16,0.933314117405679,43.6402217512477,0.686125710222001,0.91781823055577,430,1,0.928438214472366,1,0.9,0.3,0.846089802331128,600,324.805190337905,0.541341983896508,5,0,0,0,1,0,0,0,0,1,1
261.1,OpenSky,17,0.882425859119505,43.3061121684702,0.716699925969591,0.881238013037277,460,0,0.920429468734976,0.920429468734976,NaN,0.3,0.856983225012184,850,665.619749297501,0.78308205799706,3,1,0,0,0,0,0,0,0,0,1
261.2,OpenSky,18,0.922963986729234,43.2961755914943,0.850677603802691,0.874704742771554,446,1,0.912752177656941,1,0.9,0.3,0.868509642532454,600,273.227102114391,0.455378503523985,5,0,0,0,1,0,0,0,0,1,1
261.3,OpenSky,18,0.807910757368588,41.5302971809195,0.825518417604928,0.897600640864841,426,0,0.911592429379444,0.911592429379444,NaN,0.3,0.870343086887258,750,353.401842414767,0.471202456553022,3,1,0,0,0,0,0,0,0,0,1
261.4,OpenSky,17,0.786623799745145,46.3767861832632,0.704693865175445,1,441,1,0.992575,1,0.9,0.3,0.800496175625,600,249.702584672274,0.41617097445379,5,0,0,0,1,0,0,0,0,1,1
261.5,OpenSky,16,0.977652308530327,43.1719190235299,1.06319196428523,0.929011144773091,392,0,0.904587466997971,0.904587466997971,NaN,0.3,0.88193196308477,750,389.332314807073,0.519109753076097,3,1,0,0,0,0,0,0,0,0,1
261.6,OpenSky,16,0.964274506390507,40.6297006347268,0.72188163960254,0.780384670607816,440,0.985389848931144,0.844607729307237,0.997729695450246,0.9,0.3,1.01732082011948,750,399.471479343537,0.532628639124716,5,0,0,0,1,0,0,0,0,1,1
261.7,OpenSky,17,0.833187892165847,41.2017558883821,0.825638796362553,0.885271048788122,417,0,0.895906602688041,0.895906602688041,NaN,0.3,0.897518918275507,900,331.173576069776,0.367970640077529,3,1,0,0,0,0,0,0,0,0,1
261.8,OpenSky,15,0.984546002846091,44.7072909431498,0.937782022287811,1,421,1,0.976075,1,0.9,0.3,0.805151650625,600,502.257420994074,0.837095701656789,5,0,0,0,1,0,0,0,0,1,1
261.9,OpenSky,15,1.02810824981204,39.9053555850681,0.817443097972066,0.929524953023089,406,0,0.916481718525469,0.916481718525469,NaN,0.3,0.86277773006413,750,535.958426399941,0.714611235199922,3,1,0,0,0,0,0,0,0,0,1
262,OpenSky,17,0.928977468355078,44.5260538268568,1.02168958228083,0.87593329822677,462,1,0.916875309811936,1,0.9,0.3,0.862187427069755,750,302.109178427366,0.402812237903154,5,0,0,0,1,0,0,0,0,1,1
262.1,OpenSky,16,0.931295177447515,45.2564214886996,0.772570626646504,0.910653740291794,456,0,0.940138005995502,0.940138005995502,NaN,0.3,0.832251124935751,750,589.765869821411,0.786354493095215,3,1,0,0,0,0,0,0,0,0,1
262.2,OpenSky,15,0.844775723718845,43.4748904623579,0.62313679677121,0.967347884376032,413,1,0.947598082531941,1,0.9,0.3,0.824713648588963,600,508.711335135473,0.847852225225789,5,0,0,0,1,0,0,0,0,1,1
262.3,OpenSky,16,0.83253697265448,42.3084107686321,0.870328225653456,0.85070083628094,437,0,0.88924456030823,0.88924456030823,NaN,0.3,0.910400906791856,750,548.968228124681,0.731957637499575,3,1,0,0,0,0,0,0,0,0,1
262.4,OpenSky,16,0.922304788959844,45.1839629451818,0.837103375289704,0.856355736692419,461,1,0.90375834358392,1,0.9,0.3,0.883362107867396,600,498.068251214417,0.830113752024028,5,0,0,0,1,0,0,0,0,1,1
262.5,OpenSky,17,0.942529036922978,44.5186701956968,0.795341688893629,0.861717227852685,435,0,0.894975542661299,0.894975542661299,NaN,0.3,0.899271229753597,750,571.647444956114,0.762196593274819,3,1,0,0,0,0,0,0,0,0,1
262.6,OpenSky,17,0.952214549644051,44.0909758900827,0.83205063426011,0.933683308789448,413,1,0.92504281688893,1,0.9,0.3,0.850567213699518,600,518.528877136827,0.864214795228045,5,0,0,0,1,0,0,0,0,1,1
262.7,OpenSky,17,0.797719471957742,45.6922193303786,0.970377018508125,0.978299034888425,409,0,0.951635353375245,0.951635353375245,NaN,0.3,0.821052251388237,700,540.286461888174,0.771837802697392,3,1,0,0,0,0,0,0,0,0,1
262.8,OpenSky,18,0.984827199870302,39.4955231389601,0.517496459773499,0.963139171491338,403,0.973299989188862,0.936528244899197,0.998305303452607,0.9,0.3,0.836257973260187,700,439.465220690788,0.627807458129697,5,0,0,0,1,0,0,0,0,1,1
262.9,OpenSky,17,0.831714811826752,43.94434806948,0.724142901874558,0.914926924963047,509,0,0.943001039725242,0.943001039725242,NaN,0.3,0.829239933251631,700,391.039867664019,0.558628382377169,3,1,0,0,0,0,0,0,0,0,1
263,OpenSky,19,0.889427449582938,43.675855619687,0.775993760925012,0.903114571807247,443,1,0.929311763110856,1,0.9,0.3,0.844971441510462,700,230.331303619364,0.329044719456235,5,0,0,0,1,0,0,0,0,1,1
263.1,OpenSky,16,0.725414132275905,43.5411834058844,0.744039102825295,0.883635379243857,413,0,0.891510704093384,0.891510704093384,NaN,0.3,0.905929345936819,700,449.438132440977,0.642054474915681,3,1,0,0,0,0,0,0,0,0,1
263.2,OpenSky,18,0.953678276646532,45.3704874709495,0.849725918822166,0.907985280068464,374,1,0.875650137645871,1,0.9,0.3,0.939165994407418,700,246.87282392831,0.352675462754729,5,0,0,0,1,0,0,0,0,1,1
263.3,OpenSky,18,0.788875578251509,38.2847770278076,0.744272572015704,0.898830325889825,443,0,0.926441318346183,0.926441318346183,NaN,0.3,0.848697916819829,700,477.321096945717,0.681887281351024,3,1,0,0,0,0,0,0,0,0,1
263.4,OpenSky,18,0.959511867318009,42.9164831460197,0.789652084556112,0.90280737163837,378,1,0.875480938997708,1,0.9,0.3,0.939544968976032,700,409.929913803645,0.585614162576636,5,0,0,0,1,0,0,0,0,1,1
263.5,OpenSky,14,0.721766966433509,40.6784407744525,0.919144062783257,0.855376797409652,435,0,0.890727454264467,0.890727454264467,NaN,0.3,0.907464403263717,850,587.503965437672,0.691181135809026,3,1,0,0,0,0,0,0,0,0,1
263.6,OpenSky,16,0.917778122118028,45.9630926074608,0.793643296362252,0.912853253873185,473,1,0.941611680095034,1,0.9,0.3,0.830682763111922,650,316.220735416454,0.486493439102237,5,0,0,0,1,0,0,0,0,1,1
263.7,OpenSky,17,0.994993229169254,43.8442073812997,0.8065341965466,0.803251080566387,389,0,0.81785322397948,0.81785322397948,NaN,0.3,1.09859703213203,850,517.170462076795,0.608435837737406,3,1,0,0,0,0,0,0,0,0,1
263.8,OpenSky,17,0.897789851798034,43.245157140529,0.879117498129664,0.921881987556009,441,1,0.940235931662526,1,0.9,0.3,0.832145694778216,700,529.211491588921,0.756016416555601,5,0,0,0,1,0,0,0,0,1,1
263.9,OpenSky,18,0.86178480595668,44.1662954701677,0.980322339347459,0.961267760779273,444,0,0.969099399722113,0.969099399722113,NaN,0.3,0.808593623877804,700,424.122347384113,0.605889067691589,3,1,0,0,0,0,0,0,0,0,1
264,OpenSky,15,0.904973990680468,44.2424646412188,0.701823453534761,0.859629191842807,384,1,0.851501558534681,1,0.9,0.3,0.998466084058659,700,220.230940390853,0.31461562912979,5,0,0,0,1,0,0,0,0,1,1
264.1,OpenSky,17,0.831140100038352,41.6617273104648,0.799565469747014,0.808736008981186,397,0,0.828128126017395,0.828128126017395,NaN,0.3,1.06585946959663,850,621.632750307851,0.731332647421001,3,1,0,0,0,0,0,0,0,0,1
264.2,OpenSky,16,0.926026007664743,44.6694721860977,0.903816045350965,0.869880004503303,435,1,0.900444603017213,1,0.9,0.3,0.889201493615603,600,483.559131254281,0.805931885423801,5,0,0,0,1,0,0,0,0,1,1
264.3,OpenSky,15,1.07505196572578,43.0250948866924,0.669623768623639,0.931665418092996,460,0,0.954215830122308,0.954215830122308,NaN,0.3,0.818865711902505,700,400.903510231099,0.572719300330142,3,1,0,0,0,0,0,0,0,0,1
264.4,OpenSky,18,0.946743225291367,40.8972378126738,0.643013493099446,0.895366442517073,437,0.992792246315561,0.919170516486439,0.999417400992394,0.9,0.3,0.858800648645622,700,368.17555683409,0.525965081191557,5,0,0,0,1,0,0,0,0,1,1
264.5,OpenSky,16,0.908298328570835,43.6042706711623,0.83142097630768,0.917612156463115,398,0,0.901900144830287,0.901900144830287,NaN,0.3,0.886612234258868,900,659.900500099223,0.733222777888025,3,1,0,0,0,0,0,0,0,0,1
264.6,OpenSky,17,1.16392311682086,42.0461054527808,0.831183305942425,0.843080803204566,457,0.978914582540364,0.894864138147059,0.997783166462852,0.9,0.3,0.899481945028046,650,406.301371139939,0.625079032522982,5,0,0,0,1,0,0,0,0,1,1
264.7,OpenSky,18,0.97720179212397,43.2032571896938,0.91837435564429,0.905642698406192,403,0,0.898005607932149,0.898005607932149,NaN,0.3,0.893625704119615,850,726.33082774063,0.854506856165447,3,1,0,0,0,0,0,0,0,0,1
264.8,OpenSky,17,0.884942213068224,43.3221419822459,0.590762385836961,0.883084332983445,440,1,0.913416503098908,1,0.9,0.3,0.867470317420593,600,487.487691713843,0.812479486189738,5,0,0,0,1,0,0,0,0,1,1
264.9,OpenSky,18,0.817314747217251,45.1278100412681,0.606859991832608,1,427,0,0.981025,0.981025,NaN,0.3,0.803240455625,600,276.29726342015,0.460495439033583,3,1,0,0,0,0,0,0,0,0,1
265,OpenSky,18,0.799388756714381,42.7858995503777,0.669609644718752,0.939694475390576,461,1,0.959595298511686,1,0.9,0.3,0.814692859121238,600,456.417788371622,0.760696313952703,5,0,0,0,1,0,0,0,0,1,1
265.1,OpenSky,17,0.910658782024543,43.5551215193732,0.856447883153991,0.848752238933354,436,0,0.887114000085347,0.887114000085347,NaN,0.3,0.914689240790579,750,483.464086876405,0.644618782501874,3,1,0,0,0,0,0,0,0,0,1
265.2,OpenSky,18,0.808978283797489,41.5342942830516,0.895893572067276,0.905356179271494,394,1,0.890388640111901,1,0.9,0.3,0.908131851948665,750,388.106005527722,0.517474674036963,5,0,0,0,1,0,0,0,0,1,1
265.3,OpenSky,16,0.826149237396052,41.5034129815592,1.08413153498997,0.838708630447261,437,0,0.881209782399665,0.881209782399665,NaN,0.3,0.927000042177815,900,426.415064766546,0.473794516407273,3,1,0,0,0,0,0,0,0,0,1
265.4,OpenSky,17,0.980328973886836,43.2435520431031,0.898049566857834,0.9019211401656,410,1,0.901287163910952,1,0.9,0.3,0.887698016078689,600,493.13826814541,0.821897113575684,5,0,0,0,1,0,0,0,0,1,1
265.5,OpenSky,17,0.986002618032806,42.837811024309,0.847471374056257,0.829669579401211,385,0,0.832253618198812,0.832253618198812,NaN,0.3,1.05324963746651,850,663.210886057973,0.780248101244674,3,1,0,0,0,0,0,0,0,0,1
265.6,OpenSky,16,1.0388021369824,45.3728805175103,0.917228196582641,0.848177090853883,480,1,0.898278650872102,1,0.9,0.3,0.893125095815598,600,424.293800127808,0.707156333546347,5,0,0,0,1,0,0,0,0,1,1
265.7,OpenSky,19,1.03025729057831,44.6100944827982,0.853733837454244,0.926342849350535,417,0,0.923424709064858,0.923424709064858,NaN,0.3,0.852773976636214,750,544.07815850202,0.72543754466936,3,1,0,0,0,0,0,0,0,0,1
265.8,OpenSky,16,1.03836584161247,45.2932535413027,1.01239840471803,0.919719535835849,455,1,0.946212089010019,1,0.9,0.3,0.826038254317995,600,374.063615556866,0.623439359261444,5,0,0,0,1,0,0,0,0,1,1
265.9,OpenSky,18,0.85871565483583,43.8935250598849,0.893921383391735,0.873058193918477,379,0,0.85637398992538,0.85637398992538,NaN,0.3,0.985655876929594,900,707.70935916895,0.786343732409944,3,1,0,0,0,0,0,0,0,0,1
266,OpenSky,19,0.952162350120036,44.2452207413626,0.604169686085168,0.918302059507494,389,1,0.894937379870021,1,0.9,0.3,0.899343387337186,600,398.561469904265,0.664269116507108,5,0,0,0,1,0,0,0,0,1,1
266.1,OpenSky,18,0.985781417137324,43.8576820466859,0.917451324623007,0.95450267280767,429,0,0.952191790781139,0.952191790781139,NaN,0.3,0.82057062381843,750,473.867561945761,0.631823415927682,3,1,0,0,0,0,0,0,0,0,1
266.2,OpenSky,18,0.842118026950346,43.0320392003604,0.68112777995809,0.975564583249981,396,1,0.939078270777487,1,0.9,0.3,0.83340311382315,750,478.925320057716,0.638567093410288,5,0,0,0,1,0,0,0,0,1,1
266.3,OpenSky,15,0.740036104954949,43.0151732319273,0.900514199464635,0.907712919915452,441,0,0.930742656343353,0.930742656343353,NaN,0.3,0.843169216853375,750,325.694308744856,0.434259078326475,3,1,0,0,0,0,0,0,0,0,1
266.4,OpenSky,18,0.92989361631223,45.2533007942057,0.718637594589969,0.925074508415647,476,1,0.949799920638484,1,0.9,0.3,0.822680431711123,600,362.384165258368,0.603973608763947,5,0,0,0,1,0,0,0,0,1,1
266.5,OpenSky,16,0.920960000267392,43.3333125610367,0.753903551260247,0.935057833399079,428,0,0.938338748377383,0.938338748377383,NaN,0.3,0.834218989565009,800,501.834352254071,0.627292940317589,3,1,0,0,0,0,0,0,0,0,1
266.6,OpenSky,16,0.827904165093775,46.3039027170439,0.709742114126402,0.874721613615607,405,1,0.878938481122457,1,0.9,0.3,0.93190302217644,800,279.865075692229,0.349831344615287,5,0,0,0,1,0,0,0,0,1,1
266.7,OpenSky,17,0.808096196314756,41.9664055017716,0.886499252400666,0.929231220062145,407,0,0.917109917441637,0.917109917441637,NaN,0.3,0.86183689207879,800,602.218720767546,0.752773400959432,3,1,0,0,0,0,0,0,0,0,1
266.8,OpenSky,17,0.955191182864782,44.8400797883664,1.00997998459825,0.918280795868166,414,1,0.915548133231671,1,0.9,0.3,0.8641890602059,600,381.841093555207,0.636401822592011,5,0,0,0,1,0,0,0,0,1,1
266.9,OpenSky,17,0.781877778886236,43.3567599069866,1.01485051929664,0.871605438571589,429,0,0,0,NaN,NaN,NaN,1750,1750,0.999999999999999,0,1,0,0,0,1,0,0,1,0,0
267,OpenSky,17,0.949512439628373,43.8005072457791,0.770719238206546,0.915568478235753,422,1,0.920330880417954,1,0.9,0.3,0.857124517534805,600,448.277794291423,0.747129657152372,5,0,0,0,1,0,0,0,0,1,1
267.1,OpenSky,18,1.08273173599989,41.8928894649751,0.773019905049154,0.9196113218446,499,0,0.946139585635882,0.946139585635882,NaN,0.3,0.82610849811927,700,432.775682246009,0.618250974637156,3,1,0,0,0,0,0,0,0,0,1
267.2,OpenSky,18,0.988276817965334,43.8418797938309,0.641168033445007,0.951085592357374,464,1,0.967227346879441,1,0.9,0.3,0.809666421133045,700,194.363797480596,0.277662567829423,5,0,0,0,1,0,0,0,0,1,1
267.3,OpenSky,15,1.07782636279303,42.1567480316278,0.905376968973888,0.81946494309164,406,0,0.842741511871399,0.842741511871399,NaN,0.3,1.02257208879644,850,764.19351126358,0.899051189721858,3,1,0,0,0,0,0,0,0,0,1
267.4,OpenSky,18,0.858549914893555,43.3782990344237,0.857265489423499,0.972015068654407,398,1,0.938350095998453,1,0.9,0.3,0.8342063959706,600,406.939888377161,0.678233147295268,5,0,0,0,1,0,0,0,0,1,1
267.5,OpenSky,17,0.894518492003715,42.9734829470904,0.744198368643559,0.823441955943989,478,0,0.881706110482472,0.881706110482472,NaN,0.3,0.925940998674665,800,455.014037895681,0.568767547369602,3,1,0,0,0,0,0,0,0,0,1
267.6,OpenSky,17,0.796873608898689,42.1891625234461,0.740229007110476,0.970161544776295,456,1,0.980008235000118,1,0.9,0.3,0.803597036010295,800,439.645739683495,0.549557174604369,5,0,0,0,1,0,0,0,0,1,1
267.7,OpenSky,16,0.964268866997961,42.925451629315,0.765078076887608,0.950669204248527,399,0,0.924873366846513,0.924873366846513,NaN,0.3,0.850796099080807,800,373.802149027869,0.467252686284837,3,1,0,0,0,0,0,0,0,0,1
267.8,OpenSky,15,1.02876541913598,44.4699371579158,0.65070034965939,1,453,1,1,1,0.9,0.3,0.8,600,484.159084725941,0.806931807876568,5,0,0,0,1,0,0,0,0,1,1
267.9,OpenSky,18,0.929872458818964,43.2535540918018,1.09955984501859,0.952265100227744,388,0,0.916867617152589,0.916867617152589,NaN,0.3,0.862198937700997,750,583.14662851135,0.777528838015133,3,1,0,0,0,0,0,0,0,0,1
268,OpenSky,16,0.937894317931996,44.8041116065898,0.776704720360292,0.866796490543617,429,1,0.893428648664224,1,0.9,0.3,0.902217076329802,600,446.283631257305,0.743806052095509,5,0,0,0,1,0,0,0,0,1,1
268.1,OpenSky,16,0.702662416400017,42.0198134714788,0.876672012022099,0.914284485283571,417,0,0.915345605139992,0.915345605139992,NaN,0.3,0.864497299122027,750,388.068924656845,0.517425232875793,3,1,0,0,0,0,0,0,0,0,1
268.2,OpenSky,17,0.97838886599604,43.6325927020219,0.772593840158203,0.835813874816805,416,1,0.861945296127259,1,0.9,0.3,0.971531911352511,750,345.28620363031,0.460381604840414,5,0,0,0,1,0,0,0,0,1,1
268.3,OpenSky,16,0.809214418061117,44.5960436151144,0.758194581471033,0.893771873982084,401,0,0.888402155567996,0.888402155567996,NaN,0.3,0.912086709936828,750,654.266724956244,0.872355633274992,3,1,0,0,0,0,0,0,0,0,1
268.4,OpenSky,16,1.00016535367553,42.8678362247831,0.779315584807967,0.847584003134729,432,1,0.883031282100268,1,0.9,0.3,0.923135128703964,600,498.407688284868,0.830679480474781,5,0,0,0,1,0,0,0,0,1,1
268.5,OpenSky,19,0.910642467153898,42.1437088584487,0.788487947902426,0.895075370518487,391,0,0.881025498247386,0.881025498247386,NaN,0.3,0.927394388605545,800,652.610064342086,0.815762580427607,3,1,0,0,0,0,0,0,0,0,1
268.6,OpenSky,16,1.04656198271916,44.2392578630915,0.851610286227716,0.785838577108779,440,1,0.848261846662882,1,0.9,0.3,1.00722020460343,600,381.784336329814,0.636307227216356,5,0,0,0,1,0,0,0,0,1,1
268.7,OpenSky,17,0.920439946726996,40.6992798818705,0.918380607041516,1,415,0,0.971125,0.971125,NaN,0.3,0.807503890625,750,630.122303200094,0.840163070933458,3,1,0,0,0,0,0,0,0,0,1
268.8,OpenSky,16,0.926653035534591,41.7682535325775,0.862409648106188,0.890675673094042,376,1,0.865702700973008,1,0.9,0.3,0.962321880733508,600,366.87297591152,0.611454959852534,5,0,0,0,1,0,0,0,0,1,1
268.9,OpenSky,18,0.981451093799166,42.0153198308133,0.873258345999387,0.968800024438894,382,0,0.922996016374059,0.922996016374059,NaN,0.3,0.853366521448378,800,642.296322962937,0.802870403703671,3,1,0,0,0,0,0,0,0,0,1
269,OpenSky,18,0.92678000119637,45.3499381774526,0.678147144118208,0.881614802830171,439,1,0.911606917896214,1,0.9,0.3,0.870320032674259,600,497.144207757899,0.828573679596499,5,0,0,0,1,0,0,0,0,1,1
269.1,OpenSky,19,0.874454926990685,44.1514378494525,0.783038248912431,0.908661251887407,396,0,0.894253038764563,0.894253038764563,NaN,0.3,0.900641778294761,750,557.045988218229,0.742727984290972,3,1,0,0,0,0,0,0,0,0,1
269.2,OpenSky,18,0.846510643568064,42.5203812647498,0.825126614071571,0.97596460851384,374,1,0.921196287704273,1,0.9,0.3,0.85589022564429,600,504.288848246052,0.84048141374342,5,0,0,0,1,0,0,0,0,1,1
269.3,OpenSky,18,0.856451142111224,42.1016636549286,0.919835443187177,0.899315371624131,421,0,0.908616298988168,0.908616298988168,NaN,0.3,0.875158827295579,750,422.679753042298,0.563573004056397,3,1,0,0,0,0,0,0,0,0,1
269.4,OpenSky,16,0.897526744072246,42.7712894744322,0.885611992455206,0.930240293915726,446,1,0.949960996923537,1,0.9,0.3,0.822535116459977,750,340.285446067599,0.453713928090132,5,0,0,0,1,0,0,0,0,1,1
269.5,OpenSky,16,0.815671677662876,42.0404439881481,0.729292412452493,0.939500861549969,499,0,0.959465577238479,0.959465577238479,NaN,0.3,0.814787354857487,750,665.508742990571,0.887344990654095,3,1,0,0,0,0,0,0,0,0,1
269.6,OpenSky,16,0.843401684574588,44.4336833853748,0.84907023298638,0.880924038708065,409,1,0.886394105934404,1,0.9,0.3,0.916156692497992,600,470.471314958227,0.784118858263712,5,0,0,0,1,0,0,0,0,1,1
269.7,OpenSky,17,0.867099178117592,44.0858379778017,0.831081214802539,0.867321790944854,442,0,0.904505599933052,0.904505599933052,NaN,0.3,0.882072623997316,750,505.113617201203,0.673484822934938,3,1,0,0,0,0,0,0,0,0,1
269.8,OpenSky,17,0.915367662456624,44.0485444627816,0.771195033266383,0.875887541322337,370,1,0.850844652685966,1,0.9,0.3,1.00022585869133,750,478.52969580461,0.638039594406146,5,0,0,0,1,0,0,0,0,1,1
269.9,OpenSky,14,0.913383738817403,42.613067453709,0.60210512537605,0.903251971493081,457,0,0.935178820900364,0.935178820900364,NaN,0.3,0.837816067338804,750,416.082464609936,0.554776619479915,3,1,0,0,0,0,0,0,0,0,1
270,OpenSky,18,1.08308131714646,45.2420784047963,0.539504384892672,0.885898147380666,418,1,0.897151758745047,1,0.9,0.3,0.895199846563134,750,148.133064247913,0.197510752330551,5,0,0,0,1,0,0,0,0,1,1
270.1,OpenSky,17,0.84276675619934,43.3958949213781,0.889311181975603,0.858087084983349,407,0,0.869443346938844,0.869443346938844,NaN,0.3,0.95340535692678,750,482.392509672406,0.643190012896541,3,1,0,0,0,0,0,0,0,0,1
270.2,OpenSky,16,0.85521166728178,42.6710420463583,0.780486604796859,0.922292236523979,428,1,0.929785798471066,1,0.9,0.3,0.844370306867112,750,356.805536592462,0.475740715456617,5,0,0,0,1,0,0,0,0,1,1
270.3,OpenSky,15,0.966468011870826,43.7530254105482,0.920254386947317,0.902462920764157,457,0,0.934650156911985,0.934650156911985,NaN,0.3,0.838435417924653,750,602.257113767944,0.803009485023926,3,1,0,0,0,0,0,0,0,0,1
270.4,OpenSky,15,0.902416984710748,44.9671118243766,0.944485542883068,0.925332052550548,387,1,0.897997475208867,1,0.9,0.3,0.893640635573892,600,515.09341360092,0.858489022668199,5,0,0,0,1,0,0,0,0,1,1
270.5,OpenSky,17,0.967103667347904,40.7239477439241,0.895008579292725,0.917906110716637,434,0,0.931797094180147,0.931797094180147,NaN,0.3,0.841864727260446,700,438.603333110603,0.626576190158005,3,1,0,0,0,0,0,0,0,0,1
270.6,OpenSky,17,0.940096125823367,43.5609705735971,0.68190358202098,0.852002583235686,482,1,0.90084173076791,1,0.9,0.3,0.888491261213933,700,411.234149886329,0.58747735698047,5,0,0,0,1,0,0,0,0,1,1
270.7,OpenSky,18,0.892731933605093,40.6807670496522,0.77504073886554,0.877107284954172,487,0,0.917661880919295,0.917661880919295,NaN,0.3,0.861016092683735,700,273.997604802235,0.391425149717479,3,1,0,0,0,0,0,0,0,0,1
270.8,OpenSky,18,0.848009503712277,40.0672059758789,0.78609666946745,0.879942468610557,368,0.990320641172801,0.851911453969073,0.998566597824768,0.9,0.3,0.997371957189985,700,402.316354887271,0.574737649838959,5,0,0,0,1,0,0,0,0,1,1
270.9,OpenSky,15,0.894936193301125,41.8991641939292,0.803094498742106,0.948837474453239,378,0,0.90632110788367,0.90632110788367,NaN,0.3,0.878981613453286,850,673.820336765778,0.792729807959739,3,1,0,0,0,0,0,0,0,0,1
271,OpenSky,18,1.07092369921635,42.9025316069164,0.972720931483425,0.865327424367238,492,0.996875192049944,0.90976937432605,0.999718046623556,0.9,0.3,0.873274092285613,600,534.27494181769,0.890458236362817,5,0,0,0,1,0,0,0,0,1,1
271.1,OpenSky,16,0.900890756428152,42.7495399818072,0.656925931919248,0.824558898164094,426,0,0.862654461769943,0.862654461769943,NaN,0.3,0.969774171845336,800,442.149675150942,0.552687093938677,3,1,0,0,0,0,0,0,0,0,1
271.2,OpenSky,17,0.856022041826594,42.940340902318,0.805422790455296,0.847897855004755,433,1,0.884066562853186,1,0.9,0.3,0.920965056638068,800,317.20878074131,0.396510975926637,5,0,0,0,1,0,0,0,0,1,1
271.3,OpenSky,17,1.06890683247585,45.3705035682409,0.888390442974559,0.833256133385494,376,0,0.827231609368281,0.827231609368281,NaN,0.3,1.06864025121327,800,693.735587861567,0.867169484826959,3,1,0,0,0,0,0,0,0,0,1
271.4,OpenSky,15,0.824709711186943,42.3538872561929,1.10114213759925,0.953919658867806,479,0.993016167115339,0.96912617144143,0.999784382340837,0.9,0.3,0.808578739608776,600,313.043058377933,0.521738430629888,5,0,0,0,1,0,0,0,0,1,1
271.5,OpenSky,18,0.948921215850122,42.3920232914423,1.05636302881847,0.829658759871886,440,0,0.877621369114163,0.877621369114163,NaN,0.3,0.934788763677426,900,155.328909867268,0.172587677630297,3,1,0,0,0,0,0,0,0,0,1
271.6,OpenSky,17,0.912971680765033,43.6523023698167,0.618441028350917,0.928817139459997,398,1,0.909407483438198,1,0.9,0.3,0.873863036513003,600,353.801544679496,0.589669241132493,5,0,0,0,1,0,0,0,0,1,1
271.7,OpenSky,18,0.91281279755933,42.9509786959669,0.608406054237201,0.806928117919536,461,0,0.870641839006089,0.870641839006089,NaN,0.3,0.950601804341539,900,647.559660210169,0.719510733566854,3,1,0,0,0,0,0,0,0,0,1
271.8,OpenSky,16,0.915970130764632,42.760730437385,0.720065046635092,0.904542159384442,420,1,0.911293246787576,1,0.9,0.3,0.870819992589409,650,407.170971953683,0.626416879928743,5,0,0,0,1,0,0,0,0,1,1
271.9,OpenSky,16,1.27210377205262,40.7895402298356,0.789206186625439,0.849159671419314,438,0,0.889036979850941,0.889036979850941,NaN,0.3,0.910815126565405,850,542.133661060971,0.637804307130554,3,1,0,0,0,0,0,0,0,0,1
272,OpenSky,17,0.939032381837631,43.0603250437767,0.869080714098942,0.924371237333525,443,1,0.943553729013462,1,0.9,0.3,0.828675633574571,700,555.403385625623,0.793433408036604,5,0,0,0,1,0,0,0,0,1,1
272.1,OpenSky,15,0.983168924183091,41.3395364243144,0.723039859698051,0.876068258344967,394,0,0.870765733091128,0.870765733091128,NaN,0.3,0.950313461691263,700,379.154325843513,0.541649036919304,3,1,0,0,0,0,0,0,0,0,1
272.2,OpenSky,18,0.915014039359399,43.3028128095512,0.685295731770105,0.97835173985987,419,1,0.959920665706113,1,0.9,0.3,0.81445717733697,700,249.852780986281,0.356932544266116,5,0,0,0,1,0,0,0,0,1,1
272.3,OpenSky,17,0.717059497682784,43.5375160029525,0.880338315431418,0.961122364961192,394,0,0.927751984523999,0.927751984523999,NaN,0.3,0.846977981661985,700,594.361449726113,0.849087785323018,3,1,0,0,0,0,0,0,0,0,1
272.4,OpenSky,16,0.857413160788129,45.3087727135326,1.17221094739753,1,388,1,0.94885,1,0.9,0.3,0.8235469025,700,503.038115158784,0.718625878798263,5,0,0,0,1,0,0,0,0,1,1
272.5,OpenSky,16,0.749378772098481,42.8145120311547,0.620991826941175,0.887196002626426,418,0,0.898021321759706,0.898021321759706,NaN,0.3,0.893596857340738,700,408.490924038905,0.583558462912722,3,1,0,0,0,0,0,0,0,0,1
272.6,OpenSky,19,1.17837561490587,41.5883193378394,0.783787309183449,0.854071789684911,476,0.972554905599532,0.90222809908889,0.997316640949781,0.9,0.3,0.886034101469947,700,274.605804389164,0.392294006270234,5,0,0,0,1,0,0,0,0,1,1
272.7,OpenSky,16,0.920672224199592,42.9816263474654,0.831154994949344,0.950744379071885,432,0,0.952148733978163,0.952148733978163,NaN,0.3,0.820607692939033,700,410.533248961583,0.586476069945119,3,1,0,0,0,0,0,0,0,0,1
272.8,OpenSky,20,0.804091748184944,44.0718704102497,0.800448779239349,0.953152161924776,422,1,0.9455119484896,1,0.9,0.3,0.8267205298166,700,211.802559471459,0.302575084959227,5,0,0,0,1,0,0,0,0,1,1
272.9,OpenSky,18,0.840460253288994,42.6643658565519,1.00491512556709,0.963495267378425,407,0,0.940066829143545,0.940066829143545,NaN,0.3,0.832327864720181,700,274.849191975392,0.392641702821989,3,1,0,0,0,0,0,0,0,0,1
273,OpenSky,19,0.833505520116357,44.5679371177652,0.799376851301441,0.956308375237886,398,1,0.927826611409383,1,0.9,0.3,0.846880982185869,700,566.233737300428,0.808905339000612,5,0,0,0,1,0,0,0,0,1,1
273.1,OpenSky,17,0.840303460172326,43.4872888856264,0.708963879533628,0.863430124030006,418,0,0.882098183100104,0.882098183100104,NaN,0.3,0.92510754585467,700,383.043408448415,0.547204869212021,3,1,0,0,0,0,0,0,0,0,1
273.2,OpenSky,17,0.941800655213442,41.1068396141606,0.704793156440566,0.857413681351106,479,0.994593906460867,0.904467166505241,0.999483540566069,0.9,0.3,0.882138700479836,700,273.353620581785,0.390505172259693,5,0,0,0,1,0,0,0,0,1,1
273.3,OpenSky,18,0.849048861700575,41.05215115437,0.912613371461932,0.883202891787422,486,0,0.921745937497573,0.921745937497573,NaN,0.3,0.855113284683204,700,516.570885124931,0.737958407321331,3,1,0,0,0,0,0,0,0,0,1
273.4,OpenSky,18,0.950546656553739,41.425858519628,0.857746252966257,0.898039558517765,451,0.994084133763466,0.931686504206902,0.999595866496738,0.9,0.3,0.842000603367262,700,418.085243259478,0.597264633227825,5,0,0,0,1,0,0,0,0,1,1
273.5,OpenSky,16,0.878839978684265,43.0882668566662,0.835160158745999,0.887700796314687,403,0,0.88598453353084,0.88598453353084,NaN,0.3,0.916995739347621,850,738.045628883349,0.868288975156881,3,1,0,0,0,0,0,0,0,0,1
273.6,OpenSky,18,0.865023812715548,42.1869575523562,1.15557350466509,0.911492514360073,471,1,0.940699984621249,1,0.9,0.3,0.831648426415281,600,264.598777802401,0.440997963004002,5,0,0,0,1,0,0,0,0,1,1
273.7,OpenSky,17,0.900498519207461,44.1438017443406,0.815102021850292,0.843417848060631,365,0,0.824964958200623,0.824964958200623,NaN,0.3,1.07573539271939,850,447.66881069803,0.526669189056506,3,1,0,0,0,0,0,0,0,0,1
273.8,OpenSky,17,0.901396236265318,43.3179158214638,0.739256640849771,0.864113776441502,382,1,0.852856230215806,1,0.9,0.3,0.994861600876735,850,478.181360306054,0.562566306242417,5,0,0,0,1,0,0,0,0,1,1
273.9,OpenSky,15,1.00339217013352,43.629807660317,0.661647889912986,0.949010708730695,468,0,0.965837174849566,0.965837174849566,NaN,0.3,0.810503887600332,850,410.563377636728,0.48301573839615,3,1,0,0,0,0,0,0,0,0,1
274,OpenSky,18,1.04506227759596,42.5700726747443,0.810255820124011,0.876399622900246,502,0.999234271806339,0.917187747343165,0.99993658832336,0.9,0.3,0.861720822710895,600,507.159605786838,0.84526600964473,5,0,0,0,1,0,0,0,0,1,1
274.1,OpenSky,16,0.852739223560754,42.4289175010741,0.765890619410056,0.780610429196195,457,0,0.853008987561451,0.853008987561451,NaN,0.3,0.994457219639388,800,697.461923459471,0.871827404324339,3,1,0,0,0,0,0,0,0,0,1
274.2,OpenSky,18,1.03731643576695,42.1115777902473,0.88621943108365,0.838127698049259,474,0.992381692269921,0.891545557693003,0.999173760683811,0.9,0.3,0.905861294505095,600,464.668766936743,0.774447944894572,5,0,0,0,1,0,0,0,0,1,1
274.3,OpenSky,17,0.813952406973216,42.4291374108215,0.782032567962548,0.965748031176817,409,0,0.943226180888467,0.943226180888467,NaN,0.3,0.829009398828581,700,275.754861312976,0.393935516161395,3,1,0,0,0,0,0,0,0,0,1
274.4,OpenSky,16,0.896785600286251,41.7673542557748,1.07848841106157,1,431,0.999753005414895,0.984325,0.999996128359879,0.9,0.3,0.802211350625,700,535.540358293953,0.765057654705647,5,0,0,0,1,0,0,0,0,1,1
274.5,OpenSky,18,1.36776595899338,41.3032385762426,0.785625368446101,0.923546558323426,498,0,0.948776194076695,0.948776194076695,NaN,0.3,0.823614904639415,700,477.018958215027,0.681455654592896,3,1,0,0,0,0,0,0,0,0,1
274.6,OpenSky,16,0.949990525401831,42.4646269059665,0.805697318218281,0.803495152712914,463,1,0.868341752317652,1,0.9,0.3,0.956005047645078,700,351.007225038729,0.501438892912471,5,0,0,0,1,0,0,0,0,1,1
274.7,OpenSky,20,0.869142336551821,41.7045414146898,0.90374640379802,0.91500489859703,463,0,0.94305328206001,0.94305328206001,NaN,0.3,0.829186358157231,850,639.280775003164,0.752095029415487,3,1,0,0,0,0,0,0,0,0,1
274.8,OpenSky,17,0.89245275926594,43.2936005394271,0.772387877325042,0.890418980524748,427,1,0.907605716951581,1,0.9,0.3,0.876830331860282,600,421.824670241563,0.703041117069272,5,0,0,0,1,0,0,0,0,1,1
274.9,OpenSky,18,1.08311364547875,43.8900736254746,0.799667091883731,0.880308889788081,423,0,0.897531956158014,0.897531956158014,NaN,0.3,0.894497300079228,800,599.444008705291,0.749305010881614,3,1,0,0,0,0,0,0,0,0,1
275,OpenSky,18,1.01291250806701,42.088867253875,0.725342650647145,0.871101466970755,414,0.998643566288838,0.883937982870406,0.99984256956738,0.9,0.3,0.921233526381711,600,498.471053799703,0.830785089666171,5,0,0,0,1,0,0,0,0,1,1
275.1,OpenSky,17,0.798362271285613,42.3830013558649,0.84252088934756,0.867766212860928,433,0,0.897378362616822,0.897378362616822,NaN,0.3,0.894780804132841,750,563.901578029672,0.75186877070623,3,1,0,0,0,0,0,0,0,0,1
275.2,OpenSky,15,0.836898378294728,43.9477019629839,0.743321448706442,0.909352270792712,438,1,0.929366021431117,1,0.9,0.3,0.844902430356224,600,368.633837952476,0.614389729920794,5,0,0,0,1,0,0,0,0,1,1
275.3,OpenSky,17,0.896500312005634,44.2615748904454,0.913380512736723,0.881024281374751,388,0,0.869136268521083,0.869136268521083,NaN,0.3,0.954127845949275,850,768.441510079602,0.904048835387767,3,1,0,0,0,0,0,0,0,0,1
275.4,OpenSky,18,1.02306442810194,44.5234792486114,0.811330219175411,0.951501270155446,456,1,0.967505851004149,1,0.9,0.3,0.809502827470681,600,506.435863763288,0.844059772938813,5,0,0,0,1,0,0,0,0,1,1
275.5,OpenSky,16,0.820939008640554,43.9261392518795,0.862086547874746,0.919330889456698,428,0,0.927801695935988,0.927801695935988,NaN,0.3,0.846913355987476,700,609.095543008665,0.870136490012378,3,1,0,0,0,0,0,0,0,0,1
275.6,OpenSky,17,0.919117691945584,41.4934980938952,0.986377104953322,0.97480199600723,479,0.995658678651507,0.983117337324844,0.999926706936109,0.9,0.3,0.802565218691028,700,405.132228776055,0.578760326822936,5,0,0,0,1,0,0,0,0,1,1
275.7,OpenSky,18,0.918496308964076,42.4998551125435,1.03775694028366,0.837607839068634,428,0,0.873047252175985,0.873047252175985,NaN,0.3,0.945053001620612,900,639.460884684022,0.710512094093357,3,1,0,0,0,0,0,0,0,0,1
275.8,OpenSky,19,0.97806631027391,44.3344339406516,0.693195431174786,0.842858538903408,401,1,0.854290221065283,1,0.9,0.3,0.991082057094836,650,386.591969105065,0.594756875546254,5,0,0,0,1,0,0,0,0,1,1
275.9,OpenSky,16,0.828540624851275,41.1535383010613,1.00826404414708,0.786133535954795,445,0,0.852584469089713,0.852584469089713,NaN,0.3,0.995582048782056,900,785.70998185219,0.873011090946878,3,1,0,0,0,0,0,0,0,0,1
276,OpenSky,17,0.9282182666188,45.4857177972665,0.750362195116449,1,462,1,1,1,0.9,0.3,0.8,600,490.42590554799,0.81737650924665,5,0,0,0,1,0,0,0,0,1,1
276.1,OpenSky,16,0.8896472363173,41.990858656956,0.718412375168758,0.910268307236307,428,0,0.921729765848326,0.921729765848326,NaN,0.3,0.855136065987421,750,499.726075883763,0.666301434511684,3,1,0,0,0,0,0,0,0,0,1
276.2,OpenSky,16,0.839065538668947,40.9430067233408,0.757682778615833,0.917613460842612,471,1,0.94480101876455,1,0.9,0.3,0.827422347764884,750,255.471505719926,0.340628674293234,5,0,0,0,1,0,0,0,0,1,1
276.3,OpenSky,18,0.832091738943252,43.2659499539951,0.683518452385125,1,420,0,0.97525,0.97525,NaN,0.3,0.8055130625,750,529.300709648136,0.705734279530848,3,1,0,0,0,0,0,0,0,0,1
276.4,OpenSky,17,0.852447097529688,42.9925205975371,1.04261116317209,0.841948404883471,443,1,0.888330431271926,1,0.9,0.3,0.912230833219227,750,451.988887634934,0.602651850179912,5,0,0,0,1,0,0,0,0,1,1
276.5,OpenSky,19,0.872062810288133,41.7509198120797,0.854876977005722,0.848072528857094,442,0,0.891608594334253,0.891608594334253,NaN,0.3,0.905738271399769,750,325.663056747293,0.434217408996391,3,1,0,0,0,0,0,0,0,0,1
276.6,OpenSky,16,0.982891521134396,44.3834765128646,0.865851017469504,0.913177888177322,408,1,0.907179185078805,1,0.9,0.3,0.877541333143712,600,390.301174389482,0.650501957315803,5,0,0,0,1,0,0,0,0,1,1
276.7,OpenSky,17,0.819512841627015,42.2615955706548,0.86476701860138,0.987978413595066,400,0,0.950695537108694,0.950695537108694,NaN,0.3,0.821878370549001,750,601.43703140963,0.801916041879507,3,1,0,0,0,0,0,0,0,0,1
276.8,OpenSky,15,0.898074671942498,42.0612930322399,0.930409009719557,0.91171669722589,442,0.984291443132913,0.934250187141347,0.99896716532571,0.9,0.3,0.838907341018531,750,454.800226736406,0.606400302315208,5,0,0,0,1,0,0,0,0,1,1
276.9,OpenSky,18,0.732641329651963,45.3193688953434,0.91512525720644,0.947130076218585,395,0,0.919202151066452,0.919202151066452,NaN,0.3,0.858754631530596,750,296.411838808208,0.395215785077611,3,1,0,0,0,0,0,0,0,0,1
277,OpenSky,16,0.93761592675117,41.6193073296481,0.885573002064333,0.931611968763735,427,0.997448710082734,0.935205019071702,0.999834689218468,0.9,0.3,0.837785505981486,600,279.248590633671,0.465414317722784,5,0,0,0,1,0,0,0,0,1,1
277.1,OpenSky,18,1.03019244173347,41.4131922191903,0.764941571880213,0.855347173830216,426,0,0.883282606466244,0.883282606466244,NaN,0.3,0.922606549579822,800,537.534059056901,0.671917573821127,3,1,0,0,0,0,0,0,0,0,1
277.2,OpenSky,17,0.954217170077985,45.170018015459,0.985886798443817,0.932597305356275,434,1,0.941640194588705,1,0.9,0.3,0.830652801988799,650,391.316130742149,0.602024816526383,5,0,0,0,1,0,0,0,0,1,1
277.3,OpenSky,18,0.86394132230296,44.0267169424171,0.970186488121221,0.867794627531597,381,0,0.85449740044617,0.85449740044617,NaN,0.3,0.9905390582923,900,815.740956847698,0.906378840941887,3,1,0,0,0,0,0,0,0,0,1
277.4,OpenSky,15,0.813470863387979,45.7219614449262,0.930760276183553,0.92013343398925,390,1,0.896989400772797,1,0.9,0.3,0.895500651978326,600,511.403896700518,0.852339827834196,5,0,0,0,1,0,0,0,0,1,1
277.5,OpenSky,15,0.997871605783829,42.6302786792915,0.841738695815128,0.795456157480234,491,0,0.862955625511757,0.862955625511757,NaN,0.3,0.969030445209865,800,685.47615265141,0.856845190814263,3,1,0,0,0,0,0,0,0,0,1
277.6,OpenSky,16,0.844553774371518,44.6120954231634,0.738729806776478,1,395,1,0.954625,1,0.9,0.3,0.818530015625,600,305.970973880651,0.509951623134418,5,0,0,0,1,0,0,0,0,1,1
277.7,OpenSky,17,0.638654201883378,43.6567987650447,0.862939202019771,0.957729845784114,402,0,0.932078996675357,0.932078996675357,NaN,0.3,0.841519364233636,850,557.574360539788,0.655969835929162,3,1,0,0,0,0,0,0,0,0,1
277.8,OpenSky,17,0.677546697473164,43.7992152568253,0.792709080769403,0.840862152548639,407,1,0.857902642207588,1,0.9,0.3,0.981724931824262,650,431.346805966973,0.663610470718419,5,0,0,0,1,0,0,0,0,1,1
277.9,OpenSky,16,0.98640898137389,42.1895873250692,0.829570902158461,0.953761064208997,431,0,0.953344913020028,0.953344913020028,NaN,0.3,0.819590274269978,750,280.21697331736,0.373622631089813,3,1,0,0,0,0,0,0,0,0,1
278,OpenSky,17,0.932384922166087,43.6140280861388,0.799132722949284,0.864386094663999,431,1,0.893463683424879,1,0.9,0.3,0.90214988074455,600,245.803648879523,0.409672748132538,5,0,0,0,1,0,0,0,0,1,1
278.1,OpenSky,19,0.828553635161327,40.7348428520901,0.708489995158004,0.824434952152292,442,0,0.875771417942036,0.875771417942036,NaN,0.3,0.938894665401192,800,471.385483207712,0.58923185400964,3,1,0,0,0,0,0,0,0,0,1
278.2,OpenSky,18,0.681116601837479,44.0991847921724,1.04616074178963,1,422,1,0.9769,1,0.9,0.3,0.80480249,800,212.662893423332,0.265828616779166,5,0,0,0,1,0,0,0,0,1,1
278.3,OpenSky,18,0.732969930069647,42.9485886995569,0.82454530079488,0.890213298668987,396,0,0.881892910108221,0.881892910108221,NaN,0.3,0.925543562144343,800,457.395273405743,0.571744091757179,3,1,0,0,0,0,0,0,0,0,1
278.4,OpenSky,15,0.822903931609674,42.2163193517549,0.772029311950084,0.88304836908827,435,0.99905636189921,0.909267407289141,0.999914381268535,0.9,0.3,0.874091630420311,800,375.557497493115,0.469446871866394,5,0,0,0,1,0,0,0,0,1,1
278.5,OpenSky,17,0.944365739182038,43.4957504897739,0.736174471238775,0.903392794304791,459,0,0.93527317218421,0.93527317218421,NaN,0.3,0.837706060151854,800,430.97969704209,0.538724621302613,3,1,0,0,0,0,0,0,0,0,1
278.6,OpenSky,18,0.947686678009579,43.1731963949574,0.880878294659046,0.879354587374922,362,1,0.846567573541198,1,0.9,0.3,1.01187358540132,800,337.479154032555,0.421848942540694,5,0,0,0,1,0,0,0,0,1,1
278.7,OpenSky,17,0.950982040846945,40.4372387739999,0.874532233303251,0.816307810558239,508,0,0.87692623307402,0.87692623307402,NaN,0.3,0.936324368948154,800,613.888030588984,0.76736003823623,3,1,0,0,0,0,0,0,0,0,1
278.8,OpenSky,19,0.832846526443484,42.3081756668509,0.54628331125709,0.842188571542039,477,1,0.894266342933166,1,0.9,0.3,0.900616456130542,600,495.377053610038,0.825628422683397,5,0,0,0,1,0,0,0,0,1,1
278.9,OpenSky,18,0.97706632830635,42.524349158694,0.751096529166595,0.931642586357784,411,0,0.922025532859715,0.922025532859715,NaN,0.3,0.854720157732302,750,510.004960678269,0.680006614237692,3,1,0,0,0,0,0,0,0,0,1
279,OpenSky,17,0.896776413311314,41.8239688741045,0.94157211159153,1,433,1,0.985975,1,0.9,0.3,0.801770305625,750,235.138091191909,0.313517454922545,5,0,0,0,1,0,0,0,0,1,1
279.1,OpenSky,15,0.941693674326209,43.4282833287944,0.730232933040414,0.906904931617056,367,0,0.869151304183428,0.869151304183428,NaN,0.3,0.95409243077208,750,544.860628284292,0.726480837712389,3,1,0,0,0,0,0,0,0,0,1
279.2,OpenSky,18,0.970596994973396,44.3684675064564,1.039238393259,0.889137683051614,429,1,0.908397247644582,1,0.9,0.3,0.875519578151793,600,301.842629879167,0.503071049798612,5,0,0,0,1,0,0,0,0,1,1
279.3,OpenSky,17,0.875426399372302,43.5533961802163,0.880024887035808,0.931517170130133,401,0,0.913691503987189,0.913691503987189,NaN,0.3,0.867042408355941,850,707.386345284835,0.832219229746864,3,1,0,0,0,0,0,0,0,0,1
279.4,OpenSky,17,0.88623532154408,44.1459503998312,0.529777276314941,0.85900805238424,446,1,0.902235395097441,1,0.9,0.3,0.886021261745782,600,336.774034405942,0.561290057343237,5,0,0,0,1,0,0,0,0,1,1
279.5,OpenSky,17,0.815736936442094,42.6722759971875,0.959508514000432,0.937584443866332,414,0,0.928481577390442,0.928481577390442,NaN,0.3,0.846033962953034,850,723.365744806238,0.851018523301456,3,1,0,0,0,0,0,0,0,0,1
279.6,OpenSky,17,0.854084803746177,44.557934257623,0.718726442004157,0.976330542767921,459,1,0.984141463654507,1,0.9,0.3,0.802263438575192,600,524.217485761652,0.873695809602753,5,0,0,0,1,0,0,0,0,1,1
279.7,OpenSky,17,0.695128318157525,42.8511767028015,0.705276338216608,0.927847985050634,412,0,0.920308149983925,0.920308149983925,NaN,0.3,0.857157118630861,750,369.293722628151,0.492391630170868,3,1,0,0,0,0,0,0,0,0,1
279.8,OpenSky,16,1.11897957036636,41.8953197582678,0.745158103367782,0.797554718724243,400,0.983857340246882,0.823111661545243,0.997144551738031,0.9,0.3,1.08160535853156,750,543.175547658093,0.724234063544124,5,0,0,0,1,0,0,0,0,1,1
279.9,OpenSky,15,1.24206561559055,41.4420834439673,1.05844261655289,0.88293262298449,407,0,0.886089857399608,0.886089857399608,NaN,0.3,0.916779685285175,750,490.391383993198,0.653855178657598,3,1,0,0,0,0,0,0,0,0,1
280,OpenSky,17,0.855753784722635,40.9401918157837,1.17291418604325,0.856999346959226,411,0.991827172497207,0.872014562462682,0.998953997096138,0.9,0.3,0.947422449994569,750,374.057974086236,0.498743965448315,5,0,0,0,1,0,0,0,0,1,1
280.1,OpenSky,15,0.954015643607718,43.0066318474908,0.862379480361986,0.906136655262754,487,0,0.937111559026045,0.937111559026045,NaN,0.3,0.835594604073211,750,637.250080450809,0.849666773934411,3,1,0,0,0,0,0,0,0,0,1
280.2,OpenSky,19,0.789681004554616,47.1206052352675,0.764722516924113,0.874067610612947,374,1,0.852925299110675,1,0.9,0.3,0.994678708775161,600,513.625012605149,0.856041687675248,5,0,0,0,1,0,0,0,0,1,1
280.3,OpenSky,17,0.806236789334629,44.0877488788047,0.723694198403972,0.807766587059653,428,0,0.853053613329968,0.853053613329968,NaN,0.3,0.994339164998408,800,662.790949264302,0.828488686580377,3,1,0,0,0,0,0,0,0,0,1
280.4,OpenSky,18,0.883207604861347,43.6122504527132,0.621873659758878,0.896020082963662,400,1,0.889083455585654,1,0.9,0.3,0.910722318423377,600,400.133852111788,0.666889753519647,5,0,0,0,1,0,0,0,0,1,1
280.5,OpenSky,14,1.01389820457381,43.0399475836572,0.555472718458054,0.883076221771514,421,0,0.897736068586914,0.897736068586914,NaN,0.3,0.894121205012543,800,534.966850462443,0.668708563078053,3,1,0,0,0,0,0,0,0,0,1
280.6,OpenSky,18,1.08415435098104,44.1040062923449,0.782637614983407,0.876649775397488,441,1,0.909930349516317,1,0.9,0.3,0.873012877444276,650,400.588546424467,0.616290071422256,5,0,0,0,1,0,0,0,0,1,1
280.7,OpenSky,19,0.85496966464645,43.2395586665257,0.634137848201464,0.891320038275699,439,0,0.918109425644718,0.918109425644718,NaN,0.3,0.860354595514142,800,607.657115066244,0.759571393832804,3,1,0,0,0,0,0,0,0,0,1
280.8,OpenSky,17,0.871485435059652,41.4270223357327,0.705706907475398,1,431,1,0.984325,1,0.9,0.3,0.802211350625,600,441.689266863465,0.736148778105774,5,0,0,0,1,0,0,0,0,1,1
280.9,OpenSky,17,0.764467892644483,39.8428667578508,0.66694472649547,0.86362693745456,433,0,0.894605048094555,0.894605048094555,NaN,0.3,0.899972862984359,750,303.574052364652,0.404765403152869,3,1,0,0,0,0,0,0,0,0,1
281,OpenSky,18,0.917830459403157,44.0427090710673,1.22535430179268,1,374,1,0.9373,1,0.9,0.3,0.83538161,600,344.960239381522,0.574933732302537,5,0,0,0,1,0,0,0,0,1,1
281.1,OpenSky,17,1.10087324449308,40.9736787774986,0.711280480460871,0.951446309688467,444,0,0.962519027491273,0.962519027491273,NaN,0.3,0.812643409701799,800,709.734214967628,0.887167768709535,3,1,0,0,0,0,0,0,0,0,1
281.2,OpenSky,17,0.891240677632689,41.9875403119683,0.809598880743424,0.971970587898123,493,1,0.981220293891742,1,0.9,0.3,0.803174096253613,600,458.866742284753,0.764777903807922,5,0,0,0,1,0,0,0,0,1,1
281.3,OpenSky,17,0.941610341593093,41.7652536878221,0.922742757373173,0.91457164228024,348,0,0.858613000327761,0.858613000327761,NaN,0.3,0.979912553086859,800,736.765945040684,0.920957431300856,3,1,0,0,0,0,0,0,0,0,1
281.4,OpenSky,17,0.788730668567546,46.4925678517612,0.760240859576156,0.943084763453374,450,1,0.961866791513761,1,0.9,0.3,0.813087274305095,600,500.806787778023,0.834677979630038,5,0,0,0,1,0,0,0,0,1,1
281.5,OpenSky,15,0.849004893011559,42.453479018531,0.867062516743628,0.880580933116612,417,0,0.89276422518813,0.89276422518813,NaN,0.3,0.903495602595518,750,334.094210109991,0.445458946813321,3,1,0,0,0,0,0,0,0,0,1
281.6,OpenSky,20,1.01310512382891,45.378087494939,0.636911778101233,1,455,1,1,1,0.9,0.3,0.8,600,467.823413044449,0.779705688407415,5,0,0,0,1,0,0,0,0,1,1
281.7,OpenSky,16,0.927514671178613,45.5236997327348,0.754537423080049,0.92573839052389,413,0,0.919719721651007,0.919719721651007,NaN,0.3,0.858004307826127,750,578.064735340084,0.770752980453445,3,1,0,0,0,0,0,0,0,0,1
281.8,OpenSky,18,0.833235285244116,42.1063310059226,0.65372781517882,0.791109145221937,418,1,0.833643127298698,1,0.9,0.3,1.04907148185462,600,242.110721987691,0.403517869979484,5,0,0,0,1,0,0,0,0,1,1
281.9,OpenSky,15,0.737807429306156,43.1535183668746,0.618541301690715,0.832816731467938,469,0,0.887987210083518,0.887987210083518,NaN,0.3,0.912921785943865,750,234.153200902523,0.312204267870031,3,1,0,0,0,0,0,0,0,0,1
282,OpenSky,17,0.787962510493045,43.3169402071262,0.673381479069786,0.836088707025199,497,1,0.890179433706883,1,0.9,0.3,0.908545011028467,600,379.453922947141,0.632423204911902,5,0,0,0,1,0,0,0,0,1,1
282.1,OpenSky,15,0.849242443436878,48.3836537222231,0.736519036940551,0.853623103151747,455,0,0.901927479111671,0.901927479111671,NaN,0.3,0.886563974180526,800,651.142997618702,0.813928747023377,3,1,0,0,0,0,0,0,0,0,1
282.2,OpenSky,19,1.00898097109059,41.5665964293527,0.859307030232109,0.798490544986211,524,0.989152047170511,0.864988665140761,0.998535403408001,0.9,0.3,0.964052544864261,600,273.093128057409,0.455155213429015,5,0,0,0,1,0,0,0,0,1,1
282.3,OpenSky,17,0.852511635926773,44.763678412828,0.739645565344457,0.93241982155665,449,0,0.953896280442955,0.953896280442955,NaN,0.3,0.819129976612952,700,285.43661775503,0.4077665967929,3,1,0,0,0,0,0,0,0,0,1
282.4,OpenSky,16,0.90041824911318,43.1190058781167,1.01579134329162,0.902889950141167,450,1,0.934936266594582,1,0.9,0.3,0.838099604641862,700,442.740491010619,0.632486415729456,5,0,0,0,1,0,0,0,0,1,1
282.5,OpenSky,18,0.876566079071128,42.8452500867211,0.779009353032236,1,467,0,1,1,NaN,0.3,0.8,700,278.743850684266,0.398205500977523,3,1,0,0,0,0,0,0,0,0,1
282.6,OpenSky,17,0.935015098497242,44.4357924833988,1.02768822397265,0.986051899886526,446,1,0.987354772923972,1,0.9,0.3,0.801439115910239,700,549.901128236183,0.785573040337405,5,0,0,0,1,0,0,0,0,1,1
282.7,OpenSky,17,0.819857355694483,43.1916577017705,0.881507778183618,0.982157422100608,402,0,0.948445472807407,0.948445472807407,NaN,0.3,0.823920823466466,700,500.120356313772,0.714457651876817,3,1,0,0,0,0,0,0,0,0,1
282.8,OpenSky,15,0.879956236990938,41.8065686432539,0.726510403379354,0.939178305473044,421,0.987942256343021,0.93532446466694,0.999220158974076,0.9,0.3,0.837646323835561,700,302.575043031266,0.432250061473237,5,0,0,0,1,0,0,0,0,1,1
282.9,OpenSky,17,0.939572428804126,43.2309670077979,0.701300182453491,0.99361263099613,422,0,0.972620462767407,0.972620462767407,NaN,0.3,0.806746751531639,700,501.326112219725,0.716180160313893,3,1,0,0,0,0,0,0,0,0,1
283,OpenSky,15,0.877327395205165,41.7099740569095,0.758519545213095,0.933308224456837,468,0.986240876187463,0.955316510386081,0.999385194334026,0.9,0.3,0.817969528196695,700,365.300744737585,0.521858206767979,5,0,0,0,1,0,0,0,0,1,1
283.1,OpenSky,17,1.05174218674013,41.5158663505584,0.811423255132857,0.88937811245848,436,0,0.914333335347182,0.914333335347182,NaN,0.3,0.866048996894645,850,373.408970230395,0.439304670859288,3,1,0,0,0,0,0,0,0,0,1
283.2,OpenSky,19,0.965128186263726,44.312112010784,0.864850041096303,0.888234743366917,454,1,0.925117278055835,1,0.9,0.3,0.850466798411905,600,429.116564851465,0.715194274752442,5,0,0,0,1,0,0,0,0,1,1
283.3,OpenSky,15,0.802173653351816,43.2365347654552,0.850349573855748,0.911613983972422,411,0,0.908606369261523,0.908606369261523,NaN,0.3,0.87517516165605,750,288.259456330699,0.384345941774265,3,1,0,0,0,0,0,0,0,0,1
283.4,OpenSky,19,0.906295061294082,42.3793551485532,1.12385025176937,0.940092536401833,419,1,0.934286999389228,1,0.9,0.3,0.838863786043442,600,299.422987520269,0.499038312533782,5,0,0,0,1,0,0,0,0,1,1
283.5,OpenSky,18,0.851515042749261,40.3084528558282,0.678218347837904,0.847692280118838,371,0,0.832778827679621,0.832778827679621,NaN,0.3,1.05166628424982,850,781.060381992536,0.918894567050043,3,1,0,0,0,0,0,0,0,0,1
283.6,OpenSky,16,0.732036551146329,43.7669863061493,0.727714539350296,0.987941795335454,392,0,0.944071002874754,0.944071002874754,NaN,0.3,0.828152474474922,700,507.388168363353,0.724840240519075,3,1,0,0,0,0,0,0,0,0,1
283.7,OpenSky,15,0.825867887006009,41.8213384551091,0.859141703274451,0.938527940401364,466,0,0.958813720068914,0.958813720068914,NaN,0.3,0.815266786891056,700,459.434412217713,0.656334874596733,3,1,0,0,0,0,0,0,0,0,1
283.8,OpenSky,15,1.01371610440103,43.1242974097774,0.956892662248249,0.92206976351544,420,0.984037083372816,0.923036741555345,0.998771441922092,0.9,0.3,0.85331008835377,700,310.339345027734,0.443341921468191,5,0,0,0,1,0,0,0,0,1,1
283.9,OpenSky,17,1.09318989324093,44.8725677154048,1.21492152578209,0.91431107611339,417,0,0.915363420995971,0.915363420995971,NaN,0.3,0.864470154549547,700,434.57590011616,0.620822714451658,3,1,0,0,0,0,0,0,0,0,1
284,OpenSky,17,1.08251409216147,43.9954143647625,0.570455683238126,0.91044657175454,405,1,0.902874203075542,1,0.9,0.3,0.884900783853899,700,312.740044835608,0.446771492622298,5,0,0,0,1,0,0,0,0,1,1
284.1,OpenSky,17,0.827513238448096,44.9485630482425,0.775724430511915,0.907230179010926,461,0,0.937844219937321,0.937844219937321,NaN,0.3,0.834770068956802,700,381.092384806473,0.544417692580676,3,1,0,0,0,0,0,0,0,0,1
284.2,OpenSky,18,0.873874670768161,43.785379888762,0.901064066407166,0.861290870722808,426,1,0.887264883384281,1,0.9,0.3,0.914382858665238,700,225.03108704409,0.321472981491557,5,0,0,0,1,0,0,0,0,1,1
284.3,OpenSky,18,0.87323983908987,41.8147323781814,0.915426126046444,0.854670691102355,441,0,0.895204363038578,0.895204363038578,NaN,0.3,0.898839129735351,700,461.526286987734,0.659323267125335,3,1,0,0,0,0,0,0,0,0,1
284.4,OpenSky,16,0.722056857445969,44.6511794035039,0.615023969900319,0.90206779228747,401,1,0.893960420832605,1,0.9,0.3,0.901199531149984,700,358.639569503479,0.512342242147827,5,0,0,0,1,0,0,0,0,1,1
284.5,OpenSky,15,0.860427003591362,42.6551207490324,1.34884246675908,0.93950468139244,393,0,0.912443136532935,0.912443136532935,NaN,0.3,0.868995839061713,850,732.012899496795,0.861191646466818,3,1,0,0,0,0,0,0,0,0,1
284.6,OpenSky,17,0.742408120190865,43.9327489557874,0.745467775455867,0.979962653467714,404,1,0.948624977823368,1,0.9,0.3,0.823754536132845,600,448.096665050129,0.746827775083549,5,0,0,0,1,0,0,0,0,1,1
284.7,OpenSky,17,0.906961997817164,42.9559054256131,0.847077672196762,0.952830484785572,416,0,0.940346424806333,0.940346424806333,NaN,0.3,0.832026941300478,700,488.492868741358,0.697846955344798,3,1,0,0,0,0,0,0,0,0,1
284.8,OpenSky,17,0.782697567792272,41.7163405937672,0.980228155313967,0.920015251450983,403,1,0.907635218472158,1,0.9,0.3,0.876781275800173,700,200.747761613871,0.286782516591245,5,0,0,0,1,0,0,0,0,1,1
284.9,OpenSky,18,0.773118986031971,45.5308386338122,0.817090425280396,0.912779217882352,399,0,0.899487075981176,0.899487075981176,NaN,0.3,0.890925631053325,700,580.561221924232,0.829373174177474,3,1,0,0,0,0,0,0,0,0,1
285,OpenSky,17,0.779563400582651,45.2073899801348,0.635642218318504,0.808801856344305,403,1,0.833122243750684,1,0.9,0.3,1.05063366977725,700,414.745739261924,0.59249391323132,5,0,0,0,1,0,0,0,0,1,1
285.1,OpenSky,18,1.01007190425548,39.7749764118551,1.03061144743068,0.911390167126373,354,0,0.86143141197467,0.86143141197467,NaN,0.3,0.972811282286003,900,743.147872289465,0.825719858099405,3,1,0,0,0,0,0,0,0,0,1
285.2,OpenSky,18,0.830767740191919,41.5819839599042,0.765143292421465,0.973828037909141,485,1,0.982464785399124,1,0.9,0.3,0.802767353759889,600,413.355634522053,0.688926057536755,5,0,0,0,1,0,0,0,0,1,1
285.3,OpenSky,18,0.983363777469432,43.1843366782479,0.87133152212362,0.945297051568726,430,0,0.946849024551046,0.946849024551046,NaN,0.3,0.825425235720578,750,579.318140963835,0.77242418795178,3,1,0,0,0,0,0,0,0,0,1
285.4,OpenSky,18,0.910606252397577,39.9998066966887,1.149924074844,0.894838663679136,432,0.973607845969723,0.914691904665021,0.99774853560789,0.9,0.3,0.865497240167137,750,129.98344298883,0.17331125731844,5,0,0,0,1,0,0,0,0,1,1
285.5,OpenSky,16,0.741699504620206,44.6164174635969,1.01783328640974,0.857653167954585,456,0,0.904627622529572,0.904627622529572,NaN,0.3,0.881863013459257,750,556.540788445252,0.742054384593669,3,1,0,0,0,0,0,0,0,0,1
285.6,OpenSky,16,0.903656415323662,41.4982794937152,0.994065879505316,0.80022325851518,445,0.997369334872087,0.862024583205171,0.999637032882529,0.9,0.3,0.971334940757362,600,385.262213255993,0.642103688759989,5,0,0,0,1,0,0,0,0,1,1
285.7,OpenSky,17,0.78034033470854,39.3181291119916,0.76383637114536,0.930061706529277,490,0,0.953141343374616,0.953141343374616,NaN,0.3,0.819761603306621,750,375.885990020873,0.50118132002783,3,1,0,0,0,0,0,0,0,0,1
285.8,OpenSky,17,0.8403894453272,43.1008561239314,0.726986664738861,0.881412032243585,436,1,0.908996061603202,1,0.9,0.3,0.874535451233554,750,345.653860871951,0.460871814495935,5,0,0,0,1,0,0,0,0,1,1
285.9,OpenSky,16,0.905239093336402,43.5335531688883,0.964261223444458,0.856632828969208,409,0,0.87011899540937,0.87011899540937,NaN,0.3,0.951821678181242,750,667.472633860991,0.889963511814654,3,1,0,0,0,0,0,0,0,0,1
286,OpenSky,16,0.772855026439019,42.1416335308984,0.984180976523016,0.781753260993414,416,1,0.825724684865588,1,0.9,0.3,1.07334696918679,600,402.105946203941,0.670176577006568,5,0,0,0,1,0,0,0,0,1,1
286.1,OpenSky,18,0.862936498752981,41.213070411397,0.96144575390816,0.820762905059498,440,0,0.871661146389864,0.871661146389864,NaN,0.3,0.948237752113676,850,403.297245127472,0.47446734720879,3,1,0,0,0,0,0,0,0,0,1
286.2,OpenSky,18,0.808680013394911,44.6453755305174,0.927666197246034,0.850868947620405,416,1,0.872032194905672,1,0.9,0.3,0.94738183226594,600,391.376291125031,0.652293818541718,5,0,0,0,1,0,0,0,0,1,1
286.3,OpenSky,19,0.799054113944429,38.8174671195809,0.837820211298837,0.829371869380144,410,0,0.852679152484697,0.852679152484697,NaN,0.3,0.995330889013645,850,701.264528821413,0.825017092731074,3,1,0,0,0,0,0,0,0,0,1
286.4,OpenSky,16,0.861468169412969,42.9980795732895,0.69832644166722,0.991697474182805,439,1,0.985362307702479,1,0.9,0.3,0.801928358322172,600,379.474952864171,0.632458254773618,5,0,0,0,1,0,0,0,0,1,1
286.5,OpenSky,17,0.86643877918805,39.1756846880841,0.878242767942909,0.83668781842385,361,0,0.81715583834398,0.81715583834398,NaN,0.3,1.10088788706524,900,756.318258479742,0.840353620533047,3,1,0,0,0,0,0,0,0,0,1
286.6,OpenSky,18,0.797577315446248,43.1493374899048,0.948454823447222,0.940190813734464,478,1,0.959927845202091,1,0.9,0.3,0.814451998311328,600,347.064221665248,0.578440369442079,5,0,0,0,1,0,0,0,0,1,1
286.7,OpenSky,17,0.74793757927724,44.0366840829499,0.82756689508007,0.918821825619584,447,0,0.943135623165121,0.943135623165121,NaN,0.3,0.829102016175372,800,524.356092116881,0.655445115146101,3,1,0,0,0,0,0,0,0,0,1
286.8,OpenSky,19,1.0887661754915,42.1877378164579,0.935877293600126,0.933251706971393,454,0.986484810571252,0.955278643670833,0.999395582397701,0.9,0.3,0.817999997407283,800,435.756771769947,0.544695964712433,5,0,0,0,1,0,0,0,0,1,1
286.9,OpenSky,15,1.09140381928829,41.8304754070946,0.740731584051441,0.889876988450742,436,0,0.914667582261997,0.914667582261997,NaN,0.3,0.865534593653117,800,235.58977471496,0.2944872183937,3,1,0,0,0,0,0,0,0,0,1
287,OpenSky,15,0.948487367552318,42.1178925093449,0.997610360908985,0.791797665160225,398,0.977556998257261,0.817604435657351,0.99590649603159,0.9,0.3,1.09941327702686,650,432.21680991808,0.664948938335507,5,0,0,0,1,0,0,0,0,1,1
287.1,OpenSky,17,0.890247339942136,43.8911356293087,0.85177811206066,0.883769305496874,443,0,0.916350434682906,0.916350434682906,NaN,0.3,0.86297524799965,800,436.690279187246,0.545862848984058,3,1,0,0,0,0,0,0,0,0,1
287.2,OpenSky,16,0.90559342411671,40.4904534548299,0.867632728392984,0.972154900732631,420,0.98700190097442,0.956593783490863,0.999435801699488,0.9,0.3,0.816956896684743,800,378.164403715573,0.472705504644466,5,0,0,0,1,0,0,0,0,1,1
287.3,OpenSky,16,0.91514815478043,40.9328129678125,0.885079046406375,0.936425026808763,437,0,0.946679767961871,0.946679767961871,NaN,0.3,0.825587424301399,800,520.197784740449,0.650247230925562,3,1,0,0,0,0,0,0,0,0,1
287.4,OpenSky,16,0.882205687163991,39.7466397518542,0.892522054809108,0.952926250379779,391,0.979560318308159,0.919785587754452,0.998360442946603,0.9,0.3,0.857909167387089,800,429.041727803522,0.536302159754403,5,0,0,0,1,0,0,0,0,1,1
287.5,OpenSky,17,0.872654227805004,44.2723940596243,0.92356942178665,0.914296926267286,400,0,0.901328940599081,0.901328940599081,NaN,0.3,0.887623801669696,800,225.784174908498,0.282230218635623,3,1,0,0,0,0,0,0,0,0,1
287.6,OpenSky,18,0.938012772929049,43.6177190552652,0.990751957198281,0.942309880489551,440,1,0.953097619927999,1,0.9,0.3,0.819798499307766,600,434.465890712354,0.724109817853924,5,0,0,0,1,0,0,0,0,1,1
287.7,OpenSky,19,0.885528373734854,42.2313206115224,0.647405741570676,0.986110830160006,467,0,0.990694256207204,0.990694256207204,NaN,0.3,0.800779371807834,600,298.727289890284,0.497878816483807,3,1,0,0,0,0,0,0,0,0,1
287.8,OpenSky,17,1.01009220631619,39.8069232196319,0.901395484464448,0.855408919041936,423,0.965239029667562,0.880848975758097,0.995858194781248,0.9,0.3,0.927772699201051,600,488.685230096393,0.814475383493989,5,0,0,0,1,0,0,0,0,1,1
287.9,OpenSky,18,0.844499419036673,39.9215028027171,0.94000508311924,0.956685823172004,500,0,0.970979501525242,0.970979501525242,NaN,0.3,0.807579703985511,600,419.011635023844,0.698352725039741,3,1,0,0,0,0,0,0,0,0,1
288,OpenSky,13,1.06597384964513,40.5748307801994,0.916138700335319,0.90244594991536,388,0.901063737682902,0.883488786443291,0.98847281601267,0.9,0.3,0.922173765960114,750,566.717976267002,0.755623968356002,5,0,0,0,1,0,0,0,0,1,1
288.1,OpenSky,17,1.02014582701723,42.8219637525693,0.613681311711951,0.979775093864853,432,0,0.971599312889452,0.971599312889452,NaN,0.3,0.807259391255161,750,502.108088801296,0.669477451735061,3,1,0,0,0,0,0,0,0,0,1
288.2,OpenSky,17,0.882838254405866,42.1936280787766,0.784533706465271,0.916005143595192,437,1,0.932998446208779,1,0.9,0.3,0.840402873893941,750,396.752429137076,0.529003238849435,5,0,0,0,1,0,0,0,0,1,1
288.3,OpenSky,18,0.811397670345819,42.7186572073837,0.729566334915166,0.839085263127005,451,0,0.892187126295094,0.892187126295094,NaN,0.3,0.904612541628591,900,720.598708031488,0.800665231146098,3,1,0,0,0,0,0,0,0,0,1
288.4,OpenSky,15,0.92485977119458,44.9357185636741,0.961516695736804,0.928863694526371,421,1,0.928413675332668,1,0.9,0.3,0.846121416914389,600,459.858298410899,0.766430497351498,5,0,0,0,1,0,0,0,0,1,1
288.5,OpenSky,16,0.788658774097855,43.6778683976445,0.745952659635975,0.924830117330354,456,0,0.949636178611337,0.949636178611337,NaN,0.3,0.822828630543822,700,591.810926747767,0.845444181068238,3,1,0,0,0,0,0,0,0,0,1
288.6,OpenSky,19,0.846573058093749,41.6721870412953,0.834967868728185,0.8911487820528,452,1,0.927069683975376,1,0.9,0.3,0.847869478959064,700,496.809589449714,0.709727984928162,5,0,0,0,1,0,0,0,0,1,1
288.7,OpenSky,19,0.855891870368385,42.6253377955919,0.920784726861336,0.933195058357633,374,0,0.892540689099614,0.892540689099614,NaN,0.3,0.903927531492672,700,313.743714347227,0.448205306210324,3,1,0,0,0,0,0,0,0,0,1
288.8,OpenSky,17,1.0452621492644,45.1237022736789,0.847181395067671,0.970576278890103,382,1,0.924186106856369,1,0.9,0.3,0.851729717542345,700,501.448332690253,0.716354760986075,5,0,0,0,1,0,0,0,0,1,1
288.9,OpenSky,17,0.823455562582573,41.8735719892145,0.739703903039287,0.943109257994457,398,0,0.918983202856286,0.918983202856286,NaN,0.3,0.859073492774831,700,431.524623809093,0.616463748298704,3,1,0,0,0,0,0,0,0,0,1
289,OpenSky,19,0.930843429229971,44.1626679243993,0.655922977609296,0.868106885695464,471,1,0.911631613415961,1,0.9,0.3,0.870280745727196,700,298.41363249762,0.426305189282314,5,0,0,0,1,0,0,0,0,1,1
289.1,OpenSky,18,0.832926454108336,43.5937449334396,0.605893173502052,0.842633353550929,431,0,0.878889346879122,0.878889346879122,NaN,0.3,0.93201011269429,700,501.734269061753,0.71676324151679,3,1,0,0,0,0,0,0,0,0,1
289.2,OpenSky,15,0.730150658157533,41.2810530471097,0.896917202846073,1,444,0.986808799557934,0.99505,0.999934703557812,0.9,0.3,0.8002205225,700,384.765796488282,0.549665423554688,5,0,0,0,1,0,0,0,0,1,1
289.3,OpenSky,16,0.959546808711404,40.793345481246,0.76943546309837,0.968217915548377,418,0,0.952306003417413,0.952306003417413,NaN,0.3,0.820472455790178,700,180.803062378954,0.258290089112791,3,1,0,0,0,0,0,0,0,0,1
289.4,OpenSky,17,0.908826408346935,44.8149777301789,0.703769750016291,0.827165366366338,479,1,0.884200795465447,1,0.9,0.3,0.920685101937518,700,617.29098413199,0.8818442630457,5,0,0,0,1,0,0,0,0,1,1
289.5,OpenSky,17,0.804672267704379,43.871798157327,0.891373703818521,1,418,0,0.9736,0.9736,NaN,0.3,0.80627264,700,487.985961959524,0.69712280279932,3,1,0,0,0,0,0,0,0,0,1
289.6,OpenSky,16,0.775264756923833,42.1696932029159,0.945676644584879,0.914635709625414,421,1,0.918880925449028,1,0.9,0.3,0.859222738304056,700,375.761219756694,0.536801742509563,5,0,0,0,1,0,0,0,0,1,1
289.7,OpenSky,15,0.996130187689018,42.9355173943355,0.939229806130655,0.870194528653378,454,0,0.913030334197764,0.913030334197764,NaN,0.3,0.868073504927774,850,765.918917020684,0.901081078847863,3,1,0,0,0,0,0,0,0,0,1
289.8,OpenSky,19,0.921401551440424,42.7058575995999,0.757592055904176,0.935762963953453,407,1,0.921486185848813,1,0.9,0.3,0.855479771113104,600,320.860618477013,0.534767697461688,5,0,0,0,1,0,0,0,0,1,1
289.9,OpenSky,15,0.88442687865108,41.8112000402348,0.733439101466936,0.905195100678171,505,0,0.936480717454375,0.936480717454375,NaN,0.3,0.836312293295999,850,614.666588743336,0.723137163227454,3,1,0,0,0,0,0,0,0,0,1
290,OpenSky,16,0.951661457634528,45.319979230713,0.600436630800486,0.96755073084683,429,1,0.960933989667376,1,0.9,0.3,0.813735378469778,650,472.806411763932,0.727394479636818,5,0,0,0,1,0,0,0,0,1,1
290.1,OpenSky,18,1.03463315162,40.4028057832749,0.734771787703999,0.904973991700662,454,0,0.936332574439444,0.936332574439444,NaN,0.3,0.836481869697581,650,377.339096907823,0.580521687550497,3,1,0,0,0,0,0,0,0,0,1
290.2,OpenSky,17,0.890981017143743,45.0045161307369,0.808553254387722,0.965354806009235,416,1,0.948737720026187,1,0.9,0.3,0.823650392133022,650,220.536695545941,0.339287223916833,5,0,0,0,1,0,0,0,0,1,1
290.3,OpenSky,17,0.938946334111539,42.8357085080693,0.799841343787328,0.989640061584523,362,0,0.920458841261631,0.920458841261631,NaN,0.3,0.856941163400982,750,634.335657696198,0.845780876928265,3,1,0,0,0,0,0,0,0,0,1
290.4,OpenSky,15,0.928987010250058,42.8159014195073,0.785754878753613,0.826189424558851,360,0.993811206379027,0.80929691445443,0.998819777960676,0.9,0.3,1.12730900152941,600,282.860739264061,0.471434565440101,5,0,0,0,1,0,0,0,0,1,1
290.5,OpenSky,17,0.965778103366199,42.5694319238457,0.646162947116867,0.965500417601471,424,0,0.955435279792986,0.955435279792986,NaN,0.3,0.817874128584165,700,536.638926849699,0.766627038356713,3,1,0,0,0,0,0,0,0,0,1
290.6,OpenSky,17,1.02737778627081,43.8737576390959,0.607907265508988,0.949432626831665,401,1,0.925694859977216,1,0.9,0.3,0.84969128450425,700,337.698041447418,0.482425773496311,5,0,0,0,1,0,0,0,0,1,1
290.7,OpenSky,17,1.07391614827605,43.5697382423893,0.7352093528957,0.88244887676438,403,0,0.882465747432134,0.882465747432134,NaN,0.3,0.924328704740181,700,515.658955895442,0.736655651279203,3,1,0,0,0,0,0,0,0,0,1
290.8,OpenSky,17,0.828343941769888,42.2008730372062,0.636551251242725,0.838705222886041,380,1,0.834182499333647,1,0.9,0.3,1.04745899174512,700,405.796098963251,0.579708712804645,5,0,0,0,1,0,0,0,0,1,1
290.9,OpenSky,17,0.924038071612185,43.2579913218413,0.884800517729477,0.941977162480786,481,0,0.961124698862126,0.961124698862126,NaN,0.3,0.813601601347043,700,216.747715593076,0.309639593704394,3,1,0,0,0,0,0,0,0,0,1
291,OpenSky,17,0.779127055342587,43.6157853687391,1.05307833098901,0.94377627764098,450,1,0.962330106019456,1,0.9,0.3,0.812771188212549,700,620.146690530238,0.885923843614626,5,0,0,0,1,0,0,0,0,1,1
291.1,OpenSky,17,0.859622159710375,41.896067573181,0.936663327056702,0.853278400067448,421,0,0.877771528045191,0.877771528045191,NaN,0.3,0.934458194207669,700,505.991711055499,0.722845301507856,3,1,0,0,0,0,0,0,0,0,1
291.2,OpenSky,16,0.909020172727874,42.3043530808034,0.977524961969128,0.877531790513978,430,1,0.901446299644365,1,0.9,0.3,0.887415486684095,700,405.014914937419,0.578592735624885,5,0,0,0,1,0,0,0,0,1,1
291.3,OpenSky,18,0.925215222229063,45.5577500287999,0.837600223968859,0.910555225368992,395,0,0.894697000997225,0.894697000997225,NaN,0.3,0.899798494390806,850,451.840011576025,0.531576484207089,3,1,0,0,0,0,0,0,0,0,1
291.4,OpenSky,17,0.744131123792535,42.8774804630594,0.860106451874192,0.893924690653768,474,1,0.928929542738025,1,0.9,0.3,0.845459089058836,850,448.820866613191,0.528024548956695,5,0,0,0,1,0,0,0,0,1,1
291.5,OpenSky,16,1.02696523273828,43.6532639092133,0.747148060527716,0.852553214948664,410,0,0.868210654015605,0.868210654015605,NaN,0.3,0.956315885434952,850,286.753751197548,0.337357354350057,3,1,0,0,0,0,0,0,0,0,1
291.6,OpenSky,18,0.85420373353159,41.3846098882375,0.789665906686189,0.895657048461183,397,1,0.886365222468993,1,0.9,0.3,0.916215763980694,600,447.00235158312,0.7450039193052,5,0,0,0,1,0,0,0,0,1,1
291.7,OpenSky,18,0.978963274974743,42.4775036914964,0.750510026029696,0.851582463667639,414,0,0.870860250657318,0.870860250657318,NaN,0.3,0.950093673742616,800,723.507976108384,0.90438497013548,3,1,0,0,0,0,0,0,0,0,1
291.8,OpenSky,18,0.807662016438367,40.6815580695064,0.983595096144707,0.868089785365944,417,0.998596503742811,0.884395156195183,0.999837749034407,0.9,0.3,0.920280319200226,600,365.029241064024,0.60838206844004,5,0,0,0,1,0,0,0,0,1,1
291.9,OpenSky,18,0.842966958542956,43.8934249371485,1.0739951731094,0.960407882617384,453,0,0.973473281353648,0.973473281353648,NaN,0.3,0.806333001219285,750,422.126954643424,0.562835939524566,3,1,0,0,0,0,0,0,0,0,1
292,OpenSky,16,0.865033230436399,41.6402241269153,0.831404639872203,0.911991258962526,435,1,0.928659143504893,1,0.9,0.3,0.845805660249099,750,133.02802394995,0.177370698599934,5,0,0,0,1,0,0,0,0,1,1
292.1,OpenSky,17,0.928506849149967,41.9424703021941,0.774636379996399,0.891323185725978,483,0,0.927186534436405,0.927186534436405,NaN,0.3,0.847716206906427,750,683.797695287171,0.911730260382895,3,1,0,0,0,0,0,0,0,0,1
292.2,OpenSky,17,0.799337094647654,45.436289903001,0.765831733594277,1,456,1,1,1,0.9,0.3,0.8,600,332.425899175974,0.554043165293291,5,0,0,0,1,0,0,0,0,1,1
292.3,OpenSky,17,0.832324741833398,43.3534803728609,1.05132084763519,0.900518633961085,386,0,0.880547484753927,0.880547484753927,NaN,0.3,0.92842013058752,900,830.385693224518,0.922650770249464,3,1,0,0,0,0,0,0,0,0,1
292.4,OpenSky,20,0.882871612348289,42.1538682429441,0.787552613529129,0.861809185977793,363,1,0,1,0.9,NaN,NaN,600,530.28770730626,0.883812845510433,2,0,0,0,1,1,0,0,0,1,0
292.5,OpenSky,19,1.01975990127092,40.8974301044466,0.82010600565705,0.887809429252719,442,0,0.918232317599322,0.918232317599322,NaN,0.3,0.860173584966604,750,541.238427289064,0.721651236385419,3,1,0,0,0,0,0,0,0,0,1
292.6,OpenSky,17,0.83460825571083,42.8439060285007,0.908797993941793,0.899080612283499,430,1,0.915884010229944,1,0.9,0.3,0.863679497614965,750,259.113797559638,0.345485063412851,5,0,0,0,1,0,0,0,0,1,1
292.7,OpenSky,18,0.802447963854603,40.7117885089993,0.87944156091531,0.992455854308354,398,0,0.952045422386597,0.952045422386597,NaN,0.3,0.820696773626719,750,673.864729311761,0.898486305749015,3,1,0,0,0,0,0,0,0,0,1
292.8,OpenSky,17,0.778457673625244,45.1224675003884,0.665234989863034,0.916869584133032,464,1,0.944302621369131,1,0.9,0.3,0.827919781877153,600,499.568257758975,0.832613762931626,5,0,0,0,1,0,0,0,0,1,1
292.9,OpenSky,17,0.973759054042073,43.5062161930771,0.767224214113121,0.854839339102604,398,0,0.859842357198745,0.859842357198745,NaN,0.3,0.976797483520438,800,405.138690975608,0.50642336371951,3,1,0,0,0,0,0,0,0,0,1
293,OpenSky,18,0.822132587147386,42.7776106077885,0.917051436172716,0.8523500244936,438,1,0.891174516410712,1,0.9,0.3,0.906586872905981,800,315.429873062807,0.394287341328508,5,0,0,0,1,0,0,0,0,1,1
293.1,OpenSky,17,0.969633154542142,41.2355556744188,0.841842856662482,0.936845440623438,439,0,0.948611445217703,0.948611445217703,NaN,0.3,0.823767052063518,800,531.578134171557,0.664472667714446,3,1,0,0,0,0,0,0,0,0,1
293.2,OpenSky,19,0.865634467925479,42.1059689937302,0.742445187508195,0.852526421933453,442,1,0.894592702695414,1,0.9,0.3,0.899996284925517,650,434.290502639289,0.668139234829675,5,0,0,0,1,0,0,0,0,1,1
293.3,OpenSky,19,0.79808223245814,44.6155734081479,1.11905581348918,0.863373856623167,424,0,0.887010483937522,0.887010483937522,NaN,0.3,0.914899676660297,800,438.155801425507,0.547694751781884,3,1,0,0,0,0,0,0,0,0,1
293.4,OpenSky,16,0.91270175657979,43.263938464696,0.955782746212877,0.834672388958276,451,1,0.889230500602045,1,0.9,0.3,0.910428937971862,800,447.486666921236,0.559358333651545,5,0,0,0,1,0,0,0,0,1,1
293.5,OpenSky,16,1.00706804362935,42.0224076719395,0.904905797477465,0.919085983181378,449,0,0.944962608731523,0.944962608731523,NaN,0.3,0.827262029938755,800,369.172366186497,0.461465457733122,3,1,0,0,0,0,0,0,0,0,1
293.6,OpenSky,17,1.13395571690434,42.1958672424027,0.858935833893893,0.972004676288924,400,0.983436041363582,0.939993133113579,0.999006048738992,0.9,0.3,0.832407416661721,650,435.922174911811,0.670649499864324,5,0,0,0,1,0,0,0,0,1,1
293.7,OpenSky,16,0.890242452818334,42.1754849543724,0.820698097744121,0.946940048501933,398,0,0.921549832496295,0.921549832496295,NaN,0.3,0.855389859032235,750,552.836644680513,0.737115526240684,3,1,0,0,0,0,0,0,0,0,1
293.8,OpenSky,17,0.889676387932439,42.4111824172579,0.740659228517051,0.875612199069795,411,1,0.884485173376763,1,0.9,0.3,0.920093076528169,600,325.335241937732,0.542225403229553,5,0,0,0,1,0,0,0,0,1,1
293.9,OpenSky,18,0.827475435122508,43.8187243937651,0.718807990558211,0.822920017414207,389,0,0.831031411667519,0.831031411667519,NaN,0.3,1.05695345458764,950,776.49945129008,0.817367843463243,3,1,0,0,0,0,0,0,0,0,1
294,OpenSky,15,0.797685872846111,41.4220514593182,0.537741282089559,0.95655394169099,425,0.997242385862996,0.950266140932963,0.999862853207149,0.9,0.3,0.822261110639299,600,500.089127871076,0.833481879785126,5,0,0,0,1,0,0,0,0,1,1
294.1,OpenSky,17,0.855318466298233,43.5626056479738,0.732241807806034,1,414,0,0.9703,0.9703,NaN,0.3,0.80793881,600,307.492263275482,0.512487105459137,3,1,0,0,0,0,0,0,0,0,1
294.2,OpenSky,17,0.768538407490487,42.539919339322,0.884665604051683,0.775814577383957,455,1,0.849795766847251,1,0.9,0.3,1.00305180491305,750,522.008271678498,0.696011028904663,5,0,0,0,1,0,0,0,0,1,1
294.3,OpenSky,17,0.714097002073647,46.8965631927532,1.06695096729153,0.874545815420864,428,0,0.897795696331979,0.897795696331979,NaN,0.3,0.894011477194386,750,397.09444664267,0.529459262190227,3,1,0,0,0,0,0,0,0,0,1
294.4,OpenSky,16,0.922896388758761,40.9256761517712,0.703772635429667,0.863535111638836,404,0.994483867854023,0.87061852479802,0.999286314685544,0.9,0.3,0.950656095128964,750,250.257267765859,0.333676357021145,5,0,0,0,1,0,0,0,0,1,1
294.5,OpenSky,17,0.751524288126257,41.9060732982986,0.917258993886502,0.839215485313634,434,0,0.879074375160135,0.879074375160135,NaN,0.3,0.931607060686206,750,590.045302966935,0.786727070622579,3,1,0,0,0,0,0,0,0,0,1
294.6,OpenSky,16,0.789587672530632,44.0118951953253,0.915153962782461,0.879282382062339,443,1,0.913344195981767,1,0.9,0.3,0.867583055330418,600,506.284111970436,0.84380685328406,5,0,0,0,1,0,0,0,0,1,1
294.7,OpenSky,19,0.888015690392729,44.6580419732281,0.801158545116579,0.888978354740857,481,0,0.925615497676374,0.925615497676374,NaN,0.3,0.849797487673401,700,517.634668910121,0.73947809844303,3,1,0,0,0,0,0,0,0,0,1
294.8,OpenSky,20,0.928102882215268,44.39059417368,0.83647439483672,0.849787492138494,432,1,0.884507619732791,1,0.9,0.3,0.920046409098071,700,361.398676045598,0.516283822922283,5,0,0,0,1,0,0,0,0,1,1
294.9,OpenSky,17,0.878248815230508,42.5125340518773,0.77810214697529,0.896841627585358,467,0,0.93088389048219,0.93088389048219,NaN,0.3,0.842993329353901,850,509.19099955336,0.599048234768659,3,1,0,0,0,0,0,0,0,0,1
295,OpenSky,18,0.773452597811512,42.1511009777211,0.842469488782849,1,428,1,0.98185,1,0.9,0.3,0.8029648025,700,519.459661573832,0.74208523081976,5,0,0,0,1,0,0,0,0,1,1
295.1,OpenSky,17,0.858442670937816,43.0850203530605,0.900599025139573,0.853433360419581,426,0,0.882000351481119,0.882000351481119,NaN,0.3,0.925315253455215,700,452.806537572723,0.646866482246748,3,1,0,0,0,0,0,0,0,0,1
295.2,OpenSky,18,0.976270340816907,45.1791085979451,0.826561514789821,0.869927786184226,428,1,0.894701616743431,1,0.9,0.3,0.899789745648025,700,405.926907220641,0.579895581743772,5,0,0,0,1,0,0,0,0,1,1
295.3,OpenSky,16,0.752648339439024,41.9804475643855,0.867342976215268,0.885718208513909,498,0,0.923431199704319,0.923431199704319,NaN,0.3,0.852765030608479,700,292.467527997125,0.417810754281608,3,1,0,0,0,0,0,0,0,0,1
295.4,OpenSky,17,0.932528723610152,43.1026614681965,0.757417509368608,0.980371291643561,353,1,0.906823765401186,1,0.9,0.3,0.878136296246119,700,394.974384798927,0.564249121141325,5,0,0,0,1,0,0,0,0,1,1
295.5,OpenSky,17,1.06135823877963,42.4177449039596,1.0091039296757,0.972273681334419,463,0,0.981423366494061,0.981423366494061,NaN,0.3,0.803105821811726,700,353.357558340639,0.504796511915199,3,1,0,0,0,0,0,0,0,0,1
295.6,OpenSky,18,0.947439037454399,41.2761303369074,0.699917431026273,0.885507295419224,387,0.996247939294916,0.87131488793088,0.999517165647676,0.9,0.3,0.949038722614177,700,293.124752751467,0.41874964678781,5,0,0,0,1,0,0,0,0,1,1
295.7,OpenSky,16,1.03991735752642,42.3124053789166,0.678370532485077,0.868066366024491,483,0,0.911604465236409,0.911604465236409,NaN,0.3,0.870323935095271,700,564.894408166559,0.806992011666513,3,1,0,0,0,0,0,0,0,0,1
295.8,OpenSky,18,0.839824052530266,44.0346472641719,0.831149318997988,0.894067009293841,409,1,0.895199896226873,1,0.9,0.3,0.898847555757723,700,414.345569152715,0.591922241646736,5,0,0,0,1,0,0,0,0,1,1
295.9,OpenSky,19,0.854481772529216,41.1659390888172,1.01045842217468,0.829946855822753,436,0,0.874514393401245,0.874514393401245,NaN,0.3,0.941719737171118,850,474.949007916236,0.558763538724984,3,1,0,0,0,0,0,0,0,0,1
296,OpenSky,17,0.84301602911573,44.4884697505571,0.838825092800398,0.849817332398315,411,1,0.867202612706871,1,0.9,0.3,0.958716314646932,850,458.577571653243,0.539503025474403,5,0,0,0,1,0,0,0,0,1,1
296.1,OpenSky,16,0.818451519649151,42.7690591667043,0.813086381371733,0.863573096941844,398,0,0.865693974951035,0.865693974951035,NaN,0.3,0.962342975280078,850,371.178818890067,0.436680963400079,3,1,0,0,0,0,0,0,0,0,1
296.2,OpenSky,16,0.916603680738551,43.2183799243647,0.811705592448504,0.899546491345585,449,1,0.931871149201542,1,0.9,0.3,0.841773862800067,600,441.421182480903,0.735701970801505,5,0,0,0,1,0,0,0,0,1,1
296.3,OpenSky,17,1.07134730463409,42.8056171399516,0.827395534944922,0.745530196032406,439,0,0.820430231341712,0.820430231341712,NaN,0.3,1.09020771634392,850,571.317018404215,0.672137668710841,3,1,0,0,0,0,0,0,0,0,1
296.4,OpenSky,17,0.796184118907804,42.1041603849998,0.775851020866471,1,455,1,1,1,0.9,0.3,0.8,650,382.004324496764,0.587698960764252,5,0,0,0,1,0,0,0,0,1,1
296.5,OpenSky,18,1.10039638841798,40.822845988,0.758571711362281,0.932364745931568,471,0,0.954684379774151,0.954684379774151,NaN,0.3,0.818481548928081,800,692.336929816127,0.865421162270158,3,1,0,0,0,0,0,0,0,0,1
296.6,OpenSky,18,0.904674463558791,43.2544100949321,0.688472542074792,0.947659602054139,429,1,0.947606933376273,1,0.9,0.3,0.824705300872144,600,412.712505722397,0.687854176203994,5,0,0,0,1,0,0,0,0,1,1
296.7,OpenSky,17,1.06114483381487,42.9327745312181,0.652924114859805,0.916413256549389,455,0,0.943996881888091,0.943996881888091,NaN,0.3,0.828227143144308,750,571.031780656495,0.761375707541993,3,1,0,0,0,0,0,0,0,0,1
296.8,OpenSky,17,0.959269570259055,41.8897781053182,0.800426368926928,0.940537913111142,422,1,0.937060401784465,1,0.9,0.3,0.835652537211797,600,402.216683752207,0.670361139587012,5,0,0,0,1,0,0,0,0,1,1
296.9,OpenSky,17,1.04855977533312,42.9718699147443,0.768329229249068,0.942475874290577,430,0,0.944958835774687,0.944958835774687,NaN,0.3,0.827265767833501,750,612.414715090394,0.816552953453859,3,1,0,0,0,0,0,0,0,0,1
297,OpenSky,16,0.950488876559008,42.502365112116,0.869429789698834,0.845834153738592,326,1,0.794408883004857,1,0.9,0.3,1.1804093664858,600,411.663989731995,0.686106649553324,5,0,0,0,1,0,0,0,0,1,1
297.1,OpenSky,17,0.873390705719489,43.2158969956899,0.872030732095922,0.783560617824388,412,0,0.82363561394234,0.82363561394234,NaN,0.3,1.07993957002546,900,636.74330353813,0.707492559486811,3,1,0,0,0,0,0,0,0,0,1
297.2,OpenSky,15,0.837454988378525,42.3056041837474,0.995426984055813,0.932759005686747,426,0.993236429692752,0.935148533810121,0.999561372548897,0.9,0.3,0.837851414002793,650,380.541074537678,0.585447806981043,5,0,0,0,1,0,0,0,0,1,1
297.3,OpenSky,17,0.790040907073525,46.4700322242471,0.891430045874918,0.908905867721122,407,0,0.903491931373152,0.903491931373152,NaN,0.3,0.88382426579076,850,745.355451841199,0.876888766871999,3,1,0,0,0,0,0,0,0,0,1
297.4,OpenSky,18,0.876658954457705,42.9348533915214,0.826075717574011,0.279937814142454,177,1,0.292333335475444,1,0.9,1.43198027019828,5.30712897271379,600,550.148786727343,0.916914644545572,5,0,0,0,1,0,0,0,0,1,0
297.5,OpenSky,14,0.837282863378895,43.0438571362238,0.744391216981293,0.96622464465784,432,0,0.962520511920752,0.962520511920752,NaN,0.3,0.812642408240142,600,311.042698731274,0.518404497885458,3,1,0,0,0,0,0,0,0,0,1
297.6,OpenSky,17,0.84978114307882,40.8407127433272,0.800736146491278,0.853870668753895,445,0.999784873995436,0.897968348065109,0.99997805033838,0.9,0.3,0.893694121969064,750,572.705968549804,0.763607958066405,5,0,0,0,1,0,0,0,0,1,1
297.7,OpenSky,17,0.766457344357125,42.4668167786444,0.892437307245884,0.936608624125119,448,0,0.95587777816383,0.95587777816383,NaN,0.3,0.817520934137842,750,390.260958936942,0.520347945249257,3,1,0,0,0,0,0,0,0,0,1
297.8,OpenSky,18,0.841315592128269,42.8967096810341,0.870699914312469,0.898762727495957,423,1,0.909896027422291,1,0.9,0.3,0.873068532868561,750,234.866282706875,0.313155043609167,5,0,0,0,1,0,0,0,0,1,1
297.9,OpenSky,16,0.983153105569148,44.9119255129896,0.851715863664944,0.946333021040621,450,0,0.964043124097216,0.964043124097216,NaN,0.3,0.811636072322194,750,642.738003048979,0.856984004065305,3,1,0,0,0,0,0,0,0,0,1
298,OpenSky,15,1.02856527898086,44.8613590603097,0.815010021346848,0.818200939805819,409,1,0.844369629669899,1,0.9,0.3,1.01798730952176,600,418.614008824858,0.697690014708096,5,0,0,0,1,0,0,0,0,1,1
298.1,OpenSky,16,0.864553219079744,42.8866799624753,0.708741645797075,0.997252318469831,427,0,0.979184053374787,0.979184053374787,NaN,0.3,0.803899732705133,700,399.792181031141,0.571131687187345,3,1,0,0,0,0,0,0,0,0,1
298.2,OpenSky,18,0.891652154222294,41.3554486168264,0.882762753251143,0.991667090695,454,0.999512488092369,0.99441695076565,0.999997278197017,0.9,0.3,0.800280533948779,700,420.491956244601,0.600702794635144,5,0,0,0,1,0,0,0,0,1,1
298.3,OpenSky,18,0.817716570231344,45.9892075188986,0.86987282434976,0.843041294939985,430,0,0.87833766760979,0.87833766760979,NaN,0.3,0.933215508103633,850,686.035709203712,0.807100834357309,3,1,0,0,0,0,0,0,0,0,1
298.4,OpenSky,19,1.04396881211348,41.9002371305075,0.783254506987284,0.793800152940364,416,0.991314263208351,0.833796102470044,0.998556396692309,0.9,0.3,1.04861361998733,600,487.910089678369,0.813183482797281,5,0,0,0,1,0,0,0,0,1,1
298.5,OpenSky,16,0.760772152444348,44.3917533761337,0.896759301889953,0.96660830057692,347,0,0.892652561386537,0.892652561386537,NaN,0.3,0.903711253191842,750,526.967705966231,0.702623607954975,3,1,0,0,0,0,0,0,0,0,1
298.6,OpenSky,17,0.95001609138605,40.0987890946005,0.764742506418599,0.968297339688807,481,0.979140567327581,0.978759217591501,0.99955692932944,0.9,0.3,0.804060537535927,750,474.256002165576,0.632341336220768,5,0,0,0,1,0,0,0,0,1,1
298.7,OpenSky,16,0.979413331884829,43.1864998558491,0.87979120220937,0.924954419194479,422,0,0.926619460860301,0.926619460860301,NaN,0.3,0.848462331719896,750,384.106752907989,0.512142337210653,3,1,0,0,0,0,0,0,0,0,1
298.8,OpenSky,17,0.75863417289251,40.4700995997377,0.886903448336743,0.91505752231825,360,0.99903186767401,0.868838539953228,0.999873018350605,0.9,0.3,0.954829957414409,750,263.989580269842,0.351986107026455,5,0,0,0,1,0,0,0,0,1,1
298.9,OpenSky,18,1.01803052674541,44.9206338955983,0.637278472050405,1,549,0,1,1,NaN,0.3,0.8,600,342.565399342399,0.570942332237331,3,1,0,0,0,0,0,0,0,0,1
299,OpenSky,16,0.90117930305017,41.7625661866647,0.621973026638694,0.9219348729337,399,1,0.905621364865579,1,0.9,0.3,0.880165940928525,750,380.648552643684,0.507531403524913,5,0,0,0,1,0,0,0,0,1,1
299.1,OpenSky,17,0.931006061551409,41.7271592070902,1.07880307622892,0.896269514249837,476,0,0.930500574547391,0.930500574547391,NaN,0.3,0.843471531244185,750,265.920206160262,0.354560274880349,3,1,0,0,0,0,0,0,0,0,1
299.2,OpenSky,18,0.825083340577871,41.534220894763,0.953278430253632,0.853122518166475,461,1,0.901592087171539,1,0.9,0.3,0.887157055765287,600,329.070054967284,0.54845009161214,5,0,0,0,1,0,0,0,0,1,1
299.3,OpenSky,17,0.835082012630886,42.8098368398931,0.731345790024832,0.81304176520609,408,0,0.84008798268808,0.84008798268808,NaN,0.3,1.03014667952691,950,553.266548573764,0.582385840603962,3,1,0,0,0,0,0,0,0,0,1
299.4,OpenSky,16,1.00594472066038,42.2235008599985,0.715066899194099,0.933549518685364,436,1,0.943928177519194,1,0.9,0.3,0.828296443486871,700,542.44690254885,0.774924146498357,5,0,0,0,1,0,0,0,0,1,1
299.5,OpenSky,16,0.777656151218328,41.8477615790142,0.644779251510021,0.863930847816793,447,0,0.906358668037251,0.906358668037251,NaN,0.3,0.87891829146582,700,368.744684277975,0.526778120397107,3,1,0,0,0,0,0,0,0,0,1
299.6,OpenSky,16,0.804605532950387,46.6004553559018,0.665277502723051,1,410,1,0.967,1,0.9,0.3,0.809801,700,281.641313661392,0.402344733801988,5,0,0,0,1,0,0,0,0,1,1
299.7,OpenSky,17,0.89873163724988,44.52867852586,0.74026894528862,0.816455532847502,402,0,0.837425207007827,0.837425207007827,NaN,0.3,1.03787506984803,850,483.50636143628,0.568831013454447,3,1,0,0,0,0,0,0,0,0,1
299.8,OpenSky,18,0.905230222331402,42.7205594016493,1.02518595502548,0.909574787676409,450,1,0.939415107743194,1,0.9,0.3,0.833034762527919,850,230.361530285387,0.271013565041632,5,0,0,0,1,0,0,0,0,1,1
299.9,OpenSky,16,0.890002332533395,44.9691662235673,0.669448625833732,0.852156101499024,423,0,0.878669588004346,0.878669588004346,NaN,0.3,0.932489619875316,850,786.885749458195,0.925747940539053,3,1,0,0,0,0,0,0,0,0,1
300,OpenSky,19,0.856762961924302,41.6632474142408,0.712099793901301,0.912470993756048,487,1,0.941355565816552,1,0.9,0.3,0.830952526946271,600,374.07859224798,0.623464320413301,5,0,0,0,1,0,0,0,0,1,1
