Time,ESS,Particles,Runtime_ms,rGNSS,rLiDAR,rOdom,Difficulty,lambdaMotion,lambdaGNSS,lambdaLiDAR,lambdaBroad,sigmaGNSS,sigmaLiDAR,sigmaLiDARYaw
0,462.20891442723,1702,1.8642,0.422362267971039,0.0290331020951271,0.0735135450959206,0.740713596343994,0.285354192047252,0.434566229617909,0,0.280079578334839,3.3693227957085,2.53694179206753,0.298179510156264
0.200000047683716,744.269779629243,3500,3.1328,0.44158861041069,0.0309322346001863,0.0624025873839855,0.738584101200104,0.265286287456354,0.436020586736873,0.030542207750586,0.268150918056187,3.19458624018451,2.52773083484247,0.297150636358903
0.400000095367432,693.14993576208,3500,2.5889,0.489120483398438,0.0287529304623604,0.0860932469367981,0.716938436031342,0.268340035967544,0.457075950189678,0.0268691937015351,0.247714820141243,2.78798304386437,2.53830217521363,0.298331466412188
0.599999904632568,858.743444752772,3500,2.4338,0.459097027778625,0.0202045422047377,0.147652700543404,0.688481688499451,0.311550280065524,0.426745200677304,0.0232382903207924,0.23846622893638,3.04060820286334,2.57999784779057,0.302988917742115
0.799999952316284,879.539213845874,3500,2.2748,0.462514966726303,0.028560159727931,0.114158451557159,0.697480618953705,0.29172589576635,0.436597283919375,0.026959750629858,0.244717069684417,3.01112128794582,2.53923840816956,0.298436044637126
1,830.980865488271,3500,2.6649,0.503914177417755,0.028099337592721,0.0942757874727249,0.694572389125824,0.270808750216935,0.464899638878512,0.0259238030700446,0.238367807834508,2.66880914693682,2.54147724396927,0.298686124996272
1.20000004768372,849.9950389788,3500,2.5395,0.475101292133331,0.0263394806534052,0.0942486673593521,0.710680782794952,0.277381725591899,0.448988579624282,0.0248917992908653,0.248737895492953,2.90414922816079,2.5500370173357,0.299642260858472
1.40000009536743,865.674263918575,3500,2.0386,0.480460524559021,0.0255934465676546,0.103691793978214,0.701933801174164,0.281850805534497,0.450074336007444,0.0239748176619745,0.244100040796084,2.8593701323319,2.55367032842976,0.300048105603051
1.59999990463257,954.07420593281,3500,2.0299,0.473309487104416,0.0237057879567146,0.115360453724861,0.700956106185913,0.290087674292929,0.442934180368927,0.0233955895897356,0.243582555748408,2.91922317099371,2.56287597117305,0.301076385767101
1.79999995231628,903.530992125022,3500,2.046,0.449302345514297,0.0254572965204716,0.0849182158708572,0.723716259002686,0.278409903283584,0.43701746633667,0.024761240034087,0.259811390345659,3.12614325324843,2.55433370226297,0.300122205171442
2,934.278716037369,3500,2.5615,0.451008766889572,0.0270510725677013,0.0804015696048737,0.736950099468231,0.273984597347414,0.437084100702878,0.0262158844668246,0.262715417482883,3.11113099225687,2.54657403847915,0.29925544240744
2.20000004768372,986.164809126848,3500,1.95,0.477072507143021,0.0224566720426083,0.121438592672348,0.70540314912796,0.29183750277774,0.442382813656688,0.0231821582166789,0.242597525348893,2.88762530228549,2.56897739508503,0.301757921359574
2.40000009536743,1015.07977533711,3500,2.5906,0.450102359056473,0.0238041095435619,0.12261089682579,0.697165727615356,0.30063809291702,0.428714407390171,0.0238120506793646,0.246835449013444,3.11909932412205,2.5623960413601,0.301022777092448
2.59999990463257,932.106405236278,3500,2.2221,0.454356074333191,0.0280153620988131,0.093142494559288,0.711814284324646,0.281783633695873,0.437483698505789,0.0269750200741893,0.253757647724148,3.08181834893669,2.54188534078975,0.298731709848652
2.79999995231628,935.380024890289,3500,1.7673,0.47614973783493,0.0287183094769716,0.0879802256822586,0.709984064102173,0.273192519971426,0.450691166189408,0.0271828111215967,0.248933502717569,2.8953527773633,2.53847030586318,0.298350246786
3,939.048295842535,3500,2.214,0.486056089401245,0.0268783513456583,0.0933799967169762,0.70661473274231,0.274254231241461,0.455213014176721,0.025172764211699,0.24535999037012,2.81310674593233,2.54741435769936,0.299349306965266
3.20000004768372,937.573609895035,3500,2.0968,0.48540672659874,0.0283967684954405,0.0898428037762642,0.700840651988983,0.272595028800159,0.456152277191607,0.0266853545785035,0.24456733942973,2.81844989623859,2.54003209867526,0.29852470071755
3.40000009536743,925.751609969129,3500,1.5574,0.533758938312531,0.0267319772392511,0.0995475724339485,0.681033849716187,0.267560424531859,0.479805665886104,0.0240298629570134,0.228604046625023,2.43904582082767,2.54812661032154,0.29942886634679
3.59999990463257,955.803675620182,3500,1.3426,0.546099960803986,0.0273953676223755,0.108948118984699,0.665918350219727,0.270311928910005,0.484023738981541,0.0242812840488657,0.221383048059589,2.34820196465715,2.54489942730604,0.299068386544006
3.79999995231628,905.782971279416,3500,1.9374,0.508005142211914,0.0308136474341154,0.0822444036602974,0.696712970733643,0.262620163108192,0.469512916540051,0.0284788563616415,0.239388063990115,2.63647152071935,2.52830546499991,0.297214823163566
4,923.914482997955,3500,2.6691,0.521331310272217,0.0302928648889065,0.079112283885479,0.700086236000061,0.257653648150498,0.476816822978446,0.0277062729796559,0.237823255891401,2.5329897162057,2.53082981971341,0.297496796291494
4.20000004768372,922.411531715651,3500,2.4123,0.576501548290253,0.0250913053750992,0.119253911077976,0.658820867538452,0.269319097514228,0.496018924094718,0.0215884282239995,0.213073550167054,2.13480750880443,2.55611740713807,0.30032144691835
4.40000009536743,968.173159512961,3500,2.2415,0.47056320309639,0.0303425528109074,0.0841254591941833,0.706380724906921,0.272422312106938,0.448823181437795,0.0289407267630023,0.249813779692265,2.94242657532444,2.53058891222317,0.297469886666551
4.59999990463257,955.249212465975,3500,2.2457,0.494922757148743,0.0277312994003296,0.0815664455294609,0.714089632034302,0.264942636757511,0.462327393558186,0.0259049299846257,0.246825039699677,2.74082416996982,2.54326606541443,0.298885938269541
4.79999995231628,987.917856412317,3500,2.4079,0.508522868156433,0.027504812926054,0.0955311059951782,0.693802833557129,0.270523484293577,0.46709920560917,0.0252643038744061,0.237113006222847,2.63239816900143,2.54436722220497,0.299008938663625
5,974.834084973676,3500,2.421,0.534391224384308,0.0268958080559969,0.111213870346546,0.669802367687225,0.274132075377205,0.477572272610183,0.0240361210867348,0.224259530925877,2.43433225544275,2.54732942094748,0.299339819439018
5.20000004768372,949.834230051122,3500,2.4353,0.518250167369843,0.0268899723887444,0.0921229496598244,0.693479359149933,0.266525370016643,0.473270601251303,0.0245561587845471,0.235647869947507,2.55666320991348,2.54735781459395,0.29934299103977
5.40000009536743,937.846974390775,3500,1.9981,0.534940004348755,0.0293332058936357,0.0879553407430649,0.683141231536865,0.260516123169142,0.482875958524776,0.0264782962525635,0.230129622053519,2.43024639644109,2.53548506295182,0.298016791952239
5.59999990463257,871.557060360407,3500,1.7308,0.520901381969452,0.0309177357703447,0.0775009170174599,0.697014212608337,0.256970287362485,0.477289486252906,0.0283291823226461,0.237411044061964,2.53628388639025,2.52780108711119,0.297158483612638
5.79999995231628,911.365449587392,3500,1.5917,0.535079181194305,0.0290272030979395,0.0911293476819992,0.687471330165863,0.261897949784329,0.48143366592433,0.0261170183593751,0.230551365931965,2.42921094207166,2.53697043080953,0.298182709134449
6,995.83482249952,3500,1.5356,0.495185792446136,0.0251274593174458,0.114892870187759,0.692198693752289,0.28468139502185,0.455305870577525,0.0231038125779334,0.236908921822692,2.73869907318588,2.55594117644215,0.300301761760674
6.20000004768372,962.926256316845,3500,1.6743,0.449660927057266,0.0269390214234591,0.0844299271702766,0.725461721420288,0.2775041854879,0.436524250045561,0.0261520079158204,0.259819556550719,3.12298476165974,2.54711917007084,0.299316334190682
6.40000009536743,907.166943821262,3500,1.9403,0.482188045978546,0.026485925540328,0.0862029567360878,0.7140993475914,0.270943217062561,0.454833417277367,0.0249833734447189,0.249239992215353,2.84503375782013,2.54932413292768,0.299562630905792
6.59999990463257,1012.00844595381,3500,2.4046,0.515286564826965,0.0254561677575111,0.113460563123226,0.684145450592041,0.279314856872207,0.466539863952978,0.0230479850495259,0.231097294125289,2.57957691389795,2.55433920240469,0.300122819543169
6.79999995231628,990.028918644608,3500,2.5313,0.517296075820923,0.0236951466649771,0.13081718981266,0.673667788505554,0.288451856403688,0.463346833781264,0.0223927290114252,0.225808580803623,2.56402462734304,2.5629279166138,0.301082188128525
7,1006.27564006878,3500,2.6085,0.457441598176956,0.0304314084351063,0.0878333374857903,0.704808533191681,0.277994695478699,0.440769250136486,0.0293222766140961,0.251913777770719,3.0549569551102,2.53015813437283,0.297421768318819
7.20000004768372,987.9081238288,3500,2.4051,0.523999750614166,0.0235495623201132,0.119128189980984,0.689267992973328,0.279717484535811,0.468400542225684,0.0223473647495387,0.229534608488967,2.51260989932301,2.56363864311311,0.301161577040487
7.40000009536743,941.238074668788,3500,1.7855,0.485512435436249,0.0266500376164913,0.0927784219384193,0.697096109390259,0.274869402151827,0.456455193895356,0.0250550700655562,0.243620333887261,2.81757963272592,2.54852537317994,0.299473408585598
7.59999990463257,980.496294047006,3500,2.6462,0.486164212226868,0.0246806852519512,0.1052186191082,0.706019639968872,0.280985216077919,0.45222868788542,0.0232549350873645,0.243531160949296,2.81221773437148,2.55811941430151,0.300545073264913
7.79999995231628,1000.98949351032,3500,2.5696,0.453143745660782,0.0246244184672832,0.105110831558704,0.708986878395081,0.289584622901897,0.434534269034315,0.0239733127288709,0.251907795334917,3.09241410327936,2.55839381262571,0.300575723851917
8,977.66294015242,3500,2.8572,0.486358135938644,0.0232739709317684,0.113202817738056,0.694398939609528,0.285997270215451,0.45117714019095,0.0231916106081069,0.239633978985492,2.81062371613139,2.56498433964849,0.301311892786247
8.20000004768372,957.084267435822,3500,2.7212,0.484766662120819,0.0288486294448376,0.0906115472316742,0.696638464927673,0.273376681262258,0.455914634313667,0.0271316354269337,0.243577048997142,2.82372313969698,2.53783746132793,0.298279557372922
8.40000009536743,901.51115054019,3500,2.8751,0.540417909622192,0.0247203335165977,0.106462888419628,0.682781457901001,0.269779073729227,0.481101295210611,0.0222559840562534,0.226863647003908,2.38972558236828,2.55792606963994,0.300523476458926
8.59999990463257,982.138217785952,3500,2.8388,0.510185599327087,0.0254368521273136,0.110998123884201,0.679638266563416,0.279701344152311,0.465458539491004,0.023206848754736,0.231633267601949,2.61934517685252,2.5544333229788,0.300133332912206
8.79999995231628,1000.63320468022,3500,2.9207,0.52485466003418,0.0260311868041754,0.115066356956959,0.674402594566345,0.278313873170032,0.471585162349122,0.0233891825489135,0.226711781931933,2.50610475272988,2.55153812269521,0.299809935936505
9,982.786349099254,3500,2.5366,0.459344387054443,0.0234780050814152,0.108546376228333,0.709259748458862,0.289664868734095,0.436726959444245,0.0237690375539781,0.249839134267682,3.03846793447628,2.56398801639943,0.301200602411142
9.20000004768372,952.99780052389,3500,2.3398,0.44260048866272,0.0286925379186869,0.0716592743992805,0.733432173728943,0.271224584037422,0.435109250665334,0.0282069021460122,0.265459263151232,3.18555372191231,2.5385954647371,0.298364227166404
9.40000009536743,928.322475119934,3500,2.3381,0.465761452913284,0.0259993337094784,0.0796566531062126,0.735673189163208,0.270087648872723,0.44587757253163,0.0248893929055574,0.25914538569009,2.9832866015466,2.55169324483595,0.299827263245937
9.59999990463257,1002.38174781269,3500,2.1303,0.45968160033226,0.0252540949732065,0.104456976056099,0.712733864784241,0.287056913459499,0.437695167111896,0.0240461991769254,0.251201720251679,3.03555178415606,2.55532394841626,0.300232816728435
9.79999995231628,1040.12861402587,3500,2.3195,0.434311419725418,0.0223215073347092,0.113115578889847,0.716160356998444,0.298559892640546,0.42068555006841,0.0242156624809899,0.256538894810054,3.26002855882458,2.56963808755069,0.301831721416335
10,1012.92546150096,3500,2.1978,0.438050150871277,0.0216303877532482,0.0872300937771797,0.73311859369278,0.282108093460017,0.429029714408082,0.0244851938502217,0.264376998281679,3.22630106348636,2.57301774541965,0.302209232823722
10.2000000476837,945.442465204725,3500,2.1059,0.456798791885376,0.0230683740228415,0.0965263545513153,0.729668021202087,0.282307312472299,0.436714403550208,0.0239008077138146,0.257077476263678,3.0605404199775,2.56598850458594,0.301424059086353
10.4000000953674,989.600077184084,3500,2.3329,0.414059460163116,0.023602981120348,0.0831643268465996,0.737914085388184,0.286212842739285,0.416013951650427,0.0251180078995503,0.272655197710738,3.44661052979471,2.56337784619268,0.301132445744867
10.5999999046326,977.397573859711,3500,1.9801,0.451229333877563,0.0260145720094442,0.0799431949853897,0.7354496717453,0.274069342684464,0.437987015671584,0.0252511171214805,0.262692524522471,3.1091939519717,2.55161903484487,0.29981897391037
10.7999999523163,1006.25477961407,3500,2.0358,0.455422729253769,0.0214514210820198,0.109838925302029,0.714592218399048,0.290986870309381,0.433539907962404,0.0237987632211934,0.251674458507021,3.07251523050731,2.573893303256,0.302307033572752
11,1005.85398559091,3500,1.7802,0.433501005172729,0.021048666909337,0.100583389401436,0.726326584815979,0.291217126187531,0.422988049880957,0.0243937179403088,0.261401105991203,3.26736888912246,2.57586428139997,0.302527193944574
11.2000000476837,1063.42126279829,3500,2.5777,0.422331899404526,0.0215024650096893,0.0975324809551239,0.733281075954437,0.2921628199897,0.416750955094605,0.024669635166217,0.266416589749478,3.36960347556466,2.57364356495529,0.302279137536811
11.4000000953674,1016.19490059116,3500,2.1067,0.431502640247345,0.020746735855937,0.121590383350849,0.718821167945862,0.303610115779973,0.416110910049013,0.0241082482027509,0.256170725968263,3.28551398436592,2.57734238834201,0.302692300074719
11.5999999046326,1017.28032417046,3500,1.9336,0.410865128040314,0.0219687093049288,0.110041804611683,0.725174844264984,0.303029527222895,0.407099381850237,0.0247708648207723,0.265100226106095,3.47663917887165,2.57136301394667,0.302024397544107
11.7999999523163,931.068612577146,3500,1.7996,0.47777184844017,0.0222381111234426,0.0764753147959709,0.73224014043808,0.265803793634176,0.454114898071873,0.02376212095556,0.256319187338391,2.88177793825277,2.57004577834863,0.301877260915562
12,981.468917589538,3500,2.3437,0.49943071603775,0.0227214898914099,0.100639700889587,0.710939168930054,0.274807424698714,0.459791437169433,0.023015776883789,0.242385361248064,2.70455686437184,2.56768321580016,0.301613360145929
12.2000000476837,966.780667199641,3500,2.1802,0.459286212921143,0.0280229263007641,0.096048466861248,0.704370737075806,0.282613338146661,0.440124020900356,0.0268537627603558,0.250408878192627,3.03897119629728,2.54184857949232,0.298727603572316
12.4000000953674,947.789599035921,3500,2.3264,0.489418178796768,0.0228034872561693,0.111353829503059,0.703005075454712,0.28355468551798,0.452253902968164,0.0231016093476558,0.2410898021662,2.78555036914567,2.56728256129676,0.301568606608346
12.5999999046326,963.125854706316,3500,2.2194,0.454889386892319,0.0234309397637844,0.0938286930322647,0.720877289772034,0.282089283122748,0.437671834555354,0.0240537506021744,0.256185131719724,3.07716464418106,2.56421782352661,0.301226272113631
12.7999999523163,987.923489013016,3500,2.0576,0.447794705629349,0.0257981307804585,0.083961695432663,0.731362521648407,0.277581353528548,0.435389706061492,0.0250834599789506,0.261945480431009,3.13944549704782,2.55267320497712,0.299936725844348
13,925.855725225785,3500,2.1412,0.427899211645126,0.0310065448284149,0.0682348757982254,0.740966439247131,0.272021171117029,0.426016690169335,0.0308701330638193,0.271092005649817,3.31839449629014,2.52737079041342,0.297110419010164
13.2000000476837,856.908892561986,3500,2.016,0.470645487308502,0.0313327498733997,0.0650596544146538,0.738239884376526,0.259286896714923,0.450724918458748,0.0300065580412532,0.259981626785076,2.94172960085483,2.52579060366957,0.296933910456715
13.4000000953674,945.237324742198,3500,2.2136,0.506837964057922,0.023177620023489,0.117183029651642,0.695312678813934,0.282622076559532,0.459994627029841,0.022689432306282,0.234693864104345,2.64567034955628,2.56545490505744,0.301364455446933
13.5999999046326,1022.78758092191,3500,2.1226,0.479902982711792,0.0272487141191959,0.121781416237354,0.674305438995361,0.293168167365607,0.446657034190627,0.0253610214406556,0.234813777003111,2.86400725913672,2.54561266045689,0.299148055451634
13.7999999523163,948.68396833885,3500,2.2467,0.475331485271454,0.0272577852010727,0.0788289308547974,0.715549111366272,0.268404383440978,0.453240294970663,0.025990970486051,0.252364351102308,2.90221640277967,2.54556854112981,0.299143127275496
14,941.593883243371,3500,2.2515,0.49137869477272,0.024336326867342,0.0835426449775696,0.72949630022049,0.266410408530933,0.459064738573714,0.0233559545548697,0.251168898340484,2.76956505704881,2.55979900767678,0.300732685645669
14.2000000476837,995.176341512417,3500,2.0215,0.433687299489975,0.024864986538887,0.0961776077747345,0.726258099079132,0.288785598461795,0.424524671731974,0.0244718183026817,0.262217911503549,3.26568059807166,2.55722073619451,0.300444689956864
14.4000000953674,1028.72284331594,3500,1.7701,0.431356638669968,0.0257251057773829,0.100116036832333,0.721223831176758,0.291805199085879,0.422261380815871,0.0251826857717684,0.260750734326481,3.28684217907774,2.55302892378123,0.299976460016143
14.5999999046326,946.25470843966,3500,1.9544,0.461949616670609,0.0262890104204416,0.0888165310025215,0.717564165592194,0.277408054126301,0.442996128769183,0.0252103896727172,0.254385427431799,3.01598572000724,2.55028272807001,0.299669707010927
14.7999999523163,928.604543027234,3500,2.1858,0.47253093123436,0.0314655266702175,0.0779351517558098,0.713551819324493,0.267711338766152,0.45052227731276,0.0299999847529156,0.251766399168173,2.92578894803593,2.5251475650705,0.296862082355779
15,952.817316784089,3500,2.6297,0.468699753284454,0.0303689409047365,0.0706930235028267,0.731712996959686,0.26361450151601,0.449065207149782,0.0290967397416749,0.258223551592533,2.95823961728,2.53046097690551,0.297455596154405
15.2000000476837,977.754404648402,3500,2.7809,0.461236923933029,0.0249184742569923,0.0914817452430725,0.726435720920563,0.2786697656618,0.441154089207214,0.0239114686138652,0.256264676517121,3.02212521706516,2.55695995461328,0.300415560374649
15.4000000953674,984.38486549634,3500,2.5937,0.429726660251617,0.0281477570533752,0.087468758225441,0.72961837053299,0.283970179289755,0.423382043289476,0.0277321748859981,0.264915602534771,3.30169345622219,2.54124195530096,0.298659842999762
15.5999999046326,986.066336530167,3500,2.9146,0.435889363288879,0.0243148468434811,0.077627032995224,0.736861169338226,0.277086392553849,0.430509373820757,0.0246914360660507,0.267712797559344,3.24576648360501,2.55990379522515,0.300744390527168
15.7999999523163,938.107999961022,3500,2.6328,0.457381904125214,0.027107410132885,0.0796559154987335,0.740603268146515,0.271593276544275,0.440297519916482,0.0260948790173403,0.262014324521903,3.05547518376623,2.54629997854586,0.299224829619063
16,1028.31199684768,3500,2.345,0.470121383666992,0.0221817921847105,0.127949595451355,0.696438193321228,0.297806615776466,0.437789113909809,0.0232806424638149,0.241123627849911,2.94617078437586,2.57032111883776,0.301908016743398
16.2000000476837,948.005011344726,3500,2.2904,0.433969497680664,0.0276159830391407,0.0802829191088676,0.734237015247345,0.278587492727362,0.427776465625277,0.0272218846771211,0.26641415697024,3.26312423644704,2.54382669110234,0.298948560759943
16.4000000953674,927.984714930538,3500,1.9794,0.465012818574905,0.0239928625524044,0.0725863575935364,0.736539781093597,0.266595472122634,0.448165337105909,0.0240942463951516,0.261144944376305,2.98969027431334,2.56147483087162,0.30091987689323
16.5999999046326,922.898241559283,3500,1.9409,0.463206470012665,0.0294270999729633,0.0647225007414818,0.735702276229858,0.261633078236225,0.448049925214369,0.028464218001535,0.261852778547871,3.00517835069011,2.53502938566723,0.297965892311007
16.7999999523163,896.953592372376,3500,1.8577,0.508523643016815,0.0276360996067524,0.0844812467694283,0.71956878900528,0.262789415551327,0.46742495264311,0.0254025603869501,0.244383071418613,2.6323920757877,2.54372888696992,0.298937635933493
17,1044.38429127175,3500,2.0787,0.436132341623306,0.0228828880935907,0.122177764773369,0.710841178894043,0.303264119765773,0.419485741367356,0.02404578274372,0.253204356123151,3.24357388930573,2.56689462595081,0.301525273814287
17.2000000476837,994.941212933178,3500,2.0273,0.439601004123688,0.0259071663022041,0.0786437764763832,0.73021537065506,0.276934749257505,0.432714386137894,0.0255013147328399,0.26484954987176,3.21237627663343,2.5521421216535,0.299877403267711
17.4000000953674,932.673749201563,3500,1.9076,0.484148800373077,0.0272183455526829,0.0703387781977654,0.730102956295013,0.260470076732139,0.458794756182251,0.0257929673726438,0.254942199712966,2.82881968125228,2.54576036807315,0.299164554550731
17.5999999046326,946.755268830202,3500,2.0029,0.479082047939301,0.0240598898380995,0.0794336274266243,0.717099964618683,0.268232691049372,0.455760653728588,0.0237830166924942,0.252223638529546,2.87084410223291,2.56114774655706,0.300883341224617
17.7999999523163,822.809010653313,3500,2.0222,0.549397826194763,0.0323144532740116,0.0787251144647598,0.709839284420013,0.249900695097852,0.487889735955049,0.0286966735645587,0.23351289538254,2.32433855230404,2.52103829335594,0.296403072299599
18,938.984889978563,3500,2.3644,0.457537621259689,0.0295331850647926,0.0785993412137032,0.725930750370026,0.271491043951604,0.441571492264352,0.0285026017411975,0.258434862042846,3.05412345878877,2.53451459722622,0.297908389890226
18.2000000476837,933.391771185921,3500,1.6556,0.498348116874695,0.026110352948308,0.0770780369639397,0.71851772069931,0.261762262868963,0.465687298892042,0.0243991284924886,0.248151309746506,2.71323689474532,2.55115261158617,0.299766873932309
18.4000000953674,901.887897750275,3500,1.5744,0.507454872131348,0.0294553451240063,0.0634227246046066,0.718843936920166,0.251363245480738,0.473357456030566,0.0274761520681449,0.247803146420551,2.64080562389718,2.5348923177709,0.297950581680033
18.5999999046326,957.753687030633,3500,2.7072,0.507386863231659,0.0250790938735008,0.0841025561094284,0.715364336967468,0.263791005888538,0.468641785533351,0.0231640040058936,0.244403204572217,2.64134162013395,2.55617693300629,0.300328096021649
18.7999999523163,947.853915046385,3500,1.9455,0.484629452228546,0.032357219606638,0.0730275958776474,0.716998219490051,0.261519414659259,0.457608726598511,0.0305531287716273,0.250318729970602,2.82485441208199,2.52083137611849,0.296379959422334
19,941.672100202177,3500,2.0819,0.479546666145325,0.0278617367148399,0.0620851814746857,0.737080991268158,0.256386740261039,0.458037612934007,0.0266120573408254,0.25896358946413,2.86697338176357,2.54263200735772,0.298815113304815
19.2000000476837,951.573812509935,3500,1.8859,0.499902993440628,0.0259932782500982,0.0718204751610756,0.73542994260788,0.25735042603936,0.466090363130945,0.0242351349312151,0.25232407589848,2.70077612775716,2.55172273503498,0.299830557332785
19.4000000953674,932.012789647936,3500,1.8707,0.467948943376541,0.0255611762404442,0.0684522017836571,0.731785953044891,0.263780904478996,0.451497013935471,0.0246625083966744,0.260059573188859,2.96462661483311,2.55382755312477,0.300065667770048
19.5999999046326,909.813026119862,3500,1.8648,0.493230223655701,0.0270340368151665,0.0670211687684059,0.728176891803741,0.256624026892399,0.464875671490969,0.02547991873737,0.253020382879262,2.75452484972841,2.54665691379048,0.299264699668568
19.7999999523163,943.847156650104,3500,1.8213,0.513508200645447,0.0283435136079788,0.0838116705417633,0.713586330413818,0.261498135879476,0.470546928933893,0.0259722303687979,0.241982704817832,2.59339416671385,2.54029081886922,0.298553600040597
20,971.039942534267,3500,2.5062,0.470898628234863,0.0257061757147312,0.104762546718121,0.704463243484497,0.284728304806097,0.44438713042469,0.0242589232057918,0.246625641563421,2.93958609283,2.55312114010104,0.299986760677933
20.2000000476837,925.618423097511,3500,1.8556,0.456153005361557,0.0290696397423744,0.0764279440045357,0.72332775592804,0.270986988362217,0.442079506736045,0.0281727662588068,0.258760738642932,3.06615642861813,2.53676441117501,0.298159696520394
20.4000000953674,959.721685776363,3500,1.8777,0.487526208162308,0.0273479726165533,0.0771507546305656,0.724146544933319,0.263747259771723,0.458936427095344,0.0257442177072946,0.251572095425638,2.80103509856402,2.54512991593282,0.299094132370731
20.5999999046326,907.793685814414,3500,1.7563,0.51444137096405,0.0273555479943752,0.0783539488911629,0.702333986759186,0.259424748056563,0.474746314718389,0.0252447534946391,0.240584183730409,2.58613745785017,2.54509307504331,0.299090017203874
20.7999999523163,910.71740945921,3500,1.7717,0.552338659763336,0.0271281246095896,0.0979023054242134,0.686373353004456,0.261865022347825,0.488042656849105,0.023970225106949,0.226122095696121,2.30320540433989,2.54619921481414,0.299213574202199
21,1032.884962898,3500,1.8447,0.480403900146484,0.0275708064436913,0.106858611106873,0.693843364715576,0.283642933826609,0.449194985767898,0.0257796991329734,0.241382381272519,2.85984085586388,2.54404634120143,0.298973095911504
21.2000000476837,932.769512659005,3500,1.7877,0.469820946455002,0.026587825268507,0.0830404832959175,0.723183393478394,0.271693510216264,0.448244531541041,0.0253667857342296,0.254695172508465,2.94871863054296,2.54882815478874,0.299507229615921
21.4000000953674,975.589452096,3500,1.9627,0.491906583309174,0.0300759300589561,0.0795218199491501,0.70647931098938,0.264577268649315,0.461471033681275,0.0282150534352757,0.245736644234134,2.76527136067646,2.5318817536275,0.297614298437505
21.5999999046326,946.801050520143,3500,2.5791,0.519326269626617,0.0262296814471483,0.0802899971604347,0.710573315620422,0.258968364629183,0.475854948366895,0.0240340696026927,0.24114261740123,2.54837788056851,2.55057158323631,0.299701972442692
21.7999999523163,918.114968969021,3500,2.655,0.469673544168472,0.0256197098642588,0.0776505544781685,0.726958811283112,0.268756052818235,0.449901140422033,0.0245411665790508,0.25680164018068,2.94996919803863,2.55354237451253,0.300033813013313
22,990.565682304069,3500,2.1799,0.472567170858383,0.0241538044065237,0.0810553431510925,0.729161739349365,0.269854865184522,0.450261718478751,0.0238199850859764,0.256063431250751,2.92548311405064,2.56068949363565,0.30083215388199
22.2000000476837,981.499671746599,3500,2.0483,0.476502656936646,0.0241374578326941,0.107467912137508,0.710146546363831,0.284381364736091,0.446008355487069,0.0234000980369334,0.246210181739906,2.89239574555513,2.56076925301309,0.300841063089963
22.4000000953674,1017.13723690336,3500,1.8711,0.41899111866951,0.0258576776832342,0.0932830348610878,0.727046072483063,0.291094719953669,0.416606717908802,0.0257105264344588,0.266588035703069,3.40057056147926,2.55238316032175,0.299904327545378
22.5999999046326,955.332944939721,3500,2.1253,0.428891569375992,0.027509743347764,0.07933659106493,0.735387682914734,0.27939587343682,0.425108040382203,0.0272670621691169,0.268229024011861,3.30931871623854,2.54434324820883,0.299006260742553
22.7999999523163,992.178307372338,3500,1.9532,0.477608025074005,0.0243178438395262,0.111940838396549,0.708222031593323,0.286569519576611,0.445368474386996,0.0233124471850105,0.244749558851383,2.88314700373665,2.55988917462488,0.300742757390443
23,1026.21483095335,3500,1.8987,0.48218560218811,0.0267155785113573,0.115223497152328,0.679967284202576,0.288855553069346,0.449478954260257,0.0249034609022981,0.236762031768098,2.84505400465032,2.5482064127812,0.299437780367093
23.2000000476837,903.641507509472,3500,2.0768,0.474723368883133,0.028648117557168,0.0747563242912292,0.719569265842438,0.265676434239353,0.453173950923664,0.0273476754482323,0.253801939388751,2.90732431357988,2.53881119881308,0.298388324893985
23.4000000953674,898.493836068065,3500,1.8636,0.507903397083282,0.0269985906779766,0.0821246281266212,0.717471241950989,0.261996919872503,0.468458891282101,0.024901841428539,0.244642347416858,2.63727253281739,2.54682935635661,0.299283961688085
23.5999999046326,938.246555072666,3500,1.8538,0.444705128669739,0.0282563026994467,0.0699515044689178,0.732120513916016,0.269930235686532,0.437202833401448,0.0277796112642128,0.265087319647807,3.16681915300553,2.54071453310837,0.298600929375386
23.7999999523163,936.569590765611,3500,1.9093,0.448737919330597,0.0277166217565536,0.071650043129921,0.74839973449707,0.268670151684368,0.436999460474152,0.026991587365401,0.267338800476079,3.13111905267168,2.54333741902122,0.29889390854392
24,951.763912766216,3500,2.3468,0.443128287792206,0.0259438883513212,0.0768269523978233,0.736954808235168,0.274413794601164,0.43440387608548,0.0254330991070192,0.265749230206337,3.18084883085792,2.55196327160036,0.299857425525024
24.2000000476837,969.19441475826,3500,1.9909,0.441669523715973,0.0273382347077131,0.0783073902130127,0.733126401901245,0.275561522701047,0.432998536057108,0.0268015223401236,0.264638418901722,3.19386336598039,2.54517727415377,0.299099422334785
24.4000000953674,1015.39479570856,3500,1.6023,0.44520029425621,0.0267301965504885,0.0915711969137192,0.725345015525818,0.282674077283346,0.431831009567722,0.0259274935602315,0.259567419588701,3.16242170794717,2.54813527576663,0.299429834286296
24.5999999046326,983.551676136999,3500,1.4517,0.421626299619675,0.0243801139295101,0.111481599509716,0.724738776683807,0.300641107981918,0.412952812094525,0.0244857123753325,0.261920367548225,3.37612909833304,2.55958540524049,0.300708826024527
24.7999999523163,1008.69691861594,3500,1.4064,0.38495010137558,0.0279883798211813,0.0813205987215042,0.748369455337524,0.291931285636401,0.396496318082359,0.0288278649844069,0.282744531296833,3.72629102238328,2.54201647440663,0.298746357614249
25,917.400266702773,3500,1.3762,0.428201496601105,0.0257900636643171,0.070034421980381,0.749517500400543,0.273676191234803,0.426719219318166,0.0257007878775705,0.273903801569461,3.31562822791373,2.55271250013794,0.299941115155941
25.2000000476837,945.09470057831,3500,2.266,0.424723893404007,0.0288851149380207,0.0734997093677521,0.744595944881439,0.27613753153422,0.422898003736587,0.0287609377167091,0.272203527012484,3.34754079056195,2.53766029997235,0.298259768259565
25.4000000953674,978.323878495433,3500,1.8562,0.446230083703995,0.0258245784789324,0.100145190954208,0.722100079059601,0.287532641535232,0.430392527518553,0.0249080149670542,0.25716681597916,3.15328896155588,2.55254437973937,0.299922335927174
25.5999999046326,979.093445700907,3500,1.628,0.427352756261826,0.0244222674518824,0.0815953314304352,0.741785705089569,0.281244547641644,0.423737081347935,0.0247884841702252,0.270229886840196,3.32339892608743,2.55937978060932,0.300685857532769
25.7999999523163,976.595734639105,3500,1.8463,0.445023059844971,0.0256247892975807,0.0761782675981522,0.738787114620209,0.273483624796342,0.435569872845229,0.0250804671108981,0.265866035247531,3.16399523283071,2.55351762807846,0.300031048810097
26,958.353173023542,3500,1.6346,0.456324070692062,0.0253248959779739,0.0682510584592819,0.736368536949158,0.266364850167348,0.444849032704694,0.0246880587781903,0.264098058349768,3.0646681288708,2.55497889600087,0.300194274003695
26.2000000476837,907.147786160142,3500,1.4311,0.531135141849518,0.0297422055155039,0.0828330144286156,0.705797135829926,0.25704751308702,0.479698839283771,0.0268619045123714,0.236391743116837,2.45867404166777,2.5335004693948,0.297795110724183
26.4000000953674,988.170849753793,3500,1.3559,0.464330196380615,0.0291419047862291,0.0842459723353386,0.715699434280396,0.273698206841956,0.444805976321898,0.0279165419594916,0.253579274876655,2.99553710807704,2.53641360260528,0.298120510827044
26.5999999046326,917.130069943788,3500,2.22,0.500503480434418,0.0251782275736332,0.0719672441482544,0.72134393453598,0.258499767233833,0.468539991978207,0.02357027874239,0.24938996204557,2.69597418446504,2.55569371999121,0.300274120609799
26.7999999523163,945.250043988518,3500,2.2966,0.485245406627655,0.0259585455060005,0.0827718004584312,0.72241199016571,0.267825696176701,0.456706049495248,0.0244318124535802,0.25103644187447,2.81977833118343,2.55189188768197,0.299849451864807
27,928.115720146084,3500,2.4693,0.483143597841263,0.0311863981187344,0.0615384317934513,0.722375869750977,0.255470981489658,0.460556641143196,0.0297284344263168,0.254243942940829,2.83712432361979,2.52649948797538,0.297013093593688
27.2000000476837,890.91807166416,3500,2.9056,0.544589757919312,0.0300713106989861,0.0766263231635094,0.715053975582123,0.250028673173991,0.486698963569784,0.0268746805050086,0.236397682751216,2.35918790873593,2.53190415582296,0.297616800786756
27.4000000953674,987.022041187712,3500,2.1353,0.465725064277649,0.0301980338990688,0.0847411006689072,0.709225356578827,0.2738333991229,0.445760023912171,0.028903482645556,0.251503094319372,2.98359765552898,2.53128963363308,0.297548157999301
27.5999999046326,925.797687204144,3500,2.3017,0.473722606897354,0.0277683939784765,0.0702627673745155,0.728247582912445,0.263029084797577,0.453422763536124,0.0265784696642287,0.256969682002071,2.91574315592734,2.54308573936798,0.29886579565682
27.7999999523163,944.906081094155,3500,2.2875,0.482731074094772,0.0290885623544455,0.0630961731076241,0.725609660148621,0.256708791750214,0.460306089391519,0.0277372705051248,0.255247848353143,2.84053713365718,2.53667254937739,0.298149435459113
28,910.207367738372,3500,2.7991,0.50404554605484,0.0318094603717327,0.0659664943814278,0.720434069633484,0.252882410752829,0.469561383941296,0.029633223329686,0.247922981976189,2.66776656310433,2.52348230256419,0.29667607074845
28.2000000476837,896.457884357036,3500,2.2973,0.500911235809326,0.0298267640173435,0.07836002856493,0.715267717838287,0.261158120787302,0.465340973194128,0.0277087324117153,0.245792173606854,2.69271675633099,2.53309026954265,0.297749290960911
28.4000000953674,943.554218669642,3500,2.3812,0.492924571037292,0.0267194733023643,0.0674989223480225,0.726304113864899,0.257171440814253,0.464942281174634,0.0252026650707297,0.252683612940383,2.75700392526171,2.54818745912207,0.299435663223046
28.5999999046326,894.573019655225,3500,2.2483,0.504754185676575,0.0297358296811581,0.0628015100955963,0.72438246011734,0.25120256552671,0.471384882260795,0.027769993733467,0.249642558479029,2.66214733283898,2.53353140051128,0.297798565763055
28.7999999523163,857.286580815914,3500,2.364,0.520870566368103,0.0328876338899136,0.0586677566170692,0.709119021892548,0.245562191753418,0.481282769149625,0.0303880705329214,0.242766968564036,2.53652011337938,2.51826582170762,0.296093384244039
29,875.227054778938,3500,2.2499,0.518976926803589,0.0323297791182995,0.0645615756511688,0.721642255783081,0.248454889071888,0.476931849418393,0.0297105719923734,0.244902689517346,2.55106557557856,2.5209641409531,0.296394789396701
29.2000000476837,909.950987941783,3500,1.4943,0.499534338712692,0.0296828877180815,0.0685174167156219,0.715514302253723,0.256197616325883,0.468028923893923,0.0278108008201376,0.247962658960056,2.70372702502194,2.5337882459678,0.297827255675921
29.4000000953674,873.386476701369,3500,2.5709,0.490819960832596,0.0285262875258923,0.0599627047777176,0.726836979389191,0.253062933023574,0.465599262686093,0.0270604692129809,0.254277335077352,2.77411449829215,2.53940293507056,0.298454422468362
29.5999999046326,896.078095528834,3500,2.5436,0.485387802124023,0.0302654933184385,0.0557562261819839,0.736975789070129,0.250886357327628,0.462170268031677,0.028817805263923,0.258125569376772,2.81860571362195,2.53096253362233,0.297511620577407
29.7999999523163,887.352355843253,3500,2.0826,0.486499905586243,0.0335574932396412,0.0567179061472416,0.731106460094452,0.250790259799816,0.461737257972355,0.0318494304623272,0.255623051765502,2.8094587757035,2.51502779718312,0.295731693433075
30,931.43720062399,3500,2.1863,0.552426040172577,0.0279687661677599,0.0916585996747017,0.685455143451691,0.25852525928805,0.48994568828704,0.0248054497690253,0.226723602655885,2.3025795961248,2.54211179886357,0.298757005458289
30.2000000476837,882.269975164592,3500,2.2137,0.516258239746094,0.0267750695347786,0.0753718689084053,0.705565452575684,0.257306744969786,0.476475841016919,0.0247118065973041,0.241505607415991,2.57204872490838,2.54791691319759,0.299405442953222
30.4000000953674,885.282468319179,3500,1.7945,0.526211142539978,0.0274231061339378,0.0686500892043114,0.707594513893127,0.251085080525681,0.483001946616827,0.0251712907123883,0.240741682145104,2.49580705162618,2.54476453620539,0.299053319063444
30.5999999046326,914.350359273738,3500,1.9861,0.514901876449585,0.0295253489166498,0.0654421970248222,0.714279890060425,0.251024200888719,0.476868686880292,0.0273444611712224,0.244762651059767,2.58256151577707,2.53455262098838,0.297912637185226
30.7999999523163,878.008269920394,3500,1.8004,0.533113777637482,0.0308807026594877,0.0725220590829849,0.701354026794434,0.251203697661338,0.484222819157063,0.0280486859026486,0.236524797278951,2.44386195705554,2.52798053119442,0.297178527709122
31,931.01482613425,3500,1.7444,0.524086117744446,0.0261817518621683,0.109031662344933,0.688368082046509,0.274364443926405,0.471375499569368,0.0235484893527532,0.230711567151473,2.51195218658843,2.55080495101559,0.299728039873838
31.2000000476837,967.033299081481,3500,1.6337,0.414872884750366,0.0299017857760191,0.0738618969917297,0.740258395671844,0.279157565041806,0.417182209855109,0.0300682293955165,0.273591995707568,3.43898992800287,2.53272636310139,0.297708642221268
31.4000000953674,985.409833595598,3500,1.7619,0.429896533489227,0.0269796419888735,0.0761850997805595,0.743915021419525,0.276801665513955,0.425861470617233,0.0267264076796656,0.270610456189147,3.3001437002208,2.54692154276025,0.299294259008208
31.5999999046326,931.537508964911,3500,1.7547,0.446790516376495,0.0261277817189693,0.084370069205761,0.727436244487762,0.278306126021259,0.435062185920609,0.0254419228055695,0.261189765252562,3.14832586216788,2.55106774384904,0.299757394115082
31.7999999523163,955.369764075464,3500,1.7316,0.522765517234802,0.0272626522928476,0.104871243238449,0.683254539966583,0.272676591446387,0.472319823035909,0.0246318677914322,0.230371717726273,2.52202201232133,2.54554486906086,0.299140483080016
32,1015.42706200614,3500,1.9324,0.500112295150757,0.025735255330801,0.13279864192009,0.673548102378845,0.293767074424278,0.454030504554057,0.023363934612223,0.228838486409442,2.69910173967555,2.55297948176335,0.299970937289737
32.2000000476837,1045.8421405186,3500,1.9451,0.387631177902222,0.0260723680257797,0.106611639261246,0.735444188117981,0.306996412292413,0.392540334037026,0.0264025616034359,0.274060692067125,3.69996459421936,2.55133758080728,0.299787535192617
32.4000000953674,1032.40779430138,3500,1.7741,0.391866147518158,0.0288863405585289,0.0893582254648209,0.743177175521851,0.294588088519085,0.39847888201293,0.0293737970582774,0.277559232409707,3.65861426027525,2.53765434888451,0.298259103516673
32.5999999046326,1013.83673075579,3500,1.631,0.374063849449158,0.0298381131142378,0.0742248296737671,0.752767205238342,0.290191509408284,0.390615195214373,0.0311583714815261,0.288034923895817,3.83436851653125,2.53303521691436,0.297743141523307
32.7999999523163,990.110900069763,3500,2.456,0.383732110261917,0.0266740154474974,0.0796680822968483,0.754446506500244,0.291202997309243,0.396056933966665,0.0275307395242595,0.285209329199833,3.73828889537784,2.54840868051275,0.299460373889563
33,927.299230678188,3500,2.9294,0.426750928163528,0.0273681785911322,0.0707068890333176,0.746060311794281,0.274304164806088,0.425436934819074,0.0272839102225235,0.272974990152314,3.32891598689101,2.54503165004283,0.299083155965465
33.2000000476837,875.398764549192,3500,2.5037,0.506673872470856,0.0277780126780272,0.0675564557313919,0.71025413274765,0.254801335226921,0.473428687237062,0.0259553704872937,0.245814607048724,2.64696534482321,2.54303898158072,0.298860572761852
33.4000000953674,882.284139315513,3500,1.9636,0.471443444490433,0.0249599050730467,0.0641342401504517,0.74711799621582,0.259488550796159,0.453048083668121,0.0240245192166054,0.263438846319115,2.93497625897711,2.55675796678791,0.300392998117998
33.5999999046326,921.635121689451,3500,2.2979,0.445857524871826,0.0280700922012329,0.0704826563596725,0.745023429393768,0.26894902369442,0.436084386297218,0.0274547994550501,0.267511790553312,3.15659106192943,2.5416193641843,0.298701999976661
33.7999999523163,945.012985840751,3500,1.9991,0.428529322147369,0.0264700688421726,0.0819480195641518,0.740925014019012,0.280775791103484,0.423784482563082,0.0261769821758699,0.269262744157564,3.31262988516276,2.54940131715041,0.299571252466223
34,973.933286782635,3500,2.0673,0.403237283229828,0.028053492307663,0.0692057758569717,0.750336706638336,0.279465777653302,0.411310362638205,0.0286151419380444,0.280608717770449,3.54900592101533,2.54170003453833,0.298711010941695
34.2000000476837,966.483927001646,3500,1.755,0.397881001234055,0.0294340718537569,0.0741653814911842,0.756503045558929,0.282908826358956,0.405126698591308,0.0299700873357289,0.281994387714007,3.60037830939924,2.53499555219595,0.29796211307599
34.4000000953674,1008.90557612422,3500,1.8056,0.359728544950485,0.0284435898065567,0.0771628245711327,0.762261033058167,0.295856308327132,0.379846167404428,0.030034282035448,0.294263242232993,3.97958028920978,2.53980464546993,0.298499293950656
34.5999999046326,1008.15448793382,3500,1.7158,0.419933676719666,0.0228028371930122,0.11520691215992,0.739489257335663,0.301820340629569,0.409036197578684,0.0243512380796589,0.264792223712088,3.39181551523172,2.56728573749507,0.301568961393102
34.7999999523163,995.756301097143,3500,1.893,0.38031530380249,0.029197946190834,0.0753253772854805,0.750136196613312,0.289371439120686,0.394801394772575,0.0303100868289603,0.285517079277778,3.7720729816112,2.53614156920024,0.298090124404046
35,979.096476659812,3500,2.2756,0.40853676199913,0.0295089799910784,0.0728050023317337,0.748762965202332,0.279735606436899,0.412887550787638,0.0298232414021622,0.277553601373301,3.49863009525179,2.53463204979489,0.297921509468072
35.2000000476837,933.261327291962,3500,1.9616,0.433677047491074,0.0295343976467848,0.064571350812912,0.742339849472046,0.268678606260549,0.430970957741534,0.02935010675292,0.271000329244996,3.26577349230742,2.53450871337697,0.297907732657958
35.4000000953674,972.880064241705,3500,1.9947,0.463398694992065,0.0255837794393301,0.0873854979872704,0.735994100570679,0.274977866458881,0.442199056238271,0.0244133685427698,0.258409708760079,3.00352768428975,2.55371742722935,0.300053366589461
35.5999999046326,979.926461108342,3500,1.9326,0.402397155761719,0.0256694722920656,0.0901970863342285,0.735197484493256,0.293589197515015,0.406881148468205,0.025955512401666,0.273574141615114,3.55703327553347,2.55329994305905,0.300006733160043
35.7999999523163,1002.52885956312,3500,1.8942,0.439225316047668,0.0251945592463017,0.0896212309598923,0.728006422519684,0.28346248895501,0.42946513581937,0.0246347020840844,0.262437673141535,3.2157459692947,2.55561411830753,0.300265229016389
36,967.833839871433,3500,1.6524,0.453307330608368,0.0238716509193182,0.0987949594855309,0.723762512207031,0.284950757504597,0.434828780372692,0.0239809038488923,0.256239558273819,3.09098299813239,2.56206638469744,0.300985954089795
36.2000000476837,1051.61738382016,3500,1.559,0.405976891517639,0.027508556842804,0.0901679992675781,0.734813928604126,0.292006964821994,0.408320378397028,0.0276673489893004,0.272005307791678,3.52290762728837,2.54434901753491,0.299006905182462
36.4000000953674,992.737234406267,3500,1.5451,0.495156973600388,0.0256969891488552,0.114430390298367,0.691517651081085,0.284356075355762,0.455289560321342,0.0236280038754067,0.23672636044749,2.73893185043456,2.55316589238402,0.299991759555922
36.5999999046326,987.312370974483,3500,2.1055,0.43292224407196,0.0288077387958765,0.0980084016919136,0.707841157913208,0.290483256373047,0.424213612221466,0.0282282444523685,0.257074886953118,3.27261745014705,2.53803602055695,0.298301736651684
36.7999999523163,1004.29297562534,3500,1.9145,0.442727088928223,0.0272845067083836,0.0913080126047134,0.723392963409424,0.283219377611417,0.430563776558943,0.0265349027509226,0.259681943078718,3.1844247793153,2.54543857722388,0.299128610167867
37,1043.34987981415,3500,2.5763,0.454001218080521,0.0267266109585762,0.10796196013689,0.710542261600494,0.290249104221803,0.43316559084968,0.0255000378109733,0.251085267117544,3.08491735886044,2.54815272454045,0.299431783333039
37.2000000476837,922.729952458134,3500,2.4751,0.435835957527161,0.0265698675066233,0.077611543238163,0.729615211486816,0.277257767369046,0.430741409932695,0.0262592886012958,0.265741534096963,3.24624853455437,2.54891555711518,0.299516992549491
37.4000000953674,957.928368358569,3500,2.5261,0.499535173177719,0.0248605348169804,0.103339783847332,0.713903367519379,0.275958814439089,0.458578931690918,0.0229502823982211,0.242511971471772,2.70372034309004,2.55724244139356,0.300447114450869
37.5999999046326,1024.15987182785,3500,2.3981,0.405556321144104,0.0271862577646971,0.0933052599430084,0.730276584625244,0.294366605913518,0.407756716224233,0.027333760108302,0.270542917753948,3.52690629865385,2.54591644270464,0.2991819882544
37.7999999523163,1025.9014359444,3500,1.9639,0.401483207941055,0.0228682905435562,0.0939181298017502,0.743841111660004,0.295355622732689,0.404357509426999,0.0251789801808078,0.275107887659503,3.56577880301224,2.56696594406318,0.301533240123901
38,968.778558620613,3500,2.466,0.398857295513153,0.0262983199208975,0.0905822366476059,0.739425182342529,0.294292388767189,0.403849965536637,0.0266275074148059,0.275230138281368,3.59098040926208,2.55023740447217,0.299664644316455
38.2000000476837,1001.63971778257,3500,2.346,0.414116382598877,0.022957619279623,0.076533816754818,0.748020708560944,0.281605954867244,0.416943689332298,0.0251706831009484,0.27627967269951,3.4460769051122,2.56652953430936,0.301484492686512
38.4000000953674,912.14055283061,3500,2.2919,0.425140470266342,0.0292531475424767,0.0731483772397041,0.749021649360657,0.275360656214944,0.422539382533463,0.0290741713956677,0.273025789855925,3.34370783140482,2.53587362889047,0.298060195184179
38.5999999046326,962.435636491015,3500,2.313,0.41077134013176,0.0267004389315844,0.0723255053162575,0.748837888240814,0.279619157452638,0.415534596724659,0.0270100541100274,0.277836191712676,3.47752330888098,2.54828008893993,0.299446010073012
38.7999999523163,960.518655473144,3500,2.7167,0.408950984477997,0.0269416216760874,0.076195552945137,0.753287076950073,0.28188172819305,0.412535397062623,0.0271777621707955,0.278405112573532,3.49471150999623,2.54710651906591,0.299314921059867
39,970.189364603955,3500,2.5524,0.422849208116531,0.0260617155581713,0.0649740844964981,0.752763867378235,0.27192523890737,0.424794823719389,0.0261816308363695,0.277098306536872,3.36482429257372,2.55138945475373,0.299793329568051
39.2000000476837,995.582469218699,3500,2.4268,0.440119802951813,0.0309706926345825,0.069254532456398,0.752896249294281,0.268388310646764,0.431076716252817,0.0303343416757207,0.270200631424698,3.20772668037374,2.52754449633275,0.297129822147589
39.4000000953674,932.550660357338,3500,1.6394,0.391125112771988,0.0325143001973629,0.0618073754012585,0.754352450370789,0.277031859845397,0.403990221410845,0.0335837789669334,0.285394139776824,3.6658290263754,2.5200714483065,0.296295074670995
39.5999999046326,931.967986100236,3500,1.4438,0.45331397652626,0.0262099839746952,0.0585526525974274,0.764547944068909,0.259302745863734,0.44244772034311,0.0255817121472793,0.272667821645877,3.09092486609224,2.55066748827641,0.299712685138494
39.7999999523163,925.246335433922,3500,1.396,0.470043361186981,0.0316411666572094,0.0669616982340813,0.733201026916504,0.260788058831594,0.450287035281553,0.0303112612652276,0.258613644621626,2.94683231217594,2.52429707528253,0.296767081734629
40,909.564686459286,3500,2.6638,0.497782617807388,0.0280899126082659,0.0699355751276016,0.721074461936951,0.257371580855202,0.466637102823222,0.0263323687271672,0.249658947594409,2.7177783918112,2.54152304493452,0.298691241013195
40.2000000476837,909.023687905348,3500,2.5004,0.441582888364792,0.0303080324083567,0.0700313374400139,0.745505273342133,0.269195590276323,0.432853554121996,0.0297088947331769,0.268241960868504,3.19463736453607,2.53075628002938,0.297488581829944
40.4000000953674,946.693716816027,3500,1.8376,0.420328140258789,0.0289620626717806,0.0706266909837723,0.750568687915802,0.275212767016612,0.420517529464914,0.0289751122431316,0.275294591275343,3.38815571980667,2.53728668932661,0.298218035549877
40.5999999046326,983.090727124087,3500,1.784,0.435322910547256,0.0312536619603634,0.0793785899877548,0.73491770029068,0.276667693477482,0.427219755357904,0.030671902381521,0.265440648783094,3.25088172282257,2.52617366866301,0.296976699227177
40.7999999523163,997.136346220508,3500,1.7739,0.44294461607933,0.0273131597787142,0.105291090905666,0.711869955062866,0.291643681582977,0.427575082016561,0.0263654328522724,0.25441580354819,3.18248560604004,2.54529922284917,0.299113044134806
41,1084.64591635302,3500,1.7729,0.421861499547958,0.0233932714909315,0.12526647746563,0.721950590610504,0.308108865781503,0.409115692770071,0.0242446687602718,0.258530772688154,3.37395300563948,2.56440175542296,0.301246817503652
41.2000000476837,960.73888800571,3500,1.7775,0.370097190141678,0.0279848780483007,0.0763953179121017,0.757289111614227,0.292806466470073,0.387594301701577,0.029307921146828,0.290291310681522,3.87422039893928,2.54203349325694,0.298748258638075
41.4000000953674,1000.49907597371,3500,2.0096,0.386556953191757,0.0287143774330616,0.0688424855470657,0.771077692508698,0.282077149559659,0.398392485964837,0.0295935491886373,0.289936815286867,3.71049897341904,2.53848940151311,0.29835237979057
41.5999999046326,971.982189963845,3500,2.264,0.394440621137619,0.0263314582407475,0.0738978683948517,0.759266316890717,0.284411518093063,0.404060364307633,0.026973638209021,0.284554479390283,3.63361729062554,2.55007607302897,0.299646623421283
41.7999999523163,912.735507175264,3500,2.2537,0.416102588176727,0.0283992290496826,0.0600464157760143,0.759037852287292,0.269790579167926,0.420709620531978,0.0287136615257443,0.280786138774351,3.42748950027133,2.54002014527813,0.298523365510275
42,898.45731293879,3500,1.7872,0.436627864837646,0.0278072021901608,0.057547677308321,0.759595692157745,0.262993382688914,0.433506202722142,0.0276083951588059,0.275892019430138,3.23910530141911,2.54289709028331,0.298844723351806
42.2000000476837,850.863068571022,3500,2.052,0.461327731609344,0.0284373164176941,0.0552251078188419,0.75628924369812,0.255480802745669,0.448009569585055,0.027616353874936,0.26889327379434,3.02134250186508,2.53983512032413,0.298502698024543
42.4000000953674,771.264517109045,3500,1.5278,0.4997299015522,0.0307057481259108,0.0532061457633972,0.737191081047058,0.245980930039913,0.470071330245079,0.0288833864511297,0.255064353263878,2.70216137120777,2.52882836679038,0.297273231854178
42.5999999046326,829.030326532252,3500,2.421,0.517577528953552,0.027454299852252,0.0610690452158451,0.729782521724701,0.247442442906161,0.478529325182659,0.0253830331626308,0.248645198748549,2.56185152456449,2.54461284718968,0.299036375237759
42.7999999523163,839.489700520251,3500,2.9375,0.486719131469727,0.0322245806455612,0.053763248026371,0.747313499450684,0.248262736107888,0.461313186343832,0.030542510074154,0.259881567474126,2.80765799999353,2.52147315576665,0.296451646897103
43,857.26218848807,3500,3.0707,0.474063456058502,0.0264947675168514,0.0604861825704575,0.741025507450104,0.256891958688543,0.455810480595474,0.0254746333234154,0.261822927392568,2.91287398602502,2.54928109418017,0.299557823431553
43.2000000476837,885.658601341676,3500,2.4405,0.530929863452911,0.0236876700073481,0.0658270940184593,0.723390400409698,0.247964075717326,0.485181109548714,0.0228458193325824,0.244008995401378,2.46021434400244,2.5629644142392,0.301086264952412
43.4000000953674,939.514851197103,3500,2.3869,0.438777238130569,0.0294027123600245,0.0633609518408775,0.755518794059753,0.265634358549583,0.432609468208017,0.0289894065884938,0.272766766653906,3.21976790752281,2.53514773693519,0.297979112274526
43.5999999046326,932.689589254712,3500,2.2189,0.434256702661514,0.0308201517909765,0.0675507411360741,0.757949113845825,0.268619676589281,0.427775406175648,0.0303601599468151,0.273244757288255,3.26052382786738,2.52827394543616,0.297211302394502
43.7999999523163,1001.3416024904,3500,1.854,0.464717388153076,0.0234176386147738,0.1087955981493,0.724254488945007,0.287102068670355,0.437647036456338,0.0235437196677575,0.251707175205549,2.99221979636532,2.56428277142186,0.301233526863162
44,979.910146434701,3500,1.9531,0.421624839305878,0.0272385273128748,0.0873003751039505,0.729921460151672,0.286394797999196,0.419137635815767,0.0270778447489405,0.267389721436097,3.37614261206361,2.54566220686106,0.299153589838099
44.2000000476837,961.137420834264,3500,1.53,0.486936897039413,0.0240837559103966,0.0992887392640114,0.711181402206421,0.277277045302146,0.453920307044245,0.0233048835385083,0.245497764115101,2.80586998095636,2.5610312886949,0.300870332756556
44.4000000953674,919.017923661662,3500,1.5707,0.486594051122665,0.0242570620030165,0.0828393772244453,0.713182151317596,0.268463060834095,0.458980234732915,0.0235812703460904,0.248975434086899,2.80868534674109,2.56018570262746,0.300775879886247
44.5999999046326,897.024792009922,3500,1.5147,0.508025050163269,0.0275471322238445,0.0786665752530098,0.713583648204803,0.260275719952544,0.469955285734399,0.0254828386735252,0.244286155639531,2.63631481013483,2.54416145011517,0.298985953700581
44.7999999523163,972.069078049846,3500,1.4859,0.481485933065414,0.022982370108366,0.100768566131592,0.723567485809326,0.278503852205367,0.449082116387735,0.0233175096896716,0.249096521717227,2.85085470087235,2.56640862279767,0.301470986741024
45,923.857360463655,3500,1.4179,0.445535063743591,0.023387748748064,0.0845770537853241,0.73341977596283,0.27857909261064,0.434020035438902,0.0243538652037881,0.26304700674667,3.15945092430259,2.56442872323844,0.301249829837553
45.2000000476837,946.210264035577,3500,1.5837,0.473074376583099,0.0231669303029776,0.0785900875926018,0.728958249092102,0.268400377279873,0.451380092573877,0.0238535479259142,0.256365982220336,2.92120490090632,2.56550711513427,0.301370287368491
45.4000000953674,924.890368518663,3500,1.6997,0.451280951499939,0.0277225133031607,0.074462965130806,0.736141681671143,0.27052610797273,0.439020392939891,0.0269693383759775,0.263484160711401,3.1087407534945,2.54330877784381,0.298890709293695
45.5999999046326,892.225049803676,3500,1.6135,0.490362286567688,0.0231630597263575,0.0642153173685074,0.743435084819794,0.255165665608733,0.463269910329815,0.0236187571424229,0.257945666919029,2.77784479162012,2.56552601970793,0.301372399029637
45.7999999523163,829.454998698374,3500,1.8184,0.586352944374084,0.0294661577790976,0.0687163397669792,0.698749363422394,0.238110172448693,0.510296933896397,0.0256440939073513,0.225948799747559,2.06883109302391,2.53483984724017,0.297944720665495
46,901.795634562464,3500,1.643,0.50798636674881,0.028997004032135,0.0738720148801804,0.722325921058655,0.256746354419512,0.469791683373837,0.0268167656235364,0.246645196583115,2.63661932244029,2.53711704544642,0.29819908614658
46.2000000476837,963.007030438591,3500,1.4424,0.530962288379669,0.023327823728323,0.104715310037136,0.697638511657715,0.270095225357458,0.475375753582686,0.0223827456293263,0.23214627543053,2.45997099937629,2.56472134975813,0.301282516533536
46.4000000953674,961.94522617882,3500,1.4022,0.446285367012024,0.0258645415306091,0.080531470477581,0.728586316108704,0.276310110174381,0.436021273475339,0.0252696843088027,0.262398932041477,3.15279915828007,2.55234972861843,0.299900593188274
46.5999999046326,935.196600238822,3500,1.3923,0.473772913217545,0.0257457289844751,0.0678703263401985,0.733883082866669,0.261781109718103,0.454405068794842,0.0246932431635067,0.259120578323547,2.9153195749084,2.55292846147998,0.299965238269385
46.7999999523163,905.010003703955,3500,1.3641,0.487260818481445,0.0233189612627029,0.068970762193203,0.737523317337036,0.258955176450739,0.460847348903218,0.023644798197578,0.256552676448466,2.80321174611454,2.56476462857241,0.301287350823491
47,841.11630061188,3500,1.5557,0.526526927947998,0.0255338791757822,0.0718420445919037,0.709638774394989,0.253015140867118,0.482614228840237,0.0234043365184487,0.240966293774196,2.49341399966688,2.5539605515855,0.300080523840703
47.2000000476837,889.44182698344,3500,1.5689,0.484364211559296,0.0265174303203821,0.0626036524772644,0.737170040607452,0.255818998534346,0.460920195800137,0.0252339435567294,0.258026862108787,2.82704213056693,2.54917078367508,0.299545501629867
47.4000000953674,911.125296863202,3500,1.873,0.543775022029877,0.0245476588606834,0.0645174607634544,0.72047221660614,0.244583569589704,0.49199709681012,0.0226195152810406,0.240799818319135,2.36512984419072,2.55876817458543,0.300617540484182
47.5999999046326,929.438260019386,3500,1.7308,0.56833690404892,0.0260154958814383,0.0759999230504036,0.696667492389679,0.246575935594917,0.501783994437124,0.0229690511871582,0.228671018780801,2.19066422724857,2.5516145356577,0.29981847134634
47.7999999523163,932.254223726762,3500,1.7063,0.476560890674591,0.0263198744505644,0.0790448859333992,0.735467970371246,0.266927002112082,0.451641067585917,0.0249435831353124,0.256488347166689,2.89190800937102,2.55013246722491,0.299652922713431
48,942.172745061556,3500,1.9696,0.464935094118118,0.0253423154354095,0.0640288442373276,0.743289768695831,0.261266658719837,0.449992273297166,0.0245278239428762,0.264213244040121,2.9903556280511,2.55489400520202,0.300184791610451
48.2000000476837,906.513130912982,3500,1.8358,0.482789129018784,0.0256544258445501,0.0625087395310402,0.739101886749268,0.256219744474118,0.460267794243083,0.0244576882251722,0.259054773057626,2.84005668048919,2.55337324469078,0.300014921030896
48.4000000953674,920.537721725353,3500,2.0697,0.528879225254059,0.022244818508625,0.0903526097536087,0.72132396697998,0.261512182007814,0.47614542821342,0.0225072854764097,0.239835104302356,2.47563827517773,2.57001298733308,0.301873598123968
48.5999999046326,978.352462216825,3500,2.135,0.460580289363861,0.0273004621267319,0.0918162688612938,0.710272371768951,0.279707002530547,0.441770093096975,0.0261855054891176,0.252337398883361,3.02778899378221,2.54536097744717,0.299119942189611
48.7999999523163,899.678391158424,3500,1.546,0.507530272006989,0.0265786685049534,0.0664375647902489,0.720719933509827,0.25353006445071,0.473377849045315,0.0247901526693368,0.248301933834638,2.64021146391609,2.54887272152397,0.299512207768028
49,876.715801601416,3500,1.438,0.564928770065308,0.0250422898679972,0.0662846714258194,0.710508286952972,0.241550375624931,0.502236769169023,0.0222632647199807,0.233949590486064,2.21429580093509,2.5563563413646,0.300348136127621
49.2000000476837,905.948748568273,3500,1.4505,0.557685732841492,0.0263331644237041,0.0792428329586983,0.707404911518097,0.249820012021774,0.494380427634758,0.0233439737151523,0.232455586628316,2.26513528745575,2.55006776675289,0.299645695601339
49.4000000953674,895.60662115385,3500,1.4273,0.545243918895721,0.0227979179471731,0.0753118842840195,0.703878343105316,0.251085975857583,0.491144060924909,0.0225194653211181,0.235250497896391,2.35442474641057,2.56730977292095,0.301571646175942
49.5999999046326,879.846431714818,3500,1.4323,0.543072104454041,0.0262337625026703,0.0649695843458176,0.714627385139465,0.24509556396395,0.491748171596865,0.0237544971266081,0.239401767312577,2.37026481382447,2.55055171322426,0.299699752941044
49.7999999523163,889.450323596998,3500,1.4567,0.532123386859894,0.0289524085819721,0.0567246116697788,0.728966355323792,0.241537993186178,0.486396787525151,0.0264644608245619,0.245600758464109,2.45126820098765,2.53733356199688,0.2982232712774
50,892.727070572539,3500,2.2968,0.576283693313599,0.0242407470941544,0.0653275027871132,0.715452313423157,0.238333581460612,0.506901615977096,0.0219901075572016,0.23277469500509,2.13628406841572,2.56026529907844,0.300784770895159
50.2000000476837,866.021988448526,3500,1.8876,0.571058392524719,0.0257947128266096,0.0762444883584976,0.696893334388733,0.246144722287171,0.502961523248117,0.0227187766169774,0.228174977847735,2.17192722098782,2.55268985389147,0.29993858554593
50.4000000953674,925.49501189742,3500,1.7677,0.541413247585297,0.0265012495219707,0.0719286277890205,0.706755697727203,0.249631973244777,0.489503578210656,0.02396036027178,0.236904088272787,2.38241447592212,2.54924954295571,0.299554299125954
50.5999999046326,912.812313935684,3500,1.6407,0.549025535583496,0.0278774779289961,0.0678270161151886,0.707382082939148,0.245413218524331,0.49371791616334,0.0250691623958177,0.235799702916511,2.32702374044602,2.54255549479422,0.298806566769442
50.7999999523163,911.769367702031,3500,1.5609,0.55794370174408,0.0263805333524942,0.0656899958848953,0.709859132766724,0.242497367189987,0.498823102034624,0.0235852101907138,0.235094320584675,2.26331016662182,2.54983716458743,0.299619937092223
51,824.996492521916,3500,1.5966,0.583508610725403,0.0286380685865879,0.0620727576315403,0.695587575435638,0.235610425330545,0.512191252852638,0.0251378779319283,0.227060443884888,2.08772061871907,2.53886000449799,0.298393776541314
51.2000000476837,880.489332549235,3500,1.8668,0.602035522460938,0.0278186779469252,0.0687242746353149,0.692004799842834,0.235650869736405,0.518522061332293,0.0239597128315875,0.221867356099715,1.96700580306351,2.54284130737216,0.298838492340825
51.4000000953674,902.503131239485,3500,1.4143,0.544664978981018,0.0281638838350773,0.076117992401123,0.701073884963989,0.251115723817608,0.489576348931341,0.025315325845806,0.233992601405245,2.35863985093085,2.5411635917063,0.298651089702223
51.5999999046326,888.976426977887,3500,1.3717,0.572572946548462,0.0273176115006208,0.0660238564014435,0.689119219779968,0.240663600544247,0.507543916741078,0.0242150587459911,0.227577423968684,2.16155108817811,2.54527757224214,0.299110625738789
51.7999999523163,841.145813980786,3500,1.3496,0.570052444934845,0.0317422561347485,0.0552170798182487,0.711877048015594,0.233129205654211,0.505174349209932,0.0281296461892367,0.23356679894662,2.17883920085204,2.52380764638757,0.296712412002332
52,900.380758150817,3500,2.5084,0.58704799413681,0.0232173223048449,0.0739253014326096,0.708232760429382,0.2409882499114,0.509510857379009,0.0216980069120323,0.227802885797558,2.06423487317146,2.56526099861329,0.30134279588923
52.2000000476837,935.126672119276,3500,1.9668,0.512315332889557,0.0239116903394461,0.0726962760090828,0.725723028182983,0.255795559151024,0.473605063586883,0.0231110135292877,0.247488363732806,2.60269067627699,2.56187097063999,0.300964126130069
52.4000000953674,924.13972594126,3500,1.9114,0.493830323219299,0.0256462153047323,0.0627126470208168,0.739501655101776,0.253636091073579,0.465770931684319,0.0241889998143293,0.256403977427773,2.74966193353823,2.55341324437498,0.300019389038505
52.5999999046326,888.173349423805,3500,1.7516,0.504752278327942,0.0281341746449471,0.0632478967308998,0.732874929904938,0.251224520367533,0.470814864100967,0.0262425514074601,0.25171806412404,2.66216244657091,2.54130795623265,0.298667215374593
52.7999999523163,889.970901347452,3500,1.57,0.493825286626816,0.0294253639876842,0.0722452774643898,0.723458826541901,0.259085929808079,0.462972947640935,0.0275869783701065,0.250354144180879,2.7497027236674,2.5350378101761,0.297966833337679
53,964.553914416031,3500,1.4943,0.524794518947601,0.0232789274305105,0.11403926461935,0.688516914844513,0.277011176826787,0.470541034269503,0.0224154891715097,0.2300322997322,2.50656199377793,2.56496013400323,0.301309188989721
53.2000000476837,928.931195715492,3500,2.1165,0.511246919631958,0.0266614072024822,0.0702856481075287,0.706066846847534,0.25575589976442,0.475777167338835,0.0248116679220208,0.243655264974725,2.611036588554,2.54847004057263,0.299467227874038
53.4000000953674,896.436398501514,3500,2.367,0.562934160232544,0.0258039571344852,0.063109815120697,0.710171699523926,0.240162342005944,0.502164572383737,0.023018381216898,0.234654704393421,2.22821238633305,2.55264482483707,0.299933555752277
53.5999999046326,907.349322936383,3500,2.3361,0.554222524166107,0.027492705732584,0.06946811825037,0.710648536682129,0.245006144310179,0.495241746438928,0.0245669113174759,0.235185197933418,2.2897404636867,2.54442609350833,0.299015514651327
53.7999999523163,871.524563400042,3500,1.4587,0.536735832691193,0.0267999023199081,0.0672204792499542,0.709207057952881,0.247951741470624,0.488505745349325,0.0243917127582726,0.239150800421778,2.41690950969858,2.54779607531135,0.299391945231776
54,895.178354164996,3500,2.2941,0.53743052482605,0.0246754437685013,0.0672814399003983,0.713906705379486,0.247915540747564,0.488981254993938,0.0227462542787371,0.240356949979761,2.41176415490163,2.55814497497042,0.300547928419036
54.2000000476837,879.885905907045,3500,1.4589,0.56947922706604,0.0244579017162323,0.072603851556778,0.700535535812378,0.244531178309862,0.503397754756284,0.022099039386818,0.229972027547037,2.18278508742123,2.55920596380974,0.300666442009903
54.4000000953674,906.674529353468,3500,1.3687,0.504125118255615,0.0216396190226078,0.0740911811590195,0.730162799358368,0.258178566043631,0.468532973720784,0.0232349548135001,0.250053505422085,2.66713518676006,2.57297258766557,0.302204188654177
54.5999999046326,916.841073820219,3500,1.3331,0.46390575170517,0.0242685526609421,0.0687614679336548,0.744015574455261,0.26419061804267,0.447895992077301,0.0241372299454673,0.263776159934561,2.99917634443839,2.56012964331593,0.300769618001047
54.7999999523163,970.151601502615,3500,1.3698,0.434525281190872,0.0177923105657101,0.0944524332880974,0.736426949501038,0.286754581232988,0.424288778115321,0.024411052502659,0.264545588149032,3.2580932608981,2.59182986295962,0.304310566521928
55,900.332771926055,3500,1.322,0.443806856870651,0.0280279386788607,0.0626136139035225,0.754101872444153,0.264369719418856,0.436429463636008,0.0275620307687206,0.271638786176415,3.17480649971283,2.54182421997216,0.298724882587797
55.2000000476837,893.959254920762,3500,1.3793,0.499806255102158,0.0256910026073456,0.0632071122527122,0.744562149047852,0.252115478300628,0.467910022076651,0.0240514748954419,0.255923024727279,2.70155025947942,2.5531950560007,0.299995017163172
55.4000000953674,928.104938671145,3500,1.409,0.544728875160217,0.0256487168371677,0.0811241567134857,0.700196266174316,0.254353466600107,0.489110499327349,0.0230299095043256,0.233506124568218,2.35817437690305,2.55340105750264,0.3000180277518
55.5999999046326,949.534896575815,3500,1.5426,0.509617388248444,0.0259537417441607,0.081854559481144,0.699417650699615,0.26300523722199,0.472198936604594,0.024048098701311,0.240747727472105,2.62380084726622,2.5519152830555,0.299852065153114
55.7999999523163,949.046185370251,3500,1.3958,0.481965959072113,0.0250130109488964,0.0729052871465683,0.727865636348724,0.263129504776629,0.458053380852038,0.0237719988616805,0.255045115509653,2.84687414048061,2.55649907204734,0.300364079297909
56,909.79205308083,3500,2.395,0.485981643199921,0.0318780988454819,0.0605174340307713,0.734759271144867,0.25315570447877,0.460431767829528,0.0302021477803671,0.256210379911335,2.81371896901963,2.5231500387376,0.29663895652279
56.2000000476837,896.883338739656,3500,1.5806,0.502787709236145,0.028954803943634,0.061112679541111,0.729928314685822,0.250534136620509,0.470603644752027,0.0271013710531152,0.251760847574349,2.67776049669312,2.53732193196037,0.298221972189852
56.4000000953674,914.243014968968,3500,1.3572,0.493201673030853,0.0230171550065279,0.0718195587396622,0.738844335079193,0.258960436617068,0.462720328008728,0.0234549248974152,0.254864310476789,2.75475635374981,2.56623869852885,0.301452006018016
56.5999999046326,993.757916360217,3500,1.3916,0.430749773979187,0.0226489249616861,0.0875638723373413,0.72745269536972,0.284800926265415,0.425522063932752,0.0246965924091995,0.264980417392634,3.29236655859797,2.56803780969637,0.301652968664305
56.7999999523163,978.776656943297,3500,1.2942,0.423569560050964,0.0202529970556498,0.0863823741674423,0.749550521373749,0.284304080833103,0.419038509920971,0.0247325675309713,0.271924841714955,3.35817641679871,2.57976047444609,0.302962402885042
57,1042.28915164578,3500,1.3891,0.423563271760941,0.0176829118281603,0.101980924606323,0.736984074115753,0.293901156480398,0.415582583743644,0.024528955379906,0.265987304396052,3.35823441330361,2.59236715428601,0.30437058253913
57.2000000476837,991.869718550659,3500,1.4515,0.436174631118774,0.0181045234203339,0.0927668288350105,0.739470779895782,0.28512340754923,0.42538101678118,0.0243813478841084,0.265114227785481,3.2431923727524,2.59029681731902,0.304139323680253
57.4000000953674,982.773912290634,3500,1.3511,0.457088619470596,0.0158702991902828,0.098962128162384,0.731858432292938,0.283352485392891,0.435805363289012,0.0238359338170444,0.257006217501053,3.05802213686674,2.60127817003956,0.305365952552548
57.5999999046326,1013.43950993122,3500,1.3553,0.465939044952393,0.0156219014897943,0.101047337055206,0.72565096616745,0.282582219015364,0.440624607098508,0.023641751634247,0.253151422251881,2.9817688296509,2.60250060206642,0.305502499520552
57.7999999523163,976.888305520504,3500,1.6672,0.463209182024002,0.017426360398531,0.104986228048801,0.722678661346436,0.285635987950154,0.438270686625256,0.0236540370761987,0.252439288348392,3.00515505810673,2.59362739309919,0.3045113525657
58,1009.42815726552,3500,1.9936,0.46231609582901,0.0168711189180613,0.104817003011703,0.717786312103271,0.286186091246244,0.438459824812599,0.0237099588770734,0.251644125064084,3.01283184643647,2.59635599204356,0.304816139993193
58.2000000476837,970.339486191728,3500,1.7081,0.469485014677048,0.0177639089524746,0.112646497786045,0.70675790309906,0.289243725095702,0.441089169858879,0.0234879259225291,0.24617917912289,2.9515691972177,2.59196934639081,0.304326146970736
58.4000000953674,963.352082219942,3500,1.5181,0.50563782453537,0.0204448644071817,0.110564738512039,0.691832005977631,0.279817875421862,0.462011078300437,0.022842984438762,0.235328061838938,2.65515168424097,2.57882065916566,0.302857424510616
58.5999999046326,918.841533328365,3500,1.6287,0.519631564617157,0.0311323311179876,0.0744787752628326,0.703993022441864,0.255118669834674,0.476702044199072,0.0285603240741567,0.239618961892097,2.54603066969729,2.52676139951216,0.297042349393149
58.7999999523163,881.775845799489,3500,1.6705,0.562312662601471,0.0288092531263828,0.0745741724967957,0.693174958229065,0.246768476462364,0.498839232417365,0.0255572863139803,0.228835004806291,2.23256164255211,2.53802866703234,0.298300915255101
59,887.445138484652,3500,1.9103,0.526439905166626,0.0272559374570847,0.0745789036154747,0.709844827651978,0.254079513048553,0.480845712815742,0.0248953404679019,0.240179433667803,2.49407330734875,2.54557752803124,0.299144131122021
59.2000000476837,977.258043886628,3500,1.5229,0.512456774711609,0.0244891010224819,0.0790253356099129,0.719223260879517,0.259608474196244,0.472369812187053,0.0230443734719326,0.244977340144771,2.60158717219686,2.55905378505981,0.300649443480381
59.4000000953674,910.997387374339,3500,1.4594,0.539979040622711,0.0232791118323803,0.103524178266525,0.685352027416229,0.268206431833414,0.481550793604794,0.0222948835685114,0.22794789099328,2.39295426453121,2.56495923345736,0.301309088397781
59.5999999046326,959.282555968833,3500,1.4779,0.507308602333069,0.0289071910083294,0.0914245173335075,0.68709272146225,0.268822822037573,0.468145975598786,0.026675646882743,0.236355555480898,2.64195850667995,2.53755310918833,0.298247794934068
59.7999999523163,961.337185432689,3500,1.3592,0.518179714679718,0.0280653890222311,0.0917335376143456,0.690142512321472,0.266296586608115,0.473292633405744,0.0256342375079244,0.234776542478216,2.55720629876894,2.54164222004127,0.298704553000389
60,873.715891037597,3500,1.9861,0.496718674898148,0.0254803523421288,0.0795553997159004,0.705214738845825,0.264635769157947,0.466045140056984,0.0239068812510898,0.245412209533979,2.72633673757021,2.55422135917805,0.300109656328411
60.2000000476837,939.992368417166,3500,1.8157,0.501306116580963,0.0282922144979239,0.0724626183509827,0.712536990642548,0.258459614515987,0.468562819937467,0.0264442809871079,0.246533284559439,2.68956471487648,2.54054005101337,0.298581439538307
60.4000000953674,905.851186110956,3500,2.0346,0.501064896583557,0.0274883396923542,0.0728228688240051,0.7203409075737,0.258341443694869,0.467648010764256,0.025655094707274,0.248355450833601,2.69148989936941,2.54444732358583,0.299017886073746
60.5999999046326,1005.64050012042,3500,2.4405,0.526769876480103,0.0220216475427151,0.114780060946941,0.692833423614502,0.276574993148615,0.470688158509908,0.0223384147198709,0.230398433621607,2.49157399845326,2.57110414468766,0.301995481570335
60.7999999523163,984.265437700306,3500,2.2328,0.454288691282272,0.0267757810652256,0.0754348337650299,0.723040759563446,0.271557129504127,0.442424688116184,0.0260765165723419,0.259941665807347,3.08240665969932,2.547913450803,0.299405056200035
61,997.041075677519,3500,2.2569,0.430863618850708,0.0169488992542028,0.1010747179389,0.739049911499023,0.291147084639024,0.419774489762885,0.0243565754566722,0.264721850141419,3.2913297627817,2.59597366669381,0.304773433841724
61.2000000476837,1019.78493032793,3500,2.3803,0.466443717479706,0.0176294110715389,0.0999860465526581,0.701398849487305,0.283839034089403,0.444294529496513,0.0238128692083758,0.248053567205709,2.97745845293501,2.59262993497913,0.304399935424287
61.4000000953674,981.233106996386,3500,2.2441,0.55033141374588,0.0187147911638021,0.099160335958004,0.678678274154663,0.264006351107252,0.488627547544949,0.0221969678333943,0.225169133514404,2.31761469971023,2.58730165270175,0.303804760581305
61.5999999046326,951.987888457963,3500,2.3106,0.484783381223679,0.0169502180069685,0.0879830196499825,0.726353943347931,0.270676486924092,0.454633744540242,0.0234452005859125,0.251244567949754,2.82358531410644,2.59596718469137,0.304772709795101
61.7999999523163,1041.30853847509,3500,2.2364,0.456575721502304,0.0171730630099773,0.119666799902916,0.73388409614563,0.294193669738081,0.428676972209522,0.0234723919834707,0.253656966068926,3.06247957168593,2.59487197018298,0.304650373160304
62,965.073161448026,3500,2.6409,0.471914142370224,0.0286594312638044,0.0938068851828575,0.709211647510529,0.27748943102144,0.446674175612457,0.0271266035151767,0.248709789850926,2.93099738422861,2.53875625118189,0.29838218718467
62.2000000476837,1044.07347127196,3500,2.211,0.473202168941498,0.0242126453667879,0.107906952500343,0.702437460422516,0.286113428154288,0.445115040436244,0.0235161137063212,0.245255417703147,2.92012763846354,2.56040240365521,0.300800085623377
62.4000000953674,1085.12045531778,3500,2.2428,0.456352323293686,0.0178413167595863,0.156231716275215,0.688161492347717,0.316636960404359,0.422680922860341,0.0231554054447272,0.237526711290573,3.06442237110538,2.59158919766136,0.304283683950088
62.5999999046326,1071.81555222496,3500,2.1225,0.388418585062027,0.0174759086221457,0.12513367831707,0.732304096221924,0.317377635108451,0.388141419866326,0.0249821606633693,0.269498784361854,3.69225461678027,2.5933839753447,0.304484162541548
62.7999999523163,1023.45690968881,3500,1.4601,0.450617611408234,0.0185622554272413,0.120513051748276,0.68578428030014,0.300377152575699,0.431067379829235,0.0239153646526429,0.244640102942424,3.11456807115836,2.58805011618016,0.303888364754291
63,1009.47157543042,3500,1.3583,0.459312111139297,0.0166872777044773,0.116901256144047,0.707038104534149,0.294233226850761,0.4342939471893,0.0236382808474209,0.247834545112518,3.03874714528515,2.59725977457058,0.304917093470431
63.2000000476837,1098.02843812975,3500,1.9653,0.436987519264221,0.0152550395578146,0.116703286767006,0.723544001579285,0.299043129343613,0.420148277378317,0.024036629128776,0.256771964149293,3.23586442771405,2.6043065927907,0.305704230620707
63.4000000953674,979.807638133478,3500,2.1907,0.440810322761536,0.0188450198620558,0.0873397216200829,0.733668982982635,0.28136216179642,0.43046369711387,0.0244132042108923,0.263760936878818,3.20154476104046,2.58666273762372,0.303733393082091
63.5999999046326,899.33797951153,3500,2.1605,0.46847802400589,0.0272708535194397,0.0727157965302467,0.744802236557007,0.264572367497536,0.447915191709699,0.0260738582309538,0.261438582561812,2.96012488771747,2.545504981032,0.299136027544427
63.7999999523163,956.43309407864,3500,2.4137,0.433544486761093,0.0229762140661478,0.0692831873893738,0.749173820018768,0.272044752641281,0.43038651754123,0.0248178982021283,0.272750831615361,3.26697478783003,2.56643869570129,0.301474345916601
64,864.211208550883,3500,2.7535,0.497394442558289,0.0253383461385965,0.0642213150858879,0.755207479000092,0.252567554623485,0.465120799516514,0.023694257124775,0.258617388735226,2.72089877097035,2.55491334876962,0.30018695230769
64.2000000476837,1008.24675883202,3500,2.2824,0.461991459131241,0.0211043618619442,0.110496617853642,0.713758945465088,0.289591864389126,0.436951307004215,0.0236449883633069,0.249811840243352,3.01562552038185,2.57559167591428,0.302496743619554
64.4000000953674,999.170575052978,3500,2.2495,0.483802109956741,0.0234932899475098,0.11787174642086,0.687024712562561,0.289678331357307,0.449275517401781,0.023215872159071,0.237830279081841,2.8316820934809,2.56391338694385,0.301192266220941
64.5999999046326,953.988070730205,3500,2.0464,0.472050428390503,0.0258185807615519,0.0728883668780327,0.714649200439453,0.266431024905536,0.454280477311205,0.0248466614718396,0.25444183631142,2.92984600130121,2.55257359397359,0.299925599188458
64.7999999523163,946.138152853059,3500,2.2168,0.583283126354218,0.0186618193984032,0.127898052334785,0.667147994041443,0.271400217417668,0.495067954933252,0.0212190243710482,0.212312803278032,2.08922362224892,2.58756156176613,0.303833792702452
65,850.315033243692,3500,2.2864,0.576915085315704,0.0243051517754793,0.0764570832252502,0.68467390537262,0.245952411946209,0.50742175674057,0.0219885807138712,0.22463725059935,2.13200676026734,2.55995109212968,0.300749673642112
65.2000000476837,868.229920345065,3500,2.0995,0.598144888877869,0.0215746648609638,0.0766965448856354,0.692869961261749,0.24105467822947,0.51527382151924,0.0215363297045764,0.222135170546714,1.99190024267984,2.57329034110484,0.302239682054015
65.4000000953674,969.282796452467,3500,2.8036,0.56133896112442,0.0215720124542713,0.100289016962051,0.693348526954651,0.261013072859376,0.491295479301325,0.0218805175360182,0.22581093030328,2.23938805621922,2.57330331703196,0.302241131478987
65.5999999046326,958.613924478482,3500,2.1108,0.498776584863663,0.0232231952250004,0.0728771835565567,0.719239771366119,0.259608114464171,0.467723171555435,0.0234435208943942,0.249225193086,2.70979929504746,2.56523231586614,0.301339591995622
65.7999999523163,954.915610900241,3500,2.2371,0.525143921375275,0.0196206234395504,0.0983392149209976,0.709352731704712,0.267384698109323,0.473250009372997,0.0225295385755216,0.236835753942158,2.50390636325481,2.58285930496264,0.303308545576082
66,952.955244846949,3500,2.3603,0.544995427131653,0.0233169421553612,0.109430946409702,0.674135208129883,0.270803715882098,0.483326739970579,0.0221711374035907,0.223698406743732,2.35623329064886,2.56477448870189,0.301288452210525
66.2000000476837,843.847124157017,3500,1.5248,0.547057032585144,0.024545818567276,0.0706044360995293,0.695174932479858,0.248780133693522,0.494769328764683,0.0226105003360722,0.233840037205723,2.3412586538446,2.55877715018646,0.30061854306844
66.4000000953674,922.172959671271,3500,1.4609,0.60540783405304,0.022863358259201,0.104911923408508,0.661163151264191,0.255661822655073,0.51280192004948,0.0211758871955956,0.210360370099851,1.94562381941371,2.56699004158122,0.301535931842501
66.5999999046326,937.255000949541,3500,1.405,0.525457620620728,0.0288155153393745,0.0859925225377083,0.686188101768494,0.261641624673036,0.478906154166601,0.02626268435351,0.233189536806854,2.50152375861553,2.53799825811381,0.2982975185463
66.7999999523163,885.443007269492,3500,1.4551,0.529425859451294,0.0271782632917166,0.0694759786128998,0.709724545478821,0.250697693148487,0.484062986002704,0.024849544177897,0.240389776670912,2.47152017402523,2.5459553285303,0.299186331842817
67,915.61189583246,3500,1.4171,0.517694354057312,0.0228668693453074,0.0834009423851967,0.708470106124878,0.261447162068235,0.474823438050253,0.0229297187775437,0.240799681103968,2.56094988886555,2.5669728875576,0.301534015719672
67.2000000476837,884.567250723309,3500,1.4327,0.52730667591095,0.0243229642510414,0.0741254016757011,0.711946904659271,0.254014481838407,0.482127227397824,0.0228580088885146,0.241000281875254,2.48751182910685,2.55986419521969,0.300739967164102
67.4000000953674,912.257067442673,3500,1.3989,0.516555070877075,0.0220514908432961,0.0972101017832756,0.69746321439743,0.269760210421417,0.471043801132406,0.0227973660355616,0.236398622410615,2.56975199595736,2.57095821640455,0.301979181224658
67.5999999046326,944.117922080476,3500,1.3912,0.471995979547501,0.0210991203784943,0.0952067598700523,0.711621105670929,0.278988445321806,0.447498317819613,0.0237024433051647,0.249810793553416,2.93030596491203,2.57561733030939,0.302499609242994
67.7999999523163,919.014410503781,3500,1.3938,0.505624294281006,0.0183571577072144,0.0929493084549904,0.707235515117645,0.269512298733101,0.465886329101238,0.0230352029348058,0.241566169230855,2.65525870724123,2.58905667456165,0.304000798404663
68,884.559994417766,3500,2.3865,0.502281606197357,0.0214943625032902,0.0849749967455864,0.711205780506134,0.26583170267967,0.466404019079409,0.0232142693125093,0.244550008928412,2.68178879623586,2.57368320653211,0.302283565543443
68.2000000476837,931.921964020771,3500,2.0943,0.508725345134735,0.0268225576728582,0.0829406157135963,0.710823178291321,0.262756522706457,0.469525359957982,0.0247557373871495,0.242962379948411,2.63080629210388,2.54768583563599,0.299379631341847
68.4000000953674,866.955093510155,3500,1.5223,0.535348117351532,0.0261983871459961,0.0715822950005531,0.704595386981964,0.25104150419128,0.487229652701738,0.0238436087785989,0.237885234328383,2.42721097639013,2.55072395299265,0.299718992307835
68.5999999046326,904.266106613594,3500,2.3529,0.589704990386963,0.0232300143688917,0.0815170258283615,0.678939163684845,0.246172448337765,0.511910015307515,0.0217019536739719,0.220215582680748,2.0467359593069,2.56519901207449,0.301335871926388
68.7999999523163,893.8837040923,3500,2.3031,0.617553949356079,0.0278227031230927,0.0851055085659027,0.663545370101929,0.242527799125928,0.52298623872507,0.0235621371585149,0.210923824990488,1.87011985322506,2.54282174140723,0.298836306801564
69,861.596584344292,3500,2.2973,0.573243200778961,0.0292159598320723,0.0744246542453766,0.676194131374359,0.245331680151825,0.505787071775276,0.0257779852469037,0.223103262825994,2.15697092545109,2.53605413161191,0.298080357531686
69.2000000476837,939.237358725811,3500,2.3332,0.596602380275726,0.0252962652593851,0.0927141681313515,0.686425626277924,0.249813018643127,0.50985408125824,0.0216180902213763,0.218714809877257,2.00183711679368,2.55511842629326,0.30020985968695
69.4000000953674,956.884091469536,3500,2.6256,0.532521188259125,0.0197243131697178,0.0870534852147102,0.702363848686218,0.260277889532162,0.481426410891337,0.0226012796066001,0.2356944199699,2.44829151541329,2.58235105547645,0.303251773563567
69.5999999046326,949.064689897958,3500,1.9588,0.53706955909729,0.0224152989685535,0.0894022583961487,0.697562694549561,0.26076953420374,0.483379562022925,0.0225007894152199,0.233350114358116,2.41443674491502,2.56917961922686,0.301780510013026
69.7999999523163,866.046627411806,3500,1.5724,0.557172656059265,0.0298640225082636,0.0611323900520802,0.696913480758667,0.240334628626461,0.500247498679826,0.0268128781945965,0.232604994499117,2.26876845233285,2.53290953705962,0.297729102948788
70,849.954568515509,3500,2.0073,0.596254646778107,0.0269235204905272,0.0767789781093597,0.683556377887726,0.241671448270408,0.514841395327124,0.0232473540145337,0.220239802387934,2.00408248198617,2.54719458743637,0.299324758391269
70.2000000476837,897.908739483182,3500,1.657,0.604420363903046,0.027973335236311,0.0829301327466965,0.673377692699432,0.243509817219436,0.516999603092901,0.0239273923879198,0.215563187299743,1.95186598795679,2.54208959252905,0.298754524986915
70.4000000953674,917.564941039227,3500,1.7391,0.605255365371704,0.0256827976554632,0.0709471106529236,0.680210053920746,0.237291452491931,0.521619011863515,0.0221338567179922,0.218955678926562,1.94658661254261,2.55323502696121,0.299999481962316
70.5999999046326,846.746500292718,3500,1.7466,0.612174093723297,0.026078911498189,0.0675432235002518,0.67358660697937,0.234463229803414,0.526369224392098,0.0224235827014538,0.216743963103034,1.90327146863477,2.55130571657138,0.299783975923305
70.7999999523163,908.281494913363,3500,1.5616,0.617531478404999,0.0301766898483038,0.0733387246727943,0.688289642333984,0.234640576794006,0.522711919732441,0.02554317639405,0.217104327079503,1.87025736008853,2.53139313228398,0.29755971890957
71,990.004971213258,3500,1.5611,0.590693831443787,0.0233482029289007,0.11808168888092,0.651149928569794,0.266040749570554,0.503514123541499,0.0213102836333502,0.209134843254597,2.04025231694534,2.56462183180552,0.301271400271533
71.2000000476837,888.343179471938,3500,1.546,0.574199199676514,0.0200052130967379,0.0780350491404533,0.698667109012604,0.246446917812042,0.503830825656128,0.0219362385884538,0.227786017943376,2.15045057244897,2.58097445589393,0.303098005914308
71.4000000953674,902.729396872324,3500,1.7906,0.564962387084961,0.0289665851742029,0.0592879541218281,0.706629037857056,0.237260338457435,0.503458718236565,0.025813187172939,0.233467756133061,2.21406179720652,2.53726473177062,0.298215582867332
71.5999999046326,872.918782259297,3500,1.4967,0.597306132316589,0.0249544326215982,0.0667537674307823,0.695894539356232,0.235936108911012,0.51798122709608,0.0216798890498221,0.224402774943086,1.99729880855859,2.55678464616067,0.30039597823254
71.7999999523163,880.779615831802,3500,1.3847,0.578201770782471,0.0268174987286329,0.062092762440443,0.702844381332397,0.236649198610961,0.509741032679258,0.0236422304229693,0.229967538286812,2.12330996936835,2.54771045195199,0.299382381010736
72,899.970136920489,3500,1.8251,0.554121255874634,0.0252378862351179,0.0716610997915268,0.703588962554932,0.247144921223455,0.496376982533353,0.0226078781170996,0.233870218126092,2.29046283570251,2.55540294607845,0.300241640851997
72.2000000476837,945.873088878179,3500,1.804,0.593321204185486,0.0221612043678761,0.110145799815655,0.6626136302948,0.260791785460263,0.505806977995193,0.0213125274483308,0.212088709096214,2.02310114372115,2.57042177560821,0.301919260212573
72.4000000953674,847.290928603745,3500,1.4252,0.569703578948975,0.025956941768527,0.0667442455887794,0.697744607925415,0.241392892792676,0.505484585648457,0.023030983900033,0.230091537658833,2.18124007975457,2.5518996982223,0.299850324310537
72.5999999046326,882.773322821483,3500,1.5928,0.611863017082214,0.0287727303802967,0.0746209919452667,0.683440685272217,0.236997131097576,0.521234723004538,0.0245109538101778,0.217257192087708,1.90520254006817,2.53820602313236,0.298320726121623
72.7999999523163,861.838245449717,3500,1.5198,0.54526960849762,0.0243801586329937,0.0760088786482811,0.697521507740021,0.251879197691889,0.491759760483486,0.022546633482766,0.233814408341859,2.35423783164727,2.55958518717246,0.300708801666094
73,852.316000425228,3500,1.4317,0.572715163230896,0.0262842960655689,0.0772529914975166,0.692647516727448,0.246477353799735,0.503684653734811,0.0231161970424588,0.226721795422996,2.1605786538624,2.55030568022131,0.299672270790835
73.2000000476837,920.051757586754,3500,1.4811,0.559584975242615,0.0234147813171148,0.0726919919252396,0.698605537414551,0.246862387996173,0.499243246252043,0.0223041748947776,0.231590190857006,2.25172315225639,2.56429672337475,0.301235085311258
73.4000000953674,932.778955263299,3500,1.4546,0.586720705032349,0.0247011259198189,0.0847101658582687,0.69256728887558,0.247561992330233,0.50773500052717,0.0216344419147086,0.223068565227889,2.06639820519167,2.55801973445517,0.300533938919208
73.5999999046326,879.13853747069,3500,1.4392,0.555957853794098,0.0283944979310036,0.0556597523391247,0.700740575790405,0.237741146899705,0.50177193809514,0.0256270545704976,0.234859860434658,2.27738742085715,2.54004312912687,0.298525932830821
73.7999999523163,802.743924417704,3500,1.4134,0.626996040344238,0.0336077213287354,0.0553477294743061,0.684683740139008,0.223181536183081,0.531722027524807,0.0285009227739185,0.216595513518194,1.81305563135102,2.5147850906886,0.295704582857425
74,905.100679399138,3500,2.6323,0.556844532489777,0.0272928159683943,0.0598448030650616,0.711269676685333,0.239346272728258,0.499771973544744,0.0244954986612324,0.236386255065766,2.27109414707364,2.54539816466674,0.299124096041907
74.2000000476837,884.912155644528,3500,2.105,0.538618683815002,0.0222228169441223,0.0713968724012375,0.708474457263947,0.250205939997668,0.488830965717523,0.0226891017897469,0.238273992495062,2.40298175139681,2.57012054926172,0.301885612906717
74.4000000953674,920.268404628045,3500,2.2723,0.576270282268524,0.0206652376800776,0.0821228697896004,0.695929646492004,0.248277767161335,0.503686527799898,0.0218511410052721,0.226184564033495,2.13637498951037,2.57774144172055,0.302736874764938
74.5999999046326,888.851845602114,3500,1.8644,0.573082566261292,0.0264624208211899,0.0723399147391319,0.682353258132935,0.244477736799125,0.50684945694476,0.0234040684750974,0.225268737781018,2.15806796184036,2.54943854518335,0.299575410877415
74.7999999523163,930.252077584645,3500,1.3382,0.586354434490204,0.0247525256127119,0.0926001965999603,0.681773006916046,0.252330970636526,0.506300922402118,0.0215868122001291,0.219781294761227,2.06882123092735,2.55776909074696,0.300505941748279
75,959.838627688568,3500,1.2721,0.539734721183777,0.0231314543634653,0.0915525779128075,0.688340067863464,0.261907697351407,0.48509038018626,0.0224689259902685,0.230532996472064,2.39475301507021,2.5656803886351,0.301389642204305
75.2000000476837,868.425952236806,3500,1.4381,0.560027539730072,0.0275631248950958,0.0713278502225876,0.68724662065506,0.246235153727735,0.500292435789754,0.0246231156746169,0.228849294807894,2.24860612636779,2.54408369015948,0.298977267830161
75.4000000953674,851.869760823878,3500,1.2659,0.543481945991516,0.0252263899892569,0.0679199323058128,0.708942413330078,0.247179741821885,0.492120060692522,0.0228423642480299,0.237857833237563,2.36726986908554,2.55545897693344,0.300247899558572
75.5999999046326,882.373681599667,3500,1.2879,0.551832318305969,0.0234715081751347,0.0827858820557594,0.715692102909088,0.252703772958655,0.490032837813576,0.0222002600046103,0.235063129223158,2.30683416732002,2.56401973836437,0.301204145788635
75.7999999523163,1055.3585028429,3500,1.4544,0.493494212627411,0.0216925460845232,0.122494645416737,0.690412580966949,0.289182816030157,0.452264094492364,0.0229113170387787,0.235641772438701,2.75238490113541,2.57271368596646,0.30217526905681
76,919.594957876845,3500,1.4542,0.489877194166183,0.0211084000766277,0.0813767239451408,0.706726908683777,0.267335064381466,0.461987423885804,0.0235766958223147,0.247100815910415,2.78180221625413,2.57557191100135,0.30249453585759
76.2000000476837,969.765317204653,3500,1.2498,0.454970896244049,0.024177722632885,0.0685807019472122,0.738539278507233,0.266815716827699,0.443862947539957,0.0243896341065004,0.264931701525843,3.07645379152812,2.56057279251486,0.300819118241679
76.4000000953674,934.926654994786,3500,1.1776,0.502486705780029,0.018176170065999,0.085133969783783,0.702265501022339,0.266529187684747,0.467616169378253,0.0232651015439481,0.242589541393051,2.68015582340486,2.58994508256568,0.304100034531199
76.5999999046326,895.848575572837,3500,1.1489,0.511557519435883,0.0247128736227751,0.0752014219760895,0.724179029464722,0.257427491880617,0.472584279607414,0.0230953637495425,0.246892864762426,2.60860845455703,2.55796244719286,0.300527539870589
76.7999999523163,887.09049174594,3500,1.2117,0.519415378570557,0.0228340439498425,0.0722091123461723,0.716187834739685,0.254536129233735,0.478461541127601,0.0230288493981608,0.243973480240503,2.54769262683585,2.56713326415855,0.301551929957942
77,933.224785244113,3500,1.1742,0.509112060070038,0.0261208061128855,0.0728543326258659,0.719089686870575,0.256847222441595,0.472368344379506,0.0242356111849018,0.246548821993997,2.62776775654946,2.55110171071554,0.299761188250487
77.2000000476837,861.637776282891,3500,1.8695,0.532076954841614,0.028901731595397,0.0612874180078506,0.707128405570984,0.245484401975358,0.487731707978855,0.0264929551755639,0.240290934870223,2.45161580952238,2.53757961724605,0.298250755912534
77.4000000953674,846.431017902128,3500,2.3509,0.587557673454285,0.0310342218726873,0.0563173480331898,0.716330587863922,0.230018522220976,0.512069154047376,0.0270469920806881,0.23086533165096,2.06086938181154,2.52723669795467,0.297095440738758
77.5999999046326,873.820326780915,3500,2.128,0.561892509460449,0.0282393265515566,0.073218546807766,0.697629451751709,0.245985625386552,0.498781161463749,0.0250675064343974,0.230165706715301,2.2355053861349,2.54079701615243,0.29861014281984
77.7999999523163,930.091111577514,3500,1.4139,0.588991105556488,0.0245505068451166,0.0733903869986534,0.689668416976929,0.241473544825394,0.512997621867039,0.0217744214228138,0.223754411884754,2.05142649049342,2.5587542842403,0.300615988917738
78,959.142561582856,3500,2.0592,0.572918593883514,0.0224535726010799,0.086244098842144,0.679365515708923,0.252213115602146,0.503001997456197,0.0219491042368956,0.222835782704761,2.15918821960348,2.56899254430098,0.301759613543238
78.2000000476837,832.954761881193,3500,1.4178,0.576876878738403,0.0324358753859997,0.0589093863964081,0.709136962890625,0.233698226607223,0.506920276493514,0.0285024474458722,0.230879049453391,2.13226540596925,2.52045083810014,0.296337452917699
78.4000000953674,889.422901563933,3500,1.3704,0.579018115997314,0.0271177999675274,0.0744694769382477,0.694608807563782,0.243379166725859,0.506752764569506,0.0237333163210581,0.226134752383577,2.1178059732676,2.54624943785006,0.299219184169157
78.5999999046326,903.531111899282,3500,1.3358,0.552382290363312,0.0274250004440546,0.0708402246236801,0.701229751110077,0.24677028814838,0.495218438000597,0.0245868959215504,0.233424377929473,2.30289291184316,2.54475532440312,0.299052290095253
78.7999999523163,922.705324764243,3500,1.3344,0.594130218029022,0.0251997131854296,0.0767580568790436,0.685514509677887,0.242343105063064,0.514462790190482,0.0218206621443764,0.221373442602078,2.01784223933735,2.55558899793442,0.300262423043781
79,912.182339017357,3500,2.2303,0.562361657619476,0.0252674277871847,0.0742018148303032,0.688080668449402,0.247677878137982,0.501244557139794,0.0225213801112647,0.228556184610959,2.23221854977258,2.55525896833153,0.300225558383303
79.2000000476837,894.74888926921,3500,2.098,0.587543189525604,0.0319041721522808,0.0620816387236118,0.698558330535889,0.233932946359179,0.512047634390595,0.0278046893726334,0.226214729877592,2.06096496405369,2.5230238297404,0.296624858842492
79.4000000953674,954.676748156697,3500,2.188,0.585475027561188,0.0229469202458858,0.107259891927242,0.678815543651581,0.260033645009086,0.501356266691985,0.0214080978304232,0.217201990468506,2.07464762220318,2.5665818016425,0.301490331003661
79.5999999046326,935.853620853729,3500,2.2977,0.555551588535309,0.0202377513051033,0.0896453857421875,0.690142750740051,0.257134208537932,0.492720896578069,0.0221725986724793,0.227972296211519,2.2802751236279,2.5798351599192,0.302970745332461
79.7999999523163,895.880604684239,3500,1.9036,0.574739575386047,0.0262868516147137,0.0779679194092751,0.682586550712585,0.247062014632851,0.505657920495107,0.023127265448758,0.224152799423283,2.14677142994271,2.55029323834597,0.29967088102002
80,855.129908289938,3500,1.919,0.512661933898926,0.0230802148580551,0.0747994408011436,0.72398042678833,0.256964235590017,0.473284814457981,0.0230797716371551,0.246671178314847,2.59998712536908,2.56593066650446,0.301417598510642
80.2000000476837,886.699826075873,3500,1.4692,0.509405136108398,0.0249018836766481,0.0734007954597473,0.72181910276413,0.257143130864974,0.472457325600536,0.0231867178062767,0.247212825728214,2.62546656381455,2.55704084114337,0.300424595486782
80.4000000953674,982.066955828989,3500,1.4697,0.517981171607971,0.0211420450359583,0.0875376686453819,0.712166786193848,0.26329034026804,0.473080794730962,0.0228329146242119,0.240795950376786,2.55873720739539,2.57540723999097,0.302476141929181
80.5999999046326,946.275790913528,3500,1.4497,0.520836293697357,0.0215415190905333,0.0804286673665047,0.697001576423645,0.259944714429841,0.478854573488919,0.0229848888836829,0.238215823197557,2.53678285950148,2.57345249715915,0.302257795059134
80.7999999523163,872.224041560211,3500,1.979,0.542459666728973,0.0248070824891329,0.0670433863997459,0.712362349033356,0.246763177049143,0.491597863906338,0.022655963846615,0.238982995197903,2.3747452525581,2.55750306590839,0.300476226488598
81,865.884804084227,3500,2.4118,0.544562220573425,0.0289697833359241,0.0571427270770073,0.71962696313858,0.239649803733998,0.493266714507378,0.0262409497137989,0.240842532044824,2.35938856743207,2.53724920418671,0.298213848419561
81.2000000476837,889.554983883756,3500,2.4901,0.571982979774475,0.0257667060941458,0.0723854154348373,0.709240198135376,0.243152956010752,0.503071107516182,0.0226623620460469,0.23111357442702,2.1655885568219,2.55282627738663,0.299953824196603
81.4000000953674,921.043494699063,3500,1.8487,0.5346799492836,0.0233788266777992,0.0825097486376762,0.701003968715668,0.257491286550114,0.484162990991787,0.0226379814522922,0.235707741005807,2.43218199678971,2.56447229045308,0.301254696342138
81.5999999046326,1091.74524242019,3500,1.3395,0.490970492362976,0.0287181083112955,0.0912215635180473,0.704283118247986,0.279040174615025,0.470544960321257,0,0.250414865063718,2.77288831716153,2.53847128280597,0.298350355911557
81.7999999523163,1078.09091008582,3500,1.4234,0.516917705535889,0.0212563145905733,0.107638217508793,0.705957651138306,0.280750208374545,0.477450320179388,0,0.241799471446066,2.56694802579768,2.57484800432207,0.302413674705394
82,1130.77923420939,3500,1.5317,0.506188929080963,0.0217735935002565,0.10949232429266,0.709960758686066,0.284207486207853,0.471056950730741,0,0.244735563061406,2.65079499009765,2.5723172559335,0.302130987397106
82.2000000476837,1172.11703589373,3500,1.2332,0.553784072399139,0.0200410485267639,0.14680153131485,0.685225963592529,0.292436185709992,0.484137479890103,0,0.223426334399905,2.29286923235757,2.58079886643131,0.30307839238308
82.4000000953674,749.005598086935,3500,1.4039,0.545494794845581,0.0254545714706182,0.0715684294700623,0.721341550350189,0.247780738736268,0.490034984345217,0.0228666353006167,0.239317641617898,2.35259985209968,2.55434698066879,0.300123688383609
82.5999999046326,1136.96861723563,3500,1.2079,0.563795387744904,0.0253524594008923,0.146626323461533,0.655514657497406,0.292071263403878,0.492475862089177,0,0.215452874506945,2.22219571002095,2.55484457098972,0.300179269755937
82.7999999523163,1114.43330495082,3500,1.2547,0.510416924953461,0.0226740930229425,0.112396217882633,0.690906584262848,0.286108499869029,0.474648394860203,0,0.239243105270767,2.6175326989762,2.56791482112132,0.301639230708613
83,730.027406389463,3500,1.2897,0.6233891248703,0.0244325678795576,0.0776612982153893,0.711008667945862,0.235329574695226,0.522860100668465,0.0209684481092467,0.220841876527063,1.83468601012767,2.55932953653519,0.300680245215821
83.2000000476837,955.212890972883,3500,1.3536,0.581465721130371,0.0233355816453695,0.119918264448643,0.656133651733398,0.26870495693756,0.498324271645726,0.0214253503489846,0.211545421067729,2.10136754071136,2.56468346519997,0.301278284787772
83.4000000953674,975.047381278488,3500,1.3746,0.556378364562988,0.0213063396513462,0.123991206288338,0.669789016246796,0.275635652853689,0.484216453134271,0.0217575162863586,0.218390377725682,2.27440124342247,2.57460320201662,0.302386330025415
83.5999999046326,1188.76662797945,3500,1.246,0.462603569030762,0.0294552985578775,0.109181672334671,0.696138679981232,0.297252737269962,0.450614133992119,0,0.252133128737919,3.0103593921478,2.53489254374345,0.297950606921408
83.7999999523163,1163.77159584987,3500,1.9534,0.477853000164032,0.0206906720995903,0.129030123353004,0.716219365596771,0.301537391713537,0.449379291932307,0,0.249083316354156,2.88109991550162,2.57761689928188,0.302722963241013
84,1153.25666519265,3500,2.1853,0.482050836086273,0.0212064776569605,0.122679434716702,0.707483291625977,0.29782471071345,0.454771039362173,0,0.247404249924378,2.84617069119143,2.57509189845174,0.302440917941163
84.2000000476837,1188.64584653893,3500,1.9696,0.533113658428192,0.0180501863360405,0.158979594707489,0.69251275062561,0.303121598713913,0.469756819803279,0,0.227121581482808,2.44386284757045,2.59056359138671,0.30416912262963
84.4000000953674,1255.42333683135,3500,1.8815,0.497407287359238,0.0190185569226742,0.16605007648468,0.677239537239075,0.317716233929179,0.452148075196007,0,0.230135690874814,2.7207954783968,2.58581147915518,0.303638306598497
84.5999999046326,1211.91695425141,3500,2.0732,0.481124073266983,0.0219416320323944,0.126965075731277,0.714304447174072,0.299716575324209,0.451993895441299,0,0.248289529234492,2.85385781874438,2.57149542787864,0.302039188322273
84.7999999523163,746.905210190814,3500,2.4075,0.503187596797943,0.0248343478888273,0.072476752102375,0.731597006320953,0.257430865729978,0.468430710146638,0.023273164577561,0.250865259545824,2.67458051180323,2.55737012264352,0.30046137658338
85,878.385390675746,3500,2.3924,0.564603924751282,0.0267068482935429,0.0785840451717377,0.690428733825684,0.24899252309203,0.499766715668726,0.0236399239757437,0.2276008372635,2.2165579387359,2.54824889789672,0.299442526000045
85.2000000476837,879.23292622496,3500,2.3324,0.564418196678162,0.0283733475953341,0.0639050230383873,0.698866724967957,0.240440634361882,0.502913181995227,0.0252814856200723,0.231364698022819,2.21785205908084,2.54014587915774,0.298537410119431
85.4000000953674,1125.65249491215,3500,2.2248,0.499871879816055,0.0234953463077545,0.121396474540234,0.712929904460907,0.291800397410383,0.463513809636229,0,0.244685792953387,2.70102509278981,2.56390334670653,0.301191144715668
85.5999999046326,1255.82374097114,3500,1.897,0.457581043243408,0.0157316159456968,0.18367338180542,0.697404980659485,0.336335594980897,0.423659564454382,0,0.240004840564722,3.05374659719128,2.60196062962217,0.30544218401961
85.7999999523163,860.417583171856,3500,2.0303,0.493243962526321,0.0232432074844837,0.0819648429751396,0.720376312732697,0.265782444831358,0.461713789249974,0.023401897657558,0.249101868261111,2.75441345212819,2.565134579313,0.301328674717849
86,1137.68362124032,3500,2.1461,0.527066946029663,0.0197199899703264,0.145094588398933,0.691979885101318,0.298052817450848,0.471507057799947,0,0.230440124749205,2.48932538830168,2.58237224515944,0.303254140473875
86.2000000476837,1230.22609875566,3500,1.4312,0.514329612255096,0.0159363802522421,0.209860682487488,0.672068953514099,0.333748641412236,0.447382556914272,0,0.218868801673492,2.58700580425828,2.60095301927765,0.30532963286384
86.4000000953674,910.869837367942,3500,1.2948,0.522428333759308,0.0200787484645844,0.117363765835762,0.696832418441772,0.278656228605863,0.467279202720037,0.0223609236197802,0.231703645054319,2.52459757116729,2.58061414802684,0.303057759139259
86.5999999046326,959.234445317222,3500,1.3789,0.539245426654816,0.0177111458033323,0.133003100752831,0.670878112316132,0.284171213649478,0.47333317646835,0.0219442369407123,0.22055137294146,2.39835821486802,2.59222848269751,0.304355092774021
86.7999999523163,939.539642272691,3500,1.2558,0.582278966903687,0.0206704251468182,0.15592747926712,0.636043548583984,0.287147174085135,0.48942708057789,0.0210134277724497,0.202412317564525,2.09592689192841,2.57771604045529,0.302734037416375
87,993.342356683528,3500,1.3025,0.581033885478973,0.0195190738886595,0.164585456252098,0.638979375362396,0.291259416222329,0.485771900715196,0.0209011863531312,0.202067496709344,2.10426084093477,2.58335711617038,0.303364151621704
87.2000000476837,976.748044172063,3500,1.3348,0.530322432518005,0.01772366091609,0.12703812122345,0.682395935058594,0.282597634256139,0.469673100050952,0.0221409217888876,0.225588343904021,2.46477613916643,2.59216701581022,0.304348226856811
87.4000000953674,1028.70682372579,3500,1.2616,0.529690623283386,0.0174269154667854,0.138313725590706,0.674303710460663,0.288919201163837,0.46674269632244,0.0220290239153776,0.222309078598345,2.46952727862056,2.59362466612279,0.304511047959512
87.5999999046326,1014.5058923826,3500,1.5785,0.52982223033905,0.0176923163235188,0.125418275594711,0.671284198760986,0.282755083107689,0.471357939855685,0.0222413251494774,0.223645651887149,2.46853708066676,2.59232096352464,0.304365422981563
87.7999999523163,984.449427025502,3500,2.4169,0.549852073192596,0.0181968249380589,0.11238569021225,0.677599430084229,0.270877623506838,0.484113037128724,0.0220110580977638,0.222998281266675,2.32106524807203,2.58984368640427,0.304088708471261
88,897.164137484074,3500,1.8362,0.58795565366745,0.0281437654048204,0.081778883934021,0.681276619434357,0.245858894023046,0.509374485256595,0.024382308303087,0.220384312417271,2.05824434675695,2.5412613518038,0.298662009609925
88.2000000476837,962.018987987028,3500,1.2101,0.620970487594604,0.0206327550113201,0.135808348655701,0.642461001873016,0.268335226698558,0.511238593662673,0.0205822419855656,0.199843937653203,1.84930697019417,2.57790050139179,0.302754641900748
88.4000000953674,961.782783980247,3500,1.1321,0.523912906646729,0.0260848961770535,0.0900780186057091,0.6854088306427,0.264865230187919,0.478074499058756,0.0238026655091612,0.233257605244163,2.51327136366053,2.55127657363615,0.299780720626195
88.5999999046326,932.964013454527,3500,1.1755,0.580712974071503,0.0214619766920805,0.099402017891407,0.683117866516113,0.256897100451008,0.501400488187138,0.0215855556262034,0.220116855735651,2.10641288089572,2.57384165764843,0.302301264703016
88.7999999523163,969.227897779858,3500,1.2173,0.595961213111877,0.0219502560794353,0.132594794034958,0.651470839977264,0.271824476358078,0.500880809907894,0.0210114684851926,0.206283245248836,2.00597873048021,2.57145325395771,0.302034477450089
89,1000.67985754164,3500,1.1726,0.579845607280731,0.023841330781579,0.139315143227577,0.638558447360992,0.279696790433231,0.493452466064903,0.0212751661765198,0.205575577325346,2.11223770977038,2.5622143687257,0.301002484064409
89.2000000476837,977.838490954688,3500,1.2471,0.564232349395752,0.0207724291831255,0.137878060340881,0.659544289112091,0.281241190343649,0.484469102833331,0.0214658510519717,0.212823855771048,2.21914756250517,2.57721658861979,0.302678248110874
89.4000000953674,996.768243190278,3500,1.1606,0.544925570487976,0.0231030564755201,0.110289663076401,0.669881105422974,0.271560596207218,0.483554806381523,0.0221844428198013,0.222700154591457,2.35674189116555,2.56581909566868,0.301405135928667
89.5999999046326,949.305367258309,3500,1.1764,0.583748579025269,0.0236403625458479,0.115462206304073,0.654572367668152,0.266105069866833,0.50099398642137,0.0214558974712161,0.211445046240581,2.08612196370786,2.56319535412401,0.301112061185142
89.7999999523163,935.91709431551,3500,1.3677,0.564788639545441,0.0242715682834387,0.083830215036869,0.681270778179169,0.252654320567211,0.50000878147592,0.0221325619207896,0.225204336036079,2.21527142614967,2.56011493115015,0.300767974636356
90,890.081004692708,3500,1.4194,0.558763563632965,0.0256706122308969,0.0682729929685593,0.71311229467392,0.243623276968765,0.498175108949464,0.0228870686588413,0.23531454542293,2.25751674222304,2.55329438967629,0.300006112841234
90.2000000476837,945.269905442519,3500,1.2256,0.543485403060913,0.0327131785452366,0.0538718029856682,0.713893175125122,0.237684330050432,0.493008017703085,0.029674871149293,0.23963278109719,2.36724461774766,2.51910948740015,0.296187622606411
90.4000000953674,843.340546922027,3500,1.3722,0.601762413978577,0.0309169292449951,0.0540528558194637,0.69894802570343,0.227072806935493,0.521220783610999,0.0267789175820739,0.224927491871434,1.96874539936136,2.52780499505987,0.297158920134696
90.5999999046326,912.815511869919,3500,1.292,0.594980716705322,0.0274515561759472,0.0753551498055458,0.690499842166901,0.240665422823081,0.513640928424785,0.0236986551076783,0.221994993644456,2.01232495872428,2.54462618896147,0.299037865527971
90.7999999523163,950.566311973455,3500,1.2669,0.531808137893677,0.0242609120905399,0.106313563883305,0.678702592849731,0.272085462422204,0.477667620106577,0.0224548848574632,0.227792032613756,2.45362895794069,2.56016691918596,0.300773781755694
91,916.847659628872,3500,1.2721,0.532938301563263,0.0256755631417036,0.0651381015777588,0.711707770824432,0.247780506642363,0.487621707186252,0.0234923290283345,0.241105457143051,2.44517304117288,2.55327027064809,0.300003418719926
91.2000000476837,900.397872608724,3500,1.2916,0.622856020927429,0.024211835116148,0.0904443189501762,0.664748311042786,0.244603421604172,0.524365902941958,0.0210468344739278,0.209983840979943,1.83790064760553,2.56040635681849,0.300800527195954
91.4000000953674,901.091918177974,3500,1.2668,0.58050000667572,0.0282199680805206,0.0720942616462708,0.682319939136505,0.242384635619012,0.509367148905849,0.0247619716073813,0.223486243867757,2.10784195519257,2.54089107609356,0.298620649416108
91.5999999046326,830.967284136705,3500,1.313,0.627367675304413,0.0238799098879099,0.0743708238005638,0.680358469486237,0.234709067323775,0.529654627959547,0.0211062288036496,0.214530075913028,1.8108387952643,2.56202607580109,0.300981451542856
91.7999999523163,825.285232608706,3500,1.2668,0.605049550533295,0.0257049053907394,0.086922749876976,0.675334930419922,0.245740165522229,0.51662650620756,0.0219483436566619,0.21568498461355,1.94788686027162,2.55312732844917,0.299987451923054
92,905.290093635654,3500,1.3988,0.544460892677307,0.0236747357994318,0.075965017080307,0.698141574859619,0.251997637111969,0.4913214873441,0.0225599989802802,0.234120876563651,2.36012702640285,2.56302755379077,0.301093317708016
92.2000000476837,934.316625313525,3500,1.2802,0.581396281719208,0.0232447404414415,0.0901927202939987,0.688805937767029,0.25173681791487,0.504076761428792,0.0216752659622375,0.2225111546941,2.10183258366804,2.56512709268827,0.30132783845384
92.4000000953674,944.117132680346,3500,1.2373,0.537145018577576,0.0221003014594316,0.105859592556953,0.681124091148376,0.270380898587042,0.479999740031597,0.0223403235360301,0.22727903784533,2.41387787062042,2.57071955101434,0.301952522044691
92.5999999046326,892.483260646876,3500,1.291,0.513120174407959,0.0264121443033218,0.0762501657009125,0.704655528068542,0.258676478177683,0.474933565485885,0.0244465419442487,0.241943414392183,2.59641571654829,2.54968328190014,0.29960274823107
92.7999999523163,897.348941809342,3500,1.2264,0.521519839763641,0.0235656294971704,0.0800416320562363,0.707094848155975,0.258855697479628,0.477984632700624,0.0229130608395096,0.240246608980239,2.53154610991849,2.56356019974814,0.301152814832519
93,928.59235765425,3500,1.3089,0.561064481735229,0.0209812521934509,0.102543860673904,0.676623046398163,0.263366842517705,0.492578527218001,0.0219483919965215,0.222106238267773,2.2413151135549,2.57619427139176,0.302564054180448
93.2000000476837,907.890871324047,3500,1.3155,0.587554931640625,0.0273868385702372,0.099210686981678,0.646032214164734,0.257222675297903,0.508205823858489,0.0236882546787639,0.210883246164844,2.06088747531176,2.54494090446599,0.299073019587242
93.4000000953674,917.146776038333,3500,1.3033,0.604057788848877,0.0251773502677679,0.108216464519501,0.645673990249634,0.258555085904057,0.513067269314015,0.0213848320291718,0.206992812752756,1.95416187656992,2.55569799607743,0.300274598253214
93.5999999046326,935.818660014587,3500,1.7481,0.567753255367279,0.0224335547536612,0.0796124115586281,0.69348806142807,0.249005507707876,0.501151541184224,0.0220673125361487,0.227775638571751,2.19469798596468,2.56909038717891,0.301770542697602
93.7999999523163,892.493157552115,3500,2.4656,0.57461404800415,0.0221760254353285,0.0929959639906883,0.684628307819366,0.254925324468311,0.500735793366655,0.0217857444969322,0.222553137668102,2.14762566524332,2.57034931308363,0.301911166070889
94,876.051633356337,3500,1.8517,0.539231896400452,0.0247368980199099,0.0731221288442612,0.698365688323975,0.251672495771579,0.489864853024607,0.022711233158434,0.23575141804538,2.39845796235779,2.55784529520957,0.300514453868453
94.2000000476837,921.793182720691,3500,2.1291,0.599529623985291,0.0261931028217077,0.0747986137866974,0.674995839595795,0.240663571669573,0.518371156256108,0.022647336265667,0.218317935808652,1.9830121765229,2.55074968248003,0.299721866319161
94.4000000953674,877.679805207696,3500,2.2608,0.623367488384247,0.0250309370458126,0.0846690833568573,0.662438869476318,0.24175850337814,0.526861270812483,0.0211557893976258,0.210224436411752,1.83481639044792,2.55641168429442,0.300354317992217
94.5999999046326,883.760765980612,3500,2.4751,0.622969269752502,0.0235319323837757,0.0951415002346039,0.657235383987427,0.247370670593926,0.523789579280418,0.0210198803019815,0.207819869823674,1.83721737240769,2.56372471768541,0.301171191662496
94.7999999523163,932.02622273254,3500,1.8537,0.619563162326813,0.0235197599977255,0.108025021851063,0.646648406982422,0.255076399527143,0.519411659695789,0.0209587856121522,0.204553155164916,1.8578574996702,2.56378414778725,0.301177830068588
95,937.130832044443,3500,1.5942,0.587240397930145,0.026639886200428,0.086113341152668,0.664010882377625,0.249656959820882,0.510531971196933,0.0231600442719956,0.21665102471019,2.06296391280692,2.54857477783979,0.299478927139071
95.2000000476837,887.032742456862,3500,1.5422,0.606385707855225,0.0247596800327301,0.077260710299015,0.679547488689423,0.240463452446597,0.520273516771841,0.0214497765214503,0.217813254260111,1.93945768784506,2.55773420422466,0.300502044886335
95.4000000953674,899.096593244317,3500,1.3397,0.614068925380707,0.021399037912488,0.071495957672596,0.682467401027679,0.23578360765958,0.525035507933908,0.0213752677522478,0.217805616654264,1.89154235485442,2.57414960749651,0.302335663031208
95.5999999046326,860.096994565651,3500,1.3609,0.618219196796417,0.0253676846623421,0.0592043548822403,0.684980273246765,0.228429118410164,0.530541686553716,0.0217699713539529,0.219259223682167,1.86605265355818,2.55477037525111,0.300170982012387
95.7999999523163,864.993793099173,3500,1.6928,0.620874106884003,0.0256404057145119,0.0587045587599277,0.692723751068115,0.227147031651104,0.53060666724045,0.0219126068747653,0.22033369423368,1.84989154264802,2.55344154744045,0.300022550521263
96,905.4816598291,3500,1.4481,0.6108118891716,0.0289703197777271,0.0678418055176735,0.671405434608459,0.234440180874826,0.524698187728057,0.0248860157353703,0.215975615661747,1.91173908488143,2.53724659968142,0.298213557493529
96.2000000476837,943.382410860196,3500,1.3556,0.635518252849579,0.0240506213158369,0.104960888624191,0.629083931446075,0.251324822787797,0.529107829417872,0.0208140296146265,0.198753318179704,1.76277555204659,2.56119297438501,0.300888393221489
96.4000000953674,943.790759571114,3500,1.494,0.587314665317535,0.0232371743768454,0.0905842408537865,0.663234233856201,0.252318302636777,0.509848027945663,0.0217025071079236,0.216131162309637,2.06247348369582,2.56516404379832,0.30133196593245
96.5999999046326,969.692544984942,3500,1.3025,0.612055361270905,0.0158065482974052,0.138311699032784,0.647547960281372,0.271156422245352,0.506164328688783,0.0206747771818286,0.202004471884037,1.90400834174919,2.60159187593567,0.305400993837477
96.7999999523163,1004.2555136632,3500,1.3349,0.536269962787628,0.0229825302958488,0.10418127477169,0.671367526054382,0.270446305520213,0.481416580188828,0.0224428279409095,0.22569428635005,2.4203643793039,2.56640784026775,0.301470899331594
97,1003.79971651451,3500,1.2545,0.605983972549438,0.019850941374898,0.12507601082325,0.653090119361877,0.265857836141128,0.507324438433344,0.0209297795574929,0.205887945868036,1.94198903910337,2.58173044280918,0.303182450463257
97.2000000476837,947.749794657187,3500,1.3102,0.572068512439728,0.0221509411931038,0.111954234540462,0.645838677883148,0.26767042361897,0.498254838937791,0.0217742642753077,0.212300473167931,2.16500286436438,2.57047195452383,0.301924865251247
97.4000000953674,975.059567804226,3500,1.307,0.602301836013794,0.0197957083582878,0.137086674571037,0.643832206726074,0.27303600423581,0.503016825583994,0.020878934593372,0.203068235586824,1.96531063710399,2.58200113338208,0.303212686890464
97.5999999046326,1018.55412968703,3500,1.2881,0.587471783161163,0.0179068185389042,0.144358769059181,0.651989340782166,0.279338758641376,0.493396625539899,0.0209966095258631,0.206268006292863,2.06143623750584,2.59126754268094,0.304247754743921
97.7999999523163,984.008025704876,3500,1.4448,0.584750115871429,0.0212850365787745,0.105125762522221,0.65358304977417,0.260832667872645,0.505042698627257,0.0215922444869725,0.212532389013125,2.07945973015033,2.57470744906153,0.302397974532098
98,976.587247522721,3500,2.4646,0.637417078018188,0.0214195735752583,0.127378076314926,0.635188162326813,0.261267669694567,0.521477750442217,0.0204527682276555,0.19680181163556,1.75173100250295,2.57404912745407,0.302324439302741
98.2000000476837,941.105267596723,3500,2.2982,0.585171759128571,0.0211159698665142,0.10152542591095,0.665884613990784,0.258116529530426,0.504838358073586,0.0215679563392372,0.215477156056751,2.07665975539588,2.57553486112594,0.302490397346784
98.4000000953674,943.739868857999,3500,2.4658,0.621785819530487,0.0208708327263594,0.123902477324009,0.640390396118164,0.262655845255085,0.515770754877786,0.0207374765826618,0.200835923284467,1.8443677304658,2.57673481551493,0.302624433538539
98.5999999046326,998.83769949312,3500,2.2593,0.599474787712097,0.0197473857551813,0.139587357640266,0.639104247093201,0.275192441452578,0.501617197609233,0.0209190281180824,0.202271332820107,1.98336356542616,2.5822379693345,0.303239141720268
98.7999999523163,908.597347559276,3500,2.2261,0.56867128610611,0.0252473000437021,0.0880743190646172,0.67082405090332,0.254614334133152,0.501534047569099,0.0222666079516924,0.221585010346056,2.18835567543486,2.55535706518023,0.300236515906476
99,903.559205696437,3500,2.248,0.597186207771301,0.027490047737956,0.0742938816547394,0.678011119365692,0.240434514365142,0.516584187133755,0.0237797252853143,0.219201573215788,1.99807160967732,2.54443901812181,0.29901695834451
99.2000000476837,945.337051421965,3500,2.1908,0.627808809280396,0.0242314878851175,0.105932004749775,0.646898508071899,0.252293138925577,0.523389764082528,0.0208419249756325,0.203475172016263,1.80821025959422,2.56031047308723,0.300789816880373
99.4000000953674,952.546675929243,3500,1.4695,0.597393691539764,0.0253279320895672,0.0986528843641281,0.651487827301025,0.254866415406858,0.512732693717514,0.0217385269220132,0.210662363953615,1.99673471689583,2.554964099912,0.300192621264705
99.5999999046326,927.897468375537,3500,1.369,0.599186301231384,0.0209972374141216,0.0954196974635124,0.666917502880096,0.251929628116774,0.512699566983335,0.0213914923426023,0.213979312557289,1.98521296896463,2.57611602287695,0.302555313737452
99.7999999523163,970.195913105704,3500,1.3596,0.600217819213867,0.0211485829204321,0.102098628878593,0.666690647602081,0.255040119437433,0.5108837019269,0.0212790959203789,0.212797082715288,1.97860633659293,2.5753752417967,0.302472567696575
100,909.108562171999,3500,1.9879,0.564339101314545,0.0259354300796986,0.0798136815428734,0.684130370616913,0.250277178436227,0.500403402203666,0.0229971260528744,0.226322293307233,2.21840334914735,2.55200446593505,0.299862026976375
100.200000047684,1070.3925708564,3500,1.2329,0.511752665042877,0.0290311463177204,0.0930085629224777,0.699171543121338,0.274936757849161,0.480947584126584,0,0.244115658024255,2.60708368074186,2.5369512870527,0.298180570756287
100.400000095367,852.298995198886,3500,1.3225,0.584222853183746,0.0217447429895401,0.081040732562542,0.697685837745667,0.245898969354046,0.507252211874625,0.0217062807929514,0.225142537978378,2.08296508651732,2.5724583696715,0.302146749952932
100.599999904633,853.922711263126,3500,1.3502,0.569494426250458,0.0259790867567062,0.0820765346288681,0.697713971138,0.249400993242194,0.500079667177092,0.022812537682581,0.227706801898133,2.18268039223538,2.55179184858825,0.299838277390784
100.799999952316,857.106397160997,3500,1.3315,0.601440846920013,0.0296154394745827,0.0696832984685898,0.670289993286133,0.2372277221831,0.520054296054083,0.025607899109544,0.217110082653273,1.97079518803069,2.53411548826527,0.297863808991393
101,882.111966771685,3500,1.5094,0.600834786891937,0.0254076588898897,0.079810693860054,0.68756365776062,0.242325800971599,0.515842562582775,0.0218135703140421,0.220018066131584,1.97466293884484,2.55457557837621,0.300149222992614
101.200000047684,1232.21985925241,3500,1.6772,0.488293439149857,0.0190949700772762,0.166495531797409,0.681873142719269,0.320178918201347,0.446859755070598,0,0.232961326728055,2.79474883533665,2.58543669431925,0.303596442730506
101.400000095367,1205.1796751182,3500,1.6189,0.461652547121048,0.0187111049890518,0.128543108701706,0.708660364151001,0.306614883650605,0.44197820503818,0,0.251406911311215,3.01854384017004,2.58731973867952,0.303806780804412
101.599999904633,773.483358302306,3500,2.1355,0.557795345783234,0.0246313605457544,0.0674263909459114,0.71321827173233,0.243526827145798,0.49831924366642,0.0223343224102516,0.23581960677753,2.26435964968776,2.55835995707707,0.300571942150836
101.799999952316,885.487376741774,3500,1.8517,0.556666195392609,0.0221478585153818,0.0909187495708466,0.679757952690125,0.258245884636173,0.494151044965646,0.0221924309871704,0.22541063941101,2.27235889846132,2.57048702651513,0.301926548808834
102,965.286132178415,3500,1.553,0.54444020986557,0.0198773220181465,0.106012105941772,0.678843021392822,0.268870254061762,0.483610449951221,0.0222067750134873,0.225312520973531,2.36027777909861,2.5816011597358,0.303168009405352
102.200000047684,894.371132100925,3500,1.3362,0.588053703308105,0.0215690694749355,0.114228367805481,0.658863842487335,0.264229120255616,0.502691214121529,0.0213709739133361,0.211708691709519,2.05759801086533,2.57331771452036,0.302242739693877
102.400000095367,897.233041881372,3500,1.2627,0.572320878505707,0.0296629890799522,0.0692178010940552,0.699528574943542,0.241223883879302,0.503877963276812,0.0261156408644974,0.228782511979388,2.16327544769704,2.53388478690313,0.297838039401901
102.599999904633,934.055068327778,3500,1.268,0.630530714988708,0.0248830989003181,0.0914037078619003,0.65933620929718,0.24383763416375,0.527805745871456,0.0209270434145666,0.207429576550227,1.79206042053404,2.55713242702562,0.30043482572802
102.799999952316,960.785870253315,3500,1.3171,0.568491816520691,0.0223970785737038,0.121017031371593,0.656124591827393,0.272267397849302,0.492319000527374,0.0216502237244367,0.213763377898886,2.1895944992769,2.56926867995307,0.301790458191629
103,993.505403929038,3500,1.2567,0.496037483215332,0.0206073559820652,0.0966169834136963,0.699754118919373,0.274416422925708,0.460862192094326,0.0232271858321574,0.241494199147809,2.73182574659149,2.5780248778911,0.302768534889069
103.200000047684,1000.4542679443,3500,1.288,0.534130871295929,0.0195021536201239,0.104863464832306,0.692831993103027,0.269753775273044,0.477425185749054,0.022345889902914,0.230475149074988,2.43627236063592,2.58344006688894,0.303373417305901
103.400000095367,924.894955415292,3500,1.2663,0.522111177444458,0.0185985714197159,0.103124745190144,0.692952275276184,0.271782175522439,0.472313228353612,0.022615548601421,0.233289047522528,2.52702181378818,2.58787191004856,0.303868458938332
103.599999904633,951.479743545868,3500,1.3398,0.584543228149414,0.0193938054144382,0.129887163639069,0.650084674358368,0.273252218544864,0.497111032492578,0.0212606616822149,0.208376087280343,2.08083463421208,2.58397127214894,0.303432753502963
103.799999952316,1005.46586168322,3500,1.6696,0.557461857795715,0.0183131974190474,0.142720833420753,0.653612852096558,0.285655143944515,0.480625274032877,0.0215541775330306,0.212165404489577,2.26672005844496,2.58927244590404,0.304024900294942
104,998.160257191145,3500,2.1521,0.530773937702179,0.0192762203514576,0.105874933302402,0.681927084922791,0.271878034999458,0.47691389958911,0.0224631366440938,0.228744928767338,2.46138478031615,2.58454782992031,0.303497155624168
104.200000047684,914.616623684503,3500,1.3544,0.613447248935699,0.0216573141515255,0.119706369936466,0.641806721687317,0.262375587893572,0.513619954412878,0.0209317082807032,0.203072749412847,1.89538423484303,2.57288602738302,0.302194519777812
104.400000095367,977.734669020135,3500,1.2709,0.589919805526733,0.023035729303956,0.0957624390721321,0.666895151138306,0.254116589551234,0.508690545943069,0.0215576143222071,0.21563525018349,2.04532612719386,2.56614796554163,0.301441871046067
104.599999904633,939.221916652243,3500,1.3086,0.600929260253906,0.0206424165517092,0.103058494627476,0.66630232334137,0.255385308600971,0.510904954801864,0.0212547877343331,0.212454948862832,1.97405964257196,2.57785319064419,0.302749357239518
104.799999952316,970.692833128625,3500,1.2853,0.551728308200836,0.0221311822533607,0.100545607507229,0.673603057861328,0.264741271304386,0.489452870411052,0.0221781655543078,0.223627692730254,2.30758007734788,2.57056856180302,0.301935656387908
105,938.285712470959,3500,1.2943,0.565296232700348,0.0241705868393183,0.0894458442926407,0.683673977851868,0.255264614536859,0.497985440693396,0.022023207120742,0.224726737649003,2.21173892243608,2.5606076089738,0.300823007277471
105.200000047684,902.641411765932,3500,1.2909,0.591729879379272,0.0307694841176271,0.0725070834159851,0.673143148422241,0.240274583595428,0.514101644997633,0.0267328775372886,0.218890893869651,2.03347593113331,2.52851948229403,0.297238729124773
105.400000095367,858.85065466207,3500,2.1562,0.623023331165314,0.0248891264200211,0.0668370202183723,0.689348816871643,0.231216590856492,0.529349238853723,0.0212411482995195,0.218193021990265,1.83689127076557,2.55710303943477,0.300431543102616
105.599999904633,929.290998434336,3500,2.051,0.604952752590179,0.02491619810462,0.0863827615976334,0.671578168869019,0.245873874359257,0.51758238389548,0.0213893722145815,0.215154369530681,1.94849862148861,2.55697105179687,0.300416799941954
105.799999952316,979.396283079508,3500,1.7211,0.558607161045074,0.0221803691238165,0.122543752193451,0.656980812549591,0.275310224226758,0.487319385689129,0.0218095747634807,0.215560815320632,2.25862110624551,2.57032807631709,0.301908793901298
106,938.24151587624,3500,2.741,0.518211722373962,0.0212966818362474,0.0898228585720062,0.678618609905243,0.266880794701794,0.476797503623915,0.023002060887376,0.233319640786915,2.55695955566291,2.57465046246185,0.302391609067817
106.200000047684,877.735483077793,3500,2.6926,0.581358909606934,0.0220145601779222,0.0709240585565567,0.695109307765961,0.241464440615188,0.509868928924356,0.0219257381498241,0.226740892310632,2.10208290052396,2.57113880125996,0.301999352746617
106.400000095367,875.692824784109,3500,2.6652,0.521407902240753,0.0280520021915436,0.0651416704058647,0.717452704906464,0.249478536576932,0.480336172377861,0.0258423228768017,0.244342968168405,2.53240316830077,2.54170727610967,0.298711819832978
106.599999904633,874.852166228447,3500,2.2398,0.563361406326294,0.0216602887958288,0.0807277038693428,0.697913229465485,0.250258125233738,0.498239957094342,0.0221101388690871,0.229391778802833,2.22522609188281,2.57287147629765,0.302192894405976
106.799999952316,1084.94990103321,3500,2.3178,0.541898846626282,0.0282330457121134,0.0951656624674797,0.647477567195892,0.27234082171433,0.501585732440599,0,0.22607344584507,2.37885333377865,2.54082753361489,0.298613551653115
107,819.293966373358,3500,1.7914,0.644892692565918,0.0220976881682873,0.0690177008509636,0.688129723072052,0.228163387295301,0.537336507024151,0.0208304619209663,0.213669643759582,1.70880959834467,2.57073232871452,0.301953949327501
107.200000047684,861.101234900791,3500,2.2823,0.590419471263885,0.0261230859905481,0.0642935559153557,0.681864857673645,0.236713024929812,0.517344105182651,0.0228898693287662,0.223053000558771,2.04204967615804,2.55109060910143,0.299759948188289
107.400000095367,861.111669515381,3500,2.1176,0.629444181919098,0.022961201146245,0.0695674046874046,0.691591262817383,0.231214165857764,0.530646265274254,0.0210759857870311,0.217063583080951,1.79849291450885,2.56651203616397,0.301482538124912
107.599999904633,897.29130313952,3500,2.7691,0.6304652094841,0.0213887169957161,0.105381846427917,0.645701587200165,0.251543615461286,0.524787000807157,0.0208095146612682,0.202859869070288,1.79244769121304,2.57420010805823,0.302341303998095
107.799999952316,898.37116728141,3500,3.6502,0.634153723716736,0.0238379184156656,0.072918064892292,0.654962837696075,0.234140989618777,0.536273753761588,0.0211413153351257,0.208443941284509,1.77074798296264,2.56223102380765,0.30100434445492
108,880.197039924684,3500,2.4663,0.640713274478912,0.0271308813244104,0.0691998302936554,0.670071125030518,0.229683406863757,0.537132007204367,0.0227447523306834,0.210439833601192,1.73269560908532,2.54618580518155,0.299212076331861
108.200000047684,888.317648298694,3500,2.0199,0.624679803848267,0.0252747163176537,0.0605919882655144,0.680297017097473,0.228174271450318,0.533319334626186,0.0215782466575001,0.216928147265996,1.82692199711501,2.55522344662408,0.300221590570497
108.400000095367,885.881090547675,3500,2.3774,0.69082111120224,0.0292029194533825,0.0654515624046326,0.639787673950195,0.219829245324622,0.560270948055398,0.0236842029040745,0.196215603715905,1.46473268222574,2.53611742899459,0.298087427917194
108.599999904633,907.638500727954,3500,2.0466,0.665697574615479,0.025032514706254,0.0791294127702713,0.653589069843292,0.231197805256353,0.546313018635955,0.0205432454536459,0.201945930654046,1.59406489294379,2.55640399345003,0.300353458916653
108.799999952316,888.797938351033,3500,2.8184,0.647700548171997,0.0291254259645939,0.0598804019391537,0.654646456241608,0.224137108974903,0.544319737725334,0.0244766571016958,0.207066496198066,1.69291923006649,2.53649359627108,0.298129446205277
109,888.480368459324,3500,2.6561,0.605210661888123,0.0255112033337355,0.0583647191524506,0.695909917354584,0.229887479825551,0.523983149625378,0.0220872524483305,0.224042118100741,1.94686897189451,2.55407103707016,0.300092865187795
109.200000047684,913.618669012197,3500,2.5416,0.627097964286804,0.028963316231966,0.0636256188154221,0.647825241088867,0.230444012094595,0.535964292104804,0.0247541917935068,0.208837504007094,1.81244742591236,2.53728060305805,0.298217355707154
109.400000095367,887.594159558781,3500,2.254,0.674100697040558,0.0265045873820782,0.0887038335204124,0.642688572406769,0.234616900528839,0.546892937051933,0.0215029767842863,0.196987185634942,1.5496828453556,2.54923329597034,0.299552484320269
109.599999904633,922.503143282724,3500,2.0204,0.571276009082794,0.0274369642138481,0.0623250901699066,0.690069079399109,0.238906233073346,0.508095697496554,0.0244025711701167,0.228595498259983,2.17043408310381,2.54469714644394,0.299045791554839
109.799999952316,819.036091778696,3500,1.9292,0.66171795129776,0.0263685770332813,0.0577287375926971,0.642229795455933,0.221635714653329,0.553375874267899,0.0220512898892575,0.202937121189515,1.61547795579348,2.54989536947049,0.299626438640063
110,838.180083400485,3500,2.3769,0.67044198513031,0.0324911177158356,0.0578514412045479,0.655895590782166,0.218240427059135,0.551883181615715,0.0267454929985938,0.203130898326557,1.56886788131881,2.52018359324688,0.29630760138107
110.200000047684,883.685980909943,3500,2.9081,0.616992712020874,0.0276803486049175,0.0605689249932766,0.692361354827881,0.22848665963006,0.527513169988469,0.0236659982435448,0.220334172137927,1.873556661161,2.54351376122264,0.298913606156879
110.400000095367,855.952442298333,3500,2.0967,0.602970719337463,0.0260392464697361,0.0722471922636032,0.677258968353271,0.238535310599249,0.520457193242626,0.0224759058726482,0.218531590285476,1.96105799762729,2.5514988735431,0.299805551764134
110.599999904633,857.688363637955,3500,1.7357,0.600984930992126,0.0259192436933517,0.0601537860929966,0.68778795003891,0.232071915328761,0.522522660339903,0.0225353273771615,0.222870096954174,1.97370420236286,2.55208329951733,0.299870832772035
110.799999952316,948.590214899375,3500,1.8553,0.663174986839294,0.0256526507437229,0.0768751949071884,0.651107728481293,0.230588451402812,0.546217476212768,0.021128550421036,0.202065521963384,1.60760871592568,2.55338189250683,0.30001588700122
111,953.522276834974,3500,1.8635,0.592172801494598,0.0237979516386986,0.0903165489435196,0.663866281509399,0.251082323418795,0.511914978880105,0.0216117228614718,0.215390974839627,2.03058419072611,2.562426098062,0.301026134458275
111.200000047684,884.658944198594,3500,1.6696,0.577694058418274,0.0250708777457476,0.0775729641318321,0.679090261459351,0.246708159044225,0.508086722766961,0.0220500452187532,0.22315507297006,2.12673846636183,2.55621698354862,0.300332569710167
111.400000095367,913.124212749482,3500,1.7899,0.616615831851959,0.0240514148026705,0.0793204009532928,0.662869930267334,0.240432209218622,0.525967121670837,0.0213247493212725,0.212275919789268,1.87586736309252,2.56118910237167,0.300887960713448
111.599999904633,858.773235397485,3500,1.6908,0.62558901309967,0.0216158833354712,0.0688618719577789,0.671525835990906,0.232796223149786,0.532072474305667,0.0212628604069208,0.213868442137627,1.82146869689343,2.57308869935358,0.302217158454214
111.799999952316,837.197629573074,3500,1.8764,0.618273317813873,0.0248226057738066,0.0699793994426727,0.66736900806427,0.235075306314599,0.529312799706504,0.0214028644151295,0.214209029563767,1.86572207914263,2.55742737552447,0.300467771791565
112,962.44178381768,3500,2.3639,0.601290285587311,0.0196744929999113,0.112781688570976,0.660985887050629,0.260427224841189,0.508466747579814,0.02114065201815,0.209965375560846,1.97175549093639,2.58259524918745,0.303279050262892
112.200000047684,919.858591749835,3500,1.8436,0.565409898757935,0.0243178736418486,0.0790501460433006,0.653067350387573,0.251933658600981,0.505738239476618,0.0223615752300941,0.219966526692308,2.21094844878071,2.55988902923691,0.300742741150451
112.400000095367,881.97766176512,3500,1.7831,0.605017066001892,0.0232109539210796,0.0764795243740082,0.684628963470459,0.240034059057851,0.519301304776182,0.0214581263057528,0.219206509860214,1.94809214519803,2.56529210134942,0.301346270098201
112.599999904633,873.754486669772,3500,1.6703,0.601732313632965,0.0256123505532742,0.0744493305683136,0.667135775089264,0.240637847088143,0.52072974304597,0.0221645280139383,0.216467881851949,1.96893720003321,2.55357822848579,0.300037817940567
112.799999952316,840.393975525073,3500,1.6518,0.633366584777832,0.0247003827244043,0.0650568157434464,0.663641631603241,0.229794209093304,0.537569820171921,0.0212187472899476,0.211417223444828,1.77536048925976,2.55802335864481,0.300534343745076
113,826.812410416755,3500,1.8857,0.657062172889709,0.0290203224867582,0.0662584006786346,0.651795089244843,0.225779914583622,0.546049004395134,0.0241172279503297,0.204053853070914,1.64085082610502,2.5370038353593,0.298186440458473
113.200000047684,862.700531055693,3500,1.9338,0.63908863067627,0.0268109049648046,0.0653456896543503,0.666737794876099,0.2283021350183,0.538456263822423,0.0225891981551453,0.210652403004132,1.74205613205704,2.54774253673856,0.299385964915795
113.400000095367,890.101547287155,3500,2.1838,0.657707333564758,0.0280286613851786,0.0710184723138809,0.655909955501556,0.227993737482295,0.544503259951866,0.0232043900340881,0.204298612531751,1.63731415596278,2.54182070772172,0.298724490265657
113.599999904633,988.973735923665,3500,1.4626,0.655814349651337,0.0251256711781025,0.0971465930342674,0.627895057201385,0.243419068196604,0.539728079578352,0.0206781542067265,0.196174698018318,1.64771009524746,2.55594989248986,0.300302735352548
113.799999952316,878.554331209166,3500,1.4473,0.657772779464722,0.0249447952955961,0.0637727603316307,0.660602450370789,0.224655277383401,0.547826121555731,0.0208212523632225,0.206697348697645,1.63695576380242,2.55683163055287,0.300401226439522
114,885.211094369581,3500,1.525,0.646480679512024,0.0264870207756758,0.0582455173134804,0.676701426506042,0.222787777127474,0.54261830883949,0.0222316658099391,0.212362248223096,1.69980727966624,2.54931880179555,0.299562035412618
114.200000047684,864.619218928651,3500,1.4134,0.660913109779358,0.0270199626684189,0.0778437852859497,0.64897757768631,0.231358985779998,0.544703594665851,0.0222689950849036,0.201668424469247,1.61983935295605,2.54672538261441,0.299272347709609
114.400000095367,874.172478801977,3500,1.3864,0.643487393856049,0.0262320060282946,0.0834473967552185,0.648508012294769,0.237700761836675,0.536525296074193,0.0218716558169269,0.203902286272205,1.71680990671642,2.5505602652092,0.29970070820693
114.599999904633,923.252090059202,3500,1.393,0.653490304946899,0.0253604557365179,0.073530524969101,0.655020296573639,0.230607259834383,0.543347895011463,0.0210860821295399,0.204958763024614,1.66055175012634,2.55480560310532,0.300174917001471
114.799999952316,898.964941791237,3500,1.5106,0.665407836437225,0.0242083594202995,0.0719994455575943,0.65737372636795,0.22752037133285,0.548211453926326,0.0205968213743018,0.203671353366522,1.59561532734095,2.56042331456306,0.300802421394204
115,899.794482043008,3500,1.7515,0.65845775604248,0.0272086821496487,0.0766586735844612,0.65326315164566,0.230959818004865,0.543533496124509,0.022459800948544,0.203046884922082,1.6332088352603,2.54580737021256,0.299169804740095
115.200000047684,959.691765841065,3500,1.6679,0.639509379863739,0.0245489999651909,0.0929547920823097,0.646645247936249,0.243549429163391,0.53247733889376,0.0208158533580546,0.203157378584795,1.73962789764981,2.55876163367227,0.300616809857169
115.400000095367,884.502810890297,3500,1.4935,0.622917354106903,0.02431495860219,0.0720858052372932,0.662502586841583,0.235508646867804,0.531093851686319,0.0213147798895315,0.212082721556346,1.83753057466991,2.55990325001862,0.300744329627014
115.599999904633,863.13193453924,3500,1.4382,0.647526144981384,0.0255921799689531,0.0650112107396126,0.666864216327667,0.226745827149872,0.542368336430812,0.021436027229137,0.209449809190179,1.69390254777347,2.55367649934414,0.300048794900804
115.799999952316,911.922705256896,3500,1.4011,0.645521700382233,0.0253611449152231,0.0662303194403648,0.666251420974731,0.22782251460281,0.541355248983844,0.0212686713893063,0.20955356502404,1.70523891919923,2.55480224460241,0.300174541853095
116,945.129162474066,3500,2.0827,0.676430881023407,0.0265764128416777,0.0804911404848099,0.637338221073151,0.230468596537353,0.551292073498989,0.0216598120409388,0.196579517922719,1.53757579804231,2.54888370009044,0.299513434085673
116.200000047684,928.343430618964,3500,2.4295,0.649793207645416,0.0253962837159634,0.0798558741807938,0.653679966926575,0.234539733524015,0.539883209747087,0.021100600940267,0.204476455788631,1.68115837929029,2.55463100948664,0.300155414707077
116.400000095367,883.359482317022,3500,2.3127,0.667719423770905,0.0252296179533005,0.0946793630719185,0.631744384765625,0.239618828343076,0.544489360880018,0.0205733996430107,0.195318411133896,1.58328305071312,2.55544324428867,0.300246142205284
116.599999904633,913.951522509919,3500,2.2564,0.662392318248749,0.0262123867869377,0.0644074231386185,0.65044379234314,0.22445453436846,0.550170867424916,0.021771525995311,0.203603072211313,1.61183157421963,2.55065578911798,0.299711378329955
116.799999952316,867.051222854878,3500,1.7875,0.685934960842133,0.0260672718286514,0.0611150376498699,0.654329538345337,0.218332870756027,0.559503495246952,0.0212625548080783,0.200901079188943,1.48909479056986,2.55136239750821,0.299790307244718
117,883.547425668245,3500,3.952,0.663696825504303,0.0276810731738806,0.0662170648574829,0.666852831840515,0.223932985143872,0.547115731836492,0.0228187781311739,0.206132504888462,1.60479860140707,2.54351023866074,0.298913212682939
117.200000047684,1004.7383959474,3500,2.6139,0.663926005363464,0.0220952611416578,0.118011109530926,0.622210264205933,0.252132472057477,0.536446149393567,0.0201997717012113,0.191221606847745,1.60356583896767,2.57074419570401,0.301955274882949
117.400000095367,894.965065908518,3500,2.0501,0.63815176486969,0.0226517338305712,0.0790940299630165,0.654161870479584,0.236499740206551,0.535769588297232,0.0209891133187822,0.206741558177435,1.74747316213536,2.56802408346097,0.301651435429095
117.599999904633,887.556914635077,3500,2.3385,0.676622986793518,0.027586305513978,0.0639253631234169,0.648619413375854,0.22144196888761,0.555220248652224,0.0226366465606661,0.2007011358995,1.53658154136276,2.54397098305989,0.2989646783263
117.799999952316,898.335323452911,3500,2.1122,0.656313955783844,0.0237696189433336,0.0635961666703224,0.67218005657196,0.224190143856776,0.545758107984838,0.0207887590677937,0.209262989090593,1.6449607759116,2.56256439224511,0.301041582066797
118,919.505045381559,3500,1.9715,0.673701107501984,0.0255125965923071,0.0796296000480652,0.657174289226532,0.229642939931901,0.548403481899206,0.020767661872175,0.201185916296718,1.55176773796346,2.55406424850067,0.300092106897304
118.200000047684,923.517498509705,3500,1.7701,0.609733700752258,0.0246239993721247,0.0876982435584068,0.656405806541443,0.24648702806553,0.521113159045189,0.0213664243259912,0.21103338856329,1.91846227462822,2.55839585650207,0.300575952155098
118.400000095367,897.981818999931,3500,1.8618,0.637118577957153,0.0221693087369204,0.0757480040192604,0.661855280399323,0.234571485268056,0.535502391128864,0.0210126658386689,0.208913457764412,1.75346341171071,2.57038215194008,0.301914834206362
118.599999904633,900.048860490015,3500,1.8757,0.650625586509705,0.0263957437127829,0.0648164972662926,0.667555809020996,0.225869692021911,0.543163446578551,0.0220360272133648,0.208930834186173,1.6764998464135,2.54976311965146,0.299611666193489
118.799999952316,878.937906541523,3500,1.7413,0.631063640117645,0.0265897326171398,0.0686266049742699,0.671509146690369,0.231287575850596,0.533608180226455,0.0224834674865675,0.212620776436381,1.78891230114594,2.54881887161593,0.299506192675565
119,956.889657876398,3500,1.5556,0.657943964004517,0.0248217582702637,0.0948905497789383,0.637828409671783,0.241330469986237,0.540047706779029,0.0205202774219585,0.198101545812776,1.63601865408755,2.55743150785775,0.300468233377622
119.200000047684,910.667958462119,3500,1.6207,0.622377395629883,0.0242969505488873,0.0803985148668289,0.65985906124115,0.239982863361669,0.528313341828642,0.0212215829791648,0.210482211830524,1.84079065065016,2.5599911017705,0.300754142761888
119.400000095367,915.424751295887,3500,1.6647,0.65581202507019,0.0262796152383089,0.0737198889255524,0.654517531394958,0.230110600378948,0.543814327339586,0.0217916578794579,0.204283414402008,1.64772289669027,2.55032846925114,0.2996748163499
119.599999904633,853.729554677287,3500,1.8742,0.624231815338135,0.0220608189702034,0.0642438903450966,0.684352517127991,0.229949975926325,0.531420407640388,0.0212829751136814,0.217346641319606,1.82961382883259,2.57091260448307,0.301974086324127
119.799999952316,911.799266825592,3500,2.2286,0.658457696437836,0.0255155246704817,0.0668679848313332,0.663498938083649,0.225822735041684,0.546356340380124,0.0211715479327824,0.206649376645409,1.6332091609804,2.55404998164562,0.300090513274299
120,908.708221391824,3500,2.4838,0.607562482357025,0.0254217423498631,0.0710208341479301,0.67666631937027,0.23712838401246,0.523138239157307,0.0218892474690415,0.217844129361192,1.93205764203024,2.55450695071094,0.300141557208825
120.200000047684,935.101246120613,3500,1.863,0.615474998950958,0.0236296113580465,0.0618676356971264,0.682436764240265,0.230567543300429,0.52900273853162,0.0214875803011201,0.218942137866831,1.88287581145412,2.5632478395421,0.301117923862614
120.400000095367,894.288339754589,3500,2.0973,0.626817286014557,0.0245042964816093,0.0668070763349533,0.68098521232605,0.23094920504152,0.532002533962774,0.0212184055000048,0.215829855495701,1.81412270414033,2.5589796689571,0.300641164632246
120.599999904633,860.58584064534,3500,1.8747,0.604099631309509,0.0229566227644682,0.0659638196229935,0.686990320682526,0.234688220064535,0.52228453825637,0.0216141721988893,0.221413069480206,1.95389681543413,2.56653440249953,0.301485036468574
120.799999952316,907.721712371143,3500,2.1091,0.60704380273819,0.0242959838360548,0.0729252398014069,0.684627652168274,0.2378067583748,0.521374744791872,0.0214718749470841,0.219346621886244,1.9353165837317,2.55999581789613,0.300754669558177
121,963.463956624172,3500,1.9394,0.599378824234009,0.0220779944211245,0.101236522197723,0.658980846405029,0.255298801788907,0.511835693326865,0.0213485892657693,0.211516915618459,1.983978611777,2.57082862248853,0.301964705445297
121.200000047684,921.1569500267,3500,2.7091,0.568982362747192,0.024048013612628,0.0917760953307152,0.666340112686157,0.256797113374457,0.501098653038263,0.0220173192460145,0.220086914341266,2.18620962898394,2.56120569933364,0.300889814611894
121.400000095367,845.024717767986,3500,2.4279,0.6154665350914,0.0265660900622606,0.0701959505677223,0.66926121711731,0.235321473632258,0.52713737644525,0.022753436977282,0.21478771294521,1.88292788507691,2.54893394254169,0.299519046221343
121.599999904633,843.313894626384,3500,1.9532,0.640575230121613,0.0297006033360958,0.0622010752558708,0.671738803386688,0.225584818839767,0.538156370155614,0.0249518996851479,0.211306911319471,1.73348932161705,2.53370229791584,0.297817655186369
121.799999952316,895.682218565963,3500,1.8068,0.653495013713837,0.028364134952426,0.0688232481479645,0.667047023773193,0.226998639886756,0.542024710779241,0.0235259056633358,0.207450743670666,1.66052564416939,2.54019063561687,0.2985424094639
122,926.584026272292,3500,1.9721,0.666727483272552,0.0263952594250441,0.094295509159565,0.639743149280548,0.238931636625396,0.542674225767185,0.0214840805753229,0.196910057032096,1.58856456324677,2.54976547717507,0.299611929531403
122.200000047684,938.875405871895,3500,1.7967,0.640994906425476,0.0264963898807764,0.077940970659256,0.660723209381104,0.234679011291623,0.535723960831917,0.0221448732156604,0.207452154660799,1.73107725769962,2.5492731972879,0.29955694134022
122.400000095367,900.081715775744,3500,1.6727,0.644445240497589,0.0260133445262909,0.081464558839798,0.662803947925568,0.235726991873624,0.535768765446824,0.021626565930152,0.2068776767494,1.71135349603854,2.55162501260215,0.299819641632268
122.599999904633,909.869043685244,3500,2.0197,0.644189476966858,0.026257025077939,0.0703769847750664,0.661960065364838,0.230243295187652,0.539554453484774,0.0219921239365297,0.208210127391044,1.71280902640895,2.55043845302516,0.299687101655375
122.799999952316,906.644203969169,3500,1.601,0.643843472003937,0.024852866306901,0.069751612842083,0.678268492221832,0.229296662024058,0.538002158053666,0.0208902544425571,0.211810925479718,1.71477977947368,2.55727983087467,0.300451290895995
123,914.853058790521,3500,1.5387,0.659729659557343,0.0246059074997902,0.0974627882242203,0.640381753444672,0.242071639948184,0.539495016227712,0.0204437911958398,0.197989552628263,1.6262712366797,2.55848408921077,0.300585807843256
123.200000047684,888.287130487132,3500,2.4245,0.577815771102905,0.0280063077807426,0.0747564062476158,0.679597795009613,0.244558176997015,0.507741630587071,0.0246098654458242,0.223090326970089,2.12591618503548,2.54192934428506,0.298736625086255
123.400000095367,879.672653746264,3500,1.997,0.613674104213715,0.0255956314504147,0.0736965909600258,0.678516507148743,0.237102826034103,0.524369729279911,0.0218708500851589,0.216656594600827,1.89398158204061,2.55365968362129,0.300046916566533
123.599999904633,920.029944586899,3500,1.8851,0.640279531478882,0.0270090196281672,0.0806891396641731,0.653056025505066,0.236541580314789,0.535286827405586,0.0225800946575686,0.205591497622056,1.73519052378442,2.54677861971235,0.299278294350525
123.799999952316,930.298346336437,3500,1.7828,0.630229115486145,0.0250028371810913,0.0913622677326202,0.656108915805817,0.244076033588328,0.528127673174365,0.0209522059497703,0.206844087287536,1.79384405627327,2.5565486687623,0.300369619304145
124,968.852015454094,3500,1.9579,0.612722754478455,0.0246838871389627,0.0935450568795204,0.654304623603821,0.248912744573602,0.52058924214336,0.0212408156192307,0.209257197663808,1.89986931919004,2.55810380001591,0.300543329132471
124.200000047684,965.303008040627,3500,1.7613,0.640549659729004,0.0245328191667795,0.101631127297878,0.632771611213684,0.248430190568609,0.531729415137997,0.0207528568262356,0.199087537467159,1.73363637696748,2.55884055220678,0.300625625142084
124.400000095367,923.51932026824,3500,1.6536,0.630191147327423,0.025662537664175,0.0869662463665009,0.650123476982117,0.242136589528092,0.530140667755934,0.0215882989015221,0.206134443814452,1.79406870012006,2.55333372627754,0.300010506781768
124.599999904633,922.818134230581,3500,1.6116,0.614508330821991,0.0289089009165764,0.0722998827695847,0.664491593837738,0.236404115060678,0.525598769170074,0.0247262436938608,0.213270872075387,1.88883061604518,2.53754480679763,0.298246867548125
124.799999952316,917.848261804923,3500,1.5988,0.636699438095093,0.0262253694236279,0.0749861001968384,0.666480958461761,0.233757694130199,0.534431550190003,0.0220130001642654,0.209797755515533,1.75589838624337,2.55059257788538,0.299704317567502
125,913.473946642275,3500,1.9591,0.664659440517426,0.0246202480047941,0.102734230458736,0.629121959209442,0.244302548982406,0.541020674037366,0.0203495444831187,0.194327232497109,1.59962632667269,2.55841415150557,0.300577995726603
125.200000047684,959.272575953068,3500,2.3908,0.637764751911163,0.0239399913698435,0.115305237472057,0.626016736030579,0.256039713573987,0.526857176286314,0.0206524888176833,0.196450621322016,1.74971499966385,2.56173285111775,0.300948698031353
125.400000095367,948.943071345028,3500,1.7117,0.634164929389954,0.0264873951673508,0.0904447138309479,0.642384111881256,0.24335653233817,0.531164471127157,0.0221853379043461,0.203293658630327,1.77068239110606,2.54931697942012,0.299561831851329
125.599999904633,916.976813665078,3500,1.5733,0.639313220977783,0.0292046815156937,0.0784857794642448,0.649605572223663,0.235404785867461,0.535160999544474,0.0244468689813937,0.20498734560667,1.74075962049137,2.53610887597761,0.298086472536028
125.799999952316,919.225264832821,3500,1.5135,0.627168774604797,0.0283297076821327,0.0743281915783882,0.666534662246704,0.234889131954551,0.529956307943681,0.0239385439713694,0.211216016130399,1.81202498103751,2.54035789243272,0.298561092229552
126,960.223294807471,3500,2.7827,0.662150323390961,0.0232349373400211,0.105650305747986,0.635025680065155,0.245846498448729,0.538305032871366,0.0203241248193701,0.195524343860535,1.61313923187866,2.56517496908288,0.301333186298448
126.200000047684,974.473399296249,3500,2.1532,0.641379117965698,0.0236001554876566,0.122823797166348,0.616141736507416,0.259487495487862,0.527006050983004,0.0205419086863376,0.192964544842797,1.72887149624848,2.56339164090932,0.301133986629506
126.400000095367,956.622739127044,3500,1.4612,0.617018640041351,0.0265357289463282,0.0873692259192467,0.647081077098846,0.245059921734892,0.524753049206094,0.0225677212548375,0.207619307804176,1.87339777660621,2.54908171754514,0.299535552847663
126.599999904633,899.649913088659,3500,2.2175,0.617421507835388,0.0289353765547276,0.0689972564578056,0.66550076007843,0.234067374594895,0.52778964578087,0.0247347913031034,0.213408188321132,1.87093042133558,2.53741625726727,0.298232508427762
126.799999952316,903.652299134955,3500,2.6217,0.651436328887939,0.0245904326438904,0.0839829295873642,0.651856660842896,0.236444457299412,0.539491778298895,0.0207039335379045,0.203359830863789,1.67197306255293,2.55855956022458,0.300594238036413
127,852.13582396383,3500,2.9501,0.643372416496277,0.0281186755746603,0.0812567323446274,0.638854265213013,0.236835527917521,0.537699593559314,0.0235002310329985,0.201964647490166,1.71746586652564,2.54138327191688,0.29867562821727
127.200000047684,941.312190560003,3500,2.7088,0.661285638809204,0.0259644575417042,0.0947876423597336,0.630004227161407,0.240893131994745,0.541954904870396,0.0212791028433111,0.195872860291548,1.61781934781511,2.55186309493007,0.29984623568355
127.400000095367,847.065397872051,3500,1.69,0.650224149227142,0.0284597370773554,0.0758606567978859,0.641429781913757,0.232587688685424,0.541725189271583,0.0237108333690389,0.201976288673954,1.67874516627101,2.5397262061995,0.298490532200053
127.599999904633,820.16045707616,3500,1.3323,0.638794243335724,0.0286942049860954,0.0665594562888145,0.662619411945343,0.228849113066405,0.537619315984968,0.0241494957387234,0.209382075209903,1.7437567891793,2.53858736856898,0.298363322815744
127.799999952316,893.334261933749,3500,1.3954,0.650433659553528,0.0251476559787989,0.0730272233486176,0.659059047698975,0.230750981688314,0.541910516438039,0.0209518358075617,0.206386666066086,1.67757301098511,2.55584273160908,0.300290765367274
128,859.755050480452,3500,1.8476,0.674273371696472,0.0287807229906321,0.0682673677802086,0.632503271102905,0.224701067227574,0.554476676855708,0.0236673140468226,0.197154941869896,1.54878269108788,2.5381672100865,0.298316390662787
128.200000047684,870.159990260991,3500,1.7065,0.686124563217163,0.0269226655364037,0.0728863850235939,0.647234559059143,0.224340280426302,0.555985585993772,0.0218161756293719,0.197857957950555,1.48814231852493,2.54719874711694,0.299325223032049
128.400000095367,990.257737624806,3500,1.8762,0.65544867515564,0.0218514911830425,0.110608503222466,0.629707932472229,0.249890432907132,0.534782629037412,0.0203975783805812,0.194929359674875,1.64972492361603,2.57193626325209,0.302088430106119
128.599999904633,912.755812767513,3500,1.8128,0.612738490104675,0.0255945362150669,0.0691197365522385,0.664662480354309,0.235797817421857,0.527474747538782,0.0220330071416084,0.214694427897753,1.89977181637125,2.55366501963483,0.300047512604965
128.799999952316,898.526993810713,3500,1.8086,0.642354309558868,0.0245509017258883,0.0646318346261978,0.666761040687561,0.227659426020705,0.540795393734615,0.0210473949379277,0.210497785306753,1.72328351912891,2.55875235830944,0.300615773789197
129,905.328666285104,3500,1.7961,0.649366438388824,0.0248238202184439,0.0683151483535767,0.657691299915314,0.228698782481791,0.543421228998241,0.0209212086147596,0.206958779905208,1.6835511562251,2.55742145403337,0.30046711035466
129.200000047684,888.549793242371,3500,1.6553,0.621509253978729,0.0227325819432735,0.0676095634698868,0.670723855495453,0.233015245063315,0.530994874619573,0.021359089636248,0.214630790680863,1.8460419585899,2.56762901598815,0.301607305968818
129.400000095367,916.36089075362,3500,1.5633,0.619096040725708,0.0237342771142721,0.0782920345664024,0.670643508434296,0.23893071200447,0.52628250077569,0.0212520540495938,0.213534733170246,1.86070260952665,2.56273690420398,0.301060851837558
129.599999904633,951.349417008102,3500,1.5457,0.62781286239624,0.0221203006803989,0.109157860279083,0.638023734092712,0.254420973554164,0.523455203228614,0.0208443962596867,0.201279426957535,1.80818612318144,2.57062176585348,0.301941599337386
129.799999952316,960.976217936614,3500,1.8843,0.54855078458786,0.0259614270180464,0.0865421965718269,0.673319756984711,0.258079049397948,0.492410540801704,0.0233044609124839,0.226205948887864,2.33045115276989,2.5518778541418,0.299847884303325
130,937.566033601646,3500,2.2699,0.620919287204742,0.0230077058076859,0.0836029946804047,0.638170599937439,0.24323299094791,0.529532195646319,0.0213204923151192,0.205914321090652,1.84961749450688,2.5662848572779,0.301457161999774
130.200000047684,917.59486060034,3500,1.9529,0.634437024593353,0.0247289799153805,0.0929229184985161,0.641863703727722,0.244860401930312,0.531142541285895,0.0209296794124813,0.203067377371311,1.76909031190528,2.55788390654224,0.300518766795708
130.400000095367,907.975600311269,3500,1.8054,0.636913657188416,0.0241553746163845,0.0932713001966476,0.642849624156952,0.244464873558665,0.531860489045071,0.0208764752899518,0.202798162106312,1.75465353869033,2.56068183222522,0.300831298094231
130.599999904633,951.360069128511,3500,1.78,0.58648407459259,0.0231633018702269,0.0991322621703148,0.659010887145996,0.257086436438303,0.507115215936877,0.0216167513282075,0.214181596296612,2.06796336452437,2.56552483703269,0.301372266923545
130.799999952316,965.676810765088,3500,1.7082,0.61926680803299,0.0230065695941448,0.090832807123661,0.625614643096924,0.247995731165788,0.528023866490743,0.0213164931351615,0.202663909208308,1.85966210772311,2.5662904076405,0.301457781981227
131,933.21681133209,3500,1.7644,0.641280889511108,0.0236479584127665,0.106141485273838,0.633550047874451,0.25041872279625,0.530362796534704,0.0206759161706438,0.198542564498402,1.72943520183953,2.5631582727789,0.301107919159137
131.200000047684,892.739893395099,3500,1.7691,0.579478085041046,0.0252960342913866,0.07561095058918,0.661820948123932,0.246381077538893,0.511772187925281,0.0223404597159509,0.219506274819875,2.11470944768597,2.55511955192024,0.300209985420691
131.400000095367,961.89942899925,3500,1.755,0.589450240135193,0.0192780774086714,0.109263323247433,0.667017579078674,0.260925264354707,0.503897983901037,0.0213715233954891,0.213805228348767,2.04840884260041,2.58453872362808,0.303496138441563
131.599999904633,957.93727064293,3500,1.7868,0.612892866134644,0.0193952601402998,0.126620471477509,0.607066214084625,0.268144528958704,0.515566015979099,0.0210300219037725,0.195259433158424,1.89881546471561,2.58396413958828,0.30343195678829
131.799999952316,966.429261781977,3500,1.7828,0.619242668151855,0.0266493279486895,0.0961241722106934,0.636184215545654,0.249615667953285,0.524016274395346,0.0225512263043662,0.203816831347003,1.85980916604894,2.54852882695684,0.299473794376181
132,890.994209253229,3500,2.3416,0.670032382011414,0.0251846481114626,0.0942886844277382,0.632345736026764,0.238952638352684,0.545422032873178,0.0205008927015047,0.195124436072633,1.57102903136849,2.55566242569393,0.300270625003242
132.200000047684,880.950236777156,3500,1.681,0.576549887657166,0.0233970861881971,0.0832621082663536,0.676378846168518,0.250081136835994,0.506008290940393,0.0219412188681789,0.221969353355435,2.13447998114527,2.56438312816426,0.301244736818883
132.400000095367,926.401911481488,3500,1.7049,0.630225241184235,0.0231023635715246,0.0834016278386116,0.632163822650909,0.241585378438627,0.534121932878597,0.0211877396355526,0.203104949047223,1.79386697805806,2.56582248014885,0.301405513978732
132.599999904633,976.739547945408,3500,1.6429,0.650218307971954,0.0253316648304462,0.0962242484092712,0.634607434272766,0.243648268140388,0.536932473457523,0.0209181951468446,0.198501063255244,1.67877785662402,2.55494590895547,0.300190589315359
132.799999952316,947.170263516358,3500,1.6123,0.581866204738617,0.0211789235472679,0.111366100609303,0.661155343055725,0.264066148565381,0.500711674614575,0.0215131790838197,0.213708997736224,2.09868696591751,2.57522674927021,0.302455980922164
133,998.979445978818,3500,1.7059,0.611984968185425,0.0197169724851847,0.114531278610229,0.620123028755188,0.2616253696832,0.517597767759799,0.0211442190032261,0.199632643553775,1.90444531931253,2.58238703508403,0.303255792524308
133.200000047684,895.065836549053,3500,1.6152,0.632512331008911,0.0244421400129795,0.0977498218417168,0.639727771282196,0.247763590732946,0.528999982532371,0.020908682589973,0.20232774414471,1.78037749488403,2.55928284545614,0.300675029772232
133.400000095367,888.228036255913,3500,1.4539,0.646220326423645,0.0268055871129036,0.0958350151777267,0.638088643550873,0.243756517589219,0.53441803322876,0.0221679643283594,0.199657484853662,1.70128045948634,2.54776841318665,0.299388855342789
133.599999904633,959.381045568799,3500,1.3685,0.646192252635956,0.0215170737355947,0.123377181589603,0.632445871829987,0.257695936978638,0.526575294980219,0.0203722380155521,0.195356530025591,1.70143937675855,2.57357209247738,0.302271153984402
133.799999952316,1042.44406573443,3500,1.2942,0.564554929733276,0.0192708354443312,0.135811790823936,0.654392719268799,0.280540135800608,0.485928767577263,0.021518223559169,0.21201287306296,2.21689927375674,2.58457423552515,0.303500105158539
134,992.930524461254,3500,2.2266,0.591005027294159,0.0216888934373856,0.11184223741293,0.61916309595108,0.265090040696313,0.509930687679124,0.0215704885800116,0.203408783044552,2.03821510158921,2.57273155305942,0.30217726483025
134.200000047684,991.851661297829,3500,1.9989,0.644493818283081,0.0231464020907879,0.103315688669682,0.638638556003571,0.24807565981041,0.531904689727861,0.0206326528912583,0.19938699757047,1.71107716191154,2.56560737937043,0.301381486991166
134.400000095367,958.177177374467,3500,2.1176,0.562104880809784,0.0204410813748837,0.0995364636182785,0.677092254161835,0.261574855117479,0.493997018521052,0.0219708561242782,0.222457270237191,2.23401708328491,2.57883918764502,0.302859494161625
134.599999904633,965.372611862237,3500,2.257,0.614048838615417,0.0199281182140112,0.120080329477787,0.617503583431244,0.264034124260633,0.516892412095035,0.0210444340738656,0.198029029570466,1.89166639179286,2.58135223366882,0.30314020409679
134.799999952316,993.414357080344,3500,2.5566,0.636762380599976,0.0218451637774706,0.129896342754364,0.618959128856659,0.263642312086988,0.522463437541005,0.020512496241091,0.193381754130916,1.75553254517918,2.57196720906381,0.302091886786466
135,921.079656126042,3500,2.4449,0.613523721694946,0.0221289973706007,0.100100621581078,0.646292924880981,0.252504014116851,0.519719504648422,0.0211776450636914,0.206598836171035,1.8949113095402,2.57057924445857,0.301936849651985
135.200000047684,954.936583087783,3500,2.2817,0.626686811447144,0.0211296007037163,0.0953280404210091,0.651600360870361,0.247041746656718,0.525954531508984,0.0209815541791302,0.206022167655168,1.81490189398,2.57546814654616,0.302482945256697
135.400000095367,903.867224383831,3500,1.3432,0.564280211925507,0.0193281602114439,0.088026374578476,0.687214016914368,0.254527204207264,0.49755553261252,0.0220438144957582,0.225873448684458,2.21881386975745,2.58429314338568,0.303468706865194
135.599999904633,938.481125282075,3500,1.3916,0.614938199520111,0.018234483897686,0.0888829454779625,0.640461683273315,0.246992797698406,0.524957626525679,0.0213418855315603,0.206707690244355,1.88618072151051,2.58965882151911,0.304068058865389
135.799999952316,889.353996404011,3500,1.3578,0.632050275802612,0.0210563763976097,0.0948373451828957,0.64686506986618,0.245985548655891,0.528875663813058,0.0209190504323989,0.204219737098652,1.78309599629547,2.57582654547945,0.302522978801794
136,987.368679248275,3500,1.5033,0.556242525577545,0.018550293520093,0.0941043570637703,0.686419725418091,0.259516385175518,0.492001913596852,0.0221127426874639,0.226368958540166,2.27536556884637,2.58810881587374,0.303894921572998
136.200000047684,974.319455112834,3500,1.3576,0.581355392932892,0.0187639147043228,0.108637489378452,0.656907975673676,0.263120742311148,0.501962483069445,0.0215858702426877,0.213330904376719,2.10210645621099,2.58706063771596,0.303777838948994
136.400000095367,896.927965685737,3500,1.556,0.617229878902435,0.0199478808790445,0.0850292220711708,0.632158398628235,0.245097368797102,0.528359679517628,0.0214004416173583,0.205142510067912,1.87210372484035,2.58125539048369,0.303129386609182
136.599999904633,902.662466347305,3500,1.5566,0.648772537708282,0.0211273171007633,0.0817015245556831,0.64822655916214,0.236052258663582,0.53975871449573,0.0207992278928131,0.203389798947875,1.68688584214304,2.57547932331587,0.302484193713856
136.799999952316,913.725081916954,3500,1.6515,0.638266324996948,0.0212661810219288,0.0976543724536896,0.648411154747009,0.245996868964203,0.530139108907304,0.0207648080489692,0.203099214079523,1.74681001304971,2.5747997210285,0.302408281409736
137,914.553861762685,3500,1.6931,0.6232048869133,0.0215769950300455,0.104819148778915,0.646636605262756,0.252738993888378,0.521966899034818,0.0209388160296725,0.204355291047131,1.83579645796815,2.57327894163609,0.302238408721134
137.200000047684,996.762157535612,3500,1.6187,0.633383750915527,0.0195181332528591,0.123868808150291,0.634433567523956,0.260519596969093,0.521161308934882,0.0205705193802954,0.197748574715729,1.77525979274214,2.5833617275499,0.30336466671774
137.400000095367,942.429880636613,3500,1.6644,0.568207621574402,0.0214367508888245,0.0885002538561821,0.675281345844269,0.254692049613106,0.500701880779448,0.0220298822898614,0.222576187317584,2.19155726453148,2.57396508127755,0.302315051254715
137.599999904633,918.492974293529,3500,1.718,0.617739260196686,0.019512003287673,0.0868842899799347,0.669049203395844,0.243620010133908,0.522965484817925,0.0211644911742947,0.212250013873873,1.86898618555982,2.58339177924238,0.30336802352401
137.799999952316,944.996516026216,3500,1.6837,0.544430315494537,0.0220667812973261,0.0850265845656395,0.693632185459137,0.257057166377355,0.488786513212654,0.0224448611374929,0.231711459272498,2.36034989952325,2.57088345060543,0.301970829804738
138,898.717039812257,3500,1.5452,0.618782579898834,0.0204896461218596,0.0786270648241043,0.644019663333893,0.240798489298101,0.529635593506627,0.0213982912056614,0.20816762598961,1.86261377110871,2.5786013333862,0.302832925585905
138.200000047684,894.173393622171,3500,1.4949,0.623700737953186,0.0234163515269756,0.0837523341178894,0.676551163196564,0.240377864773517,0.525446052794143,0.0210616254246593,0.213114457007681,1.83280907693581,2.56428905616221,0.301234228875397
138.400000095367,944.975688153716,3500,1.3476,0.587915182113647,0.0206073522567749,0.0853830724954605,0.671410620212555,0.249013417352996,0.510814317352153,0.0217214290807942,0.218450836214057,2.05851117705943,2.57802489613371,0.302768536926788
138.599999904633,864.537638893922,3500,1.2974,0.576661288738251,0.019493592903018,0.0744887366890907,0.694752097129822,0.244336772347069,0.506648481279031,0.0219647343758583,0.227050011998041,2.13372531562207,2.58348203589558,0.303378105288939
138.799999952316,883.332469635757,3500,1.3866,0.655904531478882,0.021801084280014,0.0836201161146164,0.65012514591217,0.235495172187136,0.541548110083648,0.0206412703409217,0.202315447388295,1.64721353165414,2.57218279678939,0.302115968166551
139,892.538785494048,3500,1.3551,0.591430842876434,0.0197457186877728,0.0754029825329781,0.684197902679443,0.242340917978606,0.514062154720095,0.021729596998186,0.221867330303113,2.03543004922129,2.58224614007738,0.303240054401008
139.200000047684,913.017064302011,3500,1.711,0.614828824996948,0.0220363438129425,0.0710249245166779,0.677728772163391,0.235676840740247,0.526148181276077,0.021394092139332,0.216780885844343,1.88685467242585,2.57103228205689,0.301987454437432
139.400000095367,931.69465706315,3500,2.5072,0.567016124725342,0.0226183235645294,0.0743646174669266,0.703446447849274,0.24579223307345,0.501316377261137,0.0221032681171091,0.230788121548304,2.19980028998289,2.56818735357953,0.301669672876384
139.599999904633,891.158691838684,3500,1.8233,0.610208988189697,0.0210311505943537,0.0665501430630684,0.665824174880981,0.235039549816196,0.527467597682383,0.0216101207902238,0.215882731711197,1.9154962631048,2.57595002026654,0.302536771067893
139.799999952316,900.165570552754,3500,2.4795,0.647536396980286,0.023552818223834,0.0824035778641701,0.671500682830811,0.23527590344578,0.535924098018559,0.0206908870496617,0.208109111485999,1.69384473162911,2.56362274699654,0.301159801427224
140,925.730684717484,3500,2.3952,0.554335534572601,0.0213895197957754,0.0716409236192703,0.701897263526917,0.24725194450899,0.496812303785427,0.0224057575601966,0.233529994145387,2.28893452595751,2.57419617991386,0.302340865220158
140.200000047684,886.274943193783,3500,1.7273,0.613581717014313,0.0249068848788738,0.0652651786804199,0.660596787929535,0.234010903530559,0.530015455947421,0.021595145408116,0.214378495113904,1.89455271540485,2.55701645789155,0.300421871851412
140.400000095367,902.163037936498,3500,1.7354,0.635512113571167,0.0205138716846704,0.0865463837981224,0.66587883234024,0.240032153707264,0.53057413119177,0.0208719125828415,0.208521802518124,1.76281135482686,2.57848268890539,0.302819672870196
140.599999904633,902.203892751248,3500,2.3707,0.609393715858459,0.0258537065237761,0.0696444511413574,0.666321992874146,0.236593835554856,0.525581045141091,0.022297929469777,0.215527189834276,1.9205861536869,2.55240250273366,0.299906488113526
140.799999952316,887.851933365045,3500,2.4805,0.686947703361511,0.0243236143141985,0.0752139240503311,0.643277227878571,0.225897675896381,0.556865244862333,0.0202659257079312,0.196971153533355,1.48401392344506,2.55986102396227,0.300739612931249
141,922.840399353439,3500,2.1803,0.603596091270447,0.0239961240440607,0.072772242128849,0.680051922798157,0.238717053176438,0.520622406950025,0.0215633606015498,0.219097179271987,1.95708847084854,2.56145891470254,0.300918099040079
141.200000047684,929.861122287339,3500,1.8772,0.613584518432617,0.0238627698272467,0.071618065237999,0.674087405204773,0.236451971438844,0.525926808435202,0.0214284582089305,0.216192761917023,1.89453539515962,2.56210973032334,0.30099079584268
141.400000095367,876.207056452384,3500,1.3528,0.616838455200195,0.0220372080802917,0.0654130131006241,0.683450698852539,0.232060211810256,0.528162227519307,0.0214060189935747,0.218371541676862,1.87450215530698,2.57102805594848,0.301986982376591
141.599999904633,923.748623342813,3500,1.3514,0.62505054473877,0.0217822678387165,0.0891896113753319,0.682864725589752,0.242422155104033,0.523283491509093,0.0209296470466957,0.213364706340178,1.82469675200555,2.57227482878691,0.302126248239344
141.799999952316,948.942049996737,3500,1.3821,0.606157064437866,0.0224080570042133,0.11363073438406,0.609725654125214,0.263179159805586,0.51688716976268,0.0213182028259469,0.198615467605787,1.94089806313759,2.56921501752569,0.301784464040958
142,891.202849910338,3500,2.1416,0.629188716411591,0.0276942066848278,0.077426478266716,0.653129994869232,0.236975320509038,0.531762141808907,0.0234059039494741,0.207856633732581,1.80000806429187,2.54344638928562,0.298906080639283
142.200000047684,928.048508613344,3500,1.4376,0.653651595115662,0.0244894828647375,0.0845180228352547,0.647354066371918,0.236539001978932,0.540752314212496,0.0206819779165693,0.202026705892003,1.6596577405274,2.55905192260377,0.300649235442044
142.400000095367,892.788668987661,3500,1.3519,0.62993586063385,0.0266118701547384,0.0811472609639168,0.667849659919739,0.238023408199681,0.52927002846214,0.022359205364268,0.210347357973911,1.79557973795847,2.54871112830914,0.299494157632682
142.599999904633,898.67405852797,3500,1.376,0.577132403850555,0.0242569427937269,0.0793582797050476,0.680887341499329,0.247649949489389,0.507013428085837,0.0219626131154267,0.223374009309347,2.13053603098568,2.56018628421561,0.300775944850267
142.799999952316,903.678226982134,3500,1.3675,0.614964723587036,0.0250201746821404,0.0699162259697914,0.645419418811798,0.237046799959035,0.530990956849664,0.0216036562512437,0.210358586940058,1.88601731265926,2.55646414944211,0.300360178405463
143,885.874707198619,3500,1.3419,0.679695010185242,0.0270118527114391,0.0822310224175453,0.626981437206268,0.231207262054961,0.55307353105245,0.0219797711260419,0.193739435766547,1.52076229200186,2.54676483691007,0.299276754796733
143.200000047684,864.068727853758,3500,1.3569,0.603490769863129,0.0231927167624235,0.0662997961044312,0.682881712913513,0.235236000297685,0.522471562055285,0.021643726306443,0.220648711340587,1.95775655666988,2.56538117146494,0.301356219325599
143.400000095367,899.086661547924,3500,1.3957,0.655108392238617,0.0263544656336308,0.0685300529003143,0.634916186332703,0.228756453576401,0.548028475432226,0.0220467296605306,0.201168341330842,1.65160176883385,2.54996406647893,0.299634112169558
143.599999904633,909.976376027117,3500,1.4424,0.64846396446228,0.0233443882316351,0.0728856399655342,0.665074527263641,0.230740318114546,0.540459994671295,0.0208361614634768,0.207963525750683,1.68862067425262,2.5646404599966,0.301273481060448
143.799999952316,935.559061553265,3500,1.3408,0.637532591819763,0.0267127864062786,0.0671589747071266,0.666177272796631,0.229572696116399,0.537329930613479,0.0225142680552342,0.210583105214888,1.75106097594319,2.54822000036258,0.299439298114499
144,945.585956664506,3500,1.6185,0.659457683563232,0.0228805970400572,0.0718536972999573,0.649258971214294,0.229030263163539,0.547140079327247,0.0207420465696486,0.203087610939566,1.62775255427296,2.56690581910199,0.301526524101274
144.200000047684,885.675887956011,3500,1.3563,0.625817120075226,0.0252213627099991,0.0770354419946671,0.665348470211029,0.237215524423453,0.530025294265409,0.0213608093535936,0.211398371957545,1.82010262103038,2.55548347929238,0.300250636498335
144.400000095367,904.063904396149,3500,1.3886,0.60210382938385,0.0232962798327208,0.0892619490623474,0.661584496498108,0.248561148860384,0.51673705932594,0.0214554796908837,0.213246312122792,1.96657090072797,2.56487539247151,0.301299723269773
144.599999904633,893.482244080208,3500,1.3014,0.59481805562973,0.0266943573951721,0.0804163366556168,0.66105717420578,0.245302751166589,0.51608679223529,0.0231610408400793,0.215449415758043,2.01337926434938,2.54830968481599,0.299449315964099
144.799999952316,948.209259769097,3500,1.3135,0.626726508140564,0.018603540956974,0.113256573677063,0.642514228820801,0.256347496437227,0.521047236478476,0.020784474157012,0.201820792927285,1.81466479779949,2.58784752455547,0.30386573505261
145,998.755594969723,3500,1.2773,0.588147819042206,0.0190792717039585,0.134324297308922,0.642777979373932,0.27505552095025,0.498112000446826,0.02117290859201,0.205659570010914,2.05697775167753,2.58551368800209,0.303605043007426
145.200000047684,974.888635683626,3500,1.2702,0.55713826417923,0.0232791658490896,0.0877788290381432,0.671278297901154,0.257103612329209,0.496562929676804,0.0222818536081136,0.224051604385873,2.26901213643349,2.56495896966113,0.301309058931459
145.400000095367,895.779097002333,3500,1.8851,0.626262962818146,0.0202273018658161,0.082474485039711,0.660812199115753,0.240176785628592,0.529011266309243,0.0211177771047135,0.209694170957451,1.81743498369177,2.57988635002285,0.30297646332192
145.599999904633,1135.44644188512,3500,2.3217,0.5256467461586,0.023885877802968,0.112335480749607,0.688854038715363,0.282241235530479,0.482278068005972,0,0.235480696463549,2.50008807543939,2.56199694888121,0.300978198034678
145.799999952316,857.51039210454,3500,2.3515,0.599922657012939,0.0227729417383671,0.0646075382828712,0.678016543388367,0.235386801662989,0.522252484236032,0.0217633255775156,0.220597388523464,1.98049504297269,2.56743180849671,0.301585277680593
146,884.720847167568,3500,1.5613,0.612703382968903,0.0246809907257557,0.0696847662329674,0.693905115127563,0.234444804748944,0.523575611743797,0.0213633393538146,0.220616244153445,1.89998935650986,2.55811792462923,0.300544906866923
146.200000047684,905.575682164164,3500,1.405,0.596200108528137,0.0239801146090031,0.0815389677882195,0.675773918628693,0.245004223225805,0.515061146306079,0.021597662384599,0.218336968083517,2.00443481882151,2.56153704169664,0.300926825909082
146.400000095367,859.732340210947,3500,1.2896,0.592338621616364,0.0267353765666485,0.0664640963077545,0.679105401039124,0.237489679694147,0.517485568982892,0.0233568621894193,0.221667889133541,2.02950239540517,2.54811006806716,0.29942701855924
146.599999904633,917.506229917131,3500,1.2544,0.63157844543457,0.0230464246124029,0.0661263987421989,0.673473000526428,0.230112553565479,0.535145750298638,0.0211828694506199,0.213558826685263,1.78587553494726,2.56609572115652,0.301436035292238
146.799999952316,907.965552125844,3500,1.2635,0.66522479057312,0.022268733009696,0.0963373705744743,0.631692171096802,0.240957654172143,0.543095801310763,0.0204102360963901,0.195536308420704,1.59659552677449,2.56989607612616,0.301860539016812
147,955.289402550072,3500,1.3934,0.622278034687042,0.0276122186332941,0.0905129164457321,0.621361553668976,0.246920190799568,0.52874387987141,0.0234618463101757,0.200874083018846,1.84139106463907,2.54384499337816,0.298950605143774
147.200000047684,886.884506963317,3500,1.289,0.662815570831299,0.0252489969134331,0.0608032904565334,0.637328803539276,0.223471924020628,0.553874182329717,0.0210990328765718,0.201554860773083,1.60954671419058,2.55534879504567,0.300235592123579
147.400000095367,914.934428477426,3500,1.3189,0.697588801383972,0.025918522849679,0.0792210847139359,0.639578223228455,0.225944910982578,0.559335929069399,0.0207818144865144,0.193937345461508,1.43162026438706,2.55208681031838,0.299871224932276
147.599999904633,916.242048583684,3500,1.3693,0.61173015832901,0.0263936053961515,0.0714317709207535,0.668867468833923,0.236768222662884,0.525315367618829,0.0226651675296489,0.215251242188638,1.90602775960973,2.54977352903376,0.299612828932652
147.799999952316,943.004876767327,3500,1.3418,0.643004357814789,0.0223967339843512,0.0916041806340218,0.65520453453064,0.241664309833882,0.533163602979637,0.0207293930631964,0.204442694123284,1.71956710831385,2.56927036431116,0.301790646336233
148,977.705525279775,3500,1.4414,0.639118671417236,0.0225780587643385,0.116089195013046,0.620944976806641,0.256450825191395,0.527782117252537,0.0206449185752228,0.195122138980846,1.74188266655729,2.56838412802222,0.3016916527926
148.200000047684,919.218216545103,3500,1.41,0.605661690235138,0.0243441388010979,0.0976552814245224,0.638763904571533,0.253470908165807,0.518340947350101,0.0213956469307504,0.206792497553342,1.94402162038567,2.55976089872943,0.300728428835393
148.400000095367,969.978727687004,3500,1.3702,0.66850608587265,0.0213917139917612,0.115144200623035,0.583948016166687,0.252186998937346,0.544163183741928,0.0203499711985266,0.183299846122199,1.57910572082777,2.57418544360996,0.302339665963501
148.599999904633,990.722303956699,3500,1.3882,0.625831246376038,0.0263246633112431,0.0868367478251457,0.636551141738892,0.243664910217722,0.529981937777959,0.0222929042834368,0.204060247720883,1.82001804950808,2.55010915318991,0.299650318510726
148.799999952316,901.314106925059,3500,1.4125,0.65714567899704,0.0254326090216637,0.0719945132732391,0.645607888698578,0.22966729836609,0.546520899640279,0.021151249725834,0.202660552267797,1.64039268344321,2.5544539988958,0.300135642434303
149,947.298065841673,3500,1.4956,0.641209781169891,0.0241835750639439,0.0877005532383919,0.644250988960266,0.240761729477718,0.535282015229968,0.0208700035054574,0.203086251786857,1.72984336902526,2.56054423793746,0.30081592866477
149.200000047684,931.938234449549,3500,1.3914,0.630184173583984,0.0242547206580639,0.0744909718632698,0.630361080169678,0.237209174348167,0.537518437594117,0.0213238629326861,0.20394852512503,1.79410996374208,2.56019712539518,0.300777155821648
149.400000095367,941.660175658789,3500,1.45,0.675085783004761,0.0243336539715528,0.0915465801954269,0.62679249048233,0.237006307363749,0.549060094824585,0.020332975032475,0.193600622779191,1.54455398724504,2.55981204693125,0.300734142144374
149.599999904633,888.60259181728,3500,1.5002,0.670503675937653,0.0275416485965252,0.093679666519165,0.614603281021118,0.239144013995101,0.547128208029479,0.0224738705894815,0.191253907385938,1.5685426205648,2.54418811303591,0.298988931977413
149.799999952316,949.071605084255,3500,1.4174,0.603096425533295,0.0237343646585941,0.0908476114273071,0.658164322376251,0.249365077570702,0.517054937389424,0.0214333444661114,0.212146640573763,1.96025957939558,2.5627364768714,0.30106080410405
