Episode,Iteration,Return,Success,Steps,ActorLoss,CriticLoss,PolicyStd,Status
1,1,-10.0894650777854,0,93,-0.0144349742209072,1.42458723662519,0.577258734903789,unsafe_touchdown
2,1,-9.50857506559965,0,86,-0.0144349742209072,1.42458723662519,0.577258734903789,unsafe_touchdown
3,1,-8.5999607498544,0,86,-0.0144349742209072,1.42458723662519,0.577258734903789,unsafe_touchdown
4,1,-8.6146452796252,0,88,-0.0144349742209072,1.42458723662519,0.577258734903789,unsafe_touchdown
5,1,-7.42189545435924,0,85,-0.0144349742209072,1.42458723662519,0.577258734903789,unsafe_touchdown
6,1,-9.79979543425575,0,91,-0.0144349742209072,1.42458723662519,0.577258734903789,unsafe_touchdown
7,1,-9.75306864108128,0,86,-0.0144349742209072,1.42458723662519,0.577258734903789,unsafe_touchdown
8,1,-8.82001472811848,0,89,-0.0144349742209072,1.42458723662519,0.577258734903789,unsafe_touchdown
9,1,-9.03501072797974,0,88,-0.0144349742209072,1.42458723662519,0.577258734903789,unsafe_touchdown
10,1,-10.4647972654409,0,91,-0.0144349742209072,1.42458723662519,0.577258734903789,unsafe_touchdown
11,1,-9.14286423413677,0,87,-0.0144349742209072,1.42458723662519,0.577258734903789,unsafe_touchdown
12,1,-9.60645902024414,0,90,-0.0144349742209072,1.42458723662519,0.577258734903789,unsafe_touchdown
13,1,-8.17805136859242,0,90,-0.0144349742209072,1.42458723662519,0.577258734903789,unsafe_touchdown
14,1,-9.12191760427072,0,95,-0.0144349742209072,1.42458723662519,0.577258734903789,unsafe_touchdown
15,1,-9.63966313729092,0,96,-0.0144349742209072,1.42458723662519,0.577258734903789,unsafe_touchdown
16,1,-9.68546705765248,0,96,-0.0144349742209072,1.42458723662519,0.577258734903789,unsafe_touchdown
17,1,-9.29304543234737,0,95,-0.0144349742209072,1.42458723662519,0.577258734903789,unsafe_touchdown
18,1,-7.97196776288254,0,100,-0.0144349742209072,1.42458723662519,0.577258734903789,unsafe_touchdown
19,1,-9.84232872446357,0,95,-0.0144349742209072,1.42458723662519,0.577258734903789,unsafe_touchdown
20,1,-9.53841727681102,0,94,-0.0144349742209072,1.42458723662519,0.577258734903789,unsafe_touchdown
21,1,-8.85247784216583,0,94,-0.0144349742209072,1.42458723662519,0.577258734903789,unsafe_touchdown
22,1,-9.75051473547834,0,80,-0.0144349742209072,1.42458723662519,0.577258734903789,unsafe_touchdown
23,1,-9.20709014375847,0,82,-0.0144349742209072,1.42458723662519,0.577258734903789,unsafe_touchdown
24,2,-11.1373321491353,0,83,-0.0416637023411184,0.448402848034849,0.575037572532042,unsafe_touchdown
25,2,-8.83825658791003,0,84,-0.0416637023411184,0.448402848034849,0.575037572532042,unsafe_touchdown
26,2,-9.51246529712967,0,96,-0.0416637023411184,0.448402848034849,0.575037572532042,unsafe_touchdown
27,2,-9.8057377780657,0,99,-0.0416637023411184,0.448402848034849,0.575037572532042,unsafe_touchdown
28,2,-10.0611678525779,0,82,-0.0416637023411184,0.448402848034849,0.575037572532042,unsafe_touchdown
29,2,-6.82142580329609,0,81,-0.0416637023411184,0.448402848034849,0.575037572532042,unsafe_touchdown
30,2,-9.11044581053773,0,106,-0.0416637023411184,0.448402848034849,0.575037572532042,unsafe_touchdown
31,2,-8.82475949166236,0,80,-0.0416637023411184,0.448402848034849,0.575037572532042,unsafe_touchdown
32,2,-8.8607677822804,0,92,-0.0416637023411184,0.448402848034849,0.575037572532042,unsafe_touchdown
33,2,-8.3428225524557,0,108,-0.0416637023411184,0.448402848034849,0.575037572532042,unsafe_touchdown
34,2,-10.1906056939485,0,85,-0.0416637023411184,0.448402848034849,0.575037572532042,unsafe_touchdown
35,2,-9.30728705549398,0,84,-0.0416637023411184,0.448402848034849,0.575037572532042,unsafe_touchdown
36,2,-10.0078079359064,0,96,-0.0416637023411184,0.448402848034849,0.575037572532042,unsafe_touchdown
37,2,-9.60118875863176,0,84,-0.0416637023411184,0.448402848034849,0.575037572532042,unsafe_touchdown
38,2,-8.26752827597097,0,88,-0.0416637023411184,0.448402848034849,0.575037572532042,unsafe_touchdown
39,2,-9.70970346746262,0,89,-0.0416637023411184,0.448402848034849,0.575037572532042,unsafe_touchdown
40,2,-9.26193974350514,0,102,-0.0416637023411184,0.448402848034849,0.575037572532042,unsafe_touchdown
41,2,-8.96953057650011,0,80,-0.0416637023411184,0.448402848034849,0.575037572532042,unsafe_touchdown
42,2,-9.03627267097548,0,83,-0.0416637023411184,0.448402848034849,0.575037572532042,unsafe_touchdown
43,2,-9.6453083899881,0,95,-0.0416637023411184,0.448402848034849,0.575037572532042,unsafe_touchdown
44,2,-9.49708150148777,0,88,-0.0416637023411184,0.448402848034849,0.575037572532042,unsafe_touchdown
45,2,-9.14165981534933,0,77,-0.0416637023411184,0.448402848034849,0.575037572532042,unsafe_touchdown
46,2,-9.58138178227992,0,87,-0.0416637023411184,0.448402848034849,0.575037572532042,unsafe_touchdown
47,3,-10.0674287881453,0,99,-0.0144620698193281,0.287608175413195,0.573718682158373,unsafe_touchdown
48,3,-9.25936257006269,0,93,-0.0144620698193281,0.287608175413195,0.573718682158373,unsafe_touchdown
49,3,-9.40191041838626,0,84,-0.0144620698193281,0.287608175413195,0.573718682158373,unsafe_touchdown
50,3,-10.7937175013822,0,95,-0.0144620698193281,0.287608175413195,0.573718682158373,unsafe_touchdown
51,3,-10.0805824263709,0,78,-0.0144620698193281,0.287608175413195,0.573718682158373,unsafe_touchdown
52,3,-8.28650544708746,0,90,-0.0144620698193281,0.287608175413195,0.573718682158373,unsafe_touchdown
53,3,-8.43000468184518,0,78,-0.0144620698193281,0.287608175413195,0.573718682158373,unsafe_touchdown
54,3,-8.44882051046842,0,81,-0.0144620698193281,0.287608175413195,0.573718682158373,unsafe_touchdown
55,3,-9.28700672928057,0,80,-0.0144620698193281,0.287608175413195,0.573718682158373,unsafe_touchdown
56,3,-8.29544166414634,0,87,-0.0144620698193281,0.287608175413195,0.573718682158373,unsafe_touchdown
57,3,-9.56166156462688,0,96,-0.0144620698193281,0.287608175413195,0.573718682158373,unsafe_touchdown
58,3,-7.20239787998024,0,91,-0.0144620698193281,0.287608175413195,0.573718682158373,unsafe_touchdown
59,3,-8.6590490348582,0,100,-0.0144620698193281,0.287608175413195,0.573718682158373,unsafe_touchdown
60,3,-9.15211768601258,0,81,-0.0144620698193281,0.287608175413195,0.573718682158373,unsafe_touchdown
61,3,-9.85935096739356,0,93,-0.0144620698193281,0.287608175413195,0.573718682158373,unsafe_touchdown
62,3,-8.75341924259287,0,88,-0.0144620698193281,0.287608175413195,0.573718682158373,unsafe_touchdown
63,3,-9.45411625891544,0,86,-0.0144620698193281,0.287608175413195,0.573718682158373,unsafe_touchdown
64,3,-9.47201239352466,0,94,-0.0144620698193281,0.287608175413195,0.573718682158373,unsafe_touchdown
65,3,-9.57663001725805,0,83,-0.0144620698193281,0.287608175413195,0.573718682158373,unsafe_touchdown
66,3,-9.65614705879786,0,86,-0.0144620698193281,0.287608175413195,0.573718682158373,unsafe_touchdown
67,3,-6.85621578027303,0,81,-0.0144620698193281,0.287608175413195,0.573718682158373,unsafe_touchdown
68,3,-9.16642825306388,0,94,-0.0144620698193281,0.287608175413195,0.573718682158373,unsafe_touchdown
69,3,-10.3329683419033,0,87,-0.0144620698193281,0.287608175413195,0.573718682158373,unsafe_touchdown
70,3,-7.97982883949345,0,82,-0.0144620698193281,0.287608175413195,0.573718682158373,unsafe_touchdown
71,4,-7.92508668598899,0,84,-0.0178329657892607,0.186380079627933,0.572775386713148,unsafe_touchdown
72,4,-8.4681548689291,0,85,-0.0178329657892607,0.186380079627933,0.572775386713148,unsafe_touchdown
73,4,-9.27651044938201,0,95,-0.0178329657892607,0.186380079627933,0.572775386713148,unsafe_touchdown
74,4,-9.44767644087309,0,83,-0.0178329657892607,0.186380079627933,0.572775386713148,unsafe_touchdown
75,4,-9.36984172746663,0,92,-0.0178329657892607,0.186380079627933,0.572775386713148,unsafe_touchdown
76,4,-7.71590997000449,0,96,-0.0178329657892607,0.186380079627933,0.572775386713148,unsafe_touchdown
77,4,-10.2561766135544,0,94,-0.0178329657892607,0.186380079627933,0.572775386713148,unsafe_touchdown
78,4,-8.25804038659102,0,85,-0.0178329657892607,0.186380079627933,0.572775386713148,unsafe_touchdown
79,4,-9.60910723378441,0,88,-0.0178329657892607,0.186380079627933,0.572775386713148,unsafe_touchdown
80,4,-9.98506349973853,0,83,-0.0178329657892607,0.186380079627933,0.572775386713148,unsafe_touchdown
81,4,-9.62905085561529,0,91,-0.0178329657892607,0.186380079627933,0.572775386713148,unsafe_touchdown
82,4,-11.7199417425011,0,94,-0.0178329657892607,0.186380079627933,0.572775386713148,unsafe_touchdown
83,4,-9.56052412338241,0,97,-0.0178329657892607,0.186380079627933,0.572775386713148,unsafe_touchdown
84,4,-10.0262715814156,0,88,-0.0178329657892607,0.186380079627933,0.572775386713148,unsafe_touchdown
85,4,-7.778515884347,0,98,-0.0178329657892607,0.186380079627933,0.572775386713148,unsafe_touchdown
86,4,-8.25452740068445,0,96,-0.0178329657892607,0.186380079627933,0.572775386713148,unsafe_touchdown
87,4,-10.3741054538293,0,100,-0.0178329657892607,0.186380079627933,0.572775386713148,unsafe_touchdown
88,4,-8.49922690068642,0,88,-0.0178329657892607,0.186380079627933,0.572775386713148,unsafe_touchdown
89,4,-9.11193086537045,0,86,-0.0178329657892607,0.186380079627933,0.572775386713148,unsafe_touchdown
90,4,-9.36276196384206,0,88,-0.0178329657892607,0.186380079627933,0.572775386713148,unsafe_touchdown
91,4,-10.3243163931288,0,84,-0.0178329657892607,0.186380079627933,0.572775386713148,unsafe_touchdown
92,4,-8.31359422869734,0,96,-0.0178329657892607,0.186380079627933,0.572775386713148,unsafe_touchdown
93,4,-9.60092251042901,0,86,-0.0178329657892607,0.186380079627933,0.572775386713148,unsafe_touchdown
94,5,-8.90945876401749,0,92,-0.0191640235043283,0.174205202673686,0.571812979983248,unsafe_touchdown
95,5,-7.24462278749445,0,82,-0.0191640235043283,0.174205202673686,0.571812979983248,unsafe_touchdown
96,5,-8.34664923692967,0,107,-0.0191640235043283,0.174205202673686,0.571812979983248,unsafe_touchdown
97,5,-9.08365331837822,0,83,-0.0191640235043283,0.174205202673686,0.571812979983248,unsafe_touchdown
98,5,-10.0058920867991,0,90,-0.0191640235043283,0.174205202673686,0.571812979983248,unsafe_touchdown
99,5,-11.6246425976103,0,80,-0.0191640235043283,0.174205202673686,0.571812979983248,unsafe_touchdown
100,5,-9.42960601837515,0,87,-0.0191640235043283,0.174205202673686,0.571812979983248,unsafe_touchdown
101,5,-9.50929505557207,0,96,-0.0191640235043283,0.174205202673686,0.571812979983248,unsafe_touchdown
102,5,-10.514610153744,0,87,-0.0191640235043283,0.174205202673686,0.571812979983248,unsafe_touchdown
103,5,-7.75648709227521,0,95,-0.0191640235043283,0.174205202673686,0.571812979983248,unsafe_touchdown
104,5,-8.49138888324797,0,87,-0.0191640235043283,0.174205202673686,0.571812979983248,unsafe_touchdown
105,5,-8.99795399276282,0,89,-0.0191640235043283,0.174205202673686,0.571812979983248,unsafe_touchdown
106,5,-7.69003099204267,0,104,-0.0191640235043283,0.174205202673686,0.571812979983248,unsafe_touchdown
107,5,-8.84009212772773,0,78,-0.0191640235043283,0.174205202673686,0.571812979983248,unsafe_touchdown
108,5,-8.72972923195793,0,99,-0.0191640235043283,0.174205202673686,0.571812979983248,unsafe_touchdown
109,5,-9.0808634813375,0,88,-0.0191640235043283,0.174205202673686,0.571812979983248,unsafe_touchdown
110,5,-9.9171889437725,0,102,-0.0191640235043283,0.174205202673686,0.571812979983248,unsafe_touchdown
111,5,-10.6480487443949,0,105,-0.0191640235043283,0.174205202673686,0.571812979983248,unsafe_touchdown
112,5,-10.7088970489956,0,84,-0.0191640235043283,0.174205202673686,0.571812979983248,unsafe_touchdown
113,5,-8.26799126413137,0,89,-0.0191640235043283,0.174205202673686,0.571812979983248,unsafe_touchdown
114,5,-10.8357329945299,0,92,-0.0191640235043283,0.174205202673686,0.571812979983248,unsafe_touchdown
115,5,-7.90129849151646,0,93,-0.0191640235043283,0.174205202673686,0.571812979983248,unsafe_touchdown
116,5,-8.44059807390143,0,91,-0.0191640235043283,0.174205202673686,0.571812979983248,unsafe_touchdown
117,6,-8.70898996510076,0,85,-0.0157448441630395,0.127028372318072,0.571155568897254,unsafe_touchdown
118,6,-8.82320190946025,0,95,-0.0157448441630395,0.127028372318072,0.571155568897254,unsafe_touchdown
119,6,-8.36778378908349,0,88,-0.0157448441630395,0.127028372318072,0.571155568897254,unsafe_touchdown
120,6,-8.79444188401594,0,93,-0.0157448441630395,0.127028372318072,0.571155568897254,unsafe_touchdown
121,6,-8.13358033710145,0,98,-0.0157448441630395,0.127028372318072,0.571155568897254,unsafe_touchdown
122,6,-9.87159256081985,0,103,-0.0157448441630395,0.127028372318072,0.571155568897254,unsafe_touchdown
123,6,-7.56109691837862,0,93,-0.0157448441630395,0.127028372318072,0.571155568897254,unsafe_touchdown
124,6,-6.94094492687651,0,96,-0.0157448441630395,0.127028372318072,0.571155568897254,unsafe_touchdown
125,6,-9.28746127268472,0,93,-0.0157448441630395,0.127028372318072,0.571155568897254,unsafe_touchdown
126,6,-8.40650258005487,0,82,-0.0157448441630395,0.127028372318072,0.571155568897254,unsafe_touchdown
127,6,-8.56236832619264,0,96,-0.0157448441630395,0.127028372318072,0.571155568897254,unsafe_touchdown
128,6,-8.69021107434696,0,95,-0.0157448441630395,0.127028372318072,0.571155568897254,unsafe_touchdown
129,6,-8.34530829171547,0,87,-0.0157448441630395,0.127028372318072,0.571155568897254,unsafe_touchdown
130,6,-9.81565857729481,0,88,-0.0157448441630395,0.127028372318072,0.571155568897254,unsafe_touchdown
131,6,-9.72129653000358,0,89,-0.0157448441630395,0.127028372318072,0.571155568897254,unsafe_touchdown
132,6,-9.40482153514716,0,91,-0.0157448441630395,0.127028372318072,0.571155568897254,unsafe_touchdown
133,6,-10.5232428108119,0,96,-0.0157448441630395,0.127028372318072,0.571155568897254,unsafe_touchdown
134,6,-9.89055112966348,0,95,-0.0157448441630395,0.127028372318072,0.571155568897254,unsafe_touchdown
135,6,-9.08716791325708,0,89,-0.0157448441630395,0.127028372318072,0.571155568897254,unsafe_touchdown
136,6,-9.67709005225792,0,104,-0.0157448441630395,0.127028372318072,0.571155568897254,unsafe_touchdown
137,6,-8.70161603256352,0,83,-0.0157448441630395,0.127028372318072,0.571155568897254,unsafe_touchdown
138,6,-9.13764012396938,0,78,-0.0157448441630395,0.127028372318072,0.571155568897254,unsafe_touchdown
139,6,-8.92572368381717,0,89,-0.0157448441630395,0.127028372318072,0.571155568897254,unsafe_touchdown
140,7,-7.53046291657208,0,84,-0.0218619311909801,0.191687026550033,0.571718178512901,unsafe_touchdown
141,7,-7.26607156198626,0,89,-0.0218619311909801,0.191687026550033,0.571718178512901,unsafe_touchdown
142,7,-10.1400859684026,0,92,-0.0218619311909801,0.191687026550033,0.571718178512901,unsafe_touchdown
143,7,-9.27133891766427,0,93,-0.0218619311909801,0.191687026550033,0.571718178512901,unsafe_touchdown
144,7,-9.02244311111954,0,89,-0.0218619311909801,0.191687026550033,0.571718178512901,unsafe_touchdown
145,7,-10.2985225143588,0,82,-0.0218619311909801,0.191687026550033,0.571718178512901,unsafe_touchdown
146,7,-9.5916996917062,0,82,-0.0218619311909801,0.191687026550033,0.571718178512901,unsafe_touchdown
147,7,-10.2239449660912,0,91,-0.0218619311909801,0.191687026550033,0.571718178512901,unsafe_touchdown
148,7,-9.06233428476122,0,93,-0.0218619311909801,0.191687026550033,0.571718178512901,unsafe_touchdown
149,7,-8.55886424815129,0,90,-0.0218619311909801,0.191687026550033,0.571718178512901,unsafe_touchdown
150,7,-10.4316837620943,0,83,-0.0218619311909801,0.191687026550033,0.571718178512901,unsafe_touchdown
151,7,-9.24146600037959,0,99,-0.0218619311909801,0.191687026550033,0.571718178512901,unsafe_touchdown
152,7,-6.46930934653762,0,86,-0.0218619311909801,0.191687026550033,0.571718178512901,unsafe_touchdown
153,7,-8.96477061783225,0,86,-0.0218619311909801,0.191687026550033,0.571718178512901,unsafe_touchdown
154,7,-10.8471923227347,0,98,-0.0218619311909801,0.191687026550033,0.571718178512901,unsafe_touchdown
155,7,-9.8085143343306,0,90,-0.0218619311909801,0.191687026550033,0.571718178512901,unsafe_touchdown
156,7,-9.03426767420641,0,94,-0.0218619311909801,0.191687026550033,0.571718178512901,unsafe_touchdown
157,7,-9.80051194062325,0,79,-0.0218619311909801,0.191687026550033,0.571718178512901,unsafe_touchdown
158,7,-9.15487301126196,0,91,-0.0218619311909801,0.191687026550033,0.571718178512901,unsafe_touchdown
159,7,-9.9166772107529,0,88,-0.0218619311909801,0.191687026550033,0.571718178512901,unsafe_touchdown
160,7,-9.67758561204846,0,81,-0.0218619311909801,0.191687026550033,0.571718178512901,unsafe_touchdown
161,7,-8.26915966567125,0,88,-0.0218619311909801,0.191687026550033,0.571718178512901,unsafe_touchdown
162,7,-8.63762728075038,0,84,-0.0218619311909801,0.191687026550033,0.571718178512901,unsafe_touchdown
163,7,-10.7538159087636,0,90,-0.0218619311909801,0.191687026550033,0.571718178512901,unsafe_touchdown
164,8,-9.74046056268545,0,100,-0.0164781353426793,0.148739099075217,0.570511849499683,unsafe_touchdown
165,8,-9.87611487257208,0,91,-0.0164781353426793,0.148739099075217,0.570511849499683,unsafe_touchdown
166,8,-9.6390384939022,0,91,-0.0164781353426793,0.148739099075217,0.570511849499683,unsafe_touchdown
167,8,-6.91597270172367,0,79,-0.0164781353426793,0.148739099075217,0.570511849499683,unsafe_touchdown
168,8,-9.68843335394112,0,93,-0.0164781353426793,0.148739099075217,0.570511849499683,unsafe_touchdown
169,8,-10.4121820973716,0,98,-0.0164781353426793,0.148739099075217,0.570511849499683,unsafe_touchdown
170,8,-8.4092232683195,0,87,-0.0164781353426793,0.148739099075217,0.570511849499683,unsafe_touchdown
171,8,-8.68026657892988,0,83,-0.0164781353426793,0.148739099075217,0.570511849499683,unsafe_touchdown
172,8,-7.41467203871268,0,96,-0.0164781353426793,0.148739099075217,0.570511849499683,unsafe_touchdown
173,8,-10.0494441359469,0,90,-0.0164781353426793,0.148739099075217,0.570511849499683,unsafe_touchdown
174,8,-8.86412557135484,0,93,-0.0164781353426793,0.148739099075217,0.570511849499683,unsafe_touchdown
175,8,-7.35662248121653,0,88,-0.0164781353426793,0.148739099075217,0.570511849499683,unsafe_touchdown
176,8,-8.68493350367981,0,77,-0.0164781353426793,0.148739099075217,0.570511849499683,unsafe_touchdown
177,8,-8.87369872138285,0,102,-0.0164781353426793,0.148739099075217,0.570511849499683,unsafe_touchdown
178,8,-9.56160038799883,0,95,-0.0164781353426793,0.148739099075217,0.570511849499683,unsafe_touchdown
179,8,-8.2902376821068,0,89,-0.0164781353426793,0.148739099075217,0.570511849499683,unsafe_touchdown
180,8,-10.5334714430405,0,84,-0.0164781353426793,0.148739099075217,0.570511849499683,unsafe_touchdown
181,8,-9.80560202410855,0,96,-0.0164781353426793,0.148739099075217,0.570511849499683,unsafe_touchdown
182,8,-9.03594107968856,0,85,-0.0164781353426793,0.148739099075217,0.570511849499683,unsafe_touchdown
183,8,-10.98834056729,0,87,-0.0164781353426793,0.148739099075217,0.570511849499683,unsafe_touchdown
184,8,-8.75746388049978,0,88,-0.0164781353426793,0.148739099075217,0.570511849499683,unsafe_touchdown
185,8,-9.1238413654248,0,91,-0.0164781353426793,0.148739099075217,0.570511849499683,unsafe_touchdown
186,8,-9.50273635992114,0,93,-0.0164781353426793,0.148739099075217,0.570511849499683,unsafe_touchdown
187,9,-9.49580405234779,0,87,-0.0158696675424093,0.134864049790844,0.57201418282256,unsafe_touchdown
188,9,-9.44427071321916,0,106,-0.0158696675424093,0.134864049790844,0.57201418282256,unsafe_touchdown
189,9,-8.58113438096624,0,88,-0.0158696675424093,0.134864049790844,0.57201418282256,unsafe_touchdown
190,9,-9.45939731197828,0,91,-0.0158696675424093,0.134864049790844,0.57201418282256,unsafe_touchdown
191,9,-8.88883093439827,0,98,-0.0158696675424093,0.134864049790844,0.57201418282256,unsafe_touchdown
192,9,-9.52673653084713,0,86,-0.0158696675424093,0.134864049790844,0.57201418282256,unsafe_touchdown
193,9,-8.57442521468607,0,86,-0.0158696675424093,0.134864049790844,0.57201418282256,unsafe_touchdown
194,9,-8.07383634040245,0,83,-0.0158696675424093,0.134864049790844,0.57201418282256,unsafe_touchdown
195,9,-8.39599035494668,0,84,-0.0158696675424093,0.134864049790844,0.57201418282256,unsafe_touchdown
196,9,-10.215666642199,0,89,-0.0158696675424093,0.134864049790844,0.57201418282256,unsafe_touchdown
197,9,-8.55786126128016,0,97,-0.0158696675424093,0.134864049790844,0.57201418282256,unsafe_touchdown
198,9,-10.2639044237088,0,91,-0.0158696675424093,0.134864049790844,0.57201418282256,unsafe_touchdown
199,9,-9.46291723385357,0,90,-0.0158696675424093,0.134864049790844,0.57201418282256,unsafe_touchdown
200,9,-9.51341166942736,0,78,-0.0158696675424093,0.134864049790844,0.57201418282256,unsafe_touchdown
201,9,-10.9675472882527,0,91,-0.0158696675424093,0.134864049790844,0.57201418282256,unsafe_touchdown
202,9,-9.30910492747233,0,92,-0.0158696675424093,0.134864049790844,0.57201418282256,unsafe_touchdown
203,9,-8.58346558064999,0,110,-0.0158696675424093,0.134864049790844,0.57201418282256,unsafe_touchdown
204,9,-7.86275013078682,0,96,-0.0158696675424093,0.134864049790844,0.57201418282256,unsafe_touchdown
205,9,-8.96637198428924,0,89,-0.0158696675424093,0.134864049790844,0.57201418282256,unsafe_touchdown
206,9,-8.92841223276182,0,79,-0.0158696675424093,0.134864049790844,0.57201418282256,unsafe_touchdown
207,9,-9.39197048413733,0,88,-0.0158696675424093,0.134864049790844,0.57201418282256,unsafe_touchdown
208,9,-10.7519287317597,0,87,-0.0158696675424093,0.134864049790844,0.57201418282256,unsafe_touchdown
209,9,-6.30768697345033,0,94,-0.0158696675424093,0.134864049790844,0.57201418282256,unsafe_touchdown
210,10,-9.13231801334114,0,93,-0.0134955565108249,0.150864535565507,0.575075800859936,unsafe_touchdown
211,10,-7.96773086177124,0,84,-0.0134955565108249,0.150864535565507,0.575075800859936,unsafe_touchdown
212,10,-9.44851448536748,0,92,-0.0134955565108249,0.150864535565507,0.575075800859936,unsafe_touchdown
213,10,-10.0061919321844,0,94,-0.0134955565108249,0.150864535565507,0.575075800859936,unsafe_touchdown
214,10,-10.6097560491442,0,93,-0.0134955565108249,0.150864535565507,0.575075800859936,unsafe_touchdown
215,10,-9.84606073982184,0,101,-0.0134955565108249,0.150864535565507,0.575075800859936,unsafe_touchdown
216,10,-9.81269869920211,0,102,-0.0134955565108249,0.150864535565507,0.575075800859936,unsafe_touchdown
217,10,-7.60580475144219,0,93,-0.0134955565108249,0.150864535565507,0.575075800859936,unsafe_touchdown
218,10,-10.7732301215803,0,94,-0.0134955565108249,0.150864535565507,0.575075800859936,unsafe_touchdown
219,10,-11.5156291204525,0,98,-0.0134955565108249,0.150864535565507,0.575075800859936,unsafe_touchdown
220,10,-8.4582243736315,0,85,-0.0134955565108249,0.150864535565507,0.575075800859936,unsafe_touchdown
221,10,-9.59927586141576,0,94,-0.0134955565108249,0.150864535565507,0.575075800859936,unsafe_touchdown
222,10,-8.54639721699494,0,89,-0.0134955565108249,0.150864535565507,0.575075800859936,unsafe_touchdown
223,10,-8.71618213842275,0,84,-0.0134955565108249,0.150864535565507,0.575075800859936,unsafe_touchdown
224,10,-10.830763627303,0,82,-0.0134955565108249,0.150864535565507,0.575075800859936,unsafe_touchdown
225,10,-10.3321889033298,0,89,-0.0134955565108249,0.150864535565507,0.575075800859936,unsafe_touchdown
226,10,-9.40357755894433,0,84,-0.0134955565108249,0.150864535565507,0.575075800859936,unsafe_touchdown
227,10,-8.55190695724491,0,88,-0.0134955565108249,0.150864535565507,0.575075800859936,unsafe_touchdown
228,10,-8.44482324576733,0,91,-0.0134955565108249,0.150864535565507,0.575075800859936,unsafe_touchdown
229,10,-8.81599335001403,0,88,-0.0134955565108249,0.150864535565507,0.575075800859936,unsafe_touchdown
230,10,-9.50835946343492,0,88,-0.0134955565108249,0.150864535565507,0.575075800859936,unsafe_touchdown
231,10,-8.08756911826775,0,96,-0.0134955565108249,0.150864535565507,0.575075800859936,unsafe_touchdown
232,10,-9.3716126573711,0,90,-0.0134955565108249,0.150864535565507,0.575075800859936,unsafe_touchdown
233,11,-9.76151669871502,0,89,-0.0187258337060948,0.15610209941339,0.575745244277823,unsafe_touchdown
234,11,-10.4991807131101,0,85,-0.0187258337060948,0.15610209941339,0.575745244277823,unsafe_touchdown
235,11,-8.620031533559,0,94,-0.0187258337060948,0.15610209941339,0.575745244277823,unsafe_touchdown
236,11,-7.69813351753087,0,85,-0.0187258337060948,0.15610209941339,0.575745244277823,unsafe_touchdown
237,11,-8.58414043983833,0,86,-0.0187258337060948,0.15610209941339,0.575745244277823,unsafe_touchdown
238,11,-8.29319529356264,0,100,-0.0187258337060948,0.15610209941339,0.575745244277823,unsafe_touchdown
239,11,-5.95361624927338,0,88,-0.0187258337060948,0.15610209941339,0.575745244277823,unsafe_touchdown
240,11,-11.1793794678945,0,92,-0.0187258337060948,0.15610209941339,0.575745244277823,unsafe_touchdown
241,11,-8.36072122823614,0,87,-0.0187258337060948,0.15610209941339,0.575745244277823,unsafe_touchdown
242,11,-8.64357931353726,0,83,-0.0187258337060948,0.15610209941339,0.575745244277823,unsafe_touchdown
243,11,-11.3958763843218,0,95,-0.0187258337060948,0.15610209941339,0.575745244277823,unsafe_touchdown
244,11,-8.58040445706436,0,83,-0.0187258337060948,0.15610209941339,0.575745244277823,unsafe_touchdown
245,11,-8.34229612177546,0,86,-0.0187258337060948,0.15610209941339,0.575745244277823,unsafe_touchdown
246,11,-9.64607022637341,0,78,-0.0187258337060948,0.15610209941339,0.575745244277823,unsafe_touchdown
247,11,-9.12544239120887,0,81,-0.0187258337060948,0.15610209941339,0.575745244277823,unsafe_touchdown
248,11,-10.5560354142582,0,84,-0.0187258337060948,0.15610209941339,0.575745244277823,unsafe_touchdown
249,11,-10.7298642089625,0,90,-0.0187258337060948,0.15610209941339,0.575745244277823,unsafe_touchdown
250,11,-9.12115648998499,0,90,-0.0187258337060948,0.15610209941339,0.575745244277823,unsafe_touchdown
251,11,-8.59750253495559,0,87,-0.0187258337060948,0.15610209941339,0.575745244277823,unsafe_touchdown
252,11,-8.88866926763703,0,84,-0.0187258337060948,0.15610209941339,0.575745244277823,unsafe_touchdown
253,11,-8.97132570081675,0,92,-0.0187258337060948,0.15610209941339,0.575745244277823,unsafe_touchdown
254,11,-8.24421595180669,0,93,-0.0187258337060948,0.15610209941339,0.575745244277823,unsafe_touchdown
255,11,-8.68357460954374,0,94,-0.0187258337060948,0.15610209941339,0.575745244277823,unsafe_touchdown
256,11,-9.76931080491102,0,113,-0.0187258337060948,0.15610209941339,0.575745244277823,unsafe_touchdown
257,12,-9.35428745100604,0,91,-0.0284074741536641,0.153311518954498,0.576513660052452,unsafe_touchdown
258,12,-9.11795751194138,0,86,-0.0284074741536641,0.153311518954498,0.576513660052452,unsafe_touchdown
259,12,-11.3178855809369,0,87,-0.0284074741536641,0.153311518954498,0.576513660052452,unsafe_touchdown
260,12,-7.97678009417723,0,80,-0.0284074741536641,0.153311518954498,0.576513660052452,unsafe_touchdown
261,12,-8.49317183626005,0,86,-0.0284074741536641,0.153311518954498,0.576513660052452,unsafe_touchdown
262,12,-9.79020570388822,0,86,-0.0284074741536641,0.153311518954498,0.576513660052452,unsafe_touchdown
263,12,-9.79402840942402,0,81,-0.0284074741536641,0.153311518954498,0.576513660052452,unsafe_touchdown
264,12,-11.7345104015006,0,90,-0.0284074741536641,0.153311518954498,0.576513660052452,unsafe_touchdown
265,12,-8.93087583513039,0,95,-0.0284074741536641,0.153311518954498,0.576513660052452,unsafe_touchdown
266,12,-10.9487153869377,0,103,-0.0284074741536641,0.153311518954498,0.576513660052452,unsafe_touchdown
267,12,-9.99782148504017,0,95,-0.0284074741536641,0.153311518954498,0.576513660052452,unsafe_touchdown
268,12,-8.60259246744054,0,86,-0.0284074741536641,0.153311518954498,0.576513660052452,unsafe_touchdown
269,12,-7.61957200928262,0,90,-0.0284074741536641,0.153311518954498,0.576513660052452,unsafe_touchdown
270,12,-7.66003588091051,0,85,-0.0284074741536641,0.153311518954498,0.576513660052452,unsafe_touchdown
271,12,-8.70136330931977,0,97,-0.0284074741536641,0.153311518954498,0.576513660052452,unsafe_touchdown
272,12,-11.1730453072074,0,79,-0.0284074741536641,0.153311518954498,0.576513660052452,unsafe_touchdown
273,12,-7.96513227111941,0,85,-0.0284074741536641,0.153311518954498,0.576513660052452,unsafe_touchdown
274,12,-9.05023755900885,0,93,-0.0284074741536641,0.153311518954498,0.576513660052452,unsafe_touchdown
275,12,-8.89527433120559,0,88,-0.0284074741536641,0.153311518954498,0.576513660052452,unsafe_touchdown
276,12,-11.2783040595023,0,80,-0.0284074741536641,0.153311518954498,0.576513660052452,unsafe_touchdown
277,12,-10.9953367201671,0,87,-0.0284074741536641,0.153311518954498,0.576513660052452,unsafe_touchdown
278,12,-8.30275633035842,0,95,-0.0284074741536641,0.153311518954498,0.576513660052452,unsafe_touchdown
279,12,-9.04949385256803,0,87,-0.0284074741536641,0.153311518954498,0.576513660052452,unsafe_touchdown
280,12,-8.20429660693375,0,87,-0.0284074741536641,0.153311518954498,0.576513660052452,unsafe_touchdown
281,13,-7.83552833291337,0,88,-0.0247569357967658,0.147423186130491,0.578717806278737,unsafe_touchdown
282,13,-6.98655882940056,0,102,-0.0247569357967658,0.147423186130491,0.578717806278737,unsafe_touchdown
283,13,-10.8645011444633,0,93,-0.0247569357967658,0.147423186130491,0.578717806278737,unsafe_touchdown
284,13,-7.91775231961619,0,86,-0.0247569357967658,0.147423186130491,0.578717806278737,unsafe_touchdown
285,13,-9.92641439192368,0,89,-0.0247569357967658,0.147423186130491,0.578717806278737,unsafe_touchdown
286,13,-10.5493142077475,0,113,-0.0247569357967658,0.147423186130491,0.578717806278737,unsafe_touchdown
287,13,-8.5364789123766,0,94,-0.0247569357967658,0.147423186130491,0.578717806278737,unsafe_touchdown
288,13,-8.27311982413687,0,98,-0.0247569357967658,0.147423186130491,0.578717806278737,unsafe_touchdown
289,13,-10.5713216826905,0,102,-0.0247569357967658,0.147423186130491,0.578717806278737,unsafe_touchdown
290,13,-11.4325999062074,0,87,-0.0247569357967658,0.147423186130491,0.578717806278737,unsafe_touchdown
291,13,-8.47124784369762,0,89,-0.0247569357967658,0.147423186130491,0.578717806278737,unsafe_touchdown
292,13,-7.92161860629212,0,82,-0.0247569357967658,0.147423186130491,0.578717806278737,unsafe_touchdown
293,13,-9.88025026978189,0,88,-0.0247569357967658,0.147423186130491,0.578717806278737,unsafe_touchdown
294,13,-8.04815048902443,0,87,-0.0247569357967658,0.147423186130491,0.578717806278737,unsafe_touchdown
295,13,-8.71974119489502,0,97,-0.0247569357967658,0.147423186130491,0.578717806278737,unsafe_touchdown
296,13,-9.81170073910273,0,85,-0.0247569357967658,0.147423186130491,0.578717806278737,unsafe_touchdown
297,13,-10.0241550951459,0,96,-0.0247569357967658,0.147423186130491,0.578717806278737,unsafe_touchdown
298,13,-11.7175331805007,0,91,-0.0247569357967658,0.147423186130491,0.578717806278737,unsafe_touchdown
299,13,-10.094775161698,0,88,-0.0247569357967658,0.147423186130491,0.578717806278737,unsafe_touchdown
300,13,-8.01535970282548,0,96,-0.0247569357967658,0.147423186130491,0.578717806278737,unsafe_touchdown
301,13,-7.97249706723245,0,98,-0.0247569357967658,0.147423186130491,0.578717806278737,unsafe_touchdown
302,13,-7.30848840687093,0,95,-0.0247569357967658,0.147423186130491,0.578717806278737,unsafe_touchdown
303,13,-8.75724017487269,0,88,-0.0247569357967658,0.147423186130491,0.578717806278737,unsafe_touchdown
304,14,-10.2748047411265,0,85,-0.015862395272227,0.128681965043941,0.576604005523775,unsafe_touchdown
305,14,-9.30262835400059,0,87,-0.015862395272227,0.128681965043941,0.576604005523775,unsafe_touchdown
306,14,-9.87453977392596,0,88,-0.015862395272227,0.128681965043941,0.576604005523775,unsafe_touchdown
307,14,-7.30511596505093,0,88,-0.015862395272227,0.128681965043941,0.576604005523775,unsafe_touchdown
308,14,-9.90939438458704,0,103,-0.015862395272227,0.128681965043941,0.576604005523775,unsafe_touchdown
309,14,-9.79098349645082,0,85,-0.015862395272227,0.128681965043941,0.576604005523775,unsafe_touchdown
310,14,-9.90669504583794,0,90,-0.015862395272227,0.128681965043941,0.576604005523775,unsafe_touchdown
311,14,-10.0483767934558,0,91,-0.015862395272227,0.128681965043941,0.576604005523775,unsafe_touchdown
312,14,-8.19967260223797,0,101,-0.015862395272227,0.128681965043941,0.576604005523775,unsafe_touchdown
313,14,-9.74724309129238,0,100,-0.015862395272227,0.128681965043941,0.576604005523775,unsafe_touchdown
314,14,-10.9128930351446,0,102,-0.015862395272227,0.128681965043941,0.576604005523775,unsafe_touchdown
315,14,-9.92959054228955,0,90,-0.015862395272227,0.128681965043941,0.576604005523775,unsafe_touchdown
316,14,-10.3543462970655,0,93,-0.015862395272227,0.128681965043941,0.576604005523775,unsafe_touchdown
317,14,-9.86984916008934,0,90,-0.015862395272227,0.128681965043941,0.576604005523775,unsafe_touchdown
318,14,-9.08562683347759,0,84,-0.015862395272227,0.128681965043941,0.576604005523775,unsafe_touchdown
319,14,-10.648545063065,0,88,-0.015862395272227,0.128681965043941,0.576604005523775,unsafe_touchdown
320,14,-9.86026068400639,0,87,-0.015862395272227,0.128681965043941,0.576604005523775,unsafe_touchdown
321,14,-9.92442504502995,0,85,-0.015862395272227,0.128681965043941,0.576604005523775,unsafe_touchdown
322,14,-9.56001302234534,0,93,-0.015862395272227,0.128681965043941,0.576604005523775,unsafe_touchdown
323,14,-8.1582544716426,0,95,-0.015862395272227,0.128681965043941,0.576604005523775,unsafe_touchdown
324,14,-8.9654607527856,0,98,-0.015862395272227,0.128681965043941,0.576604005523775,unsafe_touchdown
325,14,-9.96429547392925,0,91,-0.015862395272227,0.128681965043941,0.576604005523775,unsafe_touchdown
326,14,-9.43186299095644,0,79,-0.015862395272227,0.128681965043941,0.576604005523775,unsafe_touchdown
327,15,-7.98560148321363,0,89,-0.0161436708712153,0.123081037032905,0.577296337337701,unsafe_touchdown
328,15,-8.00681954055683,0,105,-0.0161436708712153,0.123081037032905,0.577296337337701,unsafe_touchdown
329,15,-9.71101043247926,0,91,-0.0161436708712153,0.123081037032905,0.577296337337701,unsafe_touchdown
330,15,-10.460833709846,0,89,-0.0161436708712153,0.123081037032905,0.577296337337701,unsafe_touchdown
331,15,-10.7564806532063,0,108,-0.0161436708712153,0.123081037032905,0.577296337337701,unsafe_touchdown
332,15,-10.729305452387,0,88,-0.0161436708712153,0.123081037032905,0.577296337337701,unsafe_touchdown
333,15,-8.62490857928354,0,89,-0.0161436708712153,0.123081037032905,0.577296337337701,unsafe_touchdown
334,15,-11.1832047609582,0,102,-0.0161436708712153,0.123081037032905,0.577296337337701,unsafe_touchdown
335,15,-11.2251403249342,0,89,-0.0161436708712153,0.123081037032905,0.577296337337701,unsafe_touchdown
336,15,-8.74446093963158,0,96,-0.0161436708712153,0.123081037032905,0.577296337337701,unsafe_touchdown
337,15,-10.003712585753,0,93,-0.0161436708712153,0.123081037032905,0.577296337337701,unsafe_touchdown
338,15,-7.4938091927287,0,99,-0.0161436708712153,0.123081037032905,0.577296337337701,unsafe_touchdown
339,15,-9.2433357219606,0,100,-0.0161436708712153,0.123081037032905,0.577296337337701,unsafe_touchdown
340,15,-8.54200798549426,0,92,-0.0161436708712153,0.123081037032905,0.577296337337701,unsafe_touchdown
341,15,-9.15035675282736,0,92,-0.0161436708712153,0.123081037032905,0.577296337337701,unsafe_touchdown
342,15,-8.35111124004129,0,91,-0.0161436708712153,0.123081037032905,0.577296337337701,unsafe_touchdown
343,15,-8.12625596988257,0,109,-0.0161436708712153,0.123081037032905,0.577296337337701,unsafe_touchdown
344,15,-7.66793918669268,0,95,-0.0161436708712153,0.123081037032905,0.577296337337701,unsafe_touchdown
345,15,-10.3841780031157,0,101,-0.0161436708712153,0.123081037032905,0.577296337337701,unsafe_touchdown
346,15,-7.75071760297477,0,101,-0.0161436708712153,0.123081037032905,0.577296337337701,unsafe_touchdown
347,15,-10.7968890795214,0,106,-0.0161436708712153,0.123081037032905,0.577296337337701,unsafe_touchdown
348,15,-9.28383423581012,0,86,-0.0161436708712153,0.123081037032905,0.577296337337701,unsafe_touchdown
349,16,-7.75382571340833,0,84,-0.0160931545798016,0.105603798704207,0.576950787778762,unsafe_touchdown
350,16,-9.67599107736171,0,98,-0.0160931545798016,0.105603798704207,0.576950787778762,unsafe_touchdown
351,16,-8.9287985338085,0,96,-0.0160931545798016,0.105603798704207,0.576950787778762,unsafe_touchdown
352,16,-10.2375902954686,0,95,-0.0160931545798016,0.105603798704207,0.576950787778762,unsafe_touchdown
353,16,-9.58251499404912,0,97,-0.0160931545798016,0.105603798704207,0.576950787778762,unsafe_touchdown
354,16,-9.39485987771706,0,84,-0.0160931545798016,0.105603798704207,0.576950787778762,unsafe_touchdown
355,16,-6.87290815653264,0,85,-0.0160931545798016,0.105603798704207,0.576950787778762,unsafe_touchdown
356,16,-8.35890384439943,0,99,-0.0160931545798016,0.105603798704207,0.576950787778762,unsafe_touchdown
357,16,-9.44314080005002,0,98,-0.0160931545798016,0.105603798704207,0.576950787778762,unsafe_touchdown
358,16,-8.87895040066895,0,92,-0.0160931545798016,0.105603798704207,0.576950787778762,unsafe_touchdown
359,16,-10.7616057520619,0,88,-0.0160931545798016,0.105603798704207,0.576950787778762,unsafe_touchdown
360,16,-9.79921130844358,0,110,-0.0160931545798016,0.105603798704207,0.576950787778762,unsafe_touchdown
361,16,-8.78174730055908,0,85,-0.0160931545798016,0.105603798704207,0.576950787778762,unsafe_touchdown
362,16,-9.19025554965036,0,89,-0.0160931545798016,0.105603798704207,0.576950787778762,unsafe_touchdown
363,16,-9.99996164216265,0,98,-0.0160931545798016,0.105603798704207,0.576950787778762,unsafe_touchdown
364,16,-10.8095104370569,0,97,-0.0160931545798016,0.105603798704207,0.576950787778762,unsafe_touchdown
365,16,-9.15360220902583,0,90,-0.0160931545798016,0.105603798704207,0.576950787778762,unsafe_touchdown
366,16,-9.15288002749169,0,91,-0.0160931545798016,0.105603798704207,0.576950787778762,unsafe_touchdown
367,16,-9.37655414423888,0,85,-0.0160931545798016,0.105603798704207,0.576950787778762,unsafe_touchdown
368,16,-9.26159815793582,0,91,-0.0160931545798016,0.105603798704207,0.576950787778762,unsafe_touchdown
369,16,-9.79550637599462,0,116,-0.0160931545798016,0.105603798704207,0.576950787778762,unsafe_touchdown
370,16,-8.49218928218032,0,90,-0.0160931545798016,0.105603798704207,0.576950787778762,unsafe_touchdown
371,17,-8.57821952568401,0,94,-0.0162131324881886,0.0894629408403177,0.575457095705204,unsafe_touchdown
372,17,-9.69961770069647,0,81,-0.0162131324881886,0.0894629408403177,0.575457095705204,unsafe_touchdown
373,17,-8.05857185395061,0,87,-0.0162131324881886,0.0894629408403177,0.575457095705204,unsafe_touchdown
374,17,-9.37537798030769,0,107,-0.0162131324881886,0.0894629408403177,0.575457095705204,unsafe_touchdown
375,17,-9.76554466184172,0,94,-0.0162131324881886,0.0894629408403177,0.575457095705204,unsafe_touchdown
376,17,-9.48127828963453,0,83,-0.0162131324881886,0.0894629408403177,0.575457095705204,unsafe_touchdown
377,17,-10.8726909047467,0,101,-0.0162131324881886,0.0894629408403177,0.575457095705204,unsafe_touchdown
378,17,-10.1573903760604,0,98,-0.0162131324881886,0.0894629408403177,0.575457095705204,unsafe_touchdown
379,17,-9.07035487931897,0,91,-0.0162131324881886,0.0894629408403177,0.575457095705204,unsafe_touchdown
380,17,-9.61374613697679,0,104,-0.0162131324881886,0.0894629408403177,0.575457095705204,unsafe_touchdown
381,17,-12.854758614656,0,90,-0.0162131324881886,0.0894629408403177,0.575457095705204,unsafe_touchdown
382,17,-9.36916438050912,0,94,-0.0162131324881886,0.0894629408403177,0.575457095705204,unsafe_touchdown
383,17,-10.6219589585437,0,94,-0.0162131324881886,0.0894629408403177,0.575457095705204,unsafe_touchdown
384,17,-8.89650082649976,0,83,-0.0162131324881886,0.0894629408403177,0.575457095705204,unsafe_touchdown
385,17,-9.23756331669876,0,97,-0.0162131324881886,0.0894629408403177,0.575457095705204,unsafe_touchdown
386,17,-9.34628303015576,0,100,-0.0162131324881886,0.0894629408403177,0.575457095705204,unsafe_touchdown
387,17,-8.13398319933816,0,86,-0.0162131324881886,0.0894629408403177,0.575457095705204,unsafe_touchdown
388,17,-9.21643389205613,0,102,-0.0162131324881886,0.0894629408403177,0.575457095705204,unsafe_touchdown
389,17,-9.08582029345471,0,89,-0.0162131324881886,0.0894629408403177,0.575457095705204,unsafe_touchdown
390,17,-11.3883071356442,0,92,-0.0162131324881886,0.0894629408403177,0.575457095705204,unsafe_touchdown
391,17,-9.02041835514632,0,85,-0.0162131324881886,0.0894629408403177,0.575457095705204,unsafe_touchdown
392,17,-10.5834711232737,0,89,-0.0162131324881886,0.0894629408403177,0.575457095705204,unsafe_touchdown
393,17,-9.10732381125881,0,88,-0.0162131324881886,0.0894629408403177,0.575457095705204,unsafe_touchdown
394,18,-9.22720652016204,0,109,-0.0140957341440863,0.0895882568692157,0.57607469274589,unsafe_touchdown
395,18,-9.34045779320087,0,98,-0.0140957341440863,0.0895882568692157,0.57607469274589,unsafe_touchdown
396,18,-9.21987226675124,0,93,-0.0140957341440863,0.0895882568692157,0.57607469274589,unsafe_touchdown
397,18,-9.36121049625003,0,93,-0.0140957341440863,0.0895882568692157,0.57607469274589,unsafe_touchdown
398,18,-11.3480817392236,0,94,-0.0140957341440863,0.0895882568692157,0.57607469274589,unsafe_touchdown
399,18,-9.01380277207451,0,97,-0.0140957341440863,0.0895882568692157,0.57607469274589,unsafe_touchdown
400,18,-9.34724342978529,0,97,-0.0140957341440863,0.0895882568692157,0.57607469274589,unsafe_touchdown
401,18,-7.97575834379727,0,111,-0.0140957341440863,0.0895882568692157,0.57607469274589,unsafe_touchdown
402,18,-8.01237605308496,0,89,-0.0140957341440863,0.0895882568692157,0.57607469274589,unsafe_touchdown
403,18,-9.42064683751051,0,96,-0.0140957341440863,0.0895882568692157,0.57607469274589,unsafe_touchdown
404,18,-10.1448934035049,0,95,-0.0140957341440863,0.0895882568692157,0.57607469274589,unsafe_touchdown
405,18,-9.09573798298574,0,111,-0.0140957341440863,0.0895882568692157,0.57607469274589,unsafe_touchdown
406,18,-8.39496725679837,0,97,-0.0140957341440863,0.0895882568692157,0.57607469274589,unsafe_touchdown
407,18,-9.64240301576217,0,89,-0.0140957341440863,0.0895882568692157,0.57607469274589,unsafe_touchdown
408,18,-8.99765169740078,0,97,-0.0140957341440863,0.0895882568692157,0.57607469274589,unsafe_touchdown
409,18,-10.1821022777077,0,92,-0.0140957341440863,0.0895882568692157,0.57607469274589,unsafe_touchdown
410,18,-7.81754761816325,0,100,-0.0140957341440863,0.0895882568692157,0.57607469274589,unsafe_touchdown
411,18,-8.75317156856332,0,106,-0.0140957341440863,0.0895882568692157,0.57607469274589,unsafe_touchdown
412,18,-9.46627819526071,0,85,-0.0140957341440863,0.0895882568692157,0.57607469274589,unsafe_touchdown
413,18,-8.6029876703973,0,103,-0.0140957341440863,0.0895882568692157,0.57607469274589,unsafe_touchdown
414,18,-9.46369991376835,0,92,-0.0140957341440863,0.0895882568692157,0.57607469274589,unsafe_touchdown
415,18,-7.69638711778306,0,106,-0.0140957341440863,0.0895882568692157,0.57607469274589,unsafe_touchdown
416,19,-9.28140536183662,0,92,-0.0135641373812598,0.10152922005219,0.574949100463825,unsafe_touchdown
417,19,-8.62042797940286,0,92,-0.0135641373812598,0.10152922005219,0.574949100463825,unsafe_touchdown
418,19,-9.36871387168958,0,99,-0.0135641373812598,0.10152922005219,0.574949100463825,unsafe_touchdown
419,19,-8.36632212182591,0,97,-0.0135641373812598,0.10152922005219,0.574949100463825,unsafe_touchdown
420,19,-9.35554274973991,0,96,-0.0135641373812598,0.10152922005219,0.574949100463825,unsafe_touchdown
421,19,-11.2203467251533,0,90,-0.0135641373812598,0.10152922005219,0.574949100463825,unsafe_touchdown
422,19,-11.3746751661909,0,98,-0.0135641373812598,0.10152922005219,0.574949100463825,unsafe_touchdown
423,19,-8.58898969800512,0,91,-0.0135641373812598,0.10152922005219,0.574949100463825,unsafe_touchdown
424,19,-10.3673511559491,0,86,-0.0135641373812598,0.10152922005219,0.574949100463825,unsafe_touchdown
425,19,-9.01210480187965,0,87,-0.0135641373812598,0.10152922005219,0.574949100463825,unsafe_touchdown
426,19,-8.72109649232246,0,97,-0.0135641373812598,0.10152922005219,0.574949100463825,unsafe_touchdown
427,19,-8.0615884135772,0,80,-0.0135641373812598,0.10152922005219,0.574949100463825,unsafe_touchdown
428,19,-11.5313405166786,0,101,-0.0135641373812598,0.10152922005219,0.574949100463825,unsafe_touchdown
429,19,-9.45188580223646,0,102,-0.0135641373812598,0.10152922005219,0.574949100463825,unsafe_touchdown
430,19,-9.32061064051261,0,96,-0.0135641373812598,0.10152922005219,0.574949100463825,unsafe_touchdown
431,19,-9.47705700761765,0,94,-0.0135641373812598,0.10152922005219,0.574949100463825,unsafe_touchdown
432,19,-9.42288247133199,0,89,-0.0135641373812598,0.10152922005219,0.574949100463825,unsafe_touchdown
433,19,-8.5057893575916,0,101,-0.0135641373812598,0.10152922005219,0.574949100463825,unsafe_touchdown
434,19,-8.79702591376874,0,91,-0.0135641373812598,0.10152922005219,0.574949100463825,unsafe_touchdown
435,19,-9.61611931307023,0,80,-0.0135641373812598,0.10152922005219,0.574949100463825,unsafe_touchdown
436,19,-12.7641664443762,0,109,-0.0135641373812598,0.10152922005219,0.574949100463825,unsafe_touchdown
437,19,-11.2579997518284,0,101,-0.0135641373812598,0.10152922005219,0.574949100463825,unsafe_touchdown
438,20,-8.70075342383712,0,87,-0.0139781101004705,0.089450940805676,0.576938918524264,unsafe_touchdown
439,20,-10.9090580130246,0,93,-0.0139781101004705,0.089450940805676,0.576938918524264,unsafe_touchdown
440,20,-10.7695318088849,0,102,-0.0139781101004705,0.089450940805676,0.576938918524264,unsafe_touchdown
441,20,-11.0158759504064,0,100,-0.0139781101004705,0.089450940805676,0.576938918524264,unsafe_touchdown
442,20,-9.11744592852406,0,100,-0.0139781101004705,0.089450940805676,0.576938918524264,unsafe_touchdown
443,20,-10.2753663723913,0,90,-0.0139781101004705,0.089450940805676,0.576938918524264,unsafe_touchdown
444,20,-11.703598110615,0,85,-0.0139781101004705,0.089450940805676,0.576938918524264,unsafe_touchdown
445,20,-7.14754294613384,0,92,-0.0139781101004705,0.089450940805676,0.576938918524264,unsafe_touchdown
446,20,-9.40191764450607,0,94,-0.0139781101004705,0.089450940805676,0.576938918524264,unsafe_touchdown
447,20,-9.94154120136169,0,105,-0.0139781101004705,0.089450940805676,0.576938918524264,unsafe_touchdown
448,20,-10.4217993882703,0,111,-0.0139781101004705,0.089450940805676,0.576938918524264,unsafe_touchdown
449,20,-8.66192075956377,0,120,-0.0139781101004705,0.089450940805676,0.576938918524264,unsafe_touchdown
450,20,-9.02365801323717,0,105,-0.0139781101004705,0.089450940805676,0.576938918524264,unsafe_touchdown
451,20,-9.42197163765503,0,96,-0.0139781101004705,0.089450940805676,0.576938918524264,unsafe_touchdown
452,20,-10.191016357429,0,96,-0.0139781101004705,0.089450940805676,0.576938918524264,unsafe_touchdown
453,20,-9.80348041569549,0,97,-0.0139781101004705,0.089450940805676,0.576938918524264,unsafe_touchdown
454,20,-8.86444512484,0,93,-0.0139781101004705,0.089450940805676,0.576938918524264,unsafe_touchdown
455,20,-8.32557404560024,0,87,-0.0139781101004705,0.089450940805676,0.576938918524264,unsafe_touchdown
456,20,-8.39581653037494,0,87,-0.0139781101004705,0.089450940805676,0.576938918524264,unsafe_touchdown
457,20,-7.37216230645183,0,81,-0.0139781101004705,0.089450940805676,0.576938918524264,unsafe_touchdown
458,20,-10.5544418653595,0,103,-0.0139781101004705,0.089450940805676,0.576938918524264,unsafe_touchdown
459,20,-10.1213728799083,0,92,-0.0139781101004705,0.089450940805676,0.576938918524264,unsafe_touchdown
460,21,-10.7772043584972,0,98,-0.0157535408464261,0.0893052043971896,0.574031021707839,unsafe_touchdown
461,21,-8.75474713644643,0,88,-0.0157535408464261,0.0893052043971896,0.574031021707839,unsafe_touchdown
462,21,-11.1656132340669,0,96,-0.0157535408464261,0.0893052043971896,0.574031021707839,unsafe_touchdown
463,21,-10.4079868922843,0,83,-0.0157535408464261,0.0893052043971896,0.574031021707839,unsafe_touchdown
464,21,-9.34253043330742,0,94,-0.0157535408464261,0.0893052043971896,0.574031021707839,unsafe_touchdown
465,21,-9.74588673462578,0,115,-0.0157535408464261,0.0893052043971896,0.574031021707839,unsafe_touchdown
466,21,-9.11404706881817,0,94,-0.0157535408464261,0.0893052043971896,0.574031021707839,unsafe_touchdown
467,21,-8.91533063759381,0,87,-0.0157535408464261,0.0893052043971896,0.574031021707839,unsafe_touchdown
468,21,-8.46735619912192,0,103,-0.0157535408464261,0.0893052043971896,0.574031021707839,unsafe_touchdown
469,21,-7.74490229879961,0,96,-0.0157535408464261,0.0893052043971896,0.574031021707839,unsafe_touchdown
470,21,-11.4313441291482,0,98,-0.0157535408464261,0.0893052043971896,0.574031021707839,unsafe_touchdown
471,21,-8.10292167734706,0,104,-0.0157535408464261,0.0893052043971896,0.574031021707839,unsafe_touchdown
472,21,-9.18119361587361,0,97,-0.0157535408464261,0.0893052043971896,0.574031021707839,unsafe_touchdown
473,21,-9.58571558223114,0,80,-0.0157535408464261,0.0893052043971896,0.574031021707839,unsafe_touchdown
474,21,-9.42327978295489,0,99,-0.0157535408464261,0.0893052043971896,0.574031021707839,unsafe_touchdown
475,21,-8.09036596510319,0,109,-0.0157535408464261,0.0893052043971896,0.574031021707839,unsafe_touchdown
476,21,-7.48259796943387,0,90,-0.0157535408464261,0.0893052043971896,0.574031021707839,unsafe_touchdown
477,21,-10.499721232763,0,95,-0.0157535408464261,0.0893052043971896,0.574031021707839,unsafe_touchdown
478,21,-9.92142019107841,0,81,-0.0157535408464261,0.0893052043971896,0.574031021707839,unsafe_touchdown
479,21,-9.00141984652504,0,80,-0.0157535408464261,0.0893052043971896,0.574031021707839,unsafe_touchdown
480,21,-8.63868162951448,0,94,-0.0157535408464261,0.0893052043971896,0.574031021707839,unsafe_touchdown
481,21,-10.0704493428155,0,102,-0.0157535408464261,0.0893052043971896,0.574031021707839,unsafe_touchdown
482,22,-9.96092338829017,0,97,-0.0134902249771425,0.0839007201476407,0.575294693531446,unsafe_touchdown
483,22,-10.3025157972296,0,91,-0.0134902249771425,0.0839007201476407,0.575294693531446,unsafe_touchdown
484,22,-8.8163165141451,0,94,-0.0134902249771425,0.0839007201476407,0.575294693531446,unsafe_touchdown
485,22,-8.36846666777986,0,119,-0.0134902249771425,0.0839007201476407,0.575294693531446,unsafe_touchdown
486,22,-7.76059536616706,0,99,-0.0134902249771425,0.0839007201476407,0.575294693531446,unsafe_touchdown
487,22,-9.52305341266963,0,91,-0.0134902249771425,0.0839007201476407,0.575294693531446,unsafe_touchdown
488,22,-8.26508657582632,0,94,-0.0134902249771425,0.0839007201476407,0.575294693531446,unsafe_touchdown
489,22,-7.77418198910378,0,85,-0.0134902249771425,0.0839007201476407,0.575294693531446,unsafe_touchdown
490,22,-8.66272374282995,0,79,-0.0134902249771425,0.0839007201476407,0.575294693531446,unsafe_touchdown
491,22,-10.1603000266685,0,96,-0.0134902249771425,0.0839007201476407,0.575294693531446,unsafe_touchdown
492,22,-8.36593803103524,0,107,-0.0134902249771425,0.0839007201476407,0.575294693531446,unsafe_touchdown
493,22,-10.0728213096606,0,92,-0.0134902249771425,0.0839007201476407,0.575294693531446,unsafe_touchdown
494,22,-9.51214653521639,0,95,-0.0134902249771425,0.0839007201476407,0.575294693531446,unsafe_touchdown
495,22,-10.1671641122297,0,98,-0.0134902249771425,0.0839007201476407,0.575294693531446,unsafe_touchdown
496,22,-6.47753343327693,0,91,-0.0134902249771425,0.0839007201476407,0.575294693531446,unsafe_touchdown
497,22,-7.50588345795008,0,101,-0.0134902249771425,0.0839007201476407,0.575294693531446,unsafe_touchdown
498,22,-7.90765667934573,0,81,-0.0134902249771425,0.0839007201476407,0.575294693531446,unsafe_touchdown
499,22,-9.32507625685218,0,97,-0.0134902249771425,0.0839007201476407,0.575294693531446,unsafe_touchdown
500,22,-11.4568601056928,0,99,-0.0134902249771425,0.0839007201476407,0.575294693531446,unsafe_touchdown
501,22,-9.70494257903134,0,90,-0.0134902249771425,0.0839007201476407,0.575294693531446,unsafe_touchdown
502,22,-8.90290849658279,0,101,-0.0134902249771425,0.0839007201476407,0.575294693531446,unsafe_touchdown
503,22,-10.6649854670469,0,107,-0.0134902249771425,0.0839007201476407,0.575294693531446,unsafe_touchdown
504,23,-8.5471726992863,0,90,-0.0126721981486622,0.099240266433404,0.576476082956146,unsafe_touchdown
505,23,-7.5602268231896,0,86,-0.0126721981486622,0.099240266433404,0.576476082956146,unsafe_touchdown
506,23,-9.84134073345071,0,96,-0.0126721981486622,0.099240266433404,0.576476082956146,unsafe_touchdown
507,23,-8.87065425114896,0,94,-0.0126721981486622,0.099240266433404,0.576476082956146,unsafe_touchdown
508,23,-9.45488965797246,0,87,-0.0126721981486622,0.099240266433404,0.576476082956146,unsafe_touchdown
509,23,-9.7168786445383,0,86,-0.0126721981486622,0.099240266433404,0.576476082956146,unsafe_touchdown
510,23,-10.5545072418546,0,76,-0.0126721981486622,0.099240266433404,0.576476082956146,unsafe_touchdown
511,23,-9.87711718789338,0,100,-0.0126721981486622,0.099240266433404,0.576476082956146,unsafe_touchdown
512,23,-10.994315083649,0,91,-0.0126721981486622,0.099240266433404,0.576476082956146,unsafe_touchdown
513,23,-10.3752624439377,0,104,-0.0126721981486622,0.099240266433404,0.576476082956146,unsafe_touchdown
514,23,-9.19288173848763,0,85,-0.0126721981486622,0.099240266433404,0.576476082956146,unsafe_touchdown
515,23,-12.2191180853205,0,87,-0.0126721981486622,0.099240266433404,0.576476082956146,unsafe_touchdown
516,23,-9.51858298885294,0,93,-0.0126721981486622,0.099240266433404,0.576476082956146,unsafe_touchdown
517,23,-8.19720978463866,0,91,-0.0126721981486622,0.099240266433404,0.576476082956146,unsafe_touchdown
518,23,-9.49026677852832,0,101,-0.0126721981486622,0.099240266433404,0.576476082956146,unsafe_touchdown
519,23,-8.17764123986439,0,105,-0.0126721981486622,0.099240266433404,0.576476082956146,unsafe_touchdown
520,23,-8.38928813533903,0,106,-0.0126721981486622,0.099240266433404,0.576476082956146,unsafe_touchdown
521,23,-9.79673678726053,0,110,-0.0126721981486622,0.099240266433404,0.576476082956146,unsafe_touchdown
522,23,-10.3006968796159,0,114,-0.0126721981486622,0.099240266433404,0.576476082956146,unsafe_touchdown
523,23,-9.34133248296018,0,85,-0.0126721981486622,0.099240266433404,0.576476082956146,unsafe_touchdown
524,23,-9.26958879205318,0,116,-0.0126721981486622,0.099240266433404,0.576476082956146,unsafe_touchdown
525,23,-8.26016504173797,0,101,-0.0126721981486622,0.099240266433404,0.576476082956146,unsafe_touchdown
526,24,-10.0052056959829,0,93,-0.0204151672100346,0.0537427241556582,0.574916738491253,unsafe_touchdown
527,24,-6.96906741584417,0,92,-0.0204151672100346,0.0537427241556582,0.574916738491253,unsafe_touchdown
528,24,-6.98912857258351,0,87,-0.0204151672100346,0.0537427241556582,0.574916738491253,unsafe_touchdown
529,24,-8.17200701917657,0,102,-0.0204151672100346,0.0537427241556582,0.574916738491253,unsafe_touchdown
530,24,-9.26665631862085,0,91,-0.0204151672100346,0.0537427241556582,0.574916738491253,unsafe_touchdown
531,24,-8.63824886727514,0,93,-0.0204151672100346,0.0537427241556582,0.574916738491253,unsafe_touchdown
532,24,-8.45261428512798,0,92,-0.0204151672100346,0.0537427241556582,0.574916738491253,unsafe_touchdown
533,24,-8.76772590679403,0,105,-0.0204151672100346,0.0537427241556582,0.574916738491253,unsafe_touchdown
534,24,-9.23207153261651,0,93,-0.0204151672100346,0.0537427241556582,0.574916738491253,unsafe_touchdown
535,24,-8.82079351854262,0,101,-0.0204151672100346,0.0537427241556582,0.574916738491253,unsafe_touchdown
536,24,-9.27392000247695,0,94,-0.0204151672100346,0.0537427241556582,0.574916738491253,unsafe_touchdown
537,24,-11.1072709599819,0,110,-0.0204151672100346,0.0537427241556582,0.574916738491253,unsafe_touchdown
538,24,-10.4091929536088,0,101,-0.0204151672100346,0.0537427241556582,0.574916738491253,unsafe_touchdown
539,24,-10.8383676913394,0,106,-0.0204151672100346,0.0537427241556582,0.574916738491253,unsafe_touchdown
540,24,-8.49190987954351,0,98,-0.0204151672100346,0.0537427241556582,0.574916738491253,unsafe_touchdown
541,24,-9.46897490739759,0,103,-0.0204151672100346,0.0537427241556582,0.574916738491253,unsafe_touchdown
542,24,-9.46966609890511,0,107,-0.0204151672100346,0.0537427241556582,0.574916738491253,unsafe_touchdown
543,24,-9.30117129022138,0,90,-0.0204151672100346,0.0537427241556582,0.574916738491253,unsafe_touchdown
544,24,-8.89586639754522,0,104,-0.0204151672100346,0.0537427241556582,0.574916738491253,unsafe_touchdown
545,24,-8.56687757561395,0,103,-0.0204151672100346,0.0537427241556582,0.574916738491253,unsafe_touchdown
546,24,-8.45128447962366,0,96,-0.0204151672100346,0.0537427241556582,0.574916738491253,unsafe_touchdown
547,25,-8.24472664272873,0,100,-0.0161820898942366,0.0742601868480782,0.574597278301822,unsafe_touchdown
548,25,-10.0892260472057,0,99,-0.0161820898942366,0.0742601868480782,0.574597278301822,unsafe_touchdown
549,25,-9.17202319972071,0,88,-0.0161820898942366,0.0742601868480782,0.574597278301822,unsafe_touchdown
550,25,-10.48620425078,0,90,-0.0161820898942366,0.0742601868480782,0.574597278301822,unsafe_touchdown
551,25,-10.3656907324161,0,103,-0.0161820898942366,0.0742601868480782,0.574597278301822,unsafe_touchdown
552,25,-9.1486941609347,0,81,-0.0161820898942366,0.0742601868480782,0.574597278301822,unsafe_touchdown
553,25,-8.55219767433419,0,108,-0.0161820898942366,0.0742601868480782,0.574597278301822,unsafe_touchdown
554,25,-9.95115379279434,0,82,-0.0161820898942366,0.0742601868480782,0.574597278301822,unsafe_touchdown
555,25,-9.3697305744066,0,86,-0.0161820898942366,0.0742601868480782,0.574597278301822,unsafe_touchdown
556,25,-11.0354935463267,0,80,-0.0161820898942366,0.0742601868480782,0.574597278301822,unsafe_touchdown
557,25,-11.6729385211752,0,99,-0.0161820898942366,0.0742601868480782,0.574597278301822,unsafe_touchdown
558,25,-8.43079533631751,0,107,-0.0161820898942366,0.0742601868480782,0.574597278301822,unsafe_touchdown
559,25,-9.13198656354716,0,91,-0.0161820898942366,0.0742601868480782,0.574597278301822,unsafe_touchdown
560,25,-9.03539941854833,0,92,-0.0161820898942366,0.0742601868480782,0.574597278301822,unsafe_touchdown
561,25,-11.0719781970995,0,89,-0.0161820898942366,0.0742601868480782,0.574597278301822,unsafe_touchdown
562,25,-9.83180806728418,0,93,-0.0161820898942366,0.0742601868480782,0.574597278301822,unsafe_touchdown
563,25,-9.55891801117546,0,94,-0.0161820898942366,0.0742601868480782,0.574597278301822,unsafe_touchdown
564,25,-10.2880475051445,0,98,-0.0161820898942366,0.0742601868480782,0.574597278301822,unsafe_touchdown
565,25,-8.96795811787599,0,94,-0.0161820898942366,0.0742601868480782,0.574597278301822,unsafe_touchdown
566,25,-8.33817408819172,0,108,-0.0161820898942366,0.0742601868480782,0.574597278301822,unsafe_touchdown
567,25,-9.24575294845382,0,97,-0.0161820898942366,0.0742601868480782,0.574597278301822,unsafe_touchdown
568,25,-11.4961462191495,0,92,-0.0161820898942366,0.0742601868480782,0.574597278301822,unsafe_touchdown
569,26,-9.67709067564795,0,92,-0.0184642370783922,0.076622542798822,0.574523475934296,unsafe_touchdown
570,26,-9.60787555269849,0,99,-0.0184642370783922,0.076622542798822,0.574523475934296,unsafe_touchdown
571,26,-9.20348651073901,0,105,-0.0184642370783922,0.076622542798822,0.574523475934296,unsafe_touchdown
572,26,-9.62197577554138,0,105,-0.0184642370783922,0.076622542798822,0.574523475934296,unsafe_touchdown
573,26,-7.54185541560525,0,97,-0.0184642370783922,0.076622542798822,0.574523475934296,unsafe_touchdown
574,26,-9.24614133698532,0,116,-0.0184642370783922,0.076622542798822,0.574523475934296,unsafe_touchdown
575,26,-8.41284759687627,0,104,-0.0184642370783922,0.076622542798822,0.574523475934296,unsafe_touchdown
576,26,-8.28803475549229,0,105,-0.0184642370783922,0.076622542798822,0.574523475934296,unsafe_touchdown
577,26,-11.9050831816944,0,96,-0.0184642370783922,0.076622542798822,0.574523475934296,unsafe_touchdown
578,26,-6.56198897407311,0,106,-0.0184642370783922,0.076622542798822,0.574523475934296,unsafe_touchdown
579,26,-8.57632658664258,0,102,-0.0184642370783922,0.076622542798822,0.574523475934296,unsafe_touchdown
580,26,-8.42115211508226,0,115,-0.0184642370783922,0.076622542798822,0.574523475934296,unsafe_touchdown
581,26,-9.95874607632214,0,94,-0.0184642370783922,0.076622542798822,0.574523475934296,unsafe_touchdown
582,26,-9.29392781916901,0,84,-0.0184642370783922,0.076622542798822,0.574523475934296,unsafe_touchdown
583,26,-8.50404814131105,0,124,-0.0184642370783922,0.076622542798822,0.574523475934296,unsafe_touchdown
584,26,-11.3132125588305,0,101,-0.0184642370783922,0.076622542798822,0.574523475934296,unsafe_touchdown
585,26,-9.12333432810721,0,95,-0.0184642370783922,0.076622542798822,0.574523475934296,unsafe_touchdown
586,26,-11.2988083153243,0,88,-0.0184642370783922,0.076622542798822,0.574523475934296,unsafe_touchdown
587,26,-7.9506234490374,0,112,-0.0184642370783922,0.076622542798822,0.574523475934296,unsafe_touchdown
588,26,-8.17011735545164,0,109,-0.0184642370783922,0.076622542798822,0.574523475934296,unsafe_touchdown
589,27,-6.15458883118713,0,90,-0.018786972629922,0.0904532694237317,0.575852295081545,unsafe_touchdown
590,27,-9.50347018352788,0,89,-0.018786972629922,0.0904532694237317,0.575852295081545,unsafe_touchdown
591,27,-11.8170871904234,0,101,-0.018786972629922,0.0904532694237317,0.575852295081545,unsafe_touchdown
592,27,-9.54138056406054,0,108,-0.018786972629922,0.0904532694237317,0.575852295081545,unsafe_touchdown
593,27,-8.80163371561747,0,100,-0.018786972629922,0.0904532694237317,0.575852295081545,unsafe_touchdown
594,27,-12.4650618706931,0,121,-0.018786972629922,0.0904532694237317,0.575852295081545,unsafe_touchdown
595,27,-9.50741780591179,0,100,-0.018786972629922,0.0904532694237317,0.575852295081545,unsafe_touchdown
596,27,-9.62187678415113,0,99,-0.018786972629922,0.0904532694237317,0.575852295081545,unsafe_touchdown
597,27,-9.84032107200391,0,92,-0.018786972629922,0.0904532694237317,0.575852295081545,unsafe_touchdown
598,27,-8.53611528076069,0,118,-0.018786972629922,0.0904532694237317,0.575852295081545,unsafe_touchdown
599,27,-9.8141522505581,0,98,-0.018786972629922,0.0904532694237317,0.575852295081545,unsafe_touchdown
600,27,-9.65684606401568,0,100,-0.018786972629922,0.0904532694237317,0.575852295081545,unsafe_touchdown
601,27,-9.10211663459839,0,100,-0.018786972629922,0.0904532694237317,0.575852295081545,unsafe_touchdown
602,27,-8.55653506859211,0,100,-0.018786972629922,0.0904532694237317,0.575852295081545,unsafe_touchdown
603,27,-9.91190905980609,0,95,-0.018786972629922,0.0904532694237317,0.575852295081545,unsafe_touchdown
604,27,-9.32595225120692,0,99,-0.018786972629922,0.0904532694237317,0.575852295081545,unsafe_touchdown
605,27,-9.03178621777628,0,95,-0.018786972629922,0.0904532694237317,0.575852295081545,unsafe_touchdown
606,27,-10.5027283694378,0,100,-0.018786972629922,0.0904532694237317,0.575852295081545,unsafe_touchdown
607,27,-8.40671497521743,0,95,-0.018786972629922,0.0904532694237317,0.575852295081545,unsafe_touchdown
608,27,-9.81854045606092,0,89,-0.018786972629922,0.0904532694237317,0.575852295081545,unsafe_touchdown
609,27,-8.23494406431827,0,104,-0.018786972629922,0.0904532694237317,0.575852295081545,unsafe_touchdown
610,28,-7.68285297331277,0,109,-0.0111546347622577,0.0736725424933766,0.572878763311167,unsafe_touchdown
611,28,-7.94825799473355,0,107,-0.0111546347622577,0.0736725424933766,0.572878763311167,unsafe_touchdown
612,28,-9.43922685826059,0,90,-0.0111546347622577,0.0736725424933766,0.572878763311167,unsafe_touchdown
613,28,-9.34139071107731,0,117,-0.0111546347622577,0.0736725424933766,0.572878763311167,unsafe_touchdown
614,28,-9.24609227149305,0,84,-0.0111546347622577,0.0736725424933766,0.572878763311167,unsafe_touchdown
615,28,-10.1619860907244,0,99,-0.0111546347622577,0.0736725424933766,0.572878763311167,unsafe_touchdown
616,28,-9.05374416386307,0,87,-0.0111546347622577,0.0736725424933766,0.572878763311167,unsafe_touchdown
617,28,-8.98587247524244,0,114,-0.0111546347622577,0.0736725424933766,0.572878763311167,unsafe_touchdown
618,28,-9.13336662710539,0,82,-0.0111546347622577,0.0736725424933766,0.572878763311167,unsafe_touchdown
619,28,-8.71124831816251,0,93,-0.0111546347622577,0.0736725424933766,0.572878763311167,unsafe_touchdown
620,28,-9.15832398617421,0,77,-0.0111546347622577,0.0736725424933766,0.572878763311167,unsafe_touchdown
621,28,-9.63306607806673,0,87,-0.0111546347622577,0.0736725424933766,0.572878763311167,unsafe_touchdown
622,28,-10.2945211669257,0,86,-0.0111546347622577,0.0736725424933766,0.572878763311167,unsafe_touchdown
623,28,-8.43074844362815,0,89,-0.0111546347622577,0.0736725424933766,0.572878763311167,unsafe_touchdown
624,28,-8.67081113424186,0,115,-0.0111546347622577,0.0736725424933766,0.572878763311167,unsafe_touchdown
625,28,-14.5387053919656,0,126,-0.0111546347622577,0.0736725424933766,0.572878763311167,unsafe_touchdown
626,28,-9.67667056404858,0,94,-0.0111546347622577,0.0736725424933766,0.572878763311167,unsafe_touchdown
627,28,-9.93441786815693,0,100,-0.0111546347622577,0.0736725424933766,0.572878763311167,unsafe_touchdown
628,28,-9.97867367810942,0,112,-0.0111546347622577,0.0736725424933766,0.572878763311167,unsafe_touchdown
629,28,-9.78558747785959,0,110,-0.0111546347622577,0.0736725424933766,0.572878763311167,unsafe_touchdown
630,28,-8.85000423524233,0,91,-0.0111546347622577,0.0736725424933766,0.572878763311167,unsafe_touchdown
631,29,-8.92436382048445,0,114,-0.0139178913950109,0.0597479304452124,0.570849385035639,unsafe_touchdown
632,29,-10.4456157178679,0,94,-0.0139178913950109,0.0597479304452124,0.570849385035639,unsafe_touchdown
633,29,-8.56460107551695,0,95,-0.0139178913950109,0.0597479304452124,0.570849385035639,unsafe_touchdown
634,29,-8.98853793951877,0,100,-0.0139178913950109,0.0597479304452124,0.570849385035639,unsafe_touchdown
635,29,-9.71122065962574,0,100,-0.0139178913950109,0.0597479304452124,0.570849385035639,unsafe_touchdown
636,29,-9.05398186627848,0,88,-0.0139178913950109,0.0597479304452124,0.570849385035639,unsafe_touchdown
637,29,-9.63155912452764,0,78,-0.0139178913950109,0.0597479304452124,0.570849385035639,unsafe_touchdown
638,29,-8.77625680338643,0,109,-0.0139178913950109,0.0597479304452124,0.570849385035639,unsafe_touchdown
639,29,-9.59073081230491,0,117,-0.0139178913950109,0.0597479304452124,0.570849385035639,unsafe_touchdown
640,29,-8.34112095273277,0,94,-0.0139178913950109,0.0597479304452124,0.570849385035639,unsafe_touchdown
641,29,-9.15997614775572,0,109,-0.0139178913950109,0.0597479304452124,0.570849385035639,unsafe_touchdown
642,29,-7.11817445891064,0,85,-0.0139178913950109,0.0597479304452124,0.570849385035639,unsafe_touchdown
643,29,-9.50297017773342,0,86,-0.0139178913950109,0.0597479304452124,0.570849385035639,unsafe_touchdown
644,29,-9.20868390011858,0,114,-0.0139178913950109,0.0597479304452124,0.570849385035639,unsafe_touchdown
645,29,-10.4966561081362,0,102,-0.0139178913950109,0.0597479304452124,0.570849385035639,unsafe_touchdown
646,29,-7.2570542820795,0,123,-0.0139178913950109,0.0597479304452124,0.570849385035639,unsafe_touchdown
647,29,-9.96881838993829,0,103,-0.0139178913950109,0.0597479304452124,0.570849385035639,unsafe_touchdown
648,29,-10.8742763172968,0,100,-0.0139178913950109,0.0597479304452124,0.570849385035639,unsafe_touchdown
649,29,-9.39930049859274,0,116,-0.0139178913950109,0.0597479304452124,0.570849385035639,unsafe_touchdown
650,29,-11.0104576608497,0,101,-0.0139178913950109,0.0597479304452124,0.570849385035639,unsafe_touchdown
651,29,-8.40966263852892,0,104,-0.0139178913950109,0.0597479304452124,0.570849385035639,unsafe_touchdown
652,30,-9.06038261985361,0,118,-0.0148739764790509,0.0631075315874291,0.574282318853834,unsafe_touchdown
653,30,-8.53137888985462,0,87,-0.0148739764790509,0.0631075315874291,0.574282318853834,unsafe_touchdown
654,30,-9.00314345378856,0,104,-0.0148739764790509,0.0631075315874291,0.574282318853834,unsafe_touchdown
655,30,-8.76555665345072,0,93,-0.0148739764790509,0.0631075315874291,0.574282318853834,unsafe_touchdown
656,30,-9.56868551665557,0,102,-0.0148739764790509,0.0631075315874291,0.574282318853834,unsafe_touchdown
657,30,-9.7762473119811,0,95,-0.0148739764790509,0.0631075315874291,0.574282318853834,unsafe_touchdown
658,30,-10.4434768620275,0,97,-0.0148739764790509,0.0631075315874291,0.574282318853834,unsafe_touchdown
659,30,-6.29750535877004,0,102,-0.0148739764790509,0.0631075315874291,0.574282318853834,unsafe_touchdown
660,30,-9.04309092875855,0,120,-0.0148739764790509,0.0631075315874291,0.574282318853834,unsafe_touchdown
661,30,-8.39283800336673,0,103,-0.0148739764790509,0.0631075315874291,0.574282318853834,unsafe_touchdown
662,30,-8.95535435861179,0,96,-0.0148739764790509,0.0631075315874291,0.574282318853834,unsafe_touchdown
663,30,-10.2059773854222,0,91,-0.0148739764790509,0.0631075315874291,0.574282318853834,unsafe_touchdown
664,30,-9.27874392260857,0,118,-0.0148739764790509,0.0631075315874291,0.574282318853834,unsafe_touchdown
665,30,-9.25961058176251,0,106,-0.0148739764790509,0.0631075315874291,0.574282318853834,unsafe_touchdown
666,30,-8.79537556773354,0,91,-0.0148739764790509,0.0631075315874291,0.574282318853834,unsafe_touchdown
667,30,-8.84309987663561,0,106,-0.0148739764790509,0.0631075315874291,0.574282318853834,unsafe_touchdown
668,30,-8.84926211793862,0,91,-0.0148739764790509,0.0631075315874291,0.574282318853834,unsafe_touchdown
669,30,-11.1692081480961,0,112,-0.0148739764790509,0.0631075315874291,0.574282318853834,unsafe_touchdown
670,30,-10.3293803076498,0,96,-0.0148739764790509,0.0631075315874291,0.574282318853834,unsafe_touchdown
671,30,-8.68514518136179,0,129,-0.0148739764790509,0.0631075315874291,0.574282318853834,unsafe_touchdown
672,31,-10.0262820164336,0,107,-0.0156019236997812,0.0670836090071058,0.57595659791342,unsafe_touchdown
673,31,-10.0836577733604,0,100,-0.0156019236997812,0.0670836090071058,0.57595659791342,unsafe_touchdown
674,31,-8.5141486944204,0,86,-0.0156019236997812,0.0670836090071058,0.57595659791342,unsafe_touchdown
675,31,-9.29372389663104,0,100,-0.0156019236997812,0.0670836090071058,0.57595659791342,unsafe_touchdown
676,31,-9.00857016413189,0,109,-0.0156019236997812,0.0670836090071058,0.57595659791342,unsafe_touchdown
677,31,-8.94381964203135,0,104,-0.0156019236997812,0.0670836090071058,0.57595659791342,unsafe_touchdown
678,31,-9.27344126142414,0,85,-0.0156019236997812,0.0670836090071058,0.57595659791342,unsafe_touchdown
679,31,-7.65839016088708,0,108,-0.0156019236997812,0.0670836090071058,0.57595659791342,unsafe_touchdown
680,31,-11.2566777234278,0,111,-0.0156019236997812,0.0670836090071058,0.57595659791342,unsafe_touchdown
681,31,-10.1961377663948,0,125,-0.0156019236997812,0.0670836090071058,0.57595659791342,unsafe_touchdown
682,31,-8.50418270197234,0,110,-0.0156019236997812,0.0670836090071058,0.57595659791342,unsafe_touchdown
683,31,-9.2702559828331,0,104,-0.0156019236997812,0.0670836090071058,0.57595659791342,unsafe_touchdown
684,31,-9.41523426107018,0,103,-0.0156019236997812,0.0670836090071058,0.57595659791342,unsafe_touchdown
685,31,-7.94828365680087,0,101,-0.0156019236997812,0.0670836090071058,0.57595659791342,unsafe_touchdown
686,31,-8.63736800326776,0,82,-0.0156019236997812,0.0670836090071058,0.57595659791342,unsafe_touchdown
687,31,-10.2267476522012,0,105,-0.0156019236997812,0.0670836090071058,0.57595659791342,unsafe_touchdown
688,31,-9.96249719853624,0,100,-0.0156019236997812,0.0670836090071058,0.57595659791342,unsafe_touchdown
689,31,-8.98730702000817,0,103,-0.0156019236997812,0.0670836090071058,0.57595659791342,unsafe_touchdown
690,31,-9.8742293456473,0,114,-0.0156019236997812,0.0670836090071058,0.57595659791342,unsafe_touchdown
691,31,-11.2821756162937,0,105,-0.0156019236997812,0.0670836090071058,0.57595659791342,unsafe_touchdown
692,32,-8.88125794150353,0,103,-0.0227227928058496,0.0649254224536191,0.575738172880022,unsafe_touchdown
693,32,-10.1829568309325,0,72,-0.0227227928058496,0.0649254224536191,0.575738172880022,unsafe_touchdown
694,32,-8.03894288116803,0,126,-0.0227227928058496,0.0649254224536191,0.575738172880022,unsafe_touchdown
695,32,-11.4524912615233,0,114,-0.0227227928058496,0.0649254224536191,0.575738172880022,unsafe_touchdown
696,32,-10.0082596375216,0,97,-0.0227227928058496,0.0649254224536191,0.575738172880022,unsafe_touchdown
697,32,-9.43512510085714,0,116,-0.0227227928058496,0.0649254224536191,0.575738172880022,unsafe_touchdown
698,32,-9.58214937614505,0,105,-0.0227227928058496,0.0649254224536191,0.575738172880022,unsafe_touchdown
699,32,-9.55726968727217,0,86,-0.0227227928058496,0.0649254224536191,0.575738172880022,unsafe_touchdown
700,32,-7.72040264767423,0,128,-0.0227227928058496,0.0649254224536191,0.575738172880022,unsafe_touchdown
701,32,-9.63706556206019,0,94,-0.0227227928058496,0.0649254224536191,0.575738172880022,unsafe_touchdown
702,32,-8.66697531742292,0,105,-0.0227227928058496,0.0649254224536191,0.575738172880022,unsafe_touchdown
703,32,-9.22464360020741,0,94,-0.0227227928058496,0.0649254224536191,0.575738172880022,unsafe_touchdown
704,32,-7.71073689436097,0,122,-0.0227227928058496,0.0649254224536191,0.575738172880022,unsafe_touchdown
705,32,-8.28041801260333,0,102,-0.0227227928058496,0.0649254224536191,0.575738172880022,unsafe_touchdown
706,32,-10.2531357708301,0,114,-0.0227227928058496,0.0649254224536191,0.575738172880022,unsafe_touchdown
707,32,-10.4790643050579,0,97,-0.0227227928058496,0.0649254224536191,0.575738172880022,unsafe_touchdown
708,32,-10.2088343635451,0,106,-0.0227227928058496,0.0649254224536191,0.575738172880022,unsafe_touchdown
709,32,-8.52314842587415,0,85,-0.0227227928058496,0.0649254224536191,0.575738172880022,unsafe_touchdown
710,32,-8.53475243775588,0,99,-0.0227227928058496,0.0649254224536191,0.575738172880022,unsafe_touchdown
711,32,-9.28517395775007,0,94,-0.0227227928058496,0.0649254224536191,0.575738172880022,unsafe_touchdown
712,33,-9.04881821997345,0,103,-0.0118420518356485,0.0612604156717791,0.577432057761865,unsafe_touchdown
713,33,-8.91609164448262,0,87,-0.0118420518356485,0.0612604156717791,0.577432057761865,unsafe_touchdown
714,33,-10.5227636957771,0,112,-0.0118420518356485,0.0612604156717791,0.577432057761865,unsafe_touchdown
715,33,-8.76576417720972,0,115,-0.0118420518356485,0.0612604156717791,0.577432057761865,unsafe_touchdown
716,33,-9.83668952006237,0,116,-0.0118420518356485,0.0612604156717791,0.577432057761865,unsafe_touchdown
717,33,-8.01993666910636,0,103,-0.0118420518356485,0.0612604156717791,0.577432057761865,unsafe_touchdown
718,33,-9.82488989974085,0,114,-0.0118420518356485,0.0612604156717791,0.577432057761865,unsafe_touchdown
719,33,-7.65914881159127,0,78,-0.0118420518356485,0.0612604156717791,0.577432057761865,unsafe_touchdown
720,33,-10.4473458493534,0,76,-0.0118420518356485,0.0612604156717791,0.577432057761865,unsafe_touchdown
721,33,-8.87835117422437,0,122,-0.0118420518356485,0.0612604156717791,0.577432057761865,unsafe_touchdown
722,33,-8.39549929443845,0,85,-0.0118420518356485,0.0612604156717791,0.577432057761865,unsafe_touchdown
723,33,-8.94271897433309,0,92,-0.0118420518356485,0.0612604156717791,0.577432057761865,unsafe_touchdown
724,33,-8.44515209685913,0,100,-0.0118420518356485,0.0612604156717791,0.577432057761865,unsafe_touchdown
725,33,-9.20235352257747,0,94,-0.0118420518356485,0.0612604156717791,0.577432057761865,unsafe_touchdown
726,33,-9.35356810087037,0,122,-0.0118420518356485,0.0612604156717791,0.577432057761865,unsafe_touchdown
727,33,-9.07074373291831,0,86,-0.0118420518356485,0.0612604156717791,0.577432057761865,unsafe_touchdown
728,33,-8.67504062339255,0,83,-0.0118420518356485,0.0612604156717791,0.577432057761865,unsafe_touchdown
729,33,-9.1141790581604,0,117,-0.0118420518356485,0.0612604156717791,0.577432057761865,unsafe_touchdown
730,33,-8.91212165877664,0,99,-0.0118420518356485,0.0612604156717791,0.577432057761865,unsafe_touchdown
731,33,-9.35061608061507,0,106,-0.0118420518356485,0.0612604156717791,0.577432057761865,unsafe_touchdown
732,33,-7.88892745946292,0,116,-0.0118420518356485,0.0612604156717791,0.577432057761865,unsafe_touchdown
733,34,-9.09622598195417,0,100,-0.0140078881194551,0.0629788547576864,0.576383779425984,unsafe_touchdown
734,34,-8.2254984686313,0,114,-0.0140078881194551,0.0629788547576864,0.576383779425984,unsafe_touchdown
735,34,-9.24778382817299,0,109,-0.0140078881194551,0.0629788547576864,0.576383779425984,unsafe_touchdown
736,34,-8.76262186273195,0,97,-0.0140078881194551,0.0629788547576864,0.576383779425984,unsafe_touchdown
737,34,-7.6357233994451,0,105,-0.0140078881194551,0.0629788547576864,0.576383779425984,unsafe_touchdown
738,34,-9.03516379389015,0,111,-0.0140078881194551,0.0629788547576864,0.576383779425984,unsafe_touchdown
739,34,-9.20447032698535,0,113,-0.0140078881194551,0.0629788547576864,0.576383779425984,unsafe_touchdown
740,34,-10.05534827557,0,111,-0.0140078881194551,0.0629788547576864,0.576383779425984,unsafe_touchdown
741,34,-7.71130421280038,0,96,-0.0140078881194551,0.0629788547576864,0.576383779425984,unsafe_touchdown
742,34,-8.99760752765348,0,114,-0.0140078881194551,0.0629788547576864,0.576383779425984,unsafe_touchdown
743,34,-8.8468324717095,0,100,-0.0140078881194551,0.0629788547576864,0.576383779425984,unsafe_touchdown
744,34,-9.88860918692334,0,103,-0.0140078881194551,0.0629788547576864,0.576383779425984,unsafe_touchdown
745,34,-9.26581763436171,0,81,-0.0140078881194551,0.0629788547576864,0.576383779425984,unsafe_touchdown
746,34,-7.63814843145007,0,96,-0.0140078881194551,0.0629788547576864,0.576383779425984,unsafe_touchdown
747,34,-6.67272424433849,0,119,-0.0140078881194551,0.0629788547576864,0.576383779425984,unsafe_touchdown
748,34,-10.3968985724019,0,110,-0.0140078881194551,0.0629788547576864,0.576383779425984,unsafe_touchdown
749,34,-8.61630374228539,0,129,-0.0140078881194551,0.0629788547576864,0.576383779425984,unsafe_touchdown
750,34,-9.9558680890494,0,89,-0.0140078881194551,0.0629788547576864,0.576383779425984,unsafe_touchdown
751,34,-8.98724352547808,0,151,-0.0140078881194551,0.0629788547576864,0.576383779425984,unsafe_touchdown
752,35,-10.7399758608685,0,105,-0.0181816438820448,0.0841166326439664,0.578074695865035,unsafe_touchdown
753,35,-8.08425022545702,0,103,-0.0181816438820448,0.0841166326439664,0.578074695865035,unsafe_touchdown
754,35,-8.29681267065554,0,92,-0.0181816438820448,0.0841166326439664,0.578074695865035,unsafe_touchdown
755,35,-9.55906720543405,0,103,-0.0181816438820448,0.0841166326439664,0.578074695865035,unsafe_touchdown
756,35,-9.12859799970682,0,92,-0.0181816438820448,0.0841166326439664,0.578074695865035,unsafe_touchdown
757,35,-8.3986199053778,0,82,-0.0181816438820448,0.0841166326439664,0.578074695865035,unsafe_touchdown
758,35,-7.15265064034377,0,97,-0.0181816438820448,0.0841166326439664,0.578074695865035,unsafe_touchdown
759,35,-9.96941970364779,0,92,-0.0181816438820448,0.0841166326439664,0.578074695865035,unsafe_touchdown
760,35,-8.17260992834753,0,105,-0.0181816438820448,0.0841166326439664,0.578074695865035,unsafe_touchdown
761,35,-13.2427402070814,0,93,-0.0181816438820448,0.0841166326439664,0.578074695865035,unsafe_touchdown
762,35,-8.87744174618516,0,82,-0.0181816438820448,0.0841166326439664,0.578074695865035,unsafe_touchdown
763,35,-11.4359744644149,0,110,-0.0181816438820448,0.0841166326439664,0.578074695865035,unsafe_touchdown
764,35,-11.077346978691,0,86,-0.0181816438820448,0.0841166326439664,0.578074695865035,unsafe_touchdown
765,35,-7.90360826660281,0,93,-0.0181816438820448,0.0841166326439664,0.578074695865035,unsafe_touchdown
766,35,-8.36376219458879,0,95,-0.0181816438820448,0.0841166326439664,0.578074695865035,unsafe_touchdown
767,35,-10.2904782983174,0,155,-0.0181816438820448,0.0841166326439664,0.578074695865035,unsafe_touchdown
768,35,-9.48698227186016,0,118,-0.0181816438820448,0.0841166326439664,0.578074695865035,unsafe_touchdown
769,35,-9.30824596418114,0,119,-0.0181816438820448,0.0841166326439664,0.578074695865035,unsafe_touchdown
770,35,-8.26269699766181,0,113,-0.0181816438820448,0.0841166326439664,0.578074695865035,unsafe_touchdown
771,35,-8.69687877778162,0,96,-0.0181816438820448,0.0841166326439664,0.578074695865035,unsafe_touchdown
772,35,-8.75542025928657,0,100,-0.0181816438820448,0.0841166326439664,0.578074695865035,unsafe_touchdown
773,36,-9.90550713660177,0,109,-0.0180828859000505,0.068867447650807,0.576943870964569,unsafe_touchdown
774,36,-9.95982020172456,0,120,-0.0180828859000505,0.068867447650807,0.576943870964569,unsafe_touchdown
775,36,-8.26694352875672,0,108,-0.0180828859000505,0.068867447650807,0.576943870964569,unsafe_touchdown
776,36,-10.1550676585405,0,97,-0.0180828859000505,0.068867447650807,0.576943870964569,unsafe_touchdown
777,36,-9.27652322922544,0,86,-0.0180828859000505,0.068867447650807,0.576943870964569,unsafe_touchdown
778,36,-9.45640856488209,0,100,-0.0180828859000505,0.068867447650807,0.576943870964569,unsafe_touchdown
779,36,-8.44344564274625,0,92,-0.0180828859000505,0.068867447650807,0.576943870964569,unsafe_touchdown
780,36,-9.40943557277101,0,83,-0.0180828859000505,0.068867447650807,0.576943870964569,unsafe_touchdown
781,36,-11.8273286808731,0,95,-0.0180828859000505,0.068867447650807,0.576943870964569,unsafe_touchdown
782,36,-9.02989754285347,0,90,-0.0180828859000505,0.068867447650807,0.576943870964569,unsafe_touchdown
783,36,-10.207605343027,0,98,-0.0180828859000505,0.068867447650807,0.576943870964569,unsafe_touchdown
784,36,-9.65052786210959,0,119,-0.0180828859000505,0.068867447650807,0.576943870964569,unsafe_touchdown
785,36,-8.60499078746728,0,112,-0.0180828859000505,0.068867447650807,0.576943870964569,unsafe_touchdown
786,36,-9.70595043201393,0,91,-0.0180828859000505,0.068867447650807,0.576943870964569,unsafe_touchdown
787,36,-9.3835340336307,0,101,-0.0180828859000505,0.068867447650807,0.576943870964569,unsafe_touchdown
788,36,-11.6613370459384,0,113,-0.0180828859000505,0.068867447650807,0.576943870964569,unsafe_touchdown
789,36,-10.3297172618232,0,121,-0.0180828859000505,0.068867447650807,0.576943870964569,unsafe_touchdown
790,36,-8.77581746312551,0,114,-0.0180828859000505,0.068867447650807,0.576943870964569,unsafe_touchdown
791,36,-9.88665716023389,0,83,-0.0180828859000505,0.068867447650807,0.576943870964569,unsafe_touchdown
792,36,-7.71010127073194,0,126,-0.0180828859000505,0.068867447650807,0.576943870964569,unsafe_touchdown
793,37,-8.66570209985007,0,133,-0.0140609294520755,0.053362444595598,0.576012950056602,unsafe_touchdown
794,37,-8.99202575774952,0,97,-0.0140609294520755,0.053362444595598,0.576012950056602,unsafe_touchdown
795,37,-9.96187851810207,0,74,-0.0140609294520755,0.053362444595598,0.576012950056602,unsafe_touchdown
796,37,-9.97472651453204,0,80,-0.0140609294520755,0.053362444595598,0.576012950056602,unsafe_touchdown
797,37,-9.49565318411315,0,144,-0.0140609294520755,0.053362444595598,0.576012950056602,unsafe_touchdown
798,37,-7.53657782787305,0,83,-0.0140609294520755,0.053362444595598,0.576012950056602,unsafe_touchdown
799,37,-9.6161631000004,0,95,-0.0140609294520755,0.053362444595598,0.576012950056602,unsafe_touchdown
800,37,-9.24023855131287,0,85,-0.0140609294520755,0.053362444595598,0.576012950056602,unsafe_touchdown
801,37,-9.49917066546125,0,93,-0.0140609294520755,0.053362444595598,0.576012950056602,unsafe_touchdown
802,37,-8.9913851029168,0,87,-0.0140609294520755,0.053362444595598,0.576012950056602,unsafe_touchdown
803,37,-9.36912540575052,0,103,-0.0140609294520755,0.053362444595598,0.576012950056602,unsafe_touchdown
804,37,-8.9538711095704,0,93,-0.0140609294520755,0.053362444595598,0.576012950056602,unsafe_touchdown
805,37,-9.43924787312492,0,96,-0.0140609294520755,0.053362444595598,0.576012950056602,unsafe_touchdown
806,37,-8.96871985175257,0,85,-0.0140609294520755,0.053362444595598,0.576012950056602,unsafe_touchdown
807,37,-9.45301286977851,0,137,-0.0140609294520755,0.053362444595598,0.576012950056602,unsafe_touchdown
808,37,-8.15411149009862,0,87,-0.0140609294520755,0.053362444595598,0.576012950056602,unsafe_touchdown
809,37,-10.023903690272,0,116,-0.0140609294520755,0.053362444595598,0.576012950056602,unsafe_touchdown
810,37,-7.32906304526748,0,107,-0.0140609294520755,0.053362444595598,0.576012950056602,unsafe_touchdown
811,37,-9.47406635253546,0,130,-0.0140609294520755,0.053362444595598,0.576012950056602,unsafe_touchdown
812,37,-8.75946552123079,0,102,-0.0140609294520755,0.053362444595598,0.576012950056602,unsafe_touchdown
813,37,-8.25546794090917,0,124,-0.0140609294520755,0.053362444595598,0.576012950056602,unsafe_touchdown
814,38,-8.96878215273631,0,72,-0.0272018271160237,0.0850832054668762,0.575312268929336,unsafe_touchdown
815,38,-12.0001702871736,0,102,-0.0272018271160237,0.0850832054668762,0.575312268929336,unsafe_touchdown
816,38,-8.35112702685511,0,100,-0.0272018271160237,0.0850832054668762,0.575312268929336,unsafe_touchdown
817,38,-8.89988110294984,0,76,-0.0272018271160237,0.0850832054668762,0.575312268929336,unsafe_touchdown
818,38,-7.60602438158124,0,98,-0.0272018271160237,0.0850832054668762,0.575312268929336,unsafe_touchdown
819,38,-8.64550836354253,0,131,-0.0272018271160237,0.0850832054668762,0.575312268929336,unsafe_touchdown
820,38,-7.9412147840443,0,110,-0.0272018271160237,0.0850832054668762,0.575312268929336,unsafe_touchdown
821,38,-9.32230997066658,0,92,-0.0272018271160237,0.0850832054668762,0.575312268929336,unsafe_touchdown
822,38,-10.2972668050034,0,99,-0.0272018271160237,0.0850832054668762,0.575312268929336,unsafe_touchdown
823,38,-10.3782757613817,0,97,-0.0272018271160237,0.0850832054668762,0.575312268929336,unsafe_touchdown
824,38,-6.27592926850092,0,103,-0.0272018271160237,0.0850832054668762,0.575312268929336,unsafe_touchdown
825,38,-11.3549842325135,0,106,-0.0272018271160237,0.0850832054668762,0.575312268929336,unsafe_touchdown
826,38,-9.1564791400782,0,99,-0.0272018271160237,0.0850832054668762,0.575312268929336,unsafe_touchdown
827,38,-8.76520907465089,0,92,-0.0272018271160237,0.0850832054668762,0.575312268929336,unsafe_touchdown
828,38,-8.01667084230257,0,79,-0.0272018271160237,0.0850832054668762,0.575312268929336,unsafe_touchdown
829,38,-9.13444579266484,0,106,-0.0272018271160237,0.0850832054668762,0.575312268929336,unsafe_touchdown
830,38,-11.0688897513745,0,99,-0.0272018271160237,0.0850832054668762,0.575312268929336,unsafe_touchdown
831,38,-10.3439644646353,0,114,-0.0272018271160237,0.0850832054668762,0.575312268929336,unsafe_touchdown
832,38,-11.3042084441793,0,89,-0.0272018271160237,0.0850832054668762,0.575312268929336,unsafe_touchdown
833,38,-9.8578857299575,0,97,-0.0272018271160237,0.0850832054668762,0.575312268929336,unsafe_touchdown
834,38,-7.87369885647616,0,93,-0.0272018271160237,0.0850832054668762,0.575312268929336,unsafe_touchdown
835,39,-9.38825225504098,0,99,-0.0135823683812277,0.0424881542976321,0.575048802062131,unsafe_touchdown
836,39,-8.06684146317762,0,124,-0.0135823683812277,0.0424881542976321,0.575048802062131,unsafe_touchdown
837,39,-8.95027207819479,0,121,-0.0135823683812277,0.0424881542976321,0.575048802062131,unsafe_touchdown
838,39,-9.41200701682192,0,85,-0.0135823683812277,0.0424881542976321,0.575048802062131,unsafe_touchdown
839,39,-9.69702323857893,0,102,-0.0135823683812277,0.0424881542976321,0.575048802062131,unsafe_touchdown
840,39,-9.18722022921312,0,102,-0.0135823683812277,0.0424881542976321,0.575048802062131,unsafe_touchdown
841,39,-7.87098216399542,0,87,-0.0135823683812277,0.0424881542976321,0.575048802062131,unsafe_touchdown
842,39,-8.87857825409641,0,93,-0.0135823683812277,0.0424881542976321,0.575048802062131,unsafe_touchdown
843,39,-7.15200001655067,0,131,-0.0135823683812277,0.0424881542976321,0.575048802062131,unsafe_touchdown
844,39,-9.82914047162955,0,102,-0.0135823683812277,0.0424881542976321,0.575048802062131,unsafe_touchdown
845,39,-8.80876639039278,0,79,-0.0135823683812277,0.0424881542976321,0.575048802062131,unsafe_touchdown
846,39,-10.0489823279469,0,152,-0.0135823683812277,0.0424881542976321,0.575048802062131,unsafe_touchdown
847,39,-8.92621959266366,0,99,-0.0135823683812277,0.0424881542976321,0.575048802062131,unsafe_touchdown
848,39,-8.79824368337236,0,103,-0.0135823683812277,0.0424881542976321,0.575048802062131,unsafe_touchdown
849,39,-9.44408277873567,0,155,-0.0135823683812277,0.0424881542976321,0.575048802062131,unsafe_touchdown
850,39,-8.70442003722163,0,84,-0.0135823683812277,0.0424881542976321,0.575048802062131,unsafe_touchdown
851,39,-10.0002558468144,0,118,-0.0135823683812277,0.0424881542976321,0.575048802062131,unsafe_touchdown
852,39,-7.24107176578841,0,123,-0.0135823683812277,0.0424881542976321,0.575048802062131,unsafe_touchdown
853,39,-9.90171564118912,0,80,-0.0135823683812277,0.0424881542976321,0.575048802062131,unsafe_touchdown
854,39,-9.98785825985782,0,93,-0.0135823683812277,0.0424881542976321,0.575048802062131,unsafe_touchdown
855,40,-9.57504756199738,0,109,-0.0170118068415185,0.0912807192762601,0.573761840539092,unsafe_touchdown
856,40,-8.99088975464609,0,82,-0.0170118068415185,0.0912807192762601,0.573761840539092,unsafe_touchdown
857,40,-10.1070209016629,0,98,-0.0170118068415185,0.0912807192762601,0.573761840539092,unsafe_touchdown
858,40,-7.02146439462888,0,95,-0.0170118068415185,0.0912807192762601,0.573761840539092,unsafe_touchdown
859,40,-7.77787822415975,0,104,-0.0170118068415185,0.0912807192762601,0.573761840539092,unsafe_touchdown
860,40,-9.07370380186677,0,77,-0.0170118068415185,0.0912807192762601,0.573761840539092,unsafe_touchdown
861,40,-10.0521818529519,0,102,-0.0170118068415185,0.0912807192762601,0.573761840539092,unsafe_touchdown
862,40,-8.95575455842207,0,120,-0.0170118068415185,0.0912807192762601,0.573761840539092,unsafe_touchdown
863,40,-6.13173919436415,0,105,-0.0170118068415185,0.0912807192762601,0.573761840539092,unsafe_touchdown
864,40,-9.80003763867298,0,117,-0.0170118068415185,0.0912807192762601,0.573761840539092,unsafe_touchdown
865,40,-10.2220222624321,0,86,-0.0170118068415185,0.0912807192762601,0.573761840539092,unsafe_touchdown
866,40,-10.7734186185247,0,114,-0.0170118068415185,0.0912807192762601,0.573761840539092,unsafe_touchdown
867,40,-11.7938911976104,0,103,-0.0170118068415185,0.0912807192762601,0.573761840539092,unsafe_touchdown
868,40,-9.28827978426367,0,92,-0.0170118068415185,0.0912807192762601,0.573761840539092,unsafe_touchdown
869,40,-8.75845153619907,0,86,-0.0170118068415185,0.0912807192762601,0.573761840539092,unsafe_touchdown
870,40,-9.09354356854678,0,111,-0.0170118068415185,0.0912807192762601,0.573761840539092,unsafe_touchdown
871,40,-10.2633138095502,0,124,-0.0170118068415185,0.0912807192762601,0.573761840539092,unsafe_touchdown
872,40,-9.15720240908973,0,86,-0.0170118068415185,0.0912807192762601,0.573761840539092,unsafe_touchdown
873,40,-7.74486626796367,0,99,-0.0170118068415185,0.0912807192762601,0.573761840539092,unsafe_touchdown
874,40,-8.02534239697638,0,130,-0.0170118068415185,0.0912807192762601,0.573761840539092,unsafe_touchdown
875,40,-9.05063044807701,0,174,-0.0170118068415185,0.0912807192762601,0.573761840539092,unsafe_touchdown
876,41,-11.1551030260875,0,120,-0.0156598774770863,0.0585565156405326,0.573153538649647,unsafe_touchdown
877,41,-9.26320939728016,0,108,-0.0156598774770863,0.0585565156405326,0.573153538649647,unsafe_touchdown
878,41,-9.99474633816248,0,99,-0.0156598774770863,0.0585565156405326,0.573153538649647,unsafe_touchdown
879,41,-9.32771966589956,0,90,-0.0156598774770863,0.0585565156405326,0.573153538649647,unsafe_touchdown
880,41,-9.45229112859091,0,108,-0.0156598774770863,0.0585565156405326,0.573153538649647,unsafe_touchdown
881,41,-8.05724933512636,0,104,-0.0156598774770863,0.0585565156405326,0.573153538649647,unsafe_touchdown
882,41,-9.1359204273998,0,131,-0.0156598774770863,0.0585565156405326,0.573153538649647,unsafe_touchdown
883,41,-8.3337021003739,0,125,-0.0156598774770863,0.0585565156405326,0.573153538649647,unsafe_touchdown
884,41,-9.27770665412431,0,108,-0.0156598774770863,0.0585565156405326,0.573153538649647,unsafe_touchdown
885,41,-8.25229471999889,0,113,-0.0156598774770863,0.0585565156405326,0.573153538649647,unsafe_touchdown
886,41,-9.00011297540848,0,99,-0.0156598774770863,0.0585565156405326,0.573153538649647,unsafe_touchdown
887,41,-7.9015240565685,0,115,-0.0156598774770863,0.0585565156405326,0.573153538649647,unsafe_touchdown
888,41,-8.7457245730356,0,94,-0.0156598774770863,0.0585565156405326,0.573153538649647,unsafe_touchdown
889,41,-8.96890494962204,0,77,-0.0156598774770863,0.0585565156405326,0.573153538649647,unsafe_touchdown
890,41,-9.81593096941259,0,92,-0.0156598774770863,0.0585565156405326,0.573153538649647,unsafe_touchdown
891,41,-9.3280402201502,0,94,-0.0156598774770863,0.0585565156405326,0.573153538649647,unsafe_touchdown
892,41,-7.87265112962646,0,112,-0.0156598774770863,0.0585565156405326,0.573153538649647,unsafe_touchdown
893,41,-9.94995879489963,0,112,-0.0156598774770863,0.0585565156405326,0.573153538649647,unsafe_touchdown
894,41,-8.91005000571361,0,95,-0.0156598774770863,0.0585565156405326,0.573153538649647,unsafe_touchdown
895,41,-11.8340916044955,0,101,-0.0156598774770863,0.0585565156405326,0.573153538649647,unsafe_touchdown
896,42,-7.79835224904266,0,90,-0.0128749168485822,0.0679848341399103,0.572855666479041,unsafe_touchdown
897,42,-9.39411923307469,0,88,-0.0128749168485822,0.0679848341399103,0.572855666479041,unsafe_touchdown
898,42,-8.36302273681215,0,85,-0.0128749168485822,0.0679848341399103,0.572855666479041,unsafe_touchdown
899,42,-9.98721180012703,0,94,-0.0128749168485822,0.0679848341399103,0.572855666479041,unsafe_touchdown
900,42,-9.89599334666435,0,126,-0.0128749168485822,0.0679848341399103,0.572855666479041,unsafe_touchdown
901,42,-7.8960424701712,0,106,-0.0128749168485822,0.0679848341399103,0.572855666479041,unsafe_touchdown
902,42,-8.31243456691626,0,79,-0.0128749168485822,0.0679848341399103,0.572855666479041,unsafe_touchdown
903,42,-9.84595438737783,0,88,-0.0128749168485822,0.0679848341399103,0.572855666479041,unsafe_touchdown
904,42,-9.057432834076,0,90,-0.0128749168485822,0.0679848341399103,0.572855666479041,unsafe_touchdown
905,42,-9.87189644028031,0,108,-0.0128749168485822,0.0679848341399103,0.572855666479041,unsafe_touchdown
906,42,-9.17701734401881,0,94,-0.0128749168485822,0.0679848341399103,0.572855666479041,unsafe_touchdown
907,42,-10.3250316832419,0,107,-0.0128749168485822,0.0679848341399103,0.572855666479041,unsafe_touchdown
908,42,-8.65967141416296,0,88,-0.0128749168485822,0.0679848341399103,0.572855666479041,unsafe_touchdown
909,42,-9.1569407373365,0,87,-0.0128749168485822,0.0679848341399103,0.572855666479041,unsafe_touchdown
910,42,-9.7440836477133,0,99,-0.0128749168485822,0.0679848341399103,0.572855666479041,unsafe_touchdown
911,42,-8.65280785282583,0,93,-0.0128749168485822,0.0679848341399103,0.572855666479041,unsafe_touchdown
912,42,-10.0863203245687,0,107,-0.0128749168485822,0.0679848341399103,0.572855666479041,unsafe_touchdown
913,42,-7.88952062837391,0,105,-0.0128749168485822,0.0679848341399103,0.572855666479041,unsafe_touchdown
914,42,-8.73742600089907,0,100,-0.0128749168485822,0.0679848341399103,0.572855666479041,unsafe_touchdown
915,42,-6.60555697448223,0,87,-0.0128749168485822,0.0679848341399103,0.572855666479041,unsafe_touchdown
916,42,-11.6319395824279,0,117,-0.0128749168485822,0.0679848341399103,0.572855666479041,unsafe_touchdown
917,42,-10.1487755935138,0,91,-0.0128749168485822,0.0679848341399103,0.572855666479041,unsafe_touchdown
918,43,-8.01709574166513,0,108,-0.0141199120923671,0.0751972516734535,0.570849553230264,unsafe_touchdown
919,43,-7.54776724874821,0,112,-0.0141199120923671,0.0751972516734535,0.570849553230264,unsafe_touchdown
920,43,-9.72281704347277,0,88,-0.0141199120923671,0.0751972516734535,0.570849553230264,unsafe_touchdown
921,43,-8.55577585204158,0,95,-0.0141199120923671,0.0751972516734535,0.570849553230264,unsafe_touchdown
922,43,-9.88318465018351,0,78,-0.0141199120923671,0.0751972516734535,0.570849553230264,unsafe_touchdown
923,43,-10.6680853527132,0,105,-0.0141199120923671,0.0751972516734535,0.570849553230264,unsafe_touchdown
924,43,-10.5506499260263,0,141,-0.0141199120923671,0.0751972516734535,0.570849553230264,unsafe_touchdown
925,43,-9.85644549362233,0,106,-0.0141199120923671,0.0751972516734535,0.570849553230264,unsafe_touchdown
926,43,-9.1410842171949,0,94,-0.0141199120923671,0.0751972516734535,0.570849553230264,unsafe_touchdown
927,43,-7.69936011246083,0,72,-0.0141199120923671,0.0751972516734535,0.570849553230264,unsafe_touchdown
928,43,-9.25905627280865,0,88,-0.0141199120923671,0.0751972516734535,0.570849553230264,unsafe_touchdown
929,43,-11.3516124997262,0,121,-0.0141199120923671,0.0751972516734535,0.570849553230264,unsafe_touchdown
930,43,-9.91263681309858,0,113,-0.0141199120923671,0.0751972516734535,0.570849553230264,unsafe_touchdown
931,43,-9.50631389473186,0,130,-0.0141199120923671,0.0751972516734535,0.570849553230264,unsafe_touchdown
932,43,-9.2824580452235,0,104,-0.0141199120923671,0.0751972516734535,0.570849553230264,unsafe_touchdown
933,43,-7.99281704699054,0,96,-0.0141199120923671,0.0751972516734535,0.570849553230264,unsafe_touchdown
934,43,-10.5669076368132,0,151,-0.0141199120923671,0.0751972516734535,0.570849553230264,unsafe_touchdown
935,43,-8.53349623269916,0,99,-0.0141199120923671,0.0751972516734535,0.570849553230264,unsafe_touchdown
936,43,-8.04029917489444,0,110,-0.0141199120923671,0.0751972516734535,0.570849553230264,unsafe_touchdown
937,43,-7.84117907346018,0,86,-0.0141199120923671,0.0751972516734535,0.570849553230264,unsafe_touchdown
938,44,-7.46166348032917,0,111,-0.0140460076087278,0.0776140221675118,0.569564803639343,unsafe_touchdown
939,44,-11.0677103516947,0,90,-0.0140460076087278,0.0776140221675118,0.569564803639343,unsafe_touchdown
940,44,-9.34344520935371,0,105,-0.0140460076087278,0.0776140221675118,0.569564803639343,unsafe_touchdown
941,44,-9.75891363977818,0,81,-0.0140460076087278,0.0776140221675118,0.569564803639343,unsafe_touchdown
942,44,-9.35440026597567,0,87,-0.0140460076087278,0.0776140221675118,0.569564803639343,unsafe_touchdown
943,44,-12.1918812172218,0,129,-0.0140460076087278,0.0776140221675118,0.569564803639343,unsafe_touchdown
944,44,-8.32912480669805,0,113,-0.0140460076087278,0.0776140221675118,0.569564803639343,unsafe_touchdown
945,44,-9.12199227649345,0,102,-0.0140460076087278,0.0776140221675118,0.569564803639343,unsafe_touchdown
946,44,-9.17738034742663,0,84,-0.0140460076087278,0.0776140221675118,0.569564803639343,unsafe_touchdown
947,44,-7.78835933233688,0,105,-0.0140460076087278,0.0776140221675118,0.569564803639343,unsafe_touchdown
948,44,-8.0405155449033,0,86,-0.0140460076087278,0.0776140221675118,0.569564803639343,unsafe_touchdown
949,44,-10.7966073930148,0,89,-0.0140460076087278,0.0776140221675118,0.569564803639343,unsafe_touchdown
950,44,-8.3164748375842,0,108,-0.0140460076087278,0.0776140221675118,0.569564803639343,unsafe_touchdown
951,44,-8.40698023754398,0,91,-0.0140460076087278,0.0776140221675118,0.569564803639343,unsafe_touchdown
952,44,-10.1707895141917,0,104,-0.0140460076087278,0.0776140221675118,0.569564803639343,unsafe_touchdown
953,44,-8.10189014680862,0,85,-0.0140460076087278,0.0776140221675118,0.569564803639343,unsafe_touchdown
954,44,-9.55447328359407,0,92,-0.0140460076087278,0.0776140221675118,0.569564803639343,unsafe_touchdown
955,44,-9.10656370158452,0,80,-0.0140460076087278,0.0776140221675118,0.569564803639343,unsafe_touchdown
956,44,-9.68830908115478,0,83,-0.0140460076087278,0.0776140221675118,0.569564803639343,unsafe_touchdown
957,44,-10.8858830308418,0,133,-0.0140460076087278,0.0776140221675118,0.569564803639343,unsafe_touchdown
958,44,-11.0325436372985,0,99,-0.0140460076087278,0.0776140221675118,0.569564803639343,unsafe_touchdown
959,45,-9.80919670140699,0,105,-0.0118908909528826,0.0756624921989099,0.567640751145491,unsafe_touchdown
960,45,-11.6643315753024,0,87,-0.0118908909528826,0.0756624921989099,0.567640751145491,unsafe_touchdown
961,45,-9.47593252121325,0,106,-0.0118908909528826,0.0756624921989099,0.567640751145491,unsafe_touchdown
962,45,-8.80185208905112,0,79,-0.0118908909528826,0.0756624921989099,0.567640751145491,unsafe_touchdown
963,45,-10.8784820125223,0,105,-0.0118908909528826,0.0756624921989099,0.567640751145491,unsafe_touchdown
964,45,-8.59014459067399,0,78,-0.0118908909528826,0.0756624921989099,0.567640751145491,unsafe_touchdown
965,45,-9.76228478996882,0,94,-0.0118908909528826,0.0756624921989099,0.567640751145491,unsafe_touchdown
966,45,-10.6267994679416,0,155,-0.0118908909528826,0.0756624921989099,0.567640751145491,unsafe_touchdown
967,45,-10.4225056174543,0,130,-0.0118908909528826,0.0756624921989099,0.567640751145491,unsafe_touchdown
968,45,-9.33317048498234,0,101,-0.0118908909528826,0.0756624921989099,0.567640751145491,unsafe_touchdown
969,45,-8.21431669358051,0,131,-0.0118908909528826,0.0756624921989099,0.567640751145491,unsafe_touchdown
970,45,-10.1647411126437,0,101,-0.0118908909528826,0.0756624921989099,0.567640751145491,unsafe_touchdown
971,45,-9.3547460903134,0,97,-0.0118908909528826,0.0756624921989099,0.567640751145491,unsafe_touchdown
972,45,-9.81426226119879,0,91,-0.0118908909528826,0.0756624921989099,0.567640751145491,unsafe_touchdown
973,45,-8.88271782068814,0,85,-0.0118908909528826,0.0756624921989099,0.567640751145491,unsafe_touchdown
974,45,-9.10644066857444,0,108,-0.0118908909528826,0.0756624921989099,0.567640751145491,unsafe_touchdown
975,45,-12.7342391325965,0,87,-0.0118908909528826,0.0756624921989099,0.567640751145491,unsafe_touchdown
976,45,-9.83795624817819,0,92,-0.0118908909528826,0.0756624921989099,0.567640751145491,unsafe_touchdown
977,45,-8.49902413709711,0,121,-0.0118908909528826,0.0756624921989099,0.567640751145491,unsafe_touchdown
978,45,-7.39928158823014,0,120,-0.0118908909528826,0.0756624921989099,0.567640751145491,unsafe_touchdown
979,46,-9.12811251801848,0,102,-0.0133788981131912,0.0734005672654968,0.569289262383184,unsafe_touchdown
980,46,-11.6441836203482,0,105,-0.0133788981131912,0.0734005672654968,0.569289262383184,unsafe_touchdown
981,46,-9.68099634140719,0,146,-0.0133788981131912,0.0734005672654968,0.569289262383184,unsafe_touchdown
982,46,-8.81300570956823,0,82,-0.0133788981131912,0.0734005672654968,0.569289262383184,unsafe_touchdown
983,46,-8.67546775454623,0,106,-0.0133788981131912,0.0734005672654968,0.569289262383184,unsafe_touchdown
984,46,-8.39820228918884,0,87,-0.0133788981131912,0.0734005672654968,0.569289262383184,unsafe_touchdown
985,46,-8.48348571445471,0,129,-0.0133788981131912,0.0734005672654968,0.569289262383184,unsafe_touchdown
986,46,-7.7831812365228,0,153,-0.0133788981131912,0.0734005672654968,0.569289262383184,unsafe_touchdown
987,46,-9.12849155868597,0,86,-0.0133788981131912,0.0734005672654968,0.569289262383184,unsafe_touchdown
988,46,-9.13718600438452,0,101,-0.0133788981131912,0.0734005672654968,0.569289262383184,unsafe_touchdown
989,46,-7.21894206760552,0,117,-0.0133788981131912,0.0734005672654968,0.569289262383184,unsafe_touchdown
990,46,-8.2414564006695,0,88,-0.0133788981131912,0.0734005672654968,0.569289262383184,unsafe_touchdown
991,46,-11.6108364111749,0,90,-0.0133788981131912,0.0734005672654968,0.569289262383184,unsafe_touchdown
992,46,-9.08237181954434,0,93,-0.0133788981131912,0.0734005672654968,0.569289262383184,unsafe_touchdown
993,46,-9.09888401012428,0,116,-0.0133788981131912,0.0734005672654968,0.569289262383184,unsafe_touchdown
994,46,-8.03808640500855,0,91,-0.0133788981131912,0.0734005672654968,0.569289262383184,unsafe_touchdown
995,46,-9.34073312042306,0,71,-0.0133788981131912,0.0734005672654968,0.569289262383184,unsafe_touchdown
996,46,-9.75356497568644,0,103,-0.0133788981131912,0.0734005672654968,0.569289262383184,unsafe_touchdown
997,46,-8.05972921583567,0,123,-0.0133788981131912,0.0734005672654968,0.569289262383184,unsafe_touchdown
998,46,-12.255597948533,0,103,-0.0133788981131912,0.0734005672654968,0.569289262383184,unsafe_touchdown
999,47,-9.79586754966578,0,102,-0.0159513703547696,0.0614339101702164,0.56715748944799,unsafe_touchdown
1000,47,-9.63192196383028,0,80,-0.0159513703547696,0.0614339101702164,0.56715748944799,unsafe_touchdown
1001,47,-8.85773702590902,0,127,-0.0159513703547696,0.0614339101702164,0.56715748944799,unsafe_touchdown
1002,47,-9.43675929136627,0,102,-0.0159513703547696,0.0614339101702164,0.56715748944799,unsafe_touchdown
1003,47,-8.61695267539897,0,92,-0.0159513703547696,0.0614339101702164,0.56715748944799,unsafe_touchdown
1004,47,-7.91201203279029,0,82,-0.0159513703547696,0.0614339101702164,0.56715748944799,unsafe_touchdown
1005,47,-10.5469874990579,0,87,-0.0159513703547696,0.0614339101702164,0.56715748944799,unsafe_touchdown
1006,47,-9.68326930319654,0,83,-0.0159513703547696,0.0614339101702164,0.56715748944799,unsafe_touchdown
1007,47,-8.07726304407625,0,98,-0.0159513703547696,0.0614339101702164,0.56715748944799,unsafe_touchdown
1008,47,-10.3485301809333,0,76,-0.0159513703547696,0.0614339101702164,0.56715748944799,unsafe_touchdown
1009,47,-8.58622072394987,0,103,-0.0159513703547696,0.0614339101702164,0.56715748944799,unsafe_touchdown
1010,47,-9.28007895779632,0,102,-0.0159513703547696,0.0614339101702164,0.56715748944799,unsafe_touchdown
1011,47,-10.1429355417765,0,84,-0.0159513703547696,0.0614339101702164,0.56715748944799,unsafe_touchdown
1012,47,-9.03878852895336,0,85,-0.0159513703547696,0.0614339101702164,0.56715748944799,unsafe_touchdown
1013,47,-13.9162260137024,0,133,-0.0159513703547696,0.0614339101702164,0.56715748944799,unsafe_touchdown
1014,47,-9.7946861124289,0,80,-0.0159513703547696,0.0614339101702164,0.56715748944799,unsafe_touchdown
1015,47,-9.67740555271153,0,81,-0.0159513703547696,0.0614339101702164,0.56715748944799,unsafe_touchdown
1016,47,-8.69813186939218,0,135,-0.0159513703547696,0.0614339101702164,0.56715748944799,unsafe_touchdown
1017,47,-9.12468203619573,0,153,-0.0159513703547696,0.0614339101702164,0.56715748944799,unsafe_touchdown
1018,47,-8.38734767631839,0,140,-0.0159513703547696,0.0614339101702164,0.56715748944799,unsafe_touchdown
1019,47,-7.86573666809525,0,111,-0.0159513703547696,0.0614339101702164,0.56715748944799,unsafe_touchdown
1020,48,-10.0245073823893,0,88,-0.0140681372439384,0.084073500578995,0.570011398910687,unsafe_touchdown
1021,48,-6.6803192628092,0,88,-0.0140681372439384,0.084073500578995,0.570011398910687,unsafe_touchdown
1022,48,-10.6369988197181,0,124,-0.0140681372439384,0.084073500578995,0.570011398910687,unsafe_touchdown
1023,48,-7.48734519572877,0,83,-0.0140681372439384,0.084073500578995,0.570011398910687,unsafe_touchdown
1024,48,-9.13086588288265,0,89,-0.0140681372439384,0.084073500578995,0.570011398910687,unsafe_touchdown
1025,48,-11.2085783739122,0,101,-0.0140681372439384,0.084073500578995,0.570011398910687,unsafe_touchdown
1026,48,-8.23887596048254,0,90,-0.0140681372439384,0.084073500578995,0.570011398910687,unsafe_touchdown
1027,48,-8.05173309897855,0,130,-0.0140681372439384,0.084073500578995,0.570011398910687,unsafe_touchdown
1028,48,-9.16761127622196,0,77,-0.0140681372439384,0.084073500578995,0.570011398910687,unsafe_touchdown
1029,48,-9.53535807743651,0,122,-0.0140681372439384,0.084073500578995,0.570011398910687,unsafe_touchdown
1030,48,-6.98162888135114,0,90,-0.0140681372439384,0.084073500578995,0.570011398910687,unsafe_touchdown
1031,48,-9.94840347424054,0,120,-0.0140681372439384,0.084073500578995,0.570011398910687,unsafe_touchdown
1032,48,-9.34626462168596,0,101,-0.0140681372439384,0.084073500578995,0.570011398910687,unsafe_touchdown
1033,48,-9.77345852289244,0,97,-0.0140681372439384,0.084073500578995,0.570011398910687,unsafe_touchdown
1034,48,-9.9966926186241,0,89,-0.0140681372439384,0.084073500578995,0.570011398910687,unsafe_touchdown
1035,48,-6.40978276423399,0,116,-0.0140681372439384,0.084073500578995,0.570011398910687,unsafe_touchdown
1036,48,-11.1843048285156,0,116,-0.0140681372439384,0.084073500578995,0.570011398910687,unsafe_touchdown
1037,48,-9.26914851081222,0,92,-0.0140681372439384,0.084073500578995,0.570011398910687,unsafe_touchdown
1038,48,-14.3409575323679,0,105,-0.0140681372439384,0.084073500578995,0.570011398910687,unsafe_touchdown
1039,48,-8.18618785518645,0,104,-0.0140681372439384,0.084073500578995,0.570011398910687,unsafe_touchdown
1040,48,-9.72570069007814,0,101,-0.0140681372439384,0.084073500578995,0.570011398910687,unsafe_touchdown
1041,49,-6.52245045857738,0,85,-0.0145368615958841,0.049569740244618,0.570830124041355,unsafe_touchdown
1042,49,-8.68693944158513,0,127,-0.0145368615958841,0.049569740244618,0.570830124041355,unsafe_touchdown
1043,49,-10.3883592233898,0,78,-0.0145368615958841,0.049569740244618,0.570830124041355,unsafe_touchdown
1044,49,-8.01434170411576,0,111,-0.0145368615958841,0.049569740244618,0.570830124041355,unsafe_touchdown
1045,49,-8.50335058999995,0,95,-0.0145368615958841,0.049569740244618,0.570830124041355,unsafe_touchdown
1046,49,-8.90393492943084,0,88,-0.0145368615958841,0.049569740244618,0.570830124041355,unsafe_touchdown
1047,49,-9.03921397483033,0,100,-0.0145368615958841,0.049569740244618,0.570830124041355,unsafe_touchdown
1048,49,-8.90466363649261,0,83,-0.0145368615958841,0.049569740244618,0.570830124041355,unsafe_touchdown
1049,49,-9.22355136215413,0,109,-0.0145368615958841,0.049569740244618,0.570830124041355,unsafe_touchdown
1050,49,-8.48597238458954,0,99,-0.0145368615958841,0.049569740244618,0.570830124041355,unsafe_touchdown
1051,49,-9.33393274846927,0,130,-0.0145368615958841,0.049569740244618,0.570830124041355,unsafe_touchdown
1052,49,-9.45894019503223,0,109,-0.0145368615958841,0.049569740244618,0.570830124041355,unsafe_touchdown
1053,49,-8.82243456646053,0,149,-0.0145368615958841,0.049569740244618,0.570830124041355,unsafe_touchdown
1054,49,-9.48962968765505,0,89,-0.0145368615958841,0.049569740244618,0.570830124041355,unsafe_touchdown
1055,49,-9.20509948562008,0,99,-0.0145368615958841,0.049569740244618,0.570830124041355,unsafe_touchdown
1056,49,-10.8954776555846,0,76,-0.0145368615958841,0.049569740244618,0.570830124041355,unsafe_touchdown
1057,49,-8.87628516662282,0,226,-0.0145368615958841,0.049569740244618,0.570830124041355,unsafe_touchdown
1058,49,-10.3000420498477,0,85,-0.0145368615958841,0.049569740244618,0.570830124041355,unsafe_touchdown
1059,49,-9.71781641965193,0,77,-0.0145368615958841,0.049569740244618,0.570830124041355,unsafe_touchdown
1060,49,-8.4816386408908,0,84,-0.0145368615958841,0.049569740244618,0.570830124041355,unsafe_touchdown
1061,50,-8.24125075671406,0,90,-0.0184575169762103,0.0621045505742732,0.569603482703274,unsafe_touchdown
1062,50,-10.1161584339037,0,108,-0.0184575169762103,0.0621045505742732,0.569603482703274,unsafe_touchdown
1063,50,-7.49208987226859,0,105,-0.0184575169762103,0.0621045505742732,0.569603482703274,unsafe_touchdown
1064,50,-7.16566854952364,0,89,-0.0184575169762103,0.0621045505742732,0.569603482703274,unsafe_touchdown
1065,50,-11.1317597996721,0,135,-0.0184575169762103,0.0621045505742732,0.569603482703274,unsafe_touchdown
1066,50,-8.70418248889118,0,120,-0.0184575169762103,0.0621045505742732,0.569603482703274,unsafe_touchdown
1067,50,-9.42351454695388,0,96,-0.0184575169762103,0.0621045505742732,0.569603482703274,unsafe_touchdown
1068,50,-9.8981717650802,0,78,-0.0184575169762103,0.0621045505742732,0.569603482703274,unsafe_touchdown
1069,50,-10.2210425863972,0,107,-0.0184575169762103,0.0621045505742732,0.569603482703274,unsafe_touchdown
1070,50,-10.1725541644199,0,116,-0.0184575169762103,0.0621045505742732,0.569603482703274,unsafe_touchdown
1071,50,-9.49092057968727,0,103,-0.0184575169762103,0.0621045505742732,0.569603482703274,unsafe_touchdown
1072,50,-10.313016304549,0,96,-0.0184575169762103,0.0621045505742732,0.569603482703274,unsafe_touchdown
1073,50,-8.51847464722353,0,87,-0.0184575169762103,0.0621045505742732,0.569603482703274,unsafe_touchdown
1074,50,-10.5271310926187,0,96,-0.0184575169762103,0.0621045505742732,0.569603482703274,unsafe_touchdown
1075,50,-9.44382668888968,0,95,-0.0184575169762103,0.0621045505742732,0.569603482703274,unsafe_touchdown
1076,50,-7.84477079712927,0,75,-0.0184575169762103,0.0621045505742732,0.569603482703274,unsafe_touchdown
1077,50,-10.6827848049283,0,107,-0.0184575169762103,0.0621045505742732,0.569603482703274,unsafe_touchdown
1078,50,-9.05682315647991,0,138,-0.0184575169762103,0.0621045505742732,0.569603482703274,unsafe_touchdown
1079,50,-9.95123292527391,0,85,-0.0184575169762103,0.0621045505742732,0.569603482703274,unsafe_touchdown
1080,50,-9.54765791664172,0,88,-0.0184575169762103,0.0621045505742732,0.569603482703274,unsafe_touchdown
1081,50,-8.52679962112333,0,109,-0.0184575169762103,0.0621045505742732,0.569603482703274,unsafe_touchdown
1082,51,-9.68664413460442,0,102,-0.0146603512749598,0.0658748950968124,0.569058198196037,unsafe_touchdown
1083,51,-9.18396580332846,0,118,-0.0146603512749598,0.0658748950968124,0.569058198196037,unsafe_touchdown
1084,51,-10.3224075598603,0,124,-0.0146603512749598,0.0658748950968124,0.569058198196037,unsafe_touchdown
1085,51,-10.0546593909281,0,88,-0.0146603512749598,0.0658748950968124,0.569058198196037,unsafe_touchdown
1086,51,-8.14536683687291,0,118,-0.0146603512749598,0.0658748950968124,0.569058198196037,unsafe_touchdown
1087,51,-8.81984267970327,0,128,-0.0146603512749598,0.0658748950968124,0.569058198196037,unsafe_touchdown
1088,51,-8.56227667086927,0,115,-0.0146603512749598,0.0658748950968124,0.569058198196037,unsafe_touchdown
1089,51,-8.7573771798448,0,87,-0.0146603512749598,0.0658748950968124,0.569058198196037,unsafe_touchdown
1090,51,-9.81254945902153,0,127,-0.0146603512749598,0.0658748950968124,0.569058198196037,unsafe_touchdown
1091,51,-12.1611041642328,0,106,-0.0146603512749598,0.0658748950968124,0.569058198196037,unsafe_touchdown
1092,51,-8.29897660704479,0,111,-0.0146603512749598,0.0658748950968124,0.569058198196037,unsafe_touchdown
1093,51,-8.43456468388358,0,81,-0.0146603512749598,0.0658748950968124,0.569058198196037,unsafe_touchdown
1094,51,-7.32532336971452,0,141,-0.0146603512749598,0.0658748950968124,0.569058198196037,unsafe_touchdown
1095,51,-10.4419704609168,0,102,-0.0146603512749598,0.0658748950968124,0.569058198196037,unsafe_touchdown
1096,51,-8.8432079796908,0,101,-0.0146603512749598,0.0658748950968124,0.569058198196037,unsafe_touchdown
1097,51,-9.240566637668,0,105,-0.0146603512749598,0.0658748950968124,0.569058198196037,unsafe_touchdown
1098,51,-9.41412365189459,0,107,-0.0146603512749598,0.0658748950968124,0.569058198196037,unsafe_touchdown
1099,51,-10.6145584424586,0,100,-0.0146603512749598,0.0658748950968124,0.569058198196037,unsafe_touchdown
1100,51,-10.9287339114726,0,106,-0.0146603512749598,0.0658748950968124,0.569058198196037,unsafe_touchdown
1101,52,-8.5020751369225,0,139,-0.0191229348783442,0.0684954136261146,0.567632919355475,unsafe_touchdown
1102,52,-8.39721459746751,0,165,-0.0191229348783442,0.0684954136261146,0.567632919355475,unsafe_touchdown
1103,52,-9.07585505510474,0,88,-0.0191229348783442,0.0684954136261146,0.567632919355475,unsafe_touchdown
1104,52,-8.55317596283845,0,96,-0.0191229348783442,0.0684954136261146,0.567632919355475,unsafe_touchdown
1105,52,-6.34683677234023,0,92,-0.0191229348783442,0.0684954136261146,0.567632919355475,unsafe_touchdown
1106,52,-11.4643248872369,0,90,-0.0191229348783442,0.0684954136261146,0.567632919355475,unsafe_touchdown
1107,52,-10.3423794698864,0,91,-0.0191229348783442,0.0684954136261146,0.567632919355475,unsafe_touchdown
1108,52,-9.1034543098466,0,75,-0.0191229348783442,0.0684954136261146,0.567632919355475,unsafe_touchdown
1109,52,-9.57740417634562,0,81,-0.0191229348783442,0.0684954136261146,0.567632919355475,unsafe_touchdown
1110,52,-7.94090277719381,0,99,-0.0191229348783442,0.0684954136261146,0.567632919355475,unsafe_touchdown
1111,52,-8.40304541715133,0,122,-0.0191229348783442,0.0684954136261146,0.567632919355475,unsafe_touchdown
1112,52,-8.60315279188144,0,121,-0.0191229348783442,0.0684954136261146,0.567632919355475,unsafe_touchdown
1113,52,-8.89881589555766,0,86,-0.0191229348783442,0.0684954136261146,0.567632919355475,unsafe_touchdown
1114,52,-9.5137890937569,0,84,-0.0191229348783442,0.0684954136261146,0.567632919355475,unsafe_touchdown
1115,52,-8.79123792172306,0,113,-0.0191229348783442,0.0684954136261146,0.567632919355475,unsafe_touchdown
1116,52,-9.41101609648254,0,86,-0.0191229348783442,0.0684954136261146,0.567632919355475,unsafe_touchdown
1117,52,-8.17885307818102,0,99,-0.0191229348783442,0.0684954136261146,0.567632919355475,unsafe_touchdown
1118,52,-10.4603712594323,0,114,-0.0191229348783442,0.0684954136261146,0.567632919355475,unsafe_touchdown
1119,52,-8.21157201359002,0,89,-0.0191229348783442,0.0684954136261146,0.567632919355475,unsafe_touchdown
1120,52,-7.79356570569034,0,91,-0.0191229348783442,0.0684954136261146,0.567632919355475,unsafe_touchdown
1121,52,-9.63226497080757,0,101,-0.0191229348783442,0.0684954136261146,0.567632919355475,unsafe_touchdown
1122,53,-8.31364845843726,0,80,-0.0130794783493487,0.0690442593653165,0.567390261829747,unsafe_touchdown
1123,53,-8.94105595619818,0,81,-0.0130794783493487,0.0690442593653165,0.567390261829747,unsafe_touchdown
1124,53,-10.3531456943354,0,91,-0.0130794783493487,0.0690442593653165,0.567390261829747,unsafe_touchdown
1125,53,-9.12032571003619,0,107,-0.0130794783493487,0.0690442593653165,0.567390261829747,unsafe_touchdown
1126,53,-9.35242940682964,0,83,-0.0130794783493487,0.0690442593653165,0.567390261829747,unsafe_touchdown
1127,53,-9.43913267107676,0,84,-0.0130794783493487,0.0690442593653165,0.567390261829747,unsafe_touchdown
1128,53,-9.87022997067431,0,93,-0.0130794783493487,0.0690442593653165,0.567390261829747,unsafe_touchdown
1129,53,-9.57096727968377,0,94,-0.0130794783493487,0.0690442593653165,0.567390261829747,unsafe_touchdown
1130,53,-10.5494055520809,0,112,-0.0130794783493487,0.0690442593653165,0.567390261829747,unsafe_touchdown
1131,53,-9.34126203747079,0,104,-0.0130794783493487,0.0690442593653165,0.567390261829747,unsafe_touchdown
1132,53,-8.79078653768095,0,104,-0.0130794783493487,0.0690442593653165,0.567390261829747,unsafe_touchdown
1133,53,-7.8965510237811,0,115,-0.0130794783493487,0.0690442593653165,0.567390261829747,unsafe_touchdown
1134,53,-8.02272608734448,0,82,-0.0130794783493487,0.0690442593653165,0.567390261829747,unsafe_touchdown
1135,53,-8.2421468479788,0,96,-0.0130794783493487,0.0690442593653165,0.567390261829747,unsafe_touchdown
1136,53,-9.62687074177278,0,79,-0.0130794783493487,0.0690442593653165,0.567390261829747,unsafe_touchdown
1137,53,-9.734709187348,0,140,-0.0130794783493487,0.0690442593653165,0.567390261829747,unsafe_touchdown
1138,53,-7.89076273434751,0,110,-0.0130794783493487,0.0690442593653165,0.567390261829747,unsafe_touchdown
1139,53,-8.26723488990503,0,98,-0.0130794783493487,0.0690442593653165,0.567390261829747,unsafe_touchdown
1140,53,-7.07072942355683,0,86,-0.0130794783493487,0.0690442593653165,0.567390261829747,unsafe_touchdown
1141,53,-8.85150530983578,0,92,-0.0130794783493487,0.0690442593653165,0.567390261829747,unsafe_touchdown
1142,53,-7.29184761048481,0,86,-0.0130794783493487,0.0690442593653165,0.567390261829747,unsafe_touchdown
1143,53,-9.08755877770126,0,76,-0.0130794783493487,0.0690442593653165,0.567390261829747,unsafe_touchdown
1144,54,-9.83822865596286,0,80,-0.0176991442113057,0.0521372990190197,0.564976476629182,unsafe_touchdown
1145,54,-8.38536081980562,0,82,-0.0176991442113057,0.0521372990190197,0.564976476629182,unsafe_touchdown
1146,54,-9.34890925567798,0,104,-0.0176991442113057,0.0521372990190197,0.564976476629182,unsafe_touchdown
1147,54,-9.18955175584265,0,104,-0.0176991442113057,0.0521372990190197,0.564976476629182,unsafe_touchdown
1148,54,-8.67733924532651,0,120,-0.0176991442113057,0.0521372990190197,0.564976476629182,unsafe_touchdown
1149,54,-11.0899715327089,0,103,-0.0176991442113057,0.0521372990190197,0.564976476629182,unsafe_touchdown
1150,54,-10.4800736067351,0,76,-0.0176991442113057,0.0521372990190197,0.564976476629182,unsafe_touchdown
1151,54,-9.28392845623499,0,112,-0.0176991442113057,0.0521372990190197,0.564976476629182,unsafe_touchdown
1152,54,-7.7610968674778,0,129,-0.0176991442113057,0.0521372990190197,0.564976476629182,unsafe_touchdown
1153,54,-8.54848671344209,0,95,-0.0176991442113057,0.0521372990190197,0.564976476629182,unsafe_touchdown
1154,54,-9.81551830161707,0,98,-0.0176991442113057,0.0521372990190197,0.564976476629182,unsafe_touchdown
1155,54,-10.0222574542372,0,117,-0.0176991442113057,0.0521372990190197,0.564976476629182,unsafe_touchdown
1156,54,-8.59444198972568,0,86,-0.0176991442113057,0.0521372990190197,0.564976476629182,unsafe_touchdown
1157,54,-9.68209753903328,0,78,-0.0176991442113057,0.0521372990190197,0.564976476629182,unsafe_touchdown
1158,54,-9.33695120557346,0,113,-0.0176991442113057,0.0521372990190197,0.564976476629182,unsafe_touchdown
1159,54,-9.57515820939964,0,125,-0.0176991442113057,0.0521372990190197,0.564976476629182,unsafe_touchdown
1160,54,-9.84741037242391,0,96,-0.0176991442113057,0.0521372990190197,0.564976476629182,unsafe_touchdown
1161,54,-9.15360743805025,0,86,-0.0176991442113057,0.0521372990190197,0.564976476629182,unsafe_touchdown
1162,54,-8.11264340119117,0,106,-0.0176991442113057,0.0521372990190197,0.564976476629182,unsafe_touchdown
1163,54,-9.9987202384849,0,82,-0.0176991442113057,0.0521372990190197,0.564976476629182,unsafe_touchdown
1164,54,-8.94804660632361,0,86,-0.0176991442113057,0.0521372990190197,0.564976476629182,unsafe_touchdown
1165,55,-9.37158821750351,0,103,-0.0141906402683314,0.0795596390257876,0.565660624847932,unsafe_touchdown
1166,55,-9.43022112191462,0,90,-0.0141906402683314,0.0795596390257876,0.565660624847932,unsafe_touchdown
1167,55,-9.52251213024813,0,88,-0.0141906402683314,0.0795596390257876,0.565660624847932,unsafe_touchdown
1168,55,-10.9362711381911,0,111,-0.0141906402683314,0.0795596390257876,0.565660624847932,unsafe_touchdown
1169,55,-8.13367757401152,0,125,-0.0141906402683314,0.0795596390257876,0.565660624847932,unsafe_touchdown
1170,55,-8.8352614128539,0,96,-0.0141906402683314,0.0795596390257876,0.565660624847932,unsafe_touchdown
1171,55,-8.8067212457223,0,103,-0.0141906402683314,0.0795596390257876,0.565660624847932,unsafe_touchdown
1172,55,-9.86529923487078,0,103,-0.0141906402683314,0.0795596390257876,0.565660624847932,unsafe_touchdown
1173,55,-8.95532342645882,0,94,-0.0141906402683314,0.0795596390257876,0.565660624847932,unsafe_touchdown
1174,55,-8.47205279019214,0,81,-0.0141906402683314,0.0795596390257876,0.565660624847932,unsafe_touchdown
1175,55,-9.26719684729239,0,89,-0.0141906402683314,0.0795596390257876,0.565660624847932,unsafe_touchdown
1176,55,-7.03524095139573,0,118,-0.0141906402683314,0.0795596390257876,0.565660624847932,unsafe_touchdown
1177,55,-8.91834372970064,0,150,-0.0141906402683314,0.0795596390257876,0.565660624847932,unsafe_touchdown
1178,55,-8.95524482715012,0,88,-0.0141906402683314,0.0795596390257876,0.565660624847932,unsafe_touchdown
1179,55,-7.59041059993892,0,110,-0.0141906402683314,0.0795596390257876,0.565660624847932,unsafe_touchdown
1180,55,-9.81365818801757,0,83,-0.0141906402683314,0.0795596390257876,0.565660624847932,unsafe_touchdown
1181,55,-10.2258555742433,0,86,-0.0141906402683314,0.0795596390257876,0.565660624847932,unsafe_touchdown
1182,55,-9.93303377425515,0,83,-0.0141906402683314,0.0795596390257876,0.565660624847932,unsafe_touchdown
1183,55,-5.08252400064158,0,107,-0.0141906402683314,0.0795596390257876,0.565660624847932,unsafe_touchdown
1184,55,-11.9644642563286,0,136,-0.0141906402683314,0.0795596390257876,0.565660624847932,unsafe_touchdown
1185,55,-9.36757497826322,0,122,-0.0141906402683314,0.0795596390257876,0.565660624847932,unsafe_touchdown
1186,56,-8.8404364866708,0,86,-0.014174605246578,0.0486222347801291,0.563702786634802,unsafe_touchdown
1187,56,-9.59777734979136,0,133,-0.014174605246578,0.0486222347801291,0.563702786634802,unsafe_touchdown
1188,56,-8.25302724774247,0,93,-0.014174605246578,0.0486222347801291,0.563702786634802,unsafe_touchdown
1189,56,-10.4354364238882,0,121,-0.014174605246578,0.0486222347801291,0.563702786634802,unsafe_touchdown
1190,56,-13.1160022044355,0,110,-0.014174605246578,0.0486222347801291,0.563702786634802,unsafe_touchdown
1191,56,-11.0416074101096,0,107,-0.014174605246578,0.0486222347801291,0.563702786634802,unsafe_touchdown
1192,56,-10.4977539909404,0,105,-0.014174605246578,0.0486222347801291,0.563702786634802,unsafe_touchdown
1193,56,-9.4234559140992,0,109,-0.014174605246578,0.0486222347801291,0.563702786634802,unsafe_touchdown
1194,56,-9.238618902089,0,82,-0.014174605246578,0.0486222347801291,0.563702786634802,unsafe_touchdown
1195,56,-8.86873511232049,0,76,-0.014174605246578,0.0486222347801291,0.563702786634802,unsafe_touchdown
1196,56,-10.7816619668338,0,92,-0.014174605246578,0.0486222347801291,0.563702786634802,unsafe_touchdown
1197,56,-10.3563912678392,0,127,-0.014174605246578,0.0486222347801291,0.563702786634802,unsafe_touchdown
1198,56,-9.52868338490889,0,176,-0.014174605246578,0.0486222347801291,0.563702786634802,unsafe_touchdown
1199,56,-9.61033678111657,0,72,-0.014174605246578,0.0486222347801291,0.563702786634802,unsafe_touchdown
1200,56,-8.31726726170939,0,109,-0.014174605246578,0.0486222347801291,0.563702786634802,unsafe_touchdown
1201,56,-7.46570320160189,0,90,-0.014174605246578,0.0486222347801291,0.563702786634802,unsafe_touchdown
1202,56,-9.15818864174047,0,75,-0.014174605246578,0.0486222347801291,0.563702786634802,unsafe_touchdown
1203,56,-9.43027750225896,0,102,-0.014174605246578,0.0486222347801291,0.563702786634802,unsafe_touchdown
1204,56,-9.93671015527727,0,121,-0.014174605246578,0.0486222347801291,0.563702786634802,unsafe_touchdown
1205,56,-9.1188612228792,0,99,-0.014174605246578,0.0486222347801291,0.563702786634802,unsafe_touchdown
1206,57,-8.80436499969604,0,95,-0.0189994322478387,0.048894791338635,0.562975473502828,unsafe_touchdown
1207,57,-9.27369077315617,0,88,-0.0189994322478387,0.048894791338635,0.562975473502828,unsafe_touchdown
1208,57,-8.44494226713362,0,103,-0.0189994322478387,0.048894791338635,0.562975473502828,unsafe_touchdown
1209,57,-7.85930092556204,0,91,-0.0189994322478387,0.048894791338635,0.562975473502828,unsafe_touchdown
1210,57,-9.50705526553163,0,88,-0.0189994322478387,0.048894791338635,0.562975473502828,unsafe_touchdown
1211,57,-9.75980502471985,0,148,-0.0189994322478387,0.048894791338635,0.562975473502828,unsafe_touchdown
1212,57,-9.25018708744417,0,115,-0.0189994322478387,0.048894791338635,0.562975473502828,unsafe_touchdown
1213,57,-9.96359708082402,0,98,-0.0189994322478387,0.048894791338635,0.562975473502828,unsafe_touchdown
1214,57,-8.98140462593227,0,89,-0.0189994322478387,0.048894791338635,0.562975473502828,unsafe_touchdown
1215,57,-10.8991168770036,0,115,-0.0189994322478387,0.048894791338635,0.562975473502828,unsafe_touchdown
1216,57,-8.10520129018275,0,129,-0.0189994322478387,0.048894791338635,0.562975473502828,unsafe_touchdown
1217,57,-10.4601948690219,0,104,-0.0189994322478387,0.048894791338635,0.562975473502828,unsafe_touchdown
1218,57,-8.00622256424204,0,90,-0.0189994322478387,0.048894791338635,0.562975473502828,unsafe_touchdown
1219,57,-8.2786134263904,0,93,-0.0189994322478387,0.048894791338635,0.562975473502828,unsafe_touchdown
1220,57,-7.638942837126,0,160,-0.0189994322478387,0.048894791338635,0.562975473502828,unsafe_touchdown
1221,57,-10.0598995022319,0,95,-0.0189994322478387,0.048894791338635,0.562975473502828,unsafe_touchdown
1222,57,-9.77817215996585,0,76,-0.0189994322478387,0.048894791338635,0.562975473502828,unsafe_touchdown
1223,57,-8.78165623971177,0,82,-0.0189994322478387,0.048894791338635,0.562975473502828,unsafe_touchdown
1224,57,-9.14306333949658,0,82,-0.0189994322478387,0.048894791338635,0.562975473502828,unsafe_touchdown
1225,57,-9.32425308796775,0,96,-0.0189994322478387,0.048894791338635,0.562975473502828,unsafe_touchdown
1226,57,-9.92580908854059,0,107,-0.0189994322478387,0.048894791338635,0.562975473502828,unsafe_touchdown
1227,58,-8.07984962155661,0,121,-0.0139643597463132,0.0556659062396393,0.562452094197262,unsafe_touchdown
1228,58,-8.17612715729166,0,91,-0.0139643597463132,0.0556659062396393,0.562452094197262,unsafe_touchdown
1229,58,-9.95778948289848,0,108,-0.0139643597463132,0.0556659062396393,0.562452094197262,unsafe_touchdown
1230,58,-9.82282748388467,0,76,-0.0139643597463132,0.0556659062396393,0.562452094197262,unsafe_touchdown
1231,58,-10.5933933125897,0,86,-0.0139643597463132,0.0556659062396393,0.562452094197262,unsafe_touchdown
1232,58,-10.1887451169386,0,111,-0.0139643597463132,0.0556659062396393,0.562452094197262,unsafe_touchdown
1233,58,-9.98776276268494,0,99,-0.0139643597463132,0.0556659062396393,0.562452094197262,unsafe_touchdown
1234,58,-9.6038065431291,0,82,-0.0139643597463132,0.0556659062396393,0.562452094197262,unsafe_touchdown
1235,58,-8.62441831819498,0,128,-0.0139643597463132,0.0556659062396393,0.562452094197262,unsafe_touchdown
1236,58,-9.99191782912241,0,99,-0.0139643597463132,0.0556659062396393,0.562452094197262,unsafe_touchdown
1237,58,-8.01594186685373,0,87,-0.0139643597463132,0.0556659062396393,0.562452094197262,unsafe_touchdown
1238,58,-9.062829773824,0,92,-0.0139643597463132,0.0556659062396393,0.562452094197262,unsafe_touchdown
1239,58,-7.9549801433009,0,118,-0.0139643597463132,0.0556659062396393,0.562452094197262,unsafe_touchdown
1240,58,-9.81122121612844,0,102,-0.0139643597463132,0.0556659062396393,0.562452094197262,unsafe_touchdown
1241,58,-6.35333922190359,0,89,-0.0139643597463132,0.0556659062396393,0.562452094197262,unsafe_touchdown
1242,58,-8.18132506597251,0,93,-0.0139643597463132,0.0556659062396393,0.562452094197262,unsafe_touchdown
1243,58,-9.37608883846072,0,140,-0.0139643597463132,0.0556659062396393,0.562452094197262,unsafe_touchdown
1244,58,-11.3240951539487,0,117,-0.0139643597463132,0.0556659062396393,0.562452094197262,unsafe_touchdown
1245,58,-10.0253630057987,0,86,-0.0139643597463132,0.0556659062396393,0.562452094197262,unsafe_touchdown
1246,58,-9.2568305750655,0,96,-0.0139643597463132,0.0556659062396393,0.562452094197262,unsafe_touchdown
1247,58,-7.77945672363887,0,79,-0.0139643597463132,0.0556659062396393,0.562452094197262,unsafe_touchdown
1248,59,-8.30524094063896,0,98,-0.0165338423087141,0.059952898545583,0.560244115495166,unsafe_touchdown
1249,59,-8.87153809318015,0,93,-0.0165338423087141,0.059952898545583,0.560244115495166,unsafe_touchdown
1250,59,-9.27031541194042,0,75,-0.0165338423087141,0.059952898545583,0.560244115495166,unsafe_touchdown
1251,59,-7.65406470871818,0,180,-0.0165338423087141,0.059952898545583,0.560244115495166,unsafe_touchdown
1252,59,-9.73041177975382,0,97,-0.0165338423087141,0.059952898545583,0.560244115495166,unsafe_touchdown
1253,59,-7.85280480317251,0,98,-0.0165338423087141,0.059952898545583,0.560244115495166,unsafe_touchdown
1254,59,-6.72145688232894,0,133,-0.0165338423087141,0.059952898545583,0.560244115495166,unsafe_touchdown
1255,59,-9.97875121262349,0,102,-0.0165338423087141,0.059952898545583,0.560244115495166,unsafe_touchdown
1256,59,-8.97160317301645,0,103,-0.0165338423087141,0.059952898545583,0.560244115495166,unsafe_touchdown
1257,59,-9.18991852282,0,137,-0.0165338423087141,0.059952898545583,0.560244115495166,unsafe_touchdown
1258,59,-9.77395771440403,0,88,-0.0165338423087141,0.059952898545583,0.560244115495166,unsafe_touchdown
1259,59,-9.38398411511468,0,91,-0.0165338423087141,0.059952898545583,0.560244115495166,unsafe_touchdown
1260,59,-8.38740063655284,0,92,-0.0165338423087141,0.059952898545583,0.560244115495166,unsafe_touchdown
1261,59,-9.32325859584861,0,93,-0.0165338423087141,0.059952898545583,0.560244115495166,unsafe_touchdown
1262,59,-10.4060234297312,0,86,-0.0165338423087141,0.059952898545583,0.560244115495166,unsafe_touchdown
1263,59,-9.76839325417251,0,85,-0.0165338423087141,0.059952898545583,0.560244115495166,unsafe_touchdown
1264,59,-9.51875279555949,0,104,-0.0165338423087141,0.059952898545583,0.560244115495166,unsafe_touchdown
1265,59,-9.99252597812291,0,88,-0.0165338423087141,0.059952898545583,0.560244115495166,unsafe_touchdown
1266,59,-10.2989560538853,0,116,-0.0165338423087141,0.059952898545583,0.560244115495166,unsafe_touchdown
1267,59,-7.92176025813237,0,126,-0.0165338423087141,0.059952898545583,0.560244115495166,unsafe_touchdown
1268,60,-7.3211731108238,0,83,-0.0136749928135742,0.0556251260723737,0.558090747876646,unsafe_touchdown
1269,60,-9.28117672449524,0,104,-0.0136749928135742,0.0556251260723737,0.558090747876646,unsafe_touchdown
1270,60,-9.99226134928994,0,83,-0.0136749928135742,0.0556251260723737,0.558090747876646,unsafe_touchdown
1271,60,-9.22478944683768,0,110,-0.0136749928135742,0.0556251260723737,0.558090747876646,unsafe_touchdown
1272,60,-9.49093532848492,0,105,-0.0136749928135742,0.0556251260723737,0.558090747876646,unsafe_touchdown
1273,60,-7.9997390007216,0,84,-0.0136749928135742,0.0556251260723737,0.558090747876646,unsafe_touchdown
1274,60,-10.1541731803209,0,82,-0.0136749928135742,0.0556251260723737,0.558090747876646,unsafe_touchdown
1275,60,-7.589411195756,0,95,-0.0136749928135742,0.0556251260723737,0.558090747876646,unsafe_touchdown
1276,60,-9.43691545249,0,76,-0.0136749928135742,0.0556251260723737,0.558090747876646,unsafe_touchdown
1277,60,-10.1985587232716,0,126,-0.0136749928135742,0.0556251260723737,0.558090747876646,unsafe_touchdown
1278,60,-11.1529799421667,0,102,-0.0136749928135742,0.0556251260723737,0.558090747876646,unsafe_touchdown
1279,60,-9.5748899460739,0,177,-0.0136749928135742,0.0556251260723737,0.558090747876646,unsafe_touchdown
1280,60,-8.11334520242927,0,111,-0.0136749928135742,0.0556251260723737,0.558090747876646,unsafe_touchdown
1281,60,-9.21435359538587,0,96,-0.0136749928135742,0.0556251260723737,0.558090747876646,unsafe_touchdown
1282,60,-10.7463474166664,0,93,-0.0136749928135742,0.0556251260723737,0.558090747876646,unsafe_touchdown
1283,60,-8.77077982437134,0,85,-0.0136749928135742,0.0556251260723737,0.558090747876646,unsafe_touchdown
1284,60,-10.5029603870349,0,99,-0.0136749928135742,0.0556251260723737,0.558090747876646,unsafe_touchdown
1285,60,-9.17322767683803,0,103,-0.0136749928135742,0.0556251260723737,0.558090747876646,unsafe_touchdown
1286,60,-8.83280980916126,0,116,-0.0136749928135742,0.0556251260723737,0.558090747876646,unsafe_touchdown
1287,60,-10.9879466824719,0,115,-0.0136749928135742,0.0556251260723737,0.558090747876646,unsafe_touchdown
1288,60,-8.6439118477569,0,92,-0.0136749928135742,0.0556251260723737,0.558090747876646,unsafe_touchdown
1289,61,-10.2233122557881,0,98,-0.0145034810825696,0.041704940691846,0.558529515254024,unsafe_touchdown
1290,61,-8.93047570166844,0,122,-0.0145034810825696,0.041704940691846,0.558529515254024,unsafe_touchdown
1291,61,-9.93663069436922,0,79,-0.0145034810825696,0.041704940691846,0.558529515254024,unsafe_touchdown
1292,61,-8.60997888060422,0,72,-0.0145034810825696,0.041704940691846,0.558529515254024,unsafe_touchdown
1293,61,-9.99553694167532,0,78,-0.0145034810825696,0.041704940691846,0.558529515254024,unsafe_touchdown
1294,61,-6.47672106017012,0,86,-0.0145034810825696,0.041704940691846,0.558529515254024,unsafe_touchdown
1295,61,-8.03089448551053,0,103,-0.0145034810825696,0.041704940691846,0.558529515254024,unsafe_touchdown
1296,61,-8.53153253261917,0,182,-0.0145034810825696,0.041704940691846,0.558529515254024,unsafe_touchdown
1297,61,-8.46019060605753,0,86,-0.0145034810825696,0.041704940691846,0.558529515254024,unsafe_touchdown
1298,61,-9.63330643786039,0,80,-0.0145034810825696,0.041704940691846,0.558529515254024,unsafe_touchdown
1299,61,-9.98682052543203,0,79,-0.0145034810825696,0.041704940691846,0.558529515254024,unsafe_touchdown
1300,61,-9.04497941166933,0,124,-0.0145034810825696,0.041704940691846,0.558529515254024,unsafe_touchdown
1301,61,-11.6896452446744,0,263,-0.0145034810825696,0.041704940691846,0.558529515254024,unsafe_touchdown
1302,61,-9.34705209666985,0,86,-0.0145034810825696,0.041704940691846,0.558529515254024,unsafe_touchdown
1303,61,-9.21527404205359,0,84,-0.0145034810825696,0.041704940691846,0.558529515254024,unsafe_touchdown
1304,61,-10.2980059031152,0,142,-0.0145034810825696,0.041704940691846,0.558529515254024,unsafe_touchdown
1305,61,-9.38934139195277,0,116,-0.0145034810825696,0.041704940691846,0.558529515254024,unsafe_touchdown
1306,61,-7.75765722060039,0,90,-0.0145034810825696,0.041704940691846,0.558529515254024,unsafe_touchdown
1307,61,-8.54218360181913,0,113,-0.0145034810825696,0.041704940691846,0.558529515254024,unsafe_touchdown
1308,62,-8.59428032103559,0,94,-0.015493914972182,0.0727156196583482,0.558870813245165,unsafe_touchdown
1309,62,-11.221595383982,0,95,-0.015493914972182,0.0727156196583482,0.558870813245165,unsafe_touchdown
1310,62,-8.29407016092348,0,94,-0.015493914972182,0.0727156196583482,0.558870813245165,unsafe_touchdown
1311,62,-7.44521867072969,0,84,-0.015493914972182,0.0727156196583482,0.558870813245165,unsafe_touchdown
1312,62,-11.4320903894678,0,102,-0.015493914972182,0.0727156196583482,0.558870813245165,unsafe_touchdown
1313,62,-10.0081726345892,0,129,-0.015493914972182,0.0727156196583482,0.558870813245165,unsafe_touchdown
1314,62,-9.72175999598105,0,121,-0.015493914972182,0.0727156196583482,0.558870813245165,unsafe_touchdown
1315,62,-9.74729680125166,0,93,-0.015493914972182,0.0727156196583482,0.558870813245165,unsafe_touchdown
1316,62,-11.174646228984,0,96,-0.015493914972182,0.0727156196583482,0.558870813245165,unsafe_touchdown
1317,62,-10.1859364899309,0,121,-0.015493914972182,0.0727156196583482,0.558870813245165,unsafe_touchdown
1318,62,-9.21242793991794,0,101,-0.015493914972182,0.0727156196583482,0.558870813245165,unsafe_touchdown
1319,62,-11.037854272599,0,115,-0.015493914972182,0.0727156196583482,0.558870813245165,unsafe_touchdown
1320,62,-7.61014876953459,0,87,-0.015493914972182,0.0727156196583482,0.558870813245165,unsafe_touchdown
1321,62,-11.7075651854267,0,93,-0.015493914972182,0.0727156196583482,0.558870813245165,unsafe_touchdown
1322,62,-11.2319747138573,0,109,-0.015493914972182,0.0727156196583482,0.558870813245165,unsafe_touchdown
1323,62,-8.84336709784445,0,106,-0.015493914972182,0.0727156196583482,0.558870813245165,unsafe_touchdown
1324,62,-9.99022088719735,0,105,-0.015493914972182,0.0727156196583482,0.558870813245165,unsafe_touchdown
1325,62,-8.38595304134636,0,83,-0.015493914972182,0.0727156196583482,0.558870813245165,unsafe_touchdown
1326,62,-8.82032259783669,0,83,-0.015493914972182,0.0727156196583482,0.558870813245165,unsafe_touchdown
1327,62,-9.62202338316395,0,93,-0.015493914972182,0.0727156196583482,0.558870813245165,unsafe_touchdown
1328,62,-8.48074536173205,0,90,-0.015493914972182,0.0727156196583482,0.558870813245165,unsafe_touchdown
1329,63,-10.9818215038501,0,95,-0.0161714515505561,0.053656191108095,0.559567553811501,unsafe_touchdown
1330,63,-9.04173357447272,0,105,-0.0161714515505561,0.053656191108095,0.559567553811501,unsafe_touchdown
1331,63,-10.6579413271543,0,125,-0.0161714515505561,0.053656191108095,0.559567553811501,unsafe_touchdown
1332,63,-8.99071949583051,0,82,-0.0161714515505561,0.053656191108095,0.559567553811501,unsafe_touchdown
1333,63,-10.3242943535055,0,87,-0.0161714515505561,0.053656191108095,0.559567553811501,unsafe_touchdown
1334,63,-8.57975956111378,0,152,-0.0161714515505561,0.053656191108095,0.559567553811501,unsafe_touchdown
1335,63,-9.30559974701604,0,104,-0.0161714515505561,0.053656191108095,0.559567553811501,unsafe_touchdown
1336,63,-9.06048649624998,0,124,-0.0161714515505561,0.053656191108095,0.559567553811501,unsafe_touchdown
1337,63,-10.4754328108526,0,93,-0.0161714515505561,0.053656191108095,0.559567553811501,unsafe_touchdown
1338,63,-8.62883193437737,0,117,-0.0161714515505561,0.053656191108095,0.559567553811501,unsafe_touchdown
1339,63,-9.81922844934719,0,108,-0.0161714515505561,0.053656191108095,0.559567553811501,unsafe_touchdown
1340,63,-10.6780796815458,0,93,-0.0161714515505561,0.053656191108095,0.559567553811501,unsafe_touchdown
1341,63,-8.98449616238845,0,89,-0.0161714515505561,0.053656191108095,0.559567553811501,unsafe_touchdown
1342,63,-6.41156337203899,0,98,-0.0161714515505561,0.053656191108095,0.559567553811501,unsafe_touchdown
1343,63,-8.78988183179201,0,91,-0.0161714515505561,0.053656191108095,0.559567553811501,unsafe_touchdown
1344,63,-9.14982460458756,0,85,-0.0161714515505561,0.053656191108095,0.559567553811501,unsafe_touchdown
1345,63,-8.54506909275332,0,100,-0.0161714515505561,0.053656191108095,0.559567553811501,unsafe_touchdown
1346,63,-8.25315485755555,0,80,-0.0161714515505561,0.053656191108095,0.559567553811501,unsafe_touchdown
1347,63,-8.3775890956595,0,80,-0.0161714515505561,0.053656191108095,0.559567553811501,unsafe_touchdown
1348,63,-9.62615502013923,0,87,-0.0161714515505561,0.053656191108095,0.559567553811501,unsafe_touchdown
1349,63,-9.33859410515315,0,91,-0.0161714515505561,0.053656191108095,0.559567553811501,unsafe_touchdown
1350,64,-9.94452848000861,0,94,-0.0144525450140964,0.0673068097669062,0.558725463575272,unsafe_touchdown
1351,64,-9.39863964716449,0,101,-0.0144525450140964,0.0673068097669062,0.558725463575272,unsafe_touchdown
1352,64,-10.6702964064945,0,88,-0.0144525450140964,0.0673068097669062,0.558725463575272,unsafe_touchdown
1353,64,-8.50131799069479,0,84,-0.0144525450140964,0.0673068097669062,0.558725463575272,unsafe_touchdown
1354,64,-6.75657322097514,0,131,-0.0144525450140964,0.0673068097669062,0.558725463575272,unsafe_touchdown
1355,64,-9.43044287661677,0,114,-0.0144525450140964,0.0673068097669062,0.558725463575272,unsafe_touchdown
1356,64,-8.94360629133297,0,86,-0.0144525450140964,0.0673068097669062,0.558725463575272,unsafe_touchdown
1357,64,-9.67975604815383,0,96,-0.0144525450140964,0.0673068097669062,0.558725463575272,unsafe_touchdown
1358,64,-10.5091227466999,0,108,-0.0144525450140964,0.0673068097669062,0.558725463575272,unsafe_touchdown
1359,64,-10.7217581209808,0,94,-0.0144525450140964,0.0673068097669062,0.558725463575272,unsafe_touchdown
1360,64,-8.94701866930811,0,93,-0.0144525450140964,0.0673068097669062,0.558725463575272,unsafe_touchdown
1361,64,-10.8365107587196,0,119,-0.0144525450140964,0.0673068097669062,0.558725463575272,unsafe_touchdown
1362,64,-9.60503019994383,0,94,-0.0144525450140964,0.0673068097669062,0.558725463575272,unsafe_touchdown
1363,64,-8.93469266847544,0,104,-0.0144525450140964,0.0673068097669062,0.558725463575272,unsafe_touchdown
1364,64,-9.90532376953751,0,98,-0.0144525450140964,0.0673068097669062,0.558725463575272,unsafe_touchdown
1365,64,-11.4411692764258,0,110,-0.0144525450140964,0.0673068097669062,0.558725463575272,unsafe_touchdown
1366,64,-11.3153462200332,0,89,-0.0144525450140964,0.0673068097669062,0.558725463575272,unsafe_touchdown
1367,64,-10.3678230613179,0,98,-0.0144525450140964,0.0673068097669062,0.558725463575272,unsafe_touchdown
1368,64,-9.12505789954177,0,86,-0.0144525450140964,0.0673068097669062,0.558725463575272,unsafe_touchdown
1369,64,-9.73844112240726,0,145,-0.0144525450140964,0.0673068097669062,0.558725463575272,unsafe_touchdown
1370,64,-6.50282654253286,0,124,-0.0144525450140964,0.0673068097669062,0.558725463575272,unsafe_touchdown
1371,65,-8.48508515744891,0,81,-0.014259016867122,0.0513377140252811,0.559318844231911,unsafe_touchdown
1372,65,-9.72241824981968,0,105,-0.014259016867122,0.0513377140252811,0.559318844231911,unsafe_touchdown
1373,65,-10.0806346265549,0,88,-0.014259016867122,0.0513377140252811,0.559318844231911,unsafe_touchdown
1374,65,-9.30173761752514,0,117,-0.014259016867122,0.0513377140252811,0.559318844231911,unsafe_touchdown
1375,65,-8.89761065410214,0,109,-0.014259016867122,0.0513377140252811,0.559318844231911,unsafe_touchdown
1376,65,-10.0836317031762,0,114,-0.014259016867122,0.0513377140252811,0.559318844231911,unsafe_touchdown
1377,65,-9.96037381950658,0,92,-0.014259016867122,0.0513377140252811,0.559318844231911,unsafe_touchdown
1378,65,-8.10610947752023,0,115,-0.014259016867122,0.0513377140252811,0.559318844231911,unsafe_touchdown
1379,65,-7.82729289598598,0,86,-0.014259016867122,0.0513377140252811,0.559318844231911,unsafe_touchdown
1380,65,-9.5232234482243,0,120,-0.014259016867122,0.0513377140252811,0.559318844231911,unsafe_touchdown
1381,65,-10.5485888242903,0,85,-0.014259016867122,0.0513377140252811,0.559318844231911,unsafe_touchdown
1382,65,-9.65103665906188,0,83,-0.014259016867122,0.0513377140252811,0.559318844231911,unsafe_touchdown
1383,65,-11.5007199331032,0,111,-0.014259016867122,0.0513377140252811,0.559318844231911,unsafe_touchdown
1384,65,-9.10730721612748,0,111,-0.014259016867122,0.0513377140252811,0.559318844231911,unsafe_touchdown
1385,65,-8.68314493785898,0,91,-0.014259016867122,0.0513377140252811,0.559318844231911,unsafe_touchdown
1386,65,-8.67652125430893,0,94,-0.014259016867122,0.0513377140252811,0.559318844231911,unsafe_touchdown
1387,65,-9.7425008232691,0,92,-0.014259016867122,0.0513377140252811,0.559318844231911,unsafe_touchdown
1388,65,-11.1630925348317,0,92,-0.014259016867122,0.0513377140252811,0.559318844231911,unsafe_touchdown
1389,65,-10.1541365316559,0,93,-0.014259016867122,0.0513377140252811,0.559318844231911,unsafe_touchdown
1390,65,-10.4006749047975,0,75,-0.014259016867122,0.0513377140252811,0.559318844231911,unsafe_touchdown
1391,65,-9.27485940984598,0,87,-0.014259016867122,0.0513377140252811,0.559318844231911,unsafe_touchdown
1392,65,-9.60939647859494,0,138,-0.014259016867122,0.0513377140252811,0.559318844231911,unsafe_touchdown
1393,66,-10.4460055743885,0,101,-0.00992886917425128,0.372802831424736,0.559934053332001,unsafe_touchdown
1394,66,-10.586066874994,0,123,-0.00992886917425128,0.372802831424736,0.559934053332001,unsafe_touchdown
1395,66,-7.96494329854284,0,135,-0.00992886917425128,0.372802831424736,0.559934053332001,unsafe_touchdown
1396,66,-7.92965810240142,0,101,-0.00992886917425128,0.372802831424736,0.559934053332001,unsafe_touchdown
1397,66,-8.62049439937492,0,90,-0.00992886917425128,0.372802831424736,0.559934053332001,unsafe_touchdown
1398,66,-8.97295582976783,0,121,-0.00992886917425128,0.372802831424736,0.559934053332001,unsafe_touchdown
1399,66,-8.89035520288168,0,128,-0.00992886917425128,0.372802831424736,0.559934053332001,unsafe_touchdown
1400,66,-3.05706548822955,0,353,-0.00992886917425128,0.372802831424736,0.559934053332001,flight_failure
1401,66,-9.74890040094133,0,90,-0.00992886917425128,0.372802831424736,0.559934053332001,unsafe_touchdown
1402,66,-9.31931877829708,0,102,-0.00992886917425128,0.372802831424736,0.559934053332001,unsafe_touchdown
1403,66,-10.119323373884,0,77,-0.00992886917425128,0.372802831424736,0.559934053332001,unsafe_touchdown
1404,66,-10.1877295881579,0,111,-0.00992886917425128,0.372802831424736,0.559934053332001,unsafe_touchdown
1405,66,-7.69172535599727,0,103,-0.00992886917425128,0.372802831424736,0.559934053332001,unsafe_touchdown
1406,66,-8.73890800923044,0,112,-0.00992886917425128,0.372802831424736,0.559934053332001,unsafe_touchdown
1407,66,-7.88450661290839,0,122,-0.00992886917425128,0.372802831424736,0.559934053332001,unsafe_touchdown
1408,66,-8.92413788156345,0,145,-0.00992886917425128,0.372802831424736,0.559934053332001,unsafe_touchdown
1409,66,-10.5563734645964,0,99,-0.00992886917425128,0.372802831424736,0.559934053332001,unsafe_touchdown
1410,67,-7.82584069542415,0,115,-0.0119142443318185,0.0812848250940143,0.561195509774945,unsafe_touchdown
1411,67,-10.4079985237481,0,108,-0.0119142443318185,0.0812848250940143,0.561195509774945,unsafe_touchdown
1412,67,-8.39596541249911,0,92,-0.0119142443318185,0.0812848250940143,0.561195509774945,unsafe_touchdown
1413,67,-7.76533907796632,0,86,-0.0119142443318185,0.0812848250940143,0.561195509774945,unsafe_touchdown
1414,67,-9.69569123327906,0,79,-0.0119142443318185,0.0812848250940143,0.561195509774945,unsafe_touchdown
1415,67,-6.96201926966005,0,99,-0.0119142443318185,0.0812848250940143,0.561195509774945,unsafe_touchdown
1416,67,-12.0853688704428,0,146,-0.0119142443318185,0.0812848250940143,0.561195509774945,unsafe_touchdown
1417,67,-10.0055173071624,0,77,-0.0119142443318185,0.0812848250940143,0.561195509774945,unsafe_touchdown
1418,67,-8.89852389683086,0,83,-0.0119142443318185,0.0812848250940143,0.561195509774945,unsafe_touchdown
1419,67,-9.13391205856771,0,86,-0.0119142443318185,0.0812848250940143,0.561195509774945,unsafe_touchdown
1420,67,-6.77211932118131,0,109,-0.0119142443318185,0.0812848250940143,0.561195509774945,unsafe_touchdown
1421,67,-9.30646635434756,0,145,-0.0119142443318185,0.0812848250940143,0.561195509774945,unsafe_touchdown
1422,67,-8.98074216734772,0,135,-0.0119142443318185,0.0812848250940143,0.561195509774945,unsafe_touchdown
1423,67,-8.45823542138815,0,136,-0.0119142443318185,0.0812848250940143,0.561195509774945,unsafe_touchdown
1424,67,-9.32270435052975,0,81,-0.0119142443318185,0.0812848250940143,0.561195509774945,unsafe_touchdown
1425,67,-9.41455893940569,0,128,-0.0119142443318185,0.0812848250940143,0.561195509774945,unsafe_touchdown
1426,67,-8.8857029641339,0,91,-0.0119142443318185,0.0812848250940143,0.561195509774945,unsafe_touchdown
1427,67,-6.78246918940307,0,96,-0.0119142443318185,0.0812848250940143,0.561195509774945,unsafe_touchdown
1428,67,-9.48429614930368,0,87,-0.0119142443318185,0.0812848250940143,0.561195509774945,unsafe_touchdown
1429,67,-7.81449405453499,0,108,-0.0119142443318185,0.0812848250940143,0.561195509774945,unsafe_touchdown
1430,68,-8.79074068127481,0,121,-0.0143140445084188,0.0918477295148722,0.562350645237764,unsafe_touchdown
1431,68,-10.5525002012778,0,81,-0.0143140445084188,0.0918477295148722,0.562350645237764,unsafe_touchdown
1432,68,-8.41118268039432,0,104,-0.0143140445084188,0.0918477295148722,0.562350645237764,unsafe_touchdown
1433,68,-12.1568813037271,0,94,-0.0143140445084188,0.0918477295148722,0.562350645237764,unsafe_touchdown
1434,68,-7.73256125045302,0,91,-0.0143140445084188,0.0918477295148722,0.562350645237764,unsafe_touchdown
1435,68,-8.09213232528455,0,95,-0.0143140445084188,0.0918477295148722,0.562350645237764,unsafe_touchdown
1436,68,-8.36872554765353,0,80,-0.0143140445084188,0.0918477295148722,0.562350645237764,unsafe_touchdown
1437,68,-10.8544500992731,0,114,-0.0143140445084188,0.0918477295148722,0.562350645237764,unsafe_touchdown
1438,68,-8.46184343727035,0,119,-0.0143140445084188,0.0918477295148722,0.562350645237764,unsafe_touchdown
1439,68,-9.28258449409512,0,94,-0.0143140445084188,0.0918477295148722,0.562350645237764,unsafe_touchdown
1440,68,-10.6219933493968,0,114,-0.0143140445084188,0.0918477295148722,0.562350645237764,unsafe_touchdown
1441,68,-12.0320309059815,0,100,-0.0143140445084188,0.0918477295148722,0.562350645237764,unsafe_touchdown
1442,68,-7.78295275501201,0,169,-0.0143140445084188,0.0918477295148722,0.562350645237764,unsafe_touchdown
1443,68,-9.19906195927945,0,84,-0.0143140445084188,0.0918477295148722,0.562350645237764,unsafe_touchdown
1444,68,-7.81254586154122,0,112,-0.0143140445084188,0.0918477295148722,0.562350645237764,unsafe_touchdown
1445,68,-7.63179955015443,0,139,-0.0143140445084188,0.0918477295148722,0.562350645237764,unsafe_touchdown
1446,68,-9.71196915319216,0,126,-0.0143140445084188,0.0918477295148722,0.562350645237764,unsafe_touchdown
1447,68,-8.92696809669209,0,114,-0.0143140445084188,0.0918477295148722,0.562350645237764,unsafe_touchdown
1448,68,-10.7195198474799,0,86,-0.0143140445084188,0.0918477295148722,0.562350645237764,unsafe_touchdown
1449,68,-7.48885229440782,0,101,-0.0143140445084188,0.0918477295148722,0.562350645237764,unsafe_touchdown
1450,69,-8.89299965381424,0,84,-0.0153664091915073,0.0516585190121461,0.562084427851755,unsafe_touchdown
1451,69,-9.65120779082203,0,91,-0.0153664091915073,0.0516585190121461,0.562084427851755,unsafe_touchdown
1452,69,-9.24589083508619,0,114,-0.0153664091915073,0.0516585190121461,0.562084427851755,unsafe_touchdown
1453,69,-8.43272825118714,0,81,-0.0153664091915073,0.0516585190121461,0.562084427851755,unsafe_touchdown
1454,69,-10.0701146239671,0,80,-0.0153664091915073,0.0516585190121461,0.562084427851755,unsafe_touchdown
1455,69,-9.33697433815281,0,89,-0.0153664091915073,0.0516585190121461,0.562084427851755,unsafe_touchdown
1456,69,-8.99366599207456,0,94,-0.0153664091915073,0.0516585190121461,0.562084427851755,unsafe_touchdown
1457,69,-10.1793450074805,0,88,-0.0153664091915073,0.0516585190121461,0.562084427851755,unsafe_touchdown
1458,69,-9.08488068773652,0,114,-0.0153664091915073,0.0516585190121461,0.562084427851755,unsafe_touchdown
1459,69,-9.92205961724515,0,94,-0.0153664091915073,0.0516585190121461,0.562084427851755,unsafe_touchdown
1460,69,-7.78720678940021,0,103,-0.0153664091915073,0.0516585190121461,0.562084427851755,unsafe_touchdown
1461,69,-8.81368355996794,0,157,-0.0153664091915073,0.0516585190121461,0.562084427851755,unsafe_touchdown
1462,69,-9.52265861328516,0,88,-0.0153664091915073,0.0516585190121461,0.562084427851755,unsafe_touchdown
1463,69,-9.76248942518547,0,86,-0.0153664091915073,0.0516585190121461,0.562084427851755,unsafe_touchdown
1464,69,-9.69954967333164,0,84,-0.0153664091915073,0.0516585190121461,0.562084427851755,unsafe_touchdown
1465,69,-11.1626244306047,0,129,-0.0153664091915073,0.0516585190121461,0.562084427851755,unsafe_touchdown
1466,69,-10.6351010150412,0,88,-0.0153664091915073,0.0516585190121461,0.562084427851755,unsafe_touchdown
1467,69,-10.5712364328891,0,119,-0.0153664091915073,0.0516585190121461,0.562084427851755,unsafe_touchdown
1468,69,-9.70319438132806,0,81,-0.0153664091915073,0.0516585190121461,0.562084427851755,unsafe_touchdown
1469,69,-8.94551013702989,0,82,-0.0153664091915073,0.0516585190121461,0.562084427851755,unsafe_touchdown
1470,69,-8.92513571244025,0,85,-0.0153664091915073,0.0516585190121461,0.562084427851755,unsafe_touchdown
1471,69,-9.26747435482245,0,115,-0.0153664091915073,0.0516585190121461,0.562084427851755,unsafe_touchdown
1472,70,-9.53612860606029,0,123,-0.0152239103410606,0.0650419556061023,0.563054041516771,unsafe_touchdown
1473,70,-10.0839488064086,0,98,-0.0152239103410606,0.0650419556061023,0.563054041516771,unsafe_touchdown
1474,70,-8.64849852080054,0,98,-0.0152239103410606,0.0650419556061023,0.563054041516771,unsafe_touchdown
1475,70,-9.20511599330468,0,93,-0.0152239103410606,0.0650419556061023,0.563054041516771,unsafe_touchdown
1476,70,-10.9322919720994,0,87,-0.0152239103410606,0.0650419556061023,0.563054041516771,unsafe_touchdown
1477,70,-9.58567110432385,0,97,-0.0152239103410606,0.0650419556061023,0.563054041516771,unsafe_touchdown
1478,70,-8.26343966010136,0,108,-0.0152239103410606,0.0650419556061023,0.563054041516771,unsafe_touchdown
1479,70,-8.52664265271179,0,118,-0.0152239103410606,0.0650419556061023,0.563054041516771,unsafe_touchdown
1480,70,-12.1330790696552,0,85,-0.0152239103410606,0.0650419556061023,0.563054041516771,unsafe_touchdown
1481,70,-9.19818687727127,0,101,-0.0152239103410606,0.0650419556061023,0.563054041516771,unsafe_touchdown
1482,70,-8.85347694517433,0,110,-0.0152239103410606,0.0650419556061023,0.563054041516771,unsafe_touchdown
1483,70,-10.8721133108004,0,109,-0.0152239103410606,0.0650419556061023,0.563054041516771,unsafe_touchdown
1484,70,-10.0207958205711,0,106,-0.0152239103410606,0.0650419556061023,0.563054041516771,unsafe_touchdown
1485,70,-9.29721568372279,0,90,-0.0152239103410606,0.0650419556061023,0.563054041516771,unsafe_touchdown
1486,70,-9.63307779852586,0,101,-0.0152239103410606,0.0650419556061023,0.563054041516771,unsafe_touchdown
1487,70,-10.0461835801958,0,117,-0.0152239103410606,0.0650419556061023,0.563054041516771,unsafe_touchdown
1488,70,-8.73795697697084,0,109,-0.0152239103410606,0.0650419556061023,0.563054041516771,unsafe_touchdown
1489,70,-9.07586757267789,0,80,-0.0152239103410606,0.0650419556061023,0.563054041516771,unsafe_touchdown
1490,70,-8.4384924367755,0,102,-0.0152239103410606,0.0650419556061023,0.563054041516771,unsafe_touchdown
1491,70,-9.5703405816442,0,112,-0.0152239103410606,0.0650419556061023,0.563054041516771,unsafe_touchdown
1492,70,-9.39083787772851,0,81,-0.0152239103410606,0.0650419556061023,0.563054041516771,unsafe_touchdown
1493,71,-8.85278181269224,0,86,-0.0134248248800382,0.0756227458257487,0.562655054114279,unsafe_touchdown
1494,71,-10.4551228062133,0,89,-0.0134248248800382,0.0756227458257487,0.562655054114279,unsafe_touchdown
1495,71,-7.87448985510117,0,113,-0.0134248248800382,0.0756227458257487,0.562655054114279,unsafe_touchdown
1496,71,-9.51750753309634,0,117,-0.0134248248800382,0.0756227458257487,0.562655054114279,unsafe_touchdown
1497,71,-9.20333938989736,0,96,-0.0134248248800382,0.0756227458257487,0.562655054114279,unsafe_touchdown
1498,71,-7.60051032308266,0,94,-0.0134248248800382,0.0756227458257487,0.562655054114279,unsafe_touchdown
1499,71,-8.20895238848343,0,81,-0.0134248248800382,0.0756227458257487,0.562655054114279,unsafe_touchdown
1500,71,-7.84313484475409,0,84,-0.0134248248800382,0.0756227458257487,0.562655054114279,unsafe_touchdown
1501,71,-8.77485754963559,0,81,-0.0134248248800382,0.0756227458257487,0.562655054114279,unsafe_touchdown
1502,71,-10.4399811207358,0,104,-0.0134248248800382,0.0756227458257487,0.562655054114279,unsafe_touchdown
1503,71,-8.20280624622413,0,87,-0.0134248248800382,0.0756227458257487,0.562655054114279,unsafe_touchdown
1504,71,-8.83617970869663,0,121,-0.0134248248800382,0.0756227458257487,0.562655054114279,unsafe_touchdown
1505,71,-8.72253586209164,0,89,-0.0134248248800382,0.0756227458257487,0.562655054114279,unsafe_touchdown
1506,71,-10.5366792243762,0,131,-0.0134248248800382,0.0756227458257487,0.562655054114279,unsafe_touchdown
1507,71,-7.61311090757391,0,118,-0.0134248248800382,0.0756227458257487,0.562655054114279,unsafe_touchdown
1508,71,-8.51812545679474,0,85,-0.0134248248800382,0.0756227458257487,0.562655054114279,unsafe_touchdown
1509,71,-8.79295182064715,0,109,-0.0134248248800382,0.0756227458257487,0.562655054114279,unsafe_touchdown
1510,71,-6.67089383290928,0,125,-0.0134248248800382,0.0756227458257487,0.562655054114279,unsafe_touchdown
1511,71,-10.3344208238165,0,86,-0.0134248248800382,0.0756227458257487,0.562655054114279,unsafe_touchdown
1512,71,-8.03659984379676,0,128,-0.0134248248800382,0.0756227458257487,0.562655054114279,unsafe_touchdown
1513,71,-6.88963467341532,0,104,-0.0134248248800382,0.0756227458257487,0.562655054114279,unsafe_touchdown
1514,72,-9.60174165626401,0,78,-0.00827299873162412,0.106560280560061,0.562895427244178,unsafe_touchdown
1515,72,-10.9129078204286,0,135,-0.00827299873162412,0.106560280560061,0.562895427244178,unsafe_touchdown
1516,72,-10.3104499950387,0,95,-0.00827299873162412,0.106560280560061,0.562895427244178,unsafe_touchdown
1517,72,-8.83417983657357,0,116,-0.00827299873162412,0.106560280560061,0.562895427244178,unsafe_touchdown
1518,72,-8.42444213701087,0,105,-0.00827299873162412,0.106560280560061,0.562895427244178,unsafe_touchdown
1519,72,-8.25660347696343,0,114,-0.00827299873162412,0.106560280560061,0.562895427244178,unsafe_touchdown
1520,72,-10.2975699611455,0,79,-0.00827299873162412,0.106560280560061,0.562895427244178,unsafe_touchdown
1521,72,-10.0487694274831,0,116,-0.00827299873162412,0.106560280560061,0.562895427244178,unsafe_touchdown
1522,72,-9.93650808679348,0,84,-0.00827299873162412,0.106560280560061,0.562895427244178,unsafe_touchdown
1523,72,-10.2516697959879,0,427,-0.00827299873162412,0.106560280560061,0.562895427244178,flight_failure
1524,72,-10.5497531632795,0,244,-0.00827299873162412,0.106560280560061,0.562895427244178,unsafe_touchdown
1525,72,-9.25789998510117,0,88,-0.00827299873162412,0.106560280560061,0.562895427244178,unsafe_touchdown
1526,72,-9.88153450928086,0,94,-0.00827299873162412,0.106560280560061,0.562895427244178,unsafe_touchdown
1527,72,-8.35621958253438,0,78,-0.00827299873162412,0.106560280560061,0.562895427244178,unsafe_touchdown
1528,72,-8.07763874721502,0,98,-0.00827299873162412,0.106560280560061,0.562895427244178,unsafe_touchdown
1529,72,-10.1849515245932,0,96,-0.00827299873162412,0.106560280560061,0.562895427244178,unsafe_touchdown
1530,72,-9.44547700177901,0,79,-0.00827299873162412,0.106560280560061,0.562895427244178,unsafe_touchdown
1531,73,-8.10458279403734,0,81,-0.0169433601550211,0.0703302622772841,0.562330161003515,unsafe_touchdown
1532,73,-8.97160934946619,0,106,-0.0169433601550211,0.0703302622772841,0.562330161003515,unsafe_touchdown
1533,73,-9.0701248523611,0,89,-0.0169433601550211,0.0703302622772841,0.562330161003515,unsafe_touchdown
1534,73,-8.62403932055393,0,97,-0.0169433601550211,0.0703302622772841,0.562330161003515,unsafe_touchdown
1535,73,-10.2561681077053,0,94,-0.0169433601550211,0.0703302622772841,0.562330161003515,unsafe_touchdown
1536,73,-8.06671173622442,0,113,-0.0169433601550211,0.0703302622772841,0.562330161003515,unsafe_touchdown
1537,73,-7.9739720111453,0,74,-0.0169433601550211,0.0703302622772841,0.562330161003515,unsafe_touchdown
1538,73,-10.2165079358468,0,85,-0.0169433601550211,0.0703302622772841,0.562330161003515,unsafe_touchdown
1539,73,-6.44470426038994,0,83,-0.0169433601550211,0.0703302622772841,0.562330161003515,unsafe_touchdown
1540,73,-11.387306392738,0,98,-0.0169433601550211,0.0703302622772841,0.562330161003515,unsafe_touchdown
1541,73,-10.7026108556814,0,122,-0.0169433601550211,0.0703302622772841,0.562330161003515,unsafe_touchdown
1542,73,-8.36351054649249,0,85,-0.0169433601550211,0.0703302622772841,0.562330161003515,unsafe_touchdown
1543,73,-8.82121879812728,0,90,-0.0169433601550211,0.0703302622772841,0.562330161003515,unsafe_touchdown
1544,73,-8.74297701722307,0,82,-0.0169433601550211,0.0703302622772841,0.562330161003515,unsafe_touchdown
1545,73,-7.30633227095417,0,123,-0.0169433601550211,0.0703302622772841,0.562330161003515,unsafe_touchdown
1546,73,-9.28286071077174,0,104,-0.0169433601550211,0.0703302622772841,0.562330161003515,unsafe_touchdown
1547,73,-8.25589343244835,0,91,-0.0169433601550211,0.0703302622772841,0.562330161003515,unsafe_touchdown
1548,73,-7.63610928066856,0,85,-0.0169433601550211,0.0703302622772841,0.562330161003515,unsafe_touchdown
1549,73,-10.3678406077603,0,129,-0.0169433601550211,0.0703302622772841,0.562330161003515,unsafe_touchdown
1550,73,-9.51935963159974,0,98,-0.0169433601550211,0.0703302622772841,0.562330161003515,unsafe_touchdown
1551,73,-8.905424348235,0,81,-0.0169433601550211,0.0703302622772841,0.562330161003515,unsafe_touchdown
1552,73,-9.16526422502382,0,80,-0.0169433601550211,0.0703302622772841,0.562330161003515,unsafe_touchdown
1553,74,-8.50790923069943,0,108,-0.0150337161144054,0.0545866753776932,0.562787506074152,unsafe_touchdown
1554,74,-8.43759195481,0,123,-0.0150337161144054,0.0545866753776932,0.562787506074152,unsafe_touchdown
1555,74,-7.4604767821229,0,85,-0.0150337161144054,0.0545866753776932,0.562787506074152,unsafe_touchdown
1556,74,-9.33116289327209,0,78,-0.0150337161144054,0.0545866753776932,0.562787506074152,unsafe_touchdown
1557,74,-9.70257672218732,0,86,-0.0150337161144054,0.0545866753776932,0.562787506074152,unsafe_touchdown
1558,74,-8.10208137180216,0,90,-0.0150337161144054,0.0545866753776932,0.562787506074152,unsafe_touchdown
1559,74,-8.33473445994925,0,126,-0.0150337161144054,0.0545866753776932,0.562787506074152,unsafe_touchdown
1560,74,-9.13138278613533,0,95,-0.0150337161144054,0.0545866753776932,0.562787506074152,unsafe_touchdown
1561,74,-8.51688280795027,0,89,-0.0150337161144054,0.0545866753776932,0.562787506074152,unsafe_touchdown
1562,74,-9.44290325620833,0,100,-0.0150337161144054,0.0545866753776932,0.562787506074152,unsafe_touchdown
1563,74,-8.57723117153726,0,76,-0.0150337161144054,0.0545866753776932,0.562787506074152,unsafe_touchdown
1564,74,-9.29949248383686,0,97,-0.0150337161144054,0.0545866753776932,0.562787506074152,unsafe_touchdown
1565,74,-10.5739785420397,0,101,-0.0150337161144054,0.0545866753776932,0.562787506074152,unsafe_touchdown
1566,74,-8.87226482063435,0,95,-0.0150337161144054,0.0545866753776932,0.562787506074152,unsafe_touchdown
1567,74,-9.86527839136064,0,114,-0.0150337161144054,0.0545866753776932,0.562787506074152,unsafe_touchdown
1568,74,-8.42742957829721,0,97,-0.0150337161144054,0.0545866753776932,0.562787506074152,unsafe_touchdown
1569,74,-10.2122299030271,0,90,-0.0150337161144054,0.0545866753776932,0.562787506074152,unsafe_touchdown
1570,74,-7.63361523209039,0,106,-0.0150337161144054,0.0545866753776932,0.562787506074152,unsafe_touchdown
1571,74,-7.97118175124443,0,125,-0.0150337161144054,0.0545866753776932,0.562787506074152,unsafe_touchdown
1572,74,-8.71219728107504,0,71,-0.0150337161144054,0.0545866753776932,0.562787506074152,unsafe_touchdown
1573,74,-8.65624154717344,0,127,-0.0150337161144054,0.0545866753776932,0.562787506074152,unsafe_touchdown
1574,75,-7.36052390572576,0,91,-0.00968627552423561,0.0600807810509906,0.564133474196326,unsafe_touchdown
1575,75,-10.5629198028127,0,103,-0.00968627552423561,0.0600807810509906,0.564133474196326,unsafe_touchdown
1576,75,-8.60469448238385,0,85,-0.00968627552423561,0.0600807810509906,0.564133474196326,unsafe_touchdown
1577,75,-9.09869418832604,0,88,-0.00968627552423561,0.0600807810509906,0.564133474196326,unsafe_touchdown
1578,75,-10.2222430474871,0,96,-0.00968627552423561,0.0600807810509906,0.564133474196326,unsafe_touchdown
1579,75,-8.64909013835183,0,127,-0.00968627552423561,0.0600807810509906,0.564133474196326,unsafe_touchdown
1580,75,-9.65658329066118,0,99,-0.00968627552423561,0.0600807810509906,0.564133474196326,unsafe_touchdown
1581,75,-9.52031233515415,0,88,-0.00968627552423561,0.0600807810509906,0.564133474196326,unsafe_touchdown
1582,75,-8.93862121085396,0,93,-0.00968627552423561,0.0600807810509906,0.564133474196326,unsafe_touchdown
1583,75,-8.6405005349245,0,72,-0.00968627552423561,0.0600807810509906,0.564133474196326,unsafe_touchdown
1584,75,-9.05236150296924,0,172,-0.00968627552423561,0.0600807810509906,0.564133474196326,unsafe_touchdown
1585,75,-9.9897108569771,0,82,-0.00968627552423561,0.0600807810509906,0.564133474196326,unsafe_touchdown
1586,75,-8.79994554988092,0,105,-0.00968627552423561,0.0600807810509906,0.564133474196326,unsafe_touchdown
1587,75,-10.0330808054668,0,116,-0.00968627552423561,0.0600807810509906,0.564133474196326,unsafe_touchdown
1588,75,-10.8071435461592,0,121,-0.00968627552423561,0.0600807810509906,0.564133474196326,unsafe_touchdown
1589,75,-9.63976915200581,0,82,-0.00968627552423561,0.0600807810509906,0.564133474196326,unsafe_touchdown
1590,75,-8.51925138678264,0,110,-0.00968627552423561,0.0600807810509906,0.564133474196326,unsafe_touchdown
1591,75,-9.87786177537711,0,92,-0.00968627552423561,0.0600807810509906,0.564133474196326,unsafe_touchdown
1592,75,-9.81750214564155,0,98,-0.00968627552423561,0.0600807810509906,0.564133474196326,unsafe_touchdown
1593,75,-9.152554692669,0,91,-0.00968627552423561,0.0600807810509906,0.564133474196326,unsafe_touchdown
1594,75,-8.14020405572284,0,114,-0.00968627552423561,0.0600807810509906,0.564133474196326,unsafe_touchdown
1595,76,-9.56412520204077,0,91,-0.0165020196588117,0.102251052900976,0.565283242932702,unsafe_touchdown
1596,76,-9.69888810438671,0,101,-0.0165020196588117,0.102251052900976,0.565283242932702,unsafe_touchdown
1597,76,-7.99913151696447,0,94,-0.0165020196588117,0.102251052900976,0.565283242932702,unsafe_touchdown
1598,76,-9.03391417544996,0,81,-0.0165020196588117,0.102251052900976,0.565283242932702,unsafe_touchdown
1599,76,-10.9408644682551,0,87,-0.0165020196588117,0.102251052900976,0.565283242932702,unsafe_touchdown
1600,76,-10.2079443271755,0,137,-0.0165020196588117,0.102251052900976,0.565283242932702,unsafe_touchdown
1601,76,-8.79585601850426,0,96,-0.0165020196588117,0.102251052900976,0.565283242932702,unsafe_touchdown
1602,76,-6.45245947927671,0,316,-0.0165020196588117,0.102251052900976,0.565283242932702,unsafe_touchdown
1603,76,-8.62734877633857,0,101,-0.0165020196588117,0.102251052900976,0.565283242932702,unsafe_touchdown
1604,76,-10.7570384112246,0,89,-0.0165020196588117,0.102251052900976,0.565283242932702,unsafe_touchdown
1605,76,-9.97409544083752,0,367,-0.0165020196588117,0.102251052900976,0.565283242932702,flight_failure
1606,76,-9.48238814894373,0,73,-0.0165020196588117,0.102251052900976,0.565283242932702,unsafe_touchdown
1607,76,-9.43874024175477,0,88,-0.0165020196588117,0.102251052900976,0.565283242932702,unsafe_touchdown
1608,76,-9.3585996345577,0,101,-0.0165020196588117,0.102251052900976,0.565283242932702,unsafe_touchdown
1609,76,-9.87079743122656,0,100,-0.0165020196588117,0.102251052900976,0.565283242932702,unsafe_touchdown
1610,76,-8.50793830561365,0,112,-0.0165020196588117,0.102251052900976,0.565283242932702,unsafe_touchdown
1611,76,-9.80791369217458,0,140,-0.0165020196588117,0.102251052900976,0.565283242932702,unsafe_touchdown
1612,77,-6.59936083203401,0,120,-0.012672141378276,0.0569588497636891,0.563764752294195,unsafe_touchdown
1613,77,-8.85862037217215,0,90,-0.012672141378276,0.0569588497636891,0.563764752294195,unsafe_touchdown
1614,77,-11.9376679158505,0,83,-0.012672141378276,0.0569588497636891,0.563764752294195,unsafe_touchdown
1615,77,-7.00046896362529,0,90,-0.012672141378276,0.0569588497636891,0.563764752294195,unsafe_touchdown
1616,77,-8.54261572520271,0,81,-0.012672141378276,0.0569588497636891,0.563764752294195,unsafe_touchdown
1617,77,-9.67325090104386,0,99,-0.012672141378276,0.0569588497636891,0.563764752294195,unsafe_touchdown
1618,77,-10.3699226615312,0,112,-0.012672141378276,0.0569588497636891,0.563764752294195,unsafe_touchdown
1619,77,-10.9230537314813,0,97,-0.012672141378276,0.0569588497636891,0.563764752294195,unsafe_touchdown
1620,77,-9.34533322390087,0,83,-0.012672141378276,0.0569588497636891,0.563764752294195,unsafe_touchdown
1621,77,-8.19092272564954,0,110,-0.012672141378276,0.0569588497636891,0.563764752294195,unsafe_touchdown
1622,77,-8.8717548840331,0,119,-0.012672141378276,0.0569588497636891,0.563764752294195,unsafe_touchdown
1623,77,-9.4766364020905,0,82,-0.012672141378276,0.0569588497636891,0.563764752294195,unsafe_touchdown
1624,77,-8.24783599865086,0,94,-0.012672141378276,0.0569588497636891,0.563764752294195,unsafe_touchdown
1625,77,-9.37927202031411,0,102,-0.012672141378276,0.0569588497636891,0.563764752294195,unsafe_touchdown
1626,77,-9.00535005983004,0,98,-0.012672141378276,0.0569588497636891,0.563764752294195,unsafe_touchdown
1627,77,-8.98056821740459,0,88,-0.012672141378276,0.0569588497636891,0.563764752294195,unsafe_touchdown
1628,77,-9.54971079014139,0,86,-0.012672141378276,0.0569588497636891,0.563764752294195,unsafe_touchdown
1629,77,-8.70035054100494,0,74,-0.012672141378276,0.0569588497636891,0.563764752294195,unsafe_touchdown
1630,77,-9.0275995588313,0,119,-0.012672141378276,0.0569588497636891,0.563764752294195,unsafe_touchdown
1631,77,-9.16693777087499,0,92,-0.012672141378276,0.0569588497636891,0.563764752294195,unsafe_touchdown
1632,77,-9.73982906780073,0,151,-0.012672141378276,0.0569588497636891,0.563764752294195,unsafe_touchdown
1633,78,-10.9447306084843,0,91,-0.0158484627737078,0.0596430201841499,0.561578786992847,unsafe_touchdown
1634,78,-8.97433636318956,0,80,-0.0158484627737078,0.0596430201841499,0.561578786992847,unsafe_touchdown
1635,78,-10.458603781039,0,92,-0.0158484627737078,0.0596430201841499,0.561578786992847,unsafe_touchdown
1636,78,-9.93613580611293,0,114,-0.0158484627737078,0.0596430201841499,0.561578786992847,unsafe_touchdown
1637,78,-11.0091074393813,0,244,-0.0158484627737078,0.0596430201841499,0.561578786992847,unsafe_touchdown
1638,78,-10.9808504400176,0,101,-0.0158484627737078,0.0596430201841499,0.561578786992847,unsafe_touchdown
1639,78,-9.52655950727687,0,87,-0.0158484627737078,0.0596430201841499,0.561578786992847,unsafe_touchdown
1640,78,-8.04634428414388,0,80,-0.0158484627737078,0.0596430201841499,0.561578786992847,unsafe_touchdown
1641,78,-9.44158392168437,0,103,-0.0158484627737078,0.0596430201841499,0.561578786992847,unsafe_touchdown
1642,78,-9.33298508422016,0,120,-0.0158484627737078,0.0596430201841499,0.561578786992847,unsafe_touchdown
1643,78,-9.0587460409509,0,102,-0.0158484627737078,0.0596430201841499,0.561578786992847,unsafe_touchdown
1644,78,-7.63268540692304,0,133,-0.0158484627737078,0.0596430201841499,0.561578786992847,unsafe_touchdown
1645,78,-8.28576675269714,0,86,-0.0158484627737078,0.0596430201841499,0.561578786992847,unsafe_touchdown
1646,78,-10.2456338628407,0,99,-0.0158484627737078,0.0596430201841499,0.561578786992847,unsafe_touchdown
1647,78,-8.30338910732917,0,105,-0.0158484627737078,0.0596430201841499,0.561578786992847,unsafe_touchdown
1648,78,-9.2581167178004,0,115,-0.0158484627737078,0.0596430201841499,0.561578786992847,unsafe_touchdown
1649,78,-8.05411417566765,0,96,-0.0158484627737078,0.0596430201841499,0.561578786992847,unsafe_touchdown
1650,78,-8.75318531320805,0,86,-0.0158484627737078,0.0596430201841499,0.561578786992847,unsafe_touchdown
1651,78,-8.80589304768151,0,88,-0.0158484627737078,0.0596430201841499,0.561578786992847,unsafe_touchdown
1652,78,-7.40411390480155,0,90,-0.0158484627737078,0.0596430201841499,0.561578786992847,unsafe_touchdown
1653,79,-8.97037289818445,0,98,-0.00377447309301986,0.386698659604938,0.561296604899051,unsafe_touchdown
1654,79,-9.07371673297228,0,100,-0.00377447309301986,0.386698659604938,0.561296604899051,unsafe_touchdown
1655,79,-9.45363379010807,0,79,-0.00377447309301986,0.386698659604938,0.561296604899051,unsafe_touchdown
1656,79,-7.8443457200658,0,79,-0.00377447309301986,0.386698659604938,0.561296604899051,unsafe_touchdown
1657,79,-8.12110619519889,0,96,-0.00377447309301986,0.386698659604938,0.561296604899051,unsafe_touchdown
1658,79,-7.85833351909595,0,130,-0.00377447309301986,0.386698659604938,0.561296604899051,unsafe_touchdown
1659,79,-9.22826789870445,0,77,-0.00377447309301986,0.386698659604938,0.561296604899051,unsafe_touchdown
1660,79,-8.67074511720589,0,92,-0.00377447309301986,0.386698659604938,0.561296604899051,unsafe_touchdown
1661,79,-11.4960681327233,0,149,-0.00377447309301986,0.386698659604938,0.561296604899051,unsafe_touchdown
1662,79,-9.31767818723232,0,82,-0.00377447309301986,0.386698659604938,0.561296604899051,unsafe_touchdown
1663,79,-9.15275131278251,0,103,-0.00377447309301986,0.386698659604938,0.561296604899051,unsafe_touchdown
1664,79,-9.59795082849952,0,99,-0.00377447309301986,0.386698659604938,0.561296604899051,unsafe_touchdown
1665,79,-9.34130160060633,0,101,-0.00377447309301986,0.386698659604938,0.561296604899051,unsafe_touchdown
1666,79,-7.27942282506932,0,111,-0.00377447309301986,0.386698659604938,0.561296604899051,unsafe_touchdown
1667,79,-8.82098149555467,0,96,-0.00377447309301986,0.386698659604938,0.561296604899051,unsafe_touchdown
1668,79,-10.2087617526053,0,278,-0.00377447309301986,0.386698659604938,0.561296604899051,flight_failure
1669,79,-8.14764684713717,0,76,-0.00377447309301986,0.386698659604938,0.561296604899051,unsafe_touchdown
1670,79,-11.2215761308336,0,108,-0.00377447309301986,0.386698659604938,0.561296604899051,unsafe_touchdown
1671,79,-8.39886942467374,0,101,-0.00377447309301986,0.386698659604938,0.561296604899051,unsafe_touchdown
1672,80,-8.90559662349208,0,102,-0.0157746787683499,0.0989405765847312,0.561761455428488,unsafe_touchdown
1673,80,-6.87727931019478,0,86,-0.0157746787683499,0.0989405765847312,0.561761455428488,unsafe_touchdown
1674,80,-8.10059508223135,0,95,-0.0157746787683499,0.0989405765847312,0.561761455428488,unsafe_touchdown
1675,80,-9.86172143490232,0,113,-0.0157746787683499,0.0989405765847312,0.561761455428488,unsafe_touchdown
1676,80,-8.67570608616138,0,117,-0.0157746787683499,0.0989405765847312,0.561761455428488,unsafe_touchdown
1677,80,-10.2078207715602,0,221,-0.0157746787683499,0.0989405765847312,0.561761455428488,unsafe_touchdown
1678,80,-11.3305262639722,0,93,-0.0157746787683499,0.0989405765847312,0.561761455428488,unsafe_touchdown
1679,80,-9.62184981737887,0,117,-0.0157746787683499,0.0989405765847312,0.561761455428488,unsafe_touchdown
1680,80,-10.0100321767986,0,83,-0.0157746787683499,0.0989405765847312,0.561761455428488,unsafe_touchdown
1681,80,-9.441253421358,0,96,-0.0157746787683499,0.0989405765847312,0.561761455428488,unsafe_touchdown
1682,80,-9.35366600097557,0,92,-0.0157746787683499,0.0989405765847312,0.561761455428488,unsafe_touchdown
1683,80,-9.92010968053563,0,157,-0.0157746787683499,0.0989405765847312,0.561761455428488,unsafe_touchdown
1684,80,-7.71295737471272,0,103,-0.0157746787683499,0.0989405765847312,0.561761455428488,unsafe_touchdown
1685,80,-9.98214978775357,0,97,-0.0157746787683499,0.0989405765847312,0.561761455428488,unsafe_touchdown
1686,80,-9.86396854602941,0,119,-0.0157746787683499,0.0989405765847312,0.561761455428488,unsafe_touchdown
1687,80,-10.0207889558343,0,112,-0.0157746787683499,0.0989405765847312,0.561761455428488,unsafe_touchdown
1688,80,-8.86201383663864,0,129,-0.0157746787683499,0.0989405765847312,0.561761455428488,unsafe_touchdown
1689,80,-8.86258903893208,0,84,-0.0157746787683499,0.0989405765847312,0.561761455428488,unsafe_touchdown
1690,80,-8.7233519446145,0,77,-0.0157746787683499,0.0989405765847312,0.561761455428488,unsafe_touchdown
1691,81,-8.88449149075493,0,92,-0.00427338880809105,0.150564661696454,0.562632325439419,unsafe_touchdown
1692,81,-10.0957662782197,0,86,-0.00427338880809105,0.150564661696454,0.562632325439419,unsafe_touchdown
1693,81,-8.42432684654418,0,95,-0.00427338880809105,0.150564661696454,0.562632325439419,unsafe_touchdown
1694,81,-7.77187611363367,0,104,-0.00427338880809105,0.150564661696454,0.562632325439419,unsafe_touchdown
1695,81,-12.6249940949684,0,90,-0.00427338880809105,0.150564661696454,0.562632325439419,unsafe_touchdown
1696,81,-8.41526454881435,0,91,-0.00427338880809105,0.150564661696454,0.562632325439419,unsafe_touchdown
1697,81,-9.36199776079813,0,97,-0.00427338880809105,0.150564661696454,0.562632325439419,unsafe_touchdown
1698,81,-10.2965685175004,0,97,-0.00427338880809105,0.150564661696454,0.562632325439419,unsafe_touchdown
1699,81,-9.5826872764853,0,93,-0.00427338880809105,0.150564661696454,0.562632325439419,unsafe_touchdown
1700,81,-8.80236480957687,0,103,-0.00427338880809105,0.150564661696454,0.562632325439419,unsafe_touchdown
1701,81,-8.68879752762784,0,99,-0.00427338880809105,0.150564661696454,0.562632325439419,unsafe_touchdown
1702,81,-8.97175473099596,0,86,-0.00427338880809105,0.150564661696454,0.562632325439419,unsafe_touchdown
1703,81,-8.48310569370616,0,247,-0.00427338880809105,0.150564661696454,0.562632325439419,flight_failure
1704,81,-9.28584921898948,0,105,-0.00427338880809105,0.150564661696454,0.562632325439419,unsafe_touchdown
1705,81,-10.5608945465111,0,109,-0.00427338880809105,0.150564661696454,0.562632325439419,unsafe_touchdown
1706,81,-9.81971649826522,0,97,-0.00427338880809105,0.150564661696454,0.562632325439419,unsafe_touchdown
1707,81,-9.5907333504568,0,86,-0.00427338880809105,0.150564661696454,0.562632325439419,unsafe_touchdown
1708,81,-12.1877533879249,0,128,-0.00427338880809105,0.150564661696454,0.562632325439419,unsafe_touchdown
1709,81,-7.90524534161841,0,102,-0.00427338880809105,0.150564661696454,0.562632325439419,unsafe_touchdown
1710,81,-8.50985448536329,0,107,-0.00427338880809105,0.150564661696454,0.562632325439419,unsafe_touchdown
1711,82,-9.4305028376799,0,118,-0.0183865798930336,0.0673867987506245,0.561677440035756,unsafe_touchdown
1712,82,-10.0652360405989,0,90,-0.0183865798930336,0.0673867987506245,0.561677440035756,unsafe_touchdown
1713,82,-8.89408237551165,0,114,-0.0183865798930336,0.0673867987506245,0.561677440035756,unsafe_touchdown
1714,82,-9.56688703555529,0,90,-0.0183865798930336,0.0673867987506245,0.561677440035756,unsafe_touchdown
1715,82,-9.06608372422001,0,79,-0.0183865798930336,0.0673867987506245,0.561677440035756,unsafe_touchdown
1716,82,-9.23529864406519,0,120,-0.0183865798930336,0.0673867987506245,0.561677440035756,unsafe_touchdown
1717,82,-9.76563716720375,0,98,-0.0183865798930336,0.0673867987506245,0.561677440035756,unsafe_touchdown
1718,82,-9.14382786337021,0,92,-0.0183865798930336,0.0673867987506245,0.561677440035756,unsafe_touchdown
1719,82,-9.36418536612376,0,71,-0.0183865798930336,0.0673867987506245,0.561677440035756,unsafe_touchdown
1720,82,-6.03698572725776,0,94,-0.0183865798930336,0.0673867987506245,0.561677440035756,unsafe_touchdown
1721,82,-8.70113085495993,0,111,-0.0183865798930336,0.0673867987506245,0.561677440035756,unsafe_touchdown
1722,82,-8.63066587998227,0,100,-0.0183865798930336,0.0673867987506245,0.561677440035756,unsafe_touchdown
1723,82,-9.10697084341129,0,109,-0.0183865798930336,0.0673867987506245,0.561677440035756,unsafe_touchdown
1724,82,-8.89153234366245,0,95,-0.0183865798930336,0.0673867987506245,0.561677440035756,unsafe_touchdown
1725,82,-7.76047460396853,0,87,-0.0183865798930336,0.0673867987506245,0.561677440035756,unsafe_touchdown
1726,82,-8.74867455307444,0,79,-0.0183865798930336,0.0673867987506245,0.561677440035756,unsafe_touchdown
1727,82,-9.22249869107367,0,92,-0.0183865798930336,0.0673867987506245,0.561677440035756,unsafe_touchdown
1728,82,-8.80091158781707,0,92,-0.0183865798930336,0.0673867987506245,0.561677440035756,unsafe_touchdown
1729,82,-7.26392815509388,0,104,-0.0183865798930336,0.0673867987506245,0.561677440035756,unsafe_touchdown
1730,82,-9.44694416724497,0,81,-0.0183865798930336,0.0673867987506245,0.561677440035756,unsafe_touchdown
1731,82,-9.61993618500395,0,80,-0.0183865798930336,0.0673867987506245,0.561677440035756,unsafe_touchdown
1732,82,-11.110055351381,0,88,-0.0183865798930336,0.0673867987506245,0.561677440035756,unsafe_touchdown
1733,83,-8.91336970299277,0,80,-0.0123372736297634,0.0463000578290753,0.561594874488934,unsafe_touchdown
1734,83,-9.08867940800079,0,130,-0.0123372736297634,0.0463000578290753,0.561594874488934,unsafe_touchdown
1735,83,-8.26923244335994,0,94,-0.0123372736297634,0.0463000578290753,0.561594874488934,unsafe_touchdown
1736,83,-9.25075613391189,0,129,-0.0123372736297634,0.0463000578290753,0.561594874488934,unsafe_touchdown
1737,83,-8.85730526616813,0,89,-0.0123372736297634,0.0463000578290753,0.561594874488934,unsafe_touchdown
1738,83,-9.0593446535603,0,90,-0.0123372736297634,0.0463000578290753,0.561594874488934,unsafe_touchdown
1739,83,-8.81076279702725,0,106,-0.0123372736297634,0.0463000578290753,0.561594874488934,unsafe_touchdown
1740,83,-8.58100218618278,0,102,-0.0123372736297634,0.0463000578290753,0.561594874488934,unsafe_touchdown
1741,83,-7.56946683188799,0,101,-0.0123372736297634,0.0463000578290753,0.561594874488934,unsafe_touchdown
1742,83,-9.57469862039745,0,108,-0.0123372736297634,0.0463000578290753,0.561594874488934,unsafe_touchdown
1743,83,-9.90110320612022,0,83,-0.0123372736297634,0.0463000578290753,0.561594874488934,unsafe_touchdown
1744,83,-9.94269804071071,0,90,-0.0123372736297634,0.0463000578290753,0.561594874488934,unsafe_touchdown
1745,83,-11.5699033262857,0,114,-0.0123372736297634,0.0463000578290753,0.561594874488934,unsafe_touchdown
1746,83,-8.51250580517696,0,86,-0.0123372736297634,0.0463000578290753,0.561594874488934,unsafe_touchdown
1747,83,-8.93811020670529,0,84,-0.0123372736297634,0.0463000578290753,0.561594874488934,unsafe_touchdown
1748,83,-9.69246220008992,0,87,-0.0123372736297634,0.0463000578290753,0.561594874488934,unsafe_touchdown
1749,83,-7.70565492038327,0,115,-0.0123372736297634,0.0463000578290753,0.561594874488934,unsafe_touchdown
1750,83,-9.9726972846947,0,94,-0.0123372736297634,0.0463000578290753,0.561594874488934,unsafe_touchdown
1751,83,-8.13594414138749,0,84,-0.0123372736297634,0.0463000578290753,0.561594874488934,unsafe_touchdown
1752,83,-9.07330318420136,0,91,-0.0123372736297634,0.0463000578290753,0.561594874488934,unsafe_touchdown
1753,83,-8.40118625800143,0,110,-0.0123372736297634,0.0463000578290753,0.561594874488934,unsafe_touchdown
1754,84,-9.44075698108203,0,124,-0.0205821136485991,0.0729830056426061,0.562302408451337,unsafe_touchdown
1755,84,-7.30311033533916,0,111,-0.0205821136485991,0.0729830056426061,0.562302408451337,unsafe_touchdown
1756,84,-9.82208463568808,0,99,-0.0205821136485991,0.0729830056426061,0.562302408451337,unsafe_touchdown
1757,84,-10.3419932906187,0,115,-0.0205821136485991,0.0729830056426061,0.562302408451337,unsafe_touchdown
1758,84,-11.6296139218641,0,86,-0.0205821136485991,0.0729830056426061,0.562302408451337,unsafe_touchdown
1759,84,-7.92214329170433,0,87,-0.0205821136485991,0.0729830056426061,0.562302408451337,unsafe_touchdown
1760,84,-8.20888894290373,0,120,-0.0205821136485991,0.0729830056426061,0.562302408451337,unsafe_touchdown
1761,84,-8.88136595678009,0,111,-0.0205821136485991,0.0729830056426061,0.562302408451337,unsafe_touchdown
1762,84,-8.94090922774558,0,84,-0.0205821136485991,0.0729830056426061,0.562302408451337,unsafe_touchdown
1763,84,-8.73099508249971,0,114,-0.0205821136485991,0.0729830056426061,0.562302408451337,unsafe_touchdown
1764,84,-9.52977468831097,0,126,-0.0205821136485991,0.0729830056426061,0.562302408451337,unsafe_touchdown
1765,84,-10.1563563684018,0,77,-0.0205821136485991,0.0729830056426061,0.562302408451337,unsafe_touchdown
1766,84,-9.72118588360047,0,110,-0.0205821136485991,0.0729830056426061,0.562302408451337,unsafe_touchdown
1767,84,-8.94897888259289,0,106,-0.0205821136485991,0.0729830056426061,0.562302408451337,unsafe_touchdown
1768,84,-8.6692319468558,0,99,-0.0205821136485991,0.0729830056426061,0.562302408451337,unsafe_touchdown
1769,84,-8.69147835144704,0,83,-0.0205821136485991,0.0729830056426061,0.562302408451337,unsafe_touchdown
1770,84,-6.91042895692194,0,93,-0.0205821136485991,0.0729830056426061,0.562302408451337,unsafe_touchdown
1771,84,-11.109187230256,0,79,-0.0205821136485991,0.0729830056426061,0.562302408451337,unsafe_touchdown
1772,84,-8.81106269653034,0,105,-0.0205821136485991,0.0729830056426061,0.562302408451337,unsafe_touchdown
1773,84,-9.4465533137283,0,88,-0.0205821136485991,0.0729830056426061,0.562302408451337,unsafe_touchdown
1774,84,-8.18575024598644,0,112,-0.0205821136485991,0.0729830056426061,0.562302408451337,unsafe_touchdown
1775,85,-2.19772086687609,0,240,-0.0119318676703289,0.11242279900899,0.56184087825329,unsafe_touchdown
1776,85,-5.98562123855151,0,118,-0.0119318676703289,0.11242279900899,0.56184087825329,unsafe_touchdown
1777,85,-9.8337933166137,0,93,-0.0119318676703289,0.11242279900899,0.56184087825329,unsafe_touchdown
1778,85,-9.46604113548968,0,97,-0.0119318676703289,0.11242279900899,0.56184087825329,unsafe_touchdown
1779,85,-8.73422528302463,0,96,-0.0119318676703289,0.11242279900899,0.56184087825329,unsafe_touchdown
1780,85,-12.3033204145087,0,131,-0.0119318676703289,0.11242279900899,0.56184087825329,unsafe_touchdown
1781,85,-9.77010045881621,0,89,-0.0119318676703289,0.11242279900899,0.56184087825329,unsafe_touchdown
1782,85,-8.34546099024816,0,97,-0.0119318676703289,0.11242279900899,0.56184087825329,unsafe_touchdown
1783,85,-11.3129943247797,0,87,-0.0119318676703289,0.11242279900899,0.56184087825329,unsafe_touchdown
1784,85,-10.848005008339,0,94,-0.0119318676703289,0.11242279900899,0.56184087825329,unsafe_touchdown
1785,85,-7.81446968219637,0,81,-0.0119318676703289,0.11242279900899,0.56184087825329,unsafe_touchdown
1786,85,-8.54097942421285,0,77,-0.0119318676703289,0.11242279900899,0.56184087825329,unsafe_touchdown
1787,85,-8.53057752967482,0,93,-0.0119318676703289,0.11242279900899,0.56184087825329,unsafe_touchdown
1788,85,-9.38661150950319,0,88,-0.0119318676703289,0.11242279900899,0.56184087825329,unsafe_touchdown
1789,85,-9.63642952797352,0,104,-0.0119318676703289,0.11242279900899,0.56184087825329,unsafe_touchdown
1790,85,-9.59652622621246,0,112,-0.0119318676703289,0.11242279900899,0.56184087825329,unsafe_touchdown
1791,85,-9.50961589564008,0,110,-0.0119318676703289,0.11242279900899,0.56184087825329,unsafe_touchdown
1792,85,-9.0990031618152,0,114,-0.0119318676703289,0.11242279900899,0.56184087825329,unsafe_touchdown
1793,85,-9.495733391274,0,88,-0.0119318676703289,0.11242279900899,0.56184087825329,unsafe_touchdown
1794,85,-8.57718401839764,0,141,-0.0119318676703289,0.11242279900899,0.56184087825329,unsafe_touchdown
1795,86,-10.2283474746361,0,90,-0.0105012418626097,0.0694721690921923,0.561416159026927,unsafe_touchdown
1796,86,-8.92413466133226,0,98,-0.0105012418626097,0.0694721690921923,0.561416159026927,unsafe_touchdown
1797,86,-8.05658651212511,0,111,-0.0105012418626097,0.0694721690921923,0.561416159026927,unsafe_touchdown
1798,86,-8.20525138210937,0,112,-0.0105012418626097,0.0694721690921923,0.561416159026927,unsafe_touchdown
1799,86,-5.30704420008131,0,94,-0.0105012418626097,0.0694721690921923,0.561416159026927,unsafe_touchdown
1800,86,-10.050359096626,0,111,-0.0105012418626097,0.0694721690921923,0.561416159026927,unsafe_touchdown
1801,86,-10.6769087223162,0,87,-0.0105012418626097,0.0694721690921923,0.561416159026927,unsafe_touchdown
1802,86,-11.2576817149939,0,89,-0.0105012418626097,0.0694721690921923,0.561416159026927,unsafe_touchdown
1803,86,-8.6743834197123,0,92,-0.0105012418626097,0.0694721690921923,0.561416159026927,unsafe_touchdown
1804,86,-9.53283826654148,0,101,-0.0105012418626097,0.0694721690921923,0.561416159026927,unsafe_touchdown
1805,86,-7.91367131754059,0,103,-0.0105012418626097,0.0694721690921923,0.561416159026927,unsafe_touchdown
1806,86,-7.6842873116319,0,125,-0.0105012418626097,0.0694721690921923,0.561416159026927,unsafe_touchdown
1807,86,-10.7087201154061,0,84,-0.0105012418626097,0.0694721690921923,0.561416159026927,unsafe_touchdown
1808,86,-10.9533895352494,0,107,-0.0105012418626097,0.0694721690921923,0.561416159026927,unsafe_touchdown
1809,86,-9.47434305220754,0,89,-0.0105012418626097,0.0694721690921923,0.561416159026927,unsafe_touchdown
1810,86,-9.13211680906689,0,121,-0.0105012418626097,0.0694721690921923,0.561416159026927,unsafe_touchdown
1811,86,-10.5594463489281,0,79,-0.0105012418626097,0.0694721690921923,0.561416159026927,unsafe_touchdown
1812,86,-10.8160874540605,0,107,-0.0105012418626097,0.0694721690921923,0.561416159026927,unsafe_touchdown
1813,86,-10.3192148396677,0,166,-0.0105012418626097,0.0694721690921923,0.561416159026927,unsafe_touchdown
1814,86,-9.9030188406868,0,106,-0.0105012418626097,0.0694721690921923,0.561416159026927,unsafe_touchdown
1815,87,-10.7802112081163,0,460,-0.0125187409838448,0.19289577226946,0.561195590582647,flight_failure
1816,87,-9.33742979828181,0,90,-0.0125187409838448,0.19289577226946,0.561195590582647,unsafe_touchdown
1817,87,-8.78186452701166,0,103,-0.0125187409838448,0.19289577226946,0.561195590582647,unsafe_touchdown
1818,87,-8.80160413504775,0,91,-0.0125187409838448,0.19289577226946,0.561195590582647,unsafe_touchdown
1819,87,-10.1389494856146,0,86,-0.0125187409838448,0.19289577226946,0.561195590582647,unsafe_touchdown
1820,87,-8.95670360642296,0,84,-0.0125187409838448,0.19289577226946,0.561195590582647,unsafe_touchdown
1821,87,-9.32966580793422,0,331,-0.0125187409838448,0.19289577226946,0.561195590582647,flight_failure
1822,87,-8.456442568874,0,82,-0.0125187409838448,0.19289577226946,0.561195590582647,unsafe_touchdown
1823,87,-9.90166428259871,0,244,-0.0125187409838448,0.19289577226946,0.561195590582647,flight_failure
1824,87,-8.05839029985841,0,106,-0.0125187409838448,0.19289577226946,0.561195590582647,unsafe_touchdown
1825,87,-10.4251315079929,0,78,-0.0125187409838448,0.19289577226946,0.561195590582647,unsafe_touchdown
1826,87,-10.3994439666938,0,349,-0.0125187409838448,0.19289577226946,0.561195590582647,flight_failure
1827,88,-10.5132815993741,0,78,-0.0151547481481831,0.0712712444448465,0.560792205710514,unsafe_touchdown
1828,88,-10.1570447604133,0,82,-0.0151547481481831,0.0712712444448465,0.560792205710514,unsafe_touchdown
1829,88,-11.0201136523788,0,82,-0.0151547481481831,0.0712712444448465,0.560792205710514,unsafe_touchdown
1830,88,-8.4620680081854,0,124,-0.0151547481481831,0.0712712444448465,0.560792205710514,unsafe_touchdown
1831,88,-9.04704829067444,0,74,-0.0151547481481831,0.0712712444448465,0.560792205710514,unsafe_touchdown
1832,88,-10.2143857143912,0,92,-0.0151547481481831,0.0712712444448465,0.560792205710514,unsafe_touchdown
1833,88,-9.99106887862834,0,103,-0.0151547481481831,0.0712712444448465,0.560792205710514,unsafe_touchdown
1834,88,-11.5936453330486,0,121,-0.0151547481481831,0.0712712444448465,0.560792205710514,unsafe_touchdown
1835,88,-8.61723111072162,0,112,-0.0151547481481831,0.0712712444448465,0.560792205710514,unsafe_touchdown
1836,88,-8.70792277968606,0,102,-0.0151547481481831,0.0712712444448465,0.560792205710514,unsafe_touchdown
1837,88,-7.77321674942375,0,131,-0.0151547481481831,0.0712712444448465,0.560792205710514,unsafe_touchdown
1838,88,-8.79805192966545,0,122,-0.0151547481481831,0.0712712444448465,0.560792205710514,unsafe_touchdown
1839,88,-9.69516782415347,0,81,-0.0151547481481831,0.0712712444448465,0.560792205710514,unsafe_touchdown
1840,88,-6.35685341502032,0,86,-0.0151547481481831,0.0712712444448465,0.560792205710514,unsafe_touchdown
1841,88,-8.355147189397,0,90,-0.0151547481481831,0.0712712444448465,0.560792205710514,unsafe_touchdown
1842,88,-10.0181698893547,0,95,-0.0151547481481831,0.0712712444448465,0.560792205710514,unsafe_touchdown
1843,88,-11.397658428628,0,99,-0.0151547481481831,0.0712712444448465,0.560792205710514,unsafe_touchdown
1844,88,-9.65096136830904,0,94,-0.0151547481481831,0.0712712444448465,0.560792205710514,unsafe_touchdown
1845,88,-8.67330418719603,0,125,-0.0151547481481831,0.0712712444448465,0.560792205710514,unsafe_touchdown
1846,88,-7.625406162026,0,95,-0.0151547481481831,0.0712712444448465,0.560792205710514,unsafe_touchdown
1847,88,-8.55105290484897,0,89,-0.0151547481481831,0.0712712444448465,0.560792205710514,unsafe_touchdown
1848,89,-7.78320955309623,0,104,-0.0131689368917177,0.0373489806954589,0.560548061670049,unsafe_touchdown
1849,89,-9.46602027523227,0,82,-0.0131689368917177,0.0373489806954589,0.560548061670049,unsafe_touchdown
1850,89,-9.48193137785599,0,93,-0.0131689368917177,0.0373489806954589,0.560548061670049,unsafe_touchdown
1851,89,-11.0550634500333,0,91,-0.0131689368917177,0.0373489806954589,0.560548061670049,unsafe_touchdown
1852,89,-9.13923238352415,0,93,-0.0131689368917177,0.0373489806954589,0.560548061670049,unsafe_touchdown
1853,89,-9.5124106997334,0,87,-0.0131689368917177,0.0373489806954589,0.560548061670049,unsafe_touchdown
1854,89,-9.95449921988101,0,87,-0.0131689368917177,0.0373489806954589,0.560548061670049,unsafe_touchdown
1855,89,-8.48194177340037,0,133,-0.0131689368917177,0.0373489806954589,0.560548061670049,unsafe_touchdown
1856,89,-9.0402836000092,0,100,-0.0131689368917177,0.0373489806954589,0.560548061670049,unsafe_touchdown
1857,89,-9.37975027424601,0,102,-0.0131689368917177,0.0373489806954589,0.560548061670049,unsafe_touchdown
1858,89,-9.25324909995426,0,117,-0.0131689368917177,0.0373489806954589,0.560548061670049,unsafe_touchdown
1859,89,-7.87656487088665,0,103,-0.0131689368917177,0.0373489806954589,0.560548061670049,unsafe_touchdown
1860,89,-9.56041432600797,0,127,-0.0131689368917177,0.0373489806954589,0.560548061670049,unsafe_touchdown
1861,89,-8.63595412635024,0,104,-0.0131689368917177,0.0373489806954589,0.560548061670049,unsafe_touchdown
1862,89,-10.7001059789393,0,112,-0.0131689368917177,0.0373489806954589,0.560548061670049,unsafe_touchdown
1863,89,-10.0458289705772,0,96,-0.0131689368917177,0.0373489806954589,0.560548061670049,unsafe_touchdown
1864,89,-10.0349220346837,0,122,-0.0131689368917177,0.0373489806954589,0.560548061670049,unsafe_touchdown
1865,89,-9.10387337528544,0,153,-0.0131689368917177,0.0373489806954589,0.560548061670049,unsafe_touchdown
1866,89,-10.1713378187314,0,92,-0.0131689368917177,0.0373489806954589,0.560548061670049,unsafe_touchdown
1867,89,-11.7231439409817,0,112,-0.0131689368917177,0.0373489806954589,0.560548061670049,unsafe_touchdown
1868,90,-8.90548197398248,0,97,-0.0160729076936043,0.0596699728688538,0.560552794933636,unsafe_touchdown
1869,90,-8.63138326921331,0,97,-0.0160729076936043,0.0596699728688538,0.560552794933636,unsafe_touchdown
1870,90,-7.78828935600784,0,85,-0.0160729076936043,0.0596699728688538,0.560552794933636,unsafe_touchdown
1871,90,-9.75716231835822,0,92,-0.0160729076936043,0.0596699728688538,0.560552794933636,unsafe_touchdown
1872,90,-9.89680784456911,0,114,-0.0160729076936043,0.0596699728688538,0.560552794933636,unsafe_touchdown
1873,90,-8.79820085040332,0,102,-0.0160729076936043,0.0596699728688538,0.560552794933636,unsafe_touchdown
1874,90,-9.19937823219898,0,112,-0.0160729076936043,0.0596699728688538,0.560552794933636,unsafe_touchdown
1875,90,-7.38714639210584,0,111,-0.0160729076936043,0.0596699728688538,0.560552794933636,unsafe_touchdown
1876,90,-10.1067202582056,0,114,-0.0160729076936043,0.0596699728688538,0.560552794933636,unsafe_touchdown
1877,90,-8.05579014877144,0,118,-0.0160729076936043,0.0596699728688538,0.560552794933636,unsafe_touchdown
1878,90,-9.43897504102535,0,82,-0.0160729076936043,0.0596699728688538,0.560552794933636,unsafe_touchdown
1879,90,-8.3833867449299,0,105,-0.0160729076936043,0.0596699728688538,0.560552794933636,unsafe_touchdown
1880,90,-9.38705316188287,0,280,-0.0160729076936043,0.0596699728688538,0.560552794933636,flight_failure
1881,90,-8.93731613991048,0,122,-0.0160729076936043,0.0596699728688538,0.560552794933636,unsafe_touchdown
1882,90,-10.1323205070292,0,98,-0.0160729076936043,0.0596699728688538,0.560552794933636,unsafe_touchdown
1883,90,-8.72585357465768,0,112,-0.0160729076936043,0.0596699728688538,0.560552794933636,unsafe_touchdown
1884,90,-6.78712411174088,0,100,-0.0160729076936043,0.0596699728688538,0.560552794933636,unsafe_touchdown
1885,90,-9.39892714111925,0,98,-0.0160729076936043,0.0596699728688538,0.560552794933636,unsafe_touchdown
1886,90,-8.38121099535023,0,80,-0.0160729076936043,0.0596699728688538,0.560552794933636,unsafe_touchdown
1887,91,-8.55313915303207,0,93,-0.0145887768812779,0.114643349876851,0.560226380556993,unsafe_touchdown
1888,91,-10.0500577483675,0,235,-0.0145887768812779,0.114643349876851,0.560226380556993,flight_failure
1889,91,-8.9184261486636,0,136,-0.0145887768812779,0.114643349876851,0.560226380556993,unsafe_touchdown
1890,91,-7.36605791652807,0,97,-0.0145887768812779,0.114643349876851,0.560226380556993,unsafe_touchdown
1891,91,-8.66704126107502,0,102,-0.0145887768812779,0.114643349876851,0.560226380556993,unsafe_touchdown
1892,91,-8.17365175929138,0,94,-0.0145887768812779,0.114643349876851,0.560226380556993,unsafe_touchdown
1893,91,-7.18513486089214,0,108,-0.0145887768812779,0.114643349876851,0.560226380556993,unsafe_touchdown
1894,91,-8.58499655356614,0,94,-0.0145887768812779,0.114643349876851,0.560226380556993,unsafe_touchdown
1895,91,-8.48437754692529,0,121,-0.0145887768812779,0.114643349876851,0.560226380556993,unsafe_touchdown
1896,91,-9.16738057217473,0,147,-0.0145887768812779,0.114643349876851,0.560226380556993,unsafe_touchdown
1897,91,-9.98532401595321,0,113,-0.0145887768812779,0.114643349876851,0.560226380556993,unsafe_touchdown
1898,91,-6.61858912027776,0,115,-0.0145887768812779,0.114643349876851,0.560226380556993,unsafe_touchdown
1899,91,-9.21602686494067,0,108,-0.0145887768812779,0.114643349876851,0.560226380556993,unsafe_touchdown
1900,91,-8.8798502684215,0,83,-0.0145887768812779,0.114643349876851,0.560226380556993,unsafe_touchdown
1901,91,-11.444866192095,0,85,-0.0145887768812779,0.114643349876851,0.560226380556993,unsafe_touchdown
1902,91,-9.38270635888557,0,354,-0.0145887768812779,0.114643349876851,0.560226380556993,flight_failure
1903,92,-8.95125683880532,0,72,-0.0159741759210557,0.0614957374513262,0.559904174579543,unsafe_touchdown
1904,92,-9.34336261273023,0,110,-0.0159741759210557,0.0614957374513262,0.559904174579543,unsafe_touchdown
1905,92,-10.1723088664495,0,111,-0.0159741759210557,0.0614957374513262,0.559904174579543,unsafe_touchdown
1906,92,-8.83272593923489,0,147,-0.0159741759210557,0.0614957374513262,0.559904174579543,unsafe_touchdown
1907,92,-8.53645470601452,0,112,-0.0159741759210557,0.0614957374513262,0.559904174579543,unsafe_touchdown
1908,92,-8.82290227654445,0,88,-0.0159741759210557,0.0614957374513262,0.559904174579543,unsafe_touchdown
1909,92,-8.10025608827691,0,99,-0.0159741759210557,0.0614957374513262,0.559904174579543,unsafe_touchdown
1910,92,-10.4833564291797,0,97,-0.0159741759210557,0.0614957374513262,0.559904174579543,unsafe_touchdown
1911,92,-11.4228154242027,0,168,-0.0159741759210557,0.0614957374513262,0.559904174579543,unsafe_touchdown
1912,92,-11.3089387638116,0,96,-0.0159741759210557,0.0614957374513262,0.559904174579543,unsafe_touchdown
1913,92,-9.62149106333257,0,101,-0.0159741759210557,0.0614957374513262,0.559904174579543,unsafe_touchdown
1914,92,-5.48336423363296,0,103,-0.0159741759210557,0.0614957374513262,0.559904174579543,unsafe_touchdown
1915,92,-8.94566824263869,0,119,-0.0159741759210557,0.0614957374513262,0.559904174579543,unsafe_touchdown
1916,92,-9.01234917122598,0,71,-0.0159741759210557,0.0614957374513262,0.559904174579543,unsafe_touchdown
1917,92,-11.8156172042915,0,97,-0.0159741759210557,0.0614957374513262,0.559904174579543,unsafe_touchdown
1918,92,-9.71290730592709,0,104,-0.0159741759210557,0.0614957374513262,0.559904174579543,unsafe_touchdown
1919,92,-8.65939710579033,0,81,-0.0159741759210557,0.0614957374513262,0.559904174579543,unsafe_touchdown
1920,92,-9.67078622223854,0,90,-0.0159741759210557,0.0614957374513262,0.559904174579543,unsafe_touchdown
1921,92,-9.71424001109122,0,75,-0.0159741759210557,0.0614957374513262,0.559904174579543,unsafe_touchdown
1922,92,-10.4680933993762,0,115,-0.0159741759210557,0.0614957374513262,0.559904174579543,unsafe_touchdown
1923,93,-8.95972405492659,0,120,-0.0155271375853074,0.0647081386777614,0.558995076826398,unsafe_touchdown
1924,93,-7.03812406690643,0,93,-0.0155271375853074,0.0647081386777614,0.558995076826398,unsafe_touchdown
1925,93,-9.17376176870604,0,112,-0.0155271375853074,0.0647081386777614,0.558995076826398,unsafe_touchdown
1926,93,-8.75175810356238,0,88,-0.0155271375853074,0.0647081386777614,0.558995076826398,unsafe_touchdown
1927,93,-8.96772582363562,0,102,-0.0155271375853074,0.0647081386777614,0.558995076826398,unsafe_touchdown
1928,93,-7.53041700553428,0,148,-0.0155271375853074,0.0647081386777614,0.558995076826398,unsafe_touchdown
1929,93,-8.11890675043515,0,79,-0.0155271375853074,0.0647081386777614,0.558995076826398,unsafe_touchdown
1930,93,-8.0110717313018,0,92,-0.0155271375853074,0.0647081386777614,0.558995076826398,unsafe_touchdown
1931,93,-11.2238574293438,0,93,-0.0155271375853074,0.0647081386777614,0.558995076826398,unsafe_touchdown
1932,93,-8.90373304826213,0,82,-0.0155271375853074,0.0647081386777614,0.558995076826398,unsafe_touchdown
1933,93,-10.2065966825609,0,104,-0.0155271375853074,0.0647081386777614,0.558995076826398,unsafe_touchdown
1934,93,-11.1836492545288,0,111,-0.0155271375853074,0.0647081386777614,0.558995076826398,unsafe_touchdown
1935,93,-10.4951224950534,0,99,-0.0155271375853074,0.0647081386777614,0.558995076826398,unsafe_touchdown
1936,93,-9.71006871023566,0,116,-0.0155271375853074,0.0647081386777614,0.558995076826398,unsafe_touchdown
1937,93,-8.64643370502656,0,140,-0.0155271375853074,0.0647081386777614,0.558995076826398,unsafe_touchdown
1938,93,-7.94472996843018,0,100,-0.0155271375853074,0.0647081386777614,0.558995076826398,unsafe_touchdown
1939,93,-9.30989900206801,0,81,-0.0155271375853074,0.0647081386777614,0.558995076826398,unsafe_touchdown
1940,93,-10.5465731260868,0,103,-0.0155271375853074,0.0647081386777614,0.558995076826398,unsafe_touchdown
1941,93,-7.8795428701053,0,85,-0.0155271375853074,0.0647081386777614,0.558995076826398,unsafe_touchdown
1942,93,-9.71071854973803,0,144,-0.0155271375853074,0.0647081386777614,0.558995076826398,unsafe_touchdown
1943,94,-9.83894448114027,0,88,-0.0119632172851607,0.0637693041159951,0.558965220959575,unsafe_touchdown
1944,94,-10.2016512573165,0,121,-0.0119632172851607,0.0637693041159951,0.558965220959575,unsafe_touchdown
1945,94,-9.51816188858574,0,94,-0.0119632172851607,0.0637693041159951,0.558965220959575,unsafe_touchdown
1946,94,-6.13318010106167,0,106,-0.0119632172851607,0.0637693041159951,0.558965220959575,unsafe_touchdown
1947,94,-10.741440376142,0,89,-0.0119632172851607,0.0637693041159951,0.558965220959575,unsafe_touchdown
1948,94,-10.485262127574,0,100,-0.0119632172851607,0.0637693041159951,0.558965220959575,unsafe_touchdown
1949,94,-8.39008553611375,0,89,-0.0119632172851607,0.0637693041159951,0.558965220959575,unsafe_touchdown
1950,94,-10.3867475075216,0,106,-0.0119632172851607,0.0637693041159951,0.558965220959575,unsafe_touchdown
1951,94,-9.46412052885975,0,92,-0.0119632172851607,0.0637693041159951,0.558965220959575,unsafe_touchdown
1952,94,-8.71545070906543,0,93,-0.0119632172851607,0.0637693041159951,0.558965220959575,unsafe_touchdown
1953,94,-9.27098101829218,0,77,-0.0119632172851607,0.0637693041159951,0.558965220959575,unsafe_touchdown
1954,94,-11.8443870923595,0,92,-0.0119632172851607,0.0637693041159951,0.558965220959575,unsafe_touchdown
1955,94,-9.99676395970667,0,101,-0.0119632172851607,0.0637693041159951,0.558965220959575,unsafe_touchdown
1956,94,-11.0861070855657,0,98,-0.0119632172851607,0.0637693041159951,0.558965220959575,unsafe_touchdown
1957,94,-8.58804115038335,0,81,-0.0119632172851607,0.0637693041159951,0.558965220959575,unsafe_touchdown
1958,94,-10.0346623608258,0,89,-0.0119632172851607,0.0637693041159951,0.558965220959575,unsafe_touchdown
1959,94,-9.07299064234833,0,84,-0.0119632172851607,0.0637693041159951,0.558965220959575,unsafe_touchdown
1960,94,-8.19660867310452,0,96,-0.0119632172851607,0.0637693041159951,0.558965220959575,unsafe_touchdown
1961,94,-10.0379074027865,0,140,-0.0119632172851607,0.0637693041159951,0.558965220959575,unsafe_touchdown
1962,94,-9.35005800031197,0,93,-0.0119632172851607,0.0637693041159951,0.558965220959575,unsafe_touchdown
1963,94,-8.77905340735905,0,80,-0.0119632172851607,0.0637693041159951,0.558965220959575,unsafe_touchdown
1964,94,-9.51766076747718,0,81,-0.0119632172851607,0.0637693041159951,0.558965220959575,unsafe_touchdown
1965,95,-9.57796698954339,0,97,-0.0136828729602724,0.0789200669999637,0.559140025188699,unsafe_touchdown
1966,95,-8.79009281606946,0,86,-0.0136828729602724,0.0789200669999637,0.559140025188699,unsafe_touchdown
1967,95,-9.26215397816421,0,103,-0.0136828729602724,0.0789200669999637,0.559140025188699,unsafe_touchdown
1968,95,-9.86445702297323,0,98,-0.0136828729602724,0.0789200669999637,0.559140025188699,unsafe_touchdown
1969,95,-9.56478174350018,0,225,-0.0136828729602724,0.0789200669999637,0.559140025188699,flight_failure
1970,95,-10.4696516880757,0,83,-0.0136828729602724,0.0789200669999637,0.559140025188699,unsafe_touchdown
1971,95,-9.03827101270869,0,103,-0.0136828729602724,0.0789200669999637,0.559140025188699,unsafe_touchdown
1972,95,-10.3135663287955,0,111,-0.0136828729602724,0.0789200669999637,0.559140025188699,unsafe_touchdown
1973,95,-8.45978055417133,0,91,-0.0136828729602724,0.0789200669999637,0.559140025188699,unsafe_touchdown
1974,95,-8.94974910564561,0,87,-0.0136828729602724,0.0789200669999637,0.559140025188699,unsafe_touchdown
1975,95,-8.37523258909961,0,88,-0.0136828729602724,0.0789200669999637,0.559140025188699,unsafe_touchdown
1976,95,-9.85510176260676,0,90,-0.0136828729602724,0.0789200669999637,0.559140025188699,unsafe_touchdown
1977,95,-8.00581670695645,0,95,-0.0136828729602724,0.0789200669999637,0.559140025188699,unsafe_touchdown
1978,95,-9.9824468445326,0,97,-0.0136828729602724,0.0789200669999637,0.559140025188699,unsafe_touchdown
1979,95,-10.9145077439302,0,96,-0.0136828729602724,0.0789200669999637,0.559140025188699,unsafe_touchdown
1980,95,-10.1199506850071,0,105,-0.0136828729602724,0.0789200669999637,0.559140025188699,unsafe_touchdown
1981,95,-8.22470831157951,0,123,-0.0136828729602724,0.0789200669999637,0.559140025188699,unsafe_touchdown
1982,95,-8.76057454428449,0,99,-0.0136828729602724,0.0789200669999637,0.559140025188699,unsafe_touchdown
1983,95,-9.83371190850274,0,80,-0.0136828729602724,0.0789200669999637,0.559140025188699,unsafe_touchdown
1984,95,-8.5180212006022,0,83,-0.0136828729602724,0.0789200669999637,0.559140025188699,unsafe_touchdown
1985,95,-10.9387593955602,0,115,-0.0136828729602724,0.0789200669999637,0.559140025188699,unsafe_touchdown
1986,96,-8.66488805684969,0,113,-0.0148975470180027,0.0563932005506912,0.558683940393807,unsafe_touchdown
1987,96,-8.44693606231221,0,96,-0.0148975470180027,0.0563932005506912,0.558683940393807,unsafe_touchdown
1988,96,-8.64929755822748,0,98,-0.0148975470180027,0.0563932005506912,0.558683940393807,unsafe_touchdown
1989,96,-6.12692060051228,0,98,-0.0148975470180027,0.0563932005506912,0.558683940393807,unsafe_touchdown
1990,96,-8.60841000531452,0,110,-0.0148975470180027,0.0563932005506912,0.558683940393807,unsafe_touchdown
1991,96,-8.616303546485,0,95,-0.0148975470180027,0.0563932005506912,0.558683940393807,unsafe_touchdown
1992,96,-9.67614269155249,0,191,-0.0148975470180027,0.0563932005506912,0.558683940393807,flight_failure
1993,96,-9.11997133699257,0,94,-0.0148975470180027,0.0563932005506912,0.558683940393807,unsafe_touchdown
1994,96,-9.66122456868744,0,73,-0.0148975470180027,0.0563932005506912,0.558683940393807,unsafe_touchdown
1995,96,-9.0332929642033,0,79,-0.0148975470180027,0.0563932005506912,0.558683940393807,unsafe_touchdown
1996,96,-9.02403057628851,0,79,-0.0148975470180027,0.0563932005506912,0.558683940393807,unsafe_touchdown
1997,96,-9.42865324388355,0,89,-0.0148975470180027,0.0563932005506912,0.558683940393807,unsafe_touchdown
1998,96,-9.02817973970481,0,110,-0.0148975470180027,0.0563932005506912,0.558683940393807,unsafe_touchdown
1999,96,-9.52557458600133,0,115,-0.0148975470180027,0.0563932005506912,0.558683940393807,unsafe_touchdown
2000,96,-10.332745471452,0,103,-0.0148975470180027,0.0563932005506912,0.558683940393807,unsafe_touchdown
2001,96,-11.7052508218041,0,97,-0.0148975470180027,0.0563932005506912,0.558683940393807,unsafe_touchdown
2002,96,-8.88517576152243,0,102,-0.0148975470180027,0.0563932005506912,0.558683940393807,unsafe_touchdown
2003,96,-8.5714433100714,0,220,-0.0148975470180027,0.0563932005506912,0.558683940393807,flight_failure
2004,96,-10.3875420669202,0,108,-0.0148975470180027,0.0563932005506912,0.558683940393807,unsafe_touchdown
2005,97,-8.56297845924268,0,88,-0.0080291869231858,0.0461598392723753,0.55958535421187,unsafe_touchdown
2006,97,-9.90855061359138,0,109,-0.0080291869231858,0.0461598392723753,0.55958535421187,unsafe_touchdown
2007,97,-11.094123547395,0,84,-0.0080291869231858,0.0461598392723753,0.55958535421187,unsafe_touchdown
2008,97,-7.75432570255598,0,103,-0.0080291869231858,0.0461598392723753,0.55958535421187,unsafe_touchdown
2009,97,-9.33137722334607,0,118,-0.0080291869231858,0.0461598392723753,0.55958535421187,unsafe_touchdown
2010,97,-8.54447251474061,0,90,-0.0080291869231858,0.0461598392723753,0.55958535421187,unsafe_touchdown
2011,97,-8.33643258544328,0,271,-0.0080291869231858,0.0461598392723753,0.55958535421187,flight_failure
2012,97,-8.92150152760387,0,85,-0.0080291869231858,0.0461598392723753,0.55958535421187,unsafe_touchdown
2013,97,-8.79373847065957,0,93,-0.0080291869231858,0.0461598392723753,0.55958535421187,unsafe_touchdown
2014,97,-8.9071880302178,0,79,-0.0080291869231858,0.0461598392723753,0.55958535421187,unsafe_touchdown
2015,97,-9.72152506970848,0,184,-0.0080291869231858,0.0461598392723753,0.55958535421187,flight_failure
2016,97,-11.3673531122042,0,116,-0.0080291869231858,0.0461598392723753,0.55958535421187,unsafe_touchdown
2017,97,-8.03981629552483,0,88,-0.0080291869231858,0.0461598392723753,0.55958535421187,unsafe_touchdown
2018,97,-9.51976906298261,0,87,-0.0080291869231858,0.0461598392723753,0.55958535421187,unsafe_touchdown
2019,97,-10.0932725406754,0,100,-0.0080291869231858,0.0461598392723753,0.55958535421187,unsafe_touchdown
2020,97,-9.35059410864981,0,83,-0.0080291869231858,0.0461598392723753,0.55958535421187,unsafe_touchdown
2021,97,-12.0579172542819,0,110,-0.0080291869231858,0.0461598392723753,0.55958535421187,unsafe_touchdown
2022,97,-9.17479688058451,0,98,-0.0080291869231858,0.0461598392723753,0.55958535421187,unsafe_touchdown
2023,97,-9.08063609164577,0,81,-0.0080291869231858,0.0461598392723753,0.55958535421187,unsafe_touchdown
2024,98,-8.63201948372956,0,81,-0.0168243032068362,0.0580180682666941,0.558879502031548,unsafe_touchdown
2025,98,-8.26964452230569,0,229,-0.0168243032068362,0.0580180682666941,0.558879502031548,flight_failure
2026,98,-9.41582882230392,0,136,-0.0168243032068362,0.0580180682666941,0.558879502031548,unsafe_touchdown
2027,98,-9.59481216280986,0,103,-0.0168243032068362,0.0580180682666941,0.558879502031548,unsafe_touchdown
2028,98,-8.1998640988965,0,91,-0.0168243032068362,0.0580180682666941,0.558879502031548,unsafe_touchdown
2029,98,-9.30709361080529,0,118,-0.0168243032068362,0.0580180682666941,0.558879502031548,unsafe_touchdown
2030,98,-8.70576666263697,0,85,-0.0168243032068362,0.0580180682666941,0.558879502031548,unsafe_touchdown
2031,98,-9.13684873340475,0,100,-0.0168243032068362,0.0580180682666941,0.558879502031548,unsafe_touchdown
2032,98,-9.98715442877967,0,119,-0.0168243032068362,0.0580180682666941,0.558879502031548,unsafe_touchdown
2033,98,-8.52945076149314,0,99,-0.0168243032068362,0.0580180682666941,0.558879502031548,unsafe_touchdown
2034,98,-9.0403755724199,0,92,-0.0168243032068362,0.0580180682666941,0.558879502031548,unsafe_touchdown
2035,98,-9.19981216248662,0,105,-0.0168243032068362,0.0580180682666941,0.558879502031548,unsafe_touchdown
2036,98,-8.30038426735332,0,227,-0.0168243032068362,0.0580180682666941,0.558879502031548,flight_failure
2037,98,-10.6910820083268,0,95,-0.0168243032068362,0.0580180682666941,0.558879502031548,unsafe_touchdown
2038,98,-9.9814268419704,0,81,-0.0168243032068362,0.0580180682666941,0.558879502031548,unsafe_touchdown
2039,98,-11.9120810626527,0,93,-0.0168243032068362,0.0580180682666941,0.558879502031548,unsafe_touchdown
2040,98,-9.45873941378222,0,94,-0.0168243032068362,0.0580180682666941,0.558879502031548,unsafe_touchdown
2041,98,-8.07037878101593,0,177,-0.0168243032068362,0.0580180682666941,0.558879502031548,flight_failure
2042,99,-10.481616464728,0,225,-0.00988312838519594,0.0675474955403056,0.556672776935035,flight_failure
2043,99,-10.2307351970491,0,499,-0.00988312838519594,0.0675474955403056,0.556672776935035,flight_failure
2044,99,-11.3224518613321,0,145,-0.00988312838519594,0.0675474955403056,0.556672776935035,unsafe_touchdown
2045,99,-6.58424767762517,0,97,-0.00988312838519594,0.0675474955403056,0.556672776935035,unsafe_touchdown
2046,99,-9.81133029980491,0,99,-0.00988312838519594,0.0675474955403056,0.556672776935035,unsafe_touchdown
2047,99,-8.88529581244022,0,87,-0.00988312838519594,0.0675474955403056,0.556672776935035,unsafe_touchdown
2048,99,-11.2261963338636,0,99,-0.00988312838519594,0.0675474955403056,0.556672776935035,unsafe_touchdown
2049,99,-8.2864096917083,0,100,-0.00988312838519594,0.0675474955403056,0.556672776935035,unsafe_touchdown
2050,99,-9.13335946928604,0,88,-0.00988312838519594,0.0675474955403056,0.556672776935035,unsafe_touchdown
2051,99,-8.41898132467315,0,113,-0.00988312838519594,0.0675474955403056,0.556672776935035,unsafe_touchdown
2052,99,-10.1195991922279,0,114,-0.00988312838519594,0.0675474955403056,0.556672776935035,unsafe_touchdown
2053,99,-7.92325222178614,0,91,-0.00988312838519594,0.0675474955403056,0.556672776935035,unsafe_touchdown
2054,99,-8.64704928377204,0,97,-0.00988312838519594,0.0675474955403056,0.556672776935035,unsafe_touchdown
2055,99,-9.06886089530683,0,112,-0.00988312838519594,0.0675474955403056,0.556672776935035,unsafe_touchdown
2056,99,-9.81878743562849,0,484,-0.00988312838519594,0.0675474955403056,0.556672776935035,unsafe_touchdown
2057,100,-9.51374748642622,0,76,-0.0125558578406175,0.0440676944562319,0.555358111930805,unsafe_touchdown
2058,100,-9.67280091298679,0,251,-0.0125558578406175,0.0440676944562319,0.555358111930805,flight_failure
2059,100,-8.7344022385783,0,93,-0.0125558578406175,0.0440676944562319,0.555358111930805,unsafe_touchdown
2060,100,-8.82124021045489,0,93,-0.0125558578406175,0.0440676944562319,0.555358111930805,unsafe_touchdown
2061,100,-9.07782827324149,0,94,-0.0125558578406175,0.0440676944562319,0.555358111930805,unsafe_touchdown
2062,100,-9.20188475593131,0,138,-0.0125558578406175,0.0440676944562319,0.555358111930805,unsafe_touchdown
2063,100,-9.57638166438734,0,93,-0.0125558578406175,0.0440676944562319,0.555358111930805,unsafe_touchdown
2064,100,-9.05260201599503,0,85,-0.0125558578406175,0.0440676944562319,0.555358111930805,unsafe_touchdown
2065,100,-8.20302385728118,0,96,-0.0125558578406175,0.0440676944562319,0.555358111930805,unsafe_touchdown
2066,100,-10.7038123084916,0,99,-0.0125558578406175,0.0440676944562319,0.555358111930805,unsafe_touchdown
2067,100,-8.14116907395998,0,94,-0.0125558578406175,0.0440676944562319,0.555358111930805,unsafe_touchdown
2068,100,-8.8257367586983,0,102,-0.0125558578406175,0.0440676944562319,0.555358111930805,unsafe_touchdown
2069,100,-10.1455095174175,0,99,-0.0125558578406175,0.0440676944562319,0.555358111930805,unsafe_touchdown
2070,100,-11.1292378698869,0,103,-0.0125558578406175,0.0440676944562319,0.555358111930805,unsafe_touchdown
2071,100,-9.66152202922278,0,82,-0.0125558578406175,0.0440676944562319,0.555358111930805,unsafe_touchdown
2072,100,-9.21403449838194,0,81,-0.0125558578406175,0.0440676944562319,0.555358111930805,unsafe_touchdown
2073,100,-8.48995627216062,0,90,-0.0125558578406175,0.0440676944562319,0.555358111930805,unsafe_touchdown
2074,100,-9.69034797999876,0,81,-0.0125558578406175,0.0440676944562319,0.555358111930805,unsafe_touchdown
2075,100,-9.9112558717587,0,78,-0.0125558578406175,0.0440676944562319,0.555358111930805,unsafe_touchdown
2076,100,-8.54054668485009,0,120,-0.0125558578406175,0.0440676944562319,0.555358111930805,unsafe_touchdown
2077,101,-10.4371631027128,0,124,-0.0161778767626364,0.0582073642841122,0.555841349998854,unsafe_touchdown
2078,101,-8.60634820123394,0,109,-0.0161778767626364,0.0582073642841122,0.555841349998854,unsafe_touchdown
2079,101,-8.77291359641931,0,110,-0.0161778767626364,0.0582073642841122,0.555841349998854,unsafe_touchdown
2080,101,-9.1181578491522,0,90,-0.0161778767626364,0.0582073642841122,0.555841349998854,unsafe_touchdown
2081,101,-10.3404506088415,0,93,-0.0161778767626364,0.0582073642841122,0.555841349998854,unsafe_touchdown
2082,101,-9.01382439119177,0,283,-0.0161778767626364,0.0582073642841122,0.555841349998854,flight_failure
2083,101,-9.46563356185629,0,116,-0.0161778767626364,0.0582073642841122,0.555841349998854,unsafe_touchdown
2084,101,-9.47501903506015,0,115,-0.0161778767626364,0.0582073642841122,0.555841349998854,unsafe_touchdown
2085,101,-9.77987164031251,0,102,-0.0161778767626364,0.0582073642841122,0.555841349998854,unsafe_touchdown
2086,101,-8.63127523748456,0,99,-0.0161778767626364,0.0582073642841122,0.555841349998854,unsafe_touchdown
2087,101,-7.59472233686198,0,92,-0.0161778767626364,0.0582073642841122,0.555841349998854,unsafe_touchdown
2088,101,-9.38132664573517,0,86,-0.0161778767626364,0.0582073642841122,0.555841349998854,unsafe_touchdown
2089,101,-9.47856632901493,0,95,-0.0161778767626364,0.0582073642841122,0.555841349998854,unsafe_touchdown
2090,101,-7.92577354140815,0,94,-0.0161778767626364,0.0582073642841122,0.555841349998854,unsafe_touchdown
2091,101,-10.8532649508257,0,87,-0.0161778767626364,0.0582073642841122,0.555841349998854,unsafe_touchdown
2092,101,-10.6995213948501,0,85,-0.0161778767626364,0.0582073642841122,0.555841349998854,unsafe_touchdown
2093,101,-11.0626111590636,0,115,-0.0161778767626364,0.0582073642841122,0.555841349998854,unsafe_touchdown
2094,101,-9.03462315341314,0,96,-0.0161778767626364,0.0582073642841122,0.555841349998854,unsafe_touchdown
2095,101,-8.89474736173821,0,102,-0.0161778767626364,0.0582073642841122,0.555841349998854,unsafe_touchdown
2096,102,-10.368676375855,0,84,-0.0131720062667505,0.0410824168503009,0.554960048247235,unsafe_touchdown
2097,102,-9.44119361402231,0,101,-0.0131720062667505,0.0410824168503009,0.554960048247235,unsafe_touchdown
2098,102,-9.06777516269988,0,81,-0.0131720062667505,0.0410824168503009,0.554960048247235,unsafe_touchdown
2099,102,-10.9218066908409,0,98,-0.0131720062667505,0.0410824168503009,0.554960048247235,unsafe_touchdown
2100,102,-8.29017822616973,0,90,-0.0131720062667505,0.0410824168503009,0.554960048247235,unsafe_touchdown
2101,102,-9.93657146628652,0,100,-0.0131720062667505,0.0410824168503009,0.554960048247235,unsafe_touchdown
2102,102,-8.33256224371178,0,80,-0.0131720062667505,0.0410824168503009,0.554960048247235,unsafe_touchdown
2103,102,-8.42711684389378,0,98,-0.0131720062667505,0.0410824168503009,0.554960048247235,unsafe_touchdown
2104,102,-8.71118291163097,0,107,-0.0131720062667505,0.0410824168503009,0.554960048247235,unsafe_touchdown
2105,102,-9.23479459279108,0,81,-0.0131720062667505,0.0410824168503009,0.554960048247235,unsafe_touchdown
2106,102,-8.39782196529283,0,74,-0.0131720062667505,0.0410824168503009,0.554960048247235,unsafe_touchdown
2107,102,-8.38139024005348,0,109,-0.0131720062667505,0.0410824168503009,0.554960048247235,unsafe_touchdown
2108,102,-10.5875533983851,0,90,-0.0131720062667505,0.0410824168503009,0.554960048247235,unsafe_touchdown
2109,102,-9.97199761877619,0,81,-0.0131720062667505,0.0410824168503009,0.554960048247235,unsafe_touchdown
2110,102,-7.38395606063542,0,93,-0.0131720062667505,0.0410824168503009,0.554960048247235,unsafe_touchdown
2111,102,-9.42497801726176,0,100,-0.0131720062667505,0.0410824168503009,0.554960048247235,unsafe_touchdown
2112,102,-9.13375797579132,0,91,-0.0131720062667505,0.0410824168503009,0.554960048247235,unsafe_touchdown
2113,102,-9.35289699191945,0,95,-0.0131720062667505,0.0410824168503009,0.554960048247235,unsafe_touchdown
2114,102,-8.68247870909084,0,99,-0.0131720062667505,0.0410824168503009,0.554960048247235,unsafe_touchdown
2115,102,-7.89096869930073,0,83,-0.0131720062667505,0.0410824168503009,0.554960048247235,unsafe_touchdown
2116,102,-8.27776927127947,0,90,-0.0131720062667505,0.0410824168503009,0.554960048247235,unsafe_touchdown
2117,102,-7.27743620322519,0,214,-0.0131720062667505,0.0410824168503009,0.554960048247235,flight_failure
2118,103,-7.83206284053817,0,82,-0.0130555153780076,0.0438755021868502,0.553686075071459,unsafe_touchdown
2119,103,-7.85746954655199,0,107,-0.0130555153780076,0.0438755021868502,0.553686075071459,unsafe_touchdown
2120,103,-9.35245908728452,0,102,-0.0130555153780076,0.0438755021868502,0.553686075071459,unsafe_touchdown
2121,103,-10.0515901231055,0,98,-0.0130555153780076,0.0438755021868502,0.553686075071459,unsafe_touchdown
2122,103,-7.93275543556241,0,92,-0.0130555153780076,0.0438755021868502,0.553686075071459,unsafe_touchdown
2123,103,-9.60407925949237,0,90,-0.0130555153780076,0.0438755021868502,0.553686075071459,unsafe_touchdown
2124,103,-8.14694164386651,0,90,-0.0130555153780076,0.0438755021868502,0.553686075071459,unsafe_touchdown
2125,103,-9.14171549491737,0,99,-0.0130555153780076,0.0438755021868502,0.553686075071459,unsafe_touchdown
2126,103,-11.2155289771575,0,249,-0.0130555153780076,0.0438755021868502,0.553686075071459,flight_failure
2127,103,-9.23382342396534,0,78,-0.0130555153780076,0.0438755021868502,0.553686075071459,unsafe_touchdown
2128,103,-9.50136967183459,0,94,-0.0130555153780076,0.0438755021868502,0.553686075071459,unsafe_touchdown
2129,103,-8.31994366512341,0,104,-0.0130555153780076,0.0438755021868502,0.553686075071459,unsafe_touchdown
2130,103,-9.78100495519719,0,114,-0.0130555153780076,0.0438755021868502,0.553686075071459,unsafe_touchdown
2131,103,-8.79326955751512,0,115,-0.0130555153780076,0.0438755021868502,0.553686075071459,unsafe_touchdown
2132,103,-9.10975785235314,0,119,-0.0130555153780076,0.0438755021868502,0.553686075071459,unsafe_touchdown
2133,103,-10.149644947187,0,81,-0.0130555153780076,0.0438755021868502,0.553686075071459,unsafe_touchdown
2134,103,-10.2165331671256,0,96,-0.0130555153780076,0.0438755021868502,0.553686075071459,unsafe_touchdown
2135,103,-10.6598474697805,0,106,-0.0130555153780076,0.0438755021868502,0.553686075071459,unsafe_touchdown
2136,103,-8.86891746032099,0,108,-0.0130555153780076,0.0438755021868502,0.553686075071459,unsafe_touchdown
2137,103,-7.2286726376595,0,86,-0.0130555153780076,0.0438755021868502,0.553686075071459,unsafe_touchdown
2138,104,-10.3648523858572,0,95,-0.0119797466037958,0.067626922075886,0.55409761041078,unsafe_touchdown
2139,104,-9.28978869126965,0,99,-0.0119797466037958,0.067626922075886,0.55409761041078,unsafe_touchdown
2140,104,-8.34428696947367,0,85,-0.0119797466037958,0.067626922075886,0.55409761041078,unsafe_touchdown
2141,104,-8.20791076495071,0,106,-0.0119797466037958,0.067626922075886,0.55409761041078,unsafe_touchdown
2142,104,-8.2638565428436,0,128,-0.0119797466037958,0.067626922075886,0.55409761041078,unsafe_touchdown
2143,104,-9.60524100109413,0,102,-0.0119797466037958,0.067626922075886,0.55409761041078,unsafe_touchdown
2144,104,-11.8321154943835,0,109,-0.0119797466037958,0.067626922075886,0.55409761041078,unsafe_touchdown
2145,104,-9.12931088546747,0,193,-0.0119797466037958,0.067626922075886,0.55409761041078,flight_failure
2146,104,-9.6494844233533,0,103,-0.0119797466037958,0.067626922075886,0.55409761041078,unsafe_touchdown
2147,104,-10.3337352255287,0,83,-0.0119797466037958,0.067626922075886,0.55409761041078,unsafe_touchdown
2148,104,-11.3754254826285,0,110,-0.0119797466037958,0.067626922075886,0.55409761041078,unsafe_touchdown
2149,104,-8.10745623479072,0,88,-0.0119797466037958,0.067626922075886,0.55409761041078,unsafe_touchdown
2150,104,-10.7866648494084,0,82,-0.0119797466037958,0.067626922075886,0.55409761041078,unsafe_touchdown
2151,104,-10.9377601281176,0,85,-0.0119797466037958,0.067626922075886,0.55409761041078,unsafe_touchdown
2152,104,-9.49312546839274,0,100,-0.0119797466037958,0.067626922075886,0.55409761041078,unsafe_touchdown
2153,104,-9.3551717195327,0,87,-0.0119797466037958,0.067626922075886,0.55409761041078,unsafe_touchdown
2154,104,-10.1449977157265,0,95,-0.0119797466037958,0.067626922075886,0.55409761041078,unsafe_touchdown
2155,104,-10.3558904100782,0,82,-0.0119797466037958,0.067626922075886,0.55409761041078,unsafe_touchdown
2156,104,-9.20927972175051,0,105,-0.0119797466037958,0.067626922075886,0.55409761041078,unsafe_touchdown
2157,104,-10.4505354909899,0,408,-0.0119797466037958,0.067626922075886,0.55409761041078,unsafe_touchdown
2158,105,-9.80312244756634,0,89,-0.0142665995646502,0.0431330924702637,0.553262174807573,unsafe_touchdown
2159,105,-8.58302585623174,0,86,-0.0142665995646502,0.0431330924702637,0.553262174807573,unsafe_touchdown
2160,105,-9.79013740371992,0,211,-0.0142665995646502,0.0431330924702637,0.553262174807573,flight_failure
2161,105,-9.17034716160082,0,112,-0.0142665995646502,0.0431330924702637,0.553262174807573,unsafe_touchdown
2162,105,-8.29638847299404,0,125,-0.0142665995646502,0.0431330924702637,0.553262174807573,unsafe_touchdown
2163,105,-9.07976904463647,0,104,-0.0142665995646502,0.0431330924702637,0.553262174807573,unsafe_touchdown
2164,105,-9.43598795349825,0,92,-0.0142665995646502,0.0431330924702637,0.553262174807573,unsafe_touchdown
2165,105,-9.24643488249345,0,111,-0.0142665995646502,0.0431330924702637,0.553262174807573,unsafe_touchdown
2166,105,-10.4927941175292,0,75,-0.0142665995646502,0.0431330924702637,0.553262174807573,unsafe_touchdown
2167,105,-8.94487541963206,0,90,-0.0142665995646502,0.0431330924702637,0.553262174807573,unsafe_touchdown
2168,105,-7.31698114463384,0,88,-0.0142665995646502,0.0431330924702637,0.553262174807573,unsafe_touchdown
2169,105,-7.74616937508436,0,105,-0.0142665995646502,0.0431330924702637,0.553262174807573,unsafe_touchdown
2170,105,-11.3191898802373,0,107,-0.0142665995646502,0.0431330924702637,0.553262174807573,unsafe_touchdown
2171,105,-8.94144077315656,0,98,-0.0142665995646502,0.0431330924702637,0.553262174807573,unsafe_touchdown
2172,105,-8.43429771468794,0,100,-0.0142665995646502,0.0431330924702637,0.553262174807573,unsafe_touchdown
2173,105,-8.22610683401864,0,101,-0.0142665995646502,0.0431330924702637,0.553262174807573,unsafe_touchdown
2174,105,-8.65298017114773,0,93,-0.0142665995646502,0.0431330924702637,0.553262174807573,unsafe_touchdown
2175,105,-9.73420776647102,0,113,-0.0142665995646502,0.0431330924702637,0.553262174807573,unsafe_touchdown
2176,105,-9.21025519376937,0,86,-0.0142665995646502,0.0431330924702637,0.553262174807573,unsafe_touchdown
2177,105,-9.75480002717491,0,179,-0.0142665995646502,0.0431330924702637,0.553262174807573,flight_failure
2178,106,-7.98321443051328,0,103,-0.0139414428585184,0.0504538209141375,0.553762291766427,unsafe_touchdown
2179,106,-9.66045045315057,0,99,-0.0139414428585184,0.0504538209141375,0.553762291766427,unsafe_touchdown
2180,106,-9.93833170892667,0,94,-0.0139414428585184,0.0504538209141375,0.553762291766427,unsafe_touchdown
2181,106,-9.31496682484411,0,265,-0.0139414428585184,0.0504538209141375,0.553762291766427,flight_failure
2182,106,-8.53475780236784,0,107,-0.0139414428585184,0.0504538209141375,0.553762291766427,unsafe_touchdown
2183,106,-8.76005285571949,0,81,-0.0139414428585184,0.0504538209141375,0.553762291766427,unsafe_touchdown
2184,106,-8.24345846938366,0,80,-0.0139414428585184,0.0504538209141375,0.553762291766427,unsafe_touchdown
2185,106,-9.59054219884646,0,75,-0.0139414428585184,0.0504538209141375,0.553762291766427,unsafe_touchdown
2186,106,-8.37606424264991,0,83,-0.0139414428585184,0.0504538209141375,0.553762291766427,unsafe_touchdown
2187,106,-11.2530943085165,0,128,-0.0139414428585184,0.0504538209141375,0.553762291766427,unsafe_touchdown
2188,106,-9.64425179155012,0,79,-0.0139414428585184,0.0504538209141375,0.553762291766427,unsafe_touchdown
2189,106,-8.65811931789281,0,94,-0.0139414428585184,0.0504538209141375,0.553762291766427,unsafe_touchdown
2190,106,-12.2062144053266,0,114,-0.0139414428585184,0.0504538209141375,0.553762291766427,unsafe_touchdown
2191,106,-8.32485247712654,0,125,-0.0139414428585184,0.0504538209141375,0.553762291766427,unsafe_touchdown
2192,106,-8.60252115085168,0,440,-0.0139414428585184,0.0504538209141375,0.553762291766427,flight_failure
2193,106,-8.81146064341007,0,220,-0.0139414428585184,0.0504538209141375,0.553762291766427,flight_failure
2194,107,-9.93986939471652,0,102,-0.0170960953314451,0.0557901422814265,0.555119275698039,unsafe_touchdown
2195,107,-9.27641755400622,0,155,-0.0170960953314451,0.0557901422814265,0.555119275698039,unsafe_touchdown
2196,107,-10.1695368909861,0,84,-0.0170960953314451,0.0557901422814265,0.555119275698039,unsafe_touchdown
2197,107,-10.1282797033075,0,137,-0.0170960953314451,0.0557901422814265,0.555119275698039,unsafe_touchdown
2198,107,-9.61786010016372,0,104,-0.0170960953314451,0.0557901422814265,0.555119275698039,unsafe_touchdown
2199,107,-9.24994255364073,0,94,-0.0170960953314451,0.0557901422814265,0.555119275698039,unsafe_touchdown
2200,107,-9.28954561424398,0,95,-0.0170960953314451,0.0557901422814265,0.555119275698039,unsafe_touchdown
2201,107,-7.97998265770305,0,101,-0.0170960953314451,0.0557901422814265,0.555119275698039,unsafe_touchdown
2202,107,-10.8685121454687,0,293,-0.0170960953314451,0.0557901422814265,0.555119275698039,flight_failure
2203,107,-7.66194799006399,0,103,-0.0170960953314451,0.0557901422814265,0.555119275698039,unsafe_touchdown
2204,107,-9.85514686444051,0,258,-0.0170960953314451,0.0557901422814265,0.555119275698039,flight_failure
2205,107,-8.8756662786698,0,111,-0.0170960953314451,0.0557901422814265,0.555119275698039,unsafe_touchdown
2206,107,-8.38157557350076,0,112,-0.0170960953314451,0.0557901422814265,0.555119275698039,unsafe_touchdown
2207,107,-9.67727152526191,0,132,-0.0170960953314451,0.0557901422814265,0.555119275698039,unsafe_touchdown
2208,107,-10.2532937886826,0,79,-0.0170960953314451,0.0557901422814265,0.555119275698039,unsafe_touchdown
2209,107,-10.2086727285086,0,336,-0.0170960953314451,0.0557901422814265,0.555119275698039,flight_failure
2210,108,-8.54928044441525,0,102,-0.0165741092367338,0.0553270258166247,0.553391911176156,unsafe_touchdown
2211,108,-8.01672353136281,0,95,-0.0165741092367338,0.0553270258166247,0.553391911176156,unsafe_touchdown
2212,108,-10.0887459136823,0,94,-0.0165741092367338,0.0553270258166247,0.553391911176156,unsafe_touchdown
2213,108,-7.6740796588327,0,113,-0.0165741092367338,0.0553270258166247,0.553391911176156,unsafe_touchdown
2214,108,-10.2388328093728,0,90,-0.0165741092367338,0.0553270258166247,0.553391911176156,unsafe_touchdown
2215,108,-9.82577788151135,0,196,-0.0165741092367338,0.0553270258166247,0.553391911176156,flight_failure
2216,108,-8.71303368052986,0,104,-0.0165741092367338,0.0553270258166247,0.553391911176156,unsafe_touchdown
2217,108,-8.34046416155292,0,107,-0.0165741092367338,0.0553270258166247,0.553391911176156,unsafe_touchdown
2218,108,-9.08784185352258,0,83,-0.0165741092367338,0.0553270258166247,0.553391911176156,unsafe_touchdown
2219,108,-9.64773220108795,0,132,-0.0165741092367338,0.0553270258166247,0.553391911176156,unsafe_touchdown
2220,108,-11.4059237382265,0,88,-0.0165741092367338,0.0553270258166247,0.553391911176156,unsafe_touchdown
2221,108,-10.8438417865235,0,90,-0.0165741092367338,0.0553270258166247,0.553391911176156,unsafe_touchdown
2222,108,-9.35417605135956,0,78,-0.0165741092367338,0.0553270258166247,0.553391911176156,unsafe_touchdown
2223,108,-7.55883807197116,0,109,-0.0165741092367338,0.0553270258166247,0.553391911176156,unsafe_touchdown
2224,108,-8.96769720758812,0,120,-0.0165741092367338,0.0553270258166247,0.553391911176156,unsafe_touchdown
2225,108,-9.3775581788223,0,95,-0.0165741092367338,0.0553270258166247,0.553391911176156,unsafe_touchdown
2226,108,-8.35614319714976,0,113,-0.0165741092367338,0.0553270258166247,0.553391911176156,unsafe_touchdown
2227,108,-7.86855869589327,0,85,-0.0165741092367338,0.0553270258166247,0.553391911176156,unsafe_touchdown
2228,108,-8.60788667275537,0,91,-0.0165741092367338,0.0553270258166247,0.553391911176156,unsafe_touchdown
2229,108,-9.14426282534548,0,102,-0.0165741092367338,0.0553270258166247,0.553391911176156,unsafe_touchdown
2230,109,-8.132247827249,0,75,-0.0191051816298793,0.0442333444229217,0.553637521100683,unsafe_touchdown
2231,109,-9.42155791406642,0,127,-0.0191051816298793,0.0442333444229217,0.553637521100683,unsafe_touchdown
2232,109,-8.89137580433773,0,92,-0.0191051816298793,0.0442333444229217,0.553637521100683,unsafe_touchdown
2233,109,-10.2666159229324,0,89,-0.0191051816298793,0.0442333444229217,0.553637521100683,unsafe_touchdown
2234,109,-7.23309601872556,0,94,-0.0191051816298793,0.0442333444229217,0.553637521100683,unsafe_touchdown
2235,109,-7.92089099612274,0,215,-0.0191051816298793,0.0442333444229217,0.553637521100683,flight_failure
2236,109,-7.91091275463675,0,227,-0.0191051816298793,0.0442333444229217,0.553637521100683,flight_failure
2237,109,-8.88368110336466,0,364,-0.0191051816298793,0.0442333444229217,0.553637521100683,flight_failure
2238,109,-11.3211352042327,0,93,-0.0191051816298793,0.0442333444229217,0.553637521100683,unsafe_touchdown
2239,109,-8.13409993427946,0,130,-0.0191051816298793,0.0442333444229217,0.553637521100683,unsafe_touchdown
2240,109,-8.19220881574224,0,76,-0.0191051816298793,0.0442333444229217,0.553637521100683,unsafe_touchdown
2241,109,-9.87259325156683,0,80,-0.0191051816298793,0.0442333444229217,0.553637521100683,unsafe_touchdown
2242,109,-9.56837099825321,0,208,-0.0191051816298793,0.0442333444229217,0.553637521100683,flight_failure
2243,109,-9.48143357155016,0,92,-0.0191051816298793,0.0442333444229217,0.553637521100683,unsafe_touchdown
2244,109,-9.3749359028175,0,92,-0.0191051816298793,0.0442333444229217,0.553637521100683,unsafe_touchdown
2245,110,-9.34855169710486,0,97,-0.0160828322742173,0.0787209571993315,0.553147408113792,unsafe_touchdown
2246,110,-9.2413176335847,0,109,-0.0160828322742173,0.0787209571993315,0.553147408113792,unsafe_touchdown
2247,110,-8.7984083980564,0,88,-0.0160828322742173,0.0787209571993315,0.553147408113792,unsafe_touchdown
2248,110,-10.4896632411373,0,125,-0.0160828322742173,0.0787209571993315,0.553147408113792,unsafe_touchdown
2249,110,-9.47920076557442,0,145,-0.0160828322742173,0.0787209571993315,0.553147408113792,unsafe_touchdown
2250,110,-8.71873950129585,0,96,-0.0160828322742173,0.0787209571993315,0.553147408113792,unsafe_touchdown
2251,110,-9.50993684996192,0,137,-0.0160828322742173,0.0787209571993315,0.553147408113792,unsafe_touchdown
2252,110,-9.6285890324555,0,87,-0.0160828322742173,0.0787209571993315,0.553147408113792,unsafe_touchdown
2253,110,-8.95769795517305,0,118,-0.0160828322742173,0.0787209571993315,0.553147408113792,unsafe_touchdown
2254,110,-8.53636050128677,0,86,-0.0160828322742173,0.0787209571993315,0.553147408113792,unsafe_touchdown
2255,110,-11.6440968724413,0,284,-0.0160828322742173,0.0787209571993315,0.553147408113792,flight_failure
2256,110,-10.8566210623347,0,86,-0.0160828322742173,0.0787209571993315,0.553147408113792,unsafe_touchdown
2257,110,-9.53790595272029,0,94,-0.0160828322742173,0.0787209571993315,0.553147408113792,unsafe_touchdown
2258,110,-12.05880002637,0,85,-0.0160828322742173,0.0787209571993315,0.553147408113792,unsafe_touchdown
2259,110,-12.2951089123603,0,97,-0.0160828322742173,0.0787209571993315,0.553147408113792,unsafe_touchdown
2260,110,-9.38797901074557,0,104,-0.0160828322742173,0.0787209571993315,0.553147408113792,unsafe_touchdown
2261,110,-10.7820253546345,0,73,-0.0160828322742173,0.0787209571993315,0.553147408113792,unsafe_touchdown
2262,110,-9.12720543507844,0,94,-0.0160828322742173,0.0787209571993315,0.553147408113792,unsafe_touchdown
2263,110,-9.1510862807231,0,312,-0.0160828322742173,0.0787209571993315,0.553147408113792,flight_failure
2264,111,-8.73997238872061,0,93,-0.019718846171093,0.0745256240747475,0.553680345963697,unsafe_touchdown
2265,111,-9.51532254388976,0,103,-0.019718846171093,0.0745256240747475,0.553680345963697,unsafe_touchdown
2266,111,-10.8401548530179,0,111,-0.019718846171093,0.0745256240747475,0.553680345963697,unsafe_touchdown
2267,111,-9.78435176182283,0,246,-0.019718846171093,0.0745256240747475,0.553680345963697,flight_failure
2268,111,-9.43276580614951,0,81,-0.019718846171093,0.0745256240747475,0.553680345963697,unsafe_touchdown
2269,111,-9.88011902918029,0,138,-0.019718846171093,0.0745256240747475,0.553680345963697,unsafe_touchdown
2270,111,-7.86770235193918,0,104,-0.019718846171093,0.0745256240747475,0.553680345963697,unsafe_touchdown
2271,111,-11.3671696308751,0,108,-0.019718846171093,0.0745256240747475,0.553680345963697,unsafe_touchdown
2272,111,-9.86229472778585,0,118,-0.019718846171093,0.0745256240747475,0.553680345963697,unsafe_touchdown
2273,111,-9.23872833839939,0,116,-0.019718846171093,0.0745256240747475,0.553680345963697,unsafe_touchdown
2274,111,-6.6792166373866,0,90,-0.019718846171093,0.0745256240747475,0.553680345963697,unsafe_touchdown
2275,111,-9.18424856882882,0,108,-0.019718846171093,0.0745256240747475,0.553680345963697,unsafe_touchdown
2276,111,-9.69672846501019,0,104,-0.019718846171093,0.0745256240747475,0.553680345963697,unsafe_touchdown
2277,111,-8.15617272584742,0,79,-0.019718846171093,0.0745256240747475,0.553680345963697,unsafe_touchdown
2278,111,-7.08318565097098,0,110,-0.019718846171093,0.0745256240747475,0.553680345963697,unsafe_touchdown
2279,111,-7.08192993490722,0,100,-0.019718846171093,0.0745256240747475,0.553680345963697,unsafe_touchdown
2280,111,-9.31619536054365,0,93,-0.019718846171093,0.0745256240747475,0.553680345963697,unsafe_touchdown
2281,111,-7.43083082268452,0,234,-0.019718846171093,0.0745256240747475,0.553680345963697,flight_failure
2282,112,-9.68556172031873,0,107,-0.0181106752291142,0.0642494097592416,0.553520647229148,unsafe_touchdown
2283,112,-8.80457077723196,0,95,-0.0181106752291142,0.0642494097592416,0.553520647229148,unsafe_touchdown
2284,112,-9.83913189541576,0,79,-0.0181106752291142,0.0642494097592416,0.553520647229148,unsafe_touchdown
2285,112,-8.63504845403831,0,88,-0.0181106752291142,0.0642494097592416,0.553520647229148,unsafe_touchdown
2286,112,-10.804654704632,0,472,-0.0181106752291142,0.0642494097592416,0.553520647229148,unsafe_touchdown
2287,112,-8.19509117265765,0,102,-0.0181106752291142,0.0642494097592416,0.553520647229148,unsafe_touchdown
2288,112,-9.63475882436954,0,89,-0.0181106752291142,0.0642494097592416,0.553520647229148,unsafe_touchdown
2289,112,-9.64804745850304,0,98,-0.0181106752291142,0.0642494097592416,0.553520647229148,unsafe_touchdown
2290,112,-10.3240863700421,0,85,-0.0181106752291142,0.0642494097592416,0.553520647229148,unsafe_touchdown
2291,112,-11.2507125283289,0,88,-0.0181106752291142,0.0642494097592416,0.553520647229148,unsafe_touchdown
2292,112,-8.55940674090098,0,116,-0.0181106752291142,0.0642494097592416,0.553520647229148,unsafe_touchdown
2293,112,-9.1753635373482,0,84,-0.0181106752291142,0.0642494097592416,0.553520647229148,unsafe_touchdown
2294,112,-8.44091452147738,0,91,-0.0181106752291142,0.0642494097592416,0.553520647229148,unsafe_touchdown
2295,112,-7.89559901563078,0,109,-0.0181106752291142,0.0642494097592416,0.553520647229148,unsafe_touchdown
2296,112,-11.4678438960608,0,99,-0.0181106752291142,0.0642494097592416,0.553520647229148,unsafe_touchdown
2297,112,-8.83861407036581,0,99,-0.0181106752291142,0.0642494097592416,0.553520647229148,unsafe_touchdown
2298,112,-9.18546566568078,0,117,-0.0181106752291142,0.0642494097592416,0.553520647229148,unsafe_touchdown
2299,112,-8.88976953354459,0,90,-0.0181106752291142,0.0642494097592416,0.553520647229148,unsafe_touchdown
2300,113,-8.43602972720165,0,514,-0.0144657960636344,0.0828228410148084,0.552767809310193,flight_failure
2301,113,-8.43876070144749,0,90,-0.0144657960636344,0.0828228410148084,0.552767809310193,unsafe_touchdown
2302,113,-11.7389000423443,0,250,-0.0144657960636344,0.0828228410148084,0.552767809310193,flight_failure
2303,113,-9.23739378090545,0,85,-0.0144657960636344,0.0828228410148084,0.552767809310193,unsafe_touchdown
2304,113,-9.44063947062513,0,216,-0.0144657960636344,0.0828228410148084,0.552767809310193,flight_failure
2305,113,-10.6904652010442,0,79,-0.0144657960636344,0.0828228410148084,0.552767809310193,unsafe_touchdown
2306,113,-8.95767111845157,0,426,-0.0144657960636344,0.0828228410148084,0.552767809310193,unsafe_touchdown
2307,113,-8.04827780079672,0,86,-0.0144657960636344,0.0828228410148084,0.552767809310193,unsafe_touchdown
2308,113,-11.9201663920119,0,109,-0.0144657960636344,0.0828228410148084,0.552767809310193,unsafe_touchdown
2309,113,-9.68828492764188,0,86,-0.0144657960636344,0.0828228410148084,0.552767809310193,unsafe_touchdown
2310,113,-10.2349345829419,0,80,-0.0144657960636344,0.0828228410148084,0.552767809310193,unsafe_touchdown
2311,113,-10.3109325466425,0,125,-0.0144657960636344,0.0828228410148084,0.552767809310193,unsafe_touchdown
2312,114,-10.0568442902557,0,96,-0.0170646487621782,0.0525465535982375,0.55059035725777,unsafe_touchdown
2313,114,-10.6407538408804,0,96,-0.0170646487621782,0.0525465535982375,0.55059035725777,unsafe_touchdown
2314,114,-9.87703119456308,0,97,-0.0170646487621782,0.0525465535982375,0.55059035725777,unsafe_touchdown
2315,114,-10.4951817156197,0,85,-0.0170646487621782,0.0525465535982375,0.55059035725777,unsafe_touchdown
2316,114,-9.59529301693679,0,85,-0.0170646487621782,0.0525465535982375,0.55059035725777,unsafe_touchdown
2317,114,-9.36920708265038,0,100,-0.0170646487621782,0.0525465535982375,0.55059035725777,unsafe_touchdown
2318,114,-10.6623699322564,0,228,-0.0170646487621782,0.0525465535982375,0.55059035725777,flight_failure
2319,114,-9.91413476978155,0,257,-0.0170646487621782,0.0525465535982375,0.55059035725777,flight_failure
2320,114,-9.29438165803996,0,91,-0.0170646487621782,0.0525465535982375,0.55059035725777,unsafe_touchdown
2321,114,-8.7609999257932,0,96,-0.0170646487621782,0.0525465535982375,0.55059035725777,unsafe_touchdown
2322,114,-8.50447428439456,0,101,-0.0170646487621782,0.0525465535982375,0.55059035725777,unsafe_touchdown
2323,114,-8.42678028021018,0,172,-0.0170646487621782,0.0525465535982375,0.55059035725777,flight_failure
2324,114,-10.0086441217542,0,112,-0.0170646487621782,0.0525465535982375,0.55059035725777,unsafe_touchdown
2325,114,-8.911980208549,0,92,-0.0170646487621782,0.0525465535982375,0.55059035725777,unsafe_touchdown
2326,114,-10.6332639128132,0,95,-0.0170646487621782,0.0525465535982375,0.55059035725777,unsafe_touchdown
2327,114,-8.68877063661431,0,135,-0.0170646487621782,0.0525465535982375,0.55059035725777,unsafe_touchdown
2328,114,-10.0935505828373,0,94,-0.0170646487621782,0.0525465535982375,0.55059035725777,unsafe_touchdown
2329,114,-8.20305601830729,0,110,-0.0170646487621782,0.0525465535982375,0.55059035725777,unsafe_touchdown
2330,115,-9.52042197828643,0,77,-0.0142744036830438,0.0556822215392794,0.552991904022971,unsafe_touchdown
2331,115,-9.57530862199741,0,87,-0.0142744036830438,0.0556822215392794,0.552991904022971,unsafe_touchdown
2332,115,-10.0533127370411,0,94,-0.0142744036830438,0.0556822215392794,0.552991904022971,unsafe_touchdown
2333,115,-10.7696594829637,0,122,-0.0142744036830438,0.0556822215392794,0.552991904022971,unsafe_touchdown
2334,115,-7.85375041501101,0,90,-0.0142744036830438,0.0556822215392794,0.552991904022971,unsafe_touchdown
2335,115,-11.313340202646,0,110,-0.0142744036830438,0.0556822215392794,0.552991904022971,unsafe_touchdown
2336,115,-9.47995094990792,0,79,-0.0142744036830438,0.0556822215392794,0.552991904022971,unsafe_touchdown
2337,115,-8.91938499634188,0,88,-0.0142744036830438,0.0556822215392794,0.552991904022971,unsafe_touchdown
2338,115,-9.38884429122337,0,87,-0.0142744036830438,0.0556822215392794,0.552991904022971,unsafe_touchdown
2339,115,-8.34052547378268,0,88,-0.0142744036830438,0.0556822215392794,0.552991904022971,unsafe_touchdown
2340,115,-7.59330798316344,0,114,-0.0142744036830438,0.0556822215392794,0.552991904022971,unsafe_touchdown
2341,115,-9.77814498067174,0,88,-0.0142744036830438,0.0556822215392794,0.552991904022971,unsafe_touchdown
2342,115,-10.4779061839923,0,89,-0.0142744036830438,0.0556822215392794,0.552991904022971,unsafe_touchdown
2343,115,-10.5354831520715,0,221,-0.0142744036830438,0.0556822215392794,0.552991904022971,flight_failure
2344,115,-8.48089967793119,0,79,-0.0142744036830438,0.0556822215392794,0.552991904022971,unsafe_touchdown
2345,115,-9.80032805208583,0,455,-0.0142744036830438,0.0556822215392794,0.552991904022971,unsafe_touchdown
2346,115,-9.10347872546781,0,461,-0.0142744036830438,0.0556822215392794,0.552991904022971,unsafe_touchdown
2347,116,-9.85739203040144,0,97,-0.0123117876410076,0.0673072167733606,0.553813436409029,unsafe_touchdown
2348,116,-9.40629076129902,0,91,-0.0123117876410076,0.0673072167733606,0.553813436409029,unsafe_touchdown
2349,116,-10.4518291293069,0,150,-0.0123117876410076,0.0673072167733606,0.553813436409029,unsafe_touchdown
2350,116,-8.55740367342426,0,85,-0.0123117876410076,0.0673072167733606,0.553813436409029,unsafe_touchdown
2351,116,-7.94300605169586,0,83,-0.0123117876410076,0.0673072167733606,0.553813436409029,unsafe_touchdown
2352,116,-10.5257897112932,0,129,-0.0123117876410076,0.0673072167733606,0.553813436409029,unsafe_touchdown
2353,116,-10.4883766925069,0,112,-0.0123117876410076,0.0673072167733606,0.553813436409029,unsafe_touchdown
2354,116,-9.01928896628474,0,239,-0.0123117876410076,0.0673072167733606,0.553813436409029,flight_failure
2355,116,-7.85166646089788,0,87,-0.0123117876410076,0.0673072167733606,0.553813436409029,unsafe_touchdown
2356,116,-12.1797203147892,0,434,-0.0123117876410076,0.0673072167733606,0.553813436409029,unsafe_touchdown
2357,116,-11.0787721871512,0,81,-0.0123117876410076,0.0673072167733606,0.553813436409029,unsafe_touchdown
2358,116,-10.3489073145279,0,107,-0.0123117876410076,0.0673072167733606,0.553813436409029,unsafe_touchdown
2359,116,-9.19652166113667,0,129,-0.0123117876410076,0.0673072167733606,0.553813436409029,unsafe_touchdown
2360,116,-8.40872024754858,0,117,-0.0123117876410076,0.0673072167733606,0.553813436409029,unsafe_touchdown
2361,116,-11.2791617376568,0,465,-0.0123117876410076,0.0673072167733606,0.553813436409029,unsafe_touchdown
2362,117,-9.60063475725774,0,95,-0.0146900208212629,0.0396945544125094,0.553420197049297,unsafe_touchdown
2363,117,-8.77865961903003,0,91,-0.0146900208212629,0.0396945544125094,0.553420197049297,unsafe_touchdown
2364,117,-9.30490218276265,0,88,-0.0146900208212629,0.0396945544125094,0.553420197049297,unsafe_touchdown
2365,117,-9.32280398167131,0,84,-0.0146900208212629,0.0396945544125094,0.553420197049297,unsafe_touchdown
2366,117,-9.07055975732649,0,93,-0.0146900208212629,0.0396945544125094,0.553420197049297,unsafe_touchdown
2367,117,-8.72641396649595,0,85,-0.0146900208212629,0.0396945544125094,0.553420197049297,unsafe_touchdown
2368,117,-8.11448117564818,0,95,-0.0146900208212629,0.0396945544125094,0.553420197049297,unsafe_touchdown
2369,117,-7.97050307619103,0,86,-0.0146900208212629,0.0396945544125094,0.553420197049297,unsafe_touchdown
2370,117,-9.62252619505134,0,109,-0.0146900208212629,0.0396945544125094,0.553420197049297,unsafe_touchdown
2371,117,-8.51762965906751,0,81,-0.0146900208212629,0.0396945544125094,0.553420197049297,unsafe_touchdown
2372,117,-9.34273614646628,0,93,-0.0146900208212629,0.0396945544125094,0.553420197049297,unsafe_touchdown
2373,117,-7.90782803730054,0,190,-0.0146900208212629,0.0396945544125094,0.553420197049297,flight_failure
2374,117,-10.2771774817514,0,159,-0.0146900208212629,0.0396945544125094,0.553420197049297,flight_failure
2375,117,-9.70861822131567,0,75,-0.0146900208212629,0.0396945544125094,0.553420197049297,unsafe_touchdown
2376,117,-8.74340014524938,0,90,-0.0146900208212629,0.0396945544125094,0.553420197049297,unsafe_touchdown
2377,117,-8.45704774903533,0,106,-0.0146900208212629,0.0396945544125094,0.553420197049297,unsafe_touchdown
2378,117,-9.01593315207066,0,250,-0.0146900208212629,0.0396945544125094,0.553420197049297,flight_failure
2379,117,-7.38820067062527,0,233,-0.0146900208212629,0.0396945544125094,0.553420197049297,flight_failure
2380,118,-10.5236715536225,0,212,-0.0125507746212284,0.0530398335540701,0.550809101423827,flight_failure
2381,118,-9.74161213276502,0,114,-0.0125507746212284,0.0530398335540701,0.550809101423827,unsafe_touchdown
2382,118,-10.2702155877749,0,104,-0.0125507746212284,0.0530398335540701,0.550809101423827,unsafe_touchdown
2383,118,-8.01950800079193,0,220,-0.0125507746212284,0.0530398335540701,0.550809101423827,flight_failure
2384,118,-7.46591601530706,0,105,-0.0125507746212284,0.0530398335540701,0.550809101423827,unsafe_touchdown
2385,118,-7.96403622523442,0,312,-0.0125507746212284,0.0530398335540701,0.550809101423827,flight_failure
2386,118,-11.3481035497778,0,85,-0.0125507746212284,0.0530398335540701,0.550809101423827,unsafe_touchdown
2387,118,-9.55369910390569,0,201,-0.0125507746212284,0.0530398335540701,0.550809101423827,flight_failure
2388,118,-8.85981528971129,0,83,-0.0125507746212284,0.0530398335540701,0.550809101423827,unsafe_touchdown
2389,118,-8.36678580604744,0,89,-0.0125507746212284,0.0530398335540701,0.550809101423827,unsafe_touchdown
2390,118,-10.5531271305442,0,100,-0.0125507746212284,0.0530398335540701,0.550809101423827,unsafe_touchdown
2391,118,-9.08406089930778,0,117,-0.0125507746212284,0.0530398335540701,0.550809101423827,unsafe_touchdown
2392,118,-9.95870531614744,0,88,-0.0125507746212284,0.0530398335540701,0.550809101423827,unsafe_touchdown
2393,118,-10.0307688006008,0,128,-0.0125507746212284,0.0530398335540701,0.550809101423827,unsafe_touchdown
2394,118,-8.60573616598396,0,84,-0.0125507746212284,0.0530398335540701,0.550809101423827,unsafe_touchdown
2395,118,-10.9503156720387,0,119,-0.0125507746212284,0.0530398335540701,0.550809101423827,unsafe_touchdown
2396,119,-10.7148929276202,0,115,-0.0099317875174787,0.0600376193165949,0.549371713323728,unsafe_touchdown
2397,119,-8.40562799305309,0,135,-0.0099317875174787,0.0600376193165949,0.549371713323728,unsafe_touchdown
2398,119,-9.51457407406516,0,102,-0.0099317875174787,0.0600376193165949,0.549371713323728,unsafe_touchdown
2399,119,-9.5422854682611,0,282,-0.0099317875174787,0.0600376193165949,0.549371713323728,flight_failure
2400,119,-9.0155057294194,0,206,-0.0099317875174787,0.0600376193165949,0.549371713323728,flight_failure
2401,119,-6.45864533641594,0,82,-0.0099317875174787,0.0600376193165949,0.549371713323728,unsafe_touchdown
2402,119,-10.1352515224653,0,477,-0.0099317875174787,0.0600376193165949,0.549371713323728,flight_failure
2403,119,-7.54630282470065,0,97,-0.0099317875174787,0.0600376193165949,0.549371713323728,unsafe_touchdown
2404,119,-9.59927676034829,0,450,-0.0099317875174787,0.0600376193165949,0.549371713323728,flight_failure
2405,119,-9.61094217983292,0,101,-0.0099317875174787,0.0600376193165949,0.549371713323728,unsafe_touchdown
2406,119,-7.99220035745384,0,94,-0.0099317875174787,0.0600376193165949,0.549371713323728,unsafe_touchdown
2407,120,-10.7735201349296,0,196,-0.016411264413,0.0515983246258932,0.550050985383621,flight_failure
2408,120,-7.91534125458328,0,94,-0.016411264413,0.0515983246258932,0.550050985383621,unsafe_touchdown
2409,120,-11.4241006347362,0,96,-0.016411264413,0.0515983246258932,0.550050985383621,unsafe_touchdown
2410,120,-9.84490126889921,0,230,-0.016411264413,0.0515983246258932,0.550050985383621,flight_failure
2411,120,-8.96488174445769,0,103,-0.016411264413,0.0515983246258932,0.550050985383621,unsafe_touchdown
2412,120,-11.7717768049785,0,114,-0.016411264413,0.0515983246258932,0.550050985383621,unsafe_touchdown
2413,120,-9.36656563954965,0,220,-0.016411264413,0.0515983246258932,0.550050985383621,flight_failure
2414,120,-9.11497198009114,0,182,-0.016411264413,0.0515983246258932,0.550050985383621,unsafe_touchdown
2415,120,-9.09994797207698,0,102,-0.016411264413,0.0515983246258932,0.550050985383621,unsafe_touchdown
2416,120,-9.1258986802315,0,98,-0.016411264413,0.0515983246258932,0.550050985383621,unsafe_touchdown
2417,120,-8.5819035293297,0,109,-0.016411264413,0.0515983246258932,0.550050985383621,unsafe_touchdown
2418,120,-10.3340163612248,0,95,-0.016411264413,0.0515983246258932,0.550050985383621,unsafe_touchdown
2419,120,-10.9701584136797,0,233,-0.016411264413,0.0515983246258932,0.550050985383621,flight_failure
2420,120,-9.13239980773456,0,83,-0.016411264413,0.0515983246258932,0.550050985383621,unsafe_touchdown
2421,120,-9.74423960032323,0,213,-0.016411264413,0.0515983246258932,0.550050985383621,flight_failure
2422,121,-10.1421686408911,0,84,-0.0128976526928747,0.062261656995887,0.550089821059453,unsafe_touchdown
2423,121,-9.17868438670608,0,109,-0.0128976526928747,0.062261656995887,0.550089821059453,unsafe_touchdown
2424,121,-8.84009312706993,0,91,-0.0128976526928747,0.062261656995887,0.550089821059453,unsafe_touchdown
2425,121,-9.69182309665939,0,113,-0.0128976526928747,0.062261656995887,0.550089821059453,unsafe_touchdown
2426,121,-7.61642910057228,0,120,-0.0128976526928747,0.062261656995887,0.550089821059453,unsafe_touchdown
2427,121,-9.73407672004563,0,101,-0.0128976526928747,0.062261656995887,0.550089821059453,unsafe_touchdown
2428,121,-8.68479843594207,0,98,-0.0128976526928747,0.062261656995887,0.550089821059453,unsafe_touchdown
2429,121,-10.2842333234758,0,89,-0.0128976526928747,0.062261656995887,0.550089821059453,unsafe_touchdown
2430,121,-8.13741254685733,0,117,-0.0128976526928747,0.062261656995887,0.550089821059453,unsafe_touchdown
2431,121,-10.2296863541476,0,242,-0.0128976526928747,0.062261656995887,0.550089821059453,flight_failure
2432,121,-8.94589912280549,0,93,-0.0128976526928747,0.062261656995887,0.550089821059453,unsafe_touchdown
2433,121,-7.79593649884078,0,79,-0.0128976526928747,0.062261656995887,0.550089821059453,unsafe_touchdown
2434,121,-10.9309749771658,0,90,-0.0128976526928747,0.062261656995887,0.550089821059453,unsafe_touchdown
2435,121,-8.58511204990655,0,96,-0.0128976526928747,0.062261656995887,0.550089821059453,unsafe_touchdown
2436,121,-8.65023893553755,0,127,-0.0128976526928747,0.062261656995887,0.550089821059453,unsafe_touchdown
2437,121,-8.51803700030255,0,82,-0.0128976526928747,0.062261656995887,0.550089821059453,unsafe_touchdown
2438,121,-9.40928090346135,0,359,-0.0128976526928747,0.062261656995887,0.550089821059453,unsafe_touchdown
2439,122,-10.2111246134676,0,196,-0.00733920532473791,0.0536090319964625,0.55103347582373,flight_failure
2440,122,-8.97843259378482,0,87,-0.00733920532473791,0.0536090319964625,0.55103347582373,unsafe_touchdown
2441,122,-8.78015730815454,0,89,-0.00733920532473791,0.0536090319964625,0.55103347582373,unsafe_touchdown
2442,122,-9.29514783366125,0,90,-0.00733920532473791,0.0536090319964625,0.55103347582373,unsafe_touchdown
2443,122,-9.53537893728762,0,82,-0.00733920532473791,0.0536090319964625,0.55103347582373,unsafe_touchdown
2444,122,-9.4947253482073,0,88,-0.00733920532473791,0.0536090319964625,0.55103347582373,unsafe_touchdown
2445,122,-9.71643625252762,0,228,-0.00733920532473791,0.0536090319964625,0.55103347582373,flight_failure
2446,122,-8.26585197539788,0,103,-0.00733920532473791,0.0536090319964625,0.55103347582373,unsafe_touchdown
2447,122,-9.32261999585956,0,98,-0.00733920532473791,0.0536090319964625,0.55103347582373,unsafe_touchdown
2448,122,-8.72386958905965,0,91,-0.00733920532473791,0.0536090319964625,0.55103347582373,unsafe_touchdown
2449,122,-9.95221411508093,0,103,-0.00733920532473791,0.0536090319964625,0.55103347582373,unsafe_touchdown
2450,122,-9.43367164144258,0,96,-0.00733920532473791,0.0536090319964625,0.55103347582373,unsafe_touchdown
2451,122,-8.1724629513624,0,442,-0.00733920532473791,0.0536090319964625,0.55103347582373,unsafe_touchdown
2452,122,-6.94261955445946,0,97,-0.00733920532473791,0.0536090319964625,0.55103347582373,unsafe_touchdown
2453,122,-8.23306037245484,0,294,-0.00733920532473791,0.0536090319964625,0.55103347582373,flight_failure
2454,123,-9.05355700982721,0,76,-0.00902021335265602,0.0563779175709453,0.549027892465973,unsafe_touchdown
2455,123,-6.65053991237888,0,108,-0.00902021335265602,0.0563779175709453,0.549027892465973,unsafe_touchdown
2456,123,-8.13286845086443,0,129,-0.00902021335265602,0.0563779175709453,0.549027892465973,unsafe_touchdown
2457,123,-9.03697425674866,0,87,-0.00902021335265602,0.0563779175709453,0.549027892465973,unsafe_touchdown
2458,123,-8.58433839468189,0,150,-0.00902021335265602,0.0563779175709453,0.549027892465973,unsafe_touchdown
2459,123,-8.33016584389743,0,109,-0.00902021335265602,0.0563779175709453,0.549027892465973,unsafe_touchdown
2460,123,-9.2326465650962,0,91,-0.00902021335265602,0.0563779175709453,0.549027892465973,unsafe_touchdown
2461,123,-9.03198549099258,0,90,-0.00902021335265602,0.0563779175709453,0.549027892465973,unsafe_touchdown
2462,123,-10.5296297619819,0,77,-0.00902021335265602,0.0563779175709453,0.549027892465973,unsafe_touchdown
2463,123,-8.97022694935097,0,80,-0.00902021335265602,0.0563779175709453,0.549027892465973,unsafe_touchdown
2464,123,-6.98123435365465,0,108,-0.00902021335265602,0.0563779175709453,0.549027892465973,unsafe_touchdown
2465,123,-10.562008857471,0,89,-0.00902021335265602,0.0563779175709453,0.549027892465973,unsafe_touchdown
2466,123,-9.08793003440426,0,187,-0.00902021335265602,0.0563779175709453,0.549027892465973,flight_failure
2467,123,-10.1418449200997,0,84,-0.00902021335265602,0.0563779175709453,0.549027892465973,unsafe_touchdown
2468,123,-8.61273218200609,0,172,-0.00902021335265602,0.0563779175709453,0.549027892465973,flight_failure
2469,123,-8.36905962818405,0,315,-0.00902021335265602,0.0563779175709453,0.549027892465973,flight_failure
2470,123,-8.18996389883464,0,105,-0.00902021335265602,0.0563779175709453,0.549027892465973,unsafe_touchdown
2471,124,-10.2962544365141,0,94,-0.0155441278609541,0.0502086600007982,0.54699875838565,unsafe_touchdown
2472,124,-12.3067341064891,0,93,-0.0155441278609541,0.0502086600007982,0.54699875838565,unsafe_touchdown
2473,124,-11.8918823209763,0,218,-0.0155441278609541,0.0502086600007982,0.54699875838565,flight_failure
2474,124,-11.2393737325554,0,243,-0.0155441278609541,0.0502086600007982,0.54699875838565,flight_failure
2475,124,-10.2569605944024,0,274,-0.0155441278609541,0.0502086600007982,0.54699875838565,flight_failure
2476,124,-10.7598612897413,0,260,-0.0155441278609541,0.0502086600007982,0.54699875838565,flight_failure
2477,124,-7.6562074078629,0,202,-0.0155441278609541,0.0502086600007982,0.54699875838565,flight_failure
2478,124,-8.10881387655224,0,106,-0.0155441278609541,0.0502086600007982,0.54699875838565,unsafe_touchdown
2479,124,-10.117884020481,0,235,-0.0155441278609541,0.0502086600007982,0.54699875838565,flight_failure
2480,124,-9.49236490009855,0,129,-0.0155441278609541,0.0502086600007982,0.54699875838565,unsafe_touchdown
2481,124,-8.30499711019867,0,79,-0.0155441278609541,0.0502086600007982,0.54699875838565,unsafe_touchdown
2482,124,-9.67100568077012,0,83,-0.0155441278609541,0.0502086600007982,0.54699875838565,unsafe_touchdown
2483,124,-9.51381688453422,0,114,-0.0155441278609541,0.0502086600007982,0.54699875838565,unsafe_touchdown
2484,125,-8.29087529572256,0,96,-0.0134389210761656,0.0394254381394596,0.545337046905969,unsafe_touchdown
2485,125,-9.13290451766869,0,142,-0.0134389210761656,0.0394254381394596,0.545337046905969,unsafe_touchdown
2486,125,-10.0837619190099,0,96,-0.0134389210761656,0.0394254381394596,0.545337046905969,unsafe_touchdown
2487,125,-11.9014438149642,0,244,-0.0134389210761656,0.0394254381394596,0.545337046905969,flight_failure
2488,125,-9.57937290350904,0,207,-0.0134389210761656,0.0394254381394596,0.545337046905969,flight_failure
2489,125,-10.6835945886433,0,228,-0.0134389210761656,0.0394254381394596,0.545337046905969,flight_failure
2490,125,-11.0675756914106,0,200,-0.0134389210761656,0.0394254381394596,0.545337046905969,flight_failure
2491,125,-11.6148662857498,0,262,-0.0134389210761656,0.0394254381394596,0.545337046905969,flight_failure
2492,125,-9.66384276135908,0,101,-0.0134389210761656,0.0394254381394596,0.545337046905969,unsafe_touchdown
2493,125,-9.36780186012687,0,218,-0.0134389210761656,0.0394254381394596,0.545337046905969,flight_failure
2494,125,-10.4707917406041,0,142,-0.0134389210761656,0.0394254381394596,0.545337046905969,unsafe_touchdown
2495,125,-10.2457301075732,0,218,-0.0134389210761656,0.0394254381394596,0.545337046905969,flight_failure
2496,126,-10.170782012299,0,89,-0.0158546655848327,0.0603236722260375,0.544622183186726,unsafe_touchdown
2497,126,-9.42619678058533,0,98,-0.0158546655848327,0.0603236722260375,0.544622183186726,unsafe_touchdown
2498,126,-9.43052216609713,0,75,-0.0158546655848327,0.0603236722260375,0.544622183186726,unsafe_touchdown
2499,126,-4.68109285698732,0,535,-0.0158546655848327,0.0603236722260375,0.544622183186726,unsafe_touchdown
2500,126,-9.15732491379939,0,229,-0.0158546655848327,0.0603236722260375,0.544622183186726,flight_failure
2501,126,-9.5341003842191,0,347,-0.0158546655848327,0.0603236722260375,0.544622183186726,flight_failure
2502,126,-8.5982053998874,0,90,-0.0158546655848327,0.0603236722260375,0.544622183186726,unsafe_touchdown
2503,126,-9.47401694011985,0,92,-0.0158546655848327,0.0603236722260375,0.544622183186726,unsafe_touchdown
2504,126,-7.56519750415684,0,91,-0.0158546655848327,0.0603236722260375,0.544622183186726,unsafe_touchdown
2505,126,-9.48438361957388,0,88,-0.0158546655848327,0.0603236722260375,0.544622183186726,unsafe_touchdown
2506,126,-10.7255850564976,0,298,-0.0158546655848327,0.0603236722260375,0.544622183186726,flight_failure
2507,126,-8.98267393389348,0,110,-0.0158546655848327,0.0603236722260375,0.544622183186726,unsafe_touchdown
2508,127,-10.8405400919555,0,89,-0.0134372470837874,0.0381487155026902,0.54525324412971,unsafe_touchdown
2509,127,-9.92454578442887,0,102,-0.0134372470837874,0.0381487155026902,0.54525324412971,unsafe_touchdown
2510,127,-9.39587141630951,0,76,-0.0134372470837874,0.0381487155026902,0.54525324412971,unsafe_touchdown
2511,127,-9.28346426204984,0,96,-0.0134372470837874,0.0381487155026902,0.54525324412971,unsafe_touchdown
2512,127,-9.07362100246758,0,146,-0.0134372470837874,0.0381487155026902,0.54525324412971,unsafe_touchdown
2513,127,-9.1363789370705,0,90,-0.0134372470837874,0.0381487155026902,0.54525324412971,unsafe_touchdown
2514,127,-9.29335711649183,0,516,-0.0134372470837874,0.0381487155026902,0.54525324412971,unsafe_touchdown
2515,127,-8.63949539399715,0,144,-0.0134372470837874,0.0381487155026902,0.54525324412971,unsafe_touchdown
2516,127,-12.9265155483058,0,365,-0.0134372470837874,0.0381487155026902,0.54525324412971,unsafe_touchdown
2517,127,-9.34814128830171,0,451,-0.0134372470837874,0.0381487155026902,0.54525324412971,unsafe_touchdown
2518,128,-9.60827494898459,0,215,-0.0131075323987521,0.0610157842392264,0.544175681814667,flight_failure
2519,128,-9.49604276511314,0,99,-0.0131075323987521,0.0610157842392264,0.544175681814667,unsafe_touchdown
2520,128,-9.7871501768169,0,109,-0.0131075323987521,0.0610157842392264,0.544175681814667,unsafe_touchdown
2521,128,-10.2102812050911,0,88,-0.0131075323987521,0.0610157842392264,0.544175681814667,unsafe_touchdown
2522,128,-8.78601378836894,0,258,-0.0131075323987521,0.0610157842392264,0.544175681814667,unsafe_touchdown
2523,128,-9.67873529807245,0,330,-0.0131075323987521,0.0610157842392264,0.544175681814667,flight_failure
2524,128,-7.16796743041495,0,81,-0.0131075323987521,0.0610157842392264,0.544175681814667,unsafe_touchdown
2525,128,-9.95188507088919,0,82,-0.0131075323987521,0.0610157842392264,0.544175681814667,unsafe_touchdown
2526,128,-9.78009498076952,0,89,-0.0131075323987521,0.0610157842392264,0.544175681814667,unsafe_touchdown
2527,128,-9.37950719216867,0,90,-0.0131075323987521,0.0610157842392264,0.544175681814667,unsafe_touchdown
2528,128,-8.21163309703759,0,307,-0.0131075323987521,0.0610157842392264,0.544175681814667,flight_failure
2529,128,-9.3865955700692,0,104,-0.0131075323987521,0.0610157842392264,0.544175681814667,unsafe_touchdown
2530,128,-10.3673095397083,0,129,-0.0131075323987521,0.0610157842392264,0.544175681814667,unsafe_touchdown
2531,128,-7.81568458892422,0,165,-0.0131075323987521,0.0610157842392264,0.544175681814667,flight_failure
2532,129,-7.739126438919,0,104,-0.0133285339552685,0.0534853663401487,0.543886850728371,unsafe_touchdown
2533,129,-8.56424184688071,0,84,-0.0133285339552685,0.0534853663401487,0.543886850728371,unsafe_touchdown
2534,129,-9.52664757716788,0,102,-0.0133285339552685,0.0534853663401487,0.543886850728371,unsafe_touchdown
2535,129,-5.94314052374335,0,124,-0.0133285339552685,0.0534853663401487,0.543886850728371,unsafe_touchdown
2536,129,-8.57337624541457,0,194,-0.0133285339552685,0.0534853663401487,0.543886850728371,flight_failure
2537,129,-9.63178357372541,0,111,-0.0133285339552685,0.0534853663401487,0.543886850728371,unsafe_touchdown
2538,129,-9.60525157329969,0,325,-0.0133285339552685,0.0534853663401487,0.543886850728371,flight_failure
2539,129,-8.61773246637775,0,82,-0.0133285339552685,0.0534853663401487,0.543886850728371,unsafe_touchdown
2540,129,-8.46191758064932,0,94,-0.0133285339552685,0.0534853663401487,0.543886850728371,unsafe_touchdown
2541,129,-10.360246429525,0,247,-0.0133285339552685,0.0534853663401487,0.543886850728371,flight_failure
2542,129,-9.96945585228285,0,287,-0.0133285339552685,0.0534853663401487,0.543886850728371,flight_failure
2543,129,-13.0812303936393,0,89,-0.0133285339552685,0.0534853663401487,0.543886850728371,unsafe_touchdown
2544,129,-6.33512720872163,0,226,-0.0133285339552685,0.0534853663401487,0.543886850728371,flight_failure
2545,130,-10.1058818296227,0,466,-0.00868062868944375,0.041851077115771,0.544551397471063,unsafe_touchdown
2546,130,-10.1501445666889,0,207,-0.00868062868944375,0.041851077115771,0.544551397471063,unsafe_touchdown
2547,130,-6.86312845544076,0,243,-0.00868062868944375,0.041851077115771,0.544551397471063,flight_failure
2548,130,-10.6996434235474,0,244,-0.00868062868944375,0.041851077115771,0.544551397471063,flight_failure
2549,130,-9.09368362154838,0,89,-0.00868062868944375,0.041851077115771,0.544551397471063,unsafe_touchdown
2550,130,-9.98370135329919,0,101,-0.00868062868944375,0.041851077115771,0.544551397471063,unsafe_touchdown
2551,130,-9.77802444935976,0,91,-0.00868062868944375,0.041851077115771,0.544551397471063,unsafe_touchdown
2552,130,-10.1710619636109,0,102,-0.00868062868944375,0.041851077115771,0.544551397471063,unsafe_touchdown
2553,130,-11.3948773981006,0,97,-0.00868062868944375,0.041851077115771,0.544551397471063,unsafe_touchdown
2554,130,-9.35731151201848,0,173,-0.00868062868944375,0.041851077115771,0.544551397471063,unsafe_touchdown
2555,130,-9.74225623134489,0,244,-0.00868062868944375,0.041851077115771,0.544551397471063,flight_failure
2556,131,-7.72758214370328,0,94,-0.0187538192303978,0.0490826801521761,0.542949964806668,unsafe_touchdown
2557,131,-9.36656997204458,0,127,-0.0187538192303978,0.0490826801521761,0.542949964806668,unsafe_touchdown
2558,131,-11.8704501852664,0,102,-0.0187538192303978,0.0490826801521761,0.542949964806668,unsafe_touchdown
2559,131,-11.7785332467313,0,529,-0.0187538192303978,0.0490826801521761,0.542949964806668,unsafe_touchdown
2560,131,-8.94208048665642,0,105,-0.0187538192303978,0.0490826801521761,0.542949964806668,unsafe_touchdown
2561,131,-10.3819238538512,0,84,-0.0187538192303978,0.0490826801521761,0.542949964806668,unsafe_touchdown
2562,131,-7.97314842718837,0,328,-0.0187538192303978,0.0490826801521761,0.542949964806668,flight_failure
2563,131,-9.86155643356266,0,115,-0.0187538192303978,0.0490826801521761,0.542949964806668,unsafe_touchdown
2564,131,-7.95259106848781,0,105,-0.0187538192303978,0.0490826801521761,0.542949964806668,unsafe_touchdown
2565,131,-9.53495389929143,0,82,-0.0187538192303978,0.0490826801521761,0.542949964806668,unsafe_touchdown
2566,131,-9.61933354476767,0,221,-0.0187538192303978,0.0490826801521761,0.542949964806668,flight_failure
2567,131,-9.10793558111202,0,92,-0.0187538192303978,0.0490826801521761,0.542949964806668,unsafe_touchdown
2568,131,-9.87674933623043,0,147,-0.0187538192303978,0.0490826801521761,0.542949964806668,unsafe_touchdown
2569,132,-8.71310815351615,0,97,-0.0173973263609309,0.0352257741715252,0.54143207412624,unsafe_touchdown
2570,132,-8.87805531918686,0,263,-0.0173973263609309,0.0352257741715252,0.54143207412624,flight_failure
2571,132,-9.37993183902299,0,293,-0.0173973263609309,0.0352257741715252,0.54143207412624,flight_failure
2572,132,-9.52929583975046,0,78,-0.0173973263609309,0.0352257741715252,0.54143207412624,unsafe_touchdown
2573,132,-8.76867020187469,0,95,-0.0173973263609309,0.0352257741715252,0.54143207412624,unsafe_touchdown
2574,132,-8.68670397507532,0,88,-0.0173973263609309,0.0352257741715252,0.54143207412624,unsafe_touchdown
2575,132,-8.93824670860574,0,298,-0.0173973263609309,0.0352257741715252,0.54143207412624,flight_failure
2576,132,-8.15800810115686,0,93,-0.0173973263609309,0.0352257741715252,0.54143207412624,unsafe_touchdown
2577,132,-8.71081839677451,0,234,-0.0173973263609309,0.0352257741715252,0.54143207412624,flight_failure
2578,132,-10.7920905008944,0,100,-0.0173973263609309,0.0352257741715252,0.54143207412624,unsafe_touchdown
2579,132,-9.24959681779533,0,154,-0.0173973263609309,0.0352257741715252,0.54143207412624,unsafe_touchdown
2580,132,-9.45467128126205,0,112,-0.0173973263609309,0.0352257741715252,0.54143207412624,unsafe_touchdown
2581,132,-9.93895386074594,0,87,-0.0173973263609309,0.0352257741715252,0.54143207412624,unsafe_touchdown
2582,132,-11.6171623432482,0,246,-0.0173973263609309,0.0352257741715252,0.54143207412624,flight_failure
2583,133,-9.2788433581442,0,97,-0.0157375795292172,0.0496095933960601,0.541215674650039,unsafe_touchdown
2584,133,-9.68161233850642,0,290,-0.0157375795292172,0.0496095933960601,0.541215674650039,flight_failure
2585,133,-9.82896256025711,0,175,-0.0157375795292172,0.0496095933960601,0.541215674650039,flight_failure
2586,133,-9.62605006372898,0,108,-0.0157375795292172,0.0496095933960601,0.541215674650039,unsafe_touchdown
2587,133,-10.9070633028423,0,285,-0.0157375795292172,0.0496095933960601,0.541215674650039,flight_failure
2588,133,-10.4513739301177,0,87,-0.0157375795292172,0.0496095933960601,0.541215674650039,unsafe_touchdown
2589,133,-8.22177423905651,0,100,-0.0157375795292172,0.0496095933960601,0.541215674650039,unsafe_touchdown
2590,133,-8.65236443792964,0,71,-0.0157375795292172,0.0496095933960601,0.541215674650039,unsafe_touchdown
2591,133,-10.1200852391307,0,81,-0.0157375795292172,0.0496095933960601,0.541215674650039,unsafe_touchdown
2592,133,-9.58613864523166,0,93,-0.0157375795292172,0.0496095933960601,0.541215674650039,unsafe_touchdown
2593,133,-11.7826616569832,0,101,-0.0157375795292172,0.0496095933960601,0.541215674650039,unsafe_touchdown
2594,133,-8.57564989541615,0,102,-0.0157375795292172,0.0496095933960601,0.541215674650039,unsafe_touchdown
2595,133,-9.95996913520511,0,86,-0.0157375795292172,0.0496095933960601,0.541215674650039,unsafe_touchdown
2596,133,-7.19694617333967,0,104,-0.0157375795292172,0.0496095933960601,0.541215674650039,unsafe_touchdown
2597,133,-7.80328580727382,0,431,-0.0157375795292172,0.0496095933960601,0.541215674650039,unsafe_touchdown
2598,134,-9.59265261700325,0,89,-0.016459595416784,0.0591033255037145,0.541080174394435,unsafe_touchdown
2599,134,-9.24802155880164,0,105,-0.016459595416784,0.0591033255037145,0.541080174394435,unsafe_touchdown
2600,134,-8.09171110314746,0,209,-0.016459595416784,0.0591033255037145,0.541080174394435,flight_failure
2601,134,-10.5134026086107,0,115,-0.016459595416784,0.0591033255037145,0.541080174394435,unsafe_touchdown
2602,134,-11.6286401842871,0,282,-0.016459595416784,0.0591033255037145,0.541080174394435,flight_failure
2603,134,-10.0099935023464,0,81,-0.016459595416784,0.0591033255037145,0.541080174394435,unsafe_touchdown
2604,134,-10.3728909490795,0,209,-0.016459595416784,0.0591033255037145,0.541080174394435,flight_failure
2605,134,-9.11021924478326,0,104,-0.016459595416784,0.0591033255037145,0.541080174394435,unsafe_touchdown
2606,134,-11.7348351625046,0,305,-0.016459595416784,0.0591033255037145,0.541080174394435,unsafe_touchdown
2607,134,-9.9963599256642,0,293,-0.016459595416784,0.0591033255037145,0.541080174394435,flight_failure
2608,134,-9.21716199765278,0,91,-0.016459595416784,0.0591033255037145,0.541080174394435,unsafe_touchdown
2609,134,-10.6672874169436,0,103,-0.016459595416784,0.0591033255037145,0.541080174394435,unsafe_touchdown
2610,134,-10.2685483992579,0,118,-0.016459595416784,0.0591033255037145,0.541080174394435,unsafe_touchdown
2611,135,-8.78324086597282,0,108,-0.0154889188725048,0.0527763416226554,0.540788122936778,unsafe_touchdown
2612,135,-9.7089432761929,0,343,-0.0154889188725048,0.0527763416226554,0.540788122936778,flight_failure
2613,135,-8.4857988039493,0,258,-0.0154889188725048,0.0527763416226554,0.540788122936778,flight_failure
2614,135,-10.7252404675553,0,76,-0.0154889188725048,0.0527763416226554,0.540788122936778,unsafe_touchdown
2615,135,-7.7781532179032,0,103,-0.0154889188725048,0.0527763416226554,0.540788122936778,unsafe_touchdown
2616,135,-9.20339668273343,0,199,-0.0154889188725048,0.0527763416226554,0.540788122936778,flight_failure
2617,135,-9.9983829768928,0,98,-0.0154889188725048,0.0527763416226554,0.540788122936778,unsafe_touchdown
2618,135,-7.15856316259335,0,89,-0.0154889188725048,0.0527763416226554,0.540788122936778,unsafe_touchdown
2619,135,-9.70240271136922,0,257,-0.0154889188725048,0.0527763416226554,0.540788122936778,flight_failure
2620,135,-10.2680113287926,0,112,-0.0154889188725048,0.0527763416226554,0.540788122936778,unsafe_touchdown
2621,135,-9.90991810801996,0,97,-0.0154889188725048,0.0527763416226554,0.540788122936778,unsafe_touchdown
2622,135,-7.89360600023286,0,318,-0.0154889188725048,0.0527763416226554,0.540788122936778,unsafe_touchdown
2623,136,-7.88026297823531,0,374,-0.013089518448356,0.0617351288430871,0.538275701799084,unsafe_touchdown
2624,136,-9.97409699494386,0,264,-0.013089518448356,0.0617351288430871,0.538275701799084,flight_failure
2625,136,-10.1843124037224,0,245,-0.013089518448356,0.0617351288430871,0.538275701799084,flight_failure
2626,136,-10.5054468171385,0,365,-0.013089518448356,0.0617351288430871,0.538275701799084,unsafe_touchdown
2627,136,-8.05176106205168,0,85,-0.013089518448356,0.0617351288430871,0.538275701799084,unsafe_touchdown
2628,136,-9.54640184338441,0,102,-0.013089518448356,0.0617351288430871,0.538275701799084,unsafe_touchdown
2629,136,-10.3369290309882,0,256,-0.013089518448356,0.0617351288430871,0.538275701799084,flight_failure
2630,136,-13.1630966281066,0,268,-0.013089518448356,0.0617351288430871,0.538275701799084,unsafe_touchdown
2631,136,-9.73047292922209,0,198,-0.013089518448356,0.0617351288430871,0.538275701799084,unsafe_touchdown
2632,137,-7.75605015766359,0,251,-0.0133276710749648,0.0551126495608677,0.539427801689155,flight_failure
2633,137,-8.08638562788006,0,74,-0.0133276710749648,0.0551126495608677,0.539427801689155,unsafe_touchdown
2634,137,-8.96849570260468,0,103,-0.0133276710749648,0.0551126495608677,0.539427801689155,unsafe_touchdown
2635,137,-12.3137189295568,0,317,-0.0133276710749648,0.0551126495608677,0.539427801689155,flight_failure
2636,137,-9.00008452167623,0,250,-0.0133276710749648,0.0551126495608677,0.539427801689155,flight_failure
2637,137,-10.0794944319608,0,97,-0.0133276710749648,0.0551126495608677,0.539427801689155,unsafe_touchdown
2638,137,-12.3522016450837,0,319,-0.0133276710749648,0.0551126495608677,0.539427801689155,unsafe_touchdown
2639,137,-9.69941903092057,0,97,-0.0133276710749648,0.0551126495608677,0.539427801689155,unsafe_touchdown
2640,137,-9.47842748556982,0,194,-0.0133276710749648,0.0551126495608677,0.539427801689155,flight_failure
2641,137,-9.13386912413421,0,277,-0.0133276710749648,0.0551126495608677,0.539427801689155,flight_failure
2642,137,-7.59137524747366,0,248,-0.0133276710749648,0.0551126495608677,0.539427801689155,flight_failure
2643,138,-10.6716397118262,0,327,-0.0111309313620531,0.0451321615584709,0.539051843629968,flight_failure
2644,138,-8.71224597765709,0,361,-0.0111309313620531,0.0451321615584709,0.539051843629968,flight_failure
2645,138,-9.66317563738535,0,256,-0.0111309313620531,0.0451321615584709,0.539051843629968,flight_failure
2646,138,-11.5563553086306,0,242,-0.0111309313620531,0.0451321615584709,0.539051843629968,flight_failure
2647,138,-8.63301530631293,0,89,-0.0111309313620531,0.0451321615584709,0.539051843629968,unsafe_touchdown
2648,138,-8.63569665743514,0,104,-0.0111309313620531,0.0451321615584709,0.539051843629968,unsafe_touchdown
2649,138,-8.92590307692701,0,204,-0.0111309313620531,0.0451321615584709,0.539051843629968,unsafe_touchdown
2650,138,-8.32233879099545,0,99,-0.0111309313620531,0.0451321615584709,0.539051843629968,unsafe_touchdown
2651,138,-9.12211893493623,0,99,-0.0111309313620531,0.0451321615584709,0.539051843629968,unsafe_touchdown
2652,138,-10.2667577113634,0,338,-0.0111309313620531,0.0451321615584709,0.539051843629968,flight_failure
2653,139,-9.89959365224361,0,96,-0.014196528660422,0.0348055244792275,0.538467464584801,unsafe_touchdown
2654,139,-10.2389433790026,0,351,-0.014196528660422,0.0348055244792275,0.538467464584801,flight_failure
2655,139,-9.34925555784157,0,298,-0.014196528660422,0.0348055244792275,0.538467464584801,flight_failure
2656,139,-9.4594169850446,0,179,-0.014196528660422,0.0348055244792275,0.538467464584801,unsafe_touchdown
2657,139,-9.96699177227705,0,228,-0.014196528660422,0.0348055244792275,0.538467464584801,flight_failure
2658,139,-8.85811081508121,0,93,-0.014196528660422,0.0348055244792275,0.538467464584801,unsafe_touchdown
2659,139,-8.60627860058609,0,240,-0.014196528660422,0.0348055244792275,0.538467464584801,flight_failure
2660,139,-8.47729762000639,0,83,-0.014196528660422,0.0348055244792275,0.538467464584801,unsafe_touchdown
2661,139,-9.8343356613691,0,338,-0.014196528660422,0.0348055244792275,0.538467464584801,unsafe_touchdown
2662,139,-8.54887932806234,0,258,-0.014196528660422,0.0348055244792275,0.538467464584801,flight_failure
2663,140,-9.51267307257824,0,253,-0.00742909154354944,0.031411957221421,0.538482391353114,flight_failure
2664,140,-8.35284289943106,0,261,-0.00742909154354944,0.031411957221421,0.538482391353114,flight_failure
2665,140,-11.0145934512739,0,200,-0.00742909154354944,0.031411957221421,0.538482391353114,flight_failure
2666,140,-9.65690456337601,0,95,-0.00742909154354944,0.031411957221421,0.538482391353114,unsafe_touchdown
2667,140,-9.73389872805877,0,209,-0.00742909154354944,0.031411957221421,0.538482391353114,flight_failure
2668,140,-11.3236524640236,0,460,-0.00742909154354944,0.031411957221421,0.538482391353114,unsafe_touchdown
2669,140,-8.86679819174343,0,455,-0.00742909154354944,0.031411957221421,0.538482391353114,unsafe_touchdown
2670,140,-8.56535545160974,0,121,-0.00742909154354944,0.031411957221421,0.538482391353114,unsafe_touchdown
2671,141,-8.29339684087135,0,118,-0.0149826091409911,0.0493765646146606,0.539363928105651,unsafe_touchdown
2672,141,-8.82439641061543,0,136,-0.0149826091409911,0.0493765646146606,0.539363928105651,unsafe_touchdown
2673,141,-8.67466300117363,0,111,-0.0149826091409911,0.0493765646146606,0.539363928105651,unsafe_touchdown
2674,141,-9.63509156793589,0,184,-0.0149826091409911,0.0493765646146606,0.539363928105651,flight_failure
2675,141,-9.12191739558935,0,89,-0.0149826091409911,0.0493765646146606,0.539363928105651,unsafe_touchdown
2676,141,-9.57722493528928,0,311,-0.0149826091409911,0.0493765646146606,0.539363928105651,unsafe_touchdown
2677,141,-9.74376391379632,0,290,-0.0149826091409911,0.0493765646146606,0.539363928105651,unsafe_touchdown
2678,141,-8.70361449879949,0,303,-0.0149826091409911,0.0493765646146606,0.539363928105651,flight_failure
2679,141,-10.2549392187675,0,292,-0.0149826091409911,0.0493765646146606,0.539363928105651,flight_failure
2680,141,-10.7048998557446,0,439,-0.0149826091409911,0.0493765646146606,0.539363928105651,unsafe_touchdown
2681,142,-9.95119136132978,0,231,-0.0111438778362908,0.0317535374258849,0.539967184634419,flight_failure
2682,142,-9.34079273394926,0,195,-0.0111438778362908,0.0317535374258849,0.539967184634419,flight_failure
2683,142,-9.99472062591114,0,190,-0.0111438778362908,0.0317535374258849,0.539967184634419,flight_failure
2684,142,-9.41160460806987,0,92,-0.0111438778362908,0.0317535374258849,0.539967184634419,unsafe_touchdown
2685,142,-9.50085673226972,0,363,-0.0111438778362908,0.0317535374258849,0.539967184634419,flight_failure
2686,142,-9.33279842962236,0,197,-0.0111438778362908,0.0317535374258849,0.539967184634419,flight_failure
2687,142,-10.3149962050006,0,292,-0.0111438778362908,0.0317535374258849,0.539967184634419,flight_failure
2688,142,-8.91746090255942,0,253,-0.0111438778362908,0.0317535374258849,0.539967184634419,flight_failure
2689,142,-11.5235983535191,0,139,-0.0111438778362908,0.0317535374258849,0.539967184634419,flight_failure
2690,142,-9.11295036972277,0,178,-0.0111438778362908,0.0317535374258849,0.539967184634419,flight_failure
2691,143,-7.74170164802232,0,99,-0.0143698300840733,0.0395824461411588,0.539356083688144,unsafe_touchdown
2692,143,-9.32769139793717,0,85,-0.0143698300840733,0.0395824461411588,0.539356083688144,unsafe_touchdown
2693,143,-7.93561948578066,0,193,-0.0143698300840733,0.0395824461411588,0.539356083688144,flight_failure
2694,143,-9.65974123903158,0,114,-0.0143698300840733,0.0395824461411588,0.539356083688144,unsafe_touchdown
2695,143,-8.40348228497185,0,334,-0.0143698300840733,0.0395824461411588,0.539356083688144,flight_failure
2696,143,-8.38920050824081,0,311,-0.0143698300840733,0.0395824461411588,0.539356083688144,flight_failure
2697,143,-8.77054393102374,0,125,-0.0143698300840733,0.0395824461411588,0.539356083688144,unsafe_touchdown
2698,143,-9.43043409010358,0,214,-0.0143698300840733,0.0395824461411588,0.539356083688144,flight_failure
2699,143,-10.3100848405593,0,110,-0.0143698300840733,0.0395824461411588,0.539356083688144,unsafe_touchdown
2700,143,-10.2205910166906,0,278,-0.0143698300840733,0.0395824461411588,0.539356083688144,flight_failure
2701,143,-9.30157015364922,0,108,-0.0143698300840733,0.0395824461411588,0.539356083688144,unsafe_touchdown
2702,143,-8.45590733050984,0,243,-0.0143698300840733,0.0395824461411588,0.539356083688144,flight_failure
2703,144,-12.1847570087029,0,106,-0.0168208368649667,0.0429436270210982,0.539813931183454,unsafe_touchdown
2704,144,-10.2452327135418,0,212,-0.0168208368649667,0.0429436270210982,0.539813931183454,flight_failure
2705,144,-11.4165666845138,0,419,-0.0168208368649667,0.0429436270210982,0.539813931183454,unsafe_touchdown
2706,144,-10.1924191135935,0,193,-0.0168208368649667,0.0429436270210982,0.539813931183454,flight_failure
2707,144,-11.1547511210615,0,269,-0.0168208368649667,0.0429436270210982,0.539813931183454,flight_failure
2708,144,-9.86717869846839,0,364,-0.0168208368649667,0.0429436270210982,0.539813931183454,unsafe_touchdown
2709,144,-10.7379331593429,0,208,-0.0168208368649667,0.0429436270210982,0.539813931183454,flight_failure
2710,144,-10.0622053684018,0,189,-0.0168208368649667,0.0429436270210982,0.539813931183454,flight_failure
2711,144,-10.622835293802,0,183,-0.0168208368649667,0.0429436270210982,0.539813931183454,flight_failure
2712,145,-9.15148021109455,0,352,-0.0147849085505933,0.0349790381561742,0.538954208427117,flight_failure
2713,145,-9.02501754264599,0,503,-0.0147849085505933,0.0349790381561742,0.538954208427117,unsafe_touchdown
2714,145,-8.37602628120463,0,320,-0.0147849085505933,0.0349790381561742,0.538954208427117,flight_failure
2715,145,-9.35285291994817,0,256,-0.0147849085505933,0.0349790381561742,0.538954208427117,unsafe_touchdown
2716,145,-7.51274708749587,0,223,-0.0147849085505933,0.0349790381561742,0.538954208427117,flight_failure
2717,145,-8.15055552144459,0,276,-0.0147849085505933,0.0349790381561742,0.538954208427117,flight_failure
2718,145,-8.48027266152893,0,219,-0.0147849085505933,0.0349790381561742,0.538954208427117,unsafe_touchdown
2719,146,-9.72280931496299,0,250,-0.013470661568688,0.0289295254231422,0.536715416107209,flight_failure
2720,146,-9.65051658735269,0,91,-0.013470661568688,0.0289295254231422,0.536715416107209,unsafe_touchdown
2721,146,-9.17789151606192,0,317,-0.013470661568688,0.0289295254231422,0.536715416107209,flight_failure
2722,146,-8.39671184092941,0,222,-0.013470661568688,0.0289295254231422,0.536715416107209,flight_failure
2723,146,-9.10565356466987,0,229,-0.013470661568688,0.0289295254231422,0.536715416107209,flight_failure
2724,146,-9.32891811020663,0,216,-0.013470661568688,0.0289295254231422,0.536715416107209,flight_failure
2725,146,-10.7972340152143,0,252,-0.013470661568688,0.0289295254231422,0.536715416107209,flight_failure
2726,146,-8.76426290606287,0,195,-0.013470661568688,0.0289295254231422,0.536715416107209,flight_failure
2727,146,-8.89853544934352,0,384,-0.013470661568688,0.0289295254231422,0.536715416107209,flight_failure
2728,147,-9.23104716395609,0,216,-0.0118783530975965,0.0300716362829934,0.534819701877862,flight_failure
2729,147,-9.40481418680497,0,242,-0.0118783530975965,0.0300716362829934,0.534819701877862,flight_failure
2730,147,-8.3698036274597,0,111,-0.0118783530975965,0.0300716362829934,0.534819701877862,unsafe_touchdown
2731,147,-10.1886475478857,0,344,-0.0118783530975965,0.0300716362829934,0.534819701877862,flight_failure
2732,147,-10.6079431588,0,363,-0.0118783530975965,0.0300716362829934,0.534819701877862,unsafe_touchdown
2733,147,-8.66192222490488,0,407,-0.0118783530975965,0.0300716362829934,0.534819701877862,unsafe_touchdown
2734,147,-10.3206508030955,0,187,-0.0118783530975965,0.0300716362829934,0.534819701877862,unsafe_touchdown
2735,147,-9.37436200659457,0,101,-0.0118783530975965,0.0300716362829934,0.534819701877862,unsafe_touchdown
2736,147,-8.09500673574689,0,232,-0.0118783530975965,0.0300716362829934,0.534819701877862,flight_failure
2737,148,-8.92351935384375,0,119,-0.0150614900822685,0.0240655838661979,0.533942620400433,unsafe_touchdown
2738,148,-10.2027193983101,0,86,-0.0150614900822685,0.0240655838661979,0.533942620400433,unsafe_touchdown
2739,148,-9.77396819179242,0,339,-0.0150614900822685,0.0240655838661979,0.533942620400433,flight_failure
2740,148,-9.4570908920424,0,247,-0.0150614900822685,0.0240655838661979,0.533942620400433,flight_failure
2741,148,-9.81096118961196,0,241,-0.0150614900822685,0.0240655838661979,0.533942620400433,flight_failure
2742,148,-8.88426257143214,0,415,-0.0150614900822685,0.0240655838661979,0.533942620400433,unsafe_touchdown
2743,148,-8.83065001765116,0,88,-0.0150614900822685,0.0240655838661979,0.533942620400433,unsafe_touchdown
2744,148,-9.38930272620884,0,287,-0.0150614900822685,0.0240655838661979,0.533942620400433,flight_failure
2745,148,-10.2185711807033,0,272,-0.0150614900822685,0.0240655838661979,0.533942620400433,flight_failure
2746,149,-10.3584594411156,0,271,-0.0115113924950308,0.027254620689476,0.533003712561907,flight_failure
2747,149,-10.5666231048045,0,274,-0.0115113924950308,0.027254620689476,0.533003712561907,unsafe_touchdown
2748,149,-10.5592210497886,0,416,-0.0115113924950308,0.027254620689476,0.533003712561907,unsafe_touchdown
2749,149,-8.31343980614712,0,232,-0.0115113924950308,0.027254620689476,0.533003712561907,flight_failure
2750,149,-9.95551736634534,0,291,-0.0115113924950308,0.027254620689476,0.533003712561907,flight_failure
2751,149,-8.62161121136087,0,253,-0.0115113924950308,0.027254620689476,0.533003712561907,flight_failure
2752,149,-8.87614165725512,0,305,-0.0115113924950308,0.027254620689476,0.533003712561907,flight_failure
2753,149,-8.30328137241396,0,167,-0.0115113924950308,0.027254620689476,0.533003712561907,flight_failure
2754,150,-9.96253760764475,0,144,-0.00953438686680549,0.0765030451465987,0.534023128599465,unsafe_touchdown
2755,150,-8.4406387421428,0,383,-0.00953438686680549,0.0765030451465987,0.534023128599465,unsafe_touchdown
2756,150,-8.90075314649752,0,328,-0.00953438686680549,0.0765030451465987,0.534023128599465,unsafe_touchdown
2757,150,-10.8291273501773,0,418,-0.00953438686680549,0.0765030451465987,0.534023128599465,unsafe_touchdown
2758,150,-1.10777809084059,0,293,-0.00953438686680549,0.0765030451465987,0.534023128599465,unsafe_touchdown
2759,150,-9.21870472849486,0,293,-0.00953438686680549,0.0765030451465987,0.534023128599465,flight_failure
2760,150,-12.1148393846781,0,214,-0.00953438686680549,0.0765030451465987,0.534023128599465,flight_failure
2761,151,-8.16606241505628,0,317,-0.0132006883292535,0.0299223797630291,0.53543010224104,flight_failure
2762,151,-9.28344849670173,0,257,-0.0132006883292535,0.0299223797630291,0.53543010224104,flight_failure
2763,151,-8.92249547607872,0,418,-0.0132006883292535,0.0299223797630291,0.53543010224104,flight_failure
2764,151,-13.3158341528684,0,195,-0.0132006883292535,0.0299223797630291,0.53543010224104,flight_failure
2765,151,-9.58256322512638,0,262,-0.0132006883292535,0.0299223797630291,0.53543010224104,flight_failure
2766,151,-9.23301758612836,0,280,-0.0132006883292535,0.0299223797630291,0.53543010224104,flight_failure
2767,151,-9.19828279381752,0,388,-0.0132006883292535,0.0299223797630291,0.53543010224104,flight_failure
2768,152,-8.35403995951325,0,236,-0.0129923834239239,0.0895230691403148,0.534187923155773,flight_failure
2769,152,-11.248532689404,0,215,-0.0129923834239239,0.0895230691403148,0.534187923155773,flight_failure
2770,152,-8.33016216726894,0,105,-0.0129923834239239,0.0895230691403148,0.534187923155773,unsafe_touchdown
2771,152,-9.97077486098405,0,245,-0.0129923834239239,0.0895230691403148,0.534187923155773,flight_failure
2772,152,-8.65392637565015,0,168,-0.0129923834239239,0.0895230691403148,0.534187923155773,flight_failure
2773,152,-6.60538450202719,0,210,-0.0129923834239239,0.0895230691403148,0.534187923155773,unsafe_touchdown
2774,152,-8.43392717444998,0,289,-0.0129923834239239,0.0895230691403148,0.534187923155773,unsafe_touchdown
2775,152,-8.31263582183937,0,283,-0.0129923834239239,0.0895230691403148,0.534187923155773,flight_failure
2776,152,-9.4720331606181,0,79,-0.0129923834239239,0.0895230691403148,0.534187923155773,unsafe_touchdown
2777,152,-9.34030900743087,0,102,-0.0129923834239239,0.0895230691403148,0.534187923155773,unsafe_touchdown
2778,152,-9.98923532372169,0,199,-0.0129923834239239,0.0895230691403148,0.534187923155773,flight_failure
2779,153,-6.7426582346956,0,189,-0.0102773153892401,0.0664207698877596,0.535409976729863,flight_failure
2780,153,-10.5461125562724,0,378,-0.0102773153892401,0.0664207698877596,0.535409976729863,unsafe_touchdown
2781,153,-5.9779498277133,0,86,-0.0102773153892401,0.0664207698877596,0.535409976729863,unsafe_touchdown
2782,153,-4.68544130416524,0,327,-0.0102773153892401,0.0664207698877596,0.535409976729863,flight_failure
2783,153,-11.2336691890528,0,182,-0.0102773153892401,0.0664207698877596,0.535409976729863,flight_failure
2784,153,-9.15550921195342,0,217,-0.0102773153892401,0.0664207698877596,0.535409976729863,flight_failure
2785,153,-10.3151325789693,0,197,-0.0102773153892401,0.0664207698877596,0.535409976729863,flight_failure
2786,153,-9.68562096802787,0,381,-0.0102773153892401,0.0664207698877596,0.535409976729863,flight_failure
2787,153,-11.1486508516805,0,183,-0.0102773153892401,0.0664207698877596,0.535409976729863,flight_failure
2788,154,-11.0870681412416,0,234,-0.0164537720948318,0.0404645420439136,0.536396929580918,flight_failure
2789,154,-9.93545338249526,0,126,-0.0164537720948318,0.0404645420439136,0.536396929580918,unsafe_touchdown
2790,154,-8.3670039290204,0,113,-0.0164537720948318,0.0404645420439136,0.536396929580918,unsafe_touchdown
2791,154,-10.6756460902856,0,178,-0.0164537720948318,0.0404645420439136,0.536396929580918,unsafe_touchdown
2792,154,-9.06548405735304,0,316,-0.0164537720948318,0.0404645420439136,0.536396929580918,flight_failure
2793,154,-9.7700052337424,0,193,-0.0164537720948318,0.0404645420439136,0.536396929580918,flight_failure
2794,154,-9.57262723306337,0,215,-0.0164537720948318,0.0404645420439136,0.536396929580918,flight_failure
2795,154,-11.2658249799073,0,197,-0.0164537720948318,0.0404645420439136,0.536396929580918,flight_failure
2796,154,-9.45415552320975,0,211,-0.0164537720948318,0.0404645420439136,0.536396929580918,flight_failure
2797,154,-8.33570259918073,0,304,-0.0164537720948318,0.0404645420439136,0.536396929580918,flight_failure
2798,155,-9.00382887918984,0,233,-0.0227795525178301,0.0659555133436593,0.536604240680026,flight_failure
2799,155,-9.62941631426501,0,301,-0.0227795525178301,0.0659555133436593,0.536604240680026,flight_failure
2800,155,-12.2242674556291,0,324,-0.0227795525178301,0.0659555133436593,0.536604240680026,flight_failure
2801,155,-10.2139257549414,0,243,-0.0227795525178301,0.0659555133436593,0.536604240680026,flight_failure
2802,155,-12.4280388023381,0,228,-0.0227795525178301,0.0659555133436593,0.536604240680026,flight_failure
2803,155,-8.81798418630367,0,108,-0.0227795525178301,0.0659555133436593,0.536604240680026,unsafe_touchdown
2804,155,-10.8022919876563,0,229,-0.0227795525178301,0.0659555133436593,0.536604240680026,flight_failure
2805,155,-7.74677379970238,0,225,-0.0227795525178301,0.0659555133436593,0.536604240680026,flight_failure
2806,155,-9.84829429473204,0,223,-0.0227795525178301,0.0659555133436593,0.536604240680026,flight_failure
2807,156,-11.7343698327903,0,198,-0.0174237056301882,0.0333354635674949,0.538139511046117,flight_failure
2808,156,-10.4689323252385,0,237,-0.0174237056301882,0.0333354635674949,0.538139511046117,flight_failure
2809,156,-9.20884871235891,0,239,-0.0174237056301882,0.0333354635674949,0.538139511046117,flight_failure
2810,156,-8.53130773863475,0,111,-0.0174237056301882,0.0333354635674949,0.538139511046117,unsafe_touchdown
2811,156,-9.4494980630592,0,229,-0.0174237056301882,0.0333354635674949,0.538139511046117,flight_failure
2812,156,-8.92661744397537,0,233,-0.0174237056301882,0.0333354635674949,0.538139511046117,flight_failure
2813,156,-10.469918949229,0,199,-0.0174237056301882,0.0333354635674949,0.538139511046117,flight_failure
2814,156,-8.95094010926291,0,195,-0.0174237056301882,0.0333354635674949,0.538139511046117,flight_failure
2815,156,-11.5785651849276,0,204,-0.0174237056301882,0.0333354635674949,0.538139511046117,flight_failure
2816,156,-10.3231155425104,0,179,-0.0174237056301882,0.0333354635674949,0.538139511046117,flight_failure
2817,156,-8.49185945347476,0,219,-0.0174237056301882,0.0333354635674949,0.538139511046117,flight_failure
2818,157,-12.0009563638871,0,213,-0.0153137329968511,0.0452554922452739,0.537935841687852,flight_failure
2819,157,-9.33582511564373,0,175,-0.0153137329968511,0.0452554922452739,0.537935841687852,flight_failure
2820,157,-12.087186996691,0,219,-0.0153137329968511,0.0452554922452739,0.537935841687852,flight_failure
2821,157,-9.15337631596432,0,244,-0.0153137329968511,0.0452554922452739,0.537935841687852,flight_failure
2822,157,-7.95113684343591,0,381,-0.0153137329968511,0.0452554922452739,0.537935841687852,unsafe_touchdown
2823,157,-12.1964449528508,0,221,-0.0153137329968511,0.0452554922452739,0.537935841687852,flight_failure
2824,157,-8.69332833745511,0,216,-0.0153137329968511,0.0452554922452739,0.537935841687852,flight_failure
2825,157,-9.49939507288256,0,172,-0.0153137329968511,0.0452554922452739,0.537935841687852,unsafe_touchdown
2826,157,-9.10482211810909,0,96,-0.0153137329968511,0.0452554922452739,0.537935841687852,unsafe_touchdown
2827,157,-8.94892361897054,0,224,-0.0153137329968511,0.0452554922452739,0.537935841687852,flight_failure
2828,158,-7.08605664390102,0,342,-0.0161407983265024,0.0465392138422357,0.540041201753253,unsafe_touchdown
2829,158,-10.5827717434847,0,298,-0.0161407983265024,0.0465392138422357,0.540041201753253,flight_failure
2830,158,-9.93066458405878,0,289,-0.0161407983265024,0.0465392138422357,0.540041201753253,flight_failure
2831,158,-6.06559446868643,0,354,-0.0161407983265024,0.0465392138422357,0.540041201753253,unsafe_touchdown
2832,158,-11.0023602827977,0,415,-0.0161407983265024,0.0465392138422357,0.540041201753253,flight_failure
2833,158,-10.1247728668735,0,343,-0.0161407983265024,0.0465392138422357,0.540041201753253,flight_failure
2834,158,-9.50117994093172,0,285,-0.0161407983265024,0.0465392138422357,0.540041201753253,flight_failure
2835,159,-11.2374509650722,0,126,-0.017497724911181,0.0366982888275702,0.540303331322143,unsafe_touchdown
2836,159,-10.0712790879914,0,125,-0.017497724911181,0.0366982888275702,0.540303331322143,unsafe_touchdown
2837,159,-8.2025739157847,0,210,-0.017497724911181,0.0366982888275702,0.540303331322143,flight_failure
2838,159,-10.6692088203691,0,223,-0.017497724911181,0.0366982888275702,0.540303331322143,flight_failure
2839,159,-9.87371942604162,0,383,-0.017497724911181,0.0366982888275702,0.540303331322143,unsafe_touchdown
2840,159,-10.662345837145,0,216,-0.017497724911181,0.0366982888275702,0.540303331322143,flight_failure
2841,159,-9.9384332529394,0,233,-0.017497724911181,0.0366982888275702,0.540303331322143,flight_failure
2842,159,-8.82335592099108,0,185,-0.017497724911181,0.0366982888275702,0.540303331322143,flight_failure
2843,159,-10.056188977122,0,181,-0.017497724911181,0.0366982888275702,0.540303331322143,flight_failure
2844,159,-8.71537165295329,0,82,-0.017497724911181,0.0366982888275702,0.540303331322143,unsafe_touchdown
2845,159,-11.7664638463741,0,235,-0.017497724911181,0.0366982888275702,0.540303331322143,flight_failure
2846,160,-10.345476511969,0,433,-0.0124524922426746,0.0335308517258715,0.539293358248711,flight_failure
2847,160,-9.9319700648381,0,377,-0.0124524922426746,0.0335308517258715,0.539293358248711,flight_failure
2848,160,-9.88419051224563,0,308,-0.0124524922426746,0.0335308517258715,0.539293358248711,unsafe_touchdown
2849,160,-9.85114536796434,0,442,-0.0124524922426746,0.0335308517258715,0.539293358248711,flight_failure
2850,160,-10.6034381962045,0,142,-0.0124524922426746,0.0335308517258715,0.539293358248711,unsafe_touchdown
2851,160,-9.48868785155714,0,402,-0.0124524922426746,0.0335308517258715,0.539293358248711,flight_failure
2852,161,-9.05167339631281,0,200,-0.0142358831220358,0.0588366858681767,0.538734315843832,flight_failure
2853,161,-9.29547618754441,0,87,-0.0142358831220358,0.0588366858681767,0.538734315843832,unsafe_touchdown
2854,161,-8.76035322003208,0,277,-0.0142358831220358,0.0588366858681767,0.538734315843832,flight_failure
2855,161,-13.9474842761647,0,254,-0.0142358831220358,0.0588366858681767,0.538734315843832,unsafe_touchdown
2856,161,-9.48408998461471,0,302,-0.0142358831220358,0.0588366858681767,0.538734315843832,flight_failure
2857,161,-10.3908567321317,0,206,-0.0142358831220358,0.0588366858681767,0.538734315843832,flight_failure
2858,161,-9.09239437788125,0,209,-0.0142358831220358,0.0588366858681767,0.538734315843832,flight_failure
2859,161,-7.69708293898347,0,251,-0.0142358831220358,0.0588366858681767,0.538734315843832,flight_failure
2860,161,-11.5969282740366,0,204,-0.0142358831220358,0.0588366858681767,0.538734315843832,flight_failure
2861,161,-11.8143515397613,0,118,-0.0142358831220358,0.0588366858681767,0.538734315843832,unsafe_touchdown
2862,162,-9.5676513923114,0,387,-0.0156802728679619,0.0268781707479522,0.538481121924155,unsafe_touchdown
2863,162,-10.9918111823807,0,406,-0.0156802728679619,0.0268781707479522,0.538481121924155,flight_failure
2864,162,-10.4327476617651,0,222,-0.0156802728679619,0.0268781707479522,0.538481121924155,flight_failure
2865,162,-10.1024270696448,0,268,-0.0156802728679619,0.0268781707479522,0.538481121924155,flight_failure
2866,162,-8.99346242022969,0,108,-0.0156802728679619,0.0268781707479522,0.538481121924155,unsafe_touchdown
2867,162,-9.59127525114187,0,391,-0.0156802728679619,0.0268781707479522,0.538481121924155,unsafe_touchdown
2868,162,-9.03209608343288,0,252,-0.0156802728679619,0.0268781707479522,0.538481121924155,flight_failure
2869,162,-10.6898944609708,0,243,-0.0156802728679619,0.0268781707479522,0.538481121924155,flight_failure
2870,163,-9.86338059633879,0,210,-0.0113217828113836,0.123029031227235,0.537297538075326,flight_failure
2871,163,-9.35838188650131,0,236,-0.0113217828113836,0.123029031227235,0.537297538075326,flight_failure
2872,163,-9.69972972863117,0,218,-0.0113217828113836,0.123029031227235,0.537297538075326,flight_failure
2873,163,-6.98368868308552,0,231,-0.0113217828113836,0.123029031227235,0.537297538075326,flight_failure
2874,163,-8.3878210787653,0,179,-0.0113217828113836,0.123029031227235,0.537297538075326,flight_failure
2875,163,-9.81022516573994,0,259,-0.0113217828113836,0.123029031227235,0.537297538075326,flight_failure
2876,163,-16.8028659211748,0,217,-0.0113217828113836,0.123029031227235,0.537297538075326,flight_failure
2877,163,-4.41528065729362,0,314,-0.0113217828113836,0.123029031227235,0.537297538075326,flight_failure
2878,163,-5.95758425037477,0,130,-0.0113217828113836,0.123029031227235,0.537297538075326,unsafe_touchdown
2879,163,-9.25987811188613,0,181,-0.0113217828113836,0.123029031227235,0.537297538075326,flight_failure
2880,164,-7.8041391488178,0,434,-0.0167281984550226,0.0937124088496113,0.535298974434477,unsafe_touchdown
2881,164,-8.96476476301642,0,214,-0.0167281984550226,0.0937124088496113,0.535298974434477,flight_failure
2882,164,-8.63432399900314,0,189,-0.0167281984550226,0.0937124088496113,0.535298974434477,flight_failure
2883,164,-9.45776607228301,0,254,-0.0167281984550226,0.0937124088496113,0.535298974434477,flight_failure
2884,164,-8.35315036551163,0,189,-0.0167281984550226,0.0937124088496113,0.535298974434477,flight_failure
2885,164,-9.46774844554035,0,172,-0.0167281984550226,0.0937124088496113,0.535298974434477,flight_failure
2886,164,1.5152390837425,0,339,-0.0167281984550226,0.0937124088496113,0.535298974434477,unsafe_touchdown
2887,164,-8.28894128162787,0,222,-0.0167281984550226,0.0937124088496113,0.535298974434477,flight_failure
2888,164,-9.69467356561241,0,195,-0.0167281984550226,0.0937124088496113,0.535298974434477,flight_failure
2889,165,-10.039612839123,0,282,-0.0144216731929527,0.0500999036615166,0.535908274177543,flight_failure
2890,165,-9.65326687548278,0,394,-0.0144216731929527,0.0500999036615166,0.535908274177543,flight_failure
2891,165,-10.4893246371789,0,195,-0.0144216731929527,0.0500999036615166,0.535908274177543,flight_failure
2892,165,-8.68337724607479,0,150,-0.0144216731929527,0.0500999036615166,0.535908274177543,unsafe_touchdown
2893,165,-10.1419172253343,0,190,-0.0144216731929527,0.0500999036615166,0.535908274177543,flight_failure
2894,165,-10.4789457921948,0,403,-0.0144216731929527,0.0500999036615166,0.535908274177543,unsafe_touchdown
2895,165,-9.17963647076152,0,85,-0.0144216731929527,0.0500999036615166,0.535908274177543,unsafe_touchdown
2896,165,-8.95358518735938,0,198,-0.0144216731929527,0.0500999036615166,0.535908274177543,flight_failure
2897,165,-10.5651289532949,0,78,-0.0144216731929527,0.0500999036615166,0.535908274177543,unsafe_touchdown
2898,165,-8.1799148697698,0,196,-0.0144216731929527,0.0500999036615166,0.535908274177543,flight_failure
2899,166,-8.95175479489631,0,247,-0.013040364762566,0.034634319834367,0.536916618433536,flight_failure
2900,166,-10.4067293091686,0,224,-0.013040364762566,0.034634319834367,0.536916618433536,flight_failure
2901,166,-9.85136058523542,0,379,-0.013040364762566,0.034634319834367,0.536916618433536,flight_failure
2902,166,-10.1698906402342,0,259,-0.013040364762566,0.034634319834367,0.536916618433536,flight_failure
2903,166,-7.36725712946968,0,319,-0.013040364762566,0.034634319834367,0.536916618433536,flight_failure
2904,166,-10.1359959246452,0,374,-0.013040364762566,0.034634319834367,0.536916618433536,unsafe_touchdown
2905,166,-9.56469020129467,0,216,-0.013040364762566,0.034634319834367,0.536916618433536,flight_failure
2906,166,-6.90544818757844,0,205,-0.013040364762566,0.034634319834367,0.536916618433536,flight_failure
2907,167,-10.2581014171821,0,227,-0.0184647170903523,0.0399967125131049,0.535613018979232,flight_failure
2908,167,-8.2416112799804,0,201,-0.0184647170903523,0.0399967125131049,0.535613018979232,flight_failure
2909,167,-9.02577232550892,0,194,-0.0184647170903523,0.0399967125131049,0.535613018979232,flight_failure
2910,167,-9.30993823533656,0,98,-0.0184647170903523,0.0399967125131049,0.535613018979232,unsafe_touchdown
2911,167,-10.9194136429469,0,409,-0.0184647170903523,0.0399967125131049,0.535613018979232,unsafe_touchdown
2912,167,-10.2516569534869,0,247,-0.0184647170903523,0.0399967125131049,0.535613018979232,flight_failure
2913,167,-9.59025845162103,0,410,-0.0184647170903523,0.0399967125131049,0.535613018979232,unsafe_touchdown
2914,167,-9.35039959615531,0,102,-0.0184647170903523,0.0399967125131049,0.535613018979232,unsafe_touchdown
2915,167,-10.1123222835529,0,315,-0.0184647170903523,0.0399967125131049,0.535613018979232,flight_failure
2916,168,-8.87683385215906,0,411,-0.0197390757030808,0.0416036935059703,0.533367883410651,unsafe_touchdown
2917,168,-10.9105818621334,0,268,-0.0197390757030808,0.0416036935059703,0.533367883410651,flight_failure
2918,168,-10.493700551832,0,221,-0.0197390757030808,0.0416036935059703,0.533367883410651,flight_failure
2919,168,-9.16636453742932,0,210,-0.0197390757030808,0.0416036935059703,0.533367883410651,flight_failure
2920,168,-7.76351283436755,0,202,-0.0197390757030808,0.0416036935059703,0.533367883410651,flight_failure
2921,168,-8.28838487712249,0,155,-0.0197390757030808,0.0416036935059703,0.533367883410651,unsafe_touchdown
2922,168,-6.25739684909603,0,204,-0.0197390757030808,0.0416036935059703,0.533367883410651,flight_failure
2923,168,-10.5446159119209,0,357,-0.0197390757030808,0.0416036935059703,0.533367883410651,unsafe_touchdown
2924,168,-10.3934143867466,0,413,-0.0197390757030808,0.0416036935059703,0.533367883410651,flight_failure
2925,169,-11.2156523062238,0,229,-0.0126744520953297,0.0608009207816961,0.532882383993395,unsafe_touchdown
2926,169,-8.95470250200209,0,202,-0.0126744520953297,0.0608009207816961,0.532882383993395,flight_failure
2927,169,-9.93124438501095,0,106,-0.0126744520953297,0.0608009207816961,0.532882383993395,unsafe_touchdown
2928,169,-13.8589146609763,0,377,-0.0126744520953297,0.0608009207816961,0.532882383993395,unsafe_touchdown
2929,169,-6.36111316025001,0,210,-0.0126744520953297,0.0608009207816961,0.532882383993395,unsafe_touchdown
2930,169,-8.40773159086564,0,212,-0.0126744520953297,0.0608009207816961,0.532882383993395,flight_failure
2931,169,-10.5300861993911,0,255,-0.0126744520953297,0.0608009207816961,0.532882383993395,flight_failure
2932,169,-7.13816102748851,0,378,-0.0126744520953297,0.0608009207816961,0.532882383993395,unsafe_touchdown
2933,169,-8.95978073369672,0,353,-0.0126744520953297,0.0608009207816961,0.532882383993395,unsafe_touchdown
2934,170,-8.58714550065981,0,476,-0.0100539994461907,0.021754457622046,0.532774481407541,unsafe_touchdown
2935,170,-9.20870651768515,0,198,-0.0100539994461907,0.021754457622046,0.532774481407541,flight_failure
2936,170,-11.8799021399909,0,367,-0.0100539994461907,0.021754457622046,0.532774481407541,unsafe_touchdown
2937,170,-8.63471308841202,0,295,-0.0100539994461907,0.021754457622046,0.532774481407541,flight_failure
2938,170,-9.27230720769468,0,222,-0.0100539994461907,0.021754457622046,0.532774481407541,flight_failure
2939,170,-9.88308267024466,0,206,-0.0100539994461907,0.021754457622046,0.532774481407541,flight_failure
2940,170,-9.87611097284694,0,260,-0.0100539994461907,0.021754457622046,0.532774481407541,flight_failure
2941,170,-9.50540990901384,0,213,-0.0100539994461907,0.021754457622046,0.532774481407541,flight_failure
2942,171,-8.4200535995761,0,213,-0.00999061476686821,0.0454576082210976,0.531331479930896,flight_failure
2943,171,-9.98358029421053,0,122,-0.00999061476686821,0.0454576082210976,0.531331479930896,unsafe_touchdown
2944,171,-6.58234830722712,0,169,-0.00999061476686821,0.0454576082210976,0.531331479930896,unsafe_touchdown
2945,171,-9.85088828704315,0,380,-0.00999061476686821,0.0454576082210976,0.531331479930896,flight_failure
2946,171,-7.19564334337504,0,220,-0.00999061476686821,0.0454576082210976,0.531331479930896,flight_failure
2947,171,-9.16993478264488,0,121,-0.00999061476686821,0.0454576082210976,0.531331479930896,unsafe_touchdown
2948,171,-7.44364913718185,0,409,-0.00999061476686821,0.0454576082210976,0.531331479930896,flight_failure
2949,171,-10.9815434723216,0,365,-0.00999061476686821,0.0454576082210976,0.531331479930896,flight_failure
2950,171,-10.2656807576451,0,269,-0.00999061476686821,0.0454576082210976,0.531331479930896,flight_failure
