Episode,Iteration,Return,Success,Steps,ActorLoss,CriticLoss,PolicyStd,Status
1,1,-27.6288458523177,0,93,-0.0141586818385381,11.251325078773,0.577339714658725,unsafe_touchdown
2,1,-25.9459371771719,0,86,-0.0141586818385381,11.251325078773,0.577339714658725,unsafe_touchdown
3,1,-22.8008955961744,0,86,-0.0141586818385381,11.251325078773,0.577339714658725,unsafe_touchdown
4,1,-27.0913776035893,0,88,-0.0141586818385381,11.251325078773,0.577339714658725,unsafe_touchdown
5,1,-24.6496335623608,0,85,-0.0141586818385381,11.251325078773,0.577339714658725,unsafe_touchdown
6,1,-26.0187247551926,0,91,-0.0141586818385381,11.251325078773,0.577339714658725,unsafe_touchdown
7,1,-28.3947581699473,0,86,-0.0141586818385381,11.251325078773,0.577339714658725,unsafe_touchdown
8,1,-25.716011582051,0,89,-0.0141586818385381,11.251325078773,0.577339714658725,unsafe_touchdown
9,1,-25.6479172344305,0,88,-0.0141586818385381,11.251325078773,0.577339714658725,unsafe_touchdown
10,1,-23.7819048713554,0,91,-0.0141586818385381,11.251325078773,0.577339714658725,unsafe_touchdown
11,1,-23.7536862886223,0,87,-0.0141586818385381,11.251325078773,0.577339714658725,unsafe_touchdown
12,1,-25.7559237019465,0,90,-0.0141586818385381,11.251325078773,0.577339714658725,unsafe_touchdown
13,1,-25.7827024130247,0,90,-0.0141586818385381,11.251325078773,0.577339714658725,unsafe_touchdown
14,1,-25.4876582152722,0,95,-0.0141586818385381,11.251325078773,0.577339714658725,unsafe_touchdown
15,1,-26.7281592053658,0,96,-0.0141586818385381,11.251325078773,0.577339714658725,unsafe_touchdown
16,1,-24.7924500539669,0,96,-0.0141586818385381,11.251325078773,0.577339714658725,unsafe_touchdown
17,1,-28.2978080718486,0,95,-0.0141586818385381,11.251325078773,0.577339714658725,unsafe_touchdown
18,1,-29.3057433588789,0,100,-0.0141586818385381,11.251325078773,0.577339714658725,unsafe_touchdown
19,1,-26.3174540282501,0,95,-0.0141586818385381,11.251325078773,0.577339714658725,unsafe_touchdown
20,1,-26.0706472149962,0,94,-0.0141586818385381,11.251325078773,0.577339714658725,unsafe_touchdown
21,1,-26.1085598498154,0,94,-0.0141586818385381,11.251325078773,0.577339714658725,unsafe_touchdown
22,1,-23.4417574539242,0,80,-0.0141586818385381,11.251325078773,0.577339714658725,unsafe_touchdown
23,1,-25.5112596619425,0,82,-0.0141586818385381,11.251325078773,0.577339714658725,unsafe_touchdown
24,2,-24.8031137400271,0,84,-0.0164293137826227,2.97235254590728,0.577830596421335,unsafe_touchdown
25,2,-28.0864366499681,0,84,-0.0164293137826227,2.97235254590728,0.577830596421335,unsafe_touchdown
26,2,-26.6557866173563,0,96,-0.0164293137826227,2.97235254590728,0.577830596421335,unsafe_touchdown
27,2,-23.8736158115395,0,99,-0.0164293137826227,2.97235254590728,0.577830596421335,unsafe_touchdown
28,2,-24.4175112613609,0,82,-0.0164293137826227,2.97235254590728,0.577830596421335,unsafe_touchdown
29,2,-23.8824767701941,0,81,-0.0164293137826227,2.97235254590728,0.577830596421335,unsafe_touchdown
30,2,-28.563619022465,0,106,-0.0164293137826227,2.97235254590728,0.577830596421335,unsafe_touchdown
31,2,-25.5798401636767,0,81,-0.0164293137826227,2.97235254590728,0.577830596421335,unsafe_touchdown
32,2,-25.709046072733,0,92,-0.0164293137826227,2.97235254590728,0.577830596421335,unsafe_touchdown
33,2,-27.3320032266575,0,108,-0.0164293137826227,2.97235254590728,0.577830596421335,unsafe_touchdown
34,2,-24.1183140258935,0,85,-0.0164293137826227,2.97235254590728,0.577830596421335,unsafe_touchdown
35,2,-24.8583506822406,0,84,-0.0164293137826227,2.97235254590728,0.577830596421335,unsafe_touchdown
36,2,-28.2502569746196,0,97,-0.0164293137826227,2.97235254590728,0.577830596421335,unsafe_touchdown
37,2,-26.1033046907859,0,84,-0.0164293137826227,2.97235254590728,0.577830596421335,unsafe_touchdown
38,2,-26.3988572085738,0,88,-0.0164293137826227,2.97235254590728,0.577830596421335,unsafe_touchdown
39,2,-25.2999373079084,0,89,-0.0164293137826227,2.97235254590728,0.577830596421335,unsafe_touchdown
40,2,-24.9005831733133,0,102,-0.0164293137826227,2.97235254590728,0.577830596421335,unsafe_touchdown
41,2,-26.3654060647486,0,80,-0.0164293137826227,2.97235254590728,0.577830596421335,unsafe_touchdown
42,2,-24.313082975043,0,83,-0.0164293137826227,2.97235254590728,0.577830596421335,unsafe_touchdown
43,2,-26.415370806117,0,95,-0.0164293137826227,2.97235254590728,0.577830596421335,unsafe_touchdown
44,2,-26.3191902889895,0,88,-0.0164293137826227,2.97235254590728,0.577830596421335,unsafe_touchdown
45,2,-25.4918161073443,0,77,-0.0164293137826227,2.97235254590728,0.577830596421335,unsafe_touchdown
46,2,-24.5875984244965,0,87,-0.0164293137826227,2.97235254590728,0.577830596421335,unsafe_touchdown
47,3,-26.7285512359511,0,99,-0.0190568127197527,1.09369957610558,0.575287228859044,unsafe_touchdown
48,3,-26.8843531091672,0,92,-0.0190568127197527,1.09369957610558,0.575287228859044,unsafe_touchdown
49,3,-24.3394613117409,0,84,-0.0190568127197527,1.09369957610558,0.575287228859044,unsafe_touchdown
50,3,-25.0993809347212,0,95,-0.0190568127197527,1.09369957610558,0.575287228859044,unsafe_touchdown
51,3,-25.3671691660077,0,77,-0.0190568127197527,1.09369957610558,0.575287228859044,unsafe_touchdown
52,3,-28.6939692305205,0,90,-0.0190568127197527,1.09369957610558,0.575287228859044,unsafe_touchdown
53,3,-27.8176513103301,0,79,-0.0190568127197527,1.09369957610558,0.575287228859044,unsafe_touchdown
54,3,-25.6765930829862,0,81,-0.0190568127197527,1.09369957610558,0.575287228859044,unsafe_touchdown
55,3,-27.5037025448167,0,80,-0.0190568127197527,1.09369957610558,0.575287228859044,unsafe_touchdown
56,3,-25.7742012939827,0,87,-0.0190568127197527,1.09369957610558,0.575287228859044,unsafe_touchdown
57,3,-25.1963500886416,0,96,-0.0190568127197527,1.09369957610558,0.575287228859044,unsafe_touchdown
58,3,-25.8917587510712,0,92,-0.0190568127197527,1.09369957610558,0.575287228859044,unsafe_touchdown
59,3,-27.1848582324178,0,100,-0.0190568127197527,1.09369957610558,0.575287228859044,unsafe_touchdown
60,3,-27.1058976778101,0,81,-0.0190568127197527,1.09369957610558,0.575287228859044,unsafe_touchdown
61,3,-23.719906167811,0,92,-0.0190568127197527,1.09369957610558,0.575287228859044,unsafe_touchdown
62,3,-27.6049155146755,0,88,-0.0190568127197527,1.09369957610558,0.575287228859044,unsafe_touchdown
63,3,-24.6983306848138,0,86,-0.0190568127197527,1.09369957610558,0.575287228859044,unsafe_touchdown
64,3,-26.7116985863135,0,94,-0.0190568127197527,1.09369957610558,0.575287228859044,unsafe_touchdown
65,3,-25.952457914565,0,83,-0.0190568127197527,1.09369957610558,0.575287228859044,unsafe_touchdown
66,3,-28.8369450832211,0,85,-0.0190568127197527,1.09369957610558,0.575287228859044,unsafe_touchdown
67,3,-26.4202028770368,0,81,-0.0190568127197527,1.09369957610558,0.575287228859044,unsafe_touchdown
68,3,-24.0548146493872,0,92,-0.0190568127197527,1.09369957610558,0.575287228859044,unsafe_touchdown
69,3,-25.690086184525,0,87,-0.0190568127197527,1.09369957610558,0.575287228859044,unsafe_touchdown
70,3,-22.8685044314583,0,83,-0.0190568127197527,1.09369957610558,0.575287228859044,unsafe_touchdown
71,4,-25.6990643438298,0,84,-0.0148450069908318,0.430897350959061,0.575240045968566,unsafe_touchdown
72,4,-30.2190078300807,0,83,-0.0148450069908318,0.430897350959061,0.575240045968566,unsafe_touchdown
73,4,-25.0560021326099,0,95,-0.0148450069908318,0.430897350959061,0.575240045968566,unsafe_touchdown
74,4,-26.1502875038194,0,84,-0.0148450069908318,0.430897350959061,0.575240045968566,unsafe_touchdown
75,4,-30.2447049336551,0,92,-0.0148450069908318,0.430897350959061,0.575240045968566,unsafe_touchdown
76,4,-26.3488535773105,0,96,-0.0148450069908318,0.430897350959061,0.575240045968566,unsafe_touchdown
77,4,-29.0188424882388,0,96,-0.0148450069908318,0.430897350959061,0.575240045968566,unsafe_touchdown
78,4,-28.5278859188438,0,87,-0.0148450069908318,0.430897350959061,0.575240045968566,unsafe_touchdown
79,4,-24.4541910511912,0,89,-0.0148450069908318,0.430897350959061,0.575240045968566,unsafe_touchdown
80,4,-27.7606502608929,0,85,-0.0148450069908318,0.430897350959061,0.575240045968566,unsafe_touchdown
81,4,-25.5906708360465,0,92,-0.0148450069908318,0.430897350959061,0.575240045968566,unsafe_touchdown
82,4,-24.8490231425837,0,94,-0.0148450069908318,0.430897350959061,0.575240045968566,unsafe_touchdown
83,4,-26.7784868990713,0,98,-0.0148450069908318,0.430897350959061,0.575240045968566,unsafe_touchdown
84,4,-25.0714405920427,0,88,-0.0148450069908318,0.430897350959061,0.575240045968566,unsafe_touchdown
85,4,-27.9598312919306,0,98,-0.0148450069908318,0.430897350959061,0.575240045968566,unsafe_touchdown
86,4,-26.8164067871622,0,98,-0.0148450069908318,0.430897350959061,0.575240045968566,unsafe_touchdown
87,4,-30.7127712938409,0,100,-0.0148450069908318,0.430897350959061,0.575240045968566,unsafe_touchdown
88,4,-24.4517928375163,0,88,-0.0148450069908318,0.430897350959061,0.575240045968566,unsafe_touchdown
89,4,-25.0169900210437,0,88,-0.0148450069908318,0.430897350959061,0.575240045968566,unsafe_touchdown
90,4,-27.5079766472176,0,88,-0.0148450069908318,0.430897350959061,0.575240045968566,unsafe_touchdown
91,4,-27.8720829399732,0,84,-0.0148450069908318,0.430897350959061,0.575240045968566,unsafe_touchdown
92,4,-28.3286884089272,0,97,-0.0148450069908318,0.430897350959061,0.575240045968566,unsafe_touchdown
93,4,-30.5029395071209,0,87,-0.0148450069908318,0.430897350959061,0.575240045968566,unsafe_touchdown
94,5,-26.2940408499652,0,91,-0.0177943827485215,0.214242016797566,0.575059851888752,unsafe_touchdown
95,5,-24.7183729060834,0,82,-0.0177943827485215,0.214242016797566,0.575059851888752,unsafe_touchdown
96,5,-26.0583740282117,0,108,-0.0177943827485215,0.214242016797566,0.575059851888752,unsafe_touchdown
97,5,-26.3169553142825,0,85,-0.0177943827485215,0.214242016797566,0.575059851888752,unsafe_touchdown
98,5,-24.2526988576238,0,89,-0.0177943827485215,0.214242016797566,0.575059851888752,unsafe_touchdown
99,5,-23.8312829936418,0,81,-0.0177943827485215,0.214242016797566,0.575059851888752,unsafe_touchdown
100,5,-22.8937671731091,0,87,-0.0177943827485215,0.214242016797566,0.575059851888752,unsafe_touchdown
101,5,-23.6605940272753,0,96,-0.0177943827485215,0.214242016797566,0.575059851888752,unsafe_touchdown
102,5,-23.9764295574583,0,86,-0.0177943827485215,0.214242016797566,0.575059851888752,unsafe_touchdown
103,5,-26.8718930113658,0,97,-0.0177943827485215,0.214242016797566,0.575059851888752,unsafe_touchdown
104,5,-24.3298233812812,0,86,-0.0177943827485215,0.214242016797566,0.575059851888752,unsafe_touchdown
105,5,-23.5781095823046,0,88,-0.0177943827485215,0.214242016797566,0.575059851888752,unsafe_touchdown
106,5,-25.1098744454114,0,103,-0.0177943827485215,0.214242016797566,0.575059851888752,unsafe_touchdown
107,5,-26.639839666075,0,79,-0.0177943827485215,0.214242016797566,0.575059851888752,unsafe_touchdown
108,5,-28.4751488452922,0,99,-0.0177943827485215,0.214242016797566,0.575059851888752,unsafe_touchdown
109,5,-23.0549320234133,0,87,-0.0177943827485215,0.214242016797566,0.575059851888752,unsafe_touchdown
110,5,-27.194872072153,0,101,-0.0177943827485215,0.214242016797566,0.575059851888752,unsafe_touchdown
111,5,-26.653669443396,0,105,-0.0177943827485215,0.214242016797566,0.575059851888752,unsafe_touchdown
112,5,-27.5261449554772,0,84,-0.0177943827485215,0.214242016797566,0.575059851888752,unsafe_touchdown
113,5,-26.6767867257637,0,89,-0.0177943827485215,0.214242016797566,0.575059851888752,unsafe_touchdown
114,5,-25.3195329345774,0,93,-0.0177943827485215,0.214242016797566,0.575059851888752,unsafe_touchdown
115,5,-23.1693936275875,0,91,-0.0177943827485215,0.214242016797566,0.575059851888752,unsafe_touchdown
116,5,-26.0328251421563,0,91,-0.0177943827485215,0.214242016797566,0.575059851888752,unsafe_touchdown
117,6,-26.5145682720045,0,85,-0.0147828003254118,0.189060764605662,0.574492595980297,unsafe_touchdown
118,6,-28.4104856804508,0,95,-0.0147828003254118,0.189060764605662,0.574492595980297,unsafe_touchdown
119,6,-27.898724727369,0,89,-0.0147828003254118,0.189060764605662,0.574492595980297,unsafe_touchdown
120,6,-29.220811220157,0,92,-0.0147828003254118,0.189060764605662,0.574492595980297,unsafe_touchdown
121,6,-25.9581567595335,0,99,-0.0147828003254118,0.189060764605662,0.574492595980297,unsafe_touchdown
122,6,-24.1600371463122,0,102,-0.0147828003254118,0.189060764605662,0.574492595980297,unsafe_touchdown
123,6,-25.3099246092619,0,96,-0.0147828003254118,0.189060764605662,0.574492595980297,unsafe_touchdown
124,6,-24.7040205996711,0,96,-0.0147828003254118,0.189060764605662,0.574492595980297,unsafe_touchdown
125,6,-26.7633362483376,0,93,-0.0147828003254118,0.189060764605662,0.574492595980297,unsafe_touchdown
126,6,-24.5948097666258,0,81,-0.0147828003254118,0.189060764605662,0.574492595980297,unsafe_touchdown
127,6,-26.3020509938846,0,94,-0.0147828003254118,0.189060764605662,0.574492595980297,unsafe_touchdown
128,6,-26.1622807139645,0,95,-0.0147828003254118,0.189060764605662,0.574492595980297,unsafe_touchdown
129,6,-27.2028072927119,0,85,-0.0147828003254118,0.189060764605662,0.574492595980297,unsafe_touchdown
130,6,-25.9651654716373,0,88,-0.0147828003254118,0.189060764605662,0.574492595980297,unsafe_touchdown
131,6,-26.521636483362,0,89,-0.0147828003254118,0.189060764605662,0.574492595980297,unsafe_touchdown
132,6,-24.513832189547,0,91,-0.0147828003254118,0.189060764605662,0.574492595980297,unsafe_touchdown
133,6,-24.6737958520417,0,97,-0.0147828003254118,0.189060764605662,0.574492595980297,unsafe_touchdown
134,6,-25.4299630662102,0,95,-0.0147828003254118,0.189060764605662,0.574492595980297,unsafe_touchdown
135,6,-25.237164581594,0,88,-0.0147828003254118,0.189060764605662,0.574492595980297,unsafe_touchdown
136,6,-28.3526001268126,0,105,-0.0147828003254118,0.189060764605662,0.574492595980297,unsafe_touchdown
137,6,-26.0204003505138,0,82,-0.0147828003254118,0.189060764605662,0.574492595980297,unsafe_touchdown
138,6,-28.3450476334753,0,78,-0.0147828003254118,0.189060764605662,0.574492595980297,unsafe_touchdown
139,6,-30.1121662686702,0,89,-0.0147828003254118,0.189060764605662,0.574492595980297,unsafe_touchdown
140,7,-25.2093495013855,0,86,-0.0165851373783998,0.204912864739094,0.573524230694118,unsafe_touchdown
141,7,-24.555966571497,0,92,-0.0165851373783998,0.204912864739094,0.573524230694118,unsafe_touchdown
142,7,-24.5298531481825,0,95,-0.0165851373783998,0.204912864739094,0.573524230694118,unsafe_touchdown
143,7,-28.0585907517505,0,97,-0.0165851373783998,0.204912864739094,0.573524230694118,unsafe_touchdown
144,7,-31.3320159767752,0,96,-0.0165851373783998,0.204912864739094,0.573524230694118,unsafe_touchdown
145,7,-24.4406418965826,0,82,-0.0165851373783998,0.204912864739094,0.573524230694118,unsafe_touchdown
146,7,-26.4302033944541,0,84,-0.0165851373783998,0.204912864739094,0.573524230694118,unsafe_touchdown
147,7,-24.1901194332848,0,91,-0.0165851373783998,0.204912864739094,0.573524230694118,unsafe_touchdown
148,7,-29.1271218929272,0,95,-0.0165851373783998,0.204912864739094,0.573524230694118,unsafe_touchdown
149,7,-28.992262884979,0,93,-0.0165851373783998,0.204912864739094,0.573524230694118,unsafe_touchdown
150,7,-23.5905779538611,0,84,-0.0165851373783998,0.204912864739094,0.573524230694118,unsafe_touchdown
151,7,-27.9281152557574,0,102,-0.0165851373783998,0.204912864739094,0.573524230694118,unsafe_touchdown
152,7,-25.8940179197739,0,90,-0.0165851373783998,0.204912864739094,0.573524230694118,unsafe_touchdown
153,7,-24.8551805582245,0,88,-0.0165851373783998,0.204912864739094,0.573524230694118,unsafe_touchdown
154,7,-28.3518187000701,0,99,-0.0165851373783998,0.204912864739094,0.573524230694118,unsafe_touchdown
155,7,-24.4437883740305,0,93,-0.0165851373783998,0.204912864739094,0.573524230694118,unsafe_touchdown
156,7,-26.5240685892585,0,98,-0.0165851373783998,0.204912864739094,0.573524230694118,unsafe_touchdown
157,7,-25.7510292233971,0,81,-0.0165851373783998,0.204912864739094,0.573524230694118,unsafe_touchdown
158,7,-22.9170469602972,0,91,-0.0165851373783998,0.204912864739094,0.573524230694118,unsafe_touchdown
159,7,-25.2716744748943,0,92,-0.0165851373783998,0.204912864739094,0.573524230694118,unsafe_touchdown
160,7,-25.1229497108847,0,81,-0.0165851373783998,0.204912864739094,0.573524230694118,unsafe_touchdown
161,7,-24.8756102412806,0,92,-0.0165851373783998,0.204912864739094,0.573524230694118,unsafe_touchdown
162,7,-25.8395344161965,0,86,-0.0165851373783998,0.204912864739094,0.573524230694118,unsafe_touchdown
163,8,-26.9707440900787,0,91,-0.0182206874449378,0.282936955874373,0.570513245244927,unsafe_touchdown
164,8,-24.0079439446524,0,98,-0.0182206874449378,0.282936955874373,0.570513245244927,unsafe_touchdown
165,8,-25.8799326939856,0,89,-0.0182206874449378,0.282936955874373,0.570513245244927,unsafe_touchdown
166,8,-24.4051132301205,0,91,-0.0182206874449378,0.282936955874373,0.570513245244927,unsafe_touchdown
167,8,-24.2532044349997,0,80,-0.0182206874449378,0.282936955874373,0.570513245244927,unsafe_touchdown
168,8,-28.8707967455406,0,92,-0.0182206874449378,0.282936955874373,0.570513245244927,unsafe_touchdown
169,8,-27.3663052108484,0,99,-0.0182206874449378,0.282936955874373,0.570513245244927,unsafe_touchdown
170,8,-28.2635409168761,0,84,-0.0182206874449378,0.282936955874373,0.570513245244927,unsafe_touchdown
171,8,-27.032996080889,0,84,-0.0182206874449378,0.282936955874373,0.570513245244927,unsafe_touchdown
172,8,-26.2752278747279,0,95,-0.0182206874449378,0.282936955874373,0.570513245244927,unsafe_touchdown
173,8,-26.4110113704821,0,87,-0.0182206874449378,0.282936955874373,0.570513245244927,unsafe_touchdown
174,8,-25.9729842924439,0,94,-0.0182206874449378,0.282936955874373,0.570513245244927,unsafe_touchdown
175,8,-26.4098476937768,0,87,-0.0182206874449378,0.282936955874373,0.570513245244927,unsafe_touchdown
176,8,-24.4007218216231,0,79,-0.0182206874449378,0.282936955874373,0.570513245244927,unsafe_touchdown
177,8,-30.9220214951035,0,99,-0.0182206874449378,0.282936955874373,0.570513245244927,unsafe_touchdown
178,8,-25.853227965023,0,98,-0.0182206874449378,0.282936955874373,0.570513245244927,unsafe_touchdown
179,8,-29.3927782044739,0,88,-0.0182206874449378,0.282936955874373,0.570513245244927,unsafe_touchdown
180,8,-26.6313774676797,0,86,-0.0182206874449378,0.282936955874373,0.570513245244927,unsafe_touchdown
181,8,-27.6942153159721,0,93,-0.0182206874449378,0.282936955874373,0.570513245244927,unsafe_touchdown
182,8,-24.9385494236908,0,86,-0.0182206874449378,0.282936955874373,0.570513245244927,unsafe_touchdown
183,8,-24.24311012829,0,89,-0.0182206874449378,0.282936955874373,0.570513245244927,unsafe_touchdown
184,8,-29.3956979317701,0,89,-0.0182206874449378,0.282936955874373,0.570513245244927,unsafe_touchdown
185,8,-30.0673023178218,0,93,-0.0182206874449378,0.282936955874373,0.570513245244927,unsafe_touchdown
186,9,-22.9198480721669,0,96,-0.0144791847726175,0.359674349960369,0.568794565642553,unsafe_touchdown
187,9,-26.7523928521981,0,83,-0.0144791847726175,0.359674349960369,0.568794565642553,unsafe_touchdown
188,9,-26.3063774949299,0,114,-0.0144791847726175,0.359674349960369,0.568794565642553,unsafe_touchdown
189,9,-26.0473379207722,0,91,-0.0144791847726175,0.359674349960369,0.568794565642553,unsafe_touchdown
190,9,-25.7471214569571,0,96,-0.0144791847726175,0.359674349960369,0.568794565642553,unsafe_touchdown
191,9,-29.3463462350508,0,100,-0.0144791847726175,0.359674349960369,0.568794565642553,unsafe_touchdown
192,9,-27.4047700470527,0,89,-0.0144791847726175,0.359674349960369,0.568794565642553,unsafe_touchdown
193,9,-24.6192894733194,0,93,-0.0144791847726175,0.359674349960369,0.568794565642553,unsafe_touchdown
194,9,-27.7724211043056,0,86,-0.0144791847726175,0.359674349960369,0.568794565642553,unsafe_touchdown
195,9,-27.2972653315845,0,91,-0.0144791847726175,0.359674349960369,0.568794565642553,unsafe_touchdown
196,9,-26.8872417625627,0,94,-0.0144791847726175,0.359674349960369,0.568794565642553,unsafe_touchdown
197,9,-24.3077569136888,0,104,-0.0144791847726175,0.359674349960369,0.568794565642553,unsafe_touchdown
198,9,-28.0449391619131,0,98,-0.0144791847726175,0.359674349960369,0.568794565642553,unsafe_touchdown
199,9,-29.1593499212715,0,97,-0.0144791847726175,0.359674349960369,0.568794565642553,unsafe_touchdown
200,9,-29.069795725756,0,78,-0.0144791847726175,0.359674349960369,0.568794565642553,unsafe_touchdown
201,9,-23.9506911761298,0,98,-0.0144791847726175,0.359674349960369,0.568794565642553,unsafe_touchdown
202,9,-27.73675804717,0,94,-0.0144791847726175,0.359674349960369,0.568794565642553,unsafe_touchdown
203,9,-26.8855419217879,0,120,-0.0144791847726175,0.359674349960369,0.568794565642553,unsafe_touchdown
204,9,-28.2089366962443,0,99,-0.0144791847726175,0.359674349960369,0.568794565642553,unsafe_touchdown
205,9,-30.5227665731061,0,97,-0.0144791847726175,0.359674349960369,0.568794565642553,unsafe_touchdown
206,9,-28.6071727512568,0,83,-0.0144791847726175,0.359674349960369,0.568794565642553,unsafe_touchdown
207,9,-24.7951248858391,0,91,-0.0144791847726175,0.359674349960369,0.568794565642553,unsafe_touchdown
208,10,-25.2742448364096,0,87,-0.0137058666377877,0.445172433110628,0.569097942568402,unsafe_touchdown
209,10,-27.1580734359624,0,96,-0.0137058666377877,0.445172433110628,0.569097942568402,unsafe_touchdown
210,10,-30.7442918075414,0,92,-0.0137058666377877,0.445172433110628,0.569097942568402,unsafe_touchdown
211,10,-25.1839721282365,0,89,-0.0137058666377877,0.445172433110628,0.569097942568402,unsafe_touchdown
212,10,-26.6391236529318,0,93,-0.0137058666377877,0.445172433110628,0.569097942568402,unsafe_touchdown
213,10,-24.7957447999007,0,94,-0.0137058666377877,0.445172433110628,0.569097942568402,unsafe_touchdown
214,10,-27.3844086632639,0,98,-0.0137058666377877,0.445172433110628,0.569097942568402,unsafe_touchdown
215,10,-30.51847084735,0,101,-0.0137058666377877,0.445172433110628,0.569097942568402,unsafe_touchdown
216,10,-31.2099170871244,0,115,-0.0137058666377877,0.445172433110628,0.569097942568402,unsafe_touchdown
217,10,-27.2684259578971,0,99,-0.0137058666377877,0.445172433110628,0.569097942568402,unsafe_touchdown
218,10,-25.030262391584,0,102,-0.0137058666377877,0.445172433110628,0.569097942568402,unsafe_touchdown
219,10,-24.2824565007992,0,104,-0.0137058666377877,0.445172433110628,0.569097942568402,unsafe_touchdown
220,10,-27.4704514942079,0,87,-0.0137058666377877,0.445172433110628,0.569097942568402,unsafe_touchdown
221,10,-25.570417281111,0,100,-0.0137058666377877,0.445172433110628,0.569097942568402,unsafe_touchdown
222,10,-27.7823612685767,0,92,-0.0137058666377877,0.445172433110628,0.569097942568402,unsafe_touchdown
223,10,-26.1679970696534,0,93,-0.0137058666377877,0.445172433110628,0.569097942568402,unsafe_touchdown
224,10,-24.8791037109617,0,87,-0.0137058666377877,0.445172433110628,0.569097942568402,unsafe_touchdown
225,10,-28.1038584274552,0,95,-0.0137058666377877,0.445172433110628,0.569097942568402,unsafe_touchdown
226,10,-26.2987758200192,0,90,-0.0137058666377877,0.445172433110628,0.569097942568402,unsafe_touchdown
227,10,-24.1062111479602,0,91,-0.0137058666377877,0.445172433110628,0.569097942568402,unsafe_touchdown
228,10,-24.3595967452805,0,96,-0.0137058666377877,0.445172433110628,0.569097942568402,unsafe_touchdown
229,10,-27.8548387130148,0,94,-0.0137058666377877,0.445172433110628,0.569097942568402,unsafe_touchdown
230,11,-26.3321029205378,0,91,-0.0143970108433364,0.453832244039154,0.569519961088494,unsafe_touchdown
231,11,-23.8214392453266,0,94,-0.0143970108433364,0.453832244039154,0.569519961088494,unsafe_touchdown
232,11,-27.5147047377655,0,93,-0.0143970108433364,0.453832244039154,0.569519961088494,unsafe_touchdown
233,11,-24.963726904877,0,96,-0.0143970108433364,0.453832244039154,0.569519961088494,unsafe_touchdown
234,11,-24.4305773072825,0,85,-0.0143970108433364,0.453832244039154,0.569519961088494,unsafe_touchdown
235,11,-25.4556481778299,0,94,-0.0143970108433364,0.453832244039154,0.569519961088494,unsafe_touchdown
236,11,-27.4064217172995,0,87,-0.0143970108433364,0.453832244039154,0.569519961088494,unsafe_touchdown
237,11,-23.5890370530692,0,88,-0.0143970108433364,0.453832244039154,0.569519961088494,unsafe_touchdown
238,11,-28.7626971065732,0,99,-0.0143970108433364,0.453832244039154,0.569519961088494,unsafe_touchdown
239,11,-24.6839002287325,0,93,-0.0143970108433364,0.453832244039154,0.569519961088494,unsafe_touchdown
240,11,-24.3295224518048,0,94,-0.0143970108433364,0.453832244039154,0.569519961088494,unsafe_touchdown
241,11,-27.1028569479965,0,99,-0.0143970108433364,0.453832244039154,0.569519961088494,unsafe_touchdown
242,11,-27.428921784937,0,83,-0.0143970108433364,0.453832244039154,0.569519961088494,unsafe_touchdown
243,11,-25.0018827675726,0,101,-0.0143970108433364,0.453832244039154,0.569519961088494,unsafe_touchdown
244,11,-24.7509137897653,0,85,-0.0143970108433364,0.453832244039154,0.569519961088494,unsafe_touchdown
245,11,-29.4445354067937,0,85,-0.0143970108433364,0.453832244039154,0.569519961088494,unsafe_touchdown
246,11,-23.9598389512919,0,81,-0.0143970108433364,0.453832244039154,0.569519961088494,unsafe_touchdown
247,11,-25.5859196624533,0,85,-0.0143970108433364,0.453832244039154,0.569519961088494,unsafe_touchdown
248,11,-23.4666022699079,0,89,-0.0143970108433364,0.453832244039154,0.569519961088494,unsafe_touchdown
249,11,-24.384515061875,0,96,-0.0143970108433364,0.453832244039154,0.569519961088494,unsafe_touchdown
250,11,-26.2557851075338,0,89,-0.0143970108433364,0.453832244039154,0.569519961088494,unsafe_touchdown
251,11,-26.1935997689407,0,88,-0.0143970108433364,0.453832244039154,0.569519961088494,unsafe_touchdown
252,11,-28.9499608068414,0,86,-0.0143970108433364,0.453832244039154,0.569519961088494,unsafe_touchdown
253,12,-26.5602074426008,0,90,-0.00416906374687966,0.496065328221892,0.569243135687374,unsafe_touchdown
254,12,-28.9173102203721,0,99,-0.00416906374687966,0.496065328221892,0.569243135687374,unsafe_touchdown
255,12,-28.8854180326717,0,100,-0.00416906374687966,0.496065328221892,0.569243135687374,unsafe_touchdown
256,12,-28.6271844953657,0,113,-0.00416906374687966,0.496065328221892,0.569243135687374,unsafe_touchdown
257,12,-26.1495640430724,0,94,-0.00416906374687966,0.496065328221892,0.569243135687374,unsafe_touchdown
258,12,-29.5485942388586,0,86,-0.00416906374687966,0.496065328221892,0.569243135687374,unsafe_touchdown
259,12,-23.7520214466407,0,92,-0.00416906374687966,0.496065328221892,0.569243135687374,unsafe_touchdown
260,12,-26.9932583750737,0,82,-0.00416906374687966,0.496065328221892,0.569243135687374,unsafe_touchdown
261,12,-24.8971876742233,0,89,-0.00416906374687966,0.496065328221892,0.569243135687374,unsafe_touchdown
262,12,-25.0984531252664,0,86,-0.00416906374687966,0.496065328221892,0.569243135687374,unsafe_touchdown
263,12,-28.2067182045931,0,87,-0.00416906374687966,0.496065328221892,0.569243135687374,unsafe_touchdown
264,12,-26.849773866325,0,92,-0.00416906374687966,0.496065328221892,0.569243135687374,unsafe_touchdown
265,12,-29.6683121197263,0,96,-0.00416906374687966,0.496065328221892,0.569243135687374,unsafe_touchdown
266,12,-25.8700110880262,0,109,-0.00416906374687966,0.496065328221892,0.569243135687374,unsafe_touchdown
267,12,-28.1130688487234,0,95,-0.00416906374687966,0.496065328221892,0.569243135687374,unsafe_touchdown
268,12,-28.7806732107092,0,88,-0.00416906374687966,0.496065328221892,0.569243135687374,unsafe_touchdown
269,12,-27.4522807395037,0,92,-0.00416906374687966,0.496065328221892,0.569243135687374,unsafe_touchdown
270,12,-24.6772619486325,0,86,-0.00416906374687966,0.496065328221892,0.569243135687374,unsafe_touchdown
271,12,-24.2113806792059,0,107,-0.00416906374687966,0.496065328221892,0.569243135687374,unsafe_touchdown
272,12,-23.3302585649998,0,85,-0.00416906374687966,0.496065328221892,0.569243135687374,unsafe_touchdown
273,12,-24.2545098996201,0,86,-0.00416906374687966,0.496065328221892,0.569243135687374,unsafe_touchdown
274,12,-26.2567541059307,0,95,-0.00416906374687966,0.496065328221892,0.569243135687374,unsafe_touchdown
275,13,-26.6168068086422,0,87,-0.0164271844590727,0.501805324867569,0.568082494782692,unsafe_touchdown
276,13,-28.1114560968659,0,84,-0.0164271844590727,0.501805324867569,0.568082494782692,unsafe_touchdown
277,13,-25.7067437929522,0,89,-0.0164271844590727,0.501805324867569,0.568082494782692,unsafe_touchdown
278,13,-29.1849719800504,0,97,-0.0164271844590727,0.501805324867569,0.568082494782692,unsafe_touchdown
279,13,-26.2684290056827,0,92,-0.0164271844590727,0.501805324867569,0.568082494782692,unsafe_touchdown
280,13,-25.7905478289403,0,89,-0.0164271844590727,0.501805324867569,0.568082494782692,unsafe_touchdown
281,13,-25.8227102481304,0,90,-0.0164271844590727,0.501805324867569,0.568082494782692,unsafe_touchdown
282,13,-26.5481826841243,0,100,-0.0164271844590727,0.501805324867569,0.568082494782692,unsafe_touchdown
283,13,-25.4062718261201,0,96,-0.0164271844590727,0.501805324867569,0.568082494782692,unsafe_touchdown
284,13,-25.7582870261786,0,94,-0.0164271844590727,0.501805324867569,0.568082494782692,unsafe_touchdown
285,13,-26.7536575510731,0,83,-0.0164271844590727,0.501805324867569,0.568082494782692,unsafe_touchdown
286,13,-25.5831854691319,0,118,-0.0164271844590727,0.501805324867569,0.568082494782692,unsafe_touchdown
287,13,-28.0629840487984,0,90,-0.0164271844590727,0.501805324867569,0.568082494782692,unsafe_touchdown
288,13,-27.8709019619067,0,100,-0.0164271844590727,0.501805324867569,0.568082494782692,unsafe_touchdown
289,13,-23.6994038549581,0,105,-0.0164271844590727,0.501805324867569,0.568082494782692,unsafe_touchdown
290,13,-27.6326029947775,0,85,-0.0164271844590727,0.501805324867569,0.568082494782692,unsafe_touchdown
291,13,-25.1296831038245,0,95,-0.0164271844590727,0.501805324867569,0.568082494782692,unsafe_touchdown
292,13,-23.2453467188206,0,83,-0.0164271844590727,0.501805324867569,0.568082494782692,unsafe_touchdown
293,13,-26.2804231849762,0,93,-0.0164271844590727,0.501805324867569,0.568082494782692,unsafe_touchdown
294,13,-29.4046566504063,0,91,-0.0164271844590727,0.501805324867569,0.568082494782692,unsafe_touchdown
295,13,-25.5468686926117,0,94,-0.0164271844590727,0.501805324867569,0.568082494782692,unsafe_touchdown
296,13,-26.859644043623,0,88,-0.0164271844590727,0.501805324867569,0.568082494782692,unsafe_touchdown
297,13,-24.7814627421062,0,98,-0.0164271844590727,0.501805324867569,0.568082494782692,unsafe_touchdown
298,14,-24.5653914347571,0,92,-0.0159018652450054,0.564291925915999,0.565911696957471,unsafe_touchdown
299,14,-30.2140447063254,0,92,-0.0159018652450054,0.564291925915999,0.565911696957471,unsafe_touchdown
300,14,-25.2016807320618,0,93,-0.0159018652450054,0.564291925915999,0.565911696957471,unsafe_touchdown
301,14,-27.4227311459626,0,99,-0.0159018652450054,0.564291925915999,0.565911696957471,unsafe_touchdown
302,14,-25.9870054541586,0,99,-0.0159018652450054,0.564291925915999,0.565911696957471,unsafe_touchdown
303,14,-28.4923242749753,0,89,-0.0159018652450054,0.564291925915999,0.565911696957471,unsafe_touchdown
304,14,-26.5450481190793,0,84,-0.0159018652450054,0.564291925915999,0.565911696957471,unsafe_touchdown
305,14,-26.3089490135635,0,86,-0.0159018652450054,0.564291925915999,0.565911696957471,unsafe_touchdown
306,14,-28.8671333542483,0,90,-0.0159018652450054,0.564291925915999,0.565911696957471,unsafe_touchdown
307,14,-24.22623504851,0,87,-0.0159018652450054,0.564291925915999,0.565911696957471,unsafe_touchdown
308,14,-26.2157117835837,0,105,-0.0159018652450054,0.564291925915999,0.565911696957471,unsafe_touchdown
309,14,-26.4367414704222,0,82,-0.0159018652450054,0.564291925915999,0.565911696957471,unsafe_touchdown
310,14,-24.5364472606417,0,91,-0.0159018652450054,0.564291925915999,0.565911696957471,unsafe_touchdown
311,14,-25.5320823344277,0,91,-0.0159018652450054,0.564291925915999,0.565911696957471,unsafe_touchdown
312,14,-24.5846976789493,0,100,-0.0159018652450054,0.564291925915999,0.565911696957471,unsafe_touchdown
313,14,-24.9968681761485,0,101,-0.0159018652450054,0.564291925915999,0.565911696957471,unsafe_touchdown
314,14,-26.2332353921962,0,106,-0.0159018652450054,0.564291925915999,0.565911696957471,unsafe_touchdown
315,14,-24.9179203716914,0,94,-0.0159018652450054,0.564291925915999,0.565911696957471,unsafe_touchdown
316,14,-23.881252686076,0,95,-0.0159018652450054,0.564291925915999,0.565911696957471,unsafe_touchdown
317,14,-23.613516546277,0,87,-0.0159018652450054,0.564291925915999,0.565911696957471,unsafe_touchdown
318,14,-24.0400508487952,0,86,-0.0159018652450054,0.564291925915999,0.565911696957471,unsafe_touchdown
319,14,-25.5631976445838,0,91,-0.0159018652450054,0.564291925915999,0.565911696957471,unsafe_touchdown
320,14,-26.0139803359345,0,88,-0.0159018652450054,0.564291925915999,0.565911696957471,unsafe_touchdown
321,15,-26.1125335109657,0,86,-0.0156078441438052,0.56265894403804,0.565412488571643,unsafe_touchdown
322,15,-29.4295146039109,0,94,-0.0156078441438052,0.56265894403804,0.565412488571643,unsafe_touchdown
323,15,-24.430282836181,0,92,-0.0156078441438052,0.56265894403804,0.565412488571643,unsafe_touchdown
324,15,-24.6088482732821,0,101,-0.0156078441438052,0.56265894403804,0.565412488571643,unsafe_touchdown
325,15,-25.1200250793849,0,94,-0.0156078441438052,0.56265894403804,0.565412488571643,unsafe_touchdown
326,15,-26.1882987740801,0,76,-0.0156078441438052,0.56265894403804,0.565412488571643,unsafe_touchdown
327,15,-26.3487373399426,0,88,-0.0156078441438052,0.56265894403804,0.565412488571643,unsafe_touchdown
328,15,-31.4504816466954,0,103,-0.0156078441438052,0.56265894403804,0.565412488571643,unsafe_touchdown
329,15,-28.3837843244236,0,87,-0.0156078441438052,0.56265894403804,0.565412488571643,unsafe_touchdown
330,15,-29.3322890298378,0,93,-0.0156078441438052,0.56265894403804,0.565412488571643,unsafe_touchdown
331,15,-27.9111913882842,0,104,-0.0156078441438052,0.56265894403804,0.565412488571643,unsafe_touchdown
332,15,-26.766848182143,0,88,-0.0156078441438052,0.56265894403804,0.565412488571643,unsafe_touchdown
333,15,-23.3177118755056,0,88,-0.0156078441438052,0.56265894403804,0.565412488571643,unsafe_touchdown
334,15,-24.240389939178,0,105,-0.0156078441438052,0.56265894403804,0.565412488571643,unsafe_touchdown
335,15,-23.3484004017993,0,91,-0.0156078441438052,0.56265894403804,0.565412488571643,unsafe_touchdown
336,15,-28.8560553503637,0,92,-0.0156078441438052,0.56265894403804,0.565412488571643,unsafe_touchdown
337,15,-25.0448259643474,0,91,-0.0156078441438052,0.56265894403804,0.565412488571643,unsafe_touchdown
338,15,-24.1947213247426,0,104,-0.0156078441438052,0.56265894403804,0.565412488571643,unsafe_touchdown
339,15,-25.4618902218673,0,101,-0.0156078441438052,0.56265894403804,0.565412488571643,unsafe_touchdown
340,15,-28.9388728946912,0,92,-0.0156078441438052,0.56265894403804,0.565412488571643,unsafe_touchdown
341,15,-26.5104559074019,0,92,-0.0156078441438052,0.56265894403804,0.565412488571643,unsafe_touchdown
342,15,-25.8759286205414,0,89,-0.0156078441438052,0.56265894403804,0.565412488571643,unsafe_touchdown
343,16,-27.1724031131601,0,109,-0.0156399296808215,0.626828254150699,0.564178150939319,unsafe_touchdown
344,16,-26.9028616801196,0,96,-0.0156399296808215,0.626828254150699,0.564178150939319,unsafe_touchdown
345,16,-29.6106945035403,0,98,-0.0156399296808215,0.626828254150699,0.564178150939319,unsafe_touchdown
346,16,-24.7958161510584,0,96,-0.0156399296808215,0.626828254150699,0.564178150939319,unsafe_touchdown
347,16,-25.8028235204324,0,108,-0.0156399296808215,0.626828254150699,0.564178150939319,unsafe_touchdown
348,16,-26.7649900603945,0,84,-0.0156399296808215,0.626828254150699,0.564178150939319,unsafe_touchdown
349,16,-24.0481529217029,0,89,-0.0156399296808215,0.626828254150699,0.564178150939319,unsafe_touchdown
350,16,-25.2479252235466,0,100,-0.0156399296808215,0.626828254150699,0.564178150939319,unsafe_touchdown
351,16,-30.6604553460282,0,91,-0.0156399296808215,0.626828254150699,0.564178150939319,unsafe_touchdown
352,16,-26.8368168706415,0,91,-0.0156399296808215,0.626828254150699,0.564178150939319,unsafe_touchdown
353,16,-30.6470078049297,0,97,-0.0156399296808215,0.626828254150699,0.564178150939319,unsafe_touchdown
354,16,-24.5061739831942,0,84,-0.0156399296808215,0.626828254150699,0.564178150939319,unsafe_touchdown
355,16,-27.5344661082307,0,84,-0.0156399296808215,0.626828254150699,0.564178150939319,unsafe_touchdown
356,16,-28.3453263694155,0,101,-0.0156399296808215,0.626828254150699,0.564178150939319,unsafe_touchdown
357,16,-27.7628606182951,0,92,-0.0156399296808215,0.626828254150699,0.564178150939319,unsafe_touchdown
358,16,-28.7841654257524,0,94,-0.0156399296808215,0.626828254150699,0.564178150939319,unsafe_touchdown
359,16,-24.8766987318251,0,87,-0.0156399296808215,0.626828254150699,0.564178150939319,unsafe_touchdown
360,16,-26.5682143229956,0,106,-0.0156399296808215,0.626828254150699,0.564178150939319,unsafe_touchdown
361,16,-29.5571874064911,0,88,-0.0156399296808215,0.626828254150699,0.564178150939319,unsafe_touchdown
362,16,-24.9259742573684,0,89,-0.0156399296808215,0.626828254150699,0.564178150939319,unsafe_touchdown
363,16,-27.2293794511629,0,93,-0.0156399296808215,0.626828254150699,0.564178150939319,unsafe_touchdown
364,16,-28.9362053069822,0,98,-0.0156399296808215,0.626828254150699,0.564178150939319,unsafe_touchdown
365,17,-23.0027067066017,0,93,-0.0143088715471334,0.562370522171367,0.564066182611657,unsafe_touchdown
366,17,-27.1044859281578,0,93,-0.0143088715471334,0.562370522171367,0.564066182611657,unsafe_touchdown
367,17,-24.1313433537744,0,84,-0.0143088715471334,0.562370522171367,0.564066182611657,unsafe_touchdown
368,17,-27.3674665906802,0,89,-0.0143088715471334,0.562370522171367,0.564066182611657,unsafe_touchdown
369,17,-26.4108034329242,0,108,-0.0143088715471334,0.562370522171367,0.564066182611657,unsafe_touchdown
370,17,-25.2026333854073,0,89,-0.0143088715471334,0.562370522171367,0.564066182611657,unsafe_touchdown
371,17,-27.5489565480772,0,90,-0.0143088715471334,0.562370522171367,0.564066182611657,unsafe_touchdown
372,17,-26.4827939031682,0,81,-0.0143088715471334,0.562370522171367,0.564066182611657,unsafe_touchdown
373,17,-24.4991179313532,0,91,-0.0143088715471334,0.562370522171367,0.564066182611657,unsafe_touchdown
374,17,-24.6547128802461,0,110,-0.0143088715471334,0.562370522171367,0.564066182611657,unsafe_touchdown
375,17,-25.1378456634061,0,95,-0.0143088715471334,0.562370522171367,0.564066182611657,unsafe_touchdown
376,17,-28.4815318886778,0,87,-0.0143088715471334,0.562370522171367,0.564066182611657,unsafe_touchdown
377,17,-24.5020298112815,0,101,-0.0143088715471334,0.562370522171367,0.564066182611657,unsafe_touchdown
378,17,-24.0340126512536,0,93,-0.0143088715471334,0.562370522171367,0.564066182611657,unsafe_touchdown
379,17,-26.0827792600124,0,96,-0.0143088715471334,0.562370522171367,0.564066182611657,unsafe_touchdown
380,17,-26.1157973802203,0,99,-0.0143088715471334,0.562370522171367,0.564066182611657,unsafe_touchdown
381,17,-22.782068285631,0,90,-0.0143088715471334,0.562370522171367,0.564066182611657,unsafe_touchdown
382,17,-29.3023982246638,0,97,-0.0143088715471334,0.562370522171367,0.564066182611657,unsafe_touchdown
383,17,-25.7145406356217,0,91,-0.0143088715471334,0.562370522171367,0.564066182611657,unsafe_touchdown
384,17,-27.3524891954256,0,82,-0.0143088715471334,0.562370522171367,0.564066182611657,unsafe_touchdown
385,17,-25.5453627966224,0,97,-0.0143088715471334,0.562370522171367,0.564066182611657,unsafe_touchdown
386,17,-24.1267661751681,0,99,-0.0143088715471334,0.562370522171367,0.564066182611657,unsafe_touchdown
387,18,-24.6252686884522,0,84,-0.0143131282768369,0.569012983119359,0.563452243512258,unsafe_touchdown
388,18,-25.0583409694501,0,102,-0.0143131282768369,0.569012983119359,0.563452243512258,unsafe_touchdown
389,18,-24.9684821762976,0,85,-0.0143131282768369,0.569012983119359,0.563452243512258,unsafe_touchdown
390,18,-24.7275493599324,0,90,-0.0143131282768369,0.569012983119359,0.563452243512258,unsafe_touchdown
391,18,-25.3383819105005,0,86,-0.0143131282768369,0.569012983119359,0.563452243512258,unsafe_touchdown
392,18,-25.8541259661344,0,89,-0.0143131282768369,0.569012983119359,0.563452243512258,unsafe_touchdown
393,18,-24.5789271587597,0,88,-0.0143131282768369,0.569012983119359,0.563452243512258,unsafe_touchdown
394,18,-27.5243743351012,0,99,-0.0143131282768369,0.569012983119359,0.563452243512258,unsafe_touchdown
395,18,-30.8623110896414,0,101,-0.0143131282768369,0.569012983119359,0.563452243512258,unsafe_touchdown
396,18,-24.4847889336794,0,92,-0.0143131282768369,0.569012983119359,0.563452243512258,unsafe_touchdown
397,18,-26.3621812042512,0,95,-0.0143131282768369,0.569012983119359,0.563452243512258,unsafe_touchdown
398,18,-24.905259785446,0,94,-0.0143131282768369,0.569012983119359,0.563452243512258,unsafe_touchdown
399,18,-24.8554745018592,0,90,-0.0143131282768369,0.569012983119359,0.563452243512258,unsafe_touchdown
400,18,-25.3435135899535,0,92,-0.0143131282768369,0.569012983119359,0.563452243512258,unsafe_touchdown
401,18,-28.7699577297529,0,109,-0.0143131282768369,0.569012983119359,0.563452243512258,unsafe_touchdown
402,18,-26.523781373782,0,93,-0.0143131282768369,0.569012983119359,0.563452243512258,unsafe_touchdown
403,18,-27.7038243242091,0,93,-0.0143131282768369,0.569012983119359,0.563452243512258,unsafe_touchdown
404,18,-28.5027728057269,0,85,-0.0143131282768369,0.569012983119359,0.563452243512258,unsafe_touchdown
405,18,-24.0498228066261,0,103,-0.0143131282768369,0.569012983119359,0.563452243512258,unsafe_touchdown
406,18,-24.4340177386625,0,94,-0.0143131282768369,0.569012983119359,0.563452243512258,unsafe_touchdown
407,18,-28.0311438249618,0,89,-0.0143131282768369,0.569012983119359,0.563452243512258,unsafe_touchdown
408,18,-26.5709372454831,0,90,-0.0143131282768369,0.569012983119359,0.563452243512258,unsafe_touchdown
409,18,-23.6271744921892,0,88,-0.0143131282768369,0.569012983119359,0.563452243512258,unsafe_touchdown
410,19,-26.1828217334527,0,88,-0.0147319739719036,0.658966473899192,0.561272744995214,unsafe_touchdown
411,19,-26.4895950421158,0,101,-0.0147319739719036,0.658966473899192,0.561272744995214,unsafe_touchdown
412,19,-23.7125784902753,0,80,-0.0147319739719036,0.658966473899192,0.561272744995214,unsafe_touchdown
413,19,-30.4891007905763,0,100,-0.0147319739719036,0.658966473899192,0.561272744995214,unsafe_touchdown
414,19,-29.1624810110101,0,97,-0.0147319739719036,0.658966473899192,0.561272744995214,unsafe_touchdown
415,19,-26.8607140584645,0,97,-0.0147319739719036,0.658966473899192,0.561272744995214,unsafe_touchdown
416,19,-27.0435807975255,0,97,-0.0147319739719036,0.658966473899192,0.561272744995214,unsafe_touchdown
417,19,-23.1591629570564,0,86,-0.0147319739719036,0.658966473899192,0.561272744995214,unsafe_touchdown
418,19,-28.4716762036373,0,83,-0.0147319739719036,0.658966473899192,0.561272744995214,unsafe_touchdown
419,19,-27.939116072584,0,97,-0.0147319739719036,0.658966473899192,0.561272744995214,unsafe_touchdown
420,19,-29.9942224795501,0,90,-0.0147319739719036,0.658966473899192,0.561272744995214,unsafe_touchdown
421,19,-24.1194302239431,0,90,-0.0147319739719036,0.658966473899192,0.561272744995214,unsafe_touchdown
422,19,-25.2720778226171,0,96,-0.0147319739719036,0.658966473899192,0.561272744995214,unsafe_touchdown
423,19,-28.5152886065878,0,94,-0.0147319739719036,0.658966473899192,0.561272744995214,unsafe_touchdown
424,19,-26.4104097308209,0,87,-0.0147319739719036,0.658966473899192,0.561272744995214,unsafe_touchdown
425,19,-27.1996735699391,0,77,-0.0147319739719036,0.658966473899192,0.561272744995214,unsafe_touchdown
426,19,-22.7132529328712,0,96,-0.0147319739719036,0.658966473899192,0.561272744995214,unsafe_touchdown
427,19,-24.4881306748132,0,80,-0.0147319739719036,0.658966473899192,0.561272744995214,unsafe_touchdown
428,19,-26.5577535722913,0,92,-0.0147319739719036,0.658966473899192,0.561272744995214,unsafe_touchdown
429,19,-25.2255770647761,0,94,-0.0147319739719036,0.658966473899192,0.561272744995214,unsafe_touchdown
430,19,-27.9565762129914,0,94,-0.0147319739719036,0.658966473899192,0.561272744995214,unsafe_touchdown
431,19,-25.5850543995205,0,90,-0.0147319739719036,0.658966473899192,0.561272744995214,unsafe_touchdown
432,19,-24.4736900566571,0,88,-0.0147319739719036,0.658966473899192,0.561272744995214,unsafe_touchdown
433,20,-26.1455437249075,0,96,-0.0178951586952687,0.585602051812287,0.561467590745973,unsafe_touchdown
434,20,-28.4196124412328,0,92,-0.0178951586952687,0.585602051812287,0.561467590745973,unsafe_touchdown
435,20,-27.1753926752943,0,80,-0.0178951586952687,0.585602051812287,0.561467590745973,unsafe_touchdown
436,20,-24.4900379726551,0,110,-0.0178951586952687,0.585602051812287,0.561467590745973,unsafe_touchdown
437,20,-24.7453803394523,0,94,-0.0178951586952687,0.585602051812287,0.561467590745973,unsafe_touchdown
438,20,-28.1598705740634,0,81,-0.0178951586952687,0.585602051812287,0.561467590745973,unsafe_touchdown
439,20,-26.1696763794219,0,93,-0.0178951586952687,0.585602051812287,0.561467590745973,unsafe_touchdown
440,20,-26.894299737532,0,92,-0.0178951586952687,0.585602051812287,0.561467590745973,unsafe_touchdown
441,20,-25.1830294265362,0,95,-0.0178951586952687,0.585602051812287,0.561467590745973,unsafe_touchdown
442,20,-27.4519837396378,0,95,-0.0178951586952687,0.585602051812287,0.561467590745973,unsafe_touchdown
443,20,-24.5654155359931,0,89,-0.0178951586952687,0.585602051812287,0.561467590745973,unsafe_touchdown
444,20,-24.0326382452495,0,82,-0.0178951586952687,0.585602051812287,0.561467590745973,unsafe_touchdown
445,20,-25.308137042253,0,87,-0.0178951586952687,0.585602051812287,0.561467590745973,unsafe_touchdown
446,20,-26.3951110394029,0,90,-0.0178951586952687,0.585602051812287,0.561467590745973,unsafe_touchdown
447,20,-27.7653586345037,0,94,-0.0178951586952687,0.585602051812287,0.561467590745973,unsafe_touchdown
448,20,-24.773844695236,0,100,-0.0178951586952687,0.585602051812287,0.561467590745973,unsafe_touchdown
449,20,-26.186773604535,0,104,-0.0178951586952687,0.585602051812287,0.561467590745973,unsafe_touchdown
450,20,-28.1469413585516,0,90,-0.0178951586952687,0.585602051812287,0.561467590745973,unsafe_touchdown
451,20,-25.8880338290019,0,95,-0.0178951586952687,0.585602051812287,0.561467590745973,unsafe_touchdown
452,20,-25.3228692340179,0,95,-0.0178951586952687,0.585602051812287,0.561467590745973,unsafe_touchdown
453,20,-25.5777674877127,0,95,-0.0178951586952687,0.585602051812287,0.561467590745973,unsafe_touchdown
454,20,-26.4894646406931,0,90,-0.0178951586952687,0.585602051812287,0.561467590745973,unsafe_touchdown
455,20,-27.4422343674811,0,90,-0.0178951586952687,0.585602051812287,0.561467590745973,unsafe_touchdown
456,21,-26.0739516881836,0,85,-0.018932120089664,0.580598821161923,0.559758774377112,unsafe_touchdown
457,21,-27.2765655208492,0,82,-0.018932120089664,0.580598821161923,0.559758774377112,unsafe_touchdown
458,21,-23.3714369573828,0,101,-0.018932120089664,0.580598821161923,0.559758774377112,unsafe_touchdown
459,21,-23.3334588439918,0,90,-0.018932120089664,0.580598821161923,0.559758774377112,unsafe_touchdown
460,21,-27.7537833846742,0,92,-0.018932120089664,0.580598821161923,0.559758774377112,unsafe_touchdown
461,21,-26.6738543211993,0,86,-0.018932120089664,0.580598821161923,0.559758774377112,unsafe_touchdown
462,21,-27.0502151979386,0,94,-0.018932120089664,0.580598821161923,0.559758774377112,unsafe_touchdown
463,21,-25.772021312194,0,84,-0.018932120089664,0.580598821161923,0.559758774377112,unsafe_touchdown
464,21,-22.8268978028031,0,90,-0.018932120089664,0.580598821161923,0.559758774377112,unsafe_touchdown
465,21,-26.038241656562,0,105,-0.018932120089664,0.580598821161923,0.559758774377112,unsafe_touchdown
466,21,-28.1731732186909,0,95,-0.018932120089664,0.580598821161923,0.559758774377112,unsafe_touchdown
467,21,-25.2520098588052,0,82,-0.018932120089664,0.580598821161923,0.559758774377112,unsafe_touchdown
468,21,-26.9327158319729,0,101,-0.018932120089664,0.580598821161923,0.559758774377112,unsafe_touchdown
469,21,-23.8819178622292,0,88,-0.018932120089664,0.580598821161923,0.559758774377112,unsafe_touchdown
470,21,-24.9863044631927,0,98,-0.018932120089664,0.580598821161923,0.559758774377112,unsafe_touchdown
471,21,-27.3239022768057,0,88,-0.018932120089664,0.580598821161923,0.559758774377112,unsafe_touchdown
472,21,-26.6462518399277,0,95,-0.018932120089664,0.580598821161923,0.559758774377112,unsafe_touchdown
473,21,-26.0956390601454,0,83,-0.018932120089664,0.580598821161923,0.559758774377112,unsafe_touchdown
474,21,-25.0441971626799,0,93,-0.018932120089664,0.580598821161923,0.559758774377112,unsafe_touchdown
475,21,-27.3626380050862,0,99,-0.018932120089664,0.580598821161923,0.559758774377112,unsafe_touchdown
476,21,-25.5970720826387,0,89,-0.018932120089664,0.580598821161923,0.559758774377112,unsafe_touchdown
477,21,-26.2085911822346,0,95,-0.018932120089664,0.580598821161923,0.559758774377112,unsafe_touchdown
478,21,-27.8408431665229,0,85,-0.018932120089664,0.580598821161923,0.559758774377112,unsafe_touchdown
479,22,-28.3151703786617,0,84,-0.0160483315650728,0.637826927963909,0.558642992499689,unsafe_touchdown
480,22,-26.2140657832003,0,96,-0.0160483315650728,0.637826927963909,0.558642992499689,unsafe_touchdown
481,22,-28.3440443528585,0,96,-0.0160483315650728,0.637826927963909,0.558642992499689,unsafe_touchdown
482,22,-25.5539650201346,0,94,-0.0160483315650728,0.637826927963909,0.558642992499689,unsafe_touchdown
483,22,-27.2575732863658,0,90,-0.0160483315650728,0.637826927963909,0.558642992499689,unsafe_touchdown
484,22,-30.7742404998819,0,97,-0.0160483315650728,0.637826927963909,0.558642992499689,unsafe_touchdown
485,22,-28.0285071034451,0,98,-0.0160483315650728,0.637826927963909,0.558642992499689,unsafe_touchdown
486,22,-27.5109958187968,0,97,-0.0160483315650728,0.637826927963909,0.558642992499689,unsafe_touchdown
487,22,-26.3746164231846,0,91,-0.0160483315650728,0.637826927963909,0.558642992499689,unsafe_touchdown
488,22,-25.8873051757664,0,87,-0.0160483315650728,0.637826927963909,0.558642992499689,unsafe_touchdown
489,22,-24.9137697984113,0,87,-0.0160483315650728,0.637826927963909,0.558642992499689,unsafe_touchdown
490,22,-24.8026901282426,0,80,-0.0160483315650728,0.637826927963909,0.558642992499689,unsafe_touchdown
491,22,-27.5244793808629,0,89,-0.0160483315650728,0.637826927963909,0.558642992499689,unsafe_touchdown
492,22,-26.1947117377136,0,93,-0.0160483315650728,0.637826927963909,0.558642992499689,unsafe_touchdown
493,22,-25.9336594687491,0,90,-0.0160483315650728,0.637826927963909,0.558642992499689,unsafe_touchdown
494,22,-24.1889680292152,0,88,-0.0160483315650728,0.637826927963909,0.558642992499689,unsafe_touchdown
495,22,-26.9785766298064,0,100,-0.0160483315650728,0.637826927963909,0.558642992499689,unsafe_touchdown
496,22,-26.4932929070102,0,86,-0.0160483315650728,0.637826927963909,0.558642992499689,unsafe_touchdown
497,22,-26.2969491033959,0,99,-0.0160483315650728,0.637826927963909,0.558642992499689,unsafe_touchdown
498,22,-26.5776514134134,0,83,-0.0160483315650728,0.637826927963909,0.558642992499689,unsafe_touchdown
499,22,-30.3649523636123,0,92,-0.0160483315650728,0.637826927963909,0.558642992499689,unsafe_touchdown
500,22,-24.6118202292406,0,100,-0.0160483315650728,0.637826927963909,0.558642992499689,unsafe_touchdown
501,22,-25.1311923939436,0,90,-0.0160483315650728,0.637826927963909,0.558642992499689,unsafe_touchdown
502,23,-25.9552451121105,0,96,-0.0145856907709847,0.546142570115205,0.55771014624718,unsafe_touchdown
503,23,-25.2325965350196,0,106,-0.0145856907709847,0.546142570115205,0.55771014624718,unsafe_touchdown
504,23,-26.1776297169331,0,89,-0.0145856907709847,0.546142570115205,0.55771014624718,unsafe_touchdown
505,23,-26.1143726942668,0,88,-0.0145856907709847,0.546142570115205,0.55771014624718,unsafe_touchdown
506,23,-25.6000266169229,0,95,-0.0145856907709847,0.546142570115205,0.55771014624718,unsafe_touchdown
507,23,-24.0295291976507,0,95,-0.0145856907709847,0.546142570115205,0.55771014624718,unsafe_touchdown
508,23,-23.919134143768,0,87,-0.0145856907709847,0.546142570115205,0.55771014624718,unsafe_touchdown
509,23,-28.2446317880024,0,88,-0.0145856907709847,0.546142570115205,0.55771014624718,unsafe_touchdown
510,23,-24.703022692606,0,77,-0.0145856907709847,0.546142570115205,0.55771014624718,unsafe_touchdown
511,23,-26.4973354646764,0,99,-0.0145856907709847,0.546142570115205,0.55771014624718,unsafe_touchdown
512,23,-24.6280811341221,0,93,-0.0145856907709847,0.546142570115205,0.55771014624718,unsafe_touchdown
513,23,-23.8600744327146,0,101,-0.0145856907709847,0.546142570115205,0.55771014624718,unsafe_touchdown
514,23,-26.8117186445751,0,86,-0.0145856907709847,0.546142570115205,0.55771014624718,unsafe_touchdown
515,23,-25.4774126992549,0,86,-0.0145856907709847,0.546142570115205,0.55771014624718,unsafe_touchdown
516,23,-23.375161366436,0,92,-0.0145856907709847,0.546142570115205,0.55771014624718,unsafe_touchdown
517,23,-27.8012388104623,0,95,-0.0145856907709847,0.546142570115205,0.55771014624718,unsafe_touchdown
518,23,-25.903551127628,0,94,-0.0145856907709847,0.546142570115205,0.55771014624718,unsafe_touchdown
519,23,-23.1896305706786,0,106,-0.0145856907709847,0.546142570115205,0.55771014624718,unsafe_touchdown
520,23,-25.3984425299493,0,101,-0.0145856907709847,0.546142570115205,0.55771014624718,unsafe_touchdown
521,23,-24.8099440658236,0,101,-0.0145856907709847,0.546142570115205,0.55771014624718,unsafe_touchdown
522,23,-24.7444047885203,0,112,-0.0145856907709847,0.546142570115205,0.55771014624718,unsafe_touchdown
523,23,-27.6660213351837,0,89,-0.0145856907709847,0.546142570115205,0.55771014624718,unsafe_touchdown
524,24,-24.3030836308019,0,111,-0.0133758585321581,0.572829945259984,0.557632722388661,unsafe_touchdown
525,24,-26.9079682864209,0,98,-0.0133758585321581,0.572829945259984,0.557632722388661,unsafe_touchdown
526,24,-29.929230135613,0,102,-0.0133758585321581,0.572829945259984,0.557632722388661,unsafe_touchdown
527,24,-25.0429912012897,0,90,-0.0133758585321581,0.572829945259984,0.557632722388661,unsafe_touchdown
528,24,-26.7264372782867,0,92,-0.0133758585321581,0.572829945259984,0.557632722388661,unsafe_touchdown
529,24,-24.8761824657744,0,98,-0.0133758585321581,0.572829945259984,0.557632722388661,unsafe_touchdown
530,24,-29.6412289675322,0,99,-0.0133758585321581,0.572829945259984,0.557632722388661,unsafe_touchdown
531,24,-26.349538034527,0,93,-0.0133758585321581,0.572829945259984,0.557632722388661,unsafe_touchdown
532,24,-27.2926502590408,0,85,-0.0133758585321581,0.572829945259984,0.557632722388661,unsafe_touchdown
533,24,-30.1574928537653,0,98,-0.0133758585321581,0.572829945259984,0.557632722388661,unsafe_touchdown
534,24,-28.8660137874263,0,100,-0.0133758585321581,0.572829945259984,0.557632722388661,unsafe_touchdown
535,24,-27.9673941696945,0,100,-0.0133758585321581,0.572829945259984,0.557632722388661,unsafe_touchdown
536,24,-24.7461611829252,0,90,-0.0133758585321581,0.572829945259984,0.557632722388661,unsafe_touchdown
537,24,-24.8459295507757,0,111,-0.0133758585321581,0.572829945259984,0.557632722388661,unsafe_touchdown
538,24,-24.4352732312822,0,100,-0.0133758585321581,0.572829945259984,0.557632722388661,unsafe_touchdown
539,24,-24.6759501993534,0,101,-0.0133758585321581,0.572829945259984,0.557632722388661,unsafe_touchdown
540,24,-25.6960032267555,0,96,-0.0133758585321581,0.572829945259984,0.557632722388661,unsafe_touchdown
541,24,-25.0420385427699,0,94,-0.0133758585321581,0.572829945259984,0.557632722388661,unsafe_touchdown
542,24,-25.4377604211518,0,104,-0.0133758585321581,0.572829945259984,0.557632722388661,unsafe_touchdown
543,24,-29.417148539299,0,99,-0.0133758585321581,0.572829945259984,0.557632722388661,unsafe_touchdown
544,24,-26.577666258694,0,103,-0.0133758585321581,0.572829945259984,0.557632722388661,unsafe_touchdown
545,25,-29.2837096922736,0,98,-0.0117245483060481,0.584225643911476,0.556240049313191,unsafe_touchdown
546,25,-26.7414108945425,0,98,-0.0117245483060481,0.584225643911476,0.556240049313191,unsafe_touchdown
547,25,-25.5755780822484,0,100,-0.0117245483060481,0.584225643911476,0.556240049313191,unsafe_touchdown
548,25,-25.054093162645,0,96,-0.0117245483060481,0.584225643911476,0.556240049313191,unsafe_touchdown
549,25,-28.4486701092938,0,83,-0.0117245483060481,0.584225643911476,0.556240049313191,unsafe_touchdown
550,25,-23.2681617199139,0,89,-0.0117245483060481,0.584225643911476,0.556240049313191,unsafe_touchdown
551,25,-24.8224816131599,0,98,-0.0117245483060481,0.584225643911476,0.556240049313191,unsafe_touchdown
552,25,-26.7315488320472,0,87,-0.0117245483060481,0.584225643911476,0.556240049313191,unsafe_touchdown
553,25,-28.3698039781093,0,112,-0.0117245483060481,0.584225643911476,0.556240049313191,unsafe_touchdown
554,25,-27.6887973031298,0,91,-0.0117245483060481,0.584225643911476,0.556240049313191,unsafe_touchdown
555,25,-24.4490582865805,0,86,-0.0117245483060481,0.584225643911476,0.556240049313191,unsafe_touchdown
556,25,-24.4400453716634,0,84,-0.0117245483060481,0.584225643911476,0.556240049313191,unsafe_touchdown
557,25,-26.3338649344278,0,100,-0.0117245483060481,0.584225643911476,0.556240049313191,unsafe_touchdown
558,25,-24.6618907909401,0,102,-0.0117245483060481,0.584225643911476,0.556240049313191,unsafe_touchdown
559,25,-23.209680269075,0,87,-0.0117245483060481,0.584225643911476,0.556240049313191,unsafe_touchdown
560,25,-26.8219526082126,0,95,-0.0117245483060481,0.584225643911476,0.556240049313191,unsafe_touchdown
561,25,-23.2136682796581,0,89,-0.0117245483060481,0.584225643911476,0.556240049313191,unsafe_touchdown
562,25,-25.3352602264921,0,97,-0.0117245483060481,0.584225643911476,0.556240049313191,unsafe_touchdown
563,25,-26.189805501091,0,85,-0.0117245483060481,0.584225643911476,0.556240049313191,unsafe_touchdown
564,25,-23.8895131991689,0,96,-0.0117245483060481,0.584225643911476,0.556240049313191,unsafe_touchdown
565,25,-25.9694456308506,0,94,-0.0117245483060481,0.584225643911476,0.556240049313191,unsafe_touchdown
566,25,-27.641980932963,0,94,-0.0117245483060481,0.584225643911476,0.556240049313191,unsafe_touchdown
567,26,-28.0615006326001,0,86,-0.0156419471407715,0.549404926004703,0.556597602174207,unsafe_touchdown
568,26,-24.1228654157144,0,87,-0.0156419471407715,0.549404926004703,0.556597602174207,unsafe_touchdown
569,26,-26.792161307543,0,89,-0.0156419471407715,0.549404926004703,0.556597602174207,unsafe_touchdown
570,26,-29.0105148149606,0,95,-0.0156419471407715,0.549404926004703,0.556597602174207,unsafe_touchdown
571,26,-25.4434813893292,0,95,-0.0156419471407715,0.549404926004703,0.556597602174207,unsafe_touchdown
572,26,-22.4063314379925,0,105,-0.0156419471407715,0.549404926004703,0.556597602174207,unsafe_touchdown
573,26,-25.5215895032721,0,98,-0.0156419471407715,0.549404926004703,0.556597602174207,unsafe_touchdown
574,26,-24.2875794187975,0,102,-0.0156419471407715,0.549404926004703,0.556597602174207,unsafe_touchdown
575,26,-25.9077717132494,0,105,-0.0156419471407715,0.549404926004703,0.556597602174207,unsafe_touchdown
576,26,-25.3400667353642,0,95,-0.0156419471407715,0.549404926004703,0.556597602174207,unsafe_touchdown
577,26,-29.0422717207782,0,94,-0.0156419471407715,0.549404926004703,0.556597602174207,unsafe_touchdown
578,26,-27.5390512764242,0,92,-0.0156419471407715,0.549404926004703,0.556597602174207,unsafe_touchdown
579,26,-26.1010012335189,0,101,-0.0156419471407715,0.549404926004703,0.556597602174207,unsafe_touchdown
580,26,-26.0333114568283,0,102,-0.0156419471407715,0.549404926004703,0.556597602174207,unsafe_touchdown
581,26,-26.4271269829869,0,90,-0.0156419471407715,0.549404926004703,0.556597602174207,unsafe_touchdown
582,26,-25.4127911572578,0,90,-0.0156419471407715,0.549404926004703,0.556597602174207,unsafe_touchdown
583,26,-24.1801289920031,0,110,-0.0156419471407715,0.549404926004703,0.556597602174207,unsafe_touchdown
584,26,-26.4350098253911,0,90,-0.0156419471407715,0.549404926004703,0.556597602174207,unsafe_touchdown
585,26,-24.8504613154896,0,95,-0.0156419471407715,0.549404926004703,0.556597602174207,unsafe_touchdown
586,26,-25.8762602408583,0,87,-0.0156419471407715,0.549404926004703,0.556597602174207,unsafe_touchdown
587,26,-24.5441612886867,0,102,-0.0156419471407715,0.549404926004703,0.556597602174207,unsafe_touchdown
588,26,-26.6822695051629,0,97,-0.0156419471407715,0.549404926004703,0.556597602174207,unsafe_touchdown
589,27,-24.7152590124136,0,87,-0.0179184235057392,0.496686253791249,0.556502576964586,unsafe_touchdown
590,27,-23.7071740411548,0,83,-0.0179184235057392,0.496686253791249,0.556502576964586,unsafe_touchdown
591,27,-25.8376017550341,0,99,-0.0179184235057392,0.496686253791249,0.556502576964586,unsafe_touchdown
592,27,-25.609981817029,0,99,-0.0179184235057392,0.496686253791249,0.556502576964586,unsafe_touchdown
593,27,-23.3926343929389,0,96,-0.0179184235057392,0.496686253791249,0.556502576964586,unsafe_touchdown
594,27,-23.7144506196809,0,107,-0.0179184235057392,0.496686253791249,0.556502576964586,unsafe_touchdown
595,27,-25.0710879810964,0,95,-0.0179184235057392,0.496686253791249,0.556502576964586,unsafe_touchdown
596,27,-25.7673741545211,0,94,-0.0179184235057392,0.496686253791249,0.556502576964586,unsafe_touchdown
597,27,-24.1275688484289,0,92,-0.0179184235057392,0.496686253791249,0.556502576964586,unsafe_touchdown
598,27,-23.0423061589816,0,100,-0.0179184235057392,0.496686253791249,0.556502576964586,unsafe_touchdown
599,27,-26.3944385992832,0,96,-0.0179184235057392,0.496686253791249,0.556502576964586,unsafe_touchdown
600,27,-27.3727671563328,0,97,-0.0179184235057392,0.496686253791249,0.556502576964586,unsafe_touchdown
601,27,-25.1286545803945,0,92,-0.0179184235057392,0.496686253791249,0.556502576964586,unsafe_touchdown
602,27,-26.7654115596179,0,87,-0.0179184235057392,0.496686253791249,0.556502576964586,unsafe_touchdown
603,27,-27.917924288717,0,87,-0.0179184235057392,0.496686253791249,0.556502576964586,unsafe_touchdown
604,27,-26.0749563511309,0,100,-0.0179184235057392,0.496686253791249,0.556502576964586,unsafe_touchdown
605,27,-24.9960069281161,0,93,-0.0179184235057392,0.496686253791249,0.556502576964586,unsafe_touchdown
606,27,-24.7976417790109,0,95,-0.0179184235057392,0.496686253791249,0.556502576964586,unsafe_touchdown
607,27,-24.7248166219168,0,89,-0.0179184235057392,0.496686253791249,0.556502576964586,unsafe_touchdown
608,27,-23.9700477631341,0,80,-0.0179184235057392,0.496686253791249,0.556502576964586,unsafe_touchdown
609,27,-25.345968870871,0,89,-0.0179184235057392,0.496686253791249,0.556502576964586,unsafe_touchdown
610,27,-24.8088235242085,0,95,-0.0179184235057392,0.496686253791249,0.556502576964586,unsafe_touchdown
611,28,-25.5050944345557,0,91,-0.0153641583619156,0.526250414428953,0.556313619297667,unsafe_touchdown
612,28,-25.3604252155873,0,92,-0.0153641583619156,0.526250414428953,0.556313619297667,unsafe_touchdown
613,28,-24.2463586764089,0,99,-0.0153641583619156,0.526250414428953,0.556313619297667,unsafe_touchdown
614,28,-27.9542430306821,0,87,-0.0153641583619156,0.526250414428953,0.556313619297667,unsafe_touchdown
615,28,-29.516119950852,0,92,-0.0153641583619156,0.526250414428953,0.556313619297667,unsafe_touchdown
616,28,-25.3607596996397,0,76,-0.0153641583619156,0.526250414428953,0.556313619297667,unsafe_touchdown
617,28,-23.733045447399,0,108,-0.0153641583619156,0.526250414428953,0.556313619297667,unsafe_touchdown
618,28,-29.7228159290631,0,90,-0.0153641583619156,0.526250414428953,0.556313619297667,unsafe_touchdown
619,28,-26.166761668966,0,94,-0.0153641583619156,0.526250414428953,0.556313619297667,unsafe_touchdown
620,28,-27.987045155423,0,83,-0.0153641583619156,0.526250414428953,0.556313619297667,unsafe_touchdown
621,28,-23.9559635264008,0,86,-0.0153641583619156,0.526250414428953,0.556313619297667,unsafe_touchdown
622,28,-24.8933752312731,0,80,-0.0153641583619156,0.526250414428953,0.556313619297667,unsafe_touchdown
623,28,-26.6993399665047,0,86,-0.0153641583619156,0.526250414428953,0.556313619297667,unsafe_touchdown
624,28,-25.4093326809637,0,99,-0.0153641583619156,0.526250414428953,0.556313619297667,unsafe_touchdown
625,28,-23.13190474991,0,106,-0.0153641583619156,0.526250414428953,0.556313619297667,unsafe_touchdown
626,28,-25.1834522288434,0,87,-0.0153641583619156,0.526250414428953,0.556313619297667,unsafe_touchdown
627,28,-26.2267530595722,0,91,-0.0153641583619156,0.526250414428953,0.556313619297667,unsafe_touchdown
628,28,-24.0499545749796,0,99,-0.0153641583619156,0.526250414428953,0.556313619297667,unsafe_touchdown
629,28,-24.7235227250527,0,90,-0.0153641583619156,0.526250414428953,0.556313619297667,unsafe_touchdown
630,28,-24.8130795022496,0,79,-0.0153641583619156,0.526250414428953,0.556313619297667,unsafe_touchdown
631,28,-24.5116453420665,0,102,-0.0153641583619156,0.526250414428953,0.556313619297667,unsafe_touchdown
632,28,-23.5096642126744,0,86,-0.0153641583619156,0.526250414428953,0.556313619297667,unsafe_touchdown
633,28,-25.2209266775777,0,85,-0.0153641583619156,0.526250414428953,0.556313619297667,unsafe_touchdown
634,29,-26.5334150219582,0,94,-0.0144933640529645,0.510980099775756,0.556289848346684,unsafe_touchdown
635,29,-26.0241144811868,0,89,-0.0144933640529645,0.510980099775756,0.556289848346684,unsafe_touchdown
636,29,-23.7799045305163,0,82,-0.0144933640529645,0.510980099775756,0.556289848346684,unsafe_touchdown
637,29,-28.324551854087,0,81,-0.0144933640529645,0.510980099775756,0.556289848346684,unsafe_touchdown
638,29,-24.7153379300657,0,98,-0.0144933640529645,0.510980099775756,0.556289848346684,unsafe_touchdown
639,29,-29.9430749130234,0,92,-0.0144933640529645,0.510980099775756,0.556289848346684,unsafe_touchdown
640,29,-29.2380613614205,0,88,-0.0144933640529645,0.510980099775756,0.556289848346684,unsafe_touchdown
641,29,-24.0647495597064,0,96,-0.0144933640529645,0.510980099775756,0.556289848346684,unsafe_touchdown
642,29,-26.4509554203309,0,81,-0.0144933640529645,0.510980099775756,0.556289848346684,unsafe_touchdown
643,29,-27.4680571423214,0,84,-0.0144933640529645,0.510980099775756,0.556289848346684,unsafe_touchdown
644,29,-27.3419185598836,0,103,-0.0144933640529645,0.510980099775756,0.556289848346684,unsafe_touchdown
645,29,-24.5559312214206,0,92,-0.0144933640529645,0.510980099775756,0.556289848346684,unsafe_touchdown
646,29,-27.2482548712879,0,97,-0.0144933640529645,0.510980099775756,0.556289848346684,unsafe_touchdown
647,29,-25.6803013657839,0,95,-0.0144933640529645,0.510980099775756,0.556289848346684,unsafe_touchdown
648,29,-26.7232629874884,0,96,-0.0144933640529645,0.510980099775756,0.556289848346684,unsafe_touchdown
649,29,-25.3807990283119,0,99,-0.0144933640529645,0.510980099775756,0.556289848346684,unsafe_touchdown
650,29,-23.90938260546,0,89,-0.0144933640529645,0.510980099775756,0.556289848346684,unsafe_touchdown
651,29,-26.5857739048922,0,96,-0.0144933640529645,0.510980099775756,0.556289848346684,unsafe_touchdown
652,29,-24.0985696839324,0,104,-0.0144933640529645,0.510980099775756,0.556289848346684,unsafe_touchdown
653,29,-26.2713149947165,0,87,-0.0144933640529645,0.510980099775756,0.556289848346684,unsafe_touchdown
654,29,-27.3557967849575,0,93,-0.0144933640529645,0.510980099775756,0.556289848346684,unsafe_touchdown
655,29,-27.5383013614267,0,81,-0.0144933640529645,0.510980099775756,0.556289848346684,unsafe_touchdown
656,29,-28.0610614382722,0,89,-0.0144933640529645,0.510980099775756,0.556289848346684,unsafe_touchdown
657,30,-28.6428133770973,0,88,-0.0196839088298354,0.528535779772061,0.55701360272505,unsafe_touchdown
658,30,-29.1722852320948,0,97,-0.0196839088298354,0.528535779772061,0.55701360272505,unsafe_touchdown
659,30,-24.7496199509296,0,84,-0.0196839088298354,0.528535779772061,0.55701360272505,unsafe_touchdown
660,30,-24.8006209445998,0,105,-0.0196839088298354,0.528535779772061,0.55701360272505,unsafe_touchdown
661,30,-26.7313848586444,0,94,-0.0196839088298354,0.528535779772061,0.55701360272505,unsafe_touchdown
662,30,-26.0092889572939,0,87,-0.0196839088298354,0.528535779772061,0.55701360272505,unsafe_touchdown
663,30,-25.0781783081738,0,84,-0.0196839088298354,0.528535779772061,0.55701360272505,unsafe_touchdown
664,30,-27.3569214008427,0,94,-0.0196839088298354,0.528535779772061,0.55701360272505,unsafe_touchdown
665,30,-28.0016437253051,0,95,-0.0196839088298354,0.528535779772061,0.55701360272505,unsafe_touchdown
666,30,-26.2928658688921,0,90,-0.0196839088298354,0.528535779772061,0.55701360272505,unsafe_touchdown
667,30,-25.1488859945714,0,94,-0.0196839088298354,0.528535779772061,0.55701360272505,unsafe_touchdown
668,30,-26.9866132923632,0,89,-0.0196839088298354,0.528535779772061,0.55701360272505,unsafe_touchdown
669,30,-23.601899960127,0,103,-0.0196839088298354,0.528535779772061,0.55701360272505,unsafe_touchdown
670,30,-24.9915966010523,0,87,-0.0196839088298354,0.528535779772061,0.55701360272505,unsafe_touchdown
671,30,-25.1794328431391,0,102,-0.0196839088298354,0.528535779772061,0.55701360272505,unsafe_touchdown
672,30,-24.5508534437468,0,98,-0.0196839088298354,0.528535779772061,0.55701360272505,unsafe_touchdown
673,30,-25.4181160649745,0,97,-0.0196839088298354,0.528535779772061,0.55701360272505,unsafe_touchdown
674,30,-27.7572726123482,0,90,-0.0196839088298354,0.528535779772061,0.55701360272505,unsafe_touchdown
675,30,-25.1591181748093,0,94,-0.0196839088298354,0.528535779772061,0.55701360272505,unsafe_touchdown
676,30,-25.9729538147456,0,88,-0.0196839088298354,0.528535779772061,0.55701360272505,unsafe_touchdown
677,30,-26.5137106781065,0,93,-0.0196839088298354,0.528535779772061,0.55701360272505,unsafe_touchdown
678,30,-27.6933118873199,0,88,-0.0196839088298354,0.528535779772061,0.55701360272505,unsafe_touchdown
679,30,-25.4969837481018,0,98,-0.0196839088298354,0.528535779772061,0.55701360272505,unsafe_touchdown
680,31,-24.7014442746491,0,106,-0.0136384036065812,0.514492498219137,0.558607589305864,unsafe_touchdown
681,31,-25.548534581499,0,104,-0.0136384036065812,0.514492498219137,0.558607589305864,unsafe_touchdown
682,31,-26.4910621278782,0,95,-0.0136384036065812,0.514492498219137,0.558607589305864,unsafe_touchdown
683,31,-24.0192881820858,0,90,-0.0136384036065812,0.514492498219137,0.558607589305864,unsafe_touchdown
684,31,-26.1290016409041,0,91,-0.0136384036065812,0.514492498219137,0.558607589305864,unsafe_touchdown
685,31,-24.9349311925147,0,80,-0.0136384036065812,0.514492498219137,0.558607589305864,unsafe_touchdown
686,31,-28.8034489958251,0,86,-0.0136384036065812,0.514492498219137,0.558607589305864,unsafe_touchdown
687,31,-23.1976382519092,0,93,-0.0136384036065812,0.514492498219137,0.558607589305864,unsafe_touchdown
688,31,-29.5568501512713,0,95,-0.0136384036065812,0.514492498219137,0.558607589305864,unsafe_touchdown
689,31,-25.2564957345358,0,96,-0.0136384036065812,0.514492498219137,0.558607589305864,unsafe_touchdown
690,31,-25.8101394991227,0,93,-0.0136384036065812,0.514492498219137,0.558607589305864,unsafe_touchdown
691,31,-23.5944019900443,0,102,-0.0136384036065812,0.514492498219137,0.558607589305864,unsafe_touchdown
692,31,-23.7216170546839,0,92,-0.0136384036065812,0.514492498219137,0.558607589305864,unsafe_touchdown
693,31,-27.1236912922382,0,82,-0.0136384036065812,0.514492498219137,0.558607589305864,unsafe_touchdown
694,31,-25.8125301014971,0,96,-0.0136384036065812,0.514492498219137,0.558607589305864,unsafe_touchdown
695,31,-24.5398582116339,0,100,-0.0136384036065812,0.514492498219137,0.558607589305864,unsafe_touchdown
696,31,-27.9320872676045,0,89,-0.0136384036065812,0.514492498219137,0.558607589305864,unsafe_touchdown
697,31,-24.4508014973998,0,93,-0.0136384036065812,0.514492498219137,0.558607589305864,unsafe_touchdown
698,31,-25.8791910598475,0,87,-0.0136384036065812,0.514492498219137,0.558607589305864,unsafe_touchdown
699,31,-24.4607844550072,0,84,-0.0136384036065812,0.514492498219137,0.558607589305864,unsafe_touchdown
700,31,-25.0265090947492,0,113,-0.0136384036065812,0.514492498219137,0.558607589305864,unsafe_touchdown
701,31,-26.4906726372962,0,90,-0.0136384036065812,0.514492498219137,0.558607589305864,unsafe_touchdown
702,32,-31.1224353440383,0,103,-0.0168090911542676,0.571513581472581,0.55829689614718,unsafe_touchdown
703,32,-27.6825860960566,0,83,-0.0168090911542676,0.571513581472581,0.55829689614718,unsafe_touchdown
704,32,-25.026579750863,0,99,-0.0168090911542676,0.571513581472581,0.55829689614718,unsafe_touchdown
705,32,-26.6380623822184,0,90,-0.0168090911542676,0.571513581472581,0.55829689614718,unsafe_touchdown
706,32,-25.1209494458546,0,99,-0.0168090911542676,0.571513581472581,0.55829689614718,unsafe_touchdown
707,32,-24.4842829378424,0,91,-0.0168090911542676,0.571513581472581,0.55829689614718,unsafe_touchdown
708,32,-27.8843950171352,0,91,-0.0168090911542676,0.571513581472581,0.55829689614718,unsafe_touchdown
709,32,-27.5348121405115,0,88,-0.0168090911542676,0.571513581472581,0.55829689614718,unsafe_touchdown
710,32,-24.9432983662151,0,94,-0.0168090911542676,0.571513581472581,0.55829689614718,unsafe_touchdown
711,32,-23.3862399459898,0,90,-0.0168090911542676,0.571513581472581,0.55829689614718,unsafe_touchdown
712,32,-28.7960659185699,0,91,-0.0168090911542676,0.571513581472581,0.55829689614718,unsafe_touchdown
713,32,-25.3977732012921,0,81,-0.0168090911542676,0.571513581472581,0.55829689614718,unsafe_touchdown
714,32,-27.2624614808807,0,105,-0.0168090911542676,0.571513581472581,0.55829689614718,unsafe_touchdown
715,32,-29.3381264198688,0,89,-0.0168090911542676,0.571513581472581,0.55829689614718,unsafe_touchdown
716,32,-25.6648689369233,0,97,-0.0168090911542676,0.571513581472581,0.55829689614718,unsafe_touchdown
717,32,-25.5993756223882,0,97,-0.0168090911542676,0.571513581472581,0.55829689614718,unsafe_touchdown
718,32,-27.2428382209641,0,92,-0.0168090911542676,0.571513581472581,0.55829689614718,unsafe_touchdown
719,32,-25.7228021408447,0,85,-0.0168090911542676,0.571513581472581,0.55829689614718,unsafe_touchdown
720,32,-24.2391396284221,0,80,-0.0168090911542676,0.571513581472581,0.55829689614718,unsafe_touchdown
721,32,-29.4931302847262,0,96,-0.0168090911542676,0.571513581472581,0.55829689614718,unsafe_touchdown
722,32,-29.5780360096873,0,87,-0.0168090911542676,0.571513581472581,0.55829689614718,unsafe_touchdown
723,32,-27.0353175569819,0,97,-0.0168090911542676,0.571513581472581,0.55829689614718,unsafe_touchdown
724,32,-24.6560051678581,0,100,-0.0168090911542676,0.571513581472581,0.55829689614718,unsafe_touchdown
725,33,-26.0921599111297,0,93,-0.0156125658553564,0.585446017753171,0.556744547210819,unsafe_touchdown
726,33,-30.8590178268968,0,99,-0.0156125658553564,0.585446017753171,0.556744547210819,unsafe_touchdown
727,33,-26.201136778335,0,84,-0.0156125658553564,0.585446017753171,0.556744547210819,unsafe_touchdown
728,33,-27.9266734575128,0,84,-0.0156125658553564,0.585446017753171,0.556744547210819,unsafe_touchdown
729,33,-27.3917461654471,0,104,-0.0156125658553564,0.585446017753171,0.556744547210819,unsafe_touchdown
730,33,-25.9705181786041,0,93,-0.0156125658553564,0.585446017753171,0.556744547210819,unsafe_touchdown
731,33,-27.0031316244587,0,100,-0.0156125658553564,0.585446017753171,0.556744547210819,unsafe_touchdown
732,33,-27.6743186869784,0,91,-0.0156125658553564,0.585446017753171,0.556744547210819,unsafe_touchdown
733,33,-24.1016444875077,0,93,-0.0156125658553564,0.585446017753171,0.556744547210819,unsafe_touchdown
734,33,-24.5461139415857,0,93,-0.0156125658553564,0.585446017753171,0.556744547210819,unsafe_touchdown
735,33,-26.2738720623025,0,81,-0.0156125658553564,0.585446017753171,0.556744547210819,unsafe_touchdown
736,33,-28.5557307562894,0,91,-0.0156125658553564,0.585446017753171,0.556744547210819,unsafe_touchdown
737,33,-26.9053991568495,0,95,-0.0156125658553564,0.585446017753171,0.556744547210819,unsafe_touchdown
738,33,-24.0081302313084,0,93,-0.0156125658553564,0.585446017753171,0.556744547210819,unsafe_touchdown
739,33,-24.3894186460263,0,96,-0.0156125658553564,0.585446017753171,0.556744547210819,unsafe_touchdown
740,33,-24.4554504204326,0,100,-0.0156125658553564,0.585446017753171,0.556744547210819,unsafe_touchdown
741,33,-25.9358952640368,0,96,-0.0156125658553564,0.585446017753171,0.556744547210819,unsafe_touchdown
742,33,-28.6549685979547,0,101,-0.0156125658553564,0.585446017753171,0.556744547210819,unsafe_touchdown
743,33,-25.0067193699844,0,83,-0.0156125658553564,0.585446017753171,0.556744547210819,unsafe_touchdown
744,33,-24.3051997131465,0,92,-0.0156125658553564,0.585446017753171,0.556744547210819,unsafe_touchdown
745,33,-29.5798005748933,0,91,-0.0156125658553564,0.585446017753171,0.556744547210819,unsafe_touchdown
746,33,-22.9774989444618,0,87,-0.0156125658553564,0.585446017753171,0.556744547210819,unsafe_touchdown
747,33,-25.8589904047556,0,104,-0.0156125658553564,0.585446017753171,0.556744547210819,unsafe_touchdown
748,34,-25.3325633566605,0,88,-0.0164420868263009,0.554475041750976,0.557452834024103,unsafe_touchdown
749,34,-26.3936200237555,0,107,-0.0164420868263009,0.554475041750976,0.557452834024103,unsafe_touchdown
750,34,-28.6333808023733,0,94,-0.0164420868263009,0.554475041750976,0.557452834024103,unsafe_touchdown
751,34,-26.5884483166008,0,93,-0.0164420868263009,0.554475041750976,0.557452834024103,unsafe_touchdown
752,34,-25.5275639852571,0,92,-0.0164420868263009,0.554475041750976,0.557452834024103,unsafe_touchdown
753,34,-23.3857957060967,0,91,-0.0164420868263009,0.554475041750976,0.557452834024103,unsafe_touchdown
754,34,-22.9194548123882,0,81,-0.0164420868263009,0.554475041750976,0.557452834024103,unsafe_touchdown
755,34,-24.4476145774759,0,89,-0.0164420868263009,0.554475041750976,0.557452834024103,unsafe_touchdown
756,34,-29.6149839833495,0,98,-0.0164420868263009,0.554475041750976,0.557452834024103,unsafe_touchdown
757,34,-27.021194233453,0,91,-0.0164420868263009,0.554475041750976,0.557452834024103,unsafe_touchdown
758,34,-26.6561996893228,0,78,-0.0164420868263009,0.554475041750976,0.557452834024103,unsafe_touchdown
759,34,-27.4810893785439,0,94,-0.0164420868263009,0.554475041750976,0.557452834024103,unsafe_touchdown
760,34,-24.4289861286626,0,101,-0.0164420868263009,0.554475041750976,0.557452834024103,unsafe_touchdown
761,34,-24.8913449964915,0,95,-0.0164420868263009,0.554475041750976,0.557452834024103,unsafe_touchdown
762,34,-26.7624759411215,0,85,-0.0164420868263009,0.554475041750976,0.557452834024103,unsafe_touchdown
763,34,-25.8675058388615,0,104,-0.0164420868263009,0.554475041750976,0.557452834024103,unsafe_touchdown
764,34,-24.4741541573056,0,86,-0.0164420868263009,0.554475041750976,0.557452834024103,unsafe_touchdown
765,34,-24.3633220568375,0,87,-0.0164420868263009,0.554475041750976,0.557452834024103,unsafe_touchdown
766,34,-24.895060101318,0,90,-0.0164420868263009,0.554475041750976,0.557452834024103,unsafe_touchdown
767,34,-26.8484147373894,0,95,-0.0164420868263009,0.554475041750976,0.557452834024103,unsafe_touchdown
768,34,-27.4254344076645,0,100,-0.0164420868263009,0.554475041750976,0.557452834024103,unsafe_touchdown
769,34,-26.501061446469,0,98,-0.0164420868263009,0.554475041750976,0.557452834024103,unsafe_touchdown
770,34,-23.1410825957115,0,97,-0.0164420868263009,0.554475041750976,0.557452834024103,unsafe_touchdown
771,35,-25.0235690969127,0,96,-0.0192307062387998,0.545820568910654,0.557471771943232,unsafe_touchdown
772,35,-27.0979328136662,0,102,-0.0192307062387998,0.545820568910654,0.557471771943232,unsafe_touchdown
773,35,-27.622496220488,0,92,-0.0192307062387998,0.545820568910654,0.557471771943232,unsafe_touchdown
774,35,-27.2231549404348,0,98,-0.0192307062387998,0.545820568910654,0.557471771943232,unsafe_touchdown
775,35,-24.5588498997,0,79,-0.0192307062387998,0.545820568910654,0.557471771943232,unsafe_touchdown
776,35,-23.5131848301277,0,81,-0.0192307062387998,0.545820568910654,0.557471771943232,unsafe_touchdown
777,35,-24.4155519110852,0,83,-0.0192307062387998,0.545820568910654,0.557471771943232,unsafe_touchdown
778,35,-24.8828234785606,0,92,-0.0192307062387998,0.545820568910654,0.557471771943232,unsafe_touchdown
779,35,-24.9650882617115,0,94,-0.0192307062387998,0.545820568910654,0.557471771943232,unsafe_touchdown
780,35,-26.085689309446,0,88,-0.0192307062387998,0.545820568910654,0.557471771943232,unsafe_touchdown
781,35,-24.3458378295493,0,81,-0.0192307062387998,0.545820568910654,0.557471771943232,unsafe_touchdown
782,35,-28.1378588262491,0,85,-0.0192307062387998,0.545820568910654,0.557471771943232,unsafe_touchdown
783,35,-26.1371226324952,0,79,-0.0192307062387998,0.545820568910654,0.557471771943232,unsafe_touchdown
784,35,-25.7875788197388,0,104,-0.0192307062387998,0.545820568910654,0.557471771943232,unsafe_touchdown
785,35,-24.3334221772694,0,90,-0.0192307062387998,0.545820568910654,0.557471771943232,unsafe_touchdown
786,35,-26.045841678773,0,86,-0.0192307062387998,0.545820568910654,0.557471771943232,unsafe_touchdown
787,35,-23.2279123602291,0,92,-0.0192307062387998,0.545820568910654,0.557471771943232,unsafe_touchdown
788,35,-26.0487074014724,0,84,-0.0192307062387998,0.545820568910654,0.557471771943232,unsafe_touchdown
789,35,-24.3671572465751,0,100,-0.0192307062387998,0.545820568910654,0.557471771943232,unsafe_touchdown
790,35,-25.5558884092007,0,88,-0.0192307062387998,0.545820568910654,0.557471771943232,unsafe_touchdown
791,35,-29.0761387805081,0,85,-0.0192307062387998,0.545820568910654,0.557471771943232,unsafe_touchdown
792,35,-25.7750081216677,0,97,-0.0192307062387998,0.545820568910654,0.557471771943232,unsafe_touchdown
793,35,-26.1988385358927,0,76,-0.0192307062387998,0.545820568910654,0.557471771943232,unsafe_touchdown
794,36,-25.9352506595271,0,109,-0.018099917096684,0.570979232215244,0.555470670432788,unsafe_touchdown
795,36,-25.8814195066199,0,78,-0.018099917096684,0.570979232215244,0.555470670432788,unsafe_touchdown
796,36,-28.2869886316272,0,82,-0.018099917096684,0.570979232215244,0.555470670432788,unsafe_touchdown
797,36,-24.6763431742407,0,118,-0.018099917096684,0.570979232215244,0.555470670432788,unsafe_touchdown
798,36,-26.3023379508395,0,86,-0.018099917096684,0.570979232215244,0.555470670432788,unsafe_touchdown
799,36,-25.8206154232348,0,95,-0.018099917096684,0.570979232215244,0.555470670432788,unsafe_touchdown
800,36,-27.2463481496907,0,91,-0.018099917096684,0.570979232215244,0.555470670432788,unsafe_touchdown
801,36,-27.2724606886899,0,90,-0.018099917096684,0.570979232215244,0.555470670432788,unsafe_touchdown
802,36,-23.7636134909303,0,86,-0.018099917096684,0.570979232215244,0.555470670432788,unsafe_touchdown
803,36,-24.884242384444,0,83,-0.018099917096684,0.570979232215244,0.555470670432788,unsafe_touchdown
804,36,-26.6940077890292,0,96,-0.018099917096684,0.570979232215244,0.555470670432788,unsafe_touchdown
805,36,-27.8118645624184,0,106,-0.018099917096684,0.570979232215244,0.555470670432788,unsafe_touchdown
806,36,-27.4095479948826,0,97,-0.018099917096684,0.570979232215244,0.555470670432788,unsafe_touchdown
807,36,-28.8699221012916,0,87,-0.018099917096684,0.570979232215244,0.555470670432788,unsafe_touchdown
808,36,-24.800129635634,0,92,-0.018099917096684,0.570979232215244,0.555470670432788,unsafe_touchdown
809,36,-24.610925892499,0,103,-0.018099917096684,0.570979232215244,0.555470670432788,unsafe_touchdown
810,36,-26.2277913755756,0,81,-0.018099917096684,0.570979232215244,0.555470670432788,unsafe_touchdown
811,36,-26.6762508154121,0,92,-0.018099917096684,0.570979232215244,0.555470670432788,unsafe_touchdown
812,36,-27.6738723613183,0,84,-0.018099917096684,0.570979232215244,0.555470670432788,unsafe_touchdown
813,36,-25.321749807875,0,88,-0.018099917096684,0.570979232215244,0.555470670432788,unsafe_touchdown
814,36,-26.6925181127156,0,79,-0.018099917096684,0.570979232215244,0.555470670432788,unsafe_touchdown
815,36,-25.7187475903837,0,96,-0.018099917096684,0.570979232215244,0.555470670432788,unsafe_touchdown
816,36,-28.6966874314426,0,102,-0.018099917096684,0.570979232215244,0.555470670432788,unsafe_touchdown
817,37,-27.5546254199835,0,93,-0.0160058710305797,0.58130969050871,0.556546150915921,unsafe_touchdown
818,37,-27.3549852744839,0,93,-0.0160058710305797,0.58130969050871,0.556546150915921,unsafe_touchdown
819,37,-26.6186572940159,0,87,-0.0160058710305797,0.58130969050871,0.556546150915921,unsafe_touchdown
820,37,-27.2476372177515,0,95,-0.0160058710305797,0.58130969050871,0.556546150915921,unsafe_touchdown
821,37,-24.2529516022525,0,95,-0.0160058710305797,0.58130969050871,0.556546150915921,unsafe_touchdown
822,37,-24.0469127073046,0,81,-0.0160058710305797,0.58130969050871,0.556546150915921,unsafe_touchdown
823,37,-24.3705127841737,0,94,-0.0160058710305797,0.58130969050871,0.556546150915921,unsafe_touchdown
824,37,-23.9619635072512,0,90,-0.0160058710305797,0.58130969050871,0.556546150915921,unsafe_touchdown
825,37,-24.8069890343411,0,84,-0.0160058710305797,0.58130969050871,0.556546150915921,unsafe_touchdown
826,37,-27.2110431835338,0,98,-0.0160058710305797,0.58130969050871,0.556546150915921,unsafe_touchdown
827,37,-26.2647432712248,0,99,-0.0160058710305797,0.58130969050871,0.556546150915921,unsafe_touchdown
828,37,-25.525013981277,0,80,-0.0160058710305797,0.58130969050871,0.556546150915921,unsafe_touchdown
829,37,-23.7959996029182,0,98,-0.0160058710305797,0.58130969050871,0.556546150915921,unsafe_touchdown
830,37,-24.1832911398906,0,97,-0.0160058710305797,0.58130969050871,0.556546150915921,unsafe_touchdown
831,37,-24.002906561684,0,94,-0.0160058710305797,0.58130969050871,0.556546150915921,unsafe_touchdown
832,37,-23.1452027035974,0,90,-0.0160058710305797,0.58130969050871,0.556546150915921,unsafe_touchdown
833,37,-26.340318668645,0,82,-0.0160058710305797,0.58130969050871,0.556546150915921,unsafe_touchdown
834,37,-27.2869627539939,0,104,-0.0160058710305797,0.58130969050871,0.556546150915921,unsafe_touchdown
835,37,-29.7308341618888,0,90,-0.0160058710305797,0.58130969050871,0.556546150915921,unsafe_touchdown
836,37,-28.290633996318,0,98,-0.0160058710305797,0.58130969050871,0.556546150915921,unsafe_touchdown
837,37,-29.4015699432063,0,91,-0.0160058710305797,0.58130969050871,0.556546150915921,unsafe_touchdown
838,37,-28.4311180669708,0,98,-0.0160058710305797,0.58130969050871,0.556546150915921,unsafe_touchdown
839,37,-26.2487200780996,0,93,-0.0160058710305797,0.58130969050871,0.556546150915921,unsafe_touchdown
840,38,-25.3823779436931,0,95,-0.0153738657099189,0.534550732280964,0.553638739531965,unsafe_touchdown
841,38,-29.7087394332089,0,108,-0.0153738657099189,0.534550732280964,0.553638739531965,unsafe_touchdown
842,38,-24.3500821294078,0,92,-0.0153738657099189,0.534550732280964,0.553638739531965,unsafe_touchdown
843,38,-26.1874267583089,0,110,-0.0153738657099189,0.534550732280964,0.553638739531965,unsafe_touchdown
844,38,-26.8971436298253,0,89,-0.0153738657099189,0.534550732280964,0.553638739531965,unsafe_touchdown
845,38,-24.9890412795387,0,86,-0.0153738657099189,0.534550732280964,0.553638739531965,unsafe_touchdown
846,38,-29.8615413145136,0,106,-0.0153738657099189,0.534550732280964,0.553638739531965,unsafe_touchdown
847,38,-24.201563435245,0,83,-0.0153738657099189,0.534550732280964,0.553638739531965,unsafe_touchdown
848,38,-25.2356368254128,0,102,-0.0153738657099189,0.534550732280964,0.553638739531965,unsafe_touchdown
849,38,-25.645206775824,0,104,-0.0153738657099189,0.534550732280964,0.553638739531965,unsafe_touchdown
850,38,-25.8613509377365,0,92,-0.0153738657099189,0.534550732280964,0.553638739531965,unsafe_touchdown
851,38,-26.880635180215,0,91,-0.0153738657099189,0.534550732280964,0.553638739531965,unsafe_touchdown
852,38,-26.3414084199425,0,92,-0.0153738657099189,0.534550732280964,0.553638739531965,unsafe_touchdown
853,38,-25.6793935439833,0,85,-0.0153738657099189,0.534550732280964,0.553638739531965,unsafe_touchdown
854,38,-23.3923216354216,0,86,-0.0153738657099189,0.534550732280964,0.553638739531965,unsafe_touchdown
855,38,-25.0695547386288,0,99,-0.0153738657099189,0.534550732280964,0.553638739531965,unsafe_touchdown
856,38,-27.1345979057841,0,90,-0.0153738657099189,0.534550732280964,0.553638739531965,unsafe_touchdown
857,38,-26.1031725304674,0,100,-0.0153738657099189,0.534550732280964,0.553638739531965,unsafe_touchdown
858,38,-27.0034708908752,0,92,-0.0153738657099189,0.534550732280964,0.553638739531965,unsafe_touchdown
859,38,-26.6014597126361,0,98,-0.0153738657099189,0.534550732280964,0.553638739531965,unsafe_touchdown
860,38,-26.0356288054867,0,89,-0.0153738657099189,0.534550732280964,0.553638739531965,unsafe_touchdown
861,38,-29.8164615128501,0,98,-0.0153738657099189,0.534550732280964,0.553638739531965,unsafe_touchdown
862,39,-24.7274843646682,0,92,-0.012166878211762,0.563227946666973,0.552234421066224,unsafe_touchdown
863,39,-27.3646840159132,0,98,-0.012166878211762,0.563227946666973,0.552234421066224,unsafe_touchdown
864,39,-25.6002839524406,0,92,-0.012166878211762,0.563227946666973,0.552234421066224,unsafe_touchdown
865,39,-22.9309744731064,0,73,-0.012166878211762,0.563227946666973,0.552234421066224,unsafe_touchdown
866,39,-24.0102677119952,0,90,-0.012166878211762,0.563227946666973,0.552234421066224,unsafe_touchdown
867,39,-25.5559666030025,0,89,-0.012166878211762,0.563227946666973,0.552234421066224,unsafe_touchdown
868,39,-23.2917010191863,0,90,-0.012166878211762,0.563227946666973,0.552234421066224,unsafe_touchdown
869,39,-25.770818866634,0,87,-0.012166878211762,0.563227946666973,0.552234421066224,unsafe_touchdown
870,39,-25.5762834259866,0,103,-0.012166878211762,0.563227946666973,0.552234421066224,unsafe_touchdown
871,39,-27.8233546887567,0,87,-0.012166878211762,0.563227946666973,0.552234421066224,unsafe_touchdown
872,39,-24.2783334089239,0,85,-0.012166878211762,0.563227946666973,0.552234421066224,unsafe_touchdown
873,39,-24.9089464978693,0,90,-0.012166878211762,0.563227946666973,0.552234421066224,unsafe_touchdown
874,39,-25.8143247138216,0,91,-0.012166878211762,0.563227946666973,0.552234421066224,unsafe_touchdown
875,39,-28.3970632086066,0,90,-0.012166878211762,0.563227946666973,0.552234421066224,unsafe_touchdown
876,39,-26.4318135753547,0,84,-0.012166878211762,0.563227946666973,0.552234421066224,unsafe_touchdown
877,39,-26.75933776779,0,95,-0.012166878211762,0.563227946666973,0.552234421066224,unsafe_touchdown
878,39,-26.4132345918488,0,92,-0.012166878211762,0.563227946666973,0.552234421066224,unsafe_touchdown
879,39,-23.4261012212773,0,89,-0.012166878211762,0.563227946666973,0.552234421066224,unsafe_touchdown
880,39,-30.4252393868329,0,103,-0.012166878211762,0.563227946666973,0.552234421066224,unsafe_touchdown
881,39,-23.3379928876666,0,89,-0.012166878211762,0.563227946666973,0.552234421066224,unsafe_touchdown
882,39,-27.8526487255001,0,78,-0.012166878211762,0.563227946666973,0.552234421066224,unsafe_touchdown
883,39,-28.6957047882202,0,94,-0.012166878211762,0.563227946666973,0.552234421066224,unsafe_touchdown
884,39,-24.552758275772,0,97,-0.012166878211762,0.563227946666973,0.552234421066224,unsafe_touchdown
885,40,-24.9392314735627,0,96,-0.0150431921427465,0.489854347062559,0.550241633086829,unsafe_touchdown
886,40,-23.9799778812734,0,88,-0.0150431921427465,0.489854347062559,0.550241633086829,unsafe_touchdown
887,40,-25.1960796131949,0,96,-0.0150431921427465,0.489854347062559,0.550241633086829,unsafe_touchdown
888,40,-25.2969196856371,0,85,-0.0150431921427465,0.489854347062559,0.550241633086829,unsafe_touchdown
889,40,-24.8343094472857,0,79,-0.0150431921427465,0.489854347062559,0.550241633086829,unsafe_touchdown
890,40,-25.5468473169085,0,93,-0.0150431921427465,0.489854347062559,0.550241633086829,unsafe_touchdown
891,40,-27.3767227108906,0,100,-0.0150431921427465,0.489854347062559,0.550241633086829,unsafe_touchdown
892,40,-23.2358987307846,0,93,-0.0150431921427465,0.489854347062559,0.550241633086829,unsafe_touchdown
893,40,-25.7246685919397,0,82,-0.0150431921427465,0.489854347062559,0.550241633086829,unsafe_touchdown
894,40,-25.1319910519848,0,90,-0.0150431921427465,0.489854347062559,0.550241633086829,unsafe_touchdown
895,40,-24.9090352221466,0,89,-0.0150431921427465,0.489854347062559,0.550241633086829,unsafe_touchdown
896,40,-24.5933176143489,0,89,-0.0150431921427465,0.489854347062559,0.550241633086829,unsafe_touchdown
897,40,-27.3006867388271,0,92,-0.0150431921427465,0.489854347062559,0.550241633086829,unsafe_touchdown
898,40,-28.8342899457252,0,90,-0.0150431921427465,0.489854347062559,0.550241633086829,unsafe_touchdown
899,40,-26.3097491171878,0,86,-0.0150431921427465,0.489854347062559,0.550241633086829,unsafe_touchdown
900,40,-24.4848521866587,0,92,-0.0150431921427465,0.489854347062559,0.550241633086829,unsafe_touchdown
901,40,-26.4818955282259,0,92,-0.0150431921427465,0.489854347062559,0.550241633086829,unsafe_touchdown
902,40,-23.9555475627821,0,75,-0.0150431921427465,0.489854347062559,0.550241633086829,unsafe_touchdown
903,40,-25.2591383461817,0,88,-0.0150431921427465,0.489854347062559,0.550241633086829,unsafe_touchdown
904,40,-27.3542525071041,0,96,-0.0150431921427465,0.489854347062559,0.550241633086829,unsafe_touchdown
905,40,-23.2233822508602,0,101,-0.0150431921427465,0.489854347062559,0.550241633086829,unsafe_touchdown
906,40,-26.9627093725431,0,89,-0.0150431921427465,0.489854347062559,0.550241633086829,unsafe_touchdown
907,40,-24.4099726124307,0,87,-0.0150431921427465,0.489854347062559,0.550241633086829,unsafe_touchdown
908,41,-26.1708836572548,0,81,-0.0167747066504309,0.504256614032154,0.549266805297162,unsafe_touchdown
909,41,-24.7135715257297,0,85,-0.0167747066504309,0.504256614032154,0.549266805297162,unsafe_touchdown
910,41,-26.3738240820021,0,101,-0.0167747066504309,0.504256614032154,0.549266805297162,unsafe_touchdown
911,41,-27.706737733214,0,94,-0.0167747066504309,0.504256614032154,0.549266805297162,unsafe_touchdown
912,41,-23.3171428862134,0,84,-0.0167747066504309,0.504256614032154,0.549266805297162,unsafe_touchdown
913,41,-23.5480866217262,0,90,-0.0167747066504309,0.504256614032154,0.549266805297162,unsafe_touchdown
914,41,-23.9883443545134,0,90,-0.0167747066504309,0.504256614032154,0.549266805297162,unsafe_touchdown
915,41,-25.8428203192516,0,88,-0.0167747066504309,0.504256614032154,0.549266805297162,unsafe_touchdown
916,41,-25.4248182585728,0,89,-0.0167747066504309,0.504256614032154,0.549266805297162,unsafe_touchdown
917,41,-26.2743670648589,0,89,-0.0167747066504309,0.504256614032154,0.549266805297162,unsafe_touchdown
918,41,-23.8297725521835,0,87,-0.0167747066504309,0.504256614032154,0.549266805297162,unsafe_touchdown
919,41,-26.848220019766,0,93,-0.0167747066504309,0.504256614032154,0.549266805297162,unsafe_touchdown
920,41,-26.5756418636248,0,83,-0.0167747066504309,0.504256614032154,0.549266805297162,unsafe_touchdown
921,41,-25.0654239056539,0,99,-0.0167747066504309,0.504256614032154,0.549266805297162,unsafe_touchdown
922,41,-23.1424876384063,0,78,-0.0167747066504309,0.504256614032154,0.549266805297162,unsafe_touchdown
923,41,-25.2277476623609,0,87,-0.0167747066504309,0.504256614032154,0.549266805297162,unsafe_touchdown
924,41,-23.7455315736176,0,93,-0.0167747066504309,0.504256614032154,0.549266805297162,unsafe_touchdown
925,41,-29.0107432226137,0,98,-0.0167747066504309,0.504256614032154,0.549266805297162,unsafe_touchdown
926,41,-28.1127111564706,0,86,-0.0167747066504309,0.504256614032154,0.549266805297162,unsafe_touchdown
927,41,-27.9220523163446,0,75,-0.0167747066504309,0.504256614032154,0.549266805297162,unsafe_touchdown
928,41,-25.6755409920843,0,83,-0.0167747066504309,0.504256614032154,0.549266805297162,unsafe_touchdown
929,41,-23.6331818631382,0,94,-0.0167747066504309,0.504256614032154,0.549266805297162,unsafe_touchdown
930,41,-27.7097809211054,0,100,-0.0167747066504309,0.504256614032154,0.549266805297162,unsafe_touchdown
931,41,-27.0374456525336,0,93,-0.0167747066504309,0.504256614032154,0.549266805297162,unsafe_touchdown
932,42,-25.9307579098182,0,92,-0.0142910692069025,0.466036734972662,0.54880366444592,unsafe_touchdown
933,42,-23.1930802753411,0,75,-0.0142910692069025,0.466036734972662,0.54880366444592,unsafe_touchdown
934,42,-26.2930984685991,0,104,-0.0142910692069025,0.466036734972662,0.54880366444592,unsafe_touchdown
935,42,-25.1920771448968,0,88,-0.0142910692069025,0.466036734972662,0.54880366444592,unsafe_touchdown
936,42,-23.7493216380914,0,86,-0.0142910692069025,0.466036734972662,0.54880366444592,unsafe_touchdown
937,42,-25.4100909283033,0,88,-0.0142910692069025,0.466036734972662,0.54880366444592,unsafe_touchdown
938,42,-25.2313509033104,0,90,-0.0142910692069025,0.466036734972662,0.54880366444592,unsafe_touchdown
939,42,-26.0138952466133,0,87,-0.0142910692069025,0.466036734972662,0.54880366444592,unsafe_touchdown
940,42,-24.1878601364349,0,79,-0.0142910692069025,0.466036734972662,0.54880366444592,unsafe_touchdown
941,42,-24.2952175937438,0,79,-0.0142910692069025,0.466036734972662,0.54880366444592,unsafe_touchdown
942,42,-25.7689612278639,0,81,-0.0142910692069025,0.466036734972662,0.54880366444592,unsafe_touchdown
943,42,-24.2665010918924,0,95,-0.0142910692069025,0.466036734972662,0.54880366444592,unsafe_touchdown
944,42,-24.9714256919291,0,91,-0.0142910692069025,0.466036734972662,0.54880366444592,unsafe_touchdown
945,42,-23.51399229122,0,93,-0.0142910692069025,0.466036734972662,0.54880366444592,unsafe_touchdown
946,42,-28.4824369882534,0,83,-0.0142910692069025,0.466036734972662,0.54880366444592,unsafe_touchdown
947,42,-23.9832492897,0,84,-0.0142910692069025,0.466036734972662,0.54880366444592,unsafe_touchdown
948,42,-24.8084473782094,0,85,-0.0142910692069025,0.466036734972662,0.54880366444592,unsafe_touchdown
949,42,-24.861076697411,0,79,-0.0142910692069025,0.466036734972662,0.54880366444592,unsafe_touchdown
950,42,-24.9266386002332,0,95,-0.0142910692069025,0.466036734972662,0.54880366444592,unsafe_touchdown
951,42,-25.0665826761762,0,80,-0.0142910692069025,0.466036734972662,0.54880366444592,unsafe_touchdown
952,42,-27.7238102887125,0,84,-0.0142910692069025,0.466036734972662,0.54880366444592,unsafe_touchdown
953,42,-25.7525150044658,0,81,-0.0142910692069025,0.466036734972662,0.54880366444592,unsafe_touchdown
954,42,-28.3998701871737,0,93,-0.0142910692069025,0.466036734972662,0.54880366444592,unsafe_touchdown
955,42,-27.1315716859423,0,85,-0.0142910692069025,0.466036734972662,0.54880366444592,unsafe_touchdown
956,43,-27.9061268392767,0,94,-0.015978232586023,0.575380113432485,0.55076356191424,unsafe_touchdown
957,43,-26.1024769271122,0,86,-0.015978232586023,0.575380113432485,0.55076356191424,unsafe_touchdown
958,43,-24.5091796170953,0,83,-0.015978232586023,0.575380113432485,0.55076356191424,unsafe_touchdown
959,43,-24.6024683887239,0,96,-0.015978232586023,0.575380113432485,0.55076356191424,unsafe_touchdown
960,43,-25.1246296955551,0,88,-0.015978232586023,0.575380113432485,0.55076356191424,unsafe_touchdown
961,43,-29.6858397167989,0,93,-0.015978232586023,0.575380113432485,0.55076356191424,unsafe_touchdown
962,43,-27.9225341112421,0,77,-0.015978232586023,0.575380113432485,0.55076356191424,unsafe_touchdown
963,43,-25.4525230474627,0,91,-0.015978232586023,0.575380113432485,0.55076356191424,unsafe_touchdown
964,43,-24.8185999867099,0,88,-0.015978232586023,0.575380113432485,0.55076356191424,unsafe_touchdown
965,43,-27.4823917344758,0,87,-0.015978232586023,0.575380113432485,0.55076356191424,unsafe_touchdown
966,43,-27.3721352174397,0,83,-0.015978232586023,0.575380113432485,0.55076356191424,unsafe_touchdown
967,43,-26.3478088393824,0,87,-0.015978232586023,0.575380113432485,0.55076356191424,unsafe_touchdown
968,43,-30.2077596026627,0,100,-0.015978232586023,0.575380113432485,0.55076356191424,unsafe_touchdown
969,43,-27.9249364187862,0,92,-0.015978232586023,0.575380113432485,0.55076356191424,unsafe_touchdown
970,43,-25.5263934216909,0,95,-0.015978232586023,0.575380113432485,0.55076356191424,unsafe_touchdown
971,43,-25.1931147811032,0,81,-0.015978232586023,0.575380113432485,0.55076356191424,unsafe_touchdown
972,43,-25.1151024514792,0,86,-0.015978232586023,0.575380113432485,0.55076356191424,unsafe_touchdown
973,43,-29.0490794769801,0,97,-0.015978232586023,0.575380113432485,0.55076356191424,unsafe_touchdown
974,43,-25.2255948362668,0,96,-0.015978232586023,0.575380113432485,0.55076356191424,unsafe_touchdown
975,43,-25.3571608110493,0,84,-0.015978232586023,0.575380113432485,0.55076356191424,unsafe_touchdown
976,43,-23.7674719722103,0,83,-0.015978232586023,0.575380113432485,0.55076356191424,unsafe_touchdown
977,43,-26.2828084523655,0,81,-0.015978232586023,0.575380113432485,0.55076356191424,unsafe_touchdown
978,43,-23.8660438627991,0,82,-0.015978232586023,0.575380113432485,0.55076356191424,unsafe_touchdown
979,43,-27.0443911617278,0,96,-0.015978232586023,0.575380113432485,0.55076356191424,unsafe_touchdown
980,44,-24.4788779513094,0,84,-0.0177232723652548,0.528610952011024,0.550922298891201,unsafe_touchdown
981,44,-26.2589042353552,0,90,-0.0177232723652548,0.528610952011024,0.550922298891201,unsafe_touchdown
982,44,-26.9744595452581,0,85,-0.0177232723652548,0.528610952011024,0.550922298891201,unsafe_touchdown
983,44,-23.9305589611168,0,85,-0.0177232723652548,0.528610952011024,0.550922298891201,unsafe_touchdown
984,44,-24.609114373603,0,90,-0.0177232723652548,0.528610952011024,0.550922298891201,unsafe_touchdown
985,44,-23.6567180188787,0,92,-0.0177232723652548,0.528610952011024,0.550922298891201,unsafe_touchdown
986,44,-25.6876705054163,0,83,-0.0177232723652548,0.528610952011024,0.550922298891201,unsafe_touchdown
987,44,-27.1726497352988,0,105,-0.0177232723652548,0.528610952011024,0.550922298891201,unsafe_touchdown
988,44,-24.3510677026675,0,88,-0.0177232723652548,0.528610952011024,0.550922298891201,unsafe_touchdown
989,44,-27.5774359146655,0,100,-0.0177232723652548,0.528610952011024,0.550922298891201,unsafe_touchdown
990,44,-27.2480238547234,0,96,-0.0177232723652548,0.528610952011024,0.550922298891201,unsafe_touchdown
991,44,-24.5195079505648,0,94,-0.0177232723652548,0.528610952011024,0.550922298891201,unsafe_touchdown
992,44,-22.7508711980335,0,94,-0.0177232723652548,0.528610952011024,0.550922298891201,unsafe_touchdown
993,44,-26.6636348094667,0,91,-0.0177232723652548,0.528610952011024,0.550922298891201,unsafe_touchdown
994,44,-25.3393932601238,0,98,-0.0177232723652548,0.528610952011024,0.550922298891201,unsafe_touchdown
995,44,-27.8931657621738,0,86,-0.0177232723652548,0.528610952011024,0.550922298891201,unsafe_touchdown
996,44,-28.454868085989,0,99,-0.0177232723652548,0.528610952011024,0.550922298891201,unsafe_touchdown
997,44,-24.9818162774932,0,89,-0.0177232723652548,0.528610952011024,0.550922298891201,unsafe_touchdown
998,44,-22.5023383937814,0,86,-0.0177232723652548,0.528610952011024,0.550922298891201,unsafe_touchdown
999,44,-26.0286552066458,0,78,-0.0177232723652548,0.528610952011024,0.550922298891201,unsafe_touchdown
1000,44,-27.7935986699885,0,100,-0.0177232723652548,0.528610952011024,0.550922298891201,unsafe_touchdown
1001,44,-24.7798072763679,0,81,-0.0177232723652548,0.528610952011024,0.550922298891201,unsafe_touchdown
1002,44,-26.9969053685832,0,96,-0.0177232723652548,0.528610952011024,0.550922298891201,unsafe_touchdown
1003,45,-27.5527514249161,0,97,-0.0161903278912751,0.528641085051911,0.551982062982881,unsafe_touchdown
1004,45,-26.5454859358104,0,86,-0.0161903278912751,0.528641085051911,0.551982062982881,unsafe_touchdown
1005,45,-24.8711720051658,0,94,-0.0161903278912751,0.528641085051911,0.551982062982881,unsafe_touchdown
1006,45,-25.8575267211533,0,90,-0.0161903278912751,0.528641085051911,0.551982062982881,unsafe_touchdown
1007,45,-24.2344441851071,0,99,-0.0161903278912751,0.528641085051911,0.551982062982881,unsafe_touchdown
1008,45,-24.6672341402318,0,71,-0.0161903278912751,0.528641085051911,0.551982062982881,unsafe_touchdown
1009,45,-24.9186442314469,0,83,-0.0161903278912751,0.528641085051911,0.551982062982881,unsafe_touchdown
1010,45,-25.0509814250992,0,80,-0.0161903278912751,0.528641085051911,0.551982062982881,unsafe_touchdown
1011,45,-25.0357781754829,0,84,-0.0161903278912751,0.528641085051911,0.551982062982881,unsafe_touchdown
1012,45,-22.9203141505737,0,76,-0.0161903278912751,0.528641085051911,0.551982062982881,unsafe_touchdown
1013,45,-24.5672453612031,0,105,-0.0161903278912751,0.528641085051911,0.551982062982881,unsafe_touchdown
1014,45,-27.6359692931148,0,87,-0.0161903278912751,0.528641085051911,0.551982062982881,unsafe_touchdown
1015,45,-27.671411813419,0,93,-0.0161903278912751,0.528641085051911,0.551982062982881,unsafe_touchdown
1016,45,-23.9917619475326,0,95,-0.0161903278912751,0.528641085051911,0.551982062982881,unsafe_touchdown
1017,45,-28.7169434804459,0,90,-0.0161903278912751,0.528641085051911,0.551982062982881,unsafe_touchdown
1018,45,-25.6168378429252,0,88,-0.0161903278912751,0.528641085051911,0.551982062982881,unsafe_touchdown
1019,45,-25.8184950590576,0,84,-0.0161903278912751,0.528641085051911,0.551982062982881,unsafe_touchdown
1020,45,-25.5437777587015,0,91,-0.0161903278912751,0.528641085051911,0.551982062982881,unsafe_touchdown
1021,45,-25.7624979166186,0,83,-0.0161903278912751,0.528641085051911,0.551982062982881,unsafe_touchdown
1022,45,-26.0626708567728,0,93,-0.0161903278912751,0.528641085051911,0.551982062982881,unsafe_touchdown
1023,45,-25.1898716528754,0,82,-0.0161903278912751,0.528641085051911,0.551982062982881,unsafe_touchdown
1024,45,-26.8920165132862,0,93,-0.0161903278912751,0.528641085051911,0.551982062982881,unsafe_touchdown
1025,45,-23.5276724967271,0,88,-0.0161903278912751,0.528641085051911,0.551982062982881,unsafe_touchdown
1026,45,-25.6863345399626,0,97,-0.0161903278912751,0.528641085051911,0.551982062982881,unsafe_touchdown
1027,46,-26.1230716199655,0,91,-0.010548773557211,0.506650724267525,0.549753803931616,unsafe_touchdown
1028,46,-27.0937914663481,0,82,-0.010548773557211,0.506650724267525,0.549753803931616,unsafe_touchdown
1029,46,-26.3774991255731,0,95,-0.010548773557211,0.506650724267525,0.549753803931616,unsafe_touchdown
1030,46,-24.5658972608354,0,94,-0.010548773557211,0.506650724267525,0.549753803931616,unsafe_touchdown
1031,46,-24.3385101321082,0,85,-0.010548773557211,0.506650724267525,0.549753803931616,unsafe_touchdown
1032,46,-25.6150344192049,0,93,-0.010548773557211,0.506650724267525,0.549753803931616,unsafe_touchdown
1033,46,-24.713962542641,0,85,-0.010548773557211,0.506650724267525,0.549753803931616,unsafe_touchdown
1034,46,-25.0391568135434,0,83,-0.010548773557211,0.506650724267525,0.549753803931616,unsafe_touchdown
1035,46,-23.9479582373665,0,96,-0.010548773557211,0.506650724267525,0.549753803931616,unsafe_touchdown
1036,46,-26.4633377438339,0,104,-0.010548773557211,0.506650724267525,0.549753803931616,unsafe_touchdown
1037,46,-31.254155919381,0,100,-0.010548773557211,0.506650724267525,0.549753803931616,unsafe_touchdown
1038,46,-23.8023868669216,0,99,-0.010548773557211,0.506650724267525,0.549753803931616,unsafe_touchdown
1039,46,-27.9643699051527,0,91,-0.010548773557211,0.506650724267525,0.549753803931616,unsafe_touchdown
1040,46,-24.9779241944759,0,87,-0.010548773557211,0.506650724267525,0.549753803931616,unsafe_touchdown
1041,46,-27.2568346895991,0,91,-0.010548773557211,0.506650724267525,0.549753803931616,unsafe_touchdown
1042,46,-25.5342905036793,0,86,-0.010548773557211,0.506650724267525,0.549753803931616,unsafe_touchdown
1043,46,-23.8266816601753,0,81,-0.010548773557211,0.506650724267525,0.549753803931616,unsafe_touchdown
1044,46,-22.5940698647785,0,85,-0.010548773557211,0.506650724267525,0.549753803931616,unsafe_touchdown
1045,46,-25.7951603121188,0,88,-0.010548773557211,0.506650724267525,0.549753803931616,unsafe_touchdown
1046,46,-25.3394802301561,0,93,-0.010548773557211,0.506650724267525,0.549753803931616,unsafe_touchdown
1047,46,-24.8041675082819,0,85,-0.010548773557211,0.506650724267525,0.549753803931616,unsafe_touchdown
1048,46,-25.630787145067,0,83,-0.010548773557211,0.506650724267525,0.549753803931616,unsafe_touchdown
1049,46,-24.8371336264955,0,99,-0.010548773557211,0.506650724267525,0.549753803931616,unsafe_touchdown
1050,47,-27.0770741070937,0,77,-0.0171891516790095,0.505998434257634,0.547906766238488,unsafe_touchdown
1051,47,-25.7702103037251,0,101,-0.0171891516790095,0.505998434257634,0.547906766238488,unsafe_touchdown
1052,47,-27.3486019803208,0,104,-0.0171891516790095,0.505998434257634,0.547906766238488,unsafe_touchdown
1053,47,-25.898070906871,0,103,-0.0171891516790095,0.505998434257634,0.547906766238488,unsafe_touchdown
1054,47,-24.5688095843195,0,84,-0.0171891516790095,0.505998434257634,0.547906766238488,unsafe_touchdown
1055,47,-25.2990025297599,0,93,-0.0171891516790095,0.505998434257634,0.547906766238488,unsafe_touchdown
1056,47,-24.6941570101504,0,82,-0.0171891516790095,0.505998434257634,0.547906766238488,unsafe_touchdown
1057,47,-25.3639331568855,0,80,-0.0171891516790095,0.505998434257634,0.547906766238488,unsafe_touchdown
1058,47,-24.1209308543873,0,93,-0.0171891516790095,0.505998434257634,0.547906766238488,unsafe_touchdown
1059,47,-28.6201312991968,0,88,-0.0171891516790095,0.505998434257634,0.547906766238488,unsafe_touchdown
1060,47,-27.0509413420705,0,94,-0.0171891516790095,0.505998434257634,0.547906766238488,unsafe_touchdown
1061,47,-29.2180204291764,0,87,-0.0171891516790095,0.505998434257634,0.547906766238488,unsafe_touchdown
1062,47,-25.0700981130735,0,83,-0.0171891516790095,0.505998434257634,0.547906766238488,unsafe_touchdown
1063,47,-24.7159540170986,0,84,-0.0171891516790095,0.505998434257634,0.547906766238488,unsafe_touchdown
1064,47,-25.4786403397123,0,93,-0.0171891516790095,0.505998434257634,0.547906766238488,unsafe_touchdown
1065,47,-23.790078346684,0,87,-0.0171891516790095,0.505998434257634,0.547906766238488,unsafe_touchdown
1066,47,-25.1038354552003,0,91,-0.0171891516790095,0.505998434257634,0.547906766238488,unsafe_touchdown
1067,47,-23.8921794955712,0,86,-0.0171891516790095,0.505998434257634,0.547906766238488,unsafe_touchdown
1068,47,-25.3324741558338,0,86,-0.0171891516790095,0.505998434257634,0.547906766238488,unsafe_touchdown
1069,47,-24.3268457757081,0,87,-0.0171891516790095,0.505998434257634,0.547906766238488,unsafe_touchdown
1070,47,-23.6146859113751,0,91,-0.0171891516790095,0.505998434257634,0.547906766238488,unsafe_touchdown
1071,47,-27.311866789548,0,84,-0.0171891516790095,0.505998434257634,0.547906766238488,unsafe_touchdown
1072,47,-23.4035899524899,0,82,-0.0171891516790095,0.505998434257634,0.547906766238488,unsafe_touchdown
1073,47,-26.8556691144446,0,90,-0.0171891516790095,0.505998434257634,0.547906766238488,unsafe_touchdown
1074,48,-24.6213895166427,0,74,-0.0172685785533643,0.513417822742797,0.545464813480259,unsafe_touchdown
1075,48,-27.7289135753203,0,99,-0.0172685785533643,0.513417822742797,0.545464813480259,unsafe_touchdown
1076,48,-27.3301953028998,0,94,-0.0172685785533643,0.513417822742797,0.545464813480259,unsafe_touchdown
1077,48,-24.3429906920089,0,79,-0.0172685785533643,0.513417822742797,0.545464813480259,unsafe_touchdown
1078,48,-26.2152391184406,0,94,-0.0172685785533643,0.513417822742797,0.545464813480259,unsafe_touchdown
1079,48,-25.7466905463589,0,89,-0.0172685785533643,0.513417822742797,0.545464813480259,unsafe_touchdown
1080,48,-27.8952108721583,0,90,-0.0172685785533643,0.513417822742797,0.545464813480259,unsafe_touchdown
1081,48,-24.0524186866107,0,83,-0.0172685785533643,0.513417822742797,0.545464813480259,unsafe_touchdown
1082,48,-27.9938852110508,0,90,-0.0172685785533643,0.513417822742797,0.545464813480259,unsafe_touchdown
1083,48,-28.3518847687235,0,91,-0.0172685785533643,0.513417822742797,0.545464813480259,unsafe_touchdown
1084,48,-27.6757021102642,0,91,-0.0172685785533643,0.513417822742797,0.545464813480259,unsafe_touchdown
1085,48,-25.0933139161187,0,86,-0.0172685785533643,0.513417822742797,0.545464813480259,unsafe_touchdown
1086,48,-24.4175077062064,0,91,-0.0172685785533643,0.513417822742797,0.545464813480259,unsafe_touchdown
1087,48,-25.473385113417,0,95,-0.0172685785533643,0.513417822742797,0.545464813480259,unsafe_touchdown
1088,48,-26.8000435804968,0,110,-0.0172685785533643,0.513417822742797,0.545464813480259,unsafe_touchdown
1089,48,-26.0469823549934,0,87,-0.0172685785533643,0.513417822742797,0.545464813480259,unsafe_touchdown
1090,48,-24.8762112671011,0,84,-0.0172685785533643,0.513417822742797,0.545464813480259,unsafe_touchdown
1091,48,-23.3264498377002,0,98,-0.0172685785533643,0.513417822742797,0.545464813480259,unsafe_touchdown
1092,48,-25.2923658518155,0,98,-0.0172685785533643,0.513417822742797,0.545464813480259,unsafe_touchdown
1093,48,-26.9607744280037,0,92,-0.0172685785533643,0.513417822742797,0.545464813480259,unsafe_touchdown
1094,48,-27.0348681688765,0,92,-0.0172685785533643,0.513417822742797,0.545464813480259,unsafe_touchdown
1095,48,-24.9380347693682,0,93,-0.0172685785533643,0.513417822742797,0.545464813480259,unsafe_touchdown
1096,48,-25.6948166823948,0,79,-0.0172685785533643,0.513417822742797,0.545464813480259,unsafe_touchdown
1097,49,-25.1833785402047,0,74,-0.015339324908194,0.515679999886058,0.545261025894883,unsafe_touchdown
1098,49,-23.4567055148496,0,93,-0.015339324908194,0.515679999886058,0.545261025894883,unsafe_touchdown
1099,49,-23.0605623339613,0,89,-0.015339324908194,0.515679999886058,0.545261025894883,unsafe_touchdown
1100,49,-23.2980448868593,0,96,-0.015339324908194,0.515679999886058,0.545261025894883,unsafe_touchdown
1101,49,-23.960474353286,0,71,-0.015339324908194,0.515679999886058,0.545261025894883,unsafe_touchdown
1102,49,-25.7613762775363,0,84,-0.015339324908194,0.515679999886058,0.545261025894883,unsafe_touchdown
1103,49,-27.4564888693965,0,107,-0.015339324908194,0.515679999886058,0.545261025894883,unsafe_touchdown
1104,49,-25.2638397007175,0,86,-0.015339324908194,0.515679999886058,0.545261025894883,unsafe_touchdown
1105,49,-26.9393110620923,0,102,-0.015339324908194,0.515679999886058,0.545261025894883,unsafe_touchdown
1106,49,-24.3640894359412,0,91,-0.015339324908194,0.515679999886058,0.545261025894883,unsafe_touchdown
1107,49,-26.7209887354466,0,89,-0.015339324908194,0.515679999886058,0.545261025894883,unsafe_touchdown
1108,49,-26.9448164681439,0,102,-0.015339324908194,0.515679999886058,0.545261025894883,unsafe_touchdown
1109,49,-28.482166495759,0,108,-0.015339324908194,0.515679999886058,0.545261025894883,unsafe_touchdown
1110,49,-28.6921404137998,0,99,-0.015339324908194,0.515679999886058,0.545261025894883,unsafe_touchdown
1111,49,-27.5986143379157,0,88,-0.015339324908194,0.515679999886058,0.545261025894883,unsafe_touchdown
1112,49,-26.0710420983818,0,101,-0.015339324908194,0.515679999886058,0.545261025894883,unsafe_touchdown
1113,49,-25.8535934963101,0,88,-0.015339324908194,0.515679999886058,0.545261025894883,unsafe_touchdown
1114,49,-29.2372251644316,0,98,-0.015339324908194,0.515679999886058,0.545261025894883,unsafe_touchdown
1115,49,-23.6245248901718,0,89,-0.015339324908194,0.515679999886058,0.545261025894883,unsafe_touchdown
1116,49,-25.9310354360155,0,106,-0.015339324908194,0.515679999886058,0.545261025894883,unsafe_touchdown
1117,49,-27.0185208924556,0,102,-0.015339324908194,0.515679999886058,0.545261025894883,unsafe_touchdown
1118,49,-27.4552320886533,0,103,-0.015339324908194,0.515679999886058,0.545261025894883,unsafe_touchdown
1119,50,-25.461328434812,0,91,-0.0164091390538545,0.562277416218989,0.543629237932368,unsafe_touchdown
1120,50,-29.7220827232873,0,101,-0.0164091390538545,0.562277416218989,0.543629237932368,unsafe_touchdown
1121,50,-25.6818027372063,0,100,-0.0164091390538545,0.562277416218989,0.543629237932368,unsafe_touchdown
1122,50,-28.3073193826564,0,95,-0.0164091390538545,0.562277416218989,0.543629237932368,unsafe_touchdown
1123,50,-26.6161417968086,0,86,-0.0164091390538545,0.562277416218989,0.543629237932368,unsafe_touchdown
1124,50,-27.3086669302724,0,95,-0.0164091390538545,0.562277416218989,0.543629237932368,unsafe_touchdown
1125,50,-27.3253356142915,0,83,-0.0164091390538545,0.562277416218989,0.543629237932368,unsafe_touchdown
1126,50,-27.7825671891156,0,100,-0.0164091390538545,0.562277416218989,0.543629237932368,unsafe_touchdown
1127,50,-28.3194077268308,0,84,-0.0164091390538545,0.562277416218989,0.543629237932368,unsafe_touchdown
1128,50,-27.3651565663533,0,98,-0.0164091390538545,0.562277416218989,0.543629237932368,unsafe_touchdown
1129,50,-29.0596340179569,0,80,-0.0164091390538545,0.562277416218989,0.543629237932368,unsafe_touchdown
1130,50,-24.8961806296201,0,98,-0.0164091390538545,0.562277416218989,0.543629237932368,unsafe_touchdown
1131,50,-28.5161183773093,0,109,-0.0164091390538545,0.562277416218989,0.543629237932368,unsafe_touchdown
1132,50,-25.9601230575807,0,100,-0.0164091390538545,0.562277416218989,0.543629237932368,unsafe_touchdown
1133,50,-27.9698125591155,0,83,-0.0164091390538545,0.562277416218989,0.543629237932368,unsafe_touchdown
1134,50,-24.8609040570867,0,82,-0.0164091390538545,0.562277416218989,0.543629237932368,unsafe_touchdown
1135,50,-24.7432849148049,0,93,-0.0164091390538545,0.562277416218989,0.543629237932368,unsafe_touchdown
1136,50,-24.6082223626476,0,87,-0.0164091390538545,0.562277416218989,0.543629237932368,unsafe_touchdown
1137,50,-23.8228715325109,0,99,-0.0164091390538545,0.562277416218989,0.543629237932368,unsafe_touchdown
1138,50,-24.4207102878248,0,93,-0.0164091390538545,0.562277416218989,0.543629237932368,unsafe_touchdown
1139,50,-26.1506681988501,0,93,-0.0164091390538545,0.562277416218989,0.543629237932368,unsafe_touchdown
1140,50,-23.566996218276,0,81,-0.0164091390538545,0.562277416218989,0.543629237932368,unsafe_touchdown
1141,50,-30.1459526794832,0,91,-0.0164091390538545,0.562277416218989,0.543629237932368,unsafe_touchdown
1142,51,-25.041858103417,0,86,-0.0152575983346532,0.517975057735099,0.541072138652459,unsafe_touchdown
1143,51,-30.3757021515122,0,102,-0.0152575983346532,0.517975057735099,0.541072138652459,unsafe_touchdown
1144,51,-25.0771028190334,0,85,-0.0152575983346532,0.517975057735099,0.541072138652459,unsafe_touchdown
1145,51,-27.8344529933873,0,99,-0.0152575983346532,0.517975057735099,0.541072138652459,unsafe_touchdown
1146,51,-22.9338175637206,0,90,-0.0152575983346532,0.517975057735099,0.541072138652459,unsafe_touchdown
1147,51,-26.1264304802237,0,104,-0.0152575983346532,0.517975057735099,0.541072138652459,unsafe_touchdown
1148,51,-24.8375452751896,0,98,-0.0152575983346532,0.517975057735099,0.541072138652459,unsafe_touchdown
1149,51,-26.7546628002769,0,101,-0.0152575983346532,0.517975057735099,0.541072138652459,unsafe_touchdown
1150,51,-25.5655496824573,0,83,-0.0152575983346532,0.517975057735099,0.541072138652459,unsafe_touchdown
1151,51,-24.2234257025694,0,101,-0.0152575983346532,0.517975057735099,0.541072138652459,unsafe_touchdown
1152,51,-27.0700417990211,0,121,-0.0152575983346532,0.517975057735099,0.541072138652459,unsafe_touchdown
1153,51,-25.6094046005132,0,76,-0.0152575983346532,0.517975057735099,0.541072138652459,unsafe_touchdown
1154,51,-26.7663346090068,0,91,-0.0152575983346532,0.517975057735099,0.541072138652459,unsafe_touchdown
1155,51,-26.0288498622423,0,98,-0.0152575983346532,0.517975057735099,0.541072138652459,unsafe_touchdown
1156,51,-27.0830841439123,0,100,-0.0152575983346532,0.517975057735099,0.541072138652459,unsafe_touchdown
1157,51,-24.5849344641274,0,95,-0.0152575983346532,0.517975057735099,0.541072138652459,unsafe_touchdown
1158,51,-26.4821117864935,0,98,-0.0152575983346532,0.517975057735099,0.541072138652459,unsafe_touchdown
1159,51,-24.1731320638978,0,92,-0.0152575983346532,0.517975057735099,0.541072138652459,unsafe_touchdown
1160,51,-27.4778089176285,0,94,-0.0152575983346532,0.517975057735099,0.541072138652459,unsafe_touchdown
1161,51,-25.1042118479862,0,96,-0.0152575983346532,0.517975057735099,0.541072138652459,unsafe_touchdown
1162,51,-26.6581431759986,0,96,-0.0152575983346532,0.517975057735099,0.541072138652459,unsafe_touchdown
1163,51,-25.7311881960765,0,91,-0.0152575983346532,0.517975057735099,0.541072138652459,unsafe_touchdown
1164,52,-25.9241144486169,0,89,-0.014973052529415,0.522655104686043,0.539910108007947,unsafe_touchdown
1165,52,-25.2916257610648,0,93,-0.014973052529415,0.522655104686043,0.539910108007947,unsafe_touchdown
1166,52,-29.4668703746794,0,106,-0.014973052529415,0.522655104686043,0.539910108007947,unsafe_touchdown
1167,52,-24.6354324001921,0,81,-0.014973052529415,0.522655104686043,0.539910108007947,unsafe_touchdown
1168,52,-24.932132131959,0,88,-0.014973052529415,0.522655104686043,0.539910108007947,unsafe_touchdown
1169,52,-27.4236758256406,0,92,-0.014973052529415,0.522655104686043,0.539910108007947,unsafe_touchdown
1170,52,-25.3382732275037,0,80,-0.014973052529415,0.522655104686043,0.539910108007947,unsafe_touchdown
1171,52,-25.4319492385584,0,83,-0.014973052529415,0.522655104686043,0.539910108007947,unsafe_touchdown
1172,52,-24.1602983644172,0,93,-0.014973052529415,0.522655104686043,0.539910108007947,unsafe_touchdown
1173,52,-25.2946999810628,0,89,-0.014973052529415,0.522655104686043,0.539910108007947,unsafe_touchdown
1174,52,-25.985634236782,0,93,-0.014973052529415,0.522655104686043,0.539910108007947,unsafe_touchdown
1175,52,-28.5739767789258,0,83,-0.014973052529415,0.522655104686043,0.539910108007947,unsafe_touchdown
1176,52,-25.3946407654346,0,96,-0.014973052529415,0.522655104686043,0.539910108007947,unsafe_touchdown
1177,52,-28.5204766544607,0,102,-0.014973052529415,0.522655104686043,0.539910108007947,unsafe_touchdown
1178,52,-25.881536678295,0,102,-0.014973052529415,0.522655104686043,0.539910108007947,unsafe_touchdown
1179,52,-24.2970817277154,0,106,-0.014973052529415,0.522655104686043,0.539910108007947,unsafe_touchdown
1180,52,-25.1204672631301,0,97,-0.014973052529415,0.522655104686043,0.539910108007947,unsafe_touchdown
1181,52,-24.5413841134985,0,97,-0.014973052529415,0.522655104686043,0.539910108007947,unsafe_touchdown
1182,52,-25.0913700219281,0,93,-0.014973052529415,0.522655104686043,0.539910108007947,unsafe_touchdown
1183,52,-24.7649600947335,0,111,-0.014973052529415,0.522655104686043,0.539910108007947,unsafe_touchdown
1184,52,-25.7061953942712,0,102,-0.014973052529415,0.522655104686043,0.539910108007947,unsafe_touchdown
1185,52,-25.5003997288148,0,98,-0.014973052529415,0.522655104686043,0.539910108007947,unsafe_touchdown
1186,53,-29.5171540820449,0,124,-0.018301508908862,0.530523710743542,0.540347604458862,unsafe_touchdown
1187,53,-26.8148085493007,0,85,-0.018301508908862,0.530523710743542,0.540347604458862,unsafe_touchdown
1188,53,-30.3206222119106,0,112,-0.018301508908862,0.530523710743542,0.540347604458862,unsafe_touchdown
1189,53,-23.4378357840194,0,95,-0.018301508908862,0.530523710743542,0.540347604458862,unsafe_touchdown
1190,53,-25.6951950130978,0,97,-0.018301508908862,0.530523710743542,0.540347604458862,unsafe_touchdown
1191,53,-26.6580341148125,0,81,-0.018301508908862,0.530523710743542,0.540347604458862,unsafe_touchdown
1192,53,-24.4964688694656,0,91,-0.018301508908862,0.530523710743542,0.540347604458862,unsafe_touchdown
1193,53,-26.1179024204807,0,95,-0.018301508908862,0.530523710743542,0.540347604458862,unsafe_touchdown
1194,53,-23.8576855477325,0,82,-0.018301508908862,0.530523710743542,0.540347604458862,unsafe_touchdown
1195,53,-26.6193453307021,0,91,-0.018301508908862,0.530523710743542,0.540347604458862,unsafe_touchdown
1196,53,-26.9171087066754,0,89,-0.018301508908862,0.530523710743542,0.540347604458862,unsafe_touchdown
1197,53,-25.4926283285068,0,85,-0.018301508908862,0.530523710743542,0.540347604458862,unsafe_touchdown
1198,53,-25.9780633340983,0,91,-0.018301508908862,0.530523710743542,0.540347604458862,unsafe_touchdown
1199,53,-25.3302156049207,0,83,-0.018301508908862,0.530523710743542,0.540347604458862,unsafe_touchdown
1200,53,-24.6624753577822,0,90,-0.018301508908862,0.530523710743542,0.540347604458862,unsafe_touchdown
1201,53,-27.5542129261842,0,101,-0.018301508908862,0.530523710743542,0.540347604458862,unsafe_touchdown
1202,53,-25.5881118542548,0,99,-0.018301508908862,0.530523710743542,0.540347604458862,unsafe_touchdown
1203,53,-24.2688270473354,0,95,-0.018301508908862,0.530523710743542,0.540347604458862,unsafe_touchdown
1204,53,-25.2967612625428,0,90,-0.018301508908862,0.530523710743542,0.540347604458862,unsafe_touchdown
1205,53,-23.882966118053,0,86,-0.018301508908862,0.530523710743542,0.540347604458862,unsafe_touchdown
1206,53,-25.9187593303206,0,93,-0.018301508908862,0.530523710743542,0.540347604458862,unsafe_touchdown
1207,53,-27.7769960693505,0,98,-0.018301508908862,0.530523710743542,0.540347604458862,unsafe_touchdown
1208,54,-24.8350271434891,0,90,-0.0142693129805282,0.538369773926128,0.539625147581402,unsafe_touchdown
1209,54,-25.4381781472384,0,101,-0.0142693129805282,0.538369773926128,0.539625147581402,unsafe_touchdown
1210,54,-28.0459386122564,0,103,-0.0142693129805282,0.538369773926128,0.539625147581402,unsafe_touchdown
1211,54,-27.0714305102243,0,87,-0.0142693129805282,0.538369773926128,0.539625147581402,unsafe_touchdown
1212,54,-24.951843859507,0,80,-0.0142693129805282,0.538369773926128,0.539625147581402,unsafe_touchdown
1213,54,-25.0750507519034,0,106,-0.0142693129805282,0.538369773926128,0.539625147581402,unsafe_touchdown
1214,54,-26.5203577756115,0,110,-0.0142693129805282,0.538369773926128,0.539625147581402,unsafe_touchdown
1215,54,-24.7174539150531,0,87,-0.0142693129805282,0.538369773926128,0.539625147581402,unsafe_touchdown
1216,54,-25.6065522839504,0,82,-0.0142693129805282,0.538369773926128,0.539625147581402,unsafe_touchdown
1217,54,-28.9415942343588,0,91,-0.0142693129805282,0.538369773926128,0.539625147581402,unsafe_touchdown
1218,54,-26.2621923967212,0,87,-0.0142693129805282,0.538369773926128,0.539625147581402,unsafe_touchdown
1219,54,-27.4355242810574,0,111,-0.0142693129805282,0.538369773926128,0.539625147581402,unsafe_touchdown
1220,54,-24.9870551471516,0,95,-0.0142693129805282,0.538369773926128,0.539625147581402,unsafe_touchdown
1221,54,-24.8265735328594,0,103,-0.0142693129805282,0.538369773926128,0.539625147581402,unsafe_touchdown
1222,54,-25.508466535522,0,78,-0.0142693129805282,0.538369773926128,0.539625147581402,unsafe_touchdown
1223,54,-25.9967673228746,0,95,-0.0142693129805282,0.538369773926128,0.539625147581402,unsafe_touchdown
1224,54,-30.1741751876509,0,103,-0.0142693129805282,0.538369773926128,0.539625147581402,unsafe_touchdown
1225,54,-25.4481682229957,0,99,-0.0142693129805282,0.538369773926128,0.539625147581402,unsafe_touchdown
1226,54,-25.9293119693418,0,98,-0.0142693129805282,0.538369773926128,0.539625147581402,unsafe_touchdown
1227,54,-26.0047929014359,0,85,-0.0142693129805282,0.538369773926128,0.539625147581402,unsafe_touchdown
1228,54,-23.6888416297816,0,93,-0.0142693129805282,0.538369773926128,0.539625147581402,unsafe_touchdown
1229,54,-27.4969594276191,0,95,-0.0142693129805282,0.538369773926128,0.539625147581402,unsafe_touchdown
1230,55,-24.677685887251,0,85,-0.0173621760756891,0.57910968797176,0.539932078571729,unsafe_touchdown
1231,55,-25.1073623444771,0,96,-0.0173621760756891,0.57910968797176,0.539932078571729,unsafe_touchdown
1232,55,-25.3924186946121,0,92,-0.0173621760756891,0.57910968797176,0.539932078571729,unsafe_touchdown
1233,55,-24.6013235429892,0,90,-0.0173621760756891,0.57910968797176,0.539932078571729,unsafe_touchdown
1234,55,-27.1553086261384,0,87,-0.0173621760756891,0.57910968797176,0.539932078571729,unsafe_touchdown
1235,55,-25.0620016638309,0,77,-0.0173621760756891,0.57910968797176,0.539932078571729,unsafe_touchdown
1236,55,-25.7749335324662,0,83,-0.0173621760756891,0.57910968797176,0.539932078571729,unsafe_touchdown
1237,55,-27.0616878458966,0,94,-0.0173621760756891,0.57910968797176,0.539932078571729,unsafe_touchdown
1238,55,-25.2346810451097,0,95,-0.0173621760756891,0.57910968797176,0.539932078571729,unsafe_touchdown
1239,55,-24.0544740927466,0,94,-0.0173621760756891,0.57910968797176,0.539932078571729,unsafe_touchdown
1240,55,-26.9039220678716,0,94,-0.0173621760756891,0.57910968797176,0.539932078571729,unsafe_touchdown
1241,55,-26.7099437658912,0,88,-0.0173621760756891,0.57910968797176,0.539932078571729,unsafe_touchdown
1242,55,-24.4642258666187,0,83,-0.0173621760756891,0.57910968797176,0.539932078571729,unsafe_touchdown
1243,55,-25.2507822382051,0,92,-0.0173621760756891,0.57910968797176,0.539932078571729,unsafe_touchdown
1244,55,-24.0681736132598,0,87,-0.0173621760756891,0.57910968797176,0.539932078571729,unsafe_touchdown
1245,55,-24.9789714119056,0,93,-0.0173621760756891,0.57910968797176,0.539932078571729,unsafe_touchdown
1246,55,-25.7422499015914,0,106,-0.0173621760756891,0.57910968797176,0.539932078571729,unsafe_touchdown
1247,55,-22.6888854830609,0,81,-0.0173621760756891,0.57910968797176,0.539932078571729,unsafe_touchdown
1248,55,-27.0167896312434,0,90,-0.0173621760756891,0.57910968797176,0.539932078571729,unsafe_touchdown
1249,55,-24.8035131185142,0,83,-0.0173621760756891,0.57910968797176,0.539932078571729,unsafe_touchdown
1250,55,-28.9254548529702,0,89,-0.0173621760756891,0.57910968797176,0.539932078571729,unsafe_touchdown
1251,55,-25.4106741325642,0,91,-0.0173621760756891,0.57910968797176,0.539932078571729,unsafe_touchdown
1252,55,-31.5788510960081,0,107,-0.0173621760756891,0.57910968797176,0.539932078571729,unsafe_touchdown
1253,56,-27.8260337864897,0,98,-0.0163925738285152,0.540143304431731,0.539555939497488,unsafe_touchdown
1254,56,-25.7641079624869,0,91,-0.0163925738285152,0.540143304431731,0.539555939497488,unsafe_touchdown
1255,56,-24.874265744122,0,107,-0.0163925738285152,0.540143304431731,0.539555939497488,unsafe_touchdown
1256,56,-26.8350577419854,0,95,-0.0163925738285152,0.540143304431731,0.539555939497488,unsafe_touchdown
1257,56,-25.3030751648659,0,88,-0.0163925738285152,0.540143304431731,0.539555939497488,unsafe_touchdown
1258,56,-25.0698021465079,0,88,-0.0163925738285152,0.540143304431731,0.539555939497488,unsafe_touchdown
1259,56,-23.9490029670005,0,92,-0.0163925738285152,0.540143304431731,0.539555939497488,unsafe_touchdown
1260,56,-26.3277341388805,0,99,-0.0163925738285152,0.540143304431731,0.539555939497488,unsafe_touchdown
1261,56,-29.8789823501141,0,91,-0.0163925738285152,0.540143304431731,0.539555939497488,unsafe_touchdown
1262,56,-24.0431967207896,0,85,-0.0163925738285152,0.540143304431731,0.539555939497488,unsafe_touchdown
1263,56,-27.1002796301291,0,92,-0.0163925738285152,0.540143304431731,0.539555939497488,unsafe_touchdown
1264,56,-25.3591246580607,0,106,-0.0163925738285152,0.540143304431731,0.539555939497488,unsafe_touchdown
1265,56,-22.9771101721367,0,86,-0.0163925738285152,0.540143304431731,0.539555939497488,unsafe_touchdown
1266,56,-25.4361152174595,0,85,-0.0163925738285152,0.540143304431731,0.539555939497488,unsafe_touchdown
1267,56,-27.7863272729387,0,84,-0.0163925738285152,0.540143304431731,0.539555939497488,unsafe_touchdown
1268,56,-26.703787824843,0,83,-0.0163925738285152,0.540143304431731,0.539555939497488,unsafe_touchdown
1269,56,-28.4232781565303,0,95,-0.0163925738285152,0.540143304431731,0.539555939497488,unsafe_touchdown
1270,56,-23.2716287645139,0,86,-0.0163925738285152,0.540143304431731,0.539555939497488,unsafe_touchdown
1271,56,-26.0734955785614,0,96,-0.0163925738285152,0.540143304431731,0.539555939497488,unsafe_touchdown
1272,56,-23.9172298447624,0,84,-0.0163925738285152,0.540143304431731,0.539555939497488,unsafe_touchdown
1273,56,-25.7629675460667,0,89,-0.0163925738285152,0.540143304431731,0.539555939497488,unsafe_touchdown
1274,56,-24.8845997338367,0,86,-0.0163925738285152,0.540143304431731,0.539555939497488,unsafe_touchdown
1275,56,-24.2997099618694,0,97,-0.0163925738285152,0.540143304431731,0.539555939497488,unsafe_touchdown
1276,57,-27.2141937275082,0,91,-0.0160868604766427,0.622536051564222,0.539843931145354,unsafe_touchdown
1277,57,-26.2144665818581,0,102,-0.0160868604766427,0.622536051564222,0.539843931145354,unsafe_touchdown
1278,57,-23.7034757466252,0,79,-0.0160868604766427,0.622536051564222,0.539843931145354,unsafe_touchdown
1279,57,-27.2632638130356,0,86,-0.0160868604766427,0.622536051564222,0.539843931145354,unsafe_touchdown
1280,57,-26.2513203756767,0,84,-0.0160868604766427,0.622536051564222,0.539843931145354,unsafe_touchdown
1281,57,-30.4763782020906,0,106,-0.0160868604766427,0.622536051564222,0.539843931145354,unsafe_touchdown
1282,57,-24.8215984764652,0,97,-0.0160868604766427,0.622536051564222,0.539843931145354,unsafe_touchdown
1283,57,-23.4623193699007,0,88,-0.0160868604766427,0.622536051564222,0.539843931145354,unsafe_touchdown
1284,57,-27.0102135558654,0,86,-0.0160868604766427,0.622536051564222,0.539843931145354,unsafe_touchdown
1285,57,-32.6859336209519,0,105,-0.0160868604766427,0.622536051564222,0.539843931145354,unsafe_touchdown
1286,57,-26.2390175651315,0,93,-0.0160868604766427,0.622536051564222,0.539843931145354,unsafe_touchdown
1287,57,-24.4393995315988,0,90,-0.0160868604766427,0.622536051564222,0.539843931145354,unsafe_touchdown
1288,57,-23.047881577525,0,86,-0.0160868604766427,0.622536051564222,0.539843931145354,unsafe_touchdown
1289,57,-26.6650858216979,0,97,-0.0160868604766427,0.622536051564222,0.539843931145354,unsafe_touchdown
1290,57,-25.389901286048,0,86,-0.0160868604766427,0.622536051564222,0.539843931145354,unsafe_touchdown
1291,57,-26.8728619772959,0,96,-0.0160868604766427,0.622536051564222,0.539843931145354,unsafe_touchdown
1292,57,-26.9848835045506,0,73,-0.0160868604766427,0.622536051564222,0.539843931145354,unsafe_touchdown
1293,57,-30.4731035513627,0,102,-0.0160868604766427,0.622536051564222,0.539843931145354,unsafe_touchdown
1294,57,-23.6532055938971,0,82,-0.0160868604766427,0.622536051564222,0.539843931145354,unsafe_touchdown
1295,57,-25.8022858921961,0,91,-0.0160868604766427,0.622536051564222,0.539843931145354,unsafe_touchdown
1296,57,-29.1316031617267,0,92,-0.0160868604766427,0.622536051564222,0.539843931145354,unsafe_touchdown
1297,57,-27.0717563726537,0,94,-0.0160868604766427,0.622536051564222,0.539843931145354,unsafe_touchdown
1298,57,-28.8046165639986,0,93,-0.0160868604766427,0.622536051564222,0.539843931145354,unsafe_touchdown
1299,58,-30.3071397639566,0,108,-0.0119114877522746,0.570891346851279,0.540283171494815,unsafe_touchdown
1300,58,-25.221937560645,0,91,-0.0119114877522746,0.570891346851279,0.540283171494815,unsafe_touchdown
1301,58,-26.3010918360366,0,98,-0.0119114877522746,0.570891346851279,0.540283171494815,unsafe_touchdown
1302,58,-25.0609790495247,0,78,-0.0119114877522746,0.570891346851279,0.540283171494815,unsafe_touchdown
1303,58,-26.287944795975,0,90,-0.0119114877522746,0.570891346851279,0.540283171494815,unsafe_touchdown
1304,58,-25.0206722857779,0,95,-0.0119114877522746,0.570891346851279,0.540283171494815,unsafe_touchdown
1305,58,-28.2805806827164,0,104,-0.0119114877522746,0.570891346851279,0.540283171494815,unsafe_touchdown
1306,58,-23.8881265532167,0,88,-0.0119114877522746,0.570891346851279,0.540283171494815,unsafe_touchdown
1307,58,-25.436278061758,0,81,-0.0119114877522746,0.570891346851279,0.540283171494815,unsafe_touchdown
1308,58,-24.0335277524363,0,88,-0.0119114877522746,0.570891346851279,0.540283171494815,unsafe_touchdown
1309,58,-23.6315688591116,0,90,-0.0119114877522746,0.570891346851279,0.540283171494815,unsafe_touchdown
1310,58,-26.1851994880571,0,91,-0.0119114877522746,0.570891346851279,0.540283171494815,unsafe_touchdown
1311,58,-24.3064068493338,0,78,-0.0119114877522746,0.570891346851279,0.540283171494815,unsafe_touchdown
1312,58,-23.4127554258258,0,81,-0.0119114877522746,0.570891346851279,0.540283171494815,unsafe_touchdown
1313,58,-25.2684590738689,0,85,-0.0119114877522746,0.570891346851279,0.540283171494815,unsafe_touchdown
1314,58,-30.2554827431528,0,89,-0.0119114877522746,0.570891346851279,0.540283171494815,unsafe_touchdown
1315,58,-23.5643653018574,0,84,-0.0119114877522746,0.570891346851279,0.540283171494815,unsafe_touchdown
1316,58,-23.9819874370276,0,97,-0.0119114877522746,0.570891346851279,0.540283171494815,unsafe_touchdown
1317,58,-25.5888838012283,0,96,-0.0119114877522746,0.570891346851279,0.540283171494815,unsafe_touchdown
1318,58,-25.5654886657165,0,91,-0.0119114877522746,0.570891346851279,0.540283171494815,unsafe_touchdown
1319,58,-24.3196607114549,0,88,-0.0119114877522746,0.570891346851279,0.540283171494815,unsafe_touchdown
1320,58,-25.3095426106876,0,99,-0.0119114877522746,0.570891346851279,0.540283171494815,unsafe_touchdown
1321,58,-23.7963651529657,0,94,-0.0119114877522746,0.570891346851279,0.540283171494815,unsafe_touchdown
1322,59,-23.6502254175008,0,94,-0.0145703589567538,0.502033789384979,0.538290107881301,unsafe_touchdown
1323,59,-23.3053681607621,0,81,-0.0145703589567538,0.502033789384979,0.538290107881301,unsafe_touchdown
1324,59,-25.4087840331962,0,87,-0.0145703589567538,0.502033789384979,0.538290107881301,unsafe_touchdown
1325,59,-23.249398771985,0,88,-0.0145703589567538,0.502033789384979,0.538290107881301,unsafe_touchdown
1326,59,-27.2203102825979,0,101,-0.0145703589567538,0.502033789384979,0.538290107881301,unsafe_touchdown
1327,59,-26.0948174563187,0,96,-0.0145703589567538,0.502033789384979,0.538290107881301,unsafe_touchdown
1328,59,-23.826881292776,0,91,-0.0145703589567538,0.502033789384979,0.538290107881301,unsafe_touchdown
1329,59,-28.0911458612461,0,100,-0.0145703589567538,0.502033789384979,0.538290107881301,unsafe_touchdown
1330,59,-24.6325913646847,0,93,-0.0145703589567538,0.502033789384979,0.538290107881301,unsafe_touchdown
1331,59,-26.4988869477946,0,84,-0.0145703589567538,0.502033789384979,0.538290107881301,unsafe_touchdown
1332,59,-26.781528888191,0,92,-0.0145703589567538,0.502033789384979,0.538290107881301,unsafe_touchdown
1333,59,-23.0508730496851,0,84,-0.0145703589567538,0.502033789384979,0.538290107881301,unsafe_touchdown
1334,59,-27.0053822613929,0,109,-0.0145703589567538,0.502033789384979,0.538290107881301,unsafe_touchdown
1335,59,-24.7563163204723,0,87,-0.0145703589567538,0.502033789384979,0.538290107881301,unsafe_touchdown
1336,59,-27.0957864678683,0,95,-0.0145703589567538,0.502033789384979,0.538290107881301,unsafe_touchdown
1337,59,-27.4906881621226,0,95,-0.0145703589567538,0.502033789384979,0.538290107881301,unsafe_touchdown
1338,59,-24.1173639481688,0,90,-0.0145703589567538,0.502033789384979,0.538290107881301,unsafe_touchdown
1339,59,-26.464258068059,0,100,-0.0145703589567538,0.502033789384979,0.538290107881301,unsafe_touchdown
1340,59,-24.8513478962043,0,94,-0.0145703589567538,0.502033789384979,0.538290107881301,unsafe_touchdown
1341,59,-29.5336924080407,0,116,-0.0145703589567538,0.502033789384979,0.538290107881301,unsafe_touchdown
1342,59,-24.8980803050566,0,87,-0.0145703589567538,0.502033789384979,0.538290107881301,unsafe_touchdown
1343,59,-25.1370812834255,0,84,-0.0145703589567538,0.502033789384979,0.538290107881301,unsafe_touchdown
1344,60,-24.4698634114682,0,91,-0.0220118420173867,0.506398235830174,0.537161711061535,unsafe_touchdown
1345,60,-26.6398795860299,0,96,-0.0220118420173867,0.506398235830174,0.537161711061535,unsafe_touchdown
1346,60,-27.9751279059452,0,95,-0.0220118420173867,0.506398235830174,0.537161711061535,unsafe_touchdown
1347,60,-26.3927529468409,0,83,-0.0220118420173867,0.506398235830174,0.537161711061535,unsafe_touchdown
1348,60,-29.3022534287559,0,87,-0.0220118420173867,0.506398235830174,0.537161711061535,unsafe_touchdown
1349,60,-28.3278097581095,0,95,-0.0220118420173867,0.506398235830174,0.537161711061535,unsafe_touchdown
1350,60,-27.7263262325171,0,95,-0.0220118420173867,0.506398235830174,0.537161711061535,unsafe_touchdown
1351,60,-25.2826833654735,0,92,-0.0220118420173867,0.506398235830174,0.537161711061535,unsafe_touchdown
1352,60,-27.4652995113364,0,91,-0.0220118420173867,0.506398235830174,0.537161711061535,unsafe_touchdown
1353,60,-24.7278470526426,0,79,-0.0220118420173867,0.506398235830174,0.537161711061535,unsafe_touchdown
1354,60,-26.6581911621699,0,101,-0.0220118420173867,0.506398235830174,0.537161711061535,unsafe_touchdown
1355,60,-27.9901893826266,0,86,-0.0220118420173867,0.506398235830174,0.537161711061535,unsafe_touchdown
1356,60,-23.2131054232361,0,88,-0.0220118420173867,0.506398235830174,0.537161711061535,unsafe_touchdown
1357,60,-26.0965100741023,0,79,-0.0220118420173867,0.506398235830174,0.537161711061535,unsafe_touchdown
1358,60,-25.3603548206693,0,94,-0.0220118420173867,0.506398235830174,0.537161711061535,unsafe_touchdown
1359,60,-27.6586747956746,0,99,-0.0220118420173867,0.506398235830174,0.537161711061535,unsafe_touchdown
1360,60,-25.809825053619,0,88,-0.0220118420173867,0.506398235830174,0.537161711061535,unsafe_touchdown
1361,60,-27.3833422679142,0,99,-0.0220118420173867,0.506398235830174,0.537161711061535,unsafe_touchdown
1362,60,-24.8639403691467,0,89,-0.0220118420173867,0.506398235830174,0.537161711061535,unsafe_touchdown
1363,60,-24.4849648230784,0,98,-0.0220118420173867,0.506398235830174,0.537161711061535,unsafe_touchdown
1364,60,-26.0854899903239,0,93,-0.0220118420173867,0.506398235830174,0.537161711061535,unsafe_touchdown
1365,60,-25.4361518806484,0,99,-0.0220118420173867,0.506398235830174,0.537161711061535,unsafe_touchdown
1366,60,-25.4236517365211,0,96,-0.0220118420173867,0.506398235830174,0.537161711061535,unsafe_touchdown
1367,61,-24.6238340671038,0,89,-0.0137397190990359,0.516372122393123,0.535291699420833,unsafe_touchdown
1368,61,-29.6485017778482,0,101,-0.0137397190990359,0.516372122393123,0.535291699420833,unsafe_touchdown
1369,61,-24.4643339260202,0,98,-0.0137397190990359,0.516372122393123,0.535291699420833,unsafe_touchdown
1370,61,-25.4008974362722,0,91,-0.0137397190990359,0.516372122393123,0.535291699420833,unsafe_touchdown
1371,61,-23.6560463379086,0,92,-0.0137397190990359,0.516372122393123,0.535291699420833,unsafe_touchdown
1372,61,-27.9332444298439,0,98,-0.0137397190990359,0.516372122393123,0.535291699420833,unsafe_touchdown
1373,61,-27.2353352509186,0,99,-0.0137397190990359,0.516372122393123,0.535291699420833,unsafe_touchdown
1374,61,-25.5152672071479,0,84,-0.0137397190990359,0.516372122393123,0.535291699420833,unsafe_touchdown
1375,61,-28.102946574851,0,99,-0.0137397190990359,0.516372122393123,0.535291699420833,unsafe_touchdown
1376,61,-26.2497059407782,0,83,-0.0137397190990359,0.516372122393123,0.535291699420833,unsafe_touchdown
1377,61,-23.3053579369706,0,92,-0.0137397190990359,0.516372122393123,0.535291699420833,unsafe_touchdown
1378,61,-24.9393508477188,0,87,-0.0137397190990359,0.516372122393123,0.535291699420833,unsafe_touchdown
1379,61,-24.3617267424313,0,90,-0.0137397190990359,0.516372122393123,0.535291699420833,unsafe_touchdown
1380,61,-24.5030107688436,0,88,-0.0137397190990359,0.516372122393123,0.535291699420833,unsafe_touchdown
1381,61,-25.4806880140309,0,89,-0.0137397190990359,0.516372122393123,0.535291699420833,unsafe_touchdown
1382,61,-25.3786784417568,0,83,-0.0137397190990359,0.516372122393123,0.535291699420833,unsafe_touchdown
1383,61,-24.2741536756268,0,99,-0.0137397190990359,0.516372122393123,0.535291699420833,unsafe_touchdown
1384,61,-26.4530484299051,0,88,-0.0137397190990359,0.516372122393123,0.535291699420833,unsafe_touchdown
1385,61,-26.2626613933833,0,100,-0.0137397190990359,0.516372122393123,0.535291699420833,unsafe_touchdown
1386,61,-28.4269892099587,0,82,-0.0137397190990359,0.516372122393123,0.535291699420833,unsafe_touchdown
1387,61,-23.3926511995156,0,93,-0.0137397190990359,0.516372122393123,0.535291699420833,unsafe_touchdown
1388,61,-23.8944735272088,0,81,-0.0137397190990359,0.516372122393123,0.535291699420833,unsafe_touchdown
1389,61,-23.806030205716,0,84,-0.0137397190990359,0.516372122393123,0.535291699420833,unsafe_touchdown
1390,62,-25.5930951866237,0,81,-0.0154454243055178,0.507230049142001,0.535700858824576,unsafe_touchdown
1391,62,-31.029468149696,0,100,-0.0154454243055178,0.507230049142001,0.535700858824576,unsafe_touchdown
1392,62,-25.2568648517,0,96,-0.0154454243055178,0.507230049142001,0.535700858824576,unsafe_touchdown
1393,62,-25.0193316810081,0,99,-0.0154454243055178,0.507230049142001,0.535700858824576,unsafe_touchdown
1394,62,-25.4353539510201,0,93,-0.0154454243055178,0.507230049142001,0.535700858824576,unsafe_touchdown
1395,62,-24.8555739656099,0,86,-0.0154454243055178,0.507230049142001,0.535700858824576,unsafe_touchdown
1396,62,-25.1991937650717,0,97,-0.0154454243055178,0.507230049142001,0.535700858824576,unsafe_touchdown
1397,62,-25.6035010023192,0,90,-0.0154454243055178,0.507230049142001,0.535700858824576,unsafe_touchdown
1398,62,-23.2158131406473,0,95,-0.0154454243055178,0.507230049142001,0.535700858824576,unsafe_touchdown
1399,62,-30.3822129554875,0,105,-0.0154454243055178,0.507230049142001,0.535700858824576,unsafe_touchdown
1400,62,-23.6613803251948,0,86,-0.0154454243055178,0.507230049142001,0.535700858824576,unsafe_touchdown
1401,62,-24.5590733663408,0,90,-0.0154454243055178,0.507230049142001,0.535700858824576,unsafe_touchdown
1402,62,-23.4987887110583,0,100,-0.0154454243055178,0.507230049142001,0.535700858824576,unsafe_touchdown
1403,62,-25.9297191486489,0,87,-0.0154454243055178,0.507230049142001,0.535700858824576,unsafe_touchdown
1404,62,-23.591654505208,0,86,-0.0154454243055178,0.507230049142001,0.535700858824576,unsafe_touchdown
1405,62,-26.077954787293,0,82,-0.0154454243055178,0.507230049142001,0.535700858824576,unsafe_touchdown
1406,62,-25.2628908460595,0,81,-0.0154454243055178,0.507230049142001,0.535700858824576,unsafe_touchdown
1407,62,-27.9394763275105,0,86,-0.0154454243055178,0.507230049142001,0.535700858824576,unsafe_touchdown
1408,62,-25.956009829264,0,85,-0.0154454243055178,0.507230049142001,0.535700858824576,unsafe_touchdown
1409,62,-24.3215856488042,0,99,-0.0154454243055178,0.507230049142001,0.535700858824576,unsafe_touchdown
1410,62,-27.7828067225695,0,85,-0.0154454243055178,0.507230049142001,0.535700858824576,unsafe_touchdown
1411,62,-31.6616278684251,0,116,-0.0154454243055178,0.507230049142001,0.535700858824576,unsafe_touchdown
1412,62,-24.7186929296396,0,83,-0.0154454243055178,0.507230049142001,0.535700858824576,unsafe_touchdown
1413,63,-26.0021445632805,0,97,-0.0121690105269,0.492863368012441,0.53537624613679,unsafe_touchdown
1414,63,-28.0045289058831,0,88,-0.0121690105269,0.492863368012441,0.53537624613679,unsafe_touchdown
1415,63,-24.7038861392584,0,91,-0.0121690105269,0.492863368012441,0.53537624613679,unsafe_touchdown
1416,63,-26.3736626094694,0,88,-0.0121690105269,0.492863368012441,0.53537624613679,unsafe_touchdown
1417,63,-29.5756563924905,0,106,-0.0121690105269,0.492863368012441,0.53537624613679,unsafe_touchdown
1418,63,-25.3317436924311,0,80,-0.0121690105269,0.492863368012441,0.53537624613679,unsafe_touchdown
1419,63,-26.1576584944855,0,95,-0.0121690105269,0.492863368012441,0.53537624613679,unsafe_touchdown
1420,63,-25.4848385533564,0,88,-0.0121690105269,0.492863368012441,0.53537624613679,unsafe_touchdown
1421,63,-25.0272443684902,0,99,-0.0121690105269,0.492863368012441,0.53537624613679,unsafe_touchdown
1422,63,-28.6609083785961,0,80,-0.0121690105269,0.492863368012441,0.53537624613679,unsafe_touchdown
1423,63,-28.1931340273389,0,103,-0.0121690105269,0.492863368012441,0.53537624613679,unsafe_touchdown
1424,63,-25.2906139413471,0,93,-0.0121690105269,0.492863368012441,0.53537624613679,unsafe_touchdown
1425,63,-27.384538448452,0,96,-0.0121690105269,0.492863368012441,0.53537624613679,unsafe_touchdown
1426,63,-26.9205251614281,0,97,-0.0121690105269,0.492863368012441,0.53537624613679,unsafe_touchdown
1427,63,-24.7646128958074,0,90,-0.0121690105269,0.492863368012441,0.53537624613679,unsafe_touchdown
1428,63,-26.0047517901623,0,91,-0.0121690105269,0.492863368012441,0.53537624613679,unsafe_touchdown
1429,63,-25.2748241289917,0,94,-0.0121690105269,0.492863368012441,0.53537624613679,unsafe_touchdown
1430,63,-25.7970669501902,0,104,-0.0121690105269,0.492863368012441,0.53537624613679,unsafe_touchdown
1431,63,-23.0180906678619,0,83,-0.0121690105269,0.492863368012441,0.53537624613679,unsafe_touchdown
1432,63,-24.8701604990155,0,91,-0.0121690105269,0.492863368012441,0.53537624613679,unsafe_touchdown
1433,63,-22.8663019704787,0,78,-0.0121690105269,0.492863368012441,0.53537624613679,unsafe_touchdown
1434,63,-26.2416944589527,0,93,-0.0121690105269,0.492863368012441,0.53537624613679,unsafe_touchdown
1435,63,-29.8666656679423,0,105,-0.0121690105269,0.492863368012441,0.53537624613679,unsafe_touchdown
1436,64,-25.4786431214277,0,81,-0.0157034093097299,0.494462156642228,0.534333186193386,unsafe_touchdown
1437,64,-24.9855210222858,0,88,-0.0157034093097299,0.494462156642228,0.534333186193386,unsafe_touchdown
1438,64,-23.7588525084589,0,90,-0.0157034093097299,0.494462156642228,0.534333186193386,unsafe_touchdown
1439,64,-29.432008125674,0,99,-0.0157034093097299,0.494462156642228,0.534333186193386,unsafe_touchdown
1440,64,-25.0383359767824,0,88,-0.0157034093097299,0.494462156642228,0.534333186193386,unsafe_touchdown
1441,64,-25.4079301456932,0,101,-0.0157034093097299,0.494462156642228,0.534333186193386,unsafe_touchdown
1442,64,-25.5864971953017,0,86,-0.0157034093097299,0.494462156642228,0.534333186193386,unsafe_touchdown
1443,64,-25.1724082927518,0,74,-0.0157034093097299,0.494462156642228,0.534333186193386,unsafe_touchdown
1444,64,-26.5478194409475,0,82,-0.0157034093097299,0.494462156642228,0.534333186193386,unsafe_touchdown
1445,64,-27.7855171123077,0,96,-0.0157034093097299,0.494462156642228,0.534333186193386,unsafe_touchdown
1446,64,-27.3025223027019,0,88,-0.0157034093097299,0.494462156642228,0.534333186193386,unsafe_touchdown
1447,64,-24.6712799102413,0,99,-0.0157034093097299,0.494462156642228,0.534333186193386,unsafe_touchdown
1448,64,-23.9925593461208,0,90,-0.0157034093097299,0.494462156642228,0.534333186193386,unsafe_touchdown
1449,64,-23.9247692967313,0,86,-0.0157034093097299,0.494462156642228,0.534333186193386,unsafe_touchdown
1450,64,-23.3487486181847,0,81,-0.0157034093097299,0.494462156642228,0.534333186193386,unsafe_touchdown
1451,64,-22.9795595936588,0,81,-0.0157034093097299,0.494462156642228,0.534333186193386,unsafe_touchdown
1452,64,-25.4808715153472,0,99,-0.0157034093097299,0.494462156642228,0.534333186193386,unsafe_touchdown
1453,64,-23.6197366672427,0,79,-0.0157034093097299,0.494462156642228,0.534333186193386,unsafe_touchdown
1454,64,-26.9382580214059,0,86,-0.0157034093097299,0.494462156642228,0.534333186193386,unsafe_touchdown
1455,64,-23.6220219185633,0,90,-0.0157034093097299,0.494462156642228,0.534333186193386,unsafe_touchdown
1456,64,-22.7060157075559,0,92,-0.0157034093097299,0.494462156642228,0.534333186193386,unsafe_touchdown
1457,64,-24.1232311243075,0,91,-0.0157034093097299,0.494462156642228,0.534333186193386,unsafe_touchdown
1458,64,-23.2543509413523,0,91,-0.0157034093097299,0.494462156642228,0.534333186193386,unsafe_touchdown
1459,64,-27.4400495867378,0,89,-0.0157034093097299,0.494462156642228,0.534333186193386,unsafe_touchdown
1460,65,-25.6606887962322,0,93,0.00888553001200949,0.511414307903576,0.532853223832092,unsafe_touchdown
1461,65,-27.6124334231121,0,90,0.00888553001200949,0.511414307903576,0.532853223832092,unsafe_touchdown
1462,65,-26.2313523958798,0,86,0.00888553001200949,0.511414307903576,0.532853223832092,unsafe_touchdown
1463,65,-28.5200573253851,0,97,0.00888553001200949,0.511414307903576,0.532853223832092,unsafe_touchdown
1464,65,-28.315929167461,0,95,0.00888553001200949,0.511414307903576,0.532853223832092,unsafe_touchdown
1465,65,-25.9712396135718,0,87,0.00888553001200949,0.511414307903576,0.532853223832092,unsafe_touchdown
1466,65,-24.2052197670511,0,85,0.00888553001200949,0.511414307903576,0.532853223832092,unsafe_touchdown
1467,65,-26.1212037687329,0,87,0.00888553001200949,0.511414307903576,0.532853223832092,unsafe_touchdown
1468,65,-25.2483903666596,0,97,0.00888553001200949,0.511414307903576,0.532853223832092,unsafe_touchdown
1469,65,-27.4843042506607,0,75,0.00888553001200949,0.511414307903576,0.532853223832092,unsafe_touchdown
1470,65,-28.2653036488109,0,95,0.00888553001200949,0.511414307903576,0.532853223832092,unsafe_touchdown
1471,65,-27.4391266993697,0,90,0.00888553001200949,0.511414307903576,0.532853223832092,unsafe_touchdown
1472,65,-28.2031545291514,0,79,0.00888553001200949,0.511414307903576,0.532853223832092,unsafe_touchdown
1473,65,-23.7005259833129,0,92,0.00888553001200949,0.511414307903576,0.532853223832092,unsafe_touchdown
1474,65,-23.3841640068158,0,84,0.00888553001200949,0.511414307903576,0.532853223832092,unsafe_touchdown
1475,65,-26.3032593463476,0,99,0.00888553001200949,0.511414307903576,0.532853223832092,unsafe_touchdown
1476,65,-24.7462990312217,0,85,0.00888553001200949,0.511414307903576,0.532853223832092,unsafe_touchdown
1477,65,-24.6001115239911,0,82,0.00888553001200949,0.511414307903576,0.532853223832092,unsafe_touchdown
1478,65,-26.0465478894724,0,94,0.00888553001200949,0.511414307903576,0.532853223832092,unsafe_touchdown
1479,65,-26.8592563681965,0,94,0.00888553001200949,0.511414307903576,0.532853223832092,unsafe_touchdown
1480,65,-23.2524353503794,0,85,0.00888553001200949,0.511414307903576,0.532853223832092,unsafe_touchdown
1481,65,-26.0479890693888,0,90,0.00888553001200949,0.511414307903576,0.532853223832092,unsafe_touchdown
1482,65,-23.1432284723504,0,88,0.00888553001200949,0.511414307903576,0.532853223832092,unsafe_touchdown
1483,66,-26.7552227174389,0,84,-0.0125049941746426,0.477541669766535,0.530466391155784,unsafe_touchdown
1484,66,-27.0550560293416,0,87,-0.0125049941746426,0.477541669766535,0.530466391155784,unsafe_touchdown
1485,66,-23.7155700957977,0,94,-0.0125049941746426,0.477541669766535,0.530466391155784,unsafe_touchdown
1486,66,-26.1220981447615,0,94,-0.0125049941746426,0.477541669766535,0.530466391155784,unsafe_touchdown
1487,66,-25.2206890163536,0,82,-0.0125049941746426,0.477541669766535,0.530466391155784,unsafe_touchdown
1488,66,-26.8516825797317,0,85,-0.0125049941746426,0.477541669766535,0.530466391155784,unsafe_touchdown
1489,66,-27.6603944151552,0,94,-0.0125049941746426,0.477541669766535,0.530466391155784,unsafe_touchdown
1490,66,-23.1237553887744,0,90,-0.0125049941746426,0.477541669766535,0.530466391155784,unsafe_touchdown
1491,66,-23.3439927498733,0,102,-0.0125049941746426,0.477541669766535,0.530466391155784,unsafe_touchdown
1492,66,-25.4740386855336,0,88,-0.0125049941746426,0.477541669766535,0.530466391155784,unsafe_touchdown
1493,66,-25.4082940325049,0,88,-0.0125049941746426,0.477541669766535,0.530466391155784,unsafe_touchdown
1494,66,-25.439216013214,0,92,-0.0125049941746426,0.477541669766535,0.530466391155784,unsafe_touchdown
1495,66,-26.2498076855931,0,81,-0.0125049941746426,0.477541669766535,0.530466391155784,unsafe_touchdown
1496,66,-25.2811095863488,0,77,-0.0125049941746426,0.477541669766535,0.530466391155784,unsafe_touchdown
1497,66,-24.8203307712865,0,92,-0.0125049941746426,0.477541669766535,0.530466391155784,unsafe_touchdown
1498,66,-24.4991544493574,0,75,-0.0125049941746426,0.477541669766535,0.530466391155784,unsafe_touchdown
1499,66,-25.778859544935,0,80,-0.0125049941746426,0.477541669766535,0.530466391155784,unsafe_touchdown
1500,66,-24.2162247560017,0,81,-0.0125049941746426,0.477541669766535,0.530466391155784,unsafe_touchdown
1501,66,-24.227236242747,0,80,-0.0125049941746426,0.477541669766535,0.530466391155784,unsafe_touchdown
1502,66,-25.9608221291316,0,86,-0.0125049941746426,0.477541669766535,0.530466391155784,unsafe_touchdown
1503,66,-24.701373739067,0,92,-0.0125049941746426,0.477541669766535,0.530466391155784,unsafe_touchdown
1504,66,-25.3218702200475,0,83,-0.0125049941746426,0.477541669766535,0.530466391155784,unsafe_touchdown
1505,66,-25.1507036894344,0,88,-0.0125049941746426,0.477541669766535,0.530466391155784,unsafe_touchdown
1506,66,-24.6916477893139,0,89,-0.0125049941746426,0.477541669766535,0.530466391155784,unsafe_touchdown
1507,67,-25.3101060548437,0,82,-0.0158467406952131,0.516083701412366,0.530330819322809,unsafe_touchdown
1508,67,-27.8075634474034,0,101,-0.0158467406952131,0.516083701412366,0.530330819322809,unsafe_touchdown
1509,67,-24.8519637636621,0,88,-0.0158467406952131,0.516083701412366,0.530330819322809,unsafe_touchdown
1510,67,-26.4147446338385,0,83,-0.0158467406952131,0.516083701412366,0.530330819322809,unsafe_touchdown
1511,67,-23.5202718684301,0,81,-0.0158467406952131,0.516083701412366,0.530330819322809,unsafe_touchdown
1512,67,-28.185832624546,0,79,-0.0158467406952131,0.516083701412366,0.530330819322809,unsafe_touchdown
1513,67,-23.5954634779275,0,98,-0.0158467406952131,0.516083701412366,0.530330819322809,unsafe_touchdown
1514,67,-24.8172594209169,0,77,-0.0158467406952131,0.516083701412366,0.530330819322809,unsafe_touchdown
1515,67,-24.926499193821,0,94,-0.0158467406952131,0.516083701412366,0.530330819322809,unsafe_touchdown
1516,67,-29.896956874691,0,104,-0.0158467406952131,0.516083701412366,0.530330819322809,unsafe_touchdown
1517,67,-25.5426753924422,0,86,-0.0158467406952131,0.516083701412366,0.530330819322809,unsafe_touchdown
1518,67,-28.5075900124867,0,91,-0.0158467406952131,0.516083701412366,0.530330819322809,unsafe_touchdown
1519,67,-26.5614562546633,0,106,-0.0158467406952131,0.516083701412366,0.530330819322809,unsafe_touchdown
1520,67,-24.8703758947629,0,82,-0.0158467406952131,0.516083701412366,0.530330819322809,unsafe_touchdown
1521,67,-23.4797548725435,0,87,-0.0158467406952131,0.516083701412366,0.530330819322809,unsafe_touchdown
1522,67,-26.0461900819109,0,91,-0.0158467406952131,0.516083701412366,0.530330819322809,unsafe_touchdown
1523,67,-29.7589145839968,0,89,-0.0158467406952131,0.516083701412366,0.530330819322809,unsafe_touchdown
1524,67,-27.2797444834815,0,87,-0.0158467406952131,0.516083701412366,0.530330819322809,unsafe_touchdown
1525,67,-24.3728048372127,0,80,-0.0158467406952131,0.516083701412366,0.530330819322809,unsafe_touchdown
1526,67,-23.5272032946388,0,85,-0.0158467406952131,0.516083701412366,0.530330819322809,unsafe_touchdown
1527,67,-26.1514039195267,0,82,-0.0158467406952131,0.516083701412366,0.530330819322809,unsafe_touchdown
1528,67,-27.714208893159,0,99,-0.0158467406952131,0.516083701412366,0.530330819322809,unsafe_touchdown
1529,67,-27.0692956334452,0,96,-0.0158467406952131,0.516083701412366,0.530330819322809,unsafe_touchdown
1530,68,-24.2013118945588,0,84,-0.0111829970937366,0.506663062567774,0.530747720154334,unsafe_touchdown
1531,68,-26.180612490477,0,81,-0.0111829970937366,0.506663062567774,0.530747720154334,unsafe_touchdown
1532,68,-25.1304197890072,0,78,-0.0111829970937366,0.506663062567774,0.530747720154334,unsafe_touchdown
1533,68,-24.2062772011208,0,91,-0.0111829970937366,0.506663062567774,0.530747720154334,unsafe_touchdown
1534,68,-25.7095705904572,0,91,-0.0111829970937366,0.506663062567774,0.530747720154334,unsafe_touchdown
1535,68,-23.0217512741835,0,78,-0.0111829970937366,0.506663062567774,0.530747720154334,unsafe_touchdown
1536,68,-24.6207407230673,0,82,-0.0111829970937366,0.506663062567774,0.530747720154334,unsafe_touchdown
1537,68,-26.3320245359377,0,81,-0.0111829970937366,0.506663062567774,0.530747720154334,unsafe_touchdown
1538,68,-26.0665166182934,0,90,-0.0111829970937366,0.506663062567774,0.530747720154334,unsafe_touchdown
1539,68,-26.0975000904902,0,86,-0.0111829970937366,0.506663062567774,0.530747720154334,unsafe_touchdown
1540,68,-24.0184864262442,0,91,-0.0111829970937366,0.506663062567774,0.530747720154334,unsafe_touchdown
1541,68,-25.7789166688497,0,88,-0.0111829970937366,0.506663062567774,0.530747720154334,unsafe_touchdown
1542,68,-30.5959582056204,0,93,-0.0111829970937366,0.506663062567774,0.530747720154334,unsafe_touchdown
1543,68,-24.7794706432736,0,85,-0.0111829970937366,0.506663062567774,0.530747720154334,unsafe_touchdown
1544,68,-26.2116038295738,0,90,-0.0111829970937366,0.506663062567774,0.530747720154334,unsafe_touchdown
1545,68,-26.1014366611621,0,82,-0.0111829970937366,0.506663062567774,0.530747720154334,unsafe_touchdown
1546,68,-24.9421285873575,0,86,-0.0111829970937366,0.506663062567774,0.530747720154334,unsafe_touchdown
1547,68,-26.539640620093,0,89,-0.0111829970937366,0.506663062567774,0.530747720154334,unsafe_touchdown
1548,68,-26.5957604766638,0,88,-0.0111829970937366,0.506663062567774,0.530747720154334,unsafe_touchdown
1549,68,-24.9063346530438,0,103,-0.0111829970937366,0.506663062567774,0.530747720154334,unsafe_touchdown
1550,68,-24.8599175673709,0,82,-0.0111829970937366,0.506663062567774,0.530747720154334,unsafe_touchdown
1551,68,-27.9371138968749,0,96,-0.0111829970937366,0.506663062567774,0.530747720154334,unsafe_touchdown
1552,68,-24.5677046044609,0,82,-0.0111829970937366,0.506663062567774,0.530747720154334,unsafe_touchdown
1553,68,-25.2078779147224,0,95,-0.0111829970937366,0.506663062567774,0.530747720154334,unsafe_touchdown
1554,69,-24.866234941979,0,89,-0.0132945544013511,0.517435732325672,0.529073193149178,unsafe_touchdown
1555,69,-24.9956358111365,0,78,-0.0132945544013511,0.517435732325672,0.529073193149178,unsafe_touchdown
1556,69,-25.4663275355421,0,78,-0.0132945544013511,0.517435732325672,0.529073193149178,unsafe_touchdown
1557,69,-23.806025730828,0,82,-0.0132945544013511,0.517435732325672,0.529073193149178,unsafe_touchdown
1558,69,-27.2873775404609,0,91,-0.0132945544013511,0.517435732325672,0.529073193149178,unsafe_touchdown
1559,69,-26.8692949458149,0,92,-0.0132945544013511,0.517435732325672,0.529073193149178,unsafe_touchdown
1560,69,-25.5405990210844,0,90,-0.0132945544013511,0.517435732325672,0.529073193149178,unsafe_touchdown
1561,69,-25.3856133582496,0,91,-0.0132945544013511,0.517435732325672,0.529073193149178,unsafe_touchdown
1562,69,-24.0360779917474,0,81,-0.0132945544013511,0.517435732325672,0.529073193149178,unsafe_touchdown
1563,69,-23.5476043180787,0,72,-0.0132945544013511,0.517435732325672,0.529073193149178,unsafe_touchdown
1564,69,-23.2607817868752,0,96,-0.0132945544013511,0.517435732325672,0.529073193149178,unsafe_touchdown
1565,69,-27.9909925001609,0,87,-0.0132945544013511,0.517435732325672,0.529073193149178,unsafe_touchdown
1566,69,-24.1862002063568,0,90,-0.0132945544013511,0.517435732325672,0.529073193149178,unsafe_touchdown
1567,69,-26.6534540904729,0,81,-0.0132945544013511,0.517435732325672,0.529073193149178,unsafe_touchdown
1568,69,-24.3874412359759,0,84,-0.0132945544013511,0.517435732325672,0.529073193149178,unsafe_touchdown
1569,69,-22.8482615996698,0,89,-0.0132945544013511,0.517435732325672,0.529073193149178,unsafe_touchdown
1570,69,-23.7295826281614,0,77,-0.0132945544013511,0.517435732325672,0.529073193149178,unsafe_touchdown
1571,69,-25.260627919034,0,82,-0.0132945544013511,0.517435732325672,0.529073193149178,unsafe_touchdown
1572,69,-25.5317453119566,0,74,-0.0132945544013511,0.517435732325672,0.529073193149178,unsafe_touchdown
1573,69,-27.2742559672295,0,87,-0.0132945544013511,0.517435732325672,0.529073193149178,unsafe_touchdown
1574,69,-24.4341586781493,0,81,-0.0132945544013511,0.517435732325672,0.529073193149178,unsafe_touchdown
1575,69,-25.5843782186346,0,74,-0.0132945544013511,0.517435732325672,0.529073193149178,unsafe_touchdown
1576,69,-26.906040563087,0,94,-0.0132945544013511,0.517435732325672,0.529073193149178,unsafe_touchdown
1577,69,-23.95780959197,0,76,-0.0132945544013511,0.517435732325672,0.529073193149178,unsafe_touchdown
1578,69,-24.2501464559954,0,85,-0.0132945544013511,0.517435732325672,0.529073193149178,unsafe_touchdown
1579,70,-26.2195692307792,0,86,-0.0135200103972383,0.528325963153837,0.528475001630424,unsafe_touchdown
1580,70,-24.6363577101334,0,99,-0.0135200103972383,0.528325963153837,0.528475001630424,unsafe_touchdown
1581,70,-24.76601077573,0,83,-0.0135200103972383,0.528325963153837,0.528475001630424,unsafe_touchdown
1582,70,-24.6779074800763,0,83,-0.0135200103972383,0.528325963153837,0.528475001630424,unsafe_touchdown
1583,70,-27.0134819237019,0,79,-0.0135200103972383,0.528325963153837,0.528475001630424,unsafe_touchdown
1584,70,-28.951208627118,0,87,-0.0135200103972383,0.528325963153837,0.528475001630424,unsafe_touchdown
1585,70,-22.9316228371617,0,82,-0.0135200103972383,0.528325963153837,0.528475001630424,unsafe_touchdown
1586,70,-24.9293310315896,0,83,-0.0135200103972383,0.528325963153837,0.528475001630424,unsafe_touchdown
1587,70,-25.4452244036018,0,95,-0.0135200103972383,0.528325963153837,0.528475001630424,unsafe_touchdown
1588,70,-24.7316102388161,0,84,-0.0135200103972383,0.528325963153837,0.528475001630424,unsafe_touchdown
1589,70,-30.0284150262331,0,100,-0.0135200103972383,0.528325963153837,0.528475001630424,unsafe_touchdown
1590,70,-24.6401449605974,0,92,-0.0135200103972383,0.528325963153837,0.528475001630424,unsafe_touchdown
1591,70,-24.5949020704215,0,93,-0.0135200103972383,0.528325963153837,0.528475001630424,unsafe_touchdown
1592,70,-28.1479674172689,0,99,-0.0135200103972383,0.528325963153837,0.528475001630424,unsafe_touchdown
1593,70,-22.8814453874299,0,82,-0.0135200103972383,0.528325963153837,0.528475001630424,unsafe_touchdown
1594,70,-24.2421355997054,0,92,-0.0135200103972383,0.528325963153837,0.528475001630424,unsafe_touchdown
1595,70,-28.5069848848107,0,87,-0.0135200103972383,0.528325963153837,0.528475001630424,unsafe_touchdown
1596,70,-27.9177609127117,0,92,-0.0135200103972383,0.528325963153837,0.528475001630424,unsafe_touchdown
1597,70,-25.6673214465847,0,92,-0.0135200103972383,0.528325963153837,0.528475001630424,unsafe_touchdown
1598,70,-27.9122503393117,0,93,-0.0135200103972383,0.528325963153837,0.528475001630424,unsafe_touchdown
1599,70,-23.1071590994176,0,86,-0.0135200103972383,0.528325963153837,0.528475001630424,unsafe_touchdown
1600,70,-26.1493763252818,0,92,-0.0135200103972383,0.528325963153837,0.528475001630424,unsafe_touchdown
1601,70,-25.2884610014856,0,84,-0.0135200103972383,0.528325963153837,0.528475001630424,unsafe_touchdown
1602,70,-26.0520103940669,0,89,-0.0135200103972383,0.528325963153837,0.528475001630424,unsafe_touchdown
1603,71,-28.9965251613345,0,90,-0.0156070501350138,0.463620082616238,0.528725937924542,unsafe_touchdown
1604,71,-26.3959480291484,0,84,-0.0156070501350138,0.463620082616238,0.528725937924542,unsafe_touchdown
1605,71,-24.5153750340612,0,83,-0.0156070501350138,0.463620082616238,0.528725937924542,unsafe_touchdown
1606,71,-26.6982837942317,0,79,-0.0156070501350138,0.463620082616238,0.528725937924542,unsafe_touchdown
1607,71,-23.7363217653778,0,87,-0.0156070501350138,0.463620082616238,0.528725937924542,unsafe_touchdown
1608,71,-23.9605018780262,0,95,-0.0156070501350138,0.463620082616238,0.528725937924542,unsafe_touchdown
1609,71,-25.6416587436448,0,80,-0.0156070501350138,0.463620082616238,0.528725937924542,unsafe_touchdown
1610,71,-25.3886234787457,0,95,-0.0156070501350138,0.463620082616238,0.528725937924542,unsafe_touchdown
1611,71,-26.9919072347981,0,83,-0.0156070501350138,0.463620082616238,0.528725937924542,unsafe_touchdown
1612,71,-23.4573197212805,0,95,-0.0156070501350138,0.463620082616238,0.528725937924542,unsafe_touchdown
1613,71,-26.4444622005057,0,85,-0.0156070501350138,0.463620082616238,0.528725937924542,unsafe_touchdown
1614,71,-24.073293226423,0,77,-0.0156070501350138,0.463620082616238,0.528725937924542,unsafe_touchdown
1615,71,-26.0721757621591,0,91,-0.0156070501350138,0.463620082616238,0.528725937924542,unsafe_touchdown
1616,71,-24.7029253124668,0,79,-0.0156070501350138,0.463620082616238,0.528725937924542,unsafe_touchdown
1617,71,-27.0132438066194,0,93,-0.0156070501350138,0.463620082616238,0.528725937924542,unsafe_touchdown
1618,71,-25.3863831344819,0,93,-0.0156070501350138,0.463620082616238,0.528725937924542,unsafe_touchdown
1619,71,-25.1963949496049,0,80,-0.0156070501350138,0.463620082616238,0.528725937924542,unsafe_touchdown
1620,71,-24.6154202941267,0,86,-0.0156070501350138,0.463620082616238,0.528725937924542,unsafe_touchdown
1621,71,-27.4533937750727,0,96,-0.0156070501350138,0.463620082616238,0.528725937924542,unsafe_touchdown
1622,71,-26.3806443266923,0,89,-0.0156070501350138,0.463620082616238,0.528725937924542,unsafe_touchdown
1623,71,-24.7545841883163,0,85,-0.0156070501350138,0.463620082616238,0.528725937924542,unsafe_touchdown
1624,71,-24.4339644282239,0,89,-0.0156070501350138,0.463620082616238,0.528725937924542,unsafe_touchdown
1625,71,-24.7211055953831,0,85,-0.0156070501350138,0.463620082616238,0.528725937924542,unsafe_touchdown
1626,71,-25.3499268147663,0,85,-0.0156070501350138,0.463620082616238,0.528725937924542,unsafe_touchdown
1627,72,-23.9568566879879,0,87,-0.014653279088273,0.51809617187448,0.526355772635199,unsafe_touchdown
1628,72,-28.0063842201638,0,87,-0.014653279088273,0.51809617187448,0.526355772635199,unsafe_touchdown
1629,72,-25.9953382627235,0,74,-0.014653279088273,0.51809617187448,0.526355772635199,unsafe_touchdown
1630,72,-24.1433830108353,0,91,-0.014653279088273,0.51809617187448,0.526355772635199,unsafe_touchdown
1631,72,-22.2206849212768,0,85,-0.014653279088273,0.51809617187448,0.526355772635199,unsafe_touchdown
1632,72,-26.270534683076,0,89,-0.014653279088273,0.51809617187448,0.526355772635199,unsafe_touchdown
1633,72,-26.8481086601283,0,77,-0.014653279088273,0.51809617187448,0.526355772635199,unsafe_touchdown
1634,72,-27.179793813497,0,88,-0.014653279088273,0.51809617187448,0.526355772635199,unsafe_touchdown
1635,72,-22.9806425885548,0,86,-0.014653279088273,0.51809617187448,0.526355772635199,unsafe_touchdown
1636,72,-26.887902093494,0,87,-0.014653279088273,0.51809617187448,0.526355772635199,unsafe_touchdown
1637,72,-25.8466085890444,0,82,-0.014653279088273,0.51809617187448,0.526355772635199,unsafe_touchdown
1638,72,-25.2633285995241,0,85,-0.014653279088273,0.51809617187448,0.526355772635199,unsafe_touchdown
1639,72,-24.4226552196579,0,81,-0.014653279088273,0.51809617187448,0.526355772635199,unsafe_touchdown
1640,72,-23.2275172835389,0,84,-0.014653279088273,0.51809617187448,0.526355772635199,unsafe_touchdown
1641,72,-29.6010365996721,0,103,-0.014653279088273,0.51809617187448,0.526355772635199,unsafe_touchdown
1642,72,-29.2032162839602,0,82,-0.014653279088273,0.51809617187448,0.526355772635199,unsafe_touchdown
1643,72,-25.1637525611061,0,94,-0.014653279088273,0.51809617187448,0.526355772635199,unsafe_touchdown
1644,72,-24.9534522291225,0,87,-0.014653279088273,0.51809617187448,0.526355772635199,unsafe_touchdown
1645,72,-27.4370151228236,0,87,-0.014653279088273,0.51809617187448,0.526355772635199,unsafe_touchdown
1646,72,-24.4901372419069,0,86,-0.014653279088273,0.51809617187448,0.526355772635199,unsafe_touchdown
1647,72,-24.7558688621733,0,88,-0.014653279088273,0.51809617187448,0.526355772635199,unsafe_touchdown
1648,72,-26.050534908444,0,93,-0.014653279088273,0.51809617187448,0.526355772635199,unsafe_touchdown
1649,72,-24.1962044030696,0,85,-0.014653279088273,0.51809617187448,0.526355772635199,unsafe_touchdown
1650,72,-23.8807089380584,0,91,-0.014653279088273,0.51809617187448,0.526355772635199,unsafe_touchdown
1651,73,-29.0481219447414,0,97,-0.0155210575645949,0.534428554868176,0.525989132748175,unsafe_touchdown
1652,73,-28.8486164826196,0,82,-0.0155210575645949,0.534428554868176,0.525989132748175,unsafe_touchdown
1653,73,-27.7086403928037,0,89,-0.0155210575645949,0.534428554868176,0.525989132748175,unsafe_touchdown
1654,73,-24.9208023048703,0,85,-0.0155210575645949,0.534428554868176,0.525989132748175,unsafe_touchdown
1655,73,-25.0032331869825,0,77,-0.0155210575645949,0.534428554868176,0.525989132748175,unsafe_touchdown
1656,73,-24.6761798520708,0,76,-0.0155210575645949,0.534428554868176,0.525989132748175,unsafe_touchdown
1657,73,-28.0082384679798,0,96,-0.0155210575645949,0.534428554868176,0.525989132748175,unsafe_touchdown
1658,73,-25.684050763954,0,80,-0.0155210575645949,0.534428554868176,0.525989132748175,unsafe_touchdown
1659,73,-24.5884127402934,0,81,-0.0155210575645949,0.534428554868176,0.525989132748175,unsafe_touchdown
1660,73,-28.5127621008927,0,99,-0.0155210575645949,0.534428554868176,0.525989132748175,unsafe_touchdown
1661,73,-26.1240629016527,0,86,-0.0155210575645949,0.534428554868176,0.525989132748175,unsafe_touchdown
1662,73,-25.7155044900281,0,81,-0.0155210575645949,0.534428554868176,0.525989132748175,unsafe_touchdown
1663,73,-23.1865448728699,0,74,-0.0155210575645949,0.534428554868176,0.525989132748175,unsafe_touchdown
1664,73,-24.7749043753669,0,98,-0.0155210575645949,0.534428554868176,0.525989132748175,unsafe_touchdown
1665,73,-25.3514801517747,0,81,-0.0155210575645949,0.534428554868176,0.525989132748175,unsafe_touchdown
1666,73,-27.24675926134,0,104,-0.0155210575645949,0.534428554868176,0.525989132748175,unsafe_touchdown
1667,73,-26.5761433200093,0,88,-0.0155210575645949,0.534428554868176,0.525989132748175,unsafe_touchdown
1668,73,-27.956727735905,0,81,-0.0155210575645949,0.534428554868176,0.525989132748175,unsafe_touchdown
1669,73,-26.0909426396832,0,81,-0.0155210575645949,0.534428554868176,0.525989132748175,unsafe_touchdown
1670,73,-23.4972627655581,0,92,-0.0155210575645949,0.534428554868176,0.525989132748175,unsafe_touchdown
1671,73,-26.8454647621744,0,89,-0.0155210575645949,0.534428554868176,0.525989132748175,unsafe_touchdown
1672,73,-26.3206771409676,0,89,-0.0155210575645949,0.534428554868176,0.525989132748175,unsafe_touchdown
1673,73,-24.0275195237508,0,87,-0.0155210575645949,0.534428554868176,0.525989132748175,unsafe_touchdown
1674,73,-25.1062778204429,0,85,-0.0155210575645949,0.534428554868176,0.525989132748175,unsafe_touchdown
1675,74,-27.3500281956013,0,104,-0.0108621871894975,0.480356330294775,0.525112177303617,unsafe_touchdown
1676,74,-26.6226118347032,0,82,-0.0108621871894975,0.480356330294775,0.525112177303617,unsafe_touchdown
1677,74,-28.2692260536348,0,79,-0.0108621871894975,0.480356330294775,0.525112177303617,unsafe_touchdown
1678,74,-23.5318873481538,0,88,-0.0108621871894975,0.480356330294775,0.525112177303617,unsafe_touchdown
1679,74,-26.1878254928162,0,91,-0.0108621871894975,0.480356330294775,0.525112177303617,unsafe_touchdown
1680,74,-26.1207629457339,0,77,-0.0108621871894975,0.480356330294775,0.525112177303617,unsafe_touchdown
1681,74,-26.6582856026826,0,96,-0.0108621871894975,0.480356330294775,0.525112177303617,unsafe_touchdown
1682,74,-28.5392334516804,0,99,-0.0108621871894975,0.480356330294775,0.525112177303617,unsafe_touchdown
1683,74,-26.0764366732224,0,96,-0.0108621871894975,0.480356330294775,0.525112177303617,unsafe_touchdown
1684,74,-24.1565740740899,0,88,-0.0108621871894975,0.480356330294775,0.525112177303617,unsafe_touchdown
1685,74,-23.303784769182,0,84,-0.0108621871894975,0.480356330294775,0.525112177303617,unsafe_touchdown
1686,74,-28.1156984118853,0,111,-0.0108621871894975,0.480356330294775,0.525112177303617,unsafe_touchdown
1687,74,-26.1797319672814,0,91,-0.0108621871894975,0.480356330294775,0.525112177303617,unsafe_touchdown
1688,74,-25.8678368989574,0,88,-0.0108621871894975,0.480356330294775,0.525112177303617,unsafe_touchdown
1689,74,-22.8324650735056,0,79,-0.0108621871894975,0.480356330294775,0.525112177303617,unsafe_touchdown
1690,74,-25.1564512605462,0,86,-0.0108621871894975,0.480356330294775,0.525112177303617,unsafe_touchdown
1691,74,-25.2163942798376,0,96,-0.0108621871894975,0.480356330294775,0.525112177303617,unsafe_touchdown
1692,74,-24.3513033700593,0,93,-0.0108621871894975,0.480356330294775,0.525112177303617,unsafe_touchdown
1693,74,-24.7682662297442,0,92,-0.0108621871894975,0.480356330294775,0.525112177303617,unsafe_touchdown
1694,74,-24.043703376236,0,92,-0.0108621871894975,0.480356330294775,0.525112177303617,unsafe_touchdown
1695,74,-25.040619822257,0,88,-0.0108621871894975,0.480356330294775,0.525112177303617,unsafe_touchdown
1696,74,-26.0229621571542,0,86,-0.0108621871894975,0.480356330294775,0.525112177303617,unsafe_touchdown
1697,74,-23.9896787979574,0,88,-0.0108621871894975,0.480356330294775,0.525112177303617,unsafe_touchdown
1698,75,-23.9424777105661,0,80,-0.0165517206473548,0.478348346257786,0.523457851835004,unsafe_touchdown
1699,75,-24.8053506945067,0,100,-0.0165517206473548,0.478348346257786,0.523457851835004,unsafe_touchdown
1700,75,-26.429701844661,0,99,-0.0165517206473548,0.478348346257786,0.523457851835004,unsafe_touchdown
1701,75,-25.3811998752116,0,90,-0.0165517206473548,0.478348346257786,0.523457851835004,unsafe_touchdown
1702,75,-27.2920779388154,0,75,-0.0165517206473548,0.478348346257786,0.523457851835004,unsafe_touchdown
1703,75,-27.0819376471027,0,105,-0.0165517206473548,0.478348346257786,0.523457851835004,unsafe_touchdown
1704,75,-29.1542698508118,0,90,-0.0165517206473548,0.478348346257786,0.523457851835004,unsafe_touchdown
1705,75,-24.0732674213803,0,100,-0.0165517206473548,0.478348346257786,0.523457851835004,unsafe_touchdown
1706,75,-23.662068542201,0,97,-0.0165517206473548,0.478348346257786,0.523457851835004,unsafe_touchdown
1707,75,-28.0514834460044,0,86,-0.0165517206473548,0.478348346257786,0.523457851835004,unsafe_touchdown
1708,75,-25.9617592066419,0,96,-0.0165517206473548,0.478348346257786,0.523457851835004,unsafe_touchdown
1709,75,-27.290136250582,0,106,-0.0165517206473548,0.478348346257786,0.523457851835004,unsafe_touchdown
1710,75,-23.4566775718755,0,86,-0.0165517206473548,0.478348346257786,0.523457851835004,unsafe_touchdown
1711,75,-27.1397307188075,0,90,-0.0165517206473548,0.478348346257786,0.523457851835004,unsafe_touchdown
1712,75,-25.3259349133122,0,94,-0.0165517206473548,0.478348346257786,0.523457851835004,unsafe_touchdown
1713,75,-28.7163683035658,0,110,-0.0165517206473548,0.478348346257786,0.523457851835004,unsafe_touchdown
1714,75,-23.2153151889687,0,84,-0.0165517206473548,0.478348346257786,0.523457851835004,unsafe_touchdown
1715,75,-26.0741164513321,0,91,-0.0165517206473548,0.478348346257786,0.523457851835004,unsafe_touchdown
1716,75,-25.9969038353542,0,92,-0.0165517206473548,0.478348346257786,0.523457851835004,unsafe_touchdown
1717,75,-24.4646409930291,0,83,-0.0165517206473548,0.478348346257786,0.523457851835004,unsafe_touchdown
1718,75,-27.1883250305238,0,94,-0.0165517206473548,0.478348346257786,0.523457851835004,unsafe_touchdown
1719,75,-25.183547723717,0,81,-0.0165517206473548,0.478348346257786,0.523457851835004,unsafe_touchdown
1720,75,-26.0700146553686,0,97,-0.0165517206473548,0.478348346257786,0.523457851835004,unsafe_touchdown
1721,76,-24.6533842282242,0,99,-0.0120057225414344,0.526844169926731,0.524218201311424,unsafe_touchdown
1722,76,-30.2060657818503,0,103,-0.0120057225414344,0.526844169926731,0.524218201311424,unsafe_touchdown
1723,76,-27.068603034611,0,94,-0.0120057225414344,0.526844169926731,0.524218201311424,unsafe_touchdown
1724,76,-25.6164813714644,0,85,-0.0120057225414344,0.526844169926731,0.524218201311424,unsafe_touchdown
1725,76,-26.8062791460898,0,80,-0.0120057225414344,0.526844169926731,0.524218201311424,unsafe_touchdown
1726,76,-25.51968131721,0,74,-0.0120057225414344,0.526844169926731,0.524218201311424,unsafe_touchdown
1727,76,-25.9465885340988,0,90,-0.0120057225414344,0.526844169926731,0.524218201311424,unsafe_touchdown
1728,76,-24.7538916799498,0,85,-0.0120057225414344,0.526844169926731,0.524218201311424,unsafe_touchdown
1729,76,-25.2762103541399,0,81,-0.0120057225414344,0.526844169926731,0.524218201311424,unsafe_touchdown
1730,76,-24.6992862995628,0,85,-0.0120057225414344,0.526844169926731,0.524218201311424,unsafe_touchdown
1731,76,-23.0466655684133,0,82,-0.0120057225414344,0.526844169926731,0.524218201311424,unsafe_touchdown
1732,76,-26.1332171771458,0,88,-0.0120057225414344,0.526844169926731,0.524218201311424,unsafe_touchdown
1733,76,-26.5105612355294,0,85,-0.0120057225414344,0.526844169926731,0.524218201311424,unsafe_touchdown
1734,76,-25.2779788066304,0,86,-0.0120057225414344,0.526844169926731,0.524218201311424,unsafe_touchdown
1735,76,-24.6885219496108,0,92,-0.0120057225414344,0.526844169926731,0.524218201311424,unsafe_touchdown
1736,76,-25.5635838920781,0,74,-0.0120057225414344,0.526844169926731,0.524218201311424,unsafe_touchdown
1737,76,-30.1979193868587,0,97,-0.0120057225414344,0.526844169926731,0.524218201311424,unsafe_touchdown
1738,76,-30.7052488290178,0,101,-0.0120057225414344,0.526844169926731,0.524218201311424,unsafe_touchdown
1739,76,-23.8516323820195,0,79,-0.0120057225414344,0.526844169926731,0.524218201311424,unsafe_touchdown
1740,76,-24.2705140572904,0,89,-0.0120057225414344,0.526844169926731,0.524218201311424,unsafe_touchdown
1741,76,-24.2162833817666,0,82,-0.0120057225414344,0.526844169926731,0.524218201311424,unsafe_touchdown
1742,76,-24.2579344088213,0,87,-0.0120057225414344,0.526844169926731,0.524218201311424,unsafe_touchdown
1743,76,-24.4788938328087,0,90,-0.0120057225414344,0.526844169926731,0.524218201311424,unsafe_touchdown
1744,76,-23.3633191483176,0,91,-0.0120057225414344,0.526844169926731,0.524218201311424,unsafe_touchdown
1745,77,-25.7162926957283,0,100,-0.0126166040209354,0.529321714016025,0.524611800949387,unsafe_touchdown
1746,77,-26.768850216653,0,91,-0.0126166040209354,0.529321714016025,0.524611800949387,unsafe_touchdown
1747,77,-26.933638209513,0,77,-0.0126166040209354,0.529321714016025,0.524611800949387,unsafe_touchdown
1748,77,-26.1166778047543,0,90,-0.0126166040209354,0.529321714016025,0.524611800949387,unsafe_touchdown
1749,77,-27.1664943315574,0,94,-0.0126166040209354,0.529321714016025,0.524611800949387,unsafe_touchdown
1750,77,-23.3967621620382,0,84,-0.0126166040209354,0.529321714016025,0.524611800949387,unsafe_touchdown
1751,77,-28.5242224288533,0,83,-0.0126166040209354,0.529321714016025,0.524611800949387,unsafe_touchdown
1752,77,-23.9769726552228,0,90,-0.0126166040209354,0.529321714016025,0.524611800949387,unsafe_touchdown
1753,77,-24.6795339827939,0,89,-0.0126166040209354,0.529321714016025,0.524611800949387,unsafe_touchdown
1754,77,-25.1781037438519,0,93,-0.0126166040209354,0.529321714016025,0.524611800949387,unsafe_touchdown
1755,77,-24.079261783747,0,84,-0.0126166040209354,0.529321714016025,0.524611800949387,unsafe_touchdown
1756,77,-25.16260608083,0,85,-0.0126166040209354,0.529321714016025,0.524611800949387,unsafe_touchdown
1757,77,-25.2680103682616,0,76,-0.0126166040209354,0.529321714016025,0.524611800949387,unsafe_touchdown
1758,77,-23.7149123657247,0,78,-0.0126166040209354,0.529321714016025,0.524611800949387,unsafe_touchdown
1759,77,-29.9016481002387,0,102,-0.0126166040209354,0.529321714016025,0.524611800949387,unsafe_touchdown
1760,77,-24.4213729326757,0,79,-0.0126166040209354,0.529321714016025,0.524611800949387,unsafe_touchdown
1761,77,-24.8153494710498,0,85,-0.0126166040209354,0.529321714016025,0.524611800949387,unsafe_touchdown
1762,77,-29.0961638412273,0,97,-0.0126166040209354,0.529321714016025,0.524611800949387,unsafe_touchdown
1763,77,-28.3520686606051,0,94,-0.0126166040209354,0.529321714016025,0.524611800949387,unsafe_touchdown
1764,77,-27.3193107505758,0,80,-0.0126166040209354,0.529321714016025,0.524611800949387,unsafe_touchdown
1765,77,-24.3894784955169,0,73,-0.0126166040209354,0.529321714016025,0.524611800949387,unsafe_touchdown
1766,77,-25.9519293865083,0,86,-0.0126166040209354,0.529321714016025,0.524611800949387,unsafe_touchdown
1767,77,-24.0070910648069,0,94,-0.0126166040209354,0.529321714016025,0.524611800949387,unsafe_touchdown
1768,77,-24.3986619766237,0,92,-0.0126166040209354,0.529321714016025,0.524611800949387,unsafe_touchdown
1769,78,-24.0740573136405,0,80,-0.0142823156427712,0.528399530932023,0.523623670141822,unsafe_touchdown
1770,78,-27.8131654815028,0,96,-0.0142823156427712,0.528399530932023,0.523623670141822,unsafe_touchdown
1771,78,-22.6770939889881,0,79,-0.0142823156427712,0.528399530932023,0.523623670141822,unsafe_touchdown
1772,78,-29.3638148150306,0,103,-0.0142823156427712,0.528399530932023,0.523623670141822,unsafe_touchdown
1773,78,-23.4018467340078,0,89,-0.0142823156427712,0.528399530932023,0.523623670141822,unsafe_touchdown
1774,78,-25.4636268964829,0,98,-0.0142823156427712,0.528399530932023,0.523623670141822,unsafe_touchdown
1775,78,-25.0949357237234,0,89,-0.0142823156427712,0.528399530932023,0.523623670141822,unsafe_touchdown
1776,78,-26.2761771149986,0,88,-0.0142823156427712,0.528399530932023,0.523623670141822,unsafe_touchdown
1777,78,-24.3744333298572,0,85,-0.0142823156427712,0.528399530932023,0.523623670141822,unsafe_touchdown
1778,78,-30.3993173831613,0,93,-0.0142823156427712,0.528399530932023,0.523623670141822,unsafe_touchdown
1779,78,-27.0809778645953,0,103,-0.0142823156427712,0.528399530932023,0.523623670141822,unsafe_touchdown
1780,78,-24.0477416864648,0,91,-0.0142823156427712,0.528399530932023,0.523623670141822,unsafe_touchdown
1781,78,-27.0486495870707,0,87,-0.0142823156427712,0.528399530932023,0.523623670141822,unsafe_touchdown
1782,78,-26.8168646661409,0,84,-0.0142823156427712,0.528399530932023,0.523623670141822,unsafe_touchdown
1783,78,-25.9486906539293,0,86,-0.0142823156427712,0.528399530932023,0.523623670141822,unsafe_touchdown
1784,78,-26.7989610081676,0,86,-0.0142823156427712,0.528399530932023,0.523623670141822,unsafe_touchdown
1785,78,-25.2546471513603,0,83,-0.0142823156427712,0.528399530932023,0.523623670141822,unsafe_touchdown
1786,78,-27.6312274604006,0,88,-0.0142823156427712,0.528399530932023,0.523623670141822,unsafe_touchdown
1787,78,-26.418622860292,0,94,-0.0142823156427712,0.528399530932023,0.523623670141822,unsafe_touchdown
1788,78,-26.7885789545505,0,90,-0.0142823156427712,0.528399530932023,0.523623670141822,unsafe_touchdown
1789,78,-28.9196344154874,0,103,-0.0142823156427712,0.528399530932023,0.523623670141822,unsafe_touchdown
1790,78,-25.0917116033838,0,97,-0.0142823156427712,0.528399530932023,0.523623670141822,unsafe_touchdown
1791,78,-24.5932456200114,0,82,-0.0142823156427712,0.528399530932023,0.523623670141822,unsafe_touchdown
1792,79,-27.6859160138254,0,89,-0.0200677461802947,0.50620538795542,0.524316523785053,unsafe_touchdown
1793,79,-26.46731852889,0,81,-0.0200677461802947,0.50620538795542,0.524316523785053,unsafe_touchdown
1794,79,-25.501549138261,0,95,-0.0200677461802947,0.50620538795542,0.524316523785053,unsafe_touchdown
1795,79,-27.5551326516987,0,90,-0.0200677461802947,0.50620538795542,0.524316523785053,unsafe_touchdown
1796,79,-28.1788256839412,0,102,-0.0200677461802947,0.50620538795542,0.524316523785053,unsafe_touchdown
1797,79,-28.0202844795637,0,107,-0.0200677461802947,0.50620538795542,0.524316523785053,unsafe_touchdown
1798,79,-27.2967902386387,0,93,-0.0200677461802947,0.50620538795542,0.524316523785053,unsafe_touchdown
1799,79,-23.7010158041977,0,93,-0.0200677461802947,0.50620538795542,0.524316523785053,unsafe_touchdown
1800,79,-24.6482569116637,0,87,-0.0200677461802947,0.50620538795542,0.524316523785053,unsafe_touchdown
1801,79,-23.2050183465696,0,75,-0.0200677461802947,0.50620538795542,0.524316523785053,unsafe_touchdown
1802,79,-23.7093197341956,0,85,-0.0200677461802947,0.50620538795542,0.524316523785053,unsafe_touchdown
1803,79,-24.5453867511148,0,75,-0.0200677461802947,0.50620538795542,0.524316523785053,unsafe_touchdown
1804,79,-24.5735034502245,0,87,-0.0200677461802947,0.50620538795542,0.524316523785053,unsafe_touchdown
1805,79,-24.3740452882248,0,93,-0.0200677461802947,0.50620538795542,0.524316523785053,unsafe_touchdown
1806,79,-28.3637956717212,0,108,-0.0200677461802947,0.50620538795542,0.524316523785053,unsafe_touchdown
1807,79,-22.5631788255048,0,85,-0.0200677461802947,0.50620538795542,0.524316523785053,unsafe_touchdown
1808,79,-24.1276965156021,0,87,-0.0200677461802947,0.50620538795542,0.524316523785053,unsafe_touchdown
1809,79,-24.3079530260326,0,89,-0.0200677461802947,0.50620538795542,0.524316523785053,unsafe_touchdown
1810,79,-24.7667883046684,0,88,-0.0200677461802947,0.50620538795542,0.524316523785053,unsafe_touchdown
1811,79,-24.5988969623056,0,83,-0.0200677461802947,0.50620538795542,0.524316523785053,unsafe_touchdown
1812,79,-24.2631255320964,0,85,-0.0200677461802947,0.50620538795542,0.524316523785053,unsafe_touchdown
1813,79,-25.2080906928143,0,82,-0.0200677461802947,0.50620538795542,0.524316523785053,unsafe_touchdown
1814,79,-25.3418734227538,0,94,-0.0200677461802947,0.50620538795542,0.524316523785053,unsafe_touchdown
1815,80,-29.8113399753189,0,110,-0.0120334200876352,0.530986221902452,0.522523763454053,unsafe_touchdown
1816,80,-26.4244336439633,0,92,-0.0120334200876352,0.530986221902452,0.522523763454053,unsafe_touchdown
1817,80,-26.5659714504083,0,102,-0.0120334200876352,0.530986221902452,0.522523763454053,unsafe_touchdown
1818,80,-25.2479090100957,0,88,-0.0120334200876352,0.530986221902452,0.522523763454053,unsafe_touchdown
1819,80,-23.8549539057276,0,83,-0.0120334200876352,0.530986221902452,0.522523763454053,unsafe_touchdown
1820,80,-24.2250679336148,0,82,-0.0120334200876352,0.530986221902452,0.522523763454053,unsafe_touchdown
1821,80,-28.5100089482878,0,109,-0.0120334200876352,0.530986221902452,0.522523763454053,unsafe_touchdown
1822,80,-24.2444336537264,0,80,-0.0120334200876352,0.530986221902452,0.522523763454053,unsafe_touchdown
1823,80,-28.4687327062812,0,99,-0.0120334200876352,0.530986221902452,0.522523763454053,unsafe_touchdown
1824,80,-25.6633390825498,0,97,-0.0120334200876352,0.530986221902452,0.522523763454053,unsafe_touchdown
1825,80,-25.917028518643,0,82,-0.0120334200876352,0.530986221902452,0.522523763454053,unsafe_touchdown
1826,80,-28.643406689781,0,112,-0.0120334200876352,0.530986221902452,0.522523763454053,unsafe_touchdown
1827,80,-22.9364947500829,0,76,-0.0120334200876352,0.530986221902452,0.522523763454053,unsafe_touchdown
1828,80,-25.8149235484518,0,84,-0.0120334200876352,0.530986221902452,0.522523763454053,unsafe_touchdown
1829,80,-24.1392304015159,0,79,-0.0120334200876352,0.530986221902452,0.522523763454053,unsafe_touchdown
1830,80,-24.6283179327116,0,99,-0.0120334200876352,0.530986221902452,0.522523763454053,unsafe_touchdown
1831,80,-25.4500043436875,0,78,-0.0120334200876352,0.530986221902452,0.522523763454053,unsafe_touchdown
1832,80,-28.9260418999965,0,99,-0.0120334200876352,0.530986221902452,0.522523763454053,unsafe_touchdown
1833,80,-29.5075237906886,0,92,-0.0120334200876352,0.530986221902452,0.522523763454053,unsafe_touchdown
1834,80,-28.1137041941852,0,97,-0.0120334200876352,0.530986221902452,0.522523763454053,unsafe_touchdown
1835,80,-31.3886819393195,0,107,-0.0120334200876352,0.530986221902452,0.522523763454053,unsafe_touchdown
1836,80,-24.9030698314629,0,91,-0.0120334200876352,0.530986221902452,0.522523763454053,unsafe_touchdown
1837,80,-26.4456006051707,0,96,-0.0120334200876352,0.530986221902452,0.522523763454053,unsafe_touchdown
1838,81,-29.6766752559305,0,93,-0.015045495075017,0.61857543307293,0.521516229020607,unsafe_touchdown
1839,81,-24.5779748409285,0,76,-0.015045495075017,0.61857543307293,0.521516229020607,unsafe_touchdown
1840,81,-23.7939232282834,0,82,-0.015045495075017,0.61857543307293,0.521516229020607,unsafe_touchdown
1841,81,-28.2637758684506,0,95,-0.015045495075017,0.61857543307293,0.521516229020607,unsafe_touchdown
1842,81,-27.5765223837022,0,92,-0.015045495075017,0.61857543307293,0.521516229020607,unsafe_touchdown
1843,81,-25.8397058875401,0,96,-0.015045495075017,0.61857543307293,0.521516229020607,unsafe_touchdown
1844,81,-27.8585602218338,0,82,-0.015045495075017,0.61857543307293,0.521516229020607,unsafe_touchdown
1845,81,-25.0999098694717,0,96,-0.015045495075017,0.61857543307293,0.521516229020607,unsafe_touchdown
1846,81,-30.6911747851973,0,100,-0.015045495075017,0.61857543307293,0.521516229020607,unsafe_touchdown
1847,81,-24.2766463705582,0,85,-0.015045495075017,0.61857543307293,0.521516229020607,unsafe_touchdown
1848,81,-27.0112765149047,0,80,-0.015045495075017,0.61857543307293,0.521516229020607,unsafe_touchdown
1849,81,-25.5030845204456,0,92,-0.015045495075017,0.61857543307293,0.521516229020607,unsafe_touchdown
1850,81,-23.9006549121793,0,81,-0.015045495075017,0.61857543307293,0.521516229020607,unsafe_touchdown
1851,81,-24.9134759351694,0,89,-0.015045495075017,0.61857543307293,0.521516229020607,unsafe_touchdown
1852,81,-28.2211435423099,0,111,-0.015045495075017,0.61857543307293,0.521516229020607,unsafe_touchdown
1853,81,-23.3609647742181,0,80,-0.015045495075017,0.61857543307293,0.521516229020607,unsafe_touchdown
1854,81,-23.8479112451915,0,79,-0.015045495075017,0.61857543307293,0.521516229020607,unsafe_touchdown
1855,81,-26.8319905846168,0,96,-0.015045495075017,0.61857543307293,0.521516229020607,unsafe_touchdown
1856,81,-24.1198821156492,0,85,-0.015045495075017,0.61857543307293,0.521516229020607,unsafe_touchdown
1857,81,-28.9131445052536,0,84,-0.015045495075017,0.61857543307293,0.521516229020607,unsafe_touchdown
1858,81,-27.1313129846345,0,106,-0.015045495075017,0.61857543307293,0.521516229020607,unsafe_touchdown
1859,81,-27.5649154404806,0,92,-0.015045495075017,0.61857543307293,0.521516229020607,unsafe_touchdown
1860,81,-32.7976506538899,0,119,-0.015045495075017,0.61857543307293,0.521516229020607,unsafe_touchdown
1861,82,-25.5268785530424,0,89,-0.00869192509740176,0.673996899106404,0.520567897044349,unsafe_touchdown
1862,82,-29.6506060993246,0,95,-0.00869192509740176,0.673996899106404,0.520567897044349,unsafe_touchdown
1863,82,-23.6751194850459,0,89,-0.00869192509740176,0.673996899106404,0.520567897044349,unsafe_touchdown
1864,82,-31.9120418188444,0,106,-0.00869192509740176,0.673996899106404,0.520567897044349,unsafe_touchdown
1865,82,-29.0028593336202,0,92,-0.00869192509740176,0.673996899106404,0.520567897044349,unsafe_touchdown
1866,82,-27.4251214647356,0,82,-0.00869192509740176,0.673996899106404,0.520567897044349,unsafe_touchdown
1867,82,-25.4213500256012,0,88,-0.00869192509740176,0.673996899106404,0.520567897044349,unsafe_touchdown
1868,82,-24.8437680804048,0,84,-0.00869192509740176,0.673996899106404,0.520567897044349,unsafe_touchdown
1869,82,-23.7705218130055,0,78,-0.00869192509740176,0.673996899106404,0.520567897044349,unsafe_touchdown
1870,82,-22.8908509089718,0,81,-0.00869192509740176,0.673996899106404,0.520567897044349,unsafe_touchdown
1871,82,-23.9296463645156,0,91,-0.00869192509740176,0.673996899106404,0.520567897044349,unsafe_touchdown
1872,82,-27.846869487574,0,74,-0.00869192509740176,0.673996899106404,0.520567897044349,unsafe_touchdown
1873,82,-29.6529179756491,0,100,-0.00869192509740176,0.673996899106404,0.520567897044349,unsafe_touchdown
1874,82,-28.079991291246,0,87,-0.00869192509740176,0.673996899106404,0.520567897044349,unsafe_touchdown
1875,82,-24.6322421855613,0,85,-0.00869192509740176,0.673996899106404,0.520567897044349,unsafe_touchdown
1876,82,-26.1992007310304,0,94,-0.00869192509740176,0.673996899106404,0.520567897044349,unsafe_touchdown
1877,82,-23.7611680260992,0,87,-0.00869192509740176,0.673996899106404,0.520567897044349,unsafe_touchdown
1878,82,-28.0198087597867,0,82,-0.00869192509740176,0.673996899106404,0.520567897044349,unsafe_touchdown
1879,82,-24.3546242333677,0,92,-0.00869192509740176,0.673996899106404,0.520567897044349,unsafe_touchdown
1880,82,-27.4766635470739,0,84,-0.00869192509740176,0.673996899106404,0.520567897044349,unsafe_touchdown
1881,82,-24.207268756593,0,80,-0.00869192509740176,0.673996899106404,0.520567897044349,unsafe_touchdown
1882,82,-26.4478520786843,0,87,-0.00869192509740176,0.673996899106404,0.520567897044349,unsafe_touchdown
1883,82,-24.2249420869411,0,93,-0.00869192509740176,0.673996899106404,0.520567897044349,unsafe_touchdown
1884,82,-26.1629281199729,0,95,-0.00869192509740176,0.673996899106404,0.520567897044349,unsafe_touchdown
1885,83,-25.7004799849037,0,86,-0.0154247020264073,0.62551818286312,0.521080746329814,unsafe_touchdown
1886,83,-25.7746799862368,0,87,-0.0154247020264073,0.62551818286312,0.521080746329814,unsafe_touchdown
1887,83,-24.7026891983954,0,89,-0.0154247020264073,0.62551818286312,0.521080746329814,unsafe_touchdown
1888,83,-30.1647023263059,0,91,-0.0154247020264073,0.62551818286312,0.521080746329814,unsafe_touchdown
1889,83,-25.9665390100127,0,91,-0.0154247020264073,0.62551818286312,0.521080746329814,unsafe_touchdown
1890,83,-27.4354210910135,0,87,-0.0154247020264073,0.62551818286312,0.521080746329814,unsafe_touchdown
1891,83,-24.4013821062273,0,97,-0.0154247020264073,0.62551818286312,0.521080746329814,unsafe_touchdown
1892,83,-28.1989354344358,0,106,-0.0154247020264073,0.62551818286312,0.521080746329814,unsafe_touchdown
1893,83,-26.1607500234914,0,95,-0.0154247020264073,0.62551818286312,0.521080746329814,unsafe_touchdown
1894,83,-24.0507092591511,0,97,-0.0154247020264073,0.62551818286312,0.521080746329814,unsafe_touchdown
1895,83,-27.3750581868165,0,102,-0.0154247020264073,0.62551818286312,0.521080746329814,unsafe_touchdown
1896,83,-26.9256290693776,0,100,-0.0154247020264073,0.62551818286312,0.521080746329814,unsafe_touchdown
1897,83,-26.0528467655025,0,105,-0.0154247020264073,0.62551818286312,0.521080746329814,unsafe_touchdown
1898,83,-26.4898565853898,0,92,-0.0154247020264073,0.62551818286312,0.521080746329814,unsafe_touchdown
1899,83,-28.5444378933749,0,95,-0.0154247020264073,0.62551818286312,0.521080746329814,unsafe_touchdown
1900,83,-26.7096892961278,0,94,-0.0154247020264073,0.62551818286312,0.521080746329814,unsafe_touchdown
1901,83,-23.1332573352245,0,84,-0.0154247020264073,0.62551818286312,0.521080746329814,unsafe_touchdown
1902,83,-32.2389376447084,0,115,-0.0154247020264073,0.62551818286312,0.521080746329814,unsafe_touchdown
1903,83,-23.3186979456333,0,74,-0.0154247020264073,0.62551818286312,0.521080746329814,unsafe_touchdown
1904,83,-24.330882249162,0,88,-0.0154247020264073,0.62551818286312,0.521080746329814,unsafe_touchdown
1905,83,-24.3704332152307,0,100,-0.0154247020264073,0.62551818286312,0.521080746329814,unsafe_touchdown
1906,83,-27.0438982790678,0,101,-0.0154247020264073,0.62551818286312,0.521080746329814,unsafe_touchdown
1907,84,-25.4856658721468,0,89,-0.0136514099069691,0.66031452216194,0.521382052594346,unsafe_touchdown
1908,84,-26.6558377788869,0,89,-0.0136514099069691,0.66031452216194,0.521382052594346,unsafe_touchdown
1909,84,-28.1737446876903,0,99,-0.0136514099069691,0.66031452216194,0.521382052594346,unsafe_touchdown
1910,84,-24.9006268437911,0,87,-0.0136514099069691,0.66031452216194,0.521382052594346,unsafe_touchdown
1911,84,-24.2554056777446,0,77,-0.0136514099069691,0.66031452216194,0.521382052594346,unsafe_touchdown
1912,84,-24.8059667070261,0,80,-0.0136514099069691,0.66031452216194,0.521382052594346,unsafe_touchdown
1913,84,-23.9396213634778,0,98,-0.0136514099069691,0.66031452216194,0.521382052594346,unsafe_touchdown
1914,84,-24.4432294364406,0,74,-0.0136514099069691,0.66031452216194,0.521382052594346,unsafe_touchdown
1915,84,-26.5328342420454,0,90,-0.0136514099069691,0.66031452216194,0.521382052594346,unsafe_touchdown
1916,84,-25.0058298717558,0,76,-0.0136514099069691,0.66031452216194,0.521382052594346,unsafe_touchdown
1917,84,-23.0771505338593,0,78,-0.0136514099069691,0.66031452216194,0.521382052594346,unsafe_touchdown
1918,84,-24.748094079725,0,73,-0.0136514099069691,0.66031452216194,0.521382052594346,unsafe_touchdown
1919,84,-24.7014705750493,0,81,-0.0136514099069691,0.66031452216194,0.521382052594346,unsafe_touchdown
1920,84,-24.0078671695055,0,81,-0.0136514099069691,0.66031452216194,0.521382052594346,unsafe_touchdown
1921,84,-25.0138090323989,0,79,-0.0136514099069691,0.66031452216194,0.521382052594346,unsafe_touchdown
1922,84,-26.3447768619014,0,74,-0.0136514099069691,0.66031452216194,0.521382052594346,unsafe_touchdown
1923,84,-25.7929057534116,0,101,-0.0136514099069691,0.66031452216194,0.521382052594346,unsafe_touchdown
1924,84,-24.9107892452997,0,79,-0.0136514099069691,0.66031452216194,0.521382052594346,unsafe_touchdown
1925,84,-29.3948228009877,0,83,-0.0136514099069691,0.66031452216194,0.521382052594346,unsafe_touchdown
1926,84,-26.2579027479579,0,87,-0.0136514099069691,0.66031452216194,0.521382052594346,unsafe_touchdown
1927,84,-31.887394704901,0,108,-0.0136514099069691,0.66031452216194,0.521382052594346,unsafe_touchdown
1928,84,-27.0461835462992,0,90,-0.0136514099069691,0.66031452216194,0.521382052594346,unsafe_touchdown
1929,84,-29.1006668111766,0,88,-0.0136514099069691,0.66031452216194,0.521382052594346,unsafe_touchdown
1930,84,-25.3665315298959,0,85,-0.0136514099069691,0.66031452216194,0.521382052594346,unsafe_touchdown
1931,84,-23.6597885226607,0,93,-0.0136514099069691,0.66031452216194,0.521382052594346,unsafe_touchdown
1932,85,-27.4714687947719,0,95,-0.0124262048454934,0.589957963176843,0.521140915577711,unsafe_touchdown
1933,85,-24.9797866838692,0,94,-0.0124262048454934,0.589957963176843,0.521140915577711,unsafe_touchdown
1934,85,-26.3535054542758,0,83,-0.0124262048454934,0.589957963176843,0.521140915577711,unsafe_touchdown
1935,85,-28.1454530680308,0,95,-0.0124262048454934,0.589957963176843,0.521140915577711,unsafe_touchdown
1936,85,-25.0461754952423,0,89,-0.0124262048454934,0.589957963176843,0.521140915577711,unsafe_touchdown
1937,85,-24.9192876829392,0,83,-0.0124262048454934,0.589957963176843,0.521140915577711,unsafe_touchdown
1938,85,-25.1124108802295,0,78,-0.0124262048454934,0.589957963176843,0.521140915577711,unsafe_touchdown
1939,85,-23.0509495654647,0,75,-0.0124262048454934,0.589957963176843,0.521140915577711,unsafe_touchdown
1940,85,-30.5728452982032,0,100,-0.0124262048454934,0.589957963176843,0.521140915577711,unsafe_touchdown
1941,85,-25.3985226256951,0,94,-0.0124262048454934,0.589957963176843,0.521140915577711,unsafe_touchdown
1942,85,-25.1430753481756,0,90,-0.0124262048454934,0.589957963176843,0.521140915577711,unsafe_touchdown
1943,85,-23.3839837724659,0,90,-0.0124262048454934,0.589957963176843,0.521140915577711,unsafe_touchdown
1944,85,-26.1227935208403,0,100,-0.0124262048454934,0.589957963176843,0.521140915577711,unsafe_touchdown
1945,85,-26.4803996651368,0,91,-0.0124262048454934,0.589957963176843,0.521140915577711,unsafe_touchdown
1946,85,-26.0359308097042,0,99,-0.0124262048454934,0.589957963176843,0.521140915577711,unsafe_touchdown
1947,85,-25.379654963452,0,88,-0.0124262048454934,0.589957963176843,0.521140915577711,unsafe_touchdown
1948,85,-26.4764868946632,0,88,-0.0124262048454934,0.589957963176843,0.521140915577711,unsafe_touchdown
1949,85,-28.5582548545419,0,88,-0.0124262048454934,0.589957963176843,0.521140915577711,unsafe_touchdown
1950,85,-26.2144284160294,0,85,-0.0124262048454934,0.589957963176843,0.521140915577711,unsafe_touchdown
1951,85,-24.6610902543375,0,90,-0.0124262048454934,0.589957963176843,0.521140915577711,unsafe_touchdown
1952,85,-26.4924013531331,0,92,-0.0124262048454934,0.589957963176843,0.521140915577711,unsafe_touchdown
1953,85,-27.963490907518,0,88,-0.0124262048454934,0.589957963176843,0.521140915577711,unsafe_touchdown
1954,85,-24.5059740914517,0,94,-0.0124262048454934,0.589957963176843,0.521140915577711,unsafe_touchdown
1955,86,-26.2311414628769,0,102,-0.0143623791466754,0.652388254247483,0.519404688805574,unsafe_touchdown
1956,86,-27.2589658535234,0,78,-0.0143623791466754,0.652388254247483,0.519404688805574,unsafe_touchdown
1957,86,-25.9932184989963,0,77,-0.0143623791466754,0.652388254247483,0.519404688805574,unsafe_touchdown
1958,86,-24.4900891574591,0,85,-0.0143623791466754,0.652388254247483,0.519404688805574,unsafe_touchdown
1959,86,-25.6620663992284,0,90,-0.0143623791466754,0.652388254247483,0.519404688805574,unsafe_touchdown
1960,86,-25.5261283488981,0,78,-0.0143623791466754,0.652388254247483,0.519404688805574,unsafe_touchdown
1961,86,-26.7024829619046,0,84,-0.0143623791466754,0.652388254247483,0.519404688805574,unsafe_touchdown
1962,86,-26.2331773152341,0,84,-0.0143623791466754,0.652388254247483,0.519404688805574,unsafe_touchdown
1963,86,-27.6139223556592,0,86,-0.0143623791466754,0.652388254247483,0.519404688805574,unsafe_touchdown
1964,86,-25.2469567472262,0,87,-0.0143623791466754,0.652388254247483,0.519404688805574,unsafe_touchdown
1965,86,-26.8785153855072,0,74,-0.0143623791466754,0.652388254247483,0.519404688805574,unsafe_touchdown
1966,86,-27.3545897768091,0,85,-0.0143623791466754,0.652388254247483,0.519404688805574,unsafe_touchdown
1967,86,-27.487398755291,0,96,-0.0143623791466754,0.652388254247483,0.519404688805574,unsafe_touchdown
1968,86,-24.6720072611573,0,94,-0.0143623791466754,0.652388254247483,0.519404688805574,unsafe_touchdown
1969,86,-28.5006878781275,0,89,-0.0143623791466754,0.652388254247483,0.519404688805574,unsafe_touchdown
1970,86,-26.6236034335039,0,83,-0.0143623791466754,0.652388254247483,0.519404688805574,unsafe_touchdown
1971,86,-25.1209264924421,0,84,-0.0143623791466754,0.652388254247483,0.519404688805574,unsafe_touchdown
1972,86,-26.450130550873,0,93,-0.0143623791466754,0.652388254247483,0.519404688805574,unsafe_touchdown
1973,86,-28.8855022596289,0,95,-0.0143623791466754,0.652388254247483,0.519404688805574,unsafe_touchdown
1974,86,-24.0609396902491,0,89,-0.0143623791466754,0.652388254247483,0.519404688805574,unsafe_touchdown
1975,86,-24.4850891263062,0,84,-0.0143623791466754,0.652388254247483,0.519404688805574,unsafe_touchdown
1976,86,-23.7189396727053,0,82,-0.0143623791466754,0.652388254247483,0.519404688805574,unsafe_touchdown
1977,86,-25.1205810259267,0,87,-0.0143623791466754,0.652388254247483,0.519404688805574,unsafe_touchdown
1978,86,-27.8673972219151,0,92,-0.0143623791466754,0.652388254247483,0.519404688805574,unsafe_touchdown
1979,87,-23.6544550834511,0,90,-0.0182828555257072,0.641428431789845,0.519029484004111,unsafe_touchdown
1980,87,-23.9099632449193,0,87,-0.0182828555257072,0.641428431789845,0.519029484004111,unsafe_touchdown
1981,87,-25.6108779786037,0,91,-0.0182828555257072,0.641428431789845,0.519029484004111,unsafe_touchdown
1982,87,-23.9513002686013,0,93,-0.0182828555257072,0.641428431789845,0.519029484004111,unsafe_touchdown
1983,87,-26.3879876589833,0,80,-0.0182828555257072,0.641428431789845,0.519029484004111,unsafe_touchdown
1984,87,-32.3780559089332,0,110,-0.0182828555257072,0.641428431789845,0.519029484004111,unsafe_touchdown
1985,87,-24.4767618326175,0,102,-0.0182828555257072,0.641428431789845,0.519029484004111,unsafe_touchdown
1986,87,-25.7923049550258,0,85,-0.0182828555257072,0.641428431789845,0.519029484004111,unsafe_touchdown
1987,87,-26.2113256040229,0,93,-0.0182828555257072,0.641428431789845,0.519029484004111,unsafe_touchdown
1988,87,-26.6616590300963,0,91,-0.0182828555257072,0.641428431789845,0.519029484004111,unsafe_touchdown
1989,87,-24.3817022537307,0,84,-0.0182828555257072,0.641428431789845,0.519029484004111,unsafe_touchdown
1990,87,-25.9076913187136,0,87,-0.0182828555257072,0.641428431789845,0.519029484004111,unsafe_touchdown
1991,87,-25.3975379476517,0,110,-0.0182828555257072,0.641428431789845,0.519029484004111,unsafe_touchdown
1992,87,-31.5672785907807,0,117,-0.0182828555257072,0.641428431789845,0.519029484004111,unsafe_touchdown
1993,87,-28.5351496719491,0,77,-0.0182828555257072,0.641428431789845,0.519029484004111,unsafe_touchdown
1994,87,-27.5851681425966,0,74,-0.0182828555257072,0.641428431789845,0.519029484004111,unsafe_touchdown
1995,87,-24.7738784247542,0,93,-0.0182828555257072,0.641428431789845,0.519029484004111,unsafe_touchdown
1996,87,-26.3571814071753,0,90,-0.0182828555257072,0.641428431789845,0.519029484004111,unsafe_touchdown
1997,87,-23.1079369784075,0,78,-0.0182828555257072,0.641428431789845,0.519029484004111,unsafe_touchdown
1998,87,-26.2397117346118,0,90,-0.0182828555257072,0.641428431789845,0.519029484004111,unsafe_touchdown
1999,87,-24.2497327767116,0,96,-0.0182828555257072,0.641428431789845,0.519029484004111,unsafe_touchdown
2000,87,-26.3414093614985,0,103,-0.0182828555257072,0.641428431789845,0.519029484004111,unsafe_touchdown
2001,87,-24.5652524064836,0,95,-0.0182828555257072,0.641428431789845,0.519029484004111,unsafe_touchdown
2002,88,-26.5473569398552,0,84,-0.0182772394323039,0.641608577683177,0.52029751980232,unsafe_touchdown
2003,88,-31.0478221438537,0,103,-0.0182772394323039,0.641608577683177,0.52029751980232,unsafe_touchdown
2004,88,-24.2542570381365,0,84,-0.0182772394323039,0.641608577683177,0.52029751980232,unsafe_touchdown
2005,88,-30.3261503639386,0,113,-0.0182772394323039,0.641608577683177,0.52029751980232,unsafe_touchdown
2006,88,-24.8244478938698,0,91,-0.0182772394323039,0.641608577683177,0.52029751980232,unsafe_touchdown
2007,88,-24.5447943566273,0,89,-0.0182772394323039,0.641608577683177,0.52029751980232,unsafe_touchdown
2008,88,-26.2185328659101,0,94,-0.0182772394323039,0.641608577683177,0.52029751980232,unsafe_touchdown
2009,88,-24.6649387553105,0,89,-0.0182772394323039,0.641608577683177,0.52029751980232,unsafe_touchdown
2010,88,-26.1870557996298,0,91,-0.0182772394323039,0.641608577683177,0.52029751980232,unsafe_touchdown
2011,88,-29.7901590763436,0,105,-0.0182772394323039,0.641608577683177,0.52029751980232,unsafe_touchdown
2012,88,-27.9474527707038,0,96,-0.0182772394323039,0.641608577683177,0.52029751980232,unsafe_touchdown
2013,88,-29.1074852063991,0,100,-0.0182772394323039,0.641608577683177,0.52029751980232,unsafe_touchdown
2014,88,-24.6047436943168,0,79,-0.0182772394323039,0.641608577683177,0.52029751980232,unsafe_touchdown
2015,88,-33.1467680420504,0,111,-0.0182772394323039,0.641608577683177,0.52029751980232,unsafe_touchdown
2016,88,-24.1501985410574,0,93,-0.0182772394323039,0.641608577683177,0.52029751980232,unsafe_touchdown
2017,88,-26.3121825219609,0,87,-0.0182772394323039,0.641608577683177,0.52029751980232,unsafe_touchdown
2018,88,-25.7165582806692,0,98,-0.0182772394323039,0.641608577683177,0.52029751980232,unsafe_touchdown
2019,88,-24.8124329116642,0,101,-0.0182772394323039,0.641608577683177,0.52029751980232,unsafe_touchdown
2020,88,-26.6281896670465,0,81,-0.0182772394323039,0.641608577683177,0.52029751980232,unsafe_touchdown
2021,88,-25.2149259174587,0,97,-0.0182772394323039,0.641608577683177,0.52029751980232,unsafe_touchdown
2022,88,-25.3291231026468,0,75,-0.0182772394323039,0.641608577683177,0.52029751980232,unsafe_touchdown
2023,88,-24.3982500011064,0,92,-0.0182772394323039,0.641608577683177,0.52029751980232,unsafe_touchdown
2024,89,-25.5366603134901,0,81,-0.0214929383543685,0.659063209866503,0.519352917158862,unsafe_touchdown
2025,89,-26.0404098315532,0,105,-0.0214929383543685,0.659063209866503,0.519352917158862,unsafe_touchdown
2026,89,-24.4200232087904,0,101,-0.0214929383543685,0.659063209866503,0.519352917158862,unsafe_touchdown
2027,89,-25.5080844316909,0,94,-0.0214929383543685,0.659063209866503,0.519352917158862,unsafe_touchdown
2028,89,-26.6211375043294,0,98,-0.0214929383543685,0.659063209866503,0.519352917158862,unsafe_touchdown
2029,89,-24.7472499057117,0,96,-0.0214929383543685,0.659063209866503,0.519352917158862,unsafe_touchdown
2030,89,-26.1827903546425,0,93,-0.0214929383543685,0.659063209866503,0.519352917158862,unsafe_touchdown
2031,89,-32.650077059854,0,110,-0.0214929383543685,0.659063209866503,0.519352917158862,unsafe_touchdown
2032,89,-25.5964693469272,0,83,-0.0214929383543685,0.659063209866503,0.519352917158862,unsafe_touchdown
2033,89,-26.7732779335047,0,82,-0.0214929383543685,0.659063209866503,0.519352917158862,unsafe_touchdown
2034,89,-31.2358712729516,0,103,-0.0214929383543685,0.659063209866503,0.519352917158862,unsafe_touchdown
2035,89,-26.2761112245275,0,88,-0.0214929383543685,0.659063209866503,0.519352917158862,unsafe_touchdown
2036,89,-25.3359251714995,0,79,-0.0214929383543685,0.659063209866503,0.519352917158862,unsafe_touchdown
2037,89,-23.7002035598561,0,86,-0.0214929383543685,0.659063209866503,0.519352917158862,unsafe_touchdown
2038,89,-27.0971107043765,0,89,-0.0214929383543685,0.659063209866503,0.519352917158862,unsafe_touchdown
2039,89,-25.7640055946068,0,92,-0.0214929383543685,0.659063209866503,0.519352917158862,unsafe_touchdown
2040,89,-30.9024234544569,0,101,-0.0214929383543685,0.659063209866503,0.519352917158862,unsafe_touchdown
2041,89,-27.4264590853871,0,97,-0.0214929383543685,0.659063209866503,0.519352917158862,unsafe_touchdown
2042,89,-26.9697827035368,0,102,-0.0214929383543685,0.659063209866503,0.519352917158862,unsafe_touchdown
2043,89,-24.4896167970651,0,93,-0.0214929383543685,0.659063209866503,0.519352917158862,unsafe_touchdown
2044,89,-27.2311861484218,0,88,-0.0214929383543685,0.659063209866503,0.519352917158862,unsafe_touchdown
2045,89,-24.7038993062835,0,92,-0.0214929383543685,0.659063209866503,0.519352917158862,unsafe_touchdown
2046,90,-25.3096281453936,0,83,-0.00911931596491342,0.685275534127215,0.519345730722168,unsafe_touchdown
2047,90,-25.6452305868496,0,89,-0.00911931596491342,0.685275534127215,0.519345730722168,unsafe_touchdown
2048,90,-23.6729789144971,0,90,-0.00911931596491342,0.685275534127215,0.519345730722168,unsafe_touchdown
2049,90,-27.162040928721,0,99,-0.00911931596491342,0.685275534127215,0.519345730722168,unsafe_touchdown
2050,90,-22.6192403353364,0,90,-0.00911931596491342,0.685275534127215,0.519345730722168,unsafe_touchdown
2051,90,-23.0895987870153,0,89,-0.00911931596491342,0.685275534127215,0.519345730722168,unsafe_touchdown
2052,90,-23.9838926210387,0,81,-0.00911931596491342,0.685275534127215,0.519345730722168,unsafe_touchdown
2053,90,-29.8472893213259,0,93,-0.00911931596491342,0.685275534127215,0.519345730722168,unsafe_touchdown
2054,90,-28.7674693202273,0,106,-0.00911931596491342,0.685275534127215,0.519345730722168,unsafe_touchdown
2055,90,-29.190381621675,0,97,-0.00911931596491342,0.685275534127215,0.519345730722168,unsafe_touchdown
2056,90,-28.0495720379967,0,98,-0.00911931596491342,0.685275534127215,0.519345730722168,unsafe_touchdown
2057,90,-25.082779518411,0,78,-0.00911931596491342,0.685275534127215,0.519345730722168,unsafe_touchdown
2058,90,-25.808320767907,0,94,-0.00911931596491342,0.685275534127215,0.519345730722168,unsafe_touchdown
2059,90,-23.4691552852377,0,89,-0.00911931596491342,0.685275534127215,0.519345730722168,unsafe_touchdown
2060,90,-27.4164480860032,0,103,-0.00911931596491342,0.685275534127215,0.519345730722168,unsafe_touchdown
2061,90,-27.9210808231538,0,92,-0.00911931596491342,0.685275534127215,0.519345730722168,unsafe_touchdown
2062,90,-27.5287139928592,0,95,-0.00911931596491342,0.685275534127215,0.519345730722168,unsafe_touchdown
2063,90,-28.7322334713161,0,95,-0.00911931596491342,0.685275534127215,0.519345730722168,unsafe_touchdown
2064,90,-23.7359988124719,0,76,-0.00911931596491342,0.685275534127215,0.519345730722168,unsafe_touchdown
2065,90,-23.5434174593291,0,83,-0.00911931596491342,0.685275534127215,0.519345730722168,unsafe_touchdown
2066,90,-24.6363519058904,0,72,-0.00911931596491342,0.685275534127215,0.519345730722168,unsafe_touchdown
2067,90,-26.1555634979352,0,87,-0.00911931596491342,0.685275534127215,0.519345730722168,unsafe_touchdown
2068,90,-25.4648928878333,0,78,-0.00911931596491342,0.685275534127215,0.519345730722168,unsafe_touchdown
2069,91,-22.9366090820477,0,88,-0.0140613143258398,0.688805794791063,0.517964217523911,unsafe_touchdown
2070,91,-24.3161180590162,0,91,-0.0140613143258398,0.688805794791063,0.517964217523911,unsafe_touchdown
2071,91,-22.9187295625843,0,74,-0.0140613143258398,0.688805794791063,0.517964217523911,unsafe_touchdown
2072,91,-26.1562005305388,0,92,-0.0140613143258398,0.688805794791063,0.517964217523911,unsafe_touchdown
2073,91,-25.0678896724547,0,85,-0.0140613143258398,0.688805794791063,0.517964217523911,unsafe_touchdown
2074,91,-27.0664074436329,0,85,-0.0140613143258398,0.688805794791063,0.517964217523911,unsafe_touchdown
2075,91,-25.4895996823985,0,80,-0.0140613143258398,0.688805794791063,0.517964217523911,unsafe_touchdown
2076,91,-30.7615158435749,0,105,-0.0140613143258398,0.688805794791063,0.517964217523911,unsafe_touchdown
2077,91,-29.5958704914746,0,101,-0.0140613143258398,0.688805794791063,0.517964217523911,unsafe_touchdown
2078,91,-28.1777395186646,0,102,-0.0140613143258398,0.688805794791063,0.517964217523911,unsafe_touchdown
2079,91,-26.61607231765,0,82,-0.0140613143258398,0.688805794791063,0.517964217523911,unsafe_touchdown
2080,91,-28.169918262587,0,84,-0.0140613143258398,0.688805794791063,0.517964217523911,unsafe_touchdown
2081,91,-23.0769054551874,0,86,-0.0140613143258398,0.688805794791063,0.517964217523911,unsafe_touchdown
2082,91,-24.6251047627185,0,77,-0.0140613143258398,0.688805794791063,0.517964217523911,unsafe_touchdown
2083,91,-30.415388878246,0,99,-0.0140613143258398,0.688805794791063,0.517964217523911,unsafe_touchdown
2084,91,-24.5507053776077,0,92,-0.0140613143258398,0.688805794791063,0.517964217523911,unsafe_touchdown
2085,91,-30.4651906563577,0,99,-0.0140613143258398,0.688805794791063,0.517964217523911,unsafe_touchdown
2086,91,-26.756213836107,0,88,-0.0140613143258398,0.688805794791063,0.517964217523911,unsafe_touchdown
2087,91,-26.3031076294786,0,89,-0.0140613143258398,0.688805794791063,0.517964217523911,unsafe_touchdown
2088,91,-26.1960627299955,0,87,-0.0140613143258398,0.688805794791063,0.517964217523911,unsafe_touchdown
2089,91,-25.1449472678867,0,86,-0.0140613143258398,0.688805794791063,0.517964217523911,unsafe_touchdown
2090,91,-27.3335771492603,0,87,-0.0140613143258398,0.688805794791063,0.517964217523911,unsafe_touchdown
2091,91,-24.7229723425804,0,93,-0.0140613143258398,0.688805794791063,0.517964217523911,unsafe_touchdown
2092,92,-24.38340500338,0,87,-0.0195322165245878,0.634774817022597,0.518042832839475,unsafe_touchdown
2093,92,-26.7110555809535,0,88,-0.0195322165245878,0.634774817022597,0.518042832839475,unsafe_touchdown
2094,92,-27.4102725147393,0,101,-0.0195322165245878,0.634774817022597,0.518042832839475,unsafe_touchdown
2095,92,-25.3443929320688,0,79,-0.0195322165245878,0.634774817022597,0.518042832839475,unsafe_touchdown
2096,92,-23.1267351239504,0,76,-0.0195322165245878,0.634774817022597,0.518042832839475,unsafe_touchdown
2097,92,-24.697561378836,0,86,-0.0195322165245878,0.634774817022597,0.518042832839475,unsafe_touchdown
2098,92,-25.5038478047663,0,92,-0.0195322165245878,0.634774817022597,0.518042832839475,unsafe_touchdown
2099,92,-24.7158401172387,0,92,-0.0195322165245878,0.634774817022597,0.518042832839475,unsafe_touchdown
2100,92,-23.9326744794563,0,78,-0.0195322165245878,0.634774817022597,0.518042832839475,unsafe_touchdown
2101,92,-27.0707729142581,0,96,-0.0195322165245878,0.634774817022597,0.518042832839475,unsafe_touchdown
2102,92,-23.6462403645983,0,77,-0.0195322165245878,0.634774817022597,0.518042832839475,unsafe_touchdown
2103,92,-29.2298724866844,0,91,-0.0195322165245878,0.634774817022597,0.518042832839475,unsafe_touchdown
2104,92,-24.4251192890467,0,89,-0.0195322165245878,0.634774817022597,0.518042832839475,unsafe_touchdown
2105,92,-26.253641130218,0,82,-0.0195322165245878,0.634774817022597,0.518042832839475,unsafe_touchdown
2106,92,-24.6775305945936,0,79,-0.0195322165245878,0.634774817022597,0.518042832839475,unsafe_touchdown
2107,92,-22.9783467789956,0,80,-0.0195322165245878,0.634774817022597,0.518042832839475,unsafe_touchdown
2108,92,-24.5761392650443,0,86,-0.0195322165245878,0.634774817022597,0.518042832839475,unsafe_touchdown
2109,92,-22.9491284980661,0,76,-0.0195322165245878,0.634774817022597,0.518042832839475,unsafe_touchdown
2110,92,-26.0152998710178,0,92,-0.0195322165245878,0.634774817022597,0.518042832839475,unsafe_touchdown
2111,92,-25.2082200910345,0,87,-0.0195322165245878,0.634774817022597,0.518042832839475,unsafe_touchdown
2112,92,-23.9168424998545,0,86,-0.0195322165245878,0.634774817022597,0.518042832839475,unsafe_touchdown
2113,92,-23.8030237414807,0,93,-0.0195322165245878,0.634774817022597,0.518042832839475,unsafe_touchdown
2114,92,-25.5867732463237,0,88,-0.0195322165245878,0.634774817022597,0.518042832839475,unsafe_touchdown
2115,92,-24.8210652590513,0,88,-0.0195322165245878,0.634774817022597,0.518042832839475,unsafe_touchdown
2116,93,-24.5057166132731,0,84,-0.0168450630992615,0.506215463766767,0.516621234825901,unsafe_touchdown
2117,93,-25.8137580887602,0,85,-0.0168450630992615,0.506215463766767,0.516621234825901,unsafe_touchdown
2118,93,-26.6960913728043,0,89,-0.0168450630992615,0.506215463766767,0.516621234825901,unsafe_touchdown
2119,93,-24.6900813911545,0,88,-0.0168450630992615,0.506215463766767,0.516621234825901,unsafe_touchdown
2120,93,-27.2875899500109,0,105,-0.0168450630992615,0.506215463766767,0.516621234825901,unsafe_touchdown
2121,93,-25.2165136414681,0,90,-0.0168450630992615,0.506215463766767,0.516621234825901,unsafe_touchdown
2122,93,-27.4330170323348,0,95,-0.0168450630992615,0.506215463766767,0.516621234825901,unsafe_touchdown
2123,93,-24.8816645211335,0,91,-0.0168450630992615,0.506215463766767,0.516621234825901,unsafe_touchdown
2124,93,-23.5648355328335,0,88,-0.0168450630992615,0.506215463766767,0.516621234825901,unsafe_touchdown
2125,93,-24.1223274582236,0,92,-0.0168450630992615,0.506215463766767,0.516621234825901,unsafe_touchdown
2126,93,-24.7719553950607,0,86,-0.0168450630992615,0.506215463766767,0.516621234825901,unsafe_touchdown
2127,93,-28.5391562669321,0,87,-0.0168450630992615,0.506215463766767,0.516621234825901,unsafe_touchdown
2128,93,-24.736711964114,0,83,-0.0168450630992615,0.506215463766767,0.516621234825901,unsafe_touchdown
2129,93,-23.8280913352106,0,89,-0.0168450630992615,0.506215463766767,0.516621234825901,unsafe_touchdown
2130,93,-25.8709720030571,0,108,-0.0168450630992615,0.506215463766767,0.516621234825901,unsafe_touchdown
2131,93,-24.7354709197026,0,98,-0.0168450630992615,0.506215463766767,0.516621234825901,unsafe_touchdown
2132,93,-25.1556962013918,0,95,-0.0168450630992615,0.506215463766767,0.516621234825901,unsafe_touchdown
2133,93,-24.9572160989158,0,81,-0.0168450630992615,0.506215463766767,0.516621234825901,unsafe_touchdown
2134,93,-24.353234242892,0,80,-0.0168450630992615,0.506215463766767,0.516621234825901,unsafe_touchdown
2135,93,-24.120008076986,0,100,-0.0168450630992615,0.506215463766767,0.516621234825901,unsafe_touchdown
2136,93,-23.4014295376207,0,94,-0.0168450630992615,0.506215463766767,0.516621234825901,unsafe_touchdown
2137,93,-23.0654357064943,0,76,-0.0168450630992615,0.506215463766767,0.516621234825901,unsafe_touchdown
2138,93,-24.5572747709114,0,88,-0.0168450630992615,0.506215463766767,0.516621234825901,unsafe_touchdown
2139,94,-24.4487012459458,0,85,-0.0112499106056142,0.555446974173547,0.51691001294728,unsafe_touchdown
2140,94,-30.1749995738777,0,89,-0.0112499106056142,0.555446974173547,0.51691001294728,unsafe_touchdown
2141,94,-26.9397300855053,0,90,-0.0112499106056142,0.555446974173547,0.51691001294728,unsafe_touchdown
2142,94,-27.1736200735455,0,76,-0.0112499106056142,0.555446974173547,0.51691001294728,unsafe_touchdown
2143,94,-24.0045354263267,0,83,-0.0112499106056142,0.555446974173547,0.51691001294728,unsafe_touchdown
2144,94,-23.8185325861392,0,81,-0.0112499106056142,0.555446974173547,0.51691001294728,unsafe_touchdown
2145,94,-26.7640094108994,0,99,-0.0112499106056142,0.555446974173547,0.51691001294728,unsafe_touchdown
2146,94,-25.4574378400177,0,83,-0.0112499106056142,0.555446974173547,0.51691001294728,unsafe_touchdown
2147,94,-30.9533707292072,0,98,-0.0112499106056142,0.555446974173547,0.51691001294728,unsafe_touchdown
2148,94,-26.0337445160318,0,84,-0.0112499106056142,0.555446974173547,0.51691001294728,unsafe_touchdown
2149,94,-23.005969798715,0,91,-0.0112499106056142,0.555446974173547,0.51691001294728,unsafe_touchdown
2150,94,-23.6411302428818,0,81,-0.0112499106056142,0.555446974173547,0.51691001294728,unsafe_touchdown
2151,94,-23.8211173594368,0,85,-0.0112499106056142,0.555446974173547,0.51691001294728,unsafe_touchdown
2152,94,-25.8216316184749,0,74,-0.0112499106056142,0.555446974173547,0.51691001294728,unsafe_touchdown
2153,94,-26.4261128398403,0,80,-0.0112499106056142,0.555446974173547,0.51691001294728,unsafe_touchdown
2154,94,-23.8389284218063,0,86,-0.0112499106056142,0.555446974173547,0.51691001294728,unsafe_touchdown
2155,94,-27.0170556105084,0,82,-0.0112499106056142,0.555446974173547,0.51691001294728,unsafe_touchdown
2156,94,-26.8509987179308,0,81,-0.0112499106056142,0.555446974173547,0.51691001294728,unsafe_touchdown
2157,94,-25.757928308428,0,81,-0.0112499106056142,0.555446974173547,0.51691001294728,unsafe_touchdown
2158,94,-25.5893035262198,0,91,-0.0112499106056142,0.555446974173547,0.51691001294728,unsafe_touchdown
2159,94,-22.8606446697008,0,83,-0.0112499106056142,0.555446974173547,0.51691001294728,unsafe_touchdown
2160,94,-27.2689487637141,0,93,-0.0112499106056142,0.555446974173547,0.51691001294728,unsafe_touchdown
2161,94,-24.3908150476822,0,96,-0.0112499106056142,0.555446974173547,0.51691001294728,unsafe_touchdown
2162,94,-23.7692344062999,0,85,-0.0112499106056142,0.555446974173547,0.51691001294728,unsafe_touchdown
2163,95,-24.8596642809159,0,91,0.00372507507285584,0.655085136443387,0.516340890745572,unsafe_touchdown
2164,95,-26.6031714249331,0,93,0.00372507507285584,0.655085136443387,0.516340890745572,unsafe_touchdown
2165,95,-30.9583518322854,0,104,0.00372507507285584,0.655085136443387,0.516340890745572,unsafe_touchdown
2166,95,-25.6788355811493,0,72,0.00372507507285584,0.655085136443387,0.516340890745572,unsafe_touchdown
2167,95,-27.1912594080142,0,106,0.00372507507285584,0.655085136443387,0.516340890745572,unsafe_touchdown
2168,95,-25.973952743178,0,94,0.00372507507285584,0.655085136443387,0.516340890745572,unsafe_touchdown
2169,95,-24.0062727725103,0,84,0.00372507507285584,0.655085136443387,0.516340890745572,unsafe_touchdown
2170,95,-23.315640364713,0,77,0.00372507507285584,0.655085136443387,0.516340890745572,unsafe_touchdown
2171,95,-23.3770484928299,0,85,0.00372507507285584,0.655085136443387,0.516340890745572,unsafe_touchdown
2172,95,-23.578579644654,0,88,0.00372507507285584,0.655085136443387,0.516340890745572,unsafe_touchdown
2173,95,-25.0911594491008,0,86,0.00372507507285584,0.655085136443387,0.516340890745572,unsafe_touchdown
2174,95,-27.0892565480207,0,105,0.00372507507285584,0.655085136443387,0.516340890745572,unsafe_touchdown
2175,95,-25.2791278003182,0,93,0.00372507507285584,0.655085136443387,0.516340890745572,unsafe_touchdown
2176,95,-24.3203435179423,0,81,0.00372507507285584,0.655085136443387,0.516340890745572,unsafe_touchdown
2177,95,-36.7654531021465,0,126,0.00372507507285584,0.655085136443387,0.516340890745572,unsafe_touchdown
2178,95,-26.0837863310827,0,74,0.00372507507285584,0.655085136443387,0.516340890745572,unsafe_touchdown
2179,95,-32.0036668572877,0,108,0.00372507507285584,0.655085136443387,0.516340890745572,unsafe_touchdown
2180,95,-29.6851304038753,0,86,0.00372507507285584,0.655085136443387,0.516340890745572,unsafe_touchdown
2181,95,-33.6910845511906,0,122,0.00372507507285584,0.655085136443387,0.516340890745572,unsafe_touchdown
2182,95,-24.3751365498327,0,87,0.00372507507285584,0.655085136443387,0.516340890745572,unsafe_touchdown
2183,95,-26.4246403889892,0,86,0.00372507507285584,0.655085136443387,0.516340890745572,unsafe_touchdown
2184,95,-29.1707124751346,0,85,0.00372507507285584,0.655085136443387,0.516340890745572,unsafe_touchdown
2185,95,-25.8872389661453,0,80,0.00372507507285584,0.655085136443387,0.516340890745572,unsafe_touchdown
2186,96,-30.3888073275544,0,93,-0.0111764552324099,0.652416512488039,0.51587929589993,unsafe_touchdown
2187,96,-24.6961092726649,0,90,-0.0111764552324099,0.652416512488039,0.51587929589993,unsafe_touchdown
2188,96,-24.6822419540072,0,73,-0.0111764552324099,0.652416512488039,0.51587929589993,unsafe_touchdown
2189,96,-28.4760703143771,0,97,-0.0111764552324099,0.652416512488039,0.51587929589993,unsafe_touchdown
2190,96,-24.2220522120151,0,89,-0.0111764552324099,0.652416512488039,0.51587929589993,unsafe_touchdown
2191,96,-26.4594016554595,0,97,-0.0111764552324099,0.652416512488039,0.51587929589993,unsafe_touchdown
2192,96,-24.1197621305795,0,75,-0.0111764552324099,0.652416512488039,0.51587929589993,unsafe_touchdown
2193,96,-28.1069466841512,0,97,-0.0111764552324099,0.652416512488039,0.51587929589993,unsafe_touchdown
2194,96,-24.9880903382745,0,86,-0.0111764552324099,0.652416512488039,0.51587929589993,unsafe_touchdown
2195,96,-28.6843299515998,0,76,-0.0111764552324099,0.652416512488039,0.51587929589993,unsafe_touchdown
2196,96,-24.3514664659085,0,76,-0.0111764552324099,0.652416512488039,0.51587929589993,unsafe_touchdown
2197,96,-24.5795028447445,0,79,-0.0111764552324099,0.652416512488039,0.51587929589993,unsafe_touchdown
2198,96,-31.1590274171988,0,109,-0.0111764552324099,0.652416512488039,0.51587929589993,unsafe_touchdown
2199,96,-29.2988988485663,0,94,-0.0111764552324099,0.652416512488039,0.51587929589993,unsafe_touchdown
2200,96,-23.541888680507,0,82,-0.0111764552324099,0.652416512488039,0.51587929589993,unsafe_touchdown
2201,96,-28.6406589139915,0,79,-0.0111764552324099,0.652416512488039,0.51587929589993,unsafe_touchdown
2202,96,-25.8006432870691,0,97,-0.0111764552324099,0.652416512488039,0.51587929589993,unsafe_touchdown
2203,96,-25.208147589303,0,91,-0.0111764552324099,0.652416512488039,0.51587929589993,unsafe_touchdown
2204,96,-31.7312122760063,0,101,-0.0111764552324099,0.652416512488039,0.51587929589993,unsafe_touchdown
2205,96,-25.1443590621331,0,91,-0.0111764552324099,0.652416512488039,0.51587929589993,unsafe_touchdown
2206,96,-25.0572841515687,0,97,-0.0111764552324099,0.652416512488039,0.51587929589993,unsafe_touchdown
2207,96,-24.1936330774825,0,99,-0.0111764552324099,0.652416512488039,0.51587929589993,unsafe_touchdown
2208,96,-23.3170242346445,0,76,-0.0111764552324099,0.652416512488039,0.51587929589993,unsafe_touchdown
2209,96,-24.2336269218179,0,102,-0.0111764552324099,0.652416512488039,0.51587929589993,unsafe_touchdown
2210,97,-28.7002439351536,0,106,-0.0144220712779575,0.65328042581219,0.516726330777451,unsafe_touchdown
2211,97,-31.6850682309857,0,102,-0.0144220712779575,0.65328042581219,0.516726330777451,unsafe_touchdown
2212,97,-26.5770245072479,0,84,-0.0144220712779575,0.65328042581219,0.516726330777451,unsafe_touchdown
2213,97,-27.786030153159,0,91,-0.0144220712779575,0.65328042581219,0.516726330777451,unsafe_touchdown
2214,97,-25.3889777294996,0,84,-0.0144220712779575,0.65328042581219,0.516726330777451,unsafe_touchdown
2215,97,-28.8602162073503,0,93,-0.0144220712779575,0.65328042581219,0.516726330777451,unsafe_touchdown
2216,97,-24.8820005937474,0,90,-0.0144220712779575,0.65328042581219,0.516726330777451,unsafe_touchdown
2217,97,-24.7835294591144,0,94,-0.0144220712779575,0.65328042581219,0.516726330777451,unsafe_touchdown
2218,97,-24.6885281746035,0,82,-0.0144220712779575,0.65328042581219,0.516726330777451,unsafe_touchdown
2219,97,-24.8960979703973,0,92,-0.0144220712779575,0.65328042581219,0.516726330777451,unsafe_touchdown
2220,97,-22.7927868845884,0,83,-0.0144220712779575,0.65328042581219,0.516726330777451,unsafe_touchdown
2221,97,-24.685079440419,0,84,-0.0144220712779575,0.65328042581219,0.516726330777451,unsafe_touchdown
2222,97,-24.5152925464062,0,76,-0.0144220712779575,0.65328042581219,0.516726330777451,unsafe_touchdown
2223,97,-24.3520318095026,0,85,-0.0144220712779575,0.65328042581219,0.516726330777451,unsafe_touchdown
2224,97,-28.5590009701195,0,80,-0.0144220712779575,0.65328042581219,0.516726330777451,unsafe_touchdown
2225,97,-24.5190890739401,0,84,-0.0144220712779575,0.65328042581219,0.516726330777451,unsafe_touchdown
2226,97,-24.9306527257315,0,99,-0.0144220712779575,0.65328042581219,0.516726330777451,unsafe_touchdown
2227,97,-22.6889342842763,0,84,-0.0144220712779575,0.65328042581219,0.516726330777451,unsafe_touchdown
2228,97,-23.4544094249272,0,77,-0.0144220712779575,0.65328042581219,0.516726330777451,unsafe_touchdown
2229,97,-28.5857681422591,0,84,-0.0144220712779575,0.65328042581219,0.516726330777451,unsafe_touchdown
2230,97,-26.2322043841275,0,82,-0.0144220712779575,0.65328042581219,0.516726330777451,unsafe_touchdown
2231,97,-26.7261817556142,0,97,-0.0144220712779575,0.65328042581219,0.516726330777451,unsafe_touchdown
2232,97,-26.6873660821735,0,83,-0.0144220712779575,0.65328042581219,0.516726330777451,unsafe_touchdown
2233,97,-23.0068582186805,0,80,-0.0144220712779575,0.65328042581219,0.516726330777451,unsafe_touchdown
2234,98,-22.8260584124437,0,82,0.000935700556712841,0.630615957749624,0.517450866959995,unsafe_touchdown
2235,98,-27.2883036709537,0,91,0.000935700556712841,0.630615957749624,0.517450866959995,unsafe_touchdown
2236,98,-26.0955308812904,0,82,0.000935700556712841,0.630615957749624,0.517450866959995,unsafe_touchdown
2237,98,-25.9372853343962,0,93,0.000935700556712841,0.630615957749624,0.517450866959995,unsafe_touchdown
2238,98,-23.3319257310893,0,88,0.000935700556712841,0.630615957749624,0.517450866959995,unsafe_touchdown
2239,98,-28.560512733721,0,84,0.000935700556712841,0.630615957749624,0.517450866959995,unsafe_touchdown
2240,98,-23.3566100945118,0,82,0.000935700556712841,0.630615957749624,0.517450866959995,unsafe_touchdown
2241,98,-23.7162245762943,0,78,0.000935700556712841,0.630615957749624,0.517450866959995,unsafe_touchdown
2242,98,-28.4264705752794,0,85,0.000935700556712841,0.630615957749624,0.517450866959995,unsafe_touchdown
2243,98,-23.5196306807202,0,92,0.000935700556712841,0.630615957749624,0.517450866959995,unsafe_touchdown
2244,98,-26.958194296262,0,89,0.000935700556712841,0.630615957749624,0.517450866959995,unsafe_touchdown
2245,98,-31.8942008571229,0,106,0.000935700556712841,0.630615957749624,0.517450866959995,unsafe_touchdown
2246,98,-25.4445414812426,0,75,0.000935700556712841,0.630615957749624,0.517450866959995,unsafe_touchdown
2247,98,-24.5988462570655,0,84,0.000935700556712841,0.630615957749624,0.517450866959995,unsafe_touchdown
2248,98,-27.9568988057661,0,104,0.000935700556712841,0.630615957749624,0.517450866959995,unsafe_touchdown
2249,98,-23.9310821733601,0,84,0.000935700556712841,0.630615957749624,0.517450866959995,unsafe_touchdown
2250,98,-23.9740218180497,0,88,0.000935700556712841,0.630615957749624,0.517450866959995,unsafe_touchdown
2251,98,-28.2099459022711,0,92,0.000935700556712841,0.630615957749624,0.517450866959995,unsafe_touchdown
2252,98,-24.2775919325024,0,88,0.000935700556712841,0.630615957749624,0.517450866959995,unsafe_touchdown
2253,98,-26.8009605664375,0,78,0.000935700556712841,0.630615957749624,0.517450866959995,unsafe_touchdown
2254,98,-28.138394121408,0,104,0.000935700556712841,0.630615957749624,0.517450866959995,unsafe_touchdown
2255,98,-24.3152593792916,0,85,0.000935700556712841,0.630615957749624,0.517450866959995,unsafe_touchdown
2256,98,-24.4443983292278,0,78,0.000935700556712841,0.630615957749624,0.517450866959995,unsafe_touchdown
2257,98,-25.7371731300121,0,101,0.000935700556712841,0.630615957749624,0.517450866959995,unsafe_touchdown
2258,99,-23.0155015685182,0,87,-0.0121918937786162,0.528778174983106,0.518128324488688,unsafe_touchdown
2259,99,-23.8674947008382,0,91,-0.0121918937786162,0.528778174983106,0.518128324488688,unsafe_touchdown
2260,99,-24.2193298020933,0,93,-0.0121918937786162,0.528778174983106,0.518128324488688,unsafe_touchdown
2261,99,-23.5443898267523,0,76,-0.0121918937786162,0.528778174983106,0.518128324488688,unsafe_touchdown
2262,99,-26.0803493083011,0,106,-0.0121918937786162,0.528778174983106,0.518128324488688,unsafe_touchdown
2263,99,-24.551966618228,0,91,-0.0121918937786162,0.528778174983106,0.518128324488688,unsafe_touchdown
2264,99,-25.2647353173266,0,89,-0.0121918937786162,0.528778174983106,0.518128324488688,unsafe_touchdown
2265,99,-29.2552850784934,0,86,-0.0121918937786162,0.528778174983106,0.518128324488688,unsafe_touchdown
2266,99,-27.955374742841,0,108,-0.0121918937786162,0.528778174983106,0.518128324488688,unsafe_touchdown
2267,99,-27.1313027330216,0,105,-0.0121918937786162,0.528778174983106,0.518128324488688,unsafe_touchdown
2268,99,-25.8934285142194,0,89,-0.0121918937786162,0.528778174983106,0.518128324488688,unsafe_touchdown
2269,99,-25.1839348567859,0,98,-0.0121918937786162,0.528778174983106,0.518128324488688,unsafe_touchdown
2270,99,-24.3997233127183,0,88,-0.0121918937786162,0.528778174983106,0.518128324488688,unsafe_touchdown
2271,99,-25.5035201959108,0,96,-0.0121918937786162,0.528778174983106,0.518128324488688,unsafe_touchdown
2272,99,-29.5675587329937,0,117,-0.0121918937786162,0.528778174983106,0.518128324488688,unsafe_touchdown
2273,99,-24.872833260512,0,94,-0.0121918937786162,0.528778174983106,0.518128324488688,unsafe_touchdown
2274,99,-29.4426514388539,0,90,-0.0121918937786162,0.528778174983106,0.518128324488688,unsafe_touchdown
2275,99,-24.3077125428778,0,87,-0.0121918937786162,0.528778174983106,0.518128324488688,unsafe_touchdown
2276,99,-24.1002853253976,0,87,-0.0121918937786162,0.528778174983106,0.518128324488688,unsafe_touchdown
2277,99,-23.4277141379737,0,77,-0.0121918937786162,0.528778174983106,0.518128324488688,unsafe_touchdown
2278,99,-25.2186543089119,0,79,-0.0121918937786162,0.528778174983106,0.518128324488688,unsafe_touchdown
2279,99,-25.3105199438043,0,88,-0.0121918937786162,0.528778174983106,0.518128324488688,unsafe_touchdown
2280,99,-28.6202099518415,0,91,-0.0121918937786162,0.528778174983106,0.518128324488688,unsafe_touchdown
2281,100,-26.5273972815527,0,97,-0.0111639123299854,0.65121459492564,0.51719527299813,unsafe_touchdown
2282,100,-24.5324335435301,0,83,-0.0111639123299854,0.65121459492564,0.51719527299813,unsafe_touchdown
2283,100,-33.3324274944342,0,102,-0.0111639123299854,0.65121459492564,0.51719527299813,unsafe_touchdown
2284,100,-27.9115797312315,0,92,-0.0111639123299854,0.65121459492564,0.51719527299813,unsafe_touchdown
2285,100,-31.2916116584978,0,91,-0.0111639123299854,0.65121459492564,0.51719527299813,unsafe_touchdown
2286,100,-23.8409362050574,0,80,-0.0111639123299854,0.65121459492564,0.51719527299813,unsafe_touchdown
2287,100,-24.5808378570722,0,88,-0.0111639123299854,0.65121459492564,0.51719527299813,unsafe_touchdown
2288,100,-24.1834297419626,0,89,-0.0111639123299854,0.65121459492564,0.51719527299813,unsafe_touchdown
2289,100,-27.9709685910143,0,98,-0.0111639123299854,0.65121459492564,0.51719527299813,unsafe_touchdown
2290,100,-23.336656106836,0,86,-0.0111639123299854,0.65121459492564,0.51719527299813,unsafe_touchdown
2291,100,-23.7083489429999,0,90,-0.0111639123299854,0.65121459492564,0.51719527299813,unsafe_touchdown
2292,100,-31.2142277622505,0,104,-0.0111639123299854,0.65121459492564,0.51719527299813,unsafe_touchdown
2293,100,-28.9473280413276,0,87,-0.0111639123299854,0.65121459492564,0.51719527299813,unsafe_touchdown
2294,100,-24.4490217281567,0,91,-0.0111639123299854,0.65121459492564,0.51719527299813,unsafe_touchdown
2295,100,-27.8702191741255,0,94,-0.0111639123299854,0.65121459492564,0.51719527299813,unsafe_touchdown
2296,100,-24.6540023047162,0,87,-0.0111639123299854,0.65121459492564,0.51719527299813,unsafe_touchdown
2297,100,-31.912029141491,0,90,-0.0111639123299854,0.65121459492564,0.51719527299813,unsafe_touchdown
2298,100,-24.0092779049091,0,93,-0.0111639123299854,0.65121459492564,0.51719527299813,unsafe_touchdown
2299,100,-29.8651529744589,0,108,-0.0111639123299854,0.65121459492564,0.51719527299813,unsafe_touchdown
2300,100,-24.3677836728748,0,97,-0.0111639123299854,0.65121459492564,0.51719527299813,unsafe_touchdown
2301,100,-25.2332287150077,0,73,-0.0111639123299854,0.65121459492564,0.51719527299813,unsafe_touchdown
2302,100,-24.7761237052782,0,92,-0.0111639123299854,0.65121459492564,0.51719527299813,unsafe_touchdown
2303,100,-26.6590123585338,0,86,-0.0111639123299854,0.65121459492564,0.51719527299813,unsafe_touchdown
2304,101,-27.692144869099,0,115,-0.0128063530722992,0.653186741036355,0.518814754088802,unsafe_touchdown
2305,101,-26.0162354728543,0,86,-0.0128063530722992,0.653186741036355,0.518814754088802,unsafe_touchdown
2306,101,-29.7833972831963,0,109,-0.0128063530722992,0.653186741036355,0.518814754088802,unsafe_touchdown
2307,101,-23.6208785353067,0,83,-0.0128063530722992,0.653186741036355,0.518814754088802,unsafe_touchdown
2308,101,-25.0312387279578,0,95,-0.0128063530722992,0.653186741036355,0.518814754088802,unsafe_touchdown
2309,101,-26.3066500860694,0,99,-0.0128063530722992,0.653186741036355,0.518814754088802,unsafe_touchdown
2310,101,-24.8862983958734,0,76,-0.0128063530722992,0.653186741036355,0.518814754088802,unsafe_touchdown
2311,101,-25.161053548444,0,105,-0.0128063530722992,0.653186741036355,0.518814754088802,unsafe_touchdown
2312,101,-31.1432544540747,0,100,-0.0128063530722992,0.653186741036355,0.518814754088802,unsafe_touchdown
2313,101,-28.4241852678852,0,96,-0.0128063530722992,0.653186741036355,0.518814754088802,unsafe_touchdown
2314,101,-25.391567044991,0,100,-0.0128063530722992,0.653186741036355,0.518814754088802,unsafe_touchdown
2315,101,-23.6048169407648,0,85,-0.0128063530722992,0.653186741036355,0.518814754088802,unsafe_touchdown
2316,101,-25.9639142207997,0,85,-0.0128063530722992,0.653186741036355,0.518814754088802,unsafe_touchdown
2317,101,-24.3563948567691,0,76,-0.0128063530722992,0.653186741036355,0.518814754088802,unsafe_touchdown
2318,101,-32.381342155293,0,112,-0.0128063530722992,0.653186741036355,0.518814754088802,unsafe_touchdown
2319,101,-27.8393814310885,0,87,-0.0128063530722992,0.653186741036355,0.518814754088802,unsafe_touchdown
2320,101,-27.8583829706833,0,83,-0.0128063530722992,0.653186741036355,0.518814754088802,unsafe_touchdown
2321,101,-30.5070165660396,0,97,-0.0128063530722992,0.653186741036355,0.518814754088802,unsafe_touchdown
2322,101,-29.534808799741,0,100,-0.0128063530722992,0.653186741036355,0.518814754088802,unsafe_touchdown
2323,101,-33.5801917122904,0,125,-0.0128063530722992,0.653186741036355,0.518814754088802,unsafe_touchdown
2324,101,-25.2114279618412,0,101,-0.0128063530722992,0.653186741036355,0.518814754088802,unsafe_touchdown
2325,101,-24.426978385898,0,94,-0.0128063530722992,0.653186741036355,0.518814754088802,unsafe_touchdown
2326,102,-27.4797014773353,0,78,-0.0131307825564188,0.664235050755259,0.518886976062312,unsafe_touchdown
2327,102,-24.7846681075897,0,91,-0.0131307825564188,0.664235050755259,0.518886976062312,unsafe_touchdown
2328,102,-30.7299978376944,0,100,-0.0131307825564188,0.664235050755259,0.518886976062312,unsafe_touchdown
2329,102,-25.3332561228121,0,89,-0.0131307825564188,0.664235050755259,0.518886976062312,unsafe_touchdown
2330,102,-22.9983612946992,0,79,-0.0131307825564188,0.664235050755259,0.518886976062312,unsafe_touchdown
2331,102,-24.5681882297175,0,83,-0.0131307825564188,0.664235050755259,0.518886976062312,unsafe_touchdown
2332,102,-28.3263750659311,0,95,-0.0131307825564188,0.664235050755259,0.518886976062312,unsafe_touchdown
2333,102,-24.3872587024783,0,95,-0.0131307825564188,0.664235050755259,0.518886976062312,unsafe_touchdown
2334,102,-24.6457861180768,0,72,-0.0131307825564188,0.664235050755259,0.518886976062312,unsafe_touchdown
2335,102,-25.4149228352674,0,104,-0.0131307825564188,0.664235050755259,0.518886976062312,unsafe_touchdown
2336,102,-26.5107171778977,0,87,-0.0131307825564188,0.664235050755259,0.518886976062312,unsafe_touchdown
2337,102,-22.8115565135016,0,84,-0.0131307825564188,0.664235050755259,0.518886976062312,unsafe_touchdown
2338,102,-26.8381889839421,0,97,-0.0131307825564188,0.664235050755259,0.518886976062312,unsafe_touchdown
2339,102,-26.1229098288108,0,86,-0.0131307825564188,0.664235050755259,0.518886976062312,unsafe_touchdown
2340,102,-28.6082643171795,0,114,-0.0131307825564188,0.664235050755259,0.518886976062312,unsafe_touchdown
2341,102,-26.372097021904,0,95,-0.0131307825564188,0.664235050755259,0.518886976062312,unsafe_touchdown
2342,102,-24.1509257176195,0,97,-0.0131307825564188,0.664235050755259,0.518886976062312,unsafe_touchdown
2343,102,-26.1310553403289,0,91,-0.0131307825564188,0.664235050755259,0.518886976062312,unsafe_touchdown
2344,102,-26.7152235252895,0,78,-0.0131307825564188,0.664235050755259,0.518886976062312,unsafe_touchdown
2345,102,-31.6416032555659,0,111,-0.0131307825564188,0.664235050755259,0.518886976062312,unsafe_touchdown
2346,102,-25.9126263773175,0,81,-0.0131307825564188,0.664235050755259,0.518886976062312,unsafe_touchdown
2347,102,-25.0445138359218,0,84,-0.0131307825564188,0.664235050755259,0.518886976062312,unsafe_touchdown
2348,102,-22.9187486134399,0,78,-0.0131307825564188,0.664235050755259,0.518886976062312,unsafe_touchdown
2349,103,-25.1494214242598,0,105,-0.0136274636372667,0.639224177730553,0.518245839851951,unsafe_touchdown
2350,103,-26.019123489269,0,83,-0.0136274636372667,0.639224177730553,0.518245839851951,unsafe_touchdown
2351,103,-31.2105063013134,0,95,-0.0136274636372667,0.639224177730553,0.518245839851951,unsafe_touchdown
2352,103,-26.6769177190875,0,77,-0.0136274636372667,0.639224177730553,0.518245839851951,unsafe_touchdown
2353,103,-26.0383066518202,0,99,-0.0136274636372667,0.639224177730553,0.518245839851951,unsafe_touchdown
2354,103,-34.4508185495888,0,108,-0.0136274636372667,0.639224177730553,0.518245839851951,unsafe_touchdown
2355,103,-29.5495268265839,0,98,-0.0136274636372667,0.639224177730553,0.518245839851951,unsafe_touchdown
2356,103,-25.3885550361487,0,90,-0.0136274636372667,0.639224177730553,0.518245839851951,unsafe_touchdown
2357,103,-23.3637073411776,0,82,-0.0136274636372667,0.639224177730553,0.518245839851951,unsafe_touchdown
2358,103,-26.8309142258898,0,90,-0.0136274636372667,0.639224177730553,0.518245839851951,unsafe_touchdown
2359,103,-25.3878345035039,0,88,-0.0136274636372667,0.639224177730553,0.518245839851951,unsafe_touchdown
2360,103,-27.1737830272965,0,93,-0.0136274636372667,0.639224177730553,0.518245839851951,unsafe_touchdown
2361,103,-26.0522160473445,0,112,-0.0136274636372667,0.639224177730553,0.518245839851951,unsafe_touchdown
2362,103,-24.4249618594679,0,95,-0.0136274636372667,0.639224177730553,0.518245839851951,unsafe_touchdown
2363,103,-27.6086699765212,0,82,-0.0136274636372667,0.639224177730553,0.518245839851951,unsafe_touchdown
2364,103,-25.5346176501243,0,82,-0.0136274636372667,0.639224177730553,0.518245839851951,unsafe_touchdown
2365,103,-28.2404088743491,0,85,-0.0136274636372667,0.639224177730553,0.518245839851951,unsafe_touchdown
2366,103,-27.4006070298028,0,91,-0.0136274636372667,0.639224177730553,0.518245839851951,unsafe_touchdown
2367,103,-25.642409953616,0,85,-0.0136274636372667,0.639224177730553,0.518245839851951,unsafe_touchdown
2368,103,-30.2454299413978,0,98,-0.0136274636372667,0.639224177730553,0.518245839851951,unsafe_touchdown
2369,103,-26.9333805917231,0,91,-0.0136274636372667,0.639224177730553,0.518245839851951,unsafe_touchdown
2370,103,-25.7513153858167,0,94,-0.0136274636372667,0.639224177730553,0.518245839851951,unsafe_touchdown
2371,103,-23.6675190064645,0,88,-0.0136274636372667,0.639224177730553,0.518245839851951,unsafe_touchdown
2372,104,-25.867515467623,0,89,-0.00868525694448564,0.133896270545695,0.520333007872301,unsafe_touchdown
2373,104,-28.2268554408593,0,112,-0.00868525694448564,0.133896270545695,0.520333007872301,unsafe_touchdown
2374,104,-29.0304398181886,0,111,-0.00868525694448564,0.133896270545695,0.520333007872301,unsafe_touchdown
2375,104,-25.885604165322,0,80,-0.00868525694448564,0.133896270545695,0.520333007872301,unsafe_touchdown
2376,104,-29.6289701288341,0,94,-0.00868525694448564,0.133896270545695,0.520333007872301,unsafe_touchdown
2377,104,-24.9091251808258,0,76,-0.00868525694448564,0.133896270545695,0.520333007872301,unsafe_touchdown
2378,104,-35.1957212216889,0,140,-0.00868525694448564,0.133896270545695,0.520333007872301,unsafe_touchdown
2379,104,-28.2258133194407,0,98,-0.00868525694448564,0.133896270545695,0.520333007872301,unsafe_touchdown
2380,104,-25.5512951596188,0,87,-0.00868525694448564,0.133896270545695,0.520333007872301,unsafe_touchdown
2381,104,-26.547236485794,0,105,-0.00868525694448564,0.133896270545695,0.520333007872301,unsafe_touchdown
2382,104,-24.8877690447637,0,98,-0.00868525694448564,0.133896270545695,0.520333007872301,unsafe_touchdown
2383,104,-25.3926540289074,0,84,-0.00868525694448564,0.133896270545695,0.520333007872301,unsafe_touchdown
2384,104,-24.2399108508242,0,84,-0.00868525694448564,0.133896270545695,0.520333007872301,unsafe_touchdown
2385,104,-28.9649307161914,0,103,-0.00868525694448564,0.133896270545695,0.520333007872301,unsafe_touchdown
2386,104,-23.5269834448727,0,95,-0.00868525694448564,0.133896270545695,0.520333007872301,unsafe_touchdown
2387,104,-30.4091860189494,0,101,-0.00868525694448564,0.133896270545695,0.520333007872301,unsafe_touchdown
2388,104,-30.015430857784,0,99,-0.00868525694448564,0.133896270545695,0.520333007872301,unsafe_touchdown
2389,104,-26.8202983657511,0,106,-0.00868525694448564,0.133896270545695,0.520333007872301,unsafe_touchdown
2390,104,-27.0315728416891,0,99,-0.00868525694448564,0.133896270545695,0.520333007872301,unsafe_touchdown
2391,104,-29.6859616837838,0,103,-0.00868525694448564,0.133896270545695,0.520333007872301,unsafe_touchdown
2392,104,-24.0067409913849,0,90,-0.00868525694448564,0.133896270545695,0.520333007872301,unsafe_touchdown
2393,105,-25.3048025191155,0,88,-0.0150776376593271,0.0626454086216273,0.521098793283013,unsafe_touchdown
2394,105,-26.4337846025122,0,79,-0.0150776376593271,0.0626454086216273,0.521098793283013,unsafe_touchdown
2395,105,-25.3466758995791,0,93,-0.0150776376593271,0.0626454086216273,0.521098793283013,unsafe_touchdown
2396,105,-24.7812431419867,0,93,-0.0150776376593271,0.0626454086216273,0.521098793283013,unsafe_touchdown
2397,105,-31.3915685566722,0,116,-0.0150776376593271,0.0626454086216273,0.521098793283013,unsafe_touchdown
2398,105,-27.6309421008127,0,85,-0.0150776376593271,0.0626454086216273,0.521098793283013,unsafe_touchdown
2399,105,-27.4373264426873,0,114,-0.0150776376593271,0.0626454086216273,0.521098793283013,unsafe_touchdown
2400,105,-30.1991140246262,0,126,-0.0150776376593271,0.0626454086216273,0.521098793283013,unsafe_touchdown
2401,105,-25.651933108012,0,84,-0.0150776376593271,0.0626454086216273,0.521098793283013,unsafe_touchdown
2402,105,-24.3984130648091,0,94,-0.0150776376593271,0.0626454086216273,0.521098793283013,unsafe_touchdown
2403,105,-25.4490459523817,0,100,-0.0150776376593271,0.0626454086216273,0.521098793283013,unsafe_touchdown
2404,105,-26.7110296677847,0,108,-0.0150776376593271,0.0626454086216273,0.521098793283013,unsafe_touchdown
2405,105,-24.2454055183856,0,89,-0.0150776376593271,0.0626454086216273,0.521098793283013,unsafe_touchdown
2406,105,-26.7336340241108,0,100,-0.0150776376593271,0.0626454086216273,0.521098793283013,unsafe_touchdown
2407,105,-27.5462564387068,0,87,-0.0150776376593271,0.0626454086216273,0.521098793283013,unsafe_touchdown
2408,105,-28.591066056444,0,104,-0.0150776376593271,0.0626454086216273,0.521098793283013,unsafe_touchdown
2409,105,-29.0388237849505,0,106,-0.0150776376593271,0.0626454086216273,0.521098793283013,unsafe_touchdown
2410,105,-26.1326951438286,0,83,-0.0150776376593271,0.0626454086216273,0.521098793283013,unsafe_touchdown
2411,105,-32.3660973299796,0,104,-0.0150776376593271,0.0626454086216273,0.521098793283013,unsafe_touchdown
2412,105,-28.1698831775359,0,119,-0.0150776376593271,0.0626454086216273,0.521098793283013,unsafe_touchdown
2413,105,-29.2183343758346,0,99,-0.0150776376593271,0.0626454086216273,0.521098793283013,unsafe_touchdown
2414,106,-30.1393578974421,0,91,-0.0133091648974295,0.091288592038828,0.521987872658456,unsafe_touchdown
2415,106,-33.9062289804993,0,101,-0.0133091648974295,0.091288592038828,0.521987872658456,unsafe_touchdown
2416,106,-25.0129940578284,0,96,-0.0133091648974295,0.091288592038828,0.521987872658456,unsafe_touchdown
2417,106,-26.9657969481298,0,89,-0.0133091648974295,0.091288592038828,0.521987872658456,unsafe_touchdown
2418,106,-28.9671545683837,0,94,-0.0133091648974295,0.091288592038828,0.521987872658456,unsafe_touchdown
2419,106,-24.2927261495241,0,92,-0.0133091648974295,0.091288592038828,0.521987872658456,unsafe_touchdown
2420,106,-23.15074262181,0,86,-0.0133091648974295,0.091288592038828,0.521987872658456,unsafe_touchdown
2421,106,-37.4407526292605,0,141,-0.0133091648974295,0.091288592038828,0.521987872658456,unsafe_touchdown
2422,106,-24.7991765422519,0,85,-0.0133091648974295,0.091288592038828,0.521987872658456,unsafe_touchdown
2423,106,-25.2564301786332,0,113,-0.0133091648974295,0.091288592038828,0.521987872658456,unsafe_touchdown
2424,106,-30.9523765566596,0,92,-0.0133091648974295,0.091288592038828,0.521987872658456,unsafe_touchdown
2425,106,-24.3121870528081,0,98,-0.0133091648974295,0.091288592038828,0.521987872658456,unsafe_touchdown
2426,106,-24.5439852728432,0,92,-0.0133091648974295,0.091288592038828,0.521987872658456,unsafe_touchdown
2427,106,-26.0895172543042,0,90,-0.0133091648974295,0.091288592038828,0.521987872658456,unsafe_touchdown
2428,106,-23.8181004828627,0,85,-0.0133091648974295,0.091288592038828,0.521987872658456,unsafe_touchdown
2429,106,-23.5670258955691,0,91,-0.0133091648974295,0.091288592038828,0.521987872658456,unsafe_touchdown
2430,106,-26.881196881194,0,106,-0.0133091648974295,0.091288592038828,0.521987872658456,unsafe_touchdown
2431,106,-27.3345514861174,0,115,-0.0133091648974295,0.091288592038828,0.521987872658456,unsafe_touchdown
2432,106,-24.0714338019873,0,99,-0.0133091648974295,0.091288592038828,0.521987872658456,unsafe_touchdown
2433,106,-25.14251756033,0,80,-0.0133091648974295,0.091288592038828,0.521987872658456,unsafe_touchdown
2434,106,-25.0048128677372,0,97,-0.0133091648974295,0.091288592038828,0.521987872658456,unsafe_touchdown
2435,106,-27.7045428019026,0,102,-0.0133091648974295,0.091288592038828,0.521987872658456,unsafe_touchdown
2436,107,-25.6772889227485,0,96,-0.0175140899943629,0.0286235424973593,0.523981134273381,unsafe_touchdown
2437,107,-23.0121051504799,0,79,-0.0175140899943629,0.0286235424973593,0.523981134273381,unsafe_touchdown
2438,107,-27.2251598378899,0,103,-0.0175140899943629,0.0286235424973593,0.523981134273381,unsafe_touchdown
2439,107,-30.3013356519143,0,116,-0.0175140899943629,0.0286235424973593,0.523981134273381,unsafe_touchdown
2440,107,-25.6201374384795,0,93,-0.0175140899943629,0.0286235424973593,0.523981134273381,unsafe_touchdown
2441,107,-26.8976711351884,0,89,-0.0175140899943629,0.0286235424973593,0.523981134273381,unsafe_touchdown
2442,107,-23.2302437990085,0,73,-0.0175140899943629,0.0286235424973593,0.523981134273381,unsafe_touchdown
2443,107,-26.3757732788722,0,85,-0.0175140899943629,0.0286235424973593,0.523981134273381,unsafe_touchdown
2444,107,-26.2892631636917,0,90,-0.0175140899943629,0.0286235424973593,0.523981134273381,unsafe_touchdown
2445,107,-23.8645798690623,0,88,-0.0175140899943629,0.0286235424973593,0.523981134273381,unsafe_touchdown
2446,107,-28.0209772543262,0,97,-0.0175140899943629,0.0286235424973593,0.523981134273381,unsafe_touchdown
2447,107,-24.9507765027825,0,86,-0.0175140899943629,0.0286235424973593,0.523981134273381,unsafe_touchdown
2448,107,-25.747705884346,0,96,-0.0175140899943629,0.0286235424973593,0.523981134273381,unsafe_touchdown
2449,107,-24.6718959578808,0,76,-0.0175140899943629,0.0286235424973593,0.523981134273381,unsafe_touchdown
2450,107,-24.2083847949598,0,86,-0.0175140899943629,0.0286235424973593,0.523981134273381,unsafe_touchdown
2451,107,-25.4182271293437,0,79,-0.0175140899943629,0.0286235424973593,0.523981134273381,unsafe_touchdown
2452,107,-25.482100541257,0,92,-0.0175140899943629,0.0286235424973593,0.523981134273381,unsafe_touchdown
2453,107,-25.3814455381863,0,98,-0.0175140899943629,0.0286235424973593,0.523981134273381,unsafe_touchdown
2454,107,-26.5342466801301,0,81,-0.0175140899943629,0.0286235424973593,0.523981134273381,unsafe_touchdown
2455,107,-24.9782899060019,0,98,-0.0175140899943629,0.0286235424973593,0.523981134273381,unsafe_touchdown
2456,107,-25.2767925814171,0,92,-0.0175140899943629,0.0286235424973593,0.523981134273381,unsafe_touchdown
2457,107,-23.8022537265773,0,86,-0.0175140899943629,0.0286235424973593,0.523981134273381,unsafe_touchdown
2458,107,-29.8397041868929,0,100,-0.0175140899943629,0.0286235424973593,0.523981134273381,unsafe_touchdown
2459,108,-23.8371079757828,0,85,-0.0126469682639855,0.049129257933611,0.522826997026609,unsafe_touchdown
2460,108,-26.0612855322348,0,91,-0.0126469682639855,0.049129257933611,0.522826997026609,unsafe_touchdown
2461,108,-25.5745323400512,0,77,-0.0126469682639855,0.049129257933611,0.522826997026609,unsafe_touchdown
2462,108,-24.3585381456785,0,89,-0.0126469682639855,0.049129257933611,0.522826997026609,unsafe_touchdown
2463,108,-25.7532300135886,0,87,-0.0126469682639855,0.049129257933611,0.522826997026609,unsafe_touchdown
2464,108,-25.8021847989559,0,95,-0.0126469682639855,0.049129257933611,0.522826997026609,unsafe_touchdown
2465,108,-32.5145031694281,0,98,-0.0126469682639855,0.049129257933611,0.522826997026609,unsafe_touchdown
2466,108,-34.1870534275551,0,123,-0.0126469682639855,0.049129257933611,0.522826997026609,unsafe_touchdown
2467,108,-26.9163552536885,0,77,-0.0126469682639855,0.049129257933611,0.522826997026609,unsafe_touchdown
2468,108,-31.2477703646106,0,107,-0.0126469682639855,0.049129257933611,0.522826997026609,unsafe_touchdown
2469,108,-29.3615822875727,0,116,-0.0126469682639855,0.049129257933611,0.522826997026609,unsafe_touchdown
2470,108,-26.4375591897657,0,98,-0.0126469682639855,0.049129257933611,0.522826997026609,unsafe_touchdown
2471,108,-27.4805251096617,0,100,-0.0126469682639855,0.049129257933611,0.522826997026609,unsafe_touchdown
2472,108,-25.8039115288254,0,81,-0.0126469682639855,0.049129257933611,0.522826997026609,unsafe_touchdown
2473,108,-25.2196764244286,0,87,-0.0126469682639855,0.049129257933611,0.522826997026609,unsafe_touchdown
2474,108,-28.3199002101398,0,96,-0.0126469682639855,0.049129257933611,0.522826997026609,unsafe_touchdown
2475,108,-24.6449063639552,0,87,-0.0126469682639855,0.049129257933611,0.522826997026609,unsafe_touchdown
2476,108,-24.6294331939223,0,93,-0.0126469682639855,0.049129257933611,0.522826997026609,unsafe_touchdown
2477,108,-27.5651785134579,0,94,-0.0126469682639855,0.049129257933611,0.522826997026609,unsafe_touchdown
2478,108,-26.368699887126,0,82,-0.0126469682639855,0.049129257933611,0.522826997026609,unsafe_touchdown
2479,108,-24.857723832743,0,98,-0.0126469682639855,0.049129257933611,0.522826997026609,unsafe_touchdown
2480,108,-26.2911053003216,0,86,-0.0126469682639855,0.049129257933611,0.522826997026609,unsafe_touchdown
2481,108,-26.879895829147,0,76,-0.0126469682639855,0.049129257933611,0.522826997026609,unsafe_touchdown
2482,109,-22.1119030727302,0,72,-0.0119944429795161,0.0375711733226963,0.523654339832095,unsafe_touchdown
2483,109,-31.4544858124783,0,107,-0.0119944429795161,0.0375711733226963,0.523654339832095,unsafe_touchdown
2484,109,-23.9996808872198,0,79,-0.0119944429795161,0.0375711733226963,0.523654339832095,unsafe_touchdown
2485,109,-25.531041228702,0,93,-0.0119944429795161,0.0375711733226963,0.523654339832095,unsafe_touchdown
2486,109,-24.3447225591462,0,78,-0.0119944429795161,0.0375711733226963,0.523654339832095,unsafe_touchdown
2487,109,-28.914046760569,0,99,-0.0119944429795161,0.0375711733226963,0.523654339832095,unsafe_touchdown
2488,109,-28.4603538812839,0,115,-0.0119944429795161,0.0375711733226963,0.523654339832095,unsafe_touchdown
2489,109,-25.3578672848508,0,103,-0.0119944429795161,0.0375711733226963,0.523654339832095,unsafe_touchdown
2490,109,-26.7350127460795,0,103,-0.0119944429795161,0.0375711733226963,0.523654339832095,unsafe_touchdown
2491,109,-27.0168800465465,0,90,-0.0119944429795161,0.0375711733226963,0.523654339832095,unsafe_touchdown
2492,109,-23.3150171519202,0,93,-0.0119944429795161,0.0375711733226963,0.523654339832095,unsafe_touchdown
2493,109,-28.9815632526728,0,111,-0.0119944429795161,0.0375711733226963,0.523654339832095,unsafe_touchdown
2494,109,-31.1747520775053,0,110,-0.0119944429795161,0.0375711733226963,0.523654339832095,unsafe_touchdown
2495,109,-25.3420860437888,0,87,-0.0119944429795161,0.0375711733226963,0.523654339832095,unsafe_touchdown
2496,109,-25.6306313257714,0,84,-0.0119944429795161,0.0375711733226963,0.523654339832095,unsafe_touchdown
2497,109,-25.9099303517272,0,80,-0.0119944429795161,0.0375711733226963,0.523654339832095,unsafe_touchdown
2498,109,-26.2170381973644,0,80,-0.0119944429795161,0.0375711733226963,0.523654339832095,unsafe_touchdown
2499,109,-25.9287265349334,0,92,-0.0119944429795161,0.0375711733226963,0.523654339832095,unsafe_touchdown
2500,109,-27.2765790237444,0,105,-0.0119944429795161,0.0375711733226963,0.523654339832095,unsafe_touchdown
2501,109,-25.7254431718228,0,93,-0.0119944429795161,0.0375711733226963,0.523654339832095,unsafe_touchdown
2502,109,-23.8108234377149,0,97,-0.0119944429795161,0.0375711733226963,0.523654339832095,unsafe_touchdown
2503,109,-23.2562366600778,0,75,-0.0119944429795161,0.0375711733226963,0.523654339832095,unsafe_touchdown
2504,109,-23.9455968258224,0,76,-0.0119944429795161,0.0375711733226963,0.523654339832095,unsafe_touchdown
2505,110,-29.1881985431841,0,85,-0.0139518736202612,0.0389855528821056,0.525184595878478,unsafe_touchdown
2506,110,-25.7586154220947,0,83,-0.0139518736202612,0.0389855528821056,0.525184595878478,unsafe_touchdown
2507,110,-31.1547377817716,0,107,-0.0139518736202612,0.0389855528821056,0.525184595878478,unsafe_touchdown
2508,110,-26.6373868429311,0,81,-0.0139518736202612,0.0389855528821056,0.525184595878478,unsafe_touchdown
2509,110,-27.4948869943327,0,89,-0.0139518736202612,0.0389855528821056,0.525184595878478,unsafe_touchdown
2510,110,-26.711836288255,0,76,-0.0139518736202612,0.0389855528821056,0.525184595878478,unsafe_touchdown
2511,110,-24.7917823100135,0,81,-0.0139518736202612,0.0389855528821056,0.525184595878478,unsafe_touchdown
2512,110,-26.4349820477777,0,101,-0.0139518736202612,0.0389855528821056,0.525184595878478,unsafe_touchdown
2513,110,-30.0505419796099,0,88,-0.0139518736202612,0.0389855528821056,0.525184595878478,unsafe_touchdown
2514,110,-25.4321658895404,0,95,-0.0139518736202612,0.0389855528821056,0.525184595878478,unsafe_touchdown
2515,110,-30.123181960436,0,102,-0.0139518736202612,0.0389855528821056,0.525184595878478,unsafe_touchdown
2516,110,-24.969804135827,0,81,-0.0139518736202612,0.0389855528821056,0.525184595878478,unsafe_touchdown
2517,110,-24.2322936336711,0,86,-0.0139518736202612,0.0389855528821056,0.525184595878478,unsafe_touchdown
2518,110,-26.5675654091088,0,91,-0.0139518736202612,0.0389855528821056,0.525184595878478,unsafe_touchdown
2519,110,-26.0299724452537,0,81,-0.0139518736202612,0.0389855528821056,0.525184595878478,unsafe_touchdown
2520,110,-26.7267009928588,0,79,-0.0139518736202612,0.0389855528821056,0.525184595878478,unsafe_touchdown
2521,110,-26.809680842607,0,89,-0.0139518736202612,0.0389855528821056,0.525184595878478,unsafe_touchdown
2522,110,-29.3943802375902,0,88,-0.0139518736202612,0.0389855528821056,0.525184595878478,unsafe_touchdown
2523,110,-25.5352575834459,0,92,-0.0139518736202612,0.0389855528821056,0.525184595878478,unsafe_touchdown
2524,110,-25.3629429017164,0,74,-0.0139518736202612,0.0389855528821056,0.525184595878478,unsafe_touchdown
2525,110,-26.2772632304124,0,75,-0.0139518736202612,0.0389855528821056,0.525184595878478,unsafe_touchdown
2526,110,-22.5669845506452,0,79,-0.0139518736202612,0.0389855528821056,0.525184595878478,unsafe_touchdown
2527,110,-24.92783969731,0,85,-0.0139518736202612,0.0389855528821056,0.525184595878478,unsafe_touchdown
2528,110,-27.217666156797,0,87,-0.0139518736202612,0.0389855528821056,0.525184595878478,unsafe_touchdown
2529,111,-26.9939116957028,0,94,-0.0108436871861331,0.0395266330335952,0.524911829227933,unsafe_touchdown
2530,111,-24.4341320546237,0,94,-0.0108436871861331,0.0395266330335952,0.524911829227933,unsafe_touchdown
2531,111,-29.4197430190037,0,109,-0.0108436871861331,0.0395266330335952,0.524911829227933,unsafe_touchdown
2532,111,-26.8924635917194,0,82,-0.0108436871861331,0.0395266330335952,0.524911829227933,unsafe_touchdown
2533,111,-24.374189521163,0,77,-0.0108436871861331,0.0395266330335952,0.524911829227933,unsafe_touchdown
2534,111,-24.4252824492171,0,89,-0.0108436871861331,0.0395266330335952,0.524911829227933,unsafe_touchdown
2535,111,-25.1110925554701,0,82,-0.0108436871861331,0.0395266330335952,0.524911829227933,unsafe_touchdown
2536,111,-24.2218367115795,0,77,-0.0108436871861331,0.0395266330335952,0.524911829227933,unsafe_touchdown
2537,111,-25.222805796275,0,81,-0.0108436871861331,0.0395266330335952,0.524911829227933,unsafe_touchdown
2538,111,-25.5938670384201,0,86,-0.0108436871861331,0.0395266330335952,0.524911829227933,unsafe_touchdown
2539,111,-26.3748145521349,0,76,-0.0108436871861331,0.0395266330335952,0.524911829227933,unsafe_touchdown
2540,111,-23.262585320827,0,74,-0.0108436871861331,0.0395266330335952,0.524911829227933,unsafe_touchdown
2541,111,-25.2554051894418,0,96,-0.0108436871861331,0.0395266330335952,0.524911829227933,unsafe_touchdown
2542,111,-25.5363973655213,0,85,-0.0108436871861331,0.0395266330335952,0.524911829227933,unsafe_touchdown
2543,111,-23.7032828781779,0,78,-0.0108436871861331,0.0395266330335952,0.524911829227933,unsafe_touchdown
2544,111,-23.8535175503062,0,79,-0.0108436871861331,0.0395266330335952,0.524911829227933,unsafe_touchdown
2545,111,-27.1702256932888,0,99,-0.0108436871861331,0.0395266330335952,0.524911829227933,unsafe_touchdown
2546,111,-28.4610510904324,0,79,-0.0108436871861331,0.0395266330335952,0.524911829227933,unsafe_touchdown
2547,111,-24.2474572435886,0,87,-0.0108436871861331,0.0395266330335952,0.524911829227933,unsafe_touchdown
2548,111,-27.1148795838429,0,99,-0.0108436871861331,0.0395266330335952,0.524911829227933,unsafe_touchdown
2549,111,-27.5975553555299,0,81,-0.0108436871861331,0.0395266330335952,0.524911829227933,unsafe_touchdown
2550,111,-24.6586785219589,0,89,-0.0108436871861331,0.0395266330335952,0.524911829227933,unsafe_touchdown
2551,111,-23.720373675967,0,78,-0.0108436871861331,0.0395266330335952,0.524911829227933,unsafe_touchdown
2552,111,-24.4306501768309,0,95,-0.0108436871861331,0.0395266330335952,0.524911829227933,unsafe_touchdown
2553,112,-24.4278418922638,0,89,-0.0140902182543122,0.0464293540685442,0.523217390344644,unsafe_touchdown
2554,112,-26.0834775630321,0,74,-0.0140902182543122,0.0464293540685442,0.523217390344644,unsafe_touchdown
2555,112,-24.4178840783848,0,80,-0.0140902182543122,0.0464293540685442,0.523217390344644,unsafe_touchdown
2556,112,-23.2715038545633,0,87,-0.0140902182543122,0.0464293540685442,0.523217390344644,unsafe_touchdown
2557,112,-24.8297117005088,0,85,-0.0140902182543122,0.0464293540685442,0.523217390344644,unsafe_touchdown
2558,112,-26.1091663279515,0,83,-0.0140902182543122,0.0464293540685442,0.523217390344644,unsafe_touchdown
2559,112,-25.4572278700628,0,89,-0.0140902182543122,0.0464293540685442,0.523217390344644,unsafe_touchdown
2560,112,-25.8891552937653,0,89,-0.0140902182543122,0.0464293540685442,0.523217390344644,unsafe_touchdown
2561,112,-24.5726503923136,0,79,-0.0140902182543122,0.0464293540685442,0.523217390344644,unsafe_touchdown
2562,112,-25.6844096685695,0,89,-0.0140902182543122,0.0464293540685442,0.523217390344644,unsafe_touchdown
2563,112,-29.6321766113962,0,103,-0.0140902182543122,0.0464293540685442,0.523217390344644,unsafe_touchdown
2564,112,-25.6600311134637,0,85,-0.0140902182543122,0.0464293540685442,0.523217390344644,unsafe_touchdown
2565,112,-22.9999807250546,0,77,-0.0140902182543122,0.0464293540685442,0.523217390344644,unsafe_touchdown
2566,112,-26.9976617213319,0,97,-0.0140902182543122,0.0464293540685442,0.523217390344644,unsafe_touchdown
2567,112,-23.6657051924215,0,83,-0.0140902182543122,0.0464293540685442,0.523217390344644,unsafe_touchdown
2568,112,-26.0147031074936,0,86,-0.0140902182543122,0.0464293540685442,0.523217390344644,unsafe_touchdown
2569,112,-23.9582845056057,0,77,-0.0140902182543122,0.0464293540685442,0.523217390344644,unsafe_touchdown
2570,112,-25.921463815197,0,87,-0.0140902182543122,0.0464293540685442,0.523217390344644,unsafe_touchdown
2571,112,-24.1998521798315,0,94,-0.0140902182543122,0.0464293540685442,0.523217390344644,unsafe_touchdown
2572,112,-23.0162089037385,0,79,-0.0140902182543122,0.0464293540685442,0.523217390344644,unsafe_touchdown
2573,112,-27.2063834241447,0,95,-0.0140902182543122,0.0464293540685442,0.523217390344644,unsafe_touchdown
2574,112,-26.7651927397742,0,85,-0.0140902182543122,0.0464293540685442,0.523217390344644,unsafe_touchdown
2575,112,-30.546986701143,0,110,-0.0140902182543122,0.0464293540685442,0.523217390344644,unsafe_touchdown
2576,112,-26.1443892016657,0,86,-0.0140902182543122,0.0464293540685442,0.523217390344644,unsafe_touchdown
2577,113,-27.3834640403641,0,103,-0.0125756409939863,0.0567762458574613,0.522346126779492,unsafe_touchdown
2578,113,-23.7964153122262,0,85,-0.0125756409939863,0.0567762458574613,0.522346126779492,unsafe_touchdown
2579,113,-25.190229824109,0,81,-0.0125756409939863,0.0567762458574613,0.522346126779492,unsafe_touchdown
2580,113,-29.3192177439335,0,93,-0.0125756409939863,0.0567762458574613,0.522346126779492,unsafe_touchdown
2581,113,-23.9163316529318,0,75,-0.0125756409939863,0.0567762458574613,0.522346126779492,unsafe_touchdown
2582,113,-24.9831593362552,0,85,-0.0125756409939863,0.0567762458574613,0.522346126779492,unsafe_touchdown
2583,113,-25.3726350327464,0,86,-0.0125756409939863,0.0567762458574613,0.522346126779492,unsafe_touchdown
2584,113,-23.0328173358714,0,74,-0.0125756409939863,0.0567762458574613,0.522346126779492,unsafe_touchdown
2585,113,-30.96129719382,0,101,-0.0125756409939863,0.0567762458574613,0.522346126779492,unsafe_touchdown
2586,113,-26.1963821859365,0,90,-0.0125756409939863,0.0567762458574613,0.522346126779492,unsafe_touchdown
2587,113,-30.6154771837166,0,101,-0.0125756409939863,0.0567762458574613,0.522346126779492,unsafe_touchdown
2588,113,-24.2271248403157,0,76,-0.0125756409939863,0.0567762458574613,0.522346126779492,unsafe_touchdown
2589,113,-29.5478182907074,0,92,-0.0125756409939863,0.0567762458574613,0.522346126779492,unsafe_touchdown
2590,113,-28.5795711343915,0,75,-0.0125756409939863,0.0567762458574613,0.522346126779492,unsafe_touchdown
2591,113,-23.6085471449968,0,73,-0.0125756409939863,0.0567762458574613,0.522346126779492,unsafe_touchdown
2592,113,-34.0650532373436,0,104,-0.0125756409939863,0.0567762458574613,0.522346126779492,unsafe_touchdown
2593,113,-22.9279198203395,0,76,-0.0125756409939863,0.0567762458574613,0.522346126779492,unsafe_touchdown
2594,113,-26.6089343408234,0,86,-0.0125756409939863,0.0567762458574613,0.522346126779492,unsafe_touchdown
2595,113,-27.4019779199793,0,86,-0.0125756409939863,0.0567762458574613,0.522346126779492,unsafe_touchdown
2596,113,-25.5458561314058,0,86,-0.0125756409939863,0.0567762458574613,0.522346126779492,unsafe_touchdown
2597,113,-24.3561704095047,0,85,-0.0125756409939863,0.0567762458574613,0.522346126779492,unsafe_touchdown
2598,113,-23.3521190517994,0,80,-0.0125756409939863,0.0567762458574613,0.522346126779492,unsafe_touchdown
2599,113,-29.0480270416638,0,99,-0.0125756409939863,0.0567762458574613,0.522346126779492,unsafe_touchdown
2600,113,-30.0630544886444,0,100,-0.0125756409939863,0.0567762458574613,0.522346126779492,unsafe_touchdown
2601,114,-23.9737237928653,0,81,-0.0147306414170591,0.0270925759783396,0.523214532924506,unsafe_touchdown
2602,114,-24.1056294879207,0,78,-0.0147306414170591,0.0270925759783396,0.523214532924506,unsafe_touchdown
2603,114,-25.1441604296383,0,83,-0.0147306414170591,0.0270925759783396,0.523214532924506,unsafe_touchdown
2604,114,-25.9547617257366,0,94,-0.0147306414170591,0.0270925759783396,0.523214532924506,unsafe_touchdown
2605,114,-24.3930403321535,0,84,-0.0147306414170591,0.0270925759783396,0.523214532924506,unsafe_touchdown
2606,114,-24.6357438227301,0,84,-0.0147306414170591,0.0270925759783396,0.523214532924506,unsafe_touchdown
2607,114,-25.018664638821,0,83,-0.0147306414170591,0.0270925759783396,0.523214532924506,unsafe_touchdown
2608,114,-24.4368471892619,0,82,-0.0147306414170591,0.0270925759783396,0.523214532924506,unsafe_touchdown
2609,114,-26.621976996005,0,94,-0.0147306414170591,0.0270925759783396,0.523214532924506,unsafe_touchdown
2610,114,-26.2616947815755,0,82,-0.0147306414170591,0.0270925759783396,0.523214532924506,unsafe_touchdown
2611,114,-25.2871173235608,0,84,-0.0147306414170591,0.0270925759783396,0.523214532924506,unsafe_touchdown
2612,114,-27.0099152848264,0,102,-0.0147306414170591,0.0270925759783396,0.523214532924506,unsafe_touchdown
2613,114,-32.4838863851962,0,110,-0.0147306414170591,0.0270925759783396,0.523214532924506,unsafe_touchdown
2614,114,-24.038183630364,0,73,-0.0147306414170591,0.0270925759783396,0.523214532924506,unsafe_touchdown
2615,114,-24.0969145852893,0,81,-0.0147306414170591,0.0270925759783396,0.523214532924506,unsafe_touchdown
2616,114,-32.4684745736049,0,119,-0.0147306414170591,0.0270925759783396,0.523214532924506,unsafe_touchdown
2617,114,-22.56024969888,0,76,-0.0147306414170591,0.0270925759783396,0.523214532924506,unsafe_touchdown
2618,114,-25.3958734462072,0,76,-0.0147306414170591,0.0270925759783396,0.523214532924506,unsafe_touchdown
2619,114,-27.6675860895641,0,84,-0.0147306414170591,0.0270925759783396,0.523214532924506,unsafe_touchdown
2620,114,-24.5306697010469,0,83,-0.0147306414170591,0.0270925759783396,0.523214532924506,unsafe_touchdown
2621,114,-26.253052845761,0,81,-0.0147306414170591,0.0270925759783396,0.523214532924506,unsafe_touchdown
2622,114,-29.9253442712896,0,93,-0.0147306414170591,0.0270925759783396,0.523214532924506,unsafe_touchdown
2623,114,-23.9564232853463,0,84,-0.0147306414170591,0.0270925759783396,0.523214532924506,unsafe_touchdown
2624,114,-24.316742186532,0,85,-0.0147306414170591,0.0270925759783396,0.523214532924506,unsafe_touchdown
2625,115,-23.7977156751495,0,76,-0.018910782908114,0.0461531813796058,0.522319749360673,unsafe_touchdown
2626,115,-32.1208526319991,0,99,-0.018910782908114,0.0461531813796058,0.522319749360673,unsafe_touchdown
2627,115,-24.6546279796912,0,80,-0.018910782908114,0.0461531813796058,0.522319749360673,unsafe_touchdown
2628,115,-24.1402254408761,0,84,-0.018910782908114,0.0461531813796058,0.522319749360673,unsafe_touchdown
2629,115,-24.3533999417814,0,81,-0.018910782908114,0.0461531813796058,0.522319749360673,unsafe_touchdown
2630,115,-24.8277219006361,0,87,-0.018910782908114,0.0461531813796058,0.522319749360673,unsafe_touchdown
2631,115,-27.4598221951307,0,80,-0.018910782908114,0.0461531813796058,0.522319749360673,unsafe_touchdown
2632,115,-26.2655098225656,0,91,-0.018910782908114,0.0461531813796058,0.522319749360673,unsafe_touchdown
2633,115,-24.3853639624176,0,70,-0.018910782908114,0.0461531813796058,0.522319749360673,unsafe_touchdown
2634,115,-28.1514335113997,0,91,-0.018910782908114,0.0461531813796058,0.522319749360673,unsafe_touchdown
2635,115,-24.1212914551439,0,91,-0.018910782908114,0.0461531813796058,0.522319749360673,unsafe_touchdown
2636,115,-33.3023247216246,0,108,-0.018910782908114,0.0461531813796058,0.522319749360673,unsafe_touchdown
2637,115,-22.8987140415434,0,80,-0.018910782908114,0.0461531813796058,0.522319749360673,unsafe_touchdown
2638,115,-24.7607553328573,0,90,-0.018910782908114,0.0461531813796058,0.522319749360673,unsafe_touchdown
2639,115,-24.9152039219446,0,75,-0.018910782908114,0.0461531813796058,0.522319749360673,unsafe_touchdown
2640,115,-23.4154439203722,0,81,-0.018910782908114,0.0461531813796058,0.522319749360673,unsafe_touchdown
2641,115,-24.8046931315635,0,74,-0.018910782908114,0.0461531813796058,0.522319749360673,unsafe_touchdown
2642,115,-25.586806952067,0,87,-0.018910782908114,0.0461531813796058,0.522319749360673,unsafe_touchdown
2643,115,-27.8649881029032,0,101,-0.018910782908114,0.0461531813796058,0.522319749360673,unsafe_touchdown
2644,115,-24.0959242550104,0,85,-0.018910782908114,0.0461531813796058,0.522319749360673,unsafe_touchdown
2645,115,-23.9584833893889,0,78,-0.018910782908114,0.0461531813796058,0.522319749360673,unsafe_touchdown
2646,115,-27.7111922516877,0,96,-0.018910782908114,0.0461531813796058,0.522319749360673,unsafe_touchdown
2647,115,-25.005075954769,0,79,-0.018910782908114,0.0461531813796058,0.522319749360673,unsafe_touchdown
2648,115,-28.3167075385044,0,88,-0.018910782908114,0.0461531813796058,0.522319749360673,unsafe_touchdown
2649,116,-26.1918605637719,0,88,-0.0188732745494366,0.0343898598491959,0.524683079448686,unsafe_touchdown
2650,116,-28.2897474057891,0,88,-0.0188732745494366,0.0343898598491959,0.524683079448686,unsafe_touchdown
2651,116,-32.650468341434,0,105,-0.0188732745494366,0.0343898598491959,0.524683079448686,unsafe_touchdown
2652,116,-25.0839023592228,0,84,-0.0188732745494366,0.0343898598491959,0.524683079448686,unsafe_touchdown
2653,116,-24.020211284007,0,81,-0.0188732745494366,0.0343898598491959,0.524683079448686,unsafe_touchdown
2654,116,-23.7664839873477,0,74,-0.0188732745494366,0.0343898598491959,0.524683079448686,unsafe_touchdown
2655,116,-25.2933736602933,0,91,-0.0188732745494366,0.0343898598491959,0.524683079448686,unsafe_touchdown
2656,116,-25.4339334844833,0,87,-0.0188732745494366,0.0343898598491959,0.524683079448686,unsafe_touchdown
2657,116,-23.5180980742214,0,77,-0.0188732745494366,0.0343898598491959,0.524683079448686,unsafe_touchdown
2658,116,-26.9029318594418,0,94,-0.0188732745494366,0.0343898598491959,0.524683079448686,unsafe_touchdown
2659,116,-23.597912001771,0,84,-0.0188732745494366,0.0343898598491959,0.524683079448686,unsafe_touchdown
2660,116,-26.6760027121326,0,86,-0.0188732745494366,0.0343898598491959,0.524683079448686,unsafe_touchdown
2661,116,-24.7175091252532,0,88,-0.0188732745494366,0.0343898598491959,0.524683079448686,unsafe_touchdown
2662,116,-26.979470880637,0,95,-0.0188732745494366,0.0343898598491959,0.524683079448686,unsafe_touchdown
2663,116,-29.6935602300995,0,103,-0.0188732745494366,0.0343898598491959,0.524683079448686,unsafe_touchdown
2664,116,-26.9470118574326,0,89,-0.0188732745494366,0.0343898598491959,0.524683079448686,unsafe_touchdown
2665,116,-23.2076476180706,0,74,-0.0188732745494366,0.0343898598491959,0.524683079448686,unsafe_touchdown
2666,116,-26.5838138969365,0,79,-0.0188732745494366,0.0343898598491959,0.524683079448686,unsafe_touchdown
2667,116,-24.5290218307283,0,83,-0.0188732745494366,0.0343898598491959,0.524683079448686,unsafe_touchdown
2668,116,-24.9136484920105,0,77,-0.0188732745494366,0.0343898598491959,0.524683079448686,unsafe_touchdown
2669,116,-26.2371145331162,0,89,-0.0188732745494366,0.0343898598491959,0.524683079448686,unsafe_touchdown
2670,116,-26.8970157031283,0,88,-0.0188732745494366,0.0343898598491959,0.524683079448686,unsafe_touchdown
2671,116,-23.2698871472923,0,81,-0.0188732745494366,0.0343898598491959,0.524683079448686,unsafe_touchdown
2672,116,-26.1316227574835,0,93,-0.0188732745494366,0.0343898598491959,0.524683079448686,unsafe_touchdown
2673,117,-28.2514863776655,0,85,-0.0130461282912129,0.0275937604361993,0.522281215843829,unsafe_touchdown
2674,117,-26.8788838401598,0,81,-0.0130461282912129,0.0275937604361993,0.522281215843829,unsafe_touchdown
2675,117,-28.8170186331996,0,89,-0.0130461282912129,0.0275937604361993,0.522281215843829,unsafe_touchdown
2676,117,-23.7691310665596,0,86,-0.0130461282912129,0.0275937604361993,0.522281215843829,unsafe_touchdown
2677,117,-24.5228725553251,0,73,-0.0130461282912129,0.0275937604361993,0.522281215843829,unsafe_touchdown
2678,117,-25.7228325129651,0,91,-0.0130461282912129,0.0275937604361993,0.522281215843829,unsafe_touchdown
2679,117,-24.8559649346031,0,86,-0.0130461282912129,0.0275937604361993,0.522281215843829,unsafe_touchdown
2680,117,-26.435351194294,0,93,-0.0130461282912129,0.0275937604361993,0.522281215843829,unsafe_touchdown
2681,117,-24.3677745420864,0,79,-0.0130461282912129,0.0275937604361993,0.522281215843829,unsafe_touchdown
2682,117,-24.6283086430564,0,73,-0.0130461282912129,0.0275937604361993,0.522281215843829,unsafe_touchdown
2683,117,-23.9813532920156,0,80,-0.0130461282912129,0.0275937604361993,0.522281215843829,unsafe_touchdown
2684,117,-23.5884293755201,0,75,-0.0130461282912129,0.0275937604361993,0.522281215843829,unsafe_touchdown
2685,117,-24.5342363369856,0,81,-0.0130461282912129,0.0275937604361993,0.522281215843829,unsafe_touchdown
2686,117,-27.1779141537702,0,99,-0.0130461282912129,0.0275937604361993,0.522281215843829,unsafe_touchdown
2687,117,-26.7583607777651,0,76,-0.0130461282912129,0.0275937604361993,0.522281215843829,unsafe_touchdown
2688,117,-29.7882866607439,0,108,-0.0130461282912129,0.0275937604361993,0.522281215843829,unsafe_touchdown
2689,117,-27.4474092870825,0,91,-0.0130461282912129,0.0275937604361993,0.522281215843829,unsafe_touchdown
2690,117,-22.6159210130979,0,71,-0.0130461282912129,0.0275937604361993,0.522281215843829,unsafe_touchdown
2691,117,-25.9357466175838,0,85,-0.0130461282912129,0.0275937604361993,0.522281215843829,unsafe_touchdown
2692,117,-27.8294753340304,0,79,-0.0130461282912129,0.0275937604361993,0.522281215843829,unsafe_touchdown
2693,117,-26.3018075806956,0,95,-0.0130461282912129,0.0275937604361993,0.522281215843829,unsafe_touchdown
2694,117,-29.3687381364128,0,87,-0.0130461282912129,0.0275937604361993,0.522281215843829,unsafe_touchdown
2695,117,-24.3262044144016,0,72,-0.0130461282912129,0.0275937604361993,0.522281215843829,unsafe_touchdown
2696,117,-26.0315103071924,0,82,-0.0130461282912129,0.0275937604361993,0.522281215843829,unsafe_touchdown
2697,117,-24.5458401264885,0,82,-0.0130461282912129,0.0275937604361993,0.522281215843829,unsafe_touchdown
2698,118,-26.7827824053389,0,90,-0.0245926038996414,0.0355863849817718,0.523981544485451,unsafe_touchdown
2699,118,-25.9428138814612,0,79,-0.0245926038996414,0.0355863849817718,0.523981544485451,unsafe_touchdown
2700,118,-26.3435199638262,0,95,-0.0245926038996414,0.0355863849817718,0.523981544485451,unsafe_touchdown
2701,118,-25.7099618613618,0,80,-0.0245926038996414,0.0355863849817718,0.523981544485451,unsafe_touchdown
2702,118,-24.3465265045372,0,86,-0.0245926038996414,0.0355863849817718,0.523981544485451,unsafe_touchdown
2703,118,-24.2296225483038,0,84,-0.0245926038996414,0.0355863849817718,0.523981544485451,unsafe_touchdown
2704,118,-26.4802896814203,0,88,-0.0245926038996414,0.0355863849817718,0.523981544485451,unsafe_touchdown
2705,118,-25.5183734571049,0,86,-0.0245926038996414,0.0355863849817718,0.523981544485451,unsafe_touchdown
2706,118,-30.9366970000567,0,110,-0.0245926038996414,0.0355863849817718,0.523981544485451,unsafe_touchdown
2707,118,-24.3996881933849,0,88,-0.0245926038996414,0.0355863849817718,0.523981544485451,unsafe_touchdown
2708,118,-27.7307291903808,0,75,-0.0245926038996414,0.0355863849817718,0.523981544485451,unsafe_touchdown
2709,118,-25.0900279171848,0,90,-0.0245926038996414,0.0355863849817718,0.523981544485451,unsafe_touchdown
2710,118,-23.8732531074,0,75,-0.0245926038996414,0.0355863849817718,0.523981544485451,unsafe_touchdown
2711,118,-23.9944248000139,0,81,-0.0245926038996414,0.0355863849817718,0.523981544485451,unsafe_touchdown
2712,118,-26.2753426374027,0,89,-0.0245926038996414,0.0355863849817718,0.523981544485451,unsafe_touchdown
2713,118,-26.1166418923367,0,77,-0.0245926038996414,0.0355863849817718,0.523981544485451,unsafe_touchdown
2714,118,-28.6085543615224,0,97,-0.0245926038996414,0.0355863849817718,0.523981544485451,unsafe_touchdown
2715,118,-25.4740803554991,0,75,-0.0245926038996414,0.0355863849817718,0.523981544485451,unsafe_touchdown
2716,118,-25.0005362010335,0,77,-0.0245926038996414,0.0355863849817718,0.523981544485451,unsafe_touchdown
2717,118,-26.5504002721862,0,93,-0.0245926038996414,0.0355863849817718,0.523981544485451,unsafe_touchdown
2718,118,-27.5798147859574,0,78,-0.0245926038996414,0.0355863849817718,0.523981544485451,unsafe_touchdown
2719,118,-24.7679283786817,0,85,-0.0245926038996414,0.0355863849817718,0.523981544485451,unsafe_touchdown
2720,118,-27.7393943795639,0,74,-0.0245926038996414,0.0355863849817718,0.523981544485451,unsafe_touchdown
2721,118,-25.8272157789789,0,79,-0.0245926038996414,0.0355863849817718,0.523981544485451,unsafe_touchdown
2722,118,-23.3712922082552,0,83,-0.0245926038996414,0.0355863849817718,0.523981544485451,unsafe_touchdown
2723,119,-25.6274231812281,0,82,-0.0164379907882228,0.0272731292028632,0.523665815995731,unsafe_touchdown
2724,119,-26.06075548898,0,96,-0.0164379907882228,0.0272731292028632,0.523665815995731,unsafe_touchdown
2725,119,-24.3277893051325,0,74,-0.0164379907882228,0.0272731292028632,0.523665815995731,unsafe_touchdown
2726,119,-24.1790548499447,0,86,-0.0164379907882228,0.0272731292028632,0.523665815995731,unsafe_touchdown
2727,119,-25.7665167915087,0,83,-0.0164379907882228,0.0272731292028632,0.523665815995731,unsafe_touchdown
2728,119,-23.4245497671901,0,81,-0.0164379907882228,0.0272731292028632,0.523665815995731,unsafe_touchdown
2729,119,-25.4163867006474,0,86,-0.0164379907882228,0.0272731292028632,0.523665815995731,unsafe_touchdown
2730,119,-27.8830629319087,0,91,-0.0164379907882228,0.0272731292028632,0.523665815995731,unsafe_touchdown
2731,119,-28.5067828743083,0,84,-0.0164379907882228,0.0272731292028632,0.523665815995731,unsafe_touchdown
2732,119,-28.79711779512,0,102,-0.0164379907882228,0.0272731292028632,0.523665815995731,unsafe_touchdown
2733,119,-28.4633719625063,0,89,-0.0164379907882228,0.0272731292028632,0.523665815995731,unsafe_touchdown
2734,119,-24.4657126738094,0,85,-0.0164379907882228,0.0272731292028632,0.523665815995731,unsafe_touchdown
2735,119,-27.4102222517196,0,75,-0.0164379907882228,0.0272731292028632,0.523665815995731,unsafe_touchdown
2736,119,-23.8478761116711,0,74,-0.0164379907882228,0.0272731292028632,0.523665815995731,unsafe_touchdown
2737,119,-25.1492459690037,0,79,-0.0164379907882228,0.0272731292028632,0.523665815995731,unsafe_touchdown
2738,119,-26.7822286667893,0,78,-0.0164379907882228,0.0272731292028632,0.523665815995731,unsafe_touchdown
2739,119,-25.8538011208419,0,81,-0.0164379907882228,0.0272731292028632,0.523665815995731,unsafe_touchdown
2740,119,-29.103951281805,0,97,-0.0164379907882228,0.0272731292028632,0.523665815995731,unsafe_touchdown
2741,119,-23.1912028620627,0,82,-0.0164379907882228,0.0272731292028632,0.523665815995731,unsafe_touchdown
2742,119,-26.6756857181228,0,87,-0.0164379907882228,0.0272731292028632,0.523665815995731,unsafe_touchdown
2743,119,-28.0618063967412,0,78,-0.0164379907882228,0.0272731292028632,0.523665815995731,unsafe_touchdown
2744,119,-26.2859287422659,0,82,-0.0164379907882228,0.0272731292028632,0.523665815995731,unsafe_touchdown
2745,119,-26.0335401604734,0,84,-0.0164379907882228,0.0272731292028632,0.523665815995731,unsafe_touchdown
2746,119,-26.4709641774545,0,78,-0.0164379907882228,0.0272731292028632,0.523665815995731,unsafe_touchdown
2747,119,-25.6907197560558,0,80,-0.0164379907882228,0.0272731292028632,0.523665815995731,unsafe_touchdown
2748,120,-26.1005725994862,0,79,-0.0159238485887065,0.0225463353767867,0.522436359674551,unsafe_touchdown
2749,120,-24.7776353270428,0,75,-0.0159238485887065,0.0225463353767867,0.522436359674551,unsafe_touchdown
2750,120,-24.1743623101228,0,71,-0.0159238485887065,0.0225463353767867,0.522436359674551,unsafe_touchdown
2751,120,-24.5554835801301,0,86,-0.0159238485887065,0.0225463353767867,0.522436359674551,unsafe_touchdown
2752,120,-25.9244129641983,0,84,-0.0159238485887065,0.0225463353767867,0.522436359674551,unsafe_touchdown
2753,120,-28.4704138408351,0,93,-0.0159238485887065,0.0225463353767867,0.522436359674551,unsafe_touchdown
2754,120,-31.4300964712977,0,107,-0.0159238485887065,0.0225463353767867,0.522436359674551,unsafe_touchdown
2755,120,-27.0405297323763,0,78,-0.0159238485887065,0.0225463353767867,0.522436359674551,unsafe_touchdown
2756,120,-28.3286772313185,0,104,-0.0159238485887065,0.0225463353767867,0.522436359674551,unsafe_touchdown
2757,120,-24.3877607370935,0,79,-0.0159238485887065,0.0225463353767867,0.522436359674551,unsafe_touchdown
2758,120,-24.8133233591999,0,83,-0.0159238485887065,0.0225463353767867,0.522436359674551,unsafe_touchdown
2759,120,-24.6903430799801,0,83,-0.0159238485887065,0.0225463353767867,0.522436359674551,unsafe_touchdown
2760,120,-26.8639347709731,0,83,-0.0159238485887065,0.0225463353767867,0.522436359674551,unsafe_touchdown
2761,120,-23.8794595936253,0,82,-0.0159238485887065,0.0225463353767867,0.522436359674551,unsafe_touchdown
2762,120,-22.9440724325302,0,80,-0.0159238485887065,0.0225463353767867,0.522436359674551,unsafe_touchdown
2763,120,-25.631082758143,0,71,-0.0159238485887065,0.0225463353767867,0.522436359674551,unsafe_touchdown
2764,120,-24.791261672796,0,82,-0.0159238485887065,0.0225463353767867,0.522436359674551,unsafe_touchdown
2765,120,-26.3729571425432,0,88,-0.0159238485887065,0.0225463353767867,0.522436359674551,unsafe_touchdown
2766,120,-30.1491735396741,0,92,-0.0159238485887065,0.0225463353767867,0.522436359674551,unsafe_touchdown
2767,120,-25.4227098723505,0,70,-0.0159238485887065,0.0225463353767867,0.522436359674551,unsafe_touchdown
2768,120,-25.1317603074633,0,77,-0.0159238485887065,0.0225463353767867,0.522436359674551,unsafe_touchdown
2769,120,-25.2158041592665,0,90,-0.0159238485887065,0.0225463353767867,0.522436359674551,unsafe_touchdown
2770,120,-26.4173270105191,0,76,-0.0159238485887065,0.0225463353767867,0.522436359674551,unsafe_touchdown
2771,120,-23.8779767148087,0,86,-0.0159238485887065,0.0225463353767867,0.522436359674551,unsafe_touchdown
2772,120,-27.2114461932161,0,91,-0.0159238485887065,0.0225463353767867,0.522436359674551,unsafe_touchdown
2773,121,-23.1932091108015,0,88,-0.0200053697921949,0.0258709313996456,0.523293909216038,unsafe_touchdown
2774,121,-23.8997505643089,0,79,-0.0200053697921949,0.0258709313996456,0.523293909216038,unsafe_touchdown
2775,121,-26.9832166368935,0,80,-0.0200053697921949,0.0258709313996456,0.523293909216038,unsafe_touchdown
2776,121,-27.4777080127024,0,79,-0.0200053697921949,0.0258709313996456,0.523293909216038,unsafe_touchdown
2777,121,-27.1180758646003,0,82,-0.0200053697921949,0.0258709313996456,0.523293909216038,unsafe_touchdown
2778,121,-25.9617457386471,0,87,-0.0200053697921949,0.0258709313996456,0.523293909216038,unsafe_touchdown
2779,121,-26.2799507737327,0,82,-0.0200053697921949,0.0258709313996456,0.523293909216038,unsafe_touchdown
2780,121,-26.6398056297359,0,82,-0.0200053697921949,0.0258709313996456,0.523293909216038,unsafe_touchdown
2781,121,-23.079459943998,0,76,-0.0200053697921949,0.0258709313996456,0.523293909216038,unsafe_touchdown
2782,121,-24.2145083781201,0,78,-0.0200053697921949,0.0258709313996456,0.523293909216038,unsafe_touchdown
2783,121,-25.7533576470847,0,94,-0.0200053697921949,0.0258709313996456,0.523293909216038,unsafe_touchdown
2784,121,-24.0370290253749,0,82,-0.0200053697921949,0.0258709313996456,0.523293909216038,unsafe_touchdown
2785,121,-25.3986988755322,0,79,-0.0200053697921949,0.0258709313996456,0.523293909216038,unsafe_touchdown
2786,121,-25.1266260446313,0,81,-0.0200053697921949,0.0258709313996456,0.523293909216038,unsafe_touchdown
2787,121,-24.6688769094562,0,89,-0.0200053697921949,0.0258709313996456,0.523293909216038,unsafe_touchdown
2788,121,-27.5745019650312,0,77,-0.0200053697921949,0.0258709313996456,0.523293909216038,unsafe_touchdown
2789,121,-27.7162543663342,0,92,-0.0200053697921949,0.0258709313996456,0.523293909216038,unsafe_touchdown
2790,121,-26.2946261375246,0,90,-0.0200053697921949,0.0258709313996456,0.523293909216038,unsafe_touchdown
2791,121,-28.2684841003061,0,79,-0.0200053697921949,0.0258709313996456,0.523293909216038,unsafe_touchdown
2792,121,-25.1803821988964,0,77,-0.0200053697921949,0.0258709313996456,0.523293909216038,unsafe_touchdown
2793,121,-28.8529022571121,0,92,-0.0200053697921949,0.0258709313996456,0.523293909216038,unsafe_touchdown
2794,121,-25.9964955151199,0,80,-0.0200053697921949,0.0258709313996456,0.523293909216038,unsafe_touchdown
2795,121,-23.5438023512691,0,86,-0.0200053697921949,0.0258709313996456,0.523293909216038,unsafe_touchdown
2796,121,-29.6534305468594,0,87,-0.0200053697921949,0.0258709313996456,0.523293909216038,unsafe_touchdown
2797,121,-24.3702834601711,0,78,-0.0200053697921949,0.0258709313996456,0.523293909216038,unsafe_touchdown
2798,122,-27.5017691112634,0,95,-0.0177557484002219,0.0230536744289087,0.525410873638273,unsafe_touchdown
2799,122,-24.1032323776615,0,76,-0.0177557484002219,0.0230536744289087,0.525410873638273,unsafe_touchdown
2800,122,-24.8583719513369,0,79,-0.0177557484002219,0.0230536744289087,0.525410873638273,unsafe_touchdown
2801,122,-25.8764213394302,0,73,-0.0177557484002219,0.0230536744289087,0.525410873638273,unsafe_touchdown
2802,122,-24.0577036888069,0,82,-0.0177557484002219,0.0230536744289087,0.525410873638273,unsafe_touchdown
2803,122,-23.6725226868194,0,78,-0.0177557484002219,0.0230536744289087,0.525410873638273,unsafe_touchdown
2804,122,-23.272610419422,0,83,-0.0177557484002219,0.0230536744289087,0.525410873638273,unsafe_touchdown
2805,122,-24.3604442606111,0,81,-0.0177557484002219,0.0230536744289087,0.525410873638273,unsafe_touchdown
2806,122,-27.2779930761831,0,93,-0.0177557484002219,0.0230536744289087,0.525410873638273,unsafe_touchdown
2807,122,-22.7600504711805,0,72,-0.0177557484002219,0.0230536744289087,0.525410873638273,unsafe_touchdown
2808,122,-25.6893165776573,0,80,-0.0177557484002219,0.0230536744289087,0.525410873638273,unsafe_touchdown
2809,122,-24.5564646424038,0,73,-0.0177557484002219,0.0230536744289087,0.525410873638273,unsafe_touchdown
2810,122,-26.1085913008819,0,87,-0.0177557484002219,0.0230536744289087,0.525410873638273,unsafe_touchdown
2811,122,-25.2802334385011,0,86,-0.0177557484002219,0.0230536744289087,0.525410873638273,unsafe_touchdown
2812,122,-24.4070359967495,0,86,-0.0177557484002219,0.0230536744289087,0.525410873638273,unsafe_touchdown
2813,122,-24.9075389744087,0,87,-0.0177557484002219,0.0230536744289087,0.525410873638273,unsafe_touchdown
2814,122,-26.6570039220198,0,88,-0.0177557484002219,0.0230536744289087,0.525410873638273,unsafe_touchdown
2815,122,-25.6922517636012,0,77,-0.0177557484002219,0.0230536744289087,0.525410873638273,unsafe_touchdown
2816,122,-24.7226318733462,0,79,-0.0177557484002219,0.0230536744289087,0.525410873638273,unsafe_touchdown
2817,122,-24.5205849183845,0,83,-0.0177557484002219,0.0230536744289087,0.525410873638273,unsafe_touchdown
2818,122,-25.6237587311296,0,84,-0.0177557484002219,0.0230536744289087,0.525410873638273,unsafe_touchdown
2819,122,-25.8559639735887,0,79,-0.0177557484002219,0.0230536744289087,0.525410873638273,unsafe_touchdown
2820,122,-26.8695914136864,0,80,-0.0177557484002219,0.0230536744289087,0.525410873638273,unsafe_touchdown
2821,122,-24.0744671790287,0,81,-0.0177557484002219,0.0230536744289087,0.525410873638273,unsafe_touchdown
2822,122,-24.4056417042544,0,77,-0.0177557484002219,0.0230536744289087,0.525410873638273,unsafe_touchdown
2823,122,-22.7821305513702,0,75,-0.0177557484002219,0.0230536744289087,0.525410873638273,unsafe_touchdown
2824,123,-24.3856957533522,0,79,-0.0164876671012043,0.0221672797118263,0.523980141117216,unsafe_touchdown
2825,123,-23.3282776404053,0,76,-0.0164876671012043,0.0221672797118263,0.523980141117216,unsafe_touchdown
2826,123,-25.971361864265,0,84,-0.0164876671012043,0.0221672797118263,0.523980141117216,unsafe_touchdown
2827,123,-23.8825123206589,0,86,-0.0164876671012043,0.0221672797118263,0.523980141117216,unsafe_touchdown
2828,123,-24.9012566744766,0,80,-0.0164876671012043,0.0221672797118263,0.523980141117216,unsafe_touchdown
2829,123,-23.7227427886324,0,80,-0.0164876671012043,0.0221672797118263,0.523980141117216,unsafe_touchdown
2830,123,-25.404008017403,0,85,-0.0164876671012043,0.0221672797118263,0.523980141117216,unsafe_touchdown
2831,123,-24.5813061082209,0,75,-0.0164876671012043,0.0221672797118263,0.523980141117216,unsafe_touchdown
2832,123,-23.6513837630752,0,76,-0.0164876671012043,0.0221672797118263,0.523980141117216,unsafe_touchdown
2833,123,-25.3527735156298,0,78,-0.0164876671012043,0.0221672797118263,0.523980141117216,unsafe_touchdown
2834,123,-25.303351837569,0,84,-0.0164876671012043,0.0221672797118263,0.523980141117216,unsafe_touchdown
2835,123,-23.8888869208192,0,77,-0.0164876671012043,0.0221672797118263,0.523980141117216,unsafe_touchdown
2836,123,-22.7499035754223,0,77,-0.0164876671012043,0.0221672797118263,0.523980141117216,unsafe_touchdown
2837,123,-23.3095566897591,0,78,-0.0164876671012043,0.0221672797118263,0.523980141117216,unsafe_touchdown
2838,123,-25.747962614091,0,76,-0.0164876671012043,0.0221672797118263,0.523980141117216,unsafe_touchdown
2839,123,-24.3349679403969,0,87,-0.0164876671012043,0.0221672797118263,0.523980141117216,unsafe_touchdown
2840,123,-26.6420275980439,0,76,-0.0164876671012043,0.0221672797118263,0.523980141117216,unsafe_touchdown
2841,123,-26.178328224112,0,81,-0.0164876671012043,0.0221672797118263,0.523980141117216,unsafe_touchdown
2842,123,-26.229081409917,0,88,-0.0164876671012043,0.0221672797118263,0.523980141117216,unsafe_touchdown
2843,123,-26.8520671944196,0,80,-0.0164876671012043,0.0221672797118263,0.523980141117216,unsafe_touchdown
2844,123,-27.949830183357,0,77,-0.0164876671012043,0.0221672797118263,0.523980141117216,unsafe_touchdown
2845,123,-24.8299562848666,0,76,-0.0164876671012043,0.0221672797118263,0.523980141117216,unsafe_touchdown
2846,123,-27.0124370265404,0,86,-0.0164876671012043,0.0221672797118263,0.523980141117216,unsafe_touchdown
2847,123,-24.7245901469099,0,74,-0.0164876671012043,0.0221672797118263,0.523980141117216,unsafe_touchdown
2848,123,-27.3333351145395,0,85,-0.0164876671012043,0.0221672797118263,0.523980141117216,unsafe_touchdown
2849,123,-25.2626950029724,0,77,-0.0164876671012043,0.0221672797118263,0.523980141117216,unsafe_touchdown
2850,124,-25.6165297575426,0,87,-0.0129061634911252,0.0195327149031567,0.522775966174585,unsafe_touchdown
2851,124,-26.7455324798668,0,87,-0.0129061634911252,0.0195327149031567,0.522775966174585,unsafe_touchdown
2852,124,-27.5473310594375,0,71,-0.0129061634911252,0.0195327149031567,0.522775966174585,unsafe_touchdown
2853,124,-23.0508922369632,0,73,-0.0129061634911252,0.0195327149031567,0.522775966174585,unsafe_touchdown
2854,124,-24.5559840687328,0,75,-0.0129061634911252,0.0195327149031567,0.522775966174585,unsafe_touchdown
2855,124,-23.8381205584347,0,82,-0.0129061634911252,0.0195327149031567,0.522775966174585,unsafe_touchdown
2856,124,-24.8441367152565,0,71,-0.0129061634911252,0.0195327149031567,0.522775966174585,unsafe_touchdown
2857,124,-23.1365240088284,0,77,-0.0129061634911252,0.0195327149031567,0.522775966174585,unsafe_touchdown
2858,124,-26.0614071884011,0,82,-0.0129061634911252,0.0195327149031567,0.522775966174585,unsafe_touchdown
2859,124,-22.898161933436,0,73,-0.0129061634911252,0.0195327149031567,0.522775966174585,unsafe_touchdown
2860,124,-23.5004072066309,0,70,-0.0129061634911252,0.0195327149031567,0.522775966174585,unsafe_touchdown
2861,124,-23.6924379321861,0,76,-0.0129061634911252,0.0195327149031567,0.522775966174585,unsafe_touchdown
2862,124,-28.0996057502328,0,89,-0.0129061634911252,0.0195327149031567,0.522775966174585,unsafe_touchdown
2863,124,-24.8357469467405,0,84,-0.0129061634911252,0.0195327149031567,0.522775966174585,unsafe_touchdown
2864,124,-23.4237195095057,0,83,-0.0129061634911252,0.0195327149031567,0.522775966174585,unsafe_touchdown
2865,124,-26.5895183491369,0,84,-0.0129061634911252,0.0195327149031567,0.522775966174585,unsafe_touchdown
2866,124,-28.9986239340845,0,84,-0.0129061634911252,0.0195327149031567,0.522775966174585,unsafe_touchdown
2867,124,-31.2749805072911,0,100,-0.0129061634911252,0.0195327149031567,0.522775966174585,unsafe_touchdown
2868,124,-25.2300532129632,0,78,-0.0129061634911252,0.0195327149031567,0.522775966174585,unsafe_touchdown
2869,124,-28.0073119206698,0,95,-0.0129061634911252,0.0195327149031567,0.522775966174585,unsafe_touchdown
2870,124,-26.2319602533282,0,76,-0.0129061634911252,0.0195327149031567,0.522775966174585,unsafe_touchdown
2871,124,-27.2481418400013,0,79,-0.0129061634911252,0.0195327149031567,0.522775966174585,unsafe_touchdown
2872,124,-25.2940141109482,0,76,-0.0129061634911252,0.0195327149031567,0.522775966174585,unsafe_touchdown
2873,124,-24.1719634454207,0,78,-0.0129061634911252,0.0195327149031567,0.522775966174585,unsafe_touchdown
2874,124,-25.1480917922399,0,88,-0.0129061634911252,0.0195327149031567,0.522775966174585,unsafe_touchdown
2875,124,-25.1246507505287,0,87,-0.0129061634911252,0.0195327149031567,0.522775966174585,unsafe_touchdown
2876,125,-26.201014970807,0,87,-0.0127982707020627,0.0186671097498137,0.523347481931632,unsafe_touchdown
2877,125,-23.3690805385167,0,74,-0.0127982707020627,0.0186671097498137,0.523347481931632,unsafe_touchdown
2878,125,-24.5359350596913,0,72,-0.0127982707020627,0.0186671097498137,0.523347481931632,unsafe_touchdown
2879,125,-23.1978091442255,0,78,-0.0127982707020627,0.0186671097498137,0.523347481931632,unsafe_touchdown
2880,125,-28.2116499613611,0,97,-0.0127982707020627,0.0186671097498137,0.523347481931632,unsafe_touchdown
2881,125,-23.6054638906535,0,75,-0.0127982707020627,0.0186671097498137,0.523347481931632,unsafe_touchdown
2882,125,-23.3101415519404,0,78,-0.0127982707020627,0.0186671097498137,0.523347481931632,unsafe_touchdown
2883,125,-25.1768728569341,0,80,-0.0127982707020627,0.0186671097498137,0.523347481931632,unsafe_touchdown
2884,125,-27.5273608484917,0,94,-0.0127982707020627,0.0186671097498137,0.523347481931632,unsafe_touchdown
2885,125,-27.7864660525975,0,85,-0.0127982707020627,0.0186671097498137,0.523347481931632,unsafe_touchdown
2886,125,-23.9037280871167,0,75,-0.0127982707020627,0.0186671097498137,0.523347481931632,unsafe_touchdown
2887,125,-25.357123304544,0,68,-0.0127982707020627,0.0186671097498137,0.523347481931632,unsafe_touchdown
2888,125,-25.5911067166942,0,89,-0.0127982707020627,0.0186671097498137,0.523347481931632,unsafe_touchdown
2889,125,-24.0513868432535,0,77,-0.0127982707020627,0.0186671097498137,0.523347481931632,unsafe_touchdown
2890,125,-28.2297992143396,0,76,-0.0127982707020627,0.0186671097498137,0.523347481931632,unsafe_touchdown
2891,125,-23.7895959919486,0,77,-0.0127982707020627,0.0186671097498137,0.523347481931632,unsafe_touchdown
2892,125,-23.5348930236277,0,78,-0.0127982707020627,0.0186671097498137,0.523347481931632,unsafe_touchdown
2893,125,-27.957385180129,0,89,-0.0127982707020627,0.0186671097498137,0.523347481931632,unsafe_touchdown
2894,125,-25.711305976603,0,85,-0.0127982707020627,0.0186671097498137,0.523347481931632,unsafe_touchdown
2895,125,-24.5771682990473,0,79,-0.0127982707020627,0.0186671097498137,0.523347481931632,unsafe_touchdown
2896,125,-25.7843632055454,0,79,-0.0127982707020627,0.0186671097498137,0.523347481931632,unsafe_touchdown
2897,125,-22.9590585189742,0,72,-0.0127982707020627,0.0186671097498137,0.523347481931632,unsafe_touchdown
2898,125,-26.5106519721431,0,90,-0.0127982707020627,0.0186671097498137,0.523347481931632,unsafe_touchdown
2899,125,-24.8306029570755,0,81,-0.0127982707020627,0.0186671097498137,0.523347481931632,unsafe_touchdown
2900,125,-25.6263364988186,0,83,-0.0127982707020627,0.0186671097498137,0.523347481931632,unsafe_touchdown
2901,125,-27.77162234,0,96,-0.0127982707020627,0.0186671097498137,0.523347481931632,unsafe_touchdown
2902,126,-23.3270372061656,0,71,-0.0190875755979971,0.0153449804228734,0.521857824662721,unsafe_touchdown
2903,126,-25.8243204324075,0,79,-0.0190875755979971,0.0153449804228734,0.521857824662721,unsafe_touchdown
2904,126,-25.7509646674565,0,74,-0.0190875755979971,0.0153449804228734,0.521857824662721,unsafe_touchdown
2905,126,-27.3774570741061,0,91,-0.0190875755979971,0.0153449804228734,0.521857824662721,unsafe_touchdown
2906,126,-25.5306222394564,0,76,-0.0190875755979971,0.0153449804228734,0.521857824662721,unsafe_touchdown
2907,126,-24.1541424582966,0,78,-0.0190875755979971,0.0153449804228734,0.521857824662721,unsafe_touchdown
2908,126,-26.3382240033522,0,83,-0.0190875755979971,0.0153449804228734,0.521857824662721,unsafe_touchdown
2909,126,-28.1382824032321,0,97,-0.0190875755979971,0.0153449804228734,0.521857824662721,unsafe_touchdown
2910,126,-27.2453215777741,0,72,-0.0190875755979971,0.0153449804228734,0.521857824662721,unsafe_touchdown
2911,126,-26.4481016645627,0,86,-0.0190875755979971,0.0153449804228734,0.521857824662721,unsafe_touchdown
2912,126,-29.9653173587377,0,95,-0.0190875755979971,0.0153449804228734,0.521857824662721,unsafe_touchdown
2913,126,-25.1002677494266,0,78,-0.0190875755979971,0.0153449804228734,0.521857824662721,unsafe_touchdown
2914,126,-23.9013045111429,0,73,-0.0190875755979971,0.0153449804228734,0.521857824662721,unsafe_touchdown
2915,126,-24.960597368467,0,79,-0.0190875755979971,0.0153449804228734,0.521857824662721,unsafe_touchdown
2916,126,-22.9111368814349,0,72,-0.0190875755979971,0.0153449804228734,0.521857824662721,unsafe_touchdown
2917,126,-24.2612582235075,0,82,-0.0190875755979971,0.0153449804228734,0.521857824662721,unsafe_touchdown
2918,126,-24.478044934246,0,79,-0.0190875755979971,0.0153449804228734,0.521857824662721,unsafe_touchdown
2919,126,-26.3092382277458,0,85,-0.0190875755979971,0.0153449804228734,0.521857824662721,unsafe_touchdown
2920,126,-22.4523030202656,0,71,-0.0190875755979971,0.0153449804228734,0.521857824662721,unsafe_touchdown
2921,126,-24.1531272755185,0,75,-0.0190875755979971,0.0153449804228734,0.521857824662721,unsafe_touchdown
2922,126,-24.1576432164558,0,77,-0.0190875755979971,0.0153449804228734,0.521857824662721,unsafe_touchdown
2923,126,-25.207365470489,0,79,-0.0190875755979971,0.0153449804228734,0.521857824662721,unsafe_touchdown
2924,126,-26.4144765866058,0,94,-0.0190875755979971,0.0153449804228734,0.521857824662721,unsafe_touchdown
2925,126,-27.4128050768375,0,91,-0.0190875755979971,0.0153449804228734,0.521857824662721,unsafe_touchdown
2926,126,-27.5428110572493,0,81,-0.0190875755979971,0.0153449804228734,0.521857824662721,unsafe_touchdown
2927,126,-24.2469621022865,0,79,-0.0190875755979971,0.0153449804228734,0.521857824662721,unsafe_touchdown
2928,127,-25.2751963903126,0,77,-0.0142419179217274,0.0127652955029359,0.522890385167423,unsafe_touchdown
2929,127,-22.3013920122518,0,72,-0.0142419179217274,0.0127652955029359,0.522890385167423,unsafe_touchdown
2930,127,-28.0191373440348,0,89,-0.0142419179217274,0.0127652955029359,0.522890385167423,unsafe_touchdown
2931,127,-23.5474021270111,0,82,-0.0142419179217274,0.0127652955029359,0.522890385167423,unsafe_touchdown
2932,127,-28.2028474959213,0,78,-0.0142419179217274,0.0127652955029359,0.522890385167423,unsafe_touchdown
2933,127,-25.8561580267355,0,80,-0.0142419179217274,0.0127652955029359,0.522890385167423,unsafe_touchdown
2934,127,-24.7901531252989,0,75,-0.0142419179217274,0.0127652955029359,0.522890385167423,unsafe_touchdown
2935,127,-25.6443474598179,0,92,-0.0142419179217274,0.0127652955029359,0.522890385167423,unsafe_touchdown
2936,127,-26.9780848787054,0,77,-0.0142419179217274,0.0127652955029359,0.522890385167423,unsafe_touchdown
2937,127,-24.9321090647828,0,86,-0.0142419179217274,0.0127652955029359,0.522890385167423,unsafe_touchdown
2938,127,-24.4293565285901,0,81,-0.0142419179217274,0.0127652955029359,0.522890385167423,unsafe_touchdown
2939,127,-23.4696403501836,0,77,-0.0142419179217274,0.0127652955029359,0.522890385167423,unsafe_touchdown
2940,127,-24.4600421093824,0,77,-0.0142419179217274,0.0127652955029359,0.522890385167423,unsafe_touchdown
2941,127,-32.4407784294768,0,106,-0.0142419179217274,0.0127652955029359,0.522890385167423,unsafe_touchdown
2942,127,-25.6563457511303,0,76,-0.0142419179217274,0.0127652955029359,0.522890385167423,unsafe_touchdown
2943,127,-23.3658488345206,0,74,-0.0142419179217274,0.0127652955029359,0.522890385167423,unsafe_touchdown
2944,127,-23.6342073742314,0,78,-0.0142419179217274,0.0127652955029359,0.522890385167423,unsafe_touchdown
2945,127,-24.6743521910387,0,85,-0.0142419179217274,0.0127652955029359,0.522890385167423,unsafe_touchdown
2946,127,-26.0326196896833,0,82,-0.0142419179217274,0.0127652955029359,0.522890385167423,unsafe_touchdown
2947,127,-25.6028259104027,0,77,-0.0142419179217274,0.0127652955029359,0.522890385167423,unsafe_touchdown
2948,127,-26.1382695946996,0,82,-0.0142419179217274,0.0127652955029359,0.522890385167423,unsafe_touchdown
2949,127,-27.7872400899107,0,94,-0.0142419179217274,0.0127652955029359,0.522890385167423,unsafe_touchdown
2950,127,-24.3424409818843,0,84,-0.0142419179217274,0.0127652955029359,0.522890385167423,unsafe_touchdown
2951,127,-25.2529309366229,0,82,-0.0142419179217274,0.0127652955029359,0.522890385167423,unsafe_touchdown
2952,127,-22.8053025627854,0,74,-0.0142419179217274,0.0127652955029359,0.522890385167423,unsafe_touchdown
2953,127,-23.7769171095707,0,73,-0.0142419179217274,0.0127652955029359,0.522890385167423,unsafe_touchdown
2954,128,-26.1294041021343,0,90,-0.0256317720556645,0.0136990301012698,0.52477507168965,unsafe_touchdown
2955,128,-28.0476799810666,0,74,-0.0256317720556645,0.0136990301012698,0.52477507168965,unsafe_touchdown
2956,128,-24.5679896806552,0,83,-0.0256317720556645,0.0136990301012698,0.52477507168965,unsafe_touchdown
2957,128,-26.2729665835082,0,79,-0.0256317720556645,0.0136990301012698,0.52477507168965,unsafe_touchdown
2958,128,-26.3507562757012,0,77,-0.0256317720556645,0.0136990301012698,0.52477507168965,unsafe_touchdown
2959,128,-24.2956450142481,0,84,-0.0256317720556645,0.0136990301012698,0.52477507168965,unsafe_touchdown
2960,128,-27.1722641536461,0,79,-0.0256317720556645,0.0136990301012698,0.52477507168965,unsafe_touchdown
2961,128,-24.2871690442256,0,88,-0.0256317720556645,0.0136990301012698,0.52477507168965,unsafe_touchdown
2962,128,-24.6234914422594,0,83,-0.0256317720556645,0.0136990301012698,0.52477507168965,unsafe_touchdown
2963,128,-24.5867917757203,0,86,-0.0256317720556645,0.0136990301012698,0.52477507168965,unsafe_touchdown
2964,128,-27.5204966428107,0,90,-0.0256317720556645,0.0136990301012698,0.52477507168965,unsafe_touchdown
2965,128,-25.5847144835633,0,83,-0.0256317720556645,0.0136990301012698,0.52477507168965,unsafe_touchdown
2966,128,-23.717734508857,0,83,-0.0256317720556645,0.0136990301012698,0.52477507168965,unsafe_touchdown
2967,128,-26.894079485222,0,84,-0.0256317720556645,0.0136990301012698,0.52477507168965,unsafe_touchdown
2968,128,-23.2120210182725,0,79,-0.0256317720556645,0.0136990301012698,0.52477507168965,unsafe_touchdown
2969,128,-23.315690731954,0,73,-0.0256317720556645,0.0136990301012698,0.52477507168965,unsafe_touchdown
2970,128,-24.7728822613081,0,88,-0.0256317720556645,0.0136990301012698,0.52477507168965,unsafe_touchdown
2971,128,-25.7831935531981,0,75,-0.0256317720556645,0.0136990301012698,0.52477507168965,unsafe_touchdown
2972,128,-24.8539177678367,0,85,-0.0256317720556645,0.0136990301012698,0.52477507168965,unsafe_touchdown
2973,128,-28.8148278149969,0,94,-0.0256317720556645,0.0136990301012698,0.52477507168965,unsafe_touchdown
2974,128,-23.3475001700681,0,71,-0.0256317720556645,0.0136990301012698,0.52477507168965,unsafe_touchdown
2975,128,-26.5414776646128,0,84,-0.0256317720556645,0.0136990301012698,0.52477507168965,unsafe_touchdown
2976,128,-23.0798480028462,0,82,-0.0256317720556645,0.0136990301012698,0.52477507168965,unsafe_touchdown
2977,128,-24.7089069100613,0,81,-0.0256317720556645,0.0136990301012698,0.52477507168965,unsafe_touchdown
2978,128,-24.2884289064136,0,75,-0.0256317720556645,0.0136990301012698,0.52477507168965,unsafe_touchdown
2979,129,-25.2352519214652,0,89,-0.0188312832329161,0.012101556241568,0.524326384985727,unsafe_touchdown
2980,129,-24.4821083595847,0,71,-0.0188312832329161,0.012101556241568,0.524326384985727,unsafe_touchdown
2981,129,-28.4769554110507,0,89,-0.0188312832329161,0.012101556241568,0.524326384985727,unsafe_touchdown
2982,129,-23.9783257034383,0,82,-0.0188312832329161,0.012101556241568,0.524326384985727,unsafe_touchdown
2983,129,-25.3298944898432,0,83,-0.0188312832329161,0.012101556241568,0.524326384985727,unsafe_touchdown
2984,129,-27.3566175183944,0,77,-0.0188312832329161,0.012101556241568,0.524326384985727,unsafe_touchdown
2985,129,-23.4846284271514,0,72,-0.0188312832329161,0.012101556241568,0.524326384985727,unsafe_touchdown
2986,129,-26.8490020247468,0,79,-0.0188312832329161,0.012101556241568,0.524326384985727,unsafe_touchdown
2987,129,-23.5656801511045,0,82,-0.0188312832329161,0.012101556241568,0.524326384985727,unsafe_touchdown
2988,129,-25.7219958838083,0,83,-0.0188312832329161,0.012101556241568,0.524326384985727,unsafe_touchdown
2989,129,-24.3585540647095,0,85,-0.0188312832329161,0.012101556241568,0.524326384985727,unsafe_touchdown
2990,129,-24.2204622006788,0,80,-0.0188312832329161,0.012101556241568,0.524326384985727,unsafe_touchdown
2991,129,-24.0512635892248,0,84,-0.0188312832329161,0.012101556241568,0.524326384985727,unsafe_touchdown
2992,129,-24.1737514034289,0,73,-0.0188312832329161,0.012101556241568,0.524326384985727,unsafe_touchdown
2993,129,-22.8998283658931,0,76,-0.0188312832329161,0.012101556241568,0.524326384985727,unsafe_touchdown
2994,129,-24.2145536080643,0,69,-0.0188312832329161,0.012101556241568,0.524326384985727,unsafe_touchdown
2995,129,-28.3896170469344,0,90,-0.0188312832329161,0.012101556241568,0.524326384985727,unsafe_touchdown
2996,129,-24.2329501271494,0,75,-0.0188312832329161,0.012101556241568,0.524326384985727,unsafe_touchdown
2997,129,-23.8366677246743,0,78,-0.0188312832329161,0.012101556241568,0.524326384985727,unsafe_touchdown
2998,129,-30.8780731270993,0,99,-0.0188312832329161,0.012101556241568,0.524326384985727,unsafe_touchdown
2999,129,-23.3583292604787,0,78,-0.0188312832329161,0.012101556241568,0.524326384985727,unsafe_touchdown
3000,129,-26.3521684965756,0,86,-0.0188312832329161,0.012101556241568,0.524326384985727,unsafe_touchdown
