[spatial train] ppo_semantic_flat seed=828 iteration=1/200 episodes=12 difficulty=0.000 loss=-0.00417 wall=14.8s
[spatial train] ppo_semantic_flat seed=829 iteration=1/200 episodes=12 difficulty=0.000 loss=-0.00679 wall=14.8s
[spatial train] ppo_vector_canonical seed=828 iteration=1/200 episodes=12 difficulty=0.000 loss=-0.00340 wall=15.7s
[spatial train] ppo_ontology_rgat seed=828 iteration=1/200 episodes=12 difficulty=0.000 loss=-0.00237 wall=16.0s
[spatial train] ppo_vector_canonical seed=829 iteration=1/200 episodes=12 difficulty=0.000 loss=-0.00207 wall=17.7s
[spatial train] ppo_ontology_rgat seed=829 iteration=1/200 episodes=12 difficulty=0.000 loss=-0.00650 wall=19.0s
[spatial train] ppo_semantic_flat seed=829 iteration=2/200 episodes=24 difficulty=0.000 loss=-0.00182 wall=28.2s
[spatial train] ppo_semantic_flat seed=828 iteration=2/200 episodes=24 difficulty=0.000 loss=-0.00255 wall=28.2s
[spatial train] ppo_vector_canonical seed=828 iteration=2/200 episodes=24 difficulty=0.000 loss=-0.00249 wall=33.8s
[spatial train] ppo_vector_canonical seed=829 iteration=2/200 episodes=24 difficulty=0.000 loss=-0.00275 wall=35.5s
[spatial train] ppo_ontology_rgat seed=828 iteration=2/200 episodes=24 difficulty=0.000 loss=-0.00262 wall=36.9s
[spatial train] ppo_ontology_rgat seed=829 iteration=2/200 episodes=24 difficulty=0.000 loss=-0.00242 wall=37.9s
[spatial train] ppo_semantic_flat seed=828 iteration=3/200 episodes=36 difficulty=0.000 loss=0.07217 wall=38.9s
[spatial train] ppo_semantic_flat seed=829 iteration=3/200 episodes=36 difficulty=0.000 loss=0.02387 wall=42.7s
[spatial train] ppo_semantic_flat seed=828 iteration=4/200 episodes=48 difficulty=0.000 loss=-0.00062 wall=44.7s
[spatial train] ppo_ontology_rgat seed=828 iteration=3/200 episodes=36 difficulty=0.000 loss=0.12044 wall=50.4s
[spatial train] ppo_vector_canonical seed=828 iteration=3/200 episodes=36 difficulty=0.000 loss=0.00062 wall=51.8s
[spatial train] ppo_vector_canonical seed=829 iteration=3/200 episodes=36 difficulty=0.000 loss=-0.00074 wall=52.0s
[spatial train] ppo_semantic_flat seed=828 iteration=5/200 episodes=60 difficulty=0.000 loss=0.00117 wall=53.0s
[spatial train] ppo_semantic_flat seed=829 iteration=4/200 episodes=48 difficulty=0.000 loss=-0.02518 wall=54.5s
[spatial train] ppo_ontology_rgat seed=829 iteration=3/200 episodes=36 difficulty=0.000 loss=0.03591 wall=56.3s
[spatial train] ppo_ontology_rgat seed=828 iteration=4/200 episodes=48 difficulty=0.000 loss=0.06269 wall=60.0s
[spatial train] ppo_semantic_flat seed=828 iteration=6/200 episodes=72 difficulty=0.000 loss=-0.07141 wall=61.4s
[spatial train] ppo_vector_canonical seed=828 iteration=4/200 episodes=48 difficulty=0.000 loss=-0.00431 wall=62.6s
[spatial train] ppo_semantic_flat seed=829 iteration=5/200 episodes=60 difficulty=0.000 loss=0.02940 wall=65.4s
[spatial train] ppo_vector_canonical seed=829 iteration=4/200 episodes=48 difficulty=0.000 loss=-0.00401 wall=67.1s
[spatial train] ppo_semantic_flat seed=829 iteration=6/200 episodes=72 difficulty=0.000 loss=0.00502 wall=73.4s
[spatial train] ppo_ontology_rgat seed=829 iteration=4/200 episodes=48 difficulty=0.000 loss=-0.04344 wall=73.8s
[spatial train] ppo_semantic_flat seed=828 iteration=7/200 episodes=84 difficulty=0.000 loss=-0.00409 wall=74.7s
[spatial train] ppo_ontology_rgat seed=828 iteration=5/200 episodes=60 difficulty=0.000 loss=0.00556 wall=75.2s
[spatial train] ppo_vector_canonical seed=828 iteration=5/200 episodes=60 difficulty=0.000 loss=-0.00318 wall=78.3s
[spatial train] ppo_semantic_flat seed=829 iteration=7/200 episodes=84 difficulty=0.000 loss=-0.01617 wall=81.4s
[spatial train] ppo_vector_canonical seed=829 iteration=5/200 episodes=60 difficulty=0.000 loss=-0.00281 wall=85.0s
[spatial train] ppo_semantic_flat seed=828 iteration=8/200 episodes=96 difficulty=0.000 loss=0.05468 wall=88.1s
[spatial train] ppo_semantic_flat seed=829 iteration=8/200 episodes=96 difficulty=0.000 loss=-0.01181 wall=89.5s
[spatial train] ppo_vector_canonical seed=828 iteration=6/200 episodes=72 difficulty=0.000 loss=-0.00172 wall=91.6s
[spatial train] ppo_ontology_rgat seed=828 iteration=6/200 episodes=72 difficulty=0.000 loss=0.00685 wall=92.3s
[spatial train] ppo_vector_canonical seed=829 iteration=6/200 episodes=72 difficulty=0.000 loss=0.00478 wall=96.0s
[spatial train] ppo_ontology_rgat seed=829 iteration=5/200 episodes=60 difficulty=0.000 loss=-0.03029 wall=96.8s
[spatial train] ppo_semantic_flat seed=829 iteration=9/200 episodes=108 difficulty=0.000 loss=-0.01965 wall=101.3s
[spatial train] ppo_semantic_flat seed=828 iteration=9/200 episodes=108 difficulty=0.000 loss=0.00353 wall=101.3s
[spatial train] ppo_semantic_flat seed=828 iteration=10/200 episodes=120 difficulty=0.000 loss=-0.00331 wall=109.8s
[spatial train] ppo_vector_canonical seed=828 iteration=7/200 episodes=84 difficulty=0.000 loss=-0.00327 wall=109.9s
[spatial train] ppo_ontology_rgat seed=829 iteration=6/200 episodes=72 difficulty=0.000 loss=0.00235 wall=111.7s
[spatial train] ppo_ontology_rgat seed=828 iteration=7/200 episodes=84 difficulty=0.000 loss=0.03212 wall=112.2s
[spatial train] ppo_vector_canonical seed=829 iteration=7/200 episodes=84 difficulty=0.000 loss=-0.00418 wall=112.5s
[spatial train] ppo_semantic_flat seed=829 iteration=10/200 episodes=120 difficulty=0.000 loss=-0.01975 wall=113.2s
[spatial train] ppo_semantic_flat seed=828 iteration=11/200 episodes=132 difficulty=0.000 loss=0.01546 wall=119.2s
[spatial train] ppo_semantic_flat seed=829 iteration=11/200 episodes=132 difficulty=0.000 loss=0.01978 wall=123.1s
[spatial train] ppo_vector_canonical seed=828 iteration=8/200 episodes=96 difficulty=0.000 loss=-0.00342 wall=128.2s
[spatial train] ppo_ontology_rgat seed=829 iteration=7/200 episodes=84 difficulty=0.000 loss=0.01322 wall=128.3s
[spatial train] ppo_semantic_flat seed=828 iteration=12/200 episodes=144 difficulty=0.000 loss=-0.00308 wall=130.0s
[spatial train] ppo_vector_canonical seed=829 iteration=8/200 episodes=96 difficulty=0.000 loss=-0.00313 wall=130.3s
[spatial train] ppo_semantic_flat seed=829 iteration=12/200 episodes=144 difficulty=0.000 loss=0.01376 wall=131.6s
[spatial train] ppo_ontology_rgat seed=828 iteration=8/200 episodes=96 difficulty=0.000 loss=0.04828 wall=133.8s
[spatial train] ppo_semantic_flat seed=829 iteration=13/200 episodes=156 difficulty=0.000 loss=0.00618 wall=138.4s
[spatial train] ppo_vector_canonical seed=828 iteration=9/200 episodes=108 difficulty=0.000 loss=-0.00467 wall=145.1s
[spatial train] ppo_vector_canonical seed=829 iteration=9/200 episodes=108 difficulty=0.000 loss=-0.00461 wall=145.6s
[spatial train] ppo_semantic_flat seed=828 iteration=13/200 episodes=156 difficulty=0.000 loss=0.00062 wall=145.8s
[spatial train] ppo_ontology_rgat seed=829 iteration=8/200 episodes=96 difficulty=0.000 loss=-0.00704 wall=146.7s
[spatial train] ppo_semantic_flat seed=829 iteration=14/200 episodes=168 difficulty=0.000 loss=0.02918 wall=150.2s
[spatial train] ppo_ontology_rgat seed=828 iteration=9/200 episodes=108 difficulty=0.000 loss=-0.02004 wall=153.7s
[spatial train] ppo_semantic_flat seed=828 iteration=14/200 episodes=168 difficulty=0.000 loss=-0.05215 wall=159.1s
[spatial train] ppo_vector_canonical seed=828 iteration=10/200 episodes=120 difficulty=0.000 loss=-0.00233 wall=159.3s
[spatial train] ppo_ontology_rgat seed=829 iteration=9/200 episodes=108 difficulty=0.000 loss=0.02394 wall=159.8s
[spatial train] ppo_semantic_flat seed=829 iteration=15/200 episodes=180 difficulty=0.000 loss=0.00870 wall=161.5s
[spatial train] ppo_vector_canonical seed=829 iteration=10/200 episodes=120 difficulty=0.000 loss=-0.00297 wall=164.0s
[spatial train] ppo_semantic_flat seed=828 iteration=15/200 episodes=180 difficulty=0.000 loss=-0.00004 wall=167.7s
[spatial train] ppo_semantic_flat seed=829 iteration=16/200 episodes=192 difficulty=0.000 loss=0.00724 wall=169.2s
[spatial train] ppo_ontology_rgat seed=828 iteration=10/200 episodes=120 difficulty=0.000 loss=0.02958 wall=169.6s
[spatial train] ppo_vector_canonical seed=828 iteration=11/200 episodes=132 difficulty=0.000 loss=-0.00371 wall=173.2s
[spatial train] ppo_semantic_flat seed=829 iteration=17/200 episodes=204 difficulty=0.000 loss=-0.02910 wall=175.2s
[spatial train] ppo_semantic_flat seed=828 iteration=16/200 episodes=192 difficulty=0.000 loss=-0.02550 wall=176.3s
[spatial train] ppo_ontology_rgat seed=829 iteration=10/200 episodes=120 difficulty=0.000 loss=0.01040 wall=180.5s
[spatial train] ppo_vector_canonical seed=829 iteration=11/200 episodes=132 difficulty=0.000 loss=-0.00272 wall=182.3s
[spatial train] ppo_semantic_flat seed=828 iteration=17/200 episodes=204 difficulty=0.000 loss=-0.00648 wall=182.7s
[spatial train] ppo_ontology_rgat seed=828 iteration=11/200 episodes=132 difficulty=0.000 loss=-0.00035 wall=183.8s
[spatial train] ppo_vector_canonical seed=828 iteration=12/200 episodes=144 difficulty=0.000 loss=-0.00925 wall=188.4s
[spatial train] ppo_semantic_flat seed=829 iteration=18/200 episodes=216 difficulty=0.000 loss=-0.02817 wall=189.5s
[spatial train] ppo_semantic_flat seed=828 iteration=18/200 episodes=216 difficulty=0.000 loss=-0.00224 wall=196.5s
[spatial train] ppo_vector_canonical seed=829 iteration=12/200 episodes=144 difficulty=0.000 loss=-0.00666 wall=198.0s
[spatial train] ppo_ontology_rgat seed=829 iteration=11/200 episodes=132 difficulty=0.000 loss=0.03362 wall=198.1s
[spatial train] ppo_semantic_flat seed=829 iteration=19/200 episodes=228 difficulty=0.000 loss=0.00408 wall=200.6s
[spatial train] ppo_ontology_rgat seed=828 iteration=12/200 episodes=144 difficulty=0.000 loss=-0.01028 wall=203.1s
[spatial train] ppo_vector_canonical seed=828 iteration=13/200 episodes=156 difficulty=0.000 loss=-0.00610 wall=205.0s
[spatial train] ppo_semantic_flat seed=828 iteration=19/200 episodes=228 difficulty=0.000 loss=-0.00089 wall=207.8s
[spatial train] ppo_vector_canonical seed=829 iteration=13/200 episodes=156 difficulty=0.000 loss=-0.00478 wall=212.7s
[spatial train] ppo_ontology_rgat seed=829 iteration=12/200 episodes=144 difficulty=0.000 loss=0.01168 wall=213.9s
[spatial train] ppo_semantic_flat seed=829 iteration=20/200 episodes=240 difficulty=0.000 loss=0.00926 wall=216.9s
[spatial train] ppo_semantic_flat seed=828 iteration=20/200 episodes=240 difficulty=0.000 loss=-0.00311 wall=220.4s
[spatial train] ppo_ontology_rgat seed=828 iteration=13/200 episodes=156 difficulty=0.000 loss=0.01164 wall=224.0s
[spatial train] ppo_vector_canonical seed=828 iteration=14/200 episodes=168 difficulty=0.000 loss=-0.00153 wall=226.8s
[spatial train] ppo_semantic_flat seed=828 iteration=21/200 episodes=252 difficulty=0.000 loss=0.02281 wall=236.9s
[spatial train] ppo_semantic_flat seed=829 iteration=21/200 episodes=252 difficulty=0.000 loss=0.00529 wall=237.6s
[spatial train] ppo_vector_canonical seed=829 iteration=14/200 episodes=168 difficulty=0.000 loss=-0.00386 wall=238.6s
[spatial train] ppo_ontology_rgat seed=829 iteration=13/200 episodes=156 difficulty=0.000 loss=0.00632 wall=244.1s
[spatial train] ppo_vector_canonical seed=828 iteration=15/200 episodes=180 difficulty=0.000 loss=-0.00354 wall=252.1s
[spatial train] ppo_ontology_rgat seed=828 iteration=14/200 episodes=168 difficulty=0.000 loss=0.01479 wall=258.7s
[spatial train] ppo_semantic_flat seed=828 iteration=22/200 episodes=264 difficulty=0.000 loss=-0.01829 wall=264.4s
[spatial train] ppo_vector_canonical seed=829 iteration=15/200 episodes=180 difficulty=0.000 loss=-0.01311 wall=264.7s
[spatial train] ppo_semantic_flat seed=829 iteration=22/200 episodes=264 difficulty=0.000 loss=-0.00850 wall=267.0s
[spatial train] ppo_ontology_rgat seed=829 iteration=14/200 episodes=168 difficulty=0.000 loss=0.00851 wall=270.3s
[spatial train] ppo_vector_canonical seed=828 iteration=16/200 episodes=192 difficulty=0.000 loss=-0.00524 wall=271.5s
[spatial train] ppo_semantic_flat seed=829 iteration=23/200 episodes=276 difficulty=0.000 loss=0.02903 wall=280.1s
[spatial train] ppo_ontology_rgat seed=828 iteration=15/200 episodes=180 difficulty=0.000 loss=0.02547 wall=280.4s
[spatial train] ppo_vector_canonical seed=829 iteration=16/200 episodes=192 difficulty=0.000 loss=-0.00657 wall=282.1s
[spatial train] ppo_semantic_flat seed=828 iteration=23/200 episodes=276 difficulty=0.000 loss=-0.02835 wall=282.5s
[spatial train] ppo_ontology_rgat seed=829 iteration=15/200 episodes=180 difficulty=0.000 loss=-0.02806 wall=288.5s
[spatial train] ppo_semantic_flat seed=829 iteration=24/200 episodes=288 difficulty=0.000 loss=0.02660 wall=288.9s
[spatial train] ppo_vector_canonical seed=828 iteration=17/200 episodes=204 difficulty=0.000 loss=-0.00395 wall=289.9s
[spatial train] ppo_semantic_flat seed=829 iteration=25/200 episodes=300 difficulty=0.000 loss=0.02951 wall=295.1s
[spatial train] ppo_ontology_rgat seed=828 iteration=16/200 episodes=192 difficulty=0.000 loss=0.00570 wall=297.4s
[spatial train] ppo_semantic_flat seed=828 iteration=24/200 episodes=288 difficulty=0.000 loss=0.00901 wall=298.2s
[spatial train] ppo_vector_canonical seed=829 iteration=17/200 episodes=204 difficulty=0.000 loss=0.00682 wall=298.5s
[spatial train] ppo_ontology_rgat seed=829 iteration=16/200 episodes=192 difficulty=0.000 loss=0.00606 wall=306.6s
[spatial train] ppo_semantic_flat seed=829 iteration=26/200 episodes=312 difficulty=0.000 loss=-0.02293 wall=307.1s
[spatial train] ppo_vector_canonical seed=828 iteration=18/200 episodes=216 difficulty=0.000 loss=-0.00462 wall=308.3s
[spatial train] ppo_ontology_rgat seed=828 iteration=17/200 episodes=204 difficulty=0.000 loss=0.01398 wall=314.1s
[spatial train] ppo_vector_canonical seed=829 iteration=18/200 episodes=216 difficulty=0.000 loss=-0.00480 wall=315.4s
[spatial train] ppo_semantic_flat seed=828 iteration=25/200 episodes=300 difficulty=0.000 loss=0.00834 wall=315.4s
[spatial train] ppo_semantic_flat seed=829 iteration=27/200 episodes=324 difficulty=0.000 loss=0.00725 wall=321.6s
[spatial train] ppo_vector_canonical seed=828 iteration=19/200 episodes=228 difficulty=0.000 loss=-0.00022 wall=325.1s
[spatial train] ppo_ontology_rgat seed=829 iteration=17/200 episodes=204 difficulty=0.000 loss=0.02522 wall=326.1s
[spatial train] ppo_semantic_flat seed=828 iteration=26/200 episodes=312 difficulty=0.000 loss=0.01980 wall=330.0s
[spatial train] ppo_semantic_flat seed=829 iteration=28/200 episodes=336 difficulty=0.000 loss=0.02937 wall=332.4s
[spatial train] ppo_ontology_rgat seed=828 iteration=18/200 episodes=216 difficulty=0.000 loss=0.00543 wall=332.5s
[spatial train] ppo_vector_canonical seed=829 iteration=19/200 episodes=228 difficulty=0.000 loss=0.00063 wall=333.2s
[spatial train] ppo_vector_canonical seed=828 iteration=20/200 episodes=240 difficulty=0.000 loss=-0.00422 wall=343.5s
[spatial train] ppo_ontology_rgat seed=829 iteration=18/200 episodes=216 difficulty=0.000 loss=0.00302 wall=345.8s
[spatial train] ppo_semantic_flat seed=828 iteration=27/200 episodes=324 difficulty=0.000 loss=-0.00201 wall=347.1s
[spatial train] ppo_semantic_flat seed=829 iteration=29/200 episodes=348 difficulty=0.000 loss=0.00537 wall=348.2s
[spatial train] ppo_vector_canonical seed=829 iteration=20/200 episodes=240 difficulty=0.000 loss=-0.00589 wall=351.4s
[spatial train] ppo_ontology_rgat seed=828 iteration=19/200 episodes=228 difficulty=0.000 loss=-0.01881 wall=354.0s
[spatial train] ppo_vector_canonical seed=828 iteration=21/200 episodes=252 difficulty=0.000 loss=-0.00714 wall=361.0s
[spatial train] ppo_semantic_flat seed=828 iteration=28/200 episodes=336 difficulty=0.000 loss=0.01052 wall=363.3s
[spatial train] ppo_semantic_flat seed=829 iteration=30/200 episodes=360 difficulty=0.000 loss=0.02062 wall=363.4s
[spatial train] ppo_ontology_rgat seed=829 iteration=19/200 episodes=228 difficulty=0.000 loss=-0.00311 wall=364.2s
[spatial train] ppo_vector_canonical seed=829 iteration=21/200 episodes=252 difficulty=0.000 loss=-0.00508 wall=371.7s
[spatial train] ppo_ontology_rgat seed=828 iteration=20/200 episodes=240 difficulty=0.000 loss=-0.01262 wall=373.3s
[spatial train] ppo_vector_canonical seed=828 iteration=22/200 episodes=264 difficulty=0.000 loss=-0.00342 wall=378.7s
[spatial train] ppo_semantic_flat seed=829 iteration=31/200 episodes=372 difficulty=0.000 loss=0.02513 wall=380.1s
[spatial train] ppo_semantic_flat seed=828 iteration=29/200 episodes=348 difficulty=0.000 loss=0.02986 wall=381.2s
[spatial train] ppo_ontology_rgat seed=829 iteration=20/200 episodes=240 difficulty=0.000 loss=0.01116 wall=384.7s
[spatial train] ppo_ontology_rgat seed=828 iteration=21/200 episodes=252 difficulty=0.000 loss=-0.00917 wall=387.5s
[spatial train] ppo_vector_canonical seed=829 iteration=22/200 episodes=264 difficulty=0.000 loss=-0.00538 wall=392.1s
[spatial train] ppo_semantic_flat seed=828 iteration=30/200 episodes=360 difficulty=0.000 loss=0.00413 wall=397.6s
[spatial train] ppo_vector_canonical seed=828 iteration=23/200 episodes=276 difficulty=0.000 loss=-0.00390 wall=398.0s
[spatial train] ppo_semantic_flat seed=829 iteration=32/200 episodes=384 difficulty=0.000 loss=0.01563 wall=398.0s
[spatial train] ppo_ontology_rgat seed=828 iteration=22/200 episodes=264 difficulty=0.000 loss=-0.01471 wall=401.8s
[spatial train] ppo_ontology_rgat seed=829 iteration=21/200 episodes=252 difficulty=0.000 loss=-0.01701 wall=405.2s
[spatial train] ppo_semantic_flat seed=828 iteration=31/200 episodes=372 difficulty=0.000 loss=-0.00680 wall=411.5s
[spatial train] ppo_vector_canonical seed=829 iteration=23/200 episodes=276 difficulty=0.000 loss=-0.00187 wall=412.7s
[spatial train] ppo_ontology_rgat seed=828 iteration=23/200 episodes=276 difficulty=0.000 loss=-0.00045 wall=412.9s
[spatial train] ppo_semantic_flat seed=829 iteration=33/200 episodes=396 difficulty=0.000 loss=-0.04083 wall=413.2s
[spatial train] ppo_vector_canonical seed=828 iteration=24/200 episodes=288 difficulty=0.000 loss=-0.00522 wall=417.2s
[spatial train] ppo_ontology_rgat seed=829 iteration=22/200 episodes=264 difficulty=0.000 loss=0.01327 wall=424.1s
[spatial train] ppo_ontology_rgat seed=828 iteration=24/200 episodes=288 difficulty=0.000 loss=0.03510 wall=429.2s
[spatial train] ppo_semantic_flat seed=828 iteration=32/200 episodes=384 difficulty=0.000 loss=0.01521 wall=429.4s
[spatial train] ppo_vector_canonical seed=829 iteration=24/200 episodes=288 difficulty=0.000 loss=0.00542 wall=430.0s
[spatial train] ppo_semantic_flat seed=829 iteration=34/200 episodes=408 difficulty=0.000 loss=0.00915 wall=432.4s
[spatial train] ppo_vector_canonical seed=828 iteration=25/200 episodes=300 difficulty=0.000 loss=-0.00501 wall=435.2s
[spatial train] ppo_ontology_rgat seed=829 iteration=23/200 episodes=276 difficulty=0.000 loss=-0.00565 wall=442.8s
[spatial train] ppo_semantic_flat seed=828 iteration=33/200 episodes=396 difficulty=0.000 loss=0.02540 wall=443.4s
[spatial train] ppo_ontology_rgat seed=828 iteration=25/200 episodes=300 difficulty=0.000 loss=0.00667 wall=445.2s
[spatial train] ppo_vector_canonical seed=829 iteration=25/200 episodes=300 difficulty=0.000 loss=-0.00905 wall=446.1s
[spatial train] ppo_semantic_flat seed=829 iteration=35/200 episodes=420 difficulty=0.000 loss=0.01016 wall=449.1s
[spatial train] ppo_vector_canonical seed=828 iteration=26/200 episodes=312 difficulty=0.000 loss=0.00380 wall=451.5s
[spatial train] ppo_ontology_rgat seed=829 iteration=24/200 episodes=288 difficulty=0.000 loss=0.00406 wall=458.4s
[spatial train] ppo_semantic_flat seed=828 iteration=34/200 episodes=408 difficulty=0.000 loss=-0.02230 wall=459.8s
[spatial train] ppo_ontology_rgat seed=828 iteration=26/200 episodes=312 difficulty=0.000 loss=-0.00434 wall=461.2s
[spatial train] ppo_vector_canonical seed=829 iteration=26/200 episodes=312 difficulty=0.000 loss=0.00008 wall=463.5s
[spatial train] ppo_semantic_flat seed=829 iteration=36/200 episodes=432 difficulty=0.000 loss=-0.00288 wall=466.0s
[spatial train] ppo_vector_canonical seed=828 iteration=27/200 episodes=324 difficulty=0.000 loss=-0.00339 wall=469.2s
[spatial train] ppo_semantic_flat seed=828 iteration=35/200 episodes=420 difficulty=0.000 loss=0.00015 wall=472.6s
[spatial train] ppo_ontology_rgat seed=829 iteration=25/200 episodes=300 difficulty=0.000 loss=0.02229 wall=477.3s
[spatial train] ppo_ontology_rgat seed=828 iteration=27/200 episodes=324 difficulty=0.000 loss=0.05061 wall=478.9s
[spatial train] ppo_vector_canonical seed=829 iteration=27/200 episodes=324 difficulty=0.000 loss=-0.00336 wall=482.4s
[spatial train] ppo_semantic_flat seed=829 iteration=37/200 episodes=444 difficulty=0.000 loss=0.03128 wall=482.5s
[spatial train] ppo_vector_canonical seed=828 iteration=28/200 episodes=336 difficulty=0.000 loss=-0.00384 wall=486.9s
[spatial train] ppo_semantic_flat seed=828 iteration=36/200 episodes=432 difficulty=0.000 loss=0.02532 wall=489.1s
[spatial train] ppo_ontology_rgat seed=828 iteration=28/200 episodes=336 difficulty=0.000 loss=0.06426 wall=494.7s
[spatial train] ppo_ontology_rgat seed=829 iteration=26/200 episodes=312 difficulty=0.000 loss=0.01712 wall=497.9s
[spatial train] ppo_semantic_flat seed=829 iteration=38/200 episodes=456 difficulty=0.000 loss=0.02383 wall=501.8s
[spatial train] ppo_vector_canonical seed=829 iteration=28/200 episodes=336 difficulty=0.000 loss=-0.00256 wall=502.9s
[spatial train] ppo_semantic_flat seed=828 iteration=37/200 episodes=444 difficulty=0.000 loss=0.01707 wall=504.3s
[spatial train] ppo_vector_canonical seed=828 iteration=29/200 episodes=348 difficulty=0.000 loss=-0.00688 wall=504.9s
[spatial train] ppo_semantic_flat seed=828 iteration=38/200 episodes=456 difficulty=0.000 loss=-0.00059 wall=515.6s
[spatial train] ppo_ontology_rgat seed=828 iteration=29/200 episodes=348 difficulty=0.000 loss=-0.01147 wall=515.7s
[spatial train] ppo_ontology_rgat seed=829 iteration=27/200 episodes=324 difficulty=0.000 loss=0.00171 wall=518.6s
[spatial train] ppo_semantic_flat seed=829 iteration=39/200 episodes=468 difficulty=0.000 loss=0.00367 wall=519.7s
[spatial train] ppo_vector_canonical seed=828 iteration=30/200 episodes=360 difficulty=0.000 loss=-0.01904 wall=522.6s
[spatial train] ppo_vector_canonical seed=829 iteration=29/200 episodes=348 difficulty=0.000 loss=0.00229 wall=523.1s
[spatial train] ppo_semantic_flat seed=828 iteration=39/200 episodes=468 difficulty=0.000 loss=0.00846 wall=532.1s
[spatial train] ppo_semantic_flat seed=829 iteration=40/200 episodes=480 difficulty=0.000 loss=0.00702 wall=533.7s
[spatial train] ppo_ontology_rgat seed=828 iteration=30/200 episodes=360 difficulty=0.000 loss=0.02652 wall=534.9s
[spatial train] ppo_ontology_rgat seed=829 iteration=28/200 episodes=336 difficulty=0.000 loss=0.00812 wall=536.0s
[spatial train] ppo_vector_canonical seed=828 iteration=31/200 episodes=372 difficulty=0.000 loss=-0.00651 wall=541.5s
[spatial train] ppo_vector_canonical seed=829 iteration=30/200 episodes=360 difficulty=0.000 loss=-0.00312 wall=543.6s
[spatial train] ppo_semantic_flat seed=828 iteration=40/200 episodes=480 difficulty=0.000 loss=0.00663 wall=549.9s
[spatial train] ppo_semantic_flat seed=829 iteration=41/200 episodes=492 difficulty=0.000 loss=0.01344 wall=552.8s
[spatial train] ppo_ontology_rgat seed=829 iteration=29/200 episodes=348 difficulty=0.000 loss=-0.01451 wall=553.4s
[spatial train] ppo_ontology_rgat seed=828 iteration=31/200 episodes=372 difficulty=0.000 loss=-0.01711 wall=559.2s
[spatial train] ppo_vector_canonical seed=828 iteration=32/200 episodes=384 difficulty=0.000 loss=-0.00331 wall=559.5s
[spatial train] ppo_vector_canonical seed=829 iteration=31/200 episodes=372 difficulty=0.000 loss=-0.00466 wall=562.8s
[spatial train] ppo_semantic_flat seed=828 iteration=41/200 episodes=492 difficulty=0.000 loss=0.01968 wall=567.8s
[spatial train] ppo_semantic_flat seed=829 iteration=42/200 episodes=504 difficulty=0.000 loss=-0.01713 wall=569.4s
[spatial train] ppo_ontology_rgat seed=829 iteration=30/200 episodes=360 difficulty=0.000 loss=0.00802 wall=570.7s
[spatial train] ppo_vector_canonical seed=828 iteration=33/200 episodes=396 difficulty=0.000 loss=-0.00259 wall=577.4s
[spatial train] ppo_ontology_rgat seed=828 iteration=32/200 episodes=384 difficulty=0.000 loss=-0.01027 wall=581.8s
[spatial train] ppo_vector_canonical seed=829 iteration=32/200 episodes=384 difficulty=0.000 loss=0.00123 wall=583.1s
[spatial train] ppo_semantic_flat seed=828 iteration=42/200 episodes=504 difficulty=0.000 loss=0.02937 wall=585.7s
[spatial train] ppo_semantic_flat seed=829 iteration=43/200 episodes=516 difficulty=0.000 loss=-0.06322 wall=587.3s
[spatial train] ppo_ontology_rgat seed=829 iteration=31/200 episodes=372 difficulty=0.000 loss=0.01234 wall=594.4s
[spatial train] ppo_vector_canonical seed=828 iteration=34/200 episodes=408 difficulty=0.000 loss=-0.00244 wall=596.8s
[spatial train] ppo_semantic_flat seed=829 iteration=44/200 episodes=528 difficulty=0.000 loss=0.01523 wall=600.0s
[spatial train] ppo_vector_canonical seed=829 iteration=33/200 episodes=396 difficulty=0.000 loss=-0.00489 wall=602.3s
[spatial train] ppo_semantic_flat seed=828 iteration=43/200 episodes=516 difficulty=0.000 loss=-0.01627 wall=602.3s
[spatial train] ppo_ontology_rgat seed=828 iteration=33/200 episodes=396 difficulty=0.000 loss=-0.01458 wall=604.5s
[spatial train] ppo_vector_canonical seed=828 iteration=35/200 episodes=420 difficulty=0.000 loss=0.00357 wall=614.5s
[spatial train] ppo_semantic_flat seed=829 iteration=45/200 episodes=540 difficulty=0.000 loss=-0.00233 wall=615.4s
[spatial train] ppo_ontology_rgat seed=829 iteration=32/200 episodes=384 difficulty=0.000 loss=-0.00782 wall=616.5s
[spatial train] ppo_semantic_flat seed=828 iteration=44/200 episodes=528 difficulty=0.000 loss=0.01549 wall=617.6s
[spatial train] ppo_vector_canonical seed=829 iteration=34/200 episodes=408 difficulty=0.000 loss=-0.00407 wall=623.0s
[spatial train] ppo_ontology_rgat seed=828 iteration=34/200 episodes=408 difficulty=0.000 loss=0.03882 wall=627.3s
[spatial train] ppo_semantic_flat seed=829 iteration=46/200 episodes=552 difficulty=0.000 loss=0.02359 wall=628.2s
[spatial train] ppo_semantic_flat seed=828 iteration=45/200 episodes=540 difficulty=0.000 loss=0.01305 wall=633.1s
[spatial train] ppo_vector_canonical seed=828 iteration=36/200 episodes=432 difficulty=0.000 loss=-0.00080 wall=633.7s
[spatial train] ppo_ontology_rgat seed=829 iteration=33/200 episodes=396 difficulty=0.000 loss=-0.00319 wall=637.1s
[spatial train] ppo_semantic_flat seed=829 iteration=47/200 episodes=564 difficulty=0.000 loss=0.01028 wall=639.6s
[spatial train] ppo_vector_canonical seed=829 iteration=35/200 episodes=420 difficulty=0.000 loss=-0.00362 wall=643.8s
[spatial train] ppo_semantic_flat seed=828 iteration=46/200 episodes=552 difficulty=0.000 loss=-0.00322 wall=648.6s
[spatial train] ppo_ontology_rgat seed=828 iteration=35/200 episodes=420 difficulty=0.000 loss=0.06511 wall=650.3s
[spatial train] ppo_vector_canonical seed=828 iteration=37/200 episodes=444 difficulty=0.000 loss=-0.00258 wall=653.3s
[spatial train] ppo_semantic_flat seed=829 iteration=48/200 episodes=576 difficulty=0.000 loss=-0.00467 wall=657.8s
[spatial train] ppo_ontology_rgat seed=829 iteration=34/200 episodes=408 difficulty=0.000 loss=0.01597 wall=659.4s
[spatial train] ppo_semantic_flat seed=828 iteration=47/200 episodes=564 difficulty=0.000 loss=0.00711 wall=664.1s
[spatial train] ppo_vector_canonical seed=829 iteration=36/200 episodes=432 difficulty=0.000 loss=-0.00295 wall=664.6s
[spatial train] ppo_vector_canonical seed=828 iteration=38/200 episodes=456 difficulty=0.000 loss=-0.00387 wall=671.5s
[spatial train] ppo_ontology_rgat seed=828 iteration=36/200 episodes=432 difficulty=0.000 loss=0.00783 wall=671.6s
[spatial train] ppo_semantic_flat seed=829 iteration=49/200 episodes=588 difficulty=0.000 loss=0.01252 wall=676.0s
[spatial train] ppo_ontology_rgat seed=829 iteration=35/200 episodes=420 difficulty=0.000 loss=0.00599 wall=680.3s
[spatial train] ppo_semantic_flat seed=828 iteration=48/200 episodes=576 difficulty=0.000 loss=-0.02396 wall=680.9s
[spatial train] ppo_vector_canonical seed=829 iteration=37/200 episodes=444 difficulty=0.000 loss=0.00046 wall=682.4s
[spatial train] ppo_vector_canonical seed=828 iteration=39/200 episodes=468 difficulty=0.000 loss=-0.00509 wall=689.8s
[spatial train] ppo_ontology_rgat seed=828 iteration=37/200 episodes=444 difficulty=0.000 loss=-0.00099 wall=691.2s
[spatial train] ppo_semantic_flat seed=829 iteration=50/200 episodes=600 difficulty=0.000 loss=0.00779 wall=695.7s
[spatial train] ppo_semantic_flat seed=828 iteration=49/200 episodes=588 difficulty=0.000 loss=0.00574 wall=699.1s
[spatial train] ppo_ontology_rgat seed=829 iteration=36/200 episodes=432 difficulty=0.000 loss=0.01443 wall=701.1s
[spatial train] ppo_vector_canonical seed=829 iteration=38/200 episodes=456 difficulty=0.000 loss=-0.00231 wall=703.2s
[spatial train] ppo_ontology_rgat seed=828 iteration=38/200 episodes=456 difficulty=0.000 loss=-0.01026 wall=707.3s
[spatial train] ppo_vector_canonical seed=828 iteration=40/200 episodes=480 difficulty=0.000 loss=-0.00532 wall=708.1s
[spatial train] ppo_semantic_flat seed=829 iteration=51/200 episodes=612 difficulty=0.000 loss=0.00138 wall=711.1s
[spatial train] ppo_semantic_flat seed=828 iteration=50/200 episodes=600 difficulty=0.000 loss=-0.00686 wall=712.0s
[spatial train] ppo_ontology_rgat seed=829 iteration=37/200 episodes=444 difficulty=0.000 loss=0.00585 wall=721.7s
[spatial train] ppo_vector_canonical seed=829 iteration=39/200 episodes=468 difficulty=0.000 loss=0.00087 wall=723.6s
[spatial train] ppo_vector_canonical seed=828 iteration=41/200 episodes=492 difficulty=0.000 loss=-0.00396 wall=727.8s
[spatial train] ppo_ontology_rgat seed=828 iteration=39/200 episodes=468 difficulty=0.000 loss=0.01576 wall=728.6s
[spatial train] ppo_semantic_flat seed=829 iteration=52/200 episodes=624 difficulty=0.000 loss=0.01358 wall=729.2s
[spatial train] ppo_semantic_flat seed=828 iteration=51/200 episodes=612 difficulty=0.000 loss=0.00556 wall=730.2s
[spatial train] ppo_vector_canonical seed=829 iteration=40/200 episodes=480 difficulty=0.000 loss=-0.00073 wall=744.3s
[spatial train] ppo_ontology_rgat seed=828 iteration=40/200 episodes=480 difficulty=0.000 loss=0.00466 wall=744.8s
[spatial train] ppo_ontology_rgat seed=829 iteration=38/200 episodes=456 difficulty=0.000 loss=0.00954 wall=745.8s
[spatial train] ppo_semantic_flat seed=829 iteration=53/200 episodes=636 difficulty=0.000 loss=0.01060 wall=747.4s
[spatial train] ppo_vector_canonical seed=828 iteration=42/200 episodes=504 difficulty=0.000 loss=-0.00224 wall=747.4s
[spatial train] ppo_semantic_flat seed=828 iteration=52/200 episodes=624 difficulty=0.000 loss=-0.03765 wall=748.2s
[spatial train] ppo_ontology_rgat seed=828 iteration=41/200 episodes=492 difficulty=0.000 loss=0.04296 wall=762.7s
[spatial train] ppo_vector_canonical seed=829 iteration=41/200 episodes=492 difficulty=0.000 loss=-0.00290 wall=765.2s
[spatial train] ppo_semantic_flat seed=829 iteration=54/200 episodes=648 difficulty=0.000 loss=0.03739 wall=765.6s
[spatial train] ppo_vector_canonical seed=828 iteration=43/200 episodes=516 difficulty=0.000 loss=-0.00444 wall=765.8s
[spatial train] ppo_semantic_flat seed=828 iteration=53/200 episodes=636 difficulty=0.000 loss=-0.00684 wall=766.4s
[spatial train] ppo_ontology_rgat seed=829 iteration=39/200 episodes=468 difficulty=0.000 loss=0.01703 wall=769.7s
[spatial train] ppo_ontology_rgat seed=828 iteration=42/200 episodes=504 difficulty=0.000 loss=0.00894 wall=780.6s
[spatial train] ppo_vector_canonical seed=828 iteration=44/200 episodes=528 difficulty=0.000 loss=0.00618 wall=783.9s
[spatial train] ppo_semantic_flat seed=829 iteration=55/200 episodes=660 difficulty=0.000 loss=0.01742 wall=785.2s
[spatial train] ppo_semantic_flat seed=828 iteration=54/200 episodes=648 difficulty=0.000 loss=-0.00857 wall=785.8s
[spatial train] ppo_vector_canonical seed=829 iteration=42/200 episodes=504 difficulty=0.000 loss=-0.00350 wall=785.9s
[spatial train] ppo_ontology_rgat seed=829 iteration=40/200 episodes=480 difficulty=0.000 loss=0.00465 wall=793.6s
[spatial train] ppo_vector_canonical seed=828 iteration=45/200 episodes=540 difficulty=0.000 loss=-0.00785 wall=800.7s
[spatial train] ppo_ontology_rgat seed=828 iteration=43/200 episodes=516 difficulty=0.000 loss=0.00725 wall=802.0s
[spatial train] ppo_semantic_flat seed=828 iteration=55/200 episodes=660 difficulty=0.000 loss=0.00942 wall=803.8s
[spatial train] ppo_semantic_flat seed=829 iteration=56/200 episodes=672 difficulty=0.000 loss=-0.03584 wall=804.6s
[spatial train] ppo_vector_canonical seed=829 iteration=43/200 episodes=516 difficulty=0.000 loss=-0.00192 wall=805.1s
[spatial train] ppo_ontology_rgat seed=829 iteration=41/200 episodes=492 difficulty=0.000 loss=-0.00122 wall=816.0s
[spatial train] ppo_semantic_flat seed=828 iteration=56/200 episodes=672 difficulty=0.000 loss=0.00784 wall=819.2s
[spatial train] ppo_vector_canonical seed=828 iteration=46/200 episodes=552 difficulty=0.000 loss=-0.00632 wall=820.2s
[spatial train] ppo_semantic_flat seed=829 iteration=57/200 episodes=684 difficulty=0.000 loss=-0.00447 wall=823.8s
[spatial train] ppo_vector_canonical seed=829 iteration=44/200 episodes=528 difficulty=0.000 loss=0.00135 wall=824.2s
[spatial train] ppo_ontology_rgat seed=828 iteration=44/200 episodes=528 difficulty=0.000 loss=0.00578 wall=825.1s
[spatial train] ppo_ontology_rgat seed=829 iteration=42/200 episodes=504 difficulty=0.000 loss=-0.01381 wall=833.3s
[spatial train] ppo_vector_canonical seed=828 iteration=47/200 episodes=564 difficulty=0.000 loss=-0.00252 wall=838.1s
[spatial train] ppo_semantic_flat seed=828 iteration=57/200 episodes=684 difficulty=0.000 loss=0.01074 wall=838.6s
[spatial train] ppo_semantic_flat seed=829 iteration=58/200 episodes=696 difficulty=0.000 loss=-0.00978 wall=839.3s
[spatial train] ppo_ontology_rgat seed=828 iteration=45/200 episodes=540 difficulty=0.000 loss=-0.03270 wall=843.1s
[spatial train] ppo_vector_canonical seed=829 iteration=45/200 episodes=540 difficulty=0.000 loss=-0.00375 wall=845.1s
[spatial train] ppo_ontology_rgat seed=829 iteration=43/200 episodes=516 difficulty=0.000 loss=-0.03531 wall=850.8s
[spatial train] ppo_semantic_flat seed=829 iteration=59/200 episodes=708 difficulty=0.000 loss=-0.00033 wall=852.1s
[spatial train] ppo_vector_canonical seed=828 iteration=48/200 episodes=576 difficulty=0.000 loss=-0.00355 wall=856.3s
[spatial train] ppo_semantic_flat seed=828 iteration=58/200 episodes=696 difficulty=0.000 loss=0.00531 wall=856.7s
[spatial train] ppo_vector_canonical seed=829 iteration=46/200 episodes=552 difficulty=0.000 loss=-0.00445 wall=864.4s
[spatial train] ppo_ontology_rgat seed=828 iteration=46/200 episodes=552 difficulty=0.000 loss=0.01176 wall=864.5s
[spatial train] ppo_ontology_rgat seed=829 iteration=44/200 episodes=528 difficulty=0.000 loss=-0.01349 wall=866.6s
[spatial train] ppo_semantic_flat seed=829 iteration=60/200 episodes=720 difficulty=0.000 loss=-0.00638 wall=867.4s
[spatial train] ppo_semantic_flat seed=828 iteration=59/200 episodes=708 difficulty=0.000 loss=0.00317 wall=875.2s
[spatial train] ppo_vector_canonical seed=828 iteration=49/200 episodes=588 difficulty=0.000 loss=-0.00197 wall=876.0s
[spatial train] ppo_semantic_flat seed=829 iteration=61/200 episodes=732 difficulty=0.010 loss=0.01570 wall=877.4s
[spatial train] ppo_vector_canonical seed=829 iteration=47/200 episodes=564 difficulty=0.000 loss=-0.00127 wall=878.9s
[spatial train] ppo_ontology_rgat seed=828 iteration=47/200 episodes=564 difficulty=0.000 loss=0.00390 wall=884.2s
[spatial train] ppo_ontology_rgat seed=829 iteration=45/200 episodes=540 difficulty=0.000 loss=-0.00564 wall=890.5s
[spatial train] ppo_semantic_flat seed=828 iteration=60/200 episodes=720 difficulty=0.000 loss=0.01126 wall=892.0s
[spatial train] ppo_semantic_flat seed=829 iteration=62/200 episodes=744 difficulty=0.020 loss=0.00576 wall=893.8s
[spatial train] ppo_vector_canonical seed=828 iteration=50/200 episodes=600 difficulty=0.000 loss=-0.00176 wall=895.5s
[spatial train] ppo_vector_canonical seed=829 iteration=48/200 episodes=576 difficulty=0.000 loss=-0.00486 wall=898.0s
[spatial train] ppo_ontology_rgat seed=828 iteration=48/200 episodes=576 difficulty=0.000 loss=0.02982 wall=905.4s
[spatial train] ppo_semantic_flat seed=829 iteration=63/200 episodes=756 difficulty=0.030 loss=0.00368 wall=906.3s
[spatial train] ppo_semantic_flat seed=828 iteration=61/200 episodes=732 difficulty=0.010 loss=0.00256 wall=910.2s
[spatial train] ppo_vector_canonical seed=828 iteration=51/200 episodes=612 difficulty=0.000 loss=-0.00368 wall=913.7s
[spatial train] ppo_ontology_rgat seed=829 iteration=46/200 episodes=552 difficulty=0.000 loss=0.00507 wall=914.5s
[spatial train] ppo_vector_canonical seed=829 iteration=49/200 episodes=588 difficulty=0.000 loss=-0.00384 wall=917.1s
[spatial train] ppo_semantic_flat seed=829 iteration=64/200 episodes=768 difficulty=0.040 loss=0.01176 wall=924.1s
[spatial train] ppo_semantic_flat seed=828 iteration=62/200 episodes=744 difficulty=0.020 loss=0.01084 wall=928.4s
[spatial train] ppo_ontology_rgat seed=828 iteration=49/200 episodes=588 difficulty=0.000 loss=-0.02758 wall=930.1s
[spatial train] ppo_vector_canonical seed=828 iteration=52/200 episodes=624 difficulty=0.000 loss=-0.00210 wall=933.1s
[spatial train] ppo_vector_canonical seed=829 iteration=50/200 episodes=600 difficulty=0.000 loss=0.00496 wall=935.7s
[spatial train] ppo_ontology_rgat seed=829 iteration=47/200 episodes=564 difficulty=0.000 loss=0.00723 wall=936.8s
[spatial train] ppo_semantic_flat seed=829 iteration=65/200 episodes=780 difficulty=0.050 loss=0.00508 wall=941.9s
[spatial train] ppo_semantic_flat seed=828 iteration=63/200 episodes=756 difficulty=0.030 loss=-0.00341 wall=946.5s
[spatial train] ppo_vector_canonical seed=828 iteration=53/200 episodes=636 difficulty=0.000 loss=-0.00393 wall=951.2s
[spatial train] ppo_ontology_rgat seed=828 iteration=50/200 episodes=600 difficulty=0.000 loss=0.02479 wall=953.1s
[spatial train] ppo_vector_canonical seed=829 iteration=51/200 episodes=612 difficulty=0.000 loss=-0.00313 wall=956.1s
[spatial train] ppo_ontology_rgat seed=829 iteration=48/200 episodes=576 difficulty=0.000 loss=0.01025 wall=957.4s
[spatial train] ppo_semantic_flat seed=829 iteration=66/200 episodes=792 difficulty=0.060 loss=0.00661 wall=960.0s
[spatial train] ppo_semantic_flat seed=828 iteration=64/200 episodes=768 difficulty=0.040 loss=0.00336 wall=966.0s
[spatial train] ppo_vector_canonical seed=828 iteration=54/200 episodes=648 difficulty=0.000 loss=-0.00181 wall=969.3s
[spatial train] ppo_vector_canonical seed=829 iteration=52/200 episodes=624 difficulty=0.000 loss=-0.00566 wall=972.3s
[spatial train] ppo_ontology_rgat seed=828 iteration=51/200 episodes=612 difficulty=0.000 loss=0.04186 wall=976.0s
[spatial train] ppo_semantic_flat seed=829 iteration=67/200 episodes=804 difficulty=0.070 loss=-0.06152 wall=977.8s
[spatial train] ppo_ontology_rgat seed=829 iteration=49/200 episodes=588 difficulty=0.000 loss=0.01325 wall=978.1s
[spatial train] ppo_semantic_flat seed=828 iteration=65/200 episodes=780 difficulty=0.050 loss=-0.02350 wall=985.5s
[spatial train] ppo_vector_canonical seed=828 iteration=55/200 episodes=660 difficulty=0.000 loss=-0.00604 wall=987.4s
[spatial train] ppo_vector_canonical seed=829 iteration=53/200 episodes=636 difficulty=0.000 loss=0.00087 wall=990.9s
[spatial train] ppo_semantic_flat seed=829 iteration=68/200 episodes=816 difficulty=0.080 loss=-0.00328 wall=995.7s
[spatial train] ppo_ontology_rgat seed=829 iteration=50/200 episodes=600 difficulty=0.000 loss=-0.01970 wall=998.7s
[spatial train] ppo_ontology_rgat seed=828 iteration=52/200 episodes=624 difficulty=0.000 loss=0.00051 wall=1000.6s
[spatial train] ppo_semantic_flat seed=828 iteration=66/200 episodes=792 difficulty=0.060 loss=0.01745 wall=1004.9s
[spatial train] ppo_vector_canonical seed=828 iteration=56/200 episodes=672 difficulty=0.000 loss=-0.00302 wall=1005.4s
[spatial train] ppo_vector_canonical seed=829 iteration=54/200 episodes=648 difficulty=0.000 loss=-0.00389 wall=1011.3s
[spatial train] ppo_semantic_flat seed=829 iteration=69/200 episodes=828 difficulty=0.090 loss=-0.03092 wall=1014.9s
[spatial train] ppo_ontology_rgat seed=829 iteration=51/200 episodes=612 difficulty=0.000 loss=-0.00380 wall=1019.3s
[spatial train] ppo_semantic_flat seed=828 iteration=67/200 episodes=804 difficulty=0.070 loss=0.01354 wall=1024.4s
[spatial train] ppo_vector_canonical seed=828 iteration=57/200 episodes=684 difficulty=0.000 loss=0.00314 wall=1024.5s
[spatial train] ppo_ontology_rgat seed=828 iteration=53/200 episodes=636 difficulty=0.000 loss=-0.01061 wall=1025.2s
[spatial train] ppo_vector_canonical seed=829 iteration=55/200 episodes=660 difficulty=0.000 loss=-0.00678 wall=1030.4s
[spatial train] ppo_semantic_flat seed=829 iteration=70/200 episodes=840 difficulty=0.100 loss=0.03227 wall=1031.4s
[spatial train] ppo_ontology_rgat seed=829 iteration=52/200 episodes=624 difficulty=0.000 loss=0.00306 wall=1040.0s
[spatial train] ppo_vector_canonical seed=828 iteration=58/200 episodes=696 difficulty=0.000 loss=-0.00661 wall=1042.6s
[spatial train] ppo_semantic_flat seed=828 iteration=68/200 episodes=816 difficulty=0.080 loss=0.01130 wall=1042.6s
[spatial train] ppo_ontology_rgat seed=828 iteration=54/200 episodes=648 difficulty=0.000 loss=-0.00889 wall=1049.8s
[spatial train] ppo_semantic_flat seed=829 iteration=71/200 episodes=852 difficulty=0.110 loss=0.01528 wall=1050.6s
[spatial train] ppo_vector_canonical seed=829 iteration=56/200 episodes=672 difficulty=0.000 loss=-0.00314 wall=1050.9s
[spatial train] ppo_ontology_rgat seed=829 iteration=53/200 episodes=636 difficulty=0.000 loss=0.00338 wall=1059.0s
[spatial train] ppo_semantic_flat seed=828 iteration=69/200 episodes=828 difficulty=0.090 loss=-0.01342 wall=1059.6s
[spatial train] ppo_vector_canonical seed=828 iteration=59/200 episodes=708 difficulty=0.000 loss=-0.00699 wall=1060.7s
[spatial train] ppo_semantic_flat seed=829 iteration=72/200 episodes=864 difficulty=0.120 loss=0.00271 wall=1069.9s
[spatial train] ppo_vector_canonical seed=829 iteration=57/200 episodes=684 difficulty=0.000 loss=0.02532 wall=1071.0s
[spatial train] ppo_ontology_rgat seed=828 iteration=55/200 episodes=660 difficulty=0.000 loss=-0.01367 wall=1072.7s
[spatial train] ppo_semantic_flat seed=828 iteration=70/200 episodes=840 difficulty=0.100 loss=0.00601 wall=1077.8s
[spatial train] ppo_ontology_rgat seed=829 iteration=54/200 episodes=648 difficulty=0.000 loss=-0.01599 wall=1078.2s
[spatial train] ppo_vector_canonical seed=828 iteration=60/200 episodes=720 difficulty=0.000 loss=-0.00389 wall=1080.3s
[spatial train] ppo_semantic_flat seed=829 iteration=73/200 episodes=876 difficulty=0.130 loss=0.01904 wall=1088.0s
[spatial train] ppo_ontology_rgat seed=828 iteration=56/200 episodes=672 difficulty=0.000 loss=0.00811 wall=1090.7s
[spatial train] ppo_vector_canonical seed=829 iteration=58/200 episodes=696 difficulty=0.000 loss=-0.00274 wall=1091.7s
[spatial train] ppo_semantic_flat seed=828 iteration=71/200 episodes=852 difficulty=0.110 loss=0.00447 wall=1097.7s
[spatial train] ppo_vector_canonical seed=828 iteration=61/200 episodes=732 difficulty=0.010 loss=-0.00180 wall=1099.9s
[spatial train] ppo_ontology_rgat seed=829 iteration=55/200 episodes=660 difficulty=0.000 loss=0.02237 wall=1102.4s
[spatial train] ppo_semantic_flat seed=829 iteration=74/200 episodes=888 difficulty=0.140 loss=0.01224 wall=1107.4s
[spatial train] ppo_vector_canonical seed=829 iteration=59/200 episodes=708 difficulty=0.000 loss=-0.00072 wall=1112.2s
[spatial train] ppo_ontology_rgat seed=828 iteration=57/200 episodes=684 difficulty=0.000 loss=-0.01557 wall=1113.9s
[spatial train] ppo_semantic_flat seed=828 iteration=72/200 episodes=864 difficulty=0.120 loss=0.00582 wall=1117.4s
[spatial train] ppo_ontology_rgat seed=829 iteration=56/200 episodes=672 difficulty=0.000 loss=0.00215 wall=1117.7s
[spatial train] ppo_vector_canonical seed=828 iteration=62/200 episodes=744 difficulty=0.020 loss=-0.00254 wall=1119.2s
[spatial train] ppo_semantic_flat seed=829 iteration=75/200 episodes=900 difficulty=0.150 loss=0.00563 wall=1128.9s
[spatial train] ppo_vector_canonical seed=829 iteration=60/200 episodes=720 difficulty=0.000 loss=-0.00256 wall=1141.5s
[spatial train] ppo_semantic_flat seed=828 iteration=73/200 episodes=876 difficulty=0.130 loss=0.00338 wall=1148.7s
[spatial train] ppo_ontology_rgat seed=828 iteration=58/200 episodes=696 difficulty=0.000 loss=-0.05881 wall=1150.5s
[spatial train] ppo_vector_canonical seed=828 iteration=63/200 episodes=756 difficulty=0.030 loss=-0.00265 wall=1150.8s
[spatial train] ppo_ontology_rgat seed=829 iteration=57/200 episodes=684 difficulty=0.000 loss=0.01409 wall=1151.2s
[spatial train] ppo_semantic_flat seed=829 iteration=76/200 episodes=912 difficulty=0.160 loss=0.00807 wall=1160.9s
[spatial train] ppo_vector_canonical seed=829 iteration=61/200 episodes=732 difficulty=0.010 loss=-0.00284 wall=1172.6s
[spatial train] ppo_semantic_flat seed=828 iteration=74/200 episodes=888 difficulty=0.140 loss=-0.00413 wall=1173.2s
[spatial train] ppo_vector_canonical seed=828 iteration=64/200 episodes=768 difficulty=0.040 loss=-0.00031 wall=1176.7s
[spatial train] ppo_ontology_rgat seed=829 iteration=58/200 episodes=696 difficulty=0.000 loss=-0.00919 wall=1178.1s
[spatial train] ppo_ontology_rgat seed=828 iteration=59/200 episodes=708 difficulty=0.000 loss=0.03980 wall=1178.5s
[spatial train] ppo_semantic_flat seed=829 iteration=77/200 episodes=924 difficulty=0.170 loss=0.00660 wall=1182.8s
[spatial train] ppo_semantic_flat seed=828 iteration=75/200 episodes=900 difficulty=0.150 loss=0.00975 wall=1190.6s
[spatial train] ppo_vector_canonical seed=829 iteration=62/200 episodes=744 difficulty=0.020 loss=0.00107 wall=1192.1s
[spatial train] ppo_vector_canonical seed=828 iteration=65/200 episodes=780 difficulty=0.050 loss=-0.00090 wall=1195.4s
[spatial train] ppo_ontology_rgat seed=829 iteration=59/200 episodes=708 difficulty=0.000 loss=0.00629 wall=1196.4s
[spatial train] ppo_ontology_rgat seed=828 iteration=60/200 episodes=720 difficulty=0.000 loss=-0.01533 wall=1200.4s
[spatial train] ppo_semantic_flat seed=829 iteration=78/200 episodes=936 difficulty=0.180 loss=0.00017 wall=1201.1s
[spatial train] ppo_semantic_flat seed=828 iteration=76/200 episodes=912 difficulty=0.160 loss=-0.01078 wall=1209.2s
[spatial train] ppo_vector_canonical seed=829 iteration=63/200 episodes=756 difficulty=0.030 loss=0.01284 wall=1210.0s
[spatial train] ppo_vector_canonical seed=828 iteration=66/200 episodes=792 difficulty=0.060 loss=-0.00158 wall=1214.1s
[spatial train] ppo_ontology_rgat seed=829 iteration=60/200 episodes=720 difficulty=0.000 loss=0.03525 wall=1216.1s
[spatial train] ppo_semantic_flat seed=829 iteration=79/200 episodes=948 difficulty=0.190 loss=-0.00088 wall=1219.4s
[spatial train] ppo_ontology_rgat seed=828 iteration=61/200 episodes=732 difficulty=0.010 loss=-0.01990 wall=1224.0s
[spatial train] ppo_semantic_flat seed=828 iteration=77/200 episodes=924 difficulty=0.170 loss=0.01129 wall=1227.8s
[spatial train] ppo_vector_canonical seed=829 iteration=64/200 episodes=768 difficulty=0.040 loss=-0.00193 wall=1229.7s
[spatial train] ppo_vector_canonical seed=828 iteration=67/200 episodes=804 difficulty=0.070 loss=-0.00450 wall=1231.5s
[spatial train] ppo_semantic_flat seed=829 iteration=80/200 episodes=960 difficulty=0.200 loss=0.00161 wall=1236.4s
[spatial train] ppo_ontology_rgat seed=829 iteration=61/200 episodes=732 difficulty=0.010 loss=0.01464 wall=1237.3s
[spatial train] ppo_semantic_flat seed=828 iteration=78/200 episodes=936 difficulty=0.180 loss=0.00367 wall=1246.2s
[spatial train] ppo_ontology_rgat seed=828 iteration=62/200 episodes=744 difficulty=0.020 loss=-0.00762 wall=1246.3s
[spatial train] ppo_vector_canonical seed=829 iteration=65/200 episodes=780 difficulty=0.050 loss=-0.00443 wall=1249.3s
[spatial train] ppo_vector_canonical seed=828 iteration=68/200 episodes=816 difficulty=0.080 loss=-0.01059 wall=1249.8s
[spatial train] ppo_semantic_flat seed=829 iteration=81/200 episodes=972 difficulty=0.210 loss=0.00229 wall=1254.9s
[spatial train] ppo_ontology_rgat seed=829 iteration=62/200 episodes=744 difficulty=0.020 loss=-0.01041 wall=1257.3s
[spatial train] ppo_semantic_flat seed=828 iteration=79/200 episodes=948 difficulty=0.190 loss=0.00016 wall=1265.4s
[spatial train] ppo_vector_canonical seed=828 iteration=69/200 episodes=828 difficulty=0.090 loss=0.00133 wall=1269.0s
[spatial train] ppo_vector_canonical seed=829 iteration=66/200 episodes=792 difficulty=0.060 loss=-0.00280 wall=1269.8s
[spatial train] ppo_ontology_rgat seed=828 iteration=63/200 episodes=756 difficulty=0.030 loss=0.00668 wall=1271.1s
[spatial train] ppo_semantic_flat seed=829 iteration=82/200 episodes=984 difficulty=0.220 loss=0.01020 wall=1274.1s
[spatial train] ppo_ontology_rgat seed=829 iteration=63/200 episodes=756 difficulty=0.030 loss=0.00021 wall=1278.2s
[spatial train] ppo_semantic_flat seed=828 iteration=80/200 episodes=960 difficulty=0.200 loss=0.00470 wall=1285.0s
[spatial train] ppo_vector_canonical seed=828 iteration=70/200 episodes=840 difficulty=0.100 loss=-0.00196 wall=1288.8s
[spatial train] ppo_vector_canonical seed=829 iteration=67/200 episodes=804 difficulty=0.070 loss=-0.00327 wall=1290.5s
[spatial train] ppo_semantic_flat seed=829 iteration=83/200 episodes=996 difficulty=0.230 loss=0.01041 wall=1293.5s
[spatial train] ppo_ontology_rgat seed=828 iteration=64/200 episodes=768 difficulty=0.040 loss=0.02923 wall=1296.4s
[spatial train] ppo_ontology_rgat seed=829 iteration=64/200 episodes=768 difficulty=0.040 loss=-0.00992 wall=1300.4s
[spatial train] ppo_semantic_flat seed=828 iteration=81/200 episodes=972 difficulty=0.210 loss=0.00819 wall=1304.2s
[spatial train] ppo_vector_canonical seed=828 iteration=71/200 episodes=852 difficulty=0.110 loss=0.00292 wall=1306.1s
[spatial train] ppo_vector_canonical seed=829 iteration=68/200 episodes=816 difficulty=0.080 loss=-0.00289 wall=1309.7s
[spatial train] ppo_ontology_rgat seed=829 iteration=65/200 episodes=780 difficulty=0.050 loss=-0.04656 wall=1311.4s
[spatial train] ppo_semantic_flat seed=829 iteration=84/200 episodes=1008 difficulty=0.240 loss=0.00165 wall=1312.6s
[spatial train] ppo_ontology_rgat seed=828 iteration=65/200 episodes=780 difficulty=0.050 loss=-0.00116 wall=1321.4s
[spatial train] ppo_semantic_flat seed=828 iteration=82/200 episodes=984 difficulty=0.220 loss=0.01377 wall=1323.5s
[spatial train] ppo_vector_canonical seed=828 iteration=72/200 episodes=864 difficulty=0.120 loss=-0.00498 wall=1325.5s
[spatial train] ppo_vector_canonical seed=829 iteration=69/200 episodes=828 difficulty=0.090 loss=-0.00383 wall=1330.3s
[spatial train] ppo_ontology_rgat seed=829 iteration=66/200 episodes=792 difficulty=0.060 loss=0.00189 wall=1330.5s
[spatial train] ppo_semantic_flat seed=829 iteration=85/200 episodes=1020 difficulty=0.250 loss=0.00174 wall=1331.8s
[spatial train] ppo_semantic_flat seed=828 iteration=83/200 episodes=996 difficulty=0.230 loss=-0.04686 wall=1341.5s
[spatial train] ppo_vector_canonical seed=828 iteration=73/200 episodes=876 difficulty=0.130 loss=-0.00347 wall=1345.0s
[spatial train] ppo_ontology_rgat seed=828 iteration=66/200 episodes=792 difficulty=0.060 loss=-0.00322 wall=1346.5s
[spatial train] ppo_ontology_rgat seed=829 iteration=67/200 episodes=804 difficulty=0.070 loss=-0.00786 wall=1347.9s
[spatial train] ppo_semantic_flat seed=829 iteration=86/200 episodes=1032 difficulty=0.260 loss=0.00004 wall=1349.7s
[spatial train] ppo_vector_canonical seed=829 iteration=70/200 episodes=840 difficulty=0.100 loss=-0.00220 wall=1350.8s
[spatial train] ppo_semantic_flat seed=828 iteration=84/200 episodes=1008 difficulty=0.240 loss=0.00221 wall=1360.7s
[spatial train] ppo_vector_canonical seed=828 iteration=74/200 episodes=888 difficulty=0.140 loss=-0.00256 wall=1364.7s
[spatial train] ppo_semantic_flat seed=829 iteration=87/200 episodes=1044 difficulty=0.270 loss=0.00469 wall=1368.8s
[spatial train] ppo_ontology_rgat seed=829 iteration=68/200 episodes=816 difficulty=0.080 loss=0.00079 wall=1370.3s
[spatial train] ppo_vector_canonical seed=829 iteration=71/200 episodes=852 difficulty=0.110 loss=-0.00425 wall=1371.2s
[spatial train] ppo_ontology_rgat seed=828 iteration=67/200 episodes=804 difficulty=0.070 loss=0.00884 wall=1371.4s
[spatial train] ppo_semantic_flat seed=828 iteration=85/200 episodes=1020 difficulty=0.250 loss=0.00673 wall=1380.0s
[spatial train] ppo_vector_canonical seed=828 iteration=75/200 episodes=900 difficulty=0.150 loss=0.00078 wall=1384.1s
[spatial train] ppo_semantic_flat seed=829 iteration=88/200 episodes=1056 difficulty=0.280 loss=0.08688 wall=1387.9s
[spatial train] ppo_vector_canonical seed=829 iteration=72/200 episodes=864 difficulty=0.120 loss=-0.00348 wall=1391.8s
[spatial train] ppo_ontology_rgat seed=829 iteration=69/200 episodes=828 difficulty=0.090 loss=0.00176 wall=1392.7s
[spatial train] ppo_ontology_rgat seed=828 iteration=68/200 episodes=816 difficulty=0.080 loss=0.03001 wall=1396.4s
[spatial train] ppo_semantic_flat seed=828 iteration=86/200 episodes=1032 difficulty=0.260 loss=0.00448 wall=1399.2s
[spatial train] ppo_vector_canonical seed=828 iteration=76/200 episodes=912 difficulty=0.160 loss=-0.00113 wall=1402.3s
[spatial train] ppo_semantic_flat seed=829 iteration=89/200 episodes=1068 difficulty=0.290 loss=0.00284 wall=1407.1s
[spatial train] ppo_vector_canonical seed=829 iteration=73/200 episodes=876 difficulty=0.130 loss=-0.00252 wall=1412.4s
[spatial train] ppo_ontology_rgat seed=829 iteration=70/200 episodes=840 difficulty=0.100 loss=0.00365 wall=1413.5s
[spatial train] ppo_semantic_flat seed=828 iteration=87/200 episodes=1044 difficulty=0.270 loss=0.00884 wall=1418.6s
[spatial train] ppo_ontology_rgat seed=828 iteration=69/200 episodes=828 difficulty=0.090 loss=-0.00547 wall=1421.6s
[spatial train] ppo_vector_canonical seed=828 iteration=77/200 episodes=924 difficulty=0.170 loss=-0.00094 wall=1421.9s
[spatial train] ppo_semantic_flat seed=829 iteration=90/200 episodes=1080 difficulty=0.300 loss=0.04050 wall=1424.9s
[spatial train] ppo_vector_canonical seed=829 iteration=74/200 episodes=888 difficulty=0.140 loss=-0.00005 wall=1432.6s
[spatial train] ppo_ontology_rgat seed=829 iteration=71/200 episodes=852 difficulty=0.110 loss=0.00702 wall=1434.4s
[spatial train] ppo_semantic_flat seed=828 iteration=88/200 episodes=1056 difficulty=0.280 loss=-0.00649 wall=1436.5s
[spatial train] ppo_vector_canonical seed=828 iteration=78/200 episodes=936 difficulty=0.180 loss=0.00245 wall=1441.1s
[spatial train] ppo_semantic_flat seed=829 iteration=91/200 episodes=1092 difficulty=0.310 loss=-0.00760 wall=1444.1s
[spatial train] ppo_ontology_rgat seed=828 iteration=70/200 episodes=840 difficulty=0.100 loss=0.01535 wall=1446.8s
[spatial train] ppo_vector_canonical seed=829 iteration=75/200 episodes=900 difficulty=0.150 loss=-0.00429 wall=1453.2s
[spatial train] ppo_semantic_flat seed=828 iteration=89/200 episodes=1068 difficulty=0.290 loss=0.00227 wall=1455.7s
[spatial train] ppo_ontology_rgat seed=829 iteration=72/200 episodes=864 difficulty=0.120 loss=0.01262 wall=1458.4s
[spatial train] ppo_vector_canonical seed=828 iteration=79/200 episodes=948 difficulty=0.190 loss=0.00395 wall=1460.3s
[spatial train] ppo_semantic_flat seed=829 iteration=92/200 episodes=1104 difficulty=0.320 loss=0.01636 wall=1463.3s
[spatial train] ppo_ontology_rgat seed=828 iteration=71/200 episodes=852 difficulty=0.110 loss=0.03076 wall=1468.5s
[spatial train] ppo_vector_canonical seed=829 iteration=76/200 episodes=912 difficulty=0.160 loss=-0.00220 wall=1473.4s
[spatial train] ppo_semantic_flat seed=828 iteration=90/200 episodes=1080 difficulty=0.300 loss=0.01653 wall=1473.6s
[spatial train] ppo_vector_canonical seed=828 iteration=80/200 episodes=960 difficulty=0.200 loss=0.00095 wall=1478.6s
[spatial train] ppo_ontology_rgat seed=829 iteration=73/200 episodes=876 difficulty=0.130 loss=0.00419 wall=1480.9s
[spatial train] ppo_semantic_flat seed=829 iteration=93/200 episodes=1116 difficulty=0.330 loss=-0.00566 wall=1481.1s
[spatial train] ppo_semantic_flat seed=828 iteration=91/200 episodes=1092 difficulty=0.310 loss=-0.00053 wall=1491.4s
[spatial train] ppo_ontology_rgat seed=828 iteration=72/200 episodes=864 difficulty=0.120 loss=0.00767 wall=1493.6s
[spatial train] ppo_vector_canonical seed=829 iteration=77/200 episodes=924 difficulty=0.170 loss=-0.00193 wall=1494.0s
[spatial train] ppo_vector_canonical seed=828 iteration=81/200 episodes=972 difficulty=0.210 loss=0.00036 wall=1498.0s
[spatial train] ppo_semantic_flat seed=829 iteration=94/200 episodes=1128 difficulty=0.340 loss=0.01620 wall=1498.9s
[spatial train] ppo_ontology_rgat seed=829 iteration=74/200 episodes=888 difficulty=0.140 loss=-0.01182 wall=1504.9s
[spatial train] ppo_semantic_flat seed=828 iteration=92/200 episodes=1104 difficulty=0.320 loss=-0.00721 wall=1510.5s
[spatial train] ppo_vector_canonical seed=829 iteration=78/200 episodes=936 difficulty=0.180 loss=-0.00251 wall=1514.7s
[spatial train] ppo_vector_canonical seed=828 iteration=82/200 episodes=984 difficulty=0.220 loss=-0.00162 wall=1517.6s
[spatial train] ppo_semantic_flat seed=829 iteration=95/200 episodes=1140 difficulty=0.350 loss=0.00126 wall=1518.1s
[spatial train] ppo_ontology_rgat seed=828 iteration=73/200 episodes=876 difficulty=0.130 loss=-0.00380 wall=1518.8s
[spatial train] ppo_ontology_rgat seed=829 iteration=75/200 episodes=900 difficulty=0.150 loss=0.00369 wall=1529.1s
[spatial train] ppo_semantic_flat seed=828 iteration=93/200 episodes=1116 difficulty=0.330 loss=-0.01987 wall=1529.6s
[spatial train] ppo_vector_canonical seed=829 iteration=79/200 episodes=948 difficulty=0.190 loss=-0.00298 wall=1535.2s
[spatial train] ppo_vector_canonical seed=828 iteration=83/200 episodes=996 difficulty=0.230 loss=-0.00248 wall=1537.1s
[spatial train] ppo_semantic_flat seed=829 iteration=96/200 episodes=1152 difficulty=0.360 loss=0.00311 wall=1537.3s
[spatial train] ppo_ontology_rgat seed=828 iteration=74/200 episodes=888 difficulty=0.140 loss=0.01510 wall=1542.0s
[spatial train] ppo_semantic_flat seed=828 iteration=94/200 episodes=1128 difficulty=0.340 loss=-0.00838 wall=1548.4s
[spatial train] ppo_ontology_rgat seed=829 iteration=76/200 episodes=912 difficulty=0.160 loss=-0.00530 wall=1552.8s
[spatial train] ppo_vector_canonical seed=829 iteration=80/200 episodes=960 difficulty=0.200 loss=-0.00342 wall=1555.3s
[spatial train] ppo_semantic_flat seed=829 iteration=97/200 episodes=1164 difficulty=0.370 loss=0.01176 wall=1555.8s
[spatial train] ppo_vector_canonical seed=828 iteration=84/200 episodes=1008 difficulty=0.240 loss=-0.00341 wall=1556.2s
[spatial train] ppo_ontology_rgat seed=828 iteration=75/200 episodes=900 difficulty=0.150 loss=0.01631 wall=1566.2s
[spatial train] ppo_semantic_flat seed=828 iteration=95/200 episodes=1140 difficulty=0.350 loss=-0.01239 wall=1567.0s
[spatial train] ppo_semantic_flat seed=829 iteration=98/200 episodes=1176 difficulty=0.380 loss=-0.02006 wall=1573.1s
[spatial train] ppo_ontology_rgat seed=829 iteration=77/200 episodes=924 difficulty=0.170 loss=-0.01629 wall=1573.0s
[spatial train] ppo_vector_canonical seed=829 iteration=81/200 episodes=972 difficulty=0.210 loss=-0.00048 wall=1574.9s
[spatial train] ppo_vector_canonical seed=828 iteration=85/200 episodes=1020 difficulty=0.250 loss=-0.00092 wall=1575.1s
[spatial train] ppo_semantic_flat seed=828 iteration=96/200 episodes=1152 difficulty=0.360 loss=0.01062 wall=1585.8s
[spatial train] ppo_ontology_rgat seed=828 iteration=76/200 episodes=912 difficulty=0.160 loss=0.02671 wall=1590.4s
[spatial train] ppo_semantic_flat seed=829 iteration=99/200 episodes=1188 difficulty=0.390 loss=-0.02542 wall=1590.4s
[spatial train] ppo_vector_canonical seed=828 iteration=86/200 episodes=1032 difficulty=0.260 loss=0.00161 wall=1593.5s
[spatial train] ppo_vector_canonical seed=829 iteration=82/200 episodes=984 difficulty=0.220 loss=-0.00409 wall=1594.8s
[spatial train] ppo_ontology_rgat seed=829 iteration=78/200 episodes=936 difficulty=0.180 loss=0.03804 wall=1596.3s
[spatial train] ppo_semantic_flat seed=828 iteration=97/200 episodes=1164 difficulty=0.370 loss=0.00423 wall=1604.6s
[spatial train] ppo_semantic_flat seed=829 iteration=100/200 episodes=1200 difficulty=0.400 loss=-0.01549 wall=1607.7s
[spatial train] ppo_vector_canonical seed=828 iteration=87/200 episodes=1044 difficulty=0.270 loss=-0.00075 wall=1612.0s
[spatial train] ppo_vector_canonical seed=829 iteration=83/200 episodes=996 difficulty=0.230 loss=-0.00142 wall=1614.5s
[spatial train] ppo_ontology_rgat seed=828 iteration=77/200 episodes=924 difficulty=0.170 loss=0.03233 wall=1614.7s
[spatial train] ppo_ontology_rgat seed=829 iteration=79/200 episodes=948 difficulty=0.190 loss=-0.01273 wall=1619.6s
[spatial train] ppo_semantic_flat seed=828 iteration=98/200 episodes=1176 difficulty=0.380 loss=0.00372 wall=1623.4s
[spatial train] ppo_semantic_flat seed=829 iteration=101/200 episodes=1212 difficulty=0.410 loss=-0.00011 wall=1625.1s
[spatial train] ppo_vector_canonical seed=828 iteration=88/200 episodes=1056 difficulty=0.280 loss=-0.00366 wall=1631.1s
[spatial train] ppo_vector_canonical seed=829 iteration=84/200 episodes=1008 difficulty=0.240 loss=-0.00427 wall=1634.5s
[spatial train] ppo_ontology_rgat seed=828 iteration=78/200 episodes=936 difficulty=0.180 loss=-0.02203 wall=1639.0s
[spatial train] ppo_semantic_flat seed=828 iteration=99/200 episodes=1188 difficulty=0.390 loss=-0.01348 wall=1640.8s
[spatial train] ppo_ontology_rgat seed=829 iteration=80/200 episodes=960 difficulty=0.200 loss=-0.00130 wall=1641.3s
[spatial train] ppo_semantic_flat seed=829 iteration=102/200 episodes=1224 difficulty=0.420 loss=-0.02846 wall=1642.3s
[spatial train] ppo_vector_canonical seed=828 iteration=89/200 episodes=1068 difficulty=0.290 loss=-0.00033 wall=1650.2s
[spatial train] ppo_vector_canonical seed=829 iteration=85/200 episodes=1020 difficulty=0.250 loss=-0.00167 wall=1654.2s
[spatial train] ppo_semantic_flat seed=829 iteration=103/200 episodes=1236 difficulty=0.430 loss=-0.00599 wall=1659.3s
[spatial train] ppo_semantic_flat seed=828 iteration=100/200 episodes=1200 difficulty=0.400 loss=0.00591 wall=1659.6s
[spatial train] ppo_ontology_rgat seed=829 iteration=81/200 episodes=972 difficulty=0.210 loss=0.00964 wall=1661.5s
[spatial train] ppo_ontology_rgat seed=828 iteration=79/200 episodes=948 difficulty=0.190 loss=0.00119 wall=1663.2s
[spatial train] ppo_vector_canonical seed=828 iteration=90/200 episodes=1080 difficulty=0.300 loss=-0.00087 wall=1669.1s
[spatial train] ppo_vector_canonical seed=829 iteration=86/200 episodes=1032 difficulty=0.260 loss=-0.00059 wall=1674.1s
[spatial train] ppo_semantic_flat seed=828 iteration=101/200 episodes=1212 difficulty=0.410 loss=-0.00488 wall=1677.1s
[spatial train] ppo_semantic_flat seed=829 iteration=104/200 episodes=1248 difficulty=0.440 loss=-0.00353 wall=1677.7s
[spatial train] ppo_ontology_rgat seed=829 iteration=82/200 episodes=984 difficulty=0.220 loss=0.00615 wall=1681.6s
[spatial train] ppo_ontology_rgat seed=828 iteration=80/200 episodes=960 difficulty=0.200 loss=0.02490 wall=1687.5s
[spatial train] ppo_vector_canonical seed=828 iteration=91/200 episodes=1092 difficulty=0.310 loss=0.00558 wall=1687.9s
[spatial train] ppo_vector_canonical seed=829 iteration=87/200 episodes=1044 difficulty=0.270 loss=-0.00106 wall=1693.6s
[spatial train] ppo_semantic_flat seed=829 iteration=105/200 episodes=1260 difficulty=0.450 loss=0.02924 wall=1693.8s
[spatial train] ppo_semantic_flat seed=828 iteration=102/200 episodes=1224 difficulty=0.420 loss=0.00561 wall=1695.9s
[spatial train] ppo_ontology_rgat seed=829 iteration=83/200 episodes=996 difficulty=0.230 loss=0.00223 wall=1701.7s
[spatial train] ppo_vector_canonical seed=828 iteration=92/200 episodes=1104 difficulty=0.320 loss=-0.00153 wall=1706.6s
[spatial train] ppo_semantic_flat seed=829 iteration=106/200 episodes=1272 difficulty=0.460 loss=0.02018 wall=1711.2s
[spatial train] ppo_ontology_rgat seed=828 iteration=81/200 episodes=972 difficulty=0.210 loss=0.01211 wall=1711.8s
[spatial train] ppo_semantic_flat seed=828 iteration=103/200 episodes=1236 difficulty=0.430 loss=0.02093 wall=1713.4s
[spatial train] ppo_vector_canonical seed=829 iteration=88/200 episodes=1056 difficulty=0.280 loss=-0.00163 wall=1713.5s
[spatial train] ppo_ontology_rgat seed=829 iteration=84/200 episodes=1008 difficulty=0.240 loss=0.00830 wall=1718.5s
[spatial train] ppo_vector_canonical seed=828 iteration=93/200 episodes=1116 difficulty=0.330 loss=-0.00045 wall=1725.7s
[spatial train] ppo_semantic_flat seed=829 iteration=107/200 episodes=1284 difficulty=0.470 loss=0.01359 wall=1727.6s
[spatial train] ppo_semantic_flat seed=828 iteration=104/200 episodes=1248 difficulty=0.440 loss=0.00267 wall=1732.1s
[spatial train] ppo_vector_canonical seed=829 iteration=89/200 episodes=1068 difficulty=0.290 loss=0.00056 wall=1732.7s
[spatial train] ppo_ontology_rgat seed=828 iteration=82/200 episodes=984 difficulty=0.220 loss=0.00329 wall=1736.2s
[spatial train] ppo_ontology_rgat seed=829 iteration=85/200 episodes=1020 difficulty=0.250 loss=-0.00400 wall=1740.3s
[spatial train] ppo_vector_canonical seed=828 iteration=94/200 episodes=1128 difficulty=0.340 loss=0.00143 wall=1744.0s
[spatial train] ppo_semantic_flat seed=829 iteration=108/200 episodes=1296 difficulty=0.480 loss=-0.01280 wall=1744.8s
[spatial train] ppo_vector_canonical seed=829 iteration=90/200 episodes=1080 difficulty=0.300 loss=0.00323 wall=1749.6s
[spatial train] ppo_semantic_flat seed=828 iteration=105/200 episodes=1260 difficulty=0.450 loss=-0.01008 wall=1750.8s
[spatial train] ppo_ontology_rgat seed=828 iteration=83/200 episodes=996 difficulty=0.230 loss=-0.00503 wall=1760.4s
[spatial train] ppo_vector_canonical seed=828 iteration=95/200 episodes=1140 difficulty=0.350 loss=0.00439 wall=1761.8s
[spatial train] ppo_ontology_rgat seed=829 iteration=86/200 episodes=1032 difficulty=0.260 loss=-0.00503 wall=1761.9s
[spatial train] ppo_semantic_flat seed=829 iteration=109/200 episodes=1308 difficulty=0.490 loss=0.02103 wall=1763.5s
[spatial train] ppo_semantic_flat seed=828 iteration=106/200 episodes=1272 difficulty=0.460 loss=0.00782 wall=1769.5s
[spatial train] ppo_vector_canonical seed=829 iteration=91/200 episodes=1092 difficulty=0.310 loss=-0.00053 wall=1769.5s
[spatial train] ppo_vector_canonical seed=828 iteration=96/200 episodes=1152 difficulty=0.360 loss=-0.00285 wall=1779.8s
[spatial train] ppo_semantic_flat seed=829 iteration=110/200 episodes=1320 difficulty=0.500 loss=0.00747 wall=1782.2s
[spatial train] ppo_ontology_rgat seed=829 iteration=87/200 episodes=1044 difficulty=0.270 loss=0.01433 wall=1782.2s
[spatial train] ppo_ontology_rgat seed=828 iteration=84/200 episodes=1008 difficulty=0.240 loss=-0.01279 wall=1784.6s
[spatial train] ppo_semantic_flat seed=828 iteration=107/200 episodes=1284 difficulty=0.470 loss=-0.00955 wall=1788.2s
[spatial train] ppo_vector_canonical seed=829 iteration=92/200 episodes=1104 difficulty=0.320 loss=-0.00420 wall=1789.4s
[spatial train] ppo_vector_canonical seed=828 iteration=97/200 episodes=1164 difficulty=0.370 loss=-0.00172 wall=1798.0s
[spatial train] ppo_semantic_flat seed=829 iteration=111/200 episodes=1332 difficulty=0.510 loss=0.00178 wall=1798.3s
[spatial train] ppo_ontology_rgat seed=829 iteration=88/200 episodes=1056 difficulty=0.280 loss=0.00557 wall=1805.7s
[spatial train] ppo_semantic_flat seed=828 iteration=108/200 episodes=1296 difficulty=0.480 loss=0.00444 wall=1806.8s
[spatial train] ppo_ontology_rgat seed=828 iteration=85/200 episodes=1020 difficulty=0.250 loss=-0.02115 wall=1808.8s
[spatial train] ppo_vector_canonical seed=829 iteration=93/200 episodes=1116 difficulty=0.330 loss=-0.00148 wall=1809.3s
[spatial train] ppo_vector_canonical seed=828 iteration=98/200 episodes=1176 difficulty=0.380 loss=-0.00213 wall=1816.3s
[spatial train] ppo_semantic_flat seed=829 iteration=112/200 episodes=1344 difficulty=0.520 loss=0.00415 wall=1817.0s
[spatial train] ppo_ontology_rgat seed=829 iteration=89/200 episodes=1068 difficulty=0.290 loss=-0.00531 wall=1824.3s
[spatial train] ppo_semantic_flat seed=828 iteration=109/200 episodes=1308 difficulty=0.490 loss=0.00829 wall=1825.2s
[spatial train] ppo_vector_canonical seed=829 iteration=94/200 episodes=1128 difficulty=0.340 loss=-0.00330 wall=1829.2s
[spatial train] ppo_ontology_rgat seed=828 iteration=86/200 episodes=1032 difficulty=0.260 loss=0.01859 wall=1832.7s
[spatial train] ppo_vector_canonical seed=828 iteration=99/200 episodes=1188 difficulty=0.390 loss=0.02545 wall=1833.7s
[spatial train] ppo_semantic_flat seed=829 iteration=113/200 episodes=1356 difficulty=0.530 loss=0.02149 wall=1834.5s
[spatial train] ppo_semantic_flat seed=828 iteration=110/200 episodes=1320 difficulty=0.500 loss=0.02194 wall=1843.7s
[spatial train] ppo_ontology_rgat seed=829 iteration=90/200 episodes=1080 difficulty=0.300 loss=0.00448 wall=1844.7s
[spatial train] ppo_vector_canonical seed=829 iteration=95/200 episodes=1140 difficulty=0.350 loss=0.00794 wall=1848.3s
[spatial train] ppo_vector_canonical seed=828 iteration=100/200 episodes=1200 difficulty=0.400 loss=0.00607 wall=1849.1s
[spatial train] ppo_semantic_flat seed=829 iteration=114/200 episodes=1368 difficulty=0.540 loss=-0.00975 wall=1850.7s
[spatial train] ppo_ontology_rgat seed=828 iteration=87/200 episodes=1044 difficulty=0.270 loss=0.03119 wall=1853.2s
[spatial train] ppo_semantic_flat seed=828 iteration=111/200 episodes=1332 difficulty=0.510 loss=0.00375 wall=1862.4s
[spatial train] ppo_semantic_flat seed=829 iteration=115/200 episodes=1380 difficulty=0.550 loss=-0.01897 wall=1863.1s
[spatial train] ppo_vector_canonical seed=828 iteration=101/200 episodes=1212 difficulty=0.410 loss=0.01159 wall=1867.2s
[spatial train] ppo_vector_canonical seed=829 iteration=96/200 episodes=1152 difficulty=0.360 loss=-0.00260 wall=1868.1s
[spatial train] ppo_ontology_rgat seed=829 iteration=91/200 episodes=1092 difficulty=0.310 loss=0.00243 wall=1868.2s
[spatial train] ppo_ontology_rgat seed=828 iteration=88/200 episodes=1056 difficulty=0.280 loss=0.00263 wall=1875.3s
[spatial train] ppo_semantic_flat seed=828 iteration=112/200 episodes=1344 difficulty=0.520 loss=-0.04210 wall=1881.0s
[spatial train] ppo_semantic_flat seed=829 iteration=116/200 episodes=1392 difficulty=0.560 loss=0.00148 wall=1881.1s
[spatial train] ppo_vector_canonical seed=828 iteration=102/200 episodes=1224 difficulty=0.420 loss=-0.00235 wall=1886.2s
[spatial train] ppo_vector_canonical seed=829 iteration=97/200 episodes=1164 difficulty=0.370 loss=-0.00168 wall=1887.8s
[spatial train] ppo_ontology_rgat seed=829 iteration=92/200 episodes=1104 difficulty=0.320 loss=0.00248 wall=1890.1s
[spatial train] ppo_ontology_rgat seed=828 iteration=89/200 episodes=1068 difficulty=0.290 loss=-0.03467 wall=1895.9s
[spatial train] ppo_semantic_flat seed=829 iteration=117/200 episodes=1404 difficulty=0.570 loss=-0.00683 wall=1897.1s
[spatial train] ppo_semantic_flat seed=828 iteration=113/200 episodes=1356 difficulty=0.530 loss=0.01867 wall=1899.7s
[spatial train] ppo_vector_canonical seed=828 iteration=103/200 episodes=1236 difficulty=0.430 loss=-0.00741 wall=1901.2s
[spatial train] ppo_vector_canonical seed=829 iteration=98/200 episodes=1176 difficulty=0.380 loss=0.00034 wall=1906.9s
[spatial train] ppo_ontology_rgat seed=829 iteration=93/200 episodes=1116 difficulty=0.330 loss=-0.00704 wall=1913.7s
[spatial train] ppo_semantic_flat seed=829 iteration=118/200 episodes=1416 difficulty=0.580 loss=0.06783 wall=1914.5s
[spatial train] ppo_ontology_rgat seed=828 iteration=90/200 episodes=1080 difficulty=0.300 loss=0.02184 wall=1914.8s
[spatial train] ppo_semantic_flat seed=828 iteration=114/200 episodes=1368 difficulty=0.540 loss=-0.00706 wall=1918.3s
[spatial train] ppo_vector_canonical seed=828 iteration=104/200 episodes=1248 difficulty=0.440 loss=-0.00085 wall=1920.2s
[spatial train] ppo_vector_canonical seed=829 iteration=99/200 episodes=1188 difficulty=0.390 loss=0.00057 wall=1926.1s
[spatial train] ppo_semantic_flat seed=829 iteration=119/200 episodes=1428 difficulty=0.590 loss=-0.00584 wall=1933.4s
[spatial train] ppo_ontology_rgat seed=828 iteration=91/200 episodes=1092 difficulty=0.310 loss=-0.02917 wall=1935.3s
[spatial train] ppo_ontology_rgat seed=829 iteration=94/200 episodes=1128 difficulty=0.340 loss=0.00803 wall=1936.9s
[spatial train] ppo_semantic_flat seed=828 iteration=115/200 episodes=1380 difficulty=0.550 loss=0.02709 wall=1937.0s
[spatial train] ppo_vector_canonical seed=828 iteration=105/200 episodes=1260 difficulty=0.450 loss=-0.00027 wall=1939.1s
[spatial train] ppo_vector_canonical seed=829 iteration=100/200 episodes=1200 difficulty=0.400 loss=-0.00227 wall=1945.2s
[spatial train] ppo_semantic_flat seed=829 iteration=120/200 episodes=1440 difficulty=0.600 loss=0.01255 wall=1948.1s
[spatial train] ppo_semantic_flat seed=828 iteration=116/200 episodes=1392 difficulty=0.560 loss=0.00011 wall=1955.0s
[spatial train] ppo_vector_canonical seed=828 iteration=106/200 episodes=1272 difficulty=0.460 loss=-0.00209 wall=1955.6s
[spatial train] ppo_ontology_rgat seed=828 iteration=92/200 episodes=1104 difficulty=0.320 loss=0.00884 wall=1957.6s
[spatial train] ppo_ontology_rgat seed=829 iteration=95/200 episodes=1140 difficulty=0.350 loss=0.00691 wall=1959.3s
[spatial train] ppo_semantic_flat seed=829 iteration=121/200 episodes=1452 difficulty=0.610 loss=0.01814 wall=1961.2s
[spatial train] ppo_vector_canonical seed=829 iteration=101/200 episodes=1212 difficulty=0.410 loss=-0.00342 wall=1963.6s
[spatial train] ppo_semantic_flat seed=828 iteration=117/200 episodes=1404 difficulty=0.570 loss=-0.00209 wall=1972.5s
[spatial train] ppo_vector_canonical seed=828 iteration=107/200 episodes=1284 difficulty=0.470 loss=-0.00097 wall=1973.0s
[spatial train] ppo_semantic_flat seed=829 iteration=122/200 episodes=1464 difficulty=0.620 loss=0.00443 wall=1977.3s
[spatial train] ppo_ontology_rgat seed=828 iteration=93/200 episodes=1116 difficulty=0.330 loss=0.01809 wall=1979.8s
[spatial train] ppo_vector_canonical seed=829 iteration=102/200 episodes=1224 difficulty=0.420 loss=-0.00104 wall=1981.6s
[spatial train] ppo_ontology_rgat seed=829 iteration=96/200 episodes=1152 difficulty=0.360 loss=0.00007 wall=1982.8s
[spatial train] ppo_vector_canonical seed=828 iteration=108/200 episodes=1296 difficulty=0.480 loss=0.00191 wall=1989.3s
[spatial train] ppo_semantic_flat seed=828 iteration=118/200 episodes=1416 difficulty=0.580 loss=-0.03003 wall=1990.4s
[spatial train] ppo_semantic_flat seed=829 iteration=123/200 episodes=1476 difficulty=0.630 loss=0.00602 wall=1993.0s
[spatial train] ppo_vector_canonical seed=829 iteration=103/200 episodes=1236 difficulty=0.430 loss=-0.00468 wall=1999.4s
[spatial train] ppo_ontology_rgat seed=828 iteration=94/200 episodes=1128 difficulty=0.340 loss=-0.03515 wall=2001.9s
[spatial train] ppo_ontology_rgat seed=829 iteration=97/200 episodes=1164 difficulty=0.370 loss=0.00736 wall=2006.4s
[spatial train] ppo_vector_canonical seed=828 iteration=109/200 episodes=1308 difficulty=0.490 loss=-0.00043 wall=2006.7s
[spatial train] ppo_semantic_flat seed=828 iteration=119/200 episodes=1428 difficulty=0.590 loss=0.01826 wall=2008.2s
[spatial train] ppo_semantic_flat seed=829 iteration=124/200 episodes=1488 difficulty=0.640 loss=0.01374 wall=2010.6s
[spatial train] ppo_vector_canonical seed=829 iteration=104/200 episodes=1248 difficulty=0.440 loss=-0.00359 wall=2017.5s
[spatial train] ppo_ontology_rgat seed=828 iteration=95/200 episodes=1140 difficulty=0.350 loss=0.02935 wall=2026.9s
[spatial train] ppo_vector_canonical seed=828 iteration=110/200 episodes=1320 difficulty=0.500 loss=0.00929 wall=2027.2s
[spatial train] ppo_semantic_flat seed=828 iteration=120/200 episodes=1440 difficulty=0.600 loss=0.02696 wall=2029.0s
[spatial train] ppo_semantic_flat seed=829 iteration=125/200 episodes=1500 difficulty=0.650 loss=0.01562 wall=2034.8s
[spatial train] ppo_ontology_rgat seed=829 iteration=98/200 episodes=1176 difficulty=0.380 loss=0.00262 wall=2035.8s
[spatial train] ppo_vector_canonical seed=829 iteration=105/200 episodes=1260 difficulty=0.450 loss=-0.00519 wall=2049.0s
[spatial train] ppo_vector_canonical seed=828 iteration=111/200 episodes=1332 difficulty=0.510 loss=0.01858 wall=2055.4s
[spatial train] ppo_semantic_flat seed=828 iteration=121/200 episodes=1452 difficulty=0.610 loss=0.00727 wall=2060.0s
[spatial train] ppo_semantic_flat seed=829 iteration=126/200 episodes=1512 difficulty=0.660 loss=-0.01049 wall=2064.2s
[spatial train] ppo_ontology_rgat seed=828 iteration=96/200 episodes=1152 difficulty=0.360 loss=0.00410 wall=2066.3s
[spatial train] ppo_ontology_rgat seed=829 iteration=99/200 episodes=1188 difficulty=0.390 loss=0.02116 wall=2068.1s
[spatial train] ppo_vector_canonical seed=829 iteration=106/200 episodes=1272 difficulty=0.460 loss=-0.00179 wall=2075.9s
[spatial train] ppo_vector_canonical seed=828 iteration=112/200 episodes=1344 difficulty=0.520 loss=-0.00149 wall=2077.2s
[spatial train] ppo_semantic_flat seed=828 iteration=122/200 episodes=1464 difficulty=0.620 loss=0.00289 wall=2080.6s
[spatial train] ppo_semantic_flat seed=829 iteration=127/200 episodes=1524 difficulty=0.670 loss=-0.00657 wall=2081.0s
[spatial train] ppo_ontology_rgat seed=829 iteration=100/200 episodes=1200 difficulty=0.400 loss=0.02003 wall=2088.7s
[spatial train] ppo_ontology_rgat seed=828 iteration=97/200 episodes=1164 difficulty=0.370 loss=0.01901 wall=2088.9s
[spatial train] ppo_vector_canonical seed=829 iteration=107/200 episodes=1284 difficulty=0.470 loss=-0.00639 wall=2092.6s
[spatial train] ppo_semantic_flat seed=829 iteration=128/200 episodes=1536 difficulty=0.680 loss=-0.03356 wall=2094.4s
[spatial train] ppo_vector_canonical seed=828 iteration=113/200 episodes=1356 difficulty=0.530 loss=0.00160 wall=2095.1s
[spatial train] ppo_semantic_flat seed=828 iteration=123/200 episodes=1476 difficulty=0.630 loss=-0.00208 wall=2098.7s
[spatial train] ppo_ontology_rgat seed=829 iteration=101/200 episodes=1212 difficulty=0.410 loss=0.00474 wall=2109.6s
[spatial train] ppo_semantic_flat seed=829 iteration=129/200 episodes=1548 difficulty=0.690 loss=0.00169 wall=2110.0s
[spatial train] ppo_vector_canonical seed=829 iteration=108/200 episodes=1296 difficulty=0.480 loss=-0.00327 wall=2110.8s
[spatial train] ppo_ontology_rgat seed=828 iteration=98/200 episodes=1176 difficulty=0.380 loss=0.01354 wall=2111.8s
[spatial train] ppo_vector_canonical seed=828 iteration=114/200 episodes=1368 difficulty=0.540 loss=-0.00163 wall=2112.5s
[spatial train] ppo_semantic_flat seed=828 iteration=124/200 episodes=1488 difficulty=0.640 loss=-0.02365 wall=2116.7s
[spatial train] ppo_semantic_flat seed=829 iteration=130/200 episodes=1560 difficulty=0.700 loss=0.00353 wall=2124.3s
[spatial train] ppo_vector_canonical seed=829 iteration=109/200 episodes=1308 difficulty=0.490 loss=-0.00193 wall=2128.9s
[spatial train] ppo_ontology_rgat seed=829 iteration=102/200 episodes=1224 difficulty=0.420 loss=0.01771 wall=2129.1s
[spatial train] ppo_vector_canonical seed=828 iteration=115/200 episodes=1380 difficulty=0.550 loss=-0.00056 wall=2129.3s
[spatial train] ppo_ontology_rgat seed=828 iteration=99/200 episodes=1188 difficulty=0.390 loss=0.01709 wall=2134.6s
[spatial train] ppo_semantic_flat seed=828 iteration=125/200 episodes=1500 difficulty=0.650 loss=0.02110 wall=2134.8s
[spatial train] ppo_semantic_flat seed=829 iteration=131/200 episodes=1572 difficulty=0.710 loss=0.00901 wall=2138.5s
[spatial train] ppo_vector_canonical seed=828 iteration=116/200 episodes=1392 difficulty=0.560 loss=-0.00310 wall=2145.4s
[spatial train] ppo_ontology_rgat seed=829 iteration=103/200 episodes=1236 difficulty=0.430 loss=0.00239 wall=2147.0s
[spatial train] ppo_vector_canonical seed=829 iteration=110/200 episodes=1320 difficulty=0.500 loss=-0.00213 wall=2147.8s
[spatial train] ppo_semantic_flat seed=828 iteration=126/200 episodes=1512 difficulty=0.660 loss=0.01198 wall=2152.8s
[spatial train] ppo_semantic_flat seed=829 iteration=132/200 episodes=1584 difficulty=0.720 loss=-0.06159 wall=2153.9s
[spatial train] ppo_ontology_rgat seed=828 iteration=100/200 episodes=1200 difficulty=0.400 loss=-0.02066 wall=2154.4s
[spatial train] ppo_vector_canonical seed=828 iteration=117/200 episodes=1404 difficulty=0.570 loss=0.01881 wall=2162.5s
[spatial train] ppo_vector_canonical seed=829 iteration=111/200 episodes=1332 difficulty=0.510 loss=0.00015 wall=2164.3s
[spatial train] ppo_semantic_flat seed=829 iteration=133/200 episodes=1596 difficulty=0.730 loss=0.00637 wall=2168.7s
[spatial train] ppo_ontology_rgat seed=829 iteration=104/200 episodes=1248 difficulty=0.440 loss=-0.02250 wall=2169.1s
[spatial train] ppo_semantic_flat seed=828 iteration=127/200 episodes=1524 difficulty=0.670 loss=0.06901 wall=2170.6s
[spatial train] ppo_vector_canonical seed=828 iteration=118/200 episodes=1416 difficulty=0.580 loss=-0.00558 wall=2177.4s
[spatial train] ppo_ontology_rgat seed=828 iteration=101/200 episodes=1212 difficulty=0.410 loss=0.00825 wall=2178.3s
[spatial train] ppo_vector_canonical seed=829 iteration=112/200 episodes=1344 difficulty=0.520 loss=-0.00485 wall=2182.7s
[spatial train] ppo_semantic_flat seed=829 iteration=134/200 episodes=1608 difficulty=0.740 loss=-0.01600 wall=2186.0s
[spatial train] ppo_semantic_flat seed=828 iteration=128/200 episodes=1536 difficulty=0.680 loss=-0.00235 wall=2187.4s
[spatial train] ppo_vector_canonical seed=828 iteration=119/200 episodes=1428 difficulty=0.590 loss=0.00359 wall=2192.3s
[spatial train] ppo_ontology_rgat seed=829 iteration=105/200 episodes=1260 difficulty=0.450 loss=0.00191 wall=2192.8s
[spatial train] ppo_ontology_rgat seed=828 iteration=102/200 episodes=1224 difficulty=0.420 loss=-0.02138 wall=2200.6s
[spatial train] ppo_vector_canonical seed=829 iteration=113/200 episodes=1356 difficulty=0.530 loss=0.00105 wall=2200.8s
[spatial train] ppo_semantic_flat seed=829 iteration=135/200 episodes=1620 difficulty=0.750 loss=-0.00858 wall=2200.9s
[spatial train] ppo_semantic_flat seed=828 iteration=129/200 episodes=1548 difficulty=0.690 loss=0.00369 wall=2204.4s
[spatial train] ppo_vector_canonical seed=828 iteration=120/200 episodes=1440 difficulty=0.600 loss=-0.00538 wall=2207.5s
[spatial train] ppo_ontology_rgat seed=829 iteration=106/200 episodes=1272 difficulty=0.460 loss=0.03061 wall=2211.8s
[spatial train] ppo_semantic_flat seed=829 iteration=136/200 episodes=1632 difficulty=0.760 loss=0.01628 wall=2216.9s
[spatial train] ppo_vector_canonical seed=829 iteration=114/200 episodes=1368 difficulty=0.540 loss=-0.00517 wall=2218.7s
[spatial train] ppo_semantic_flat seed=828 iteration=130/200 episodes=1560 difficulty=0.700 loss=0.00173 wall=2220.6s
[spatial train] ppo_ontology_rgat seed=828 iteration=103/200 episodes=1236 difficulty=0.430 loss=-0.00112 wall=2220.8s
[spatial train] ppo_vector_canonical seed=828 iteration=121/200 episodes=1452 difficulty=0.610 loss=-0.00481 wall=2225.8s
[spatial train] ppo_semantic_flat seed=829 iteration=137/200 episodes=1644 difficulty=0.770 loss=0.00838 wall=2231.7s
[spatial train] ppo_ontology_rgat seed=829 iteration=107/200 episodes=1284 difficulty=0.470 loss=-0.00194 wall=2232.4s
[spatial train] ppo_semantic_flat seed=828 iteration=131/200 episodes=1572 difficulty=0.710 loss=0.00229 wall=2236.7s
[spatial train] ppo_vector_canonical seed=829 iteration=115/200 episodes=1380 difficulty=0.550 loss=-0.00569 wall=2238.5s
[spatial train] ppo_vector_canonical seed=828 iteration=122/200 episodes=1464 difficulty=0.620 loss=-0.00491 wall=2243.1s
[spatial train] ppo_ontology_rgat seed=828 iteration=104/200 episodes=1248 difficulty=0.440 loss=-0.01001 wall=2243.1s
[spatial train] ppo_semantic_flat seed=829 iteration=138/200 episodes=1656 difficulty=0.780 loss=-0.00028 wall=2247.8s
[spatial train] ppo_ontology_rgat seed=829 iteration=108/200 episodes=1296 difficulty=0.480 loss=0.00335 wall=2253.8s
[spatial train] ppo_semantic_flat seed=828 iteration=132/200 episodes=1584 difficulty=0.720 loss=-0.00669 wall=2255.3s
[spatial train] ppo_vector_canonical seed=829 iteration=116/200 episodes=1392 difficulty=0.560 loss=0.00154 wall=2257.0s
[spatial train] ppo_vector_canonical seed=828 iteration=123/200 episodes=1476 difficulty=0.630 loss=0.01471 wall=2260.2s
[spatial train] ppo_semantic_flat seed=829 iteration=139/200 episodes=1668 difficulty=0.790 loss=0.01819 wall=2265.2s
[spatial train] ppo_ontology_rgat seed=828 iteration=105/200 episodes=1260 difficulty=0.450 loss=-0.00453 wall=2267.0s
[spatial train] ppo_semantic_flat seed=828 iteration=133/200 episodes=1596 difficulty=0.730 loss=0.01746 wall=2270.0s
[spatial train] ppo_vector_canonical seed=828 iteration=124/200 episodes=1488 difficulty=0.640 loss=0.00168 wall=2272.2s
[spatial train] ppo_vector_canonical seed=829 iteration=117/200 episodes=1404 difficulty=0.570 loss=-0.00953 wall=2274.8s
[spatial train] ppo_ontology_rgat seed=829 iteration=109/200 episodes=1308 difficulty=0.490 loss=0.00550 wall=2277.0s
[spatial train] ppo_semantic_flat seed=829 iteration=140/200 episodes=1680 difficulty=0.800 loss=0.01377 wall=2281.8s
[spatial train] ppo_semantic_flat seed=828 iteration=134/200 episodes=1608 difficulty=0.740 loss=0.00805 wall=2287.9s
[spatial train] ppo_ontology_rgat seed=828 iteration=106/200 episodes=1272 difficulty=0.460 loss=0.01138 wall=2290.9s
[spatial train] ppo_vector_canonical seed=828 iteration=125/200 episodes=1500 difficulty=0.650 loss=-0.00537 wall=2291.4s
[spatial train] ppo_vector_canonical seed=829 iteration=118/200 episodes=1416 difficulty=0.580 loss=-0.00426 wall=2294.0s
[spatial train] ppo_semantic_flat seed=829 iteration=141/200 episodes=1692 difficulty=0.810 loss=0.00506 wall=2299.3s
[spatial train] ppo_ontology_rgat seed=829 iteration=110/200 episodes=1320 difficulty=0.500 loss=0.00618 wall=2300.4s
[spatial train] ppo_semantic_flat seed=828 iteration=135/200 episodes=1620 difficulty=0.750 loss=0.01523 wall=2305.4s
[spatial train] ppo_vector_canonical seed=828 iteration=126/200 episodes=1512 difficulty=0.660 loss=-0.00242 wall=2310.5s
[spatial train] ppo_vector_canonical seed=829 iteration=119/200 episodes=1428 difficulty=0.590 loss=-0.00357 wall=2313.4s
[spatial train] ppo_ontology_rgat seed=828 iteration=107/200 episodes=1284 difficulty=0.470 loss=-0.00471 wall=2314.9s
[spatial train] ppo_semantic_flat seed=829 iteration=142/200 episodes=1704 difficulty=0.820 loss=-0.00729 wall=2316.7s
[spatial train] ppo_ontology_rgat seed=829 iteration=111/200 episodes=1332 difficulty=0.510 loss=0.00581 wall=2321.0s
[spatial train] ppo_semantic_flat seed=828 iteration=136/200 episodes=1632 difficulty=0.760 loss=0.06263 wall=2321.5s
[spatial train] ppo_vector_canonical seed=828 iteration=127/200 episodes=1524 difficulty=0.670 loss=-0.00174 wall=2328.4s
[spatial train] ppo_vector_canonical seed=829 iteration=120/200 episodes=1440 difficulty=0.600 loss=-0.00587 wall=2331.0s
[spatial train] ppo_semantic_flat seed=829 iteration=143/200 episodes=1716 difficulty=0.830 loss=0.00232 wall=2334.2s
[spatial train] ppo_semantic_flat seed=828 iteration=137/200 episodes=1644 difficulty=0.770 loss=-0.01534 wall=2336.4s
[spatial train] ppo_ontology_rgat seed=828 iteration=108/200 episodes=1296 difficulty=0.480 loss=-0.01020 wall=2336.5s
[spatial train] ppo_ontology_rgat seed=829 iteration=112/200 episodes=1344 difficulty=0.520 loss=-0.00136 wall=2342.7s
[spatial train] ppo_vector_canonical seed=828 iteration=128/200 episodes=1536 difficulty=0.680 loss=-0.00413 wall=2347.5s
[spatial train] ppo_vector_canonical seed=829 iteration=121/200 episodes=1452 difficulty=0.610 loss=-0.00000 wall=2347.5s
[spatial train] ppo_semantic_flat seed=829 iteration=144/200 episodes=1728 difficulty=0.840 loss=0.01940 wall=2351.5s
[spatial train] ppo_semantic_flat seed=828 iteration=138/200 episodes=1656 difficulty=0.780 loss=-0.00061 wall=2353.0s
[spatial train] ppo_ontology_rgat seed=828 iteration=109/200 episodes=1308 difficulty=0.490 loss=-0.00365 wall=2359.6s
[spatial train] ppo_vector_canonical seed=829 iteration=122/200 episodes=1464 difficulty=0.620 loss=0.01000 wall=2363.6s
[spatial train] ppo_ontology_rgat seed=829 iteration=113/200 episodes=1356 difficulty=0.530 loss=0.00546 wall=2363.6s
[spatial train] ppo_vector_canonical seed=828 iteration=129/200 episodes=1548 difficulty=0.690 loss=0.00018 wall=2365.7s
[spatial train] ppo_semantic_flat seed=829 iteration=145/200 episodes=1740 difficulty=0.850 loss=0.01151 wall=2367.6s
[spatial train] ppo_semantic_flat seed=828 iteration=139/200 episodes=1668 difficulty=0.790 loss=-0.01551 wall=2369.3s
[spatial train] ppo_vector_canonical seed=829 iteration=123/200 episodes=1476 difficulty=0.630 loss=-0.00465 wall=2380.9s
[spatial train] ppo_ontology_rgat seed=828 iteration=110/200 episodes=1320 difficulty=0.500 loss=0.00967 wall=2383.6s
[spatial train] ppo_vector_canonical seed=828 iteration=130/200 episodes=1560 difficulty=0.700 loss=-0.00213 wall=2384.9s
[spatial train] ppo_semantic_flat seed=828 iteration=140/200 episodes=1680 difficulty=0.800 loss=-0.00351 wall=2385.4s
[spatial train] ppo_ontology_rgat seed=829 iteration=114/200 episodes=1368 difficulty=0.540 loss=0.00156 wall=2385.9s
[spatial train] ppo_semantic_flat seed=829 iteration=146/200 episodes=1752 difficulty=0.860 loss=0.03267 wall=2386.4s
[spatial train] ppo_vector_canonical seed=829 iteration=124/200 episodes=1488 difficulty=0.640 loss=-0.00058 wall=2398.5s
[spatial train] ppo_semantic_flat seed=828 iteration=141/200 episodes=1692 difficulty=0.810 loss=0.00205 wall=2400.5s
[spatial train] ppo_vector_canonical seed=828 iteration=131/200 episodes=1572 difficulty=0.710 loss=-0.00391 wall=2404.1s
[spatial train] ppo_semantic_flat seed=829 iteration=147/200 episodes=1764 difficulty=0.870 loss=0.00362 wall=2405.0s
[spatial train] ppo_ontology_rgat seed=828 iteration=111/200 episodes=1332 difficulty=0.510 loss=0.00580 wall=2407.6s
[spatial train] ppo_ontology_rgat seed=829 iteration=115/200 episodes=1380 difficulty=0.550 loss=0.00471 wall=2409.8s
[spatial train] ppo_vector_canonical seed=829 iteration=125/200 episodes=1500 difficulty=0.650 loss=-0.00451 wall=2417.5s
[spatial train] ppo_semantic_flat seed=828 iteration=142/200 episodes=1704 difficulty=0.820 loss=0.00472 wall=2419.3s
[spatial train] ppo_semantic_flat seed=829 iteration=148/200 episodes=1776 difficulty=0.880 loss=-0.01231 wall=2421.2s
[spatial train] ppo_vector_canonical seed=828 iteration=132/200 episodes=1584 difficulty=0.720 loss=-0.01503 wall=2422.5s
[spatial train] ppo_ontology_rgat seed=828 iteration=112/200 episodes=1344 difficulty=0.520 loss=0.01794 wall=2429.8s
[spatial train] ppo_ontology_rgat seed=829 iteration=116/200 episodes=1392 difficulty=0.560 loss=-0.00235 wall=2432.2s
[spatial train] ppo_semantic_flat seed=828 iteration=143/200 episodes=1716 difficulty=0.830 loss=-0.00456 wall=2434.4s
[spatial train] ppo_vector_canonical seed=829 iteration=126/200 episodes=1512 difficulty=0.660 loss=-0.00549 wall=2436.0s
[spatial train] ppo_semantic_flat seed=829 iteration=149/200 episodes=1788 difficulty=0.890 loss=0.03289 wall=2438.6s
[spatial train] ppo_vector_canonical seed=828 iteration=133/200 episodes=1596 difficulty=0.730 loss=0.01250 wall=2440.5s
[spatial train] ppo_semantic_flat seed=828 iteration=144/200 episodes=1728 difficulty=0.840 loss=0.00347 wall=2449.3s
[spatial train] ppo_ontology_rgat seed=828 iteration=113/200 episodes=1356 difficulty=0.530 loss=0.01650 wall=2453.7s
[spatial train] ppo_vector_canonical seed=829 iteration=127/200 episodes=1524 difficulty=0.670 loss=-0.00272 wall=2454.3s
[spatial train] ppo_ontology_rgat seed=829 iteration=117/200 episodes=1404 difficulty=0.570 loss=0.00508 wall=2454.3s
[spatial train] ppo_semantic_flat seed=829 iteration=150/200 episodes=1800 difficulty=0.900 loss=-0.00368 wall=2456.1s
[spatial train] ppo_vector_canonical seed=828 iteration=134/200 episodes=1608 difficulty=0.740 loss=-0.00336 wall=2458.4s
[spatial train] ppo_semantic_flat seed=828 iteration=145/200 episodes=1740 difficulty=0.850 loss=0.01811 wall=2463.2s
[spatial train] ppo_vector_canonical seed=829 iteration=128/200 episodes=1536 difficulty=0.680 loss=-0.00718 wall=2472.1s
[spatial train] ppo_semantic_flat seed=829 iteration=151/200 episodes=1812 difficulty=0.910 loss=0.01354 wall=2473.5s
[spatial train] ppo_ontology_rgat seed=829 iteration=118/200 episodes=1416 difficulty=0.580 loss=0.00828 wall=2477.1s
[spatial train] ppo_vector_canonical seed=828 iteration=135/200 episodes=1620 difficulty=0.750 loss=-0.00295 wall=2477.6s
[spatial train] ppo_ontology_rgat seed=828 iteration=114/200 episodes=1368 difficulty=0.540 loss=-0.00198 wall=2477.7s
[spatial train] ppo_semantic_flat seed=828 iteration=146/200 episodes=1752 difficulty=0.860 loss=0.01838 wall=2480.9s
[spatial train] ppo_semantic_flat seed=829 iteration=152/200 episodes=1824 difficulty=0.920 loss=0.03300 wall=2489.6s
[spatial train] ppo_vector_canonical seed=829 iteration=129/200 episodes=1548 difficulty=0.690 loss=-0.00508 wall=2491.1s
[spatial train] ppo_vector_canonical seed=828 iteration=136/200 episodes=1632 difficulty=0.760 loss=-0.00548 wall=2493.3s
[spatial train] ppo_semantic_flat seed=828 iteration=147/200 episodes=1764 difficulty=0.870 loss=0.01072 wall=2497.4s
[spatial train] ppo_ontology_rgat seed=829 iteration=119/200 episodes=1428 difficulty=0.590 loss=0.00017 wall=2499.7s
[spatial train] ppo_ontology_rgat seed=828 iteration=115/200 episodes=1380 difficulty=0.550 loss=-0.03289 wall=2500.0s
[spatial train] ppo_semantic_flat seed=829 iteration=153/200 episodes=1836 difficulty=0.930 loss=0.04666 wall=2505.8s
[spatial train] ppo_vector_canonical seed=829 iteration=130/200 episodes=1560 difficulty=0.700 loss=-0.00707 wall=2506.9s
[spatial train] ppo_vector_canonical seed=828 iteration=137/200 episodes=1644 difficulty=0.770 loss=-0.00422 wall=2511.1s
[spatial train] ppo_semantic_flat seed=828 iteration=148/200 episodes=1776 difficulty=0.880 loss=0.01128 wall=2513.6s
[spatial train] ppo_ontology_rgat seed=829 iteration=120/200 episodes=1440 difficulty=0.600 loss=0.01362 wall=2520.7s
[spatial train] ppo_ontology_rgat seed=828 iteration=116/200 episodes=1392 difficulty=0.560 loss=0.01673 wall=2523.2s
[spatial train] ppo_semantic_flat seed=829 iteration=154/200 episodes=1848 difficulty=0.940 loss=0.02630 wall=2523.3s
[spatial train] ppo_vector_canonical seed=829 iteration=131/200 episodes=1572 difficulty=0.710 loss=-0.00533 wall=2524.4s
[spatial train] ppo_vector_canonical seed=828 iteration=138/200 episodes=1656 difficulty=0.780 loss=-0.00113 wall=2529.6s
[spatial train] ppo_semantic_flat seed=828 iteration=149/200 episodes=1788 difficulty=0.890 loss=0.05051 wall=2530.3s
[spatial train] ppo_semantic_flat seed=829 iteration=155/200 episodes=1860 difficulty=0.950 loss=0.00198 wall=2540.8s
[spatial train] ppo_ontology_rgat seed=829 iteration=121/200 episodes=1452 difficulty=0.610 loss=0.04319 wall=2541.8s
[spatial train] ppo_vector_canonical seed=829 iteration=132/200 episodes=1584 difficulty=0.720 loss=-0.00385 wall=2544.2s
[spatial train] ppo_ontology_rgat seed=828 iteration=117/200 episodes=1404 difficulty=0.570 loss=0.05056 wall=2545.4s
[spatial train] ppo_semantic_flat seed=828 iteration=150/200 episodes=1800 difficulty=0.900 loss=-0.00279 wall=2547.7s
[spatial train] ppo_vector_canonical seed=828 iteration=139/200 episodes=1668 difficulty=0.790 loss=-0.00506 wall=2548.6s
[spatial train] ppo_semantic_flat seed=829 iteration=156/200 episodes=1872 difficulty=0.960 loss=-0.00275 wall=2559.6s
[spatial train] ppo_ontology_rgat seed=829 iteration=122/200 episodes=1464 difficulty=0.620 loss=0.01796 wall=2561.8s
[spatial train] ppo_vector_canonical seed=829 iteration=133/200 episodes=1596 difficulty=0.730 loss=-0.00086 wall=2562.9s
[spatial train] ppo_semantic_flat seed=828 iteration=151/200 episodes=1812 difficulty=0.910 loss=-0.01336 wall=2565.5s
[spatial train] ppo_ontology_rgat seed=828 iteration=118/200 episodes=1416 difficulty=0.580 loss=0.01281 wall=2566.6s
[spatial train] ppo_vector_canonical seed=828 iteration=140/200 episodes=1680 difficulty=0.800 loss=-0.00320 wall=2567.6s
[spatial train] ppo_semantic_flat seed=829 iteration=157/200 episodes=1884 difficulty=0.970 loss=0.00557 wall=2578.3s
[spatial train] ppo_ontology_rgat seed=829 iteration=123/200 episodes=1476 difficulty=0.630 loss=0.00390 wall=2581.1s
[spatial train] ppo_vector_canonical seed=829 iteration=134/200 episodes=1608 difficulty=0.740 loss=0.00071 wall=2582.4s
[spatial train] ppo_semantic_flat seed=828 iteration=152/200 episodes=1824 difficulty=0.920 loss=-0.00762 wall=2584.4s
[spatial train] ppo_vector_canonical seed=828 iteration=141/200 episodes=1692 difficulty=0.810 loss=-0.00119 wall=2586.2s
[spatial train] ppo_ontology_rgat seed=828 iteration=119/200 episodes=1428 difficulty=0.590 loss=-0.02087 wall=2586.3s
[spatial train] ppo_semantic_flat seed=829 iteration=158/200 episodes=1896 difficulty=0.980 loss=0.00169 wall=2595.8s
[spatial train] ppo_semantic_flat seed=828 iteration=153/200 episodes=1836 difficulty=0.930 loss=0.02166 wall=2600.9s
[spatial train] ppo_vector_canonical seed=829 iteration=135/200 episodes=1620 difficulty=0.750 loss=-0.00363 wall=2601.6s
[spatial train] ppo_ontology_rgat seed=829 iteration=124/200 episodes=1488 difficulty=0.640 loss=-0.00578 wall=2603.6s
[spatial train] ppo_vector_canonical seed=828 iteration=142/200 episodes=1704 difficulty=0.820 loss=-0.00324 wall=2605.3s
[spatial train] ppo_ontology_rgat seed=828 iteration=120/200 episodes=1440 difficulty=0.600 loss=0.00024 wall=2607.4s
[spatial train] ppo_semantic_flat seed=829 iteration=159/200 episodes=1908 difficulty=0.990 loss=-0.00764 wall=2614.7s
[spatial train] ppo_semantic_flat seed=828 iteration=154/200 episodes=1848 difficulty=0.940 loss=-0.01016 wall=2616.2s
[spatial train] ppo_vector_canonical seed=829 iteration=136/200 episodes=1632 difficulty=0.760 loss=-0.00565 wall=2621.4s
[spatial train] ppo_vector_canonical seed=828 iteration=143/200 episodes=1716 difficulty=0.830 loss=-0.00133 wall=2622.5s
[spatial train] ppo_ontology_rgat seed=829 iteration=125/200 episodes=1500 difficulty=0.650 loss=0.00087 wall=2626.3s
[spatial train] ppo_semantic_flat seed=829 iteration=160/200 episodes=1920 difficulty=1.000 loss=-0.01082 wall=2630.9s
[spatial train] ppo_ontology_rgat seed=828 iteration=121/200 episodes=1452 difficulty=0.610 loss=-0.00806 wall=2631.1s
[spatial train] ppo_semantic_flat seed=828 iteration=155/200 episodes=1860 difficulty=0.950 loss=0.00555 wall=2632.2s
[spatial train] ppo_vector_canonical seed=828 iteration=144/200 episodes=1728 difficulty=0.840 loss=-0.00120 wall=2641.1s
[spatial train] ppo_vector_canonical seed=829 iteration=137/200 episodes=1644 difficulty=0.770 loss=-0.00237 wall=2641.3s
[spatial train] ppo_semantic_flat seed=829 iteration=161/200 episodes=1932 difficulty=1.000 loss=-0.04217 wall=2647.1s
[spatial train] ppo_ontology_rgat seed=829 iteration=126/200 episodes=1512 difficulty=0.660 loss=0.01718 wall=2649.0s
[spatial train] ppo_semantic_flat seed=828 iteration=156/200 episodes=1872 difficulty=0.960 loss=-0.00885 wall=2649.8s
[spatial train] ppo_ontology_rgat seed=828 iteration=122/200 episodes=1464 difficulty=0.620 loss=0.02451 wall=2651.4s
[spatial train] ppo_vector_canonical seed=829 iteration=138/200 episodes=1656 difficulty=0.780 loss=-0.00442 wall=2659.1s
[spatial train] ppo_vector_canonical seed=828 iteration=145/200 episodes=1740 difficulty=0.850 loss=0.00236 wall=2659.7s
[spatial train] ppo_semantic_flat seed=829 iteration=162/200 episodes=1944 difficulty=1.000 loss=-0.02841 wall=2662.7s
[spatial train] ppo_semantic_flat seed=828 iteration=157/200 episodes=1884 difficulty=0.970 loss=0.00369 wall=2665.1s
[spatial train] ppo_ontology_rgat seed=829 iteration=127/200 episodes=1524 difficulty=0.670 loss=-0.00240 wall=2670.5s
[spatial train] ppo_semantic_flat seed=829 iteration=163/200 episodes=1956 difficulty=1.000 loss=0.00289 wall=2672.3s
[spatial train] ppo_ontology_rgat seed=828 iteration=123/200 episodes=1476 difficulty=0.630 loss=0.00237 wall=2675.3s
[spatial train] ppo_vector_canonical seed=829 iteration=139/200 episodes=1668 difficulty=0.790 loss=-0.00390 wall=2677.0s
[spatial train] ppo_vector_canonical seed=828 iteration=146/200 episodes=1752 difficulty=0.860 loss=-0.00443 wall=2678.6s
[spatial train] ppo_semantic_flat seed=829 iteration=164/200 episodes=1968 difficulty=1.000 loss=0.02782 wall=2679.0s
[spatial train] ppo_semantic_flat seed=828 iteration=158/200 episodes=1896 difficulty=0.980 loss=0.00166 wall=2680.2s
[spatial train] ppo_ontology_rgat seed=829 iteration=128/200 episodes=1536 difficulty=0.680 loss=-0.00059 wall=2691.0s
[spatial train] ppo_semantic_flat seed=828 iteration=159/200 episodes=1908 difficulty=0.990 loss=-0.01237 wall=2691.9s
[spatial train] ppo_semantic_flat seed=829 iteration=165/200 episodes=1980 difficulty=1.000 loss=-0.00898 wall=2693.0s
[spatial train] ppo_vector_canonical seed=829 iteration=140/200 episodes=1680 difficulty=0.800 loss=-0.00437 wall=2695.5s
[spatial train] ppo_vector_canonical seed=828 iteration=147/200 episodes=1764 difficulty=0.870 loss=-0.00279 wall=2697.5s
[spatial train] ppo_ontology_rgat seed=828 iteration=124/200 episodes=1488 difficulty=0.640 loss=0.01476 wall=2699.2s
[spatial train] ppo_semantic_flat seed=829 iteration=166/200 episodes=1992 difficulty=1.000 loss=0.02708 wall=2706.2s
[spatial train] ppo_semantic_flat seed=828 iteration=160/200 episodes=1920 difficulty=1.000 loss=-0.01184 wall=2708.6s
[spatial train] ppo_ontology_rgat seed=829 iteration=129/200 episodes=1548 difficulty=0.690 loss=-0.00217 wall=2713.6s
[spatial train] ppo_vector_canonical seed=829 iteration=141/200 episodes=1692 difficulty=0.810 loss=-0.00356 wall=2715.2s
[spatial train] ppo_vector_canonical seed=828 iteration=148/200 episodes=1776 difficulty=0.880 loss=-0.00243 wall=2716.5s
[spatial train] ppo_semantic_flat seed=829 iteration=167/200 episodes=2004 difficulty=1.000 loss=-0.01380 wall=2721.2s
[spatial train] ppo_ontology_rgat seed=828 iteration=125/200 episodes=1500 difficulty=0.650 loss=0.00396 wall=2723.2s
[spatial train] ppo_semantic_flat seed=828 iteration=161/200 episodes=1932 difficulty=1.000 loss=-0.02073 wall=2725.2s
[spatial train] ppo_ontology_rgat seed=829 iteration=130/200 episodes=1560 difficulty=0.700 loss=-0.00499 wall=2731.5s
[spatial train] ppo_vector_canonical seed=829 iteration=142/200 episodes=1704 difficulty=0.820 loss=-0.00123 wall=2733.7s
[spatial train] ppo_vector_canonical seed=828 iteration=149/200 episodes=1788 difficulty=0.890 loss=-0.00366 wall=2735.4s
[spatial train] ppo_semantic_flat seed=829 iteration=168/200 episodes=2016 difficulty=1.000 loss=0.04034 wall=2736.9s
[spatial train] ppo_semantic_flat seed=828 iteration=162/200 episodes=1944 difficulty=1.000 loss=-0.04645 wall=2741.3s
[spatial train] ppo_ontology_rgat seed=828 iteration=126/200 episodes=1512 difficulty=0.660 loss=-0.00078 wall=2746.5s
[spatial train] ppo_ontology_rgat seed=829 iteration=131/200 episodes=1572 difficulty=0.710 loss=0.00019 wall=2751.9s
[spatial train] ppo_semantic_flat seed=829 iteration=169/200 episodes=2028 difficulty=1.000 loss=-0.04857 wall=2752.2s
[spatial train] ppo_vector_canonical seed=829 iteration=143/200 episodes=1716 difficulty=0.830 loss=0.00246 wall=2752.3s
[spatial train] ppo_vector_canonical seed=828 iteration=150/200 episodes=1800 difficulty=0.900 loss=-0.00349 wall=2754.4s
[spatial train] ppo_semantic_flat seed=828 iteration=163/200 episodes=1956 difficulty=1.000 loss=-0.04579 wall=2756.6s
[spatial train] ppo_ontology_rgat seed=828 iteration=127/200 episodes=1524 difficulty=0.670 loss=0.00269 wall=2768.4s
[spatial train] ppo_vector_canonical seed=829 iteration=144/200 episodes=1728 difficulty=0.840 loss=-0.00141 wall=2769.5s
[spatial train] ppo_semantic_flat seed=829 iteration=170/200 episodes=2040 difficulty=1.000 loss=0.01591 wall=2769.6s
[spatial train] ppo_semantic_flat seed=828 iteration=164/200 episodes=1968 difficulty=1.000 loss=-0.00301 wall=2772.3s
[spatial train] ppo_vector_canonical seed=828 iteration=151/200 episodes=1812 difficulty=0.910 loss=-0.00134 wall=2773.3s
[spatial train] ppo_ontology_rgat seed=829 iteration=132/200 episodes=1584 difficulty=0.720 loss=0.00839 wall=2773.6s
[spatial train] ppo_semantic_flat seed=829 iteration=171/200 episodes=2052 difficulty=1.000 loss=0.04883 wall=2787.1s
[spatial train] ppo_semantic_flat seed=828 iteration=165/200 episodes=1980 difficulty=1.000 loss=0.00926 wall=2788.9s
[spatial train] ppo_vector_canonical seed=829 iteration=145/200 episodes=1740 difficulty=0.850 loss=-0.00334 wall=2789.3s
[spatial train] ppo_ontology_rgat seed=828 iteration=128/200 episodes=1536 difficulty=0.680 loss=0.00169 wall=2791.7s
[spatial train] ppo_vector_canonical seed=828 iteration=152/200 episodes=1824 difficulty=0.920 loss=-0.00077 wall=2792.2s
[spatial train] ppo_ontology_rgat seed=829 iteration=133/200 episodes=1596 difficulty=0.730 loss=0.00917 wall=2794.9s
[spatial train] ppo_semantic_flat seed=829 iteration=172/200 episodes=2064 difficulty=1.000 loss=0.02576 wall=2803.3s
[spatial train] ppo_semantic_flat seed=828 iteration=166/200 episodes=1992 difficulty=1.000 loss=-0.01379 wall=2806.5s
[spatial train] ppo_vector_canonical seed=829 iteration=146/200 episodes=1752 difficulty=0.860 loss=-0.00385 wall=2808.7s
[spatial train] ppo_vector_canonical seed=828 iteration=153/200 episodes=1836 difficulty=0.930 loss=-0.00149 wall=2811.2s
[spatial train] ppo_ontology_rgat seed=828 iteration=129/200 episodes=1548 difficulty=0.690 loss=-0.01448 wall=2813.6s
[spatial train] ppo_ontology_rgat seed=829 iteration=134/200 episodes=1608 difficulty=0.740 loss=0.00990 wall=2816.3s
[spatial train] ppo_semantic_flat seed=829 iteration=173/200 episodes=2076 difficulty=1.000 loss=-0.02530 wall=2819.5s
[spatial train] ppo_semantic_flat seed=828 iteration=167/200 episodes=2004 difficulty=1.000 loss=0.02125 wall=2819.6s
[spatial train] ppo_vector_canonical seed=829 iteration=147/200 episodes=1764 difficulty=0.870 loss=-0.00667 wall=2827.2s
[spatial train] ppo_vector_canonical seed=828 iteration=154/200 episodes=1848 difficulty=0.940 loss=0.00052 wall=2829.4s
[spatial train] ppo_semantic_flat seed=828 iteration=168/200 episodes=2016 difficulty=1.000 loss=0.02086 wall=2835.7s
[spatial train] ppo_semantic_flat seed=829 iteration=174/200 episodes=2088 difficulty=1.000 loss=-0.04351 wall=2835.7s
[spatial train] ppo_ontology_rgat seed=829 iteration=135/200 episodes=1620 difficulty=0.750 loss=0.00411 wall=2836.0s
[spatial train] ppo_ontology_rgat seed=828 iteration=130/200 episodes=1560 difficulty=0.700 loss=0.00102 wall=2837.6s
[spatial train] ppo_vector_canonical seed=829 iteration=148/200 episodes=1776 difficulty=0.880 loss=-0.00166 wall=2846.2s
[spatial train] ppo_semantic_flat seed=828 iteration=169/200 episodes=2028 difficulty=1.000 loss=0.00527 wall=2848.3s
[spatial train] ppo_vector_canonical seed=828 iteration=155/200 episodes=1860 difficulty=0.950 loss=-0.00177 wall=2848.5s
[spatial train] ppo_semantic_flat seed=829 iteration=175/200 episodes=2100 difficulty=1.000 loss=0.01880 wall=2851.9s
[spatial train] ppo_ontology_rgat seed=829 iteration=136/200 episodes=1632 difficulty=0.760 loss=0.00499 wall=2857.0s
[spatial train] ppo_ontology_rgat seed=828 iteration=131/200 episodes=1572 difficulty=0.710 loss=0.02511 wall=2861.4s
[spatial train] ppo_vector_canonical seed=829 iteration=149/200 episodes=1788 difficulty=0.890 loss=-0.00320 wall=2863.0s
[spatial train] ppo_semantic_flat seed=828 iteration=170/200 episodes=2040 difficulty=1.000 loss=0.02131 wall=2863.7s
[spatial train] ppo_vector_canonical seed=828 iteration=156/200 episodes=1872 difficulty=0.960 loss=-0.00121 wall=2867.6s
[spatial train] ppo_semantic_flat seed=829 iteration=176/200 episodes=2112 difficulty=1.000 loss=0.05136 wall=2868.0s
[spatial train] ppo_ontology_rgat seed=829 iteration=137/200 episodes=1644 difficulty=0.770 loss=0.00291 wall=2878.3s
[spatial train] ppo_vector_canonical seed=829 iteration=150/200 episodes=1800 difficulty=0.900 loss=-0.00631 wall=2880.0s
[spatial train] ppo_semantic_flat seed=828 iteration=171/200 episodes=2052 difficulty=1.000 loss=-0.00645 wall=2880.3s
[spatial train] ppo_ontology_rgat seed=828 iteration=132/200 episodes=1584 difficulty=0.720 loss=-0.03665 wall=2882.6s
[spatial train] ppo_semantic_flat seed=829 iteration=177/200 episodes=2124 difficulty=1.000 loss=0.01596 wall=2884.1s
[spatial train] ppo_vector_canonical seed=828 iteration=157/200 episodes=1884 difficulty=0.970 loss=-0.00318 wall=2885.5s
[spatial train] ppo_semantic_flat seed=828 iteration=172/200 episodes=2064 difficulty=1.000 loss=0.00186 wall=2897.7s
[spatial train] ppo_ontology_rgat seed=829 iteration=138/200 episodes=1656 difficulty=0.780 loss=0.00735 wall=2897.8s
[spatial train] ppo_vector_canonical seed=829 iteration=151/200 episodes=1812 difficulty=0.910 loss=-0.00203 wall=2899.8s
[spatial train] ppo_semantic_flat seed=829 iteration=178/200 episodes=2136 difficulty=1.000 loss=0.02038 wall=2901.6s
[spatial train] ppo_vector_canonical seed=828 iteration=158/200 episodes=1896 difficulty=0.980 loss=-0.00705 wall=2902.4s
[spatial train] ppo_ontology_rgat seed=828 iteration=133/200 episodes=1596 difficulty=0.730 loss=0.00871 wall=2902.6s
[spatial train] ppo_semantic_flat seed=828 iteration=173/200 episodes=2076 difficulty=1.000 loss=-0.00272 wall=2913.1s
[spatial train] ppo_semantic_flat seed=829 iteration=179/200 episodes=2148 difficulty=1.000 loss=0.02077 wall=2917.6s
[spatial train] ppo_ontology_rgat seed=829 iteration=139/200 episodes=1668 difficulty=0.790 loss=0.01175 wall=2918.7s
[spatial train] ppo_vector_canonical seed=829 iteration=152/200 episodes=1824 difficulty=0.920 loss=0.00002 wall=2919.3s
[spatial train] ppo_vector_canonical seed=828 iteration=159/200 episodes=1908 difficulty=0.990 loss=0.00383 wall=2922.1s
[spatial train] ppo_ontology_rgat seed=828 iteration=134/200 episodes=1608 difficulty=0.740 loss=0.00055 wall=2928.5s
[spatial train] ppo_semantic_flat seed=828 iteration=174/200 episodes=2088 difficulty=1.000 loss=-0.03114 wall=2932.3s
[spatial train] ppo_semantic_flat seed=829 iteration=180/200 episodes=2160 difficulty=1.000 loss=0.00673 wall=2943.2s
[spatial train] ppo_ontology_rgat seed=829 iteration=140/200 episodes=1680 difficulty=0.800 loss=0.01555 wall=2950.8s
[spatial train] ppo_vector_canonical seed=829 iteration=153/200 episodes=1836 difficulty=0.930 loss=-0.00460 wall=2952.1s
[spatial train] ppo_vector_canonical seed=828 iteration=160/200 episodes=1920 difficulty=1.000 loss=-0.00241 wall=2953.9s
[spatial train] ppo_semantic_flat seed=828 iteration=175/200 episodes=2100 difficulty=1.000 loss=0.00793 wall=2961.0s
[spatial train] ppo_ontology_rgat seed=828 iteration=135/200 episodes=1620 difficulty=0.750 loss=0.01777 wall=2963.8s
[spatial train] ppo_semantic_flat seed=829 iteration=181/200 episodes=2172 difficulty=1.000 loss=0.00628 wall=2966.6s
[spatial train] ppo_semantic_flat seed=828 iteration=176/200 episodes=2112 difficulty=1.000 loss=-0.00379 wall=2973.5s
[spatial train] ppo_vector_canonical seed=829 iteration=154/200 episodes=1848 difficulty=0.940 loss=-0.00498 wall=2974.0s
[spatial train] ppo_vector_canonical seed=828 iteration=161/200 episodes=1932 difficulty=1.000 loss=-0.00235 wall=2975.6s
[spatial train] ppo_ontology_rgat seed=829 iteration=141/200 episodes=1692 difficulty=0.810 loss=-0.00585 wall=2975.7s
[spatial train] ppo_semantic_flat seed=829 iteration=182/200 episodes=2184 difficulty=1.000 loss=0.01283 wall=2982.6s
[spatial train] ppo_ontology_rgat seed=828 iteration=136/200 episodes=1632 difficulty=0.760 loss=0.07052 wall=2982.8s
[spatial train] ppo_semantic_flat seed=828 iteration=177/200 episodes=2124 difficulty=1.000 loss=-0.02886 wall=2990.3s
[spatial train] ppo_vector_canonical seed=829 iteration=155/200 episodes=1860 difficulty=0.950 loss=-0.00223 wall=2991.4s
[spatial train] ppo_vector_canonical seed=828 iteration=162/200 episodes=1944 difficulty=1.000 loss=-0.00009 wall=2993.7s
[spatial train] ppo_ontology_rgat seed=829 iteration=142/200 episodes=1704 difficulty=0.820 loss=-0.01141 wall=2996.6s
[spatial train] ppo_semantic_flat seed=829 iteration=183/200 episodes=2196 difficulty=1.000 loss=-0.00403 wall=2999.3s
[spatial train] ppo_ontology_rgat seed=828 iteration=137/200 episodes=1644 difficulty=0.770 loss=-0.00001 wall=3001.7s
[spatial train] ppo_semantic_flat seed=828 iteration=178/200 episodes=2136 difficulty=1.000 loss=0.03821 wall=3003.5s
[spatial train] ppo_vector_canonical seed=829 iteration=156/200 episodes=1872 difficulty=0.960 loss=-0.01352 wall=3008.9s
[spatial train] ppo_vector_canonical seed=828 iteration=163/200 episodes=1956 difficulty=1.000 loss=-0.00346 wall=3012.0s
[spatial train] ppo_semantic_flat seed=829 iteration=184/200 episodes=2208 difficulty=1.000 loss=-0.00744 wall=3014.7s
[spatial train] ppo_ontology_rgat seed=829 iteration=143/200 episodes=1716 difficulty=0.830 loss=-0.00841 wall=3014.7s
[spatial train] ppo_semantic_flat seed=828 iteration=179/200 episodes=2148 difficulty=1.000 loss=-0.01583 wall=3016.8s
[spatial train] ppo_ontology_rgat seed=828 iteration=138/200 episodes=1656 difficulty=0.780 loss=0.04170 wall=3022.1s
[spatial train] ppo_vector_canonical seed=829 iteration=157/200 episodes=1884 difficulty=0.970 loss=-0.00191 wall=3024.0s
[spatial train] ppo_semantic_flat seed=828 iteration=180/200 episodes=2160 difficulty=1.000 loss=0.00459 wall=3028.9s
[spatial train] ppo_vector_canonical seed=828 iteration=164/200 episodes=1968 difficulty=1.000 loss=-0.00345 wall=3030.3s
[spatial train] ppo_semantic_flat seed=829 iteration=185/200 episodes=2220 difficulty=1.000 loss=0.00550 wall=3032.6s
[spatial train] ppo_ontology_rgat seed=829 iteration=144/200 episodes=1728 difficulty=0.840 loss=0.01077 wall=3033.4s
[spatial train] ppo_vector_canonical seed=829 iteration=158/200 episodes=1896 difficulty=0.980 loss=-0.00101 wall=3040.2s
[spatial train] ppo_ontology_rgat seed=828 iteration=139/200 episodes=1668 difficulty=0.790 loss=-0.00661 wall=3042.3s
[spatial train] ppo_semantic_flat seed=828 iteration=181/200 episodes=2172 difficulty=1.000 loss=0.00326 wall=3044.4s
[spatial train] ppo_vector_canonical seed=828 iteration=165/200 episodes=1980 difficulty=1.000 loss=-0.00114 wall=3048.4s
[spatial train] ppo_semantic_flat seed=829 iteration=186/200 episodes=2232 difficulty=1.000 loss=0.03243 wall=3048.9s
[spatial train] ppo_ontology_rgat seed=829 iteration=145/200 episodes=1740 difficulty=0.850 loss=-0.00626 wall=3055.9s
[spatial train] ppo_vector_canonical seed=829 iteration=159/200 episodes=1908 difficulty=0.990 loss=0.00779 wall=3057.7s
[spatial train] ppo_semantic_flat seed=828 iteration=182/200 episodes=2184 difficulty=1.000 loss=0.00780 wall=3060.4s
[spatial train] ppo_ontology_rgat seed=828 iteration=140/200 episodes=1680 difficulty=0.800 loss=0.00069 wall=3063.4s
[spatial train] ppo_semantic_flat seed=829 iteration=187/200 episodes=2244 difficulty=1.000 loss=0.02914 wall=3066.7s
[spatial train] ppo_vector_canonical seed=828 iteration=166/200 episodes=1992 difficulty=1.000 loss=-0.00307 wall=3067.0s
[spatial train] ppo_semantic_flat seed=828 iteration=183/200 episodes=2196 difficulty=1.000 loss=0.00282 wall=3071.6s
[spatial train] ppo_vector_canonical seed=829 iteration=160/200 episodes=1920 difficulty=1.000 loss=-0.00207 wall=3076.4s
[spatial train] ppo_ontology_rgat seed=829 iteration=146/200 episodes=1752 difficulty=0.860 loss=0.00077 wall=3079.3s
[spatial train] ppo_semantic_flat seed=829 iteration=188/200 episodes=2256 difficulty=1.000 loss=-0.00426 wall=3082.7s
[spatial train] ppo_ontology_rgat seed=828 iteration=141/200 episodes=1692 difficulty=0.810 loss=-0.01112 wall=3084.1s
[spatial train] ppo_vector_canonical seed=828 iteration=167/200 episodes=2004 difficulty=1.000 loss=0.00444 wall=3084.4s
[spatial train] ppo_semantic_flat seed=828 iteration=184/200 episodes=2208 difficulty=1.000 loss=0.01635 wall=3086.5s
[spatial train] ppo_vector_canonical seed=829 iteration=161/200 episodes=1932 difficulty=1.000 loss=-0.00315 wall=3094.7s
[spatial train] ppo_ontology_rgat seed=829 iteration=147/200 episodes=1764 difficulty=0.870 loss=0.00792 wall=3097.7s
[spatial train] ppo_semantic_flat seed=829 iteration=189/200 episodes=2268 difficulty=1.000 loss=0.00240 wall=3098.9s
[spatial train] ppo_vector_canonical seed=828 iteration=168/200 episodes=2016 difficulty=1.000 loss=-0.00445 wall=3102.0s
[spatial train] ppo_semantic_flat seed=828 iteration=185/200 episodes=2220 difficulty=1.000 loss=0.01460 wall=3102.7s
[spatial train] ppo_ontology_rgat seed=828 iteration=142/200 episodes=1704 difficulty=0.820 loss=-0.00523 wall=3107.9s
[spatial train] ppo_vector_canonical seed=829 iteration=162/200 episodes=1944 difficulty=1.000 loss=0.00341 wall=3112.7s
[spatial train] ppo_semantic_flat seed=829 iteration=190/200 episodes=2280 difficulty=1.000 loss=-0.02282 wall=3115.5s
[spatial train] ppo_ontology_rgat seed=829 iteration=148/200 episodes=1776 difficulty=0.880 loss=-0.00072 wall=3117.0s
[spatial train] ppo_semantic_flat seed=828 iteration=186/200 episodes=2232 difficulty=1.000 loss=0.00321 wall=3118.4s
[spatial train] ppo_vector_canonical seed=828 iteration=169/200 episodes=2028 difficulty=1.000 loss=0.00347 wall=3120.0s
[spatial train] ppo_ontology_rgat seed=828 iteration=143/200 episodes=1716 difficulty=0.830 loss=0.00568 wall=3125.9s
[spatial train] ppo_ontology_rgat seed=829 iteration=149/200 episodes=1788 difficulty=0.890 loss=-0.00131 wall=3132.6s
[spatial train] ppo_vector_canonical seed=829 iteration=163/200 episodes=1956 difficulty=1.000 loss=-0.00523 wall=3132.7s
[spatial train] ppo_semantic_flat seed=829 iteration=191/200 episodes=2292 difficulty=1.000 loss=-0.00648 wall=3133.2s
[spatial train] ppo_semantic_flat seed=828 iteration=187/200 episodes=2244 difficulty=1.000 loss=0.00737 wall=3134.3s
[spatial train] ppo_vector_canonical seed=828 iteration=170/200 episodes=2040 difficulty=1.000 loss=-0.00258 wall=3139.1s
[spatial train] ppo_ontology_rgat seed=828 iteration=144/200 episodes=1728 difficulty=0.840 loss=0.00029 wall=3146.5s
[spatial train] ppo_semantic_flat seed=829 iteration=192/200 episodes=2304 difficulty=1.000 loss=0.02658 wall=3146.7s
[spatial train] ppo_semantic_flat seed=828 iteration=188/200 episodes=2256 difficulty=1.000 loss=0.00153 wall=3150.1s
[spatial train] ppo_vector_canonical seed=829 iteration=164/200 episodes=1968 difficulty=1.000 loss=-0.00471 wall=3150.2s
[spatial train] ppo_ontology_rgat seed=829 iteration=150/200 episodes=1800 difficulty=0.900 loss=-0.00113 wall=3151.1s
[spatial train] ppo_vector_canonical seed=828 iteration=171/200 episodes=2052 difficulty=1.000 loss=0.00010 wall=3157.9s
[spatial train] ppo_semantic_flat seed=829 iteration=193/200 episodes=2316 difficulty=1.000 loss=0.00109 wall=3161.7s
[spatial train] ppo_ontology_rgat seed=828 iteration=145/200 episodes=1740 difficulty=0.850 loss=0.00026 wall=3162.4s
[spatial train] ppo_semantic_flat seed=828 iteration=189/200 episodes=2268 difficulty=1.000 loss=-0.00444 wall=3166.7s
[spatial train] ppo_vector_canonical seed=829 iteration=165/200 episodes=1980 difficulty=1.000 loss=-0.00497 wall=3170.2s
[spatial train] ppo_ontology_rgat seed=829 iteration=151/200 episodes=1812 difficulty=0.910 loss=0.00791 wall=3171.9s
[spatial train] ppo_vector_canonical seed=828 iteration=172/200 episodes=2064 difficulty=1.000 loss=0.01355 wall=3176.3s
[spatial train] ppo_semantic_flat seed=828 iteration=190/200 episodes=2280 difficulty=1.000 loss=0.00577 wall=3177.9s
[spatial train] ppo_semantic_flat seed=829 iteration=194/200 episodes=2328 difficulty=1.000 loss=-0.00314 wall=3178.9s
[spatial train] ppo_ontology_rgat seed=828 iteration=146/200 episodes=1752 difficulty=0.860 loss=0.01148 wall=3181.0s
[spatial train] ppo_vector_canonical seed=829 iteration=166/200 episodes=1992 difficulty=1.000 loss=-0.00510 wall=3188.4s
[spatial train] ppo_semantic_flat seed=828 iteration=191/200 episodes=2292 difficulty=1.000 loss=0.00272 wall=3193.4s
[spatial train] ppo_vector_canonical seed=828 iteration=173/200 episodes=2076 difficulty=1.000 loss=-0.00121 wall=3194.0s
[spatial train] ppo_ontology_rgat seed=829 iteration=152/200 episodes=1824 difficulty=0.920 loss=-0.00267 wall=3194.2s
[spatial train] ppo_semantic_flat seed=829 iteration=195/200 episodes=2340 difficulty=1.000 loss=0.00412 wall=3195.4s
[spatial train] ppo_ontology_rgat seed=828 iteration=147/200 episodes=1764 difficulty=0.870 loss=-0.00701 wall=3200.0s
[spatial train] ppo_vector_canonical seed=829 iteration=167/200 episodes=2004 difficulty=1.000 loss=-0.00268 wall=3207.0s
[spatial train] ppo_semantic_flat seed=828 iteration=192/200 episodes=2304 difficulty=1.000 loss=-0.00496 wall=3209.1s
[spatial train] ppo_semantic_flat seed=829 iteration=196/200 episodes=2352 difficulty=1.000 loss=0.00342 wall=3210.5s
[spatial train] ppo_vector_canonical seed=828 iteration=174/200 episodes=2088 difficulty=1.000 loss=-0.00286 wall=3212.3s
[spatial train] ppo_ontology_rgat seed=829 iteration=153/200 episodes=1836 difficulty=0.930 loss=-0.00607 wall=3215.3s
[spatial train] ppo_ontology_rgat seed=828 iteration=148/200 episodes=1776 difficulty=0.880 loss=-0.00688 wall=3217.8s
[spatial train] ppo_semantic_flat seed=828 iteration=193/200 episodes=2316 difficulty=1.000 loss=0.01385 wall=3223.7s
[spatial train] ppo_vector_canonical seed=829 iteration=168/200 episodes=2016 difficulty=1.000 loss=-0.00274 wall=3227.0s
[spatial train] ppo_semantic_flat seed=829 iteration=197/200 episodes=2364 difficulty=1.000 loss=0.00322 wall=3228.1s
[spatial train] ppo_vector_canonical seed=828 iteration=175/200 episodes=2100 difficulty=1.000 loss=0.02850 wall=3229.7s
[spatial train] ppo_ontology_rgat seed=829 iteration=154/200 episodes=1848 difficulty=0.940 loss=-0.00223 wall=3234.3s
[spatial train] ppo_ontology_rgat seed=828 iteration=149/200 episodes=1788 difficulty=0.890 loss=-0.01106 wall=3236.8s
[spatial train] ppo_semantic_flat seed=828 iteration=194/200 episodes=2328 difficulty=1.000 loss=-0.00035 wall=3238.1s
[spatial train] ppo_semantic_flat seed=829 iteration=198/200 episodes=2376 difficulty=1.000 loss=0.00211 wall=3245.7s
[spatial train] ppo_vector_canonical seed=829 iteration=169/200 episodes=2028 difficulty=1.000 loss=-0.00523 wall=3247.0s
[spatial train] ppo_vector_canonical seed=828 iteration=176/200 episodes=2112 difficulty=1.000 loss=-0.00726 wall=3247.6s
[spatial train] ppo_semantic_flat seed=828 iteration=195/200 episodes=2340 difficulty=1.000 loss=0.00662 wall=3250.9s
[spatial train] ppo_ontology_rgat seed=829 iteration=155/200 episodes=1860 difficulty=0.950 loss=-0.00610 wall=3256.3s
[spatial train] ppo_ontology_rgat seed=828 iteration=150/200 episodes=1800 difficulty=0.900 loss=-0.01424 wall=3258.1s
[spatial train] ppo_semantic_flat seed=828 iteration=196/200 episodes=2352 difficulty=1.000 loss=-0.01695 wall=3264.4s
[spatial train] ppo_semantic_flat seed=829 iteration=199/200 episodes=2388 difficulty=1.000 loss=0.00965 wall=3264.7s
[spatial train] ppo_vector_canonical seed=828 iteration=177/200 episodes=2124 difficulty=1.000 loss=0.00307 wall=3265.8s
[spatial train] ppo_vector_canonical seed=829 iteration=170/200 episodes=2040 difficulty=1.000 loss=0.02528 wall=3266.6s
[spatial train] ppo_ontology_rgat seed=829 iteration=156/200 episodes=1872 difficulty=0.960 loss=-0.00428 wall=3274.9s
[spatial train] ppo_ontology_rgat seed=828 iteration=151/200 episodes=1812 difficulty=0.910 loss=-0.01483 wall=3277.1s
[spatial train] ppo_semantic_flat seed=828 iteration=197/200 episodes=2364 difficulty=1.000 loss=0.00396 wall=3279.4s
[spatial train] ppo_vector_canonical seed=828 iteration=178/200 episodes=2136 difficulty=1.000 loss=0.02149 wall=3282.2s
[spatial train] ppo_semantic_flat seed=829 iteration=200/200 episodes=2400 difficulty=1.000 loss=0.01245 wall=3285.5s
[spatial train] ppo_vector_canonical seed=829 iteration=171/200 episodes=2052 difficulty=1.000 loss=-0.00398 wall=3286.4s
[spatial train] ppo_semantic_flat seed=828 iteration=198/200 episodes=2376 difficulty=1.000 loss=-0.00437 wall=3290.6s
[spatial train] ppo_ontology_rgat seed=829 iteration=157/200 episodes=1884 difficulty=0.970 loss=0.00292 wall=3292.0s
[spatial train] ppo_ontology_rgat seed=828 iteration=152/200 episodes=1824 difficulty=0.920 loss=0.03765 wall=3298.4s
[spatial train] ppo_vector_canonical seed=828 iteration=179/200 episodes=2148 difficulty=1.000 loss=-0.00244 wall=3299.6s
[spatial train] ppo_semantic_flat seed=828 iteration=199/200 episodes=2388 difficulty=1.000 loss=0.02986 wall=3304.8s
[spatial train] ppo_vector_canonical seed=829 iteration=172/200 episodes=2064 difficulty=1.000 loss=-0.00121 wall=3305.2s
[spatial train] ppo_ontology_rgat seed=829 iteration=158/200 episodes=1896 difficulty=0.980 loss=-0.00540 wall=3311.4s
[spatial train] ppo_ontology_rgat seed=828 iteration=153/200 episodes=1836 difficulty=0.930 loss=-0.02659 wall=3316.6s
[spatial train] ppo_vector_canonical seed=828 iteration=180/200 episodes=2160 difficulty=1.000 loss=-0.00688 wall=3317.8s
[spatial train] ppo_semantic_flat seed=828 iteration=200/200 episodes=2400 difficulty=1.000 loss=0.00049 wall=3319.2s
[spatial train] ppo_vector_canonical seed=829 iteration=173/200 episodes=2076 difficulty=1.000 loss=-0.00307 wall=3324.2s
[spatial train] ppo_ontology_rgat seed=828 iteration=154/200 episodes=1848 difficulty=0.940 loss=0.00865 wall=3327.9s
[spatial train] ppo_ontology_rgat seed=829 iteration=159/200 episodes=1908 difficulty=0.990 loss=-0.00725 wall=3331.2s
[spatial train] ppo_vector_canonical seed=828 iteration=181/200 episodes=2172 difficulty=1.000 loss=-0.00012 wall=3334.6s
[spatial train] ppo_ontology_rgat seed=828 iteration=155/200 episodes=1860 difficulty=0.950 loss=0.00393 wall=3338.7s
[spatial train] ppo_vector_canonical seed=829 iteration=174/200 episodes=2088 difficulty=1.000 loss=0.00292 wall=3340.9s
[spatial train] ppo_ontology_rgat seed=829 iteration=160/200 episodes=1920 difficulty=1.000 loss=-0.02167 wall=3347.1s
[spatial train] ppo_ontology_rgat seed=828 iteration=156/200 episodes=1872 difficulty=0.960 loss=0.03038 wall=3351.4s
[spatial train] ppo_vector_canonical seed=828 iteration=182/200 episodes=2184 difficulty=1.000 loss=-0.00305 wall=3352.0s
[spatial train] ppo_vector_canonical seed=829 iteration=175/200 episodes=2100 difficulty=1.000 loss=-0.00323 wall=3355.8s
[spatial train] ppo_ontology_rgat seed=829 iteration=161/200 episodes=1932 difficulty=1.000 loss=0.00400 wall=3362.6s
[spatial train] ppo_ontology_rgat seed=828 iteration=157/200 episodes=1884 difficulty=0.970 loss=-0.03226 wall=3365.9s
[spatial train] ppo_vector_canonical seed=828 iteration=183/200 episodes=2196 difficulty=1.000 loss=-0.00311 wall=3369.3s
[spatial train] ppo_vector_canonical seed=829 iteration=176/200 episodes=2112 difficulty=1.000 loss=-0.00377 wall=3374.1s
[spatial train] ppo_ontology_rgat seed=828 iteration=158/200 episodes=1896 difficulty=0.980 loss=0.00743 wall=3380.5s
[spatial train] ppo_ontology_rgat seed=829 iteration=162/200 episodes=1944 difficulty=1.000 loss=-0.00825 wall=3381.4s
[spatial train] ppo_vector_canonical seed=828 iteration=184/200 episodes=2208 difficulty=1.000 loss=0.00693 wall=3386.4s
[spatial train] ppo_vector_canonical seed=829 iteration=177/200 episodes=2124 difficulty=1.000 loss=-0.00224 wall=3389.7s
[spatial train] ppo_ontology_rgat seed=828 iteration=159/200 episodes=1908 difficulty=0.990 loss=0.00668 wall=3390.7s
[spatial train] ppo_ontology_rgat seed=829 iteration=163/200 episodes=1956 difficulty=1.000 loss=0.00135 wall=3401.2s
[spatial train] ppo_ontology_rgat seed=828 iteration=160/200 episodes=1920 difficulty=1.000 loss=0.00657 wall=3402.2s
[spatial train] ppo_vector_canonical seed=828 iteration=185/200 episodes=2220 difficulty=1.000 loss=-0.00175 wall=3403.9s
[spatial train] ppo_vector_canonical seed=829 iteration=178/200 episodes=2136 difficulty=1.000 loss=-0.00418 wall=3406.8s
[spatial train] ppo_ontology_rgat seed=828 iteration=161/200 episodes=1932 difficulty=1.000 loss=0.01287 wall=3413.6s
[spatial train] ppo_vector_canonical seed=828 iteration=186/200 episodes=2232 difficulty=1.000 loss=-0.00238 wall=3421.1s
[spatial train] ppo_ontology_rgat seed=829 iteration=164/200 episodes=1968 difficulty=1.000 loss=0.00994 wall=3422.1s
[spatial train] ppo_vector_canonical seed=829 iteration=179/200 episodes=2148 difficulty=1.000 loss=-0.00725 wall=3425.2s
[spatial train] ppo_ontology_rgat seed=828 iteration=162/200 episodes=1944 difficulty=1.000 loss=0.01387 wall=3428.2s
[spatial train] ppo_ontology_rgat seed=828 iteration=163/200 episodes=1956 difficulty=1.000 loss=-0.00302 wall=3437.0s
[spatial train] ppo_vector_canonical seed=828 iteration=187/200 episodes=2244 difficulty=1.000 loss=-0.00081 wall=3438.2s
[spatial train] ppo_vector_canonical seed=829 iteration=180/200 episodes=2160 difficulty=1.000 loss=0.00446 wall=3442.0s
[spatial train] ppo_ontology_rgat seed=829 iteration=165/200 episodes=1980 difficulty=1.000 loss=0.01193 wall=3442.3s
[spatial train] ppo_ontology_rgat seed=828 iteration=164/200 episodes=1968 difficulty=1.000 loss=0.00278 wall=3449.2s
[spatial train] ppo_vector_canonical seed=828 iteration=188/200 episodes=2256 difficulty=1.000 loss=-0.00170 wall=3455.7s
[spatial train] ppo_vector_canonical seed=829 iteration=181/200 episodes=2172 difficulty=1.000 loss=0.00320 wall=3460.0s
[spatial train] ppo_ontology_rgat seed=828 iteration=165/200 episodes=1980 difficulty=1.000 loss=0.00583 wall=3460.2s
[spatial train] ppo_ontology_rgat seed=829 iteration=166/200 episodes=1992 difficulty=1.000 loss=-0.00685 wall=3462.3s
[spatial train] ppo_vector_canonical seed=828 iteration=189/200 episodes=2268 difficulty=1.000 loss=-0.00093 wall=3471.2s
[spatial train] ppo_ontology_rgat seed=828 iteration=166/200 episodes=1992 difficulty=1.000 loss=-0.00928 wall=3472.3s
[spatial train] ppo_vector_canonical seed=829 iteration=182/200 episodes=2184 difficulty=1.000 loss=-0.00227 wall=3478.4s
[spatial train] ppo_ontology_rgat seed=829 iteration=167/200 episodes=2004 difficulty=1.000 loss=-0.01221 wall=3482.2s
[spatial train] ppo_ontology_rgat seed=828 iteration=167/200 episodes=2004 difficulty=1.000 loss=0.00474 wall=3483.9s
[spatial train] ppo_vector_canonical seed=828 iteration=190/200 episodes=2280 difficulty=1.000 loss=0.00332 wall=3487.5s
[spatial train] ppo_ontology_rgat seed=828 iteration=168/200 episodes=2016 difficulty=1.000 loss=-0.04399 wall=3493.8s
[spatial train] ppo_vector_canonical seed=829 iteration=183/200 episodes=2196 difficulty=1.000 loss=0.00418 wall=3495.2s
[spatial train] ppo_ontology_rgat seed=829 iteration=168/200 episodes=2016 difficulty=1.000 loss=-0.02674 wall=3502.8s
[spatial train] ppo_ontology_rgat seed=828 iteration=169/200 episodes=2028 difficulty=1.000 loss=0.00151 wall=3503.4s
[spatial train] ppo_vector_canonical seed=828 iteration=191/200 episodes=2292 difficulty=1.000 loss=-0.00069 wall=3503.8s
[spatial train] ppo_vector_canonical seed=829 iteration=184/200 episodes=2208 difficulty=1.000 loss=-0.00319 wall=3513.4s
[spatial train] ppo_ontology_rgat seed=828 iteration=170/200 episodes=2040 difficulty=1.000 loss=0.01076 wall=3513.7s
[spatial train] ppo_vector_canonical seed=828 iteration=192/200 episodes=2304 difficulty=1.000 loss=-0.00235 wall=3520.7s
[spatial train] ppo_ontology_rgat seed=828 iteration=171/200 episodes=2052 difficulty=1.000 loss=0.01342 wall=3521.0s
[spatial train] ppo_ontology_rgat seed=829 iteration=169/200 episodes=2028 difficulty=1.000 loss=0.04868 wall=3522.7s
[spatial train] ppo_ontology_rgat seed=828 iteration=172/200 episodes=2064 difficulty=1.000 loss=-0.00124 wall=3530.8s
[spatial train] ppo_vector_canonical seed=829 iteration=185/200 episodes=2220 difficulty=1.000 loss=-0.00222 wall=3531.7s
[spatial train] ppo_vector_canonical seed=828 iteration=193/200 episodes=2316 difficulty=1.000 loss=0.00125 wall=3537.1s
[spatial train] ppo_ontology_rgat seed=828 iteration=173/200 episodes=2076 difficulty=1.000 loss=0.00709 wall=3543.7s
[spatial train] ppo_ontology_rgat seed=829 iteration=170/200 episodes=2040 difficulty=1.000 loss=-0.01709 wall=3544.0s
[spatial train] ppo_vector_canonical seed=829 iteration=186/200 episodes=2232 difficulty=1.000 loss=-0.00068 wall=3549.7s
[spatial train] ppo_ontology_rgat seed=828 iteration=174/200 episodes=2088 difficulty=1.000 loss=-0.00518 wall=3550.7s
[spatial train] ppo_vector_canonical seed=828 iteration=194/200 episodes=2328 difficulty=1.000 loss=-0.01018 wall=3552.2s
[spatial train] ppo_ontology_rgat seed=828 iteration=175/200 episodes=2100 difficulty=1.000 loss=0.00811 wall=3557.8s
[spatial train] ppo_ontology_rgat seed=829 iteration=171/200 episodes=2052 difficulty=1.000 loss=0.00879 wall=3565.3s
[spatial train] ppo_vector_canonical seed=828 iteration=195/200 episodes=2340 difficulty=1.000 loss=-0.00507 wall=3567.3s
[spatial train] ppo_ontology_rgat seed=828 iteration=176/200 episodes=2112 difficulty=1.000 loss=0.00447 wall=3567.5s
[spatial train] ppo_vector_canonical seed=829 iteration=187/200 episodes=2244 difficulty=1.000 loss=0.00051 wall=3567.6s
[spatial train] ppo_ontology_rgat seed=828 iteration=177/200 episodes=2124 difficulty=1.000 loss=0.00554 wall=3580.4s
[spatial train] ppo_vector_canonical seed=828 iteration=196/200 episodes=2352 difficulty=1.000 loss=-0.00059 wall=3583.6s
[spatial train] ppo_vector_canonical seed=829 iteration=188/200 episodes=2256 difficulty=1.000 loss=-0.00157 wall=3585.8s
[spatial train] ppo_ontology_rgat seed=829 iteration=172/200 episodes=2064 difficulty=1.000 loss=0.00532 wall=3586.7s
[spatial train] ppo_ontology_rgat seed=828 iteration=178/200 episodes=2136 difficulty=1.000 loss=-0.01890 wall=3590.3s
[spatial train] ppo_ontology_rgat seed=828 iteration=179/200 episodes=2148 difficulty=1.000 loss=0.00835 wall=3599.5s
[spatial train] ppo_vector_canonical seed=828 iteration=197/200 episodes=2364 difficulty=1.000 loss=-0.00101 wall=3601.0s
[spatial train] ppo_vector_canonical seed=829 iteration=189/200 episodes=2268 difficulty=1.000 loss=-0.00176 wall=3604.0s
[spatial train] ppo_ontology_rgat seed=829 iteration=173/200 episodes=2076 difficulty=1.000 loss=-0.00207 wall=3608.5s
[spatial train] ppo_ontology_rgat seed=828 iteration=180/200 episodes=2160 difficulty=1.000 loss=-0.01022 wall=3612.0s
[spatial train] ppo_vector_canonical seed=828 iteration=198/200 episodes=2376 difficulty=1.000 loss=0.00083 wall=3615.1s
[spatial train] ppo_ontology_rgat seed=828 iteration=181/200 episodes=2172 difficulty=1.000 loss=-0.00830 wall=3620.0s
[spatial train] ppo_vector_canonical seed=829 iteration=190/200 episodes=2280 difficulty=1.000 loss=-0.00111 wall=3622.5s
[spatial train] ppo_ontology_rgat seed=829 iteration=174/200 episodes=2088 difficulty=1.000 loss=0.01976 wall=3627.5s
[spatial train] ppo_vector_canonical seed=828 iteration=199/200 episodes=2388 difficulty=1.000 loss=-0.00119 wall=3630.2s
[spatial train] ppo_ontology_rgat seed=828 iteration=182/200 episodes=2184 difficulty=1.000 loss=-0.00669 wall=3634.2s
[spatial train] ppo_vector_canonical seed=829 iteration=191/200 episodes=2292 difficulty=1.000 loss=0.00025 wall=3640.7s
[spatial train] ppo_ontology_rgat seed=829 iteration=175/200 episodes=2100 difficulty=1.000 loss=0.01489 wall=3645.8s
[spatial train] ppo_ontology_rgat seed=828 iteration=183/200 episodes=2196 difficulty=1.000 loss=-0.00491 wall=3647.7s
[spatial train] ppo_vector_canonical seed=828 iteration=200/200 episodes=2400 difficulty=1.000 loss=-0.00120 wall=3649.4s
[spatial train] ppo_vector_canonical seed=829 iteration=192/200 episodes=2304 difficulty=1.000 loss=-0.00173 wall=3658.7s
[spatial train] ppo_ontology_rgat seed=828 iteration=184/200 episodes=2208 difficulty=1.000 loss=-0.00365 wall=3660.6s
[spatial train] ppo_ontology_rgat seed=829 iteration=176/200 episodes=2112 difficulty=1.000 loss=0.01050 wall=3667.1s
[spatial train] ppo_ontology_rgat seed=828 iteration=185/200 episodes=2220 difficulty=1.000 loss=-0.00496 wall=3671.7s
[spatial train] ppo_vector_canonical seed=829 iteration=193/200 episodes=2316 difficulty=1.000 loss=-0.00341 wall=3676.9s
[spatial train] ppo_ontology_rgat seed=829 iteration=177/200 episodes=2124 difficulty=1.000 loss=0.00751 wall=3684.2s
[spatial train] ppo_ontology_rgat seed=828 iteration=186/200 episodes=2232 difficulty=1.000 loss=-0.00632 wall=3689.1s
[spatial train] ppo_vector_canonical seed=829 iteration=194/200 episodes=2328 difficulty=1.000 loss=0.00326 wall=3694.8s
[spatial train] ppo_ontology_rgat seed=828 iteration=187/200 episodes=2244 difficulty=1.000 loss=-0.00799 wall=3701.9s
[spatial train] ppo_ontology_rgat seed=829 iteration=178/200 episodes=2136 difficulty=1.000 loss=-0.00147 wall=3703.7s
[spatial train] ppo_vector_canonical seed=829 iteration=195/200 episodes=2340 difficulty=1.000 loss=-0.00281 wall=3712.9s
[spatial train] ppo_ontology_rgat seed=828 iteration=188/200 episodes=2256 difficulty=1.000 loss=-0.00543 wall=3717.7s
[spatial train] ppo_ontology_rgat seed=829 iteration=179/200 episodes=2148 difficulty=1.000 loss=0.03854 wall=3719.9s
[spatial train] ppo_vector_canonical seed=829 iteration=196/200 episodes=2352 difficulty=1.000 loss=0.00088 wall=3730.7s
[spatial train] ppo_ontology_rgat seed=828 iteration=189/200 episodes=2268 difficulty=1.000 loss=-0.00726 wall=3733.2s
[spatial train] ppo_ontology_rgat seed=829 iteration=180/200 episodes=2160 difficulty=1.000 loss=0.00437 wall=3736.6s
[spatial train] ppo_ontology_rgat seed=828 iteration=190/200 episodes=2280 difficulty=1.000 loss=-0.00539 wall=3746.1s
[spatial train] ppo_vector_canonical seed=829 iteration=197/200 episodes=2364 difficulty=1.000 loss=-0.00271 wall=3749.0s
[spatial train] ppo_ontology_rgat seed=829 iteration=181/200 episodes=2172 difficulty=1.000 loss=-0.00485 wall=3757.9s
[spatial train] ppo_ontology_rgat seed=828 iteration=191/200 episodes=2292 difficulty=1.000 loss=-0.00620 wall=3761.7s
[spatial train] ppo_vector_canonical seed=829 iteration=198/200 episodes=2376 difficulty=1.000 loss=-0.00051 wall=3767.2s
[spatial train] ppo_ontology_rgat seed=828 iteration=192/200 episodes=2304 difficulty=1.000 loss=-0.00486 wall=3777.3s
[spatial train] ppo_ontology_rgat seed=829 iteration=182/200 episodes=2184 difficulty=1.000 loss=-0.00550 wall=3781.6s
[spatial train] ppo_vector_canonical seed=829 iteration=199/200 episodes=2388 difficulty=1.000 loss=-0.00233 wall=3785.5s
[spatial train] ppo_ontology_rgat seed=828 iteration=193/200 episodes=2316 difficulty=1.000 loss=-0.00423 wall=3789.0s
[spatial train] ppo_ontology_rgat seed=828 iteration=194/200 episodes=2328 difficulty=1.000 loss=-0.00503 wall=3801.8s
[spatial train] ppo_vector_canonical seed=829 iteration=200/200 episodes=2400 difficulty=1.000 loss=0.00182 wall=3805.2s
[spatial train] ppo_ontology_rgat seed=829 iteration=183/200 episodes=2196 difficulty=1.000 loss=-0.00574 wall=3807.3s
[spatial train] ppo_ontology_rgat seed=828 iteration=195/200 episodes=2340 difficulty=1.000 loss=-0.00630 wall=3816.9s
[spatial train] ppo_ontology_rgat seed=829 iteration=184/200 episodes=2208 difficulty=1.000 loss=-0.00759 wall=3830.8s
[spatial train] ppo_ontology_rgat seed=828 iteration=196/200 episodes=2352 difficulty=1.000 loss=-0.00450 wall=3831.0s
[spatial train] ppo_ontology_rgat seed=828 iteration=197/200 episodes=2364 difficulty=1.000 loss=-0.00516 wall=3848.4s
[spatial train] ppo_ontology_rgat seed=829 iteration=185/200 episodes=2220 difficulty=1.000 loss=-0.00450 wall=3854.1s
[spatial train] ppo_ontology_rgat seed=828 iteration=198/200 episodes=2376 difficulty=1.000 loss=-0.00859 wall=3865.0s
[spatial train] ppo_ontology_rgat seed=828 iteration=199/200 episodes=2388 difficulty=1.000 loss=-0.00524 wall=3880.9s
[spatial train] ppo_ontology_rgat seed=829 iteration=186/200 episodes=2232 difficulty=1.000 loss=-0.01018 wall=3882.5s
[spatial train] ppo_ontology_rgat seed=828 iteration=200/200 episodes=2400 difficulty=1.000 loss=-0.00697 wall=3896.8s
[spatial train] ppo_ontology_rgat seed=829 iteration=187/200 episodes=2244 difficulty=1.000 loss=-0.00837 wall=3907.1s
[spatial train] ppo_ontology_rgat seed=829 iteration=188/200 episodes=2256 difficulty=1.000 loss=-0.00655 wall=3928.8s
[spatial train] ppo_ontology_rgat seed=829 iteration=189/200 episodes=2268 difficulty=1.000 loss=-0.00463 wall=3953.3s
[spatial train] ppo_ontology_rgat seed=829 iteration=190/200 episodes=2280 difficulty=1.000 loss=-0.00569 wall=3979.6s
[spatial train] ppo_ontology_rgat seed=829 iteration=191/200 episodes=2292 difficulty=1.000 loss=-0.00470 wall=4006.0s
[spatial train] ppo_ontology_rgat seed=829 iteration=192/200 episodes=2304 difficulty=1.000 loss=-0.00441 wall=4030.4s
[spatial train] ppo_ontology_rgat seed=829 iteration=193/200 episodes=2316 difficulty=1.000 loss=-0.00659 wall=4056.8s
[spatial train] ppo_ontology_rgat seed=828 relational path ACTIVE; trainable for 20/200 iterations
[spatial train] ppo_ontology_rgat seed=829 iteration=194/200 episodes=2328 difficulty=1.000 loss=-0.00529 wall=4082.9s
[spatial train] ppo_ontology_rgat seed=829 iteration=195/200 episodes=2340 difficulty=1.000 loss=-0.00693 wall=4109.0s
[spatial train] ppo_ontology_rgat seed=829 iteration=196/200 episodes=2352 difficulty=1.000 loss=-0.00493 wall=4135.2s
[spatial train] ppo_ontology_rgat seed=829 iteration=197/200 episodes=2364 difficulty=1.000 loss=-0.00508 wall=4159.6s
[spatial train] ppo_ontology_rgat seed=829 iteration=198/200 episodes=2376 difficulty=1.000 loss=-0.00621 wall=4184.0s
[spatial train] ppo_ontology_rgat seed=829 iteration=199/200 episodes=2388 difficulty=1.000 loss=-0.00610 wall=4210.2s
[spatial train] ppo_ontology_rgat seed=829 iteration=200/200 episodes=2400 difficulty=1.000 loss=-0.00710 wall=4239.0s
[spatial train] ppo_ontology_rgat seed=829 relational path ACTIVE; trainable for 20/200 iterations
