[spatial train] ppo_vector_canonical seed=830 iteration=1/200 episodes=12 difficulty=0.000 loss=-0.00238 wall=27.1s
[spatial train] ppo_semantic_flat seed=829 iteration=1/200 episodes=12 difficulty=0.000 loss=-0.00238 wall=27.5s
[spatial train] ppo_semantic_flat seed=830 iteration=1/200 episodes=12 difficulty=0.000 loss=-0.00229 wall=29.5s
[spatial train] ppo_vector_canonical seed=831 iteration=1/200 episodes=12 difficulty=0.000 loss=-0.00240 wall=29.5s
[spatial train] ppo_ontology_rgat seed=828 iteration=1/200 episodes=12 difficulty=0.000 loss=-0.00250 wall=33.9s
[spatial train] ppo_ontology_rgat seed=830 iteration=1/200 episodes=12 difficulty=0.000 loss=-0.00229 wall=35.0s
[spatial train] ppo_ontology_rgat seed=829 iteration=1/200 episodes=12 difficulty=0.000 loss=-0.00238 wall=37.1s
[spatial train] ppo_semantic_flat seed=828 iteration=1/200 episodes=12 difficulty=0.000 loss=-0.00250 wall=38.8s
[spatial train] ppo_vector_canonical seed=830 iteration=2/200 episodes=24 difficulty=0.000 loss=0.00216 wall=55.6s
[spatial train] ppo_vector_canonical seed=831 iteration=2/200 episodes=24 difficulty=0.000 loss=0.00195 wall=56.9s
[spatial train] ppo_semantic_flat seed=830 iteration=2/200 episodes=24 difficulty=0.000 loss=0.00231 wall=60.8s
[spatial train] ppo_vector_canonical seed=828 iteration=1/200 episodes=12 difficulty=0.000 loss=-0.00253 wall=62.4s
[spatial train] ppo_vector_canonical seed=829 iteration=1/200 episodes=12 difficulty=0.000 loss=-0.00234 wall=62.4s
[spatial train] ppo_semantic_flat seed=829 iteration=2/200 episodes=24 difficulty=0.000 loss=0.00208 wall=63.3s
[spatial train] ppo_ontology_rgat seed=828 iteration=2/200 episodes=24 difficulty=0.000 loss=0.00206 wall=66.5s
[spatial train] ppo_semantic_flat seed=828 iteration=2/200 episodes=24 difficulty=0.000 loss=0.00203 wall=68.7s
[spatial train] ppo_ontology_rgat seed=829 iteration=2/200 episodes=24 difficulty=0.000 loss=0.00206 wall=74.2s
[spatial train] ppo_vector_canonical seed=830 iteration=3/200 episodes=36 difficulty=0.000 loss=0.00000 wall=85.3s
[spatial train] ppo_semantic_flat seed=829 iteration=3/200 episodes=36 difficulty=0.000 loss=0.00000 wall=86.8s
[spatial train] ppo_semantic_flat seed=830 iteration=3/200 episodes=36 difficulty=0.000 loss=0.00000 wall=87.6s
[spatial train] ppo_vector_canonical seed=831 iteration=3/200 episodes=36 difficulty=0.000 loss=0.00000 wall=88.2s
[spatial train] ppo_semantic_flat seed=829 iteration=4/200 episodes=48 difficulty=0.100 loss=0.00000 wall=93.2s
[spatial train] ppo_semantic_flat seed=830 iteration=4/200 episodes=48 difficulty=0.000 loss=0.00000 wall=94.6s
[spatial train] ppo_semantic_flat seed=829 iteration=5/200 episodes=60 difficulty=0.100 loss=0.00000 wall=96.1s
[spatial train] ppo_semantic_flat seed=830 iteration=5/200 episodes=60 difficulty=0.000 loss=0.00000 wall=97.4s
[spatial train] ppo_ontology_rgat seed=828 iteration=3/200 episodes=36 difficulty=0.000 loss=0.00000 wall=98.9s
[spatial train] ppo_semantic_flat seed=829 iteration=6/200 episodes=72 difficulty=0.100 loss=0.00000 wall=98.9s
[spatial train] ppo_semantic_flat seed=828 iteration=3/200 episodes=36 difficulty=0.000 loss=0.00000 wall=99.7s
[spatial train] ppo_semantic_flat seed=830 iteration=6/200 episodes=72 difficulty=0.100 loss=0.00000 wall=99.9s
[spatial train] ppo_semantic_flat seed=829 iteration=7/200 episodes=84 difficulty=0.200 loss=0.00000 wall=102.3s
[spatial train] ppo_semantic_flat seed=830 iteration=7/200 episodes=84 difficulty=0.100 loss=0.01076 wall=104.1s
[spatial train] ppo_semantic_flat seed=828 iteration=4/200 episodes=48 difficulty=0.000 loss=0.00000 wall=105.3s
[spatial train] ppo_semantic_flat seed=829 iteration=8/200 episodes=96 difficulty=0.200 loss=0.03462 wall=105.4s
[spatial train] ppo_ontology_rgat seed=828 iteration=4/200 episodes=48 difficulty=0.000 loss=0.00000 wall=105.8s
[spatial train] ppo_semantic_flat seed=828 iteration=5/200 episodes=60 difficulty=0.000 loss=0.00000 wall=108.6s
[spatial train] ppo_semantic_flat seed=829 iteration=9/200 episodes=108 difficulty=0.300 loss=0.01785 wall=109.1s
[spatial train] ppo_ontology_rgat seed=830 iteration=2/200 episodes=24 difficulty=0.000 loss=0.00229 wall=109.5s
[spatial train] ppo_ontology_rgat seed=829 iteration=3/200 episodes=36 difficulty=0.000 loss=0.00000 wall=109.4s
[spatial train] ppo_ontology_rgat seed=828 iteration=5/200 episodes=60 difficulty=0.000 loss=0.00000 wall=111.3s
[spatial train] ppo_semantic_flat seed=830 iteration=8/200 episodes=96 difficulty=0.200 loss=0.01573 wall=111.3s
[spatial train] ppo_semantic_flat seed=828 iteration=6/200 episodes=72 difficulty=0.100 loss=0.00000 wall=112.1s
[spatial train] ppo_ontology_rgat seed=828 iteration=6/200 episodes=72 difficulty=0.100 loss=0.00000 wall=114.3s
[spatial train] ppo_semantic_flat seed=828 iteration=7/200 episodes=84 difficulty=0.100 loss=0.00000 wall=115.9s
[spatial train] ppo_semantic_flat seed=829 iteration=10/200 episodes=120 difficulty=0.300 loss=0.01310 wall=116.1s
[spatial train] ppo_vector_canonical seed=830 iteration=4/200 episodes=48 difficulty=0.000 loss=0.00000 wall=116.1s
[spatial train] ppo_vector_canonical seed=831 iteration=4/200 episodes=48 difficulty=0.000 loss=0.00000 wall=118.9s
[spatial train] ppo_ontology_rgat seed=829 iteration=4/200 episodes=48 difficulty=0.100 loss=0.00000 wall=119.2s
[spatial train] ppo_semantic_flat seed=828 iteration=8/200 episodes=96 difficulty=0.200 loss=0.06806 wall=119.8s
[spatial train] ppo_semantic_flat seed=829 iteration=11/200 episodes=132 difficulty=0.400 loss=0.00802 wall=120.2s
[spatial train] ppo_ontology_rgat seed=828 iteration=7/200 episodes=84 difficulty=0.100 loss=0.00000 wall=120.7s
[spatial train] ppo_semantic_flat seed=830 iteration=9/200 episodes=108 difficulty=0.200 loss=0.01180 wall=122.3s
[spatial train] ppo_ontology_rgat seed=829 iteration=5/200 episodes=60 difficulty=0.100 loss=0.00000 wall=122.8s
[spatial train] ppo_semantic_flat seed=829 iteration=12/200 episodes=144 difficulty=0.400 loss=0.01797 wall=124.9s
[spatial train] ppo_ontology_rgat seed=828 iteration=8/200 episodes=96 difficulty=0.200 loss=0.01274 wall=125.3s
[spatial train] ppo_semantic_flat seed=828 iteration=9/200 episodes=108 difficulty=0.200 loss=0.00845 wall=125.7s
[spatial train] ppo_ontology_rgat seed=829 iteration=6/200 episodes=72 difficulty=0.100 loss=0.00000 wall=127.2s
[spatial train] ppo_vector_canonical seed=828 iteration=2/200 episodes=24 difficulty=0.000 loss=0.00207 wall=128.6s
[spatial train] ppo_vector_canonical seed=829 iteration=2/200 episodes=24 difficulty=0.000 loss=0.00203 wall=128.6s
[spatial train] ppo_vector_canonical seed=830 iteration=5/200 episodes=60 difficulty=0.000 loss=0.00000 wall=129.4s
[spatial train] ppo_ontology_rgat seed=828 iteration=9/200 episodes=108 difficulty=0.200 loss=0.00976 wall=131.3s
[spatial train] ppo_semantic_flat seed=829 iteration=13/200 episodes=156 difficulty=0.500 loss=0.01858 wall=131.4s
[spatial train] ppo_ontology_rgat seed=829 iteration=7/200 episodes=84 difficulty=0.200 loss=0.00000 wall=131.4s
[spatial train] ppo_semantic_flat seed=828 iteration=10/200 episodes=120 difficulty=0.300 loss=0.00966 wall=132.3s
[spatial train] ppo_vector_canonical seed=831 iteration=5/200 episodes=60 difficulty=0.000 loss=0.00000 wall=131.9s
[spatial train] ppo_semantic_flat seed=830 iteration=10/200 episodes=120 difficulty=0.300 loss=0.02211 wall=133.5s
[spatial train] ppo_ontology_rgat seed=829 iteration=8/200 episodes=96 difficulty=0.200 loss=0.00778 wall=136.6s
[spatial train] ppo_semantic_flat seed=828 iteration=11/200 episodes=132 difficulty=0.300 loss=0.01076 wall=139.8s
[spatial train] ppo_semantic_flat seed=829 iteration=14/200 episodes=168 difficulty=0.500 loss=0.00943 wall=140.0s
[spatial train] ppo_ontology_rgat seed=829 iteration=9/200 episodes=108 difficulty=0.300 loss=0.01531 wall=141.7s
[spatial train] ppo_semantic_flat seed=830 iteration=11/200 episodes=132 difficulty=0.300 loss=0.01476 wall=143.4s
[spatial train] ppo_vector_canonical seed=830 iteration=6/200 episodes=72 difficulty=0.100 loss=0.01288 wall=144.2s
[spatial train] ppo_ontology_rgat seed=828 iteration=10/200 episodes=120 difficulty=0.300 loss=-0.00508 wall=145.8s
[spatial train] ppo_semantic_flat seed=829 iteration=15/200 episodes=180 difficulty=0.500 loss=0.04805 wall=146.2s
[spatial train] ppo_vector_canonical seed=831 iteration=6/200 episodes=72 difficulty=0.100 loss=0.02006 wall=147.1s
[spatial train] ppo_semantic_flat seed=828 iteration=12/200 episodes=144 difficulty=0.300 loss=0.00803 wall=149.1s
[spatial train] ppo_ontology_rgat seed=829 iteration=10/200 episodes=120 difficulty=0.300 loss=-0.00937 wall=149.7s
[spatial train] ppo_semantic_flat seed=830 iteration=12/200 episodes=144 difficulty=0.300 loss=0.00636 wall=152.4s
[spatial train] ppo_semantic_flat seed=829 iteration=16/200 episodes=192 difficulty=0.600 loss=0.01080 wall=153.5s
[spatial train] ppo_ontology_rgat seed=829 iteration=11/200 episodes=132 difficulty=0.400 loss=0.01598 wall=154.9s
[spatial train] ppo_vector_canonical seed=830 iteration=7/200 episodes=84 difficulty=0.100 loss=0.01234 wall=159.5s
[spatial train] ppo_ontology_rgat seed=828 iteration=11/200 episodes=132 difficulty=0.300 loss=0.01399 wall=159.6s
[spatial train] ppo_semantic_flat seed=828 iteration=13/200 episodes=156 difficulty=0.400 loss=0.01957 wall=159.7s
[spatial train] ppo_semantic_flat seed=830 iteration=13/200 episodes=156 difficulty=0.400 loss=0.00801 wall=161.3s
[spatial train] ppo_semantic_flat seed=828 iteration=14/200 episodes=168 difficulty=0.400 loss=0.01637 wall=164.6s
[spatial train] ppo_ontology_rgat seed=829 iteration=12/200 episodes=144 difficulty=0.400 loss=0.00338 wall=164.6s
[spatial train] ppo_semantic_flat seed=829 iteration=17/200 episodes=204 difficulty=0.600 loss=0.02270 wall=165.3s
[spatial train] ppo_vector_canonical seed=831 iteration=7/200 episodes=84 difficulty=0.100 loss=0.01359 wall=166.6s
[spatial train] ppo_ontology_rgat seed=828 iteration=12/200 episodes=144 difficulty=0.300 loss=0.04635 wall=167.8s
[spatial train] ppo_semantic_flat seed=830 iteration=14/200 episodes=168 difficulty=0.400 loss=0.01940 wall=171.1s
[spatial train] ppo_ontology_rgat seed=829 iteration=13/200 episodes=156 difficulty=0.500 loss=0.01575 wall=173.8s
[spatial train] ppo_semantic_flat seed=828 iteration=15/200 episodes=180 difficulty=0.500 loss=0.01364 wall=174.5s
[spatial train] ppo_semantic_flat seed=829 iteration=18/200 episodes=216 difficulty=0.700 loss=0.04330 wall=175.4s
[spatial train] ppo_vector_canonical seed=830 iteration=8/200 episodes=96 difficulty=0.200 loss=0.01368 wall=175.5s
[spatial train] ppo_ontology_rgat seed=830 iteration=3/200 episodes=36 difficulty=0.000 loss=0.00000 wall=175.9s
[spatial train] ppo_ontology_rgat seed=828 iteration=13/200 episodes=156 difficulty=0.400 loss=0.07955 wall=179.7s
[spatial train] ppo_semantic_flat seed=830 iteration=15/200 episodes=180 difficulty=0.500 loss=0.01419 wall=180.6s
[spatial train] ppo_semantic_flat seed=828 iteration=16/200 episodes=192 difficulty=0.500 loss=0.01102 wall=181.2s
[spatial train] ppo_semantic_flat seed=829 iteration=19/200 episodes=228 difficulty=0.700 loss=0.02176 wall=182.4s
[spatial train] ppo_ontology_rgat seed=828 iteration=14/200 episodes=168 difficulty=0.400 loss=0.01311 wall=186.3s
[spatial train] ppo_ontology_rgat seed=829 iteration=14/200 episodes=168 difficulty=0.500 loss=0.02130 wall=186.3s
[spatial train] ppo_semantic_flat seed=830 iteration=16/200 episodes=192 difficulty=0.500 loss=0.03272 wall=188.6s
[spatial train] ppo_vector_canonical seed=831 iteration=8/200 episodes=96 difficulty=0.200 loss=0.01265 wall=189.0s
[spatial train] ppo_semantic_flat seed=828 iteration=17/200 episodes=204 difficulty=0.600 loss=0.01727 wall=191.7s
[spatial train] ppo_semantic_flat seed=829 iteration=20/200 episodes=240 difficulty=0.800 loss=0.02029 wall=192.6s
[spatial train] ppo_semantic_flat seed=830 iteration=17/200 episodes=204 difficulty=0.600 loss=0.02661 wall=193.0s
[spatial train] ppo_vector_canonical seed=828 iteration=3/200 episodes=36 difficulty=0.000 loss=0.00000 wall=194.6s
[spatial train] ppo_vector_canonical seed=830 iteration=9/200 episodes=108 difficulty=0.200 loss=0.01485 wall=195.0s
[spatial train] ppo_vector_canonical seed=829 iteration=3/200 episodes=36 difficulty=0.000 loss=0.00000 wall=194.8s
[spatial train] ppo_ontology_rgat seed=829 iteration=15/200 episodes=180 difficulty=0.500 loss=0.01071 wall=196.7s
[spatial train] ppo_semantic_flat seed=830 iteration=18/200 episodes=216 difficulty=0.600 loss=0.02270 wall=199.1s
[spatial train] ppo_semantic_flat seed=828 iteration=18/200 episodes=216 difficulty=0.600 loss=0.01585 wall=199.4s
[spatial train] ppo_ontology_rgat seed=828 iteration=15/200 episodes=180 difficulty=0.500 loss=0.01781 wall=202.1s
[spatial train] ppo_vector_canonical seed=831 iteration=9/200 episodes=108 difficulty=0.200 loss=0.01689 wall=203.3s
[spatial train] ppo_semantic_flat seed=829 iteration=21/200 episodes=252 difficulty=0.800 loss=0.00444 wall=206.1s
[spatial train] ppo_semantic_flat seed=830 iteration=19/200 episodes=228 difficulty=0.700 loss=0.01372 wall=208.2s
[spatial train] ppo_semantic_flat seed=828 iteration=19/200 episodes=228 difficulty=0.700 loss=0.01359 wall=208.9s
[spatial train] ppo_vector_canonical seed=830 iteration=10/200 episodes=120 difficulty=0.300 loss=0.01527 wall=212.8s
[spatial train] ppo_ontology_rgat seed=829 iteration=16/200 episodes=192 difficulty=0.600 loss=-0.02187 wall=213.2s
[spatial train] ppo_ontology_rgat seed=830 iteration=4/200 episodes=48 difficulty=0.100 loss=0.00000 wall=213.9s
[spatial train] ppo_ontology_rgat seed=828 iteration=16/200 episodes=192 difficulty=0.500 loss=-0.00347 wall=217.2s
[spatial train] ppo_semantic_flat seed=828 iteration=20/200 episodes=240 difficulty=0.700 loss=0.03031 wall=218.5s
[spatial train] ppo_vector_canonical seed=831 iteration=10/200 episodes=120 difficulty=0.300 loss=0.01369 wall=218.1s
[spatial train] ppo_semantic_flat seed=829 iteration=22/200 episodes=264 difficulty=0.900 loss=-0.01026 wall=220.2s
[spatial train] ppo_semantic_flat seed=830 iteration=20/200 episodes=240 difficulty=0.700 loss=0.02388 wall=221.5s
[spatial train] ppo_vector_canonical seed=830 iteration=11/200 episodes=132 difficulty=0.300 loss=0.00823 wall=223.3s
[spatial train] ppo_ontology_rgat seed=830 iteration=5/200 episodes=60 difficulty=0.100 loss=0.00000 wall=226.1s
[spatial train] ppo_semantic_flat seed=830 iteration=21/200 episodes=252 difficulty=0.700 loss=0.00867 wall=230.0s
[spatial train] ppo_semantic_flat seed=828 iteration=21/200 episodes=252 difficulty=0.700 loss=0.01665 wall=230.8s
[spatial train] ppo_vector_canonical seed=831 iteration=11/200 episodes=132 difficulty=0.300 loss=0.02412 wall=231.5s
[spatial train] ppo_semantic_flat seed=829 iteration=23/200 episodes=276 difficulty=0.900 loss=0.01423 wall=232.3s
[spatial train] ppo_vector_canonical seed=830 iteration=12/200 episodes=144 difficulty=0.300 loss=0.01337 wall=233.6s
[spatial train] ppo_ontology_rgat seed=828 iteration=17/200 episodes=204 difficulty=0.600 loss=0.01493 wall=236.1s
[spatial train] ppo_semantic_flat seed=830 iteration=22/200 episodes=264 difficulty=0.800 loss=0.02357 wall=238.0s
[spatial train] ppo_ontology_rgat seed=829 iteration=17/200 episodes=204 difficulty=0.600 loss=0.02802 wall=239.5s
[spatial train] ppo_semantic_flat seed=828 iteration=22/200 episodes=264 difficulty=0.800 loss=0.01536 wall=240.9s
[spatial train] ppo_vector_canonical seed=830 iteration=13/200 episodes=156 difficulty=0.400 loss=0.02096 wall=242.7s
[spatial train] ppo_vector_canonical seed=831 iteration=12/200 episodes=144 difficulty=0.300 loss=0.01143 wall=243.7s
[spatial train] ppo_ontology_rgat seed=830 iteration=6/200 episodes=72 difficulty=0.100 loss=0.00000 wall=246.7s
[spatial train] ppo_semantic_flat seed=830 iteration=23/200 episodes=276 difficulty=0.800 loss=0.01716 wall=247.1s
[spatial train] ppo_vector_canonical seed=830 iteration=14/200 episodes=168 difficulty=0.400 loss=0.01394 wall=249.7s
[spatial train] ppo_semantic_flat seed=829 iteration=24/200 episodes=288 difficulty=0.900 loss=0.00938 wall=249.9s
[spatial train] ppo_vector_canonical seed=829 iteration=4/200 episodes=48 difficulty=0.000 loss=0.00000 wall=250.6s
[spatial train] ppo_vector_canonical seed=828 iteration=4/200 episodes=48 difficulty=0.000 loss=0.00000 wall=254.0s
[spatial train] ppo_ontology_rgat seed=829 iteration=18/200 episodes=216 difficulty=0.700 loss=0.00667 wall=253.9s
[spatial train] ppo_semantic_flat seed=830 iteration=24/200 episodes=288 difficulty=0.900 loss=0.01853 wall=255.4s
[spatial train] ppo_ontology_rgat seed=828 iteration=18/200 episodes=216 difficulty=0.600 loss=-0.00281 wall=255.8s
[spatial train] ppo_vector_canonical seed=830 iteration=15/200 episodes=180 difficulty=0.500 loss=0.01559 wall=255.9s
[spatial train] ppo_semantic_flat seed=828 iteration=23/200 episodes=276 difficulty=0.800 loss=0.00830 wall=256.9s
[spatial train] ppo_vector_canonical seed=831 iteration=13/200 episodes=156 difficulty=0.400 loss=0.01182 wall=259.8s
[spatial train] ppo_ontology_rgat seed=830 iteration=7/200 episodes=84 difficulty=0.200 loss=0.00000 wall=262.3s
[spatial train] ppo_vector_canonical seed=830 iteration=16/200 episodes=192 difficulty=0.500 loss=0.01211 wall=262.7s
[spatial train] ppo_semantic_flat seed=830 iteration=25/200 episodes=300 difficulty=0.900 loss=0.01597 wall=264.3s
[spatial train] ppo_ontology_rgat seed=829 iteration=19/200 episodes=228 difficulty=0.700 loss=0.06468 wall=265.4s
[spatial train] ppo_semantic_flat seed=829 iteration=25/200 episodes=300 difficulty=1.000 loss=0.00740 wall=271.1s
[spatial train] ppo_vector_canonical seed=830 iteration=17/200 episodes=204 difficulty=0.600 loss=0.02067 wall=272.0s
[spatial train] ppo_ontology_rgat seed=828 iteration=19/200 episodes=228 difficulty=0.700 loss=0.01358 wall=273.4s
[spatial train] ppo_vector_canonical seed=831 iteration=14/200 episodes=168 difficulty=0.400 loss=-0.00545 wall=273.2s
[spatial train] ppo_semantic_flat seed=828 iteration=24/200 episodes=288 difficulty=0.900 loss=0.01690 wall=274.1s
[spatial train] ppo_vector_canonical seed=829 iteration=5/200 episodes=60 difficulty=0.000 loss=0.00000 wall=275.4s
[spatial train] ppo_semantic_flat seed=830 iteration=26/200 episodes=312 difficulty=1.000 loss=0.03732 wall=276.5s
[spatial train] ppo_vector_canonical seed=831 iteration=15/200 episodes=180 difficulty=0.500 loss=0.01569 wall=282.0s
[spatial train] ppo_semantic_flat seed=829 iteration=26/200 episodes=312 difficulty=1.000 loss=0.06397 wall=282.6s
[spatial train] ppo_ontology_rgat seed=829 iteration=20/200 episodes=240 difficulty=0.800 loss=-0.08310 wall=284.4s
[spatial train] ppo_ontology_rgat seed=828 iteration=20/200 episodes=240 difficulty=0.700 loss=0.01014 wall=284.9s
[spatial train] ppo_semantic_flat seed=828 iteration=25/200 episodes=300 difficulty=0.900 loss=0.01510 wall=287.2s
[spatial train] ppo_vector_canonical seed=829 iteration=6/200 episodes=72 difficulty=0.100 loss=0.02652 wall=287.0s
[spatial train] ppo_ontology_rgat seed=830 iteration=8/200 episodes=96 difficulty=0.200 loss=0.00835 wall=287.8s
[spatial train] ppo_vector_canonical seed=830 iteration=18/200 episodes=216 difficulty=0.600 loss=0.03685 wall=288.6s
[spatial train] ppo_semantic_flat seed=830 iteration=27/200 episodes=324 difficulty=1.000 loss=0.02567 wall=289.1s
[spatial train] ppo_vector_canonical seed=831 iteration=16/200 episodes=192 difficulty=0.500 loss=0.00792 wall=295.8s
[spatial train] ppo_semantic_flat seed=829 iteration=27/200 episodes=324 difficulty=1.000 loss=0.02827 wall=296.4s
[spatial train] ppo_ontology_rgat seed=828 iteration=21/200 episodes=252 difficulty=0.700 loss=0.01221 wall=297.1s
[spatial train] ppo_semantic_flat seed=830 iteration=28/200 episodes=336 difficulty=1.000 loss=0.01603 wall=298.6s
[spatial train] ppo_vector_canonical seed=829 iteration=7/200 episodes=84 difficulty=0.100 loss=0.02704 wall=300.1s
[spatial train] ppo_semantic_flat seed=828 iteration=26/200 episodes=312 difficulty=1.000 loss=0.02148 wall=302.0s
[spatial train] ppo_vector_canonical seed=828 iteration=5/200 episodes=60 difficulty=0.000 loss=0.00000 wall=302.2s
[spatial train] ppo_vector_canonical seed=831 iteration=17/200 episodes=204 difficulty=0.600 loss=0.00964 wall=302.4s
[spatial train] ppo_ontology_rgat seed=830 iteration=9/200 episodes=108 difficulty=0.300 loss=0.01227 wall=305.9s
[spatial train] ppo_ontology_rgat seed=829 iteration=21/200 episodes=252 difficulty=0.800 loss=-0.11366 wall=308.9s
[spatial train] ppo_semantic_flat seed=830 iteration=29/200 episodes=348 difficulty=1.000 loss=0.01522 wall=310.7s
[spatial train] ppo_ontology_rgat seed=828 iteration=22/200 episodes=264 difficulty=0.800 loss=0.02525 wall=311.2s
[spatial train] ppo_vector_canonical seed=830 iteration=19/200 episodes=228 difficulty=0.700 loss=0.02608 wall=312.1s
[spatial train] ppo_vector_canonical seed=829 iteration=8/200 episodes=96 difficulty=0.200 loss=0.01250 wall=313.1s
[spatial train] ppo_semantic_flat seed=829 iteration=28/200 episodes=336 difficulty=1.000 loss=-0.00800 wall=315.2s
[spatial train] ppo_semantic_flat seed=828 iteration=27/200 episodes=324 difficulty=1.000 loss=0.01726 wall=316.5s
[spatial train] ppo_semantic_flat seed=830 iteration=30/200 episodes=360 difficulty=1.000 loss=0.01656 wall=319.4s
[spatial train] ppo_ontology_rgat seed=830 iteration=10/200 episodes=120 difficulty=0.300 loss=0.01220 wall=321.1s
[spatial train] ppo_vector_canonical seed=831 iteration=18/200 episodes=216 difficulty=0.600 loss=0.00501 wall=321.4s
[spatial train] ppo_ontology_rgat seed=828 iteration=23/200 episodes=276 difficulty=0.800 loss=0.01272 wall=327.0s
[spatial train] ppo_ontology_rgat seed=829 iteration=22/200 episodes=264 difficulty=0.900 loss=0.06587 wall=327.4s
[spatial train] ppo_semantic_flat seed=830 iteration=31/200 episodes=372 difficulty=1.000 loss=0.02277 wall=328.4s
[spatial train] ppo_semantic_flat seed=828 iteration=28/200 episodes=336 difficulty=1.000 loss=0.01916 wall=329.8s
[spatial train] ppo_semantic_flat seed=829 iteration=29/200 episodes=348 difficulty=1.000 loss=0.00356 wall=330.9s
[spatial train] ppo_vector_canonical seed=830 iteration=20/200 episodes=240 difficulty=0.700 loss=-0.01904 wall=331.8s
[spatial train] ppo_vector_canonical seed=829 iteration=9/200 episodes=108 difficulty=0.200 loss=0.02257 wall=332.6s
[spatial train] ppo_semantic_flat seed=828 iteration=29/200 episodes=348 difficulty=1.000 loss=0.00183 wall=335.7s
[spatial train] ppo_vector_canonical seed=831 iteration=19/200 episodes=228 difficulty=0.700 loss=0.01181 wall=335.8s
[spatial train] ppo_vector_canonical seed=828 iteration=6/200 episodes=72 difficulty=0.100 loss=0.11261 wall=341.7s
[spatial train] ppo_semantic_flat seed=830 iteration=32/200 episodes=384 difficulty=1.000 loss=0.03150 wall=343.9s
[spatial train] ppo_vector_canonical seed=831 iteration=20/200 episodes=240 difficulty=0.700 loss=0.01619 wall=344.7s
[spatial train] ppo_ontology_rgat seed=829 iteration=23/200 episodes=276 difficulty=0.900 loss=-0.02017 wall=345.5s
[spatial train] ppo_ontology_rgat seed=830 iteration=11/200 episodes=132 difficulty=0.400 loss=0.01047 wall=345.9s
[spatial train] ppo_semantic_flat seed=829 iteration=30/200 episodes=360 difficulty=1.000 loss=0.02277 wall=347.0s
[spatial train] ppo_ontology_rgat seed=828 iteration=24/200 episodes=288 difficulty=0.900 loss=0.00910 wall=347.4s
[spatial train] ppo_vector_canonical seed=830 iteration=21/200 episodes=252 difficulty=0.700 loss=0.01534 wall=348.6s
[spatial train] ppo_semantic_flat seed=828 iteration=30/200 episodes=360 difficulty=1.000 loss=0.01423 wall=349.2s
[spatial train] ppo_vector_canonical seed=831 iteration=21/200 episodes=252 difficulty=0.700 loss=0.01115 wall=350.4s
[spatial train] ppo_vector_canonical seed=829 iteration=10/200 episodes=120 difficulty=0.300 loss=0.01416 wall=351.1s
[spatial train] ppo_semantic_flat seed=830 iteration=33/200 episodes=396 difficulty=1.000 loss=0.01801 wall=354.8s
[spatial train] ppo_semantic_flat seed=828 iteration=31/200 episodes=372 difficulty=1.000 loss=0.01468 wall=358.8s
[spatial train] ppo_vector_canonical seed=831 iteration=22/200 episodes=264 difficulty=0.800 loss=0.01167 wall=359.4s
[spatial train] ppo_ontology_rgat seed=828 iteration=25/200 episodes=300 difficulty=0.900 loss=0.01038 wall=364.1s
[spatial train] ppo_ontology_rgat seed=830 iteration=12/200 episodes=144 difficulty=0.400 loss=0.01714 wall=364.0s
[spatial train] ppo_semantic_flat seed=828 iteration=32/200 episodes=384 difficulty=1.000 loss=0.04424 wall=364.7s
[spatial train] ppo_semantic_flat seed=829 iteration=31/200 episodes=372 difficulty=1.000 loss=-0.00716 wall=364.8s
[spatial train] ppo_vector_canonical seed=830 iteration=22/200 episodes=264 difficulty=0.800 loss=0.01075 wall=365.4s
[spatial train] ppo_ontology_rgat seed=829 iteration=24/200 episodes=288 difficulty=0.900 loss=0.03354 wall=365.2s
[spatial train] ppo_semantic_flat seed=830 iteration=34/200 episodes=408 difficulty=1.000 loss=0.06193 wall=368.7s
[spatial train] ppo_vector_canonical seed=831 iteration=23/200 episodes=276 difficulty=0.800 loss=0.01319 wall=369.1s
[spatial train] ppo_vector_canonical seed=829 iteration=11/200 episodes=132 difficulty=0.300 loss=-0.01258 wall=371.8s
[spatial train] ppo_vector_canonical seed=831 iteration=24/200 episodes=288 difficulty=0.900 loss=0.00919 wall=375.3s
[spatial train] ppo_ontology_rgat seed=828 iteration=26/200 episodes=312 difficulty=1.000 loss=0.03286 wall=380.8s
[spatial train] ppo_semantic_flat seed=828 iteration=33/200 episodes=396 difficulty=1.000 loss=0.01520 wall=381.8s
[spatial train] ppo_semantic_flat seed=830 iteration=35/200 episodes=420 difficulty=1.000 loss=0.01511 wall=381.9s
[spatial train] ppo_semantic_flat seed=829 iteration=32/200 episodes=384 difficulty=1.000 loss=0.01220 wall=384.4s
[spatial train] ppo_ontology_rgat seed=830 iteration=13/200 episodes=156 difficulty=0.500 loss=0.01132 wall=384.8s
[spatial train] ppo_vector_canonical seed=830 iteration=23/200 episodes=276 difficulty=0.800 loss=0.01506 wall=385.2s
[spatial train] ppo_vector_canonical seed=831 iteration=25/200 episodes=300 difficulty=0.900 loss=0.01600 wall=385.2s
[spatial train] ppo_semantic_flat seed=828 iteration=34/200 episodes=408 difficulty=1.000 loss=0.00767 wall=391.3s
[spatial train] ppo_semantic_flat seed=830 iteration=36/200 episodes=432 difficulty=1.000 loss=0.06153 wall=392.5s
[spatial train] ppo_ontology_rgat seed=829 iteration=25/200 episodes=300 difficulty=1.000 loss=0.02951 wall=393.4s
[spatial train] ppo_vector_canonical seed=829 iteration=12/200 episodes=144 difficulty=0.300 loss=0.01543 wall=396.5s
[spatial train] ppo_vector_canonical seed=828 iteration=7/200 episodes=84 difficulty=0.100 loss=0.01610 wall=398.7s
[spatial train] ppo_vector_canonical seed=831 iteration=26/200 episodes=312 difficulty=1.000 loss=-0.01417 wall=400.5s
[spatial train] ppo_semantic_flat seed=830 iteration=37/200 episodes=444 difficulty=1.000 loss=-0.05655 wall=402.9s
[spatial train] ppo_ontology_rgat seed=828 iteration=27/200 episodes=324 difficulty=1.000 loss=0.01520 wall=403.5s
[spatial train] ppo_semantic_flat seed=829 iteration=33/200 episodes=396 difficulty=1.000 loss=0.04022 wall=404.3s
[spatial train] ppo_semantic_flat seed=828 iteration=35/200 episodes=420 difficulty=1.000 loss=0.02267 wall=404.5s
[spatial train] ppo_ontology_rgat seed=830 iteration=14/200 episodes=168 difficulty=0.500 loss=0.01092 wall=407.1s
[spatial train] ppo_vector_canonical seed=830 iteration=24/200 episodes=288 difficulty=0.900 loss=0.02056 wall=410.2s
[spatial train] ppo_vector_canonical seed=831 iteration=27/200 episodes=324 difficulty=1.000 loss=0.01584 wall=410.0s
[spatial train] ppo_ontology_rgat seed=829 iteration=26/200 episodes=312 difficulty=1.000 loss=0.01907 wall=412.4s
[spatial train] ppo_semantic_flat seed=830 iteration=38/200 episodes=456 difficulty=1.000 loss=-0.00269 wall=414.6s
[spatial train] ppo_semantic_flat seed=828 iteration=36/200 episodes=432 difficulty=1.000 loss=0.01566 wall=416.7s
[spatial train] ppo_vector_canonical seed=829 iteration=13/200 episodes=156 difficulty=0.400 loss=0.01851 wall=416.9s
[spatial train] ppo_vector_canonical seed=831 iteration=28/200 episodes=336 difficulty=1.000 loss=0.01134 wall=418.6s
[spatial train] ppo_ontology_rgat seed=828 iteration=28/200 episodes=336 difficulty=1.000 loss=0.00822 wall=420.1s
[spatial train] ppo_semantic_flat seed=830 iteration=39/200 episodes=468 difficulty=1.000 loss=0.02597 wall=420.5s
[spatial train] ppo_semantic_flat seed=829 iteration=34/200 episodes=408 difficulty=1.000 loss=0.03645 wall=427.4s
[spatial train] ppo_semantic_flat seed=828 iteration=37/200 episodes=444 difficulty=1.000 loss=0.00878 wall=428.0s
[spatial train] ppo_vector_canonical seed=830 iteration=25/200 episodes=300 difficulty=0.900 loss=-0.00820 wall=429.3s
[spatial train] ppo_ontology_rgat seed=828 iteration=29/200 episodes=348 difficulty=1.000 loss=0.00452 wall=429.9s
[spatial train] ppo_vector_canonical seed=831 iteration=29/200 episodes=348 difficulty=1.000 loss=-0.03638 wall=435.4s
[spatial train] ppo_semantic_flat seed=830 iteration=40/200 episodes=480 difficulty=1.000 loss=0.02131 wall=436.1s
[spatial train] ppo_ontology_rgat seed=830 iteration=15/200 episodes=180 difficulty=0.500 loss=0.02870 wall=436.6s
[spatial train] ppo_semantic_flat seed=828 iteration=38/200 episodes=456 difficulty=1.000 loss=0.01117 wall=437.8s
[spatial train] ppo_vector_canonical seed=829 iteration=14/200 episodes=168 difficulty=0.400 loss=0.03104 wall=438.7s
[spatial train] ppo_semantic_flat seed=829 iteration=35/200 episodes=420 difficulty=1.000 loss=0.02591 wall=439.1s
[spatial train] ppo_ontology_rgat seed=829 iteration=27/200 episodes=324 difficulty=1.000 loss=0.04985 wall=444.5s
[spatial train] ppo_semantic_flat seed=830 iteration=41/200 episodes=492 difficulty=1.000 loss=0.02205 wall=445.3s
[spatial train] ppo_semantic_flat seed=828 iteration=39/200 episodes=468 difficulty=1.000 loss=0.01476 wall=447.5s
[spatial train] ppo_semantic_flat seed=829 iteration=36/200 episodes=432 difficulty=1.000 loss=0.02177 wall=449.2s
[spatial train] ppo_vector_canonical seed=831 iteration=30/200 episodes=360 difficulty=1.000 loss=-0.00096 wall=449.7s
[spatial train] ppo_ontology_rgat seed=828 iteration=30/200 episodes=360 difficulty=1.000 loss=0.01318 wall=452.7s
[spatial train] ppo_vector_canonical seed=828 iteration=8/200 episodes=96 difficulty=0.200 loss=0.02437 wall=453.0s
[spatial train] ppo_semantic_flat seed=830 iteration=42/200 episodes=504 difficulty=1.000 loss=-0.00838 wall=454.1s
[spatial train] ppo_ontology_rgat seed=830 iteration=16/200 episodes=192 difficulty=0.600 loss=-0.02856 wall=455.3s
[spatial train] ppo_vector_canonical seed=831 iteration=31/200 episodes=372 difficulty=1.000 loss=0.01076 wall=457.6s
[spatial train] ppo_vector_canonical seed=829 iteration=15/200 episodes=180 difficulty=0.500 loss=0.02242 wall=458.9s
[spatial train] ppo_ontology_rgat seed=828 iteration=31/200 episodes=372 difficulty=1.000 loss=0.02641 wall=462.3s
[spatial train] ppo_semantic_flat seed=829 iteration=37/200 episodes=444 difficulty=1.000 loss=0.02696 wall=464.1s
[spatial train] ppo_vector_canonical seed=830 iteration=26/200 episodes=312 difficulty=1.000 loss=0.02968 wall=465.6s
[spatial train] ppo_semantic_flat seed=828 iteration=40/200 episodes=480 difficulty=1.000 loss=-0.00229 wall=466.6s
[spatial train] ppo_semantic_flat seed=830 iteration=43/200 episodes=516 difficulty=1.000 loss=0.02049 wall=467.6s
[spatial train] ppo_vector_canonical seed=831 iteration=32/200 episodes=384 difficulty=1.000 loss=0.01010 wall=472.7s
[spatial train] ppo_ontology_rgat seed=829 iteration=28/200 episodes=336 difficulty=1.000 loss=0.02312 wall=473.9s
[spatial train] ppo_ontology_rgat seed=828 iteration=32/200 episodes=384 difficulty=1.000 loss=0.00926 wall=475.1s
[spatial train] ppo_vector_canonical seed=829 iteration=16/200 episodes=192 difficulty=0.500 loss=0.01386 wall=477.1s
[spatial train] ppo_semantic_flat seed=830 iteration=44/200 episodes=528 difficulty=1.000 loss=0.01981 wall=477.5s
[spatial train] ppo_semantic_flat seed=828 iteration=41/200 episodes=492 difficulty=1.000 loss=0.02873 wall=479.4s
[spatial train] ppo_semantic_flat seed=829 iteration=38/200 episodes=456 difficulty=1.000 loss=0.02073 wall=480.8s
[spatial train] ppo_ontology_rgat seed=830 iteration=17/200 episodes=204 difficulty=0.600 loss=0.01169 wall=483.3s
[spatial train] ppo_vector_canonical seed=831 iteration=33/200 episodes=396 difficulty=1.000 loss=0.02180 wall=485.1s
[spatial train] ppo_semantic_flat seed=830 iteration=45/200 episodes=540 difficulty=1.000 loss=0.02688 wall=491.1s
[spatial train] ppo_semantic_flat seed=829 iteration=39/200 episodes=468 difficulty=1.000 loss=-0.01155 wall=492.5s
[spatial train] ppo_ontology_rgat seed=828 iteration=33/200 episodes=396 difficulty=1.000 loss=0.01982 wall=495.6s
[spatial train] ppo_vector_canonical seed=829 iteration=17/200 episodes=204 difficulty=0.600 loss=0.01727 wall=497.1s
[spatial train] ppo_semantic_flat seed=828 iteration=42/200 episodes=504 difficulty=1.000 loss=0.02187 wall=499.1s
[spatial train] ppo_vector_canonical seed=830 iteration=27/200 episodes=324 difficulty=1.000 loss=0.02784 wall=499.0s
[spatial train] ppo_vector_canonical seed=831 iteration=34/200 episodes=408 difficulty=1.000 loss=0.00993 wall=500.1s
[spatial train] ppo_ontology_rgat seed=829 iteration=29/200 episodes=348 difficulty=1.000 loss=0.02631 wall=501.2s
[spatial train] ppo_semantic_flat seed=830 iteration=46/200 episodes=552 difficulty=1.000 loss=-0.03100 wall=504.3s
[spatial train] ppo_vector_canonical seed=828 iteration=9/200 episodes=108 difficulty=0.200 loss=0.01801 wall=505.1s
[spatial train] ppo_semantic_flat seed=829 iteration=40/200 episodes=480 difficulty=1.000 loss=0.02425 wall=507.5s
[spatial train] ppo_ontology_rgat seed=828 iteration=34/200 episodes=408 difficulty=1.000 loss=0.02348 wall=508.9s
[spatial train] ppo_vector_canonical seed=831 iteration=35/200 episodes=420 difficulty=1.000 loss=0.00184 wall=509.6s
[spatial train] ppo_semantic_flat seed=828 iteration=43/200 episodes=516 difficulty=1.000 loss=0.03893 wall=511.6s
[spatial train] ppo_vector_canonical seed=829 iteration=18/200 episodes=216 difficulty=0.600 loss=0.01654 wall=513.4s
[spatial train] ppo_semantic_flat seed=830 iteration=47/200 episodes=564 difficulty=1.000 loss=0.01023 wall=513.9s
[spatial train] ppo_semantic_flat seed=829 iteration=41/200 episodes=492 difficulty=1.000 loss=0.02196 wall=514.9s
[spatial train] ppo_vector_canonical seed=830 iteration=28/200 episodes=336 difficulty=1.000 loss=0.01374 wall=515.0s
[spatial train] ppo_ontology_rgat seed=830 iteration=18/200 episodes=216 difficulty=0.700 loss=0.01829 wall=517.3s
[spatial train] ppo_semantic_flat seed=828 iteration=44/200 episodes=528 difficulty=1.000 loss=0.01620 wall=519.4s
[spatial train] ppo_semantic_flat seed=830 iteration=48/200 episodes=576 difficulty=1.000 loss=0.00483 wall=521.7s
[spatial train] ppo_vector_canonical seed=831 iteration=36/200 episodes=432 difficulty=1.000 loss=0.02518 wall=523.5s
[spatial train] ppo_semantic_flat seed=829 iteration=42/200 episodes=504 difficulty=1.000 loss=0.00948 wall=525.2s
[spatial train] ppo_ontology_rgat seed=828 iteration=35/200 episodes=420 difficulty=1.000 loss=0.01251 wall=525.5s
[spatial train] ppo_semantic_flat seed=828 iteration=45/200 episodes=540 difficulty=1.000 loss=0.01025 wall=526.8s
[spatial train] ppo_vector_canonical seed=829 iteration=19/200 episodes=228 difficulty=0.700 loss=0.01682 wall=528.1s
[spatial train] ppo_ontology_rgat seed=829 iteration=30/200 episodes=360 difficulty=1.000 loss=0.01882 wall=531.5s
[spatial train] ppo_semantic_flat seed=830 iteration=49/200 episodes=588 difficulty=1.000 loss=0.01904 wall=532.2s
[spatial train] ppo_vector_canonical seed=831 iteration=37/200 episodes=444 difficulty=1.000 loss=0.01155 wall=536.6s
[spatial train] ppo_semantic_flat seed=829 iteration=43/200 episodes=516 difficulty=1.000 loss=0.01014 wall=537.2s
[spatial train] ppo_semantic_flat seed=828 iteration=46/200 episodes=552 difficulty=1.000 loss=0.01441 wall=538.9s
[spatial train] ppo_vector_canonical seed=830 iteration=29/200 episodes=348 difficulty=1.000 loss=0.02204 wall=539.2s
[spatial train] ppo_ontology_rgat seed=828 iteration=36/200 episodes=432 difficulty=1.000 loss=0.01364 wall=539.8s
[spatial train] ppo_vector_canonical seed=829 iteration=20/200 episodes=240 difficulty=0.700 loss=0.01640 wall=542.5s
[spatial train] ppo_vector_canonical seed=831 iteration=38/200 episodes=456 difficulty=1.000 loss=0.01599 wall=545.0s
[spatial train] ppo_semantic_flat seed=829 iteration=44/200 episodes=528 difficulty=1.000 loss=0.01206 wall=545.7s
[spatial train] ppo_semantic_flat seed=830 iteration=50/200 episodes=600 difficulty=1.000 loss=0.01815 wall=546.8s
[spatial train] ppo_semantic_flat seed=828 iteration=47/200 episodes=564 difficulty=1.000 loss=-0.03400 wall=551.6s
[spatial train] ppo_ontology_rgat seed=830 iteration=19/200 episodes=228 difficulty=0.700 loss=0.01826 wall=551.8s
[spatial train] ppo_vector_canonical seed=831 iteration=39/200 episodes=468 difficulty=1.000 loss=0.00845 wall=552.2s
[spatial train] ppo_semantic_flat seed=829 iteration=45/200 episodes=540 difficulty=1.000 loss=0.03613 wall=553.6s
[spatial train] ppo_ontology_rgat seed=828 iteration=37/200 episodes=444 difficulty=1.000 loss=0.01592 wall=555.1s
[spatial train] ppo_ontology_rgat seed=829 iteration=31/200 episodes=372 difficulty=1.000 loss=0.01224 wall=556.7s
[spatial train] ppo_semantic_flat seed=830 iteration=51/200 episodes=612 difficulty=1.000 loss=0.01558 wall=557.8s
[spatial train] ppo_vector_canonical seed=829 iteration=21/200 episodes=252 difficulty=0.700 loss=0.01643 wall=558.9s
[spatial train] ppo_vector_canonical seed=830 iteration=30/200 episodes=360 difficulty=1.000 loss=0.01805 wall=559.5s
[spatial train] ppo_vector_canonical seed=828 iteration=10/200 episodes=120 difficulty=0.300 loss=0.02574 wall=559.8s
[spatial train] ppo_semantic_flat seed=828 iteration=48/200 episodes=576 difficulty=1.000 loss=0.02649 wall=560.2s
[spatial train] ppo_semantic_flat seed=830 iteration=52/200 episodes=624 difficulty=1.000 loss=0.01410 wall=564.1s
[spatial train] ppo_semantic_flat seed=829 iteration=46/200 episodes=552 difficulty=1.000 loss=0.04356 wall=566.0s
[spatial train] ppo_vector_canonical seed=831 iteration=40/200 episodes=480 difficulty=1.000 loss=0.02112 wall=565.6s
[spatial train] ppo_semantic_flat seed=828 iteration=49/200 episodes=588 difficulty=1.000 loss=0.02220 wall=567.1s
[spatial train] ppo_semantic_flat seed=830 iteration=53/200 episodes=636 difficulty=1.000 loss=0.00541 wall=571.8s
[spatial train] ppo_vector_canonical seed=831 iteration=41/200 episodes=492 difficulty=1.000 loss=0.01705 wall=572.1s
[spatial train] ppo_ontology_rgat seed=828 iteration=38/200 episodes=456 difficulty=1.000 loss=0.01839 wall=573.3s
[spatial train] ppo_vector_canonical seed=829 iteration=22/200 episodes=264 difficulty=0.800 loss=0.02188 wall=573.2s
[spatial train] ppo_vector_canonical seed=830 iteration=31/200 episodes=372 difficulty=1.000 loss=0.00500 wall=573.7s
[spatial train] ppo_vector_canonical seed=831 iteration=42/200 episodes=504 difficulty=1.000 loss=0.01162 wall=577.9s
[spatial train] ppo_semantic_flat seed=829 iteration=47/200 episodes=564 difficulty=1.000 loss=-0.02217 wall=580.6s
[spatial train] ppo_semantic_flat seed=828 iteration=50/200 episodes=600 difficulty=1.000 loss=0.01236 wall=582.8s
[spatial train] ppo_semantic_flat seed=830 iteration=54/200 episodes=648 difficulty=1.000 loss=0.00731 wall=582.7s
[spatial train] ppo_vector_canonical seed=829 iteration=23/200 episodes=276 difficulty=0.800 loss=0.01705 wall=584.1s
[spatial train] ppo_ontology_rgat seed=828 iteration=39/200 episodes=468 difficulty=1.000 loss=0.01436 wall=584.4s
[spatial train] ppo_ontology_rgat seed=829 iteration=32/200 episodes=384 difficulty=1.000 loss=0.02708 wall=584.8s
[spatial train] ppo_vector_canonical seed=831 iteration=43/200 episodes=516 difficulty=1.000 loss=0.01541 wall=587.8s
[spatial train] ppo_semantic_flat seed=829 iteration=48/200 episodes=576 difficulty=1.000 loss=-0.05506 wall=589.4s
[spatial train] ppo_ontology_rgat seed=830 iteration=20/200 episodes=240 difficulty=0.800 loss=0.01872 wall=589.7s
[spatial train] ppo_semantic_flat seed=828 iteration=51/200 episodes=612 difficulty=1.000 loss=0.02721 wall=593.3s
[spatial train] ppo_vector_canonical seed=829 iteration=24/200 episodes=288 difficulty=0.900 loss=0.01240 wall=593.4s
[spatial train] ppo_vector_canonical seed=831 iteration=44/200 episodes=528 difficulty=1.000 loss=0.01514 wall=595.8s
[spatial train] ppo_semantic_flat seed=830 iteration=55/200 episodes=660 difficulty=1.000 loss=0.03627 wall=599.4s
[spatial train] ppo_semantic_flat seed=829 iteration=49/200 episodes=588 difficulty=1.000 loss=0.01898 wall=600.9s
[spatial train] ppo_vector_canonical seed=830 iteration=32/200 episodes=384 difficulty=1.000 loss=0.01643 wall=601.2s
[spatial train] ppo_vector_canonical seed=831 iteration=45/200 episodes=540 difficulty=1.000 loss=-0.01321 wall=603.4s
[spatial train] ppo_vector_canonical seed=829 iteration=25/200 episodes=300 difficulty=0.900 loss=0.01023 wall=606.0s
[spatial train] ppo_semantic_flat seed=830 iteration=56/200 episodes=672 difficulty=1.000 loss=0.02569 wall=606.8s
[spatial train] ppo_semantic_flat seed=828 iteration=52/200 episodes=624 difficulty=1.000 loss=0.00780 wall=607.6s
[spatial train] ppo_vector_canonical seed=828 iteration=11/200 episodes=132 difficulty=0.300 loss=0.01622 wall=607.7s
[spatial train] ppo_ontology_rgat seed=830 iteration=21/200 episodes=252 difficulty=0.800 loss=0.02248 wall=608.5s
[spatial train] ppo_semantic_flat seed=829 iteration=50/200 episodes=600 difficulty=1.000 loss=0.03143 wall=612.9s
[spatial train] ppo_ontology_rgat seed=828 iteration=40/200 episodes=480 difficulty=1.000 loss=0.01612 wall=613.3s
[spatial train] ppo_ontology_rgat seed=829 iteration=33/200 episodes=396 difficulty=1.000 loss=-0.00636 wall=613.3s
[spatial train] ppo_vector_canonical seed=829 iteration=26/200 episodes=312 difficulty=1.000 loss=0.00361 wall=616.4s
[spatial train] ppo_vector_canonical seed=830 iteration=33/200 episodes=396 difficulty=1.000 loss=0.00896 wall=617.0s
[spatial train] ppo_semantic_flat seed=830 iteration=57/200 episodes=684 difficulty=1.000 loss=0.00743 wall=617.0s
[spatial train] ppo_vector_canonical seed=831 iteration=46/200 episodes=552 difficulty=1.000 loss=0.01308 wall=618.3s
[spatial train] ppo_vector_canonical seed=829 iteration=27/200 episodes=324 difficulty=1.000 loss=0.00914 wall=624.4s
[spatial train] ppo_semantic_flat seed=830 iteration=58/200 episodes=696 difficulty=1.000 loss=0.03180 wall=624.6s
[spatial train] ppo_semantic_flat seed=829 iteration=51/200 episodes=612 difficulty=1.000 loss=0.02625 wall=625.9s
[spatial train] ppo_semantic_flat seed=830 iteration=59/200 episodes=708 difficulty=1.000 loss=0.04629 wall=630.0s
[spatial train] ppo_ontology_rgat seed=828 iteration=41/200 episodes=492 difficulty=1.000 loss=0.00848 wall=631.3s
[spatial train] ppo_vector_canonical seed=828 iteration=12/200 episodes=144 difficulty=0.300 loss=0.04588 wall=632.1s
[spatial train] ppo_semantic_flat seed=828 iteration=53/200 episodes=636 difficulty=1.000 loss=0.02484 wall=632.3s
[spatial train] ppo_vector_canonical seed=829 iteration=28/200 episodes=336 difficulty=1.000 loss=0.00933 wall=634.5s
[spatial train] ppo_semantic_flat seed=829 iteration=52/200 episodes=624 difficulty=1.000 loss=0.01059 wall=639.7s
[spatial train] ppo_ontology_rgat seed=830 iteration=22/200 episodes=264 difficulty=0.900 loss=0.01788 wall=639.8s
[spatial train] ppo_vector_canonical seed=829 iteration=29/200 episodes=348 difficulty=1.000 loss=0.00624 wall=640.7s
[spatial train] ppo_semantic_flat seed=828 iteration=54/200 episodes=648 difficulty=1.000 loss=0.02553 wall=642.9s
[spatial train] ppo_ontology_rgat seed=829 iteration=34/200 episodes=408 difficulty=1.000 loss=0.02412 wall=642.5s
[spatial train] ppo_vector_canonical seed=830 iteration=34/200 episodes=408 difficulty=1.000 loss=0.01539 wall=646.8s
[spatial train] ppo_ontology_rgat seed=828 iteration=42/200 episodes=504 difficulty=1.000 loss=0.03060 wall=647.7s
[spatial train] ppo_semantic_flat seed=830 iteration=60/200 episodes=720 difficulty=1.000 loss=0.02075 wall=648.0s
[spatial train] ppo_semantic_flat seed=828 iteration=55/200 episodes=660 difficulty=1.000 loss=0.02408 wall=651.2s
[spatial train] ppo_semantic_flat seed=829 iteration=53/200 episodes=636 difficulty=1.000 loss=0.02235 wall=651.7s
[spatial train] ppo_vector_canonical seed=831 iteration=47/200 episodes=564 difficulty=1.000 loss=0.01353 wall=652.3s
[spatial train] ppo_semantic_flat seed=830 iteration=61/200 episodes=732 difficulty=1.000 loss=0.01778 wall=653.6s
[spatial train] ppo_vector_canonical seed=829 iteration=30/200 episodes=360 difficulty=1.000 loss=0.02559 wall=654.0s
[spatial train] ppo_vector_canonical seed=828 iteration=13/200 episodes=156 difficulty=0.400 loss=0.01465 wall=655.3s
[spatial train] ppo_semantic_flat seed=828 iteration=56/200 episodes=672 difficulty=1.000 loss=0.01626 wall=658.8s
[spatial train] ppo_ontology_rgat seed=828 iteration=43/200 episodes=516 difficulty=1.000 loss=0.01816 wall=660.9s
[spatial train] ppo_semantic_flat seed=829 iteration=54/200 episodes=648 difficulty=1.000 loss=-0.00499 wall=663.5s
[spatial train] ppo_vector_canonical seed=829 iteration=31/200 episodes=372 difficulty=1.000 loss=0.01314 wall=664.8s
[spatial train] ppo_ontology_rgat seed=830 iteration=23/200 episodes=276 difficulty=0.900 loss=0.00634 wall=665.0s
[spatial train] ppo_semantic_flat seed=828 iteration=57/200 episodes=684 difficulty=1.000 loss=0.02209 wall=666.5s
[spatial train] ppo_semantic_flat seed=830 iteration=62/200 episodes=744 difficulty=1.000 loss=0.03507 wall=667.6s
[spatial train] ppo_vector_canonical seed=830 iteration=35/200 episodes=420 difficulty=1.000 loss=0.01662 wall=668.8s
[spatial train] ppo_ontology_rgat seed=828 iteration=44/200 episodes=528 difficulty=1.000 loss=0.01155 wall=670.4s
[spatial train] ppo_ontology_rgat seed=829 iteration=35/200 episodes=420 difficulty=1.000 loss=0.01947 wall=671.2s
[spatial train] ppo_semantic_flat seed=830 iteration=63/200 episodes=756 difficulty=1.000 loss=0.00478 wall=671.6s
[spatial train] ppo_semantic_flat seed=828 iteration=58/200 episodes=696 difficulty=1.000 loss=0.00910 wall=673.0s
[spatial train] ppo_vector_canonical seed=829 iteration=32/200 episodes=384 difficulty=1.000 loss=-0.01242 wall=674.1s
[spatial train] ppo_vector_canonical seed=828 iteration=14/200 episodes=168 difficulty=0.400 loss=0.01539 wall=675.4s
[spatial train] ppo_semantic_flat seed=829 iteration=55/200 episodes=660 difficulty=1.000 loss=0.02267 wall=676.0s
[spatial train] ppo_ontology_rgat seed=828 iteration=45/200 episodes=540 difficulty=1.000 loss=0.00633 wall=678.6s
[spatial train] ppo_vector_canonical seed=831 iteration=48/200 episodes=576 difficulty=1.000 loss=0.01316 wall=678.6s
[spatial train] ppo_semantic_flat seed=830 iteration=64/200 episodes=768 difficulty=1.000 loss=0.04801 wall=682.2s
[spatial train] ppo_vector_canonical seed=830 iteration=36/200 episodes=432 difficulty=1.000 loss=0.00845 wall=682.8s
[spatial train] ppo_vector_canonical seed=829 iteration=33/200 episodes=396 difficulty=1.000 loss=0.01029 wall=684.7s
[spatial train] ppo_semantic_flat seed=828 iteration=59/200 episodes=708 difficulty=1.000 loss=0.01933 wall=686.4s
[spatial train] ppo_semantic_flat seed=830 iteration=65/200 episodes=780 difficulty=1.000 loss=0.03142 wall=688.5s
[spatial train] ppo_ontology_rgat seed=829 iteration=36/200 episodes=432 difficulty=1.000 loss=0.02492 wall=691.7s
[spatial train] ppo_vector_canonical seed=830 iteration=37/200 episodes=444 difficulty=1.000 loss=0.02148 wall=693.2s
[spatial train] ppo_vector_canonical seed=829 iteration=34/200 episodes=408 difficulty=1.000 loss=0.02449 wall=694.6s
[spatial train] ppo_ontology_rgat seed=828 iteration=46/200 episodes=552 difficulty=1.000 loss=0.01030 wall=696.5s
[spatial train] ppo_semantic_flat seed=830 iteration=66/200 episodes=792 difficulty=1.000 loss=0.03025 wall=696.5s
[spatial train] ppo_semantic_flat seed=828 iteration=60/200 episodes=720 difficulty=1.000 loss=0.02340 wall=697.6s
[spatial train] ppo_ontology_rgat seed=830 iteration=24/200 episodes=288 difficulty=0.900 loss=0.01772 wall=698.0s
[spatial train] ppo_vector_canonical seed=828 iteration=15/200 episodes=180 difficulty=0.500 loss=0.01299 wall=698.8s
[spatial train] ppo_vector_canonical seed=830 iteration=38/200 episodes=456 difficulty=1.000 loss=0.02143 wall=700.7s
[spatial train] ppo_vector_canonical seed=829 iteration=35/200 episodes=420 difficulty=1.000 loss=0.00569 wall=701.0s
[spatial train] ppo_semantic_flat seed=828 iteration=61/200 episodes=732 difficulty=1.000 loss=0.02048 wall=701.7s
[spatial train] ppo_semantic_flat seed=830 iteration=67/200 episodes=804 difficulty=1.000 loss=0.00935 wall=705.1s
[spatial train] ppo_vector_canonical seed=829 iteration=36/200 episodes=432 difficulty=1.000 loss=0.01414 wall=706.6s
[spatial train] ppo_vector_canonical seed=830 iteration=39/200 episodes=468 difficulty=1.000 loss=0.01627 wall=707.5s
[spatial train] ppo_semantic_flat seed=829 iteration=56/200 episodes=672 difficulty=1.000 loss=0.01285 wall=708.4s
[spatial train] ppo_ontology_rgat seed=828 iteration=47/200 episodes=564 difficulty=1.000 loss=0.01327 wall=709.3s
[spatial train] ppo_vector_canonical seed=831 iteration=49/200 episodes=588 difficulty=1.000 loss=0.01890 wall=709.0s
[spatial train] ppo_semantic_flat seed=828 iteration=62/200 episodes=744 difficulty=1.000 loss=0.01285 wall=711.6s
[spatial train] ppo_vector_canonical seed=828 iteration=16/200 episodes=192 difficulty=0.500 loss=0.01169 wall=713.0s
[spatial train] ppo_semantic_flat seed=830 iteration=68/200 episodes=816 difficulty=1.000 loss=0.00428 wall=713.1s
[spatial train] ppo_vector_canonical seed=829 iteration=37/200 episodes=444 difficulty=1.000 loss=0.02297 wall=713.7s
[spatial train] ppo_ontology_rgat seed=829 iteration=37/200 episodes=444 difficulty=1.000 loss=0.02613 wall=713.8s
[spatial train] ppo_semantic_flat seed=830 iteration=69/200 episodes=828 difficulty=1.000 loss=0.05383 wall=716.6s
[spatial train] ppo_vector_canonical seed=830 iteration=40/200 episodes=480 difficulty=1.000 loss=0.02908 wall=721.7s
[spatial train] ppo_ontology_rgat seed=828 iteration=48/200 episodes=576 difficulty=1.000 loss=0.01404 wall=721.8s
[spatial train] ppo_vector_canonical seed=829 iteration=38/200 episodes=456 difficulty=1.000 loss=0.01790 wall=723.5s
[spatial train] ppo_semantic_flat seed=828 iteration=63/200 episodes=756 difficulty=1.000 loss=0.02357 wall=724.5s
[spatial train] ppo_semantic_flat seed=830 iteration=70/200 episodes=840 difficulty=1.000 loss=0.02349 wall=724.6s
[spatial train] ppo_ontology_rgat seed=830 iteration=25/200 episodes=300 difficulty=1.000 loss=0.02148 wall=727.1s
[spatial train] ppo_vector_canonical seed=830 iteration=41/200 episodes=492 difficulty=1.000 loss=0.02061 wall=727.9s
[spatial train] ppo_semantic_flat seed=829 iteration=57/200 episodes=684 difficulty=1.000 loss=0.01279 wall=728.3s
[spatial train] ppo_semantic_flat seed=830 iteration=71/200 episodes=852 difficulty=1.000 loss=0.02307 wall=730.6s
[spatial train] ppo_ontology_rgat seed=828 iteration=49/200 episodes=588 difficulty=1.000 loss=0.00773 wall=730.7s
[spatial train] ppo_vector_canonical seed=829 iteration=39/200 episodes=468 difficulty=1.000 loss=0.03274 wall=733.0s
[spatial train] ppo_vector_canonical seed=830 iteration=42/200 episodes=504 difficulty=1.000 loss=-0.00077 wall=734.1s
[spatial train] ppo_vector_canonical seed=831 iteration=50/200 episodes=600 difficulty=1.000 loss=0.01267 wall=733.8s
[spatial train] ppo_vector_canonical seed=828 iteration=17/200 episodes=204 difficulty=0.600 loss=0.00870 wall=734.4s
[spatial train] ppo_semantic_flat seed=828 iteration=64/200 episodes=768 difficulty=1.000 loss=0.01283 wall=736.4s
[spatial train] ppo_semantic_flat seed=830 iteration=72/200 episodes=864 difficulty=1.000 loss=0.02175 wall=736.7s
[spatial train] ppo_ontology_rgat seed=829 iteration=38/200 episodes=456 difficulty=1.000 loss=-0.04117 wall=740.2s
[spatial train] ppo_semantic_flat seed=830 iteration=73/200 episodes=876 difficulty=1.000 loss=0.06287 wall=743.7s
[spatial train] ppo_vector_canonical seed=830 iteration=43/200 episodes=516 difficulty=1.000 loss=0.01918 wall=745.7s
[spatial train] ppo_vector_canonical seed=829 iteration=40/200 episodes=480 difficulty=1.000 loss=0.01192 wall=745.8s
[spatial train] ppo_semantic_flat seed=828 iteration=65/200 episodes=780 difficulty=1.000 loss=0.02171 wall=746.8s
[spatial train] ppo_ontology_rgat seed=828 iteration=50/200 episodes=600 difficulty=1.000 loss=0.02584 wall=750.8s
[spatial train] ppo_semantic_flat seed=830 iteration=74/200 episodes=888 difficulty=1.000 loss=0.02016 wall=751.6s
[spatial train] ppo_vector_canonical seed=830 iteration=44/200 episodes=528 difficulty=1.000 loss=0.01446 wall=752.3s
[spatial train] ppo_vector_canonical seed=828 iteration=18/200 episodes=216 difficulty=0.600 loss=0.01485 wall=752.3s
[spatial train] ppo_vector_canonical seed=829 iteration=41/200 episodes=492 difficulty=1.000 loss=0.01372 wall=752.4s
[spatial train] ppo_vector_canonical seed=830 iteration=45/200 episodes=540 difficulty=1.000 loss=-0.12689 wall=758.9s
[spatial train] ppo_vector_canonical seed=829 iteration=42/200 episodes=504 difficulty=1.000 loss=0.00884 wall=758.8s
[spatial train] ppo_semantic_flat seed=830 iteration=75/200 episodes=900 difficulty=1.000 loss=0.02084 wall=759.1s
[spatial train] ppo_semantic_flat seed=829 iteration=58/200 episodes=696 difficulty=1.000 loss=-0.01085 wall=759.4s
[spatial train] ppo_semantic_flat seed=828 iteration=66/200 episodes=792 difficulty=1.000 loss=0.00766 wall=759.8s
[spatial train] ppo_ontology_rgat seed=829 iteration=39/200 episodes=468 difficulty=1.000 loss=0.02965 wall=761.1s
[spatial train] ppo_vector_canonical seed=831 iteration=51/200 episodes=612 difficulty=1.000 loss=0.01254 wall=762.1s
[spatial train] ppo_semantic_flat seed=830 iteration=76/200 episodes=912 difficulty=1.000 loss=0.01792 wall=765.8s
[spatial train] ppo_vector_canonical seed=830 iteration=46/200 episodes=552 difficulty=1.000 loss=-0.08361 wall=766.9s
[spatial train] ppo_ontology_rgat seed=828 iteration=51/200 episodes=612 difficulty=1.000 loss=0.00982 wall=767.0s
[spatial train] ppo_ontology_rgat seed=830 iteration=26/200 episodes=312 difficulty=1.000 loss=-0.00236 wall=768.6s
[spatial train] ppo_vector_canonical seed=829 iteration=43/200 episodes=516 difficulty=1.000 loss=0.01076 wall=769.9s
[spatial train] ppo_semantic_flat seed=830 iteration=77/200 episodes=924 difficulty=1.000 loss=0.05299 wall=773.0s
[spatial train] ppo_vector_canonical seed=828 iteration=19/200 episodes=228 difficulty=0.700 loss=0.01898 wall=774.4s
[spatial train] ppo_vector_canonical seed=830 iteration=47/200 episodes=564 difficulty=1.000 loss=0.00293 wall=775.2s
[spatial train] ppo_semantic_flat seed=828 iteration=67/200 episodes=804 difficulty=1.000 loss=0.01992 wall=775.8s
[spatial train] ppo_semantic_flat seed=830 iteration=78/200 episodes=936 difficulty=1.000 loss=0.00245 wall=779.5s
[spatial train] ppo_semantic_flat seed=829 iteration=59/200 episodes=708 difficulty=1.000 loss=0.01638 wall=782.4s
[spatial train] ppo_vector_canonical seed=830 iteration=48/200 episodes=576 difficulty=1.000 loss=0.01889 wall=783.6s
[spatial train] ppo_vector_canonical seed=829 iteration=44/200 episodes=528 difficulty=1.000 loss=0.01331 wall=783.7s
[spatial train] ppo_semantic_flat seed=830 iteration=79/200 episodes=948 difficulty=1.000 loss=0.01042 wall=786.2s
[spatial train] ppo_ontology_rgat seed=828 iteration=52/200 episodes=624 difficulty=1.000 loss=0.01819 wall=788.4s
[spatial train] ppo_semantic_flat seed=828 iteration=68/200 episodes=816 difficulty=1.000 loss=0.02221 wall=789.3s
[spatial train] ppo_vector_canonical seed=830 iteration=49/200 episodes=588 difficulty=1.000 loss=0.01530 wall=792.9s
[spatial train] ppo_vector_canonical seed=828 iteration=20/200 episodes=240 difficulty=0.700 loss=0.00977 wall=793.4s
[spatial train] ppo_vector_canonical seed=829 iteration=45/200 episodes=540 difficulty=1.000 loss=0.00541 wall=799.5s
[spatial train] ppo_semantic_flat seed=830 iteration=80/200 episodes=960 difficulty=1.000 loss=0.00971 wall=800.8s
[spatial train] ppo_vector_canonical seed=830 iteration=50/200 episodes=600 difficulty=1.000 loss=0.02291 wall=801.8s
[spatial train] ppo_ontology_rgat seed=829 iteration=40/200 episodes=480 difficulty=1.000 loss=0.01120 wall=802.3s
[spatial train] ppo_semantic_flat seed=828 iteration=69/200 episodes=828 difficulty=1.000 loss=0.04421 wall=807.0s
[spatial train] ppo_vector_canonical seed=830 iteration=51/200 episodes=612 difficulty=1.000 loss=0.04308 wall=810.2s
[spatial train] ppo_vector_canonical seed=829 iteration=46/200 episodes=552 difficulty=1.000 loss=0.01010 wall=812.0s
[spatial train] ppo_semantic_flat seed=830 iteration=81/200 episodes=972 difficulty=1.000 loss=0.01699 wall=812.7s
[spatial train] ppo_ontology_rgat seed=828 iteration=53/200 episodes=636 difficulty=1.000 loss=0.01228 wall=817.0s
[spatial train] ppo_semantic_flat seed=830 iteration=82/200 episodes=984 difficulty=1.000 loss=0.01417 wall=820.0s
[spatial train] ppo_semantic_flat seed=828 iteration=70/200 episodes=840 difficulty=1.000 loss=0.02000 wall=820.9s
[spatial train] ppo_vector_canonical seed=828 iteration=21/200 episodes=252 difficulty=0.700 loss=0.02370 wall=823.3s
[spatial train] ppo_vector_canonical seed=830 iteration=52/200 episodes=624 difficulty=1.000 loss=0.10089 wall=823.5s
[spatial train] ppo_vector_canonical seed=831 iteration=52/200 episodes=624 difficulty=1.000 loss=0.01438 wall=829.3s
[spatial train] ppo_semantic_flat seed=830 iteration=83/200 episodes=996 difficulty=1.000 loss=0.02434 wall=830.6s
[spatial train] ppo_semantic_flat seed=828 iteration=71/200 episodes=852 difficulty=1.000 loss=0.01857 wall=831.0s
[spatial train] ppo_ontology_rgat seed=829 iteration=41/200 episodes=492 difficulty=1.000 loss=0.01582 wall=832.4s
[spatial train] ppo_ontology_rgat seed=828 iteration=54/200 episodes=648 difficulty=1.000 loss=0.01168 wall=836.3s
[spatial train] ppo_semantic_flat seed=830 iteration=84/200 episodes=1008 difficulty=1.000 loss=0.01897 wall=837.1s
[spatial train] ppo_vector_canonical seed=830 iteration=53/200 episodes=636 difficulty=1.000 loss=0.02009 wall=837.7s
[spatial train] ppo_vector_canonical seed=829 iteration=47/200 episodes=564 difficulty=1.000 loss=-0.01318 wall=837.9s
[spatial train] ppo_semantic_flat seed=830 iteration=85/200 episodes=1020 difficulty=1.000 loss=0.01420 wall=846.3s
[spatial train] ppo_semantic_flat seed=828 iteration=72/200 episodes=864 difficulty=1.000 loss=0.01898 wall=848.5s
[spatial train] ppo_vector_canonical seed=830 iteration=54/200 episodes=648 difficulty=1.000 loss=0.01305 wall=850.2s
[spatial train] ppo_vector_canonical seed=829 iteration=48/200 episodes=576 difficulty=1.000 loss=0.01427 wall=850.8s
[spatial train] ppo_semantic_flat seed=830 iteration=86/200 episodes=1032 difficulty=1.000 loss=0.00000 wall=854.8s
[spatial train] ppo_semantic_flat seed=828 iteration=73/200 episodes=876 difficulty=1.000 loss=-0.00667 wall=857.7s
[spatial train] ppo_vector_canonical seed=828 iteration=22/200 episodes=264 difficulty=0.800 loss=0.01405 wall=860.2s
[spatial train] ppo_vector_canonical seed=830 iteration=55/200 episodes=660 difficulty=1.000 loss=0.01151 wall=862.1s
[spatial train] ppo_ontology_rgat seed=829 iteration=42/200 episodes=504 difficulty=1.000 loss=0.02287 wall=862.9s
[spatial train] ppo_ontology_rgat seed=828 iteration=55/200 episodes=660 difficulty=1.000 loss=0.00808 wall=864.5s
[spatial train] ppo_semantic_flat seed=828 iteration=74/200 episodes=888 difficulty=1.000 loss=0.01083 wall=866.6s
[spatial train] ppo_vector_canonical seed=829 iteration=49/200 episodes=588 difficulty=1.000 loss=0.01409 wall=867.0s
[spatial train] ppo_vector_canonical seed=830 iteration=56/200 episodes=672 difficulty=1.000 loss=0.00587 wall=869.8s
[spatial train] ppo_semantic_flat seed=830 iteration=87/200 episodes=1044 difficulty=1.000 loss=-0.01485 wall=870.5s
[spatial train] ppo_vector_canonical seed=830 iteration=57/200 episodes=684 difficulty=1.000 loss=0.02048 wall=876.8s
[spatial train] ppo_semantic_flat seed=828 iteration=75/200 episodes=900 difficulty=1.000 loss=0.02231 wall=878.4s
[spatial train] ppo_ontology_rgat seed=828 iteration=56/200 episodes=672 difficulty=1.000 loss=0.01464 wall=884.3s
[spatial train] ppo_vector_canonical seed=829 iteration=50/200 episodes=600 difficulty=1.000 loss=-0.00524 wall=885.7s
[spatial train] ppo_vector_canonical seed=830 iteration=58/200 episodes=696 difficulty=1.000 loss=0.02787 wall=887.4s
[spatial train] ppo_ontology_rgat seed=829 iteration=43/200 episodes=516 difficulty=1.000 loss=-0.05507 wall=889.9s
[spatial train] ppo_semantic_flat seed=830 iteration=88/200 episodes=1056 difficulty=1.000 loss=0.02147 wall=890.5s
[spatial train] ppo_semantic_flat seed=828 iteration=76/200 episodes=912 difficulty=1.000 loss=0.02768 wall=891.0s
[spatial train] ppo_vector_canonical seed=828 iteration=23/200 episodes=276 difficulty=0.800 loss=0.02236 wall=893.0s
[spatial train] ppo_ontology_rgat seed=828 iteration=57/200 episodes=684 difficulty=1.000 loss=0.01249 wall=895.1s
[spatial train] ppo_ontology_rgat seed=830 iteration=27/200 episodes=324 difficulty=1.000 loss=0.02137 wall=896.1s
[spatial train] ppo_semantic_flat seed=829 iteration=60/200 episodes=720 difficulty=1.000 loss=0.01695 wall=896.6s
[spatial train] ppo_semantic_flat seed=830 iteration=89/200 episodes=1068 difficulty=1.000 loss=0.03642 wall=900.9s
[spatial train] ppo_vector_canonical seed=830 iteration=59/200 episodes=708 difficulty=1.000 loss=0.01182 wall=902.5s
[spatial train] ppo_vector_canonical seed=829 iteration=51/200 episodes=612 difficulty=1.000 loss=0.01204 wall=903.2s
[spatial train] ppo_ontology_rgat seed=828 iteration=58/200 episodes=696 difficulty=1.000 loss=0.00749 wall=908.8s
[spatial train] ppo_semantic_flat seed=830 iteration=90/200 episodes=1080 difficulty=1.000 loss=0.02124 wall=912.7s
[spatial train] ppo_ontology_rgat seed=829 iteration=44/200 episodes=528 difficulty=1.000 loss=-0.08637 wall=914.0s
[spatial train] ppo_vector_canonical seed=830 iteration=60/200 episodes=720 difficulty=1.000 loss=0.01258 wall=918.7s
[spatial train] ppo_semantic_flat seed=828 iteration=77/200 episodes=924 difficulty=1.000 loss=-0.00063 wall=919.4s
[spatial train] ppo_vector_canonical seed=829 iteration=52/200 episodes=624 difficulty=1.000 loss=0.00929 wall=921.1s
[spatial train] ppo_ontology_rgat seed=829 iteration=45/200 episodes=540 difficulty=1.000 loss=0.01466 wall=921.8s
[spatial train] ppo_semantic_flat seed=830 iteration=91/200 episodes=1092 difficulty=1.000 loss=0.02129 wall=926.8s
[spatial train] ppo_vector_canonical seed=830 iteration=61/200 episodes=732 difficulty=1.000 loss=0.00922 wall=928.2s
[spatial train] ppo_ontology_rgat seed=828 iteration=59/200 episodes=708 difficulty=1.000 loss=0.01414 wall=928.9s
[spatial train] ppo_vector_canonical seed=828 iteration=24/200 episodes=288 difficulty=0.900 loss=0.01610 wall=930.0s
[spatial train] ppo_vector_canonical seed=829 iteration=53/200 episodes=636 difficulty=1.000 loss=-0.03002 wall=932.4s
[spatial train] ppo_semantic_flat seed=828 iteration=78/200 episodes=936 difficulty=1.000 loss=0.02420 wall=937.9s
[spatial train] ppo_semantic_flat seed=830 iteration=92/200 episodes=1104 difficulty=1.000 loss=0.00833 wall=940.1s
[spatial train] ppo_vector_canonical seed=829 iteration=54/200 episodes=648 difficulty=1.000 loss=0.01580 wall=941.3s
[spatial train] ppo_vector_canonical seed=831 iteration=53/200 episodes=636 difficulty=1.000 loss=0.01121 wall=943.6s
[spatial train] ppo_ontology_rgat seed=829 iteration=46/200 episodes=552 difficulty=1.000 loss=0.01676 wall=945.4s
[spatial train] ppo_vector_canonical seed=830 iteration=62/200 episodes=744 difficulty=1.000 loss=0.01236 wall=945.9s
[spatial train] ppo_semantic_flat seed=828 iteration=79/200 episodes=948 difficulty=1.000 loss=0.01697 wall=947.6s
[spatial train] ppo_ontology_rgat seed=828 iteration=60/200 episodes=720 difficulty=1.000 loss=0.01183 wall=948.2s
[spatial train] ppo_semantic_flat seed=830 iteration=93/200 episodes=1116 difficulty=1.000 loss=0.00552 wall=950.9s
[spatial train] ppo_vector_canonical seed=830 iteration=63/200 episodes=756 difficulty=1.000 loss=0.00674 wall=952.5s
[spatial train] ppo_ontology_rgat seed=828 iteration=61/200 episodes=732 difficulty=1.000 loss=0.01683 wall=955.2s
[spatial train] ppo_vector_canonical seed=829 iteration=55/200 episodes=660 difficulty=1.000 loss=0.04843 wall=955.9s
[spatial train] ppo_semantic_flat seed=830 iteration=94/200 episodes=1128 difficulty=1.000 loss=0.06965 wall=959.8s
[spatial train] ppo_vector_canonical seed=830 iteration=64/200 episodes=768 difficulty=1.000 loss=0.01784 wall=960.8s
[spatial train] ppo_semantic_flat seed=830 iteration=95/200 episodes=1140 difficulty=1.000 loss=0.07532 wall=966.8s
[spatial train] ppo_ontology_rgat seed=829 iteration=47/200 episodes=564 difficulty=1.000 loss=0.02427 wall=967.0s
[spatial train] ppo_vector_canonical seed=830 iteration=65/200 episodes=780 difficulty=1.000 loss=0.00465 wall=968.4s
[spatial train] ppo_vector_canonical seed=829 iteration=56/200 episodes=672 difficulty=1.000 loss=0.01851 wall=974.6s
[spatial train] ppo_ontology_rgat seed=828 iteration=62/200 episodes=744 difficulty=1.000 loss=-0.00577 wall=975.6s
[spatial train] ppo_vector_canonical seed=830 iteration=66/200 episodes=792 difficulty=1.000 loss=0.01313 wall=976.7s
[spatial train] ppo_semantic_flat seed=830 iteration=96/200 episodes=1152 difficulty=1.000 loss=0.03262 wall=977.2s
[spatial train] ppo_semantic_flat seed=828 iteration=80/200 episodes=960 difficulty=1.000 loss=0.02473 wall=977.5s
[spatial train] ppo_vector_canonical seed=828 iteration=25/200 episodes=300 difficulty=0.900 loss=0.01313 wall=985.9s
[spatial train] ppo_ontology_rgat seed=829 iteration=48/200 episodes=576 difficulty=1.000 loss=0.00837 wall=986.1s
[spatial train] ppo_semantic_flat seed=830 iteration=97/200 episodes=1164 difficulty=1.000 loss=-0.00620 wall=987.1s
[spatial train] ppo_vector_canonical seed=830 iteration=67/200 episodes=804 difficulty=1.000 loss=0.01570 wall=987.4s
[spatial train] ppo_ontology_rgat seed=830 iteration=28/200 episodes=336 difficulty=1.000 loss=0.00825 wall=988.5s
[spatial train] ppo_ontology_rgat seed=828 iteration=63/200 episodes=756 difficulty=1.000 loss=-0.09477 wall=989.2s
[spatial train] ppo_semantic_flat seed=830 iteration=98/200 episodes=1176 difficulty=1.000 loss=0.08225 wall=995.1s
[spatial train] ppo_vector_canonical seed=829 iteration=57/200 episodes=684 difficulty=1.000 loss=0.01479 wall=999.0s
[spatial train] ppo_vector_canonical seed=830 iteration=68/200 episodes=816 difficulty=1.000 loss=0.01732 wall=1000.6s
[spatial train] ppo_semantic_flat seed=828 iteration=81/200 episodes=972 difficulty=1.000 loss=-0.01022 wall=1001.9s
[spatial train] ppo_vector_canonical seed=830 iteration=69/200 episodes=828 difficulty=1.000 loss=0.00518 wall=1006.9s
[spatial train] ppo_ontology_rgat seed=828 iteration=64/200 episodes=768 difficulty=1.000 loss=-0.00272 wall=1007.4s
[spatial train] ppo_vector_canonical seed=828 iteration=26/200 episodes=312 difficulty=1.000 loss=0.02042 wall=1010.5s
[spatial train] ppo_semantic_flat seed=830 iteration=99/200 episodes=1188 difficulty=1.000 loss=0.01030 wall=1011.8s
[spatial train] ppo_semantic_flat seed=828 iteration=82/200 episodes=984 difficulty=1.000 loss=0.02892 wall=1013.4s
[spatial train] ppo_vector_canonical seed=830 iteration=70/200 episodes=840 difficulty=1.000 loss=0.01915 wall=1017.4s
[spatial train] ppo_semantic_flat seed=829 iteration=61/200 episodes=732 difficulty=1.000 loss=0.09315 wall=1018.4s
[spatial train] ppo_semantic_flat seed=828 iteration=83/200 episodes=996 difficulty=1.000 loss=0.01817 wall=1022.6s
[spatial train] ppo_vector_canonical seed=829 iteration=58/200 episodes=696 difficulty=1.000 loss=0.01851 wall=1024.0s
[spatial train] ppo_vector_canonical seed=830 iteration=71/200 episodes=852 difficulty=1.000 loss=0.00632 wall=1025.1s
[spatial train] ppo_ontology_rgat seed=828 iteration=65/200 episodes=780 difficulty=1.000 loss=-0.02131 wall=1027.3s
[spatial train] ppo_ontology_rgat seed=829 iteration=49/200 episodes=588 difficulty=1.000 loss=-0.00790 wall=1027.0s
[spatial train] ppo_semantic_flat seed=828 iteration=84/200 episodes=1008 difficulty=1.000 loss=0.01335 wall=1031.4s
[spatial train] ppo_vector_canonical seed=830 iteration=72/200 episodes=864 difficulty=1.000 loss=0.12284 wall=1031.6s
[spatial train] ppo_vector_canonical seed=829 iteration=59/200 episodes=708 difficulty=1.000 loss=0.02577 wall=1034.8s
[spatial train] ppo_semantic_flat seed=830 iteration=100/200 episodes=1200 difficulty=1.000 loss=0.05445 wall=1036.2s
[spatial train] ppo_vector_canonical seed=830 iteration=73/200 episodes=876 difficulty=1.000 loss=0.01332 wall=1039.3s
[spatial train] ppo_semantic_flat seed=830 iteration=101/200 episodes=1212 difficulty=1.000 loss=0.00831 wall=1041.0s
[spatial train] ppo_ontology_rgat seed=829 iteration=50/200 episodes=600 difficulty=1.000 loss=0.01804 wall=1043.4s
[spatial train] ppo_semantic_flat seed=828 iteration=85/200 episodes=1020 difficulty=1.000 loss=0.01726 wall=1047.0s
[spatial train] ppo_ontology_rgat seed=828 iteration=66/200 episodes=792 difficulty=1.000 loss=0.04339 wall=1047.2s
[spatial train] ppo_vector_canonical seed=830 iteration=74/200 episodes=888 difficulty=1.000 loss=0.00558 wall=1051.8s
[spatial train] ppo_semantic_flat seed=830 iteration=102/200 episodes=1224 difficulty=1.000 loss=0.01492 wall=1052.3s
[spatial train] ppo_vector_canonical seed=828 iteration=27/200 episodes=324 difficulty=1.000 loss=0.01396 wall=1053.4s
[spatial train] ppo_vector_canonical seed=829 iteration=60/200 episodes=720 difficulty=1.000 loss=-0.02747 wall=1058.6s
[spatial train] ppo_vector_canonical seed=830 iteration=75/200 episodes=900 difficulty=1.000 loss=0.01202 wall=1060.6s
[spatial train] ppo_semantic_flat seed=830 iteration=103/200 episodes=1236 difficulty=1.000 loss=0.02807 wall=1060.6s
[spatial train] ppo_semantic_flat seed=828 iteration=86/200 episodes=1032 difficulty=1.000 loss=0.01517 wall=1061.5s
[spatial train] ppo_ontology_rgat seed=829 iteration=51/200 episodes=612 difficulty=1.000 loss=0.01300 wall=1065.0s
[spatial train] ppo_vector_canonical seed=830 iteration=76/200 episodes=912 difficulty=1.000 loss=0.01124 wall=1067.5s
[spatial train] ppo_vector_canonical seed=828 iteration=28/200 episodes=336 difficulty=1.000 loss=0.01444 wall=1074.0s
[spatial train] ppo_semantic_flat seed=830 iteration=104/200 episodes=1248 difficulty=1.000 loss=-0.00150 wall=1074.5s
[spatial train] ppo_vector_canonical seed=831 iteration=54/200 episodes=648 difficulty=1.000 loss=0.01278 wall=1074.1s
[spatial train] ppo_semantic_flat seed=828 iteration=87/200 episodes=1044 difficulty=1.000 loss=0.01041 wall=1074.9s
[spatial train] ppo_vector_canonical seed=829 iteration=61/200 episodes=732 difficulty=1.000 loss=0.03179 wall=1079.4s
[spatial train] ppo_vector_canonical seed=830 iteration=77/200 episodes=924 difficulty=1.000 loss=0.01043 wall=1082.2s
[spatial train] ppo_semantic_flat seed=828 iteration=88/200 episodes=1056 difficulty=1.000 loss=-0.02396 wall=1086.1s
[spatial train] ppo_ontology_rgat seed=828 iteration=67/200 episodes=804 difficulty=1.000 loss=0.02600 wall=1087.6s
[spatial train] ppo_vector_canonical seed=830 iteration=78/200 episodes=936 difficulty=1.000 loss=0.01872 wall=1088.1s
[spatial train] ppo_semantic_flat seed=830 iteration=105/200 episodes=1260 difficulty=1.000 loss=0.02516 wall=1088.8s
[spatial train] ppo_vector_canonical seed=828 iteration=29/200 episodes=348 difficulty=1.000 loss=0.01371 wall=1089.7s
[spatial train] ppo_ontology_rgat seed=829 iteration=52/200 episodes=624 difficulty=1.000 loss=0.02076 wall=1090.9s
[spatial train] ppo_vector_canonical seed=830 iteration=79/200 episodes=948 difficulty=1.000 loss=0.00583 wall=1093.8s
[spatial train] ppo_semantic_flat seed=830 iteration=106/200 episodes=1272 difficulty=1.000 loss=0.00751 wall=1094.5s
[spatial train] ppo_vector_canonical seed=829 iteration=62/200 episodes=744 difficulty=1.000 loss=0.01378 wall=1100.4s
[spatial train] ppo_semantic_flat seed=828 iteration=89/200 episodes=1068 difficulty=1.000 loss=0.06279 wall=1103.1s
[spatial train] ppo_vector_canonical seed=830 iteration=80/200 episodes=960 difficulty=1.000 loss=0.02345 wall=1103.7s
[spatial train] ppo_semantic_flat seed=830 iteration=107/200 episodes=1284 difficulty=1.000 loss=0.01652 wall=1106.0s
[spatial train] ppo_ontology_rgat seed=828 iteration=68/200 episodes=816 difficulty=1.000 loss=0.03309 wall=1111.4s
[spatial train] ppo_ontology_rgat seed=830 iteration=29/200 episodes=348 difficulty=1.000 loss=0.02723 wall=1112.2s
[spatial train] ppo_vector_canonical seed=830 iteration=81/200 episodes=972 difficulty=1.000 loss=-0.02710 wall=1113.2s
[spatial train] ppo_semantic_flat seed=829 iteration=62/200 episodes=744 difficulty=1.000 loss=0.01037 wall=1114.6s
[spatial train] ppo_vector_canonical seed=828 iteration=30/200 episodes=360 difficulty=1.000 loss=0.04014 wall=1114.9s
[spatial train] ppo_vector_canonical seed=830 iteration=82/200 episodes=984 difficulty=1.000 loss=0.02445 wall=1120.1s
[spatial train] ppo_ontology_rgat seed=829 iteration=53/200 episodes=636 difficulty=1.000 loss=0.08873 wall=1120.9s
[spatial train] ppo_vector_canonical seed=829 iteration=63/200 episodes=756 difficulty=1.000 loss=0.06506 wall=1121.5s
[spatial train] ppo_semantic_flat seed=830 iteration=108/200 episodes=1296 difficulty=1.000 loss=0.01789 wall=1121.9s
[spatial train] ppo_semantic_flat seed=828 iteration=90/200 episodes=1080 difficulty=1.000 loss=0.01114 wall=1122.8s
[spatial train] ppo_vector_canonical seed=830 iteration=83/200 episodes=996 difficulty=1.000 loss=0.07927 wall=1127.0s
[spatial train] ppo_vector_canonical seed=828 iteration=31/200 episodes=372 difficulty=1.000 loss=0.01537 wall=1129.6s
[spatial train] ppo_ontology_rgat seed=828 iteration=69/200 episodes=828 difficulty=1.000 loss=-0.07953 wall=1132.5s
[spatial train] ppo_semantic_flat seed=828 iteration=91/200 episodes=1092 difficulty=1.000 loss=0.01801 wall=1133.7s
[spatial train] ppo_vector_canonical seed=830 iteration=84/200 episodes=1008 difficulty=1.000 loss=0.01117 wall=1134.2s
[spatial train] ppo_vector_canonical seed=829 iteration=64/200 episodes=768 difficulty=1.000 loss=0.03944 wall=1134.6s
[spatial train] ppo_semantic_flat seed=830 iteration=109/200 episodes=1308 difficulty=1.000 loss=0.01887 wall=1137.6s
[spatial train] ppo_vector_canonical seed=830 iteration=85/200 episodes=1020 difficulty=1.000 loss=0.01325 wall=1143.4s
[spatial train] ppo_ontology_rgat seed=829 iteration=54/200 episodes=648 difficulty=1.000 loss=0.01519 wall=1146.2s
[spatial train] ppo_semantic_flat seed=830 iteration=110/200 episodes=1320 difficulty=1.000 loss=0.02127 wall=1147.1s
[spatial train] ppo_vector_canonical seed=829 iteration=65/200 episodes=780 difficulty=1.000 loss=0.01662 wall=1147.3s
[spatial train] ppo_vector_canonical seed=830 iteration=86/200 episodes=1032 difficulty=1.000 loss=0.00718 wall=1148.8s
[spatial train] ppo_vector_canonical seed=828 iteration=32/200 episodes=384 difficulty=1.000 loss=0.02742 wall=1150.1s
[spatial train] ppo_vector_canonical seed=830 iteration=87/200 episodes=1044 difficulty=1.000 loss=0.01468 wall=1155.3s
[spatial train] ppo_semantic_flat seed=830 iteration=111/200 episodes=1332 difficulty=1.000 loss=0.02366 wall=1156.2s
[spatial train] ppo_ontology_rgat seed=828 iteration=70/200 episodes=840 difficulty=1.000 loss=0.06757 wall=1156.8s
[spatial train] ppo_semantic_flat seed=829 iteration=63/200 episodes=756 difficulty=1.000 loss=0.01870 wall=1157.9s
[spatial train] ppo_vector_canonical seed=831 iteration=55/200 episodes=660 difficulty=1.000 loss=0.03071 wall=1160.2s
[spatial train] ppo_vector_canonical seed=829 iteration=66/200 episodes=792 difficulty=1.000 loss=0.00832 wall=1162.9s
[spatial train] ppo_vector_canonical seed=830 iteration=88/200 episodes=1056 difficulty=1.000 loss=0.05912 wall=1165.0s
[spatial train] ppo_ontology_rgat seed=829 iteration=55/200 episodes=660 difficulty=1.000 loss=0.04872 wall=1165.8s
[spatial train] ppo_semantic_flat seed=829 iteration=64/200 episodes=768 difficulty=1.000 loss=0.02576 wall=1170.0s
[spatial train] ppo_ontology_rgat seed=828 iteration=71/200 episodes=852 difficulty=1.000 loss=0.01368 wall=1172.1s
[spatial train] ppo_vector_canonical seed=829 iteration=67/200 episodes=804 difficulty=1.000 loss=0.03357 wall=1173.6s
[spatial train] ppo_vector_canonical seed=828 iteration=33/200 episodes=396 difficulty=1.000 loss=-0.02233 wall=1174.8s
[spatial train] ppo_semantic_flat seed=830 iteration=112/200 episodes=1344 difficulty=1.000 loss=-0.00860 wall=1177.2s
[spatial train] ppo_vector_canonical seed=830 iteration=89/200 episodes=1068 difficulty=1.000 loss=0.02981 wall=1177.9s
[spatial train] ppo_semantic_flat seed=828 iteration=92/200 episodes=1104 difficulty=1.000 loss=0.00574 wall=1181.9s
[spatial train] ppo_semantic_flat seed=829 iteration=65/200 episodes=780 difficulty=1.000 loss=0.01485 wall=1186.2s
[spatial train] ppo_ontology_rgat seed=830 iteration=30/200 episodes=360 difficulty=1.000 loss=0.06110 wall=1186.1s
[spatial train] ppo_vector_canonical seed=828 iteration=34/200 episodes=408 difficulty=1.000 loss=0.01413 wall=1192.1s
[spatial train] ppo_vector_canonical seed=830 iteration=90/200 episodes=1080 difficulty=1.000 loss=0.01952 wall=1192.2s
[spatial train] ppo_semantic_flat seed=829 iteration=66/200 episodes=792 difficulty=1.000 loss=-0.01197 wall=1195.2s
[spatial train] ppo_ontology_rgat seed=829 iteration=56/200 episodes=672 difficulty=1.000 loss=0.03274 wall=1196.6s
[spatial train] ppo_semantic_flat seed=830 iteration=113/200 episodes=1356 difficulty=1.000 loss=0.01925 wall=1197.4s
[spatial train] ppo_ontology_rgat seed=828 iteration=72/200 episodes=864 difficulty=1.000 loss=0.01868 wall=1199.1s
[spatial train] ppo_vector_canonical seed=830 iteration=91/200 episodes=1092 difficulty=1.000 loss=0.01451 wall=1200.7s
[spatial train] ppo_vector_canonical seed=829 iteration=68/200 episodes=816 difficulty=1.000 loss=0.04696 wall=1204.6s
[spatial train] ppo_vector_canonical seed=830 iteration=92/200 episodes=1104 difficulty=1.000 loss=0.01021 wall=1207.1s
[spatial train] ppo_semantic_flat seed=830 iteration=114/200 episodes=1368 difficulty=1.000 loss=-0.00859 wall=1207.4s
[spatial train] ppo_vector_canonical seed=828 iteration=35/200 episodes=420 difficulty=1.000 loss=0.02246 wall=1213.5s
[spatial train] ppo_semantic_flat seed=829 iteration=67/200 episodes=804 difficulty=1.000 loss=0.02384 wall=1213.7s
[spatial train] ppo_ontology_rgat seed=828 iteration=73/200 episodes=876 difficulty=1.000 loss=0.02686 wall=1214.5s
[spatial train] ppo_ontology_rgat seed=829 iteration=57/200 episodes=684 difficulty=1.000 loss=0.05963 wall=1214.8s
[spatial train] ppo_vector_canonical seed=830 iteration=93/200 episodes=1116 difficulty=1.000 loss=0.01759 wall=1215.1s
[spatial train] ppo_semantic_flat seed=830 iteration=115/200 episodes=1380 difficulty=1.000 loss=0.04142 wall=1218.1s
[spatial train] ppo_vector_canonical seed=831 iteration=56/200 episodes=672 difficulty=1.000 loss=0.01042 wall=1219.9s
[spatial train] ppo_vector_canonical seed=829 iteration=69/200 episodes=828 difficulty=1.000 loss=0.02601 wall=1221.4s
[spatial train] ppo_vector_canonical seed=830 iteration=94/200 episodes=1128 difficulty=1.000 loss=0.01232 wall=1223.3s
[spatial train] ppo_vector_canonical seed=828 iteration=36/200 episodes=432 difficulty=1.000 loss=0.01083 wall=1226.5s
[spatial train] ppo_semantic_flat seed=830 iteration=116/200 episodes=1392 difficulty=1.000 loss=0.02765 wall=1228.8s
[spatial train] ppo_vector_canonical seed=830 iteration=95/200 episodes=1140 difficulty=1.000 loss=0.00140 wall=1231.7s
[spatial train] ppo_vector_canonical seed=831 iteration=57/200 episodes=684 difficulty=1.000 loss=0.00585 wall=1231.3s
[spatial train] ppo_ontology_rgat seed=828 iteration=74/200 episodes=888 difficulty=1.000 loss=0.02319 wall=1232.2s
[spatial train] ppo_semantic_flat seed=830 iteration=117/200 episodes=1404 difficulty=1.000 loss=-0.01795 wall=1234.1s
[spatial train] ppo_semantic_flat seed=829 iteration=68/200 episodes=816 difficulty=1.000 loss=0.02916 wall=1238.3s
[spatial train] ppo_vector_canonical seed=830 iteration=96/200 episodes=1152 difficulty=1.000 loss=0.01719 wall=1243.1s
[spatial train] ppo_vector_canonical seed=828 iteration=37/200 episodes=444 difficulty=1.000 loss=0.01697 wall=1243.6s
[spatial train] ppo_vector_canonical seed=829 iteration=70/200 episodes=840 difficulty=1.000 loss=0.03139 wall=1249.0s
[spatial train] ppo_vector_canonical seed=830 iteration=97/200 episodes=1164 difficulty=1.000 loss=0.02223 wall=1249.9s
[spatial train] ppo_semantic_flat seed=830 iteration=118/200 episodes=1416 difficulty=1.000 loss=0.03348 wall=1250.3s
[spatial train] ppo_semantic_flat seed=829 iteration=69/200 episodes=828 difficulty=1.000 loss=0.01641 wall=1250.6s
[spatial train] ppo_vector_canonical seed=831 iteration=58/200 episodes=696 difficulty=1.000 loss=0.02429 wall=1251.5s
[spatial train] ppo_semantic_flat seed=828 iteration=93/200 episodes=1116 difficulty=1.000 loss=0.02029 wall=1253.9s
[spatial train] ppo_vector_canonical seed=830 iteration=98/200 episodes=1176 difficulty=1.000 loss=0.00708 wall=1255.6s
[spatial train] ppo_ontology_rgat seed=828 iteration=75/200 episodes=900 difficulty=1.000 loss=0.08368 wall=1256.8s
[spatial train] ppo_semantic_flat seed=830 iteration=119/200 episodes=1428 difficulty=1.000 loss=0.02277 wall=1258.0s
[spatial train] ppo_vector_canonical seed=828 iteration=38/200 episodes=456 difficulty=1.000 loss=0.01284 wall=1261.3s
[spatial train] ppo_ontology_rgat seed=830 iteration=31/200 episodes=372 difficulty=1.000 loss=0.02169 wall=1261.9s
[spatial train] ppo_vector_canonical seed=830 iteration=99/200 episodes=1188 difficulty=1.000 loss=0.01388 wall=1264.6s
[spatial train] ppo_vector_canonical seed=829 iteration=71/200 episodes=852 difficulty=1.000 loss=-0.02944 wall=1270.4s
[spatial train] ppo_semantic_flat seed=830 iteration=120/200 episodes=1440 difficulty=1.000 loss=0.02187 wall=1271.0s
[spatial train] ppo_semantic_flat seed=829 iteration=70/200 episodes=840 difficulty=1.000 loss=0.01598 wall=1272.7s
[spatial train] ppo_vector_canonical seed=828 iteration=39/200 episodes=468 difficulty=1.000 loss=0.00869 wall=1274.5s
[spatial train] ppo_vector_canonical seed=831 iteration=59/200 episodes=708 difficulty=1.000 loss=0.03105 wall=1274.1s
[spatial train] ppo_semantic_flat seed=830 iteration=121/200 episodes=1452 difficulty=1.000 loss=0.00868 wall=1274.8s
[spatial train] ppo_ontology_rgat seed=829 iteration=58/200 episodes=696 difficulty=1.000 loss=-0.01297 wall=1281.8s
[spatial train] ppo_semantic_flat seed=830 iteration=122/200 episodes=1464 difficulty=1.000 loss=0.02784 wall=1282.0s
[spatial train] ppo_vector_canonical seed=830 iteration=100/200 episodes=1200 difficulty=1.000 loss=0.01209 wall=1285.0s
[spatial train] ppo_vector_canonical seed=829 iteration=72/200 episodes=864 difficulty=1.000 loss=0.01761 wall=1285.8s
[spatial train] ppo_vector_canonical seed=830 iteration=101/200 episodes=1212 difficulty=1.000 loss=0.00863 wall=1289.2s
[spatial train] ppo_semantic_flat seed=829 iteration=71/200 episodes=852 difficulty=1.000 loss=0.05925 wall=1291.6s
[spatial train] ppo_semantic_flat seed=830 iteration=123/200 episodes=1476 difficulty=1.000 loss=-0.00066 wall=1291.8s
[spatial train] ppo_vector_canonical seed=830 iteration=102/200 episodes=1224 difficulty=1.000 loss=0.01367 wall=1294.4s
[spatial train] ppo_vector_canonical seed=831 iteration=60/200 episodes=720 difficulty=1.000 loss=0.01224 wall=1296.2s
[spatial train] ppo_semantic_flat seed=830 iteration=124/200 episodes=1488 difficulty=1.000 loss=-0.00136 wall=1297.8s
[spatial train] ppo_vector_canonical seed=830 iteration=103/200 episodes=1236 difficulty=1.000 loss=0.00160 wall=1299.8s
[spatial train] ppo_ontology_rgat seed=829 iteration=59/200 episodes=708 difficulty=1.000 loss=0.00503 wall=1300.3s
[spatial train] ppo_vector_canonical seed=828 iteration=40/200 episodes=480 difficulty=1.000 loss=0.01225 wall=1300.9s
[spatial train] ppo_vector_canonical seed=829 iteration=73/200 episodes=876 difficulty=1.000 loss=0.04930 wall=1304.0s
[spatial train] ppo_semantic_flat seed=829 iteration=72/200 episodes=864 difficulty=1.000 loss=-0.01300 wall=1304.7s
[spatial train] ppo_vector_canonical seed=830 iteration=104/200 episodes=1248 difficulty=1.000 loss=0.00918 wall=1305.8s
[spatial train] ppo_semantic_flat seed=830 iteration=125/200 episodes=1500 difficulty=1.000 loss=-0.02461 wall=1308.6s
[spatial train] ppo_vector_canonical seed=831 iteration=61/200 episodes=732 difficulty=1.000 loss=0.02359 wall=1312.8s
[spatial train] ppo_vector_canonical seed=828 iteration=41/200 episodes=492 difficulty=1.000 loss=0.02682 wall=1314.0s
[spatial train] ppo_semantic_flat seed=828 iteration=94/200 episodes=1128 difficulty=1.000 loss=0.03009 wall=1315.2s
[spatial train] ppo_vector_canonical seed=830 iteration=105/200 episodes=1260 difficulty=1.000 loss=0.01401 wall=1316.9s
[spatial train] ppo_semantic_flat seed=829 iteration=73/200 episodes=876 difficulty=1.000 loss=0.01193 wall=1317.1s
[spatial train] ppo_semantic_flat seed=830 iteration=126/200 episodes=1512 difficulty=1.000 loss=-0.00055 wall=1320.4s
[spatial train] ppo_vector_canonical seed=830 iteration=106/200 episodes=1272 difficulty=1.000 loss=-0.01813 wall=1323.3s
[spatial train] ppo_vector_canonical seed=831 iteration=62/200 episodes=744 difficulty=1.000 loss=0.01391 wall=1323.9s
[spatial train] ppo_semantic_flat seed=830 iteration=127/200 episodes=1524 difficulty=1.000 loss=0.01184 wall=1325.9s
[spatial train] ppo_vector_canonical seed=830 iteration=107/200 episodes=1284 difficulty=1.000 loss=0.05714 wall=1327.7s
[spatial train] ppo_semantic_flat seed=829 iteration=74/200 episodes=888 difficulty=1.000 loss=0.01626 wall=1329.3s
[spatial train] ppo_semantic_flat seed=830 iteration=128/200 episodes=1536 difficulty=1.000 loss=0.01420 wall=1330.4s
[spatial train] ppo_vector_canonical seed=829 iteration=74/200 episodes=888 difficulty=1.000 loss=0.00410 wall=1331.9s
[spatial train] ppo_vector_canonical seed=830 iteration=108/200 episodes=1296 difficulty=1.000 loss=0.00318 wall=1334.6s
[spatial train] ppo_vector_canonical seed=828 iteration=42/200 episodes=504 difficulty=1.000 loss=0.01465 wall=1336.3s
[spatial train] ppo_vector_canonical seed=831 iteration=63/200 episodes=756 difficulty=1.000 loss=0.02392 wall=1336.1s
[spatial train] ppo_semantic_flat seed=830 iteration=129/200 episodes=1548 difficulty=1.000 loss=0.01188 wall=1337.4s
[spatial train] ppo_vector_canonical seed=830 iteration=109/200 episodes=1308 difficulty=1.000 loss=0.01806 wall=1340.7s
[spatial train] ppo_semantic_flat seed=830 iteration=130/200 episodes=1560 difficulty=1.000 loss=0.01288 wall=1345.6s
[spatial train] ppo_semantic_flat seed=829 iteration=75/200 episodes=900 difficulty=1.000 loss=0.03826 wall=1349.2s
[spatial train] ppo_vector_canonical seed=830 iteration=110/200 episodes=1320 difficulty=1.000 loss=0.01047 wall=1349.6s
[spatial train] ppo_vector_canonical seed=831 iteration=64/200 episodes=768 difficulty=1.000 loss=0.01568 wall=1349.6s
[spatial train] ppo_ontology_rgat seed=829 iteration=60/200 episodes=720 difficulty=1.000 loss=0.02534 wall=1350.0s
[spatial train] ppo_semantic_flat seed=830 iteration=131/200 episodes=1572 difficulty=1.000 loss=0.02040 wall=1351.0s
[spatial train] ppo_vector_canonical seed=829 iteration=75/200 episodes=900 difficulty=1.000 loss=0.01517 wall=1351.8s
[spatial train] ppo_ontology_rgat seed=828 iteration=76/200 episodes=912 difficulty=1.000 loss=0.04747 wall=1354.7s
[spatial train] ppo_ontology_rgat seed=830 iteration=32/200 episodes=384 difficulty=1.000 loss=0.03452 wall=1354.8s
[spatial train] ppo_vector_canonical seed=828 iteration=43/200 episodes=516 difficulty=1.000 loss=0.01425 wall=1356.5s
[spatial train] ppo_semantic_flat seed=830 iteration=132/200 episodes=1584 difficulty=1.000 loss=0.00294 wall=1358.0s
[spatial train] ppo_semantic_flat seed=829 iteration=76/200 episodes=912 difficulty=1.000 loss=0.03798 wall=1361.6s
[spatial train] ppo_semantic_flat seed=830 iteration=133/200 episodes=1596 difficulty=1.000 loss=0.01135 wall=1362.8s
[spatial train] ppo_vector_canonical seed=831 iteration=65/200 episodes=780 difficulty=1.000 loss=0.01837 wall=1365.2s
[spatial train] ppo_vector_canonical seed=829 iteration=76/200 episodes=912 difficulty=1.000 loss=-0.03090 wall=1366.0s
[spatial train] ppo_vector_canonical seed=828 iteration=44/200 episodes=528 difficulty=1.000 loss=0.01772 wall=1366.4s
[spatial train] ppo_vector_canonical seed=830 iteration=111/200 episodes=1332 difficulty=1.000 loss=0.00685 wall=1367.9s
[spatial train] ppo_semantic_flat seed=830 iteration=134/200 episodes=1608 difficulty=1.000 loss=0.01571 wall=1368.7s
[spatial train] ppo_semantic_flat seed=830 iteration=135/200 episodes=1620 difficulty=1.000 loss=0.01822 wall=1373.3s
[spatial train] ppo_vector_canonical seed=830 iteration=112/200 episodes=1344 difficulty=1.000 loss=-0.01707 wall=1376.6s
[spatial train] ppo_semantic_flat seed=829 iteration=77/200 episodes=924 difficulty=1.000 loss=0.02436 wall=1378.7s
[spatial train] ppo_semantic_flat seed=830 iteration=136/200 episodes=1632 difficulty=1.000 loss=0.01434 wall=1380.5s
[spatial train] ppo_ontology_rgat seed=829 iteration=61/200 episodes=732 difficulty=1.000 loss=0.04291 wall=1380.7s
[spatial train] ppo_vector_canonical seed=829 iteration=77/200 episodes=924 difficulty=1.000 loss=-0.01289 wall=1381.3s
[spatial train] ppo_vector_canonical seed=830 iteration=113/200 episodes=1356 difficulty=1.000 loss=0.02635 wall=1384.1s
[spatial train] ppo_vector_canonical seed=831 iteration=66/200 episodes=792 difficulty=1.000 loss=0.01124 wall=1385.7s
[spatial train] ppo_semantic_flat seed=830 iteration=137/200 episodes=1644 difficulty=1.000 loss=0.01174 wall=1386.9s
[spatial train] ppo_vector_canonical seed=828 iteration=45/200 episodes=540 difficulty=1.000 loss=0.01521 wall=1389.4s
[spatial train] ppo_vector_canonical seed=830 iteration=114/200 episodes=1368 difficulty=1.000 loss=0.00889 wall=1393.7s
[spatial train] ppo_semantic_flat seed=830 iteration=138/200 episodes=1656 difficulty=1.000 loss=0.02103 wall=1394.4s
[spatial train] ppo_semantic_flat seed=829 iteration=78/200 episodes=936 difficulty=1.000 loss=0.01770 wall=1396.5s
[spatial train] ppo_vector_canonical seed=831 iteration=67/200 episodes=804 difficulty=1.000 loss=0.01287 wall=1396.9s
[spatial train] ppo_semantic_flat seed=830 iteration=139/200 episodes=1668 difficulty=1.000 loss=0.01162 wall=1399.3s
[spatial train] ppo_vector_canonical seed=830 iteration=115/200 episodes=1380 difficulty=1.000 loss=0.01268 wall=1403.2s
[spatial train] ppo_vector_canonical seed=831 iteration=68/200 episodes=816 difficulty=1.000 loss=0.05865 wall=1404.1s
[spatial train] ppo_vector_canonical seed=829 iteration=78/200 episodes=936 difficulty=1.000 loss=-0.03913 wall=1404.6s
[spatial train] ppo_ontology_rgat seed=829 iteration=62/200 episodes=744 difficulty=1.000 loss=0.03895 wall=1407.8s
[spatial train] ppo_semantic_flat seed=830 iteration=140/200 episodes=1680 difficulty=1.000 loss=0.01362 wall=1410.6s
[spatial train] ppo_vector_canonical seed=831 iteration=69/200 episodes=828 difficulty=1.000 loss=0.06083 wall=1410.9s
[spatial train] ppo_vector_canonical seed=830 iteration=116/200 episodes=1392 difficulty=1.000 loss=-0.00033 wall=1411.5s
[spatial train] ppo_vector_canonical seed=828 iteration=46/200 episodes=552 difficulty=1.000 loss=0.00804 wall=1414.0s
[spatial train] ppo_vector_canonical seed=829 iteration=79/200 episodes=948 difficulty=1.000 loss=-0.02068 wall=1415.3s
[spatial train] ppo_semantic_flat seed=829 iteration=79/200 episodes=948 difficulty=1.000 loss=0.02388 wall=1417.1s
[spatial train] ppo_vector_canonical seed=831 iteration=70/200 episodes=840 difficulty=1.000 loss=-0.02711 wall=1419.5s
[spatial train] ppo_vector_canonical seed=830 iteration=117/200 episodes=1404 difficulty=1.000 loss=0.01689 wall=1421.3s
[spatial train] ppo_vector_canonical seed=831 iteration=71/200 episodes=852 difficulty=1.000 loss=0.00942 wall=1426.9s
[spatial train] ppo_semantic_flat seed=830 iteration=141/200 episodes=1692 difficulty=1.000 loss=0.01253 wall=1428.2s
[spatial train] ppo_semantic_flat seed=830 iteration=142/200 episodes=1704 difficulty=1.000 loss=0.01694 wall=1434.1s
[spatial train] ppo_vector_canonical seed=831 iteration=72/200 episodes=864 difficulty=1.000 loss=0.00831 wall=1434.0s
[spatial train] ppo_vector_canonical seed=828 iteration=47/200 episodes=564 difficulty=1.000 loss=0.01631 wall=1434.9s
[spatial train] ppo_semantic_flat seed=829 iteration=80/200 episodes=960 difficulty=1.000 loss=0.01777 wall=1435.6s
[spatial train] ppo_vector_canonical seed=830 iteration=118/200 episodes=1416 difficulty=1.000 loss=0.00414 wall=1436.1s
[spatial train] ppo_ontology_rgat seed=830 iteration=33/200 episodes=396 difficulty=1.000 loss=0.01158 wall=1436.2s
[spatial train] ppo_semantic_flat seed=828 iteration=95/200 episodes=1140 difficulty=1.000 loss=0.02464 wall=1437.7s
[spatial train] ppo_semantic_flat seed=830 iteration=143/200 episodes=1716 difficulty=1.000 loss=0.03035 wall=1441.4s
[spatial train] ppo_vector_canonical seed=831 iteration=73/200 episodes=876 difficulty=1.000 loss=0.02756 wall=1442.2s
[spatial train] ppo_vector_canonical seed=830 iteration=119/200 episodes=1428 difficulty=1.000 loss=0.02427 wall=1446.5s
[spatial train] ppo_semantic_flat seed=829 iteration=81/200 episodes=972 difficulty=1.000 loss=0.01797 wall=1447.2s
[spatial train] ppo_vector_canonical seed=829 iteration=80/200 episodes=960 difficulty=1.000 loss=0.02971 wall=1447.3s
[spatial train] ppo_semantic_flat seed=830 iteration=144/200 episodes=1728 difficulty=1.000 loss=0.01535 wall=1449.1s
[spatial train] ppo_ontology_rgat seed=829 iteration=63/200 episodes=756 difficulty=1.000 loss=0.06124 wall=1449.7s
[spatial train] ppo_vector_canonical seed=831 iteration=74/200 episodes=888 difficulty=1.000 loss=0.01103 wall=1451.9s
[spatial train] ppo_semantic_flat seed=829 iteration=82/200 episodes=984 difficulty=1.000 loss=0.03473 wall=1453.2s
[spatial train] ppo_semantic_flat seed=830 iteration=145/200 episodes=1740 difficulty=1.000 loss=0.01091 wall=1454.9s
[spatial train] ppo_vector_canonical seed=828 iteration=48/200 episodes=576 difficulty=1.000 loss=0.00996 wall=1455.1s
[spatial train] ppo_vector_canonical seed=831 iteration=75/200 episodes=900 difficulty=1.000 loss=0.00432 wall=1459.0s
[spatial train] ppo_vector_canonical seed=829 iteration=81/200 episodes=972 difficulty=1.000 loss=0.02213 wall=1459.8s
[spatial train] ppo_vector_canonical seed=830 iteration=120/200 episodes=1440 difficulty=1.000 loss=0.01917 wall=1461.0s
[spatial train] ppo_semantic_flat seed=829 iteration=83/200 episodes=996 difficulty=1.000 loss=0.01635 wall=1464.2s
[spatial train] ppo_semantic_flat seed=830 iteration=146/200 episodes=1752 difficulty=1.000 loss=0.01546 wall=1465.8s
[spatial train] ppo_vector_canonical seed=830 iteration=121/200 episodes=1452 difficulty=1.000 loss=0.04497 wall=1467.6s
[spatial train] ppo_vector_canonical seed=831 iteration=76/200 episodes=912 difficulty=1.000 loss=0.01701 wall=1467.8s
[spatial train] ppo_vector_canonical seed=829 iteration=82/200 episodes=984 difficulty=1.000 loss=0.02769 wall=1468.7s
[spatial train] ppo_semantic_flat seed=830 iteration=147/200 episodes=1764 difficulty=1.000 loss=0.04503 wall=1470.8s
[spatial train] ppo_semantic_flat seed=830 iteration=148/200 episodes=1776 difficulty=1.000 loss=0.00879 wall=1475.2s
[spatial train] ppo_semantic_flat seed=829 iteration=84/200 episodes=1008 difficulty=1.000 loss=-0.02337 wall=1475.6s
[spatial train] ppo_semantic_flat seed=828 iteration=96/200 episodes=1152 difficulty=1.000 loss=-0.06715 wall=1476.1s
[spatial train] ppo_vector_canonical seed=828 iteration=49/200 episodes=588 difficulty=1.000 loss=0.01464 wall=1476.1s
[spatial train] ppo_vector_canonical seed=831 iteration=77/200 episodes=924 difficulty=1.000 loss=0.00864 wall=1476.1s
[spatial train] ppo_vector_canonical seed=830 iteration=122/200 episodes=1464 difficulty=1.000 loss=0.02036 wall=1479.5s
[spatial train] ppo_semantic_flat seed=830 iteration=149/200 episodes=1788 difficulty=1.000 loss=0.01839 wall=1482.4s
[spatial train] ppo_semantic_flat seed=829 iteration=85/200 episodes=1020 difficulty=1.000 loss=-0.05197 wall=1486.2s
[spatial train] ppo_vector_canonical seed=830 iteration=123/200 episodes=1476 difficulty=1.000 loss=0.01143 wall=1486.3s
[spatial train] ppo_ontology_rgat seed=829 iteration=64/200 episodes=768 difficulty=1.000 loss=0.01770 wall=1488.3s
[spatial train] ppo_vector_canonical seed=831 iteration=78/200 episodes=936 difficulty=1.000 loss=0.00500 wall=1489.4s
[spatial train] ppo_vector_canonical seed=830 iteration=124/200 episodes=1488 difficulty=1.000 loss=0.02036 wall=1492.0s
[spatial train] ppo_semantic_flat seed=830 iteration=150/200 episodes=1800 difficulty=1.000 loss=-0.01813 wall=1492.1s
[spatial train] ppo_semantic_flat seed=829 iteration=86/200 episodes=1032 difficulty=1.000 loss=0.01581 wall=1493.1s
[spatial train] ppo_vector_canonical seed=829 iteration=83/200 episodes=996 difficulty=1.000 loss=0.00660 wall=1494.1s
[spatial train] ppo_vector_canonical seed=831 iteration=79/200 episodes=948 difficulty=1.000 loss=-0.00392 wall=1495.9s
[spatial train] ppo_semantic_flat seed=830 iteration=151/200 episodes=1812 difficulty=1.000 loss=0.02709 wall=1499.1s
[spatial train] ppo_vector_canonical seed=828 iteration=50/200 episodes=600 difficulty=1.000 loss=0.01644 wall=1505.6s
[spatial train] ppo_semantic_flat seed=829 iteration=87/200 episodes=1044 difficulty=1.000 loss=0.03099 wall=1506.1s
[spatial train] ppo_vector_canonical seed=830 iteration=125/200 episodes=1500 difficulty=1.000 loss=-0.00186 wall=1506.4s
[spatial train] ppo_semantic_flat seed=830 iteration=152/200 episodes=1824 difficulty=1.000 loss=0.03304 wall=1506.8s
[spatial train] ppo_vector_canonical seed=829 iteration=84/200 episodes=1008 difficulty=1.000 loss=-0.01878 wall=1507.8s
[spatial train] ppo_vector_canonical seed=831 iteration=80/200 episodes=960 difficulty=1.000 loss=0.00440 wall=1510.4s
[spatial train] ppo_semantic_flat seed=829 iteration=88/200 episodes=1056 difficulty=1.000 loss=0.00148 wall=1512.2s
[spatial train] ppo_vector_canonical seed=830 iteration=126/200 episodes=1512 difficulty=1.000 loss=-0.00024 wall=1516.0s
[spatial train] ppo_ontology_rgat seed=830 iteration=34/200 episodes=408 difficulty=1.000 loss=0.02170 wall=1520.0s
[spatial train] ppo_semantic_flat seed=829 iteration=89/200 episodes=1068 difficulty=1.000 loss=0.04295 wall=1526.3s
[spatial train] ppo_vector_canonical seed=831 iteration=81/200 episodes=972 difficulty=1.000 loss=0.01645 wall=1526.0s
[spatial train] ppo_vector_canonical seed=830 iteration=127/200 episodes=1524 difficulty=1.000 loss=-0.00385 wall=1527.4s
[spatial train] ppo_ontology_rgat seed=828 iteration=77/200 episodes=924 difficulty=1.000 loss=-0.02590 wall=1528.3s
[spatial train] ppo_vector_canonical seed=828 iteration=51/200 episodes=612 difficulty=1.000 loss=0.01102 wall=1531.4s
[spatial train] ppo_semantic_flat seed=829 iteration=90/200 episodes=1080 difficulty=1.000 loss=-0.00952 wall=1532.2s
[spatial train] ppo_vector_canonical seed=829 iteration=85/200 episodes=1020 difficulty=1.000 loss=0.02623 wall=1532.1s
[spatial train] ppo_ontology_rgat seed=829 iteration=65/200 episodes=780 difficulty=1.000 loss=0.03318 wall=1533.7s
[spatial train] ppo_semantic_flat seed=830 iteration=153/200 episodes=1836 difficulty=1.000 loss=0.01421 wall=1536.1s
[spatial train] ppo_semantic_flat seed=828 iteration=97/200 episodes=1164 difficulty=1.000 loss=0.04258 wall=1536.8s
[spatial train] ppo_vector_canonical seed=830 iteration=128/200 episodes=1536 difficulty=1.000 loss=0.01651 wall=1537.4s
[spatial train] ppo_vector_canonical seed=831 iteration=82/200 episodes=984 difficulty=1.000 loss=0.01725 wall=1537.0s
[spatial train] ppo_vector_canonical seed=829 iteration=86/200 episodes=1032 difficulty=1.000 loss=0.00975 wall=1540.4s
[spatial train] ppo_vector_canonical seed=831 iteration=83/200 episodes=996 difficulty=1.000 loss=0.01615 wall=1545.3s
[spatial train] ppo_semantic_flat seed=829 iteration=91/200 episodes=1092 difficulty=1.000 loss=0.01109 wall=1548.7s
[spatial train] ppo_vector_canonical seed=830 iteration=129/200 episodes=1548 difficulty=1.000 loss=0.01323 wall=1549.6s
[spatial train] ppo_ontology_rgat seed=830 iteration=35/200 episodes=420 difficulty=1.000 loss=-0.07761 wall=1550.2s
[spatial train] ppo_vector_canonical seed=831 iteration=84/200 episodes=1008 difficulty=1.000 loss=0.01393 wall=1550.1s
[spatial train] ppo_vector_canonical seed=829 iteration=87/200 episodes=1044 difficulty=1.000 loss=0.03580 wall=1551.6s
[spatial train] ppo_vector_canonical seed=830 iteration=130/200 episodes=1560 difficulty=1.000 loss=-0.01016 wall=1556.6s
[spatial train] ppo_vector_canonical seed=831 iteration=85/200 episodes=1020 difficulty=1.000 loss=0.00870 wall=1556.7s
[spatial train] ppo_ontology_rgat seed=829 iteration=66/200 episodes=792 difficulty=1.000 loss=0.01002 wall=1557.9s
[spatial train] ppo_semantic_flat seed=829 iteration=92/200 episodes=1104 difficulty=1.000 loss=0.05416 wall=1558.7s
[spatial train] ppo_vector_canonical seed=830 iteration=131/200 episodes=1572 difficulty=1.000 loss=0.00484 wall=1562.5s
[spatial train] ppo_vector_canonical seed=831 iteration=86/200 episodes=1032 difficulty=1.000 loss=-0.00016 wall=1565.2s
[spatial train] ppo_vector_canonical seed=828 iteration=52/200 episodes=624 difficulty=1.000 loss=0.01597 wall=1568.2s
[spatial train] ppo_vector_canonical seed=830 iteration=132/200 episodes=1584 difficulty=1.000 loss=0.00988 wall=1569.5s
[spatial train] ppo_ontology_rgat seed=830 iteration=36/200 episodes=432 difficulty=1.000 loss=-0.02257 wall=1571.7s
[spatial train] ppo_vector_canonical seed=831 iteration=87/200 episodes=1044 difficulty=1.000 loss=-0.04424 wall=1571.7s
[spatial train] ppo_semantic_flat seed=829 iteration=93/200 episodes=1116 difficulty=1.000 loss=-0.04297 wall=1574.3s
[spatial train] ppo_vector_canonical seed=830 iteration=133/200 episodes=1596 difficulty=1.000 loss=0.01482 wall=1576.2s
[spatial train] ppo_semantic_flat seed=830 iteration=154/200 episodes=1848 difficulty=1.000 loss=-0.00961 wall=1576.5s
[spatial train] ppo_ontology_rgat seed=828 iteration=78/200 episodes=936 difficulty=1.000 loss=0.01650 wall=1579.2s
[spatial train] ppo_ontology_rgat seed=829 iteration=67/200 episodes=804 difficulty=1.000 loss=0.04168 wall=1579.5s
[spatial train] ppo_vector_canonical seed=829 iteration=88/200 episodes=1056 difficulty=1.000 loss=0.02012 wall=1580.2s
[spatial train] ppo_semantic_flat seed=829 iteration=94/200 episodes=1128 difficulty=1.000 loss=-0.00700 wall=1581.4s
[spatial train] ppo_vector_canonical seed=830 iteration=134/200 episodes=1608 difficulty=1.000 loss=0.03976 wall=1584.1s
[spatial train] ppo_vector_canonical seed=830 iteration=135/200 episodes=1620 difficulty=1.000 loss=-0.00255 wall=1589.0s
[spatial train] ppo_semantic_flat seed=829 iteration=95/200 episodes=1140 difficulty=1.000 loss=0.01445 wall=1591.0s
[spatial train] ppo_vector_canonical seed=831 iteration=88/200 episodes=1056 difficulty=1.000 loss=0.02929 wall=1591.1s
[spatial train] ppo_vector_canonical seed=828 iteration=53/200 episodes=636 difficulty=1.000 loss=0.01000 wall=1593.1s
[spatial train] ppo_vector_canonical seed=830 iteration=136/200 episodes=1632 difficulty=1.000 loss=0.00835 wall=1594.9s
[spatial train] ppo_semantic_flat seed=829 iteration=96/200 episodes=1152 difficulty=1.000 loss=0.00710 wall=1600.3s
[spatial train] ppo_ontology_rgat seed=830 iteration=37/200 episodes=444 difficulty=1.000 loss=0.01669 wall=1601.0s
[spatial train] ppo_ontology_rgat seed=828 iteration=79/200 episodes=948 difficulty=1.000 loss=0.01558 wall=1601.7s
[spatial train] ppo_vector_canonical seed=831 iteration=89/200 episodes=1068 difficulty=1.000 loss=0.04152 wall=1604.0s
[spatial train] ppo_vector_canonical seed=829 iteration=89/200 episodes=1068 difficulty=1.000 loss=0.03561 wall=1608.4s
[spatial train] ppo_semantic_flat seed=828 iteration=98/200 episodes=1176 difficulty=1.000 loss=0.02192 wall=1608.9s
[spatial train] ppo_semantic_flat seed=829 iteration=97/200 episodes=1164 difficulty=1.000 loss=0.01287 wall=1609.6s
[spatial train] ppo_ontology_rgat seed=829 iteration=68/200 episodes=816 difficulty=1.000 loss=0.09151 wall=1615.3s
[spatial train] ppo_vector_canonical seed=829 iteration=90/200 episodes=1080 difficulty=1.000 loss=0.07400 wall=1615.5s
[spatial train] ppo_vector_canonical seed=831 iteration=90/200 episodes=1080 difficulty=1.000 loss=0.02332 wall=1617.3s
[spatial train] ppo_semantic_flat seed=829 iteration=98/200 episodes=1176 difficulty=1.000 loss=-0.00364 wall=1619.2s
[spatial train] ppo_vector_canonical seed=830 iteration=137/200 episodes=1644 difficulty=1.000 loss=0.02968 wall=1624.1s
[spatial train] ppo_vector_canonical seed=828 iteration=54/200 episodes=648 difficulty=1.000 loss=0.01428 wall=1624.8s
[spatial train] ppo_vector_canonical seed=831 iteration=91/200 episodes=1092 difficulty=1.000 loss=0.00949 wall=1625.2s
[spatial train] ppo_ontology_rgat seed=830 iteration=38/200 episodes=456 difficulty=1.000 loss=-0.00627 wall=1625.7s
[spatial train] ppo_semantic_flat seed=829 iteration=99/200 episodes=1188 difficulty=1.000 loss=0.02567 wall=1627.9s
[spatial train] ppo_semantic_flat seed=830 iteration=155/200 episodes=1860 difficulty=1.000 loss=-0.01685 wall=1631.3s
[spatial train] ppo_vector_canonical seed=831 iteration=92/200 episodes=1104 difficulty=1.000 loss=0.00640 wall=1634.9s
[spatial train] ppo_vector_canonical seed=829 iteration=91/200 episodes=1092 difficulty=1.000 loss=0.01687 wall=1637.5s
[spatial train] ppo_ontology_rgat seed=828 iteration=80/200 episodes=960 difficulty=1.000 loss=0.01635 wall=1638.8s
[spatial train] ppo_ontology_rgat seed=830 iteration=39/200 episodes=468 difficulty=1.000 loss=0.02259 wall=1643.6s
[spatial train] ppo_vector_canonical seed=831 iteration=93/200 episodes=1116 difficulty=1.000 loss=0.01386 wall=1643.5s
[spatial train] ppo_semantic_flat seed=829 iteration=100/200 episodes=1200 difficulty=1.000 loss=0.01976 wall=1647.6s
[spatial train] ppo_vector_canonical seed=831 iteration=94/200 episodes=1128 difficulty=1.000 loss=0.03246 wall=1653.4s
[spatial train] ppo_vector_canonical seed=828 iteration=55/200 episodes=660 difficulty=1.000 loss=0.01783 wall=1654.4s
[spatial train] ppo_ontology_rgat seed=829 iteration=69/200 episodes=828 difficulty=1.000 loss=0.12760 wall=1654.9s
[spatial train] ppo_vector_canonical seed=829 iteration=92/200 episodes=1104 difficulty=1.000 loss=0.02010 wall=1657.8s
[spatial train] ppo_semantic_flat seed=829 iteration=101/200 episodes=1212 difficulty=1.000 loss=-0.02912 wall=1661.8s
[spatial train] ppo_vector_canonical seed=830 iteration=138/200 episodes=1656 difficulty=1.000 loss=0.01918 wall=1662.6s
[spatial train] ppo_ontology_rgat seed=828 iteration=81/200 episodes=972 difficulty=1.000 loss=0.02382 wall=1666.2s
[spatial train] ppo_semantic_flat seed=828 iteration=99/200 episodes=1188 difficulty=1.000 loss=0.03247 wall=1669.0s
[spatial train] ppo_vector_canonical seed=831 iteration=95/200 episodes=1140 difficulty=1.000 loss=0.02275 wall=1669.0s
[spatial train] ppo_vector_canonical seed=829 iteration=93/200 episodes=1116 difficulty=1.000 loss=0.04069 wall=1671.5s
[spatial train] ppo_semantic_flat seed=829 iteration=102/200 episodes=1224 difficulty=1.000 loss=0.02411 wall=1673.4s
[spatial train] ppo_ontology_rgat seed=830 iteration=40/200 episodes=480 difficulty=1.000 loss=-0.00880 wall=1675.3s
[spatial train] ppo_vector_canonical seed=829 iteration=94/200 episodes=1128 difficulty=1.000 loss=0.00659 wall=1675.9s
[spatial train] ppo_vector_canonical seed=831 iteration=96/200 episodes=1152 difficulty=1.000 loss=0.04424 wall=1677.8s
[spatial train] ppo_vector_canonical seed=828 iteration=56/200 episodes=672 difficulty=1.000 loss=0.01157 wall=1679.5s
[spatial train] ppo_vector_canonical seed=829 iteration=95/200 episodes=1140 difficulty=1.000 loss=0.00141 wall=1680.6s
[spatial train] ppo_semantic_flat seed=829 iteration=103/200 episodes=1236 difficulty=1.000 loss=0.02841 wall=1682.6s
[spatial train] ppo_ontology_rgat seed=829 iteration=70/200 episodes=840 difficulty=1.000 loss=0.00174 wall=1686.1s
[spatial train] ppo_vector_canonical seed=831 iteration=97/200 episodes=1164 difficulty=1.000 loss=0.00694 wall=1686.6s
[spatial train] ppo_semantic_flat seed=829 iteration=104/200 episodes=1248 difficulty=1.000 loss=0.02628 wall=1689.6s
[spatial train] ppo_vector_canonical seed=829 iteration=96/200 episodes=1152 difficulty=1.000 loss=0.00869 wall=1690.6s
[spatial train] ppo_vector_canonical seed=828 iteration=57/200 episodes=684 difficulty=1.000 loss=0.00789 wall=1693.5s
[spatial train] ppo_vector_canonical seed=831 iteration=98/200 episodes=1176 difficulty=1.000 loss=0.03390 wall=1694.2s
[spatial train] ppo_ontology_rgat seed=828 iteration=82/200 episodes=984 difficulty=1.000 loss=0.01890 wall=1695.3s
[spatial train] ppo_vector_canonical seed=830 iteration=139/200 episodes=1668 difficulty=1.000 loss=0.04439 wall=1697.3s
[spatial train] ppo_ontology_rgat seed=830 iteration=41/200 episodes=492 difficulty=1.000 loss=0.03428 wall=1701.3s
[spatial train] ppo_semantic_flat seed=830 iteration=156/200 episodes=1872 difficulty=1.000 loss=0.02014 wall=1702.2s
[spatial train] ppo_vector_canonical seed=829 iteration=97/200 episodes=1164 difficulty=1.000 loss=0.01464 wall=1702.4s
[spatial train] ppo_semantic_flat seed=829 iteration=105/200 episodes=1260 difficulty=1.000 loss=0.00961 wall=1704.4s
[spatial train] ppo_vector_canonical seed=828 iteration=58/200 episodes=696 difficulty=1.000 loss=0.00913 wall=1708.1s
[spatial train] ppo_ontology_rgat seed=828 iteration=83/200 episodes=996 difficulty=1.000 loss=0.01580 wall=1713.9s
[spatial train] ppo_vector_canonical seed=829 iteration=98/200 episodes=1176 difficulty=1.000 loss=0.01430 wall=1715.3s
[spatial train] ppo_semantic_flat seed=829 iteration=106/200 episodes=1272 difficulty=1.000 loss=0.02314 wall=1719.1s
[spatial train] ppo_vector_canonical seed=829 iteration=99/200 episodes=1188 difficulty=1.000 loss=-0.02852 wall=1719.5s
[spatial train] ppo_ontology_rgat seed=829 iteration=71/200 episodes=852 difficulty=1.000 loss=0.04081 wall=1724.4s
[spatial train] ppo_vector_canonical seed=830 iteration=140/200 episodes=1680 difficulty=1.000 loss=0.00623 wall=1725.2s
[spatial train] ppo_vector_canonical seed=828 iteration=59/200 episodes=708 difficulty=1.000 loss=0.01369 wall=1725.8s
[spatial train] ppo_semantic_flat seed=829 iteration=107/200 episodes=1284 difficulty=1.000 loss=0.01207 wall=1730.3s
[spatial train] ppo_vector_canonical seed=830 iteration=141/200 episodes=1692 difficulty=1.000 loss=0.00887 wall=1731.7s
[spatial train] ppo_vector_canonical seed=830 iteration=142/200 episodes=1704 difficulty=1.000 loss=0.00899 wall=1736.7s
[spatial train] ppo_ontology_rgat seed=830 iteration=42/200 episodes=504 difficulty=1.000 loss=0.00963 wall=1737.2s
[spatial train] ppo_vector_canonical seed=829 iteration=100/200 episodes=1200 difficulty=1.000 loss=-0.00825 wall=1739.8s
[spatial train] ppo_ontology_rgat seed=828 iteration=84/200 episodes=1008 difficulty=1.000 loss=0.01672 wall=1741.0s
[spatial train] ppo_vector_canonical seed=831 iteration=99/200 episodes=1188 difficulty=1.000 loss=-0.03831 wall=1745.9s
[spatial train] ppo_vector_canonical seed=829 iteration=101/200 episodes=1212 difficulty=1.000 loss=0.00976 wall=1749.0s
[spatial train] ppo_vector_canonical seed=828 iteration=60/200 episodes=720 difficulty=1.000 loss=0.01175 wall=1749.3s
[spatial train] ppo_ontology_rgat seed=830 iteration=43/200 episodes=516 difficulty=1.000 loss=0.01407 wall=1752.0s
[spatial train] ppo_vector_canonical seed=830 iteration=143/200 episodes=1716 difficulty=1.000 loss=0.02275 wall=1752.1s
[spatial train] ppo_semantic_flat seed=830 iteration=157/200 episodes=1884 difficulty=1.000 loss=-0.04445 wall=1752.0s
[spatial train] ppo_vector_canonical seed=829 iteration=102/200 episodes=1224 difficulty=1.000 loss=0.02082 wall=1756.0s
[spatial train] ppo_vector_canonical seed=830 iteration=144/200 episodes=1728 difficulty=1.000 loss=0.00245 wall=1756.6s
[spatial train] ppo_vector_canonical seed=830 iteration=145/200 episodes=1740 difficulty=1.000 loss=0.00881 wall=1761.6s
[spatial train] ppo_vector_canonical seed=828 iteration=61/200 episodes=732 difficulty=1.000 loss=0.00753 wall=1762.8s
[spatial train] ppo_vector_canonical seed=829 iteration=103/200 episodes=1236 difficulty=1.000 loss=-0.00237 wall=1763.8s
[spatial train] ppo_vector_canonical seed=831 iteration=100/200 episodes=1200 difficulty=1.000 loss=0.03953 wall=1763.9s
[spatial train] ppo_semantic_flat seed=828 iteration=100/200 episodes=1200 difficulty=1.000 loss=0.02324 wall=1765.5s
[spatial train] ppo_ontology_rgat seed=828 iteration=85/200 episodes=1020 difficulty=1.000 loss=0.04801 wall=1771.9s
[spatial train] ppo_vector_canonical seed=831 iteration=101/200 episodes=1212 difficulty=1.000 loss=0.02669 wall=1772.3s
[spatial train] ppo_ontology_rgat seed=830 iteration=44/200 episodes=528 difficulty=1.000 loss=0.01112 wall=1773.4s
[spatial train] ppo_vector_canonical seed=830 iteration=146/200 episodes=1752 difficulty=1.000 loss=0.01730 wall=1774.4s
[spatial train] ppo_vector_canonical seed=829 iteration=104/200 episodes=1248 difficulty=1.000 loss=0.01223 wall=1774.5s
[spatial train] ppo_ontology_rgat seed=829 iteration=72/200 episodes=864 difficulty=1.000 loss=0.02611 wall=1775.3s
[spatial train] ppo_vector_canonical seed=831 iteration=102/200 episodes=1224 difficulty=1.000 loss=0.01422 wall=1782.7s
[spatial train] ppo_vector_canonical seed=830 iteration=147/200 episodes=1764 difficulty=1.000 loss=0.01162 wall=1785.4s
[spatial train] ppo_semantic_flat seed=829 iteration=108/200 episodes=1296 difficulty=1.000 loss=0.00653 wall=1791.6s
[spatial train] ppo_vector_canonical seed=830 iteration=148/200 episodes=1776 difficulty=1.000 loss=-0.00459 wall=1792.4s
[spatial train] ppo_vector_canonical seed=829 iteration=105/200 episodes=1260 difficulty=1.000 loss=-0.05722 wall=1793.6s
[spatial train] ppo_ontology_rgat seed=828 iteration=86/200 episodes=1032 difficulty=1.000 loss=0.01911 wall=1794.4s
[spatial train] ppo_ontology_rgat seed=830 iteration=45/200 episodes=540 difficulty=1.000 loss=0.01762 wall=1796.2s
[spatial train] ppo_vector_canonical seed=828 iteration=62/200 episodes=744 difficulty=1.000 loss=0.00920 wall=1796.7s
[spatial train] ppo_vector_canonical seed=831 iteration=103/200 episodes=1236 difficulty=1.000 loss=0.02016 wall=1798.0s
[spatial train] ppo_vector_canonical seed=830 iteration=149/200 episodes=1788 difficulty=1.000 loss=0.02548 wall=1807.7s
[spatial train] ppo_vector_canonical seed=829 iteration=106/200 episodes=1272 difficulty=1.000 loss=-0.03522 wall=1808.3s
[spatial train] ppo_vector_canonical seed=831 iteration=104/200 episodes=1248 difficulty=1.000 loss=0.01749 wall=1812.8s
[spatial train] ppo_vector_canonical seed=829 iteration=107/200 episodes=1284 difficulty=1.000 loss=0.01052 wall=1813.9s
[spatial train] ppo_ontology_rgat seed=829 iteration=73/200 episodes=876 difficulty=1.000 loss=0.02006 wall=1816.1s
[spatial train] ppo_ontology_rgat seed=828 iteration=87/200 episodes=1044 difficulty=1.000 loss=0.00905 wall=1816.6s
[spatial train] ppo_vector_canonical seed=828 iteration=63/200 episodes=756 difficulty=1.000 loss=0.00895 wall=1817.5s
[spatial train] ppo_vector_canonical seed=830 iteration=150/200 episodes=1800 difficulty=1.000 loss=-0.01978 wall=1819.3s
[spatial train] ppo_semantic_flat seed=828 iteration=101/200 episodes=1212 difficulty=1.000 loss=0.01544 wall=1821.1s
[spatial train] ppo_ontology_rgat seed=830 iteration=46/200 episodes=552 difficulty=1.000 loss=0.01027 wall=1822.9s
[spatial train] ppo_vector_canonical seed=829 iteration=108/200 episodes=1296 difficulty=1.000 loss=0.01442 wall=1824.0s
[spatial train] ppo_semantic_flat seed=830 iteration=158/200 episodes=1896 difficulty=1.000 loss=0.02237 wall=1828.2s
[spatial train] ppo_vector_canonical seed=831 iteration=105/200 episodes=1260 difficulty=1.000 loss=0.02087 wall=1829.5s
[spatial train] ppo_vector_canonical seed=830 iteration=151/200 episodes=1812 difficulty=1.000 loss=0.00369 wall=1830.6s
[spatial train] ppo_vector_canonical seed=829 iteration=109/200 episodes=1308 difficulty=1.000 loss=0.02250 wall=1832.9s
[spatial train] ppo_ontology_rgat seed=830 iteration=47/200 episodes=564 difficulty=1.000 loss=0.01203 wall=1835.9s
[spatial train] ppo_vector_canonical seed=830 iteration=152/200 episodes=1824 difficulty=1.000 loss=0.01664 wall=1837.8s
[spatial train] ppo_ontology_rgat seed=828 iteration=88/200 episodes=1056 difficulty=1.000 loss=0.02929 wall=1838.5s
[spatial train] ppo_ontology_rgat seed=829 iteration=74/200 episodes=888 difficulty=1.000 loss=0.02530 wall=1839.0s
[spatial train] ppo_vector_canonical seed=828 iteration=64/200 episodes=768 difficulty=1.000 loss=0.01703 wall=1840.3s
[spatial train] ppo_vector_canonical seed=830 iteration=153/200 episodes=1836 difficulty=1.000 loss=0.00628 wall=1842.0s
[spatial train] ppo_vector_canonical seed=831 iteration=106/200 episodes=1272 difficulty=1.000 loss=0.01627 wall=1845.3s
[spatial train] ppo_ontology_rgat seed=830 iteration=48/200 episodes=576 difficulty=1.000 loss=0.01742 wall=1846.5s
[spatial train] ppo_vector_canonical seed=829 iteration=110/200 episodes=1320 difficulty=1.000 loss=0.02517 wall=1847.5s
[spatial train] ppo_vector_canonical seed=828 iteration=65/200 episodes=780 difficulty=1.000 loss=0.00103 wall=1851.6s
[spatial train] ppo_vector_canonical seed=829 iteration=111/200 episodes=1332 difficulty=1.000 loss=0.01446 wall=1855.8s
[spatial train] ppo_vector_canonical seed=830 iteration=154/200 episodes=1848 difficulty=1.000 loss=0.00235 wall=1856.0s
[spatial train] ppo_semantic_flat seed=828 iteration=102/200 episodes=1224 difficulty=1.000 loss=0.03641 wall=1857.9s
[spatial train] ppo_vector_canonical seed=831 iteration=107/200 episodes=1284 difficulty=1.000 loss=0.02071 wall=1857.9s
[spatial train] ppo_semantic_flat seed=829 iteration=109/200 episodes=1308 difficulty=1.000 loss=-0.00875 wall=1858.5s
[spatial train] ppo_ontology_rgat seed=830 iteration=49/200 episodes=588 difficulty=1.000 loss=0.03249 wall=1859.4s
[spatial train] ppo_vector_canonical seed=829 iteration=112/200 episodes=1344 difficulty=1.000 loss=0.00566 wall=1859.5s
[spatial train] ppo_vector_canonical seed=831 iteration=108/200 episodes=1296 difficulty=1.000 loss=0.00873 wall=1863.0s
[spatial train] ppo_vector_canonical seed=828 iteration=66/200 episodes=792 difficulty=1.000 loss=0.01657 wall=1865.9s
[spatial train] ppo_vector_canonical seed=830 iteration=155/200 episodes=1860 difficulty=1.000 loss=0.00858 wall=1866.9s
[spatial train] ppo_ontology_rgat seed=828 iteration=89/200 episodes=1068 difficulty=1.000 loss=0.00984 wall=1869.5s
[spatial train] ppo_vector_canonical seed=829 iteration=113/200 episodes=1356 difficulty=1.000 loss=0.03746 wall=1871.8s
[spatial train] ppo_ontology_rgat seed=830 iteration=50/200 episodes=600 difficulty=1.000 loss=0.01838 wall=1874.3s
[spatial train] ppo_vector_canonical seed=829 iteration=114/200 episodes=1368 difficulty=1.000 loss=0.00582 wall=1876.5s
[spatial train] ppo_vector_canonical seed=830 iteration=156/200 episodes=1872 difficulty=1.000 loss=0.00654 wall=1877.2s
[spatial train] ppo_ontology_rgat seed=829 iteration=75/200 episodes=900 difficulty=1.000 loss=0.06432 wall=1878.5s
[spatial train] ppo_vector_canonical seed=831 iteration=109/200 episodes=1308 difficulty=1.000 loss=0.02002 wall=1879.0s
[spatial train] ppo_vector_canonical seed=830 iteration=157/200 episodes=1884 difficulty=1.000 loss=0.00335 wall=1881.3s
[spatial train] ppo_vector_canonical seed=829 iteration=115/200 episodes=1380 difficulty=1.000 loss=0.01171 wall=1886.5s
[spatial train] ppo_vector_canonical seed=830 iteration=158/200 episodes=1896 difficulty=1.000 loss=0.00623 wall=1887.6s
[spatial train] ppo_vector_canonical seed=831 iteration=110/200 episodes=1320 difficulty=1.000 loss=0.02329 wall=1889.2s
[spatial train] ppo_vector_canonical seed=829 iteration=116/200 episodes=1392 difficulty=1.000 loss=0.01754 wall=1890.7s
[spatial train] ppo_ontology_rgat seed=830 iteration=51/200 episodes=612 difficulty=1.000 loss=0.01405 wall=1893.9s
[spatial train] ppo_vector_canonical seed=830 iteration=159/200 episodes=1908 difficulty=1.000 loss=0.00791 wall=1894.3s
[spatial train] ppo_vector_canonical seed=831 iteration=111/200 episodes=1332 difficulty=1.000 loss=0.01568 wall=1896.6s
[spatial train] ppo_semantic_flat seed=829 iteration=110/200 episodes=1320 difficulty=1.000 loss=-0.01051 wall=1897.6s
[spatial train] ppo_ontology_rgat seed=828 iteration=90/200 episodes=1080 difficulty=1.000 loss=0.01308 wall=1898.8s
[spatial train] ppo_ontology_rgat seed=829 iteration=76/200 episodes=912 difficulty=1.000 loss=0.01818 wall=1899.1s
[spatial train] ppo_vector_canonical seed=830 iteration=160/200 episodes=1920 difficulty=1.000 loss=0.00711 wall=1902.0s
[spatial train] ppo_semantic_flat seed=829 iteration=111/200 episodes=1332 difficulty=1.000 loss=0.00163 wall=1904.9s
[spatial train] ppo_vector_canonical seed=831 iteration=112/200 episodes=1344 difficulty=1.000 loss=0.06667 wall=1905.7s
[spatial train] ppo_ontology_rgat seed=830 iteration=52/200 episodes=624 difficulty=1.000 loss=-0.07711 wall=1906.5s
[spatial train] ppo_vector_canonical seed=830 iteration=161/200 episodes=1932 difficulty=1.000 loss=0.01768 wall=1910.1s
[spatial train] ppo_vector_canonical seed=829 iteration=117/200 episodes=1404 difficulty=1.000 loss=0.01412 wall=1911.6s
[spatial train] ppo_semantic_flat seed=829 iteration=112/200 episodes=1344 difficulty=1.000 loss=0.01151 wall=1912.7s
[spatial train] ppo_semantic_flat seed=828 iteration=103/200 episodes=1236 difficulty=1.000 loss=0.00510 wall=1914.3s
[spatial train] ppo_vector_canonical seed=830 iteration=162/200 episodes=1944 difficulty=1.000 loss=0.00675 wall=1916.8s
[spatial train] ppo_ontology_rgat seed=830 iteration=53/200 episodes=636 difficulty=1.000 loss=0.02622 wall=1917.5s
[spatial train] ppo_vector_canonical seed=831 iteration=113/200 episodes=1356 difficulty=1.000 loss=0.01937 wall=1919.0s
[spatial train] ppo_vector_canonical seed=829 iteration=118/200 episodes=1416 difficulty=1.000 loss=0.00819 wall=1920.6s
[spatial train] ppo_semantic_flat seed=830 iteration=159/200 episodes=1908 difficulty=1.000 loss=-0.01425 wall=1923.2s
[spatial train] ppo_ontology_rgat seed=829 iteration=77/200 episodes=924 difficulty=1.000 loss=0.04345 wall=1923.9s
[spatial train] ppo_ontology_rgat seed=828 iteration=91/200 episodes=1092 difficulty=1.000 loss=0.02437 wall=1924.4s
[spatial train] ppo_vector_canonical seed=831 iteration=114/200 episodes=1368 difficulty=1.000 loss=0.00751 wall=1925.2s
[spatial train] ppo_semantic_flat seed=829 iteration=113/200 episodes=1356 difficulty=1.000 loss=0.01656 wall=1927.8s
[spatial train] ppo_vector_canonical seed=829 iteration=119/200 episodes=1428 difficulty=1.000 loss=0.00963 wall=1928.2s
[spatial train] ppo_vector_canonical seed=830 iteration=163/200 episodes=1956 difficulty=1.000 loss=0.00489 wall=1928.5s
[spatial train] ppo_vector_canonical seed=828 iteration=67/200 episodes=804 difficulty=1.000 loss=-0.02576 wall=1930.8s
[spatial train] ppo_ontology_rgat seed=830 iteration=54/200 episodes=648 difficulty=1.000 loss=0.02594 wall=1932.6s
[spatial train] ppo_semantic_flat seed=829 iteration=114/200 episodes=1368 difficulty=1.000 loss=-0.04540 wall=1937.3s
[spatial train] ppo_vector_canonical seed=830 iteration=164/200 episodes=1968 difficulty=1.000 loss=0.00684 wall=1941.0s
[spatial train] ppo_ontology_rgat seed=829 iteration=78/200 episodes=936 difficulty=1.000 loss=0.02214 wall=1942.6s
[spatial train] ppo_vector_canonical seed=829 iteration=120/200 episodes=1440 difficulty=1.000 loss=0.02983 wall=1944.8s
[spatial train] ppo_ontology_rgat seed=830 iteration=55/200 episodes=660 difficulty=1.000 loss=-0.03781 wall=1945.0s
[spatial train] ppo_vector_canonical seed=831 iteration=115/200 episodes=1380 difficulty=1.000 loss=0.01646 wall=1945.5s
[spatial train] ppo_ontology_rgat seed=828 iteration=92/200 episodes=1104 difficulty=1.000 loss=0.05485 wall=1948.9s
[spatial train] ppo_vector_canonical seed=830 iteration=165/200 episodes=1980 difficulty=1.000 loss=0.02052 wall=1952.4s
[spatial train] ppo_vector_canonical seed=829 iteration=121/200 episodes=1452 difficulty=1.000 loss=0.01470 wall=1954.5s
[spatial train] ppo_ontology_rgat seed=829 iteration=79/200 episodes=948 difficulty=1.000 loss=0.01402 wall=1958.6s
[spatial train] ppo_ontology_rgat seed=830 iteration=56/200 episodes=672 difficulty=1.000 loss=0.01409 wall=1959.4s
[spatial train] ppo_vector_canonical seed=831 iteration=116/200 episodes=1392 difficulty=1.000 loss=0.01299 wall=1959.6s
[spatial train] ppo_semantic_flat seed=829 iteration=115/200 episodes=1380 difficulty=1.000 loss=0.04281 wall=1962.4s
[spatial train] ppo_vector_canonical seed=830 iteration=166/200 episodes=1992 difficulty=1.000 loss=0.03771 wall=1963.0s
[spatial train] ppo_vector_canonical seed=829 iteration=122/200 episodes=1464 difficulty=1.000 loss=0.01170 wall=1965.3s
[spatial train] ppo_ontology_rgat seed=828 iteration=93/200 episodes=1116 difficulty=1.000 loss=0.01583 wall=1966.4s
[spatial train] ppo_vector_canonical seed=830 iteration=167/200 episodes=2004 difficulty=1.000 loss=0.01128 wall=1970.5s
[spatial train] ppo_vector_canonical seed=829 iteration=123/200 episodes=1476 difficulty=1.000 loss=0.00382 wall=1970.3s
[spatial train] ppo_ontology_rgat seed=830 iteration=57/200 episodes=684 difficulty=1.000 loss=-0.00178 wall=1972.9s
[spatial train] ppo_vector_canonical seed=829 iteration=124/200 episodes=1488 difficulty=1.000 loss=0.01375 wall=1974.4s
[spatial train] ppo_vector_canonical seed=830 iteration=168/200 episodes=2016 difficulty=1.000 loss=0.00175 wall=1975.7s
[spatial train] ppo_vector_canonical seed=830 iteration=169/200 episodes=2028 difficulty=1.000 loss=-0.00410 wall=1979.8s
[spatial train] ppo_ontology_rgat seed=829 iteration=80/200 episodes=960 difficulty=1.000 loss=0.01970 wall=1980.7s
[spatial train] ppo_vector_canonical seed=828 iteration=68/200 episodes=816 difficulty=1.000 loss=-0.03040 wall=1981.2s
[spatial train] ppo_vector_canonical seed=829 iteration=125/200 episodes=1500 difficulty=1.000 loss=0.04808 wall=1983.2s
[spatial train] ppo_vector_canonical seed=830 iteration=170/200 episodes=2040 difficulty=1.000 loss=0.00837 wall=1985.2s
[spatial train] ppo_vector_canonical seed=831 iteration=117/200 episodes=1404 difficulty=1.000 loss=-0.01592 wall=1985.6s
[spatial train] ppo_ontology_rgat seed=828 iteration=94/200 episodes=1128 difficulty=1.000 loss=0.01773 wall=1987.9s
[spatial train] ppo_ontology_rgat seed=830 iteration=58/200 episodes=696 difficulty=1.000 loss=0.06064 wall=1988.3s
[spatial train] ppo_vector_canonical seed=830 iteration=171/200 episodes=2052 difficulty=1.000 loss=0.01026 wall=1991.0s
[spatial train] ppo_vector_canonical seed=829 iteration=126/200 episodes=1512 difficulty=1.000 loss=0.02137 wall=1991.0s
[spatial train] ppo_vector_canonical seed=831 iteration=118/200 episodes=1416 difficulty=1.000 loss=0.03024 wall=1991.4s
[spatial train] ppo_ontology_rgat seed=829 iteration=81/200 episodes=972 difficulty=1.000 loss=0.02468 wall=1995.6s
[spatial train] ppo_vector_canonical seed=830 iteration=172/200 episodes=2064 difficulty=1.000 loss=0.01054 wall=1997.4s
[spatial train] ppo_vector_canonical seed=829 iteration=127/200 episodes=1524 difficulty=1.000 loss=0.01400 wall=1997.6s
[spatial train] ppo_vector_canonical seed=831 iteration=119/200 episodes=1428 difficulty=1.000 loss=0.00417 wall=1997.7s
[spatial train] ppo_ontology_rgat seed=830 iteration=59/200 episodes=708 difficulty=1.000 loss=0.01927 wall=1999.0s
[spatial train] ppo_vector_canonical seed=829 iteration=128/200 episodes=1536 difficulty=1.000 loss=0.00425 wall=2001.5s
[spatial train] ppo_vector_canonical seed=830 iteration=173/200 episodes=2076 difficulty=1.000 loss=0.00894 wall=2004.0s
[spatial train] ppo_vector_canonical seed=831 iteration=120/200 episodes=1440 difficulty=1.000 loss=0.00954 wall=2006.1s
[spatial train] ppo_ontology_rgat seed=829 iteration=82/200 episodes=984 difficulty=1.000 loss=0.03500 wall=2007.2s
[spatial train] ppo_semantic_flat seed=829 iteration=116/200 episodes=1392 difficulty=1.000 loss=0.02458 wall=2008.6s
[spatial train] ppo_vector_canonical seed=829 iteration=129/200 episodes=1548 difficulty=1.000 loss=0.01282 wall=2009.9s
[spatial train] ppo_vector_canonical seed=828 iteration=69/200 episodes=828 difficulty=1.000 loss=0.01925 wall=2011.2s
[spatial train] ppo_vector_canonical seed=831 iteration=121/200 episodes=1452 difficulty=1.000 loss=0.00695 wall=2012.7s
[spatial train] ppo_vector_canonical seed=829 iteration=130/200 episodes=1560 difficulty=1.000 loss=0.00264 wall=2015.0s
[spatial train] ppo_vector_canonical seed=831 iteration=122/200 episodes=1464 difficulty=1.000 loss=0.01031 wall=2018.0s
[spatial train] ppo_vector_canonical seed=830 iteration=174/200 episodes=2088 difficulty=1.000 loss=0.01204 wall=2018.9s
[spatial train] ppo_vector_canonical seed=829 iteration=131/200 episodes=1572 difficulty=1.000 loss=-0.00205 wall=2020.0s
[spatial train] ppo_ontology_rgat seed=828 iteration=95/200 episodes=1140 difficulty=1.000 loss=-0.04419 wall=2020.8s
[spatial train] ppo_vector_canonical seed=828 iteration=70/200 episodes=840 difficulty=1.000 loss=0.01340 wall=2022.9s
[spatial train] ppo_ontology_rgat seed=830 iteration=60/200 episodes=720 difficulty=1.000 loss=0.00771 wall=2023.5s
[spatial train] ppo_semantic_flat seed=828 iteration=104/200 episodes=1248 difficulty=1.000 loss=-0.00340 wall=2026.2s
[spatial train] ppo_vector_canonical seed=831 iteration=123/200 episodes=1476 difficulty=1.000 loss=-0.00081 wall=2026.2s
[spatial train] ppo_ontology_rgat seed=829 iteration=83/200 episodes=996 difficulty=1.000 loss=0.02098 wall=2027.7s
[spatial train] ppo_vector_canonical seed=829 iteration=132/200 episodes=1584 difficulty=1.000 loss=0.02177 wall=2028.6s
[spatial train] ppo_ontology_rgat seed=830 iteration=61/200 episodes=732 difficulty=1.000 loss=-0.09005 wall=2030.3s
[spatial train] ppo_vector_canonical seed=830 iteration=175/200 episodes=2100 difficulty=1.000 loss=0.01572 wall=2031.1s
[spatial train] ppo_vector_canonical seed=831 iteration=124/200 episodes=1488 difficulty=1.000 loss=0.00556 wall=2031.5s
[spatial train] ppo_vector_canonical seed=828 iteration=71/200 episodes=852 difficulty=1.000 loss=0.04622 wall=2035.1s
[spatial train] ppo_vector_canonical seed=829 iteration=133/200 episodes=1596 difficulty=1.000 loss=0.01317 wall=2037.5s
[spatial train] ppo_vector_canonical seed=830 iteration=176/200 episodes=2112 difficulty=1.000 loss=0.00103 wall=2037.7s
[spatial train] ppo_ontology_rgat seed=828 iteration=96/200 episodes=1152 difficulty=1.000 loss=0.02026 wall=2038.2s
[spatial train] ppo_vector_canonical seed=831 iteration=125/200 episodes=1500 difficulty=1.000 loss=0.02329 wall=2037.8s
[spatial train] ppo_vector_canonical seed=831 iteration=126/200 episodes=1512 difficulty=1.000 loss=-0.00530 wall=2042.8s
[spatial train] ppo_semantic_flat seed=830 iteration=160/200 episodes=1920 difficulty=1.000 loss=0.02008 wall=2044.5s
[spatial train] ppo_vector_canonical seed=830 iteration=177/200 episodes=2124 difficulty=1.000 loss=0.00610 wall=2046.7s
[spatial train] ppo_semantic_flat seed=829 iteration=117/200 episodes=1404 difficulty=1.000 loss=0.02202 wall=2046.8s
[spatial train] ppo_vector_canonical seed=831 iteration=127/200 episodes=1524 difficulty=1.000 loss=0.02290 wall=2049.9s
[spatial train] ppo_ontology_rgat seed=830 iteration=62/200 episodes=744 difficulty=1.000 loss=-0.00829 wall=2050.6s
[spatial train] ppo_vector_canonical seed=828 iteration=72/200 episodes=864 difficulty=1.000 loss=0.02009 wall=2051.8s
[spatial train] ppo_ontology_rgat seed=828 iteration=97/200 episodes=1164 difficulty=1.000 loss=0.09836 wall=2053.0s
[spatial train] ppo_vector_canonical seed=830 iteration=178/200 episodes=2136 difficulty=1.000 loss=0.01663 wall=2054.9s
[spatial train] ppo_vector_canonical seed=831 iteration=128/200 episodes=1536 difficulty=1.000 loss=0.02286 wall=2056.8s
[spatial train] ppo_semantic_flat seed=829 iteration=118/200 episodes=1416 difficulty=1.000 loss=0.02569 wall=2058.3s
[spatial train] ppo_ontology_rgat seed=830 iteration=63/200 episodes=756 difficulty=1.000 loss=0.05338 wall=2058.3s
[spatial train] ppo_vector_canonical seed=829 iteration=134/200 episodes=1608 difficulty=1.000 loss=-0.03399 wall=2058.4s
[spatial train] ppo_vector_canonical seed=830 iteration=179/200 episodes=2148 difficulty=1.000 loss=0.01279 wall=2060.9s
[spatial train] ppo_vector_canonical seed=828 iteration=73/200 episodes=876 difficulty=1.000 loss=0.00984 wall=2061.6s
[spatial train] ppo_ontology_rgat seed=829 iteration=84/200 episodes=1008 difficulty=1.000 loss=0.03776 wall=2064.7s
[spatial train] ppo_vector_canonical seed=831 iteration=129/200 episodes=1548 difficulty=1.000 loss=0.00541 wall=2067.7s
[spatial train] ppo_semantic_flat seed=829 iteration=119/200 episodes=1428 difficulty=1.000 loss=0.07831 wall=2069.9s
[spatial train] ppo_ontology_rgat seed=830 iteration=64/200 episodes=768 difficulty=1.000 loss=0.05368 wall=2071.9s
[spatial train] ppo_vector_canonical seed=830 iteration=180/200 episodes=2160 difficulty=1.000 loss=0.01698 wall=2072.8s
[spatial train] ppo_ontology_rgat seed=828 iteration=98/200 episodes=1176 difficulty=1.000 loss=0.08044 wall=2077.7s
[spatial train] ppo_vector_canonical seed=831 iteration=130/200 episodes=1560 difficulty=1.000 loss=0.00679 wall=2077.7s
[spatial train] ppo_vector_canonical seed=830 iteration=181/200 episodes=2172 difficulty=1.000 loss=0.02068 wall=2081.1s
[spatial train] ppo_vector_canonical seed=828 iteration=74/200 episodes=888 difficulty=1.000 loss=0.02552 wall=2083.6s
[spatial train] ppo_ontology_rgat seed=829 iteration=85/200 episodes=1020 difficulty=1.000 loss=-0.01092 wall=2085.1s
[spatial train] ppo_vector_canonical seed=831 iteration=131/200 episodes=1572 difficulty=1.000 loss=0.01917 wall=2085.0s
[spatial train] ppo_semantic_flat seed=828 iteration=105/200 episodes=1260 difficulty=1.000 loss=0.00221 wall=2088.2s
[spatial train] ppo_vector_canonical seed=830 iteration=182/200 episodes=2184 difficulty=1.000 loss=-0.01283 wall=2089.1s
[spatial train] ppo_vector_canonical seed=831 iteration=132/200 episodes=1584 difficulty=1.000 loss=0.00606 wall=2090.0s
[spatial train] ppo_ontology_rgat seed=830 iteration=65/200 episodes=780 difficulty=1.000 loss=0.03794 wall=2092.4s
[spatial train] ppo_vector_canonical seed=828 iteration=75/200 episodes=900 difficulty=1.000 loss=-0.02810 wall=2094.1s
[spatial train] ppo_vector_canonical seed=829 iteration=135/200 episodes=1620 difficulty=1.000 loss=0.01392 wall=2095.5s
[spatial train] ppo_vector_canonical seed=831 iteration=133/200 episodes=1596 difficulty=1.000 loss=0.03878 wall=2097.7s
[spatial train] ppo_ontology_rgat seed=829 iteration=86/200 episodes=1032 difficulty=1.000 loss=0.02842 wall=2098.7s
[spatial train] ppo_vector_canonical seed=830 iteration=183/200 episodes=2196 difficulty=1.000 loss=0.01746 wall=2099.1s
[spatial train] ppo_semantic_flat seed=829 iteration=120/200 episodes=1440 difficulty=1.000 loss=-0.06879 wall=2101.1s
[spatial train] ppo_vector_canonical seed=828 iteration=76/200 episodes=912 difficulty=1.000 loss=-0.02778 wall=2104.8s
[spatial train] ppo_vector_canonical seed=831 iteration=134/200 episodes=1608 difficulty=1.000 loss=0.03600 wall=2105.9s
[spatial train] ppo_vector_canonical seed=830 iteration=184/200 episodes=2208 difficulty=1.000 loss=0.02081 wall=2107.1s
[spatial train] ppo_semantic_flat seed=830 iteration=161/200 episodes=1932 difficulty=1.000 loss=0.01249 wall=2107.8s
[spatial train] ppo_semantic_flat seed=829 iteration=121/200 episodes=1452 difficulty=1.000 loss=0.03759 wall=2109.1s
[spatial train] ppo_ontology_rgat seed=828 iteration=99/200 episodes=1188 difficulty=1.000 loss=0.09755 wall=2109.2s
[spatial train] ppo_ontology_rgat seed=830 iteration=66/200 episodes=792 difficulty=1.000 loss=0.01579 wall=2110.0s
[spatial train] ppo_vector_canonical seed=830 iteration=185/200 episodes=2220 difficulty=1.000 loss=0.01154 wall=2114.8s
[spatial train] ppo_semantic_flat seed=829 iteration=122/200 episodes=1464 difficulty=1.000 loss=0.00792 wall=2115.5s
[spatial train] ppo_vector_canonical seed=831 iteration=135/200 episodes=1620 difficulty=1.000 loss=0.03866 wall=2115.3s
[spatial train] ppo_vector_canonical seed=830 iteration=186/200 episodes=2232 difficulty=1.000 loss=0.00671 wall=2123.0s
[spatial train] ppo_semantic_flat seed=829 iteration=123/200 episodes=1476 difficulty=1.000 loss=0.05081 wall=2123.6s
[spatial train] ppo_vector_canonical seed=828 iteration=77/200 episodes=924 difficulty=1.000 loss=-0.00762 wall=2128.4s
[spatial train] ppo_ontology_rgat seed=829 iteration=87/200 episodes=1044 difficulty=1.000 loss=0.02387 wall=2129.4s
[spatial train] ppo_ontology_rgat seed=830 iteration=67/200 episodes=804 difficulty=1.000 loss=0.02032 wall=2129.7s
[spatial train] ppo_semantic_flat seed=829 iteration=124/200 episodes=1488 difficulty=1.000 loss=0.00951 wall=2130.3s
[spatial train] ppo_vector_canonical seed=830 iteration=187/200 episodes=2244 difficulty=1.000 loss=0.03114 wall=2132.4s
[spatial train] ppo_vector_canonical seed=831 iteration=136/200 episodes=1632 difficulty=1.000 loss=0.01238 wall=2136.0s
[spatial train] ppo_semantic_flat seed=829 iteration=125/200 episodes=1500 difficulty=1.000 loss=0.04090 wall=2136.7s
[spatial train] ppo_semantic_flat seed=828 iteration=106/200 episodes=1272 difficulty=1.000 loss=0.01187 wall=2140.8s
[spatial train] ppo_vector_canonical seed=830 iteration=188/200 episodes=2256 difficulty=1.000 loss=0.01858 wall=2142.1s
[spatial train] ppo_vector_canonical seed=828 iteration=78/200 episodes=936 difficulty=1.000 loss=0.02203 wall=2143.8s
[spatial train] ppo_vector_canonical seed=831 iteration=137/200 episodes=1644 difficulty=1.000 loss=0.01078 wall=2144.9s
[spatial train] ppo_vector_canonical seed=829 iteration=136/200 episodes=1632 difficulty=1.000 loss=0.00874 wall=2145.2s
[spatial train] ppo_ontology_rgat seed=828 iteration=100/200 episodes=1200 difficulty=1.000 loss=-0.04538 wall=2146.0s
[spatial train] ppo_semantic_flat seed=829 iteration=126/200 episodes=1512 difficulty=1.000 loss=0.00150 wall=2146.3s
[spatial train] ppo_ontology_rgat seed=830 iteration=68/200 episodes=816 difficulty=1.000 loss=0.08818 wall=2148.0s
[spatial train] ppo_vector_canonical seed=830 iteration=189/200 episodes=2268 difficulty=1.000 loss=0.04159 wall=2149.6s
[spatial train] ppo_vector_canonical seed=831 iteration=138/200 episodes=1656 difficulty=1.000 loss=0.02424 wall=2149.6s
[spatial train] ppo_ontology_rgat seed=829 iteration=88/200 episodes=1056 difficulty=1.000 loss=0.00606 wall=2152.2s
[spatial train] ppo_ontology_rgat seed=830 iteration=69/200 episodes=828 difficulty=1.000 loss=0.00850 wall=2155.8s
[spatial train] ppo_vector_canonical seed=830 iteration=190/200 episodes=2280 difficulty=1.000 loss=0.01509 wall=2156.5s
[spatial train] ppo_semantic_flat seed=829 iteration=127/200 episodes=1524 difficulty=1.000 loss=0.01715 wall=2159.3s
[spatial train] ppo_vector_canonical seed=831 iteration=139/200 episodes=1668 difficulty=1.000 loss=0.01627 wall=2160.2s
[spatial train] ppo_vector_canonical seed=828 iteration=79/200 episodes=948 difficulty=1.000 loss=0.02800 wall=2160.8s
[spatial train] ppo_vector_canonical seed=830 iteration=191/200 episodes=2292 difficulty=1.000 loss=0.00126 wall=2163.4s
[spatial train] ppo_vector_canonical seed=830 iteration=192/200 episodes=2304 difficulty=1.000 loss=0.03833 wall=2168.7s
[spatial train] ppo_ontology_rgat seed=830 iteration=70/200 episodes=840 difficulty=1.000 loss=-0.00404 wall=2168.6s
[spatial train] ppo_semantic_flat seed=829 iteration=128/200 episodes=1536 difficulty=1.000 loss=0.00762 wall=2169.0s
[spatial train] ppo_vector_canonical seed=831 iteration=140/200 episodes=1680 difficulty=1.000 loss=0.01429 wall=2169.6s
[spatial train] ppo_semantic_flat seed=830 iteration=162/200 episodes=1944 difficulty=1.000 loss=0.00880 wall=2173.0s
[spatial train] ppo_vector_canonical seed=830 iteration=193/200 episodes=2316 difficulty=1.000 loss=0.01446 wall=2176.2s
[spatial train] ppo_vector_canonical seed=828 iteration=80/200 episodes=960 difficulty=1.000 loss=-0.02354 wall=2177.6s
[spatial train] ppo_ontology_rgat seed=829 iteration=89/200 episodes=1068 difficulty=1.000 loss=0.02213 wall=2178.4s
[spatial train] ppo_semantic_flat seed=829 iteration=129/200 episodes=1548 difficulty=1.000 loss=0.04450 wall=2180.1s
[spatial train] ppo_vector_canonical seed=831 iteration=141/200 episodes=1692 difficulty=1.000 loss=0.02349 wall=2180.3s
[spatial train] ppo_ontology_rgat seed=830 iteration=71/200 episodes=852 difficulty=1.000 loss=0.04807 wall=2183.2s
[spatial train] ppo_vector_canonical seed=830 iteration=194/200 episodes=2328 difficulty=1.000 loss=-0.02145 wall=2183.7s
[spatial train] ppo_ontology_rgat seed=828 iteration=101/200 episodes=1212 difficulty=1.000 loss=0.03050 wall=2184.4s
[spatial train] ppo_semantic_flat seed=829 iteration=130/200 episodes=1560 difficulty=1.000 loss=0.02743 wall=2185.6s
[spatial train] ppo_semantic_flat seed=829 iteration=131/200 episodes=1572 difficulty=1.000 loss=0.00216 wall=2190.1s
[spatial train] ppo_semantic_flat seed=828 iteration=107/200 episodes=1284 difficulty=1.000 loss=0.06600 wall=2190.9s
[spatial train] ppo_vector_canonical seed=829 iteration=137/200 episodes=1644 difficulty=1.000 loss=0.01940 wall=2191.0s
[spatial train] ppo_vector_canonical seed=830 iteration=195/200 episodes=2340 difficulty=1.000 loss=0.01475 wall=2194.5s
[spatial train] ppo_ontology_rgat seed=830 iteration=72/200 episodes=864 difficulty=1.000 loss=0.02140 wall=2195.0s
[spatial train] ppo_semantic_flat seed=829 iteration=132/200 episodes=1584 difficulty=1.000 loss=0.01855 wall=2196.0s
[spatial train] ppo_ontology_rgat seed=829 iteration=90/200 episodes=1080 difficulty=1.000 loss=0.10329 wall=2197.0s
[spatial train] ppo_vector_canonical seed=830 iteration=196/200 episodes=2352 difficulty=1.000 loss=0.02712 wall=2200.5s
[spatial train] ppo_semantic_flat seed=829 iteration=133/200 episodes=1596 difficulty=1.000 loss=0.03158 wall=2201.7s
[spatial train] ppo_vector_canonical seed=830 iteration=197/200 episodes=2364 difficulty=1.000 loss=0.02296 wall=2205.8s
[spatial train] ppo_vector_canonical seed=828 iteration=81/200 episodes=972 difficulty=1.000 loss=0.01785 wall=2207.0s
[spatial train] ppo_vector_canonical seed=831 iteration=142/200 episodes=1704 difficulty=1.000 loss=0.01571 wall=2207.3s
[spatial train] ppo_ontology_rgat seed=828 iteration=102/200 episodes=1224 difficulty=1.000 loss=0.01723 wall=2208.1s
[spatial train] ppo_ontology_rgat seed=830 iteration=73/200 episodes=876 difficulty=1.000 loss=0.01865 wall=2208.5s
[spatial train] ppo_vector_canonical seed=830 iteration=198/200 episodes=2376 difficulty=1.000 loss=0.00563 wall=2212.3s
[spatial train] ppo_vector_canonical seed=831 iteration=143/200 episodes=1716 difficulty=1.000 loss=0.01547 wall=2212.4s
[spatial train] ppo_semantic_flat seed=830 iteration=163/200 episodes=1956 difficulty=1.000 loss=0.06796 wall=2213.9s
[spatial train] ppo_semantic_flat seed=829 iteration=134/200 episodes=1608 difficulty=1.000 loss=0.01581 wall=2216.2s
[spatial train] ppo_vector_canonical seed=830 iteration=199/200 episodes=2388 difficulty=1.000 loss=0.01348 wall=2220.9s
[spatial train] ppo_ontology_rgat seed=829 iteration=91/200 episodes=1092 difficulty=1.000 loss=0.02632 wall=2221.7s
[spatial train] ppo_semantic_flat seed=829 iteration=135/200 episodes=1620 difficulty=1.000 loss=0.04871 wall=2222.8s
[spatial train] ppo_ontology_rgat seed=830 iteration=74/200 episodes=888 difficulty=1.000 loss=0.00960 wall=2223.3s
[spatial train] ppo_vector_canonical seed=831 iteration=144/200 episodes=1728 difficulty=1.000 loss=0.01931 wall=2225.1s
[spatial train] ppo_ontology_rgat seed=828 iteration=103/200 episodes=1236 difficulty=1.000 loss=0.01875 wall=2226.2s
[spatial train] ppo_vector_canonical seed=830 iteration=200/200 episodes=2400 difficulty=1.000 loss=0.01231 wall=2231.2s
[spatial train] ppo_semantic_flat seed=829 iteration=136/200 episodes=1632 difficulty=1.000 loss=0.01363 wall=2233.3s
[spatial train] ppo_ontology_rgat seed=829 iteration=92/200 episodes=1104 difficulty=1.000 loss=0.01274 wall=2233.1s
[spatial train] ppo_vector_canonical seed=828 iteration=82/200 episodes=984 difficulty=1.000 loss=0.01712 wall=2235.6s
[spatial train] ppo_ontology_rgat seed=830 iteration=75/200 episodes=900 difficulty=1.000 loss=0.00860 wall=2236.5s
[spatial train] ppo_vector_canonical seed=831 iteration=145/200 episodes=1740 difficulty=1.000 loss=0.01270 wall=2237.6s
[spatial train] ppo_vector_canonical seed=829 iteration=138/200 episodes=1656 difficulty=1.000 loss=-0.00011 wall=2241.2s
[spatial train] ppo_semantic_flat seed=829 iteration=137/200 episodes=1644 difficulty=1.000 loss=0.00724 wall=2242.9s
[spatial train] ppo_ontology_rgat seed=830 iteration=76/200 episodes=912 difficulty=1.000 loss=0.01676 wall=2245.1s
[spatial train] ppo_vector_canonical seed=831 iteration=146/200 episodes=1752 difficulty=1.000 loss=0.01678 wall=2245.9s
[spatial train] ppo_semantic_flat seed=830 iteration=164/200 episodes=1968 difficulty=1.000 loss=-0.03237 wall=2246.4s
[spatial train] ppo_semantic_flat seed=829 iteration=138/200 episodes=1656 difficulty=1.000 loss=-0.00337 wall=2250.4s
[spatial train] ppo_vector_canonical seed=828 iteration=83/200 episodes=996 difficulty=1.000 loss=0.00538 wall=2253.8s
[spatial train] ppo_semantic_flat seed=829 iteration=139/200 episodes=1668 difficulty=1.000 loss=0.03631 wall=2255.9s
[spatial train] ppo_ontology_rgat seed=829 iteration=93/200 episodes=1116 difficulty=1.000 loss=0.01928 wall=2256.3s
[spatial train] ppo_vector_canonical seed=831 iteration=147/200 episodes=1764 difficulty=1.000 loss=-0.08351 wall=2256.2s
[spatial train] ppo_semantic_flat seed=828 iteration=108/200 episodes=1296 difficulty=1.000 loss=0.00410 wall=2258.0s
[spatial train] ppo_ontology_rgat seed=828 iteration=104/200 episodes=1248 difficulty=1.000 loss=0.02243 wall=2260.0s
[spatial train] ppo_vector_canonical seed=831 iteration=148/200 episodes=1776 difficulty=1.000 loss=-0.02352 wall=2264.2s
[spatial train] ppo_ontology_rgat seed=830 iteration=77/200 episodes=924 difficulty=1.000 loss=0.02337 wall=2269.6s
[spatial train] ppo_ontology_rgat seed=829 iteration=94/200 episodes=1128 difficulty=1.000 loss=0.01613 wall=2272.5s
[spatial train] ppo_vector_canonical seed=828 iteration=84/200 episodes=1008 difficulty=1.000 loss=-0.00080 wall=2275.5s
[spatial train] ppo_semantic_flat seed=829 iteration=140/200 episodes=1680 difficulty=1.000 loss=0.00018 wall=2275.7s
[spatial train] ppo_semantic_flat seed=831 iteration=1/200 episodes=12 difficulty=0.000 loss=-0.00239 wall=45.9s
[spatial train] ppo_vector_canonical seed=831 iteration=149/200 episodes=1788 difficulty=1.000 loss=0.01817 wall=2280.1s
[spatial train] ppo_ontology_rgat seed=829 iteration=95/200 episodes=1140 difficulty=1.000 loss=0.00812 wall=2281.3s
[spatial train] ppo_ontology_rgat seed=828 iteration=105/200 episodes=1260 difficulty=1.000 loss=0.03389 wall=2282.1s
[spatial train] ppo_ontology_rgat seed=830 iteration=78/200 episodes=936 difficulty=1.000 loss=0.03130 wall=2282.0s
[spatial train] ppo_semantic_flat seed=829 iteration=141/200 episodes=1692 difficulty=1.000 loss=0.01640 wall=2283.4s
[spatial train] ppo_vector_canonical seed=829 iteration=139/200 episodes=1668 difficulty=1.000 loss=0.04232 wall=2289.5s
[spatial train] ppo_vector_canonical seed=831 iteration=150/200 episodes=1800 difficulty=1.000 loss=0.01124 wall=2289.5s
[spatial train] ppo_semantic_flat seed=829 iteration=142/200 episodes=1704 difficulty=1.000 loss=0.00983 wall=2291.7s
[spatial train] ppo_ontology_rgat seed=830 iteration=79/200 episodes=948 difficulty=1.000 loss=-0.00122 wall=2293.5s
[spatial train] ppo_ontology_rgat seed=828 iteration=106/200 episodes=1272 difficulty=1.000 loss=0.02562 wall=2296.2s
[spatial train] ppo_ontology_rgat seed=829 iteration=96/200 episodes=1152 difficulty=1.000 loss=-0.03834 wall=2296.3s
[spatial train] ppo_vector_canonical seed=831 iteration=151/200 episodes=1812 difficulty=1.000 loss=0.02047 wall=2300.6s
[spatial train] ppo_semantic_flat seed=829 iteration=143/200 episodes=1716 difficulty=1.000 loss=0.01989 wall=2306.9s
[spatial train] ppo_ontology_rgat seed=828 iteration=107/200 episodes=1284 difficulty=1.000 loss=0.01419 wall=2307.0s
[spatial train] ppo_semantic_flat seed=830 iteration=165/200 episodes=1980 difficulty=1.000 loss=-0.05318 wall=2307.6s
[spatial train] ppo_vector_canonical seed=831 iteration=152/200 episodes=1824 difficulty=1.000 loss=0.01497 wall=2310.0s
[spatial train] ppo_ontology_rgat seed=830 iteration=80/200 episodes=960 difficulty=1.000 loss=0.02301 wall=2312.7s
[spatial train] ppo_ontology_rgat seed=829 iteration=97/200 episodes=1164 difficulty=1.000 loss=0.01636 wall=2312.6s
[spatial train] ppo_semantic_flat seed=829 iteration=144/200 episodes=1728 difficulty=1.000 loss=0.01796 wall=2320.3s
[spatial train] ppo_ontology_rgat seed=828 iteration=108/200 episodes=1296 difficulty=1.000 loss=0.01303 wall=2320.7s
[spatial train] ppo_semantic_flat seed=831 iteration=2/200 episodes=24 difficulty=0.000 loss=0.00209 wall=90.6s
[spatial train] ppo_vector_canonical seed=831 iteration=153/200 episodes=1836 difficulty=1.000 loss=0.01549 wall=2324.5s
[spatial train] ppo_ontology_rgat seed=829 iteration=98/200 episodes=1176 difficulty=1.000 loss=0.02858 wall=2325.1s
[spatial train] ppo_semantic_flat seed=828 iteration=109/200 episodes=1308 difficulty=1.000 loss=0.00469 wall=2326.2s
[spatial train] ppo_vector_canonical seed=828 iteration=85/200 episodes=1020 difficulty=1.000 loss=0.01579 wall=2326.8s
[spatial train] ppo_ontology_rgat seed=830 iteration=81/200 episodes=972 difficulty=1.000 loss=0.01563 wall=2328.4s
[spatial train] ppo_ontology_rgat seed=828 iteration=109/200 episodes=1308 difficulty=1.000 loss=0.00161 wall=2335.0s
[spatial train] ppo_ontology_rgat seed=829 iteration=99/200 episodes=1188 difficulty=1.000 loss=0.01453 wall=2336.4s
[spatial train] ppo_ontology_rgat seed=830 iteration=82/200 episodes=984 difficulty=1.000 loss=0.08205 wall=2338.8s
[spatial train] ppo_semantic_flat seed=830 iteration=166/200 episodes=1992 difficulty=1.000 loss=-0.01496 wall=2339.0s
[spatial train] ppo_vector_canonical seed=831 iteration=154/200 episodes=1848 difficulty=1.000 loss=0.01498 wall=2341.6s
[spatial train] ppo_ontology_rgat seed=828 iteration=110/200 episodes=1320 difficulty=1.000 loss=0.00562 wall=2345.0s
[spatial train] ppo_semantic_flat seed=829 iteration=145/200 episodes=1740 difficulty=1.000 loss=0.11018 wall=2346.5s
[spatial train] ppo_ontology_rgat seed=830 iteration=83/200 episodes=996 difficulty=1.000 loss=0.02254 wall=2350.3s
[spatial train] ppo_ontology_rgat seed=828 iteration=111/200 episodes=1332 difficulty=1.000 loss=-0.02005 wall=2356.8s
[spatial train] ppo_vector_canonical seed=828 iteration=86/200 episodes=1032 difficulty=1.000 loss=0.02202 wall=2357.5s
[spatial train] ppo_semantic_flat seed=828 iteration=110/200 episodes=1320 difficulty=1.000 loss=0.01805 wall=2357.7s
[spatial train] ppo_semantic_flat seed=829 iteration=146/200 episodes=1752 difficulty=1.000 loss=0.01612 wall=2358.2s
[spatial train] ppo_ontology_rgat seed=830 iteration=84/200 episodes=1008 difficulty=1.000 loss=-0.08398 wall=2358.9s
[spatial train] ppo_ontology_rgat seed=829 iteration=100/200 episodes=1200 difficulty=1.000 loss=0.01278 wall=2365.2s
[spatial train] ppo_semantic_flat seed=829 iteration=147/200 episodes=1764 difficulty=1.000 loss=-0.00952 wall=2366.2s
[spatial train] ppo_semantic_flat seed=831 iteration=3/200 episodes=36 difficulty=0.000 loss=0.00000 wall=135.1s
[spatial train] ppo_ontology_rgat seed=830 iteration=85/200 episodes=1020 difficulty=1.000 loss=0.03129 wall=2367.6s
[spatial train] ppo_ontology_rgat seed=828 iteration=112/200 episodes=1344 difficulty=1.000 loss=0.01840 wall=2367.9s
[spatial train] ppo_vector_canonical seed=829 iteration=140/200 episodes=1680 difficulty=1.000 loss=0.01473 wall=2367.8s
[spatial train] ppo_vector_canonical seed=831 iteration=155/200 episodes=1860 difficulty=1.000 loss=-0.03938 wall=2370.3s
[spatial train] ppo_ontology_rgat seed=830 iteration=86/200 episodes=1032 difficulty=1.000 loss=0.02990 wall=2375.2s
[spatial train] ppo_semantic_flat seed=829 iteration=148/200 episodes=1776 difficulty=1.000 loss=0.01401 wall=2376.6s
[spatial train] ppo_semantic_flat seed=831 iteration=4/200 episodes=48 difficulty=0.000 loss=0.00000 wall=147.6s
[spatial train] ppo_vector_canonical seed=828 iteration=87/200 episodes=1044 difficulty=1.000 loss=0.02272 wall=2379.2s
[spatial train] ppo_semantic_flat seed=829 iteration=149/200 episodes=1788 difficulty=1.000 loss=0.00735 wall=2381.1s
[spatial train] ppo_semantic_flat seed=831 iteration=5/200 episodes=60 difficulty=0.000 loss=0.00000 wall=152.1s
[spatial train] ppo_ontology_rgat seed=830 iteration=87/200 episodes=1044 difficulty=1.000 loss=0.01135 wall=2385.4s
[spatial train] ppo_semantic_flat seed=830 iteration=167/200 episodes=2004 difficulty=1.000 loss=0.05434 wall=2387.6s
[spatial train] ppo_semantic_flat seed=831 iteration=6/200 episodes=72 difficulty=0.100 loss=0.00000 wall=157.3s
[spatial train] ppo_ontology_rgat seed=829 iteration=101/200 episodes=1212 difficulty=1.000 loss=0.02180 wall=2389.7s
[spatial train] ppo_ontology_rgat seed=828 iteration=113/200 episodes=1356 difficulty=1.000 loss=0.01670 wall=2392.0s
[spatial train] ppo_semantic_flat seed=829 iteration=150/200 episodes=1800 difficulty=1.000 loss=0.01469 wall=2392.1s
[spatial train] ppo_vector_canonical seed=829 iteration=141/200 episodes=1692 difficulty=1.000 loss=0.02738 wall=2393.5s
[spatial train] ppo_semantic_flat seed=831 iteration=7/200 episodes=84 difficulty=0.100 loss=0.00000 wall=164.6s
[spatial train] ppo_vector_canonical seed=828 iteration=88/200 episodes=1056 difficulty=1.000 loss=0.01902 wall=2397.3s
[spatial train] ppo_ontology_rgat seed=830 iteration=88/200 episodes=1056 difficulty=1.000 loss=0.05123 wall=2400.5s
[spatial train] ppo_vector_canonical seed=831 iteration=156/200 episodes=1872 difficulty=1.000 loss=0.02602 wall=2401.5s
[spatial train] ppo_vector_canonical seed=829 iteration=142/200 episodes=1704 difficulty=1.000 loss=0.00884 wall=2403.4s
[spatial train] ppo_ontology_rgat seed=829 iteration=102/200 episodes=1224 difficulty=1.000 loss=0.01233 wall=2407.3s
[spatial train] ppo_semantic_flat seed=829 iteration=151/200 episodes=1812 difficulty=1.000 loss=-0.00282 wall=2408.4s
[spatial train] ppo_ontology_rgat seed=830 iteration=89/200 episodes=1068 difficulty=1.000 loss=0.05502 wall=2413.6s
[spatial train] ppo_vector_canonical seed=831 iteration=157/200 episodes=1884 difficulty=1.000 loss=0.02189 wall=2415.6s
[spatial train] ppo_vector_canonical seed=828 iteration=89/200 episodes=1068 difficulty=1.000 loss=-0.00660 wall=2416.7s
[spatial train] ppo_semantic_flat seed=828 iteration=111/200 episodes=1332 difficulty=1.000 loss=0.01731 wall=2418.0s
[spatial train] ppo_vector_canonical seed=829 iteration=143/200 episodes=1716 difficulty=1.000 loss=0.01029 wall=2418.8s
[spatial train] ppo_semantic_flat seed=829 iteration=152/200 episodes=1824 difficulty=1.000 loss=0.02950 wall=2421.0s
[spatial train] ppo_ontology_rgat seed=829 iteration=103/200 episodes=1236 difficulty=1.000 loss=0.03131 wall=2425.6s
[spatial train] ppo_ontology_rgat seed=830 iteration=90/200 episodes=1080 difficulty=1.000 loss=0.05286 wall=2425.9s
[spatial train] ppo_vector_canonical seed=829 iteration=144/200 episodes=1728 difficulty=1.000 loss=0.01295 wall=2427.2s
[spatial train] ppo_semantic_flat seed=829 iteration=153/200 episodes=1836 difficulty=1.000 loss=0.00842 wall=2431.1s
[spatial train] ppo_semantic_flat seed=831 iteration=8/200 episodes=96 difficulty=0.200 loss=0.00172 wall=199.7s
[spatial train] ppo_vector_canonical seed=831 iteration=158/200 episodes=1896 difficulty=1.000 loss=0.02080 wall=2431.6s
[spatial train] ppo_semantic_flat seed=830 iteration=168/200 episodes=2016 difficulty=1.000 loss=0.02572 wall=2432.6s
[spatial train] ppo_ontology_rgat seed=828 iteration=114/200 episodes=1368 difficulty=1.000 loss=0.02955 wall=2433.2s
[spatial train] ppo_ontology_rgat seed=830 iteration=91/200 episodes=1092 difficulty=1.000 loss=0.02544 wall=2436.1s
[spatial train] ppo_vector_canonical seed=829 iteration=145/200 episodes=1740 difficulty=1.000 loss=0.02517 wall=2437.8s
[spatial train] ppo_vector_canonical seed=831 iteration=159/200 episodes=1908 difficulty=1.000 loss=0.01461 wall=2440.7s
[spatial train] ppo_semantic_flat seed=831 iteration=9/200 episodes=108 difficulty=0.200 loss=0.00037 wall=210.1s
[spatial train] ppo_vector_canonical seed=829 iteration=146/200 episodes=1752 difficulty=1.000 loss=-0.00331 wall=2446.3s
[spatial train] ppo_vector_canonical seed=828 iteration=90/200 episodes=1080 difficulty=1.000 loss=0.01654 wall=2447.3s
[spatial train] ppo_ontology_rgat seed=830 iteration=92/200 episodes=1104 difficulty=1.000 loss=0.02024 wall=2447.6s
[spatial train] ppo_semantic_flat seed=829 iteration=154/200 episodes=1848 difficulty=1.000 loss=0.01808 wall=2448.8s
[spatial train] ppo_vector_canonical seed=829 iteration=147/200 episodes=1764 difficulty=1.000 loss=0.02916 wall=2451.6s
[spatial train] ppo_ontology_rgat seed=829 iteration=104/200 episodes=1248 difficulty=1.000 loss=-0.05250 wall=2452.1s
[spatial train] ppo_vector_canonical seed=829 iteration=148/200 episodes=1776 difficulty=1.000 loss=0.01496 wall=2457.6s
[spatial train] ppo_ontology_rgat seed=830 iteration=93/200 episodes=1116 difficulty=1.000 loss=0.00384 wall=2459.8s
[spatial train] ppo_semantic_flat seed=831 iteration=10/200 episodes=120 difficulty=0.300 loss=0.01448 wall=229.1s
[spatial train] ppo_semantic_flat seed=828 iteration=112/200 episodes=1344 difficulty=1.000 loss=0.00537 wall=2461.1s
[spatial train] ppo_vector_canonical seed=831 iteration=160/200 episodes=1920 difficulty=1.000 loss=0.02291 wall=2460.6s
[spatial train] ppo_vector_canonical seed=829 iteration=149/200 episodes=1788 difficulty=1.000 loss=0.01012 wall=2464.5s
[spatial train] ppo_vector_canonical seed=828 iteration=91/200 episodes=1092 difficulty=1.000 loss=0.01181 wall=2466.7s
[spatial train] ppo_semantic_flat seed=830 iteration=169/200 episodes=2028 difficulty=1.000 loss=0.01650 wall=2467.4s
[spatial train] ppo_vector_canonical seed=831 iteration=161/200 episodes=1932 difficulty=1.000 loss=0.00392 wall=2468.3s
[spatial train] ppo_semantic_flat seed=829 iteration=155/200 episodes=1860 difficulty=1.000 loss=0.02200 wall=2469.2s
[spatial train] ppo_ontology_rgat seed=830 iteration=94/200 episodes=1128 difficulty=1.000 loss=0.02708 wall=2470.3s
[spatial train] ppo_vector_canonical seed=829 iteration=150/200 episodes=1800 difficulty=1.000 loss=0.01242 wall=2473.1s
[spatial train] ppo_vector_canonical seed=831 iteration=162/200 episodes=1944 difficulty=1.000 loss=0.03151 wall=2475.3s
[spatial train] ppo_ontology_rgat seed=830 iteration=95/200 episodes=1140 difficulty=1.000 loss=0.00819 wall=2476.3s
[spatial train] ppo_vector_canonical seed=831 iteration=163/200 episodes=1956 difficulty=1.000 loss=0.01319 wall=2482.1s
[spatial train] ppo_semantic_flat seed=829 iteration=156/200 episodes=1872 difficulty=1.000 loss=0.01536 wall=2483.1s
[spatial train] ppo_semantic_flat seed=831 iteration=11/200 episodes=132 difficulty=0.300 loss=0.01993 wall=253.1s
[spatial train] ppo_vector_canonical seed=829 iteration=151/200 episodes=1812 difficulty=1.000 loss=0.02682 wall=2485.4s
[spatial train] ppo_vector_canonical seed=828 iteration=92/200 episodes=1104 difficulty=1.000 loss=0.03381 wall=2486.0s
[spatial train] ppo_ontology_rgat seed=830 iteration=96/200 episodes=1152 difficulty=1.000 loss=0.02030 wall=2489.3s
[spatial train] ppo_ontology_rgat seed=829 iteration=105/200 episodes=1260 difficulty=1.000 loss=0.02168 wall=2489.4s
[spatial train] ppo_vector_canonical seed=829 iteration=152/200 episodes=1824 difficulty=1.000 loss=0.01488 wall=2491.7s
[spatial train] ppo_semantic_flat seed=829 iteration=157/200 episodes=1884 difficulty=1.000 loss=-0.07624 wall=2493.3s
[spatial train] ppo_vector_canonical seed=828 iteration=93/200 episodes=1116 difficulty=1.000 loss=0.01667 wall=2493.7s
[spatial train] ppo_vector_canonical seed=831 iteration=164/200 episodes=1968 difficulty=1.000 loss=0.01881 wall=2499.0s
[spatial train] ppo_vector_canonical seed=829 iteration=153/200 episodes=1836 difficulty=1.000 loss=0.00725 wall=2500.0s
[spatial train] ppo_ontology_rgat seed=830 iteration=97/200 episodes=1164 difficulty=1.000 loss=0.01188 wall=2501.2s
[spatial train] ppo_semantic_flat seed=831 iteration=12/200 episodes=144 difficulty=0.300 loss=0.01430 wall=271.8s
[spatial train] ppo_vector_canonical seed=828 iteration=94/200 episodes=1128 difficulty=1.000 loss=0.01517 wall=2505.2s
[spatial train] ppo_ontology_rgat seed=828 iteration=115/200 episodes=1380 difficulty=1.000 loss=0.02223 wall=2508.5s
[spatial train] ppo_ontology_rgat seed=829 iteration=106/200 episodes=1272 difficulty=1.000 loss=-0.01815 wall=2508.1s
[spatial train] ppo_ontology_rgat seed=830 iteration=98/200 episodes=1176 difficulty=1.000 loss=0.02979 wall=2510.4s
[spatial train] ppo_semantic_flat seed=829 iteration=158/200 episodes=1896 difficulty=1.000 loss=0.03027 wall=2510.7s
[spatial train] ppo_vector_canonical seed=831 iteration=165/200 episodes=1980 difficulty=1.000 loss=-0.03827 wall=2510.7s
[spatial train] ppo_vector_canonical seed=829 iteration=154/200 episodes=1848 difficulty=1.000 loss=0.01875 wall=2511.5s
[spatial train] ppo_semantic_flat seed=828 iteration=113/200 episodes=1356 difficulty=1.000 loss=0.02011 wall=2516.4s
[spatial train] ppo_vector_canonical seed=829 iteration=155/200 episodes=1860 difficulty=1.000 loss=0.01351 wall=2517.9s
[spatial train] ppo_vector_canonical seed=831 iteration=166/200 episodes=1992 difficulty=1.000 loss=0.01236 wall=2518.8s
[spatial train] ppo_ontology_rgat seed=829 iteration=107/200 episodes=1284 difficulty=1.000 loss=0.03182 wall=2523.3s
[spatial train] ppo_semantic_flat seed=829 iteration=159/200 episodes=1908 difficulty=1.000 loss=0.01322 wall=2523.9s
[spatial train] ppo_semantic_flat seed=830 iteration=170/200 episodes=2040 difficulty=1.000 loss=-0.05152 wall=2524.1s
[spatial train] ppo_vector_canonical seed=828 iteration=95/200 episodes=1140 difficulty=1.000 loss=0.02200 wall=2524.4s
[spatial train] ppo_ontology_rgat seed=830 iteration=99/200 episodes=1188 difficulty=1.000 loss=0.01712 wall=2524.8s
[spatial train] ppo_vector_canonical seed=829 iteration=156/200 episodes=1872 difficulty=1.000 loss=0.01664 wall=2527.5s
[spatial train] ppo_semantic_flat seed=831 iteration=13/200 episodes=156 difficulty=0.400 loss=0.01236 wall=299.3s
[spatial train] ppo_vector_canonical seed=829 iteration=157/200 episodes=1884 difficulty=1.000 loss=0.01023 wall=2533.0s
[spatial train] ppo_vector_canonical seed=828 iteration=96/200 episodes=1152 difficulty=1.000 loss=0.02374 wall=2534.0s
[spatial train] ppo_ontology_rgat seed=829 iteration=108/200 episodes=1296 difficulty=1.000 loss=0.01725 wall=2539.6s
[spatial train] ppo_semantic_flat seed=829 iteration=160/200 episodes=1920 difficulty=1.000 loss=0.01303 wall=2540.0s
[spatial train] ppo_semantic_flat seed=831 iteration=14/200 episodes=168 difficulty=0.400 loss=0.01666 wall=310.1s
[spatial train] ppo_vector_canonical seed=828 iteration=97/200 episodes=1164 difficulty=1.000 loss=0.00330 wall=2542.1s
[spatial train] ppo_vector_canonical seed=829 iteration=158/200 episodes=1896 difficulty=1.000 loss=0.02223 wall=2543.8s
[spatial train] ppo_ontology_rgat seed=830 iteration=100/200 episodes=1200 difficulty=1.000 loss=0.00419 wall=2547.1s
[spatial train] ppo_semantic_flat seed=829 iteration=161/200 episodes=1932 difficulty=1.000 loss=0.02815 wall=2549.3s
[spatial train] ppo_ontology_rgat seed=828 iteration=116/200 episodes=1392 difficulty=1.000 loss=0.06646 wall=2552.6s
[spatial train] ppo_ontology_rgat seed=830 iteration=101/200 episodes=1212 difficulty=1.000 loss=0.00989 wall=2553.2s
[spatial train] ppo_semantic_flat seed=828 iteration=114/200 episodes=1368 difficulty=1.000 loss=0.02965 wall=2554.8s
[spatial train] ppo_vector_canonical seed=829 iteration=159/200 episodes=1908 difficulty=1.000 loss=0.01500 wall=2556.2s
[spatial train] ppo_ontology_rgat seed=829 iteration=109/200 episodes=1308 difficulty=1.000 loss=0.02142 wall=2558.2s
[spatial train] ppo_vector_canonical seed=828 iteration=98/200 episodes=1176 difficulty=1.000 loss=0.03045 wall=2558.7s
[spatial train] ppo_ontology_rgat seed=830 iteration=102/200 episodes=1224 difficulty=1.000 loss=0.01209 wall=2561.0s
[spatial train] ppo_vector_canonical seed=831 iteration=167/200 episodes=2004 difficulty=1.000 loss=0.02057 wall=2564.4s
[spatial train] ppo_semantic_flat seed=829 iteration=162/200 episodes=1944 difficulty=1.000 loss=0.01999 wall=2567.3s
[spatial train] ppo_semantic_flat seed=831 iteration=15/200 episodes=180 difficulty=0.500 loss=0.01364 wall=336.4s
[spatial train] ppo_ontology_rgat seed=829 iteration=110/200 episodes=1320 difficulty=1.000 loss=0.00898 wall=2569.9s
[spatial train] ppo_vector_canonical seed=829 iteration=160/200 episodes=1920 difficulty=1.000 loss=0.00512 wall=2573.8s
[spatial train] ppo_ontology_rgat seed=828 iteration=117/200 episodes=1404 difficulty=1.000 loss=0.02497 wall=2574.7s
[spatial train] ppo_ontology_rgat seed=830 iteration=103/200 episodes=1236 difficulty=1.000 loss=0.01630 wall=2574.9s
[spatial train] ppo_semantic_flat seed=829 iteration=163/200 episodes=1956 difficulty=1.000 loss=0.03924 wall=2577.3s
[spatial train] ppo_semantic_flat seed=830 iteration=171/200 episodes=2052 difficulty=1.000 loss=-0.00782 wall=2578.2s
[spatial train] ppo_vector_canonical seed=829 iteration=161/200 episodes=1932 difficulty=1.000 loss=0.00391 wall=2578.6s
[spatial train] ppo_vector_canonical seed=828 iteration=99/200 episodes=1188 difficulty=1.000 loss=-0.08523 wall=2580.9s
[spatial train] ppo_ontology_rgat seed=830 iteration=104/200 episodes=1248 difficulty=1.000 loss=0.03413 wall=2584.1s
[spatial train] ppo_semantic_flat seed=829 iteration=164/200 episodes=1968 difficulty=1.000 loss=0.07415 wall=2584.3s
[spatial train] ppo_semantic_flat seed=828 iteration=115/200 episodes=1380 difficulty=1.000 loss=-0.00466 wall=2589.0s
[spatial train] ppo_semantic_flat seed=831 iteration=16/200 episodes=192 difficulty=0.500 loss=0.02539 wall=357.6s
[spatial train] ppo_ontology_rgat seed=829 iteration=111/200 episodes=1332 difficulty=1.000 loss=0.03896 wall=2589.6s
[spatial train] ppo_ontology_rgat seed=828 iteration=118/200 episodes=1416 difficulty=1.000 loss=0.03062 wall=2590.6s
[spatial train] ppo_vector_canonical seed=829 iteration=162/200 episodes=1944 difficulty=1.000 loss=-0.02901 wall=2591.6s
[spatial train] ppo_semantic_flat seed=829 iteration=165/200 episodes=1980 difficulty=1.000 loss=0.01828 wall=2595.9s
[spatial train] ppo_ontology_rgat seed=830 iteration=105/200 episodes=1260 difficulty=1.000 loss=0.01811 wall=2597.8s
[spatial train] ppo_vector_canonical seed=831 iteration=168/200 episodes=2016 difficulty=1.000 loss=0.01241 wall=2600.0s
[spatial train] ppo_vector_canonical seed=829 iteration=163/200 episodes=1956 difficulty=1.000 loss=0.00980 wall=2600.3s
[spatial train] ppo_vector_canonical seed=828 iteration=100/200 episodes=1200 difficulty=1.000 loss=0.01348 wall=2603.1s
[spatial train] ppo_semantic_flat seed=829 iteration=166/200 episodes=1992 difficulty=1.000 loss=0.03140 wall=2603.4s
[spatial train] ppo_ontology_rgat seed=828 iteration=119/200 episodes=1428 difficulty=1.000 loss=0.00857 wall=2604.9s
[spatial train] ppo_ontology_rgat seed=830 iteration=106/200 episodes=1272 difficulty=1.000 loss=0.01684 wall=2605.3s
[spatial train] ppo_ontology_rgat seed=830 iteration=107/200 episodes=1284 difficulty=1.000 loss=0.03049 wall=2611.8s
[spatial train] ppo_semantic_flat seed=829 iteration=167/200 episodes=2004 difficulty=1.000 loss=0.01419 wall=2612.4s
[spatial train] ppo_ontology_rgat seed=829 iteration=112/200 episodes=1344 difficulty=1.000 loss=0.05713 wall=2613.7s
[spatial train] ppo_vector_canonical seed=829 iteration=164/200 episodes=1968 difficulty=1.000 loss=0.01238 wall=2615.3s
[spatial train] ppo_semantic_flat seed=830 iteration=172/200 episodes=2064 difficulty=1.000 loss=-0.01009 wall=2619.0s
[spatial train] ppo_ontology_rgat seed=828 iteration=120/200 episodes=1440 difficulty=1.000 loss=0.03587 wall=2619.7s
[spatial train] ppo_semantic_flat seed=831 iteration=17/200 episodes=204 difficulty=0.600 loss=0.01683 wall=389.8s
[spatial train] ppo_vector_canonical seed=829 iteration=165/200 episodes=1980 difficulty=1.000 loss=0.04689 wall=2627.2s
[spatial train] ppo_semantic_flat seed=830 iteration=173/200 episodes=2076 difficulty=1.000 loss=0.01580 wall=2628.1s
[spatial train] ppo_semantic_flat seed=829 iteration=168/200 episodes=2016 difficulty=1.000 loss=0.02325 wall=2631.1s
[spatial train] ppo_vector_canonical seed=831 iteration=169/200 episodes=2028 difficulty=1.000 loss=0.02506 wall=2630.6s
[spatial train] ppo_ontology_rgat seed=828 iteration=121/200 episodes=1452 difficulty=1.000 loss=0.01359 wall=2634.4s
[spatial train] ppo_ontology_rgat seed=829 iteration=113/200 episodes=1356 difficulty=1.000 loss=0.01489 wall=2634.1s
[spatial train] ppo_vector_canonical seed=828 iteration=101/200 episodes=1212 difficulty=1.000 loss=0.01768 wall=2637.4s
[spatial train] ppo_semantic_flat seed=830 iteration=174/200 episodes=2088 difficulty=1.000 loss=0.00588 wall=2637.6s
[spatial train] ppo_vector_canonical seed=831 iteration=170/200 episodes=2040 difficulty=1.000 loss=-0.00384 wall=2637.7s
[spatial train] ppo_semantic_flat seed=829 iteration=169/200 episodes=2028 difficulty=1.000 loss=0.01636 wall=2639.1s
[spatial train] ppo_semantic_flat seed=831 iteration=18/200 episodes=216 difficulty=0.600 loss=0.06815 wall=407.5s
[spatial train] ppo_semantic_flat seed=828 iteration=116/200 episodes=1392 difficulty=1.000 loss=0.01751 wall=2640.9s
[spatial train] ppo_ontology_rgat seed=829 iteration=114/200 episodes=1368 difficulty=1.000 loss=0.03260 wall=2645.3s
[spatial train] ppo_vector_canonical seed=831 iteration=171/200 episodes=2052 difficulty=1.000 loss=0.00801 wall=2645.4s
[spatial train] ppo_ontology_rgat seed=828 iteration=122/200 episodes=1464 difficulty=1.000 loss=0.02987 wall=2647.0s
[spatial train] ppo_semantic_flat seed=829 iteration=170/200 episodes=2040 difficulty=1.000 loss=0.01510 wall=2647.3s
[spatial train] ppo_semantic_flat seed=830 iteration=175/200 episodes=2100 difficulty=1.000 loss=0.02427 wall=2648.6s
[spatial train] ppo_ontology_rgat seed=830 iteration=108/200 episodes=1296 difficulty=1.000 loss=-0.00309 wall=2654.6s
[spatial train] ppo_semantic_flat seed=829 iteration=171/200 episodes=2052 difficulty=1.000 loss=0.01340 wall=2655.8s
[spatial train] ppo_semantic_flat seed=830 iteration=176/200 episodes=2112 difficulty=1.000 loss=0.03527 wall=2656.4s
[spatial train] ppo_vector_canonical seed=831 iteration=172/200 episodes=2064 difficulty=1.000 loss=0.03895 wall=2656.3s
[spatial train] ppo_vector_canonical seed=829 iteration=166/200 episodes=1992 difficulty=1.000 loss=0.02083 wall=2659.8s
[spatial train] ppo_semantic_flat seed=829 iteration=172/200 episodes=2064 difficulty=1.000 loss=0.05262 wall=2663.4s
[spatial train] ppo_semantic_flat seed=831 iteration=19/200 episodes=228 difficulty=0.700 loss=0.02449 wall=433.1s
[spatial train] ppo_vector_canonical seed=828 iteration=102/200 episodes=1224 difficulty=1.000 loss=0.04689 wall=2666.4s
[spatial train] ppo_vector_canonical seed=831 iteration=173/200 episodes=2076 difficulty=1.000 loss=0.01893 wall=2668.5s
[spatial train] ppo_ontology_rgat seed=828 iteration=123/200 episodes=1476 difficulty=1.000 loss=-0.01962 wall=2669.2s
[spatial train] ppo_semantic_flat seed=830 iteration=177/200 episodes=2124 difficulty=1.000 loss=0.01757 wall=2669.3s
[spatial train] ppo_semantic_flat seed=829 iteration=173/200 episodes=2076 difficulty=1.000 loss=0.01088 wall=2672.1s
[spatial train] ppo_vector_canonical seed=828 iteration=103/200 episodes=1236 difficulty=1.000 loss=0.01855 wall=2676.4s
[spatial train] ppo_ontology_rgat seed=828 iteration=124/200 episodes=1488 difficulty=1.000 loss=0.03826 wall=2680.8s
[spatial train] ppo_ontology_rgat seed=829 iteration=115/200 episodes=1380 difficulty=1.000 loss=0.05319 wall=2681.9s
[spatial train] ppo_semantic_flat seed=829 iteration=174/200 episodes=2088 difficulty=1.000 loss=0.02486 wall=2682.5s
[spatial train] ppo_vector_canonical seed=829 iteration=167/200 episodes=2004 difficulty=1.000 loss=0.04988 wall=2682.3s
[spatial train] ppo_semantic_flat seed=831 iteration=20/200 episodes=240 difficulty=0.700 loss=0.02507 wall=452.0s
[spatial train] ppo_semantic_flat seed=830 iteration=178/200 episodes=2136 difficulty=1.000 loss=0.03923 wall=2683.9s
[spatial train] ppo_vector_canonical seed=829 iteration=168/200 episodes=2016 difficulty=1.000 loss=0.00581 wall=2689.9s
[spatial train] ppo_semantic_flat seed=829 iteration=175/200 episodes=2100 difficulty=1.000 loss=0.01840 wall=2694.2s
[spatial train] ppo_vector_canonical seed=829 iteration=169/200 episodes=2028 difficulty=1.000 loss=0.02198 wall=2696.0s
[spatial train] ppo_semantic_flat seed=831 iteration=21/200 episodes=252 difficulty=0.700 loss=0.01572 wall=464.8s
[spatial train] ppo_ontology_rgat seed=830 iteration=109/200 episodes=1308 difficulty=1.000 loss=0.04654 wall=2697.2s
[spatial train] ppo_vector_canonical seed=828 iteration=104/200 episodes=1248 difficulty=1.000 loss=0.02285 wall=2700.6s
[spatial train] ppo_ontology_rgat seed=828 iteration=125/200 episodes=1500 difficulty=1.000 loss=0.01857 wall=2701.6s
[spatial train] ppo_semantic_flat seed=829 iteration=176/200 episodes=2112 difficulty=1.000 loss=0.01830 wall=2702.7s
[spatial train] ppo_ontology_rgat seed=829 iteration=116/200 episodes=1392 difficulty=1.000 loss=0.01927 wall=2707.2s
[spatial train] ppo_ontology_rgat seed=830 iteration=110/200 episodes=1320 difficulty=1.000 loss=0.02461 wall=2709.0s
[spatial train] ppo_ontology_rgat seed=828 iteration=126/200 episodes=1512 difficulty=1.000 loss=0.00980 wall=2710.4s
[spatial train] ppo_semantic_flat seed=829 iteration=177/200 episodes=2124 difficulty=1.000 loss=0.02210 wall=2712.6s
[spatial train] ppo_vector_canonical seed=831 iteration=174/200 episodes=2088 difficulty=1.000 loss=0.01119 wall=2713.1s
[spatial train] ppo_vector_canonical seed=828 iteration=105/200 episodes=1260 difficulty=1.000 loss=0.02219 wall=2714.7s
[spatial train] ppo_semantic_flat seed=831 iteration=22/200 episodes=264 difficulty=0.800 loss=0.01635 wall=483.5s
[spatial train] ppo_semantic_flat seed=830 iteration=179/200 episodes=2148 difficulty=1.000 loss=0.01272 wall=2716.0s
[spatial train] ppo_ontology_rgat seed=830 iteration=111/200 episodes=1332 difficulty=1.000 loss=-0.01388 wall=2717.8s
[spatial train] ppo_ontology_rgat seed=828 iteration=127/200 episodes=1524 difficulty=1.000 loss=0.01367 wall=2719.2s
[spatial train] ppo_semantic_flat seed=829 iteration=178/200 episodes=2136 difficulty=1.000 loss=-0.02786 wall=2723.3s
[spatial train] ppo_ontology_rgat seed=830 iteration=112/200 episodes=1344 difficulty=1.000 loss=0.01035 wall=2724.8s
[spatial train] ppo_vector_canonical seed=828 iteration=106/200 episodes=1272 difficulty=1.000 loss=0.05600 wall=2728.3s
[spatial train] ppo_ontology_rgat seed=828 iteration=128/200 episodes=1536 difficulty=1.000 loss=-0.05310 wall=2731.0s
[spatial train] ppo_semantic_flat seed=829 iteration=179/200 episodes=2148 difficulty=1.000 loss=0.02819 wall=2732.7s
[spatial train] ppo_ontology_rgat seed=830 iteration=113/200 episodes=1356 difficulty=1.000 loss=0.01875 wall=2734.6s
[spatial train] ppo_semantic_flat seed=831 iteration=23/200 episodes=276 difficulty=0.800 loss=0.01436 wall=505.1s
[spatial train] ppo_ontology_rgat seed=828 iteration=129/200 episodes=1548 difficulty=1.000 loss=0.02646 wall=2743.1s
[spatial train] ppo_semantic_flat seed=829 iteration=180/200 episodes=2160 difficulty=1.000 loss=0.06043 wall=2745.0s
[spatial train] ppo_semantic_flat seed=830 iteration=180/200 episodes=2160 difficulty=1.000 loss=0.02210 wall=2746.9s
[spatial train] ppo_ontology_rgat seed=830 iteration=114/200 episodes=1368 difficulty=1.000 loss=0.01496 wall=2748.0s
[spatial train] ppo_vector_canonical seed=828 iteration=107/200 episodes=1284 difficulty=1.000 loss=0.01844 wall=2748.7s
[spatial train] ppo_ontology_rgat seed=829 iteration=117/200 episodes=1404 difficulty=1.000 loss=-0.04317 wall=2749.4s
[spatial train] ppo_semantic_flat seed=828 iteration=117/200 episodes=1404 difficulty=1.000 loss=0.02820 wall=2749.9s
[spatial train] ppo_semantic_flat seed=831 iteration=24/200 episodes=288 difficulty=0.900 loss=0.01423 wall=520.3s
[spatial train] ppo_semantic_flat seed=829 iteration=181/200 episodes=2172 difficulty=1.000 loss=0.01227 wall=2757.4s
[spatial train] ppo_vector_canonical seed=828 iteration=108/200 episodes=1296 difficulty=1.000 loss=0.01513 wall=2758.3s
[spatial train] ppo_ontology_rgat seed=830 iteration=115/200 episodes=1380 difficulty=1.000 loss=0.02997 wall=2761.8s
[spatial train] ppo_semantic_flat seed=829 iteration=182/200 episodes=2184 difficulty=1.000 loss=0.02289 wall=2764.5s
[spatial train] ppo_semantic_flat seed=830 iteration=181/200 episodes=2172 difficulty=1.000 loss=0.01665 wall=2765.7s
[spatial train] ppo_vector_canonical seed=831 iteration=175/200 episodes=2100 difficulty=1.000 loss=0.02146 wall=2767.5s
[spatial train] ppo_vector_canonical seed=828 iteration=109/200 episodes=1308 difficulty=1.000 loss=0.00989 wall=2770.0s
[spatial train] ppo_semantic_flat seed=831 iteration=25/200 episodes=300 difficulty=0.900 loss=0.01098 wall=538.4s
[spatial train] ppo_ontology_rgat seed=828 iteration=130/200 episodes=1560 difficulty=1.000 loss=0.00586 wall=2771.8s
[spatial train] ppo_vector_canonical seed=829 iteration=170/200 episodes=2040 difficulty=1.000 loss=-0.01468 wall=2774.7s
[spatial train] ppo_semantic_flat seed=829 iteration=183/200 episodes=2196 difficulty=1.000 loss=0.00983 wall=2775.6s
[spatial train] ppo_ontology_rgat seed=829 iteration=118/200 episodes=1416 difficulty=1.000 loss=0.02212 wall=2776.5s
[spatial train] ppo_vector_canonical seed=828 iteration=110/200 episodes=1320 difficulty=1.000 loss=0.01533 wall=2778.8s
[spatial train] ppo_ontology_rgat seed=830 iteration=116/200 episodes=1392 difficulty=1.000 loss=0.03804 wall=2779.7s
[spatial train] ppo_semantic_flat seed=829 iteration=184/200 episodes=2208 difficulty=1.000 loss=0.02947 wall=2780.5s
[spatial train] ppo_semantic_flat seed=829 iteration=185/200 episodes=2220 difficulty=1.000 loss=0.00420 wall=2787.6s
[spatial train] ppo_ontology_rgat seed=828 iteration=131/200 episodes=1572 difficulty=1.000 loss=0.02928 wall=2787.9s
[spatial train] ppo_semantic_flat seed=830 iteration=182/200 episodes=2184 difficulty=1.000 loss=0.02298 wall=2789.5s
[spatial train] ppo_vector_canonical seed=828 iteration=111/200 episodes=1332 difficulty=1.000 loss=0.01718 wall=2790.9s
[spatial train] ppo_semantic_flat seed=831 iteration=26/200 episodes=312 difficulty=1.000 loss=0.01731 wall=561.7s
[spatial train] ppo_semantic_flat seed=829 iteration=186/200 episodes=2232 difficulty=1.000 loss=0.01071 wall=2793.5s
[spatial train] ppo_ontology_rgat seed=828 iteration=132/200 episodes=1584 difficulty=1.000 loss=0.03761 wall=2794.8s
[spatial train] ppo_vector_canonical seed=828 iteration=112/200 episodes=1344 difficulty=1.000 loss=0.01664 wall=2795.2s
[spatial train] ppo_semantic_flat seed=829 iteration=187/200 episodes=2244 difficulty=1.000 loss=0.01254 wall=2796.5s
[spatial train] ppo_vector_canonical seed=829 iteration=171/200 episodes=2052 difficulty=1.000 loss=0.00756 wall=2797.0s
[spatial train] ppo_ontology_rgat seed=830 iteration=117/200 episodes=1404 difficulty=1.000 loss=-0.03953 wall=2797.4s
[spatial train] ppo_semantic_flat seed=830 iteration=183/200 episodes=2196 difficulty=1.000 loss=0.01471 wall=2797.9s
[spatial train] ppo_vector_canonical seed=831 iteration=176/200 episodes=2112 difficulty=1.000 loss=0.01783 wall=2798.0s
[spatial train] ppo_ontology_rgat seed=829 iteration=119/200 episodes=1428 difficulty=1.000 loss=0.01718 wall=2798.5s
[spatial train] ppo_semantic_flat seed=829 iteration=188/200 episodes=2256 difficulty=1.000 loss=0.06071 wall=2800.8s
[spatial train] ppo_vector_canonical seed=828 iteration=113/200 episodes=1356 difficulty=1.000 loss=0.01975 wall=2801.3s
[spatial train] ppo_semantic_flat seed=830 iteration=184/200 episodes=2208 difficulty=1.000 loss=0.06624 wall=2801.2s
[spatial train] ppo_semantic_flat seed=828 iteration=118/200 episodes=1416 difficulty=1.000 loss=0.01040 wall=2803.4s
[spatial train] ppo_semantic_flat seed=831 iteration=27/200 episodes=324 difficulty=1.000 loss=-0.01578 wall=572.5s
[spatial train] ppo_ontology_rgat seed=830 iteration=118/200 episodes=1416 difficulty=1.000 loss=0.01823 wall=2804.4s
[spatial train] ppo_semantic_flat seed=829 iteration=189/200 episodes=2268 difficulty=1.000 loss=-0.01501 wall=2805.3s
[spatial train] ppo_ontology_rgat seed=828 iteration=133/200 episodes=1596 difficulty=1.000 loss=0.03676 wall=2805.6s
[spatial train] ppo_semantic_flat seed=830 iteration=185/200 episodes=2220 difficulty=1.000 loss=0.01580 wall=2806.2s
[spatial train] ppo_vector_canonical seed=831 iteration=177/200 episodes=2124 difficulty=1.000 loss=0.01060 wall=2807.4s
[spatial train] ppo_vector_canonical seed=829 iteration=172/200 episodes=2064 difficulty=1.000 loss=-0.00061 wall=2809.4s
[spatial train] ppo_semantic_flat seed=831 iteration=28/200 episodes=336 difficulty=1.000 loss=0.00787 wall=579.0s
[spatial train] ppo_semantic_flat seed=829 iteration=190/200 episodes=2280 difficulty=1.000 loss=0.06518 wall=2811.0s
[spatial train] ppo_vector_canonical seed=828 iteration=114/200 episodes=1368 difficulty=1.000 loss=0.04074 wall=2811.2s
[spatial train] ppo_semantic_flat seed=830 iteration=186/200 episodes=2232 difficulty=1.000 loss=0.00391 wall=2811.3s
[spatial train] ppo_ontology_rgat seed=830 iteration=119/200 episodes=1428 difficulty=1.000 loss=-0.04597 wall=2812.0s
[spatial train] ppo_semantic_flat seed=828 iteration=119/200 episodes=1428 difficulty=1.000 loss=0.01960 wall=2813.5s
[spatial train] ppo_ontology_rgat seed=828 iteration=134/200 episodes=1608 difficulty=1.000 loss=0.02347 wall=2814.5s
[spatial train] ppo_semantic_flat seed=830 iteration=187/200 episodes=2244 difficulty=1.000 loss=0.00934 wall=2816.7s
[spatial train] ppo_vector_canonical seed=828 iteration=115/200 episodes=1380 difficulty=1.000 loss=0.01817 wall=2817.4s
[spatial train] ppo_vector_canonical seed=831 iteration=178/200 episodes=2136 difficulty=1.000 loss=0.01640 wall=2817.4s
[spatial train] ppo_semantic_flat seed=829 iteration=191/200 episodes=2292 difficulty=1.000 loss=0.01583 wall=2819.4s
[spatial train] ppo_vector_canonical seed=829 iteration=173/200 episodes=2076 difficulty=1.000 loss=0.01150 wall=2820.0s
[spatial train] ppo_ontology_rgat seed=828 iteration=135/200 episodes=1620 difficulty=1.000 loss=0.01969 wall=2821.0s
[spatial train] ppo_ontology_rgat seed=829 iteration=120/200 episodes=1440 difficulty=1.000 loss=-0.04497 wall=2822.0s
[spatial train] ppo_ontology_rgat seed=830 iteration=120/200 episodes=1440 difficulty=1.000 loss=0.01495 wall=2823.1s
[spatial train] ppo_semantic_flat seed=830 iteration=188/200 episodes=2256 difficulty=1.000 loss=0.02524 wall=2823.3s
[spatial train] ppo_vector_canonical seed=828 iteration=116/200 episodes=1392 difficulty=1.000 loss=0.01532 wall=2824.9s
[spatial train] ppo_ontology_rgat seed=828 iteration=136/200 episodes=1632 difficulty=1.000 loss=-0.02480 wall=2825.5s
[spatial train] ppo_semantic_flat seed=829 iteration=192/200 episodes=2304 difficulty=1.000 loss=0.11385 wall=2826.1s
[spatial train] ppo_vector_canonical seed=829 iteration=174/200 episodes=2088 difficulty=1.000 loss=-0.01032 wall=2826.2s
[spatial train] ppo_ontology_rgat seed=830 iteration=121/200 episodes=1452 difficulty=1.000 loss=0.00563 wall=2826.4s
[spatial train] ppo_semantic_flat seed=830 iteration=189/200 episodes=2268 difficulty=1.000 loss=0.01120 wall=2831.0s
[spatial train] ppo_ontology_rgat seed=828 iteration=137/200 episodes=1644 difficulty=1.000 loss=0.01559 wall=2831.9s
[spatial train] ppo_semantic_flat seed=829 iteration=193/200 episodes=2316 difficulty=1.000 loss=0.01580 wall=2832.3s
[spatial train] ppo_semantic_flat seed=828 iteration=120/200 episodes=1440 difficulty=1.000 loss=0.00819 wall=2833.3s
[spatial train] ppo_ontology_rgat seed=830 iteration=122/200 episodes=1464 difficulty=1.000 loss=0.02204 wall=2833.7s
[spatial train] ppo_vector_canonical seed=828 iteration=117/200 episodes=1404 difficulty=1.000 loss=0.00743 wall=2833.8s
[spatial train] ppo_semantic_flat seed=831 iteration=29/200 episodes=348 difficulty=1.000 loss=0.01516 wall=602.3s
[spatial train] ppo_vector_canonical seed=831 iteration=179/200 episodes=2148 difficulty=1.000 loss=0.01674 wall=2834.3s
[spatial train] ppo_semantic_flat seed=830 iteration=190/200 episodes=2280 difficulty=1.000 loss=0.00651 wall=2834.9s
[spatial train] ppo_vector_canonical seed=829 iteration=175/200 episodes=2100 difficulty=1.000 loss=0.01878 wall=2835.3s
[spatial train] ppo_ontology_rgat seed=829 iteration=121/200 episodes=1452 difficulty=1.000 loss=0.01229 wall=2835.4s
[spatial train] ppo_semantic_flat seed=829 iteration=194/200 episodes=2328 difficulty=1.000 loss=0.02694 wall=2838.2s
[spatial train] ppo_semantic_flat seed=830 iteration=191/200 episodes=2292 difficulty=1.000 loss=0.00736 wall=2838.3s
[spatial train] ppo_vector_canonical seed=828 iteration=118/200 episodes=1416 difficulty=1.000 loss=0.01503 wall=2841.0s
[spatial train] ppo_ontology_rgat seed=828 iteration=138/200 episodes=1656 difficulty=1.000 loss=0.00075 wall=2841.0s
[spatial train] ppo_semantic_flat seed=829 iteration=195/200 episodes=2340 difficulty=1.000 loss=0.01975 wall=2841.8s
[spatial train] ppo_ontology_rgat seed=830 iteration=123/200 episodes=1476 difficulty=1.000 loss=0.01358 wall=2842.8s
[spatial train] ppo_semantic_flat seed=830 iteration=192/200 episodes=2304 difficulty=1.000 loss=0.01315 wall=2843.8s
[spatial train] ppo_vector_canonical seed=829 iteration=176/200 episodes=2112 difficulty=1.000 loss=0.02284 wall=2846.1s
[spatial train] ppo_vector_canonical seed=831 iteration=180/200 episodes=2160 difficulty=1.000 loss=0.00712 wall=2846.0s
[spatial train] ppo_ontology_rgat seed=830 iteration=124/200 episodes=1488 difficulty=1.000 loss=0.02203 wall=2847.0s
[spatial train] ppo_vector_canonical seed=828 iteration=119/200 episodes=1428 difficulty=1.000 loss=0.00949 wall=2847.5s
[spatial train] ppo_semantic_flat seed=831 iteration=30/200 episodes=360 difficulty=1.000 loss=0.02104 wall=617.1s
[spatial train] ppo_semantic_flat seed=830 iteration=193/200 episodes=2316 difficulty=1.000 loss=0.01972 wall=2849.0s
[spatial train] ppo_ontology_rgat seed=829 iteration=122/200 episodes=1464 difficulty=1.000 loss=0.01243 wall=2849.3s
[spatial train] ppo_semantic_flat seed=829 iteration=196/200 episodes=2352 difficulty=1.000 loss=0.01108 wall=2849.9s
[spatial train] ppo_ontology_rgat seed=828 iteration=139/200 episodes=1668 difficulty=1.000 loss=-0.04559 wall=2850.7s
[spatial train] ppo_ontology_rgat seed=830 iteration=125/200 episodes=1500 difficulty=1.000 loss=-0.02034 wall=2851.8s
[spatial train] ppo_semantic_flat seed=828 iteration=121/200 episodes=1452 difficulty=1.000 loss=0.02781 wall=2854.4s
[spatial train] ppo_semantic_flat seed=831 iteration=31/200 episodes=372 difficulty=1.000 loss=0.04078 wall=623.4s
[spatial train] ppo_vector_canonical seed=828 iteration=120/200 episodes=1440 difficulty=1.000 loss=0.01608 wall=2856.6s
[spatial train] ppo_semantic_flat seed=829 iteration=197/200 episodes=2364 difficulty=1.000 loss=-0.01589 wall=2856.9s
[spatial train] ppo_semantic_flat seed=830 iteration=194/200 episodes=2328 difficulty=1.000 loss=0.01325 wall=2857.0s
[spatial train] ppo_vector_canonical seed=829 iteration=177/200 episodes=2124 difficulty=1.000 loss=0.01620 wall=2857.6s
[spatial train] ppo_ontology_rgat seed=830 iteration=126/200 episodes=1512 difficulty=1.000 loss=0.02289 wall=2859.1s
[spatial train] ppo_semantic_flat seed=829 iteration=198/200 episodes=2376 difficulty=1.000 loss=0.01137 wall=2860.2s
[spatial train] ppo_vector_canonical seed=831 iteration=181/200 episodes=2172 difficulty=1.000 loss=0.01315 wall=2861.8s
[spatial train] ppo_semantic_flat seed=830 iteration=195/200 episodes=2340 difficulty=1.000 loss=0.01265 wall=2862.3s
[spatial train] ppo_semantic_flat seed=831 iteration=32/200 episodes=384 difficulty=1.000 loss=0.01817 wall=633.6s
[spatial train] ppo_ontology_rgat seed=830 iteration=127/200 episodes=1524 difficulty=1.000 loss=0.00853 wall=2865.3s
[spatial train] ppo_vector_canonical seed=829 iteration=178/200 episodes=2136 difficulty=1.000 loss=-0.01396 wall=2865.5s
[spatial train] ppo_vector_canonical seed=828 iteration=121/200 episodes=1452 difficulty=1.000 loss=0.01492 wall=2866.9s
[spatial train] ppo_semantic_flat seed=830 iteration=196/200 episodes=2352 difficulty=1.000 loss=0.01190 wall=2866.9s
[spatial train] ppo_semantic_flat seed=829 iteration=199/200 episodes=2388 difficulty=1.000 loss=0.01385 wall=2867.3s
[spatial train] ppo_semantic_flat seed=828 iteration=122/200 episodes=1464 difficulty=1.000 loss=0.02305 wall=2868.6s
[spatial train] ppo_ontology_rgat seed=828 iteration=140/200 episodes=1680 difficulty=1.000 loss=-0.06053 wall=2868.7s
[spatial train] ppo_ontology_rgat seed=830 iteration=128/200 episodes=1536 difficulty=1.000 loss=0.00205 wall=2870.3s
[spatial train] ppo_ontology_rgat seed=829 iteration=123/200 episodes=1476 difficulty=1.000 loss=0.02771 wall=2870.4s
[spatial train] ppo_vector_canonical seed=831 iteration=182/200 episodes=2184 difficulty=1.000 loss=0.00681 wall=2870.2s
[spatial train] ppo_vector_canonical seed=829 iteration=179/200 episodes=2148 difficulty=1.000 loss=0.00705 wall=2871.4s
[spatial train] ppo_vector_canonical seed=828 iteration=122/200 episodes=1464 difficulty=1.000 loss=0.01123 wall=2873.4s
[spatial train] ppo_semantic_flat seed=829 iteration=200/200 episodes=2400 difficulty=1.000 loss=0.03405 wall=2875.9s
[spatial train] ppo_ontology_rgat seed=830 iteration=129/200 episodes=1548 difficulty=1.000 loss=-0.01517 wall=2876.7s
[spatial train] ppo_semantic_flat seed=831 iteration=33/200 episodes=396 difficulty=1.000 loss=0.01806 wall=645.8s
[spatial train] ppo_ontology_rgat seed=828 iteration=141/200 episodes=1692 difficulty=1.000 loss=-0.00124 wall=2878.6s
[spatial train] ppo_vector_canonical seed=828 iteration=123/200 episodes=1476 difficulty=1.000 loss=0.02022 wall=2878.8s
[spatial train] ppo_semantic_flat seed=830 iteration=197/200 episodes=2364 difficulty=1.000 loss=0.02398 wall=2878.8s
[spatial train] ppo_semantic_flat seed=828 iteration=123/200 episodes=1476 difficulty=1.000 loss=-0.03485 wall=2881.5s
[spatial train] ppo_semantic_flat seed=830 iteration=198/200 episodes=2376 difficulty=1.000 loss=0.02449 wall=2883.7s
[spatial train] ppo_ontology_rgat seed=830 iteration=130/200 episodes=1560 difficulty=1.000 loss=-0.00001 wall=2884.5s
[spatial train] ppo_ontology_rgat seed=828 iteration=142/200 episodes=1704 difficulty=1.000 loss=0.03247 wall=2886.0s
[spatial train] ppo_vector_canonical seed=829 iteration=180/200 episodes=2160 difficulty=1.000 loss=0.02568 wall=2886.1s
[spatial train] ppo_vector_canonical seed=828 iteration=124/200 episodes=1488 difficulty=1.000 loss=0.01792 wall=2887.1s
[spatial train] ppo_ontology_rgat seed=829 iteration=124/200 episodes=1488 difficulty=1.000 loss=0.07969 wall=2887.2s
[spatial train] ppo_ontology_rgat seed=830 iteration=131/200 episodes=1572 difficulty=1.000 loss=0.01260 wall=2888.6s
[spatial train] ppo_semantic_flat seed=830 iteration=199/200 episodes=2388 difficulty=1.000 loss=0.01998 wall=2889.3s
[spatial train] ppo_vector_canonical seed=831 iteration=183/200 episodes=2196 difficulty=1.000 loss=0.01947 wall=2889.1s
[spatial train] ppo_vector_canonical seed=828 iteration=125/200 episodes=1500 difficulty=1.000 loss=0.01031 wall=2892.1s
[spatial train] ppo_ontology_rgat seed=830 iteration=132/200 episodes=1584 difficulty=1.000 loss=-0.00157 wall=2892.6s
[spatial train] ppo_semantic_flat seed=831 iteration=34/200 episodes=408 difficulty=1.000 loss=0.01578 wall=664.0s
[spatial train] ppo_vector_canonical seed=829 iteration=181/200 episodes=2172 difficulty=1.000 loss=0.01731 wall=2895.3s
[spatial train] ppo_ontology_rgat seed=828 iteration=143/200 episodes=1716 difficulty=1.000 loss=-0.00356 wall=2895.8s
[spatial train] ppo_semantic_flat seed=830 iteration=200/200 episodes=2400 difficulty=1.000 loss=0.05968 wall=2896.1s
[spatial train] ppo_semantic_flat seed=828 iteration=124/200 episodes=1488 difficulty=1.000 loss=0.02008 wall=2896.5s
[spatial train] ppo_vector_canonical seed=828 iteration=126/200 episodes=1512 difficulty=1.000 loss=0.01407 wall=2899.2s
[spatial train] ppo_ontology_rgat seed=829 iteration=125/200 episodes=1500 difficulty=1.000 loss=0.01575 wall=2899.2s
[spatial train] ppo_ontology_rgat seed=828 iteration=144/200 episodes=1728 difficulty=1.000 loss=-0.11058 wall=2901.3s
[spatial train] ppo_vector_canonical seed=831 iteration=184/200 episodes=2208 difficulty=1.000 loss=0.00312 wall=2901.4s
[spatial train] ppo_ontology_rgat seed=830 iteration=133/200 episodes=1596 difficulty=1.000 loss=-0.00845 wall=2902.0s
[spatial train] ppo_vector_canonical seed=828 iteration=127/200 episodes=1524 difficulty=1.000 loss=-0.00039 wall=2903.4s
[spatial train] ppo_vector_canonical seed=829 iteration=182/200 episodes=2184 difficulty=1.000 loss=0.01128 wall=2904.2s
[spatial train] ppo_ontology_rgat seed=828 iteration=145/200 episodes=1740 difficulty=1.000 loss=0.01458 wall=2904.7s
[spatial train] ppo_semantic_flat seed=831 iteration=35/200 episodes=420 difficulty=1.000 loss=0.02688 wall=675.8s
[spatial train] ppo_ontology_rgat seed=830 iteration=134/200 episodes=1608 difficulty=1.000 loss=0.02854 wall=2909.4s
[spatial train] ppo_ontology_rgat seed=831 iteration=1/200 episodes=12 difficulty=0.000 loss=-0.00238 wall=33.7s
[spatial train] ppo_vector_canonical seed=828 iteration=128/200 episodes=1536 difficulty=1.000 loss=0.03113 wall=2910.2s
[spatial train] ppo_vector_canonical seed=831 iteration=185/200 episodes=2220 difficulty=1.000 loss=-0.00009 wall=2910.8s
[spatial train] ppo_vector_canonical seed=829 iteration=183/200 episodes=2196 difficulty=1.000 loss=0.01730 wall=2912.4s
[spatial train] ppo_ontology_rgat seed=828 iteration=146/200 episodes=1752 difficulty=1.000 loss=0.06276 wall=2912.9s
[spatial train] ppo_ontology_rgat seed=830 iteration=135/200 episodes=1620 difficulty=1.000 loss=0.02341 wall=2914.2s
[spatial train] ppo_semantic_flat seed=828 iteration=125/200 episodes=1500 difficulty=1.000 loss=0.02284 wall=2914.8s
[spatial train] ppo_vector_canonical seed=828 iteration=129/200 episodes=1548 difficulty=1.000 loss=0.01596 wall=2916.7s
[spatial train] ppo_semantic_flat seed=831 iteration=36/200 episodes=432 difficulty=1.000 loss=-0.05941 wall=685.4s
[spatial train] ppo_ontology_rgat seed=829 iteration=126/200 episodes=1512 difficulty=1.000 loss=0.00369 wall=2920.2s
[spatial train] ppo_ontology_rgat seed=828 iteration=147/200 episodes=1764 difficulty=1.000 loss=0.11134 wall=2920.7s
[spatial train] ppo_vector_canonical seed=831 iteration=186/200 episodes=2232 difficulty=1.000 loss=0.01498 wall=2920.4s
[spatial train] ppo_vector_canonical seed=828 iteration=130/200 episodes=1560 difficulty=1.000 loss=0.00875 wall=2921.8s
[spatial train] ppo_vector_canonical seed=829 iteration=184/200 episodes=2208 difficulty=1.000 loss=0.01303 wall=2921.8s
[spatial train] ppo_ontology_rgat seed=830 iteration=136/200 episodes=1632 difficulty=1.000 loss=-0.02796 wall=2922.5s
[spatial train] ppo_ontology_rgat seed=828 iteration=148/200 episodes=1776 difficulty=1.000 loss=0.08325 wall=2927.1s
[spatial train] ppo_semantic_flat seed=828 iteration=126/200 episodes=1512 difficulty=1.000 loss=0.02413 wall=2927.4s
[spatial train] ppo_vector_canonical seed=832 iteration=1/200 episodes=12 difficulty=0.000 loss=-0.00220 wall=31.8s
[spatial train] ppo_ontology_rgat seed=830 iteration=137/200 episodes=1644 difficulty=1.000 loss=0.00362 wall=2928.6s
[spatial train] ppo_semantic_flat seed=831 iteration=37/200 episodes=444 difficulty=1.000 loss=0.01354 wall=697.4s
[spatial train] ppo_vector_canonical seed=828 iteration=131/200 episodes=1572 difficulty=1.000 loss=0.05723 wall=2929.7s
[spatial train] ppo_vector_canonical seed=829 iteration=185/200 episodes=2220 difficulty=1.000 loss=-0.00903 wall=2930.3s
[spatial train] ppo_ontology_rgat seed=830 iteration=138/200 episodes=1656 difficulty=1.000 loss=-0.05454 wall=2932.9s
[spatial train] ppo_vector_canonical seed=831 iteration=187/200 episodes=2244 difficulty=1.000 loss=0.02212 wall=2932.6s
[spatial train] ppo_vector_canonical seed=828 iteration=132/200 episodes=1584 difficulty=1.000 loss=0.00482 wall=2933.5s
[spatial train] ppo_ontology_rgat seed=829 iteration=127/200 episodes=1524 difficulty=1.000 loss=0.01788 wall=2934.6s
[spatial train] ppo_ontology_rgat seed=830 iteration=139/200 episodes=1668 difficulty=1.000 loss=0.02230 wall=2936.9s
[spatial train] ppo_ontology_rgat seed=828 iteration=149/200 episodes=1788 difficulty=1.000 loss=0.02116 wall=2938.8s
[spatial train] ppo_semantic_flat seed=828 iteration=127/200 episodes=1524 difficulty=1.000 loss=0.02285 wall=2939.6s
[spatial train] ppo_vector_canonical seed=828 iteration=133/200 episodes=1596 difficulty=1.000 loss=0.01256 wall=2940.3s
[spatial train] ppo_vector_canonical seed=829 iteration=186/200 episodes=2232 difficulty=1.000 loss=0.00966 wall=2941.9s
[spatial train] ppo_ontology_rgat seed=831 iteration=2/200 episodes=24 difficulty=0.000 loss=0.00209 wall=67.5s
[spatial train] ppo_ontology_rgat seed=828 iteration=150/200 episodes=1800 difficulty=1.000 loss=0.01461 wall=2943.8s
[spatial train] ppo_vector_canonical seed=831 iteration=188/200 episodes=2256 difficulty=1.000 loss=0.05803 wall=2943.7s
[spatial train] ppo_ontology_rgat seed=830 iteration=140/200 episodes=1680 difficulty=1.000 loss=0.03002 wall=2946.5s
[spatial train] ppo_vector_canonical seed=828 iteration=134/200 episodes=1608 difficulty=1.000 loss=0.00825 wall=2947.6s
[spatial train] ppo_semantic_flat seed=831 iteration=38/200 episodes=456 difficulty=1.000 loss=-0.02476 wall=717.2s
[spatial train] ppo_ontology_rgat seed=829 iteration=128/200 episodes=1536 difficulty=1.000 loss=0.00689 wall=2949.3s
[spatial train] ppo_ontology_rgat seed=830 iteration=141/200 episodes=1692 difficulty=1.000 loss=0.02508 wall=2951.7s
[spatial train] ppo_ontology_rgat seed=828 iteration=151/200 episodes=1812 difficulty=1.000 loss=0.01776 wall=2952.2s
[spatial train] ppo_vector_canonical seed=828 iteration=135/200 episodes=1620 difficulty=1.000 loss=0.02032 wall=2954.4s
[spatial train] ppo_vector_canonical seed=831 iteration=189/200 episodes=2268 difficulty=1.000 loss=0.01065 wall=2955.0s
[spatial train] ppo_ontology_rgat seed=830 iteration=142/200 episodes=1704 difficulty=1.000 loss=-0.00544 wall=2957.0s
[spatial train] ppo_vector_canonical seed=832 iteration=2/200 episodes=24 difficulty=0.000 loss=0.00204 wall=61.0s
[spatial train] ppo_vector_canonical seed=829 iteration=187/200 episodes=2244 difficulty=1.000 loss=0.02190 wall=2957.6s
[spatial train] ppo_ontology_rgat seed=828 iteration=152/200 episodes=1824 difficulty=1.000 loss=0.01243 wall=2960.3s
[spatial train] ppo_semantic_flat seed=828 iteration=128/200 episodes=1536 difficulty=1.000 loss=0.02519 wall=2960.7s
[spatial train] ppo_vector_canonical seed=828 iteration=136/200 episodes=1632 difficulty=1.000 loss=0.02583 wall=2961.4s
[spatial train] ppo_semantic_flat seed=831 iteration=39/200 episodes=468 difficulty=1.000 loss=0.07488 wall=730.6s
[spatial train] ppo_ontology_rgat seed=829 iteration=129/200 episodes=1548 difficulty=1.000 loss=0.01908 wall=2962.4s
[spatial train] ppo_vector_canonical seed=828 iteration=137/200 episodes=1644 difficulty=1.000 loss=-0.00208 wall=2965.8s
[spatial train] ppo_ontology_rgat seed=828 iteration=153/200 episodes=1836 difficulty=1.000 loss=0.14262 wall=2966.9s
[spatial train] ppo_vector_canonical seed=831 iteration=190/200 episodes=2280 difficulty=1.000 loss=0.00789 wall=2966.7s
[spatial train] ppo_vector_canonical seed=829 iteration=188/200 episodes=2256 difficulty=1.000 loss=0.01931 wall=2967.4s
[spatial train] ppo_ontology_rgat seed=830 iteration=143/200 episodes=1716 difficulty=1.000 loss=0.02734 wall=2967.6s
[spatial train] ppo_ontology_rgat seed=830 iteration=144/200 episodes=1728 difficulty=1.000 loss=-0.01287 wall=2972.4s
[spatial train] ppo_vector_canonical seed=828 iteration=138/200 episodes=1656 difficulty=1.000 loss=0.01752 wall=2972.8s
[spatial train] ppo_semantic_flat seed=828 iteration=129/200 episodes=1548 difficulty=1.000 loss=0.03714 wall=2973.4s
[spatial train] ppo_vector_canonical seed=829 iteration=189/200 episodes=2268 difficulty=1.000 loss=0.00862 wall=2974.0s
[spatial train] ppo_ontology_rgat seed=828 iteration=154/200 episodes=1848 difficulty=1.000 loss=-0.03984 wall=2974.2s
[spatial train] ppo_ontology_rgat seed=829 iteration=130/200 episodes=1560 difficulty=1.000 loss=-0.00148 wall=2974.5s
[spatial train] ppo_ontology_rgat seed=830 iteration=145/200 episodes=1740 difficulty=1.000 loss=0.01682 wall=2976.5s
[spatial train] ppo_ontology_rgat seed=831 iteration=3/200 episodes=36 difficulty=0.000 loss=0.00000 wall=102.3s
[spatial train] ppo_semantic_flat seed=831 iteration=40/200 episodes=480 difficulty=1.000 loss=0.01269 wall=747.0s
[spatial train] ppo_vector_canonical seed=828 iteration=139/200 episodes=1668 difficulty=1.000 loss=0.01520 wall=2980.1s
[spatial train] ppo_ontology_rgat seed=828 iteration=155/200 episodes=1860 difficulty=1.000 loss=0.06577 wall=2980.3s
[spatial train] ppo_vector_canonical seed=831 iteration=191/200 episodes=2292 difficulty=1.000 loss=0.01826 wall=2980.1s
[spatial train] ppo_vector_canonical seed=829 iteration=190/200 episodes=2280 difficulty=1.000 loss=-0.00843 wall=2980.8s
[spatial train] ppo_vector_canonical seed=832 iteration=3/200 episodes=36 difficulty=0.000 loss=0.00000 wall=89.4s
[spatial train] ppo_semantic_flat seed=828 iteration=130/200 episodes=1560 difficulty=1.000 loss=0.02012 wall=2987.3s
[spatial train] ppo_semantic_flat seed=831 iteration=41/200 episodes=492 difficulty=1.000 loss=0.00885 wall=756.6s
[spatial train] ppo_ontology_rgat seed=829 iteration=131/200 episodes=1572 difficulty=1.000 loss=0.00419 wall=2988.5s
[spatial train] ppo_vector_canonical seed=829 iteration=191/200 episodes=2292 difficulty=1.000 loss=0.01376 wall=2989.4s
[spatial train] ppo_ontology_rgat seed=830 iteration=146/200 episodes=1752 difficulty=1.000 loss=-0.00118 wall=2989.9s
[spatial train] ppo_ontology_rgat seed=828 iteration=156/200 episodes=1872 difficulty=1.000 loss=0.02692 wall=2990.4s
[spatial train] ppo_vector_canonical seed=828 iteration=140/200 episodes=1680 difficulty=1.000 loss=0.01660 wall=2991.4s
[spatial train] ppo_ontology_rgat seed=831 iteration=4/200 episodes=48 difficulty=0.000 loss=0.00000 wall=115.9s
[spatial train] ppo_vector_canonical seed=831 iteration=192/200 episodes=2304 difficulty=1.000 loss=0.00119 wall=2991.6s
[spatial train] ppo_ontology_rgat seed=830 iteration=147/200 episodes=1764 difficulty=1.000 loss=0.04254 wall=2994.3s
[spatial train] ppo_ontology_rgat seed=831 iteration=5/200 episodes=60 difficulty=0.000 loss=0.00000 wall=119.5s
[spatial train] ppo_ontology_rgat seed=828 iteration=157/200 episodes=1884 difficulty=1.000 loss=0.00511 wall=2995.6s
[spatial train] ppo_vector_canonical seed=828 iteration=141/200 episodes=1692 difficulty=1.000 loss=0.01217 wall=2996.7s
[spatial train] ppo_vector_canonical seed=829 iteration=192/200 episodes=2304 difficulty=1.000 loss=0.01959 wall=2996.9s
[spatial train] ppo_semantic_flat seed=831 iteration=42/200 episodes=504 difficulty=1.000 loss=0.02017 wall=765.8s
[spatial train] ppo_ontology_rgat seed=830 iteration=148/200 episodes=1776 difficulty=1.000 loss=0.01644 wall=2998.5s
[spatial train] ppo_vector_canonical seed=831 iteration=193/200 episodes=2316 difficulty=1.000 loss=0.00879 wall=3001.5s
[spatial train] ppo_ontology_rgat seed=831 iteration=6/200 episodes=72 difficulty=0.100 loss=0.00000 wall=126.5s
[spatial train] ppo_vector_canonical seed=829 iteration=193/200 episodes=2316 difficulty=1.000 loss=0.01057 wall=3003.1s
[spatial train] ppo_vector_canonical seed=828 iteration=142/200 episodes=1704 difficulty=1.000 loss=0.00861 wall=3005.6s
[spatial train] ppo_ontology_rgat seed=831 iteration=7/200 episodes=84 difficulty=0.100 loss=0.00000 wall=131.2s
[spatial train] ppo_ontology_rgat seed=829 iteration=132/200 episodes=1584 difficulty=1.000 loss=-0.00123 wall=3007.4s
[spatial train] ppo_ontology_rgat seed=830 iteration=149/200 episodes=1788 difficulty=1.000 loss=0.00731 wall=3007.8s
[spatial train] ppo_ontology_rgat seed=828 iteration=158/200 episodes=1896 difficulty=1.000 loss=-0.01002 wall=3008.1s
[spatial train] ppo_vector_canonical seed=832 iteration=4/200 episodes=48 difficulty=0.000 loss=0.00000 wall=112.3s
[spatial train] ppo_semantic_flat seed=828 iteration=131/200 episodes=1572 difficulty=1.000 loss=0.01794 wall=3009.5s
[spatial train] ppo_vector_canonical seed=828 iteration=143/200 episodes=1716 difficulty=1.000 loss=0.00960 wall=3011.2s
[spatial train] ppo_semantic_flat seed=831 iteration=43/200 episodes=516 difficulty=1.000 loss=0.02398 wall=779.8s
[spatial train] ppo_ontology_rgat seed=830 iteration=150/200 episodes=1800 difficulty=1.000 loss=0.01407 wall=3013.2s
[spatial train] ppo_ontology_rgat seed=828 iteration=159/200 episodes=1908 difficulty=1.000 loss=-0.01187 wall=3016.2s
[spatial train] ppo_vector_canonical seed=828 iteration=144/200 episodes=1728 difficulty=1.000 loss=0.00765 wall=3016.7s
[spatial train] ppo_ontology_rgat seed=829 iteration=133/200 episodes=1596 difficulty=1.000 loss=0.01264 wall=3016.7s
[spatial train] ppo_vector_canonical seed=832 iteration=5/200 episodes=60 difficulty=0.000 loss=0.00000 wall=121.4s
[spatial train] ppo_ontology_rgat seed=830 iteration=151/200 episodes=1812 difficulty=1.000 loss=0.01738 wall=3017.6s
[spatial train] ppo_vector_canonical seed=828 iteration=145/200 episodes=1740 difficulty=1.000 loss=-0.01028 wall=3020.1s
[spatial train] ppo_ontology_rgat seed=831 iteration=8/200 episodes=96 difficulty=0.200 loss=0.01401 wall=145.0s
[spatial train] ppo_semantic_flat seed=831 iteration=44/200 episodes=528 difficulty=1.000 loss=0.01420 wall=790.7s
[spatial train] ppo_vector_canonical seed=831 iteration=194/200 episodes=2328 difficulty=1.000 loss=0.02081 wall=3023.0s
[spatial train] ppo_ontology_rgat seed=830 iteration=152/200 episodes=1824 difficulty=1.000 loss=0.01187 wall=3024.6s
[spatial train] ppo_vector_canonical seed=829 iteration=194/200 episodes=2328 difficulty=1.000 loss=0.01676 wall=3025.1s
[spatial train] ppo_vector_canonical seed=828 iteration=146/200 episodes=1752 difficulty=1.000 loss=0.02296 wall=3026.1s
[spatial train] ppo_semantic_flat seed=828 iteration=132/200 episodes=1584 difficulty=1.000 loss=0.03441 wall=3026.9s
[spatial train] ppo_semantic_flat seed=831 iteration=45/200 episodes=540 difficulty=1.000 loss=0.01783 wall=797.0s
[spatial train] ppo_ontology_rgat seed=830 iteration=153/200 episodes=1836 difficulty=1.000 loss=0.05726 wall=3028.8s
[spatial train] ppo_ontology_rgat seed=829 iteration=134/200 episodes=1608 difficulty=1.000 loss=0.01940 wall=3031.1s
[spatial train] ppo_vector_canonical seed=829 iteration=195/200 episodes=2340 difficulty=1.000 loss=0.01301 wall=3032.0s
[spatial train] ppo_vector_canonical seed=828 iteration=147/200 episodes=1764 difficulty=1.000 loss=0.01637 wall=3032.5s
[spatial train] ppo_ontology_rgat seed=831 iteration=9/200 episodes=108 difficulty=0.200 loss=0.00389 wall=157.6s
[spatial train] ppo_ontology_rgat seed=828 iteration=160/200 episodes=1920 difficulty=1.000 loss=0.02649 wall=3033.8s
[spatial train] ppo_vector_canonical seed=832 iteration=6/200 episodes=72 difficulty=0.100 loss=0.03208 wall=137.7s
[spatial train] ppo_vector_canonical seed=831 iteration=195/200 episodes=2340 difficulty=1.000 loss=0.02855 wall=3035.5s
[spatial train] ppo_vector_canonical seed=828 iteration=148/200 episodes=1776 difficulty=1.000 loss=-0.04416 wall=3037.2s
[spatial train] ppo_ontology_rgat seed=829 iteration=135/200 episodes=1620 difficulty=1.000 loss=-0.00979 wall=3038.1s
[spatial train] ppo_ontology_rgat seed=830 iteration=154/200 episodes=1848 difficulty=1.000 loss=-0.03381 wall=3039.7s
[spatial train] ppo_vector_canonical seed=828 iteration=149/200 episodes=1788 difficulty=1.000 loss=-0.05119 wall=3041.7s
[spatial train] ppo_ontology_rgat seed=831 iteration=10/200 episodes=120 difficulty=0.300 loss=0.00951 wall=166.2s
[spatial train] ppo_semantic_flat seed=831 iteration=46/200 episodes=552 difficulty=1.000 loss=0.00966 wall=811.1s
[spatial train] ppo_vector_canonical seed=831 iteration=196/200 episodes=2352 difficulty=1.000 loss=0.01602 wall=3043.7s
[spatial train] ppo_vector_canonical seed=828 iteration=150/200 episodes=1800 difficulty=1.000 loss=0.02931 wall=3045.3s
[spatial train] ppo_ontology_rgat seed=830 iteration=155/200 episodes=1860 difficulty=1.000 loss=0.00817 wall=3045.7s
[spatial train] ppo_ontology_rgat seed=829 iteration=136/200 episodes=1632 difficulty=1.000 loss=0.00842 wall=3047.0s
[spatial train] ppo_vector_canonical seed=828 iteration=151/200 episodes=1812 difficulty=1.000 loss=0.02349 wall=3049.4s
[spatial train] ppo_vector_canonical seed=832 iteration=7/200 episodes=84 difficulty=0.100 loss=0.02059 wall=155.0s
[spatial train] ppo_semantic_flat seed=831 iteration=47/200 episodes=564 difficulty=1.000 loss=0.01945 wall=821.2s
[spatial train] ppo_semantic_flat seed=828 iteration=133/200 episodes=1596 difficulty=1.000 loss=-0.00068 wall=3053.4s
[spatial train] ppo_vector_canonical seed=828 iteration=152/200 episodes=1824 difficulty=1.000 loss=-0.07523 wall=3053.7s
[spatial train] ppo_vector_canonical seed=829 iteration=196/200 episodes=2352 difficulty=1.000 loss=0.01748 wall=3053.6s
[spatial train] ppo_ontology_rgat seed=830 iteration=156/200 episodes=1872 difficulty=1.000 loss=0.01539 wall=3054.3s
[spatial train] ppo_ontology_rgat seed=828 iteration=161/200 episodes=1932 difficulty=1.000 loss=0.01140 wall=3054.5s
[spatial train] ppo_vector_canonical seed=831 iteration=197/200 episodes=2364 difficulty=1.000 loss=0.04002 wall=3057.4s
[spatial train] ppo_ontology_rgat seed=831 iteration=11/200 episodes=132 difficulty=0.300 loss=0.00776 wall=182.7s
[spatial train] ppo_vector_canonical seed=828 iteration=153/200 episodes=1836 difficulty=1.000 loss=0.02505 wall=3059.2s
[spatial train] ppo_semantic_flat seed=831 iteration=48/200 episodes=576 difficulty=1.000 loss=0.07111 wall=828.0s
[spatial train] ppo_ontology_rgat seed=829 iteration=137/200 episodes=1644 difficulty=1.000 loss=0.02016 wall=3059.7s
[spatial train] ppo_vector_canonical seed=829 iteration=197/200 episodes=2364 difficulty=1.000 loss=0.02472 wall=3060.5s
[spatial train] ppo_ontology_rgat seed=830 iteration=157/200 episodes=1884 difficulty=1.000 loss=0.01580 wall=3061.4s
[spatial train] ppo_vector_canonical seed=828 iteration=154/200 episodes=1848 difficulty=1.000 loss=0.01757 wall=3063.2s
[spatial train] ppo_ontology_rgat seed=828 iteration=162/200 episodes=1944 difficulty=1.000 loss=0.01663 wall=3065.1s
[spatial train] ppo_vector_canonical seed=831 iteration=198/200 episodes=2376 difficulty=1.000 loss=0.04445 wall=3067.3s
[spatial train] ppo_vector_canonical seed=828 iteration=155/200 episodes=1860 difficulty=1.000 loss=0.00091 wall=3068.1s
[spatial train] ppo_semantic_flat seed=828 iteration=134/200 episodes=1608 difficulty=1.000 loss=-0.00368 wall=3068.7s
[spatial train] ppo_ontology_rgat seed=831 iteration=12/200 episodes=144 difficulty=0.300 loss=0.01307 wall=192.8s
[spatial train] ppo_ontology_rgat seed=830 iteration=158/200 episodes=1896 difficulty=1.000 loss=0.01549 wall=3068.9s
[spatial train] ppo_ontology_rgat seed=829 iteration=138/200 episodes=1656 difficulty=1.000 loss=0.06028 wall=3068.7s
[spatial train] ppo_vector_canonical seed=832 iteration=8/200 episodes=96 difficulty=0.200 loss=0.01298 wall=174.0s
[spatial train] ppo_vector_canonical seed=829 iteration=198/200 episodes=2376 difficulty=1.000 loss=-0.04644 wall=3071.5s
[spatial train] ppo_vector_canonical seed=828 iteration=156/200 episodes=1872 difficulty=1.000 loss=0.00203 wall=3073.0s
[spatial train] ppo_ontology_rgat seed=829 iteration=139/200 episodes=1668 difficulty=1.000 loss=-0.04372 wall=3073.9s
[spatial train] ppo_ontology_rgat seed=830 iteration=159/200 episodes=1908 difficulty=1.000 loss=0.05402 wall=3074.1s
[spatial train] ppo_ontology_rgat seed=831 iteration=13/200 episodes=156 difficulty=0.400 loss=0.03407 wall=199.9s
[spatial train] ppo_semantic_flat seed=831 iteration=49/200 episodes=588 difficulty=1.000 loss=-0.04259 wall=845.5s
[spatial train] ppo_vector_canonical seed=828 iteration=157/200 episodes=1884 difficulty=1.000 loss=-0.03152 wall=3077.2s
[spatial train] ppo_ontology_rgat seed=830 iteration=160/200 episodes=1920 difficulty=1.000 loss=0.01116 wall=3079.5s
[spatial train] ppo_semantic_flat seed=828 iteration=135/200 episodes=1620 difficulty=1.000 loss=0.00947 wall=3080.2s
[spatial train] ppo_ontology_rgat seed=828 iteration=163/200 episodes=1956 difficulty=1.000 loss=0.01753 wall=3080.9s
[spatial train] ppo_vector_canonical seed=831 iteration=199/200 episodes=2388 difficulty=1.000 loss=-0.00149 wall=3080.7s
[spatial train] ppo_vector_canonical seed=832 iteration=9/200 episodes=108 difficulty=0.200 loss=0.00867 wall=185.0s
[spatial train] ppo_vector_canonical seed=831 iteration=200/200 episodes=2400 difficulty=1.000 loss=0.01925 wall=3086.2s
[spatial train] ppo_vector_canonical seed=828 iteration=158/200 episodes=1896 difficulty=1.000 loss=0.02821 wall=3087.6s
[spatial train] ppo_semantic_flat seed=831 iteration=50/200 episodes=600 difficulty=1.000 loss=0.07523 wall=856.4s
[spatial train] ppo_ontology_rgat seed=831 iteration=14/200 episodes=168 difficulty=0.400 loss=0.01471 wall=212.2s
[spatial train] ppo_ontology_rgat seed=830 iteration=161/200 episodes=1932 difficulty=1.000 loss=0.04423 wall=3088.7s
[spatial train] ppo_vector_canonical seed=829 iteration=199/200 episodes=2388 difficulty=1.000 loss=0.02039 wall=3088.9s
[spatial train] ppo_semantic_flat seed=828 iteration=136/200 episodes=1632 difficulty=1.000 loss=0.02379 wall=3090.5s
[spatial train] ppo_vector_canonical seed=832 iteration=10/200 episodes=120 difficulty=0.300 loss=0.01135 wall=194.3s
[spatial train] ppo_ontology_rgat seed=828 iteration=164/200 episodes=1968 difficulty=1.000 loss=0.01866 wall=3091.8s
[spatial train] ppo_ontology_rgat seed=829 iteration=140/200 episodes=1680 difficulty=1.000 loss=0.02228 wall=3092.3s
[spatial train] ppo_semantic_flat seed=831 iteration=51/200 episodes=612 difficulty=1.000 loss=0.00999 wall=866.0s
[spatial train] ppo_ontology_rgat seed=830 iteration=162/200 episodes=1944 difficulty=1.000 loss=0.02393 wall=3098.4s
[spatial train] ppo_semantic_flat seed=828 iteration=137/200 episodes=1644 difficulty=1.000 loss=0.00679 wall=3099.2s
[spatial train] ppo_vector_canonical seed=828 iteration=159/200 episodes=1908 difficulty=1.000 loss=0.02177 wall=3099.7s
[spatial train] ppo_ontology_rgat seed=831 iteration=15/200 episodes=180 difficulty=0.500 loss=0.04770 wall=224.5s
[spatial train] ppo_vector_canonical seed=832 iteration=11/200 episodes=132 difficulty=0.300 loss=0.00899 wall=204.7s
[spatial train] ppo_ontology_rgat seed=829 iteration=141/200 episodes=1692 difficulty=1.000 loss=0.04466 wall=3102.9s
[spatial train] ppo_ontology_rgat seed=830 iteration=163/200 episodes=1956 difficulty=1.000 loss=0.01448 wall=3107.1s
[spatial train] ppo_ontology_rgat seed=828 iteration=165/200 episodes=1980 difficulty=1.000 loss=0.01972 wall=3107.4s
[spatial train] ppo_semantic_flat seed=831 iteration=52/200 episodes=624 difficulty=1.000 loss=0.00131 wall=876.6s
[spatial train] ppo_vector_canonical seed=828 iteration=160/200 episodes=1920 difficulty=1.000 loss=0.01049 wall=3108.5s
[spatial train] ppo_ontology_rgat seed=829 iteration=142/200 episodes=1704 difficulty=1.000 loss=-0.00874 wall=3112.6s
[spatial train] ppo_vector_canonical seed=832 iteration=12/200 episodes=144 difficulty=0.300 loss=0.00784 wall=216.9s
[spatial train] ppo_semantic_flat seed=828 iteration=138/200 episodes=1656 difficulty=1.000 loss=0.02055 wall=3114.0s
[spatial train] ppo_ontology_rgat seed=830 iteration=164/200 episodes=1968 difficulty=1.000 loss=0.05885 wall=3115.9s
[spatial train] ppo_semantic_flat seed=831 iteration=53/200 episodes=636 difficulty=1.000 loss=0.02954 wall=884.9s
[spatial train] ppo_vector_canonical seed=828 iteration=161/200 episodes=1932 difficulty=1.000 loss=0.06974 wall=3117.0s
[spatial train] ppo_ontology_rgat seed=828 iteration=166/200 episodes=1992 difficulty=1.000 loss=0.01809 wall=3117.2s
[spatial train] ppo_ontology_rgat seed=831 iteration=16/200 episodes=192 difficulty=0.500 loss=0.01791 wall=241.3s
[spatial train] ppo_semantic_flat seed=832 iteration=1/200 episodes=12 difficulty=0.000 loss=-0.00222 wall=33.6s
[spatial train] ppo_vector_canonical seed=829 iteration=200/200 episodes=2400 difficulty=1.000 loss=0.01215 wall=3120.3s
[spatial train] ppo_ontology_rgat seed=829 iteration=143/200 episodes=1716 difficulty=1.000 loss=0.02263 wall=3121.5s
[spatial train] ppo_vector_canonical seed=832 iteration=13/200 episodes=156 difficulty=0.400 loss=0.01997 wall=226.6s
[spatial train] ppo_vector_canonical seed=828 iteration=162/200 episodes=1944 difficulty=1.000 loss=0.01213 wall=3123.0s
[spatial train] ppo_semantic_flat seed=828 iteration=139/200 episodes=1668 difficulty=1.000 loss=0.01405 wall=3123.6s
[spatial train] ppo_semantic_flat seed=831 iteration=54/200 episodes=648 difficulty=1.000 loss=0.01377 wall=895.3s
[spatial train] ppo_ontology_rgat seed=828 iteration=167/200 episodes=2004 difficulty=1.000 loss=0.00128 wall=3128.4s
[spatial train] ppo_vector_canonical seed=832 iteration=14/200 episodes=168 difficulty=0.400 loss=0.00589 wall=234.7s
[spatial train] ppo_vector_canonical seed=828 iteration=163/200 episodes=1956 difficulty=1.000 loss=0.01384 wall=3131.0s
[spatial train] ppo_ontology_rgat seed=829 iteration=144/200 episodes=1728 difficulty=1.000 loss=0.03926 wall=3131.2s
[spatial train] ppo_ontology_rgat seed=830 iteration=165/200 episodes=1980 difficulty=1.000 loss=0.02662 wall=3133.3s
[spatial train] ppo_ontology_rgat seed=831 iteration=17/200 episodes=204 difficulty=0.600 loss=-0.03098 wall=257.8s
[spatial train] ppo_vector_canonical seed=828 iteration=164/200 episodes=1968 difficulty=1.000 loss=0.03653 wall=3137.7s
[spatial train] ppo_semantic_flat seed=831 iteration=55/200 episodes=660 difficulty=1.000 loss=0.01331 wall=908.1s
[spatial train] ppo_vector_canonical seed=832 iteration=15/200 episodes=180 difficulty=0.500 loss=0.02589 wall=246.3s
[spatial train] ppo_semantic_flat seed=828 iteration=140/200 episodes=1680 difficulty=1.000 loss=0.02674 wall=3144.2s
[spatial train] ppo_vector_canonical seed=828 iteration=165/200 episodes=1980 difficulty=1.000 loss=-0.00022 wall=3144.5s
[spatial train] ppo_ontology_rgat seed=829 iteration=145/200 episodes=1740 difficulty=1.000 loss=0.06337 wall=3146.9s
[spatial train] ppo_ontology_rgat seed=831 iteration=18/200 episodes=216 difficulty=0.600 loss=0.01625 wall=273.3s
[spatial train] ppo_ontology_rgat seed=828 iteration=168/200 episodes=2016 difficulty=1.000 loss=0.02198 wall=3149.7s
[spatial train] ppo_semantic_flat seed=831 iteration=56/200 episodes=672 difficulty=1.000 loss=-0.05264 wall=918.5s
[spatial train] ppo_vector_canonical seed=832 iteration=16/200 episodes=192 difficulty=0.500 loss=0.01367 wall=254.8s
[spatial train] ppo_vector_canonical seed=828 iteration=166/200 episodes=1992 difficulty=1.000 loss=0.01160 wall=3152.5s
[spatial train] ppo_ontology_rgat seed=830 iteration=166/200 episodes=1992 difficulty=1.000 loss=0.02122 wall=3155.9s
[spatial train] ppo_semantic_flat seed=828 iteration=141/200 episodes=1692 difficulty=1.000 loss=0.04445 wall=3156.2s
[spatial train] ppo_semantic_flat seed=832 iteration=2/200 episodes=24 difficulty=0.000 loss=0.00191 wall=70.1s
[spatial train] ppo_vector_canonical seed=828 iteration=167/200 episodes=2004 difficulty=1.000 loss=0.02268 wall=3157.4s
[spatial train] ppo_vector_canonical seed=832 iteration=17/200 episodes=204 difficulty=0.600 loss=0.00536 wall=261.8s
[spatial train] ppo_ontology_rgat seed=829 iteration=146/200 episodes=1752 difficulty=1.000 loss=0.00092 wall=3160.5s
[spatial train] ppo_vector_canonical seed=832 iteration=18/200 episodes=216 difficulty=0.600 loss=0.04769 wall=265.9s
[spatial train] ppo_ontology_rgat seed=828 iteration=169/200 episodes=2028 difficulty=1.000 loss=0.03020 wall=3162.8s
[spatial train] ppo_semantic_flat seed=831 iteration=57/200 episodes=684 difficulty=1.000 loss=0.02285 wall=931.6s
[spatial train] ppo_vector_canonical seed=828 iteration=168/200 episodes=2016 difficulty=1.000 loss=0.01060 wall=3164.9s
[spatial train] ppo_ontology_rgat seed=830 iteration=167/200 episodes=2004 difficulty=1.000 loss=-0.07352 wall=3166.3s
[spatial train] ppo_ontology_rgat seed=831 iteration=19/200 episodes=228 difficulty=0.700 loss=0.02377 wall=292.1s
[spatial train] ppo_semantic_flat seed=828 iteration=142/200 episodes=1704 difficulty=1.000 loss=-0.13570 wall=3169.5s
[spatial train] ppo_vector_canonical seed=828 iteration=169/200 episodes=2028 difficulty=1.000 loss=0.00828 wall=3169.9s
[spatial train] ppo_vector_canonical seed=832 iteration=19/200 episodes=228 difficulty=0.700 loss=0.01679 wall=274.7s
[spatial train] ppo_ontology_rgat seed=829 iteration=147/200 episodes=1764 difficulty=1.000 loss=0.02618 wall=3173.0s
[spatial train] ppo_vector_canonical seed=832 iteration=20/200 episodes=240 difficulty=0.700 loss=0.00136 wall=280.1s
[spatial train] ppo_semantic_flat seed=831 iteration=58/200 episodes=696 difficulty=1.000 loss=0.01955 wall=945.4s
[spatial train] ppo_vector_canonical seed=828 iteration=170/200 episodes=2040 difficulty=1.000 loss=0.02878 wall=3177.6s
[spatial train] ppo_ontology_rgat seed=829 iteration=148/200 episodes=1776 difficulty=1.000 loss=0.02037 wall=3178.8s
[spatial train] ppo_ontology_rgat seed=831 iteration=20/200 episodes=240 difficulty=0.700 loss=0.01419 wall=303.8s
[spatial train] ppo_ontology_rgat seed=828 iteration=170/200 episodes=2040 difficulty=1.000 loss=0.02592 wall=3181.7s
[spatial train] ppo_semantic_flat seed=828 iteration=143/200 episodes=1716 difficulty=1.000 loss=-0.00223 wall=3182.1s
[spatial train] ppo_vector_canonical seed=828 iteration=171/200 episodes=2052 difficulty=1.000 loss=0.01320 wall=3182.3s
[spatial train] ppo_ontology_rgat seed=830 iteration=168/200 episodes=2016 difficulty=1.000 loss=0.01495 wall=3183.2s
[spatial train] ppo_vector_canonical seed=832 iteration=21/200 episodes=252 difficulty=0.700 loss=0.00608 wall=290.4s
[spatial train] ppo_ontology_rgat seed=829 iteration=149/200 episodes=1788 difficulty=1.000 loss=0.01875 wall=3188.1s
[spatial train] ppo_semantic_flat seed=832 iteration=3/200 episodes=36 difficulty=0.000 loss=0.00000 wall=101.8s
[spatial train] ppo_ontology_rgat seed=831 iteration=21/200 episodes=252 difficulty=0.700 loss=0.02835 wall=313.4s
[spatial train] ppo_semantic_flat seed=831 iteration=59/200 episodes=708 difficulty=1.000 loss=0.01705 wall=958.2s
[spatial train] ppo_vector_canonical seed=828 iteration=172/200 episodes=2064 difficulty=1.000 loss=0.01204 wall=3191.8s
[spatial train] ppo_semantic_flat seed=828 iteration=144/200 episodes=1728 difficulty=1.000 loss=-0.06009 wall=3192.3s
[spatial train] ppo_vector_canonical seed=832 iteration=22/200 episodes=264 difficulty=0.800 loss=0.05276 wall=297.1s
[spatial train] ppo_ontology_rgat seed=830 iteration=169/200 episodes=2028 difficulty=1.000 loss=-0.00416 wall=3193.4s
[spatial train] ppo_semantic_flat seed=828 iteration=145/200 episodes=1740 difficulty=1.000 loss=-0.02276 wall=3201.3s
[spatial train] ppo_vector_canonical seed=828 iteration=173/200 episodes=2076 difficulty=1.000 loss=0.03932 wall=3203.2s
[spatial train] ppo_semantic_flat seed=831 iteration=60/200 episodes=720 difficulty=1.000 loss=0.02067 wall=971.6s
[spatial train] ppo_vector_canonical seed=832 iteration=23/200 episodes=276 difficulty=0.800 loss=-0.04588 wall=308.2s
[spatial train] ppo_ontology_rgat seed=828 iteration=171/200 episodes=2052 difficulty=1.000 loss=-0.00969 wall=3204.6s
[spatial train] ppo_ontology_rgat seed=832 iteration=1/200 episodes=12 difficulty=0.000 loss=-0.00220 wall=84.3s
[spatial train] ppo_ontology_rgat seed=829 iteration=150/200 episodes=1800 difficulty=1.000 loss=0.00661 wall=3206.0s
[spatial train] ppo_semantic_flat seed=832 iteration=4/200 episodes=48 difficulty=0.000 loss=0.00000 wall=120.0s
[spatial train] ppo_ontology_rgat seed=830 iteration=170/200 episodes=2040 difficulty=1.000 loss=0.01343 wall=3207.3s
[spatial train] ppo_ontology_rgat seed=831 iteration=22/200 episodes=264 difficulty=0.800 loss=0.01117 wall=332.2s
[spatial train] ppo_vector_canonical seed=828 iteration=174/200 episodes=2088 difficulty=1.000 loss=-0.02140 wall=3208.4s
[spatial train] ppo_vector_canonical seed=832 iteration=24/200 episodes=288 difficulty=0.900 loss=0.02082 wall=315.9s
[spatial train] ppo_semantic_flat seed=831 iteration=61/200 episodes=732 difficulty=1.000 loss=0.01584 wall=981.8s
[spatial train] ppo_vector_canonical seed=828 iteration=175/200 episodes=2100 difficulty=1.000 loss=0.05570 wall=3214.8s
[spatial train] ppo_vector_canonical seed=828 iteration=176/200 episodes=2112 difficulty=1.000 loss=0.06965 wall=3219.4s
[spatial train] ppo_ontology_rgat seed=828 iteration=172/200 episodes=2064 difficulty=1.000 loss=-0.02942 wall=3220.0s
[spatial train] ppo_ontology_rgat seed=829 iteration=151/200 episodes=1812 difficulty=1.000 loss=0.02275 wall=3220.2s
[spatial train] ppo_semantic_flat seed=828 iteration=146/200 episodes=1752 difficulty=1.000 loss=-0.02918 wall=3222.0s
[spatial train] ppo_semantic_flat seed=832 iteration=5/200 episodes=60 difficulty=0.000 loss=0.00000 wall=137.7s
[spatial train] ppo_semantic_flat seed=831 iteration=62/200 episodes=744 difficulty=1.000 loss=0.02511 wall=993.6s
[spatial train] ppo_vector_canonical seed=832 iteration=25/200 episodes=300 difficulty=0.900 loss=0.01126 wall=329.1s
[spatial train] ppo_ontology_rgat seed=830 iteration=171/200 episodes=2052 difficulty=1.000 loss=0.02210 wall=3226.7s
[spatial train] ppo_ontology_rgat seed=831 iteration=23/200 episodes=276 difficulty=0.800 loss=0.00689 wall=352.6s
[spatial train] ppo_ontology_rgat seed=829 iteration=152/200 episodes=1824 difficulty=1.000 loss=0.04202 wall=3229.3s
[spatial train] ppo_vector_canonical seed=828 iteration=177/200 episodes=2124 difficulty=1.000 loss=0.00674 wall=3230.2s
[spatial train] ppo_semantic_flat seed=831 iteration=63/200 episodes=756 difficulty=1.000 loss=0.01642 wall=1001.2s
[spatial train] ppo_semantic_flat seed=828 iteration=147/200 episodes=1764 difficulty=1.000 loss=0.02221 wall=3233.5s
[spatial train] ppo_vector_canonical seed=832 iteration=26/200 episodes=312 difficulty=1.000 loss=0.00965 wall=338.4s
[spatial train] ppo_ontology_rgat seed=828 iteration=173/200 episodes=2076 difficulty=1.000 loss=0.00798 wall=3237.6s
[spatial train] ppo_ontology_rgat seed=829 iteration=153/200 episodes=1836 difficulty=1.000 loss=0.01427 wall=3237.3s
[spatial train] ppo_vector_canonical seed=828 iteration=178/200 episodes=2136 difficulty=1.000 loss=0.02372 wall=3238.1s
[spatial train] ppo_vector_canonical seed=832 iteration=27/200 episodes=324 difficulty=1.000 loss=0.01884 wall=345.4s
[spatial train] ppo_semantic_flat seed=831 iteration=64/200 episodes=768 difficulty=1.000 loss=0.01933 wall=1010.8s
[spatial train] ppo_ontology_rgat seed=831 iteration=24/200 episodes=288 difficulty=0.900 loss=0.01387 wall=367.5s
[spatial train] ppo_ontology_rgat seed=830 iteration=172/200 episodes=2064 difficulty=1.000 loss=0.00821 wall=3243.4s
[spatial train] ppo_semantic_flat seed=828 iteration=148/200 episodes=1776 difficulty=1.000 loss=0.02609 wall=3245.1s
[spatial train] ppo_ontology_rgat seed=829 iteration=154/200 episodes=1848 difficulty=1.000 loss=0.06485 wall=3245.2s
[spatial train] ppo_semantic_flat seed=832 iteration=6/200 episodes=72 difficulty=0.100 loss=0.00000 wall=159.5s
[spatial train] ppo_vector_canonical seed=828 iteration=179/200 episodes=2148 difficulty=1.000 loss=0.00873 wall=3248.2s
[spatial train] ppo_ontology_rgat seed=832 iteration=2/200 episodes=24 difficulty=0.000 loss=0.00194 wall=129.1s
[spatial train] ppo_ontology_rgat seed=829 iteration=155/200 episodes=1860 difficulty=1.000 loss=0.00740 wall=3253.9s
[spatial train] ppo_vector_canonical seed=832 iteration=28/200 episodes=336 difficulty=1.000 loss=0.01582 wall=358.2s
[spatial train] ppo_ontology_rgat seed=828 iteration=174/200 episodes=2088 difficulty=1.000 loss=0.09100 wall=3255.5s
[spatial train] ppo_ontology_rgat seed=831 iteration=25/200 episodes=300 difficulty=0.900 loss=0.01928 wall=379.9s
[spatial train] ppo_semantic_flat seed=831 iteration=65/200 episodes=780 difficulty=1.000 loss=0.01861 wall=1029.3s
[spatial train] ppo_vector_canonical seed=828 iteration=180/200 episodes=2160 difficulty=1.000 loss=0.01692 wall=3263.3s
[spatial train] ppo_semantic_flat seed=828 iteration=149/200 episodes=1788 difficulty=1.000 loss=0.02273 wall=3263.5s
[spatial train] ppo_vector_canonical seed=832 iteration=29/200 episodes=348 difficulty=1.000 loss=-0.01990 wall=367.4s
[spatial train] ppo_ontology_rgat seed=829 iteration=156/200 episodes=1872 difficulty=1.000 loss=0.07236 wall=3264.0s
[spatial train] ppo_semantic_flat seed=832 iteration=7/200 episodes=84 difficulty=0.100 loss=0.00000 wall=179.7s
[spatial train] ppo_vector_canonical seed=832 iteration=30/200 episodes=360 difficulty=1.000 loss=0.00565 wall=372.8s
[spatial train] ppo_vector_canonical seed=828 iteration=181/200 episodes=2172 difficulty=1.000 loss=0.01142 wall=3269.7s
[spatial train] ppo_semantic_flat seed=828 iteration=150/200 episodes=1800 difficulty=1.000 loss=0.01497 wall=3272.7s
[spatial train] ppo_ontology_rgat seed=828 iteration=175/200 episodes=2100 difficulty=1.000 loss=0.02849 wall=3272.7s
[spatial train] ppo_semantic_flat seed=831 iteration=66/200 episodes=792 difficulty=1.000 loss=0.02185 wall=1043.9s
[spatial train] ppo_vector_canonical seed=828 iteration=182/200 episodes=2184 difficulty=1.000 loss=0.01546 wall=3276.3s
[spatial train] ppo_ontology_rgat seed=829 iteration=157/200 episodes=1884 difficulty=1.000 loss=0.02205 wall=3278.2s
[spatial train] ppo_ontology_rgat seed=831 iteration=26/200 episodes=312 difficulty=1.000 loss=0.01984 wall=403.0s
[spatial train] ppo_vector_canonical seed=832 iteration=31/200 episodes=372 difficulty=1.000 loss=0.01104 wall=382.9s
[spatial train] ppo_semantic_flat seed=832 iteration=8/200 episodes=96 difficulty=0.200 loss=0.01234 wall=194.1s
[spatial train] ppo_semantic_flat seed=828 iteration=151/200 episodes=1812 difficulty=1.000 loss=0.02623 wall=3282.0s
[spatial train] ppo_ontology_rgat seed=830 iteration=173/200 episodes=2076 difficulty=1.000 loss=0.02646 wall=3282.1s
[spatial train] ppo_ontology_rgat seed=832 iteration=3/200 episodes=36 difficulty=0.000 loss=0.00000 wall=163.2s
[spatial train] ppo_ontology_rgat seed=828 iteration=176/200 episodes=2112 difficulty=1.000 loss=0.01539 wall=3284.9s
[spatial train] ppo_semantic_flat seed=831 iteration=67/200 episodes=804 difficulty=1.000 loss=0.01881 wall=1054.4s
[spatial train] ppo_vector_canonical seed=832 iteration=32/200 episodes=384 difficulty=1.000 loss=0.01258 wall=390.3s
[spatial train] ppo_vector_canonical seed=828 iteration=183/200 episodes=2196 difficulty=1.000 loss=0.01718 wall=3287.7s
[spatial train] ppo_semantic_flat seed=828 iteration=152/200 episodes=1824 difficulty=1.000 loss=0.01131 wall=3289.8s
[spatial train] ppo_semantic_flat seed=832 iteration=9/200 episodes=108 difficulty=0.200 loss=0.01384 wall=205.4s
[spatial train] ppo_semantic_flat seed=828 iteration=153/200 episodes=1836 difficulty=1.000 loss=0.02391 wall=3295.9s
[spatial train] ppo_vector_canonical seed=828 iteration=184/200 episodes=2208 difficulty=1.000 loss=0.01885 wall=3296.2s
[spatial train] ppo_ontology_rgat seed=828 iteration=177/200 episodes=2124 difficulty=1.000 loss=0.04949 wall=3296.8s
[spatial train] ppo_vector_canonical seed=832 iteration=33/200 episodes=396 difficulty=1.000 loss=0.01445 wall=402.3s
[spatial train] ppo_semantic_flat seed=831 iteration=68/200 episodes=816 difficulty=1.000 loss=-0.01373 wall=1067.3s
[spatial train] ppo_semantic_flat seed=828 iteration=154/200 episodes=1848 difficulty=1.000 loss=0.03120 wall=3301.3s
[spatial train] ppo_vector_canonical seed=828 iteration=185/200 episodes=2220 difficulty=1.000 loss=0.01605 wall=3303.4s
[spatial train] ppo_semantic_flat seed=832 iteration=10/200 episodes=120 difficulty=0.300 loss=0.01833 wall=216.9s
[spatial train] ppo_vector_canonical seed=832 iteration=34/200 episodes=408 difficulty=1.000 loss=0.02147 wall=408.2s
[spatial train] ppo_ontology_rgat seed=830 iteration=174/200 episodes=2088 difficulty=1.000 loss=0.01006 wall=3306.3s
[spatial train] ppo_semantic_flat seed=828 iteration=155/200 episodes=1860 difficulty=1.000 loss=0.00967 wall=3306.9s
[spatial train] ppo_ontology_rgat seed=829 iteration=158/200 episodes=1896 difficulty=1.000 loss=-0.01995 wall=3307.4s
[spatial train] ppo_ontology_rgat seed=832 iteration=4/200 episodes=48 difficulty=0.100 loss=0.00000 wall=188.4s
[spatial train] ppo_ontology_rgat seed=831 iteration=27/200 episodes=324 difficulty=1.000 loss=0.02494 wall=435.8s
[spatial train] ppo_vector_canonical seed=828 iteration=186/200 episodes=2232 difficulty=1.000 loss=0.02289 wall=3312.0s
[spatial train] ppo_ontology_rgat seed=828 iteration=178/200 episodes=2136 difficulty=1.000 loss=-0.01219 wall=3313.7s
[spatial train] ppo_semantic_flat seed=828 iteration=156/200 episodes=1872 difficulty=1.000 loss=0.05802 wall=3313.7s
[spatial train] ppo_vector_canonical seed=832 iteration=35/200 episodes=420 difficulty=1.000 loss=0.01370 wall=419.0s
[spatial train] ppo_ontology_rgat seed=830 iteration=175/200 episodes=2100 difficulty=1.000 loss=-0.01341 wall=3315.9s
[spatial train] ppo_semantic_flat seed=831 iteration=69/200 episodes=828 difficulty=1.000 loss=0.01898 wall=1085.0s
[spatial train] ppo_semantic_flat seed=828 iteration=157/200 episodes=1884 difficulty=1.000 loss=0.20640 wall=3322.0s
[spatial train] ppo_ontology_rgat seed=829 iteration=159/200 episodes=1908 difficulty=1.000 loss=-0.02306 wall=3322.9s
[spatial train] ppo_vector_canonical seed=828 iteration=187/200 episodes=2244 difficulty=1.000 loss=0.01900 wall=3323.3s
[spatial train] ppo_vector_canonical seed=832 iteration=36/200 episodes=432 difficulty=1.000 loss=0.00825 wall=428.2s
[spatial train] ppo_ontology_rgat seed=828 iteration=179/200 episodes=2148 difficulty=1.000 loss=0.01243 wall=3324.5s
[spatial train] ppo_ontology_rgat seed=832 iteration=5/200 episodes=60 difficulty=0.100 loss=0.00000 wall=204.0s
[spatial train] ppo_ontology_rgat seed=830 iteration=176/200 episodes=2112 difficulty=1.000 loss=-0.02432 wall=3327.0s
[spatial train] ppo_semantic_flat seed=832 iteration=11/200 episodes=132 difficulty=0.300 loss=0.01721 wall=241.1s
[spatial train] ppo_vector_canonical seed=828 iteration=188/200 episodes=2256 difficulty=1.000 loss=0.00910 wall=3328.4s
[spatial train] ppo_semantic_flat seed=831 iteration=70/200 episodes=840 difficulty=1.000 loss=0.01352 wall=1101.0s
[spatial train] ppo_vector_canonical seed=832 iteration=37/200 episodes=444 difficulty=1.000 loss=0.01147 wall=436.9s
[spatial train] ppo_semantic_flat seed=828 iteration=158/200 episodes=1896 difficulty=1.000 loss=0.02305 wall=3334.2s
[spatial train] ppo_ontology_rgat seed=830 iteration=177/200 episodes=2124 difficulty=1.000 loss=0.03446 wall=3335.6s
[spatial train] ppo_vector_canonical seed=828 iteration=189/200 episodes=2268 difficulty=1.000 loss=0.01413 wall=3337.2s
[spatial train] ppo_ontology_rgat seed=832 iteration=6/200 episodes=72 difficulty=0.100 loss=0.00000 wall=217.9s
[spatial train] ppo_vector_canonical seed=828 iteration=190/200 episodes=2280 difficulty=1.000 loss=-0.00017 wall=3341.0s
[spatial train] ppo_semantic_flat seed=828 iteration=159/200 episodes=1908 difficulty=1.000 loss=-0.00867 wall=3341.3s
[spatial train] ppo_vector_canonical seed=832 iteration=38/200 episodes=456 difficulty=1.000 loss=0.01051 wall=445.5s
[spatial train] ppo_ontology_rgat seed=831 iteration=28/200 episodes=336 difficulty=1.000 loss=-0.00251 wall=466.1s
[spatial train] ppo_semantic_flat seed=831 iteration=71/200 episodes=852 difficulty=1.000 loss=0.08086 wall=1112.6s
[spatial train] ppo_vector_canonical seed=828 iteration=191/200 episodes=2292 difficulty=1.000 loss=0.01218 wall=3346.6s
[spatial train] ppo_semantic_flat seed=832 iteration=12/200 episodes=144 difficulty=0.300 loss=0.01502 wall=261.6s
[spatial train] ppo_ontology_rgat seed=830 iteration=178/200 episodes=2136 difficulty=1.000 loss=0.03752 wall=3349.3s
[spatial train] ppo_vector_canonical seed=828 iteration=192/200 episodes=2304 difficulty=1.000 loss=0.01180 wall=3351.5s
[spatial train] ppo_vector_canonical seed=832 iteration=39/200 episodes=468 difficulty=1.000 loss=0.01180 wall=456.2s
[spatial train] ppo_semantic_flat seed=828 iteration=160/200 episodes=1920 difficulty=1.000 loss=0.03765 wall=3355.0s
[spatial train] ppo_ontology_rgat seed=828 iteration=180/200 episodes=2160 difficulty=1.000 loss=-0.00072 wall=3355.0s
[spatial train] ppo_semantic_flat seed=831 iteration=72/200 episodes=864 difficulty=1.000 loss=0.02193 wall=1124.3s
[spatial train] ppo_vector_canonical seed=828 iteration=193/200 episodes=2316 difficulty=1.000 loss=0.02266 wall=3357.5s
[spatial train] ppo_ontology_rgat seed=832 iteration=7/200 episodes=84 difficulty=0.200 loss=0.00000 wall=238.3s
[spatial train] ppo_ontology_rgat seed=830 iteration=179/200 episodes=2148 difficulty=1.000 loss=0.05727 wall=3359.0s
[spatial train] ppo_vector_canonical seed=828 iteration=194/200 episodes=2328 difficulty=1.000 loss=0.01533 wall=3362.2s
[spatial train] ppo_ontology_rgat seed=829 iteration=160/200 episodes=1920 difficulty=1.000 loss=0.02016 wall=3362.9s
[spatial train] ppo_vector_canonical seed=832 iteration=40/200 episodes=480 difficulty=1.000 loss=0.00838 wall=469.1s
[spatial train] ppo_vector_canonical seed=828 iteration=195/200 episodes=2340 difficulty=1.000 loss=0.01951 wall=3366.1s
[spatial train] ppo_semantic_flat seed=828 iteration=161/200 episodes=1932 difficulty=1.000 loss=-0.03010 wall=3371.3s
[spatial train] ppo_vector_canonical seed=828 iteration=196/200 episodes=2352 difficulty=1.000 loss=0.01376 wall=3371.7s
[spatial train] ppo_semantic_flat seed=831 iteration=73/200 episodes=876 difficulty=1.000 loss=-0.00691 wall=1140.4s
[spatial train] ppo_ontology_rgat seed=829 iteration=161/200 episodes=1932 difficulty=1.000 loss=0.02316 wall=3371.8s
[spatial train] ppo_semantic_flat seed=832 iteration=13/200 episodes=156 difficulty=0.400 loss=0.01742 wall=286.1s
[spatial train] ppo_vector_canonical seed=832 iteration=41/200 episodes=492 difficulty=1.000 loss=0.00926 wall=479.3s
[spatial train] ppo_vector_canonical seed=828 iteration=197/200 episodes=2364 difficulty=1.000 loss=0.00675 wall=3378.0s
[spatial train] ppo_ontology_rgat seed=832 iteration=8/200 episodes=96 difficulty=0.200 loss=0.00885 wall=258.1s
[spatial train] ppo_ontology_rgat seed=830 iteration=180/200 episodes=2160 difficulty=1.000 loss=0.02883 wall=3378.8s
[spatial train] ppo_semantic_flat seed=828 iteration=162/200 episodes=1944 difficulty=1.000 loss=0.02068 wall=3379.0s
[spatial train] ppo_ontology_rgat seed=828 iteration=181/200 episodes=2172 difficulty=1.000 loss=0.01321 wall=3379.5s
[spatial train] ppo_vector_canonical seed=828 iteration=198/200 episodes=2376 difficulty=1.000 loss=0.03424 wall=3385.5s
[spatial train] ppo_vector_canonical seed=832 iteration=42/200 episodes=504 difficulty=1.000 loss=0.01196 wall=490.0s
[spatial train] ppo_semantic_flat seed=831 iteration=74/200 episodes=888 difficulty=1.000 loss=0.00953 wall=1156.7s
[spatial train] ppo_vector_canonical seed=828 iteration=199/200 episodes=2388 difficulty=1.000 loss=0.02627 wall=3390.6s
[spatial train] ppo_ontology_rgat seed=829 iteration=162/200 episodes=1944 difficulty=1.000 loss=-0.03624 wall=3390.6s
[spatial train] ppo_vector_canonical seed=832 iteration=43/200 episodes=516 difficulty=1.000 loss=0.01888 wall=498.2s
[spatial train] ppo_semantic_flat seed=832 iteration=14/200 episodes=168 difficulty=0.400 loss=0.01236 wall=307.6s
[spatial train] ppo_semantic_flat seed=828 iteration=163/200 episodes=1956 difficulty=1.000 loss=0.00183 wall=3396.1s
[spatial train] ppo_semantic_flat seed=831 iteration=75/200 episodes=900 difficulty=1.000 loss=0.05433 wall=1169.1s
[spatial train] ppo_ontology_rgat seed=828 iteration=182/200 episodes=2184 difficulty=1.000 loss=0.01463 wall=3400.9s
[spatial train] ppo_ontology_rgat seed=829 iteration=163/200 episodes=1956 difficulty=1.000 loss=0.01799 wall=3400.8s
[spatial train] ppo_ontology_rgat seed=832 iteration=9/200 episodes=108 difficulty=0.300 loss=0.01128 wall=281.8s
[spatial train] ppo_ontology_rgat seed=831 iteration=29/200 episodes=348 difficulty=1.000 loss=0.05910 wall=528.4s
[spatial train] ppo_vector_canonical seed=828 iteration=200/200 episodes=2400 difficulty=1.000 loss=0.01645 wall=3404.8s
[spatial train] ppo_vector_canonical seed=832 iteration=44/200 episodes=528 difficulty=1.000 loss=0.01189 wall=509.2s
[spatial train] ppo_semantic_flat seed=828 iteration=164/200 episodes=1968 difficulty=1.000 loss=0.01209 wall=3407.4s
[spatial train] ppo_ontology_rgat seed=829 iteration=164/200 episodes=1968 difficulty=1.000 loss=0.01220 wall=3408.4s
[spatial train] ppo_ontology_rgat seed=830 iteration=181/200 episodes=2172 difficulty=1.000 loss=0.01349 wall=3410.5s
[spatial train] ppo_ontology_rgat seed=828 iteration=183/200 episodes=2196 difficulty=1.000 loss=0.01583 wall=3414.1s
[spatial train] ppo_vector_canonical seed=832 iteration=45/200 episodes=540 difficulty=1.000 loss=0.01448 wall=519.1s
[spatial train] ppo_semantic_flat seed=832 iteration=15/200 episodes=180 difficulty=0.500 loss=0.01050 wall=328.9s
[spatial train] ppo_semantic_flat seed=831 iteration=76/200 episodes=912 difficulty=1.000 loss=0.01471 wall=1184.7s
[spatial train] ppo_ontology_rgat seed=829 iteration=165/200 episodes=1980 difficulty=1.000 loss=0.11985 wall=3418.1s
[spatial train] ppo_ontology_rgat seed=830 iteration=182/200 episodes=2184 difficulty=1.000 loss=0.01381 wall=3421.5s
[spatial train] ppo_ontology_rgat seed=832 iteration=10/200 episodes=120 difficulty=0.300 loss=0.02214 wall=302.2s
[spatial train] ppo_vector_canonical seed=832 iteration=46/200 episodes=552 difficulty=1.000 loss=0.01167 wall=529.6s
[spatial train] ppo_semantic_flat seed=828 iteration=165/200 episodes=1980 difficulty=1.000 loss=0.02515 wall=3426.7s
[spatial train] ppo_ontology_rgat seed=829 iteration=166/200 episodes=1992 difficulty=1.000 loss=0.02457 wall=3428.1s
[spatial train] ppo_semantic_flat seed=831 iteration=77/200 episodes=924 difficulty=1.000 loss=0.02742 wall=1199.3s
[spatial train] ppo_ontology_rgat seed=828 iteration=184/200 episodes=2208 difficulty=1.000 loss=0.01521 wall=3433.2s
[spatial train] ppo_semantic_flat seed=832 iteration=16/200 episodes=192 difficulty=0.500 loss=0.02265 wall=347.5s
[spatial train] ppo_vector_canonical seed=832 iteration=47/200 episodes=564 difficulty=1.000 loss=0.01512 wall=541.3s
[spatial train] ppo_ontology_rgat seed=830 iteration=183/200 episodes=2196 difficulty=1.000 loss=0.01348 wall=3438.1s
[spatial train] ppo_semantic_flat seed=828 iteration=166/200 episodes=1992 difficulty=1.000 loss=0.01303 wall=3438.5s
[spatial train] ppo_ontology_rgat seed=829 iteration=167/200 episodes=2004 difficulty=1.000 loss=0.01235 wall=3438.1s
[spatial train] ppo_ontology_rgat seed=832 iteration=11/200 episodes=132 difficulty=0.400 loss=0.01621 wall=323.2s
[spatial train] ppo_semantic_flat seed=828 iteration=167/200 episodes=2004 difficulty=1.000 loss=0.04007 wall=3446.2s
[spatial train] ppo_vector_canonical seed=832 iteration=48/200 episodes=576 difficulty=1.000 loss=0.01755 wall=550.4s
[spatial train] ppo_ontology_rgat seed=830 iteration=184/200 episodes=2208 difficulty=1.000 loss=0.01468 wall=3446.5s
[spatial train] ppo_semantic_flat seed=831 iteration=78/200 episodes=936 difficulty=1.000 loss=0.03112 wall=1217.0s
[spatial train] ppo_ontology_rgat seed=828 iteration=185/200 episodes=2220 difficulty=1.000 loss=0.01151 wall=3451.2s
[spatial train] ppo_ontology_rgat seed=829 iteration=168/200 episodes=2016 difficulty=1.000 loss=0.03735 wall=3451.6s
[spatial train] ppo_ontology_rgat seed=831 iteration=30/200 episodes=360 difficulty=1.000 loss=0.01927 wall=578.9s
[spatial train] ppo_ontology_rgat seed=829 iteration=169/200 episodes=2028 difficulty=1.000 loss=0.00266 wall=3456.6s
[spatial train] ppo_ontology_rgat seed=830 iteration=185/200 episodes=2220 difficulty=1.000 loss=0.01232 wall=3458.6s
[spatial train] ppo_ontology_rgat seed=832 iteration=12/200 episodes=144 difficulty=0.400 loss=0.04970 wall=338.8s
[spatial train] ppo_semantic_flat seed=832 iteration=17/200 episodes=204 difficulty=0.600 loss=0.01441 wall=372.7s
[spatial train] ppo_semantic_flat seed=831 iteration=79/200 episodes=948 difficulty=1.000 loss=0.01165 wall=1228.3s
[spatial train] ppo_semantic_flat seed=828 iteration=168/200 episodes=2016 difficulty=1.000 loss=0.01079 wall=3460.5s
[spatial train] ppo_vector_canonical seed=832 iteration=49/200 episodes=588 difficulty=1.000 loss=0.01947 wall=566.9s
[spatial train] ppo_ontology_rgat seed=829 iteration=170/200 episodes=2040 difficulty=1.000 loss=0.01393 wall=3463.8s
[spatial train] ppo_ontology_rgat seed=828 iteration=186/200 episodes=2232 difficulty=1.000 loss=0.01288 wall=3466.6s
[spatial train] ppo_semantic_flat seed=828 iteration=169/200 episodes=2028 difficulty=1.000 loss=0.00933 wall=3467.6s
[spatial train] ppo_ontology_rgat seed=829 iteration=171/200 episodes=2052 difficulty=1.000 loss=0.02005 wall=3468.6s
[spatial train] ppo_ontology_rgat seed=831 iteration=31/200 episodes=372 difficulty=1.000 loss=0.01922 wall=596.4s
[spatial train] ppo_semantic_flat seed=832 iteration=18/200 episodes=216 difficulty=0.600 loss=-0.01605 wall=386.6s
[spatial train] ppo_vector_canonical seed=832 iteration=50/200 episodes=600 difficulty=1.000 loss=0.00584 wall=577.2s
[spatial train] ppo_ontology_rgat seed=830 iteration=186/200 episodes=2232 difficulty=1.000 loss=0.01128 wall=3473.4s
[spatial train] ppo_ontology_rgat seed=829 iteration=172/200 episodes=2064 difficulty=1.000 loss=-0.02053 wall=3476.4s
[spatial train] ppo_ontology_rgat seed=832 iteration=13/200 episodes=156 difficulty=0.500 loss=0.00598 wall=356.9s
[spatial train] ppo_semantic_flat seed=831 iteration=80/200 episodes=960 difficulty=1.000 loss=0.02943 wall=1248.0s
[spatial train] ppo_vector_canonical seed=832 iteration=51/200 episodes=612 difficulty=1.000 loss=-0.00790 wall=588.9s
[spatial train] ppo_ontology_rgat seed=828 iteration=187/200 episodes=2244 difficulty=1.000 loss=0.01192 wall=3487.9s
[spatial train] ppo_semantic_flat seed=828 iteration=170/200 episodes=2040 difficulty=1.000 loss=-0.00425 wall=3490.5s
[spatial train] ppo_ontology_rgat seed=829 iteration=173/200 episodes=2076 difficulty=1.000 loss=0.01491 wall=3492.9s
[spatial train] ppo_ontology_rgat seed=832 iteration=14/200 episodes=168 difficulty=0.500 loss=-0.00755 wall=380.3s
[spatial train] ppo_semantic_flat seed=831 iteration=81/200 episodes=972 difficulty=1.000 loss=0.05203 wall=1271.0s
[spatial train] ppo_ontology_rgat seed=830 iteration=187/200 episodes=2244 difficulty=1.000 loss=0.01205 wall=3504.5s
[spatial train] ppo_vector_canonical seed=832 iteration=52/200 episodes=624 difficulty=1.000 loss=0.02227 wall=612.2s
[spatial train] ppo_ontology_rgat seed=829 iteration=174/200 episodes=2088 difficulty=1.000 loss=-0.01344 wall=3510.1s
[spatial train] ppo_vector_canonical seed=832 iteration=53/200 episodes=636 difficulty=1.000 loss=0.00801 wall=618.5s
[spatial train] ppo_semantic_flat seed=831 iteration=82/200 episodes=984 difficulty=1.000 loss=0.01784 wall=1285.1s
[spatial train] ppo_ontology_rgat seed=832 iteration=15/200 episodes=180 difficulty=0.500 loss=0.01496 wall=399.8s
[spatial train] ppo_semantic_flat seed=828 iteration=171/200 episodes=2052 difficulty=1.000 loss=0.01566 wall=3521.1s
[spatial train] ppo_vector_canonical seed=832 iteration=54/200 episodes=648 difficulty=1.000 loss=0.00951 wall=626.7s
[spatial train] ppo_ontology_rgat seed=829 iteration=175/200 episodes=2100 difficulty=1.000 loss=0.01294 wall=3524.1s
[spatial train] ppo_ontology_rgat seed=828 iteration=188/200 episodes=2256 difficulty=1.000 loss=0.00962 wall=3528.5s
[spatial train] ppo_vector_canonical seed=832 iteration=55/200 episodes=660 difficulty=1.000 loss=-0.02991 wall=635.5s
[spatial train] ppo_ontology_rgat seed=830 iteration=188/200 episodes=2256 difficulty=1.000 loss=0.02577 wall=3533.3s
[spatial train] ppo_ontology_rgat seed=829 iteration=176/200 episodes=2112 difficulty=1.000 loss=-0.01162 wall=3535.0s
[spatial train] ppo_vector_canonical seed=832 iteration=56/200 episodes=672 difficulty=1.000 loss=0.02968 wall=641.6s
[spatial train] ppo_ontology_rgat seed=832 iteration=16/200 episodes=192 difficulty=0.600 loss=0.01853 wall=421.6s
[spatial train] ppo_semantic_flat seed=831 iteration=83/200 episodes=996 difficulty=1.000 loss=0.01972 wall=1312.5s
[spatial train] ppo_semantic_flat seed=832 iteration=19/200 episodes=228 difficulty=0.700 loss=-0.03434 wall=459.7s
[spatial train] ppo_ontology_rgat seed=829 iteration=177/200 episodes=2124 difficulty=1.000 loss=0.02269 wall=3546.4s
[spatial train] ppo_vector_canonical seed=832 iteration=57/200 episodes=684 difficulty=1.000 loss=0.01195 wall=651.7s
[spatial train] ppo_ontology_rgat seed=831 iteration=32/200 episodes=384 difficulty=1.000 loss=0.02050 wall=673.0s
[spatial train] ppo_ontology_rgat seed=828 iteration=189/200 episodes=2268 difficulty=1.000 loss=0.01386 wall=3552.6s
[spatial train] ppo_semantic_flat seed=831 iteration=84/200 episodes=1008 difficulty=1.000 loss=-0.03611 wall=1321.4s
[spatial train] ppo_vector_canonical seed=832 iteration=58/200 episodes=696 difficulty=1.000 loss=0.00880 wall=657.0s
[spatial train] ppo_ontology_rgat seed=830 iteration=189/200 episodes=2268 difficulty=1.000 loss=0.00987 wall=3554.7s
[spatial train] ppo_ontology_rgat seed=829 iteration=178/200 episodes=2136 difficulty=1.000 loss=0.00363 wall=3554.8s
[spatial train] ppo_ontology_rgat seed=832 iteration=17/200 episodes=204 difficulty=0.600 loss=0.01135 wall=435.1s
[spatial train] ppo_vector_canonical seed=832 iteration=59/200 episodes=708 difficulty=1.000 loss=0.03535 wall=660.8s
[spatial train] ppo_semantic_flat seed=828 iteration=172/200 episodes=2064 difficulty=1.000 loss=0.02346 wall=3558.4s
[spatial train] ppo_ontology_rgat seed=829 iteration=179/200 episodes=2148 difficulty=1.000 loss=0.01303 wall=3559.7s
[spatial train] ppo_semantic_flat seed=832 iteration=20/200 episodes=240 difficulty=0.700 loss=-0.01223 wall=473.5s
[spatial train] ppo_vector_canonical seed=832 iteration=60/200 episodes=720 difficulty=1.000 loss=0.03650 wall=666.0s
[spatial train] ppo_ontology_rgat seed=828 iteration=190/200 episodes=2280 difficulty=1.000 loss=0.01404 wall=3562.7s
[spatial train] ppo_semantic_flat seed=831 iteration=85/200 episodes=1020 difficulty=1.000 loss=0.03568 wall=1333.4s
[spatial train] ppo_vector_canonical seed=832 iteration=61/200 episodes=732 difficulty=1.000 loss=0.02064 wall=670.3s
[spatial train] ppo_ontology_rgat seed=832 iteration=18/200 episodes=216 difficulty=0.700 loss=0.02042 wall=446.6s
[spatial train] ppo_ontology_rgat seed=830 iteration=190/200 episodes=2280 difficulty=1.000 loss=0.00796 wall=3567.3s
[spatial train] ppo_vector_canonical seed=832 iteration=62/200 episodes=744 difficulty=1.000 loss=0.00994 wall=675.0s
[spatial train] ppo_semantic_flat seed=828 iteration=173/200 episodes=2076 difficulty=1.000 loss=-0.00831 wall=3572.1s
[spatial train] ppo_ontology_rgat seed=829 iteration=180/200 episodes=2160 difficulty=1.000 loss=0.08612 wall=3576.4s
[spatial train] ppo_semantic_flat seed=831 iteration=86/200 episodes=1032 difficulty=1.000 loss=0.01365 wall=1345.3s
[spatial train] ppo_vector_canonical seed=832 iteration=63/200 episodes=756 difficulty=1.000 loss=0.02877 wall=683.7s
[spatial train] ppo_semantic_flat seed=832 iteration=21/200 episodes=252 difficulty=0.700 loss=0.00965 wall=493.5s
[spatial train] ppo_ontology_rgat seed=831 iteration=33/200 episodes=396 difficulty=1.000 loss=0.01852 wall=704.5s
[spatial train] ppo_ontology_rgat seed=832 iteration=19/200 episodes=228 difficulty=0.700 loss=0.01600 wall=460.1s
[spatial train] ppo_ontology_rgat seed=830 iteration=191/200 episodes=2292 difficulty=1.000 loss=0.01276 wall=3581.0s
[spatial train] ppo_semantic_flat seed=828 iteration=174/200 episodes=2088 difficulty=1.000 loss=0.01826 wall=3584.1s
[spatial train] ppo_ontology_rgat seed=828 iteration=191/200 episodes=2292 difficulty=1.000 loss=0.01343 wall=3584.4s
[spatial train] ppo_ontology_rgat seed=829 iteration=181/200 episodes=2172 difficulty=1.000 loss=0.01519 wall=3588.8s
[spatial train] ppo_vector_canonical seed=832 iteration=64/200 episodes=768 difficulty=1.000 loss=0.01406 wall=693.8s
[spatial train] ppo_semantic_flat seed=831 iteration=87/200 episodes=1044 difficulty=1.000 loss=0.02640 wall=1359.3s
[spatial train] ppo_ontology_rgat seed=832 iteration=20/200 episodes=240 difficulty=0.800 loss=0.01108 wall=470.3s
[spatial train] ppo_ontology_rgat seed=829 iteration=182/200 episodes=2184 difficulty=1.000 loss=0.01430 wall=3595.9s
[spatial train] ppo_ontology_rgat seed=828 iteration=192/200 episodes=2304 difficulty=1.000 loss=0.01331 wall=3599.2s
[spatial train] ppo_vector_canonical seed=832 iteration=65/200 episodes=780 difficulty=1.000 loss=0.02325 wall=705.4s
[spatial train] ppo_semantic_flat seed=832 iteration=22/200 episodes=264 difficulty=0.800 loss=0.02438 wall=515.4s
[spatial train] ppo_semantic_flat seed=828 iteration=175/200 episodes=2100 difficulty=1.000 loss=0.01763 wall=3604.1s
[spatial train] ppo_ontology_rgat seed=829 iteration=183/200 episodes=2196 difficulty=1.000 loss=0.02454 wall=3603.9s
[spatial train] ppo_ontology_rgat seed=830 iteration=192/200 episodes=2304 difficulty=1.000 loss=0.01246 wall=3604.2s
[spatial train] ppo_semantic_flat seed=831 iteration=88/200 episodes=1056 difficulty=1.000 loss=0.05872 wall=1373.5s
[spatial train] ppo_vector_canonical seed=832 iteration=66/200 episodes=792 difficulty=1.000 loss=0.01324 wall=710.3s
[spatial train] ppo_ontology_rgat seed=832 iteration=21/200 episodes=252 difficulty=0.800 loss=-0.02161 wall=487.9s
[spatial train] ppo_ontology_rgat seed=829 iteration=184/200 episodes=2208 difficulty=1.000 loss=0.00855 wall=3609.5s
[spatial train] ppo_semantic_flat seed=828 iteration=176/200 episodes=2112 difficulty=1.000 loss=0.01920 wall=3613.2s
[spatial train] ppo_ontology_rgat seed=829 iteration=185/200 episodes=2220 difficulty=1.000 loss=0.01468 wall=3614.8s
[spatial train] ppo_semantic_flat seed=831 iteration=89/200 episodes=1068 difficulty=1.000 loss=0.02675 wall=1383.9s
[spatial train] ppo_ontology_rgat seed=828 iteration=193/200 episodes=2316 difficulty=1.000 loss=0.01708 wall=3615.6s
[spatial train] ppo_ontology_rgat seed=831 iteration=34/200 episodes=408 difficulty=1.000 loss=-0.03656 wall=742.2s
[spatial train] ppo_ontology_rgat seed=830 iteration=193/200 episodes=2316 difficulty=1.000 loss=0.00832 wall=3620.7s
[spatial train] ppo_ontology_rgat seed=829 iteration=186/200 episodes=2232 difficulty=1.000 loss=0.02173 wall=3621.4s
[spatial train] ppo_vector_canonical seed=832 iteration=67/200 episodes=804 difficulty=1.000 loss=0.00401 wall=728.0s
[spatial train] ppo_semantic_flat seed=831 iteration=90/200 episodes=1080 difficulty=1.000 loss=-0.01771 wall=1393.8s
[spatial train] ppo_semantic_flat seed=828 iteration=177/200 episodes=2124 difficulty=1.000 loss=0.06740 wall=3626.4s
[spatial train] ppo_semantic_flat seed=832 iteration=23/200 episodes=276 difficulty=0.800 loss=0.01897 wall=540.9s
[spatial train] ppo_ontology_rgat seed=829 iteration=187/200 episodes=2244 difficulty=1.000 loss=0.00991 wall=3628.6s
[spatial train] ppo_ontology_rgat seed=828 iteration=194/200 episodes=2328 difficulty=1.000 loss=0.01354 wall=3629.3s
[spatial train] ppo_semantic_flat seed=831 iteration=91/200 episodes=1092 difficulty=1.000 loss=0.02970 wall=1399.7s
[spatial train] ppo_ontology_rgat seed=832 iteration=22/200 episodes=264 difficulty=0.900 loss=0.02347 wall=514.6s
[spatial train] ppo_vector_canonical seed=832 iteration=68/200 episodes=816 difficulty=1.000 loss=0.01702 wall=740.4s
[spatial train] ppo_semantic_flat seed=831 iteration=92/200 episodes=1104 difficulty=1.000 loss=0.02326 wall=1406.1s
[spatial train] ppo_ontology_rgat seed=828 iteration=195/200 episodes=2340 difficulty=1.000 loss=0.01098 wall=3637.8s
[spatial train] ppo_semantic_flat seed=828 iteration=178/200 episodes=2136 difficulty=1.000 loss=0.04324 wall=3639.0s
[spatial train] ppo_ontology_rgat seed=829 iteration=188/200 episodes=2256 difficulty=1.000 loss=0.01457 wall=3640.3s
[spatial train] ppo_semantic_flat seed=832 iteration=24/200 episodes=288 difficulty=0.900 loss=0.00008 wall=555.3s
[spatial train] ppo_ontology_rgat seed=830 iteration=194/200 episodes=2328 difficulty=1.000 loss=0.01415 wall=3643.3s
[spatial train] ppo_vector_canonical seed=832 iteration=69/200 episodes=828 difficulty=1.000 loss=0.01569 wall=748.5s
[spatial train] ppo_semantic_flat seed=831 iteration=93/200 episodes=1116 difficulty=1.000 loss=-0.03017 wall=1414.2s
[spatial train] ppo_semantic_flat seed=828 iteration=179/200 episodes=2148 difficulty=1.000 loss=0.01483 wall=3646.2s
[spatial train] ppo_vector_canonical seed=832 iteration=70/200 episodes=840 difficulty=1.000 loss=0.05920 wall=755.0s
[spatial train] ppo_ontology_rgat seed=831 iteration=35/200 episodes=420 difficulty=1.000 loss=0.02821 wall=775.4s
[spatial train] ppo_ontology_rgat seed=829 iteration=189/200 episodes=2268 difficulty=1.000 loss=0.01015 wall=3651.3s
[spatial train] ppo_ontology_rgat seed=828 iteration=196/200 episodes=2352 difficulty=1.000 loss=0.01861 wall=3651.9s
[spatial train] ppo_semantic_flat seed=831 iteration=94/200 episodes=1128 difficulty=1.000 loss=0.02193 wall=1425.0s
[spatial train] ppo_ontology_rgat seed=830 iteration=195/200 episodes=2340 difficulty=1.000 loss=0.02131 wall=3656.9s
[spatial train] ppo_ontology_rgat seed=832 iteration=23/200 episodes=276 difficulty=0.900 loss=0.01109 wall=536.4s
[spatial train] ppo_ontology_rgat seed=829 iteration=190/200 episodes=2280 difficulty=1.000 loss=0.01109 wall=3660.4s
[spatial train] ppo_semantic_flat seed=828 iteration=180/200 episodes=2160 difficulty=1.000 loss=-0.01508 wall=3662.7s
[spatial train] ppo_ontology_rgat seed=828 iteration=197/200 episodes=2364 difficulty=1.000 loss=0.00839 wall=3664.1s
[spatial train] ppo_ontology_rgat seed=829 iteration=191/200 episodes=2292 difficulty=1.000 loss=0.01277 wall=3667.9s
[spatial train] ppo_ontology_rgat seed=832 iteration=24/200 episodes=288 difficulty=0.900 loss=0.05227 wall=548.3s
[spatial train] ppo_semantic_flat seed=831 iteration=95/200 episodes=1140 difficulty=1.000 loss=0.01437 wall=1437.7s
[spatial train] ppo_semantic_flat seed=828 iteration=181/200 episodes=2172 difficulty=1.000 loss=0.01569 wall=3671.4s
[spatial train] ppo_ontology_rgat seed=828 iteration=198/200 episodes=2376 difficulty=1.000 loss=0.00688 wall=3675.3s
[spatial train] ppo_ontology_rgat seed=830 iteration=196/200 episodes=2352 difficulty=1.000 loss=0.01319 wall=3675.3s
[spatial train] ppo_vector_canonical seed=832 iteration=71/200 episodes=852 difficulty=1.000 loss=0.01162 wall=779.6s
[spatial train] ppo_ontology_rgat seed=831 iteration=36/200 episodes=432 difficulty=1.000 loss=-0.00416 wall=801.5s
[spatial train] ppo_semantic_flat seed=831 iteration=96/200 episodes=1152 difficulty=1.000 loss=0.01328 wall=1446.1s
[spatial train] ppo_semantic_flat seed=828 iteration=182/200 episodes=2184 difficulty=1.000 loss=0.01652 wall=3678.2s
[spatial train] ppo_semantic_flat seed=832 iteration=25/200 episodes=300 difficulty=0.900 loss=0.02311 wall=592.3s
[spatial train] ppo_ontology_rgat seed=829 iteration=192/200 episodes=2304 difficulty=1.000 loss=0.01143 wall=3684.9s
[spatial train] ppo_semantic_flat seed=831 iteration=97/200 episodes=1164 difficulty=1.000 loss=0.01487 wall=1454.3s
[spatial train] ppo_ontology_rgat seed=828 iteration=199/200 episodes=2388 difficulty=1.000 loss=0.00563 wall=3686.0s
[spatial train] ppo_ontology_rgat seed=832 iteration=25/200 episodes=300 difficulty=1.000 loss=0.02385 wall=566.0s
[spatial train] ppo_vector_canonical seed=832 iteration=72/200 episodes=864 difficulty=1.000 loss=0.02224 wall=794.2s
[spatial train] ppo_semantic_flat seed=831 iteration=98/200 episodes=1176 difficulty=1.000 loss=0.00922 wall=1459.4s
[spatial train] ppo_ontology_rgat seed=830 iteration=197/200 episodes=2364 difficulty=1.000 loss=0.01230 wall=3690.9s
[spatial train] ppo_semantic_flat seed=828 iteration=183/200 episodes=2196 difficulty=1.000 loss=0.03638 wall=3696.9s
[spatial train] ppo_semantic_flat seed=831 iteration=99/200 episodes=1188 difficulty=1.000 loss=-0.01344 wall=1466.2s
[spatial train] ppo_ontology_rgat seed=829 iteration=193/200 episodes=2316 difficulty=1.000 loss=0.01267 wall=3698.3s
[spatial train] ppo_ontology_rgat seed=832 iteration=26/200 episodes=312 difficulty=1.000 loss=0.07331 wall=581.5s
[spatial train] ppo_ontology_rgat seed=828 iteration=200/200 episodes=2400 difficulty=1.000 loss=0.01003 wall=3702.5s
[spatial train] ppo_ontology_rgat seed=831 iteration=37/200 episodes=444 difficulty=1.000 loss=0.02487 wall=829.3s
[spatial train] ppo_semantic_flat seed=832 iteration=26/200 episodes=312 difficulty=1.000 loss=0.01992 wall=620.3s
[spatial train] ppo_semantic_flat seed=828 iteration=184/200 episodes=2208 difficulty=1.000 loss=0.03963 wall=3707.7s
[spatial train] ppo_semantic_flat seed=831 iteration=100/200 episodes=1200 difficulty=1.000 loss=0.01685 wall=1476.3s
[spatial train] ppo_ontology_rgat seed=829 iteration=194/200 episodes=2328 difficulty=1.000 loss=0.00845 wall=3708.9s
[spatial train] ppo_ontology_rgat seed=830 iteration=198/200 episodes=2376 difficulty=1.000 loss=0.01296 wall=3710.4s
[spatial train] ppo_vector_canonical seed=832 iteration=73/200 episodes=876 difficulty=1.000 loss=0.02727 wall=816.3s
[spatial train] ppo_ontology_rgat seed=829 iteration=195/200 episodes=2340 difficulty=1.000 loss=0.00453 wall=3713.6s
[spatial train] ppo_ontology_rgat seed=832 iteration=27/200 episodes=324 difficulty=1.000 loss=0.00362 wall=595.2s
[spatial train] ppo_semantic_flat seed=828 iteration=185/200 episodes=2220 difficulty=1.000 loss=0.00580 wall=3716.6s
[spatial train] ppo_semantic_flat seed=831 iteration=101/200 episodes=1212 difficulty=1.000 loss=0.01581 wall=1488.5s
[spatial train] ppo_semantic_flat seed=828 iteration=186/200 episodes=2232 difficulty=1.000 loss=0.01180 wall=3724.3s
[spatial train] ppo_ontology_rgat seed=829 iteration=196/200 episodes=2352 difficulty=1.000 loss=0.01007 wall=3724.5s
[spatial train] ppo_semantic_flat seed=831 iteration=102/200 episodes=1224 difficulty=1.000 loss=0.01554 wall=1493.7s
[spatial train] ppo_vector_canonical seed=832 iteration=74/200 episodes=888 difficulty=1.000 loss=-0.00843 wall=833.0s
[spatial train] ppo_ontology_rgat seed=831 iteration=38/200 episodes=456 difficulty=1.000 loss=-0.02612 wall=854.4s
[spatial train] ppo_semantic_flat seed=832 iteration=27/200 episodes=324 difficulty=1.000 loss=0.01170 wall=645.3s
[spatial train] ppo_ontology_rgat seed=829 iteration=197/200 episodes=2364 difficulty=1.000 loss=0.01219 wall=3732.1s
[spatial train] ppo_semantic_flat seed=831 iteration=103/200 episodes=1236 difficulty=1.000 loss=0.04709 wall=1501.3s
[spatial train] ppo_ontology_rgat seed=832 iteration=28/200 episodes=336 difficulty=1.000 loss=0.00783 wall=613.0s
[spatial train] ppo_ontology_rgat seed=830 iteration=199/200 episodes=2388 difficulty=1.000 loss=0.01103 wall=3734.4s
[spatial train] ppo_semantic_flat seed=831 iteration=104/200 episodes=1248 difficulty=1.000 loss=-0.06989 wall=1505.0s
[spatial train] ppo_vector_canonical seed=832 iteration=75/200 episodes=900 difficulty=1.000 loss=0.02128 wall=841.9s
[spatial train] ppo_ontology_rgat seed=829 iteration=198/200 episodes=2376 difficulty=1.000 loss=0.00805 wall=3741.9s
[spatial train] ppo_semantic_flat seed=831 iteration=105/200 episodes=1260 difficulty=1.000 loss=-0.09502 wall=1513.0s
[spatial train] ppo_ontology_rgat seed=832 iteration=29/200 episodes=348 difficulty=1.000 loss=0.03267 wall=625.1s
[spatial train] ppo_semantic_flat seed=828 iteration=187/200 episodes=2244 difficulty=1.000 loss=0.05299 wall=3747.6s
[spatial train] ppo_semantic_flat seed=831 iteration=106/200 episodes=1272 difficulty=1.000 loss=-0.08281 wall=1519.1s
[spatial train] ppo_ontology_rgat seed=831 iteration=39/200 episodes=468 difficulty=1.000 loss=0.01167 wall=876.0s
[spatial train] ppo_ontology_rgat seed=830 iteration=200/200 episodes=2400 difficulty=1.000 loss=0.01091 wall=3754.0s
[spatial train] ppo_ontology_rgat seed=829 iteration=199/200 episodes=2388 difficulty=1.000 loss=0.01365 wall=3755.9s
[spatial train] ppo_ontology_rgat seed=832 iteration=30/200 episodes=360 difficulty=1.000 loss=0.01201 wall=636.9s
[spatial train] ppo_semantic_flat seed=831 iteration=107/200 episodes=1284 difficulty=1.000 loss=0.03317 wall=1526.0s
[spatial train] ppo_vector_canonical seed=832 iteration=76/200 episodes=912 difficulty=1.000 loss=0.00121 wall=861.7s
[spatial train] ppo_semantic_flat seed=832 iteration=28/200 episodes=336 difficulty=1.000 loss=0.01206 wall=679.6s
[spatial train] ppo_semantic_flat seed=831 iteration=108/200 episodes=1296 difficulty=1.000 loss=0.01046 wall=1536.5s
[spatial train] ppo_semantic_flat seed=828 iteration=188/200 episodes=2256 difficulty=1.000 loss=-0.05801 wall=3768.7s
[spatial train] ppo_ontology_rgat seed=832 iteration=31/200 episodes=372 difficulty=1.000 loss=0.02124 wall=651.8s
[spatial train] ppo_ontology_rgat seed=829 iteration=200/200 episodes=2400 difficulty=1.000 loss=0.01594 wall=3773.4s
[spatial train] ppo_vector_canonical seed=832 iteration=77/200 episodes=924 difficulty=1.000 loss=0.01539 wall=879.1s
[spatial train] ppo_semantic_flat seed=831 iteration=109/200 episodes=1308 difficulty=1.000 loss=0.02112 wall=1544.2s
[spatial train] ppo_ontology_rgat seed=832 iteration=32/200 episodes=384 difficulty=1.000 loss=0.02183 wall=662.4s
[spatial train] ppo_vector_canonical seed=832 iteration=78/200 episodes=936 difficulty=1.000 loss=0.02374 wall=891.3s
[spatial train] ppo_semantic_flat seed=831 iteration=110/200 episodes=1320 difficulty=1.000 loss=0.04005 wall=1556.1s
[spatial train] ppo_semantic_flat seed=828 iteration=189/200 episodes=2268 difficulty=1.000 loss=-0.05600 wall=3791.2s
[spatial train] ppo_ontology_rgat seed=832 iteration=33/200 episodes=396 difficulty=1.000 loss=0.01019 wall=673.9s
[spatial train] ppo_semantic_flat seed=832 iteration=29/200 episodes=348 difficulty=1.000 loss=0.02192 wall=709.7s
[spatial train] ppo_ontology_rgat seed=831 iteration=40/200 episodes=480 difficulty=1.000 loss=0.01387 wall=921.0s
[spatial train] ppo_vector_canonical seed=832 iteration=79/200 episodes=948 difficulty=1.000 loss=0.10725 wall=904.0s
[spatial train] ppo_ontology_rgat seed=832 iteration=34/200 episodes=408 difficulty=1.000 loss=0.00920 wall=683.1s
[spatial train] ppo_semantic_flat seed=831 iteration=111/200 episodes=1332 difficulty=1.000 loss=0.01949 wall=1572.5s
[spatial train] ppo_vector_canonical seed=832 iteration=80/200 episodes=960 difficulty=1.000 loss=0.00976 wall=913.8s
[spatial train] ppo_semantic_flat seed=831 iteration=112/200 episodes=1344 difficulty=1.000 loss=0.01532 wall=1581.2s
[spatial train] ppo_semantic_flat seed=828 iteration=190/200 episodes=2280 difficulty=1.000 loss=-0.06335 wall=3813.5s
[spatial train] ppo_ontology_rgat seed=832 iteration=35/200 episodes=420 difficulty=1.000 loss=0.01469 wall=696.6s
[spatial train] ppo_ontology_rgat seed=831 iteration=41/200 episodes=492 difficulty=1.000 loss=0.00976 wall=944.4s
[spatial train] ppo_vector_canonical seed=832 iteration=81/200 episodes=972 difficulty=1.000 loss=0.01814 wall=928.0s
[spatial train] ppo_semantic_flat seed=832 iteration=30/200 episodes=360 difficulty=1.000 loss=0.01194 wall=737.7s
[spatial train] ppo_semantic_flat seed=831 iteration=113/200 episodes=1356 difficulty=1.000 loss=-0.00546 wall=1594.4s
[spatial train] ppo_ontology_rgat seed=832 iteration=36/200 episodes=432 difficulty=1.000 loss=0.00999 wall=708.6s
[spatial train] ppo_semantic_flat seed=828 iteration=191/200 episodes=2292 difficulty=1.000 loss=-0.04548 wall=3835.0s
[spatial train] ppo_ontology_rgat seed=831 iteration=42/200 episodes=504 difficulty=1.000 loss=0.02295 wall=960.6s
[spatial train] ppo_vector_canonical seed=832 iteration=82/200 episodes=984 difficulty=1.000 loss=0.01607 wall=942.3s
[spatial train] ppo_ontology_rgat seed=832 iteration=37/200 episodes=444 difficulty=1.000 loss=0.00665 wall=720.6s
[spatial train] ppo_semantic_flat seed=831 iteration=114/200 episodes=1368 difficulty=1.000 loss=0.02469 wall=1613.5s
[spatial train] ppo_ontology_rgat seed=832 iteration=38/200 episodes=456 difficulty=1.000 loss=0.01536 wall=727.5s
[spatial train] ppo_semantic_flat seed=828 iteration=192/200 episodes=2304 difficulty=1.000 loss=0.01811 wall=3850.7s
[spatial train] ppo_semantic_flat seed=831 iteration=115/200 episodes=1380 difficulty=1.000 loss=0.05636 wall=1624.8s
[spatial train] ppo_semantic_flat seed=832 iteration=31/200 episodes=372 difficulty=1.000 loss=-0.00345 wall=774.9s
[spatial train] ppo_ontology_rgat seed=832 iteration=39/200 episodes=468 difficulty=1.000 loss=0.01339 wall=742.5s
[spatial train] ppo_vector_canonical seed=832 iteration=83/200 episodes=996 difficulty=1.000 loss=0.04464 wall=970.0s
[spatial train] ppo_semantic_flat seed=831 iteration=116/200 episodes=1392 difficulty=1.000 loss=0.01942 wall=1638.3s
[spatial train] ppo_ontology_rgat seed=831 iteration=43/200 episodes=516 difficulty=1.000 loss=0.02207 wall=995.7s
[spatial train] ppo_semantic_flat seed=828 iteration=193/200 episodes=2316 difficulty=1.000 loss=-0.00433 wall=3874.3s
[spatial train] ppo_semantic_flat seed=831 iteration=117/200 episodes=1404 difficulty=1.000 loss=0.01007 wall=1646.7s
[spatial train] ppo_ontology_rgat seed=832 iteration=40/200 episodes=480 difficulty=1.000 loss=0.00737 wall=761.5s
[spatial train] ppo_semantic_flat seed=831 iteration=118/200 episodes=1416 difficulty=1.000 loss=0.01656 wall=1656.3s
[spatial train] ppo_semantic_flat seed=832 iteration=32/200 episodes=384 difficulty=1.000 loss=0.02329 wall=801.4s
[spatial train] ppo_vector_canonical seed=832 iteration=84/200 episodes=1008 difficulty=1.000 loss=0.04529 wall=993.0s
[spatial train] ppo_semantic_flat seed=828 iteration=194/200 episodes=2328 difficulty=1.000 loss=0.10118 wall=3890.2s
[spatial train] ppo_ontology_rgat seed=832 iteration=41/200 episodes=492 difficulty=1.000 loss=0.02001 wall=772.7s
[spatial train] ppo_ontology_rgat seed=831 iteration=44/200 episodes=528 difficulty=1.000 loss=0.05399 wall=1018.6s
[spatial train] ppo_semantic_flat seed=831 iteration=119/200 episodes=1428 difficulty=1.000 loss=0.01177 wall=1663.8s
[spatial train] ppo_vector_canonical seed=832 iteration=85/200 episodes=1020 difficulty=1.000 loss=0.00641 wall=1005.7s
[spatial train] ppo_ontology_rgat seed=832 iteration=42/200 episodes=504 difficulty=1.000 loss=0.01185 wall=785.6s
[spatial train] ppo_ontology_rgat seed=831 iteration=45/200 episodes=540 difficulty=1.000 loss=0.03521 wall=1031.8s
[spatial train] ppo_vector_canonical seed=832 iteration=86/200 episodes=1032 difficulty=1.000 loss=0.01261 wall=1012.3s
[spatial train] ppo_semantic_flat seed=828 iteration=195/200 episodes=2340 difficulty=1.000 loss=0.07200 wall=3909.6s
[spatial train] ppo_semantic_flat seed=831 iteration=120/200 episodes=1440 difficulty=1.000 loss=0.11061 wall=1679.4s
[spatial train] ppo_semantic_flat seed=832 iteration=33/200 episodes=396 difficulty=1.000 loss=0.03327 wall=826.0s
[spatial train] ppo_ontology_rgat seed=832 iteration=43/200 episodes=516 difficulty=1.000 loss=0.01177 wall=792.5s
[spatial train] ppo_vector_canonical seed=832 iteration=87/200 episodes=1044 difficulty=1.000 loss=-0.03306 wall=1022.1s
[spatial train] ppo_semantic_flat seed=831 iteration=121/200 episodes=1452 difficulty=1.000 loss=-0.01843 wall=1688.2s
[spatial train] ppo_semantic_flat seed=828 iteration=196/200 episodes=2352 difficulty=1.000 loss=0.05143 wall=3925.5s
[spatial train] ppo_semantic_flat seed=831 iteration=122/200 episodes=1464 difficulty=1.000 loss=0.01515 wall=1695.3s
[spatial train] ppo_ontology_rgat seed=832 iteration=44/200 episodes=528 difficulty=1.000 loss=0.01480 wall=807.2s
[spatial train] ppo_vector_canonical seed=832 iteration=88/200 episodes=1056 difficulty=1.000 loss=0.04320 wall=1035.0s
[spatial train] ppo_semantic_flat seed=831 iteration=123/200 episodes=1476 difficulty=1.000 loss=0.01957 wall=1702.9s
[spatial train] ppo_ontology_rgat seed=831 iteration=46/200 episodes=552 difficulty=1.000 loss=0.03914 wall=1060.8s
[spatial train] ppo_ontology_rgat seed=832 iteration=45/200 episodes=540 difficulty=1.000 loss=0.01387 wall=816.4s
[spatial train] ppo_semantic_flat seed=831 iteration=124/200 episodes=1488 difficulty=1.000 loss=0.01702 wall=1706.2s
[spatial train] ppo_vector_canonical seed=832 iteration=89/200 episodes=1068 difficulty=1.000 loss=0.04772 wall=1042.4s
[spatial train] ppo_semantic_flat seed=832 iteration=34/200 episodes=408 difficulty=1.000 loss=0.01666 wall=855.0s
[spatial train] ppo_semantic_flat seed=831 iteration=125/200 episodes=1500 difficulty=1.000 loss=0.01511 wall=1713.4s
[spatial train] ppo_vector_canonical seed=832 iteration=90/200 episodes=1080 difficulty=1.000 loss=0.01744 wall=1050.0s
[spatial train] ppo_ontology_rgat seed=832 iteration=46/200 episodes=552 difficulty=1.000 loss=0.00669 wall=826.8s
[spatial train] ppo_semantic_flat seed=831 iteration=126/200 episodes=1512 difficulty=1.000 loss=0.01376 wall=1718.3s
[spatial train] ppo_vector_canonical seed=832 iteration=91/200 episodes=1092 difficulty=1.000 loss=0.01833 wall=1056.6s
[spatial train] ppo_semantic_flat seed=828 iteration=197/200 episodes=2364 difficulty=1.000 loss=0.00876 wall=3954.3s
[spatial train] ppo_semantic_flat seed=831 iteration=127/200 episodes=1524 difficulty=1.000 loss=-0.00215 wall=1722.6s
[spatial train] ppo_vector_canonical seed=832 iteration=92/200 episodes=1104 difficulty=1.000 loss=-0.01075 wall=1063.6s
[spatial train] ppo_ontology_rgat seed=831 iteration=47/200 episodes=564 difficulty=1.000 loss=0.02108 wall=1085.1s
[spatial train] ppo_semantic_flat seed=831 iteration=128/200 episodes=1536 difficulty=1.000 loss=-0.03544 wall=1734.1s
[spatial train] ppo_ontology_rgat seed=832 iteration=47/200 episodes=564 difficulty=1.000 loss=0.01126 wall=845.8s
[spatial train] ppo_vector_canonical seed=832 iteration=93/200 episodes=1116 difficulty=1.000 loss=0.00914 wall=1070.3s
[spatial train] ppo_semantic_flat seed=828 iteration=198/200 episodes=2376 difficulty=1.000 loss=-0.01865 wall=3973.6s
[spatial train] ppo_ontology_rgat seed=831 iteration=48/200 episodes=576 difficulty=1.000 loss=0.00720 wall=1097.5s
[spatial train] ppo_ontology_rgat seed=832 iteration=48/200 episodes=576 difficulty=1.000 loss=0.01618 wall=855.5s
[spatial train] ppo_semantic_flat seed=831 iteration=129/200 episodes=1548 difficulty=1.000 loss=-0.01002 wall=1745.6s
[spatial train] ppo_semantic_flat seed=832 iteration=35/200 episodes=420 difficulty=1.000 loss=0.03964 wall=891.4s
[spatial train] ppo_vector_canonical seed=832 iteration=94/200 episodes=1128 difficulty=1.000 loss=0.01155 wall=1082.3s
[spatial train] ppo_vector_canonical seed=832 iteration=95/200 episodes=1140 difficulty=1.000 loss=0.05294 wall=1088.0s
[spatial train] ppo_semantic_flat seed=831 iteration=130/200 episodes=1560 difficulty=1.000 loss=0.01922 wall=1754.6s
[spatial train] ppo_vector_canonical seed=832 iteration=96/200 episodes=1152 difficulty=1.000 loss=0.00550 wall=1093.0s
[spatial train] ppo_ontology_rgat seed=832 iteration=49/200 episodes=588 difficulty=1.000 loss=-0.00984 wall=868.9s
[spatial train] ppo_semantic_flat seed=831 iteration=131/200 episodes=1572 difficulty=1.000 loss=0.01556 wall=1762.4s
[spatial train] ppo_semantic_flat seed=828 iteration=199/200 episodes=2388 difficulty=1.000 loss=-0.06435 wall=3994.7s
[spatial train] ppo_vector_canonical seed=832 iteration=97/200 episodes=1164 difficulty=1.000 loss=0.01045 wall=1099.4s
[spatial train] ppo_ontology_rgat seed=832 iteration=50/200 episodes=600 difficulty=1.000 loss=0.05615 wall=878.4s
[spatial train] ppo_semantic_flat seed=832 iteration=36/200 episodes=432 difficulty=1.000 loss=0.04642 wall=912.4s
[spatial train] ppo_semantic_flat seed=831 iteration=132/200 episodes=1584 difficulty=1.000 loss=0.02058 wall=1769.9s
[spatial train] ppo_vector_canonical seed=832 iteration=98/200 episodes=1176 difficulty=1.000 loss=0.01695 wall=1105.7s
[spatial train] ppo_ontology_rgat seed=831 iteration=49/200 episodes=588 difficulty=1.000 loss=0.00661 wall=1128.0s
[spatial train] ppo_semantic_flat seed=831 iteration=133/200 episodes=1596 difficulty=1.000 loss=0.03742 wall=1776.5s
[spatial train] ppo_vector_canonical seed=832 iteration=99/200 episodes=1188 difficulty=1.000 loss=-0.00534 wall=1112.0s
[spatial train] ppo_ontology_rgat seed=832 iteration=51/200 episodes=612 difficulty=1.000 loss=0.03104 wall=888.7s
[spatial train] ppo_semantic_flat seed=831 iteration=134/200 episodes=1608 difficulty=1.000 loss=0.02828 wall=1782.2s
[spatial train] ppo_vector_canonical seed=832 iteration=100/200 episodes=1200 difficulty=1.000 loss=0.00861 wall=1120.6s
[spatial train] ppo_ontology_rgat seed=832 iteration=52/200 episodes=624 difficulty=1.000 loss=0.00882 wall=897.2s
[spatial train] ppo_semantic_flat seed=832 iteration=37/200 episodes=444 difficulty=1.000 loss=0.01634 wall=935.4s
[spatial train] ppo_semantic_flat seed=831 iteration=135/200 episodes=1620 difficulty=1.000 loss=0.02041 wall=1793.6s
[spatial train] ppo_ontology_rgat seed=832 iteration=53/200 episodes=636 difficulty=1.000 loss=0.01552 wall=905.2s
[spatial train] ppo_vector_canonical seed=832 iteration=101/200 episodes=1212 difficulty=1.000 loss=0.00976 wall=1130.7s
[spatial train] ppo_ontology_rgat seed=831 iteration=50/200 episodes=600 difficulty=1.000 loss=0.02544 wall=1151.2s
[spatial train] ppo_semantic_flat seed=828 iteration=200/200 episodes=2400 difficulty=1.000 loss=-0.00280 wall=4032.1s
[spatial train] ppo_ontology_rgat seed=832 iteration=54/200 episodes=648 difficulty=1.000 loss=0.02380 wall=911.8s
[spatial train] ppo_semantic_flat seed=831 iteration=136/200 episodes=1632 difficulty=1.000 loss=0.01106 wall=1801.3s
[spatial train] ppo_semantic_flat seed=832 iteration=38/200 episodes=456 difficulty=1.000 loss=0.02187 wall=950.5s
[spatial train] ppo_vector_canonical seed=832 iteration=102/200 episodes=1224 difficulty=1.000 loss=0.00876 wall=1141.5s
[spatial train] ppo_ontology_rgat seed=831 iteration=51/200 episodes=612 difficulty=1.000 loss=-0.01699 wall=1162.4s
[spatial train] ppo_semantic_flat seed=831 iteration=137/200 episodes=1644 difficulty=1.000 loss=-0.03660 wall=1807.0s
[spatial train] ppo_semantic_flat seed=831 iteration=138/200 episodes=1656 difficulty=1.000 loss=0.00255 wall=1811.1s
[spatial train] ppo_ontology_rgat seed=832 iteration=55/200 episodes=660 difficulty=1.000 loss=0.00972 wall=923.9s
[spatial train] ppo_vector_canonical seed=832 iteration=103/200 episodes=1236 difficulty=1.000 loss=0.01223 wall=1149.9s
[spatial train] ppo_ontology_rgat seed=831 iteration=52/200 episodes=624 difficulty=1.000 loss=-0.00855 wall=1174.8s
[spatial train] ppo_ontology_rgat seed=832 iteration=56/200 episodes=672 difficulty=1.000 loss=0.03091 wall=931.2s
[spatial train] ppo_vector_canonical seed=832 iteration=104/200 episodes=1248 difficulty=1.000 loss=0.02248 wall=1157.3s
[spatial train] ppo_semantic_flat seed=831 iteration=139/200 episodes=1668 difficulty=1.000 loss=-0.00013 wall=1825.4s
[spatial train] ppo_ontology_rgat seed=828 relational path ACTIVE; trainable for 20/200 iterations
[spatial train] ppo_ontology_rgat seed=831 iteration=53/200 episodes=636 difficulty=1.000 loss=0.04419 wall=1184.4s
[spatial train] ppo_ontology_rgat seed=832 iteration=57/200 episodes=684 difficulty=1.000 loss=0.01362 wall=940.7s
[spatial train] ppo_vector_canonical seed=832 iteration=105/200 episodes=1260 difficulty=1.000 loss=0.01178 wall=1166.1s
[spatial train] ppo_semantic_flat seed=832 iteration=39/200 episodes=468 difficulty=1.000 loss=-0.01851 wall=977.4s
[spatial train] ppo_semantic_flat seed=831 iteration=140/200 episodes=1680 difficulty=1.000 loss=-0.01025 wall=1836.3s
[spatial train] ppo_ontology_rgat seed=831 iteration=54/200 episodes=648 difficulty=1.000 loss=-0.02676 wall=1192.9s
[spatial train] ppo_ontology_rgat seed=832 iteration=58/200 episodes=696 difficulty=1.000 loss=0.01604 wall=950.9s
[spatial train] ppo_vector_canonical seed=832 iteration=106/200 episodes=1272 difficulty=1.000 loss=0.01759 wall=1180.6s
[spatial train] ppo_ontology_rgat seed=831 iteration=55/200 episodes=660 difficulty=1.000 loss=-0.02046 wall=1201.0s
[spatial train] ppo_ontology_rgat seed=832 iteration=59/200 episodes=708 difficulty=1.000 loss=0.01775 wall=956.4s
[spatial train] ppo_semantic_flat seed=831 iteration=141/200 episodes=1692 difficulty=1.000 loss=-0.02716 wall=1846.6s
[spatial train] ppo_semantic_flat seed=832 iteration=40/200 episodes=480 difficulty=1.000 loss=0.01271 wall=992.5s
[spatial train] ppo_ontology_rgat seed=830 relational path ACTIVE; trainable for 20/200 iterations
[spatial train] ppo_vector_canonical seed=832 iteration=107/200 episodes=1284 difficulty=1.000 loss=0.02183 wall=1189.6s
[spatial train] ppo_semantic_flat seed=831 iteration=142/200 episodes=1704 difficulty=1.000 loss=0.01910 wall=1855.5s
[spatial train] ppo_semantic_flat seed=832 iteration=41/200 episodes=492 difficulty=1.000 loss=0.02254 wall=1000.5s
[spatial train] ppo_ontology_rgat seed=831 iteration=56/200 episodes=672 difficulty=1.000 loss=0.02770 wall=1211.6s
[spatial train] ppo_ontology_rgat seed=832 iteration=60/200 episodes=720 difficulty=1.000 loss=0.00557 wall=970.2s
[spatial train] ppo_vector_canonical seed=832 iteration=108/200 episodes=1296 difficulty=1.000 loss=-0.03338 wall=1195.5s
[spatial train] ppo_semantic_flat seed=831 iteration=143/200 episodes=1716 difficulty=1.000 loss=0.02803 wall=1860.7s
[spatial train] ppo_semantic_flat seed=832 iteration=42/200 episodes=504 difficulty=1.000 loss=-0.00221 wall=1008.3s
[spatial train] ppo_ontology_rgat seed=832 iteration=61/200 episodes=732 difficulty=1.000 loss=0.02710 wall=976.7s
[spatial train] ppo_ontology_rgat seed=831 iteration=57/200 episodes=684 difficulty=1.000 loss=0.00189 wall=1221.7s
[spatial train] ppo_vector_canonical seed=832 iteration=109/200 episodes=1308 difficulty=1.000 loss=0.01719 wall=1204.3s
[spatial train] ppo_semantic_flat seed=831 iteration=144/200 episodes=1728 difficulty=1.000 loss=0.01917 wall=1868.9s
[spatial train] ppo_semantic_flat seed=832 iteration=43/200 episodes=516 difficulty=1.000 loss=0.01657 wall=1015.6s
[spatial train] ppo_ontology_rgat seed=832 iteration=62/200 episodes=744 difficulty=1.000 loss=0.02270 wall=983.5s
[spatial train] ppo_semantic_flat seed=831 iteration=145/200 episodes=1740 difficulty=1.000 loss=0.02106 wall=1874.4s
[spatial train] ppo_vector_canonical seed=832 iteration=110/200 episodes=1320 difficulty=1.000 loss=0.02769 wall=1212.4s
[spatial train] ppo_semantic_flat seed=832 iteration=44/200 episodes=528 difficulty=1.000 loss=0.06491 wall=1024.5s
[spatial train] ppo_semantic_flat seed=831 iteration=146/200 episodes=1752 difficulty=1.000 loss=0.01308 wall=1880.4s
[spatial train] ppo_ontology_rgat seed=831 iteration=58/200 episodes=696 difficulty=1.000 loss=0.01890 wall=1236.4s
[spatial train] ppo_ontology_rgat seed=832 iteration=63/200 episodes=756 difficulty=1.000 loss=0.01647 wall=993.5s
[spatial train] ppo_ontology_rgat seed=829 relational path ACTIVE; trainable for 20/200 iterations
[spatial train] ppo_vector_canonical seed=832 iteration=111/200 episodes=1332 difficulty=1.000 loss=0.01572 wall=1220.8s
[spatial train] ppo_semantic_flat seed=832 iteration=45/200 episodes=540 difficulty=1.000 loss=0.01172 wall=1031.1s
[spatial train] ppo_ontology_rgat seed=832 iteration=64/200 episodes=768 difficulty=1.000 loss=0.01068 wall=999.7s
[spatial train] ppo_vector_canonical seed=832 iteration=112/200 episodes=1344 difficulty=1.000 loss=0.01301 wall=1225.7s
[spatial train] ppo_semantic_flat seed=831 iteration=147/200 episodes=1764 difficulty=1.000 loss=0.02135 wall=1890.9s
[spatial train] ppo_semantic_flat seed=832 iteration=46/200 episodes=552 difficulty=1.000 loss=-0.00554 wall=1041.5s
[spatial train] ppo_vector_canonical seed=832 iteration=113/200 episodes=1356 difficulty=1.000 loss=0.01122 wall=1232.8s
[spatial train] ppo_ontology_rgat seed=832 iteration=65/200 episodes=780 difficulty=1.000 loss=0.02997 wall=1008.4s
[spatial train] ppo_ontology_rgat seed=831 iteration=59/200 episodes=708 difficulty=1.000 loss=0.02183 wall=1253.3s
[spatial train] ppo_semantic_flat seed=831 iteration=148/200 episodes=1776 difficulty=1.000 loss=0.02800 wall=1898.3s
[spatial train] ppo_ontology_rgat seed=832 iteration=66/200 episodes=792 difficulty=1.000 loss=0.01536 wall=1013.5s
[spatial train] ppo_vector_canonical seed=832 iteration=114/200 episodes=1368 difficulty=1.000 loss=0.01211 wall=1239.7s
[spatial train] ppo_semantic_flat seed=831 iteration=149/200 episodes=1788 difficulty=1.000 loss=0.04747 wall=1907.9s
[spatial train] ppo_semantic_flat seed=832 iteration=47/200 episodes=564 difficulty=1.000 loss=-0.09111 wall=1053.5s
[spatial train] ppo_vector_canonical seed=832 iteration=115/200 episodes=1380 difficulty=1.000 loss=0.02304 wall=1248.2s
[spatial train] ppo_ontology_rgat seed=832 iteration=67/200 episodes=804 difficulty=1.000 loss=0.03607 wall=1023.9s
[spatial train] ppo_ontology_rgat seed=831 iteration=60/200 episodes=720 difficulty=1.000 loss=0.00439 wall=1270.0s
[spatial train] ppo_semantic_flat seed=831 iteration=150/200 episodes=1800 difficulty=1.000 loss=0.01405 wall=1915.4s
[spatial train] ppo_vector_canonical seed=832 iteration=116/200 episodes=1392 difficulty=1.000 loss=0.01027 wall=1252.2s
[spatial train] ppo_ontology_rgat seed=832 iteration=68/200 episodes=816 difficulty=1.000 loss=0.00773 wall=1029.9s
[spatial train] ppo_semantic_flat seed=832 iteration=48/200 episodes=576 difficulty=1.000 loss=0.06084 wall=1063.8s
[spatial train] ppo_vector_canonical seed=832 iteration=117/200 episodes=1404 difficulty=1.000 loss=0.00837 wall=1257.0s
[spatial train] ppo_semantic_flat seed=831 iteration=151/200 episodes=1812 difficulty=1.000 loss=0.05417 wall=1923.6s
[spatial train] ppo_ontology_rgat seed=832 iteration=69/200 episodes=828 difficulty=1.000 loss=0.04298 wall=1036.1s
[spatial train] ppo_vector_canonical seed=832 iteration=118/200 episodes=1416 difficulty=1.000 loss=0.00916 wall=1261.7s
[spatial train] ppo_ontology_rgat seed=831 iteration=61/200 episodes=732 difficulty=1.000 loss=0.01994 wall=1282.4s
[spatial train] ppo_ontology_rgat seed=832 iteration=70/200 episodes=840 difficulty=1.000 loss=0.04149 wall=1040.7s
[spatial train] ppo_semantic_flat seed=832 iteration=49/200 episodes=588 difficulty=1.000 loss=-0.00754 wall=1076.3s
[spatial train] ppo_semantic_flat seed=831 iteration=152/200 episodes=1824 difficulty=1.000 loss=0.01751 wall=1931.7s
[spatial train] ppo_ontology_rgat seed=832 iteration=71/200 episodes=852 difficulty=1.000 loss=0.01758 wall=1045.1s
[spatial train] ppo_vector_canonical seed=832 iteration=119/200 episodes=1428 difficulty=1.000 loss=0.01831 wall=1270.0s
[spatial train] ppo_semantic_flat seed=831 iteration=153/200 episodes=1836 difficulty=1.000 loss=0.02120 wall=1937.0s
[spatial train] ppo_ontology_rgat seed=831 iteration=62/200 episodes=744 difficulty=1.000 loss=0.02113 wall=1293.6s
[spatial train] ppo_ontology_rgat seed=832 iteration=72/200 episodes=864 difficulty=1.000 loss=0.02000 wall=1050.6s
[spatial train] ppo_semantic_flat seed=832 iteration=50/200 episodes=600 difficulty=1.000 loss=0.01330 wall=1085.2s
[spatial train] ppo_semantic_flat seed=831 iteration=154/200 episodes=1848 difficulty=1.000 loss=0.01226 wall=1941.2s
[spatial train] ppo_vector_canonical seed=832 iteration=120/200 episodes=1440 difficulty=1.000 loss=0.00934 wall=1277.3s
[spatial train] ppo_ontology_rgat seed=832 iteration=73/200 episodes=876 difficulty=1.000 loss=0.01227 wall=1055.2s
[spatial train] ppo_ontology_rgat seed=831 iteration=63/200 episodes=756 difficulty=1.000 loss=0.02231 wall=1301.1s
[spatial train] ppo_semantic_flat seed=831 iteration=155/200 episodes=1860 difficulty=1.000 loss=0.02922 wall=1947.3s
[spatial train] ppo_semantic_flat seed=832 iteration=51/200 episodes=612 difficulty=1.000 loss=-0.00602 wall=1094.5s
[spatial train] ppo_ontology_rgat seed=832 iteration=74/200 episodes=888 difficulty=1.000 loss=0.02382 wall=1061.8s
[spatial train] ppo_semantic_flat seed=831 iteration=156/200 episodes=1872 difficulty=1.000 loss=0.01148 wall=1952.4s
[spatial train] ppo_ontology_rgat seed=831 iteration=64/200 episodes=768 difficulty=1.000 loss=-0.01620 wall=1308.0s
[spatial train] ppo_vector_canonical seed=832 iteration=121/200 episodes=1452 difficulty=1.000 loss=0.01741 wall=1291.3s
[spatial train] ppo_ontology_rgat seed=832 iteration=75/200 episodes=900 difficulty=1.000 loss=-0.01435 wall=1068.4s
[spatial train] ppo_semantic_flat seed=832 iteration=52/200 episodes=624 difficulty=1.000 loss=0.01672 wall=1102.6s
[spatial train] ppo_semantic_flat seed=831 iteration=157/200 episodes=1884 difficulty=1.000 loss=0.02533 wall=1959.4s
[spatial train] ppo_ontology_rgat seed=832 iteration=76/200 episodes=912 difficulty=1.000 loss=0.07311 wall=1073.5s
[spatial train] ppo_semantic_flat seed=832 iteration=53/200 episodes=636 difficulty=1.000 loss=0.01650 wall=1109.6s
[spatial train] ppo_vector_canonical seed=832 iteration=122/200 episodes=1464 difficulty=1.000 loss=0.02105 wall=1301.3s
[spatial train] ppo_ontology_rgat seed=832 iteration=77/200 episodes=924 difficulty=1.000 loss=0.01807 wall=1080.3s
[spatial train] ppo_semantic_flat seed=831 iteration=158/200 episodes=1896 difficulty=1.000 loss=0.09613 wall=1970.2s
[spatial train] ppo_ontology_rgat seed=831 iteration=65/200 episodes=780 difficulty=1.000 loss=0.06887 wall=1327.0s
[spatial train] ppo_semantic_flat seed=832 iteration=54/200 episodes=648 difficulty=1.000 loss=0.00234 wall=1117.5s
[spatial train] ppo_vector_canonical seed=832 iteration=123/200 episodes=1476 difficulty=1.000 loss=0.01861 wall=1309.9s
[spatial train] ppo_ontology_rgat seed=832 iteration=78/200 episodes=936 difficulty=1.000 loss=0.00771 wall=1087.4s
[spatial train] ppo_semantic_flat seed=831 iteration=159/200 episodes=1908 difficulty=1.000 loss=0.01680 wall=1976.7s
[spatial train] ppo_semantic_flat seed=832 iteration=55/200 episodes=660 difficulty=1.000 loss=0.02208 wall=1123.6s
[spatial train] ppo_ontology_rgat seed=832 iteration=79/200 episodes=948 difficulty=1.000 loss=0.00141 wall=1092.1s
[spatial train] ppo_vector_canonical seed=832 iteration=124/200 episodes=1488 difficulty=1.000 loss=0.02079 wall=1320.1s
[spatial train] ppo_semantic_flat seed=832 iteration=56/200 episodes=672 difficulty=1.000 loss=0.00141 wall=1131.3s
[spatial train] ppo_ontology_rgat seed=831 iteration=66/200 episodes=792 difficulty=1.000 loss=0.03465 wall=1343.0s
[spatial train] ppo_vector_canonical seed=832 iteration=125/200 episodes=1500 difficulty=1.000 loss=0.01801 wall=1324.2s
[spatial train] ppo_semantic_flat seed=831 iteration=160/200 episodes=1920 difficulty=1.000 loss=0.02318 wall=1989.6s
[spatial train] ppo_ontology_rgat seed=832 iteration=80/200 episodes=960 difficulty=1.000 loss=0.01363 wall=1100.6s
[spatial train] ppo_ontology_rgat seed=832 iteration=81/200 episodes=972 difficulty=1.000 loss=-0.00376 wall=1106.0s
[spatial train] ppo_semantic_flat seed=831 iteration=161/200 episodes=1932 difficulty=1.000 loss=0.07193 wall=1995.5s
[spatial train] ppo_semantic_flat seed=832 iteration=57/200 episodes=684 difficulty=1.000 loss=0.05588 wall=1140.4s
[spatial train] ppo_vector_canonical seed=832 iteration=126/200 episodes=1512 difficulty=1.000 loss=0.05932 wall=1331.8s
[spatial train] ppo_semantic_flat seed=831 iteration=162/200 episodes=1944 difficulty=1.000 loss=0.01803 wall=1999.6s
[spatial train] ppo_ontology_rgat seed=831 iteration=67/200 episodes=804 difficulty=1.000 loss=0.01638 wall=1356.2s
[spatial train] ppo_vector_canonical seed=832 iteration=127/200 episodes=1524 difficulty=1.000 loss=0.01312 wall=1338.4s
[spatial train] ppo_ontology_rgat seed=832 iteration=82/200 episodes=984 difficulty=1.000 loss=0.02845 wall=1115.2s
[spatial train] ppo_semantic_flat seed=832 iteration=58/200 episodes=696 difficulty=1.000 loss=0.02913 wall=1151.1s
[spatial train] ppo_vector_canonical seed=832 iteration=128/200 episodes=1536 difficulty=1.000 loss=0.00130 wall=1345.0s
[spatial train] ppo_semantic_flat seed=831 iteration=163/200 episodes=1956 difficulty=1.000 loss=0.01310 wall=2010.0s
[spatial train] ppo_ontology_rgat seed=831 iteration=68/200 episodes=816 difficulty=1.000 loss=0.11849 wall=1366.6s
[spatial train] ppo_vector_canonical seed=832 iteration=129/200 episodes=1548 difficulty=1.000 loss=0.02497 wall=1348.8s
[spatial train] ppo_ontology_rgat seed=832 iteration=83/200 episodes=996 difficulty=1.000 loss=0.01862 wall=1125.7s
[spatial train] ppo_semantic_flat seed=832 iteration=59/200 episodes=708 difficulty=1.000 loss=0.02232 wall=1161.1s
[spatial train] ppo_vector_canonical seed=832 iteration=130/200 episodes=1560 difficulty=1.000 loss=0.00253 wall=1352.1s
[spatial train] ppo_semantic_flat seed=831 iteration=164/200 episodes=1968 difficulty=1.000 loss=0.01334 wall=2017.1s
[spatial train] ppo_ontology_rgat seed=831 iteration=69/200 episodes=828 difficulty=1.000 loss=0.12652 wall=1375.5s
[spatial train] ppo_vector_canonical seed=832 iteration=131/200 episodes=1572 difficulty=1.000 loss=0.00952 wall=1357.9s
[spatial train] ppo_ontology_rgat seed=832 iteration=84/200 episodes=1008 difficulty=1.000 loss=0.04080 wall=1134.6s
[spatial train] ppo_semantic_flat seed=831 iteration=165/200 episodes=1980 difficulty=1.000 loss=0.04289 wall=2025.5s
[spatial train] ppo_vector_canonical seed=832 iteration=132/200 episodes=1584 difficulty=1.000 loss=-0.01198 wall=1361.6s
[spatial train] ppo_semantic_flat seed=832 iteration=60/200 episodes=720 difficulty=1.000 loss=0.01503 wall=1173.4s
[spatial train] ppo_vector_canonical seed=832 iteration=133/200 episodes=1596 difficulty=1.000 loss=0.00729 wall=1365.9s
[spatial train] ppo_semantic_flat seed=831 iteration=166/200 episodes=1992 difficulty=1.000 loss=-0.03413 wall=2031.0s
[spatial train] ppo_ontology_rgat seed=832 iteration=85/200 episodes=1020 difficulty=1.000 loss=0.08518 wall=1142.4s
[spatial train] ppo_ontology_rgat seed=831 iteration=70/200 episodes=840 difficulty=1.000 loss=-0.09307 wall=1390.2s
[spatial train] ppo_vector_canonical seed=832 iteration=134/200 episodes=1608 difficulty=1.000 loss=0.00750 wall=1370.8s
[spatial train] ppo_semantic_flat seed=832 iteration=61/200 episodes=732 difficulty=1.000 loss=0.04531 wall=1180.5s
[spatial train] ppo_ontology_rgat seed=832 iteration=86/200 episodes=1032 difficulty=1.000 loss=0.01552 wall=1147.0s
[spatial train] ppo_semantic_flat seed=831 iteration=167/200 episodes=2004 difficulty=1.000 loss=-0.00536 wall=2039.0s
[spatial train] ppo_ontology_rgat seed=832 iteration=87/200 episodes=1044 difficulty=1.000 loss=0.01904 wall=1151.9s
[spatial train] ppo_semantic_flat seed=832 iteration=62/200 episodes=744 difficulty=1.000 loss=0.01260 wall=1187.2s
[spatial train] ppo_vector_canonical seed=832 iteration=135/200 episodes=1620 difficulty=1.000 loss=0.05911 wall=1378.9s
[spatial train] ppo_semantic_flat seed=831 iteration=168/200 episodes=2016 difficulty=1.000 loss=-0.02182 wall=2044.1s
[spatial train] ppo_ontology_rgat seed=831 iteration=71/200 episodes=852 difficulty=1.000 loss=0.02377 wall=1401.6s
[spatial train] ppo_ontology_rgat seed=832 iteration=88/200 episodes=1056 difficulty=1.000 loss=0.01695 wall=1158.1s
[spatial train] ppo_semantic_flat seed=831 iteration=169/200 episodes=2028 difficulty=1.000 loss=-0.00819 wall=2047.4s
[spatial train] ppo_semantic_flat seed=832 iteration=63/200 episodes=756 difficulty=1.000 loss=-0.03873 wall=1195.4s
[spatial train] ppo_semantic_flat seed=831 iteration=170/200 episodes=2040 difficulty=1.000 loss=0.03991 wall=2050.6s
[spatial train] ppo_vector_canonical seed=832 iteration=136/200 episodes=1632 difficulty=1.000 loss=0.00867 wall=1386.1s
[spatial train] ppo_ontology_rgat seed=832 iteration=89/200 episodes=1068 difficulty=1.000 loss=0.02121 wall=1163.9s
[spatial train] ppo_vector_canonical seed=832 iteration=137/200 episodes=1644 difficulty=1.000 loss=0.01253 wall=1390.9s
[spatial train] ppo_semantic_flat seed=831 iteration=171/200 episodes=2052 difficulty=1.000 loss=0.08320 wall=2055.9s
[spatial train] ppo_semantic_flat seed=832 iteration=64/200 episodes=768 difficulty=1.000 loss=0.01681 wall=1202.4s
[spatial train] ppo_ontology_rgat seed=832 iteration=90/200 episodes=1080 difficulty=1.000 loss=0.02129 wall=1169.8s
[spatial train] ppo_semantic_flat seed=831 iteration=172/200 episodes=2064 difficulty=1.000 loss=0.03040 wall=2060.7s
[spatial train] ppo_vector_canonical seed=832 iteration=138/200 episodes=1656 difficulty=1.000 loss=0.01263 wall=1396.4s
[spatial train] ppo_ontology_rgat seed=831 iteration=72/200 episodes=864 difficulty=1.000 loss=0.02107 wall=1419.9s
[spatial train] ppo_vector_canonical seed=832 iteration=139/200 episodes=1668 difficulty=1.000 loss=0.00890 wall=1400.5s
[spatial train] ppo_ontology_rgat seed=832 iteration=91/200 episodes=1092 difficulty=1.000 loss=0.01958 wall=1176.1s
[spatial train] ppo_semantic_flat seed=831 iteration=173/200 episodes=2076 difficulty=1.000 loss=0.01660 wall=2065.9s
[spatial train] ppo_semantic_flat seed=832 iteration=65/200 episodes=780 difficulty=1.000 loss=0.07683 wall=1212.6s
[spatial train] ppo_vector_canonical seed=832 iteration=140/200 episodes=1680 difficulty=1.000 loss=0.01319 wall=1404.0s
[spatial train] ppo_semantic_flat seed=831 iteration=174/200 episodes=2088 difficulty=1.000 loss=0.02995 wall=2069.0s
[spatial train] ppo_ontology_rgat seed=832 iteration=92/200 episodes=1104 difficulty=1.000 loss=0.04348 wall=1182.4s
[spatial train] ppo_vector_canonical seed=832 iteration=141/200 episodes=1692 difficulty=1.000 loss=0.00721 wall=1408.7s
[spatial train] ppo_semantic_flat seed=831 iteration=175/200 episodes=2100 difficulty=1.000 loss=0.02521 wall=2074.9s
[spatial train] ppo_ontology_rgat seed=832 iteration=93/200 episodes=1116 difficulty=1.000 loss=0.00656 wall=1186.8s
[spatial train] ppo_semantic_flat seed=832 iteration=66/200 episodes=792 difficulty=1.000 loss=0.01663 wall=1222.1s
[spatial train] ppo_semantic_flat seed=831 iteration=176/200 episodes=2112 difficulty=1.000 loss=0.00523 wall=2079.2s
[spatial train] ppo_vector_canonical seed=832 iteration=142/200 episodes=1704 difficulty=1.000 loss=0.01644 wall=1414.8s
[spatial train] ppo_ontology_rgat seed=831 iteration=73/200 episodes=876 difficulty=1.000 loss=0.02582 wall=1437.9s
[spatial train] ppo_vector_canonical seed=832 iteration=143/200 episodes=1716 difficulty=1.000 loss=0.01124 wall=1419.6s
[spatial train] ppo_ontology_rgat seed=832 iteration=94/200 episodes=1128 difficulty=1.000 loss=0.01969 wall=1196.8s
[spatial train] ppo_semantic_flat seed=831 iteration=177/200 episodes=2124 difficulty=1.000 loss=0.04405 wall=2085.9s
[spatial train] ppo_vector_canonical seed=832 iteration=144/200 episodes=1728 difficulty=1.000 loss=0.00295 wall=1421.8s
[spatial train] ppo_vector_canonical seed=832 iteration=145/200 episodes=1740 difficulty=1.000 loss=0.00241 wall=1424.6s
[spatial train] ppo_ontology_rgat seed=832 iteration=95/200 episodes=1140 difficulty=1.000 loss=0.00907 wall=1201.1s
[spatial train] ppo_semantic_flat seed=832 iteration=67/200 episodes=804 difficulty=1.000 loss=0.02159 wall=1235.4s
[spatial train] ppo_semantic_flat seed=831 iteration=178/200 episodes=2136 difficulty=1.000 loss=0.01189 wall=2091.1s
[spatial train] ppo_vector_canonical seed=832 iteration=146/200 episodes=1752 difficulty=1.000 loss=0.00901 wall=1428.7s
[spatial train] ppo_ontology_rgat seed=832 iteration=96/200 episodes=1152 difficulty=1.000 loss=0.00503 wall=1204.8s
[spatial train] ppo_vector_canonical seed=832 iteration=147/200 episodes=1764 difficulty=1.000 loss=0.01073 wall=1431.4s
[spatial train] ppo_semantic_flat seed=831 iteration=179/200 episodes=2148 difficulty=1.000 loss=0.02234 wall=2096.7s
[spatial train] ppo_semantic_flat seed=832 iteration=68/200 episodes=816 difficulty=1.000 loss=0.05556 wall=1242.2s
[spatial train] ppo_ontology_rgat seed=831 iteration=74/200 episodes=888 difficulty=1.000 loss=0.01852 wall=1454.9s
[spatial train] ppo_vector_canonical seed=832 iteration=148/200 episodes=1776 difficulty=1.000 loss=0.01495 wall=1437.2s
[spatial train] ppo_ontology_rgat seed=832 iteration=97/200 episodes=1164 difficulty=1.000 loss=0.01572 wall=1212.9s
[spatial train] ppo_semantic_flat seed=832 iteration=69/200 episodes=828 difficulty=1.000 loss=-0.00107 wall=1247.1s
[spatial train] ppo_semantic_flat seed=831 iteration=180/200 episodes=2160 difficulty=1.000 loss=0.03117 wall=2104.1s
[spatial train] ppo_vector_canonical seed=832 iteration=149/200 episodes=1788 difficulty=1.000 loss=0.03384 wall=1440.5s
[spatial train] ppo_semantic_flat seed=832 iteration=70/200 episodes=840 difficulty=1.000 loss=0.02058 wall=1253.4s
[spatial train] ppo_vector_canonical seed=832 iteration=150/200 episodes=1800 difficulty=1.000 loss=0.00952 wall=1444.2s
[spatial train] ppo_semantic_flat seed=831 iteration=181/200 episodes=2172 difficulty=1.000 loss=-0.00439 wall=2110.1s
[spatial train] ppo_ontology_rgat seed=832 iteration=98/200 episodes=1176 difficulty=1.000 loss=0.01678 wall=1223.0s
[spatial train] ppo_vector_canonical seed=832 iteration=151/200 episodes=1812 difficulty=1.000 loss=0.00899 wall=1448.0s
[spatial train] ppo_vector_canonical seed=832 iteration=152/200 episodes=1824 difficulty=1.000 loss=0.02241 wall=1450.6s
[spatial train] ppo_ontology_rgat seed=831 iteration=75/200 episodes=900 difficulty=1.000 loss=0.00080 wall=1471.6s
[spatial train] ppo_semantic_flat seed=832 iteration=71/200 episodes=852 difficulty=1.000 loss=0.01739 wall=1261.6s
[spatial train] ppo_semantic_flat seed=831 iteration=182/200 episodes=2184 difficulty=1.000 loss=-0.01625 wall=2117.3s
[spatial train] ppo_ontology_rgat seed=832 iteration=99/200 episodes=1188 difficulty=1.000 loss=-0.00809 wall=1229.2s
[spatial train] ppo_vector_canonical seed=832 iteration=153/200 episodes=1836 difficulty=1.000 loss=0.01912 wall=1455.7s
[spatial train] ppo_semantic_flat seed=832 iteration=72/200 episodes=864 difficulty=1.000 loss=0.02945 wall=1267.9s
[spatial train] ppo_semantic_flat seed=831 iteration=183/200 episodes=2196 difficulty=1.000 loss=0.02393 wall=2123.8s
[spatial train] ppo_vector_canonical seed=832 iteration=154/200 episodes=1848 difficulty=1.000 loss=0.00942 wall=1460.6s
[spatial train] ppo_ontology_rgat seed=832 iteration=100/200 episodes=1200 difficulty=1.000 loss=0.03362 wall=1239.1s
[spatial train] ppo_vector_canonical seed=832 iteration=155/200 episodes=1860 difficulty=1.000 loss=0.00951 wall=1463.9s
[spatial train] ppo_semantic_flat seed=832 iteration=73/200 episodes=876 difficulty=1.000 loss=0.02160 wall=1276.6s
[spatial train] ppo_semantic_flat seed=831 iteration=184/200 episodes=2208 difficulty=1.000 loss=0.03138 wall=2132.1s
[spatial train] ppo_ontology_rgat seed=831 iteration=76/200 episodes=912 difficulty=1.000 loss=0.01508 wall=1488.0s
[spatial train] ppo_vector_canonical seed=832 iteration=156/200 episodes=1872 difficulty=1.000 loss=0.00900 wall=1468.4s
[spatial train] ppo_ontology_rgat seed=832 iteration=101/200 episodes=1212 difficulty=1.000 loss=0.13959 wall=1245.8s
[spatial train] ppo_vector_canonical seed=832 iteration=157/200 episodes=1884 difficulty=1.000 loss=-0.00689 wall=1472.7s
[spatial train] ppo_semantic_flat seed=831 iteration=185/200 episodes=2220 difficulty=1.000 loss=0.02626 wall=2139.4s
[spatial train] ppo_semantic_flat seed=832 iteration=74/200 episodes=888 difficulty=1.000 loss=0.01333 wall=1284.8s
[spatial train] ppo_vector_canonical seed=832 iteration=158/200 episodes=1896 difficulty=1.000 loss=0.02675 wall=1477.2s
[spatial train] ppo_ontology_rgat seed=831 iteration=77/200 episodes=924 difficulty=1.000 loss=0.00832 wall=1497.9s
[spatial train] ppo_ontology_rgat seed=832 iteration=102/200 episodes=1224 difficulty=1.000 loss=-0.02163 wall=1253.8s
[spatial train] ppo_semantic_flat seed=831 iteration=186/200 episodes=2232 difficulty=1.000 loss=0.01261 wall=2146.7s
[spatial train] ppo_vector_canonical seed=832 iteration=159/200 episodes=1908 difficulty=1.000 loss=0.01457 wall=1482.7s
[spatial train] ppo_semantic_flat seed=832 iteration=75/200 episodes=900 difficulty=1.000 loss=0.01945 wall=1294.7s
[spatial train] ppo_semantic_flat seed=831 iteration=187/200 episodes=2244 difficulty=1.000 loss=0.00910 wall=2154.0s
[spatial train] ppo_ontology_rgat seed=832 iteration=103/200 episodes=1236 difficulty=1.000 loss=0.01601 wall=1266.2s
[spatial train] ppo_vector_canonical seed=832 iteration=160/200 episodes=1920 difficulty=1.000 loss=0.00795 wall=1495.6s
[spatial train] ppo_vector_canonical seed=832 iteration=161/200 episodes=1932 difficulty=1.000 loss=0.00676 wall=1500.4s
[spatial train] ppo_ontology_rgat seed=831 iteration=78/200 episodes=936 difficulty=1.000 loss=0.02774 wall=1521.1s
[spatial train] ppo_semantic_flat seed=832 iteration=76/200 episodes=912 difficulty=1.000 loss=0.04576 wall=1310.9s
[spatial train] ppo_semantic_flat seed=831 iteration=188/200 episodes=2256 difficulty=1.000 loss=0.01104 wall=2169.1s
[spatial train] ppo_vector_canonical seed=832 iteration=162/200 episodes=1944 difficulty=1.000 loss=0.01404 wall=1507.5s
[spatial train] ppo_ontology_rgat seed=832 iteration=104/200 episodes=1248 difficulty=1.000 loss=0.01594 wall=1284.8s
[spatial train] ppo_semantic_flat seed=832 iteration=77/200 episodes=924 difficulty=1.000 loss=0.08441 wall=1323.1s
[spatial train] ppo_vector_canonical seed=832 iteration=163/200 episodes=1956 difficulty=1.000 loss=0.01874 wall=1514.4s
[spatial train] ppo_semantic_flat seed=831 iteration=189/200 episodes=2268 difficulty=1.000 loss=0.00184 wall=2181.7s
[spatial train] ppo_ontology_rgat seed=832 iteration=105/200 episodes=1260 difficulty=1.000 loss=0.01128 wall=1294.1s
[spatial train] ppo_ontology_rgat seed=831 iteration=79/200 episodes=948 difficulty=1.000 loss=0.01815 wall=1540.6s
[spatial train] ppo_vector_canonical seed=832 iteration=164/200 episodes=1968 difficulty=1.000 loss=0.02036 wall=1522.5s
[spatial train] ppo_semantic_flat seed=831 iteration=190/200 episodes=2280 difficulty=1.000 loss=0.02433 wall=2188.3s
[spatial train] ppo_semantic_flat seed=832 iteration=78/200 episodes=936 difficulty=1.000 loss=0.00272 wall=1338.2s
[spatial train] ppo_ontology_rgat seed=832 iteration=106/200 episodes=1272 difficulty=1.000 loss=0.01381 wall=1304.5s
[spatial train] ppo_semantic_flat seed=831 iteration=191/200 episodes=2292 difficulty=1.000 loss=0.01600 wall=2194.9s
[spatial train] ppo_vector_canonical seed=832 iteration=165/200 episodes=1980 difficulty=1.000 loss=0.00605 wall=1530.7s
[spatial train] ppo_vector_canonical seed=832 iteration=166/200 episodes=1992 difficulty=1.000 loss=0.00959 wall=1535.0s
[spatial train] ppo_semantic_flat seed=832 iteration=79/200 episodes=948 difficulty=1.000 loss=0.01776 wall=1345.2s
[spatial train] ppo_ontology_rgat seed=832 iteration=107/200 episodes=1284 difficulty=1.000 loss=0.06112 wall=1312.5s
[spatial train] ppo_semantic_flat seed=831 iteration=192/200 episodes=2304 difficulty=1.000 loss=-0.02363 wall=2201.6s
[spatial train] ppo_vector_canonical seed=832 iteration=167/200 episodes=2004 difficulty=1.000 loss=0.03485 wall=1538.2s
[spatial train] ppo_semantic_flat seed=831 iteration=193/200 episodes=2316 difficulty=1.000 loss=-0.06895 wall=2205.9s
[spatial train] ppo_semantic_flat seed=832 iteration=80/200 episodes=960 difficulty=1.000 loss=0.00356 wall=1351.8s
[spatial train] ppo_ontology_rgat seed=831 iteration=80/200 episodes=960 difficulty=1.000 loss=0.03027 wall=1563.8s
[spatial train] ppo_vector_canonical seed=832 iteration=168/200 episodes=2016 difficulty=1.000 loss=0.00250 wall=1544.8s
[spatial train] ppo_ontology_rgat seed=832 iteration=108/200 episodes=1296 difficulty=1.000 loss=0.01797 wall=1321.2s
[spatial train] ppo_semantic_flat seed=831 iteration=194/200 episodes=2328 difficulty=1.000 loss=-0.01144 wall=2213.6s
[spatial train] ppo_vector_canonical seed=832 iteration=169/200 episodes=2028 difficulty=1.000 loss=0.00918 wall=1549.9s
[spatial train] ppo_semantic_flat seed=832 iteration=81/200 episodes=972 difficulty=1.000 loss=0.01921 wall=1361.1s
[spatial train] ppo_semantic_flat seed=831 iteration=195/200 episodes=2340 difficulty=1.000 loss=-0.02370 wall=2218.2s
[spatial train] ppo_vector_canonical seed=832 iteration=170/200 episodes=2040 difficulty=1.000 loss=0.01351 wall=1556.2s
[spatial train] ppo_semantic_flat seed=831 iteration=196/200 episodes=2352 difficulty=1.000 loss=0.04280 wall=2221.8s
[spatial train] ppo_ontology_rgat seed=832 iteration=109/200 episodes=1308 difficulty=1.000 loss=-0.04003 wall=1333.4s
[spatial train] ppo_ontology_rgat seed=831 iteration=81/200 episodes=972 difficulty=1.000 loss=-0.00286 wall=1579.7s
[spatial train] ppo_semantic_flat seed=832 iteration=82/200 episodes=984 difficulty=1.000 loss=0.02567 wall=1369.1s
[spatial train] ppo_semantic_flat seed=831 iteration=197/200 episodes=2364 difficulty=1.000 loss=0.01675 wall=2227.5s
[spatial train] ppo_vector_canonical seed=832 iteration=171/200 episodes=2052 difficulty=1.000 loss=0.01599 wall=1563.7s
[spatial train] ppo_ontology_rgat seed=832 iteration=110/200 episodes=1320 difficulty=1.000 loss=0.01176 wall=1341.4s
[spatial train] ppo_ontology_rgat seed=831 iteration=82/200 episodes=984 difficulty=1.000 loss=0.04361 wall=1588.6s
[spatial train] ppo_semantic_flat seed=832 iteration=83/200 episodes=996 difficulty=1.000 loss=0.04783 wall=1378.8s
[spatial train] ppo_vector_canonical seed=832 iteration=172/200 episodes=2064 difficulty=1.000 loss=-0.00892 wall=1569.5s
[spatial train] ppo_semantic_flat seed=831 iteration=198/200 episodes=2376 difficulty=1.000 loss=-0.03419 wall=2236.6s
[spatial train] ppo_vector_canonical seed=832 iteration=173/200 episodes=2076 difficulty=1.000 loss=0.01596 wall=1575.8s
[spatial train] ppo_semantic_flat seed=831 iteration=199/200 episodes=2388 difficulty=1.000 loss=0.03579 wall=2241.9s
[spatial train] ppo_ontology_rgat seed=832 iteration=111/200 episodes=1332 difficulty=1.000 loss=0.01341 wall=1355.5s
[spatial train] ppo_semantic_flat seed=832 iteration=84/200 episodes=1008 difficulty=1.000 loss=-0.00159 wall=1389.4s
[spatial train] ppo_vector_canonical seed=832 iteration=174/200 episodes=2088 difficulty=1.000 loss=0.03602 wall=1580.9s
[spatial train] ppo_ontology_rgat seed=831 iteration=83/200 episodes=996 difficulty=1.000 loss=-0.02391 wall=1601.3s
[spatial train] ppo_semantic_flat seed=831 iteration=200/200 episodes=2400 difficulty=1.000 loss=0.00276 wall=2249.1s
[spatial train] ppo_vector_canonical seed=832 iteration=175/200 episodes=2100 difficulty=1.000 loss=0.01425 wall=1585.6s
[spatial train] ppo_semantic_flat seed=832 iteration=85/200 episodes=1020 difficulty=1.000 loss=0.02922 wall=1395.3s
[spatial train] ppo_ontology_rgat seed=831 iteration=84/200 episodes=1008 difficulty=1.000 loss=0.00496 wall=1607.1s
[spatial train] ppo_ontology_rgat seed=832 iteration=112/200 episodes=1344 difficulty=1.000 loss=0.02142 wall=1364.1s
[spatial train] ppo_vector_canonical seed=832 iteration=176/200 episodes=2112 difficulty=1.000 loss=0.03603 wall=1590.2s
[spatial train] ppo_semantic_flat seed=832 iteration=86/200 episodes=1032 difficulty=1.000 loss=0.01170 wall=1400.0s
[spatial train] ppo_vector_canonical seed=832 iteration=177/200 episodes=2124 difficulty=1.000 loss=0.00239 wall=1593.8s
[spatial train] ppo_semantic_flat seed=832 iteration=87/200 episodes=1044 difficulty=1.000 loss=0.01486 wall=1403.4s
[spatial train] ppo_ontology_rgat seed=831 iteration=85/200 episodes=1020 difficulty=1.000 loss=-0.01910 wall=1616.4s
[spatial train] ppo_ontology_rgat seed=832 iteration=113/200 episodes=1356 difficulty=1.000 loss=0.01712 wall=1372.0s
[spatial train] ppo_vector_canonical seed=832 iteration=178/200 episodes=2136 difficulty=1.000 loss=0.00890 wall=1596.9s
[spatial train] ppo_vector_canonical seed=832 iteration=179/200 episodes=2148 difficulty=1.000 loss=0.02132 wall=1601.9s
[spatial train] ppo_semantic_flat seed=832 iteration=88/200 episodes=1056 difficulty=1.000 loss=0.02044 wall=1411.7s
[spatial train] ppo_ontology_rgat seed=832 iteration=114/200 episodes=1368 difficulty=1.000 loss=0.00072 wall=1380.4s
[spatial train] ppo_ontology_rgat seed=831 iteration=86/200 episodes=1032 difficulty=1.000 loss=0.04153 wall=1625.6s
[spatial train] ppo_vector_canonical seed=832 iteration=180/200 episodes=2160 difficulty=1.000 loss=0.00907 wall=1607.1s
[spatial train] ppo_semantic_flat seed=832 iteration=89/200 episodes=1068 difficulty=1.000 loss=0.01797 wall=1417.3s
[spatial train] ppo_vector_canonical seed=832 iteration=181/200 episodes=2172 difficulty=1.000 loss=0.00736 wall=1612.3s
[spatial train] ppo_semantic_flat seed=832 iteration=90/200 episodes=1080 difficulty=1.000 loss=0.01666 wall=1422.6s
[spatial train] ppo_ontology_rgat seed=832 iteration=115/200 episodes=1380 difficulty=1.000 loss=-0.04425 wall=1390.3s
[spatial train] ppo_ontology_rgat seed=831 iteration=87/200 episodes=1044 difficulty=1.000 loss=0.02640 wall=1635.5s
[spatial train] ppo_semantic_flat seed=832 iteration=91/200 episodes=1092 difficulty=1.000 loss=0.01735 wall=1426.9s
[spatial train] ppo_vector_canonical seed=832 iteration=182/200 episodes=2184 difficulty=1.000 loss=0.00498 wall=1618.2s
[spatial train] ppo_semantic_flat seed=832 iteration=92/200 episodes=1104 difficulty=1.000 loss=0.09984 wall=1433.6s
[spatial train] ppo_ontology_rgat seed=831 iteration=88/200 episodes=1056 difficulty=1.000 loss=-0.02764 wall=1644.8s
[spatial train] ppo_vector_canonical seed=832 iteration=183/200 episodes=2196 difficulty=1.000 loss=0.03362 wall=1626.0s
[spatial train] ppo_ontology_rgat seed=832 iteration=116/200 episodes=1392 difficulty=1.000 loss=-0.01820 wall=1401.7s
[spatial train] ppo_semantic_flat seed=832 iteration=93/200 episodes=1116 difficulty=1.000 loss=0.02277 wall=1437.0s
[spatial train] ppo_ontology_rgat seed=832 iteration=117/200 episodes=1404 difficulty=1.000 loss=0.01089 wall=1408.6s
[spatial train] ppo_vector_canonical seed=832 iteration=184/200 episodes=2208 difficulty=1.000 loss=0.01461 wall=1635.3s
[spatial train] ppo_ontology_rgat seed=831 iteration=89/200 episodes=1068 difficulty=1.000 loss=0.02277 wall=1656.3s
[spatial train] ppo_semantic_flat seed=832 iteration=94/200 episodes=1128 difficulty=1.000 loss=0.01985 wall=1446.0s
[spatial train] ppo_ontology_rgat seed=832 iteration=118/200 episodes=1416 difficulty=1.000 loss=0.01112 wall=1415.9s
[spatial train] ppo_semantic_flat seed=832 iteration=95/200 episodes=1140 difficulty=1.000 loss=0.01123 wall=1451.8s
[spatial train] ppo_ontology_rgat seed=831 iteration=90/200 episodes=1080 difficulty=1.000 loss=0.01255 wall=1663.6s
[spatial train] ppo_semantic_flat seed=832 iteration=96/200 episodes=1152 difficulty=1.000 loss=0.01864 wall=1456.9s
[spatial train] ppo_vector_canonical seed=832 iteration=185/200 episodes=2220 difficulty=1.000 loss=0.03124 wall=1647.6s
[spatial train] ppo_ontology_rgat seed=831 iteration=91/200 episodes=1092 difficulty=1.000 loss=0.01770 wall=1669.1s
[spatial train] ppo_ontology_rgat seed=832 iteration=119/200 episodes=1428 difficulty=1.000 loss=0.02288 wall=1427.3s
[spatial train] ppo_semantic_flat seed=832 iteration=97/200 episodes=1164 difficulty=1.000 loss=-0.00080 wall=1464.5s
[spatial train] ppo_ontology_rgat seed=831 iteration=92/200 episodes=1104 difficulty=1.000 loss=0.00558 wall=1676.7s
[spatial train] ppo_vector_canonical seed=832 iteration=186/200 episodes=2232 difficulty=1.000 loss=0.01460 wall=1661.2s
[spatial train] ppo_ontology_rgat seed=831 iteration=93/200 episodes=1116 difficulty=1.000 loss=0.01630 wall=1682.7s
[spatial train] ppo_ontology_rgat seed=832 iteration=120/200 episodes=1440 difficulty=1.000 loss=0.00499 wall=1438.8s
[spatial train] ppo_semantic_flat seed=832 iteration=98/200 episodes=1176 difficulty=1.000 loss=0.02031 wall=1476.4s
[spatial train] ppo_vector_canonical seed=832 iteration=187/200 episodes=2244 difficulty=1.000 loss=0.02086 wall=1667.7s
[spatial train] ppo_ontology_rgat seed=831 iteration=94/200 episodes=1128 difficulty=1.000 loss=0.03985 wall=1690.7s
[spatial train] ppo_ontology_rgat seed=832 iteration=121/200 episodes=1452 difficulty=1.000 loss=0.01288 wall=1447.4s
[spatial train] ppo_vector_canonical seed=832 iteration=188/200 episodes=2256 difficulty=1.000 loss=0.02193 wall=1672.6s
[spatial train] ppo_semantic_flat seed=832 iteration=99/200 episodes=1188 difficulty=1.000 loss=0.01511 wall=1482.4s
[spatial train] ppo_ontology_rgat seed=832 iteration=122/200 episodes=1464 difficulty=1.000 loss=0.00183 wall=1452.9s
[spatial train] ppo_vector_canonical seed=832 iteration=189/200 episodes=2268 difficulty=1.000 loss=0.00211 wall=1677.7s
[spatial train] ppo_ontology_rgat seed=831 iteration=95/200 episodes=1140 difficulty=1.000 loss=0.00879 wall=1698.6s
[spatial train] ppo_vector_canonical seed=832 iteration=190/200 episodes=2280 difficulty=1.000 loss=0.02059 wall=1685.7s
[spatial train] ppo_ontology_rgat seed=831 iteration=96/200 episodes=1152 difficulty=1.000 loss=-0.02223 wall=1706.7s
[spatial train] ppo_semantic_flat seed=832 iteration=100/200 episodes=1200 difficulty=1.000 loss=0.01565 wall=1496.1s
[spatial train] ppo_vector_canonical seed=832 iteration=191/200 episodes=2292 difficulty=1.000 loss=0.02039 wall=1690.2s
[spatial train] ppo_ontology_rgat seed=832 iteration=123/200 episodes=1476 difficulty=1.000 loss=0.09577 wall=1465.9s
[spatial train] ppo_ontology_rgat seed=831 iteration=97/200 episodes=1164 difficulty=1.000 loss=-0.04252 wall=1712.5s
[spatial train] ppo_vector_canonical seed=832 iteration=192/200 episodes=2304 difficulty=1.000 loss=0.00880 wall=1693.7s
[spatial train] ppo_semantic_flat seed=832 iteration=101/200 episodes=1212 difficulty=1.000 loss=0.01583 wall=1505.6s
[spatial train] ppo_vector_canonical seed=832 iteration=193/200 episodes=2316 difficulty=1.000 loss=0.01108 wall=1697.5s
[spatial train] ppo_ontology_rgat seed=832 iteration=124/200 episodes=1488 difficulty=1.000 loss=0.01058 wall=1474.6s
[spatial train] ppo_ontology_rgat seed=831 iteration=98/200 episodes=1176 difficulty=1.000 loss=0.00650 wall=1719.8s
[spatial train] ppo_vector_canonical seed=832 iteration=194/200 episodes=2328 difficulty=1.000 loss=0.02299 wall=1705.3s
[spatial train] ppo_ontology_rgat seed=831 iteration=99/200 episodes=1188 difficulty=1.000 loss=0.02303 wall=1726.3s
[spatial train] ppo_ontology_rgat seed=832 iteration=125/200 episodes=1500 difficulty=1.000 loss=0.02823 wall=1482.1s
[spatial train] ppo_semantic_flat seed=832 iteration=102/200 episodes=1224 difficulty=1.000 loss=0.01893 wall=1516.2s
[spatial train] ppo_ontology_rgat seed=832 iteration=126/200 episodes=1512 difficulty=1.000 loss=0.03607 wall=1485.4s
[spatial train] ppo_vector_canonical seed=832 iteration=195/200 episodes=2340 difficulty=1.000 loss=0.00865 wall=1710.4s
[spatial train] ppo_ontology_rgat seed=831 iteration=100/200 episodes=1200 difficulty=1.000 loss=0.02069 wall=1734.9s
[spatial train] ppo_semantic_flat seed=832 iteration=103/200 episodes=1236 difficulty=1.000 loss=0.01806 wall=1524.1s
[spatial train] ppo_vector_canonical seed=832 iteration=196/200 episodes=2352 difficulty=1.000 loss=0.03839 wall=1715.1s
[spatial train] ppo_ontology_rgat seed=832 iteration=127/200 episodes=1524 difficulty=1.000 loss=0.05806 wall=1491.3s
[spatial train] ppo_ontology_rgat seed=831 iteration=101/200 episodes=1212 difficulty=1.000 loss=-0.04894 wall=1740.9s
[spatial train] ppo_ontology_rgat seed=832 iteration=128/200 episodes=1536 difficulty=1.000 loss=0.03659 wall=1496.4s
[spatial train] ppo_vector_canonical seed=832 iteration=197/200 episodes=2364 difficulty=1.000 loss=0.01064 wall=1721.3s
[spatial train] ppo_semantic_flat seed=832 iteration=104/200 episodes=1248 difficulty=1.000 loss=0.02176 wall=1532.8s
[spatial train] ppo_ontology_rgat seed=831 iteration=102/200 episodes=1224 difficulty=1.000 loss=0.01638 wall=1744.2s
[spatial train] ppo_vector_canonical seed=832 iteration=198/200 episodes=2376 difficulty=1.000 loss=0.01245 wall=1726.2s
[spatial train] ppo_ontology_rgat seed=832 iteration=129/200 episodes=1548 difficulty=1.000 loss=0.01117 wall=1502.5s
[spatial train] ppo_semantic_flat seed=832 iteration=105/200 episodes=1260 difficulty=1.000 loss=0.01697 wall=1536.7s
[spatial train] ppo_vector_canonical seed=832 iteration=199/200 episodes=2388 difficulty=1.000 loss=-0.00165 wall=1729.8s
[spatial train] ppo_ontology_rgat seed=831 iteration=103/200 episodes=1236 difficulty=1.000 loss=0.00960 wall=1750.1s
[spatial train] ppo_semantic_flat seed=832 iteration=106/200 episodes=1272 difficulty=1.000 loss=0.02979 wall=1542.6s
[spatial train] ppo_ontology_rgat seed=831 iteration=104/200 episodes=1248 difficulty=1.000 loss=0.00074 wall=1753.5s
[spatial train] ppo_ontology_rgat seed=832 iteration=130/200 episodes=1560 difficulty=1.000 loss=0.00876 wall=1509.7s
[spatial train] ppo_ontology_rgat seed=832 iteration=131/200 episodes=1572 difficulty=1.000 loss=0.01529 wall=1513.5s
[spatial train] ppo_vector_canonical seed=832 iteration=200/200 episodes=2400 difficulty=1.000 loss=0.01485 wall=1739.5s
[spatial train] ppo_ontology_rgat seed=831 iteration=105/200 episodes=1260 difficulty=1.000 loss=0.04949 wall=1760.4s
[spatial train] ppo_semantic_flat seed=832 iteration=107/200 episodes=1284 difficulty=1.000 loss=0.03825 wall=1549.9s
[spatial train] ppo_ontology_rgat seed=831 iteration=106/200 episodes=1272 difficulty=1.000 loss=0.01638 wall=1764.3s
[spatial train] ppo_ontology_rgat seed=832 iteration=132/200 episodes=1584 difficulty=1.000 loss=0.01807 wall=1521.2s
[spatial train] ppo_semantic_flat seed=832 iteration=108/200 episodes=1296 difficulty=1.000 loss=-0.02292 wall=1555.6s
[spatial train] ppo_ontology_rgat seed=831 iteration=107/200 episodes=1284 difficulty=1.000 loss=-0.04258 wall=1771.0s
[spatial train] ppo_ontology_rgat seed=832 iteration=133/200 episodes=1596 difficulty=1.000 loss=0.04604 wall=1527.2s
[spatial train] ppo_ontology_rgat seed=831 iteration=108/200 episodes=1296 difficulty=1.000 loss=0.02349 wall=1777.9s
[spatial train] ppo_semantic_flat seed=832 iteration=109/200 episodes=1308 difficulty=1.000 loss=0.05521 wall=1567.1s
[spatial train] ppo_ontology_rgat seed=832 iteration=134/200 episodes=1608 difficulty=1.000 loss=0.04528 wall=1538.0s
[spatial train] ppo_semantic_flat seed=832 iteration=110/200 episodes=1320 difficulty=1.000 loss=-0.02769 wall=1573.0s
[spatial train] ppo_ontology_rgat seed=831 iteration=109/200 episodes=1308 difficulty=1.000 loss=0.02976 wall=1784.5s
[spatial train] ppo_ontology_rgat seed=832 iteration=135/200 episodes=1620 difficulty=1.000 loss=0.03141 wall=1546.4s
[spatial train] ppo_semantic_flat seed=832 iteration=111/200 episodes=1332 difficulty=1.000 loss=0.01687 wall=1581.9s
[spatial train] ppo_ontology_rgat seed=831 iteration=110/200 episodes=1320 difficulty=1.000 loss=0.01595 wall=1793.8s
[spatial train] ppo_ontology_rgat seed=832 iteration=136/200 episodes=1632 difficulty=1.000 loss=0.03766 wall=1552.2s
[spatial train] ppo_semantic_flat seed=832 iteration=112/200 episodes=1344 difficulty=1.000 loss=0.01132 wall=1589.9s
[spatial train] ppo_ontology_rgat seed=831 iteration=111/200 episodes=1332 difficulty=1.000 loss=0.04126 wall=1802.2s
[spatial train] ppo_ontology_rgat seed=832 iteration=137/200 episodes=1644 difficulty=1.000 loss=0.00903 wall=1560.0s
[spatial train] ppo_semantic_flat seed=832 iteration=113/200 episodes=1356 difficulty=1.000 loss=0.01389 wall=1596.3s
[spatial train] ppo_ontology_rgat seed=832 iteration=138/200 episodes=1656 difficulty=1.000 loss=0.00529 wall=1565.8s
[spatial train] ppo_ontology_rgat seed=831 iteration=112/200 episodes=1344 difficulty=1.000 loss=0.01802 wall=1814.0s
[spatial train] ppo_semantic_flat seed=832 iteration=114/200 episodes=1368 difficulty=1.000 loss=0.02505 wall=1604.6s
[spatial train] ppo_ontology_rgat seed=832 iteration=139/200 episodes=1668 difficulty=1.000 loss=0.01964 wall=1571.3s
[spatial train] ppo_ontology_rgat seed=831 iteration=113/200 episodes=1356 difficulty=1.000 loss=0.07900 wall=1822.8s
[spatial train] ppo_semantic_flat seed=832 iteration=115/200 episodes=1380 difficulty=1.000 loss=0.01940 wall=1612.2s
[spatial train] ppo_ontology_rgat seed=832 iteration=140/200 episodes=1680 difficulty=1.000 loss=0.05415 wall=1580.3s
[spatial train] ppo_ontology_rgat seed=831 iteration=114/200 episodes=1368 difficulty=1.000 loss=0.00441 wall=1828.7s
[spatial train] ppo_ontology_rgat seed=832 iteration=141/200 episodes=1692 difficulty=1.000 loss=0.06437 wall=1584.7s
[spatial train] ppo_semantic_flat seed=832 iteration=116/200 episodes=1392 difficulty=1.000 loss=0.02879 wall=1620.1s
[spatial train] ppo_semantic_flat seed=832 iteration=117/200 episodes=1404 difficulty=1.000 loss=0.05151 wall=1625.9s
[spatial train] ppo_ontology_rgat seed=831 iteration=115/200 episodes=1380 difficulty=1.000 loss=0.02390 wall=1838.9s
[spatial train] ppo_ontology_rgat seed=832 iteration=142/200 episodes=1704 difficulty=1.000 loss=0.02634 wall=1594.6s
[spatial train] ppo_semantic_flat seed=832 iteration=118/200 episodes=1416 difficulty=1.000 loss=0.03139 wall=1630.2s
[spatial train] ppo_ontology_rgat seed=832 iteration=143/200 episodes=1716 difficulty=1.000 loss=0.01373 wall=1602.1s
[spatial train] ppo_semantic_flat seed=832 iteration=119/200 episodes=1428 difficulty=1.000 loss=-0.01017 wall=1637.4s
[spatial train] ppo_ontology_rgat seed=831 iteration=116/200 episodes=1392 difficulty=1.000 loss=-0.02311 wall=1849.8s
[spatial train] ppo_ontology_rgat seed=832 iteration=144/200 episodes=1728 difficulty=1.000 loss=0.03499 wall=1606.3s
[spatial train] ppo_ontology_rgat seed=832 iteration=145/200 episodes=1740 difficulty=1.000 loss=0.02073 wall=1613.3s
[spatial train] ppo_ontology_rgat seed=831 iteration=117/200 episodes=1404 difficulty=1.000 loss=-0.07950 wall=1858.2s
[spatial train] ppo_semantic_flat seed=832 iteration=120/200 episodes=1440 difficulty=1.000 loss=-0.02393 wall=1647.8s
[spatial train] ppo_ontology_rgat seed=831 iteration=118/200 episodes=1416 difficulty=1.000 loss=0.02301 wall=1862.9s
[spatial train] ppo_semantic_flat seed=832 iteration=121/200 episodes=1452 difficulty=1.000 loss=0.06332 wall=1654.1s
[spatial train] ppo_ontology_rgat seed=832 iteration=146/200 episodes=1752 difficulty=1.000 loss=0.01541 wall=1623.1s
[spatial train] ppo_semantic_flat seed=832 iteration=122/200 episodes=1464 difficulty=1.000 loss=0.06695 wall=1658.5s
[spatial train] ppo_ontology_rgat seed=831 iteration=119/200 episodes=1428 difficulty=1.000 loss=0.04480 wall=1870.9s
[spatial train] ppo_ontology_rgat seed=832 iteration=147/200 episodes=1764 difficulty=1.000 loss=0.02147 wall=1628.8s
[spatial train] ppo_semantic_flat seed=832 iteration=123/200 episodes=1476 difficulty=1.000 loss=0.06249 wall=1667.7s
[spatial train] ppo_ontology_rgat seed=831 iteration=120/200 episodes=1440 difficulty=1.000 loss=0.00985 wall=1881.0s
[spatial train] ppo_semantic_flat seed=832 iteration=124/200 episodes=1488 difficulty=1.000 loss=0.01434 wall=1672.4s
[spatial train] ppo_ontology_rgat seed=832 iteration=148/200 episodes=1776 difficulty=1.000 loss=0.00701 wall=1638.9s
[spatial train] ppo_ontology_rgat seed=831 iteration=121/200 episodes=1452 difficulty=1.000 loss=0.01471 wall=1887.8s
[spatial train] ppo_semantic_flat seed=832 iteration=125/200 episodes=1500 difficulty=1.000 loss=0.01995 wall=1677.5s
[spatial train] ppo_ontology_rgat seed=832 iteration=149/200 episodes=1788 difficulty=1.000 loss=0.04618 wall=1646.2s
[spatial train] ppo_semantic_flat seed=832 iteration=126/200 episodes=1512 difficulty=1.000 loss=0.00578 wall=1680.3s
[spatial train] ppo_ontology_rgat seed=831 iteration=122/200 episodes=1464 difficulty=1.000 loss=0.01816 wall=1892.5s
[spatial train] ppo_semantic_flat seed=832 iteration=127/200 episodes=1524 difficulty=1.000 loss=-0.00805 wall=1684.8s
[spatial train] ppo_ontology_rgat seed=832 iteration=150/200 episodes=1800 difficulty=1.000 loss=0.01816 wall=1651.4s
[spatial train] ppo_ontology_rgat seed=831 iteration=123/200 episodes=1476 difficulty=1.000 loss=-0.02519 wall=1900.6s
[spatial train] ppo_ontology_rgat seed=832 iteration=151/200 episodes=1812 difficulty=1.000 loss=0.01325 wall=1657.0s
[spatial train] ppo_semantic_flat seed=832 iteration=128/200 episodes=1536 difficulty=1.000 loss=0.01745 wall=1692.5s
[spatial train] ppo_ontology_rgat seed=831 iteration=124/200 episodes=1488 difficulty=1.000 loss=0.00190 wall=1904.9s
[spatial train] ppo_ontology_rgat seed=832 iteration=152/200 episodes=1824 difficulty=1.000 loss=0.00985 wall=1661.9s
[spatial train] ppo_semantic_flat seed=832 iteration=129/200 episodes=1548 difficulty=1.000 loss=0.02111 wall=1697.1s
[spatial train] ppo_ontology_rgat seed=832 iteration=153/200 episodes=1836 difficulty=1.000 loss=0.01982 wall=1667.1s
[spatial train] ppo_semantic_flat seed=832 iteration=130/200 episodes=1560 difficulty=1.000 loss=0.00790 wall=1702.9s
[spatial train] ppo_ontology_rgat seed=831 iteration=125/200 episodes=1500 difficulty=1.000 loss=0.01637 wall=1915.6s
[spatial train] ppo_ontology_rgat seed=832 iteration=154/200 episodes=1848 difficulty=1.000 loss=0.04244 wall=1671.0s
[spatial train] ppo_semantic_flat seed=832 iteration=131/200 episodes=1572 difficulty=1.000 loss=0.00451 wall=1706.5s
[spatial train] ppo_ontology_rgat seed=832 iteration=155/200 episodes=1860 difficulty=1.000 loss=0.01573 wall=1675.9s
[spatial train] ppo_ontology_rgat seed=831 iteration=126/200 episodes=1512 difficulty=1.000 loss=0.02518 wall=1921.0s
[spatial train] ppo_ontology_rgat seed=832 iteration=156/200 episodes=1872 difficulty=1.000 loss=0.02188 wall=1680.8s
[spatial train] ppo_semantic_flat seed=832 iteration=132/200 episodes=1584 difficulty=1.000 loss=0.02038 wall=1714.9s
[spatial train] ppo_ontology_rgat seed=831 iteration=127/200 episodes=1524 difficulty=1.000 loss=0.06624 wall=1926.1s
[spatial train] ppo_semantic_flat seed=832 iteration=133/200 episodes=1596 difficulty=1.000 loss=0.11685 wall=1719.4s
[spatial train] ppo_ontology_rgat seed=831 iteration=128/200 episodes=1536 difficulty=1.000 loss=0.01495 wall=1933.1s
[spatial train] ppo_ontology_rgat seed=832 iteration=157/200 episodes=1884 difficulty=1.000 loss=0.01355 wall=1691.3s
[spatial train] ppo_ontology_rgat seed=831 iteration=129/200 episodes=1548 difficulty=1.000 loss=0.01600 wall=1940.4s
[spatial train] ppo_semantic_flat seed=832 iteration=134/200 episodes=1608 difficulty=1.000 loss=0.02767 wall=1733.4s
[spatial train] ppo_ontology_rgat seed=832 iteration=158/200 episodes=1896 difficulty=1.000 loss=-0.00932 wall=1700.3s
[spatial train] ppo_ontology_rgat seed=831 iteration=130/200 episodes=1560 difficulty=1.000 loss=0.04504 wall=1946.2s
[spatial train] ppo_semantic_flat seed=832 iteration=135/200 episodes=1620 difficulty=1.000 loss=-0.03923 wall=1741.1s
[spatial train] ppo_ontology_rgat seed=831 iteration=131/200 episodes=1572 difficulty=1.000 loss=0.02194 wall=1952.2s
[spatial train] ppo_ontology_rgat seed=832 iteration=159/200 episodes=1908 difficulty=1.000 loss=-0.05539 wall=1708.8s
[spatial train] ppo_ontology_rgat seed=831 iteration=132/200 episodes=1584 difficulty=1.000 loss=-0.06423 wall=1956.5s
[spatial train] ppo_semantic_flat seed=832 iteration=136/200 episodes=1632 difficulty=1.000 loss=0.02286 wall=1746.4s
[spatial train] ppo_semantic_flat seed=832 iteration=137/200 episodes=1644 difficulty=1.000 loss=0.01804 wall=1752.5s
[spatial train] ppo_ontology_rgat seed=831 iteration=133/200 episodes=1596 difficulty=1.000 loss=0.01727 wall=1964.0s
[spatial train] ppo_semantic_flat seed=832 iteration=138/200 episodes=1656 difficulty=1.000 loss=0.00132 wall=1756.4s
[spatial train] ppo_ontology_rgat seed=832 iteration=160/200 episodes=1920 difficulty=1.000 loss=0.02125 wall=1723.8s
[spatial train] ppo_ontology_rgat seed=831 iteration=134/200 episodes=1608 difficulty=1.000 loss=0.00564 wall=1968.9s
[spatial train] ppo_semantic_flat seed=832 iteration=139/200 episodes=1668 difficulty=1.000 loss=0.01065 wall=1761.6s
[spatial train] ppo_ontology_rgat seed=832 iteration=161/200 episodes=1932 difficulty=1.000 loss=0.01369 wall=1728.4s
[spatial train] ppo_ontology_rgat seed=831 iteration=135/200 episodes=1620 difficulty=1.000 loss=0.01095 wall=1975.5s
[spatial train] ppo_ontology_rgat seed=831 iteration=136/200 episodes=1632 difficulty=1.000 loss=0.01278 wall=1979.8s
[spatial train] ppo_semantic_flat seed=832 iteration=140/200 episodes=1680 difficulty=1.000 loss=0.01427 wall=1770.2s
[spatial train] ppo_ontology_rgat seed=832 iteration=162/200 episodes=1944 difficulty=1.000 loss=0.02076 wall=1736.9s
[spatial train] ppo_semantic_flat seed=832 iteration=141/200 episodes=1692 difficulty=1.000 loss=0.03792 wall=1773.7s
[spatial train] ppo_ontology_rgat seed=831 iteration=137/200 episodes=1644 difficulty=1.000 loss=0.04846 wall=1986.5s
[spatial train] ppo_ontology_rgat seed=832 iteration=163/200 episodes=1956 difficulty=1.000 loss=0.01371 wall=1743.6s
[spatial train] ppo_ontology_rgat seed=831 iteration=138/200 episodes=1656 difficulty=1.000 loss=-0.03382 wall=1990.6s
[spatial train] ppo_semantic_flat seed=832 iteration=142/200 episodes=1704 difficulty=1.000 loss=0.03437 wall=1781.9s
[spatial train] ppo_semantic_flat seed=832 iteration=143/200 episodes=1716 difficulty=1.000 loss=0.01606 wall=1786.5s
[spatial train] ppo_ontology_rgat seed=832 iteration=164/200 episodes=1968 difficulty=1.000 loss=0.03513 wall=1753.8s
[spatial train] ppo_ontology_rgat seed=831 iteration=139/200 episodes=1668 difficulty=1.000 loss=-0.02547 wall=1998.5s
[spatial train] ppo_semantic_flat seed=832 iteration=144/200 episodes=1728 difficulty=1.000 loss=0.02026 wall=1789.1s
[spatial train] ppo_semantic_flat seed=832 iteration=145/200 episodes=1740 difficulty=1.000 loss=-0.00492 wall=1794.5s
[spatial train] ppo_ontology_rgat seed=831 iteration=140/200 episodes=1680 difficulty=1.000 loss=0.00861 wall=2007.6s
[spatial train] ppo_ontology_rgat seed=832 iteration=165/200 episodes=1980 difficulty=1.000 loss=0.02035 wall=1765.1s
[spatial train] ppo_semantic_flat seed=832 iteration=146/200 episodes=1752 difficulty=1.000 loss=0.01422 wall=1801.2s
[spatial train] ppo_ontology_rgat seed=831 iteration=141/200 episodes=1692 difficulty=1.000 loss=0.03317 wall=2015.6s
[spatial train] ppo_semantic_flat seed=832 iteration=147/200 episodes=1764 difficulty=1.000 loss=0.04003 wall=1805.2s
[spatial train] ppo_ontology_rgat seed=832 iteration=166/200 episodes=1992 difficulty=1.000 loss=0.01621 wall=1775.8s
[spatial train] ppo_ontology_rgat seed=831 iteration=142/200 episodes=1704 difficulty=1.000 loss=0.01181 wall=2022.7s
[spatial train] ppo_semantic_flat seed=832 iteration=148/200 episodes=1776 difficulty=1.000 loss=0.02173 wall=1813.0s
[spatial train] ppo_ontology_rgat seed=832 iteration=167/200 episodes=2004 difficulty=1.000 loss=0.02683 wall=1781.2s
[spatial train] ppo_semantic_flat seed=832 iteration=149/200 episodes=1788 difficulty=1.000 loss=0.02481 wall=1817.6s
[spatial train] ppo_ontology_rgat seed=831 iteration=143/200 episodes=1716 difficulty=1.000 loss=0.02362 wall=2028.7s
[spatial train] ppo_semantic_flat seed=832 iteration=150/200 episodes=1800 difficulty=1.000 loss=0.00584 wall=1820.4s
[spatial train] ppo_ontology_rgat seed=831 iteration=144/200 episodes=1728 difficulty=1.000 loss=0.01636 wall=2036.2s
[spatial train] ppo_ontology_rgat seed=832 iteration=168/200 episodes=2016 difficulty=1.000 loss=0.02387 wall=1793.1s
[spatial train] ppo_semantic_flat seed=832 iteration=151/200 episodes=1812 difficulty=1.000 loss=0.01907 wall=1827.0s
[spatial train] ppo_ontology_rgat seed=831 iteration=145/200 episodes=1740 difficulty=1.000 loss=0.00407 wall=2041.4s
[spatial train] ppo_semantic_flat seed=832 iteration=152/200 episodes=1824 difficulty=1.000 loss=0.01711 wall=1830.7s
[spatial train] ppo_semantic_flat seed=832 iteration=153/200 episodes=1836 difficulty=1.000 loss=0.00338 wall=1835.9s
[spatial train] ppo_ontology_rgat seed=831 iteration=146/200 episodes=1752 difficulty=1.000 loss=0.00985 wall=2046.9s
[spatial train] ppo_ontology_rgat seed=832 iteration=169/200 episodes=2028 difficulty=1.000 loss=0.02328 wall=1802.5s
[spatial train] ppo_semantic_flat seed=832 iteration=154/200 episodes=1848 difficulty=1.000 loss=0.01612 wall=1839.1s
[spatial train] ppo_semantic_flat seed=832 iteration=155/200 episodes=1860 difficulty=1.000 loss=0.11598 wall=1841.8s
[spatial train] ppo_semantic_flat seed=832 iteration=156/200 episodes=1872 difficulty=1.000 loss=0.04662 wall=1845.0s
[spatial train] ppo_ontology_rgat seed=831 iteration=147/200 episodes=1764 difficulty=1.000 loss=0.01754 wall=2055.9s
[spatial train] ppo_ontology_rgat seed=832 iteration=170/200 episodes=2040 difficulty=1.000 loss=0.02018 wall=1812.7s
[spatial train] ppo_semantic_flat seed=832 iteration=157/200 episodes=1884 difficulty=1.000 loss=0.01306 wall=1849.1s
[spatial train] ppo_ontology_rgat seed=831 iteration=148/200 episodes=1776 difficulty=1.000 loss=0.03545 wall=2062.8s
[spatial train] ppo_semantic_flat seed=832 iteration=158/200 episodes=1896 difficulty=1.000 loss=0.01439 wall=1853.2s
[spatial train] ppo_ontology_rgat seed=832 iteration=171/200 episodes=2052 difficulty=1.000 loss=0.02454 wall=1822.8s
[spatial train] ppo_semantic_flat seed=832 iteration=159/200 episodes=1908 difficulty=1.000 loss=0.02608 wall=1857.5s
[spatial train] ppo_ontology_rgat seed=831 iteration=149/200 episodes=1788 difficulty=1.000 loss=0.01902 wall=2071.2s
[spatial train] ppo_semantic_flat seed=832 iteration=160/200 episodes=1920 difficulty=1.000 loss=0.01250 wall=1864.4s
[spatial train] ppo_ontology_rgat seed=831 iteration=150/200 episodes=1800 difficulty=1.000 loss=0.01846 wall=2076.5s
[spatial train] ppo_ontology_rgat seed=832 iteration=172/200 episodes=2064 difficulty=1.000 loss=0.01424 wall=1832.3s
[spatial train] ppo_semantic_flat seed=832 iteration=161/200 episodes=1932 difficulty=1.000 loss=0.03970 wall=1867.6s
[spatial train] ppo_semantic_flat seed=832 iteration=162/200 episodes=1944 difficulty=1.000 loss=0.03867 wall=1871.8s
[spatial train] ppo_ontology_rgat seed=831 iteration=151/200 episodes=1812 difficulty=1.000 loss=-0.01210 wall=2083.0s
[spatial train] ppo_semantic_flat seed=832 iteration=163/200 episodes=1956 difficulty=1.000 loss=0.00525 wall=1874.5s
[spatial train] ppo_ontology_rgat seed=831 iteration=152/200 episodes=1824 difficulty=1.000 loss=0.08347 wall=2089.4s
[spatial train] ppo_ontology_rgat seed=832 iteration=173/200 episodes=2076 difficulty=1.000 loss=0.02398 wall=1846.0s
[spatial train] ppo_semantic_flat seed=832 iteration=164/200 episodes=1968 difficulty=1.000 loss=0.01747 wall=1880.7s
[spatial train] ppo_ontology_rgat seed=831 iteration=153/200 episodes=1836 difficulty=1.000 loss=-0.00084 wall=2093.8s
[spatial train] ppo_semantic_flat seed=832 iteration=165/200 episodes=1980 difficulty=1.000 loss=-0.03594 wall=1885.4s
[spatial train] ppo_ontology_rgat seed=831 iteration=154/200 episodes=1848 difficulty=1.000 loss=0.01179 wall=2099.1s
[spatial train] ppo_ontology_rgat seed=832 iteration=174/200 episodes=2088 difficulty=1.000 loss=0.01374 wall=1854.5s
[spatial train] ppo_semantic_flat seed=832 iteration=166/200 episodes=1992 difficulty=1.000 loss=-0.02208 wall=1888.8s
[spatial train] ppo_semantic_flat seed=832 iteration=167/200 episodes=2004 difficulty=1.000 loss=-0.04250 wall=1891.9s
[spatial train] ppo_ontology_rgat seed=831 iteration=155/200 episodes=1860 difficulty=1.000 loss=0.01912 wall=2105.2s
[spatial train] ppo_ontology_rgat seed=832 iteration=175/200 episodes=2100 difficulty=1.000 loss=0.00478 wall=1862.9s
[spatial train] ppo_semantic_flat seed=832 iteration=168/200 episodes=2016 difficulty=1.000 loss=0.01826 wall=1898.0s
[spatial train] ppo_ontology_rgat seed=831 iteration=156/200 episodes=1872 difficulty=1.000 loss=0.02019 wall=2110.2s
[spatial train] ppo_semantic_flat seed=832 iteration=169/200 episodes=2028 difficulty=1.000 loss=0.02694 wall=1904.3s
[spatial train] ppo_ontology_rgat seed=832 iteration=176/200 episodes=2112 difficulty=1.000 loss=-0.00028 wall=1872.7s
[spatial train] ppo_ontology_rgat seed=831 iteration=157/200 episodes=1884 difficulty=1.000 loss=0.01170 wall=2118.0s
[spatial train] ppo_semantic_flat seed=832 iteration=170/200 episodes=2040 difficulty=1.000 loss=-0.02873 wall=1910.2s
[spatial train] ppo_ontology_rgat seed=832 iteration=177/200 episodes=2124 difficulty=1.000 loss=-0.01456 wall=1879.8s
[spatial train] ppo_ontology_rgat seed=831 iteration=158/200 episodes=1896 difficulty=1.000 loss=0.01590 wall=2126.0s
[spatial train] ppo_semantic_flat seed=832 iteration=171/200 episodes=2052 difficulty=1.000 loss=0.02161 wall=1918.4s
[spatial train] ppo_ontology_rgat seed=831 iteration=159/200 episodes=1908 difficulty=1.000 loss=0.03018 wall=2130.4s
[spatial train] ppo_semantic_flat seed=832 iteration=172/200 episodes=2064 difficulty=1.000 loss=0.03096 wall=1922.6s
[spatial train] ppo_ontology_rgat seed=832 iteration=178/200 episodes=2136 difficulty=1.000 loss=0.03865 wall=1890.9s
[spatial train] ppo_semantic_flat seed=832 iteration=173/200 episodes=2076 difficulty=1.000 loss=-0.00081 wall=1927.8s
[spatial train] ppo_ontology_rgat seed=831 iteration=160/200 episodes=1920 difficulty=1.000 loss=0.00625 wall=2142.1s
[spatial train] ppo_semantic_flat seed=832 iteration=174/200 episodes=2088 difficulty=1.000 loss=0.19006 wall=1932.3s
[spatial train] ppo_ontology_rgat seed=832 iteration=179/200 episodes=2148 difficulty=1.000 loss=0.01761 wall=1902.3s
[spatial train] ppo_semantic_flat seed=832 iteration=175/200 episodes=2100 difficulty=1.000 loss=0.01877 wall=1936.7s
[spatial train] ppo_ontology_rgat seed=831 iteration=161/200 episodes=1932 difficulty=1.000 loss=0.03034 wall=2149.3s
[spatial train] ppo_semantic_flat seed=832 iteration=176/200 episodes=2112 difficulty=1.000 loss=0.00000 wall=1940.1s
[spatial train] ppo_semantic_flat seed=832 iteration=177/200 episodes=2124 difficulty=1.000 loss=0.01163 wall=1944.8s
[spatial train] ppo_ontology_rgat seed=831 iteration=162/200 episodes=1944 difficulty=1.000 loss=0.07215 wall=2156.2s
[spatial train] ppo_semantic_flat seed=832 iteration=178/200 episodes=2136 difficulty=1.000 loss=0.01034 wall=1948.1s
[spatial train] ppo_ontology_rgat seed=832 iteration=180/200 episodes=2160 difficulty=1.000 loss=-0.03378 wall=1915.9s
[spatial train] ppo_semantic_flat seed=832 iteration=179/200 episodes=2148 difficulty=1.000 loss=0.01178 wall=1951.1s
[spatial train] ppo_ontology_rgat seed=831 iteration=163/200 episodes=1956 difficulty=1.000 loss=0.02568 wall=2165.1s
[spatial train] ppo_ontology_rgat seed=832 iteration=181/200 episodes=2172 difficulty=1.000 loss=0.01430 wall=1922.9s
[spatial train] ppo_semantic_flat seed=832 iteration=180/200 episodes=2160 difficulty=1.000 loss=0.03599 wall=1958.1s
[spatial train] ppo_ontology_rgat seed=831 iteration=164/200 episodes=1968 difficulty=1.000 loss=0.00481 wall=2171.1s
[spatial train] ppo_semantic_flat seed=832 iteration=181/200 episodes=2172 difficulty=1.000 loss=0.00497 wall=1961.1s
[spatial train] ppo_ontology_rgat seed=831 iteration=165/200 episodes=1980 difficulty=1.000 loss=-0.06116 wall=2177.7s
[spatial train] ppo_semantic_flat seed=832 iteration=182/200 episodes=2184 difficulty=1.000 loss=0.01092 wall=1970.2s
[spatial train] ppo_semantic_flat seed=832 iteration=183/200 episodes=2196 difficulty=1.000 loss=0.01006 wall=1973.5s
[spatial train] ppo_ontology_rgat seed=831 iteration=166/200 episodes=1992 difficulty=1.000 loss=0.11613 wall=2185.5s
[spatial train] ppo_ontology_rgat seed=832 iteration=182/200 episodes=2184 difficulty=1.000 loss=0.01238 wall=1941.5s
[spatial train] ppo_semantic_flat seed=832 iteration=184/200 episodes=2208 difficulty=1.000 loss=0.01011 wall=1976.3s
[spatial train] ppo_semantic_flat seed=832 iteration=185/200 episodes=2220 difficulty=1.000 loss=0.01485 wall=1979.3s
[spatial train] ppo_semantic_flat seed=832 iteration=186/200 episodes=2232 difficulty=1.000 loss=0.01010 wall=1982.9s
[spatial train] ppo_ontology_rgat seed=831 iteration=167/200 episodes=2004 difficulty=1.000 loss=0.01464 wall=2194.4s
[spatial train] ppo_ontology_rgat seed=832 iteration=183/200 episodes=2196 difficulty=1.000 loss=0.01242 wall=1950.7s
[spatial train] ppo_semantic_flat seed=832 iteration=187/200 episodes=2244 difficulty=1.000 loss=0.01378 wall=1985.7s
[spatial train] ppo_ontology_rgat seed=831 iteration=168/200 episodes=2016 difficulty=1.000 loss=0.01773 wall=2199.0s
[spatial train] ppo_semantic_flat seed=832 iteration=188/200 episodes=2256 difficulty=1.000 loss=0.02622 wall=1989.4s
[spatial train] ppo_ontology_rgat seed=832 iteration=184/200 episodes=2208 difficulty=1.000 loss=0.01212 wall=1957.8s
[spatial train] ppo_ontology_rgat seed=831 iteration=169/200 episodes=2028 difficulty=1.000 loss=0.00451 wall=2203.8s
[spatial train] ppo_semantic_flat seed=832 iteration=189/200 episodes=2268 difficulty=1.000 loss=0.01695 wall=1993.6s
[spatial train] ppo_semantic_flat seed=832 iteration=190/200 episodes=2280 difficulty=1.000 loss=0.00710 wall=1997.8s
[spatial train] ppo_ontology_rgat seed=831 iteration=170/200 episodes=2040 difficulty=1.000 loss=0.03255 wall=2209.0s
[spatial train] ppo_semantic_flat seed=832 iteration=191/200 episodes=2292 difficulty=1.000 loss=0.01939 wall=2000.5s
[spatial train] ppo_ontology_rgat seed=831 iteration=171/200 episodes=2052 difficulty=1.000 loss=0.01221 wall=2213.5s
[spatial train] ppo_ontology_rgat seed=832 iteration=185/200 episodes=2220 difficulty=1.000 loss=0.01227 wall=1970.3s
[spatial train] ppo_semantic_flat seed=832 iteration=192/200 episodes=2304 difficulty=1.000 loss=0.00508 wall=2004.6s
[spatial train] ppo_ontology_rgat seed=831 iteration=172/200 episodes=2064 difficulty=1.000 loss=-0.06466 wall=2219.3s
[spatial train] ppo_semantic_flat seed=832 iteration=193/200 episodes=2316 difficulty=1.000 loss=0.02323 wall=2009.2s
[spatial train] ppo_semantic_flat seed=832 iteration=194/200 episodes=2328 difficulty=1.000 loss=0.01140 wall=2013.7s
[spatial train] ppo_ontology_rgat seed=831 iteration=173/200 episodes=2076 difficulty=1.000 loss=0.00164 wall=2225.1s
[spatial train] ppo_ontology_rgat seed=832 iteration=186/200 episodes=2232 difficulty=1.000 loss=0.01316 wall=1980.7s
[spatial train] ppo_semantic_flat seed=832 iteration=195/200 episodes=2340 difficulty=1.000 loss=0.01337 wall=2017.6s
[spatial train] ppo_ontology_rgat seed=831 iteration=174/200 episodes=2088 difficulty=1.000 loss=0.01284 wall=2228.8s
[spatial train] ppo_semantic_flat seed=832 iteration=196/200 episodes=2352 difficulty=1.000 loss=0.01148 wall=2020.3s
[spatial train] ppo_ontology_rgat seed=832 iteration=187/200 episodes=2244 difficulty=1.000 loss=0.00977 wall=1986.8s
[spatial train] ppo_ontology_rgat seed=831 iteration=175/200 episodes=2100 difficulty=1.000 loss=0.03100 wall=2235.9s
[spatial train] ppo_semantic_flat seed=832 iteration=197/200 episodes=2364 difficulty=1.000 loss=0.01538 wall=2026.6s
[spatial train] ppo_ontology_rgat seed=832 iteration=188/200 episodes=2256 difficulty=1.000 loss=0.01429 wall=1995.4s
[spatial train] ppo_semantic_flat seed=832 iteration=198/200 episodes=2376 difficulty=1.000 loss=-0.03731 wall=2029.7s
[spatial train] ppo_ontology_rgat seed=831 iteration=176/200 episodes=2112 difficulty=1.000 loss=0.02287 wall=2242.5s
[spatial train] ppo_semantic_flat seed=832 iteration=199/200 episodes=2388 difficulty=1.000 loss=0.01785 wall=2032.3s
[spatial train] ppo_ontology_rgat seed=832 iteration=189/200 episodes=2268 difficulty=1.000 loss=0.00936 wall=2003.3s
[spatial train] ppo_ontology_rgat seed=831 iteration=177/200 episodes=2124 difficulty=1.000 loss=0.00497 wall=2249.8s
[spatial train] ppo_semantic_flat seed=832 iteration=200/200 episodes=2400 difficulty=1.000 loss=0.02037 wall=2042.3s
[spatial train] ppo_ontology_rgat seed=832 iteration=190/200 episodes=2280 difficulty=1.000 loss=-0.00186 wall=2010.6s
[spatial train] ppo_ontology_rgat seed=831 iteration=178/200 episodes=2136 difficulty=1.000 loss=-0.00377 wall=2255.8s
[spatial train] ppo_ontology_rgat seed=831 iteration=179/200 episodes=2148 difficulty=1.000 loss=0.02644 wall=2261.3s
[spatial train] ppo_ontology_rgat seed=832 iteration=191/200 episodes=2292 difficulty=1.000 loss=0.00791 wall=2017.1s
[spatial train] ppo_ontology_rgat seed=832 iteration=192/200 episodes=2304 difficulty=1.000 loss=0.01454 wall=2023.4s
[spatial train] ppo_ontology_rgat seed=831 iteration=180/200 episodes=2160 difficulty=1.000 loss=0.00452 wall=2269.7s
[spatial train] ppo_ontology_rgat seed=832 iteration=193/200 episodes=2316 difficulty=1.000 loss=0.00185 wall=2031.5s
[spatial train] ppo_ontology_rgat seed=831 iteration=181/200 episodes=2172 difficulty=1.000 loss=0.01319 wall=2276.6s
[spatial train] ppo_ontology_rgat seed=832 iteration=194/200 episodes=2328 difficulty=1.000 loss=0.01183 wall=2040.4s
[spatial train] ppo_ontology_rgat seed=831 iteration=182/200 episodes=2184 difficulty=1.000 loss=0.01263 wall=2286.3s
[spatial train] ppo_ontology_rgat seed=832 iteration=195/200 episodes=2340 difficulty=1.000 loss=0.00541 wall=2048.6s
[spatial train] ppo_ontology_rgat seed=831 iteration=183/200 episodes=2196 difficulty=1.000 loss=0.01166 wall=2295.5s
[spatial train] ppo_ontology_rgat seed=832 iteration=196/200 episodes=2352 difficulty=1.000 loss=0.01438 wall=2054.1s
[spatial train] ppo_ontology_rgat seed=831 iteration=184/200 episodes=2208 difficulty=1.000 loss=0.01196 wall=2306.3s
[spatial train] ppo_ontology_rgat seed=832 iteration=197/200 episodes=2364 difficulty=1.000 loss=0.01334 wall=2063.8s
[spatial train] ppo_ontology_rgat seed=832 iteration=198/200 episodes=2376 difficulty=1.000 loss=0.00307 wall=2069.4s
[spatial train] ppo_ontology_rgat seed=831 iteration=185/200 episodes=2220 difficulty=1.000 loss=0.01311 wall=2315.9s
[spatial train] ppo_ontology_rgat seed=832 iteration=199/200 episodes=2388 difficulty=1.000 loss=0.01106 wall=2075.6s
[spatial train] ppo_ontology_rgat seed=831 iteration=186/200 episodes=2232 difficulty=1.000 loss=0.01158 wall=2322.3s
[spatial train] ppo_ontology_rgat seed=831 iteration=187/200 episodes=2244 difficulty=1.000 loss=0.01146 wall=2328.3s
[spatial train] ppo_ontology_rgat seed=832 iteration=200/200 episodes=2400 difficulty=1.000 loss=0.01591 wall=2085.6s
[spatial train] ppo_ontology_rgat seed=831 iteration=188/200 episodes=2256 difficulty=1.000 loss=0.01478 wall=2335.8s
[spatial train] ppo_ontology_rgat seed=831 iteration=189/200 episodes=2268 difficulty=1.000 loss=0.00979 wall=2340.1s
[spatial train] ppo_ontology_rgat seed=831 iteration=190/200 episodes=2280 difficulty=1.000 loss=0.00833 wall=2345.8s
[spatial train] ppo_ontology_rgat seed=831 iteration=191/200 episodes=2292 difficulty=1.000 loss=0.00624 wall=2352.2s
[spatial train] ppo_ontology_rgat seed=831 iteration=192/200 episodes=2304 difficulty=1.000 loss=0.00077 wall=2357.4s
[spatial train] ppo_ontology_rgat seed=831 iteration=193/200 episodes=2316 difficulty=1.000 loss=0.01416 wall=2363.7s
[spatial train] ppo_ontology_rgat seed=831 iteration=194/200 episodes=2328 difficulty=1.000 loss=0.01083 wall=2374.1s
[spatial train] ppo_ontology_rgat seed=831 iteration=195/200 episodes=2340 difficulty=1.000 loss=0.01121 wall=2379.9s
[spatial train] ppo_ontology_rgat seed=831 iteration=196/200 episodes=2352 difficulty=1.000 loss=0.00897 wall=2384.8s
[spatial train] ppo_ontology_rgat seed=831 iteration=197/200 episodes=2364 difficulty=1.000 loss=0.01064 wall=2393.6s
[spatial train] ppo_ontology_rgat seed=831 iteration=198/200 episodes=2376 difficulty=1.000 loss=0.01383 wall=2403.6s
[spatial train] ppo_ontology_rgat seed=831 iteration=199/200 episodes=2388 difficulty=1.000 loss=0.01438 wall=2412.3s
[spatial train] ppo_ontology_rgat seed=831 iteration=200/200 episodes=2400 difficulty=1.000 loss=0.00931 wall=2423.9s
[spatial train] ppo_ontology_rgat seed=832 relational path ACTIVE; trainable for 20/200 iterations
[spatial train] ppo_ontology_rgat seed=831 relational path ACTIVE; trainable for 20/200 iterations
