[spatial train] ppo_semantic_flat seed=829 iteration=1/200 episodes=12 difficulty=0.000 loss=-0.00679 wall=15.1s
[spatial train] ppo_semantic_flat seed=828 iteration=1/200 episodes=12 difficulty=0.000 loss=-0.00417 wall=15.1s
[spatial train] ppo_vector_canonical seed=828 iteration=1/200 episodes=12 difficulty=0.000 loss=-0.00340 wall=16.2s
[spatial train] ppo_vector_canonical seed=829 iteration=1/200 episodes=12 difficulty=0.000 loss=-0.00207 wall=17.5s
[spatial train] ppo_ontology_rgat seed=828 iteration=1/200 episodes=12 difficulty=0.000 loss=-0.00237 wall=18.6s
[spatial train] ppo_ontology_rgat seed=829 iteration=1/200 episodes=12 difficulty=0.000 loss=-0.00650 wall=22.5s
[spatial train] ppo_semantic_flat seed=828 iteration=2/200 episodes=24 difficulty=0.000 loss=0.00081 wall=30.3s
[spatial train] ppo_semantic_flat seed=829 iteration=2/200 episodes=24 difficulty=0.000 loss=0.00063 wall=31.2s
[spatial train] ppo_vector_canonical seed=828 iteration=2/200 episodes=24 difficulty=0.000 loss=0.00197 wall=34.6s
[spatial train] ppo_vector_canonical seed=829 iteration=2/200 episodes=24 difficulty=0.000 loss=0.00259 wall=35.0s
[spatial train] ppo_semantic_flat seed=829 iteration=3/200 episodes=36 difficulty=0.000 loss=0.00000 wall=44.3s
[spatial train] ppo_ontology_rgat seed=829 iteration=2/200 episodes=24 difficulty=0.000 loss=0.00829 wall=45.5s
[spatial train] ppo_semantic_flat seed=828 iteration=3/200 episodes=36 difficulty=0.000 loss=0.00000 wall=47.7s
[spatial train] ppo_ontology_rgat seed=828 iteration=2/200 episodes=24 difficulty=0.000 loss=0.00211 wall=48.6s
[spatial train] ppo_vector_canonical seed=829 iteration=3/200 episodes=36 difficulty=0.000 loss=0.00000 wall=50.1s
[spatial train] ppo_vector_canonical seed=828 iteration=3/200 episodes=36 difficulty=0.000 loss=0.00000 wall=52.4s
[spatial train] ppo_semantic_flat seed=828 iteration=4/200 episodes=48 difficulty=0.000 loss=0.00000 wall=52.5s
[spatial train] ppo_semantic_flat seed=829 iteration=4/200 episodes=48 difficulty=0.000 loss=0.00000 wall=54.8s
[spatial train] ppo_semantic_flat seed=828 iteration=5/200 episodes=60 difficulty=0.000 loss=0.00000 wall=55.1s
[spatial train] ppo_semantic_flat seed=828 iteration=6/200 episodes=72 difficulty=0.100 loss=0.00000 wall=59.7s
[spatial train] ppo_vector_canonical seed=828 iteration=4/200 episodes=48 difficulty=0.000 loss=0.00000 wall=61.0s
[spatial train] ppo_semantic_flat seed=829 iteration=5/200 episodes=60 difficulty=0.000 loss=0.00000 wall=61.5s
[spatial train] ppo_vector_canonical seed=829 iteration=4/200 episodes=48 difficulty=0.000 loss=0.00000 wall=62.7s
[spatial train] ppo_semantic_flat seed=828 iteration=7/200 episodes=84 difficulty=0.100 loss=0.00000 wall=63.8s
[spatial train] ppo_ontology_rgat seed=828 iteration=3/200 episodes=36 difficulty=0.000 loss=0.00000 wall=70.4s
[spatial train] ppo_semantic_flat seed=829 iteration=6/200 episodes=72 difficulty=0.100 loss=0.00000 wall=70.7s
[spatial train] ppo_semantic_flat seed=828 iteration=8/200 episodes=96 difficulty=0.200 loss=0.00945 wall=71.0s
[spatial train] ppo_vector_canonical seed=828 iteration=5/200 episodes=60 difficulty=0.000 loss=0.00000 wall=71.7s
[spatial train] ppo_vector_canonical seed=829 iteration=5/200 episodes=60 difficulty=0.000 loss=0.00000 wall=71.9s
[spatial train] ppo_semantic_flat seed=828 iteration=9/200 episodes=108 difficulty=0.200 loss=0.00510 wall=77.3s
[spatial train] ppo_ontology_rgat seed=829 iteration=3/200 episodes=36 difficulty=0.000 loss=0.00000 wall=79.8s
[spatial train] ppo_vector_canonical seed=828 iteration=6/200 episodes=72 difficulty=0.100 loss=0.06172 wall=82.6s
[spatial train] ppo_semantic_flat seed=828 iteration=10/200 episodes=120 difficulty=0.300 loss=0.00680 wall=82.9s
[spatial train] ppo_ontology_rgat seed=828 iteration=4/200 episodes=48 difficulty=0.000 loss=0.00000 wall=83.6s
[spatial train] ppo_vector_canonical seed=829 iteration=6/200 episodes=72 difficulty=0.100 loss=-0.01419 wall=87.5s
[spatial train] ppo_ontology_rgat seed=828 iteration=5/200 episodes=60 difficulty=0.000 loss=0.00000 wall=90.5s
[spatial train] ppo_semantic_flat seed=828 iteration=11/200 episodes=132 difficulty=0.300 loss=0.01663 wall=91.2s
[spatial train] ppo_vector_canonical seed=828 iteration=7/200 episodes=84 difficulty=0.100 loss=0.01633 wall=92.8s
[spatial train] ppo_semantic_flat seed=828 iteration=12/200 episodes=144 difficulty=0.300 loss=0.01094 wall=96.6s
[spatial train] ppo_vector_canonical seed=829 iteration=7/200 episodes=84 difficulty=0.100 loss=0.02972 wall=97.3s
[spatial train] ppo_ontology_rgat seed=829 iteration=4/200 episodes=48 difficulty=0.000 loss=0.00000 wall=98.7s
[spatial train] ppo_ontology_rgat seed=828 iteration=6/200 episodes=72 difficulty=0.100 loss=0.00000 wall=101.6s
[spatial train] ppo_semantic_flat seed=828 iteration=13/200 episodes=156 difficulty=0.400 loss=0.00190 wall=103.3s
[spatial train] ppo_semantic_flat seed=829 iteration=7/200 episodes=84 difficulty=0.100 loss=0.00000 wall=103.5s
[spatial train] ppo_vector_canonical seed=828 iteration=8/200 episodes=96 difficulty=0.200 loss=0.01869 wall=104.6s
[spatial train] ppo_ontology_rgat seed=828 iteration=7/200 episodes=84 difficulty=0.100 loss=0.00000 wall=111.0s
[spatial train] ppo_semantic_flat seed=828 iteration=14/200 episodes=168 difficulty=0.400 loss=0.01325 wall=111.1s
[spatial train] ppo_vector_canonical seed=829 iteration=8/200 episodes=96 difficulty=0.200 loss=0.00624 wall=112.0s
[spatial train] ppo_ontology_rgat seed=829 iteration=5/200 episodes=60 difficulty=0.000 loss=0.00000 wall=115.2s
[spatial train] ppo_semantic_flat seed=829 iteration=8/200 episodes=96 difficulty=0.200 loss=0.00996 wall=117.3s
[spatial train] ppo_vector_canonical seed=828 iteration=9/200 episodes=108 difficulty=0.200 loss=0.01755 wall=119.9s
[spatial train] ppo_semantic_flat seed=828 iteration=15/200 episodes=180 difficulty=0.500 loss=0.01670 wall=120.4s
[spatial train] ppo_ontology_rgat seed=828 iteration=8/200 episodes=96 difficulty=0.200 loss=0.00417 wall=122.3s
[spatial train] ppo_semantic_flat seed=828 iteration=16/200 episodes=192 difficulty=0.500 loss=0.00305 wall=124.1s
[spatial train] ppo_semantic_flat seed=829 iteration=9/200 episodes=108 difficulty=0.200 loss=0.00920 wall=125.8s
[spatial train] ppo_ontology_rgat seed=829 iteration=6/200 episodes=72 difficulty=0.100 loss=0.00000 wall=126.9s
[spatial train] ppo_vector_canonical seed=829 iteration=9/200 episodes=108 difficulty=0.200 loss=0.03153 wall=127.0s
[spatial train] ppo_semantic_flat seed=828 iteration=17/200 episodes=204 difficulty=0.600 loss=0.00723 wall=127.6s
[spatial train] ppo_ontology_rgat seed=828 iteration=9/200 episodes=108 difficulty=0.200 loss=0.01249 wall=127.8s
[spatial train] ppo_semantic_flat seed=829 iteration=10/200 episodes=120 difficulty=0.300 loss=0.01684 wall=129.6s
[spatial train] ppo_semantic_flat seed=828 iteration=18/200 episodes=216 difficulty=0.600 loss=0.00950 wall=131.5s
[spatial train] ppo_semantic_flat seed=829 iteration=11/200 episodes=132 difficulty=0.300 loss=0.01613 wall=134.5s
[spatial train] ppo_semantic_flat seed=828 iteration=19/200 episodes=228 difficulty=0.700 loss=0.00526 wall=134.7s
[spatial train] ppo_ontology_rgat seed=829 iteration=7/200 episodes=84 difficulty=0.100 loss=0.03766 wall=135.7s
[spatial train] ppo_vector_canonical seed=829 iteration=10/200 episodes=120 difficulty=0.300 loss=0.01275 wall=136.6s
[spatial train] ppo_semantic_flat seed=829 iteration=12/200 episodes=144 difficulty=0.300 loss=0.01038 wall=137.5s
[spatial train] ppo_ontology_rgat seed=828 iteration=10/200 episodes=120 difficulty=0.300 loss=0.01323 wall=137.9s
[spatial train] ppo_semantic_flat seed=828 iteration=20/200 episodes=240 difficulty=0.700 loss=0.00048 wall=138.6s
[spatial train] ppo_vector_canonical seed=828 iteration=10/200 episodes=120 difficulty=0.300 loss=0.02370 wall=139.8s
[spatial train] ppo_semantic_flat seed=829 iteration=13/200 episodes=156 difficulty=0.400 loss=0.02073 wall=142.6s
[spatial train] ppo_semantic_flat seed=828 iteration=21/200 episodes=252 difficulty=0.700 loss=0.01460 wall=144.6s
[spatial train] ppo_ontology_rgat seed=828 iteration=11/200 episodes=132 difficulty=0.300 loss=0.01713 wall=145.2s
[spatial train] ppo_vector_canonical seed=829 iteration=11/200 episodes=132 difficulty=0.300 loss=0.01641 wall=145.5s
[spatial train] ppo_ontology_rgat seed=829 iteration=8/200 episodes=96 difficulty=0.200 loss=-0.00200 wall=145.9s
[spatial train] ppo_semantic_flat seed=829 iteration=14/200 episodes=168 difficulty=0.400 loss=0.01538 wall=148.4s
[spatial train] ppo_vector_canonical seed=828 iteration=11/200 episodes=132 difficulty=0.300 loss=0.01081 wall=149.4s
[spatial train] ppo_semantic_flat seed=828 iteration=22/200 episodes=264 difficulty=0.800 loss=0.01096 wall=150.7s
[spatial train] ppo_ontology_rgat seed=828 iteration=12/200 episodes=144 difficulty=0.300 loss=0.01665 wall=151.2s
[spatial train] ppo_semantic_flat seed=829 iteration=15/200 episodes=180 difficulty=0.500 loss=0.00659 wall=151.8s
[spatial train] ppo_vector_canonical seed=829 iteration=12/200 episodes=144 difficulty=0.300 loss=0.01096 wall=152.9s
[spatial train] ppo_ontology_rgat seed=828 iteration=13/200 episodes=156 difficulty=0.400 loss=0.01601 wall=156.5s
[spatial train] ppo_ontology_rgat seed=829 iteration=9/200 episodes=108 difficulty=0.200 loss=0.01787 wall=157.1s
[spatial train] ppo_semantic_flat seed=828 iteration=23/200 episodes=276 difficulty=0.800 loss=0.00878 wall=157.4s
[spatial train] ppo_semantic_flat seed=829 iteration=16/200 episodes=192 difficulty=0.500 loss=0.01553 wall=158.0s
[spatial train] ppo_vector_canonical seed=828 iteration=12/200 episodes=144 difficulty=0.300 loss=0.00816 wall=160.4s
[spatial train] ppo_ontology_rgat seed=828 iteration=14/200 episodes=168 difficulty=0.400 loss=0.00865 wall=160.4s
[spatial train] ppo_vector_canonical seed=829 iteration=13/200 episodes=156 difficulty=0.400 loss=0.01301 wall=165.2s
[spatial train] ppo_semantic_flat seed=828 iteration=24/200 episodes=288 difficulty=0.900 loss=0.01183 wall=165.3s
[spatial train] ppo_semantic_flat seed=829 iteration=17/200 episodes=204 difficulty=0.600 loss=0.00791 wall=165.5s
[spatial train] ppo_ontology_rgat seed=828 iteration=15/200 episodes=180 difficulty=0.500 loss=0.00859 wall=167.5s
[spatial train] ppo_ontology_rgat seed=829 iteration=10/200 episodes=120 difficulty=0.300 loss=0.02433 wall=167.8s
[spatial train] ppo_vector_canonical seed=828 iteration=13/200 episodes=156 difficulty=0.400 loss=0.01466 wall=169.9s
[spatial train] ppo_semantic_flat seed=829 iteration=18/200 episodes=216 difficulty=0.600 loss=0.02308 wall=171.3s
[spatial train] ppo_semantic_flat seed=828 iteration=25/200 episodes=300 difficulty=0.900 loss=0.02302 wall=171.3s
[spatial train] ppo_ontology_rgat seed=828 iteration=16/200 episodes=192 difficulty=0.500 loss=0.02416 wall=171.7s
[spatial train] ppo_semantic_flat seed=829 iteration=19/200 episodes=228 difficulty=0.700 loss=0.00024 wall=175.4s
[spatial train] ppo_ontology_rgat seed=828 iteration=17/200 episodes=204 difficulty=0.600 loss=0.03762 wall=176.1s
[spatial train] ppo_vector_canonical seed=829 iteration=14/200 episodes=168 difficulty=0.400 loss=0.01643 wall=176.6s
[spatial train] ppo_ontology_rgat seed=829 iteration=11/200 episodes=132 difficulty=0.300 loss=0.01265 wall=176.9s
[spatial train] ppo_semantic_flat seed=828 iteration=26/200 episodes=312 difficulty=1.000 loss=0.04717 wall=177.4s
[spatial train] ppo_vector_canonical seed=828 iteration=14/200 episodes=168 difficulty=0.400 loss=0.00190 wall=180.4s
[spatial train] ppo_semantic_flat seed=829 iteration=20/200 episodes=240 difficulty=0.700 loss=0.01973 wall=180.4s
[spatial train] ppo_ontology_rgat seed=828 iteration=18/200 episodes=216 difficulty=0.600 loss=0.01065 wall=181.8s
[spatial train] ppo_semantic_flat seed=828 iteration=27/200 episodes=324 difficulty=1.000 loss=0.01020 wall=183.5s
[spatial train] ppo_ontology_rgat seed=829 iteration=12/200 episodes=144 difficulty=0.300 loss=0.01088 wall=184.8s
[spatial train] ppo_vector_canonical seed=829 iteration=15/200 episodes=180 difficulty=0.500 loss=0.01411 wall=185.0s
[spatial train] ppo_ontology_rgat seed=828 iteration=19/200 episodes=228 difficulty=0.700 loss=0.00764 wall=186.8s
[spatial train] ppo_semantic_flat seed=829 iteration=21/200 episodes=252 difficulty=0.700 loss=0.02567 wall=188.8s
[spatial train] ppo_vector_canonical seed=828 iteration=15/200 episodes=180 difficulty=0.500 loss=0.00820 wall=191.4s
[spatial train] ppo_semantic_flat seed=828 iteration=28/200 episodes=336 difficulty=1.000 loss=0.01793 wall=192.0s
[spatial train] ppo_ontology_rgat seed=828 iteration=20/200 episodes=240 difficulty=0.700 loss=0.01107 wall=192.7s
[spatial train] ppo_ontology_rgat seed=829 iteration=13/200 episodes=156 difficulty=0.400 loss=0.01246 wall=193.6s
[spatial train] ppo_vector_canonical seed=829 iteration=16/200 episodes=192 difficulty=0.500 loss=0.03057 wall=194.3s
[spatial train] ppo_semantic_flat seed=829 iteration=22/200 episodes=264 difficulty=0.800 loss=0.01946 wall=195.3s
[spatial train] ppo_semantic_flat seed=828 iteration=29/200 episodes=348 difficulty=1.000 loss=0.00703 wall=195.5s
[spatial train] ppo_ontology_rgat seed=829 iteration=14/200 episodes=168 difficulty=0.400 loss=0.01589 wall=201.2s
[spatial train] ppo_ontology_rgat seed=828 iteration=21/200 episodes=252 difficulty=0.700 loss=0.02139 wall=201.4s
[spatial train] ppo_semantic_flat seed=829 iteration=23/200 episodes=276 difficulty=0.800 loss=-0.02470 wall=201.7s
[spatial train] ppo_semantic_flat seed=828 iteration=30/200 episodes=360 difficulty=1.000 loss=0.06148 wall=202.7s
[spatial train] ppo_vector_canonical seed=828 iteration=16/200 episodes=192 difficulty=0.500 loss=0.01580 wall=202.9s
[spatial train] ppo_ontology_rgat seed=829 iteration=15/200 episodes=180 difficulty=0.500 loss=0.05387 wall=207.2s
[spatial train] ppo_semantic_flat seed=828 iteration=31/200 episodes=372 difficulty=1.000 loss=0.00694 wall=207.5s
[spatial train] ppo_vector_canonical seed=829 iteration=17/200 episodes=204 difficulty=0.600 loss=0.01348 wall=208.3s
[spatial train] ppo_semantic_flat seed=829 iteration=24/200 episodes=288 difficulty=0.900 loss=0.03043 wall=208.5s
[spatial train] ppo_ontology_rgat seed=828 iteration=22/200 episodes=264 difficulty=0.800 loss=0.02888 wall=208.8s
[spatial train] ppo_ontology_rgat seed=829 iteration=16/200 episodes=192 difficulty=0.500 loss=0.03083 wall=211.8s
[spatial train] ppo_semantic_flat seed=828 iteration=32/200 episodes=384 difficulty=1.000 loss=0.00950 wall=212.7s
[spatial train] ppo_vector_canonical seed=828 iteration=17/200 episodes=204 difficulty=0.600 loss=0.01383 wall=213.2s
[spatial train] ppo_ontology_rgat seed=828 iteration=23/200 episodes=276 difficulty=0.800 loss=0.07049 wall=217.6s
[spatial train] ppo_semantic_flat seed=829 iteration=25/200 episodes=300 difficulty=0.900 loss=0.02455 wall=217.9s
[spatial train] ppo_vector_canonical seed=829 iteration=18/200 episodes=216 difficulty=0.600 loss=0.02144 wall=218.0s
[spatial train] ppo_ontology_rgat seed=829 iteration=17/200 episodes=204 difficulty=0.600 loss=-0.04086 wall=220.7s
[spatial train] ppo_semantic_flat seed=828 iteration=33/200 episodes=396 difficulty=1.000 loss=0.02495 wall=222.7s
[spatial train] ppo_vector_canonical seed=828 iteration=18/200 episodes=216 difficulty=0.600 loss=0.01569 wall=224.0s
[spatial train] ppo_semantic_flat seed=829 iteration=26/200 episodes=312 difficulty=1.000 loss=0.02996 wall=224.9s
[spatial train] ppo_vector_canonical seed=829 iteration=19/200 episodes=228 difficulty=0.700 loss=0.01242 wall=225.1s
[spatial train] ppo_ontology_rgat seed=829 iteration=18/200 episodes=216 difficulty=0.600 loss=0.01310 wall=228.3s
[spatial train] ppo_semantic_flat seed=828 iteration=34/200 episodes=408 difficulty=1.000 loss=0.01988 wall=228.7s
[spatial train] ppo_ontology_rgat seed=828 iteration=24/200 episodes=288 difficulty=0.900 loss=0.00889 wall=230.0s
[spatial train] ppo_semantic_flat seed=829 iteration=27/200 episodes=324 difficulty=1.000 loss=0.02602 wall=230.8s
[spatial train] ppo_vector_canonical seed=828 iteration=19/200 episodes=228 difficulty=0.700 loss=0.01326 wall=233.6s
[spatial train] ppo_vector_canonical seed=829 iteration=20/200 episodes=240 difficulty=0.700 loss=-0.01973 wall=234.2s
[spatial train] ppo_ontology_rgat seed=829 iteration=19/200 episodes=228 difficulty=0.700 loss=0.01753 wall=235.2s
[spatial train] ppo_semantic_flat seed=828 iteration=35/200 episodes=420 difficulty=1.000 loss=0.00939 wall=236.0s
[spatial train] ppo_semantic_flat seed=829 iteration=28/200 episodes=336 difficulty=1.000 loss=0.02093 wall=238.6s
[spatial train] ppo_ontology_rgat seed=828 iteration=25/200 episodes=300 difficulty=0.900 loss=0.01309 wall=239.8s
[spatial train] ppo_ontology_rgat seed=829 iteration=20/200 episodes=240 difficulty=0.700 loss=0.01203 wall=240.1s
[spatial train] ppo_semantic_flat seed=828 iteration=36/200 episodes=432 difficulty=1.000 loss=0.01082 wall=241.0s
[spatial train] ppo_vector_canonical seed=828 iteration=20/200 episodes=240 difficulty=0.700 loss=0.01229 wall=242.3s
[spatial train] ppo_vector_canonical seed=829 iteration=21/200 episodes=252 difficulty=0.700 loss=0.02037 wall=244.9s
[spatial train] ppo_semantic_flat seed=829 iteration=29/200 episodes=348 difficulty=1.000 loss=0.02965 wall=245.1s
[spatial train] ppo_semantic_flat seed=828 iteration=37/200 episodes=444 difficulty=1.000 loss=0.01082 wall=246.3s
[spatial train] ppo_ontology_rgat seed=829 iteration=21/200 episodes=252 difficulty=0.700 loss=-0.01926 wall=249.0s
[spatial train] ppo_ontology_rgat seed=828 iteration=26/200 episodes=312 difficulty=1.000 loss=-0.08278 wall=250.2s
[spatial train] ppo_semantic_flat seed=828 iteration=38/200 episodes=456 difficulty=1.000 loss=0.01897 wall=251.0s
[spatial train] ppo_vector_canonical seed=828 iteration=21/200 episodes=252 difficulty=0.700 loss=0.01254 wall=252.0s
[spatial train] ppo_semantic_flat seed=829 iteration=30/200 episodes=360 difficulty=1.000 loss=0.01104 wall=253.6s
[spatial train] ppo_semantic_flat seed=828 iteration=39/200 episodes=468 difficulty=1.000 loss=0.00726 wall=256.8s
[spatial train] ppo_ontology_rgat seed=829 iteration=22/200 episodes=264 difficulty=0.800 loss=0.02280 wall=257.2s
[spatial train] ppo_vector_canonical seed=829 iteration=22/200 episodes=264 difficulty=0.800 loss=-0.00483 wall=257.4s
[spatial train] ppo_ontology_rgat seed=828 iteration=27/200 episodes=324 difficulty=1.000 loss=0.02703 wall=259.6s
[spatial train] ppo_vector_canonical seed=828 iteration=22/200 episodes=264 difficulty=0.800 loss=0.01243 wall=261.7s
[spatial train] ppo_semantic_flat seed=829 iteration=31/200 episodes=372 difficulty=1.000 loss=0.03134 wall=263.4s
[spatial train] ppo_ontology_rgat seed=829 iteration=23/200 episodes=276 difficulty=0.800 loss=0.01201 wall=264.5s
[spatial train] ppo_vector_canonical seed=829 iteration=23/200 episodes=276 difficulty=0.800 loss=0.02767 wall=267.9s
[spatial train] ppo_semantic_flat seed=828 iteration=40/200 episodes=480 difficulty=1.000 loss=-0.03740 wall=269.3s
[spatial train] ppo_vector_canonical seed=828 iteration=23/200 episodes=276 difficulty=0.800 loss=0.01283 wall=271.8s
[spatial train] ppo_ontology_rgat seed=828 iteration=28/200 episodes=336 difficulty=1.000 loss=0.01420 wall=272.1s
[spatial train] ppo_ontology_rgat seed=829 iteration=24/200 episodes=288 difficulty=0.900 loss=0.10051 wall=272.3s
[spatial train] ppo_semantic_flat seed=829 iteration=32/200 episodes=384 difficulty=1.000 loss=0.01701 wall=272.7s
[spatial train] ppo_semantic_flat seed=828 iteration=41/200 episodes=492 difficulty=1.000 loss=0.01246 wall=276.1s
[spatial train] ppo_vector_canonical seed=829 iteration=24/200 episodes=288 difficulty=0.900 loss=0.02149 wall=279.7s
[spatial train] ppo_ontology_rgat seed=828 iteration=29/200 episodes=348 difficulty=1.000 loss=0.01841 wall=281.6s
[spatial train] ppo_ontology_rgat seed=829 iteration=25/200 episodes=300 difficulty=0.900 loss=0.00406 wall=281.9s
[spatial train] ppo_semantic_flat seed=829 iteration=33/200 episodes=396 difficulty=1.000 loss=0.02736 wall=283.0s
[spatial train] ppo_vector_canonical seed=828 iteration=24/200 episodes=288 difficulty=0.900 loss=0.01086 wall=284.9s
[spatial train] ppo_semantic_flat seed=828 iteration=42/200 episodes=504 difficulty=1.000 loss=0.02055 wall=285.6s
[spatial train] ppo_semantic_flat seed=828 iteration=43/200 episodes=516 difficulty=1.000 loss=-0.00021 wall=289.7s
[spatial train] ppo_ontology_rgat seed=829 iteration=26/200 episodes=312 difficulty=1.000 loss=0.03459 wall=290.4s
[spatial train] ppo_semantic_flat seed=829 iteration=34/200 episodes=408 difficulty=1.000 loss=-0.02228 wall=292.4s
[spatial train] ppo_semantic_flat seed=828 iteration=44/200 episodes=528 difficulty=1.000 loss=0.00039 wall=292.8s
[spatial train] ppo_ontology_rgat seed=828 iteration=30/200 episodes=360 difficulty=1.000 loss=0.02634 wall=294.5s
[spatial train] ppo_vector_canonical seed=829 iteration=25/200 episodes=300 difficulty=0.900 loss=0.01541 wall=294.6s
[spatial train] ppo_semantic_flat seed=828 iteration=45/200 episodes=540 difficulty=1.000 loss=0.01719 wall=296.6s
[spatial train] ppo_ontology_rgat seed=829 iteration=27/200 episodes=324 difficulty=1.000 loss=0.01668 wall=297.4s
[spatial train] ppo_vector_canonical seed=828 iteration=25/200 episodes=300 difficulty=0.900 loss=0.01322 wall=298.3s
[spatial train] ppo_semantic_flat seed=829 iteration=35/200 episodes=420 difficulty=1.000 loss=0.07891 wall=301.2s
[spatial train] ppo_semantic_flat seed=828 iteration=46/200 episodes=552 difficulty=1.000 loss=0.04544 wall=302.5s
[spatial train] ppo_ontology_rgat seed=828 iteration=31/200 episodes=372 difficulty=1.000 loss=0.01807 wall=305.3s
[spatial train] ppo_vector_canonical seed=829 iteration=26/200 episodes=312 difficulty=1.000 loss=-0.04631 wall=306.1s
[spatial train] ppo_ontology_rgat seed=829 iteration=28/200 episodes=336 difficulty=1.000 loss=0.02064 wall=306.3s
[spatial train] ppo_semantic_flat seed=828 iteration=47/200 episodes=564 difficulty=1.000 loss=0.02198 wall=306.9s
[spatial train] ppo_semantic_flat seed=829 iteration=36/200 episodes=432 difficulty=1.000 loss=0.02653 wall=307.2s
[spatial train] ppo_vector_canonical seed=828 iteration=26/200 episodes=312 difficulty=1.000 loss=0.01794 wall=309.6s
[spatial train] ppo_semantic_flat seed=828 iteration=48/200 episodes=576 difficulty=1.000 loss=0.00823 wall=312.1s
[spatial train] ppo_ontology_rgat seed=829 iteration=29/200 episodes=348 difficulty=1.000 loss=0.01133 wall=312.4s
[spatial train] ppo_vector_canonical seed=829 iteration=27/200 episodes=324 difficulty=1.000 loss=0.01461 wall=313.2s
[spatial train] ppo_ontology_rgat seed=828 iteration=32/200 episodes=384 difficulty=1.000 loss=0.00273 wall=314.5s
[spatial train] ppo_semantic_flat seed=829 iteration=37/200 episodes=444 difficulty=1.000 loss=0.03172 wall=315.0s
[spatial train] ppo_semantic_flat seed=828 iteration=49/200 episodes=588 difficulty=1.000 loss=0.03206 wall=315.4s
[spatial train] ppo_ontology_rgat seed=829 iteration=30/200 episodes=360 difficulty=1.000 loss=0.02609 wall=319.7s
[spatial train] ppo_vector_canonical seed=828 iteration=27/200 episodes=324 difficulty=1.000 loss=0.01908 wall=320.7s
[spatial train] ppo_semantic_flat seed=829 iteration=38/200 episodes=456 difficulty=1.000 loss=0.01872 wall=323.2s
[spatial train] ppo_semantic_flat seed=828 iteration=50/200 episodes=600 difficulty=1.000 loss=-0.00292 wall=324.3s
[spatial train] ppo_vector_canonical seed=829 iteration=28/200 episodes=336 difficulty=1.000 loss=0.02069 wall=325.7s
[spatial train] ppo_semantic_flat seed=829 iteration=39/200 episodes=468 difficulty=1.000 loss=0.00712 wall=330.3s
[spatial train] ppo_semantic_flat seed=828 iteration=51/200 episodes=612 difficulty=1.000 loss=0.02373 wall=330.5s
[spatial train] ppo_ontology_rgat seed=828 iteration=33/200 episodes=396 difficulty=1.000 loss=0.02737 wall=330.6s
[spatial train] ppo_ontology_rgat seed=829 iteration=31/200 episodes=372 difficulty=1.000 loss=0.04112 wall=331.1s
[spatial train] ppo_vector_canonical seed=828 iteration=28/200 episodes=336 difficulty=1.000 loss=0.01238 wall=332.2s
[spatial train] ppo_vector_canonical seed=829 iteration=29/200 episodes=348 difficulty=1.000 loss=0.00046 wall=333.7s
[spatial train] ppo_semantic_flat seed=828 iteration=52/200 episodes=624 difficulty=1.000 loss=0.01618 wall=335.6s
[spatial train] ppo_semantic_flat seed=829 iteration=40/200 episodes=480 difficulty=1.000 loss=0.02120 wall=338.7s
[spatial train] ppo_vector_canonical seed=828 iteration=29/200 episodes=348 difficulty=1.000 loss=0.02437 wall=341.0s
[spatial train] ppo_vector_canonical seed=829 iteration=30/200 episodes=360 difficulty=1.000 loss=-0.00278 wall=341.1s
[spatial train] ppo_ontology_rgat seed=828 iteration=34/200 episodes=408 difficulty=1.000 loss=0.03064 wall=341.7s
[spatial train] ppo_ontology_rgat seed=829 iteration=32/200 episodes=384 difficulty=1.000 loss=0.01308 wall=341.7s
[spatial train] ppo_semantic_flat seed=828 iteration=53/200 episodes=636 difficulty=1.000 loss=0.02393 wall=341.7s
[spatial train] ppo_semantic_flat seed=829 iteration=41/200 episodes=492 difficulty=1.000 loss=-0.00227 wall=344.8s
[spatial train] ppo_semantic_flat seed=828 iteration=54/200 episodes=648 difficulty=1.000 loss=-0.02620 wall=347.1s
[spatial train] ppo_vector_canonical seed=829 iteration=31/200 episodes=372 difficulty=1.000 loss=0.02952 wall=348.6s
[spatial train] ppo_semantic_flat seed=829 iteration=42/200 episodes=504 difficulty=1.000 loss=0.01788 wall=351.3s
[spatial train] ppo_ontology_rgat seed=829 iteration=33/200 episodes=396 difficulty=1.000 loss=0.07201 wall=351.9s
[spatial train] ppo_semantic_flat seed=828 iteration=55/200 episodes=660 difficulty=1.000 loss=-0.02000 wall=353.5s
[spatial train] ppo_ontology_rgat seed=828 iteration=35/200 episodes=420 difficulty=1.000 loss=0.07191 wall=354.4s
[spatial train] ppo_vector_canonical seed=828 iteration=30/200 episodes=360 difficulty=1.000 loss=0.01679 wall=355.0s
[spatial train] ppo_semantic_flat seed=829 iteration=43/200 episodes=516 difficulty=1.000 loss=-0.04329 wall=358.0s
[spatial train] ppo_semantic_flat seed=828 iteration=56/200 episodes=672 difficulty=1.000 loss=0.02008 wall=358.8s
[spatial train] ppo_vector_canonical seed=829 iteration=32/200 episodes=384 difficulty=1.000 loss=0.01358 wall=359.3s
[spatial train] ppo_ontology_rgat seed=829 iteration=34/200 episodes=408 difficulty=1.000 loss=0.01208 wall=361.7s
[spatial train] ppo_ontology_rgat seed=828 iteration=36/200 episodes=432 difficulty=1.000 loss=0.03229 wall=364.3s
[spatial train] ppo_semantic_flat seed=828 iteration=57/200 episodes=684 difficulty=1.000 loss=0.04609 wall=364.3s
[spatial train] ppo_semantic_flat seed=829 iteration=44/200 episodes=528 difficulty=1.000 loss=0.00627 wall=364.8s
[spatial train] ppo_vector_canonical seed=828 iteration=31/200 episodes=372 difficulty=1.000 loss=0.01259 wall=365.4s
[spatial train] ppo_vector_canonical seed=829 iteration=33/200 episodes=396 difficulty=1.000 loss=0.03052 wall=367.3s
[spatial train] ppo_semantic_flat seed=829 iteration=45/200 episodes=540 difficulty=1.000 loss=0.01395 wall=368.4s
[spatial train] ppo_ontology_rgat seed=829 iteration=35/200 episodes=420 difficulty=1.000 loss=0.08031 wall=368.6s
[spatial train] ppo_semantic_flat seed=828 iteration=58/200 episodes=696 difficulty=1.000 loss=0.04642 wall=369.4s
[spatial train] ppo_ontology_rgat seed=828 iteration=37/200 episodes=444 difficulty=1.000 loss=0.00995 wall=373.9s
[spatial train] ppo_vector_canonical seed=829 iteration=34/200 episodes=408 difficulty=1.000 loss=0.02268 wall=376.2s
[spatial train] ppo_ontology_rgat seed=829 iteration=36/200 episodes=432 difficulty=1.000 loss=0.00592 wall=376.8s
[spatial train] ppo_semantic_flat seed=829 iteration=46/200 episodes=552 difficulty=1.000 loss=0.00459 wall=376.9s
[spatial train] ppo_semantic_flat seed=828 iteration=59/200 episodes=708 difficulty=1.000 loss=0.01991 wall=377.2s
[spatial train] ppo_vector_canonical seed=828 iteration=32/200 episodes=384 difficulty=1.000 loss=0.01051 wall=377.6s
[spatial train] ppo_semantic_flat seed=829 iteration=47/200 episodes=564 difficulty=1.000 loss=0.11252 wall=382.9s
[spatial train] ppo_semantic_flat seed=828 iteration=60/200 episodes=720 difficulty=1.000 loss=0.01784 wall=383.9s
[spatial train] ppo_vector_canonical seed=829 iteration=35/200 episodes=420 difficulty=1.000 loss=0.01714 wall=384.5s
[spatial train] ppo_ontology_rgat seed=828 iteration=38/200 episodes=456 difficulty=1.000 loss=0.04542 wall=384.6s
[spatial train] ppo_ontology_rgat seed=829 iteration=37/200 episodes=444 difficulty=1.000 loss=0.01540 wall=387.6s
[spatial train] ppo_semantic_flat seed=829 iteration=48/200 episodes=576 difficulty=1.000 loss=0.02429 wall=388.3s
[spatial train] ppo_semantic_flat seed=828 iteration=61/200 episodes=732 difficulty=1.000 loss=0.01655 wall=389.5s
[spatial train] ppo_vector_canonical seed=829 iteration=36/200 episodes=432 difficulty=1.000 loss=0.01816 wall=392.6s
[spatial train] ppo_vector_canonical seed=828 iteration=33/200 episodes=396 difficulty=1.000 loss=0.02179 wall=393.9s
[spatial train] ppo_ontology_rgat seed=828 iteration=39/200 episodes=468 difficulty=1.000 loss=0.01616 wall=394.3s
[spatial train] ppo_semantic_flat seed=829 iteration=49/200 episodes=588 difficulty=1.000 loss=0.01655 wall=395.0s
[spatial train] ppo_semantic_flat seed=828 iteration=62/200 episodes=744 difficulty=1.000 loss=0.01051 wall=395.0s
[spatial train] ppo_ontology_rgat seed=829 iteration=38/200 episodes=456 difficulty=1.000 loss=-0.03070 wall=397.9s
[spatial train] ppo_semantic_flat seed=829 iteration=50/200 episodes=600 difficulty=1.000 loss=0.00834 wall=400.5s
[spatial train] ppo_vector_canonical seed=829 iteration=37/200 episodes=444 difficulty=1.000 loss=-0.00128 wall=400.8s
[spatial train] ppo_semantic_flat seed=828 iteration=63/200 episodes=756 difficulty=1.000 loss=0.02974 wall=403.6s
[spatial train] ppo_vector_canonical seed=828 iteration=34/200 episodes=408 difficulty=1.000 loss=0.03319 wall=406.0s
[spatial train] ppo_ontology_rgat seed=829 iteration=39/200 episodes=468 difficulty=1.000 loss=-0.00151 wall=408.1s
[spatial train] ppo_semantic_flat seed=829 iteration=51/200 episodes=612 difficulty=1.000 loss=0.01518 wall=408.8s
[spatial train] ppo_semantic_flat seed=828 iteration=64/200 episodes=768 difficulty=1.000 loss=0.00861 wall=409.1s
[spatial train] ppo_vector_canonical seed=829 iteration=38/200 episodes=456 difficulty=1.000 loss=0.02848 wall=410.4s
[spatial train] ppo_ontology_rgat seed=828 iteration=40/200 episodes=480 difficulty=1.000 loss=0.01930 wall=413.7s
[spatial train] ppo_semantic_flat seed=828 iteration=65/200 episodes=780 difficulty=1.000 loss=0.01538 wall=415.4s
[spatial train] ppo_semantic_flat seed=829 iteration=52/200 episodes=624 difficulty=1.000 loss=0.03458 wall=415.7s
[spatial train] ppo_vector_canonical seed=829 iteration=39/200 episodes=468 difficulty=1.000 loss=0.04288 wall=417.8s
[spatial train] ppo_ontology_rgat seed=829 iteration=40/200 episodes=480 difficulty=1.000 loss=0.01712 wall=419.6s
[spatial train] ppo_vector_canonical seed=828 iteration=35/200 episodes=420 difficulty=1.000 loss=0.01869 wall=421.7s
[spatial train] ppo_semantic_flat seed=829 iteration=53/200 episodes=636 difficulty=1.000 loss=-0.01692 wall=421.9s
[spatial train] ppo_semantic_flat seed=828 iteration=66/200 episodes=792 difficulty=1.000 loss=0.01523 wall=422.7s
[spatial train] ppo_ontology_rgat seed=828 iteration=41/200 episodes=492 difficulty=1.000 loss=0.01432 wall=424.5s
[spatial train] ppo_semantic_flat seed=829 iteration=54/200 episodes=648 difficulty=1.000 loss=0.01228 wall=427.0s
[spatial train] ppo_ontology_rgat seed=829 iteration=41/200 episodes=492 difficulty=1.000 loss=0.01088 wall=427.5s
[spatial train] ppo_vector_canonical seed=829 iteration=40/200 episodes=480 difficulty=1.000 loss=0.02639 wall=429.4s
[spatial train] ppo_semantic_flat seed=828 iteration=67/200 episodes=804 difficulty=1.000 loss=0.01928 wall=430.0s
[spatial train] ppo_semantic_flat seed=829 iteration=55/200 episodes=660 difficulty=1.000 loss=0.02114 wall=431.5s
[spatial train] ppo_semantic_flat seed=828 iteration=68/200 episodes=816 difficulty=1.000 loss=0.02409 wall=434.0s
[spatial train] ppo_ontology_rgat seed=829 iteration=42/200 episodes=504 difficulty=1.000 loss=0.01740 wall=435.1s
[spatial train] ppo_vector_canonical seed=829 iteration=41/200 episodes=492 difficulty=1.000 loss=0.01557 wall=436.0s
[spatial train] ppo_vector_canonical seed=828 iteration=36/200 episodes=432 difficulty=1.000 loss=0.01551 wall=437.2s
[spatial train] ppo_semantic_flat seed=828 iteration=69/200 episodes=828 difficulty=1.000 loss=0.01620 wall=438.6s
[spatial train] ppo_semantic_flat seed=829 iteration=56/200 episodes=672 difficulty=1.000 loss=0.03048 wall=438.9s
[spatial train] ppo_ontology_rgat seed=828 iteration=42/200 episodes=504 difficulty=1.000 loss=0.02741 wall=439.1s
[spatial train] ppo_ontology_rgat seed=829 iteration=43/200 episodes=516 difficulty=1.000 loss=0.01134 wall=442.9s
[spatial train] ppo_vector_canonical seed=829 iteration=42/200 episodes=504 difficulty=1.000 loss=0.02763 wall=443.2s
[spatial train] ppo_semantic_flat seed=828 iteration=70/200 episodes=840 difficulty=1.000 loss=0.01329 wall=443.8s
[spatial train] ppo_semantic_flat seed=829 iteration=57/200 episodes=684 difficulty=1.000 loss=-0.01166 wall=444.7s
[spatial train] ppo_semantic_flat seed=828 iteration=71/200 episodes=852 difficulty=1.000 loss=0.01188 wall=447.7s
[spatial train] ppo_vector_canonical seed=829 iteration=43/200 episodes=516 difficulty=1.000 loss=0.01573 wall=449.6s
[spatial train] ppo_ontology_rgat seed=828 iteration=43/200 episodes=516 difficulty=1.000 loss=0.01142 wall=450.1s
[spatial train] ppo_semantic_flat seed=829 iteration=58/200 episodes=696 difficulty=1.000 loss=0.06417 wall=450.9s
[spatial train] ppo_ontology_rgat seed=829 iteration=44/200 episodes=528 difficulty=1.000 loss=-0.03658 wall=452.3s
[spatial train] ppo_semantic_flat seed=828 iteration=72/200 episodes=864 difficulty=1.000 loss=0.01457 wall=453.2s
[spatial train] ppo_vector_canonical seed=828 iteration=37/200 episodes=444 difficulty=1.000 loss=0.02414 wall=454.1s
[spatial train] ppo_semantic_flat seed=829 iteration=59/200 episodes=708 difficulty=1.000 loss=0.01659 wall=455.9s
[spatial train] ppo_semantic_flat seed=828 iteration=73/200 episodes=876 difficulty=1.000 loss=-0.01538 wall=456.3s
[spatial train] ppo_ontology_rgat seed=828 iteration=44/200 episodes=528 difficulty=1.000 loss=0.01588 wall=456.4s
[spatial train] ppo_ontology_rgat seed=829 iteration=45/200 episodes=540 difficulty=1.000 loss=0.02851 wall=456.5s
[spatial train] ppo_vector_canonical seed=829 iteration=44/200 episodes=528 difficulty=1.000 loss=0.02123 wall=457.7s
[spatial train] ppo_semantic_flat seed=828 iteration=74/200 episodes=888 difficulty=1.000 loss=0.02587 wall=460.0s
[spatial train] ppo_vector_canonical seed=829 iteration=45/200 episodes=540 difficulty=1.000 loss=0.00679 wall=462.2s
[spatial train] ppo_ontology_rgat seed=828 iteration=45/200 episodes=540 difficulty=1.000 loss=0.01119 wall=463.8s
[spatial train] ppo_semantic_flat seed=829 iteration=60/200 episodes=720 difficulty=1.000 loss=0.06112 wall=465.0s
[spatial train] ppo_semantic_flat seed=828 iteration=75/200 episodes=900 difficulty=1.000 loss=0.02531 wall=465.3s
[spatial train] ppo_vector_canonical seed=828 iteration=38/200 episodes=456 difficulty=1.000 loss=0.02512 wall=467.4s
[spatial train] ppo_ontology_rgat seed=829 iteration=46/200 episodes=552 difficulty=1.000 loss=0.03262 wall=467.8s
[spatial train] ppo_semantic_flat seed=828 iteration=76/200 episodes=912 difficulty=1.000 loss=0.00213 wall=469.5s
[spatial train] ppo_vector_canonical seed=829 iteration=46/200 episodes=552 difficulty=1.000 loss=0.01614 wall=469.9s
[spatial train] ppo_semantic_flat seed=829 iteration=61/200 episodes=732 difficulty=1.000 loss=0.03438 wall=473.3s
[spatial train] ppo_vector_canonical seed=829 iteration=47/200 episodes=564 difficulty=1.000 loss=0.01536 wall=474.5s
[spatial train] ppo_ontology_rgat seed=829 iteration=47/200 episodes=564 difficulty=1.000 loss=0.02047 wall=474.6s
[spatial train] ppo_ontology_rgat seed=828 iteration=46/200 episodes=552 difficulty=1.000 loss=0.01277 wall=475.1s
[spatial train] ppo_semantic_flat seed=828 iteration=77/200 episodes=924 difficulty=1.000 loss=0.02469 wall=476.6s
[spatial train] ppo_semantic_flat seed=829 iteration=62/200 episodes=744 difficulty=1.000 loss=0.01571 wall=478.7s
[spatial train] ppo_vector_canonical seed=829 iteration=48/200 episodes=576 difficulty=1.000 loss=0.01905 wall=478.9s
[spatial train] ppo_vector_canonical seed=828 iteration=39/200 episodes=468 difficulty=1.000 loss=0.00628 wall=480.4s
[spatial train] ppo_ontology_rgat seed=829 iteration=48/200 episodes=576 difficulty=1.000 loss=0.00803 wall=480.5s
[spatial train] ppo_semantic_flat seed=828 iteration=78/200 episodes=936 difficulty=1.000 loss=0.01593 wall=481.1s
[spatial train] ppo_semantic_flat seed=828 iteration=79/200 episodes=948 difficulty=1.000 loss=0.01547 wall=483.6s
[spatial train] ppo_ontology_rgat seed=828 iteration=47/200 episodes=564 difficulty=1.000 loss=0.01846 wall=483.7s
[spatial train] ppo_vector_canonical seed=829 iteration=49/200 episodes=588 difficulty=1.000 loss=0.01870 wall=484.7s
[spatial train] ppo_semantic_flat seed=829 iteration=63/200 episodes=756 difficulty=1.000 loss=0.01284 wall=488.4s
[spatial train] ppo_vector_canonical seed=829 iteration=50/200 episodes=600 difficulty=1.000 loss=0.01376 wall=489.3s
[spatial train] ppo_ontology_rgat seed=829 iteration=49/200 episodes=588 difficulty=1.000 loss=0.00907 wall=489.4s
[spatial train] ppo_semantic_flat seed=828 iteration=80/200 episodes=960 difficulty=1.000 loss=0.01717 wall=491.0s
[spatial train] ppo_ontology_rgat seed=828 iteration=48/200 episodes=576 difficulty=1.000 loss=0.01518 wall=493.0s
[spatial train] ppo_vector_canonical seed=829 iteration=51/200 episodes=612 difficulty=1.000 loss=0.01143 wall=494.7s
[spatial train] ppo_semantic_flat seed=829 iteration=64/200 episodes=768 difficulty=1.000 loss=0.01773 wall=495.7s
[spatial train] ppo_ontology_rgat seed=829 iteration=50/200 episodes=600 difficulty=1.000 loss=0.01267 wall=496.1s
[spatial train] ppo_semantic_flat seed=828 iteration=81/200 episodes=972 difficulty=1.000 loss=0.01030 wall=497.3s
[spatial train] ppo_vector_canonical seed=828 iteration=40/200 episodes=480 difficulty=1.000 loss=0.01309 wall=499.0s
[spatial train] ppo_ontology_rgat seed=828 iteration=49/200 episodes=588 difficulty=1.000 loss=0.02723 wall=500.8s
[spatial train] ppo_vector_canonical seed=829 iteration=52/200 episodes=624 difficulty=1.000 loss=0.01270 wall=501.4s
[spatial train] ppo_semantic_flat seed=828 iteration=82/200 episodes=984 difficulty=1.000 loss=0.04235 wall=503.0s
[spatial train] ppo_semantic_flat seed=829 iteration=65/200 episodes=780 difficulty=1.000 loss=0.03925 wall=504.9s
[spatial train] ppo_ontology_rgat seed=829 iteration=51/200 episodes=612 difficulty=1.000 loss=0.02057 wall=504.9s
[spatial train] ppo_vector_canonical seed=829 iteration=53/200 episodes=636 difficulty=1.000 loss=0.01192 wall=505.4s
[spatial train] ppo_semantic_flat seed=828 iteration=83/200 episodes=996 difficulty=1.000 loss=-0.02044 wall=508.2s
[spatial train] ppo_vector_canonical seed=829 iteration=54/200 episodes=648 difficulty=1.000 loss=0.01117 wall=508.4s
[spatial train] ppo_semantic_flat seed=829 iteration=66/200 episodes=792 difficulty=1.000 loss=0.02947 wall=509.1s
[spatial train] ppo_vector_canonical seed=829 iteration=55/200 episodes=660 difficulty=1.000 loss=0.00208 wall=511.8s
[spatial train] ppo_vector_canonical seed=828 iteration=41/200 episodes=492 difficulty=1.000 loss=0.02913 wall=512.3s
[spatial train] ppo_ontology_rgat seed=829 iteration=52/200 episodes=624 difficulty=1.000 loss=0.01791 wall=512.4s
[spatial train] ppo_semantic_flat seed=829 iteration=67/200 episodes=804 difficulty=1.000 loss=-0.01742 wall=516.3s
[spatial train] ppo_ontology_rgat seed=828 iteration=50/200 episodes=600 difficulty=1.000 loss=0.01994 wall=516.7s
[spatial train] ppo_vector_canonical seed=829 iteration=56/200 episodes=672 difficulty=1.000 loss=0.01858 wall=517.0s
[spatial train] ppo_semantic_flat seed=828 iteration=84/200 episodes=1008 difficulty=1.000 loss=0.01539 wall=517.2s
[spatial train] ppo_ontology_rgat seed=829 iteration=53/200 episodes=636 difficulty=1.000 loss=0.02502 wall=520.1s
[spatial train] ppo_vector_canonical seed=829 iteration=57/200 episodes=684 difficulty=1.000 loss=0.01892 wall=521.0s
[spatial train] ppo_vector_canonical seed=828 iteration=42/200 episodes=504 difficulty=1.000 loss=0.01968 wall=525.0s
[spatial train] ppo_ontology_rgat seed=829 iteration=54/200 episodes=648 difficulty=1.000 loss=0.00697 wall=525.3s
[spatial train] ppo_semantic_flat seed=829 iteration=68/200 episodes=816 difficulty=1.000 loss=0.01865 wall=526.7s
[spatial train] ppo_semantic_flat seed=828 iteration=85/200 episodes=1020 difficulty=1.000 loss=0.03048 wall=527.0s
[spatial train] ppo_vector_canonical seed=829 iteration=58/200 episodes=696 difficulty=1.000 loss=0.01185 wall=527.1s
[spatial train] ppo_ontology_rgat seed=828 iteration=51/200 episodes=612 difficulty=1.000 loss=0.01664 wall=528.2s
[spatial train] ppo_ontology_rgat seed=829 iteration=55/200 episodes=660 difficulty=1.000 loss=0.00764 wall=530.4s
[spatial train] ppo_vector_canonical seed=829 iteration=59/200 episodes=708 difficulty=1.000 loss=0.00838 wall=531.5s
[spatial train] ppo_semantic_flat seed=829 iteration=69/200 episodes=828 difficulty=1.000 loss=0.11394 wall=532.2s
[spatial train] ppo_semantic_flat seed=828 iteration=86/200 episodes=1032 difficulty=1.000 loss=0.01989 wall=534.1s
[spatial train] ppo_vector_canonical seed=828 iteration=43/200 episodes=516 difficulty=1.000 loss=0.01400 wall=536.4s
[spatial train] ppo_vector_canonical seed=829 iteration=60/200 episodes=720 difficulty=1.000 loss=0.00726 wall=537.4s
[spatial train] ppo_ontology_rgat seed=829 iteration=56/200 episodes=672 difficulty=1.000 loss=0.01907 wall=538.0s
[spatial train] ppo_semantic_flat seed=829 iteration=70/200 episodes=840 difficulty=1.000 loss=0.10790 wall=540.1s
[spatial train] ppo_semantic_flat seed=828 iteration=87/200 episodes=1044 difficulty=1.000 loss=-0.01795 wall=540.6s
[spatial train] ppo_vector_canonical seed=829 iteration=61/200 episodes=732 difficulty=1.000 loss=0.01016 wall=542.8s
[spatial train] ppo_ontology_rgat seed=828 iteration=52/200 episodes=624 difficulty=1.000 loss=0.02074 wall=544.5s
[spatial train] ppo_vector_canonical seed=828 iteration=44/200 episodes=528 difficulty=1.000 loss=0.01069 wall=545.0s
[spatial train] ppo_semantic_flat seed=828 iteration=88/200 episodes=1056 difficulty=1.000 loss=0.01409 wall=544.9s
[spatial train] ppo_ontology_rgat seed=829 iteration=57/200 episodes=684 difficulty=1.000 loss=0.00647 wall=545.5s
[spatial train] ppo_vector_canonical seed=829 iteration=62/200 episodes=744 difficulty=1.000 loss=0.00718 wall=546.9s
[spatial train] ppo_semantic_flat seed=829 iteration=71/200 episodes=852 difficulty=1.000 loss=0.06243 wall=548.1s
[spatial train] ppo_vector_canonical seed=829 iteration=63/200 episodes=756 difficulty=1.000 loss=0.00088 wall=550.6s
[spatial train] ppo_semantic_flat seed=828 iteration=89/200 episodes=1068 difficulty=1.000 loss=0.02268 wall=551.7s
[spatial train] ppo_vector_canonical seed=829 iteration=64/200 episodes=768 difficulty=1.000 loss=0.01277 wall=555.3s
[spatial train] ppo_vector_canonical seed=828 iteration=45/200 episodes=540 difficulty=1.000 loss=0.01336 wall=555.8s
[spatial train] ppo_ontology_rgat seed=829 iteration=58/200 episodes=696 difficulty=1.000 loss=0.02778 wall=555.9s
[spatial train] ppo_semantic_flat seed=829 iteration=72/200 episodes=864 difficulty=1.000 loss=0.00044 wall=556.1s
[spatial train] ppo_ontology_rgat seed=828 iteration=53/200 episodes=636 difficulty=1.000 loss=0.02296 wall=557.6s
[spatial train] ppo_semantic_flat seed=828 iteration=90/200 episodes=1080 difficulty=1.000 loss=0.00688 wall=558.0s
[spatial train] ppo_vector_canonical seed=829 iteration=65/200 episodes=780 difficulty=1.000 loss=0.01152 wall=559.5s
[spatial train] ppo_semantic_flat seed=828 iteration=91/200 episodes=1092 difficulty=1.000 loss=0.02668 wall=561.9s
[spatial train] ppo_vector_canonical seed=829 iteration=66/200 episodes=792 difficulty=1.000 loss=0.01431 wall=562.8s
[spatial train] ppo_ontology_rgat seed=829 iteration=59/200 episodes=708 difficulty=1.000 loss=0.04576 wall=562.9s
[spatial train] ppo_semantic_flat seed=828 iteration=92/200 episodes=1104 difficulty=1.000 loss=0.01425 wall=565.8s
[spatial train] ppo_vector_canonical seed=829 iteration=67/200 episodes=804 difficulty=1.000 loss=0.01132 wall=565.9s
[spatial train] ppo_semantic_flat seed=829 iteration=73/200 episodes=876 difficulty=1.000 loss=0.02721 wall=565.9s
[spatial train] ppo_ontology_rgat seed=828 iteration=54/200 episodes=648 difficulty=1.000 loss=0.02541 wall=567.9s
[spatial train] ppo_vector_canonical seed=828 iteration=46/200 episodes=552 difficulty=1.000 loss=0.02814 wall=569.8s
[spatial train] ppo_vector_canonical seed=829 iteration=68/200 episodes=816 difficulty=1.000 loss=0.00795 wall=569.7s
[spatial train] ppo_semantic_flat seed=828 iteration=93/200 episodes=1116 difficulty=1.000 loss=0.01843 wall=570.0s
[spatial train] ppo_semantic_flat seed=829 iteration=74/200 episodes=888 difficulty=1.000 loss=0.01948 wall=571.8s
[spatial train] ppo_vector_canonical seed=829 iteration=69/200 episodes=828 difficulty=1.000 loss=0.00648 wall=574.4s
[spatial train] ppo_semantic_flat seed=828 iteration=94/200 episodes=1128 difficulty=1.000 loss=0.01783 wall=574.7s
[spatial train] ppo_ontology_rgat seed=829 iteration=60/200 episodes=720 difficulty=1.000 loss=0.01024 wall=577.0s
[spatial train] ppo_vector_canonical seed=829 iteration=70/200 episodes=840 difficulty=1.000 loss=0.00759 wall=577.8s
[spatial train] ppo_vector_canonical seed=829 iteration=71/200 episodes=852 difficulty=1.000 loss=0.00688 wall=581.6s
[spatial train] ppo_vector_canonical seed=828 iteration=47/200 episodes=564 difficulty=1.000 loss=0.02271 wall=581.7s
[spatial train] ppo_ontology_rgat seed=828 iteration=55/200 episodes=660 difficulty=1.000 loss=0.00868 wall=581.8s
[spatial train] ppo_semantic_flat seed=829 iteration=75/200 episodes=900 difficulty=1.000 loss=0.05063 wall=582.3s
[spatial train] ppo_semantic_flat seed=828 iteration=95/200 episodes=1140 difficulty=1.000 loss=0.01749 wall=582.9s
[spatial train] ppo_vector_canonical seed=829 iteration=72/200 episodes=864 difficulty=1.000 loss=0.00923 wall=584.1s
[spatial train] ppo_vector_canonical seed=829 iteration=73/200 episodes=876 difficulty=1.000 loss=0.02992 wall=587.3s
[spatial train] ppo_ontology_rgat seed=829 iteration=61/200 episodes=732 difficulty=1.000 loss=0.06965 wall=587.6s
[spatial train] ppo_semantic_flat seed=828 iteration=96/200 episodes=1152 difficulty=1.000 loss=0.01364 wall=587.9s
[spatial train] ppo_semantic_flat seed=829 iteration=76/200 episodes=912 difficulty=1.000 loss=0.02421 wall=588.7s
[spatial train] ppo_vector_canonical seed=829 iteration=74/200 episodes=888 difficulty=1.000 loss=0.01888 wall=590.3s
[spatial train] ppo_ontology_rgat seed=828 iteration=56/200 episodes=672 difficulty=1.000 loss=-0.03193 wall=590.9s
[spatial train] ppo_vector_canonical seed=828 iteration=48/200 episodes=576 difficulty=1.000 loss=-0.00339 wall=593.7s
[spatial train] ppo_vector_canonical seed=829 iteration=75/200 episodes=900 difficulty=1.000 loss=0.02122 wall=594.3s
[spatial train] ppo_ontology_rgat seed=829 iteration=62/200 episodes=744 difficulty=1.000 loss=0.01683 wall=594.7s
[spatial train] ppo_semantic_flat seed=828 iteration=97/200 episodes=1164 difficulty=1.000 loss=0.02426 wall=595.6s
[spatial train] ppo_semantic_flat seed=829 iteration=77/200 episodes=924 difficulty=1.000 loss=0.01868 wall=596.5s
[spatial train] ppo_vector_canonical seed=829 iteration=76/200 episodes=912 difficulty=1.000 loss=0.02042 wall=596.9s
[spatial train] ppo_vector_canonical seed=829 iteration=77/200 episodes=924 difficulty=1.000 loss=0.00456 wall=599.8s
[spatial train] ppo_ontology_rgat seed=828 iteration=57/200 episodes=684 difficulty=1.000 loss=0.01394 wall=601.1s
[spatial train] ppo_semantic_flat seed=829 iteration=78/200 episodes=936 difficulty=1.000 loss=0.02393 wall=602.8s
[spatial train] ppo_vector_canonical seed=829 iteration=78/200 episodes=936 difficulty=1.000 loss=0.00324 wall=603.0s
[spatial train] ppo_semantic_flat seed=828 iteration=98/200 episodes=1176 difficulty=1.000 loss=0.01989 wall=603.7s
[spatial train] ppo_vector_canonical seed=828 iteration=49/200 episodes=588 difficulty=1.000 loss=0.00284 wall=603.8s
[spatial train] ppo_ontology_rgat seed=829 iteration=63/200 episodes=756 difficulty=1.000 loss=0.01927 wall=605.1s
[spatial train] ppo_vector_canonical seed=829 iteration=79/200 episodes=948 difficulty=1.000 loss=-0.01396 wall=605.2s
[spatial train] ppo_vector_canonical seed=829 iteration=80/200 episodes=960 difficulty=1.000 loss=-0.00674 wall=607.9s
[spatial train] ppo_semantic_flat seed=829 iteration=79/200 episodes=948 difficulty=1.000 loss=0.04400 wall=609.6s
[spatial train] ppo_ontology_rgat seed=828 iteration=58/200 episodes=696 difficulty=1.000 loss=0.01322 wall=609.8s
[spatial train] ppo_vector_canonical seed=829 iteration=81/200 episodes=972 difficulty=1.000 loss=0.00702 wall=610.1s
[spatial train] ppo_semantic_flat seed=828 iteration=99/200 episodes=1188 difficulty=1.000 loss=0.02269 wall=611.5s
[spatial train] ppo_vector_canonical seed=829 iteration=82/200 episodes=984 difficulty=1.000 loss=0.00566 wall=612.8s
[spatial train] ppo_ontology_rgat seed=829 iteration=64/200 episodes=768 difficulty=1.000 loss=0.02474 wall=614.4s
[spatial train] ppo_vector_canonical seed=828 iteration=50/200 episodes=600 difficulty=1.000 loss=0.03094 wall=617.0s
[spatial train] ppo_vector_canonical seed=829 iteration=83/200 episodes=996 difficulty=1.000 loss=0.00992 wall=617.0s
[spatial train] ppo_semantic_flat seed=829 iteration=80/200 episodes=960 difficulty=1.000 loss=0.01033 wall=617.6s
[spatial train] ppo_vector_canonical seed=829 iteration=84/200 episodes=1008 difficulty=1.000 loss=0.01093 wall=619.5s
[spatial train] ppo_semantic_flat seed=828 iteration=100/200 episodes=1200 difficulty=1.000 loss=0.01075 wall=622.0s
[spatial train] ppo_vector_canonical seed=829 iteration=85/200 episodes=1020 difficulty=1.000 loss=-0.00050 wall=622.0s
[spatial train] ppo_ontology_rgat seed=828 iteration=59/200 episodes=708 difficulty=1.000 loss=0.01940 wall=622.1s
[spatial train] ppo_semantic_flat seed=829 iteration=81/200 episodes=972 difficulty=1.000 loss=0.00863 wall=623.6s
[spatial train] ppo_vector_canonical seed=829 iteration=86/200 episodes=1032 difficulty=1.000 loss=0.00614 wall=624.5s
[spatial train] ppo_ontology_rgat seed=829 iteration=65/200 episodes=780 difficulty=1.000 loss=0.01189 wall=624.8s
[spatial train] ppo_vector_canonical seed=828 iteration=51/200 episodes=612 difficulty=1.000 loss=0.02111 wall=628.2s
[spatial train] ppo_semantic_flat seed=829 iteration=82/200 episodes=984 difficulty=1.000 loss=0.03152 wall=628.1s
[spatial train] ppo_semantic_flat seed=828 iteration=101/200 episodes=1212 difficulty=1.000 loss=0.09285 wall=628.3s
[spatial train] ppo_vector_canonical seed=829 iteration=87/200 episodes=1044 difficulty=1.000 loss=0.01344 wall=629.3s
[spatial train] ppo_vector_canonical seed=829 iteration=88/200 episodes=1056 difficulty=1.000 loss=0.01250 wall=631.8s
[spatial train] ppo_ontology_rgat seed=829 iteration=66/200 episodes=792 difficulty=1.000 loss=0.01497 wall=632.4s
[spatial train] ppo_semantic_flat seed=828 iteration=102/200 episodes=1224 difficulty=1.000 loss=0.00885 wall=633.2s
[spatial train] ppo_semantic_flat seed=829 iteration=83/200 episodes=996 difficulty=1.000 loss=0.00969 wall=634.5s
[spatial train] ppo_vector_canonical seed=829 iteration=89/200 episodes=1068 difficulty=1.000 loss=0.00143 wall=636.3s
[spatial train] ppo_ontology_rgat seed=828 iteration=60/200 episodes=720 difficulty=1.000 loss=0.01812 wall=637.0s
[spatial train] ppo_vector_canonical seed=829 iteration=90/200 episodes=1080 difficulty=1.000 loss=0.03561 wall=639.1s
[spatial train] ppo_semantic_flat seed=828 iteration=103/200 episodes=1236 difficulty=1.000 loss=0.01185 wall=639.7s
[spatial train] ppo_semantic_flat seed=829 iteration=84/200 episodes=1008 difficulty=1.000 loss=0.00841 wall=640.5s
[spatial train] ppo_ontology_rgat seed=829 iteration=67/200 episodes=804 difficulty=1.000 loss=0.01563 wall=641.3s
[spatial train] ppo_ontology_rgat seed=828 iteration=61/200 episodes=732 difficulty=1.000 loss=0.04034 wall=643.3s
[spatial train] ppo_vector_canonical seed=828 iteration=52/200 episodes=624 difficulty=1.000 loss=0.01877 wall=644.5s
[spatial train] ppo_vector_canonical seed=829 iteration=91/200 episodes=1092 difficulty=1.000 loss=-0.05210 wall=645.4s
[spatial train] ppo_semantic_flat seed=828 iteration=104/200 episodes=1248 difficulty=1.000 loss=0.03712 wall=647.8s
[spatial train] ppo_semantic_flat seed=829 iteration=85/200 episodes=1020 difficulty=1.000 loss=-0.02018 wall=648.3s
[spatial train] ppo_vector_canonical seed=829 iteration=92/200 episodes=1104 difficulty=1.000 loss=-0.05043 wall=650.8s
[spatial train] ppo_ontology_rgat seed=828 iteration=62/200 episodes=744 difficulty=1.000 loss=0.02601 wall=652.4s
[spatial train] ppo_semantic_flat seed=828 iteration=105/200 episodes=1260 difficulty=1.000 loss=-0.05522 wall=653.3s
[spatial train] ppo_semantic_flat seed=829 iteration=86/200 episodes=1032 difficulty=1.000 loss=0.04482 wall=654.8s
[spatial train] ppo_semantic_flat seed=828 iteration=106/200 episodes=1272 difficulty=1.000 loss=0.02343 wall=656.7s
[spatial train] ppo_vector_canonical seed=829 iteration=93/200 episodes=1116 difficulty=1.000 loss=0.04973 wall=657.2s
[spatial train] ppo_vector_canonical seed=828 iteration=53/200 episodes=636 difficulty=1.000 loss=0.02440 wall=657.6s
[spatial train] ppo_ontology_rgat seed=829 iteration=68/200 episodes=816 difficulty=1.000 loss=-0.01561 wall=659.4s
[spatial train] ppo_semantic_flat seed=828 iteration=107/200 episodes=1284 difficulty=1.000 loss=0.01461 wall=660.5s
[spatial train] ppo_ontology_rgat seed=828 iteration=63/200 episodes=756 difficulty=1.000 loss=0.01785 wall=662.1s
[spatial train] ppo_semantic_flat seed=829 iteration=87/200 episodes=1044 difficulty=1.000 loss=0.01341 wall=663.8s
[spatial train] ppo_semantic_flat seed=828 iteration=108/200 episodes=1296 difficulty=1.000 loss=-0.00511 wall=664.0s
[spatial train] ppo_vector_canonical seed=829 iteration=94/200 episodes=1128 difficulty=1.000 loss=0.01719 wall=665.4s
[spatial train] ppo_ontology_rgat seed=829 iteration=69/200 episodes=828 difficulty=1.000 loss=0.02731 wall=667.7s
[spatial train] ppo_semantic_flat seed=828 iteration=109/200 episodes=1308 difficulty=1.000 loss=0.02447 wall=668.8s
[spatial train] ppo_vector_canonical seed=828 iteration=54/200 episodes=648 difficulty=1.000 loss=0.03661 wall=670.7s
[spatial train] ppo_semantic_flat seed=829 iteration=88/200 episodes=1056 difficulty=1.000 loss=0.01361 wall=671.4s
[spatial train] ppo_semantic_flat seed=828 iteration=110/200 episodes=1320 difficulty=1.000 loss=0.01582 wall=671.5s
[spatial train] ppo_ontology_rgat seed=828 iteration=64/200 episodes=768 difficulty=1.000 loss=0.02321 wall=671.6s
[spatial train] ppo_vector_canonical seed=829 iteration=95/200 episodes=1140 difficulty=1.000 loss=-0.09575 wall=673.0s
[spatial train] ppo_semantic_flat seed=828 iteration=111/200 episodes=1332 difficulty=1.000 loss=0.01163 wall=674.8s
[spatial train] ppo_semantic_flat seed=828 iteration=112/200 episodes=1344 difficulty=1.000 loss=-0.01343 wall=677.9s
[spatial train] ppo_ontology_rgat seed=829 iteration=70/200 episodes=840 difficulty=1.000 loss=0.02041 wall=679.2s
[spatial train] ppo_semantic_flat seed=829 iteration=89/200 episodes=1068 difficulty=1.000 loss=0.07894 wall=680.1s
[spatial train] ppo_ontology_rgat seed=828 iteration=65/200 episodes=780 difficulty=1.000 loss=0.04513 wall=680.2s
[spatial train] ppo_vector_canonical seed=829 iteration=96/200 episodes=1152 difficulty=1.000 loss=0.03553 wall=681.7s
[spatial train] ppo_semantic_flat seed=828 iteration=113/200 episodes=1356 difficulty=1.000 loss=-0.00694 wall=682.6s
[spatial train] ppo_vector_canonical seed=828 iteration=55/200 episodes=660 difficulty=1.000 loss=0.02189 wall=684.6s
[spatial train] ppo_semantic_flat seed=829 iteration=90/200 episodes=1080 difficulty=1.000 loss=0.16990 wall=685.1s
[spatial train] ppo_semantic_flat seed=828 iteration=114/200 episodes=1368 difficulty=1.000 loss=0.01805 wall=687.3s
[spatial train] ppo_vector_canonical seed=829 iteration=97/200 episodes=1164 difficulty=1.000 loss=0.14426 wall=690.2s
[spatial train] ppo_semantic_flat seed=828 iteration=115/200 episodes=1380 difficulty=1.000 loss=0.00828 wall=690.9s
[spatial train] ppo_semantic_flat seed=829 iteration=91/200 episodes=1092 difficulty=1.000 loss=0.03735 wall=691.2s
[spatial train] ppo_ontology_rgat seed=829 iteration=71/200 episodes=852 difficulty=1.000 loss=0.01492 wall=691.2s
[spatial train] ppo_vector_canonical seed=828 iteration=56/200 episodes=672 difficulty=1.000 loss=0.02971 wall=693.8s
[spatial train] ppo_semantic_flat seed=828 iteration=116/200 episodes=1392 difficulty=1.000 loss=0.00517 wall=693.8s
[spatial train] ppo_ontology_rgat seed=828 iteration=66/200 episodes=792 difficulty=1.000 loss=0.01753 wall=695.4s
[spatial train] ppo_semantic_flat seed=829 iteration=92/200 episodes=1104 difficulty=1.000 loss=0.02382 wall=696.4s
[spatial train] ppo_vector_canonical seed=829 iteration=98/200 episodes=1176 difficulty=1.000 loss=-0.04410 wall=700.5s
[spatial train] ppo_semantic_flat seed=828 iteration=117/200 episodes=1404 difficulty=1.000 loss=0.03081 wall=700.8s
[spatial train] ppo_semantic_flat seed=829 iteration=93/200 episodes=1116 difficulty=1.000 loss=-0.03386 wall=702.0s
[spatial train] ppo_ontology_rgat seed=829 iteration=72/200 episodes=864 difficulty=1.000 loss=-0.04458 wall=702.4s
[spatial train] ppo_semantic_flat seed=828 iteration=118/200 episodes=1416 difficulty=1.000 loss=0.01770 wall=705.3s
[spatial train] ppo_semantic_flat seed=829 iteration=94/200 episodes=1128 difficulty=1.000 loss=0.01829 wall=707.9s
[spatial train] ppo_semantic_flat seed=828 iteration=119/200 episodes=1428 difficulty=1.000 loss=0.02569 wall=708.4s
[spatial train] ppo_ontology_rgat seed=828 iteration=67/200 episodes=804 difficulty=1.000 loss=0.02322 wall=708.4s
[spatial train] ppo_vector_canonical seed=828 iteration=57/200 episodes=684 difficulty=1.000 loss=0.00395 wall=709.4s
[spatial train] ppo_semantic_flat seed=829 iteration=95/200 episodes=1140 difficulty=1.000 loss=-0.01588 wall=713.6s
[spatial train] ppo_vector_canonical seed=829 iteration=99/200 episodes=1188 difficulty=1.000 loss=0.06219 wall=713.7s
[spatial train] ppo_semantic_flat seed=828 iteration=120/200 episodes=1440 difficulty=1.000 loss=0.02186 wall=714.0s
[spatial train] ppo_ontology_rgat seed=829 iteration=73/200 episodes=876 difficulty=1.000 loss=0.02442 wall=714.5s
[spatial train] ppo_ontology_rgat seed=828 iteration=68/200 episodes=816 difficulty=1.000 loss=0.01889 wall=718.5s
[spatial train] ppo_semantic_flat seed=828 iteration=121/200 episodes=1452 difficulty=1.000 loss=-0.02507 wall=719.5s
[spatial train] ppo_vector_canonical seed=828 iteration=58/200 episodes=696 difficulty=1.000 loss=0.02336 wall=720.0s
[spatial train] ppo_semantic_flat seed=829 iteration=96/200 episodes=1152 difficulty=1.000 loss=0.01973 wall=720.7s
[spatial train] ppo_ontology_rgat seed=829 iteration=74/200 episodes=888 difficulty=1.000 loss=0.01876 wall=722.5s
[spatial train] ppo_semantic_flat seed=828 iteration=122/200 episodes=1464 difficulty=1.000 loss=0.00813 wall=725.5s
[spatial train] ppo_semantic_flat seed=829 iteration=97/200 episodes=1164 difficulty=1.000 loss=0.01737 wall=726.7s
[spatial train] ppo_vector_canonical seed=829 iteration=100/200 episodes=1200 difficulty=1.000 loss=0.08696 wall=730.1s
[spatial train] ppo_semantic_flat seed=828 iteration=123/200 episodes=1476 difficulty=1.000 loss=0.03372 wall=730.2s
[spatial train] ppo_ontology_rgat seed=828 iteration=69/200 episodes=828 difficulty=1.000 loss=0.01635 wall=731.6s
[spatial train] ppo_vector_canonical seed=828 iteration=59/200 episodes=708 difficulty=1.000 loss=-0.03083 wall=733.4s
[spatial train] ppo_semantic_flat seed=828 iteration=124/200 episodes=1488 difficulty=1.000 loss=0.01313 wall=733.7s
[spatial train] ppo_semantic_flat seed=829 iteration=98/200 episodes=1176 difficulty=1.000 loss=0.02643 wall=733.9s
[spatial train] ppo_ontology_rgat seed=829 iteration=75/200 episodes=900 difficulty=1.000 loss=0.01927 wall=736.4s
[spatial train] ppo_semantic_flat seed=829 iteration=99/200 episodes=1188 difficulty=1.000 loss=0.01215 wall=738.8s
[spatial train] ppo_semantic_flat seed=828 iteration=125/200 episodes=1500 difficulty=1.000 loss=0.02544 wall=739.7s
[spatial train] ppo_ontology_rgat seed=828 iteration=70/200 episodes=840 difficulty=1.000 loss=0.01864 wall=739.7s
[spatial train] ppo_vector_canonical seed=829 iteration=101/200 episodes=1212 difficulty=1.000 loss=0.04152 wall=742.1s
[spatial train] ppo_ontology_rgat seed=829 iteration=76/200 episodes=912 difficulty=1.000 loss=0.01451 wall=743.7s
[spatial train] ppo_semantic_flat seed=828 iteration=126/200 episodes=1512 difficulty=1.000 loss=0.01513 wall=744.6s
[spatial train] ppo_ontology_rgat seed=828 iteration=71/200 episodes=852 difficulty=1.000 loss=0.02324 wall=745.7s
[spatial train] ppo_semantic_flat seed=829 iteration=100/200 episodes=1200 difficulty=1.000 loss=0.01347 wall=746.9s
[spatial train] ppo_semantic_flat seed=828 iteration=127/200 episodes=1524 difficulty=1.000 loss=0.02995 wall=747.6s
[spatial train] ppo_vector_canonical seed=828 iteration=60/200 episodes=720 difficulty=1.000 loss=0.04493 wall=750.0s
[spatial train] ppo_vector_canonical seed=829 iteration=102/200 episodes=1224 difficulty=1.000 loss=0.03756 wall=752.9s
[spatial train] ppo_semantic_flat seed=828 iteration=128/200 episodes=1536 difficulty=1.000 loss=0.01250 wall=753.0s
[spatial train] ppo_ontology_rgat seed=829 iteration=77/200 episodes=924 difficulty=1.000 loss=0.03236 wall=753.1s
[spatial train] ppo_semantic_flat seed=829 iteration=101/200 episodes=1212 difficulty=1.000 loss=0.01885 wall=754.1s
[spatial train] ppo_ontology_rgat seed=828 iteration=72/200 episodes=864 difficulty=1.000 loss=0.01943 wall=755.2s
[spatial train] ppo_semantic_flat seed=828 iteration=129/200 episodes=1548 difficulty=1.000 loss=0.01152 wall=757.7s
[spatial train] ppo_semantic_flat seed=829 iteration=102/200 episodes=1224 difficulty=1.000 loss=0.01045 wall=759.4s
[spatial train] ppo_ontology_rgat seed=828 iteration=73/200 episodes=876 difficulty=1.000 loss=0.02879 wall=760.8s
[spatial train] ppo_semantic_flat seed=828 iteration=130/200 episodes=1560 difficulty=1.000 loss=0.01501 wall=761.1s
[spatial train] ppo_ontology_rgat seed=829 iteration=78/200 episodes=936 difficulty=1.000 loss=0.01866 wall=761.1s
[spatial train] ppo_vector_canonical seed=828 iteration=61/200 episodes=732 difficulty=1.000 loss=0.01693 wall=762.0s
[spatial train] ppo_semantic_flat seed=829 iteration=103/200 episodes=1236 difficulty=1.000 loss=-0.01243 wall=763.7s
[spatial train] ppo_vector_canonical seed=829 iteration=103/200 episodes=1236 difficulty=1.000 loss=0.02115 wall=764.7s
[spatial train] ppo_semantic_flat seed=829 iteration=104/200 episodes=1248 difficulty=1.000 loss=0.01499 wall=767.7s
[spatial train] ppo_semantic_flat seed=828 iteration=131/200 episodes=1572 difficulty=1.000 loss=0.01348 wall=768.0s
[spatial train] ppo_ontology_rgat seed=828 iteration=74/200 episodes=888 difficulty=1.000 loss=0.01442 wall=769.0s
[spatial train] ppo_ontology_rgat seed=829 iteration=79/200 episodes=948 difficulty=1.000 loss=0.01552 wall=769.7s
[spatial train] ppo_semantic_flat seed=828 iteration=132/200 episodes=1584 difficulty=1.000 loss=0.01376 wall=773.6s
[spatial train] ppo_vector_canonical seed=828 iteration=62/200 episodes=744 difficulty=1.000 loss=-0.00727 wall=774.0s
[spatial train] ppo_semantic_flat seed=829 iteration=105/200 episodes=1260 difficulty=1.000 loss=0.01810 wall=775.5s
[spatial train] ppo_ontology_rgat seed=828 iteration=75/200 episodes=900 difficulty=1.000 loss=-0.00479 wall=776.2s
[spatial train] ppo_vector_canonical seed=829 iteration=104/200 episodes=1248 difficulty=1.000 loss=0.01340 wall=776.3s
[spatial train] ppo_ontology_rgat seed=829 iteration=80/200 episodes=960 difficulty=1.000 loss=0.01162 wall=777.9s
[spatial train] ppo_semantic_flat seed=828 iteration=133/200 episodes=1596 difficulty=1.000 loss=0.05667 wall=778.4s
[spatial train] ppo_semantic_flat seed=829 iteration=106/200 episodes=1272 difficulty=1.000 loss=0.01662 wall=781.6s
[spatial train] ppo_ontology_rgat seed=828 iteration=76/200 episodes=912 difficulty=1.000 loss=0.01455 wall=784.0s
[spatial train] ppo_semantic_flat seed=828 iteration=134/200 episodes=1608 difficulty=1.000 loss=0.02231 wall=784.1s
[spatial train] ppo_ontology_rgat seed=829 iteration=81/200 episodes=972 difficulty=1.000 loss=0.00761 wall=784.4s
[spatial train] ppo_semantic_flat seed=829 iteration=107/200 episodes=1284 difficulty=1.000 loss=0.01356 wall=788.3s
[spatial train] ppo_semantic_flat seed=828 iteration=135/200 episodes=1620 difficulty=1.000 loss=0.00720 wall=788.3s
[spatial train] ppo_vector_canonical seed=828 iteration=63/200 episodes=756 difficulty=1.000 loss=0.04261 wall=789.0s
[spatial train] ppo_ontology_rgat seed=829 iteration=82/200 episodes=984 difficulty=1.000 loss=0.01324 wall=789.8s
[spatial train] ppo_semantic_flat seed=829 iteration=108/200 episodes=1296 difficulty=1.000 loss=0.02334 wall=791.8s
[spatial train] ppo_semantic_flat seed=828 iteration=136/200 episodes=1632 difficulty=1.000 loss=0.01817 wall=792.2s
[spatial train] ppo_vector_canonical seed=829 iteration=105/200 episodes=1260 difficulty=1.000 loss=0.02223 wall=793.2s
[spatial train] ppo_semantic_flat seed=828 iteration=137/200 episodes=1644 difficulty=1.000 loss=0.01092 wall=796.0s
[spatial train] ppo_ontology_rgat seed=828 iteration=77/200 episodes=924 difficulty=1.000 loss=0.01745 wall=796.1s
[spatial train] ppo_ontology_rgat seed=829 iteration=83/200 episodes=996 difficulty=1.000 loss=0.00767 wall=797.6s
[spatial train] ppo_semantic_flat seed=829 iteration=109/200 episodes=1308 difficulty=1.000 loss=0.04169 wall=797.8s
[spatial train] ppo_semantic_flat seed=828 iteration=138/200 episodes=1656 difficulty=1.000 loss=0.01116 wall=801.8s
[spatial train] ppo_ontology_rgat seed=828 iteration=78/200 episodes=936 difficulty=1.000 loss=0.00723 wall=802.5s
[spatial train] ppo_semantic_flat seed=829 iteration=110/200 episodes=1320 difficulty=1.000 loss=-0.00231 wall=802.8s
[spatial train] ppo_ontology_rgat seed=829 iteration=84/200 episodes=1008 difficulty=1.000 loss=0.05921 wall=803.7s
[spatial train] ppo_vector_canonical seed=828 iteration=64/200 episodes=768 difficulty=1.000 loss=0.02004 wall=804.9s
[spatial train] ppo_semantic_flat seed=828 iteration=139/200 episodes=1668 difficulty=1.000 loss=-0.00636 wall=806.1s
[spatial train] ppo_vector_canonical seed=829 iteration=106/200 episodes=1272 difficulty=1.000 loss=-0.02567 wall=806.4s
[spatial train] ppo_semantic_flat seed=829 iteration=111/200 episodes=1332 difficulty=1.000 loss=0.02457 wall=806.8s
[spatial train] ppo_ontology_rgat seed=828 iteration=79/200 episodes=948 difficulty=1.000 loss=0.06632 wall=807.9s
[spatial train] ppo_ontology_rgat seed=829 iteration=85/200 episodes=1020 difficulty=1.000 loss=0.00843 wall=809.9s
[spatial train] ppo_semantic_flat seed=829 iteration=112/200 episodes=1344 difficulty=1.000 loss=-0.02416 wall=811.2s
[spatial train] ppo_semantic_flat seed=828 iteration=140/200 episodes=1680 difficulty=1.000 loss=0.00989 wall=811.7s
[spatial train] ppo_ontology_rgat seed=829 iteration=86/200 episodes=1032 difficulty=1.000 loss=0.02132 wall=813.8s
[spatial train] ppo_semantic_flat seed=828 iteration=141/200 episodes=1692 difficulty=1.000 loss=0.01021 wall=816.0s
[spatial train] ppo_vector_canonical seed=828 iteration=65/200 episodes=780 difficulty=1.000 loss=0.01912 wall=816.8s
[spatial train] ppo_semantic_flat seed=829 iteration=113/200 episodes=1356 difficulty=1.000 loss=0.07584 wall=818.5s
[spatial train] ppo_vector_canonical seed=829 iteration=107/200 episodes=1284 difficulty=1.000 loss=-0.00563 wall=818.6s
[spatial train] ppo_semantic_flat seed=828 iteration=142/200 episodes=1704 difficulty=1.000 loss=0.01882 wall=819.8s
[spatial train] ppo_ontology_rgat seed=829 iteration=87/200 episodes=1044 difficulty=1.000 loss=0.01218 wall=821.8s
[spatial train] ppo_ontology_rgat seed=828 iteration=80/200 episodes=960 difficulty=1.000 loss=0.02153 wall=821.9s
[spatial train] ppo_semantic_flat seed=829 iteration=114/200 episodes=1368 difficulty=1.000 loss=-0.03101 wall=822.7s
[spatial train] ppo_semantic_flat seed=828 iteration=143/200 episodes=1716 difficulty=1.000 loss=0.02162 wall=824.9s
[spatial train] ppo_ontology_rgat seed=829 iteration=88/200 episodes=1056 difficulty=1.000 loss=0.03688 wall=826.3s
[spatial train] ppo_semantic_flat seed=829 iteration=115/200 episodes=1380 difficulty=1.000 loss=-0.01656 wall=829.3s
[spatial train] ppo_vector_canonical seed=828 iteration=66/200 episodes=792 difficulty=1.000 loss=0.01739 wall=830.6s
[spatial train] ppo_ontology_rgat seed=828 iteration=81/200 episodes=972 difficulty=1.000 loss=0.02036 wall=830.5s
[spatial train] ppo_semantic_flat seed=828 iteration=144/200 episodes=1728 difficulty=1.000 loss=0.01559 wall=830.8s
[spatial train] ppo_vector_canonical seed=829 iteration=108/200 episodes=1296 difficulty=1.000 loss=0.02393 wall=831.9s
[spatial train] ppo_ontology_rgat seed=829 iteration=89/200 episodes=1068 difficulty=1.000 loss=0.02033 wall=833.3s
[spatial train] ppo_semantic_flat seed=828 iteration=145/200 episodes=1740 difficulty=1.000 loss=0.01026 wall=833.4s
[spatial train] ppo_semantic_flat seed=829 iteration=116/200 episodes=1392 difficulty=1.000 loss=-0.06183 wall=834.1s
[spatial train] ppo_ontology_rgat seed=828 iteration=82/200 episodes=984 difficulty=1.000 loss=0.01725 wall=836.9s
[spatial train] ppo_ontology_rgat seed=829 iteration=90/200 episodes=1080 difficulty=1.000 loss=-0.06055 wall=837.2s
[spatial train] ppo_semantic_flat seed=828 iteration=146/200 episodes=1752 difficulty=1.000 loss=0.03271 wall=839.6s
[spatial train] ppo_semantic_flat seed=829 iteration=117/200 episodes=1404 difficulty=1.000 loss=0.13883 wall=840.7s
[spatial train] ppo_ontology_rgat seed=828 iteration=83/200 episodes=996 difficulty=1.000 loss=0.00793 wall=842.0s
[spatial train] ppo_ontology_rgat seed=829 iteration=91/200 episodes=1092 difficulty=1.000 loss=-0.00555 wall=842.3s
[spatial train] ppo_semantic_flat seed=828 iteration=147/200 episodes=1764 difficulty=1.000 loss=0.02509 wall=844.0s
[spatial train] ppo_vector_canonical seed=829 iteration=109/200 episodes=1308 difficulty=1.000 loss=-0.00345 wall=845.4s
[spatial train] ppo_vector_canonical seed=828 iteration=67/200 episodes=804 difficulty=1.000 loss=-0.00130 wall=845.5s
[spatial train] ppo_ontology_rgat seed=829 iteration=92/200 episodes=1104 difficulty=1.000 loss=0.01073 wall=846.6s
[spatial train] ppo_semantic_flat seed=829 iteration=118/200 episodes=1416 difficulty=1.000 loss=0.01331 wall=847.2s
[spatial train] ppo_semantic_flat seed=828 iteration=148/200 episodes=1776 difficulty=1.000 loss=0.03298 wall=847.8s
[spatial train] ppo_ontology_rgat seed=828 iteration=84/200 episodes=1008 difficulty=1.000 loss=0.01203 wall=848.2s
[spatial train] ppo_ontology_rgat seed=829 iteration=93/200 episodes=1116 difficulty=1.000 loss=0.00872 wall=853.4s
[spatial train] ppo_semantic_flat seed=828 iteration=149/200 episodes=1788 difficulty=1.000 loss=-0.03080 wall=854.0s
[spatial train] ppo_vector_canonical seed=829 iteration=110/200 episodes=1320 difficulty=1.000 loss=-0.00001 wall=856.4s
[spatial train] ppo_semantic_flat seed=829 iteration=119/200 episodes=1428 difficulty=1.000 loss=0.01528 wall=856.4s
[spatial train] ppo_ontology_rgat seed=828 iteration=85/200 episodes=1020 difficulty=1.000 loss=0.01305 wall=858.0s
[spatial train] ppo_semantic_flat seed=828 iteration=150/200 episodes=1800 difficulty=1.000 loss=-0.03579 wall=858.1s
[spatial train] ppo_vector_canonical seed=828 iteration=68/200 episodes=816 difficulty=1.000 loss=-0.00879 wall=858.3s
[spatial train] ppo_ontology_rgat seed=829 iteration=94/200 episodes=1128 difficulty=1.000 loss=0.00651 wall=858.7s
[spatial train] ppo_semantic_flat seed=828 iteration=151/200 episodes=1812 difficulty=1.000 loss=0.01426 wall=862.4s
[spatial train] ppo_ontology_rgat seed=829 iteration=95/200 episodes=1140 difficulty=1.000 loss=0.01267 wall=863.2s
[spatial train] ppo_vector_canonical seed=829 iteration=111/200 episodes=1332 difficulty=1.000 loss=0.00502 wall=865.5s
[spatial train] ppo_ontology_rgat seed=828 iteration=86/200 episodes=1032 difficulty=1.000 loss=0.02342 wall=866.4s
[spatial train] ppo_semantic_flat seed=828 iteration=152/200 episodes=1824 difficulty=1.000 loss=0.01538 wall=867.0s
[spatial train] ppo_ontology_rgat seed=829 iteration=96/200 episodes=1152 difficulty=1.000 loss=0.01051 wall=869.1s
[spatial train] ppo_vector_canonical seed=828 iteration=69/200 episodes=828 difficulty=1.000 loss=0.06629 wall=871.0s
[spatial train] ppo_semantic_flat seed=829 iteration=120/200 episodes=1440 difficulty=1.000 loss=0.01691 wall=871.5s
[spatial train] ppo_semantic_flat seed=828 iteration=153/200 episodes=1836 difficulty=1.000 loss=0.01275 wall=871.6s
[spatial train] ppo_ontology_rgat seed=828 iteration=87/200 episodes=1044 difficulty=1.000 loss=0.02029 wall=873.1s
[spatial train] ppo_semantic_flat seed=828 iteration=154/200 episodes=1848 difficulty=1.000 loss=0.00867 wall=875.6s
[spatial train] ppo_vector_canonical seed=829 iteration=112/200 episodes=1344 difficulty=1.000 loss=-0.04428 wall=875.9s
[spatial train] ppo_ontology_rgat seed=829 iteration=97/200 episodes=1164 difficulty=1.000 loss=-0.01599 wall=876.6s
[spatial train] ppo_ontology_rgat seed=828 iteration=88/200 episodes=1056 difficulty=1.000 loss=0.01134 wall=879.3s
[spatial train] ppo_semantic_flat seed=828 iteration=155/200 episodes=1860 difficulty=1.000 loss=0.01445 wall=879.5s
[spatial train] ppo_semantic_flat seed=829 iteration=121/200 episodes=1452 difficulty=1.000 loss=0.01485 wall=880.2s
[spatial train] ppo_vector_canonical seed=828 iteration=70/200 episodes=840 difficulty=1.000 loss=0.01769 wall=881.7s
[spatial train] ppo_ontology_rgat seed=829 iteration=98/200 episodes=1176 difficulty=1.000 loss=0.01172 wall=882.0s
[spatial train] ppo_vector_canonical seed=829 iteration=113/200 episodes=1356 difficulty=1.000 loss=0.04836 wall=886.0s
[spatial train] ppo_ontology_rgat seed=829 iteration=99/200 episodes=1188 difficulty=1.000 loss=0.00498 wall=886.7s
[spatial train] ppo_semantic_flat seed=828 iteration=156/200 episodes=1872 difficulty=1.000 loss=0.01952 wall=886.8s
[spatial train] ppo_semantic_flat seed=829 iteration=122/200 episodes=1464 difficulty=1.000 loss=0.00306 wall=887.0s
[spatial train] ppo_ontology_rgat seed=828 iteration=89/200 episodes=1068 difficulty=1.000 loss=0.01699 wall=888.9s
[spatial train] ppo_vector_canonical seed=828 iteration=71/200 episodes=852 difficulty=1.000 loss=0.01839 wall=889.0s
[spatial train] ppo_semantic_flat seed=828 iteration=157/200 episodes=1884 difficulty=1.000 loss=0.00734 wall=892.6s
[spatial train] ppo_semantic_flat seed=829 iteration=123/200 episodes=1476 difficulty=1.000 loss=0.01507 wall=893.9s
[spatial train] ppo_ontology_rgat seed=829 iteration=100/200 episodes=1200 difficulty=1.000 loss=0.00309 wall=894.3s
[spatial train] ppo_vector_canonical seed=829 iteration=114/200 episodes=1368 difficulty=1.000 loss=0.00519 wall=897.0s
[spatial train] ppo_ontology_rgat seed=828 iteration=90/200 episodes=1080 difficulty=1.000 loss=0.02107 wall=898.5s
[spatial train] ppo_semantic_flat seed=828 iteration=158/200 episodes=1896 difficulty=1.000 loss=0.01331 wall=899.0s
[spatial train] ppo_ontology_rgat seed=829 iteration=101/200 episodes=1212 difficulty=1.000 loss=0.00978 wall=899.8s
[spatial train] ppo_vector_canonical seed=828 iteration=72/200 episodes=864 difficulty=1.000 loss=-0.00048 wall=900.1s
[spatial train] ppo_semantic_flat seed=829 iteration=124/200 episodes=1488 difficulty=1.000 loss=0.04323 wall=903.0s
[spatial train] ppo_ontology_rgat seed=828 iteration=91/200 episodes=1092 difficulty=1.000 loss=0.03160 wall=904.2s
[spatial train] ppo_semantic_flat seed=828 iteration=159/200 episodes=1908 difficulty=1.000 loss=0.02148 wall=904.5s
[spatial train] ppo_ontology_rgat seed=829 iteration=102/200 episodes=1224 difficulty=1.000 loss=0.02073 wall=904.6s
[spatial train] ppo_ontology_rgat seed=829 iteration=103/200 episodes=1236 difficulty=1.000 loss=0.01796 wall=908.1s
[spatial train] ppo_ontology_rgat seed=828 iteration=92/200 episodes=1104 difficulty=1.000 loss=-0.07903 wall=909.9s
[spatial train] ppo_vector_canonical seed=829 iteration=115/200 episodes=1380 difficulty=1.000 loss=0.02553 wall=909.9s
[spatial train] ppo_vector_canonical seed=828 iteration=73/200 episodes=876 difficulty=1.000 loss=0.01960 wall=910.0s
[spatial train] ppo_semantic_flat seed=829 iteration=125/200 episodes=1500 difficulty=1.000 loss=-0.06271 wall=911.3s
[spatial train] ppo_semantic_flat seed=828 iteration=160/200 episodes=1920 difficulty=1.000 loss=0.01999 wall=912.3s
[spatial train] ppo_ontology_rgat seed=829 iteration=104/200 episodes=1248 difficulty=1.000 loss=0.01548 wall=912.9s
[spatial train] ppo_ontology_rgat seed=828 iteration=93/200 episodes=1116 difficulty=1.000 loss=0.07940 wall=915.2s
[spatial train] ppo_semantic_flat seed=829 iteration=126/200 episodes=1512 difficulty=1.000 loss=0.01721 wall=920.1s
[spatial train] ppo_semantic_flat seed=828 iteration=161/200 episodes=1932 difficulty=1.000 loss=-0.01526 wall=922.7s
[spatial train] ppo_ontology_rgat seed=828 iteration=94/200 episodes=1128 difficulty=1.000 loss=0.05313 wall=922.7s
[spatial train] ppo_vector_canonical seed=828 iteration=74/200 episodes=888 difficulty=1.000 loss=0.01186 wall=922.9s
[spatial train] ppo_ontology_rgat seed=829 iteration=105/200 episodes=1260 difficulty=1.000 loss=0.02173 wall=924.9s
[spatial train] ppo_vector_canonical seed=829 iteration=116/200 episodes=1392 difficulty=1.000 loss=0.02644 wall=925.8s
[spatial train] ppo_semantic_flat seed=828 iteration=162/200 episodes=1944 difficulty=1.000 loss=0.01422 wall=930.4s
[spatial train] ppo_semantic_flat seed=829 iteration=127/200 episodes=1524 difficulty=1.000 loss=0.00015 wall=931.1s
[spatial train] ppo_vector_canonical seed=828 iteration=75/200 episodes=900 difficulty=1.000 loss=0.00448 wall=935.8s
[spatial train] ppo_ontology_rgat seed=828 iteration=95/200 episodes=1140 difficulty=1.000 loss=0.09049 wall=936.7s
[spatial train] ppo_ontology_rgat seed=829 iteration=106/200 episodes=1272 difficulty=1.000 loss=0.00535 wall=937.7s
[spatial train] ppo_semantic_flat seed=828 iteration=163/200 episodes=1956 difficulty=1.000 loss=0.01402 wall=939.7s
[spatial train] ppo_semantic_flat seed=829 iteration=128/200 episodes=1536 difficulty=1.000 loss=0.00233 wall=942.2s
[spatial train] ppo_ontology_rgat seed=828 iteration=96/200 episodes=1152 difficulty=1.000 loss=0.01851 wall=943.8s
[spatial train] ppo_ontology_rgat seed=829 iteration=107/200 episodes=1284 difficulty=1.000 loss=-0.00005 wall=946.3s
[spatial train] ppo_vector_canonical seed=828 iteration=76/200 episodes=912 difficulty=1.000 loss=0.01968 wall=948.1s
[spatial train] ppo_semantic_flat seed=828 iteration=164/200 episodes=1968 difficulty=1.000 loss=0.01350 wall=949.5s
[spatial train] ppo_vector_canonical seed=829 iteration=117/200 episodes=1404 difficulty=1.000 loss=-0.09926 wall=949.4s
[spatial train] ppo_semantic_flat seed=829 iteration=129/200 episodes=1548 difficulty=1.000 loss=0.01986 wall=950.6s
[spatial train] ppo_ontology_rgat seed=829 iteration=108/200 episodes=1296 difficulty=1.000 loss=0.00741 wall=953.8s
[spatial train] ppo_ontology_rgat seed=828 iteration=97/200 episodes=1164 difficulty=1.000 loss=0.01531 wall=958.1s
[spatial train] ppo_semantic_flat seed=829 iteration=130/200 episodes=1560 difficulty=1.000 loss=0.00914 wall=958.2s
[spatial train] ppo_semantic_flat seed=828 iteration=165/200 episodes=1980 difficulty=1.000 loss=0.01812 wall=959.8s
[spatial train] ppo_ontology_rgat seed=829 iteration=109/200 episodes=1308 difficulty=1.000 loss=0.01871 wall=960.7s
[spatial train] ppo_vector_canonical seed=828 iteration=77/200 episodes=924 difficulty=1.000 loss=0.02773 wall=962.5s
[spatial train] ppo_semantic_flat seed=829 iteration=131/200 episodes=1572 difficulty=1.000 loss=0.02493 wall=963.5s
[spatial train] ppo_semantic_flat seed=828 iteration=166/200 episodes=1992 difficulty=1.000 loss=0.03995 wall=964.0s
[spatial train] ppo_ontology_rgat seed=828 iteration=98/200 episodes=1176 difficulty=1.000 loss=0.00779 wall=964.9s
[spatial train] ppo_ontology_rgat seed=829 iteration=110/200 episodes=1320 difficulty=1.000 loss=0.02627 wall=966.2s
[spatial train] ppo_vector_canonical seed=829 iteration=118/200 episodes=1416 difficulty=1.000 loss=-0.02410 wall=966.6s
[spatial train] ppo_semantic_flat seed=828 iteration=167/200 episodes=2004 difficulty=1.000 loss=0.01470 wall=968.3s
[spatial train] ppo_semantic_flat seed=829 iteration=132/200 episodes=1584 difficulty=1.000 loss=0.00993 wall=969.1s
[spatial train] ppo_ontology_rgat seed=829 iteration=111/200 episodes=1332 difficulty=1.000 loss=0.00541 wall=970.5s
[spatial train] ppo_vector_canonical seed=828 iteration=78/200 episodes=936 difficulty=1.000 loss=0.01675 wall=972.4s
[spatial train] ppo_semantic_flat seed=828 iteration=168/200 episodes=2016 difficulty=1.000 loss=0.02087 wall=974.0s
[spatial train] ppo_semantic_flat seed=829 iteration=133/200 episodes=1596 difficulty=1.000 loss=0.06411 wall=974.4s
[spatial train] ppo_ontology_rgat seed=828 iteration=99/200 episodes=1188 difficulty=1.000 loss=0.07073 wall=974.6s
[spatial train] ppo_ontology_rgat seed=829 iteration=112/200 episodes=1344 difficulty=1.000 loss=-0.01350 wall=975.8s
[spatial train] ppo_vector_canonical seed=829 iteration=119/200 episodes=1428 difficulty=1.000 loss=-0.02611 wall=977.4s
[spatial train] ppo_semantic_flat seed=828 iteration=169/200 episodes=2028 difficulty=1.000 loss=0.02052 wall=978.5s
[spatial train] ppo_vector_canonical seed=828 iteration=79/200 episodes=948 difficulty=1.000 loss=0.01921 wall=980.0s
[spatial train] ppo_semantic_flat seed=829 iteration=134/200 episodes=1608 difficulty=1.000 loss=-0.01628 wall=980.2s
[spatial train] ppo_ontology_rgat seed=829 iteration=113/200 episodes=1356 difficulty=1.000 loss=0.01369 wall=982.6s
[spatial train] ppo_semantic_flat seed=829 iteration=135/200 episodes=1620 difficulty=1.000 loss=0.05481 wall=984.5s
[spatial train] ppo_semantic_flat seed=828 iteration=170/200 episodes=2040 difficulty=1.000 loss=0.01526 wall=985.9s
[spatial train] ppo_ontology_rgat seed=828 iteration=100/200 episodes=1200 difficulty=1.000 loss=0.01623 wall=986.2s
[spatial train] ppo_ontology_rgat seed=829 iteration=114/200 episodes=1368 difficulty=1.000 loss=0.01651 wall=987.0s
[spatial train] ppo_semantic_flat seed=829 iteration=136/200 episodes=1632 difficulty=1.000 loss=0.01978 wall=988.7s
[spatial train] ppo_vector_canonical seed=829 iteration=120/200 episodes=1440 difficulty=1.000 loss=0.10311 wall=991.7s
[spatial train] ppo_semantic_flat seed=829 iteration=137/200 episodes=1644 difficulty=1.000 loss=0.01430 wall=991.9s
[spatial train] ppo_ontology_rgat seed=828 iteration=101/200 episodes=1212 difficulty=1.000 loss=0.01957 wall=992.0s
[spatial train] ppo_semantic_flat seed=828 iteration=171/200 episodes=2052 difficulty=1.000 loss=0.01193 wall=992.3s
[spatial train] ppo_vector_canonical seed=828 iteration=80/200 episodes=960 difficulty=1.000 loss=0.01696 wall=992.5s
[spatial train] ppo_ontology_rgat seed=829 iteration=115/200 episodes=1380 difficulty=1.000 loss=0.00215 wall=993.6s
[spatial train] ppo_semantic_flat seed=829 iteration=138/200 episodes=1656 difficulty=1.000 loss=-0.02269 wall=996.1s
[spatial train] ppo_ontology_rgat seed=829 iteration=116/200 episodes=1392 difficulty=1.000 loss=0.02998 wall=997.3s
[spatial train] ppo_ontology_rgat seed=828 iteration=102/200 episodes=1224 difficulty=1.000 loss=0.01296 wall=997.7s
[spatial train] ppo_semantic_flat seed=828 iteration=172/200 episodes=2064 difficulty=1.000 loss=0.01829 wall=997.9s
[spatial train] ppo_vector_canonical seed=829 iteration=121/200 episodes=1452 difficulty=1.000 loss=0.02518 wall=998.7s
[spatial train] ppo_semantic_flat seed=829 iteration=139/200 episodes=1668 difficulty=1.000 loss=-0.10835 wall=999.4s
[spatial train] ppo_ontology_rgat seed=829 iteration=117/200 episodes=1404 difficulty=1.000 loss=0.01061 wall=1002.3s
[spatial train] ppo_vector_canonical seed=828 iteration=81/200 episodes=972 difficulty=1.000 loss=0.01696 wall=1004.3s
[spatial train] ppo_semantic_flat seed=828 iteration=173/200 episodes=2076 difficulty=1.000 loss=0.01838 wall=1004.4s
[spatial train] ppo_ontology_rgat seed=828 iteration=103/200 episodes=1236 difficulty=1.000 loss=0.01065 wall=1005.6s
[spatial train] ppo_vector_canonical seed=829 iteration=122/200 episodes=1464 difficulty=1.000 loss=0.01213 wall=1008.4s
[spatial train] ppo_ontology_rgat seed=829 iteration=118/200 episodes=1416 difficulty=1.000 loss=0.00914 wall=1008.4s
[spatial train] ppo_semantic_flat seed=829 iteration=140/200 episodes=1680 difficulty=1.000 loss=-0.00816 wall=1009.3s
[spatial train] ppo_semantic_flat seed=828 iteration=174/200 episodes=2088 difficulty=1.000 loss=0.01608 wall=1009.5s
[spatial train] ppo_vector_canonical seed=828 iteration=82/200 episodes=984 difficulty=1.000 loss=0.02691 wall=1012.4s
[spatial train] ppo_ontology_rgat seed=829 iteration=119/200 episodes=1428 difficulty=1.000 loss=0.01148 wall=1013.0s
[spatial train] ppo_semantic_flat seed=829 iteration=141/200 episodes=1692 difficulty=1.000 loss=0.01119 wall=1014.4s
[spatial train] ppo_semantic_flat seed=828 iteration=175/200 episodes=2100 difficulty=1.000 loss=0.01838 wall=1015.5s
[spatial train] ppo_ontology_rgat seed=828 iteration=104/200 episodes=1248 difficulty=1.000 loss=0.01624 wall=1016.0s
[spatial train] ppo_semantic_flat seed=829 iteration=142/200 episodes=1704 difficulty=1.000 loss=0.01004 wall=1018.8s
[spatial train] ppo_vector_canonical seed=829 iteration=123/200 episodes=1476 difficulty=1.000 loss=0.01337 wall=1019.1s
[spatial train] ppo_semantic_flat seed=828 iteration=176/200 episodes=2112 difficulty=1.000 loss=0.00850 wall=1020.1s
[spatial train] ppo_vector_canonical seed=828 iteration=83/200 episodes=996 difficulty=1.000 loss=0.02478 wall=1020.5s
[spatial train] ppo_ontology_rgat seed=829 iteration=120/200 episodes=1440 difficulty=1.000 loss=0.01482 wall=1022.8s
[spatial train] ppo_semantic_flat seed=829 iteration=143/200 episodes=1716 difficulty=1.000 loss=-0.03659 wall=1023.7s
[spatial train] ppo_ontology_rgat seed=828 iteration=105/200 episodes=1260 difficulty=1.000 loss=0.03040 wall=1024.3s
[spatial train] ppo_semantic_flat seed=828 iteration=177/200 episodes=2124 difficulty=1.000 loss=0.01372 wall=1025.9s
[spatial train] ppo_ontology_rgat seed=829 iteration=121/200 episodes=1452 difficulty=1.000 loss=0.01346 wall=1026.7s
[spatial train] ppo_semantic_flat seed=829 iteration=144/200 episodes=1728 difficulty=1.000 loss=0.01992 wall=1028.4s
[spatial train] ppo_ontology_rgat seed=828 iteration=106/200 episodes=1272 difficulty=1.000 loss=0.03572 wall=1029.6s
[spatial train] ppo_vector_canonical seed=829 iteration=124/200 episodes=1488 difficulty=1.000 loss=-0.06653 wall=1030.1s
[spatial train] ppo_semantic_flat seed=828 iteration=178/200 episodes=2136 difficulty=1.000 loss=0.03265 wall=1030.4s
[spatial train] ppo_ontology_rgat seed=829 iteration=122/200 episodes=1464 difficulty=1.000 loss=0.00405 wall=1031.3s
[spatial train] ppo_vector_canonical seed=828 iteration=84/200 episodes=1008 difficulty=1.000 loss=0.04741 wall=1031.4s
[spatial train] ppo_semantic_flat seed=829 iteration=145/200 episodes=1740 difficulty=1.000 loss=0.02246 wall=1034.7s
[spatial train] ppo_semantic_flat seed=828 iteration=179/200 episodes=2148 difficulty=1.000 loss=0.02600 wall=1034.7s
[spatial train] ppo_ontology_rgat seed=828 iteration=107/200 episodes=1284 difficulty=1.000 loss=0.01250 wall=1034.9s
[spatial train] ppo_ontology_rgat seed=829 iteration=123/200 episodes=1476 difficulty=1.000 loss=0.02191 wall=1035.7s
[spatial train] ppo_semantic_flat seed=829 iteration=146/200 episodes=1752 difficulty=1.000 loss=0.02378 wall=1039.2s
[spatial train] ppo_vector_canonical seed=829 iteration=125/200 episodes=1500 difficulty=1.000 loss=0.00441 wall=1040.7s
[spatial train] ppo_semantic_flat seed=828 iteration=180/200 episodes=2160 difficulty=1.000 loss=0.02753 wall=1041.0s
[spatial train] ppo_vector_canonical seed=828 iteration=85/200 episodes=1020 difficulty=1.000 loss=0.02187 wall=1041.2s
[spatial train] ppo_ontology_rgat seed=828 iteration=108/200 episodes=1296 difficulty=1.000 loss=0.00987 wall=1041.6s
[spatial train] ppo_semantic_flat seed=829 iteration=147/200 episodes=1764 difficulty=1.000 loss=-0.04458 wall=1043.0s
[spatial train] ppo_ontology_rgat seed=829 iteration=124/200 episodes=1488 difficulty=1.000 loss=0.03846 wall=1043.7s
[spatial train] ppo_semantic_flat seed=828 iteration=181/200 episodes=2172 difficulty=1.000 loss=-0.00925 wall=1045.2s
[spatial train] ppo_semantic_flat seed=829 iteration=148/200 episodes=1776 difficulty=1.000 loss=0.00358 wall=1046.9s
[spatial train] ppo_ontology_rgat seed=829 iteration=125/200 episodes=1500 difficulty=1.000 loss=0.00857 wall=1048.1s
[spatial train] ppo_semantic_flat seed=828 iteration=182/200 episodes=2184 difficulty=1.000 loss=-0.06611 wall=1049.1s
[spatial train] ppo_ontology_rgat seed=828 iteration=109/200 episodes=1308 difficulty=1.000 loss=0.04175 wall=1049.8s
[spatial train] ppo_semantic_flat seed=829 iteration=149/200 episodes=1788 difficulty=1.000 loss=0.02665 wall=1051.5s
[spatial train] ppo_vector_canonical seed=828 iteration=86/200 episodes=1032 difficulty=1.000 loss=0.04064 wall=1052.2s
[spatial train] ppo_semantic_flat seed=828 iteration=183/200 episodes=2196 difficulty=1.000 loss=0.04790 wall=1053.7s
[spatial train] ppo_ontology_rgat seed=828 iteration=110/200 episodes=1320 difficulty=1.000 loss=0.00942 wall=1054.4s
[spatial train] ppo_ontology_rgat seed=829 iteration=126/200 episodes=1512 difficulty=1.000 loss=-0.00396 wall=1054.5s
[spatial train] ppo_vector_canonical seed=829 iteration=126/200 episodes=1512 difficulty=1.000 loss=0.04845 wall=1055.6s
[spatial train] ppo_semantic_flat seed=829 iteration=150/200 episodes=1800 difficulty=1.000 loss=0.01666 wall=1057.2s
[spatial train] ppo_semantic_flat seed=828 iteration=184/200 episodes=2208 difficulty=1.000 loss=0.01031 wall=1057.4s
[spatial train] ppo_ontology_rgat seed=829 iteration=127/200 episodes=1524 difficulty=1.000 loss=0.01791 wall=1059.0s
[spatial train] ppo_ontology_rgat seed=828 iteration=111/200 episodes=1332 difficulty=1.000 loss=0.00749 wall=1059.9s
[spatial train] ppo_semantic_flat seed=828 iteration=185/200 episodes=2220 difficulty=1.000 loss=0.01810 wall=1061.8s
[spatial train] ppo_semantic_flat seed=829 iteration=151/200 episodes=1812 difficulty=1.000 loss=0.00911 wall=1062.2s
[spatial train] ppo_ontology_rgat seed=829 iteration=128/200 episodes=1536 difficulty=1.000 loss=0.04301 wall=1063.9s
[spatial train] ppo_vector_canonical seed=829 iteration=127/200 episodes=1524 difficulty=1.000 loss=0.00893 wall=1064.5s
[spatial train] ppo_vector_canonical seed=828 iteration=87/200 episodes=1044 difficulty=1.000 loss=0.02985 wall=1064.7s
[spatial train] ppo_semantic_flat seed=828 iteration=186/200 episodes=2232 difficulty=1.000 loss=0.02071 wall=1064.7s
[spatial train] ppo_ontology_rgat seed=828 iteration=112/200 episodes=1344 difficulty=1.000 loss=0.01726 wall=1064.8s
[spatial train] ppo_semantic_flat seed=829 iteration=152/200 episodes=1824 difficulty=1.000 loss=0.10792 wall=1066.5s
[spatial train] ppo_ontology_rgat seed=829 iteration=129/200 episodes=1548 difficulty=1.000 loss=0.01188 wall=1069.7s
[spatial train] ppo_semantic_flat seed=828 iteration=187/200 episodes=2244 difficulty=1.000 loss=0.01423 wall=1070.0s
[spatial train] ppo_semantic_flat seed=829 iteration=153/200 episodes=1836 difficulty=1.000 loss=0.02228 wall=1070.5s
[spatial train] ppo_ontology_rgat seed=829 iteration=130/200 episodes=1560 difficulty=1.000 loss=-0.09525 wall=1073.2s
[spatial train] ppo_semantic_flat seed=828 iteration=188/200 episodes=2256 difficulty=1.000 loss=0.02495 wall=1073.4s
[spatial train] ppo_vector_canonical seed=828 iteration=88/200 episodes=1056 difficulty=1.000 loss=-0.00492 wall=1073.5s
[spatial train] ppo_vector_canonical seed=829 iteration=128/200 episodes=1536 difficulty=1.000 loss=-0.00209 wall=1073.9s
[spatial train] ppo_semantic_flat seed=829 iteration=154/200 episodes=1848 difficulty=1.000 loss=0.01132 wall=1075.2s
[spatial train] ppo_ontology_rgat seed=828 iteration=113/200 episodes=1356 difficulty=1.000 loss=0.01370 wall=1075.2s
[spatial train] ppo_ontology_rgat seed=829 iteration=131/200 episodes=1572 difficulty=1.000 loss=0.03016 wall=1076.7s
[spatial train] ppo_semantic_flat seed=828 iteration=189/200 episodes=2268 difficulty=1.000 loss=-0.01847 wall=1079.4s
[spatial train] ppo_ontology_rgat seed=829 iteration=132/200 episodes=1584 difficulty=1.000 loss=0.01772 wall=1080.2s
[spatial train] ppo_semantic_flat seed=829 iteration=155/200 episodes=1860 difficulty=1.000 loss=0.02900 wall=1080.9s
[spatial train] ppo_ontology_rgat seed=828 iteration=114/200 episodes=1368 difficulty=1.000 loss=0.04813 wall=1081.5s
[spatial train] ppo_vector_canonical seed=829 iteration=129/200 episodes=1548 difficulty=1.000 loss=0.01350 wall=1081.9s
[spatial train] ppo_semantic_flat seed=828 iteration=190/200 episodes=2280 difficulty=1.000 loss=0.01526 wall=1083.6s
[spatial train] ppo_ontology_rgat seed=829 iteration=133/200 episodes=1596 difficulty=1.000 loss=0.02976 wall=1084.5s
[spatial train] ppo_vector_canonical seed=828 iteration=89/200 episodes=1068 difficulty=1.000 loss=0.00675 wall=1085.4s
[spatial train] ppo_semantic_flat seed=829 iteration=156/200 episodes=1872 difficulty=1.000 loss=-0.08641 wall=1085.5s
[spatial train] ppo_ontology_rgat seed=828 iteration=115/200 episodes=1380 difficulty=1.000 loss=0.00849 wall=1087.2s
[spatial train] ppo_vector_canonical seed=829 iteration=130/200 episodes=1560 difficulty=1.000 loss=0.00650 wall=1087.7s
[spatial train] ppo_semantic_flat seed=828 iteration=191/200 episodes=2292 difficulty=1.000 loss=0.01526 wall=1089.4s
[spatial train] ppo_semantic_flat seed=829 iteration=157/200 episodes=1884 difficulty=1.000 loss=0.01165 wall=1089.8s
[spatial train] ppo_ontology_rgat seed=829 iteration=134/200 episodes=1608 difficulty=1.000 loss=0.00914 wall=1090.7s
[spatial train] ppo_ontology_rgat seed=828 iteration=116/200 episodes=1392 difficulty=1.000 loss=0.02218 wall=1091.9s
[spatial train] ppo_ontology_rgat seed=829 iteration=135/200 episodes=1620 difficulty=1.000 loss=0.00717 wall=1094.2s
[spatial train] ppo_vector_canonical seed=829 iteration=131/200 episodes=1572 difficulty=1.000 loss=0.02731 wall=1094.5s
[spatial train] ppo_semantic_flat seed=829 iteration=158/200 episodes=1896 difficulty=1.000 loss=0.01611 wall=1094.5s
[spatial train] ppo_semantic_flat seed=828 iteration=192/200 episodes=2304 difficulty=1.000 loss=0.01895 wall=1095.0s
[spatial train] ppo_ontology_rgat seed=829 iteration=136/200 episodes=1632 difficulty=1.000 loss=0.02316 wall=1098.5s
[spatial train] ppo_vector_canonical seed=828 iteration=90/200 episodes=1080 difficulty=1.000 loss=0.04159 wall=1098.6s
[spatial train] ppo_semantic_flat seed=829 iteration=159/200 episodes=1908 difficulty=1.000 loss=0.00935 wall=1099.6s
[spatial train] ppo_semantic_flat seed=828 iteration=193/200 episodes=2316 difficulty=1.000 loss=0.01485 wall=1099.8s
[spatial train] ppo_ontology_rgat seed=829 iteration=137/200 episodes=1644 difficulty=1.000 loss=0.01679 wall=1102.2s
[spatial train] ppo_vector_canonical seed=829 iteration=132/200 episodes=1584 difficulty=1.000 loss=0.02369 wall=1102.5s
[spatial train] ppo_semantic_flat seed=828 iteration=194/200 episodes=2328 difficulty=1.000 loss=0.07477 wall=1104.4s
[spatial train] ppo_ontology_rgat seed=828 iteration=117/200 episodes=1404 difficulty=1.000 loss=0.01874 wall=1105.0s
[spatial train] ppo_ontology_rgat seed=829 iteration=138/200 episodes=1656 difficulty=1.000 loss=0.00489 wall=1106.5s
[spatial train] ppo_semantic_flat seed=828 iteration=195/200 episodes=2340 difficulty=1.000 loss=0.01751 wall=1108.2s
[spatial train] ppo_vector_canonical seed=829 iteration=133/200 episodes=1596 difficulty=1.000 loss=0.00851 wall=1108.7s
[spatial train] ppo_semantic_flat seed=829 iteration=160/200 episodes=1920 difficulty=1.000 loss=0.00776 wall=1108.9s
[spatial train] ppo_vector_canonical seed=828 iteration=91/200 episodes=1092 difficulty=1.000 loss=0.02149 wall=1109.0s
[spatial train] ppo_ontology_rgat seed=829 iteration=139/200 episodes=1668 difficulty=1.000 loss=0.01620 wall=1109.4s
[spatial train] ppo_ontology_rgat seed=828 iteration=118/200 episodes=1416 difficulty=1.000 loss=0.01891 wall=1110.7s
[spatial train] ppo_semantic_flat seed=828 iteration=196/200 episodes=2352 difficulty=1.000 loss=-0.04027 wall=1113.1s
[spatial train] ppo_semantic_flat seed=829 iteration=161/200 episodes=1932 difficulty=1.000 loss=0.06023 wall=1113.2s
[spatial train] ppo_ontology_rgat seed=828 iteration=119/200 episodes=1428 difficulty=1.000 loss=-0.00233 wall=1115.2s
[spatial train] ppo_ontology_rgat seed=829 iteration=140/200 episodes=1680 difficulty=1.000 loss=0.00566 wall=1116.5s
[spatial train] ppo_semantic_flat seed=828 iteration=197/200 episodes=2364 difficulty=1.000 loss=0.01273 wall=1117.4s
[spatial train] ppo_vector_canonical seed=829 iteration=134/200 episodes=1608 difficulty=1.000 loss=0.01699 wall=1118.2s
[spatial train] ppo_vector_canonical seed=828 iteration=92/200 episodes=1104 difficulty=1.000 loss=0.02469 wall=1119.0s
[spatial train] ppo_semantic_flat seed=829 iteration=162/200 episodes=1944 difficulty=1.000 loss=0.02291 wall=1120.1s
[spatial train] ppo_semantic_flat seed=828 iteration=198/200 episodes=2376 difficulty=1.000 loss=0.01104 wall=1121.3s
[spatial train] ppo_ontology_rgat seed=829 iteration=141/200 episodes=1692 difficulty=1.000 loss=0.00134 wall=1122.4s
[spatial train] ppo_semantic_flat seed=828 iteration=199/200 episodes=2388 difficulty=1.000 loss=0.00323 wall=1124.5s
[spatial train] ppo_semantic_flat seed=829 iteration=163/200 episodes=1956 difficulty=1.000 loss=0.01143 wall=1124.5s
[spatial train] ppo_vector_canonical seed=829 iteration=135/200 episodes=1620 difficulty=1.000 loss=0.02624 wall=1125.0s
[spatial train] ppo_ontology_rgat seed=828 iteration=120/200 episodes=1440 difficulty=1.000 loss=0.01528 wall=1126.3s
[spatial train] ppo_ontology_rgat seed=829 iteration=142/200 episodes=1704 difficulty=1.000 loss=0.01368 wall=1126.5s
[spatial train] ppo_vector_canonical seed=828 iteration=93/200 episodes=1116 difficulty=1.000 loss=0.00650 wall=1128.2s
[spatial train] ppo_semantic_flat seed=828 iteration=200/200 episodes=2400 difficulty=1.000 loss=0.01282 wall=1129.2s
[spatial train] ppo_semantic_flat seed=829 iteration=164/200 episodes=1968 difficulty=1.000 loss=0.04269 wall=1131.2s
[spatial train] ppo_ontology_rgat seed=829 iteration=143/200 episodes=1716 difficulty=1.000 loss=0.03145 wall=1131.8s
[spatial train] ppo_vector_canonical seed=829 iteration=136/200 episodes=1632 difficulty=1.000 loss=0.06599 wall=1132.3s
[spatial train] ppo_ontology_rgat seed=828 iteration=121/200 episodes=1452 difficulty=1.000 loss=0.01315 wall=1133.7s
[spatial train] ppo_semantic_flat seed=829 iteration=165/200 episodes=1980 difficulty=1.000 loss=-0.05747 wall=1136.2s
[spatial train] ppo_ontology_rgat seed=829 iteration=144/200 episodes=1728 difficulty=1.000 loss=0.01198 wall=1136.4s
[spatial train] ppo_vector_canonical seed=829 iteration=137/200 episodes=1644 difficulty=1.000 loss=0.00771 wall=1139.6s
[spatial train] ppo_vector_canonical seed=828 iteration=94/200 episodes=1128 difficulty=1.000 loss=0.02073 wall=1139.9s
[spatial train] ppo_semantic_flat seed=829 iteration=166/200 episodes=1992 difficulty=1.000 loss=0.01695 wall=1140.1s
[spatial train] ppo_ontology_rgat seed=829 iteration=145/200 episodes=1740 difficulty=1.000 loss=0.01372 wall=1141.7s
[spatial train] ppo_ontology_rgat seed=828 iteration=122/200 episodes=1464 difficulty=1.000 loss=0.02209 wall=1142.6s
[spatial train] ppo_semantic_flat seed=829 iteration=167/200 episodes=2004 difficulty=1.000 loss=0.04437 wall=1145.4s
[spatial train] ppo_ontology_rgat seed=829 iteration=146/200 episodes=1752 difficulty=1.000 loss=-0.04041 wall=1147.7s
[spatial train] ppo_vector_canonical seed=829 iteration=138/200 episodes=1656 difficulty=1.000 loss=0.06125 wall=1149.0s
[spatial train] ppo_ontology_rgat seed=828 iteration=123/200 episodes=1476 difficulty=1.000 loss=0.01955 wall=1150.5s
[spatial train] ppo_semantic_flat seed=829 iteration=168/200 episodes=2016 difficulty=1.000 loss=0.01622 wall=1150.9s
[spatial train] ppo_vector_canonical seed=828 iteration=95/200 episodes=1140 difficulty=1.000 loss=0.03974 wall=1151.4s
[spatial train] ppo_ontology_rgat seed=829 iteration=147/200 episodes=1764 difficulty=1.000 loss=0.00864 wall=1151.8s
[spatial train] ppo_semantic_flat seed=829 iteration=169/200 episodes=2028 difficulty=1.000 loss=0.01274 wall=1154.8s
[spatial train] ppo_vector_canonical seed=829 iteration=139/200 episodes=1668 difficulty=1.000 loss=0.00127 wall=1157.3s
[spatial train] ppo_ontology_rgat seed=829 iteration=148/200 episodes=1776 difficulty=1.000 loss=0.00914 wall=1157.4s
[spatial train] ppo_semantic_flat seed=829 iteration=170/200 episodes=2040 difficulty=1.000 loss=0.05880 wall=1158.5s
[spatial train] ppo_ontology_rgat seed=828 iteration=124/200 episodes=1488 difficulty=1.000 loss=0.01559 wall=1160.6s
[spatial train] ppo_semantic_flat seed=829 iteration=171/200 episodes=2052 difficulty=1.000 loss=0.01461 wall=1162.3s
[spatial train] ppo_ontology_rgat seed=829 iteration=149/200 episodes=1788 difficulty=1.000 loss=0.01426 wall=1162.6s
[spatial train] ppo_vector_canonical seed=828 iteration=96/200 episodes=1152 difficulty=1.000 loss=0.12963 wall=1163.2s
[spatial train] ppo_semantic_flat seed=829 iteration=172/200 episodes=2064 difficulty=1.000 loss=-0.00981 wall=1166.7s
[spatial train] ppo_vector_canonical seed=829 iteration=140/200 episodes=1680 difficulty=1.000 loss=-0.03875 wall=1168.2s
[spatial train] ppo_ontology_rgat seed=829 iteration=150/200 episodes=1800 difficulty=1.000 loss=0.01294 wall=1169.5s
[spatial train] ppo_ontology_rgat seed=828 iteration=125/200 episodes=1500 difficulty=1.000 loss=0.01484 wall=1169.6s
[spatial train] ppo_semantic_flat seed=829 iteration=173/200 episodes=2076 difficulty=1.000 loss=0.01132 wall=1171.4s
[spatial train] ppo_vector_canonical seed=829 iteration=141/200 episodes=1692 difficulty=1.000 loss=0.04819 wall=1174.9s
[spatial train] ppo_ontology_rgat seed=828 iteration=126/200 episodes=1512 difficulty=1.000 loss=0.00540 wall=1175.2s
[spatial train] ppo_vector_canonical seed=828 iteration=97/200 episodes=1164 difficulty=1.000 loss=0.01541 wall=1175.3s
[spatial train] ppo_semantic_flat seed=829 iteration=174/200 episodes=2088 difficulty=1.000 loss=0.04273 wall=1175.4s
[spatial train] ppo_ontology_rgat seed=829 iteration=151/200 episodes=1812 difficulty=1.000 loss=0.01541 wall=1175.9s
[spatial train] ppo_ontology_rgat seed=828 iteration=127/200 episodes=1524 difficulty=1.000 loss=0.00948 wall=1180.3s
[spatial train] ppo_vector_canonical seed=829 iteration=142/200 episodes=1704 difficulty=1.000 loss=0.02546 wall=1180.9s
[spatial train] ppo_semantic_flat seed=829 iteration=175/200 episodes=2100 difficulty=1.000 loss=0.02163 wall=1181.0s
[spatial train] ppo_ontology_rgat seed=829 iteration=152/200 episodes=1824 difficulty=1.000 loss=0.01172 wall=1181.9s
[spatial train] ppo_semantic_flat seed=829 iteration=176/200 episodes=2112 difficulty=1.000 loss=0.01601 wall=1184.9s
[spatial train] ppo_ontology_rgat seed=829 iteration=153/200 episodes=1836 difficulty=1.000 loss=0.01496 wall=1187.4s
[spatial train] ppo_ontology_rgat seed=828 iteration=128/200 episodes=1536 difficulty=1.000 loss=0.00865 wall=1187.5s
[spatial train] ppo_semantic_flat seed=829 iteration=177/200 episodes=2124 difficulty=1.000 loss=0.01357 wall=1189.0s
[spatial train] ppo_vector_canonical seed=828 iteration=98/200 episodes=1176 difficulty=1.000 loss=-0.04905 wall=1189.4s
[spatial train] ppo_ontology_rgat seed=828 iteration=129/200 episodes=1548 difficulty=1.000 loss=-0.01914 wall=1190.5s
[spatial train] ppo_vector_canonical seed=829 iteration=143/200 episodes=1716 difficulty=1.000 loss=-0.00850 wall=1190.6s
[spatial train] ppo_ontology_rgat seed=829 iteration=154/200 episodes=1848 difficulty=1.000 loss=-0.02288 wall=1193.1s
[spatial train] ppo_semantic_flat seed=829 iteration=178/200 episodes=2136 difficulty=1.000 loss=0.00562 wall=1193.5s
[spatial train] ppo_ontology_rgat seed=828 iteration=130/200 episodes=1560 difficulty=1.000 loss=0.02570 wall=1194.5s
[spatial train] ppo_semantic_flat seed=829 iteration=179/200 episodes=2148 difficulty=1.000 loss=0.04804 wall=1197.4s
[spatial train] ppo_ontology_rgat seed=829 iteration=155/200 episodes=1860 difficulty=1.000 loss=0.01176 wall=1198.3s
[spatial train] ppo_vector_canonical seed=829 iteration=144/200 episodes=1728 difficulty=1.000 loss=0.05272 wall=1200.2s
[spatial train] ppo_ontology_rgat seed=828 iteration=131/200 episodes=1572 difficulty=1.000 loss=0.06187 wall=1201.0s
[spatial train] ppo_ontology_rgat seed=829 iteration=156/200 episodes=1872 difficulty=1.000 loss=0.01384 wall=1202.0s
[spatial train] ppo_semantic_flat seed=829 iteration=180/200 episodes=2160 difficulty=1.000 loss=0.01954 wall=1203.9s
[spatial train] ppo_vector_canonical seed=828 iteration=99/200 episodes=1188 difficulty=1.000 loss=-0.03668 wall=1204.8s
[spatial train] ppo_ontology_rgat seed=829 iteration=157/200 episodes=1884 difficulty=1.000 loss=0.00818 wall=1205.2s
[spatial train] ppo_ontology_rgat seed=828 iteration=132/200 episodes=1584 difficulty=1.000 loss=0.01009 wall=1206.5s
[spatial train] ppo_semantic_flat seed=829 iteration=181/200 episodes=2172 difficulty=1.000 loss=0.01065 wall=1209.2s
[spatial train] ppo_ontology_rgat seed=829 iteration=158/200 episodes=1896 difficulty=1.000 loss=0.01864 wall=1210.5s
[spatial train] ppo_ontology_rgat seed=828 iteration=133/200 episodes=1596 difficulty=1.000 loss=-0.01317 wall=1211.6s
[spatial train] ppo_semantic_flat seed=829 iteration=182/200 episodes=2184 difficulty=1.000 loss=0.00516 wall=1213.0s
[spatial train] ppo_vector_canonical seed=829 iteration=145/200 episodes=1740 difficulty=1.000 loss=0.08065 wall=1213.4s
[spatial train] ppo_ontology_rgat seed=829 iteration=159/200 episodes=1908 difficulty=1.000 loss=0.00908 wall=1214.5s
[spatial train] ppo_semantic_flat seed=829 iteration=183/200 episodes=2196 difficulty=1.000 loss=0.01313 wall=1217.5s
[spatial train] ppo_ontology_rgat seed=828 iteration=134/200 episodes=1608 difficulty=1.000 loss=0.02235 wall=1219.0s
[spatial train] ppo_vector_canonical seed=828 iteration=100/200 episodes=1200 difficulty=1.000 loss=0.01079 wall=1219.9s
[spatial train] ppo_semantic_flat seed=829 iteration=184/200 episodes=2208 difficulty=1.000 loss=0.02507 wall=1220.9s
[spatial train] ppo_ontology_rgat seed=829 iteration=160/200 episodes=1920 difficulty=1.000 loss=0.00965 wall=1221.0s
[spatial train] ppo_ontology_rgat seed=828 iteration=135/200 episodes=1620 difficulty=1.000 loss=0.00695 wall=1223.2s
[spatial train] ppo_ontology_rgat seed=829 iteration=161/200 episodes=1932 difficulty=1.000 loss=0.04379 wall=1223.7s
[spatial train] ppo_semantic_flat seed=829 iteration=185/200 episodes=2220 difficulty=1.000 loss=0.01934 wall=1224.8s
[spatial train] ppo_semantic_flat seed=829 iteration=186/200 episodes=2232 difficulty=1.000 loss=0.01249 wall=1228.1s
[spatial train] ppo_vector_canonical seed=829 iteration=146/200 episodes=1752 difficulty=1.000 loss=0.01672 wall=1229.0s
[spatial train] ppo_ontology_rgat seed=829 iteration=162/200 episodes=1944 difficulty=1.000 loss=0.00783 wall=1229.2s
[spatial train] ppo_ontology_rgat seed=828 iteration=136/200 episodes=1632 difficulty=1.000 loss=0.01407 wall=1229.9s
[spatial train] ppo_semantic_flat seed=829 iteration=187/200 episodes=2244 difficulty=1.000 loss=0.01330 wall=1232.2s
[spatial train] ppo_ontology_rgat seed=829 iteration=163/200 episodes=1956 difficulty=1.000 loss=0.00839 wall=1232.4s
[spatial train] ppo_vector_canonical seed=828 iteration=101/200 episodes=1212 difficulty=1.000 loss=0.02360 wall=1233.9s
[spatial train] ppo_ontology_rgat seed=828 iteration=137/200 episodes=1644 difficulty=1.000 loss=0.01630 wall=1236.4s
[spatial train] ppo_vector_canonical seed=829 iteration=147/200 episodes=1764 difficulty=1.000 loss=0.04305 wall=1237.1s
[spatial train] ppo_semantic_flat seed=829 iteration=188/200 episodes=2256 difficulty=1.000 loss=0.01018 wall=1237.3s
[spatial train] ppo_ontology_rgat seed=829 iteration=164/200 episodes=1968 difficulty=1.000 loss=0.01154 wall=1237.3s
[spatial train] ppo_ontology_rgat seed=829 iteration=165/200 episodes=1980 difficulty=1.000 loss=0.00876 wall=1241.6s
[spatial train] ppo_semantic_flat seed=829 iteration=189/200 episodes=2268 difficulty=1.000 loss=0.01293 wall=1242.4s
[spatial train] ppo_ontology_rgat seed=828 iteration=138/200 episodes=1656 difficulty=1.000 loss=0.00491 wall=1243.2s
[spatial train] ppo_vector_canonical seed=829 iteration=148/200 episodes=1776 difficulty=1.000 loss=0.05031 wall=1244.9s
[spatial train] ppo_ontology_rgat seed=829 iteration=166/200 episodes=1992 difficulty=1.000 loss=0.01544 wall=1245.4s
[spatial train] ppo_vector_canonical seed=828 iteration=102/200 episodes=1224 difficulty=1.000 loss=0.03161 wall=1247.2s
[spatial train] ppo_semantic_flat seed=829 iteration=190/200 episodes=2280 difficulty=1.000 loss=-0.02541 wall=1248.2s
[spatial train] ppo_ontology_rgat seed=828 iteration=139/200 episodes=1668 difficulty=1.000 loss=-0.01466 wall=1248.4s
[spatial train] ppo_ontology_rgat seed=829 iteration=167/200 episodes=2004 difficulty=1.000 loss=0.00845 wall=1250.0s
[spatial train] ppo_vector_canonical seed=829 iteration=149/200 episodes=1788 difficulty=1.000 loss=0.02478 wall=1251.2s
[spatial train] ppo_semantic_flat seed=829 iteration=191/200 episodes=2292 difficulty=1.000 loss=0.02175 wall=1252.6s
[spatial train] ppo_ontology_rgat seed=828 iteration=140/200 episodes=1680 difficulty=1.000 loss=0.02725 wall=1254.2s
[spatial train] ppo_ontology_rgat seed=829 iteration=168/200 episodes=2016 difficulty=1.000 loss=0.01164 wall=1255.8s
[spatial train] ppo_vector_canonical seed=829 iteration=150/200 episodes=1800 difficulty=1.000 loss=0.03310 wall=1257.3s
[spatial train] ppo_semantic_flat seed=829 iteration=192/200 episodes=2304 difficulty=1.000 loss=0.02018 wall=1257.6s
[spatial train] ppo_ontology_rgat seed=828 iteration=141/200 episodes=1692 difficulty=1.000 loss=0.00924 wall=1258.3s
[spatial train] ppo_vector_canonical seed=828 iteration=103/200 episodes=1236 difficulty=1.000 loss=0.01829 wall=1259.9s
[spatial train] ppo_ontology_rgat seed=829 iteration=169/200 episodes=2028 difficulty=1.000 loss=0.00971 wall=1259.8s
[spatial train] ppo_ontology_rgat seed=828 iteration=142/200 episodes=1704 difficulty=1.000 loss=0.00691 wall=1261.8s
[spatial train] ppo_semantic_flat seed=829 iteration=193/200 episodes=2316 difficulty=1.000 loss=0.01736 wall=1263.1s
[spatial train] ppo_ontology_rgat seed=829 iteration=170/200 episodes=2040 difficulty=1.000 loss=0.02822 wall=1263.5s
[spatial train] ppo_vector_canonical seed=829 iteration=151/200 episodes=1812 difficulty=1.000 loss=0.01870 wall=1264.4s
[spatial train] ppo_ontology_rgat seed=828 iteration=143/200 episodes=1716 difficulty=1.000 loss=0.01140 wall=1266.1s
[spatial train] ppo_semantic_flat seed=829 iteration=194/200 episodes=2328 difficulty=1.000 loss=0.03193 wall=1267.3s
[spatial train] ppo_ontology_rgat seed=829 iteration=171/200 episodes=2052 difficulty=1.000 loss=0.01938 wall=1267.4s
[spatial train] ppo_vector_canonical seed=829 iteration=152/200 episodes=1824 difficulty=1.000 loss=0.02291 wall=1269.4s
[spatial train] ppo_semantic_flat seed=829 iteration=195/200 episodes=2340 difficulty=1.000 loss=0.01832 wall=1270.6s
[spatial train] ppo_ontology_rgat seed=828 iteration=144/200 episodes=1728 difficulty=1.000 loss=0.00905 wall=1271.5s
[spatial train] ppo_ontology_rgat seed=829 iteration=172/200 episodes=2064 difficulty=1.000 loss=0.01273 wall=1272.6s
[spatial train] ppo_vector_canonical seed=829 iteration=153/200 episodes=1836 difficulty=1.000 loss=0.02015 wall=1274.4s
[spatial train] ppo_ontology_rgat seed=828 iteration=145/200 episodes=1740 difficulty=1.000 loss=0.02782 wall=1274.4s
[spatial train] ppo_semantic_flat seed=829 iteration=196/200 episodes=2352 difficulty=1.000 loss=0.01079 wall=1274.6s
[spatial train] ppo_vector_canonical seed=828 iteration=104/200 episodes=1248 difficulty=1.000 loss=0.01280 wall=1274.9s
[spatial train] ppo_ontology_rgat seed=829 iteration=173/200 episodes=2076 difficulty=1.000 loss=-0.03071 wall=1276.9s
[spatial train] ppo_semantic_flat seed=829 iteration=197/200 episodes=2364 difficulty=1.000 loss=0.04809 wall=1278.0s
[spatial train] ppo_ontology_rgat seed=828 iteration=146/200 episodes=1752 difficulty=1.000 loss=0.00991 wall=1279.5s
[spatial train] ppo_vector_canonical seed=829 iteration=154/200 episodes=1848 difficulty=1.000 loss=0.02771 wall=1280.0s
[spatial train] ppo_ontology_rgat seed=829 iteration=174/200 episodes=2088 difficulty=1.000 loss=0.00619 wall=1280.8s
[spatial train] ppo_semantic_flat seed=829 iteration=198/200 episodes=2376 difficulty=1.000 loss=0.01990 wall=1281.3s
[spatial train] ppo_ontology_rgat seed=828 iteration=147/200 episodes=1764 difficulty=1.000 loss=0.00990 wall=1283.9s
[spatial train] ppo_vector_canonical seed=829 iteration=155/200 episodes=1860 difficulty=1.000 loss=0.03789 wall=1285.1s
[spatial train] ppo_semantic_flat seed=829 iteration=199/200 episodes=2388 difficulty=1.000 loss=0.01418 wall=1285.4s
[spatial train] ppo_ontology_rgat seed=828 iteration=148/200 episodes=1776 difficulty=1.000 loss=0.00073 wall=1286.9s
[spatial train] ppo_ontology_rgat seed=829 iteration=175/200 episodes=2100 difficulty=1.000 loss=0.01470 wall=1287.1s
[spatial train] ppo_vector_canonical seed=828 iteration=105/200 episodes=1260 difficulty=1.000 loss=0.00084 wall=1287.3s
[spatial train] ppo_vector_canonical seed=829 iteration=156/200 episodes=1872 difficulty=1.000 loss=0.00624 wall=1291.1s
[spatial train] ppo_ontology_rgat seed=828 iteration=149/200 episodes=1788 difficulty=1.000 loss=0.02300 wall=1291.6s
[spatial train] ppo_semantic_flat seed=829 iteration=200/200 episodes=2400 difficulty=1.000 loss=0.01550 wall=1293.2s
[spatial train] ppo_ontology_rgat seed=829 iteration=176/200 episodes=2112 difficulty=1.000 loss=0.01729 wall=1294.1s
[spatial train] ppo_vector_canonical seed=829 iteration=157/200 episodes=1884 difficulty=1.000 loss=-0.00061 wall=1295.5s
[spatial train] ppo_ontology_rgat seed=828 iteration=150/200 episodes=1800 difficulty=1.000 loss=0.01730 wall=1296.0s
[spatial train] ppo_vector_canonical seed=828 iteration=106/200 episodes=1272 difficulty=1.000 loss=0.01704 wall=1300.4s
[spatial train] ppo_ontology_rgat seed=829 iteration=177/200 episodes=2124 difficulty=1.000 loss=0.01421 wall=1300.6s
[spatial train] ppo_ontology_rgat seed=828 iteration=151/200 episodes=1812 difficulty=1.000 loss=0.00723 wall=1300.6s
[spatial train] ppo_vector_canonical seed=829 iteration=158/200 episodes=1896 difficulty=1.000 loss=0.05120 wall=1301.2s
[spatial train] ppo_ontology_rgat seed=828 iteration=152/200 episodes=1824 difficulty=1.000 loss=0.01323 wall=1305.9s
[spatial train] ppo_ontology_rgat seed=829 iteration=178/200 episodes=2136 difficulty=1.000 loss=0.01198 wall=1307.0s
[spatial train] ppo_vector_canonical seed=829 iteration=159/200 episodes=1908 difficulty=1.000 loss=0.02200 wall=1308.1s
[spatial train] ppo_ontology_rgat seed=828 iteration=153/200 episodes=1836 difficulty=1.000 loss=-0.01420 wall=1310.1s
[spatial train] ppo_ontology_rgat seed=829 iteration=179/200 episodes=2148 difficulty=1.000 loss=0.02599 wall=1310.4s
[spatial train] ppo_vector_canonical seed=828 iteration=107/200 episodes=1284 difficulty=1.000 loss=0.01385 wall=1312.1s
[spatial train] ppo_ontology_rgat seed=828 iteration=154/200 episodes=1848 difficulty=1.000 loss=0.00983 wall=1313.4s
[spatial train] ppo_ontology_rgat seed=829 iteration=180/200 episodes=2160 difficulty=1.000 loss=0.00146 wall=1315.5s
[spatial train] ppo_vector_canonical seed=829 iteration=160/200 episodes=1920 difficulty=1.000 loss=0.02185 wall=1315.7s
[spatial train] ppo_ontology_rgat seed=828 iteration=155/200 episodes=1860 difficulty=1.000 loss=0.00405 wall=1316.6s
[spatial train] ppo_vector_canonical seed=829 iteration=161/200 episodes=1932 difficulty=1.000 loss=0.01744 wall=1318.8s
[spatial train] ppo_ontology_rgat seed=829 iteration=181/200 episodes=2172 difficulty=1.000 loss=0.01593 wall=1321.2s
[spatial train] ppo_ontology_rgat seed=828 iteration=156/200 episodes=1872 difficulty=1.000 loss=0.01397 wall=1321.4s
[spatial train] ppo_vector_canonical seed=829 iteration=162/200 episodes=1944 difficulty=1.000 loss=0.02292 wall=1323.5s
[spatial train] ppo_vector_canonical seed=828 iteration=108/200 episodes=1296 difficulty=1.000 loss=-0.00865 wall=1323.9s
[spatial train] ppo_ontology_rgat seed=829 iteration=182/200 episodes=2184 difficulty=1.000 loss=0.01247 wall=1324.9s
[spatial train] ppo_ontology_rgat seed=828 iteration=157/200 episodes=1884 difficulty=1.000 loss=-0.01940 wall=1325.1s
[spatial train] ppo_vector_canonical seed=829 iteration=163/200 episodes=1956 difficulty=1.000 loss=0.01591 wall=1328.8s
[spatial train] ppo_ontology_rgat seed=829 iteration=183/200 episodes=2196 difficulty=1.000 loss=0.01981 wall=1329.4s
[spatial train] ppo_ontology_rgat seed=828 iteration=158/200 episodes=1896 difficulty=1.000 loss=-0.01562 wall=1330.5s
[spatial train] ppo_vector_canonical seed=829 iteration=164/200 episodes=1968 difficulty=1.000 loss=0.07082 wall=1332.4s
[spatial train] ppo_ontology_rgat seed=829 iteration=184/200 episodes=2208 difficulty=1.000 loss=0.01170 wall=1334.7s
[spatial train] ppo_ontology_rgat seed=828 iteration=159/200 episodes=1908 difficulty=1.000 loss=0.05980 wall=1335.5s
[spatial train] ppo_vector_canonical seed=828 iteration=109/200 episodes=1308 difficulty=1.000 loss=0.02286 wall=1336.1s
[spatial train] ppo_vector_canonical seed=829 iteration=165/200 episodes=1980 difficulty=1.000 loss=0.05929 wall=1337.3s
[spatial train] ppo_ontology_rgat seed=829 iteration=185/200 episodes=2220 difficulty=1.000 loss=0.01073 wall=1339.5s
[spatial train] ppo_vector_canonical seed=829 iteration=166/200 episodes=1992 difficulty=1.000 loss=0.01909 wall=1340.6s
[spatial train] ppo_ontology_rgat seed=828 iteration=160/200 episodes=1920 difficulty=1.000 loss=0.00849 wall=1343.2s
[spatial train] ppo_vector_canonical seed=829 iteration=167/200 episodes=2004 difficulty=1.000 loss=-0.01064 wall=1343.9s
[spatial train] ppo_ontology_rgat seed=829 iteration=186/200 episodes=2232 difficulty=1.000 loss=0.01319 wall=1345.1s
[spatial train] ppo_vector_canonical seed=829 iteration=168/200 episodes=2016 difficulty=1.000 loss=0.08872 wall=1346.3s
[spatial train] ppo_vector_canonical seed=829 iteration=169/200 episodes=2028 difficulty=1.000 loss=0.01654 wall=1348.4s
[spatial train] ppo_vector_canonical seed=828 iteration=110/200 episodes=1320 difficulty=1.000 loss=0.02244 wall=1348.5s
[spatial train] ppo_ontology_rgat seed=829 iteration=187/200 episodes=2244 difficulty=1.000 loss=0.00918 wall=1350.6s
[spatial train] ppo_ontology_rgat seed=828 iteration=161/200 episodes=1932 difficulty=1.000 loss=0.01315 wall=1350.8s
[spatial train] ppo_vector_canonical seed=829 iteration=170/200 episodes=2040 difficulty=1.000 loss=-0.00659 wall=1351.7s
[spatial train] ppo_ontology_rgat seed=828 iteration=162/200 episodes=1944 difficulty=1.000 loss=0.00228 wall=1353.9s
[spatial train] ppo_vector_canonical seed=829 iteration=171/200 episodes=2052 difficulty=1.000 loss=0.04165 wall=1354.8s
[spatial train] ppo_ontology_rgat seed=829 iteration=188/200 episodes=2256 difficulty=1.000 loss=0.01302 wall=1356.1s
[spatial train] ppo_ontology_rgat seed=828 iteration=163/200 episodes=1956 difficulty=1.000 loss=-0.01269 wall=1358.3s
[spatial train] ppo_vector_canonical seed=828 iteration=111/200 episodes=1332 difficulty=1.000 loss=0.01146 wall=1358.4s
[spatial train] ppo_vector_canonical seed=829 iteration=172/200 episodes=2064 difficulty=1.000 loss=0.08001 wall=1360.0s
[spatial train] ppo_ontology_rgat seed=829 iteration=189/200 episodes=2268 difficulty=1.000 loss=0.00348 wall=1362.5s
[spatial train] ppo_ontology_rgat seed=828 iteration=164/200 episodes=1968 difficulty=1.000 loss=0.01541 wall=1362.6s
[spatial train] ppo_vector_canonical seed=829 iteration=173/200 episodes=2076 difficulty=1.000 loss=0.00008 wall=1364.7s
[spatial train] ppo_vector_canonical seed=829 iteration=174/200 episodes=2088 difficulty=1.000 loss=-0.01177 wall=1367.6s
[spatial train] ppo_vector_canonical seed=828 iteration=112/200 episodes=1344 difficulty=1.000 loss=0.01924 wall=1368.7s
[spatial train] ppo_ontology_rgat seed=829 iteration=190/200 episodes=2280 difficulty=1.000 loss=0.01600 wall=1369.6s
[spatial train] ppo_ontology_rgat seed=828 iteration=165/200 episodes=1980 difficulty=1.000 loss=0.02673 wall=1370.0s
[spatial train] ppo_vector_canonical seed=829 iteration=175/200 episodes=2100 difficulty=1.000 loss=0.01944 wall=1373.0s
[spatial train] ppo_ontology_rgat seed=829 iteration=191/200 episodes=2292 difficulty=1.000 loss=-0.00201 wall=1373.8s
[spatial train] ppo_ontology_rgat seed=828 iteration=166/200 episodes=1992 difficulty=1.000 loss=0.01612 wall=1374.9s
[spatial train] ppo_vector_canonical seed=829 iteration=176/200 episodes=2112 difficulty=1.000 loss=0.01133 wall=1376.8s
[spatial train] ppo_ontology_rgat seed=828 iteration=167/200 episodes=2004 difficulty=1.000 loss=0.03753 wall=1379.2s
[spatial train] ppo_vector_canonical seed=829 iteration=177/200 episodes=2124 difficulty=1.000 loss=0.02190 wall=1380.1s
[spatial train] ppo_ontology_rgat seed=829 iteration=192/200 episodes=2304 difficulty=1.000 loss=0.01024 wall=1380.7s
[spatial train] ppo_vector_canonical seed=828 iteration=113/200 episodes=1356 difficulty=1.000 loss=0.01419 wall=1381.5s
[spatial train] ppo_vector_canonical seed=829 iteration=178/200 episodes=2136 difficulty=1.000 loss=0.00550 wall=1382.4s
[spatial train] ppo_ontology_rgat seed=828 iteration=168/200 episodes=2016 difficulty=1.000 loss=0.00592 wall=1385.6s
[spatial train] ppo_vector_canonical seed=829 iteration=179/200 episodes=2148 difficulty=1.000 loss=0.01728 wall=1386.0s
[spatial train] ppo_ontology_rgat seed=829 iteration=193/200 episodes=2316 difficulty=1.000 loss=0.01074 wall=1388.5s
[spatial train] ppo_ontology_rgat seed=828 iteration=169/200 episodes=2028 difficulty=1.000 loss=0.00885 wall=1391.0s
[spatial train] ppo_vector_canonical seed=829 iteration=180/200 episodes=2160 difficulty=1.000 loss=0.01305 wall=1391.4s
[spatial train] ppo_vector_canonical seed=828 iteration=114/200 episodes=1368 difficulty=1.000 loss=0.01984 wall=1394.6s
[spatial train] ppo_ontology_rgat seed=829 iteration=194/200 episodes=2328 difficulty=1.000 loss=0.01047 wall=1397.3s
[spatial train] ppo_ontology_rgat seed=828 iteration=170/200 episodes=2040 difficulty=1.000 loss=0.01450 wall=1398.7s
[spatial train] ppo_vector_canonical seed=829 iteration=181/200 episodes=2172 difficulty=1.000 loss=0.02603 wall=1399.1s
[spatial train] ppo_ontology_rgat seed=829 iteration=195/200 episodes=2340 difficulty=1.000 loss=0.01762 wall=1401.7s
[spatial train] ppo_vector_canonical seed=829 iteration=182/200 episodes=2184 difficulty=1.000 loss=0.02835 wall=1403.1s
[spatial train] ppo_ontology_rgat seed=828 iteration=171/200 episodes=2052 difficulty=1.000 loss=0.02305 wall=1405.2s
[spatial train] ppo_vector_canonical seed=828 iteration=115/200 episodes=1380 difficulty=1.000 loss=0.00817 wall=1408.5s
[spatial train] ppo_vector_canonical seed=829 iteration=183/200 episodes=2196 difficulty=1.000 loss=0.08860 wall=1409.2s
[spatial train] ppo_ontology_rgat seed=829 iteration=196/200 episodes=2352 difficulty=1.000 loss=0.00905 wall=1409.5s
[spatial train] ppo_ontology_rgat seed=828 iteration=172/200 episodes=2064 difficulty=1.000 loss=0.02067 wall=1409.9s
[spatial train] ppo_vector_canonical seed=829 iteration=184/200 episodes=2208 difficulty=1.000 loss=0.02550 wall=1412.7s
[spatial train] ppo_ontology_rgat seed=829 iteration=197/200 episodes=2364 difficulty=1.000 loss=0.01557 wall=1413.8s
[spatial train] ppo_ontology_rgat seed=828 iteration=173/200 episodes=2076 difficulty=1.000 loss=0.00217 wall=1415.4s
[spatial train] ppo_vector_canonical seed=829 iteration=185/200 episodes=2220 difficulty=1.000 loss=0.02882 wall=1415.7s
[spatial train] ppo_ontology_rgat seed=829 iteration=198/200 episodes=2376 difficulty=1.000 loss=0.00741 wall=1417.8s
[spatial train] ppo_vector_canonical seed=829 iteration=186/200 episodes=2232 difficulty=1.000 loss=0.01018 wall=1418.7s
[spatial train] ppo_vector_canonical seed=829 iteration=187/200 episodes=2244 difficulty=1.000 loss=0.02267 wall=1420.9s
[spatial train] ppo_ontology_rgat seed=828 iteration=174/200 episodes=2088 difficulty=1.000 loss=0.00659 wall=1421.3s
[spatial train] ppo_vector_canonical seed=828 iteration=116/200 episodes=1392 difficulty=1.000 loss=-0.01702 wall=1422.0s
[spatial train] ppo_ontology_rgat seed=829 iteration=199/200 episodes=2388 difficulty=1.000 loss=0.00608 wall=1423.1s
[spatial train] ppo_vector_canonical seed=829 iteration=188/200 episodes=2256 difficulty=1.000 loss=0.01848 wall=1425.2s
[spatial train] ppo_vector_canonical seed=829 iteration=189/200 episodes=2268 difficulty=1.000 loss=0.01003 wall=1428.4s
[spatial train] ppo_ontology_rgat seed=829 iteration=200/200 episodes=2400 difficulty=1.000 loss=0.00245 wall=1429.8s
[spatial train] ppo_ontology_rgat seed=828 iteration=175/200 episodes=2100 difficulty=1.000 loss=0.01356 wall=1430.5s
[spatial train] ppo_vector_canonical seed=829 iteration=190/200 episodes=2280 difficulty=1.000 loss=0.01995 wall=1432.2s
[spatial train] ppo_vector_canonical seed=829 iteration=191/200 episodes=2292 difficulty=1.000 loss=0.01451 wall=1434.3s
[spatial train] ppo_ontology_rgat seed=828 iteration=176/200 episodes=2112 difficulty=1.000 loss=0.01105 wall=1435.1s
[spatial train] ppo_vector_canonical seed=828 iteration=117/200 episodes=1404 difficulty=1.000 loss=0.02086 wall=1436.1s
[spatial train] ppo_vector_canonical seed=829 iteration=192/200 episodes=2304 difficulty=1.000 loss=0.01581 wall=1439.1s
[spatial train] ppo_ontology_rgat seed=828 iteration=177/200 episodes=2124 difficulty=1.000 loss=0.00776 wall=1439.9s
[spatial train] ppo_vector_canonical seed=829 iteration=193/200 episodes=2316 difficulty=1.000 loss=0.01461 wall=1442.6s
[spatial train] ppo_ontology_rgat seed=828 iteration=178/200 episodes=2136 difficulty=1.000 loss=0.00888 wall=1444.7s
[spatial train] ppo_vector_canonical seed=829 iteration=194/200 episodes=2328 difficulty=1.000 loss=0.01674 wall=1445.9s
[spatial train] ppo_vector_canonical seed=828 iteration=118/200 episodes=1416 difficulty=1.000 loss=0.01696 wall=1448.2s
[spatial train] ppo_vector_canonical seed=829 iteration=195/200 episodes=2340 difficulty=1.000 loss=0.00878 wall=1448.3s
[spatial train] ppo_ontology_rgat seed=828 iteration=179/200 episodes=2148 difficulty=1.000 loss=0.02402 wall=1449.2s
[spatial train] ppo_vector_canonical seed=829 iteration=196/200 episodes=2352 difficulty=1.000 loss=0.01257 wall=1452.8s
[spatial train] ppo_vector_canonical seed=829 iteration=197/200 episodes=2364 difficulty=1.000 loss=0.02101 wall=1456.1s
[spatial train] ppo_ontology_rgat seed=828 iteration=180/200 episodes=2160 difficulty=1.000 loss=0.01045 wall=1456.1s
[spatial train] ppo_vector_canonical seed=828 iteration=119/200 episodes=1428 difficulty=1.000 loss=0.00244 wall=1456.6s
[spatial train] ppo_vector_canonical seed=829 iteration=198/200 episodes=2376 difficulty=1.000 loss=-0.08633 wall=1459.2s
[spatial train] ppo_ontology_rgat seed=828 iteration=181/200 episodes=2172 difficulty=1.000 loss=0.00488 wall=1461.7s
[spatial train] ppo_vector_canonical seed=829 iteration=199/200 episodes=2388 difficulty=1.000 loss=0.02667 wall=1463.1s
[spatial train] ppo_ontology_rgat seed=828 iteration=182/200 episodes=2184 difficulty=1.000 loss=0.01346 wall=1467.6s
[spatial train] ppo_vector_canonical seed=829 iteration=200/200 episodes=2400 difficulty=1.000 loss=0.03843 wall=1468.3s
[spatial train] ppo_vector_canonical seed=828 iteration=120/200 episodes=1440 difficulty=1.000 loss=-0.00446 wall=1470.9s
[spatial train] ppo_ontology_rgat seed=828 iteration=183/200 episodes=2196 difficulty=1.000 loss=0.00949 wall=1473.1s
[spatial train] ppo_ontology_rgat seed=828 iteration=184/200 episodes=2208 difficulty=1.000 loss=0.00354 wall=1478.3s
[spatial train] ppo_ontology_rgat seed=828 iteration=185/200 episodes=2220 difficulty=1.000 loss=0.01075 wall=1483.2s
[spatial train] ppo_vector_canonical seed=828 iteration=121/200 episodes=1452 difficulty=1.000 loss=-0.00201 wall=1484.5s
[spatial train] ppo_ontology_rgat seed=828 iteration=186/200 episodes=2232 difficulty=1.000 loss=0.00865 wall=1487.0s
[spatial train] ppo_ontology_rgat seed=828 iteration=187/200 episodes=2244 difficulty=1.000 loss=0.00976 wall=1494.1s
[spatial train] ppo_vector_canonical seed=828 iteration=122/200 episodes=1464 difficulty=1.000 loss=0.03944 wall=1498.1s
[spatial train] ppo_ontology_rgat seed=828 iteration=188/200 episodes=2256 difficulty=1.000 loss=0.00813 wall=1498.7s
[spatial train] ppo_ontology_rgat seed=828 iteration=189/200 episodes=2268 difficulty=1.000 loss=0.01098 wall=1505.5s
[spatial train] ppo_ontology_rgat seed=828 iteration=190/200 episodes=2280 difficulty=1.000 loss=0.02104 wall=1510.5s
[spatial train] ppo_vector_canonical seed=828 iteration=123/200 episodes=1476 difficulty=1.000 loss=0.03153 wall=1511.3s
[spatial train] ppo_ontology_rgat seed=828 iteration=191/200 episodes=2292 difficulty=1.000 loss=0.01007 wall=1516.0s
[spatial train] ppo_ontology_rgat seed=828 iteration=192/200 episodes=2304 difficulty=1.000 loss=0.00486 wall=1520.8s
[spatial train] ppo_vector_canonical seed=828 iteration=124/200 episodes=1488 difficulty=1.000 loss=-0.03206 wall=1524.1s
[spatial train] ppo_ontology_rgat seed=828 iteration=193/200 episodes=2316 difficulty=1.000 loss=0.01076 wall=1526.5s
[spatial train] ppo_ontology_rgat seed=828 iteration=194/200 episodes=2328 difficulty=1.000 loss=0.00349 wall=1530.9s
[spatial train] ppo_ontology_rgat seed=828 iteration=195/200 episodes=2340 difficulty=1.000 loss=0.00200 wall=1535.3s
[spatial train] ppo_vector_canonical seed=828 iteration=125/200 episodes=1500 difficulty=1.000 loss=0.05225 wall=1539.1s
[spatial train] ppo_ontology_rgat seed=828 iteration=196/200 episodes=2352 difficulty=1.000 loss=0.00256 wall=1541.5s
[spatial train] ppo_ontology_rgat seed=828 iteration=197/200 episodes=2364 difficulty=1.000 loss=0.01285 wall=1547.8s
[spatial train] ppo_vector_canonical seed=828 iteration=126/200 episodes=1512 difficulty=1.000 loss=-0.00934 wall=1553.4s
[spatial train] ppo_ontology_rgat seed=828 iteration=198/200 episodes=2376 difficulty=1.000 loss=0.01245 wall=1554.0s
[spatial train] ppo_ontology_rgat seed=828 iteration=199/200 episodes=2388 difficulty=1.000 loss=0.00863 wall=1558.5s
[spatial train] ppo_vector_canonical seed=828 iteration=127/200 episodes=1524 difficulty=1.000 loss=0.00991 wall=1564.7s
[spatial train] ppo_ontology_rgat seed=828 iteration=200/200 episodes=2400 difficulty=1.000 loss=0.01181 wall=1566.1s
[spatial train] ppo_vector_canonical seed=828 iteration=128/200 episodes=1536 difficulty=1.000 loss=0.01864 wall=1578.0s
[spatial train] ppo_vector_canonical seed=828 iteration=129/200 episodes=1548 difficulty=1.000 loss=0.01904 wall=1589.1s
[spatial train] ppo_vector_canonical seed=828 iteration=130/200 episodes=1560 difficulty=1.000 loss=0.03734 wall=1600.7s
[spatial train] ppo_vector_canonical seed=828 iteration=131/200 episodes=1572 difficulty=1.000 loss=0.02003 wall=1611.2s
[spatial train] ppo_vector_canonical seed=828 iteration=132/200 episodes=1584 difficulty=1.000 loss=0.02227 wall=1623.1s
[spatial train] ppo_vector_canonical seed=828 iteration=133/200 episodes=1596 difficulty=1.000 loss=-0.07176 wall=1633.6s
[spatial train] ppo_vector_canonical seed=828 iteration=134/200 episodes=1608 difficulty=1.000 loss=0.00768 wall=1644.1s
[spatial train] ppo_vector_canonical seed=828 iteration=135/200 episodes=1620 difficulty=1.000 loss=0.01387 wall=1652.8s
[spatial train] ppo_vector_canonical seed=828 iteration=136/200 episodes=1632 difficulty=1.000 loss=-0.03152 wall=1660.4s
[spatial train] ppo_vector_canonical seed=828 iteration=137/200 episodes=1644 difficulty=1.000 loss=0.03203 wall=1668.9s
[spatial train] ppo_vector_canonical seed=828 iteration=138/200 episodes=1656 difficulty=1.000 loss=0.02368 wall=1679.3s
[spatial train] ppo_ontology_rgat seed=829 relational path ACTIVE; trainable for 20/200 iterations
[spatial train] ppo_vector_canonical seed=828 iteration=139/200 episodes=1668 difficulty=1.000 loss=0.01522 wall=1688.7s
[spatial train] ppo_vector_canonical seed=828 iteration=140/200 episodes=1680 difficulty=1.000 loss=0.01343 wall=1699.3s
[spatial train] ppo_vector_canonical seed=828 iteration=141/200 episodes=1692 difficulty=1.000 loss=0.02360 wall=1707.3s
[spatial train] ppo_vector_canonical seed=828 iteration=142/200 episodes=1704 difficulty=1.000 loss=0.08259 wall=1715.3s
[spatial train] ppo_vector_canonical seed=828 iteration=143/200 episodes=1716 difficulty=1.000 loss=-0.03570 wall=1723.8s
[spatial train] ppo_vector_canonical seed=828 iteration=144/200 episodes=1728 difficulty=1.000 loss=-0.02391 wall=1734.4s
[spatial train] ppo_vector_canonical seed=828 iteration=145/200 episodes=1740 difficulty=1.000 loss=0.01381 wall=1743.1s
[spatial train] ppo_vector_canonical seed=828 iteration=146/200 episodes=1752 difficulty=1.000 loss=0.01564 wall=1754.8s
[spatial train] ppo_vector_canonical seed=828 iteration=147/200 episodes=1764 difficulty=1.000 loss=0.01807 wall=1764.4s
[spatial train] ppo_vector_canonical seed=828 iteration=148/200 episodes=1776 difficulty=1.000 loss=0.01852 wall=1773.7s
[spatial train] ppo_vector_canonical seed=828 iteration=149/200 episodes=1788 difficulty=1.000 loss=0.02199 wall=1783.9s
[spatial train] ppo_vector_canonical seed=828 iteration=150/200 episodes=1800 difficulty=1.000 loss=0.06513 wall=1793.7s
[spatial train] ppo_vector_canonical seed=828 iteration=151/200 episodes=1812 difficulty=1.000 loss=0.01415 wall=1804.7s
[spatial train] ppo_ontology_rgat seed=828 relational path ACTIVE; trainable for 20/200 iterations
[spatial train] ppo_vector_canonical seed=828 iteration=152/200 episodes=1824 difficulty=1.000 loss=0.01850 wall=1817.4s
[spatial train] ppo_vector_canonical seed=828 iteration=153/200 episodes=1836 difficulty=1.000 loss=0.01669 wall=1828.6s
[spatial train] ppo_vector_canonical seed=828 iteration=154/200 episodes=1848 difficulty=1.000 loss=0.02106 wall=1838.3s
[spatial train] ppo_vector_canonical seed=828 iteration=155/200 episodes=1860 difficulty=1.000 loss=0.05081 wall=1848.4s
[spatial train] ppo_vector_canonical seed=828 iteration=156/200 episodes=1872 difficulty=1.000 loss=0.02277 wall=1859.9s
[spatial train] ppo_vector_canonical seed=828 iteration=157/200 episodes=1884 difficulty=1.000 loss=0.05701 wall=1872.6s
[spatial train] ppo_vector_canonical seed=828 iteration=158/200 episodes=1896 difficulty=1.000 loss=0.02429 wall=1885.6s
[spatial train] ppo_vector_canonical seed=828 iteration=159/200 episodes=1908 difficulty=1.000 loss=0.01471 wall=1897.5s
[spatial train] ppo_vector_canonical seed=828 iteration=160/200 episodes=1920 difficulty=1.000 loss=0.01929 wall=1913.1s
[spatial train] ppo_vector_canonical seed=828 iteration=161/200 episodes=1932 difficulty=1.000 loss=-0.00493 wall=1927.1s
[spatial train] ppo_vector_canonical seed=828 iteration=162/200 episodes=1944 difficulty=1.000 loss=0.01523 wall=1940.2s
[spatial train] ppo_vector_canonical seed=828 iteration=163/200 episodes=1956 difficulty=1.000 loss=0.06619 wall=1953.1s
[spatial train] ppo_vector_canonical seed=828 iteration=164/200 episodes=1968 difficulty=1.000 loss=-0.02016 wall=1967.3s
[spatial train] ppo_vector_canonical seed=828 iteration=165/200 episodes=1980 difficulty=1.000 loss=0.02382 wall=1979.7s
[spatial train] ppo_vector_canonical seed=828 iteration=166/200 episodes=1992 difficulty=1.000 loss=0.00067 wall=1992.4s
[spatial train] ppo_vector_canonical seed=828 iteration=167/200 episodes=2004 difficulty=1.000 loss=0.00797 wall=2003.1s
[spatial train] ppo_vector_canonical seed=828 iteration=168/200 episodes=2016 difficulty=1.000 loss=0.01883 wall=2014.1s
[spatial train] ppo_vector_canonical seed=828 iteration=169/200 episodes=2028 difficulty=1.000 loss=-0.05402 wall=2023.8s
[spatial train] ppo_vector_canonical seed=828 iteration=170/200 episodes=2040 difficulty=1.000 loss=0.01883 wall=2033.1s
[spatial train] ppo_vector_canonical seed=828 iteration=171/200 episodes=2052 difficulty=1.000 loss=0.01917 wall=2044.3s
[spatial train] ppo_vector_canonical seed=828 iteration=172/200 episodes=2064 difficulty=1.000 loss=0.01027 wall=2055.6s
[spatial train] ppo_vector_canonical seed=828 iteration=173/200 episodes=2076 difficulty=1.000 loss=0.01566 wall=2067.5s
[spatial train] ppo_vector_canonical seed=828 iteration=174/200 episodes=2088 difficulty=1.000 loss=0.02463 wall=2077.5s
[spatial train] ppo_vector_canonical seed=828 iteration=175/200 episodes=2100 difficulty=1.000 loss=0.01979 wall=2089.7s
[spatial train] ppo_vector_canonical seed=828 iteration=176/200 episodes=2112 difficulty=1.000 loss=-0.00595 wall=2099.1s
[spatial train] ppo_vector_canonical seed=828 iteration=177/200 episodes=2124 difficulty=1.000 loss=0.01672 wall=2108.2s
[spatial train] ppo_vector_canonical seed=828 iteration=178/200 episodes=2136 difficulty=1.000 loss=0.03290 wall=2116.7s
[spatial train] ppo_vector_canonical seed=828 iteration=179/200 episodes=2148 difficulty=1.000 loss=0.01929 wall=2125.4s
[spatial train] ppo_vector_canonical seed=828 iteration=180/200 episodes=2160 difficulty=1.000 loss=0.01817 wall=2137.5s
[spatial train] ppo_vector_canonical seed=828 iteration=181/200 episodes=2172 difficulty=1.000 loss=0.01193 wall=2145.8s
[spatial train] ppo_vector_canonical seed=828 iteration=182/200 episodes=2184 difficulty=1.000 loss=0.03516 wall=2154.3s
[spatial train] ppo_vector_canonical seed=828 iteration=183/200 episodes=2196 difficulty=1.000 loss=0.02877 wall=2165.7s
[spatial train] ppo_vector_canonical seed=828 iteration=184/200 episodes=2208 difficulty=1.000 loss=0.01060 wall=2175.0s
[spatial train] ppo_vector_canonical seed=828 iteration=185/200 episodes=2220 difficulty=1.000 loss=0.02305 wall=2183.0s
[spatial train] ppo_vector_canonical seed=828 iteration=186/200 episodes=2232 difficulty=1.000 loss=0.02284 wall=2189.6s
[spatial train] ppo_vector_canonical seed=828 iteration=187/200 episodes=2244 difficulty=1.000 loss=0.02976 wall=2198.0s
[spatial train] ppo_vector_canonical seed=828 iteration=188/200 episodes=2256 difficulty=1.000 loss=0.01502 wall=2205.2s
[spatial train] ppo_vector_canonical seed=828 iteration=189/200 episodes=2268 difficulty=1.000 loss=0.03229 wall=2214.5s
[spatial train] ppo_vector_canonical seed=828 iteration=190/200 episodes=2280 difficulty=1.000 loss=0.01411 wall=2220.5s
[spatial train] ppo_vector_canonical seed=828 iteration=191/200 episodes=2292 difficulty=1.000 loss=0.02719 wall=2227.2s
[spatial train] ppo_vector_canonical seed=828 iteration=192/200 episodes=2304 difficulty=1.000 loss=0.01839 wall=2233.8s
[spatial train] ppo_vector_canonical seed=828 iteration=193/200 episodes=2316 difficulty=1.000 loss=0.01738 wall=2242.2s
[spatial train] ppo_vector_canonical seed=828 iteration=194/200 episodes=2328 difficulty=1.000 loss=0.01369 wall=2249.1s
[spatial train] ppo_vector_canonical seed=828 iteration=195/200 episodes=2340 difficulty=1.000 loss=0.01545 wall=2256.9s
[spatial train] ppo_vector_canonical seed=828 iteration=196/200 episodes=2352 difficulty=1.000 loss=0.01541 wall=2264.2s
[spatial train] ppo_vector_canonical seed=828 iteration=197/200 episodes=2364 difficulty=1.000 loss=0.01769 wall=2270.5s
[spatial train] ppo_vector_canonical seed=828 iteration=198/200 episodes=2376 difficulty=1.000 loss=0.03322 wall=2276.5s
[spatial train] ppo_vector_canonical seed=828 iteration=199/200 episodes=2388 difficulty=1.000 loss=0.03721 wall=2283.3s
[spatial train] ppo_vector_canonical seed=828 iteration=200/200 episodes=2400 difficulty=1.000 loss=0.01806 wall=2292.1s
