[spatial train] ppo_semantic_flat seed=828 iteration=1/200 episodes=12 difficulty=0.000 loss=-0.01097 wall=3.5s
[spatial train] ppo_semantic_flat seed=829 iteration=1/200 episodes=12 difficulty=0.000 loss=0.01217 wall=3.5s
[spatial train] ppo_vector_canonical seed=829 iteration=1/200 episodes=12 difficulty=0.000 loss=-0.00238 wall=3.5s
[spatial train] ppo_vector_canonical seed=828 iteration=1/200 episodes=12 difficulty=0.000 loss=-0.00279 wall=3.7s
[spatial train] ppo_ontology_rgat seed=828 iteration=1/200 episodes=12 difficulty=0.000 loss=-0.01097 wall=3.7s
[spatial train] ppo_ontology_rgat seed=829 iteration=1/200 episodes=12 difficulty=0.000 loss=0.01217 wall=3.5s
[spatial train] ppo_semantic_flat seed=829 iteration=2/200 episodes=24 difficulty=0.000 loss=-0.00237 wall=6.7s
[spatial train] ppo_semantic_flat seed=828 iteration=2/200 episodes=24 difficulty=0.000 loss=0.00771 wall=6.8s
[spatial train] ppo_vector_canonical seed=828 iteration=2/200 episodes=24 difficulty=0.000 loss=-0.00079 wall=6.9s
[spatial train] ppo_vector_canonical seed=829 iteration=2/200 episodes=24 difficulty=0.000 loss=-0.00259 wall=7.3s
[spatial train] ppo_ontology_rgat seed=828 iteration=2/200 episodes=24 difficulty=0.000 loss=0.00771 wall=7.1s
[spatial train] ppo_ontology_rgat seed=829 iteration=2/200 episodes=24 difficulty=0.000 loss=-0.00237 wall=6.8s
[spatial train] ppo_semantic_flat seed=829 iteration=3/200 episodes=36 difficulty=0.000 loss=-0.00448 wall=9.9s
[spatial train] ppo_vector_canonical seed=828 iteration=3/200 episodes=36 difficulty=0.000 loss=-0.01174 wall=10.2s
[spatial train] ppo_semantic_flat seed=828 iteration=3/200 episodes=36 difficulty=0.000 loss=-0.00230 wall=10.2s
[spatial train] ppo_ontology_rgat seed=829 iteration=3/200 episodes=36 difficulty=0.000 loss=-0.00448 wall=10.0s
[spatial train] ppo_ontology_rgat seed=828 iteration=3/200 episodes=36 difficulty=0.000 loss=-0.00230 wall=10.6s
[spatial train] ppo_vector_canonical seed=829 iteration=3/200 episodes=36 difficulty=0.000 loss=-0.00606 wall=11.3s
[spatial train] ppo_vector_canonical seed=828 iteration=4/200 episodes=48 difficulty=0.000 loss=-0.01018 wall=13.3s
[spatial train] ppo_semantic_flat seed=829 iteration=4/200 episodes=48 difficulty=0.000 loss=-0.00928 wall=13.2s
[spatial train] ppo_semantic_flat seed=828 iteration=4/200 episodes=48 difficulty=0.000 loss=-0.00957 wall=13.7s
[spatial train] ppo_ontology_rgat seed=829 iteration=4/200 episodes=48 difficulty=0.000 loss=-0.00928 wall=13.4s
[spatial train] ppo_ontology_rgat seed=828 iteration=4/200 episodes=48 difficulty=0.000 loss=-0.00957 wall=14.2s
[spatial train] ppo_vector_canonical seed=829 iteration=4/200 episodes=48 difficulty=0.000 loss=-0.01160 wall=14.8s
[spatial train] ppo_vector_canonical seed=828 iteration=5/200 episodes=60 difficulty=0.000 loss=-0.00804 wall=16.5s
[spatial train] ppo_semantic_flat seed=828 iteration=5/200 episodes=60 difficulty=0.000 loss=-0.00916 wall=17.1s
[spatial train] ppo_semantic_flat seed=829 iteration=5/200 episodes=60 difficulty=0.000 loss=-0.01120 wall=17.5s
[spatial train] ppo_ontology_rgat seed=828 iteration=5/200 episodes=60 difficulty=0.000 loss=-0.00916 wall=17.8s
[spatial train] ppo_ontology_rgat seed=829 iteration=5/200 episodes=60 difficulty=0.000 loss=-0.01120 wall=17.8s
[spatial train] ppo_vector_canonical seed=829 iteration=5/200 episodes=60 difficulty=0.000 loss=-0.00751 wall=18.6s
[spatial train] ppo_vector_canonical seed=828 iteration=6/200 episodes=72 difficulty=0.000 loss=-0.01230 wall=19.7s
[spatial train] ppo_semantic_flat seed=828 iteration=6/200 episodes=72 difficulty=0.000 loss=-0.01007 wall=20.5s
[spatial train] ppo_semantic_flat seed=829 iteration=6/200 episodes=72 difficulty=0.000 loss=-0.00765 wall=20.8s
[spatial train] ppo_ontology_rgat seed=828 iteration=6/200 episodes=72 difficulty=0.000 loss=-0.01007 wall=21.3s
[spatial train] ppo_ontology_rgat seed=829 iteration=6/200 episodes=72 difficulty=0.000 loss=-0.00765 wall=21.2s
[spatial train] ppo_vector_canonical seed=829 iteration=6/200 episodes=72 difficulty=0.000 loss=-0.01063 wall=21.9s
[spatial train] ppo_vector_canonical seed=828 iteration=7/200 episodes=84 difficulty=0.000 loss=-0.00808 wall=23.0s
[spatial train] ppo_semantic_flat seed=829 iteration=7/200 episodes=84 difficulty=0.000 loss=-0.02286 wall=24.2s
[spatial train] ppo_semantic_flat seed=828 iteration=7/200 episodes=84 difficulty=0.000 loss=-0.01000 wall=24.3s
[spatial train] ppo_vector_canonical seed=829 iteration=7/200 episodes=84 difficulty=0.000 loss=-0.01631 wall=25.2s
[spatial train] ppo_ontology_rgat seed=829 iteration=7/200 episodes=84 difficulty=0.000 loss=-0.02286 wall=24.7s
[spatial train] ppo_ontology_rgat seed=828 iteration=7/200 episodes=84 difficulty=0.000 loss=-0.01000 wall=25.3s
[spatial train] ppo_vector_canonical seed=828 iteration=8/200 episodes=96 difficulty=0.000 loss=-0.01257 wall=26.6s
[spatial train] ppo_semantic_flat seed=828 iteration=8/200 episodes=96 difficulty=0.000 loss=-0.00781 wall=27.6s
[spatial train] ppo_semantic_flat seed=829 iteration=8/200 episodes=96 difficulty=0.000 loss=-0.00913 wall=27.7s
[spatial train] ppo_ontology_rgat seed=828 iteration=8/200 episodes=96 difficulty=0.000 loss=-0.00781 wall=28.7s
[spatial train] ppo_ontology_rgat seed=829 iteration=8/200 episodes=96 difficulty=0.000 loss=-0.00913 wall=28.4s
[spatial train] ppo_vector_canonical seed=829 iteration=8/200 episodes=96 difficulty=0.000 loss=-0.00915 wall=29.3s
[spatial train] ppo_vector_canonical seed=828 iteration=9/200 episodes=108 difficulty=0.000 loss=-0.01566 wall=30.8s
[spatial train] ppo_semantic_flat seed=828 iteration=9/200 episodes=108 difficulty=0.000 loss=-0.00788 wall=30.8s
[spatial train] ppo_semantic_flat seed=829 iteration=9/200 episodes=108 difficulty=0.000 loss=-0.01426 wall=31.0s
[spatial train] ppo_ontology_rgat seed=828 iteration=9/200 episodes=108 difficulty=0.000 loss=-0.00788 wall=32.1s
[spatial train] ppo_ontology_rgat seed=829 iteration=9/200 episodes=108 difficulty=0.000 loss=-0.01426 wall=31.8s
[spatial train] ppo_vector_canonical seed=829 iteration=9/200 episodes=108 difficulty=0.000 loss=-0.00687 wall=33.3s
[spatial train] ppo_semantic_flat seed=828 iteration=10/200 episodes=120 difficulty=0.000 loss=-0.00814 wall=34.0s
[spatial train] ppo_vector_canonical seed=828 iteration=10/200 episodes=120 difficulty=0.000 loss=-0.00977 wall=34.5s
[spatial train] ppo_semantic_flat seed=829 iteration=10/200 episodes=120 difficulty=0.000 loss=-0.01290 wall=34.7s
[spatial train] ppo_ontology_rgat seed=828 iteration=10/200 episodes=120 difficulty=0.000 loss=-0.00814 wall=35.5s
[spatial train] ppo_ontology_rgat seed=829 iteration=10/200 episodes=120 difficulty=0.000 loss=-0.01290 wall=35.5s
[spatial train] ppo_vector_canonical seed=829 iteration=10/200 episodes=120 difficulty=0.000 loss=-0.00160 wall=36.7s
[spatial train] ppo_semantic_flat seed=828 iteration=11/200 episodes=132 difficulty=0.000 loss=-0.00966 wall=37.3s
[spatial train] ppo_vector_canonical seed=828 iteration=11/200 episodes=132 difficulty=0.000 loss=-0.01223 wall=38.1s
[spatial train] ppo_semantic_flat seed=829 iteration=11/200 episodes=132 difficulty=0.000 loss=-0.01028 wall=38.0s
[spatial train] ppo_ontology_rgat seed=828 iteration=11/200 episodes=132 difficulty=0.000 loss=-0.00966 wall=38.9s
[spatial train] ppo_ontology_rgat seed=829 iteration=11/200 episodes=132 difficulty=0.000 loss=-0.01028 wall=39.0s
[spatial train] ppo_vector_canonical seed=829 iteration=11/200 episodes=132 difficulty=0.000 loss=-0.01079 wall=40.2s
[spatial train] ppo_semantic_flat seed=828 iteration=12/200 episodes=144 difficulty=0.000 loss=-0.00996 wall=40.7s
[spatial train] ppo_semantic_flat seed=829 iteration=12/200 episodes=144 difficulty=0.000 loss=-0.00793 wall=41.3s
[spatial train] ppo_vector_canonical seed=828 iteration=12/200 episodes=144 difficulty=0.000 loss=-0.01273 wall=42.0s
[spatial train] ppo_ontology_rgat seed=828 iteration=12/200 episodes=144 difficulty=0.000 loss=-0.00996 wall=42.3s
[spatial train] ppo_ontology_rgat seed=829 iteration=12/200 episodes=144 difficulty=0.000 loss=-0.00793 wall=42.3s
[spatial train] ppo_vector_canonical seed=829 iteration=12/200 episodes=144 difficulty=0.000 loss=-0.01193 wall=43.6s
[spatial train] ppo_semantic_flat seed=828 iteration=13/200 episodes=156 difficulty=0.000 loss=-0.00476 wall=44.0s
[spatial train] ppo_semantic_flat seed=829 iteration=13/200 episodes=156 difficulty=0.000 loss=-0.00659 wall=44.8s
[spatial train] ppo_vector_canonical seed=828 iteration=13/200 episodes=156 difficulty=0.000 loss=-0.01058 wall=46.2s
[spatial train] ppo_ontology_rgat seed=828 iteration=13/200 episodes=156 difficulty=0.000 loss=-0.00476 wall=45.8s
[spatial train] ppo_ontology_rgat seed=829 iteration=13/200 episodes=156 difficulty=0.000 loss=-0.00659 wall=45.9s
[spatial train] ppo_vector_canonical seed=829 iteration=13/200 episodes=156 difficulty=0.000 loss=-0.01473 wall=46.8s
[spatial train] ppo_semantic_flat seed=828 iteration=14/200 episodes=168 difficulty=0.000 loss=-0.01176 wall=47.3s
[spatial train] ppo_semantic_flat seed=829 iteration=14/200 episodes=168 difficulty=0.000 loss=-0.00068 wall=48.8s
[spatial train] ppo_ontology_rgat seed=828 iteration=14/200 episodes=168 difficulty=0.000 loss=-0.01176 wall=49.2s
[spatial train] ppo_semantic_flat seed=828 iteration=15/200 episodes=180 difficulty=0.000 loss=-0.00939 wall=50.6s
[spatial train] ppo_vector_canonical seed=829 iteration=14/200 episodes=168 difficulty=0.000 loss=-0.01039 wall=50.5s
[spatial train] ppo_vector_canonical seed=828 iteration=14/200 episodes=168 difficulty=0.000 loss=-0.00906 wall=50.7s
[spatial train] ppo_ontology_rgat seed=829 iteration=14/200 episodes=168 difficulty=0.000 loss=-0.00068 wall=50.1s
[spatial train] ppo_semantic_flat seed=829 iteration=15/200 episodes=180 difficulty=0.000 loss=-0.00873 wall=52.1s
[spatial train] ppo_ontology_rgat seed=828 iteration=15/200 episodes=180 difficulty=0.000 loss=-0.00939 wall=52.6s
[spatial train] ppo_semantic_flat seed=828 iteration=16/200 episodes=192 difficulty=0.000 loss=-0.00652 wall=53.8s
[spatial train] ppo_ontology_rgat seed=829 iteration=15/200 episodes=180 difficulty=0.000 loss=-0.00873 wall=53.4s
[spatial train] ppo_vector_canonical seed=829 iteration=15/200 episodes=180 difficulty=0.000 loss=-0.00929 wall=54.4s
[spatial train] ppo_vector_canonical seed=828 iteration=15/200 episodes=180 difficulty=0.000 loss=-0.00889 wall=55.7s
[spatial train] ppo_semantic_flat seed=829 iteration=16/200 episodes=192 difficulty=0.000 loss=-0.01388 wall=55.7s
[spatial train] ppo_ontology_rgat seed=828 iteration=16/200 episodes=192 difficulty=0.000 loss=-0.00652 wall=56.1s
[spatial train] ppo_semantic_flat seed=828 iteration=17/200 episodes=204 difficulty=0.000 loss=-0.00981 wall=57.1s
[spatial train] ppo_ontology_rgat seed=829 iteration=16/200 episodes=192 difficulty=0.000 loss=-0.01388 wall=57.2s
[spatial train] ppo_vector_canonical seed=829 iteration=16/200 episodes=192 difficulty=0.000 loss=-0.00981 wall=58.0s
[spatial train] ppo_semantic_flat seed=829 iteration=17/200 episodes=204 difficulty=0.000 loss=-0.01516 wall=59.4s
[spatial train] ppo_ontology_rgat seed=828 iteration=17/200 episodes=204 difficulty=0.000 loss=-0.00981 wall=59.4s
[spatial train] ppo_vector_canonical seed=828 iteration=16/200 episodes=192 difficulty=0.000 loss=-0.01054 wall=60.0s
[spatial train] ppo_semantic_flat seed=828 iteration=18/200 episodes=216 difficulty=0.000 loss=-0.00874 wall=60.4s
[spatial train] ppo_ontology_rgat seed=829 iteration=17/200 episodes=204 difficulty=0.000 loss=-0.01516 wall=60.9s
[spatial train] ppo_vector_canonical seed=829 iteration=17/200 episodes=204 difficulty=0.000 loss=-0.01059 wall=61.8s
[spatial train] ppo_semantic_flat seed=829 iteration=18/200 episodes=216 difficulty=0.000 loss=-0.01358 wall=62.8s
[spatial train] ppo_ontology_rgat seed=828 iteration=18/200 episodes=216 difficulty=0.000 loss=-0.00874 wall=62.9s
[spatial train] ppo_semantic_flat seed=828 iteration=19/200 episodes=228 difficulty=0.000 loss=-0.01596 wall=63.7s
[spatial train] ppo_vector_canonical seed=828 iteration=17/200 episodes=204 difficulty=0.000 loss=-0.00683 wall=64.0s
[spatial train] ppo_ontology_rgat seed=829 iteration=18/200 episodes=216 difficulty=0.000 loss=-0.01358 wall=64.5s
[spatial train] ppo_semantic_flat seed=829 iteration=19/200 episodes=228 difficulty=0.000 loss=-0.00874 wall=66.3s
[spatial train] ppo_vector_canonical seed=829 iteration=18/200 episodes=216 difficulty=0.000 loss=-0.01012 wall=66.3s
[spatial train] ppo_ontology_rgat seed=828 iteration=19/200 episodes=228 difficulty=0.000 loss=-0.01596 wall=66.3s
[spatial train] ppo_semantic_flat seed=828 iteration=20/200 episodes=240 difficulty=0.000 loss=-0.00878 wall=66.8s
[spatial train] ppo_vector_canonical seed=828 iteration=18/200 episodes=216 difficulty=0.000 loss=-0.00729 wall=68.5s
[spatial train] ppo_ontology_rgat seed=829 iteration=19/200 episodes=228 difficulty=0.000 loss=-0.00874 wall=68.0s
[spatial train] ppo_ontology_rgat seed=828 iteration=20/200 episodes=240 difficulty=0.000 loss=-0.00878 wall=69.6s
[spatial train] ppo_semantic_flat seed=829 iteration=20/200 episodes=240 difficulty=0.000 loss=-0.01094 wall=69.9s
[spatial train] ppo_vector_canonical seed=829 iteration=19/200 episodes=228 difficulty=0.000 loss=-0.01261 wall=69.9s
[spatial train] ppo_semantic_flat seed=828 iteration=21/200 episodes=252 difficulty=0.000 loss=-0.01201 wall=70.2s
[spatial train] ppo_ontology_rgat seed=829 iteration=20/200 episodes=240 difficulty=0.000 loss=-0.01094 wall=71.8s
[spatial train] ppo_semantic_flat seed=828 iteration=22/200 episodes=264 difficulty=0.000 loss=-0.01209 wall=73.4s
[spatial train] ppo_vector_canonical seed=829 iteration=20/200 episodes=240 difficulty=0.000 loss=-0.01286 wall=73.6s
[spatial train] ppo_ontology_rgat seed=828 iteration=21/200 episodes=252 difficulty=0.000 loss=-0.01201 wall=73.5s
[spatial train] ppo_vector_canonical seed=828 iteration=19/200 episodes=228 difficulty=0.000 loss=-0.01120 wall=73.9s
[spatial train] ppo_semantic_flat seed=829 iteration=21/200 episodes=252 difficulty=0.000 loss=-0.01498 wall=74.2s
[spatial train] ppo_semantic_flat seed=828 iteration=23/200 episodes=276 difficulty=0.000 loss=-0.00480 wall=76.7s
[spatial train] ppo_ontology_rgat seed=829 iteration=21/200 episodes=252 difficulty=0.000 loss=-0.01498 wall=76.2s
[spatial train] ppo_ontology_rgat seed=828 iteration=22/200 episodes=264 difficulty=0.000 loss=-0.01209 wall=76.9s
[spatial train] ppo_semantic_flat seed=829 iteration=22/200 episodes=264 difficulty=0.000 loss=-0.01290 wall=77.9s
[spatial train] ppo_vector_canonical seed=829 iteration=21/200 episodes=252 difficulty=0.000 loss=-0.00847 wall=78.4s
[spatial train] ppo_semantic_flat seed=828 iteration=24/200 episodes=288 difficulty=0.000 loss=-0.01135 wall=80.0s
[spatial train] ppo_ontology_rgat seed=828 iteration=23/200 episodes=276 difficulty=0.000 loss=-0.00480 wall=80.3s
[spatial train] ppo_ontology_rgat seed=829 iteration=22/200 episodes=264 difficulty=0.000 loss=-0.01290 wall=80.0s
[spatial train] ppo_vector_canonical seed=829 iteration=22/200 episodes=264 difficulty=0.000 loss=-0.00688 wall=82.5s
[spatial train] ppo_vector_canonical seed=828 iteration=20/200 episodes=240 difficulty=0.000 loss=-0.00979 wall=82.7s
[spatial train] ppo_semantic_flat seed=828 iteration=25/200 episodes=300 difficulty=0.000 loss=-0.00618 wall=83.3s
[spatial train] ppo_semantic_flat seed=829 iteration=23/200 episodes=276 difficulty=0.000 loss=-0.00641 wall=83.3s
[spatial train] ppo_ontology_rgat seed=828 iteration=24/200 episodes=288 difficulty=0.000 loss=-0.01135 wall=83.7s
[spatial train] ppo_ontology_rgat seed=829 iteration=23/200 episodes=276 difficulty=0.000 loss=-0.00641 wall=85.6s
[spatial train] ppo_semantic_flat seed=828 iteration=26/200 episodes=312 difficulty=0.000 loss=-0.00871 wall=86.5s
[spatial train] ppo_semantic_flat seed=829 iteration=24/200 episodes=288 difficulty=0.000 loss=-0.00169 wall=87.3s
[spatial train] ppo_ontology_rgat seed=828 iteration=25/200 episodes=300 difficulty=0.000 loss=-0.00618 wall=87.1s
[spatial train] ppo_vector_canonical seed=829 iteration=23/200 episodes=276 difficulty=0.000 loss=-0.01002 wall=87.5s
[spatial train] ppo_vector_canonical seed=828 iteration=21/200 episodes=252 difficulty=0.000 loss=-0.00912 wall=89.2s
[spatial train] ppo_semantic_flat seed=828 iteration=27/200 episodes=324 difficulty=0.000 loss=-0.00921 wall=89.8s
[spatial train] ppo_ontology_rgat seed=829 iteration=24/200 episodes=288 difficulty=0.000 loss=-0.00169 wall=89.8s
[spatial train] ppo_ontology_rgat seed=828 iteration=26/200 episodes=312 difficulty=0.000 loss=-0.00871 wall=90.5s
[spatial train] ppo_semantic_flat seed=829 iteration=25/200 episodes=300 difficulty=0.000 loss=-0.01899 wall=91.0s
[spatial train] ppo_vector_canonical seed=829 iteration=24/200 episodes=288 difficulty=0.000 loss=-0.00999 wall=92.5s
[spatial train] ppo_semantic_flat seed=828 iteration=28/200 episodes=336 difficulty=0.000 loss=-0.00449 wall=93.2s
[spatial train] ppo_ontology_rgat seed=828 iteration=27/200 episodes=324 difficulty=0.000 loss=-0.00921 wall=93.9s
[spatial train] ppo_semantic_flat seed=829 iteration=26/200 episodes=312 difficulty=0.000 loss=-0.00863 wall=94.7s
[spatial train] ppo_ontology_rgat seed=829 iteration=25/200 episodes=300 difficulty=0.000 loss=-0.01899 wall=94.6s
[spatial train] ppo_semantic_flat seed=828 iteration=29/200 episodes=348 difficulty=0.000 loss=-0.00915 wall=96.6s
[spatial train] ppo_ontology_rgat seed=828 iteration=28/200 episodes=336 difficulty=0.000 loss=-0.00449 wall=97.3s
[spatial train] ppo_vector_canonical seed=829 iteration=25/200 episodes=300 difficulty=0.000 loss=-0.01300 wall=97.6s
[spatial train] ppo_vector_canonical seed=828 iteration=22/200 episodes=264 difficulty=0.000 loss=-0.00945 wall=98.5s
[spatial train] ppo_semantic_flat seed=829 iteration=27/200 episodes=324 difficulty=0.000 loss=-0.01007 wall=99.1s
[spatial train] ppo_ontology_rgat seed=829 iteration=26/200 episodes=312 difficulty=0.000 loss=-0.00863 wall=98.5s
[spatial train] ppo_semantic_flat seed=828 iteration=30/200 episodes=360 difficulty=0.000 loss=-0.01335 wall=99.8s
[spatial train] ppo_ontology_rgat seed=828 iteration=29/200 episodes=348 difficulty=0.000 loss=-0.00915 wall=101.8s
[spatial train] ppo_vector_canonical seed=829 iteration=26/200 episodes=312 difficulty=0.000 loss=-0.00920 wall=102.4s
[spatial train] ppo_semantic_flat seed=828 iteration=31/200 episodes=372 difficulty=0.000 loss=-0.00669 wall=103.1s
[spatial train] ppo_ontology_rgat seed=829 iteration=27/200 episodes=324 difficulty=0.000 loss=-0.01007 wall=103.0s
[spatial train] ppo_semantic_flat seed=829 iteration=28/200 episodes=336 difficulty=0.000 loss=-0.00967 wall=104.5s
[spatial train] ppo_ontology_rgat seed=828 iteration=30/200 episodes=360 difficulty=0.000 loss=-0.01335 wall=105.2s
[spatial train] ppo_semantic_flat seed=828 iteration=32/200 episodes=384 difficulty=0.000 loss=-0.01218 wall=106.4s
[spatial train] ppo_vector_canonical seed=829 iteration=27/200 episodes=324 difficulty=0.000 loss=-0.00814 wall=107.4s
[spatial train] ppo_semantic_flat seed=829 iteration=29/200 episodes=348 difficulty=0.000 loss=-0.00564 wall=108.3s
[spatial train] ppo_ontology_rgat seed=829 iteration=28/200 episodes=336 difficulty=0.000 loss=-0.00967 wall=107.7s
[spatial train] ppo_vector_canonical seed=828 iteration=23/200 episodes=276 difficulty=0.000 loss=-0.00603 wall=109.3s
[spatial train] ppo_ontology_rgat seed=828 iteration=31/200 episodes=372 difficulty=0.000 loss=-0.00669 wall=109.0s
[spatial train] ppo_semantic_flat seed=828 iteration=33/200 episodes=396 difficulty=0.000 loss=-0.00778 wall=109.8s
[spatial train] ppo_ontology_rgat seed=829 iteration=29/200 episodes=348 difficulty=0.000 loss=-0.00564 wall=111.5s
[spatial train] ppo_ontology_rgat seed=828 iteration=32/200 episodes=384 difficulty=0.000 loss=-0.01218 wall=112.7s
[spatial train] ppo_semantic_flat seed=828 iteration=34/200 episodes=408 difficulty=0.000 loss=-0.01028 wall=113.6s
[spatial train] ppo_vector_canonical seed=829 iteration=28/200 episodes=336 difficulty=0.000 loss=-0.00521 wall=113.4s
[spatial train] ppo_semantic_flat seed=829 iteration=30/200 episodes=360 difficulty=0.000 loss=-0.01813 wall=113.8s
[spatial train] ppo_semantic_flat seed=828 iteration=35/200 episodes=420 difficulty=0.000 loss=-0.00795 wall=117.1s
[spatial train] ppo_ontology_rgat seed=828 iteration=33/200 episodes=396 difficulty=0.000 loss=-0.00778 wall=116.9s
[spatial train] ppo_ontology_rgat seed=829 iteration=30/200 episodes=360 difficulty=0.000 loss=-0.01813 wall=116.6s
[spatial train] ppo_semantic_flat seed=829 iteration=31/200 episodes=372 difficulty=0.000 loss=-0.00959 wall=118.0s
[spatial train] ppo_vector_canonical seed=829 iteration=29/200 episodes=348 difficulty=0.000 loss=-0.00717 wall=119.5s
[spatial train] ppo_vector_canonical seed=828 iteration=24/200 episodes=288 difficulty=0.000 loss=-0.00899 wall=119.9s
[spatial train] ppo_semantic_flat seed=828 iteration=36/200 episodes=432 difficulty=0.000 loss=-0.01181 wall=120.7s
[spatial train] ppo_ontology_rgat seed=828 iteration=34/200 episodes=408 difficulty=0.000 loss=-0.01028 wall=120.6s
[spatial train] ppo_ontology_rgat seed=829 iteration=31/200 episodes=372 difficulty=0.000 loss=-0.00959 wall=121.1s
[spatial train] ppo_semantic_flat seed=829 iteration=32/200 episodes=384 difficulty=0.000 loss=-0.01023 wall=123.2s
[spatial train] ppo_semantic_flat seed=828 iteration=37/200 episodes=444 difficulty=0.000 loss=-0.01073 wall=124.4s
[spatial train] ppo_ontology_rgat seed=828 iteration=35/200 episodes=420 difficulty=0.000 loss=-0.00795 wall=124.3s
[spatial train] ppo_vector_canonical seed=829 iteration=30/200 episodes=360 difficulty=0.000 loss=-0.00765 wall=127.1s
[spatial train] ppo_ontology_rgat seed=829 iteration=32/200 episodes=384 difficulty=0.000 loss=-0.01023 wall=126.6s
[spatial train] ppo_semantic_flat seed=829 iteration=33/200 episodes=396 difficulty=0.000 loss=-0.01253 wall=127.5s
[spatial train] ppo_semantic_flat seed=828 iteration=38/200 episodes=456 difficulty=0.000 loss=-0.00993 wall=127.9s
[spatial train] ppo_ontology_rgat seed=828 iteration=36/200 episodes=432 difficulty=0.000 loss=-0.01181 wall=128.0s
[spatial train] ppo_vector_canonical seed=828 iteration=25/200 episodes=300 difficulty=0.000 loss=-0.01094 wall=130.5s
[spatial train] ppo_semantic_flat seed=828 iteration=39/200 episodes=468 difficulty=0.000 loss=-0.00886 wall=131.4s
[spatial train] ppo_ontology_rgat seed=829 iteration=33/200 episodes=396 difficulty=0.000 loss=-0.01253 wall=131.0s
[spatial train] ppo_semantic_flat seed=829 iteration=34/200 episodes=408 difficulty=0.000 loss=-0.01220 wall=131.8s
[spatial train] ppo_ontology_rgat seed=828 iteration=37/200 episodes=444 difficulty=0.000 loss=-0.01073 wall=131.7s
[spatial train] ppo_vector_canonical seed=829 iteration=31/200 episodes=372 difficulty=0.000 loss=-0.00647 wall=133.8s
[spatial train] ppo_semantic_flat seed=828 iteration=40/200 episodes=480 difficulty=0.000 loss=-0.00979 wall=135.0s
[spatial train] ppo_ontology_rgat seed=828 iteration=38/200 episodes=456 difficulty=0.000 loss=-0.00993 wall=135.4s
[spatial train] ppo_ontology_rgat seed=829 iteration=34/200 episodes=408 difficulty=0.000 loss=-0.01220 wall=135.6s
[spatial train] ppo_semantic_flat seed=829 iteration=35/200 episodes=420 difficulty=0.000 loss=-0.00667 wall=137.3s
[spatial train] ppo_semantic_flat seed=828 iteration=41/200 episodes=492 difficulty=0.000 loss=-0.01930 wall=138.7s
[spatial train] ppo_ontology_rgat seed=828 iteration=39/200 episodes=468 difficulty=0.000 loss=-0.00886 wall=139.1s
[spatial train] ppo_ontology_rgat seed=829 iteration=35/200 episodes=420 difficulty=0.000 loss=-0.00667 wall=141.0s
[spatial train] ppo_semantic_flat seed=829 iteration=36/200 episodes=432 difficulty=0.000 loss=-0.01196 wall=141.8s
[spatial train] ppo_semantic_flat seed=828 iteration=42/200 episodes=504 difficulty=0.000 loss=-0.01063 wall=142.4s
[spatial train] ppo_ontology_rgat seed=828 iteration=40/200 episodes=480 difficulty=0.000 loss=-0.00979 wall=142.9s
[spatial train] ppo_vector_canonical seed=829 iteration=32/200 episodes=384 difficulty=0.000 loss=-0.00932 wall=143.6s
[spatial train] ppo_semantic_flat seed=828 iteration=43/200 episodes=516 difficulty=0.000 loss=-0.01160 wall=146.5s
[spatial train] ppo_ontology_rgat seed=829 iteration=36/200 episodes=432 difficulty=0.000 loss=-0.01196 wall=145.8s
[spatial train] ppo_vector_canonical seed=828 iteration=26/200 episodes=312 difficulty=0.000 loss=-0.00588 wall=146.7s
[spatial train] ppo_semantic_flat seed=829 iteration=37/200 episodes=444 difficulty=0.000 loss=-0.00794 wall=146.5s
[spatial train] ppo_ontology_rgat seed=828 iteration=41/200 episodes=492 difficulty=0.000 loss=-0.01930 wall=146.7s
[spatial train] ppo_vector_canonical seed=829 iteration=33/200 episodes=396 difficulty=0.000 loss=-0.00755 wall=149.8s
[spatial train] ppo_semantic_flat seed=828 iteration=44/200 episodes=528 difficulty=0.000 loss=-0.01408 wall=150.4s
[spatial train] ppo_ontology_rgat seed=828 iteration=42/200 episodes=504 difficulty=0.000 loss=-0.01063 wall=150.6s
[spatial train] ppo_ontology_rgat seed=829 iteration=37/200 episodes=444 difficulty=0.000 loss=-0.00794 wall=150.7s
[spatial train] ppo_semantic_flat seed=829 iteration=38/200 episodes=456 difficulty=0.000 loss=-0.00304 wall=152.4s
[spatial train] ppo_semantic_flat seed=828 iteration=45/200 episodes=540 difficulty=0.000 loss=-0.00750 wall=153.9s
[spatial train] ppo_ontology_rgat seed=828 iteration=43/200 episodes=516 difficulty=0.000 loss=-0.01160 wall=154.9s
[spatial train] ppo_semantic_flat seed=828 iteration=46/200 episodes=552 difficulty=0.000 loss=-0.00483 wall=157.7s
[spatial train] ppo_ontology_rgat seed=829 iteration=38/200 episodes=456 difficulty=0.000 loss=-0.00304 wall=157.0s
[spatial train] ppo_semantic_flat seed=829 iteration=39/200 episodes=468 difficulty=0.000 loss=-0.00880 wall=157.8s
[spatial train] ppo_ontology_rgat seed=828 iteration=44/200 episodes=528 difficulty=0.000 loss=-0.01408 wall=159.0s
[spatial train] ppo_vector_canonical seed=828 iteration=27/200 episodes=324 difficulty=0.000 loss=-0.00751 wall=160.9s
[spatial train] ppo_vector_canonical seed=829 iteration=34/200 episodes=408 difficulty=0.000 loss=-0.00616 wall=161.2s
[spatial train] ppo_semantic_flat seed=828 iteration=47/200 episodes=564 difficulty=0.000 loss=-0.00814 wall=161.8s
[spatial train] ppo_ontology_rgat seed=828 iteration=45/200 episodes=540 difficulty=0.000 loss=-0.00750 wall=162.8s
[spatial train] ppo_ontology_rgat seed=829 iteration=39/200 episodes=468 difficulty=0.000 loss=-0.00880 wall=162.6s
[spatial train] ppo_semantic_flat seed=829 iteration=40/200 episodes=480 difficulty=0.000 loss=-0.00773 wall=163.9s
[spatial train] ppo_semantic_flat seed=828 iteration=48/200 episodes=576 difficulty=0.000 loss=-0.01074 wall=165.9s
[spatial train] ppo_ontology_rgat seed=828 iteration=46/200 episodes=552 difficulty=0.000 loss=-0.00483 wall=166.7s
[spatial train] ppo_semantic_flat seed=829 iteration=41/200 episodes=492 difficulty=0.000 loss=-0.01094 wall=167.9s
[spatial train] ppo_ontology_rgat seed=829 iteration=40/200 episodes=480 difficulty=0.000 loss=-0.00773 wall=168.8s
[spatial train] ppo_semantic_flat seed=828 iteration=49/200 episodes=588 difficulty=0.000 loss=-0.00868 wall=170.2s
[spatial train] ppo_ontology_rgat seed=828 iteration=47/200 episodes=564 difficulty=0.000 loss=-0.00814 wall=171.0s
[spatial train] ppo_vector_canonical seed=829 iteration=35/200 episodes=420 difficulty=0.000 loss=-0.00649 wall=173.5s
[spatial train] ppo_ontology_rgat seed=829 iteration=41/200 episodes=492 difficulty=0.000 loss=-0.01094 wall=173.1s
[spatial train] ppo_semantic_flat seed=829 iteration=42/200 episodes=504 difficulty=0.000 loss=-0.00919 wall=173.8s
[spatial train] ppo_semantic_flat seed=828 iteration=50/200 episodes=600 difficulty=0.000 loss=-0.01295 wall=174.3s
[spatial train] ppo_ontology_rgat seed=828 iteration=48/200 episodes=576 difficulty=0.000 loss=-0.01074 wall=175.3s
[spatial train] ppo_semantic_flat seed=828 iteration=51/200 episodes=612 difficulty=0.000 loss=-0.01192 wall=178.1s
[spatial train] ppo_semantic_flat seed=829 iteration=43/200 episodes=516 difficulty=0.000 loss=-0.01025 wall=179.7s
[spatial train] ppo_ontology_rgat seed=828 iteration=49/200 episodes=588 difficulty=0.000 loss=-0.00868 wall=179.8s
[spatial train] ppo_ontology_rgat seed=829 iteration=42/200 episodes=504 difficulty=0.000 loss=-0.00919 wall=179.5s
[spatial train] ppo_vector_canonical seed=828 iteration=28/200 episodes=336 difficulty=0.000 loss=-0.00491 wall=180.7s
[spatial train] ppo_semantic_flat seed=828 iteration=52/200 episodes=624 difficulty=0.000 loss=-0.00952 wall=182.8s
[spatial train] ppo_ontology_rgat seed=828 iteration=50/200 episodes=600 difficulty=0.000 loss=-0.01295 wall=184.2s
[spatial train] ppo_semantic_flat seed=829 iteration=44/200 episodes=528 difficulty=0.000 loss=-0.00614 wall=185.6s
[spatial train] ppo_ontology_rgat seed=829 iteration=43/200 episodes=516 difficulty=0.000 loss=-0.01025 wall=185.5s
[spatial train] ppo_semantic_flat seed=828 iteration=53/200 episodes=636 difficulty=0.000 loss=-0.00156 wall=186.5s
[spatial train] ppo_vector_canonical seed=829 iteration=36/200 episodes=432 difficulty=0.000 loss=-0.00563 wall=187.5s
[spatial train] ppo_ontology_rgat seed=828 iteration=51/200 episodes=612 difficulty=0.000 loss=-0.01192 wall=188.2s
[spatial train] ppo_semantic_flat seed=828 iteration=54/200 episodes=648 difficulty=0.000 loss=0.01827 wall=191.4s
[spatial train] ppo_semantic_flat seed=829 iteration=45/200 episodes=540 difficulty=0.000 loss=-0.00026 wall=192.8s
[spatial train] ppo_ontology_rgat seed=829 iteration=44/200 episodes=528 difficulty=0.000 loss=-0.00614 wall=192.2s
[spatial train] ppo_ontology_rgat seed=828 iteration=52/200 episodes=624 difficulty=0.000 loss=-0.00952 wall=193.1s
[spatial train] ppo_semantic_flat seed=828 iteration=55/200 episodes=660 difficulty=0.000 loss=-0.01578 wall=195.2s
[spatial train] ppo_ontology_rgat seed=828 iteration=53/200 episodes=636 difficulty=0.000 loss=-0.00156 wall=197.5s
[spatial train] ppo_vector_canonical seed=828 iteration=29/200 episodes=348 difficulty=0.000 loss=-0.00587 wall=198.2s
[spatial train] ppo_semantic_flat seed=829 iteration=46/200 episodes=552 difficulty=0.000 loss=-0.00617 wall=198.2s
[spatial train] ppo_semantic_flat seed=828 iteration=56/200 episodes=672 difficulty=0.000 loss=-0.01058 wall=199.1s
[spatial train] ppo_ontology_rgat seed=829 iteration=45/200 episodes=540 difficulty=0.000 loss=-0.00026 wall=199.4s
[spatial train] ppo_vector_canonical seed=829 iteration=37/200 episodes=444 difficulty=0.000 loss=-0.00698 wall=201.1s
[spatial train] ppo_semantic_flat seed=828 iteration=57/200 episodes=684 difficulty=0.000 loss=-0.00996 wall=202.6s
[spatial train] ppo_ontology_rgat seed=828 iteration=54/200 episodes=648 difficulty=0.000 loss=0.01827 wall=202.6s
[spatial train] ppo_semantic_flat seed=829 iteration=47/200 episodes=564 difficulty=0.000 loss=-0.00768 wall=204.8s
[spatial train] ppo_ontology_rgat seed=829 iteration=46/200 episodes=552 difficulty=0.000 loss=-0.00617 wall=204.9s
[spatial train] ppo_semantic_flat seed=828 iteration=58/200 episodes=696 difficulty=0.000 loss=-0.01192 wall=206.3s
[spatial train] ppo_ontology_rgat seed=828 iteration=55/200 episodes=660 difficulty=0.000 loss=-0.01578 wall=206.6s
[spatial train] ppo_semantic_flat seed=828 iteration=59/200 episodes=708 difficulty=0.000 loss=-0.01482 wall=209.9s
[spatial train] ppo_ontology_rgat seed=828 iteration=56/200 episodes=672 difficulty=0.000 loss=-0.01058 wall=210.6s
[spatial train] ppo_ontology_rgat seed=829 iteration=47/200 episodes=564 difficulty=0.000 loss=-0.00768 wall=211.5s
[spatial train] ppo_semantic_flat seed=829 iteration=48/200 episodes=576 difficulty=0.000 loss=-0.01035 wall=212.9s
[spatial train] ppo_semantic_flat seed=828 iteration=60/200 episodes=720 difficulty=0.000 loss=-0.00856 wall=213.3s
[spatial train] ppo_ontology_rgat seed=828 iteration=57/200 episodes=684 difficulty=0.000 loss=-0.00996 wall=214.3s
[spatial train] ppo_vector_canonical seed=828 iteration=30/200 episodes=360 difficulty=0.000 loss=-0.00670 wall=214.9s
[spatial train] ppo_semantic_flat seed=828 iteration=61/200 episodes=732 difficulty=0.010 loss=-0.00662 wall=217.0s
[spatial train] ppo_vector_canonical seed=829 iteration=38/200 episodes=456 difficulty=0.000 loss=-0.00680 wall=217.1s
[spatial train] ppo_ontology_rgat seed=828 iteration=58/200 episodes=696 difficulty=0.000 loss=-0.01192 wall=218.2s
[spatial train] ppo_ontology_rgat seed=829 iteration=48/200 episodes=576 difficulty=0.000 loss=-0.01035 wall=219.5s
[spatial train] ppo_semantic_flat seed=828 iteration=62/200 episodes=744 difficulty=0.020 loss=-0.00581 wall=220.6s
[spatial train] ppo_semantic_flat seed=829 iteration=49/200 episodes=588 difficulty=0.000 loss=-0.00880 wall=220.8s
[spatial train] ppo_ontology_rgat seed=828 iteration=59/200 episodes=708 difficulty=0.000 loss=-0.01482 wall=221.9s
[spatial train] ppo_semantic_flat seed=828 iteration=63/200 episodes=756 difficulty=0.030 loss=-0.02022 wall=224.3s
[spatial train] ppo_ontology_rgat seed=828 iteration=60/200 episodes=720 difficulty=0.000 loss=-0.00856 wall=225.6s
[spatial train] ppo_semantic_flat seed=828 iteration=64/200 episodes=768 difficulty=0.040 loss=-0.01191 wall=228.2s
[spatial train] ppo_ontology_rgat seed=829 iteration=49/200 episodes=588 difficulty=0.000 loss=-0.00880 wall=227.4s
[spatial train] ppo_semantic_flat seed=829 iteration=50/200 episodes=600 difficulty=0.000 loss=-0.00852 wall=229.8s
[spatial train] ppo_ontology_rgat seed=828 iteration=61/200 episodes=732 difficulty=0.010 loss=-0.00376 wall=229.8s
[spatial train] ppo_semantic_flat seed=828 iteration=65/200 episodes=780 difficulty=0.050 loss=-0.01776 wall=232.7s
[spatial train] ppo_vector_canonical seed=829 iteration=39/200 episodes=468 difficulty=0.000 loss=-0.00719 wall=234.5s
[spatial train] ppo_vector_canonical seed=828 iteration=31/200 episodes=372 difficulty=0.000 loss=-0.00559 wall=234.8s
[spatial train] ppo_semantic_flat seed=828 iteration=66/200 episodes=792 difficulty=0.060 loss=-0.01075 wall=236.7s
[spatial train] ppo_ontology_rgat seed=828 iteration=62/200 episodes=744 difficulty=0.020 loss=-0.00230 wall=236.6s
[spatial train] ppo_ontology_rgat seed=829 iteration=50/200 episodes=600 difficulty=0.000 loss=-0.00852 wall=236.6s
[spatial train] ppo_semantic_flat seed=829 iteration=51/200 episodes=612 difficulty=0.000 loss=-0.00576 wall=238.0s
[spatial train] ppo_semantic_flat seed=828 iteration=67/200 episodes=804 difficulty=0.070 loss=-0.01276 wall=241.8s
[spatial train] ppo_ontology_rgat seed=828 iteration=63/200 episodes=756 difficulty=0.030 loss=0.02253 wall=242.6s
[spatial train] ppo_ontology_rgat seed=829 iteration=51/200 episodes=612 difficulty=0.000 loss=-0.00576 wall=244.9s
[spatial train] ppo_semantic_flat seed=828 iteration=68/200 episodes=816 difficulty=0.080 loss=-0.01104 wall=246.1s
[spatial train] ppo_ontology_rgat seed=828 iteration=64/200 episodes=768 difficulty=0.040 loss=0.00182 wall=248.8s
[spatial train] ppo_vector_canonical seed=828 iteration=32/200 episodes=384 difficulty=0.000 loss=-0.00446 wall=249.6s
[spatial train] ppo_semantic_flat seed=828 iteration=69/200 episodes=828 difficulty=0.090 loss=-0.00984 wall=250.9s
[spatial train] ppo_semantic_flat seed=829 iteration=52/200 episodes=624 difficulty=0.000 loss=-0.00543 wall=250.9s
[spatial train] ppo_vector_canonical seed=829 iteration=40/200 episodes=480 difficulty=0.000 loss=-0.00786 wall=253.3s
[spatial train] ppo_semantic_flat seed=828 iteration=70/200 episodes=840 difficulty=0.100 loss=-0.01213 wall=254.8s
[spatial train] ppo_ontology_rgat seed=828 iteration=65/200 episodes=780 difficulty=0.050 loss=-0.00259 wall=255.3s
[spatial train] ppo_ontology_rgat seed=829 iteration=52/200 episodes=624 difficulty=0.000 loss=-0.00543 wall=257.9s
[spatial train] ppo_semantic_flat seed=828 iteration=71/200 episodes=852 difficulty=0.110 loss=-0.00781 wall=260.6s
[spatial train] ppo_ontology_rgat seed=828 iteration=66/200 episodes=792 difficulty=0.060 loss=-0.00009 wall=261.7s
[spatial train] ppo_vector_canonical seed=828 iteration=33/200 episodes=396 difficulty=0.000 loss=-0.00279 wall=265.9s
[spatial train] ppo_semantic_flat seed=829 iteration=53/200 episodes=636 difficulty=0.000 loss=-0.00416 wall=266.1s
[spatial train] ppo_semantic_flat seed=828 iteration=72/200 episodes=864 difficulty=0.120 loss=-0.00912 wall=266.5s
[spatial train] ppo_ontology_rgat seed=828 iteration=67/200 episodes=804 difficulty=0.070 loss=-0.00253 wall=268.1s
[spatial train] ppo_vector_canonical seed=829 iteration=41/200 episodes=492 difficulty=0.000 loss=-0.00651 wall=271.5s
[spatial train] ppo_semantic_flat seed=828 iteration=73/200 episodes=876 difficulty=0.130 loss=-0.00545 wall=272.2s
[spatial train] ppo_ontology_rgat seed=829 iteration=53/200 episodes=636 difficulty=0.000 loss=-0.00416 wall=273.3s
[spatial train] ppo_ontology_rgat seed=828 iteration=68/200 episodes=816 difficulty=0.080 loss=-0.00496 wall=274.7s
[spatial train] ppo_semantic_flat seed=828 iteration=74/200 episodes=888 difficulty=0.140 loss=-0.00866 wall=276.8s
[spatial train] ppo_ontology_rgat seed=828 iteration=69/200 episodes=828 difficulty=0.090 loss=-0.00360 wall=281.0s
[spatial train] ppo_semantic_flat seed=829 iteration=54/200 episodes=648 difficulty=0.000 loss=-0.00564 wall=281.4s
[spatial train] ppo_semantic_flat seed=828 iteration=75/200 episodes=900 difficulty=0.150 loss=-0.00680 wall=283.1s
[spatial train] ppo_vector_canonical seed=828 iteration=34/200 episodes=408 difficulty=0.000 loss=-0.00564 wall=284.9s
[spatial train] ppo_vector_canonical seed=829 iteration=42/200 episodes=504 difficulty=0.000 loss=-0.00765 wall=287.4s
[spatial train] ppo_ontology_rgat seed=828 iteration=70/200 episodes=840 difficulty=0.100 loss=-0.00380 wall=287.3s
[spatial train] ppo_semantic_flat seed=828 iteration=76/200 episodes=912 difficulty=0.160 loss=-0.00917 wall=288.1s
[spatial train] ppo_ontology_rgat seed=829 iteration=54/200 episodes=648 difficulty=0.000 loss=-0.00564 wall=289.1s
[spatial train] ppo_ontology_rgat seed=828 iteration=71/200 episodes=852 difficulty=0.110 loss=-0.00257 wall=293.8s
[spatial train] ppo_semantic_flat seed=828 iteration=77/200 episodes=924 difficulty=0.170 loss=-0.00102 wall=294.8s
[spatial train] ppo_semantic_flat seed=829 iteration=55/200 episodes=660 difficulty=0.000 loss=0.00042 wall=300.5s
[spatial train] ppo_ontology_rgat seed=828 iteration=72/200 episodes=864 difficulty=0.120 loss=-0.00003 wall=300.3s
[spatial train] ppo_semantic_flat seed=828 iteration=78/200 episodes=936 difficulty=0.180 loss=-0.00561 wall=301.8s
[spatial train] ppo_vector_canonical seed=828 iteration=35/200 episodes=420 difficulty=0.000 loss=-0.00745 wall=302.3s
[spatial train] ppo_vector_canonical seed=829 iteration=43/200 episodes=516 difficulty=0.000 loss=-0.00542 wall=303.5s
[spatial train] ppo_ontology_rgat seed=828 iteration=73/200 episodes=876 difficulty=0.130 loss=-0.00421 wall=307.0s
[spatial train] ppo_semantic_flat seed=828 iteration=79/200 episodes=948 difficulty=0.190 loss=-0.00959 wall=308.9s
[spatial train] ppo_ontology_rgat seed=829 iteration=55/200 episodes=660 difficulty=0.000 loss=0.00042 wall=308.3s
[spatial train] ppo_ontology_rgat seed=828 iteration=74/200 episodes=888 difficulty=0.140 loss=-0.00412 wall=313.8s
[spatial train] ppo_semantic_flat seed=829 iteration=56/200 episodes=672 difficulty=0.000 loss=-0.00264 wall=314.2s
[spatial train] ppo_vector_canonical seed=829 iteration=44/200 episodes=528 difficulty=0.000 loss=-0.00733 wall=315.7s
[spatial train] ppo_semantic_flat seed=828 iteration=80/200 episodes=960 difficulty=0.200 loss=-0.00714 wall=317.9s
[spatial train] ppo_ontology_rgat seed=828 iteration=75/200 episodes=900 difficulty=0.150 loss=-0.00602 wall=319.8s
[spatial train] ppo_vector_canonical seed=828 iteration=36/200 episodes=432 difficulty=0.000 loss=-0.00372 wall=321.5s
[spatial train] ppo_ontology_rgat seed=829 iteration=56/200 episodes=672 difficulty=0.000 loss=-0.00264 wall=321.7s
[spatial train] ppo_semantic_flat seed=828 iteration=81/200 episodes=972 difficulty=0.210 loss=-0.00614 wall=326.3s
[spatial train] ppo_ontology_rgat seed=828 iteration=76/200 episodes=912 difficulty=0.160 loss=-0.00269 wall=326.0s
[spatial train] ppo_semantic_flat seed=829 iteration=57/200 episodes=684 difficulty=0.000 loss=-0.00579 wall=328.8s
[spatial train] ppo_vector_canonical seed=829 iteration=45/200 episodes=540 difficulty=0.000 loss=-0.00431 wall=332.0s
[spatial train] ppo_ontology_rgat seed=828 iteration=77/200 episodes=924 difficulty=0.170 loss=-0.00209 wall=333.8s
[spatial train] ppo_semantic_flat seed=828 iteration=82/200 episodes=984 difficulty=0.220 loss=-0.00589 wall=338.5s
[spatial train] ppo_vector_canonical seed=828 iteration=37/200 episodes=444 difficulty=0.000 loss=-0.00212 wall=338.5s
[spatial train] ppo_ontology_rgat seed=829 iteration=57/200 episodes=684 difficulty=0.000 loss=-0.00579 wall=337.8s
[spatial train] ppo_ontology_rgat seed=828 iteration=78/200 episodes=936 difficulty=0.180 loss=-0.01014 wall=340.1s
[spatial train] ppo_semantic_flat seed=829 iteration=58/200 episodes=696 difficulty=0.000 loss=-0.00524 wall=342.4s
[spatial train] ppo_ontology_rgat seed=828 iteration=79/200 episodes=948 difficulty=0.190 loss=0.00167 wall=347.6s
[spatial train] ppo_vector_canonical seed=829 iteration=46/200 episodes=552 difficulty=0.000 loss=0.00072 wall=348.0s
[spatial train] ppo_semantic_flat seed=828 iteration=83/200 episodes=996 difficulty=0.230 loss=-0.00638 wall=349.4s
[spatial train] ppo_ontology_rgat seed=829 iteration=58/200 episodes=696 difficulty=0.000 loss=-0.00524 wall=351.7s
[spatial train] ppo_ontology_rgat seed=828 iteration=80/200 episodes=960 difficulty=0.200 loss=-0.00773 wall=354.1s
[spatial train] ppo_vector_canonical seed=828 iteration=38/200 episodes=456 difficulty=0.000 loss=-0.00174 wall=357.0s
[spatial train] ppo_semantic_flat seed=829 iteration=59/200 episodes=708 difficulty=0.000 loss=-0.00441 wall=358.4s
[spatial train] ppo_ontology_rgat seed=828 iteration=81/200 episodes=972 difficulty=0.210 loss=-0.00430 wall=360.8s
[spatial train] ppo_semantic_flat seed=828 iteration=84/200 episodes=1008 difficulty=0.240 loss=-0.00525 wall=366.1s
[spatial train] ppo_vector_canonical seed=829 iteration=47/200 episodes=564 difficulty=0.000 loss=-0.00320 wall=366.8s
[spatial train] ppo_ontology_rgat seed=829 iteration=59/200 episodes=708 difficulty=0.000 loss=-0.00441 wall=368.1s
[spatial train] ppo_ontology_rgat seed=828 iteration=82/200 episodes=984 difficulty=0.220 loss=0.00276 wall=369.0s
[spatial train] ppo_semantic_flat seed=829 iteration=60/200 episodes=720 difficulty=0.000 loss=-0.00378 wall=374.7s
[spatial train] ppo_ontology_rgat seed=828 iteration=83/200 episodes=996 difficulty=0.230 loss=-0.00324 wall=375.9s
[spatial train] ppo_vector_canonical seed=828 iteration=39/200 episodes=468 difficulty=0.000 loss=-0.00267 wall=377.3s
[spatial train] ppo_semantic_flat seed=828 iteration=85/200 episodes=1020 difficulty=0.250 loss=-0.00491 wall=382.3s
[spatial train] ppo_ontology_rgat seed=828 iteration=84/200 episodes=1008 difficulty=0.240 loss=-0.00412 wall=383.8s
[spatial train] ppo_vector_canonical seed=829 iteration=48/200 episodes=576 difficulty=0.000 loss=-0.00221 wall=385.4s
[spatial train] ppo_ontology_rgat seed=829 iteration=60/200 episodes=720 difficulty=0.000 loss=-0.00378 wall=384.8s
[spatial train] ppo_semantic_flat seed=829 iteration=61/200 episodes=732 difficulty=0.010 loss=-0.00406 wall=391.2s
[spatial train] ppo_ontology_rgat seed=828 iteration=85/200 episodes=1020 difficulty=0.250 loss=-0.01487 wall=391.0s
[spatial train] ppo_vector_canonical seed=828 iteration=40/200 episodes=480 difficulty=0.000 loss=-0.00338 wall=395.1s
[spatial train] ppo_ontology_rgat seed=828 iteration=86/200 episodes=1032 difficulty=0.260 loss=-0.00485 wall=398.4s
[spatial train] ppo_semantic_flat seed=828 iteration=86/200 episodes=1032 difficulty=0.260 loss=-0.00562 wall=401.0s
[spatial train] ppo_vector_canonical seed=829 iteration=49/200 episodes=588 difficulty=0.000 loss=-0.00358 wall=404.2s
[spatial train] ppo_ontology_rgat seed=829 iteration=61/200 episodes=732 difficulty=0.010 loss=-0.00195 wall=404.1s
[spatial train] ppo_ontology_rgat seed=828 iteration=87/200 episodes=1044 difficulty=0.270 loss=-0.00487 wall=405.0s
[spatial train] ppo_semantic_flat seed=829 iteration=62/200 episodes=744 difficulty=0.020 loss=-0.00063 wall=409.6s
[spatial train] ppo_ontology_rgat seed=828 iteration=88/200 episodes=1056 difficulty=0.280 loss=-0.00951 wall=412.5s
[spatial train] ppo_vector_canonical seed=828 iteration=41/200 episodes=492 difficulty=0.000 loss=-0.00343 wall=415.2s
[spatial train] ppo_semantic_flat seed=828 iteration=87/200 episodes=1044 difficulty=0.270 loss=-0.00319 wall=418.3s
[spatial train] ppo_ontology_rgat seed=828 iteration=89/200 episodes=1068 difficulty=0.290 loss=-0.00423 wall=420.6s
[spatial train] ppo_vector_canonical seed=829 iteration=50/200 episodes=600 difficulty=0.000 loss=-0.00392 wall=423.0s
[spatial train] ppo_semantic_flat seed=829 iteration=63/200 episodes=756 difficulty=0.030 loss=-0.00523 wall=424.5s
[spatial train] ppo_ontology_rgat seed=828 iteration=90/200 episodes=1080 difficulty=0.300 loss=0.02310 wall=427.6s
[spatial train] ppo_vector_canonical seed=828 iteration=42/200 episodes=504 difficulty=0.000 loss=-0.00270 wall=434.5s
[spatial train] ppo_semantic_flat seed=828 iteration=88/200 episodes=1056 difficulty=0.280 loss=0.00678 wall=435.0s
[spatial train] ppo_ontology_rgat seed=829 iteration=62/200 episodes=744 difficulty=0.020 loss=-0.00278 wall=434.2s
[spatial train] ppo_ontology_rgat seed=828 iteration=91/200 episodes=1092 difficulty=0.310 loss=-0.00413 wall=436.0s
[spatial train] ppo_ontology_rgat seed=828 iteration=92/200 episodes=1104 difficulty=0.320 loss=-0.00119 wall=442.4s
[spatial train] ppo_semantic_flat seed=829 iteration=64/200 episodes=768 difficulty=0.040 loss=-0.00398 wall=444.6s
[spatial train] ppo_vector_canonical seed=829 iteration=51/200 episodes=612 difficulty=0.000 loss=-0.00498 wall=445.7s
[spatial train] ppo_ontology_rgat seed=828 iteration=93/200 episodes=1116 difficulty=0.330 loss=-0.00818 wall=449.6s
[spatial train] ppo_semantic_flat seed=828 iteration=89/200 episodes=1068 difficulty=0.290 loss=0.00181 wall=452.5s
[spatial train] ppo_vector_canonical seed=828 iteration=43/200 episodes=516 difficulty=0.000 loss=-0.00340 wall=453.3s
[spatial train] ppo_ontology_rgat seed=828 iteration=94/200 episodes=1128 difficulty=0.340 loss=-0.00191 wall=456.7s
[spatial train] ppo_ontology_rgat seed=829 iteration=63/200 episodes=756 difficulty=0.030 loss=-0.00255 wall=460.6s
[spatial train] ppo_vector_canonical seed=829 iteration=52/200 episodes=624 difficulty=0.000 loss=-0.00595 wall=462.3s
[spatial train] ppo_ontology_rgat seed=828 iteration=95/200 episodes=1140 difficulty=0.350 loss=-0.00418 wall=463.7s
[spatial train] ppo_semantic_flat seed=829 iteration=65/200 episodes=780 difficulty=0.050 loss=-0.00458 wall=465.1s
[spatial train] ppo_vector_canonical seed=828 iteration=44/200 episodes=528 difficulty=0.000 loss=-0.00332 wall=470.7s
[spatial train] ppo_semantic_flat seed=828 iteration=90/200 episodes=1080 difficulty=0.300 loss=-0.00334 wall=471.2s
[spatial train] ppo_ontology_rgat seed=828 iteration=96/200 episodes=1152 difficulty=0.360 loss=-0.00356 wall=471.3s
[spatial train] ppo_ontology_rgat seed=828 iteration=97/200 episodes=1164 difficulty=0.370 loss=-0.00135 wall=481.2s
[spatial train] ppo_vector_canonical seed=829 iteration=53/200 episodes=636 difficulty=0.000 loss=-0.00294 wall=482.6s
[spatial train] ppo_semantic_flat seed=829 iteration=66/200 episodes=792 difficulty=0.060 loss=0.00380 wall=483.7s
[spatial train] ppo_vector_canonical seed=828 iteration=45/200 episodes=540 difficulty=0.000 loss=-0.00355 wall=487.0s
[spatial train] ppo_ontology_rgat seed=829 iteration=64/200 episodes=768 difficulty=0.040 loss=-0.00149 wall=488.9s
[spatial train] ppo_ontology_rgat seed=828 iteration=98/200 episodes=1176 difficulty=0.380 loss=-0.00544 wall=489.4s
[spatial train] ppo_semantic_flat seed=828 iteration=91/200 episodes=1092 difficulty=0.310 loss=-0.00365 wall=490.3s
[spatial train] ppo_ontology_rgat seed=828 iteration=99/200 episodes=1188 difficulty=0.390 loss=-0.00706 wall=495.6s
[spatial train] ppo_vector_canonical seed=829 iteration=54/200 episodes=648 difficulty=0.000 loss=-0.00328 wall=501.9s
[spatial train] ppo_ontology_rgat seed=828 iteration=100/200 episodes=1200 difficulty=0.400 loss=-0.02107 wall=502.6s
[spatial train] ppo_semantic_flat seed=829 iteration=67/200 episodes=804 difficulty=0.070 loss=-0.00217 wall=504.3s
[spatial train] ppo_vector_canonical seed=828 iteration=46/200 episodes=552 difficulty=0.000 loss=-0.00010 wall=505.7s
[spatial train] ppo_semantic_flat seed=828 iteration=92/200 episodes=1104 difficulty=0.320 loss=-0.00392 wall=509.9s
[spatial train] ppo_ontology_rgat seed=828 iteration=101/200 episodes=1212 difficulty=0.410 loss=-0.00307 wall=510.5s
[spatial train] ppo_ontology_rgat seed=829 iteration=65/200 episodes=780 difficulty=0.050 loss=-0.00248 wall=514.3s
[spatial train] ppo_ontology_rgat seed=828 iteration=102/200 episodes=1224 difficulty=0.420 loss=-0.00219 wall=517.8s
[spatial train] ppo_vector_canonical seed=829 iteration=55/200 episodes=660 difficulty=0.000 loss=-0.00393 wall=521.7s
[spatial train] ppo_semantic_flat seed=829 iteration=68/200 episodes=816 difficulty=0.080 loss=-0.00223 wall=523.4s
[spatial train] ppo_vector_canonical seed=828 iteration=47/200 episodes=564 difficulty=0.000 loss=-0.00546 wall=524.9s
[spatial train] ppo_semantic_flat seed=828 iteration=93/200 episodes=1116 difficulty=0.330 loss=0.00122 wall=525.3s
[spatial train] ppo_ontology_rgat seed=828 iteration=103/200 episodes=1236 difficulty=0.430 loss=-0.00825 wall=525.1s
[spatial train] ppo_ontology_rgat seed=828 iteration=104/200 episodes=1248 difficulty=0.440 loss=-0.00322 wall=531.5s
[spatial train] ppo_ontology_rgat seed=828 iteration=105/200 episodes=1260 difficulty=0.450 loss=0.00522 wall=539.0s
[spatial train] ppo_vector_canonical seed=829 iteration=56/200 episodes=672 difficulty=0.000 loss=-0.00281 wall=541.4s
[spatial train] ppo_vector_canonical seed=828 iteration=48/200 episodes=576 difficulty=0.000 loss=-0.00175 wall=542.3s
[spatial train] ppo_semantic_flat seed=829 iteration=69/200 episodes=828 difficulty=0.090 loss=-0.00356 wall=542.4s
[spatial train] ppo_semantic_flat seed=828 iteration=94/200 episodes=1128 difficulty=0.340 loss=0.00029 wall=543.9s
[spatial train] ppo_ontology_rgat seed=828 iteration=106/200 episodes=1272 difficulty=0.460 loss=-0.00150 wall=545.6s
[spatial train] ppo_ontology_rgat seed=829 iteration=66/200 episodes=792 difficulty=0.060 loss=-0.00571 wall=547.8s
[spatial train] ppo_ontology_rgat seed=828 iteration=107/200 episodes=1284 difficulty=0.470 loss=-0.00717 wall=552.0s
[spatial train] ppo_ontology_rgat seed=828 iteration=108/200 episodes=1296 difficulty=0.480 loss=0.00258 wall=559.1s
[spatial train] ppo_vector_canonical seed=829 iteration=57/200 episodes=684 difficulty=0.000 loss=-0.00606 wall=560.9s
[spatial train] ppo_vector_canonical seed=828 iteration=49/200 episodes=588 difficulty=0.000 loss=-0.00355 wall=561.1s
[spatial train] ppo_semantic_flat seed=828 iteration=95/200 episodes=1140 difficulty=0.350 loss=-0.00454 wall=562.3s
[spatial train] ppo_semantic_flat seed=829 iteration=70/200 episodes=840 difficulty=0.100 loss=-0.00219 wall=562.5s
[spatial train] ppo_ontology_rgat seed=828 iteration=109/200 episodes=1308 difficulty=0.490 loss=-0.00495 wall=566.7s
[spatial train] ppo_ontology_rgat seed=828 iteration=110/200 episodes=1320 difficulty=0.500 loss=-0.00306 wall=573.8s
[spatial train] ppo_semantic_flat seed=828 iteration=96/200 episodes=1152 difficulty=0.360 loss=-0.00221 wall=576.6s
[spatial train] ppo_ontology_rgat seed=829 iteration=67/200 episodes=804 difficulty=0.070 loss=-0.00185 wall=579.4s
[spatial train] ppo_vector_canonical seed=829 iteration=58/200 episodes=696 difficulty=0.000 loss=-0.00241 wall=580.5s
[spatial train] ppo_ontology_rgat seed=828 iteration=111/200 episodes=1332 difficulty=0.510 loss=-0.00221 wall=580.9s
[spatial train] ppo_vector_canonical seed=828 iteration=50/200 episodes=600 difficulty=0.000 loss=-0.00057 wall=581.7s
[spatial train] ppo_semantic_flat seed=829 iteration=71/200 episodes=852 difficulty=0.110 loss=-0.00178 wall=583.2s
[spatial train] ppo_semantic_flat seed=828 iteration=97/200 episodes=1164 difficulty=0.370 loss=-0.00422 wall=584.9s
[spatial train] ppo_ontology_rgat seed=828 iteration=112/200 episodes=1344 difficulty=0.520 loss=-0.00406 wall=587.5s
[spatial train] ppo_semantic_flat seed=828 iteration=98/200 episodes=1176 difficulty=0.380 loss=-0.00215 wall=590.9s
[spatial train] ppo_ontology_rgat seed=828 iteration=113/200 episodes=1356 difficulty=0.530 loss=-0.00517 wall=593.9s
[spatial train] ppo_vector_canonical seed=829 iteration=59/200 episodes=708 difficulty=0.000 loss=-0.00348 wall=599.5s
[spatial train] ppo_vector_canonical seed=828 iteration=51/200 episodes=612 difficulty=0.000 loss=-0.00092 wall=600.6s
[spatial train] ppo_ontology_rgat seed=828 iteration=114/200 episodes=1368 difficulty=0.540 loss=-0.00679 wall=600.3s
[spatial train] ppo_semantic_flat seed=828 iteration=99/200 episodes=1188 difficulty=0.390 loss=-0.00608 wall=602.5s
[spatial train] ppo_semantic_flat seed=829 iteration=72/200 episodes=864 difficulty=0.120 loss=-0.00280 wall=602.6s
[spatial train] ppo_ontology_rgat seed=829 iteration=68/200 episodes=816 difficulty=0.080 loss=-0.00106 wall=607.9s
[spatial train] ppo_ontology_rgat seed=828 iteration=115/200 episodes=1380 difficulty=0.550 loss=-0.00335 wall=608.5s
[spatial train] ppo_semantic_flat seed=828 iteration=100/200 episodes=1200 difficulty=0.400 loss=-0.00911 wall=612.1s
[spatial train] ppo_ontology_rgat seed=828 iteration=116/200 episodes=1392 difficulty=0.560 loss=-0.00424 wall=615.0s
[spatial train] ppo_vector_canonical seed=829 iteration=60/200 episodes=720 difficulty=0.000 loss=-0.00395 wall=619.7s
[spatial train] ppo_vector_canonical seed=828 iteration=52/200 episodes=624 difficulty=0.000 loss=-0.00203 wall=621.1s
[spatial train] ppo_ontology_rgat seed=828 iteration=117/200 episodes=1404 difficulty=0.570 loss=-0.00523 wall=621.8s
[spatial train] ppo_semantic_flat seed=829 iteration=73/200 episodes=876 difficulty=0.130 loss=-0.00160 wall=622.5s
[spatial train] ppo_semantic_flat seed=828 iteration=101/200 episodes=1212 difficulty=0.410 loss=-0.00260 wall=625.9s
[spatial train] ppo_ontology_rgat seed=828 iteration=118/200 episodes=1416 difficulty=0.580 loss=-0.00514 wall=629.1s
[spatial train] ppo_ontology_rgat seed=828 iteration=119/200 episodes=1428 difficulty=0.590 loss=-0.00948 wall=636.6s
[spatial train] ppo_vector_canonical seed=829 iteration=61/200 episodes=732 difficulty=0.010 loss=0.00024 wall=637.1s
[spatial train] ppo_ontology_rgat seed=829 iteration=69/200 episodes=828 difficulty=0.090 loss=-0.00184 wall=636.9s
[spatial train] ppo_vector_canonical seed=828 iteration=53/200 episodes=636 difficulty=0.000 loss=-0.00271 wall=640.6s
[spatial train] ppo_semantic_flat seed=828 iteration=102/200 episodes=1224 difficulty=0.420 loss=-0.00410 wall=641.5s
[spatial train] ppo_semantic_flat seed=829 iteration=74/200 episodes=888 difficulty=0.140 loss=-0.00210 wall=642.8s
[spatial train] ppo_ontology_rgat seed=828 iteration=120/200 episodes=1440 difficulty=0.600 loss=-0.00353 wall=644.0s
[spatial train] ppo_ontology_rgat seed=828 iteration=121/200 episodes=1452 difficulty=0.610 loss=-0.00869 wall=653.5s
[spatial train] ppo_vector_canonical seed=829 iteration=62/200 episodes=744 difficulty=0.020 loss=-0.00159 wall=655.1s
[spatial train] ppo_semantic_flat seed=828 iteration=103/200 episodes=1236 difficulty=0.430 loss=0.00122 wall=658.9s
[spatial train] ppo_vector_canonical seed=828 iteration=54/200 episodes=648 difficulty=0.000 loss=-0.00148 wall=660.1s
[spatial train] ppo_semantic_flat seed=829 iteration=75/200 episodes=900 difficulty=0.150 loss=-0.00169 wall=662.6s
[spatial train] ppo_ontology_rgat seed=828 iteration=122/200 episodes=1464 difficulty=0.620 loss=-0.00699 wall=662.6s
[spatial train] ppo_vector_canonical seed=829 iteration=63/200 episodes=756 difficulty=0.030 loss=-0.00412 wall=668.7s
[spatial train] ppo_ontology_rgat seed=828 iteration=123/200 episodes=1476 difficulty=0.630 loss=-0.00502 wall=669.3s
[spatial train] ppo_ontology_rgat seed=829 iteration=70/200 episodes=840 difficulty=0.100 loss=-0.00174 wall=669.4s
[spatial train] ppo_semantic_flat seed=828 iteration=104/200 episodes=1248 difficulty=0.440 loss=-0.00167 wall=674.3s
[spatial train] ppo_vector_canonical seed=828 iteration=55/200 episodes=660 difficulty=0.000 loss=-0.00181 wall=674.8s
[spatial train] ppo_ontology_rgat seed=828 iteration=124/200 episodes=1488 difficulty=0.640 loss=-0.01123 wall=678.5s
[spatial train] ppo_vector_canonical seed=829 iteration=64/200 episodes=768 difficulty=0.040 loss=-0.00098 wall=681.3s
[spatial train] ppo_semantic_flat seed=829 iteration=76/200 episodes=912 difficulty=0.160 loss=-0.00201 wall=683.2s
[spatial train] ppo_ontology_rgat seed=828 iteration=125/200 episodes=1500 difficulty=0.650 loss=-0.00569 wall=685.4s
[spatial train] ppo_vector_canonical seed=828 iteration=56/200 episodes=672 difficulty=0.000 loss=-0.00466 wall=687.1s
[spatial train] ppo_semantic_flat seed=828 iteration=105/200 episodes=1260 difficulty=0.450 loss=-0.00315 wall=689.7s
[spatial train] ppo_ontology_rgat seed=828 iteration=126/200 episodes=1512 difficulty=0.660 loss=-0.02964 wall=692.6s
[spatial train] ppo_vector_canonical seed=829 iteration=65/200 episodes=780 difficulty=0.050 loss=-0.00004 wall=694.0s
[spatial train] ppo_ontology_rgat seed=829 iteration=71/200 episodes=852 difficulty=0.110 loss=-0.00304 wall=699.7s
[spatial train] ppo_ontology_rgat seed=828 iteration=127/200 episodes=1524 difficulty=0.670 loss=-0.00172 wall=700.5s
[spatial train] ppo_semantic_flat seed=829 iteration=77/200 episodes=924 difficulty=0.170 loss=0.00198 wall=700.7s
[spatial train] ppo_vector_canonical seed=828 iteration=57/200 episodes=684 difficulty=0.000 loss=-0.00265 wall=702.6s
[spatial train] ppo_semantic_flat seed=828 iteration=106/200 episodes=1272 difficulty=0.460 loss=-0.00469 wall=707.1s
[spatial train] ppo_ontology_rgat seed=828 iteration=128/200 episodes=1536 difficulty=0.680 loss=-0.01402 wall=707.5s
[spatial train] ppo_vector_canonical seed=829 iteration=66/200 episodes=792 difficulty=0.060 loss=-0.00115 wall=708.7s
[spatial train] ppo_vector_canonical seed=828 iteration=58/200 episodes=696 difficulty=0.000 loss=-0.00106 wall=713.6s
[spatial train] ppo_ontology_rgat seed=828 iteration=129/200 episodes=1548 difficulty=0.690 loss=-0.00860 wall=714.7s
[spatial train] ppo_semantic_flat seed=829 iteration=78/200 episodes=936 difficulty=0.180 loss=0.00067 wall=721.6s
[spatial train] ppo_ontology_rgat seed=828 iteration=130/200 episodes=1560 difficulty=0.700 loss=-0.00393 wall=721.6s
[spatial train] ppo_vector_canonical seed=829 iteration=67/200 episodes=804 difficulty=0.070 loss=-0.00581 wall=722.9s
[spatial train] ppo_semantic_flat seed=828 iteration=107/200 episodes=1284 difficulty=0.470 loss=-0.00575 wall=723.7s
[spatial train] ppo_vector_canonical seed=828 iteration=59/200 episodes=708 difficulty=0.000 loss=-0.00746 wall=724.5s
[spatial train] ppo_ontology_rgat seed=828 iteration=131/200 episodes=1572 difficulty=0.710 loss=-0.00946 wall=728.8s
[spatial train] ppo_ontology_rgat seed=829 iteration=72/200 episodes=864 difficulty=0.120 loss=-0.00165 wall=732.2s
[spatial train] ppo_vector_canonical seed=829 iteration=68/200 episodes=816 difficulty=0.080 loss=-0.01107 wall=736.4s
[spatial train] ppo_ontology_rgat seed=828 iteration=132/200 episodes=1584 difficulty=0.720 loss=-0.00867 wall=736.4s
[spatial train] ppo_semantic_flat seed=828 iteration=108/200 episodes=1296 difficulty=0.480 loss=-0.00423 wall=737.4s
[spatial train] ppo_semantic_flat seed=829 iteration=79/200 episodes=948 difficulty=0.190 loss=-0.00097 wall=739.1s
[spatial train] ppo_vector_canonical seed=828 iteration=60/200 episodes=720 difficulty=0.000 loss=-0.00843 wall=739.5s
[spatial train] ppo_ontology_rgat seed=828 iteration=133/200 episodes=1596 difficulty=0.730 loss=-0.00559 wall=743.6s
[spatial train] ppo_ontology_rgat seed=828 iteration=134/200 episodes=1608 difficulty=0.740 loss=0.00505 wall=751.6s
[spatial train] ppo_semantic_flat seed=828 iteration=109/200 episodes=1308 difficulty=0.490 loss=0.00037 wall=755.1s
[spatial train] ppo_vector_canonical seed=829 iteration=69/200 episodes=828 difficulty=0.090 loss=-0.00426 wall=755.0s
[spatial train] ppo_vector_canonical seed=828 iteration=61/200 episodes=732 difficulty=0.010 loss=-0.00963 wall=756.1s
[spatial train] ppo_semantic_flat seed=829 iteration=80/200 episodes=960 difficulty=0.200 loss=-0.00543 wall=757.2s
[spatial train] ppo_ontology_rgat seed=828 iteration=135/200 episodes=1620 difficulty=0.750 loss=-0.00446 wall=758.8s
[spatial train] ppo_ontology_rgat seed=829 iteration=73/200 episodes=876 difficulty=0.130 loss=-0.00202 wall=764.8s
[spatial train] ppo_ontology_rgat seed=828 iteration=136/200 episodes=1632 difficulty=0.760 loss=-0.00779 wall=765.3s
[spatial train] ppo_semantic_flat seed=828 iteration=110/200 episodes=1320 difficulty=0.500 loss=-0.00244 wall=771.4s
[spatial train] ppo_ontology_rgat seed=828 iteration=137/200 episodes=1644 difficulty=0.770 loss=-0.00361 wall=772.8s
[spatial train] ppo_vector_canonical seed=829 iteration=70/200 episodes=840 difficulty=0.100 loss=-0.00433 wall=774.3s
[spatial train] ppo_vector_canonical seed=828 iteration=62/200 episodes=744 difficulty=0.020 loss=-0.00657 wall=777.3s
[spatial train] ppo_semantic_flat seed=829 iteration=81/200 episodes=972 difficulty=0.210 loss=-0.00381 wall=780.0s
[spatial train] ppo_ontology_rgat seed=828 iteration=138/200 episodes=1656 difficulty=0.780 loss=-0.00388 wall=785.1s
[spatial train] ppo_ontology_rgat seed=828 iteration=139/200 episodes=1668 difficulty=0.790 loss=-0.01123 wall=796.8s
[spatial train] ppo_semantic_flat seed=828 iteration=111/200 episodes=1332 difficulty=0.510 loss=0.00518 wall=799.3s
[spatial train] ppo_ontology_rgat seed=829 iteration=74/200 episodes=888 difficulty=0.140 loss=-0.00246 wall=801.3s
[spatial train] ppo_vector_canonical seed=829 iteration=71/200 episodes=852 difficulty=0.110 loss=-0.00249 wall=805.3s
[spatial train] ppo_ontology_rgat seed=828 iteration=140/200 episodes=1680 difficulty=0.800 loss=0.03857 wall=809.2s
[spatial train] ppo_vector_canonical seed=828 iteration=63/200 episodes=756 difficulty=0.030 loss=-0.00427 wall=810.1s
[spatial train] ppo_semantic_flat seed=829 iteration=82/200 episodes=984 difficulty=0.220 loss=-0.00527 wall=810.2s
[spatial train] ppo_ontology_rgat seed=828 iteration=141/200 episodes=1692 difficulty=0.810 loss=-0.00485 wall=819.9s
[spatial train] ppo_semantic_flat seed=828 iteration=112/200 episodes=1344 difficulty=0.520 loss=-0.00145 wall=827.7s
[spatial train] ppo_ontology_rgat seed=828 iteration=142/200 episodes=1704 difficulty=0.820 loss=-0.00456 wall=827.6s
[spatial train] ppo_vector_canonical seed=829 iteration=72/200 episodes=864 difficulty=0.120 loss=-0.00196 wall=832.0s
[spatial train] ppo_ontology_rgat seed=828 iteration=143/200 episodes=1716 difficulty=0.830 loss=-0.00812 wall=833.5s
[spatial train] ppo_semantic_flat seed=829 iteration=83/200 episodes=996 difficulty=0.230 loss=-0.00494 wall=834.8s
[spatial train] ppo_vector_canonical seed=828 iteration=64/200 episodes=768 difficulty=0.040 loss=-0.00374 wall=837.7s
[spatial train] ppo_ontology_rgat seed=828 iteration=144/200 episodes=1728 difficulty=0.840 loss=-0.00574 wall=839.6s
[spatial train] ppo_ontology_rgat seed=829 iteration=75/200 episodes=900 difficulty=0.150 loss=-0.00296 wall=842.6s
[spatial train] ppo_semantic_flat seed=828 iteration=113/200 episodes=1356 difficulty=0.530 loss=0.00176 wall=845.4s
[spatial train] ppo_ontology_rgat seed=828 iteration=145/200 episodes=1740 difficulty=0.850 loss=-0.00186 wall=846.3s
[spatial train] ppo_vector_canonical seed=829 iteration=73/200 episodes=876 difficulty=0.130 loss=-0.00285 wall=851.3s
[spatial train] ppo_ontology_rgat seed=828 iteration=146/200 episodes=1752 difficulty=0.860 loss=-0.00241 wall=852.7s
[spatial train] ppo_semantic_flat seed=829 iteration=84/200 episodes=1008 difficulty=0.240 loss=-0.00261 wall=853.2s
[spatial train] ppo_vector_canonical seed=828 iteration=65/200 episodes=780 difficulty=0.050 loss=-0.00166 wall=856.7s
[spatial train] ppo_ontology_rgat seed=828 iteration=147/200 episodes=1764 difficulty=0.870 loss=-0.00383 wall=858.9s
[spatial train] ppo_semantic_flat seed=828 iteration=114/200 episodes=1368 difficulty=0.540 loss=-0.00213 wall=864.1s
[spatial train] ppo_ontology_rgat seed=828 iteration=148/200 episodes=1776 difficulty=0.880 loss=-0.00131 wall=866.7s
[spatial train] ppo_vector_canonical seed=829 iteration=74/200 episodes=888 difficulty=0.140 loss=-0.00189 wall=867.4s
[spatial train] ppo_semantic_flat seed=829 iteration=85/200 episodes=1020 difficulty=0.250 loss=-0.00341 wall=871.1s
[spatial train] ppo_ontology_rgat seed=829 iteration=76/200 episodes=912 difficulty=0.160 loss=-0.00347 wall=873.2s
[spatial train] ppo_vector_canonical seed=828 iteration=66/200 episodes=792 difficulty=0.060 loss=-0.00062 wall=875.6s
[spatial train] ppo_ontology_rgat seed=828 iteration=149/200 episodes=1788 difficulty=0.890 loss=-0.00269 wall=875.9s
[spatial train] ppo_semantic_flat seed=828 iteration=115/200 episodes=1380 difficulty=0.550 loss=-0.00392 wall=879.6s
[spatial train] ppo_ontology_rgat seed=828 iteration=150/200 episodes=1800 difficulty=0.900 loss=-0.00268 wall=882.0s
[spatial train] ppo_vector_canonical seed=829 iteration=75/200 episodes=900 difficulty=0.150 loss=-0.00411 wall=886.6s
[spatial train] ppo_semantic_flat seed=829 iteration=86/200 episodes=1032 difficulty=0.260 loss=-0.01131 wall=888.4s
[spatial train] ppo_ontology_rgat seed=828 iteration=151/200 episodes=1812 difficulty=0.910 loss=-0.00412 wall=888.6s
[spatial train] ppo_ontology_rgat seed=828 iteration=152/200 episodes=1824 difficulty=0.920 loss=-0.00546 wall=895.1s
[spatial train] ppo_vector_canonical seed=828 iteration=67/200 episodes=804 difficulty=0.070 loss=-0.00174 wall=896.1s
[spatial train] ppo_semantic_flat seed=828 iteration=116/200 episodes=1392 difficulty=0.560 loss=-0.00295 wall=898.4s
[spatial train] ppo_ontology_rgat seed=828 iteration=153/200 episodes=1836 difficulty=0.930 loss=-0.00519 wall=901.8s
[spatial train] ppo_ontology_rgat seed=829 iteration=77/200 episodes=924 difficulty=0.170 loss=-0.00228 wall=903.1s
[spatial train] ppo_vector_canonical seed=829 iteration=76/200 episodes=912 difficulty=0.160 loss=0.00033 wall=904.2s
[spatial train] ppo_semantic_flat seed=829 iteration=87/200 episodes=1044 difficulty=0.270 loss=-0.00119 wall=904.6s
[spatial train] ppo_ontology_rgat seed=828 iteration=154/200 episodes=1848 difficulty=0.940 loss=-0.00825 wall=908.3s
[spatial train] ppo_semantic_flat seed=828 iteration=117/200 episodes=1404 difficulty=0.570 loss=0.00383 wall=913.7s
[spatial train] ppo_vector_canonical seed=828 iteration=68/200 episodes=816 difficulty=0.080 loss=-0.00184 wall=916.0s
[spatial train] ppo_ontology_rgat seed=828 iteration=155/200 episodes=1860 difficulty=0.950 loss=-0.02866 wall=915.9s
[spatial train] ppo_ontology_rgat seed=828 iteration=156/200 episodes=1872 difficulty=0.960 loss=-0.00674 wall=922.0s
[spatial train] ppo_vector_canonical seed=829 iteration=77/200 episodes=924 difficulty=0.170 loss=-0.00341 wall=923.9s
[spatial train] ppo_semantic_flat seed=829 iteration=88/200 episodes=1056 difficulty=0.280 loss=-0.00239 wall=924.9s
[spatial train] ppo_semantic_flat seed=828 iteration=118/200 episodes=1416 difficulty=0.580 loss=0.00035 wall=927.3s
[spatial train] ppo_ontology_rgat seed=828 iteration=157/200 episodes=1884 difficulty=0.970 loss=-0.00684 wall=928.7s
[spatial train] ppo_ontology_rgat seed=829 iteration=78/200 episodes=936 difficulty=0.180 loss=-0.00310 wall=932.1s
[spatial train] ppo_ontology_rgat seed=828 iteration=158/200 episodes=1896 difficulty=0.980 loss=-0.00584 wall=935.6s
[spatial train] ppo_vector_canonical seed=828 iteration=69/200 episodes=828 difficulty=0.090 loss=-0.00015 wall=938.6s
[spatial train] ppo_ontology_rgat seed=828 iteration=159/200 episodes=1908 difficulty=0.990 loss=-0.00362 wall=942.4s
[spatial train] ppo_semantic_flat seed=828 iteration=119/200 episodes=1428 difficulty=0.590 loss=-0.00669 wall=943.2s
[spatial train] ppo_semantic_flat seed=829 iteration=89/200 episodes=1068 difficulty=0.290 loss=-0.00447 wall=944.5s
[spatial train] ppo_vector_canonical seed=829 iteration=78/200 episodes=936 difficulty=0.180 loss=-0.00355 wall=945.8s
[spatial train] ppo_ontology_rgat seed=828 iteration=160/200 episodes=1920 difficulty=1.000 loss=-0.01384 wall=949.7s
[spatial train] ppo_ontology_rgat seed=828 iteration=161/200 episodes=1932 difficulty=1.000 loss=-0.00935 wall=956.2s
[spatial train] ppo_semantic_flat seed=828 iteration=120/200 episodes=1440 difficulty=0.600 loss=0.03411 wall=958.2s
[spatial train] ppo_vector_canonical seed=828 iteration=70/200 episodes=840 difficulty=0.100 loss=-0.00098 wall=958.7s
[spatial train] ppo_semantic_flat seed=829 iteration=90/200 episodes=1080 difficulty=0.300 loss=0.00451 wall=962.0s
[spatial train] ppo_ontology_rgat seed=828 iteration=162/200 episodes=1944 difficulty=1.000 loss=-0.01023 wall=963.6s
[spatial train] ppo_ontology_rgat seed=829 iteration=79/200 episodes=948 difficulty=0.190 loss=-0.00500 wall=963.3s
[spatial train] ppo_vector_canonical seed=829 iteration=79/200 episodes=948 difficulty=0.190 loss=-0.00442 wall=963.9s
[spatial train] ppo_ontology_rgat seed=828 iteration=163/200 episodes=1956 difficulty=1.000 loss=-0.00412 wall=972.8s
[spatial train] ppo_semantic_flat seed=828 iteration=121/200 episodes=1452 difficulty=0.610 loss=0.00015 wall=974.5s
[spatial train] ppo_vector_canonical seed=828 iteration=71/200 episodes=852 difficulty=0.110 loss=-0.00063 wall=978.8s
[spatial train] ppo_ontology_rgat seed=828 iteration=164/200 episodes=1968 difficulty=1.000 loss=-0.00333 wall=979.3s
[spatial train] ppo_semantic_flat seed=829 iteration=91/200 episodes=1092 difficulty=0.310 loss=0.00553 wall=981.6s
[spatial train] ppo_vector_canonical seed=829 iteration=80/200 episodes=960 difficulty=0.200 loss=-0.00068 wall=981.8s
[spatial train] ppo_ontology_rgat seed=828 iteration=165/200 episodes=1980 difficulty=1.000 loss=-0.00559 wall=986.4s
[spatial train] ppo_ontology_rgat seed=829 iteration=80/200 episodes=960 difficulty=0.200 loss=-0.00243 wall=990.6s
[spatial train] ppo_semantic_flat seed=828 iteration=122/200 episodes=1464 difficulty=0.620 loss=-0.00735 wall=993.3s
[spatial train] ppo_ontology_rgat seed=828 iteration=166/200 episodes=1992 difficulty=1.000 loss=0.00071 wall=994.1s
[spatial train] ppo_vector_canonical seed=828 iteration=72/200 episodes=864 difficulty=0.120 loss=-0.00095 wall=999.5s
[spatial train] ppo_ontology_rgat seed=828 iteration=167/200 episodes=2004 difficulty=1.000 loss=-0.00185 wall=1000.0s
[spatial train] ppo_semantic_flat seed=829 iteration=92/200 episodes=1104 difficulty=0.320 loss=-0.00081 wall=1002.5s
[spatial train] ppo_vector_canonical seed=829 iteration=81/200 episodes=972 difficulty=0.210 loss=-0.00175 wall=1002.5s
[spatial train] ppo_ontology_rgat seed=828 iteration=168/200 episodes=2016 difficulty=1.000 loss=-0.00472 wall=1006.4s
[spatial train] ppo_semantic_flat seed=828 iteration=123/200 episodes=1476 difficulty=0.630 loss=-0.00196 wall=1010.4s
[spatial train] ppo_ontology_rgat seed=828 iteration=169/200 episodes=2028 difficulty=1.000 loss=-0.02103 wall=1012.4s
[spatial train] ppo_vector_canonical seed=828 iteration=73/200 episodes=876 difficulty=0.130 loss=-0.00311 wall=1019.2s
[spatial train] ppo_ontology_rgat seed=828 iteration=170/200 episodes=2040 difficulty=1.000 loss=-0.00432 wall=1019.7s
[spatial train] ppo_semantic_flat seed=829 iteration=93/200 episodes=1116 difficulty=0.330 loss=0.00341 wall=1022.6s
[spatial train] ppo_vector_canonical seed=829 iteration=82/200 episodes=984 difficulty=0.220 loss=-0.00325 wall=1022.6s
[spatial train] ppo_ontology_rgat seed=829 iteration=81/200 episodes=972 difficulty=0.210 loss=-0.00237 wall=1024.8s
[spatial train] ppo_semantic_flat seed=828 iteration=124/200 episodes=1488 difficulty=0.640 loss=-0.00073 wall=1026.7s
[spatial train] ppo_ontology_rgat seed=828 iteration=171/200 episodes=2052 difficulty=1.000 loss=-0.00793 wall=1027.1s
[spatial train] ppo_ontology_rgat seed=828 iteration=172/200 episodes=2064 difficulty=1.000 loss=-0.00851 wall=1033.5s
[spatial train] ppo_vector_canonical seed=828 iteration=74/200 episodes=888 difficulty=0.140 loss=-0.00081 wall=1039.7s
[spatial train] ppo_vector_canonical seed=829 iteration=83/200 episodes=996 difficulty=0.230 loss=-0.00220 wall=1039.7s
[spatial train] ppo_ontology_rgat seed=828 iteration=173/200 episodes=2076 difficulty=1.000 loss=-0.00051 wall=1039.8s
[spatial train] ppo_semantic_flat seed=829 iteration=94/200 episodes=1128 difficulty=0.340 loss=-0.00322 wall=1042.2s
[spatial train] ppo_ontology_rgat seed=828 iteration=174/200 episodes=2088 difficulty=1.000 loss=-0.00684 wall=1046.2s
[spatial train] ppo_semantic_flat seed=828 iteration=125/200 episodes=1500 difficulty=0.650 loss=0.00116 wall=1047.4s
[spatial train] ppo_ontology_rgat seed=828 iteration=175/200 episodes=2100 difficulty=1.000 loss=-0.00720 wall=1052.8s
[spatial train] ppo_ontology_rgat seed=829 iteration=82/200 episodes=984 difficulty=0.220 loss=-0.00230 wall=1054.4s
[spatial train] ppo_vector_canonical seed=828 iteration=75/200 episodes=900 difficulty=0.150 loss=-0.00338 wall=1058.6s
[spatial train] ppo_vector_canonical seed=829 iteration=84/200 episodes=1008 difficulty=0.240 loss=-0.00134 wall=1059.5s
[spatial train] ppo_ontology_rgat seed=828 iteration=176/200 episodes=2112 difficulty=1.000 loss=-0.00670 wall=1059.3s
[spatial train] ppo_semantic_flat seed=829 iteration=95/200 episodes=1140 difficulty=0.350 loss=-0.01384 wall=1060.4s
[spatial train] ppo_semantic_flat seed=828 iteration=126/200 episodes=1512 difficulty=0.660 loss=0.00455 wall=1065.1s
[spatial train] ppo_ontology_rgat seed=828 iteration=177/200 episodes=2124 difficulty=1.000 loss=-0.00835 wall=1065.8s
[spatial train] ppo_ontology_rgat seed=828 iteration=178/200 episodes=2136 difficulty=1.000 loss=-0.00499 wall=1072.4s
[spatial train] ppo_vector_canonical seed=828 iteration=76/200 episodes=912 difficulty=0.160 loss=-0.00127 wall=1077.8s
[spatial train] ppo_vector_canonical seed=829 iteration=85/200 episodes=1020 difficulty=0.250 loss=-0.00104 wall=1078.3s
[spatial train] ppo_ontology_rgat seed=828 iteration=179/200 episodes=2148 difficulty=1.000 loss=-0.00307 wall=1078.8s
[spatial train] ppo_semantic_flat seed=829 iteration=96/200 episodes=1152 difficulty=0.360 loss=-0.00142 wall=1080.3s
[spatial train] ppo_semantic_flat seed=828 iteration=127/200 episodes=1524 difficulty=0.670 loss=-0.00285 wall=1081.7s
[spatial train] ppo_ontology_rgat seed=829 iteration=83/200 episodes=996 difficulty=0.230 loss=-0.00226 wall=1083.7s
[spatial train] ppo_ontology_rgat seed=828 iteration=180/200 episodes=2160 difficulty=1.000 loss=-0.00343 wall=1085.2s
[spatial train] ppo_ontology_rgat seed=828 iteration=181/200 episodes=2172 difficulty=1.000 loss=-0.00684 wall=1091.6s
[spatial train] ppo_vector_canonical seed=829 iteration=86/200 episodes=1032 difficulty=0.260 loss=-0.00149 wall=1095.8s
[spatial train] ppo_vector_canonical seed=828 iteration=77/200 episodes=924 difficulty=0.170 loss=-0.00021 wall=1097.9s
[spatial train] ppo_ontology_rgat seed=828 iteration=182/200 episodes=2184 difficulty=1.000 loss=-0.00806 wall=1097.9s
[spatial train] ppo_semantic_flat seed=828 iteration=128/200 episodes=1536 difficulty=0.680 loss=0.00083 wall=1100.3s
[spatial train] ppo_semantic_flat seed=829 iteration=97/200 episodes=1164 difficulty=0.370 loss=0.00200 wall=1102.2s
[spatial train] ppo_ontology_rgat seed=828 iteration=183/200 episodes=2196 difficulty=1.000 loss=-0.00542 wall=1104.5s
[spatial train] ppo_ontology_rgat seed=829 iteration=84/200 episodes=1008 difficulty=0.240 loss=-0.00362 wall=1110.5s
[spatial train] ppo_ontology_rgat seed=828 iteration=184/200 episodes=2208 difficulty=1.000 loss=-0.00931 wall=1112.5s
[spatial train] ppo_vector_canonical seed=829 iteration=87/200 episodes=1044 difficulty=0.270 loss=-0.00928 wall=1115.1s
[spatial train] ppo_semantic_flat seed=828 iteration=129/200 episodes=1548 difficulty=0.690 loss=-0.00401 wall=1117.6s
[spatial train] ppo_vector_canonical seed=828 iteration=78/200 episodes=936 difficulty=0.180 loss=-0.00447 wall=1117.8s
[spatial train] ppo_ontology_rgat seed=828 iteration=185/200 episodes=2220 difficulty=1.000 loss=-0.00425 wall=1118.9s
[spatial train] ppo_semantic_flat seed=829 iteration=98/200 episodes=1176 difficulty=0.380 loss=-0.00096 wall=1119.9s
[spatial train] ppo_ontology_rgat seed=828 iteration=186/200 episodes=2232 difficulty=1.000 loss=-0.00281 wall=1126.9s
[spatial train] ppo_semantic_flat seed=828 iteration=130/200 episodes=1560 difficulty=0.700 loss=-0.00024 wall=1132.8s
[spatial train] ppo_ontology_rgat seed=828 iteration=187/200 episodes=2244 difficulty=1.000 loss=-0.00605 wall=1133.4s
[spatial train] ppo_vector_canonical seed=829 iteration=88/200 episodes=1056 difficulty=0.280 loss=-0.00159 wall=1134.6s
[spatial train] ppo_vector_canonical seed=828 iteration=79/200 episodes=948 difficulty=0.190 loss=-0.00208 wall=1138.2s
[spatial train] ppo_semantic_flat seed=829 iteration=99/200 episodes=1188 difficulty=0.390 loss=0.00668 wall=1138.5s
[spatial train] ppo_ontology_rgat seed=828 iteration=188/200 episodes=2256 difficulty=1.000 loss=-0.00306 wall=1140.2s
[spatial train] ppo_ontology_rgat seed=829 iteration=85/200 episodes=1020 difficulty=0.250 loss=-0.00436 wall=1139.9s
[spatial train] ppo_ontology_rgat seed=828 iteration=189/200 episodes=2268 difficulty=1.000 loss=-0.00408 wall=1146.9s
[spatial train] ppo_semantic_flat seed=828 iteration=131/200 episodes=1572 difficulty=0.710 loss=0.00217 wall=1149.2s
[spatial train] ppo_ontology_rgat seed=828 iteration=190/200 episodes=2280 difficulty=1.000 loss=-0.00195 wall=1153.5s
[spatial train] ppo_vector_canonical seed=829 iteration=89/200 episodes=1068 difficulty=0.290 loss=-0.00150 wall=1155.0s
[spatial train] ppo_semantic_flat seed=829 iteration=100/200 episodes=1200 difficulty=0.400 loss=0.01349 wall=1157.4s
[spatial train] ppo_vector_canonical seed=828 iteration=80/200 episodes=960 difficulty=0.200 loss=-0.00288 wall=1158.5s
[spatial train] ppo_ontology_rgat seed=828 iteration=191/200 episodes=2292 difficulty=1.000 loss=-0.00439 wall=1159.8s
[spatial train] ppo_semantic_flat seed=828 iteration=132/200 episodes=1584 difficulty=0.720 loss=0.02176 wall=1167.4s
[spatial train] ppo_ontology_rgat seed=828 iteration=192/200 episodes=2304 difficulty=1.000 loss=-0.00409 wall=1168.5s
[spatial train] ppo_ontology_rgat seed=829 iteration=86/200 episodes=1032 difficulty=0.260 loss=-0.00196 wall=1171.6s
[spatial train] ppo_vector_canonical seed=829 iteration=90/200 episodes=1080 difficulty=0.300 loss=-0.00239 wall=1173.7s
[spatial train] ppo_semantic_flat seed=829 iteration=101/200 episodes=1212 difficulty=0.410 loss=-0.00075 wall=1174.1s
[spatial train] ppo_ontology_rgat seed=828 iteration=193/200 episodes=2316 difficulty=1.000 loss=-0.00092 wall=1175.8s
[spatial train] ppo_vector_canonical seed=828 iteration=81/200 episodes=972 difficulty=0.210 loss=-0.00330 wall=1178.9s
[spatial train] ppo_ontology_rgat seed=828 iteration=194/200 episodes=2328 difficulty=1.000 loss=-0.00743 wall=1182.0s
[spatial train] ppo_semantic_flat seed=828 iteration=133/200 episodes=1596 difficulty=0.730 loss=0.00514 wall=1183.6s
[spatial train] ppo_ontology_rgat seed=828 iteration=195/200 episodes=2340 difficulty=1.000 loss=-0.00404 wall=1189.3s
[spatial train] ppo_semantic_flat seed=829 iteration=102/200 episodes=1224 difficulty=0.420 loss=0.00285 wall=1191.3s
[spatial train] ppo_vector_canonical seed=829 iteration=91/200 episodes=1092 difficulty=0.310 loss=-0.00089 wall=1193.9s
[spatial train] ppo_ontology_rgat seed=828 iteration=196/200 episodes=2352 difficulty=1.000 loss=-0.00226 wall=1196.8s
[spatial train] ppo_semantic_flat seed=828 iteration=134/200 episodes=1608 difficulty=0.740 loss=0.00368 wall=1197.7s
[spatial train] ppo_vector_canonical seed=828 iteration=82/200 episodes=984 difficulty=0.220 loss=-0.00348 wall=1198.0s
[spatial train] ppo_ontology_rgat seed=829 iteration=87/200 episodes=1044 difficulty=0.270 loss=-0.00308 wall=1202.6s
[spatial train] ppo_ontology_rgat seed=828 iteration=197/200 episodes=2364 difficulty=1.000 loss=-0.00374 wall=1203.3s
[spatial train] ppo_semantic_flat seed=829 iteration=103/200 episodes=1236 difficulty=0.430 loss=-0.00271 wall=1209.0s
[spatial train] ppo_ontology_rgat seed=828 iteration=198/200 episodes=2376 difficulty=1.000 loss=-0.00394 wall=1210.1s
[spatial train] ppo_vector_canonical seed=829 iteration=92/200 episodes=1104 difficulty=0.320 loss=-0.00022 wall=1215.3s
[spatial train] ppo_vector_canonical seed=828 iteration=83/200 episodes=996 difficulty=0.230 loss=0.00216 wall=1216.2s
[spatial train] ppo_ontology_rgat seed=828 iteration=199/200 episodes=2388 difficulty=1.000 loss=-0.02404 wall=1216.2s
[spatial train] ppo_semantic_flat seed=828 iteration=135/200 episodes=1620 difficulty=0.750 loss=0.00354 wall=1216.7s
[spatial train] ppo_ontology_rgat seed=828 iteration=200/200 episodes=2400 difficulty=1.000 loss=-0.00321 wall=1223.7s
[spatial train] ppo_semantic_flat seed=829 iteration=104/200 episodes=1248 difficulty=0.440 loss=0.00567 wall=1226.5s
[spatial train] ppo_semantic_flat seed=828 iteration=136/200 episodes=1632 difficulty=0.760 loss=0.01218 wall=1232.5s
[spatial train] ppo_vector_canonical seed=829 iteration=93/200 episodes=1116 difficulty=0.330 loss=-0.00093 wall=1235.1s
[spatial train] ppo_vector_canonical seed=828 iteration=84/200 episodes=1008 difficulty=0.240 loss=0.00186 wall=1235.9s
[spatial train] ppo_ontology_rgat seed=829 iteration=88/200 episodes=1056 difficulty=0.280 loss=-0.00313 wall=1235.2s
[spatial train] ppo_semantic_flat seed=829 iteration=105/200 episodes=1260 difficulty=0.450 loss=0.00213 wall=1246.2s
[spatial train] ppo_semantic_flat seed=828 iteration=137/200 episodes=1644 difficulty=0.770 loss=-0.00005 wall=1249.9s
[spatial train] ppo_vector_canonical seed=829 iteration=94/200 episodes=1128 difficulty=0.340 loss=-0.00095 wall=1253.9s
[spatial train] ppo_vector_canonical seed=828 iteration=85/200 episodes=1020 difficulty=0.250 loss=-0.00239 wall=1254.6s
[spatial train] ppo_semantic_flat seed=829 iteration=106/200 episodes=1272 difficulty=0.460 loss=0.00002 wall=1263.4s
[spatial train] ppo_ontology_rgat seed=829 iteration=89/200 episodes=1068 difficulty=0.290 loss=-0.00439 wall=1267.3s
[spatial train] ppo_semantic_flat seed=828 iteration=138/200 episodes=1656 difficulty=0.780 loss=0.00172 wall=1269.8s
[spatial train] ppo_vector_canonical seed=828 iteration=86/200 episodes=1032 difficulty=0.260 loss=-0.00372 wall=1272.2s
[spatial train] ppo_vector_canonical seed=829 iteration=95/200 episodes=1140 difficulty=0.350 loss=-0.00056 wall=1272.4s
[spatial train] ppo_semantic_flat seed=829 iteration=107/200 episodes=1284 difficulty=0.470 loss=0.00493 wall=1281.6s
[spatial train] ppo_semantic_flat seed=828 iteration=139/200 episodes=1668 difficulty=0.790 loss=0.00252 wall=1289.6s
[spatial train] ppo_vector_canonical seed=828 iteration=87/200 episodes=1044 difficulty=0.270 loss=-0.00182 wall=1290.6s
[spatial train] ppo_vector_canonical seed=829 iteration=96/200 episodes=1152 difficulty=0.360 loss=-0.00020 wall=1293.1s
[spatial train] ppo_ontology_rgat seed=829 iteration=90/200 episodes=1080 difficulty=0.300 loss=-0.00310 wall=1298.1s
[spatial train] ppo_semantic_flat seed=829 iteration=108/200 episodes=1296 difficulty=0.480 loss=-0.01171 wall=1305.2s
[spatial train] ppo_vector_canonical seed=828 iteration=88/200 episodes=1056 difficulty=0.280 loss=-0.00124 wall=1307.7s
[spatial train] ppo_semantic_flat seed=828 iteration=140/200 episodes=1680 difficulty=0.800 loss=-0.00449 wall=1307.8s
[spatial train] ppo_vector_canonical seed=829 iteration=97/200 episodes=1164 difficulty=0.370 loss=-0.00178 wall=1313.3s
[spatial train] ppo_semantic_flat seed=829 iteration=109/200 episodes=1308 difficulty=0.490 loss=0.00341 wall=1325.4s
[spatial train] ppo_vector_canonical seed=828 iteration=89/200 episodes=1068 difficulty=0.290 loss=-0.00358 wall=1326.5s
[spatial train] ppo_semantic_flat seed=828 iteration=141/200 episodes=1692 difficulty=0.810 loss=0.01052 wall=1327.2s
[spatial train] ppo_ontology_rgat seed=829 iteration=91/200 episodes=1092 difficulty=0.310 loss=-0.00240 wall=1330.6s
[spatial train] ppo_vector_canonical seed=829 iteration=98/200 episodes=1176 difficulty=0.380 loss=0.00037 wall=1337.6s
[spatial train] ppo_semantic_flat seed=829 iteration=110/200 episodes=1320 difficulty=0.500 loss=0.00213 wall=1344.3s
[spatial train] ppo_semantic_flat seed=828 iteration=142/200 episodes=1704 difficulty=0.820 loss=0.00009 wall=1345.0s
[spatial train] ppo_vector_canonical seed=828 iteration=90/200 episodes=1080 difficulty=0.300 loss=-0.00176 wall=1347.5s
[spatial train] ppo_vector_canonical seed=829 iteration=99/200 episodes=1188 difficulty=0.390 loss=-0.00173 wall=1357.3s
[spatial train] ppo_ontology_rgat seed=829 iteration=92/200 episodes=1104 difficulty=0.320 loss=-0.00236 wall=1362.1s
[spatial train] ppo_semantic_flat seed=828 iteration=143/200 episodes=1716 difficulty=0.830 loss=-0.00032 wall=1363.8s
[spatial train] ppo_vector_canonical seed=828 iteration=91/200 episodes=1092 difficulty=0.310 loss=-0.00168 wall=1364.4s
[spatial train] ppo_semantic_flat seed=829 iteration=111/200 episodes=1332 difficulty=0.510 loss=0.03117 wall=1366.2s
[spatial train] ppo_semantic_flat seed=828 iteration=144/200 episodes=1728 difficulty=0.840 loss=0.00276 wall=1372.0s
[spatial train] ppo_vector_canonical seed=829 iteration=100/200 episodes=1200 difficulty=0.400 loss=-0.00092 wall=1378.1s
[spatial train] ppo_vector_canonical seed=828 iteration=92/200 episodes=1104 difficulty=0.320 loss=-0.00289 wall=1383.0s
[spatial train] ppo_semantic_flat seed=828 iteration=145/200 episodes=1740 difficulty=0.850 loss=0.00580 wall=1387.0s
[spatial train] ppo_semantic_flat seed=829 iteration=112/200 episodes=1344 difficulty=0.520 loss=0.00384 wall=1389.2s
[spatial train] ppo_ontology_rgat seed=829 iteration=93/200 episodes=1116 difficulty=0.330 loss=-0.00207 wall=1392.6s
[spatial train] ppo_vector_canonical seed=829 iteration=101/200 episodes=1212 difficulty=0.410 loss=-0.00084 wall=1397.1s
[spatial train] ppo_vector_canonical seed=828 iteration=93/200 episodes=1116 difficulty=0.330 loss=-0.00344 wall=1399.6s
[spatial train] ppo_semantic_flat seed=828 iteration=146/200 episodes=1752 difficulty=0.860 loss=0.01109 wall=1402.7s
[spatial train] ppo_semantic_flat seed=829 iteration=113/200 episodes=1356 difficulty=0.530 loss=0.00679 wall=1408.7s
[spatial train] ppo_semantic_flat seed=828 iteration=147/200 episodes=1764 difficulty=0.870 loss=0.05404 wall=1417.8s
[spatial train] ppo_vector_canonical seed=829 iteration=102/200 episodes=1224 difficulty=0.420 loss=-0.00071 wall=1418.4s
[spatial train] ppo_vector_canonical seed=828 iteration=94/200 episodes=1128 difficulty=0.340 loss=0.00125 wall=1419.1s
[spatial train] ppo_ontology_rgat seed=829 iteration=94/200 episodes=1128 difficulty=0.340 loss=-0.00419 wall=1423.0s
[spatial train] ppo_semantic_flat seed=829 iteration=114/200 episodes=1368 difficulty=0.540 loss=0.00250 wall=1429.3s
[spatial train] ppo_semantic_flat seed=828 iteration=148/200 episodes=1776 difficulty=0.880 loss=-0.00397 wall=1435.9s
[spatial train] ppo_vector_canonical seed=829 iteration=103/200 episodes=1236 difficulty=0.430 loss=0.00014 wall=1439.1s
[spatial train] ppo_vector_canonical seed=828 iteration=95/200 episodes=1140 difficulty=0.350 loss=-0.00176 wall=1439.6s
[spatial train] ppo_ontology_rgat seed=828 relational path ACTIVE; trainable for 140/200 iterations
[spatial train] ppo_semantic_flat seed=829 iteration=115/200 episodes=1380 difficulty=0.550 loss=0.00189 wall=1449.5s
[spatial train] ppo_semantic_flat seed=828 iteration=149/200 episodes=1788 difficulty=0.890 loss=-0.00083 wall=1454.0s
[spatial train] ppo_ontology_rgat seed=829 iteration=95/200 episodes=1140 difficulty=0.350 loss=-0.00535 wall=1453.3s
[spatial train] ppo_vector_canonical seed=828 iteration=96/200 episodes=1152 difficulty=0.360 loss=0.00039 wall=1458.1s
[spatial train] ppo_vector_canonical seed=829 iteration=104/200 episodes=1248 difficulty=0.440 loss=-0.00054 wall=1459.1s
[spatial train] ppo_semantic_flat seed=829 iteration=116/200 episodes=1392 difficulty=0.560 loss=0.00434 wall=1468.8s
[spatial train] ppo_semantic_flat seed=828 iteration=150/200 episodes=1800 difficulty=0.900 loss=-0.00429 wall=1469.0s
[spatial train] ppo_vector_canonical seed=828 iteration=97/200 episodes=1164 difficulty=0.370 loss=-0.00223 wall=1477.4s
[spatial train] ppo_vector_canonical seed=829 iteration=105/200 episodes=1260 difficulty=0.450 loss=0.00048 wall=1478.6s
[spatial train] ppo_ontology_rgat seed=829 iteration=96/200 episodes=1152 difficulty=0.360 loss=-0.00214 wall=1484.3s
[spatial train] ppo_semantic_flat seed=829 iteration=117/200 episodes=1404 difficulty=0.570 loss=0.00090 wall=1486.1s
[spatial train] ppo_semantic_flat seed=828 iteration=151/200 episodes=1812 difficulty=0.910 loss=-0.00239 wall=1487.5s
[spatial train] ppo_vector_canonical seed=828 iteration=98/200 episodes=1176 difficulty=0.380 loss=-0.00200 wall=1496.7s
[spatial train] ppo_vector_canonical seed=829 iteration=106/200 episodes=1272 difficulty=0.460 loss=-0.00030 wall=1497.3s
[spatial train] ppo_semantic_flat seed=828 iteration=152/200 episodes=1824 difficulty=0.920 loss=-0.00093 wall=1504.0s
[spatial train] ppo_semantic_flat seed=829 iteration=118/200 episodes=1416 difficulty=0.580 loss=-0.00686 wall=1503.9s
[spatial train] ppo_ontology_rgat seed=829 iteration=97/200 episodes=1164 difficulty=0.370 loss=-0.00249 wall=1515.1s
[spatial train] ppo_vector_canonical seed=828 iteration=99/200 episodes=1188 difficulty=0.390 loss=-0.00156 wall=1516.1s
[spatial train] ppo_vector_canonical seed=829 iteration=107/200 episodes=1284 difficulty=0.470 loss=-0.00161 wall=1516.4s
[spatial train] ppo_semantic_flat seed=828 iteration=153/200 episodes=1836 difficulty=0.930 loss=-0.00723 wall=1520.3s
[spatial train] ppo_semantic_flat seed=829 iteration=119/200 episodes=1428 difficulty=0.590 loss=-0.00349 wall=1523.5s
[spatial train] ppo_vector_canonical seed=828 iteration=100/200 episodes=1200 difficulty=0.400 loss=-0.00096 wall=1534.2s
[spatial train] ppo_vector_canonical seed=829 iteration=108/200 episodes=1296 difficulty=0.480 loss=-0.00031 wall=1535.4s
[spatial train] ppo_semantic_flat seed=828 iteration=154/200 episodes=1848 difficulty=0.940 loss=0.01285 wall=1537.9s
[spatial train] ppo_semantic_flat seed=829 iteration=120/200 episodes=1440 difficulty=0.600 loss=0.00293 wall=1542.7s
[spatial train] ppo_ontology_rgat seed=829 iteration=98/200 episodes=1176 difficulty=0.380 loss=-0.00342 wall=1543.3s
[spatial train] ppo_vector_canonical seed=828 iteration=101/200 episodes=1212 difficulty=0.410 loss=-0.00030 wall=1552.3s
[spatial train] ppo_semantic_flat seed=828 iteration=155/200 episodes=1860 difficulty=0.950 loss=0.01653 wall=1553.9s
[spatial train] ppo_vector_canonical seed=829 iteration=109/200 episodes=1308 difficulty=0.490 loss=-0.00224 wall=1555.2s
[spatial train] ppo_semantic_flat seed=829 iteration=121/200 episodes=1452 difficulty=0.610 loss=0.00502 wall=1562.0s
[spatial train] ppo_semantic_flat seed=828 iteration=156/200 episodes=1872 difficulty=0.960 loss=0.00516 wall=1569.1s
[spatial train] ppo_vector_canonical seed=828 iteration=102/200 episodes=1224 difficulty=0.420 loss=0.00541 wall=1569.4s
[spatial train] ppo_ontology_rgat seed=829 iteration=99/200 episodes=1188 difficulty=0.390 loss=-0.00137 wall=1571.0s
[spatial train] ppo_vector_canonical seed=829 iteration=110/200 episodes=1320 difficulty=0.500 loss=-0.00163 wall=1575.0s
[spatial train] ppo_semantic_flat seed=829 iteration=122/200 episodes=1464 difficulty=0.620 loss=0.00231 wall=1581.4s
[spatial train] ppo_semantic_flat seed=828 iteration=157/200 episodes=1884 difficulty=0.970 loss=0.00305 wall=1584.3s
[spatial train] ppo_vector_canonical seed=828 iteration=103/200 episodes=1236 difficulty=0.430 loss=-0.00135 wall=1586.0s
[spatial train] ppo_vector_canonical seed=829 iteration=111/200 episodes=1332 difficulty=0.510 loss=-0.00112 wall=1593.8s
[spatial train] ppo_semantic_flat seed=829 iteration=123/200 episodes=1476 difficulty=0.630 loss=0.00697 wall=1599.6s
[spatial train] ppo_semantic_flat seed=828 iteration=158/200 episodes=1896 difficulty=0.980 loss=-0.03799 wall=1600.9s
[spatial train] ppo_vector_canonical seed=828 iteration=104/200 episodes=1248 difficulty=0.440 loss=-0.00024 wall=1601.6s
[spatial train] ppo_ontology_rgat seed=829 iteration=100/200 episodes=1200 difficulty=0.400 loss=-0.00249 wall=1601.1s
[spatial train] ppo_vector_canonical seed=829 iteration=112/200 episodes=1344 difficulty=0.520 loss=0.00350 wall=1612.8s
[spatial train] ppo_semantic_flat seed=828 iteration=159/200 episodes=1908 difficulty=0.990 loss=-0.00751 wall=1614.4s
[spatial train] ppo_semantic_flat seed=829 iteration=124/200 episodes=1488 difficulty=0.640 loss=0.00361 wall=1618.9s
[spatial train] ppo_vector_canonical seed=828 iteration=105/200 episodes=1260 difficulty=0.450 loss=-0.00476 wall=1620.4s
[spatial train] ppo_vector_canonical seed=829 iteration=113/200 episodes=1356 difficulty=0.530 loss=-0.00002 wall=1631.6s
[spatial train] ppo_ontology_rgat seed=829 iteration=101/200 episodes=1212 difficulty=0.410 loss=-0.00361 wall=1631.1s
[spatial train] ppo_semantic_flat seed=828 iteration=160/200 episodes=1920 difficulty=1.000 loss=0.00625 wall=1633.3s
[spatial train] ppo_vector_canonical seed=828 iteration=106/200 episodes=1272 difficulty=0.460 loss=-0.00216 wall=1637.3s
[spatial train] ppo_semantic_flat seed=829 iteration=125/200 episodes=1500 difficulty=0.650 loss=0.00272 wall=1638.3s
[spatial train] ppo_semantic_flat seed=828 iteration=161/200 episodes=1932 difficulty=1.000 loss=-0.00472 wall=1650.9s
[spatial train] ppo_vector_canonical seed=829 iteration=114/200 episodes=1368 difficulty=0.540 loss=0.00010 wall=1651.5s
[spatial train] ppo_vector_canonical seed=828 iteration=107/200 episodes=1284 difficulty=0.470 loss=-0.00141 wall=1656.4s
[spatial train] ppo_semantic_flat seed=829 iteration=126/200 episodes=1512 difficulty=0.660 loss=0.00597 wall=1657.6s
[spatial train] ppo_ontology_rgat seed=829 iteration=102/200 episodes=1224 difficulty=0.420 loss=-0.00265 wall=1658.7s
[spatial train] ppo_semantic_flat seed=828 iteration=162/200 episodes=1944 difficulty=1.000 loss=0.00117 wall=1668.9s
[spatial train] ppo_vector_canonical seed=829 iteration=115/200 episodes=1380 difficulty=0.550 loss=-0.00290 wall=1671.2s
[spatial train] ppo_vector_canonical seed=828 iteration=108/200 episodes=1296 difficulty=0.480 loss=-0.00315 wall=1675.9s
[spatial train] ppo_semantic_flat seed=829 iteration=127/200 episodes=1524 difficulty=0.670 loss=0.00706 wall=1678.9s
[spatial train] ppo_ontology_rgat seed=829 iteration=103/200 episodes=1236 difficulty=0.430 loss=-0.00634 wall=1688.7s
[spatial train] ppo_semantic_flat seed=828 iteration=163/200 episodes=1956 difficulty=1.000 loss=-0.00594 wall=1692.5s
[spatial train] ppo_vector_canonical seed=829 iteration=116/200 episodes=1392 difficulty=0.560 loss=0.00077 wall=1702.4s
[spatial train] ppo_vector_canonical seed=828 iteration=109/200 episodes=1308 difficulty=0.490 loss=-0.00291 wall=1707.7s
[spatial train] ppo_semantic_flat seed=829 iteration=128/200 episodes=1536 difficulty=0.680 loss=0.00391 wall=1709.2s
[spatial train] ppo_semantic_flat seed=828 iteration=164/200 episodes=1968 difficulty=1.000 loss=-0.00014 wall=1722.1s
[spatial train] ppo_vector_canonical seed=829 iteration=117/200 episodes=1404 difficulty=0.570 loss=-0.00037 wall=1727.4s
[spatial train] ppo_ontology_rgat seed=829 iteration=104/200 episodes=1248 difficulty=0.440 loss=-0.00598 wall=1729.9s
[spatial train] ppo_vector_canonical seed=828 iteration=110/200 episodes=1320 difficulty=0.500 loss=-0.00110 wall=1732.4s
[spatial train] ppo_semantic_flat seed=829 iteration=129/200 episodes=1548 difficulty=0.690 loss=0.02700 wall=1732.3s
[spatial train] ppo_semantic_flat seed=828 iteration=165/200 episodes=1980 difficulty=1.000 loss=0.00169 wall=1740.8s
[spatial train] ppo_vector_canonical seed=829 iteration=118/200 episodes=1416 difficulty=0.580 loss=-0.00171 wall=1746.5s
[spatial train] ppo_semantic_flat seed=829 iteration=130/200 episodes=1560 difficulty=0.700 loss=-0.00067 wall=1749.5s
[spatial train] ppo_vector_canonical seed=828 iteration=111/200 episodes=1332 difficulty=0.510 loss=-0.00518 wall=1750.7s
[spatial train] ppo_ontology_rgat seed=829 iteration=105/200 episodes=1260 difficulty=0.450 loss=-0.00596 wall=1758.1s
[spatial train] ppo_semantic_flat seed=828 iteration=166/200 episodes=1992 difficulty=1.000 loss=0.02438 wall=1759.1s
[spatial train] ppo_vector_canonical seed=829 iteration=119/200 episodes=1428 difficulty=0.590 loss=0.00132 wall=1764.4s
[spatial train] ppo_semantic_flat seed=829 iteration=131/200 episodes=1572 difficulty=0.710 loss=0.01019 wall=1766.8s
[spatial train] ppo_vector_canonical seed=828 iteration=112/200 episodes=1344 difficulty=0.520 loss=-0.00170 wall=1767.2s
[spatial train] ppo_semantic_flat seed=828 iteration=167/200 episodes=2004 difficulty=1.000 loss=0.01544 wall=1776.2s
[spatial train] ppo_vector_canonical seed=829 iteration=120/200 episodes=1440 difficulty=0.600 loss=0.00056 wall=1782.8s
[spatial train] ppo_ontology_rgat seed=829 iteration=106/200 episodes=1272 difficulty=0.460 loss=-0.00450 wall=1783.6s
[spatial train] ppo_semantic_flat seed=829 iteration=132/200 episodes=1584 difficulty=0.720 loss=0.00172 wall=1785.6s
[spatial train] ppo_vector_canonical seed=828 iteration=113/200 episodes=1356 difficulty=0.530 loss=-0.00096 wall=1786.1s
[spatial train] ppo_semantic_flat seed=828 iteration=168/200 episodes=2016 difficulty=1.000 loss=0.02399 wall=1793.4s
[spatial train] ppo_vector_canonical seed=829 iteration=121/200 episodes=1452 difficulty=0.610 loss=0.00282 wall=1801.4s
[spatial train] ppo_vector_canonical seed=828 iteration=114/200 episodes=1368 difficulty=0.540 loss=0.00089 wall=1803.8s
[spatial train] ppo_semantic_flat seed=829 iteration=133/200 episodes=1596 difficulty=0.730 loss=0.01375 wall=1803.9s
[spatial train] ppo_ontology_rgat seed=829 iteration=107/200 episodes=1284 difficulty=0.470 loss=-0.00578 wall=1808.1s
[spatial train] ppo_semantic_flat seed=828 iteration=169/200 episodes=2028 difficulty=1.000 loss=0.00425 wall=1810.6s
[spatial train] ppo_vector_canonical seed=829 iteration=122/200 episodes=1464 difficulty=0.620 loss=-0.00026 wall=1820.7s
[spatial train] ppo_vector_canonical seed=828 iteration=115/200 episodes=1380 difficulty=0.550 loss=-0.00089 wall=1822.9s
[spatial train] ppo_semantic_flat seed=829 iteration=134/200 episodes=1608 difficulty=0.740 loss=0.01917 wall=1822.8s
[spatial train] ppo_semantic_flat seed=828 iteration=170/200 episodes=2040 difficulty=1.000 loss=-0.00140 wall=1825.5s
[spatial train] ppo_ontology_rgat seed=829 iteration=108/200 episodes=1296 difficulty=0.480 loss=-0.00600 wall=1838.2s
[spatial train] ppo_vector_canonical seed=829 iteration=123/200 episodes=1476 difficulty=0.630 loss=0.00047 wall=1840.2s
[spatial train] ppo_semantic_flat seed=829 iteration=135/200 episodes=1620 difficulty=0.750 loss=0.00755 wall=1842.1s
[spatial train] ppo_vector_canonical seed=828 iteration=116/200 episodes=1392 difficulty=0.560 loss=0.00236 wall=1842.5s
[spatial train] ppo_semantic_flat seed=828 iteration=171/200 episodes=2052 difficulty=1.000 loss=0.00824 wall=1843.4s
[spatial train] ppo_vector_canonical seed=829 iteration=124/200 episodes=1488 difficulty=0.640 loss=0.00140 wall=1860.0s
[spatial train] ppo_vector_canonical seed=828 iteration=117/200 episodes=1404 difficulty=0.570 loss=0.00243 wall=1860.7s
[spatial train] ppo_semantic_flat seed=829 iteration=136/200 episodes=1632 difficulty=0.760 loss=-0.00596 wall=1861.4s
[spatial train] ppo_semantic_flat seed=828 iteration=172/200 episodes=2064 difficulty=1.000 loss=0.00319 wall=1862.5s
[spatial train] ppo_ontology_rgat seed=829 iteration=109/200 episodes=1308 difficulty=0.490 loss=-0.00545 wall=1867.9s
[spatial train] ppo_vector_canonical seed=829 iteration=125/200 episodes=1500 difficulty=0.650 loss=0.00033 wall=1879.5s
[spatial train] ppo_vector_canonical seed=828 iteration=118/200 episodes=1416 difficulty=0.580 loss=0.00063 wall=1880.4s
[spatial train] ppo_semantic_flat seed=829 iteration=137/200 episodes=1644 difficulty=0.770 loss=0.00234 wall=1881.0s
[spatial train] ppo_semantic_flat seed=828 iteration=173/200 episodes=2076 difficulty=1.000 loss=-0.00196 wall=1881.7s
[spatial train] ppo_ontology_rgat seed=829 iteration=110/200 episodes=1320 difficulty=0.500 loss=-0.00164 wall=1895.3s
[spatial train] ppo_vector_canonical seed=828 iteration=119/200 episodes=1428 difficulty=0.590 loss=0.00190 wall=1896.9s
[spatial train] ppo_semantic_flat seed=829 iteration=138/200 episodes=1656 difficulty=0.780 loss=-0.00008 wall=1898.9s
[spatial train] ppo_vector_canonical seed=829 iteration=126/200 episodes=1512 difficulty=0.660 loss=0.00223 wall=1899.1s
[spatial train] ppo_semantic_flat seed=828 iteration=174/200 episodes=2088 difficulty=1.000 loss=0.00306 wall=1900.7s
[spatial train] ppo_vector_canonical seed=828 iteration=120/200 episodes=1440 difficulty=0.600 loss=0.00158 wall=1916.3s
[spatial train] ppo_semantic_flat seed=829 iteration=139/200 episodes=1668 difficulty=0.790 loss=0.00370 wall=1918.1s
[spatial train] ppo_semantic_flat seed=828 iteration=175/200 episodes=2100 difficulty=1.000 loss=0.00166 wall=1918.5s
[spatial train] ppo_vector_canonical seed=829 iteration=127/200 episodes=1524 difficulty=0.670 loss=0.00083 wall=1918.8s
[spatial train] ppo_ontology_rgat seed=829 iteration=111/200 episodes=1332 difficulty=0.510 loss=-0.00355 wall=1920.0s
[spatial train] ppo_vector_canonical seed=828 iteration=121/200 episodes=1452 difficulty=0.610 loss=-0.00256 wall=1934.0s
[spatial train] ppo_semantic_flat seed=829 iteration=140/200 episodes=1680 difficulty=0.800 loss=0.00069 wall=1935.9s
[spatial train] ppo_semantic_flat seed=828 iteration=176/200 episodes=2112 difficulty=1.000 loss=0.00298 wall=1936.3s
[spatial train] ppo_vector_canonical seed=829 iteration=128/200 episodes=1536 difficulty=0.680 loss=0.00342 wall=1938.6s
[spatial train] ppo_ontology_rgat seed=829 iteration=112/200 episodes=1344 difficulty=0.520 loss=0.00174 wall=1946.4s
[spatial train] ppo_vector_canonical seed=828 iteration=122/200 episodes=1464 difficulty=0.620 loss=-0.00292 wall=1952.7s
[spatial train] ppo_semantic_flat seed=829 iteration=141/200 episodes=1692 difficulty=0.810 loss=0.02091 wall=1953.8s
[spatial train] ppo_semantic_flat seed=828 iteration=177/200 episodes=2124 difficulty=1.000 loss=0.01174 wall=1954.1s
[spatial train] ppo_vector_canonical seed=829 iteration=129/200 episodes=1548 difficulty=0.690 loss=0.00089 wall=1957.1s
[spatial train] ppo_semantic_flat seed=828 iteration=178/200 episodes=2136 difficulty=1.000 loss=0.00545 wall=1970.6s
[spatial train] ppo_vector_canonical seed=828 iteration=123/200 episodes=1476 difficulty=0.630 loss=-0.00141 wall=1970.7s
[spatial train] ppo_semantic_flat seed=829 iteration=142/200 episodes=1704 difficulty=0.820 loss=0.00889 wall=1971.7s
[spatial train] ppo_ontology_rgat seed=829 iteration=113/200 episodes=1356 difficulty=0.530 loss=-0.00295 wall=1971.8s
[spatial train] ppo_vector_canonical seed=829 iteration=130/200 episodes=1560 difficulty=0.700 loss=0.00105 wall=1975.5s
[spatial train] ppo_semantic_flat seed=828 iteration=179/200 episodes=2148 difficulty=1.000 loss=0.01490 wall=1987.1s
[spatial train] ppo_semantic_flat seed=829 iteration=143/200 episodes=1716 difficulty=0.830 loss=0.01277 wall=1989.0s
[spatial train] ppo_vector_canonical seed=828 iteration=124/200 episodes=1488 difficulty=0.640 loss=-0.00015 wall=1989.7s
[spatial train] ppo_vector_canonical seed=829 iteration=131/200 episodes=1572 difficulty=0.710 loss=0.00028 wall=1995.2s
[spatial train] ppo_ontology_rgat seed=829 iteration=114/200 episodes=1368 difficulty=0.540 loss=-0.00241 wall=1998.2s
[spatial train] ppo_semantic_flat seed=828 iteration=180/200 episodes=2160 difficulty=1.000 loss=0.00440 wall=2005.0s
[spatial train] ppo_semantic_flat seed=829 iteration=144/200 episodes=1728 difficulty=0.840 loss=0.00770 wall=2005.0s
[spatial train] ppo_vector_canonical seed=828 iteration=125/200 episodes=1500 difficulty=0.650 loss=0.00272 wall=2009.2s
[spatial train] ppo_vector_canonical seed=829 iteration=132/200 episodes=1584 difficulty=0.720 loss=0.00222 wall=2013.6s
[spatial train] ppo_semantic_flat seed=829 iteration=145/200 episodes=1740 difficulty=0.850 loss=-0.00081 wall=2022.8s
[spatial train] ppo_semantic_flat seed=828 iteration=181/200 episodes=2172 difficulty=1.000 loss=-0.00207 wall=2024.0s
[spatial train] ppo_vector_canonical seed=828 iteration=126/200 episodes=1512 difficulty=0.660 loss=0.01531 wall=2028.1s
[spatial train] ppo_ontology_rgat seed=829 iteration=115/200 episodes=1380 difficulty=0.550 loss=-0.00475 wall=2028.7s
[spatial train] ppo_vector_canonical seed=829 iteration=133/200 episodes=1596 difficulty=0.730 loss=0.00220 wall=2031.3s
[spatial train] ppo_semantic_flat seed=829 iteration=146/200 episodes=1752 difficulty=0.860 loss=0.00672 wall=2042.2s
[spatial train] ppo_vector_canonical seed=828 iteration=127/200 episodes=1524 difficulty=0.670 loss=0.00230 wall=2042.9s
[spatial train] ppo_semantic_flat seed=828 iteration=182/200 episodes=2184 difficulty=1.000 loss=0.00360 wall=2043.3s
[spatial train] ppo_vector_canonical seed=829 iteration=134/200 episodes=1608 difficulty=0.740 loss=0.00333 wall=2051.0s
[spatial train] ppo_ontology_rgat seed=829 iteration=116/200 episodes=1392 difficulty=0.560 loss=-0.00459 wall=2056.6s
[spatial train] ppo_semantic_flat seed=829 iteration=147/200 episodes=1764 difficulty=0.870 loss=0.00820 wall=2058.8s
[spatial train] ppo_semantic_flat seed=828 iteration=183/200 episodes=2196 difficulty=1.000 loss=0.00683 wall=2061.3s
[spatial train] ppo_vector_canonical seed=828 iteration=128/200 episodes=1536 difficulty=0.680 loss=-0.00078 wall=2062.4s
[spatial train] ppo_vector_canonical seed=829 iteration=135/200 episodes=1620 difficulty=0.750 loss=-0.00140 wall=2070.1s
[spatial train] ppo_semantic_flat seed=829 iteration=148/200 episodes=1776 difficulty=0.880 loss=0.02617 wall=2075.3s
[spatial train] ppo_semantic_flat seed=828 iteration=184/200 episodes=2208 difficulty=1.000 loss=-0.00469 wall=2079.1s
[spatial train] ppo_vector_canonical seed=828 iteration=129/200 episodes=1548 difficulty=0.690 loss=0.00148 wall=2080.7s
[spatial train] ppo_ontology_rgat seed=829 iteration=117/200 episodes=1404 difficulty=0.570 loss=-0.00407 wall=2082.3s
[spatial train] ppo_vector_canonical seed=829 iteration=136/200 episodes=1632 difficulty=0.760 loss=0.00304 wall=2089.9s
[spatial train] ppo_semantic_flat seed=829 iteration=149/200 episodes=1788 difficulty=0.890 loss=0.00484 wall=2093.4s
[spatial train] ppo_semantic_flat seed=828 iteration=185/200 episodes=2220 difficulty=1.000 loss=0.00763 wall=2097.1s
[spatial train] ppo_vector_canonical seed=828 iteration=130/200 episodes=1560 difficulty=0.700 loss=-0.00149 wall=2098.2s
[spatial train] ppo_semantic_flat seed=829 iteration=150/200 episodes=1800 difficulty=0.900 loss=0.00416 wall=2108.7s
[spatial train] ppo_vector_canonical seed=829 iteration=137/200 episodes=1644 difficulty=0.770 loss=0.00256 wall=2109.6s
[spatial train] ppo_ontology_rgat seed=829 iteration=118/200 episodes=1416 difficulty=0.580 loss=-0.00721 wall=2112.0s
[spatial train] ppo_vector_canonical seed=828 iteration=131/200 episodes=1572 difficulty=0.710 loss=-0.00191 wall=2116.1s
[spatial train] ppo_semantic_flat seed=828 iteration=186/200 episodes=2232 difficulty=1.000 loss=0.00526 wall=2116.4s
[spatial train] ppo_vector_canonical seed=829 iteration=138/200 episodes=1656 difficulty=0.780 loss=0.00197 wall=2126.6s
[spatial train] ppo_semantic_flat seed=829 iteration=151/200 episodes=1812 difficulty=0.910 loss=0.00305 wall=2128.1s
[spatial train] ppo_vector_canonical seed=828 iteration=132/200 episodes=1584 difficulty=0.720 loss=0.00085 wall=2135.0s
[spatial train] ppo_semantic_flat seed=828 iteration=187/200 episodes=2244 difficulty=1.000 loss=0.00649 wall=2135.0s
[spatial train] ppo_ontology_rgat seed=829 iteration=119/200 episodes=1428 difficulty=0.590 loss=-0.00509 wall=2140.5s
[spatial train] ppo_vector_canonical seed=829 iteration=139/200 episodes=1668 difficulty=0.790 loss=0.00262 wall=2146.3s
[spatial train] ppo_semantic_flat seed=829 iteration=152/200 episodes=1824 difficulty=0.920 loss=0.00453 wall=2147.3s
[spatial train] ppo_vector_canonical seed=828 iteration=133/200 episodes=1596 difficulty=0.730 loss=0.00246 wall=2153.2s
[spatial train] ppo_semantic_flat seed=828 iteration=188/200 episodes=2256 difficulty=1.000 loss=0.00293 wall=2154.2s
[spatial train] ppo_semantic_flat seed=829 iteration=153/200 episodes=1836 difficulty=0.930 loss=0.00382 wall=2164.0s
[spatial train] ppo_vector_canonical seed=829 iteration=140/200 episodes=1680 difficulty=0.800 loss=0.00158 wall=2164.8s
[spatial train] ppo_ontology_rgat seed=829 iteration=120/200 episodes=1440 difficulty=0.600 loss=-0.00271 wall=2165.2s
[spatial train] ppo_vector_canonical seed=828 iteration=134/200 episodes=1608 difficulty=0.740 loss=0.00040 wall=2171.3s
[spatial train] ppo_semantic_flat seed=828 iteration=189/200 episodes=2268 difficulty=1.000 loss=0.00358 wall=2172.4s
[spatial train] ppo_semantic_flat seed=829 iteration=154/200 episodes=1848 difficulty=0.940 loss=0.00731 wall=2180.4s
[spatial train] ppo_vector_canonical seed=829 iteration=141/200 episodes=1692 difficulty=0.810 loss=0.00058 wall=2184.6s
[spatial train] ppo_vector_canonical seed=828 iteration=135/200 episodes=1620 difficulty=0.750 loss=0.00030 wall=2186.9s
[spatial train] ppo_semantic_flat seed=828 iteration=190/200 episodes=2280 difficulty=1.000 loss=-0.01725 wall=2190.1s
[spatial train] ppo_ontology_rgat seed=829 iteration=121/200 episodes=1452 difficulty=0.610 loss=-0.00369 wall=2189.5s
[spatial train] ppo_semantic_flat seed=829 iteration=155/200 episodes=1860 difficulty=0.950 loss=0.01645 wall=2199.3s
[spatial train] ppo_vector_canonical seed=829 iteration=142/200 episodes=1704 difficulty=0.820 loss=0.00217 wall=2203.0s
[spatial train] ppo_vector_canonical seed=828 iteration=136/200 episodes=1632 difficulty=0.760 loss=0.00165 wall=2206.4s
[spatial train] ppo_semantic_flat seed=828 iteration=191/200 episodes=2292 difficulty=1.000 loss=0.00213 wall=2209.3s
[spatial train] ppo_ontology_rgat seed=829 iteration=122/200 episodes=1464 difficulty=0.620 loss=-0.00409 wall=2212.6s
[spatial train] ppo_semantic_flat seed=829 iteration=156/200 episodes=1872 difficulty=0.960 loss=0.01189 wall=2218.5s
[spatial train] ppo_vector_canonical seed=829 iteration=143/200 episodes=1716 difficulty=0.830 loss=0.00014 wall=2220.8s
[spatial train] ppo_vector_canonical seed=828 iteration=137/200 episodes=1644 difficulty=0.770 loss=0.00137 wall=2225.8s
[spatial train] ppo_semantic_flat seed=828 iteration=192/200 episodes=2304 difficulty=1.000 loss=0.02322 wall=2228.4s
[spatial train] ppo_semantic_flat seed=829 iteration=157/200 episodes=1884 difficulty=0.970 loss=-0.02132 wall=2234.3s
[spatial train] ppo_vector_canonical seed=829 iteration=144/200 episodes=1728 difficulty=0.840 loss=0.00423 wall=2237.1s
[spatial train] ppo_ontology_rgat seed=829 iteration=123/200 episodes=1476 difficulty=0.630 loss=-0.00435 wall=2239.4s
[spatial train] ppo_vector_canonical seed=828 iteration=138/200 episodes=1656 difficulty=0.780 loss=-0.00366 wall=2244.5s
[spatial train] ppo_semantic_flat seed=828 iteration=193/200 episodes=2316 difficulty=1.000 loss=0.00091 wall=2247.9s
[spatial train] ppo_semantic_flat seed=829 iteration=158/200 episodes=1896 difficulty=0.980 loss=-0.00754 wall=2252.3s
[spatial train] ppo_vector_canonical seed=829 iteration=145/200 episodes=1740 difficulty=0.850 loss=0.00228 wall=2257.1s
[spatial train] ppo_vector_canonical seed=828 iteration=139/200 episodes=1668 difficulty=0.790 loss=0.00245 wall=2262.3s
[spatial train] ppo_semantic_flat seed=828 iteration=194/200 episodes=2328 difficulty=1.000 loss=0.00291 wall=2265.9s
[spatial train] ppo_ontology_rgat seed=829 iteration=124/200 episodes=1488 difficulty=0.640 loss=-0.00332 wall=2267.0s
[spatial train] ppo_semantic_flat seed=829 iteration=159/200 episodes=1908 difficulty=0.990 loss=-0.00049 wall=2271.3s
[spatial train] ppo_vector_canonical seed=829 iteration=146/200 episodes=1752 difficulty=0.860 loss=0.00044 wall=2276.1s
[spatial train] ppo_vector_canonical seed=828 iteration=140/200 episodes=1680 difficulty=0.800 loss=0.00067 wall=2280.2s
[spatial train] ppo_semantic_flat seed=828 iteration=195/200 episodes=2340 difficulty=1.000 loss=0.00112 wall=2283.8s
[spatial train] ppo_semantic_flat seed=829 iteration=160/200 episodes=1920 difficulty=1.000 loss=0.00769 wall=2288.5s
[spatial train] ppo_vector_canonical seed=829 iteration=147/200 episodes=1764 difficulty=0.870 loss=0.00162 wall=2295.9s
[spatial train] ppo_ontology_rgat seed=829 iteration=125/200 episodes=1500 difficulty=0.650 loss=-0.00678 wall=2295.3s
[spatial train] ppo_vector_canonical seed=828 iteration=141/200 episodes=1692 difficulty=0.810 loss=0.00205 wall=2299.6s
[spatial train] ppo_semantic_flat seed=828 iteration=196/200 episodes=2352 difficulty=1.000 loss=-0.00064 wall=2300.7s
[spatial train] ppo_semantic_flat seed=829 iteration=161/200 episodes=1932 difficulty=1.000 loss=-0.04032 wall=2306.7s
[spatial train] ppo_vector_canonical seed=829 iteration=148/200 episodes=1776 difficulty=0.880 loss=0.00240 wall=2314.0s
[spatial train] ppo_vector_canonical seed=828 iteration=142/200 episodes=1704 difficulty=0.820 loss=0.00242 wall=2317.5s
[spatial train] ppo_semantic_flat seed=828 iteration=197/200 episodes=2364 difficulty=1.000 loss=-0.00700 wall=2318.4s
[spatial train] ppo_semantic_flat seed=829 iteration=162/200 episodes=1944 difficulty=1.000 loss=0.00824 wall=2324.6s
[spatial train] ppo_ontology_rgat seed=829 iteration=126/200 episodes=1512 difficulty=0.660 loss=-0.00209 wall=2326.1s
[spatial train] ppo_vector_canonical seed=829 iteration=149/200 episodes=1788 difficulty=0.890 loss=0.00237 wall=2333.3s
[spatial train] ppo_vector_canonical seed=828 iteration=143/200 episodes=1716 difficulty=0.830 loss=0.00317 wall=2337.0s
[spatial train] ppo_semantic_flat seed=828 iteration=198/200 episodes=2376 difficulty=1.000 loss=0.00810 wall=2337.5s
[spatial train] ppo_semantic_flat seed=829 iteration=163/200 episodes=1956 difficulty=1.000 loss=0.00502 wall=2343.6s
[spatial train] ppo_ontology_rgat seed=829 iteration=127/200 episodes=1524 difficulty=0.670 loss=-0.00230 wall=2348.6s
[spatial train] ppo_vector_canonical seed=829 iteration=150/200 episodes=1800 difficulty=0.900 loss=0.00403 wall=2353.0s
[spatial train] ppo_vector_canonical seed=828 iteration=144/200 episodes=1728 difficulty=0.840 loss=-0.00046 wall=2355.1s
[spatial train] ppo_semantic_flat seed=828 iteration=199/200 episodes=2388 difficulty=1.000 loss=0.01250 wall=2355.4s
[spatial train] ppo_semantic_flat seed=829 iteration=164/200 episodes=1968 difficulty=1.000 loss=-0.00751 wall=2362.4s
[spatial train] ppo_vector_canonical seed=829 iteration=151/200 episodes=1812 difficulty=0.910 loss=0.00289 wall=2371.1s
[spatial train] ppo_ontology_rgat seed=829 iteration=128/200 episodes=1536 difficulty=0.680 loss=-0.00358 wall=2373.3s
[spatial train] ppo_vector_canonical seed=828 iteration=145/200 episodes=1740 difficulty=0.850 loss=0.00350 wall=2374.7s
[spatial train] ppo_semantic_flat seed=828 iteration=200/200 episodes=2400 difficulty=1.000 loss=0.00767 wall=2377.9s
[spatial train] ppo_semantic_flat seed=829 iteration=165/200 episodes=1980 difficulty=1.000 loss=0.01081 wall=2379.9s
[spatial train] ppo_vector_canonical seed=829 iteration=152/200 episodes=1824 difficulty=0.920 loss=0.00272 wall=2387.6s
[spatial train] ppo_vector_canonical seed=828 iteration=146/200 episodes=1752 difficulty=0.860 loss=0.00097 wall=2393.1s
[spatial train] ppo_semantic_flat seed=829 iteration=166/200 episodes=1992 difficulty=1.000 loss=0.00622 wall=2397.1s
[spatial train] ppo_ontology_rgat seed=829 iteration=129/200 episodes=1548 difficulty=0.690 loss=-0.00480 wall=2399.2s
[spatial train] ppo_vector_canonical seed=829 iteration=153/200 episodes=1836 difficulty=0.930 loss=0.00371 wall=2404.5s
[spatial train] ppo_vector_canonical seed=828 iteration=147/200 episodes=1764 difficulty=0.870 loss=-0.00094 wall=2410.9s
[spatial train] ppo_semantic_flat seed=829 iteration=167/200 episodes=2004 difficulty=1.000 loss=0.00391 wall=2413.6s
[spatial train] ppo_ontology_rgat seed=829 iteration=130/200 episodes=1560 difficulty=0.700 loss=-0.00287 wall=2418.4s
[spatial train] ppo_vector_canonical seed=829 iteration=154/200 episodes=1848 difficulty=0.940 loss=0.00042 wall=2421.6s
[spatial train] ppo_vector_canonical seed=828 iteration=148/200 episodes=1776 difficulty=0.880 loss=0.00106 wall=2427.8s
[spatial train] ppo_semantic_flat seed=829 iteration=168/200 episodes=2016 difficulty=1.000 loss=-0.01842 wall=2430.6s
[spatial train] ppo_vector_canonical seed=829 iteration=155/200 episodes=1860 difficulty=0.950 loss=0.00294 wall=2439.4s
[spatial train] ppo_ontology_rgat seed=829 iteration=131/200 episodes=1572 difficulty=0.710 loss=-0.00464 wall=2441.4s
[spatial train] ppo_vector_canonical seed=828 iteration=149/200 episodes=1788 difficulty=0.890 loss=-0.00026 wall=2443.8s
[spatial train] ppo_semantic_flat seed=829 iteration=169/200 episodes=2028 difficulty=1.000 loss=-0.00856 wall=2448.2s
[spatial train] ppo_vector_canonical seed=829 iteration=156/200 episodes=1872 difficulty=0.960 loss=0.00359 wall=2457.5s
[spatial train] ppo_vector_canonical seed=828 iteration=150/200 episodes=1800 difficulty=0.900 loss=0.00245 wall=2460.4s
[spatial train] ppo_semantic_flat seed=829 iteration=170/200 episodes=2040 difficulty=1.000 loss=0.00670 wall=2465.8s
[spatial train] ppo_ontology_rgat seed=829 iteration=132/200 episodes=1584 difficulty=0.720 loss=-0.00359 wall=2465.4s
[spatial train] ppo_vector_canonical seed=829 iteration=157/200 episodes=1884 difficulty=0.970 loss=0.00340 wall=2475.6s
[spatial train] ppo_vector_canonical seed=828 iteration=151/200 episodes=1812 difficulty=0.910 loss=0.00166 wall=2477.1s
[spatial train] ppo_semantic_flat seed=829 iteration=171/200 episodes=2052 difficulty=1.000 loss=0.00522 wall=2483.4s
[spatial train] ppo_ontology_rgat seed=829 iteration=133/200 episodes=1596 difficulty=0.730 loss=-0.00369 wall=2490.7s
[spatial train] ppo_vector_canonical seed=829 iteration=158/200 episodes=1896 difficulty=0.980 loss=0.00296 wall=2492.6s
[spatial train] ppo_vector_canonical seed=828 iteration=152/200 episodes=1824 difficulty=0.920 loss=0.00424 wall=2493.5s
[spatial train] ppo_semantic_flat seed=829 iteration=172/200 episodes=2064 difficulty=1.000 loss=-0.00005 wall=2501.1s
[spatial train] ppo_vector_canonical seed=828 iteration=153/200 episodes=1836 difficulty=0.930 loss=0.00116 wall=2509.6s
[spatial train] ppo_vector_canonical seed=829 iteration=159/200 episodes=1908 difficulty=0.990 loss=0.00360 wall=2510.7s
[spatial train] ppo_ontology_rgat seed=829 iteration=134/200 episodes=1608 difficulty=0.740 loss=-0.00319 wall=2517.4s
[spatial train] ppo_semantic_flat seed=829 iteration=173/200 episodes=2076 difficulty=1.000 loss=0.00962 wall=2518.9s
[spatial train] ppo_vector_canonical seed=828 iteration=154/200 episodes=1848 difficulty=0.940 loss=0.00194 wall=2527.1s
[spatial train] ppo_vector_canonical seed=829 iteration=160/200 episodes=1920 difficulty=1.000 loss=0.00205 wall=2528.3s
[spatial train] ppo_semantic_flat seed=829 iteration=174/200 episodes=2088 difficulty=1.000 loss=0.00087 wall=2533.4s
[spatial train] ppo_ontology_rgat seed=829 iteration=135/200 episodes=1620 difficulty=0.750 loss=-0.00553 wall=2543.1s
[spatial train] ppo_vector_canonical seed=828 iteration=155/200 episodes=1860 difficulty=0.950 loss=0.00124 wall=2544.0s
[spatial train] ppo_vector_canonical seed=829 iteration=161/200 episodes=1932 difficulty=1.000 loss=0.00501 wall=2545.8s
[spatial train] ppo_semantic_flat seed=829 iteration=175/200 episodes=2100 difficulty=1.000 loss=0.04268 wall=2548.6s
[spatial train] ppo_vector_canonical seed=828 iteration=156/200 episodes=1872 difficulty=0.960 loss=0.00027 wall=2560.5s
[spatial train] ppo_vector_canonical seed=829 iteration=162/200 episodes=1944 difficulty=1.000 loss=0.00543 wall=2563.9s
[spatial train] ppo_semantic_flat seed=829 iteration=176/200 episodes=2112 difficulty=1.000 loss=0.00997 wall=2566.2s
[spatial train] ppo_ontology_rgat seed=829 iteration=136/200 episodes=1632 difficulty=0.760 loss=-0.00464 wall=2566.9s
[spatial train] ppo_vector_canonical seed=828 iteration=157/200 episodes=1884 difficulty=0.970 loss=-0.00158 wall=2574.7s
[spatial train] ppo_semantic_flat seed=829 iteration=177/200 episodes=2124 difficulty=1.000 loss=0.00102 wall=2581.4s
[spatial train] ppo_vector_canonical seed=829 iteration=163/200 episodes=1956 difficulty=1.000 loss=0.00400 wall=2582.0s
[spatial train] ppo_vector_canonical seed=828 iteration=158/200 episodes=1896 difficulty=0.980 loss=0.00112 wall=2592.1s
[spatial train] ppo_ontology_rgat seed=829 iteration=137/200 episodes=1644 difficulty=0.770 loss=-0.00472 wall=2597.9s
[spatial train] ppo_semantic_flat seed=829 iteration=178/200 episodes=2136 difficulty=1.000 loss=0.00177 wall=2605.4s
[spatial train] ppo_vector_canonical seed=829 iteration=164/200 episodes=1968 difficulty=1.000 loss=0.00272 wall=2613.1s
[spatial train] ppo_vector_canonical seed=828 iteration=159/200 episodes=1908 difficulty=0.990 loss=0.00140 wall=2620.0s
[spatial train] ppo_semantic_flat seed=829 iteration=179/200 episodes=2148 difficulty=1.000 loss=0.00329 wall=2626.2s
[spatial train] ppo_ontology_rgat seed=829 iteration=138/200 episodes=1656 difficulty=0.780 loss=-0.00439 wall=2630.4s
[spatial train] ppo_vector_canonical seed=829 iteration=165/200 episodes=1980 difficulty=1.000 loss=0.01194 wall=2632.7s
[spatial train] ppo_vector_canonical seed=828 iteration=160/200 episodes=1920 difficulty=1.000 loss=0.00221 wall=2637.7s
[spatial train] ppo_semantic_flat seed=829 iteration=180/200 episodes=2160 difficulty=1.000 loss=0.00630 wall=2643.8s
[spatial train] ppo_vector_canonical seed=829 iteration=166/200 episodes=1992 difficulty=1.000 loss=0.00182 wall=2650.7s
[spatial train] ppo_vector_canonical seed=828 iteration=161/200 episodes=1932 difficulty=1.000 loss=0.00019 wall=2653.8s
[spatial train] ppo_ontology_rgat seed=829 iteration=139/200 episodes=1668 difficulty=0.790 loss=-0.00603 wall=2655.0s
[spatial train] ppo_semantic_flat seed=829 iteration=181/200 episodes=2172 difficulty=1.000 loss=-0.00314 wall=2660.2s
[spatial train] ppo_vector_canonical seed=829 iteration=167/200 episodes=2004 difficulty=1.000 loss=0.00758 wall=2668.8s
[spatial train] ppo_vector_canonical seed=828 iteration=162/200 episodes=1944 difficulty=1.000 loss=0.00209 wall=2671.7s
[spatial train] ppo_ontology_rgat seed=829 iteration=140/200 episodes=1680 difficulty=0.800 loss=-0.00770 wall=2676.0s
[spatial train] ppo_semantic_flat seed=829 iteration=182/200 episodes=2184 difficulty=1.000 loss=-0.01940 wall=2677.4s
[spatial train] ppo_vector_canonical seed=829 iteration=168/200 episodes=2016 difficulty=1.000 loss=0.00495 wall=2686.4s
[spatial train] ppo_vector_canonical seed=828 iteration=163/200 episodes=1956 difficulty=1.000 loss=0.00057 wall=2686.8s
[spatial train] ppo_semantic_flat seed=829 iteration=183/200 episodes=2196 difficulty=1.000 loss=0.01356 wall=2692.3s
[spatial train] ppo_ontology_rgat seed=829 iteration=141/200 episodes=1692 difficulty=0.810 loss=-0.00499 wall=2700.7s
[spatial train] ppo_vector_canonical seed=829 iteration=169/200 episodes=2028 difficulty=1.000 loss=0.00530 wall=2703.6s
[spatial train] ppo_vector_canonical seed=828 iteration=164/200 episodes=1968 difficulty=1.000 loss=0.00085 wall=2704.6s
[spatial train] ppo_semantic_flat seed=829 iteration=184/200 episodes=2208 difficulty=1.000 loss=0.04573 wall=2709.1s
[spatial train] ppo_vector_canonical seed=828 iteration=165/200 episodes=1980 difficulty=1.000 loss=0.00183 wall=2719.3s
[spatial train] ppo_vector_canonical seed=829 iteration=170/200 episodes=2040 difficulty=1.000 loss=0.00808 wall=2720.5s
[spatial train] ppo_semantic_flat seed=829 iteration=185/200 episodes=2220 difficulty=1.000 loss=0.01550 wall=2723.3s
[spatial train] ppo_ontology_rgat seed=829 iteration=142/200 episodes=1704 difficulty=0.820 loss=-0.00530 wall=2725.8s
[spatial train] ppo_vector_canonical seed=828 iteration=166/200 episodes=1992 difficulty=1.000 loss=0.00119 wall=2737.2s
[spatial train] ppo_vector_canonical seed=829 iteration=171/200 episodes=2052 difficulty=1.000 loss=0.00501 wall=2738.0s
[spatial train] ppo_semantic_flat seed=829 iteration=186/200 episodes=2232 difficulty=1.000 loss=0.00489 wall=2738.4s
[spatial train] ppo_ontology_rgat seed=829 iteration=143/200 episodes=1716 difficulty=0.830 loss=-0.00403 wall=2747.3s
[spatial train] ppo_vector_canonical seed=828 iteration=167/200 episodes=2004 difficulty=1.000 loss=0.00373 wall=2752.2s
[spatial train] ppo_semantic_flat seed=829 iteration=187/200 episodes=2244 difficulty=1.000 loss=-0.00383 wall=2754.8s
[spatial train] ppo_vector_canonical seed=829 iteration=172/200 episodes=2064 difficulty=1.000 loss=0.00520 wall=2756.2s
[spatial train] ppo_vector_canonical seed=828 iteration=168/200 episodes=2016 difficulty=1.000 loss=0.00166 wall=2768.9s
[spatial train] ppo_ontology_rgat seed=829 iteration=144/200 episodes=1728 difficulty=0.840 loss=-0.00441 wall=2771.1s
[spatial train] ppo_semantic_flat seed=829 iteration=188/200 episodes=2256 difficulty=1.000 loss=0.07584 wall=2771.8s
[spatial train] ppo_vector_canonical seed=829 iteration=173/200 episodes=2076 difficulty=1.000 loss=0.00486 wall=2774.2s
[spatial train] ppo_vector_canonical seed=828 iteration=169/200 episodes=2028 difficulty=1.000 loss=-0.00012 wall=2784.8s
[spatial train] ppo_semantic_flat seed=829 iteration=189/200 episodes=2268 difficulty=1.000 loss=0.02632 wall=2788.6s
[spatial train] ppo_vector_canonical seed=829 iteration=174/200 episodes=2088 difficulty=1.000 loss=0.00949 wall=2791.2s
[spatial train] ppo_ontology_rgat seed=829 iteration=145/200 episodes=1740 difficulty=0.850 loss=-0.00346 wall=2794.3s
[spatial train] ppo_vector_canonical seed=828 iteration=170/200 episodes=2040 difficulty=1.000 loss=0.00529 wall=2801.3s
[spatial train] ppo_semantic_flat seed=829 iteration=190/200 episodes=2280 difficulty=1.000 loss=0.01971 wall=2806.3s
[spatial train] ppo_vector_canonical seed=829 iteration=175/200 episodes=2100 difficulty=1.000 loss=0.00377 wall=2809.2s
[spatial train] ppo_vector_canonical seed=828 iteration=171/200 episodes=2052 difficulty=1.000 loss=0.00225 wall=2819.0s
[spatial train] ppo_semantic_flat seed=829 iteration=191/200 episodes=2292 difficulty=1.000 loss=-0.04147 wall=2821.5s
[spatial train] ppo_ontology_rgat seed=829 iteration=146/200 episodes=1752 difficulty=0.860 loss=-0.00298 wall=2822.2s
[spatial train] ppo_vector_canonical seed=829 iteration=176/200 episodes=2112 difficulty=1.000 loss=-0.00572 wall=2825.0s
[spatial train] ppo_vector_canonical seed=828 iteration=172/200 episodes=2064 difficulty=1.000 loss=0.00027 wall=2836.0s
[spatial train] ppo_semantic_flat seed=829 iteration=192/200 episodes=2304 difficulty=1.000 loss=0.00193 wall=2839.4s
[spatial train] ppo_vector_canonical seed=829 iteration=177/200 episodes=2124 difficulty=1.000 loss=0.00388 wall=2839.7s
[spatial train] ppo_ontology_rgat seed=829 iteration=147/200 episodes=1764 difficulty=0.870 loss=-0.00475 wall=2844.3s
[spatial train] ppo_vector_canonical seed=828 iteration=173/200 episodes=2076 difficulty=1.000 loss=0.00158 wall=2853.9s
[spatial train] ppo_vector_canonical seed=829 iteration=178/200 episodes=2136 difficulty=1.000 loss=0.00596 wall=2856.6s
[spatial train] ppo_semantic_flat seed=829 iteration=193/200 episodes=2316 difficulty=1.000 loss=0.00509 wall=2857.2s
[spatial train] ppo_ontology_rgat seed=829 iteration=148/200 episodes=1776 difficulty=0.880 loss=-0.00534 wall=2869.2s
[spatial train] ppo_vector_canonical seed=828 iteration=174/200 episodes=2088 difficulty=1.000 loss=-0.00122 wall=2871.2s
[spatial train] ppo_vector_canonical seed=829 iteration=179/200 episodes=2148 difficulty=1.000 loss=0.01249 wall=2873.8s
[spatial train] ppo_semantic_flat seed=829 iteration=194/200 episodes=2328 difficulty=1.000 loss=0.00009 wall=2875.0s
[spatial train] ppo_vector_canonical seed=828 iteration=175/200 episodes=2100 difficulty=1.000 loss=0.00438 wall=2888.9s
[spatial train] ppo_ontology_rgat seed=829 iteration=149/200 episodes=1788 difficulty=0.890 loss=-0.00403 wall=2889.9s
[spatial train] ppo_vector_canonical seed=829 iteration=180/200 episodes=2160 difficulty=1.000 loss=0.00391 wall=2891.7s
[spatial train] ppo_semantic_flat seed=829 iteration=195/200 episodes=2340 difficulty=1.000 loss=0.01093 wall=2892.7s
[spatial train] ppo_vector_canonical seed=828 iteration=176/200 episodes=2112 difficulty=1.000 loss=0.00123 wall=2906.7s
[spatial train] ppo_semantic_flat seed=829 iteration=196/200 episodes=2352 difficulty=1.000 loss=0.00976 wall=2909.2s
[spatial train] ppo_vector_canonical seed=829 iteration=181/200 episodes=2172 difficulty=1.000 loss=0.00862 wall=2909.5s
[spatial train] ppo_ontology_rgat seed=829 iteration=150/200 episodes=1800 difficulty=0.900 loss=-0.00624 wall=2914.8s
[spatial train] ppo_vector_canonical seed=828 iteration=177/200 episodes=2124 difficulty=1.000 loss=0.00439 wall=2924.7s
[spatial train] ppo_semantic_flat seed=829 iteration=197/200 episodes=2364 difficulty=1.000 loss=0.00745 wall=2927.0s
[spatial train] ppo_vector_canonical seed=829 iteration=182/200 episodes=2184 difficulty=1.000 loss=0.01227 wall=2927.3s
[spatial train] ppo_ontology_rgat seed=829 iteration=151/200 episodes=1812 difficulty=0.910 loss=-0.00492 wall=2939.8s
[spatial train] ppo_vector_canonical seed=828 iteration=178/200 episodes=2136 difficulty=1.000 loss=0.00306 wall=2942.6s
[spatial train] ppo_vector_canonical seed=829 iteration=183/200 episodes=2196 difficulty=1.000 loss=0.00674 wall=2944.3s
[spatial train] ppo_semantic_flat seed=829 iteration=198/200 episodes=2376 difficulty=1.000 loss=-0.00074 wall=2944.7s
[spatial train] ppo_vector_canonical seed=829 iteration=184/200 episodes=2208 difficulty=1.000 loss=0.00538 wall=2959.2s
[spatial train] ppo_vector_canonical seed=828 iteration=179/200 episodes=2148 difficulty=1.000 loss=0.00432 wall=2960.5s
[spatial train] ppo_semantic_flat seed=829 iteration=199/200 episodes=2388 difficulty=1.000 loss=0.01372 wall=2962.4s
[spatial train] ppo_ontology_rgat seed=829 iteration=152/200 episodes=1824 difficulty=0.920 loss=-0.00346 wall=2967.2s
[spatial train] ppo_vector_canonical seed=829 iteration=185/200 episodes=2220 difficulty=1.000 loss=0.00564 wall=2977.3s
[spatial train] ppo_vector_canonical seed=828 iteration=180/200 episodes=2160 difficulty=1.000 loss=0.00402 wall=2977.7s
[spatial train] ppo_semantic_flat seed=829 iteration=200/200 episodes=2400 difficulty=1.000 loss=0.00802 wall=2983.2s
[spatial train] ppo_ontology_rgat seed=829 iteration=153/200 episodes=1836 difficulty=0.930 loss=-0.00411 wall=2989.8s
[spatial train] ppo_vector_canonical seed=829 iteration=186/200 episodes=2232 difficulty=1.000 loss=0.00534 wall=2994.4s
[spatial train] ppo_vector_canonical seed=828 iteration=181/200 episodes=2172 difficulty=1.000 loss=0.00113 wall=2994.8s
[spatial train] ppo_vector_canonical seed=828 iteration=182/200 episodes=2184 difficulty=1.000 loss=0.00207 wall=3011.4s
[spatial train] ppo_vector_canonical seed=829 iteration=187/200 episodes=2244 difficulty=1.000 loss=0.00491 wall=3012.0s
[spatial train] ppo_ontology_rgat seed=829 iteration=154/200 episodes=1848 difficulty=0.940 loss=-0.00560 wall=3015.0s
[spatial train] ppo_vector_canonical seed=828 iteration=183/200 episodes=2196 difficulty=1.000 loss=0.00301 wall=3029.1s
[spatial train] ppo_vector_canonical seed=829 iteration=188/200 episodes=2256 difficulty=1.000 loss=0.00587 wall=3029.9s
[spatial train] ppo_ontology_rgat seed=829 iteration=155/200 episodes=1860 difficulty=0.950 loss=-0.00430 wall=3040.3s
[spatial train] ppo_vector_canonical seed=828 iteration=184/200 episodes=2208 difficulty=1.000 loss=0.00764 wall=3046.5s
[spatial train] ppo_vector_canonical seed=829 iteration=189/200 episodes=2268 difficulty=1.000 loss=0.00888 wall=3046.7s
[spatial train] ppo_vector_canonical seed=828 iteration=185/200 episodes=2220 difficulty=1.000 loss=0.00323 wall=3062.0s
[spatial train] ppo_ontology_rgat seed=829 iteration=156/200 episodes=1872 difficulty=0.960 loss=-0.00307 wall=3063.4s
[spatial train] ppo_vector_canonical seed=829 iteration=190/200 episodes=2280 difficulty=1.000 loss=0.00507 wall=3064.6s
[spatial train] ppo_vector_canonical seed=828 iteration=186/200 episodes=2232 difficulty=1.000 loss=0.00602 wall=3077.7s
[spatial train] ppo_vector_canonical seed=829 iteration=191/200 episodes=2292 difficulty=1.000 loss=0.00560 wall=3080.8s
[spatial train] ppo_ontology_rgat seed=829 iteration=157/200 episodes=1884 difficulty=0.970 loss=-0.00248 wall=3087.8s
[spatial train] ppo_vector_canonical seed=828 iteration=187/200 episodes=2244 difficulty=1.000 loss=0.00131 wall=3094.0s
[spatial train] ppo_vector_canonical seed=829 iteration=192/200 episodes=2304 difficulty=1.000 loss=0.00253 wall=3098.7s
[spatial train] ppo_vector_canonical seed=828 iteration=188/200 episodes=2256 difficulty=1.000 loss=0.00141 wall=3109.3s
[spatial train] ppo_ontology_rgat seed=829 iteration=158/200 episodes=1896 difficulty=0.980 loss=-0.00516 wall=3113.4s
[spatial train] ppo_vector_canonical seed=829 iteration=193/200 episodes=2316 difficulty=1.000 loss=0.00756 wall=3115.6s
[spatial train] ppo_vector_canonical seed=828 iteration=189/200 episodes=2268 difficulty=1.000 loss=-0.01849 wall=3126.5s
[spatial train] ppo_vector_canonical seed=829 iteration=194/200 episodes=2328 difficulty=1.000 loss=0.01107 wall=3133.1s
[spatial train] ppo_ontology_rgat seed=829 iteration=159/200 episodes=1908 difficulty=0.990 loss=-0.00215 wall=3138.5s
[spatial train] ppo_vector_canonical seed=828 iteration=190/200 episodes=2280 difficulty=1.000 loss=0.00324 wall=3141.2s
[spatial train] ppo_vector_canonical seed=829 iteration=195/200 episodes=2340 difficulty=1.000 loss=0.01422 wall=3150.6s
[spatial train] ppo_vector_canonical seed=828 iteration=191/200 episodes=2292 difficulty=1.000 loss=0.00249 wall=3155.6s
[spatial train] ppo_ontology_rgat seed=829 iteration=160/200 episodes=1920 difficulty=1.000 loss=-0.00255 wall=3162.4s
[spatial train] ppo_vector_canonical seed=829 iteration=196/200 episodes=2352 difficulty=1.000 loss=0.00680 wall=3168.5s
[spatial train] ppo_vector_canonical seed=828 iteration=192/200 episodes=2304 difficulty=1.000 loss=0.00338 wall=3172.2s
[spatial train] ppo_vector_canonical seed=829 iteration=197/200 episodes=2364 difficulty=1.000 loss=0.00480 wall=3186.0s
[spatial train] ppo_ontology_rgat seed=829 iteration=161/200 episodes=1932 difficulty=1.000 loss=-0.00426 wall=3186.0s
[spatial train] ppo_vector_canonical seed=828 iteration=193/200 episodes=2316 difficulty=1.000 loss=0.00105 wall=3189.4s
[spatial train] ppo_vector_canonical seed=829 iteration=198/200 episodes=2376 difficulty=1.000 loss=0.00980 wall=3202.8s
[spatial train] ppo_vector_canonical seed=828 iteration=194/200 episodes=2328 difficulty=1.000 loss=0.00297 wall=3205.2s
[spatial train] ppo_ontology_rgat seed=829 iteration=162/200 episodes=1944 difficulty=1.000 loss=-0.00383 wall=3210.8s
[spatial train] ppo_vector_canonical seed=829 iteration=199/200 episodes=2388 difficulty=1.000 loss=0.00451 wall=3220.7s
[spatial train] ppo_vector_canonical seed=828 iteration=195/200 episodes=2340 difficulty=1.000 loss=0.00571 wall=3221.7s
[spatial train] ppo_ontology_rgat seed=829 iteration=163/200 episodes=1956 difficulty=1.000 loss=-0.00598 wall=3237.9s
[spatial train] ppo_vector_canonical seed=828 iteration=196/200 episodes=2352 difficulty=1.000 loss=0.00421 wall=3239.3s
[spatial train] ppo_vector_canonical seed=829 iteration=200/200 episodes=2400 difficulty=1.000 loss=0.00427 wall=3241.6s
[spatial train] ppo_vector_canonical seed=828 iteration=197/200 episodes=2364 difficulty=1.000 loss=0.00756 wall=3254.3s
[spatial train] ppo_ontology_rgat seed=829 iteration=164/200 episodes=1968 difficulty=1.000 loss=-0.00421 wall=3265.1s
[spatial train] ppo_vector_canonical seed=828 iteration=198/200 episodes=2376 difficulty=1.000 loss=0.00395 wall=3271.5s
[spatial train] ppo_vector_canonical seed=828 iteration=199/200 episodes=2388 difficulty=1.000 loss=0.00442 wall=3286.7s
[spatial train] ppo_ontology_rgat seed=829 iteration=165/200 episodes=1980 difficulty=1.000 loss=-0.00536 wall=3291.4s
[spatial train] ppo_vector_canonical seed=828 iteration=200/200 episodes=2400 difficulty=1.000 loss=0.00368 wall=3306.8s
[spatial train] ppo_ontology_rgat seed=829 iteration=166/200 episodes=1992 difficulty=1.000 loss=-0.00336 wall=3317.9s
[spatial train] ppo_ontology_rgat seed=829 iteration=167/200 episodes=2004 difficulty=1.000 loss=-0.00269 wall=3342.3s
[spatial train] ppo_ontology_rgat seed=829 iteration=168/200 episodes=2016 difficulty=1.000 loss=-0.00539 wall=3367.0s
[spatial train] ppo_ontology_rgat seed=829 iteration=169/200 episodes=2028 difficulty=1.000 loss=-0.00515 wall=3393.7s
[spatial train] ppo_ontology_rgat seed=829 iteration=170/200 episodes=2040 difficulty=1.000 loss=-0.00236 wall=3418.9s
[spatial train] ppo_ontology_rgat seed=829 iteration=171/200 episodes=2052 difficulty=1.000 loss=-0.00479 wall=3446.0s
[spatial train] ppo_ontology_rgat seed=829 iteration=172/200 episodes=2064 difficulty=1.000 loss=-0.00225 wall=3472.3s
[spatial train] ppo_ontology_rgat seed=829 iteration=173/200 episodes=2076 difficulty=1.000 loss=-0.00594 wall=3499.4s
[spatial train] ppo_ontology_rgat seed=829 iteration=174/200 episodes=2088 difficulty=1.000 loss=-0.00482 wall=3524.7s
[spatial train] ppo_ontology_rgat seed=829 iteration=175/200 episodes=2100 difficulty=1.000 loss=-0.00273 wall=3549.8s
[spatial train] ppo_ontology_rgat seed=829 iteration=176/200 episodes=2112 difficulty=1.000 loss=-0.00452 wall=3577.1s
[spatial train] ppo_ontology_rgat seed=829 iteration=177/200 episodes=2124 difficulty=1.000 loss=-0.00406 wall=3602.3s
[spatial train] ppo_ontology_rgat seed=829 iteration=178/200 episodes=2136 difficulty=1.000 loss=-0.00404 wall=3627.6s
[spatial train] ppo_ontology_rgat seed=829 iteration=179/200 episodes=2148 difficulty=1.000 loss=-0.00701 wall=3652.7s
[spatial train] ppo_ontology_rgat seed=829 iteration=180/200 episodes=2160 difficulty=1.000 loss=-0.00510 wall=3677.8s
[spatial train] ppo_ontology_rgat seed=829 iteration=181/200 episodes=2172 difficulty=1.000 loss=-0.00449 wall=3703.1s
[spatial train] ppo_ontology_rgat seed=829 iteration=182/200 episodes=2184 difficulty=1.000 loss=-0.00589 wall=3730.1s
[spatial train] ppo_ontology_rgat seed=829 iteration=183/200 episodes=2196 difficulty=1.000 loss=-0.00369 wall=3755.4s
[spatial train] ppo_ontology_rgat seed=829 iteration=184/200 episodes=2208 difficulty=1.000 loss=-0.00486 wall=3782.4s
[spatial train] ppo_ontology_rgat seed=829 iteration=185/200 episodes=2220 difficulty=1.000 loss=-0.00366 wall=3809.5s
[spatial train] ppo_ontology_rgat seed=829 iteration=186/200 episodes=2232 difficulty=1.000 loss=-0.00392 wall=3836.6s
[spatial train] ppo_ontology_rgat seed=829 iteration=187/200 episodes=2244 difficulty=1.000 loss=-0.00280 wall=3863.7s
[spatial train] ppo_ontology_rgat seed=829 iteration=188/200 episodes=2256 difficulty=1.000 loss=-0.00473 wall=3889.0s
[spatial train] ppo_ontology_rgat seed=829 iteration=189/200 episodes=2268 difficulty=1.000 loss=-0.00362 wall=3916.2s
[spatial train] ppo_ontology_rgat seed=829 iteration=190/200 episodes=2280 difficulty=1.000 loss=-0.00281 wall=3942.0s
[spatial train] ppo_ontology_rgat seed=829 iteration=191/200 episodes=2292 difficulty=1.000 loss=-0.00394 wall=3969.2s
[spatial train] ppo_ontology_rgat seed=829 iteration=192/200 episodes=2304 difficulty=1.000 loss=-0.00449 wall=3996.4s
[spatial train] ppo_ontology_rgat seed=829 iteration=193/200 episodes=2316 difficulty=1.000 loss=-0.00253 wall=4023.5s
[spatial train] ppo_ontology_rgat seed=829 iteration=194/200 episodes=2328 difficulty=1.000 loss=-0.00422 wall=4050.6s
[spatial train] ppo_ontology_rgat seed=829 iteration=195/200 episodes=2340 difficulty=1.000 loss=-0.00491 wall=4077.7s
[spatial train] ppo_ontology_rgat seed=829 iteration=196/200 episodes=2352 difficulty=1.000 loss=-0.00444 wall=4104.8s
[spatial train] ppo_ontology_rgat seed=829 iteration=197/200 episodes=2364 difficulty=1.000 loss=-0.00394 wall=4131.8s
[spatial train] ppo_ontology_rgat seed=829 iteration=198/200 episodes=2376 difficulty=1.000 loss=-0.00323 wall=4159.0s
[spatial train] ppo_ontology_rgat seed=829 iteration=199/200 episodes=2388 difficulty=1.000 loss=-0.00368 wall=4186.1s
[spatial train] ppo_ontology_rgat seed=829 iteration=200/200 episodes=2400 difficulty=1.000 loss=-0.00395 wall=4217.8s
[spatial train] ppo_ontology_rgat seed=829 relational path ACTIVE; trainable for 140/200 iterations
