time_s,context,true_x,true_y,true_yaw,true_v,speed_meas,yaw_rate_meas,gnss_available,gnss_x,gnss_y,numSV,hdop,cn0_mean,gnss_hAcc,lidar_available,lidar_x,lidar_y,lidar_yaw,lidar_score,lidar_feature_count
0.0,OpenSky,0.0,0.0,0.0,3.0,3.013507003622304,-0.0058546345172859,1,-0.0222222581781372,0.2500293853108994,16,0.7833811875976109,43.27344667350698,0.7140440410432214,1,-0.0276102581032866,-0.2821373900499919,0.0032759154979098,0.8973100152341889,337
0.1,OpenSky,0.3000386094827676,0.0,0.0,3.000386094827676,2.997794951252381,0.0004913896051655,0,,,17,0.969465533806242,44.60023439528128,0.8570191061377678,1,0.448914085487297,-0.511099392518869,0.022190796013866,1.0,387
0.2,OpenSky,0.6001509599742998,0.0,0.0,3.0011235049153218,3.0550734118601,-0.0060035128637487,1,-0.226922969370575,-0.0085095134577538,17,1.0194149686180731,39.94971013154807,0.8313883408370745,1,1.246529292335411,0.4225847831367368,-0.041530452512001,0.8991899771242395,447
0.3,OpenSky,0.9003690149569739,0.0,0.0,3.00218054982674,3.0367792230275583,0.006165593507489,0,,,17,0.9879249327366664,42.72650948114803,0.7466511611484741,1,0.75485929705362,-0.1441881254412825,0.0299350766350476,0.8410918015374995,472
0.4,OpenSky,1.2007218518912408,0.0,0.0,3.0035283693426704,2.822838407245744,0.0142231013086641,1,0.5169889446709014,1.3345805614612232,16,0.7255269665744234,42.12727732708129,0.8565770559313945,1,1.371867818783564,-0.1138688843342567,-0.0176970695239306,0.8878861869804261,407
0.5,OpenSky,1.501235918856457,0.0,0.0,3.0051406696521608,3.0362886926027803,0.0024444652663857,0,,,15,0.9190603028259244,43.10893878020384,0.7361727611341289,1,1.4820212100501693,-0.3316814212362751,0.0023526870034418,0.9934327752213608,403
0.6000000000000001,OpenSky,1.8019352680954912,0.0,0.0,3.0069934923903423,2.9469848470013105,-0.0033866867165378,1,2.15379913621478,-0.1790586738561931,17,0.951370130586337,41.219670288008935,0.801197341354768,1,1.872120955498617,0.0461549595342248,0.0056482690806691,0.9270340355877952,403
0.7000000000000001,OpenSky,2.1028417685421346,0.0,0.0,3.009065004466433,2.9240924599599403,-0.0132888468413853,0,,,18,0.8756151084158373,43.12433584212943,1.0390898699048143,1,1.871052941443118,0.0221547687501648,0.0081569001995007,0.916173070433584,422
0.8,OpenSky,2.4039752992232195,0.0,0.0,3.0113353068108477,3.001291444953465,-0.008872426003947,1,2.348058606043642,-1.5047439484620988,17,0.7362405647734381,43.88555731608321,0.8145528432485221,1,1.900731580838936,0.3042381082106888,-0.0034118765191912,0.9206997752357944,416
0.9,OpenSky,2.7053539252570884,0.0,0.0,3.013786260338687,3.040440248499859,0.0080552788526932,0,,,16,0.8039623140994657,44.15609810117938,0.6584225722750032,1,2.4644749238978667,-0.0355755773666133,0.0124051640594933,0.8784748203662601,391
1.0,OpenSky,3.0069940580151027,0.0,0.0,3.016401327580141,2.92169989457682,-0.0054763653724789,1,3.696660742344867,-1.297303416325016,15,0.8994359691899173,41.57382408189674,0.6831463431528917,1,2.706155433969607,0.1295457986187305,-0.0178130251909278,0.821534312319876,451
1.1,OpenSky,3.3089106008718785,0.0,0.0,3.01916542856776,3.0647942192599418,-0.0020528102486387,0,,,19,0.9388057813822128,41.76275413486361,0.902630557584326,1,3.7170763737795065,-0.4613066287677746,-0.0039218729406571,0.9430247913814775,415
1.2000000000000002,OpenSky,3.611117081841628,0.0,0.0,3.022064809697493,3.0736476578671224,0.0033149835806276,1,3.736519635210179,-0.5089122010636992,19,0.8785014988253119,42.742987700522505,0.7060053913488908,1,3.891099273917698,2.8621079256801614,-0.13668449941051,0.3084285893139813,186
1.3,OpenSky,3.913625774281212,0.0,0.0,3.02508692439584,3.032802445260628,0.0076328968525016,0,,,16,0.8347939501328815,42.38464824769053,0.9284165207173358,1,3.737332468267119,0.3254859894006169,-2.436001304140234e-05,0.8789153576053964,413
1.4,OpenSky,4.2164478067342674,0.0,0.0,3.0282203245305555,2.982099989429424,-0.0011603759501577,1,3.655928286873122,0.648138640401326,16,0.8795678778266948,44.84789248631181,0.7505756213353272,1,4.097320065035804,0.112027874896009,0.0003412557347184,0.931097559941401,399
1.5,OpenSky,4.519593262894068,0.0,0.0,3.0314545615979998,2.9794247438687624,-0.002218902876985,0,,,17,0.8852536828770692,41.71387383047267,0.8412448171599829,1,4.271830543125212,0.0495026205837079,-0.008210918976836,0.970850395734898,433
1.6,OpenSky,4.823071272574788,0.0,0.0,3.0347800968072054,3.10731851811327,0.0002609483100645,1,5.19692348016696,-0.540577124774119,16,1.0263698269723944,45.784324851092926,0.7738885570396614,1,4.816944893270576,0.0187356063088563,-0.0239640395313824,0.7686421587117294,417
1.7000000000000002,OpenSky,5.126890094500786,0.0,0.0,3.038188219259979,2.957417953556276,-0.0034285403513083,0,,,16,0.9854471777923196,43.0910186455556,0.8453180473050488,1,5.0273621408671305,0.0453499707484411,0.0170675923853975,0.884168810128684,486
1.8,OpenSky,5.431057191650623,0.0,0.0,3.0416709714983616,3.116624738001285,-0.0031070537105833,1,6.420034879507544,-0.2050143060142704,17,1.016817603453329,41.99466836008908,0.7071102250433986,1,5.9202059072089535,0.0797274073909106,0.0125841972615647,0.9955646873327608,430
1.9,OpenSky,5.735579299826262,0.0,0.0,3.045221081756396,3.0461113484527638,0.0020249339576127,0,,,18,0.9280631027809928,43.27971807658712,0.8684491732673453,1,5.936255821302141,-0.3230840259317429,-0.0269191636011285,0.9248381733457872,424
2.0,OpenSky,6.040462490057542,0.0,0.0,3.0488319023128,3.052181075065819,0.0008614921270054,1,6.336102154331798,-0.3586178629663211,18,0.9143989721235,43.70907944105316,0.7486320377566574,1,6.105942133814542,-0.5708854737679032,0.0090272023713282,0.9211021628419184,435
2.1,OpenSky,6.345712225397088,0.0,0.0,3.0524973533954527,2.9605523459309926,0.0110715443387053,0,,,17,0.9522233797376524,41.06973460682911,0.7629906305007803,1,6.595408046101294,0.2068074937768958,0.0118502225630283,0.8256930074758904,397
2.2,OpenSky,6.6513334126108905,0.0,0.0,3.056211872138032,3.056565408501777,0.0022165750724676,1,6.9639159462438345,1.3433342709593383,17,0.8817737165233993,42.0278780821996,0.8203828346444507,1,6.447465508057168,-0.3604924596497457,-0.0060640175190722,0.8676690656780351,366
2.3000000000000003,OpenSky,6.957330449224299,0.0,0.0,3.059970366134088,3.1061296202136544,0.0059539481730257,0,,,17,0.9081329644315566,44.85958444653277,0.8854957586242925,1,7.2727100639188125,-0.1592590099299457,-0.0143799488887652,0.9167052818464876,427
2.4000000000000004,OpenSky,7.263707266341778,0.0,0.0,3.063768171174786,2.994623825962853,-0.005674720061954,1,7.601621506758869,0.0842988896229636,17,0.803790061583709,40.415825317818495,0.759713699487861,1,7.227079561386135,-0.2144277597078997,-0.0024794855231693,0.8701051103176388,436
2.5,OpenSky,7.570467367621156,0.0,0.0,3.067601012793776,3.1098620507139203,0.0026867230696209,0,,,18,0.7961303107311818,43.86783738817627,0.722638833694861,1,7.239215734557664,-0.3120055065622374,-0.0104946700512176,0.8759789826951063,483
2.6,OpenSky,7.877613864748808,0.0,0.0,3.071464971276526,3.0896651167502567,-0.0038263534452681,1,7.136364352885892,-0.8582687946386968,17,0.9205663078994254,41.09245516855046,0.7018348422534683,1,8.538936448990293,0.141067400052447,-0.0012983646041311,0.948132674274534,429
2.7,OpenSky,8.18514950973104,0.0,0.0,3.0753564498223303,3.0466119145544046,0.0020186795114581,0,,,16,0.7868634726310316,44.10053459710456,0.8858209608747369,1,8.390179366070022,-0.1260977557617026,0.0061399481684722,0.9112664163331052,457
2.8000000000000003,OpenSky,8.493076724288562,0.0,0.0,3.079272145575214,3.1394431830103096,0.0035309478462453,1,8.41264308667562,1.6553329629074096,16,0.9730160689857428,43.46941200473494,0.6680046361403669,1,8.401723377122805,-0.4218071135662377,-0.0003411942041662,0.8696453149576302,447
2.9000000000000004,OpenSky,8.801397626615117,0.0,0.0,3.0832090232655456,2.959369531608768,0.000239338005626,0,,,18,0.905183187915356,44.63576164123364,0.872760209990646,1,8.58005762479596,-0.3641168739982267,-0.0028840111988688,0.8808241770783158,379
3.0,OpenSky,9.110114055737853,0.0,0.0,3.0871642912273654,3.114487908830127,0.012616796191363,1,9.698552918001388,-0.2182637486735417,18,0.8803619499365263,43.81297626250839,0.7785575480731288,1,9.19144558336759,0.4301192997716735,0.001298141588963,0.903050325977986,422
3.1,OpenSky,9.419227593695616,0.0,0.0,3.091135379577614,3.191425908333529,0.0074772389467454,0,,,18,0.9394238206885052,42.176193052861954,0.822046407951877,1,9.211588946692022,-0.3162274741909138,-0.0046976710004522,0.9347713910798534,460
3.2,OpenSky,9.728739585731882,0.0,0.0,3.0951199203626723,3.184950812014081,0.0061848588193255,1,9.876336878482125,0.3302510648004258,16,0.8360545121967363,41.97681059523314,0.8661630335351833,1,9.663814013118843,-0.3797920304487633,0.0010500237256403,0.8704265263814338,415
3.3000000000000003,OpenSky,10.038651158681397,0.0,0.0,3.099115729495138,3.1273437176758776,0.0040502612255504,0,,,17,0.8759628849151915,43.36256683357481,0.8516255317860459,1,10.017662209029472,0.2654111729808936,0.0167855132318277,0.8948041404692384,444
3.4000000000000004,OpenSky,10.348963237713368,0.0,0.0,3.103120790319717,3.089137880631055,0.0092651676729194,1,11.118530838883952,1.068090332167697,19,0.9422192342265358,46.540205874486304,0.7294707423773477,1,11.079586314956384,0.4068323964312002,-0.0200984791401181,0.8447584813765677,424
3.5,OpenSky,10.659676561579523,0.0,0.0,3.1071332386615818,3.074798384226032,-0.0074984638700963,0,,,18,0.9748541519162112,42.49315436994311,0.8216856230089692,1,10.573242706353584,0.1914193328510889,-0.0010679428271593,0.8481202387548311,436
3.6,OpenSky,10.970791696501902,0.0,0.0,3.111151349223769,3.096208661405276,0.0071606652391402,1,12.411233256817706,0.0028435250073258,19,0.8395052318142678,43.28966470218224,0.7585945259982048,1,10.76060325021212,0.4921704906300356,0.0053854226506229,0.9431454749048148,477
3.7,OpenSky,11.28230904882312,0.0,0.0,3.115173523212183,3.14917974903202,-0.0051868810451372,0,,,16,0.8230902256507864,42.66506938838759,0.5966436165901684,1,11.3088161856879,-0.218381642767926,0.00175445347086,0.8455351810532549,456
3.8,OpenSky,11.59422887653089,0.0,0.0,3.119198277077711,3.072419402212326,-0.0029275147203164,1,11.032308477597963,-0.2638184754975433,17,0.8030751860509918,42.56724295973911,0.8726307226415888,1,12.157179837424716,-0.149068654391373,-0.0141263979699628,0.9998539681652282,436
3.9,OpenSky,11.906551299758378,0.0,0.0,3.1232242322748904,3.1694626307601097,0.0029722813239615,0,,,17,0.8778593061594673,41.78842003547607,1.181934567976246,1,11.861555245280949,0.2968408031741905,-0.0052292434263359,0.8822872439717847,410
4.0,OpenSky,12.21927631035294,0.0,0.0,3.127250105945624,3.2572799223689435,0.006479099141582,1,12.40988813134597,-0.1402597958563182,17,0.9024990443036218,44.94438761940521,0.6307460183494662,1,11.75639303731775,-0.1295041028488192,0.0142919657304432,0.8498538717207753,385
4.1000000000000005,OpenSky,12.532403780597408,0.0,0.0,3.131274702444673,3.1305052432285483,-0.0060412891855992,0,,,18,0.8922109267755645,43.36547908752125,0.7065349487376662,1,13.109970240404516,-0.1205593977165652,-0.0120030594938707,0.9198894178423584,521
4.2,OpenSky,12.845933471160524,0.0,0.0,3.1352969056311517,3.056835926958084,-0.0026981775845635,1,13.048160227827598,1.368304943763668,16,1.008679142788958,44.49595262246356,0.7438132533130237,1,12.472694062793847,-0.4851937396660472,0.015140200777572,1.0,429
4.3,OpenSky,13.15986503834623,0.0,0.0,3.139315671857064,3.0584310037632125,0.0005132054008552,0,,,15,1.0937757641568358,41.90443316320089,1.03816936347338,1,13.174892442241685,-0.1432486992045228,-0.0253965148686114,0.9870267338839284,479
4.4,OpenSky,13.474198040705245,0.0,0.0,3.143330023590135,3.188786168614132,-0.0009728503856044,1,14.120349684641802,-0.0599368883082086,16,0.9655970741363902,42.68665068610613,0.7616564747768205,1,13.57294648767354,0.491026395292705,0.0038842655668744,0.924688639787284,404
4.5,OpenSky,13.788931945066626,0.0,0.0,3.147339043613831,3.143583667055712,0.0044902421079609,0,,,15,1.0110014683650386,42.694194037545714,1.081820481557512,1,13.793038359736292,0.5802845402241898,-0.0050966463446928,0.9533141670322706,409
4.6000000000000005,OpenSky,14.104066132041886,0.0,0.0,3.1513418697525983,3.2051127409429974,0.0180055407465309,1,14.60430211157554,-0.1936142466368502,15,0.7812731509311105,45.21101159518352,0.7908543285564479,1,14.454523475267276,0.2786743601981713,-0.0094192879506298,0.936100322668204,442
4.7,OpenSky,14.419599901049391,0.0,0.0,3.155337690075044,3.123628250840817,0.0022078110923179,0,,,17,0.8295293436298371,41.03187685725116,0.7323772130550241,1,14.50875572185202,0.0034102098495754,-0.009127334394789,0.8517971199026787,419
4.800000000000001,OpenSky,14.735532474902593,0.0,0.0,3.15932573853201,3.206095555153242,-0.003887764812388,1,13.559254602106504,-0.3333316781019139,16,0.8035422595824954,40.657995109746594,0.7863479794587027,1,14.53156911076022,-0.0615474460714623,-0.0075055129453676,1.0,449
4.9,OpenSky,15.051863004001632,0.0,0.0,3.163305290990399,3.148109683108705,-0.0068615209193491,0,,,17,0.8503659157202851,42.66469263766828,0.6706658175158872,1,15.311403846978529,-0.1166938254687667,0.0144433589352366,0.8130080695537509,465
5.0,OpenSky,15.368590570164342,0.0,0.0,3.1672756616270927,3.118455797573765,-0.0018075058270117,1,15.023812306587397,-0.920021173919982,17,0.9468664943332202,43.60544375919686,0.9636433684912072,1,15.35111429442918,-0.4241252805480497,6.519008018690542e-05,0.7823168518421175,376
5.1000000000000005,OpenSky,15.685714190129396,0.0,0.0,3.171236199650555,3.141574693184112,-0.0049820566250044,0,,,19,1.0516950109573755,43.41135797904637,0.673381122206183,1,15.696384118360015,0.0659174331803163,-0.0120469691067475,0.986689295641762,487
5.2,OpenSky,16.003232818761457,0.0,0.0,3.1751862863205957,3.09707690730347,0.0024150272412797,1,8.858347725772793,-2.099798289681272,14,1.508404381792923,37.12509028398213,2.1322094035985604,1,16.390684491128393,-0.0184703553657966,0.0085174521567994,0.8986247162431542,424
5.300000000000001,OpenSky,16.3211453519854,0.0,0.0,3.1791253322394395,3.2903649832910435,0.0023266169974951,0,,,18,0.8384784223672647,41.628462165731136,0.6852415028066967,1,16.078509232867717,-0.218241953455643,-0.0422791708401741,0.8749742784867506,451
5.4,OpenSky,16.639450629474368,0.0,0.0,3.1830527748896724,3.167288509115366,-0.0024770599621531,1,15.765714728056958,-0.6482871910600536,16,1.0003636877117774,42.126095849655655,0.7461525525762536,1,16.79997897984441,-0.441168724333918,0.0008084631757383,0.9082496594200732,388
5.5,OpenSky,16.95814743711405,0.0,0.0,3.186968076396809,3.2173880878166625,0.0102810922106343,0,,,17,0.892184272508779,42.6823275495488,0.724545455698141,1,17.04351006468496,-0.2551598473221925,-0.0153147012978873,0.9297994099285054,378
5.6000000000000005,OpenSky,17.277234509263675,0.0,0.0,3.190870721496257,3.1513178410795275,-0.0039543783425299,1,17.428685669964157,-0.7120132107117977,18,0.8840438118692782,42.778770415011685,0.8875646339728077,1,16.942161932465666,-0.0811946760277427,-0.0323274027729891,0.9613283555473088,449
5.7,OpenSky,17.5967105308323,0.0,0.0,3.19476021568625,3.123152217673808,-0.0007791945641173,0,,,15,1.0136349649391971,43.55357976400984,0.7586490991603516,1,17.487558233836708,-0.0257216734996098,-0.0052050704520469,0.9220093453053116,418
5.800000000000001,OpenSky,17.9165741391873,0.0,0.0,3.19863608355,3.1762976448601674,0.0031746178653949,1,17.755736003037946,-0.3016304417506385,16,0.9299080645013024,45.27223492234148,0.8175868479997705,1,18.15425086086344,0.1145615654177541,0.0018733635827481,0.9427766341938386,458
5.9,OpenSky,18.23682392591048,0.0,0.0,3.202497867231804,3.260770691662682,0.0044998653179885,0,,,18,0.8230313701674024,43.29754339654031,0.8368863671379736,1,18.016976427523616,0.0813356400985656,-0.0106696375865764,0.8350708764590911,415
6.0,OpenSky,18.557458438415807,0.0,0.0,3.2063451250532378,3.170545041417969,0.0065104385994782,1,18.23620748844568,0.3508886425146787,20,0.8902006448695672,41.24305878251495,0.6901855418915,1,19.13878669977958,0.3709228402328217,0.0179935189411244,0.9661339615393676,440
6.1000000000000005,OpenSky,18.878476181441485,0.0,0.0,3.210177430256795,3.151365121637171,0.0020712816658836,0,,,16,0.8410434214247037,41.75715994728932,0.711302427473545,1,18.72614969473529,-0.2327002243971174,0.0031497162076989,0.9033101101213636,457
6.2,OpenSky,19.199875618428035,0.0,0.0,3.213994369865484,3.2172147295909963,0.0053780346203096,1,19.07370788765184,1.2587491589118076,17,0.8804320073024776,43.55602651448673,0.7022711243878444,1,19.526176151375235,-0.2224017802248329,0.0195177793611605,0.9062011737938448,390
6.300000000000001,OpenSky,19.521655172792823,0.0,0.0,3.2177955436479198,3.2433301647208603,-0.003594323445964,0,,,16,0.8740207569574552,45.09999367886017,0.8204376040491227,1,19.106009108427287,0.0585612581261943,0.0073542128089014,0.9254225711776404,497
6.4,OpenSky,19.843813229110765,0.0,0.0,3.2215805631793906,3.3186933577977475,0.0046539686943155,1,19.94766153536792,-0.0260765586540659,19,0.9991883064949528,43.54607535624666,0.9809109374595012,1,19.6043875097476,-0.532934573492822,0.0095924825730735,0.7818882641147945,422
6.5,OpenSky,20.166348134209787,0.0,0.0,3.22534905099024,3.2438437715918207,0.0045520161361554,0,,,16,0.9814965130546311,45.09613022824385,0.6346035751065637,1,19.46989161388155,-0.1649200055907474,0.01118015794037,0.9711423595168168,357
6.6000000000000005,OpenSky,20.489258198189155,0.0,0.0,3.229100639793673,3.26424392433897,0.0076886363458051,1,20.695250864083157,0.7123178418838599,17,0.9132607669146688,42.452509469921935,0.6825055005951602,1,20.92225585341715,0.0948759736025162,-0.0040211951867537,0.8875045199118538,379
6.7,OpenSky,20.812541695367734,0.0,0.0,3.23283497178582,3.2737829931089246,-0.0089760215822994,0,,,16,1.002357600164309,41.34734532690422,1.1230645705923132,1,21.064727012537595,-0.1994172259931478,0.0011841482715904,0.8989315728956371,485
6.800000000000001,OpenSky,21.13619686516889,0.0,0.0,3.236551698011531,3.1622317120789134,-0.0050250810163233,1,21.36645625604447,-0.126869393546517,18,0.8387135360244409,43.8588115916776,0.7741283538597333,1,20.865725429612077,-0.0539706682015541,0.0050397947969798,1.0,465
6.9,OpenSky,21.460221912947887,0.0,0.0,3.2402504777899424,3.1779642135550934,0.004064681005431,0,,,17,0.8141742316272608,41.82265504149027,0.737035439595063,1,21.12685212296065,0.2236859184704559,-0.0001249982438258,0.9094524403916424,412
7.0,OpenSky,21.78461501076733,0.0,0.0,3.2439309781944305,3.1784267542948323,-0.0140255834469037,1,21.173662478970357,-0.279239782665337,17,0.8397408487780226,41.15822480422988,0.6230401340232602,1,21.56890349939468,0.1252453795559534,-0.0063394716941949,0.8892699266402588,425
7.1000000000000005,OpenSky,22.10937429812553,0.0,0.0,3.247592873582017,3.168024852816428,0.0023988115546773,0,,,18,0.9188345801672744,45.3688063150552,0.9354419999034176,1,22.415062673783645,-0.1856081511195406,-0.0256651988551523,0.9041523492419036,419
7.2,OpenSky,22.434497882642304,0.0,0.0,3.25123584516775,3.295058266051541,0.0053814957919514,1,21.95053301633265,0.2429797756439122,18,0.7919820599762296,42.70633680156403,0.8251211167865189,1,22.40109076006812,-0.1628552876802414,0.015976691726613,0.8196670017969937,485
7.300000000000001,OpenSky,22.759983840706305,0.0,0.0,3.254859580639989,3.266751058198803,-0.0031996843888744,0,,,17,0.859287700138528,42.79962710503893,0.9606083639763798,1,23.055799243649467,0.0904067025267542,-0.0158046468380765,0.8691608971516237,447
7.4,OpenSky,23.085830218087597,0.0,0.0,3.2584637738128808,3.256525373698941,-0.0024388111709308,1,23.259718082385447,0.1490622354463227,16,0.8521381843406198,43.239815081953495,0.7758934413963456,1,22.37411887518734,0.2424173759120018,0.0109830826697483,0.8728648511484979,436
7.5,OpenSky,23.412035030518854,0.0,0.0,3.262048124312652,3.1019424707701613,-0.0058046568836206,0,,,16,0.7799454606821528,41.26709883521541,0.8551453094245881,1,23.32876139838613,0.2569813458829466,0.026257148321207,0.915186588302091,464
7.6,OpenSky,23.73859626424832,0.0,0.0,3.265612337294644,3.384103729832422,-0.0029470913803346,1,24.369902145170705,-0.7131189789383865,17,0.8466071358933572,40.06754718361329,0.9106387645008918,1,23.73900769804882,-0.2953964377662149,-0.0010721260955381,0.9239286273186152,457
7.7,OpenSky,24.065511876567157,0.0,0.0,3.269156123188305,3.2073374041652403,-0.0028119024867966,0,,,17,0.7460478022399808,43.253852973987016,0.7884677758803816,1,24.24060680736341,-0.1531578472687551,-0.0046858617907279,0.8912892191899421,498
7.800000000000001,OpenSky,24.39277979631391,0.0,0.0,3.272679197467571,3.3875588109422896,-0.0037459903583672,1,23.11238152908949,0.5707429382696634,16,0.9065729938849538,44.59776754243368,0.9201368821663464,1,24.39698528052299,0.3151741226601936,-0.0003546146465507,0.8684150929720509,413
7.9,OpenSky,24.720397924358345,0.0,0.0,3.276181280444346,3.1812993345260026,-0.0039984703487958,0,,,16,0.7260173374251473,44.429013377590415,0.7163880434359302,1,25.276558934073776,-0.4266616701033915,0.0022546781865564,0.8236539513314821,396
8.0,OpenSky,25.04836413406664,0.0,0.0,3.279662097082964,3.222031616578625,-0.0015960645250146,1,26.19542936212234,0.7667122106687846,17,0.8118690209743691,43.1428785961712,0.8978929776433007,1,25.682339601229817,0.0585145367546371,-0.030616831622062,0.9424307026759772,473
8.1,OpenSky,25.37667627175001,0.0,0.0,3.283121376833697,3.1401782014226627,-0.0016843785116834,0,,,17,0.8374895284898648,44.74749291089428,0.868531046820471,1,25.362023181738067,-0.2511265281300209,-0.0311752852660593,0.9663670783587588,401
8.200000000000001,OpenSky,25.70533215709837,0.0,0.0,3.286558853483602,3.3018249401068798,0.0095826161911211,1,24.6899164505922,-0.3575694742916,17,0.7376760476420585,41.51044194528292,0.6133123649847443,1,25.504050071841466,0.0020450607399678,-0.0108418045252611,0.9325873095526112,428
8.3,OpenSky,26.03432958360068,0.0,0.0,3.28997426502307,3.2191467293082505,-0.002325321545947,0,,,16,0.9062996507899196,46.64545465409992,0.7435109685365976,1,26.460477284454733,0.2000588114781012,-0.0309861820916488,0.9846040633024908,461
8.4,OpenSky,26.36366631895335,0.0,0.0,3.2933673535266776,3.2261221244727105,0.001554553424764,1,26.716209377567356,1.2182383183589265,18,0.8491407511905732,44.347257736984986,0.850513511358726,1,26.484905934632376,0.1314093774918805,0.0002585658550167,0.934833339376858,431
8.5,OpenSky,26.69334010545805,0.0,0.0,3.296737865046985,3.211222842512179,-0.0032688930973385,0,,,20,0.8350481817599685,44.73235874236405,0.7850388337176544,1,27.10331580080797,0.1098203616052065,-0.0004989277546703,0.8771934499747651,450
8.6,OpenSky,27.023348660410058,0.0,0.0,3.3000855495201087,3.3422689292367016,-0.0033193896723872,1,27.134847583556777,1.0433181243434877,18,0.849499422442335,43.19508933207975,0.7791939927350935,1,27.17290714451121,0.1172786277016089,-0.0147565074853996,0.8590737945671213,418
8.700000000000001,OpenSky,27.35368967647825,0.0,0.0,3.3034101606819664,3.340752378387897,-0.0091986538413283,0,,,19,0.9891401139876642,41.64822152408544,0.9612440793295962,1,27.49520393050612,-0.0561352202424683,0.0108621837944293,0.9314848026687588,429
8.8,OpenSky,27.684360822077675,0.0,0.0,3.306711455994204,3.407558740929111,-0.0084956713718309,1,27.304973507478497,-0.8530343248592409,18,0.8692478888731161,44.534482286616,0.8249625381027713,1,27.126809562518226,0.1430061848391903,-0.0295108327233228,0.9536038646394704,410
8.9,OpenSky,28.01535974173557,0.0,0.0,3.309989196578901,3.264169607040172,-0.0065817243571416,0,,,18,1.0517887217379993,42.75366429409745,0.9721748447132956,1,28.099650590803567,0.2909961144923099,-0.0011954310023121,0.8826269288732074,347
9.0,OpenSky,28.34668405645169,0.0,0.0,3.313243147161228,3.3214812264588365,0.0007104392409659,1,28.95929518742661,0.2129321076561834,20,0.8546166173991567,44.50376608306712,0.8968622771938813,1,28.25452123620216,-0.0990624048334149,-0.0033773591520316,0.9302843036036365,373
9.1,OpenSky,28.678331364053623,0.0,0.0,3.316473076019318,3.236858340108242,0.0053915976299443,0,,,16,1.1192876324003724,44.367806093265386,0.691830780644056,1,28.755752038210908,0.0237007634493563,-0.001726441971535,0.9117673220478572,461
9.2,OpenSky,29.010299239547688,0.0,0.0,3.319678754940659,3.296511208168248,-0.0095590848094699,1,27.90713814268748,-0.2595107018845142,18,0.9275468973257036,43.06213751507792,0.8179427254686875,1,29.34285092162073,-0.2434635814974932,0.0034029154088344,0.9034973893627511,411
9.3,OpenSky,29.342585235466128,0.0,0.0,3.322859959184386,3.289536873883188,-0.0030250743719723,0,,,15,0.7766120629857847,42.11685125803424,0.9484682287693624,1,29.223117082011413,0.1661492789913804,0.017243260431385,0.912165236913667,431
9.4,OpenSky,29.67518688221102,0.0,0.0,3.3260164674489223,3.352068529101286,-0.0073495797833993,1,30.371711494958948,1.2331804000072244,19,0.8339456195012747,44.65119276445182,0.868757344201664,1,29.83008948093392,-0.2948589919733096,-0.0069995288673689,0.9219128533270294,426
9.5,OpenSky,30.008101688395463,0.0,0.0,3.3291480618444385,3.385627190712664,-0.0015182950247519,0,,,16,1.0152285836264792,42.087641876470535,0.8561739305318444,1,29.756796980605387,0.3130159920352259,0.0001901629534426,0.9610129031269888,429
9.6,OpenSky,30.34132714118243,0.0,0.0,3.332254527869671,3.390646392141846,0.0054921751857353,1,30.498428563274995,-0.0800537080154952,16,0.8596901034224628,45.89281398095024,0.8838332482209185,1,30.355120593562017,0.3688984523207265,-0.0025577744137157,0.8806303353245788,417
9.7,OpenSky,30.674860706621697,0.0,0.0,3.335335654392671,3.282933766925516,-0.0024291163838675,0,,,16,0.9871459609351086,41.523667184696734,0.7972816453038045,1,30.861061961531515,0.1361212947161885,-0.0053492751770671,0.9008809441123125,386
9.8,OpenSky,31.008699829985208,0.0,0.0,3.338391233635096,3.3942612311699607,-0.0003690972588962,1,32.16397870846372,-0.4207689056064413,15,1.0589615065061673,41.42634671607832,0.9843951231602986,1,31.05681318133003,0.0044217713618505,0.0005181273223739,0.8672811545089191,434
9.9,OpenSky,31.342841936101177,0.0,0.0,3.341421061159688,3.3360447201637955,0.0074857253720819,0,,,17,1.0146182007879332,44.46668944531904,0.714905464567805,1,31.375273099626256,-0.2158389408863834,-0.0198982976116006,0.8090892418656042,426
10.0,OpenSky,31.67728442968724,0.0,0.0,3.344424935860622,3.322221301767784,0.0022582934039562,1,32.503838201379686,-1.067854587415623,15,1.0281209956703743,41.525971038457214,0.7422435315243576,1,31.819179162590583,0.1838963783970424,-0.0118173571879451,0.8671988531379101,441
10.1,OpenSky,32.01202469568288,0.0,0.0,3.3474026599564244,3.3028529386075647,-0.0040696929863081,0,,,16,0.919605600763132,44.89346696894242,0.7718877325951835,1,31.47556752850647,0.3263529227419115,0.001089898277685,1.0,435
10.2,OpenSky,32.347060099581405,0.0,0.0,3.350354038985201,3.314910224158285,0.000764874581965,1,32.36915482319476,1.2753922916572462,17,0.7943223713497322,41.64540373330957,0.9381942600572482,1,32.32888031079829,0.3572234493118945,0.0174429916393634,0.882807901238635,473
10.3,OpenSky,32.6823879877616,0.0,0.0,3.353278881801928,3.451878939542244,-0.0044018065853097,0,,,18,0.610094784280163,43.66026493860762,0.8258633356537735,1,32.80803624166464,0.3196687164530001,0.0142654526475509,0.9256334123502716,454
10.4,OpenSky,33.01800568781936,0.0,0.0,3.356177000577582,3.3670261068603367,0.0020904615146121,1,33.63378224219582,-0.6300737636362429,17,0.9936905113722586,43.26107836006307,1.0665140869386291,1,32.928009969281135,-0.1625926648731757,0.0037708021620819,1.0,439
10.5,OpenSky,33.353910508899354,0.0,0.0,3.3590482107999176,3.36021105490778,0.0025756968272214,0,,,17,0.814654522173601,40.512596855434005,0.8381987091724842,1,32.809725413985134,0.0553345521574786,0.0070404128773944,0.9430704628956476,485
10.6,OpenSky,33.69009974202692,0.0,0.0,3.361892331275693,3.33872202743969,-0.0073271039663319,1,33.60218423047262,0.3413948197353721,17,0.9656030301992712,42.59463688690244,0.72091346779597,1,33.46715962972419,0.3754457373980456,0.0268771881786609,0.8980722161472886,469
10.7,OpenSky,34.02657066044034,0.0,0.0,3.3647091841341927,3.5041308489434955,0.0007318443343805,0,,,16,1.044323755079164,39.42680174199892,0.9401397812588352,1,34.53772139701006,-0.0619525751532671,0.0208289645971735,0.8523234408426001,428
10.8,OpenSky,34.36332051992353,0.0,0.0,3.36749859483188,3.4378435113563475,-0.0007654746867721,1,35.165653092058214,0.4883474471661836,15,0.8745800757961388,42.19583502201196,1.0075405768385002,1,34.28818878542043,0.1177309838187747,0.0014255060870773,0.8919760340223328,411
10.9,OpenSky,34.70034655913934,0.0,0.0,3.3702603921580536,3.3201569619018474,0.0027490453609439,0,,,18,0.787595420679557,43.92175297079305,0.9331835636427486,1,34.76576180824896,-0.0931921755385223,-0.006257015836252,0.9034048409554144,461
11.0,OpenSky,35.03764599996348,0.0,0.0,3.3729944082413708,3.3494629887491563,0.0042259569361848,1,36.18668719070428,0.9991871272205411,17,0.8383753771201156,43.76830902119175,0.8068447112558674,1,34.15366578443256,0.2227908972174427,0.0130061817843047,0.9447871272313711,419
11.1,OpenSky,35.375216047819194,0.0,0.0,3.3757004785571296,3.355319144692227,0.0023816729043257,0,,,17,0.993496889215086,43.94194812159007,0.721827152184787,1,35.524349973698705,-0.4152243663742854,-0.0186534130399196,0.906565319737664,425
11.2,OpenSky,35.71305389201272,0.0,0.0,3.3783784419352,3.379994879392728,-0.0017433798526671,1,26.79404322127433,1.5547740477786618,15,1.614463406028152,34.252880258752526,2.1293187840301715,1,36.02898128512021,-0.0176049076572827,0.0071423804933736,1.0,458
11.3,OpenSky,36.05115670606957,0.0,0.0,3.3810281405685085,3.332035358740648,0.0047393197928077,0,,,17,0.8455468940394574,42.78378376178649,0.6697913366371528,1,36.37789928237708,-0.0144137965274403,0.0054158188989075,0.9694096720063192,453
11.4,OpenSky,36.38952164807177,0.0,0.0,3.383649420021995,3.40812873334014,-0.0046531213701246,1,36.16348433797719,0.0596756097182727,18,0.8022983808088061,41.3095402414318,0.6583356981377699,1,36.383095263569565,-0.0383587339288712,-0.01203022112277,0.9042628649970044,471
11.5,OpenSky,36.728145860995966,0.0,0.0,3.386242129241952,3.4698205007700538,-0.0070058803729712,0,,,16,0.8841402131289839,44.20614458824817,0.8637346164447864,1,36.45479263966696,0.4138009970638421,0.0051466298717492,0.9354576954737416,419
11.6,OpenSky,37.067026473052536,0.0,0.0,3.3888061205656808,3.303532368209471,-0.0168425616192463,1,38.23609728196732,0.1607124160621612,17,0.9365873080216532,40.06989321140594,0.8345781479374511,1,36.91839252852135,0.168454626010362,0.0180192182556822,0.8249013943123861,513
11.7,OpenSky,37.40616059802568,0.0,0.0,3.391341249731398,3.317859870026175,-0.0004370204352319,0,,,17,0.813528050977825,43.71795897498971,0.8633379940352284,1,37.368786501263486,0.0861954488963931,-0.0091863213182472,0.9032460132193793,433
11.8,OpenSky,37.74554533561451,0.0,0.0,3.39384737588833,3.357636082292703,-0.0043940648606995,1,38.67065910541064,0.5712883710991161,18,0.9405947653135868,42.36929468793596,0.9159133375385669,1,37.6892894739391,0.2746419170271078,-0.0094150305634892,0.9034464201622744,413
11.9,OpenSky,38.0851777717752,0.0,0.0,3.3963243616069385,3.3586363785645927,0.0019846866078139,0,,,20,0.9713645167932796,41.30877189524499,0.8225391886736979,1,38.00476517610879,-0.1719664010082801,-0.006907763908992,0.8202913571453976,394
12.0,OpenSky,38.42505497906412,0.0,0.0,3.398772072889233,3.5051323483615726,-0.0104375584787558,1,38.92620947868191,-0.0078974069548593,15,0.9446742002124318,41.79018466747383,0.7382251799770342,1,38.578119361731126,-0.0189549008025943,0.0103083160731305,0.8789567525389976,394
12.1,OpenSky,38.76517401698203,0.0,0.0,3.401190379179114,3.446059272196316,-0.0035079128596333,0,,,17,0.9040765525006226,44.94454569596653,0.6991763825454643,1,38.57608724673809,0.0663788048239999,-0.0132320271595149,0.9285394334904936,417
12.2,OpenSky,39.1055319323193,0.0,0.0,3.4035791533727227,3.4415655458343344,0.0022920626260917,1,39.98801909860235,0.0145199252799345,17,0.8191774475212595,40.880089623153246,0.583394707628423,1,38.52194899270033,-0.1139341163502732,5.80725326226883e-05,0.8920859672607357,435
12.3,OpenSky,39.44612575950217,0.0,0.0,3.405938271828734,3.37575524051983,-0.0056070732921034,0,,,18,0.7572271765614634,40.38483450944655,0.9732394924810264,1,39.74898835115666,0.0981710173124144,-0.0046600411279773,0.8437815515366224,444
12.4,OpenSky,39.786952520940034,0.0,0.0,3.408267614378583,3.374645754564856,0.0019925495916044,1,39.83677231461778,-0.4775093548189215,16,1.041987056271494,43.887295068293085,0.950163126931638,1,39.65282852804559,-0.164942643189275,0.0075918493042164,0.9339435518501332,384
12.5,OpenSky,40.12800922737369,0.0,0.0,3.4105670643365764,3.312914033719647,-0.0031074719834606,0,,,18,0.8554842983921899,42.11042156163541,0.778341757801274,1,40.26918828662819,0.1085026879499262,-0.0349547227444766,0.9289885428516524,431
12.6,OpenSky,40.46929287822468,0.0,0.0,3.412836508509866,3.448506472017109,-0.0003503880493045,1,38.09451176714239,-0.710658527664289,17,0.911367961708155,42.49060576632826,0.8194769554411082,1,40.450237128278005,-0.0454909552408013,0.0129384179012128,0.7946343418480368,422
12.7,OpenSky,40.810800461945504,0.0,0.0,3.4150758372082604,3.43681823086085,0.0029035452912235,0,,,18,0.9263548230398744,42.791829771148805,0.7595316717518993,1,40.64322759076215,0.0220190826936155,-0.006794596618191,0.9838751727613608,393
12.8,OpenSky,41.15252895637089,0.0,0.0,3.4172849442538387,3.4862719522198944,0.0048036983934084,1,42.382001787262055,0.5350641713415827,17,0.9888452445697477,43.77776747822003,0.6757390081682635,1,41.15375135176703,0.1781705550442186,0.0114909018896462,0.8724654180769124,405
12.9,OpenSky,41.49447532906992,0.0,0.0,3.4194637269903647,3.3995515065928594,0.0002863939260541,0,,,17,0.936975028367122,43.89128133113842,0.8607056587422485,1,41.40874010997963,-0.0294495398686938,0.0025404234665264,0.892684320298837,405
13.0,OpenSky,41.83663653769917,0.0,0.0,3.42161208629246,3.40561156618325,-0.0045076402714127,1,43.03978083798959,-1.2997439809971194,16,0.786030298758355,43.77958674405087,0.6355669440441287,1,42.15267801356374,0.2611277386737969,-0.0060945374338401,0.962594894963965,342
13.1,OpenSky,42.179009530356616,0.0,0.0,3.42372992657453,3.426000008319718,-0.0026525859022729,0,,,17,0.8277232563127191,44.18105524966644,0.7507641181154132,1,42.12312852162727,-0.107253699709853,-0.0024452082098469,0.8561694135156551,418
13.2,OpenSky,42.52159124593656,0.0,0.0,3.4258171557994226,3.4719023633904933,0.0030619144784078,1,41.60624641189428,0.1462935697509128,18,0.8116006388148843,43.64082310068758,0.8312950252162271,1,42.828005849745416,-0.0768434254839602,0.0037991174287261,0.8244482027301228,478
13.3,OpenSky,42.86437861448523,0.0,0.0,3.427873685486805,3.333212321501388,-0.0055845504598682,0,,,18,0.8513216448763696,41.10739136417846,0.6427816832625757,1,42.870927102820445,0.0439789940101368,-0.0199852618869509,0.9736997903848654,420
13.4,OpenSky,43.20736855755736,0.0,0.0,3.429899430721244,3.467957472874613,-0.0011568805473721,1,42.9771618513882,-0.9196038306911198,16,1.071406741994895,43.98752092877833,0.7134212639878846,1,42.966104953730856,-0.151330629516098,-0.0231617196346283,0.9064838581833948,439
13.5,OpenSky,43.55055798857336,0.0,0.0,3.431894310159973,3.4246960878831803,-0.0022445584439338,0,,,17,0.9284093625963664,41.655051122701785,1.070163532962218,1,43.47837299725505,-0.3187070890493984,0.0048825086648758,0.8036642464895466,396
13.6,OpenSky,43.893943813177394,0.0,0.0,3.4338582460403444,3.362958247792346,-0.0007537791796601,1,44.403570697972185,0.524074334532995,17,0.8791253952968361,45.42707626157926,0.7849812932457273,1,43.85733396619525,0.3329482832171237,0.0098110987010433,0.8801585961774739,459
13.7,OpenSky,44.23752292959609,0.0,0.0,3.4357911641869427,3.303175392470949,-0.0054236785993687,0,,,17,0.956233910324818,39.93002038330496,0.729467693830574,1,44.12894111115016,0.3623042403777122,-0.0154807372370475,0.9219861600793476,481
13.8,OpenSky,44.58129222899792,0.0,0.0,3.437692994018362,3.425149551686645,-0.009822098826069,1,45.43078981447079,0.2380838504145562,17,0.968684964199866,42.529829515808345,0.7378878348640984,1,44.47253111067263,-0.1188815963697265,-0.0197222261411806,0.9704714458293712,457
13.9,OpenSky,44.92524859585329,0.0,0.0,3.439563668553628,3.5205670886097624,0.0025626812841588,0,,,17,0.9504144875987792,42.90096744229939,0.6783792295436372,1,45.62286820931576,-0.4399758461856703,-0.0028764693962113,0.92950964518249,401
14.0,OpenSky,45.26938890829511,0.0,0.0,3.4414031244182626,3.538436428183316,0.0048937591710463,1,45.10523621720566,-0.2156415718175713,16,0.8358043481046612,43.42661452747396,0.5863742287411847,1,45.342475604039166,-0.2128064931751865,0.0024945918769598,0.8742863397799319,388
14.1,OpenSky,45.613710038480114,0.0,0.0,3.4432113018499826,3.4620636239387386,-0.009598815988337,0,,,19,0.8946320310131828,41.179575448841135,0.8484636574800588,1,45.859166220472886,0.0587732185771094,-0.0140428247168236,0.9385193723727272,454
14.2,OpenSky,45.95820885295052,0.0,0.0,3.444988144704024,3.5621054621989816,0.0017329752890624,1,45.835817304033085,-0.4472893803699517,18,0.9130806190864204,42.1342464792653,0.7713487914280338,1,45.95166145480916,0.3654805821858222,-0.0109313143305134,0.7821956413744888,381
14.3,OpenSky,46.30288221299633,0.0,0.0,3.4467336004580846,3.4413362668879524,0.0054567530215654,0,,,17,0.8954228326237149,44.63827949325163,0.8128078948915687,1,46.09295685278841,0.5032325006185954,0.0197069427238654,0.8560055974473547,468
14.4,OpenSky,46.64772697501802,0.0,0.0,3.4484476202168888,3.5033665034744046,0.0029076644821233,1,45.76041481011096,-1.0158148293974911,17,0.9121951398040032,42.03072795863459,0.8163386852793822,1,46.6605854999724,-0.0773305379069722,0.0239932361773558,0.9176270654418688,403
14.5,OpenSky,46.99273999088965,0.0,0.0,3.4501301587163518,3.420204029818513,-0.0023973858013153,0,,,17,1.0932847307457332,43.84111360009363,0.9907107511702176,1,47.33706237657694,-0.1455043172639254,-0.0103848343550003,0.9831186153411374,462
14.6,OpenSky,47.33791810832239,0.0,0.0,3.451781174327353,3.417563275028255,-0.005150084439316,1,48.49755306573476,0.2413002035750144,16,0.977858351714314,41.60578746690622,0.904382362714554,1,47.96130620417173,-0.2336494314304907,-0.0176430246379655,0.7855920186004786,486
14.7,OpenSky,47.6832581712283,0.0,0.0,3.453400629059115,3.412367806894924,0.0001248778493551,0,,,17,0.7640287479368554,41.52767740233317,0.9287662632607672,1,47.5193729477202,0.2488193817054968,0.0107528672939998,0.9110984003758829,415
14.8,OpenSky,48.02875702008452,0.0,0.0,3.454988488562168,3.330502687430094,0.0010050368422258,1,47.58778685071292,0.8522394609216686,16,0.7986760219057129,42.76408503530408,1.1053362512229592,1,48.63385044944281,0.3040808090196666,-0.0093472403338141,0.9372675173766072,460
14.9,OpenSky,48.37441149229761,0.0,0.0,3.4565447221309173,3.533512451724014,0.000196886720755,0,,,18,0.966265152195353,45.88044235784828,0.691966781025132,1,48.44091196588472,0.4696886069836112,-0.0053404757071922,0.9407527062460082,422
15.0,OpenSky,48.72021842256819,0.0,0.0,3.4580693027057965,3.4158013958188587,-0.0012358842295983,1,47.44292382203045,-0.6057092714390212,17,0.9090697584737036,43.2970587403611,1.1164198851614042,1,48.888384430001246,-0.2409765607648758,0.0123559992653499,0.8352047503574287,367
15.1,OpenSky,49.066174643255685,0.0,0.0,3.4595622068750065,3.41117946978206,-0.0060144091439212,0,,,19,0.936221274088161,43.63377630444689,0.6617632626654872,1,49.154890720050254,0.2291152766576657,0.0051787764883246,0.9293771439428102,409
15.2,OpenSky,49.41227698474327,0.0,0.0,3.4610234148758403,3.3916578417503795,0.001856756367776,1,48.406490912244514,0.228358415053153,16,0.8560472394902098,42.155738390818215,0.7779336332043352,1,49.57643675714302,0.2397414840170849,-0.0008473950639622,0.8625995622137769,487
15.3,OpenSky,49.75852227580283,0.0,0.0,3.4624529105955903,3.451494259844199,0.0020729137947822,0,,,18,0.8423096933635996,43.36830757715983,0.9297752031012696,1,49.37939383033647,0.3110950806976513,-0.0153533163835053,0.893257457946194,466
15.4,OpenSky,50.10490734396004,0.0,0.0,3.463850681572035,3.5702877087244893,0.0007051926835774,1,51.7503059577513,-1.380957713385779,17,0.8459351475754199,42.55347477168967,0.7005871779160757,1,50.170862732315406,-0.2622218077671321,0.011424100162714,0.8148919055246624,491
15.5,OpenSky,50.45142901585939,0.0,0.0,3.465216718993504,3.592633111603117,0.0002960135614974,0,,,18,1.038193931328819,45.64636161535175,0.8406565045456953,1,50.56808286534823,-0.2288053331873568,-0.0024305450328663,0.8489110038998235,442
15.6,OpenSky,50.79808411762925,0.0,0.0,3.466551017698516,3.371034542180796,0.0085232792640998,1,50.69925837807434,-0.2953791383979419,16,0.882260712319112,42.821856662698885,1.0549591804538017,1,50.82688371389737,-0.2705109923500702,-0.0138380075383857,0.8531844606365869,498
15.7,OpenSky,51.14486947524674,0.0,0.0,3.467853576174999,3.4541894248140106,-0.0035226279110879,0,,,16,1.0479179428717778,42.892503917144765,0.6219147748753815,1,51.18306996482358,0.0530992320781173,-0.0065400232604746,0.8830662719870002,394
15.8,OpenSky,51.49178191490265,0.0,0.0,3.469124396559078,3.41628362146265,0.0064463447376738,1,50.89935973599787,1.0161770425754493,17,1.0111928412088738,45.12188525172867,0.6660055004924555,1,51.47498672460685,-0.1044722248595625,-0.0219445679961713,0.913518178126421,467
15.9,OpenSky,51.838818263366,0.0,0.0,3.470363484633437,3.5389714283914957,-0.004130395092645,0,,,18,0.9189848161776996,41.61672412793487,0.7618393663403591,1,52.101918775888485,0.0994022232920561,0.0029417275095586,0.9101606276505936,369
16.0,OpenSky,52.18597534834852,0.0,0.0,3.4715708498252527,3.5000067714210186,0.0054788432110779,1,53.289451567308085,0.3325891242393763,18,0.9809138164501878,43.2916571050803,0.7700685948334509,1,52.19154739814956,-0.073603604379047,-0.0301487953460197,0.9328414581109996,514
16.1,OpenSky,52.53324999886889,0.0,0.0,3.472746505203702,3.4473011534600864,0.0061242892194063,0,,,17,0.8075939277392927,43.61238074282048,0.6720797154586485,1,52.46518427904631,-0.1673849705643477,-0.0127718473245308,1.0,394
16.2,OpenSky,52.88063904561659,0.0,0.0,3.473890467477033,3.493272410359108,-0.0018411431957786,1,53.47141389314614,0.3580488104953614,15,0.8610495762603981,43.17404259593031,0.9525721776228926,1,52.78455805623564,-0.1848993899511098,-0.0149371811871406,0.8583294931204494,463
16.3,OpenSky,53.22813932131551,0.0,0.0,3.475002756989216,3.464951352276427,0.0084161738415793,0,,,17,1.004651211349925,43.366825694482245,0.9237124665111006,1,53.80528705245958,-0.2432289017977157,0.0223045860569839,0.8110515235129454,398
16.400000000000002,OpenSky,53.57574766108713,0.0,0.0,3.4760833977161503,3.588294826876153,0.0021734818976176,1,53.172616108744464,-1.6972300177345725,19,0.8793371522082729,43.71033309541036,0.963643791120952,1,53.70593278391747,-0.1439315997571512,-0.0008839778899245,0.9142282969893089,405
16.5,OpenSky,53.92346090281328,0.0,0.0,3.477132417261456,3.5228858539572503,-0.0048932986338418,0,,,16,0.9701285841203808,43.2810463615769,0.832047242330443,1,54.22547326012871,-0.1890819931717535,-0.0207870256146085,0.818856503504744,464
16.6,OpenSky,54.27127588749845,0.0,0.0,3.4781498468518213,3.5342328954392186,-0.002236136270478,1,53.371343288090685,0.8445648037284889,15,0.8723774292986157,45.19347569993074,0.7171929529104338,1,54.62073952666498,-0.1281134220835302,-0.0055160867605845,0.9013107353194212,517
16.7,OpenSky,54.61918945963165,0.0,0.0,3.479135721331927,3.3335369869085447,0.0056192413441664,0,,,16,0.8217306137130688,42.99909107533771,0.8024873770155984,1,51.873132131563445,0.0131377066834656,0.1228915175597329,0.3130501459995757,194
16.8,OpenSky,54.96719846754754,0.0,0.0,3.4800900791589373,3.49049255530226,0.0044794250720907,1,55.54752098963738,0.718156628677335,18,0.9295094801251832,42.76288771823065,0.7777656109271632,1,54.72352575902859,0.0337947315170886,-0.0086777635728707,1.0,409
16.900000000000002,OpenSky,55.3152997637872,0.0,0.0,3.48101296239656,3.6190010872739946,-0.0058820183459109,0,,,16,0.8574073795969057,44.09443898787779,0.6955327983567772,1,55.0598970195551,0.0595416137193456,0.0356235516864003,0.9591934462797408,460
17.0,OpenSky,55.66349020545806,0.0,0.0,3.481904416708677,3.5767132749803148,-0.0010493472928971,1,55.72309924355114,0.7887251862327435,17,0.8595508553147114,42.65175814798669,0.6417874884918249,1,55.29585642633417,-0.2258487960397395,0.0133005759618636,0.8409406054757818,469
17.1,OpenSky,56.01176665459332,0.0,0.0,3.4827644913525453,3.3825214456792203,0.0007567109330752,0,,,17,0.8315327474975234,44.44718985454723,0.931183248482976,1,56.065048046147545,0.2727447980964847,0.027304780284854,0.8825017228099385,440
17.2,OpenSky,56.36012597851048,0.0,0.0,3.483593239171567,3.4754611741915,-0.0029516789638151,1,56.27844466416393,-0.4420776619574456,19,0.7566047664357514,42.526669467508725,0.862396347946981,1,56.08137875160786,-0.1973120754048368,0.002613447652946,0.8982922933536298,422
17.3,OpenSky,56.708565050169234,0.0,0.0,3.4843907165876318,3.4261520855518546,0.0119801100648498,0,,,16,0.797342804031914,41.60582887352184,0.6767240802943237,1,56.94639775886254,-0.3262911549663965,-0.0006892878861841,0.9513434090184286,395
17.400000000000002,OpenSky,57.05708074852853,0.0,0.0,3.485156983593029,3.6004241445991694,0.0008795172043299,1,56.46266615485288,-0.2457012284777034,16,0.7961520247977788,42.89873343852241,1.0374809509469234,1,56.92433918298137,0.0294799180333971,-0.0109225067350036,0.8856650175441311,422
17.5,OpenSky,57.40566995890273,0.0,0.0,3.485892103741938,3.5099236739270308,-0.0006153829423456,0,,,17,0.7730023860988349,44.33267435939831,0.845122711591489,1,57.64276956494356,-0.0376338385588108,0.0083020217376006,0.8902390564458031,408
17.6,OpenSky,57.75432957331687,0.0,0.0,3.486596144141481,3.450593122665292,0.0059736812453586,1,58.436721596811815,0.6518387897706122,18,0.8507891289235952,43.62891199510039,0.7992572216971512,1,57.53752592446219,-0.2691471757474909,0.0154586605444642,0.9364066421959372,444
17.7,OpenSky,58.10305649086111,0.0,0.0,3.487269175442364,3.498191153278926,-0.0021449249263823,0,,,19,0.7245059478233614,45.34722191780749,0.8104745446387676,1,58.23235889003761,-0.0289470466566375,-0.008314878675891,0.9964237032159952,437
17.8,OpenSky,58.45184761804401,0.0,0.0,3.4879112718290783,3.3424344219149416,0.0050508016236576,1,57.531984419879386,0.566327560909747,16,0.8654185174043885,43.30685747455049,0.5962755885146485,1,58.42766836308879,0.0986117340378239,0.0152807664864651,1.0,481
17.900000000000002,OpenSky,58.800699869144985,0.0,0.0,3.4885225110096894,3.4348038910085146,-0.0089464185008094,0,,,16,0.9175749920202064,43.238667334829465,0.7843870712408177,1,58.50511633676378,0.0322551676212703,-0.0127259853428518,0.9267824445030978,437
18.0,OpenSky,59.1496101665655,0.0,0.0,3.489102974205197,3.500885070140485,-0.0025942404671027,1,60.459897092878784,-0.0805046275509703,17,0.8219183782740109,44.91574500603218,0.8997450523439252,1,58.891753953236645,0.4072576060948358,-0.0214810425216147,0.8287251614516801,465
18.1,OpenSky,59.49857544117935,0.0,0.0,3.489652746138475,3.549635718204551,0.0052878272276792,0,,,16,0.8235781674647549,39.70738033214008,0.9119527612614824,1,59.451074930589385,-0.1608534227907927,-0.0167414507887038,0.9333451894740764,451
18.2,OpenSky,59.847592632681625,0.0,0.0,3.4901719150227906,3.384888953989853,0.0079799037068847,1,60.39027261975776,1.271196069013017,17,0.85149021609021,42.89238911891539,0.771853612037041,1,59.18046520607294,0.3377223826681593,0.0046839418788677,0.8608839777158959,374
18.3,OpenSky,60.19665868993661,0.0,0.0,3.490660572549905,3.4786811427990085,-0.0042384033989262,0,,,15,0.9675311763450202,43.25422386524944,0.8470808312054965,1,59.97756056351723,-0.189469587363275,-0.0063377131899873,0.8216304940918189,425
18.4,OpenSky,60.54577057132439,0.0,0.0,3.4911188138777542,3.561048220998951,-0.0048768547732472,1,61.74813610664626,-0.0679389309453437,17,0.8609942715161023,43.97879525904854,0.9386274918267326,1,60.36245078854252,0.0197294416554696,-0.0014547326771618,0.8648894516013834,396
18.5,OpenSky,60.89492524508616,0.0,0.0,3.4915467376177163,3.414165672035,0.0027832931032184,0,,,16,0.968714288302539,43.54427236993484,0.817201095859725,1,60.9340340476569,0.3012754111820473,-0.0146070881642694,0.9463262211478232,401
18.6,OpenSky,61.24411968966831,0.0,0.0,3.4919444458214595,3.5153758712299124,-0.0034032821289475,1,60.04691215528033,-0.6996965193670972,19,0.9020873889941944,42.24077012387711,0.7381137995826416,1,60.61483764201886,-0.2581628682239213,0.013240477847094,0.95509499134872,428
18.7,OpenSky,61.59335089406505,0.0,0.0,3.492312043967381,3.50761615516367,-0.0015176877401703,0,,,18,1.0358849544588733,43.66130401967205,0.5703221613547043,1,61.95005483271796,0.066661351795274,0.000232913195667,1.0,478
18.8,OpenSky,61.94261585815971,0.0,0.0,3.492649640946631,3.6079096059755535,0.0045589021825232,1,60.47445767556539,-0.3463928492919058,17,0.9367164730311304,43.93966012909235,0.717613492313332,1,61.737573295029215,0.0058095672027628,-0.008125158493665,0.9683112382350068,430
18.9,OpenSky,62.29191159306458,0.0,0.0,3.492957349048727,3.4910740141627863,-0.0029487323908918,0,,,20,0.8786556317267857,42.43936456927133,0.7375739142063947,1,62.292891802802885,0.435643256133587,0.0023820348188596,0.9315659453139652,422
19.0,OpenSky,62.64123512145926,0.0,0.0,3.4932352839467598,3.498012969284543,-0.0104065422843412,1,61.8002871268639,0.9136060718137828,15,0.8269259389462996,42.5718913918821,0.7588290032241448,1,62.71894763628456,0.2339983512997868,0.0201213735828522,0.9857814746068616,438
19.1,OpenSky,62.99058347792748,0.0,0.0,3.4934835646821907,3.559995263394845,-0.006882116151766,0,,,16,0.9205868019378368,43.37169933677947,0.8103117998015863,1,62.80505229012201,-0.4031826559524031,0.0003382092860424,0.922704964094969,456
19.200000000000003,OpenSky,63.3399537092924,0.0,0.0,3.493702313649248,3.4260549174393287,-6.107807446286125e-05,1,64.82012740657328,-0.8367878846530816,18,0.886148716530756,42.98656315540437,0.851821729154411,1,63.10730857868242,-0.1417621205842318,-0.004587681657084,0.9490081417348172,471
19.3,OpenSky,63.68934287495029,0.0,0.0,3.493891656578916,3.4893099645653023,-0.0098975603641594,0,,,17,0.8568964296252426,42.48328712097633,0.9564519010861536,1,63.74419939228879,-0.2364065980049249,-0.0042142884577427,0.9824071064340588,423
19.4,OpenSky,64.03874804720255,0.0,0.0,3.4940517225225207,3.476215438961665,-0.0016780488744105,1,63.36025543504814,-0.8809023229794948,14,1.0119338446492483,42.73586845516056,0.8845927250744499,1,64.02248930616626,-0.0084019309504291,0.0037942904031487,0.9039336439896848,406
19.5,OpenSky,64.38816631158603,0.0,0.0,3.4941826438349244,3.4958601644354026,-0.0074601914734109,0,,,17,0.7831537904180762,39.773643148744135,0.756400025830929,1,64.36287666604117,0.3281750444629744,0.0038026497179721,0.9841938468043137,428
19.6,OpenSky,64.73759476720177,0.0,0.0,3.494284556157313,3.5505309044377884,0.0084177490816654,1,66.65291690458982,-0.3084788621919572,18,0.7833707104601175,45.8781848959121,0.7104549697565335,1,64.41180713738488,0.6816962984304146,0.0070319136844951,0.8243327699212126,431
19.700000000000003,OpenSky,65.08703052704173,0.0,0.0,3.4943575983995965,3.5319789869732414,0.0111840821287727,0,,,17,0.8740162238679134,42.16960002512595,0.7137085642513897,1,65.32822804502266,-0.1526721830442769,0.0088302171993173,0.8768431625367257,355
19.8,OpenSky,65.43647071831397,0.0,0.0,3.494401912722408,3.4552347224345006,-0.0056881543663783,1,66.63414183291111,0.4912157366305664,16,0.9533503141184764,42.41329712384551,0.7715329280421238,1,65.48555042662858,0.0263925106118425,0.01680663919154,0.8865314914805269,407
19.9,OpenSky,65.78591248276584,0.0,0.0,3.494417644518718,3.5098648423717966,0.0012052338907351,0,,,19,0.9491658775215354,45.06207848574344,0.801020262208335,1,65.70692738880535,-0.0294217751241129,-0.027768496183365,0.9711422968009966,462
20.0,OpenSky,66.13535297700534,0.0,0.0,3.494404942395058,3.592100588077471,-0.0051921330300689,1,65.64692242585595,-0.3786426580719412,19,0.8122358205703084,43.25472236311914,0.6463444403065444,1,66.46697574256204,-0.2213829950954901,-0.0044396582641521,0.9203073769119772,458
20.1,OpenSky,66.48478937282057,0.0,0.0,3.494363958152355,3.4523505964890537,-0.0017758478303761,0,,,18,1.0963088408813513,41.51036350103687,0.7160786015932565,1,66.55858303209291,0.425006591795982,0.0045423742560699,0.8644460947294029,439
20.200000000000003,OpenSky,66.8342188574972,0.0,0.0,3.494294846766386,3.512475147904256,0.0092732365847218,1,65.81739869115367,0.0156050327254593,17,0.9670133738383352,42.74025069650134,0.8650734227375326,1,66.87056457160186,0.4658575183389362,-0.0016206021488081,0.8182277068714138,406
20.3,OpenSky,67.18363863413398,0.0,0.0,3.494197766367845,3.4930734031054707,-0.0026222223674263,0,,,17,1.0239986727255506,44.31734400732467,0.8527138049936513,1,66.87528195109857,-0.1120901026776433,-0.0023973707354763,0.8283529542788388,408
20.4,OpenSky,67.53304592195619,0.0,0.0,3.494072878222036,3.5004704439043466,-0.001647022525025,1,66.30064221630388,0.0935217719230292,15,0.8781025540454952,45.65094285723304,0.8495757516652532,1,67.48526156473821,0.2571998078792888,0.0188748280612087,0.9330331482644416,396
20.5,OpenSky,67.882437956627,0.0,0.0,3.493920346708184,3.402221745930466,-0.0051293623316806,0,,,15,1.0437775459059428,42.183119769110405,0.7383125795299674,1,68.0586016324692,0.3351494932122503,0.0139129174348373,0.8433247447780741,420
20.6,OpenSky,68.23181199055684,0.0,0.0,3.493740339298375,3.581531892036681,0.0057260729303898,1,68.03472124735164,0.4252631766538182,18,0.9885942891944228,44.306590876172095,1.1952228276917898,1,67.90245600595001,-0.1128913180063216,-0.0106323479397647,0.8679846252886421,472
20.700000000000003,OpenSky,68.58116529321045,0.0,0.0,3.493533026536123,3.448845436174698,-0.017335074216637,0,,,17,0.8458547753202038,42.19129846262489,0.79941632683854,1,68.09278962836129,-0.0090152276771177,0.0047359840045486,0.918866053749044,438
20.8,OpenSky,68.9304951514119,0.0,0.0,3.493298582014565,3.556057788164418,-0.0025597295958851,1,68.89908583020849,-0.6565300138365899,17,0.8193222385346147,41.05094998113928,0.9028533088703884,1,72.54729900624763,-2.4000317827906805,0.133917539925116,0.3161177296892196,213
20.9,OpenSky,69.27979886964734,0.0,0.0,3.4930371823542914,3.459121934365801,-0.0004346797836604,0,,,15,0.8120773486344877,40.97362228454211,0.7823764420584203,1,69.19114617184977,0.2214446059537233,-0.0061923772518706,0.9143557028261204,399
21.0,OpenSky,69.62907377036542,0.0,0.0,3.4927490071808145,3.458430963949505,-0.0036081756589784,1,69.49636418569035,-0.5208910945895426,17,1.0854316569953006,40.56540929247949,0.9699882074746328,1,69.21244551126601,0.0381603945680767,-0.0161397723049923,0.8867038993485002,410
21.1,OpenSky,69.97831719427559,0.0,0.0,3.4924342391016685,3.5686020621494885,0.0043457937044893,0,,,16,0.8902176401402464,44.58545839777141,0.8546344048536977,1,69.74532193629355,-0.0973631889901228,-0.0204826622584786,0.8898615840909689,458
21.200000000000003,OpenSky,70.32752650064391,0.0,0.0,3.4920930636831584,3.553900865067229,0.0060667511068227,1,71.97616099441073,-0.6150480074214939,16,1.0250941459339693,41.43163668649698,0.9759302746623608,1,70.03477652899872,-0.2847523596617785,0.0033338042122146,0.8687379535848505,477
21.3,OpenSky,70.67669906758658,0.0,0.0,3.491725669426748,3.504633207206638,-0.0076325136767046,0,,,17,0.9048139495469456,44.0763376189415,0.9120060969580264,1,71.12876079604062,0.0300164864930285,-0.0086175159426655,1.0,496
21.4,OpenSky,71.02583229236109,0.0,0.0,3.491332247745097,3.5389940966950744,0.0107829227927526,1,70.41118144668883,-0.6073836702580283,16,0.7884922131441233,44.31186404452058,0.7890276905309945,1,70.68023489480292,0.1115161372412701,-0.0030526927924507,0.8278451833666551,462
21.5,OpenSky,71.37492359165486,0.0,0.0,3.4909129929377483,3.4728183149734,-0.0076166441108005,0,,,18,0.8378622401479087,43.92416166024555,1.0232498718162482,1,71.02751928801868,0.3594219788164272,-0.014079352858614,0.9443134147706548,496
21.6,OpenSky,71.72397040187151,0.0,0.0,3.490468102166466,3.487107353031798,0.0065996751493002,1,73.3536618915064,-0.514376025106112,18,0.9382312242549624,44.3766780173436,0.7405587169968251,1,71.7631236847301,-0.1559564238071723,0.0278124060226416,0.8503820372808991,422
21.700000000000003,OpenSky,72.07297017941454,0.0,0.0,3.4899977754302305,3.4471937405668487,0.0005733011618354,0,,,17,0.8384757065140044,42.54836301724347,0.8108290874247248,1,72.05128702122936,-0.0345892118797605,0.0166733941339178,0.9099157235390612,382
21.8,OpenSky,72.42192040096853,0.0,0.0,3.4895022155398943,3.542511668022072,-0.002869263729532,1,73.61738472941974,0.3235981606799688,15,0.8412279532622523,44.84864306451816,1.0527058223773496,1,72.1033884069086,-0.4057258438408297,-0.0059149557219364,0.965568935406764,446
21.9,OpenSky,72.77081856377778,0.0,0.0,3.488981628092496,3.4450807554922496,-0.0024122088054675,0,,,17,0.9095031586707158,43.83360676126021,0.8228961962334724,1,72.60475197019228,-0.0674200985510978,0.0091560664661991,0.962624145850073,426
22.0,OpenSky,73.11966218592231,0.0,0.0,3.488436221445242,3.5739524432215832,-0.0004287674043429,1,72.86189677147343,-1.0296463040219144,17,1.0505493576070783,44.81759363816801,1.072851132674885,1,73.23351739080087,0.3047364358007109,0.0001024449045772,1.0,386
22.1,OpenSky,73.46844880659123,0.0,0.0,3.4878662066891533,3.464962474782761,0.0008499575878878,0,,,20,0.9697237980518162,41.64917266056446,0.8083965630543526,1,73.21840974903698,-0.8137850356721485,-0.0118800076820146,0.8105716463260476,444
22.200000000000003,OpenSky,73.81717598635346,0.0,0.0,3.48727179762239,3.4852922417730614,-0.0050126502823973,1,74.37803905626609,0.8387419984603742,17,0.8446981708727627,43.58101551438,0.9858565181925965,1,73.9038591042447,0.0004773842956479,0.0144146167599155,0.8838423713170913,402
22.3,OpenSky,74.16584130742578,0.0,0.0,3.486653210723244,3.528297300318917,-0.0014708027152863,0,,,16,0.8163534953123671,43.785867953124495,0.7096782455593338,1,73.90490477279705,-0.2773412393821137,-0.0044195616197995,0.9274507600848152,484
22.4,OpenSky,74.51444237393807,0.0,0.0,3.486010665122809,3.48571678154196,-0.0042922087541113,1,73.00268331273313,-9.481986579283532,16,1.9490039222553772,32.85328130762227,1.4877828917859366,1,74.59768339184185,-0.0673452047312287,0.0030351460548927,0.9861697895923656,446
22.5,OpenSky,74.8629768121958,0.0,0.0,3.48534438257734,3.467981948501413,-0.0066050633996829,0,,,15,0.8362779934389568,44.06133962881898,0.907702489680623,1,75.35860923292834,-0.343738994021501,-0.0179326820235887,0.940481164987682,422
22.6,OpenSky,75.21144227093983,0.0,0.0,3.4846545874402883,3.483100409968659,-0.0045098522865909,1,75.54527650848166,0.5333660564633599,14,0.9865667405260192,43.9847240312314,0.8118199488354364,1,75.29239290461629,0.0346590805768437,0.0231585863108763,0.9025521478051572,471
22.700000000000003,OpenSky,75.55983642160324,0.0,0.0,3.483941506634028,3.5417186262176297,-0.0061787101822811,0,,,15,1.0189390477982163,42.28568995213848,0.9428322193899702,1,75.96157461307017,-0.5763785352728679,0.0391049319324303,0.8802088113978586,466
22.8,OpenSky,75.90815695856537,0.0,0.0,3.4832053696212744,3.447700276841634,-0.0023514764438348,1,74.87463974530034,0.2965534441173485,17,0.953764873137176,42.34560737927889,0.7995782962025633,1,75.70690111608549,-0.0490243488241003,0.0021697835054799,0.887768985437849,396
22.9,OpenSky,76.25640159940299,0.0,0.0,3.4824464083761977,3.4812693786005537,0.0020836668069204,0,,,17,0.8889186096294808,41.94675744536166,0.8810568775516778,1,76.26132384478565,-0.0482572843622623,-0.0034085598703135,0.9987996219458514,426
23.0,OpenSky,76.60456808513851,0.0,0.0,3.481664857355232,3.489313406448165,0.0004507301829183,1,74.86366509343584,-0.1274427394566831,14,0.9670744120099988,43.36669834957762,0.9054575242409656,1,76.60427436716657,-0.3064216531589299,-0.0093526673919166,0.863648464733284,398
23.1,OpenSky,76.95265418048527,0.0,0.0,3.480860953467588,3.5403600703475835,0.010127609879519,0,,,17,0.8843652597835059,44.95324640956881,0.7905249623079267,1,76.3561593435743,-0.0660971434617855,0.0152367827048176,0.9355861624155936,466
23.200000000000003,OpenSky,77.30065767408982,0.0,0.0,3.480034936045474,3.4784509637491645,-0.0118558808143786,0,,,18,0.8922497223791618,45.548709164394936,0.7552213877064986,1,77.42429796144341,0.0034617685828255,-0.0153662649618677,0.9473437019022122,440
23.3,OpenSky,77.64857637877122,0.0,0.0,3.47918704681402,3.58983494064296,0.0021600408170725,0,,,17,0.8770901959712933,45.64646790251124,0.6822817409597801,1,77.89477984064358,-0.0964185009832322,-0.0013621312059162,0.8765275933557838,440
23.4,OpenSky,77.99640813175732,0.0,0.0,3.478317529860918,3.470478030443236,-0.0001955894753181,1,76.9005927585921,1.2318675220379771,17,0.920663663585484,43.96634188681428,0.8389544279519708,1,78.3733101883508,0.1742872517569918,-0.0047091141938477,0.7772335953463525,472
23.5,OpenSky,78.3441507949179,0.0,0.0,3.4774266316057805,3.466922651210276,0.0040085092561185,0,,,15,0.7885106485326817,45.08372064483907,0.7592837445182399,1,78.24465466694346,0.1600914583315053,0.0055021168040769,0.8318296652147467,444
23.6,OpenSky,78.69180225499481,0.0,0.0,3.476514600769215,3.4706863430963213,0.0034753873181614,1,77.70647255612514,0.7808223419751213,17,0.9845729054620104,42.69460898118366,0.806781741265826,1,78.99586003491902,0.0165893483208736,0.0051105603083385,0.8653560969289217,433
23.700000000000003,OpenSky,79.03936042382898,0.0,0.0,3.475581688341624,3.4004259762221123,-0.0011328893857618,0,,,19,0.8752680487816051,43.02888168051481,0.698635767537302,1,78.94651853088584,-0.09535929646686,-0.0118736606051688,0.9713626249491328,372
23.8,OpenSky,79.38682323858416,0.0,0.0,3.474628147551734,3.4174864387121326,0.000623701045435,1,78.02965870028324,-0.96064528238442,18,0.810402492346321,42.5993820419008,0.8425202222619789,1,79.23184830030752,0.0317742455925214,0.007183069521881,0.887478010067293,405
23.9,OpenSky,79.73418866196764,0.0,0.0,3.473654233834853,3.4489785159720667,-0.0042155368224396,0,,,17,0.94091422956,41.80590927726233,0.8117841864617891,1,79.70998157195328,-0.0214715295730914,0.0197183533001279,0.9896553282969798,440
24.0,OpenSky,80.08145468244773,0.0,0.0,3.472660204800869,3.547951147900552,0.0029849364419085,1,81.08214338446541,-1.4025950632342663,19,0.8402892259453867,44.227488572633526,0.7447520900607302,1,79.99147086334555,0.1581622816691466,0.0004824806016467,0.9877729408923316,429
24.1,OpenSky,80.42861931446792,0.0,0.0,3.4716463202019763,3.4772103625333384,-0.0100155712271199,0,,,18,0.917401172145896,41.60228270335285,0.8068028428174217,1,80.64948268363976,-0.5544858665057298,0.0055143497993848,0.9030132215623802,509
24.200000000000003,OpenSky,80.77568059865794,0.0,0.0,3.470612841900161,3.449231078743183,0.0039102830416095,1,80.56162854678027,0.7141866942844636,17,0.8561256356666994,42.706844079933646,0.6334837983708163,1,80.46986245238443,-0.3887825796408354,-0.0112541838591471,0.8931991375767622,474
24.3,OpenSky,81.12263660204138,0.0,0.0,3.469560033834419,3.550696955960893,-0.0002841405553303,0,,,16,0.9258550982670776,44.56632020982163,0.8640740499047441,1,80.84687092259064,0.0956875418731999,-0.0036998515532467,0.9461800117967736,425
24.4,OpenSky,81.46948541824015,0.0,0.0,3.4684881619877315,3.567506938370945,-0.0026977095911844,1,80.54127373234921,-0.9333194348438628,15,0.8099185347355089,41.61339130470733,0.914577498385452,1,81.22588973674065,0.1293075347915084,-0.0025989838307189,0.8238624115299686,475
24.5,OpenSky,81.81622516767554,0.0,0.0,3.467397494353797,3.54693577529752,-0.0013414714847573,0,,,16,0.9531986299051716,42.36131854559112,0.8277690999446835,1,81.70074295220648,0.1723710029556117,-0.0240829918363809,0.9232097784537364,399
24.6,OpenSky,82.1628539977659,0.0,0.0,3.466288300903518,3.4214677317011115,-0.0009444378139623,1,84.2820612289667,-0.4404271616949681,17,0.8756169948559285,45.17176783027042,0.7814580060222456,1,81.60408544810292,-0.1432594427670891,0.0142533592543419,0.9143967443596872,434
24.700000000000003,OpenSky,82.50937008312101,0.0,0.0,3.4651608535512537,3.441206445351068,0.0066978464914646,0,,,18,1.0165787466681973,41.52152899386506,0.9694715778537528,1,82.94088978175255,-0.1372401011678774,0.0219916480871389,0.9101982660450264,358
24.8,OpenSky,82.8557716257331,0.0,0.0,3.464015426120839,3.5779539506950053,0.016868559511138,1,82.12524302609336,-0.3402869889172146,16,0.8202590812579884,44.97929376104472,0.7912480549987255,1,82.79038141736993,-0.0579608737087219,-0.0049964778869524,0.8847732137555526,432
24.9,OpenSky,83.20205685516423,0.0,0.0,3.462852294311375,3.478746652216453,0.0063136640207546,0,,,17,0.9070252145067424,44.38119471638991,0.8499775064710177,1,83.16850659544197,-0.32654392117991,-0.0165059390831321,0.9225131263369526,443
25.0,OpenSky,83.54822320491402,0.0007552190185353,0.0021816615649927,3.461671735662794,3.443051334281933,0.0187309717398379,1,83.63662170563853,0.5179641978168302,18,1.129368709107441,42.14913983378748,0.8427827438104386,1,83.5335716744653,0.033879807940739,0.0188986181227619,0.9476834705645336,429
25.1,OpenSky,83.89426731374428,0.0022651308647987,0.0043633231299855,3.460474029521208,3.5037526680610243,0.0250200396145302,0,,,15,0.8607116269176377,46.02680707222397,0.8367353946620665,1,83.89735672063446,-0.0386235181342662,-0.0004993124526615,0.9712861355360968,341
25.200000000000003,OpenSky,84.2401858502866,0.0045291947207052,0.0065449846949783,3.459259457004031,3.5184353126346144,0.0251957939101066,1,85.01877597723923,0.4979585582663396,16,0.7781462433447924,41.96396508958807,0.9100500015679436,1,84.47086468389887,-0.0436027207812322,0.0203637483989118,0.8813680678136371,339
25.3,OpenSky,84.58597551327091,0.0075468553929802,0.0087266462599711,3.458028300964905,3.4165564910646777,0.016807441583685,0,,,15,0.8729587968470512,40.0914668337325,0.7504140329867006,1,85.05809786247302,0.0614166180571038,0.003493901614938,0.9345827203506104,466
25.4,OpenSky,84.93163303174916,0.0113175435672851,0.0109083078249638,3.4567808459584057,3.4676391620337874,0.0150655525282423,1,84.81148649564881,-0.4731108439101044,17,0.8971873742445995,46.03996384026724,0.9626144927010358,1,85.76195993319064,0.0373772982764066,-0.0043185981302622,0.971933215633292,431
25.5,OpenSky,85.27715516531393,0.0158406760643298,0.0130899693899566,3.4555173782045454,3.5076952967508648,0.0213522774710069,0,,,17,1.0510692249463094,41.05874897457993,0.7146141788448864,1,85.36142811100942,-0.1998120436187113,-0.003089813912128,0.9033852527814104,468
25.6,OpenSky,85.6225387043122,0.0211156560979185,0.0152716309549494,3.454238185553086,3.378100432910835,0.025902650214937,1,85.96089380160969,0.1017772712124918,17,1.006311044213239,41.74627306925612,0.7243025011380747,1,85.77147561785769,0.0963990730376166,0.0365702003342356,0.961776196359108,454
25.700000000000003,OpenSky,85.96778047005412,0.0271418735348758,0.0174532925199422,3.4529435574476475,3.447395318574011,0.0132313754880062,0,,,16,0.9733395447921068,43.246852668077466,0.9270617786070828,1,88.2445093209975,3.634172738720577,-0.1341596287790007,0.3338735432359462,199
25.8,OpenSky,86.31287731501664,0.0339187051567991,0.0196349540849349,3.451633784889632,3.3800944964623607,0.0179084934853205,1,86.98876870299577,0.9826649339482664,17,0.96473714609057,43.87131747139682,0.9023288035762008,1,86.7140162109164,-0.0310378151090914,0.0075468075701796,0.8664915184693514,458
25.9,OpenSky,86.65782612304221,0.0414455149235848,0.0218166156499277,3.4503091604019582,3.3879784529245582,0.0246577415242934,0,,,16,0.8401749708875705,46.33154019471268,0.8961813256145655,1,86.42858358168763,-0.0787130822788393,0.0225004860909208,0.9099010790560752,454
26.0,OpenSky,87.0026238095324,0.0497216542386721,0.0239982772149205,3.448969977992616,3.413680305887136,0.0219349836848086,1,87.97358075587985,-0.8256871223002193,16,0.9261096695170962,43.42687261832668,0.7787767591958261,1,86.88685156630257,-0.1113547741356009,0.0202494213226236,1.0,427
26.1,OpenSky,87.34726732163622,0.0587464622159515,0.0261799387799133,3.447616533118043,3.4728072572321302,0.0291013244618575,0,,,18,0.9156881255300032,42.94021040033459,0.719026716562273,1,86.90544777053213,-0.0114193840101898,0.0209393904735994,0.9376165427296428,453
26.200000000000003,OpenSky,87.6917536384336,0.0685192659482826,0.028361600344906,3.4462491226463303,3.426180067682795,0.0142894130164487,1,86.91196739213524,-0.4016863142858428,16,0.8503562214474845,43.20263712143647,0.6749406153986777,1,87.34812350119878,0.0094277933298399,0.0348880296397089,0.8981357662229131,395
26.3,OpenSky,88.03607977111338,0.0790393807775659,0.0305432619098988,3.444868044820256,3.408026641347264,0.0339800497061683,0,,,18,1.072481136803283,44.60355938744342,0.9151472865412964,1,87.99703369672194,0.3188693316790846,0.0460570125397534,0.8926564937055059,436
26.4,OpenSky,88.38024276314641,0.0903061105663136,0.0327249234748916,3.443473599220159,3.451530329777184,0.0136161279775663,1,88.57854511722357,0.3328809779327462,16,1.10765240780331,43.22256021765925,0.8293302709274464,1,88.073472418253,-0.1367585998749702,0.0587460006710824,0.8234077416948371,427
26.5,OpenSky,88.72423969045323,0.1023187479706636,0.0349065850398844,3.44206608672665,3.37870342015105,0.0110992753130462,0,,,18,0.8743721003100412,42.917022150947126,0.7088309478815843,1,89.27750350619118,0.5962630106967114,0.0439840112557381,0.9111930825917616,389
26.6,OpenSky,89.06806766156656,0.1150765747147804,0.0370882466048771,3.4406458094831707,3.471078283233101,0.0213828190770232,1,88.59231160062566,-0.0524339434765629,17,0.8936902200053031,43.60840339519341,0.7511268644032194,1,88.69548228688899,-0.1373977791159599,0.0543110655800771,0.9456186049745922,483
26.700000000000003,OpenSky,89.4117238177886,0.1285788618665877,0.0392699081698699,3.439213070858401,3.5108799074363386,0.0157673127046565,0,,,17,0.9028281939783548,41.56680361486873,0.8797539700795861,1,89.53635847930992,0.2601066914132546,0.0333846604459422,1.0,443
26.8,OpenSky,89.75520533334294,0.1428248701147747,0.0414515697348627,3.437768175408518,3.4336491275110137,0.0215268720922526,1,89.73004407951781,0.204403002466086,18,0.8178754520986139,43.163505984369394,1.2328751747734743,1,89.57675588441137,0.3978665125051386,0.0516927120121413,0.8948798034721281,438
26.9,OpenSky,90.09850941552128,0.1578138500470212,0.0436332312998555,3.4363114288393217,3.423704975195041,0.0213840030981754,0,,,18,0.8121306511929068,41.87139543915472,1.0302303278844005,1,90.18057878875108,0.1835704596898896,0.028341967765685,0.8533197201891219,465
27.0,OpenSky,90.44163330482468,0.1735450424293829,0.0458148928648483,3.4348431379682136,3.45201576207531,0.0207176015900516,1,89.83115424306536,0.6281745976793114,17,0.8027510352476002,43.96533604750147,0.9056447876006396,1,90.69261009875852,0.4042298024088569,0.0505112819111182,0.8420407740540794,423
27.1,OpenSky,90.78457427509969,0.190017678486782,0.047996554429841,3.433363610686052,3.3030748811532824,0.0173031261537306,0,,,17,0.7109572232474102,43.55149148991591,0.5683355315966915,1,91.17113277238975,0.3231189191288286,0.0371719154585816,0.92587463467783,414
27.200000000000003,OpenSky,91.12732963366878,0.2072309801845427,0.0501782159948338,3.4318731559188747,3.456039873536102,0.0239733114031254,1,90.77329084141384,0.1899862843646756,16,0.7787740029426874,42.93637468029923,0.6834172026041654,1,91.03646811859076,0.2217263350980246,0.0560270875736494,0.8803665520157136,421
27.3,OpenSky,91.46989672145578,0.2251841605109172,0.0523598775598266,3.430372083589502,3.607976358546547,0.0200410166111062,0,,,18,0.8447491165429799,40.63630479412032,0.9681152910677938,1,91.47006759029622,0.1319172193503155,0.0571430550240723,0.9266623033895454,467
27.4,OpenSky,91.81227291310566,0.2438764237605429,0.0545415391248194,3.428860704579022,3.4134405788920694,0.0274463891109954,1,92.09831403109668,-0.4878686612553575,19,0.9227734020138204,41.59346389109969,0.6618877242255101,1,91.59166296476232,0.1742998363138739,0.0545655939574301,0.9332319013422192,389
27.5,OpenSky,92.15445561709892,0.2633069658187729,0.0567232006898121,3.4273393306881554,3.4135862732890048,0.0207466158658838,0,,,19,0.9278459000716052,43.50116894947531,0.8617401739980415,1,91.7747313325424,0.5760473492474597,0.0470348570810998,0.9269027814654472,455
27.6,OpenSky,92.49644227586072,0.2834749744468224,0.0589048622548049,3.4258082745985243,3.464622242880528,0.0166598385043746,1,93.45688175412816,-0.0780317023106789,18,0.7916379893343127,46.339610348459686,0.6443739423111197,1,92.64858973291642,0.3564523328323745,0.0681385591481285,0.9783174149707798,394
27.700000000000003,OpenSky,92.83823036586436,0.304379629567673,0.0610865238197977,3.424267849833805,3.517807206461942,0.0129451380636547,0,,,16,0.9356810220729498,45.41230889116852,0.6217964650367148,1,92.4788543034412,0.6874064482069345,0.0673719057139119,0.997671182648301,455
27.8,OpenSky,93.17981739772944,0.326020103552675,0.0632681853847905,3.4227183707207884,3.47588755259831,0.0208701570381243,1,93.73415961391667,0.9244400200939252,16,0.9247564999777798,44.739021564991496,0.9284630424367916,1,93.16113149303315,0.0361511297543943,0.097927216476819,0.976817986669803,491
27.9,OpenSky,93.52120091631456,0.3483955615087922,0.0654498469497832,3.421160152350344,3.285014440130032,0.0150898381451629,0,,,17,1.0176644946171884,42.17458775346367,0.9244510427556082,1,94.11311838278112,0.5418906469170216,0.0590339331022189,0.9040953349964628,446
28.0,OpenSky,93.8623785008044,0.3715051615664274,0.067631508514776,3.419593510538292,3.4441332442150823,0.0146361315988632,1,92.5032749113779,0.4894717516402684,15,1.0806467604116523,44.10601290338941,0.7973672657940591,1,94.09542482651064,0.4926329011173169,0.0861309878099656,0.7932201064620128,452
28.1,OpenSky,94.20334776479156,0.3953480551677725,0.0698131700797688,3.4180187617861946,3.562975334137332,0.0244781686519299,0,,,17,0.912580864321588,42.572124351103135,0.8321866870154161,1,93.78989464710038,0.5048043004758811,0.0735316098867167,0.948877308959838,399
28.200000000000003,OpenSky,94.5441063563526,0.4199233873556234,0.0719948316447616,3.416436223242063,3.4445725299831884,0.0123820281567618,1,93.69139954397218,0.2875380114046527,16,0.7860698107058018,42.62141810844105,0.8823167466157282,1,94.77973457724735,0.4250087548011144,0.0391389847297851,0.9903784588102524,385
28.3,OpenSky,94.88465195811884,0.4452302970626001,0.0741764932097543,3.4148462126609904,3.338206361708605,0.029110177898185,0,,,17,0.9433479156574076,44.1101257803737,0.701006635641711,1,94.84858908551332,0.6185087987328919,0.072959721402245,0.9064000827151998,376
28.4,OpenSky,95.22498228734152,0.4712679174007155,0.0763581547747471,3.4132490483657145,3.422512611740687,0.0225296339503304,1,95.6446693351961,1.432830136970255,16,0.7088999714873248,45.28489769425504,0.8303252221447533,1,95.71160652930212,0.8286107285740948,0.0985248346977671,0.9149806556964256,497
28.5,OpenSky,95.56509509595148,0.4980353759512307,0.0785398163397399,3.411645049207113,3.328292686948616,0.021470609463451,0,,,18,0.8207646460660828,40.51098759979721,1.0011513113147597,1,95.9042851118777,0.8733287480574627,0.0807132302022446,0.9501768856137612,427
28.6,OpenSky,95.9049881706132,0.5255317950547412,0.0807214779047327,3.41003453452464,3.474627929819797,0.0162800070824846,1,95.52353016567864,1.1630473010348443,16,1.0255559838318102,39.96615942979177,0.8550805018539066,1,95.96141717467732,0.5350071358359019,0.0954478069470279,0.8448589342781351,460
28.700000000000003,OpenSky,96.24465933277352,0.5537562921014318,0.0829031394697255,3.4084178241067,3.342260988518504,0.0256691047631503,0,,,18,0.941678749927712,43.437791805340304,0.7452999532683671,1,96.0620154815906,0.3253982798607887,0.1058882322371492,0.8995984307735718,469
28.8,OpenSky,96.5841064387047,0.5827079798214436,0.0850848010347182,3.40679523815098,3.402869682113189,0.0216011672066815,1,98.14751608039782,0.3854311634119818,18,0.9923782502003756,43.68174427436097,0.7888996356713328,1,96.52074781219429,0.8187451514063567,0.0857116232265702,0.8263594933066016,370
28.9,OpenSky,96.92332737954187,0.6123859665752927,0.087266462599711,3.4051670972247265,3.348034396056524,0.0180679459313895,0,,,17,0.8494960369315959,45.13388269059672,0.6358032010731958,1,97.36301400813028,0.7007974898540902,0.0875702872930097,0.95690527585027,429
29.0,OpenSky,97.26232008131514,0.642789356644281,0.0894481241647038,3.403533722224983,3.364604232560049,0.0227196187191594,1,97.35098132664945,1.7775933894548774,17,0.9522422372269024,42.11740994063919,0.8176816562149393,1,97.03730963587252,0.7878740449885933,0.0857560239254007,0.935354128970949,521
29.1,OpenSky,97.60108250497596,0.6739172505208428,0.0916297857296966,3.4018954343387904,3.480132735977826,0.0128222174187747,0,,,18,0.8791144901313419,41.81612065911818,0.768063862661938,1,98.00723277568989,0.505297283220037,0.1001580896442613,0.8326689982072522,468
29.200000000000003,OpenSky,97.93961264641813,0.7057687451987636,0.0938114472946893,3.400252555003357,3.394995348629644,0.013033650827478,1,98.98066219744013,1.0229502329688729,19,0.8439224387536408,41.88136962922751,0.7662692404738167,1,100.76659110771752,-3.1201364923567114,0.1619493312036288,0.35,204
29.3,OpenSky,98.27790853649306,0.7383429344632163,0.0959931088596821,3.398605405866198,3.355074737321918,0.0158010826634068,0,,,17,0.7921475366916464,45.76985388445212,0.6248450541906001,1,98.63828964535554,0.7140945146668098,0.0852925284359988,0.9893394204805696,463
29.4,OpenSky,98.61596824101971,0.7716389091805531,0.0981747704246749,3.396954308745251,3.315958773533056,0.0234675513012389,1,98.41856966260866,1.902832515449612,18,0.9691527091668418,43.16567160571792,0.929938936880941,1,98.1986580909614,0.1962833110682158,0.1159808224509597,0.93217337500002,419
29.5,OpenSky,98.95378986078886,0.8056557575877956,0.1003564319896677,3.3952995855889805,3.271247945467437,0.0216769672071015,0,,,18,0.8980601261306054,44.04146954167023,1.068176446569469,1,99.05258766276192,0.8199641641864085,0.0924776323055645,0.8567964620300415,404
29.6,OpenSky,99.29137153156182,0.840392565581763,0.1025380935546604,3.3936415584364608,3.3044291686171303,0.0271954085073143,1,99.30942717220655,0.5207834278541175,16,0.8854112961024312,41.53326061915533,1.0410705497157284,1,99.3519263455348,0.7722211369306708,0.0915853076239527,0.8540330040381968,430
29.700000000000003,OpenSky,99.62871142406374,0.8758484170077805,0.1047197551196532,3.391980549377456,3.388275827516816,0.0168284803432964,0,,,17,1.1560766621931378,42.56885845765906,0.8445698108808014,1,99.29067428314288,1.0406842391348805,0.108037470497027,0.8626101200841007,513
29.8,OpenSky,99.9658077439713,0.9120223939479084,0.106901416684646,3.390316880512497,3.436198603256598,0.0246400452207754,1,99.64910896491033,2.1939779547213463,17,0.8535207572411231,44.40957353020487,0.7420448800403339,1,99.93308089515531,0.8630611600940515,0.0864608932579491,0.9767468717959708,466
29.9,OpenSky,100.30265873189488,0.9489135770086344,0.1090830782496388,3.3886508739129533,3.3411209656795484,0.021063602810515,0,,,18,1.0133412060405091,41.98136135726321,0.7135280772341311,1,100.13815202956062,1.27208383737021,0.1214513210361514,1.0,426
30.0,OpenSky,100.63926266335528,0.9865210456079678,0.1112647398146315,3.386982851581122,3.467859512469272,0.0166604102475868,1,99.97132472177724,2.0514943869126143,18,0.916760937298205,42.31546825253746,0.7989130581797627,1,100.26571318682264,1.098200660745405,0.1006203991507002,0.918201048132658,425
30.1,OpenSky,100.97561784875488,1.0248438782618812,0.1134464013796243,3.385313135410317,3.330004755503209,0.0235959265410614,0,,,16,0.8387823152261615,42.119394695044086,0.7054067297340476,1,101.00038036427256,1.0683612984595352,0.1162746501258027,0.912880488292487,512
30.200000000000003,OpenSky,101.31172263334332,1.0638811528700372,0.1156280629446171,3.383642047144982,3.3597131754055254,0.0212113923863999,1,101.51688885043734,1.5379823872172431,16,0.8566021990535432,43.02538337992461,0.5951575623074683,1,101.50930563212582,1.049989723123701,0.1462996799467579,0.9748634602030298,384
30.3,OpenSky,101.64757539717772,1.103631947000745,0.1178097245096099,3.381969908340821,3.30632214702955,0.0182823774988768,0,,,16,1.0112107376505082,43.94001682367792,0.8500185917715337,1,101.81424323473598,0.5309472483500451,0.1263952869572957,0.7548366213739555,468
30.4,OpenSky,101.98317455507738,1.144095338175087,0.1199913860746026,3.3802970403249506,3.430449805063115,0.0218124665765853,1,101.61174255965794,-0.0243353467670164,17,1.0112028906796429,43.8868112427052,0.8757293511839267,1,101.87877494380906,0.9790219100469144,0.1191141034174121,0.8237355517745314,434
30.5,OpenSky,102.31851855657308,1.1852704041501572,0.1221730476395954,3.378623764156093,3.4918567317247704,0.020933569412231,0,,,15,0.965384551714114,42.14945331688647,0.8464492632731111,1,102.71485768688204,1.3120102883457183,0.1186547624042613,0.957947607375885,358
30.6,OpenSky,102.65360588585084,1.2271562232013578,0.1243547092045882,3.3769504005847946,3.2566181858976475,0.0208157024210714,0,,,16,0.8581800335341757,42.38762963726595,0.7318856960351107,1,102.70826772153036,1.2783868356100836,0.1229148443276457,0.8789659683359275,463
30.700000000000003,OpenSky,102.98843506169035,1.2697518744036875,0.126536370769581,3.3752772700136875,3.3371099959789867,0.0194760505757005,0,,,17,0.9605455224292666,43.20950512341463,0.7171953857654909,1,103.279099894066,1.2908672871683589,0.12918909083576,0.9357190729409964,419
30.8,OpenSky,103.32300463739784,1.3130564379119751,0.1287180323345738,3.3736046924578,3.430567723305152,0.0147592767542927,1,102.7096599847807,1.0169026431485364,18,1.0617233215240345,44.504297927568295,0.8294528798323632,1,102.93625938289904,1.521721672817391,0.1140715324480305,0.8765640466968727,410
30.9,OpenSky,103.6573132007337,1.3570689952399924,0.1308996938995665,3.3719329875049096,3.2677147553165664,0.0219923264020171,0,,,17,0.9134773691879536,44.26689357945264,0.7692641767862888,1,103.92827833696408,1.685341437830266,0.1506540366900171,0.8452028388219295,452
31.0,OpenSky,103.99135937383458,1.4017886295383932,0.1330813554645593,3.370262474275957,3.3857210616931432,0.0174489401854654,1,103.86133958007925,0.8170444395061347,17,1.0303575663637012,42.37587604041938,0.7762572397286398,1,103.91855139174024,1.7358191407982608,0.119586233840359,1.0,457
31.1,OpenSky,104.3251418131302,1.447214425871423,0.1352630170295521,3.368593471385517,3.422550763788758,0.016310963474678,0,,,20,0.8189841572439132,40.8864284033581,1.0305598234319724,1,104.7516244107059,1.9469320625494733,0.1316070833224976,0.9328799389074716,444
31.200000000000003,OpenSky,104.65865920925464,1.4933454714923386,0.1374446785945449,3.3669262969023306,3.352923468247931,0.0203717875199585,1,104.10403548192912,2.2563598064489088,16,0.925382240656465,43.65847179320054,0.8754339056034994,1,104.72431496574464,1.5983793563566138,0.1568926748699866,0.9397236769020724,433
31.3,OpenSky,104.99191028695266,1.540180856117485,0.1396263401595376,3.36526126830991,3.380616250424887,0.0254571910080645,0,,,15,0.8309806716742025,43.03984102897154,0.7170399735981825,1,105.08625260471618,1.5365659518294297,0.1229683626486735,0.9010617415625364,366
31.4,OpenSky,105.32489380498016,1.5877196721989717,0.1418080017245304,3.3635987024672174,3.4508570708597173,0.0226336778222922,1,105.81528746167488,1.755292382965802,16,0.8456597632903246,42.572344295970616,0.8873921634156748,1,105.24152622274134,1.3974020730140018,0.1144995215183057,0.9462007950626782,406
31.5,OpenSky,105.6576085559998,1.6359610151958923,0.1439896632895232,3.3619389155694197,3.4584595408091827,0.0187968413629894,0,,,19,0.881482623430826,42.35569302715422,0.7233294488540702,1,105.2793664738509,1.8427058526220936,0.1409080421173238,0.8519656321473428,471
31.6,OpenSky,105.9900533664711,1.6849039838440356,0.146171324854516,3.360282223108726,3.3395030211504064,0.0186758002725571,1,104.94413480228278,1.81843317721904,18,0.9262239911048988,43.82281166702986,0.5885805006274384,1,106.04054660092127,1.36635301571276,0.1522405743764663,1.0,457
31.700000000000003,OpenSky,106.32222709653546,1.7345476804240252,0.1483529864195087,3.358628939835317,3.308899867016096,0.0249291617989488,0,,,19,0.883318595072412,44.56466338432384,0.7053338789273531,1,106.23194908270372,1.754725126282955,0.1585731989280914,0.852979877089797,430
31.8,OpenSky,106.65412863989566,1.7848912110278414,0.1505346479845015,3.356979379718364,3.2834621352495894,0.0090412142627594,1,107.14463915334028,2.63670923014004,17,1.0310289381146411,41.51609340084788,1.0682874279723928,1,106.16326491520104,1.842520200029632,0.1699068136269055,0.8295645251190951,445
31.9,OpenSky,106.98575692369046,1.8359336858236648,0.1527163095494943,3.355333855907144,3.395345011635491,0.0257270743965299,0,,,17,0.7439196068132496,40.47530738043059,0.8118159830401623,1,106.88533194038185,1.796987114318415,0.1485607498994392,0.9217597067960164,413
32.0,OpenSky,107.31711090836382,1.8876742193189888,0.1548979711144871,3.3536926806922605,3.2540316096788664,0.011758595254425,1,106.9989926837345,1.6853187004232426,18,0.8433299199769678,45.58754941305185,0.7153209564530321,1,107.51345909387564,1.888769035276367,0.1557216937852259,0.8701519840926466,431
32.1,OpenSky,107.648189587529,1.9401119306219488,0.1570796326794798,3.3520561654669687,3.316645147089652,0.01418475839244,0,,,17,0.85589747188137,41.62064045517655,0.6334077119627554,1,107.35475076466668,2.020323093995404,0.1561236651139523,0.8845349834381694,418
32.2,OpenSky,107.97899198782756,1.993245943700811,0.1592612942444726,3.350424620688613,3.340536083692417,0.0189095714198532,1,108.44691807320253,2.39059558955585,17,0.9222624205400825,43.08574741040211,0.9010538391130716,1,108.13630176696915,1.578443033661774,0.1446443949996796,0.9119527019057156,421
32.300000000000004,OpenSky,108.30951716878327,2.0470753876415704,0.1614429558094654,3.3487983558401817,3.301973881115723,0.0329604763190058,0,,,18,0.8908220247421689,43.80650075798407,0.798365763570584,1,108.33516767824402,1.9754351324929147,0.1684175716641451,0.8383598406442,479
32.4,OpenSky,108.63976422265084,2.101599396903602,0.1636246173744582,3.3471776793919785,3.348636306485536,0.0303207060383111,1,108.6960444848014,1.8363683142207887,17,0.8897421033161311,46.6196181051548,0.7393942278417885,1,108.32847042190252,2.177217502890268,0.1881440404394365,0.9112054414864283,393
32.5,OpenSky,108.96973227425958,2.156817111573321,0.165806278939451,3.3455628987634247,3.484508543403393,0.0252238479973609,0,,,17,0.9416413522036744,42.647614831177,0.7418085542852069,1,108.9197695593746,2.147585859757186,0.158513276471786,0.93421137469176,448
32.6,OpenSky,109.29942048085232,2.212727677615777,0.1679879405044437,3.3439543202849884,3.3255035262047987,0.0233860423679384,1,109.13135636202684,1.873922977066894,17,0.985566405044778,44.78126781123023,0.9887593827709706,1,109.1008501020871,2.381291573958535,0.1693854755226134,0.8917349055881577,447
32.7,OpenSky,109.62882803191894,2.269330247124169,0.1701696020694365,3.342352249160249,3.3084645824707444,0.0117303984690213,0,,,18,0.8822981800939103,45.32734535063452,0.6395746528888734,1,109.71200794985783,2.645767173202356,0.1884275989917547,0.8489003980976234,498
32.800000000000004,OpenSky,109.95795414902524,2.3266239785671883,0.1723512636344293,3.3407569894281006,3.395126904825976,0.0223138615813036,1,109.79944567651688,2.705321430079648,17,1.1301494104075405,44.40526978406137,0.7589224159462111,1,110.26367050975853,2.4769856265706367,0.1907129130631641,0.8983924982223052,384
32.9,OpenSky,110.28679808563663,2.384608037034164,0.1745329251994221,3.3391688439251013,3.345288523983392,0.018624199981649,0,,,18,0.9214160271752408,44.63985113778477,1.161546452387515,1,110.085603032044,2.580960355021424,0.1770965927637795,0.9096853046493912,448
33.0,OpenSky,110.61535912693732,2.4432815944779507,0.1767145867644148,3.337588114247967,3.418159236296824,0.0172131774309987,0,,,17,0.9853296959354062,44.0215473153464,0.8520913917149255,1,110.85625767570328,2.02848202268846,0.1752126692031783,0.8873127476120609,367
33.1,OpenSky,110.94363658964406,2.502643829955519,0.1788962483294076,3.336015100716223,3.3367523535043606,0.0222998368231085,0,,,15,0.8683212952987677,45.42437760389914,0.9425578577970776,1,110.47817021995876,2.689403368858493,0.1692200347729313,0.8503843129332651,437
33.2,OpenSky,111.2716298218156,2.5626939298661764,0.1810779098944004,3.3344501023350097,3.308641579288122,0.0190112681969619,1,111.18212632529628,3.653141088001088,16,0.9767080940871806,43.83906675577598,0.8283796568239388,1,111.21031858272238,2.658969701794867,0.1810171780306437,0.9268586324098256,443
33.300000000000004,OpenSky,111.59933820265712,2.623431088187395,0.1832595714593932,3.332893416758051,3.214858133017225,0.025970774965417,0,,,15,0.8757433600247604,42.29796281644019,0.823561934885717,1,111.97996632070048,2.957168409042722,0.2050824635470571,0.882960193394599,432
33.4,OpenSky,111.92676114231976,2.684854506708178,0.1854412330243859,3.3313453402507904,3.219973210440568,0.0113001199990019,1,110.98332364661086,2.2477124957284893,16,0.9601959623852696,44.82748082929584,0.9867984618673732,1,111.9320565687854,2.7678923246928213,0.190917541019997,0.8013619705022593,435
33.5,OpenSky,112.25389808169577,2.746963395259929,0.1876228945893787,3.3298061676536963,3.20450170089512,0.0217407476012309,0,,,16,0.8915754730077052,44.11289938973537,0.9195626211010796,1,112.38049461180552,2.993326100558836,0.1777088150411465,0.9313471426746665,456
33.6,OpenSky,112.58074849220873,2.809756971944765,0.1898045561543715,3.3282761923457445,3.33751949778973,0.0167554911655304,1,113.18018867954795,4.413621129317731,18,0.8451225599749076,41.47513674700761,1.088924601664792,1,112.9057096729818,3.0073383885402767,0.1924509956615061,0.8633722110883222,410
33.7,OpenSky,112.90731187559906,2.873234463361236,0.1919862177193643,3.326755706208079,3.230143528457555,0.0191685355981802,0,,,16,0.9096540103103348,45.47273033272491,0.6789290055832347,1,113.11617153167222,2.4555542220912936,0.2069483556061162,0.8853507306394154,429
33.800000000000004,OpenSky,113.23358776370526,2.9373951048273974,0.194167879284357,3.3252449995878584,3.387448434421966,0.0229216050862864,1,113.8491349040983,3.2468280643838674,16,0.860956281061568,43.51065298255538,0.7910022825917449,1,113.22935901764464,2.812816921305377,0.1833927749739632,0.951551190451562,405
33.9,OpenSky,113.55957571824018,3.0022381406011887,0.1963495408493498,3.32374436126229,3.317258808633565,0.0154920220060409,0,,,18,0.7978530908845353,44.47534584802573,0.8817357323069883,1,113.52032851965004,2.9524701213725737,0.1918039612631301,0.9005260589382056,391
34.0,OpenSky,113.88527533056306,3.067762824098075,0.1985312024143426,3.322254078402857,3.300119424751799,0.022197271647633,1,114.18959514153065,1.7051671911734774,15,0.9055297108718886,43.78368229181425,0.8081543338201178,1,113.57937174266596,3.168320600233799,0.2231302412341977,0.9461618799925362,439
34.1,OpenSky,114.21068622144692,3.133968418105907,0.2007128639793354,3.3207744365397445,3.264330662449453,0.0202483320471312,0,,,17,0.7252064356471656,43.4283940559992,0.7769810091636034,1,114.08804248217842,2.934721962025317,0.2086422372344594,0.9627858836876414,407
34.2,OpenSky,114.53580804084156,3.200854194996948,0.2028945255443281,3.319305719526464,3.3533612872096654,0.0178840229158327,1,114.1760696857251,4.083681720096935,18,0.9181438737886432,44.22473167651616,0.7249956281862985,1,114.82450327734658,3.1991462738433047,0.1935231084836224,0.9580512058370718,448
34.300000000000004,OpenSky,114.86064046763224,3.268419436937027,0.2050761871093209,3.3178482095046857,3.265443967959308,0.0188631595590206,0,,,18,0.8613906060841041,41.7437117567909,0.7026149064537783,1,114.47371205187484,3.075358563856285,0.1903582472352742,1.0,420
34.4,OpenSky,115.18518320939376,3.336663436091782,0.2072578486743137,3.316402186869284,3.2547474095564795,0.020571121747611,1,113.90465881630152,3.2032757635730302,17,0.855392691559785,45.40435733926345,0.6320042669339442,1,115.56525966588484,3.657844186359701,0.2068529237335679,0.991362617889098,496
34.5,OpenSky,115.5094360021405,3.405585494829929,0.2094395102393065,3.314967930233589,3.3828318079003434,0.017346016103085,0,,,16,0.9007380328294738,45.07118005665036,0.7533531909477257,1,115.69303424335824,3.6603646228821223,0.216694787124986,0.8932584547906997,366
34.6,OpenSky,115.8333986100721,3.4751849259235383,0.2116211718042993,3.31354571639487,3.332031208507392,0.0213958670066399,1,115.61553438730904,3.9241768533263865,16,0.809083475463328,43.145795128425725,0.8108948383900838,1,115.3611458114023,3.4601123168193006,0.2287801475708328,0.9305176691236628,442
34.7,OpenSky,116.15707082531476,3.545461052745258,0.213802833369292,3.3121358203000244,3.2971663432650984,0.0198245049706282,0,,,18,0.9614152336470204,44.02815895264254,0.6843423192767246,1,116.27774888319686,3.3918611279783075,0.2232483871456456,0.8415752188375976,444
34.800000000000004,OpenSky,116.48045246765857,3.6164132094624497,0.2159844949342848,3.31073851501151,3.3467017412183693,0.0180541261564341,1,115.55899881802758,4.1467410067703385,16,0.986053207138596,43.096941879353885,0.8495385333269803,1,116.8155801692991,3.4796328560660026,0.2309013769249732,0.8714855320653577,422
34.9,OpenSky,116.80354338429066,3.6880407412281953,0.2181661564992776,3.3093540716734995,3.3027391329225915,0.0295466748225455,0,,,18,0.9837626903752512,42.76747494563274,0.7492063852575594,1,116.53854295534344,3.656495878697178,0.2073434295172767,0.8549792109364905,443
35.0,OpenSky,117.12634344952416,3.760343004369133,0.2203478180642704,3.307982759478271,3.322018139391818,0.023390640296084,1,118.29930013798273,2.936841334650012,16,1.0663143665781138,40.69996784218388,1.0836295626894152,1,117.60801658555494,4.2976173005145295,0.2621677271626321,0.9006172973332955,400
35.1,OpenSky,117.44885256452324,3.833319366570082,0.2225294796292631,3.3066248456328395,3.2509392212056465,0.0192052186842249,0,,,19,1.1393440144628022,43.48775131158359,0.8278739948906404,1,117.28235802219974,3.7952792109864495,0.2173333800533927,0.9189797881100528,456
35.2,OpenSky,117.77107065702404,3.906969207055417,0.2247111411942559,3.305280595325833,3.4208015078866856,0.0219720456304512,1,118.34480837792384,4.643857127534983,18,0.8851176812857168,44.74067445681508,0.8251078994618402,1,117.3830999608496,3.75106942329214,0.2142175078425503,0.8288695548773279,377
35.300000000000004,OpenSky,118.09299768105188,3.981291916767153,0.2268928027592487,3.3039502716946103,3.262611931923004,0.0157990537343163,0,,,18,0.9959023277451076,41.4251471917136,0.895683072705444,1,118.46668498632738,3.806904043079377,0.2192768399617888,0.904970878070326,442
35.4,OpenSky,118.41463361663426,4.056286898539703,0.2290744643242415,3.302634135792637,3.387645629639316,0.0189093199380551,1,119.621403431479,2.979301160349005,17,0.9265947948145206,43.14552665143428,0.8759052525199776,1,118.72870898585428,4.145256749443186,0.2405177652204226,0.8932319518936378,385
35.5,OpenSky,118.7359784695104,4.131953567271273,0.2312561258892342,3.3013324465571148,3.281249505025915,0.0195441713211194,0,,,18,0.6750391727609972,42.884996791568575,0.6805494981337882,1,118.77827049814688,4.096294563603188,0.2292653860591431,0.8875116672806445,496
35.6,OpenSky,119.05703227083654,4.208291350091846,0.233437787454227,3.300045460776863,3.339736937612504,0.0147175810132941,1,119.47471464836504,2.788486700129634,17,0.9163002541760812,43.96245743129185,1.0192017993950095,1,119.376796364549,4.3937734587940085,0.2345209612275827,0.7934127578322171,401
35.7,OpenSky,119.37779507688803,4.2852996865277415,0.2356194490192198,3.298773433060475,3.332066008420824,0.0232746795524355,0,,,18,0.7631878047404846,42.872387931002166,0.816672839641774,1,119.52468787752083,4.242692408825399,0.2376688000047226,0.8943755855875312,444
35.800000000000004,OpenSky,119.6982669687573,4.362978028662683,0.2378011105842126,3.297516615804734,3.3551993106766966,0.0185578142141146,1,119.2970340904203,4.738144357573972,18,0.8959321494125561,43.54298451929776,0.9240886818509804,1,119.8384327392572,4.497230018421304,0.2344271125785924,0.938129104989425,451
35.9,OpenSky,120.01844805204829,4.44132584129537,0.2399827721492053,3.2962752591633,3.2316381124528597,0.0193691370118973,0,,,17,0.9650597140211052,43.95032858915549,0.8913330821330461,1,119.79778679601564,4.444162645383631,0.2310305155291385,0.9571989201991388,394
36.0,OpenSky,120.33833845656758,4.520342602093499,0.2421644337141981,3.2950496110156724,3.344757104668779,0.018218034116811,1,119.72219243068338,4.619884650615506,19,1.0604434182779456,42.85120581986865,0.9536254230823208,1,120.7953090805198,4.674950255766454,0.252075371368504,1.0,412
36.1,OpenSky,120.65793833601164,4.600027801744205,0.2443460952791909,3.2938399169364336,3.3896774728457664,0.036730223266016,0,,,19,0.87432636354801,41.42962763524324,1.0430076988345558,1,120.58613271310772,4.042712754005197,0.2281508020462896,0.8642602488628384,444
36.2,OpenSky,120.97724786765085,4.680380944100898,0.2465277568441837,3.292646420164769,3.257689274749887,0.017715934114592,1,120.9014027359198,6.66365598040324,18,0.9318402573284638,41.38871957955609,0.8685218668528434,1,121.18061731856804,4.597920576778077,0.2433009093056735,0.864471908828659,438
36.3,OpenSky,121.2962672520099,4.761401546326448,0.2487094184091764,3.2914693615742787,3.2723675638919465,0.0104060789640154,0,,,18,0.8302778928152222,42.866867033280826,0.6374880753156417,1,121.22637389985832,4.40679877663219,0.2392165130572969,0.9577321778900332,390
36.4,OpenSky,121.61499671254508,4.843089139032696,0.2508910799741692,3.290308979643074,3.238389114157798,0.0128883643187749,1,120.92335200114054,5.541041613798699,15,0.7906200218672632,44.0064804212431,0.6439810125576769,1,121.68191770567856,4.403223905816347,0.2461253298251731,0.8680995820856602,416
36.5,OpenSky,121.93343649531812,4.925443266416265,0.253072741539162,3.2891655104241684,3.2456885118530256,0.0252033106446464,0,,,17,0.8688660236557134,43.751228833148375,0.8912484321601459,1,121.78255771091584,5.44011720593619,0.245562782359054,0.907841826780849,376
36.6,OpenSky,122.25158686866668,5.008463486390619,0.2552544031041548,3.2880391875161683,3.3690428135627264,0.0282284735056008,1,121.96731854943518,5.260288936761812,16,0.8118521729283749,43.01398270535088,0.8330859231787567,1,122.3098353227902,5.2260253266103405,0.2456961689203782,0.8972142103075551,481
36.7,OpenSky,122.56944812287196,5.092149370714373,0.2574360646691476,3.2869302420342583,3.20620031492423,0.01765556246015,0,,,17,0.9167288283384863,43.53754527456341,0.6192364998898912,1,122.75161107869236,5.208932933468333,0.2595336611448537,0.9119730655991048,398
36.8,OpenSky,122.88702056982284,5.176500505115789,0.2596177262341403,3.2858389025814945,3.2094945844588527,0.0279287107571427,1,122.40538237603393,4.763347197206404,17,0.7340859256594178,42.312690061757735,0.7136504282179921,1,122.70557157674769,5.528368163409703,0.2625079498792155,0.9722726937341546,436
36.9,OpenSky,123.20430454267724,5.2615164894134585,0.2617993877991331,3.284765395220403,3.3632568833158976,0.0251444409481765,0,,,17,0.9629701419465292,44.32013178528096,0.8687819953160144,1,123.19303675920494,5.122297242683123,0.2636948973462263,0.9432934350058136,404
37.0,OpenSky,123.52130039552024,5.34719693763313,0.2639810493641259,3.2837099434448893,3.299871349760487,0.0201920349339836,1,123.56889410002822,6.1430047275605855,17,0.8179174323206901,42.95587831757263,0.9860064153645326,1,123.22718120662438,5.004811545690624,0.2835523889999316,0.8623558778921024,412
37.1,OpenSky,123.8380085030194,5.433541478120651,0.2661627109291187,3.282672768152464,3.390693532148802,0.0198631813840272,0,,,16,0.8710744056208295,40.57804873311859,0.7691252439529407,1,124.05934562159106,5.302308987894143,0.2762972402077506,0.9035281569220824,375
37.2,OpenSky,124.15442926007708,5.520549753651015,0.2683443724941114,3.28165408761678,3.23348107961672,0.0221101682065224,1,123.70106141205568,5.494836151467834,17,1.0093971611432369,46.05122599008712,0.6789597893299604,1,124.30316393433154,5.233090464339886,0.2761592859842174,0.8886180696267627,423
37.3,OpenSky,124.47056308147998,5.608221421533469,0.2705260340591042,3.2806541174604984,3.267388099054911,0.0257912812039758,0,,,19,0.8955984122397775,41.48805846690417,0.9121959880049576,1,124.16423261454182,5.132988903269805,0.2871472554234997,0.912355124437002,468
37.4,OpenSky,124.786410401546,5.696556153712665,0.272707695624097,3.279673070628472,3.22288897084039,0.0232964242936183,1,124.19566312596233,5.672971227582436,16,0.9305058670692472,43.8684316458691,0.8196558656558429,1,124.61861589775744,5.324034591051969,0.2625097758671062,0.902430157117059,445
37.5,OpenSky,125.10197167376812,5.785553636865838,0.2748893571890898,3.2787111573612586,3.2695080283409843,0.017642459532959,0,,,17,0.9076272839574736,45.78726642540732,0.8601217598787683,1,124.8612281114292,5.849936027393696,0.2608513645167996,0.975142404598302,417
37.6,OpenSky,125.41724737045598,5.875213572495971,0.2770710187540826,3.277768585168965,3.153633492771807,0.0202648880325245,1,124.53152714132632,5.534211653638963,15,0.8044719922239912,42.64846676760513,0.6895049397817857,1,125.8022688291176,5.787656732312786,0.2913107928655729,0.9493386885870132,461
37.7,OpenSky,125.73223798237451,5.965535677020946,0.2792526803190753,3.2768455588054235,3.298311852285968,0.0316236994147179,0,,,18,0.7385500863456873,41.55065929760981,0.6660858327380357,1,125.69407076521117,6.097408921657189,0.2914657132156133,1.0,421
37.8,OpenSky,126.04694401838036,6.056519681858634,0.2814343418840681,3.275942280242707,3.279388237037229,0.0226059697460273,1,125.25347867890032,5.673072784649745,18,0.939305780381248,42.92319564818807,0.6299677004265168,1,126.18349321333488,5.835010731049166,0.2859189771567112,1.0,427
37.9,OpenSky,126.36136600505566,6.148165333507927,0.2836160034490609,3.275058948645981,3.2538812923284643,0.0258732924716681,0,,,16,0.9659530038316688,43.2752474869089,0.5425229774824748,1,126.28687434587044,6.48097260949582,0.2814752655444366,0.9950030585314484,444
38.0,OpenSky,126.67550448633942,6.240472393625673,0.2857976650140537,3.274195760348701,3.234417399005004,0.0241647843208262,1,126.09855260088769,6.513538292781087,16,0.828516433534073,44.447576626921006,0.7801788014394131,1,126.37829679918129,6.316642546718352,0.2984681100752966,0.8950293087797146,375
38.1,OpenSky,126.98936002315668,6.333440639099509,0.2879793265790464,3.273352908828158,3.2058922807617805,0.0227923869003794,0,,,18,0.9673120048837652,43.76969448788804,0.6164631438637478,1,126.58435182240191,5.780883731889964,0.2885119802741704,0.9869300729167816,470
38.2,OpenSky,127.30293319304528,6.427069862116561,0.2901609881440392,3.272530584681364,3.303966875995768,0.0219533784858152,1,128.02932503707163,6.695917228808142,14,0.914385270803334,43.888311660374114,0.9629714013652274,1,127.15902118745156,6.202217827796597,0.2925560377392111,0.8736732201576515,435
38.3,OpenSky,127.6162245897804,6.521359870228001,0.292342649709032,3.2717289756013,3.1899798082845763,0.0260215636957529,0,,,16,0.975014938549002,43.88834879826569,0.7132589649831316,1,127.38094573156826,6.442735037143171,0.3153023401538175,0.8137412316518995,409
38.400000000000006,OpenSky,127.92923482299707,6.616310486409443,0.2945243112740248,3.2709482663535128,3.290402913897642,0.0250672121088878,1,127.51882488292324,6.671251062573248,15,0.8602296020403967,41.39275907835603,0.7768924835859163,1,127.81758397633664,6.735835466945828,0.2628099042764642,0.9543628530423408,515
38.5,OpenSky,128.2419645178107,6.711921549117153,0.2967059728390175,3.27018863875307,3.380893228883425,0.0227458840694362,0,,,18,0.858130358628947,42.83544215245672,0.9967202796111913,1,128.16127145211337,6.635107806516608,0.2800879296551839,0.9576352947403868,436
38.6,OpenSky,128.55441431443504,6.808192912340075,0.2988876344040103,3.269450271641876,3.348345870551885,0.0177799596590281,1,130.240378344909,7.358137233187658,17,0.8478226396265448,44.00633240822474,0.864586235225103,1,128.30095706579297,6.784756561673472,0.3088284984954357,0.8684548047292125,489
38.7,OpenSky,128.866584867799,6.905124445647636,0.3010692959690031,3.268733340866351,3.1687515791832173,0.0234792268918646,0,,,15,0.9267601721480324,44.75274696314906,0.8494973006726065,1,128.9398946206573,6.760422206201024,0.2941195929909055,0.9598505123259612,389
38.8,OpenSky,129.17847684716094,7.002716034233335,0.3032509575339959,3.2680380192554743,3.2262321272988,0.0211173842721789,1,129.8640789546792,6.9250065570954185,16,0.9402287444164888,42.36427623545163,0.7029604498171212,1,129.48205180955364,6.848390911420063,0.2894722174205757,0.9673267051590584,417
38.900000000000006,OpenSky,129.49009093572147,7.100967578954092,0.3054326190989886,3.2673644765992,3.2809109779972,0.0198687671975836,0,,,18,1.032843269052231,44.744228098178105,0.8015674444284833,1,129.10585894390982,7.12953817311555,0.3048661079432651,0.9189365674827644,437
39.0,OpenSky,129.80142783023433,7.199878996365344,0.3076142806639814,3.2667128796272387,3.2509348958430837,0.0354640260926955,1,130.97943213749124,7.586468446309185,18,1.0209271781972595,44.98644154726979,0.9896798890171068,1,129.67619368675017,6.951534881077806,0.3150697848055301,0.7901977631437824,443
39.1,OpenSky,130.11248824061576,7.29945021875189,0.3097959422289742,3.266083391988216,3.17051339154666,0.0133775082524894,0,,,16,1.0430542572363013,40.44316159397212,0.8710023888728741,1,130.2393284816552,6.978365828675605,0.3165014719997865,0.8544930235417155,358
39.2,OpenSky,130.42327288955204,7.399681194154447,0.311977603793967,3.2654761742292067,3.2806426245930176,0.0264866988902389,1,129.92443529056888,6.776577672513048,14,1.1097881065874775,42.788398709803225,0.5260712285204979,1,130.4688709917162,7.455846989039562,0.3089142213029237,0.8404790228800694,459
39.3,OpenSky,130.73378251210562,7.500571886391943,0.3141592653589597,3.2648913837756464,3.256400516755876,0.0169603844668001,0,,,17,0.9282170927026522,41.41879091636413,0.9567755746725406,1,130.90790429989283,7.537947640777294,0.305934907600021,0.9352252353651536,499
39.400000000000006,OpenSky,131.04401785531977,7.602122275079498,0.3163409269239525,3.264329174911626,3.3714267201378325,0.0221578525032947,1,131.0024805114578,7.531723859265933,18,0.9034961929550352,44.25851472295109,0.6911046211007597,1,131.1932649213198,7.774136442009767,0.3220546239913147,1.0,420
39.5,OpenSky,131.35397967782174,7.704332355642123,0.3185225884889453,3.263789698760568,3.2387079528151745,0.0349154260246133,0,,,18,0.9359113672151668,41.83714794049887,0.874591617795204,1,131.43835403985076,7.71335319045166,0.2985134918407479,0.9383511580880116,433
39.6,OpenSky,131.6636687494246,7.807202139324097,0.3207042500539381,3.2632731032662896,3.322022526203175,0.0163844372700147,0,,,19,0.9982751623241916,44.12792735605649,0.5687279044002402,1,132.04113086457764,7.994671646658778,0.3357197234877112,0.8829381511872523,422
39.7,OpenSky,131.9730858507278,7.910731653194039,0.3228859116189309,3.262779533174453,3.176502546333953,0.0176476453514223,0,,,17,1.0451362782476008,40.38822636324804,1.0834954378805386,1,132.11570745593696,8.385977490071909,0.3242860084030878,0.9599357582461308,429
39.8,OpenSky,132.28223177271656,8.014920940145652,0.3250675731839236,3.262309130014408,3.1868547328784427,0.0213426070578515,1,131.2678461932926,8.535141633782024,15,1.0608500773227358,41.16856858261035,0.7356122082012528,1,132.06225512214417,7.857620642540267,0.3465933589909875,0.9810027930821732,387
39.900000000000006,OpenSky,132.59110731635997,8.11977005889414,0.3272492347489164,3.261862032081424,3.293448182375929,0.0170360296515955,0,,,17,0.8137978272852292,43.22177283242791,0.6587272584865365,1,132.78683542162705,8.43146299364877,0.2970329262113065,0.8600485755885655,443
40.0,OpenSky,132.89971329220822,8.225279083968301,0.3294308963139092,3.2614383744193183,3.316858895483938,0.0261030029614658,1,133.69881770343423,8.26938504701073,17,0.8572078880494106,40.11396820145453,0.6546079852535681,1,133.05515613089068,8.376007213862248,0.346642901756951,0.8677032431837801,424
40.1,OpenSky,133.20805051998866,8.331448105698282,0.331612557878902,3.261038288803485,3.192349325440119,0.0186381619664638,0,,,16,0.8418611013756684,44.134240296309365,0.7525720142292915,1,133.20193255326635,8.585785289338922,0.326763001740963,0.8277396636231297,502
40.2,OpenSky,133.51611982820094,8.438277230198993,0.3337942194438947,3.2606619037243134,3.251606585122941,0.024875336715996,1,133.84068863254657,8.660544546505596,16,1.0789341621334885,43.04407404552054,0.722890236223409,1,133.5820489978437,8.412174401213258,0.3364210190970222,0.92019062873968,508
40.3,OpenSky,133.8239220537114,8.545766579349184,0.3359758810088875,3.2603093443710187,3.169541793007029,0.0145304600923993,0,,,17,0.7892151301802813,43.57204905671632,0.8907108888607337,1,134.06321095042563,8.441605021688716,0.3354218236088648,0.9901343047398456,460
40.400000000000006,OpenSky,134.1314580413465,8.653916290766185,0.3381575425738803,3.259980732615865,3.2410096487769904,0.0119867525862448,1,133.4794722703556,9.719911937235638,18,0.978645285639386,42.88378417818468,0.7347941894162807,1,134.51639288245897,8.778494556003379,0.3262070648295734,0.9868499653907922,427
40.5,OpenSky,134.43872864348552,8.762726517776297,0.3403392041388731,3.259676186998801,3.301195936152984,0.020256659092604,0,,,17,0.8397902919111924,43.14637336139271,0.8380688054534169,1,134.40240540009552,8.968645004700734,0.3529904336859886,1.0,438
40.6,OpenSky,134.7457347196528,8.87219742938085,0.3425208657038658,3.259395822712498,3.2242420063802024,0.0132234834817728,0,,,18,0.9934880134194568,45.7054987112149,0.8481771256757447,1,135.09133347111697,9.293947991010368,0.3191191548160583,0.9007287830387376,400
40.7,OpenSky,135.0524771361091,8.982329210217918,0.3447025272688586,3.2591397515877976,3.2356924140089025,0.0293689781993395,0,,,16,1.2061349645719948,44.51428557978932,0.8273922798129079,1,135.03018964634776,9.058830024814888,0.3480889726519547,0.7939752065478748,403
40.8,OpenSky,135.35895676544268,9.09312206051969,0.3468841888338514,3.2589080820795697,3.1814014970682005,0.0134209747211409,1,135.7742249636697,9.653923499884268,18,0.8580535299297074,44.870471872058026,0.8550381233951241,1,135.15202514201303,9.14293010634592,0.3559311167100283,0.9409991849688392,442
40.900000000000006,OpenSky,135.6651744861597,9.204576196065522,0.3490658503988442,3.2587009192529823,3.20932516246719,0.0160069843430219,0,,,18,0.9471191537849504,43.48240271022455,0.9220759314275018,1,135.48682017862754,9.21816403309992,0.3499124061521166,0.8727332083477707,469
41.0,OpenSky,135.97113118227446,9.316691848130644,0.3512475119638369,3.2585183647701843,3.354129547080294,0.0235669868478963,1,136.31553241795035,10.46643966521719,18,0.8104896476175204,43.95432263212653,0.6065138769230076,1,135.87986467386006,9.51567023986776,0.3557032246234257,0.8910434998502919,451
41.1,OpenSky,136.2768277428991,9.42946926343055,0.3534291735288297,3.258360516877404,3.251947432833264,0.0183821022867832,0,,,17,0.9225232106807144,42.50038301280826,0.4672500921389054,1,136.3199598525096,9.41532617619162,0.3663842439256117,0.8955065713029635,422
41.2,OpenSky,136.58226506183317,9.542908704061048,0.3556108350938225,3.258227470392466,3.185030210708529,0.0134288793900762,1,136.44458916872307,8.775764190092062,15,0.8303570850599982,44.08794641625611,0.7267992365905239,1,136.03154816944797,9.721820042503582,0.3784799525104003,0.956389535635212,476
41.3,OpenSky,136.88744403715307,9.657010447434024,0.3577924966588153,3.2581193166927225,3.222515809674681,0.032062258653623,0,,,16,1.0540145631261983,42.73300857867999,0.838661602897891,1,137.0232638175369,9.384156552803365,0.3364292096281778,0.960067127056928,490
41.400000000000006,OpenSky,137.19236557080123,9.77177478620888,0.359974158223808,3.258036143703407,3.1456187169166325,0.0161332547349156,1,136.51255953558922,10.063119873514466,15,0.8197736082440382,45.06595398383534,0.8606389380945031,1,137.22648886578008,9.848035846787884,0.3434329077476392,0.928005146556802,400
41.5,OpenSky,137.49703056817535,9.887202028219669,0.3621558197888008,3.2579780358864103,3.1830679233466577,0.0202577717019045,0,,,18,1.1183812426849078,41.10574940532331,0.8436544982879961,1,137.16817320019024,9.85278888704632,0.3640186679172652,0.9843779486890152,440
41.6,OpenSky,137.8014399377176,10.003292496397943,0.3643374813537936,3.2579450742294758,3.326367097964841,0.0202456126613718,1,137.43640360983684,9.61953715635095,17,0.8612994468280748,44.38021981919663,0.7029877882303575,1,138.18378955267409,10.186484705445377,0.346722126290043,0.808696374630905,359
41.7,OpenSky,138.105594590504,10.120046528691327,0.3665191429187864,3.25793733623582,3.234000460438456,0.0250478057566766,0,,,16,0.9372921555230952,42.06032346345919,0.7086115062875988,1,137.7966899137821,10.377108519202055,0.3881957418703838,0.9808840781511244,404
41.8,OpenSky,138.40949543983396,10.237464477977802,0.3687008044837792,3.2579548959141804,3.354581931963298,0.0237192649505586,1,138.6335603877636,9.845232856181893,17,0.843438367777491,44.58189165647286,0.9600967578546832,1,138.47321073030457,9.99499833017424,0.3985091303488643,0.8775843552786176,426
41.900000000000006,OpenSky,138.7131434008199,10.355546711975746,0.3708824660487719,3.257997823769286,3.234891738805107,0.0170201380988356,0,,,19,0.855552022671821,46.50857949337394,0.9208046497463942,1,138.88401942008898,10.210150164931823,0.3658500834138825,0.9512893082560197,431
42.0,OpenSky,139.0165393899773,10.47429361314971,0.3730641276137647,3.2580661867927576,3.242283949791099,0.0196324391116848,0,,,15,0.9082455862797756,41.3321020877687,0.9181774362537112,1,139.1495362969356,9.554308924364465,0.3694420570084902,0.8916055466379648,415
42.1,OpenSky,139.31968432481523,10.593705578611967,0.3752457891787575,3.258160048454435,3.286868420741073,0.0201525015009547,0,,,15,1.007075073643012,44.578841630884014,0.847942825824839,1,139.47688106671964,10.889595905485882,0.3777247319568237,0.8942643316588308,493
42.2,OpenSky,139.62257912342702,10.713783020019834,0.3774274507437503,3.258279468694135,3.0917350449746137,0.0252599025117149,1,139.52166231172382,10.653190278577895,17,0.9551876177995916,45.16381076363681,0.9318034237852876,1,139.86994437451298,10.487721983486196,0.3807368015983785,0.8249338910160633,443
42.3,OpenSky,139.92522470408173,10.834526363468784,0.379609112308743,3.258424503913841,3.264824756042723,0.015234754485734,0,,,18,1.0387528362921008,44.82107551095713,0.5280173721135618,1,139.95632985873476,10.859294077646169,0.3730662623055107,0.8490827762477383,300
42.400000000000006,OpenSky,140.22762198481604,10.955936049381364,0.3817907738737358,3.2585952069703232,3.25614709829152,0.031949520448531,1,140.14757970565574,12.50690721233795,19,0.9052093155995176,41.69272949554768,0.6758229472024149,1,140.39033006028166,10.924096048601305,0.360615739975942,0.9334150878196342,406
42.5,OpenSky,140.52977188302685,11.078012532391934,0.3839724354387286,3.258791627168188,3.3470280569210225,0.0174423355631502,0,,,17,0.8444583986528825,40.72659693720628,0.758842522900827,1,140.41240143767877,11.38472969154646,0.3990058740657338,0.966805126120442,439
42.6,OpenSky,140.83167531506442,11.200756281227248,0.3861540970037214,3.259013810253365,3.3152496344902302,0.021355301654067,1,140.87908239232502,10.559988079813872,16,0.904818050997984,42.39608928587091,0.7816027715931013,1,141.1597401451956,11.235302454297395,0.3956528221365136,0.9165132218704316,467
42.7,OpenSky,141.1333331958267,11.324167778582884,0.3883357585687141,3.259261798407032,3.1914207852781207,0.0153293389812896,0,,,15,0.849965716292421,39.70583154131064,0.7830828648037276,1,141.458393889629,11.155541094762013,0.3761713715197943,1.0,435
42.8,OpenSky,141.43474643835404,11.448247520995553,0.3905174201337069,3.259535630239959,3.334800684750515,0.0146072001429908,1,140.4410475396804,11.857184710849928,17,0.7422782907939689,46.39613284197092,0.8169347568054613,1,141.59491168168512,11.396531275215244,0.3825817365419999,0.9365850886791672,433
42.900000000000006,OpenSky,141.7359159534251,11.572996018711295,0.3926990816986997,3.2598353407873097,3.2455026892115977,0.0168415070397171,0,,,20,0.7901227907476245,40.683080354708736,0.790219559743778,1,141.5881426933096,11.585064666265986,0.3561354194460926,0.9487669872968004,431
43.0,OpenSky,142.03684264915358,11.698413795549602,0.3948807432636925,3.26016096150386,3.2034190229200386,0.0163624167984197,1,141.67000524296083,10.166911855861713,17,1.003945494503528,43.90327617830563,0.836641057325349,1,142.05129162665716,11.640512774809393,0.4011618581658855,0.9686904056204636,448
43.1,OpenSky,142.3375274305863,11.824501388763444,0.3970624048286852,3.260512520259665,3.267912305191248,0.0192254191416078,0,,,16,0.9520808422492434,41.91866746478796,0.7217950047457923,1,142.59040578382078,12.17509288200809,0.3998692698079145,0.963006544060628,434
43.2,OpenSky,142.63797119930197,11.951259348895288,0.399244066393678,3.260890041336157,3.2442027794385244,0.0162723907374079,1,143.37123509675567,11.923174222340425,18,0.9340344821953404,42.48569843994749,0.6308677686829554,1,142.74199761199242,12.5567372236511,0.4132067986763745,0.7844784476502997,466
43.3,OpenSky,142.93817485301145,12.07868823962906,0.4014257279586708,3.261293545422686,3.3477159568802386,0.0250699888393185,0,,,17,1.2014809053951798,43.176371516434735,0.8729549497007394,1,143.0843095018419,12.294201061596809,0.3959033792842827,0.8927318624830988,431
43.400000000000006,OpenSky,143.23813928515918,12.20678863763812,0.4036073895236636,3.2617230496134937,3.2736199411429867,0.0173149628337301,1,143.08953347537093,12.93130237098802,16,1.050224988607919,44.30936814144879,0.8184466199350733,0,,,,0.9933855529064692,431
43.5,OpenSky,143.537865384526,12.335561132429277,0.4057890510886563,3.26217856740513,3.2648506263593444,0.0167338276578674,0,,,15,0.8555724414667651,41.09701385882552,1.0814288687893252,1,143.7414616825573,12.668422735598996,0.4244276989583491,1.0,384
43.6,OpenSky,143.83735403483308,12.465006326182795,0.4079707126536491,3.262660108694306,3.3076375233174757,0.0193218779377563,1,145.5563697910929,10.979544802771064,17,0.8571162841632346,42.82683952017938,0.6899173806066548,1,143.5633740340752,12.121227487592767,0.4358796139324599,0.8369773779982035,418
43.7,OpenSky,144.13660611434776,12.595124833588558,0.4101523742186419,3.2631676797761866,3.3211724389202457,0.0265810238239048,0,,,17,0.9157194583655344,42.86056547924787,0.7703826842934092,1,144.01616319951128,12.62976071865759,0.4181430107159669,0.9302341287114488,480
43.8,OpenSky,144.43562249549043,12.72591728167825,0.4123340357836347,3.263701283343124,3.2994039962425417,0.0224401210548682,1,143.7721847338189,13.737376656373286,17,0.9442765669866796,41.7055734746143,1.0787265826491377,1,144.71776078097054,13.173952089612513,0.4363696419485299,0.9035211590993012,388
43.900000000000006,OpenSky,144.73440404444335,12.8573843096537,0.4145156973486275,3.2642609184838247,3.338147063472236,0.0207863488356501,0,,,17,0.8250647078853149,38.98334097675372,0.7527074268473745,1,145.1294599811058,13.048571390877555,0.4108940614996661,0.8974047403081746,411
44.0,OpenSky,145.03295162076094,12.989526568711394,0.4166973589136202,3.264846580682969,3.289935430167063,0.0138049569395234,1,144.93068142809267,13.961903893496736,19,0.7851634201767147,44.39682023678655,0.7918531922709939,1,144.8564276673207,13.181294972741386,0.4096412615822418,0.9833083004284472,396
44.1,OpenSky,145.33126607698176,13.12234472186312,0.418879020478613,3.265458261821254,3.2645935345695976,0.0153592500237266,0,,,16,0.9658995677531164,41.74604058447487,0.7003543402073462,1,145.14156301766323,12.789180508474535,0.4278067681880579,0.8227528302818023,460
44.2,OpenSky,145.62934825824246,13.255839443752862,0.4210606820436058,3.26609595017589,3.3273548680397536,0.0146087575252282,1,145.60659578504809,13.654363941546144,18,0.8318768919483346,44.36896098940897,1.0888154768550282,1,145.84038605257692,12.976758345719308,0.4114287720350198,0.834549282480706,403
44.3,OpenSky,145.92719900189329,13.39001142046993,0.4232423436085986,3.2667596304215234,3.2460932654687094,0.0281562666573175,0,,,18,0.9875986014269532,41.806410695936734,0.8283353780906014,1,146.07449304077116,13.548804436090078,0.4131959466755526,0.9186302436490938,450
44.400000000000006,OpenSky,146.22481913711576,13.524861349358332,0.4254240051735913,3.267449283631614,3.2567974358044403,0.0240775810929864,1,145.8862968750552,12.263048108197577,18,0.7889250140848207,42.35377276893393,0.7676115917611663,1,145.84445955997407,13.842672486473225,0.4428190078017735,1.0,437
44.5,OpenSky,146.52220948454212,13.660389938822474,0.4276056667385841,3.26816488728024,3.353872697015921,0.0167296781828429,0,,,17,0.8893776017919911,38.34585880506389,0.6638213442027441,1,146.28213825538083,13.295845311635407,0.421725926336026,0.953730215327008,427
44.6,OpenSky,146.81937085587694,13.79659790812918,0.4297873283035769,3.268906415244345,3.3470569182004444,0.0182677521962022,1,146.50524314656025,13.247666469141029,16,0.8677482186271186,44.19713604460167,0.7959328252765516,1,147.2334960747687,13.932250666590326,0.4079709490313332,0.896092750771233,479
44.7,OpenSky,147.1163040535208,13.933485987206076,0.4319689898685697,3.2696738378064287,3.2492973921389114,0.0169041203313096,0,,,17,0.935203799801559,43.03831031258536,0.7344412964879066,1,147.7421954879431,14.1355489349787,0.4436245725425083,0.8412955624984586,478
44.8,OpenSky,147.41300987019594,14.071054916436374,0.4341506514335624,3.2704671216576684,3.222844066591829,0.0166247825412243,1,146.66212271929504,14.416473019744467,17,0.861738936998898,45.07406537899242,0.8822297814856376,1,147.46795538262248,13.968921537201004,0.4158964680048269,0.7945323217702747,368
44.900000000000006,OpenSky,147.7094890885745,14.209305446450092,0.4363323129985552,3.2712862299014844,3.3374166946772665,0.0236442779612768,0,,,17,0.9659844088002976,44.12908330523068,0.8323929114430704,1,147.4791016594623,14.11951598359944,0.4103663307691239,0.9145163105871976,478
45.0,OpenSky,148.00574248090862,14.348238337911727,0.438513974563548,3.2721311220575404,3.29956232909895,0.0196761721823338,1,147.49947951954897,14.325236656480882,18,1.0195063218191556,44.36606192695015,0.9037076116987792,1,148.01033874933165,15.015218982702809,0.4256716683696648,0.9142145956425108,418
45.1,OpenSky,148.30177080866326,14.487854361304446,0.4406956361285408,3.2730017540661827,3.272225087767329,0.0320835267371516,0,,,18,1.024044256997117,44.59851568174837,0.88259970000314,1,148.34930096757742,14.806295840109511,0.4391687173125698,1.0,475
45.2,OpenSky,148.59757482215107,14.628154296710802,0.4428772976935335,3.273898078293314,3.234677846859139,0.0277901280520885,1,148.8279824241545,13.97724324319848,15,1.1716069153633188,43.19663282078086,0.688544833818074,1,148.09393198113295,14.663720680544962,0.4772563568977848,0.8685599530251179,492
45.3,OpenSky,148.89315526017,14.769138933590028,0.4450589592585263,3.274820043535706,3.273669093889328,0.0281727470356847,0,,,19,0.9530954360559292,44.97466391506597,0.9732448261163164,1,148.94919238671844,14.826140101079462,0.4606777751974249,1.0,386
45.400000000000006,OpenSky,149.18851284964327,14.910809070551943,0.4472406208235191,3.275767595026746,3.253066743887621,0.0247879652071763,1,150.0991383405158,14.60896602253889,18,0.8841326463885867,41.740117813763455,0.745269091638487,1,148.87442879532918,15.233860518157632,0.4415102588750037,0.8601359401211051,470
45.5,OpenSky,149.483648305262,15.053165515127512,0.4494222823885119,3.276740674442618,3.215728871002093,0.0190232302784016,0,,,19,0.7876390306449401,43.476098323720464,0.7780326948523074,1,149.43493770317815,14.923551898562984,0.4672245357203226,0.7945637783952997,420
45.6,OpenSky,149.77856232913038,15.196209083536072,0.4516039439535046,3.2777392199089164,3.2629324928257093,0.024381313520525,1,149.70997628407966,15.016393057140878,16,0.859571524510118,44.29967051660466,0.6650216685039723,1,149.86760176500357,15.103969527633607,0.4493997242002869,0.9074221262827482,455
45.7,OpenSky,150.07325561041367,15.33994060044932,0.4537856055184974,3.278763166007697,3.273363252458925,0.0194042169570761,0,,,19,0.8923673226863302,42.46476080767319,0.7682801015589723,1,150.42655616612498,15.620227392588278,0.4850107188937405,0.8800331882250473,488
45.8,OpenSky,150.3677288249888,15.484360898752046,0.4559672670834902,3.27981244378496,3.2380448205541263,0.0298083825879412,1,149.6626025880193,15.809175446490398,18,0.9402240686014404,44.93671057730222,0.7283198549944383,1,150.36227772189167,15.894479778140823,0.4561823474209583,0.953051829824552,405
45.900000000000006,OpenSky,150.66198263509798,15.629470819299666,0.458148928648483,3.280886980758557,3.318841425968712,0.023408647738223,0,,,18,1.094686074554763,44.2529021194449,0.6888668785756776,1,151.0008469394682,15.61103390784293,0.4371192502877745,0.9525699474074936,446
46.0,OpenSky,150.95601768900497,15.775271210672624,0.4603305902134758,3.281986700926538,3.3458497812634853,0.0226009587532317,1,150.15224100883802,15.528607045656036,17,0.8147008186883793,42.36154373447528,0.8007433823451269,1,151.11205410813454,15.95938316115334,0.466845399101214,0.8563180934935628,451
46.1,OpenSky,151.24983462065433,15.92176292892768,0.4625122517784685,3.2831115247759244,3.327270044412289,0.0218635085848662,0,,,17,0.8973645436615949,41.46749505390695,0.9072786829085482,1,151.43021758672626,15.99569367047084,0.478202299057922,0.964908154215119,408
46.2,OpenSky,151.5434340493338,16.06894683734611,0.4646939133434613,3.284261369291908,3.253959752628278,0.0302914609612483,1,151.25154920805625,17.69189872316879,17,0.7262126774987012,42.509068132929166,0.7741281143380432,1,151.74447673292175,15.94439114853929,0.4443537608324606,0.8946292805895711,445
46.3,OpenSky,151.83681657933948,16.216823806178922,0.4668755749084541,3.285436147967481,3.3167950425518478,0.0137393226966374,0,,,18,0.938556842766032,44.2651162807789,0.767773600277422,1,151.7234043302056,16.143617224390706,0.4540242784801047,0.909451434095591,479
46.400000000000006,OpenSky,152.1299827996443,16.365394712389048,0.4690572364734469,3.286635770813491,3.277053571379651,0.0308872589116186,1,153.52939010305542,17.998872332642534,17,1.0926387258256016,44.56395059008955,0.8378318456889762,1,152.2969325876459,16.077287686806674,0.4715297296415888,0.8048062115921677,481
46.5,OpenSky,152.42293328356948,16.514660439390628,0.4712388980384396,3.2878601443691178,3.199062263130277,0.0202910594083297,0,,,19,0.9354676426936208,42.46031261907828,0.8676803567908398,1,152.83899848719574,16.297167755747477,0.4770897855316121,0.8841837963695791,458
46.6,OpenSky,152.71566858845932,16.664621876785397,0.4734205596034324,3.2891091717127807,3.3149051108712584,0.0139199308209348,1,154.7353387952528,16.052242659023314,17,0.9521228589920766,42.091769522174594,0.9368407418658884,1,152.83548680323702,17.295888058438702,0.4883720582888009,0.962873773103208,442
46.7,OpenSky,153.00818925535913,16.81527992009622,0.4756022211684252,3.290382752473462,3.286986281568343,0.0174025218072679,0,,,18,0.9533200263319151,45.75930648324362,0.6916276570475719,1,153.0638111013016,17.195909214377874,0.4636195191212708,0.9435264305297142,460
46.8,OpenSky,153.3004958086965,16.966635470497838,0.477783882733418,3.291680782842453,3.435809355614708,0.0127190062712818,1,153.04395110477833,18.028792219492104,17,0.9725082306047296,43.85270524551923,0.8760488748851838,1,153.4456112142869,16.982581260828944,0.4729165156586226,0.8721659879873819,441
46.900000000000006,OpenSky,153.59258875596595,17.11868943454485,0.4799655442984107,3.2930031555855246,3.3667107925487216,0.0247829921314373,0,,,17,0.8963532789450235,40.718998888852056,0.8321936997321849,1,153.56836553924796,17.29331283486242,0.4523109676287733,0.9053489333341312,417
47.0,OpenSky,153.88446858741696,17.27144272389699,0.4821472058634035,3.2943497600555056,3.325239376641996,0.0159551045721862,1,153.9197728245093,16.868812544759287,20,0.9250361128803416,46.27668384118863,0.7021941752621679,1,154.389043712689,17.518250363633875,0.5021586984977162,0.8208786523552888,440
47.1,OpenSky,154.1761357757455,17.424896255041745,0.4843288674283963,3.2957204822052897,3.2993734358827367,0.0223065266123357,0,,,18,0.9336299263240112,46.75868547228414,0.6560148235633072,1,154.39619270157738,17.632820884738166,0.5058078615142536,0.9636134212814992,396
47.2,OpenSky,154.46759077578895,17.579050949014384,0.4865105289933891,3.297115204601248,3.296679283304872,0.0274048163140567,1,155.29183115857433,16.36569500963558,17,0.9490016661261612,41.89517607165564,0.6922121447046954,1,154.44382791037626,17.299710600006097,0.4715908318569859,0.963472419552771,428
47.3,OpenSky,154.75883402422468,17.733907731115384,0.4886921905583818,3.29853380643706,3.2286832002161305,0.0179356822998312,0,,,18,0.792046831508536,42.822768267633535,1.1960413969845631,1,155.66559741521857,17.617408703414352,0.4941254916845228,0.8463378836880203,387
47.400000000000006,OpenSky,155.04986593927225,17.88946753062538,0.4908738521233746,3.2999761635479565,3.1867275166369,0.0199489945356897,1,154.7286165135976,19.42477373222801,16,1.0078783576246122,43.81076859081143,0.7030536816145948,1,155.40672082612429,18.1554929169194,0.5023199498869966,0.9059693319583166,440
47.5,OpenSky,155.34068692039912,18.045731280517643,0.4930555136883674,3.301442148425368,3.240989507140577,0.0144019446129984,0,,,17,1.0177521878688818,42.92103215374254,0.8856367957877552,1,155.71674102195044,17.665616600629413,0.4708158102815507,0.9126205249250904,421
47.6,OpenSky,155.63129734803027,18.20269991716812,0.4952371752533602,3.3029316302319875,3.2885630830607533,0.0192098733745971,1,156.47110060598808,17.23710395189712,17,0.9092669586072908,41.4100717505842,0.827071690279606,1,155.51834517525353,18.243351683333,0.4883590251690206,0.8221094912529673,446
47.7,OpenSky,155.9216975832613,18.360374380063163,0.4974188368183529,3.3044444748172346,3.167619178348626,0.0346814328269059,0,,,15,0.7880826690072145,40.17098785080364,0.8592838400108797,1,156.0412740434927,18.75760901175078,0.5133063123048389,0.8554494521280855,465
47.8,OpenSky,156.21188796757573,18.51875561150489,0.4996004983833457,3.3059805447331274,3.2614565580358152,0.0253261915472058,1,158.39027872762935,19.04376705623972,17,0.9498051986369388,41.34785492571736,0.8925850509349491,1,156.41638769874532,18.51608512079705,0.5044301615692031,0.865022462004283,402
47.900000000000006,OpenSky,156.5018688225655,18.677844556314334,0.5017821599483385,3.3075396992505555,3.279909501234802,0.0199462378268598,0,,,19,0.8039987358630115,43.966945491645866,0.7912999401385212,1,157.07833126920505,18.791410118965537,0.5020564659895683,0.8223144619189174,347
48.0,OpenSky,156.7916404496561,18.83764216153236,0.5039638215133313,3.3091217943759546,3.283482812512328,0.0181447836455841,1,155.50460343678546,19.562806819357004,20,0.9968507031204524,45.65391515581031,0.6702284594055133,1,156.6139985411555,18.652401558464224,0.5005993527105415,0.9693561180052176,463
48.1,OpenSky,157.081203129835,18.998149376118437,0.5061454830783241,3.3107266828683795,3.261607194062861,0.0211298585669066,0,,,16,0.834235401910048,41.05060442173267,1.073603574792658,1,156.42312542652436,18.79071288916516,0.5044827590366832,0.8044616826253389,478
48.2,OpenSky,157.37055712338446,19.15936715064729,0.5083271446433169,3.312354214256973,3.280489704883049,0.0220311274983689,1,157.90923948354464,20.608652809184463,17,1.156236900762456,42.4936097943278,0.9281058385802212,1,157.8208946445045,19.10633451832573,0.5293507607994656,0.9427577857317472,473
48.3,OpenSky,157.65970266961813,19.32129643700357,0.5105088062083096,3.3140042348588308,3.4060498309653977,0.0191092338907634,0,,,17,0.9305999683674604,42.47388843948423,0.8193752656398812,1,157.89600404998453,19.003057158569565,0.5091385862298399,0.8835044024451355,387
48.400000000000006,OpenSky,157.9486399866218,19.483938188074426,0.5126904677733024,3.315676587797257,3.3435625471310506,0.024053980089648,1,158.6050747071106,20.357520541482483,15,0.8868407467241987,43.97113175084391,0.9283672296412118,1,158.11747129305206,19.07375682511414,0.5026420197635302,0.8785496981005771,443
48.5,OpenSky,158.2373692709982,19.64729335744021,0.5148721293382952,3.3173711130204118,3.273818238153033,0.0162886414670834,0,,,16,1.0149222020944375,42.19972741002111,0.6808663862522865,1,157.90631361886656,19.44014462022647,0.5212910412504761,0.9574336336389604,395
48.6,OpenSky,158.52589069761592,19.8113628990633,0.517053790903288,3.319087647320343,3.304536034408108,0.0162601397403166,1,159.74333863231138,19.19713726956232,17,0.957033177785482,43.63740802869489,0.6564899021514102,1,158.94584027467974,20.277883395349424,0.5240619622413814,0.9188610672051732,435
48.7,OpenSky,158.81420441936268,19.97614776697507,0.5192354524682807,3.3208260243524106,3.309174976367623,0.0232391923693258,0,,,17,0.8582850890884551,40.81151990177559,0.7673313360865359,1,158.9917273332555,19.929023280963676,0.4947440115047286,0.9458630795688896,379
48.8,OpenSky,159.1023105669025,20.141648914961085,0.5214171140332735,3.322586074655087,3.264606837566915,0.0151465328331442,1,158.4378566079901,21.775151225978533,18,0.7045448078761144,42.51166620608083,0.7995610177446858,1,159.2568998035177,19.919997019883283,0.5176459064497028,0.947138148329422,397
48.900000000000006,OpenSky,159.3902092484374,20.30786729624458,0.5235987755982663,3.324367625670141,3.268586769527871,0.0250693610615397,0,,,16,0.981676245303718,41.637916861634174,0.8357940936511288,1,159.27576292504045,20.496319316615804,0.5198618674580335,0.8390871274497591,420
49.0,OpenSky,159.67790054947326,20.47480386316831,0.5257804371632591,3.3261705017632024,3.3743833809353614,0.0211940832860713,1,158.29448757884526,20.10748465387824,17,0.8353909922736541,45.58697156438575,0.6598910952332591,1,159.52974502754,20.388489157142644,0.5170000408893634,0.8524369095099282,489
49.1,OpenSky,159.96538453259012,20.642459566874752,0.5279620987282518,3.3279945242446987,3.291377731968548,0.0116456095856829,0,,,16,0.8686347603950404,41.0297470760061,0.7200420970450003,1,159.92800525590278,20.262362543290536,0.5583286768728986,0.9175188304893264,352
49.2,OpenSky,160.2526612372166,20.81083535698477,0.5301437602932446,3.3298395113911674,3.2532441106232266,0.0218167328399844,1,159.92182603525086,21.010621958777698,18,0.981127286854176,45.72824155817894,0.8273474828447382,1,160.55891691154227,20.894279689983733,0.5503542872021963,0.8339560654024166,442
49.3,OpenSky,160.539730679409,20.979932181274823,0.5323254218582374,3.331705278466939,3.319006581267827,0.0124431964190603,0,,,18,0.8514992815030186,42.912460959285205,0.7593057448187199,1,160.909352038143,21.11056326892204,0.5550745045930281,0.8722864219624648,430
49.400000000000006,OpenSky,160.82659285163473,21.149750985352707,0.5345070834232302,3.3335916377461885,3.3278039595655837,0.0249096940110621,1,159.9319395433276,22.435257623385414,16,1.0080166196122482,44.4036700953522,0.7784283262695053,1,161.2368978255593,21.38972553697144,0.5282808354695239,0.8198768846038635,435
49.5,OpenSky,161.11324772256015,21.32029271233192,0.5366887449882229,3.335498398535349,3.203726983513268,0.0199612159928795,0,,,17,0.8739634993515099,44.95378838687528,1.0961854026344564,1,161.59140064000175,21.552978473183845,0.5187857221290852,0.9441478941411412,467
49.6,OpenSky,161.39969523684292,21.491558302504732,0.5388704065532157,3.3374253671958964,3.3233795811831053,0.0310084781589491,1,160.81320949307062,20.68576892590128,17,0.9274126621316964,42.85028555020957,0.7954403287703643,1,161.46071381933717,21.31446461197983,0.5254098699085477,0.8079210955911902,447
49.7,OpenSky,161.685935314929,21.663548693014025,0.5410520681182085,3.339372347167482,3.3834968838165373,0.0269725010383339,0,,,17,0.9433094766680856,42.505025523367976,0.6693671933735326,1,162.07535429360675,21.769291336185425,0.5422038016658295,0.9124160554746528,432
49.8,OpenSky,161.97196785285408,21.83626481752384,0.5432337296832013,3.3413391389914344,3.360278945644702,0.01582256637434,1,163.03385309514874,22.87336269054236,17,0.9310823279384192,41.89818056461762,0.7619053826862998,1,161.94489235947725,22.096864060742263,0.5230808953209634,0.8271685415460999,422
49.900000000000006,OpenSky,162.2577927220497,22.0097076058889,0.545415391248194,3.3433255403346087,3.4705536062942244,0.0108008806257247,0,,,16,0.74846703680458,41.45554083527762,0.838981241140023,1,162.04137827099177,22.460260244356466,0.56133258825525,0.9774391087682668,477
50.0,OpenSky,162.54340976915387,22.183877983822967,0.5475970528131868,3.3453313460135887,3.41413260058082,0.017457373616166,1,164.42013306483284,22.71697707478837,16,0.8317175631108364,43.63187314606724,0.7604223952512293,0,,,,0.829035739705112,503
50.1,OpenSky,162.82881881582657,22.35877687256625,0.5497787143781796,3.3473563480192388,3.4279398364125964,0.0149919336256786,0,,,16,0.751414291125825,42.93737543874797,0.9838045787920175,1,162.96418202797886,21.78070749451086,0.5536942823862812,0.9892732469915314,431
50.2,OpenSky,163.11401965856962,22.534405188551773,0.5519603759431724,3.3494003355416,3.510255755238553,0.0309689590058815,1,164.14179491987872,23.44434531769864,18,0.9131004281011608,43.51701163054206,0.794799809764913,1,162.94423453302488,22.576458121229088,0.5533853606378933,0.9263839513585468,457
50.3,OpenSky,163.3990120685516,22.710763843070943,0.5541420375081652,3.3514630949951303,3.3898444695083887,0.0213680992739774,0,,,18,0.7841336828080372,39.17593484439905,0.9185501626098294,1,163.55426537606138,22.220658564163767,0.5403865253670594,0.7790058710827626,466
50.400000000000006,OpenSky,163.6837957914372,22.8878537419382,0.5563236990731579,3.353544410044284,3.357596319817399,0.0262971807160741,1,162.9981510342075,22.84659053572362,16,0.8350741190248553,42.59273267553069,0.8300962708744053,1,163.82864156682234,22.937469807174065,0.5424611488295903,0.937993126929241,430
50.5,OpenSky,163.96837054722155,23.06567578515491,0.5585053606381507,3.355644061629426,3.409877334373233,0.0199314306282571,0,,,18,1.0216631462710584,42.00986039805399,0.7172804487442114,1,164.39522858479884,22.762552141662592,0.5370233702456533,1.0,414
50.6,OpenSky,164.25273603006926,23.24423086657257,0.5606870222031435,3.357761827993082,3.317567826677797,0.0205342436958169,1,163.71625860910618,22.477956299025266,18,0.8904029505519013,42.665582745581325,0.8700556408587018,1,164.22881083696873,23.083711591745534,0.578063243083994,0.9261523479113912,367
50.7,OpenSky,164.53689190815822,23.42351987355533,0.5628686837681363,3.3598974847065177,3.358750558153674,0.0212470553182564,0,,,17,1.037228778981133,42.51230912583348,0.7980500207883172,1,164.31524436202128,23.497040754209426,0.5736302153434938,0.8848091083062429,433
50.8,OpenSky,164.82083782352834,23.603543686641945,0.565050345333129,3.3620508046966435,3.313526993498843,0.0271768725838429,1,164.64099867352903,23.183107363419715,16,0.8393571296204876,45.09076450400945,0.8866880485128326,1,164.84818076215586,23.566049641745455,0.5619681654795583,0.8552082138168872,412
50.900000000000006,OpenSky,165.10457339193505,23.78430317920715,0.5672320068981218,3.364221558273246,3.3785931265142977,0.0230060176181719,0,,,17,0.8608834848906624,42.1428622390879,0.9751367910919276,1,165.18625871628157,23.72314558370591,0.5590528604159828,0.8713208366588748,416
51.0,OpenSky,165.38809820270774,23.965799217122623,0.5694136684631146,3.366409513156538,3.3171613362534105,0.0158606833567996,1,164.91076256193264,22.771506025937526,18,0.6847424642830202,45.364366097454834,0.9371219205296786,1,164.93154901227092,23.88844711760463,0.563063044245141,1.0,463
51.1,OpenSky,165.6714118186131,24.14803265841751,0.5715953300281074,3.3686144345050253,3.317995511771879,0.0299042062185023,0,,,17,0.9721150460969686,40.31487970381404,0.6534332397389158,1,165.72290208635405,24.068274626781637,0.5567195490940602,0.9599275368004224,487
51.2,OpenSky,165.9545137757234,24.33100435293859,0.5737769915931001,3.370836084943688,3.3871079427669386,0.0198978865944875,1,166.56828111479163,23.579054654171262,16,0.9317857867027434,42.91836623457713,0.7516611477422224,1,165.6579272787704,24.614364210702085,0.5724928143107131,0.9225566090522528,428
51.3,OpenSky,166.2374035832895,24.51471514201019,0.5759586531580929,3.3730742245924707,3.3521017743978185,0.0190340169772514,0,,,16,1.0107528175798006,41.45222673366285,0.7151263867745578,1,167.00628879556407,20.38347102110005,0.7028155678203643,0.35,167
51.400000000000006,OpenSky,166.52008072361923,24.699165858093856,0.5781403147230857,3.3753286110950858,3.242670707894023,0.0066059133810728,1,166.2299122396124,24.96027716448444,17,0.8499019628709066,44.41536903510799,0.792920303686814,1,166.4085435388638,24.69689192407403,0.5819967842716585,0.8959080884367933,400
51.5,OpenSky,166.80254465196035,24.88435732444788,0.5803219762880785,3.3775989996481086,3.2733347165421667,0.0247801638464225,0,,,18,1.0617296180038256,42.95777855298758,0.9532940884137716,1,166.97265556080686,24.563044432243316,0.5911167675227902,0.7818505349793183,435
51.6,OpenSky,167.08479479638865,25.07029035478669,0.5825036378530712,3.379885143030383,3.296578208840057,0.0219951508042265,1,166.9362541415571,24.250673069334155,17,0.9547967830467484,42.811213163729455,0.8470564443294907,1,166.98605788756035,25.06943804435868,0.6060762618583726,0.9505625874493596,480
51.7,OpenSky,167.3668305577012,25.25696575294028,0.584685299418064,3.382186791632717,3.313809165131961,0.022007095423447,0,,,16,1.1262118920178874,42.42650805508864,0.71306781682084,1,167.2126834296239,25.495888099229248,0.5766125577701025,0.948996814661424,403
51.8,OpenSky,167.64865130931437,25.44438431251361,0.5868669609830568,3.384503693487878,3.3929909424086984,0.0193753177100026,1,167.3064806615201,25.93561540582834,17,0.8241684471390415,44.5564147171325,0.7239285368570967,1,167.73153528950422,25.639711924160896,0.5815988858673373,0.898331721320266,415
51.900000000000006,OpenSky,167.93025639716694,25.63254681654608,0.5890486225480496,3.386835594300865,3.3856479376654263,0.0184538635206553,0,,,16,0.8048555842895684,42.39138264467691,1.074376337893665,1,167.7532986935579,25.764375597390902,0.587913975967485,0.8496314837159761,374
52.0,OpenSky,168.21164513962856,25.82145403717125,0.5912302841130423,3.389182237479481,3.44045798953748,0.0195549261044834,1,168.68393857785097,26.62380394045865,16,0.8726686463718173,46.30882468832114,0.9605972138491092,1,168.26881315060655,25.813032872948305,0.5949875808638199,0.9295855727752024,399
52.1,OpenSky,168.49281682741284,26.011106735276687,0.5934119456780351,3.3915433641651758,3.4222240847146868,0.0239497978046092,0,,,18,0.958540038878668,43.035378150825125,0.7941356695239211,1,168.66638273148433,26.21231869954344,0.5867606249622659,0.8624183110400951,449
52.2,OpenSky,168.77377072349572,26.201505660164123,0.5955936072430279,3.393918713264171,3.445215071443014,0.0248752477182167,1,168.65724039364858,26.13164083385281,17,0.9689214661089548,40.67300995090085,1.0326315694960455,1,168.7176243763441,26.160920858381147,0.5814652473919724,0.9678642937216316,396
52.3,OpenSky,169.054506063039,26.39265154920997,0.5977752688080207,3.3963080214788626,3.418334415954198,0.0202897399295859,0,,,14,0.8121974774164926,43.39132977597504,0.8605168937238,1,169.38034463821094,26.26053965052684,0.6126808588417729,0.8724163059677533,401
52.400000000000006,OpenSky,169.33502205331885,26.58454512752623,0.5999569303730135,3.3987110233394864,3.395811466604019,0.0264876181130762,1,169.70517970210076,26.94125294576938,19,0.9048498510425768,43.74896001541115,0.6957792805293059,1,169.33742535212593,26.13800397741825,0.6081054963231174,0.9587211844459164,448
52.5,OpenSky,169.61531787365934,26.777187107621856,0.6021385919380062,3.4011274512360568,3.4497743917339614,0.0211213524705832,0,,,18,0.8771387946559206,43.20015423675204,0.7740081222721523,1,169.6159625691982,26.7252633791263,0.6181103815573299,0.862945447658333,422
52.6,OpenSky,169.89539267537134,26.970578189064685,0.604320253502999,3.4035570354505644,3.4390106986780555,0.0188881771371631,1,170.9941592212588,28.287863502999645,16,0.959007849431838,41.94218907203756,0.9039259901385268,1,169.59424075486388,26.552326618314257,0.6081202964679546,0.8426768581669298,409
52.7,OpenSky,170.17524558169632,27.16471905814393,0.6065019150679918,3.405999504189435,3.4091719729962926,0.0226531297831776,0,,,16,0.7600365103980536,42.93719001984224,0.8020560810635979,1,169.81546113294655,27.13616121669252,0.6092147585628624,0.90552167488162,418
52.8,OpenSky,170.4548756877553,27.35961038753336,0.6086835766329846,3.408454583616242,3.46266797757666,0.0145482853959032,1,171.0186695369475,28.40602643534425,17,0.9566751380460486,46.31786387529432,0.6187142900122253,1,170.52969923606665,26.750510649022928,0.5898168860198516,1.0,442
52.900000000000006,OpenSky,170.73428206050306,27.55525283595516,0.6108652381979773,3.4109219978846688,3.248533724462704,0.0228991800624631,0,,,18,0.9032423091566466,42.43533726191758,0.7080100751389333,1,170.6977757202717,27.40417564744696,0.6116228453203298,0.8930111578205457,377
53.0,OpenSky,171.01346373868728,27.75164704784461,0.6130468997629701,3.413401469171722,3.374677600572669,0.0136216190096066,1,171.5694833374208,28.930207932986924,18,0.9981056482282776,44.186094007884016,0.7229550313941094,1,170.82459863301435,27.73379649693993,0.5924516382763585,0.8012996861211701,487
53.1,OpenSky,171.292419732813,27.948793653015624,0.6152285613279629,3.415892717711183,3.3760483218034825,0.016366296079018,0,,,15,1.1364054283853793,43.09461282761243,0.8248199176061762,1,171.36118835770182,28.14063113376147,0.6128475983495734,0.891576273414204,433
53.2,OpenSky,171.5711490251121,28.14669326632713,0.6174102228929557,3.418395461827302,3.465254009058994,0.0112172791192731,1,171.52186098431247,27.29330977238884,17,1.0438175780951144,41.58397718663632,0.6039956315854695,1,171.74719343007598,28.1333724111413,0.6362682650103295,1.0,374
53.3,OpenSky,171.84965056951808,28.3453464873505,0.6195918844579484,3.420909417968725,3.4917134702552284,0.0208681681877801,0,,,16,0.7665809692097413,43.3562740795403,0.7702599887609466,1,171.69021927328933,28.43281283947508,0.6219009732990588,0.8657720532714107,484
53.400000000000006,OpenSky,172.12792329164566,28.54475390003797,0.6217735460229412,3.4234343007426515,3.3109173641325653,0.0302290471634148,1,172.77722700914995,29.91803926900905,16,0.8965588634920707,43.50716275706803,0.7988779883350996,1,172.08933755931156,28.631213243957863,0.6231712406501555,0.8696851380267893,374
53.5,OpenSky,172.40596608877595,28.74491607239216,0.623955207587934,3.42596982294922,3.488151461786547,0.0211853437841906,0,,,17,0.9328567094795972,44.61864644636796,1.007244383871556,1,171.88249178159447,28.487992188949377,0.6282401754972788,1.0,392
53.6,OpenSky,172.6837778298464,28.94583355613677,0.6261368691529268,3.428515695616116,3.33545926340356,0.0251292899627613,1,173.20859087581684,29.08352085543951,16,0.8720674531878767,43.91921227123889,0.7798609112819416,1,172.4899334892746,29.2147229860874,0.6385508715724009,0.9898816715449148,435
53.7,OpenSky,172.9613573554461,29.147506886388477,0.6283185307179195,3.431071628033395,3.339484255546916,0.0340206868141056,0,,,15,0.9667542501986393,43.8912220696089,0.7177713050512263,1,172.9274717624728,28.89767601552201,0.6061248228074172,0.8897480861657822,424
53.8,OpenSky,173.23870347781607,29.349936581330123,0.6305001922829123,3.4336373277885253,3.3947555442113804,0.0238277730806446,1,173.40816713204964,28.10325413959033,18,0.941085953629738,43.83515354242136,0.7172145743070174,1,173.2161102217116,29.39162094805582,0.6117216111588815,0.8465473171418417,417
53.900000000000006,OpenSky,173.51581498085488,29.55312314188527,0.6326818538479051,3.436212500801635,3.3950576206388474,0.0178037696168689,0,,,16,1.038809628975399,45.25714735299641,0.9078233756399506,1,173.67248128842468,29.51952553207432,0.6159262346323278,0.8530782468823859,419
54.0,OpenSky,173.79269062012918,29.75706705139411,0.6348635154128979,3.438796851360969,3.322166465032156,0.0185745828303478,1,173.12292346412295,29.036673007038207,14,1.0230861868548904,42.07525332061369,0.6045864970608879,1,174.00712534475963,29.998367703965588,0.5965056087068596,0.8908778038961517,459
54.1,OpenSky,174.0693291228895,29.961768775290896,0.6370451769778906,3.441390082158543,3.457860542730829,0.0218586033642645,0,,,19,0.9302331546784584,45.001976907517005,0.6707634599580435,1,173.8474016688464,30.12510550783005,0.6471339627494173,0.8544086899228291,419
54.2,OpenSky,174.34572918809116,30.167228760782876,0.6392268385428834,3.4439918943259986,3.4632116219649656,0.0185434125909692,1,174.63230629646225,30.11517510381324,15,1.0371825687819085,39.269386581159566,0.9342780323969272,1,174.27372251747707,29.88324505315005,0.6514083175504588,0.9528370495942072,506
54.3,OpenSky,174.62188948642012,30.373447436530803,0.6414085001078762,3.4466019874706486,3.488628578936287,0.0189207697392045,0,,,15,0.9414980471420376,43.95769842678556,0.8388916981791061,1,174.60312848757306,30.065378411643085,0.6492410466776835,0.913213916935414,418
54.400000000000006,OpenSky,174.89780866032422,30.580425212331157,0.643590161672869,3.44922005971171,3.3993066958227804,0.0269477485764423,1,175.0338001516987,32.032051423040066,18,0.875638640695236,41.90609802706235,0.8749408271064818,1,174.56107223844194,30.42017662505879,0.6465621224805416,0.924443217434788,413
54.5,OpenSky,175.17348532404927,30.788162478799972,0.6457718232378618,3.451845807716725,3.4269908207031934,0.0271523095266062,0,,,18,0.897669973652377,43.366762200742514,0.6643661090764229,1,175.13827140258795,30.48361018439309,0.635811283411682,0.9406330669113996,438
54.6,OpenSky,175.44891806368037,30.996659607058582,0.6479534848028545,3.454478926738153,3.4290934950500733,0.0131566303314035,1,174.40627408649374,29.828089815921597,17,0.9251810732171608,43.84834516765234,0.8479397343867037,1,175.25738261344685,30.78436683911457,0.6492247226371761,0.8888086667722174,463
54.7,OpenSky,175.7241054371882,31.20591694842105,0.6501351463678473,3.457119110650148,3.536546698859136,0.0175021832669963,0,,,18,0.8840371079430077,43.43869817602118,0.873828926900907,1,175.4611110439046,31.298555804965687,0.6613847985928563,0.8788790482564146,414
54.8,OpenSky,175.99904597448045,31.41593483408357,0.6523168079328401,3.459766051985501,3.266656377566501,0.0193994542693894,1,174.17876265345242,32.104906661272715,14,0.8329482840952415,43.530059535128814,0.6476046857812884,1,176.11906242408176,31.4484068217604,0.6536153812653986,1.0,493
54.900000000000006,OpenSky,176.2737381774583,31.62671357481585,0.6544984694978329,3.4624194419727456,3.385221439515661,0.0249830365089862,0,,,18,1.0012070191071614,42.21596847293266,0.696553676963229,1,176.2408218333576,32.00485415381238,0.6648049726658645,0.84440049048932,445
55.0,OpenSky,176.54864137502605,31.837654217391275,0.6544984694978329,3.4650789705734333,3.44767631335348,0.0060580216430703,1,177.51714929627298,33.480137196495185,17,0.8671998318011268,44.18256954025605,0.8247155858107699,1,176.5534050535722,31.3018710569226,0.6504964805041182,1.0,442
55.1,OpenSky,176.8237560294981,32.04875711655616,0.6544984694978329,3.467744326519558,3.387223878808913,0.0142416531998422,0,,,18,0.8122460080274418,43.248536867855805,0.8535087360997097,1,176.2378631366578,32.10147533570173,0.6613040110321853,0.88733043624336,436
55.2,OpenSky,177.0990825783997,32.260022608035456,0.6544984694978329,3.470415197351139,3.440803367561385,-0.0023261262870611,1,177.44750706217255,32.92846090633207,17,0.717658471231764,42.90850583383955,0.7191195476731498,1,176.74304664814068,32.73250340235037,0.66751438596427,0.8970533889307876,451
55.3,OpenSky,177.37462143437548,32.471451008462495,0.6544984694978329,3.473091269453947,3.449290016610939,-0.0020403814818591,0,,,15,0.7692044196569777,43.31165809841518,0.6740231239715659,1,177.79862222485792,32.33144148795797,0.66637171948924,0.9045736966681172,469
55.400000000000006,OpenSky,177.65037298510074,32.683042615311024,0.6544984694978329,3.475772228097378,3.4174438965700675,0.0031901048802586,1,176.04891475412384,32.68601107355606,16,0.9019164606934348,41.25708657654977,0.8013009038314838,1,177.46914158442388,32.22810799270124,0.6590954145310044,0.9279590574093056,437
55.5,OpenSky,177.92633759319602,32.89479770682955,0.6544984694978329,3.478457757472464,3.4661601939994764,-0.003434606404942,0,,,17,0.8095363770871513,42.93344146067228,0.7829227347478885,1,177.98301361502558,32.807584767286166,0.6588058083935082,0.9343049002662912,422
55.6,OpenSky,178.2025155961445,33.10671654197804,0.6544984694978329,3.481147540730016,3.5057264234309047,-0.0006103607673346,1,178.34107592460603,33.494575982534684,19,0.945237451011679,43.39030147235929,0.8804130332339825,1,178.282719686586,32.87029828139658,0.6682473243121172,0.8927372225037847,466
55.7,OpenSky,178.47890730621256,33.31879936036689,0.6544984694978329,3.4838412600189037,3.4543162520397326,-0.00205406891146,0,,,18,0.8204864154798804,41.78783970511703,0.8667734814469471,1,178.156225186721,33.15860216129608,0.655420976371488,0.9269002522017736,353
55.8,OpenSky,178.75551301037328,33.531046382198305,0.6544984694978329,3.4865385965244498,3.4442786989098826,-0.0136053631958627,1,177.91781500456958,33.035965770142155,16,0.8204987571044109,42.35972499029148,0.8489058776832273,1,178.63200071095116,33.31591882753315,0.6639498561770223,0.9486181600362243,422
55.900000000000006,OpenSky,179.03233297023309,33.74345780820996,0.6544984694978329,3.4892392305069544,3.466567823956675,0.0007539784377639,0,,,17,0.8934741740561701,42.716208370236615,0.6407193619672998,1,178.9827415151708,33.58244545855255,0.6406837102198679,0.8651569839370079,437
56.0,OpenSky,179.30936742196144,33.95603381962106,0.6544984694978329,3.4919428413403297,3.4795388454919083,-0.0008808360556901,1,179.247089322685,33.48085606199045,14,1.0196444514172185,42.46975928490508,0.9122509254524422,1,179.66018253364692,34.03367522801037,0.693260412260507,0.847289602305747,425
56.1,OpenSky,179.58661657622358,34.16877457808072,0.6544984694978329,3.4946491075508463,3.3792325422124305,0.0067301144100417,0,,,17,1.004452215851359,42.41050509243681,0.916020727900866,1,179.81608021840773,34.36902440746711,0.6519902855102488,1.0,463
56.2,OpenSky,179.86408061811633,34.381680225618744,0.6544984694978329,3.497357706855988,3.512608910795837,9.433197642954944e-05,1,179.7517529473159,33.16051884840335,19,1.048047690723662,43.22446989766893,0.8708226990525504,1,179.71883327011318,34.69664236934148,0.6205068128200328,0.9446088384997674,466
56.3,OpenSky,180.1417597071071,34.594750884598746,0.6544984694978329,3.500068316203407,3.4602600699614303,-0.0065138195250454,0,,,16,0.9778455414748706,41.94711082067701,0.7118357531997204,1,180.1416795509785,34.55461089332546,0.6485046285697873,0.9660581446619184,447
56.400000000000006,OpenSky,180.41965397697575,34.80798665767368,0.6544984694978329,3.502780611809976,3.569330967170381,-0.0012989280900636,1,181.4800526776313,34.08032950658481,18,0.9234194114602012,45.88820929666417,0.943552199877348,1,180.7021056491349,34.33521221656897,0.6408290124659843,0.8537239390473543,391
56.5,OpenSky,180.69776353576003,35.021387627743735,0.6544984694978329,3.50549426920093,3.531373645136508,-0.0109697295138355,0,,,16,0.9199155912339204,41.81037652886921,1.0054710758205023,1,180.55218822708943,34.826337179717896,0.6818392188732822,0.96985702462411,416
56.6,OpenSky,180.97608846570336,35.234953857916594,0.6544984694978329,3.5082089632491047,3.5670886193583686,-0.0063703376131944,1,180.6724925509353,34.419257339886734,16,0.9902785098054614,43.41886709374754,0.8473047095318235,1,181.3474531502773,35.269865084575315,0.6821417349868675,0.8749315759971601,464
56.7,OpenSky,181.25462882320667,35.44868539147015,0.6544984694978329,3.5109243682142446,3.437624728735801,0.0033458054804331,0,,,15,0.963792011251792,41.4696679623055,0.937665254650258,1,181.61014194039464,35.06344707954677,0.6550340781364956,0.9399825154424934,416
56.8,OpenSky,181.53338463878248,35.66258225181754,0.6544984694978329,3.5136401577823984,3.478450868964089,-0.0012318289220935,1,181.07069636400905,35.90554610245574,17,0.832360162809355,43.65737498811077,0.9959921274056128,1,181.7142156297496,36.03589407993564,0.6541523095917605,0.9297670545464348,464
56.900000000000006,OpenSky,181.81235591701284,35.876644442474664,0.6544984694978329,3.516356005105386,3.4290903452307138,0.0048946574513203,0,,,15,1.108618981622131,43.734106825242165,0.820802856929708,1,182.0753522468633,35.74313806713641,0.6381835552924926,0.9512130497317332,448
57.0,OpenSky,182.09154263650987,36.09087194703004,0.6544984694978329,3.519071582840331,3.4639279575350552,-0.0102342044554491,1,182.57785751711265,35.292097429642645,17,0.8567216108578303,42.372540004446094,0.6747414683366336,1,181.86864688830133,35.936417571200025,0.6606704694898018,0.8178618254189732,444
57.1,OpenSky,182.37094474987975,36.30526472911711,0.6544984694978329,3.52178656318926,3.587582486660206,-0.0012862041478673,0,,,16,0.9138592103016566,40.995775268181376,0.8007425947186033,1,182.442344585252,36.11616218990148,0.6589980673123716,0.92473452541631,401
57.2,OpenSky,182.65056218368983,36.51982273238895,0.6544984694978329,3.524500617938759,3.60046321113566,-0.002525383739882,1,182.57815879721872,36.968772736673046,18,0.8565518352420456,42.17348812091999,0.843984779307527,1,182.54487192885944,36.32628535365366,0.6631249032841451,0.9496450211458248,424
57.3,OpenSky,182.9303948384385,36.7345458804954,0.6544984694978329,3.5272134184996857,3.445134069304237,0.0049933657556601,0,,,17,0.9703593251504404,44.31900369615784,0.7633264307282062,1,182.98691551488216,36.79692962580482,0.6449348388487754,0.9260654942550424,353
57.400000000000006,OpenSky,183.210442588529,36.9494340770626,0.6544984694978329,3.529924635946928,3.4902487554943007,0.0034977420761301,1,182.1477619760058,37.77587913453524,18,1.0784969174899093,42.47001266882631,0.7241955861747446,1,182.84744400610063,36.99235362394877,0.6620244904925756,0.9869076424074026,486
57.5,OpenSky,183.4907052822456,37.16448720567498,0.6544984694978329,3.5326339410592102,3.5179819638724346,0.0033739991279737,0,,,19,0.8925525627040836,40.9632477837916,0.7855025233513199,1,183.77142536284543,37.04201537351072,0.65024977576625,0.9306249740484924,387
57.6,OpenSky,183.77118274173324,37.37970512985964,0.6544984694978329,3.535341004358937,3.560815622849056,0.0081155595591658,1,184.5993098983052,38.10769534375839,19,0.7846488719434023,42.39528954663161,0.9475490218105312,1,183.84925198720308,36.69255884236546,0.677669840060517,0.9106874344899376,468
57.7,OpenSky,184.0518747629807,37.59508769307317,0.6544984694978329,3.5380454961520744,3.4233887594483723,-0.0019022330905198,0,,,17,0.8651002249457906,42.0914754022192,0.854517522037485,1,184.13483525907597,37.70394224068009,0.6630240847345066,0.8768273137712987,420
57.8,OpenSky,184.33278111580623,37.81063471869092,0.6544984694978329,3.5407470865680555,3.4369399350672944,0.007019344407078,1,183.4462541160096,38.33503334385182,17,0.8127014568902116,45.707758719065325,0.9194189789013856,1,184.52839594596196,37.56314478060647,0.6414617074422959,0.90389512483981,415
57.900000000000006,OpenSky,184.61390154384688,38.02634600999868,0.6544984694978329,3.543445445599718,3.5652366830495623,-0.0053872150964054,0,,,17,0.9820389509492872,42.395941156889805,0.9969434402585222,1,184.0436033800735,38.22931877271435,0.6691712206965552,0.8176428401028846,372
58.0,OpenSky,184.8952357645508,38.2422213501868,0.6544984694978329,3.546140243143261,3.416747785224517,-0.0056288741232586,1,185.15582983928715,39.37973685718968,18,0.8210503348096481,43.41413644667456,0.8619027663788803,1,184.68453002064868,38.38213712152268,0.6676924293952813,0.9790863767993104,453
58.1,OpenSky,185.17678346917268,38.4582605023467,0.6544984694978329,3.5488311490382083,3.507261270752377,0.0039592190061859,0,,,18,1.0129897716717196,43.10838632728972,0.6903316955549053,1,184.8292602275289,38.540020908105966,0.6532292800657999,0.949471599505366,417
58.2,OpenSky,185.45854432277264,38.67446320946993,0.6544984694978329,3.551517833107397,3.546045901533484,-0.0079136081930305,1,185.6526077270985,38.83759763100064,18,0.7844300217711567,40.70381331581319,0.8952637660683624,1,185.70227327187035,38.72772034786279,0.6483294858798248,0.8398227719095084,448
58.3,OpenSky,185.74051796421784,38.89082919444952,0.6544984694978329,3.5541999651969607,3.56204815444132,0.0029342102716206,0,,,17,0.9093737361313836,43.09910302588974,0.821565685436244,1,185.2958824261605,38.60235389767818,0.6586740934684983,0.8046850978419767,450
58.400000000000006,OpenSky,186.0227040061876,39.10735816008388,0.6544984694978329,3.5568772152163186,3.536282667560971,0.0005287133216261,1,185.9333939700521,38.99880326968783,18,0.8748533048239221,44.338909078386806,0.7099031766031527,1,186.09532927374053,39.24768757114372,0.679925124100647,0.9746909658226204,385
58.5,OpenSky,186.3051020351816,39.32404978908304,0.6544984694978329,3.5595492531781585,3.5247493465868334,0.0055977585148338,0,,,17,0.8134304560287331,43.95819622934184,0.7348225022666799,1,186.02537989823205,39.818015502630885,0.6331324777323339,0.8607187410868687,412
58.6,OpenSky,186.5877116115313,39.5409037440774,0.6544984694978329,3.5622157492384137,3.5978013618957947,-0.00039227453933,1,186.29812806569407,39.70464221089038,17,1.0830572933846454,42.95711282815109,0.9790936805834444,1,186.5393107403981,39.54488836523495,0.6496024092963135,0.9238997745815546,516
58.7,OpenSky,186.87053226941416,39.7579196676289,0.6544984694978329,3.564876373736224,3.5667417732143725,0.0001777753781029,0,,,18,0.8848009382939593,43.93740458579741,0.687628438080545,1,186.3521638565471,40.00008160104772,0.6851145209079923,0.8965225901593112,495
58.8,OpenSky,187.1535635168719,39.97509718224456,0.6544984694978329,3.567530797233879,3.5133693775301897,0.0024951827199552,1,187.38489348190515,40.69887847450333,18,0.9500616331213002,42.726110971663005,0.9517287735752784,1,186.70571358602575,39.97858753580564,0.654020433348796,0.9660963845277702,375
58.900000000000006,OpenSky,187.4368048358309,40.19243589039253,0.6544984694978329,3.57017869055674,3.5556543951663846,-0.0036354167687344,0,,,18,0.8118200998525282,40.04985390801188,0.8208190160905483,1,187.38807268375112,40.257485910104414,0.6617338260536179,0.888486900796951,457
59.0,OpenSky,187.7202556821264,40.40993537452052,0.6544984694978329,3.57281972483313,3.5798385545427363,-0.0038485753132247,1,188.45076650475613,40.36837643673763,15,0.8723496181878528,44.30215535734692,0.7876067442435696,1,187.6117974042765,40.36517564255495,0.6232106530746435,0.9080265668150604,429
59.1,OpenSky,188.0039154855297,40.62759519707665,0.6544984694978329,3.575453571534196,3.660015372961449,0.0023633549396794,0,,,17,0.8537581742035513,40.19978337007795,0.759077648180624,1,188.0524688528212,40.74413536486322,0.6488121320059017,0.8776462024942351,453
59.2,OpenSky,188.28778364977853,40.8454149005328,0.6544984694978329,3.5780799025137284,3.6052191283234887,-0.0002517699962149,1,188.2414422148116,40.06967653075656,18,0.8964392273482666,40.25184559318021,0.758487901097581,1,188.29152234489635,40.87871841380555,0.6441746228007781,0.880447713063179,452
59.3,OpenSky,188.57185955261053,41.063394007410274,0.6544984694978329,3.5806983900479423,3.633610530735647,-0.002278958218566,0,,,17,1.0683859503572894,43.3815479032854,0.9385688499583626,1,188.38298178767064,41.17736418571792,0.6372108847812528,0.8690057998424204,391
59.400000000000006,OpenSky,188.85614254579997,41.281532020307935,0.6544984694978329,3.5833087068752087,3.526178403371884,-0.0005666779315241,1,188.2464037495965,41.277920692805935,16,0.984772933358772,42.58339740648911,0.765090095444936,1,189.13936938930144,41.18513489083879,0.6563027287543743,0.9281331845616184,429
59.5,OpenSky,189.14063195519745,41.49982842193279,0.6544984694978329,3.5859105262357347,3.5352940921946634,0.0082112176968771,0,,,15,0.8808411775785961,41.35061625488046,0.690736529407717,1,189.1693324976648,41.58589232254637,0.6525893248086501,0.983561330682932,460
59.6,OpenSky,189.42532708077292,41.718282675132926,0.6544984694978329,3.5885035219111865,3.558374647756166,-0.0024220708025849,1,189.13484631290763,42.20366670254958,17,0.8960844760312766,43.57230044685473,1.0385780509469238,1,189.13007867510052,41.67429029987084,0.6462114889611983,0.9004693450722783,369
59.7,OpenSky,189.710227196662,41.936894222932885,0.6544984694978329,3.5910873682642506,3.5660336570198523,-0.0025475317104242,0,,,16,0.8968167076236101,40.77713991535325,0.8151994420133916,1,189.73052418404103,42.15634742578084,0.6422613066504659,0.8786134058170094,446
59.8,OpenSky,189.99533155121463,42.15566248857144,0.6544984694978329,3.593661740278129,3.5206906740964543,-0.0089476139410264,1,189.5204989987546,42.56608064196519,17,1.009710237513437,41.713551902861184,0.8570407529819127,1,190.09854556943748,42.064076834297126,0.6694742565747815,0.923550646551904,412
59.900000000000006,OpenSky,190.2806393670481,42.37458687554178,0.6544984694978329,3.5962263135959645,3.6572992105577935,-0.0002615435453538,0,,,16,1.013778948358702,44.98193879582129,0.9364807148140992,1,190.5179350970248,42.66940585374894,0.6629224251284431,0.9191106675453546,438
60.0,UrbanCanyon,190.5661498411021,42.59366676763404,0.6544984694978329,3.5987807645601837,3.639942995370757,0.0033627885328908,1,195.55106529364517,42.41376299225585,7,2.899401867452623,24.98438572897802,4.913407848951742,1,191.5356212130674,42.39949268366127,0.6891581415624768,0.8914749705845169,310
60.1,UrbanCanyon,190.85186214469735,42.812901528980326,0.6544984694978329,3.601324770251768,3.568559343189416,0.0042848595204191,0,,,8,3.2617956222824094,27.170433533136425,5.2682593022642425,1,191.11126536035133,43.531951265958256,0.6326272276964171,0.6888965968177109,327
60.2,UrbanCanyon,191.1377754235976,43.03229050410201,0.6544984694978329,3.603858008529436,3.628848469281875,0.0004697750700599,0,,,11,2.9980526458543038,26.06195969948845,3.9562866034604993,1,191.25014963358484,43.17229380218306,0.6602291656839148,0.7081125139981088,334
60.3,UrbanCanyon,191.423888798074,43.251833017959456,0.6544984694978329,3.606380158068728,3.605008363310697,0.0048845411656535,0,,,9,2.660421150293625,26.282474698242897,5.823972974943244,1,191.64986263875943,43.019393073805865,0.6749833952286806,0.7432740216070334,308
60.400000000000006,UrbanCanyon,191.7102013629733,43.47152837600416,0.6544984694978329,3.608890898401009,3.6359838873124968,0.0036780614170854,1,197.7156579048769,44.287949530998304,7,2.4296727041129094,29.474935689389447,5.609971435376526,1,191.45163840710893,43.20936200048331,0.6558962940116357,0.7664110148386185,326
60.5,UrbanCanyon,191.9967121877888,43.69137586423317,0.6544984694978329,3.611389909952362,3.5192785418007038,0.0056874281612596,0,,,6,2.860834326942252,28.320803248925348,5.183115771576471,1,192.4546724365076,43.596145395462905,0.6794367347533026,0.6646404547724181,298
60.6,UrbanCanyon,192.28342031673424,43.91137474924596,0.6544984694978329,3.6138768740823775,3.5955150517629204,0.0049970389448314,0,,,7,3.3050173390466027,28.57637164526395,4.023848977054214,1,192.35369123076276,43.672538364619335,0.6463535927388562,0.8737657050146077,272
60.7,UrbanCanyon,192.5703247688212,44.13152427830355,0.6544984694978329,3.61635147312284,3.602923200956148,0.0080390346872308,0,,,8,2.8062767378319604,28.84097275802154,4.538547629518281,1,191.5606283196292,43.952710349477975,0.67115503135593,0.8824676664505209,367
60.8,UrbanCanyon,192.85742453793893,44.35182367939011,0.6544984694978329,3.618813390416296,3.6410322690332735,-0.0011176021613204,1,194.50672839430084,46.045457408374006,7,3.129743702745991,29.565483906148536,4.02002470403637,1,193.1788674705664,45.09054798825522,0.6470115183142382,0.7973322763453544,289
60.900000000000006,UrbanCanyon,193.144718592938,44.57227216127678,0.6544984694978329,3.6212623103545,3.564811167800688,-0.0072556245673177,0,,,7,2.895772796047763,26.596645388242692,3.978482416945699,1,193.58702491182987,44.88974938474968,0.6224842708180285,0.7155052460993965,326
61.0,UrbanCanyon,193.43220587771623,44.792868913587895,0.6544984694978329,3.623697918416748,3.4526601949727382,0.0032149223172275,1,191.29127234388585,43.24567752883725,8,2.792967385621552,27.88784331079975,6.618475865414304,1,192.9839521729033,45.33085229020431,0.6781964669336666,0.8194002874887797,277
61.1,UrbanCanyon,193.71988531130825,45.01361310686952,0.6544984694978329,3.626119901208072,3.540192375212618,0.0038722358195769,0,,,9,2.595329439801913,27.423415762697505,5.261513893324995,1,194.2801610048836,44.53110794013577,0.6810054670009773,0.7452647170473647,290
61.2,UrbanCanyon,194.0077557879776,45.234503892660285,0.6544984694978329,3.628527946497312,3.604766617288652,0.0080334914525265,1,192.9852497265176,50.74241754494055,6,3.3709153154555525,26.42705062234288,4.922194977497437,1,193.9919158484102,44.541200258936136,0.6761419622132481,0.8083403694754189,361
61.3,UrbanCanyon,194.2958161773124,45.45554040356455,0.6544984694978329,3.630921743255038,3.612955044978954,0.0065404987215444,0,,,9,2.82352494184349,30.76887910119208,5.186244267273615,1,194.31083992600696,45.65121354860956,0.6824839568671992,0.8201223972183179,340
61.400000000000006,UrbanCanyon,194.5840653243232,45.676721753327854,0.6544984694978329,3.633300981691346,3.7140925444697417,0.0099983559193358,1,193.9222954951952,46.80509938091088,8,3.186094661906333,29.39833592076466,4.541433396358179,1,195.44624011612743,45.35002092300931,0.622528953986563,0.7542465699266331,356
61.5,UrbanCanyon,194.8725020495449,45.89804703691469,0.6544984694978329,3.6356653532934975,3.651617062518008,0.0030775737215354,0,,,9,2.419767580859854,31.23772523949596,5.0769007859703965,1,195.10832592889523,46.19805961477159,0.6804959120026335,0.6819546794690993,343
61.6,UrbanCanyon,195.16112514914045,46.11951533058849,0.6544984694978329,3.638014550863408,3.622889250546137,0.000991219264377,1,196.3330133733622,48.4693450706603,7,2.9910704770281424,28.047009301202884,5.123747135464399,1,195.26368385130044,46.21615602484036,0.6908363838677003,0.7735802050712449,310
61.7,UrbanCanyon,195.4499333950086,46.34112569199397,0.6544984694978329,3.640348268554989,3.6161195037985,-0.0074551515855151,0,,,8,3.022046297771,27.96144377020932,5.639501559749674,1,195.4162519341148,46.89182757500588,0.6247401655873186,0.7682947066643202,337
61.8,UrbanCanyon,195.73892553489384,46.56287716024169,0.6544984694978329,3.642666201911316,3.687397362870223,0.0013825351859089,0,,,10,2.9901655586301032,29.87031685092869,5.096802347559288,1,197.7521991757534,41.67678379672911,0.7285430499880414,0.2938681161804563,127
61.900000000000006,UrbanCanyon,196.0281002924996,46.78476875599485,0.6544984694978329,3.644968047901652,3.5882023486934385,-0.003103178499622,0,,,8,2.9308660893671434,31.11079046227222,5.744159045513488,1,196.3477408723343,46.795486381323606,0.6626130957672083,0.7384641822695328,311
62.0,UrbanCanyon,196.3174563676044,47.00679948155839,0.6544984694978329,3.6472535049582775,3.6188205824048,0.0009517775434564,1,206.9317502920448,40.920049645853695,9,2.77851140019848,30.88835853397373,4.894777786183426,1,196.26795552542328,48.13755439086785,0.6561553366197446,0.8433952032273235,317
62.1,UrbanCanyon,196.6069924361806,47.22896832097024,0.6544984694978329,3.649522273013172,3.566804931656673,9.510378696031648e-05,0,,,4,3.0921701221583997,30.03437998479474,4.491450922635204,1,196.51554598638967,47.49353971299123,0.655857409370106,0.8521556538457306,333
62.2,UrbanCanyon,196.89670715051665,47.45127424009489,0.6544984694978329,3.651774053534501,3.723000543997834,0.0022615107828762,1,204.64037396475305,41.88294551078333,9,3.270537309631864,29.796287830123827,4.797709561423128,1,196.72717058768973,48.08400752294752,0.6519545242411673,0.8400660055107549,370
62.3,UrbanCanyon,197.1865991393415,47.67371618671908,0.6544984694978329,3.6540085495629233,3.665809898311837,-0.000715312773885,0,,,7,2.869032133940097,28.488515066166364,4.25250229276423,1,197.1172957929508,47.6645996582014,0.6604550752931098,0.8042628851989507,372
62.400000000000006,UrbanCanyon,197.4766670079524,47.89629309064973,0.6544984694978329,3.6562254657477222,3.601259924696745,0.0046273747563913,1,202.0299705751648,43.80498653116185,9,3.08202180271169,28.74422284513295,4.433683116152666,1,197.8151816186552,46.91183435350963,0.7027641121578143,0.7821148262284213,347
62.5,UrbanCanyon,197.76690933834527,48.11900386381408,0.6544984694978329,3.658424508382734,3.638762506168915,-0.0145806781382326,0,,,6,2.6933084439207327,30.172816390305936,5.351431686535215,1,197.97482593780052,49.196019089953545,0.6474654671239337,0.859851403693789,329
62.6,UrbanCanyon,198.05732468934812,48.34184740036194,0.6544984694978329,3.660605385442083,3.680388301619399,0.0007261191377463,1,193.285020695986,50.961193732791735,8,3.223911432841681,28.54431157128994,5.639715205513194,1,194.87501083757908,49.03958859549412,0.5631922831498186,0.2624066587007893,152
62.7,UrbanCanyon,198.34791159675717,48.56482257677018,0.6544984694978329,3.662767806615727,3.635388700906811,0.0060386150020362,0,,,7,2.9341448919381583,26.71112495138587,4.863446943439848,1,198.14844633685084,49.42375219840205,0.6450555483252431,0.8609071236506686,294
62.8,UrbanCanyon,198.63866857347548,48.78792825194932,0.6544984694978329,3.6649114833447847,3.6191181719071617,0.0095125212929075,1,198.4780745048517,47.60445485371045,8,2.329629577429916,30.235352575099785,5.971965684061063,1,199.0708094742825,49.10288198827827,0.606406034995818,0.8917959232230913,307
62.900000000000006,UrbanCanyon,198.9295941096552,49.011163267352245,0.6544984694978329,3.667036128856666,3.615672248341145,0.0035527236256602,0,,,6,3.109229919775736,28.80005041750129,4.627265926312952,1,198.82169575255423,49.33843806821847,0.6713088777339458,0.7526855434190365,307
63.0,UrbanCanyon,199.2206866728416,49.23452644708513,0.6544984694978329,3.6691414581999857,3.680911546178635,0.008525936441462,0,,,7,3.1643399396080083,28.722254866632596,6.132488723847502,1,199.42299570657784,48.93474003776273,0.6770046918328161,0.7524540480456547,320
63.1,UrbanCanyon,199.51194470812055,49.45801659802037,0.6544984694978329,3.671227188279257,3.643217816345626,0.0005924489207473,0,,,7,2.8180921837935218,28.795997846709284,5.226585340735706,1,200.04424810008305,49.49990951952533,0.6700372867886419,0.7977171728160691,333
63.2,UrbanCanyon,199.8033666382684,49.681632509911694,0.6544984694978329,3.6732930378893727,3.641165645218011,-0.0002921340231081,1,195.6983153939553,54.158322270605424,8,2.4991249086558813,25.581635570188496,4.339602456493229,1,200.0454362413281,50.12728371765562,0.6397328325745364,0.701353147767507,404
63.3,UrbanCanyon,200.0949508639046,49.90537295551129,0.6544984694978329,3.675338727749854,3.5901984858287586,0.0024614739635724,0,,,7,2.9160169860954026,27.84153833370145,6.022912126095368,1,200.74503986307417,49.1069414392308,0.6944984413312385,0.8389824312364705,375
63.400000000000006,UrbanCanyon,200.3866957636473,50.12923669068908,0.6544984694978329,3.677363980538874,3.6753986469661295,-0.000303533003186,1,193.90957133888,45.04808005365682,7,3.1837997629429795,29.11634258722383,4.95492254273513,1,200.34399161098605,50.16141470251346,0.6861535307727928,0.702453224178517,312
63.5,UrbanCanyon,200.67859969427133,50.35322245455399,0.6544984694978329,3.679368520927047,3.663204963287137,-0.0043619293174323,0,,,6,3.540432822129356,30.440240163386957,4.983783981641109,1,201.25430710256572,49.99094498873988,0.6715866340009953,0.7971407025196185,311
63.6,UrbanCanyon,200.97066099086877,50.577328969577295,0.6544984694978329,3.681352075610979,3.659863405444463,-0.0029121840958112,1,202.54570878078627,42.90625928910307,7,2.41954427448713,27.87790452915382,5.666869839901045,1,201.04314161890423,50.30275056329803,0.6409453774994955,0.7738588225899289,334
63.7,UrbanCanyon,201.26287796701249,50.80155494171797,0.6544984694978329,3.683314373346581,3.692311904214447,-0.0060241607176925,0,,,8,3.090906658318827,30.86693151018998,3.583637619849057,1,203.99413864772865,48.77890989267273,0.8124586214529335,0.2840401679030755,167
63.8,UrbanCanyon,201.55524891492217,51.02589906055006,0.6544984694978329,3.6852551449821287,3.725974013135217,0.0025668514183248,1,203.4984971462408,46.547612323295766,9,2.9122856390341654,31.040589382334986,4.687899719814127,1,201.8636507120294,51.34430343472408,0.6882639928741434,0.7390802625269656,346
63.900000000000006,UrbanCanyon,201.84777210563288,51.25035999939209,0.6544984694978329,3.687174123491086,3.723928091636266,-8.312661898212797e-05,0,,,9,2.691569458655923,30.200872831415108,5.203031249289522,1,201.92261377918555,50.77310631294476,0.6612772841638135,0.6875903453843834,317
64.0,UrbanCanyon,202.14044578916617,51.47493641543837,0.6544984694978329,3.689071044004661,3.717648889988941,-0.0020365528100309,1,198.47695594095688,55.91392116874876,7,4.683780241867913,19.87217055510302,8.268966677178888,1,202.8520935621819,51.10523693211581,0.6848941145642646,0.7764602882977879,323
64.10000000000001,UrbanCanyon,202.43326819470389,51.69962694989236,0.6544984694978329,3.690945643844112,3.674329729520323,-0.0031927168995122,0,,,8,3.852594477636377,29.543903328839225,4.1582675908608335,1,203.3039421140308,51.137302994176366,0.6583435460386315,0.7848924692646736,328
64.2,UrbanCanyon,202.72623753076448,51.92443022810192,0.6544984694978329,3.6927976625527936,3.652584738088972,0.0024471323026558,1,199.3401718129149,51.97761836781739,9,2.995907458049057,27.119205806765265,4.304337814495427,1,202.2996008675541,52.20861212768197,0.6475242616586101,0.767902722106543,321
64.3,UrbanCanyon,203.0193519853818,52.14934485969651,0.6544984694978329,3.6946268419279353,3.6259507811590135,0.0038982174738888,0,,,6,2.836892862611628,29.151803847382865,4.676380177983265,1,202.64543851457805,51.86736227054776,0.6262636596666349,0.9241020165571868,370
64.4,UrbanCanyon,203.3126097262864,52.37436943872634,0.6544984694978329,3.696432926052147,3.6521798267270977,-0.0061079916978488,1,198.0516453128041,55.83407792020064,7,2.8352092215434754,28.530491280715413,4.184808741310902,1,203.95356479670508,52.749100225150585,0.6765298628322425,0.8768465023893977,328
64.5,UrbanCanyon,203.60600890108933,52.599502543803375,0.6544984694978329,3.698215661324661,3.694781295513317,-0.0069017881560658,0,,,8,2.6731327955787143,27.84491493555256,5.045748976262203,1,203.57142762334004,52.78388315236114,0.6626347892711562,0.8283074112846209,349
64.60000000000001,UrbanCanyon,203.89954763746843,52.824742738244254,0.6544984694978329,3.6999747964922887,3.648546737621485,0.0048233085503747,1,199.937601884034,51.96490647615274,6,2.6879524328117403,29.430607433610174,5.3981951407073705,1,204.2701573940657,52.69631164335748,0.6355843911494978,0.7747561384622697,371
64.7,UrbanCanyon,204.19322404335685,53.050088570215074,0.6544984694978329,3.7017100826801017,3.702454728209613,-0.0074486487291979,0,,,7,3.2110936525063005,27.67129614151749,5.00201697751981,1,204.5941848205072,52.775074548063046,0.6237450779929818,0.7152520925221542,406
64.8,UrbanCanyon,204.48703620713437,53.27553857287802,0.6544984694978329,3.703421273421829,3.641015464685512,0.0026481762927152,0,,,11,2.606370086884104,29.44633719658686,5.219070992188937,1,204.79851884265705,53.288652646452384,0.6403297560334122,0.7883047040034197,347
64.9,UrbanCanyon,204.78098219782063,53.50109126453982,0.6544984694978329,3.7051081246899646,3.597841356673905,0.0082250078126044,0,,,7,3.2694145542173216,28.760206422373194,5.4881850019322815,1,205.0751641561089,53.12487750236787,0.6296175940515285,0.8340826461245663,327
65.0,UrbanCanyon,205.07506006527132,53.72674514880202,0.6544984694978329,3.706770394925582,3.746050614510743,0.0082039697543543,1,201.37529296878188,65.19107261017753,7,5.515238366690998,21.72390135439814,10.040076925910302,1,204.5617750897223,54.0669882550567,0.6535222401398575,0.8030744323308072,334
65.10000000000001,UrbanCanyon,205.36926784037604,53.95249871471307,0.6544984694978329,3.708407845067861,3.67021520567116,0.0035169572863716,0,,,8,2.987316508593397,31.07911164332445,5.9945712406138565,1,205.5697361258777,53.7146295709842,0.6708799789435198,0.8354333463199224,296
65.2,UrbanCanyon,205.6636035352589,54.17835043692219,0.6544984694978329,3.710020238583304,3.651347635410209,0.003391790955131,1,203.48238816987453,52.53799543856151,9,2.9221678850934496,27.458595263416207,4.018398025313203,1,205.61601187119552,53.804854929084726,0.6786424642641418,0.8399426068504063,302
65.3,UrbanCanyon,205.9580651434813,54.40429877583493,0.6544984694978329,3.711607341494668,3.637065976780984,0.0113854788398296,0,,,6,3.075210561143921,28.93412961074119,6.070931718720577,1,208.34299868889505,56.67339756076261,0.7501961386281666,0.2765212387449745,140
65.4,UrbanCanyon,206.25265064024725,54.6303421777706,0.6544984694978329,3.7131689224095688,3.7276922600867297,-0.0125845007473348,1,211.2488535100669,53.83580856634822,8,3.0256235754633414,29.540980210332883,5.613680055897399,1,201.1212891946388,52.20662705308246,0.761716865088661,0.2379851517026901,150
65.5,UrbanCanyon,206.5473579826103,54.8564790751213,0.6544984694978329,3.714704752548795,3.780838699972786,-0.002804297141691,0,,,6,3.606181589497205,30.390545993206327,6.632263046344048,1,207.16457461925336,54.24127098700713,0.6268965822474981,0.8021721380052215,323
65.60000000000001,UrbanCanyon,206.8421851096833,55.08270788651272,0.6544984694978329,3.7162146057743,3.6733914598692303,0.0040984825898566,1,208.58338193796516,54.48335107902209,9,2.878025354598854,29.7282425677392,5.800339946011096,1,207.06916966745072,55.83301645404603,0.6289131668527945,0.8024395523686194,319
65.7,UrbanCanyon,207.13712994285015,55.30902701696659,0.6544984694978329,3.717698258616881,3.684868707559362,-0.0020954519102094,0,,,8,2.945899069454215,31.490617901556323,5.915523332825159,1,206.92152772354763,54.65781263972014,0.6425870048770337,0.9181603279366516,308
65.8,UrbanCanyon,207.43219038597968,55.53543485806486,0.6544984694978329,3.719155490303538,3.764788051700345,0.0062267979930636,1,212.6196114756268,68.48249260673582,7,4.9857385205412665,21.453299083300653,10.880450632683983,1,208.50719891536295,55.35025373076055,0.6512931892029621,0.8111648147499365,317
65.9,UrbanCanyon,207.7273643256415,55.76192978811543,0.6544984694978329,3.72058608278451,3.592981434384106,-0.0004570676719995,0,,,7,2.705616828145735,28.31530925961137,5.524556743238554,1,208.54100914403685,54.84643024676279,0.6610616532506595,0.7622541071682054,313
66.0,UrbanCanyon,208.0226496313245,55.98851017231959,0.6544984694978329,3.721989820759986,3.81814881176828,0.0004808542384542,0,,,8,3.063301229546553,28.110883518180486,5.82882249323858,1,207.71152961662708,55.82096955048536,0.6604226195213903,0.6970090317205242,345
66.10000000000001,UrbanCanyon,208.31804415565688,56.21517436294102,0.6544984694978329,3.723366491706488,3.846747630221294,-0.0016663042829825,0,,,8,3.198193275332227,30.13247954643445,4.8729966301850585,1,207.30331789762636,56.02705865877578,0.6786570890493855,0.7612807070603184,325
66.2,UrbanCanyon,208.6135457346286,56.441920699476384,0.6544984694978329,3.724715885902919,3.5391425833213632,-0.0030180708198979,1,215.5006794295012,60.329210517088434,8,2.9712896807972924,29.417238715783267,4.302095792277782,1,208.578799953055,56.76316207735076,0.6548353079841824,0.7371979785491966,318
66.3,UrbanCanyon,208.9091521878156,56.66874750882749,0.6544984694978329,3.7260377964562794,3.697568057216862,-0.0031125355420259,0,,,7,2.9150112302658413,30.787737977024147,5.526778158866602,1,209.31166216934992,56.684739061360006,0.674614457784886,0.7090182024458866,340
66.4,UrbanCanyon,209.2048613186064,56.89565310547503,0.6544984694978329,3.727332019327038,3.6622746172849694,0.001116981697268,1,211.0153936822171,60.29709847449824,6,3.0099602138561847,30.06952229161628,5.227237006126453,1,209.44732235191404,56.90954818546035,0.6698810880688839,0.8256605108249466,281
66.5,UrbanCanyon,209.50067091443017,57.12263579165376,0.6544984694978329,3.7285983533541738,3.690653451281985,-0.0043319470116369,0,,,10,3.121761843803571,28.13498054204863,5.35804016074491,1,210.17073178723552,53.272931096909645,0.5481142025923544,0.2928595657902598,123
66.60000000000001,UrbanCanyon,209.79657874698745,57.34969385752928,0.6544984694978329,3.7298366002798593,3.679029215732157,0.0046776710219379,1,218.86187100780032,65.55149514290642,9,3.1711930534892483,28.990873411086305,3.656107913330673,1,210.1293149614694,56.77078333508974,0.6319320427774326,0.7247269027877151,284
66.7,UrbanCanyon,210.092582572482,57.57682558137625,0.6544984694978329,3.731046564773805,3.7559294389218367,0.003117039571542,0,,,7,2.9369929851345016,30.0409572586632,4.761038474679292,1,210.3107069644081,56.68598818298584,0.6566992318358822,0.7226213830392751,307
66.8,UrbanCanyon,210.38868013185524,57.80402922975802,0.6544984694978329,3.7322280544572495,3.7025942448014986,0.0055188027524521,1,220.2145342057865,53.15726913373572,7,3.44523963939278,30.446936096322545,3.9392261522662713,1,210.09337364878743,58.13748007451197,0.6400747414288066,0.8067238803023817,368
66.9,UrbanCanyon,210.68486915102216,58.0313030577078,0.6544984694978329,3.7333808799266017,3.656898335470132,-0.0061253222962773,0,,,6,3.036945248779215,28.23037786854723,4.176909811745651,1,210.30793005886932,58.45302902241444,0.6603188126311128,0.7812090038514852,293
67.0,UrbanCanyon,210.98114734110925,58.25864530891118,0.6544984694978329,3.7345048547767146,3.707876265106994,-0.0091197611920282,1,208.286892162942,61.93996428619992,7,3.086358169319647,31.87801504686064,5.982374388211506,1,211.317955870376,58.51411855268244,0.6166386258714889,0.7900605029960411,266
67.10000000000001,UrbanCanyon,211.2775123986942,58.48605421589003,0.6544984694978329,3.735599795623816,3.748675091722271,-0.0002278638097535,0,,,7,2.883563757703931,27.708759423820723,6.230665738051917,1,211.419046738804,59.12261156667726,0.6426492647687851,0.7671398545323297,370
67.2,UrbanCanyon,211.5739620060473,58.71352800018785,0.6544984694978329,3.736665522128065,3.648797525192232,0.0149541633339858,1,214.93690058990907,65.53155161652187,11,3.073132017880764,30.720191243164845,4.735733304406028,1,211.24772174026808,58.68873562466694,0.6970059073858037,0.6701143413692989,317
67.3,UrbanCanyon,211.87049383137497,58.94106487255638,0.6544984694978329,3.737701857015749,3.620102547954875,0.0064870090960934,0,,,7,2.522665321456083,26.89709592878131,5.750174148090004,1,212.5652153481786,58.49973129059079,0.6644563552312932,0.7841874492660363,329
67.4,UrbanCanyon,212.1671055290643,59.16866303314362,0.6544984694978329,3.738708626101113,3.840195719807946,-0.0030711945380333,1,214.71319118157376,68.84778040723526,7,2.8442284337873174,28.439251948760283,7.81965244794148,1,212.4090921912494,59.460722936375184,0.6668153010705034,0.8001623718588016,362
67.5,UrbanCanyon,212.46379473993008,59.3963206716831,0.6544984694978329,3.739685658307816,3.684984831158299,0.0020511462392024,0,,,8,3.3457919393696534,28.61357384222228,4.745110854960558,1,212.54301110552143,59.3874232626822,0.635213984803578,0.6778218647528712,300
67.60000000000001,UrbanCanyon,212.7605590914631,59.62403596768444,0.6544984694978329,3.74063278569002,3.7158113933470376,0.0036580122538594,1,220.4283582898739,62.16793072509522,10,2.95525044688662,27.002017960712436,7.228909628960018,1,213.04889359617547,60.03574749866301,0.669010680983781,0.8240239372461133,329
67.7,UrbanCanyon,213.05739619808008,59.851807090625215,0.6544984694978329,3.7415498434531016,3.698601042504932,-0.0073038756995868,0,,,10,3.333008210209556,28.68912216437811,5.351616356605254,1,213.54478136245584,59.31280153459716,0.62176305131067,0.9008545075869704,303
67.8,UrbanCanyon,213.35430366137533,60.079632200144005,0.6544984694978329,3.742436669973981,3.760162170618731,0.0070488833483248,1,220.2416907126816,56.95747629193542,9,3.587920720610394,27.99913135065351,5.811881147409773,1,213.6386008928896,59.45969240686378,0.6519663687805837,0.7073382221909357,371
67.9,UrbanCanyon,213.6512790703739,60.30750944623468,0.6544984694978329,3.743293106821081,3.833824115206799,-0.0010165480020395,0,,,7,3.0269746269139803,27.5955542501337,4.17871600608198,1,213.3755018481832,60.4078070679484,0.6310643032018888,0.6420742129932544,319
68.0,UrbanCanyon,213.9483200017864,60.5354369694419,0.6544984694978329,3.7441189987738936,3.762337144266214,-0.0006233062511882,0,,,8,2.897853285467056,28.982717576732608,6.389849090092845,1,213.82137021121144,60.33821086823836,0.6584290521979823,0.7933953851336008,320
68.10000000000001,UrbanCanyon,214.2454240202653,60.76341290105773,0.6544984694978329,3.744914193842168,3.636561676337872,8.316034615760284e-06,0,,,8,3.4847904909327982,33.01874406679125,4.591682752612422,1,214.71755844995965,60.7858075480159,0.6323394180586304,0.7640550562785613,295
68.2,UrbanCanyon,214.54258867866253,60.991435363319454,0.6544984694978329,3.745678543284708,3.642000363849142,0.005906899923053,1,226.3402183787069,66.11912002086967,7,3.384122392891125,30.02312848221492,4.861941868493684,1,214.42015719775992,60.77516256513034,0.6524827484710305,0.7827695688727837,324
68.3,UrbanCanyon,214.83981151828883,61.219502469608464,0.6544984694978329,3.7464119016277846,3.701187022111905,-0.0040266930100713,0,,,8,3.00221361975936,31.60744302771268,5.522302167208233,1,214.61920160146605,60.38753721768252,0.6329136012596583,0.8270232385876948,317
68.4,UrbanCanyon,215.1370900691745,61.44761232465029,0.6544984694978329,3.747114126683149,3.7075856008594688,-0.0089637194107995,1,220.7550718656718,67.78544970959902,7,3.010603223478236,25.92560505907942,5.9824533698599485,1,215.343165228322,61.521912833338206,0.6637994898933202,0.7583128024813185,314
68.5,UrbanCanyon,215.43442185033123,61.67576302471568,0.6544984694978329,3.7477850795656593,3.623641912130781,0.0016984927124589,0,,,10,2.9281035195522342,28.45326475787687,4.679913058629716,1,214.51022408902952,61.13070869146994,0.6488033863761391,0.7718962978119398,361
68.60000000000001,UrbanCanyon,215.73180437001565,61.90395265782269,0.6544984694978329,3.748424624710507,3.773833609563614,-0.0106641391838443,1,219.92620663950208,53.214739903165466,7,3.031175836964076,28.55813596657735,5.955699393596804,1,215.9706176624196,62.6128218982216,0.6805978602720337,0.7849975246804839,325
68.7,UrbanCanyon,216.0292351259941,62.1321793039399,0.6544984694978329,3.749032629890047,3.6610303935868576,-0.001596252601004,0,,,8,3.717881874069312,28.05770551316451,4.185480223986736,1,214.21221931345525,60.31829730140681,0.8256888406577181,0.2212278325011699,138
68.8,UrbanCanyon,216.32671160580853,62.36044103519051,0.6544984694978329,3.7496089662302263,3.8164495773740814,0.0062075453958684,1,215.09611113652835,60.23215094760464,7,2.808738801220448,27.12033340910852,4.416501889088783,1,216.48415418266967,63.07405077808019,0.6312693500683588,0.6872378520767429,356
68.9,UrbanCanyon,216.6242312870442,62.58873591605751,0.6544984694978329,3.750153508226613,3.8378599194358314,0.0030314161512999,0,,,8,2.8629085164363746,29.970857141044263,4.032218468815515,1,215.81811533716416,61.862997215712205,0.6604291053402771,0.8850176683570783,329
69.0,UrbanCanyon,216.92179163759775,62.81706200358973,0.6544984694978329,3.750666133760017,3.714929497735771,0.0055084913267294,1,225.34290153223523,60.09111796382343,10,2.63406537337561,28.591450485160365,4.745375095390037,1,217.5898349601613,62.14240180665266,0.6050880791374329,0.821911380926152,294
69.10000000000001,UrbanCanyon,217.21939011594745,63.04541734760888,0.6544984694978329,3.751146724111708,3.759199933410637,0.0031986993288099,0,,,9,3.3833049433781754,29.38489192445459,5.302987362009807,1,216.95562247857,64.16524860993266,0.6342622236790323,0.7617489610444765,363
69.2,UrbanCanyon,217.5170241714237,63.27379999091743,0.6544984694978329,3.7515951639782257,3.658849730162966,0.0125653805478468,1,216.85424561159985,71.70471172523413,6,5.722346057506175,20.91867556307715,11.059707878337786,1,217.9012583551901,63.403935248100126,0.644702618585467,0.7245087336654228,339
69.3,UrbanCanyon,217.8146912444816,63.5022079695074,0.6544984694978329,3.7520113414857774,3.7671932664413146,-0.0031317189996637,0,,,7,3.1447327140533945,28.04225594817011,4.24289244631929,1,218.8652849879061,64.17460366205404,0.6985592246097978,0.7549779013064143,299
69.4,UrbanCanyon,218.1123887669736,63.73063931277001,0.6544984694978329,3.752395148204232,3.702873656982946,0.0019950841080468,1,216.77395522040203,64.9313104695227,7,3.546925288991256,29.34091372455375,5.797300836364125,1,219.2238197875957,63.69089360502898,0.639086630022959,0.8323442511946968,340
69.5,UrbanCanyon,218.4101141624245,63.95909204370613,0.6544984694978329,3.7527464791606833,3.6686533656566143,-0.0024153111140883,0,,,9,3.1054515978537625,29.366821662409016,6.800904457600204,1,218.5812540216715,63.91531766361545,0.6524027432467294,0.7963759696536659,318
69.60000000000001,UrbanCanyon,218.70786484630597,64.18756417913755,0.6544984694978329,3.753065232852624,3.715596610272362,0.0049402954449207,1,224.1689216883737,66.44102573865811,6,3.445857037279904,28.49412356583571,4.321592637803626,1,218.8025560868439,64.52302829843758,0.6444211578463319,0.8607489582321219,346
69.7,UrbanCanyon,219.0056382263135,64.41605372991903,0.6544984694978329,3.753351311260683,3.70431333444748,-0.0003756363182063,0,,,7,3.284771542018873,31.25739247671945,4.244634649026601,1,219.345707944806,64.4918181255419,0.6566502685969078,0.8330027215200457,339
69.8,UrbanCanyon,219.3034317026434,64.64455870115104,0.6544984694978329,3.7536046198609503,3.709364988621266,0.0090117333304436,1,216.42747222668157,71.96503652981477,6,6.048007777335714,19.69104555438344,9.761416245631567,1,220.0126923367745,64.43793402405807,0.7056705111745316,0.7724244917586768,333
69.9,UrbanCanyon,219.60124266827128,64.87307709239337,0.6544984694978329,3.753825067636888,3.787404749974321,-0.0027738574673763,0,,,7,3.0728891503201368,29.856809754754845,4.785902065777513,1,219.8136363634729,64.85368808757737,0.6487933845665577,0.7677058584549634,378
70.0,UrbanCanyon,219.89906850923097,65.10160689787925,0.6544984694978329,3.754012567090815,3.68476109828028,0.0073239626770228,1,228.443870321133,63.01344344434948,9,3.072992226774547,27.691641841398948,4.34902880934719,1,220.19703566418423,64.4642375714207,0.6497246589064982,0.7190583542889771,395
70.10000000000001,UrbanCanyon,220.19690660489476,65.33014610673028,0.6544984694978329,3.75416703425497,3.838611127538779,0.0030507150038155,0,,,9,3.2114405192485727,28.14132008554396,4.289548170126708,1,220.4412484500072,64.96687930131837,0.6635667341186893,0.8570562357578344,336
70.2,UrbanCanyon,220.4947543282541,65.55869270317199,0.6544984694978329,3.754288388702152,3.654817671433424,-0.0002419741818904,1,223.71969992326453,70.61653218468885,9,3.304258238168393,29.37777139549233,5.919328823789219,1,220.24369979347244,66.30040047541323,0.6292895985113942,0.8163446227463814,354
70.3,UrbanCanyon,220.7926090462016,65.78724466674993,0.6544984694978329,3.754376553555938,3.830273763538451,0.0027926056133791,0,,,7,4.00868485233945,30.41155660448731,4.479357117717923,1,222.08790642332428,66.17587741428716,0.6629570280513635,0.7858268487732927,355
70.4,UrbanCanyon,221.09046811981315,66.01579997254649,0.6544984694978329,3.7544314555004714,3.673029168510116,0.0013432068417694,1,232.21187586813983,61.720336302007794,7,2.426897660455166,29.058274528385777,4.926025562865838,1,221.0719008020529,66.72660617758734,0.6325073902641423,0.7634311164738984,329
70.5,UrbanCanyon,221.38832890463152,66.24435659139819,0.6544984694978329,3.75445302478982,3.734065050031079,0.0018569676485081,0,,,9,3.3170418459078013,29.46484670336049,4.912624346336231,1,221.673864052591,65.75392587842441,0.6713311120195513,0.7922446500019682,318
70.60000000000001,UrbanCanyon,221.68618875094995,66.47291249011356,0.6544984694978329,3.75444119525692,3.703966186057877,-0.0010121351672281,1,232.29908236614665,66.39109421402846,8,3.296704057780012,27.577484348124184,4.614274873890822,1,221.31939338676835,66.61482118904954,0.5949090432933799,0.7680679600594288,342
70.7,UrbanCanyon,221.9840450040969,66.7014656316915,0.6544984694978329,3.754395904322069,3.709678397018527,-0.0035585966592973,0,,,6,3.1742295891809955,28.3732561522337,4.399197713950176,1,221.7998820266276,66.86477865114655,0.6516531329828168,0.7206835321312212,273
70.8,UrbanCanyon,222.2818950047214,66.9300139755402,0.6544984694978329,3.754317093001009,3.781161024007569,-0.0016694918836883,1,225.9512440409028,63.89456557700836,8,3.028041284499765,28.33143986475278,4.157835745888284,1,222.11179721284185,66.85478629867964,0.6330628262205833,0.7694497558713725,328
70.9,UrbanCanyon,222.5797360890787,67.15855547769645,0.6544984694978329,3.754204705912562,3.827521545308504,-0.0086934108048397,0,,,9,3.3313438341280364,30.6068686403719,4.746800823245464,1,222.18259680566584,66.2654245047573,0.6776685241375184,0.797256640990884,272
71.0,UrbanCanyon,222.8775655893168,67.38708809104541,0.6544984694978329,3.7540586912858456,3.810843047001232,0.0045286859790244,1,231.74167108639887,71.76260619946649,6,5.717487432943398,21.095120523495112,10.72799147233252,1,222.2436276304957,68.28807485653284,0.655638478731075,0.7714136713243647,316
71.10000000000001,UrbanCanyon,223.17538083376343,67.61560976554085,0.6544984694978329,3.753879000967046,3.714579277761056,-0.0063545988728954,0,,,7,3.0737532619946304,27.420411569821223,4.7919234260648,1,222.83708965965937,67.26214642590563,0.6637464175560832,0.7550197986324824,369
71.2,UrbanCanyon,223.4731791472135,67.84411844842569,0.6544984694978329,3.7536655904257614,3.750568663413522,-0.000978207535551,1,224.9782975082728,68.90276132075758,8,2.995849119777187,28.753797083128102,6.034273550841199,1,223.86281255526796,68.01222885698434,0.6683435357333294,0.8352298486064675,294
71.3,UrbanCanyon,223.77095785121696,68.07261208445293,0.6544984694978329,3.7534184187609103,3.6927748956218007,0.0035224075194073,0,,,6,2.8178655043879504,30.423345957114805,4.611953383328989,1,224.44839992562652,67.72640169543848,0.658182524766906,0.7453641002991356,367
71.4,UrbanCanyon,224.0687142643673,68.30108861610697,0.6544984694978329,3.753137448706204,3.68164302761108,0.0045562182736644,1,231.16883075000476,69.21258984454323,8,2.874561975551109,27.85683096488459,4.730186278567306,1,224.79075277580685,67.06273772046576,0.65893842479431,0.7718592579560232,337
71.5,UrbanCanyon,224.36644570259017,68.52954598382514,0.6544984694978329,3.7528226466351806,3.673412516019416,-0.0091052079455976,0,,,8,3.048630286186409,27.290049888148943,5.270048342305619,1,224.50074530153057,69.27078444472792,0.6602866062202528,0.7877988027910408,377
71.60000000000001,UrbanCanyon,224.66414947943264,68.75798212621962,0.6544984694978329,3.752473982565807,3.7150988119957593,-0.0003268690655726,1,223.8791182483629,69.00440956332781,7,2.8207942232317587,30.225691240797055,5.347110016729012,1,225.3553787667704,68.4465852260394,0.6829707506461453,0.7473114925326324,383
71.7,UrbanCanyon,224.96182290635255,68.98639498029944,0.6544984694978329,3.752091430164636,3.754266212874006,0.0025038674192832,0,,,7,2.994480544173152,29.80531648525264,5.548749554860338,1,225.1829548406216,69.19749777573688,0.6370691748561019,0.8166870047262538,317
71.8,UrbanCanyon,225.25946329300845,69.21478248169295,0.6544984694978329,3.751674966750533,3.624702407012767,0.0003658993016501,1,229.9732045777343,65.90777957606994,8,3.291657238944647,28.18522269943543,4.712290538088226,1,225.0024489302605,69.3703889551259,0.67802664735148,0.6946963358703974,358
71.9,UrbanCanyon,225.5570679475493,69.44314256487029,0.6544984694978329,3.751224573297963,3.7353610438321447,0.0070277459649224,0,,,8,2.3982002623907146,30.721599188218487,5.30939350222181,1,225.80704254275247,69.5547938731541,0.6432555947952676,0.7621014838099771,299
72.0,UrbanCanyon,225.85463417690508,69.67147316336609,0.6544984694978329,3.750740234439831,3.826190211198996,-0.0042736405746872,1,226.18566433864163,74.08692118224324,7,2.866599349612009,28.62883365484849,5.457798154908397,1,225.50311551932745,70.40969073434661,0.6552460182811677,0.8033223544896481,316
72.10000000000001,UrbanCanyon,226.15215928707696,69.89977221000235,0.6544984694978329,3.750221938469893,3.800773377553978,-0.0106868956146547,0,,,10,4.043746413921037,28.26194778978791,4.178054640640821,1,226.0589826742466,69.39237003596855,0.6690957814001277,0.8543337523065773,410
72.2,UrbanCanyon,226.449640583428,70.12803763711145,0.6544984694978329,3.749669677344725,3.6950978529581135,0.0043348523346393,1,232.40395202012064,78.87118003124468,6,2.7862009453755645,29.40151880546069,5.287218147668186,1,226.57450568794508,69.87521986044021,0.6334882850777532,0.7725658575574597,332
72.3,UrbanCanyon,226.74707537097385,70.35626737675913,0.6544984694978329,3.749083446685248,3.645619540912134,-0.002710240784446,0,,,7,2.951243970741213,30.36975483096089,4.3948163186959714,1,226.858601802185,70.93549823736296,0.6559748048289862,0.7885705165519186,366
72.4,UrbanCanyon,227.04446095467355,70.58445936096776,0.6544984694978329,3.748463245777816,3.761151350189403,-0.0090530316013689,1,231.287327916818,72.0662103978122,10,2.7953148204584006,28.193632018580843,4.775914800094828,1,226.97889951610335,70.98413128166955,0.6813674953225441,0.8443731882187501,407
72.5,UrbanCanyon,227.34179463972032,70.81261152193937,0.6544984694978329,3.747809077574866,3.5933230459134213,-0.0006963201218898,0,,,8,2.8583025161732287,31.576092977444496,4.801103290914835,1,227.97813471151585,70.02261177964932,0.6636227203001415,0.88961790945951,300
72.60000000000001,UrbanCanyon,227.63907373183255,71.04072179227897,0.6544984694978329,3.747120948695127,3.797715970659299,0.0065943668182369,1,229.4728925000929,79.73048716450438,9,2.9922377599015078,27.60936075445128,4.806872723420401,1,226.95080612544916,71.19999901341656,0.6306259519217225,0.7996692527306702,377
72.7,UrbanCanyon,227.93629553754465,71.26878810521764,0.6544984694978329,3.746398869423384,3.7174390198180425,-0.0064772939003549,0,,,9,2.5677357523399675,29.256489499216407,3.9504439373215257,1,228.37836917859505,71.64655198476662,0.6439100955271861,0.7506124135478691,369
72.8,UrbanCanyon,228.2334573644975,71.4968083948357,0.6544984694978329,3.745642853709807,3.842391356324185,0.0123640667121413,1,235.8017496228263,85.06874289433678,7,4.927165223292327,19.886277129932992,9.810124676523309,1,228.04338757975265,71.68092126140495,0.6790350950374058,0.769401492687463,335
72.9,UrbanCanyon,228.5305565217297,71.72478059628575,0.6544984694978329,3.7448529191688418,3.632770299183163,-0.0042514153986899,0,,,9,3.2098220499781265,30.59158676353179,5.369264102262486,1,228.09211157121973,72.10290047077712,0.6216756606048319,0.729740100057384,341
73.0,UrbanCanyon,228.82759031996773,71.95270264601571,0.6544984694978329,3.744029087077653,3.7942661299817377,0.0006035114941802,1,230.18011974344384,69.61706095329157,7,3.128072355746565,27.458862987698453,4.608860673112551,1,229.1981127284523,72.38342928951766,0.6636447439051314,0.7928905785633498,305
73.10000000000001,UrbanCanyon,229.12455607191663,72.18057248199156,0.6544984694978329,3.743171382374137,3.73423930135644,-0.0062610282301771,0,,,9,3.117781898494508,26.49910945048506,4.439879844019334,1,228.73200922432983,72.1423016578694,0.655123575600773,0.8014643255547519,302
73.2,UrbanCanyon,229.4214510925501,72.40838804392016,0.6544984694978329,3.742279833654485,3.717822240266184,0.0003560075555362,1,224.7733304545684,75.0862122350451,8,3.5400040916270137,28.81053597293325,4.935966606421168,1,229.57710453663944,71.97105915942105,0.6407933984725771,0.766102944865689,302
73.3,UrbanCanyon,229.7182726994004,72.63614727347168,0.6544984694978329,3.741354473170317,3.6565693830500425,-0.000561036733424,0,,,9,2.99285770657992,28.28419573406618,4.366568736740181,1,229.47798141894725,73.58312633651049,0.6287663772257877,0.90154875139419,350
73.4,UrbanCanyon,230.01501821284845,72.863848114502,0.6544984694978329,3.740395336825369,3.770985914761397,-0.0077074671163096,1,232.44655205528755,73.17916009555354,8,2.8012896718915137,30.10824211906488,5.225006205175315,1,229.6701655458889,73.85816812691242,0.6991711170220865,0.7923324235707732,352
73.5,UrbanCanyon,230.31168495641285,73.09148851327478,0.6544984694978329,3.7394024641717496,3.7719879094696473,0.0148256154678192,0,,,9,3.0116315058054024,29.083828824067083,4.762978716087563,1,230.53009716381283,72.37021293182838,0.6542432336502992,0.8718158071747748,371
73.60000000000001,UrbanCanyon,230.6082702570393,73.31906641868329,0.6544984694978329,3.738375898405748,3.837759653442825,-0.0025247470929884,1,227.87602882117932,77.5810889684235,8,3.024232030767079,26.948765902441583,5.346677324295916,1,230.2228114407125,73.26774180174185,0.6762207965749747,0.7945964223408415,400
73.7,UrbanCanyon,230.9047714453892,73.546579782472,0.6544984694978329,3.7373156863632135,3.790086577045528,-0.0025992086612402,0,,,8,2.938616228579127,31.058299701673,3.713866244116493,1,231.11617829613385,73.73106491273367,0.6621608048493242,0.8524986302946038,327
73.8,UrbanCanyon,231.2011858561281,73.7740265594578,0.6544984694978329,3.7362218785144976,3.6925330733926094,0.0050579888945205,1,231.00266075081063,82.73217429461874,10,2.5501950268005067,28.897424966190915,5.150717341363026,1,230.42841734438557,74.00086881959294,0.6734598079543792,0.811696499182491,320
73.9,UrbanCanyon,231.49751082821345,74.00140470775095,0.6544984694978329,3.735094528958952,3.671039961484731,0.0094327132842991,0,,,8,3.2086805421014617,29.78815529408038,4.00433643694723,1,231.6880527665986,73.65497509077852,0.666018431890345,0.7903060172886789,284
74.0,UrbanCanyon,231.7937437051821,74.22871218897565,0.6544984694978329,3.7339336954190014,3.647239155807576,0.0058909854754137,1,237.33651269210907,77.05685539819156,9,2.930864899478906,29.94739880343695,5.932360947264291,1,231.3628884538922,74.0195528217522,0.6301172635142596,0.8138253858987385,306
74.10000000000001,UrbanCanyon,232.0898818354374,74.45594696849015,0.6544984694978329,3.7327394392337703,3.81747072832275,-0.0062767112061904,0,,,8,2.89948864865736,29.559200384994,4.37389005900388,1,232.4334861109317,74.42299769701633,0.6594246007481455,0.791254294661868,273
74.2,UrbanCanyon,232.38592257253535,74.68310701560658,0.6544984694978329,3.731511825352288,3.681406676378521,0.0011441700610844,1,233.75598988440245,76.60651381806254,6,2.6494152652951457,28.41476875833239,6.145763196123428,1,233.0778284186624,74.31385977048036,0.673605828082608,0.7925384460880205,390
74.3,UrbanCanyon,232.6818632754706,74.91019030381021,0.6544984694978329,3.7302509223262463,3.8172223150675726,-0.0098550028689771,0,,,10,2.8000604638634754,29.700409541117025,6.336855542215942,1,232.58612739379973,75.47418865428847,0.6615486399133492,0.6735630384349196,351
74.4,UrbanCanyon,232.97770130896143,75.13719481097833,0.6544984694978329,3.7289568023023385,3.760384054511912,0.00466923865115,1,235.15810430828583,74.97717670299822,8,2.9492986176249474,29.43902319790177,5.639964483912601,1,232.7530382369279,75.45563471390675,0.6500723715950771,0.8100029738603081,266
74.5,UrbanCanyon,233.27343404373465,75.3641185195986,0.6544984694978329,3.727629541014157,3.748003764964517,-0.0086075597933721,0,,,10,2.751786451605992,28.32154259859945,4.569054103298267,1,233.02575879272848,76.30384778067496,0.7156773856607819,0.7471153522277152,257
74.60000000000001,UrbanCanyon,233.56905885680916,75.5909594169869,0.6544984694978329,3.7262692177736616,3.7072016836431088,-0.004251987413355,1,231.1472495405881,70.70684329695398,9,3.506226112381285,31.65713789467818,6.97005868867429,1,233.55895329506097,75.93323670216733,0.665106392773287,0.7721162197340842,261
74.7,UrbanCanyon,233.86457313177937,75.81771549550459,0.6544984694978329,3.724875915462226,3.76261905173698,-0.0001005147165251,0,,,8,3.3115800804821127,29.678221827774408,4.766812637905943,1,233.9417630826921,75.93091617715723,0.6396962510941817,0.704321797318446,343
74.8,UrbanCanyon,234.1599742590976,76.04438475277524,0.6544984694978329,3.723449720521244,3.719926492954954,0.0022079282550274,1,240.8060504896218,68.22629619055927,9,2.8006364900950307,27.38811362898761,5.532462241595035,1,235.21120908271732,75.71574225729121,0.6325187591020702,0.8151636836051329,404
74.9,UrbanCanyon,234.4552596363555,76.27096519190079,0.6544984694978329,3.7219907229423175,3.697901513495274,-0.0015282724594527,0,,,8,3.5704636022201424,28.13468508653215,5.333366488801982,1,235.5907444720884,76.06872088480966,0.6654605911612639,0.8410844304937819,380
75.0,UrbanCanyon,234.75042666856527,76.497454821677,0.6544984694978329,3.720499016257013,3.761756527602767,0.0077509642098191,1,233.07473500777047,74.18364257765768,6,3.0401113042264005,28.56934421685309,5.533335068677557,1,234.49125994244085,76.03592075643328,0.6497570182271053,0.7981642785613189,336
75.10000000000001,UrbanCanyon,235.04547276843937,76.72385165680832,0.6544984694978329,3.7189746975261984,3.708703519167896,0.0035625373817918,0,,,9,2.914904035555037,29.15221600366089,5.523845912107165,1,235.98414488503843,76.97205983890382,0.6451206597244794,0.7950453451099223,290
75.2,UrbanCanyon,235.34039535666972,76.95015371812208,0.6544984694978329,3.717417867328948,3.6705433865163584,0.003163412669555,1,236.35221014967172,81.65630363547075,8,2.966063956911407,28.388179680146237,5.295626090807951,1,234.58032356150267,76.59406754072256,0.6686282248037454,0.8164434856078994,318
75.3,UrbanCanyon,235.63519186220603,77.17635903278195,0.6544984694978329,3.7158286297510346,3.7524152465557674,-0.0066316530096122,0,,,7,3.17933876438798,27.26285100209049,5.687153822627399,1,235.67352055645344,77.79194303998901,0.6724408916998459,0.7514786257811872,384
75.4,UrbanCanyon,235.9298597225328,77.40246563450066,0.6544984694978329,3.714207092372994,3.706747593566328,0.0087022279683965,1,242.20705296430825,76.07780092241642,9,3.25328192033488,27.769598166566496,5.609157032719555,1,236.2183158198809,77.56280602257392,0.6824827121306747,0.7463029424759424,306
75.5,UrbanCanyon,236.22439638394584,77.62847156375207,0.6544984694978329,3.712553366257772,3.742280737647243,-0.0043954697511081,0,,,9,3.024667877951454,28.19438610585066,6.380089709445062,1,236.33470799608693,78.413453708509,0.6366207342858692,0.6684860726095156,273
75.60000000000001,UrbanCanyon,236.51879930182736,77.85437486798232,0.6544984694978329,3.710867565937954,3.6841626076056246,0.0089266349670857,0,,,9,2.925903622742869,32.9107424493729,5.109588924002852,1,236.6237108969808,77.38581591389487,0.6786095351840404,0.8369922245341236,289
75.7,UrbanCanyon,236.8130659409204,78.08017360182023,0.6544984694978329,3.709149809402578,3.638917741611426,0.0103476901116314,0,,,9,3.005924337675182,29.253094681837357,4.056828955274673,1,236.96398010842364,78.07931938329506,0.6516326702530284,0.8108240886435256,350
75.8,UrbanCanyon,237.1071937756017,78.305865827287,0.6544984694978329,3.707400218083528,3.81044363730806,0.0024515864275699,1,243.3448715503413,67.89142808266651,8,3.557075496728924,30.372914565868324,5.658821061503064,1,236.6098797023284,77.05409630005786,0.6621108444703148,0.9267832975556052,345
75.9,UrbanCanyon,237.401180290154,78.5314496140048,0.6544984694978329,3.705618916841527,3.795930134929853,0.00521719471974,0,,,8,3.4651156110089163,28.760122286173075,4.935382085383743,1,237.5621260599912,78.09066380682461,0.6120637362126233,0.7374750940404334,363
76.0,UrbanCanyon,237.69502297903665,78.75692303940474,0.6544984694978329,3.7038060339517007,3.753729743622946,-0.0163956983909582,0,,,8,3.306005868618887,29.67454616209661,5.1848601202289615,1,237.64376495591287,79.37614676377177,0.6499914083052785,0.8268121091499169,360
76.10000000000001,UrbanCanyon,237.98871934715552,78.98228418893376,0.6544984694978329,3.7019617010887456,3.673069161068153,-0.0013700731821027,0,,,9,2.8849138482329195,25.570848928137348,4.833677012729976,1,237.51466344990104,82.93614533893215,0.7891496670180884,0.276484960610743,140
76.2,UrbanCanyon,238.2822669101315,79.20753115626067,0.6544984694978329,3.7000860533116855,3.676002944443809,0.0054160051127617,1,238.82897870288463,75.95113536466506,9,3.1552389636870704,28.38723899515903,4.298187752373522,1,237.6831328835884,79.70958304465131,0.6673883695828522,0.8658529574112974,339
76.3,UrbanCanyon,238.5756631945676,79.43266204348123,0.6544984694978329,3.698179229048213,3.774236240056615,0.0045241735865404,0,,,10,3.194782365155743,29.005044500550227,5.826649042004823,1,238.402644688606,78.99663994630828,0.6660323182308558,0.8656931678291537,333
76.4,UrbanCanyon,238.86890573831508,79.65767496132224,0.6544984694978329,3.69624137007864,3.67056038493097,-0.0067083218988827,1,240.94301995314584,81.8279671968401,7,2.637783542870888,27.33383686562171,4.589516396561652,1,238.65290123602085,79.52848158247845,0.6582776819673262,0.6655305253916024,291
76.5,UrbanCanyon,239.161992090738,79.88256802934463,0.6544984694978329,3.6942726215194415,3.647620945024493,-0.0018375995164628,0,,,8,3.144076061520296,28.828019058240223,6.142847230990755,1,239.1644942772449,79.22018181776974,0.6660241465870369,0.7827066726158122,358
76.60000000000001,UrbanCanyon,239.4549198129766,80.1073393761455,0.6544984694978329,3.6922731318063895,3.797063110059054,-0.0135686540898046,1,240.43144532689965,76.67387266488733,7,3.049310825227381,29.478793385632343,5.057222885613911,1,239.42807008975848,79.48032812281505,0.6658120987545284,0.841225625972284,333
76.7,UrbanCanyon,239.74768647820943,80.33198713955923,0.6544984694978329,3.690243052677304,3.681838969504992,0.0018340664742931,0,,,10,3.381452590315522,27.34559951182212,4.802461940937468,1,239.6568529200038,79.84051339019865,0.6683891290342148,0.8028577114307304,318
76.80000000000001,UrbanCanyon,240.04028967191363,80.55650946685728,0.6544984694978329,3.688182539154395,3.7927898644734954,-0.010222277057973,1,242.44114317483357,75.80833793621207,8,3.2771123405066134,27.822209875615844,4.143272542893487,1,239.76469458536332,81.12914887010898,0.6990357919472059,0.7411550609929501,371
76.9,UrbanCanyon,240.3327269921243,80.78090451494715,0.6544984694978329,3.686091749526219,3.602195977319448,0.0054997983740217,0,,,9,3.622627007914901,27.96300211299868,3.9449066946235662,1,240.32531908788252,80.29554310370396,0.6448231974077872,0.6687149936329853,298
77.0,UrbanCanyon,240.62499604969204,81.00517045057005,0.6544984694978329,3.6839708453292377,3.7132091126442233,0.0058271331108462,1,227.20459370814143,77.75356006419088,4,5.319477960380835,19.799266111713965,11.091081822842558,1,240.5932512730327,80.966532688828,0.6669815288763354,0.7984568125425981,263
77.10000000000001,UrbanCanyon,240.91709446853923,81.22930545049746,0.6544984694978329,3.681819991328989,3.80371958611216,-0.0028193285812437,0,,,7,2.986260102393851,27.49502962274698,5.21808704642858,1,241.05190188762995,80.92581882190096,0.6285714959730289,0.7706964374877148,329
77.2,UrbanCanyon,241.2090198859146,81.4533077017266,0.6544984694978329,3.679639355500873,3.6795447765938665,0.0023908520088798,0,,,7,2.589455168434754,29.31200976811127,5.971343242832398,1,241.36038632810275,81.41635481783682,0.6216941037968198,0.7850700526725112,246
77.30000000000001,UrbanCanyon,241.5007699526464,81.67717540167455,0.6544984694978329,3.677429109010548,3.66244631465574,-0.0014828525081139,0,,,7,3.496545337702778,28.73994417694842,5.727722437572979,1,241.81282293539897,80.88706907783077,0.6357543049925094,0.702994651430401,290
77.4,UrbanCanyon,241.7923423333938,81.90090675837129,0.6544984694978329,3.675189426193949,3.6024160227282707,0.0008931570311907,0,,,8,3.8599498712064944,30.224001617530305,4.650986986518543,1,241.5356680363143,81.38296026070266,0.6579224397391146,0.7651416301944634,322
77.5,UrbanCanyon,242.08373470689696,82.12449999065149,0.6544984694978329,3.67292048453692,3.7362687042927134,-0.0063659558392322,0,,,7,2.6289859029851157,30.685278921066423,4.877334161068899,1,241.87039849256695,82.31799984753141,0.6960483092930794,0.8382491377193375,315
77.60000000000001,UrbanCanyon,242.37494476622516,82.34795332834493,0.6544984694978329,3.670622464654475,3.6196962615027934,0.0028758777226195,1,248.2517004638839,80.9456026870377,8,2.9202451440563166,31.91449777698545,6.103779434661016,1,242.515749425821,82.33808279434078,0.6450089517938844,0.6719467273781085,372
77.7,UrbanCanyon,242.6659702190233,82.57126501246577,0.6544984694978329,3.6682955502696775,3.6567486684056,-0.0089887021250142,0,,,11,2.6598653868656448,27.91784451170493,5.560435447606324,1,242.5613873157562,82.96717386346782,0.6641608666231935,0.8478911187857601,351
77.80000000000001,UrbanCanyon,242.9568087877572,82.7944332954004,0.6544984694978329,3.665939928192151,3.5832888877682163,-0.0099981116153333,1,231.8933280177954,77.34015842182598,5,5.843635827629863,18.48224092509725,9.530734772147962,1,243.58411315886508,82.81496814260832,0.662680428170157,0.8657729779611167,353
77.9,UrbanCanyon,243.247458209956,83.01745644109403,0.6544984694978329,3.663555788296218,3.746974244213349,-0.0010272700335235,0,,,8,2.972459228532676,28.09214359040538,5.589150188786389,1,244.61309905412983,81.94860010918136,0.6614052307093168,0.7304498688187878,313
78.0,UrbanCanyon,243.53791623845427,83.24033272523589,0.6544984694978329,3.661143323498672,3.7221094407759208,-0.0014992341213602,1,245.06794073710623,77.43880036081822,8,2.946338785204536,29.814409318043214,5.113613123412909,1,242.6238127925208,82.94176614951256,0.63781859592055,0.9491485729935042,343
78.10000000000001,UrbanCanyon,243.8281806416312,83.46306043544311,0.6544984694978329,3.6587027297361807,3.647738198832192,0.0010382722450089,0,,,7,2.6956203816759854,29.065784054451417,6.165946818817875,1,243.7800872744261,83.29937333082674,0.640212666710684,0.7181457658080642,317
78.2,UrbanCanyon,244.11824920364836,83.6856378714431,0.6544984694978329,3.656234205942337,3.576328020870765,-0.003827566547428,1,242.4253900477124,83.50276943812426,8,2.807464432924426,27.787399321265035,3.921774402735765,1,244.0174270302044,83.31237828498045,0.6552878261201949,0.7138420428892717,355
78.30000000000001,UrbanCanyon,244.40811972468572,83.90806334525462,0.6544984694978329,3.653737954024336,3.733407971869368,0.0094253995393507,0,,,8,3.00782069498636,28.288791579041124,4.645181976374122,1,244.29098350360388,83.6137298661007,0.7042152455818291,0.7108918196898678,264
78.4,UrbanCanyon,244.69779002117585,84.13033518136731,0.6544984694978329,3.65121417883931,3.614509344532918,0.0003994198873272,0,,,6,3.3856080957253343,28.756147985460785,4.530394191648346,1,245.8414291223688,84.48126236693018,0.6007862994194393,0.8873885941349164,253
78.5,UrbanCanyon,244.9872579260356,84.3524517169199,0.6544984694978329,3.6486630881702977,3.569135043038669,0.0007233431002269,0,,,6,3.07192895609634,27.284200613964607,5.42822883387564,1,244.259153588787,84.63487348605949,0.6434633266356129,0.7221246375633291,360
78.60000000000001,UrbanCanyon,245.27652128889665,84.57441130187672,0.6544984694978329,3.646084892701871,3.5272583934667856,0.0005300059650333,1,245.03320333195344,81.83445249926507,6,3.631066153902436,27.673380056116823,4.009294454881851,1,245.0303475272348,84.97041870497529,0.6859857924750896,0.7919710752732829,338
78.7,UrbanCanyon,245.56557797633363,84.79621229920294,0.6544984694978329,3.64347980599541,3.592370994058558,0.0047490693602268,0,,,7,3.8154576969751024,27.931080642236623,4.497985750804809,1,245.24382623412,85.08679424895179,0.665524363516917,0.7843089135306008,359
78.80000000000001,UrbanCanyon,245.85442587209047,85.01785308503807,0.6544984694978329,3.6408480444640334,3.538373409049264,0.0024708043049876,1,249.048443800069,82.99174207111277,8,2.755673649145181,30.662972179916075,6.685804256438476,1,245.88469942555324,85.46252557596516,0.6709356416722998,0.830544073978778,315
78.9,UrbanCanyon,246.14306287730443,85.23933204886815,0.6544984694978329,3.6381898273471873,3.58575905798433,0.0018061861466234,0,,,9,3.1035794268388948,27.763183040843188,4.52521451592823,1,246.69451331956975,85.35531744221743,0.6977926890479731,0.8221161734408904,306
79.0,UrbanCanyon,246.4314869107284,85.4606475936961,0.6544984694978329,3.635505376684896,3.660755314389042,0.0033584741600866,0,,,8,3.0093797953780186,27.51348966347128,4.746233304476373,1,246.7457369919887,85.9572306299509,0.6662190040709945,0.7851165053979628,304
79.10000000000001,UrbanCanyon,246.71969590895105,85.68179813621069,0.6544984694978329,3.632794917291674,3.5933326380776074,-0.010053140852112,0,,,8,2.818594619988662,28.87646187013932,6.407424503220682,1,245.78377805663013,85.9630871711188,0.6436812873647209,0.8138215660678358,332
79.2,UrbanCanyon,247.0076878266148,85.90278210695385,0.6544984694978329,3.630058676730113,3.6356471066203135,-0.0098789361521747,1,251.18215618848103,84.48649045732547,6,2.7214133148855124,28.9459308660532,5.0766916366719865,1,246.3553530419956,86.69917883118619,0.6406419986787428,0.8101464891124035,262
79.30000000000001,UrbanCanyon,247.2954606366316,86.12359795048629,0.6544984694978329,3.627296885284127,3.5679836661422004,-0.0009768008991397,0,,,9,2.912681245350688,29.17351722185792,5.46721534190293,1,247.5624677892556,86.22713812462874,0.6925319315133174,0.764047575196709,336
79.4,UrbanCanyon,247.58301233039697,86.34424412555151,0.6544984694978329,3.6245097759318847,3.6078976594247583,-0.0015795104183128,1,250.73966010635127,78.8191939792138,8,2.808364486002238,30.282711312661416,5.742115327267198,1,247.0802412429345,85.49774580993231,0.6741571195707334,0.7422741772518292,306
79.5,UrbanCanyon,247.87034091800132,86.56471910523821,0.6544984694978329,3.621697584318409,3.7145619946015858,0.0024765729186402,0,,,8,2.8965516062569105,28.552997971329177,5.460872476785599,1,248.02312242366872,86.33449675696674,0.7208296292003107,0.7025078435411984,283
79.60000000000001,UrbanCanyon,248.1574444284395,86.78502137714088,0.6544984694978329,3.6188605487278624,3.5729008086929337,-0.0005025946895422,1,254.87211104652167,82.24174846574823,10,3.556588610199276,30.20365973036996,5.29477847693537,1,248.23112333313065,86.89703088918951,0.6835918504551262,0.7366590714010224,278
79.7,UrbanCanyon,248.4443209098177,87.0051494435188,0.6544984694978329,3.6159989100555134,3.613791678435956,0.0024149824856686,0,,,7,2.87061931592887,31.56627212055092,4.255648179240852,1,248.30129718610573,88.16541706942739,0.698582162380414,0.7849619133194893,370
79.80000000000001,UrbanCanyon,248.7309684295587,87.22510182145326,0.6544984694978329,3.6131129117793943,3.494790587239924,-0.0071365168859231,1,252.61518804020469,85.49412964631998,6,2.996173719594392,29.20411193978509,5.322359755895257,1,248.74539443118255,86.79350426940847,0.6249497573914002,0.678110509538117,366
79.9,UrbanCanyon,249.0173850746041,87.44487704300302,0.6544984694978329,3.6102027999316415,3.677782129132396,-0.0006612958152828,0,,,9,3.2198580110670028,28.305484765030027,5.359290980811564,1,249.01973237402336,87.95305702038779,0.6781037813854502,0.7379195327433378,364
80.0,UrbanCanyon,249.30416196968875,87.66369865085866,0.6517932091572414,3.607268823069537,3.558283058789172,-0.034715453420052,1,258.802323931456,92.68888535252404,9,2.8678621905174406,27.79368890000873,4.987365866575292,1,249.52764682948236,87.78632591516538,0.6657409303941697,0.7270331735301546,381
80.10000000000001,UrbanCanyon,249.59129417192727,87.88156487822448,0.6490879488166499,3.604311232246248,3.646981781797277,-0.025627292832101,0,,,8,3.1143938763108707,29.11845025771735,4.060022036339486,1,248.30348838523605,88.16596410593404,0.6707551080666345,0.7371654251282196,315
80.2,UrbanCanyon,249.87877674791213,88.098473998439,0.6463826884760584,3.601330280981258,3.5762088807582564,-0.0375359820918996,1,250.0954863926045,92.40505005641596,8,3.291756448188972,31.48125153306912,4.070075761524702,1,249.75803210435237,88.55785058728405,0.650866082895508,0.8514747568317775,336
80.30000000000001,UrbanCanyon,250.1666047741853,88.31442432495761,0.6436774281354669,3.59832622523052,3.616754346683376,-0.0258288524246628,0,,,9,3.1865961269780767,29.30568059125361,5.2383382580144175,1,250.3434365946656,87.335826894561,0.6583942625576364,0.8450428229958207,299
80.4,UrbanCanyon,250.45477333770884,88.52941421132917,0.6409721677948754,3.595299323356293,3.6184009199532015,-0.0353362466493585,1,247.34944994859936,91.2801348496618,7,3.156773696482392,28.77574973699748,4.3945688622478665,1,250.00367719639453,88.91155445383237,0.6554230420430502,0.8465303700819858,350
80.5,UrbanCanyon,250.74327753633324,88.74344205116658,0.6382669074542839,3.59224983609672,3.547594693048514,-0.0296649439255317,0,,,9,3.336517494000659,29.813983373421877,4.011381657350926,1,250.40406582864748,88.20957279690977,0.6196577038288651,0.7576047756735843,378
80.60000000000001,UrbanCanyon,251.0321124792644,88.95650627811143,0.6355616471136925,3.589178026535092,3.637847671742928,-0.0229785677927,1,252.89598824975656,94.3766513301788,7,3.19222140898672,27.47139154197204,3.783925947311805,1,250.84496210031108,88.33603807943497,0.6391774101772394,0.7759111877380797,365
80.7,UrbanCanyon,251.3212732875282,89.16860536579259,0.632856386773101,3.586084160068857,3.5236993937539967,-0.026469872189299,0,,,8,3.0712058877274697,27.03021352321173,5.554996311148873,1,251.60114323551755,89.05282494795516,0.5995632083805678,0.8942343917720935,331
80.80000000000001,UrbanCanyon,251.61075509443367,89.3797378277789,0.6301511264325095,3.582968504378333,3.611526968420101,-0.0362572973330037,1,259.5407503956349,87.03286531385277,7,2.9371692383448837,29.01774877735585,5.01791576896791,1,251.6786292098462,89.3801384941785,0.631661508962674,0.7593702097491363,367
80.9,UrbanCanyon,251.9005530460335,89.5899022175259,0.627445866091918,3.579831329395161,3.544220499827914,-0.0312221389500413,0,,,10,3.328331779577507,30.345369839984,5.157619017097527,1,251.1866344227139,90.12790720202526,0.6289959844347952,0.6830423149845347,321
81.0,UrbanCanyon,252.19066230158265,89.79909712831665,0.6247406057513265,3.5766729072704764,3.586156889879111,-0.03558793044928,1,249.293077575422,95.95177351434738,8,3.712767409675753,30.60486061941516,4.277897414757738,1,252.4081815690481,89.26487641509448,0.67856906345822,0.7418888902339036,376
81.10000000000001,UrbanCanyon,252.48107803399472,90.00732119319659,0.622035345410735,3.5734935123428277,3.535496690518868,-0.0365974922087329,0,,,7,2.6920346039443155,29.937700651892936,6.069213851499318,1,252.8002315397652,89.87699825919657,0.6052860111893965,0.7246572654787333,294
81.2,UrbanCanyon,252.771795430296,90.21457308490264,0.6193300850701435,3.570293421105822,3.5645898336620125,-0.0270652992775075,1,252.53095805021957,94.01181901371378,8,2.983548272669041,29.379428021539336,4.493720470735323,1,253.2352955676189,90.6563183493254,0.6004575172020639,0.6954540376133032,275
81.30000000000001,UrbanCanyon,253.062809692077,90.42085151578624,0.616624824729552,3.567072912175524,3.49431749711298,-0.0247068933233793,0,,,7,3.2458962975645624,31.1319626599616,4.283484356796174,1,253.0081620379896,90.89276433041378,0.6527096381875603,0.8033955056361194,326
81.4,UrbanCanyon,253.3541160359418,90.62615523773088,0.6139195643889606,3.563832266257588,3.5657646655551054,-0.0252769081151194,1,263.683460516257,87.5592417752175,8,2.7641701188180607,27.29315130901892,6.450616355007265,1,252.0622256846501,90.41375599530193,0.6162430820277343,0.7817877181347178,291
81.5,UrbanCanyon,253.6457096939544,90.83048304206336,0.6112143040483691,3.5605717661141525,3.5511167458306216,-0.0243898822424754,0,,,8,3.009847902631752,29.363884881864607,4.615341202402269,1,253.96480881169427,90.55110943863086,0.6241308152217915,0.737807839940927,395
81.60000000000001,UrbanCanyon,253.93758591408275,91.0338337594597,0.6085090437077776,3.557291696530483,3.510396972867251,-0.0276356080246138,1,269.5439199374975,97.4040080043508,6,5.968120402034533,20.679443642543035,9.063787751998872,1,253.84916890527543,90.93540366985196,0.6014231247405597,0.8901851937108745,291
81.7,UrbanCanyon,254.2297399606402,91.23620625984502,0.6058037833671861,3.553992344281371,3.5365694600194533,-0.0290042642486271,0,,,9,3.1233534458319347,29.82765031597145,5.25396137586373,1,254.2404654922988,90.6725580193424,0.5769579095223221,0.7627972058882179,359
81.80000000000001,UrbanCanyon,254.52216711472363,91.4375994522878,0.6030985230265946,3.5506739980973,3.5452298035962877,-0.0331524771617644,1,262.1097760733327,90.93351162964716,7,3.199204104895557,28.225185799081288,4.75439448432192,1,254.5223303985479,91.4220350401688,0.601188819158319,0.7597470452774364,328
81.9,UrbanCanyon,254.81486267464928,91.63801228488845,0.6003932626860031,3.547336948630376,3.4934080440481314,-0.0298031957868514,0,,,9,2.5537730733064743,31.55162645932728,5.792801091868923,1,255.25466235738745,91.37321112806536,0.5404142742769316,0.7465591080100938,340
82.0,UrbanCanyon,255.10782195638524,91.83744374466193,0.5976880023454116,3.543981488420025,3.5194097937167546,-0.0344237286285134,1,260.9430381793403,98.6897748755596,8,3.8181323891954646,30.27331649417242,4.580536090219591,1,255.35076180766785,92.0518475596478,0.6020386730732548,0.7536406090995548,385
82.10000000000001,UrbanCanyon,255.40104029398125,92.03589285741522,0.5949827420048202,3.540607911858473,3.460570615677316,-0.03191197617974,0,,,8,2.9345186925863564,28.30939789749356,4.708546670530521,1,254.20186310715317,92.63361358418533,0.5623957018404555,0.7701947221124447,252
82.2,UrbanCanyon,255.69451303999517,92.23335868761882,0.5922774816642287,3.5372165151559964,3.65352662296277,-0.0269975784095964,1,259.9809495677085,89.94806344836645,7,2.6443769771892507,30.948546294574264,5.326268668049962,1,255.596016632778,91.97690964206008,0.5789363010338242,0.811178350916804,347
82.30000000000001,UrbanCanyon,255.98823556591623,92.4298403382726,0.5895722213236372,3.53380759630596,3.5700587990892725,-0.0280773424231426,0,,,6,3.3780249573835714,28.31947655760771,7.116674430917605,1,256.1106846743584,92.33830471724364,0.628428769213174,0.7823527316628219,342
82.4,UrbanCanyon,256.2822032625855,92.62533695076644,0.5868669609830457,3.53038145504964,3.5193693264678445,-0.0113719923109968,1,258.4190740956883,86.49784399558352,10,3.2840319339907698,28.184699018407105,4.18106267539836,1,256.700872648503,91.81944794116949,0.5963058161054615,0.8081637693137982,362
82.5,UrbanCanyon,256.5764115406123,92.81984770473504,0.5841617006424542,3.5269383928408424,3.5696470721063265,-0.0344889375353639,0,,,8,3.2738081831708605,31.23947508985112,4.425545092808693,1,256.6262043431072,93.16441430860212,0.6015276829796194,0.6973251029716426,310
82.60000000000001,UrbanCanyon,256.8708558307881,93.01337181790736,0.5814564403018627,3.523478712810312,3.37623035291614,-0.0280521721150051,1,263.1605516188413,94.88286213016062,8,3.0229186118578824,28.83472861745677,4.846136649984143,1,257.73164719771546,89.48653604238574,0.7170762255339049,0.3124084686065412,154
82.7,UrbanCanyon,257.16553158449614,93.20590854595076,0.5787511799612712,3.5200027197299413,3.3392637841615835,-0.0348645725655702,0,,,8,2.86754034347772,28.11961667112334,4.4771619448322415,1,257.7819487106441,92.26890086088316,0.5540638834344502,0.8518670693694581,291
82.80000000000001,UrbanCanyon,257.4604342741181,93.39745718230942,0.5760459196206797,3.516510719976792,3.4649386028900437,-0.0294943609118994,0,,,8,2.5517348266230213,29.258318226276955,5.489780616699491,1,257.0137715914152,93.04664315239502,0.5589803884553799,0.8625255521362982,337
82.9,UrbanCanyon,257.7555593934368,93.5880170580377,0.5733406592800883,3.513003021496915,3.403589541167645,-0.0293419009909581,0,,,10,2.478734733226183,30.92838983420034,4.724955765802818,1,257.5254340087568,93.4921840676571,0.6079452354531645,0.7943760528889289,304
83.0,UrbanCanyon,258.0509024580356,93.77758754162798,0.5706353989394968,3.509479933768987,3.470221061679181,-0.0230953102821637,1,256.3168344536546,93.23387292544108,7,3.291249344457732,29.68568776842845,4.8565761391342726,1,257.66030307800816,93.10266847072104,0.5693570190041997,0.860702117764093,350
83.10000000000001,UrbanCanyon,258.3464590056937,93.96616803883326,0.5679301385989053,3.505941767767768,3.498117841882818,-0.029911009246979,0,,,9,3.0712877535056444,27.672983779187646,6.505387846112639,1,258.60804293842926,94.31897772968176,0.5687703080739746,0.74028195589667,369
83.2,UrbanCanyon,258.6422245967779,94.15375799248456,0.5652248782583138,3.502388835927375,3.53734587394669,-0.028494527839479,1,254.88993242452787,92.39635351515456,8,2.94586649753144,32.41849691646628,4.609276817973152,1,258.968989450556,93.47728774547728,0.5264288177036258,0.7914313898543318,374
83.30000000000001,UrbanCanyon,258.9381948146302,94.34035688230313,0.5625196179177223,3.498821452104389,3.4127418996067425,-0.0297693423692733,0,,,9,3.0638398163895224,30.446005717166745,4.399901026667109,1,258.69994898114135,93.6022689572169,0.5692104317465669,0.7781327771090611,337
83.4,UrbanCanyon,259.23436526595185,94.5259642247072,0.5598143575771308,3.495239931540782,3.501970912693205,-0.0348510955745053,1,258.3860285418771,90.9833878842666,9,3.338313540783619,29.798465845307764,5.652986559270429,1,254.47138431827068,93.60281865650624,0.6476375618955679,0.2498284434803601,188
83.5,UrbanCanyon,259.530731581183,94.71057957261424,0.5571090972365393,3.4916445908266924,3.47591125843352,-0.0309530691747513,0,,,7,3.2139724689247795,29.57486745467753,4.656239078140487,1,259.5168017130166,93.2277148253841,0.5725112604213298,0.8521093319045705,355
83.60000000000001,UrbanCanyon,259.8272894148784,94.8942025152374,0.5544038368959479,3.488035747863029,3.4921939352412177,-0.0295932955238012,1,260.8892226245702,92.51923359158336,7,3.212934101045964,31.551027087738824,4.813951551809044,1,259.84865726807755,95.01035719188994,0.5837335796589334,0.8754279432094635,345
83.7,UrbanCanyon,260.12403444607924,95.07683267787752,0.5516985765553564,3.484413721823925,3.436888742320738,-0.0271901377012567,0,,,11,3.1247808441975,28.00834888977162,4.179081349051778,1,260.59774563366926,95.2042099224903,0.5514051668465201,0.6059350540608707,306
83.80000000000001,UrbanCanyon,260.4209623786803,95.25846972170982,0.5489933162147649,3.480778833119041,3.5470551335397986,-0.0247053757105201,1,259.68591781385965,91.5768799568473,5,2.8563227286083737,29.65057757753652,4.978620306871141,1,260.604289356456,95.3623518500378,0.6081474363335673,0.8086416409363977,354
83.9,UrbanCanyon,260.71806894179326,95.43911334356577,0.5462880558741734,3.477131403355717,3.4562696992445217,-0.0288464781639611,0,,,7,4.1421360176828586,27.114768362257564,5.297781888721508,1,260.7656339825304,95.12558059124726,0.5369727101940853,0.838927369491225,331
84.0,UrbanCanyon,261.01534989010526,95.61876327571012,0.5435827955335819,3.473471755300987,3.563892729236427,-0.0289471892848223,1,262.314434406914,95.69310349909956,8,2.7653272957633184,29.56286721434264,5.975892537230263,1,261.544928885852,95.18854230071584,0.5264135790785947,0.8323219079076273,319
84.10000000000001,UrbanCanyon,261.31280100423345,95.79741928561292,0.5408775351929904,3.469800212843454,3.4034257451395447,-0.0366715992601684,0,,,10,2.817955261006753,26.648149624442453,4.277834107778302,1,261.3345731343734,95.96974427231882,0.5606951028421596,0.734249935022021,308
84.2,UrbanCanyon,261.61041809107485,95.97508117571708,0.5381722748523989,3.466117100955032,3.4907547259190896,-0.0247913016541593,1,265.1825767433557,98.38524218643136,11,2.6725703588474987,27.996914887604294,4.634215422552313,1,262.13780524396253,95.87310961496313,0.5281018843571941,0.8417940428957257,296
84.30000000000001,UrbanCanyon,261.9081969841518,96.15174878320072,0.5354670145118074,3.4624227456525585,3.4377312746810427,-0.0312375806388398,0,,,8,3.564253767331885,26.644879083591924,4.550833929336444,1,262.0366523162363,95.26705289527582,0.5202207034651214,0.8094409003658375,328
84.4,UrbanCanyon,262.2061335439527,96.3274219797354,0.532761754171216,3.458717473959287,3.416970491226363,-0.0236722021632752,1,261.1710574301656,97.62494214608984,9,3.379004171401051,32.52412418792276,4.6889084508229,1,261.84630231780704,96.83023909412871,0.555268601605932,0.8310220369887255,362
84.5,UrbanCanyon,262.5042236582684,96.50210067123916,0.5300564938306245,3.4550016138662576,3.470685717745769,-0.0206597283641795,0,,,7,3.2907097516774395,30.219670483226675,5.680906473189596,1,263.0182532319724,96.89343685123796,0.5152876643679196,0.7998912789493745,238
84.60000000000001,UrbanCanyon,262.8024632425233,96.67578479762544,0.527351233490033,3.451275494293553,3.410111920399943,-0.0285904042058337,1,271.2827124386429,98.16218962896856,9,3.1421785333172023,26.452982339406446,5.458150715027093,1,263.19583490682174,96.70788157371156,0.5134191562486485,0.8267111596042211,348
84.7,UrbanCanyon,263.1008482401025,96.8484743325473,0.5246459731494415,3.4475394450514485,3.261960527442757,-0.0329819870304845,0,,,8,3.537649627219313,26.458473322683076,5.561359642936346,1,263.20432750770044,96.42566298137253,0.4973230275657982,0.8982604950778798,363
84.80000000000001,UrbanCanyon,263.3993746226734,97.020169283137,0.52194071280885,3.4437937968014496,3.23179189707728,-0.0276959136503112,1,272.5997594221876,100.53572643766071,8,2.587211533890722,28.292685965813725,3.471812673309161,1,263.40450984236963,97.4268682818534,0.5167550492819877,0.773207138345267,318
84.9,UrbanCanyon,263.698038390503,97.19086968974148,0.5192354524682585,3.440038881017239,3.4873640110325232,-0.0256986793660408,0,,,8,2.7206200901230946,28.59407489751061,6.911368612998935,1,263.91812362624967,97.24487103335724,0.4995425202743337,0.752730530865326,253
85.0,UrbanCanyon,263.9968355727697,97.36057562565338,0.516530192127667,3.4362750299455205,3.477740009624278,-0.0291684857318747,1,269.93188247116456,104.14894622493912,9,2.943631099942277,26.0023570890492,5.660569903105749,1,264.3517316658907,97.41112378267388,0.4875416335316584,0.726780291199087,271
85.10000000000001,UrbanCanyon,264.29576222787085,97.52928719683756,0.5138249317870756,3.432502576566775,3.5112983521400665,-0.0304860203829149,0,,,8,2.87616250559258,31.55429178830844,5.929676639184653,1,263.77316708449905,96.96976222973726,0.4948966324203221,0.8006226845575116,271
85.2,UrbanCanyon,264.5948144437244,97.69700454165374,0.5111196714464841,3.428721854555932,3.393680540809628,-0.0246622849582902,1,271.4774946249649,99.3135487606038,7,2.8201353498469635,31.60742492675155,4.973018637852455,1,264.3724555834028,97.44964493212306,0.5107736434507251,0.8219752302974781,389
85.30000000000001,UrbanCanyon,264.8939883380662,97.86372783057466,0.5084144111058926,3.424933198242955,3.3140290916015305,-0.0249400742998916,0,,,8,3.300101986293819,28.962321996785,5.913064083611502,1,265.5774552303258,97.52157105376853,0.5036464630732489,0.7617147579352849,346
85.4,UrbanCanyon,265.19328005874195,98.02945726590028,0.5057091507653011,3.4211369425733555,3.361875746988615,-0.0293485017962669,1,266.4786514290271,101.18408651419352,11,3.268238591992401,29.76605046304456,5.717270688070089,1,264.8807737083065,98.08863826704844,0.5337309328656228,0.7613390251620705,273
85.5,UrbanCanyon,265.49268578399364,98.19419308146792,0.5030038904247096,3.4173334230686327,3.3861530031760103,-0.0362007612650249,0,,,6,2.8374094966298857,26.37643356058605,4.5659477674156514,1,265.5039712985679,97.64516396793012,0.5007127041872357,0.6528862808116738,349
85.60000000000001,UrbanCanyon,265.79220172274114,98.35793554235828,0.5002986300841181,3.4135229757866465,3.320232200592247,-0.0252289636963541,1,264.4472971434578,94.29731862552364,7,3.186794447450478,30.61303674695389,5.819167504608531,1,266.5438783533095,98.3208102390044,0.5225499897743093,0.8619261845696821,305
85.7,UrbanCanyon,266.0918241148584,98.52068494459768,0.4975933697435271,3.409705937281928,3.477198262770544,-0.0316390884977462,0,,,8,3.3562773335201044,28.384085954477435,6.341679094538123,1,266.8187385863678,98.49427130159292,0.5479256453440771,0.7520082615184888,337
85.80000000000001,UrbanCanyon,266.39154923144423,98.6824416148564,0.494888109402936,3.4058826445659323,3.506962402541413,-0.0264935288643738,1,272.05599736621207,94.5347082216156,9,3.715212733216556,28.90820160942224,3.89704678779941,1,265.8775822334478,98.57422469884138,0.5203268826465863,0.8357327570304185,406
85.9,UrbanCanyon,266.69137337508766,98.843205910143,0.492182849062345,3.4020534350672413,3.396458953668312,-0.0268416778225909,0,,,8,2.5491233605617176,30.86248012557599,4.116657410242038,1,266.7499571970842,98.90238099521862,0.4823337280130904,0.7871910190941095,419
86.0,UrbanCanyon,266.9912928801282,99.00297821749535,0.4894775887217539,3.3982186465917152,3.3646595372765145,-0.0375691981323764,1,264.4402793191477,105.74285762197744,8,2.85212170399762,26.15570561326353,5.932632264905095,1,266.5127513097497,98.93055527774648,0.4818965172682343,0.8513832958436501,331
86.10000000000001,UrbanCanyon,267.2913041129101,99.16175895366744,0.4867723283811629,3.394378617282603,3.2860324810555417,-0.0273016860985304,0,,,6,2.6131077677490118,29.50481475915169,4.531641392205154,1,266.5694874911019,98.72084069263852,0.4481168790391692,0.8428525179781741,301
86.2,UrbanCanyon,267.5914034720316,99.31954856481296,0.4840670680405718,3.390533685580614,3.4514994396022645,-0.024963672066779,1,272.2002728503901,99.903599713495,7,2.953981386948564,30.24725107853935,4.884878249499426,0,,,,0.8526608713694769,297
86.30000000000001,UrbanCanyon,267.89158738858816,99.47634752616524,0.4813618076999808,3.3866841901839564,3.36185613000921,-0.0243170184930422,0,,,8,2.506203378343069,30.42748145788852,6.595100658663804,1,267.4975884421136,99.95492155865104,0.4913076797739055,0.8318554448810648,399
86.4,UrbanCanyon,268.1918523264107,99.6321563417136,0.4786565473593898,3.382830470008348,3.334340109191148,-0.0270558891167091,1,273.01055047604683,101.96079862375392,10,2.6978756678852758,29.598166616547537,4.371795086360049,1,269.4966229471755,99.64787489871794,0.4482434484190114,0.8502757935691531,302
86.5,UrbanCanyon,268.4921947822974,99.78697554387644,0.4759512870187987,3.378972864147,3.377005065668643,-0.038020391239248,0,,,8,3.1315459395319314,30.490885361872948,5.746032677800831,1,268.3306470590519,99.3350142599243,0.4921986614844233,0.8076817819082349,273
86.60000000000001,UrbanCanyon,268.7926112862406,99.94080569317089,0.4732460266782077,3.375111711830588,3.3091032256521498,-0.0209809342427636,1,262.7632589857392,109.09779165574862,5,5.831371155832648,20.107214461907866,9.658828379650434,1,268.2403577467351,99.58020362833192,0.4505725258895143,0.7553194951211911,302
86.7,UrbanCanyon,269.09309840164707,100.09364737787917,0.4705407663376166,3.371247352387203,3.34891964708821,-0.0255647097231637,0,,,9,3.2412736290684148,28.90843505599505,5.222357707069073,1,269.6484142679852,100.69986985636632,0.4742171523703451,0.8111898985694197,354
86.80000000000001,UrbanCanyon,269.3936527255537,100.24550121371176,0.4678355059970256,3.3673801252022963,3.248814578059365,-0.0339841298187057,0,,,7,2.7469565032325347,31.06935476827059,3.781596912917328,1,269.05066829706414,99.99045944166876,0.4552465661624345,0.7757638924991376,355
86.9,UrbanCanyon,269.69427088883646,100.39636784346756,0.4651302456564345,3.363510369678619,3.394141484026932,-0.0318136369897769,0,,,6,2.9375155640325854,29.674679854147616,4.371263519857267,1,269.99187363516165,99.98813712490778,0.4473688212853912,0.6948281315290549,398
87.0,UrbanCanyon,269.9949495564136,100.54624793669082,0.4624249853158435,3.359638425196162,3.317313108448681,-0.0264730727330043,1,270.01822636851523,96.31041213127727,7,3.623853429681822,28.4252817408759,5.248708384486013,1,269.6957132873982,99.61680339287862,0.4904735580487145,0.775590763621639,384
87.10000000000001,UrbanCanyon,270.29568542744335,100.69514218932498,0.4597197249752525,3.3557646310721045,3.3886350653400674,-0.0240715850684213,0,,,9,2.7052084265389773,29.43391572680393,5.987621931234662,1,271.4507462750369,100.85936437854082,0.4318625525756783,0.6474686292200418,299
87.2,UrbanCanyon,270.5964752355158,100.84305132336394,0.4570144646346614,3.351889326520764,3.3043599928754204,-0.0302305282444639,1,272.6286430668723,103.56025305686832,8,3.315488765479089,28.894438723514774,5.632717457903366,1,270.458792786881,101.73939114982508,0.4409300566139369,0.9279668287530706,304
87.30000000000001,UrbanCanyon,270.89731574883825,100.98997608650008,0.4543092042940704,3.3480128506135736,3.3058994669497896,-0.0233789143142654,0,,,9,3.4696875433770176,26.95763030943496,5.452546548303453,1,270.80302534675064,100.95045295364034,0.4289879331405641,0.713903650757696,350
87.4,UrbanCanyon,271.19820377041503,101.1359172517698,0.4516039439534793,3.344135542239068,3.236470809667734,-0.0370760085520763,1,259.566384557815,101.02251915059556,8,2.914046671190422,27.817672259245874,3.8507153249144026,1,271.41677839676714,100.78388199929898,0.4744808873934292,0.7726515503334983,289
87.5,UrbanCanyon,271.4991361382212,101.28087561719612,0.4488986836128883,3.340257740062901,3.3501086051650817,-0.0331149664563364,0,,,8,2.9253706623686644,32.544860707876246,5.820142104417646,1,271.89139484533354,101.33688024846064,0.4309216402894287,0.9279985564666432,296
87.60000000000001,UrbanCanyon,271.8001097253704,101.4248520054288,0.4461934232722973,3.3363797824878905,3.246724484610965,-0.038486045707169,1,262.4311828280848,109.25800898611269,9,2.881568102361049,28.277973198710136,6.24517206415475,1,270.73212600923074,101.14428308222422,0.4394001984697442,0.7796418266847337,251
87.7,UrbanCanyon,272.1011214402761,101.5678472633818,0.4434881629317062,3.3325020076140968,3.2650845473026844,-0.0323943589697934,0,,,9,3.753307469569618,28.63284678037652,5.357136202146846,1,275.3535023352424,103.88621715355642,0.5812547451036902,0.282832180176489,129
87.80000000000001,UrbanCanyon,272.4021682268076,101.70986226186832,0.4407829025911152,3.328624753198941,3.292845010145128,-0.0197760479184784,1,279.0008366124367,106.15041760913267,7,3.924448568668044,29.19325234744523,5.910286443670778,1,272.7617872087793,101.6197557275742,0.4361227412562343,0.8073769861392751,384
87.9,UrbanCanyon,272.7032470644392,101.8508978952334,0.4380776422505241,3.324748356617369,3.2997783341990825,-0.0168172991356895,0,,,8,3.080712798207925,28.31629639040224,5.337849449530557,1,272.85721450240555,101.54468396924337,0.3915493523722997,0.7933511201842333,310
88.0,UrbanCanyon,273.0043549683936,101.99095508098404,0.4353723819099331,3.3208731548220585,3.18436364827268,-0.0263600768835631,1,283.59592370639024,101.46819598030002,11,2.9313684193843867,31.17058679252555,4.619975756868401,1,273.1793773732335,102.25068690837767,0.4788232313852281,0.8297071531773461,346
88.10000000000001,UrbanCanyon,273.3054889897787,102.13003475941736,0.432667121569342,3.3169994843036896,3.266825760055489,-0.0309572692100586,0,,,7,2.492343912945965,27.355248544032094,4.289282142845754,1,274.1182056396099,102.51912028954924,0.424736497533384,0.7785840254910583,339
88.2,UrbanCanyon,273.60664621571914,102.26813789324628,0.429961861228751,3.3131276810512627,3.3234375836920496,-0.0288107434547621,1,265.58512527927587,99.63600105150552,10,3.0832088753783684,30.196967928320824,5.570597797233098,1,273.2808631790457,101.3175357445166,0.394903641765858,0.7919499393879832,368
88.30000000000001,UrbanCanyon,273.9078237694804,102.4052654672232,0.42725660088816,3.309258080512487,3.247237132969809,-0.0251756789772945,0,,,10,3.612285878202452,30.13091146089709,4.956575201360543,1,275.2919041182658,101.52470188454402,0.4095972743579965,0.8167103548604228,359
88.4,UrbanCanyon,274.2090188105875,102.54141848776156,0.4245513405475689,3.305391017554236,3.2503496133207768,-0.0358072307209307,1,278.0248015397867,106.32051127301352,8,3.16931311336846,28.727546519410115,4.641664458751059,1,274.80925014509427,102.49248968721112,0.441524956160559,0.791752274254532,282
88.5,UrbanCanyon,274.5102285349377,102.67659798255563,0.4218460802069779,3.301526826423071,3.2680859709130425,-0.0305218665790545,0,,,7,3.304467809325474,30.01186690411988,4.4344308356727975,1,274.8582730209756,103.05260829635768,0.470622527195156,0.784718755450899,301
88.60000000000001,UrbanCanyon,274.81145017490576,102.81080500019831,0.4191408198663868,3.297665840705848,3.24623615338331,-0.0200077281154035,0,,,9,2.658345983222583,32.05967530748753,5.857283822590977,1,275.3054102651658,102.45257115937244,0.3929735617966106,0.8302858915296873,247
88.7,UrbanCanyon,275.112680999444,102.94404060979689,0.4164355595257958,3.293808393290405,3.185734079715348,-0.0329356455520834,0,,,7,2.2965373768969624,28.51071515881895,5.167439738120073,1,275.543705776126,103.3295656672336,0.4259167429115624,0.7861540308393219,339
88.80000000000001,UrbanCanyon,275.41391831417576,103.0763059005874,0.4137302991852047,3.2899548163263344,3.244000883753284,-0.0313710258810865,0,,,10,2.7897816228724954,28.36767752744457,4.449955098843545,1,275.6790946438032,103.12861561265876,0.3955716659289172,0.8797888576046724,393
88.9,UrbanCanyon,275.7151594614822,103.20760198154731,0.4110250388446137,3.286105441185849,3.2995019269613723,-0.0273719121226214,0,,,8,3.2103638926458657,28.328659459198757,5.33551515602869,1,275.10661397596334,103.28095446020976,0.4184197521963555,0.8772678385683691,351
89.0,UrbanCanyon,276.0164018205832,103.33792998100633,0.4083197785040227,3.2822605984247435,3.170930514593977,-0.0259066419303901,1,281.6435184058574,104.57920300664294,8,3.375256103627,26.75397167869648,4.435100457511224,1,277.04511895985456,103.70042533439911,0.4145838379513455,0.6894557160864182,336
89.10000000000001,UrbanCanyon,276.3176428076117,103.46729104625598,0.4056145181634316,3.278420617743459,3.2095518644782493,-0.0306576802809284,0,,,9,3.496284439795834,30.34857802616568,4.943446005294183,1,277.2384895776139,103.21136528035592,0.3835843351050334,0.6335568534088095,336
89.2,UrbanCanyon,276.6188798756819,103.59568634315772,0.4029092578228406,3.274585827948252,3.140647356489072,-0.0270158447460394,1,273.28877951161246,104.9939178501418,6,3.224853085859614,30.727229083745097,4.573499551252822,1,276.90536292186454,104.10038808540982,0.3642205256620938,0.8446153033392375,347
89.30000000000001,UrbanCanyon,276.9201105149505,103.72311705574958,0.4002039974822495,3.27075655691247,3.277829607142131,-0.0241925952798101,0,,,6,3.3136103841835705,28.952373250901744,5.631238058139405,1,276.4223010269293,103.1396711172138,0.4272024500028615,0.8074390488669699,311
89.4,UrbanCanyon,277.2213322526725,103.84958438585176,0.3974987371416585,3.2669331315379546,3.2144471612849053,-0.0171605469272604,1,279.0567055684234,100.21549112727698,6,3.263082779785184,29.08302272891965,4.696251423452022,1,277.6461550494004,104.1878206340661,0.4312698703914668,0.7667170830462056,330
89.5,UrbanCanyon,277.5225426532496,103.9750895526708,0.3947934768010674,3.263115877716549,3.1659972488602603,-0.028055494354647,0,,,10,2.744060841793658,26.913515370887424,5.673511844654625,0,,,,0.7126998364260705,350
89.60000000000001,UrbanCanyon,277.8237393182729,104.09963379240276,0.3920882164604764,3.259305120291742,3.215648267583431,-0.0276103047329335,1,278.30106230052866,104.09201602152932,9,3.0777005377128948,30.67676559523436,3.6472958645749216,1,278.2705213122156,104.51270738665038,0.3996418043584584,0.7807668261017842,275
89.7,UrbanCanyon,278.1249198865592,104.22321835783548,0.3893829561198854,3.255501183020433,3.134886030150005,-0.019406166440438,0,,,7,2.9549953659573784,29.960578850880047,3.6349515923302382,1,277.2744406419767,103.6246932459259,0.4097094962783734,0.7748229504478755,327
89.80000000000001,UrbanCanyon,278.4260820341804,104.34584451794966,0.3866776957792943,3.251704388534838,3.137833188659594,-0.0302899803710317,1,273.6389520266208,106.80361508363534,9,3.0909744964101344,27.97677785709149,5.566574111685824,1,278.85003356158404,104.6014952977142,0.4162181526105413,0.805990909847107,310
89.9,UrbanCanyon,278.72722347448683,104.4675135575192,0.3839724354387033,3.247915058304529,3.108050275005231,-0.034353295724592,0,,,8,2.231452263715261,28.35369729539857,6.323209226214263,1,278.82082242783184,103.90549845332691,0.3837558928679536,0.8069599112627749,348
90.0,UrbanCanyon,279.02834195812414,104.58822677671084,0.3812671750981122,3.244133512598619,3.1270043278436743,-0.0261234301372444,1,277.1455999358455,103.59692752938938,5,6.249522263268652,22.34054659981261,9.818252873397684,1,278.63710998184274,104.39520463729484,0.3738840448650586,0.7949135281428557,314
90.1,UrbanCanyon,279.32943527304377,104.7079854906829,0.3785619147575212,3.240360070448091,3.268864094574392,-0.0217826846211847,0,,,6,3.204190521186763,28.657492939353816,6.07550072044334,1,279.60093102303296,104.24236637968852,0.3542508877029497,0.7257214371091484,331
90.2,UrbanCanyon,279.63050124450695,104.82679102918348,0.3758566544169301,3.2365950496082845,3.139327546446497,-0.0255406551008161,1,276.8030789398398,102.72138706355032,9,2.709541621456871,29.892266576810982,5.718941690813778,1,279.8048833583598,104.59693883105444,0.3642874719215179,0.8082767855708541,306
90.3,UrbanCanyon,279.9315377350823,104.9446447361481,0.3731513940763391,3.232838766521536,3.2079829806887257,-0.0280053619100839,0,,,6,3.076286724360213,30.02374764739513,4.947148695876234,1,279.88510327976684,105.31425056138228,0.3524366173970628,0.8605058740685722,361
90.4,UrbanCanyon,280.2325426446371,105.061547969297,0.3704461337357481,3.229091536279977,3.1273023746111352,-0.0350802891669882,1,281.40309026543594,103.91741233164736,9,3.0305952670985,29.55745773423038,4.586523069266346,1,280.30925601898866,105.11359755419043,0.3910371736717639,0.6417463355535125,304
90.5,UrbanCanyon,280.5335139103219,105.17750209973174,0.367740873395157,3.225353672588505,3.219652063298365,-0.0277677160675627,0,,,10,3.212946537873267,28.736675474214312,6.550143050917145,1,280.0299508361724,105.87812165561216,0.3644864371878125,0.7267965953841183,358
90.6,UrbanCanyon,280.8344495065492,105.2925085115318,0.365035613054566,3.2216254877279216,3.105137670746192,-0.0210733921344057,1,275.0213051039705,104.78583399304944,10,2.744532774495315,29.736687519842143,5.17324582918156,1,280.2776686386178,104.50360131513874,0.3595378121898198,0.7738140581554596,303
90.7,UrbanCanyon,281.135347444965,105.4065686013508,0.3623303527139749,3.217907292518239,3.1661602934333697,-0.0339912914376779,0,,,9,2.832856932520456,31.141690495820235,4.848536048231442,1,281.14482823195027,105.88933162727288,0.3620858938658911,0.8388955544278612,296
90.8,UrbanCanyon,281.43620577441493,105.51968377801256,0.3596250923733839,3.214199396282176,3.163880657383876,-0.0288261402604764,1,288.480445546293,98.95871137798936,9,3.052276798132313,31.105638500314196,4.778277696912892,1,278.25641155735593,100.86244048307054,0.2466617019371897,0.3051650797941556,141
90.9,UrbanCanyon,281.73702258090293,105.6318554621071,0.3569198320327928,3.210502106808832,3.2982767659399217,-0.0295399730439598,0,,,10,3.2970137750492605,29.03450266461001,7.343390285669576,1,282.034121741749,106.02033660299053,0.3501799568622741,0.6929691001817914,316
91.0,UrbanCanyon,282.0377959875444,105.74308508558671,0.3542145716922018,3.206815730317546,3.1939750194350265,-0.0311724679420153,1,277.5297317406685,103.2603540798609,7,2.9454156903288613,29.83226747957683,4.94604798792418,1,281.88561970688994,105.40983735244949,0.3418977645296017,0.756798471243315,352
91.1,UrbanCanyon,282.33852415451247,105.85337409136206,0.3515093113516108,3.203140571421956,3.112938054766447,-0.0261933887437691,0,,,9,3.217091635185928,28.36422300539505,5.464141187018123,1,282.02230183678097,105.8907129631824,0.3446461630297572,0.848893482156302,307
91.2,UrbanCanyon,282.63920527897824,105.9627239328984,0.3488040510110197,3.1994769330942434,3.1886681938289363,-0.0251469925971486,1,282.7631821884187,106.23345474671773,8,2.911580255304733,31.65911393758812,4.215890717955343,1,283.6388845419451,105.1527714692246,0.3392714303782305,0.7735056680374686,316
91.3,UrbanCanyon,282.9398375950444,106.07113607381216,0.3460987906704287,3.1958251166295915,3.2707041813050526,-0.0251775061172545,0,,,6,2.5062425811043174,28.693211461060365,5.66553866284935,1,282.5536283997236,106.33360567436196,0.3695520932704608,0.8199915744318954,323
91.4,UrbanCanyon,283.24041937367264,106.17861198746778,0.3433935303298376,3.1921854216108385,3.042983969061821,-0.0325031511433405,1,282.6805028023218,97.40409363577852,7,4.796549581973735,20.691283500841973,10.463692026123814,1,283.5222610212267,105.26922290041944,0.34786135797499,0.9809162019429756,366
91.5,UrbanCanyon,283.5409489226049,106.28515315657488,0.3406882699892466,3.188558145873345,3.085090832786405,-0.0360141704398685,0,,,8,3.575173177890597,28.802492360296277,4.457580407804838,1,283.3819848691677,106.1488341802389,0.3529678211709055,0.7721639626125988,285
91.6,UrbanCanyon,283.84142458627804,106.39076107278608,0.3379830096486556,3.1849435854700734,3.1195704774454103,-0.0260192669061347,1,278.18172959943604,101.50966701943248,8,3.894365977022841,29.373299751369583,4.150186851109289,1,284.1273233196778,105.85268558715944,0.38494203467893,0.848564814495641,312
91.7,UrbanCanyon,284.1418447457322,106.49543723629527,0.3352777493080645,3.181342034636887,3.103178627598792,-0.0300269615629483,0,,,6,3.360838186241393,30.317415628406373,5.237881307364289,1,284.39966633274304,105.69032884405428,0.3456241061564116,0.9282578333646732,323
91.8,UrbanCanyon,284.4422078185134,106.59918315543652,0.3325724889674735,3.177753785758068,3.106073284283375,-0.0177488733156928,1,282.4129268163492,106.70996323002495,8,2.824941961862608,28.000216008681758,5.32815421750244,1,284.3100991308601,105.99248980881124,0.3305233440725956,0.6984993069210561,337
91.9,UrbanCanyon,284.7425122585691,106.70200034628368,0.3298672286268824,3.174179129332065,3.0449078391738045,-0.0175153719705538,0,,,10,3.3236060787108683,28.482001556745843,4.732824861961645,1,284.78403176915094,106.1496720312923,0.3361152460016412,0.7972649653861315,367
92.0,UrbanCanyon,285.0427565561384,106.80389033225092,0.3271619682862914,3.1706183539374697,3.20705000757035,-0.0169901942872888,1,271.3816034422031,105.56201871384434,11,3.081809730041837,27.81915258932392,4.883430607087239,1,285.63278659564696,106.60592489464312,0.3153438941931012,0.7499068463824213,304
92.1,UrbanCanyon,285.34293923763505,106.90485464369397,0.3244567079457003,3.1670717461992264,3.032973907732881,-0.0323347257404869,0,,,8,2.9566976019425417,26.37122946294106,6.662891005289147,1,285.29635608503725,106.745357699174,0.3190973256664677,0.6650170072876422,324
92.2,UrbanCanyon,285.6430588655255,107.00489481751242,0.3217514476051093,3.1635395907550823,3.1047871142881758,-0.0244826557641496,1,283.4953173086208,107.88803822350587,8,3.4928919306665867,28.22747871912945,4.36127401108286,1,286.23028417937417,107.36969467855862,0.3310622105236334,0.8679418233870058,300
92.3,UrbanCanyon,285.94311403819955,107.10401239675306,0.3190461872645183,3.16002217022228,3.173645402878281,-0.0229738762341884,0,,,10,2.979593428467606,29.779121597386776,4.869173142677152,0,,,,0.6790286197152255,353
92.4,UrbanCanyon,286.2431033898355,107.2022089302142,0.3163409269239272,3.156519765164495,3.1058930943508587,-0.023601512567043,1,283.9149713169562,100.38114985953636,9,2.8989894640212803,24.431805309078825,5.416359621937862,1,286.1664032610298,106.70319656046898,0.3205608484519868,0.7381561994587923,341
92.5,UrbanCanyon,286.5430255902593,107.29948597205131,0.3136356665833362,3.153032654059027,3.0449284023368643,-0.0294037436058096,0,,,6,3.375810700136368,27.76690946234061,6.349264939397791,1,286.24604214003296,107.16428677459716,0.3162608380419298,0.9056847009212292,339
92.6,UrbanCanyon,286.8428793447972,107.39584508138388,0.3109304062427451,3.14956111326424,3.0182635897407804,-0.0208413642400536,1,285.3401118592864,104.61804579981406,9,3.1854106600830514,29.246812691260946,4.603834158762904,1,287.43032306101856,107.5925326941849,0.2979792378777635,0.7802360500936615,330
92.7,UrbanCanyon,287.14266339412285,107.49128782190354,0.3082251459021541,3.146105416987269,3.081581690189781,-0.0275121348663595,0,,,8,3.520334378954275,28.53892632205759,5.0300005774387655,1,287.9980655368344,107.3474459434252,0.3292087973848567,0.7576309128811795,304
92.8,UrbanCanyon,287.44237651409765,107.58581576148376,0.305519885561563,3.142665837251982,3.0477241632750083,-0.0268670887929715,1,287.36414446737854,105.31729235481993,7,2.553661843609484,27.030580744873188,4.757842931960832,1,287.5557508506973,108.25042695297968,0.3363148479646045,0.9666616393102344,330
92.9,UrbanCanyon,287.7420175156059,107.67943047179088,0.302814625220972,3.1392426438672105,3.101946905336772,-0.0355525240061963,0,,,8,2.81303179543825,29.643804264719357,4.536033304846695,1,287.8091658495568,107.12893588142528,0.3400519482707582,0.9402018623084684,382
93.0,UrbanCanyon,288.0415852443834,107.77213352789671,0.300109364880381,3.135836104395253,3.0031742332598568,-0.0241723328836936,1,291.0146728084173,102.39868502861675,9,2.919647370065716,28.507531339486427,6.247890307418697,1,287.8923157900273,107.42177418927064,0.3119072816204449,0.8071328498497193,398
93.1,UrbanCanyon,288.3410785808405,107.86392650789298,0.2974041045397899,3.1324464841206483,3.1342079361956627,-0.0289486955446435,0,,,8,3.091060378889526,28.53995333055101,4.841607115902487,1,288.1704898626108,107.947700429501,0.3077750196247844,0.8051405586724245,263
93.2,UrbanCanyon,288.64049643987886,107.95481099250716,0.2946988441991989,3.129074046019228,3.0920464548714657,-0.0251147936172337,1,293.3403680237729,101.18791009775492,7,3.125193341211384,30.709664163445357,4.643110028626238,1,288.18505216795046,107.33412964160163,0.3165293848958526,0.9401631643054064,341
93.3,UrbanCanyon,288.93983777070275,108.04478856472032,0.2919935838586078,3.12571905072745,3.0939482456154934,-0.0263108376000854,0,,,8,3.5650550449442804,27.47309961798133,3.9570223364761024,1,288.1004777270102,112.6202973291366,0.1400889548014801,0.2905122277547082,157
93.4,UrbanCanyon,289.23910155662423,108.1338608093869,0.2892883235180168,3.1223817565120204,3.165483114865127,-0.0265698448261989,1,291.6021758677736,104.66695639194825,8,2.9379948845933472,26.638421288561467,4.632506890411981,1,289.4298547854862,108.33698944168668,0.2523572394023636,0.7144606816155857,307
93.5,UrbanCanyon,289.5382868148626,108.2220293128561,0.2865830631774257,3.1190624192397984,3.048906700898975,-0.0277474300459747,0,,,8,2.576535058913467,26.208438534414945,4.573844391766909,1,290.0609564885303,108.52532422054652,0.3147808461254486,0.8635262426194201,351
93.6,UrbanCanyon,289.83739259633813,108.3092956625956,0.2838778028368347,3.115761292347998,3.030287610900724,-0.0234081475667342,1,288.9857553843598,104.88337552654887,8,3.55309961619046,28.687652369274065,6.86950311568687,1,289.30885690648034,107.954048888573,0.2334992658288301,0.7035624998572081,375
93.7,UrbanCanyon,290.1364179854601,108.39566144681724,0.2811725424962437,3.112478626814683,3.0366653672694253,-0.0286089159129032,0,,,10,2.603458163838887,26.987144385401223,6.18059114388234,1,290.66199926671106,107.79020840755044,0.2646242997649466,0.8004161085235232,363
93.8,UrbanCanyon,290.4353620999092,108.4811282541048,0.2784672821556526,3.1092146711295654,3.0528014268306944,-0.0352497061049977,1,293.8030798384761,106.08504899301884,8,2.7296165242259702,25.47073624564135,5.150210044813543,1,289.90681081872737,108.30508540538963,0.3320445484617091,0.860948286719774,296
93.9,UrbanCanyon,290.73422409041393,108.56569767304404,0.2757620218150616,3.1059696712651013,3.0573340932788144,-0.0245869672025823,0,,,9,2.7868030883349677,28.151262124959626,4.874026992304063,1,290.09724003092487,108.6410944367232,0.2883265517408313,0.7162698634879019,355
94.0,UrbanCanyon,291.033003140522,108.64937129185516,0.2730567614744705,3.102743870647898,3.012790868461419,-0.0318576890539276,1,298.12729677524203,103.25676026904316,7,3.5419875337549858,29.5094091025216,4.300404407179178,1,287.1690019939704,111.793127359551,0.1604380393746516,0.2641620173945823,146
94.1,UrbanCanyon,291.33169846636565,108.73215069802733,0.2703515011338795,3.09953751013043,2.939691521991138,-0.0345047856634774,0,,,6,2.9020087544160216,28.132683086030024,6.392840434441403,1,291.38652390146336,108.44063542663254,0.3278232405398715,0.7135497859540194,356
94.2,UrbanCanyon,291.6303093164217,108.81403747795603,0.2676462407932884,3.096350827963067,3.023512899356326,-0.0329188425403919,1,301.55636040665644,105.21355501344168,7,2.9870227441859387,28.099658018736108,5.176817418666831,1,291.39223244624867,109.62813427919323,0.2997389013212062,0.7687982229196179,248
94.3,UrbanCanyon,291.92883497126604,108.89503321658265,0.2649409804526974,3.09318405976642,3.0717715360307944,-0.0260725256701624,0,,,7,3.4402483167960014,31.41581329171885,4.597821383882069,1,291.355768733745,108.59280295114954,0.2482277691531336,0.802826495945384,296
94.4,UrbanCanyon,292.227274743323,108.97513949703654,0.2622357201121064,3.0900374385040057,3.053298764026072,-0.028053446339579,1,294.74019478695936,108.11406133735106,8,3.031441040193195,27.39323736839168,5.897677863768047,1,292.4806702996498,108.71745546473257,0.2528658098219902,0.782014005069701,360
94.5,UrbanCanyon,292.52562797660875,109.05435790028018,0.2595304597715153,3.08691119445524,3.1110724548115334,-0.0386948370290098,0,,,7,2.824243617036435,27.739813301071315,4.92223807109693,1,292.3648097814013,109.1659143854632,0.2298898432844498,0.7834172453696127,336
94.6,UrbanCanyon,292.82389404646995,109.13269000475655,0.2568251994309243,3.0838055551887487,3.15561082538334,-0.0295633396902437,1,287.474750055111,107.48057107201862,9,2.836827072648508,27.631592903286524,4.2148667067239405,1,292.2895117083848,108.57787470535214,0.2163581887357311,0.7131446074462421,359
94.7,UrbanCanyon,293.12207235931675,109.21013738603958,0.2541199390903332,3.0807207455360186,3.078710623829686,-0.0215066970567837,0,,,11,2.752037537774297,30.754719477090923,4.616314814471791,1,292.13818800840454,109.0168123758762,0.2538521976760739,0.7604001486813939,358
94.8,UrbanCanyon,293.4201623523508,109.28670161648728,0.2514146787497422,3.0776569875653723,3.112743101787844,-0.0300109051520681,1,294.61673961067794,104.08699618402018,7,2.6438790554024107,28.975874182406653,4.547805073563017,1,293.5329087143382,109.15265340576327,0.2627399188465231,0.7506753478220451,264
94.9,UrbanCanyon,293.718163493288,109.36238426489793,0.2487094184091511,3.074614500556286,3.0698931205669657,-0.0284973557683624,0,,,11,3.076783069062277,25.664774973866034,5.334774923640433,1,293.67414004859296,108.96141765028854,0.2396245780811208,0.8818536748248293,382
95.0,UrbanCanyon,294.0160752800759,109.43718689616914,0.2460041580685601,3.071593500974044,3.1228133172284758,-0.0222062257956845,1,290.5689880953643,109.15786925395976,6,3.258614553353378,30.805683559399736,4.925408986193364,1,293.8703550719156,109.2759886032381,0.2203085666149031,0.7731478580938886,291
95.1,UrbanCanyon,294.3138972406064,109.51111107095998,0.2432988977279691,3.068594202444733,3.127419007285223,-0.0234635191665874,0,,,6,3.6075442794283936,28.941848174245575,5.038082994365003,1,293.42782193078955,109.1194237372818,0.2328726973993617,0.6897723496890519,303
95.2,UrbanCanyon,294.61162893242334,109.58415834535624,0.240593637387378,3.0656168157305914,3.071927318713936,-0.0222822015881755,0,,,9,2.934134453631655,28.38411963675205,5.230067221119996,1,294.6763207239119,109.5330409999568,0.214374731977998,0.8048227069541869,359
95.3,UrbanCanyon,294.9092699424247,109.65633027053876,0.237888377046787,3.062661548705691,3.0557769573010214,-0.0421884990510255,0,,,10,3.1811800488004254,26.61704397118799,4.694457107568048,1,295.2893255349955,108.96204439206188,0.2336655383566728,0.7786930378515491,330
95.4,UrbanCanyon,295.2068198865606,109.72762839245512,0.2351831167061959,3.059728606331986,2.998458353028005,-0.018588356694743,1,295.35070822263515,106.46231244598825,8,2.787470990490008,26.511476409635986,4.122432206229087,1,294.88552369734026,109.4522044676761,0.2468237960698998,0.8273482208070617,331
95.5,UrbanCanyon,295.5042784095257,109.79805425149462,0.2324778563656049,3.056818190635709,3.004686739388076,-0.0243164519301164,0,,,8,2.896521902423413,30.751445352972024,4.320882882820048,1,295.1200302224941,110.00147522462812,0.2942881493576084,0.8500138319382988,406
95.6,UrbanCanyon,295.8016451844473,109.86760938216644,0.2297725960250138,3.0539305006841184,2.982696435575965,-0.0147413882857328,0,,,8,3.2902454575738123,31.365106078399894,7.279046183498472,1,295.26377961860135,110.51850795019266,0.2045879124670184,0.7814928566684216,314
95.7,UrbanCanyon,296.0989199125689,109.93629531278144,0.2270673356844228,3.0510657325626203,3.038735540658384,-0.031826572168485,0,,,8,2.8779790898760256,29.16042203632643,5.7214250125121495,1,296.21701756842225,109.64738760656564,0.2234708439635508,0.814809337645003,285
95.8,UrbanCanyon,296.396102322928,110.00411356513727,0.2243620753438318,3.048224079352237,2.9580265464025466,-0.0370687554364469,1,303.1009328747664,109.56900884947414,10,2.6355369869629923,28.996300352447783,4.2304942821089,1,295.5862732664731,109.55416882210932,0.1984736600272869,0.7882659308638704,359
95.9,UrbanCanyon,296.69319217203054,110.0710656542071,0.2216568150032407,3.045405731107455,2.985965493014959,-0.0277601970151028,0,,,8,3.1608959087042687,30.124820490629347,6.559074493529615,1,297.320400983231,110.02829988585448,0.2077807840661747,0.7785071662718441,341
96.0,UrbanCanyon,296.9901892435203,110.13715308783192,0.2189515546626497,3.0426108748344274,2.8529321120950515,-0.0292895276800389,1,295.556473985702,116.67475471342784,7,2.9684169699758627,27.374547378450632,4.560502333257542,1,296.7038114559184,109.88003484838674,0.1851746298044059,0.8177868004685703,346
96.1,UrbanCanyon,297.2870933478433,110.2023773664165,0.2162462943220586,3.0398396944695585,3.092910887251941,-0.0243876689893433,0,,,6,2.9407522335073266,27.728002862925376,4.7793291523844985,1,296.8406712344977,110.48463926613184,0.2305566150971487,0.904828766491222,366
96.2,UrbanCanyon,297.58390432190856,110.26673998262903,0.2135410339814676,3.037092370858456,2.969958256942732,-0.022141009444993,1,287.3277868414467,112.09595347394796,5,5.691645294911565,19.959082049574576,9.097928840744062,1,298.461676069429,110.2592919105936,0.2180732390510611,0.780711184059611,368
96.3,UrbanCanyon,297.8806220287438,110.33024242110456,0.2108357736408765,3.034369081735259,3.0079575930116262,-0.0282665811831878,0,,,5,2.6658379347130974,28.93373467719482,4.639996453931264,1,297.884084124631,109.9569897378709,0.2151982443410833,0.8160271348212221,265
96.4,UrbanCanyon,298.17724635714745,110.39288615815222,0.2081305133002855,3.0316700017023464,3.064493389851417,-0.029103848504632,1,297.972366063382,111.1543995264622,9,3.0195873877446786,30.08109166897427,3.609238126866314,1,300.06952050728273,107.37288573684287,0.249641697555099,0.2617713644789791,178
96.5,UrbanCanyon,298.47377722133587,110.4546726614664,0.2054252529596945,3.0289953022104235,2.9943747643926657,-0.0250794011941307,0,,,7,3.326850595547672,31.250869867757,4.154306921542092,1,298.19149438054046,109.49687186116188,0.2186925040518739,0.8091247451251586,335
96.6,UrbanCanyon,298.7702145605867,110.51560338984166,0.2027199926191034,3.026345151538993,3.0571924980529395,-0.0291710500418806,1,301.79563930619486,111.00178508331928,9,2.770832544435076,28.72104258780456,4.640866902433618,1,299.4751287900623,111.6813324764955,0.1999682700068299,0.9505262661667676,384
96.7,UrbanCanyon,299.0665583388778,110.57567979289192,0.2000147322785124,3.023719714777213,2.8919548654898413,-0.0295623537628805,0,,,8,3.1872022410801666,31.96955535728511,4.314544520555285,1,299.30177474010026,111.17168189307162,0.2154571945580157,0.7097907636647679,319
96.8,UrbanCanyon,299.3628085445227,110.6349033107734,0.1973094719379213,3.0211191538051394,3.1052872732892505,-0.0222943284289806,0,,,10,2.8236927705013226,29.591285384366216,3.578894175835206,1,299.34210812132545,110.33792349677252,0.2214695721434876,0.6855553697140606,316
96.9,UrbanCanyon,299.6589651898012,110.69327537391185,0.1946042115973303,3.0185436272753603,3.0243275461933603,-0.0211677876956215,0,,,9,2.908909050696521,33.27588384980337,4.456956984852521,1,299.75556707422527,110.76925262136858,0.1936448417902321,0.8263814548957735,354
97.0,UrbanCanyon,299.95502831058684,110.75079740273372,0.1918989512567392,3.015993290595023,2.968045412249833,-0.0221148941936485,1,306.947489366763,109.901691563921,6,3.2591772691442378,29.01742442280263,5.900368244815625,1,299.8281571367588,111.09003474398574,0.1630709870577029,0.758246307943645,375
97.1,UrbanCanyon,300.25099796597027,110.80747080740176,0.1891936909161482,3.0134682959082544,3.0362262913068343,-0.0286665909590576,0,,,8,3.249948847814373,29.932692657426227,3.572553098323081,1,300.6686673127145,116.5399374531286,0.2939331026279923,0.3000012057910767,142
97.2,UrbanCanyon,300.54687423787846,110.8632969875546,0.1864884305755572,3.010968792078978,2.87596183708208,-0.0390642940441063,1,308.14222119767874,108.9390186639426,8,2.274135606121204,29.00348931156257,5.1730199263462495,1,300.3977352611139,110.57668295069246,0.1579097813660661,0.6562377568088253,323
97.3,UrbanCanyon,300.8426572306907,110.91827733205083,0.1837831702349661,3.008494924674131,2.9258542614779164,-0.0286977063472976,0,,,8,2.625414701828746,30.42356726882354,5.871462727519496,1,300.8567458808276,110.2591397720701,0.1472720016450703,0.754619991891975,329
97.4,UrbanCanyon,301.13834707085084,110.97241321871722,0.1810779098943751,3.006046835947278,3.026200386377591,-0.031920470641155,0,,,10,3.1568600404664293,29.309678497196447,5.348358168199376,1,300.8999248779268,110.24538304478838,0.1875404542354699,0.8433117953782472,312
97.5,UrbanCanyon,301.43394390647575,111.02570601410146,0.178372649553784,3.0036246648226337,2.8236896558378235,-0.0285592902116758,0,,,7,3.5023669042428454,30.61189664811988,4.132174134188075,1,301.1220794987089,111.17189713040152,0.1479249756420988,0.7103697248351329,328
97.6,UrbanCanyon,301.7294479069604,111.07815707322926,0.175667389213193,3.001228546879483,2.9673969953708936,-0.0313836553375318,1,292.29668699530134,114.89423692335316,10,2.829921018146223,29.290579729969394,4.70943074180944,1,302.0751013669973,111.06564747251758,0.1650858716398415,0.7803689248985387,369
97.7,UrbanCanyon,302.0248592625796,111.12976773936592,0.1729621288726019,2.998858614337013,2.960114664418951,-0.0279996184326583,0,,,9,3.0938780864971607,29.95840771120197,4.289107836589031,1,302.3156259229692,111.15160311196632,0.1891134668153102,0.8450922102912519,364
97.8,UrbanCanyon,302.3201781840863,111.18053934378236,0.1702568685320109,2.9965149960395507,3.044778003397536,-0.033366745235957,0,,,7,3.4903822018830457,26.477258923396736,5.0258687298036815,1,302.76297331816227,111.33066549369686,0.203663300839807,0.712471463652931,405
97.9,UrbanCanyon,302.6154049023066,111.23047320552584,0.1675516081914199,2.99419781744221,2.831495529002824,-0.0346711685996727,0,,,7,3.204270447323363,28.544695046286773,5.174015246875606,1,301.6447792248322,111.17706137416948,0.1511756300554267,0.8994605138101398,325
98.0,UrbanCanyon,302.9105396677316,111.27957063119511,0.1648463478508288,2.991907200596953,3.020525993307349,-0.0215819817227116,0,,,9,2.6960117534120887,32.39229432728231,5.400449950382921,1,302.7471218284761,110.62367804013088,0.2233578069461965,0.7501825136106779,392
98.1,UrbanCanyon,303.2055827501061,111.32783291472028,0.1621410875102378,2.989643264139062,2.888784385510947,-0.0330815893151489,0,,,6,2.970927714195557,27.73730854510262,4.50054162364768,1,303.3083060969914,111.90584476166876,0.1225304883682025,0.8390419951280502,263
98.2,UrbanCanyon,303.5005344380142,111.3752613371474,0.1594358271696467,2.987406123274027,2.8930895875561893,-0.0280090762923711,1,309.3653222142491,110.48744067546023,9,2.78429609656219,30.238621283234064,4.560343094318931,1,303.3857117586717,111.08474339533086,0.1579371878402971,0.8117468677632951,360
98.3,UrbanCanyon,303.7953950384619,111.42185716642756,0.1567305668290557,2.985195889764853,2.843248362749972,-0.022994135239519,0,,,8,2.7950382467906194,28.789097435498935,5.117816205074198,1,303.98904849968244,112.0539868697377,0.1352170742776128,0.7503791928603795,337
98.4,UrbanCanyon,304.090164876457,111.4676216572111,0.1540253064884646,2.9830126719197807,2.8499341989431333,-0.0232058925695018,1,300.4872453439664,113.71300981127315,7,3.228824805901435,27.039232286961603,4.449585612520738,1,303.4501336605451,111.36161258641786,0.2090989830619869,0.7284367824879563,281
98.5,UrbanCanyon,304.38484429458595,111.51255605064615,0.1513200461478736,2.9808565745804287,2.9367386847857517,-0.0238016765301958,0,,,8,2.83565067369,28.9684854192844,5.413687823003793,1,304.1425702872764,111.33933912013158,0.1494933321850848,0.7448978826389487,320
98.6,UrbanCanyon,304.679433652588,111.5566615741824,0.1486147858072826,2.9787276991103577,2.843528531247145,-0.0263865706151432,1,299.411381050288,112.7487462360959,9,2.863638755544196,30.709030294072257,5.46907935552201,1,304.8124388047021,111.11464755487307,0.1565039671518362,0.7364202930952072,360
98.7,UrbanCanyon,304.9739333269268,111.59993944137948,0.1459095254666915,2.9766261433840566,2.953135626751558,-0.024120441925512,0,,,8,3.073895639651579,32.05891985623503,6.080739749772875,1,304.2602099403396,111.5197707102424,0.1424147067860479,0.7254506482817926,314
98.8,UrbanCanyon,305.26834371035915,111.64239085172032,0.1432042651261005,2.974552001776352,2.8645252877737084,-0.0206932512370279,1,310.8162541510284,108.14584791060348,7,3.4944324561126257,27.01321144753678,5.9123100975754985,1,304.75316173950387,111.94628719375484,0.1380576612997561,0.7137270721758846,347
98.9,UrbanCanyon,305.5626652115016,111.68401699042934,0.1404990047855094,2.97250536515224,2.826039487050309,-0.0256480662841262,0,,,7,3.048940750951032,29.11921928100304,5.449251894234908,1,305.38679379778887,111.38471069963327,0.1576204859292089,0.8053007180474017,295
99.0,UrbanCanyon,305.8568982543944,111.72481902829588,0.1377937444449184,2.970486320857152,2.8686525072285187,-0.0374743488741259,1,303.7311288399084,106.27016294277368,8,3.092305549007963,27.727068325378244,4.982782729588033,0,,,,0.7788737682070688,379
99.1,UrbanCanyon,306.1510432780628,111.76479812150215,0.1350884841043274,2.9684949527076374,2.919224195847291,-0.0306401323010693,0,,,8,3.0798756569930084,26.629437379860576,4.677278765319985,1,305.88252933556697,111.74905061819972,0.1657061261128753,0.8003374960332645,296
99.2,UrbanCanyon,306.4451007360769,111.80395541145674,0.1323832237637363,2.966531340982484,2.880826417243704,-0.0242337121169701,0,,,8,3.0570208516462274,29.5632353427243,6.03394479989018,1,306.5253581052584,111.235240503157,0.0923524002758537,0.8198517156126062,338
99.3,UrbanCanyon,306.73907109610843,111.8422920246326,0.1296779634231453,2.964595562414261,2.896357806915562,-0.0311718278969312,0,,,7,2.620851861057043,26.895611098241627,6.327456665661297,1,306.8191449998498,112.3804714276189,0.1101207275755875,0.8344198928701,365
99.4,UrbanCanyon,307.03295483948585,111.87980907241062,0.1269727030825542,2.962687690181299,2.9349179894270434,-0.0194306147687299,1,301.9139054240309,115.5044665206906,8,2.8180076590911898,29.691466964431324,3.7611434658770175,1,307.43493389543954,111.54541247807768,0.1392269345110168,0.7693556477749268,270
99.5,UrbanCanyon,307.3267524607475,111.91650765092793,0.1242674427419632,2.9608077939000945,2.954946079633644,-0.0282900392037172,0,,,8,2.960338601295251,28.431504882737634,4.748833711266664,1,307.3341938951095,111.92060287171816,0.1077277058106318,0.8239841947126388,311
99.6,UrbanCanyon,307.6204644671925,111.95238884093156,0.1215621824013721,2.958955939618153,2.8706787047983147,-0.0274920202471617,1,308.3922993249712,113.37378495882172,7,3.0666649888759583,28.932296601998384,5.970917130665415,1,307.0810940081379,111.36905811291564,0.1503814938457974,0.8420061761761622,358
99.7,UrbanCanyon,307.91409137843,111.98745370763709,0.1188569220607811,2.9571321898072638,2.825619031038216,-0.0220137725535389,0,,,7,2.8188417412774576,29.009985899884796,4.149077396231105,1,308.0054202956385,111.99731554407806,0.0962456440146413,0.7093506193845597,337
99.8,UrbanCanyon,308.2076337259266,112.02170330059263,0.11615166172019,2.955336603357201,2.8915624687214088,-0.0288449348359704,1,311.96341835544314,108.27272931387652,9,3.135340418297629,32.12697185383337,5.661551479406148,1,308.5485163263178,112.57638424271828,0.1001014296762621,0.7070687352915468,265
99.9,UrbanCanyon,308.50109205255205,112.05513865354789,0.113446401379599,2.9535692355698786,2.91441778123311,-0.0269660760980017,0,,,6,2.7127406505606406,25.9477721486093,4.230603374763081,1,308.9180756130466,112.05037070407056,0.1288484524251933,0.788127435059105,306
100.0,UrbanCanyon,308.79446691212337,112.08776078432838,0.110741141039008,2.951830138153916,2.796071498783842,-0.0231022995246393,1,311.60320646222806,102.87946968049908,7,3.0527862731699638,29.85850058703329,3.67979783896795,1,308.01590160538854,112.34811816896372,0.0966102759131888,0.7693178938451638,373
100.1,UrbanCanyon,309.08775886894733,112.11957069471512,0.1080358806984169,2.9501193592196606,2.8280044140328005,-0.0355406185215794,0,,,8,2.93329146658483,29.89965026121048,4.984244759410268,1,308.39249427313854,112.1145080496188,0.0942793283858667,0.7322806381533241,378
100.2,UrbanCanyon,309.3809684973616,112.15056937032936,0.1053306203578259,2.948436943274636,2.837818694034187,-0.0293152954626858,1,310.3611765341757,111.87151553546468,10,2.7792469431464086,29.06037102184465,5.146066226966656,1,309.33038822961754,111.80503089277975,0.0794444009287538,0.8314018342202802,366
100.3,UrbanCanyon,309.6740963812745,112.18075778052268,0.1026253600172348,2.9467829312194325,2.86437431649573,-0.0234393146624733,0,,,8,3.431187780776555,28.91597624125148,4.218649165345774,1,309.4556348624792,112.12477676040648,0.1625720217744404,0.8687623033738887,321
100.4,UrbanCanyon,309.9671431137035,112.21013687827238,0.0999200996766438,2.94515736034403,2.829717349992244,-0.0274745921066295,1,311.68463051269225,109.4702780439089,7,2.633167618661606,27.596247651297556,5.177166347015367,1,309.94483974197146,112.30377688123342,0.0957031029478292,0.8933392928174171,306
100.5,UrbanCanyon,310.2601092963123,112.23870760008217,0.0972148393360528,2.9435602643245686,2.9189311898055816,-0.0201117606680687,0,,,8,3.0784406080082105,27.02577204585756,5.221234689606766,1,310.4076087975837,112.00564067006944,0.0996780169510742,0.8677869613421276,287
100.6,UrbanCanyon,310.5529955389472,112.26647086588812,0.0945095789954617,2.941991673220544,2.7764383367144663,-0.0359826983676633,1,303.3848491117008,109.68410655055344,8,3.0527358616166924,29.10268498940903,4.635303240795879,1,311.1965586431738,112.4187440254246,0.1407051877423706,0.7768183314866114,297
100.7,UrbanCanyon,310.845802459172,112.29342757897014,0.0918043186548707,2.9404516134724563,2.7780869686810434,-0.0365790102768539,0,,,8,3.1789115574696387,27.678942210398425,4.875553590689679,1,311.22551954092296,112.13666953058556,0.0992667663156314,0.7770309851548688,342
100.8,UrbanCanyon,311.1385306818024,112.3195786258686,0.0890990583142796,2.938940107899889,2.8548436014754963,-0.0236931968370659,1,313.1906260918737,108.45154701254098,8,3.336338766179817,26.01786850996652,5.232469724505594,1,311.024431655782,112.9097451675797,0.0837638630940311,0.7661267305549948,326
100.9,UrbanCanyon,311.43118083843905,112.3449248763064,0.0863937979736886,2.9374571757000294,2.8631189794563934,-0.0232116175345534,0,,,7,2.6881269183927383,28.949276768676373,4.439145714731804,1,311.336693225049,113.27332524050614,0.1247447785644135,0.7385985978319085,350
101.0,UrbanCanyon,311.7237535670003,112.36946718311648,0.0836885376330975,2.93600283244663,2.7864078680984896,-0.028738806858379,1,318.90813160210604,109.6902732945518,9,3.351047362297392,30.2877989815145,4.17261001968006,1,311.4720912913865,112.56495499254592,0.1125268152192209,0.8253347782974387,343
101.1,UrbanCanyon,312.016249511254,112.39320638217455,0.0809832772925065,2.9345770900894084,2.836196769493563,-0.0256567190408362,0,,,8,2.6319438299921405,27.63702771080288,4.408352586925321,1,312.3636710241883,112.9157841776819,0.0687692453789532,0.8417463649933221,320
101.2,UrbanCanyon,312.3086693203486,112.41614329233742,0.0782780169519155,2.9331799569538872,2.847711674530267,-0.0238523198921173,1,311.9757403026348,111.5221659833311,9,2.5355815176747374,30.306996776016423,4.088908882479215,1,312.3456595939446,112.67694556894952,0.1114144130457792,0.8212976948479419,340
101.3,UrbanCanyon,312.6010136483441,112.43827871538656,0.0755727566113244,2.931811437741674,2.8444479871712955,-0.032065565004364,0,,,8,2.94319234571344,29.57228017022432,4.991674530565295,1,309.55634609005006,117.03357926288524,-0.0785881909483676,0.2839794635163245,167
101.4,UrbanCanyon,312.8932831537423,112.45961343597718,0.0728674962707334,2.930471533531183,2.8772679834058548,-0.0315945565286723,1,314.5580898938878,101.76090629047457,6,3.1439375504278173,29.60082559169087,5.188122074117031,1,312.2082076845604,114.9276626984708,-0.0014140598019447,0.2535163851291946,142
101.5,UrbanCanyon,313.1854784990165,112.48014822159264,0.0701622359301423,2.9291602417787885,2.827871472840225,-0.0269151095798445,0,,,10,2.7767928162803472,26.39939377490255,5.745572415229986,1,313.1686014590869,113.57534441566,0.0728273482749917,0.5933526350145186,296
101.6,UrbanCanyon,313.4776003501415,112.49988382250432,0.0674569755895513,2.9278775563204307,2.957878161840903,-0.0231902282765519,1,321.29676321736207,109.05425315048684,8,2.9722508171318123,30.003521709256976,5.4259916143160245,1,312.44551847877835,111.76869434704264,0.093043346175349,0.7752142435092971,374
101.7,UrbanCanyon,313.769649376123,112.51882097173696,0.0647517152489602,2.9266234673736498,2.898858489568544,-0.0340410752508516,0,,,6,3.4333441031303606,29.12157138329105,5.565139410318055,1,313.8184671253786,112.725100069714,0.0053759885492836,0.7989940321665968,329
101.8,UrbanCanyon,314.0616262485271,112.53696038503936,0.0620464549083692,2.925397961540064,2.820426676700382,-0.0289451029192391,1,312.5385348233177,102.72122782943576,7,2.8520432560819184,30.010517356145886,4.340615992965299,1,314.35468889415023,112.0562561332304,0.0512001012628338,0.8406587776418644,348
101.9,UrbanCanyon,314.3535316410095,112.5543027608604,0.0593411945677782,2.9242010218082832,2.872684848744492,-0.0291509731311734,0,,,8,2.9561692798860606,26.313225273924004,4.324503043234801,1,314.12090484337324,112.9674443980678,0.0531197531158249,0.8475754709025608,375
102.0,UrbanCanyon,314.6453662288454,112.57084878033078,0.0566359342271871,2.92303262755727,2.871585222566877,-0.0256718020319658,0,,,10,2.826778250665511,28.288118098787013,5.629166485859232,1,315.19220548085053,112.45816367299814,0.0505064924447258,0.7587952003466113,360
102.1,UrbanCanyon,314.9371306884587,112.58659910724984,0.0539306738865961,2.9218927545601234,2.93802743998937,-0.0278811204377328,0,,,8,3.0242549979103224,30.150436353072163,4.009051314036348,1,315.2575412021223,112.35460450660273,0.0350961464303121,0.8132420747880802,414
102.2,UrbanCanyon,315.2288256969524,112.60155438807811,0.051225413546005,2.9207813749883145,2.8321264589813877,-0.03071889875436,1,319.5660899100713,104.64868140978508,6,2.616566431031483,28.37605666805268,4.913321413370946,1,315.1393643143044,113.07190228166915,0.0337940770397318,0.8421230752227444,366
102.3,UrbanCanyon,315.5204519316385,112.61571525193504,0.048520153205414,2.9196984574163505,2.9106116703563014,-0.0213562765846389,0,,,7,3.7306961539333496,27.37119216742465,4.683389348296812,1,315.9489322613271,113.4347865784789,0.0770160028130049,0.7203458661516561,307
102.4,UrbanCanyon,315.81201006956906,112.6290823106022,0.0458148928648229,2.9186439668268798,2.867624647128258,-0.0306982342104259,1,320.3633886542244,111.19569909286172,6,3.378909427710077,31.780533284771504,3.876937428182996,1,315.46698569394914,111.99222481056724,0.0147447016455988,0.8463608717672751,277
102.5,UrbanCanyon,316.1035007870671,112.64165615853209,0.0431096325242319,2.9176178646162265,2.954053433618105,-0.0294416560449485,0,,,9,2.844603610425001,25.4994530379673,4.882571632320066,1,316.5809209902154,112.71804816518036,0.0093660406145557,0.8119762425282883,385
102.6,UrbanCanyon,316.3949247592585,112.6534373728619,0.0404043721836409,2.916620108600372,2.942814200470272,-0.0362863361821044,1,318.1145232020785,106.69401936947142,7,2.3730916053647646,29.89122488976953,5.3686849422037,1,316.09382810503,112.73291166553544,0.0748714335713933,0.9028503066059188,352
102.7,UrbanCanyon,316.6862826596048,112.6644265134333,0.0376991118430498,2.915650653021355,2.878784212149643,-0.0315882656416759,0,,,9,2.8796230567874863,30.30351939092202,5.006434195218922,1,317.03997726272644,112.88575372259956,0.0552098180799167,0.6533845814717396,223
102.8,UrbanCanyon,316.9775751594357,112.67462412281698,0.0349938515024588,2.9147094485541194,2.851263620434767,-0.0251276087058019,1,324.8318120500002,108.85603234078452,9,2.7366350729410387,30.16481726291169,5.459181457079058,1,317.42188771574047,112.27859740396644,0.1099932236015468,0.7801354738023359,384
102.9,UrbanCanyon,317.26880292748416,112.684030726343,0.0322885911618677,2.9137964423137857,2.895736750852665,-0.02621274282325,0,,,7,3.110180104540865,29.00402945376388,5.034737498538533,1,317.5272293808922,111.86823367664324,0.0316708108083236,0.7287647247212117,268
103.0,UrbanCanyon,317.55996662942084,112.69264683213623,0.0295833308212767,2.912911577863359,2.8526653716979906,-0.0247888187477825,0,,,7,3.279498263615462,29.831991354978868,5.791404300403185,1,317.7910098916753,112.23588229093409,0.0631152252833198,0.7181709240662084,363
103.1,UrbanCanyon,317.8510669273902,112.70047293115744,0.0268780704806856,2.9120547952218665,2.9608071039126864,-0.0249810736025883,0,,,9,3.303764000666695,27.947529854335954,6.93619009579896,1,318.20662036727003,112.89365299166346,0.0309461650156617,0.850515702785661,319
103.2,UrbanCanyon,318.1421044795479,112.70750949724936,0.0241728101400946,2.911226030872923,2.8646741735200547,-0.0169198845633075,1,320.97755774602325,107.92944883483716,9,3.08351040845918,28.39330740905117,3.983902349821984,1,317.89797919576387,113.12342973180742,0.0263672258446083,0.7981221631850425,341
103.3,UrbanCanyon,318.4330799395991,112.71375698718838,0.0214675497995036,2.910425217773729,2.8344648533592944,-0.0317713466456199,0,,,8,3.366002808112847,28.6589666074228,4.021521167056583,1,318.85648039231484,112.53484805774366,0.033634035585865,0.6524558369087278,326
103.4,UrbanCanyon,318.723993956338,112.71921584074136,0.0187622894589125,2.9096522853644937,2.832640784133191,-0.0363343727255085,1,324.6826941262408,115.92839259447284,10,2.490219504502274,29.408981481547123,5.952857724804852,1,319.4425456066552,112.65774495500968,0.0292442149083353,0.7980000017179154,282
103.5,UrbanCanyon,319.014847173189,112.72388648072794,0.0160570291183215,2.9089071595782863,2.7879989892558807,-0.033361009325414,0,,,9,2.62627178791074,28.83426211570156,7.145532590016708,1,318.65615094738416,112.8946059233064,0.025390964001561,0.7107370462423315,297
103.6,UrbanCanyon,319.3056402277491,112.72776931308783,0.0133517687777304,2.9081897628513103,2.8930135997210145,-0.0315921342202367,0,,,6,3.0617211148974244,29.52484667628033,5.932468861588232,1,318.67949645851434,113.2647826386992,0.0181758885236895,0.8647435185129851,309
103.7,UrbanCanyon,319.5963737513319,112.73086472695364,0.0106465084371394,2.9075000141336047,2.8060169815886846,-0.033016805529706,0,,,9,2.3543894261336518,26.362773934296825,6.06987982147095,1,320.0677803367504,112.8282677315944,0.0096577038731124,0.7678380956068472,338
103.8,UrbanCanyon,319.88704836851315,112.73317309472876,0.0079412480965483,2.9068378289001675,2.920818768830802,-0.0274680036988441,0,,,9,3.170464982911172,27.64571263610181,4.93138977707496,1,319.28037778289035,113.2442328784775,0.0174405699405393,0.6965124900870707,229
103.9,UrbanCanyon,320.17766469667805,112.73469477217064,0.0052359877559573,2.906203119162498,2.776909650767708,-0.0213958370692589,0,,,11,3.166402929167239,26.83058590382835,5.856738644170058,1,320.73375902428984,112.73473048141965,-0.0041190558669494,0.8183477344669441,360
104.0,UrbanCanyon,320.4682233455704,112.73543009847896,0.0025307274153663,2.9055957934805656,2.8574594860779183,-0.0199232264006945,1,325.77977285330434,107.90948506604296,7,3.0993333821384823,29.0853022887472,4.441295767141874,1,320.4379638547923,112.77031287225104,0.025280928131353,0.7534519366445044,327
104.1,UrbanCanyon,320.7587249168433,112.73537939638943,-0.0001745329252247,2.905015756975186,2.919351769903168,-0.0253289338976946,0,,,7,2.766633598900177,26.90825851541009,4.592514723121913,1,320.5587516003929,112.77187441786778,-0.0038894489038594,0.7534252494160365,351
104.2,UrbanCanyon,321.04917000361223,112.73454297227224,-0.0028797932658157,2.904462911340829,2.718616712111655,-0.0167504472886432,1,328.8551055202416,107.78143446064264,8,2.9086810861162853,28.31594384616193,4.277942985522497,1,321.2880367616299,113.299855444211,-0.0064750724729814,0.7949845299339672,326
104.3,UrbanCanyon,321.3395591900099,112.73292111623604,-0.0055850536064068,2.903937154858829,2.9706500834620835,-0.0297991433504356,0,,,8,2.481107795950745,32.384296662553204,4.699051011606196,1,320.790314471605,112.89594856137288,0.0131094157801401,0.7537352781562437,322
104.4,UrbanCanyon,321.62989305074296,112.73051410223674,-0.0082903139469978,2.9034383824110166,2.823619610000947,-0.0364956024100356,1,324.1161114547285,105.10648593476232,7,3.1261339592562365,30.51020492838057,4.029672319828923,1,321.5039974123008,112.50419568327314,-0.0180605007941525,0.9014036209523142,318
104.5,UrbanCanyon,321.9201721506515,112.72732218819156,-0.0109955742875889,2.902966485493761,2.8561433671795284,-0.0224152049367565,0,,,6,3.030319870932844,29.12059438363952,4.423884341736653,1,321.3504756619897,113.21316169459924,0.023264929949236,0.7999573804628228,344
104.6,UrbanCanyon,322.21039704427034,112.72334561609809,-0.0137008346281799,2.902521352232422,2.882186116671947,-0.037532765726044,1,330.9957879019799,106.08243867504213,8,3.123579718105946,30.17583885882365,4.286980352612942,1,321.89445349876337,112.09441138186928,-0.0253991571862748,0.777933781118152,373
104.7,UrbanCanyon,322.50056827539254,112.7185846121582,-0.0164060949687709,2.902102867396212,2.891585280243389,-0.0318288077225594,0,,,9,3.064323522608793,31.590654059342064,6.804911070580603,1,321.88911729823235,112.69244105671729,-0.0209647218169632,0.8496021539637784,374
104.8,UrbanCanyon,322.790686376636,112.71303938690733,-0.019111355309362,2.9017109124134635,2.864518229907803,-0.0251232830204027,1,322.064482541065,102.85689210324706,8,2.960889724979915,26.445102948678667,3.64227659678937,1,322.7520995718898,113.34101728322248,-0.0004286297584483,0.8411901824081125,322
104.9,UrbanCanyon,323.08075186901186,112.70671013534816,-0.021816615649953,2.901345365387304,2.909572495743184,-0.0284091477925247,0,,,9,2.731253118073963,29.39486568035739,3.7968980961679226,1,322.8060183735122,111.96427494532696,-0.0736314559601254,0.7509178801879796,282
105.0,UrbanCanyon,323.3707652614958,112.69959703708982,-0.0245218759905441,2.9010061011117307,2.877176190850128,-0.028817386927858,1,326.37344962972304,109.08680046983056,7,2.6260757822682548,29.522920128376533,4.8924630042872455,1,323.1785284509548,113.62558387929974,-0.0572715380060624,0.7580740330806748,346
105.1,UrbanCanyon,323.660727050602,112.69170025649144,-0.0272271363311351,2.9006929910880923,2.9521598946797285,-0.0340584796870477,0,,,7,3.042323274199015,29.69656227075296,4.580703126236921,1,323.22254475797143,112.23640233203948,-0.0391549436030009,0.7879944393582629,318
105.2,UrbanCanyon,323.95063771995973,112.68301994281104,-0.0299323966717262,2.900405903541963,2.876402882132551,-0.0279038486677431,0,,,8,2.488014338821396,30.417117052301503,5.013850090257879,1,323.0662773938909,112.77102219165566,-0.0107566556943461,0.6998910702647672,385
105.3,UrbanCanyon,324.2404977398927,112.67355623035886,-0.0326376570123172,2.9001447034404197,2.962397520360354,-0.0226084079340774,0,,,9,3.0098422498195223,30.41323859043141,4.217050863513849,1,323.8254472979326,112.68957119821806,-0.0573786675038565,0.7403395410495944,310
105.4,UrbanCanyon,324.5303075670017,112.66330923865569,-0.0353429173529082,2.8999092525097074,2.901428558942908,-0.0277939559495286,1,337.5375439532056,102.25690346492712,9,3.223988626696237,28.991319634340957,4.535717768907459,1,323.968660233515,113.02486719886925,-0.0364440162660346,0.6199614025963363,308
105.5,UrbanCanyon,324.8200676437496,112.65227907259586,-0.0380481776934993,2.899699409253309,2.7374753981305497,-0.0322364896679367,0,,,9,3.012169059712652,30.392884884446325,4.778449621469062,1,323.7903049872926,112.42233545352128,-0.0225588705138282,0.7332107327420074,352
105.6,UrbanCanyon,325.10977839804974,112.64046582261508,-0.0407534380340903,2.8995150289703933,3.003352490978992,-0.0344025339244611,1,319.18760988455654,106.5641276780698,8,2.6804218523478758,25.44835644423668,6.453205037651385,1,324.8744513991017,112.77601350652031,-0.0342090112530417,0.777765458009867,346
105.7,UrbanCanyon,325.39944024285745,112.62786956486266,-0.0434586983746814,2.899355963774659,2.814153238153965,-0.0321008977729838,0,,,9,2.763840632522924,24.393716017867103,4.825471551303275,1,325.81372747701386,112.48482062598174,-0.0435139158029538,0.6895163574217312,310
105.8,UrbanCanyon,325.6890535757646,112.61449036137876,-0.0461639587152724,2.899222062613563,2.9394451026870434,-0.0258150453013844,1,319.8795936986632,105.20594607962744,4,5.3976225429753,20.436493528511647,9.11394146539,1,325.72264138488856,112.79328179214416,-0.0631751655010015,0.8607379196561985,343
105.9,UrbanCanyon,325.9786187785976,112.60032826027586,-0.0488692190558635,2.899113171287933,2.8515841216471416,-0.0260648157424019,0,,,8,3.1545418615521497,27.153280258161256,5.673057380151409,1,326.86845850873794,115.31530981648248,0.0512962505103589,0.2752034961589663,160
106.0,UrbanCanyon,326.2681362170184,112.58538329592508,-0.0515744793964545,2.899029132471961,2.914233771252936,-0.0320267690127014,1,325.7738037983398,107.754223618759,8,3.231763965511634,29.64310331198079,3.812193076636374,1,326.2504482571333,112.47695741949607,-0.022344233225358,0.7165196056340039,402
106.1,UrbanCanyon,326.5576062401295,112.56965548914675,-0.0542797397370455,2.898969785733576,2.8105528696537143,-0.0394077239952962,0,,,8,2.783503845618477,31.949948713853196,4.345099810331671,1,326.87538006249184,112.43412190730504,-6.643758543356526e-05,0.7361252165614394,345
106.2,UrbanCanyon,326.84702918008145,112.55314484740576,-0.0569850000776366,2.8989349675551948,2.887988747649913,-0.0256291116472568,1,325.5687839976368,108.36897721804888,8,3.12145656775522,31.474031743865226,5.7925201047464006,1,326.2600131905395,112.16232923740002,-0.0625255260889448,0.791414777289414,395
106.3,UrbanCanyon,327.13640535168514,112.5358513650109,-0.0596902604182276,2.898924511354844,2.835428605033185,-0.0325203835955881,0,,,7,3.226193789066245,27.893258573891668,3.4519549603838104,1,327.0788747255784,111.92551026401226,-0.0363039589542233,0.7447918037995946,287
106.4,UrbanCanyon,327.4257350520266,112.51777502331907,-0.0623955207588187,2.898938247507656,2.950028533587325,-0.0242288242714224,1,326.966481983267,107.63831013558074,9,2.461765832094766,29.33964875317363,5.259114919154074,1,326.4120148330694,111.67950340168623,-0.0382504212383918,0.7433200576171622,298
106.5,UrbanCanyon,327.7150185600861,112.49891579094346,-0.0651007810994097,2.8989760033677343,2.88270902033836,-0.0317568631538657,0,,,10,3.1708057996823653,28.54162952742461,6.124413910945475,1,327.86799155140943,113.14264988183724,-0.0802977966642326,0.6686058535643065,342
106.6,UrbanCanyon,328.00425613636094,112.47927362396612,-0.0678060414400008,2.8990376032903824,2.9130160278876525,-0.0328874202577476,1,332.43152937519886,114.70148687391564,7,2.8599120888384806,29.035169603704414,3.927191642818051,1,328.86827188908484,112.86224229834488,-0.0859633451956658,0.8063128700401038,331
106.7,UrbanCanyon,328.2934480224919,112.45884846615488,-0.0705113017805918,2.899122868654698,2.726554934571431,-0.0269001421348867,0,,,10,2.963112273434828,29.049924512904173,5.080806335969945,1,329.27338423481234,112.2638702344249,-0.0853684484823849,0.7814652865267611,391
106.8,UrbanCanyon,328.58259444089344,112.43764024918424,-0.0732165621211828,2.899231617886529,2.849989940423517,-0.0153682355032908,1,327.8001836944276,112.59963994456196,6,3.405320428936396,31.25517094914999,5.28782701166149,1,328.7356275849617,112.72194170794168,-0.0989004732927516,0.7436898703689886,340
106.9,UrbanCanyon,328.87169559438854,112.41564889286064,-0.0759218224617739,2.899363666481785,2.88060785231376,-0.0237603453241323,0,,,7,2.786613187801219,29.038021139061165,6.100442133838352,1,328.77218756932507,112.95424304983833,-0.0652813946581241,0.7852400385156841,327
107.0,UrbanCanyon,329.1607516658467,112.39287430535164,-0.0786270828023649,2.8995188270301053,2.8704019433743704,-0.0269238038965879,0,,,10,3.4632146953658856,26.95918831971693,5.220966722220821,1,329.711600634147,112.47514034089176,-0.0885622386924152,0.7619538990466301,320
107.1,UrbanCanyon,329.4497628178266,112.3693163834192,-0.081332343142956,2.8996969092388825,2.914855302288861,-0.0257685302115394,0,,,6,3.237782299320405,26.83854875401103,5.661121390366595,1,328.7281043427661,112.4415777042795,-0.0626464511357078,0.8501016350974441,331
107.2,UrbanCanyon,329.7387291922226,112.34497501265692,-0.084037603483547,2.899897719957628,2.841052950889712,-0.0368013424441431,0,,,9,2.878670892428885,29.657703167834864,5.872633793827245,1,329.038193927155,112.17867231469604,-0.0848599269094685,0.7617042771408415,334
107.3,UrbanCanyon,330.02765090991585,112.3198500677314,-0.0867428638241381,2.9001210632026906,2.864903264624941,-0.0335321562148034,0,,,9,3.2038882174729464,31.23347923594381,5.05865546446524,1,329.5186816527282,112.2199985471954,-0.1374076472596037,0.7608361466273984,348
107.4,UrbanCanyon,330.3165280704292,112.29394141262712,-0.0894481241647291,2.9003667401823168,2.931400686462726,-0.0407688901464236,1,326.8560277690767,109.98145461651455,8,3.537359075149075,27.22009554891738,4.018991022769439,1,330.67084095991805,111.45212928838852,-0.1196396516835158,0.8873655289254239,319
107.5,UrbanCanyon,330.6053607515867,112.26724890089548,-0.0921533845053201,2.9006345493220493,2.723543993242973,-0.0185585148445133,0,,,7,3.233118700321418,27.873331894741423,5.31025882669205,1,330.3827908481712,113.17277167017512,-0.1021980398763147,0.8097561257749193,340
107.6,UrbanCanyon,330.8941490091778,112.23977237590742,-0.0948586448459112,2.900924286290466,2.8959909292468966,-0.0195920779067083,1,334.6120718508225,123.7493313215657,8,5.042419562969857,22.21526177246195,13.067769139510602,1,331.0418547867051,112.18486686199832,-0.1380190348112191,0.7679736704728505,308
107.7,UrbanCanyon,331.18289287662515,112.21151167110986,-0.0975639051865022,2.901235744025251,2.8394162510737098,-0.0255691303178193,0,,,7,3.06322556042905,27.228587230146267,3.9419268391293407,1,331.51838836205513,112.10075719798589,-0.096160893426104,0.7652113172466488,361
107.8,UrbanCanyon,331.4715923646579,112.18246661028574,-0.1002691655270933,2.901568712759598,2.805700748525776,-0.0268963382098187,1,337.57956087706395,107.2030823994475,10,2.743651762606229,31.171491644963943,4.874167416213582,1,331.5213551556786,112.99991296439728,-0.0981156227567816,0.8767512696012332,310
107.9,UrbanCanyon,331.7602474609891,112.15263700781767,-0.1029744258676843,2.901922980048941,2.8818574657548925,-0.0357550583643709,0,,,7,2.678656423621799,30.910453534145507,4.6907205636877,1,331.58236858325574,112.6526848658649,-0.1049749531545405,0.9032488676866388,339
108.0,UrbanCanyon,332.0488581299976,112.12202266895522,-0.1056796862082753,2.902298330798007,2.937243501378856,-0.0288040129630515,1,334.13693657849484,115.18640186504294,10,2.965318873894842,28.449456273586097,6.056421796405075,1,332.0676377612052,112.65742670956608,-0.0803474367303369,0.7659225358704632,368
108.1,UrbanCanyon,332.3374243124151,112.09062339008544,-0.1083849465488664,2.9026945472881973,2.925491702196142,-0.0183025630057289,0,,,10,3.031583411805084,31.31031431169416,4.530611534634453,1,332.5386309396677,112.00265803946544,-0.1258692647177728,0.8517505370607874,292
108.2,UrbanCanyon,332.6259459250176,112.05843895900718,-0.1110902068894574,2.903111409205278,2.858253226441984,-0.0269760319915358,0,,,7,3.062530003045904,27.868763278628712,4.996271783380745,1,333.70714901517937,111.54742371051864,-0.0998890906994032,0.7898837007172274,293
108.3,UrbanCanyon,332.91442286032174,112.02546915520836,-0.1137954672300485,2.9035486936673918,2.9207354943400547,-0.0305758475987524,0,,,9,2.899347653287612,28.74722487214876,4.707786866257361,1,333.53540962769347,111.40303524650344,-0.104148474018614,0.7681075227658941,439
108.4,UrbanCanyon,333.202854986286,111.99171375014696,-0.1165007275706395,2.904006175253374,2.9265346787893733,-0.0368831317870696,1,335.45519746512895,113.08994136995112,7,2.8720139119201717,28.27549656194599,4.326955896078656,1,332.6301341828325,111.98975090216516,-0.1297503432225153,0.7639898127252835,437
108.5,UrbanCanyon,333.4912421460169,111.95717250753496,-0.1192059879112306,2.9044836260313875,2.868356804121146,-0.0204708894313388,0,,,12,2.7992864877319663,28.64894927478737,4.02042398672795,1,333.20437180569604,111.8284919402126,-0.0971708788526952,0.8351127437415802,267
108.6,UrbanCanyon,333.7795841574802,111.92184518362548,-0.1219112482518216,2.90498081558785,2.8309642202715435,-0.0281014348967634,1,337.4464930612801,115.02220061954004,11,3.103538800052105,27.709934613474488,5.04828977912593,1,333.9487316588876,111.69959435846874,-0.1141438004634509,0.8697017222140724,312
108.7,UrbanCanyon,334.0678808132171,111.88573152750332,-0.1246165085924126,2.905497511056668,2.834514559675189,-0.0369738176533325,0,,,8,2.86803934997766,31.09620710910685,4.827223690248342,1,334.3576325578201,111.83770536449526,-0.1155554648941907,0.8111514643222684,313
108.8,UrbanCanyon,334.35613188006505,111.84883128137808,-0.1273217689330037,2.90603347714877,2.9242701978493644,-0.032611773934751,1,335.5334281039541,108.32863068778909,7,2.728310024301449,28.34824532796545,5.146102907699924,1,333.4478396213435,112.42478146977489,-0.1268695823906656,0.805453212309989,339
108.9,UrbanCanyon,334.64433709888465,111.8111441808808,-0.1300270292735947,2.906588476181928,2.873147416858357,-0.0344423410369964,0,,,8,3.4341743115207564,25.017786661662377,5.650004399452787,1,334.8663378206349,111.72218160767038,-0.1195282298060038,0.696362818016785,387
109.0,UrbanCanyon,334.9324961842908,111.77266995536306,-0.1327322896141858,2.907162268110872,2.814839659385585,-0.0284546084102434,1,332.83267092297785,104.26487326302924,7,2.831248677974857,29.05331864625796,3.9687902790583776,1,333.3693945294207,113.27993604274256,0.0087838080746323,0.2644284358372336,158
109.1,UrbanCanyon,335.22060882438944,111.73340832819932,-0.1354375499547768,2.907754610557692,2.781501210068667,-0.0266695690317176,0,,,8,2.757767240696645,27.741887231805656,5.133778762874081,1,335.2285351561856,111.72464826615622,-0.1038493308735017,0.8078504190977931,371
109.2,UrbanCanyon,335.50867468052,111.69335901709174,-0.1381428102953679,2.90836525884252,2.9295143542563684,-0.03042361605946,0,,,9,3.7170903844516063,28.984141700853165,4.701278502394835,1,336.07872880067686,111.86574973483204,-0.1547649529545403,0.8321115053076347,354
109.3,UrbanCanyon,335.79669338700216,111.65252173437796,-0.1408480706359589,2.9089939660144943,2.8440892669472104,-0.023718093766023,0,,,7,2.8002826181296605,29.62644742105222,4.362275013351838,1,335.81626379180693,112.14658421119192,-0.1358684159032313,0.8220267875046167,352
109.4,UrbanCanyon,336.0846645508888,111.61089618734148,-0.14355333097655,2.909640482882995,2.897282634011474,-0.0273889756126071,1,335.4705672631387,112.7196716793875,11,3.160035558436235,28.18938139497301,5.353778774810972,1,336.0898842914533,111.75187695257624,-0.1410418495992513,0.7740558907068905,295
109.5,UrbanCanyon,336.3725877517241,111.56848207852448,-0.146258591317141,2.910304558049153,2.956688616058276,-0.0222186674596256,0,,,9,2.824666654109756,26.811421393414022,4.965355616767014,1,336.5675853519702,112.38737691943705,-0.1670896460380033,0.8496888744612096,385
109.6,UrbanCanyon,336.66046254130725,111.52527910604346,-0.148963851657732,2.9109859379376286,2.806044301416363,-0.029682229879773,1,344.39577489085923,106.818737763546,9,2.643709452035196,30.017523140199163,3.863494307419124,1,335.6074707029485,111.66231563023504,-0.1899197572371531,0.8263523823285269,336
109.7,UrbanCanyon,336.94828844346097,111.48128696390704,-0.1516691119983231,2.91168436682865,2.880703697144711,-0.0118638750680875,0,,,10,2.839989581153428,27.44264479586552,7.497097339484343,1,336.6049248451371,111.42519865385772,-0.192764894007742,0.8248785236586018,359
109.8,UrbanCanyon,337.2360649538066,111.43650534233645,-0.1543743723389141,2.912399586890314,2.874372887677584,-0.0308281030045678,1,334.82783609052547,103.80220176502004,9,2.9140524176236173,28.28374856599546,4.897799941602844,1,337.2248233970993,111.31925671051548,-0.1660809263744056,0.7895588067981163,305
109.9,UrbanCanyon,337.52379153954394,111.39093392808796,-0.1570796326795052,2.913131338211143,2.9079091715157217,-0.0326001408410478,0,,,9,3.028348024792006,25.732038916521752,5.98514763152445,1,337.639705105055,111.88354308581164,-0.1534094877249008,0.6146755853953799,330
110.0,UrbanCanyon,337.811592006406,111.34535081221888,-0.1570796326795052,2.9138793588328924,2.9599319548696426,-0.0062181670292316,1,336.57006913318395,107.96507935922776,8,3.280033571399052,28.402119603054658,4.241222654631255,1,337.8952740826915,111.46980849425071,-0.1455883053726836,0.7444730433303215,339
110.1,UrbanCanyon,338.0994679352203,111.29975574435068,-0.1570796326795052,2.914643384783606,2.805641686690886,-0.0019534375870987,0,,,7,3.1587328797943988,28.19824016253057,4.0361868340700005,1,337.94906304126107,111.20728426899947,-0.1544772182633429,0.7220062526424758,311
110.2,UrbanCanyon,338.38742088054687,111.25414847826534,-0.1570796326795052,2.91542315011092,2.9207042108135752,-0.0098296153255073,0,,,8,2.621795448409307,29.732666898835102,4.191722818438194,1,338.9136394131233,111.2423005748362,-0.1706794092679113,0.7783176864121332,328
110.3,UrbanCanyon,338.67545237048546,111.20852877193556,-0.1570796326795052,2.916218386915597,2.9515092436865284,0.0007075596528596,0,,,6,2.574321997791955,29.484467196405205,5.631736001435417,1,338.45737760212523,110.8415748400806,-0.1563593069281346,0.7695468791680865,355
110.4,UrbanCanyon,338.96356390648674,111.16289638755497,-0.1570796326795052,2.917028825385308,2.878466322275623,-0.0107939683990918,1,341.42938665039014,104.66225194587318,7,2.731666671224773,27.93830352035547,4.277692034554015,1,338.3673737356605,111.14814985437457,-0.1445321162081541,0.7669074638238649,333
110.5,UrbanCanyon,339.2517569631669,111.11725109156724,-0.1570796326795052,2.917854193828636,2.8835860842119536,1.5164976672322248e-05,0,,,7,2.7994442311294367,29.662203710096453,3.3989780374400858,1,338.7396378195858,110.63275872799495,-0.1564872811289768,0.6242184411682674,359
110.6,UrbanCanyon,339.54003298812506,111.07159265469528,-0.1570796326795052,2.918694218709315,2.9194907842094637,-0.0078706229265096,1,339.64467457095515,107.15608418470578,9,2.841978454279172,28.93686390044113,4.525390382329044,1,339.0479402252437,110.66272690715157,-0.1701723969682649,0.7203364757522489,372
110.7,UrbanCanyon,339.82839340176486,111.02592085196918,-0.1570796326795052,2.919548624680687,2.91863217762964,-0.0027282668710127,0,,,10,3.539046392853523,27.61823478054591,4.017061622860862,1,340.74992678976764,111.02600205587268,-0.1642039376613411,0.854639610071558,293
110.8,UrbanCanyon,340.1168395971187,110.98023546275432,-0.1570796326795052,2.9204171346203807,2.932128014419276,0.0024354956468635,0,,,8,2.969995515791534,27.26834549399699,6.6736820265369,1,340.7314836152438,111.3514529985694,-0.1411735335497099,0.9030857604985176,373
110.9,UrbanCanyon,340.4053729396762,110.93453627077837,-0.1570796326795052,2.9212994696652053,2.9318847313825995,0.0113320789487112,0,,,8,2.7151061863127244,29.479564313634278,4.548004719556388,1,340.417622848083,110.99670527172576,-0.1227908531320411,0.8111289617375951,376
111.0,UrbanCanyon,340.69399476721543,110.88882306415812,-0.1570796326795052,2.922195349246256,2.8390023730527507,-0.0064266239092331,1,338.24874936768697,109.30983494864064,9,2.4556084226734005,27.92657218090038,5.596235992204363,1,340.9240007047735,110.67057926050944,-0.115127683655559,0.7548649648879132,384
111.1,UrbanCanyon,340.9827063896379,110.84309563542554,-0.1570796326795052,2.923104491124222,2.958552575211294,-0.0015945429255948,0,,,8,3.2984106142841387,28.76189719840993,3.7930955365068577,1,340.5555615060268,110.83760935629284,-0.125815633324227,0.7713962910254268,307
111.2,UrbanCanyon,341.2715090888073,110.79735378155335,-0.1570796326795052,2.9240266114249054,2.9703575218714664,-0.0046231765435107,1,340.9814234957528,107.36903964806902,10,2.8255340090731647,31.98678765054065,4.7356178425676445,1,341.6036011028849,110.4859235543404,-0.1722318400569302,0.7291562963808352,292
111.3,UrbanCanyon,341.5604041183915,110.75159730398012,-0.1570796326795052,2.924961424674928,2.910369382716228,-0.0053783696167114,0,,,9,2.926995494567757,29.617874818901974,6.679236003600738,1,342.5801933304648,110.83002425958398,-0.2001916889183848,0.7123875110007206,346
111.4,UrbanCanyon,341.849392703708,110.7058260086346,-0.1570796326795052,2.9259086438376363,2.810932937996052,-0.0045454626261541,1,337.5180932149871,108.93849493342968,9,3.2310535057226497,28.647221003585518,5.163970724152005,1,341.55568524466776,111.02687395346624,-0.1340866145826824,0.684692730489386,394
111.5,UrbanCanyon,342.1384760415732,110.66003970595966,-0.1570796326795052,2.926867980349201,2.89915521001067,0.0035242139246229,0,,,8,2.8135500374872,28.050127956100063,5.03305383952287,1,342.163481245564,110.70376029557832,-0.1593826823831863,0.8134848657710176,276
111.6,UrbanCanyon,342.4276553001552,110.61423821093568,-0.1570796326795052,2.927839144154894,2.919749772466823,-0.003382075391332,1,335.33892944555566,110.8017712124143,9,3.132989322245129,30.918200366574904,4.080163699645766,1,343.16931295969243,110.6232587386297,-0.1937855618092663,0.7753246806501158,338
111.7,UrbanCanyon,342.71693161883,110.56842134310322,-0.1570796326795052,2.9288218437455447,2.83791705891428,0.0110076572979485,0,,,8,3.1439660855158555,30.494826520106205,3.833854690792475,1,343.01892812872387,109.92606355878571,-0.1406948578541622,0.8701059042406531,345
111.8,UrbanCanyon,343.0063061080416,110.52258892658524,-0.1570796326795052,2.929815786194183,2.8842429161084606,0.0013734447514245,1,346.0220284282978,106.75582397632164,6,3.224293625054745,28.34152544452754,5.285335812732212,1,343.83282749728744,111.04706299480526,-0.1940541486634441,0.6899320308187153,296
111.9,UrbanCanyon,343.29577984916546,110.47674079010868,-0.1570796326795052,2.930820677192844,2.8223355527571528,-0.006094560068572,0,,,7,2.541326791327075,28.87012753189443,5.013076161890794,1,342.8122902698244,110.37603510925138,-0.1870191222888944,0.6943656639518627,339
112.0,UrbanCanyon,343.58535389437594,110.43087676702552,-0.1570796326795052,2.9318362210895432,2.9426653951995747,-0.0027352537173868,1,347.73913320752547,111.30155672053168,7,4.413644200433904,20.54331149131815,11.514775735446856,1,343.54240347662375,109.82374745740162,-0.1793727577257744,0.8400208568680747,293
112.1,UrbanCanyon,343.87502926651706,110.38499669533314,-0.1570796326795052,2.932862120925416,2.91979787366263,-0.0050401550003419,0,,,7,2.8345765361772672,30.64712834823099,5.201907006914763,1,343.0785559915597,110.55729695220556,-0.142995492376917,0.8067767153138901,282
112.2,UrbanCanyon,344.1648069589772,110.33910041769433,-0.1570796326795052,2.933898078472013,2.809457285288301,0.0033820418047966,1,342.91756495899284,112.06609578743888,10,3.299106595785481,31.027823702003616,5.380023806564069,1,344.4668349113151,110.1751176404974,-0.1839687256453772,0.8644928916757534,313
112.3,UrbanCanyon,344.45468793556734,110.29318778145635,-0.1570796326795052,2.934943794268751,2.9314509455091637,-0.0094077840527763,0,,,8,3.423910814489424,27.471192620526157,4.001984234516149,1,344.215146062563,110.82659534042068,-0.1777648482757232,0.8738012976538585,384
112.4,UrbanCanyon,344.7446731304031,110.24725863866988,-0.1570796326795052,2.9359989676605114,2.904986260032606,-0.0078726967964187,1,348.78319017443926,119.81356382283118,6,4.513408157552656,21.218885646720736,9.567852857686775,1,344.1263707924941,110.1884321199424,-0.1399555599209185,0.8024475859967196,329
112.5,UrbanCanyon,345.0347634477905,110.20131284610692,-0.1570796326795052,2.937063296835386,2.940454684996386,-0.0039064274064498,0,,,9,3.383614818688282,29.557086251181467,4.80643675618187,1,345.36276869039835,109.736995757371,-0.1724217160799219,0.7390412729737592,328
112.6,UrbanCanyon,345.3249597621155,110.1553502652783,-0.1570796326795052,2.938136478862559,2.885115867427252,0.0027654697731916,1,344.56326920395736,112.50599893486398,8,2.7332559863330728,30.65949489137114,4.140900985285855,1,345.218490647958,110.63989909530753,-0.1478362114986144,0.7387532131351175,306
112.7,UrbanCanyon,345.615262917737,110.10937076245072,-0.1570796326795052,2.9392182097303285,2.8630987129226053,0.0055643561793292,0,,,9,2.598762769325015,26.62377876437359,5.870666314502601,1,345.2681677774275,110.06011196290574,-0.1382013746657864,0.6908428193114278,347
112.8,UrbanCanyon,345.9056737288843,110.06337420866296,-0.1570796326795052,2.940308184384256,2.8682345000333385,0.0062970782386626,1,343.92828290688675,105.40923630601336,9,3.2151410223908616,29.677802122318827,4.894895172500013,1,344.7605639701554,109.17650996656118,-0.1388439713521201,0.7775233087984909,293
112.9,UrbanCanyon,346.1961929795574,110.0173604797416,-0.1570796326795052,2.9414060967654407,2.884085983029819,0.001853084216582,0,,,8,2.790653025191516,30.460855044609875,4.542880544128487,1,346.3542054242924,109.9548018274862,-0.1070402696621477,0.8943971262434794,338
113.0,UrbanCanyon,346.4868214234318,109.97132945631616,-0.1570796326795052,2.942511639848924,2.920905567187711,-0.0013338858635719,1,347.6258034059758,111.08615626334016,7,3.2967284348864165,30.209006435616168,5.108271290215321,1,346.72980209324606,109.71557204047922,-0.1400852459337089,0.7837857797860143,364
113.1,UrbanCanyon,346.77755978376706,109.92528102383358,-0.1570796326795052,2.943624505682198,2.92512553206043,0.0032351795487656,0,,,8,3.035650065934868,28.72830716753513,4.585575077277042,1,346.57763017049706,109.13721245650328,-0.1861933607534869,0.6428332718673089,302
113.2,UrbanCanyon,347.0684087533187,109.87921507257217,-0.1570796326795052,2.9447443854238378,2.9063380038745388,-0.0069230178337115,1,347.015380613759,109.31815819428272,8,2.56552036790775,28.44831772432615,6.188132410623929,1,346.61884870204653,109.76817053517534,-0.129021666772378,0.8236258696650983,361
113.3,UrbanCanyon,347.35936899425434,109.83313149765488,-0.1570796326795052,2.945870969382233,2.8945986449655465,-0.0105596142985553,0,,,7,2.623564060817005,28.38387462694303,6.160747109747212,1,347.8820528220072,109.85157326988264,-0.1652363799820295,0.7419597883559961,324
113.4,UrbanCanyon,347.6504411380737,109.78703019906196,-0.1570796326795052,2.9470039470544283,2.901392868727448,0.0013795397573117,1,351.94541896335085,106.84616874335596,8,3.17602680736868,27.27006385941327,5.180219778746275,1,347.4795922364006,110.18084314157694,-0.1245535091004743,0.8486255105141589,335
113.5,UrbanCanyon,347.9416257855321,109.74091108164318,-0.1570796326795052,2.948143007165058,3.0705095724378144,-0.0061864950483452,0,,,6,2.8647976849014727,27.18580999799052,6.911433678309001,1,347.45622291187715,109.5050178556117,-0.1558752624119357,0.9144203178290048,305
113.6,UrbanCanyon,348.23292350656817,109.69477405512906,-0.1570796326795052,2.949287837705376,2.875920627663391,-0.0012989426591124,1,346.7845008477732,102.27950612406036,10,3.101668469632386,28.155251220109943,4.83158295965572,1,348.5058928699483,109.6526340493804,-0.192299686238222,0.6706659171323573,377
113.7,UrbanCanyon,348.5243348402352,109.64861903414196,-0.1570796326795052,2.9504381259723758,2.891234272472514,-0.0002970089160169,0,,,8,2.610831395797488,29.836245020108574,4.250416471699944,1,348.69394899898924,110.38579157229904,-0.1476227828598326,0.638058048432915,365
113.8,UrbanCanyon,348.8158602946365,109.60244593820626,-0.1570796326795052,2.951593558607988,3.123881633740514,0.0002706771240315,1,352.30107267186526,102.43557545643128,8,3.1311611338217,28.355077988939392,4.261430118860854,1,348.8886955576819,110.5162897587997,-0.146653347139912,0.7348240084498249,423
113.9,UrbanCanyon,349.10750034686447,109.5562546917579,-0.1570796326795052,2.952753821638368,2.950241987547863,0.0039496885334998,0,,,11,2.8148898382436256,31.6956456162838,5.01252114300738,1,349.52039850102864,109.66446529751208,-0.1508203284464682,0.7733124922347145,327
114.0,UrbanCanyon,349.39925544294385,109.51004522415352,-0.1570796326795052,2.953918600513248,2.8423929158960224,0.0033288205068812,0,,,8,3.3015502489948245,26.860657994210737,4.6321300390016855,1,349.2431260683256,109.84763178496816,-0.1621013547357801,0.7045563858417242,329
114.1,UrbanCanyon,349.69112599777856,109.46381746967882,-0.1570796326795052,2.955087580145362,2.97953609672093,-4.374998891485066e-06,0,,,7,3.4579361274545404,30.855891399180404,4.332375434556742,1,350.2499391084431,108.98480202390569,-0.1722548271196995,0.817143847605028,299
114.2,UrbanCanyon,349.9831123951025,109.41757136755628,-0.1570796326795052,2.95626044494994,2.8778858404910337,-0.0033280610920174,1,349.7480590041071,116.56380815949557,9,2.9521785096605666,26.637087844742144,4.7655119515303,1,349.78162525074123,109.05594938657744,-0.1698302111165159,0.8305256221480587,381
114.3,UrbanCanyon,350.27521498743454,109.37130686195242,-0.1570796326795052,2.9574368788842547,2.989244277873681,-0.0004347347564872,0,,,9,3.041016770649101,30.829667117255628,5.192491603420196,1,349.7172430469591,109.86633429771994,-0.1459044784855341,0.6893213722118302,249
114.4,UrbanCanyon,350.5674340960369,109.3250239019843,-0.1570796326795052,2.9586165654872296,2.924731195327346,-0.0040392309039633,0,,,8,2.9985532138086737,28.29564392182766,4.231030069821552,1,349.9143654916631,109.47982682117654,-0.1637971690939421,0.8830707459082074,328
114.5,UrbanCanyon,350.859770010878,109.27872244172542,-0.1570796326795052,2.9597991879190952,2.9142319543909947,-0.0019993091806749,0,,,7,3.045223059424526,28.885014728320044,4.89998139016802,1,350.85534608545873,109.22752963029234,-0.1857449558530879,0.8005905642977212,338
114.6,UrbanCanyon,351.1522229905988,109.23240244021108,-0.1570796326795052,2.9609844290010914,3.039344065015362,0.0127797010537808,1,352.3868268962998,110.21905605025783,7,2.9682592726418227,29.800180452718127,5.511365380020647,1,351.1313808571857,108.86832349536652,-0.1456655235982173,0.7582608718785975,297
114.7,UrbanCanyon,351.4447932624834,109.18606386144305,-0.1570796326795052,2.962171971255209,2.9804621432230283,1.1886830716828674e-05,0,,,8,2.892296737653864,30.299125095671567,5.507940779336792,1,350.8364279122315,110.03328117732292,-0.1308517201663726,0.7225058191870759,335
114.8,UrbanCanyon,351.7374810224334,109.13970667439352,-0.1570796326795052,2.9633614969439703,3.008455312435522,0.0014496896154151,1,347.2339854572263,114.76048144103989,7,2.92270602234404,26.028453751480157,5.367960343070162,1,351.2190009649468,109.71588654744052,-0.1171663501245579,0.7801301674040136,333
114.9,UrbanCanyon,352.03028643494605,109.0933308530087,-0.1570796326795052,2.96455268811024,2.982573780753753,-0.0046260402452161,0,,,9,3.2723081993842404,31.64765624088579,4.272987580196814,1,351.8707275306965,109.4468462178884,-0.1560690474203654,0.7978712620415567,320
115.0,UrbanCanyon,352.3232096330966,109.04693637621156,-0.1570796326795052,2.9657452266170607,2.930030036349628,0.0044001184476325,1,350.93262582587187,108.46408171129602,6,3.117898126992296,31.372678100543197,5.021742608084821,1,352.5999867494737,108.9427510240991,-0.1506960164285207,0.8086014057794686,301
115.1,UrbanCanyon,352.61625071852444,109.00052322790395,-0.1570796326795052,2.9669387941875107,2.993636338857278,0.0030106179872322,0,,,8,2.923411116734148,29.51032463163319,7.024677746415204,1,352.0660184328818,108.81375605089136,-0.1759910446334127,0.8264063644240884,248
115.2,UrbanCanyon,352.90940976142326,108.95409139696834,-0.1570796326795052,2.9681330724445814,3.025226843051305,0.0030344559157231,1,350.5518553857668,112.46224268579908,9,3.486084084815434,31.902599105704237,4.401470790551746,1,352.56936963335494,109.0535149643574,-0.1520146134216924,0.736929885090239,367
115.3,UrbanCanyon,353.2026868005351,108.90764087726856,-0.1570796326795052,2.969327742951062,2.962768884491943,0.0001265253669321,0,,,10,2.714825703414032,28.19456663962011,4.936667220624359,1,352.92106415816335,109.0149725085384,-0.1440120521662575,0.7514069732975222,321
115.4,UrbanCanyon,353.4960818431483,108.86117166765028,-0.1570796326795052,2.970522487249435,3.067921880512462,0.0044188282979407,1,347.1372664716251,97.67834701425356,6,5.444540022097347,19.981761126168468,11.044732105305757,1,353.97602795067274,109.14343658337144,-0.1392873719423288,0.8688865154334332,332
115.5,UrbanCanyon,353.78959486509945,108.81468377194057,-0.1570796326795052,2.971716986901773,3.014682610021482,0.0056734673888211,0,,,7,2.787655488244392,28.829673926593745,5.6374486486658935,1,354.4218010697658,109.4256563518484,-0.1051276272968291,0.8200656640020839,296
115.6,UrbanCanyon,354.08322581077925,108.7681771989471,-0.1570796326795052,2.972910923529631,2.97925940010867,0.0005089592357312,1,355.51155080813044,105.83115725850432,9,3.1998013325298933,28.76756354710692,4.743956715872379,1,354.02465891285294,108.50512260156542,-0.1694887180857662,0.7605300086695455,387
115.7,UrbanCanyon,354.3769745931424,108.72165196245648,-0.1570796326795052,2.974103978853934,2.985592115953589,-0.0015695528099617,0,,,8,2.902928897858855,27.600548551601708,4.836669380052309,1,354.83132350338207,108.96104611124171,-0.1198617249626425,0.7030767724859912,388
115.8,UrbanCanyon,354.67084109372126,108.67510808123215,-0.1570796326795052,2.9752958347348493,2.980939254401477,0.0037292451690512,1,352.6486881246953,105.42543015877766,8,3.185163252977324,30.05601969927273,4.347631178700583,1,355.0900798538507,108.90650216548512,-0.1799006546388715,0.8107184552006329,299
115.9,UrbanCanyon,354.96482516264365,108.62854557901156,-0.1570796326795052,2.976486173211646,2.89825742112862,-0.0056726606321491,0,,,11,3.1981091042154444,27.128630653782537,5.15932200150136,1,354.7886938028235,109.051158926401,-0.177241262077914,0.7083770107872764,332
116.0,UrbanCanyon,355.2589266186543,108.58196448450268,-0.1570796326795052,2.9776746765425286,2.973600464463817,-0.0047054641263714,1,349.5484415650412,107.2047422886696,7,2.6462759250512526,27.765704862856005,5.097787116564359,1,356.0559689680344,107.99483308485416,-0.0337560306774298,0.2980815017746124,119
116.1,UrbanCanyon,355.5531452491406,108.53536483138004,-0.1570796326795052,2.9788610272444456,2.994294615222078,-0.001179515596837,0,,,8,3.0887485660667986,28.520847950950937,5.190731367355412,1,355.992984404975,108.22556192958352,-0.1347961104675601,0.6972017206031415,376
116.2,UrbanCanyon,355.84748081016187,108.48874665828008,-0.1570796326795052,2.9800449081328657,2.9595118942816394,-0.0100159500917988,0,,,8,3.118898839783852,27.620762172756976,2.6402840846658764,1,355.25978739658666,108.73191760738732,-0.1643522380565363,0.8190114533400127,369
116.3,UrbanCanyon,356.141933026483,108.44211000879572,-0.1570796326795052,2.9812260023615185,3.001129779035527,0.0034548856991099,0,,,7,2.811555017597438,27.831528509301137,5.742858351901889,1,356.36675950496743,107.97082373481676,-0.1562603192241831,0.6483968287415425,349
116.4,UrbanCanyon,356.4365015916117,108.3954549314706,-0.1570796326795052,2.982403993462093,2.9788884341401216,-0.005867131070019,0,,,6,2.9828558676044654,29.578112808232664,5.902606787457404,1,356.6396825953379,108.73856302526836,-0.1672796439472579,0.764759386977261,296
116.5,UrbanCanyon,356.73118616783967,108.34878147979248,-0.1570796326795052,2.983578565383892,3.0255689878926435,-0.0032575011031439,0,,,6,3.123437692324586,28.985286362519545,4.80987686160971,1,356.17767706339873,108.27910155321352,-0.1548798786818501,0.7873739598523674,336
116.6,UrbanCanyon,357.02598638628774,108.30208971218605,-0.1570796326795052,2.984749402533432,3.018322987618625,-0.0019581244134518,1,353.0843895659121,108.0503737274438,8,2.8935106429738955,31.479515628388064,5.757694208199751,1,357.2844082398908,107.82446630562194,-0.2009569580566412,0.8048343419080489,347
116.7,UrbanCanyon,357.3209018469551,108.25537969200518,-0.1570796326795052,2.985916189813992,2.990284803847507,-0.0006351799363674,0,,,8,2.834608664463712,26.409365913735016,5.056151458353603,1,357.65381689250904,107.51304853359336,-0.1854096084696332,0.7853306204459345,351
116.8,UrbanCanyon,357.6159321187721,108.20865148752463,-0.1570796326795052,2.9870786126650977,2.898430477229196,-0.0026356125940351,1,357.8039017264793,102.64744945984714,7,3.335498899044949,26.402939059073088,5.626069699500929,1,356.9976946301505,107.69829089117955,-0.179516453911229,0.7073206457024862,272
116.9,UrbanCanyon,357.91107673965735,108.16190517193093,-0.1570796326795052,2.988236357101943,3.094632308058885,-0.0011581992913065,0,,,8,3.4464908271093773,31.07527696485923,4.6468403185535,1,358.8577181963904,108.89175972977174,-0.175727186964425,0.8513160540342201,338
117.0,UrbanCanyon,358.20633521657805,108.11514082331276,-0.1570796326795052,2.98938910975474,2.9819324707550896,-0.001086585020516,1,359.5643869285612,105.78658628936591,6,3.0511364359265887,28.778797811068472,5.49401467677923,1,357.874890375143,107.62356181972194,-0.165519557326212,0.8353494102626802,247
117.1,UrbanCanyon,358.50170702561496,108.0683585246508,-0.1570796326795052,2.9905365579079968,2.9896938317840385,-0.0031201100901615,0,,,7,2.7009296448456674,29.15940772539445,5.120046339264701,1,358.10025192402065,107.95229954812898,-0.1640309118199976,0.7233598577153666,326
117.2,UrbanCanyon,358.7971916120308,108.02155836380678,-0.1570796326795052,2.9916783895397114,2.971008024794658,-0.0048329221576212,1,359.9485473425018,108.23020809700752,8,3.37751175267142,27.02824999411711,3.492923440662402,1,358.8265009650966,108.64191739591736,-0.1532830139640189,0.7628719305283586,345
117.3,UrbanCanyon,359.09278839034266,107.97474043351212,-0.1570796326795052,2.992814293360485,2.9650145471625717,0.0048458153328351,0,,,7,3.102571801100916,29.733560986244548,4.8926370601606655,1,358.58328420179674,107.92085382269484,-0.1641214633616012,0.7858245387861319,287
117.4,UrbanCanyon,359.388496744398,107.92790483135576,-0.1570796326795052,2.993943958852545,3.0877321382317864,-0.01185792516577,1,360.2613602519487,107.7102678325174,9,3.029011881456534,28.41893683422268,5.070809607612579,1,358.92428263886706,107.6443542752668,-0.1749053142990746,0.7621266282980389,378
117.5,UrbanCanyon,359.68431602745505,107.88105165977154,-0.1570796326795052,2.995067076308674,3.0823727670522394,-0.0018885651784823,0,,,9,3.283969050112354,29.13247299566659,5.856966855216612,1,359.9450798988659,108.38875641162824,-0.1750964554811309,0.8608772091507468,364
117.6,UrbanCanyon,359.9802455622664,107.83418102602496,-0.1570796326795052,2.996183336871042,3.028272338689788,-0.0032432741529145,1,358.3500067637153,105.06435969861678,6,3.608776602097101,29.73219082830852,4.9203318560677385,1,360.0556295238859,107.8876145599518,-0.146288924055562,0.5773344710802656,347
117.7,UrbanCanyon,360.2762846411667,107.78729304219912,-0.1570796326795052,2.9972924325699286,2.996166195415046,0.0014131370971628,0,,,8,3.6095574379285145,27.910977531767774,4.726546087315408,1,360.3469937646443,107.29592011116075,-0.1282380950362021,0.8358982715069615,335
117.8,UrbanCanyon,360.57243252616456,107.74038782518043,-0.1570796326795052,2.9983940563623497,3.0384679195525166,-0.0084690711987015,1,361.08828069595177,108.21541109365567,10,3.618318838337343,29.53627028824703,4.6655361833742255,1,360.521596005888,107.91452550295486,-0.1386767340785129,0.7504965525083183,291
117.9,UrbanCanyon,360.8686884490376,107.69346549664336,-0.1570796326795052,2.999487902170559,3.0071280335063064,-0.0034582636326073,0,,,6,3.272329968159634,28.39012961996374,5.403650482988237,1,362.1548803856317,105.87510146998284,-0.0277096992867038,0.2757122091428785,151
118.0,UrbanCanyon,361.1650516114314,107.6465261830348,-0.1570796326795052,3.0005736649204406,2.9947750698253426,-0.0013208152644113,1,363.5155099177376,105.1487464694832,8,2.901668896881599,28.92866283513428,4.977654300121079,1,361.450643221431,107.02079814625004,-0.1514206397348156,0.7456156923903609,361
118.1,UrbanCanyon,361.461521184963,107.59957001555772,-0.1570796326795052,3.001651040579776,3.03066409894442,0.0047847634978349,0,,,8,2.9909495538679565,27.193067999476646,5.835797273904625,1,361.2453626610522,108.62499204072525,-0.1586299147874506,0.6940865766797268,329
118.2,UrbanCanyon,361.7580963113269,107.5525971301544,-0.1570796326795052,3.0027197261963834,2.9842288008686504,0.000939590682392,0,,,9,3.0912730677082747,27.201181245499814,3.782811805445472,1,361.3727807856738,107.95202562902853,-0.1480375790773935,0.8432624375841441,280
118.3,UrbanCanyon,362.0547761024059,107.50560766748872,-0.1570796326795052,3.003779419936131,3.03191773192337,-0.0069431908577351,0,,,9,3.27304188396242,28.65848779519165,5.811987940191864,1,361.6244314426407,107.42627386670084,-0.1586027296817209,0.661742803194232,304
118.4,UrbanCanyon,362.3515596403853,107.45860177292832,-0.1570796326795052,3.004829821120808,3.032259314848401,-0.0033109266379189,1,362.9374228744349,100.67284575977916,10,3.321798093884049,29.16339180689548,5.049528300204615,1,362.1316388662052,107.47042870407296,-0.1439862562792591,0.654307149130203,361
118.5,UrbanCanyon,362.6484459778704,107.41157959652575,-0.1570796326795052,3.005870630265861,3.055380749278369,0.0039099046154673,0,,,8,2.90179622328498,29.911306837214987,5.532085655115129,1,362.64960043230445,107.45428030679108,-0.1538434640428536,0.7485742314099934,330
118.6,UrbanCanyon,362.9454341380085,107.36454129299926,-0.1570796326795052,3.0069015491179805,2.980819297089323,-0.007023556013827,1,364.8411428548417,103.08081141380896,8,2.7166936015816967,28.65025971279813,4.485179405328241,1,362.23574200366784,107.1800879710282,-0.1324923254135015,0.6709923260240973,363
118.7,UrbanCanyon,363.2425231146141,107.317487021713,-0.1570796326795052,3.0079222806925414,3.0613115415599097,-0.0010910181961014,0,,,9,3.4099125327729,32.842372046265886,4.63267280078694,1,362.8612988042236,106.54731673230856,-0.1374384606468912,0.6614931746996489,327
118.8,UrbanCanyon,363.5397118722979,107.2704169466565,-0.1570796326795052,3.008932529310888,2.96457161942424,-0.0008107797469847,1,371.646999177674,109.62817836445392,7,2.873130142457006,27.533364104619817,5.940535854383939,1,363.49487944867377,106.7775471219898,-0.1354642964635193,0.7378096983879706,312
118.9,UrbanCanyon,363.83699934659927,107.22333123642376,-0.1570796326795052,3.009932000637461,2.9865545816274426,-0.0028058549628605,0,,,7,2.461268415772932,27.2977812524202,4.62725536172303,1,363.9391173580963,107.0478567220762,-0.1834482488929874,0.853666212507525,322
119.0,UrbanCanyon,364.1343844441228,107.17623006419164,-0.1570796326795052,3.0109204017167603,2.99019185740371,0.0133275689774106,0,,,11,2.8417596299815298,29.44248907043904,3.983400275319559,1,364.1498169789639,107.64989565781607,-0.1779151562312382,0.8878446036231734,350
119.1,UrbanCanyon,364.4318660426782,107.1291136076976,-0.1570796326795052,3.0118974410101407,2.957978851115601,-0.0029192484192406,0,,,10,2.8758446216780307,27.88118154542992,5.279490241826869,1,364.1452355610255,107.73161312393395,-0.1102445989146958,0.7511334127846149,254
119.2,UrbanCanyon,364.72944299142375,107.08198204921705,-0.1570796326795052,3.012862828432436,3.081089329544512,0.0015802424985451,1,364.4891997479484,95.53766416132548,5,5.979426302534696,21.58171093916488,7.704208847279635,1,365.2033016794162,107.59970085089644,-0.1697197927675957,0.7194730668751851,375
119.3,UrbanCanyon,365.0271141110135,107.03483557554004,-0.1570796326795052,3.0138162753884075,2.9642915329316453,-0.0048069518095308,0,,,8,2.7263636463222323,30.9348922111434,4.2489371486838845,1,364.58783519686,107.29574115649346,-0.1430676822842058,0.7505014574154895,305
119.4,UrbanCanyon,365.324878193748,106.9876743779474,-0.1570796326795052,3.0147574948090083,2.978180215230121,0.0019935996986834,1,368.5131119987828,115.18101328739792,8,2.5445909542938785,30.75629093515098,4.674759453040205,1,365.4247038994664,106.90750619068208,-0.1365841812120058,0.7590618605318344,375
119.5,UrbanCanyon,365.6227340037286,106.94049865218618,-0.1570796326795052,3.0156862011874663,3.0985877652397336,0.0037897196051178,0,,,8,2.67466638778452,25.36508033655835,6.575474356719932,1,365.9668671007229,107.4892512953486,-0.1724928853881859,0.7478870008000538,381
119.6,UrbanCanyon,365.9206802770156,106.89330859844485,-0.1570796326795052,3.0166021106151755,2.98598467322297,-0.0038221036672427,1,361.2089661673255,102.17201038133211,8,3.0292442542368305,29.667687163467544,6.72029127631328,1,366.0752123083379,107.06799793311788,-0.1481442235923116,0.8116366107249459,330
119.7,UrbanCanyon,366.2187157217889,106.84610442132754,-0.1570796326795052,3.017504940817392,3.006496041041686,-0.0010176830140388,0,,,10,3.176665279233828,29.720914612909574,3.8499540087559394,1,370.9448893641516,110.42831498240815,-0.1916870503095471,0.2746634322707959,128
119.8,UrbanCanyon,366.51683901851374,106.79888632982806,-0.1570796326795052,3.0183944111887344,2.9561760065101748,-0.0054579623913549,1,364.4314999284071,99.5909557069602,8,2.3023289718501987,31.18853092726785,5.387967551896376,1,366.6026095732378,106.54170083102656,-0.1248651567973468,0.7604787721805845,342
119.9,UrbanCanyon,366.8150488201085,106.75165453730318,-0.1570796326795052,3.01927024282848,3.066874313951232,-0.0067672305406055,0,,,10,2.892123561443694,28.875383016852307,5.613721951855906,1,367.4979704394291,106.31844759582364,-0.1598991488703398,0.7172280540402856,340
120.0,Tunnel,367.11334375211663,106.70440926144542,-0.1570796326795052,3.020132158575654,3.0672867803984087,0.0046756019106479,0,,,0,18.74397441773723,0.0,31.54594719820101,1,366.89768959417455,106.8108614886557,-0.1583684800992171,0.813955175486377,383
120.1,Tunnel,367.4117224128821,106.65715072425527,-0.1570796326795052,3.020979883043908,3.060793193469831,-0.0036180672402558,0,,,2,19.856124951233568,1.452019234158492,33.79840418553116,1,366.9655039549007,106.26467833489455,-0.1747434910458078,0.8592067833091079,344
120.2,Tunnel,367.710183373728,106.609879152013,-0.1570796326795052,3.021813142656182,3.050126452076729,-0.0133778843603745,0,,,0,18.52120221892296,0.0,30.615820764448586,1,367.789729157039,106.305600843104,-0.1528237014000013,0.8602883772129163,351
120.3,Tunnel,368.0087251791385,106.56259477524956,-0.1570796326795052,3.0226316656791483,3.021396344702919,0.0084471154695887,0,,,0,21.130550780398806,0.0,28.997642748751687,1,367.7937117939857,106.75625405206895,-0.1586202697087695,0.9288752256719888,312
120.4,Tunnel,368.3073463469445,106.51529782871754,-0.1570796326795052,3.023435182257432,2.9869316342976755,-0.0050068139463187,0,,,0,19.25456972516109,0.0,34.288720985892425,1,368.2368083013181,106.30729892820004,-0.1366182148765511,0.7872700399601805,447
120.5,Tunnel,368.6060453685127,106.46798855136096,-0.1570796326795052,3.024223424447599,2.965565131787751,-0.0021141447675529,0,,,0,19.862933708212815,2.5406812050158027,24.54811064032475,1,368.4821940822503,107.06525723723934,-0.1429533250707533,0.8324810283755668,426
120.6,Tunnel,368.9048207089372,106.42066718628509,-0.1570796326795052,3.024996126251919,3.090877056210522,0.0078242776453178,0,,,0,20.58004924402184,0.081431631396281,33.31639548858417,1,368.3582008178198,106.27807047484148,-0.1822081326632032,0.9419130403900388,344
120.7,Tunnel,369.2036708072353,106.37333398072518,-0.1570796326795052,3.025753023651886,3.0567798880928327,-0.001558426252648,0,,,0,17.31361100865352,0.2426785778862809,28.142246927467173,1,369.60338490959697,106.2894090439586,-0.1741555270332679,0.9048273522671882,433
120.8,Tunnel,369.5025940765465,106.32598918601532,-0.1570796326795052,3.0264938546415032,2.9723284553923537,-0.001622502330906,0,,,0,19.856328258406304,0.0,25.432807054281746,1,369.5906004905764,106.12322857645027,-0.1709141518404684,0.8767144913884257,442
120.9,Tunnel,369.8015889043342,106.27863305755623,-0.1570796326795052,3.0272183592603183,3.0156139895872167,-0.0072185023149311,0,,,1,19.64856210827311,0.0,27.414766109439643,1,370.0635379048911,106.60635663952743,-0.1413091456929205,0.8355524304352617,409
121.0,Tunnel,370.1006536525911,106.2312658547828,-0.1570796326795052,3.0279262796262176,2.9972275404525663,-0.00942742802613,0,,,0,19.929248723543637,0.5186552783629831,27.958881729361668,1,369.9319573072093,106.19320026906156,-0.1890666793211193,0.8262011990500566,479
121.1,Tunnel,370.3997866580475,106.18388784113095,-0.1570796326795052,3.0286173599679613,2.9445739558300272,-0.0017467197627475,0,,,1,22.85235684785514,0.0,35.78103537702733,1,370.7149755728543,106.065901055666,-0.1575840898156144,0.7797627434337627,412
121.2,Tunnel,370.69898623238345,106.13649928400444,-0.1570796326795052,3.029291346657466,3.026781202400392,0.0010106854135087,0,,,0,19.408863460436688,2.8906094354322787,33.601299897483564,1,370.99076061296654,105.43871989072144,-0.1393472930670727,0.957886558215144,404
121.3,Tunnel,370.9982506624431,106.0891004547404,-0.1570796326795052,3.0299479882418265,2.9921169212508643,0.0007520998511376,0,,,0,21.74271374594321,0.2376013121351156,35.08452574028788,1,370.79723350447097,106.27649125969594,-0.1350929182250295,0.8609688831617531,400
121.4,Tunnel,371.2975782104528,106.04169162857517,-0.1570796326795052,3.030587035475073,2.9648116053629603,-0.0033859451255559,0,,,0,25.021114169115588,0.2634057073475294,31.953524638041813,1,370.98975056445335,105.88533026869771,-0.1324780549200075,0.9269285949081768,374
121.5,Tunnel,371.5969671142425,105.99427308460903,-0.1570796326795052,3.03120824134966,2.933846500669988,-0.0006946645499114,0,,,0,21.152826335845894,1.2077235534982602,17.964170251830055,1,371.7714540258453,106.31333858281272,-0.1321195403898114,0.9358634568849864,360
121.6,Tunnel,371.8964155874695,105.94684510577092,-0.1570796326795052,3.0318113611276862,2.926368034070953,-0.0103828723656588,0,,,2,20.21656861595091,0.0,28.87350736450319,1,371.89613763417935,106.2028290929808,-0.1445375909115758,0.8568159577051552,355
121.7,Tunnel,372.19592181984575,105.89940797878228,-0.1570796326795052,3.032396152371835,2.996516912186263,0.001651269048163,0,,,3,18.99092237330267,0.4189997466768811,30.984370427866036,1,371.9511486376383,105.81069411848752,-0.1373167990951955,0.8700911818814494,346
121.8,Tunnel,372.4954839773685,105.85196199412064,-0.1570796326795052,3.032962374976039,3.013845734494469,5.503459532116783e-05,0,,,0,21.817495386791634,0.0,28.05549386075032,1,372.70885506876783,106.01052968368224,-0.1291293227653795,0.8435510899926455,359
121.9,Tunnel,372.795100202553,105.80450744598262,-0.1570796326795052,3.033509791195859,2.965084651186009,0.0095552086951403,0,,,3,21.96190517585219,0.0,41.55802899061243,1,372.9384199745193,105.52809112514878,-0.1697533217727196,0.7883640044093331,323
122.0,Tunnel,373.0947686146692,105.75704463224666,-0.1570796326795052,3.034038165678578,3.059246054051227,-0.0007426631807887,0,,,2,24.792760248210755,0.2201436057876475,29.33036590895812,1,373.2755921089341,106.01438947546995,-0.1328886594614617,0.8263036027015129,312
122.1,Tunnel,373.3944873099804,105.709573854435,-0.1570796326795052,3.0345472654930075,3.016987404403145,-0.0056961303145342,0,,,0,20.55943181712429,0.0,28.85943427072973,1,373.3046330925053,105.84321671189362,-0.1693892219608614,0.765678202331734,431
122.2,Tunnel,373.694254361986,105.66209541767536,-0.1570796326795052,3.035036860158989,3.054147808008912,-0.0009985700480853,0,,,1,19.276584823679933,0.0,36.86461463676854,1,373.6387088841298,105.44610218333776,-0.1277173277690737,0.9117969927382614,421
122.3,Tunnel,373.9940678216658,105.6146096306622,-0.1570796326795052,3.035506721676616,3.0107461005274065,-0.0023569904068602,0,,,0,20.668882864267843,0.0,31.23559461481849,1,373.6668708352181,105.53584181274634,-0.1461707742400695,0.8032728731632501,377
122.4,Tunnel,374.2939257177284,105.56711680561742,-0.1570796326795052,3.035956624555135,2.9742603141923323,0.0016207816087175,0,,,1,17.30774099868801,0.4766940109464923,26.55478222299627,1,374.2331049607303,105.39689249521732,-0.1748877724042925,0.9716302991334504,299
122.5,Tunnel,374.59382605686136,105.51961725825068,-0.1570796326795052,3.03638634584156,3.0303744258639003,-0.0004846341473996,0,,,0,18.568327255827292,0.0,31.77755552031849,1,374.7011524697751,105.9088672589558,-0.1776057977857861,0.8505963845464557,367
122.6,Tunnel,374.8937668239851,105.47211130771927,-0.1570796326795052,3.036795665148966,2.947170340746366,-0.0072353283041891,0,,,1,21.435661222436973,0.2698029361755139,37.720247463462975,1,374.6046300928804,105.26752881641283,-0.1688494152387716,0.8841138244418764,394
122.7,Tunnel,375.1937459825088,105.42459927658749,-0.1570796326795052,3.037184364684476,3.0568374081860177,-0.0092306062472698,0,,,0,22.132801279106225,0.0,33.08455351369204,1,375.15860242954807,104.96455162735664,-0.1714779214771402,0.875926775777913,375
122.8,Tunnel,375.49376147458935,105.3770814907856,-0.1570796326795052,3.037552229276934,2.9678525075121427,0.0007151688379691,0,,,1,17.07200082482128,0.0,28.284550460145283,1,375.573828214764,104.95612379164808,-0.1502180986673487,0.9004242349538987,428
122.9,Tunnel,375.7938112213932,105.32955827956854,-0.1570796326795052,3.0378990464042595,3.081581459838777,0.0065607738677689,0,,,1,18.83057634778813,0.0,26.948054713901108,1,375.8050652827728,105.22220873448644,-0.1663871471802207,0.8391830628385708,379
123.0,Tunnel,376.0938931233605,105.28202997547392,-0.1570796326795052,3.0382246062204765,3.0028780120551986,-0.0003312718636519,0,,,0,21.00800921012888,0.0,28.2820677403373,1,375.867157964672,105.04932959513,-0.1388284799682733,0.8641424897779643,370
123.1,Tunnel,376.3940050604721,105.23449691427976,-0.1570796326795052,3.038528701582424,3.084797833283797,0.0034673338462886,0,,,0,24.04839937031664,0.939958443293492,26.525111105128563,1,376.452295757294,105.1571241614566,-0.1732380367986108,0.9295855766297568,365
123.2,Tunnel,376.69414489251926,105.18695943496188,-0.1570796326795052,3.038811128076134,2.9537490503627604,0.0044720576058444,0,,,0,22.158301462544014,0.0,37.79846355905248,1,377.0439370510161,105.11760033049292,-0.1473840514982081,0.8337855092098503,374
123.3,Tunnel,376.9943104593754,105.13941787965064,-0.1570796326795052,3.0390716840428795,2.979383829113423,0.000540561415941,0,,,0,19.65373209803033,0.16388566765646,35.435178083405034,1,377.5197140988588,105.26795821811346,-0.1729457035390997,0.955975492598925,381
123.4,Tunnel,377.29449958127134,105.09187259358764,-0.1570796326795052,3.0393101706048875,3.042358687172807,-0.0050731480550726,0,,,0,17.523861180098653,0.0068352374184006,27.9735811373392,1,377.2536465803784,105.19355440551732,-0.129974258513569,0.8535856024753556,420
123.5,Tunnel,377.59471005907176,105.04432392508168,-0.1570796326795052,3.039526391690716,3.0913715701334024,0.0002163301286656,0,,,3,21.322674032931896,0.8120349909805304,25.116332337551444,1,378.1589997789349,105.5242246848975,-0.1349825014875469,0.8821109326739468,392
123.6,Tunnel,377.8949396745555,104.99677222546444,-0.1570796326795052,3.039720154060288,3.120501912070917,0.0055004081754338,0,,,1,19.1556865669962,1.08980805317414,26.71852626398747,1,377.5140720566199,105.19740246201152,-0.1731461764688528,0.9667021298062,409
123.7,Tunnel,378.1951861906973,104.94921784904592,-0.1570796326795052,3.0398912673295846,3.0239100274845168,0.0019767207139007,0,,,0,17.68979573805569,0.0,29.980829233111297,1,377.2331339771872,100.98984390537684,-0.0233346247281547,0.3204010733682211,193
123.8,Tunnel,378.4954473519525,104.9016611530693,-0.1570796326795052,3.04003954399499,3.130118153212404,0.0031228927157364,0,,,0,17.57041536628797,1.4924019834149007,37.64691464695235,1,378.98472576182405,104.9087984526231,-0.1763551457715473,0.8640912154855609,335
123.9,Tunnel,378.7957208845437,104.85410249766556,-0.1570796326795052,3.040164799457286,2.998636489343791,-0.0032078171691731,0,,,0,19.838917806192885,0.6327383729880455,28.508981037785887,1,378.7266482148578,104.72315435057344,-0.1642010127993409,0.8788555091055953,423
124.0,Tunnel,379.09600449675,104.80654224580763,-0.1570796326795052,3.040266852045296,3.083689512932642,-0.0018536568974223,0,,,0,17.634610380686777,0.6887954297436818,35.18229102801347,1,379.2488325264179,104.43616906459644,-0.1623849459520223,0.9169677757976086,373
124.1,Tunnel,379.39629587919865,104.75898076326422,-0.1570796326795052,3.040345523039169,2.9650568377417312,-0.0014449625898207,0,,,1,22.01986275721208,1.254038534109078,34.96362570066965,1,379.054869853054,104.52274457807064,-0.1665684420960431,0.8376475668458376,330
124.2,Tunnel,379.69659270515865,104.71141841855332,-0.1570796326795052,3.040400636693316,3.047383511583237,-0.0010917169002236,0,,,0,18.973014741100368,0.0718150808844317,29.56273848859282,1,379.82362689924105,104.64515719106788,-0.1494373045247368,0.8186443988862879,370
124.3,Tunnel,379.9968926308368,104.66385558289528,-0.1570796326795052,3.04043202025897,2.881591832728432,0.0052901589216304,0,,,0,19.34238431527211,2.3435573518019703,34.842211920539526,1,379.3785017911975,104.725558158596,-0.1443391364412822,0.7547186113444988,354
124.4,Tunnel,380.297193295676,104.61629263016562,-0.1570796326795052,3.0404395040063967,2.955111341313473,-0.0130837795662222,0,,,1,19.71344453364701,2.266223628995637,31.530057229264013,1,380.36719890942544,104.60821945988783,-0.1713770708980573,0.8158241761921511,443
124.5,Tunnel,380.5974923226554,104.56872993684748,-0.1570796326795052,3.0404229212467286,3.0532364631203563,-0.0006325990096238,0,,,1,21.1182265591832,0.0,29.62979719201814,1,380.97941721290704,104.40700128792037,-0.1386035786363839,0.9120808616845166,441
124.6,Tunnel,380.89778731859286,104.52116788198369,-0.1570796326795052,3.040382108353436,2.948155278684586,-0.0012316505414771,0,,,0,21.09411424815039,0.0,29.14039549340022,1,381.0337416650958,104.445408789944,-0.1367296833311009,0.9465859714568874,366
124.7,Tunnel,381.1980758744497,104.4736068471284,-0.1570796326795052,3.0403169047834235,3.0540526962920924,-0.0080215393805549,0,,,0,22.16203011397515,0.0,23.943512126410724,1,381.282588228632,103.96919190075272,-0.147132469515443,0.8105996964048715,350
124.8,Tunnel,381.49835556563727,104.42604721629884,-0.1570796326795052,3.040227153097753,3.0849741810056823,0.0027558354004587,0,,,0,18.879001500792704,0.0,33.09507224977262,1,381.71682796790896,104.53867192199408,-0.1735813595941611,0.7879934700428817,351
124.9,Tunnel,381.7986239523252,104.37848937592612,-0.1570796326795052,3.0401126989819893,3.0001970625988417,-0.0046300148014695,0,,,0,23.26129015091999,1.8411460281275305,33.947295000275254,1,381.80875736501736,103.86565171331964,-0.1820503574337282,0.917329352464862,406
125.0,Tunnel,382.0988785797525,104.33093371480618,-0.1570796326795052,3.039973391266168,2.9709528253632755,-0.0026612856122698,0,,,2,21.272396641943416,0.0,30.35453924958289,1,382.1246298146323,103.59725865180508,-0.12303407060232,0.8343128002007472,339
125.1,Tunnel,382.39911697853967,104.28338062405034,-0.1570796326795052,3.03980908194438,3.001635066947518,0.0088986048584757,0,,,0,20.32684854350684,0.1527423198776832,31.10386814444413,1,382.87294383970624,104.00988547001312,-0.1419233743298669,0.8628835284167873,392
125.2,Tunnel,382.6993366650033,104.2358304970354,-0.1570796326795052,3.039619626193972,2.97401401979948,0.0045250888931676,0,,,0,20.821072165987644,0.6366788996790845,21.13066103535636,1,383.1498760734425,104.93158565216756,-0.1620817734504824,0.9551863524047784,381
125.3,Tunnel,382.99953514147217,104.1882837293536,-0.1570796326795052,3.039404882394361,3.028148936381085,0.0022785059919476,0,,,2,22.16986933803941,1.8038209472297475,30.458626995791228,1,383.2393529880554,104.13424362639054,-0.1684412986037808,0.819654924105742,353
125.4,Tunnel,383.2997098966056,104.14074071876222,-0.1570796326795052,3.0391647121454626,3.043176333674562,0.0012782261273601,0,,,2,17.508071207223395,0.3525710744545001,27.4553039176264,1,382.9687822760798,104.6630674400742,-0.1442395873924011,0.7721687105128439,392
125.5,Tunnel,383.59985840571306,104.09320186513298,-0.1570796326795052,3.038898980285724,3.020245644818538,-0.0015870695441918,0,,,0,17.458240446097726,0.0,35.58059449325134,1,383.4244672303885,103.89993497850551,-0.1496419315756707,0.9145503761018564,427
125.6,Tunnel,383.899978131076,104.04566757040102,-0.1570796326795052,3.038607554909764,3.137574923256885,0.0098049349617652,0,,,1,19.203235860570068,0.0,29.03793654543879,1,384.09252377777307,104.5758755514848,-0.1498575017788721,0.7775404593467885,351
125.7,Tunnel,384.20006652227073,103.99813823851372,-0.1570796326795052,3.038290307385625,2.994071772423285,0.0035657831689214,0,,,1,18.250912305631964,0.0,32.407535674511784,1,384.6500680245943,104.0417697441218,-0.1392937368133453,0.857695837061785,359
125.8,Tunnel,384.5001210164941,103.9506142753793,-0.1570796326795052,3.037947112371617,3.120631548903542,-0.0045781954445566,0,,,0,20.34015597876321,0.83675404532758,40.46787496838237,1,384.94308771560594,103.72608912979192,-0.178315481368902,0.8721537586599023,411
125.9,Tunnel,384.8001390388896,103.9030960888149,-0.1570796326795052,3.03757784783277,2.974327912986932,-0.0079330468885649,0,,,2,18.90052315174885,0.0,37.340087467409376,1,384.4735085042168,103.83007986298097,-0.1376892789476893,0.9376820461898144,423
126.0,Tunnel,385.1001180028754,103.85558408849488,-0.1570796326795052,3.0371823950568824,3.041887826638158,0.0023072909089599,0,,,2,19.98805699258456,0.0,28.78554707383402,1,384.9347346448917,104.24714361747276,-0.1557938082080836,0.939412002344164,397
126.1,Tunnel,385.4000553104747,103.8080786858983,-0.1570796326795052,3.036760638670165,3.1076535577677555,-0.0008896608873633,0,,,0,20.373826950511763,0.556056452954057,25.33461846753436,1,385.5579641744368,103.54337984648588,-0.1537802046737657,0.8654477061315804,403
126.2,Tunnel,385.6999483526464,103.76058029425673,-0.1570796326795052,3.036312466652481,3.103673363675763,-0.00814068785452,0,,,0,18.63634745642521,2.0569914370632247,29.417209489276058,1,385.6601928134697,103.85834861947532,-0.1705545637809766,0.8140928780305157,402
126.3,Tunnel,385.99979450961786,103.71308932850133,-0.1570796326795052,3.0358377703521797,3.0138904648096525,0.0016104243701073,0,,,2,20.044492930923035,0.8021100133238253,31.972161349078046,1,385.8153398323154,103.12673968590956,-0.1657597865136582,0.8842359787236499,355
126.4,Tunnel,386.29959115121954,103.66560620521004,-0.1570796326795052,3.0353364445005178,3.071752429465063,-0.0020539680930581,0,,,0,19.375330390973797,0.0,32.93586165832783,1,386.371600302392,103.34812428802624,-0.1686595288441355,0.8763591029677392,386
126.5,Tunnel,386.59933563721984,103.61813134255452,-0.1570796326795052,3.0348083872256764,3.0653400788565768,0.0021155817776523,0,,,2,20.71553208303104,0.4067959744938412,34.78695964714894,1,386.6995242053218,103.58869258183316,-0.1882173650882088,0.8966766865945829,381
126.6,Tunnel,386.8990253176624,103.57066516024658,-0.1570796326795052,3.034253500066357,3.009388304077816,0.0016702252123311,0,,,0,19.864277179387635,0.0,26.17227911709657,1,387.2463626735045,103.60701417947747,-0.1566263304570432,0.868026562877145,436
126.7,Tunnel,387.198657533204,103.5232080794848,-0.1570796326795052,3.033671687984971,3.0786115470182187,-0.0038212192445362,0,,,0,21.220822594150683,1.3534081516872916,31.62314853775717,1,383.5222628969861,108.18680155889996,-0.3237788292137629,0.2961817185960943,152
126.8,Tunnel,387.4982296154543,103.47576052290074,-0.1570796326795052,3.0330628593804114,3.1524054021204666,0.0027149836009631,0,,,0,20.84518309002757,1.2739591382864022,23.77920765165852,1,387.4159252193077,103.05146707375896,-0.1705277180902946,0.8128078040299289,413
126.9,Tunnel,387.7977388873159,103.42832291450492,-0.1570796326795052,3.032426926100402,3.0665533276947845,-0.0032610274530119,0,,,2,19.3385973394903,0.0,28.32825385961757,1,387.6264908983641,103.43612505330698,-0.1465959794633895,0.867145074784711,421
127.0,Tunnel,388.0971826633268,103.38089567963276,-0.1570796326795052,3.031763803453438,3.0727693063256347,-0.0028972243450039,0,,,1,17.182054395345393,0.1056748671478505,29.86026556940172,1,388.1626674694794,103.72480633837031,-0.1333708576907275,0.8254519288350466,427
127.1,Tunnel,388.3965582500031,103.3334792448902,-0.1570796326795052,3.031073410220297,3.07935219074468,-0.003402132999849,0,,,0,17.926045845356665,0.0,30.64919887684601,1,388.6941896906549,103.34902031385828,-0.1622774322947129,0.9273657088333076,339
127.2,Tunnel,388.6958629461828,103.28607403809929,-0.1570796326795052,3.030355668665133,2.949965725890328,0.0053353204892557,0,,,2,17.983139204092897,0.0,38.304954919693735,1,388.7123285353588,103.67081093634326,-0.1455186473918575,0.9007822850130602,379
127.3,Tunnel,388.9950940433712,103.2386804882434,-0.1570796326795052,3.0296105045461488,3.0643651790831883,-0.0020713519309878,0,,,0,19.71259699036286,0.0,33.58946580306285,1,389.0460289465257,103.4390153215555,-0.157102457701554,0.8876952479207937,394
127.4,Tunnel,389.2942488260872,103.1912990254125,-0.1570796326795052,3.028837847125838,2.9743139781849544,0.0066555555349136,0,,,0,20.83031655675493,0.19209275025569,24.06817251546429,1,388.8913250997944,103.41707728101645,-0.1548125700229543,0.8824414729525001,448
127.5,Tunnel,389.5933245722097,103.14393008074823,-0.1570796326795052,3.0280376291808104,2.9956237575965323,0.0088262717652493,0,,,0,20.93694856511953,0.061232110604679,30.501480429641376,1,389.3770362945589,103.08222069573088,-0.1383329299878304,0.8417884289264069,354
127.6,Tunnel,389.8923185533264,103.09657408638869,-0.1570796326795052,3.027209787011182,3.1565325211605466,-0.0043827115235824,0,,,0,18.942595259529725,0.5457925171182383,26.862467219822754,1,392.7060891526728,104.97013195471278,-0.0789683232809532,0.3037139341113567,167
127.7,Tunnel,390.191228035082,103.04923147541312,-0.1570796326795052,3.026354260449544,3.009899505041371,-0.0158808345141518,0,,,0,17.107224374512363,1.7758291193226283,29.187886115287867,1,390.2959505492324,102.98268477764096,-0.1420123091148704,0.8496656242713166,403
127.8,Tunnel,390.4900502775286,103.00190268178667,-0.1570796326795052,3.025470992869497,2.9805858582582103,0.0048704076151466,0,,,0,19.93530820061725,0.0408952290325249,29.826423979313805,1,391.4087404576284,102.51804485269476,-0.1195996440077813,0.9912922902333036,386
127.9,Tunnel,390.7887825354757,102.95458814030484,-0.1570796326795052,3.024559931193762,3.0890441583308577,-0.0023586885138108,0,,,1,17.876877004041983,3.479172581654405,26.100013202483225,1,390.6093402061487,102.14433081959328,-0.1457612048585077,0.841140148978237,345
128.0,Tunnel,391.08742205884187,102.90728828653768,-0.1570796326795052,3.023621025901853,2.964983044128286,-0.0050503178921337,0,,,0,23.98857352643348,0.0,26.7713896073084,1,390.5638308765669,103.1674856268316,-0.1651853884519192,0.8973732031798572,380
128.1,Tunnel,391.38596609300646,102.8600035567743,-0.1570796326795052,3.022654231037325,2.994758520472238,-0.00359485954891,0,,,0,18.07469469014332,0.0,33.001316266798085,1,391.0953978200147,103.06154451971236,-0.1542565589282212,0.8588691623116465,353
128.20000000000002,Tunnel,391.68441187916255,102.81273438796674,-0.1570796326795052,3.021659504214582,3.0982136384314054,-0.0026245478998545,0,,,0,24.55801141818819,0.3491624876348841,27.455715125194494,1,391.45731241617705,102.55401558453627,-0.1777743548647818,0.8078183368202877,350
128.3,Tunnel,391.9827566546702,102.7654812176742,-0.1570796326795052,3.020636806625257,3.0270729470664506,0.0063075386430885,0,,,0,22.164179329709416,0.3872507527404007,33.27300851965554,1,392.0506801125384,102.81865870609565,-0.1393589323013206,0.9211043048676976,378
128.4,Tunnel,392.28099765341017,102.71824448400696,-0.1570796326795052,3.019586103044156,2.9301437061330966,0.0003690558988418,0,,,0,20.636006832024023,2.03940386778707,31.224390242872303,1,392.10004075571874,102.85239056315254,-0.1669017486589701,0.7749371389831765,520
128.5,Tunnel,392.5791321061387,102.67102462557008,-0.1570796326795052,3.0185073618347653,3.0517596634238378,0.006269989571138,0,,,0,21.173868614284324,0.0,30.948850784401863,1,393.3301094180241,102.61821994145204,-0.20107222024818,0.8976015513181586,457
128.6,Tunnel,392.87715724084205,102.62382208140744,-0.1570796326795052,3.0174005549543264,2.9987684457895614,0.0021600531740689,0,,,0,19.76464137770566,0.0,26.93430497424681,1,392.4810719212891,102.88020738968238,-0.1768803108840604,0.9895694623802308,401
128.70000000000002,Tunnel,393.17507028309234,102.57663729094524,-0.1570796326795052,3.016265657958469,3.1167336378524024,-0.0020395653203914,0,,,1,24.314085957692747,0.1401743915799137,21.591725487440684,1,392.9706685886886,102.2924763043588,-0.1665035335427216,0.8621462888392794,407
128.8,Tunnel,393.4728684564032,102.52947069393574,-0.1570796326795052,3.015102650005414,2.9866215027480068,-0.0024501928162031,0,,,1,17.47668124596573,0.0,32.64012125065857,1,393.26224116113366,102.4916121219942,-0.1691423378941281,0.8821991740164314,361
128.9,Tunnel,393.7705489825856,102.4823227304008,-0.1570796326795052,3.013911513859732,3.083204038239956,0.002501459736865,0,,,1,20.67756228312092,0.8131402245040336,27.626236701939007,1,393.7424803015074,101.92182717188965,-0.1892836942304603,0.8570162990436226,405
129.0,Tunnel,394.0681090821052,102.43519384057548,-0.1570796326795052,3.012692235895669,3.127954598078836,0.0039054037624744,0,,,0,20.03562956454421,0.0,34.25472973404301,1,393.3083156368935,102.5080464415891,-0.1767847758212135,0.7768282926360864,361
129.1,Tunnel,394.3655459744383,102.38808446485145,-0.1570796326795052,3.011444806100032,2.967082877880181,0.0048634297123413,0,,,0,21.289764208520197,2.317771552722827,29.57793371879735,1,394.209901057806,102.09462866192024,-0.1333683308766993,0.8761064078851019,400
129.20000000000002,Tunnel,394.6628568784293,102.34099504372044,-0.1570796326795052,3.0101692180746347,3.00506370876073,-0.0017126039424499,0,,,1,21.828111213418705,0.0,31.24726161963089,1,394.785564048831,102.25129192895746,-0.1763264112870368,0.8596856107576087,378
129.3,Tunnel,394.96003901264817,102.29392601771772,-0.1570796326795052,3.008865469038306,3.039558258337772,0.0006095799819151,0,,,1,18.16675967165048,0.8631655781656171,25.6441586438822,1,394.7414346345903,101.8887240341108,-0.147145689934161,0.8279659213848609,423
129.4,Tunnel,395.2570895957473,102.2468778273655,-0.1570796326795052,3.0075335598284587,2.96359664756548,0.0028000722259479,0,,,2,21.24572219086677,0.3812586233936652,25.0260872322118,1,395.3347708214751,102.04073124424411,-0.1762032782561782,0.8888836632472032,417
129.5,Tunnel,395.5540058468194,102.19985091311618,-0.1570796326795052,3.0061734949022165,3.0304763311100262,-0.0022460883266439,0,,,1,18.080355439643068,0.0,23.487856014429536,1,395.7324675298973,102.15021424147363,-0.1504176844038784,0.8637823437504876,431
129.6,Tunnel,395.850784985755,102.15284571529584,-0.1570796326795052,3.0047852823371057,2.9976682536119847,-0.0061023615542455,0,,,1,17.513298111378802,0.0,29.36065446066576,1,396.538379420096,102.08276207353389,-0.1528720952826527,0.7858382348263081,375
129.70000000000002,Tunnel,396.1474242336001,102.1058626740476,-0.1570796326795052,3.003368933831303,2.9959508269647235,-0.004356246902607,0,,,0,17.584013051903554,1.777321597190214,28.657539482546987,1,395.6854023880788,102.02206509729402,-0.1392628117707768,0.901689318183196,381
129.8,Tunnel,396.4439208129136,102.0589022292749,-0.1570796326795052,3.0019244647034458,3.008893914335387,-0.0014251285704829,0,,,2,21.48342925020521,0.0,25.94415814646569,1,396.5152111308415,101.86935456634858,-0.1454276293503587,0.8344387375135085,377
129.9,Tunnel,396.7402719481249,102.01196482058492,-0.1570796326795052,3.000451893892002,3.011216524541661,0.0033145790574452,0,,,2,22.111240641578146,0.3115965788252041,27.87820898868216,1,396.5407965637036,101.79080405279149,-0.1542155922003814,0.8807103376320771,430
130.0,Tunnel,397.0364748658916,101.96505088723193,-0.1570796326795052,2.998951243954201,3.011412834605476,0.0064758099509698,0,,,0,22.15497042193138,1.585668168317157,25.00442830058676,1,396.8838699155402,101.6388880219703,-0.1545403593146961,0.8074752932390603,417
130.1,Tunnel,397.33252679545626,101.91816086806082,-0.1570796326795052,2.997422541064524,2.963020995512589,-0.0071669307643856,0,,,0,18.12506022657256,0.6318136736851119,35.154923392196714,1,397.26398852355993,101.92695272946423,-0.1593107664033515,0.7981709937525533,379
130.20000000000002,Tunnel,397.6284249690039,101.87129520145044,-0.1570796326795052,2.9958658150127526,2.9639002351941555,-0.0031870963822414,0,,,2,19.587308517527077,0.0,30.412906011453888,1,397.4915512443217,101.91697217411844,-0.1477312202316669,0.8499730517989802,375
130.3,Tunnel,397.9241666220185,101.82445432525708,-0.1570796326795052,2.994281099201586,2.990861753053456,-0.0019643784604587,0,,,0,19.416260423605028,0.0673884717588227,26.697872693124022,1,397.76831017461296,102.2998558984628,-0.1870151586180819,0.854495195337444,406
130.4,Tunnel,398.2197489936398,101.777638676758,-0.1570796326795052,2.992668430643811,2.991674708189448,0.0040638359839118,0,,,0,19.947168642108565,1.7507659523167236,40.180776725452645,1,398.39386534575647,101.58563756376287,-0.1490963548946049,0.8923615842336314,387
130.5,Tunnel,398.5151693270198,101.73084869259512,-0.1570796326795052,2.9910278499590364,2.968034512501168,-0.0029087347584792,0,,,0,20.188011259573287,2.013268402374729,29.03229605341078,1,397.9783104419101,101.84395058413554,-0.1691096066627566,0.8013093917945223,340
130.6,Tunnel,398.810424869678,101.68408480871848,-0.1570796326795052,2.9893594013699905,3.0087806455196078,-0.0023645873120026,0,,,0,23.508777621622706,0.0,23.360200297634822,1,398.8692505521231,101.80938565024016,-0.1486452646989735,0.8368813401628314,372
130.70000000000002,Tunnel,399.1055128738572,101.63734746033006,-0.1570796326795052,2.98766313269838,2.877556412449067,-0.0075211521559042,0,,,0,20.70628326938716,1.425521610641341,30.21160953727402,1,398.8708264854976,101.67132506842135,-0.1604208318775435,0.8538302927390785,382
130.8,Tunnel,399.4004305968786,101.59063708182752,-0.1570796326795052,2.9859390953603087,2.9371825887697347,0.0023796935806258,0,,,2,21.499078608574663,1.0598464475082878,34.43949805887866,1,399.3554418217808,101.45272778472876,-0.1640321752229789,0.9426055222320616,396
130.9,Tunnel,399.6951753014963,101.54395410674802,-0.1570796326795052,2.9841873443612683,2.962472651795078,-0.0009637256291569,0,,,0,21.4578945636878,0.888798949021626,38.65454042478951,1,399.9299009622424,102.8071327087322,-0.1367138423064293,0.9596880702001512,395
131.0,Tunnel,399.98974425625113,101.49729896771218,-0.1570796326795052,2.9824079382906805,2.9246041388573256,-0.0034851232211716,0,,,0,20.99137059855944,0.7123026639931499,29.5964380928224,1,400.3257026187258,101.52557958058011,-0.1648813252522156,0.8506721940427413,355
131.1,Tunnel,400.28413473582407,101.45067209636817,-0.1570796326795052,2.9806009393160138,3.070579004385727,-0.0014430827912706,0,,,0,19.498815633209237,2.3023378563673607,29.12053222329841,1,400.7049106137684,101.44642610918672,-0.1578568401440998,0.8815670053732761,379
131.20000000000002,Tunnel,400.5783440213892,101.40407392333564,-0.1570796326795052,2.9787664131764604,2.9752378923440266,0.005824209825035,0,,,0,20.756069043692055,2.236364645807998,25.66763787151061,1,400.1136882866186,101.49146124034829,-0.1645591799109653,0.7658731806997292,433
131.3,Tunnel,400.8723694009655,101.35750487815024,-0.1570796326795052,2.976904429176182,2.9817696299339618,-0.005343562090423,0,,,0,18.696711855919496,0.0,27.88480415888857,1,400.7491214549963,101.0714346576737,-0.1404003476940816,0.8943182101003491,380
131.4,Tunnel,401.1662081697687,101.3109653892077,-0.1570796326795052,2.9750150601771197,2.9430150898181804,-0.0044375619589827,0,,,0,21.027072434931902,0.0466392894827572,27.98694050958809,1,401.065442630281,101.76111569967412,-0.1406240097160163,0.942072688314724,412
131.5,Tunnel,401.4598576305615,101.26445588370842,-0.1570796326795052,2.9730983825913726,2.9675269637688486,0.006524716111982,0,,,0,19.14601810113012,0.0,29.818523057442057,1,402.2043241791706,100.92544282584689,-0.129348980777181,0.914109942262176,424
131.6,Tunnel,401.75331509400354,101.21797678760208,-0.1570796326795052,2.9711544763731483,2.893818021988173,0.000330331551824,0,,,0,21.709665988652915,0.2777489331510209,37.033630628161895,1,401.8374907955179,101.2200273699024,-0.1657273508812538,0.8210742951413535,406
131.70000000000002,Tunnel,402.0465778790007,101.1715285255323,-0.1570796326795052,2.9691834250102764,2.954483892445096,0.0034407183819294,0,,,2,15.775143337049109,0.1409659596411263,30.48987435803044,1,401.7712412241184,100.98783953537908,-0.1439168568686657,0.9856911949372068,389
131.8,Tunnel,402.3396433130527,101.1251115207815,-0.1570796326795052,2.967185315515297,2.908757270909946,0.0020797415099248,0,,,0,19.44148916736325,0.0,34.40789610574144,1,402.5952774233682,101.31223770102304,-0.1323780050597029,0.8172222321240158,398
131.9,Tunnel,402.6325087326006,101.07872619521598,-0.1570796326795052,2.965160238416121,2.945661103338876,-0.000216258575449,0,,,0,19.859729797747864,0.0,28.268979074282157,1,403.3993703179639,101.0754889512231,-0.1832975846804858,0.7675388062158414,353
132.0,Tunnel,402.9253077277427,101.03324151985258,-0.154112572951115,2.9631082877462624,2.8080012329803075,0.027795295632575,0,,,0,16.235419093726932,0.0,31.92038138095065,1,402.73285837311215,100.8392235814933,-0.168622727537036,0.8422379687425348,338
132.1,Tunnel,403.21803488685055,100.98865709506263,-0.1511455132227248,2.9610295610346404,2.893022148347637,0.0339700478881504,0,,,1,17.363704484251993,0.0,31.90203858171081,1,403.0104505299321,101.41380922962676,-0.1448577596848719,0.9145879029837618,405
132.20000000000002,Tunnel,403.5106848089129,100.94497248768774,-0.1481784534943346,2.9589241592949653,3.0444953623308586,0.0356687095533785,0,,,0,21.23365022112001,0.0,24.180424983106747,1,403.4603291551082,100.92676776160276,-0.1411507822132902,0.858905943373333,360
132.3,Tunnel,403.8032521040623,100.90218723110482,-0.1452113937659445,2.9567921870146936,3.0072571100244168,0.0352542420220158,0,,,1,18.626449264428665,1.30468727031304,29.02889676236925,1,403.8991002050214,101.6331823171494,-0.1485081114318793,0.965198083129433,370
132.4,Tunnel,404.0957313941012,100.86030082529766,-0.1422443340375543,2.954633752143563,3.037694673259228,0.0233525871695455,0,,,1,18.976218456575925,0.7376647895010043,33.211650987612785,1,404.3907210962452,100.93970084328456,-0.1511022860002149,0.9065795945985892,277
132.5,Tunnel,404.38811731302593,100.81931273693428,-0.1392772743091641,2.952448966081707,3.0401936208201725,0.0364759422042861,0,,,0,23.31362700408395,0.0,29.417549402167868,0,,,,0.9883321330823596,368
132.6,Tunnel,404.6804045075504,100.77922239945065,-0.1363102145807739,2.9502379436673505,2.9929613872933114,0.0277031075669451,0,,,0,19.05960079503667,0.0,30.610139612557536,1,404.4789055750252,100.7467958088269,-0.1147735630305684,0.8860388259460197,315
132.70000000000002,Tunnel,404.9725876376271,100.74002921314036,-0.1333431548523838,2.9480008031640863,2.9257343394891246,0.0255952523692363,0,,,0,22.055088523763956,1.7058669988476172,23.122671992203667,1,404.62121753938567,100.83867541339404,-0.156215052208009,0.8523109403578785,356
132.8,Tunnel,405.2646613769671,100.7017325452506,-0.1303760951239936,2.9457376662477355,2.8883423259041328,0.0286417716713599,0,,,0,18.719713934313955,1.5761862282486994,28.40955786349016,1,405.50122284685307,100.8588701679616,-0.1365575872701723,0.8740020814373467,387
132.9,Tunnel,405.5566204135583,100.664331730084,-0.1274090353956034,2.9434486579927928,3.017605177731858,0.0338472522117815,0,,,0,19.28555087739507,0.0,25.104428948618917,1,404.8772897195258,101.16682131210494,-0.1275892340822566,0.9428039610319288,458
133.0,Tunnel,405.8484594501818,100.62782606910667,-0.1244419756672132,2.94113390685846,2.94997318934096,0.0323413895150022,0,,,0,20.094903262889957,0.0,46.76411051429058,1,405.1855386421908,100.66652005026596,-0.1238693905447014,0.8796395247385078,435
133.1,Tunnel,406.1401732049263,100.59221483106236,-0.121474915938823,2.938793544674265,3.0913586738837915,0.0281502061398927,0,,,1,23.93354448527491,1.066964465999506,35.22634199378803,1,405.668174954732,100.9947080794723,-0.114875204138173,0.8589520376342432,435
133.20000000000002,Tunnel,406.4317564117007,100.55749725209236,-0.1185078562104329,2.936427706625276,2.9167362038229125,0.0338239058025599,0,,,1,20.637017020685363,0.7288953775888014,36.46290635349167,1,406.2606010468944,100.5178860795288,-0.1123153070408879,0.8880583139828461,363
133.3,Tunnel,406.7232038207444,100.52367253586178,-0.1155407964820427,2.934036531236901,3.0537684644376237,0.0301748180493135,0,,,0,16.50534795200023,0.5557331806433962,28.66558915223724,1,406.43283585888776,100.27569944059398,-0.1110263672517453,0.835141523536643,351
133.4,Tunnel,407.0145101991354,100.49073985369148,-0.1125737367536525,2.931620160359288,2.922764946038689,0.0264334215312382,0,,,1,21.031986640001023,0.0,28.129327804033277,1,407.02831891066,100.10544559497232,-0.1485142138359596,0.8904638794340447,374
133.5,Tunnel,407.3056703312969,100.45869834469612,-0.1096066770252623,2.929178739151313,3.0098513833005627,0.0257038134803688,0,,,0,19.910756107194437,0.0,32.561554181073625,1,407.72785232835656,100.23370398206808,-0.13572437620825,0.8481408095521407,425
133.6,Tunnel,407.5966790195,100.42754711592818,-0.1066396172968722,2.926712416064176,3.030403225102016,0.0316097063072037,0,,,0,17.235619437342493,0.1932769358322202,28.5241402561404,1,408.1906400044412,100.3942132291972,-0.1038293667379575,0.9102017799210844,429
133.70000000000002,Tunnel,407.8875310843656,100.39728524252769,-0.103672557568482,2.9242213428245862,2.863795444629226,0.0290470141948792,0,,,2,20.515764414384,0.0,33.472393781769135,1,407.7031908353749,100.82387562014866,-0.1139786709182639,0.8342914514848311,400
133.8,Tunnel,408.1782213653629,100.36791176787796,-0.1007054978400918,2.921705674417556,2.8930728974172397,0.0222900888652557,0,,,2,18.360170628791817,0.0,37.61623532998733,1,407.9498525356748,100.01038492798467,-0.1289949732964408,0.9091055996061128,352
133.9,Tunnel,408.4687447213049,100.33942570376728,-0.0977384381117016,2.919165569068793,2.8607831467479383,0.0339460565400221,0,,,2,19.004654943148868,0.0,25.70272241518226,1,408.2523649069254,100.82576940314114,-0.1094109860877803,0.942075483784066,342
134.0,Tunnel,408.7590960308426,100.31182603055608,-0.0947713783833115,2.9166011882267058,2.842836039418544,0.0270117831386028,0,,,0,17.90991996489968,0.0,25.176625743315498,1,409.1114739751896,99.87446930409683,-0.1180294139404156,0.7999494958484635,385
134.1,Tunnel,409.04927019295496,100.28511169735016,-0.0918043186549213,2.9140126965440065,2.9565337979470168,0.0378553693253132,0,,,2,19.497748581593747,0.0,35.28764605118192,1,409.35957887487376,99.88899243633452,-0.0937692149783937,0.8640431025313354,410
134.20000000000002,Tunnel,409.33926212743626,100.2592816221796,-0.0888372589265311,2.911400261858935,2.904078434175885,0.0221492254754056,0,,,2,17.82579155492052,0.4072157526571536,32.751944892195695,1,409.0126151835558,99.833619920496,-0.0992338686084557,0.8449971191065965,359
134.3,Tunnel,409.6290667753814,100.23433469218335,-0.0858701991981409,2.908764055176088,2.9133884514076835,0.0285543542565532,0,,,0,19.490129939075,0.0,32.08514313471874,1,409.1871540094037,99.72397224384666,-0.083855578564215,0.9428630464695278,394
134.4,Tunnel,409.91867909966703,100.21026976379936,-0.0829031394697508,2.906104250646865,2.937440650059756,0.0258274381922739,0,,,3,17.630555224280915,1.224494561787437,27.566904102613016,1,409.95912721576633,100.40339832706589,-0.0538723688303579,0.953847730096352,466
134.5,Tunnel,410.2080940854303,100.1870856629607,-0.0799360797413606,2.9034210255495334,2.792523741109851,0.0243189052715906,0,,,0,20.256402748048306,0.0,34.98105685983274,1,409.6565711976938,100.37145771675058,-0.1249866867266655,1.0,427
134.6,Tunnel,410.4973067405436,100.16478118529682,-0.0769690200129704,2.9007145602689093,2.975904722869801,0.0268418394744712,0,,,1,21.1330056891982,0.0,20.099456666565004,1,410.68762253927366,100.13194249393617,-0.1070701189784171,0.873370535165822,388
134.70000000000002,Tunnel,410.7863120960869,100.14335509634076,-0.0740019602845802,2.897985038275664,2.8749070301074977,0.0386491339602768,0,,,0,20.84577771235729,2.426981811810701,34.481337696181384,1,411.2828660821104,100.51752054188049,-0.0763863350036002,0.8060785466630145,440
134.8,Tunnel,411.07510520681615,100.12280613174173,-0.0710349005561901,2.89523264610525,2.927853300666982,0.030163045401727,0,,,1,20.45388161383258,0.0,29.48417258331957,1,410.9579231625574,100.34947643230758,-0.0571951714902754,0.8987696954163575,462
134.9,Tunnel,411.3636811516278,100.10313299748296,-0.0680678408277999,2.8924575733364644,2.931364082888837,0.0252725872787875,0,,,0,21.56510353280367,1.609896567063115,31.36274241631567,1,411.333378248778,100.08270831038578,-0.0647013385132742,0.7496023216183332,380
135.0,Tunnel,411.6520350340209,100.0843343701055,-0.0651007810994097,2.8896600125696263,2.974349686272093,0.0198137013219016,0,,,0,17.587413874927208,0.0,30.327919284486104,0,,,,0.9015226368504896,442
135.1,Tunnel,411.9401619825544,100.06640889693674,-0.0621337213710195,2.8868401594044006,2.884692807500885,0.0203370908450442,0,,,0,18.530898036798533,0.0,40.60593114291333,1,412.0671988571941,100.53151025229296,-0.0681472242873439,0.819708548888297,410
135.20000000000002,Tunnel,412.2280571513011,100.04935519632488,-0.0591666616426294,2.8839982124172487,2.7623740897691267,0.0265832547377514,0,,,0,25.72633298806891,0.0,24.52632754132905,1,412.2903113344782,99.80918687872506,-0.0796382844721361,0.8569619876527845,400
135.3,Tunnel,412.5157157202983,100.03317185787834,-0.0561996019142392,2.8811343731385204,2.890748913419892,0.0260685925258859,0,,,1,20.02066890550401,0.0,25.094355293117093,1,412.5654272628783,99.60798116789556,-0.053820999944012,0.8724684919001445,332
135.4,Tunnel,412.80313289599377,100.01785744271054,-0.053232542185849,2.878248846029184,2.8972478263922863,0.0281141305075211,0,,,0,18.02567503890909,0.9355750539417272,22.299768383419643,1,415.03086149210526,102.56396829870556,0.067492712090075,0.2786227957200754,167
135.5,Tunnel,413.090303911688,100.00341048368982,-0.0502654824574588,2.8753418384572,2.8208124893748026,0.0173869405827376,0,,,1,23.431869105452776,0.0,34.883505192762215,1,413.0965164591259,99.85077808382842,-0.0608436980776674,0.8561687077862752,374
135.6,Tunnel,413.3772240279728,99.98982948569468,-0.0472984227290687,2.8724135606735435,2.8886504146670857,0.0288294591295804,0,,,0,18.809180498056367,0.2331433370751731,34.269294984035604,1,414.0079191148853,99.45467188836992,-0.0426704327135714,0.978590063549158,390
135.70000000000002,Tunnel,413.663888533165,99.97711292587384,-0.0443313630006785,2.8694642257878717,2.8550040595150925,0.0346516048191081,0,,,0,20.224112483898576,0.0,27.651470082187345,1,413.4163136184621,99.89251326663955,-0.0383411052258453,0.7940247318739246,393
135.8,Tunnel,413.9502927437367,99.9652592539117,-0.0413643032722883,2.866494049743844,2.792810942556987,0.0377707596782996,0,,,2,17.752422005177355,0.0,35.79892544429204,1,413.9722250354792,100.24800712943365,-0.0365709809181544,0.9360209869652848,375
135.9,Tunnel,414.2364320047406,99.95426689229848,-0.0383972435438981,2.8635032512941008,2.910869931939064,0.0193607320235104,0,,,0,19.71093489228348,0.0,24.27449050829692,1,414.18641277988615,100.21211112257848,-0.0315955563257186,0.8875422960060255,413
136.0,Tunnel,414.5223016902316,99.9441342366055,-0.035430183815508,2.8604920519748958,2.8357894800205483,0.0250468175626334,0,,,0,18.32488924925349,0.0,32.740694793610714,1,414.07644006594046,99.87408682337396,-0.0473822004136481,0.7196018327650923,414
136.1,Tunnel,414.8078972036832,99.93485965576532,-0.0324631240871178,2.8574606760803887,2.8425046565225176,0.0248160246357469,0,,,0,21.105539283663,0.490041412365145,30.208856947048204,1,414.8635485695529,99.59628410481304,-0.0397348358797637,0.9234895220794916,413
136.20000000000002,Tunnel,415.09321397840006,99.92644149235666,-0.0294960643587276,2.854409350636608,2.832564996465229,0.0300588127642268,0,,,1,18.52213205753298,0.6158969570192847,34.226969904774734,1,414.73733397399366,99.9644679944072,-0.0097237508183698,0.8081244116601128,388
136.3,Tunnel,415.3782474779256,99.91887806289417,-0.0265290046303374,2.8513383053750743,2.9301770890014947,0.022896912773731,0,,,1,17.65798308624229,0.0,34.0936848478267,1,415.7192908391681,99.81559924032086,-0.0512990492103426,0.9022426165271712,368
136.4,Tunnel,415.66299319644486,99.91216765812288,-0.0235619449019472,2.848247772706096,2.848669705432942,0.0380867917584208,0,,,2,20.44370876047012,1.0634394309075597,24.60691472604798,1,415.5841020649322,100.0699296071581,-0.0603146634468125,0.8848472724584371,426
136.5,Tunnel,415.9474466591831,99.90630854331734,-0.0205948851735571,2.84513798769174,2.856429006074426,0.0294630123992712,0,,,2,19.661794087312757,1.9415811256625752,33.31480811785762,1,416.1500739192008,100.2569942353254,-0.0272665742431841,0.9111380192619482,461
136.6,Tunnel,416.2316034227989,99.90129895858531,-0.0176278254451669,2.8420091880184803,2.8197441027545267,0.0285457616536863,0,,,0,20.147150727789164,0.0,27.509057667586443,1,415.8843073006683,99.30118869871572,-0.0449235133850463,0.8891377791340925,419
136.70000000000002,Tunnel,416.5154590757732,99.8971371191762,-0.0146607657167767,2.838861613969521,2.874240678457306,0.0375148051116107,0,,,0,18.264883508962384,0.0,28.170943649843057,1,416.4453856247071,99.89858261113145,0.0034530511234192,0.876786802198848,405
136.8,Tunnel,416.7990092387923,99.8938212157936,-0.0116937059883865,2.8356955083968107,2.924172333059883,0.0290782810061011,0,,,1,19.63366606415185,0.0,28.53044228113349,1,417.0694581048172,99.73970618455547,-0.0341283295724332,0.9258137824827446,366
136.9,Tunnel,417.0822495651272,99.89134941491264,-0.0087266462599964,2.832511116692735,2.876974073032371,0.0312510981806055,0,,,0,16.510784540853408,0.0,25.09785687643108,1,417.8152006526828,100.001269058202,-0.0190297106222678,0.809620448540339,411
137.0,Tunnel,417.36517574100645,99.8897198591016,-0.0057595865316062,2.829308686761508,2.8810005424070653,0.0252735672869911,0,,,1,22.64073875499223,0.0,24.24992068616229,1,417.4664752360932,100.06730588671198,0.0012486693365483,0.934465654281488,367
137.1,Tunnel,417.6477834859852,99.88893066734752,-0.002792526803216,2.8260884689902506,2.8711838444833657,0.0220523421403469,0,,,2,22.312445376486,0.3329430569721261,25.93579953447337,1,417.9698913238284,100.2106590727301,-0.0207361875368934,0.8194701531043034,340
137.20000000000002,Tunnel,417.9300685533077,99.88897993538654,0.0001745329251741,2.822850716219772,2.747051067400124,0.0259713058614184,0,,,0,19.977935257719864,0.0,28.924786314181645,1,417.5335172756035,100.26506596163205,0.0306859492494595,0.8526154205611993,390
137.3,Tunnel,418.2120267302657,99.88986573603806,0.0031415926535642,2.819595683715045,2.7760474108785527,0.040659632376434,0,,,0,19.28955542354221,1.569417019076557,32.19302734976874,1,418.3829978682277,100.24409478684504,-0.0239537556091877,0.8473575729972292,424
137.4,Tunnel,418.4936538385505,99.89158611954304,0.0061086523819544,2.816323629135393,2.8150902528016704,0.032507666091566,0,,,0,24.18760506849602,0.0,26.95005179150245,1,418.4989646405923,99.54404498868136,0.0074579232311799,0.8661049039169606,410
137.5,Tunnel,418.77494573460046,99.89413911390642,0.0090757121103446,2.8130348125043785,2.7801599564325943,0.0306577638000714,0,,,0,16.585710710686538,1.021959691968398,30.636826358298094,1,418.89007854729545,99.4775521082915,0.0072164961236866,0.8955137155986629,371
137.6,Tunnel,419.0558983099425,99.89752272524356,0.0120427718387348,2.8097294961794064,2.7572638683141637,0.0240951836872823,0,,,0,18.42751054973292,2.9325874880005323,25.73218016131644,1,419.4042809105882,99.50997220798288,0.0090885231439323,0.9086283291143652,418
137.70000000000002,Tunnel,419.3365074915281,99.90173493813032,0.0150098315671249,2.806407944821044,2.702188817380589,0.0339836621032496,0,,,0,18.612041501087692,0.3629553117872292,30.07049732559749,1,419.2972040504242,99.44098236253342,0.014196674409578,0.8920725682955721,454
137.8,Tunnel,419.6167692420639,99.90677371595731,0.0179768912955151,2.803070425362056,2.732507551779201,0.0220626114549616,0,,,1,17.27495147239918,0.0,27.492262597943487,1,419.50726337484326,100.74428808922217,0.0310611919332717,1.0,362
137.9,Tunnel,419.8966795603366,99.91263700128762,0.0209439510239053,2.7997172069761653,2.795780927108128,0.0209789596614899,0,,,0,22.512944755407144,0.3850380868713125,30.26189999800089,1,420.16972991256216,99.63430524913154,0.00178122115451,0.8490790689763383,381
138.0,Tunnel,420.176234481532,99.91932271621836,0.0239110107522955,2.796348561046538,2.805081252868526,0.0262891326979877,0,,,1,19.41796035541582,1.2836007080281815,30.15095473115053,1,420.7799417209533,99.21741712241658,0.0320991349507138,0.9053444742495722,404
138.1,Tunnel,420.4554300775483,99.9268287627458,0.0268780704806856,2.792964761134001,2.756826386544281,0.0393936170606818,0,,,0,19.953445159396374,0.1191891083300072,33.55632725556522,1,420.3474254572286,99.54867712920384,0.0497761607540292,0.8726097767534421,438
138.20000000000002,Tunnel,420.7342624573038,99.93515302313402,0.0298451302090758,2.78956608294499,2.8046221843728425,0.0391293352791655,0,,,0,15.698761916692678,0.8130990444404436,28.109141922365527,1,421.14901283395375,100.01736517714195,0.04408468478782,0.8459590095874682,378
138.3,Tunnel,421.0127277670388,99.94429336028712,0.032812189937466,2.7861528042992427,2.7693077637612125,0.0268060438284696,0,,,1,20.258344229614245,1.4104686464855465,28.167566894840068,1,421.3969487567663,99.58419543491668,0.0404900490493744,0.8635071982689723,356
138.4,Tunnel,421.2908221906106,99.95424761812468,0.0357792496658562,2.782725205097222,2.8536559726826933,0.0257007997612125,0,,,0,21.530928461648383,0.0,28.5242088344391,1,421.7709264996249,99.64784782826598,0.0443324803036522,0.816984791296648,390
138.5,Tunnel,421.568541949784,99.9650136219606,0.0387463093942463,2.779283567287297,2.776706319309983,0.0206697358448215,0,,,0,19.128026819559672,0.0,25.65007230890372,1,421.5909739556158,99.97782662364898,0.0211258549011992,0.8315124225243391,427
138.6,Tunnel,421.8458833045146,99.97658917888532,0.0417133691226365,2.775828174832668,2.8266281748651845,0.0296881741392095,0,,,0,22.07304832498892,0.0,32.80771089386014,1,421.3926017221716,99.7476656425123,0.0429233575307823,0.9107445839866112,342
138.70000000000002,Tunnel,422.1228425532267,99.98897207815097,0.0446804288510267,2.772359313678044,2.793038528118038,0.0301229685380279,0,,,0,21.651957018916743,0.0,22.29248585556501,1,421.7103104120956,99.88889168541144,0.0468832137559012,0.8260033353487649,380
138.8,Tunnel,422.3994160330844,100.00216009155965,0.0476474885794169,2.76887727171608,2.6923418373910537,0.0335015402852051,0,,,1,23.7770684332759,2.6763337762049737,28.074027943451675,1,422.1979089020658,100.05111379776032,0.0699985450670515,0.8855377219354154,352
138.9,Tunnel,422.6756001202572,100.01615097385502,0.050614548307807,2.76538233875358,2.768605556161417,0.0341203034328316,0,,,0,18.950759733715483,0.0,32.13524536094277,1,422.5281426121615,100.14784384862648,0.0587113720954106,0.8617136907732514,371
139.0,Tunnel,422.9513912301792,100.0309424631164,0.0535816080361972,2.761874806477455,2.697287748478374,0.0282835028127596,0,,,1,21.030301170205192,0.0,28.509138902023928,1,423.07154069864055,99.76422285042388,0.0771384148846401,0.8485816337470854,392
139.1,Tunnel,423.2267858178014,100.04653228115605,0.0565486677645874,2.7583549684204645,2.7643793675854647,0.0322061878274857,0,,,0,20.897970452766724,0.0,35.288223212335915,1,423.3975154290876,99.73630667581376,0.0568885054199101,0.913024450699392,390
139.20000000000002,Tunnel,423.5017803778386,100.06291813391894,0.0595157274929776,2.75482311992672,2.723566532968849,0.0256642573178335,0,,,0,21.83661512956091,0.0,47.56988687247205,1,424.1180770866575,99.83599672556836,0.056932277094889,0.8739769500884204,400
139.3,Tunnel,423.77637144500943,100.0800977118856,0.0624827872213678,2.751279558116976,2.788350882980065,0.0321487152120309,0,,,0,18.461838008021477,0.0,33.18199417220266,1,425.6750029071594,98.58391927091192,0.2372915554129377,0.2868708176416002,163
139.4,Tunnel,424.0505555942699,100.09806869047718,0.0654498469497579,2.747724581853698,2.681287700915168,0.0266796036265498,0,,,1,20.36367918976929,0.5070538405732921,40.81488752115323,1,424.2668332111251,100.2280020039158,0.056455046872192,0.8809258408155677,365
139.5,Tunnel,424.3243294410408,100.11682873046328,0.0684169066781481,2.744158491705919,2.757921061657725,0.0317261640751988,0,,,1,21.718201277669262,0.0,31.40165980188685,1,423.9438999626132,100.3322796257556,0.0820045532998157,0.9848630457886174,380
139.6,Tunnel,424.5976896414284,100.13637547837224,0.0713839664065383,2.740581589913888,2.7907017637478466,0.0312991848775779,0,,,0,22.609166292580444,0.0,30.33280994528861,1,424.1062961933241,100.34439116201492,0.0815264441501262,0.8951168741539762,410
139.70000000000002,Tunnel,424.87063289243855,100.1567065669036,0.0743510261349285,2.7369941803535114,2.8055746846590512,0.0296602958099186,0,,,0,22.42043914860376,0.0,24.60781953518509,1,425.0841147924792,100.18433070468316,0.0789004373147488,0.8818689408570926,361
139.8,Tunnel,425.1431559321848,100.1778196153432,0.0773180858633186,2.7333965685005954,2.703801390685202,0.033484565337362,0,,,0,20.10285663642556,0.0,26.794645952366785,1,425.1321895668294,100.13115081750844,0.0831513610208514,0.913072542599923,370
139.9,Tunnel,425.4152555400887,100.19971222998004,0.0802851455917088,2.7297890613948925,2.7481483913031592,0.0210934780705214,0,,,0,23.254703772080664,0.0,31.35656927069287,1,425.30277557597645,99.9427571063068,0.062122189267646,0.8206277684310272,401
140.0,Tunnel,425.6869285370751,100.22238200452568,0.083252205320099,2.7261719676039555,2.7555753111369525,0.0237184246370915,0,,,0,23.379191136865906,0.0,29.56914814620711,1,425.4253926362748,99.8651896896876,0.0866230331622373,0.8988598864478894,438
140.1,Tunnel,425.95817178575913,100.2458265205354,0.0862192650484892,2.722545597186804,2.83311669842919,0.0279148889042809,0,,,2,21.506989443887797,0.0,25.89264427516945,1,425.7490003993181,99.96735522485798,0.066542997776354,0.9513267962639153,388
140.20000000000002,Tunnel,426.2289821906279,100.27004334783145,0.0891863247768793,2.718910261657409,2.649433820217709,0.0217384168608051,0,,,0,22.041681065552567,1.0032616958177083,26.51677900725189,1,426.4988700031615,100.13593973275158,0.1052753795405387,0.8785587663751598,379
140.3,Tunnel,426.4993566982144,100.29503004492804,0.0921533845052695,2.715266273947995,2.678195413732197,0.0271695336337032,0,,,0,15.724177379000963,0.0,30.60111658697728,1,426.2690050355374,99.7649448555918,0.0606118277383314,0.9249574651674068,385
140.4,Tunnel,426.769292297265,100.32078415945838,0.0951204442336597,2.7116139483721757,2.900841278711701,0.0272721872259635,0,,,1,20.27227858944141,0.0,31.24857071254906,1,427.07704002154696,100.57886684974687,0.0979065398069889,0.90769539255245,377
140.5,Tunnel,427.0387860189008,100.34730322860308,0.0980875039620499,2.707953600587909,2.7129792123011764,0.0360440758624738,0,,,0,18.89444411689819,0.0,29.9136630646602,1,427.1776838306959,100.37021166679408,0.1037110815874249,0.8089393122313452,433
140.6,Tunnel,427.3078349367707,100.37458477952036,0.10105456369044,2.7042855475603,2.6108616484859244,0.0299211393791097,0,,,0,21.642766382636783,0.9671593036001191,21.642833001738765,1,427.6303459650293,100.86883081988933,0.0674556222897853,0.9208844465640564,354
140.70000000000002,Tunnel,427.57643616719935,100.40262632977776,0.1040216234188302,2.7006101075242266,2.6847516331086854,0.0345472738469019,0,,,0,15.919553465280034,0.9915136250456728,27.09147259988211,1,427.8065254285094,100.23545634368068,0.0817643912421228,0.8314516708130952,430
140.8,Tunnel,427.8445868693268,100.4314253877853,0.1069886831472204,2.6969275999468283,2.5498086822941417,0.0307191011891931,0,,,1,26.342927464542065,0.0,25.047193809741017,1,427.4356692901104,100.58655582601668,0.1051571561315865,0.7920507028316318,377
140.9,Tunnel,428.1122842452419,100.46097945322992,0.1099557428756106,2.6932383454898257,2.7236870817244854,0.0263630734891708,0,,,0,21.07219463351313,0.0,27.222034206352173,1,428.0544735930336,100.2337788820418,0.1068482164999982,0.8112784245961515,408
141.0,Tunnel,428.37952554010906,100.49128601751129,0.1129228026040007,2.6895426659717026,2.755549021942548,0.0298983982195514,0,,,0,20.764418377428008,0.0,30.85558362691545,1,428.2305802938012,100.40635159396044,0.1028314861415777,0.811747496738934,385
141.1,Tunnel,428.6463080422873,100.52234256417864,0.1158898623323909,2.685840884329744,2.6453918467694715,0.0330289048939601,0,,,3,20.076579420351145,0.4447752542587773,25.286844222743277,1,427.809773997537,100.38426098092016,0.1039796145902633,0.913106407868689,386
141.20000000000002,Tunnel,428.9126290834428,100.5541465693689,0.1188569220607811,2.6821333245819328,2.66942129844326,0.0354231984506182,0,,,0,23.127927428390688,1.4741497093024871,22.7991098403161,1,429.2235582076547,100.46033535942306,0.0934508291510156,0.810965374383194,403
141.3,Tunnel,429.17848603865485,100.58669550224568,0.1218239817891713,2.678420311788718,2.749311659757652,0.0284787234434641,0,,,1,21.942842524450057,0.9424056547029598,26.83306089637796,1,429.26960074585503,100.35642081678124,0.1092170369687952,0.7957518633645186,409
141.4,Tunnel,429.44387632651376,100.61998682543916,0.1247910415175614,2.674702172014649,2.588768283594588,0.0206133275384333,0,,,1,23.2296928195254,0.0,28.01324022030325,1,428.7671867300094,100.14340493620232,0.1327448824736086,0.7766620340656185,342
141.5,Tunnel,429.7087974092128,100.65401799548692,0.1277581012459516,2.6709792322898918,2.607339891044607,0.0203331978339194,0,,,0,18.46337724918557,1.5191272067440695,27.612132617000984,1,429.90846864947264,101.28389996545404,0.1040802893737185,0.8338451565620258,381
141.6,Tunnel,429.9732467926325,100.68878646327536,0.1307251609743418,2.6672518205716145,2.6673111150556243,0.0276534149624806,0,,,0,19.62336821310684,0.0,26.649226284913095,1,429.797765085106,100.5161815271485,0.1340105928666717,0.9022696455148688,478
141.70000000000002,Tunnel,430.23722202641824,100.72428967448192,0.133692220702732,2.663520265705275,2.6339986457790068,0.0170871437919523,0,,,0,20.766026191373925,0.0,35.24290380749997,1,429.84699796734776,100.50596380721343,0.1439692441761999,0.9114207835048388,423
141.8,Tunnel,430.50072070405054,100.76052507001776,0.1366592804311222,2.6597848973857814,2.6586797970951768,0.0387244432538914,0,,,0,20.31263019120226,0.0,24.859233364658888,1,430.6316561022694,101.20894454424815,0.1382714383838021,0.8585725068960608,417
141.9,Tunnel,430.7637404629084,100.79749008647084,0.1396263401595123,2.6560460461185587,2.5977739659534533,0.0324595759217374,0,,,0,22.903996485466138,2.0235639749325123,32.90009013897977,1,430.4607241306289,101.24778686511536,0.1475713782455154,0.912949871639326,347
142.0,Tunnel,431.02627898432553,100.83518215654966,0.1425933998879025,2.652304043180508,2.6850207056108286,0.0260090012058497,0,,,0,20.428446654368773,0.0,27.73127800889072,1,431.1489032805779,100.88229657676126,0.1260573850780582,0.9206194743450652,398
142.1,Tunnel,431.2883339936396,100.87359870952696,0.1455604596162927,2.648559220580873,2.659028051339876,0.0235661710309329,0,,,0,21.215333604754136,1.0165091016959231,37.29471308098316,1,431.1587076810265,100.82755651054946,0.1202764029781811,0.8324047765691049,398
142.20000000000002,Tunnel,431.5499032602342,100.91273717168372,0.1485275193446829,2.644811911022013,2.6982498343961656,0.0347856250013989,0,,,0,20.36090661148751,0.0812237333405026,30.84149103086768,1,431.43157874140417,101.01208418902408,0.1342757378207317,0.8655763465062344,378
142.3,Tunnel,431.810984597574,100.95259496675357,0.151494579073073,2.6410624478600933,2.672141305795963,0.0235354653199728,0,,,1,23.095293242745147,0.0,31.859344944191182,1,432.077161691001,100.65810141080271,0.1509540025644988,0.8535253358186637,400
142.4,Tunnel,432.0715758632325,100.9931695163666,0.1544616388014632,2.637311165065687,2.66753673859646,0.0240139704929507,0,,,0,16.51398666511922,0.0,25.497519188788388,1,431.6589621344484,100.79055147996306,0.1659469189800231,0.7621131256775409,356
142.5,Tunnel,432.33167495891286,101.0344582404938,0.1574286985298534,2.6335583971843057,2.566087402784912,0.0253696284743524,0,,,0,22.31823826648048,0.4101144819406509,29.442424802142305,1,432.15424326640687,100.67472362131338,0.1460488143201481,0.7589068296135356,422
142.6,Tunnel,432.5912798304616,101.07645855789082,0.1603957582582436,2.629804479296856,2.678260621454534,0.0300280018108074,0,,,1,21.45544097330261,0.0,26.274684993079934,1,432.12876994275774,101.25520165798127,0.1608245750645585,0.8201136415466934,315
142.70000000000002,Tunnel,432.8503884678752,101.11916788654176,0.1633628179866337,2.626049746980025,2.62774084747298,0.0326901054318376,0,,,0,18.91305651807604,0.3929228128377124,27.338713873656907,1,433.27369898459074,101.05282811365063,0.1657185355999444,0.8394108947312818,399
142.8,Tunnel,433.1089989052994,101.16258364410253,0.1663298777150239,2.622294536266613,2.632090223442765,0.0357398878308497,0,,,0,19.36566795266304,0.0,32.1419662442942,1,432.7310208038983,101.34645127314316,0.1911419418276438,0.9849545912114012,416
142.9,Tunnel,433.367109221022,101.20670324834376,0.1692969374434141,2.618539183605792,2.7010056391941366,0.0349712825959095,0,,,1,19.66890118017105,2.5150117912028302,28.068535534905607,1,433.545631907569,100.28350376075277,0.1863552320711017,0.7911108033396081,399
143.0,Tunnel,433.6247175374575,101.25152411759326,0.1722639971718043,2.6147840258233264,2.590411422420972,0.0294731588028874,0,,,0,21.50349004724632,0.0,24.046022571943368,1,433.50597152309655,101.2894300336169,0.1592987272093271,0.932946171269177,390
143.1,Tunnel,433.8818220211258,101.29704367117787,0.1752310569001944,2.61102940008174,2.7078627432673645,0.0348350424812889,0,,,1,21.11731195177385,2.420071657214489,27.872229424164264,1,434.0473876531134,101.23221347414623,0.1615777810812568,0.8802182555525715,411
143.20000000000002,Tunnel,434.1384208826233,101.34325932986457,0.1781981166285846,2.6072756438404325,2.708060831755719,0.0260854119366906,0,,,0,20.926955543134586,0.0496954170507161,36.95459750554256,1,434.3782825372925,101.44803372241688,0.1882006993200922,0.8317814840500349,344
143.3,Tunnel,434.3945123765864,101.39016851630072,0.1811651763569748,2.603523094815771,2.660564100495545,0.0200209782936095,0,,,0,21.27675299290573,3.2099895762416875,31.00037467906231,1,434.708390025582,102.01915763975644,0.1807543260228326,0.8614404066439273,397
143.4,Tunnel,434.6500948016492,101.43776865545382,0.184132236085365,2.5997720909411344,2.5537696894670385,0.0260945906611547,0,,,0,20.50009627905048,0.2993894538482996,35.541336034187026,1,434.4462062369532,101.21434437787936,0.1642624517541318,0.887642522774289,460
143.5,Tunnel,434.9051665003927,101.48605717504972,0.1870992958137551,2.5960229703269366,2.477745227839297,0.0254071535282084,0,,,1,23.163287705499943,0.65164000823291,33.849193633060146,1,434.9609405801298,101.2753306269028,0.1683263618714248,0.8776081307430059,410
143.6,Tunnel,435.159725859288,101.53503150601028,0.1900663555421453,2.5922760712206228,2.666154424230028,0.026296081271976,0,,,0,17.30332747807396,0.0,25.75203579839293,1,435.160414539896,101.09158522915412,0.1999919873526781,0.891726527705488,358
143.70000000000002,Tunnel,435.41377130863214,101.58468908288958,0.1930334152705355,2.588531731966646,2.6021701210512758,0.0245158648059144,0,,,0,19.52843016949006,2.3619289015363645,25.916225776603103,1,434.8064320841719,101.67527226834451,0.1950386921445908,0.9221087693662058,376
143.8,Tunnel,435.6673013224767,101.63502734430917,0.1960004749989257,2.5847902909664318,2.547232912162932,0.0270467485024315,0,,,0,21.364433970170364,2.185595270414074,27.153869152276307,1,435.62535289211417,101.76258057552312,0.2151652631400002,0.926804761768144,404
143.9,Tunnel,435.9203144185496,101.68604373339164,0.1989675347273158,2.581052086638326,2.6559401324300467,0.0326891825148026,0,,,0,22.40215323939936,0.0,32.33626987631221,1,435.86601988439634,102.17853459085906,0.1931519668871328,0.9598476157719206,379
144.0,Tunnel,436.17280915817,101.73773569819323,0.201934594455706,2.577317457377549,2.528413286493531,0.0384381380629281,0,,,0,21.9805657924486,0.0,29.542055222579684,1,435.97669559587246,101.6161633277513,0.2144751444127961,0.8472179628087102,373
144.1,Tunnel,436.42478414615607,101.79010069213464,0.2049016541840962,2.5735867415161398,2.551524001564895,0.0204548063717266,0,,,0,17.844558986909814,0.0,26.06162696049808,1,436.7697653440879,101.65235423406877,0.1858337517302239,0.913061618307478,419
144.20000000000002,Tunnel,436.6762380307258,101.84313617443024,0.2078687139124864,2.5698602772829067,2.6062281092722506,0.0227863223208104,0,,,2,17.890757781159937,2.3190903213245533,46.26493154037447,1,436.5681108106171,101.45878609885284,0.205646038387226,0.9346266931831796,332
144.3,Tunnel,436.9271695033912,101.89683961051584,0.2108357736408765,2.566138402763395,2.504168434146157,0.0253957585576263,0,,,0,18.23755077107186,0.0,30.87628039461941,1,436.9000151001264,102.18736377891138,0.1855492684556456,0.8167803668850894,390
144.4,Tunnel,437.1775772988445,101.95120847247463,0.2138028333692667,2.5624214558598597,2.56169759896053,0.033554382995513,0,,,0,17.552885005510944,0.1314124666974211,28.85748132803287,1,437.3301817848552,102.1251348677572,0.2073240103962885,0.7728702403816269,389
144.5,Tunnel,437.4274601948395,102.00624023946112,0.2167698930976569,2.5587097742512586,2.629079389354936,0.0284605124241546,0,,,0,19.737367150408808,2.0923294181001504,33.87678047667259,1,437.77791794678666,101.99452287562036,0.2182267304294187,0.839848072957421,376
144.6,Tunnel,437.6768170120638,102.06193239812328,0.2197369528260471,2.5550036953532795,2.5710315003224182,0.0257571788688596,0,,,1,19.160146900357205,2.548567480027892,28.09234122603457,1,437.5307400420663,102.09773231441642,0.2238964225559634,0.9749825655100964,325
144.70000000000002,Tunnel,437.92564661400576,102.1182824430228,0.2227040125544372,2.5513035562783832,2.629305460689745,0.0332785059995339,0,,,1,15.852834559184457,0.0,29.224096477346706,1,438.0012926293125,101.84058178552743,0.234794291958992,0.8561433009757718,391
144.8,Tunnel,438.173947906814,102.17528787705298,0.2256710722828274,2.5476096937958874,2.6174418882185297,0.0344913873783378,0,,,0,20.029938305335563,0.0,28.224603191892168,1,438.1039873679744,101.79890266361906,0.2063355855060837,0.9308990193827889,336
144.9,Tunnel,438.4217198391502,102.23294621185464,0.2286381320112176,2.543922444292088,2.5481513997174305,0.0293886307256124,0,,,0,21.580754937540515,0.0,28.543954228042686,1,438.0487483846582,102.11509661371323,0.2402790034326596,0.8838161005785631,391
145.0,Tunnel,438.6689614020353,102.29125496822972,0.2316051917396078,2.540242143730425,2.4020578931930805,0.0252417348867353,0,,,0,20.74385419496255,0.0,24.995199667886958,1,438.55045024267497,102.71566409571864,0.2234295077451036,0.8395139413210619,408
145.1,Tunnel,438.9156716286885,102.35021167655243,0.2345722514679979,2.5365691276116937,2.471112023163065,0.0308818434315506,0,,,0,16.906492437265474,0.0,31.40458627035272,1,438.6231360373398,102.62471346549286,0.2468280303278494,0.8246322878921216,377
145.20000000000002,Tunnel,439.1618495943604,102.4098138771782,0.2375393111963881,2.5329037309343088,2.581631009353784,0.0282269330904692,0,,,0,18.881008143207104,0.0,28.296819425079004,1,439.38995226378574,102.65680451480216,0.2252199962753653,0.8920321543591413,366
145.3,Tunnel,439.4074944161589,102.4700591208498,0.2405063709247783,2.5292462881546323,2.4383260002751217,0.028188262183599,0,,,0,22.10453267596169,1.168014233723139,23.94627055895056,1,439.0338559129452,102.57957389091818,0.2585637746379312,0.7996644423041417,414
145.4,Tunnel,439.6526052528682,102.53094496910111,0.2434734306531685,2.525597133147356,2.510365079628637,0.0267684235251385,0,,,0,20.99146491229268,0.0,26.91400708970932,1,439.4139796767877,102.61423716006466,0.254968468764158,0.8172762659771065,299
145.5,Tunnel,439.89718130476217,102.59246899465816,0.2464404903815586,2.521956599165956,2.544214856022524,0.0343139691472398,0,,,0,20.720826142285866,0.0,31.790376017178577,1,439.4166671490022,102.15199788370995,0.2570132599271173,0.8162046303349554,459
145.6,Tunnel,440.1412218134101,102.6546287818372,0.2494075501099488,2.51832501880322,2.6074689540354368,0.0308454386321306,0,,,2,20.445344214380835,1.2079046399084992,28.00759414981466,1,440.61172199193743,102.6935865932671,0.2313622847034668,0.9335395944875862,379
145.70000000000002,Tunnel,440.3847260614769,102.71742192694032,0.252374609838339,2.5147027239518467,2.48116414773968,0.0348822355632961,0,,,2,19.749301143695497,0.9971683107852088,28.53221110472638,1,439.7767612546365,102.67999920543156,0.296295331872773,0.8685365540736735,370
145.8,Tunnel,440.6276933725159,102.7808460386478,0.2553416695667292,2.511090045765134,2.47415330571168,0.0365246075885027,0,,,0,22.218184628911494,0.0,26.49209366054086,1,440.6931823628894,103.25781347438748,0.278890796913628,0.986581641577556,429
145.9,Tunnel,440.8701231107561,102.84489873840748,0.2583087292951194,2.507487314617748,2.509156569084184,0.0319950362544435,0,,,0,20.703318857925662,2.0193180977572025,23.68556460309759,1,440.8626225803117,102.85982755035768,0.2556442125474456,0.9696413097302252,364
146.0,Tunnel,441.11201468088217,102.90957766082133,0.2612757890235095,2.5038948600665827,2.527702038338312,0.0269719082788123,0,,,2,24.90360526053234,1.8793538574914053,31.274675021236693,1,440.7550444207848,103.1416140562838,0.2471076138684962,0.8976293418210312,413
146.1,Tunnel,441.353367527809,102.97488045402848,0.2642428487518997,2.500313010811723,2.492352850171191,0.0350788744042273,0,,,0,18.18983921544118,0.0,28.49571094867217,1,441.2799512247275,103.00296407328118,0.2481415431315481,0.8847364967441118,421
146.20000000000002,Tunnel,441.5941811364492,103.0408047800853,0.2672099084802899,2.4967420946574985,2.5584404664913856,0.0320475356362458,0,,,1,19.690904171402423,0.2315538001718357,36.04880304827446,1,441.1011031305907,103.25813404798303,0.2802664679766171,0.9110118963902196,441
146.3,Tunnel,441.8344550314745,103.107348315342,0.2701769682086801,2.4931824384736507,2.44262987464345,0.043272010809362,0,,,0,17.428707191762996,0.0,36.9009115755729,1,441.95969376757375,103.12872339828444,0.2671752165808319,0.8965798390158091,417
146.4,Tunnel,442.0741887770717,103.1745087508159,0.2731440279370702,2.4896343681566058,2.4958545482234378,0.0312742263409088,0,,,0,18.491085227422133,0.5607215823029679,36.97904850589403,1,442.03775561742367,103.62098308932536,0.2748610553376966,0.9622390096283586,357
146.5,Tunnel,442.3133819766907,103.24228379256115,0.2761110876654604,2.4860982085908625,2.5091255998133413,0.0332927793067667,0,,,0,20.843790611299116,1.0142906540693648,33.23125212998707,1,442.7365915747717,103.0727148126902,0.3055537013936567,0.953128240537928,345
146.6,Tunnel,442.5520342727888,103.31067116203498,0.2790781473938506,2.482574283610501,2.453401137514884,0.0311907684346362,0,,,0,21.21605947701517,0.0,27.246677540815558,1,442.4815312020559,102.81640928717349,0.2473604838440462,0.8360706247001317,290
146.70000000000002,Tunnel,442.7901453465667,103.37966859646028,0.2820452071222408,2.479062915960816,2.5266685002462888,0.0291881092649786,0,,,1,22.24689267596033,0.8952442724362215,31.75611908294324,1,443.1593115413648,103.87343097115377,0.2410938074925157,0.9069631739198823,415
146.8,Tunnel,443.02771491769977,103.44927384918456,0.2850122668506309,2.475564427260076,2.4802283740471984,0.0282562583657506,0,,,0,19.39448218865373,1.742207415032507,24.13446870030179,1,442.7442242732615,103.47291138057778,0.2938778811806815,0.8059131430534665,419
146.9,Tunnel,443.2647427440631,103.51948469003489,0.2879793265790211,2.4720791379614178,2.511623759095313,0.0312016876807203,0,,,0,18.90351887974448,0.0,29.268668798218837,1,443.2168212445436,103.4216373055037,0.2711392324756039,0.8125403976409381,397
147.0,Tunnel,443.5012286214505,103.5902989056694,0.2909463863074113,2.468607367314879,2.471703912872204,0.0323637142688404,0,,,1,19.03434250799617,0.7770783661590641,26.08194736350584,1,443.8079837149839,102.91887092463024,0.3049351809850305,0.8859412050290678,386
147.1,Tunnel,443.7371723832876,103.66171429992444,0.2939134460358015,2.465149433329572,2.482512075784701,0.0357234392407878,0,,,0,17.24165043144757,1.3174851789468138,24.759634659231,1,443.5459219985138,103.56946907905154,0.3061094817894791,0.9287226868833908,367
147.20000000000002,Tunnel,443.9725739003394,103.73372869415802,0.2968805057641916,2.461705652736005,2.4186155210939493,0.0312859574122551,0,,,0,22.11293123823013,0.5578757656779718,23.341838384547884,1,443.8698859196826,103.9746574291217,0.30239621575911,0.8740283913478168,368
147.3,Tunnel,444.2074330804118,103.80633992758912,0.2998475654925818,2.458276340948557,2.415044943111518,0.027253070648411,0,,,0,17.70016538960355,0.0363473964165129,32.76093449251706,1,444.08383304064034,103.30748579639868,0.2964056266152735,0.8609745760018147,384
147.4,Tunnel,444.4417498680477,103.87954585763278,0.302814625220972,2.4548618120281045,2.526167525338533,0.0279800837633601,0,,,0,18.80901316840176,1.4139169480560445,30.36096480188752,1,444.4287100486581,103.9762174036594,0.3042437746559887,0.8971299108076869,335
147.5,Tunnel,444.675524244217,103.9533443602311,0.3057816849493622,2.451462378644813,2.4888977782742403,0.0228053790990574,0,,,2,20.452949762572832,0.3707796536550198,26.971188996921587,1,444.8481836194876,103.83570258429803,0.317753374907654,0.8828537014241828,354
147.6,Tunnel,444.9087562260018,104.02773333017991,0.3087487446777524,2.448078352041094,2.3836693391591166,0.0384565824029929,0,,,0,21.091704748631365,0.8697549327804297,30.968391333776,1,445.4018839984219,103.90769321270552,0.2982751919943602,0.8682319509959985,358
147.70000000000002,Tunnel,445.1414458662754,104.1027106814512,0.3117158044061425,2.4447100419947234,2.4519567625706005,0.0268369045732547,0,,,0,20.07809432296433,0.9212082129076448,29.872530502165784,1,444.9860524828511,104.38984193734665,0.310715930646372,0.9847128202490022,405
147.8,Tunnel,445.37359325337593,104.17827434751084,0.3146828641345327,2.441357756782148,2.2910877950071544,0.0347004506110413,0,,,0,22.06340925722366,0.2084752399449645,29.33584271348781,1,445.3874823111442,104.61008947894732,0.3103412394752345,0.9237008509309014,378
147.9,Tunnel,445.6051985107752,104.25442228163236,0.3176499238629229,2.438021803141957,2.3968436582071235,0.031087004770951,0,,,0,19.63580856515557,3.13970997191566,28.462911020529173,1,445.6892225570919,104.20816041026434,0.308834725812122,0.8443880855690918,394
148.0,Tunnel,445.8362617967413,104.33115245720568,0.3206169835913131,2.4347024862385465,2.486024853812788,0.031297488008272,0,,,0,20.015204255569973,1.7598925582084155,25.980225547317264,1,445.9300175911475,104.26302928402312,0.284571147143855,0.8511910937922147,395
148.1,Tunnel,446.0667833039967,104.4084628680414,0.3235840433197032,2.431400109625964,2.415045598515737,0.0290911655101377,0,,,3,17.998944800223143,0.4091202603492177,26.889247186626395,1,446.2729604414063,104.89723237243358,0.3067867929498038,0.9228802032490347,377
148.20000000000002,Tunnel,446.2967632593708,104.48635152867072,0.3265511030480934,2.428114975211948,2.426997059528918,0.0255554439841223,0,,,0,20.71682228701485,0.0,36.775836152591474,1,445.9600868987084,104.31537855521232,0.3099756312748112,0.833755404342415,399
148.3,Tunnel,446.5262019234473,104.56481647464008,0.3295181627764836,2.4248473832221658,2.235769449437442,0.0245532415493763,0,,,1,16.943730851092653,2.336194548183885,28.774147454308885,1,446.8096461366502,104.53039547321872,0.3221195647413535,0.7783434399680217,316
148.4,Tunnel,446.7550995902069,104.64385576280156,0.3324852225048738,2.421597632164646,2.392827643812484,0.0386510040561417,0,,,1,20.4615849824917,1.161947505360343,35.640993893138955,1,446.47490800207055,104.97879023768832,0.3196088287466199,0.8622948727000443,420
148.5,Tunnel,446.9834565866644,104.72346747159808,0.3354522822332639,2.4183660187944214,2.4375165551459377,0.0301964853231,0,,,0,18.71436249951583,1.8448227693604151,21.94108414393046,1,447.2227126040547,105.40273695019104,0.3081876787451731,0.9672127988101666,442
148.6,Tunnel,447.21127327250144,104.80364970134374,0.3384193419616541,2.415152838078376,2.443986269640349,0.0354899556513099,0,,,0,16.832674769396103,0.0,42.04099869622159,1,446.3557282933684,104.7912494501163,0.3426055145655611,0.9190724701973556,408
148.70000000000002,Tunnel,447.4385500396942,104.88440057449942,0.3413864016900443,2.411958383160309,2.470549697018732,0.036829181868717,0,,,0,19.74033681888932,0.7875729996600507,34.25791856718584,1,448.14006522339616,104.81688456419508,0.3689375410101254,0.7881314181636785,362
148.8,Tunnel,447.66528731213583,104.96571823594306,0.3443534614184345,2.4087829453262146,2.3972514494010104,0.0274379223952847,0,,,0,25.409866876559537,0.6820453487926551,32.540985140156934,1,448.107510352012,104.91032217779626,0.3394748469870214,0.7786782022195315,352
148.9,Tunnel,447.8914855452552,105.047600853235,0.3473205211468246,2.405626813969783,2.3951974975298,0.0318023809931039,0,,,0,19.39867102042383,0.7298074889787484,28.274375057237403,1,448.3236696118878,105.15068900666655,0.3158234255382459,0.7753725681841108,381
149.0,Tunnel,448.11714522563,105.13004661687822,0.3502875808752148,2.4024902765581264,2.3208555152172985,0.0299010306514783,0,,,1,22.0309747481306,0.0,29.67470321908294,1,447.8699999093708,105.20559461934104,0.3507620534897726,0.9672356271694688,381
149.1,Tunnel,448.3422668705958,105.2130537405733,0.353254640603605,2.399373618597739,2.3852236877091686,0.0236601467409805,0,,,0,22.623532081375725,1.2435257647525046,30.15284536485698,1,448.3513846201933,104.94010973910314,0.3590722372038244,0.8443172603386705,390
149.20000000000002,Tunnel,448.5668510278505,105.2966204614682,0.3562217003319952,2.396277123600685,2.3183221298497148,0.0287570865944043,0,,,0,18.17957051817952,4.789698056702544,40.13204302291807,1,448.9585390364043,105.77586136910222,0.3608642511798812,0.9110609760385822,426
149.3,Tunnel,448.7908982750543,105.38074504040269,0.3591887600603853,2.3932010730510305,2.277436950162348,0.0327887136924372,0,,,3,19.847879248881103,3.070395724641326,27.9859451369725,1,448.5859350439124,105.44012139261508,0.3565672639270603,0.7821535813658513,461
149.4,Tunnel,449.01440921942566,105.46542576214743,0.3621558197887755,2.390145746371512,2.3205885973845994,0.0271549034096792,0,,,0,23.691307172319213,0.0,36.1240484173353,1,449.0014510804617,105.14403430153168,0.3512550699472392,0.8692905506137523,424
149.5,Tunnel,449.2373844973322,105.55066093563782,0.3651228795171657,2.3871114208904567,2.4736523260676715,0.0281150460032815,0,,,0,20.05218552353196,2.3885706721618725,34.37466281431938,1,449.5771190677887,105.30904408726256,0.3660858001624096,0.8110361745618395,454
149.6,Tunnel,449.45982477387855,105.63644889420203,0.3680899392455559,2.384098371808949,2.3651858695939896,0.0289646906405946,0,,,1,18.055287777163837,0.0,34.37415758709376,1,449.6554048422692,105.86872527191024,0.378445085482249,0.8875319707424252,413
149.70000000000002,Tunnel,449.6817307424889,105.72278799578392,0.371056998973946,2.381106872168252,2.391515993541501,0.0410114099299618,0,,,1,20.574887862265733,1.4538945935583238,26.90440605731367,1,449.3069658501116,105.97707961876004,0.3734539937295373,0.8456707777705171,441
149.8,Tunnel,449.9031031244865,105.80967662316016,0.3740240587023362,2.3781371928174866,2.343587022533664,0.0203250861192336,0,,,1,20.02142111581048,0.69645134557682,22.79514336215544,1,450.2978293372481,105.84690192805547,0.392406006608637,0.9044060699390528,482
149.9,Tunnel,450.1239426686686,105.89711318415196,0.3769911184307264,2.375189602381578,2.2616147422792063,0.0326355950870638,0,,,0,22.419437494545367,0.0,30.110353326596627,1,450.2658061978957,106.1875237206673,0.3533759099941087,0.8923753175834417,381
150.0,Tunnel,450.34425015087766,105.98509611183088,0.3799581781591166,2.3722643672294583,2.423958959929895,0.0286701767958253,0,,,0,17.412813917506877,0.822902825027433,31.921171380316213,1,450.46736234178576,105.89815241344458,0.3776495321550595,0.8810999591366286,368
150.1,Tunnel,450.5640263735691,106.07362386471928,0.3829252378875067,2.3693617514425456,2.2370780746235885,0.0266655487118045,0,,,0,18.70604286673003,1.0389245863333991,24.186312965745927,1,450.397111505445,106.013791717797,0.3687869312197036,0.8903412613855978,362
150.20000000000002,Tunnel,450.7832721653748,106.16269492698478,0.3858922976158969,2.366482016783496,2.3351846816332635,0.0285103277844055,0,,,0,20.920684719873435,3.1108406796102006,28.445526626451997,1,450.8939410765077,106.5392263294958,0.3833378325588503,0.8811735140100895,331
150.3,Tunnel,451.0019883806632,106.25230780862914,0.3888593573442871,2.363625422665232,2.3617980839275803,0.0334429210154835,0,,,1,20.20168506789973,1.646511939185616,35.913344331332944,1,451.3445093760349,106.18142272710472,0.3921997217089172,0.9029870468497334,364
150.4,Tunnel,451.22017589909615,106.3424610456712,0.3918264170726773,2.360792226120249,2.372116545716009,0.0337786003433135,0,,,0,19.46155781711213,2.940050199412596,27.93483090594685,1,451.0847515302809,106.22972093475173,0.4131729059945801,0.8691754560660394,347
150.5,Tunnel,451.4378356251819,106.433153200324,0.3947934768010674,2.3579826817702148,2.3113611786718944,0.0309841762383432,0,,,0,21.34540706814317,0.0,30.205148719397357,1,451.3947308487248,106.38652376314477,0.377779015861289,0.9181086894277912,360
150.6,Tunnel,451.6549684878247,106.5243828611662,0.3977605365294576,2.3551970417958468,2.2466207364887523,0.0357187632941688,0,,,0,21.07034759539296,0.8525032250259941,26.269441946452396,1,451.4414547572068,106.64770177800376,0.4198446151864714,0.8934736505043721,377
150.70000000000002,Tunnel,451.8715754398715,106.61614864330718,0.4007275962578478,2.352435555907089,2.305220529159471,0.036644266156697,0,,,0,19.412778227947708,4.114713901919117,31.33787817195901,1,452.38349534432535,106.63162895068209,0.3927736066265055,0.783991584974769,373
150.8,Tunnel,452.0876574576551,106.7084491885466,0.403694655986238,2.3496984713135824,2.3075938047009155,0.0342547644001923,0,,,0,18.2881943026152,0.0,29.154584506886483,1,452.6559825170893,106.45166587350148,0.4184601288347664,0.9070390397987456,370
150.9,Tunnel,452.3032155405343,106.80128316552766,0.4066617157146281,2.3469860326954337,2.302145208373155,0.0271566565790476,0,,,0,22.243733317098485,0.1661962890720388,35.787514557223616,1,451.9695239849501,106.60161582535008,0.3768286854345861,0.7825038119671505,355
151.0,Tunnel,452.5182507104309,106.89464926988454,0.4096287754430183,2.3442984821742874,2.4047963376945107,0.0325333371498331,0,,,0,19.88352768197666,0.66155467454873,30.76039972224237,1,452.5193636902086,107.4762567890821,0.4084060925497286,0.9087424006160746,416
151.1,Tunnel,452.732764011364,106.9885462243836,0.4125958351714085,2.3416360592847054,2.268651977404647,0.0326101111085427,0,,,0,21.443317735565167,1.3128129867361595,30.70347671701349,1,452.7427238964261,106.82648632339443,0.4386386998661065,0.7472992729276979,435
151.20000000000002,Tunnel,452.9467565089812,107.08297277905864,0.4155628948997987,2.338999000945853,2.357694538362549,0.0256984093018912,0,,,0,18.34334433929462,1.707352078654329,20.745774027843485,1,453.0548550448568,107.75752871346592,0.4055633854843021,0.7842025050834943,374
151.3,Tunnel,453.1602292900872,107.17792771133992,0.4185299546281888,2.336387541433504,2.346178141397764,0.0217513478194367,0,,,0,20.477503597708697,1.2432525188641907,33.11005748532123,1,452.98288412168847,107.6270507589982,0.3977891241945159,0.8384778739401479,362
151.4,Tunnel,453.3731834621693,107.27340982617714,0.421497014356579,2.333801912352353,2.393191997563742,0.0193296733024139,0,,,2,22.79210407545616,0.3378467326157314,20.467397297622973,1,453.35302646802944,107.0235377467237,0.4684070974924474,0.8219878247969139,451
151.5,Tunnel,453.58562015292136,107.36941795615606,0.4244640740849692,2.331242342608659,2.323326498687376,0.0302956915244064,0,,,0,24.25749738479691,0.0,31.20610329879093,1,453.3724918817727,107.32293041653536,0.4213558523153722,0.8900188399923511,395
151.6,Tunnel,453.7975405097636,107.46595096160912,0.4274311338133594,2.3287090583832,2.3760489552950803,0.0315099043190212,0,,,0,20.15298115953696,0.0,25.7146424390656,1,453.7118913779266,107.97201244030089,0.4496532637722192,0.7249749264640797,432
151.70000000000002,Tunnel,454.0089456993617,107.56300773071968,0.4303981935417496,2.326202283104566,2.313282738709828,0.023773486743381,0,,,1,22.42443916324965,0.0,30.938209601792494,1,453.6176387208834,108.092236251399,0.4331178795071988,0.8137773979018966,351
151.8,Tunnel,454.2198369071425,107.66058717962014,0.4333652532701397,2.3237222374227726,2.3493955518280685,0.035454704906171,0,,,0,20.36727334549204,2.28208469599615,34.6399106347412,1,454.2978306588967,107.54545394980948,0.4371587856336134,0.8303175505291788,357
151.9,Tunnel,454.4302153368074,107.75868825248352,0.4363323129985299,2.321269139183211,2.2309826114240567,0.0307707436271239,0,,,2,24.02989801428854,0.0,34.23418502338469,1,454.30364703201553,107.66790687736554,0.4406411623177639,0.8500012163398202,373
152.0,Tunnel,454.6400822098448,107.85730992160909,0.4392993727269201,2.318843203400936,2.158767304306228,0.0370363291372012,0,,,0,21.10385724082001,2.845473354051972,26.327736701402017,1,454.7685897735236,107.8860673837456,0.4478082480277248,0.8748419328263366,441
152.1,Tunnel,454.8494387650388,107.9564511875013,0.4422664324553103,2.3164446422352865,2.339846546710343,0.0319059781389553,0,,,0,21.666227308342915,2.0797852969211306,30.45412515416237,1,454.5100811854149,108.09652168261296,0.4096922725359082,0.8355228372920274,385
152.20000000000002,Tunnel,455.0582862579773,108.0561110789428,0.4452334921837004,2.314073664964857,2.3389103923433137,0.0243647741503979,0,,,0,19.8638732699471,0.0,31.53567856435056,1,455.2449860870086,108.71073456316331,0.436299564670159,0.8650851157431304,376
152.3,Tunnel,455.2666259605577,108.1562886530606,0.4482005519120906,2.3117304779628056,2.339633229663493,0.0323340454272436,0,,,0,20.27157313478612,0.0,27.48974224084108,1,455.3045307017698,108.47928486192362,0.4406302629384315,0.8632654909395371,415
152.4,Tunnel,455.47445916049065,108.25698299538637,0.4511676116404808,2.309415284672519,2.278265689006381,0.0334609049027165,0,,,0,16.903484759910256,0.0,30.946771400910144,1,455.0094199220616,107.80134628632302,0.4471463712599863,0.9342207239768544,408
152.5,Tunnel,455.6817871608025,108.35819321990978,0.454134671368871,2.3071282855836195,2.398634210520098,0.0271339914859484,0,,,1,18.62722183458804,0.6673252917278962,28.560823799062668,1,455.66886064218414,107.88745070525154,0.4449673585443836,0.8967390014948613,362
152.6,Tunnel,455.888611279336,108.45991846912602,0.4571017310972611,2.304869678208333,2.2813807035676943,0.0224172880151114,0,,,0,18.421376498110995,0.0232600546279642,31.10350592207996,1,455.7395910928337,108.3916268580878,0.4759320283557402,0.9356866331644266,407
152.70000000000002,Tunnel,456.09493284824913,108.56215791407648,0.4600687908256513,2.3026396570582115,2.330168505177465,0.0304899783891946,0,,,0,17.04558867320943,0.0,39.54004366559635,1,456.5519205523594,109.1176807571876,0.4472550769086219,0.7571763386438781,384
152.8,Tunnel,456.30075321351353,108.66491075438309,0.4630358505540415,2.300438413621212,2.3374789628111947,0.024684095605376,0,,,1,20.625713299890712,0.0,23.50424181832732,1,455.975652013288,108.1680582778208,0.4664357732472886,0.7510391734626929,397
152.9,Tunnel,456.5060737344104,108.76817621827634,0.4660029102824317,2.298266136339144,2.401862726147034,0.0357763884979281,0,,,1,19.135894477435723,0.0,39.93984266767818,1,456.0764943554017,108.68095472312406,0.44258066969758,0.9161742584095784,437
153.0,Tunnel,456.7108957830258,108.87195356261677,0.4689699700108218,2.2961230105854784,2.2762273572403946,0.0277639654982503,0,,,0,19.097796623659868,0.860278869058626,26.982175567312147,1,456.2854207776913,109.3132597445843,0.4540213047502197,0.9214601180554488,328
153.1,Tunnel,456.9152207437454,108.9762420729099,0.471937029739212,2.2940092186435246,2.256305039193507,0.0389324319280142,0,,,0,20.040443300733383,0.0,35.12165769117393,1,456.7262542652311,109.11549129156847,0.4758923791860554,0.8440895097072152,431
153.20000000000002,Tunnel,457.1190500127467,109.08104106331486,0.4749040894676022,2.291924939684978,2.208459792721283,0.018785861045329,0,,,0,17.151699313143517,0.0,26.900090420879607,1,457.65600648296765,109.1040418797658,0.4631592277185343,0.8347415746845003,365
153.3,Tunnel,457.3223849974918,109.18634987664645,0.4778711491959924,2.289870349748841,2.388823696821433,0.0306133875528343,0,,,0,21.169566335790293,1.5051384782344392,36.68683204168465,1,457.372989113904,108.7905683956996,0.4568479007333939,0.7989797423581226,435
153.4,Tunnel,457.5252271162185,109.29216788437068,0.4808382089243825,2.287845621720721,2.31942553014,0.0374066010070305,0,,,0,18.58915707243296,0.1161744755813613,25.3371122427246,1,457.49049128615553,109.54367695186714,0.49311588694678,0.944122156220096,447
153.5,Tunnel,457.727577797431,109.398494486594,0.4838052686527727,2.2858509253125034,2.3234517920442634,0.0252306854544643,0,,,0,18.81182485191212,0.0,24.573224448706544,1,458.0080848248549,108.81959163908355,0.4922893714568124,0.9198294122479832,440
153.60000000000002,Tunnel,457.9294384793898,109.50532911204589,0.4867723283811629,2.2838864270424057,2.482971888014408,0.0290655422444322,0,,,0,18.62277141500892,0.0,39.49021636926976,1,457.834783121589,109.18357948584423,0.4945809751522003,0.8498865655617494,447
153.70000000000002,Tunnel,458.13081060960087,109.61267121805489,0.4897393881095531,2.2819522902154192,2.3103355696615604,0.0278152717528393,0,,,0,21.295757601933406,1.385541108283563,24.00498338347808,1,457.9558661504447,109.41623732753476,0.4716386825156631,0.9219877880865398,381
153.8,Tunnel,458.331695644305,109.72052029051844,0.4927064478379432,2.2800486749041307,2.2132808297198245,0.0263149317861248,0,,,1,17.914139673917383,1.1989923100955104,29.01093365211481,1,458.0788200772324,109.60948265056037,0.5161464049562494,0.9492962930020852,272
153.9,Tunnel,458.5320950479659,109.82887584386604,0.4956735075663334,2.278175737929933,2.2777182376206584,0.0311152966498024,0,,,0,19.31102054066192,0.0,39.15831941108232,1,458.426047341326,109.37562781193058,0.5031946101115361,0.8842767932729544,359
154.0,Tunnel,458.73201029275896,109.93773742101584,0.4986405672947236,2.276333632844628,2.226569306013692,0.0230878992715757,0,,,0,21.154936420368912,0.0,37.26251757043755,1,458.66857113893127,109.43735833920218,0.4664419596668732,0.7900902662364607,423
154.10000000000002,Tunnel,458.9314428580588,110.04710459332496,0.5016076270231142,2.2745225099124173,2.25851657783692,0.0292505749803056,0,,,0,19.636557853789025,0.0,35.41931858120999,1,458.65826660933897,109.6837530042921,0.5222754557840803,0.8649431804223988,373
154.20000000000002,Tunnel,459.13039422992784,110.15697696053334,0.5045746867515044,2.2727425160922925,2.2567535013974043,0.0325147880196041,0,,,1,19.12708071454907,0.0,26.03962492176125,1,459.1224238258792,110.3373034057882,0.4908299516489283,0.9211927416867433,391
154.3,Tunnel,459.3288659006039,110.26735415070088,0.5075417464798946,2.270993795020818,2.24295621790428,0.0287123429140579,0,,,0,20.31190388770743,0.0,28.82197717491977,1,459.21996377519474,110.82106811959284,0.5021410553975274,0.9213386874307472,406
154.4,Tunnel,459.5268593679887,110.3782358201384,0.5105088062082848,2.2692764869953126,2.190504036871868,0.0245695748535316,0,,,2,22.155741716344327,0.0,25.511336771168867,1,459.6370056826215,110.11846707251009,0.5307203520178798,0.9362300012798572,335
154.5,Tunnel,459.7243761351359,110.48962165333212,0.5134758659366749,2.267590728957435,2.3682493646589604,0.0352342366478806,0,,,0,18.77591721235966,0.0,31.812359655300508,1,459.9514882399042,109.9874838452232,0.5054156201879509,0.8895260570840922,423
154.60000000000002,Tunnel,459.92141770974,110.60151136286149,0.5164429256650651,2.265936654477168,2.291426852739233,0.0336402607881983,0,,,0,20.675421914593667,2.4449392504846807,34.31726520186669,1,459.77241774939,110.82846952829198,0.5099255830329241,0.890324810696598,402
154.70000000000002,Tunnel,460.1179856036253,110.71390468931082,0.5194099853934553,2.2643143937372083,2.2601823446068154,0.0243373371741787,0,,,0,20.24064843621861,0.0988701042856628,30.52224226521406,1,460.1691570416348,110.7322536048971,0.5034369381240982,0.8728351222732004,393
154.8,Tunnel,460.3140813322353,110.8268014011746,0.5223770451218455,2.2627240735177647,2.3211840535693864,0.0229732362483723,0,,,0,19.508756693415197,0.0,30.841381274654488,1,460.52569990811855,111.5626114628576,0.5431439997163503,0.8230316862441329,370
154.9,Tunnel,460.5097064141232,110.94020129475604,0.5253441048502356,2.261165817181761,2.305023513023582,0.0247418301982154,0,,,0,19.756410479138808,0.0,27.69000289537174,1,460.3702787695826,111.08408400156613,0.537987582659829,0.9174893985576904,425
155.0,Tunnel,460.704862370442,111.05410419405963,0.5283111645786258,2.259639744660452,2.295723372588667,0.0326016683954429,0,,,1,20.51497585756326,0.5828813907544196,28.77594479735796,1,460.6586678843809,111.38362181302524,0.5431770925512303,0.7666031314955114,411
155.10000000000002,Tunnel,460.8995507244369,111.16850995067716,0.531278224307016,2.2581459724394484,2.316658296790516,0.0311711394852504,0,,,0,21.034996861146364,0.0,20.272198207410824,1,460.9253381643082,111.16050027303989,0.539964670316659,0.963557063722264,377
155.20000000000002,Tunnel,461.0937730009369,111.28341844366729,0.5342452840354062,2.2566846135451586,2.283608438366257,0.0339017354991086,0,,,0,20.0810178000382,0.0,37.39705902149224,1,461.2373490372132,111.31984182980472,0.5463895305278701,0.810681761990139,375
155.3,Tunnel,461.2875307258488,111.3988295794292,0.5372123437637963,2.255255777531642,2.3141209352622902,0.0280585238606737,0,,,0,20.344529320296992,0.0,37.25038281335798,1,461.561721245728,110.7611509745622,0.5282278092266326,0.8331496948229397,347
155.4,Tunnel,461.48082542565135,111.5147432915695,0.5401794034921865,2.253859570467882,2.3191216255454337,0.0249287546066595,0,,,0,19.65865575174068,2.559475515873624,26.55347393130839,1,461.5066726033336,111.52417416220364,0.5512918745475384,0.8512274235822214,445
155.5,Tunnel,461.6736586268908,111.63115954076308,0.5431464632205767,2.252496094925473,2.2796471497485253,0.0345531424588526,0,,,0,20.684840405297848,0.0,37.40809718365428,1,461.6512136635919,111.13612999350484,0.5538109237705493,0.885119724815043,414
155.60000000000002,Tunnel,461.8660318556777,111.74807831460772,0.5461135229489669,2.2511654499667326,2.2557130113107475,0.026886509243801,0,,,2,16.721166280497098,0.0,29.26709279051006,1,462.2339828720483,111.57888925656906,0.560990953900848,0.9149902403418386,412
155.70000000000002,Tunnel,462.0579466371853,111.86549962747242,0.549080582677357,2.2498677311332305,2.3626059388678016,0.0307881054069696,0,,,0,23.17882101347109,1.2005819937742697,20.48190803817163,1,462.0514591003325,111.83650332905944,0.5682529334562982,0.8829593629676378,320
155.8,Tunnel,462.2494044951485,111.98342352033951,0.5520476424057472,2.248603030434741,2.241313287519508,0.0217218116363304,0,,,0,19.94973067885504,0.1600035385547835,29.697776655646344,1,462.1378292652775,112.40199615861016,0.5495712464660341,0.8199918934724405,361
155.9,Tunnel,462.4404069513657,112.10185006064074,0.5550147021341374,2.247371436338621,2.290794178387665,0.0268479967384363,0,,,1,17.35139688050239,2.097531714859026,29.45776889859059,1,462.4417714566273,112.09270943736163,0.5627702052889143,0.7989023389969058,354
156.0,Tunnel,462.6309555252008,112.22077934208694,0.5579817618625276,2.2461730337596104,2.289203483354562,0.0350727927409534,0,,,0,21.337074469339328,0.0,40.93659087896871,1,462.25272021212976,111.88111940373446,0.5647209704779992,0.9411436262984938,369
156.10000000000002,Tunnel,462.8210517330878,112.34021148449187,0.5609488215909177,2.2450079040500603,2.227206496163369,0.026043442721217,0,,,0,18.862343832804044,0.0,31.423584894553407,1,462.3965317340483,112.16184654594286,0.5673442374855222,0.899175887119939,407
156.20000000000002,Tunnel,463.0106970880372,112.4601466335898,0.5639158813193079,2.243876124990589,2.2154602897737985,0.0340773960170135,0,,,0,16.439366338391896,0.0,26.981889759110786,1,463.33664202697145,112.7926416677189,0.5732922997575431,1.0,395
156.3,Tunnel,463.1998930991436,112.58058496084712,0.5668829410476981,2.242777770781167,2.241985178434013,0.017626618846077,0,,,0,23.198148608261057,0.0,30.24616249168393,1,463.0840481262418,112.80755986194504,0.5682057274797447,0.8453937737261482,315
156.4,Tunnel,463.3886412710958,112.70152666326786,0.5698500007760883,2.241712912032628,2.232430870910149,0.0269169317578817,0,,,0,20.052776547047145,0.0,24.972235508064983,1,463.2663420853802,112.77919816780468,0.5676518347790376,0.8834927359872812,442
156.5,Tunnel,463.57694310368913,112.82297196319332,0.5728170605044784,2.2406816157586165,2.1718912084726285,0.0289612433774474,0,,,0,17.382536635212837,1.4053371085684294,28.38705844466888,1,463.40303088134846,112.84672177780178,0.5585567700840848,0.8970855772005791,407
156.60000000000002,Tunnel,463.7648000913392,112.94492110809568,0.5757841202328686,2.239683945367961,2.220535015067659,0.0389586218922426,0,,,0,23.16080652237873,0.0,24.631890256727708,1,464.0589649538212,113.41126989487908,0.549707281493081,0.7746404009289,437
156.70000000000002,Tunnel,463.95221372259874,113.06737437036573,0.5787511799612588,2.2387199606574866,2.274638074711146,0.0236914072300401,0,,,1,19.514293554592182,1.90123553120692,22.785472425409587,1,464.4221631604711,112.93607791227366,0.5938357682975735,0.8735236819746962,376
156.8,Tunnel,464.139185479676,113.19033204709476,0.581718239689649,2.2377897178052537,2.332538330761845,0.0332863673751361,0,,,1,21.85900979707061,0.0,33.357190009458314,1,464.0125227018924,113.15251482055548,0.5738832973231873,0.7886326079657492,383
156.9,Tunnel,464.325716837956,113.31379445985051,0.5846852994180392,2.236893269364236,2.2913863372431247,0.0353441310767097,0,,,0,19.876607842505084,2.927989193421787,30.207747330000903,1,464.77529597395136,113.10627242459816,0.5771853942417335,0.8466433446949672,426
157.0,Tunnel,464.5118092655244,113.43776195444748,0.5876523591464293,2.236030664256433,2.1022569018923014,0.0261009019739995,0,,,0,21.28253774674961,0.0,29.512486845467308,1,464.3314875815505,113.78475379651309,0.5858549862137385,0.7909212543606048,353
157.10000000000002,Tunnel,464.6974642226934,113.56223490071132,0.5906194188748195,2.235201947767415,2.2953889952601103,0.0280282585519644,0,,,1,16.88563586775331,0.484148736871465,32.805926837363806,1,464.8036039633176,113.45270680622818,0.5868135075575691,0.8517269978349721,371
157.20000000000002,Tunnel,464.8826831615309,113.6872136922377,0.5935864786032097,2.23440716154131,2.22206327604106,0.0307338729721325,0,,,0,23.608202866276883,0.522003666861257,26.044159991937587,1,464.5286650862509,113.42030689557912,0.5772033543799755,0.79132531023658,324
157.3,Tunnel,465.0674675253919,113.81269874614532,0.5965535383315999,2.233646343576221,2.281075087774832,0.022247622493165,0,,,0,19.667512805093654,1.2048824322913558,28.885473555445127,1,465.0311389726989,113.86933365887208,0.5801444913968159,0.7839310069026494,360
157.4,Tunnel,465.2518187484532,113.93869050282343,0.59952059805999,2.232919528220087,2.2538853625419804,0.0276171002400655,0,,,0,17.63968700542919,0.9024831200556768,28.717871008105767,1,465.8143227881082,113.8712412136368,0.603035967227942,0.8888692650438715,424
157.5,Tunnel,465.43573825525095,114.06518942567388,0.6024876577883802,2.2322267461669787,2.245923808421163,0.0366894111559769,0,,,0,19.417588061042213,0.2424936040032304,25.656999873996067,1,465.6047156409689,113.93728257099048,0.5835591760704952,0.9616378827820004,419
157.60000000000002,Tunnel,465.6192274602206,114.19219600084722,0.6054547175167704,2.2315680244538325,2.2511068797686207,0.0327119141055853,0,,,0,20.05722614290061,0.0,35.839156844777634,1,465.94161058829343,114.03083306562736,0.5910048626093989,0.8623336583529475,387
157.70000000000002,Tunnel,465.8022877672408,114.3197107369739,0.6084217772451606,2.230943386457625,2.255979560108093,0.0291492642449811,0,,,3,21.224987678129725,0.0,36.13210281067805,1,466.5387755747173,114.40013510575292,0.5972761887418478,0.841504583274907,401
157.8,Tunnel,465.9849205691801,114.4477341648896,0.6113888369735507,2.230352851892986,2.336050394745648,0.0305343546800194,0,,,1,19.40009275718249,0.0,32.92804068739581,1,465.5915070595726,114.7491845009488,0.6169526915119024,0.9952131203531116,391
157.9,Tunnel,466.1671272474466,114.57626683735536,0.6143558967019409,2.2297964368102514,2.2588684306492706,0.0329741820443748,0,,,0,21.75836879363603,0.0,24.72518040883656,1,466.01721626572026,114.81242216079995,0.6192488063721662,0.7699265087179696,380
158.0,Tunnel,466.3492912476066,114.7047694037287,0.6143558967019409,2.229274153593954,2.321592697782068,0.0042814049867077,0,,,0,18.07602043731852,0.0,26.435074832529526,1,466.33527614483626,114.72952754958358,0.6132601361386323,0.8684887872819204,372
158.10000000000002,Tunnel,466.5314153594404,114.83324383198324,0.6143558967019409,2.2287860109617594,2.3121276715498014,-0.0026576946238361,0,,,0,18.007577788383855,0.0523342676719322,28.46193766664779,1,466.3102628708993,114.56892589021858,0.598822831796681,0.8442838788619036,393
158.20000000000002,Tunnel,466.7135023731412,114.96169209038368,0.6143558967019409,2.2283320139638323,2.296276911956418,0.0083145700442721,0,,,0,17.583344478971306,0.0,32.353315934155454,1,466.44241798893086,114.33873350915924,0.6401960914935114,0.8934622449674032,373
158.3,Tunnel,466.8955550790149,115.0901161472744,0.6143558967019409,2.2279121639826545,2.147207868473478,0.0071824990738663,0,,,0,19.300927834194542,0.0,27.95594229046589,1,466.5557541171058,114.80274812001018,0.6194271705055527,0.8878748105348041,364
158.4,Tunnel,467.077576267181,115.2185179708681,0.6143558967019409,2.227526458733274,2.319132668704861,0.0038140188174235,0,,,0,20.759958120305587,0.5726073888091142,24.215588443309763,1,467.5005533550993,115.32367491826815,0.6103767643407512,0.8771009835752074,369
158.5,Tunnel,467.2595687272723,115.3468995290344,0.6143558967019409,2.2271748922640007,2.2223506060157456,-0.0041878397880341,0,,,0,18.834060028629324,0.1878325459121525,33.25913186141779,1,467.6405793280555,115.40393850150386,0.6147679721627703,0.7790313137990225,412
158.60000000000002,Tunnel,467.4415352481361,115.47526278908848,0.6143558967019409,2.226857454957535,2.2944660532426178,-0.0050924068284888,0,,,3,20.624024869275924,0.0,34.19717605317871,1,467.39143538761664,115.52566432624816,0.6229357551274033,0.8206749784132303,351
158.70000000000002,Tunnel,467.6234786175343,115.60360971758008,0.6143558967019409,2.226574133532545,2.19471713089157,-0.0014597470855433,0,,,0,17.89496539892419,0.0,36.602781860094666,1,467.70471433272127,115.25807359688642,0.6489114604737378,1.0,390
158.8,Tunnel,467.805401621844,115.73194228008212,0.6143558967019409,2.226324911045675,2.183136576361892,0.0005065304105792,0,,,2,20.597457352845723,1.487992134285764,30.23087869048185,1,467.70567502787446,115.73787396736648,0.5936805555730107,0.7815648915336463,310
158.9,Tunnel,467.9873070457592,115.86026244098,0.6143558967019409,2.226109766893998,2.374195793514802,-0.009065630733099,0,,,0,20.082375927717862,0.0,30.020551237325737,1,468.2817521956686,116.1170456570068,0.6003634730248057,0.8926639619111315,447
159.0,Tunnel,468.1691976719911,115.98857216326068,0.6143558967019409,2.225928676817911,2.1991191009068,0.0027972551852978,0,,,1,19.265655719617467,0.4525330795086545,30.60382689164833,1,468.4651617997964,115.7337839648608,0.6283310425036137,0.8835840130117555,341
159.10000000000002,Tunnel,468.35107628097046,116.11687340830213,0.6143558967019409,2.2257816129044565,2.323030261997167,0.0068954790960837,0,,,1,18.74178471584414,0.0,27.956920555354635,1,468.07086995151394,116.42747928259924,0.5884087961962465,0.8006671924964757,398
159.20000000000002,Tunnel,468.5329456505485,116.24516813566296,0.6143558967019409,2.225668543591097,2.25968949404078,0.003192164632305,0,,,2,18.983698354403653,0.8986332903325831,33.213838344519814,1,468.6725715766047,116.10327732029378,0.6333986980267152,0.910107989855592,371
159.3,Tunnel,468.7148085556997,116.3734583028723,0.6143558967019409,2.22558943366992,2.2285435655063344,-0.0034141488029953,0,,,3,18.77822112403544,0.210088211868836,28.31571761626346,1,468.8513582883014,116.40682503221178,0.6135402211140342,0.9222842712504716,381
159.4,Tunnel,468.896667768224,116.50174586521986,0.6143558967019409,2.225544244292278,2.248912841158864,-0.0040593280659796,0,,,0,20.117209973601827,0.3285577029375136,31.89382636778221,1,469.2327053588381,117.01267991697247,0.6208475320243458,0.6940652137061432,455
159.5,Tunnel,469.0785260564497,116.63003277554648,0.6143558967019409,2.225532932973874,2.172680691338228,0.0016224367388708,0,,,0,22.78711447122272,0.953213552973748,37.38049006223384,1,469.5945442028025,116.53568449898056,0.6644810726923231,0.7679606001110473,347
159.60000000000002,Tunnel,469.2603861849368,116.75832098403478,0.6143558967019409,2.225555453600273,2.2469734483068904,-0.0007790751310199,0,,,0,21.397348914037245,0.0,32.21432713232796,1,469.1287264707132,116.48314781072814,0.6145218647353579,0.8097298509774502,377
159.70000000000002,Tunnel,469.4422509141812,116.8866124380003,0.6143558967019409,2.225611756432857,2.182951886467305,0.0023021216500285,0,,,0,16.983103612062045,1.5963990435308704,30.36447478398047,0,,,,0.8707096067811371,323
159.8,Tunnel,469.6241230003186,117.01490908168294,0.6143558967019409,2.225701788115212,2.2239365795602937,0.0031699549626281,0,,,1,19.95910207878756,0.2014873783397471,30.60726117386843,1,469.4639008017852,116.8693416883879,0.5951890166036957,0.8088217591851194,383
159.9,Tunnel,469.80600519482965,117.14321285603882,0.6143558967019409,2.2258254916799456,2.3005915180516947,0.0057292296484496,0,,,0,22.63156689939199,0.0,24.912505939463863,1,469.8354621360402,116.76623919472948,0.6476678358788388,0.7244903968677201,454
160.0,Tunnel,469.9879002442456,117.27152569853251,0.6143558967019409,2.2259828065559466,2.262435572887814,-0.0059303047334073,0,,,0,19.249657333186395,0.0561851766233978,30.24680577544642,1,470.0312414799728,117.75459249955844,0.5900585471954809,0.8875752535915062,370
160.10000000000002,Tunnel,470.1698108898541,117.39984954292989,0.6143558967019409,2.226173668576067,2.157191418371235,0.00119849248239,0,,,1,18.296235113140792,0.0,34.361097904659026,1,470.4736484660537,117.30386951981832,0.6214537413642085,0.8462913644235409,481
160.20000000000002,Tunnel,470.3517398674064,117.52818631909102,0.6143558967019409,2.226398009985242,2.2967231332714904,-0.0018265743326365,0,,,0,20.15747438146349,1.562697388921276,22.89021439126146,1,470.552829624981,117.38947295623092,0.6420127907772422,0.8179295505044247,343
160.3,Tunnel,470.5336899068246,117.6565379527642,0.6143558967019409,2.226655759449038,2.2462273610098027,-0.0004519962333532,0,,,0,16.46252546942369,0.0,30.212973948802432,1,470.8334777822519,117.42958891222264,0.5907015956478454,0.6636220071857118,432
160.4,Tunnel,470.71566373191007,117.78490636537992,0.6143558967019409,2.2269468420626306,2.2152727063582023,0.004601546704648,0,,,0,20.63880929770609,0.847903994036234,27.570001463514554,1,471.0720864386672,117.60173076277304,0.6411206706081325,0.8612085670923504,424
160.5,Tunnel,470.8976640600524,117.91329347384558,0.6143558967019409,2.2272711793602107,2.2948662187348825,0.0051514957970171,0,,,0,25.334795227490147,0.0,34.27254500492076,1,470.86259722574687,117.9153873651966,0.5887187223505221,0.9466552274502577,406
160.60000000000002,Tunnel,471.079693601939,118.04170119034094,0.6143558967019409,2.2276286893248174,2.240359180074196,0.0073761947279487,0,,,2,19.25823780428814,1.18313808969648,37.03012215665025,1,473.53362600470746,121.9019015879927,0.5249396504641677,0.3036883222833985,180
160.70000000000002,Tunnel,471.2617550612664,118.17013142211393,0.6143558967019409,2.2280192863985984,2.1821369887506936,0.0022464528105756,0,,,0,18.12135325273652,0.0,26.667477834423124,1,471.63403055678407,118.56463795615817,0.609814998946848,0.8257782003642332,372
160.8,Tunnel,471.4438511344507,118.29858607127704,0.6143558967019409,2.228442881493492,2.3652825141096505,-0.0005417372887671,0,,,1,18.683340719875076,0.0,31.84804802598724,1,471.4920347292105,117.84558840411742,0.5940524762961861,0.7841656211430563,419
160.9,Tunnel,471.62598451034125,118.42706703460472,0.6143558967019409,2.228899382002337,2.251069479961148,-0.0012476515787041,0,,,0,21.30060433450677,0.3795290401947281,27.942152855997307,1,471.6563013978755,118.591938846736,0.6203214285904735,0.8296036763387643,398
161.0,Tunnel,471.8081578699332,118.55557620333104,0.6143558967019409,2.2293886918104,2.252065073512671,-0.0089719211924072,0,,,0,16.587186213618075,0.0,22.562530556927637,1,471.82716155766286,118.81111631930597,0.6321497951142323,0.7951198828994792,468
161.10000000000002,Tunnel,471.990373886082,118.68411546294809,0.6143558967019409,2.229910711307328,2.235880067039294,0.0071288286049842,0,,,1,22.18675277771024,0.0,33.066370478790624,1,471.71579476120536,118.21945028979042,0.631616641132946,0.8395463541601802,425
161.20000000000002,Tunnel,472.1726352232189,118.81268669300545,0.6143558967019409,2.230465337399516,2.328064559633116,-0.0016360637715979,0,,,2,19.76954220792188,1.216651225259178,23.495309250380156,1,471.9974557243461,118.43647687393424,0.6105594069713631,0.8649172784574811,329
161.3,Tunnel,472.35494453706747,118.9412917669099,0.6143558967019409,2.231052463522893,2.226737188598921,0.00267750045026,0,,,0,18.86788439132541,0.0,29.09601987264153,1,472.24941215671504,119.50918329306106,0.6253831630082471,0.9091856725051828,387
161.4,Tunnel,472.5373044743608,119.06993255172632,0.6143558967019409,2.231671979656132,2.164185583957508,0.0035815996017028,0,,,0,23.10902095474956,0.2244700797174601,31.708742426398885,1,472.33219147477513,119.05026204544724,0.6025570215839142,0.914801378711291,387
161.5,Tunnel,472.7197176725604,119.19861090797906,0.6143558967019409,2.232323772334258,2.217920617047144,-0.0065448382202232,0,,,0,20.92969202699628,0.0,32.10966118475941,1,472.9557073180592,119.31939981286612,0.6082588996465512,0.8640635733081581,387
161.60000000000002,Tunnel,472.9021867595755,119.32732868945428,0.6143558967019409,2.233007724662688,2.3379023623539257,-0.0048062586756261,0,,,0,17.704761266591582,3.2475382408628475,35.70274385125062,1,473.0677117564891,119.94510921581934,0.6028639495699699,0.7653478087198986,412
161.70000000000002,Tunnel,473.08471435348457,119.45608774300312,0.6143558967019409,2.233723716331668,2.306662790114283,0.0081588526708125,0,,,0,22.154062294310908,0.0,25.10315224706355,1,472.4479238711566,119.72819911150532,0.6176078820294202,0.8759561325527458,463
161.8,Tunnel,473.267303062257,119.58488990834564,0.6143558967019409,2.234471623631128,2.2410973113231503,0.0015983266287637,0,,,0,19.71859082276404,2.2697628643007173,27.81336255934775,1,472.8091468802012,119.90078716843476,0.6385346444041504,0.9598224155528106,313
161.9,Tunnel,473.4499554834769,119.71373701787576,0.6143558967019409,2.235251319465937,2.341658276696128,-0.0029366092094358,0,,,0,18.222660493500133,0.0,34.545691757491994,1,473.3072279593084,119.6684076995839,0.6148171544088976,0.919978807760392,292
162.0,Tunnel,473.63267420406726,119.842630896467,0.6143558967019409,2.236062673371574,2.3066491167934178,-0.000598626041184,0,,,0,19.97551186957396,0.0,26.776931430946917,1,474.02329300729457,120.54156607668848,0.6153941438608159,0.8494675409342759,418
162.10000000000002,Tunnel,473.8154618000163,119.97157336127914,0.6143558967019409,2.2369055515301923,2.2487188692696662,0.0057205580404433,0,,,0,18.98441582015797,0.8595030767799618,37.2336591672967,1,474.2912958969056,120.13240106610424,0.6068538885998693,0.7970682380045362,399
162.20000000000002,Tunnel,473.9983208361048,120.10056622156598,0.6143558967019409,2.2377798167870937,2.256013945171935,0.0049340425054425,0,,,0,19.62193424722913,0.0,30.6350478541771,1,473.6951377938445,120.2690828288244,0.5882021013885881,0.8473283727038088,385
162.3,Tunnel,474.1812538656346,120.22961127848389,0.6143558967019409,2.238685328667599,2.287462413794516,-0.0076227247868316,0,,,0,20.466979664112767,2.290391569321731,35.87776856451642,1,474.6646572063784,120.05227657021832,0.6303475462843111,0.8725357727848945,358
162.4,Tunnel,474.36426343015904,120.35871032490142,0.6143558967019409,2.239621943394317,2.216894037561578,0.008563524980433,0,,,0,21.17122037412029,2.4300183269649565,22.209307685869643,1,473.8852588907784,120.45695621084364,0.6000841652673894,0.8063561063937718,406
162.5,Tunnel,474.5473520592141,120.48786514521,0.6143558967019409,2.240589513904809,2.269653899786648,0.0050716480268555,0,,,1,17.530534479961858,0.0,26.803347680658263,1,474.1196338957138,120.485768177896,0.6037833311057801,0.8421105160414282,438
162.60000000000002,Tunnel,474.7305222700518,120.61707751513556,0.6143558967019409,2.2415878898696486,2.291047556969884,-0.000787037064067,0,,,0,21.68548332913471,0.0,34.72012840294368,1,475.3244882951119,120.3770257925436,0.6259047725869462,0.8962405500209389,387
162.70000000000002,Tunnel,474.91377656737455,120.74634920155133,0.6143558967019409,2.242616917710873,2.169382735570327,-0.0061948210010359,0,,,0,19.578012444403797,0.0,24.16655728275434,1,475.2307645499688,120.47421551954028,0.637910872901521,0.9323311525193786,347
162.8,Tunnel,475.09711744307134,120.87568196229157,0.6143558967019409,2.24367644062082,2.259420353262511,0.0055756475800869,0,,,0,18.546173421951487,0.0,27.16286413840563,1,474.804143691449,121.1280327846538,0.6231628467217121,0.8096783822840525,398
162.9,Tunnel,475.2805473759554,121.00507754596669,0.6143558967019409,2.244766298581357,2.252255624938242,0.0026087230191713,0,,,0,18.61948909784029,1.1743167005584376,39.26776216609036,1,474.9059172429661,121.0122045291067,0.58758554747341,0.8583203202630008,334
163.0,Tunnel,475.4640688315033,121.13453769177907,0.6143558967019409,2.245886328383492,2.331361613924177,-0.0075308668266206,0,,,0,20.17771705407212,0.0,25.6557625837374,1,475.1399743537849,120.979405509848,0.6717893907845278,0.7800331878214537,396
163.10000000000002,Tunnel,475.6476842615961,121.26406412934055,0.6143558967019409,2.2470363636473656,2.160253689745449,-0.001151338979865,0,,,1,21.43947668052273,0.9800245135652846,30.356796126416008,1,475.2456012706781,120.94906749373656,0.6234721077647758,0.9229662651798934,325
163.20000000000002,Tunnel,475.8313961042617,121.39365857849064,0.6143558967019409,2.2482162348426287,2.249754622715693,0.0164885608848864,0,,,1,18.18781557151428,2.871414551745476,31.3167500195986,1,475.5424118463778,121.5792384280468,0.6068843019450827,0.8475423816894395,423
163.3,Tunnel,476.0152067834192,121.52332274911612,0.6143558967019409,2.249425769309189,2.243846171455937,0.0002199138042625,0,,,2,19.228171461908964,1.6228625281681954,26.48512278086668,1,476.3291173209075,121.84102986799354,0.6233288572512214,0.9309831805083328,438
163.4,Tunnel,476.1991187086248,121.65305834097194,0.6143558967019409,2.25066479127834,2.3259792309252387,-0.0037530640498087,0,,,1,17.615962079115693,0.0,25.43107313121001,1,476.329552693538,121.29939248144542,0.6210181430728632,0.9270085323551926,390
163.5,Tunnel,476.3831342748196,121.78286704350324,0.6143558967019409,2.2519331218942584,2.266315874063057,-0.0051774258105819,0,,,1,21.64387208078542,0.0,33.72253674184414,1,476.2655384622408,121.8770213204575,0.6301508357622612,0.9503935407398652,310
163.60000000000002,Tunnel,476.5672558620791,121.91275053566858,0.6143558967019409,2.253230579235873,2.380069727513311,0.0093701445979408,0,,,0,21.393668835126867,0.0,35.152516938040534,1,476.5272376876614,122.00144914093949,0.5940477704383316,0.9516015262249576,437
163.70000000000002,Tunnel,476.7514858353647,122.04271048576464,0.6143558967019409,2.254556978339098,2.312912928469899,0.0045169648985648,0,,,0,20.70788640274685,0.0,29.69246669221784,1,476.98222060372194,121.87890311751286,0.6202821059723149,0.7811297678575244,376
163.8,Tunnel,476.93582654427655,122.17274855125208,0.6143558967019409,2.255912131219437,2.2459951513048706,0.007407770564763,0,,,1,17.422736197779393,0.0,24.169705541349376,1,476.8441955414804,121.95904812192688,0.6040835314916211,0.7969516255806566,372
163.9,Tunnel,477.12028032280887,122.30286637858266,0.6143558967019409,2.2572958468949387,2.288220473398838,0.0012642036608432,0,,,1,17.36998659142856,0.0,32.176060789988746,1,477.18639621117023,122.21135812985648,0.6322770536847928,0.8231617703238341,444
164.0,Tunnel,477.3048494891069,122.433065603028,0.6143558967019409,2.2587079314095213,2.252393551334932,0.0065168556348499,0,,,0,20.3567893498896,0.0,31.916793354442955,1,476.5372560607128,122.25631452478224,0.5933465112321992,0.8757386232321273,451
164.10000000000002,Tunnel,477.48953634522576,122.56334784850932,0.6143558967019409,2.2601481878566485,2.3300542967657973,-0.0044640412197867,0,,,1,19.81323874788793,1.595276988812253,32.882181024260426,1,477.5683357051549,122.63499162640312,0.6394290717591966,0.8964344288658745,347
164.20000000000002,Tunnel,477.6743431768913,122.6937147274288,0.6143558967019409,2.261616416403358,2.198820844314116,0.0008746589487393,0,,,1,20.828900355177367,1.2264023188865032,33.64420451860163,1,478.0070791422554,122.45167075052213,0.6116693223330678,0.8387107882706787,425
164.3,Tunnel,477.8592722532629,122.82416784050238,0.6143558967019409,2.2631124143146417,2.229260233334037,0.0015615208121298,0,,,0,22.27054391192225,2.125457230245373,27.91972302573142,1,477.63606631273257,122.7544928702325,0.6228920648064746,0.6745294952008667,430
164.4,Tunnel,478.0443258266986,122.95470877659382,0.6143558967019409,2.2646359759781736,2.30475134632523,0.0073343340725458,0,,,1,23.548159042580803,0.6050886597371941,29.35619268116209,1,477.9312356969969,122.9578090385649,0.5851880602780666,0.8017245100903007,440
164.5,Tunnel,478.22950613252175,123.0853391125503,0.6143558967019409,2.266186892929381,2.351630117919448,0.0017292238297285,0,,,0,18.894720609631666,0.6278442134817481,28.81944773510108,1,478.26897110624975,122.94703221075846,0.6021379768557709,0.7010676208317133,375
164.60000000000002,Tunnel,478.41481538879015,123.21606041303949,0.6143558967019409,2.2677649538768576,2.14705089975867,-0.0032058446384378,0,,,0,20.649365752479746,0.6477074581725724,23.159959618409147,1,478.2907596467829,122.87740651745634,0.6198439333312513,0.7888241516730033,404
164.70000000000002,Tunnel,478.60025579606713,123.34687423038804,0.6143558967019409,2.2693699447281155,2.3621957621684024,0.0004240149893825,0,,,1,26.21509072815543,1.3930437243308615,35.789710481329564,1,478.3599965607746,123.54261783469006,0.6109148237762145,0.7538590743902833,321
164.8,Tunnel,478.7858295371949,123.47778210442172,0.6143558967019409,2.2710016486156697,2.2717333099011188,-0.0086676758173148,0,,,0,21.310974730706604,4.073276993765289,36.48434941239115,1,478.48818466174106,123.3884042772046,0.6073238416502926,0.7493519043151095,428
164.9,Tunnel,478.9715387770696,123.60878556230688,0.6143558967019409,2.2726598459234597,2.1696058624774768,-0.0120449073068468,0,,,1,20.82430991562066,2.130048501510972,38.19942128030392,1,478.7358267057797,123.6171466410568,0.6082608390901854,0.8092785414791459,407
165.0,UrbanCanyon,479.15738566241953,123.7398861183936,0.6143558967019409,2.274344314313592,2.103286500874396,0.004465624256054,1,476.2217337827848,130.86658706610606,7,2.9745123252502776,27.05461322887016,5.368348446986657,1,479.09675220377386,123.4810319511008,0.5755511242888849,0.6346542421312602,330
165.10000000000002,UrbanCanyon,479.3433723215842,123.87108527406038,0.6143558967019409,2.276054828753419,2.1943928000797825,-0.0017776784737868,0,,,9,2.7597476864899844,28.370287088383748,6.0113777684848015,1,479.3091481514468,123.6490065898928,0.6476667709541171,0.7527594951863557,269
165.20000000000002,UrbanCanyon,479.529500864297,124.00238451756027,0.6143558967019409,2.277791161542928,2.2885383406342865,-0.0011506023257919,1,480.4354232176163,124.56219323385896,6,2.862693393608094,29.241052088580027,4.9996907183858745,1,478.6726980355039,124.11298849553528,0.6005521452103757,0.7600481960432942,330
165.3,UrbanCanyon,479.715773381469,124.13378532386892,0.6143558967019409,2.2795530823424586,2.2936460475535183,0.0045865760874538,0,,,7,3.1756521730721063,27.516742840284607,3.4814603224821763,1,479.128779527419,124.379040545211,0.6084852071546005,0.8518301688582219,291
165.4,UrbanCanyon,479.902191944976,124.26528915453385,0.6143558967019409,2.281340358200731,2.338258284548108,0.0075745819826544,1,488.6880942438347,116.44950735788518,10,3.0258446841811684,25.17815650998953,3.809960936272407,1,480.0677029095481,124.40319876099494,0.6204220888951859,0.8597551252284454,374
165.5,UrbanCanyon,480.0887586074471,124.39689745752555,0.6143558967019409,2.283152753583189,2.266996861737849,0.0030424103031332,0,,,9,2.824069637750126,31.23989985376079,5.006102404520293,1,479.7212720783804,124.6176407836116,0.6215212224286151,0.8430133497626882,334
165.60000000000002,UrbanCanyon,480.2754754020559,124.52861166709044,0.6143558967019409,2.284990030400649,2.2342245311947706,0.0103613219641365,1,474.7541804279128,123.6271476187584,8,2.7932675481632416,28.963953243945205,5.248504631135336,1,480.5500456194766,123.98989490998676,0.5767365304830991,0.8178057903078726,320
165.70000000000002,UrbanCanyon,480.4623443423146,124.66043320360492,0.6143558967019409,2.2868519480382568,2.2773567645671475,0.0029023233787531,0,,,9,3.3716344200084,26.50902629775017,4.845094654085312,1,480.2735329145285,124.7514429044713,0.5980926827511404,0.9315514487686588,301
165.8,UrbanCanyon,480.6493674218696,124.79236347343183,0.6143558967019409,2.288738263384744,2.3081433396293374,0.0018822243689688,1,483.9231025653758,123.80604717074948,7,3.466757830507692,30.45761535536609,4.809708487132372,1,479.49793925284814,125.74014485724294,0.6104156473167648,0.7722694936553576,284
165.9,UrbanCanyon,480.8365466142997,124.92440386877806,0.6143558967019409,2.2906487308619865,2.32147317328797,0.0015345243877066,0,,,9,2.7284655793989336,28.53894286621497,4.811399460072279,1,480.9702503939833,125.60440246310452,0.6035452556250269,0.7246640455551624,297
166.0,UrbanCanyon,481.02388387291774,125.05655576755404,0.6143558967019409,2.2925831024548518,2.2643969543168367,-0.0064285253718994,1,488.44864184853685,124.17317862183548,8,2.488987294578614,29.502220470504582,4.362451991980637,1,481.60321378981047,125.67744883905694,0.636547172875201,0.8560307237667313,381
166.10000000000002,UrbanCanyon,481.2113811305732,125.1888205332351,0.6143558967019409,2.2945411277413417,2.3644833312741107,0.0052963748837684,0,,,7,3.16779887650999,28.17163199657416,5.010338103968915,1,481.2197353600428,124.9821956894171,0.5625574107874844,0.7314296588181882,409
166.20000000000002,UrbanCanyon,481.3990402994581,125.3211995147245,0.6143558967019409,2.2965225539230243,2.2753459030486995,-0.0124870475186,0,,,9,3.525066326761632,27.25373291853737,4.699755826407014,1,480.6117690944695,125.58623679593757,0.6312334858332833,1.0,352
166.3,UrbanCanyon,481.586863270916,125.4536940462181,0.6143558967019409,2.2985271258557423,2.2641909067580994,-0.0027429547389999,0,,,8,3.5364800052647967,31.167103907159188,5.615977116654355,1,481.4128637005583,125.4582929493608,0.6077214459103772,0.7695387167273572,266
166.4,UrbanCanyon,481.7748519152517,125.58630544707104,0.6143558967019409,2.3005545860806085,2.286939179103871,0.0004483065590776,1,487.4804953711052,123.94594550829208,6,3.4271053524471755,26.973665346596466,3.732425252225689,1,481.4269703477179,125.5207090399322,0.6218655937424398,0.6415607064763995,348
166.5,UrbanCanyon,481.96300808154575,125.71903502166604,0.6143558967019409,2.3026046748552744,2.384580825194473,-0.0038167186659961,0,,,8,2.919416764153433,29.13383625665542,6.326706664274042,1,481.33728601555606,125.77348824160244,0.5961884539313189,0.7281635916931756,304
166.60000000000002,UrbanCanyon,482.1513335974698,125.85188405928366,0.6143558967019409,2.304677130185472,2.314145636480369,-0.0020487687609381,1,485.8632286289937,125.99872368775796,7,2.57934401612579,28.64209580048126,3.63657477908171,1,481.8063634943434,126.18837489813544,0.594904149859107,0.8016367280233327,375
166.70000000000002,UrbanCanyon,482.3398302691055,125.98485383397428,0.6143558967019409,2.3067716878568216,2.278678843867729,0.0099330596391094,0,,,7,2.8943097920339658,29.6797602215289,4.2477386811614215,1,485.9575609590709,121.3735479812451,0.5509830126628446,0.2740173079352137,134
166.8,UrbanCanyon,482.5284998807652,126.11794560443194,0.6143558967019409,2.308888081466912,2.378077034164121,0.0060723413550135,1,484.0267549081613,117.44758321935906,8,2.812701546535413,29.27231167659113,4.364513847562117,1,483.07387415818073,126.30061607451267,0.6362504283410844,0.7604635377591192,312
166.9,UrbanCanyon,482.7173441948166,126.25116061387018,0.6143558967019409,2.311026042457631,2.4526516824954774,-0.0032828487920001,0,,,9,3.3431495922115104,29.04039248640021,6.27635052212413,1,482.40435418003807,125.4302439490223,0.6225530136257489,0.7185068257501933,373
167.0,UrbanCanyon,482.9063649515085,126.38450008989956,0.6143558967019409,2.313185300147763,2.3366037678349194,-0.0022079536217375,1,484.215234104126,119.74247204560494,7,3.235459554542782,29.047482047020328,3.632460001917756,1,482.7119512886925,125.9293234127274,0.60737151091074,0.7133871521565347,307
167.10000000000002,UrbanCanyon,483.0955638688006,126.51796524440728,0.6143558967019409,2.315365581765831,2.3994831119165605,-0.0064095149159107,0,,,8,3.01323294607575,28.62816516502976,5.125608765837917,1,484.1035695900594,127.705293020224,0.6095224159868238,0.8750842916446617,329
167.20000000000002,UrbanCanyon,483.2849426421949,126.6515572734384,0.6143558967019409,2.317566612483195,2.3931429431829647,0.0039949486562648,0,,,6,3.2026887496802603,32.14818426652214,4.106604581117134,1,482.9579259259907,126.21361216785064,0.6382607777595881,0.7985378181145594,366
167.3,UrbanCanyon,483.4745029445705,126.78527735707944,0.6143558967019409,2.3197881154473907,2.293857798225109,-0.001012756954257,0,,,9,3.1819225813180685,28.00822444994208,5.502191095000836,1,483.9425995016909,126.72518885742365,0.596396155600504,0.7867062496913754,334
167.4,UrbanCanyon,483.6642464260213,126.91912665934346,0.6143558967019409,2.3220298118157108,2.33449715894428,-0.0099958935894047,1,484.6167858870139,127.50169669218724,6,3.623642915918276,28.895824259055782,4.740737801849924,1,484.36637236179786,126.3424016538058,0.6274558173505307,0.7305706726568061,338
167.5,UrbanCanyon,483.8541747136954,127.05310632805735,0.6143558967019409,2.3242914207890246,2.259232301931166,0.0007955903788867,0,,,6,3.025264955526567,25.706409323563356,4.785608819079758,1,483.3244519596937,127.514970036343,0.6300128069317195,0.8801086343384817,389
167.60000000000002,UrbanCanyon,484.044289411639,127.18721749475104,0.6143558967019409,2.3265726596458287,2.3262401009689917,0.0025805130429889,0,,,9,2.388021393517773,29.67912346531979,5.814088895972127,1,483.88477686965103,127.89339437820716,0.6072747487459056,0.6939510672124772,335
167.70000000000002,UrbanCanyon,484.2345921006411,127.32146127454862,0.6143558967019409,2.328873243776526,2.3048573209539263,0.0052963304064771,0,,,8,2.9479293325599665,30.05867680380156,3.673635090172214,1,484.756552001102,127.08381607435268,0.6256682357480199,0.7201077919465597,342
167.8,UrbanCanyon,484.4250843380828,127.45583876606156,0.6143558967019409,2.3311928867179312,2.3198171373812264,-0.0002256364565087,1,483.50686521389287,129.0017670460545,9,2.9301413775471663,30.700098424431697,5.220918870861009,1,484.5733871836071,127.32152186819752,0.5937350569086473,0.8447391522803739,324
167.9,UrbanCanyon,484.6157676577882,127.59035105128376,0.6143558967019409,2.333531300187997,2.3000280954233854,-0.0018114757253766,0,,,8,2.97977178249064,25.18936563153361,5.9039758198627865,1,484.4593923618498,128.06475645820083,0.5832663955613415,0.8011558499768908,319
168.0,UrbanCanyon,484.8066435698789,127.7249991954888,0.6143558967019409,2.335888194120753,2.3280562612453024,0.0105453847699311,1,492.8819137826314,127.20503546843152,8,3.2303598652371504,28.05978923948135,5.731886779803011,1,485.1093013378599,127.27234852681262,0.629776283102295,0.813357930551564,355
168.10000000000002,UrbanCanyon,484.997713560631,127.85978424712916,0.6143558967019409,2.338263276701464,2.3794322532514696,0.0001006601596563,0,,,7,3.679671944045929,28.58216476074925,6.669948072584647,1,484.9071540994692,128.221492706783,0.618367058349905,0.8739954354905589,298
168.20000000000002,UrbanCanyon,485.1889790923351,127.9947072377374,0.6143558967019409,2.3406562544019835,2.3431065960114275,0.0038012550914097,1,484.36370115553126,124.7125027977819,9,3.11990252671023,29.975307592920142,5.926728512043461,1,485.6351724669133,127.91977291564434,0.5788889448204557,0.8025200781064796,320
168.3,UrbanCanyon,485.3804416031591,128.12976918182935,0.6143558967019409,2.343066832016326,2.241747575024048,-0.0028361971409855,0,,,7,2.941858127732239,30.193391146329635,4.857419037054176,1,485.3002430273922,127.81587554529509,0.6484251102945091,0.7267035123636523,404
168.4,UrbanCanyon,485.5721025070144,128.2649710768097,0.6143558967019409,2.3454947126964263,2.311277911078259,0.0035913223978284,1,492.27932467737935,127.73520164199492,7,2.83533795767616,26.931123292972536,4.480964861343723,1,485.69781169786455,128.80680399310882,0.6175762261106303,0.8024420509031691,360
168.5,UrbanCanyon,485.7639631934238,128.4003139028792,0.6143558967019409,2.347939597988101,2.26787952071887,-0.0076382968440446,0,,,8,3.064733905146559,26.19532107838249,5.111067029947424,1,485.6435440840662,128.00632024383592,0.6173960226406114,0.8474105881213456,370
168.60000000000002,UrbanCanyon,485.9560250273945,128.53579862294424,0.6143558967019409,2.350401187867196,2.3755828375409016,-0.0024896140120322,1,486.6813675354554,126.9667092822597,9,2.9354197463674585,27.649948034627165,5.178590176042047,1,485.64352978644655,128.5752708279801,0.641982116537338,0.7593566023324226,351
168.70000000000002,UrbanCanyon,486.14828934929153,128.67142618252848,0.6143558967019409,2.352879180775921,2.3906091526264763,-0.0064169841548095,0,,,9,3.436141579908732,29.561716257632675,5.6117799302826725,1,486.1419622976927,128.52444804964392,0.6005968236192158,0.8064373008610021,255
168.8,UrbanCanyon,486.3407574747161,128.80719750968646,0.6143558967019409,2.355373273659372,2.37824288256003,-0.0032791588459415,0,,,8,3.0581165848950134,25.529410899829383,5.361698052545492,1,486.3000122493152,128.62009305956977,0.6078327734746161,0.697014779045215,292
168.9,UrbanCanyon,486.5334306943861,128.94311351491953,0.6143558967019409,2.357883162002219,2.319328654276876,0.0064263962830552,0,,,8,3.466011323320626,31.89122952324821,5.181437044659925,1,485.9056625806469,128.34144485736402,0.599251519212527,0.6961158113296485,381
169.0,UrbanCanyon,486.7263102740199,129.07917509109367,0.6143558967019409,2.3604085398655767,2.381936057257148,-0.0033366456887105,1,478.897836943034,129.27560680409607,8,3.3247350462895486,28.004667017504413,4.665471726054236,1,485.647131468558,128.94432634950596,0.6335525097258308,0.7876323907922778,339
169.10000000000002,UrbanCanyon,486.9193974542228,129.2153831133597,0.6143558967019409,2.362949099924041,2.3418766644860214,0.0036418670947221,0,,,8,3.023792073065104,28.65091425513439,4.6891782299372045,1,487.4520136642974,129.67735979217505,0.5787186928066328,0.686946443675891,381
169.20000000000002,UrbanCanyon,487.1126934503768,129.3517384390754,0.6143558967019409,2.3655045335028886,2.308066512590432,0.007802357217517,1,488.29504555562863,123.25945618307156,8,3.0628594045516904,25.892994031733156,3.637716721120098,1,487.2882678390384,128.99908839299317,0.6029856203046515,0.8468379813265856,336
169.3,UrbanCanyon,487.3061994525338,129.48824190772993,0.6143558967019409,2.3680745306154334,2.423244597016984,-0.0002712605934989,0,,,8,2.9119586605819454,32.24629595976067,5.240539025882383,1,486.5213100840513,129.62284816866423,0.608584874917292,0.7058792423054705,323
169.4,UrbanCanyon,487.4999166253109,129.62489434087033,0.6143558967019409,2.3706587800005448,2.430294599168489,0.005059265139593,1,485.0670136462565,121.48872063282272,9,3.046750101543954,27.553849734356294,5.171947928300915,1,487.270368988286,129.25283444095393,0.5865591344403089,0.7552102373567721,351
169.5,UrbanCanyon,487.6938461077897,129.76169654203022,0.6143558967019409,2.373256969160309,2.437593566847426,0.0026191290039409,0,,,6,3.227346179233774,28.16077956195992,4.714847857197132,1,487.26142958049945,129.78311857248988,0.6467166250777465,0.6864349625441303,354
169.60000000000002,UrbanCanyon,487.8879890134181,129.8986492966608,0.6143558967019409,2.375868784397841,2.3445863180484547,0.0003880850908274,1,492.7786876360316,126.2629955507788,7,2.811508411262225,30.53216627876043,4.684860340741998,1,487.5853004619497,129.6413935254713,0.624736304964578,0.7733002562517712,345
169.70000000000002,UrbanCanyon,488.0823464299158,130.0357533720638,0.6143558967019409,2.3784939108552368,2.4528566493377784,0.0036709587450429,0,,,10,2.931186175586441,31.959320916289013,4.241377503009451,1,487.46423729335,130.7669947039074,0.6402502861861246,0.792513399111647,378
169.8,UrbanCanyon,488.276919419182,130.17300951732676,0.6143558967019409,2.3811320325516583,2.3562676652849124,0.0093977062495474,1,491.7918959187952,125.01667742031736,7,3.168170067356419,29.189899376550528,4.742199271146207,1,488.0308718927549,130.40530275936348,0.6119173724881026,0.7264547785322869,275
169.9,UrbanCanyon,488.4717090172072,130.31041846326062,0.6143558967019409,2.383782832421557,2.42591196810858,-0.0035815306032797,0,,,8,2.9836020446719087,31.656964541296528,5.507113861908866,1,488.1635489321712,130.1022613655107,0.6285144134334653,0.8314684729989305,339
170.0,UrbanCanyon,488.6667162339876,130.4479809223392,0.6143558967019409,2.3864459923530226,2.3549792084355348,-0.0052839286717155,1,486.7731346208328,129.89150545728748,10,3.114387213696351,28.842280466507116,4.985947093893027,1,488.4876715657454,131.44299661914494,0.5627819109493251,0.7274868529493932,344
170.10000000000002,UrbanCanyon,488.8619420534425,130.58569758864138,0.6143558967019409,2.389121193226248,2.375672263112476,-0.0055620337069519,0,,,8,2.7116457481081784,31.065314711198216,5.651292611723896,1,487.9516781830953,131.04314986754423,0.6585290139466702,0.794674298487406,330
170.20000000000002,UrbanCanyon,489.0573874333355,130.72356913779493,0.6143558967019409,2.3918081149521235,2.24510139905781,0.0050117482168411,1,490.2995619968659,125.26218488419926,7,3.37402867923224,28.79884563493465,4.568077665390099,1,489.3604235653646,130.43327975592368,0.6139219163352494,0.7788050161149244,306
170.3,UrbanCanyon,489.2530533051981,130.86159622692307,0.6143558967019409,2.394506436510938,2.3719313955741885,0.005675130292842,0,,,9,3.0632719700416464,31.81977760249257,4.824168776140919,1,488.8408536471925,130.81020225135973,0.5722788716665566,0.7091520156247431,389
170.4,UrbanCanyon,489.44894057425694,130.999779494593,0.6143558967019409,2.397215835991187,2.399662610898188,-0.0029913339765242,1,494.85898043507166,128.75908647873806,7,3.3145843647117834,27.82348651673135,4.131547684199282,1,488.8830487529413,131.37905073042128,0.6133997021592585,0.7428083128260263,303
170.5,UrbanCanyon,489.6450501193642,131.13811956076668,0.6143558967019409,2.39993599062849,2.373316347578428,-0.0113646053451633,0,,,9,2.8514153437653618,29.92735377627272,4.788861072197232,1,489.5296486440825,131.62308661828612,0.6289268310238909,0.7778264840273587,319
170.60000000000002,UrbanCanyon,489.8413827929311,131.2766170267541,0.6143558967019409,2.402666576844605,2.5016409107584776,-0.0037837183732325,1,497.11537572648905,126.39745769776648,8,2.9698276556480594,25.159145759546853,4.420063807028352,1,489.50290038357264,132.11877886278657,0.6014486618132184,0.8325006167934079,355
170.70000000000002,UrbanCanyon,490.0379394208644,131.4152724751684,0.6143558967019409,2.405407270286536,2.3295531588204312,0.0026058600779977,0,,,10,2.7085424037237185,29.207401274101976,5.884524708792273,1,490.8880638293248,131.23907505189766,0.6036429603316162,0.8246661769206918,298
170.8,UrbanCanyon,490.2347208025064,131.55408646988354,0.6143558967019409,2.408157745865732,2.3660555856603374,-0.0006092463138349,1,489.190886726914,124.25144625919565,9,2.607929259258732,28.882501746689343,5.063519519069786,1,490.5159155541396,130.93382721587764,0.5994095780276254,0.8553648798569505,348
170.9,UrbanCanyon,490.4317277105783,131.69305955599427,0.6143558967019409,2.4109176777973733,2.3486097343839742,0.0007178999211285,0,,,7,3.0943203710494425,28.54476605800496,4.222151617991387,1,490.508548941194,131.53781035100914,0.6059748772176086,0.7738359332984726,337
171.0,UrbanCanyon,490.6289608911258,131.83219225977814,0.6143558967019409,2.413686739639734,2.372157816585855,-0.0029232917891285,1,494.890470895053,124.5753236925671,6,3.522601316630254,25.871831186600115,5.326636481617047,1,490.56715985081775,132.23656068520975,0.638063849843979,0.7996688784773301,306
171.10000000000002,UrbanCanyon,490.82642106346975,131.97148508865996,0.6143558967019409,2.416464604333622,2.470701583376582,0.0051230316004217,0,,,8,3.21192777825178,32.03739600720278,4.044826122325643,1,490.5425276424318,133.16940720525716,0.6322540026559889,0.8060202517551777,397
171.20000000000002,UrbanCanyon,491.02410892015774,132.11093853117848,0.6143558967019409,2.419250944241893,2.5024519105641905,0.0015764408554013,1,487.2632081801933,129.36519211539462,8,2.6054154461548045,29.37787803467853,4.18535064033314,1,491.2444428447525,131.50988909878834,0.6202120642639417,0.7810093769974881,328
171.3,UrbanCanyon,491.222025126921,132.25055305695534,0.6143558967019409,2.4220454311890234,2.380173232809785,0.002863748315595,0,,,7,3.423200543077804,29.113257758304837,5.522707153259365,1,491.2133375907204,132.09404325793287,0.6319060813207034,0.6863782461795417,326
171.4,UrbanCanyon,491.4201703226331,132.39032911666635,0.6143558967019409,2.4248477365007504,2.382403423927552,0.0006446419654513,1,497.9910745492609,130.8195747625153,8,3.1897597675023337,29.484266149972363,5.424052470381195,1,491.7755842724414,132.90900067484236,0.6233356485496948,0.7541487871399797,410
171.5,UrbanCanyon,491.6185451192728,132.530267142015,0.6143558967019409,2.42765753104377,2.362915544369041,0.002585401456387,0,,,6,3.0484833526787742,28.2697239409602,5.122724297272624,1,491.2921809763684,132.83283889059263,0.5637235391976168,0.8145644779594629,328
171.60000000000002,UrbanCanyon,491.8171501018897,132.6703675457083,0.6143558967019409,2.43047448526548,2.510303800078332,0.002290202642642,1,498.2432020859316,135.66255395854895,7,3.1897556907097657,30.836877012819716,5.366593565472017,1,492.0840246108668,132.2456523212155,0.5998252077009694,0.7839251570926382,293
171.70000000000002,UrbanCanyon,492.0159858285729,132.81063072143493,0.6143558967019409,2.4332982692337746,2.501321671153448,-0.004966298327605,0,,,10,3.239112947143357,28.540266917129124,4.414326389833589,1,492.02154372901447,133.48332297293672,0.6074530707385799,0.8183518386347352,324
171.8,UrbanCanyon,492.21505283042376,132.95105704384562,0.6143558967019409,2.4361285526768826,2.4279704585503765,0.0018650245989155,1,489.3549165852007,134.51708156555952,8,2.621042234388848,29.934800955573856,4.474292410021414,1,492.5602579674791,132.98500793850852,0.5741007055662575,0.7756569386965387,298
171.9,UrbanCanyon,492.4143516115311,133.09164686853586,0.6143558967019409,2.438965005023237,2.3521061144681465,0.0040596711347831,0,,,6,2.7392358928716334,26.636370234122275,5.207880385878325,1,492.92285473815787,133.40939812474608,0.6103381346992651,0.8064417606805309,354
172.0,UrbanCanyon,492.6138826489498,133.232400532031,0.6143558967019409,2.4418072954413823,2.359761869420491,0.0060310155461263,1,492.9682165164245,130.96615913060376,9,2.573547494080756,26.361941553291523,5.362645007087282,1,492.42225355666494,132.9594592045083,0.6137369290569024,0.816794597090712,334
172.10000000000002,UrbanCanyon,492.8136463926834,133.3733183517735,0.6143558967019409,2.444655092879908,2.4552299367702264,0.0021630991042786,0,,,7,3.00362912655256,28.45245263207711,4.347599509427019,1,492.66961021375135,133.61349068739835,0.6052376625992988,0.8247785872413792,302
172.20000000000002,UrbanCanyon,493.0136432656688,133.51440062611255,0.6143558967019409,2.447508066107403,2.480931688119837,-0.0050826770798502,1,489.7938292050426,137.44348705521458,8,3.231463111064243,29.09256196505673,4.575288300593682,1,492.5611219069525,133.87793963512573,0.6208253473354084,0.7627488330567999,253
172.3,UrbanCanyon,493.213873663765,133.65564763429603,0.6143558967019409,2.4503658837524327,2.329070238205285,-0.0042881089812424,0,,,6,2.9056726715111303,29.742000626341333,5.029759856017595,1,493.81088138161766,133.94430475944884,0.5937185173204149,0.8132860846235989,316
172.4,UrbanCanyon,493.4143379557453,133.79705963646472,0.6143558967019409,2.4532282143435222,2.4357666227023085,-0.0022842519450863,1,491.66074613577945,136.9994778356697,9,2.8548842936212653,29.412274369241988,5.112139504925757,1,492.9252827100796,133.96266133111945,0.6594054902085058,0.805703172550349,284
172.5,UrbanCanyon,493.6150364832917,133.9386368736489,0.6143558967019409,2.456094726349154,2.553923799508068,0.0009849025281156,0,,,6,2.8210304110686293,26.65821280966894,5.764506201134815,1,493.536398029697,133.8667853703834,0.6280067738802875,0.7936450833213006,311
172.60000000000002,UrbanCanyon,493.8159695609938,134.0803795677671,0.6143558967019409,2.458965088217766,2.4434795774434708,-0.000622559768357,1,502.12049454329855,133.4311372924511,9,2.5822300466993657,31.111926966833654,5.044534828799345,1,494.449188026821,133.92429431918345,0.6489581972619738,0.8006463151555372,382
172.70000000000002,UrbanCanyon,494.0171374763504,134.2222879216273,0.6143558967019409,2.46183896841775,2.5526762041589555,-0.0058412397943346,0,,,8,2.8406545690149825,28.57199514500321,5.111789834304989,1,493.3219001134651,133.76992675211127,0.6098760628446911,0.6933969967527362,301
172.8,UrbanCanyon,494.2185404897739,134.3643621189304,0.6143558967019409,2.4647160354774416,2.508034057092176,-0.0059022124763015,1,492.6363712038212,132.42429758004374,9,2.837509870217209,27.170366352265027,6.213231551890027,1,493.7886021211416,134.70760900274206,0.6272731648734471,0.7244435711001936,312
172.9,UrbanCanyon,494.4201788345992,134.50660232427597,0.6143558967019409,2.467595958025101,2.4073652081470427,-0.0110077949957026,0,,,8,2.528922203257282,28.091478807891825,4.840482399572073,1,493.8388591492706,133.36614872459646,0.6056470797353612,0.8996576017626668,352
173.0,UrbanCanyon,494.6220527170945,134.64900868317022,0.6143558967019409,2.4704784048288766,2.457264492177805,-0.0163264979961402,1,500.8733245901592,131.23370930290923,8,2.5583056110503115,27.71882759544887,4.036929578431447,1,493.8430023128326,133.80727808412385,0.5674540702239712,0.908661977177814,330
173.10000000000002,UrbanCanyon,494.8241623164764,134.79158132203662,0.6143558967019409,2.4733630448367507,2.4701696648755647,-0.0007322980441313,0,,,9,2.626644166444447,28.617836563700468,5.715748921000761,1,494.08784282033565,134.5494403521518,0.6047641144094822,0.852829281522096,386
173.20000000000002,UrbanCanyon,495.0265077849276,134.93432034822823,0.6143558967019409,2.476249547216454,2.420974427899507,0.0120582806664662,1,493.0877834865632,132.89596887708174,10,2.6726806061297848,25.421817584509288,4.995426768625441,1,495.2342419245786,134.86327990839013,0.6165466434663935,0.8308439537429574,290
173.3,UrbanCanyon,495.2290892476185,135.07722585004296,0.6143558967019409,2.479137581395356,2.423794602101399,0.0093897227623912,0,,,9,2.763513453871449,28.9624232195533,5.232729381883181,1,495.1244632351536,135.26754731966986,0.5641345249424257,0.7997892672554631,310
173.4,UrbanCanyon,495.4319068027309,135.22029789674062,0.6143558967019409,2.482026817100316,2.577992705679756,-0.005206346503715,1,494.2542727056535,128.26024561486693,7,2.8316639036772626,26.843518715391937,4.289511372446092,1,496.2594013012699,136.14814685845744,0.5683690917012263,0.8675417800704407,391
173.5,UrbanCanyon,495.63496052148673,135.3635365385626,0.6143558967019409,2.484916924397496,2.434649413279123,0.0007334082408,0,,,9,2.933984784731364,29.82363256869761,5.618783397926357,1,495.4751175426783,135.224740181858,0.5793903459956553,0.7463838250048266,297
173.60000000000002,UrbanCanyon,495.8382504481782,135.50694180675373,0.6143558967019409,2.487807573732128,2.5577553938584794,-0.0077304847370449,1,494.5669096297703,133.52315034547746,6,3.2864755776135004,26.41994179666772,7.296445682250336,1,495.28789742198944,135.35266283976762,0.5585942139067113,0.7040277144575515,308
173.70000000000002,UrbanCanyon,496.04177660020247,135.6505137135863,0.6143558967019409,2.490698435968232,2.471915859353443,-0.0069128161099726,0,,,7,2.6468289315587183,25.94185061838761,5.511410227289295,1,496.2662194651444,135.37076341363738,0.6016756716128446,0.8202609800326846,272
173.8,UrbanCanyon,496.24553896809897,135.7942522523866,0.6143558967019409,2.493589182428277,2.496802092157188,-0.0062911743548662,1,498.00854827451707,132.65191363642705,8,3.441481706003425,29.63981460421943,5.772652128231969,1,496.5524774098672,136.0198492676845,0.6030026999745681,0.7189753325859292,343
173.9,UrbanCanyon,496.44953751559007,135.9381573975636,0.6143558967019409,2.4964794849327903,2.530642662009236,-0.0012096663625119,0,,,8,3.139497054358235,28.455126976234627,5.34943999410197,1,496.8307560774617,136.07609615095555,0.6012694490732389,0.7916206870787377,334
174.0,UrbanCanyon,496.6537721796251,136.08222910463994,0.6143558967019409,2.499369015839892,2.466181658426632,-0.0009836143015418,1,490.10027821876,137.30924786592513,7,2.9139897773586023,29.153209494750776,6.31218925933786,1,496.5535037046032,136.69048540281975,0.6237698488543377,0.7870776232251235,394
174.10000000000002,UrbanCanyon,496.8582428704274,136.2264673102852,0.6143558967019409,2.50225744808477,2.538046363940733,0.0013259869652171,0,,,9,3.2535053142091206,27.508764207581653,4.495509644560598,1,497.0830800143465,136.11785852192602,0.6244798086639145,0.6884155203262794,292
174.20000000000002,UrbanCanyon,497.0629494715449,136.37087193235135,0.6143558967019409,2.5051444552190736,2.386014260637404,0.0035211587630829,1,496.1293615492997,137.18168158138965,7,3.1551646743530246,28.209481063538828,4.940119370399015,1,496.4991908222346,136.08676720150888,0.6099920640084333,0.8104612369045976,327
174.3,UrbanCanyon,497.26789183990337,136.51544286991071,0.6143558967019409,2.508029711450237,2.539798149066285,-0.0016776885536267,0,,,5,3.1772667064561486,28.72620206905796,3.514063009536708,1,497.0038526587858,136.4571481914154,0.6223613565232382,0.6736477594892073,364
174.4,UrbanCanyon,497.4730698058635,136.66018000329592,0.6143558967019409,2.5109128916807144,2.369625965660905,0.0002848651783244,1,495.9973734838191,136.68929721587034,8,3.252598628030859,29.208616576418805,4.66444542046905,1,498.0365911352978,137.03710366734376,0.6231612586558546,0.7802627330081149,325
174.5,UrbanCanyon,497.6784831732807,136.80508319414218,0.6143558967019409,2.513793671547124,2.50715264299196,-0.0056403493399461,0,,,9,3.005779773068828,27.51678052624852,4.744665726571827,1,494.47099763639073,132.85689415791515,0.7226402459843264,0.2858114117803544,163
174.60000000000002,UrbanCanyon,497.8841317195684,136.950152285432,0.6143558967019409,2.516671727459308,2.5724364961638084,-0.0069864507460683,1,491.66574277166,138.3142468181459,10,2.7389320560443515,28.421644846895536,4.368731474048796,1,497.59038555653257,137.06456051859507,0.5883487705294077,0.7756671706912717,316
174.70000000000002,UrbanCanyon,498.0900151957646,137.0953871015419,0.6143558967019409,2.5195467366392905,2.560808064676386,-0.0077869600076477,0,,,7,2.5102754983848707,25.914310152814345,4.655483816401135,1,497.01237558800096,136.95469587815896,0.6302994697184925,0.8496170933307643,316
174.8,UrbanCanyon,498.2961333266009,137.24078744829143,0.6143558967019409,2.5224183771601307,2.4512993652436483,0.0034595120999496,1,491.173951123637,140.35279079816058,9,2.925712669347152,28.923002522550146,4.640675629384289,1,498.0902389319271,136.49186749441117,0.6348671154767596,0.7608082974675158,286
174.9,UrbanCanyon,498.5024858105757,137.38635311299464,0.6143558967019409,2.525286327984675,2.463865105537947,-0.0016716676859763,0,,,7,4.035710402282424,28.249740648519293,3.6654215216202086,1,499.1572375505857,137.53174627658586,0.617098392176687,0.7920891727057338,341
175.0,UrbanCanyon,498.70907232002986,137.53208386451337,0.6143558967019409,2.5281502690041933,2.4950819011017464,-0.0096789857397589,1,501.3136750572468,144.62961930160378,7,3.7587005414937056,27.87950810817499,4.48877203808527,1,498.3818534317176,136.94076917058516,0.5604075495660439,0.9018265465296484,265
175.10000000000002,UrbanCanyon,498.9158925012256,137.67797945331313,0.6143558967019409,2.531009881076902,2.549906471479267,-0.0001662410424996,0,,,10,3.2651257665464017,28.89828450700869,4.291403437763212,1,499.1597763210953,137.6631087351547,0.606288916964373,0.7424239230046309,271
175.20000000000002,UrbanCanyon,499.12294597442906,137.82403961152104,0.6143558967019409,2.5338648460663644,2.4209055618078468,-0.006416605167657,1,503.5284711219999,142.49152966570327,9,3.2826584262604968,31.243972677625987,4.194622218213483,1,498.1237651622391,138.1268638432996,0.633225229580785,0.7907586696004716,328
175.3,UrbanCanyon,499.33023233399496,137.97026405298595,0.6143558967019409,2.536714846879766,2.545156405241544,0.0088732167526832,0,,,8,2.772613142341917,27.25968072505061,4.44435559804616,1,498.9705444952178,138.51825118393114,0.6210347794561057,0.8054649273214897,333
175.4,UrbanCanyon,499.5377511484555,138.11665247334082,0.6143558967019409,2.53955956750606,2.5670716659130983,-0.0028359406452791,1,501.985926328873,136.13864076310668,9,2.817060155178112,29.727144878514974,3.980523729629046,1,499.80353384219336,137.06821348790578,0.588226697939414,0.6678026491543003,352
175.5,UrbanCanyon,499.7455019606118,138.26320455006723,0.6143558967019409,2.542398693053979,2.535290424176338,0.0037265453082367,0,,,10,3.024817416579688,29.130320714870862,4.4135947594329314,1,499.1464584996875,138.7997279928367,0.6136088644304065,0.8699083234452901,358
175.60000000000002,UrbanCanyon,499.9534842876282,138.40991994256217,0.6143558967019409,2.5452319097899068,2.5875971759362617,0.0058110149870769,1,502.7281328845785,131.88425137720043,9,3.0638981082337318,29.39223623336019,5.265520113338413,1,500.34966638860703,138.27184819379158,0.6124022218612755,0.7700021480933635,307
175.70000000000002,UrbanCanyon,500.1616976211304,138.5567982922069,0.6143558967019409,2.5480589051756044,2.5710228844852296,-0.0048534443970312,0,,,8,3.2189159661001696,27.148921903962297,5.50103369145596,1,500.41955021425264,138.92671541041636,0.6401122730742328,0.8460058239283067,340
175.8,UrbanCanyon,500.37014142730567,138.70383922243806,0.6143558967019409,2.5508793679057917,2.528586452083477,0.0005338096857257,1,504.701681153593,142.7773000612661,8,3.1344785852242625,29.313337720416676,4.008884802905279,1,500.5507588508166,139.3423177833511,0.5728834164575529,0.8499742535526982,366
175.9,UrbanCanyon,500.5788151470071,138.85104233882086,0.6143558967019409,2.553692987945571,2.4485698564154035,0.0030312101933543,0,,,9,3.147196320510864,30.354075603923523,6.30130341945627,1,500.22791143513103,139.07335627031725,0.6051544914437885,0.8288937623158218,323
176.0,UrbanCanyon,500.7877181958601,138.99840722912447,0.6143558967019409,2.5564994565677,2.5755223874016275,0.0007609181560284,1,499.976490281686,139.9098718010815,9,3.55954580376068,27.781101833983872,5.045119892774443,1,500.8991010002967,138.48642339611197,0.6551565129292203,0.7203573738205701,358
176.10000000000002,UrbanCanyon,500.99684996437287,139.14593346339953,0.6143558967019409,2.559298466389694,2.511622264204557,0.0020477351330073,0,,,8,2.8348421238445773,28.400989080218697,5.0131970957124725,1,501.6066193281911,139.71188408939588,0.6301649199633657,0.7578729748397541,328
176.20000000000002,UrbanCanyon,501.2062098180485,139.29362059405784,0.6143558967019409,2.5620897114107706,2.536225395659883,-0.0068605692770779,1,504.2207504208051,138.89855381916794,9,2.8268272204820284,31.74245602012115,4.819479004871862,1,501.5334818462666,139.53371254109626,0.6350442435226951,0.7776459264914211,382
176.3,UrbanCanyon,501.4157970975015,139.44146815595408,0.6143558967019409,2.5648728870486166,2.600571489146004,0.0030568188341985,0,,,8,2.848552292151635,27.582265103424607,4.137617662811627,1,501.7950152652438,139.48789603202843,0.5960470289431417,0.7942146378110035,331
176.4,UrbanCanyon,501.6256111185764,139.5894756664697,0.6143558967019409,2.5676476901759835,2.6603735330857194,-0.0024361715282269,1,510.66671047245416,140.15003350112377,9,2.6238868379109603,31.61307212536987,5.216220367167673,1,501.2943649598465,139.569455508888,0.6124376647866989,0.8008235751758506,344
176.5,UrbanCanyon,501.83565117246985,139.73764262559885,0.6143558967019409,2.5704138191571007,2.57269691370304,0.0019349665510904,0,,,9,2.377890886397049,29.22178995675288,4.570514740956892,1,501.0765429269088,139.46895747505627,0.5967926809801254,0.7581117657677898,312
176.60000000000002,UrbanCanyon,502.0459165258552,139.8859685160365,0.6143558967019409,2.5731709738839066,2.614081105579709,0.004915564978446,1,500.2080117920248,144.44355092428827,8,2.8361889809055105,26.825689196357377,4.376217901071561,1,502.009029197565,139.70457315528594,0.6450338619108451,0.8044198727490527,301
176.70000000000002,UrbanCanyon,502.2564064210104,140.0344528032686,0.6143558967019409,2.5759188558120902,2.49949200475123,0.0036124754760452,0,,,8,2.949127851555194,28.67409365761104,4.915816437962662,1,503.0794929493106,140.12691283636815,0.6449377493458486,0.9267592132607094,272
176.8,UrbanCanyon,502.4671200759488,140.18309493566423,0.6143558967019409,2.5786571679969383,2.604521783633604,0.0018896478863282,1,501.372943457223,142.76784107516707,9,3.5001692103979942,29.037256271642825,5.307505699390388,1,503.1514813892439,137.02902687192886,0.4610592703449621,0.2446460257681729,133
176.9,UrbanCanyon,502.67805668455264,140.33189434456983,0.6143558967019409,2.5813856151289887,2.5907438394849374,0.0034141127249995,0,,,8,3.493797557660124,27.209806500383344,4.494479319332868,1,502.0867819420898,139.9599747362353,0.6053509990803754,0.7926933406210799,326
177.0,UrbanCanyon,502.8892154167097,140.4808504444056,0.6143558967019409,2.5841039035694786,2.6724715610277667,0.0036279249102822,0,,,8,3.60653970691756,27.602138725569876,4.219350436217545,1,502.3018303616796,140.57072769099213,0.6307839802584776,0.7681762913487196,346
177.10000000000002,UrbanCanyon,503.1005954184523,140.6299626327638,0.6143558967019409,2.5868117413855884,2.5692792641264965,0.0078660792260256,0,,,7,2.85041119434353,30.190833216918968,6.462208165230318,1,502.7586033348401,140.29615295120342,0.613635144398831,0.7654064513526654,329
177.20000000000002,UrbanCanyon,503.3121958121004,140.77923029050908,0.6143558967019409,2.589508838385476,2.589523070868702,-0.0001285856052356,1,509.5841573857308,130.43887294665058,5,4.931008270023883,23.299226272606237,8.560597779677561,1,502.9232726801904,140.61655280606053,0.5987126378666581,0.7628354134059472,397
177.3,UrbanCanyon,503.5240156964057,140.9286527818808,0.6143558967019409,2.5921949061530944,2.6696309070960806,0.0008854243840602,0,,,8,3.28009667544106,28.455149421820973,5.747247618271469,1,503.7912565940264,140.6981424094413,0.626120641262836,0.811529013686627,309
177.4,UrbanCanyon,503.7360541467004,141.07822945459753,0.6143558967019409,2.5948696580827955,2.606396194555148,0.0049437994407298,1,502.98009312550494,148.00964165179073,10,3.2064970501189904,31.01413365804298,6.121525866431253,1,502.9376238970425,141.179341775327,0.6320418650178024,0.7473719932647702,268
177.5,UrbanCanyon,503.94831021504746,141.22795963996325,0.6143558967019409,2.597532809413704,2.546443918242323,-0.0024844390478233,0,,,7,3.201150163442429,30.372394494345144,4.445451072065233,1,504.2179277880124,141.66714162125206,0.6153122175728591,0.8123327996807953,309
177.60000000000002,UrbanCanyon,504.1607829303943,141.37784265297574,0.6143558967019409,2.600184077263872,2.767161099699203,-0.0069497394095247,1,507.9018534341173,139.37591383526632,7,2.75010564094172,26.62008807585897,5.976710575170879,1,504.25437021957725,140.89614242394208,0.5859748056879361,0.7324035755032811,346
177.70000000000002,UrbanCanyon,504.3734712987292,141.5278777924368,0.6143558967019409,2.6028231806641964,2.553984864654524,0.0025646841754204,0,,,9,2.410364136226016,28.86353092732333,5.111201811053684,1,504.2015825196056,142.5075050987461,0.5971703842239604,0.8052178251487405,309
177.8,UrbanCanyon,504.58637430324,141.67806434106447,0.6143558967019409,2.605449840592103,2.619219411067864,-0.001105386416604,1,504.7022354710799,139.49218425974277,10,2.5170664945959422,27.708820660168477,4.609149995300504,1,505.2716798780529,141.72040229910596,0.6237125037403342,0.901584076868215,291
177.9,UrbanCanyon,504.79949090447633,141.82840156560715,0.6143558967019409,2.608063780004995,2.6460052936522587,-0.0063348913557214,0,,,9,2.99398825637363,29.18249654701694,5.063954012988883,1,504.6006973410621,141.54998038407984,0.5804401004776851,0.7204753201434015,359
178.0,UrbanCanyon,505.012820040514,141.97888871695966,0.6143558967019409,2.610664723873452,2.6449386952036056,0.002579718567574,1,507.6737308484538,150.38811595825482,5,4.806761673171856,21.643806866606575,10.074213136331352,1,505.8528581720249,141.98271403345151,0.5683040964335966,0.8358266855248598,360
178.10000000000002,UrbanCanyon,505.226360627122,142.12952503028117,0.6143558967019409,2.6132523992141863,2.6214290643756484,0.0074563217018799,0,,,9,3.081127287917532,30.13661872440561,4.485761578366841,1,504.6259606078983,142.70999948010075,0.5967217728230869,0.7397182867782175,342
178.20000000000002,UrbanCanyon,505.4401115579325,142.28030972511507,0.6143558967019409,2.6158265351227468,2.621692284270269,-0.0085762408513936,0,,,9,3.079983266062264,29.204485596773697,5.604050972576503,1,505.3533876356448,141.6544112156107,0.6362169399314843,0.8953255873431815,329
178.3,UrbanCanyon,505.6540717046135,142.43124200551063,0.6143558967019409,2.618386862805966,2.6239201233820117,0.005368562380539,0,,,9,2.797434987204229,30.07980890566758,4.606395950374651,1,505.5212653326709,141.9987558588562,0.577333265040187,0.7614035312913339,362
178.4,UrbanCanyon,505.8682399170437,142.5823210601466,0.6143558967019409,2.620933115614149,2.5749428077044403,-0.0133099554142386,1,509.00497102371975,138.4993829772584,7,2.481996701268628,26.97103676139517,3.919739420500126,1,505.9071661420094,143.08611100467664,0.625195138991141,0.7625654225533216,336
178.5,UrbanCanyon,506.08261502349046,142.7335460624565,0.6143558967019409,2.623465029073001,2.774320290731021,-0.0020920444097771,0,,,9,2.724482214275161,27.306271869629757,4.6301554584315205,1,505.3455351013615,142.6651186213858,0.611996199780001,0.8599911767828232,330
178.60000000000002,UrbanCanyon,506.2971958307902,142.88491617075596,0.6143558967019409,2.625982340915285,2.635967200067813,0.0096681626365919,0,,,9,3.393668446850896,29.21856999595633,6.81376880531788,1,506.0903874222209,143.41636353030913,0.6571355068056075,0.7115909526126463,315
178.70000000000002,UrbanCanyon,506.5119811245311,143.03643052837174,0.6143558967019409,2.628484791112212,2.6880955694843465,-0.0016904469977842,0,,,8,3.166598098898559,30.45781267277095,5.082077507583761,1,506.1278058264313,142.8136910052106,0.6030999384132505,0.804721377167747,344
178.8,UrbanCanyon,506.7269696692387,143.18808826377247,0.6143558967019409,2.6309721219045508,2.633352159660582,0.000433262284558,1,502.3305384298252,146.3357718131448,7,5.949358429311788,21.74036032611821,11.805275501869591,1,507.6859234877194,143.6474385904439,0.5620030432864369,0.6992940088393688,352
178.9,UrbanCanyon,506.942160208564,143.33988849070138,0.6143558967019409,2.6334440778334693,2.63518445419641,0.0039632738094685,0,,,7,3.402085740225527,29.54042827681732,4.587542845543769,1,506.5420805993241,143.07719876318353,0.5751611031885075,0.7452438624552533,326
179.0,UrbanCanyon,507.1575514654735,143.4918303083105,0.6143558967019409,2.635900405771083,2.6326000034173016,-0.0090651454944457,1,505.72124076266886,137.66936927232825,8,3.27190511212916,27.782408612738948,4.534172189397612,1,506.7781522880378,143.49379808658608,0.5989488867326442,0.840448627085763,322
179.10000000000002,UrbanCanyon,507.3731421424427,143.64391280129695,0.6143558967019409,2.6383408549507243,2.570546227369365,0.0003716488785583,0,,,6,3.3199982966384054,29.049114513441737,4.501418393988329,1,507.9634797646561,143.14953425332467,0.5947688397314965,0.8645874420088804,345
179.20000000000002,UrbanCanyon,507.5889309216511,143.7961350400406,0.6143558967019409,2.6407651769969225,2.656354947950738,0.0003282393941777,1,509.2093642839242,144.45049775255944,7,2.919199409282098,30.73480866191124,4.0439947585912295,1,508.1530890977795,144.3024684814037,0.6167923208333281,0.7008336046925062,401
179.3,UrbanCanyon,507.8049164651802,143.9484960807438,0.6143558967019409,2.6431731259550864,2.644471575572348,0.0098140682533665,0,,,7,3.0371366632816104,28.845790033823988,5.272668524194223,1,508.2268241331897,143.95543828766023,0.6189162267384001,0.7910921824716445,307
179.4,UrbanCanyon,508.0210974152136,144.10099496557245,0.6143558967019409,2.6455644583208944,2.739398947680627,-0.0064003781177252,1,507.982031998209,151.74986828849234,8,3.2115570586733133,28.69788628017028,4.314553493134555,1,508.3539448290777,143.836263400526,0.6463250109863976,0.72235647401295,324
179.5,UrbanCanyon,508.23747239423966,144.25363072279896,0.6143558967019409,2.6479389330693834,2.59796291488432,-0.0019470234047026,0,,,5,2.645248631164092,27.76291907803162,4.993289550229426,1,509.1165491454527,144.52994688847826,0.6032357766317,0.809103347162615,381
179.60000000000002,UrbanCanyon,508.45404000525656,144.40640236694696,0.6143558967019409,2.650296311683733,2.6372851593403355,-0.0047632187395518,1,508.2104758432709,143.59853302951151,8,3.1792442452718923,28.167281293316744,5.6933628738136255,1,509.0748477041431,144.22033494026402,0.6165112496123668,0.6719458323244598,309
179.70000000000002,UrbanCanyon,508.67079883197937,144.55930889893736,0.6143558967019409,2.652636358183744,2.6238415012982204,-0.0053030788941232,0,,,8,3.0518177996712827,31.237667217098902,5.45048712719379,1,508.6077136755853,144.40169658686784,0.6558631236263168,0.8059143637906726,323
179.8,UrbanCanyon,508.8877474390498,144.71234930623623,0.6143558967019409,2.654958839154003,2.7657434866127875,0.0061029423435623,1,515.2648123649393,152.61646167798008,9,2.960060503998672,28.36503270864825,5.483240089729222,1,508.2589287462678,144.09680783932637,0.6328630252134806,0.7650992158322354,335
179.9,UrbanCanyon,509.104884372248,144.86552256300433,0.6143558967019409,2.6572635237717392,2.6283555678167856,0.000319086251444,0,,,9,3.3993574695274367,29.694849742361168,5.007823021846547,1,509.1624308483331,144.89418467759438,0.6041593245159183,0.7599997103251246,328
180.0,UrbanCanyon,509.3222081587067,145.01882763024807,0.6143558967019409,2.6595501838343583,2.7128785564114137,-0.002681030014367,1,520.1059558699283,140.57173110699858,7,4.596735494807877,21.62363933438449,13.08562197761501,1,509.5368968212905,145.4552741233467,0.6255332157906435,0.7329212103972582,332
180.10000000000002,UrbanCanyon,509.5397173071273,145.1722634559721,0.6143558967019409,2.661818593786657,2.741457203359778,-0.0023995802656114,0,,,9,3.321839968891334,28.504630268976307,6.904311033223893,1,509.87199790645866,144.66984859006922,0.6638913206111496,0.7295337329072307,323
180.2,UrbanCanyon,509.7574103079989,145.32582897533348,0.6143558967019409,2.664068530747715,2.673843885921273,-0.0025869194922378,1,515.6929113917565,146.34810685315242,7,3.6915289865623455,28.79624096977044,3.5760367395682344,1,509.2909814522906,145.22510821533518,0.6080986346375017,0.8481023151523432,339
180.3,UrbanCanyon,509.9752856338184,145.47952311079743,0.6143558967019409,2.6662997745374586,2.6022814017269527,-0.0020912831045708,0,,,9,2.5942364114564214,30.640449924619077,4.553935091779898,1,510.1259644230582,145.40411284847474,0.6282819404547153,0.7615478918993697,346
180.4,UrbanCanyon,510.193341739314,145.63334477229444,0.6143558967019409,2.668512107702893,2.601864657704556,-0.0061806091758003,1,504.9983190463352,127.33297833418052,4,5.119212631264897,24.043197098214684,11.009298636049474,1,510.5609256976367,145.96194476422426,0.5996574428299546,0.796728055692404,343
180.5,UrbanCanyon,510.4115770616693,145.787292857379,0.6143558967019409,2.670705315544006,2.7389899655542806,-0.0009169317907427,0,,,7,2.8653487677124,31.555185870439388,4.317459885411353,1,510.0182818679485,145.90247888515597,0.6134699177031022,0.7146712551185113,339
180.6,UrbanCanyon,510.6299900207513,145.94136625138984,0.6143558967019409,2.672879186139324,2.6151490824785526,-0.0014706252857939,1,522.4543347160497,142.89856097276666,10,3.197586817269636,26.826526366125165,4.412979782713881,1,510.694101849331,145.96829520146966,0.6031324511645688,0.8634519583482286,325
180.7,UrbanCanyon,510.8485790193389,146.09556382761133,0.6143558967019409,2.675033510371142,2.715212236643457,-0.0035746353446122,0,,,9,2.872526490983533,28.03949395506082,5.317656590215724,1,511.1159614163124,145.51039415874834,0.5897815616817783,0.8080368170921163,303
180.8,UrbanCanyon,511.067342443354,146.24988444743676,0.6143558967019409,2.6771680819504,2.6968974167769315,0.0012342939195622,0,,,8,3.556305064306823,27.063898287026408,4.5493198306514335,1,510.4193272484128,146.33901304455378,0.607204539501593,0.8205521054956433,299
180.9,UrbanCanyon,511.2862786620952,146.4043269605327,0.6143558967019409,2.679282697441218,2.7170978800243546,0.0016532055241803,0,,,7,3.2776151149378974,27.561454245783032,6.2015147634322,1,511.0399070481752,146.7801871371924,0.6104830682610625,0.8521341732303606,291
181.0,UrbanCanyon,511.5053860284723,146.5588902050049,0.6143558967019409,2.681377156285084,2.7254799481445797,-0.002527514260387,1,509.87892167272,142.65766482939145,8,3.0120750527379805,26.007373962708307,5.658006971340467,1,511.6988685581629,146.0771024059205,0.6280217632655147,0.915873772243435,327
181.1,UrbanCanyon,511.7246628792437,146.7135730075655,0.6143558967019409,2.6834512608246834,2.64381622655557,-0.0003902816564002,0,,,7,2.8719644722567885,28.34324890636963,6.167420401724187,1,512.6130762409566,147.05518941928912,0.6116930440559374,0.7316456884627581,326
181.2,UrbanCanyon,511.94410753525534,146.86837418370155,0.6143558967019409,2.685504816327382,2.641509562006303,0.0117029259315509,1,512.9023814038148,146.82786139284477,7,2.831274399693415,30.939865652421243,6.505956963884051,1,512.1090728700642,146.29795242977866,0.629342659058846,0.8551045498283036,372
181.3,UrbanCanyon,512.1637183016816,147.0232925378451,0.6143558967019409,2.687537631008345,2.744769272121826,0.011572745228141,0,,,6,2.2985908612665247,27.68730891555953,6.143517282915561,1,511.7627081478406,147.2324762328736,0.6601061906938948,0.688890754832788,357
181.4,UrbanCanyon,512.3834934682678,147.17832686354427,0.6143558967019409,2.689549516053299,2.666145792351144,-0.0050822872676664,1,504.78574563825407,142.75408276374796,8,2.986529765794324,28.346460291841897,3.9319972265496417,1,512.4122094448768,147.077669242585,0.6049834312544791,0.8205148735696082,319
181.5,UrbanCanyon,512.6034313095753,147.33347594363588,0.6143558967019409,2.691540285640932,2.543270426040544,-0.0043299749531416,0,,,9,2.953472790244591,28.77090607761381,4.935566656966915,1,513.3321003755997,146.8917963639974,0.6152498072299988,0.7398458071650876,381
181.6,UrbanCanyon,512.8235300852273,147.4887385504192,0.6143558967019409,2.6935097569649216,2.7505441752356683,-0.0050483175967464,1,515.3286662915737,142.07542291501676,10,3.0374153189011723,28.559782942112463,5.9501339676057485,1,512.8562131001398,147.4839451202932,0.6121338694836624,0.7675666010397378,334
181.7,UrbanCanyon,513.0437880401572,147.64411344583093,0.6143558967019409,2.695457750255604,2.6499950352795123,0.0060279870889079,0,,,8,2.7301886615466624,30.90517501055759,4.932130009148042,1,512.5281617567674,148.0918842989383,0.5712361478657821,0.7731186119941973,373
181.8,UrbanCanyon,513.2642034048587,147.79959938162165,0.6143558967019409,2.697384088801263,2.741698739309097,-0.0016394710161384,1,519.3922071450626,139.7090141337775,2,5.790383686467525,21.66534354350157,10.581402364061898,1,513.3276690629328,147.15530343790826,0.6725133079712129,0.7600185106052437,313
181.9,UrbanCanyon,513.4847743956368,147.95519509953309,0.6143558967019409,2.6992885989690523,2.7985357949721053,0.0017479089178933,0,,,7,2.667401712672152,28.90822613811519,4.373510608560967,1,512.9169784370655,147.47159791000783,0.6381637379969396,0.8482229479128993,363
182.0,UrbanCanyon,513.7054992148619,148.1108993314769,0.6143558967019409,2.7011711102255376,2.7182510294876567,0.0109011016599199,1,520.9441700483574,145.6203542917106,8,3.037228318858013,29.7911891388767,4.878630203080461,1,513.1028662480159,148.38403525515614,0.656882797566821,0.6991697044280982,368
182.1,UrbanCanyon,513.926376051224,148.26671079971447,0.6143558967019409,2.70303145515686,2.775659527200612,0.0004474332556443,0,,,8,2.924120977077201,26.49611672567054,6.801346824829607,1,514.368070555672,148.49143237493922,0.6204961749538906,0.7866506950389437,365
182.2,UrbanCanyon,514.1474030799895,148.4226282170379,0.6143558967019409,2.704869469488522,2.7267344038334045,0.0041765331173407,0,,,9,2.6179864928246674,29.631311847899944,5.168990262469542,1,514.0847103287285,148.45905997600582,0.5814929692675972,0.7457887143229688,425
182.3,UrbanCanyon,514.3685784632594,148.57865028695198,0.6143558967019409,2.706684992104785,2.8139566564086067,0.0031510151131658,0,,,9,3.3428617443839546,25.64648390776534,4.368338342848927,1,514.8441188391362,148.3444167939539,0.6290008564956802,0.7280206275589411,356
182.4,UrbanCanyon,514.5899003502287,148.73477570385754,0.6143558967019409,2.7084778650676866,2.6595634039335594,-0.0026683727421419,1,514.8183936854443,146.9411301211378,8,3.341811416387672,28.305443804170043,6.31350435253765,1,514.4345316552002,148.365951012704,0.581018618250619,0.7080759936541478,309
182.5,UrbanCanyon,514.8113668774481,148.89100315323552,0.6143558967019409,2.7102479336356646,2.727227743430495,0.0059582639009452,0,,,8,3.449715324260016,28.88808137619045,5.020013363231409,1,514.7635016094852,148.733923796539,0.6172493720061869,0.8398229507294909,397
182.6,UrbanCanyon,515.032976169086,149.04733131183244,0.6143558967019409,2.711995046281793,2.772629151610139,-0.004028381674482,1,518.3639676403857,148.94284853130952,9,3.019127708341529,28.579219711926424,5.0953977084325,1,514.7805004998173,149.32114561007057,0.6142514267248282,0.7284040786663752,352
182.7,UrbanCanyon,515.2547263371933,149.2037588478466,0.6143558967019409,2.7137190547116283,2.724144001597492,0.0074604953143746,0,,,9,2.8725991587256043,29.707783739684164,4.824761005825609,1,515.4342199713893,149.20320241096556,0.6737041888382547,0.675117010715102,324
182.8,UrbanCanyon,515.4766154819685,149.36028442111544,0.6143558967019409,2.715419813880654,2.807539939857252,-0.0026197295009115,1,520.1581386831256,143.5162701903069,8,2.6547523522085403,26.88498044008177,5.51888826722685,1,514.4700673785371,149.08857096221553,0.6246283889085755,0.8053224863977624,238
182.9,UrbanCanyon,515.6986416920246,149.51690668330394,0.6143558967019409,2.7170971820113343,2.713581159455007,-0.0019805276014888,0,,,9,3.1591588764788114,29.31126743789574,4.211501511773334,1,515.6040006916252,149.68781083291404,0.5729557354108352,0.7044373641866278,280
183.0,UrbanCanyon,515.9208030446581,149.67362427809385,0.6143558967019409,2.7187510206097687,2.863393733802558,-0.0051780972320314,1,514.2486612860291,144.92677769059722,9,2.398272317922715,26.99069537004088,5.089740012938727,1,515.9242999674979,149.49487912406084,0.6273017249842399,0.7418581619220755,353
183.1,UrbanCanyon,516.1430976061179,149.8304358413738,0.6143558967019409,2.7203811944819427,2.8681208583632736,-0.0043051938643629,0,,,7,2.902763972979055,30.602404683953687,5.78663569849749,1,516.3331483395366,149.9321033494067,0.6107399330659109,0.7033096703029289,320
183.2,UrbanCanyon,516.3655234318766,149.98734000143068,0.6143558967019409,2.7219875717495765,2.758358720788297,-0.0016903973878835,1,514.5497514945598,151.35080019800867,9,2.5701378268427884,27.99984507338677,5.318175125164133,1,515.7948609247454,150.16752440721345,0.6211398585190535,0.8747576189697156,320
183.3,UrbanCanyon,516.5880785669026,150.1443353791414,0.6143558967019409,2.723570023865571,2.7757380046351985,-0.0122426847320638,0,,,9,3.07766594548583,29.004069185069543,5.332006961903466,1,516.3500856499337,150.52498104867195,0.6285703989824487,0.7138488132728151,266
183.4,UrbanCanyon,516.8107610459336,150.30142058816594,0.6143558967019409,2.7251284256290447,2.8155646667376453,-0.0007732913642719,1,516.8573353039326,150.64463753576507,7,2.843473574870087,32.01616448844506,5.46659348604401,1,516.477920066028,149.81316369520664,0.5884607850570078,0.6810709766153201,308
183.5,UrbanCanyon,517.0335688937514,150.458594235141,0.6143558967019409,2.7266626551999646,2.670803314933292,-0.0022074320569791,0,,,8,3.03107880328948,28.709412422650832,4.412795827744978,1,517.583623516328,151.10647574151292,0.613398015249647,0.7174879605566699,333
183.6,UrbanCanyon,517.2565001254571,150.61585491987455,0.6143558967019409,2.728172594113364,2.6657240010757484,0.0046062838693323,1,514.7117941668293,147.94153492921677,7,2.7437064012472634,30.711836364300886,6.361853443449884,1,517.0418985819867,150.04732782088885,0.597883525320853,0.8045924134252624,303
183.7,UrbanCanyon,517.4795527467488,150.77320123554128,0.6143558967019409,2.729658127293151,2.822367654336515,0.0026161177230967,0,,,8,3.013902046462915,29.966648858035143,5.338397156533094,1,513.5927697321138,149.92541759857994,0.7426129606309231,0.2755390125366281,158
183.8,UrbanCanyon,517.7027247541989,150.93063176887856,0.6143558967019409,2.7311191430655017,2.7620741878329134,-0.0032356990665173,1,515.0695653681266,148.4311349583438,10,3.416317453563725,28.514351044142256,5.210328071104905,1,516.967465054659,150.5219900739449,0.6320109027857632,0.732751640436649,343
183.9,UrbanCanyon,517.9260141355338,151.08814510038343,0.6143558967019409,2.73255553317184,2.7313139586059547,-0.0019111008927745,0,,,9,2.3285594461570227,28.119881547694902,6.053661750183127,1,517.7021615103363,151.06669921729784,0.5884868361799751,0.8138488282283797,296
184.0,UrbanCanyon,518.1494188699136,151.24573980451012,0.6143558967019409,2.7339671927813987,2.745547712202874,-0.0007367905352414,1,524.9883216644016,137.64428299743278,7,4.677975768918116,19.775611130990416,11.076800178043742,1,518.6072913917608,151.34434532245754,0.6078886137861685,0.696976092386836,315
184.1,UrbanCanyon,518.3729369282131,151.40341444986842,0.6143558967019409,2.735354020503362,2.601783579399334,0.0082907351177284,0,,,7,3.1662082004366345,28.525446988835068,5.739987519139612,1,519.3608435210241,151.62809500969468,0.5952867894929823,0.7501427530547454,315
184.2,UrbanCanyon,518.5965662733043,151.56116759942253,0.6143558967019409,2.736715918398594,2.735099814767434,-0.0038119612806785,1,519.9532444250638,155.26574768773685,8,5.13866875746092,22.245508556976443,10.132316622622934,1,518.8434420221779,151.67675336581337,0.612707852128239,0.8123155780313102,305
184.3,UrbanCanyon,518.8203048603391,151.71899781069078,0.6143558967019409,2.738052791990934,2.700538190460058,-0.0032666822201604,0,,,7,3.1495528465831284,28.33996732264057,4.67428991181262,1,518.8900457031949,151.10668778664868,0.6374166173468501,0.6892277136986105,348
184.4,UrbanCanyon,519.0441506370331,151.87690363594578,0.6143558967019409,2.7393645502780832,2.7996532725035164,-0.0053933590389722,1,521.5700789109897,150.5107353267809,7,3.16993151104523,28.13592096179652,4.553234264597259,1,518.4049608391655,151.66741408305066,0.6126492352038952,0.6999463130853756,343
184.5,UrbanCanyon,519.2681015439505,152.03488362241538,0.6143558967019409,2.7406511057420597,2.81078432435066,-0.0071979487695279,0,,,7,3.162435095160564,28.828217426740437,4.69191617408889,1,518.70616123758,152.30681580700485,0.6179790439951556,0.6509809706328071,375
184.6,UrbanCanyon,519.4921555147895,152.19293631248402,0.6143558967019409,2.7419123743592264,2.788329099226841,0.0021653467710128,1,517.3119220972335,153.9069074446378,6,3.209205185468755,29.792663787626523,4.0018217663602025,1,519.0731071587172,152.55371085360164,0.619198231662478,0.723981123273277,366
184.7,UrbanCanyon,519.7163104766687,152.3510602438947,0.6143558967019409,2.7431482756099017,2.7747551205495644,0.0015730066521758,0,,,6,3.0078038837300927,29.070289383558716,4.04189887112999,1,520.5299597197222,151.84071197082017,0.6560868444771546,0.8476891669224438,368
184.8,UrbanCanyon,519.9405643504141,152.50925394995153,0.6143558967019409,2.744358732487532,2.6649234426581767,0.0071985437479546,1,525.7586936844353,154.56858260607007,10,2.773535988088862,30.554490625231747,5.354554399592875,1,519.7384008186418,152.6939358581527,0.6545341651725569,0.7338078631866881,356
184.9,UrbanCanyon,520.164915050847,152.66751595972275,0.6143558967019409,2.7455436715074435,2.78993723962932,0.0059280768768935,0,,,8,2.893525547920897,27.95257948714442,5.667193960650709,1,519.5014241516291,152.06068106439596,0.6381008978792231,0.8370772327077629,371
185.0,UrbanCanyon,520.3897329172429,152.82531552214016,0.6119997022117487,2.74670302271516,2.791253015334324,-0.0105791719227915,1,521.6723075718644,155.8955606500315,9,3.835731504347143,28.037056957048293,6.103810589199197,1,520.6540938812673,152.23967084368638,0.5822863600210151,0.7578857182491238,360
185.1,UrbanCanyon,520.6150149120942,152.98264984508597,0.6096435077215565,2.747836719694294,2.829199516083176,-0.0235492258432374,0,,,8,2.878633954930006,28.74148341519753,4.658696890750629,1,521.001270773963,152.90331848563977,0.6296538941813838,0.8151377611032918,348
185.2,UrbanCanyon,520.8407579787221,153.1395161495705,0.6072873132313643,2.748944699574001,2.8811732321372,-0.0245546262859169,1,523.173076459602,158.11186864965472,6,3.255562049448799,29.27545120434025,5.151705535778056,1,520.8301897492961,152.56420889648996,0.6320169014724564,0.6947226915180289,347
185.3,UrbanCanyon,521.0669590416082,153.29591167004145,0.6049311187411721,2.7500269030360065,2.6546282471476785,-0.0300073115145326,0,,,8,3.1835434415992263,30.82189770704936,3.7481778477660295,1,520.9300110013772,152.7453030124063,0.5965656237088361,0.8411325294052705,302
185.4,UrbanCanyon,521.2936150067311,153.45183365469,0.6025749242509799,2.751083274321197,2.7335417304516554,-0.0195319553979091,0,,,9,3.4812438407766133,31.93124012040372,5.41112601988499,1,520.9425359202023,153.33851886536314,0.5923212949599299,0.8112373243090143,333
185.5,UrbanCanyon,521.520722761904,153.60727936575393,0.6002187297607877,2.752113761235776,2.713031914129064,-0.0225690646353498,0,,,9,3.2091456238656413,29.39377117909317,5.381256906370374,1,521.1710737694006,153.55132261233615,0.5992201419850072,0.72744801826185,355
185.6,UrbanCanyon,521.7482791771179,153.76224607981715,0.5978625352705955,2.7531183151569865,2.769836527538365,-0.0197571060413171,1,519.8777038351146,152.44931342852007,9,2.373821789832573,27.898895892991412,4.295545008754804,1,521.5892515838,153.53912908890808,0.5851500938108334,0.7649900371812952,271
185.7,UrbanCanyon,521.9762811048864,153.91673108810625,0.5955063407804033,2.7540968910384023,2.7609427977053502,-0.0291295447954621,0,,,8,2.6778623947256897,29.3305229439588,4.526245573955551,1,522.0652482680342,153.72161594341213,0.599679821676069,0.855071845272389,335
185.8,UrbanCanyon,522.204725380595,154.07073169678344,0.5931501462902111,2.755049447414772,2.7454525287684928,-0.0213549462892705,1,519.544244661307,153.04058335910537,8,2.8123587612665126,29.857221399846825,6.291306611061183,1,521.4718141392939,153.42843764591657,0.6277583371220063,0.8257018956561133,365
185.9,UrbanCanyon,522.4336088228525,154.22424522723625,0.5907939518000189,2.755975946406438,2.823596268804279,-0.0221067194296513,0,,,7,2.680382075964593,28.916196845146334,4.470684515336185,1,521.5678073025155,154.274369713964,0.5831522922299914,0.8067104100668697,303
186.0,UrbanCanyon,522.6629282338457,154.37726901636367,0.5884377573098267,2.756876353723311,2.6976363383394992,-0.0224441142896172,1,527.1389777461354,148.09201246375306,6,3.032051852872388,30.1433490981354,5.984049316004438,1,521.7879555088648,154.81108053258376,0.5475266285573506,0.7514975536618372,301
186.1,UrbanCanyon,522.8926803996978,154.52980041685882,0.5860815628196345,2.7577506386684103,2.7021863702770834,-0.0267261423143211,0,,,7,2.976473183680638,27.87361794424139,3.854719882002348,1,523.6122859873374,154.47844051100986,0.5837546833844547,0.8285189127641904,348
186.2,UrbanCanyon,523.1228620908291,154.6818367974882,0.5837253683294423,2.7585987741409626,2.705883979951094,-0.0168902999784206,1,526.3322858961776,147.1329931968276,9,2.8126199095523554,28.25057436194288,5.421739410174461,1,523.3704820799011,155.68793150479362,0.5484881202998553,0.7800835676541585,228
186.3,UrbanCanyon,523.3534700623205,154.83337554336708,0.5813691738392501,2.759420736639067,2.7462945540272496,-0.0123346774281822,0,,,7,3.069396114663945,27.90991223691602,5.6679564227366495,1,522.6636434902236,155.17108474555505,0.593612549452815,0.7650905707703567,349
186.4,UrbanCanyon,523.5845010542806,154.98441405623157,0.5790129793490579,2.760216506261916,2.6954090199412435,-0.0288627202051788,1,524.7101809902671,151.0890883859908,7,3.314555978892244,27.952186755254136,5.29909322365879,1,523.436781760044,155.17745147122844,0.5477036669517901,0.6679066504862783,326
186.5,UrbanCanyon,523.815951792215,155.13494975470675,0.5766567848588657,2.760986066711581,2.7674993401661627,-0.0192691404067418,0,,,8,2.8070955074695645,32.15486371506686,4.508822916463279,1,523.4060352766005,155.40214711709484,0.5781293711391546,0.8483563948433794,309
186.6,UrbanCanyon,524.0478189873979,155.28498007457125,0.5743005903686735,2.7617294052943584,2.7597089146046305,-0.0380863237933311,1,522.4315687227737,151.70289421555665,8,2.621706656066688,29.049425199112594,5.935879508540553,1,524.3688266838388,155.56009153782009,0.5695932181731349,0.8180044750295149,305
186.7,UrbanCanyon,524.280099337248,155.43450246901787,0.5719443958784813,2.76244651292167,2.728815571254724,-0.0195312729630203,0,,,8,3.1160466749902804,29.808148243514957,5.159164609635425,1,523.2837617124952,155.29863868521312,0.5781276440179921,0.7471978941254734,324
186.8,UrbanCanyon,524.5127895257048,155.5835144089107,0.5695882013882891,2.763137384110536,2.829197514131892,-0.0328408483249115,1,529.1076759781376,150.9335197062807,9,3.59161553110699,28.61324475836861,6.721534173570371,1,523.9210979466136,155.3680888332483,0.6300994771829296,0.6236634376920234,335
186.9,UrbanCanyon,524.7458862236092,155.73201338303804,0.5672320068980969,2.763802016983596,2.7728219294873617,-0.0257445792062494,0,,,6,2.6250060232011228,28.91854595123572,6.723593159199793,1,524.9409304024992,155.47287048916343,0.5461954466101036,0.7568968678200482,281
187.0,UrbanCanyon,524.9793860890858,155.87999689836167,0.5648758124079047,2.764440413268696,2.8393803075551145,-0.0298885183595695,1,521.4897135485685,152.12661976542316,7,3.062142774580369,29.15862634600343,5.889383445266959,1,524.9523286694082,154.90830254069482,0.5778614795229964,0.8739970464622797,308
187.1,UrbanCanyon,525.2132857679276,156.0274624802621,0.5625196179177125,2.765052578298038,2.7612997487605973,-0.0241700189082039,0,,,8,3.277498002693034,26.198562754233635,4.7782071706260085,1,525.2384679431814,156.5288610759815,0.559752555794069,0.7830631918334356,316
187.2,UrbanCanyon,525.4475818939832,156.17440767277986,0.5601634234275203,2.765638521006885,2.7686804386542483,-0.018628153811971,1,530.5879090573055,160.08668210640946,9,2.9836554488598663,29.17931411238572,5.061377652950191,1,525.500447027093,155.81666561545654,0.5930347658349566,0.7194806001505116,349
187.3,UrbanCanyon,525.6822710895465,156.32083003885282,0.5578072289373281,2.76619825393183,2.74250184698114,-0.0327588201139241,0,,,6,3.1656802193635083,25.357341108481712,4.812373414769215,1,525.5195356449298,155.42921653893703,0.5267796185658531,0.773677618096853,322
187.4,UrbanCanyon,525.917349965748,156.46672716054934,0.555451034447136,2.766731793208624,2.772995669554076,-0.0248858219326225,1,528.7829461589649,156.71302148547704,7,3.271058021138197,28.27866038264055,4.787906179280915,1,525.3098009091182,156.06334647024426,0.5310626353562027,0.7676166613960418,346
187.5,UrbanCanyon,526.152815122949,156.6120966392975,0.5530948399569438,2.7672391585695677,2.815172422453323,-0.0256473442119356,0,,,8,3.623196143734447,29.317857943833868,4.937399091456661,1,526.0450439999888,156.57290829434208,0.5501284480341821,0.8425220990304978,364
187.6,UrbanCanyon,526.3886631511373,156.75693609611014,0.5507386454667516,2.767720373340461,2.747649649896917,-0.0147042597883806,1,516.2280158631626,150.13658659669088,6,5.230202135189368,20.679045343861212,8.36211310392795,1,526.041731229525,156.12475346613422,0.5258261107818556,0.6911272483234199,366
187.7,UrbanCanyon,526.6248906303249,156.9012431718057,0.5483824509765594,2.76817546443712,2.803510550917919,-0.0206966232563113,0,,,8,2.441267948059103,27.38400262530196,4.938258293689251,1,526.9940559597893,156.79246469235903,0.5484233288934846,0.7876787853184875,395
187.8,UrbanCanyon,526.8614941309484,157.04501552722496,0.5460262564863672,2.768604462361448,2.723594020322268,-0.029139761213829,1,531.9199330289221,149.96447127285154,6,2.847150449927497,29.04387206132463,5.232954121220059,1,526.3916048840299,157.753569157245,0.4904122924031973,0.7709757938230152,334
187.9,UrbanCanyon,527.0984702142704,157.18825084344346,0.543670061996175,2.769007401197078,2.8178883756678994,-0.0254891266979774,0,,,8,3.16275577547259,27.55576249848308,4.829055259543432,1,526.7715233751451,157.40052945320602,0.5337985982867419,0.8197760594487252,350
188.0,UrbanCanyon,527.3358154327832,157.33094682197978,0.5413138675059828,2.7693843186045712,2.738705283007235,-0.0149371419040858,1,534.5167217248437,155.57015420146882,8,3.857031847325608,30.028766340467808,6.117616731504247,1,527.1628067605549,157.95573729185975,0.5471889856140879,0.7015010546778289,279
188.1,UrbanCanyon,527.5735263306141,157.47310118499945,0.5389576730157906,2.769735255816185,2.824042542772369,-0.0193189231675252,0,,,8,3.0219336448254124,27.753724427840293,4.330325522643523,1,527.2024500843967,157.44054697025936,0.5196831083564661,0.9083636320446282,278
188.2,UrbanCanyon,527.8115994439324,157.61471167551454,0.5366014785255984,2.7700602576302025,2.7775154088317167,-0.0278475895378247,1,523.0852990116676,157.33569862471413,7,2.982150940642396,28.79816732862709,6.729847811856953,1,527.9818247714575,157.92260513813906,0.5335414368462494,0.7885450424411261,358
188.3,UrbanCanyon,528.0500313013582,157.75577605757903,0.5342452840354062,2.770359372404828,2.865264080925072,-0.0243983210250128,0,,,10,3.1587222518742117,26.48877053596417,5.799322659456387,1,528.3206035433756,157.38695645646357,0.559504824769534,0.7977316357358227,238
188.4,UrbanCanyon,528.288818424372,157.89629211647954,0.531889089545214,2.7706326520516464,2.706867233964129,-0.024216522323427,1,528.0481976534725,152.31981295647407,6,3.090032808032469,30.158660770507996,5.593597615999384,1,527.7034594251485,157.46490909450372,0.5528280055835211,0.7124810236826338,393
188.5,UrbanCanyon,528.5279573277271,158.03625765892195,0.5295328950550218,2.7708801520286546,2.689615889444866,-0.0257773186633543,0,,,9,2.9310255401321816,33.06103568156796,4.987470657982213,1,528.7014380541578,158.25081779370493,0.5393846282305605,0.7317159840560534,311
188.6,UrbanCanyon,528.767444519862,158.17567051321345,0.5271767005648296,2.7711019313328538,2.7405197816434748,-0.0319632156981502,1,525.2169906797302,151.34287140939958,7,2.704018474421407,29.8087074255561,5.699418009069754,1,528.3379928113989,158.81687464933964,0.5485061185207383,0.7394086375714488,314
188.7,UrbanCanyon,529.0072765033152,158.31452852944005,0.5248205060746374,2.771298052492416,2.695421050505852,-0.02653862944054,0,,,9,2.8085315464446223,28.825365069300915,5.572615029851655,1,529.1674885483213,158.14025575597034,0.5168404096227905,0.7356442420070425,306
188.8,UrbanCanyon,529.2474497751406,158.45282957963977,0.5224643115844452,2.771468581558416,2.697849088496014,-0.0157506063265835,1,526.3424629573461,151.67743791472648,8,3.326257127280595,28.58987107371416,5.74162413865829,1,528.9798260610415,159.07689327269978,0.5193780647738131,0.8004841243160109,332
188.9,UrbanCanyon,529.4879608273244,158.59057155797117,0.520108117094253,2.771613588096137,2.816391649205453,-0.0250051262185101,0,,,9,3.084716240523363,28.394499025172163,5.665559050911631,1,528.6995902936454,159.1169743268199,0.5150295431936978,0.755166515894812,343
189.0,UrbanCanyon,529.728806147203,158.7277523808774,0.5177519226040608,2.7717331451759444,2.778787673997793,-0.0236170235669778,1,519.5859723821385,151.13126004222528,5,4.7944853604743205,21.46970168028582,10.438451662397728,1,530.4748627246468,159.2500111350919,0.5187615822069107,0.8059105375500726,344
189.1,UrbanCanyon,529.9699822178821,158.8643699872459,0.5153957281138686,2.7718273293637345,2.751065417233463,-0.0224062311259682,0,,,8,2.896130091859298,30.589501922244896,5.164387514368233,1,529.6590323590082,158.68898532303552,0.4900543047857852,0.8160645917308851,325
189.2,UrbanCanyon,530.2114855186567,159.00042233856306,0.5130395336236764,2.771896220710958,2.754766803508509,-0.0114815177741741,1,536.7110704980796,157.70361812955937,7,2.687918855844881,30.237369444440148,5.29122740124873,1,529.8769099366468,158.88373062020807,0.4994951850149016,0.7661001736560045,402
189.3,UrbanCanyon,530.4533125254317,159.13590741906464,0.5106833391334842,2.7719399027442138,2.745813297862945,-0.0230925777077428,0,,,7,2.7987297030563165,31.6586850800628,5.8157767566137055,1,530.0074705375796,159.23904899380292,0.486273470058542,0.7469176334742199,317
189.4,UrbanCanyon,530.6954597111439,159.27082323588152,0.508327144643292,2.7719584624544256,2.8799809461521635,-0.0174105194164143,1,532.5729118641134,152.5793031587323,9,2.7836138783472317,28.142163379970427,5.648639120689953,1,530.6340345823149,159.11815588651746,0.5301115173710911,0.81355677723361,329
189.5,UrbanCanyon,530.9379235461847,159.40516781918066,0.5059709501530998,2.77195199028559,2.740339433642623,-0.0262885194040815,0,,,7,2.875536901192248,27.98722973859385,5.020414971005485,1,530.6138978368556,159.87277134244948,0.5172105657613653,0.7771306587057352,371
189.6,UrbanCanyon,531.1807004988227,159.53893922230154,0.5036147556629076,2.7719205801231075,2.7040939750785804,-0.024461416957951,1,528.1337819013495,153.40511102648557,8,3.189094638328612,30.44049757901899,4.960392726713638,1,531.4544687083694,159.86284162329977,0.4999214970901038,0.8260502947543921,293
189.7,UrbanCanyon,531.4237870356279,159.67213552188784,0.5012585611727154,2.7718643292816925,2.830321709721704,-0.023013187584761,0,,,8,3.081340022543366,32.03491808283351,5.063923107092897,1,531.4185913595052,159.3607872255317,0.4978487905047228,0.7913313576895274,290
189.8,UrbanCanyon,531.6671796218961,159.80475481801446,0.4989023666825232,2.7717833384928645,2.766524586835648,-0.0271392073074657,0,,,8,3.015849395060579,26.739343495552347,4.245029360512607,1,530.7759992850634,165.62603892909698,0.619343730310983,0.2512745286756523,161
189.9,UrbanCanyon,531.9108747220737,159.9367952343098,0.496546172192331,2.7716777118920244,2.8983330923593797,-0.0241903142727802,0,,,8,3.0860132465037684,31.321486412176693,5.215449648720326,1,531.4906846632318,159.720442871696,0.4890240560195114,0.8406684619267596,348
190.0,UrbanCanyon,532.1548688001826,160.06825491807334,0.4941899777021388,2.7715475570051136,2.74596093573036,-0.0184764452569056,1,536.9242684277489,153.29637353371973,7,2.7898771598930985,29.69537708560393,5.368627020357994,1,532.4621235130644,160.18577747152997,0.4677265795326142,0.747524927495233,363
190.1,UrbanCanyon,532.3991583202462,160.1991320403884,0.4918337832119466,2.7713929847348613,2.827469612506793,-0.0273439757697728,0,,,8,2.936835975659009,27.631331581713507,4.56856315446808,1,532.7153552871958,159.5821627151417,0.5042976768000926,0.716555490944619,297
190.2,UrbanCanyon,532.6437397467151,160.32942479623028,0.4894775887217544,2.7712141093466194,2.840995626137687,-0.0231431170665122,1,539.7471896014973,159.99088378099984,3,5.923523762262167,20.948971165020136,10.684242157499511,1,532.9891108560638,160.75158240106293,0.4651374977717131,0.7889536016090007,297
190.3,UrbanCanyon,532.888609544893,160.45913140456946,0.4871213942315622,2.771011048453787,2.746522159504924,-0.0195251346621343,0,,,7,3.306408785346414,28.67292210893121,4.469553895591785,1,532.4695258854691,160.4753027361282,0.5030703920694188,0.6624393026817775,271
190.4,UrbanCanyon,533.133764181363,160.58825010847016,0.48476519974137,2.770783923002827,2.7313024592581,-0.0275480472712409,1,533.9530918425918,156.81301448560103,9,3.293412233434553,29.85916226217156,5.0719836448496185,1,533.1644676318125,160.70006718407737,0.4560908573428608,0.6118952672136582,384
190.5,UrbanCanyon,533.3792001244135,160.71677917518403,0.4824090052511778,2.7705328572578765,2.8198854362999723,-0.017482161024989,0,,,9,3.330674566975611,29.486304735208904,3.95311615839184,1,533.7713956371622,160.86205449378994,0.4759627470433445,0.7650257320358271,322
190.6,UrbanCanyon,533.6249138444648,160.84471689623902,0.4800528107609856,2.770257978784952,2.810132808682351,-0.0228474475408016,0,,,7,2.709735326739656,31.314388767702084,4.984642161998156,1,532.8866567645974,161.32011776832726,0.4587287488990688,0.79488056439538,335
190.7,UrbanCanyon,533.8709018144948,160.9720615875235,0.4776966162707934,2.7699594184357514,2.689623514249572,-0.0241028796474009,0,,,6,3.436590079509431,30.58937406003219,4.6943591105343385,1,533.6346445085479,160.23815842462685,0.4850233886890569,0.7537500679634103,373
190.8,UrbanCanyon,534.1171605104647,161.09881158936557,0.4753404217806012,2.769637310331058,2.7085078551996142,-0.0337791364380025,1,532.7770013742194,155.56743575373358,9,2.8506505462765324,30.78128367509234,4.719474669171281,1,534.0411794575483,159.71292667918132,0.4873019181275682,0.708666229421219,252
190.9,UrbanCanyon,534.3636864117451,161.22496526660734,0.472984227290409,2.769291791843741,2.6235241777321785,-0.0252149243274842,0,,,8,3.2543623255596383,29.04089355604929,5.938563636153546,1,534.905678404493,160.4263587274706,0.4587091466314938,0.7944304725558041,353
191.0,UrbanCanyon,534.6104760015407,161.35052100867472,0.4706280328002168,2.768923003581365,2.8141530119342324,-0.0213241300517127,1,532.3551767940806,147.86650313159416,10,2.8048602603916626,28.88277108383063,6.157114854331444,1,534.6148840263718,161.04631368265876,0.5083961912528561,0.772359546743771,354
191.1,UrbanCanyon,534.8575257673159,161.47547722964205,0.4682718383100246,2.768531089368398,2.7641983342208443,-0.0140887583736607,0,,,8,2.520836776694776,29.107240976487677,4.970124329730991,1,534.6532571801118,162.03767388461736,0.4788293010508724,0.7689155933934242,395
191.2,UrbanCanyon,535.1048322012183,161.59983236829208,0.4659156438198324,2.7681161962280365,2.7695796544979263,-0.0202619275071147,1,540.4033577391282,152.71236183607348,9,3.2791676211041594,29.512856078463997,4.264349081386084,1,534.022231612876,162.81666252362731,0.456600911489518,0.6285908310203498,267
191.3,UrbanCanyon,535.3523918005034,161.72358488817096,0.4635594493296402,2.767678474363631,2.676670242268188,-0.0173481167900828,0,,,9,3.1683579474186936,29.008019701562294,4.825335372586395,1,535.189719297883,161.9507846682244,0.4576765549246113,0.7700257534510015,281
191.4,UrbanCanyon,535.6002010679573,161.8467332776385,0.461203254839448,2.767218077139729,2.713466437373358,-0.0295683981114582,1,540.8541006809904,158.95187076157794,9,3.4640347384362027,30.64872556428489,6.135556338067284,1,535.623394821396,161.67636524790478,0.4347947592607855,0.7429363252232997,313
191.5,UrbanCanyon,535.8482565123196,161.96927604991353,0.4588470603492558,2.76673516106273,2.7506020346389093,-0.023941508919914,0,,,9,2.70979022935533,29.10143796519922,4.702574111979628,1,535.8722131465255,161.76804498007965,0.4618295562544983,0.719625448224066,365
191.6,UrbanCanyon,536.0965546487049,162.0912117431144,0.4564908658590636,2.76622988576116,2.736437055886122,-0.0168114030054635,1,535.3980831815508,163.56685398608343,8,3.289225859712805,28.06892093371131,6.053070509369353,1,536.5657401627637,161.75670425168536,0.4782666204929375,0.7738097993429576,378
191.7,UrbanCanyon,536.345091999024,162.21253892029458,0.4541346713688714,2.76570241396556,2.7829108996492025,-0.0278791405326193,0,,,10,2.827604351601253,30.811957862465047,5.851356950232565,1,536.0194821427169,161.89905359049862,0.4623331606160623,0.7728355443837174,326
191.8,UrbanCanyon,536.5938650924039,162.3332561694735,0.4517784768786792,2.765152911488004,2.813110826963913,-0.0181679096237191,1,542.6170492127374,157.47042562583448,6,2.8067421327592688,26.20851906212426,6.170152484041172,1,536.4037333845514,162.75791551726277,0.4414820532893437,0.7512527798805902,349
191.9,UrbanCanyon,536.8428704656067,162.4533621036624,0.449422282388487,2.7645815472012307,2.9147996899306823,-0.019387659165324,0,,,5,2.8642710874019603,28.16914500098216,5.184085579088809,1,536.7785182130723,162.12052452674277,0.4338849234784079,0.9005182716744774,312
192.0,UrbanCanyon,537.0921046634478,162.5728553608856,0.4470660878982948,2.7639884930174143,2.7761213066638835,-0.0217954418319385,1,531.4292444369388,152.7290999929701,10,3.0375301559370547,28.60195813619873,6.3539716572850296,1,537.3612972455301,163.4080979893635,0.450274737489976,0.7571246135097168,370
192.1,UrbanCanyon,537.3415642392129,162.69173460419643,0.4447098934081026,2.7633739238665505,2.840799773582853,-0.0249586997644873,0,,,7,2.953071351396554,28.599961491751856,5.428982978032218,1,537.1059143895682,163.27923187729593,0.4489502433511663,0.8140896930658756,342
192.2,UrbanCanyon,537.5912457550733,162.80999852168904,0.4423536989179104,2.762738017674486,2.723980898690618,-0.0283379015009232,1,533.2279490247215,160.9619782113273,6,2.6264696331879103,30.80713577350572,4.866753266745183,1,537.6536796960996,163.09405203762444,0.4825803902863352,0.901767686671974,359
192.3,UrbanCanyon,537.8411457825007,162.9276458265045,0.4399975044277182,2.762080955340576,2.672742215968809,-0.0139600625965762,0,,,9,3.638620732353922,31.52087273477442,6.163482282669827,1,538.0853763609595,163.7154846703436,0.4568368855636846,0.6797897257902842,335
192.4,UrbanCanyon,538.0912609026801,163.04467525683287,0.437641309937526,2.761402920714981,2.751179100375925,-0.0198524877385882,1,539.5421250299459,153.65682340894395,10,3.3700283337042496,27.980866934060007,4.632479788119049,1,537.9678815261815,163.68003222934863,0.463706784536718,0.8291150469295767,316
192.5,UrbanCanyon,538.3415877069215,163.16108557591002,0.4352851154473338,2.7607041005756026,2.677433237044352,-0.0214065577159538,0,,,9,2.71624537247431,30.20016852062046,5.0497534480900885,1,538.7153025559683,163.34761079419044,0.4284164705982247,0.7781927376299247,300
192.6,UrbanCanyon,538.59212279707,163.27687557200966,0.4329289209571416,2.759984684604663,2.774576765007168,-0.0253783408062645,1,536.4340377902886,160.0497498891824,9,2.9229842212294166,29.627850173526877,3.7274043966424864,1,538.9980735363189,162.89273262544995,0.4476952752407932,0.8271743586524899,326
192.7,UrbanCanyon,538.8428627859149,163.3920440584306,0.4305727264669494,2.7592448653649293,2.7233531347758126,-0.0230312201362323,0,,,7,2.8302382052363613,29.36306036297096,4.5236757328196,1,538.4426636900778,163.86965214811823,0.4631044081626285,0.8303547737519841,326
192.8,UrbanCanyon,539.093804297596,163.50658987347936,0.4282165319767572,2.7584848382755878,2.6522924472457863,-0.0224330733303098,1,534.873467713796,157.9067765952229,10,3.4248181040877674,28.104034911547156,6.42567844014013,1,538.8044962619559,162.82301802023517,0.4262197779974124,0.8121953925711964,344
192.9,UrbanCanyon,539.3449439680093,163.62051188044776,0.425860337486565,2.757704801587764,2.8705765644728936,-0.0212019587986021,0,,,7,2.9646841010391816,25.894116600703565,3.981555625853681,1,538.8715845048407,163.203750887797,0.451345629374797,0.7685978980901734,301
193.0,UrbanCanyon,539.5962784452105,163.73380896758593,0.4235041429963728,2.756904956359706,2.732501610084257,-0.0194374571992356,1,532.7966599377862,156.6988319055888,8,3.111799659910738,28.254319427927992,5.353361160695109,1,539.4888132876022,164.03405439482842,0.4227349606407902,0.7733762753166371,335
193.1,UrbanCanyon,539.8478043898168,163.8464800480704,0.4211479485061806,2.7560855064316185,2.6632101163286688,-0.0273550969967773,0,,,7,2.904432229625788,30.82873399782621,5.857621557029951,1,540.3090344309743,163.27149005245585,0.4048552574770867,0.9188164018586018,346
193.2,UrbanCanyon,540.0995184754065,163.95852405996754,0.4187917540159884,2.7552466584001585,2.8121243068698094,-0.0308804348961058,1,541.3671471760952,156.18289606391505,6,2.7870141927772734,28.48951187848855,5.713550248783793,1,540.4567785075425,163.20276877572763,0.4037018346153083,0.7220489926490496,317
193.3,UrbanCanyon,540.3514173889168,164.06993996619232,0.4164355595257962,2.7543886215925952,2.710212647605499,-0.0227989161625921,0,,,7,2.939789506848965,28.949656076859227,5.696636237216302,1,539.8162141282995,164.26267540940268,0.4183333154174269,0.9112628229501496,321
193.4,UrbanCanyon,540.60349783104,164.18072675446214,0.414079365035604,2.753511608040637,2.8192994949945747,-0.032331169024146,0,,,6,3.193702426193057,28.60242471025308,4.22289740187034,1,540.7652039343606,163.21838433657285,0.3654458034926158,0.7976072397288194,337
193.5,UrbanCanyon,540.8557565166166,164.2908834372462,0.4117231705454118,2.7526158324539267,2.709618293753312,-0.0248585563668182,0,,,6,2.6189959163076275,27.8672430834341,4.671744393662893,1,541.0371667841281,164.37694092332953,0.4107418008477506,0.7770836358095203,370
193.6,UrbanCanyon,541.1081901750268,164.40040905171006,0.4093669760552196,2.751701512193211,2.720283815353957,-0.0258666072878859,1,534.0536710784577,165.81415787635098,5,3.30352717607174,29.340030346034347,5.312033162672243,1,540.6555552275483,163.70583843207837,0.4020769974261036,0.8371709644700192,338
193.7,UrbanCanyon,541.3607955505804,164.5093026596555,0.4070107815650274,2.750768867243186,2.771509476868961,-0.020668734586916,0,,,7,3.615213232840679,30.163038209633232,4.586146695474627,1,541.0997434818098,164.83837164585944,0.4189719533472864,0.8512526643000122,340
193.8,UrbanCanyon,541.613569402903,164.61756334745584,0.4046545870748352,2.7498181201850214,2.782904316613581,-0.0128492814602426,1,537.1953773642239,163.33082154634755,8,3.1561632098459054,26.91627739828959,4.639949099162765,1,541.1644115271708,163.67891547176384,0.3832069903116655,0.7081997716151094,346
193.9,UrbanCanyon,541.8665085073206,164.72519022598655,0.402298392584643,2.748849496168568,2.790217732863209,-0.0334014970404226,0,,,8,3.6165367712407583,29.58249631147173,4.465808334098319,1,542.269422068888,164.8866053659509,0.3972112998973616,0.7655774397916054,322
194.0,UrbanCanyon,542.1196096552421,164.83218243055128,0.3999421980944508,2.747863222884253,2.7351580254479853,-0.0113023782516985,1,534.700473438201,169.0012683453652,6,2.933554652221708,27.997141035407367,4.4485802586266345,1,542.3322825031433,165.09578715938102,0.4336579589303109,0.8129244152640953,296
194.1,UrbanCanyon,542.3728696545384,164.93853912080334,0.3975860036042586,2.7468595305346604,2.770315043223064,-0.0243819656832659,0,,,7,3.4506670405582174,28.06431116370199,4.736133244076967,1,541.4203795529977,165.16662787541364,0.3788941271953177,0.7601872691166595,388
194.2,UrbanCanyon,542.6262853299193,165.04425948066245,0.3952298091140664,2.745838651805813,2.7830036228605293,-0.0212981287577656,1,543.2350109535006,161.73325888767593,10,2.6117771895138358,28.006708297625767,5.339646924276332,1,543.427036608053,164.0168479193068,0.4151561350618933,0.7435720884851994,282
194.3,UrbanCanyon,542.8798535233083,165.1493427182272,0.3928736146238742,2.7448008218381394,2.7477887950854147,-0.0305262202291397,0,,,8,3.143950620239057,27.819755659130863,4.886984617035769,1,542.5572633188235,164.6383892738357,0.4121612505089222,0.6723742352055468,390
194.4,UrbanCanyon,543.1335710942136,165.2537880656828,0.390517420133682,2.7437462781971518,2.724223672893659,-0.0179138941226909,1,541.2296105317938,165.99957968871777,9,2.7118302549239823,30.633024119479806,5.226185180305805,1,542.9913943218198,165.2134768570752,0.4283100411087028,0.8348515055507307,334
194.5,UrbanCanyon,543.3874349200972,165.35759477920448,0.3881612256434898,2.742675260843819,2.644525052589366,-0.0229425458847301,0,,,9,3.045891027887625,30.710567566098387,4.608831600376531,1,543.4711955149,165.74934092359632,0.4009242166341344,0.8192129611850935,387
194.6,UrbanCanyon,543.641441896741,165.46076213885618,0.3858050311532977,2.741588012104656,2.7637321069899814,-0.0235316837509638,0,,,5,2.6221976991126468,28.828422679657127,5.369140121508491,1,543.8754032896212,165.586659744942,0.3790237986450289,0.8062137061853439,325
194.7,UrbanCanyon,543.8955889386091,165.5632894484851,0.3834488366631055,2.740484776641513,2.7245983796097004,-0.0333915435340321,0,,,9,3.500417042303173,27.46997826586847,5.76939713233621,1,543.978073859853,165.05794130193615,0.4174035761079486,0.8280540971288796,321
194.8,UrbanCanyon,544.1498729792087,165.6651760356117,0.3810926421729133,2.7393658014210875,2.6974791031880088,-0.022917446757201,1,543.5906841946414,165.16039408695104,8,2.8416982620842584,30.680267960074744,5.580388993580167,1,544.6561917788771,166.33523575212564,0.3420877082169351,0.8095337956821747,262
194.9,UrbanCanyon,544.4042909714466,165.76642125131517,0.3787364476827211,2.738231335684153,2.79517667345057,-0.0188131012683569,0,,,8,3.153605659219421,30.309587781308363,3.613793963566181,1,544.5382393606425,165.89604504142338,0.3990056794433827,0.7630034299487605,402
195.0,UrbanCanyon,544.6588398879834,165.86702447011484,0.3763802531925289,2.737081630914508,2.6305165800111747,-0.0244684336318666,0,,,7,3.046139118031029,29.28194356767277,3.904898580248058,1,544.056504184383,166.08849105526488,0.4080706811163144,0.9367201578935104,364
195.1,UrbanCanyon,544.9135167215838,165.96698508984704,0.3740240587023367,2.735916940807648,2.8150531962586505,-0.0170607229945348,0,,,7,2.4992976912371114,27.39606910115769,6.509696878137428,1,544.8629966160784,166.2355415516817,0.3841420054246454,0.7811426818727927,313
195.2,UrbanCanyon,545.1683184854646,166.0663025315377,0.3716678642121445,2.734737521239176,2.7109481022063564,-0.0172857629039621,1,538.2164286962785,167.79997151457502,9,2.820595180929597,26.50640059092272,4.413242773300597,1,545.1635932960435,165.62924652467046,0.3963177495754046,0.8212450943537555,312
195.3,UrbanCanyon,545.4232422136386,166.16497623927077,0.3693116697219523,2.733543630232938,2.7270175092008966,-0.0264896518383674,0,,,8,2.7724659065989057,30.33922284709395,6.214125756066199,1,544.9487574380005,166.94928080796032,0.3497438988508783,0.8720869440950181,343
195.4,UrbanCanyon,545.6782849612553,166.2630056800523,0.3669554752317601,2.732335527928896,2.6799938048455445,-0.0148183222748414,1,544.8440064460165,161.476435757973,9,3.443388167292785,29.31524554479275,4.381036060115728,1,545.6462042413053,165.20063983145235,0.3693254879392333,0.7215801027215406,321
195.5,UrbanCanyon,545.9334438049389,166.36039034367033,0.3645992807415679,2.7311134765507474,2.6005120192591877,-0.0229861815884821,0,,,10,3.14050811070335,29.023435519598944,4.728322278540963,1,545.8201174518198,166.50841088306984,0.3805662919498167,0.8224387183987599,292
195.6,UrbanCanyon,546.1887158431218,166.4571297425508,0.3622430862513757,2.7298777403732872,2.6937821371573936,-0.0228789977582583,1,548.3247165884875,170.6366473397591,8,2.417107339199389,29.962010588162887,6.341143089449776,1,546.0662783731802,166.25603077968836,0.3367896592931574,0.6880673102809077,313
195.7,UrbanCanyon,546.4440981963754,166.55322341160897,0.3598868917611835,2.728628585689516,2.7201813676030517,-0.0226681352387848,0,,,7,2.979986132207904,28.926875315534968,5.444315589297903,1,547.1025285469265,166.8049121980177,0.3842507491457083,0.8537955073008029,312
195.8,UrbanCanyon,546.6995880077366,166.6486709080971,0.3575306972709913,2.7273662807775034,2.735076703626675,-0.0228327353773095,1,553.7145669069913,162.6350075155289,8,2.924499434577645,26.98716913367746,5.103701293008589,1,546.9929363878089,166.53153822605245,0.3572179299956826,0.793856600256696,297
195.9,UrbanCanyon,546.9551824430312,166.74347181144785,0.3551745027807991,2.726091095867011,2.680877584699045,-0.0369904849224241,0,,,8,3.2889325552656974,28.83602692867924,5.715273786726006,1,547.1342936058478,165.1399685897731,0.3332259134675062,0.8931115411938093,356
196.0,UrbanCanyon,547.2108786911933,166.8376257231137,0.3528183082906069,2.7248033031058707,2.5605288014762344,-0.0241773395670836,1,551.1739724108209,159.50592577775788,9,2.717981166211678,29.77079578217665,5.709595476796297,1,547.7678436479889,167.2407599190199,0.3483964069494596,0.7848486520723553,279
196.1,UrbanCanyon,547.4666739645814,166.9311322664024,0.3504621138004147,2.7235031765261333,2.5990911617654677,-0.0303593840318019,0,,,8,3.000143077281796,27.884357980324417,4.414510042353049,1,547.7417229453603,167.24920767330235,0.3394383053253538,0.7499765714334549,323
196.2,UrbanCanyon,547.7225654992899,167.02399108630854,0.3481059193102225,2.7221909920099834,2.811356153361352,-0.014679749558582,1,552.4925624765625,171.59996629525207,7,2.869063865061906,28.727648291982295,5.936964485575663,1,547.68539776093,167.7386531590295,0.3622501432433318,0.8490385134656953,341
196.3,UrbanCanyon,547.9785505554572,167.11620184934105,0.3457497248200303,2.7208670272554283,2.621553659753888,-0.0148602361734286,0,,,9,2.6551388534307785,28.351929818982867,5.256749040586401,1,547.9401559058911,166.6041763386427,0.350971846246237,0.825585337538825,368
196.4,UrbanCanyon,548.2346264175704,167.20776424334696,0.3433935303298381,2.719531561741765,2.773142277902225,-0.0187546314742411,1,544.9955200603843,165.79511446505128,11,3.429510604846972,28.990852367470172,6.320351657691498,1,547.532641639334,166.98443304355737,0.3219216313785993,0.8048561653713384,302
196.5,UrbanCanyon,548.4907903947646,167.29867797733124,0.3410373358396459,2.718184876694828,2.6274190379576337,-0.0244910492297882,0,,,6,3.375855832924902,30.205346631766435,4.324935460360236,1,548.5833320123475,167.86113732380298,0.2934555344002203,0.7005916858446085,322
196.6,UrbanCanyon,548.7470398211198,167.38894278127293,0.3386811413494537,2.7168272550520225,2.6692203383320914,-0.0284946662697499,1,539.5418320030883,165.76613173979894,8,2.66653649388702,31.105840604499136,5.6518859010916565,1,548.8976681327428,167.53179514326533,0.2749798480578769,0.8167961424756379,281
196.7,UrbanCanyon,549.003372055952,167.47855840593746,0.3363249468592615,2.715458981427151,2.717197832029543,-0.0266221201805336,0,,,8,3.026001224455883,25.46524680282035,5.532115057746422,1,549.093994613877,167.51671837110487,0.3567583523050337,0.8232713931846726,316
196.8,UrbanCanyon,549.2597844841024,167.56752462268528,0.3339687523690693,2.7140803420750297,2.630066872166265,-0.0130008674501935,1,546.1656666521052,165.83971928721178,8,2.720500169026416,27.537961154433145,6.207946010404369,1,549.5334188039959,168.5183019483011,0.3272785567399192,0.8168641487359628,281
196.9,UrbanCanyon,549.5162745162198,167.65584122327684,0.3316125578788771,2.712691624855906,2.775996198463795,-0.0267812360061424,0,,,8,2.82387973168372,29.35473231399976,4.552290903358652,1,549.1871205234947,167.29634769453418,0.3273075460625145,0.7864243253610009,275
197.0,UrbanCanyon,549.7728395890408,167.74350801967392,0.3292563633886849,2.7112931191996807,2.6839058297456946,-0.0354398999313625,1,551.9289229135348,167.71911596134046,8,2.837122447770144,30.82297578180831,5.740882876742582,1,550.1890304884453,167.45580955308546,0.3072687782245591,0.8008107455051481,385
197.1,UrbanCanyon,550.0294771656648,167.83052484383742,0.3269001688984927,2.7098851160699327,2.705995192630818,-0.0177236328266961,0,,,9,2.5467284983700957,29.76731261224696,4.221594263644151,1,549.9112269536487,167.72687155307207,0.3803909919430071,0.8671938670731602,323
197.2,UrbanCanyon,550.2861847358249,167.9168915475216,0.3245439744083005,2.7084679079277603,2.659352571583048,-0.015237299423245,1,549.2673464933687,166.8282547446983,6,2.660088105825997,30.76532744799902,5.898615513226143,1,550.2209970591288,168.24301581433147,0.3243174480342516,0.715643556297797,362
197.3,UrbanCanyon,550.5429598161539,168.0026080020648,0.3221877799181083,2.707041788695436,2.7161454857158995,-0.0144089842239498,0,,,6,3.232632083692218,30.61077287269997,6.591642868677221,1,550.5301638589597,168.3065888491513,0.3261568044999143,0.8183450022822993,309
197.4,UrbanCanyon,550.799799950447,168.0876740981768,0.3198315854279161,2.705607053719882,2.772683026758875,-0.017729536962344,1,549.6002363102197,168.30145800698963,8,3.13602117388185,26.46292525031029,4.961674889295326,1,550.3526116288125,168.1951235892417,0.2941505073066497,0.8716333176241706,376
197.5,UrbanCanyon,551.0567027099185,168.17208974572276,0.3174753909377239,2.704163999735972,2.668662603333724,-0.0168773629179337,0,,,8,2.813044531239422,29.2743833001602,4.168963424886253,1,550.9459713399639,167.31056277165794,0.2817573309626953,0.7841604654650528,405
197.6,UrbanCanyon,551.3136656934555,168.25585487350372,0.3151191964475317,2.702712924829658,2.7775555845856674,-0.0228089175041742,1,566.7740905037487,164.45582095275367,5,5.113194229149807,21.058240644887377,8.560484626585055,1,550.9235931292775,169.04496001196415,0.3174630889029921,0.8731117782351016,357
197.7,UrbanCanyon,551.570686527866,168.33896942903397,0.3127630019573395,2.701254128400942,2.6356305874823165,-0.0339727223495169,0,,,7,3.1590881406378744,29.51432511302473,4.758997349963923,1,551.0313868051178,168.82880427879775,0.2893953083495901,0.8367628324999404,341
197.8,UrbanCanyon,551.8277628681224,168.421433378315,0.3104068074671473,2.6997879111266663,2.716902444260837,-0.0230261118453079,1,551.2958560685166,170.67579004037842,6,3.4195666227134183,26.38334078818873,4.716075480995377,1,551.8635147105011,168.93110009787833,0.2981469792461797,0.7411905800608091,368
197.9,UrbanCanyon,552.084892397601,168.50324670560636,0.3080506129769551,2.6983145749231694,2.697554126166265,-0.0198840073583069,0,,,10,3.1033575309221835,28.81217320288985,4.821615709227025,1,553.0070808749683,167.84411960640085,0.3101752561842081,0.8200029288559094,330
198.0,UrbanCanyon,552.3420728283165,168.58440941319344,0.3056944184867629,2.6968344229087724,2.601504835451135,-0.0238766071256727,1,549.2594353769263,168.26756537606863,8,2.6799818253951084,32.964780369439886,4.348596399616035,1,552.2761126171549,168.18749026290774,0.3001322759999167,0.8448874577711579,315
198.1,UrbanCanyon,552.599301901151,168.66492152115194,0.3033382239965707,2.695347759366125,2.679736803136182,-0.0240691939853513,0,,,10,2.987413152742311,29.979362764377893,4.281821304440347,1,551.7128942642844,168.71701308903107,0.282393335486776,0.8576203692160407,276
198.2,UrbanCanyon,552.8565773860794,168.7447830671094,0.3009820295063785,2.693854889704408,2.6670334861041103,-0.0281872143345774,1,550.9433226168676,176.1262744872602,7,2.8753036628978244,27.420547900197217,4.160525857603928,1,553.1924087138883,169.0723746030555,0.2688937393405237,0.7210831022916648,344
198.3,UrbanCanyon,553.1138970823891,168.8239941060039,0.2986258350161863,2.69235612042139,2.6135586046425834,-0.0284131116920697,0,,,8,2.850877225260137,27.707546091846297,4.551551841212481,1,552.7951512800506,168.6437650085412,0.3066539072506336,0.8388962090965361,363
198.4,UrbanCanyon,553.3712588188956,168.9025547098395,0.2962696405259941,2.69085175906536,2.682874403602766,-0.013580741643585,0,,,10,2.9554165639570837,27.78847677928744,5.78244169570052,1,553.0394884208711,168.45341774588567,0.2980442097134004,0.7358199620503433,280
198.5,UrbanCanyon,553.628660454152,168.98046496743905,0.2939134460358019,2.689342114196924,2.667573164143193,-0.0134280420539515,0,,,10,3.05423390378734,29.066923571477982,5.128431713325385,1,553.2474430417005,168.46605247484166,0.283431445605903,0.7564301600294252,376
198.6,UrbanCanyon,553.8860998766551,169.05772498419395,0.2915572515456097,2.6878274953506724,2.649951277069013,-0.023248938142368,1,555.4652357813018,171.53741394610782,8,3.3278535771500644,29.34811153411084,7.233972699801998,1,553.7654120109038,168.69071066516852,0.3050029620872196,0.6758199888270549,355
198.7,UrbanCanyon,554.1435750050446,169.1343348818114,0.2892010570554175,2.686308212996741,2.6493093595789965,-0.0217023085134436,0,,,8,2.939137615309738,30.105788958592136,6.652758831485399,1,554.6357203191523,169.39903808087368,0.2660675928174294,0.6865032092453782,332
198.8,UrbanCanyon,554.4010837882993,169.21029479805867,0.2868448625652253,2.6847845785022395,2.6453275019822606,-0.0283025587437998,1,551.391383153347,168.9321024812318,9,2.571138924462402,29.67203593233367,4.792550282495713,1,554.3648110355027,168.39960682491682,0.3123260303976907,0.8597890023673398,396
198.9,UrbanCanyon,554.658624205927,169.28560488650473,0.2844886680750331,2.68325690409258,2.627934173296711,-0.0198119348164951,0,,,9,3.364490709003519,31.01618826213052,5.145022825090671,1,554.5152906389936,169.49556842395714,0.2829395398838872,0.7070972546647073,318
199.0,UrbanCanyon,554.9161942681493,169.36026531625942,0.2821324735848409,2.681725502812696,2.6585097659376102,-0.0139366577342246,1,553.3893552549638,170.10872543005132,6,2.646543902755091,29.20490568229247,5.129064557136394,1,554.5976791534329,169.303795782447,0.2845051878514621,0.8758448806066192,294
199.1,UrbanCanyon,555.1737920160817,169.43427627170993,0.2797762790946487,2.680190688488156,2.61076290427362,-0.0311669399718893,0,,,9,2.8882293765326272,27.968823505823632,4.362132165724288,1,555.366711705381,169.4362970946804,0.2717827031400168,0.802945020979017,351
199.2,UrbanCanyon,555.4314155219087,169.50763795225478,0.2774200846044565,2.678652775686188,2.806707318141933,-0.0207795667495016,1,550.5012518699672,165.92762746143308,9,3.025172396028008,32.19914882190382,5.853426233562526,1,555.6497232215951,169.2530553587144,0.2573145083176955,0.7603781978991904,319
199.3,UrbanCanyon,555.6890628890525,169.58035057203534,0.2750638901142643,2.6771120796766046,2.559742992494158,-0.0204085593045349,0,,,6,2.5716949536266065,30.57118784731752,5.758228270704857,1,555.694963809268,168.86167783999238,0.2568959118905973,0.8170058402392958,337
199.4,UrbanCanyon,555.9467322523383,169.65241435966502,0.2727076956240721,2.675568916392642,2.60559176124146,-0.0204536378154049,1,558.5843969263498,168.66563686309027,10,2.7617547978014936,26.224014843278702,5.726087220688472,1,556.7023631200401,169.15569024050242,0.2571100747473878,0.8179729007284416,369
199.5,UrbanCanyon,556.2044217781529,169.72382955795604,0.2703515011338799,2.674023602391718,2.611353806290547,-0.0146467947633596,0,,,9,3.32928730233912,29.148017420785045,4.549228569384415,1,553.921969794004,175.63889443365034,0.1604726518844073,0.2906656551694924,142
199.6,UrbanCanyon,556.4621296645984,169.794596423644,0.2679953066436877,2.6724764548161115,2.7633092990696517,-0.0126247255699617,0,,,9,3.1554539106952597,30.967060176825697,5.708454929572756,1,556.4772520214918,169.23087617808426,0.2553722802564184,0.7716181409496147,292
199.7,UrbanCanyon,556.7198541416407,169.8647152271102,0.2656391121534955,2.6709277913535683,2.559671091210137,-0.0245324600323766,0,,,9,2.755995772864256,28.604944186294382,5.106893223093692,1,556.6074732970789,169.8526943300588,0.255836718670817,0.8556468003447121,314
199.8,UrbanCanyon,556.9775934712528,169.93418625210177,0.2632829176633033,2.6693779301978373,2.66424868133516,-0.0198094114309632,1,556.2865946066908,164.71958774650298,7,2.797378162610176,28.97202975043274,4.449942444750698,1,557.2039423614099,169.6112337329986,0.2861870054882369,0.7041907492659317,275
199.9,UrbanCanyon,557.2353459475523,170.0030097954497,0.2609267231731111,2.6678271900091444,2.6542229909312147,-0.022902126766015,0,,,9,2.7170966473951843,30.210658467356144,4.890511946581279,1,557.1903993246483,170.47476406437886,0.2611368978712369,0.8015827797384306,361
200.0,UrbanCanyon,557.493109896934,170.07118616678494,0.2585705286829189,2.6662758898746075,2.6566275169700724,-0.0266971075017287,1,554.2639520040258,164.25498791701702,8,3.459780764105973,28.35650505615518,4.65883335700853,1,558.0906268275866,169.50040144893038,0.254546238456137,0.7306211933681807,274
200.1,UrbanCanyon,557.7508836781963,170.13871568825226,0.2562143341927267,2.6647243492685955,2.70989515941676,-0.0219384801113332,0,,,7,3.6070653016995102,30.24662458417921,4.269727655226437,1,556.30572513573,170.87505427063206,0.2412940680215389,0.771810999074564,324
200.2,UrbanCanyon,558.0086656826629,170.20559869422254,0.2538581397025345,2.6631728880130408,2.70780456140049,-0.0197627574139418,1,554.6870125892508,174.63371198373503,6,6.768694231052376,19.20891721101425,10.031958054299103,1,558.2011990110885,170.34659259513683,0.2175807006409034,0.7994100069601293,299
200.3,UrbanCanyon,558.266454334299,170.27183553100286,0.2515019452123423,2.6616218262377043,2.609247493795049,-0.022154185974981,0,,,8,2.9812263648673856,29.806123628022068,6.152880829244859,1,558.4225132278187,170.6339296897737,0.2732000412916533,0.8350878799556017,309
200.4,UrbanCanyon,558.5242480898214,170.337426556545,0.2491457507221501,2.6600714843404023,2.6458861382052365,-0.0278880242769081,1,548.753713957786,164.8698259049321,10,2.8976368328189785,30.413421077873075,7.004695644790679,1,558.4156751186022,169.8960097656163,0.2487709171593541,0.7602130291062565,334
200.5,UrbanCanyon,558.7820454388034,170.40237214015215,0.2467895562319579,2.6585221829472,2.519302761517938,-0.0256612324950209,0,,,6,2.7041136258705416,27.451307881101336,4.0846691405091775,1,559.0615855096582,170.30554941878472,0.2326063339183033,0.8389350568376162,359
200.6,UrbanCanyon,559.0398449037743,170.46667266218384,0.2444333617417657,2.656974242872569,2.63640659142494,-0.0256128640461788,1,559.4778486607469,174.25099768027886,8,3.422902006892402,30.91999298581857,5.330029995202432,1,559.848820016484,170.48441483179082,0.2644086550881566,0.7318693897003272,298
200.7,UrbanCanyon,559.2976450403136,170.53032851375946,0.2420771672515735,2.65542798507953,2.5827818609460067,-0.0275772989146197,0,,,7,3.0658773879952275,28.91984450361041,4.920557776816696,1,558.3389092191453,171.02073241473755,0.2087254606479374,0.7797013062323102,332
200.8,UrbanCanyon,559.5554444371381,170.59334009646005,0.2397209727613813,2.6538837306397616,2.618160971115215,-0.021529320468957,1,553.0513135397733,168.37684198910574,6,3.298194148535825,28.497717365277406,4.779783741693172,1,559.4823806480803,170.55762995661496,0.2464601137868913,0.8341614992129531,379
200.9,UrbanCanyon,559.813241716186,170.65570782202855,0.2373647782711891,2.652341800693706,2.529819813154268,-0.0209487880516105,0,,,8,3.168718729457522,29.73576324729541,4.230079503763476,1,560.4914330673247,171.2524185566081,0.2133322207815542,0.7646686421388382,339
201.0,UrbanCanyon,560.0710355326927,170.71743211206896,0.2350085837809969,2.650802516410656,2.65316021666085,-0.0180099425162701,1,560.6699471398057,166.76540817332037,7,2.8773961027385857,29.46996581000294,5.575596252451188,1,560.3463721377996,170.7526667706685,0.2583257813313326,0.7760899872147808,354
201.1,UrbanCanyon,560.3288245752628,170.77851339774367,0.2326523892908047,2.64926619894884,2.5260378752779946,-0.0276174016616336,0,,,8,3.835529672854772,29.00278575855543,5.941049974774016,1,560.9480867053534,170.7562741165848,0.2341201888057771,0.7582753852269253,318
201.2,UrbanCanyon,560.5866075659359,170.83895211946978,0.2302961948006125,2.647733169415503,2.632590015194493,-0.0262052858346862,0,,,7,3.554381340884329,30.66067395816503,6.003806224961102,1,560.7942201609997,170.6588551772585,0.2360402136421355,0.8262977652270755,341
201.3,UrbanCanyon,560.844383260246,170.89874872661417,0.2279400003104204,2.646203748826995,2.5469186037262745,-0.0150763442734115,0,,,7,2.9980398322518376,31.09265460932847,5.255569138871097,1,560.3568507180242,170.86127102167956,0.2786546567978174,0.7492842183405933,387
201.4,UrbanCanyon,561.1021504472767,170.9579036771872,0.2255838058202282,2.6446782580688635,2.5668458124609943,-0.0240558854267653,1,570.5161445390843,156.6290485219182,8,5.34284725584707,22.091998894996745,9.521894353692687,1,560.7970710109381,171.80088930652394,0.2248053289471179,0.7472316142873983,344
201.5,UrbanCanyon,561.3599079497093,171.01641743753558,0.223227611330036,2.643157017855964,2.6853833721138067,-0.0230307006469624,0,,,8,3.273656112358421,27.73753140193573,5.927381522960929,1,561.4185293931099,171.50121350536938,0.249657226981399,0.7481703947146583,292
201.6,UrbanCanyon,561.6176546238661,171.07429048203392,0.2208714168398438,2.641640348692585,2.6475445345919253,-0.0241221685983775,1,558.7511127125135,173.4813585161973,8,3.153702350431863,26.88870841891608,5.550256007146462,1,562.2268731505619,171.47558793834853,0.2421395985159162,0.7969753732897586,278
201.7,UrbanCanyon,561.8753893597476,171.13152329277546,0.2185152223496516,2.6401285708326,2.681031238015123,-0.0172527376390585,0,,,9,3.2547589261335776,27.95923648095599,4.211842380884137,1,562.5095717144679,171.05548332770758,0.2127650032131605,0.6465961845569921,329
201.8,UrbanCanyon,562.1331110810639,171.18811635926184,0.2161590278594594,2.638622004239642,2.7028472110610227,-0.0170448074901578,1,561.5864281892672,166.61335717747468,7,3.0869277978922414,28.50277634646736,4.760046708577509,1,562.4994855369207,171.34455940552905,0.2185188637338662,0.757900031640683,300
201.9,UrbanCanyon,562.3908187452608,171.24407017809196,0.2138028333692672,2.637120968547317,2.5659367128028423,-0.0173530168168205,0,,,9,3.5054092448983405,30.902741954771564,4.107473942033436,1,561.8742162105824,170.9379331200081,0.1708059840238149,0.8183166022454476,312
202.0,UrbanCanyon,562.6485113435399,171.29938525265015,0.211446638879075,2.6356257830194485,2.699487845224107,-0.023049478933413,1,553.919612445837,165.486273593624,5,3.1489808814896065,29.473139500911664,5.130990408112853,1,562.8953887036189,170.54890942550563,0.1393471865815434,0.8149715658653507,340
202.1,UrbanCanyon,562.9061879008724,171.3540620927935,0.2090904443888828,2.6341367665103714,2.5204449250006062,-0.0277626742056957,0,,,8,3.071117302768278,31.35394826041691,5.550584473728724,1,562.5699055065298,171.8285666239858,0.2333699182589446,0.7313322826864874,320
202.2,UrbanCanyon,563.1638474760085,171.4081012145386,0.2067342498986906,2.632654237425268,2.6517248534682736,-0.0131653384748308,1,565.7473363737203,169.5868653832382,8,3.1715135994089594,29.75142751261244,4.660758914101598,1,563.4319998473137,171.81444189902146,0.1610174446028311,0.8375506871010547,317
202.3,UrbanCanyon,563.4214891614798,171.46150313974766,0.2043780554084984,2.631178513680557,2.5740860628448465,-0.01876795247076,0,,,7,2.972716941409394,29.71903067420735,6.8455298807561125,1,563.0503536576095,171.3287221142377,0.1808131791750029,0.7546003871554154,304
202.4,UrbanCanyon,563.6791120835965,171.51426839581416,0.2020218609183062,2.62970991266434,2.5462066411460227,-0.0256630210969642,1,566.7468887671882,166.88331932681177,9,3.4754625564481465,26.60729364701408,5.174754343144988,1,563.2377809083647,171.22874966826598,0.1621567121954048,0.7517993546531094,334
202.5,UrbanCanyon,563.9367154024383,171.56639751534783,0.199665666428114,2.6282487511969115,2.637216079417867,-0.0158153123614364,0,,,7,2.8440819877515127,28.90765502963225,5.482498465096266,1,563.7096965088773,171.66594966615776,0.2333184923224007,0.7209531880252839,353
202.6,UrbanCanyon,564.1942983118407,171.61789103585951,0.1973094719379218,2.626795345491331,2.657509904416308,-0.026078898344922,1,562.367597039965,169.179208187839,9,3.1179163640796497,29.068636631022944,5.302431553349064,1,564.6270715588187,171.52258881989735,0.2016112362190942,0.7646217415849462,288
202.7,UrbanCanyon,564.4518600393747,171.66874949944545,0.1949532774477296,2.6253500111140697,2.655211700801209,-0.0159075112697489,0,,,8,2.839596573323784,29.78237795860853,5.399553259680102,1,564.3797339384525,171.901579995742,0.1851144739700747,0.7080105113953078,369
202.8,UrbanCanyon,564.7093998463199,171.7189734524715,0.1925970829575374,2.623913062945732,2.6130197062825213,-0.0155410775604786,1,565.2006541658517,169.2272905176068,10,3.4083647466047786,30.33393320978119,3.740407687802095,1,564.9371064132498,171.10156629043777,0.1560764528745735,0.7240588991385348,273
202.9,UrbanCanyon,564.9669170276342,171.76856344525683,0.1902408884673452,2.6224848151418563,2.6084678619810564,-0.0280818867865836,0,,,5,3.089113324136654,27.39491222328417,5.506593748606841,1,564.7406180546191,170.75331252484582,0.1961119781324343,0.7527943943488555,320
203.0,UrbanCanyon,565.2244109119151,171.81752003175797,0.187884693977153,2.6210655810938057,2.6320303281972106,-0.0202149802020483,1,566.6485043110899,166.76545911669132,7,2.986685445176428,28.595677870540616,6.252393084359355,1,565.3374220464186,171.64217558346354,0.219822199276745,0.7074805226198522,288
203.1,UrbanCanyon,565.4818808613575,171.86584376925222,0.1855284994869608,2.619655673389744,2.617827384576468,-0.0191289969106672,0,,,11,2.825942483043916,31.601590112414552,4.606328421985906,1,566.1621492991566,171.54438645148812,0.1809122291841487,0.8321410197819659,326
203.2,UrbanCanyon,565.7393262717036,171.91353521802154,0.1831723049967686,2.618255403775706,2.629478742334474,-0.0095555156910629,1,564.7702099832536,165.3755503157468,8,2.7544677978881054,27.48934714501424,5.294954244607297,1,565.3107870375876,171.39132746779725,0.1497177112313248,0.7883631579295122,347
203.3,UrbanCanyon,565.9967465721893,171.9605949410361,0.1808161105065764,2.6168650831167777,2.608316191822012,-0.0271199614037816,0,,,9,2.790064016741195,29.717080250492508,4.840484086646313,1,566.3993706856274,171.88035535665034,0.1689304874066075,0.7317714392220636,319
203.4,UrbanCanyon,566.254141225483,172.00702350363835,0.1784599160163842,2.615485021358364,2.6437189231636165,-0.015735769814243,1,567.0486203456855,173.15250219912895,7,3.567445903759616,28.55732299271784,7.936948220994786,1,566.8977213715723,172.02146678495083,0.2134321799828353,0.9193365617894113,353
203.5,UrbanCanyon,566.5115097276197,172.05282147322674,0.176103721526192,2.614115527487581,2.494073599519294,-0.0232237039902611,0,,,9,3.379633751988205,28.66308001850649,3.982229896966616,1,566.6536558221476,172.08918394358986,0.206113683625821,0.7465840727521731,323
203.6,UrbanCanyon,566.768851607929,172.09798941894033,0.1737475270359998,2.6127569094947525,2.582143900733667,-0.0298202814573013,1,565.1544462363114,165.1504133300726,8,3.0586012468733275,29.482432863988528,4.581453559534002,1,566.3175214776362,172.7350638051458,0.1520709199489633,0.7173523126504464,394
203.7,UrbanCanyon,567.0261664289576,172.14252791134317,0.1713913325458076,2.6114094743350296,2.505435181564025,-0.0238998232736715,0,,,8,3.089545936988176,29.442009054125396,4.616144326065522,1,566.3061257649525,171.64909523760994,0.1757630374609617,0.7163012433080861,313
203.8,UrbanCanyon,567.2834537863856,172.18643752210934,0.1690351380556154,2.6100735278901306,2.6014152667248385,-0.0232880319664729,1,566.2321342187282,172.50472870898727,7,2.899106890970997,28.90718960445199,7.104229405544772,1,567.5194625063605,172.5131830965518,0.176916922389184,0.7565705734591464,401
203.9,UrbanCanyon,567.5407133089379,172.22971882370845,0.1666789435654232,2.608749374930211,2.6769067135743168,-0.0288625826849524,0,,,8,3.262078063211109,28.055078100015606,5.909092532775963,0,,,,0.8427771078827443,349
204.0,UrbanCanyon,567.7979446582895,172.27237238909146,0.164322749075231,2.6074373190758635,2.5479942655032124,-0.021701998311103,0,,,8,2.1748487602710607,27.773431394278735,5.128169587817725,1,567.5672781299576,172.75961873260158,0.1563094265273301,0.8151992525008178,257
204.1,UrbanCanyon,568.0551475289645,172.31439879137724,0.1619665545850388,2.6061376627602573,2.585145162434504,-0.0182918676227521,0,,,9,3.131357828993175,29.081330382382216,5.376577231268319,1,568.2693622332688,172.014219856842,0.1796769485901683,0.820603167525608,366
204.2,UrbanCanyon,568.312321648231,172.35579860353974,0.1596103600948466,2.604850707191416,2.621911139502381,-0.0220731762845339,1,572.3366681769221,178.36366551776257,7,3.2091219627594048,29.42983023226317,4.833978029413183,1,568.7001474167515,172.34570892240123,0.1179226553548051,0.8316346199082855,341
204.3,UrbanCanyon,568.5694667759885,172.39657239809583,0.1572541656046544,2.6035767523146447,2.4533786290134554,-0.0261586537955476,0,,,9,3.121560254370756,29.224871247008807,4.192434145776861,1,568.4961730508068,173.30313154653786,0.1940962249754232,0.7449778572349753,313
204.4,UrbanCanyon,568.8265827046514,172.4367207467939,0.1548979711144622,2.602316096775106,2.5433488541103952,-0.0241593518508454,1,575.3904603185883,170.4589343717139,7,3.0752307319218537,28.726393195067818,4.802012311263953,1,565.8444129658003,173.31208847479934,0.3230643169382725,0.2933053105755903,131
204.5,UrbanCanyon,569.0836692590256,172.47624422030333,0.15254177662427,2.6010690378805497,2.594554937781751,-0.0233797608294717,0,,,10,3.34683564826594,30.644230957672857,3.8579368931210336,1,569.8312020147239,172.448388150004,0.1158585838702337,0.7405348024803089,352
204.6,UrbanCanyon,569.34072629618,172.51514338790489,0.1501855821340778,2.5998358715642067,2.402326150946962,-0.0222163398276065,1,568.5280882497822,170.01130824095358,9,3.1168707078730904,28.739093776528627,7.114477128017369,1,569.0389063338977,172.28829925447795,0.1614385637880668,0.82594434535709,340
204.7,UrbanCanyon,569.597753705313,172.55341881718195,0.1478293876438856,2.5986168923478425,2.514906084840685,-0.0175849514381052,0,,,7,2.6151712253683126,28.147636645166745,5.469631267044045,1,568.6213568128123,172.0056499814902,0.1659596155333731,0.8303528309228247,385
204.8,UrbanCanyon,569.8547514076122,172.59107107371292,0.1454731931536934,2.5974123933049817,2.639590995067424,-0.022034067087971,1,566.3163963456602,177.18548632539367,8,3.024288405107079,28.02486064762806,5.881316533419255,1,568.8624789619345,172.38021803529156,0.1509925029994758,0.7293427749871398,357
204.9,UrbanCanyon,570.1117193561097,172.62810072076462,0.1431169986635012,2.596222666024305,2.6337496579969253,-0.0307741071693969,0,,,9,2.954818967456131,28.08804822603419,4.509719324418299,1,570.3567873078789,172.03534366731557,0.134472949300151,0.8010054924467434,329
205.0,UrbanCanyon,570.3686575355313,172.66450831898686,0.140760804173309,2.595048000573224,2.5958400951777447,-0.0263818433634395,1,563.7505942811291,178.2931194431971,8,2.705471908035779,26.498388597665414,4.192186631144868,1,569.6889144101209,171.9850770013324,0.1880233307460574,0.80642077212167,308
205.1,UrbanCanyon,570.6255659621404,172.70029442610823,0.1384046096831168,2.593888685461637,2.6263917611228247,-0.0225625348666296,0,,,7,3.019615895126506,29.689419440123828,4.984407010727884,1,571.0022502453626,172.5512179605651,0.1542282826413665,0.8087967689206561,294
205.2,UrbanCanyon,570.8824446835764,172.73545959663315,0.1360484151929246,2.592745007605875,2.5837683751657154,-0.0174815856935407,1,569.1313006728284,172.3090623407232,8,3.079052412656852,27.583869136729447,5.056520134493757,1,571.8787150162027,173.0292888799218,0.1148660244086077,0.8321720918683067,396
205.3,UrbanCanyon,571.1392937786878,172.77000438154033,0.1336922207027324,2.591617252292831,2.6024641159072286,-0.016545289706622,0,,,10,3.2418634042036567,30.40309435741349,5.3450543877501575,1,571.0538743456268,172.73832772990266,0.0932808110660947,0.7647373542682354,335
205.4,UrbanCanyon,571.3961133573596,172.80392932798253,0.1313360262125402,2.590505703144293,2.544364805370484,-0.0140044521191949,1,571.5133756673714,171.92083967998758,9,3.1062157953079166,28.08276663710816,5.463650153737543,1,572.3075835015483,172.18871983889102,0.1859523831170473,0.758891209972513,360
205.5,UrbanCanyon,571.6529035603354,172.83723497898785,0.128979831722348,2.5894106420814698,2.5722312636789493,-0.0226122765804885,0,,,9,3.9005185372845568,27.52512213104779,5.295225880715964,1,571.4426990648093,172.77207694395565,0.0962820962883208,0.8081852802786892,343
205.6,UrbanCanyon,571.9096645590346,172.8699218731625,0.1266236372321558,2.588332349289725,2.527500169493294,-0.0192805301581953,1,574.0639563279362,179.2497656236699,8,2.733951112680585,28.950534117641244,4.248363167472321,1,571.4745210386458,173.4172065651531,0.1313300293953334,0.8054352635367293,314
205.7,UrbanCanyon,572.1663965553636,172.90199054439518,0.1242674427419636,2.587271103183514,2.6390190298667475,-0.0308742217440495,0,,,9,3.3207143344887307,28.53131935710225,4.781887448512804,1,572.1427885194439,172.80956568045266,0.1138589574666912,0.8392449153020158,330
205.8,UrbanCanyon,572.423099781522,172.93344152156314,0.1219112482517714,2.586227180371541,2.651962715404061,-0.0210296804619821,1,572.3457830021084,175.82917416093505,9,2.6054061286409427,29.50615577985563,4.354389223409243,1,572.7928769846476,173.0241711861771,0.1002389186339467,0.7217902514206037,336
205.9,UrbanCanyon,572.6797744998036,172.96427532823986,0.1195550537615792,2.585200855622123,2.644819270560448,-0.0288771456332829,0,,,8,2.9305588087857184,29.3628509113878,5.308028183369633,1,573.4613758518004,172.79774364187662,0.1742524824444244,0.7698089790974888,342
206.0,UrbanCanyon,572.936421002392,172.99449248240467,0.117198859271387,2.584192401828782,2.535232653785897,-0.023600766809721,1,575.4727692404698,178.90256799591617,8,3.364260834680834,29.0492798611354,5.125234579217396,1,572.9529582685617,175.14108384613206,0.2285546992257408,0.3027011128100232,155
206.1,UrbanCanyon,573.1930396111513,173.02409349615388,0.1148426647811948,2.5832020899760595,2.5003335981787367,-0.0073841189595188,0,,,6,2.6660683625728607,30.520317630834903,5.588233430180106,1,572.2547519242529,172.90474104285784,0.143394159151164,0.8283881530100249,259
206.2,UrbanCanyon,573.4496306774113,173.0530788754142,0.1124864702910026,2.582230189105558,2.6313348000007064,-0.0216470850406928,1,575.1024222412261,176.32407710620936,8,3.2312851894941907,31.17226224347812,5.556572244053189,1,574.0253514062643,173.45495382925716,0.1033083660003213,0.8496917847413632,340
206.3,UrbanCanyon,573.7061945817474,173.0814491196578,0.1101302758008104,2.581276966282219,2.5880288523528603,-0.0277631379982566,0,,,8,2.7681605059270344,28.156829674105783,5.099560129132099,1,573.7062846900153,173.52113489060162,0.1080429263212945,0.7138798791843052,353
206.4,UrbanCanyon,573.9627317337558,173.1092047216195,0.1077740813106182,2.5803426865608365,2.576324741091566,-0.0211163101904474,1,572.0660324611841,173.93353183154153,9,3.2002334001673853,26.51926194855828,5.128703451843587,1,573.6159980882097,173.5215457362743,0.1340119929527796,0.9125383263507538,303
206.5,UrbanCanyon,574.219242571824,173.13634616701603,0.105417886820426,2.579427612952811,2.517367635723229,-0.0259936210201824,0,,,8,2.6590359851391496,29.18175873045864,6.380838386438105,1,573.6980646226335,173.23537076868683,0.130172142248381,0.7901277273804727,372
206.6,UrbanCanyon,574.4757275628948,173.1628739342673,0.1030616923302338,2.578532006393151,2.582184347974388,-0.0283439741450261,1,562.0523020889881,175.50672819766066,9,3.3758519880258424,26.61265505628352,5.354329051287476,1,574.2454571086969,172.71104364321835,0.1222516892797647,0.8536177160631906,348
206.7,UrbanCanyon,574.7321872022271,173.1887884942201,0.1007054978400416,2.5776561257077213,2.491460936022351,-0.0123045031166459,0,,,7,3.3542524067172126,30.193450224450768,5.221952222275226,1,574.9413456924681,173.61601726028815,0.0730198263571657,0.8225387470603726,316
206.8,UrbanCanyon,574.9886220131503,173.2140903098737,0.0983493033498494,2.5768002275807462,2.5917652892441394,-0.0177524538237008,1,567.2074621793403,168.41291890729133,7,2.8264920927497617,31.171650022422934,4.816569675879672,1,575.0824553780701,173.3795036713725,0.1142727356292563,0.765774583807717,324
206.9,UrbanCanyon,575.2450325468149,173.23877983610808,0.0959931088596572,2.5759645665225706,2.6385002266741826,-0.0215224511700281,0,,,8,3.21866485959219,29.503622385848068,5.116878893642294,1,575.313299250916,173.37271845562117,0.1062718276250747,0.6471004674770349,341
207.0,UrbanCanyon,575.501419381937,173.2628575194142,0.093636914369465,2.575149394837679,2.650897272673786,-0.0253730612265556,1,569.6685257099841,172.97293020504648,7,3.3720767400832097,30.111253900612446,4.636340155159145,1,575.4311467979229,173.67647093220222,0.031377376165532,0.7678653864150446,323
207.1,UrbanCanyon,575.7577831245394,173.28632379762698,0.0912807198792728,2.574354962592984,2.5945698972520046,-0.0248286811706208,0,,,8,2.833595679043208,29.17905888839964,4.546181373771728,1,574.9756525154647,173.35521553419733,0.0650065167838978,0.6969598848418804,338
207.2,UrbanCanyon,576.0141244076866,173.30917909966047,0.0889245253890806,2.573581517586378,2.4690454462471654,-0.0151389824953784,1,573.2061492588296,176.7001936350823,6,3.0563107925664763,30.45386628083826,5.304782438674554,1,576.3272887120993,172.78456261825755,0.0850418634345708,0.7537643840305313,317
207.3,UrbanCanyon,576.270443891216,173.3314238452457,0.0865683308988884,2.5728293053155658,2.5660024645377653,-0.02167511980854,0,,,6,2.678954074367384,26.95150522867063,4.531615612845375,1,576.1637496475142,173.65525413208272,0.0919907504705177,0.7449655700436426,324
207.4,UrbanCanyon,576.5267422614635,173.35305844467106,0.0842121364086962,2.572098568947164,2.682094798512,-0.0393528305144367,1,577.5423097058741,165.78741423835885,8,3.470717050777849,32.02228350626598,5.005293944356358,1,576.9227683577865,173.56827674959993,0.0693381721226198,0.7698203240650131,382
207.5,UrbanCanyon,576.7830202309852,173.37408329852536,0.0818559419185041,2.5713895492860868,2.5007477035875967,-0.0105965010149529,0,,,9,2.704256132300523,27.244708627922652,5.639289097239489,1,576.8977021193656,173.13118089470595,0.0951070133795579,0.7100801904661719,299
207.6,UrbanCanyon,577.0392785382744,173.39449879744342,0.0794997474283119,2.570702484745216,2.5479272299211884,-0.0222637998024751,1,575.5860201517346,174.85241363384907,9,2.536617121344899,27.98050505063115,4.883902974102082,1,577.0177430301657,173.46739257546798,0.0826479832822251,0.8253809819531244,276
207.7,UrbanCanyon,577.2955179474732,173.4143053218545,0.0771435529381197,2.5700376113153536,2.6364729729688863,-0.0214543970201543,0,,,8,3.177034933905734,27.111903579546837,5.396997107418273,1,580.2525911700508,177.40076924592324,0.2428912858919174,0.3144217225449771,134
207.8,UrbanCanyon,577.5517392480805,173.43350324173358,0.0747873584479275,2.5693951625354723,2.586768493288276,-0.0175825087613867,1,570.2124379394004,171.18605132860966,8,3.448147645553623,28.56027968209311,5.548988605374522,1,578.0354084944629,173.623886311023,0.0740274624355388,0.7897013009549751,275
207.9,UrbanCanyon,577.8079432546555,173.45209291635533,0.0724311639577353,2.568775369463254,2.698750713651715,-0.0207894531673095,0,,,10,3.635932403877123,28.68417689939752,4.474635285917153,1,578.051039590308,173.08970376509157,0.1128423695930429,0.7019382496621183,376
208.0,UrbanCanyon,578.0641308065158,173.47007469405105,0.0700749694675431,2.568178460645932,2.507571278573573,-0.0193002457639538,1,562.5526303427514,176.0411794544078,5,5.248475525631749,18.286864215527512,13.666969906025397,1,577.7193263709211,173.43694969983335,0.0588626663987974,0.9087280944457532,353
208.1,UrbanCanyon,578.320302767432,173.48744891196853,0.0677187749773509,2.567604662091433,2.489004181443618,-0.0254767164069511,0,,,6,3.405222102075108,28.788819275980003,4.758499692574966,1,578.3621906548582,173.50577164565692,0.0764498752556805,0.7282015490231775,288
208.2,UrbanCanyon,578.576460025318,173.5042158958349,0.0653625804871587,2.567054197239824,2.6224491695965133,-0.0297448722586216,1,578.138871685176,171.0042758447716,7,3.282232967745132,27.229992073052426,5.0319285916903125,1,578.8697759288756,173.59190036291594,0.0730061438059062,0.8345355021800138,306
208.3,UrbanCanyon,578.8326034919163,173.52037595972257,0.0630063859969665,2.56652728693507,2.476361144172187,-0.0218282792657389,0,,,7,2.8867795319873752,28.859550350378697,5.259640018674779,1,579.3831830286549,173.3651702974455,0.0753836401130323,0.652033863262744,356
208.4,UrbanCanyon,579.0887341024794,173.53592940581814,0.0606501915067743,2.5660241493971028,2.533621524136067,-0.0158359441284866,1,573.8046753581482,174.1342143374256,7,2.800793713163092,30.150854186850463,5.877856121746196,1,579.4108871304675,173.5591958057638,0.0962427245567321,0.6890561420264216,261
208.5,UrbanCanyon,579.3448528154476,173.55087652419454,0.0582939970165821,2.565545000194204,2.5409244021711705,-0.0267066266394445,0,,,7,2.97372965509834,26.64639411826659,5.64712839326562,1,579.1333939497428,174.447091829846,0.0764299911836681,0.7725191366107651,278
208.6,UrbanCanyon,579.6009606121214,173.56521759258632,0.0559378025263899,2.5650900522157105,2.6087940618548915,-0.0271059693451026,1,577.8348823536538,176.2009625858611,9,2.8502357089648487,27.349460504226748,5.867668857190516,1,579.9645215935756,173.30227180220254,0.0497422312016655,0.7579015175618914,317
208.7,UrbanCanyon,579.8570584963313,173.57895287616824,0.0535816080361977,2.56465951564504,2.5832998249463848,-0.0169273856361765,0,,,8,3.098865826410236,31.064064041330973,4.520058851347895,1,580.0527980243979,173.86470679513042,0.0567801665639522,0.6619101051949093,362
208.8,UrbanCanyon,580.1131474941023,173.59208262733702,0.0512254135460055,2.5642535979330434,2.5714109888556966,-0.0257330734382118,1,579.5465360039582,175.75644800097783,8,2.960378371724061,30.248870474348465,4.245015846511406,1,580.0644145762959,172.97699036407732,0.0292238622044385,0.834148615326741,249
208.9,UrbanCanyon,580.3692286533152,173.60460708549647,0.0488692190558133,2.563872503771684,2.5203813508592265,-0.0254773254440223,0,,,10,2.0970452135348028,29.40720300176377,5.953465957464315,1,580.0003311907889,173.16174901382257,0.0234121427267668,0.7543573530177514,298
209.0,UrbanCanyon,580.6253030433633,173.616526476846,0.0465130245656211,2.5635164350680517,2.6129682985043523,-0.0253093115207304,0,,,8,2.7147891271826445,27.136926295758048,4.256219017700549,1,580.1282777220208,174.173386831367,0.049357217794983,0.7928581098309391,349
209.1,UrbanCanyon,580.8813717548062,173.62784101417256,0.0441568300754289,2.5631855909187102,2.7838129127654856,-0.0236934199948551,0,,,9,2.6875053694362263,28.391667940590438,4.067155130550872,1,581.3209443158858,172.58587370984938,0.0327764042395006,0.7467432927186396,398
209.2,UrbanCanyon,581.1374358990189,173.63855089664602,0.0418006355852367,2.5628801675843857,2.580705565580278,-0.0315109140331503,1,578.7933455891306,174.52876615549258,7,2.7349090365295745,28.33858070984212,4.267719891812475,1,581.0271430003202,173.6488204610161,0.0169848191112529,0.8067907751260568,322
209.3,UrbanCanyon,581.3934966078375,173.648656309618,0.0394444410950445,2.562600358464991,2.544989537153387,-0.0260825078315453,0,,,8,3.15114566708295,27.75899897811908,5.177830442380449,1,580.7109709345583,173.93000052994245,0.0025982030791977,0.8169354062213394,371
209.4,UrbanCanyon,581.6495550332014,173.65815742442427,0.0370882466048523,2.5623463540749998,2.461800427331968,-0.0220657638113729,0,,,7,2.975691897896534,29.672029382353895,5.1404474105882,1,581.6036533201346,173.8811198097232,0.0592191610574994,0.8071572459121092,355
209.5,UrbanCanyon,581.9056123467914,173.6670543981909,0.0347320521146601,2.5621183420191667,2.49985352995541,-0.022029616364109,0,,,9,3.027287913192682,28.880774014750944,5.429010253244092,1,582.1654329744501,173.71118407216338,0.0427851853888707,0.8028929957228135,282
209.6,UrbanCanyon,582.1616697396644,173.67534737364377,0.0323758576244679,2.5619165069685983,2.527204459191792,-0.0171072859138379,1,582.6946624804983,170.69696131537012,8,2.8262462401415536,27.539356732663943,5.480394293439142,1,582.116166460725,174.13097860787346,0.0810090454805219,0.8792462453501102,240
209.7,UrbanCanyon,582.4177284218849,173.68303647892182,0.0300196631342757,2.561741030637174,2.5090376080333145,-0.0135752934316908,0,,,9,2.8523400837549744,28.65068964110052,4.833749420402183,1,581.9709433678715,173.45558651060517,0.0456225417472424,0.7635716894782031,288
209.8,UrbanCanyon,582.6737896221528,173.69012182739425,0.0276634686440835,2.5615920917583286,2.542658210923306,-0.015317125892151,1,574.0147298800961,172.06457317942483,9,2.849927243578996,29.46719595425832,4.944527725529159,1,583.0843227624623,172.87481478991907,0.05937214211152,0.7815255463476082,264
209.9,UrbanCanyon,582.9298545874274,173.6966035174811,0.0253072741538913,2.5614698660621875,2.6508380395573314,-0.0185052384675734,0,,,8,2.7930662986659245,29.531805028088897,4.327817558350334,1,582.5035266490501,174.0770486961956,0.0421974895815817,0.551398864113612,302
210.0,UrbanCanyon,583.1859245825488,173.7024816324779,0.0229510796636991,2.5613745262530707,2.6148965964362025,-0.0240625443842813,1,583.4165199273868,171.24224176773214,6,3.3486719540502183,29.491058818236084,4.793287992941137,1,582.3919723732963,172.87286352325438,0.0145945875303854,0.7923471974877451,320
210.1,UrbanCanyon,583.4420008898555,173.70775624038404,0.0205948851735069,2.561306241987356,2.528956675330144,-0.0266161453025726,0,,,10,2.795821532766178,28.0016920342422,4.321426546769221,1,582.5903897481735,173.41121006178628,0.018566706166021,0.7967178455094939,313
210.2,UrbanCanyon,583.6980848087993,173.7124273937349,0.0182386906833147,2.5612651798517114,2.4671440965268827,-0.023186563610952,1,583.34396624343,169.68348953423538,9,3.038553803591633,30.23428321861956,4.045723722161426,1,583.7242964694786,173.66675759243645,0.0517706820034846,0.7231888716056298,332
210.3,UrbanCanyon,583.954177655556,173.71649512943813,0.0158824961931225,2.5612515033416967,2.6227565172213487,-0.0202236372246865,0,,,10,3.263414966858079,30.816022035937817,4.7334502920673724,1,584.3075400530961,173.4975679731056,-0.0131514589684158,0.7201705145068741,333
210.4,UrbanCanyon,584.2102807626344,173.71995946861358,0.0135263017029303,2.561265372840738,2.53969644757543,-0.0189556219004612,1,581.5298957761701,176.39621908783792,9,3.268300974663197,29.536929693296944,4.214871774063425,1,583.2983304900978,174.33813502139273,0.0631972758931587,0.7935097524019674,310
210.5,UrbanCanyon,584.4663954784812,173.7228204164374,0.0111701072127381,2.561306945599477,2.441428635589668,-0.0200094058689293,0,,,8,2.760756359752748,30.74485013746966,5.212865644992748,1,584.8261879312505,173.6610537352017,0.0528728257238051,0.7556497558014217,337
210.6,UrbanCanyon,584.7225231670836,173.72507796199005,0.0088139127225459,2.5613763757155,2.5879836952052315,-0.0238964351282026,1,580.7191277997717,165.82263645897794,7,3.120869773496816,32.28408493568358,5.845844940094633,1,584.0616564386988,173.44774092015209,-0.0041791567090156,0.8184370327222619,276
210.7,UrbanCanyon,584.9786652075685,173.72673207810843,0.0064577182323537,2.561473814113441,2.6080649726262544,-0.0191472060005489,0,,,8,2.8217134693116925,31.192572742957125,4.070409641872301,1,584.6362810974634,174.0719560404095,0.0105871094152525,0.9573521807931338,368
210.8,UrbanCanyon,585.2348229937992,173.72778272124188,0.0041015237421615,2.5615994085254723,2.4009294414107667,-0.016617718296672,0,,,7,3.130920284252685,29.548131982875454,4.4900669512926585,1,584.7923768519807,173.37592646569286,0.0243244168247298,0.77146481385732,363
210.9,UrbanCanyon,585.4909979339692,173.72822983131258,0.0017453292519693,2.5617533034721807,2.49965918084456,-0.0185951421552988,0,,,8,3.155865556525363,28.056493369780075,4.569538998436493,1,585.3944926069578,176.22883700560223,-0.1320974185018761,0.2606782987870054,132
211.0,UrbanCanyon,585.7471914501934,173.7280733315798,-0.0006108652382228,2.5619356402438256,2.54618887782626,-0.0233854772038121,1,584.9454039283592,176.42697114718385,11,3.30450521340943,28.527473237450227,6.601955558982137,1,585.0401148240151,174.27311728023628,-0.005130339990937,0.8060402000972597,362
211.1,UrbanCanyon,586.0034049780969,173.72731312850848,-0.002967059728415,2.56214655688199,2.600389234327359,-0.0275656295971095,0,,,9,2.8558946124310625,30.237202341582748,3.723539502974531,1,586.9498321300923,173.78122392583484,-0.0147407994308035,0.815100151859434,319
211.2,UrbanCanyon,586.2596399664002,173.72594911164197,-0.0053232542186072,2.562386188161624,2.53218460798162,-0.0277321707584956,1,583.7227493526946,164.76919807284932,7,3.1999314218498576,27.76868897814672,5.39889188078414,1,586.3927942533761,173.44624966890024,0.0157792457780643,0.7965066213006955,340
211.3,UrbanCanyon,586.5158978765035,173.7239811534789,-0.0076794487087994,2.562654665573478,2.5120869597735664,-0.0267948265059808,0,,,7,3.28702554264204,27.895193298706072,5.6092371916095285,1,586.6423847014013,173.31135916658033,0.0006270893301234,0.6991683894017324,338
211.4,UrbanCanyon,586.7721801820672,173.7214091093544,-0.0100356431989916,2.5629521173069363,2.606740744670643,-0.0218145320158373,1,592.4637048153518,170.44992735528217,7,2.8758367572856245,30.82366803610397,5.769644285931497,1,586.6372545670647,173.66133268861049,-0.006939738984069,0.7453070759672856,330
211.5,UrbanCanyon,587.0284883685911,173.71823281732563,-0.0123918376891838,2.563278668233246,2.534000256488773,-0.0204081036446947,0,,,9,2.788877423442265,28.978231669749487,4.925645617904512,1,587.5525657103225,173.8412766088103,-0.0102845360158125,0.7359675210752554,333
211.6,UrbanCanyon,587.28482393299,173.71445209806143,-0.014748032179376,2.563634439889147,2.597309470932537,-0.0305125310918808,1,591.0833549865207,172.04822145564253,7,2.977594613494624,27.265464038148703,4.979598352452645,1,587.4831671238522,173.89493929029615,0.0051598912434176,0.6835850790619976,355
211.7,UrbanCanyon,587.5411883831686,173.71006675473646,-0.0171042266695682,2.5640195504609014,2.4965526117289936,-0.0256967411341137,0,,,8,2.812653093447608,30.459606786151905,5.7410317031379146,1,586.6133370095247,173.33765666079597,-0.0253695498332202,0.6810746388921161,336
211.8,UrbanCanyon,587.7975832375932,173.70507657292967,-0.0194604211597604,2.564434114768732,2.484980664040914,-0.0217640679840391,1,591.6940645956802,174.84563465259595,8,3.050482440373055,31.220307448154745,5.619970933057498,1,587.7064586994843,173.66219811982938,-0.0099259350110987,0.757427064067336,329
211.9,UrbanCanyon,588.0540100248619,173.69948132052707,-0.0218166156499526,2.5648782442516627,2.6122811868545384,-0.0277417761110815,0,,,8,2.814688867301303,27.930625883006893,6.611185917262708,1,587.7658671995475,174.4561011733659,-0.0348665540663262,0.8271151478765726,323
212.0,UrbanCanyon,588.310470283272,173.6932807476289,-0.0241728101401448,2.565352046952766,2.5824221291702285,-0.0207378404276041,1,588.0155592512484,160.3989901612348,8,2.627495668245189,31.013216250265828,4.779209288133389,1,587.6445491492537,173.5643279490437,-0.0430397705903082,0.8611797117707859,306
212.1,UrbanCanyon,588.5669655603867,173.68647458646137,-0.026529004630337,2.565855627504823,2.623174534365323,-0.0246501715118702,0,,,8,2.8862858099820525,26.64605626371102,4.938514559785011,1,588.6056535763479,173.94492641060614,-0.0306731492284506,0.662395686932072,340
212.2,UrbanCanyon,588.8234974125988,173.6790625512926,-0.0288851991205292,2.5663890871163946,2.5342980288234487,-0.0268555943754338,1,587.2970351950805,176.43440797066918,6,2.808159458494247,28.32280315233496,3.945560900888633,1,587.9859864965623,176.30575214391715,0.0842594466774162,0.267352502694299,134
212.3,UrbanCanyon,589.0800674046932,173.67104433835323,-0.0312413936107214,2.566952523558301,2.519555669048144,-0.0227911209743091,0,,,7,3.161000217525135,30.223069848359348,5.779744234646352,1,589.3672954064916,174.29220936860622,-0.043789719358676,0.7767390535327716,326
212.4,UrbanCanyon,589.3366771094073,173.6624196257614,-0.0335975881009136,2.5675460311505205,2.649927768309987,-0.0209992317702085,1,593.5837976144367,173.41848133772623,8,3.549047297189432,29.050195754559745,5.234397818185865,1,588.7253105869387,173.4771072630746,-0.020672591546909,0.8223625095612037,238
212.5,UrbanCanyon,589.5933281069905,173.6531880734523,-0.0359537825911058,2.568169700749504,2.476272443945479,-0.0274459500634648,0,,,6,2.7957122006453394,29.563101047522423,5.4624603166342105,1,589.936190847138,173.92095221393015,-0.0421151175732084,0.8369866464098119,267
212.6,UrbanCanyon,589.850021984761,173.6433493231121,-0.038309977081298,2.568823619735904,2.642858708323112,-0.0242896257274974,1,594.7148776009305,166.8691625017619,10,2.430609682339002,28.00266097662223,5.347369110385467,1,589.8750669058295,173.60403645952078,-0.0390465352447395,0.7655719206166118,311
212.7,UrbanCanyon,590.1067603366622,173.63290299811658,-0.0406661715714902,2.569507872002727,2.6486556357325237,-0.0206357435888281,0,,,10,2.6601605838052285,29.512484655193703,4.34107060079222,1,590.5570233846005,173.60415394884683,-0.027732020435859,0.7039276084420212,322
212.8,UrbanCanyon,590.3635447628167,173.6218487034742,-0.0430223660616824,2.5702225379439034,2.620164733774871,-0.0270415056999813,1,590.1885356223447,170.33635754408206,9,3.756865521733686,28.094037078489368,6.270440310158143,1,590.9213329522055,173.55666973551354,-0.0589798309240223,0.8055633026410752,373
212.9,UrbanCanyon,590.6203768690798,173.61018602577383,-0.0453785605518746,2.57096769444328,2.524569540414657,-0.0316932161194343,0,,,6,3.645491845775867,30.978395423620924,3.716051498441593,1,590.8999425250652,174.09349784765462,-0.0290025746255024,0.7494884019558462,286
213.0,UrbanCanyon,590.8772582665912,173.5979145331369,-0.0477347550420668,2.5717434148640383,2.520670203300279,-0.0310726973135438,1,587.6740992041259,170.76464677836725,10,3.300694824365668,31.706982380433644,4.209643399615317,1,593.6116800353801,177.89070706881066,-0.2321138209590096,0.2847848173920185,140
213.1,UrbanCanyon,591.1341905713256,173.5850337751743,-0.050090949532259,2.5725497690385337,2.558458675740058,-0.0251781306272957,0,,,9,3.666922869350174,28.507452446034268,6.582617802388108,1,590.0717655280808,174.1421381395066,-0.0449563609214949,0.8800641317457705,298
213.2,UrbanCanyon,591.391175403642,173.57154328294789,-0.0524471440224512,2.5733868232585637,2.4932705560886013,-0.0298632977406709,1,593.1210292965126,162.6303536121971,6,5.03848093046767,21.467664082275675,11.41699150722857,1,591.3727424323753,173.80976524073174,-0.0512551770169968,0.7821167249043469,322
213.3,UrbanCanyon,591.6482143878325,173.55744256893638,-0.0548033385126434,2.57425464026606,2.512808885623305,-0.024798618577597,0,,,8,2.6252913917270986,27.935306248239232,5.212127669603844,1,591.3456382623875,173.3640534620044,-0.0436237950345193,0.7462849680779201,297
213.4,UrbanCanyon,591.9053091516694,173.54273112700622,-0.0571595330028356,2.575153279244215,2.608513269662157,-0.0142495379530379,1,600.0966614351664,176.26017452678707,8,3.1547867154860985,29.21445976974796,5.226645921894359,1,592.043800222332,173.80254801893142,-0.0654943657793922,0.6126641775699613,303
213.5,UrbanCanyon,592.1624613259519,173.52740843238678,-0.0595157274930278,2.5760827958090298,2.612062234030372,-0.0301930989413987,0,,,7,2.7572784112279702,29.76064528590997,5.341045295984111,1,593.06751145485,173.20086850584718,-0.062276489492421,0.7013277121040542,318
213.6,UrbanCanyon,592.4196725440518,173.51147394165042,-0.06187192198322,2.5770432420012965,2.508559653000428,-0.0244934581434047,1,586.1101462455429,172.03034808265795,10,2.8285947098341904,30.612058582357115,5.303341062542594,1,592.8096247142714,176.07369981936708,-0.194548538941838,0.2676837189681162,146
213.7,UrbanCanyon,592.6769444414581,173.49492709269705,-0.0642281164734122,2.578034666279013,2.613909627328031,-0.011785746661288,0,,,7,2.7536575995160537,29.60303216936425,4.653938335095324,1,592.2410892260461,174.45707364736788,-0.0687911855821301,0.763389253628782,298
213.8,UrbanCanyon,592.9342786553218,173.47776730474345,-0.0665843109636044,2.5790571135102285,2.602433868559604,-0.0208282312749224,1,597.6020713108115,173.93236285384498,6,2.694216963477973,28.483845955581877,6.693616360380323,1,593.0461059341305,173.13255910870205,-0.0743092199277821,0.7137398214411218,304
213.9,UrbanCanyon,593.191676823999,173.4599939783172,-0.0689405054537966,2.5801106249663213,2.66837413209611,-0.024900143601553,0,,,7,2.9904602560463127,29.54695596951014,4.086782316153531,1,592.9638800333236,173.1975445966399,-0.0546347985368793,0.8051175755655574,335
214.0,UrbanCanyon,593.4491405865942,173.4416064952554,-0.0712966999439888,2.581195238315712,2.6122688345889222,-0.0238308154503526,1,596.2169088123547,165.01480654596514,5,5.025249667162609,21.63325792408874,9.37470367745738,1,592.9852415163457,173.29629384745667,-0.0607898103422512,0.8481296049337553,272
214.1,UrbanCanyon,593.706671582503,173.42260421870785,-0.073652894434181,2.5823109876180115,2.64558353124292,-0.0208509832671743,0,,,7,2.747566321209482,28.308622558424837,5.9003876114100775,1,593.6240402619095,174.0983157209683,-0.0946132777059047,0.8104972175146921,329
214.2,UrbanCanyon,593.9642714509539,173.4029864931451,-0.0760090889243731,2.5834579033186023,2.6134371691738147,-0.0142371924399986,1,612.6601798592555,168.96443909119006,6,6.190440218084084,21.99924034149073,8.918777695598198,1,594.4423827575423,173.18132547312462,-0.042045270039225,0.7825513028517196,372
214.3,UrbanCanyon,594.2219418305509,173.38275264437115,-0.0783652834145653,2.584636012243659,2.64395891470999,-0.0258375949745549,0,,,8,3.6453736699542905,27.75208053174444,4.5409053510360735,1,594.3941422975744,173.27742444535727,-0.0866536439073137,0.8355530163958617,327
214.4,UrbanCanyon,594.4796843588147,173.36190197954076,-0.0807214779047575,2.5858453375956043,2.507714566122215,-0.0270496368281853,1,594.0271490269522,180.7257808376399,8,3.584875222760491,28.649147939688337,5.686358708398622,1,594.4976722584204,173.1908696404412,-0.0560639646867962,0.8218407955768835,270
214.5,UrbanCanyon,594.7375006717241,173.34043378718155,-0.0830776723949497,2.5870858989490007,2.5786212196755804,-0.0302887365993662,0,,,7,3.016072927801171,28.06978716191933,4.501677064345403,1,594.4732223053788,173.8462021007013,-0.0914927246813221,0.8129828060709151,278
214.6,UrbanCanyon,594.995392403258,173.31834733722067,-0.0854338668851419,2.5883577122468817,2.5839808228011125,-0.0225854247012648,1,599.8517238914001,177.07234832579564,7,5.80104280556681,20.59112377046751,8.280485737545973,1,594.2947903941282,172.5807963333831,-0.1028365290535848,0.8101084156133643,284
214.7,UrbanCanyon,595.2533611849366,173.29564188101625,-0.0877900613753341,2.5896607897975223,2.5712766628842854,-0.0304415425543314,0,,,6,3.2396867329714887,30.211760520544463,5.005294027910711,1,594.7809461333993,172.9281497014002,-0.0772647574331197,0.8220107827126212,295
214.8,UrbanCanyon,595.5114086453623,173.27231665139357,-0.0901462558655263,2.5909951402716445,2.6140375572222845,-0.0254949560540098,1,593.6189792849418,175.08276832556822,7,2.5769803194825096,27.99978278673026,4.848489161523243,1,595.4190583709526,173.0082251771584,-0.1230582980851933,0.737341420862555,344
214.9,UrbanCanyon,595.7695364097622,173.24837086268573,-0.0925024503557185,2.592360768700066,2.6263278785914435,-0.0278484627911245,0,,,5,2.7609247238655685,28.952679847962603,5.914078329073604,1,595.9427140962423,174.42909971163112,-0.1023785074360814,0.6779284309807279,302
215.0,UrbanCanyon,596.027803267719,173.22441217065875,-0.0925024503557185,2.593757676471785,2.6165730489643284,0.0060879232204894,1,596.2697064311915,170.24176413997208,7,3.664274771867704,27.15367097969749,6.074848085471412,1,595.6212502717078,172.8111417782812,-0.0724028368582683,0.8129022514277968,307
215.1,UrbanCanyon,596.2862123335699,173.20044028640433,-0.0925024503557185,2.595185861332506,2.582966036829105,-0.0021607966515663,0,,,8,2.945338443398245,29.640598827107848,5.932593753655687,1,596.4306404083209,173.7062490125307,-0.1310125310980465,0.725420773853542,323
215.2,UrbanCanyon,596.5447667210643,173.17645492106865,-0.0925024503557185,2.5966453173836057,2.5494616162031933,0.0025577207234712,1,593.6399855724883,176.35090360765852,10,3.160377237073976,28.63905781008189,4.0111685627431175,1,596.2386207879912,172.31136954431454,-0.0814822395256085,0.7710174177154989,322
215.3,UrbanCanyon,596.8034695430017,173.15245578588596,-0.0925024503557185,2.598136035081537,2.660962995991188,-0.0079205570626168,0,,,7,2.8845881843234067,28.94429802238712,4.433144584748557,1,597.4493166057631,173.4841005436273,-0.0962265988698582,0.8933406031674078,362
215.4,UrbanCanyon,597.0623239108683,173.1284425922125,-0.0925024503557185,2.5996580012376755,2.618172010408288,0.0012390739479453,0,,,5,2.6717443069318585,29.9494217546641,4.765140545447252,1,597.4392923791812,173.09356812238465,-0.0981564613541365,0.7332704613216857,351
215.5,UrbanCanyon,597.321332934474,173.1044150515599,-0.0925024503557185,2.601211199018604,2.5383092539802576,-0.0058333382385374,0,,,6,2.751385582444508,27.9570083614042,4.138078079032856,1,596.8132046206689,173.46815399703485,-0.0845219841654443,0.7548464841677611,253
215.6,UrbanCanyon,597.5804997215898,173.08037287562897,-0.0925024503557185,2.6027956079468364,2.590050765368012,-0.0017619064700849,1,600.7510446817051,173.1447328074992,5,4.647272732287739,21.333910130305952,8.740376609934422,1,596.7835226172583,173.46138209118314,-0.0543142854159852,0.7273782418458851,345
215.7,UrbanCanyon,597.8398273775853,173.05631577634327,-0.0925024503557185,2.6044112039019844,2.498782151158798,0.0120522650816469,0,,,6,2.8630461615519422,27.72568095979845,5.786469845498647,1,597.2721974517517,172.96838929089623,-0.1137790061022565,0.8052759655960651,385
215.8,UrbanCanyon,598.0993190050651,173.03224346588289,-0.0925024503557185,2.6060579591223614,2.6070969226875174,0.0053525037230635,1,598.3937560039415,179.30748789885533,7,2.469817892325307,28.227513803896915,5.87817969725975,1,598.6380621729911,172.6987882127562,-0.1113488242640245,0.8698795922420457,340
215.9,UrbanCanyon,598.3589777035078,173.00815565671786,-0.0925024503557185,2.607735842207026,2.5959812771414392,-0.0002205821036701,0,,,10,3.000797305071515,29.336849741537787,5.4275080443211845,1,598.4398188842285,173.536341507906,-0.1123539374118123,0.7414771884457719,342
216.0,UrbanCanyon,598.6188065689028,172.98405206164196,-0.0925024503557185,2.609444818118266,2.573228918758545,0.0173060515946768,1,600.192944131982,173.33496825444092,7,3.086885774201296,26.78651883118953,4.825044638464936,1,599.588400135128,173.54369020593185,-0.0848162107999055,0.8786146063048739,297
216.1,UrbanCanyon,598.878808693389,172.95993239380613,-0.0925024503557185,2.611184848184522,2.7030900017584627,-0.0042330297651849,0,,,8,3.243846784159801,31.047745447978716,3.8395465837733433,1,598.5229634742421,172.46241829194977,-0.083523926134756,0.7668792012801566,286
216.2,UrbanCanyon,599.1389871648934,172.93579636675204,-0.0925024503557185,2.612955890103746,2.537440318904269,0.0066628203050306,1,591.9197636514376,169.69274369152535,8,3.556691940941829,30.40202937703215,4.286853347045305,1,599.3476342892245,173.21549187607246,-0.0597171041990582,0.8555628478168309,336
216.3,UrbanCanyon,599.3993450667693,172.91164369444564,-0.0925024503557185,2.6147578979472046,2.6491594315399505,-0.0074798718371443,0,,,7,2.608220037841706,27.344489096282167,5.579462861238623,1,599.0688312836844,173.33700743054268,-0.1042049988754096,0.7404302099996285,372
216.4,UrbanCanyon,599.6598854774365,172.8874740913106,-0.0925024503557185,2.616590822163712,2.7419413078605133,-0.0007165978632026,1,599.3431622569692,172.88635138503582,6,3.181011813320537,27.568050904455276,4.353928522994941,1,599.9647200285083,172.40575212758216,-0.0639780602237949,0.6394235165449054,324
216.5,UrbanCanyon,599.9206114700204,172.86328727226163,-0.0925024503557185,2.6184546095843086,2.678404758917144,-0.00655937979007,0,,,8,2.9077492177513915,31.385655533023854,3.666319515675843,1,599.8617650156372,173.1684361250875,-0.0978429219632395,0.8204450369353291,388
216.6,UrbanCanyon,600.1815261119925,172.83908295273807,-0.0925024503557185,2.6203492034273697,2.6174681715754464,0.0018021246128229,1,605.3295947886098,176.5963154179842,9,2.7615824483536766,28.87783376663476,5.1466996859455865,1,600.3834759070254,172.32846820207575,-0.1175993452881156,0.718485396290552,352
216.7,UrbanCanyon,600.4426324648114,172.81486084873694,-0.0925024503557185,2.6222745433041545,2.556303785165916,0.0007828391796223,0,,,10,3.269624232118119,29.13008541958212,5.475998799812475,1,600.3386779321183,172.303761743105,-0.0975285995990424,0.7812880856069158,364
216.8,UrbanCanyon,600.7039335835639,172.79062067684643,-0.0925024503557185,2.62423056522479,2.5457244935393173,-0.0011519736624844,0,,,7,2.5990833689843305,30.890526432157408,4.88923793583434,1,600.8751933955162,172.3161149193976,-0.0746889133198007,0.6934497193200593,416
216.9,UrbanCanyon,600.9654325166074,172.76636215427897,-0.0925024503557185,2.626217201604686,2.60502885021192,0.0061595965021985,0,,,9,3.0035757136762404,29.375078280745143,6.678441725742186,1,601.1638541725606,173.5880148713344,-0.078019105683337,0.8250319790293289,311
217.0,UrbanCanyon,601.2271323052124,172.74208499890443,-0.0925024503557185,2.6282343812713904,2.5905596429327287,-0.0025373293751116,1,604.5333418779688,172.8767269799916,6,2.630656699749076,31.58951727184639,4.546236743768649,1,600.577274998305,173.1516767372113,-0.1151932827150497,0.7138287907258153,267
217.1,UrbanCanyon,601.489035983206,172.7177889292832,-0.0925024503557185,2.6302820294718727,2.586559573088932,0.0021816793195571,0,,,6,3.000198528514906,30.14108359228044,6.254630046964195,1,601.1490269619917,172.99922840084744,-0.0593754334528657,0.791119997249008,308
217.2,UrbanCanyon,601.7511465766163,172.6934736646991,-0.0925024503557185,2.6323600678802417,2.612072152602643,0.0047488398888757,1,596.1015409596624,176.28927204510055,8,2.913611652301948,29.668041240127287,4.827198933183187,1,602.1170108764287,171.79922249530978,-0.088977701860728,0.8719660476592069,419
217.3,UrbanCanyon,602.0134671033173,172.66913892519244,-0.0925024503557185,2.634468414605894,2.626507372157516,-0.0073020960695421,0,,,10,3.2215767624283758,30.059104011486184,4.963034136984714,1,601.9757824604048,172.95364105752446,-0.0877498036929256,0.854018649321194,360
217.4,UrbanCanyon,602.2760005726749,172.6447844315928,-0.0925024503557185,2.6366069842020945,2.6621151025933623,-0.0035343048512076,1,606.9403687493519,178.019185779897,10,2.629034597216887,29.10100485865082,6.890526953125995,1,602.405264882519,172.33777642635866,-0.1028595368652252,0.7280090000300017,338
217.5,UrbanCanyon,602.5387499851936,172.62040990555175,-0.0925024503557185,2.638775687674985,2.561735598638543,0.0006837501895788,0,,,8,3.0287965165500346,28.6236491011798,5.899513904737094,1,602.3808898706687,172.81094905880454,-0.1099148233256146,0.8980106512231173,301
217.6,UrbanCanyon,602.8017183321643,172.59601506957569,-0.0925024503557185,2.64097443249302,2.5968820867863287,0.0036603375737264,1,605.4484884898376,173.56612308307436,8,2.9888452029173944,30.652731215831786,4.700979715426467,1,602.9142945881821,172.5267847246555,-0.1273151182310385,0.8059929644382787,338
217.7,UrbanCanyon,603.0649085953131,172.5715996470582,-0.0925024503557185,2.6432031225968324,2.630658739360248,0.0077506019782861,0,,,7,3.2021608612468717,30.939534231265423,4.12413111075982,1,602.4126995148727,173.1845014616039,-0.0666350193274212,0.6777142254274645,392
217.8,UrbanCanyon,603.328323746451,172.54716336231274,-0.0925024503557185,2.6454616584095243,2.6287288476348527,-0.0008481478835581,1,598.5250793390322,175.0560979262886,7,2.97761796086734,29.9931391933058,4.6586504624279605,1,602.8204750703923,172.52961253377862,-0.1472645980163931,0.7941268695968163,359
217.9,UrbanCanyon,603.5919667471246,172.5227059406049,-0.0925024503557185,2.6477499368473807,2.7546445567605407,-0.0013880643072691,0,,,7,2.87835444624096,29.49776961332804,4.767136630182206,1,603.4239331424865,171.99074971383214,-0.1000571905086258,0.7677616457017881,295
218.0,UrbanCanyon,603.8558405482681,172.49822710818484,-0.0925024503557185,2.6500678513310088,2.6598325655519,-0.0042322342408275,1,607.8801102195367,175.03717991836172,8,3.569017807478988,27.84163400902562,4.936471628155654,1,603.7051644628318,173.06124116694164,-0.0885013763605413,0.842006648326628,371
218.1,UrbanCanyon,604.1199480898566,172.47372659231928,-0.0925024503557185,2.652415291796899,2.5521555971378835,0.0020756203605279,0,,,8,2.7161317184681883,30.80672265304568,4.4563850005754215,1,603.6902918233121,171.2545794377097,-0.071991910642001,0.8331965026828834,300
218.2,UrbanCanyon,604.38429230056,172.44920412132373,-0.0925024503557185,2.6547921447094063,2.675716540502452,-0.0012293892374708,1,606.1653275262105,170.2367674568246,9,3.454167389574784,29.52985922889012,4.67483011191908,1,604.6461171752717,171.81041956783264,-0.0791862740834239,0.71714956820368,315
218.3,UrbanCanyon,604.6488760973987,172.4246594245944,-0.0925024503557185,2.657198293073152,2.681419650085106,-0.0010753520381218,0,,,7,2.99723520790436,31.530206041589345,4.72845359949676,1,604.6378488849945,171.72359170782346,-0.0565522987479338,0.7903735870574897,334
218.4,UrbanCanyon,604.9137023854004,172.40009223264002,-0.0925024503557185,2.6596336164458405,2.6445466801417488,-0.0001390945605298,1,605.9605618617077,173.60535132567864,9,3.0310034970293414,30.79815301379012,4.642669713147945,1,604.7475447852324,172.2640678635261,-0.101406505140364,0.6971002873299276,316
218.5,UrbanCanyon,605.1787740572581,172.37550227711355,-0.0925024503557185,2.662097990951497,2.581478378746912,0.0032658135589703,0,,,6,2.9705529997427518,29.724243648432637,5.176748374149747,1,605.3186394307078,172.53959716297385,-0.116396018680883,0.9118852098705368,290
218.6,UrbanCanyon,605.4440939929899,172.35088929084384,-0.0925024503557185,2.6645912892941155,2.7591884181854307,-0.0025955362285347,1,601.4217767678391,171.97264873494655,6,2.85608620074274,27.989850214289813,5.473111323316856,1,605.4290831649436,171.353856133591,-0.1080492469669534,0.7308110091831003,335
218.7,UrbanCanyon,605.7096650595992,172.326253007867,-0.0925024503557185,2.667113380771722,2.5898160181677063,-0.0036257352142979,0,,,9,2.401531075878205,30.00651912979378,4.197740276878506,1,605.6614201860373,172.0961401915392,-0.1276904887184056,0.7423840322708131,386
218.8,UrbanCanyon,605.9754901107375,172.30159316345777,-0.0925024503557185,2.66966413129085,2.6980229685893176,0.0026000546093078,1,600.2897377429911,175.14537014164844,6,3.42098528021926,31.54915742511875,5.098134022083772,1,605.3004952866908,172.46795709224662,-0.0891748782925372,0.794843610273879,385
218.9,UrbanCanyon,606.2415719863683,172.27690949416072,-0.0925024503557185,2.672243403381421,2.669987854260921,-0.0155084053220972,0,,,8,3.01794442559955,31.569307622262137,4.374587058304245,1,606.5686513759711,177.5580868501853,-0.0023986033605734,0.2669058295129705,153
219.0,UrbanCanyon,606.5079135124319,172.25220173782128,-0.0925024503557185,2.6748510562120416,2.695767520769669,-0.0028734964753198,1,608.3850796431772,166.25518342884055,10,3.355797515372862,30.27430700099869,4.48496447270072,1,605.6655010114335,172.37700222250268,-0.0625989687176358,0.8487522100670671,366
219.1,UrbanCanyon,606.7745175005125,172.22746963361666,-0.0925024503557185,2.6774869456056964,2.7687314379887997,-0.0057305524007321,0,,,8,3.377467679803059,29.996201987833366,4.06925289594918,1,606.9571065248144,171.23225742305615,-0.1171355362763613,0.7462642297740302,359
219.2,UrbanCanyon,607.041386747507,172.20271292208662,-0.0925024503557185,2.680150924055852,2.7036877408784386,0.0065731841057561,1,604.4354873202549,178.02753316648463,7,3.373269743059775,26.830738974812554,4.974050818229676,1,607.164647374606,171.69413199884042,-0.1084695771209367,0.7387017667824695,254
219.3,UrbanCanyon,607.3085240352946,172.17793134516398,-0.0925024503557185,2.682842840742962,2.6406568274863598,-0.0020496052492206,0,,,7,3.051140132880154,28.72807665913586,5.901892953485433,1,606.6375264631005,171.1853488803824,-0.095069664643919,0.6948623755444652,351
219.4,UrbanCanyon,607.5759321304088,172.1531246462052,-0.0925024503557185,2.685562541551368,2.74273256287581,-0.002655979652179,0,,,7,3.0199411124393,28.867083166187573,4.319442372269583,1,606.732983560022,172.21379468951008,-0.0817714451489819,0.7860860262086273,349
219.5,UrbanCanyon,607.843613783711,172.12829257002062,-0.0925024503557185,2.688309869086607,2.6380423393465198,8.052326716802619e-05,0,,,8,3.144358245552771,29.684835721262413,4.73661803225022,1,607.8062039465077,173.00166362347258,-0.0827076741578674,0.7554585733938486,313
219.6,UrbanCanyon,608.111571730066,172.10343486290446,-0.0925024503557185,2.691084662693105,2.688923366882516,-0.0027382095731266,1,602.5984901568169,165.429755677106,7,2.735249139535161,30.4776426441924,4.770223487241438,1,608.6724298538786,171.96036546317984,-0.0750573380106711,0.742657380842383,341
219.7,UrbanCanyon,608.3798086880183,172.078551272665,-0.0925024503557185,2.693886758472272,2.602235999866253,-0.0017620905017483,0,,,9,3.2368284660090003,29.6467922772883,5.601016044254972,1,608.6619015157058,172.10022666407434,-0.0990653077142162,0.6716052868050247,341
219.8,UrbanCanyon,608.648327359472,172.05364154865418,-0.0925024503557185,2.6967159893009858,2.618399901803135,0.0008626839406143,1,605.1817108167187,172.6960362565319,10,2.876117912894725,28.936727239520422,4.849603274517746,1,608.9072968462693,172.40704337603958,-0.1140082183638155,0.7721424691970924,320
219.9,UrbanCanyon,608.9171304293708,172.02870544179729,-0.0925024503557185,2.6995721848504663,2.6865497338921167,-0.0018725029876472,0,,,8,2.9992544846588958,31.513124523557572,4.730645901406795,1,608.5403508790579,171.74096620537793,-0.0522854822563574,0.8006099667706703,361
220.0,FeaturePoor,609.1862205653812,172.00374270462237,-0.0925024503557185,2.702455171605536,2.7064871128060197,-0.0019549689063137,1,611.8855119915034,171.99905751977744,14,1.0296468814303337,40.46217905598422,0.999223956266297,1,609.1647131861162,171.60472443131,-0.0821619105135877,0.326195050575452,90
220.1,FeaturePoor,609.4556004175771,171.97875309128952,-0.0925024503557185,2.705364772884266,2.5851613727140657,-0.0050136016540798,0,,,13,1.083364449830159,37.31429725177721,1.182132087828469,1,608.5007773062583,173.38690511937193,0.0534871868962452,0.4098057186295791,73
220.2,FeaturePoor,609.7252726181264,171.9537363576199,-0.0925024503557185,2.708300808858004,2.7187971739586327,-0.0057121735137351,1,610.7890709342707,174.1641171918969,13,1.3235982881907158,36.38891876530548,1.2053442628682252,1,608.6634339734379,172.56149298027984,-0.1055560314601398,0.3842300783727249,18
220.3,FeaturePoor,609.9952397809797,171.92869226112464,-0.0925024503557185,2.711263096571785,2.642688534024988,0.0006901928916542,0,,,12,1.2036677040394552,37.01071054602784,0.9763371463837442,1,610.0683378212509,172.27156432196935,-0.0815919983807047,0.3173723493198159,66
220.4,FeaturePoor,610.265504501561,171.9036205610335,-0.0925024503557185,2.714251449965116,2.770654446708875,0.0019858542600169,1,612.3404178904912,173.53125289892674,13,1.202966526749513,38.23019605797116,1.4614828914338922,1,607.9134146022101,168.14784186824858,-0.0697846590824342,0.3246287356167802,19
220.5,FeaturePoor,610.536069356461,171.8785210183235,-0.0925024503557185,2.7172656798931363,2.675760469355625,-0.0071573321486806,0,,,15,1.244051691386044,39.86582835141588,1.0278983123148324,1,613.7549533197005,172.7614402291913,-0.1448194416584276,0.3335848693811966,98
220.6,FeaturePoor,610.8069369031313,171.8533933957469,-0.0925024503557185,2.720305594148157,2.635459526503686,0.0042941637900154,1,613.4503700690041,171.32474560105376,13,1.3094817991642975,40.564059446799696,1.193455717544372,1,609.2791448705691,172.85871368323149,-0.1289956636447708,0.3822881926563112,130
220.7,FeaturePoor,611.0781096795824,171.8282374578597,-0.0925024503557185,2.7233709974815614,2.712070519584268,0.0042887829366863,0,,,14,1.2267915534309972,37.24530102842414,1.0225376481584616,1,609.8194542644368,172.71426067233264,-0.1363474882615558,0.3539112307022746,128
220.8,FeaturePoor,611.349590204083,171.80305297104908,-0.0925024503557185,2.7264616916260755,2.6553883951802173,0.0053608639101748,1,612.0336963035188,172.4439527572911,13,1.0967081588200993,38.16640368442585,1.637113420702599,1,611.5527089485277,173.67714703839098,-0.1231886103620247,0.3036189412235278,60
220.9,FeaturePoor,611.6213809748613,171.77783970356148,-0.0925024503557185,2.729577475318409,2.792167480370694,0.0018379745219496,0,,,15,1.255674150826943,41.20137794977563,1.3234282082056408,1,609.3874217717436,172.69920564181444,-0.1035995183200988,0.4017553853612749,35
221.0,FeaturePoor,611.8934844698091,171.7525974255298,-0.0925024503557185,2.732718144322249,2.720005093911064,0.0036503870753025,1,613.3413492967103,173.33524512741857,15,1.4482857124488069,39.405655962056215,1.111377072112825,1,614.4216545080915,173.69734435152617,-0.1461309463437179,0.3203084401423859,66
221.1,FeaturePoor,612.1659031461885,171.7273259090007,-0.0925024503557185,2.735883491451625,2.7164144381109696,0.0117814877956769,0,,,12,1.260310896628648,38.93442446877266,1.6801567127503658,1,615.4762841310217,171.8902953973143,-0.0628884371743714,0.2983056893866215,71
221.2,FeaturePoor,612.4386394403399,171.70202492796176,-0.0925024503557185,2.739073306594613,2.761421299361116,-0.0012630094041992,1,614.462802472858,172.7845360348502,13,1.3756705512922685,40.56011949887898,1.2109352050905144,1,613.5109451587779,172.2147403130707,-0.068521378435959,0.2598852856541354,79
221.3,FeaturePoor,612.7116957673936,171.6766942583681,-0.0925024503557185,2.7422873767374134,2.6668884860858624,-0.0051347096803009,0,,,13,1.2998504890099662,40.9855118713976,1.402933933662838,1,606.4353047592597,174.82518049348744,-0.0030854195761889,0.1080245874580908,33
221.4,FeaturePoor,612.9850745209831,171.65133367816907,-0.0925024503557185,2.7455254859887623,2.653491036474516,-0.0077410196275433,1,614.5097319149409,172.46933645236632,16,1.1144124629494874,40.41244614535916,1.1898377191218372,1,612.2101531148171,170.6628272696538,-0.1418163131379626,0.3434433494987566,42
221.5,FeaturePoor,613.2587780729607,171.62594296733454,-0.0925024503557185,2.748787415604702,2.7582992179016146,0.009431249382562,0,,,13,1.3218627392023568,39.35291976876842,1.5174996142655068,1,612.4888840336175,171.4632429142632,-0.1691486771831467,0.267371907158293,84
221.6,FeaturePoor,613.5328087731167,171.6005219078811,-0.0925024503557185,2.7520729440136886,2.671072042549783,0.0094416500844081,1,615.5023369913425,171.5560772937426,14,1.2287830982272112,38.83507692735319,1.0818502894418116,1,614.2684173617073,174.18834605293782,-0.1560233633072325,0.2534061589882621,57
221.7,FeaturePoor,613.8071689488997,171.57507028389784,-0.0925024503557185,2.7553818468420483,2.67549333691539,-0.0046480584917916,0,,,15,1.1752911428904202,39.15925228950911,1.1565456329084634,1,614.5007862814008,170.72879208825876,-0.0469143620188736,0.2644276682780939,118
221.8,FeaturePoor,614.0818609051405,171.5495878815721,-0.0925024503557185,2.7587138969397658,2.7989166946015303,-0.0035858983414849,1,615.0430732635176,173.38754143531054,16,1.1818729028603987,35.95203195113056,1.1746140119437385,1,618.5710544217501,169.61373246176237,-0.118514515890296,0.2988926913808974,110
221.9,FeaturePoor,614.3568869237781,171.5240744892148,-0.0925024503557185,2.762068864406612,2.7827743311035715,-0.0014459572329671,0,,,13,1.1637202828653954,38.77505872270165,1.074801190443354,1,615.4613029613002,169.61836915393982,-0.0025737988417371,0.2731914959477701,109
222.0,FeaturePoor,614.6322492635887,171.49852989728558,-0.0925024503557185,2.765446516618602,2.6766770283069707,0.0066265523217945,1,615.0374434179039,172.51478304769844,14,1.1525351803546904,38.24685397063856,1.560830301796829,1,614.4893372381977,173.69087028011123,-0.0860751305948537,0.2214784665344739,79
222.1,FeaturePoor,614.9079501599168,171.4729538984178,-0.0925024503557185,2.768846618254788,2.718892723556824,-0.0065997100624808,0,,,13,1.3222620413417274,39.19363607354863,1.2326073486825788,1,613.7403016411546,171.51906553448757,0.0261708245744176,0.2739944590263125,75
222.2,FeaturePoor,615.1839918244098,171.44734628744317,-0.0925024503557185,2.772268931324367,2.705229012936844,-0.0101925023503266,1,617.0584647463332,172.37831862615766,14,1.167520026234848,38.03581745925927,1.2068365200326625,1,618.7556317367108,171.42924152443237,-0.0845721568022375,0.4046233450288919,52
222.3,FeaturePoor,615.4603764447544,171.42170686141608,-0.0925024503557185,2.7757132151941226,2.8697430422812733,0.0114159431802258,0,,,14,1.415863987135193,36.57960207327706,1.4446637544425334,1,613.2554815394981,172.01705071534718,-0.1368970111208085,0.264781639686855,76
222.4,FeaturePoor,615.7371061844167,171.39603541963788,-0.0925024503557185,2.77917922661618,2.82190176440402,0.0017029875521579,1,616.8483583601009,173.27967396790712,11,1.1955331787992836,40.12412639799306,1.1508483060004702,1,618.1317301107442,169.82779846643237,-0.0659609370101743,0.3646640952834493,88
222.5,FeaturePoor,616.0141831823844,171.3703317636807,-0.0925024503557185,2.782666719756078,2.74863686340246,0.0024468076223878,0,,,16,1.2692371035157586,39.558627951292735,1.3665245602533058,1,616.5260149947545,168.54409201574856,-0.2033918989500529,0.3462814354716837,73
222.6,FeaturePoor,616.2916095529122,171.34459569741102,-0.0925024503557185,2.7861754462211548,2.810474572206505,-0.0010151803678177,1,618.1713264606558,171.22902038452528,13,1.1936602608621127,38.02041306457152,1.284030268242485,1,617.5325399382899,165.61272990387783,-0.1751790669457649,0.124140864822398,28
222.7,FeaturePoor,616.5693873852697,171.3188270270132,-0.0925024503557185,2.789705155089241,2.6954243185409754,0.0025116556818881,0,,,15,1.0232737592936894,38.24784016932927,1.0636681796713785,1,615.9531836919363,170.3874002933367,-0.0959506128684513,0.2840991288313391,32
222.8,FeaturePoor,616.8475187434927,171.29302556101237,-0.0925024503557185,2.793255592937661,2.7412314072934683,-0.0077695063624454,0,,,15,1.1969764895905888,38.99470874531035,1.1111093047770255,1,619.6397215202352,170.3254694991005,-0.1163103050733282,0.2231108850239869,68
222.9,FeaturePoor,617.1260056661371,171.2671911102975,-0.0925024503557185,2.7968265038725346,2.79026753835788,-0.0042538581973338,0,,,12,1.159266982713658,37.70741829201105,1.5113483212101462,1,616.1484445150073,172.98068585877454,-0.1253723831180289,0.3580167386701749,59
223.0,FeaturePoor,617.4048501660353,171.24132348814368,-0.0925024503557185,2.8004176295583783,2.813613449794444,0.0007069027720636,1,617.982115950369,172.23423990736535,13,1.2921154390146523,38.08226753324358,1.3997776014128314,1,616.4515009891915,168.36690109054777,0.0068211978682559,0.1184433408823279,13
223.1,FeaturePoor,617.684054230057,171.21542251023465,-0.0925024503557185,2.804028709248001,2.785076208197028,-0.0117362352624392,0,,,13,1.20558683464933,43.35999333115651,1.3741955089197273,1,621.1044411559844,170.85357196329082,0.0070682869714766,0.3082751036462239,84
223.2,FeaturePoor,617.9636198188712,171.1894879946846,-0.0925024503557185,2.8076594798126924,2.811673513536727,-0.0014517017647524,1,617.8376256010649,171.0440555550175,13,0.9725545351712308,37.42397952601237,1.795927337463742,1,618.0757550503964,175.4270079436201,-0.1598862995138512,0.3638456712130249,126
223.3,FeaturePoor,618.2435488667123,171.16351976206008,-0.0925024503557185,2.8113096757726974,2.8071697684314416,-0.0017559508594805,0,,,14,1.335720834843439,39.21302128480073,1.296906856570884,1,613.8214774290428,170.37924599547583,0.0577636382361901,0.2774806425968993,77
223.4,FeaturePoor,618.5238432811497,171.1375176354012,-0.0925024503557185,2.814979029327978,2.7963444309030896,-0.0014453680048743,1,620.5625029014141,172.41754294234008,15,1.1026291004553832,39.66755313515553,1.1760947284481764,1,618.9646771883132,172.37807661939024,-0.1544334131121072,0.3416903054620135,81
223.5,FeaturePoor,618.8045049428588,171.11148144024295,-0.0925024503557185,2.818667270389251,2.7969760158432284,-0.0027747412654546,0,,,13,1.0556321551568508,38.6257215173198,1.3906930483105888,1,617.5706843495183,167.5213462181487,-0.1181657934751529,0.3721471897827673,122
223.6,FeaturePoor,619.085535705397,171.08541100463606,-0.0925024503557185,2.8223741266093074,2.793491194183081,-0.0051301706157597,1,618.8292223404895,173.3575513815853,14,1.0811314731685586,38.277434366204886,1.2035254954410493,1,617.1588116863437,170.42111586944398,-0.0505431791496135,0.3573497856749219,91
223.7,FeaturePoor,619.3669373949816,171.05930615916745,-0.0925024503557185,2.826099323414601,2.840296310564328,-0.0094250416805951,0,,,14,1.2025142820421892,39.093859605776174,1.1689297494305306,1,618.3814563163354,172.6831863969375,-0.0224843653749275,0.3475603089541801,125
223.8,FeaturePoor,619.6487118102716,171.03316673698058,-0.0925024503557185,2.8298425840371086,2.853414152580245,0.00089065129629,1,619.9123538376467,171.11532210771873,13,1.1617519722075331,38.99693320529559,1.2428855687334048,1,618.095347554206,172.38814460427008,-0.0799914971676889,0.3248679549952671,83
223.9,FeaturePoor,619.9308607221521,171.00699257379537,-0.0925024503557185,2.8336036295464546,2.844948591053351,-0.0014569871117819,0,,,15,1.1279891331116143,40.65478076444341,1.4808739533977475,1,621.2052487138266,172.34117478999644,-0.1666556592972146,0.3414520534757107,100
224.0,FeaturePoor,620.2133858735224,170.98078350792798,-0.0925024503557185,2.837382178882296,2.767628878727116,-0.0070731385255786,1,620.0330115813447,171.42701968363687,17,1.2474918413255558,37.0737481843636,1.0107602141348662,1,618.6444672329685,173.73174693008613,-0.0779345402593536,0.3645394011480939,22
224.1,FeaturePoor,620.4962889790868,170.95453938031008,-0.0925024503557185,2.8411779488869677,2.782631385476807,0.0004535240856298,0,,,15,1.2637680894409429,39.86742066845488,1.071927592997422,1,619.322376156761,172.96342756166436,-0.220734425684951,0.272772131118831,6
224.2,FeaturePoor,620.7795717251497,170.92826003450796,-0.0925024503557185,2.8449906543383774,2.8711678338006,-0.0014105007682234,1,622.287543380563,172.20812744527964,13,1.085179567511895,39.84315185126506,1.1745842435693357,1,618.3096618290266,171.62148805764627,0.0078771479349981,0.413034303661644,47
224.3,FeaturePoor,621.0632357694128,170.90194531674126,-0.0925024503557185,2.848820007983156,2.93947164243927,-0.0023027043105826,0,,,15,1.1742032134399651,39.818518271400805,1.1489675130491377,1,619.2037823020964,170.77831316003034,-0.0503370589915452,0.4351693443280108,96
224.4,FeaturePoor,621.3472827407764,170.8755950759015,-0.0925024503557185,2.852665720570046,2.8675376609788783,-0.0112191527587221,1,623.8649914257556,170.97012712418655,15,1.1391489427101844,40.00369767786863,1.048829569468846,1,624.2375958881934,172.46430516643835,0.0303002684824185,0.2213083324327885,32
224.5,FeaturePoor,621.6317142391438,170.8492091635701,-0.0925024503557185,2.856527500883539,2.8383810462244097,0.0036379576385475,0,,,12,1.3628653212739252,38.77645813909093,1.1315020203204862,1,622.494073946975,173.07864113568675,-0.0671034128168548,0.3214203168154846,113
224.6,FeaturePoor,621.9165318352287,170.82278743403637,-0.0925024503557185,2.8604050557777456,2.883905459482253,-0.0064249083252185,1,621.0228658733023,170.48998318593866,13,1.1107504793578138,41.24932497322276,0.961239134216764,1,622.7070397266784,170.31600901442275,-0.0227525413718332,0.3326644806883505,90
224.7,FeaturePoor,622.2017370703672,170.79632974431487,-0.0925024503557185,2.864298090210501,2.804608054832227,0.0003286984026165,0,,,14,0.8781678075723552,41.16131375992184,1.2852712876995382,1,619.2477327786917,171.583091619363,-0.0240858350998762,0.3481629994389892,80
224.8,FeaturePoor,622.4873314563317,170.76983595416274,-0.0925024503557185,2.868206307277701,2.9558664804944583,-0.0042825908922692,0,,,13,1.127606191827374,36.456216806710486,0.9850087939855288,1,624.7532496836986,173.69637339161747,-0.1394299636596829,0.3575506672445578,71
224.9,FeaturePoor,622.7733164751492,170.7433059260965,-0.0925024503557185,2.872129408247857,2.89144596583427,-0.00216090523141,0,,,12,1.1851116626520182,39.26758513823059,0.8952173168606254,1,622.189384688977,172.89718476935428,-0.1810152705511716,0.4227482015086983,97
225.0,FeaturePoor,623.0596935789226,170.7167395254086,-0.0925024503557185,2.8760670925968825,2.8444608068838577,0.0058906417163956,1,624.347065228131,170.1533361200418,14,1.4347454594176834,38.47238779903028,1.2442458256211235,1,621.7117171910087,169.71781065835475,-0.1051214911321283,0.3710279037993804,116
225.1,FeaturePoor,623.3464641896562,170.69013662018372,-0.0925024503557185,2.880019058043088,2.8755535579338614,0.0026789791408145,0,,,13,1.2981528268719642,38.160656757238506,1.2887224066696563,1,622.9875528277078,167.61300387664394,-0.0590600407864148,0.2871845331892412,88
225.2,FeaturePoor,623.6336296990836,170.66349708131463,-0.0925024503557185,2.883985000582391,2.855262009578869,0.0058403357902806,1,624.5121084549447,170.29130651576932,12,1.0336160676202224,37.042949890831935,1.171227320047847,1,622.9208037615265,170.77854088298665,-0.0071193062792378,0.3261855832070701,108
225.3,FeaturePoor,623.9211914685001,170.6368207825178,-0.0925024503557185,2.8879646145237348,2.9681474184904624,0.0017094133388946,0,,,14,1.2054800911143717,38.97488349013409,0.9417005370379558,1,625.3902428680119,170.7136639072014,-0.0748050396269421,0.2542675241570341,19
225.4,FeaturePoor,624.209150828598,170.61010760034858,-0.0925024503557185,2.891957592524711,2.8827974805666687,0.0020185753449237,1,623.1136098405996,173.10338787109436,16,0.9023065426987956,39.58749890032814,1.2580421603236125,1,624.5130828840631,171.06540926782054,0.0298898844885084,0.2960367847297566,112
225.5,FeaturePoor,624.4975090793062,170.58335741421627,-0.0925024503557185,2.895963625627384,2.906410827231636,-0.0093604015368893,0,,,15,1.2814790480367255,40.45243583907829,1.469966042732273,1,624.5603707213273,171.12320524530284,-0.1808132220533544,0.2936016641563161,32
225.6,FeaturePoor,624.7862674896322,170.55657010639857,-0.0925024503557185,2.899982403294304,2.935000864985092,-0.0017027789296473,1,626.2163759823717,170.74141112952688,13,0.9913617599266744,39.85205820235224,1.6010257185851693,1,625.3556211629725,169.63034854856457,-0.0680601160482075,0.3683580658024422,126
225.7,FeaturePoor,625.0754272975093,170.5297455620559,-0.0925024503557185,2.9040136134447225,2.8627039948626454,-0.0012438960908416,0,,,15,1.0138042950585766,36.213783246588974,1.191988143670298,1,624.6618860147548,172.6006158761727,-0.0727041138031014,0.257345292188085,111
225.8,FeaturePoor,625.3649897096459,170.5028836692453,-0.0925024503557185,2.908056942490983,2.92298279375902,0.0063742736869344,1,623.8222962636343,169.18145509071437,14,1.131282823949634,36.70863643444788,1.4736576125433567,1,625.3004270136445,167.80805054695992,-0.0816418836066628,0.3177451822460113,72
225.9,FeaturePoor,625.6549559013791,170.47598431893405,-0.0925024503557185,2.9121120753751004,2.933483211398952,-0.0026889367849882,0,,,13,1.2273126133922505,38.72962385197469,1.174799463491721,1,627.1032685609597,169.02415897035638,-0.0609058157472821,0.4519881602583456,104
226.0,FeaturePoor,625.9453270165326,170.44904740501283,-0.0925024503557185,2.916178695605519,2.8272366314334745,0.0012878554667589,1,625.5698229024687,170.02344564396896,14,1.3327342134951192,39.45211295838878,1.2484772103856134,1,627.9391548815557,167.97713640547985,0.0413243355992047,0.3649556382237949,80
226.1,FeaturePoor,626.2361041672767,170.4220728243087,-0.0925024503557185,2.92025648529404,2.937586936399112,0.0010944277292755,0,,,15,1.1670960271799278,38.37169700663202,1.090439740700157,1,624.6157642850449,170.92876131776777,-0.1801223412230186,0.3229597161328802,42
226.2,FeaturePoor,626.5272884339937,170.39506047659765,-0.0925024503557185,2.9243451251929184,2.9234814553879698,0.0059767287280456,0,,,15,1.2209767419657138,38.32702925398489,1.3105875622097978,1,625.5032772224585,171.00370432521268,-0.1716455737892461,0.1802068441568066,118
226.3,FeaturePoor,626.818880865146,170.36801026461674,-0.0925024503557185,2.9284442947321327,2.9401934232995424,-0.000826402320583,0,,,14,1.1510367170389433,37.22076941208876,1.1184565835466873,1,628.7816622459756,168.58005362539967,-0.0143753696535875,0.3193675821777311,82
226.4,FeaturePoor,627.1108824771478,170.3409220940761,-0.0925024503557185,2.9325536720568013,2.9381504895470174,0.0042150018799055,1,627.4339890064839,171.41393437272936,13,1.1395204303849549,38.82179030223399,1.1518223350588996,1,628.9793466748565,169.3836598013333,-0.1033660126086588,0.3052358641122015,61
226.5,FeaturePoor,627.4032942542417,170.3137958736703,-0.0925024503557185,2.936672934064764,2.9542565460739976,-0.0089957268774546,0,,,13,0.9980120759967,38.12973331373026,1.125884557794467,1,630.3653982370157,169.2555516305791,-0.0352433629315083,0.322638116061645,45
226.6,FeaturePoor,627.6961171483773,170.28663151508962,-0.0925024503557185,2.940801756444312,3.024882776122176,-0.0085097941868474,1,628.8383064955276,169.6915582444832,13,1.3306291816593616,40.24174527104016,0.8738999228462002,1,628.3956616038224,171.9082209750386,-0.0354408630179841,0.253258114654879,52
226.7,FeaturePoor,627.9893520790953,170.25942893303088,-0.0925024503557185,2.9449398137120646,2.881579056552223,-0.0120665749283289,0,,,15,1.5416141091302782,40.20129968106878,1.2526957356751096,1,626.7230945215058,171.29598410288006,-0.1729384893027044,0.3992326107723719,37
226.8,FeaturePoor,628.2829999334143,170.23218804520783,-0.0925024503557185,2.9490867792509854,2.935914825686188,0.0040174054053565,1,626.7071519637921,171.7247947225103,15,1.2237488568731305,38.994488959867546,1.250478241920108,0,,,,0.2602187505236972,137
226.9,FeaturePoor,628.5770615657217,170.2049087723614,-0.0925024503557185,2.95324232534854,2.998730733625123,0.0034400024593725,0,,,15,1.2055853418537137,37.2080195111137,1.1676788717922686,1,628.3231204885877,174.06172937313409,0.0342142888050975,0.0897183724968791,32
227.0,FeaturePoor,628.8715377976685,170.17759103826927,-0.0925024503557185,2.957406123234981,2.9895123443972,0.0046327484341769,1,628.8182820978972,170.78436583285725,16,1.2617124747621131,39.39094076749403,1.409527793557747,1,631.4724271979851,171.1744197862391,-0.1479600056993053,0.2212469642305632,61
227.1,FeaturePoor,629.1664294180678,170.15023476975549,-0.0925024503557185,2.961577843121771,2.9944922616116045,-0.0036000557515657,0,,,12,1.1319901346203534,38.50543558412494,1.0909829153966464,1,629.9409553235749,171.01443305138034,-0.007452518076076,0.3330620465673646,75
227.2,FeaturePoor,629.4617371827973,170.1228398966994,-0.0925024503557185,2.965757154240113,3.1325895264132453,-0.003037766773518,1,631.6777345635526,171.04966196615004,12,1.1721319983844674,42.75675915155267,1.4068250422445334,1,628.2265333753369,168.55365911596704,-0.1181673856954872,0.2388031914801626,53
227.3,FeaturePoor,629.7574618147054,170.09540635204434,-0.0925024503557185,2.969943724879615,3.009530926869612,-0.0007199280650941,0,,,15,1.2361427345336948,37.94804675840301,1.4221454470797468,1,630.6507173370351,168.9931047266915,-0.1166358600285235,0.3145160234969214,142
227.4,FeaturePoor,630.0536040035214,170.0679340718061,-0.0925024503557185,2.974137222427062,3.039330860157258,0.0075166229959965,1,628.418238285492,171.0364945568349,16,1.3045578616879194,39.820879371010165,1.7027400776503931,1,626.8424237125274,165.27382949640426,-0.2427199253449337,0.0997245508636133,24
227.5,FeaturePoor,630.3501644057696,170.04042299508075,-0.0925024503557185,2.9783373134052957,2.957536985991773,0.0087977884977522,0,,,17,1.2154486079240414,38.19325676485757,1.3340251558201186,1,627.881135905722,166.29646859586822,-0.131295741752901,0.3554274765596343,85
227.6,FeaturePoor,630.6471436446869,170.0128730640524,-0.0925024503557185,2.982543663512202,2.922594708410538,0.0040617882357883,1,629.3985453711924,168.98626962103535,16,1.3221147690818116,41.45155130061144,1.179684921360227,1,629.2220096738017,169.6625593901335,-0.1067564010237451,0.3325961517076619,125
227.7,FeaturePoor,630.9445423101447,169.98528422400028,-0.0925024503557185,2.986755937659799,2.9661476460660854,0.0016513299623257,0,,,14,1.353209770663657,40.58044648075617,1.2682632230375557,1,635.9294666257546,166.57320775830505,-0.0572325505289574,0.375794911732503,126
227.8,FeaturePoor,631.2423609585743,169.95765642330582,-0.0925024503557185,2.9909738000134194,3.0355129876020106,0.0069669998454001,1,632.7378336864076,169.29357518707047,14,1.2548873677896712,38.07154018195499,0.8272915877992817,1,628.2192554753951,171.33528576875307,-0.0081662220186151,0.2955129455339401,92
227.9,FeaturePoor,631.540600112897,169.9299896134591,-0.0925024503557185,2.99519691403098,3.022138477739986,-0.0013484451828644,0,,,14,1.3146809403645825,38.02621258211478,1.059300998685401,1,629.6186745302894,169.32035279872997,-0.0116271305311048,0.1218107379594975,41
228.0,FeaturePoor,631.8392602624571,169.90228374906502,-0.0925024503557185,2.999424942502344,3.0277222555596053,-0.0020996815698177,1,632.560670133315,168.88737325400172,13,1.189432869021576,39.72262801774741,1.2989850179079554,1,632.4916638273339,168.79741085230057,-0.1877192749132459,0.3384766569527512,82
228.1,FeaturePoor,632.1383418629594,169.8745387878491,-0.0925024503557185,3.003657547588756,2.9961669007224545,-0.0007537933116275,0,,,15,1.06581259773975,38.46797987821753,1.254010500133326,1,631.1778734597503,168.50752351244813,-0.0737850960541228,0.2703766788929629,53
228.2,FeaturePoor,632.4378453364106,169.84675469066298,-0.0925024503557185,3.007894390862364,2.9914463561269966,-0.0052105551706793,1,631.734595959215,169.58081813394494,14,1.372341240943043,39.971671956984096,1.019267354066674,1,632.2065732231632,171.24222485761717,-0.0312727701182127,0.2962093457939625,90
228.3,FeaturePoor,632.7377710710648,169.81893142148942,-0.0925024503557185,3.0121351333458004,3.0082963371238765,-0.0009980709787496,0,,,14,1.3323143890926967,38.32669339012746,1.3976025451933063,1,631.4977454064315,172.6095875206057,-0.1129584912054673,0.3433559455971064,93
228.4,FeaturePoor,633.0381194213724,169.79106894744706,-0.0925024503557185,3.0163794355518423,3.0606197772636072,-0.0059260509784801,0,,,13,1.002311106546941,37.37579845535761,1.3684714719172302,1,633.554834429338,170.0862114527231,-0.0718905719361369,0.2778481980920448,49
228.5,FeaturePoor,633.3388907079332,169.76316723879472,-0.0925024503557185,3.0206269575231226,3.073122864746289,0.005307328714853,0,,,13,1.360945294557834,38.84844239169471,1.2492243132672207,1,633.245716024031,166.60833160056254,-0.1039841169957944,0.4437834823558934,79
228.6,FeaturePoor,633.6400852174539,169.73522626893543,-0.0925024503557185,3.0248773588719065,2.966339688224492,0.0028445823039372,1,633.9250971444295,169.68355429952368,14,1.1470082462787414,37.525004269659696,0.9504552531256868,1,635.5558477975798,170.0160454800816,0.0616596773475408,0.3059309588750516,94
228.7,FeaturePoor,633.9417032027094,169.70724601442,-0.0925024503557185,3.029130298819916,3.0773212428352408,0.0074982949880901,0,,,14,1.010605157296337,37.72665766183872,1.0853756555558616,1,631.5909600974059,165.51559501932337,-0.00198875207073,0.3381662474913643,90
228.8,FeaturePoor,634.2437448825069,169.67922645495028,-0.0925024503557185,3.033385436238204,2.998869284678121,-0.0085051503931537,1,634.7627157809126,169.02141448331992,13,1.1703258400673793,39.64588711782785,1.0038298494397793,1,633.3234582211791,167.8427984438452,-0.1596643908262995,0.3382050187328755,82
228.9,FeaturePoor,634.5462104416562,169.651167573382,-0.0925024503557185,3.0376424296870685,3.068486179964569,0.0098978508024949,0,,,11,1.129159854223014,39.59498745733634,0.9782807363526766,1,632.3365564126684,169.9154389194474,-0.1397058830184763,0.2830083423856809,28
229.0,FeaturePoor,634.8491000309417,169.6230693557273,-0.0925024503557185,3.0419009374560115,3.032123660015428,-0.0082661923084217,1,634.8345923037381,170.41872103068215,13,1.19118191895269,38.38113546646044,0.9229990114295684,1,635.1675399302934,170.97824592255012,-0.0202630366536005,0.0859524474731541,41
229.1,FeaturePoor,635.1524137671003,169.59493179115682,-0.0925024503557185,3.046160617603721,3.1411337016668543,-0.0062790248426716,0,,,16,1.25927010334239,37.35341896128821,1.2099247827497102,1,636.1362525304013,172.42736843673418,0.0278583518180353,0.3488622574064799,14
229.2,FeaturePoor,635.4561517328015,169.56675487200155,-0.0925024503557185,3.050421127998089,3.026654748864312,-0.0032103410669801,0,,,16,1.1671240119922288,39.811223520767,1.1165731885735375,1,634.8684780595788,168.581775211012,-0.0538810927367539,0.3039676552079007,78
229.3,FeaturePoor,635.760313976633,169.53853859375414,-0.0925024503557185,3.054682126356251,3.066119911507762,0.0069037247732526,0,,,16,1.3851691919887406,40.63416401473415,1.101737715406661,1,638.0115806779179,168.8025614665771,-0.05476468476953,0.2837625313990917,56
229.4,FeaturePoor,636.0649005130898,169.51028295506995,-0.0925024503557185,3.058943270284641,3.097068099191613,0.0012899180743952,1,635.2159080598342,169.10824002959484,14,1.3603479765336055,35.8077272694246,1.4497451184489465,1,634.8615010865291,166.89119543965143,-0.1907215053557975,0.3834009994877055,17
229.5,FeaturePoor,636.3699113225666,169.4819879577677,-0.0925024503557185,3.063204217319067,3.0090740049551643,-0.0011840880688776,0,,,15,1.131374586677805,38.006442138036135,1.413281523746427,1,636.7712739624557,165.86825755229862,-0.110938226780179,0.2670371779260303,68
229.6,FeaturePoor,636.6753463513551,169.45365360682973,-0.0925024503557185,3.067464624964788,3.063106015900201,-0.0040038118723229,1,636.5144591757979,169.0680799411442,12,1.24230924644262,39.83277293615505,1.3246625888612151,1,637.2046537945292,170.34431433946187,-0.0695478152167905,0.2167244226806706,82
229.7,FeaturePoor,636.9812055116449,169.425279910402,-0.0925024503557185,3.0717241507366,3.0562219508742205,-0.0070685139854987,0,,,12,1.1547814792615752,42.19419153370277,1.4794224562072131,1,631.9251080989347,171.0113219734881,-0.0313301453117182,0.2707167385654228,74
229.8,FeaturePoor,637.2874886815287,169.3968668797935,-0.0925024503557185,3.075982452198919,3.047158308680844,0.0060963401279102,1,637.3893671333955,167.95601357437553,17,1.1703965104469582,38.22001832391918,1.2218590295234666,1,635.4125105181341,169.78894643107938,-0.0755381717557268,0.2325096321808031,166
229.9,FeaturePoor,637.5941957050104,169.36841452947553,-0.0925024503557185,3.080239187005861,3.0551311257183835,0.0043587807868837,0,,,13,1.1875318043998673,38.380854617091984,1.0700750673624346,1,636.8918292940466,165.97379875322787,-0.4241104087615452,0.1378189274882737,61
230.0,FeaturePoor,637.9013263920192,169.33992287708045,-0.0925024503557185,3.0844940129413088,3.15484488556185,0.0073241642464399,1,637.6165749142237,169.12845120589444,14,1.2789230357682098,39.54688482023474,1.382297167539452,1,635.9222703144283,168.47682378955128,-0.1664874829352838,0.3156256584078191,76
230.1,FeaturePoor,638.2088805184256,169.3113919434001,-0.0925024503557185,3.0887465879589637,3.0579306005404856,0.0023215407225222,0,,,15,1.1365354481380134,35.33515884479553,1.25161469773956,1,638.1251264041082,166.9453599516316,-0.0401289086152369,0.379931104867404,45
230.2,FeaturePoor,638.5168578260627,169.28282175238394,-0.0925024503557185,3.092996570222378,3.131944464214405,-0.0135712410561643,1,638.5464525900605,169.69796991023097,15,1.111496278031514,39.23082458016213,1.3106478192478836,1,638.8466827560516,170.08860985208997,-0.1204418056423533,0.2770779062094649,113
230.3,FeaturePoor,638.8252580227509,169.2542123311366,-0.0925024503557185,3.0972436181449665,3.120826576508448,-0.0062477517778681,0,,,13,1.230343294164385,39.10347357248444,1.3783323483094694,1,640.7457595241161,168.26181727338349,-0.0106718896424191,0.1215358774938484,45
230.4,FeaturePoor,639.1340807823268,169.2255637099154,-0.0925024503557185,3.101487390429979,3.020236552904812,0.0027476677833715,1,639.2055758090714,168.89143015993585,13,1.2624714311289114,37.447785011050826,1.437593302169437,1,642.9175772564726,174.9386496344476,-0.021818896341482,0.1352359793047742,0
230.5,FeaturePoor,639.4433257446763,169.19687592212708,-0.0925024503557185,3.105727546110448,3.1371524725359734,-0.0016379372600125,0,,,13,1.1355217045665946,41.95251306699753,1.1624578910619294,1,640.0229572847704,168.2593542736137,-0.0510412445021488,0.3053081998097524,71
230.6,FeaturePoor,639.7529925157709,169.16814900432456,-0.0925024503557185,3.109963744589089,3.0256215248446705,-0.0025592903793419,0,,,17,1.2638099671393654,41.70615605892581,1.077988676810745,1,642.1936097294086,171.09535594787633,-0.0200924423537265,0.4067564303922635,81
230.7,FeaturePoor,640.063080667709,169.13938299620307,-0.0925024503557185,3.1141956456781643,3.151502019375207,-0.005433664452293,0,,,16,1.3331729665214909,37.01011988469647,1.311012586613935,1,640.0441690521354,173.42563519465835,-0.1164671665708247,0.3046553868713087,102
230.8,FeaturePoor,640.3735897387602,169.11057794059604,-0.0925024503557185,3.1184229096392904,3.0865125369038693,0.0053616055537131,1,641.5035840991754,167.55519766551078,15,1.2416570086190832,38.48586796224223,1.4608677873066909,1,641.2373242405162,168.89615028547422,-0.1869787939399581,0.3614223709974683,94
230.9,FeaturePoor,640.6845192334144,169.08173388347058,-0.0925024503557185,3.1226451972231963,3.116051058654739,0.0027528550088484,0,,,14,1.169323867164977,38.1563931158055,1.1443618708059402,1,639.8278394303079,169.21297921935562,-0.0336834784955071,0.3812385107729904,110
231.0,FeaturePoor,640.9958686224343,169.05285087392252,-0.0925024503557185,3.1268621697094225,3.0476072572551365,0.0030083642549875,1,639.7438345527638,167.19204410941882,14,1.1297911574060406,38.99352704306326,1.114312424439621,1,639.9993756989542,170.9410238394067,0.0460778359970226,0.2738424262600427,94
231.1,FeaturePoor,641.3076373429117,169.0239289641713,-0.0925024503557185,3.1310734889459555,3.134614333564244,-0.0029356319482737,0,,,13,1.1698970107766486,36.91524613745899,1.0382580528418746,1,644.7974723594457,167.72735089904612,-0.1265725686872896,0.2832248371665818,117
231.2,FeaturePoor,641.6198247983285,168.9949682095542,-0.0925024503557185,3.135278817388793,3.1872476672751557,0.0013337137551707,1,642.3596470280339,169.30845501867427,15,1.0967358910355864,40.07588441608348,0.9165158202417722,1,640.1471215822204,164.4149549572479,-0.0795748798235433,0.2563613434227725,98
231.3,FeaturePoor,641.9324303586211,168.96596866852047,-0.0925024503557185,3.13947781814144,3.0911089621498125,-0.0065811059000177,0,,,14,1.1183776283933888,38.826436038570485,1.0368753525700285,1,644.9439896982186,169.31244123080089,-0.1396091075794654,0.3113380212813405,35
231.4,FeaturePoor,642.2454533602485,168.93693040262497,-0.0925024503557185,3.143670154994324,3.106209377560938,-0.0002297352439002,1,642.2692412873412,171.05880173087246,14,1.136279995373679,41.946448860278885,1.3601176081676498,1,640.8784508964615,170.0228561968435,-0.0933327942782735,0.2856427257686239,74
231.5,FeaturePoor,642.5588931062647,168.90785347652138,-0.0925024503557185,3.147855492464127,3.1727106499810294,-0.0128231362154334,0,,,15,1.2182533202796506,39.268586236038985,1.1486860739418598,1,640.406683797164,172.06989150643182,-0.0863344839105413,0.3850010829299711,39
231.6,FeaturePoor,642.8727488663953,168.87873795795525,-0.0925024503557185,3.1520334958330354,3.174880784130277,-0.0078530242300136,1,642.007611722802,168.60041975712937,14,1.1100649352360623,38.52389430853335,1.483500904672795,1,641.65533410943,170.54193962586996,0.0526873187326759,0.3318818791241615,52
231.7,FeaturePoor,643.1870198771172,168.84958391775646,-0.0925024503557185,3.15620383118789,3.002460020905165,-0.0013718360396918,0,,,14,1.1250590508552831,41.068187570303984,1.0580775292499216,1,641.8873432353406,166.93329599193137,-0.2789985934817851,0.1023345591175448,73
231.8,FeaturePoor,643.5017053417426,168.8203914298315,-0.0925024503557185,3.1603661654592465,3.2742624332246386,0.0127093757718375,1,644.0813333742899,167.74328367695986,14,1.1773333390797276,40.111583492866885,1.150595752120457,1,640.0893824108808,167.00768767991593,-0.153423984775348,0.259474457861491,108
231.9,FeaturePoor,643.8168044305074,168.79116057115525,-0.0925024503557185,3.164520166460331,3.1829530693779144,-0.0091923684128064,0,,,14,1.1869923639520483,37.46174343186506,0.7907365878438097,1,643.5679669199548,172.63892924011833,0.0245986328848979,0.3878810470591521,46
232.0,FeaturePoor,644.1323162806623,168.76189142176256,-0.0925024503557185,3.168665502925889,3.1963229988127844,-0.0062966792593778,1,645.808727716631,168.88754034611276,14,1.223225294991459,35.70751189192177,1.4375142687462747,1,646.2399448506164,172.3296236162058,-0.115706284828426,0.4879000608880764,108
232.1,FeaturePoor,644.4482399965688,168.73258406473929,-0.0925024503557185,3.1728018445509267,3.153141631368843,0.0013278776155132,0,,,15,1.363920646490023,41.32475039401074,0.9977451109231538,1,644.8860640699302,168.9476375290856,-0.2072762043127474,0.2938939891549798,34
232.2,FeaturePoor,644.7645746497985,168.70323858621313,-0.0925024503557185,3.176928862029332,3.056376950992145,0.0094564757926738,1,644.7029072878317,169.82833177578595,17,1.1427859253098889,37.00610494393398,1.3095776162266186,1,642.0721993807238,162.26645802664547,0.1245433491633281,0.1180944468082979,45
232.3,FeaturePoor,645.0813192792368,168.673855075344,-0.0925024503557185,3.1810462270923803,3.212260394294617,0.001220827969115,0,,,15,1.3455219502049325,38.7435820812082,0.9590750205685608,1,645.6575913234955,167.5222091030233,-0.0723431526133757,0.2323632042502093,29
232.4,FeaturePoor,645.3984728911893,168.64443362431413,-0.0925024503557185,3.185153612547112,3.141901954859684,0.0038116299883989,1,643.903003792402,169.33989197595758,16,1.0396896437162,40.67502921030266,1.354618037286022,1,646.9625884733692,168.05269424756008,-0.148248487646974,0.2553053477388365,42
232.5,FeaturePoor,645.7160344594932,168.61497432831777,-0.0925024503557185,3.189250692314582,3.2129329684804846,-0.0016409823737301,0,,,14,1.2070509310881512,39.043079124330745,1.2825326028387658,1,644.0014461161649,166.6645622955337,-0.0219510437213363,0.2442958956945912,123
232.6,FeaturePoor,646.0340029256322,168.58547728555052,-0.0925024503557185,3.193337141467976,3.1694109640281565,-0.0025125314257844,1,645.7313685781971,167.3587415773204,13,0.9574732830963733,38.47433750878338,1.6308968239856465,1,646.5583318874418,169.91142595297376,-0.0962798542573155,0.3517844868299532,90
232.7,FeaturePoor,646.3523771988544,168.55594259719837,-0.0925024503557185,3.197412636270585,3.201804557319676,0.0005754307291466,0,,,15,1.2356988109813398,38.21469352921579,1.341973611725075,1,645.0735232908366,165.51579853193394,-0.1105597087213818,0.3904875756381875,70
232.8,FeaturePoor,646.6711561562951,168.52637036742632,-0.0925024503557185,3.201476854213641,3.145427067933754,-0.0033048969081363,1,647.1815037761871,168.11485033181074,15,1.3281522391303509,39.17071799754966,1.09116403116424,1,644.9777114484444,171.21342677375202,-0.1673451118974207,0.3114870248916427,119
232.9,FeaturePoor,646.9903386431025,168.49676070336676,-0.0925024503557185,3.205529474054,3.246155375361853,0.0039363406566866,0,,,13,1.2538398585576975,38.92664421433968,0.9765803913589024,1,650.8516502794021,168.4750512967732,-0.1124319969037261,0.3152682594494753,95
233.0,FeaturePoor,647.3099234725678,168.4671137151073,-0.0925024503557185,3.2095701758516766,3.125844161897984,-0.0082996172923563,1,648.0102162073881,168.06416597050867,14,0.9750996170114764,38.07747027346744,0.9125841516638098,1,648.2137106543006,168.41290618255255,-0.0620967775570724,0.238295889178544,124
233.1,FeaturePoor,647.6299094262581,168.43742951567856,-0.0925024503557185,3.213598641007221,3.332726116638738,0.004758024545317,0,,,15,1.1146085703821138,37.76570326294632,1.150576869090183,1,650.6579849622455,172.0562145912648,-0.2218594324444929,0.1106981197501216,36
233.2,FeaturePoor,647.9502952541543,168.4077082210413,-0.0925024503557185,3.217614552298932,3.3374967552779298,0.0002794614784093,1,649.1001227407503,168.18763777847502,12,1.1551761931517617,40.54140541511356,0.8156344514080512,1,648.8413856357389,167.4310325662353,-0.1354570477303642,0.3869188624452385,110
233.3,FeaturePoor,648.2710796747915,168.37794995007343,-0.0925024503557185,3.2216175939199068,3.3102982448875915,-0.0010198877880736,0,,,15,1.0568359843045112,39.16817150647162,1.1403678996096656,1,647.986362805053,166.26981790400663,0.107418244149827,0.4394061953935876,94
233.4,FeaturePoor,648.5922613754037,168.3481548245566,-0.0925024503557185,3.22560745151492,3.2955099333872067,-0.0084707085478041,1,648.7030100226033,167.70603126169183,13,1.0331342644445374,34.84444287234511,1.0272464839983138,1,648.3959872538384,170.150036492146,-0.2523149184660971,0.3403703164281094,130
233.5,FeaturePoor,648.9138390120719,168.31832296916235,-0.0925024503557185,3.2295838122171263,3.221623514685173,-0.0050259584260784,0,,,14,1.2979115017094869,36.82677511370295,0.96062849061344,1,649.3518224226616,169.63536406719194,-0.1324053466183956,0.4115861726479551,56
233.6,FeaturePoor,649.235811209876,168.28845451143818,-0.0925024503557185,3.2335463646845866,3.295544733200356,0.0063645463733551,1,650.3524240291972,167.8533637043345,16,1.2096793912713075,41.56457809413518,1.3422038031146706,1,648.5726164551828,171.1913906071851,-0.0195487058823302,0.3049916382819125,88
233.7,FeaturePoor,649.5581765630504,168.25854958179303,-0.0925024503557185,3.237494799136607,3.2248861847312167,-0.0009986877670875,0,,,13,1.0562661644084022,39.89185209584116,1.1216613562641975,1,650.1833449327464,167.67924280875184,0.0641622056572925,0.3731629031105072,108
233.8,FeaturePoor,649.8809336351429,168.22860831348254,-0.0925024503557185,3.2414288073898923,3.1419648656908308,0.0015971463803932,1,650.5359332490324,167.98978912753088,16,1.146110764847563,36.98304334888713,0.992387405234246,1,650.2191704811662,167.23548201477712,-0.1632787033456306,0.3010566873460353,68
233.9,FeaturePoor,650.2040809591773,168.198630842594,-0.0925024503557185,3.2453480828945067,3.330082658166752,-0.0044381550197127,0,,,14,1.347074482399289,40.21293522903667,1.2176254646452638,1,649.509640842736,169.76807401168452,0.0095106970263221,0.0957218707588996,36
234.0,FeaturePoor,650.5276170378197,168.16861730803083,-0.0925024503557185,3.249252320769637,3.3096724410395337,-2.363646716027363e-05,1,651.1575031160979,168.49439629566132,14,1.2222942490341058,38.13133997119792,1.4136771867171385,1,650.9987163836902,168.45831420322125,-0.0293394888798563,0.3545502545617367,97
234.1,FeaturePoor,650.8515403435482,168.138567851497,-0.0925024503557185,3.253141217839155,3.247216298457952,-0.0070528129294199,0,,,13,1.227119265159529,39.768306357631616,1.043357378644789,1,650.9536880434646,169.9220140559801,-0.0944432773947863,0.3059578638677823,20
234.2,FeaturePoor,651.1758493188261,168.10848261748075,-0.0925024503557185,3.257014472666976,3.1782326088029467,0.0006327863778545,1,651.6604036021363,168.0729362730382,12,1.2459449922705423,39.02986029407275,1.2390012142001308,1,648.4547732972212,164.3839748805859,-0.0816594404945827,0.3144163860674658,106
234.3,FeaturePoor,651.5005423762788,168.07836175323845,-0.0925024503557185,3.260871785592204,3.2191570443721496,0.0020255083707438,0,,,16,1.129019450902488,39.67698246552359,0.8340362899119769,1,654.0741546667698,168.4611391518724,-0.178213498670078,0.3064006532388592,83
234.4,FeaturePoor,651.8256178988739,168.04820540877762,-0.0925024503557185,3.2647128587640672,3.14636784094342,0.0017110277299918,0,,,14,0.9985584723645772,38.50351696429469,1.5431959178970998,1,655.5241684164641,168.46331708551344,0.0096821974842189,0.3195458049158201,49
234.5,FeaturePoor,652.1510742401052,168.01801373684003,-0.0925024503557185,3.2685373961766326,3.3158213372646426,-0.0047196277680779,0,,,13,1.193413935034587,38.74665553336982,1.105422595203337,1,650.055099228421,167.49267062683367,-0.1171329850139146,0.402569088929143,96
234.6,FeaturePoor,652.4769097241793,167.98778689288434,-0.0925024503557185,3.2723451037033,3.168987078743613,-0.0017692361813729,1,652.0571658192948,168.0406529298186,15,1.2691634908234375,38.16023364935256,1.039535220588938,1,651.4230224624345,167.15199292990337,-0.0038012464041812,0.4312083619172108,73
234.7,FeaturePoor,652.8031226462065,167.95752503506836,-0.0925024503557185,3.276135689131069,3.2867524871869285,0.0028084972813769,0,,,12,1.2735048108509637,38.98356356788481,1.1038647369047951,1,653.4619638887958,167.07118321389578,-0.0351534270795399,0.3352847564131233,64
234.8,FeaturePoor,653.1297112723946,167.92722832423115,-0.0925024503557185,3.2799088621945733,3.2224851156140555,-0.0010987195444966,1,653.4959185441496,167.05130296179303,14,1.2143715767421166,38.20046623449771,1.2504564280224737,1,654.7043485986933,166.37675796132913,-0.04764206405232,0.2855274162548145,108
234.9,FeaturePoor,653.4566738402465,167.89689692387464,-0.0925024503557185,3.283664334609885,3.192726384404174,-0.0014992565218848,0,,,15,1.329421484615772,41.50091890249774,1.0969789877026623,1,654.4832232174305,166.96973306997012,-0.2984474294183559,0.2630665502714172,99
235.0,FeaturePoor,653.7840085587603,167.866531000145,-0.0925024503557185,3.287401820108076,3.2985523084752244,0.0099718727725558,1,655.114796435431,166.2426037027973,14,1.204695430370844,39.07103204791199,1.168170778279734,1,652.761966645217,170.63772084811683,-0.1111747417137221,0.3263225680989173,108
235.1,FeaturePoor,654.1117136086339,167.83613072181382,-0.0925024503557185,3.291121034468537,3.2695437024434324,-0.0049911374497096,0,,,14,1.2634048728270115,38.54778485645967,1.1603825279543905,1,653.4047802342271,169.260290811391,-0.0682338157748154,0.3418179251328886,11
235.2,FeaturePoor,654.4397871424715,167.80569626025883,-0.0925024503557185,3.294821695552053,3.339946243082588,0.0056546788389691,1,653.9380067537933,166.41447739232026,11,1.3527181824190155,39.37453519831904,1.1017916820437907,1,656.6614219705717,168.1331387211764,-0.1167056636895789,0.3384316712707553,122
235.3,FeaturePoor,654.7682272849946,167.77522778944433,-0.0925024503557185,3.298503523333625,3.2187568905351838,-0.0060281846788369,0,,,15,1.0878653402373013,39.63568156823315,1.095414828947595,1,654.0469909135728,168.36215618401516,-0.1215533754930016,0.3397787092454646,79
235.4,FeaturePoor,655.0970321332561,167.74472548590143,-0.0925024503557185,3.3021662399350347,3.253899869438134,0.0034339314864479,1,653.5587973916552,166.6403094009164,16,1.1918361947569027,40.47982032903778,1.04028658665055,1,656.4247901509459,167.8125549530527,-0.0895080105128687,0.3636662606796269,52
235.5,FeaturePoor,655.4261997568564,167.71418952870786,-0.0925024503557185,3.305809569657157,3.158124190335184,0.00373263180047,0,,,14,1.0822735442170233,40.9590090365902,1.182026085865281,1,657.5142282364898,168.4929864363108,-0.0701395422683557,0.3565724473462657,120
235.6,FeaturePoor,655.7557281981641,167.6836200994676,-0.0925024503557185,3.3094332390120047,3.1748206203262685,-0.002667140605361,1,656.695927574608,166.55501717337816,14,1.3083893553494514,38.35237550773799,1.299402017815796,1,655.3036565385364,167.25991226204698,-0.0564123528701703,0.271326164663866,32
235.7,FeaturePoor,656.0856154725394,167.65301738229007,-0.0925024503557185,3.313036976754508,3.419613311074272,-0.0064003968675382,0,,,12,1.4180154839424126,39.80597587629281,1.404995150151768,1,655.7667219803598,166.9269171474251,-0.0451674123464744,0.3859683153807622,77
235.8,FeaturePoor,656.4158595685604,167.62238156376932,-0.0925024503557185,3.316620513914022,3.439160727574869,-0.010285693680075,1,657.8063261447707,168.5878579528865,13,1.1303884601725631,40.409069147553495,1.303307828865906,1,655.8396251175516,167.68152788459582,0.0879553328468527,0.3750294677938081,147
235.9,FeaturePoor,656.7464584482526,167.5917128329625,-0.0925024503557185,3.320183583825568,3.3250210174342643,-0.0032018161754299,0,,,14,1.083872884970078,40.44697208075144,1.0707759342343413,1,658.3720141523802,168.43413146907162,-0.1370324232451887,0.2741017068784998,133
236.0,FeaturePoor,657.0774100473218,167.56101138136833,-0.0925024503557185,3.323725922160783,3.274148449614463,0.0027795504708863,1,658.4606443445356,168.12045093396273,13,1.470244408681358,40.58897161825787,1.3712841896544874,1,659.6177305885687,166.71042890113483,-0.0945662021568725,0.3790662351254251,77
236.1,FeaturePoor,657.4087122753896,167.53027740290543,-0.0925024503557185,3.327247266958602,3.303702095840271,-0.005649862224988,0,,,13,0.9244310694716308,39.26291144418167,1.6623590084221098,1,655.9515633326628,167.96647888064427,-0.0495155190172931,0.3208069316610881,88
236.2,FeaturePoor,657.7403630162322,167.4995110938899,-0.0925024503557185,3.330747358655644,3.3774500731596278,0.0004877739337095,1,657.996753616298,167.0763590200795,16,0.9670969125294616,36.90244196862943,1.2073332235615164,1,659.058327008039,165.90126293695556,-0.1495492765863946,0.3583114285745218,86
236.3,FeaturePoor,658.0723601280224,167.46871265301309,-0.0925024503557185,3.334225940116315,3.2981736250996807,-0.0077109499276907,0,,,13,1.1614931608585908,39.0388939974232,1.0175177591419096,1,658.7675571863487,166.24116067550145,-0.2252699272433269,0.2358407657171641,53
236.4,FeaturePoor,658.4047014435738,167.43788228131876,-0.0925024503557185,3.337682756662617,3.3461346881576355,-0.0012419756473036,1,657.593827601769,166.89600103935695,13,1.254208374163902,40.01741456063418,1.2260236968484048,1,659.1470908190513,165.7081827172685,-0.0581374713248208,0.3122651213499455,90
236.5,FeaturePoor,658.7373847705888,167.40702018218022,-0.0925024503557185,3.341117556103661,3.335224826366962,-0.0060346144004326,0,,,14,1.299057896845666,38.03079874639153,1.3111285472799017,1,660.0434105435636,168.3218344510408,-0.1386391563374567,0.4558704499484441,97
236.6,FeaturePoor,659.0704078919093,167.37612656127703,-0.0925024503557185,3.344530088764877,3.3049874716839773,-0.0004471389266128,1,659.2438347700165,167.71434203018063,13,1.080050511841092,42.33494735246519,1.291015289979434,1,657.9644169340933,167.25388529751916,-0.0700924638427089,0.3301459227987889,113
236.7,FeaturePoor,659.4037685657696,167.34520162657148,-0.0925024503557185,3.3479201075169267,3.3154454307658883,-0.0027406176070164,0,,,16,1.2139691658318252,38.86842747644438,1.257113050126158,0,,,,0.4209545165609613,72
236.8,FeaturePoor,659.7374645260533,167.31424558828485,-0.0925024503557185,3.3512873678043054,3.367211355867602,-0.0063496089818626,1,662.3106042588985,167.17458881640985,13,1.1914046727754672,40.47374786512972,1.0538222499451322,1,659.0482415927311,167.47797742824145,-0.0190495044417779,0.340006144369272,120
236.9,FeaturePoor,660.0714934825519,167.28325865887334,-0.0925024503557185,3.354631627673632,3.2927891665891758,-0.0035350763504891,0,,,14,1.217512905378207,42.05300469006004,0.9957975277844688,1,656.0147734318886,164.04987068213038,-0.2991705712647423,0.1483275669452656,40
237.0,FeaturePoor,660.405853121227,167.2522410530038,-0.0925024503557185,3.357952647801631,3.383469896859777,-0.0049779532852635,1,660.3737219227538,166.6788848090028,15,1.1434244772550997,39.0162107773028,1.2560441153366373,1,662.5848358048238,166.66689356999615,-0.0759584740352807,0.33322848912532,83
237.1,FeaturePoor,660.7405411044747,167.22119298752924,-0.0925024503557185,3.3612501915227915,3.330835527312284,-0.0069701476270938,0,,,11,0.984266195348046,38.96162389835175,1.2345933235508306,1,659.4729648385625,167.22268785463464,-0.0814508101738513,0.2344771165534148,124
237.2,FeaturePoor,661.0755550713932,167.19011468146385,-0.0925024503557185,3.364524024856709,3.369847162829909,0.0055762350728876,1,662.1498255481977,167.09708003541786,14,1.086112428615217,42.30615339006875,1.0949644480575325,1,660.3944072279503,166.66566983524612,-0.2396971141687687,0.3312057558340635,100
237.3,FeaturePoor,661.4108926380528,167.15900635595807,-0.0925024503557185,3.367773916535106,3.4481283664980205,-0.0019698818303569,0,,,13,1.017416955246209,36.89779915787928,1.2676783749942069,1,661.5731462129213,166.61114947395956,-0.0509039998380393,0.3499652985223886,53
237.4,FeaturePoor,661.7465513977685,167.1278682342734,-0.0925024503557185,3.370999638028518,3.359744651957393,-0.011657612296506,1,664.0017208034734,167.73807715354766,16,1.245106652812016,39.34037452405281,1.3248033504153895,1,660.7156747699003,166.4161385311523,-0.1662342749998075,0.3260201639395172,63
237.5,FeaturePoor,662.0825289213752,167.0967005417566,-0.0925024503557185,3.3742009635726564,3.4261302501449897,-0.0034510587060186,0,,,15,1.1986957811690018,36.83491328323527,1.8581079889403729,1,660.417175517947,169.0466975362744,-0.0525791299045552,0.3863712758132278,103
237.6,FeaturePoor,662.4188227575062,167.06550350581412,-0.0925024503557185,3.3773776701944365,3.268345814672132,0.004610964372272,1,660.9003040371001,166.2983417252375,16,1.194036060304395,40.215287045823885,1.1596064039790936,1,660.6517395878068,169.57577018872192,0.0003470284427993,0.3349903760198623,96
237.7,FeaturePoor,662.7554304328729,167.034277355886,-0.0925024503557185,3.380529537737666,3.351815957202668,-0.0042144614350809,0,,,14,1.1247026473089266,37.95592921570995,1.018389301206565,1,657.9501259224623,169.32291114968356,-0.095268072327614,0.2964346204494936,24
237.8,FeaturePoor,663.0923494525487,167.00302232341957,-0.0925024503557185,3.3836563488883984,3.3883982216807427,0.0075933747419778,1,662.5610966810634,167.15542925151794,14,1.2218958328601943,39.74605277467912,1.244096056965012,1,662.1716282692333,166.08133375117868,-0.1485029787866167,0.2336772752083855,63
237.9,FeaturePoor,663.4295773002534,166.9717386418431,-0.0925024503557185,3.38675788919994,3.5055592943166918,-0.0047039446577765,0,,,15,1.1554411477617594,35.36026286656693,1.3200674953722682,1,660.4990585480034,168.58587484740823,-0.1007875016667125,0.2622533052388912,81
238.0,FeaturePoor,663.7671736061145,166.94110408359154,-0.0904953217159252,3.3898339471175136,3.2736474191528697,0.0224700188150446,1,663.4789793250658,166.9872817956644,14,1.1161563025057504,40.34185308362366,1.1242444074491136,1,662.0892220032796,166.30675611090928,-0.0157091082366109,0.3178160061027794,109
238.1,FeaturePoor,664.1051345626438,166.9111202288721,-0.0884881930761318,3.3928843140025715,3.3888736098840018,0.0253622261737312,0,,,14,1.2562950812041376,39.35399431433409,0.8636279618362321,1,658.508721000537,170.3001995670731,-0.1953290911903495,0.3488848394726275,46
238.2,FeaturePoor,664.443456336561,166.8817886418594,-0.0864810644363385,3.3959087841567595,3.4856654428544607,0.0223479557207034,1,665.2768460020739,166.38329101523203,14,1.0327710533202294,38.546149407119806,1.1757457976467331,1,666.2180359072165,165.01124708996028,-0.0913970919154918,0.2866138090502917,121
238.3,FeaturePoor,664.7821350691408,166.85311087049,-0.0844739357965451,3.3989071548455247,3.356560827824408,0.0128069190272132,0,,,13,0.912388388093196,38.369118936663696,1.3514288197980302,1,667.3079313221334,164.95576133639835,-0.0353975312600503,0.2990125486105847,99
238.4,FeaturePoor,665.1211668765646,166.82508844626,-0.0824668071567518,3.401879226321367,3.391861628960987,0.015106126166981,1,665.9215161234508,166.7717666241646,16,1.1835180795523514,39.091264882387385,1.2993658916662023,1,663.8815147058087,168.50183797638343,-0.0960320702479928,0.3753747726847122,75
238.5,FeaturePoor,665.4605478502746,166.79772288402577,-0.0804596785169584,3.4048248018467286,3.4244718878755998,0.0262232993716825,0,,,15,1.280327187972008,38.88493994101681,1.1387080793524502,1,668.8787631949872,167.933852450798,-0.12868625190392,0.3665462787728796,101
238.6,FeaturePoor,665.8002740573316,166.77101568180728,-0.0784525498771651,3.4077436877165237,3.4189582447472366,0.0157913249338922,1,667.3293923367298,167.15101843896767,15,1.0812606780872545,42.33208808509025,0.9983644210650424,1,666.4830845404792,167.46746550862142,0.0714177253093275,0.3208588042424414,141
238.7,FeaturePoor,666.1403415407767,166.74496832059495,-0.0764454212373717,3.4106356932802986,3.50404423320581,0.0251358520848456,0,,,13,1.2838884362394258,38.63139374122251,1.3628196547989784,1,667.1266487585215,168.5564380414244,-0.188990868243577,0.2855677632221206,68
238.8,FeaturePoor,666.4807463199949,166.71958226415902,-0.0744382925975783,3.413500630964029,3.439400011663599,0.0177993028095767,1,667.7016403596793,167.51864251175877,15,1.070583127136555,38.43252937719488,1.3461054733862805,1,666.7950336558055,167.53503325755767,-0.0871308693964154,0.3781937444586262,57
238.9,FeaturePoor,666.8214843910829,166.69485895886237,-0.072431163957785,3.416338316291543,3.493300639021671,0.0207472830676072,0,,,14,1.2078387571945552,39.66241970468321,1.3421653900540245,1,666.7149609126595,165.3297339357184,-0.0406353567175279,0.291353398225074,13
239.0,FeaturePoor,667.1625517272201,166.67079983347645,-0.0704240353179916,3.419148567905566,3.394714644915155,0.0127503092494297,1,668.3464678529355,166.37904082713456,15,1.1526928265066971,39.65247096543673,1.123288867059737,1,664.4163749336814,164.9552626131511,-0.0413405078108479,0.319491090964969,70
239.1,FeaturePoor,667.5039442790419,166.64740629900015,-0.0684169066781983,3.421931207588402,3.373983659767202,0.0168660356224483,0,,,14,1.142213196330348,39.9950065508618,1.493310980407709,1,666.2415647556243,167.50889046651872,-0.0572282863378581,0.3867074860452821,81
239.2,FeaturePoor,667.8456579750163,166.62467974848212,-0.0664097780384049,3.424686060282224,3.405943810920317,0.015478795985596,1,668.5622509345378,165.75342503187463,18,1.1839926123966067,40.40522494276441,1.155719308708108,1,671.3341225045472,165.76625872259729,0.0206054756071671,0.2822017156980768,14
239.3,FeaturePoor,668.1876887218237,166.60262155684612,-0.0644026493986116,3.4274129541089904,3.352829844957436,0.0211888056404658,0,,,15,1.1708387845907864,37.89489769413978,1.1759988465121904,1,664.4341993556011,166.98875400439377,-0.037902971210602,0.2559099857979989,80
239.4,FeaturePoor,668.5300324047398,166.58123308071967,-0.0623955207588182,3.430111720389976,3.451472622863494,0.0204960932271015,1,668.6684187141284,166.3552403746548,13,1.1209602484780474,39.24050878044374,0.9800379532532804,1,667.3422961368666,164.98484439400258,-0.1786143955084691,0.2139771516224116,76
239.5,FeaturePoor,668.8726848880203,166.560515658266,-0.0603883921190249,3.432782193664917,3.405980356594384,0.0224508877129351,0,,,13,1.080709634908858,37.053116464252966,1.145176264671807,1,666.5936506961931,165.3637199891795,-0.0348118680532119,0.2530803384714249,81
239.6,FeaturePoor,669.2156420152896,166.54047060901937,-0.0583812634792315,3.43542421171077,3.38803470350814,0.0173515978402523,1,668.790919756502,167.94700721665808,11,1.172871424399592,36.326410387559136,1.199581207620482,1,666.3201273343792,169.51895665022448,-0.0653339372891288,0.1978912530822007,65
239.7,FeaturePoor,669.5588996099314,166.52109923372356,-0.0563741348394382,3.4380376155600776,3.4623764639903847,0.0150462385502852,0,,,14,1.127256800792031,38.99672607746811,1.1251849014031752,1,672.1055537988112,167.26283384476315,-0.0940563458816523,0.3324150251241117,59
239.8,FeaturePoor,669.9024534754822,166.50240281417388,-0.0543670061996448,3.440622249518944,3.3687290819132896,0.0208432449625755,1,670.0185680102335,166.69964442264737,13,1.1841901601622455,40.18157079129001,1.0983464615231948,1,665.3935825769003,165.5811573667622,-0.1811947962354243,0.1172574391175751,58
239.9,FeaturePoor,670.2462993960277,166.48438261306254,-0.0523598775598515,3.443177961184616,3.4868546491891195,0.0145254694614882,0,,,15,1.3123276033828,39.66003073491328,0.9167822602834522,1,669.3175285665403,166.45741265067463,-0.0432139323982658,0.3906573944908492,73
240.0,FeaturePoor,670.5904331366013,166.4670398738274,-0.0503527489200581,3.445704601462664,3.41356875327406,0.0255484281073556,1,672.3791267885692,167.0096848101776,14,1.3518616945636754,40.77200706219622,1.2041378292150775,1,670.8922020299598,168.57314178946768,-0.0567015326381672,0.256140489047966,61
240.1,FeaturePoor,670.9348504435856,166.45037582050412,-0.0483456202802647,3.448202024583772,3.514379910036892,0.0193214650581739,0,,,14,1.0477100055370312,39.41759787716418,1.1097040747378435,1,669.3243062245465,166.1629555190395,-0.018534200762962,0.2936557407016151,103
240.2,FeaturePoor,671.2795470451154,166.434391657582,-0.0463384916404714,3.450670088120114,3.4237261037307483,0.0182477626839733,1,671.2181814478325,165.97588452878395,15,1.3260166651702716,40.46875779163813,1.1514854584634766,1,668.55927287604,167.29051458507251,-0.0234821896245644,0.3657771008173145,89
240.3,FeaturePoor,671.624518651484,166.41908856986302,-0.044331363000678,3.453108653001342,3.4867365315691696,0.0223292100553579,0,,,13,1.1261481998515446,38.93386242390236,1.0161764490343128,1,671.0710076623307,168.18297791388946,-0.0230219260073822,0.3169489773245237,91
240.4,FeaturePoor,671.9697609555519,166.4044677223246,-0.0423242343608847,3.4555175835301584,3.46598000877424,0.019488638915054,1,671.1587227768142,165.97462568213697,13,0.9974505689782636,38.044613190366086,1.2530214886199431,1,673.3773735322047,168.38439688919476,-0.0941404827669223,0.2966587587744092,147
240.5,FeaturePoor,672.3152696331566,166.3905302599859,-0.0403171057210913,3.457896747397487,3.5010842150565384,0.0112050126495094,0,,,14,1.1749131381630284,38.25618230236655,1.3896128704452202,1,674.312387477716,167.61592997339883,-0.1273251476460419,0.3562743264402874,111
240.6,FeaturePoor,672.6610403435259,166.3772773077775,-0.038309977081298,3.460246015697234,3.465537779905401,0.0143157888456782,1,670.8440172448591,166.42554966238305,15,1.3004984723683892,38.036004477500406,1.1226961239508817,1,672.67301295595,168.20191930335267,-0.1114682656350045,0.3044982436959381,101
240.7,FeaturePoor,673.0070687296922,166.364709970415,-0.0363028484415046,3.46256526294064,3.36142802633206,0.025410580389025,0,,,14,0.957887484582154,40.73179679819063,1.2175127608504484,1,670.8981884101223,167.24692393885368,0.0498362098200466,0.3588147024065692,116
240.8,FeaturePoor,673.3533504189098,166.35282933227592,-0.0342957198017113,3.464854367070217,3.524404893170142,0.020229753859622,1,682.7087845485639,166.1054505772949,14,1.9110279721860828,32.49912164968639,2.802304503165688,1,674.4210975723461,165.3559005892576,-0.087157807064123,0.3654498133087228,97
240.9,FeaturePoor,673.699881023074,166.34163645728034,-0.0322885911619179,3.467113209473279,3.46464178591649,0.0109812881852303,0,,,15,1.3026594639580618,39.69890054418716,1.5207805754067438,1,674.6342915583198,168.92434082501117,0.014773450959828,0.2851594503679795,109
241.0,FeaturePoor,674.0466561391412,166.3311323887753,-0.0302814625221246,3.4693416749950456,3.5206494889069604,0.0215820769272205,1,675.7592660636869,165.84906920289598,15,1.175548468905809,39.32478720137832,0.9589538658325252,1,671.7254724483964,167.18964762067174,-0.0476208648744225,0.4318219722244294,131
241.1,FeaturePoor,674.3936713495523,166.32131814942267,-0.0282743338823312,3.471539651951341,3.515929605065246,0.0167873476008226,0,,,14,1.2205543783844712,37.38937304009211,1.4070756455204612,1,675.877551659706,164.9274322483128,0.1774138217595831,0.2600770586578006,53
241.2,FeaturePoor,674.7409222226568,166.3121947410909,-0.0262672052425378,3.473707032140866,3.433208979488468,0.0151170114705856,1,674.9449341679953,165.6597143988363,14,1.3653951650218548,38.57315408056261,1.3178876155186352,1,676.1050801284271,169.73589996698308,-0.1351790693321928,0.2959663826067852,62
241.3,FeaturePoor,675.0884043131394,166.30376314475046,-0.0242600766027445,3.475843710857056,3.42834238404766,0.0136793897918755,0,,,16,1.197222816095049,36.973596054348384,1.2766348549538558,0,,,,0.3387234508598037,92
241.4,FeaturePoor,675.4361131624479,166.2960243203727,-0.0222529479629511,3.4779495868995136,3.523715120620762,0.0249017712304662,1,675.9523386634264,166.13552751735804,13,1.24927110785312,41.22877955877189,1.1715792586277018,1,673.5940778246958,166.45268449276264,0.0090823544246698,0.2777520606953176,9
241.5,FeaturePoor,675.7840442992224,166.28897920683298,-0.0202458193231578,3.48002456258502,3.470809317570184,0.0093096693162875,0,,,14,1.4687958248524509,42.10253882751535,1.2709554368153348,1,671.9803605808587,164.60579222823307,-0.0527694300788268,0.250265751278288,115
241.6,FeaturePoor,676.1321932397268,166.28262872181716,-0.0182386906833644,3.482068543758124,3.5445577716816112,0.0151486538494819,1,678.9394299218873,165.18214149574175,15,1.4244103778995183,39.568099950428255,0.7469876550243049,1,674.6890354610025,167.08570627414983,0.0397548842489285,0.3644087458194274,40
241.7,FeaturePoor,676.4805554882815,166.276973761732,-0.0162315620435711,3.484081439801304,3.47748633278972,0.0201356882754848,0,,,14,1.0738097760959275,37.81948333133283,1.1329303634288683,1,677.3899798904575,164.19444226703044,-0.0239109210741603,0.3423067876577498,105
241.8,FeaturePoor,676.8291265376973,166.27201520161933,-0.0142244334037777,3.4860631636447037,3.5483152525958155,0.0277464982733289,1,677.6981016506323,165.85874917900878,16,1.2370347572288136,38.84962359064388,0.9996420215816147,1,676.6294345927995,168.11418244179256,0.0377592044678509,0.3102926039674125,48
241.9,FeaturePoor,677.1779018697107,166.26775389507404,-0.0122173047639844,3.488013631775439,3.5102257366588123,0.0223478469503955,0,,,12,1.2957123650403852,41.05177862453481,1.3339910285084766,1,677.2988142005914,166.296901454342,-0.0848322575451479,0.4130089857382694,64
242.0,FeaturePoor,677.5268769554208,166.26419067416592,-0.010210176124191,3.4899327642464826,3.506441871320825,0.0150334124372251,1,676.8298640292651,167.45722182290496,13,1.2708525534463626,35.8293935124315,1.3745398694604474,1,676.9229514938803,166.29412202821274,-0.0219912237063582,0.4139227929009125,38
242.1,FeaturePoor,677.8760472557273,166.26132634936528,-0.0082030474843977,3.4918204846851086,3.468989202519273,0.0274370755496028,0,,,16,1.1435036944693144,38.82654042111446,1.5652516871406668,1,678.4296419392373,163.1171278075944,-0.261641971535647,0.125418643368494,66
242.2,FeaturePoor,678.2254082217694,166.25916170947238,-0.0061959188446043,3.4936767203009147,3.5041615500363044,0.0122955097858208,1,678.8109400078092,167.83392282502714,13,1.080441991094355,38.75415710774136,1.548104194949789,1,677.4765704349722,165.65764443874684,0.001623125799111,0.3679739251215873,119
242.3,FeaturePoor,678.5749552953662,166.25769752155082,-0.0041887902048109,3.4955014018934096,3.5635426221640203,0.0208118820482992,0,,,12,1.1024053785401513,39.45678287154398,1.183219165227126,1,677.3358129247771,166.92402033433262,-0.0072026214367677,0.3230272300966242,53
242.4,FeaturePoor,678.924683909458,166.25693453086475,-0.0021816615650176,3.4972944638591663,3.4923339782602185,0.0219999294945787,1,677.3862589752467,166.5448243094198,14,1.2213094302626015,38.915516480114015,1.260339859872652,1,679.4232987305726,165.8595081163359,0.082253947592032,0.2540202932228017,60
242.5,FeaturePoor,679.2745894885485,166.25687346081986,-0.0001745329252242,3.499055844198545,3.527752176802688,0.014834492390105,0,,,18,1.2624651685005746,40.36209371907567,1.2515364447312358,1,680.1716039836666,166.48590205698818,-0.0947821248037259,0.1677237554196167,6
242.6,FeaturePoor,679.6246674491478,166.2575150129084,0.001832595714569,3.5007854845219795,3.499766140690083,0.0230948151933106,1,680.6703578239576,166.66444737177724,15,1.304153972726483,42.151219246101874,1.1857677688921515,1,680.8982789022718,163.7765278930213,-0.0153342719029474,0.4193868847765192,127
242.7,FeaturePoor,679.9749132002163,166.2588598666581,0.0038397243543624,3.5024833300558287,3.510251884749629,0.0166912568005622,0,,,13,1.316426431895929,40.10640554371745,1.4417570284730434,1,681.3385787585205,166.99732553391647,-0.0492277121946611,0.3312110364183299,0
242.8,FeaturePoor,680.32532214361,166.2609086795847,0.0058468529941557,3.504149329647793,3.607375472000677,0.0230654130933906,0,,,13,1.1942688715358718,38.64636053509373,1.215983791023943,1,677.2468719841435,166.4183535259517,-0.0084570351990276,0.4214118198103189,16
242.9,FeaturePoor,680.6758896745255,166.26366208714887,0.0078539816339491,3.505783435771896,3.574777844096104,0.0097723766159425,0,,,14,1.0174750234000836,41.57486456119656,1.1857123831400358,1,681.5571628426908,163.07266963867465,0.0212360591754943,0.3016847988209891,40
243.0,FeaturePoor,681.0266111819458,166.26712070271662,0.0098611102737424,3.507385604533022,3.507997909879156,0.0211519461370131,1,681.4141202932208,165.71031495793562,15,1.331529019735554,37.42411447539369,1.233870034264304,1,683.0369400054898,165.2640925701998,-0.0402117117662323,0.2823189473077137,92
243.1,FeaturePoor,681.3774820490879,166.27128511752386,0.0118682389135358,3.508955795671029,3.514499962680197,0.0172623558830691,0,,,15,1.4104670272233937,39.37744631236833,1.3985410902199351,1,679.4246498579141,166.36906537809384,0.0270424740513597,0.330439625693211,91
243.2,FeaturePoor,681.7284976538491,166.27615590064474,0.0138753675533291,3.5104939725644084,3.4624278540407176,0.0254590242426384,1,680.8508442436919,168.20511799694356,14,1.1526369399162448,41.021649870951805,1.2396317642078654,1,682.61712869578,167.23502672485986,0.0142074382820927,0.3577181206798303,40
243.3,FeaturePoor,682.0796533692552,166.28173359896408,0.0158824961931225,3.512000102233519,3.4939569432399606,0.019213190739879,0,,,12,1.1189979210176613,40.191853165838126,1.310264669380519,1,681.5002324983436,166.9828055479579,0.0203140684539713,0.3404316727390653,68
243.4,FeaturePoor,682.430944563908,166.2880187371536,0.0178896248329158,3.5134741553433737,3.5226126002305795,0.0259740696579975,1,680.5659456871464,166.50278544979406,16,1.2669500374718643,39.611392679840016,1.2687269951614224,1,690.839017796843,166.96407330285018,-0.1806875624080057,0.1368417548916892,44
243.5,FeaturePoor,682.7823666024341,166.29501181765215,0.0198967534727092,3.5149161062059924,3.560881562180599,0.0220955900709222,0,,,14,1.430518093704716,39.10776790158905,1.2471560931022057,1,683.5191959606988,167.8037450128477,-0.1008281953047971,0.3127091424499088,21
243.6,FeaturePoor,683.133914845933,166.30271332064984,0.0219038821125026,3.516325932782311,3.553858130842449,0.0187776651100716,1,683.4791469851883,166.95373572160645,14,1.1978193010113218,39.431888389143126,1.2943133313588804,1,687.7112212349941,160.34814491294526,0.1152618105666483,0.1083176701230782,49
243.7,FeaturePoor,683.485584652426,166.31112370407612,0.0239110107522959,3.517703616683656,3.441060531001514,0.0235289233202211,0,,,14,1.3361917350900745,37.74732218586499,1.2581945820191691,1,684.7062061850495,165.5393705774415,-0.0400699188425219,0.403283410105153,132
243.8,FeaturePoor,683.8373713773054,166.32024340359186,0.0259181393920893,3.519049143172773,3.5655487561253616,0.0235482007113158,0,,,9,1.023169499125001,38.5417961598197,1.148870556374724,1,682.7468615867618,165.27059920810916,-0.093755068035346,0.2838108828094772,12
243.9,FeaturePoor,684.1892703737827,166.3300728325852,0.0279252680318826,3.520362501164422,3.504851264259258,0.0218829867570139,0,,,14,1.2013049407314114,40.30130271003173,1.305361169233371,1,682.6034831112169,165.6322050617409,-0.0589049035397981,0.34455079464935,79
244.0,FeaturePoor,684.5412769933378,166.34061238217154,0.029932396671676,3.521643683225524,3.4533363004795685,0.0073725685465031,1,686.1532002242197,166.33029300848554,14,1.0508187014046426,38.98783583456503,1.0070036027446492,1,685.3354531141952,165.9111784252005,0.1009269851988956,0.3637460149759651,57
244.1,FeaturePoor,684.8933865861675,166.35186242119738,0.0319395253114693,3.52289268557488,3.5929506792116475,0.0142412429195186,0,,,14,1.0423832191621498,35.17906474724711,1.031701901659686,1,681.325902561933,169.45732695385354,-0.1467215717975851,0.3236733327532558,84
244.2,FeaturePoor,685.2455945016345,166.36382329624803,0.0339466539512627,3.5241095080824367,3.6005751427598347,0.026624732799701,1,686.6186575468956,167.180533988162,13,1.1347445346598568,36.550077351365424,1.170688882619115,1,684.7106603411947,161.7468188697092,0.0389019255160372,0.3105041579926055,84
244.3,FeaturePoor,685.5978960887154,166.3764953316593,0.035953782591056,3.5252941542681206,3.530727240992376,0.012790667379646,0,,,13,1.2701581862767592,38.666292780581806,1.1772530558321348,1,682.5695722769881,169.67615219681832,0.005644872811219,0.296006706259365,60
244.4,FeaturePoor,685.9502866964489,166.3898788295332,0.0379609112308494,3.5264466313002307,3.5590865930376445,0.0240443459928475,1,686.1935074816048,165.5681572367159,13,1.1969443952300909,40.15064711992025,1.3211130718125503,1,682.7239540913491,166.76901401744615,0.1110691849840401,0.2994289523372339,71
244.5,FeaturePoor,686.3027616743833,166.4039740697574,0.0399680398706427,3.527566949993391,3.5634319688150677,0.0231652293249619,0,,,15,1.2238355733557766,38.43046589730891,1.1497731646765506,1,687.8238343892205,162.57283904013565,-0.049186006179152,0.307250773902518,120
244.6,FeaturePoor,686.6553163730242,166.41878131002878,0.0419751685104361,3.528655124806062,3.603389170074937,0.015616215046411,1,687.3111474267513,166.28791542100865,15,1.11904890189773,39.11062781122506,1.237923964379335,1,684.6278936048279,166.82221854347455,0.0436748361448535,0.4452512798047398,131
244.7,FeaturePoor,687.0079461442807,166.43430078588068,0.0439822971502295,3.529711173837619,3.5622237888246344,0.0089414492517606,0,,,14,1.1045228988550084,39.54148481164086,1.1331940760890216,1,688.3829283121587,166.29471248280626,-0.0301407625145184,0.325327788626301,30
244.8,FeaturePoor,687.3606463419121,166.4505327107143,0.0459894257900228,3.530735118824983,3.4382485132886105,0.0164078521754657,1,688.4878094907779,166.8576179796139,13,1.219991672642202,35.68706044106933,1.2781322226070884,1,688.0938067758018,167.18088978683355,0.0635338200375366,0.279881886085604,96
244.9,FeaturePoor,687.7134123219732,166.46747727583383,0.0479965544298162,3.531726985138823,3.6407835558276456,0.0303123154214185,0,,,14,1.4301650058774684,38.06532840736765,1.540765668887633,1,690.5335854041422,169.5063362626003,0.0707228648129993,0.375874293953037,43
245.0,FeaturePoor,688.0662394432594,166.48513465048543,0.0500036830696095,3.5326868017793123,3.5857683305473675,0.0148974664774608,1,687.8020023145805,168.1220644428291,13,1.1572869229963885,39.43103282074871,1.2235534265650805,1,689.4320599375957,169.81342931421844,0.0549827647705174,0.3359954625588036,81
245.1,FeaturePoor,688.4191230677504,166.5035049819003,0.0520108117094029,3.533614601371454,3.4880750713900848,0.0152626255402599,0,,,13,1.1213781959127005,42.55188257315796,0.905159272585878,1,687.1437278066421,169.61628949411832,-0.0391247375573517,0.2930918968945044,109
245.2,FeaturePoor,688.7720585610542,166.52258839534144,0.0540179403491962,3.534510420159965,3.457891218929232,0.0142057032820591,1,689.055408790604,165.88987387262864,14,1.403748723169726,35.10113072964047,1.1407301866702602,1,689.7132774435704,166.99905873175385,0.092403143430165,0.3759743503309657,89
245.3,FeaturePoor,689.125041292849,166.54238499415425,0.0560250689889896,3.535374298003728,3.5551080960185377,0.0258342187098966,0,,,14,1.2950289101894847,38.80814326992358,1.3332134325056912,1,693.5216027843253,164.28049935138134,-0.0099296607367667,0.3351968906031148,104
245.4,FeaturePoor,689.4780666373247,166.5628948598211,0.0580321976287829,3.536206278369804,3.510578565133861,0.0181693308742312,1,688.2543137807277,165.83646919706507,15,1.2023719189677389,37.84828893260611,1.1183794849350324,1,688.108090844922,169.3628484847829,0.2098718817268992,0.3206793137920198,54
245.5,FeaturePoor,689.8311299736233,166.5841180520198,0.0600393262685763,3.537006408327015,3.5468926896893405,0.0161619466171914,0,,,14,1.2902180110206232,37.59015052737436,1.098337201190032,1,690.2405193445911,167.62859124149335,0.0767947365805046,0.3763573783757352,60
245.6,FeaturePoor,690.1842266862787,166.6060546086855,0.0620464549083696,3.5377747385390896,3.5709644620895404,0.0268588503281575,1,689.8719131994651,165.36375841082605,13,1.2271244901955862,39.27624657354601,0.7968147781196847,1,690.673260275237,163.13376081322076,0.1037721182815945,0.363548948921616,129
245.7,FeaturePoor,690.5373521656545,166.62870454607702,0.064053583548163,3.538511323257375,3.493881014184385,0.0224553792587242,0,,,15,1.4887862712116184,38.57782541553279,1.2289732685256436,1,692.5109588086304,168.63609637368867,0.0862335588218057,0.3866522765908267,94
245.8,FeaturePoor,690.8905018083808,166.65206785884635,0.0660607121879564,3.5392162203131208,3.4640527973560364,0.0146126344263838,1,690.5740573152221,168.61617459878468,14,1.267966115505618,38.49525036371045,1.4719319917166744,1,691.0583298363659,169.94605072826667,0.0982657059611389,0.1128444335420461,51
245.9,FeaturePoor,691.2436710177903,166.67614452011242,0.0680678408277497,3.539889491109328,3.5514244982091183,0.0130188548146286,0,,,15,1.305528415280845,40.44179214451948,1.2273306240072206,1,691.5929457150261,165.60114535923972,0.0505098246720461,0.3392574831117712,79
246.0,FeaturePoor,691.5968552043526,166.7009344815383,0.0700749694675431,3.5405312006121696,3.4975343117397317,0.0255249373285284,1,692.0181627846188,167.40724509356554,14,1.4035264741224114,38.750447300734685,0.9512486798893738,1,690.2397695057102,168.3965373505838,0.0912375489165064,0.3156618865102059,110
246.1,FeaturePoor,691.9500497861065,166.72643767341236,0.0720820981073364,3.5411414173419824,3.5382935622116323,0.0195787977160568,0,,,14,1.2710937850684192,36.88196136941873,1.369711972427217,1,693.3607548585119,167.770801979578,0.1419392956869756,0.2798567899112804,83
246.2,FeaturePoor,692.3032501890928,166.75265400473316,0.0740892267471298,3.541720213363828,3.44993937685671,0.0113352715721202,1,691.8396148501981,166.1118955584036,14,1.1582992387145576,38.83341654032549,1.353906024001143,1,691.7050012039111,169.75281441864584,0.0665539680405178,0.3224606152416573,52
246.3,FeaturePoor,692.6564518477825,166.77958336329783,0.0760963553869231,3.542267664277632,3.513181023224253,0.0101502149099838,0,,,13,1.2852529826511911,37.61369589518181,1.31773379311649,1,693.1761109983089,166.49518819484263,0.1661482891430035,0.1048026232636022,22
246.4,FeaturePoor,693.0096502055065,166.8072256157945,0.0781034840267165,3.542783849207892,3.57418703183008,0.0136554628237497,1,691.5333560070217,166.3529697692978,14,1.2019275722656817,36.391358708429614,1.3168483786456278,1,691.3638094676361,170.07204944836718,0.0558644474443905,0.3192304150548991,112
246.5,FeaturePoor,693.3628407148818,166.83558060789807,0.0801106126665098,3.543268850792967,3.571179753508124,0.0130471289033035,0,,,12,1.22672755063469,36.615220357942384,1.184862427596064,1,694.4342005897636,165.36552072990926,0.0591217300869719,0.3872121782724974,69
246.6,FeaturePoor,693.7160188382362,166.86464816436992,0.0821177413063032,3.543722755173938,3.489385711875568,0.0087930787536578,1,694.0854178249319,167.3254000578129,14,1.3707998571612534,37.1857890152798,1.173443554206404,1,696.1183058695202,163.9010743552696,0.0612315334514148,0.4126884475671241,120
246.7,FeaturePoor,694.0691800480316,166.8944280891611,0.0841248699460965,3.5441456519830505,3.4705122601052887,0.0137691580002912,0,,,13,1.0238936634945333,40.77113146256623,1.1005513609447637,1,692.7892322366098,168.68315925258435,0.1099351478723629,0.3298098917709385,7
246.8,FeaturePoor,694.4223198272853,166.92492016551913,0.0861319985858899,3.544537634331737,3.541191936097536,0.0146916317752574,1,703.5826015800286,172.7515320778087,12,2.4198820235935874,32.62358752038363,2.5626828145744724,1,690.6579159575025,168.5622525820705,0.1701517000244301,0.2393270876639323,65
246.9,FeaturePoor,694.7754336699892,166.95612415609853,0.0881391272256832,3.544898798798217,3.574804272161197,0.0170241365359413,0,,,14,1.179983010170449,37.65091759565092,1.0583664438611402,1,692.7089480985783,166.4426350531885,0.0809697239321907,0.4507592309692986,113
247.0,FeaturePoor,695.1285170815274,166.98803980307486,0.0901462558654766,3.5452292454146845,3.56720138839105,0.0282787495769821,1,696.0960753270464,165.9445987781688,13,1.0723755644131951,39.353146749314185,1.3710173148740674,1,693.8625090672352,169.36828437258316,0.0655227634121731,0.3482882145020726,78
247.1,FeaturePoor,695.4815655790916,167.02066682826225,0.09215338450527,3.545529077654076,3.513214029602034,0.0180006104047537,0,,,13,1.2805339694659148,39.48987321492218,1.627695120745023,1,696.0620324956899,165.12303467436314,-0.0038011897936862,0.3783105586439267,104
247.2,FeaturePoor,695.8345746920938,167.05400493323455,0.0941605131450633,3.545798402416427,3.561561501436762,0.0184953045485214,1,695.3982250955125,166.936007361276,15,1.2004282616727735,37.07885012859085,1.3559448832635097,1,694.682285765077,166.4666706834298,-0.013126775992728,0.3482525442455402,108
247.3,FeaturePoor,696.1875399625781,167.08805379945,0.0961676417848567,3.546037330014812,3.633760363737793,0.0221065281085781,0,,,16,1.086495041974404,41.11623143505845,1.300718510646173,1,700.0090778738736,166.20355301275703,0.1284101880409278,0.2660848437312726,136
247.4,FeaturePoor,696.5404569456289,167.12281308837922,0.09817477042465,3.5462459741608803,3.5589185715727085,0.0182111148207453,1,696.3068224661984,168.38093475940997,10,1.1915189555147172,39.90608848280216,1.2259295234050411,1,696.53157337443,167.522702021213,0.0556399016265105,0.2410378665619376,76
247.5,FeaturePoor,696.8933212097778,167.15828244163697,0.1001818990644434,3.546424451949976,3.448747083862149,0.0215796086893337,0,,,14,1.1247023201888922,35.57927682713644,1.3790005185543182,1,694.9935507297947,171.43042482928558,0.181063878942731,0.402482451087471,94
247.6,FeaturePoor,697.2461283374079,167.19446148111703,0.1021890277042367,3.546572883845853,3.5613347954410903,0.0209259163512985,1,696.9263958587887,167.79620759765206,13,1.4136348781942374,40.09476015845512,1.1731917710561377,1,699.950627489364,166.55476813706343,0.0429795688204133,0.3218150786373802,45
247.7,FeaturePoor,697.5988739251554,167.23134980913062,0.1041961563440301,3.5466913936649886,3.671730976055134,0.0200361235122671,0,,,16,1.20038202313068,38.182281032046745,1.2670197819162912,1,698.5930232712935,164.20011743873783,0.1838246026148624,0.4844203868901136,45
247.8,FeaturePoor,697.9515535843091,167.26894700854825,0.1062032849838234,3.5467801085604886,3.4741730172908767,0.0339528708442151,1,699.6623158108254,167.203459801931,13,1.4509351703028832,37.80561796106719,1.517675477118824,1,697.4039802592131,169.55278974548733,0.0181154794943223,0.3619643002502459,75
247.9,FeaturePoor,698.3041629412071,167.3072526429448,0.1082104136236168,3.546839159005591,3.553395979694316,0.0241653624119937,0,,,15,1.3348361069482613,39.39884695393627,1.410164371547919,1,695.6413773501579,169.97398175564183,0.2058875920302827,0.2387561198464472,85
248.0,FeaturePoor,698.6566976376313,167.346266256748,0.1102175422634101,3.546868678776775,3.539255808102089,0.0137006300512529,1,698.0968819788787,167.18738163158687,14,1.3745365025887235,38.3775338945061,1.110971236511001,1,701.7785030817291,168.07067740520827,0.0907800416881752,0.2790480747140322,103
248.1,FeaturePoor,699.0091533311987,167.38598737539027,0.1122246709032035,3.5468688049364663,3.5572325026403475,0.0213262771410277,0,,,14,1.2201321319835412,38.81457826228153,1.0201443916091273,1,697.1836190750158,167.63386225048615,0.1340917888931052,0.3800477833107406,142
248.2,FeaturePoor,699.3615256957507,167.42641550546364,0.1142317995429968,3.546839677815352,3.5635915818022434,0.0152266028472231,1,699.3808302160762,166.65315640053888,12,1.2969500320558514,40.51509476597518,1.25086995148665,1,698.847167807068,169.56592534703435,0.1399191695270722,0.1620530904880661,118
248.3,FeaturePoor,699.7138104217391,167.46755013487805,0.1162389281827902,3.5467814409943,3.6189518398165497,0.0217144814351827,0,,,14,1.12913751773273,40.04449798518884,1.3817678883997797,1,699.3237099228719,165.67541879315334,0.1970461767115119,0.3870034169496423,102
248.4,FeaturePoor,700.0660032166095,167.50939073302283,0.1182460568225836,3.546694241285888,3.5547155266250936,0.012140120476972,1,700.2271884742927,167.57230463455372,14,1.22814588919045,39.6499474943405,1.157817924025226,1,699.4395257626528,165.0929125867263,0.130122665573146,0.4045352868431792,61
248.5,FeaturePoor,700.4180998051816,167.5519367509314,0.1202531854623769,3.546578228715544,3.6254682924996913,0.0135535807503036,0,,,14,1.2656930326484697,38.69258086957111,1.2064067829792646,1,700.2076671196219,167.57384647554548,0.1200650429617122,0.2622143992549417,116
248.6,FeaturePoor,700.7700959300272,167.5951876214488,0.1222603141021703,3.5464335565022984,3.541261227941137,0.0211066901771421,1,701.8573286235736,169.1131021196206,15,1.3984715056451138,39.66767965574796,1.2566212367621288,1,699.3503700187666,172.16046540402854,-0.169817972169072,0.091142358915185,27
248.7,FeaturePoor,701.1219873518446,167.63914275940286,0.1242674427419636,3.546260381039155,3.5291078797546263,0.024435705683758,0,,,14,1.0602935165782723,38.22051905012004,1.2562099526906032,1,698.0833875604426,169.01722919846938,0.2143761799490837,0.3394302957824398,162
248.8,FeaturePoor,701.4737698498303,167.68380156177807,0.126274571381757,3.546058861873078,3.5088515792088844,0.0218238317939806,1,700.5439944541761,165.93653464429377,16,1.2856427475921235,38.59669960663811,1.24827424387175,1,701.2101662245468,166.73791581711086,0.1358248695028092,0.3491480772229368,94
248.9,FeaturePoor,701.8254392220475,167.72916340789246,0.1282817000215503,3.5458291616846007,3.440029275529666,0.023685504328272,0,,,15,1.3138990790934373,37.653297381720975,0.9953969951126336,1,703.1466288832731,169.01224652788258,0.0165450945336966,0.0948116366561686,7
249.0,FeaturePoor,702.1769912857914,167.77522765957775,0.1302888286613437,3.5455714462670573,3.567581069513443,0.0211475140577759,1,703.0748919287298,169.68523746641256,13,1.1076331836581204,40.5743737815632,1.2263353945516042,1,699.7032349868867,166.37982056206008,0.1361401725343003,0.3046823112401411,70
249.1,FeaturePoor,702.5284218779512,167.82199366136228,0.132295957301137,3.54528588450544,3.6751344913265984,0.0201019896382999,0,,,16,1.1017455691742086,38.71999244554415,1.2540145381090282,1,702.2993153744346,165.24690837778283,0.1185588858571682,0.234570183733855,62
249.2,FeaturePoor,702.8797268553699,167.8694607406569,0.1343030859409304,3.544972648354884,3.5756192448069526,0.0166295566975159,0,,,14,1.147586603319986,38.78826649052365,1.3006162712061524,1,704.8845612467436,168.61123381137733,0.2590839002352267,0.4619841621652233,90
249.3,FeaturePoor,703.2309020951988,167.91762820794378,0.1363102145807238,3.544631912818784,3.5860959092898472,0.0235400080433144,0,,,15,1.333628712354985,38.132538815207134,1.2448437034564637,1,704.2595484820343,164.15849190091657,0.1290111649591909,0.4030661365396963,129
249.4,FeaturePoor,703.5819434952508,167.96649535696812,0.1383173432205171,3.5442638559265465,3.5205197557593304,0.0246605934722465,1,704.6883205168657,167.82701255082156,13,1.386763846741718,35.49761244057123,1.3968584622320457,1,704.2419103249085,169.7652534354464,0.2446453932871461,0.289706571096592,82
249.5,FeaturePoor,703.932846974349,168.01606146493265,0.1403244718603105,3.543868658710972,3.529252091907212,0.0189942958318887,0,,,15,1.069393735446712,38.98050742134262,1.2717175544314343,1,708.289671528844,168.56220735646016,0.1342634185323552,0.3265175349546843,63
249.6,FeaturePoor,704.2836084726719,168.06632579269487,0.1423316005001038,3.543446505185284,3.599447479026689,0.0187117406727413,1,704.7214808657772,166.79995379018564,14,1.1843073017449186,37.066857905668535,1.254984400097768,1,706.437860182677,167.15761386868996,0.124990447876383,0.3560526419652169,86
249.7,FeaturePoor,704.6342239520957,168.1172875849672,0.1443387291398972,3.542997582319792,3.6593293235027793,0.0276343978274198,0,,,15,1.1276875031811977,36.31315084436153,1.0234494486167531,1,699.7855181798067,170.42038021220495,-0.0109613325923629,0.1216351952059258,40
249.8,FeaturePoor,704.984689396533,168.16894607051955,0.1463458577796905,3.5425220800182053,3.628487523892692,0.01923403832958,1,707.0433332673218,168.732785803216,14,1.3614502219708886,38.41007798610498,1.456561683728078,1,703.6289365780264,167.74714113416616,0.1489271513116876,0.1027136843425863,14
249.9,FeaturePoor,705.3350008122669,168.22130046238502,0.1483529864194839,3.5420201910935925,3.586353482241644,0.0197659683598033,0,,,14,1.284421311490504,39.52217091070339,1.3867441579949358,1,703.6105537219345,167.84871512537578,0.1987434070909572,0.3186977928333132,91
250.0,FeaturePoor,705.6851542282832,168.2743499580677,0.1503601150592772,3.541492111243989,3.5397391476358573,0.0218753199772678,1,705.4413509011893,168.23088219319695,13,1.2807608573737952,37.84943788726105,1.2289226389745656,1,704.1350177810783,169.06146048047583,0.1993115474220808,0.3452028480065391,83
250.1,FeaturePoor,706.0351456965969,168.32809373975346,0.1523672436990706,3.5409380390276604,3.549162581317513,0.0188188153994838,0,,,14,1.098510046922774,39.47311190742437,1.1621530728948375,1,703.9886405766497,168.6095321474968,0.1614604019855914,0.2761086325178875,97
250.2,FeaturePoor,706.3849712925771,168.38253097452315,0.1543743723388639,3.5403581758380214,3.4894176172439595,0.0150520734655632,1,706.3598103102287,169.29602452879553,14,1.383619134603528,38.94400165037311,0.9510557246734728,1,709.2312918027012,173.18236467648222,0.1324177160723629,0.3371389029960663,69
250.3,FeaturePoor,706.734627115266,168.43766081456832,0.1563815009786573,3.5397527258782144,3.44763049814424,0.0212723121699416,0,,,14,1.0224071406945632,38.63827692255465,1.1528224941646104,1,707.2922261459648,168.16733173317158,0.2356373198041232,0.3758605449447322,114
250.4,FeaturePoor,707.0841092876957,168.4934823974094,0.1583886296184506,3.53912189613535,3.4630049271057386,0.0191067485650457,1,707.759495059375,169.06797556176397,14,1.263885139516048,39.73357502175543,1.1180664004552805,1,706.7808009306434,169.40067563511698,0.1491453613063296,0.2854331079291615,51
250.5,FeaturePoor,707.4334139572004,168.54999484611628,0.160395758258244,3.5384658963544138,3.531356803341946,0.0289677329507846,0,,,13,1.223710656250631,37.698369559613866,1.0730991019956375,1,708.3942123057051,168.60425852093377,0.0987552915177123,0.3282314058633033,8
250.6,FeaturePoor,707.7825372957248,168.6071972695314,0.1624028868980374,3.53778493901184,3.511780656874092,0.0234071772159054,1,706.7497668295349,168.5580328758464,13,1.4595999033983704,38.20009322898132,1.5535960073243984,1,708.7820529325081,169.16307169189787,0.3004307264347794,0.2416705530729539,93
250.7,FeaturePoor,708.1314755001285,168.66508876249512,0.1644100155378307,3.53707923928876,3.437647339776541,0.0162209658238218,0,,,15,1.1456068068134644,41.30442106968314,1.295444098977951,1,706.6665738046604,171.60975394292433,0.2278513754562854,0.311963847689504,70
250.8,FeaturePoor,708.4802247924866,168.72366840607316,0.1664171441776241,3.536349015043926,3.523603683623973,0.0231430846711896,1,706.6866635484666,168.09242875897604,13,1.1143082961225197,40.29126767491354,0.8935840242028665,1,708.2306190341071,170.80326146121246,0.1500468927449896,0.3490375818457167,10
250.9,FeaturePoor,708.828781420386,168.78293526778677,0.1684242728174174,3.5355944867863083,3.5041673873794754,0.0209213893885868,0,,,13,1.0691352502594162,38.53186098478312,1.1665026561416,1,708.0973512902215,167.80390270812168,0.1327685242429375,0.2363806942568597,64
251.0,FeaturePoor,709.1771416572175,168.84288840184473,0.1704314014572108,3.53481587764738,3.449804128118928,0.0261979083914799,1,708.251922793178,170.41778376180682,14,1.140428664872056,41.41441659426421,1.1358865136333072,1,709.8703861186103,167.52904637050617,0.0808276441208684,0.3626316010554958,68
251.1,FeaturePoor,709.5253018024645,168.90352684937764,0.1724385300970041,3.5340134133530854,3.495681556288317,0.0166353630644638,0,,,13,1.2508492697021738,38.84364000037101,1.035259666770297,1,708.133329118249,174.31521190500266,0.1917224885493418,0.2318613963439062,34
251.2,FeaturePoor,709.8732581819866,168.9648496386743,0.1744456587367975,3.5331873221954946,3.497088373467548,0.020334264887149,1,711.9466422971776,182.1351333972396,12,1.8901156294394583,30.477214721577475,2.31217358207692,1,710.5633443167454,173.28939315283137,0.2906386418354665,0.1390948593945427,45
251.3,FeaturePoor,710.2210071482996,169.02685578542028,0.1764527873765908,3.532337835004153,3.4777294435911164,0.0187373549053978,0,,,14,1.2254375676056892,38.70484329908579,0.9456491325790192,1,705.0381457160976,172.34511030821847,0.0206715135988315,0.1211958195365996,35
251.4,FeaturePoor,710.568545080851,169.08954429293834,0.1784599160163842,3.531465185117125,3.5693017456478526,0.0195580974585582,1,710.7950349432895,169.57079913768337,15,1.287861834890878,39.32344404350809,1.1663018334989748,1,713.9965253415112,170.44147942073786,0.0956898905048224,0.2762571306803162,47
251.5,FeaturePoor,710.9158683862914,169.152914152431,0.1804670446561775,3.5305696083517386,3.400370169010186,0.0145528033664395,0,,,15,1.3239254686441535,36.41246080586946,1.1493590113352443,1,708.9375341256996,171.9932281866977,0.2345665362202589,0.3132034592158038,72
251.6,FeaturePoor,711.2629734987414,169.216964343225,0.1824741732959709,3.5296513429750256,3.3968819173662204,0.0222335721701746,1,710.6747137317615,169.03016898739244,14,1.2812191474682768,39.971291813352096,1.0524694996404058,1,710.7890258068443,169.67094757583524,0.1350944157948381,0.2624306812266118,95
251.7,FeaturePoor,711.6098568800542,169.28169383301753,0.1844813019357642,3.5287106296738786,3.517858485132905,0.0214064275973838,0,,,13,1.4054756317723305,38.69659503416903,1.1978911443647728,1,707.8611163304079,169.34965602529013,0.1038856751698573,0.2973619321462198,64
251.8,FeaturePoor,711.9565150200735,169.34710157812452,0.1864884305755576,3.52774771152491,3.5245490914067745,0.025897737412744,1,710.2165768969716,170.7513432445891,12,1.5556610451327828,39.8131242951055,1.3064515269044723,1,711.045036727852,169.39052097370302,0.1937142315248481,0.3246348931114147,51
251.9,FeaturePoor,712.3029444368882,169.41318652373053,0.188495559215351,3.5267628339640265,3.5435204170313086,0.0190907143222746,0,,,14,1.1370694112112387,42.40364592063264,1.0737622413387364,1,714.0951000805202,170.7332099644845,0.2245501467529225,0.2529058886786954,116
252.0,FeaturePoor,712.6491416770806,169.47994760414053,0.1905026878551443,3.525756244755722,3.482657182125743,0.0169494391849841,1,712.0280379247408,170.7800085826189,12,1.1588826948810538,38.83305746769165,1.557332081805043,1,711.1577190307219,172.86607312590672,0.1532179478919153,0.3519465904241666,110
252.1,FeaturePoor,712.9951033159718,169.5473837430333,0.1925098164949377,3.5247281939620883,3.45895697906124,0.0232117189571533,0,,,15,1.2622703397666282,38.17896247478546,1.2902779935184878,1,710.6918907973298,167.57515581582118,0.3335399546409823,0.3247955431237839,36
252.2,FeaturePoor,713.3408259578622,169.6154938537165,0.194516945134731,3.523678933911555,3.513349805350918,0.0148594040488612,1,713.5087141432781,168.28289992171366,18,1.465877922080563,36.68981301066514,0.9760718402546186,1,713.7647662152441,168.88492020310915,0.2029616108652123,0.3128606142492275,83
252.3,FeaturePoor,713.6863062362664,169.6842768393833,0.1965240737745244,3.522608719167353,3.482019126163296,0.0247488264423358,0,,,14,1.1097527840334298,40.32677754114645,1.5197147455054525,1,716.4225531834942,169.41594297948976,0.2720211913559018,0.3755257630890016,86
252.4,FeaturePoor,714.0315408141453,169.75373159337076,0.1985312024143177,3.5215178064957127,3.6023652606750955,0.0247029876234862,1,712.7593991418983,169.8661437134923,13,1.176126569513974,40.25035622010841,1.5095164271671342,1,713.4798880796604,169.3225481824412,0.2049234475441848,0.2534635366000627,120
252.5,FeaturePoor,714.3765263841317,169.82385699941935,0.2005383310541111,3.5204064548337977,3.4887910746018864,0.0256540007178842,0,,,13,1.4165534301752862,38.03823747349937,1.3807612677958785,1,715.3951911904304,173.22558668916608,0.2256218142249269,0.3570185771354437,85
252.6,FeaturePoor,714.7212596687527,169.89465193193433,0.2025454596939044,3.5192749252573785,3.504821280860717,0.0210500718494286,1,715.7167867730466,169.84516935421527,15,1.3371591044561602,38.3234548964822,0.9154592842793118,1,716.0022410682844,168.78638405216515,0.1690217641314357,0.3066705918447889,43
252.7,FeaturePoor,715.0657374206468,169.96611525624826,0.2045525883336978,3.518123480948252,3.657632654869585,0.0165072691490276,0,,,14,1.4541640713462838,37.9232243650491,1.1829111464835242,1,716.8389338672685,168.711255375888,0.0121493346307501,0.1010099419910511,61
252.8,FeaturePoor,715.4099564227758,170.0382458288849,0.2065597169734911,3.516952387161402,3.49635829557262,0.0196276742709602,1,714.6529956670407,169.834573490159,15,1.2445338924047868,38.25329799261393,1.354273085558822,1,718.8810435572868,171.0184266546655,0.0909167272021966,0.3658381397056065,71
252.9,FeaturePoor,715.7539134886332,170.1110424978245,0.2085668456132845,3.5157619111919227,3.5397218634135097,0.021034428610203,0,,,14,1.2865581394265764,39.03149819822996,0.9405917402150132,1,716.5839797059244,167.27379344758722,0.1705376908770595,0.3205800197869642,52
253.0,FeaturePoor,716.0976054624463,170.1845041027704,0.2105739742530779,3.5145523223416872,3.5441142124286187,0.0161147525692406,1,715.1246616249523,169.40521550550343,14,1.2418960556746972,38.58478772631516,1.1518411806456943,1,717.9453692150336,170.25720851179827,0.1374716520474668,0.3585846269124207,59
253.1,FeaturePoor,716.441029219375,170.2586294754165,0.2125811028928712,3.513323891885782,3.5459405426871373,0.0260578631663537,0,,,15,1.1300045708468496,40.26846180861016,1.295236382825014,1,717.9181060004133,171.58486288299204,0.2377377101437914,0.2790428681343065,171
253.2,FeaturePoor,716.7841816657046,170.33341743971633,0.2145882315326646,3.512076893038702,3.5162822479652163,0.0221093656223731,1,717.4178893359799,169.10908733359895,12,1.2664322982447034,37.53050923224983,1.1823429166305246,1,715.1273888685708,172.62645966100365,0.2311729652910061,0.3012138598823446,53
253.3,FeaturePoor,717.1270597390346,170.40886681215284,0.2165953601724579,3.5108116009203183,3.508753426046338,0.0144148821968288,0,,,16,1.1814546924988507,37.73694349641528,0.9331925878212124,1,713.8918813592303,167.9939505138299,0.2812379208005069,0.1844878486501794,51
253.4,FeaturePoor,717.4696604084618,170.48497640200952,0.2186024888122513,3.509528292521612,3.497689962605487,0.0289783222732198,1,717.2065624539357,170.74112333673511,14,1.3060600831675306,38.78818814100806,1.234168354025839,1,718.2163749828542,169.90417764685313,0.3037131933984156,0.3056025431096418,120
253.5,FeaturePoor,717.8119806747591,170.5617450116423,0.2206096174520446,3.50822724667019,3.4545445364711185,0.0196740358973136,0,,,14,1.1589928480681706,38.373902806024034,1.002132382062114,1,723.2010394272331,170.36754460741722,0.3394082170411776,0.3949799100101819,58
253.6,FeaturePoor,718.1540175705493,170.63917143675246,0.222616746091838,3.506908743995575,3.5064560816321797,0.0134355061051391,1,718.2345145929404,168.88584342341852,14,1.0813904024302734,39.29106436941792,0.962893287729478,1,719.0219945393312,170.25513511517835,0.1895732498930975,0.2913115286713897,11
253.7,FeaturePoor,718.4957681604737,170.7172544666605,0.2246238747316313,3.505573066894288,3.611235517638817,0.0148091490307695,0,,,13,1.1089334131557846,40.76093798565066,1.2504352419583329,1,719.278282269921,169.0097367467004,0.0702781731379289,0.3245763841607424,48
253.8,FeaturePoor,718.8372295413562,170.79599288458087,0.2266310033714247,3.504220499494712,3.5633630957984304,0.0269495589546305,1,719.4744647636719,169.58439277417423,14,1.080824257372147,38.46140879524454,1.0626714006698923,1,717.3391747383203,170.37989743907335,0.245319486416379,0.3148501291941604,79
253.9,FeaturePoor,719.1783988423617,170.8753854678971,0.228638132011218,3.5028513276217543,3.508486419972896,0.0287194064362192,0,,,15,1.2826978938768558,40.813613670607744,1.2195322707516223,1,719.885314815622,171.5308404793577,0.294871125168278,0.2538564857719319,110
254.0,FeaturePoor,719.5192732251502,170.9554309884383,0.2306452606510114,3.501465838761303,3.541974340862837,0.0244273445296623,1,718.2956173584389,169.53142587269528,12,1.2301099095154446,39.83113101202592,0.9676805485148684,1,719.7077106021499,168.59662518356404,0.3354965320455125,0.3240467979399444,104
254.1,FeaturePoor,719.8598498840253,171.03612821275584,0.2326523892908047,3.500064322024488,3.435158591098709,0.0260291457525556,0,,,14,1.2307766559619429,40.22147110790557,1.0718932264123544,1,722.4394001150476,166.7093192754166,0.1621032650949585,0.3885231871382085,80
254.2,FeaturePoor,720.2001260460783,171.11747590240083,0.2346595179305981,3.4986470681117448,3.47052435909248,0.0254856374876353,1,721.3791620040776,173.47818679354006,12,1.226256051354356,37.56615389146744,1.1531519049330052,1,722.3725001346465,170.78290546201688,0.2733778062637095,0.366383374443368,134
254.3,FeaturePoor,720.5400989713264,171.19947281420215,0.2366666465703915,3.497214369276692,3.5430763898122324,0.0220789153917546,0,,,14,1.1515185281848046,36.79269085203161,1.282391004437223,1,720.042909616299,172.7293296031899,0.1900738455992647,0.2944248294202189,90
254.4,FeaturePoor,720.8797659528469,171.28211770054503,0.2386737752101848,3.495766519289821,3.572090948957918,0.0208619651153745,1,719.3432811399622,171.20801553784446,12,1.0918179674425796,37.70315762034959,1.123737145004277,1,721.8236414734222,170.92699865002325,0.2323392849885417,0.3694024636311874,132
254.5,FeaturePoor,721.2191243169051,171.36540930965003,0.2406809038499782,3.494303813402009,3.432338290309962,0.0220385611669492,0,,,13,1.2832405256207264,39.446628662373975,1.071305642475472,1,721.2049440661128,172.250807073963,0.1308236316808129,0.2445546148717794,113
254.6,FeaturePoor,721.558171423078,171.44934638585246,0.2426880324897715,3.492826548307846,3.4487856037382074,0.0230840790843781,1,719.3602273816948,172.21385971129007,13,1.2038425296706825,37.91224959078084,1.163774712512944,1,718.3459878115838,171.36290619427942,0.2456468668896132,0.3378082469151159,83
254.7,FeaturePoor,721.8969046643725,171.53392766988216,0.2446951611295649,3.4913350221088044,3.604586635197227,0.0153489542638352,0,,,14,1.3808334171930303,36.95430011771287,0.973494085407682,1,721.2963505064486,172.064378567846,0.2094930137982551,0.46839296964842,113
254.8,FeaturePoor,722.2353214673387,171.61915189914362,0.2467022897693582,3.4898295342762293,3.479080925359625,0.0230573350507169,1,722.5199739616637,171.16184541027553,13,1.1381107511803883,39.57256851184239,1.3758064546690207,1,724.4856557342797,172.64692790518183,0.197641254020862,0.2736872498503828,63
254.9,FeaturePoor,722.5734192921776,171.70501780799623,0.2487094184091516,3.48831038561417,3.5834218527426174,0.0269444991456402,0,,,15,1.1112215929485685,40.12020053387559,0.8317015620454676,1,726.5192708599724,170.05567399567911,0.0612635768788267,0.1094887945628148,12
255.0,OpenSky,722.9111956328439,171.79152412803484,0.2507165470489449,3.486777878222054,3.4830763916270064,0.0181924862836601,1,722.8759326896148,170.53418761522084,17,0.8922156286154541,42.261405216112834,1.043944415083985,1,723.4063277250298,172.1836584965938,0.2504954678149107,0.852858639137107,448
255.1,OpenSky,723.2486480171443,171.8786695883704,0.2527236756887383,3.4852323154572047,3.482215259262236,0.0176905516238126,0,,,15,0.8714463228732713,42.827763311575545,0.727890913555235,1,723.7359645791256,172.23727182103826,0.2493643940962009,0.9528664676645868,487
255.2,OpenSky,723.5857740068291,171.96645291591076,0.2547308043285317,3.483674001897212,3.449730325502855,0.0218226541657929,1,723.1095907005437,172.24935630749565,18,0.9146635590393286,41.89671260552672,0.7816585507071053,1,723.6702168465262,172.2887788167361,0.2662398098394347,0.9528352951356188,419
255.3,OpenSky,723.9225711976799,172.05487283564133,0.256737932968325,3.4821032433021566,3.523193519102483,0.0158988494421598,0,,,17,0.7462151712210279,43.442904122748274,0.6250270482296845,1,723.9676157701492,171.81394399637202,0.2426823396657127,0.9130540510146166,459
255.4,OpenSky,724.259037219592,172.1439280709059,0.2587450616081184,3.480520346576695,3.548381336383586,0.0123938828687891,1,724.3419521541172,172.7777528184952,16,0.7396972650969732,44.4690252612318,0.8267166462034512,1,724.04049230507,172.2019358294512,0.2562095465159171,0.8794146542008672,429
255.5,OpenSky,724.5951697366506,172.23361734368729,0.2607521902479117,3.4789256197320086,3.4027676979493537,0.025320987750283,0,,,16,0.8421424031411856,43.75460087501014,0.7606262366702552,1,724.3045594832511,172.96541697139392,0.2628570704162878,0.9087287747524612,442
255.6,OpenSky,724.9309664472034,172.32393937488789,0.2627593188877051,3.4773193718476194,3.441808849803895,0.0169436872555003,1,725.2747763368291,172.57507440094824,18,0.8452936991854001,42.46685707827392,0.9434254334286898,1,725.04941636174,172.18145443279667,0.2659607028551276,0.9351566752062708,384
255.7,OpenSky,725.2664250839262,172.41489288461003,0.2647664475274984,3.4757019130330846,3.51633610344065,0.0194307550529437,0,,,17,0.8317881064484268,41.85325480019073,0.9690297030579496,1,725.4990928254001,172.28254649438912,0.2757396369103073,0.9132916736565694,398
255.8,OpenSky,725.6015434138843,172.506476592436,0.2667735761672918,3.474073554389564,3.455394453823858,0.0161614628570227,1,725.4720926462905,171.85389366271806,17,0.913468043900604,42.95322319742176,0.8885402524896127,1,725.606677167689,172.32327606338046,0.2658437007918963,1.0,393
255.9,OpenSky,725.9363192385891,172.59868921770794,0.2687807048070851,3.472434607971271,3.433586456919375,0.0260355968894152,0,,,17,0.7753425248555454,41.82269337700924,0.9017827076741824,1,725.9782507847336,172.8116177504018,0.2588878366951244,0.9127901151084938,447
256.0,OpenSky,726.2707503940485,172.69152947980731,0.2707878334468785,3.4707853867468184,3.520743522427441,0.0238420141798142,1,727.1736224395042,171.50205215450669,17,0.7674598866892242,45.72082698694869,1.0938088146804266,1,726.4442335272525,172.49978841301183,0.2631768449116713,0.8989093201964289,357
256.1,OpenSky,726.6048347508122,172.78499609843388,0.2727949620866718,3.469126204560444,3.5251145569086115,0.0180660188478461,0,,,16,0.9127248322175278,42.09321777273778,0.6878895062645396,1,726.4124674026714,172.77969695899637,0.2655204104467463,0.8336902378595682,456
256.2,OpenSky,726.9385702140124,172.87908779388434,0.2748020907264652,3.4674573760931438,3.429654965671054,0.0131471958470143,1,726.9787425170307,172.603075008119,16,0.7666517335479309,42.18885176856959,0.8590861530814051,1,727.3361935015295,173.1349814621045,0.2760598471768469,0.8839668955656348,417
256.3,OpenSky,727.2719547233991,172.9738032873304,0.2768092193662586,3.4657792168237003,3.4667305272120674,0.0175618184461344,0,,,16,0.852033634329939,41.85725686758181,0.6475883748645896,1,727.1425487118776,173.3869970981889,0.2660770519973896,0.8263141839487107,463
256.40000000000003,OpenSky,727.6049862533691,173.06914130109638,0.2788163480060519,3.464092042989624,3.3808115054247194,0.0224129699550636,1,727.7632118268099,172.85633226169324,15,0.9146351730237808,43.84638840507865,0.7645813546484422,1,727.3927465162857,173.0832108342103,0.2690727055052782,0.9828059895436708,459
256.5,OpenSky,727.9376628129918,173.16510055893593,0.2808234766458453,3.4623961715479954,3.3984759778809805,0.0204194798654202,0,,,15,0.7938247555153303,42.625891312489934,0.8712222990095934,1,728.3225944612411,173.55164684940513,0.2898278359518667,0.9287980397444549,463
256.6,OpenSky,728.2699824460276,173.26167978630843,0.2828306052856386,3.4606919201362354,3.456128256085917,0.0200047170742734,1,726.6655206158239,172.8184358172973,17,0.8972080783992642,43.10893184930698,0.8250296215005011,1,728.0574695119032,173.12430877196806,0.2929442437848668,0.8896700904183571,438
256.7,OpenSky,728.6019432309428,173.35887771065438,0.284837733925432,3.4589796070327856,3.448936612050497,0.0204954874955068,0,,,18,0.7980454389966487,41.79982825403051,0.6818296541356968,1,728.843860118853,173.484274113446,0.2859422562208182,0.920285452683296,449
256.8,OpenSky,728.933543280918,173.45669306167014,0.2868448625652253,3.4572595511177204,3.386300165448448,0.0233501669708894,1,728.9277303626387,174.38313083801438,18,0.9132036806205608,42.50223078539096,0.6322540622182755,1,728.4512221370162,173.75966951589012,0.2724868355778427,0.9695589024173418,417
256.90000000000003,OpenSky,729.2647807438524,173.5551245715818,0.2888519912050187,3.4555320718332867,3.400518509373256,0.0191754374048454,0,,,15,0.7514200704909993,41.71733841192077,0.8604940075032975,1,728.9642873153504,173.6813652394778,0.2652959829272512,1.0,416
257.0,OpenSky,729.5956538023617,173.65417097541817,0.290859119844812,3.4537974891443795,3.376737338641502,0.0217685965875188,1,729.1574055755583,174.0071411844919,15,0.7549217691657834,44.16455257092496,1.0229512950633084,1,729.2633623512673,173.76205379628692,0.2718615865215312,0.9083666354815402,363
257.1,OpenSky,729.9261606737718,173.7538310112828,0.2928662484846054,3.452056123498956,3.465903856191035,0.0141459840570117,0,,,18,0.97657889432248,42.74790167677252,0.7904419997723506,1,729.642359258276,174.29470963754991,0.2761734299571796,0.877945361038154,452
257.2,OpenSky,730.256299610107,173.8541034206251,0.2948733771243987,3.4503082957883957,3.3178919604938786,0.0327245917633902,1,731.3510009151682,174.9091419091716,16,0.9312885334820092,43.82368062263295,0.691261021242081,1,730.3182569756707,174.0911316696584,0.2659240618460923,0.9215718188578668,385
257.3,OpenSky,730.5860688980727,173.95498694851022,0.2968805057641921,3.448554327307808,3.3702098884454035,0.0178717473612155,0,,,17,0.9424433741206082,38.78800486752846,0.8563199341940329,1,730.7129742976782,174.3388878349528,0.3120865017421805,0.9284731055523447,420
257.40000000000003,OpenSky,730.915466859033,174.056480343888,0.2988876344039854,3.4467945397162976,3.3206270132113795,0.0203989178875673,1,731.3181724938668,172.79548429128104,17,0.9113265723055388,42.53009199079924,0.9262551108849996,1,730.7062617388829,174.21359909733752,0.3170231205728924,0.8831078113654491,453
257.5,OpenSky,731.2444918489839,174.15858235986082,0.3008947630437788,3.445029254997182,3.4558557109227124,0.0222548719466875,0,,,15,0.8641502678740646,42.25237823100784,0.8334264079444611,1,731.1065175986519,174.1573547778873,0.2926985841613598,0.9067844571397482,410
257.6,OpenSky,731.5731422585197,174.2612917539499,0.3029018916835722,3.443258795418181,3.3241060382938072,0.0171366272860928,1,732.7219954804891,172.8678254469166,16,0.9360795761556954,47.15715354093433,0.7880204118547312,1,731.3441133208942,174.10219701732373,0.2972743525947199,0.9215396285823628,453
257.7,OpenSky,731.9014165127963,174.36460728836082,0.3049090203233655,3.4414834834915675,3.4325466886888023,0.0193773334405853,0,,,19,0.942951270594236,44.02289625982157,0.7787947011409464,1,732.211497448729,173.84084440820058,0.3256888911840896,0.885465498586568,422
257.8,OpenSky,732.2293130714875,174.4685277302473,0.3069161489631589,3.439703641934298,3.5286116956871107,0.0192846233429111,1,731.4732369739513,174.80583151461536,16,1.0265844554016377,42.37368791851706,0.8455947027782904,1,732.6385689169856,174.4858171143556,0.2997642993997296,0.8851375532988461,399
257.90000000000003,OpenSky,732.5568304287372,174.57305185197393,0.3089232776029522,3.4379195936281155,3.5276150064001226,0.0145401796900024,0,,,17,0.7781697331764712,43.85191894850398,0.7614274143335369,1,732.0036384007376,174.47979475046142,0.3157027162116343,0.8591486227905891,429
258.0,OpenSky,732.8839671131063,174.67817843137726,0.3109304062427456,3.43613166157964,3.315871892345059,0.0215501055084166,1,732.8685967946435,174.09003630157932,17,1.003034318974425,41.57094609723237,0.7445704007048,1,732.3470631015809,174.8558323964206,0.3123860834575014,0.8504215448728835,420
258.1,OpenSky,733.2107216875147,174.78390625202556,0.3129375348825389,3.434340168880444,3.440292474872591,0.0105683173847354,0,,,17,1.0165987501137614,42.58845562016226,0.8726741231016413,1,733.2174454733985,174.792255572124,0.3171158802221026,0.8740717583599226,419
258.2,OpenSky,733.5370927491774,174.890234103477,0.3149446635223323,3.432545438667123,3.364547215636241,0.0283886890610932,1,732.547815118199,174.3239585312972,18,1.128453100706279,42.0960477550921,0.8384227057453741,1,733.4802386292539,174.6568597686324,0.3154617060229667,0.8514052849234595,414
258.3,OpenSky,733.8630789295365,174.99716078153637,0.3169517921621256,3.430747794081361,3.348732636303444,0.0233408476041579,0,,,16,0.8476851773342597,42.92471748257975,0.5431438049902209,1,733.5627363871554,174.80327426595022,0.3380340301612277,0.9291899850503716,412
258.40000000000003,OpenSky,734.1886788941875,175.10468508850994,0.318958920801919,3.4289475582300013,3.407985705133724,0.0224986849882358,1,734.088564278765,175.8416966559757,16,0.9305380384544064,39.90580208354992,0.8029826028175009,1,734.2039559058558,175.17589533541644,0.3331660088140937,0.9039897226418968,380
258.5,OpenSky,734.513891342801,175.2128058334589,0.3209660494417123,3.4271450541451225,3.4887922824124837,0.0101389534211392,0,,,17,0.7745387252415479,41.74496851005588,0.7977691298693694,1,734.5366679589979,175.04492582319097,0.2991663090321625,0.9020680740202368,422
258.6,OpenSky,734.8387150090389,175.321521832451,0.3229731780815057,3.425340604744127,3.4507829402808623,0.0150807855303139,1,736.0553595877698,175.7164448640788,15,0.8369100167623723,44.771843632308624,0.9530577242672772,1,734.647107320056,175.1768141214084,0.3298784548679063,0.9316515161004842,432
258.7,OpenSky,735.163148660466,175.43083190881035,0.3249803067212991,3.423534532789847,3.369277647397663,0.0264733436597307,0,,,18,1.0694277190571255,41.89695170685054,0.7811602521463058,1,734.722476932025,175.74240963337422,0.3152665188786923,0.9414632904395004,400
258.8,OpenSky,735.4871910984567,175.54073489336545,0.3269874353610924,3.421727160850671,3.456857044959156,0.0409297552463361,1,735.497263434613,175.3867286649625,17,0.9033928406576096,42.98266301566583,0.6951106079850142,1,735.7918325469626,175.40751798000295,0.3564735289239036,0.9761090113835428,414
258.90000000000003,OpenSky,735.810841158096,175.6512296246954,0.3289945640008858,3.4199188112607,3.282391276050489,0.025499699006335,0,,,18,0.9798697035159654,42.75862348259963,0.8860022002277529,1,735.7195842750369,175.55359801381877,0.3411633206325919,0.955857782252965,312
259.0,OpenSky,736.1340977080764,175.7623149493741,0.3310016926406791,3.4181098060799293,3.3665609551904185,0.024652134727939,1,736.8370389179163,174.8722853338958,18,0.96911279678921,42.77044034964368,1.1725040330688057,1,735.9283536193336,175.76795145061388,0.3188891090701595,0.9167596598255888,448
259.1,OpenSky,736.4569596505897,175.87398972221254,0.3330088212804725,3.416300467054474,3.3591886416554524,0.0219703803442709,0,,,19,0.921661540140063,43.440163041121245,0.8059329420536487,1,736.6835148167823,175.94866378491005,0.307381510933018,0.8688881696510127,371
259.2,OpenSky,736.7794259212135,175.98625280649912,0.3350159499202658,3.414491115576829,3.411429787521576,0.0148904245778419,1,737.9943017749226,175.1227531670177,17,0.7278609505489197,41.28369412630081,0.7432789594211835,1,737.1974699198798,176.12233750960783,0.3367758045749207,0.890069128389748,460
259.3,OpenSky,737.1014954887931,176.09910307423775,0.3370230785600592,3.4126820726461786,3.390636172365838,0.0245481081448099,0,,,15,0.9191260602613316,42.2800823764654,0.7853602431198031,1,736.8647983921288,176.13163530836422,0.3319549185952741,0.850562923649773,437
259.40000000000003,OpenSky,737.4231673553188,176.21253940638408,0.3390302071998525,3.410873658828756,3.3937915673480616,0.0135728936180912,1,738.1711511049396,176.59025756263472,16,0.951580602144,42.02301146699416,0.8462417511554925,1,737.4469677761474,175.89617183952546,0.3425632186753096,0.9279529873046998,460
259.5,OpenSky,737.7444405557978,176.32656069307922,0.3410373358396459,3.409066194218257,3.3902525268332675,0.0129651869084549,0,,,16,0.9680112357671928,44.11974383268076,0.7301508408825828,1,738.2959001334958,176.8275132028972,0.357929312507756,0.8557622346967656,401
259.6,OpenSky,738.0653141581219,176.44116583388168,0.3430444644794392,3.407259998396317,3.40052856214414,0.0126549982291444,1,739.3301361958155,176.3545309412964,17,0.9702892234165266,42.4229276309212,0.5332010179553656,1,737.7423347394162,176.23187148223988,0.3488542110969845,0.8497887300346142,423
259.7,OpenSky,738.3857872629296,176.55635373799674,0.3450515931192326,3.4054553903930485,3.43048295822112,0.0244534539891133,0,,,16,0.8688232785586635,43.02385900932059,0.7949854725089733,1,738.103956033049,176.75609533281795,0.3251883867203133,0.854946686789166,488
259.8,OpenSky,738.7058590034651,176.67212332450364,0.3470587217590259,3.403652688647653,3.4080943772765924,0.019078122580927,1,738.0695566728408,176.31940119944872,15,0.9563203838564563,42.69882699326929,0.7195154346181599,1,738.4826280625537,176.6555747713068,0.3486878750480331,0.9458089538957284,396
259.90000000000003,OpenSky,739.0255285454302,176.78847352258046,0.3490658503988193,3.4018522109691047,3.380438109127309,0.0198673166522404,0,,,19,0.8922665617529526,46.20543222495669,0.757639518727727,1,735.079624727423,172.65422950098792,0.4870133329329595,0.35,189
260.0,OpenSky,739.344795086834,176.9054032717265,0.3510729790386127,3.4000542744969158,3.418627932854485,0.01925236759982,1,738.9376070258909,176.9987760838448,20,0.9197395866109032,44.94985080720952,0.8543339035741795,1,739.1878666517306,176.73403582524884,0.3614745595935691,0.8952270691766694,380
260.1,OpenSky,739.6636578578356,177.02291152198234,0.353080107678406,3.398259195661981,3.442827717705266,0.0134235639639179,0,,,16,0.999245865175714,42.92937770892996,0.860985633369383,1,739.6712065329822,176.96661731295663,0.3086539176473746,0.8951693679966729,445
260.2,OpenSky,739.9821161205842,177.1409972341473,0.3550872363181994,3.396467290147521,3.3562603741827943,0.0157658941891019,1,739.7685536102647,177.27147875294264,18,0.9545090058956835,42.36784577355368,0.6402979532660972,1,740.1594572194878,177.24173239153862,0.3605166352564879,0.8309892212026057,423
260.3,OpenSky,740.3001691690536,177.2596593799947,0.3570943649579927,3.394678872850107,3.3810012177828725,0.0160226745612076,0,,,17,0.8794951862675482,44.65318570204707,0.7457068111367531,1,740.4196163684564,177.41359540933323,0.3930202397372433,0.8730018501318937,408
260.40000000000003,OpenSky,740.6178163288718,177.37889694248386,0.3591014935977861,3.392894257840791,3.449606396968706,0.0118799096898931,1,739.8067071105841,177.6399697145516,16,0.8857432287369957,41.88050381634076,0.6710733601949963,1,740.1903937698202,177.75234170207582,0.3775271279476224,0.9613498895517943,400
260.5,OpenSky,740.9350569571468,177.49870891597033,0.3611086222375794,3.39111375832634,3.3112230705630044,0.0165528903700285,0,,,19,1.0836856503800647,45.06206544320055,0.8291232303423404,1,740.438035071395,177.10029117509242,0.3677548707493496,0.9243159155016286,456
260.6,OpenSky,741.2518904422881,177.61909430641293,0.3631157508773728,3.3893376866105758,3.4847229008712715,0.0135588162649113,1,740.5347749204142,177.48313961442813,16,0.9619059080843808,41.17415489226149,0.9812719499112468,1,741.0428967324077,177.37885553873434,0.342083895652685,0.974580429521166,462
260.7,OpenSky,741.5683162038224,177.7400521315782,0.3651228795171661,3.3875663540558216,3.293285768604809,0.0222316725454006,0,,,17,0.8970879562289492,42.98007519356975,0.7096452515907274,1,741.4470133684565,177.4898466544281,0.3640351961714536,0.9590229158470548,406
260.8,OpenSky,741.8843336922065,177.86158142124228,0.3671300081569595,3.38580007104448,3.3522914233806693,0.0226446119258773,1,740.4703380235856,178.55988427522072,18,0.8529816819138004,43.7665921709874,0.7640983330252284,1,742.0442168984861,177.46260479826284,0.3458146666548103,0.9226936212296728,411
260.90000000000003,OpenSky,742.1999423886346,177.9836812173897,0.3691371367967528,3.3840391469407183,3.312739442168394,0.0124538376187039,0,,,18,0.8951339133151395,41.95947306767026,0.6254726961309366,1,742.2311903808354,177.9818136012226,0.375227612265272,0.8488631880940252,397
261.0,OpenSky,742.5151418048417,178.10635057440965,0.3711442654365462,3.382283890052286,3.501111021906909,0.0176968419365262,1,742.5945965887838,177.24820490608195,16,0.9333141174056794,43.64022175124765,0.6861257102220011,1,742.729335955682,178.1463105926572,0.3930662314587696,0.9178182305557696,430
261.1,OpenSky,742.8299314829032,178.2295885592893,0.3731513940763395,3.3805346075924656,3.339798649586673,0.0289009315554868,0,,,17,0.8824258591195053,43.30611216847016,0.7166999259695905,1,742.7395078713444,178.09488803385645,0.4001356891756598,0.8812380130372772,460
261.2,OpenSky,743.1443109950291,178.35339425180416,0.3751585227161329,3.378791605642156,3.3409665258504413,0.0140628250916996,1,743.8288549780885,179.43655069375694,18,0.9229639867292336,43.296175591494254,0.8506776038026911,1,743.3132849446729,178.1394164944248,0.3562148352931382,0.874704742771554,446
261.3,OpenSky,743.4582799433546,178.4777667447055,0.3771656513559263,3.3770551891120943,3.3490960901357085,0.0214472188988117,0,,,18,0.807910757368588,41.5302971809195,0.8255184176049277,1,744.1100965835498,178.43543941384,0.393795977077422,0.8976006408648409,426
261.40000000000003,OpenSky,743.7718379597267,178.6027051439048,0.3791727799957196,3.3753256617052303,3.3754740761211366,0.0197579658343693,1,742.9553496788903,177.91693573721946,17,0.786623799745145,46.376786183263214,0.7046938651754453,1,743.7639675997176,179.0999784049956,0.3682286524548028,1.0,441
261.5,OpenSky,744.0849847054861,178.72820856865533,0.381179908635513,3.37360332587924,3.3490712926112995,0.0249186497608065,0,,,16,0.9776523085303266,43.17191902352992,1.0631919642852343,1,743.7291813669958,178.52109238873152,0.3954228831435222,0.9290111447730908,392
261.6,OpenSky,744.3977198712456,178.85427615173052,0.3831870372753063,3.3718884828091995,3.3608496278309845,0.0206897368341738,1,744.1818624180219,178.16796651491296,16,0.9642745063905068,40.62970063472677,0.7218816396025397,1,744.8414466871852,178.72544441471356,0.3882648155001451,0.780384670607816,440
261.7,OpenSky,744.7100431766636,178.98090703959917,0.3851941659150997,3.3701814323504173,3.1542953649780383,0.0169576532461772,0,,,17,0.8331878921658473,41.20175588838213,0.8256387963625532,1,744.0245232446158,178.9909806464613,0.388227392713393,0.8852710487881216,417
261.8,OpenSky,745.0219543702142,179.1081003925977,0.387201294554893,3.3684824730014262,3.366547099394391,0.0195588663273113,1,745.1517447924942,179.24480836918096,15,0.984546002846091,44.707290943149815,0.937782022287811,1,744.7550259182868,179.191255414303,0.3824517260144233,1.0,421
261.90000000000003,OpenSky,745.3334532289532,179.23585538509926,0.3892084231946864,3.366791901867145,3.360756998341334,0.0196487894529143,0,,,15,1.028108249812036,39.90535558506811,0.8174430979720664,1,745.1682999312246,178.98730604849982,0.4061082809452592,0.9295249530230888,406
262.0,OpenSky,745.6445395582799,179.3641712056794,0.3912155518344797,3.3651100146222124,3.418883828375737,0.0187378406250224,1,745.7701967431829,179.7790049535737,17,0.9289774683550778,44.52605382685677,1.021689582280827,1,745.7320932448655,179.23848497092732,0.3584481025492456,0.8759332982267699,462
262.1,OpenSky,745.9552131916951,179.49304705727877,0.3932226804742731,3.363437105474495,3.4351808829225665,0.0122884192650252,0,,,16,0.9312951774475152,45.25642148869955,0.772570626646504,1,745.8486781215868,179.13160923811262,0.3699165053617967,0.9106537402917936,456
262.2,OpenSky,746.2654739905552,179.62248215736227,0.3952298091140664,3.361773467128779,3.3453223256323525,0.0257345206717972,1,744.9635202796098,179.79388498714974,15,0.8447757237188448,43.47489046235794,0.6231367967712105,1,746.254918364073,179.60500402112228,0.3864917580152709,0.967347884376032,413
262.3,OpenSky,746.5753218438225,179.75247573807528,0.3972369377538598,3.3601193907506435,3.4060403333166653,0.0248161540825403,0,,,16,0.8325369726544799,42.308410768632086,0.8703282256534562,1,746.3752724983331,179.3604206769188,0.4003489380549454,0.8507008362809398,437
262.40000000000003,OpenSky,746.8847566678121,179.8830270463961,0.3992440663936532,3.358475165930527,3.295826018935049,0.0138034480154951,1,746.580852066559,179.09569192980186,16,0.922304788959844,45.18396294518185,0.8371033752897041,1,746.665247253147,179.9764751481108,0.4012052477244414,0.8563557366924187,461
262.5,OpenSky,747.1937784059339,180.01413534428542,0.4012511950334465,3.356841080647985,3.406959131390619,0.0176672386718901,0,,,17,0.9425290369229784,44.51867019569681,0.7953416888936291,1,747.3576035136363,179.7373412177298,0.389949284542936,0.8617172278526852,435
262.6,OpenSky,747.5023870284324,180.1457999088321,0.4032583236732399,3.3552174212361474,3.324731877666288,0.0181147356990384,1,747.4916658660296,179.0792079440527,17,0.9522145496440512,44.0909758900827,0.8320506342601102,1,747.4542818591585,179.9325846408894,0.3879285163298758,0.9336833087894484,413
262.7,OpenSky,747.8105825321217,180.2780200323957,0.4052654523130332,3.353604472346378,3.289785382846151,0.013290922659086,0,,,17,0.7977194719577418,45.69221933037864,0.9703770185081252,1,748.0525741926232,180.18834580198887,0.4008381932199381,0.9782990348884252,409
262.8,OpenSky,748.1183649401172,180.41079502274533,0.4072725809528266,3.3520025169131387,3.349664025628994,0.0095295374182955,1,750.310232588438,179.36899881241624,18,0.9848271998703017,39.49552313896006,0.5174964597734991,1,747.908176629652,180.07998920194015,0.4052334784996922,0.963139171491338,403
262.90000000000003,OpenSky,748.4257343015646,180.54412420319537,0.4092797095926199,3.3504118361190702,3.444167351847646,0.0157510462400275,0,,,17,0.8317148118267524,43.94434806947996,0.7241429018745575,1,748.3681991744758,180.31885583792356,0.400226535192882,0.9149269249630472,509
263.0,OpenSky,748.7326906913638,180.67800691273715,0.4112868382324133,3.348832709360281,3.366396632229596,0.0174061091283815,1,747.6784155107915,180.8560990938173,19,0.8894274495829376,43.67585561968696,0.7759937609250116,1,748.2475747543413,180.63826162359092,0.4037448937730432,0.9031145718072474,443
263.1,OpenSky,749.0392342098907,180.8124425061676,0.4132939668722066,3.3472654142118623,3.4447711746792407,0.0117590792586026,0,,,16,0.7254141322759046,43.5411834058844,0.7440391028252953,1,749.3252675603648,180.53430902951635,0.4183369526545397,0.8836353792438567,413
263.2,OpenSky,749.3453649827146,180.9474303542139,0.415301095512,3.34571022639362,3.309458425294085,0.020252100456966,1,750.191676791257,180.20531677711816,18,0.953678276646532,45.37048747094954,0.8497259188221655,1,749.4010988328338,181.40142490973125,0.4098206749092061,0.9079852800684638,374
263.3,OpenSky,749.6510831603134,181.08296984365475,0.4173082241517933,3.34416741973604,3.4136979817597024,0.0254119757183876,0,,,18,0.788875578251509,38.28477702780759,0.7442725720157042,1,749.3533601815783,181.37389771819792,0.4102768683684128,0.8988303258898246,443
263.40000000000003,OpenSky,749.9563889177844,181.219060377438,0.4193153527915867,3.342637266146486,3.3071196286130293,0.0236641494319022,1,750.5425329356935,181.6165023071329,18,0.9595118673180092,42.916483146019736,0.7896520845561119,1,749.9933774239347,181.2321688412616,0.4338706533544818,0.9028073716383702,378
263.5,OpenSky,750.2612824545521,181.35570137479425,0.42132248143138,3.341120035575627,3.3597149461619216,0.018566858965563,0,,,14,0.721766966433509,40.6784407744525,0.9191440627832568,1,750.5863601214618,181.62630301668952,0.4162623979765514,0.8553767974096523,435
263.6,OpenSky,750.5657639940733,181.49289227134747,0.4233296100711734,3.3396159959841096,3.359411777053418,0.0096341812201961,1,749.510084169694,180.73356911962773,16,0.917778122118028,45.9630926074608,0.793643296362252,1,750.3361647618207,181.11722147073243,0.4214132059544635,0.9128532538731848,473
263.7,OpenSky,750.8698337835386,181.6306325192212,0.4253367387109668,3.3381254133094758,3.383337119988674,0.0230401702303277,0,,,17,0.9949932291692536,43.84420738129974,0.8065341965465997,1,751.2825967609367,181.8892138396441,0.4312567444128001,0.8032510805663875,389
263.8,OpenSky,751.1734920935709,181.7689215871413,0.4273438673507601,3.3366485514333224,3.3558652668013047,0.0199963928643124,1,751.2819848138554,180.7175348210436,17,0.8977898517980343,43.245157140529,0.8791174981296641,1,751.2853753584479,181.56534875432985,0.4286462910233171,0.921881987556009,441
263.90000000000003,OpenSky,751.4767392179202,181.9077589605351,0.4293509959905535,3.3351856721487225,3.295232635470734,0.0214370286747734,0,,,18,0.8617848059566798,44.16629547016768,0.9803223393474588,1,751.439745890482,182.4735394401956,0.426678188910667,0.9612677607792728,444
264.0,OpenSky,751.7795754731574,182.04714414162615,0.4313581246303468,3.3337370351278928,3.3900513196456368,0.0294232068117749,1,752.5871069255559,183.65664623140705,15,0.9049739906804676,44.24246464121882,0.7018234535347609,1,751.5288650393729,182.45445663942544,0.4272336680051447,0.8596291918428073,384
264.1,OpenSky,752.0820011983623,182.18707664952612,0.4333652532701402,3.3323028978901266,3.4366289676394137,0.0149820283659836,0,,,17,0.831140100038352,41.66172731046482,0.7995654697470138,1,751.8912145579885,182.11836692043727,0.4225489086360925,0.8087360089811864,397
264.2,OpenSky,752.3840167548111,182.32755602032196,0.4353723819099335,3.330883515769991,3.29429023667965,0.0042814763456652,1,752.9732421920564,181.6620470952698,16,0.9260260076647427,44.66947218609772,0.9038160453509652,1,752.0877324142278,182.36793616096668,0.4359748460045596,0.869880004503303,435
264.3,OpenSky,752.68562252566,182.46858180715947,0.4373795105497269,3.3294791418857894,3.218404831385238,0.0138328183351364,0,,,15,1.075051965725778,43.02509488669244,0.6696237686236388,1,753.0634430512922,182.5615756792235,0.449005906510425,0.9316654180929964,460
264.40000000000003,OpenSky,752.9868189156261,182.61015358032344,0.4393866391895202,3.328090027108296,3.355203837990038,0.0218683407583219,1,752.4315365163291,182.6428972098601,18,0.946743225291367,40.89723781267384,0.6430134930994463,1,752.8260208557498,182.48753856606183,0.4506819297667697,0.8953664425170725,437
264.5,OpenSky,753.2876063506654,182.75227092731328,0.4413937678293136,3.3267164200297668,3.3058689609979424,0.0195277066684809,0,,,16,0.9082983285708351,43.60427067116235,0.8314209763076799,1,753.5261490238267,182.89932486902867,0.4357007981309873,0.9176121564631148,398
264.6,OpenSky,753.5879852776488,182.89493345291493,0.4434008964691069,3.3253585669332284,3.317481258998607,0.0129917103204366,1,752.9588618597692,183.3739327961813,17,1.163923116820859,42.046105452780765,0.831183305942425,1,753.8447228354914,182.5078513484062,0.4265276888367464,0.8430808032045658,457
264.7,OpenSky,753.8879561640349,183.038140779269,0.4454080251089003,3.324016711762052,3.3580541732564195,0.0120093071751999,0,,,18,0.9772017921239696,43.20325718969384,0.9183743556442904,1,754.0276774145831,183.16593123605847,0.4314377265112394,0.9056426984061922,403
264.8,OpenSky,754.1875194975402,183.1818925459348,0.4474151537486937,3.3226910960898093,3.2961758580914657,0.017638486130535,1,754.7269346500143,182.0190261397481,17,0.8849422130682244,43.32214198224592,0.5907623858369607,1,754.3670592286146,183.03599413243612,0.4347418130573128,0.8830843329834448,440
264.90000000000003,OpenSky,754.4866757858073,183.32618840995036,0.449422282388487,3.321381959090425,3.304634148330363,0.0129703612244836,0,,,18,0.8173147472172505,45.12781004126813,0.6068599918326079,1,754.3002436827495,182.93451469951052,0.4564631719743302,1.0,427
265.0,OpenSky,754.78542555607,183.4710280458885,0.4514294110282804,3.3200895375086144,3.3147078878876264,0.0222359500139761,1,753.8142100354802,184.74342955295825,18,0.7993887567143813,42.78589955037773,0.6696096447187516,1,754.8520853816063,183.3719171095725,0.4638096750526537,0.939694475390576,461
265.1,OpenSky,755.0837693548168,183.616411145909,0.4534365396680737,3.318814065630629,3.4060889183377387,0.0173285589025265,0,,,17,0.910658782024543,43.55512151937317,0.8564478831539912,1,754.8543173104836,183.78347751327837,0.4378620956474712,0.8487522389333537,436
265.2,OpenSky,755.3817077474513,183.76233741980676,0.4554436683078671,3.317555775255294,3.320430688654183,0.0162419734623963,1,755.0582990694217,183.8806750896858,18,0.8089782837974895,41.5342942830516,0.8958935720672759,1,755.2355648886942,183.8719702190131,0.4555111972580006,0.905356179271494,394
265.3,OpenSky,755.6792413179506,183.90880659505535,0.4574507969476604,3.316314895665354,3.246264151399014,0.0156192895805224,0,,,16,0.8261492373960517,41.50341298155919,1.0841315349899718,1,755.7496722763509,184.35177722980865,0.4822904256823719,0.8387086304472609,437
265.40000000000003,OpenSky,755.976370668522,184.05581841684767,0.4594579255874538,3.3150916535991266,3.2476774058329494,0.0209574233554039,1,756.046597509774,184.8373132004522,17,0.980328973886836,43.24355204310307,0.8980495668578343,1,755.8497849649503,184.29520605413137,0.4574518366814253,0.9019211401656004,410
265.5,OpenSky,756.2730964192564,184.2033726481312,0.4614650542272471,3.313886273222466,3.3292588191963777,0.0198286913089673,0,,,17,0.986002618032806,42.83781102430903,0.8474713740562566,1,756.5114213688881,184.33845822399863,0.4760567790523344,0.8296695794012114,385
265.6,OpenSky,756.5694192077807,184.35146906964025,0.4634721828670405,3.3126989761010446,3.2499520424632142,0.0206278864289671,1,756.0731638277875,184.2979832806538,16,1.0388021369823974,45.372880517510296,0.9172281965826412,1,756.920234588207,184.31315907145105,0.4825246506475125,0.8481770908538834,480
265.7,OpenSky,756.8653396889079,184.50010747992343,0.4654793115068338,3.311529981172947,3.2237692850318207,0.02050840983747,0,,,19,1.0302572905783092,44.61009448279818,0.8537338374542437,1,757.1635675967725,184.7566945027964,0.4606556519527438,0.9263428493505348,417
265.8,OpenSky,757.1608585342847,184.6492876953676,0.4674864401466272,3.310379504721591,3.354406429777101,0.0192256898709026,1,757.682541674703,184.5530633530683,16,1.038365841612466,45.29325354130275,1.0123984047180303,1,757.0056155851481,184.57377074000345,0.4536529856025821,0.9197195358358488,455
265.90000000000003,OpenSky,757.4559764320378,184.79900955021697,0.4694935687864205,3.3092477603489687,3.3577010305825303,0.0142416022280424,0,,,18,0.8587156548358302,43.89352505988494,0.8939213833917347,1,757.4394271726189,185.1526403813002,0.4506111456962047,0.8730581939184774,379
266.0,OpenSky,757.7506940864179,184.94927289658887,0.4715006974262139,3.30813495894922,3.289530143933977,0.0158364856186979,1,757.5378547523561,184.59524574728755,19,0.952162350120036,44.245220741362566,0.6041696860851679,1,757.7771618479936,185.17373440835996,0.4849097392517008,0.9183020595074944,389
266.1,OpenSky,758.0450122174423,185.100077604485,0.4735078260660073,3.307041308682533,3.329516203329727,0.0175417672283046,0,,,18,0.985781417137324,43.85768204668587,0.917451324623007,1,757.8920598331015,185.69087933179668,0.4630037637696458,0.9545026728076696,429
266.2,OpenSky,758.3389315605353,185.25142356179816,0.4755149547058006,3.3059670149493825,3.3207755828106933,0.0303932047251545,1,759.2298693189133,184.25098324726065,18,0.842118026950346,43.03203920036044,0.6811277799580903,1,758.2659799540999,185.33937390339267,0.47032815330064,0.9755645832499812,396
266.3,OpenSky,758.6324528661677,185.4033106743158,0.477522083345594,3.304912280365101,3.344604502728899,0.0125751829465791,0,,,15,0.7400361049549488,43.01517323192735,0.900514199464635,1,758.8780615652847,185.5512170760307,0.4996147203211754,0.9077129199154516,441
266.40000000000003,OpenSky,758.9255768994934,185.55573886571847,0.4795292119853873,3.303877304734796,3.3477368016901385,0.0174163607919622,1,758.4623504175381,184.3565165490081,18,0.9298936163122296,45.25330079420573,0.7186375945899688,1,758.6765339556588,185.61658420352737,0.5014506676607442,0.9250745084156472,476
266.5,OpenSky,759.2183044399858,185.7087080775747,0.4815363406251807,3.3028622850286062,3.1551047144833197,0.020145069821204,0,,,16,0.920960000267392,43.33331256103672,0.7539035512602466,1,759.4205488354837,185.5520851928778,0.4780888834661354,0.9350578333990788,428
266.6,OpenSky,759.5106362810719,185.86221826933144,0.483543469264974,3.3018674153573064,3.2967595253742075,0.0180571066154755,1,759.6709392825597,185.44413064519253,16,0.8279041650937748,46.30390271704386,0.7097421141264018,1,759.1762624984212,185.6355126978553,0.4707169697293536,0.8747216136156071,405
266.7,OpenSky,759.8025732297652,186.0162694183005,0.4855505979047674,3.3008928869482617,3.341850060532068,0.0253284037431989,0,,,17,0.8080961963147557,41.96640550177162,0.886499252400666,1,760.0346335979867,185.97979912241615,0.4943992815223113,0.929231220062145,407
266.8,OpenSky,760.0941161062974,186.17086151964068,0.4875577265445607,3.299938888121733,3.287349933369781,0.0180535469829393,1,761.1765312364946,186.42284854969387,17,0.9551911828647818,44.84007978836643,1.009979984598252,1,760.1616854594994,186.14788019942512,0.4637542799672998,0.918280795868166,414
266.90000000000003,OpenSky,760.3852657437482,186.32599458633567,0.4895648551843541,3.29900560426754,3.314747453291727,0.0184727370787156,0,,,17,0.7818777788862361,43.35675990698661,1.014850519296641,0,,,,0.8716054385715895,429
267.0,OpenSky,760.6760229876745,186.4816686491681,0.4915719838241474,3.2980932178220783,3.3572669935123214,0.0240064130437641,1,761.1565404860509,186.34380748395927,17,0.9495124396283728,43.8005072457791,0.7707192382065456,1,760.8833633532382,186.60585526463885,0.4744929286834445,0.9155684782357528,422
267.1,OpenSky,760.9663886957386,186.63788375668923,0.4935791124639408,3.2972019082457025,3.316494688215041,0.0292295503775585,0,,,18,1.0827317359998905,41.89288946497506,0.7730199050491541,1,760.9743887181062,186.7075808580116,0.5054000382354822,0.9196113218446004,499
267.2,OpenSky,761.2563637373341,186.7946399751841,0.4955862411037341,3.2963318520004683,3.4014145777682514,0.0270485257248835,1,759.8659993219208,187.14102416277544,18,0.988276817965334,43.84187979383093,0.6411680334450067,1,761.3326949060508,186.98445806589464,0.5190612243223427,0.951085592357374,464
267.3,OpenSky,761.545948993212,186.9519373886332,0.4975933697435275,3.295483222528244,3.3774761238073228,0.0189408218726672,0,,,15,1.077826362793031,42.15674803162777,0.905376968973888,1,761.715079709865,187.0354475770644,0.5064289994678886,0.81946494309164,406
267.40000000000003,OpenSky,761.8351453551053,187.10977609866944,0.4996004983833209,3.2946561902291904,3.29947130260602,0.0194479707044197,1,762.8106834483924,186.32585991315295,18,0.8585499148935553,43.378299034423726,0.8572654894234992,1,761.3924603207199,187.3390453246109,0.4994386252705016,0.9720150686544072,398
267.5,OpenSky,762.1239537253522,187.26815622453117,0.5016076270231142,3.2938509224406087,3.2948458839815307,0.019951534723067,0,,,17,0.8945184920037147,42.97348294709036,0.7441983686435593,1,762.4294712057548,187.53111137202,0.5308908088823756,0.8234419559439885,478
267.6,OpenSky,762.4123750165196,187.4270779030108,0.5036147556629076,3.2930675834161693,3.133731873527369,0.0204876674471841,1,762.0769666641429,188.5282232882041,17,0.7968736088986894,42.189162523446136,0.7402290071104756,1,762.0087804948683,187.1462681904692,0.5053840679409696,0.9701615447762948,456
267.7,OpenSky,762.7004101510247,187.58654128839973,0.5056218843027009,3.292306334305512,3.28632439241988,0.0152531160511212,0,,,16,0.9642688669979608,42.92545162931496,0.7650780768876083,1,762.6584762805389,187.7872349117324,0.5037262290350215,0.950669204248527,399
267.8,OpenSky,762.9880600607563,187.74654655242853,0.5076290129424943,3.2915673331342243,3.223901691805201,0.0246248782350908,1,763.8550746633017,188.05995372234983,15,1.0287654191359812,44.46993715791577,0.6507003496593905,1,762.6955684666567,187.54189501879597,0.5056393852623535,1.0,453
267.90000000000003,OpenSky,763.2753256866956,187.9070938842033,0.5096361415822876,3.2908507347842084,3.313715344818517,0.0208013786748298,0,,,18,0.9298724588189644,43.2535540918018,1.0995598450185926,1,763.1517855850574,187.63913814408315,0.5000362990519216,0.9522651002277444,388
268.0,OpenSky,763.5622079785358,188.068183490138,0.511643270222081,3.2901566909744235,3.308013234227229,0.0194807412342436,1,763.5407636257833,188.93252688420972,16,0.9378943179319962,44.80411160658983,0.7767047203602923,1,763.3973600778627,188.0288652701536,0.5282403551177866,0.8667964905436171,429
268.1,OpenSky,763.8487078943016,188.229815593882,0.5136503988618744,3.2894853502420207,3.3388743175735605,0.0130654214243247,0,,,16,0.7026624164000171,42.019813471478805,0.8766720120220985,1,763.4320378961182,188.6593573664524,0.4997824482617745,0.9142844852835708,417
268.2,OpenSky,764.1348263999686,188.3919904362444,0.5156575275016677,3.2888368579238625,3.3840837745416827,0.0200366461763951,1,765.0212409610774,187.54156875327723,17,0.9783888659960402,43.6325927020219,0.7725938401582031,1,764.3066240868096,188.22399382565416,0.50559353586711,0.8358138748168047,416
268.3,OpenSky,764.4205644690811,188.5547082751134,0.5176646561414611,3.288211356138435,3.29860806723573,0.0098680312378115,0,,,16,0.8092144180611167,44.59604361511442,0.7581945814710328,1,764.3082421700801,188.75771762742644,0.5099375268705053,0.8937718739820839,401
268.40000000000003,OpenSky,764.7059230823708,188.71796938537216,0.5196717847812544,3.2876089837681546,3.435246943820026,0.0167992837901528,1,764.1143716049423,190.1252707548608,16,1.0001653536755286,42.86783622478309,0.7793155848079675,1,764.5382385096957,188.63197550407452,0.5243789418078144,0.8475840031347287,432
268.5,OpenSky,764.9909032273741,188.88177405881004,0.5216789134210478,3.287029876442064,3.31174652559831,0.0169590728369027,0,,,19,0.9106424671538976,42.14370885844868,0.7884879479024264,1,764.8176567589148,188.99466465009576,0.5039963619592616,0.8950753705184866,391
268.6,OpenSky,765.2755058980504,189.04612260403005,0.5236860420608411,3.286474166518934,3.2200772997766647,0.0214211966363865,1,765.2270671062803,187.9992157316852,16,1.0465619827191557,44.239257863091495,0.8516102862277157,1,765.6508982367902,189.3333654205217,0.5245023669297937,0.7858385771087792,440
268.7,OpenSky,765.5597320943986,189.2110153463521,0.5256931707006345,3.2859419830707552,3.2642414454967,0.0297398874636192,0,,,17,0.9204399467269964,40.69927988187047,0.918380607041516,1,765.4968417858252,189.12095257451645,0.525965073576169,1.0,415
268.8,OpenSky,765.8435828220753,189.37645262771215,0.5277002993404278,3.2854334518666404,3.275183889005989,0.0229231886030777,1,764.5070418086764,187.5014006273186,16,0.9266530355345908,41.76825353257751,0.8624096481061883,1,765.6018355228384,189.2583893193236,0.5380420401672152,0.8906756730940418,376
268.90000000000003,OpenSky,766.1270590920117,189.54243480655745,0.5297074279802212,3.284948695357121,3.3325047645263592,0.0275017366090535,0,,,18,0.9814510937991664,42.01531983081327,0.8732583459993869,1,766.2336402863617,189.701296894373,0.5306465724138558,0.9688000244388938,382
269.0,OpenSky,766.4101619200308,189.7089622577373,0.5317145566200145,3.284487832658857,3.2391195714762784,0.0233311948293005,1,765.3441178189117,188.4755113227993,18,0.92678000119637,45.34993817745262,0.6781471441182078,1,766.2548692333679,189.74541760702385,0.5346260752453231,0.8816148028301707,439
269.1,OpenSky,766.6928923264646,189.8760353723904,0.5337216852598079,3.284050979539747,3.2800321486484063,0.0258205869708201,0,,,19,0.8744549269906848,44.15143784945248,0.7830382489124306,1,766.6807350611982,190.04266552278335,0.5200410756128226,0.9086612518874074,396
269.2,OpenSky,766.9752513357724,190.04365455782732,0.5357288138996013,3.2836382484044515,3.2864290793086286,0.0296672418111389,1,766.7945143427747,191.43936906445103,18,0.8465106435680645,42.52038126474984,0.8251266140715711,1,767.1348980910375,190.05978538277265,0.537597767225523,0.97596460851384,374
269.3,OpenSky,767.2572399761576,190.21182023741017,0.5377359425393946,3.2832497482803253,3.27180854546369,0.0161517155260039,0,,,18,0.8564511421112244,42.101663654928586,0.9198354431871766,1,767.3508587599742,189.715471758956,0.5415764965964254,0.8993153716241311,421
269.40000000000003,OpenSky,767.5388592791861,190.3805328504268,0.539743071179188,3.282885584803761,3.344435618694668,0.0158009325360173,1,768.5441227330664,191.3928196960706,16,0.8975267440722459,42.77128947443221,0.8856119924552058,1,767.6592486966895,190.22424073402317,0.5296591749463011,0.930240293915726,446
269.5,OpenSky,767.8201102794046,190.54979285196205,0.5417501998189813,3.282545860206949,3.331964721840665,0.0234673027803505,0,,,16,0.8156716776628757,42.04044398814806,0.7292924124524929,1,767.9289432615268,190.56310217726676,0.5441791889156349,0.9395008615499688,499
269.6,OpenSky,768.1009940139593,190.719600712765,0.5437573284587747,3.2822306733050515,3.366318401837525,0.019896710362035,1,767.095532000708,190.39646538473212,16,0.8434016845745882,44.43368338537479,0.8490702329863796,1,768.201560031943,190.87728784969636,0.5252773411399807,0.880924038708065,409
269.7,OpenSky,768.381511522215,190.88995691911148,0.545764457098568,3.2819401194837896,3.2728641099546625,0.021041129308401,0,,,17,0.867099178117592,44.08583797780171,0.8310812148025395,1,768.540569279598,190.4122848555108,0.5416678783548043,0.8673217909448542,442
269.8,OpenSky,768.661663845375,191.0608619726636,0.5477715857383614,3.2816742906874588,3.3651321397823417,0.0186073788205031,1,766.7293212001026,191.88540861140484,17,0.9153676624566244,44.04854446278164,0.7711950332663831,1,768.598929953899,191.23708484932547,0.5308638688813399,0.8758875413223366,370
269.90000000000003,OpenSky,768.941452026101,191.23231639032477,0.5497787143781547,3.281433275407355,3.211718011179284,0.0168287552252142,0,,,14,0.913383738817403,42.61306745370899,0.6021051253760497,1,769.1109283519573,191.02101559286305,0.5339891146560034,0.9032519714930806,457
270.0,OpenSky,769.2212217798461,191.4037595159174,0.5497787143781547,3.2812171586706267,3.206451867548666,0.008407497956149,1,768.4499454650861,191.1889005531688,18,1.0830813171464582,45.24207840479632,0.5395043848926723,1,768.9651537235417,191.22097105480324,0.5851521835746016,0.8858981473806663,418
270.1,OpenSky,769.5009752365135,191.575192654648,0.5497787143781547,3.281026022029548,3.216068808326727,-0.0058119737497885,0,,,17,0.8427667561993398,43.39589492137809,0.8893111819756028,1,769.6110031464916,191.69321179025243,0.532707791828837,0.8580870849833485,407
270.2,OpenSky,769.7807145326627,191.74661711580197,0.5497787143781547,3.280859943551218,3.286597327280955,0.0035411062908593,1,770.9193904913911,192.5535865909425,16,0.8552116672817801,42.671042046358295,0.7804866047968587,1,769.7323560151729,191.68208858189465,0.5411574518993145,0.9222922365239794,428
270.3,OpenSky,770.0604418112117,191.918034212561,0.5497787143781547,3.280718997807682,3.3584929851044785,0.0027324667033177,0,,,15,0.966468011870826,43.75302541054819,0.9202543869473168,1,770.019451000185,191.73378900172787,0.5300595383742701,0.9024629207641568,457
270.40000000000003,OpenSky,770.340159221138,192.08944526182023,0.5497787143781547,3.280603255866484,3.2469073655835103,-0.0082789822359041,1,770.8431884880107,191.01954796203705,15,0.902416984710748,44.96711182437655,0.9444855428830682,1,770.2582033053967,192.21342870375943,0.5498210257825131,0.9253320525505476,387
270.5,OpenSky,770.6198689171789,192.26085158400443,0.5497787143781547,3.2805127852816405,3.2521611817841176,-0.0043435758625089,0,,,17,0.967103667347904,40.72394774392414,0.8950085792927253,1,770.4080685538909,192.5754390889219,0.5590564618548428,0.9179061107166372,434
270.6,OpenSky,770.8995730595312,192.43225450288395,0.5497787143781547,3.280447650085051,3.2692897566357444,-0.0034185419319055,1,770.4542705993234,193.11726599541888,17,0.9400961258233672,43.56097057359706,0.68190358202098,1,770.8932919543071,192.0682729393368,0.5556646259407332,0.852002583235686,482
270.7,OpenSky,771.1792738135507,192.6036553453904,0.5497787143781547,3.280407910778329,3.315501707222879,0.0030397169504931,0,,,18,0.8927319336050928,40.68076704965216,0.77504073886554,1,770.7830759428591,193.03622618816223,0.5525401955214106,0.8771072849541722,487
270.8,OpenSky,771.4589733494498,192.7750554414317,0.5497787143781547,3.280393624325076,3.25517839779484,-0.00189575713771,1,771.8807360536075,193.019301319728,18,0.8480095037122771,40.06720597587888,0.78609666946745,1,771.2215459298533,192.4097760062953,0.5299144396372721,0.8799424686105571,368
270.90000000000003,OpenSky,771.7386738419957,192.94645612370687,0.5497787143781547,3.280404844143572,3.253049596721461,-0.000388706710267,0,,,15,0.894936193301125,41.89916419392924,0.8030944987421057,1,771.7127247693606,193.0239577758388,0.5302298558948735,0.9488374744532392,378
271.0,OpenSky,772.0183774702073,193.11785872752057,0.5497787143781547,3.2804416200999102,3.2038269727282893,-0.0076151660963152,1,771.2686184301225,193.75706938072884,18,1.0709236992163544,42.902531606916405,0.9727209314834252,1,771.9350950168187,192.9491917273609,0.5406203514294088,0.865327424367238,492
271.1,OpenSky,772.298086417052,193.2892645905968,0.5497787143781547,3.280503998501565,3.2521751664308485,0.0121535980154865,0,,,16,0.9008907564281516,42.74953998180717,0.6569259319192479,1,772.4568698611452,193.71172083014943,0.5247877111640844,0.8245588981640942,426
271.2,OpenSky,772.5778028691415,193.46067505289287,0.5497787143781547,3.2805920220913856,3.356827586825395,0.000346581233941,1,771.5344703460743,194.345785511768,17,0.8560220418265939,42.940340902318,0.8054227904552964,1,772.5905048846313,193.69469185382653,0.5504385873579927,0.8478978550047555,433
271.3,OpenSky,772.8575290164275,193.6320914564131,0.5497787143781547,3.280705730042033,3.2931522869142498,0.0025647432629,0,,,17,1.068906832475852,45.37050356824092,0.8883904429745595,1,772.6973568542422,193.6850978079192,0.5553961488571435,0.8332561333854944,376
271.40000000000003,OpenSky,773.1372670518971,193.80351514502155,0.5497787143781547,3.280845157950848,3.242040761340008,-0.0028751789240487,1,772.9355630071881,193.38699564015343,15,0.8247097111869435,42.35388725619288,1.1011421375992536,1,773.4326859209974,193.69267936553072,0.522922408991267,0.9539196588678058,479
271.5,OpenSky,773.417019171267,193.97494746425525,0.5497787143781547,3.281010337835158,3.362750696788148,-0.0033816831701531,0,,,18,0.9489212158501216,42.39202329144227,1.056363028818468,1,773.2619709162003,193.90559613240364,0.602272840061417,0.8296587598718858,440
271.6,OpenSky,773.6967875726785,194.14638976113685,0.5497787143781547,3.2812012981280194,3.2506073875911587,0.0100611955399005,1,773.6983455789256,193.23083290049505,17,0.9129716807650334,43.65230236981667,0.6184410283509174,1,773.4998473921548,193.871835141448,0.5447891557244833,0.9288171394599972,398
271.7,OpenSky,773.9765744563912,194.3178433839871,0.5497787143781547,3.2814180636743977,3.368938633479694,-0.0099540583433178,0,,,18,0.9128127975593296,42.95097869596689,0.6084060542372014,1,774.2631495287399,194.1535931123164,0.5423431776614729,0.806928117919536,461
271.8,OpenSky,774.2563820244766,194.48930968223732,0.5497787143781547,3.281660655727785,3.366311604168339,0.0015171517506958,1,773.8331711595602,194.63367841758063,16,0.9159701307646324,42.76073043738501,0.7200650466350921,1,773.8467402235137,194.59344428681163,0.5463242139346427,0.904542159384442,420
271.90000000000003,OpenSky,774.5362124805122,194.66079000624157,0.5497787143781547,3.2819290919472563,3.2845436049293237,-0.0062880365909736,0,,,16,1.2721037720526156,40.78954022983559,0.7892061866254388,1,774.4983148366584,195.05469414580065,0.557851088285882,0.8491596714193141,438
272.0,OpenSky,774.8160680292744,194.8322857070884,0.5497787143781547,3.282223386394964,3.1922143562689693,-0.0020484245384571,1,776.4280410968989,194.41838788372297,17,0.939032381837631,43.06032504377674,0.869080714098942,1,774.6566968662383,194.78420104731583,0.5404706481552233,0.9243712373335252,443
272.1,OpenSky,775.0959508764319,195.00379813641328,0.5497787143781547,3.2825435495340725,3.4198064731711773,-0.0033154645399399,0,,,15,0.9831689241830912,41.33953642431444,0.723039859698051,1,775.1410773845615,194.6877168361488,0.5562725233156351,0.8760682583449669,394
272.2,OpenSky,775.3758632282381,195.17532864621023,0.5497787143781547,3.282889588227129,3.3074751461864,-0.0051388765847506,1,776.2410148246714,195.9265074281345,18,0.9150140393593994,43.30281280955116,0.6852957317701047,1,775.5793857244504,195.08484907305208,0.5319423243465353,0.97835173985987,419
272.3,OpenSky,775.6558072912248,195.3468785886436,0.5497787143781547,3.283261505734878,3.267494003442153,0.0001845108312196,0,,,17,0.7170594976827843,43.53751600295246,0.8803383154314179,1,775.8253266141428,195.18579326107985,0.5529089168600061,0.961122364961192,394
272.40000000000003,OpenSky,775.9357852718946,195.5184493158598,0.5497787143781547,3.283659301715511,3.3414698177418702,-0.0134484164121685,1,776.0663973987121,194.45408660775016,16,0.8574131607881293,45.308772713532576,1.1722109473975335,1,775.8162974931178,195.81648437521395,0.544705365528678,1.0,388
272.5,OpenSky,776.2157993764135,195.6900421797993,0.5497787143781547,3.284082972224358,3.329253671756364,-0.0016485186334885,0,,,16,0.7493787720984808,42.81451203115471,0.6209918269411746,1,776.2393504420997,195.54172995324168,0.5574534812583471,0.8871960026264262,418
272.6,OpenSky,776.4958518103044,195.8616585320081,0.5497787143781547,3.2845325097140203,3.3658068407580326,-0.000499769603005,1,777.4578588532539,195.53210070696613,19,1.1783756149058684,41.58831933783936,0.7837873091834492,1,776.796170196226,195.8916765923614,0.5711093106255825,0.8540717896849108,476
272.7,OpenSky,776.7759447781392,196.03329972344972,0.5497787143781547,3.2850079030349386,3.251387508548078,-0.0071800536373017,0,,,16,0.9206722241995918,42.98162634746535,0.8311549949493444,1,777.0582999293096,196.1692454765891,0.5309108402240916,0.9507443790718852,432
272.8,OpenSky,777.0560804832323,196.2049671043169,0.5497787143781547,3.2855091374364034,3.309256624157374,0.007880320158016,1,778.0248029180323,196.5985029546194,20,0.8040917481849444,44.07187041024967,0.8004487792393493,1,776.4882537203885,196.53713211789065,0.5495727617495483,0.9531521619247756,422
272.90000000000003,OpenSky,777.3362611273334,196.37666202384352,0.5497787143781547,3.286036194568006,3.215787825918271,-0.003110873954966,0,,,18,0.8404602532889939,42.66436585655191,1.0049151255670932,1,777.7191492183908,195.80487429878343,0.5595706308876323,0.9634952673784252,407
273.0,OpenSky,777.6164889103206,196.5483858301168,0.5497787143781547,3.286589052481526,3.328716828393571,-0.0012103760886256,1,778.0414773853418,195.8543835364053,19,0.8335055201163568,44.56793711776522,0.7993768513014405,1,777.557384171177,196.3961050339529,0.5388797766784004,0.9563083752378856,398
273.1,OpenSky,777.8967660298945,196.7201398698892,0.5497787143781547,3.2871676856332592,3.289044171086261,-0.0030734542427151,0,,,17,0.8403034601723264,43.48728888562644,0.708963879533628,1,777.6632797249898,197.0695034184941,0.5400235636345627,0.8634301240300055,418
273.2,OpenSky,778.1770946812709,196.89192548839085,0.5497787143781547,3.2877720648867848,3.3057432643881617,-0.0004046255108747,1,779.038995773197,195.99114645865905,17,0.941800655213442,41.1068396141606,0.7047931564405658,1,778.6734315129474,196.73340979669223,0.5272914114092573,0.8574136813511063,479
273.3,OpenSky,778.4574770568756,197.0637440291419,0.5497787143781547,3.288402157516169,3.278775792413544,0.0068888052679417,0,,,18,0.8490488617005751,41.05215115436998,0.9126133714619316,1,778.4358852736983,197.25288826111597,0.5507739959379689,0.8832028917874224,486
273.40000000000003,OpenSky,778.7379153460382,197.23559683376536,0.5497787143781547,3.289057927209611,3.274771002871569,0.0130395308694283,1,778.8999719625095,198.37477803212943,18,0.9505466565537388,41.42585851962797,0.8577462529662573,1,778.6925574599364,197.14368527826923,0.5454909798805474,0.898039558517765,451
273.5,OpenSky,779.0184117346869,197.40748524179963,0.5497787143781547,3.289739334073519,3.2391575417865157,0.0040271002082014,0,,,16,0.8788399786842646,43.08826685666617,0.8351601587459989,1,778.894782768802,197.4299271792167,0.5509556894432586,0.8877007963146868,403
273.6,OpenSky,779.2989684050432,197.57941059051188,0.5497787143781547,3.2904463346370325,3.338782375806736,0.0058027236031689,1,779.4338267768615,196.4107708981053,18,0.8650238127155477,42.18695755235623,1.155573504665092,1,779.528411988107,197.4174386394712,0.5156418105543761,0.9114925143600726,471
273.7,OpenSky,779.5795875353177,197.75137421471123,0.5497787143781547,3.291178881856974,3.3824141449903,0.009079492386447,0,,,17,0.9004985192074609,44.14380174434065,0.815102021850292,1,779.4987816916403,198.2581860410469,0.5487374694122842,0.8434178480606315,365
273.8,OpenSky,779.8602712994058,197.92337744656243,0.5497787143781547,3.2919369251232404,3.260918950990486,0.0013581578265483,1,779.0114301132721,199.1921785456884,17,0.9013962362653178,43.31791582146384,0.7392566408497713,1,779.8858797490855,197.5934199575448,0.5419232305340995,0.8641137764415017,382
273.90000000000003,OpenSky,780.1410218665839,198.09542161539983,0.5497787143781547,3.292720410264628,3.3265398019627823,0.0082989560888037,0,,,15,1.0033921701335191,43.62980766031696,0.661647889912986,1,780.4149285538882,198.05758355476263,0.5445584739548082,0.9490107087306948,468
274.0,OpenSky,780.4218414012064,198.2675080475416,0.5497787143781547,3.2935292795550923,3.3218376037784085,0.00419158419341,1,780.8203642430557,199.6106983267924,18,1.0450622775959588,42.5700726747443,0.8102558201240113,1,780.4835889756955,198.2248100202484,0.5556089566754387,0.8763996229002459,502
274.1,OpenSky,780.7027320624034,198.43963806610424,0.5497787143781547,3.294363471720445,3.2985559892323724,0.0007778164705511,0,,,16,0.8527392235607542,42.42891750107407,0.765890619410056,1,780.6491553054497,198.37778047757163,0.5579206787728239,0.7806104291961947,457
274.2,OpenSky,780.9836960037785,198.61181299081775,0.5497787143781547,3.2952229219454767,3.2073483038828354,0.0019076946768919,1,780.8678371737486,198.9186688655557,18,1.037316435766949,42.11157779024733,0.8862194310836502,1,781.41890847266,198.6657477255815,0.550342214839326,0.8381276980492586,474
274.3,OpenSky,781.2647353731077,198.78403413784105,0.5497787143781547,3.29610756188152,3.223329215592475,-0.0094359690620373,0,,,17,0.8139524069732165,42.429137410821504,0.7820325679625477,1,780.9757654772975,199.4125769477536,0.560561975605328,0.9657480311768168,409
274.40000000000003,OpenSky,781.5458523120385,198.9563028195773,0.5497787143781547,3.297017319654437,3.25926689060596,0.0016057088078895,1,781.0759253901035,197.86422834185535,16,0.8967856002862505,41.76735425577482,1.0784884110615731,1,781.8608364694262,199.10872265535752,0.5493091436535864,1.0,431
274.5,OpenSky,781.8270489557906,199.12862034449088,0.5497787143781547,3.2979521198730444,3.1767030320892577,-0.0080322263527879,0,,,18,1.3677659589933828,41.30323857624261,0.7856253684461009,1,781.6503366268352,199.298515449126,0.5658542153864188,0.923546558323426,498
274.6,OpenSky,782.1083274328561,199.30098801692336,0.5497787143781547,3.29891188363796,3.3899404649778595,-0.0085413635701883,1,781.3101697924545,200.35887587510163,16,0.9499905254018306,42.46462690596648,0.8056973182182813,1,782.4272441465655,199.212762574573,0.5381302293632833,0.8034951527129136,463
274.7,OpenSky,782.3896898647016,199.47340713691125,0.5497787143781547,3.2998965285508817,3.3280578696861065,0.0009594901057716,0,,,20,0.8691423365518214,41.70454141468976,0.9037464037980196,1,782.5464366688017,199.5134025849113,0.5674101219988548,0.9150048985970304,463
274.8,OpenSky,782.6711383654707,199.6458790000033,0.5497787143781547,3.3009059687242965,3.3067444770026646,-0.0058713196343048,1,782.8294189071213,200.23721754491575,17,0.89245275926594,43.29360053942713,0.7723878773250417,1,782.938527216664,199.7233698233661,0.5356313168724052,0.8904189805247479,427
274.90000000000003,OpenSky,782.952675041687,199.81840489707892,0.5497787143781547,3.301940114791608,3.176922562706403,-5.4595711438141554e-05,0,,,18,1.083113645478753,43.89007362547456,0.7996670918837311,1,783.0200731243934,199.71439559806743,0.5310200681119719,0.8803088897880808,423
275.0,OpenSky,783.2343019919589,199.99098611416696,0.5497787143781547,3.3029988739176943,3.2013777628216284,0.0006807006390317,1,784.0141448321108,199.69896996138775,18,1.0129125080670145,42.08886725387495,0.7253426506471454,1,783.1848041783679,200.0444481547824,0.5550397266348943,0.8711014669707554,414
275.1,OpenSky,783.5160213066843,200.16362393226487,0.5497787143781547,3.304082149809888,3.3107277025120383,0.00083671311161,0,,,17,0.7983622712856134,42.38300135586486,0.8425208893475603,1,783.2818121147836,199.98142005373668,0.5471301012956213,0.8677662128609276,433
275.2,OpenSky,783.7978350677569,200.33631962715884,0.5497787143781547,3.3051898427293787,3.427990026523079,-0.004881374586337,1,782.979838749104,200.24213635920344,15,0.8368983782947285,43.94770196298391,0.7433214487064417,1,784.2955552082303,200.3537928324081,0.5658024047024321,0.9093522707927124,438
275.3,OpenSky,784.0797453482736,200.50907446924427,0.5497787143781547,3.306321849503033,3.2690994620391987,0.0045253787130927,0,,,17,0.8965003120056338,44.26157489044542,0.9133805127367228,1,784.17237690932,200.4408406490037,0.5489758075019848,0.8810242813747505,388
275.40000000000003,OpenSky,784.3617542122427,200.68188972334693,0.5497787143781547,3.307478063535639,3.3629518233933955,-0.0006897577307975,1,784.522216213836,200.85518513478087,18,1.0230644281019374,44.523479248611366,0.8113302191754115,1,784.6323374269704,200.5343345501932,0.5480424310060696,0.9515012701554464,456
275.5,OpenSky,784.6438637142927,200.8547666485449,0.5497787143781547,3.308658374822566,3.283834107757176,0.0021022490245282,0,,,16,0.8209390086405536,43.92613925187949,0.8620865478747458,1,784.9626797387631,200.70069211623007,0.5543946697117743,0.9193308894566984,428
275.6,OpenSky,784.9260758993834,201.0277064979912,0.5497787143781547,3.309862669962839,3.3179317842251423,-0.0064709150851346,1,783.8674232986845,201.08542069572127,17,0.9191176919455836,41.49349809389516,0.9863771049533216,1,784.7009550923362,200.9629168555228,0.5654761517865867,0.9748019960072298,479
275.7,OpenSky,785.2083928025169,201.2007105187366,0.5497787143781547,3.311090832172629,3.385620702024649,-0.0011613205411312,0,,,18,0.918496308964076,42.49985511254349,1.037756940283661,1,785.2833734176583,201.5411967285381,0.56340638449627,0.8376078390686337,428
275.8,OpenSky,785.4908164484507,201.37377995155416,0.5497787143781547,3.3123427412991604,3.2924116248683823,0.0055041983790546,1,783.5812939757022,202.29618695504732,19,0.9780663102739098,44.33443394065158,0.6931954311747858,1,785.5221700348503,201.1365688380488,0.5312094893513217,0.8428585389034081,401
275.90000000000003,OpenSky,785.7733488514116,201.5469160307637,0.5497787143781547,3.313618273835022,3.2731837932601926,0.0048888593265661,0,,,16,0.8285406248512749,41.15353830106128,1.0082640441470785,1,785.8966905390254,201.3716198802954,0.5495918098179171,0.7861335359547952,445
276.0,OpenSky,786.0559920148108,201.72011998405716,0.5497787143781547,3.314917302932895,3.402592683444507,-0.0043996825160509,1,786.0357819516082,202.16617326678448,17,0.9282182666188002,45.4857177972665,0.7503621951164487,1,785.9634169906874,201.4034227332947,0.5427239075730133,1.0,462
276.1,OpenSky,786.3387479309607,201.893393032325,0.5497787143781547,3.316239698420684,3.3229081649658982,-0.0030588028917213,0,,,16,0.8896472363173001,41.99085865695604,0.7184123751687581,1,785.9136444214764,201.6823087448276,0.5596642104107437,0.9102683072363068,428
276.2,OpenSky,786.6216185807923,202.06673638948345,0.5497787143781547,3.3175853268170563,3.3853608195983296,-0.0053489829545248,1,785.4035680664012,202.7047177329376,16,0.8390655386689471,40.943006723340766,0.757682778615833,1,786.9096762039029,202.26346737336104,0.5787972027779391,0.9176134608426122,471
276.3,OpenSky,786.9046059335748,202.24015126230216,0.5497787143781547,3.318954051347387,3.279810035881788,-0.0036580735430095,0,,,18,0.8320917389432517,43.265949953995104,0.6835184523851249,1,786.9846975635011,202.18928420434827,0.5438169047825321,1.0,420
276.40000000000003,OpenSky,787.1877119466359,202.41363885023316,0.5497787143781547,3.3203457319601006,3.4076176534938285,-0.0075385884496324,1,787.2831011645736,201.97096885771947,17,0.852447097529688,42.99252059753711,1.04261116317209,1,787.0924265785706,202.11742663182733,0.5640839965232693,0.8419484048834709,443
276.5,OpenSky,787.4709385650841,202.58720034524035,0.5497787143781547,3.32176022534342,3.340579618208214,-0.0009374562962254,0,,,19,0.8720628102881327,41.75091981207973,0.8548769770057216,1,787.5858265945106,202.3600454752764,0.5419606176035425,0.8480725288570937,442
276.6,OpenSky,787.754287721532,202.7608369316304,0.5497787143781547,3.323197384942509,3.350236219168365,0.003122861291162,1,788.34988156617,202.9836468342369,16,0.9828915211343962,44.38347651286463,0.8658510174695035,1,787.3130090486356,202.903792377448,0.5570702166866393,0.9131778881773216,408
276.7,OpenSky,788.0377613358213,202.9345497858837,0.5497787143781547,3.324657060977012,3.3334147371634564,-0.0042965761442826,0,,,17,0.8195128416270154,42.26159557065476,0.8647670186013798,1,788.1145969265056,202.74330444344272,0.56410594022101,0.9879784135950664,400
276.8,OpenSky,788.3213613147493,203.1083400764872,0.5497787143781547,3.32613910045899,3.297380503301248,-0.0007003928912623,1,787.5572938607969,203.41105542916188,15,0.8980746719424982,42.06129303223992,0.9304090097195572,1,788.5636179181126,203.2244175149436,0.5472284837888992,0.9117166972258904,442
276.90000000000003,OpenSky,788.6050895517972,203.28220896376763,0.5497787143781547,3.327643347211244,3.3273158647910197,-0.0014571961224086,0,,,18,0.7326413296519626,45.31936889534335,0.9151252572064404,1,788.8302711018473,203.28631167955876,0.5759981052765655,0.9471300762185848,395
277.0,OpenSky,788.8889479268593,203.4561575997257,0.5497787143781547,3.329169641886033,3.3035183309020786,0.005180210825959,1,787.903521387869,204.22572970507755,16,0.93761592675117,41.61930732964808,0.8855730020643332,1,788.6284916944193,203.47719109665923,0.5355633864795242,0.9316119687637346,427
277.1,OpenSky,789.1729383059746,203.63018712787175,0.5497787143781547,3.3307178219841767,3.389455307941585,-0.0035330266150743,0,,,18,1.0301924417334656,41.41319221919026,0.7649415718802133,1,789.2179385193231,203.764140714567,0.52612238956138,0.8553471738302155,426
277.2,OpenSky,789.45706254106,203.80429868306177,0.5497787143781547,3.332287721874543,3.322467896115936,-0.0033839303829118,1,788.2853374082448,204.6204063737989,17,0.9542171700779852,45.17001801545904,0.9858867984438172,1,789.7020614350627,203.48941894778255,0.563381603578752,0.9325973053562752,434
277.3,OpenSky,789.7413224696445,203.9784933913349,0.5497787143781547,3.333879172813919,3.246310202154189,-0.0047428141579283,0,,,18,0.8639413223029601,44.02671694241709,0.9701864881212212,1,789.858668400843,203.9405695192916,0.5496586097201117,0.8677946275315968,381
277.40000000000003,OpenSky,790.0257199146057,204.15277236975209,0.5497787143781547,3.335492002967265,3.2403655639207414,-0.0062339536150104,1,789.5390043715611,203.72360279161197,15,0.8134708633879795,45.72196144492618,0.9307602761835532,1,789.9484983548032,204.25449987822176,0.5513984736134256,0.92013343398925,390
277.5,OpenSky,790.310256683908,204.32713672623527,0.5497787143781547,3.33712603742834,3.239808724694321,0.0024583095440556,0,,,15,0.997871605783829,42.63027867929154,0.8417386958151282,1,790.1396559551091,204.2362324664996,0.5472563041656722,0.7954561574802339,491
277.6,OpenSky,790.5949345703427,204.50158755940845,0.5497787143781547,3.338781098240709,3.3835509344679084,-0.0010248260553738,1,790.4025352034054,204.9823908160732,16,0.8445537743715177,44.61209542316338,0.7387298067764785,1,790.1705268944244,204.5088542941345,0.5213580525981989,1.0,395
277.7,OpenSky,790.8797553512693,204.6761259584389,0.5497787143781547,3.3404570044191195,3.2801409351073514,-5.18594538579681e-05,0,,,17,0.6386542018833782,43.65679876504468,0.8629392020197711,1,790.4067176434983,204.89143313083116,0.5507107643456846,0.9577298457841144,402
277.8,OpenSky,791.1647207883595,204.8507530028804,0.5497787143781547,3.34215357197125,3.36854317071967,0.0063415697885123,1,790.7379425093402,205.27933656627584,17,0.6775466974731641,43.799215256825285,0.792709080769403,1,790.8501298649796,204.43745316418423,0.5607309878597642,0.8408621525486393,407
277.90000000000003,OpenSky,791.4498326273427,205.02546976251725,0.5497787143781547,3.343870613919825,3.3609001710894133,0.0066602217176561,0,,,16,0.9864089813738904,42.189587325069205,0.8295709021584609,1,791.3713352448191,204.38667980883025,0.5264803056984033,0.9537610642089974,431
278.0,OpenSky,791.7350925977531,205.20027729720945,0.5497787143781547,3.345607940325097,3.349357945350963,-0.008980459732239,1,792.9867408644958,205.11651042225708,17,0.9323849221660868,43.61402808613882,0.7991327229492841,1,791.6785620900243,205.63709307324288,0.548364669160553,0.8643860946639985,431
278.1,OpenSky,792.0205024126792,205.375176656739,0.5497787143781547,3.347365358307686,3.384513598707278,0.0031188703197355,0,,,19,0.8285536351613274,40.73484285209006,0.7084899951580037,1,792.4175013680886,205.11755112230105,0.5381133100468505,0.8244349521522917,442
278.2,OpenSky,792.3060637685153,205.5501688806576,0.5497787143781547,3.3491426720717854,3.3703254342752884,0.000862630769251,1,792.4729181417998,206.6933712620011,18,0.6811166018374792,44.09918479217236,1.0461607417896337,1,792.2997152417903,205.49360032341892,0.5792826720343847,1.0,422
278.3,OpenSky,792.5917783447146,205.7252549981356,0.5497787143781547,3.3509396829287184,3.1984356353563568,-0.0027173293274867,0,,,18,0.7329699300696466,42.94858869955692,0.8245453007948798,1,792.7726874162997,205.34071017802145,0.5352956845964889,0.8902132986689868,396
278.40000000000003,OpenSky,792.8776478035448,205.90043602781185,0.5497787143781547,3.352756189320852,3.346050244402828,0.0013735662843636,1,794.3424247290575,205.3576313611646,15,0.8229039316096739,42.21631935175494,0.7720293119500838,1,793.0616118442961,206.33423237488685,0.5700076253150592,0.8830483690882704,435
278.5,OpenSky,793.1636737898453,206.07571297764528,0.5497787143781547,3.35459198684586,3.392497520933189,-0.0093739792882533,0,,,17,0.944365739182038,43.49575048977393,0.7361744712387751,1,792.8548237136927,205.7066900889588,0.5491344338863833,0.9033927943047914,459
278.6,OpenSky,793.4498579307871,206.25108684476749,0.5497787143781547,3.356446868281337,3.4689303431425147,0.007312394966448,1,792.6373166168764,206.78717306821744,18,0.9476866780095788,43.17319639495736,0.8808782946590455,1,793.6176909712324,205.89419966139195,0.5498282591538017,0.8793545873749224,362
278.7,OpenSky,793.7362018356339,206.4265586153367,0.5497787143781547,3.3583206236097523,3.470376624906856,0.0023726344058718,0,,,17,0.9509820408469448,40.43723877399992,0.8745322333032512,1,793.8992770093339,206.05821814101063,0.5679801746735844,0.8163078105582385,508
278.8,OpenSky,794.0227070955067,206.60212926439291,0.5497787143781547,3.3602130400437487,3.291487802739619,-0.0048560071525804,1,793.3459447583352,205.4062708413026,19,0.832846526443484,42.308175666850936,0.5462833112570895,1,793.889930618554,206.3841093796653,0.5578995135623761,0.8421885715420387,477
278.90000000000003,OpenSky,794.3093752831492,206.77779975571485,0.5497787143781547,3.362123902051783,3.3549493388190603,-0.0034069542915492,0,,,18,0.9770663283063498,42.52434915869397,0.751096529166595,1,794.4667685262299,206.93864200298628,0.5495390187567137,0.931642586357784,411
279.0,OpenSky,794.5962079526961,206.9535710416775,0.5497787143781547,3.364052991384097,3.282134466924579,-0.009222895108106,1,794.5390058670051,206.8011100504079,17,0.8967764133113141,41.82396887410445,0.9415721115915304,1,794.0668304976004,206.8273593669996,0.5264650372239372,1.0,433
279.1,OpenSky,794.8832066394441,207.12944406311175,0.5497787143781547,3.3660000870990268,3.469956305842407,-0.0019313897562918,0,,,15,0.9416936743262092,43.42828332879439,0.730232933040414,1,794.7661841264234,207.41886958707832,0.5444798103637418,0.9069049316170564,367
279.2,OpenSky,795.1703728596241,207.3054197491652,0.5497787143781547,3.3679649655896333,3.4444398670401277,-0.0028513380792664,1,795.9625940702502,206.84485427352237,18,0.9705969949733956,44.36846750645639,1.039238393259004,1,795.6587935929438,207.2515961522383,0.5467946487615545,0.8891376830516141,429
279.3,OpenSky,795.4577081101762,207.48149901716388,0.5497787143781547,3.369947400610671,3.405503632602916,-0.0072558606867333,0,,,17,0.8754263993723018,43.5533961802163,0.8800248870358076,1,795.2419733779834,207.38062291218432,0.5449947907547683,0.9315171701301326,401
279.40000000000003,OpenSky,795.7452138685277,207.6576827724764,0.5497787143781547,3.3719471633058684,3.3952325824925107,0.0037771762812367,1,796.0177584674001,207.614624658722,17,0.8862353215440798,44.14595039983117,0.5297772763149405,1,796.0196706269008,207.75608142142863,0.5736474106780758,0.8590080523842396,446
279.5,OpenSky,796.032891592372,207.8339719083785,0.5497787143781547,3.3739640222355347,3.4696802186881697,0.0063616006709607,0,,,17,0.8157369364420944,42.67227599718749,0.9595085140004322,1,796.2135518667562,207.93571190250248,0.5690394015936904,0.9375844438663316,414
279.6,OpenSky,796.3207427194516,208.0103673059198,0.5497787143781547,3.375997743404481,3.461622737219973,-0.0004603596396725,1,795.5934804254476,208.77537500694132,17,0.8540848037461766,44.55793425762303,0.7187264420041568,1,796.6953150885672,207.94462238687197,0.5679791500541129,0.9763305427679214,459
279.7,OpenSky,796.6087686673417,208.1868698337916,0.5497787143781547,3.378048090290255,3.462280890934649,-0.0019031063777739,0,,,17,0.6951283181575254,42.8511767028015,0.705276338216608,1,796.4307650185335,208.0833164574282,0.5341466838509179,0.9278479850506344,412
279.8,OpenSky,796.8969708332379,208.3634803481964,0.5497787143781547,3.380114823871685,3.423114276492142,0.0019866167842556,1,796.3372388595113,208.40370102460489,16,1.1189795703663572,41.89531975826775,0.7451581033677823,1,796.8941718908532,208.7735999895077,0.5601817193482042,0.7975547187242429,400
279.90000000000003,OpenSky,797.1853505937452,208.5401996927188,0.5497787143781547,3.382197702657729,3.376388227372649,-0.0004182054826275,0,,,15,1.2420656155905492,41.4420834439673,1.0584426165528942,1,797.2701087634465,208.54283243318577,0.539689243079537,0.8829326229844898,407
280.0,OpenSky,797.4739093046699,208.71702869819805,0.5497787143781547,3.3842964827166293,3.4459701509133427,-0.0059926507371673,1,798.9068738786054,208.00200084939917,17,0.8557537847226345,40.94019181578372,1.1729141860432457,1,797.0659328381033,208.62450863198725,0.5408491323656675,0.8569993469592263,411
280.1,OpenSky,797.7626483008141,208.893968182602,0.5497787143781547,3.386410917705363,3.454321024645833,-0.0036962838099381,0,,,15,0.9540156436077184,43.006631847490766,0.862379480361986,1,797.9661874028282,208.81131917627764,0.5453181587532514,0.9061366552627544,487
280.2,OpenSky,798.051568895773,209.0710189509026,0.5497787143781547,3.38854075889939,3.3972210436506134,-0.0018172364372044,1,798.088972982451,208.33512349071293,19,0.7896810045546164,47.120605235267526,0.7647225169241134,1,798.0771331531199,209.28592471661557,0.5318804310425551,0.8740676106129469,374
280.3,OpenSky,798.3406723817336,209.24818179495327,0.5497787143781547,3.3906857552226928,3.3894528422527834,0.0009909095139365,0,,,17,0.8062367893346291,44.08774887880466,0.7236941984039722,1,798.196500115132,209.267814303674,0.5538294685936567,0.8077665870596529,428
280.40000000000003,OpenSky,798.6299600292775,209.4254574933673,0.5497787143781547,3.3928456532781044,3.480154917054297,-0.0002555488016592,1,798.7573146599972,209.8341918869975,18,0.8832076048613468,43.61225045271316,0.6218736597588781,1,798.7217107578186,209.12933641120327,0.5681239235654512,0.8960200829636623,400
280.5,OpenSky,798.9194330871853,209.60284681139845,0.5497787143781547,3.395020197377921,3.514539992117673,0.0008140545383135,0,,,14,1.01389820457381,43.03994758365719,0.5554727184580537,1,798.8451520294154,210.03001272079916,0.5617874562312664,0.8830762217715136,421
280.6,OpenSky,799.2090927822439,209.78035050082272,0.5497787143781547,3.397209129574794,3.3736625071881714,-0.0082950034710327,1,798.5909522919151,209.76226725555225,18,1.0841543509810418,44.10400629234489,0.7826376149834069,1,799.0150405253788,209.72253386090347,0.5336440811238106,0.8766497753974878,441
280.7,OpenSky,799.4989403190567,209.95796929982197,0.5497787143781547,3.3994121896929044,3.40355347679753,0.0032233156402267,0,,,19,0.8549696646464503,43.2395586665257,0.6341378482014645,1,799.3817792064682,209.86815954113592,0.5654178589300951,0.8913200382756986,439
280.8,OpenSky,799.7889768798559,210.13570393286903,0.5497787143781547,3.4016291153594023,3.444071231318417,-0.0002549917624971,1,799.6241946758599,209.4835234128716,17,0.8714854350596521,41.42702233573273,0.7057069074753982,1,799.8339921248448,209.90180328283964,0.5476333102454629,1.0,431
280.90000000000003,OpenSky,800.0792036243183,210.31355511061489,0.5497787143781547,3.403859642036125,3.4541203602780115,0.0130900364242398,0,,,17,0.7644678926444832,39.84286675785081,0.6669447264954697,1,800.0419674655261,209.68434715297192,0.5254220504610312,0.8636269374545601,433
281.0,OpenSky,800.3696216893833,210.4915235297767,0.5497787143781547,3.406103503051573,3.3957841242267435,-0.0022885141575072,1,800.6072883566032,210.30834887687004,18,0.917830459403157,44.04270907106731,1.225354301792683,1,800.3319286012432,210.83745782215948,0.5423662592082232,1.0,374
281.1,OpenSky,800.6602321890733,210.6696098730285,0.5497787143781547,3.408360429633156,3.547359142661998,0.001441900862718,0,,,17,1.100873244493077,40.97367877749863,0.7112804804608709,1,800.6998568242396,210.71470928039275,0.5448807429448084,0.9514463096884674,444
281.2,OpenSky,800.9510362143182,210.8478148088928,0.5497787143781547,3.410630150939689,3.463138601005408,0.0145036673402249,1,800.8627880969432,210.0943902572587,17,0.8912406776326885,41.98754031196834,0.8095988807434241,1,800.9897914647796,210.7719478111403,0.5623515576445794,0.9719705878981232,493
281.3,OpenSky,801.2420348327809,211.0261389916343,0.5497787143781547,3.4129123940941475,3.4708724190791664,0.0007496857580209,0,,,17,0.9416103415930932,41.76525368782208,0.922742757373173,1,801.2936135655053,210.9055057739525,0.5543805392667758,0.9145716422802403,348
281.40000000000003,OpenSky,801.533229088687,211.2045830611554,0.5497787143781547,3.4152068842166714,3.547491195264492,-0.0007733641634073,1,801.88619716926,211.6411716321415,17,0.7887306685675461,46.49256785176122,0.760240859576156,1,801.7714352489173,211.02647729266545,0.5531705116643879,0.9430847634533742,450
281.5,OpenSky,801.8246200026571,211.38314764289308,0.5497787143781547,3.417513344457815,3.418535203174102,-0.0055189673733163,0,,,15,0.8490048930115587,42.45347901853096,0.8670625167436283,1,802.3149205311926,211.6966239659288,0.5231172623180926,0.8805809331166122,417
281.6,OpenSky,802.116208571541,211.56183334771777,0.5497787143781547,3.4198314960320406,3.438359496723072,0.0077042671182375,1,802.8972698425613,211.28821151091657,20,1.013105123828911,45.378087494938974,0.6369117781012327,1,802.3927500426418,211.72350442304577,0.5541416803364614,1.0,455
281.7,OpenSky,802.4079957682565,211.74064077183408,0.5497787143781547,3.4221610582514463,3.3651325569600767,-0.0063334208078307,0,,,16,0.9275146711786127,45.52369973273485,0.7545374230800488,1,802.650517407251,211.61631755977456,0.5631405057030707,0.9257383905238904,413
281.8,OpenSky,802.6999825416287,211.91957049668304,0.5497787143781547,3.424501748559733,3.4322234012601727,0.0018905200843943,1,801.6169788814339,212.54055171182648,18,0.8332352852441159,42.10633100592265,0.6537278151788195,1,802.5456570893291,212.35220225434264,0.5400275246532225,0.7911091452219368,418
281.90000000000003,OpenSky,802.9921698162352,212.09862308884632,0.5497787143781547,3.426853282566399,3.3563822744152327,-0.0027845460255138,0,,,15,0.7378074293061557,43.153518366874565,0.6185413016907151,1,803.3842520259926,211.42005740127223,0.5328072917623756,0.832816731467938,469
282.0,OpenSky,803.2845584922514,212.27779909995223,0.5497787143781547,3.429215374081156,3.49358442940892,-0.0012753541460152,1,802.2341772801866,212.2154438255504,17,0.7879625104930447,43.31694020712617,0.6733814790697856,1,803.6400321419244,212.6306560506261,0.5558731054618571,0.8360887070251991,497
282.1,OpenSky,803.5771494453007,212.45709906658345,0.5497787143781547,3.431587735148575,3.475364791533889,-0.0078040904933806,0,,,15,0.8492424434368778,48.38365372222308,0.7365190369405514,1,803.6066212102764,212.4490514186133,0.5334114999570563,0.8536231031517475,455
282.2,OpenSky,803.8699435263065,212.6365235101865,0.5497787143781547,3.4339700760829435,3.437214010829514,0.006745973849264,1,802.8782733533699,211.67558532300583,19,1.0089809710905937,41.56659642935266,0.8593070302321094,1,803.440236507517,212.76559045546432,0.5500645317508694,0.7984905449862112,524
282.3,OpenSky,804.1629415613482,212.81607293698343,0.5497787143781547,3.436362105503339,3.452364597445761,-0.001809983839913,0,,,17,0.8525116359267726,44.76367841282804,0.7396455653444568,1,803.5301795114076,212.7812429624593,0.5705280542164841,0.9324198215566496,449
282.40000000000003,OpenSky,804.4561443515191,212.99574783788495,0.5497787143781547,3.438763530368908,3.503339501305262,-0.0067464540876904,1,804.5910838726646,213.2608661855533,16,0.9004182491131798,43.11900587811674,1.0157913432916228,1,804.287752352061,213.14821982890655,0.5315317458611646,0.9028899501411672,450
282.5,OpenSky,804.7495526727882,213.17554868840548,0.5497787143781547,3.441174056014355,3.3886338859932903,0.0061771241550394,0,,,18,0.8765660790711283,42.84525008672108,0.7790093530322355,1,804.8560281668877,212.8116567924489,0.5416649840991528,1.0,467
282.6,OpenSky,805.0431672758649,213.3554759485802,0.5497787143781547,3.4435933861856256,3.472159847059505,-0.0030707640144149,1,805.4531984456746,214.3523389840349,17,0.935015098497242,44.4357924833988,1.0276882239726508,1,804.5101443585115,213.07878588938928,0.5417566052614857,0.986051899886526,446
282.7,OpenSky,805.336988886066,213.535530062884,0.5497787143781547,3.4460212230757907,3.505780875264461,0.001342734554161,0,,,17,0.8198573556944834,43.19165770177048,0.8815077781836183,1,805.4655149979026,213.74921134319464,0.5427014635431604,0.982157422100608,402
282.8,OpenSky,805.6310182031871,213.715711460152,0.5497787143781547,3.44845726736112,3.3581246229491386,0.0039911771230172,1,806.2164908657481,213.15551448731296,15,0.8799562369909384,41.806568643253854,0.726510403379354,1,805.7836796991032,213.54951362624564,0.5236243006623358,0.9391783054730444,421
282.90000000000003,OpenSky,805.9252559013759,213.89602055350247,0.5497787143781547,3.450901218237344,3.5046186774594497,0.0020567999995699,0,,,17,0.9395724288041264,43.23096700779791,0.7013001824534912,1,806.3360022286992,213.6788765746284,0.5385761341783231,0.9936126309961296,422
283.0,OpenSky,806.2197026290091,214.07645774026136,0.5497787143781547,3.453352773456097,3.365481868594248,-0.011920053919817,1,805.6132883473556,215.1436039948705,15,0.8773273952051652,41.70997405690952,0.7585195452130953,1,806.2184817343376,214.06683383887503,0.5549931845170488,0.9333082244568368,468
283.1,OpenSky,806.5143590085727,214.25702340188835,0.5497787143781547,3.455811629361541,3.462023692873665,0.0032317447386397,0,,,17,1.051742186740126,41.5158663505584,0.8114232551328571,1,805.8843774660921,214.2957849714929,0.5436952219489841,0.8893781124584804,436
283.2,OpenSky,806.8092256365446,214.4377179039057,0.5497787143781547,3.458277480927162,3.401146721167417,-0.0009251385061509,1,805.7850720875399,215.16336084612436,19,0.9651281862637264,44.31211201078401,0.8648500410963028,1,806.4031248797099,214.46685624138027,0.5515894971112356,0.8882347433669174,454
283.3,OpenSky,807.1043030832816,214.61854159582845,0.5497787143781547,3.4607500217927387,3.5612382234902986,-0.0021236531640459,0,,,15,0.8021736533518156,43.23653476545517,0.8503495738557479,1,807.4446963850525,214.5902721593579,0.5785618647823627,0.9116139839724224,411
283.40000000000003,OpenSky,807.3995918929081,214.79949481109645,0.5497787143781547,3.463228944301472,3.4089772107394527,-0.0009776749036937,1,806.4608848255218,215.88032063409625,19,0.9062950612940824,42.379355148553245,1.1238502517693667,1,806.8543369476864,214.5480697112922,0.5403321311087996,0.9400925364018328,419
283.5,OpenSky,807.6950925832093,214.9805778670089,0.5497787143781547,3.465713939537277,3.380508680225081,-0.0088176067390099,0,,,18,0.8515150427492608,40.308452855828165,0.6782183478379044,1,807.408537882895,214.88013950395504,0.5538618766878369,0.8476922801188376,371
283.6,OpenSky,807.9908056455266,215.1617910646601,0.5497787143781547,3.468204697362236,3.4888324775043733,0.0006329638721456,0,,,16,0.7320365511463294,43.7669863061493,0.7277145393502964,1,807.6363278995477,215.5048386857408,0.5497038785144723,0.9879417953354536,392
283.7,OpenSky,808.286731544657,215.34313468887817,0.5497787143781547,3.470700906454195,3.4584987567840924,-0.0075270400514547,0,,,15,0.8258678870060087,41.82133845510912,0.8591417032744512,1,808.2186917050684,215.3166658349166,0.54932180544969,0.938527940401364,466
283.8,OpenSky,808.5828707187549,215.52460900816448,0.5497787143781547,3.4732022543445127,3.394826583945874,-0.0018967273053398,1,809.3466162746638,215.70458142880443,15,1.0137161044010277,43.12429740977736,0.9568926622482492,1,808.5207141600555,215.64601076506185,0.5647177582222493,0.9220697635154396,420
283.90000000000003,OpenSky,808.8792235792382,215.70621427463612,0.5497787143781547,3.4757084274559498,3.5158068771656543,0.0004322902726745,0,,,17,1.09318989324093,44.8725677154048,1.2149215257820891,1,808.7005804726186,216.28946544286853,0.5433452635011098,0.91431107611339,417
284.0,OpenSky,809.1757905106965,215.88795072397,0.5497787143781547,3.478219111140698,3.3676990511158853,0.0052681675682977,1,806.978800212136,215.9821335222238,17,1.0825140921614749,43.99541436476251,0.570455683238126,1,809.1058075510713,216.31224725882788,0.5579390813314302,0.9104465717545404,405
284.1,OpenSky,809.4725718708032,216.06981857534856,0.5497787143781547,3.4807339897185416,3.4264216518624977,-0.0045800896188913,0,,,17,0.827513238448096,44.94856304824255,0.7757244305119153,1,809.5238218143003,215.77263763407367,0.5515105296477039,0.9072301790109264,461
284.2,OpenSky,809.7695679902308,216.25181803140825,0.5497787143781547,3.4832527465151464,3.455802988290649,0.0072819186776556,1,810.5598858780359,216.44877923814872,18,0.8738746707681607,43.78537988876195,0.9010640664071664,1,809.6978856647205,216.119948265906,0.5720852456822123,0.8612908707228075,426
284.3,OpenSky,810.0667791725693,216.4339492781893,0.5497787143781547,3.4857750639004745,3.5389490589008434,0.0045792488542837,0,,,18,0.8732398390898696,41.81473237818139,0.9154261260464438,1,810.2535698467249,216.83353229835532,0.5450727814752487,0.8546706911023554,441
284.40000000000003,OpenSky,810.3642056942484,216.61621248508789,0.5497787143781547,3.4883006233273197,3.5741094293466,-0.0025782311349675,1,810.405419927564,217.2771851950366,16,0.7220568574459694,44.65117940350394,0.615023969900319,1,810.0210264439031,216.96458135020825,0.5675950619165597,0.90206779228747,401
284.5,OpenSky,810.6618478044619,216.7986078048103,0.5497787143781547,3.490829105369952,3.5662378310138747,-0.0061658642705363,0,,,15,0.8604270035913619,42.65512074903238,1.34884246675908,1,810.4258626981139,217.15231148393343,0.5538147896858225,0.9395046813924396,393
284.6,OpenSky,810.9597057250967,216.98113537332895,0.5497787143781547,3.49336018976288,3.496981879548512,-0.0079318269206932,1,810.615742864531,216.1107370451922,17,0.7424081201908646,43.93274895578741,0.7454677754558673,1,810.8054209269418,217.23276275014064,0.5367111433226839,0.9799626534677138,404
284.7,OpenSky,811.2577796506641,217.16379530984065,0.5497787143781547,3.495893555439715,3.3624710357168506,0.0011017906230769,0,,,17,0.9069619978171636,42.95590542561306,0.8470776721967618,1,811.3898421136504,217.12748289688733,0.5346478123245268,0.952830484785572,416
284.8,OpenSky,811.5560697482354,217.34658771672665,0.5497787143781547,3.4984288805721317,3.5353527781042278,-0.0041040447835408,1,810.9551421488188,215.64175064234345,17,0.7826975677922722,41.71634059376725,0.9802281553139672,1,811.6836119726037,217.07994748180127,0.5510209217734507,0.9200152514509826,403
284.90000000000003,OpenSky,811.8545761573794,217.52951267951488,0.5497787143781547,3.500965842608932,3.6031030641607344,0.0060228118222838,0,,,18,0.7731189860319714,45.530838633812216,0.8170904252803957,1,811.9184423008496,217.71912181360463,0.5399272948418847,0.912779217882352,399
285.0,OpenSky,812.153298990105,217.71257026684447,0.5497787143781547,3.5035041183151976,3.590141216229426,-0.0038789424957825,1,810.6038788331119,217.50183089360783,17,0.7795634005826507,45.20738998013485,0.6356422183185043,1,811.741149233737,217.6745531317152,0.5513611444848499,0.8088018563443048,403
285.1,OpenSky,812.4522383308056,217.89576053043177,0.5497787143781547,3.5060433838115275,3.5458097579287258,-0.0049962704938207,0,,,18,1.010071904255475,39.77497641185511,1.0306114474306791,1,812.4779262763086,218.0891086951016,0.5461654426473199,0.911390167126373,354
285.2,OpenSky,812.7513942362078,218.0790835050389,0.5497787143781547,3.508583314613358,3.450340303463275,0.0009441660641889,1,813.0825677522299,218.2054442006694,18,0.8307677401919189,41.58198395990418,0.7651432924214645,1,812.5390451033983,218.0702085181932,0.565949239039774,0.9738280379091409,485
285.3,OpenSky,813.0507667353232,218.26253920844425,0.5497787143781547,3.5111235856703598,3.490676815501695,-0.0038627540349212,0,,,18,0.983363777469432,43.18433667824792,0.8713315221236198,1,813.0231987261143,218.4847629788999,0.570852373708532,0.9452970515687256,430
285.40000000000003,OpenSky,813.3503558294033,218.4461276414146,0.5497787143781547,3.513663871405908,3.6427346545398342,-0.0002102772496752,1,813.374936726567,217.9043733509039,18,0.910606252397577,39.99980669668873,1.1499240748440025,1,814.1860706756544,218.520099248534,0.5330712195728831,0.8948386636791356,432
285.5,OpenSky,813.6501614918981,218.62984878768023,0.5497787143781547,3.516203845756622,3.444510253629181,0.0048802741691713,0,,,16,0.741699504620206,44.61641746359689,1.017833286409737,1,813.4910242964994,218.87501687866595,0.5574522229680001,0.8576531679545847,456
285.6,OpenSky,813.9501836684182,218.8137026139112,0.5497787143781547,3.51874318221196,3.464850701203806,0.0002226980606033,1,814.5161435023837,218.22625226665383,16,0.9036564153236624,41.498279493715216,0.994065879505316,1,814.1230227405654,218.52614519364468,0.5665123742043083,0.8002232585151801,445
285.7,OpenSky,814.2504222766996,218.9976890696961,0.5497787143781547,3.52128155385388,3.593503441058992,0.0003327585398694,0,,,17,0.7803403347085405,39.31812911199164,0.7638363711453595,1,813.9387677196887,219.4441734215785,0.549964025478602,0.9300617065292774,490
285.8,OpenSky,814.550877206573,219.181808087523,0.5497787143781547,3.523818633396552,3.510522782098075,0.0007657115971395,1,815.3390345231586,218.9654296095363,17,0.8403894453272,43.10085612393135,0.7269866647388611,1,814.7547430434657,218.54681450739,0.551010342506113,0.8814120322435851,436
285.90000000000003,OpenSky,814.8515483199349,219.3660595827621,0.5497787143781547,3.5263540932261126,3.467943798786492,-0.0091890099599056,0,,,16,0.905239093336402,43.53355316888834,0.9642612234444576,1,814.7966355195865,219.32972331179408,0.5519586255227615,0.8566328289692081,409
286.0,OpenSky,815.1524354507238,219.5504434536507,0.5497787143781547,3.528887605440472,3.635071162477164,0.0017448328641277,1,815.4488311029958,219.53087266711665,16,0.7728550264390192,42.141633530898375,0.9841809765230162,1,814.802176533506,219.6206920266964,0.5331787002144379,0.7817532609934144,416
286.1,OpenSky,815.453538404899,219.7349595812805,0.5497787143781547,3.531418841889153,3.573819561204701,0.0005590186927417,0,,,18,0.8629364987529814,41.21307041139696,0.96144575390816,1,815.3966877519715,220.2897645390304,0.5646902412143922,0.8207629050594979,440
286.2,OpenSky,815.7548569604221,219.91960782958623,0.5497787143781547,3.533947474213168,3.5257365795923854,0.004508373359009,1,815.9684959834136,219.45693359840664,18,0.8086800133949112,44.64537553051741,0.927666197246034,1,815.6929311352236,219.83544566167663,0.5323485785934365,0.8508689476204052,416
286.3,OpenSky,816.0563908672436,220.10438804533732,0.5497787143781547,3.5364731738849184,3.4826530669639006,0.0030123421081726,0,,,19,0.7990541139444289,38.817467119580925,0.8378202112988368,1,816.0691718699933,220.0984596890109,0.5626794933535493,0.8293718693801444,410
286.40000000000003,OpenSky,816.3581398472912,220.2893000581309,0.5497787143781547,3.5389956122481308,3.673270821297368,-0.0012357270348544,1,817.0805070310383,219.589228738356,16,0.861468169412969,42.99807957328946,0.6983264416672196,1,816.3705626427254,219.9166159440271,0.5555246306721591,0.9916974741828046,439
286.5,OpenSky,816.6601035944625,220.4743436803871,0.5497787143781547,3.541514460557797,3.553715767938153,0.005181010481714,0,,,17,0.8664387791880499,39.17568468808413,0.8782427679429088,1,816.6324602541608,220.6345475083762,0.5488486240526194,0.8366878184238504,361
286.6,OpenSky,816.9622817746208,220.6595187073468,0.5497787143781547,3.5440293900201416,3.6371540338423354,-0.0017552196124664,1,816.4489033018557,219.3207011039202,18,0.797577315446248,43.14933748990478,0.9484548234472222,1,816.8351761039152,220.7270561717098,0.5259477339502086,0.9401908137344644,478
286.7,OpenSky,817.2646740255943,220.84482491707075,0.5497787143781547,3.5465400718325912,3.61213810879776,0.0010730281097026,0,,,17,0.7479375792772398,44.03668408294994,0.8275668950800704,1,817.375103834292,220.9525066679988,0.5602553084005062,0.9188218256195836,447
286.8,OpenSky,817.5672799571792,221.03026207044172,0.5497787143781547,3.549046177223752,3.529039958485865,-0.0019146893696456,1,818.0547588520194,220.71376304968965,19,1.088766175491495,42.187737816457926,0.9358772936001256,1,817.584119029392,220.9853291656091,0.5520298833493307,0.9332517069713928,454
286.90000000000003,OpenSky,817.8700991511449,221.21582991116784,0.5497787143781547,3.5515473774933857,3.5328670544265006,0.0021558973367785,0,,,15,1.0914038192882876,41.83047540709461,0.7407315840514407,1,818.4348903838865,221.3131641462368,0.5509295137603005,0.8898769884507417,436
287.0,OpenSky,818.1731311612443,221.4015281657884,0.5497787143781547,3.5540433440523835,3.649294436043556,-0.0021930303930199,1,817.8011368632115,221.27894229465167,15,0.9484873675523184,42.11789250934489,0.9976103609089846,1,818.5058260606818,221.23265123181704,0.5842528892281162,0.7917976651602249,398
287.1,OpenSky,818.4763755132263,221.58735654368192,0.5497787143781547,3.556533748462727,3.654246016596272,0.0084447943026344,0,,,17,0.8902473399421357,43.89113562930869,0.8517781120606602,1,818.3425946601355,221.9537526754268,0.545431617877647,0.8837693054968742,443
287.2,OpenSky,818.7798317048522,221.7733147370761,0.5497787143781547,3.559018262477435,3.4574817761293217,0.0104043022049186,1,819.3377523635994,222.2091673465577,16,0.90559342411671,40.490453454829904,0.8676327283929844,1,818.9963703237254,221.56822276011923,0.5434056579204034,0.9721549007326308,420
287.3,OpenSky,819.083499205915,221.9594024210599,0.5497787143781547,3.5614965580804947,3.606547895394865,0.0044479781835503,0,,,16,0.9151481547804295,40.93281296781252,0.8850790464063746,1,818.9382659124685,222.2765539141533,0.5340604976082197,0.9364250268087632,437
287.40000000000003,OpenSky,819.3873774582632,222.1456192535975,0.5497787143781547,3.563968307526764,3.56506210275226,0.0078901176146768,1,818.3256173863394,222.4788764699132,16,0.8822056871639912,39.74663975185421,0.8925220548091076,1,819.5457551187238,222.2373038991824,0.5642371419663736,0.9529262503797786,391
287.5,OpenSky,819.6914658758269,222.3319648755447,0.5497787143781547,3.5664331833818457,3.5112866278965247,-0.0082435723389247,0,,,17,0.8726542278050042,44.272394059624254,0.9235694217866496,1,819.4819841903094,221.75281988291,0.541771397974546,0.9142969262672856,400
287.6,OpenSky,819.9957638446475,222.51843891066736,0.5497787143781547,3.568890858561933,3.592190468211116,-0.0076148785676636,1,818.9263621828795,222.27153774276871,18,0.9380127729290486,43.61771905526516,0.9907519571982808,1,820.2251975768086,222.86069587593693,0.5474395191110282,0.9423098804895508,440
287.7,OpenSky,820.3002707229114,222.70504096566148,0.5497787143781547,3.5713410063736086,3.500156280283657,-0.0018158141239147,0,,,19,0.8855283737348543,42.23132061152236,0.6474057415706764,1,820.3893687701692,222.8559836830792,0.5299091682451094,0.986110830160006,467
287.8,OpenSky,820.6049858409864,222.891770630176,0.5497787143781547,3.573783300553605,3.5537933350206377,9.235002617847402e-05,1,820.3255107479315,223.12455039113627,17,1.0100922063161852,39.80692321963191,0.9013954844644476,1,820.8911669790988,222.94283350780387,0.5513588754034044,0.8554089190419358,423
287.90000000000003,OpenSky,820.9099085014618,223.07862747683703,0.5497787143781547,3.576217415308516,3.534570697213944,-0.0011676704090458,0,,,18,0.8444994190366728,39.92150280271711,0.9400050831192402,1,821.0294824494295,223.1814501270622,0.545202532083541,0.9566858231720036,500
288.0,OpenSky,821.2150379791921,223.26561106127488,0.5497787143781547,3.5786430253544554,3.55552952958546,-0.0088467856358615,1,821.5267631976284,223.8286885730712,13,1.065973849645132,40.57483078019938,0.916138700335319,1,821.0431145191054,223.37921517639765,0.5318594829109591,0.9024459499153596,388
288.1,OpenSky,821.5203735213433,223.4527209221523,0.5497787143781547,3.5810598059566554,3.5884331945961785,0.0058014030629019,0,,,17,1.0201458270172272,42.82196375256931,0.6136813117119506,1,821.8618485717002,223.4351114011308,0.5365421051002079,0.9797750938648534,432
288.2,OpenSky,821.8259143474438,223.63995658119555,0.5497787143781547,3.583467432969005,3.532945814471795,0.0111187730928037,1,821.6539868797651,222.60046952625075,17,0.8828382544058658,42.19362807877656,0.7845337064652709,1,821.7404046410818,223.88255691253937,0.5501743661528766,0.9160051435951924,437
288.3,OpenSky,822.1316596494371,223.8273175432271,0.5497787143781547,3.58586558287352,3.689921781575979,0.0065516002868723,0,,,18,0.8113976703458187,42.71865720738367,0.7295663349151656,1,822.1033319944348,223.78544179187864,0.559869833181347,0.8390852631270052,451
288.40000000000003,OpenSky,822.4376085917395,224.01480329620057,0.5497787143781547,3.5882539328197405,3.626493824887804,0.0055861276919526,1,823.4062318441211,224.69292332273068,15,0.9248597711945804,44.93571856367407,0.9615166957368038,1,822.5459603370434,224.19918196605485,0.5408017335182649,0.9288636945263709,421
288.5,OpenSky,822.7437603112999,224.20241331123756,0.5497787143781547,3.590632160664052,3.706695656528457,0.0010917139288612,0,,,16,0.7886587740978548,43.67786839764448,0.7459526596359747,1,822.6734229594032,224.2456410582068,0.55461799173928,0.9248301173303544,456
288.6,OpenSky,823.0501139176636,224.39014704266668,0.5497787143781547,3.592999945008924,3.5941504767609684,-0.0044855597551798,1,821.6480210147288,225.0326514775397,19,0.8465730580937488,41.6721870412953,0.8349678687281845,1,823.5611070737988,224.56528084220608,0.552883209922288,0.8911487820528001,452
288.7,OpenSky,823.3566684930391,224.5780039280647,0.5497787143781547,3.5953569652420607,3.573022424621208,0.0003470233804321,0,,,19,0.8558918703683851,42.62533779559194,0.9207847268613356,1,823.2932686573447,224.16325866317544,0.5325249711343036,0.9331950583576332,374
288.8,OpenSky,823.6634230923688,224.76598338829945,0.5497787143781547,3.5977029015754662,3.718824697735293,0.0110032457449651,1,823.7914718410234,224.8346539421429,17,1.0452621492644016,45.12370227367889,0.8471813950676714,1,824.0256008156226,224.35039064012892,0.5440071411506984,0.9705762788901028,382
288.90000000000003,OpenSky,823.970376743402,224.95408482757492,0.5497787143781547,3.6000374350844067,3.5811261458615062,-0.0018585936987451,0,,,17,0.8234555625825729,41.87357198921453,0.7397039030392872,1,824.1011909806043,225.0709776339369,0.5254430921883664,0.9431092579944572,398
289.0,OpenSky,824.2775284467721,225.14230763347865,0.5497787143781547,3.602360247746274,3.60997701912228,-0.0024186236006993,1,824.2781738449881,224.39923675720095,19,0.9308434292299712,44.16266792439932,0.6559229776092962,1,824.3326531479139,224.9656621535884,0.5649282286466937,0.8681068856954637,471
289.1,OpenSky,824.584877176077,225.3306511770305,0.5497787143781547,3.604671022479348,3.665539953221641,0.0057077614426213,0,,,18,0.8329264541083362,43.59374493343955,0.6058931735020521,1,824.5076592007932,225.49251765433883,0.5655043539859124,0.8426333535509288,431
289.2,OpenSky,824.8924218779625,225.51911481273413,0.5497787143781547,3.6069694431814434,3.5479159146402184,0.0060374443365594,1,824.7670584396514,225.8187512098936,15,0.7301506581575333,41.28105304710965,0.8969172028460735,1,824.8626263253483,225.50034778799196,0.5611620500971846,1.0,444
289.3,OpenSky,825.2001614722088,225.7076978786301,0.5497787143781547,3.609255194768443,3.6669549717247696,-0.0044855963473626,0,,,16,0.9595468087114036,40.79334548124595,0.7694354630983699,1,825.0819189806156,226.2232417573066,0.5511649579174982,0.9682179155483772,418
289.40000000000003,OpenSky,825.5080948518212,225.89639969635112,0.5497787143781547,3.6115279632127137,3.662547758181805,-0.0014468686676698,1,825.3241599631374,226.35137053279556,17,0.9088264083469352,44.81497773017886,0.7037697500162907,1,825.5956811336074,225.9909967115041,0.5673458448881155,0.8271653663663384,479
289.5,OpenSky,825.8162208831227,226.0852195711791,0.5497787143781547,3.613787435581399,3.70442986983716,-0.0026575662068928,0,,,17,0.8046722677043787,43.87179815732696,0.8913737038185208,1,825.5956102539067,225.99398527248692,0.5427558859773027,1.0,418
289.6,OpenSky,826.1245384058512,226.2741567921045,0.5497787143781547,3.616033300074576,3.686099691550065,0.00033633936738,1,828.4319664112892,226.9605107715283,16,0.7752647569238331,42.16969320291594,0.9456766445848788,1,826.103790060161,226.2132140098217,0.5405297304981844,0.9146357096254142,421
289.7,OpenSky,826.4330462332592,226.46321063188745,0.5497787143781547,3.618265246063289,3.711959296993272,0.0057896611978676,0,,,15,0.9961301876890182,42.93551739433551,0.939229806130655,1,826.3796689126411,226.52291856015745,0.5454434385108033,0.8701945286533784,454
289.8,OpenSky,826.7417431522167,226.65238034712092,0.5497787143781547,3.620482964127436,3.627487868852024,-0.0041854440539526,1,827.8986812330711,226.30018786026528,19,0.921401551440424,42.70585759959989,0.7575920559041764,1,826.7619017318972,226.3973196752414,0.5184952653665631,0.9357629639534528,407
289.90000000000003,OpenSky,827.0506279233176,226.84166517829595,0.5497787143781547,3.62268614609352,3.5890333126142004,0.0057370252143271,0,,,15,0.8844268786510797,41.811200040234766,0.733439101466936,1,826.9510072886696,226.85040404182453,0.552488701713755,0.9051951006781712,505
290.0,OpenSky,827.3596992809892,227.0310643498685,0.5497787143781547,3.624874485072248,3.7679392396736144,0.0005780597568802,1,828.4154209108463,227.18394325273368,16,0.9516614576345284,45.319979230713045,0.6004366308004865,1,827.4363827544626,226.64109398378923,0.5342088275806423,0.9675507308468296,429
290.1,OpenSky,827.6689559336047,227.2205770703288,0.5497787143781547,3.6270476754959793,3.5508892227342144,0.0121769731525736,0,,,18,1.0346331516199994,40.40280578327493,0.7347717877039993,1,827.8522626855004,227.06304646731223,0.5559462559474095,0.9049739917006622,454
290.2,OpenSky,827.9783965635995,227.41020253227208,0.5497787143781547,3.629205413156023,3.560382768226044,0.001705479877909,1,827.3389291312262,226.8184016287281,17,0.890981017143743,45.00451613073689,0.8085532543877219,1,827.6696518389736,227.37179501674296,0.5766485122342364,0.9653548060092348,416
290.3,OpenSky,828.2880198275899,227.59993991247185,0.5497787143781547,3.631347395239764,3.681317563429586,-0.0004846193524724,0,,,17,0.938946334111539,42.83570850806927,0.799841343787328,1,828.1381430261707,227.6446871483644,0.5705984418143819,0.9896400615845232,362
290.40000000000003,OpenSky,828.5978243564954,227.7897883719544,0.5497787143781547,3.633473320367635,3.745031525806528,0.0030267649358251,1,829.1229453072297,226.87687113325407,15,0.9289870102500576,42.81590141950728,0.7857548787536127,1,829.0732527741253,228.1416263489648,0.5684014433857358,0.8261894245588509,360
290.5,OpenSky,828.9078087556638,227.9797470560759,0.5497787143781547,3.635582888629912,3.6598199499544255,-0.0017830547418699,0,,,17,0.9657781033661988,42.56943192384575,0.6461629471168666,1,829.2512260794097,228.080505320962,0.5768575366414899,0.9655004176014712,424
290.6,OpenSky,829.2179716050001,228.1698150946009,0.5497787143781547,3.6376758016233377,3.714218051783085,-0.0094014700673172,1,828.6641694340626,228.0020901462696,17,1.027377786270814,43.87375763909594,0.6079072655089881,1,828.9500736929906,228.2124839366503,0.5424605418723978,0.9494326268316652,401
290.7,OpenSky,829.5283114590977,228.3599916017831,0.5497787143781547,3.6397517624875664,3.5376494970920347,-0.0012299685522131,0,,,17,1.073916148276046,43.56973824238933,0.7352093528957,1,829.8809381553675,228.5599579974922,0.5635633677582081,0.8824488767643798,403
290.8,OpenSky,829.8388268473731,228.55027567644777,0.5497787143781547,3.641810475941426,3.6309375194055993,-0.0013270318801389,1,829.8613315018487,228.0124138535924,17,0.8283439417698877,42.20087303720624,0.6365512512427252,1,830.0598146968251,228.32393298958536,0.55348555187128,0.8387052228860405,380
290.90000000000003,OpenSky,830.1495162742035,228.74066640207624,0.5497787143781547,3.643851648318991,3.550964127625405,-0.0083318571803074,0,,,17,0.9240380716121848,43.25799132184129,0.8848005177294772,1,829.9524514952369,229.1325363503304,0.5257925270879542,0.9419771624807858,481
291.0,OpenSky,830.4603782190682,228.931162846892,0.5497787143781547,3.6458749876054672,3.7130281733450734,-0.000364997545876,1,830.292140837023,229.05730163645924,17,0.7791270553425869,43.61578536873906,1.0530783309890095,1,830.4605130888261,229.09560957655503,0.5407445214572784,0.9437762776409796,450
291.1,OpenSky,830.7714111366915,229.12176406394897,0.5497787143781547,3.647880203472877,3.574507888960466,-0.0108523861192206,0,,,17,0.8596221597103754,41.89606757318105,0.9366633270567024,1,830.6166302206565,229.0365522697084,0.537819521191691,0.8532784000674485,421
291.2,OpenSky,831.0826134571904,229.3124690912216,0.5497787143781547,3.649867007315545,3.592854607925032,-0.0018565786103505,1,831.858799307041,230.4076635295154,16,0.9090201727278736,42.30435308080336,0.977524961969128,1,831.1231523969756,229.58747975733135,0.5495764501865894,0.8775317905139777,430
291.3,OpenSky,831.3939835862237,229.5032769516964,0.5497787143781547,3.6518351122853807,3.698454327802236,0.0012571639610967,0,,,18,0.9252152222290628,45.55775002879985,0.8376002239688589,1,830.8931957352365,229.43957818821423,0.5626775601509726,0.9105552253689924,395
291.40000000000003,OpenSky,831.7055199051456,229.69418665346592,0.5497787143781547,3.65378423332695,3.735123193375575,0.0005778620188716,1,831.0673270572919,230.01531468095612,17,0.7441311237925345,42.87748046305942,0.8601064518741917,1,831.8081074878036,229.93340932237308,0.535790501099382,0.8939246906537679,474
291.5,OpenSky,832.0172207711609,229.88519718982397,0.5497787143781547,3.655714087212335,3.662934957144864,-0.0021013080789699,0,,,16,1.0269652327382752,43.65326390921327,0.7471480605277159,1,831.9153377439554,230.49023471860755,0.5663838886206349,0.8525532149486638,410
291.6,OpenSky,832.329084517484,230.076307539363,0.5497787143781547,3.657624392575774,3.706291062405557,-0.0003896086062847,1,830.962645614046,230.0135656120843,18,0.8542037335315897,41.38460988823746,0.7896659066861894,1,832.0639336561882,230.10642028236785,0.5510095350380237,0.8956570484611831,397
291.7,OpenSky,832.6411094535009,230.26751666607345,0.5497787143781547,3.659514869948085,3.706570834306943,-0.0040755603030209,0,,,18,0.9789632749747432,42.4775036914964,0.7505100260296961,1,832.4559998248523,230.42335993665807,0.5470129884790165,0.8515824636676391,414
291.8,OpenSky,832.9532938649334,230.45882351944425,0.5497787143781547,3.661385241790856,3.6628245014350407,1.729861042362828e-05,1,832.4191490983285,231.57808080913645,18,0.8076620164383669,40.68155806950644,0.9835950961447067,1,832.7687842231034,230.7817274048728,0.5229396686225645,0.8680897853659445,417
291.90000000000003,OpenSky,833.2656360140066,230.6502270345656,0.5497787143781547,3.663235232530413,3.613698703907584,0.0002379800528578,0,,,18,0.8429669585429556,43.89342493714846,1.0739951731094035,1,832.9174898772015,230.53721563393276,0.5585765367161581,0.9604078826173844,453
292.0,OpenSky,833.5781341396199,230.8417261322336,0.5497787143781547,3.665064568591548,3.714953811650394,-0.0048295261983766,1,832.5935663927181,230.7358803059701,16,0.865033230436399,41.6402241269153,0.8314046398722026,1,833.6032178146486,230.48921316747672,0.5731742507316357,0.9119912589625264,435
292.1,OpenSky,833.8907864575194,231.03331971905615,0.5497787143781547,3.666872978431012,3.718409792531132,0.0012763134836885,0,,,17,0.9285068491499668,41.94247030219408,0.7746363799963989,1,833.6784246592002,230.98106395465555,0.5650590441833225,0.8913231857259782,483
292.2,OpenSky,834.2035911604747,231.22500668756103,0.5497787143781547,3.6686601925707625,3.736956392352604,0.0012606031846614,1,832.9753602933514,231.0957511613572,17,0.7993370946476542,45.43628990300102,0.7658317335942775,1,834.5306385968523,231.0766591541316,0.5388044480039582,1.0,456
292.3,OpenSky,834.5165464184574,231.41678591630532,0.5497787143781547,3.670425943630973,3.7066095411611233,-0.0009528396322769,0,,,17,0.8323247418333981,43.35348037286088,1.0513208476351903,1,834.4795960401439,231.3753724795965,0.5467015728175175,0.900518633961085,386
292.40000000000003,OpenSky,834.829650378823,231.60865626998708,0.5497787143781547,3.672169966362781,3.621356614665303,0.0126446497680231,1,835.8109349333586,230.1212434964064,20,0.8828716123482894,42.15386824294408,0.7875526135291293,0,,,,0.8618091859777928,363
292.5,OpenSky,835.1429011664951,231.80061659955803,0.5497787143781547,3.673891997680789,3.73565198302171,-0.0007698563216542,0,,,19,1.0197599012709162,40.8974301044466,0.8201060056570496,1,835.3921611325313,231.8379405881172,0.5440836204125148,0.887809429252719,442
292.6,OpenSky,835.4562968841532,231.9926657423385,0.5497787143781547,3.675591776695305,3.697765013474591,-0.0014576860669774,1,834.2524558034289,231.7117538446239,17,0.8346082557108297,42.84390602850069,0.908797993941793,1,835.5791938060291,232.514979488018,0.5349963246470484,0.8990806122834987,430
292.7,OpenSky,835.7698356124217,232.18480252213385,0.5497787143781547,3.677269044744325,3.671746750845878,-0.0022580489691394,0,,,18,0.8024479638546027,40.711788508999255,0.8794415609153096,1,835.7831196150382,232.21293971368712,0.5458370550347404,0.992455854308354,398
292.8,OpenSky,836.0835154100635,232.37702574935224,0.5497787143781547,3.678923545425242,3.682887217884579,-0.0051397311154615,1,835.5954391862281,232.16642588769915,17,0.7784576736252435,45.12246750038839,0.6652349898630339,1,836.2220872732998,232.2392745278559,0.5506321170823139,0.916869584133032,464
292.90000000000003,OpenSky,836.3973343141746,232.5693342211248,0.5497787143781547,3.6805550246262912,3.662232449541845,0.0035348116262419,0,,,17,0.9737590540420726,43.50621619307714,0.7672242141131209,1,836.5906669241464,232.0005484080276,0.5327280582163749,0.8548393391026039,398
293.0,OpenSky,836.7112903403828,232.7617267214264,0.5497787143781547,3.682163230557721,3.7607449858967694,-0.0036036957775571,1,836.6171222686529,233.56607623717096,18,0.8221325871473864,42.77761060778848,0.9170514361727158,1,836.7832404868761,232.32575379632016,0.547919163048793,0.8523500244936004,438
293.1,OpenSky,837.0253814830475,232.95420202119905,0.5497787143781547,3.6837479137826814,3.62618424366998,-0.0029421822647963,0,,,17,0.9696331545421424,41.2355556744188,0.8418428566624825,1,836.9184634035511,233.00250946477755,0.5597058549579543,0.936845440623438,439
293.2,OpenSky,837.3396057154634,233.14675887847625,0.5497787143781547,3.685308827247845,3.6510112811827296,-0.002769854954041,1,837.2436177160727,234.39005217402055,19,0.8656344679254792,42.10596899373019,0.7424451875081948,1,837.1923178166257,233.2842767678728,0.5459461548005344,0.8525264219334531,442
293.3,OpenSky,837.6539609900667,233.339396038509,0.5497787143781547,3.6868457263137207,3.691089347124662,-0.0051664409445082,0,,,19,0.7980822324581401,44.61557340814787,1.1190558134891764,1,838.0760304472797,233.7587406774549,0.5479411851276916,0.8633738566231673,424
293.40000000000003,OpenSky,837.9684452386424,233.53211223389377,0.5497787143781547,3.6883583687847024,3.8084586213367175,-0.0091316790230441,1,837.64506214546,232.6812237058788,16,0.9127017565797896,43.263938464696,0.9557827462128774,1,837.9012641971342,233.5325900803873,0.5652471894149125,0.8346723889582759,451
293.5,OpenSky,838.2830563725363,233.72490618470152,0.5497787143781547,3.689846514938811,3.777183657554006,-0.0023166147196435,0,,,16,1.0070680436293458,42.02240767193948,0.9049057974774652,1,838.1944029281874,233.5561314299385,0.5609584343860279,0.919085983181378,449
293.6,OpenSky,838.5977922828678,233.91777659860853,0.5497787143781547,3.691309927557145,3.617173847774124,0.0047653355302535,1,838.0109581244128,233.96241736334417,17,1.1339557169043435,42.19586724240271,0.8589358338938926,1,838.5485521049778,233.49549266000776,0.5462630933029349,0.9720046762889244,400
293.7,OpenSky,838.9126508407459,234.1107221710288,0.5497787143781547,3.692748371953034,3.7983770362989695,0.0012243459609337,0,,,16,0.8902424528183338,42.17548495437236,0.8206980977441205,1,838.7960492713435,234.09881840400325,0.5317973454307978,0.9469400485019326,398
293.8,OpenSky,839.2276298974876,234.30374158524768,0.5497787143781547,3.694161616000883,3.796993148669745,0.0084024951468501,1,840.1473613363108,233.6230790406472,17,0.8896763879324388,42.411182417257926,0.7406592285170512,1,839.1036924304636,233.6542825830109,0.5311056963877414,0.8756121990697955,411
293.90000000000003,OpenSky,839.5427272848391,234.49683351255743,0.5497787143781547,3.695549430164721,3.645861668397072,0.0041402912503272,0,,,18,0.8274754351225079,43.8187243937651,0.7188079905582113,1,839.5162425430799,234.5269713896492,0.5433414756999415,0.8229200174142067,389
294.0,OpenSky,839.8579408151982,234.68999661239388,0.5497787143781547,3.696911587526424,3.568835526522904,0.0029917795749057,1,839.8054189296711,235.16778196603397,15,0.7976858728461107,41.42205145931817,0.5377412820895592,1,839.8667453084614,234.6614756881535,0.5364683626633493,0.9565539416909898,425
294.1,OpenSky,840.1732682818406,234.8832295324745,0.5497787143781547,3.698247863813646,3.719274047263338,0.0100926940070587,0,,,17,0.8553184662982329,43.562605647973776,0.7322418078060338,1,840.2931438502134,235.14496836949084,0.5349118672780873,1.0,414
294.2,OpenSky,840.4887074591476,235.0765309089384,0.5497787143781547,3.699558037427412,3.792034233641365,-0.0002760460165231,1,840.9957349568258,236.6124395486865,17,0.768538407490487,42.53991933932199,0.8846656040516829,1,840.3557058254402,235.35417654656493,0.5354025810476557,0.7758145773839568,455
294.3,OpenSky,840.8042561028361,235.2698993664872,0.5497787143781547,3.700841889469406,3.822887722016447,0.0006166350065905,0,,,17,0.7140970020736473,46.89656319275317,1.0669509672915276,1,840.4234372078636,235.15624355243108,0.5453113871539506,0.8745458154208636,428
294.40000000000003,OpenSky,841.1199119501917,235.4633335185277,0.5497787143781547,3.70209920376893,3.677023124804885,0.0002947079414869,1,840.4394555539981,235.44128769535425,16,0.9228963887587608,40.92567615177122,0.703772635429667,1,840.7872184825636,235.3042695571447,0.5419386981806138,0.8635351116388362,404
294.5,OpenSky,841.4356727203033,235.6568319673157,0.5497787143781547,3.703329766909536,3.837280591138522,0.0084290784192111,0,,,17,0.7515242881262566,41.90607329829857,0.9172589938865022,1,841.5314205908496,235.7517651416433,0.5499244261844769,0.8392154853136344,434
294.6,OpenSky,841.7515361142997,235.8503933041013,0.5497787143781547,3.704533368255329,3.601202764878047,0.0004178570524852,1,840.8851329660624,234.5654143319499,16,0.789587672530632,44.01189519532532,0.9151539627824612,1,841.8096584175389,235.87557935408128,0.5365774093183608,0.8792823820623386,443
294.7,OpenSky,842.0674998155898,236.04401610927545,0.5497787143781547,3.7057097999769417,3.717816954783729,-0.0029490645569647,0,,,19,0.8880156903927293,44.65804197322812,0.8011585451165788,1,842.1135860454775,235.72437228679857,0.5520921777467969,0.888978354740857,481
294.8,OpenSky,842.3835614901034,236.23769895251812,0.5497787143781547,3.706858857077165,3.715896806509898,0.0035139151202753,1,842.1544628382746,236.98848769153608,20,0.9281028822152676,44.39059417368002,0.8364743948367203,1,841.877181871036,235.99157897977727,0.5540479078744083,0.8497874921384936,432
294.90000000000003,OpenSky,842.6997187865351,236.4314403929476,0.5497787143781547,3.7079803374162457,3.812172934556576,-0.0037795141507087,0,,,17,0.8782488152305079,42.51253405187729,0.7781021469752902,1,842.9286194859611,236.56188189722937,0.5427592757056106,0.8968416275853582,467
295.0,OpenSky,843.0159693365899,236.62523897927088,0.5497787143781547,3.709074041736838,3.8227168417043016,0.0033025398648864,1,842.7794957191338,237.5845466318575,18,0.7734525978115123,42.15110097772109,0.8424694887828491,1,843.338173257107,236.46999385021985,0.5382346906029656,1.0,428
295.1,OpenSky,843.3323107552314,236.81909324993563,0.5497787143781547,3.7101397736886153,3.8030619174742735,0.0026636914843905,0,,,17,0.8584426709378157,43.0850203530605,0.900599025139573,1,843.3003422006688,237.0546846057044,0.5479246041859898,0.8534333604195808,426
295.2,OpenSky,843.6487406409314,237.01300173328357,0.5497787143781547,3.711177339852525,3.665310448751841,-0.000491151021456,1,842.9711369139225,236.688838821414,18,0.9762703408169072,45.17910859794513,0.8265615147898212,1,843.6700426183085,236.85117034615612,0.5377402755680052,0.869927786184226,428
295.3,OpenSky,843.9652565759218,237.2069629477045,0.5497787143781547,3.712186549764704,3.802370172930068,0.0034537727843176,0,,,16,0.7526483394390239,41.98044756438545,0.8673429762152685,1,843.6014355681598,237.0094049208544,0.5386900342744769,0.8857182085139088,498
295.40000000000003,OpenSky,844.2818561264492,237.4009754017924,0.5497787143781547,3.713167215940026,3.7820493070586,-0.0073300492974277,1,843.8028237250808,237.20636461993573,17,0.9325287236101516,43.10266146819649,0.7574175093686076,1,844.1594028551443,236.7234471882371,0.5345403762482537,0.980371291643561,353
295.5,OpenSky,844.5985368430299,237.5950375945018,0.5497787143781547,3.7141191538953056,3.6534262280494265,0.0013600543349401,0,,,17,1.0613582387796272,42.41774490395955,1.0091039296757016,1,844.8636103787553,237.58585234895835,0.529611607105025,0.9722736813344188,463
295.6,OpenSky,844.9152962607089,237.7891480153062,0.5497787143781547,3.715042182172136,3.6336535797204896,-0.0019101620372648,1,843.950064169671,238.37894353112893,18,0.9474390374543992,41.276130336907386,0.6999174310262734,1,845.0073499835926,237.76470633232665,0.5528357859134987,0.8855072954192242,387
295.7,OpenSky,845.2321318993187,237.98330514435708,0.5497787143781547,3.71593612235936,3.821783254467237,0.0154932632347204,0,,,16,1.0399173575264218,42.31240537891663,0.6783705324850766,1,845.2198343800635,237.6978557372317,0.5563748185609043,0.8680663660244907,483
295.8,OpenSky,845.5490412637416,238.17750745264436,0.5497787143781547,3.716800799115185,3.750400814248917,0.0013323308252899,1,846.4055051456686,238.3314161261533,18,0.8398240525302663,44.0346472641719,0.8311493189979878,1,845.2258925967972,238.4562008577753,0.5553391136907466,0.894067009293841,409
295.90000000000003,OpenSky,845.8660218441731,238.37175340215785,0.5497787143781547,3.717636040188925,3.6848255867426594,-0.0026024931562161,0,,,19,0.8544817725292155,41.16593908881723,1.0104584221746784,1,845.6131920274636,238.21219446016417,0.5193525941757877,0.8299468558227534,436
296.0,OpenSky,846.1830711163874,238.56604144604992,0.5497787143781547,3.718441676442372,3.750934175027155,-0.0067078709734186,1,846.6962553377736,238.16745820980785,17,0.8430160291157304,44.48846975055709,0.838825092800398,1,846.0455669511659,238.80074355314716,0.5615267814889724,0.8498173323983149,411
296.1,OpenSky,846.5001865420044,238.7603700287993,0.5497787143781547,3.719217541870797,3.785332913389206,0.0074025712808474,0,,,16,0.8184515196491514,42.76905916670427,0.8130863813717334,1,846.6780522066942,238.66329179548936,0.545055917013519,0.8635730969418438,398
296.2,OpenSky,846.8173655687585,238.95473758637567,0.5497787143781547,3.719963473623572,3.764465041679571,-0.0013084619139155,1,847.1397930827247,239.4264595730221,16,0.9166036807385513,43.2183799243647,0.811705592448504,1,847.1098128726717,238.8542180004112,0.5592024854951565,0.899546491345585,449
296.3,OpenSky,847.1346056307699,239.14914254640576,0.5497787143781547,3.720679312024416,3.67426647290587,-0.0036536641609938,0,,,17,1.0713473046340931,42.80561713995155,0.8273955349449216,1,846.9424855886041,239.02721310177705,0.5274596160630312,0.745530196032406,439
296.40000000000003,OpenSky,847.4519041488161,239.3435833283401,0.5497787143781547,3.721364900591258,3.8807645363937016,0.0022809930872228,1,848.3800735531491,239.3473600763373,17,0.7961841189078036,42.10416038499979,0.775851020866471,1,847.6973392969243,239.4888773748132,0.5643589891495879,1.0,455
296.5,OpenSky,847.7692585306065,239.53805834362083,0.5497787143781547,3.722020086055723,3.829490560559747,0.0039270191168612,0,,,18,1.1003963884179784,40.82284598800003,0.758571711362281,1,847.8826611909022,239.71266940078087,0.5558349606488457,0.9323647459315682,471
296.6,OpenSky,848.0866661710579,239.73256599585105,0.5497787143781547,3.722644718382225,3.75056125175866,0.0038192605041213,1,847.883849388906,239.7356023815523,18,0.9046744635587908,43.254410094932055,0.6884725420747924,1,847.9162710675317,239.8257519747676,0.5381207766170606,0.9476596020541392,429
296.7,OpenSky,848.4041244525715,239.9271046809641,0.5497787143781547,3.723238650786678,3.7528437104634937,0.0006016024678034,0,,,17,1.0611448338148737,42.93277453121806,0.652924114859805,1,848.3181148675363,239.9373618675108,0.5651362881190907,0.9164132565493888,455
296.8,OpenSky,848.7216307453122,240.1216727873949,0.5497787143781547,3.723801739754813,3.7892767360956574,0.0012901733496934,1,849.0169557420071,240.80414152561875,17,0.9592695702590552,41.88977810531816,0.8004263689269279,1,848.6902529198109,240.1239122588269,0.5304376654238072,0.9405379131111422,422
296.90000000000003,OpenSky,849.0391824074883,240.31626869625163,0.5497787143781547,3.724333845060106,3.697999653087895,0.001697358126485,0,,,17,1.0485597753331186,42.97186991474428,0.7683292292490678,1,849.0570002628475,240.6429496592535,0.547620930874257,0.942475874290577,430
297.0,OpenSky,849.356776785634,240.5108907814881,0.5497787143781547,3.724834829781311,3.7859220021840216,0.0022641467973444,1,848.2403555250817,240.39374231742536,16,0.9504888765590076,42.50236511211597,0.8694297896988337,1,849.3254837251127,240.2573085212921,0.560704498002659,0.845834153738592,326
297.1,OpenSky,849.674411214892,240.7055374100777,0.5497787143781547,3.725304560319594,3.683299257407784,0.0026746819459641,0,,,17,0.8733907057194893,43.21589699568985,0.8720307320959215,1,849.7806479007612,240.3245469717941,0.5485754167990988,0.7835606178243878,412
297.2,OpenSky,849.9920830192987,240.900206942188,0.5497787143781547,3.7257429064152734,3.760486734368413,0.0060826356231936,1,848.2539905415679,241.54443777259817,15,0.8374549883785253,42.30560418374738,0.9954269840558132,1,849.9571340679745,241.2283097771047,0.5572889983542124,0.9327590056867474,426
297.3,OpenSky,850.3097895120701,241.09489773135547,0.5497787143781547,3.726149741164153,3.697265711446971,0.0005831319809179,0,,,17,0.7900409070735248,46.47003222424709,0.891430045874918,1,850.3166420006828,240.97418473618453,0.553371144611404,0.9089058677211224,407
297.40000000000003,OpenSky,850.6275279958893,241.2896081246623,0.5497787143781547,3.726524941033461,3.7021507008505674,-0.0040206203885169,1,851.0851958388844,240.99213337340385,18,0.876658954457705,42.934853391521415,0.8260757175740109,1,851.86742059992,239.93061573224293,0.4279779066246747,0.2799378141424539,177
297.5,OpenSky,850.9452957631954,241.4843364629129,0.5497787143781547,3.726868385877375,3.870206794887736,-0.0003878844415825,0,,,14,0.837282863378895,43.04385713622384,0.7443912169812932,1,850.4454770415099,241.74087214168813,0.5355086631134323,0.9662246446578396,432
297.6,OpenSky,851.2630900964732,241.6790810808119,0.5497787143781547,3.72717995895215,3.770559234281283,0.0043379502779996,1,852.2631116895681,241.8727447137134,17,0.8497811430788202,40.8407127433272,0.8007361464912783,1,850.8877089887666,241.58338212492487,0.5266519439065158,0.8538706687538945,445
297.7,OpenSky,851.580908268545,241.8738403071427,0.5497787143781547,3.727459546930831,3.775914203691413,-0.0089489606560209,0,,,17,0.7664573443571254,42.46681677864438,0.8924373072458835,1,851.6232566621723,242.3301871968441,0.5588182055917397,0.9366086241251192,448
297.8,OpenSky,851.898747542863,242.0686124649465,0.5497787143781547,3.727707039917558,3.642440920223904,-0.0089149991296479,1,850.8388620274067,242.3360135623376,18,0.8413155921282692,42.8967096810341,0.8706999143124685,1,852.2651071920767,242.4900015356708,0.5432382805247302,0.8987627274959566,423
297.90000000000003,OpenSky,852.2166051738027,242.26339587170264,0.5497787143781547,3.727922331461462,3.725518442008912,0.0052435081194734,0,,,16,0.983153105569148,44.911925512989576,0.8517158636649443,1,852.4566510476462,242.5039241904212,0.5442062779998591,0.9463330210406214,450
298.0,OpenSky,852.5344784069582,242.4581888395089,0.5497787143781547,3.7281053185701434,3.7861304649948817,0.0084372405133991,1,852.1156560718799,244.15101699963336,15,1.0285652789808557,44.86135906030965,0.8150100213468475,1,852.539713398924,242.14005742656343,0.5631152086529587,0.8182009398058188,409
298.1,OpenSky,852.8523644794382,242.65298967526329,0.5497787143781547,3.728255901722736,3.769286234272331,-0.0061965947689849,0,,,16,0.8645532190797436,42.88667996247533,0.7087416457970748,1,852.8791460975725,242.19892543927148,0.544327995347754,0.9972523184698312,427
298.2,OpenSky,853.1702606201626,242.8477966808458,0.5497787143781547,3.72837398488256,3.631557315057801,0.0009507739790187,1,852.8331005370151,243.284411623992,18,0.8916521542222939,41.35544861682642,0.8827627532511427,1,853.2018761299498,243.0086572880146,0.548598538291377,0.9916670906950004,454
298.3,OpenSky,853.4881640501612,243.0426081533013,0.5497787143781547,3.728459475509348,3.776966016308838,-0.0016254590215756,0,,,18,0.8177165702313437,45.989207518898624,0.8698728243497599,1,853.1876120233053,243.1271096694649,0.5498205274870411,0.8430412949399855,430
298.40000000000003,OpenSky,853.8060719828725,243.2374223850227,0.5497787143781547,3.7285122845710585,3.784807395845532,-0.0009030487887773,1,853.2279875517347,243.7910056113531,19,1.0439688121134818,41.90023713050747,0.7832545069872837,1,853.483217010641,243.1469032297761,0.5499537640540204,0.7938001529403643,416
298.5,OpenSky,854.1239816244439,243.4322376639349,0.5497787143781547,3.728532326555263,3.839930197472696,0.0021147638297095,0,,,16,0.7607721524443484,44.39175337613368,0.896759301889953,1,854.1395080119179,243.06336579112988,0.5553288553736206,0.9666083005769204,347
298.6,OpenSky,854.4418901740327,243.62705227367923,0.5497787143781547,3.728519519480115,3.724280978040933,-0.0062493217214347,1,855.3581116679975,244.60766148250795,17,0.9500160913860504,40.098789094600505,0.7647425064185994,1,853.9492381939062,243.8756168420134,0.5584052262589636,0.9682973396888068,481
298.7,OpenSky,854.7597948241078,243.8218644937986,0.5497787143781547,3.728473784904893,3.628449851591189,-0.0052800513434547,0,,,16,0.9794133318848288,43.18649985584915,0.8797912022093698,1,854.8436417775376,243.9111742521528,0.5554964840976844,0.9249544191944792,422
298.8,OpenSky,855.077692760753,244.01667259992288,0.5497787143781547,3.72839504794012,3.705525675948131,-0.0010609268312794,1,853.5890494576728,244.6945218595376,17,0.7586341728925102,40.47009959973765,0.8869034483367431,1,854.5943778508539,244.25691823818485,0.5643458823373502,0.9150575223182504,360
298.90000000000003,OpenSky,855.3955811639704,244.211474863955,0.5497787143781547,3.7282832372572527,3.698421529133282,-0.0002655020876062,0,,,18,1.0180305267454115,44.9206338955983,0.6372784720504052,1,855.3936362433602,244.8941180764988,0.5517777176539016,1.0,549
299.0,OpenSky,855.7134572079844,244.4062695542576,0.5497787143781547,3.7281382850979496,3.807015670694177,-0.0054497381328085,1,855.7343642504259,246.44608659184985,16,0.90117930305017,41.76256618666469,0.6219730266386936,1,855.6829243360787,243.85027562116403,0.5563659555782245,0.9219348729337,399
299.1,OpenSky,856.0313180615476,244.60105493583995,0.5497787143781547,3.727960127282904,3.5979566600273145,0.0046317478078257,0,,,17,0.9310060615514087,41.72715920709015,1.0788030762289176,1,855.5713355372402,244.54403399722932,0.5621445428449352,0.8962695142498367,476
299.2,OpenSky,856.349160888246,244.79582927054537,0.5497787143781547,3.7277487032202528,3.733269841502649,-0.0016655876101872,1,855.2055251728284,244.11195343578407,18,0.8250833405778709,41.534220894763,0.9532784302536323,1,856.3997538830648,244.6944348308076,0.5274596448187094,0.8531225181664753,461
299.3,OpenSky,856.6669828468061,244.99059081723917,0.5497787143781547,3.7275039559135488,3.8403545845497034,-0.0016690789942548,0,,,17,0.835082012630886,42.80983683989308,0.7313457900248321,1,856.5969189955506,245.52456743594087,0.5321727983647371,0.81304176520609,408
299.40000000000003,OpenSky,856.9847810914017,245.18533783199675,0.5497787143781547,3.727225831969308,3.7545022600509994,0.0020016662583805,1,856.8896876954628,245.87179709534112,16,1.0059447206603762,42.22350085999848,0.715066899194099,1,856.8116329946131,245.6157435709682,0.546162333870944,0.9335495186853642,436
299.5,OpenSky,857.3025527719618,245.38006856829247,0.5497787143781547,3.7269142816041207,3.807764672399663,-0.0001716447644927,0,,,16,0.7776561512183283,41.84776157901416,0.6447792515100211,1,856.8162019928809,245.56288564133828,0.5578341087527003,0.8639308478167925,447
299.6,OpenSky,857.6202950344791,245.57478127718844,0.5497787143781547,3.7265692586513257,3.650749633714316,0.0049195216203411,1,857.4294309136017,246.115456350672,16,0.8046055329503868,46.60045535590183,0.6652775027230509,1,857.5658824182491,245.7630045731393,0.5196318176531083,1.0,410
299.7,OpenSky,857.938005021319,245.76947420752384,0.5497787143781547,3.7261907205672578,3.6531322185982495,-0.0043649133625946,0,,,17,0.8987316372498798,44.52867852586004,0.7402689452886203,1,857.5108202249139,245.6152439234294,0.557995170820254,0.8164555328475025,402
299.8,OpenSky,858.2556798715287,245.9641456061046,0.5497787143781547,3.725778628437055,3.8330263696428784,-0.0068465761537263,1,857.6929612904856,244.7550501630404,18,0.9052302223314018,42.720559401649325,1.0251859550254845,1,858.4840764076456,245.6826361908586,0.5425037681260667,0.9095747876764092,450
299.90000000000003,OpenSky,858.5733167211474,246.1587937178932,0.5497787143781547,3.725332946980031,3.752761782106036,-0.0010965414639653,0,,,16,0.8900023325333953,44.96916622356733,0.6694486258337315,1,858.358000201421,246.13187881702905,0.5445620113185297,0.8521561014990242,423
300.0,OpenSky,858.8909127035163,246.35341678619884,0.5497787143781547,3.724853644554611,3.752705572855309,0.0007915798005479,1,857.6813835406584,246.8259478269984,19,0.8567629619243017,41.6632474142408,0.7120997939013006,1,858.8205065382301,246.15579925831,0.5700649102397701,0.912470993756048,487
