timestamp,numSV,hDOP,vDOP,hAcc,vAcc,gSpeed,CNO_mean,CNO_std,CNO_gap,low_elev_ratio,PR_RMS,Fault_SVID_count,hard_label,soft_fault_prob,pos_error_2d,residual,scenario
0,23,1.393423944154072,1.94261270058185,3.180970052016301,4.237537463593984,7.939499934543278,26.923399881232214,7.937874911173716,7.6180201825540985,0.23671812825565014,32.010556364537706,3,0,0.7196159042135037,1.5569826511496063,2.2063495846540238,deep
1,24,1.4935714261059432,1.8860152239743517,3.5472209903996004,5.281151286938936,6.950417203737348,23.241473882295374,7.510374244013328,12.95975317454446,0.2529068154961936,35.588552070868616,3,0,0.7499422763644027,1.2859056766089254,2.5678306731270455,deep
2,23,1.6737067668662027,2.11552091833476,3.519654697071085,4.515624364850206,7.888361224123101,27.586525333197784,7.4770996171437245,9.209130225258264,0.3081039114611571,31.16224969824441,3,1,0.8186707516000461,6.038488941461909,2.6520292297912844,deep
3,24,1.4557644951127353,1.776382819864856,3.3278462582545867,4.409532730057862,6.540198532179892,26.360081993666558,6.72782864515804,8.098868037808872,0.20212877118955225,25.84063290119667,2,0,0.8781902946015546,1.2374377199954247,3.374850987517397,deep
4,25,1.3724313503245475,1.7788845529033976,3.019292832133584,4.105442397077967,7.446415608694662,26.939871011260003,8.109183776243222,7.489598796426608,0.22832468843438994,27.220862440323053,2,1,0.5896452479519941,5.499319484953844,2.045268399774421,deep
5,23,1.5323520750708988,1.8054976740406623,3.264754288536708,4.1637182809290385,6.250888254437448,26.417776062695484,8.092595745325212,3.9240432968064063,0.187010698546542,25.42925767919186,3,1,0.7455083235315931,5.281149204100149,2.4056302590828587,deep
6,24,1.5175666445546163,2.1116889976400874,3.8178547175062176,4.42735959926587,6.407465425176841,23.856980391821345,8.012728730466659,8.592614713982183,0.2582513763515145,32.0019576314589,3,0,0.6761068403256103,1.9108226353746074,2.3188859237424646,deep
7,27,1.5617497556753308,2.0892875085459486,3.609288336914227,4.523857202666655,8.45579636707762,24.3056149979501,7.564176620177807,13.595719683570575,0.2145715148820963,32.78026486921588,3,0,0.8151029388362443,1.2620007391402126,2.915258367408779,deep
8,26,1.3849382864714657,1.8655753831205995,3.5310936423303185,4.543753539511888,7.715468390238142,25.820660014852034,7.686152342571294,4.62400012916628,0.24984752455027892,30.239023324872733,3,0,0.8251331069582263,2.026829931637327,2.92686962261559,deep
9,24,1.5719518121413123,1.6591499360036062,2.8682506069819356,4.312545945292179,7.906477753940176,27.98953287626072,8.89998423112272,6.646796427902272,0.18413624510764742,24.872581008314366,2,0,0.6877924539610173,1.4574557931471928,2.3171510164879727,deep
10,25,1.1543485898088692,1.8025046638906053,2.9990160028142845,4.311720797736556,5.969869746304029,28.54737209893626,6.588951049792532,4.379410962352388,0.1462493545444971,22.871987489909163,3,1,0.725901618531065,5.411019515233338,2.4229908885121,deep
11,27,1.229929445802324,1.572198510741436,2.743528999828829,3.564443818821397,6.6496049281356555,23.939016796518644,6.628616654732977,7.037781907917231,0.239263083489196,28.745292342998958,2,1,0.6916292949766488,5.037688262039518,2.359825078890754,deep
12,29,1.1549099006936017,1.6628102580080546,2.605845574054018,4.202755856485593,8.283117839716297,28.05312052960455,6.260624985290132,7.362807172528728,0.13045709078542156,19.914766885864886,1,0,0.5752333719805484,1.6426234855520667,1.893567841308212,deep
13,26,1.222164513058874,1.7455090545513448,2.8095798997285573,3.840893580968935,6.566425813706649,28.94164073084951,7.093427980535054,5.820932693565018,0.16084039561789498,24.96274765083332,1,0,0.4809548883605809,1.4036105530086318,1.731446511058934,deep
14,23,1.288656470154353,1.625673467096473,2.561833165599423,3.7746694276317063,7.5718575127551135,27.009209640646652,6.162931388226462,7.198962816797657,0.14447501434054225,26.61097710579389,2,0,0.4351007299818652,1.5818680901261548,1.5846215019821448,deep
15,28,1.0477249748969781,1.5238628848590177,2.273136317058609,3.276184711004951,7.931645702806708,26.61545239005993,5.864734823449244,4.1296671361945805,0.1458060340731544,15.59882082431958,2,0,0.33580721528112,1.356387480719007,1.2126257974739316,deep
16,30,0.9689234050453667,1.17951427512165,2.1777001419337183,2.7878952066561,7.343021589682807,32.91712235986219,5.912008299674272,3.1401533001776523,0.10600285387121604,15.034909688023081,0,0,0.3358508461365205,1.4699005671954932,1.3258915042576254,deep
17,28,0.9190359085370492,1.442190834704968,2.276387036051559,3.0447880289491085,7.699771942582693,32.35299219422058,6.215233183192404,1.9087010382202134,0.13723522186567289,13.485314074025734,1,0,0.4125600978034061,1.278961496582835,1.384244666188304,deep
18,29,1.08678217096868,1.2255153074070997,1.9595189013132117,2.6296575237309336,8.026278430235523,28.87769974405904,5.411530326410528,-0.5116608716165709,0.15610450640672302,15.72605934288267,1,0,0.20429627916477797,1.7128520166667776,0.810485420458525,deep
19,26,0.926848933600063,1.3765790372057396,1.945250806754878,2.759935039807905,8.025494906216128,31.187139908376686,6.240131964030407,2.9325227916113703,0.14578021717948003,11.637654413585233,1,0,0.3070665920109677,1.5968972825408971,1.2942787768720263,deep
20,26,1.0863288062482017,1.2079044005320143,1.9477052923537663,3.3965317513556554,8.026911547025565,28.805533539382115,6.057520120067668,5.895528882045105,0.12994171762810103,13.587377617680755,1,0,0.3359605370819356,1.509512249180527,1.2417106599748036,deep
21,29,0.9600092968588013,1.3322431211417451,2.0035364541134437,2.8693466406542805,7.493445163730685,28.502668766608135,6.706347694366425,3.597150769497121,0.13661610473148073,15.392321212990446,1,0,0.29634090449956096,1.3628561914294353,1.3461649723816342,deep
22,30,0.9683946036752101,1.2913921666026709,2.5548406139231155,2.6897697493395025,8.341836466220823,26.849877610030973,5.76459816028533,2.9150880935207897,0.08630750247797488,11.842920871879656,1,0,0.24053978024401923,1.772976850651177,0.8077106864500073,deep
23,25,0.9526917918987017,1.5633584655138533,2.0666551728908518,3.348980022191796,8.09026040576303,30.120930636909012,5.762820940903478,0.5934601173322114,0.10831433974246223,13.897863167894394,2,0,0.3164613056825384,2.49494396542085,1.3187009734547372,deep
24,29,0.9798643807498408,1.2903464906673996,2.400571979345645,2.9120394871207913,6.834954782115248,29.76363798346,6.2738525613813465,3.674725933386155,0.09770519045908554,13.001137457338778,1,0,0.3310602376795331,1.2433419904075511,1.2407630239468872,deep
25,28,0.9193189990777537,1.2117499912974214,2.2545992254590024,3.1725728865964804,9.46740760077173,28.172837838166544,6.546892313266053,5.960158950656963,0.13123758840231875,12.132664553769523,1,0,0.2251102755250591,1.5617054239620392,0.8118775790810322,deep
26,26,0.9568631342943579,1.167880175191247,2.170460605733504,2.7802158397509995,7.25770435970695,27.113016431716925,5.163458206055245,5.378052025935188,0.12069903860731446,15.999410967989274,1,0,0.1923710213315804,1.4330475472704816,1.0544613152904219,deep
27,28,0.9954508173547948,1.291606861914835,2.2321126960569218,2.666529625971886,9.02526271667714,29.923510683057795,7.268090030193705,4.680213791470676,0.13798327294629384,17.814518683506307,1,0,0.4376522498710475,1.426084958557577,1.5505892156242103,deep
28,27,0.9704019363908265,1.33980520675405,1.9597960931845442,2.9455089721633767,8.920780052706446,29.60131514941965,7.075865542271114,5.579357783632584,0.10586828218756861,11.217738634268478,2,0,0.19606005013033279,1.488910290306063,0.8688840636597414,deep
29,25,1.1682033563262604,1.2841109278157987,2.3178910908535846,3.5060387115405893,9.362038371882212,31.305334977831922,5.563864656925672,3.058049990260553,0.14680661215107227,18.95635596821118,2,0,0.5409017355853041,1.5314924411476685,1.8529167535073214,deep
30,25,1.209663305647556,1.864105758946468,2.8782213300788975,3.702162348656223,9.425442651995166,24.72336598821484,7.223086234210488,6.858550698610128,0.1994889300000687,20.775055493359176,2,0,0.6047724634935111,1.2183555352531394,2.1180835417210675,deep
31,27,1.2246676892638595,1.4945908758364799,2.6015359494238117,3.520605682910064,8.374463514793588,28.522276585770946,6.615008781649348,7.565067674602172,0.17702271786891274,26.16069447011047,2,0,0.5836012018197699,1.8875887764016885,1.9061641271501295,deep
32,25,1.3114052724670873,1.5249537537355355,3.1519600310527003,3.7702585544635867,8.15529104690377,27.678756123394727,6.392419323934973,7.968812182343667,0.20124321281871732,23.42654995059306,2,0,0.5509915741623435,1.7054412402235566,2.1023054186198045,deep
33,26,1.3683413739936614,1.6119032211006634,2.9253416784676056,3.5586667222437702,9.030832096127861,27.639974662441055,6.736156024715473,8.404484006534517,0.18385034014231952,20.303945590770844,2,1,0.47420570434694687,6.673750316119292,1.6401666262356116,deep
34,28,1.3580432801965088,1.6694230752875225,2.8082668344891704,3.6274158155553287,8.790600321746382,25.87920033898871,6.835603099026576,5.216712146338361,0.16381258715294966,23.04118200053812,2,1,0.5647522853421347,4.994839111298699,1.8912582543078746,deep
35,27,1.269107404464673,1.5411357481668277,2.868030835467691,3.9619399373977733,7.379557253380625,26.02345237494741,6.177282138713728,5.642565280725404,0.16393774818154552,24.932729468148292,2,0,0.49912289240813396,1.2718408114571933,1.6971933242675248,deep
36,26,1.22619055229392,1.5766562490365483,2.693922147382561,3.5009736152337076,9.396570859688495,25.53325863775526,7.542282834516126,4.9460111828151785,0.19194753570330558,26.5480090846227,1,0,0.5195088033582825,1.2448141587821953,1.7423076566048943,deep
37,26,1.1110531222862983,1.552526664878019,2.490519130130065,3.7129315370787808,8.672461334760778,27.126901355613676,5.931632316820152,9.635576565455397,0.15551835395952876,23.304695786055852,2,0,0.5478664959866428,1.4315971795913502,1.8439482240527527,deep
38,26,1.3152869902261208,1.2697803537926082,2.447598914512971,3.2239503073370246,7.689457926425378,29.157726198536114,5.608799726882886,6.585173921374915,0.12809839736049375,18.84087409560494,2,0,0.3224418923260105,1.3771113653873954,1.1665579033223121,deep
39,27,0.9743335933009187,1.232604797128722,2.089238468266338,2.6923625610893156,8.104714764484894,29.007169317720802,5.35420629609233,4.107244329208353,0.10667259771255738,16.13077337013081,1,0,0.23173989151733382,1.3165301097038702,0.7457124326929241,deep
40,29,0.8290569283944642,1.3733256505197007,1.8215607025428093,2.7609350836646422,8.61865223670751,32.0284425041507,4.959149692681551,2.380265472795702,0.08239215992761864,10.78488177180507,1,0,0.16327372775307797,1.832765173897145,0.8923681112098839,deep
41,26,0.8961052892735704,1.1219603867958934,1.715103526410857,2.8756245033138934,8.993638832233032,28.52857103843767,6.342266560601007,6.604146949559907,0.11116608328021432,18.21916728363627,0,0,0.38695991023285276,1.9532961405544516,1.3951678133822614,deep
42,28,0.8497835712717046,1.1333800162682315,1.7732388582882317,2.683265656848876,7.041974083263616,30.715384447999313,5.646737900005905,5.839317906941973,0.13665271627842712,14.64927002998702,1,0,0.21133692885435815,1.8886880799508523,0.6990708122442654,deep
43,25,1.0544525843263766,1.2841873436003222,1.8331128034671433,2.605007505605034,8.66351559343944,28.62518793556786,6.026286551703031,2.168040324052331,0.09260224086596172,10.816919139350633,0,0,0.3528790656510225,1.6757843283023641,1.279908894918897,deep
44,27,1.0997260156590536,1.4921900020792833,2.902870338353409,3.1553241005046715,9.261935475339246,27.542497011713454,5.938448712608892,6.1187680786299,0.14149925097299673,18.800877170370526,0,0,0.2827243086719045,1.2751278313267438,1.2504754743171775,deep
45,28,1.2752690006156027,1.7499841703596561,2.574870712139342,3.9446326437826187,8.286371110762538,27.08505595494346,6.384351840887561,6.997212564602266,0.14430511004985758,25.6952628901675,1,0,0.5459537972397029,2.159840033862493,1.8323274714650069,deep
46,25,1.294103782890614,1.735373187562711,2.9003358528054934,4.830968540102254,7.720112802508439,24.309777979505547,7.1148293491931245,10.017820544387789,0.1666072822072161,25.26474391997328,2,0,0.9208059506335744,1.8810094564109021,3.0535590568586564,deep
47,24,1.4599214224106387,1.9004352764219918,3.221900854141749,4.390566878310476,9.769342416864658,26.767752306400645,8.073680552853835,6.321473345256023,0.2507975972177422,30.92458776517189,2,0,0.8270397342692309,1.9604500120260084,2.7585805266013224,deep
48,23,1.5263438723410163,2.115162267528053,3.5504476830522775,5.635030562425854,9.581887204198063,24.809357516527033,8.131378761881809,12.979431301255723,0.2123807442607965,34.39007449389015,3,1,0.8869332573331017,6.028980572426158,3.17523930919699,deep
49,23,1.824675903350355,2.166228844345126,4.339021915219792,5.7126754230708645,7.345079126157107,24.890431233360104,8.349122704032322,13.567124191742852,0.26781887294267576,36.87547426964769,3,1,1.0,6.993129177105903,3.5251152094060916,deep
50,23,1.889385820683712,2.3210675011745563,4.6286093386807226,5.695751004962893,8.795059556516758,22.002547768741437,9.141847024612899,15.684293641684008,0.317337155911165,41.945106563976665,3,1,0.9942939108016899,7.5896200382489605,3.9374118047041247,deep
51,20,1.955008726351294,2.707903237499776,4.601081505226087,6.162515361436735,9.3429003610168,18.550434382760685,9.665148369350218,14.073526184489321,0.35667177297922853,44.878794418770866,3,1,0.9578181931575538,8.63331289343477,3.9994066033539424,deep
52,19,2.0798204063336203,2.6407215086418825,4.911587562737894,7.245617376693883,9.364186186389288,19.336596321481373,9.469532167268376,15.037537104742848,0.38138805748604626,60.2907122143208,4,1,0.9841847735034427,7.892949826281531,4.397518088987045,deep
53,20,2.162564963360144,2.6529151043752344,4.979156127835463,7.219263188581437,7.5101336482403385,18.692311841342843,9.527362987978211,15.641081676956313,0.3641410930961227,53.67985859175352,4,1,1.0,8.572675825458393,4.659876325099139,deep
54,22,2.1173791457037745,2.6136379520956963,5.184770613051084,7.321915216061926,9.574637624315555,20.631587983795374,10.150174832122971,12.325715345701887,0.3799661143461431,56.46493286517335,5,1,1.0,7.674412229411622,4.655957761245363,deep
55,19,2.0990983854749845,2.680127197170751,5.0735251783226225,6.881380920190016,9.846882596601457,20.515791715331343,9.465244707307665,17.02274124343344,0.38657462362845746,52.482752216977694,4,1,0.9579449810077038,8.38628859629015,4.333100808074054,deep
56,18,2.1922674789857908,2.6155426159120645,5.351135571589395,7.414027019486515,9.477883899477291,22.411491696518464,9.872536362454015,18.460562411499144,0.40876697522056654,49.22159819344115,6,1,0.9840586691034279,8.61786062888043,4.846483525854123,deep
57,20,2.194285499798232,2.667195925699722,5.160048619779078,6.845564450033891,7.898937382706633,18.647027599634782,9.940218460593593,16.722579592625813,0.404214039027178,57.606347564517165,5,1,1.0,8.851663129128692,5.380342314289451,deep
58,18,2.2891316692443886,2.7173690789047615,5.150353819511116,6.712150454295842,9.829195993054483,20.285194571342192,11.365549650564171,16.721340169186394,0.3575728099215897,52.25931999844311,5,1,1.0,7.828561771767169,4.851976079257694,deep
59,20,2.19142673061466,2.74455270497157,5.3150531027752415,6.770868948671454,9.73504916239478,18.92567594637045,10.294937094389944,13.081386389925822,0.3747135205625058,52.348842545614076,6,1,0.9712145627186263,8.292885724454646,4.380457858970353,deep
60,17,2.364775602527767,2.929089659239837,5.045523588395111,7.103824389572649,6.781645262695754,19.884075569790234,9.978086039848362,20.34032722973497,0.41473783384239193,52.829029093457585,5,1,1.0,8.471775210164372,4.986726875261109,deep
61,19,2.1594397955142397,2.765579018837514,5.291758825144201,7.009566256553564,9.21752871428649,20.988103597277913,10.451164563160921,16.749611215080936,0.3678592961621362,53.17239681844688,6,1,0.950351186643126,8.334543728231889,5.482855791566176,deep
62,21,2.167179670401564,2.674150729469958,5.7282036079763055,7.180735353935777,9.141966102039849,18.728006448777766,9.749970577985469,16.800440307757807,0.3795142905591599,51.0784327090449,6,1,0.9620268666675102,8.31527879307499,4.525962895623472,deep
63,19,2.3019676889347367,2.695538280583769,5.116926961102895,7.062891354222902,8.874981273773487,19.427262505685125,10.05961323828693,14.657359494499467,0.35935822568094666,51.56944219409799,5,1,0.9848194406792609,8.189635627135965,4.629549145522087,deep
64,17,2.2691390522581094,2.795196247443809,4.905423862603095,7.122760366902382,9.079889642967043,20.1667600463343,10.99996207188816,15.668159774708975,0.4114530847082809,50.84991358627076,5,1,1.0,7.947051888388241,4.715322231658202,deep
65,20,2.051370241906153,2.7668359134821445,4.9990332298171865,6.83964817414143,9.10930591867475,22.014380075299265,10.05864069814805,16.053688384214446,0.4231943054420894,50.24715183076826,4,1,0.9565746879590631,8.948103118097242,4.491009859475315,deep
66,22,2.0965749400015627,2.6739657100561254,5.393364948887577,6.864623022986867,8.53643776201261,20.852017831767498,9.763841192128975,17.593646526528275,0.43279708369617165,58.4694360179947,5,1,0.9145402123965097,7.799756571427261,4.463438844963356,deep
67,19,2.111401997536301,2.750448669717182,5.189822994434925,6.869964601669346,7.868350851816625,19.653772901960906,10.141899114938147,17.17041279674845,0.39450671906689405,53.77589778742479,5,1,0.9620681778991876,7.953041338714614,5.108251238330841,deep
68,18,2.281550343681896,2.7710243898309255,5.223626066417583,7.115402298309701,9.200807957730271,19.58303229138546,10.57992634191945,19.00518449333836,0.39083400517526073,53.79834939442484,4,1,0.9397786019375771,8.32235799895736,5.327788754688816,deep
69,18,2.505851251212027,2.888733186854489,5.121606514645788,6.995808800914812,10.091192268794767,21.09154312377191,11.097682090988279,13.266918341168104,0.421938444914276,60.321999509228505,5,1,0.9683132344323421,10.066749433889271,4.606729935973637,deep
70,20,2.246201975533698,2.8155927787894854,5.171622491461629,7.319482817393174,8.194851659017127,22.27863101713517,10.295836933343873,15.054882608480215,0.36901699882967576,54.01627762733274,5,1,0.9788974877329828,7.842095861826001,5.0302387070106676,deep
71,19,2.476387279389173,2.777732804376046,5.122796637723198,6.856611240360661,8.76849985655349,20.12728288667278,10.760198228682718,17.7090466765965,0.3805801740480606,52.3485101777716,5,1,0.900264103408833,8.060090419764466,4.499092245181218,deep
72,20,2.336689051549036,2.921910859888256,5.0043650096200425,6.809744389656472,8.417401049668017,18.75408968816568,9.731030791170156,19.602370417631423,0.37036378877512055,55.89958894818914,5,1,0.9669206962244,7.962672504736903,4.785731788332181,deep
73,19,2.370851190753526,2.8868267959441427,5.173335757632356,7.324326329022302,9.240340162516633,22.493018816445968,10.29149842317954,17.84175405833993,0.40848049917269597,51.416239197038266,6,1,0.9822835541946392,9.32016052099109,4.989004635818919,deep
74,16,2.196409095078883,2.71433475941581,5.302367743168961,7.025485528842334,8.577421768988373,20.299391814363798,10.162286789025663,17.13182558561336,0.3933324972129286,51.64359988443611,5,1,0.9774111280004502,8.079418895322691,4.4549773723399895,deep
75,19,2.2268643726081065,2.96217722202297,5.716133288282912,6.819643604641388,8.897208542896383,19.289435226636147,10.160420853775241,15.267443655184364,0.4113845193833078,55.60059855889396,5,1,1.0,8.957218962518448,4.9094046450301105,deep
76,20,2.3222510816209527,2.805584440701542,5.138578710479569,7.743574242166974,10.680757568856063,21.744419936345516,10.739607134570377,18.05118200559436,0.41069861132265084,51.54061396268052,4,1,1.0,8.14578888595789,5.284884451267654,deep
77,19,2.2750771409116113,2.8142827567653703,5.049151529346334,6.814549754493266,7.642298634293335,19.441606605113815,10.08660312174481,16.45509481648314,0.4064956554372961,54.455420093732045,4,1,0.9673863092706374,7.754423679418823,4.361348699087197,deep
78,17,2.2366465165787686,2.6367586816422,4.990148781727643,6.9912297758071045,8.657647511543612,22.136621521554297,10.354545279971488,17.53244714312378,0.40898118358110586,59.87292797806774,5,1,0.9949617569229268,8.110715984171184,4.646555441681427,deep
79,19,2.1288838339519685,2.701811854538408,5.100743394662246,7.062992295152982,9.141311938690041,19.835289457689143,10.075973665929732,15.939476634089417,0.38248693520118227,58.32393372394594,5,1,1.0,8.328758803516626,4.343039284730363,deep
80,19,2.147746492111022,2.68761634623521,5.022845718331323,7.026374176446073,9.12790559612139,21.524960053894247,9.949527910262189,15.379030691212595,0.38255976029354677,53.19835996856947,4,1,0.9802972185009683,8.177851768540252,4.74241596535724,deep
81,18,2.2245849522614973,3.0143783739828374,5.117269749951654,6.989575900146834,8.666057369180391,21.132177814535243,11.028800221623682,17.589146431025306,0.4345788161699965,56.561477123322064,4,1,1.0,8.118754494245147,4.875981029211653,deep
82,18,2.1089632342102713,2.9955577071097705,5.6344346591691785,6.954236877800623,7.770816270560358,19.417250431043968,10.18079756331384,19.794975969475786,0.37460001302609663,51.536531769055095,5,1,1.0,8.434773613348984,4.6877108935676555,deep
83,19,2.193459342540558,2.8717786988948952,5.074926972009348,6.946019095788568,8.558322549023485,21.546290206475103,10.481570349565713,18.665239481080942,0.37055299507466327,55.818770878594016,5,1,1.0,7.780117339533066,5.1107178297803655,deep
84,19,2.360568285588257,2.903693274363288,5.203909674085481,7.71576302982338,8.605332045005241,20.53031616994871,10.33999654068655,19.872114678985554,0.4020352670023957,52.19710013250424,3,1,1.0,8.139305504030979,4.7514570205041915,deep
85,17,2.4023585675600594,2.7538997762554827,5.295249280977652,7.199351999595364,7.747826474245132,20.30298317380481,11.309918944719977,21.198010625386605,0.4079414215832682,52.91327109970376,5,1,0.9457058464492403,7.950731293243221,4.761361541453931,deep
86,20,2.1514491662756594,2.8955597587922624,5.611147051873529,6.964029998062456,9.053689055861977,20.477740478223858,10.026414605802639,18.288233042171967,0.4332995144791861,57.08206625261624,4,1,0.9287348658294943,8.79402535902125,4.610209739744742,deep
87,17,2.1606549737881777,2.8417532994126886,5.397207818811572,7.553798952883914,9.450058972107692,19.64790784177489,10.200093581054405,19.635346648900523,0.4584376872300365,52.18308825875071,5,1,0.9540851437548006,7.910494338565389,4.707028590007289,deep
88,19,2.3234148194189377,2.9450404645579997,5.195888840027355,7.132199814333099,9.974101864178301,20.40050751183866,10.953435635061545,19.33687781275768,0.4050648276476714,53.01586084381062,5,1,0.9915360769132989,9.199647062166925,5.301568688552156,deep
89,19,2.293618347617311,2.775285964453794,5.1280300700574974,7.440006121597881,8.043776463736886,17.997004503225817,11.340390353811783,19.6716475060541,0.36985873352003806,59.40852385309232,7,1,1.0,8.035908837780935,4.787875402497194,deep
90,18,2.2749326338469897,2.710274987483752,5.030420460304279,6.825968648698368,9.078671015452288,17.082860749388487,10.241804414076906,17.48488608578956,0.39428466086598696,52.529808839917635,5,1,0.9625677261236119,8.363654570473665,4.5035558501756485,deep
91,21,2.207435341765691,2.7903132361919196,5.071592822271479,7.508077021448438,8.504389199737295,21.76119567050438,9.723290794369005,17.112447037261536,0.4042662969896224,50.67821658173151,8,1,1.0,8.092941009723146,4.849967705619785,deep
92,17,2.2184738905667647,2.9571646259049857,5.091854170244247,6.910913140211139,8.20006392537801,17.882583121717705,9.736838815600857,16.069553168331446,0.36219630645532075,56.305180553884114,6,1,0.9751816266317352,8.068230086551582,4.52286530213485,deep
93,20,2.17222021423396,2.6671942676494953,5.083608322195138,6.715510057783839,8.035755388997119,22.28488351363212,9.826801673199805,16.113642290688865,0.43443383654347734,55.27185106338995,6,1,1.0,8.682337872371704,4.861706358084413,deep
94,19,2.082385888239669,2.5689177852117937,4.866334299860646,6.66878068539256,8.968810729759198,18.38739279292564,10.77191305577668,16.763374427525335,0.40430140034635176,47.7179330094294,4,1,0.9933716718642597,8.563848806053816,4.098862370336695,deep
95,20,1.861973932438715,2.7380767783087525,4.514560141924362,6.191431426427626,8.334939407201155,19.564220415095726,10.692881681701063,13.591126571945749,0.3355791251927382,47.910721483756674,4,1,0.9456280091737688,7.8013320641348916,4.162224973259287,deep
96,23,1.7996946516646533,2.273108706067784,4.30292146522113,5.462693577682185,7.5756997601061,22.13131353490434,9.235365638381971,13.259530061930846,0.2705260979982689,37.395316620409375,3,1,0.9384952395194379,6.596603068742922,3.4533411180393134,deep
97,23,1.5586053026029725,2.3234918929670285,3.612901971792626,4.999056572929292,8.758080576715269,25.868592178277524,8.064344341420732,15.106632213879625,0.28200283531834575,35.46419077477693,2,1,0.8915030280135904,6.443560288811748,3.1437276672636805,deep
98,23,1.661928755824325,1.9577518490840433,3.6674826870339143,4.569980231517102,8.504161054598807,25.13652011730151,7.851575556068086,11.83289436967504,0.2907150567426032,37.321165077193264,3,0,0.7801838973587828,2.336190700050886,2.510859302020701,deep
99,24,1.6339216543476986,1.6883138414796086,2.7991801091515742,3.8445161087448554,8.610166293740011,29.80191989298331,7.0230715786973885,8.814520868775443,0.19121122225424975,25.8256549379499,2,0,0.6709427110609167,1.214258578247027,2.2215865972206124,deep
100,25,1.2337924884974631,1.686673330326143,2.9000519782327565,4.285577224296126,9.530169516943188,22.44899801161866,8.8910696179131,6.458389591550805,0.19937250794436626,26.486121136929075,2,0,0.5683710085718007,1.2155342805243545,1.8255045066088293,deep
101,26,1.4498388980864994,1.4650293242768373,2.491590682401038,3.3919887137745537,9.243571644695736,27.935675771266133,6.409999274739939,5.093555682222649,0.18512635713303632,18.593702202848906,1,0,0.5537255599980773,1.3515800116003818,1.8199618940339564,deep
102,27,1.1479079200782536,1.5228583066440846,2.627092626456985,3.194035070958053,7.223904070029343,27.117556743944345,6.289572715009497,3.016880921785809,0.14827811872831095,19.77045183885081,1,0,0.4003252339287805,2.3455063044900095,1.4271236847022346,deep
103,24,1.1417534673694594,1.470344450094742,3.1479629491483796,3.952873076591709,7.511950451532302,26.009199000207776,7.254480741131836,10.193982823900361,0.1831179748060521,22.659537151103002,0,0,0.624699865019527,1.4939993784525822,2.0881031886337222,deep
104,24,1.2812251194805047,2.007542727384112,3.0014925183998695,3.9761074667628997,9.142749688594447,24.991299581406277,8.698990487558783,8.952602409147094,0.23925011137913207,27.17172025899022,1,1,0.8305371767168543,5.497670768112984,2.8380898677194066,deep
105,27,1.459619215098516,1.7907235171011135,3.1537861351603675,4.411557852222881,7.335808328311531,25.04847467926896,7.804701042793872,12.318819499167443,0.23042754888421016,35.20323380416086,3,0,0.8159605881830773,1.2547411683848901,2.6136666158649295,deep
106,23,1.5900345200946888,2.062332108603708,3.6368012655518713,5.219746812576145,7.614086471472317,25.169414874175047,7.557043587449161,12.950738575109336,0.2865330928434671,34.33129170584547,3,0,0.8921772388702047,1.4264298221984066,3.2391956114432903,deep
107,24,1.5880476782920745,2.1993665088512344,3.7182738700854236,5.223902899752585,8.143446385831515,27.35104215751728,8.119585978282354,7.589739845791236,0.25821991795364885,35.20322346104732,3,1,0.8591857639814949,6.90975865312866,2.935435582721476,deep
108,22,1.7058986425558413,2.1423742658132214,3.930503352938568,5.570167758532165,8.994959605611287,25.648197143500987,8.156217040086425,10.145843908368594,0.30699113357982466,40.239339841161794,2,1,0.8872926549020127,7.4386280870536154,3.43831065656518,deep
109,22,1.6419330573286737,2.0728027030725076,3.6791393311633955,4.971895905381632,8.171280237518415,23.58632326964769,8.741229672326364,12.50142530461525,0.2662201314446963,33.07398855186925,3,1,0.9192053664783393,7.599888185240676,3.1451095689602333,deep
110,23,1.5838676513027525,2.2968687816885485,3.882079043264646,5.084409530127803,8.07720796602115,21.72104178799858,8.435260686103542,8.583724496334643,0.22448828030049267,47.73910707329908,4,1,0.9043442656206331,7.54042748582259,3.1519241165178453,deep
111,23,1.791394803454252,2.1735208574910887,4.246644477103326,6.072999860172508,7.8257585150574975,23.5123165928202,8.386329248497937,8.94086305805716,0.28028279550821955,40.215103570068514,4,0,0.8787470431504599,1.2661578852518662,3.235455004222778,deep
112,21,1.683772872242485,2.219144304555288,3.943393506023878,5.273456100876119,7.154911161768937,21.146861673993183,8.06861628858035,14.903585998129355,0.3003458212790799,37.37167887686909,3,1,0.8816991957936761,7.333302051661544,3.1059657958109894,deep
113,21,1.7562688557551391,2.236737259162063,3.8398427554470103,5.2320176147103705,8.162204353538362,24.21532821362453,8.607328762223826,16.853927140912514,0.3089563942741034,35.86963990295953,4,0,0.8707079080598524,1.842062631069802,3.4406975763796033,deep
114,22,1.6610452245148752,2.1131226462511647,4.1250999849618015,5.543420148899005,9.330259689435858,22.89611050153103,8.461476797043726,14.785948963799898,0.2952867142902963,39.92514088153522,4,0,0.8854085026455447,1.742409638895976,3.305587682392784,deep
115,22,1.7220493368050749,2.231012338417216,4.50168722132708,5.461037122477812,7.667185876278095,23.39234933667532,9.154857471340222,12.069089487158825,0.3555927965319332,37.69609102920529,4,1,0.9252197223448889,7.218325618306141,3.540870050515796,deep
116,21,1.9237769896917372,2.5326676594588067,4.470604171500349,5.95105593786649,6.743461585998459,22.669342807602202,9.8152445941797,11.823258239428558,0.3496718652989542,50.08935565274746,4,1,0.8290251982775049,6.885897117156023,3.53091715421965,deep
117,21,1.8447796920644317,2.30815971472382,4.316459726460842,5.759915039940292,6.832324503627585,21.208079247618475,9.700075665961494,18.05285256372442,0.3469900610967839,41.482385714305074,5,1,0.9782399802658579,7.1382228863105555,4.173008417475433,deep
118,21,2.041160133163881,2.3382359101191525,5.220163037968027,5.798107379730643,7.329925137488051,25.379213533937587,9.65290552268888,14.486626393734957,0.3417637100701285,43.477531469212444,4,1,0.9430726212690043,7.848903230206084,3.9122832100056266,deep
119,20,1.9248149269172878,2.443960574341134,4.541422189055621,6.158376955123353,7.237528662772483,21.996655306490922,9.270798626359873,12.251407304871544,0.34592729491962154,42.141958691199505,4,1,0.9402096701448259,6.9690414673364005,3.957994828991386,deep
120,22,1.814715851914316,2.438104790086529,4.480633087282095,6.253030769995826,6.514546397379087,22.090947489418028,10.653573648496932,13.348148927983932,0.3470090451122549,44.76822155392248,5,1,0.9488884829618384,6.89857588051027,3.7646450508686327,deep
121,23,2.069410885962609,2.45055056539314,4.182691913718402,5.819242812860789,7.747481718221768,22.751267893068114,8.40863841324325,12.779233631839588,0.336509608989182,40.204324579945336,2,1,0.9436783764516792,7.502605974782812,3.443913521740063,deep
122,21,1.782420835865258,2.3301095549041055,4.325865725233071,5.770465172845593,8.430275647153254,21.079739108419105,8.806115858858183,15.838825911603866,0.2824601950482743,40.26570502760188,4,0,0.9112408751795101,1.2805448243057649,3.4321383754986896,deep
123,21,1.866786144243257,2.7354136030437135,4.127511037276124,5.744651953860924,7.356805224484145,21.105481877181912,9.208049238949412,14.737490743352769,0.31463278458683785,44.24654050447744,4,0,0.9910831005225935,1.6917769980957382,4.228373750740893,deep
124,22,1.9517951656061656,2.6209302744205,4.2717701433063695,6.022024047766182,7.002153759136671,22.7210147773932,10.065112858442442,15.827285382337925,0.3292865543761194,45.45140224413356,3,1,0.9213131252423703,6.841984663009933,3.9213543986846005,deep
125,23,1.9170470600680556,2.6385821154302866,4.226400001841506,6.193299223467511,6.55682321404127,23.31192566060024,9.396583462256,13.812698025191127,0.33375621791862553,42.75795417121684,4,1,0.9264307321279471,7.695242192607518,3.6087965091918215,deep
126,20,1.975092367302943,2.7648042860088022,4.4216170772691346,5.9542919069504485,6.951205193364465,18.616039395624178,9.084732138878017,16.202237670276293,0.3106921074991159,47.574857897053604,4,1,0.9505704138168627,7.887497122421272,3.6472216763957563,deep
127,21,2.022391211584802,2.60946498128881,4.751286190201211,6.448357485109646,7.951912560048766,17.562543173381037,9.554229044424503,13.91352028640636,0.37842540217797244,49.98937190109036,5,1,0.9981681961369998,7.517378682335447,4.255998884423157,deep
128,17,2.201956860598452,2.6997142488712504,5.164733919138196,6.837359430188618,6.41690340732097,17.98854829513702,12.152692728607743,17.61750692619326,0.393499354956114,54.205790789599696,5,1,0.9588143797657362,8.77767092735563,4.7739328434355945,deep
129,19,2.130721514336437,2.8410657455670703,5.393564612828743,7.043069214309451,7.386109958769371,18.634068688384943,10.164497431602324,17.644038590170783,0.40772759599356856,63.446960875987784,4,1,0.9702024475999343,8.071487762603518,4.895661701185105,deep
130,22,2.236836350391287,2.6975118778412046,5.210142812540969,6.753783922959184,6.896697530836363,18.50311105790608,10.168305666923224,13.715437343643742,0.40483915500288664,51.69012754712093,4,1,1.0,8.947977857963794,4.540801458126738,deep
131,19,2.1144726429896945,2.7316714848379577,5.151732480216898,7.186796230930463,7.684637177412656,20.22827625307068,10.000370603116792,22.46429067373959,0.37677232466212696,60.334753552053456,6,1,1.0,8.65484389136451,5.101002325269579,deep
132,20,2.133484898423527,3.180429049318053,5.059060496766008,6.893011469542154,5.359212306578326,18.376677028967404,10.517545799407458,14.445290364323382,0.39735897580768853,52.401595781278175,6,1,1.0,8.009571057516524,5.129072454421948,deep
133,20,2.2122034433891953,2.7183271194584324,5.133264479917483,7.738383418810608,8.418373784897634,19.998927185846036,9.72331016614788,18.76641324297828,0.40695167589361464,55.31365870846078,4,1,0.9642250049677721,7.897866161340138,4.64678684495393,deep
134,19,2.203825722644276,2.4942899735781423,4.635545354099559,6.568966135760379,6.006276751306561,19.018519974152262,10.907500935361245,15.02298112555099,0.3624773204152768,49.460916471178344,4,1,0.9734725322899247,7.5336597556920255,4.474142215708248,deep
135,21,1.8280404331631661,2.3714056019114835,4.553836865290895,5.944053317035424,7.15762970491981,22.24233418336288,9.844504600343432,21.706979401342647,0.2955405181432802,45.67579008623119,5,1,0.9884681794766144,7.562527473117974,3.7221256951461736,deep
136,24,1.7519930276731916,2.2636354196040367,3.8958166692686063,5.299613424965604,6.431969515024915,24.588738815786193,8.702720999889998,10.168683716477286,0.2420523014803109,44.68276896945406,3,1,0.9818630079919284,7.271179430402187,3.4407967324149826,deep
137,22,1.8063545269144567,2.538314202143492,4.160677548834832,5.683507420424155,7.3049422915278415,23.678872347370422,8.040781940235782,12.786984877348598,0.2875424449598084,43.71343295672842,4,1,0.7919034217157053,6.513420979488381,3.1522724346667554,deep
138,25,1.7230303468928228,2.1944351593934215,3.576716949414042,5.008616470197103,6.7490824443090105,25.834935615677914,8.94945672876217,16.286560542344482,0.27985693587672716,36.4218548924356,3,0,0.831678249006849,1.459764983100903,2.920785242344505,deep
139,24,1.815273551989144,2.5680153924174105,3.791474147205757,5.063538100198418,6.892917262152912,23.411776887417776,8.100756118736934,11.553650653132241,0.2872207062619421,36.47257129904055,4,0,0.9127878710250384,1.4466583830191866,2.9560065110737717,deep
140,23,1.538210306121453,1.8266440108680522,3.215834771364453,4.520891874101255,5.564459958410378,27.44918268875442,7.849168133452733,9.71164421002396,0.22551886728149503,29.81161403725135,5,0,0.7836041046222197,1.515141776168148,2.6206492176302887,deep
141,25,1.3091973383231803,1.7429604583221248,3.3298597543616433,4.086328433419612,7.111252671958679,28.831349354388614,6.888741749693095,6.060139833528521,0.2247027157978156,34.040413520923366,3,1,0.6570922543336406,5.595139195803206,2.068229979259127,deep
142,24,1.2310282950547635,1.559234404409214,2.65568119430786,3.530087980990759,7.328824205420611,25.69211484850549,6.809306364038597,7.904019360437617,0.13152286445983835,27.126663562523344,1,0,0.6478542532779952,1.239699400671184,1.9566962121206317,deep
143,25,1.3799084549568408,1.8294498630779217,2.618305350865651,4.009238539271803,6.2292348935980035,26.461529621005507,7.815424827762023,6.643425322836769,0.18315448521600988,23.566373046336267,2,1,0.6214824884240897,5.99720468751215,2.1493380831194684,deep
144,27,1.2012964369158503,1.5858821927926399,2.548994733431854,3.812219520036177,5.345829779923167,26.5242170539273,6.381181796670879,6.467546894468779,0.19612412026798562,25.74881569214263,1,0,0.6873665944687435,1.56610217727569,2.409327932232809,deep
145,26,1.1315726495723146,1.6682671067007926,2.5145658841318776,4.806595610946144,5.1478299397924285,29.343771749814138,6.813991231572331,4.145370691274598,0.1767213971966762,20.057650707208776,2,0,0.524586070753585,1.5896699566360788,1.8738520530343474,deep
146,25,1.111585079287583,1.3700853607894343,2.417102987319415,3.781146383456177,7.192823773332837,27.642805929943723,6.139687779176201,4.025096445750366,0.15350949650282553,19.12962303797337,2,0,0.5725622240351108,1.902057728472511,1.8633919212402654,deep
147,27,1.025892256207804,1.534148506372329,3.154946656581157,3.5236891676791964,5.87808792881404,29.007648421171847,6.59622973273691,4.004124960812307,0.1433999356955869,19.393145222602715,1,0,0.48323723352100995,1.221107536515763,1.6080022953021804,deep
148,28,0.9691685421559116,1.3011273704065218,1.9182633626323191,3.1243345837687895,5.990161514657577,27.466117776623925,5.623346589173623,6.316726965683399,0.14769330066561975,12.903908169373473,1,0,0.26749432496527115,1.5234089525937586,1.2760426870051826,deep
149,29,0.8618151697540675,1.2103427328588083,2.0562653595023574,2.745096578483576,4.912140294854172,29.45964148905881,5.415969114029726,4.425314224958857,0.11567770237586812,16.75539232114597,1,0,0.2888654048025277,1.621081322285586,1.1750959681467619,deep
150,25,1.0017236549070074,1.496494288957291,2.7921383321160214,3.194696959864732,7.629302938864576,28.381644545627775,6.000474427275658,7.031118598574562,0.1544840389472036,18.97944886107021,2,0,0.5447317932279732,1.7970661821853746,1.9524715527911116,deep
151,27,1.501202362135286,1.4985571218203684,2.864342508805644,3.686561465481226,5.858971440672508,29.904417165299925,6.423009873758592,8.290127711724427,0.20223260051933156,21.741862623217635,3,0,0.5811674364395369,2.3090045618409354,1.9230340092094789,deep
152,26,1.333758826902128,2.0607707867363034,3.0068896199915254,4.163561917345411,6.554979171327323,23.967022713275334,7.527769065482847,11.461307142196912,0.14533997439619278,27.416578659743678,2,0,0.5749252799773994,1.7856942675953016,2.030857382076808,deep
153,23,1.5403122803853209,2.1708197943710514,3.4403386196660284,4.612429867642937,7.061982067265087,25.333605545145776,7.21849547329,7.020266482264275,0.23728152750967646,38.99203514473743,4,0,0.7372776382007696,1.6566147053337439,2.8229182794567973,deep
154,22,1.5875068022572616,2.000420667344099,3.312862929985752,4.752739309183087,5.994388770661561,25.288237701287855,7.651060760690359,5.046575172805661,0.18875439772318736,29.372937345954288,3,1,0.9258467846990276,7.601247420766063,2.9020792929321724,deep
155,24,1.80834620896081,2.097134501894253,3.927612805139688,4.422666494851751,4.888461140140822,25.237174510325293,7.232449162946763,12.132632982755972,0.2254797435506462,28.465105378063694,2,1,0.7254244927504688,6.486485349744336,2.4193469626031465,deep
156,25,1.4468853236155423,1.9093274663961959,3.418471706493013,4.649524347835017,6.1611699957955315,23.31383502962776,8.66485655852089,10.895891919384866,0.28158655857694526,33.49360559245436,3,1,0.8177589255980491,5.761142779924858,2.907295496911889,deep
157,24,1.490666626754147,2.021120402479234,3.3554680737322333,4.776667794010382,6.5408356311073135,22.579447612043673,7.492365267148585,9.761990498299427,0.1867760141888711,30.404911897663965,2,1,0.8394480447417976,5.709153618846616,2.7341681940844342,deep
158,25,1.4352228218771848,1.9255782019226582,3.3776288244837955,4.27585476665522,5.745962005003641,25.464599404636406,7.314549718246569,9.629571938146526,0.2403972391870353,31.413057954396955,3,0,0.886354424039877,1.4208048416812467,3.00024873010132,deep
159,23,1.4165739323552295,1.5924770929518564,3.180794514261533,3.8674744288957257,5.735862757830396,28.84717331736708,6.454355836872535,4.689458317247168,0.179465886292041,23.52908434050692,2,0,0.5982001374463308,1.296562696721845,1.93331549980486,deep
160,28,1.151375076485881,1.6591980080997857,2.6805905650425093,3.711906372478804,5.899182758005811,29.535562348692103,5.983309163011111,4.612455650488441,0.19635238198613875,21.46719457095954,1,0,0.4604814090056197,1.5804441113384384,1.6743359289113744,deep
161,27,1.0550555369944346,1.3898601500219712,2.30070676942029,3.947323612999118,6.14220612986994,29.307208544384807,5.434498681219033,3.2077247611404305,0.13671423042075376,14.38870932076051,1,0,0.41785480784394263,1.9082111684300749,1.5101600173495184,deep
162,28,1.0580226598637956,1.4942688381856677,2.4420753061824905,2.6818761409843646,6.948748449995352,28.642477190000747,5.195475108566787,0.7568134306018095,0.14711704523478555,17.519603381005645,1,0,0.1960645468011039,2.1463522899812753,0.9489322647048626,deep
163,29,1.0196253706797642,1.1992304505901874,2.3481753394619167,2.8510423425509415,5.492107164174291,28.574033870147506,6.495286257625363,4.77282288592564,0.11460589722171935,17.230728834817874,1,0,0.20226431593157732,1.8026175103054909,0.9967655602700284,deep
164,28,0.98377603005016,1.2340047106876635,1.9273492170453703,2.708523389375131,5.591149980113098,30.111298246413043,5.876646185199087,3.376767122106002,0.08539315090135435,11.457594851637506,1,0,0.31156670361965105,2.3359063056161338,1.2695102390590391,deep
165,27,0.8838189334832961,1.096782252364717,1.9116303095125953,2.7016300311468306,6.353182380176728,28.520408850009154,6.5545001950187896,3.2779293624961543,0.10672692582253111,15.13065345748164,0,0,0.25544105131687217,2.1283029597905423,1.005704643371188,deep
166,31,0.8059254541677674,1.174595711646066,1.7308249902365331,2.7473804337398215,5.45099894492385,29.910727667895685,5.3720885375963645,5.695607240568239,0.14454012258192456,10.306517417130996,0,0,0.25132896962773854,1.2830088527126502,0.8426914148606407,deep
167,28,0.9087330181103606,1.2544701090267996,1.764643824278895,2.8335051122429578,4.044212296273592,29.931820823306573,4.939611498744693,2.192397343519772,0.0847325776614691,19.877504896533893,1,0,0.22662036984479955,1.2789420214833007,1.1521971603786783,deep
168,29,0.8649469187901793,1.521787510085385,1.7061700619974995,3.2485639723238866,5.852516886108929,31.566618021866134,6.164040597216553,2.1714652981135325,0.1392114184379582,15.843043221493541,0,0,0.3325548387679093,1.6550506587299991,1.04464559659267,deep
169,28,0.9717883132508319,1.2750432257993285,2.0045267379356333,2.700104199927588,5.449715721676244,29.414596702063786,5.004915819241802,4.378317389527033,0.12762740154507077,14.286917735149991,1,0,0.1711178699904833,1.344805165958174,0.7995824863115556,deep
170,29,0.8862422977101452,1.3147485629445999,1.841976227115887,2.9536906778261995,5.0860315976371275,32.672878371769045,5.124679033424648,1.342817162572802,0.08029434674314666,12.46801246502966,1,0,0.24271019895610063,1.7684648747757692,0.8368683393325644,deep
171,28,1.1360032520957892,1.1748198184511847,2.050363625604665,2.896100992505439,5.943233730298761,30.38878893003283,5.5832947215880235,-0.3501300682471027,0.11148925888192177,11.43018216234468,0,0,0.24424200767333204,1.3734645363555527,1.0076786039386894,deep
172,26,0.8707464791599115,1.1838380652152671,2.041763026319271,2.8619984044158806,5.254056464219059,29.25720012836622,5.425710964115518,5.101963534178626,0.09536669463430963,11.582257488663474,0,0,0.33764924388174616,1.6903247557086871,1.0884217324208947,deep
173,31,1.081690082107452,1.2270974242433517,1.9040977646156463,3.0004496434323347,5.995281181792578,30.007338339647642,5.109815852452943,1.7046861585014306,0.10823238175677523,11.272230936610509,0,0,0.14586657265520772,2.043105073430341,0.8541097259379948,deep
174,28,1.050565334625308,1.3254551742416176,2.1137136762071425,2.968273928638274,6.597115636335149,30.576689301406123,5.165204441810685,4.863995368176006,0.10393520873418835,13.019072072999972,2,0,0.22693751539110044,1.9261786722052014,1.0197776392318072,deep
175,27,1.0904945009544884,1.391899979832734,2.3787607681642013,2.9508076708890374,5.674901441522284,29.770857335229792,5.406172111762182,2.4584719287817087,0.12380548547824789,18.91991229225905,1,0,0.42130008531048097,2.257889170377976,1.4854593616014315,deep
176,27,0.8853163611559222,1.4125654660525266,2.2997542908912596,3.1786811542843587,6.047211287711284,30.01868935789988,5.464477559366666,3.5914515685780333,0.1162203494844278,15.333203168893657,1,0,0.5191980808074738,1.2457066308178364,1.7608609819178334,deep
177,30,0.942619392122723,1.3558444579627928,1.8254021265190707,2.903182238447135,3.310678658363864,29.509224061601806,5.371019144176701,3.355428607517341,0.1256501146353965,11.298154094770984,1,0,0.24323864079728164,1.7774701977984417,0.8381839063770448,deep
178,28,0.9489185392225737,1.2426140925459366,2.1136094866751507,3.0467273327918845,5.065415035862131,31.006217652132495,6.620438179555211,5.459346409457291,0.10292703476546622,11.959548409577994,1,0,0.28862781755124034,1.254942290050047,1.0119723392672746,deep
179,28,0.9799208983837027,1.1899360390720515,2.2870433276037967,2.601607824144891,5.354251114405199,29.885222009472958,5.724089649952926,4.173635160866833,0.13542128182135404,16.735699313391503,0,0,0.2745706488130937,1.5057517014342292,1.007731566189376,deep
180,24,1.0038452481069777,1.2563247745497295,2.292448487266589,3.066305565321007,3.77863731330918,28.620992192297766,6.486227785355806,3.4801958915030435,0.09055423401864993,13.718745746742545,1,0,0.27140202768398325,1.4895969826447715,0.9670922387591159,deep
181,29,1.117538708562418,1.6461527440181616,2.7012632785783244,3.2037272988358185,4.832748626879557,28.765819079900048,6.236857387454438,9.251231127128232,0.13593449807987898,22.01353466452027,1,0,0.39745312209725137,2.3763695536999565,1.4452515051769848,deep
182,26,1.1864752661642017,1.6625587802841042,2.5767294935836795,3.4450007270088947,5.136337845961268,27.53134558402297,6.071930155425172,8.619892993965502,0.17853138427771845,23.70092792457239,3,0,0.7170355212407934,1.3399019639068228,2.3761282641194006,deep
183,24,1.2281470423471736,1.4813996549914064,2.6315738916917817,3.494672176319338,5.31766054874644,29.335793156481536,7.409399867549014,6.181652243156805,0.1584265763315468,20.16737984736022,3,0,0.524723768275143,1.3705226419575185,1.5670419916862424,deep
184,28,1.2313677319204492,1.584701058767345,2.542197874816246,3.73145571471959,5.467388636553414,25.61588171846923,6.61571076317909,7.174539040711028,0.16891877216071505,20.62592290187209,2,0,0.6251960544539354,1.2028568636613994,2.1037864273075364,deep
185,25,1.4826483174382163,1.6824092472021765,2.971076332063234,4.049015178548036,4.690272519607351,26.02218185562295,7.539584751594132,7.240365114884904,0.1649575572792873,28.441915115442725,1,1,0.6754231509141095,5.46703587114522,2.350627525578711,deep
186,24,1.40583039661503,1.9726720455964417,2.952858109422001,4.453119927735857,4.729733898368401,27.41262286201362,6.732559302095867,8.346156938322068,0.19278267414781625,25.030305096160212,2,1,0.5823641081441399,6.018609320317189,2.065646850931603,deep
187,25,1.6807218777639048,1.6775836588724247,3.4426436025567044,4.2130176340748715,4.272299642104988,24.90419027899285,7.766951578693995,9.59022863904302,0.23532256877184102,24.83004593056896,2,0,0.6102786844544041,1.2516712759954338,2.074940466534263,deep
188,26,1.2789209382292366,1.782335777460713,2.845869208604922,4.3292166154858185,5.134201908270294,24.29075951339222,7.413039087349652,4.190655644426611,0.23084275086468098,36.43821966990558,3,0,0.5949310579667031,1.576503026224289,1.9989435580791417,deep
189,23,1.4194943445176147,1.9468841789273623,3.0558297109882027,4.3335441181443555,4.88523888174672,27.80711645650848,6.967297848091108,10.008093584257493,0.2155265163300487,26.589929494998493,2,1,0.6341042284760966,5.827450691287724,2.1455551178383017,deep
190,26,1.2322339738933592,1.5942148894195836,2.6116092014496326,3.4597254815907688,3.938242770032884,26.54411177933167,6.675620560169905,9.244721337945773,0.16623406810488436,23.721664150614867,1,0,0.5600089491234538,1.2761027189349907,1.7868573286240046,deep
191,25,0.9967720911718196,1.3224727158541032,2.593386398232301,3.284098907007404,4.786757624343122,25.916731864114162,5.740852446173765,2.731668068297309,0.14463095291071784,17.381179072306924,1,0,0.39710538134332024,1.5893968918742858,1.3413678711906378,deep
192,27,1.2106016601251308,1.4272941834647137,2.687100014495795,3.7093475322218055,5.198548990739127,28.863534104031768,5.774483694578974,3.946339253551305,0.16909163377062217,16.615405124594012,1,0,0.3057521147633026,2.00640688587922,1.155152560999009,deep
193,26,0.9889942192663763,1.456505053095476,2.1894133296185547,3.2275555990038685,5.682446296960292,29.176956161464016,5.6924227892317925,2.6925448386992272,0.1298334469818492,15.642588611803648,1,0,0.5903671961291684,1.3522630626445797,1.9203877858025797,deep
194,26,0.8812612758815762,1.4687555360439148,1.9180705189635034,2.8638548864625433,4.995573362270147,31.211675734108372,5.137439949544937,3.657839428168918,0.12886587291920568,13.421886935149747,0,0,0.41313349457210935,1.6391967415304516,1.547094046920661,deep
195,25,1.0585063636273122,1.1883774321533547,1.8614645176392344,3.11372007862595,6.13908461855108,30.379766568425502,5.775456342596155,2.681298057815919,0.09438977343492454,12.851585382767153,1,0,0.2683592568451373,1.4074234296118313,1.0247838711841757,deep
196,29,0.9686500733184656,1.3052969869594104,2.0325219375302668,2.780647836373349,3.7563713554233074,29.074263597258415,6.293803500330515,5.9790167654938,0.1543674840512508,15.80088447913083,1,0,0.3939467397596754,1.9795049497799933,1.372623849668242,deep
197,28,0.9644315415650077,1.1622192245512504,2.0777633519593017,2.943071997436811,4.993401601943272,32.0471577021173,5.4031873182681505,7.296048407573254,0.11083659587036877,24.52405160692428,1,0,0.20230061829830262,1.5300763451346686,0.8173179190479082,deep
198,30,1.0325508171175057,1.1167612562827054,2.5266418278744958,2.55646597354267,5.3148769450150315,32.16226520939474,6.460961754952055,3.0845509450232425,0.09475529305185924,13.76242083821658,1,0,0.3200886793057351,1.5542486929974888,1.0653166251206747,deep
199,26,1.0026191940518976,1.2271421254420987,2.0825683430282775,3.2904704591979366,5.160942096601208,29.88332845302845,5.51443913172794,3.3675482032219017,0.11663122212901508,17.63791258146808,1,0,0.17926013351512896,1.2445182589433728,0.7663774740247956,deep
200,27,0.8640101230263518,1.480875697431164,2.3728868506929515,2.5221044153510657,5.402221276139677,31.5225459466813,6.713994000785792,6.5746076612106545,0.07858821616119013,12.98942463446297,2,0,0.24231509876280005,1.4679020241284562,0.8374515931894243,deep
201,29,0.8998330372070715,1.2133603769303982,2.5719922786765514,3.3335042040831735,3.690398352064576,26.908619242727852,6.042604910111598,-1.1019575085000062,0.11856831977721341,12.846900442462736,2,0,0.2650607351722495,1.949177793178913,1.0964556550358677,deep
202,27,1.0714104475403146,1.4910054529018315,1.9692234100206139,2.845735321078726,5.283413379236703,28.889357186644855,6.104162505357645,4.967776476052986,0.10765754349655787,14.619926151798825,0,0,0.26861987451983615,2.059815029242056,1.1122801760298695,deep
203,29,0.9911123376912887,1.2759761551155653,1.9210132054422613,2.8183210903883187,5.202436638718752,31.65099683984293,6.896446365195559,2.1078283860053917,0.11812273268135093,11.616556935800807,2,0,0.22845854363926782,1.7241595007330108,0.9631057329121111,deep
204,29,0.9613332387178934,1.3090113681203306,1.970085095517452,2.766263398702747,3.907654785447914,30.365743697575528,5.585125816588931,0.3194652184459499,0.09120406907829111,13.444654821634696,1,0,0.28712705236481584,1.6962963433891036,1.0682667898277847,deep
205,26,0.8424265757024101,1.2202277980230651,1.8328417181479595,2.4406607496877255,5.627918956905625,26.827938708781325,6.090181561415546,1.6162109426288571,0.07684889609036813,11.217813939527808,0,0,0.28768438194062673,1.5963809632532802,1.3088897159393742,deep
206,26,0.8867454312644183,1.4764909882127681,2.010246524682943,2.361533346937674,6.00596133112427,27.76950739779293,5.265148058279464,2.989029001656802,0.10662506880399532,10.706104248013158,0,0,0.16694329403773758,1.9851367412167167,0.6540142725556615,deep
207,31,1.04086774038194,1.2742565907061532,1.7429201286320422,3.040147209190871,4.122364521950617,29.913577217989598,5.633530459291563,2.7621295560514865,0.12056412228562169,11.329426996963177,2,0,0.20575313169170487,1.3952057922655723,0.7760643037670496,deep
208,26,0.9715103310584635,1.1619938436722959,1.830424375248644,2.6683241516040814,5.941892411003587,29.41411892650776,5.216488686178081,1.9514784154985072,0.09618394992393509,13.40379751805154,1,0,0.31052593059483274,1.3521232907152032,0.966179739112855,deep
209,29,1.0433142405753884,1.2255329043050434,2.5251966281833838,3.3558158670813474,5.310712875488426,29.411614780055324,6.127672284120961,5.837743426331863,0.1256944181011045,15.148153963910616,1,0,0.22904408072842838,1.6391714025469515,0.9345975728358433,deep
210,28,0.9003352118334672,1.3146303341560364,1.7527475954874947,3.329245189269339,3.1037313768285486,31.068635711514716,5.687223355444181,6.933339601750822,0.12285469470942849,9.692198141618862,0,0,0.42670654513499817,1.6909847711288886,1.3154851906786296,deep
211,29,0.8985815047577442,1.2087932564244956,1.745959639661372,2.5048545966881566,5.254157448185814,30.555654429021615,5.3095392740832095,2.0217264041487675,0.08001599024451175,15.773671058439074,1,0,0.3071314463729494,1.225480668789918,1.3104886672550236,deep
212,31,0.8145325006063637,1.1906012622155888,1.8701259580895584,2.593665639391277,5.477640895940175,27.50842767698558,5.879847659802163,4.461003665636232,0.09895285794647994,9.515522086624182,0,0,0.17787005057773078,1.6215878301330557,0.8755547694734414,deep
213,28,0.9387949374291806,1.321566197445474,2.1831326071378356,2.5722869761687375,5.462212649527154,32.31352458157223,4.967108964953195,2.453017869094126,0.11908419047889837,10.063677722751653,0,0,0.25176222154387806,2.6776849931535027,0.8383721113582696,deep
214,27,0.8123978829797647,1.210605524509226,1.793960573576434,3.2607104423683104,4.674365058371901,29.309320837917,5.837449915935784,2.418188805739347,0.10203356440852385,10.094585182969753,0,0,0.19549390680256754,1.658470619931959,0.8536853557230997,deep
215,28,0.9118895809849353,1.10894323058999,2.352143043304098,2.5743442362707643,4.723052805754711,30.680871159625042,5.903679741646948,2.404492320062472,0.10608464853022227,10.484160850163882,1,0,0.3203605252703246,1.8048730341175196,1.3896630560717131,deep
216,31,1.1595613447564046,1.3768198154661895,2.019799780663137,3.040258010545465,3.9364001336563827,28.748246202195386,5.163757789060584,2.084612076312282,0.09436648017946933,16.82601079089742,1,0,0.3756109943745683,1.2972747616531497,1.2955422477412304,deep
217,27,0.9405295089869727,1.1327212181221555,1.9924610878470377,2.645660624385748,4.824613392659429,29.460057251017243,6.082706422145312,2.4208682163627766,0.08827749383752528,11.634330871758314,1,0,0.30517269444312156,1.6387275075025647,1.2245150613385527,deep
218,29,0.9229782123295427,1.1445272060665344,2.6246708638528404,2.415417461741307,4.976254029194146,28.246101992581423,6.8810043333883755,2.428489607903144,0.12731148136640238,11.194380577313023,1,0,0.16780310911844276,1.3633879108843887,0.6555746520364986,deep
219,29,1.0202982171741817,1.1314711931375212,1.7247906409064113,3.570439169556848,5.604838598638638,27.15370530326108,5.725321467544042,-1.086502930887268,0.10961707877130145,10.169492773401878,0,0,0.41386834903577163,1.2109035254812395,1.286232214327847,deep
220,29,0.8994552197941716,1.1022207505485269,1.8000059244979667,2.6152375522476508,5.380117548327227,28.225838591738118,5.324492826935902,2.4424517009894107,0.11785650792808136,11.673861088993686,0,0,0.33054998427125304,1.2815524280200752,1.34844472863783,deep
221,28,0.8738553913626141,1.2094442592359587,1.9788188529795867,3.0376119605315894,5.771379642846487,29.245953672964795,5.579468624655219,0.9261498079368105,0.1244825633206452,15.351725840927614,0,0,0.32568411046264767,1.2012610324038322,1.0749485562798067,deep
222,30,1.1111171508546156,1.1117879773432002,2.276368936152949,3.5775716724716684,4.892655113414252,29.327939393912317,6.020424491420649,1.0261344601340743,0.1067898297564616,14.259505366886188,1,0,0.3293713999752946,1.6001089154369779,1.078747867393361,deep
223,28,0.99974446728642,1.2514766012184249,2.029447886459392,2.556008800368082,5.3737264114612335,32.41534529846795,6.052201524509201,2.859219901757487,0.14686833798595725,16.383799611503356,0,0,0.22058542741518433,2.1462736444902495,0.8138525684392053,deep
224,26,0.8834490418162533,1.4323769964264688,2.374589105147788,3.3184352345488857,5.404129882630614,31.18756890244523,6.500879325984,4.46738918609332,0.14663675825068145,18.893000290610047,2,0,0.17068443895243415,1.42701502129202,0.7943477754361545,deep
225,28,1.003353023854891,1.345258806257381,2.029691855793581,3.0571532362519824,4.72367823507096,27.863110577397542,5.282356340346102,9.68340691399234,0.12302911259809635,15.736694959017681,1,0,0.46241824905240875,1.3391524167126254,1.5630994563686786,deep
226,27,1.0693216645246693,1.698964738542855,2.69080507583148,3.3985827282133516,6.727990054644623,30.10029073174313,6.4077303109919255,5.382815819920619,0.18216169180154376,25.66745876751134,1,0,0.4889569956437364,1.4167312781233137,1.6856016603519104,deep
227,26,1.137414734500905,1.534459351722045,3.164455027407357,3.496314673906348,5.369079743066805,25.17715227493155,6.707948785518912,7.574311508947553,0.12353651978277935,24.75734610270222,1,0,0.5400509584006232,1.2532041516012629,1.711689372924389,deep
228,25,1.3781276480392965,1.648271338180828,2.881696383598961,4.403835095131314,5.2627679125766305,26.87697105847315,6.934578970976806,8.459373954798151,0.18155219043019435,24.85638843470103,2,0,0.7207652472400372,1.8488362460922954,2.294894019049892,deep
229,25,1.4386226170435206,1.856787428332402,3.44548582693134,4.806028398458892,4.68257322488966,23.754071989234486,8.226770337456028,10.55486077571327,0.16698092708826756,30.60557609573605,3,0,0.7556309350046794,1.7976772898938798,2.5038770525628307,deep
230,22,1.7874539495651411,2.0586417527578784,3.725003922560528,4.895543908620321,4.773202326849496,23.708095507193242,8.489508326039704,13.692832763897972,0.27942477651099096,37.99992463435194,2,1,0.9411155522695432,6.26240985097286,3.0392715571503195,deep
231,22,1.752436851175278,2.3331226619148397,4.1737769306094625,6.319809339802905,5.878480178389376,21.216013444096134,8.603649218517361,12.22127599089973,0.27774757217604257,37.90527793976756,4,1,0.8877661938858511,7.124325235266212,3.15911866303324,deep
232,21,1.972193733548414,2.5001195696700753,4.332286663860103,6.319251583248329,6.142509634157814,24.64771433050117,8.490404983972383,14.425440127338767,0.324935082484859,45.92861996424898,5,1,0.9632633031107816,6.847067244083614,4.016669712005036,deep
233,19,1.915461766740338,2.5273021799135034,4.8912624825747555,6.853924585050353,5.456785357721278,19.553928018387104,9.674354461260164,14.175401594745308,0.3720767579464156,53.234501238062556,3,1,0.9931416384733637,7.642007845514295,4.306370161011981,deep
234,19,1.9282297594202062,2.5775931532833805,4.677127517678421,6.680268950266652,4.3492238180915015,19.212449853518,9.283797141012537,17.391863357766642,0.34336899644238433,52.04458693072361,4,1,1.0,9.109297540193147,4.259806758404365,deep
235,21,1.924715747728596,2.5454855968899723,4.503459618651678,6.472271592606759,4.789662140452526,20.811672444075608,9.010849337204052,18.25237920619364,0.34419368895310193,47.09966244133057,3,1,0.9925428675257725,7.69607851276293,4.0588693628901185,deep
236,20,2.04073113332043,2.4671739835239026,4.7186868771369666,6.478155596802692,5.150589865852575,18.680192259340387,9.264241283236109,16.135885941231805,0.36532284995946424,46.17770679264386,4,1,0.9775869283692572,8.802724596660054,4.23116316576726,deep
237,22,1.9497738749183637,2.325136665870547,4.3524749091108985,6.34928055713542,6.788994128810986,19.794097641187037,10.385991243545005,11.441330146405424,0.3195922001489662,40.3180660508317,5,1,0.9212739850960766,7.799605868564378,3.419808409625289,deep
238,21,1.7165711681165798,2.3593158231612676,4.120694428511378,5.8658017964972,4.323352749415495,22.729881428438947,8.435739115438862,10.021774651815981,0.2911906809420781,37.888461199478925,3,0,0.9273297539043374,1.3595478826432628,3.102605009289956,deep
239,25,1.5659595496051708,2.0992328746312183,3.5389824025588483,5.039209890582072,6.655715297527812,23.64937943864197,8.014098037559899,13.042379460499202,0.23778150864758182,38.59660078417899,3,1,0.862048773809695,7.4951642211945195,2.995994018058801,deep
240,25,1.4386990179557464,2.0083456082120414,3.593883156204361,4.4146841348565,5.5053371775472275,28.835345419399466,7.858495341496382,9.370291772263553,0.22541433335915986,30.190215086091094,3,1,0.8535780827499505,5.902227297945143,2.855992398351626,deep
241,25,1.2819088405308738,1.6753704468234851,3.559538879916967,4.4518709162983665,5.8765444382622265,25.133434439807914,6.644258869656217,7.468239040109911,0.20506201145387234,24.041464033851984,3,0,0.6787221031644617,1.2327711871524376,2.0542554692764914,deep
242,27,1.1471574944062286,1.492705395787049,2.731866832448983,3.7256652813645634,5.954402506643117,27.259773633496966,7.604289071879707,4.980836323415258,0.16070099526843354,21.12182160364931,1,0,0.5064824775906569,1.5262805176431404,1.722111609338572,deep
243,26,1.1974284552554264,1.5531449578730572,2.6793817235137034,3.8980205837454958,6.533844356663055,28.53111172700721,6.465673214542892,5.4693369595780466,0.1657452054386516,20.6803059481924,1,0,0.48206506930520765,1.7022446437251322,1.8573090257160145,deep
244,28,1.0350675634727122,1.3344811519346744,2.2561136827597905,3.7756391591029854,5.886743486085147,27.51401312075625,6.88876710814338,9.608226684069631,0.17884650909856087,18.37648078035645,2,0,0.32467122893773537,1.4127491713743114,1.3396196746848625,deep
245,24,0.9979034027760425,1.4226122240033683,1.835094045102316,3.0047912111280413,5.72255089921891,29.711996229040665,5.279124811541603,3.707424281039089,0.0985288341755702,11.123216967882396,0,0,0.17481947769249784,1.4428755683130126,0.8187987062867053,deep
246,27,0.9768687422054816,1.3867433107359588,2.1003060127526987,3.0064307339902383,6.471446672341989,30.828502313322566,5.837277365759607,1.5908977452352193,0.079642098494786,15.637415763388468,0,0,0.4235605916786135,2.159954848745324,1.5294610903891226,deep
247,29,0.9804887207406585,1.4246272780572267,1.960116582835059,2.7151052730617176,5.884459753638218,27.644905166017892,6.152913288338595,0.99226836017109,0.07814151509883535,20.822526247082372,2,0,0.3406597805080513,1.2022896473965072,1.2877455027429212,deep
248,26,1.0640193686212034,1.4202636471854693,1.927566929915836,2.8629016513168,6.332046018371036,27.891187088258356,5.278127513746043,4.387581861970528,0.12389602369786028,12.344820200029645,1,0,0.459237246194797,1.5420628951384392,1.5466042222145617,deep
249,28,0.9694770078995004,1.5489230818008468,2.0797021624014866,3.569862430529299,6.4136120174247475,30.32023799206871,5.912457362701631,5.210908528976537,0.1743596311379879,13.391897744080612,0,0,0.243719189721088,2.052401137017508,1.1238377773357842,deep
250,29,1.0200880852830332,1.2670824189509597,2.48499740614289,2.9635592438602827,5.493301167792328,29.01339283900497,5.7200087992703335,5.807857435135057,0.1147282479419677,18.161058014183432,1,0,0.3937689448135683,1.7399963599472805,1.4146055038321699,deep
251,28,0.9076594804777801,1.1883796633419101,1.9073034006350122,3.381247570973456,6.725221455598663,27.14664447208973,6.012800055479831,3.7336210793280427,0.09263403020430722,19.093315819493718,1,0,0.21210971118223484,2.4656902510608045,0.9913707669426648,deep
252,28,0.8906106407070553,1.220646476894838,2.243493031384157,2.643833662635845,6.348916054635228,30.32848709242633,5.342060842078113,2.9803702012758784,0.1187892801803237,13.306659189005662,0,0,0.4163907393448843,1.8526432930925072,1.372398455322898,deep
253,27,0.868399828716128,1.2023928064549105,2.159552573929245,2.870966965425508,6.144305779940414,30.39701107388485,5.640922932695911,2.1165563174842608,0.13380884049763386,11.03924754781435,1,0,0.2549495033925294,1.2419504903725382,1.0300856995292698,deep
254,28,0.886472096581092,1.1789740606786596,1.9034777992904437,2.5285245321419687,6.194738778249894,28.242297048346487,5.8315944382358165,0.18800349781874504,0.1695714319313918,20.53526660522951,0,0,0.19480287143496158,1.657863546619756,0.932503966858841,deep
255,28,0.9964198621107391,1.1830895739712377,1.9736681175861561,2.778198027981554,5.747958964585817,29.713835789109083,6.152321907048313,0.6309681394256574,0.09334203253624719,13.4291888759006,1,0,0.16671390377111667,1.2267394733304244,0.7890921049927014,deep
256,27,0.8437436600652736,1.1886469696140765,1.7297947911867753,2.8071472548928518,5.261687285253185,28.308354506838246,5.93154600477059,1.5187719806547622,0.10796799782081583,11.401722237796228,1,0,0.17677765977921733,2.0351604248597006,0.6251526951376031,deep
257,29,1.001220305541011,1.1420248126471244,1.9164968343828264,3.2047906586011603,6.636779966211826,29.407238508821884,5.148666533565274,-0.9598459000681725,0.07489123189180917,14.207830225688031,2,0,0.21728911394893854,1.7436894825907059,0.6880086330272543,deep
258,27,1.141257073861025,1.1256742030601157,2.1187980505330946,2.700125599092721,6.142658619303957,30.522672900784908,5.110562748119484,5.750209785061706,0.11664225629762681,13.988224470592431,0,0,0.17691419293484043,1.4892641996348488,0.6875150086242322,deep
259,26,0.9109341215154265,1.416820946869129,1.9331959993522037,2.8866124194951572,7.79254901380956,29.198538219154,6.178162077355252,4.629897865297515,0.12993759321655268,15.15347033629123,1,0,0.23043545328631443,1.782046257425458,0.8469925605595088,deep
260,27,0.8142541828376484,1.231074811425497,2.062088545348574,2.7508677549607374,7.262864197680587,29.80538187142259,4.88835477618338,1.445820051877148,0.12760347912785278,14.195323984093884,0,0,0.351174781971784,1.4953580688351726,1.287446061645022,deep
261,26,0.9947955475302597,1.311615244270857,1.9424235484502335,2.805159097501651,6.288889311709303,27.433555835048306,5.0596490383016,5.000691111748545,0.12112684949131564,14.97476293621381,1,0,0.1800534653285531,1.692794315584705,1.0310773165247962,deep
262,28,0.906022047030104,1.3089748880238454,2.045587555663006,3.473707122635534,6.256999408963682,30.02618466087338,6.070037129711157,2.6455333349777646,0.1153985432142641,12.027627363625859,1,0,0.21782097110225668,1.6546254689072333,0.9876168581113292,deep
263,28,0.8017551515013518,1.176752480503702,1.6611414575219892,2.422067604127983,7.804527663652182,29.385916912131698,6.015514472239289,4.77383138465783,0.10885329462101048,13.103376809815622,0,0,0.39985038367713355,1.226207373494449,1.3167331586048956,deep
264,28,0.7927527175978438,1.133482824807411,1.911863230075793,2.581204251095585,6.267467391516243,33.449804023251005,6.13284659039695,-1.0097201904247104,0.1368248595791434,12.465359983629911,1,0,0.1579544886607738,1.8034441470405458,0.6543106012239772,deep
265,33,0.8622321076402236,1.4020159900091438,2.17665351700201,3.1798913672001605,6.513858801251354,29.045932688575263,5.5069343274646965,3.8356403368000294,0.1279392661565621,23.132884925940672,1,0,0.23966393372314887,1.233271241641071,0.8270522646873791,deep
266,27,1.0611172444147574,1.2674681007886062,1.9211413319927004,2.689179422244092,6.640669908613632,29.396082501286486,5.530223778279948,1.5798924979212035,0.1209253863165683,13.151930544132707,1,0,0.3105645266875422,1.6296253488163288,1.2157867879957704,deep
267,26,1.0841433757895296,1.8281009916127842,2.3543342528458613,2.892382990312008,6.544296898527802,29.063927625983123,5.66208882273571,2.610987444715482,0.15297019054886932,17.179723594460405,1,0,0.30656785736954173,1.8416859277974402,1.302907045932293,deep
268,28,0.9801205578540815,1.2474539930204798,1.8525315166175598,2.4940913339906086,8.358483837921131,31.088516275694364,5.3713536797134855,3.413338270069715,0.11816063499184161,11.651574967752708,0,0,0.22605730381918093,2.069508281570026,1.0469372439191589,deep
269,29,0.8860721337576031,1.389615084194232,1.8020161249374773,2.8825201888963803,7.615363986243123,28.49654734149025,7.061907423823532,2.917525433122414,0.18011237973723507,11.726006302140409,2,0,0.19063338499378193,2.3358427661015373,0.7941224910862337,deep
270,30,0.9397223649637284,1.1218431723806177,2.4394505873670456,2.704359414677186,7.398586211987785,32.21510302372644,5.081390027272327,5.914970452334851,0.09394184222286014,11.653191825707674,0,0,0.19623211753948153,1.5008269247060206,0.7413915453304816,deep
271,27,1.056127594274503,1.115745429632762,1.7784887665126603,3.29919626849808,7.33831830459375,32.28098510922553,5.658313027689179,2.976793749547777,0.11334918457633769,17.17461118398604,1,0,0.7564646785378745,1.977487637231615,2.364929613392354,deep
272,30,0.9321316814975243,1.0913916784128734,1.9408076813404298,2.553653855224095,7.433238437694086,31.41988726859017,7.098342739605767,0.8864451827477882,0.10745414326823491,11.29377248574729,1,0,0.391902477988788,1.46449402524899,1.4658656278650801,deep
273,28,0.802228513156337,1.492878999732985,2.0276471615692486,2.5187633246303465,8.269563306372316,29.063989683372498,5.036944682821404,6.362983825461535,0.06293466038144363,15.563393813402005,1,0,0.24136080833433166,1.3723905193427743,0.6948451586691138,deep
274,27,1.0445880276910355,1.229666869832732,1.698120959864703,2.8443689848698472,7.437520865750269,30.678307689208403,5.784048233116783,2.6413906971273686,0.1221904087361664,17.393595467509464,0,0,0.15413029665104044,1.439378197404385,0.8202273534266415,deep
275,27,0.9787271319119863,1.2703766590196888,1.8401942059711769,2.8373488994084823,7.769706967804465,33.383655409565954,5.272120588720756,3.139270537457941,0.07450533750188452,10.11049435741973,1,0,0.12587853740127064,1.5215628646729593,0.7215282456280556,deep
276,28,0.7806445832973531,1.3884190327514945,1.647028975347713,2.460262360786869,7.685758749221595,30.028648248442234,4.728333921184639,3.7327516123073425,0.021817670593828553,8.605819772475703,0,0,0.22839945347595222,1.3614200478918703,0.8301666339332892,deep
277,31,0.9329089654937385,1.433854691613718,2.1198872627683643,2.3552921603906656,8.921503831519534,28.999097904342253,5.046953916131467,3.4426915853259166,0.11269239329282921,8.966875087747816,0,0,0.08714446328163314,1.4939543400445916,0.5139196231664017,deep
278,30,1.1743431005098808,1.1674207398200398,1.6791478166987008,2.29392287446099,5.460429215808685,32.77130847196873,5.552347738487558,2.950140096913807,0.11343874000429426,15.967626802471802,0,0,0.36496746905478716,1.4079751773364229,1.1593839561239911,deep
279,29,1.1129066882994922,1.0996849669418634,1.5906830001150196,2.2264947287761645,7.717850028192416,31.772650320303978,6.437893322129613,1.2658418149893194,0.06127227332161778,13.714630426015322,1,0,0.15285313629514607,2.304222483439291,0.777869752995649,deep
280,30,0.8547907752161515,1.0641450081721182,1.7089361093304254,2.4019104014010093,7.1348520214418505,26.614709404326433,5.278319047272132,3.3984577939257443,0.1322202330252408,9.003940060828144,0,0,0.20459487296409354,1.70394467881078,0.8614057294162341,deep
281,28,0.8518319838762491,1.593734988636498,2.344161673852979,2.635646243689875,7.0332553250820915,26.367184103884007,5.604814116873782,5.215937326129696,0.10779867673900964,13.504968721440271,0,0,0.27107099372727844,2.8687251867511065,1.0289273942866595,deep
282,27,0.9762929314678869,1.233559999955201,1.9292391805683629,2.6319200108899405,6.813817335347226,30.010058102783034,5.546739555598716,3.46722593422881,0.13341219167700916,15.4621643906235,0,0,0.5831604382031212,1.34311656229161,1.82270390535926,deep
283,28,1.1110584986666847,1.1609249933841406,1.8727809338962214,2.4998565168807514,8.437548620418298,31.034241267392208,5.9983604471670064,3.1889999317356046,0.10715318998901233,10.60828220401597,1,0,0.28949926978084517,1.3731238069504106,0.9125845047115093,deep
284,27,0.9630926150259508,1.1897086494560651,2.4069362837130517,3.0050242930650874,6.034677154722585,30.780378136418044,5.828163907028575,0.5907357841369469,0.11214092954605573,11.993246312311435,1,0,0.13648960999759643,2.2469113341208278,0.7530507980575086,deep
285,29,0.8676790300877801,1.3768794054533973,1.7146391632608569,2.4325291200087618,7.083466271291602,30.968024630334035,5.844627800278342,1.8759798741185216,0.10171627496426996,13.031697784607415,1,0,0.4418237663673058,1.6088357917496583,1.5651445575518013,deep
286,25,0.945416868724345,1.621683683467238,2.2217228740403168,3.103436960838622,7.868826495710122,27.873093752106502,6.2191057784877515,5.97136980102775,0.13651283336999348,11.95966658424392,1,0,0.16548365456948544,1.4047250614229343,0.9468113934505652,deep
287,28,1.1673965444659238,1.406518944010096,2.337322741427874,3.1991141278754145,8.374500764207744,30.155376033518326,5.877850635343843,4.269824868981868,0.1350732440166464,18.39760236460909,2,0,0.35436727201477736,1.6883344419650752,1.29992344415784,deep
288,25,1.343665008514506,1.66004522286033,2.4079649840352877,3.866971930900347,6.170408238874736,26.554747067971356,6.181944622774249,5.968988703033852,0.19521667044664182,20.005363726196666,1,0,0.4686227733721239,1.9749790036412005,1.6989867157382423,deep
289,25,1.4679970172771897,1.8076565996642424,2.9571912139730676,4.760748347160783,8.125199590425314,25.125798752951244,7.695581311931554,6.406493711683981,0.18889888597920462,24.681702640082467,2,0,0.6626852835140655,1.290290193931501,2.171367853444079,deep
290,25,1.5052652298882252,2.054096074833675,3.412596315246506,4.418967506999756,8.299011355834008,26.292320939287436,7.2629246946803345,9.510994772356442,0.21959368843948557,29.518374489619568,3,0,0.7868173909831497,1.2339647060309198,2.5909707661783465,deep
291,25,1.582150308078758,2.0158914912935493,3.6852943630980652,5.316992150982246,7.977866179387741,24.561803425401592,8.35356051212725,10.224421529953743,0.28826209451022855,40.224044517919225,3,1,0.9571874163103836,7.489341969199122,3.3273516602440694,deep
292,21,1.646016511976345,2.5110262635190224,4.056799742422122,5.535906917705998,7.441217554214962,24.542313699940266,8.352907763089593,10.269897626431224,0.2988259358998263,43.924904965802035,3,1,0.860063124987625,6.876355427633822,3.31747579066836,deep
293,22,1.9413577004284814,2.441296105749246,4.618179666259224,6.079790828396367,8.566283214889863,23.153978095142627,10.679856583958317,11.034234840832799,0.37003189059731867,40.74426008105976,2,1,0.8625876968332906,7.711162438118312,3.642200096039784,deep
294,18,2.0996883275067417,2.480719903531396,5.175382685718578,6.47633533865845,8.094828586688005,21.36262478358941,10.486241441578613,17.182941400556796,0.33608748011374695,47.46706889090762,3,1,1.0,7.462686184443273,4.105851554920412,deep
295,16,2.1197072837466298,2.931515765915276,5.368666632536635,7.248026276286493,7.13038784969713,19.029819822827893,10.313333943798382,12.976952139784178,0.44276706855891684,54.50804930119906,6,1,0.9389954880729734,9.123554482120316,4.435410779394604,deep
296,18,1.9891774910091997,2.803957537444239,4.97125739012934,6.773705985042912,8.003203851718919,19.640121032854513,9.41803715273331,14.018446110584502,0.39725655922625247,50.209379728826285,5,1,0.9747099139869728,8.166277222810798,4.041243727633896,deep
297,19,2.094818215575813,2.7612881655987183,5.047210322699366,6.990979688646101,9.050468349491274,22.661950043760335,9.110860819974526,14.028015970771714,0.4358412412580219,49.04415393907459,3,1,0.964291593823619,7.404286411933531,4.125882291365163,deep
298,20,2.0394448426919025,2.4095862640537464,4.551412325231297,5.771337557881558,8.328473349681282,21.391858253151412,9.337749288497685,12.3297989075494,0.3540516470893739,41.66576942125226,4,1,0.9401391419477226,8.429456671371128,3.7679265097047616,deep
299,22,1.8369814022065722,2.3119954317776834,4.175079400692286,5.2950497357362165,8.828260130306766,23.307707558675922,8.115267894464148,9.537215944359456,0.32344845771690917,40.52046615627565,5,1,0.9392271789401413,6.4218293415125896,3.9369441111922634,deep
300,22,1.8261311157779472,2.3947770494964256,3.8444244150437594,5.611908186961998,8.983236526441004,23.86435101883935,7.97001292589461,11.851141283795156,0.275873555060966,42.300161699371124,3,0,0.8720054686030807,1.8943419714611807,3.3081212556453505,deep
301,21,1.798173589262322,2.4175233563700833,3.821916103150795,5.267479585115127,9.105066957272129,24.123646509995556,8.025861173124335,13.743713369935977,0.33395022064727925,42.370739709825195,3,1,0.9317691099295679,6.528980492735823,3.2290753456893615,deep
302,22,1.6548727389744822,2.100578523439989,4.583165752429364,5.149110747770546,7.210402786145136,22.125093355690566,9.038664505731134,12.942591441616006,0.31138291564159387,45.89303348115901,3,0,0.9162626796603917,1.341199952730819,3.403120945582299,deep
303,24,1.6433780472244623,2.2127856886586836,3.8449877569190893,5.456736746539671,8.335340102565665,27.400120420994163,8.48191092715631,12.778826015114857,0.317365180536256,42.20142619281469,3,0,0.8827090834468931,1.480261828656153,3.124938241196579,deep
304,24,1.6276604022960153,1.9715296551520873,3.9198541340725317,5.0510199340514195,9.414948646116018,23.379468722641572,7.789448907832987,8.529306820788698,0.2427795146473257,35.06552163384714,2,1,0.8666531990670112,6.475115476826927,2.8598208183255047,deep
305,24,1.6087373970320733,2.32904508270961,3.738717706320748,5.815065719776924,9.097352864953141,24.404239525215026,7.673200547353694,11.006151834860464,0.27953863400957646,38.369736381766494,4,1,0.8983896715618315,6.537707515364147,2.948581451614067,deep
306,23,1.5343330793563446,1.9588184145967584,3.394842494278272,4.425324154239219,8.484753351571815,26.150747876101825,7.910052382027621,16.44668955542157,0.2413999996469646,30.114321811565063,3,1,0.75789925493408,5.861153873664639,2.546926582345595,deep
307,24,1.9131119399733287,1.9976554490159806,3.432780720197891,4.926813552344743,8.452041606430988,25.367176078286104,7.572570351165914,13.073230127395206,0.21203917548440046,28.671058240279486,2,1,0.776338668787624,6.509731997066092,2.634847891935513,deep
308,25,1.4828971418170795,1.8312944659889354,3.2730607284512034,5.046575969815546,9.21811920961382,25.51930912223686,7.983966389867991,11.676334242094665,0.20869555590340413,31.029931130562513,4,0,0.7053562531549041,1.74860863620831,2.316260116260299,deep
309,24,1.3258512000169709,1.7492387839359618,2.8915470006291604,4.702177306447039,9.055044920275737,22.577651995612552,6.839740267046301,6.400019695174983,0.19488738343143192,29.17716624144132,2,0,0.7170985762754774,2.1498577324049926,2.5227682873409583,deep
310,28,1.1753224809894725,1.5376658141997652,2.6905954721573666,3.787207294823185,7.879628536643021,27.62284383452666,6.572066747471436,6.684863449383966,0.17171158246502058,25.41188089405478,2,0,0.4576730535811408,2.285546883405975,1.7269265236338152,deep
311,26,1.1932345463388718,1.3284100605783964,2.2913865173239967,3.425937087675153,8.3514873424259,29.014394430174136,6.894575690357417,4.480517008197944,0.13970687801976073,16.425803904355917,1,0,0.26540555040824027,1.4574114789044288,1.1748751660031234,deep
312,29,1.0050767407884498,1.379369464300161,2.1573597834536495,2.6046467495767023,8.629116869005513,30.22674504005725,5.971458635502982,-1.1975616311064647,0.14535559644084073,14.132680844434969,1,0,0.25314378529981235,1.5015378246593247,1.1101804489012406,deep
313,24,1.1183195809467483,1.3511105065783353,2.3127895248096726,2.66250009304676,8.833692564867256,28.014946851707336,6.859019854358349,2.6931531205570547,0.10573658886299676,19.44015230118672,1,0,0.1811192385989066,1.6859809476882641,0.8032122786585763,deep
314,27,1.0158269127663335,1.4292980620058429,2.5204254791082414,3.4110955506062166,8.842016314821864,29.921732736239168,6.770846542728709,3.3597053413925977,0.09885496713234482,12.7008774025381,1,0,0.25508755956013546,1.2885509324491746,0.9627288872883121,deep
315,28,0.8694162797766448,1.2880084908906049,1.9920464418689967,2.6020452593004313,9.519709802513049,29.74641950371028,5.5617710314502915,0.8286258692039441,0.12789239195983376,14.501971031232621,1,0,0.3459199612643659,1.5658028023631556,1.3424045600814107,deep
316,29,1.2236534834898534,1.272936672067494,2.1513773836481236,2.919122504674687,7.790808057602853,29.317162388016886,5.547522663857087,0.5767934424715566,0.16820732664438642,14.474963808498112,1,0,0.4656636671712216,1.3580276627596144,1.5981342939101841,deep
317,29,0.9173702328178165,1.117375620406481,1.9451070054616644,2.531976878787298,9.38930292852849,27.178619404800585,5.184038991145173,4.576860956732306,0.14003124147567403,12.320145191081862,1,0,0.17528537481381287,1.4268494472588247,0.7006330654009355,deep
318,26,0.8931105830787568,1.1874537801691605,1.7881095942049579,2.6186193560374997,8.199834444499636,30.209468094351884,5.236107061605513,2.7333755112644447,0.1327693004655381,10.558775922347285,1,0,0.2649718883431667,1.5213031347769363,1.0210870246138988,deep
319,28,1.2218618626277922,1.1936744677451163,2.070841823130374,3.1856327139838405,9.474089674172072,31.716747222055492,6.026578234790489,5.6451492389608005,0.13994786158503708,20.38571802338147,1,0,0.24500742012436416,1.8175896502288127,1.0965051803586736,deep
320,27,1.0897154272435408,1.2684949156103618,2.255955056328406,2.6926299697914144,10.138787550354875,29.097570608234566,6.929386092136614,0.8861169700321949,0.13865035495044417,11.333997902656856,0,0,0.2390488429560918,1.5191897853960226,0.8238704702347334,deep
321,27,0.8782446614819386,1.3082676661806438,2.0252558357155075,2.8111772062357314,9.472527477210118,30.63859790579475,6.2445211303225046,3.7523730695989457,0.12231340118961734,11.519123327779202,1,0,0.38260039245530947,1.388524807337408,1.4038247966558526,deep
322,28,0.9468628097232138,1.1581348472488993,2.081987959852896,2.5689136265556964,7.827016712264674,28.177738543789037,6.043087493915135,5.022143213258626,0.12426235593647636,12.58590418544025,2,0,0.47651361467034464,1.6879039146343813,1.5295344124133217,deep
323,29,0.9936465874509324,1.131852218420319,2.1611124088859675,2.913455222365663,10.13344348477935,32.224031668800485,5.155559979215985,5.560418000893707,0.14762829324822604,12.480567627684941,1,0,0.28787930132692774,1.4868905509241976,0.99385714619992,deep
324,27,0.8894007263317973,1.3326451351125432,1.7918973547847994,2.6718441956987253,9.05249066065201,30.099908368576553,5.175751947174312,3.396653428483404,0.09635269763089378,12.003391509912875,1,0,0.352185311136048,1.8347740193014321,1.2580715999193053,deep
325,28,0.982805750518972,1.1532818212419318,2.135600743538145,2.6043791273550325,8.68682811651128,30.444142231454222,6.639425513857717,6.171720739846352,0.15407062179397796,17.53048815877673,0,0,0.2223368129404809,1.9939138188780536,0.7869667327195096,deep
326,28,1.0027202027949902,1.280550887728105,2.5750913360385725,3.2002718501143645,8.93063606849639,27.836015619802165,6.501956917916829,5.6732308600431525,0.12840643981298544,12.326081355484163,2,0,0.34446391692893813,1.6438923481379994,1.2074319171372225,deep
327,29,0.9140928722749371,1.5088054604369605,1.9796329016607843,2.694293758691692,9.511779091642607,30.801146466398983,6.515033533566322,3.4399963791698616,0.1203123013705553,13.869490720708809,1,0,0.2345585836866671,1.358432920695169,1.0523323266148867,deep
328,28,1.085290794886339,1.1639503071139936,1.985468849484152,2.4947736038967756,9.58155808936323,28.326980559369865,5.434612455955963,1.3987766331114062,0.09915312197197063,17.013617907173067,1,0,0.4760968936553985,1.3778915332572312,1.5831620372427961,deep
329,26,1.0958749330365607,1.1390892535180315,1.8503665007413093,2.506941883685912,8.628909002369358,29.580242261358233,6.795459201446064,6.22925414868817,0.06313342461667734,16.222040278926343,1,0,0.35548955217123357,1.2684383859846,1.17881808087249,deep
330,31,1.0269539665826024,1.2541408427072938,1.940175271361755,2.474031868929385,8.96621688779975,31.13430434906133,6.410081159311236,5.28529714241296,0.12630025745248744,12.372535261044924,2,0,0.1589998101624562,1.9044486863060508,0.7991310624760717,deep
331,28,0.89522016434082,1.1335270521868865,2.0389817117168745,2.943937546896654,9.434154885824796,29.608661126896518,5.421991530186677,-0.12476329274299935,0.07715522551624682,14.635937851102721,2,0,0.33415762209216154,1.8115962188763104,1.3231291831347365,deep
332,28,0.8703197505782382,1.176643310627269,1.7660721984666248,3.048183071583966,8.983104884856624,32.121097854692884,6.323781609832354,2.0635964849459256,0.0909721743809982,19.64211836676001,1,0,0.2067911582123029,1.6828525898026268,0.7318958164356958,deep
333,28,0.9107228311737068,1.4808891463259892,2.3654902394063533,2.7641614415614773,8.366584316272402,29.932699957696435,7.20422621426048,2.754055367844249,0.13077395118862278,17.597582373640194,0,0,0.2724616915316673,1.226660275965298,1.1963417058556418,deep
334,26,1.1380201261705138,1.2031471328371053,1.8849293139597088,3.2767534616858347,7.836552151244171,31.0327995762224,5.580101253634355,4.637221302662323,0.12704416407006683,11.589357905515792,2,0,0.2586948646161123,1.8636778494025288,1.1239635827838634,deep
335,28,0.9474675555716412,1.2394717586530446,2.388960922430529,3.2608386694975793,8.991093450643614,30.49942531312815,5.687648965984656,6.399437034120116,0.07497179729747441,12.176009264195686,0,0,0.1952235354438549,1.810940393370745,1.079377991939707,deep
336,27,1.0068617981062147,1.221509495099445,1.9352400102946796,2.9291339187734304,8.723588808856455,28.930908490434298,6.494685645244959,5.499340562782975,0.07838730171920057,11.48244452743472,2,0,0.21922773791438982,1.2663369045671422,1.0614462990394444,deep
337,28,0.9769540492902861,1.4017926367765536,2.089903566463641,3.3458490165680064,10.118998147397502,27.7416128019323,5.77800755521667,2.334322877396075,0.14370117985180259,17.682379242004018,0,0,0.3881361217874865,1.81299060058666,1.464672521282137,deep
338,28,1.0860935974115444,1.2206423569998361,2.3639610252846985,2.783158969072702,8.049007592256391,29.32015944502879,5.879837434474677,2.682078948368752,0.119922167452925,19.044712928405957,0,0,0.18439665329021795,1.3546738118684245,0.8489974694767277,deep
339,28,1.0049832989926846,1.3533227530909229,1.9615049910039557,2.913234803334356,8.90690138783426,30.765638124629294,6.314741042263961,1.407527980284343,0.09944911218781999,14.834289308139109,1,0,0.16823607460704282,1.5959564398957922,0.7631217279087084,deep
340,31,1.1267794833042195,1.1168700608634696,1.880595499272987,2.4684830281180963,9.728544251420198,30.0840229613145,5.050424347961187,5.193084944875983,0.08582768086786434,11.787379840061934,0,0,0.5410856539508095,1.340451738236121,1.5480532551825963,deep
341,29,0.8917493501004542,1.2605337423235916,1.840346301469856,3.547689899674065,8.83047130662992,29.04143250855926,5.6950893571514785,4.052715260445507,0.11187004149203646,14.233250449792239,0,0,0.18696233624380804,1.920541685666813,0.7575447061797671,deep
342,29,0.9609845498408667,1.1128677390520445,2.3061265858541082,2.771865369265123,8.538281452386544,30.23581757026716,5.347136346795085,0.3168065794276851,0.0659536427931745,13.143736172288314,1,0,0.14414307153218373,2.0643559327866976,0.6886702027086438,deep
343,29,0.9245574225919553,1.275086405563056,2.1354128812794713,2.948785011772484,8.637993765240562,33.12976754138103,5.8105678091346675,5.7594243510895655,0.10304231396060723,17.492302597349465,0,0,0.15262763784994146,1.5613668834393022,0.654779486344544,deep
344,29,0.9089171850352098,1.3062385981630094,1.9751396159583297,2.9297563175893195,9.213467834047055,32.57002693282195,5.405940953141386,1.8730499748446001,0.11393462466344631,9.186948078417704,0,0,0.19398573090817287,2.2023833414068856,0.7721155967203337,deep
345,28,0.8523371037324999,1.325056764021759,1.7625461609640372,2.5695458335040495,9.194008226541355,27.331538118562793,5.175851067972759,4.273942305850006,0.08837805822973399,14.268910132482194,0,0,0.3524903852527359,1.234941085251939,1.2190107321885986,deep
346,29,0.8126965764166705,1.2535045297273983,1.9035922591707337,2.6039128173592325,8.836345497975552,30.237161173580144,6.558416562954353,2.3723981983448956,0.10257884190783326,11.301556985652788,1,0,0.19857262984018995,1.7759811775433376,0.7527338786531286,deep
347,28,0.8524107508154101,1.144163611227856,2.4671010377415943,2.988953078024983,7.818859844493625,31.59094965762575,5.137016604640349,2.8731698697948223,0.12384204932759783,11.094046598886761,1,0,0.337750076529826,1.5169989554611785,1.4171514148119733,deep
348,30,0.9008907413814043,1.1684512754400347,1.8686589804729445,2.8938176575660215,8.89601905465899,31.91071823646385,6.47757087684405,8.63565525890511,0.11852397603806414,14.25151986030336,0,0,0.21847239812975838,1.9013817350378561,0.7011656631812394,deep
349,30,0.8795052308848685,1.344050962400311,1.8297812330821484,2.6116451614199794,8.384687638814432,30.082700494652947,5.1131285140727245,5.449390772931815,0.09661743434679007,14.818919092800957,0,0,0.20222467905757402,1.5401065921952584,0.8890236075500741,deep
350,27,0.882060834306514,1.1387459301171745,2.1563317622371034,2.7108957918357635,8.903010982922742,32.5509739668703,5.165422480632415,5.200215371899689,0.056143971910675515,11.471804624247266,0,0,0.23570705597165606,1.691316440479355,0.7726717860697965,deep
351,27,1.033093980163236,1.1107898784592305,1.9543286784913985,3.6401633378614098,9.140005098865247,29.232445180870595,5.5858239655249555,6.225020165918501,0.10721214325986371,10.291151797950732,0,0,0.21003172605966255,1.4957223016578398,0.7493094902859552,deep
352,27,0.8651146369675848,1.2198893871689598,1.7631146423216326,2.9330453274039034,9.375778545235196,31.470915406805382,5.187113378101539,-0.036722788296173814,0.14079616004431725,10.64670874338366,1,0,0.15915992712746774,1.6500505912540593,0.788900801326799,deep
353,27,0.8912498017001197,1.2982083277512224,2.364805374123613,2.9592094936052478,7.945066655867543,27.263824262524253,6.320209743284923,1.741232287067727,0.1023276005788245,12.13572079096235,1,0,0.2940549932259664,1.331091752660721,1.0388897613152037,deep
354,28,1.0676169095926675,1.2808614694305231,1.8716716442739525,2.7207131515119594,9.790449281124921,29.56858340467041,5.505844631857724,7.39252771445952,0.06376598465722827,14.769673877198915,1,0,0.3427402959286502,1.2294559138108148,1.1861688669527712,deep
355,29,0.911879423600224,1.284325494405425,1.8650462337797862,2.857053530759461,8.148637093159923,30.207760149261315,5.725999236109255,0.9075468027429534,0.13712082219355917,13.033475621120067,0,0,0.2413086023111739,1.5172368090167456,0.9935864859010085,deep
356,28,1.2669820918750165,1.1175835455118284,1.9320362358304177,2.899007432375226,9.652365227399368,27.790983153622822,5.590957737032527,3.7290702535820732,0.15299339769021575,17.891177378542867,1,0,0.42327866416741444,1.214512405669556,1.4470517550901323,deep
357,26,1.2533315279236463,1.1458058320295244,1.799311116472687,2.523309032749099,8.330298118180602,28.535121681113434,5.115939214549719,3.8175025453811573,0.14770201930613316,15.230007817240903,1,0,0.39944830236395384,1.3175255757368225,1.4680744598088062,deep
358,27,1.1063015062164907,1.2613400334346194,1.8680460011639435,2.8335422802745938,8.859928865732616,28.927538356359076,5.945158400619494,4.664280317113487,0.0627783819297446,19.453098053011654,0,0,0.3059411024260003,1.9898972262642323,1.0172791870432834,deep
359,29,0.9542730770973521,1.265779500881722,2.0368551094743386,3.285768572405965,9.438051341832379,32.71938415587176,5.53465659507673,0.11867390592600824,0.12989904741905733,12.67703836935983,2,0,0.08738406056929074,1.313456723261832,0.7476448662616467,deep
360,28,0.8752692659762097,1.1406817103718032,1.8695557152475737,2.96613878697218,7.843720281578322,31.402807717624984,5.652832963977988,6.459187249909791,0.036655852108173015,16.44342076772528,0,0,0.30362735100231686,1.6220841871228309,1.2150548165627966,deep
361,28,0.9556540461125772,1.2896392055149193,1.815942526942471,2.55541647878841,7.892240276232719,32.82966535701667,5.905438959488707,2.047606645963781,0.08330599107000186,10.808258301233309,0,0,0.27668650603921874,1.4097247087465852,1.0691675929287576,deep
362,28,0.9036611219046126,1.4409375507526618,1.9824815269580727,2.8304310521612113,7.847614386466882,32.45294796100296,5.104630587927042,3.6134178030073523,0.12447065710328697,15.246347579204949,0,0,0.21049186455245414,1.7118371472308018,0.9586455351549507,deep
363,29,0.9980372502964131,1.095248184288737,1.8756631401789416,3.0798646072415194,8.982271278383267,26.840231802131168,5.730987314178307,1.6034734101666748,0.10792514058223658,12.077856806992214,0,0,0.38228276684016554,1.5688981321946756,1.4714719176971665,deep
364,28,0.9023488216904254,1.418888539159987,1.98292843311088,3.0262661839117375,8.757700554999328,30.120182208072073,5.501001244439519,0.9424046027479074,0.07798509115038373,12.166696732778641,1,0,0.2934036233982047,1.204762185036202,1.2070241750961266,deep
365,28,0.8248011799239707,1.1297484442903014,1.8649242935949735,2.333910606785422,9.138231847148113,32.427531010671125,5.06573886182035,0.31886826998563134,0.07275801494408084,12.673414012783361,0,0,0.18215639878991646,1.4911372269181336,0.6392962755213243,deep
366,28,0.9065507794673424,1.0919104567686364,2.189122661019641,2.5601354385540134,9.003018095866995,27.998583101128638,5.258906064965291,-0.9230131884558208,0.1405695525923631,13.260440295263875,0,0,0.14153965371580446,1.343645383746954,0.5596963532018715,deep
367,27,0.8636307465326198,1.190162379969083,1.9598266396981185,2.6751920939308462,7.841612285411054,28.47387307818025,5.38152514674088,-2.1068133447388946,0.08469164245940503,9.285080647103165,0,0,0.25250292977283323,2.897597597672325,0.9980058745209129,deep
368,27,0.8296871840186193,1.0032437767589377,1.551748704312773,2.5237376059176033,9.600146183951296,31.73980195890761,5.055539112054463,3.0551263099254675,0.08122590469865372,9.238074117102945,1,0,0.34784104549293626,1.5682924418707282,1.274880118383455,deep
369,29,0.7793741476212457,1.1135542863017296,1.89992120191005,2.887686584519974,8.389015128684289,31.152670516461814,4.86958649699802,1.1683650741630547,0.07157709877647314,7.620812732639115,0,0,0.24250845115152328,1.6232693885750682,0.8039097485997725,deep
370,28,0.7504259283795993,1.003270773620166,2.225824331970703,2.258570165538199,8.27561863244376,31.748685766265616,5.005509909269544,0.8751950905665489,0.07352875172067963,9.354700056972666,0,0,0.1732414354176056,1.5248265409037924,0.6691004590981705,deep
371,26,0.8243260898785204,1.057321339550967,1.657356392506852,2.4604898041091703,8.439880379217042,30.52937049252256,5.933302401463538,4.768692485312318,0.1067645834570595,11.200031248817115,1,0,0.23209111408234948,1.380979622634808,0.9504596605912323,deep
372,29,1.153823533510747,1.0670043705264767,1.6344897996417227,2.19024791200483,8.190267303221182,32.045386961975765,5.165753790885282,-1.4648126948261195,0.09525681556713998,10.436122553267518,0,0,0.3459190188691562,1.499724188623668,1.3484167211512599,deep
373,28,0.8197132504271264,1.3062665234252364,1.751233105284255,2.9651854749456565,7.869116171447729,31.321358616857342,5.384832855240799,9.444832628625859,0.10402020023721206,13.393502190515296,1,0,0.13233168799471567,1.6237739394009107,0.6337158715042795,deep
374,28,0.86953537126118,1.4593262371936593,1.9422900660631122,3.0261014130682993,8.38770467461741,26.509799881516525,4.799708622307146,0.04011146248983177,0.07220636045284573,17.79522266596331,0,0,0.1846483155349595,2.1769085519422444,1.0958765329542115,deep
375,28,0.9096443676157537,1.0594803537752686,1.7818347108748929,2.794993503492819,8.761246831132034,29.863691872614638,5.271332981906035,1.7570301534808692,0.13028771432615083,10.447133037958597,1,0,0.20188291094945404,1.730345805118414,0.6143952004485292,deep
376,29,0.8172148772511951,1.3426627218860228,1.675165594820827,2.452016010705247,8.51088261402673,30.547751052167328,5.0063772432133264,-1.049175479581212,0.09372847715951314,8.552816766897406,0,0,0.13842779968608643,1.8842816173699604,0.5218655128656545,deep
377,29,1.0557700613052088,1.128704167758781,1.9980272763540912,2.357288396906608,7.214557020315774,31.59176151272246,5.80570425978473,4.121489958859654,0.11550705630676061,19.340390936808927,0,0,0.12608718648921335,1.468455463486901,0.6294932250578836,deep
378,27,0.9243508383543213,1.1380539031424008,1.9375752197511578,2.7839090812020038,8.007780785071104,28.0577364183335,5.38750621329255,2.660351390827122,0.14123750715389485,13.307661728053223,3,0,0.45481732619395737,1.9780561518108937,1.5756532406791028,deep
379,26,0.8931149524032435,1.1437668207655016,1.7195530949086066,2.3584465668369785,9.254179574770095,31.87420750992008,6.703507303930176,-0.8918843648537877,0.0976460863820954,10.32125002162961,0,0,0.1299192338345125,2.277078239318014,0.7650888136551043,deep
380,27,0.9164297679529437,1.2479012058227101,2.249806580406906,2.5102631328995035,7.1398786429712855,28.86788080904043,4.930055431756413,6.301507917194182,0.12928850735862954,17.269322844335264,0,0,0.09997913357502232,1.385482286437814,0.6024646318806326,deep
381,30,0.9045442934396164,1.1236079677879776,1.8720097351342329,3.0478039071583787,7.853105754257817,32.273654639707274,5.129348798124815,2.313867464214631,0.11890703958535548,16.570805611713272,1,0,0.08621618348804673,1.9922460024674256,0.7350484124576012,deep
382,29,0.8575989750397581,1.2290054915533684,1.895595045190295,2.5039673367786026,9.52339894958196,30.796277325589486,5.427811377466757,3.679231342694077,0.06256394046499711,13.085533945930372,1,0,0.17066299112745714,1.3655592846946676,0.9708146449921045,deep
383,29,0.8527431705844007,1.2166440265214997,1.9604944920043357,2.5766339806827205,7.536980698297673,30.406582416950126,6.139138566512224,6.162313816624229,0.11967925298163744,11.202600543189337,0,0,0.16746381262826887,1.5404523950886218,0.7154819565152977,deep
384,27,1.0053275215460167,1.4177574908625896,2.5315790605169184,2.9450714152967143,8.176306846113963,31.69909157078361,5.962443078477797,5.310430220004868,0.1297539488477471,16.677747525054276,3,0,0.4452442386822842,1.9148145130127916,1.5668746296262464,deep
385,25,1.125332302424792,1.7459423758306272,2.49716685471584,3.703210617719679,8.516744312673142,26.02474377101904,6.484802042422754,3.2586102317329253,0.16608050832495347,19.145399900026895,1,0,0.4832460591518892,1.293465519251554,1.5532233223968848,deep
386,24,1.2899762320503632,1.738616790757435,3.192190993248774,4.345265470942622,6.630692977812122,28.71128010854904,7.110997143939661,7.56407587730623,0.23272885979213148,24.463609402110716,2,0,0.7931887783124751,1.5229237028460259,2.5448624214239493,deep
387,25,1.4637894852520603,1.980609746143665,3.5763357832943226,4.485895741842862,7.24627726184235,24.01096433272502,7.763348543101407,4.875466164295287,0.25503666941987246,29.26449699542461,3,0,0.7514816541621326,1.8187243341521384,2.4992085976905005,deep
388,25,1.7107886080277956,2.30098214517714,4.149560322140052,5.75257475328487,8.209294329479556,24.30101876706927,8.664649086405513,10.906845654238507,0.30442954183806725,39.26997515655357,4,1,0.9611584436578169,6.11389298284109,4.525479044436699,deep
389,23,1.7039245992869196,2.320182956113576,3.929555541984163,5.325780481034394,6.894100196987107,25.527179023926813,10.157067809070558,10.867079527305071,0.2898382810104676,41.84759996345956,4,1,0.9491014542702723,7.261829359003963,3.612165768606819,deep
390,20,1.8610255151040145,2.3862246399208744,4.232662235774756,6.181314824866172,7.205389772607895,23.39211148084691,10.541853206901438,16.066907623578032,0.34653622517608396,42.03300996805764,5,1,0.9539521561899411,7.229270894598917,3.515832904470905,deep
391,19,2.0120586024272336,3.0344186685706926,4.914507980716466,6.718500115905836,9.097588026560038,18.660073066330924,9.984547535035984,15.206362080002357,0.3686904172702913,49.33706469344684,4,1,0.9903604331139302,7.505692860921886,4.176668221324734,deep
392,19,2.0904143876816836,2.6796117495245033,4.916126699964476,6.623879499875514,8.048836877319118,20.87095396720749,10.747633610200305,19.43974587490891,0.39441008406289385,53.371745008485874,5,1,0.9574615211911429,7.89134468747813,5.045896534724805,deep
393,21,2.041743165098362,2.5455840436552215,4.6781097582646805,6.290938950251081,7.523384373551101,22.519029986349622,10.15329164002473,14.505949001749489,0.3593963183520891,55.77159653375105,3,1,0.9888023037997014,7.571306861453183,4.031590228407212,deep
394,20,1.8304044985700514,2.4786336017008095,4.543496913563013,5.795899479415411,7.130237213592178,19.73765107251737,9.952181132377452,14.270307903988467,0.31315220376075764,44.0396466576145,5,1,1.0,6.849120022060293,4.444414683750294,deep
395,23,1.6903097369054134,2.158787245113857,3.8956875968850513,5.6428106398379745,7.805901607890815,25.531548396964332,9.191929973937174,11.282393673686151,0.31733678456299275,43.27068074364427,4,1,0.8878609546368225,7.320554492657961,3.3893157346546112,deep
396,22,1.7518141417885322,2.4425253642927296,4.144980861814007,5.6186002402061375,6.55525724452944,21.507545813729863,8.312795045914445,11.921104692767326,0.2935678717666681,39.26439405286987,4,1,0.9180365872422621,8.754772588519328,3.567893140362797,deep
397,23,1.6908690143562226,2.1634396153393274,4.271596520648724,5.283339384928561,7.908930667343013,24.584328876111915,8.602864207261318,13.253114361974884,0.275041359949842,37.06593401057773,4,0,0.9511520756313991,1.700018338135449,3.359927337840148,deep
398,24,1.5958269603326678,1.948738923220642,3.735158173287639,5.286330780525537,8.198341987674729,25.17749965807968,8.619485226333392,3.5818971215919833,0.27559896547720175,39.59819405905725,3,0,0.8569530359210996,1.544362568366363,2.8293640376970366,deep
399,23,1.5833919643122667,1.8817444154400194,3.4483938085700587,4.823538516316746,7.76615681940404,25.57376180413454,8.608149600130256,5.548006549500766,0.19374576004049382,37.79922767676258,3,0,0.7484781888636118,1.308747446364865,2.3652050556922792,deep
400,26,1.3714279700928809,1.8676341812672919,3.4750738140119193,4.373107458452545,7.0976387599000486,26.17511136049117,6.705798196639032,8.76215240356978,0.24144144554212044,26.939601906561585,2,1,0.7134027027624336,5.502036190046041,2.345328255676466,deep
401,26,1.1614437895222114,1.593058795235257,2.828272234992012,3.6650728056929034,7.257067226610136,27.363462696634638,6.563921374343011,5.816269897289477,0.19613979961851485,23.402971312645032,0,1,0.5084530837430379,5.029961630296852,1.880796812314033,deep
402,24,1.2287064642163419,1.6121762156977317,3.159696536057027,3.8203957162723707,7.039223172622857,28.244270644132204,6.565517238175681,8.783944191408885,0.20197941942071804,26.975938006288988,2,0,0.8124626704986312,1.2529802684590259,2.5661052633145225,deep
403,27,1.2861404790166393,1.872788057381178,2.884378077516799,4.419318839987565,7.268929120026085,25.179470903644994,6.569089400057151,6.888922553009229,0.20511803479527232,23.660861461420755,2,0,0.5686768667827587,1.2429432489391492,1.9335769758282653,deep
404,26,1.3111062020143947,1.8052553305593804,3.2338590606907096,3.9370513060110977,5.824614644250192,25.98393004233061,6.577610429775058,7.1885736065072825,0.21841729307510677,25.41034425769203,2,0,0.600760014852851,1.7108181033928487,2.043511020377195,deep
405,26,1.166007549063604,1.666740467798781,3.297463548046218,3.5166622731091906,6.170029125642886,26.1207624616668,7.388836219104531,8.59709044046064,0.15189335371058493,19.447236138412975,1,0,0.539759954626979,1.2534961917758802,1.85578587451483,deep
406,28,1.2159133775241182,1.4871583554182464,2.856619938196192,3.6220075680222896,7.793911873438588,29.247755549592092,5.987570181597078,6.037553134987234,0.14966444271128782,31.765101956680034,2,1,0.38650983359706104,5.098914366091071,1.5066888320728207,deep
407,25,1.1025173763909164,1.5349922032129535,2.322989485497801,3.0827781828328447,8.021324015597502,27.984745840888735,6.452502146118055,2.3808976809143716,0.1505074163978399,18.856190719116967,1,0,0.5951365395465383,1.27834340548257,1.9825355817330435,deep
408,27,1.0667626365680298,1.4185634971882817,2.8733629166109025,3.2014600257145505,6.451508176535047,30.663860089047084,6.60854336896019,0.27651302876174366,0.1618633340543132,20.597228483295872,1,0,0.5209621846301753,1.454442083169146,1.929810193524748,deep
409,24,1.136120938311255,1.3676111192813192,2.416774732176733,3.1641823883467532,6.229551388701605,28.70985459041725,5.7807097078562135,6.689929984681649,0.171754608443072,18.439646094005447,1,0,0.5523303969914601,1.757374099541234,2.082564681752729,deep
410,27,1.1511192062735733,1.5125258322926647,2.5747375803445087,3.064087069930903,6.766687950344619,30.195241543126812,5.8491465060403875,6.189647127111593,0.11115930248104947,23.664553413224027,1,0,0.5693854600852823,1.5761006139502667,1.928038685554929,deep
411,30,1.050695717503009,1.229160157740873,2.010467015013407,2.7148601649431097,6.503939313185077,26.823855335476424,5.079085085848258,4.214403937819579,0.1349646484669108,16.838290073239474,1,0,0.28390813992649916,1.7111492767812768,1.1207854737320404,deep
412,27,0.8768109250837705,1.1680005930227373,1.9144904726314327,3.254150861800808,7.217939202324507,28.882055142644973,5.685933566089417,2.846007006636469,0.09305181984867976,11.14183577640778,0,0,0.41234165847499005,2.0644028538866253,1.5173533326593367,deep
413,27,0.8952674635217868,1.337235848792002,2.131320011050393,2.5950894935293225,6.78243440474785,30.22307587276315,5.908680649540114,3.830559358391099,0.1127336927747219,17.77817592329192,1,0,0.2030814219491248,1.5451918350942555,0.8263052508450214,deep
414,29,0.8715330518296212,1.3239515654535432,2.1893004763941564,3.2426412767564994,6.351690233564736,31.40100454285167,5.899666783169353,3.034177700473962,0.13905406113343713,15.527234755397835,1,0,0.1596663892012274,1.7785758049539782,0.849748255879466,deep
415,26,1.0113749947742958,1.2508245069400528,2.274673362891105,2.6869668928705797,6.4191856076643905,32.61643203397056,5.688689749579896,5.887740574049699,0.14859894313952343,14.086218975190292,1,0,0.44916790196973744,1.719038411030691,1.5810354457084708,deep
416,28,1.0147453375764717,1.2400743942597987,2.702084409619216,2.7591115633625676,5.252811829396383,32.09360612942576,6.327330693958968,3.5199790689026083,0.08400586610907321,15.517470282185947,0,0,0.3011381692712099,1.3526221301911332,1.233669227022167,deep
417,30,0.9854198516005406,1.222467414060205,1.888143666580205,2.6670718044899977,6.532900155663156,30.217001094765727,5.160478513225648,1.146695857560038,0.0858098632144322,12.005767405213438,2,0,0.33158694495724,2.145096113155983,1.254631060036308,deep
418,28,1.084688642255553,1.125145518622535,1.8906356108214146,3.0624802001613323,5.5790669785492195,30.26610928781145,6.711299688440952,7.313554168278133,0.06569567092073322,15.457729042708277,0,0,0.27487375975186396,1.749540905302796,0.9851566256057092,deep
419,28,0.9089952384114641,1.2200917669158207,2.124068818022097,2.8772858280731217,4.84044920056706,27.886124733681413,5.056733972125935,2.1696436913605517,0.06816919773567204,15.467467824367617,0,0,0.2705280678135146,1.5456345075427642,0.9738605889298413,deep
420,26,0.930218187280649,1.2294976390849826,1.7445626576694704,3.57122000619036,5.947563230227811,29.555092863946594,5.113290201387108,6.092462144294183,0.13412284894107135,13.482257680757971,0,0,0.23758814700760056,1.3602283450362274,1.026759783824748,deep
421,26,1.0254104887574615,1.2091717988513861,2.1809393728525404,2.76405117617942,5.485494207204165,31.403384972540877,5.821174459837623,0.9235349267963748,0.10068973857671343,22.398961306519382,1,0,0.20198947233309666,2.09057187748584,0.9597631177145998,deep
422,28,0.9032885238398355,1.1276871330487057,1.7553376085139287,2.5289557806622205,6.660696394116476,29.06951185985526,5.0579894679809865,3.4169464813894024,0.07874738842762358,16.356812855763938,1,0,0.23998625618330888,1.2920934913056956,1.142035593722615,deep
423,31,0.821204224034678,1.2780881321031816,1.727547245054433,2.4100147410939425,6.31856812561118,30.243353596842,5.00721529949817,2.4071153456778536,0.12468099747347244,19.467942743867244,0,0,0.23801424397825516,1.7050894969572519,0.8656518395450199,deep
424,26,0.8802042358153671,1.2273900255642312,1.965440338800914,2.5437032065321077,5.669113321078496,30.53540375126738,5.435896353530179,6.019963587883064,0.09809875082313943,18.143288090432165,1,0,0.1883996165791451,1.4001818602943326,0.9187699948952004,deep
425,29,0.9043081891005222,1.2163843712009135,1.9344425732581416,3.4170917034862196,5.6951570381508665,32.78104650156091,5.645697983485559,3.825344388823132,0.1016523286294106,13.233403594764821,2,0,0.3291724676813141,1.432269046618734,1.3278569001557319,deep
426,28,0.8131153964393093,1.2553617573255123,1.8677123638227648,2.582855978203677,6.355516375491623,27.377444063965534,4.987475818895078,4.234576345607153,0.034128018722258485,19.689181378777036,1,0,0.26111488110882114,1.4772578227967847,0.9842887673998679,deep
427,29,0.7987747340957849,1.1695863092882024,2.4028122529193503,2.7529276261349658,6.542860391270676,28.63553615543358,5.323372343828384,3.9377514266831817,0.09762000224471729,10.02633782782642,1,0,0.21178130807278164,1.665083116958141,0.9448290887984674,deep
428,29,0.9897950343212174,1.1759670117271477,2.4109670846982354,2.4863849545364105,6.13689182488514,29.531344308031024,5.754633072181557,2.324056860751935,0.13178565281586413,27.500434494767,1,0,0.21314148201851862,1.9478522591446952,0.7595245713398959,deep
429,28,0.9926586147627233,1.1718564608624433,2.8190885071299894,2.7914552851673173,6.205820058296189,26.607441756681627,5.847117206431358,2.037274458353533,0.19748118091233383,13.198307158386276,1,0,0.4562245132157488,1.3486695535809576,1.576965280651329,deep
430,28,0.9405608335423856,1.3151686168636347,1.8289699802964878,2.9198978065331405,6.030996317931609,29.642425854228428,5.93252051542995,2.440300247714262,0.11848030363428161,17.71458300473378,1,0,0.17257998171696362,1.391488637824192,0.8646571425083394,deep
431,30,0.8660361279984415,1.358953208041094,2.2595467356000802,3.1886508043381285,6.164152528355228,31.381417615997883,5.599967489179144,-2.1301251504735355,0.12347968327530562,11.82799904216462,0,0,0.21062758504541435,2.026741542071391,0.8552087711834145,deep
432,28,0.9280348125328899,1.2105370110634643,1.9227118535648138,3.090079307763033,5.98726936346997,30.15752188095261,5.666673728480114,4.827666785227514,0.14478852361748779,12.709154099887591,0,0,0.3787576041966637,1.8309652001781795,1.4510157932760588,deep
433,30,0.8392007580689639,1.2850792491689236,2.11133395379652,2.4234036304523148,7.0595397722825055,32.04571954081359,5.648416365235783,1.923575264667742,0.13176745770926931,19.853259540728104,1,0,0.20601384176052104,1.5449537303706136,0.8703731547065685,deep
434,29,0.8647798675772388,1.3453889855943741,2.0688032506674348,2.7591401310927384,5.015812262541906,31.36232931222914,7.4006795875147375,3.9602941530283187,0.05837541034164362,11.550866792748003,0,0,0.0972152974959726,1.3146291710473197,0.7277065705701722,deep
435,29,0.8904244963335404,1.1461690852977306,1.815264964032236,2.461935874187411,5.542446681620031,27.677222972457308,5.065824446170165,3.4221269202099136,0.08806042776266444,11.051395542342465,0,0,0.24292281463537854,1.6935578351494887,0.702021967958763,deep
436,29,1.1923814123839545,1.4785334273331243,2.009312274206627,2.6999832561844874,5.249784071585587,31.808247124353922,5.522697193090382,1.674014714887462,0.1200532793792094,11.705177686735858,0,0,0.2180257476490815,2.2419608648600597,0.7980252492709239,deep
437,27,0.833936170382658,1.1043394763615226,1.6775273531354267,2.853663193407699,5.110882660109937,29.89663299930632,5.954733303700255,0.17395960577213687,0.14492074090693075,14.618024126157081,0,0,0.19961560213834917,1.8066267684904664,0.7965455159966726,deep
438,29,0.8340348538951396,1.1278790319398326,1.8571074533738021,2.402658271377773,6.590131428422655,31.70683446257985,5.209691404296896,3.865831386673078,0.1213856553704426,12.672163400260416,1,0,0.1805648675449893,2.1241541307787974,0.671356442968325,deep
439,29,0.8658383882989207,1.1181121988820337,1.8028708999299663,2.3728299902127796,5.706070433750497,29.832836872349564,5.173083966769665,3.6204300063497903,0.10108764572528581,10.563350323955628,0,0,0.24634550320961324,1.8345930459528703,0.9770704513847777,deep
440,30,0.9127770604260156,1.2856124618838476,1.7708902933305457,2.5896477568755247,5.229247966240822,32.644336013772616,7.086663729011837,3.83972558580338,0.11123366421836653,10.004856681537259,1,0,0.2688710110691116,1.5700414576757917,1.2190351883971209,deep
441,29,0.802794038099059,1.220318049482453,1.8972229065619417,2.8377174885105534,5.545853820237997,29.248669204026417,5.729330782708843,-0.9584563397000414,0.11800598812672575,11.53917690030277,0,0,0.24924248395537077,1.714058991872896,1.1771020618197015,deep
442,28,0.9388583837517742,1.11101866851621,1.7138205228752965,2.8051708170622445,5.807428289667046,29.573871013944867,4.7522801631558265,1.0660344492044607,0.09443078500787305,8.68412248085642,0,0,0.21382525976371416,1.6710662087352952,1.0502981699805707,deep
443,29,0.784662991066925,1.3355646133013015,1.5234927883518286,2.4914977670817158,4.811329941722307,30.541027669354776,5.249333795598904,1.3534393499583601,0.07291444432274616,8.451211716517514,0,0,0.13590247782472734,1.3279391347226108,0.5371339234192066,deep
444,29,0.8420274255483373,1.0615967090804688,1.62732209471712,2.2157052158863855,4.761692517316191,30.92184640988406,5.064754781029906,5.163768883050725,0.12563043523597633,11.339226938560637,0,0,0.34207684343414146,1.6265770307459628,1.083458148877709,deep
445,29,0.8142542468932016,1.0590437629171627,1.983728575966961,2.2907712419728203,5.5024031589369935,31.019222945761925,6.032988244439148,1.8291968590075935,0.09605296352215616,11.706338776791734,1,0,0.2800347750975233,1.2096819027414996,1.0285418209991946,deep
446,29,0.9148145048469866,1.176704831781092,1.7490136474810791,2.4063149882898456,5.81886469134991,31.87149725365875,5.326229897854613,5.6152956203869495,0.06482303654465667,9.26350530197083,0,0,0.33441762795733565,1.3907652163955726,1.116467213834799,deep
447,29,0.93590153214098,1.2164464745998422,1.853709555936854,2.3570531835643296,5.07190268542215,31.531082809264653,5.351927053736296,4.548945282400629,0.11635532380759879,12.573633572659695,1,0,0.3747251294607196,1.3204883249871062,1.4550473188193396,deep
448,28,0.8324792283800094,1.10042934097228,1.6671804550358438,2.1846349097126176,6.101507565826678,30.152878001828327,5.3011182025305645,0.5861799393167066,0.1093024160805619,8.469993646251945,0,0,0.20914335179510068,1.4670391108770888,0.7756528769926876,deep
449,29,0.8050456271028257,1.2849893929974188,1.5107974146665666,2.4199549275229137,5.198438772156019,32.40014794572707,5.051869921446134,4.121806967205861,0.07138969190398285,11.471195286618478,0,0,0.28615043588612965,1.4439966383652765,0.9879678479473711,deep
450,29,0.7916480257801223,1.0694437887795396,1.5193308946931576,2.2937615016902972,5.001365948051918,29.64356489841567,5.166588435754671,5.241670052303732,0.06755918086567259,12.27791184329011,1,0,0.17527980231182042,2.280880480241044,0.7393444912133398,deep
451,30,0.9308199541306825,1.0227362881254936,1.541324858192908,3.1470431812340527,4.3930009221560455,30.087483792211174,4.858059990271316,6.167240445006087,0.0688300507714375,11.222342565765869,0,0,0.20818018740738187,2.137281468000283,0.767331410902513,deep
452,29,0.7569986244772614,1.2211117371844948,2.0768174259688794,2.2117248127217213,5.596043826162816,30.477057057065643,5.27564850017805,-0.702218473636484,0.07525370051963158,8.32506844263331,0,0,0.08643399536524109,1.4334116845318094,0.5145643970028388,deep
453,29,0.7454787948011258,1.0362682761176985,1.8471579075579645,2.5692800467722154,4.94903378834145,30.153620415539212,5.097381803620043,0.3257715991539212,0.10595145151240772,11.631903682715132,0,0,0.18247592140033142,1.3935457758232592,0.5890518266892193,deep
454,30,0.7651715370182429,1.2177906847492048,1.540156085989087,2.5592823355845438,5.702685855950019,30.85562092515931,4.523187077351124,3.0803769533974314,0.06189752644510086,7.58158773035031,0,0,0.13272269270614187,1.9303531069131603,0.7837638714473563,deep
455,27,0.7699643538807608,1.3396765596142286,1.6802825993331392,2.5594073137328692,4.650573334277809,29.472913506609686,4.897660442561833,1.5325573451854693,0.12273652442881297,10.479265169992004,1,0,0.21277733087952463,1.4489266807501104,0.999605404513608,deep
456,29,0.7898865009095475,1.041770218011122,2.0730022433679602,3.229012765946275,6.288010542770998,29.098167428576144,4.875835920315938,0.7731267757726243,0.06640127027223756,8.827793794191663,2,0,0.13888305200221684,1.6005935038752506,0.5474786078816126,deep
457,30,0.8606472416609179,1.0937312154233796,1.8984844225939321,2.1427136662142603,5.676674346095848,30.808708840240225,5.024893840667882,6.0005154955402,0.0769368227674244,16.183179659472966,0,0,0.21645110675998294,1.2257981433362448,0.8376849036345565,deep
458,30,0.8938001976086669,1.3158777128504529,1.8321341554995292,2.5612732371369384,5.543323473987914,30.90858604301894,5.182619100146954,3.1414534840152815,0.10808216727843148,14.185297742642563,0,0,0.14337892429196258,1.3946095727199452,0.6097224202083342,deep
459,29,0.9976988916453648,1.0239277781028249,2.3664934977577197,2.5216377081635666,5.390103382748039,27.375249492380803,5.686348800106614,-1.480094321823195,0.11716898986608558,16.823022904077103,2,0,0.3257699462084719,1.28073050021447,1.2170614959056512,deep
460,28,0.857212821463196,1.112265976626835,1.7415465846757257,2.658948487924275,5.595643501815963,30.716887658834967,6.146051707417992,2.5109742930672905,0.10740793496573464,8.932108955218522,1,0,0.20714227167775268,1.2961902331751889,0.704907154413308,deep
461,30,0.968130450176266,1.2595707377434997,2.1454136814705924,2.6777681745891746,5.4456989865644685,30.836795757111854,6.010664042096662,5.820695110527176,0.06132833276532078,18.6093993659088,0,0,0.13066220869525547,1.9954943859093137,0.6337960306808419,deep
462,25,0.8082251113612303,1.0749399268678068,2.0906019699362393,2.525290678983498,4.734162764973397,32.427066366190985,5.5735952796447314,0.4264281723682233,0.07511386184280378,7.619418907256023,2,0,0.19303982703055472,1.808669662539999,0.5174091650696782,deep
463,27,0.9790722194841566,1.0555064464769757,1.881131222123646,2.4439663603512756,4.665896155776924,31.475848613737476,5.597687535041376,4.444108909384699,0.15583756702326046,14.33894856307828,2,0,0.23262525776702558,1.472358414788539,0.9019873174775677,deep
464,28,0.9828880901670731,1.2899627623287473,1.9512015767657194,2.950585478747709,4.513627979611848,29.31087316963299,5.266789843689149,0.8892967082678265,0.15573242063583806,19.811837088532098,2,0,0.20787497031755028,1.901781366576633,0.9097991920072903,deep
465,27,0.9872038590572879,1.2161624826985595,2.185755119277696,2.7784497888569843,4.128205084952295,27.720091512291454,5.330392031882984,2.1028279214175063,0.1107261589063736,12.051938288327776,0,0,0.224922665236488,2.179683712703301,0.9434627775571179,deep
466,28,0.8543387782607944,1.2958191631351268,2.023953086021621,2.552831862453597,4.382184095507653,27.889986722533052,5.927500167953857,2.228904219694962,0.13213039608859548,15.631143454180823,1,0,0.2401913032930299,1.862948284534652,0.8455419717709689,deep
467,28,1.0296846589028332,1.3048462612596003,2.203661420856839,2.782569572502875,6.035556105024666,30.949151497299198,6.127012689384375,1.3500761564215367,0.0871753491198207,14.59760453565159,1,0,0.23679509317942352,2.9160574289427568,0.9979276142808734,deep
468,29,0.8968618543782569,1.2487446826467279,1.8340776795717224,2.4975830830506496,5.993976030080771,31.3364165753968,5.014121743766015,2.4343258535000594,0.16668707567669838,26.158309654691145,0,0,0.29777850101273123,1.210610548047439,1.085409299617506,deep
469,29,0.8790618261513863,1.1557563943714937,1.9118890435541918,2.4028191100746867,4.0758929665532,30.23460371360953,5.414256804714583,1.4335427854588683,0.078283226244593,18.693207765787573,0,0,0.30731641233839635,1.7616144331915118,1.098643727758437,deep
470,29,1.0115376981478654,1.1887637179400192,2.089863226218567,2.5578478083208966,4.489139737395226,32.027104713631125,6.102864163377891,5.165275189490298,0.12012435175926307,17.801476000603095,0,0,0.23450965712306515,2.1919303438852444,0.928967005216371,deep
471,28,1.0117959580849396,1.2552025854179694,1.6499832512608472,3.3964303929802617,5.712834508259896,30.6722353016091,5.718329721180667,4.478421600941191,0.11334832912594864,14.490357624260664,0,0,0.19126272949702422,2.1331729765041714,0.8090329752237282,deep
472,29,0.891813043926162,1.5434311603708366,1.6989003956241702,3.123796806741166,5.524783627763689,31.00567667420699,5.248753509562543,4.356099061958232,0.06897511847572588,12.122200993530004,0,0,0.25502065150398207,1.2019808953255873,0.8039241833520547,deep
473,32,0.8564984923520609,1.241797146750458,1.9138439245104424,2.94053910281948,5.003358757862629,28.270654797323697,6.194301567074033,3.397624846150871,0.07792433426308817,9.430767538464526,1,0,0.21953382201780636,1.3065197331478975,0.7343478237168184,deep
474,29,0.881243951837889,1.4306371619825904,1.7502179645195521,3.1486515711559173,5.897722890093976,30.121128196933668,5.3823955845343825,3.641066980878263,0.14973247293923903,10.165139681507894,0,0,0.23723179589987217,1.690651314215033,0.9775436097668737,deep
475,29,1.033737988002521,1.4050486924198882,2.0484526111048513,2.7002962920406235,6.7359634336818335,32.21960562012003,5.996276780111071,2.7013694466465816,0.10714547329664234,12.161138774374013,0,0,0.2652838800744586,2.0183834098258036,1.063169241977809,deep
476,29,0.8929169846044891,1.2874814482622128,1.8008252224849481,2.3332584910259317,5.726238201609166,26.964512619450748,5.530571569444624,3.432770351286977,0.04073555306872176,12.328821362326668,1,0,0.15419882533854296,1.7096136125963173,0.6919951239747205,deep
477,31,0.8667172818873676,1.1101603682060768,1.9097566505992813,2.5982215591320257,4.665768826346285,30.893781297216783,5.564675166287263,2.465347304773936,0.0805015770679715,13.490053763969566,1,0,0.25358009709308393,1.390688125156744,1.1554492617014809,deep
478,24,1.0501738495963644,1.0842913328489572,2.2828193666088037,2.5956966647643465,5.922883638655069,31.599108431411576,6.279671232233034,3.6451698927009857,0.10379136722106155,9.883378399186544,3,0,0.1385812723117851,1.2657974469523419,0.6925238320956524,deep
479,28,0.8033863127024882,1.3430115697297658,2.1902549609001687,2.556700119149389,5.260483634351913,31.182633350457504,5.0488764610621235,5.615567338389486,0.12158835090343895,13.728427485587122,0,0,0.2699494527077363,1.5337157357672084,0.7627336578569408,deep
480,30,1.170313351096348,1.1216297184336297,1.9859021251236093,2.738145723344376,5.759880763031737,26.92604685732539,5.683951601721898,6.393643658648765,0.07195376798989583,16.379440253513224,0,0,0.26883789969049815,1.393416158316142,1.1831547849803008,deep
481,27,1.036528395475318,1.2966343134009837,2.1458749064536,2.369767962383678,3.8835728679961887,28.56709330206261,5.674102655316045,4.795036931885909,0.09510498341561628,13.869061966889939,1,0,0.33905776518445335,1.4225234055378153,1.338726205414797,deep
482,26,0.869751282682682,1.0953196414650275,2.3303056357716345,2.9617496545368773,3.3243835643243296,29.740741919061946,5.188805102648369,1.1582248643052977,0.10120967764992317,16.679494461189755,1,0,0.15230355915897467,1.9846351082821283,0.6643347459061097,deep
483,28,0.8425323484232006,1.1883507250160867,1.9863314331540638,2.6361761506618944,5.429041871935001,30.82552740521089,6.2028653451981315,-0.6429811330534827,0.1071365310265437,16.8247484567564,0,0,0.15101395169083826,1.5563099944825458,0.6570344524094229,deep
484,30,1.1252840196071963,1.4472036093657326,2.1464185155472,2.739039565901682,4.817990450007848,34.089424940434185,4.946361345293029,1.8308688926657521,0.09064127549015312,10.546653169093798,1,0,0.1751264403030492,1.3481784212221724,0.664765151378926,deep
485,30,0.9271065828033405,1.2619631361119064,1.8892109560036126,2.819807429113064,4.061088690241604,31.643274391030452,5.790796970570035,5.240303966461259,0.1187703941067086,15.887714109816141,1,0,0.3342940825526432,1.4021718310676023,1.2060339012221397,deep
486,28,0.9808190801904872,1.4118857822122168,1.8868957559850146,2.4581591303170605,4.066151888502631,30.11417565233868,5.147794954388018,3.2251568837498326,0.13561422206347068,9.815469700920653,2,0,0.2884404595538559,2.496042802707662,1.1212742949627037,deep
487,26,0.9187245307889969,1.1499273436514093,1.9454577643440691,2.705324707974666,3.999111125288885,27.19966208542773,5.097762458729181,4.823292866938845,0.14822124355679833,17.21104349866069,0,0,0.14789070141365243,1.2438015075275408,0.8517896355421997,deep
488,26,0.8797354938364369,1.177822664191547,2.311784172534942,3.1641105613619382,4.853907838614798,30.965550221413526,5.64061856806175,-0.45260501644894013,0.10615249778955889,14.100793274944444,0,0,0.21475953430189168,1.4523197455031183,0.904501102684827,deep
489,28,1.1354690350234555,1.356914599436268,1.829033225082041,2.8348013423491203,4.898981997126512,27.950000521427654,5.4975295141648,-1.1471780682317285,0.11821661516665648,16.305860148414393,0,0,0.24990693747153497,1.932645392525278,1.2113611118267538,deep
490,28,0.9086141917922974,1.2589416729655585,1.8399870608613567,2.7577761528915734,5.002693879782778,31.265848373513215,6.327782193938417,0.2002902578315222,0.10032630414943566,12.00416997396328,1,0,0.2564507449238031,1.7976234044803265,0.8690177486363007,deep
491,26,0.9236135089457563,1.334897449247579,2.3333484495298786,2.8645042216646366,5.678862922242908,30.229637437067744,5.56456187839809,6.013118567021713,0.14214160806912843,16.38812268048604,0,0,0.42358900844783975,1.8382018596111003,1.4579203013425008,deep
492,29,1.0721081888038646,1.4409794526366395,2.0190003257707647,2.775854209926087,5.558339228208839,29.2560747862575,5.46878306107877,1.7203371662993852,0.14940835683778958,15.245228028170054,0,0,0.2590915297867997,1.7093179581445905,0.9104716369351872,deep
493,29,1.0354981923877271,1.2771433496502829,2.271463844494729,3.727548065989822,4.694847193566516,30.203674342903895,5.264386195468434,5.04746802061337,0.1499704408521594,15.076814290660241,0,0,0.4017544160390239,1.3339706356056604,1.4686728687339408,deep
494,26,0.9312551954050989,1.3271209397344441,2.648096884718593,2.7844333262650403,6.331749244317655,29.329988589072567,5.514100286168688,4.323752550222673,0.09946734573876498,14.498584386737319,0,0,0.4450641085515793,2.1745085459205287,1.5553790800729472,deep
495,27,0.9096483019574453,1.4837033390069263,2.082744084239016,3.0994173515503203,5.980980544502768,30.464075060176626,5.54371641379305,2.8894599500160347,0.09918460060668488,13.413187869421272,0,0,0.2870748981819695,1.432280571901465,0.8881045776583877,deep
496,28,0.9455963561356955,1.2650122347810013,1.8473834166995204,2.706111957566832,4.382744176245151,28.175196203501656,5.133999077343753,0.28044772940350216,0.11146138198375118,11.995640923936715,2,0,0.20635211673477233,2.163021402315049,0.8276114795281332,deep
497,28,0.9123556948005876,1.2083642618144481,2.4302426155345747,2.841139942016144,6.743925117869575,31.58175159828092,5.37021521844014,5.554066372622903,0.09361969396549834,12.691023586980911,1,0,0.2727265846091106,1.2534767346983022,1.225647182550617,deep
498,30,1.1824792961932833,1.1877365092831589,2.6949892597250544,2.9649969907996017,6.041096804703086,29.51318440744935,5.605458008674213,3.4851826800491943,0.08692232882337757,14.26407559275166,1,0,0.306343336541965,1.349492089553109,1.0860067928272066,deep
499,27,1.013753558930016,1.2200516584044228,2.747021363393782,2.613403925926719,5.180995807397016,30.04078928116315,5.24356926372975,4.141521001276091,0.11710390622147486,16.1857584677165,1,0,0.5574380334327157,1.300039435413689,1.7208575932126307,deep
500,26,0.9862214882639891,1.3992429267166642,2.260222527347638,3.327553999165256,5.448355527283521,29.112784829580182,5.9186538617784965,4.3290443252235145,0.08728000895339624,14.078067906913072,0,0,0.23986244015055175,2.0126805881672003,0.9178171431159424,deep
501,28,0.9572603438521581,1.2913628357890161,1.9944432499436089,2.776440034020894,5.831281391817739,30.0017483912008,5.549466607638131,4.394616529881125,0.11973268051871658,17.167908158538715,0,0,0.2908245761426784,1.3071339081832656,1.0261153510475467,deep
502,28,0.99775464455093,1.4947290980187504,1.9944139533695555,2.7511351241905624,6.037081090163556,29.331088056209154,5.919966339378852,4.87133428425974,0.1355933876876587,13.044860309267374,1,0,0.19943388243635968,1.3957194959234684,0.8938989402859913,deep
503,28,0.9055260907969268,1.3193886198378442,1.8896600044868463,2.657961483404685,5.281315890882576,29.44961439803193,5.520257074042106,4.003059356665844,0.07952064827840494,14.193527964493711,1,0,0.22761279860293276,1.7762857722817542,0.9731966064056128,deep
504,28,0.9449114284190203,1.204152754411596,2.0572174430988475,2.639086266005673,6.114630948647944,28.072174161001843,5.349842868066757,3.966907177221074,0.1634418823919847,21.05249962000201,0,0,0.3115870676650873,1.9889780012195746,1.125929865558316,deep
505,28,0.8651465780866077,1.7186370675773972,1.7843100047362075,2.6919512588953944,5.937808390286331,28.256487994834657,5.393141265316367,2.234510381182845,0.11993066703921629,11.194728848233975,0,0,0.24978968754286696,1.9492689053464183,0.8297146264857531,deep
506,30,1.0630934262298641,1.3970027237061546,2.227982868707784,2.5173725144302477,5.394219003316709,27.6844186990678,5.499305912008131,7.7527108360457335,0.14037975476422698,11.282540751985412,0,0,0.12350580979593938,2.2160864667138824,0.658300845987859,deep
507,30,1.0500618359833365,1.1171874617288946,2.090340307221688,2.5880403557229776,5.417219995369498,29.563932221995064,5.193177428221238,6.856996061871152,0.1165015905196455,18.161122306786712,1,0,0.3774806345080922,1.201556977217181,1.4478927690926517,deep
508,28,0.8170463483331598,1.1498036919626773,1.9262783562204624,2.725934018714,6.08530551767398,32.627417186708804,5.889485589898459,4.691404996930665,0.10960712054383942,10.239371944137666,0,0,0.1921745543329752,1.3095431243974365,0.674464171971084,deep
509,29,0.8581596377427826,1.0904418031753016,1.750260360151201,2.5310243575875155,5.030972766365682,30.385876832118843,5.223933259617667,5.217246954457026,0.08838373339567951,10.261799221776318,0,0,0.30590175134635755,1.300629963797485,1.2441892059508288,deep
510,27,0.9255423319799314,1.2591340804835354,2.153919934742682,2.560591706576123,5.917695083273095,29.955410864515752,5.6412384750321065,2.2108660198799797,0.08064015152584181,9.958157192756493,1,0,0.19510163589883933,1.431178080649718,0.9906878830565762,deep
511,26,1.0158758734940496,1.2246680748477234,1.861624761215397,2.8375558485305525,7.287477733784474,30.43139359411707,5.9696346570377665,3.6948071847988517,0.11976948446439578,11.151813357834383,1,0,0.2939688695494141,1.4613145349322674,1.1233034378952027,deep
512,27,0.9343042554461546,1.4979140512939155,1.8735606428159302,2.6405380719748015,5.30636653892029,27.99056551677169,6.567341576106283,3.942846303221732,0.09947303202670033,11.97263901983965,1,0,0.263039440444655,1.403372639224634,1.2408502328512743,deep
513,27,0.9449808277299758,1.2328010195363581,2.072130195796799,2.94779422115745,5.855075383614613,29.047856222156543,6.313542308914023,4.6848259858306465,0.13220917873377055,12.974531466044972,0,0,0.31316504991023253,1.2007124949879664,1.171070862420008,deep
514,26,0.8950391860830493,1.2575501791130177,2.3029489998217874,2.6340522359281286,5.750537179506367,29.604318768799434,5.418649765748532,0.7923952829800114,0.11049013183552199,13.475323137669108,0,0,0.22341207374003322,1.4582787683373128,0.9094679794468876,deep
515,29,0.9611102909403839,1.3040242824725168,2.384652329289734,2.6012418515976568,6.569576499524795,27.99021432849665,5.941725502570761,2.402163574886352,0.05307976760759513,11.525793080529969,1,0,0.4565517937493389,1.5302697743128522,1.6160235425251592,deep
516,29,1.0485360801028645,1.2419137697470615,2.2491087618943224,2.600577675760228,7.401025122733626,30.173935598453216,5.998000758329902,3.0149483419180196,0.12524621033324942,14.831295818286865,0,0,0.222172569871439,2.080371436476018,0.8112107228093922,deep
517,29,1.063741535295893,1.297812265993999,1.8427263374991716,2.5972101885701178,6.623526352406267,29.263111176823475,5.174580237245245,2.3806700733000765,0.06957930640980173,14.224248312927033,0,0,0.203472513837796,1.2686322411430289,0.7940967186636315,deep
518,28,1.0170391111526482,1.3182287673958173,1.9447469444801244,2.7359503041366655,6.102944255302542,31.29876882803902,5.289011982845356,3.2762299136705053,0.09384069501968748,15.730783134749633,2,0,0.14990364502137593,1.3734112269388956,0.8051717297034665,deep
519,27,0.953637914492317,1.2389626853012303,2.0894684750782564,2.6046339820957387,5.739043539876962,31.44972172760984,6.257479466173566,6.693835650516224,0.08413174017028026,11.818588191393275,0,0,0.37318588971953526,1.5054879369411507,1.4736320783472419,deep
520,28,1.1022133685462898,1.1970887838578967,1.8102250483096305,2.48430001301284,6.2583240411224645,31.704697513466844,6.847966364255392,3.170255980828774,0.11010750541781747,11.38536463910975,0,0,0.23994763448549292,1.9882065226256436,0.9470099865690174,deep
521,27,0.8953074365428413,1.245881181751531,2.383191200598402,2.5073405820937316,6.723191881773564,30.013194613238294,5.248987307004088,1.647085872787915,0.10065284151666043,11.411554320153446,0,0,0.15020911677881144,1.4272848005397254,0.7311132566964942,deep
522,27,0.9112378570634758,1.3026635626008838,2.102906171615577,3.445590023479266,7.737794383920733,30.076113890845765,5.912960111194178,2.8881936418657825,0.12110134522306643,14.061927204913125,1,0,0.21618464573023632,1.9635121045307227,0.8131811031390024,deep
523,27,0.8826601558365638,1.3285281217589622,1.9115935741802839,2.986448036514722,6.827805461418605,29.328468385319404,6.300900119609498,6.219688213676317,0.05789381842565961,14.08825510689842,1,0,0.22367095864776387,2.573986353987526,0.9589724479496142,deep
524,25,1.0928712286753417,1.1492942220438125,1.903109664273229,2.8792877723459984,5.206733091895993,29.17093433276576,5.169966752940441,1.728068768656061,0.13491926973518326,14.35388372268843,1,0,0.4338366650923413,1.2171697459785376,1.443557292248328,deep
525,29,1.0348285154216592,1.1857538874283802,1.9857556454598098,2.5536093178064467,6.272274844966879,29.246764088626353,6.233081806027576,3.4578045091948204,0.11847031002394931,12.772800630470039,0,0,0.3642387255541454,1.671678938893555,1.4001428038049162,deep
526,28,0.9344446150843361,1.2540782260363026,2.2456606622947137,2.914102734818208,6.258724817305846,27.72038283492812,5.220776032368413,2.148361905380053,0.13466410196926432,16.829800504500064,0,0,0.37886985373405846,1.4394302898820674,1.2718465195638173,deep
527,29,0.8736339238554931,1.2124275973677698,1.8982542844432817,2.7988252638591744,7.408927525097814,31.663483324101563,5.253939766031493,3.4852128449576565,0.10258551200975606,13.643426437682766,0,0,0.2763255782597557,1.339143590352641,1.0221197510213649,deep
528,27,0.968646646899588,1.3665904740417218,1.9013020404051268,2.688940977490352,6.4363220415980535,31.850843338802378,6.0358670442193505,5.854697635900642,0.1192382098568699,13.305427068159666,1,0,0.3874297741671182,2.2958069828060683,1.3218815708734057,deep
529,28,0.9026900320980487,1.507568339142303,1.868021365736662,2.603815003758001,8.19703201993722,31.348316058917796,5.536580998908943,2.2661008319959133,0.153848297072604,12.691832224066493,3,0,0.21025259583088293,1.4914648106350685,0.8163415530646911,deep
530,26,0.9873170207809462,1.173426275407804,1.83818775615895,3.308540115374348,7.465138085913937,29.153850802957933,5.450918991994397,-1.9015282053037983,0.13427802308904654,13.264354896434178,3,0,0.15977341688106222,1.5760339791739681,0.9925078634169193,deep
531,29,1.0506519112012105,1.4874079612987745,1.9134357931041874,2.794277649771795,7.074313048098675,29.762218806606207,6.955700479102109,1.8072714573766613,0.12657533323816392,11.823939420967383,1,0,0.2674883898103059,1.4658067243097381,1.1691296136437177,deep
532,28,1.0333386164857736,1.4987369158685575,2.0520022941933416,2.7209973611588625,5.9904982368372455,30.917196453985678,5.793817953554056,4.598448499814747,0.14938724158541652,14.337446864745772,2,0,0.3278799839021792,2.1760226292414804,1.3741130038926923,deep
533,27,0.9470902165382721,1.4171057201928734,1.9551050223493027,2.6711513539979417,6.6448711964038765,29.92244495733993,6.821697248434186,7.82105376152601,0.14250423754951386,18.979168284963713,1,0,0.1813832142162463,1.2863828713481058,0.935056363393606,deep
534,26,0.9179784076976353,1.1555862611822227,2.3935700784737968,2.579212743743926,7.165652289740911,29.658822148403928,5.113847092031267,6.357281126030392,0.1439614366489852,19.3542882835019,1,0,0.37010426492964515,1.5125469473792066,1.4774407173942787,deep
535,28,0.8875673959232875,1.4573277104636495,1.8850267302719879,2.4231760136002936,5.968889168171547,30.87126190991228,5.804724164771183,4.417630183616742,0.07126437639403055,13.419779662845393,0,0,0.29216417928627175,1.2906347041106117,0.9477005174682311,deep
536,28,0.8154358356076231,1.1608382911558177,1.8558931638541334,2.7488381676211526,7.698861180633739,27.686846298522426,6.435089352562238,-0.26686155373343956,0.13483326058537357,17.882783342306972,0,0,0.20694724583822077,1.49400399308167,0.8612001164066505,deep
537,28,0.875366474497816,1.3728867582941364,1.748014019696539,2.530396567232845,7.849720791835802,29.82486471780727,5.9969855554688,0.11174098139966082,0.13787217272618896,9.497240883631598,0,0,0.21373340845912203,1.5185835218624963,0.8789948471711047,deep
538,27,0.8482126197049982,1.3959636001560447,2.107156577359891,3.2289158847364945,7.561146753960286,28.919282514286234,6.125456805809675,0.2609186735507887,0.08760034387857725,11.92441906642901,0,0,0.4591334266333473,1.5469086453797065,1.6546173389989574,deep
539,30,1.0360006046886356,1.3536349553809044,1.9239470318749128,3.0202010804708905,7.227141276013153,29.442840978151967,6.347789605823266,0.4394485374981474,0.11851107380959264,11.553689157743378,0,0,0.18697802317627155,1.9275416929985565,0.7583588315717442,deep
540,28,0.9100302982417032,1.1138383095618216,1.9268500201146443,2.935908176571252,8.535666672487631,27.994990969851205,5.001079089463825,2.8285004101508875,0.14812743342930657,14.20892827636266,1,0,0.2262233474554269,1.2384362867039944,0.9859415412227622,deep
541,29,0.9562325873647277,1.3586786071445116,2.123090130037939,2.486379760783573,8.032290393115353,29.533720206297478,6.291198654712481,-0.7865272273840049,0.12447480810752656,10.949301638061854,1,0,0.18020284129627703,1.6972658484712964,0.7680078658428657,deep
542,28,0.9227991256419596,1.3434176208192545,1.7560246322210518,2.607288316338047,5.960992876064343,31.61557009698141,5.267553665983433,0.7033611415350105,0.11027690700759099,15.40923518414769,0,0,0.3243660032081768,1.2946245105763694,1.20343847954326,deep
543,27,0.9602426440747975,1.3299794581819584,2.278554660887495,2.4556766807757064,6.726441417894103,29.732072724589102,5.297884568234798,2.3407646473589456,0.08296755478180719,16.557701330590696,0,0,0.21428620406587576,1.5344581422118577,0.9299473153336336,deep
544,31,1.143967763092329,1.2365636805683826,1.766063135393968,2.6079625264119284,6.407412973389771,29.358830717356685,5.352166683672919,4.4056063432664825,0.08333625696652787,12.616381286205725,1,0,0.2849569650130724,1.297057767658569,0.954677634557638,deep
545,27,1.0495550997139063,1.1508141917801091,2.225994941150096,2.545822434244036,7.42360605195357,28.641514155959527,5.717586435525254,3.3824923858310116,0.11862498005341342,13.499532496838865,0,0,0.4646509087318477,1.5662096385567832,1.6692022489697682,deep
546,29,0.8669202577628713,1.2581715991451303,2.7207284542779675,3.4692764873573316,6.3141372452512075,28.314408216553396,5.971846972913697,4.826297233806978,0.12921385997033794,12.615589607751232,0,0,0.23154223722129524,1.389983753268699,0.926670045080942,deep
547,27,0.8936616217902115,1.179269269568121,1.899341629448263,2.6030439301514807,6.259261123532062,30.367844515929878,5.735116710614904,0.9875088178689988,0.1275457102264818,18.18941955189954,2,0,0.29729093350645464,1.7960519418550231,1.228937861725204,deep
548,27,1.0861264200763312,1.5139819716715588,2.2677037943248908,3.5252033743268334,6.466513811532886,30.392518073034807,6.275969320524971,1.3932236602204928,0.1227998947576421,14.982504690079944,0,0,0.38915629838384214,1.3530050120374493,1.4416950827457033,deep
549,28,0.9972429086483574,1.2875520646333811,2.1779551954795915,3.3012600143641793,7.9700401318931835,30.55921685996559,5.999419903726662,8.79863330052314,0.15350011847535966,20.88945056255526,2,0,0.24800357502166281,1.5657015157718155,0.9574093124489353,deep
550,28,0.9722401997299566,1.4148286036056836,1.8102484152071796,2.794279810628168,6.7489159432106325,29.701783143314547,5.830627216826163,3.2742773230963076,0.09843355211552507,14.545377155183985,0,0,0.21925560245884684,2.415812400785347,0.7459916329601848,deep
551,28,0.9419595319487795,1.2274901332378358,1.765907258843784,2.445631226587696,8.057483024747887,27.46017875896069,6.037786336122493,0.23239323325210925,0.12179589703547787,21.191721524141617,1,0,0.17596749940619968,2.95,0.6989701893553781,deep
552,30,1.0998096679901304,1.1700993852936525,1.8579610297109808,2.8837409561040435,8.57362634818728,30.00117247285524,6.414676081491763,1.2363780729514464,0.1285741344613479,12.923350142948856,1,0,0.19206017373936465,1.8787503919058703,0.7217904481721577,deep
553,28,0.8049711728227624,1.2183497544659978,1.6461653795956166,3.420976148799698,8.332122751390528,28.933103015621146,5.17503153028017,2.6121623827841622,0.1345864701495347,19.15383219014072,0,0,0.16016473479022286,1.4697628297939442,0.5487696922742655,deep
554,29,0.9076595953281396,1.1667837430660144,1.6660132355750887,2.3455013550892514,7.692142618450589,29.91476907710225,4.992187046300792,4.045889647232713,0.1144065919477117,9.552560731310416,0,0,0.1638097623538161,1.6075787621566031,0.6126485531841516,deep
555,27,0.8191858121977614,1.3794491530650754,2.337860065049866,2.548594025965656,7.189871971800242,27.949010816163756,5.638767634110768,4.041982041085084,0.03936341450284045,9.370130274717665,0,0,0.14772411745884564,1.4484604985980307,0.7815398844566784,deep
556,30,0.8859107622661101,1.1660147141948256,1.824136485225657,2.4750897993382828,7.354504481057278,28.161538046044026,5.913369633728495,9.213684309488428,0.08573615119360271,10.802778056504962,0,0,0.24055501646980693,1.36132380197399,0.9915430330967175,deep
557,30,0.8762246277373835,1.1188610585133725,1.797753154614543,2.887565685988449,7.639916821884719,30.065607816074838,5.325926428869801,4.3477035374482025,0.1100822856638418,13.20719901550575,0,0,0.2979904223414607,1.2477226354716493,1.2683631883030828,deep
558,27,0.8126411598354005,1.0932646058383169,2.10601924738311,2.5398207864705395,6.670883447067061,31.794392041752932,5.015390791591283,6.714686143820884,0.05681416085354603,11.261300140628784,0,0,0.21719564652118478,1.3300084166966417,0.8678663503476807,deep
559,29,1.0640733886810294,1.1238636707584742,1.9812682761938958,2.8641342112461974,8.421893062648746,28.576625045616048,5.389207226579779,3.0116103017537417,0.10429063894489364,13.550741668513908,0,0,0.2606441257741932,1.3294562096923574,0.9719030543483036,deep
560,29,0.9790828779697628,1.1531966990894245,1.7217375773871104,2.4589820878398587,7.944427902756142,29.708880657570415,4.865786582371849,0.5214823937013846,0.17519616308420047,10.092306773774718,1,0,0.37041419121012203,1.7004616354127884,1.561541636395148,deep
561,30,0.8138045264749365,1.0646542297199686,2.0039881984097914,2.5135142058936344,8.71134946416685,28.378843815471374,5.148053997036798,2.567900767233375,0.14474443961589037,11.215633929408172,1,0,0.3199895519372771,1.3304978055271541,1.3210695571668583,deep
562,31,0.8277582341098318,1.1166483475207676,1.908855330782183,2.4719189086743194,8.125027189450385,32.298212984665014,5.026915238565166,5.617261631914557,0.15185676734046327,16.80747003662505,0,0,0.3326754349962626,1.6983209902422236,1.3812253968319264,deep
563,29,0.8172657559680959,1.2546042640351975,2.0233843607521385,2.9739448095090895,8.31387626282222,30.86984208041958,4.920072650089757,3.258025613865692,0.07871897816186382,20.11453290373702,0,0,0.1767760056257138,2.179566997130752,0.7007626871295505,deep
564,29,0.8405747905003937,1.149097994972042,1.6989482112602883,2.5600934145061274,7.4155290488088434,28.544179775350585,5.768176189611479,4.838741910205336,0.12195073112778416,12.958665115807465,2,0,0.21993861763878936,1.2552376191879266,0.6679967923501018,deep
565,29,0.8086414434641499,1.2492190156556786,2.1206774198446467,2.729169658755615,7.937105550713775,28.20395708487149,6.362778649033407,2.707321843567379,0.07576921079030077,14.539069804444601,0,0,0.22456083592861437,1.402140293612986,1.1593926272400163,deep
566,28,0.8028239516025621,1.1704829934093837,2.2365788538635347,2.5974001114019525,8.374261266307633,30.823723629954387,5.256490527437785,3.21608800829132,0.11563453426226589,9.849853294737883,0,0,0.26273737033807737,1.2172800386496259,1.2148291008706087,deep
567,27,0.951004672838931,1.1674312162678635,1.9592776947830515,2.268786937054614,8.26099127388728,28.632364793901854,5.108460645439991,2.341838278021422,0.09126581455375991,8.988839602600212,0,0,0.20920264584715242,1.660113735293056,0.6114826811378866,deep
568,28,0.9338832200414272,1.2825391182357886,1.8362841084534827,2.380845125765701,9.724090189435676,31.338504582092746,4.705528461903882,2.7458202710977355,0.0859260538017023,8.428198875802924,0,0,0.21597197637688753,2.050494467472506,0.8462541134776457,deep
569,26,0.825501334352028,1.2523008760074934,1.809742528349836,2.619363938999259,8.704021357620187,29.911443495613803,4.947988524251027,2.739069337083484,0.07997523409251217,14.44467458795408,0,0,0.4701616632433285,2.041982368048,1.4590958597303758,deep
570,28,0.7433995216782114,1.0604752525548118,2.3765071635674864,2.3006300471464476,8.279034038648847,30.40666930619143,4.8292828787914255,8.596502097931515,0.15997983369080487,9.095999701440975,0,0,0.45016286446387216,1.6816020453039033,1.6237589331276259,deep
571,31,0.7558313132886257,1.1067011269955371,1.7443926694579022,2.6607759084856775,8.987471414211829,30.66827072063496,5.417351219698069,2.275391291555018,0.0830406524938276,7.97378455649748,0,0,0.32005466749164313,1.540609623606444,1.1199018335122386,deep
572,29,0.926031595431212,1.0603908619312912,1.8716446567494627,2.552990891199021,8.220630791200085,29.674892983009233,5.436855224190163,0.7014356621628313,0.07764177638562766,8.754702542853053,0,0,0.1941104034362492,1.360431472897084,0.6058154764111114,deep
573,30,0.7586831030550353,1.057658328120863,1.8321965141459748,2.243914452331837,7.489760494620933,30.607762142376966,5.085952171467062,4.98387797370325,0.06989937064499001,7.1111798968403495,1,0,0.03521346592078052,1.5874521166796778,0.3920072876377472,deep
574,29,0.779125566715823,1.305694095032353,1.6008261396966679,2.739227304117435,9.608210807703722,30.520222164499675,6.184273928259673,5.437768712581375,0.06676643370457652,9.844013368878242,1,0,0.11584223790078445,1.206241726055758,0.4791858349053425,deep
575,30,0.9546382741922887,1.137439422623434,1.826433319933189,3.239598798561941,9.542538220051098,29.39538292672839,5.046958979405461,1.4163463065131476,0.10593891497332819,13.744041232940184,0,0,0.14113040651122807,1.7193135170989726,0.6640557247452659,deep
576,27,0.9678961267953736,1.084256040825167,1.7102342269188535,2.2867364716122713,9.036059750156525,26.326930815827048,5.0490978016344314,2.086925010624636,0.11176779298750332,19.149408237358145,0,0,0.1629546908189795,1.4076007858200665,0.7127609341324485,deep
577,31,1.0579591178105292,1.1278763993597742,1.5846484401421512,2.990989432700288,7.914240529913224,30.46064793189431,5.362330629101998,1.3753384029639366,0.15001429449697856,10.885164072657929,1,0,0.13490491465291882,1.3589237000496333,0.6287977192266827,deep
578,27,0.9337281729555338,1.1095274936426918,1.6371644455739702,2.646379083064121,8.197669550327348,31.323025543705782,4.877340962621586,2.853079620566022,0.11097371284967915,15.495681931815962,0,0,0.40438945237162705,1.361644509763458,1.5021413171821014,deep
579,29,0.976518640812254,1.8382422186759846,1.6253774338517832,2.259775194064396,8.163390774783748,29.83169797632415,6.093122795411422,3.491772395208386,0.06515114793208564,8.28657821041984,1,0,0.23606751800683082,2.017318286953166,0.765810503163044,deep
580,30,0.7597114598814497,1.1803732066109822,1.8437617195125742,2.2482299347682604,8.563354039310484,33.70905439250036,5.12228445142315,3.327559249057744,0.08132683055613302,10.713891043222967,2,0,0.14209525920346142,1.6655697584261926,0.5547432508654478,deep
581,27,0.9712493531620369,1.1056118952351266,2.2117102723207314,2.3844535457705494,9.042421717109079,28.285869032409593,5.6516996342616945,2.0231345507605254,0.1355363703724108,11.235611964446647,1,0,0.27860790430838506,1.3998367267671625,1.0466226639336906,deep
582,29,0.8644730540224984,1.2571164056592952,1.6616646852648533,2.5216291930445442,9.093430780058009,30.457733692579524,5.13437371920497,2.1974554056646025,0.05568494765653832,9.78230911913413,0,0,0.21514462742698615,1.4998365872596593,0.9283533667430773,deep
583,26,1.0296679922831755,1.452200020582231,1.8168428140907822,3.2372294112512194,9.284818135207193,29.084802115968586,5.046677807857826,4.460374831975774,0.09368009134757321,11.868404607178226,1,0,0.4157576147398986,1.4202420220210197,1.5050512342866373,deep
584,29,0.9857549659893987,1.2580351024372232,2.0916106254036286,3.2446623872988365,9.800704888829738,30.209067151004557,5.361201916902547,-0.09285999118712551,0.10765968013952483,11.191006642958312,1,0,0.1924359303526849,1.8090978437972647,0.7196613699475174,deep
585,28,0.8126268706614245,1.2826041145467348,1.8463788538605261,2.5884589292731057,8.006689812299863,31.24691616263669,5.081976495701295,3.8152883919363036,0.0879994785508842,20.667756305023104,0,0,0.2975219894119291,1.8993488665693756,1.0076439475977945,deep
586,28,0.9658418815403702,1.1123363662311996,1.8728217924548194,2.9506326942531906,8.188606600492593,31.420514973778896,5.360810487167942,0.9736171650953991,0.06479907086312191,9.718044467413877,2,0,0.15540285102361287,2.292666290115045,0.8734794438598215,deep
587,28,0.9415681474234341,1.318381688703908,1.8671032318881027,3.407697929463683,7.906318759959191,30.99801695752109,5.26199609127585,2.511312673558462,0.1048588306401568,11.958289609431588,1,0,0.16420772985045806,1.604344519667996,0.9485990816268595,deep
588,29,1.0030763750373735,1.2868814374825441,1.7064770401865095,2.6903274708876967,7.796308013161795,30.947410971738197,5.738073309034987,5.686205899775086,0.07780298595204324,11.420368372485674,1,0,0.392901352795527,1.2928722571545683,1.396320578604765,deep
589,28,1.045254061910767,1.2484554848951646,2.1489702197769462,3.0161989059538326,9.299525930066888,31.08649438419144,5.498273488552177,-1.8960305028311328,0.08869195344341238,10.471619754327225,1,0,0.19992017033705453,2.0233191188283577,0.8330714556715935,deep
590,27,0.8102782293286748,1.2227235750568985,1.95142022686609,2.456348690870787,8.687312373947618,30.40848918669306,5.84588785243613,5.572864272973512,0.09446952085069787,18.984933887867296,1,0,0.21823007694621394,1.7897344892154097,0.7924302410666723,deep
591,30,0.9186541504445509,1.1404499802637988,2.2183547628741223,2.5837619305806356,8.693387931082134,32.42449872171689,5.65075176461658,4.144769270876337,0.12684784507582103,19.744818454809202,1,0,0.2753071157743537,1.2490799460394715,1.1077759171457442,deep
592,28,1.048150858839119,1.2321690094254558,1.7048416814618321,2.7572599314319275,9.143404986349935,28.706369996625067,5.212907251635206,5.253135356444396,0.08564492852163004,12.00804483718684,1,0,0.29243227297914814,1.507728166270464,1.3296775734160708,deep
593,30,1.0604029239900916,1.4506615629924904,2.1904558504330462,2.824170012450364,9.049799835834756,31.081516486710832,5.00086236310647,3.9784472062994154,0.09017432621360724,15.776788831651043,1,0,0.21283815503042802,1.5816836168131734,0.878709408303942,deep
594,27,0.838843383803741,1.1882373979074725,2.131099329676333,2.85130889973741,8.172870478457874,30.006035700162535,5.238929129522783,4.105069049870403,0.09577308256363978,17.62345111275262,0,0,0.19634257926715964,1.8957314116033772,0.9765311874180658,deep
595,30,0.8760390422315201,1.3094533479256918,2.1358579402787896,2.8897064145853584,9.070815870749032,29.94863853802231,6.850609258760745,1.0411757524293364,0.04398447181137658,16.437841381369296,2,0,0.3568565063204677,1.3123790679860576,1.331408359761066,deep
596,27,0.9091218916622484,1.3580915978054566,1.8333727138916136,2.69520578595952,8.01248916200145,34.80296848141474,5.12973330674062,4.819854764669564,0.10578204596312062,8.661612566423267,1,0,0.34576988021280386,1.7091921960971703,1.1975009998588328,deep
597,30,1.0691191189991445,1.117764036092559,1.623823443569999,2.5343593502660338,9.674806488270965,29.99205528806794,4.8642614494210195,5.837365522171183,0.08521822341789645,11.308356785636636,1,0,0.2320909791195615,1.3495805438784108,0.8885935769285371,deep
598,26,0.9990336601751215,1.3446514044250049,2.1755798864896216,2.9256341150123326,9.22138366671898,28.349975929514773,5.430200181943764,3.6507195141371676,0.14882988994612906,9.206314577569392,0,0,0.1951528157578734,2.1063273754394483,0.8232671400297644,deep
599,29,1.1528380422855544,1.4650310887084648,1.8175358702010802,2.8512442791680646,9.09134736309516,32.319359460397585,6.054370157352781,6.818622462228722,0.07347738479006724,10.555990108720223,0,0,0.3195259347436278,1.6407352101106034,1.1524973188132734,deep
600,27,0.8423144252313541,1.3771577098632974,2.0463402545844795,2.9124768859800656,8.282508859002192,30.22845405475984,5.529457799294347,0.998445427107872,0.14448469956820104,11.142921513722342,1,0,0.3000424670142011,1.7472053383650605,1.1586056804319909,deep
601,31,1.0474757945978876,1.471683802906047,1.7031034399135665,2.9086265031120573,8.655416688185246,31.043331588883046,6.2934978527856735,4.916918436188976,0.067341707338455,10.159169558961757,1,0,0.11598148072792702,1.8801677570527553,0.6826513058210258,deep
602,30,0.9752844158844648,1.1447482389197203,2.0707738105630353,2.728362894322331,9.002325244157156,29.7516011988907,5.963459785080471,4.814860016672244,0.08762680958548688,16.116049812464116,1,0,0.15052019635821184,2.718637095958853,0.6552562067731733,deep
603,27,0.9818384026055179,1.3180354082052026,2.0593049488828785,2.463791825548338,9.64113822472257,31.967071926785703,5.2931553317742415,3.1964217854095978,0.10977359417825434,10.30848483146945,1,0,0.23715019527881295,1.5064638097679555,0.9984399251820184,deep
604,28,0.7977271310737737,1.186263614756681,1.8025435360164366,2.5816728887388165,8.497758037706816,31.199876610885372,5.937255221117034,6.66830592451851,0.11388925559383106,9.341590387833577,0,0,0.3585178040068208,1.560403520067379,1.3790109240274622,deep
605,29,0.8411360573089648,1.3582162076245308,1.9457686410291712,2.334374523461502,10.584136354024446,27.222693303421202,5.141962343298553,1.9364916372877417,0.10908525592308395,9.796417705792066,0,0,0.21891047503174588,1.7612217093849336,0.8408839691978336,deep
606,30,1.0978389874189443,1.1802590373987805,1.8178981228536006,2.5046354842279723,8.425553825315255,30.725086933410456,5.265424661486883,1.0109156444279286,0.10267800439862974,9.67425501063861,0,0,0.4420122410841119,1.573378671083662,1.5764774549512595,deep
607,32,1.0944257852983594,1.1832091809534226,2.14092852846443,2.4182591636942607,10.1465185152278,28.501674239026837,5.800038241102522,8.643136588562545,0.1143935742050719,16.996136735395652,1,0,0.2879415242670085,2.2382060652724416,1.0468423134175988,deep
608,27,0.8599322554539703,1.1689202259040832,2.2105608884154466,2.485548543755411,9.362932624637478,31.42541500077552,5.062963741974152,3.989385144949888,0.13583130738738147,12.150378495690411,0,0,0.30070033846971106,1.5165423974858898,1.0608274424550812,deep
609,27,1.1017393404711953,1.1256794492273159,2.0100490135053026,2.373151801779175,9.090114364722613,31.320484336195786,5.524345428115738,3.5541041993302778,0.11837595909172645,13.582701974304463,1,0,0.13376047507351677,1.690279731632637,0.7244869484618487,deep
610,28,0.9366755159758671,1.3845796998427238,2.2962502477844295,2.628754885974346,8.677714712454916,29.495219073425254,6.089225805704479,2.6000484503243966,0.09049538859532068,17.193129107377032,2,0,0.2636731467926777,1.7013428665555956,0.9586142694731925,deep
611,26,0.9613608469640679,1.3108713927560087,2.188644492846767,3.014342549110431,9.3787779323076,29.324946476685817,5.472342103397656,6.759585628817018,0.1394491708834995,11.339565570492832,2,0,0.30722813260593074,1.6166371141528781,1.0165078332428348,deep
612,28,0.9175644202936051,1.3265662732530172,1.9524062924139198,2.8890053357375174,9.616050896538395,30.641329962853803,5.164419660919627,2.3265888579004343,0.12888839778111938,11.28265569639234,0,0,0.14382591630062302,1.7623532244608904,0.7558677403406556,deep
613,28,0.9369086724024596,1.2337607235863968,1.8903151475996647,2.593047287979929,8.711945391485774,28.709234210382657,5.849602396497017,-1.3422962207906188,0.07194995709593209,16.31491896145435,0,0,0.2273248887122068,1.8315707661730074,0.7738663525560916,deep
614,30,0.8699877864899481,1.141693016881143,1.8810803616700014,2.990767259883991,10.264169069647915,32.00203738215085,5.5906465029320165,7.509193694638679,0.13972308135268993,15.150624614611498,1,0,0.19206337000397442,1.5431136989702776,0.7597233053525969,deep
615,28,1.1076675962253935,1.1970955880405814,2.2946462468195663,2.6278271877928407,8.972003536278155,26.86761781871989,6.461636489057649,6.23090792284246,0.10154165059032029,12.25365769080641,1,0,0.35835844084930357,1.4124142603765428,1.1790641123262637,deep
616,30,0.8708954126675366,1.1911454940755566,1.7497261938537392,2.9370669803545986,8.389090781577883,28.464836982971747,5.617648035472412,0.5481212340539328,0.11100104433383023,13.244861611669045,2,0,0.3040904591027251,1.2652104512917786,1.0638347916483544,deep
617,28,0.8359924104872744,1.3522428571232636,1.829845405665964,2.596781831143445,8.444531747625255,28.583813675403345,5.578029639100396,-1.0433746437674962,0.09804225360067872,10.954411537639706,0,0,0.2529397304387413,1.5652669628559963,1.0035182405341474,deep
618,30,0.9873517826625573,1.2031326838538081,2.090355561701201,2.8191938355015926,7.760863410275656,29.344579590968895,7.219032723039524,3.296542095225516,0.0939104867853219,20.48218737941008,1,0,0.21324177264616523,1.6290331728652592,0.7289481739127547,deep
619,27,0.8316202189962316,1.4374616971954293,1.9571944773940109,2.4390753861915515,8.06573694169026,26.613428622747577,5.804306098134913,4.400536231184581,0.10760521877634821,11.527405099224152,0,0,0.13382724341036753,1.5975487145897083,0.7178539091638464,deep
620,26,0.8471319578036022,1.3283543135244928,1.8303187969022532,3.0475954936455705,9.046880106701936,26.992603278904568,5.5932606453547,3.9686881699146017,0.1262394898173042,15.123529917998084,1,0,0.31813006259996623,1.2505911808638692,1.309722963167291,deep
621,28,0.8367680959452453,1.5282574032663372,1.8655478812755062,3.021300213890736,8.087702526323074,32.420849022977265,6.181030514381048,0.6175224359413432,0.08177976737583886,13.024002440821363,1,0,0.16044543343888346,1.459307709915731,0.8266677988280581,deep
622,28,0.9746053266759,1.1961065222256266,1.9345240821284204,2.8964537606101413,9.882036842046137,31.016783002302212,5.755561318426251,0.7347794647077102,0.12821108152427438,13.84803436572899,1,0,0.18758242239029965,1.9336248303541992,1.0082905872095747,deep
623,25,0.8953866042291693,1.433703042838711,2.1195187568466043,2.5525262687589634,9.546780116481008,31.497515625512865,6.306462422555285,6.450611159434688,0.16141787294125473,16.924938015842322,1,0,0.2694412061814969,1.230327661390548,0.9885589000632701,deep
624,29,1.0003111475813808,1.372391201041472,2.20918310806714,3.0921625996679887,8.615936738731111,28.473741263377146,5.180131826618146,1.928853042084326,0.07348471181731472,13.148972984633925,1,0,0.20234377550490887,1.9722419121410402,0.8065113833113855,deep
625,28,0.9984467826195809,1.1514250558500916,1.8448828712578749,3.0293822068792093,7.967187611889206,27.431185463357735,5.118745655313826,1.1729464496419477,0.12473125331570709,12.670408978720115,1,0,0.44491555941855826,1.476129118164168,1.5656888279559857,deep
626,28,0.834134405306925,1.4200344729145133,1.762280254573688,2.6476314329775876,8.51019586834306,31.389443462245307,5.024232890348426,1.7621291821024339,0.0795200389937797,12.700744109466587,1,0,0.279158792841077,1.6390811305932451,1.254582286048879,deep
627,28,1.059574101200725,1.259344341817049,2.4562201997985733,2.5494958396237717,7.513802819588781,29.915228422240123,5.673952353250907,3.0694418681621554,0.13963387767111132,12.052965892960536,1,0,0.3333732431253781,1.9444544621686939,1.2275110887645617,deep
628,28,0.7991315300794265,1.1139183179338952,2.2030883359920828,2.6224803015523293,7.3328495411099475,29.64253616101005,6.270631924403439,0.5256512150688533,0.09725079924974706,13.946388455284714,1,0,0.32215930531286474,1.7191961606597297,1.166654353074322,deep
629,27,0.9957292534825369,1.3717598707210503,2.063935174382407,2.60812321864845,9.42371103340257,30.692204622586253,5.518454417962131,0.8125615051918915,0.08745304606605765,11.06761905582057,1,0,0.1070610620836653,1.6670156020662599,0.5478771949970661,deep
630,26,0.9212182890396065,1.1458447919132009,1.6425254356328767,2.9916541830670695,8.822976932338456,30.367751292439365,5.791873290177347,2.067644404248044,0.06980288489089614,18.060630409470278,0,0,0.16259055859364843,1.3650227101138324,0.6567768137923338,deep
631,28,0.8699452990243101,1.0227032492241575,2.1070424235483727,2.9619170839141153,9.351486885778488,29.786044181814336,5.362608119306245,0.6950848217839312,0.10292134819925727,12.256874118341972,2,0,0.16855269550680133,1.5279169372346173,0.510495049949606,deep
632,29,0.9647262473170296,1.0998357599349182,2.1802009996208636,2.3745423754816004,7.878633352094595,28.865535960019223,5.418654400930248,0.8705529865613988,0.10134074042476278,16.505365275960017,1,0,0.1953657039732959,1.639577907407057,1.021065795418239,deep
633,26,1.1032748968040977,1.1684795742901077,2.1383886084015535,3.0886301296252983,9.815827918187694,30.378833315596772,5.648727389760971,2.5301361372940594,0.12105295206304473,12.220100211343393,2,0,0.1888791544283572,1.349524970454067,1.0371921749182866,deep
634,30,0.8871893618486155,1.3930744396204298,1.8583955681533106,2.5135200373593416,8.829204002500777,29.276578865359046,5.318541661266091,3.5202298159335643,0.06375555564399438,13.79318911692751,2,0,0.37120740220205856,1.3097662477908736,1.380466237762268,deep
635,26,0.9576017281758401,1.3739254741675149,1.9854612442893618,3.6423120489662466,8.28315053947595,31.429157646489497,5.165684610710368,6.6579274420876775,0.12476487490118504,13.004925325812486,0,0,0.3558575319040869,1.2530197149991613,1.231059110124112,deep
636,26,0.8609187179400214,1.1314459775533572,1.9493112914060446,2.9682147472083207,8.2878817319034,31.01400568669975,5.144424994523579,0.03355211520681012,0.1535699802113577,13.099919936479642,0,0,0.32368806409063117,1.9249464240888021,1.2574555296452081,deep
637,29,1.1092462891200632,1.6258440090679958,2.063988326087285,3.244988572260355,8.117662964693222,29.401602166273676,5.334856233343297,2.3461372465982424,0.1301974964118158,13.563823687856067,2,0,0.22520542405627728,2.443859748479011,1.0988563707775572,deep
638,27,1.1663638574292898,1.2471924819404678,2.01048840420403,2.5906654498494195,9.41461896536022,29.022739728631667,5.470323326415897,5.21764838461607,0.1331225557706767,17.520554632364757,1,0,0.363276865285651,1.2852905020057148,1.3545111976601025,deep
639,28,0.872866937885323,1.3965911846953274,2.055586240319223,3.1292428388315736,8.189021350128128,28.467348818426185,5.688991068347485,2.6345314252210983,0.08568767168871184,17.612798392512428,0,0,0.18864188555571357,1.6230352714293748,0.8079662766663892,deep
640,29,0.9432786131371999,1.2382599526744977,2.0780820602643253,2.6309296759033485,7.982964949634625,27.46420653950232,5.693001488861685,5.546840070128174,0.09679146786616069,14.451783272585187,1,0,0.42686666830866804,1.7326352422221032,1.5169830972172589,deep
641,27,0.9147937804684945,1.2506327801311345,2.2686953634788436,2.6615939360661693,9.238670946711498,28.618510523127195,5.1082234293974045,1.000034020854745,0.1597583364599251,11.985727763280675,2,0,0.21996813090591,2.3360182436397823,0.7737347960062668,deep
642,27,0.8131951998673344,1.3872160828161713,1.8994328114393706,2.4137016513021963,9.412642237747681,28.749614595911147,4.921077634390761,0.3350860899235384,0.11280751038232538,16.63360521438589,1,0,0.1732638408589141,1.572008213106181,0.9300444421267895,deep
643,31,0.86841429576651,1.1075717870783304,1.9086255419625373,2.8751005389041455,8.717716979951287,30.504045471125075,5.902838601511256,7.159902201414345,0.09999513966829568,11.011507068631941,0,0,0.21376275548769075,1.7740048082336315,0.9322517594576789,deep
644,28,0.8168041153460383,1.3568205320142992,2.135188113911791,3.0960791422343554,8.413054126196522,30.695865363297692,5.290314704302563,1.8844730941292696,0.0809163101434991,18.446135809957475,0,0,0.2558434464503695,1.7706151714842062,1.109756533720279,deep
645,27,0.8762391355394975,1.1588959984913694,1.9909732823037263,2.4191082667205293,8.954222928690202,28.586996440007354,5.6495088260738475,2.4895358546726585,0.10793778526502605,16.048324889284626,1,0,0.2311647254833012,1.4034036263410228,0.809583741047373,deep
646,27,0.9484327039993729,1.1537378015160165,1.7744399408010123,2.5114404796119274,8.061465380333843,30.80059994615694,5.359928582399074,3.9877326744582726,0.14462017560768914,10.99783318556629,0,0,0.3022237531430478,1.3515174238599237,0.9432023259380077,deep
647,27,1.0222030632604726,1.286560249326955,1.9698426999368632,2.972489055766702,7.97351517562445,31.78758372830473,5.747664871878064,2.241615893270323,0.08763191957603426,15.219859297945309,1,0,0.26794633370647003,2.184067204425193,0.9156285035896559,deep
648,27,0.8954486667091796,1.1622573277034425,1.8169765357298437,2.9148745810039864,10.029320228135855,28.986155176328072,4.9930077016294945,8.24205264432959,0.0812000188698301,11.206133959475999,2,0,0.22941516690817562,1.6231706905579135,1.0794283074765754,deep
649,27,0.8731425343106932,1.1910296477220208,1.8965410668124059,2.86694440037915,8.68878120436571,32.11526978056245,5.586550525683845,5.2349947219380315,0.09072630223772757,12.22426729425556,0,0,0.2634887821206928,1.9131874262613466,1.134933948019996,deep
650,27,1.0241371253782252,1.6806372455511238,2.2642326165352173,2.6330617962246277,8.151198403070888,28.47309543732958,5.0889092032830785,5.396946702588819,0.09067174493024795,15.36994676682799,1,0,0.27965862947792275,1.4740979218287533,1.0280191518404524,deep
651,28,1.0277691056722145,1.5050946325486239,1.9003034328741673,2.8691013980758697,8.452022057373098,28.532636193257567,5.240029681756641,8.75786930988675,0.14745843466579892,14.795216154566269,1,0,0.16879410000989004,1.7113412678187714,0.8601233797028552,deep
652,28,1.1468461119271385,1.1318898815569978,1.85842279346613,2.9325771980215545,9.467815451896767,30.266881465028288,5.249506665058987,8.79102328040565,0.14436904562212569,13.373309701356199,1,0,0.210129263369487,1.7318842865411974,0.7800842323916158,deep
653,27,1.0710448536724404,1.340982682403101,1.8015441302396968,2.7597478277221015,8.472366519479431,29.80559461707811,5.289463011079834,3.950979964072881,0.11390612755577509,12.393881608542637,0,0,0.26527715503929294,1.5145383859600836,1.071368147699737,deep
654,30,1.051575001676364,1.2689608205501668,2.0416186270686856,2.391729796564547,9.089779536433571,32.57474092334367,7.234345407133856,0.65366682779554,0.0670634367875667,19.39084650510273,0,0,0.1989429268349634,1.4488784950235893,0.9430127852534521,deep
655,27,1.0458858161350868,1.1033343903892505,1.78814257781876,2.485631114426698,7.042721929137556,33.50486308439607,5.929496513632293,3.2143376235087326,0.11928996329629031,8.508726119726141,1,0,0.3227122428089642,1.2394277328038743,1.342783106040669,deep
656,28,0.8635278509792107,1.4260692253560636,2.229539487647448,2.7716191626278612,8.804397992983475,29.82411224442497,4.889687105244976,6.945138566305653,0.1369911050980104,12.310513577763743,1,0,0.2925961796667659,2.130314676531679,0.9470097617037162,deep
657,30,0.9433562825265392,1.055447101934858,2.0425221887705316,2.6258345016226476,8.037571966746427,29.322158214613545,5.593753354626325,3.0757483051404897,0.14195560153175513,8.131670075185918,0,0,0.18366882917509422,1.4556231792594216,0.7430422207593989,deep
658,28,0.8069920525446646,1.0364592381714341,1.628408015862232,2.3606389014048856,8.455664245741987,30.73859154770691,5.44989709948591,2.795481931043022,0.12051543362124853,7.510560828622341,0,0,0.19930076457900442,1.2431328905753982,0.755096059770965,deep
659,27,0.8030330051279367,1.3472913210373623,1.8042231218960543,2.4238610950423602,7.549103123517903,30.416431003830056,4.646936632914953,5.157638331588263,0.07604642308427997,8.380505492543602,0,0,0.1367548254410651,2.1683166473796387,0.4787552595324149,deep
660,29,0.7944689698774478,1.1002038694462475,1.852989512528102,2.4936281635112345,7.061028373194672,30.150501611882138,4.680998519837134,4.577219244493147,0.05397216869266212,14.911850516651526,0,0,0.21131480722958834,1.9226165006719793,0.7898856723255356,deep
661,31,0.771701120436552,0.9972714517710493,1.9577196822150877,2.2142555127786423,7.639475894163026,28.119091420983096,4.930076785182928,3.361337301820755,0.029637064177008426,8.13124967939502,0,0,0.16408681097986383,1.2329262371817344,0.6610696102784366,deep
662,28,0.8587468281540653,1.118781848720259,2.23164005413836,2.9070719430095253,7.0981819564434705,29.106786725930213,5.159582457436408,1.725326138847756,0.06357424132351613,10.16430119130726,0,0,0.18707212407686186,1.3680913286021599,0.7174393810992352,deep
663,28,0.7687929893229871,1.0847463096910241,1.8348429587530803,2.2275511188731,6.4950512869012496,29.18521560843869,6.839358988021931,3.202279652150728,0.03634561884660287,11.949635993859907,0,0,0.12600854475769352,1.9159596458765038,0.6908194091649832,deep
664,29,0.8562161010000169,1.282958609057137,2.070444909203037,2.4623946175745344,7.426996631962619,31.034952073966128,5.040932756093075,4.910398948845098,0.07064703465658519,14.19800404387576,1,0,0.2067669730999037,2.3966229222801463,0.7783570168468446,deep
665,28,0.8084976754092992,1.1204435529739496,1.718957506204961,2.3651501972978415,7.913437796624082,29.002387492957872,6.03819118275503,3.9871793568057594,0.10660811945092971,12.126151441631624,0,0,0.23819089110857627,1.429948234621709,0.8487718110693613,deep
666,29,0.8180235471703312,1.525841720459851,2.063738247568028,2.8254707453042904,7.041576922091337,27.608732516098915,5.620546658415243,7.525183055105408,0.11684390021020336,20.16910571385055,0,0,0.2934743725528878,1.2789937814777204,0.8019436008704903,deep
667,30,0.9461713538035101,1.2707308915394782,1.9073428144260753,2.77147213809922,6.728271079252302,29.43269634784449,5.512268274086964,3.521172424333347,0.12429402193951142,10.919464203685436,0,0,0.2674934378996653,1.5343195310113216,1.1977572796580858,deep
668,26,0.9587103431960824,1.1223118929174143,1.925624794894041,2.9108722719309252,6.376107904277534,31.625795541499834,6.143750580990444,1.050816020002507,0.10432434349433366,17.835403125052693,1,0,0.2899869831666506,1.4254794655845457,1.0083083597507982,deep
669,27,1.0854746068266847,1.3175791729172792,2.351328831976803,3.168345675499665,7.186791131613609,27.64746999547167,5.638386280065504,4.3002794771186466,0.1554897266851383,19.629880480872686,0,0,0.3730756842812294,1.565098625008146,1.549199919696723,deep
670,27,1.1326073091692603,1.5810279641322544,2.831363161479495,4.646243774258136,7.2298125302057485,29.05250875058976,7.206274898240901,8.055358581025628,0.15529801877266564,19.597545712961452,2,0,0.41457274447830483,1.9652088327293025,1.7555811384449052,deep
671,24,1.4636447774764934,1.9086907553047086,2.860959533654399,3.975099891114941,7.624602302545764,24.543945175474033,6.9791007758544845,7.295671991505474,0.25337403517889673,27.10098794872927,1,0,0.8400857403861446,1.3440866910806906,2.501596781205051,deep
672,24,1.4070264096497396,2.003636883327488,3.8610405252582214,4.753454916895917,6.8517180596189,26.636882171931703,7.821506776876757,10.091888836738981,0.2086335599491643,32.63406588083211,3,0,0.7379633763448502,1.7380106908026538,2.44903711827565,deep
673,24,1.7412176260917698,2.1013970337416654,3.7148023597594553,5.364124424208379,7.5281300843652215,25.926628566841565,8.021736686651261,12.226560051596532,0.2821889045231291,33.23574153324099,4,1,0.803900385321345,6.71166259788131,2.9379444872084814,deep
674,20,1.818564523657002,2.2935245720738027,4.292823458598342,5.750032437855475,6.635922830893968,24.44224250862745,8.083389981382517,13.48492158937943,0.3226647950888991,37.265418845305675,3,1,0.9069865270668379,6.879008708497085,3.570724580423969,deep
675,22,2.091891587551729,2.3195318595605006,4.224703421255748,5.954132285097378,7.223612423329195,22.87634902102481,9.290874756333238,11.960679457045083,0.34388564236663743,45.87443012314834,4,1,1.0,7.9016286429132485,3.857167452749349,deep
676,20,2.1905219964394096,2.797460670978473,4.608393067959433,7.141976608690423,7.398443710980125,20.984813332014685,9.383736732143722,14.426404734191355,0.33465854927122507,46.040845166405944,4,1,0.9297246299366125,7.4749542333545405,4.131053479902384,deep
677,19,2.397188275660048,2.8404707004594814,4.867408918321429,6.764530444724741,6.942131374884742,21.28564194752509,9.98100897631799,15.097019778863753,0.39880656174865114,50.6986611796668,5,1,0.9857755190845574,7.858791579427968,4.355794274954272,deep
678,20,2.041920006510753,2.788220279324014,5.172463473076894,7.192692995012561,5.800263892667526,20.16048908947463,10.998841398661876,16.639211310160395,0.3434944442338427,51.228210445888514,4,1,0.9451980833595577,8.812025905299144,4.5911387101560415,deep
679,20,2.391375628061739,2.885462371155001,5.227324856644872,7.084657852683103,6.883235259040503,20.779543649465488,10.20207123928898,17.574617733726466,0.41139378838035995,51.68298865298548,5,1,0.9992917387996808,7.877419739813839,4.830167534221641,deep
680,20,2.0985955184827256,2.726806384950973,5.198389662934515,6.70090963153244,6.1621452717658345,20.23086907298882,9.935843228962709,15.88501795195463,0.3549712943107611,63.58664820561935,5,1,0.9971214362064323,8.613056359792804,4.712400700186622,deep
681,17,2.300380521350851,2.8798575203684598,5.350175771624416,6.930974178126127,7.320617075492029,20.52007169616085,11.723824651908046,17.01226332378521,0.3591044658324122,54.81315938789182,4,1,0.9859626329482919,7.9104725961909,4.613890378395672,deep
682,19,2.1624502512367623,2.7765900322117285,5.684124151616801,6.886627530800335,6.578196763540202,21.096668462129152,10.315248846649354,14.68796453470948,0.37390604649518394,51.661723149678714,5,1,1.0,8.193366642777512,4.283823678705448,deep
683,20,2.1990107662177696,2.6177276638582634,5.183895407602648,6.936444150361837,5.61722727058578,22.02610077401349,10.693857501211564,18.802003693674525,0.3734776983414216,53.48368710409743,5,1,0.9862348566190267,8.016078277064869,4.675239549791735,deep
684,17,2.1202767138716414,2.7503568477763998,5.119968990920586,7.239636399986945,6.505397412793805,20.567197941071157,9.420144108556798,19.353505705052356,0.3842661744674378,63.320144939214316,4,1,1.0,7.826055072100231,4.386615005277494,deep
685,18,2.072460317190361,2.992536584292419,5.106564574911106,6.657145965614509,6.586488237102754,23.501904785903672,9.64163060398295,15.966119581930835,0.3590037292677152,56.89617552669887,5,1,0.961760165017376,7.880843819113086,4.396835836459834,deep
686,20,2.056974571604705,2.691851789470364,4.860205397421815,6.748916744350362,5.953560488828971,21.359363966438096,9.75796228803781,17.989642539964816,0.3838931848195676,55.10896134277866,4,1,1.0,8.217859171717166,4.71184779734416,deep
687,20,2.2387960661775024,2.822799631090735,5.223180811776032,6.685458658518042,7.7052404578558065,20.571754113023445,9.713358534404303,15.589972298803888,0.3811754502773208,55.72413115398366,5,1,0.9996509792502911,8.404232911959522,4.497117008823449,deep
688,20,2.1309323376061164,2.731908644769357,5.066620316618737,6.765767397730203,6.259090784451748,19.560916531706987,11.008024523797744,17.231010771198296,0.3558552703229745,53.44955389827143,6,1,1.0,8.751170127286256,4.504698896836649,deep
689,19,2.4705977206974286,2.886600811898627,4.972575363304324,6.744761910356358,6.990937977934196,20.91294017257523,9.66291386227888,19.517390438450086,0.40882608267036996,51.48669313956032,5,1,1.0,8.539675491833231,4.414270657274811,deep
690,21,2.0653761344155326,2.7244407040238894,4.951999859735059,7.029260375446012,7.31214008433893,21.56620635266862,10.579971935943684,20.252077101088524,0.41055111265325034,51.43693724310544,4,1,0.9486678882021933,7.724873401022709,4.309297181978028,deep
691,21,2.2033741607834996,2.5924364897945753,5.177968151545999,6.92572515154913,5.9609444816104995,18.14217141978838,10.811284633796305,14.867298849234952,0.3932953967424613,53.22397971249825,4,1,0.9873413481260974,8.30552236548314,4.666580293896491,deep
692,20,2.1064570439816546,2.9895704765952402,4.780063507975718,6.653287818475357,6.3498685948559785,21.607534402164372,9.790277897551208,18.425596151584802,0.38513018887937644,54.94629680859296,5,1,0.9490437435921404,8.489221545393884,4.201409111559913,deep
693,20,2.0558512337238235,2.9438937055137595,5.114696180694399,7.0828723174386035,6.030811925265731,21.818117682102226,9.6698124345159,15.740285855843496,0.3708994295030022,60.425053619593854,4,1,0.9755929257993036,8.482699227039086,4.737222430656018,deep
694,21,2.068498209522502,2.645467552597163,4.867016215872792,6.899908663426887,6.071679883498124,22.6091679885411,9.654862780066981,17.971969628281176,0.3310153573968415,55.39720285720512,7,1,1.0,7.631689311507626,4.552179240543721,deep
695,20,2.211717876432406,2.9672721957103234,5.0843275290145105,7.017510150729308,5.603823504835619,21.164967532226946,9.550668260527416,14.811179858350895,0.419485132008026,55.68961585335103,4,1,0.9813980331510473,8.448558364583372,4.318859652161239,deep
696,19,2.1415729220193307,2.978244723698216,5.181628575858781,6.690738694474369,5.884295129750074,19.13573419281083,9.627605209215906,21.21140359060959,0.36918433878436147,50.19927097243022,5,1,0.9795942648941044,8.438586055090342,4.967133162813091,deep
697,20,2.201066422120453,2.88506917929556,5.013057925916618,6.946384891176023,6.170490067413014,18.642651836940605,11.562445398469098,16.472991196059457,0.4061502040673899,51.79511861691168,5,1,1.0,8.08681924066873,4.906337065094868,deep
698,18,2.213290768425665,2.7973966628859728,5.361434055378515,6.983665814009164,6.540680405562858,18.41025997664802,9.64237079309959,18.94554965983744,0.41667619666445366,53.46643987620702,5,1,1.0,8.692110968277643,4.6893329672542645,deep
699,19,2.274238371291595,2.719916777472921,5.2547269019085165,7.07658714233572,5.447904753738143,20.03947850874198,10.04363553359744,21.721323233315232,0.3887460262250046,55.62862830034368,6,1,1.0,7.8779136135493015,4.851985378736428,deep
700,20,2.1535643808137794,3.039139995617298,5.419544805922185,7.086019172658181,5.616747990725983,19.91481846939968,9.759807447228138,16.641718007544153,0.4007989065047173,58.00268208195978,5,1,0.9909756616130057,8.296975232412752,4.907373952341397,deep
701,20,2.1779521022939705,2.8023242264102044,5.253321717710392,7.7743040156978305,5.171416020035435,20.846768769152128,9.784581354007761,20.95595651175807,0.389844235209394,53.14685777184113,6,1,0.9912612271685127,8.475076395882818,4.450450114834449,deep
702,17,2.2072409725679027,2.860465786313122,4.9996454604983205,7.273146462660029,4.828471055681857,19.88312313680938,10.134905559551893,20.234040359506587,0.32820371154322364,55.28972208158223,4,1,1.0,9.14286861454947,4.788086364500819,deep
703,18,2.100870711794147,2.905340473366513,5.207098240959729,6.925266404105116,5.77514734541526,21.470867892237045,11.48755261503916,16.50669157833867,0.40897646366581525,58.856132554972426,5,1,0.9660231296076827,8.182683054162645,4.419726531815915,deep
704,17,2.2593224307929596,2.7594908239393052,4.979785943475758,7.277077681280683,5.401458574207544,17.80744367950128,11.367604103681497,17.919526152369723,0.41019044693979934,59.7501847065714,5,1,0.9743468870183372,8.887192275516188,4.599383585055329,deep
705,19,2.150303628450733,2.70231547076064,5.320850750304705,7.108950092656312,6.177391841669686,19.921607376788998,9.797120989084718,19.138129107975654,0.42839894935464234,52.451970896366134,4,1,0.941480083018853,8.060491235627543,4.981293927863334,deep
706,20,2.122903349863774,2.797043422055644,4.972751648300956,6.806760929309393,7.10205997640844,19.4147757170301,10.30914809781322,14.583963491663965,0.37036769654803553,55.71381093950221,5,1,0.9417950229989648,8.859109282937496,4.355393919505283,deep
707,14,2.231191127633164,2.8005615940337663,4.918437207770226,7.29861235383796,6.959834016786385,18.875931744491602,9.687584930914893,19.851973807813728,0.3684674020826451,53.808346203119065,6,1,0.9624053777723257,8.146673741378875,4.602478712038462,deep
708,16,2.0606209924315215,2.6407701394118934,4.854651699367758,6.562537392380076,5.634966030413486,18.430179865611347,9.821685002115865,19.529083652677265,0.41412591855012104,51.28610443866193,5,1,1.0,8.016674351519415,4.773891543765059,deep
709,18,2.0492746030670403,2.7276546581318213,4.782115016376962,6.466758083188762,5.456046453095696,21.329290116512762,9.4271032406966,18.94443888091323,0.3834499849118804,49.83079246338009,6,1,0.9899204207984261,7.504193657376969,4.542863565987444,deep
710,19,1.9771188403227347,2.4765097903959887,4.663567632524672,6.2056169781765265,6.505225891782921,22.179050295480977,9.176967598600571,13.949543345670694,0.3324988963998909,46.85220234439126,3,1,0.9669109381934144,8.03827917338202,4.200071946036543,deep
711,22,2.1423928704533752,2.3470875824898423,4.684794863316653,6.410131398061696,6.475805400349347,22.05787949789331,9.37190170747452,13.686801039804664,0.3500717963433468,47.260477482677544,4,1,0.9059028844816227,7.880920790450489,3.5502263815651345,deep
712,19,1.7463503667192248,2.136774813795144,4.396850276483249,5.467671249201895,4.9703763930929785,25.681249155497124,8.27535000686176,14.183525163600628,0.2587127527844891,39.47796389059084,3,1,0.9307162301626754,7.560555465046751,3.3457274230803886,deep
713,25,1.5452178150848461,2.0356813850772593,3.676323412433196,5.397957304932983,4.152151220014249,24.966040075000684,7.874687782135448,7.425161544344693,0.25259494725187753,39.45068306071727,3,1,0.8114915383639623,6.174730893348972,2.749695057819507,deep
714,25,1.3865647992583239,2.0188932618109643,3.163835354424674,5.153799479713635,4.258952281053528,26.707991904080117,7.371519404839249,7.257386495773627,0.2551077990506241,30.080970956801757,1,0,0.7726457076962778,1.3484889777819904,2.4777130261482085,deep
715,26,1.3071729005768484,1.7096189809951987,3.48573702412793,4.3642296152622,5.072103557484214,26.331540763159488,7.42743985155258,8.84538053245329,0.22480500763451838,26.765105600856362,3,0,0.6874148905667187,1.5437934389804469,2.1496664056974737,deep
716,26,1.3714947375400506,1.5987489138598332,2.8686857940654495,3.5470175674736946,6.283823710048271,29.378206054317914,6.659397082276325,6.334795082538419,0.19354715596187724,22.733441175814164,2,0,0.5427406239749725,1.547740843559403,1.9326622647225724,deep
717,27,1.0502421984991366,1.644527171713165,2.8065329204346288,3.2161102769447094,5.330798172628836,29.433984509687896,5.690307951795298,6.900218787881007,0.224776374336153,15.090168598902082,1,0,0.37496886398931645,1.8156558244361145,1.3923052451737798,deep
718,26,0.9108946861423128,1.358298604845526,1.8827531017362753,2.563281123681891,4.898773137137895,28.983757436429674,5.307978988962965,2.2115446194973103,0.11350208184238408,16.646900250709145,1,0,0.4758115752519784,1.6684879223608051,1.5776241068529429,deep
719,30,0.9579976356446332,1.1602874807323345,2.111186974107312,3.0399998344286225,5.6296330186150225,32.270748734376006,5.627514644045173,4.656425234245326,0.09430065944066385,11.986789428972589,0,0,0.16650923327825715,1.3391783577240994,0.8623278929526421,deep
720,28,0.8710522952779911,1.191900058885763,1.8698004913560076,2.616552048161987,5.596634167008735,30.5102979848914,5.081565840727753,3.2155392471283455,0.07886056406430507,21.928912715756546,0,0,0.18813044196085313,1.7757203594366753,0.8722709589592096,deep
721,27,1.053913694309923,1.3273548602051015,2.127012785906669,2.9517076257256636,6.399728477819874,29.27469136626023,6.162302891125598,2.8724005486187307,0.12497966639734612,25.39860747803928,1,0,0.4993201238332321,1.8595182574070757,1.703436551623756,deep
722,25,1.3052501052270349,1.6130170250205633,2.747582058940646,4.120518742328673,5.998999447435173,27.120512341115006,7.354969523461022,4.570171621544157,0.2046260334757507,24.478553455747143,1,0,0.6107057166091214,1.97540711566979,1.9433679055746926,deep
723,27,1.403380928496698,1.7223028048819635,2.85342484726715,3.8951035613294764,6.664124332036403,25.773059108396268,7.296756940466597,1.5798220483638579,0.20707447270244592,34.25896534128513,2,0,0.7091179601589411,2.076221739001022,2.2869884441581627,deep
724,24,1.6477045355520303,1.8983084374707442,3.3020946835593086,4.659535487402885,6.02470473362788,25.572243437683955,8.564059922397194,8.427539362266652,0.2822596029234061,28.08721312602436,3,0,0.7195966202412983,1.2358699969553366,2.307562845636718,deep
725,25,1.4133841335705926,1.8876007811704618,3.2951845323712083,4.764365549894761,5.035833357212635,26.88791490591888,7.265893559413794,5.21904084697545,0.27386275690745043,30.982835179001384,2,1,0.9859697029421258,6.907039074971198,3.4314526820408915,deep
726,25,1.4095845244182432,1.8822627453957224,3.4199447955278304,4.5350910573990815,4.574833709357989,27.49579991771452,8.385323716076904,10.241093849355872,0.21686541575491292,34.2887028996911,2,1,0.8070762425584248,6.756169713960398,2.7281953259026617,deep
727,23,1.6553134409276935,2.2733933744337187,3.912499445745192,5.158619167277519,5.481105561027372,22.408851337128024,7.785232008347685,8.465019865844912,0.2878661280358192,33.788377094030224,2,1,0.8945533113329789,7.673821365594341,3.2670834738143286,deep
728,23,1.655486544605469,2.0120819874339873,3.863815208228217,5.590564469129951,6.24414955571971,26.62267787410388,8.337653965530158,11.269749956753783,0.25275770328709685,34.26538435300965,3,1,0.9588533172547962,7.0219227019924,3.2146716747088324,deep
729,21,1.7936459285638873,2.1549489486401527,4.733853509168263,5.13200958400592,3.7232773210750714,24.360726131524,8.199208582751629,9.086969097586437,0.23701274242943912,40.61907969680697,4,0,0.8810722773174917,1.6974704559148162,3.296816909010018,deep
730,21,1.8601269501936306,2.3796148597341267,3.9701363627086774,5.548475788721634,5.600414083384268,20.114871259224863,8.105823191844982,12.328082180633103,0.3271435869810576,41.6227012121573,6,0,0.9464810676858973,2.1530275037517965,3.402081955535436,deep
731,23,1.7826626017450058,2.686957573061953,4.2660801340607755,6.570178849092661,4.395581121220609,23.51365506496381,8.220994733256145,16.833244610492596,0.28000884073481114,38.50545240110509,4,1,0.9194497899480673,6.465522984888071,3.1615246781801503,deep
732,23,1.787584684166006,2.2271153090768663,3.8054248552562773,5.421891216047831,4.932147598736496,23.79303845916652,10.576370829727402,13.28229934269199,0.26830016018016045,43.91511346462354,5,0,0.9273987987126368,1.9077372658070186,3.5963978357542623,deep
733,23,1.745589388386023,2.3775772089985017,3.85980204315637,5.442745913779673,4.192797921911353,21.88819661817924,8.815670882855946,10.156544709415385,0.2579749986351512,46.40267556422598,4,1,0.9581825485377836,6.751656799630979,3.336920948502478,deep
734,21,1.9754924625142403,2.6560079844384017,4.7142538280948205,5.703469040297525,5.348635162008474,20.773438967431833,8.772457932796312,15.061387635797537,0.2942217707451607,41.56630647136583,4,1,0.9141967063279777,7.736283535630405,3.6536562404738597,deep
735,19,1.960291423818279,2.459825626718072,4.75313372302151,6.311737747409064,4.305983317512239,18.22735699974229,9.87841922020898,17.47278732978721,0.370136218371103,45.389279164365504,5,1,1.0,7.2978953090375205,4.40563256757911,deep
736,21,2.08176534997249,2.6448514689151255,4.593376145333015,7.1752968761721405,5.4561259573716105,22.13096269637176,9.863748188429483,16.061959364072884,0.3683059742587791,44.7925757320383,5,1,0.9835791577830404,7.565319910853097,4.328920963145941,deep
737,20,2.0952137369219184,2.7898004027829,5.72355438871945,7.598121682877059,5.726373982592358,20.18058971195268,9.512504379178448,18.87478895890012,0.3743466504611127,56.32818719060555,5,1,1.0,7.8909990533254994,4.29102474819161,deep
738,18,2.2088880521600016,2.610692204480352,5.213431775541322,6.633039590265527,4.523676645225956,20.003897751600896,10.24168787176991,20.847771125857943,0.39290716799761666,59.04577812798036,5,1,1.0,8.016855554658244,5.0152253201722266,deep
739,19,2.233222605218037,2.908692462801814,5.10104907353187,6.623317158366104,5.585295382018529,20.18258415907304,10.303340332973878,18.6430593846164,0.38339007571564115,51.318104620235815,4,1,0.9426135377818531,9.901698124391359,4.448053594939146,deep
740,22,2.165960527950781,2.95080621146572,5.251762270344571,6.5096545645563175,4.207297399187155,18.656392423487382,9.650107447769537,12.908497275570156,0.3675063648837982,53.80307540526833,6,1,0.9469492333724626,7.7595827450997215,4.2181000814191005,deep
741,18,2.1021788692523344,2.7245408977597587,5.140323012536247,6.713701725298472,5.615654613279088,16.801928809156415,10.090029231899267,16.563704989194935,0.401758434002534,50.07779233699523,6,1,0.9934518033032803,8.320188638240012,4.413016507612439,deep
742,20,2.1346231991024287,2.68742182370135,5.226449869306213,7.111327032036407,4.500919058744533,21.973189181618174,9.867369097377813,16.076685674236714,0.38763777945546385,55.6341054058948,4,1,1.0,7.651821063123163,4.483622776391147,deep
743,18,2.1138806414180564,2.6018764643401524,5.457472805168275,6.782358575117994,4.717986818828026,19.642702237844706,10.37865009701082,14.83200884207046,0.44372582552216133,49.51480391412079,4,1,1.0,8.173271385258623,4.258103038350342,deep
744,19,2.1817603306066196,2.7131109880095163,5.017891395441389,6.705600273152919,5.468631625296993,21.896173992603895,10.123745069884086,14.86652396724947,0.32619889747507547,50.22761615519792,7,1,1.0,7.772048759750566,5.1058299778085345,deep
745,22,2.1744635436414694,2.7430078803035407,5.230408214474393,6.609064356046531,4.774339003205329,20.00522088059761,10.201290197882159,16.27094064055159,0.3754256621998119,50.82233404218633,5,1,0.9619351884244693,7.879251404012777,4.623918102236463,deep
746,18,2.0835703032520203,2.6722624601648026,5.717358667671146,6.8256147856422755,6.1906809113273065,20.05678966444326,10.618665215014083,17.50183191724562,0.36767308073182925,51.167078716841196,5,1,0.9609533430894128,7.7536949266759425,4.620621554508193,deep
747,19,2.0600693939862746,2.7461755352103463,4.562291821211264,6.8850705671896595,3.4850923309041204,20.596751010017538,9.484224376443445,20.162321634025346,0.37103645794335266,50.94594013090928,4,1,0.9285392769514762,7.216552647601592,4.03503583070134,deep
748,21,1.9009881434435174,2.4862917092500227,4.315499013914074,6.1944178825763805,5.272944673565825,21.165365759472614,8.660467995596711,14.941026396026679,0.31309828185510613,43.08312096784096,4,1,0.9455431561073849,7.3548234912890855,3.8656616706179237,deep
749,23,1.7438449075132438,2.218160178715091,4.034090470570259,6.047328162817952,5.0632430421725845,23.574258453125285,8.53735478696908,13.827538628762818,0.2932305270230218,42.182512907111175,3,1,0.9719183520671156,6.884879802182191,3.188285420944966,deep
750,23,1.5795762653173497,2.034153659438568,3.7168683576812627,5.732631765878368,4.233602276609141,22.65428976094416,8.521974686525065,12.368435419520477,0.27237451608270197,33.6507283927208,3,1,0.94445192813996,6.119186557895917,3.101127444377295,deep
751,27,1.6077626325537182,2.1040316395028955,3.5341784513480143,4.403297508823772,4.832241034572127,22.371865405868554,9.14737936755694,9.91449010854171,0.23308816988636877,29.163947207398767,3,0,0.7108199580739243,2.034767258378108,2.438484095147963,deep
752,22,1.6521197614253826,1.6520597087905038,2.93153803714065,4.109028650447914,5.3047713552414795,29.59400600667828,7.618559339087209,7.261581267521438,0.2602249514446114,24.023450415134636,3,0,0.656199698039569,1.3338536317367542,2.314677235164194,deep
753,24,1.1764627033759352,1.5342345912087552,2.6756895997267827,4.220697495354456,6.1580500649819285,27.575305310719937,7.689957619832685,6.141428800426232,0.1970443663067189,20.073075434490345,4,0,0.8303000490759403,1.92649909423054,2.7033708763130875,deep
754,26,1.2761980939380289,1.352575105514969,2.6087538193889115,3.2065133427212933,5.268148761638792,27.394138186398326,6.086026112345985,6.126187438418453,0.15345672363511786,21.774292010919847,0,0,0.30712336264342194,1.2845156731657186,1.2744737078181452,deep
755,28,1.2294668549114665,1.2587400895545462,2.3818103673206474,2.6783580408342504,3.7785781333295465,28.118628752375553,6.558970420403074,4.3797344149859425,0.12424466259462844,19.754821137780873,0,0,0.22507185908787286,1.6928973899950206,0.8980201341745329,deep
756,28,1.0338378272509292,1.3261623132490872,2.423935953899745,2.727944533504219,5.090666088847457,30.132805772807444,6.146815389801178,3.392902460848802,0.103235889095173,17.02122470112476,0,0,0.2815768985987424,1.81347164642474,1.0055460715752784,deep
757,28,0.9310218115082102,1.3751099189661091,1.9088035183463172,3.467723314077013,5.291152652645824,30.24459977292072,6.069357699968677,2.7808589617172186,0.1432433939637224,23.23284541089972,1,0,0.2859000271066358,1.5075182383165087,1.0052695907575226,deep
758,28,1.0503309411627118,1.2331169826030928,1.8650599507815313,2.6144252250491062,5.381513224604493,29.19106298646518,5.14017101224667,4.847157468370443,0.10271595692600988,12.774245794975444,2,0,0.31843275499942786,1.394826705768931,1.2665490449876906,deep
759,26,1.1027518698744165,1.4375968224338764,2.51282389798739,3.1182646375901037,5.383913000638412,29.369689930702037,6.7256078852901195,5.119436580256633,0.1568397071945739,16.91464088729371,1,0,0.34981712391503206,1.4136597609911767,1.1445748536457403,deep
760,25,1.3483065703526038,1.678948481178679,2.7108951826208925,3.6175444484498382,6.064915456281261,27.230235515075748,6.467577931478327,5.1357591075695215,0.18259362089025097,22.305898663487255,1,0,0.6469156603087838,1.31931867158222,1.9623945278479966,deep
761,22,1.357843831667473,1.8187969242012607,3.318609183445001,4.280629084792162,4.588593625844872,27.198945516543137,6.885905571178704,9.667329740490857,0.19439010919277783,28.849155525028937,1,0,0.5335780549270923,1.8523656728685518,1.9567734678661952,deep
762,24,1.4518813056545545,1.8353962370294035,4.163356230137108,4.5642699984468145,5.567594310064016,22.75410494941838,8.376821836851336,6.629252756732551,0.25174870613097633,34.050474029196785,2,0,0.8948075283301532,1.8073024967921625,2.9563539913237236,deep
763,22,1.9036217194423897,2.0462598555112566,3.73165773069147,5.174231444400542,5.160469123430025,22.987792463522037,8.976662593781914,11.10949422679264,0.30517196865596496,33.79835716358895,2,1,0.9290974666335925,6.224119110184502,3.3136804061488006,deep
764,21,1.6034257298404315,2.1004018173681,3.6277389266870292,5.978531031542517,6.121863143559499,22.132498237068422,7.947160603492713,12.628639430636,0.3326790862547171,39.42000129998736,3,1,0.8604517178593649,6.999035551773536,2.838921600981707,deep
765,22,1.7486870038183846,2.186610593717386,3.6078369309686393,5.226320973352942,4.884108667867091,25.562763782326755,7.751688305060835,10.961492995621606,0.2760136699459227,49.491239102959796,4,1,0.8588726824160537,6.397981114817449,2.8000895318429007,deep
766,25,1.532556742119607,2.2151279380658195,3.7428100204433568,4.933167737879552,4.594045051068375,24.84136689089016,7.562615146857023,13.523022877471634,0.22379383524266608,43.327307304477344,3,1,0.7943188657147947,6.627129650654126,2.9278305947540146,deep
767,24,1.6998217126705368,2.1116646472157483,3.9002797964948765,5.423479832106451,4.337239478772907,24.79488510024797,8.076252894650743,12.125420929892726,0.2502645244211711,34.520990413718465,2,1,0.8307323756959932,6.574760613255737,2.7493222202693453,deep
768,26,1.5500690642287513,1.7894927188447711,3.0776257326375585,4.362314014506212,4.719234899712343,26.083932550325564,7.802122545919088,8.56524584208138,0.2662877996266392,30.46651555797229,3,0,0.6924224470085387,1.257515947723711,2.6112260064201616,deep
769,27,1.2477074220453295,1.7456503577549918,3.59352207853519,3.88139834362714,4.237154923905072,28.079898069823617,6.454214762639526,8.001727834778235,0.22219806219246885,24.55529458924851,4,0,0.6506602378573065,1.8195259541495012,2.216666636938333,deep
770,27,1.2262002367274856,1.493885629448705,2.7274770831949633,3.5656640621945694,4.989465296948589,28.37352865051909,6.454122377260123,5.786637077157447,0.15404620200099386,20.263961166204364,1,0,0.48049402478713343,1.3812920835411053,1.6305600140641594,deep
771,25,0.9783278734611041,1.4020673203822667,2.167162601285705,2.8954306940722465,5.754679944848381,26.481503037680074,6.394576200698773,7.11720162794172,0.1584098634523725,17.836060074448532,1,0,0.5742901444296673,1.7503090429809727,1.751376205641518,deep
772,28,0.8860814027556411,1.4000436756029346,1.9895825968360774,2.8274239202209226,5.494603879841615,28.798510473259203,5.801475838576233,2.9767668838269774,0.1400341909149793,11.555771887109769,0,0,0.33617674636095335,2.3039129192815526,1.0833709021808802,deep
773,28,0.8429433854401648,1.1589484737140017,1.7660318640088888,2.506621359196739,5.687014435610037,28.712420832641985,5.2100569906277885,0.7384941607390476,0.10929389659598504,11.714408647036711,0,0,0.18387854331411568,1.5751137545160208,0.9150306318350934,deep
774,29,1.042232626169278,1.2400542404402302,2.1023131813795977,2.4286288602617554,6.0709524714329435,28.5514796570844,5.180611137871575,1.889737174620249,0.10926203132146509,13.612234669722474,1,0,0.31644717982142456,1.7578279586901693,0.904089081319166,deep
775,28,0.8702915561699813,1.1809878788202468,2.228729222273176,3.0104374168626107,6.125608638708147,29.95308998897179,5.101375881137615,6.008530734125843,0.07832313676316364,16.316923448863243,0,0,0.1970155091234885,1.7425240479370243,0.6801128541815862,deep
776,28,0.8787575794710727,1.2989134620497147,1.7327397125944408,2.6871638985527753,5.117543201810639,32.43685058787803,5.488105230197359,1.9221406320235241,0.11671188017267892,13.853328762831904,1,0,0.2617636188674796,1.6768226183459283,1.0756339598661904,deep
777,28,0.9283571235742782,1.3356901101367453,2.2855639536604913,2.9699983140963155,6.2089426539484736,30.95176758801913,5.172586212283857,2.3800101929845785,0.1120811943154247,16.16171695817937,0,0,0.2122344632635147,1.405337023562346,0.7168071741534271,deep
778,29,0.950256515997416,1.2691930866005574,1.9717912204662233,2.7242954647841398,6.754627068400705,30.273789855307992,5.316585399385251,2.5376055396174744,0.11858065659429926,13.868460702852573,1,0,0.45761102075874804,1.2716203302705962,1.553114171683208,deep
779,27,0.9302355380680027,1.2331956553134746,2.0328032633437325,2.517078183531244,4.913265443987482,32.68039671784282,6.38847770968068,1.200533277539865,0.09634109251534884,9.153388337308357,0,0,0.1635967677275632,1.375137081295362,0.8989377229676148,deep
780,26,0.9644946691017396,1.1520358094761827,2.0732827727756815,2.89583656686484,5.953354700582495,30.311294171350948,5.019212263216547,4.097457858644098,0.10107114502062726,13.584827319273,1,0,0.25417411736720075,1.2784110165600602,0.8740333088856516,deep
781,29,0.8543867490113166,1.3579388629630036,2.051577468143272,2.755643853276526,7.77344837142579,32.087723782111134,5.2820503218938795,5.162527153081992,0.07602499266206447,10.127753155970636,0,0,0.17755786143177857,1.2738762251268545,0.7077407673231108,deep
782,27,0.8040104759049889,1.2052408780135533,2.03341050091703,2.631424869072327,6.797231602384051,30.863057593944998,4.922728086731158,4.9110709260214485,0.06535580616860337,10.360756538826571,2,0,0.1777318415976826,1.8251153044048278,0.6558394042944858,deep
783,28,0.827195746042553,1.2074170894356686,1.943750049786564,3.1762106539587824,5.282586418795809,30.626658126272513,5.0481192455542105,3.097194417650089,0.08589670509743011,9.057612752135263,1,0,0.1518843795395984,2.5612773028190556,0.7246505829361691,deep
784,26,0.8250356552515805,1.2329281025631253,1.6303717774281135,2.9592890076219827,4.823417362946498,27.706832771546452,6.1164770949975615,2.5019332833813697,0.09617296808570211,10.868855993394602,2,0,0.22689531433654442,1.2868331267964115,0.8318923886438904,deep
785,30,0.8582135700156064,1.1117744146993422,1.7549175260926608,2.3384976847073298,5.11977228582041,29.937918885600002,5.499309313417425,4.27127730438475,0.09519400632355682,9.96499331837719,2,0,0.2748487978253138,1.4853567709198574,0.9284774064339552,deep
786,29,0.8469105434873437,1.0693438961502517,1.7792058238362622,2.39837083430956,5.169258757474749,31.171833058356846,4.931347479898612,7.937811282416616,0.03821442838645632,11.975442094370568,0,0,0.4405480752872988,1.505165059613177,1.549311118460488,deep
787,29,0.8462657909990814,1.117396402595489,1.7292300344769105,2.697903388328684,5.965303090242889,28.98581030299086,5.640501686458767,3.337833938139832,0.09652467965199818,11.528737710284569,0,0,0.19410957383507332,1.4739214896303745,0.6496948666742773,deep
788,29,0.8975879844783192,1.126891143433741,2.083449995797781,2.879882909205683,4.883383380223625,30.33756751102231,6.099159302251053,3.7312525398844696,0.10827601891864891,12.181960577330681,0,0,0.25548059961099556,2.0405601254467087,0.8434681735742693,deep
789,29,1.0599664696034654,1.184916579231724,1.976798237417257,2.457423207051013,5.105239148572352,31.214285848705224,5.153997585604961,5.8786841491213995,0.1284382590355318,12.999925332264375,1,0,0.1828470668986654,1.26317265259373,0.7274664880516039,deep
790,26,0.9838266352179235,1.198679425539556,1.8104110326882394,2.992341401962456,6.019463687905146,27.686993507603383,5.424567514512378,2.6017666216467257,0.1272213431328764,13.482547145507052,1,0,0.3390080924319628,1.6055883855566742,1.0849684393488035,deep
791,28,0.9304697934466879,1.1451677066774781,1.902803820484524,2.5506703025155493,7.026560243486973,28.28849353580249,5.600000572471032,4.999935403364996,0.09795365795112425,12.8414322230227,1,0,0.3013390944193273,1.7163914565669436,1.1574207979112,deep
792,28,0.9839534859925967,1.2271795359370907,1.9911558602739903,2.528419360585663,7.149844328170059,27.477014258021313,5.5395726853869185,1.1824312108707318,0.11914048787875184,14.813739002102288,1,0,0.3483435855289032,1.328007392475191,1.2418390816079676,deep
793,29,1.041132079960645,1.164524610167307,1.8407877319623898,2.4307795000823638,6.215779562927347,30.042460040953845,5.321675665609111,2.574163016353615,0.06398773056852397,11.699394665822826,1,0,0.23942476041791327,2.0895942261382623,0.820934248976856,deep
794,27,0.9209090628334593,1.1678892375027836,1.8292280853804117,2.892383481244977,5.396073294425446,28.31580202977269,6.165328006978227,6.25668461747766,0.08563912488530706,10.95608904929457,2,0,0.5050573433748499,2.1468219648884084,1.6347105498360477,deep
795,29,0.89641873202582,1.1830170118606642,2.2261978156642193,2.929324037522193,6.350190905059151,31.489089782558487,5.318950261543351,2.952294105983278,0.10444025576055047,13.021015822212629,0,0,0.23949021542253804,1.4367434208416539,0.9652668419955117,deep
796,27,0.8534885077673164,1.414405858079195,1.845485192232378,2.7759353682208228,6.57312506676879,29.863669223666577,5.186497987778819,5.045676828747126,0.11080295113289917,13.405342482885274,0,0,0.30633289985655565,2.225575659113801,1.1079012299305055,deep
797,28,1.1272682345178788,1.3349418510981903,1.7905907630026103,2.6009762760278816,6.496919458760413,32.55771418855238,5.844182814532364,4.052004911903768,0.15134053893652555,13.156516385958689,2,0,0.2760320888925196,1.3381361970920882,0.9265545779797922,deep
798,26,0.9927242483742885,1.2829278150386083,2.0647122258815322,2.5804494805593334,6.416031848574605,30.15801545153735,6.970296398039937,4.750078365040304,0.1271883371842905,14.53996383016826,1,0,0.2422306002951216,1.4264026127732417,0.8848643623540847,deep
799,28,0.867956241917062,1.3081253190487991,2.4876911747260575,3.0706954591694826,5.916781869537132,28.63075165765911,5.665521579315257,2.4448152252249318,0.14668826505556684,17.997602851311157,0,0,0.3454859560481855,1.7550665974056434,1.2906235197008686,deep
800,27,1.0015571883007188,1.2729262041738474,1.7612143486301486,3.1730276808209332,6.196937522183459,30.361717110306703,5.103709300861373,-0.034817325104604,0.11897516757159449,17.943332253092102,0,0,0.26692049985092187,1.5453290852425783,1.089481118384319,deep
801,28,0.8322343435100811,1.1472362938878204,1.9188543698516267,2.8695183986119885,5.196036147391874,32.97711530717371,6.2647916558408205,6.654670973687651,0.14638412020520222,19.166830525929136,0,0,0.26487083413065626,1.211838162242397,0.8070758141740615,deep
802,28,0.8977715550176028,1.1863166580257805,1.9813533769457048,2.496686241037688,7.0669154160312235,29.44644670670224,5.47522488067301,2.9513142900423697,0.10349506122387458,14.64146125884359,1,0,0.32434400746780945,1.3435388498928507,1.197274761856173,deep
803,30,0.8334954515826936,1.327571459753054,2.4142920020745144,2.6674194120608488,7.112068972978152,27.70244203288589,6.640972102640818,2.976776493968198,0.10496669560402254,15.078572282790622,0,0,0.24539705468751516,1.7972935621775128,0.9575997767281266,deep
804,29,0.8864863516438974,1.2912966697494155,1.7256037721645767,2.4472888139393225,6.926927199521968,29.066597122695015,5.981019373957508,6.899901849747711,0.06667888169945517,17.773241131145134,1,0,0.41604965791163745,1.310603711196071,1.4880871236025346,deep
805,30,0.8194283731122199,1.407107135055774,2.4899018991154533,2.3785235605397133,7.159136435537178,29.288407842444247,4.914665431852517,3.7088386183654425,0.11641418281702337,12.171030346919977,0,0,0.17116448821385036,2.016411843204106,0.850297750449474,deep
806,27,0.9572591519467726,1.1457840519448557,1.886678049753918,2.609960730665808,5.298726583462552,29.019052966933025,5.610864214981331,2.529881497487683,0.09476822918215276,14.477987977390375,1,0,0.2818545524399927,1.526159655504855,1.0030244228133285,deep
807,26,0.8697563524605114,1.2104383961232192,1.8368624525690112,2.550408242195412,6.665699533383701,32.29252718839022,5.334333991524368,1.9939620896740964,0.12904698794653535,17.186786599040094,0,0,0.18886425319822225,1.6245516084238576,0.7928087700906795,deep
808,26,0.9720301713586255,1.1444854435486225,2.446848437442357,3.037458806240014,7.4732334007173025,28.357963962646878,5.915745311986607,2.155359918220512,0.07450828227115466,10.50701570832384,0,0,0.2102443902747883,1.5027558294376098,0.8340912967585955,deep
809,29,0.9782048671888849,1.1577824901362912,2.6977176702659778,2.6243100636180885,6.610582445161338,31.325604556473188,5.808000722685501,3.5333617000982787,0.12637315602916452,12.715812459298112,1,0,0.28381843230317244,1.912457077742272,1.1264612120769888,deep
810,26,0.9152984924684742,1.2824326665698005,1.9163661786815576,2.70871507645819,6.945694067559384,30.025865402609437,5.284816545067279,4.366431227626213,0.13059674132928709,12.434839228390326,0,0,0.3503486656781484,1.2923272433138804,1.4586200917120264,deep
811,30,1.092273613344278,1.1519003610428034,1.8212330455606307,3.2202716266316496,8.45087306416083,30.06942200573546,5.361996648927786,3.307211451640472,0.09499013973589138,11.056169819057477,0,0,0.2020071753870907,2.3377904997109793,0.7571289853351839,deep
812,28,1.1804355196634948,1.198377002761435,2.104281664493353,2.5154183828431718,5.758431934225358,31.127607985988455,6.369834117444981,3.849763240357679,0.11053604687406672,13.484425277837447,0,0,0.27243668821911937,1.330522527840386,0.9841803110263387,deep
813,29,0.8365128263819601,1.1263776888416441,2.018267549545879,2.534771577844218,7.549845631986076,30.981507383578975,5.519210926285385,1.3668946566626867,0.08574952379052504,11.129883817941714,0,0,0.2842590623494508,1.9199708074745603,1.0521551867186092,deep
814,29,1.0800763786891707,1.1118203702634617,1.8297552913538477,3.013314678780193,7.114997872609449,29.19370045577959,5.67506767104993,3.8145693550582997,0.09750492982807671,10.960114920077624,1,0,0.3005325579584261,1.361547321715764,1.100230838826574,deep
815,27,0.8662665085236525,1.2855326305255363,1.8760660249490015,2.59917567298698,7.135078709974812,30.42022331529236,5.814433933361712,2.898305795907369,0.09650292930293823,15.669800669370616,1,0,0.2610127799534796,1.9462558412333106,0.9737406927771676,deep
816,26,0.9353417278540794,1.2920750092068445,2.009217831977638,3.0749000874230905,7.5941025531573585,28.504983343152038,5.535813578473982,4.072070992909945,0.1063735319453752,16.92492173233924,1,0,0.43538248656615214,1.2073026749272655,1.3852710597487499,deep
817,28,1.025328212892041,1.5337078955081227,2.1611214523302293,3.2863563592292873,6.185466015364814,27.190047379899603,6.466795698865489,7.6286259128061715,0.14018443609321687,19.4215515708878,0,0,0.5412837085937253,1.7526992034158322,1.783027882756401,deep
818,26,1.3908003182507964,1.5776498337572287,3.0818269410078107,3.737480880538284,6.38334893252649,27.608887615939206,6.6462396608115455,7.886608402912702,0.18142412744605727,30.731553240928932,1,0,0.5100109391747476,2.2781515815754396,1.8717339712373435,deep
819,27,1.2887888235012919,1.7496277520661878,2.943386354908757,4.093787436028116,7.498640903612395,24.8037497515665,8.169661836113843,7.3329006864208806,0.18837781902797474,24.50344610403562,2,0,0.5895999790868877,1.6594855172683385,2.1325275993583195,deep
820,25,1.460919298475264,1.9494652926957317,3.363356768605701,4.4367740256492425,6.92001884614799,27.409098639404068,8.543189844486504,8.22932522741549,0.2002192738507898,31.321840023326708,2,0,0.6992709763564982,1.2910496623183825,2.421310848597959,deep
821,24,1.5443928436344574,2.036335766709811,3.5637453375313233,5.017044347127016,7.652894642706822,23.261960350858292,8.305470804901224,11.554211971332657,0.25158773669529033,34.60944913681542,2,1,0.9575481418590583,6.334962379453219,3.971197980835535,deep
822,23,1.6686707201362656,2.159565666547865,3.985307503630508,5.647594362604713,7.519102946547414,21.67824096452673,9.393757461068283,13.450611279158299,0.2903652613376094,38.19169123205268,3,1,0.8717532951511914,6.78550041559986,3.1159200915677134,deep
823,19,1.925953157233673,2.5393511279632377,4.311804237414352,5.686910876876691,6.077390915618834,22.65579169364248,8.902333767037193,14.901031726093784,0.368818706160889,50.582899620577486,4,1,0.9384434869537098,7.2956886546076625,4.2983258296951625,deep
824,22,2.2023139613348266,2.8659602633810457,4.719182115620349,7.043063187573652,8.288956849919412,20.750512653541016,9.080728577510119,11.327278998667046,0.3689230951486454,51.949609231245944,5,1,0.9099470539807895,7.881301383754386,4.0168163688053795,deep
825,19,2.2011075039062598,2.7329108602005814,4.984278395822968,6.903234469516393,7.7858476842320234,19.8922613990772,11.104283142611258,16.972104711700176,0.3932787930169564,54.0368375968832,6,1,0.9469542602836428,8.218381991547057,4.310953493150874,deep
826,18,2.176801624634925,3.0639562371194695,5.300374193987834,7.894783356976722,8.033866724045062,18.715731781547355,11.561880806092994,20.19590374199391,0.3852985422149844,56.09861601296447,4,1,1.0,7.896163384843809,4.670827250982404,deep
827,19,2.3540712298753834,3.1969028795713963,5.07266152663982,6.96976335622216,8.334520640582095,18.17903549501195,10.917858348370752,19.499111333718034,0.413132084804733,53.27887044535021,5,1,1.0,9.573456516686349,4.5442271646365615,deep
828,19,2.256918294521897,2.9360928664571717,5.151684291576666,7.215930761552137,7.256400336877708,19.33417674319868,10.018656195857528,16.938611675896624,0.3788140254053536,56.03689454014759,5,1,0.9451041851130648,8.591790015083614,4.712300440427369,deep
829,19,2.1532797134829735,2.8903088550725577,5.565701372318663,7.180052155214958,7.151171916843081,20.743293481001686,10.23229849442614,21.723596262116786,0.4116866875345793,53.83531061320276,5,1,1.0,9.069172475868434,4.617790744059378,deep
830,20,2.4479480905056192,2.922428660910277,5.137998185643815,6.83635542020489,7.034477477157766,21.136041955918895,9.625516741662167,21.576495138328813,0.3840623826956319,59.21942182004344,6,1,0.9534476042507741,7.791054092635253,4.691484241546268,deep
831,19,2.1884654439485156,2.8900259322963957,5.166658362976661,6.777356223731673,8.153079481569689,19.229743871366043,10.06327742030033,14.412723234809512,0.4036308189496176,51.93551339736081,5,1,0.9535997568317269,8.21405366421202,4.837045809366772,deep
832,19,2.1670765626487944,2.9898740241115713,5.475188342527606,6.926501730305718,8.741076180525575,20.47537790385469,9.753408117355193,19.243149706690897,0.4150030805680487,51.467396621501486,6,1,0.9617902097940776,8.264503985366828,5.257539661379536,deep
833,20,2.2083339797721284,3.0385514769153756,5.0406977080644495,7.4993780681726445,7.392081376199355,16.87681585862491,9.945054146849271,15.475505967696185,0.3657768263696131,51.913176646619135,4,1,0.9803979820910965,8.027781294845603,4.530108006057545,deep
834,20,2.253232924514595,2.6924340753997344,5.028065937310215,6.688906285037692,8.734354971465478,21.01489128483282,9.867314151442958,18.46920617840287,0.4394017855952121,55.038518240309436,5,1,1.0,8.106123700285586,4.424711437459672,deep
835,17,2.3044557003039614,2.8866428363977628,5.022261070858877,6.970849642733599,8.164304822198405,18.88720530164259,11.266768934692811,18.37293091805143,0.4166700620697904,53.23806211741486,6,1,1.0,9.051172588663302,4.51386419769305,deep
836,21,2.1153240858595135,2.6729025162893283,5.485276268335876,6.690749462174657,8.203133317186758,19.174154010634222,9.833659423359451,17.850625596670387,0.381714391269587,51.93109145781623,4,1,0.998403115288203,9.317103980909936,4.331433859124322,deep
837,22,2.089582041063221,2.6600350967302724,5.319662915046273,7.234574385082664,6.7097114294471645,19.858804103616407,10.420752014954942,14.59223299466243,0.35851722376557205,54.168840706066284,5,1,0.9841642305819734,8.879962767377487,4.415590504579655,deep
838,21,2.2614459641516236,2.7495637798180383,5.372226910905023,7.09713399547556,8.569613435698589,20.359486665999228,10.876412309969018,15.120177303341995,0.4194085924727201,51.0903566192245,4,1,0.9645176251373464,8.051494232390516,4.427000337404705,deep
839,19,2.1903752735453303,2.7631139240981093,5.044418508429615,7.294834208811037,8.50131353630641,15.888121283314021,10.120292784076652,17.232736658304102,0.38576515677874484,50.74569348537077,5,1,1.0,8.002196711126802,4.861758704050011,deep
840,19,2.069426495111744,2.590726453765694,4.938164341174468,7.879675402322795,8.880819285804952,20.763597797509444,11.255572922376562,16.14478489646545,0.4374327360305648,53.12921863789063,5,1,0.9590194708182834,8.796295233921683,4.296027019820258,deep
841,18,2.0691228404607,2.6055003777123042,5.292574850072346,6.818916034486759,8.45047882680622,18.546058885708177,9.37575082446985,15.351671848698116,0.39003018480896207,50.94923833928772,6,1,0.9704030539880528,7.8849567392222815,4.500513855181803,deep
842,22,1.966034704605433,2.455147046717609,5.177776765224625,6.10978614969898,7.935258484870172,23.091665689295386,10.72080978332994,20.12973599698161,0.3313268739372491,46.31652563829899,5,1,0.9428701265393981,7.946710370557186,4.145392283198475,deep
843,21,2.018687258902866,2.6635579181601416,4.941649395022301,6.225248935431166,7.6467576344338415,19.39719641979353,9.989772568532189,14.866641186426609,0.35288160104470984,45.32440429908474,4,1,0.929510062352499,7.707513680166386,4.022550487035365,deep
844,22,2.082429570285799,2.516256454495354,5.002639566664648,6.327007453358754,8.213861274251288,20.957777176689454,9.406623994406553,15.220619584219744,0.34423099178926747,52.206899333938715,3,1,0.9733182554507424,8.560227944526309,3.8637905929623466,deep
845,18,1.945850759754754,2.808628374985602,4.487094538314691,6.043244986338631,8.067457442994934,21.854118358244225,8.975111158246426,12.773977215404846,0.3252102176871944,46.027898490208884,5,1,1.0,7.84125328192683,3.968324042849918,deep
846,22,1.7873600284585232,2.328631467970486,4.854990335297314,5.808017891332526,8.142465210224215,22.243521219522144,8.893108828836523,16.53073318689159,0.30274590084296327,47.59422585351598,4,0,0.9080931771109847,2.2062702244619907,3.4776723591241967,deep
847,20,1.8832797855367462,2.263793783025452,4.066512948669073,5.463302854870461,8.829620459999951,24.68405810082432,8.448401828218358,12.742762941726012,0.28590638347957337,38.8433416991533,5,1,0.9285254782940158,7.875166844941619,3.463748848695091,deep
848,24,1.6969300225389945,1.9677654181306956,3.8666768053705374,4.879837312182321,9.359712404134644,24.497119074383296,7.723413431536293,16.09487291626222,0.26211877326464167,38.89907813398776,1,1,0.9030898448963527,6.4239241557107984,3.1275769719013318,deep
849,24,1.4499594395176088,1.9750739859026518,3.8412013133478777,5.223679431978424,8.339971472292136,23.602412696701176,7.869348079700286,10.64882696427644,0.2752687655925452,29.454465063362495,4,1,0.7818408613579921,5.937880410990282,2.856103885769247,deep
850,24,1.3568280819881218,1.7549997549304417,3.0230489266592193,3.9404982256147716,8.120447846432121,26.0443182540287,7.805261863596955,9.78508616266673,0.2220242209493214,32.22678813169419,2,0,0.6174483218661274,1.9139414934853398,2.001133747630408,deep
851,23,1.5040973357026637,1.9030102271325493,3.286607282128239,4.4996218107038155,9.125626351265934,26.560768546543933,7.566540904506533,5.692582681853535,0.24633639665456886,37.1765495133766,3,0,0.8528122675132594,2.0868891767334414,2.8388954261542025,deep
852,23,1.4879371039225697,1.7970093755413026,3.2356551826824114,4.347743054598964,8.731289932267716,25.010329030981403,7.636403755099729,7.754425793016609,0.18971428535613002,28.98729100668663,2,0,0.7542332096817149,1.638819788286696,2.4499960798255396,deep
853,25,1.6428194202700692,1.8119000004747456,3.459505721894013,4.9586969913912755,9.07422091366485,24.759331561491674,7.2661628644935075,5.826127818079952,0.17542085430131843,29.40051443304601,3,0,0.761970987461971,1.693482497664122,2.4012762545860173,deep
854,24,1.7333545534763322,1.8752776813424257,3.8475929773207107,4.3960857783924325,8.683583461598273,24.456458788868435,7.055946845017471,11.58505084245244,0.20219965481505353,34.43308653429806,2,0,0.7991032752899041,1.6458982888876972,2.7586558147788036,deep
855,22,1.5760479541024064,2.070980987088545,4.119620455718031,5.7055863937960565,7.606529719256331,25.724109184604966,8.002478837807468,7.906640422153318,0.27455711110916564,34.434358070775005,4,1,0.9098301713122103,6.486229255033274,3.1428269304071574,deep
856,21,1.935652204573443,2.8198580787806518,4.22890451969593,5.317752384371253,9.083787879429773,24.163055169042096,8.552913744108848,8.908256629937044,0.277950459153743,41.483514874358676,3,1,1.0,7.049227829389589,3.6672256532757377,deep
857,22,2.0337253900408587,2.476760508039016,4.630000815739947,5.853428201032836,8.425809903472684,20.939327257088156,8.681525594518327,13.444494445259588,0.3475629889041824,45.00578560007223,4,1,0.9711618255816716,8.929903836984115,3.8703331382135002,deep
858,20,1.961898449667528,2.5764210025747505,4.676505104520225,6.695018244462658,9.74607156012284,21.98894090666963,9.151552713203694,21.221690637245466,0.3951476126211763,46.191262358442735,6,1,1.0,8.404700351757633,4.330191460764214,deep
859,18,2.1227795690037587,2.8317642814171218,5.255001669360247,7.179480910720396,8.759064634309139,19.91291455867137,10.10662598056471,15.13370507849897,0.36337148767522365,52.54417211489447,5,1,0.974105239777689,8.160783999791603,4.533937894152702,deep
860,19,2.2889782935664362,2.7419140556878348,5.426238623199035,7.095662358506326,9.807231831952647,19.070329969219543,9.726647833407723,18.714314633888318,0.40840038002636053,53.5918059465725,6,1,1.0,9.057911523171754,4.964898777017328,deep
861,21,2.199776244795882,2.9264141594563444,5.243668212940538,6.881560996782737,8.559268136556527,21.609332292022597,9.8437846110608,14.35926603324431,0.4137624947778879,59.6185465327222,5,1,0.9848316330336118,8.331174125675563,5.491656188630778,deep
862,18,2.290027515795542,2.8173624721704793,5.361333777380894,7.440299206688262,9.196987068233469,19.81987107507646,10.104355171573559,18.65318278141045,0.41632401462861707,56.79208491466868,6,1,1.0,8.326094733027203,4.66769519466361,deep
863,19,2.1696217520082195,2.8812187284960977,5.657618054105488,7.11864172701173,9.131982118009963,18.483735093844118,11.208689291515821,20.53319173010124,0.4064753689852043,55.71668126386666,4,1,0.9954286854945873,8.174594738685373,4.559960644353043,deep
864,18,2.280574908872397,2.759703321480722,5.30558013804131,7.213435957298913,7.519637882033104,19.328653947713256,11.181869493381292,18.27680385152132,0.3841972509211316,51.689094640911954,4,1,1.0,8.366114159632838,4.8032472099822705,deep
865,20,2.1653286808884995,3.0650095684556087,5.413398480309432,6.9798000296362845,7.755392658945488,18.95692904201827,9.99751875755555,20.356574124349493,0.38623970514955036,67.77340056199573,4,1,0.9861315698637975,8.215678165987354,4.980359680773004,deep
866,19,2.2329760788024813,2.7940094125982995,5.743949582129657,6.873256626232044,8.70493049199346,18.170295315546834,9.900076461943996,19.856680409037,0.39737918086432245,52.29069344825924,6,1,1.0,8.453205134092327,5.513966233242054,deep
867,20,2.162265373818594,2.8459394525089716,5.035055148269281,6.791999925260912,9.085995183263776,19.574996045859702,10.533828597535303,14.745179783081532,0.41737815212949086,54.00272352408402,4,1,1.0,8.1177071721756,4.733962524177459,deep
868,15,2.2179843202369978,2.833596756117059,5.208403930128845,7.2943948167783565,8.580493191534362,19.018285093969336,10.674744127674787,16.49031877604525,0.41185945315570005,55.289702778844784,5,1,1.0,8.040899251341681,4.782494227830813,deep
869,20,2.1756485832968835,2.938964172157241,5.205443711678157,7.05028621994428,8.886301737753678,18.08477690710661,9.898061718637456,16.900952385207095,0.43745999543371455,59.38775752667446,4,1,0.9808346568938643,8.211609153829157,5.36341117538747,deep
870,18,2.31643973625071,2.8856500738431525,5.261482946533962,7.210842223613574,8.9539293625333,15.704404383365596,11.057652163957284,17.617454008468304,0.4020980323989888,56.06501998099436,6,1,0.9914508657501919,10.051281328280194,4.947285384160369,deep
871,19,2.329249449212681,3.0910794255376817,5.269701907078961,7.3207846404689345,8.286032646927985,19.461242198147115,11.200542140745732,20.677479704334964,0.4487057287365305,57.43342489613657,6,1,1.0,7.997092289568754,4.590695505052886,deep
872,19,2.372169979948467,2.9288666919348327,5.265228089444071,7.296443315000737,8.654839355291271,20.77566137101394,10.781226363026683,18.027754288240093,0.4124130867564639,59.11749640672586,5,1,0.9989831864354133,9.828593068357424,4.757425042083638,deep
873,18,2.190076682872781,2.748728282876825,5.365579461173712,7.096324257274633,8.212857854715324,19.607624984928986,11.400739732984787,18.37667158916652,0.42355183435725197,54.41267477643889,5,1,0.9497010272490126,8.523189059064674,4.685436526559199,deep
874,20,2.174151629707935,2.7397999525745735,5.3470947359930605,7.139508265197781,9.20286806146791,20.418579102232563,9.906124486204936,17.929112296371297,0.3543969480538762,58.61136412780394,5,1,0.9544572329024306,7.882341072201703,4.456370955919479,deep
875,18,2.4001528338509273,2.9133893271395657,5.338805139576178,7.2142927642146635,10.152051192759759,18.812692615981444,10.750333779724674,19.39690625510647,0.3885502027429769,55.41717557390961,6,1,0.9363430458192994,8.2539852311831,4.8244113452792465,deep
876,20,2.1432074342988465,2.807886572016368,5.288466627747716,6.976773683639991,9.845485754807102,21.971364679115773,10.520836526292634,15.024528839276451,0.43300182253804287,54.31524408000662,4,1,0.9332235864034065,7.888615851885638,4.521081065375303,deep
877,19,2.303750827701399,3.0204748905042647,5.2829213750716475,6.904652102293759,9.384502624800508,19.513477238266564,10.782242216564347,17.441950206416955,0.431589832818223,52.60122115859232,6,1,0.9805645152528655,8.201131104404336,4.681968343976505,deep
878,17,2.153155447763925,2.8418465555455987,5.350030684087205,7.0528519860312215,8.840291941708617,21.843095220331218,9.845492974344404,19.32770020538971,0.4307676406758581,50.46682958611042,4,1,1.0,8.435779438420575,4.5844574036887575,deep
879,17,2.2252014926057844,2.8776398977336006,5.047086862240826,7.002569830563242,8.786687548960629,18.546463878387762,11.008373043563477,17.863774259447627,0.3993713073628575,55.903164363171825,6,1,0.991427944221293,8.045899237690504,4.570474905877609,deep
880,22,2.0819177350486555,2.596187553807165,4.7807547206543575,6.884103889599378,8.37673978012515,20.219911733052395,9.455373699483161,15.641941318590701,0.37962634240475746,54.729674440880714,5,1,0.9555930704334186,7.54314032790909,4.514218767748362,deep
881,21,1.8675480172485561,2.7040863316174333,4.2558451310931815,5.811072381400011,8.177926972652058,21.491450217608033,9.057792996409457,13.82569194227312,0.33893363327477766,42.04437320300908,5,1,0.9447872584965084,7.292882854009155,3.5550949758672212,deep
882,21,1.8109086173252023,2.1949267947662063,4.047901563360325,5.478335470815437,7.627401721284691,23.421815699974477,10.283626900374273,14.560991933824628,0.2831109432376466,49.3062880772889,4,1,0.9320262563070986,6.450843415541951,3.255290887439426,deep
883,20,1.946006818024606,2.15232596633402,3.972517578300963,5.323644157620883,9.005073106061857,23.23739363829209,8.694995404451992,13.171674776693976,0.2803269453454378,42.518358065258624,2,1,0.9587631607754881,6.679986594909288,3.33407229327915,deep
884,22,1.6631901457731995,2.214678629388253,3.7926638908248482,5.303304378183023,8.32915757158932,24.080345578712798,10.624570936172432,14.06733536431942,0.3372799862493261,36.70305694369032,3,0,1.0,1.7204572952686827,3.70027304443341,deep
885,21,1.6765749577250617,2.4037389391923734,4.278237324237132,5.759409275210511,8.95020968980227,23.290867653661557,8.02522719433027,11.035984081574322,0.2656094164989708,37.65552376052659,3,0,0.9839578693142913,1.4674744774082176,3.308251757538422,deep
886,20,1.726850020348958,2.3020705379539397,3.8837222083407124,6.166433727631255,9.70318484382674,25.34209154410019,8.694172023979258,15.10251028155946,0.30075447723536153,36.985781140100734,4,0,0.8705730045438125,2.159167555545447,3.109904355209666,deep
887,22,1.7077787606892934,2.3229711941756315,4.36387607010861,5.746859207117492,8.65554970491935,24.447412227861303,8.423757260041018,14.703199857745858,0.2866805986566535,45.960438185868874,3,1,0.9368948253059369,8.172533892687332,3.2066698500921658,deep
888,21,1.898401730650092,2.552843999806228,4.2557044749501385,5.627437472554849,10.222095751330887,24.33263808796615,8.699494425111371,13.565630933024877,0.33891352884513404,42.28978619069554,3,1,0.9964900984238351,6.663925512748657,4.071936242964396,deep
889,20,1.9285910383243043,2.797658614636474,4.917439736332341,6.068267777018297,7.239127777919736,21.651735145239094,9.051340195295193,19.43093523614222,0.33967896023993205,46.122826234055815,3,1,0.9824171529541268,7.117976878496942,4.018128047610642,deep
890,18,2.088823052591423,2.5077962564616585,4.672687403415679,6.598848149666304,8.169523447695838,20.46876267617094,9.628644096627047,14.037308731594461,0.3575755705879793,51.07495266739136,4,1,0.9924638246884114,8.74623140333982,4.087524044484695,deep
891,20,2.2261816040515803,2.761750097010308,4.998270607907459,6.8437913784276025,9.353284896308224,19.45373508347844,10.360329843443475,16.50592066716431,0.36038987022568536,58.221238733391885,5,1,0.9692291362512725,7.968709040446887,4.780447742127113,deep
892,19,2.093242092962623,2.8647577236215227,5.1251676573737965,6.637632650924028,7.008570739268395,20.870339585526622,9.618372758320692,18.00587874296748,0.40087879918474445,57.01190669521669,5,1,1.0,9.101277749027826,4.669175090700178,deep
893,20,2.211579221437109,2.7353090623818646,4.9010545520032975,6.729961048606005,8.48455877617662,18.81897545285736,10.414780168402231,14.63725558625778,0.392561544688433,57.43018482475439,5,1,0.9847551383968071,8.587298761778802,5.2911538402663325,deep
894,19,2.1811242330938483,2.8827553478860617,4.97956056996242,7.227873480160117,9.422390860399586,18.22783821679961,10.228909516643633,18.30940972826688,0.39469462534388955,51.33137178177558,6,1,1.0,7.814334741354951,5.206540648124465,deep
895,18,2.2145980464879362,2.765152078858509,5.131545379348404,7.015401280463171,8.136840932202524,21.017921352426352,9.712464886619543,15.641576813507744,0.40192332752100696,58.489628775481904,5,1,0.9816595573059268,8.52061120115248,5.053674282637482,deep
896,19,2.2205203867706063,2.898637422999838,5.240707014491803,7.471162809925733,8.996798500158908,19.428654209311645,10.109416219885697,21.485631579234248,0.41712037483962766,52.71436587596555,4,1,0.9990230993457331,8.804476146577967,5.079980371211002,deep
897,19,2.3437660800849023,2.824538626992997,5.375875608884252,7.114876231615622,9.136099790651153,14.968592547369727,10.238581745355079,18.974201118868216,0.39844474235381133,53.29716858812641,5,1,1.0,8.119700283933147,4.612670411488516,deep
898,20,2.1825313412601828,2.9087879046434275,5.455779070480178,7.1616013388778645,7.97403434834973,18.348298229083582,10.579610166517961,17.237408910339305,0.4180806166833114,57.151434480328916,6,1,0.9962446342462407,8.333985579236003,5.442689729111433,deep
899,19,2.2116531609179586,2.7696204859120463,5.154374298670752,6.894909344974466,6.875859350660195,18.828766200294947,10.88129807116952,19.94613873019286,0.41300185279230817,58.90576969447438,5,1,1.0,7.973672751399968,4.794222868292386,deep
900,18,2.304727620914048,2.999069799616095,5.28638320888328,6.740736507548312,8.517464546346403,21.766528276451236,11.045780117065334,16.914832645548763,0.3885755025074039,61.77067623401214,3,1,0.9329492436484669,8.445586985844882,4.846987306727923,deep
901,17,2.121424132127586,2.75123437388298,5.113412155551457,6.69681278363467,7.883054255651484,19.49236054326437,10.90010148450936,17.06829006632844,0.3885855062392554,51.38639332787,5,1,1.0,8.026217149413835,5.231877495718861,deep
902,17,2.1704836220308388,2.8794058264707187,5.322789355558808,7.4553664978896865,8.697751661351445,20.22911736898959,10.51111956224573,16.87005128064805,0.3935018401759619,50.903365101965136,5,1,1.0,8.710846896095568,4.702288241619222,deep
903,19,2.278800375074644,2.8153244985586787,5.274644155129971,7.081003308073568,8.650889116716744,21.133046608046296,9.802931014109415,15.463914691236617,0.3662217304211685,51.10497779901294,4,1,0.9737944502401064,8.122073866627748,4.454079818439664,deep
904,19,2.2206657570871053,2.7216178129931805,5.3378457478033825,6.8220191212795935,8.467717295172045,17.140246126667503,10.081905324007083,15.80602463653468,0.4021116281475306,54.14191768386173,5,1,0.9376060986039859,8.102710544878482,4.85229280274013,deep
905,20,2.3072527866927453,2.9454657661492085,5.348554734292096,7.3861147271397485,9.20507166096739,19.175790539785744,11.201158479271546,16.463094761536205,0.41819697346222917,53.73917559034916,5,1,1.0,7.939752224785992,5.701863763680313,deep
906,19,2.32844079854997,2.913979772783529,5.244075601149226,7.062847462248579,8.749254161151569,20.556645059472928,9.79832407010817,16.291345568398874,0.4207015619816494,52.302363932389135,5,1,0.9856833477516609,8.098293002332174,4.5392957968706735,deep
907,18,2.3733075945569078,2.819604523877729,5.015119046472304,6.7900565900236876,8.907009817971659,21.42121255425871,10.427278127771354,16.04832601892175,0.40160413959144364,53.53779009554794,6,1,1.0,8.394336589592758,4.991626903181454,deep
908,20,2.0951314079950603,2.740606000820085,5.204479280044245,6.915647779128464,8.888105803049012,19.02007454471502,9.996784100328133,19.30796663002023,0.3926430910263759,58.52385637280367,7,1,0.9820925655298416,8.622747345661288,5.46676132989179,deep
909,20,2.0987390406583972,2.7870267411705005,4.871270602111412,6.578887204964226,9.60908383336782,22.123984542963942,9.499916111046995,16.29878225372509,0.37902323531903565,47.97067694990263,5,1,0.9759249734166017,7.51031012903683,4.841437750431121,deep
910,19,2.1173591777888325,2.4979606757952495,4.659222644270795,5.828242910543222,7.842828216646411,23.052620834449474,8.972451282558023,15.717674194857935,0.30173192652552216,43.64273473026083,3,1,0.9501051598705711,7.040761460635758,3.9380332287545547,deep
911,23,1.8444959475580938,2.2282617208991247,4.29060505463935,5.3039223095590025,7.059489890152832,23.540457409643743,8.275591297797,9.146845140425278,0.3065021191615161,37.71960130896962,3,1,0.9366722380910403,6.671227342906717,3.3806220733911485,deep
912,24,1.6307308990088336,2.0224775691673167,3.6615152265351663,5.001204858136286,7.910496812998794,24.861509593204943,7.677874195999289,10.08358733399981,0.30071423566827254,35.313493806495934,3,1,0.9480309230555691,6.549344638469798,3.1514186093256478,deep
913,24,1.413260204776197,1.9362416543938155,3.4276157810120904,4.527759665218109,8.564889052397824,27.970827798387806,7.541774094113438,9.780874046810274,0.24246550508627424,29.458781214295964,2,0,0.7297626182849306,1.3839114043287077,2.517730697704634,deep
914,24,1.5088056785991657,2.0569113221178474,3.2738441848836892,4.36137702360186,8.24907997063111,27.057382501192038,7.384035012229561,4.929928127187678,0.19325060759133514,23.901600654719925,2,0,0.6251408825635457,2.3420617705529763,2.2486816294889067,deep
915,25,1.359054475573593,1.743183799810508,3.2477887088900186,4.218645834850593,7.906039663501294,25.69082030713018,7.537415126424081,6.231964358750444,0.20454803076473854,26.28054238299091,3,0,0.6905067870913149,1.5915915168152006,2.333209422861913,deep
916,25,1.3491836147946876,1.960862644209406,3.0171515729395004,3.908499438609828,7.731228121849232,27.42182095915624,6.692737635697152,8.018952043739926,0.17571230084027872,27.8385919879631,2,0,0.8177260252815189,1.4305831783267098,2.4775479542597223,deep
917,24,1.2904909395465503,1.7724838120351625,2.873257365916078,4.61759673431114,8.208710342915305,29.419672654132548,7.092191154224294,8.37980643400116,0.21775997083303433,24.61841131001877,1,0,0.6181009615249266,1.409490041222235,2.0124076536288147,deep
918,22,1.450343481522823,1.971693290376984,3.3130261686441065,5.346451261917296,8.878897972589883,26.93525576422204,8.647163724247507,8.681040685300195,0.22570393416051898,35.24983632308023,2,0,0.6780762825665361,1.7298550559437396,2.3433853192134246,deep
919,22,1.7510580863304825,2.1994261774624952,3.6176625444657686,5.700297994767437,9.027369586677242,25.13623469195541,7.731494627904663,8.487228135094362,0.2903176975434227,37.92690818313001,4,1,0.917013822096244,7.705383225702386,2.953383485639478,deep
920,23,2.0107716354597214,2.398588383751466,4.26109713032349,5.497046707601492,8.362912328459108,25.861366744792385,8.987107138547046,11.78180556868785,0.28701104614120754,39.91715279127797,5,1,0.8824655815698799,7.350632713734537,3.5755812847079604,deep
921,22,2.1645962702870967,2.7394494491576307,4.6104253011663445,5.976802594225413,7.820709995061325,23.87691917410553,8.717979173546823,11.865155727841483,0.3487212276033129,46.589568915235155,4,1,0.9429289937596264,7.910470048111956,4.129035427870807,deep
922,19,2.149609150343373,2.6077428597911316,4.717385989003921,6.433128865241017,7.550344840598386,21.18540898185279,9.740477552417678,14.383783089599111,0.39925516366834296,47.37973683357168,5,1,0.9634002438939516,7.5190927582332545,4.370890467480315,deep
923,19,2.3775719125517902,2.790639158307326,5.403703122564871,6.947238859803185,8.902573294156008,20.452428669393758,10.721698895172143,14.086633742991157,0.40828277155718695,55.87804781908921,6,1,0.9987242912057416,9.491277151344455,4.689367268146601,deep
924,20,2.187059974476057,2.8816481291638563,4.98097713896588,6.931230580499481,7.837915346925963,18.887749218044824,10.164966887656792,13.900642597117947,0.36891472372840906,50.55361304564089,6,1,0.9800634090155083,7.82199821062258,4.519403355402703,deep
925,18,2.306306739328118,2.748010340811991,5.181451428302696,7.052408787818929,8.215810299295613,22.567308209775913,10.093803685139903,18.438859014912445,0.4042775631289206,65.38901408515159,5,1,0.9604864848240902,8.193657968862915,4.4590771388655925,deep
926,19,2.2213818249274766,2.9978414824662276,5.145475066791341,6.784492938932969,8.296977210489622,20.48729242650693,9.633100747692135,16.30113208802627,0.40693958493523436,51.62193447364933,6,1,0.9861228630781091,7.980867624824297,4.475273226317553,deep
927,21,2.220461835481888,2.8873422762606396,5.084045703599013,7.026430047644766,8.311598556387525,20.140598699357398,11.086672985103244,19.56543163116546,0.43789753730107955,50.65898851367202,6,1,0.9655636404185151,7.795933839765718,5.054385863376579,deep
928,19,2.10479996173812,2.850253878968216,5.12468958394624,7.229696526228836,9.010419584854931,20.560514899159898,9.489357012217337,17.19001397861631,0.37164052380920165,51.79847357194291,5,1,0.9351239001771353,8.09945016798616,4.523038207703498,deep
929,18,2.0140956520720446,2.6394041080063357,5.064361483890462,6.68906005072893,8.822265539646647,18.234568526563912,9.014746020581171,15.50401526426352,0.3863799663315228,49.406874561272744,6,1,0.9401833431526192,7.234988170158977,4.213065094538707,deep
930,21,2.12007834463956,2.668891197295267,4.972785876087661,6.341643176293479,8.056250588686204,19.51035157711645,8.97695445935274,11.412839705734973,0.3874195552240176,47.109465992785296,3,1,1.0,8.461754461077023,4.726706636036598,deep
931,21,2.1112139706027238,2.516902681750859,4.540672107907764,6.174077637493394,7.784164148431303,20.077235174147926,10.661614189986693,10.64528700139303,0.38059966156384384,45.75938740237194,5,1,0.9590680668456847,7.553314643660544,3.99063675060818,deep
932,21,1.9869080210884371,2.51266163014829,4.9237048380579616,6.481708359551118,8.565651779973935,20.056339548229918,8.994443297180585,17.496997661824178,0.35339093863758575,53.01764423752951,4,1,0.9826217738802521,7.810596579831702,3.968383721750892,deep
933,20,1.90520005105763,2.56948792291142,4.524250402468965,5.56397745320109,8.61464130405742,23.977020252329208,8.482143447579162,17.402236960569294,0.3472015647308586,42.54183842923342,4,0,0.9268956858612629,1.5816027364788119,4.023493513510161,deep
934,22,1.6613682335738094,2.364762501729308,3.955838188980054,5.477637804969575,7.315367395017821,22.928218050419922,8.547832925084787,12.487583401010307,0.2775517572242049,39.60979012520275,4,1,0.8764247076300189,6.504852859168214,3.1343881253918,deep
935,22,1.5247821608189407,2.0116666978747406,3.730553138325935,5.002855474312215,7.971870225411027,23.38106497506231,8.22490004636129,13.553429037906797,0.23286210535471097,32.30136459205221,3,1,0.8708985299401509,6.924712719398066,3.140578413761074,deep
936,25,1.4501524382657427,1.8384955323471106,3.3480190375595664,5.09374061000713,6.672111550380143,24.746252516994453,7.573435678898585,10.382849901808513,0.21920203104560482,34.37730768596891,3,1,0.8690972857631332,6.5861146379342435,2.7516416816287106,deep
937,22,1.2806131365008477,1.7864784437938854,3.67378783956191,4.252126820126257,6.656859197831407,24.249597019961815,7.067814661715966,7.363072994539167,0.20328512494902784,25.073218856163784,3,0,0.5937300944505002,1.5401775284524706,2.0458789828345876,deep
938,23,1.3982816241567115,1.8279844631308855,2.8762111146999736,4.526634049480584,6.333555649186165,27.11529849554495,6.507667093346712,10.366604996408375,0.20970818170748676,31.30427099299995,2,0,0.62287204016804,2.1152087114936746,1.9784880652528398,deep
939,27,1.1866397440807335,1.5093309996407367,2.400672752981118,3.3593700746805193,7.428194824755226,27.171442080061848,6.185742488135378,7.403320242240005,0.17307723999081803,19.79527365258059,2,0,0.4894850617198098,1.6614721803046146,1.5703267875345481,deep
940,25,1.0729616690114916,1.3984025375327427,2.811562182957177,2.9595146896175546,6.973509232774486,26.818894457173908,6.050128786684927,6.390986787962681,0.14506235550497448,15.790964032844089,1,0,0.2763247240010079,2.117896254024333,1.1456459415695424,deep
941,27,0.880846881141207,1.1681990347380724,2.219520702938016,2.3503493276170477,7.415409335120648,31.730729596613248,5.467687445378618,-0.23804877133758007,0.12598716316955288,9.977246264764116,0,0,0.19160272839551584,1.5072534890858509,0.6062872630219519,deep
942,29,0.8409498862395436,1.1330252002322398,2.1308045044904715,2.533070034880262,6.201252581825356,29.934683237946228,6.376827135218267,6.0968240660347925,0.06924732538535701,16.595546812615417,0,0,0.27569571964718287,2.0538998954381,1.1854301584447042,deep
943,31,0.9551038067700677,1.0320481079850048,1.7478912194609681,2.541314650085015,8.421016941586242,31.71969483641343,6.156264153441055,2.288414895974703,0.09667560327852351,12.994153876024587,1,0,0.15397355100332616,1.286983587151129,0.6931308184773115,deep
944,28,0.8115634133106261,1.078532618290378,1.812299184628289,2.5020035651916817,7.702307203952006,27.876441216430575,5.201561909585698,0.211383774146352,0.07607690515337995,13.175924948353202,0,0,0.18048456220675735,2.11542866875649,0.7172922829965613,deep
945,29,0.9745516782662427,1.3546113536122821,1.7652976951524484,2.662165122175059,6.519937416074361,29.734754840374556,5.958473349545426,2.398334523438695,0.15490073058326517,12.737666957447136,2,0,0.1261927168993868,1.2258186759274325,0.6021969416257948,deep
946,27,1.4595713420449705,1.3296028555903143,2.010918581820331,2.610321359958125,6.964226964062703,29.337442056978716,5.944451154314754,3.4320482468591598,0.06416311507263159,10.553653552913158,2,0,0.19677524832237284,1.8495109786521042,0.6996430602713818,deep
947,29,0.8726989722631028,1.1345974789976754,1.8307348092474998,2.792982675628434,6.660093288708848,32.45475360782438,5.550572639847714,2.221317273267786,0.06356957923143182,11.253160979886319,0,0,0.13727209859633646,2.056366683081742,0.7619269608172005,deep
948,26,1.0915087688170155,1.3158203080977455,1.883352146494279,2.9243321866694223,5.904499106177318,30.984761616142407,5.503024479948251,4.8655160975836,0.06728422089183823,15.734950392173314,1,0,0.29033501083339014,1.271936221746948,1.0400996839834518,deep
949,28,0.9820341643669831,1.6539203147861052,1.8769870814140706,3.193165559712301,7.6583947971816135,28.868119933137237,6.793766574743259,0.5216476091937383,0.09173478109315454,17.05538537044262,0,0,0.5736698679837468,1.537568734607418,2.023409803234287,deep
950,30,0.9691702822337973,1.2047725100172262,1.8973724064208752,3.4529086030723195,7.348745493343147,29.936179566094825,5.527813424073459,3.0761398322086975,0.12703543627468997,12.66756081500646,2,0,0.23836239379607183,1.4936547282962458,0.8988313895821713,deep
951,27,1.0213285686627325,1.4976521017272737,2.137130453920901,2.754642929188332,6.800681516576338,30.769624249439474,5.535495274224982,6.035018937569765,0.12479137932580683,16.395520408972835,2,0,0.34686355571327976,1.5103974318180997,1.086008317028106,deep
952,28,0.870528012106973,1.3697732444135837,1.8604011731536112,2.959695426698231,6.935374325128131,29.904869893936542,6.134823430580916,2.40091554490764,0.1160102684790162,12.525592016376425,1,0,0.1560361085681765,1.3860188848157453,0.7938154111124259,deep
953,28,0.9547165033534771,1.1605121586818443,1.7182251446642502,2.6532525047517814,6.286587513451587,31.49684998659114,5.951441987987311,-0.4796001567774981,0.10681634360920361,15.643226292411846,0,0,0.15972912930430455,1.4703072500076564,0.6936389620892542,deep
954,28,0.936058093945961,1.1100447034764327,1.9210036136690296,2.436329327237658,6.698853841094314,31.048159748673935,5.736357887349882,0.8355612612121353,0.09664652095108357,11.624690036130062,1,0,0.25925325277044153,1.7426260743578301,0.9759009384938465,deep
955,28,0.8632628605241945,1.1010787226814331,1.7264087115985796,2.382340225689847,6.754371065402049,31.932358664681523,5.2636792714446505,3.6603780313253456,0.11721049709570902,13.346831669925326,0,0,0.20544082802419392,1.2072914257717668,0.6406028664912324,deep
956,26,0.9777043213413322,1.1370453488769672,1.9939928647766996,3.0261718896770144,5.0609427283383805,29.24124486627161,5.181886045563419,3.403071285053078,0.09797871353139687,12.73148385369915,0,0,0.3947037417879887,1.6422446384505784,1.3757768412156093,deep
957,26,0.8574888459618164,1.6032114210632753,2.234584488240259,2.5289886291991293,5.744031788991839,31.37346755846336,5.323020832197188,2.7544110009113814,0.09138963889691479,10.834212277112464,0,0,0.44307337865015706,1.8408984002342241,1.6585816771610729,deep
958,28,1.0056970943433643,1.470082188065983,2.662944140387364,2.564413382474822,6.908035566907496,30.20343491202942,6.021599476541781,2.537631063334119,0.11290595361111448,15.374395574665108,0,0,0.29805455791313695,1.9239682976413868,0.8468849432166912,deep
959,29,0.8978877231238616,1.151839758345406,1.96168796119448,2.846035011265095,5.6019111552647365,29.961988639282097,5.40263675571981,5.260063827005788,0.08879088710850039,13.98410797317619,1,0,0.22878420322551385,1.2302251547555993,0.8472877832358995,deep
960,26,0.9873618711289877,1.3569772908550009,2.3556676907470537,3.014903938596842,5.302678490899101,32.09182181117375,6.263369929292492,2.2890958228208946,0.12014059332361524,16.027292517446632,1,0,0.1869223439888943,2.8098163044351914,0.9284287022962996,deep
961,28,1.0963015313473243,1.5364141579480235,1.976004209585343,2.6890243299727925,5.819808752113861,27.118022880664633,5.362233426397942,5.450069257044232,0.10183234743730851,21.83027963037756,1,0,0.4006483157233579,1.2650540963971193,1.6082881032371485,deep
962,29,1.1830733588683524,1.436937703620185,2.4269279070157053,3.704485102892724,5.980791855674787,27.1308557620206,7.173204011604072,8.557227505470463,0.16277456274494032,27.403544539716997,2,0,0.36891821896175503,1.5769249502123057,1.3974233540370362,deep
963,26,1.1289690553676623,1.5386774982688958,2.4643797359884565,3.144949042537588,6.842319700849047,30.130609842745333,6.196299797479837,6.658363162107028,0.1389189242481412,17.93727862138007,1,0,0.5962847048339622,1.847919290065191,1.8446416641509042,deep
964,26,1.3480779111635166,1.8106597872055865,2.847514302567376,3.9221955109045545,5.720138860518827,27.537247107554933,6.883052324929565,6.356951733725245,0.18989185123856384,23.20983493819549,2,0,0.5481929987453892,1.459361967308602,1.820261992277618,deep
965,23,1.356339261273182,1.654331008424452,3.3338104897060528,4.351227294359367,6.530270763317958,24.852074380957223,7.4048999994337645,9.523262568423327,0.21510942374132558,26.965456603606796,2,0,0.6694380883565869,1.3922972702350465,2.1280114110901707,deep
966,24,1.5021050297752396,2.1475120683910713,3.273505604442105,4.646390552792163,7.347246816462852,23.77640421328204,7.385792327223582,10.81569030813765,0.2791565880439738,31.76101849795888,3,1,0.6952231887882535,5.9181322210902065,2.4187703445575703,deep
967,25,1.5954849282816812,2.1390114029055236,3.8683280247546916,4.848829347476778,6.085178797430145,25.718449387019895,9.585509139793963,12.305282629407024,0.2635440922973567,36.87669946260161,2,0,0.9078337730358998,1.842184936935492,2.680680521417963,deep
968,23,1.8837161414457144,2.386713692642459,4.3550360078557535,5.938144339663494,7.127852526496118,21.83450522852314,8.356326146747133,8.52765340838172,0.325281116684063,42.38933910823687,4,1,0.8387720966305615,8.608553704850717,3.4520659781469654,deep
969,21,2.1875732359579363,2.3442629494776863,4.518294894369104,5.79973327182888,5.848690399069306,20.85481382355918,9.979709635586929,13.176834400308097,0.3417984618593847,41.24478116035379,4,1,0.9212354972333167,7.041022477878618,4.245600916128259,deep
970,20,2.125884558875704,2.594354934307459,5.028711382882,6.610289568188752,6.593830130135702,21.973513600919862,9.92249764503145,16.061984619853785,0.3961822970236926,55.45867648362579,5,1,1.0,7.73833143768462,4.692230801461527,deep
971,18,2.1150770870710787,2.5988148113943574,5.3867544081525125,7.3409298420473466,4.197776138375813,19.64913552401448,10.279217387433304,14.290547073082998,0.3866596081137604,59.53299804223745,4,1,0.9944317194168061,7.890354789179165,4.865429683096532,deep
972,19,2.089214209287792,2.8870627047161004,4.958879768187145,6.671923415720743,5.704057199704842,17.967281144737672,10.09818475373984,17.889315908475574,0.3782040500588558,63.636032505065714,5,1,1.0,8.84558775891175,4.374445338940791,deep
973,22,2.2509209912692385,2.7616260327280147,5.049095651321147,7.144861538542246,4.420406965928276,20.33447525830954,9.67602024008092,20.421603652531953,0.42194748574468455,50.76008703248197,5,1,1.0,8.276630555838214,4.7223310580863105,deep
974,19,2.1655749253958536,2.701280913431473,5.039677594591841,6.85518296493421,6.399093566764302,20.11251742217508,9.82179681970025,15.813204619706887,0.38183978545479025,54.92067110280474,6,1,0.9635626036260816,8.539633022336158,4.4699120917094035,deep
975,18,2.3983285389289817,2.894182745294868,5.461087857252391,6.869249898367859,6.779599727364807,20.83778899282097,10.022983952155041,21.424591741389385,0.3918915644349668,52.57041050001868,4,1,0.9783070976688595,8.545548530135617,4.571617451216695,deep
976,19,2.061972301109348,2.6430501124859447,5.375001113758186,6.85150254203298,5.381682724731477,20.056082806462538,9.741148426318775,17.385623215215702,0.3664491657309636,56.56896681448574,5,1,1.0,8.16628637797083,4.837848568390279,deep
977,19,2.2646178832788593,2.7333839308422965,4.978023048047543,6.601868675911014,6.359775508022288,21.10527433451621,9.534389376049406,16.474567976550233,0.36585735859824364,55.285304410376796,5,1,1.0,8.149682452851271,4.609768640153838,deep
978,17,2.122782133612068,2.807339420033928,5.1509742232914615,6.951165054132041,6.507219698878091,19.4334760978974,10.800904235224472,16.733270929368917,0.3595427020047019,52.829833816211426,5,1,1.0,8.58210471281362,5.1906986467212315,deep
979,20,2.3872244615392524,2.769251423471708,5.045777955799706,6.973744593283075,5.901009454465783,21.602998282297488,10.785189562945483,18.973292213496993,0.40319351110458573,55.38426533044669,6,1,1.0,9.03523759700832,4.576571517190366,deep
980,19,2.129642139127588,2.7089232128063747,5.352564375918982,6.921356845335956,5.444711824988893,18.837265520605712,10.294431440140638,19.755592688798888,0.3711365425258536,52.72278040408169,6,1,1.0,8.024190379017009,4.4014075304324995,deep
981,17,2.2288502188408255,2.711646657901349,5.193694795187188,7.272753312293301,4.202138979098632,19.932830260226865,10.101935042749153,16.130394693007506,0.4330926483854524,51.02756166591314,5,1,0.9689110235643703,8.073858629756634,4.8531235818162894,deep
982,19,2.0423170421864976,2.6886010912494456,4.7709519853227285,6.293681770132588,5.754182254568163,21.29435104538934,9.195392858987136,17.753948951264707,0.3388341745977426,49.936925582780134,5,1,0.9815717589154245,8.495413882099859,4.316611009429858,deep
983,21,2.2794372854637532,2.493247655993538,4.204171657728664,5.660739781030922,5.806151404384827,22.50119936631262,8.549758024663697,14.34625887845657,0.3130160525285934,48.67541076422818,4,1,0.9058461294957965,7.298493524707968,3.6830856676594643,deep
984,21,1.714075689645344,2.48955591209554,4.273956315010349,5.940164497183874,5.042661864405037,23.52401780776641,8.855035305420671,11.336627628713362,0.2979470589710773,41.713642821276714,4,1,0.8800187820906081,8.394245921123385,3.0737468445358385,deep
985,23,1.7298602509389056,2.1582151936001974,4.533246669152864,5.140591420115468,4.859862579118531,23.450631135719526,7.799253315525704,6.770748080292132,0.2361488675331009,35.79793892325775,4,1,0.9017803132430748,6.625023050105761,3.28376672812551,deep
986,26,1.421716274300875,1.8446806094348274,3.4451177237193478,4.8608149185536895,5.730344141759869,24.41904556873785,7.871480313184539,5.031957299561185,0.23513794116534165,32.42550793397312,3,0,0.7713496196170415,1.5365827471359732,2.4487773170914138,deep
987,26,1.2468455047497127,1.7427320549988687,3.052146777975963,4.336815600055937,5.743456620799412,24.9080841510706,7.211004635594172,8.766208097953745,0.22596601271552094,25.38087859913195,1,0,0.8007084946287363,1.398366911305741,2.5913800428603952,deep
988,27,1.124550878143718,1.4806375334677653,2.3972626614015446,4.1545907506756246,5.3805296790630655,26.402755466318865,5.966797167931074,5.72286299032785,0.20137594656050997,30.736025029888918,1,0,0.3827303686673764,1.623571910542246,1.4873209072234912,deep
989,28,1.0262287317447067,1.3058832830564904,2.097156249979203,2.9391710303884078,5.171088605576335,31.85141299403476,6.581358258150389,6.424429304409021,0.1574422411656059,14.20844449639569,1,0,0.6588959846525129,1.6606381052433767,2.1767933542987254,deep
990,29,0.8223743214091446,1.4238635321638369,1.853898606437668,2.4782719304435923,5.5743706905748525,31.308058657619064,5.545760043500335,5.561234184346644,0.12867576658068774,13.381554195951672,0,0,0.1428807827700082,1.5196416525190266,0.6523515964275891,deep
991,27,0.8680706612840653,1.0079502139901684,1.8824425738454846,2.353477798406122,3.863290720635126,29.414647763733996,4.918775531004194,3.9888088054656237,0.08995186071644853,13.977037232303992,2,0,0.18500664241822987,1.9346073239838562,0.5798495406270789,deep
992,28,0.8714924653506706,1.0674513619886141,2.421294197720999,2.7586191252470713,4.141040925654921,29.9139875590108,4.924586694407906,6.164246356370142,0.10323393182689447,9.30538548113097,1,0,0.26230247642000015,1.9432033162931939,0.7810616824973107,deep
993,29,0.7776925389822524,1.2244702836861767,1.847790110433695,2.6640626733804478,4.788922115786932,29.984696778940496,6.056735020459408,7.52912759289853,0.11936298130085603,9.802984692927593,0,0,0.416195299991885,1.801625727518036,1.3171194435424425,deep
994,28,1.0816013507658748,1.3340148051544853,2.022534381536557,3.0078012515730954,4.565639519691968,29.637425429850698,5.5847792496611515,0.9229804767373335,0.03690040535637035,14.370562641851684,0,0,0.36478458780510825,1.5039008605290771,1.3034898900046952,deep
995,28,0.9596666175961357,1.2666680060891835,1.941672669585179,2.6287866771917487,4.814793407720701,29.391035100483485,5.692966048932381,7.32356703923972,0.09473414301838032,12.36324316277635,1,0,0.19900410830434667,1.857093810130893,0.6750529594694608,deep
996,29,0.8158505014387495,1.1218596271249046,2.0595105280602763,2.6522713490779433,5.196434638586024,31.095158798660687,6.201241136404558,-0.13088784758803573,0.1212579077736039,15.36698791509788,1,0,0.23554404233190596,1.2707996533252435,1.0200266815711565,deep
997,29,1.030480169469846,1.1241204794484718,1.9457775005571778,2.5305808696959793,6.170023298826166,29.18929330877736,5.199196343218352,7.241996609314276,0.14001355622949233,14.957803806296889,0,0,0.1686624123840651,1.5254448951521984,0.7848008135217002,deep
998,27,0.96237263422197,1.2037608222190754,1.9647948281635683,3.414527835657916,5.5363190621888245,30.16869053340794,4.930689716493806,5.7023892322862,0.08101705401619022,15.325293746995182,2,0,0.18107834176421006,1.650457035094073,0.7520160633803175,deep
999,29,0.8586476602945857,1.1786108743776875,1.873261288009856,2.610807413522511,5.1952620777766665,29.13193675103456,5.213771499649061,0.047028206471614986,0.11451093606848337,12.495588289825708,2,0,0.12218692476479084,1.4001859665270997,0.736317457921722,deep
1000,31,0.8668997756138856,1.1572388796582698,2.263852354644219,2.3536303307997213,5.638953284075302,27.400384064182408,5.786548440874328,-2.270108241023664,0.12711226468045259,12.972094550675605,1,0,0.23002520128344264,1.2071802840488335,0.8819376041290761,deep
1001,27,0.9207659637525015,1.3544841580200158,1.8085468903089963,2.4918282952186606,4.176914169059962,28.535688184531033,5.257705333991339,0.19010490156717275,0.09297097633215833,13.87838062806056,1,0,0.309217772812889,1.4908309380758158,1.354689335904561,deep
1002,30,0.8965351500294019,1.3895709822690487,2.2409108849177617,2.9265427915128344,5.960468482071105,31.05114951618288,5.78848804366496,4.801866770865784,0.1360752245812258,10.358212350749682,0,0,0.24416965233390442,1.6543641629842623,0.8483496059181436,deep
1003,27,1.0284771794010417,1.400825412270997,2.4379808940036103,2.5975098461093156,5.328584826294288,28.96638118387994,5.196035256256566,-2.2680909763563015,0.07920746708158866,19.39179269347749,2,0,0.48645096916215597,1.3176798451520015,1.7377605128921778,deep
1004,26,0.9057062072551699,1.408439340604053,1.9052809971483227,2.8557735931104746,4.4921222389054085,30.062422210102007,6.627571422272956,5.661776708303327,0.12996887384570824,14.204397173115668,1,0,0.36343002873879654,2.172595442785417,1.1469861317839312,deep
1005,28,1.172122191043075,1.2592986758644031,2.563498789732244,3.193454944549307,4.9889061012029225,29.393333193094513,5.155900086811819,5.240738131208922,0.10410511202617156,13.943713803188805,2,0,0.38960809683301534,1.929238244894112,1.3299803127985295,deep
1006,28,0.8675615372022727,1.2282375519350581,1.9280840386678735,2.5812947942480244,4.776875016906393,27.191326122782275,8.210542554403297,3.9560544070995873,0.13470361768366348,18.033203665520478,0,0,0.4430109677510753,1.3743917505163556,1.5037306276583742,deep
1007,29,0.8783402843771144,1.2884752755869697,2.0031274044127123,2.5077316812464225,4.486784392013168,31.628022359492846,5.052948387057774,4.234922448419151,0.12298689206728437,20.129868111589243,1,0,0.646902588854245,1.341446901944313,2.1313894953690693,deep
1008,28,0.9215026547332404,1.1591671010602176,1.9269883669886287,2.566972294505074,4.864031466186213,31.275387354334487,5.815629919458288,3.1488537025185486,0.12799733531499208,11.739666449043863,2,0,0.141185752807924,1.7250942135382756,0.7095101062353389,deep
1009,27,1.0462244909260976,1.1508443213375237,1.8999587191713794,2.4967800306280097,4.161589831706846,30.743487164916356,4.9181620357083435,-1.0467287139352561,0.0736370358920223,11.857250013667521,0,0,0.29621606597422184,1.2843766656524185,1.191082773174207,deep
1010,28,0.9622171372237917,1.448553276139731,1.8474391488213002,2.362641552105729,5.473473345957871,31.50407622731468,5.871841167994622,4.6657877984972265,0.0884274703346234,23.211023600671144,1,0,0.41089795380915445,1.5892001142944963,1.4457233634332796,deep
1011,27,1.0377191066810056,1.143715357358061,2.0386358804350584,3.0098345395227875,5.4738366341747495,30.97998825292281,6.766727519973547,0.7863543439539962,0.07997105081184722,12.51102540375885,1,0,0.11793342688472983,1.690602693132424,0.7023196968023929,deep
1012,27,0.8092817026938174,1.054888906308513,2.1002244803258963,2.663933217639223,5.272599997057209,31.103828111086486,5.027904824345925,2.2483606993561183,0.08735002495247812,14.641772337015482,1,0,0.11408640565401518,1.438105204628836,0.5863494671159815,deep
1013,27,0.8747334940592083,1.3040795409152979,2.010796951845676,2.369934355197409,5.228816932361102,29.62059738144628,5.264040522753189,1.7070355901462237,0.08413602373439205,12.206876356962896,1,0,0.2281174608409861,1.6507443261230337,0.9066281036572297,deep
1014,29,0.8866832420732255,1.2888823320061868,1.8901899095425736,2.9285830115731346,3.6699370119019488,27.37174366347144,5.922622554648764,4.665628557044142,0.13367712802490542,24.244178465891153,1,0,0.30807850570632994,1.8053057400524404,1.0575154555385697,deep
1015,27,0.9621134170156587,1.368556302799996,2.662609196223582,2.9010872674653903,4.5774353222353295,31.20713212593184,5.610340357237731,4.946760136864427,0.11783163093037903,13.911219350594239,1,0,0.20604974441434962,1.3683450464610323,0.7876979829207691,deep
1016,28,0.8464820346416639,1.175923031313389,2.0262442938713763,2.7182175764869676,4.6408088007186405,30.462141311530495,6.155807055219824,2.194013404804292,0.10202577432003132,14.672968278879143,0,0,0.1789389198716559,1.4640246921771973,0.9536554441263236,deep
1017,29,0.8497403626647239,1.189302620576001,2.30908176179047,3.2785010403332713,4.266483510436851,30.257304077555222,4.979865609417376,4.437520767052523,0.15613725993457955,14.211299094647575,1,0,0.2064628033618361,1.277290218247629,0.8007696974418522,deep
1018,27,0.8817217754649995,1.168480767891651,1.9853312624267978,2.4690856881365484,4.989615522340783,30.26739207304982,5.718754720583578,7.09378626275574,0.0770873753450926,11.125842619311975,1,0,0.17544379594835252,1.3439367615618592,0.6986240309513496,deep
1019,30,0.940779451145452,1.407068330893817,1.8296685256947343,2.5572282223143157,5.030372616652581,31.220806525591133,5.083390229080116,4.60159325878405,0.10001239507857164,12.732244509184662,0,0,0.23553297359866562,1.7319029021578571,1.0120004861664038,deep
1020,30,0.9552727665663892,1.4592741623887417,1.7914644182955484,2.7545146824498903,5.271275258713045,30.80235224775525,5.5266973018829155,0.8759363240925357,0.16883650861588406,12.154001204559547,0,0,0.1385027472059636,1.5711432970693298,0.7833875902831795,deep
1021,27,0.8885589762197523,1.3518885590397187,2.2046903258995707,2.95679083787294,5.115283146468046,30.872261456356018,6.6495787276164915,7.3795491183305515,0.1261737993448093,21.966847607663876,1,0,0.15692696453639957,2.1071558292464236,0.9173559584414618,deep
1022,27,0.9265370116865019,1.3680370463111013,2.536131499199378,2.8711051815247104,4.329179173372007,31.33858665500774,5.1183993448580045,1.8776025956283438,0.14704487962274887,12.650429012746248,0,0,0.22740590462787721,1.361701537385682,1.0426311961359658,deep
1023,28,1.0980177106639546,1.8195696735142195,2.323844391386391,2.8068037059122957,4.942728557982954,28.576447882184684,5.91674444045276,2.880839187203841,0.10297173849648462,18.925454037345347,2,0,0.24571292740317208,1.2032824387846557,0.9913614263047865,deep
1024,29,0.9542166610600369,1.6023008123283096,2.137904739199275,3.3130351177367285,3.931843288091188,30.524481329734712,6.62848614848512,6.008885371684126,0.13768051944689974,13.599877124181365,1,0,0.3537103013467069,1.5317582068667521,1.2448851254996953,deep
1025,29,0.938234978107645,1.5167939941136848,2.445660370036493,2.7726882977467913,5.929691815540249,29.308712610355162,5.528151864428947,5.345724562359075,0.1104739109277808,17.416648270970025,0,0,0.34360025526502985,1.3793662677072664,1.4174869132681276,deep
1026,26,1.0706478111127118,1.2546438368286512,1.984473315999515,2.78314712116399,5.371043578664231,31.249955533847814,6.596497734991257,2.6976064720077604,0.09109039902906194,12.30712315801618,0,0,0.2495296763528102,2.1148468316646896,0.9066330910984088,deep
1027,28,1.1187431743186658,1.2646779067918048,2.097718684616954,3.1081007039447446,5.161726857906214,30.120301599848887,6.656308236639931,6.44523880741278,0.1387354265738316,12.841265589655494,2,0,0.3113330244136776,1.2202538082672052,1.2174240147534008,deep
1028,28,1.0910866409265436,1.2426572528728974,1.998281352263406,2.8762031803713115,5.492205040368883,32.7373242996691,5.389322672760615,3.848083181200472,0.0774973613681494,22.66835610765513,1,0,0.3388301380266738,1.443304710860915,1.108181099103022,deep
1029,28,0.941620252723134,1.252879684849054,2.241654285146547,3.1281778020638185,5.092969960869453,30.36535554760927,5.745531393622406,-0.2819433984982762,0.10228371222767195,15.247450627718797,0,0,0.30639893465773677,1.6995876129263838,1.2334680407521583,deep
1030,27,0.9094215348167356,1.4208947325886119,2.5014372836813656,3.2971253506386424,4.187298193606368,31.81552931507904,5.877535638950748,5.947547157516123,0.08800777229800172,19.603120422592916,0,0,0.4349740624488822,1.6044503431027923,1.6273891598189008,deep
1031,26,1.0902896048246236,1.1693672340150547,2.439197572251917,3.401846791646304,4.6737396002048435,31.34620380139466,6.108023875411443,4.368070714352753,0.12005449550962814,13.304725643096303,0,0,0.19592187261916386,1.7285269379581594,0.9015586194632048,deep
1032,30,1.2801446420027636,1.3714182581725816,2.538897365961726,3.47031934012414,4.763862513869421,26.870140270770186,5.871237432939637,5.439245694481649,0.1538703112035097,16.079056814808936,0,0,0.3100379525189541,1.2600862814698472,1.1575884826677005,deep
1033,27,1.1969373630797244,2.0158996244624636,2.5964698606046124,3.612927936192369,5.538884308858564,26.814903408179017,6.594891476263072,3.9059337353214567,0.1729268014823188,24.579750415031974,1,0,0.570647396875286,1.4938530164648753,1.7808117136137593,deep
1034,21,1.3399921673019577,1.7607810696578836,2.869988930237299,4.396795328255534,5.108272692054848,26.590877118279728,6.858850041572946,7.249860131303395,0.17577245820859616,28.363005798756596,1,0,0.5745229864249731,1.946194229163095,2.129234955359231,deep
1035,21,1.6095710599971622,1.960208367212458,3.2132475267032445,4.789893564359583,5.427560540618807,26.351305764901618,7.5476066190293265,9.915970746689903,0.24870346676437333,36.18190342026204,3,0,0.7567317455117523,1.8145716949343869,2.589739031467733,deep
1036,22,1.722255651653834,2.33742344172676,3.6760300728871598,4.921063978574004,6.035907009127276,24.149240754215736,8.328091907872818,11.59671680736134,0.2846112779063705,34.596350396921245,2,1,0.8215956162513756,7.470912442966452,3.242853444746803,deep
1037,22,1.7436348630092706,2.656467595611865,4.072405772985514,5.970409405314012,6.206353426064902,22.44230234481133,8.549806234076527,8.85145833152948,0.3159987798625988,49.018981534341926,3,1,0.9511595869024807,6.796706285372517,3.288201225276664,deep
1038,21,1.739735214937007,2.526769930379535,4.532314575901905,5.429140243213343,5.750639331190933,24.12203847959746,8.917399490867485,14.059858566571558,0.3339691725258364,41.98339629281744,4,1,0.9033174704952357,7.034397491485879,3.416822355985036,deep
1039,21,2.0036099277135597,2.3851551055365805,4.465356520660274,6.235441945282879,4.704396458550097,18.1771925334425,8.646745162586404,17.161594965634837,0.3017456292122876,45.18805546537093,4,1,0.9627645080502701,8.650628949321359,3.796718009097935,deep
1040,22,2.0166542865324266,2.5068935541158663,4.717556406561502,6.2765369104264,4.067889531643879,20.521678865217,9.893236907433113,15.079833748942603,0.38061679908058355,51.649511711206245,5,1,0.995550702105021,7.493249618522498,4.556712865625483,deep
1041,20,2.099581535770639,2.571734317743694,5.245524424943225,6.878386383238532,4.210856154258947,19.2094646370024,9.254064862402133,15.79434720391332,0.3371360892019901,46.07757975287827,4,1,0.9549094229247617,7.263120906521884,4.096274258379573,deep
1042,19,1.951698562589376,2.679272851421619,4.82424668259548,6.03480540915577,5.856222874811661,21.449310698864128,10.176250264162844,13.053203377448439,0.33264727231120994,47.19606405442123,4,0,1.0,1.7483301412114676,4.028127067373563,deep
1043,21,1.9695985880320623,2.642390585757787,5.152340928074138,6.361583021278703,6.857273724020291,20.765791514791367,9.804479326254311,19.777709993131708,0.3398739462282052,49.985230975778315,4,1,0.9687923905188767,7.648972964796783,4.021646971738041,deep
1044,21,1.9381838378557679,2.47891183177341,5.141575886145906,6.653236606246196,6.4387425358791965,20.72548745760607,9.221390091773165,17.23207015434933,0.34512162986304623,57.83754821306752,5,1,0.9276939407751549,7.6623341644968255,4.072033361660986,deep
1045,22,1.926129264680483,2.5280160068789126,4.612600808682248,6.191422078979073,4.622561482426075,18.211100990215787,10.145586374755023,11.395597477308566,0.3706337012133424,48.90059454441087,5,1,0.9777871210349175,7.371468425037419,4.091414885640972,deep
1046,18,2.0565977037233782,2.555486641765296,4.786836209769019,6.701337951831351,6.039810442576237,20.36451144368564,10.56475175913153,16.555453289272357,0.3670080955665218,50.44907648246763,4,1,0.9337496017179108,7.509844104192592,4.235739732827857,deep
1047,18,2.273274390682655,2.781634105929969,5.496136737509708,7.187799137491638,5.677022262807759,20.409453103708355,9.621383121921953,16.34244926371656,0.37226087484080583,55.751960827788594,5,1,0.9575933538936866,7.9144673120721345,4.727653747782393,deep
1048,17,2.116459189935141,2.8565869138687674,5.293077930662134,7.211814494900687,4.1002632188311585,19.855892092151393,11.083291669090354,18.969129780319744,0.41565909717164645,60.27840896612356,4,1,0.9891520521091524,8.135071400210524,4.558043713660278,deep
1049,21,2.2321511056818646,2.8466621294532417,5.305574014093048,6.8517361667631,5.25028303625865,19.82134631079011,10.758380117781368,16.194761287406855,0.36823175283600346,57.42027596824332,6,1,1.0,8.134546398450622,4.752350739821051,deep
1050,17,2.127107799777306,2.7950753346167616,5.252652509218731,6.949168843413908,6.345019338171514,22.14484608604264,9.809660458383403,15.211186911493652,0.37281108971953764,60.43298598658644,5,1,0.9853258470013557,8.467508207264054,4.825889096648772,deep
1051,17,2.201775136717139,2.783690822812838,5.752704348816214,7.391349946675166,5.3855954851743455,18.616305120772154,9.909786551469036,14.393346924973617,0.43570320731527085,55.576447969910554,5,1,1.0,8.780197916714359,5.203296687886568,deep
1052,19,2.1201675534834092,2.9746006672155234,5.115595696060053,7.558877456605789,5.753838497152146,19.76817590722469,9.600708017988868,17.080786455677636,0.39418714072176886,54.22061577119593,5,1,0.9884004821426623,9.569036177386991,4.863959636526756,deep
1053,18,2.3156801660053965,3.0872564978330517,5.168578396987074,6.84138423327315,5.471065610742332,20.1306655287861,9.701250753904883,18.425831498673134,0.36902459002497584,50.16985897008105,5,1,1.0,7.87983641223732,4.713992717087906,deep
1054,20,2.1795696551815995,2.8004524514598272,5.045914094745523,6.760990007230145,5.619492735254208,17.61341054496616,9.804594601562183,16.18316482344499,0.3505420144584067,51.52773159971135,4,1,0.9452586760262401,7.916632341325956,4.419400370004644,deep
1055,20,2.174380111621093,2.7028859759377695,5.480531980720298,7.012094214661139,5.939478496905238,19.283346338815456,10.557570118261532,20.69271991065489,0.41902050109265115,53.53920253139731,5,1,1.0,8.519404731164451,5.197552638895676,deep
1056,18,2.1939263394310187,2.773884157063451,5.285377958508168,7.0433690650497764,5.990577826729446,19.042032637139194,10.74451793556496,15.19946593099523,0.3713303889630985,55.756663978994226,6,1,1.0,8.85865058234335,4.286930428953878,deep
1057,17,2.0449112224738566,2.720368358940626,5.3035176405251505,7.183579070287144,6.432326520425171,16.845608221872542,9.848679286035825,16.213817102282576,0.36041521553952177,52.90308847381469,4,1,0.9802277289990604,8.490156101146763,4.406703620412566,deep
1058,22,2.0612648756565397,2.738101571458927,4.939732216497621,6.671403230072926,6.374122576436146,19.27329028285098,10.128013509741592,15.012396158340682,0.3700911100809351,50.952123855185526,5,1,0.9841729319743249,8.073837757092607,4.263436328727942,deep
1059,19,2.069947409620782,2.7598001343637053,5.024535810029795,6.872507796824984,5.5794438356118095,20.963567960883722,11.2080898371365,15.634857501045103,0.3587209024608274,51.65461321830766,5,1,0.9605247015180927,8.632964974392367,4.239520755556405,deep
1060,20,2.005586944076006,2.5058255673356937,4.545299727536424,6.263857384147262,5.496092104204832,20.352152612897427,9.891868009281893,13.976041294238787,0.39967905603567094,45.986976889825385,4,1,0.9985448410339302,8.102686914669603,4.094062499988067,deep
1061,21,1.8914035794782051,2.38427365327109,4.476818945477612,6.0865114512212575,5.267685370834072,21.59628902260199,8.929990917150477,17.222705327805194,0.37380943576234277,48.88004494993744,5,1,0.9704860984539371,7.800757691795313,3.9200085535053097,deep
1062,22,1.6875679335950784,2.1551917040564974,4.208058037857281,5.788765199558655,6.0252601644603585,20.810581012152312,8.131265391744313,11.320835562480715,0.2541578858063513,43.915906375258274,4,1,0.9309691156076848,6.946905210507145,3.345359347008322,deep
1063,23,1.5400455613617159,2.165339326298219,3.7361798180454264,5.5151281258059965,6.431267386813121,21.562597811915413,9.173476195308258,9.982577630855054,0.25126053839935747,36.74248394380964,3,1,0.8893385965548345,6.20155748954117,2.87560936632974,deep
1064,24,1.6256289549241978,2.00587789065492,3.5560059663574015,5.009665236442574,7.092827511310097,24.41037099060555,7.832768263169531,9.267383832159974,0.2602326923932624,34.366966499344954,4,0,0.8255034069187837,1.5938610359427523,2.843578254805284,deep
1065,21,1.531803032768991,2.3137006166583927,3.6056894824983448,5.656559127401373,4.923827306313942,23.37699886993037,9.118598581773863,9.618339737005687,0.24673019852618067,33.69587005679789,3,0,0.8932400836464367,2.5841453018649942,3.1488941833444253,deep
1066,24,1.6523330530611597,2.0591163170174775,3.7603628272166305,4.971623565172767,6.947795757286356,22.236712049380035,7.488870303096529,10.576532066867225,0.2383610557459817,33.95877162037107,3,0,0.7114777538770027,1.457819525497248,2.6351851857464204,deep
1067,24,1.7290908968062226,2.039623253628505,3.9782474752667585,5.301073723935108,7.712974575877074,23.443408113091607,8.99292313840801,14.01589426730577,0.22951960750413575,36.22494668685299,2,0,0.8643964557103428,1.545956655586196,2.9332779955153616,deep
1068,26,1.4562574583915375,2.047759109330616,3.4712421218406386,4.945228256102007,6.266916108618745,25.255853144359047,7.8031683653312145,9.32034637826234,0.22735603542578697,32.14856488909186,2,1,0.894068226260379,5.627664884833401,3.1360718324544914,deep
1069,21,1.5859279930210834,2.06114250593241,3.615921590010774,5.489991250065314,7.054236407943302,23.415418155743442,8.179766567360277,12.007646629362512,0.253900205860031,39.05054817211513,5,1,0.9399939355531549,7.352322111595996,3.503834062646803,deep
1070,21,1.728596398182295,2.8094925345026396,4.056049333215131,6.150189130691107,6.585827615394102,22.434059140146257,9.11149193574998,12.622811151269396,0.2661785857236982,39.887764474666184,5,1,0.9367692982927226,6.794207310112091,3.657758480269698,deep
1071,20,1.8629129183049398,2.634293920871102,4.291052066806956,6.281940982643037,5.580152013874239,24.411525508593243,8.965029473010535,12.976253630474762,0.2665087610957733,42.43087144608624,5,1,0.9692016553965221,7.420974848169788,3.901880734185144,deep
1072,21,1.9513208848662762,2.4729286418011243,5.2010475835266705,6.225301504130438,7.448865793581749,17.389919956022826,8.892100409677651,18.366934400857545,0.30629057211424476,47.521855740128686,4,0,0.9949150752685478,1.289943530778283,4.563693993296001,deep
1073,20,1.9377408449684645,2.7946695332701994,4.7038433900781955,6.647207615652523,7.501211072432177,21.463657234027174,9.469181580200646,13.88079465535549,0.3880630988810135,46.1297227964463,5,1,0.9913901324017379,7.725763200888301,4.16879641325483,deep
1074,17,2.0412144850850025,2.5269954554862535,4.513822810937253,6.795309261040568,6.4965045307075995,22.66365219110755,9.90317784657292,11.424084285937543,0.34070415629142803,48.5671586402361,5,1,0.9396976374460678,7.9020542384386765,4.681992500057803,deep
1075,22,2.0721177609704258,2.5247176491949,4.713443932283643,6.156401304087717,6.9966411363160566,20.665658547165403,10.759744351717853,13.62096242965304,0.3654352936300733,50.26705404068554,4,1,0.993260884993312,7.623116928114224,4.453534481817214,deep
1076,20,2.239974494466825,2.527232291207674,4.860875385737783,6.60679471635807,7.299710067588073,19.481123905840345,10.651082013692562,14.85757103001841,0.35978045727628283,48.763879040998056,5,1,0.9959791762921152,7.880391640873194,4.24359487285639,deep
1077,20,2.160838532505964,2.7413055872010124,5.1576320126684365,7.077565659869466,6.4972393163249045,21.038829324359703,10.118970980655636,13.751542354078401,0.39975019787644855,52.29515562557935,4,1,0.970923488661161,7.815604016588501,4.753704669545034,deep
1078,18,2.1324784985552894,2.7115912880148287,5.04568667235915,6.684544540622881,7.3142916569145635,19.68052591494673,11.941201584165377,14.974930007173683,0.3559652494935576,50.124169592306785,5,1,0.9525030176004181,9.266284286722042,4.563070161884015,deep
1079,22,2.08690454627148,2.683963852665061,5.176789915495535,6.763375377731046,7.673036162132352,18.966351664290368,9.615080462898463,19.920155909658092,0.40052986135587154,53.35093082086778,5,1,0.9923558314298626,7.788092261548825,4.510997557183215,deep
1080,20,2.14290146667862,2.6825333223176515,4.951386229479047,6.545044926070936,6.969741885847124,18.869455048486856,10.708358731222111,16.01073613594145,0.4099556619881317,49.22135086598279,4,1,1.0,7.719541029456492,4.352934195513981,deep
1081,18,2.18938871841541,2.729529461829151,5.002297719138687,6.710269586721004,6.601331353544397,19.49545209457906,10.002623593102676,16.461848431909424,0.3489488778981944,51.26100165916188,6,1,1.0,7.656438932585389,4.4411292944636624,deep
1082,20,2.1926372869650903,2.6130566609414787,5.192270912312728,7.132443241120335,7.299595987657631,18.323813995949376,11.06607441830719,13.344071948573418,0.415926924240817,50.213027198536906,5,1,1.0,7.6616769272620004,4.675270278339829,deep
1083,20,2.2357637396148684,2.7870254956970304,4.819558330407409,6.757456833647305,7.496381776853074,19.51900594014165,10.24394270170214,15.201718191350889,0.4158102549691158,49.11704164134966,5,1,0.9509808014994933,8.479814087041769,4.196791375129583,deep
1084,22,2.3315030528940945,2.8392827297635304,5.520319297472751,7.163919651059624,6.761410752905446,20.425187161060368,9.575318622380687,20.338854207416464,0.4208416736337701,52.560887494313214,5,1,0.9890144012929715,8.489419010509796,4.7827321348423935,deep
1085,20,2.162172334260254,2.76338779447721,5.364192532593063,6.635995114507051,7.6963706885922765,20.702750680834125,9.963874660981535,14.620995323531643,0.3550784888743347,56.87431843130027,5,1,0.9858151494580478,8.368816100219162,4.340195898869249,deep
1086,20,2.2530419769899086,2.865724374364472,5.025961220974633,6.863512909796997,7.161896890724209,17.96116057894686,9.789779091464958,16.77940265117443,0.38459568468577143,50.869841699195355,3,1,0.988000931728004,7.862342169491631,4.453002682660615,deep
1087,19,2.131401208833266,2.6957934889761397,5.162067883647642,7.167059028161983,8.642651694901613,19.766711373815347,10.352656016348876,19.07368127735022,0.3491536372837531,50.71731473047134,5,1,0.9427710004411942,8.508969668814563,5.344249687521204,deep
1088,19,2.3520309392149548,2.798558820939304,5.234986770373619,6.776046221176785,7.416307712271347,20.1487264691523,9.67291465960181,15.599189623184449,0.3700721595593513,52.317022140652796,5,1,1.0,8.043663711434537,4.937714590126176,deep
1089,18,2.237868365410637,2.735949475810426,5.112824157647537,7.030037508808595,8.612368873178916,19.380839216610006,9.675308458321329,18.66262998492767,0.4361410580898768,50.13521986075727,4,1,0.9634389852438504,7.93111274751351,4.569941827755073,deep
1090,19,2.056977387991267,2.639178103931433,5.222220753182528,7.096711276871423,7.2056497489037605,19.290827584282727,10.407198758477428,16.87000783989274,0.3734949308866332,52.46736329549464,4,1,1.0,7.807307546574855,4.258725120063624,deep
1091,18,2.262676367976516,2.6948126494522886,4.8553059020192695,7.224103938678276,7.36315362200643,19.48461109065884,9.75581127778981,16.709534889554426,0.4039741604068778,51.04013587097115,4,1,0.9927745925339976,8.249570528710269,4.33673682005658,deep
1092,18,2.09941552859346,2.732084230058947,5.292860292958641,7.360400643588325,6.94947797336964,20.03185545322317,9.663555438024968,13.082804633843361,0.41311683142562183,51.99357452708418,6,1,1.0,8.408558212346426,4.644264323363384,deep
1093,18,2.181066543871877,2.6848590825766494,5.202734547496168,6.634284859348004,7.295101365406525,20.474409041894,9.627143330609185,18.019452599062678,0.44685553341062373,58.606453166546785,5,1,1.0,8.111058141197267,4.733162486579007,deep
1094,21,2.087964216191097,2.8811207433675734,5.109492534637891,6.669081178607968,6.045855646092491,19.662490116049955,10.116790464036946,17.899697880459712,0.45343338783943576,50.635555564741125,6,1,0.9766539637306703,7.694067229435886,4.881764760574125,deep
1095,20,2.313959146544951,2.7536930511136553,4.9982597623333564,7.400114777922499,6.68781811544997,17.132587230054035,9.778735682958047,20.679240915511716,0.4089282300543475,62.56940720698884,5,1,0.9311838793000528,8.679103783749277,4.51790705834953,deep
1096,20,2.171328383629218,2.812360359277997,4.966227238141003,7.287279721216892,7.3737368526654885,19.309487498022012,10.013326204886846,16.58844381532766,0.44048247029814347,53.569042308945164,6,1,1.0,7.733999121895362,4.561169442117822,deep
1097,17,2.2260006018173897,3.4494707257824957,5.248683176053508,7.410505915381918,8.147241762683432,19.110479826310307,10.806325172143387,19.603016535338384,0.41173422414096533,56.07606615865521,4,1,0.9617042772349598,7.914208287579234,4.48749757191272,deep
1098,19,2.35604632853132,2.916630951826667,5.034959707565527,6.8360675323904925,7.700272381301587,18.164857181822615,11.142417660342923,16.33942611456121,0.38776185225800097,53.598743860195796,5,1,0.9926901265247258,8.400770085144794,4.5170158776185,deep
1099,17,2.1566679108515205,2.8831608099372805,5.11164813267231,6.789849049435142,9.173281867467228,19.420949410928564,11.171552700648755,14.762291177103755,0.4175648253335455,55.827191408946845,6,1,0.9774522549681138,7.92701669964392,4.693134453850877,deep
1100,17,2.2840724382242277,2.694137060156279,5.812761641951566,6.880455249325582,9.042449700635096,16.593561086111738,10.774867849829704,18.798230676946602,0.3722436865017532,52.955705007306385,5,1,1.0,7.887176307024227,4.927150575592432,deep
1101,18,2.232413928655019,2.694984080002426,5.658498035576186,6.790524581440983,6.925805589043115,18.73560642990953,10.183562520114176,19.083917669467738,0.38275404787512013,55.1375347550993,5,1,1.0,7.811754591336149,4.77534377536691,deep
1102,18,2.138058376833815,2.6678132379472816,5.009283102204878,6.672676929449582,8.96759440434257,21.393678657482006,10.423052074701053,15.26195729498501,0.3802199121105057,53.40619782306714,5,1,0.9641604337881418,7.9250054838801685,4.621526003299888,deep
1103,17,2.012339770318373,2.6473564634177174,4.774691905860057,6.362933831204018,8.314241029572107,17.826526385907183,9.199349541931575,10.37989957252158,0.35423106230931345,50.35159352404158,4,1,1.0,8.426216358267277,5.034887335558347,deep
1104,20,1.958494748550977,2.5932449107401587,5.147135220095922,6.308003746023635,6.439420110221558,20.459582700126273,9.981752020379876,14.98270143252358,0.3556994571760736,47.134285509719284,4,1,1.0,7.990503007549983,3.927964435142957,deep
1105,19,2.02362124985402,2.936486144274079,4.898255367709802,6.193842615921756,8.326210640863447,19.844783653564885,9.609674286907392,14.708065398315961,0.37254375948239904,45.72753424557997,5,1,0.9418135633430881,7.655381211789525,3.980835086446688,deep
1106,18,1.9445857783777,2.489449251737909,5.01947961091592,6.334335232458326,9.296795014534926,19.893004496749565,9.332113747309922,17.44526230697295,0.3674410899466808,46.065379944473186,3,1,0.9977778462128688,7.460096515977978,4.37122406502522,deep
1107,19,1.9708165220761105,2.5913207928043858,4.437879463559833,6.3163021792014575,8.560354771029537,22.12028456761989,9.611602667227675,17.91442814665194,0.3714137626719102,44.97755350446933,3,0,0.9666715968390138,1.8210138327041463,4.162050096521658,deep
1108,20,1.9992225543711872,2.6576981561500053,4.966875462528456,6.093911903396433,7.686700423400684,21.945480302571166,9.81461021557378,13.385594710129032,0.3850511320185255,44.628515432990405,5,1,0.9532577126846399,7.387262488231326,4.124606809236537,deep
1109,20,2.044165500484733,2.567736465007478,4.7609507528051065,6.260470439105686,8.713555074650097,19.808219883217088,11.341744626004816,12.52626726339002,0.3539237340852856,46.589895030755486,4,1,0.9771225955076396,7.578287527494301,4.82093285524275,deep
1110,22,2.265907151486361,2.5363686950465114,4.593953200909343,6.573093723051314,7.331129186250889,18.946846801461454,10.216023850890823,14.80657592707905,0.3632312465970451,45.97791116514961,6,1,0.9993818415286683,7.568190200668654,4.41692549770517,deep
1111,20,2.0440534512121995,2.589164881741065,4.985546234629708,6.593923886269381,8.281513898440023,20.528784528102634,10.094403965760074,16.87614346813951,0.3653661952154323,47.192701693524484,6,1,1.0,7.8210928895687415,4.854737715660122,deep
1112,21,2.19117905731187,2.65138049503796,4.943860841193211,6.676919422554113,8.083996413529919,21.197135741745218,11.376992480831026,12.751244073487001,0.3391710940981761,53.57176565868659,4,1,0.9835431996189028,7.570007135253166,4.363517954873599,deep
1113,21,1.935558882600202,2.8647114935129383,4.66491268160046,6.209439826096009,8.614243841105461,21.347161831884122,10.242503313578956,13.981492473722977,0.3780257282899642,50.58045081254369,4,1,0.9638918894884824,8.090298342261669,4.5443429656078,deep
1114,19,1.9476477403238814,2.525831634724611,5.313064085468791,6.409736420477226,7.791465958840857,21.74989682155827,9.28021047100256,16.95685214829176,0.38047596898244734,45.27575093711162,5,1,0.9687078146360658,7.8291333998639665,3.936490816170506,deep
1115,19,2.2294008001766072,2.5419494006022267,4.559964157927567,6.3175759250342205,9.39683548526316,20.903217933171558,9.190226881139091,18.041218217892663,0.36633415458718593,58.75725054969152,4,1,1.0,7.829556156908228,3.8219502954770723,deep
1116,21,2.0364288401885897,2.4870448898003423,4.866195529041193,6.30252575153666,9.706777192381606,23.062946412685257,9.287907940944525,17.274151521384873,0.34670076352527174,50.75524196597648,4,1,0.9227960217086253,7.170975415390609,3.8955492870453834,deep
1117,19,2.0305247417024668,2.6078530637995536,4.577274408897999,6.286292952893791,8.091260123067455,21.41286153276579,9.355154850409335,16.659835878332384,0.35169877859439286,47.3877552627234,5,0,1.0,1.6317268352084606,4.141807603905704,deep
1118,18,1.9915183470944369,2.5097937828533774,4.664366176331078,6.192832052880698,7.447819904292832,22.84068263961062,9.622119659640155,10.827159700379614,0.37922551737665844,54.35089988414455,3,1,0.9886453500096668,8.015631258969902,3.9109374785110127,deep
1119,21,1.9470805783818106,2.5554000629281037,5.134248417502488,6.154941745725518,7.8636752790224245,21.85959987247772,9.076619963858573,17.94848904910004,0.3436418836578144,47.50963792072655,4,1,0.9661928803066151,7.311721151291499,3.9435322466688927,deep
1120,21,1.9805946763202167,2.5185814128471353,5.072637861286036,6.292629722048954,8.662520458082382,19.776820905585392,9.531137962027458,12.263421194252402,0.3193693778863166,48.995275069892365,5,1,0.8791988022623197,7.372880296642082,4.4568825810447645,deep
1121,21,2.108021435423915,2.454687562427931,4.557384841277372,6.601950011259566,8.598516131711005,18.559301321700374,9.037855668506483,20.808314914165287,0.3137894563766971,45.87339795439257,4,1,1.0,8.300921343067554,4.0303494539876015,deep
1122,18,2.154401940005568,2.868906143443284,5.224919777764096,6.604637386045452,7.470145513558348,18.93213320810308,10.17413257598066,20.052761448623272,0.40925793646693465,51.097820867316464,4,1,1.0,8.724786563354053,4.444564205277913,deep
1123,21,2.0935786888874515,2.7579404626203257,5.208767380122467,6.624779404823439,8.099456916544417,20.241010644411443,11.333384660593634,23.553584793353288,0.37337614900649585,51.69593790656617,5,1,1.0,7.700769435703918,4.927463077276505,deep
1124,18,2.0457312202261964,2.605546434570943,5.0350369930149865,6.957554629393927,7.818785187082397,19.791109486521922,9.994149273055537,18.578078820782896,0.3871794408895346,51.98390453247402,5,1,1.0,9.079089517889036,4.401916669453615,deep
1125,18,2.1462895778407183,2.87409931505287,5.163028321656461,6.8628676413693075,9.379619250394152,17.741118176027317,10.012220271086017,13.069276323434128,0.4009016554251103,51.75932497687671,5,1,0.9714435850674175,8.022656597865637,4.435719617272174,deep
1126,18,2.259036284200425,2.6241171898553723,4.814410163624484,6.771433614725936,8.578396588008124,20.892417701687908,10.339189152552645,19.27906561673928,0.3712780448063537,53.18248513949996,5,1,1.0,8.647074945352292,4.312483295360852,deep
1127,20,2.2085270384632705,2.825925287115416,4.862998083504406,6.538998391690295,9.078543343708395,22.478986957682277,10.197146642405619,18.918857252614938,0.3964403171132593,51.34689956728743,5,1,1.0,7.760883293126359,4.31134438403783,deep
1128,17,2.130393728101083,2.9819503511189955,5.073913038063924,6.472807234679548,9.36882847926279,17.75854087563723,9.347160963970474,17.28766480885193,0.36129962075043587,49.62577525669113,4,1,0.9942775176222308,7.870057276380359,5.107065288541792,deep
1129,19,2.127071109773026,2.904983612500697,5.391336705242771,7.026824797696183,8.394018247169198,19.46512376032221,10.218469116686737,15.085327665109258,0.3865114603707338,52.68417795595364,4,1,1.0,8.089348651088281,5.224608836958298,deep
1130,18,2.23376549799979,2.8404291100163115,4.969524938924557,6.663896310886798,9.424978133334676,18.201013449641252,9.835744967655192,16.90501978691609,0.4335210073653735,50.29367030275336,5,1,1.0,7.846314753495973,4.680065664161454,deep
1131,19,2.1650054433893673,2.7524466483157597,5.236765710143729,6.84236856848978,9.186748710066558,19.928615688702525,9.932935208742315,15.052978595543822,0.3822776885401999,57.962621422240574,6,1,0.9521322617932132,8.46939702939711,4.53912371798221,deep
1132,20,2.4503248932357113,2.72599051235484,5.04739565299895,6.914620341233879,9.009063834615686,21.403902121383936,10.143172261135504,20.002579867786658,0.3790443939935449,57.07875054813301,6,1,1.0,8.033937609058718,4.719266658921821,deep
1133,21,2.097726741602199,2.5093909194552295,4.935240759916587,6.576357048740723,8.461809571603338,20.74903171873037,9.49260303406954,16.66131656890251,0.3404426866474437,57.01847455443743,5,1,0.9589622835450333,8.390909639554213,3.9404730139599704,deep
1134,22,2.033171831860147,2.5730866797115466,4.930746003508209,6.420739308334981,8.282096156561817,20.855553874911266,9.405242158447319,16.35999751713386,0.34500492484674683,50.09719502876068,5,1,0.9622904344117479,7.382773632434588,4.376307714320164,deep
1135,20,2.0682540252966106,2.6330204982912466,4.7979499464886715,6.359272656942687,9.520508524234604,21.582335014030797,9.746200643361172,18.80703648693144,0.3751550487863881,47.11423915922938,5,1,0.9768594364174361,9.287940543142392,3.9945622294215433,deep
1136,20,2.0443966752691853,2.5673548709122747,4.778536700272246,7.00142109115201,8.976647687778124,22.05410758632889,9.101543000244314,14.886055378968845,0.36055102706670483,53.40516727628286,4,1,0.9718735839192306,8.834060038365893,4.9431801523743895,deep
1137,19,1.8923981830439445,2.4135528340611927,4.862340845256074,6.112856741843231,9.720864965089302,20.664474280815924,9.41462779489751,18.013331202468915,0.35918673639735454,46.53973407576787,4,0,0.994144505570318,1.2512529375638726,3.9864247755430906,deep
1138,20,2.007956758488166,2.9816812557744123,4.476809090436053,6.327724633289904,8.54585896524074,20.089871258953977,9.345361010881485,20.99862674226728,0.37870032300184797,48.98943742835427,4,1,0.9918460758332226,7.786018055392855,4.168059780736035,deep
1139,19,1.8219247790592539,2.4782257460434227,4.812558724476941,6.243405480927246,7.624026650764223,19.767321913955712,8.851151067796057,13.755635386884135,0.3625627253872654,46.48589809874628,4,1,0.926973162517176,7.638827184287909,3.7545664277925197,deep
1140,21,1.9233649365532346,2.210123549557727,4.175186916944358,5.882018279839719,9.10733017859768,22.760878858987276,10.194321142476452,15.359879444345486,0.3083926695182236,38.67307301319329,3,1,0.9203771017764928,7.004648507230731,3.9180191876306,deep
1141,23,1.7006707406729062,2.002541159443321,4.108192794705534,5.085809928131668,8.516254173490955,25.136289066676405,7.774575231535929,13.908985971620318,0.2811340981830624,34.460913754623334,3,1,0.9203059397138001,6.6818944702908,3.265789627277094,deep
1142,21,1.6129598266747052,2.026204467140969,3.5385319627895275,5.473987075408159,8.64975056477422,23.39158479624156,8.440486674094096,11.287307995752816,0.2696389328571882,37.91589951576677,4,1,0.8372747596172321,6.62462727170613,2.846598353314874,deep
1143,24,1.4699234979337583,1.8613935932082748,3.420869112820586,4.4726650676983555,8.932648677553388,27.421906579892696,8.10381452489456,6.170947027885678,0.2549223349006904,29.692302448626588,3,0,0.7640089944040567,1.301119398800504,2.500635306791835,deep
1144,24,1.280547413266508,1.6696702765049336,2.961897045393325,3.943300632073015,9.268000565068283,26.143067955678074,8.087734914802617,8.04819537371452,0.1639141615784817,34.44827300107006,2,0,0.6466380474624884,1.7535321400843198,2.1324936308682467,deep
1145,29,1.4078422208763464,1.6857036608565117,2.7048377172787847,3.557808730390669,7.205103040008439,26.238246626715306,6.479472936395176,9.86772908498682,0.17093001936766267,24.55338773890065,2,0,0.6333593473291654,1.7133509656488588,2.1238066380294383,deep
1146,26,1.2069455105203921,1.5682997571450248,2.546438941059987,3.543882904087316,9.156602402409925,27.524105119318023,6.1321128760381285,0.7891842135289755,0.16669941104579367,18.012096685817234,1,0,0.4047468789883553,1.7418971865488273,1.4453354874794524,deep
1147,30,0.9481506970254928,1.2556198196711945,2.088478819612208,3.150599514966881,8.24375572543651,29.109176591835627,5.407281139715874,2.2920418111979326,0.05964741526901746,12.183339837403999,1,0,0.46492206833571836,1.4591239344228037,1.5924085208803276,deep
1148,29,0.9600141197220589,1.4574519249402393,2.026981458538688,3.4868428212578504,8.88779004011903,26.996188632364543,5.215931762538707,4.714739498903132,0.13322213310909264,12.737694165118134,0,0,0.4309071494183573,1.54034161436538,1.6870423803497685,deep
1149,28,0.8399714724083104,1.1647445404578924,1.7883056122215184,3.144865768469789,8.618230777962781,33.84835020671223,5.86533676847137,0.3165118291737463,0.12897081177611047,12.928046070272963,1,0,0.17352714506103004,1.62900289426578,0.679898566072061,deep
1150,27,0.8586517570405817,1.3252711894651108,2.065646039222296,2.478964090445445,8.281658646516918,29.83778971528356,5.969181849028268,0.7735698326217051,0.11793597021138955,10.75112398183094,0,0,0.30050840827848135,1.4781475184774884,1.1153395750663713,deep
1151,28,1.0076444375962486,1.4221655244709424,1.9478155731136855,2.509340701626473,8.431559677998765,30.01303809860453,5.115150676847392,5.037753912355667,0.10895319980710157,13.120015918299426,2,0,0.17625879474934633,1.5995779301788289,0.9099142461445935,deep
1152,28,0.8669642154676342,1.258441434104202,2.233420638582218,2.7188778447236044,9.721486106275604,28.248711491807597,5.558858016629988,4.484482914723133,0.08890697461481584,10.17700341790752,1,0,0.1711913902420297,1.2712907544843886,1.0651176914242486,deep
1153,28,0.889865541621658,1.2388903777034828,2.1285840984417304,3.1053882038064087,9.79864403303284,28.916416170738334,6.433005974329085,4.998569343846445,0.13058333895076063,15.014721851067481,2,0,0.27051391905239397,1.5981856776084045,1.2227318438347718,deep
1154,28,0.9769917090082223,1.2189188602116539,1.8475343083334796,2.5887617655266846,10.010046649698085,28.82788005746695,5.107372909668857,4.216429229656866,0.11791758296695962,19.136928502340197,1,0,0.36672368952174395,1.2606214040223536,1.327816657840191,deep
1155,26,1.0327299622905377,1.334234236085363,2.6650087590103495,2.7771275291750404,9.023219200689796,30.10715371075484,6.292704732274869,0.2966293360501253,0.1784878828542008,17.192645726982295,1,0,0.46136942579688855,1.9786893243244612,1.5818345823306874,deep
1156,29,0.9554946450122572,1.1014862283924811,2.0045079650185365,3.225315385271167,8.690083947328908,29.467673720763674,4.98160167998202,-0.23267001181668068,0.11175664805419745,18.99358054473649,1,0,0.26076058089775644,1.4402856495466396,0.7241848610079709,deep
1157,29,1.018769268591244,1.3761003278614403,1.9259574923435552,2.4653968995857367,9.737822271958551,31.611104029151438,6.218733560167653,2.410233085657585,0.09770521012362146,12.771139746234937,0,0,0.4445771693183168,2.328644002591623,1.6501612753161479,deep
1158,30,0.8136470829229216,1.2986245163107337,2.080109277206572,2.770314677307202,10.495593378801928,30.151296678257058,5.087347532952814,2.144514722446072,0.08904528805036643,9.678263347055083,0,0,0.40428600992423736,1.5712436436069153,1.4896013773831782,deep
1159,29,1.0870968338711942,1.4531250306279087,1.8357099566360855,2.7214790210099213,9.163767128716822,32.96302623135013,5.604620486912393,2.209754221190325,0.1037322184139124,16.410395720833026,2,0,0.25786696829223943,1.9243005293610633,0.9468168293908644,deep
1160,29,0.8224225161842753,1.2499162285116583,1.8150255459690423,3.016542472730134,8.787991629902926,30.21208444288285,4.962763871985867,1.7041229486234901,0.10993364460194788,11.125946272132285,1,0,0.21606375235485417,1.3722198140570687,0.8023431081459912,deep
1161,29,1.02074799780622,1.2107635874679945,1.7823731248522907,2.971616101084866,8.655092336727161,28.25532914814493,5.500727570181349,4.678653621711998,0.12520300541069718,13.842814561001422,2,0,0.4843517944109684,1.6108178186498172,1.7005374257989387,deep
1162,28,0.9474849019992271,1.2217144750148499,2.0772120649496553,2.852293924431226,9.994115809881162,29.267653438147835,5.4229402353608265,7.7182289234678905,0.12196520513946262,11.257845806473071,1,0,0.20832960430255812,2.2721642485223636,0.9521511725274338,deep
1163,28,0.940157334735907,1.226109570367963,2.0292893419316376,2.844241884685034,8.314959641006025,30.802550531972077,5.345478478284342,5.990166192461098,0.08440916609632483,13.213928814979653,0,0,0.24804444163124392,1.6187290076661538,0.9935856597762014,deep
1164,30,0.8645009284461321,1.6001811569421565,2.505671219903851,2.838473398868081,7.578363293613238,31.392048485925297,5.866986945969884,2.24774426436028,0.08337312467631927,15.231227810562146,1,0,0.31006417196718383,1.5160550156146804,0.9706653169092231,deep
1165,28,1.0006117093522582,1.4406445853251642,1.910581728667062,2.90169299937015,7.334164783004274,29.095323013617264,6.905414667740562,2.7154770311928775,0.13202059564106064,23.363857205532604,0,0,0.24725656609529473,1.253648106643052,1.0985907326688054,deep
1166,28,0.8957516076885003,1.1880518679255525,2.08242337045355,3.085195246347401,8.748419047931698,28.71466358112606,5.228175293137696,0.2470687418805495,0.08818252493320579,12.520202573487682,0,0,0.16243988697151104,1.2553245632689238,0.8362293827284722,deep
1167,28,1.04372825320554,1.3375936176842418,2.376717632188811,3.0093402258436273,8.304816514536887,32.00751404506876,5.63144185200098,2.014229873285931,0.0965798453795502,19.295436406077037,1,0,0.2585699650624657,1.2199968823737306,1.0093057153461222,deep
1168,29,0.8983141311316258,1.2525713711078388,1.894776431642881,3.3047937828329017,8.49029146892126,28.83800303020834,5.538152735725059,3.6799139347140595,0.10108132532235878,12.310157450250767,1,0,0.26782820061117135,1.5197578531210039,1.104957015853427,deep
1169,28,0.9599198506683254,1.1483430306844997,2.3325324265769805,2.7355984870475063,8.78322323068797,28.621426396779853,5.541044870941602,4.894484211574886,0.10614508679878128,10.389099573064298,0,0,0.22905820719447492,1.8167336066518631,0.9062616069240375,deep
1170,27,0.9062899337039131,1.4013977246433842,1.9397959174114912,2.848070005795802,8.353892128469486,26.639910423863107,5.468860801116749,1.6025922684243965,0.056791246742793046,14.420123997636543,0,0,0.2026544384167827,2.1342080334349935,0.7481190260961047,deep
1171,30,1.0280093171709754,1.3517969094322837,1.8797306147425263,3.4068312630582804,8.714694302685551,30.98389992217021,5.722970137279892,-0.9751177151657364,0.09162802137248555,10.699057235202625,0,0,0.2523678921107838,1.3422615398744477,0.9715359663155878,deep
1172,28,0.9054751881008487,1.4736617273733157,2.262413562120717,3.145793322425779,8.179947739632398,28.062716024445535,6.414969830133478,6.025361991188339,0.11428243322912492,12.213466732484433,1,0,0.37465476250615304,1.9479287354753156,1.479556406074749,deep
1173,28,0.8895440743895853,1.3948879279784214,2.2856220246025263,3.2496222653347266,9.57347974481902,29.93812094478642,5.012079934124464,1.4782294059310088,0.10530836956103796,11.928793522399213,2,0,0.6360283143282315,1.4562864217632523,2.1778363129968925,deep
1174,29,0.9018505263533534,1.4483383064504687,1.8593193856501504,2.4747847727923524,9.783447180331585,33.22753807026781,5.27744880187427,2.6613277896669394,0.12975935689301166,15.676513217119574,0,0,0.20774110359401474,1.2127976617410532,0.9069715039311201,deep
1175,30,0.9842331076796837,1.542494153658484,1.9873463145939052,3.1973357149596078,8.881796069327025,28.87161180714084,6.408629946887728,0.9351128091547816,0.12733039457000297,14.163349353029941,1,0,0.14026433361321944,1.2984491873744617,0.7019643762174654,deep
1176,28,0.9345505447419311,1.1602668531444005,1.836258628275458,2.634120504823914,8.763446263356395,29.950848811161663,5.0316423376475035,4.514366911033176,0.08807542741782051,17.072165483885122,0,0,0.21096713595764718,1.673978231506742,0.9344795359773277,deep
1177,26,1.0506484163072662,1.1577310374642278,2.026801753890539,2.6687818948460666,8.90181164632506,29.97631893674679,5.363086531931777,3.9380944201572436,0.16201151873660224,12.886001270607506,1,0,0.28317943836750203,1.5450265875271294,1.0804354147220308,deep
1178,30,0.945293779256304,1.4985769047499904,1.8093484570292517,3.124709396048921,8.216809173121106,31.380852095642528,5.753479625375398,3.9386739735692626,0.1435075378933253,16.992657745097322,0,0,0.3274067094290021,1.8934591673591314,1.2965311508521944,deep
1179,31,1.0617287711085897,1.307800949328503,1.8515284642434018,2.6439737680567674,7.496480708869283,26.711247937903252,6.395515718666639,3.3214062216426363,0.1400015147055106,13.194186221392258,0,0,0.4287427630301977,1.4268543856783213,1.5443201328098635,deep
1180,27,0.9095139351297772,1.495239728169607,2.129034890704133,2.642177801284034,8.91267217314377,28.825926892865116,6.1769247130757075,1.600334686503509,0.10104760728455794,11.668473912433816,0,0,0.23313100788731192,1.2064610292471127,0.8138632015594269,deep
1181,31,0.9663663763454658,1.2530958438635351,1.8683672651799998,2.954621783211304,7.973787242976875,29.992421193849545,5.271570541409876,-0.1551242579094536,0.12847516770377793,9.728523751360232,2,0,0.23777902563650025,1.474915124819414,0.8456853306670902,deep
1182,30,0.8222312206443991,1.1662120634429798,1.8866165335015301,2.6831433419223605,8.661319340677556,28.99660691870008,6.760638356115845,-1.002757758217875,0.16111792059796742,10.517304191999823,2,0,0.3507652056702338,2.15542117317795,1.3087240892667709,deep
1183,27,0.8424284137859626,1.230282724450201,1.7323933069644333,2.6034410925729805,9.350245954907953,33.53499548094335,5.158014636658488,4.6062116370478625,0.12702114875453036,11.358221254494966,1,0,0.2522815021976317,1.8200202056158163,1.1524282562903392,deep
1184,28,1.0410744901507951,1.1876493296186426,1.9151556805200158,2.415199989632159,8.965502583954333,29.53189668300878,7.155783924199103,-0.33646544396082634,0.08629093677806908,9.757350378973632,1,0,0.17083308000068842,1.532482848918237,0.8772412114322307,deep
1185,29,0.8056291947260766,1.1063858533431368,1.6945769798459032,2.9608909505342873,7.7867498300759195,28.177506823086667,6.126952033358298,3.6337762032509864,0.10128938101438072,16.22091581992204,1,0,0.10646113944413146,1.4568580032284766,0.7053374466475841,deep
1186,29,0.9319413993884011,1.0625406277169716,1.798733249072499,2.948557459322249,7.080827571615023,33.43815348360786,5.116642965460242,5.030472686368137,0.11621103264804594,11.820870030982132,0,0,0.20377946640904274,1.3731826164538838,0.7477337137024105,deep
1187,27,0.8977570508690934,1.2774225006031839,2.2192806182774563,3.095128359912974,8.484116346844527,29.12653539343131,5.912322691855288,-1.3652882578516694,0.11351923357328678,12.243267533084635,0,0,0.26872513562080735,1.2938875223662505,1.1142282502590808,deep
1188,29,0.8108177420729412,1.4590872838263078,1.7998631522072328,2.7915706194023278,8.090586017408052,33.1280472007862,6.217483007704937,8.654962514370578,0.09162561510475797,9.607449269356076,1,0,0.17262842624572405,1.3209948931906739,0.8377339466725485,deep
1189,27,1.0801677734067503,1.105794745634145,2.124714582061846,2.9762242702291855,6.9757716482652725,29.213261081471053,5.90657870112562,3.8816481147313464,0.12126908394586304,9.720515602261873,1,0,0.17974810732882465,2.0665581233479418,0.7297258868562809,deep
1190,28,0.8438740211522646,1.2652804074445443,2.094400776355227,2.6559782327466466,6.015796788511324,31.658674003053985,5.066106502576453,3.794114214627117,0.10431682042134391,10.571019161740667,1,0,0.2373049393119678,1.847017099150602,0.7625122309107333,deep
1191,27,0.9222599045017853,1.6100971930764705,1.9339054939930198,2.887162361873453,8.165749569564051,29.60754312830365,6.1891383856251885,4.103032860634652,0.08305978066932682,13.548536120549716,1,0,0.21100173358737556,1.2860495377786552,0.8756985346006887,deep
1192,29,1.1070416550841315,1.2121979240869867,2.064819641392266,3.0015727708148434,8.4536426528416,29.529644445462292,6.195895816085253,2.5977117340220786,0.14215028782892067,26.363262332662188,0,0,0.22107118123552322,1.2839729042205432,0.9552852169151524,deep
1193,30,1.3159254722888096,1.3358253737595942,1.834517639944143,3.2174260298116044,7.4527038334394025,31.343652459154654,6.393611466128171,2.7568360899774382,0.10876947528091385,17.583241270794602,0,0,0.2019699270077527,1.2245618733283128,0.8035931264576925,deep
1194,27,0.8655108465615913,1.1795831069935003,1.7638376035595777,2.7394030600099883,7.497017518372868,31.699973749845405,4.999826453951643,3.4114538615619083,0.07215476998088194,10.840612802815706,0,0,0.13559701537271462,1.4399663547530759,0.7599107309895129,deep
1195,27,1.0080134652080024,1.2346927746406686,2.0598987759751806,2.95716168605297,8.416385966509795,30.64676907528153,5.047340887833195,3.0035642556501108,0.11253749558589192,13.983048278664135,1,0,0.208394444047392,1.324468753173088,1.142535046449661,deep
1196,32,0.9186370163156972,1.186620747433452,2.0504442478020826,3.1277725043223685,7.805454255022462,29.750539517502208,5.838330277199712,3.0771294770086604,0.116076963715663,12.318532518719632,1,0,0.2839996950011543,1.733448728358149,1.075476499203766,deep
1197,28,0.9228695907008893,1.3378424570239327,1.9798772467123718,2.6094276675177364,7.881017967311352,29.127993693287014,4.965526009279324,0.4744200922391659,0.08130664246409762,17.58128040176653,1,0,0.2592558528714382,1.3287986390612563,0.9984727334823009,deep
1198,28,1.0278661707869896,1.2465773024771665,1.8663080785906054,2.5535176557280983,7.3652345307982685,27.939840530089718,4.978535031114547,1.0484758525678752,0.08731423138453004,11.23437025898765,2,0,0.19314651084813786,1.9813193423826783,0.7380228308484368,deep
1199,26,0.886278470918265,1.2121360761095141,1.8553829715716852,2.6492457222072945,7.876919496970966,27.77515678888866,5.303110683708795,3.747258658021799,0.09474943894581914,12.71365439765217,1,0,0.2867013737485828,1.4765437029942534,1.203389578863718,deep
1200,29,0.9270001551344231,1.3485806473363067,2.0016156107741074,3.3896304403131556,7.471266864184138,28.804835215108177,6.1178311073117735,3.9238811721259097,0.11127399254110606,20.53877433269156,1,0,0.3818993166680482,1.6410556704085044,1.4323115414897454,deep
1201,26,1.1233400598318055,1.6431410885945061,2.0237765949826083,2.6815157916700407,6.296975742695314,29.257616403882746,5.344288303946773,3.563405370325116,0.10733254603754325,16.66238207927941,0,0,0.47181777666287267,1.3485233447121754,1.5950390239510117,deep
1202,27,0.9663242887597356,1.3873983640080025,2.3299660255201564,2.8031032727372387,7.598423038643133,28.363567205293297,5.9886462225349355,6.164901022969512,0.12387527594920009,16.54103948362001,0,0,0.2847372374867834,2.1066869180158805,1.2272767735964223,deep
1203,26,0.9464523449382845,1.1438904955193532,1.8708036010671325,2.584932409415986,8.21864853184167,31.414919083345037,6.208365332009241,5.5773000387138,0.10587790404597121,17.443563831240304,1,0,0.37002803137352525,1.3269383213211055,1.1885982831713924,deep
1204,26,0.882602990719988,1.3804398136564073,1.9697772914444418,2.8786641446873684,7.198516450351572,28.48157779478113,5.633958896794871,3.4972865357893035,0.09770947012227885,13.917996499525772,2,0,0.41269481658894686,2.0735609835747777,1.2968242907048442,deep
1205,28,0.9945475496434598,1.235008404711188,1.945455830761954,3.0954604359338362,6.461678466606045,27.449547149337235,6.61413830724002,-0.04946416164625278,0.08596486717382122,13.340695457394668,0,0,0.23028131497043328,1.9616122126043005,0.8241500021010306,deep
1206,25,0.9316089637365262,1.317953440469362,1.9775511661641927,2.8386946862246525,7.052228276191823,30.47565653569305,5.752976814350387,4.53264423414476,0.06573883319866236,15.21016009927822,1,0,0.20396428784235823,1.390957367628073,0.8305248798129412,deep
1207,28,1.1454650604494008,1.1753174201229357,1.9813697334536,2.665634636268381,6.079030498179028,30.69359359317347,5.408598755016288,2.397269114343983,0.14129550249197323,15.268156887182247,1,0,0.3687027841444828,1.6276471279613076,1.4529642393670965,deep
1208,27,1.0758634641227673,1.4357582553973527,1.9863411067842667,2.7333880313207883,8.657312325076536,29.307146145937367,5.663241320416223,5.842945274027885,0.1086590120743361,15.559910504208109,0,0,0.20925578514369267,1.3459683159493037,1.0553732252855512,deep
1209,28,0.8837442653844945,1.2444629964721179,1.8947366207476095,2.669436241547687,6.044455112589599,27.843547945975725,5.408740236292506,3.790097391106822,0.11086004252306338,13.18597688581991,1,0,0.23583245798908828,1.2799077346116974,0.9836753172170806,deep
1210,27,1.058095097981255,1.3277704080148212,2.2695578801689353,2.5589219120082873,7.094264639263242,30.670408311751242,5.210755397085092,3.1478445141174367,0.08851871626634901,18.359681492123517,1,0,0.22561618666944638,1.4397159277410354,0.8749523179338322,deep
1211,29,0.9152164700857355,1.3120006041100303,1.8279724533820643,2.843976390930317,7.424329747996754,29.520216910394964,6.261845746488406,7.284123115814021,0.10511441310023388,12.459396771597202,2,0,0.2554129896968694,1.9644467486580426,0.971266992478742,deep
1212,28,0.8510199730832149,1.575007257154943,1.9441963215743856,2.5575128445895072,6.662709345252654,28.28500903883268,5.484036491475671,4.370566596528853,0.09321643690875517,14.168830078994638,2,0,0.12266992586386813,1.2636084014109348,0.7747265399774831,deep
1213,28,0.96029906575777,1.30525482106904,1.9052068545167251,2.572089067997972,7.101626488253905,30.090147731692255,5.815623077771334,4.276176931357213,0.06953381762949051,11.73533646879295,1,0,0.23555367240997116,1.8011522624565683,1.1328472109691323,deep
1214,26,1.0089780800761987,1.2288167273662445,2.2894434626674363,3.716750867104313,7.382211831388928,29.854286819518162,5.1223249691893455,2.570780409253893,0.12042287078797519,16.412674419550168,1,0,0.3934190198514152,1.3515350498697831,1.5208205234211993,deep
1215,30,0.8825484807289496,1.4126553099005994,2.4933291165124007,2.7629087059866517,5.679928969096284,30.23301338989652,5.469668912205816,2.6402609585862584,0.13060557740796772,15.780455501961331,0,0,0.36988887523691616,1.6168927083087157,1.2679293848759436,deep
1216,28,0.9282324819082173,1.320294048198582,2.3061619607792077,3.0317925082738015,8.144358002193789,31.042193607163835,5.5539240402096075,3.2603050431101166,0.13842922108593003,11.867039441211189,0,0,0.21931195039748064,1.2546774478533012,0.6680255780171865,deep
1217,28,0.8617080547515651,1.2260805635868748,1.855738693264586,2.542572511436896,6.863785570253757,29.632991593470457,5.603651228649206,1.349435460436914,0.11649834694841131,11.752940974864384,0,0,0.2490510980590371,1.839902393327757,0.9557865378518768,deep
1218,28,0.9124996720646914,1.4054139069556304,1.7980771064021557,2.981242066503256,6.895756908483505,30.459518154254585,6.090470999809422,4.751594533080771,0.10367035579464304,15.964408217618637,0,0,0.21874019057211536,1.7830637316884772,0.7634188642916658,deep
1219,30,0.8547300125862342,1.4162597508193076,1.920963374421404,2.6453796377205148,6.136181082584344,33.07033762058858,6.0736399079376335,6.153386383247415,0.06587878867709775,10.969351645830542,1,0,0.2748248030806145,1.2533634411073293,1.0607860208158082,deep
1220,26,1.0089875940868256,1.1512255169883108,1.8792308357081644,2.8762420455591067,6.239199014061691,30.368444174858663,5.8834164302735275,7.259286648495683,0.09897985113594096,22.726975297141557,1,0,0.36608946468483455,1.9169292709125314,1.507976310602808,deep
1221,29,1.1259170553941642,1.5861394255232093,1.8217334307262796,3.3735842398598077,5.216010689120647,31.002148991473774,5.882016103216601,3.0696887775745827,0.04694923685769384,11.201653585947614,0,0,0.23108280024795985,1.5434525612350298,1.050973800250602,deep
1222,29,1.0239276593829922,1.1874819732078636,2.0276646344948843,2.7091958371790787,6.364081883150054,32.02586645791722,6.390409996456322,-0.7913267402935995,0.11761441449943039,12.616201952935592,1,0,0.1637929095248971,1.4196223218341713,0.7266562047712279,deep
1223,27,1.127226822420182,1.1925813230985773,1.840208249520094,3.0132333860939133,6.159324921333692,27.80107516021431,5.744395419443184,7.089170997154154,0.12406885308816315,17.33048228593573,2,0,0.1681997113571122,1.5039628490314092,0.7472708193001321,deep
1224,27,0.938243761766658,1.1640165373470157,2.059109309571807,3.006558699718436,6.870719310959589,29.10151691674276,5.209166426245358,3.497839783006306,0.12850737717052232,17.32316708633436,2,0,0.3193210116511277,1.3588152092969508,1.2320711662783173,deep
1225,27,1.1750671156117458,1.2584039472313266,2.3941637277259797,3.272291248912418,7.350428547259433,29.483526426402904,6.510929070804904,5.99749749582449,0.0934949187673201,15.138661222016307,0,0,0.20719712178035665,1.4903311914745694,0.9116499332867104,deep
1226,28,1.0582505959297837,1.23041051217155,1.952606648038676,3.0287161830219227,5.766107564360332,29.925229827006532,5.193332130296865,3.9010280276341374,0.08434127849533259,15.37731356531155,1,0,0.22592303934814545,1.3403748180986894,0.8395725545396691,deep
1227,29,0.8468628765590662,1.2016533437192114,1.9343372154005025,3.0365684717823482,6.441885004247308,31.748418232886642,5.775292671203744,1.914147559332467,0.10957666196586517,11.429570878962489,0,0,0.4612714173615897,1.7785820550463374,1.6550396865609032,deep
1228,27,0.7941278712220082,1.2273643287079574,2.009850689773165,3.1581096222376934,6.800441860195719,30.53503214252773,5.037358578185257,1.0240591560088472,0.0837008885735107,9.26513815290334,1,0,0.1421286194833045,1.3022986911869683,0.7368822958778452,deep
1229,30,1.111591819036644,1.2484587916144743,1.7255696647651741,2.439642047787298,5.723632819070365,31.914184828191253,5.1448263770602365,4.283352389549916,0.11027322406476264,18.129950232799914,0,0,0.2784303119563104,1.4717007975991512,0.8419184295393835,deep
1230,26,0.9291595077725125,1.3545626002598374,1.746997203760011,2.454221119542453,6.835629295890316,29.68816648192304,5.808466501248594,4.676273558847059,0.08343816310910215,12.051926465100873,0,0,0.15415780289957337,1.2213633454071797,0.7471916193354885,deep
1231,29,0.8592344870809976,1.1285464505862803,1.8992731126467666,2.766031687192924,5.995698772305412,27.261403909235508,5.191446243753832,2.2304921136289266,0.09466585509360113,12.457968343117916,0,0,0.2620868137288884,1.5212624764082072,0.8526437962367339,deep
1232,28,0.95460763281849,1.1784301129134924,2.2924725047446617,3.0372463755323125,7.047053614749075,30.086134935447102,6.805539441242997,2.9215421118121387,0.08620252643415048,15.943467574569214,1,0,0.2890252475154267,1.4921029131296715,1.2331186613689096,deep
1233,29,1.0334817306858592,1.1975462053316828,2.3974111050440783,2.838091537838768,5.235718471674604,27.29139344501117,5.08235297472988,2.0788720426467164,0.10531258551031772,13.601182285043485,1,0,0.3344088096646599,1.5880791763699027,1.1596697973155254,deep
1234,25,0.98624156031142,1.4130880703622315,2.090499639029038,2.5323860688047475,5.524982506176672,29.484800435361247,6.808920307365835,8.575650082858601,0.10045890554721897,16.066390842048698,0,0,0.23430090487393823,1.460216436711967,0.9598260348673816,deep
1235,30,1.1120927867438182,1.194404180482805,2.1826669339979716,2.6544144186078236,6.2356190827486655,30.627303325510695,6.063237807005773,4.592427501575292,0.15355524263211312,12.924936935399352,1,0,0.1486549307213611,1.2506851230682865,0.7322411031823964,deep
1236,28,1.0200762674441288,1.2832673958277134,2.4109202751209544,2.747478825755395,5.7795827407535425,30.58781366825972,5.641318719340611,3.5717889544225097,0.14325529128980288,13.445462004715427,1,0,0.2593113913907996,1.5390732375344245,1.153709868489398,deep
1237,28,0.8350142150613148,1.2795161861784692,2.147042908526579,2.816613477702913,7.4094375424915295,31.213417882856128,4.993958587786479,5.455416121828241,0.11828937736450552,16.256431382841917,0,0,0.36495535939937773,1.2187791449278795,1.3554543836134454,deep
1238,28,1.0116948506867502,1.419596680336086,2.5879493083322505,3.3768872440581257,5.214909479018758,25.85370346901486,7.090459249616649,3.434553018456109,0.14073189771934388,15.693576214611557,1,0,0.5925212894583453,1.6593834683581525,1.9332005260179472,deep
1239,26,1.2154904172171483,1.5285243188637323,2.617263772421612,3.4935649232840063,6.756021535953974,28.084555883984255,8.173666283664012,6.95721677486677,0.1853290062438619,24.54194888049695,2,0,0.616011231982364,1.2338518984514502,1.969532172020893,deep
1240,26,1.2869969081982449,1.4978396101935423,2.632693978369516,3.872570027997955,5.977501627210183,28.538713360378505,6.765166305967402,7.539623601226889,0.17611993981466068,23.327245249582855,2,0,0.48687957795947323,1.6874753737693933,1.7516812877334476,deep
1241,28,1.162526028606375,1.6943782315469835,3.06163631705429,3.6887101067640184,4.989606831133156,27.425811869304876,6.249132283078441,5.901776238041288,0.1927463631152252,24.070111147135023,2,0,0.492654904441986,1.6602370546483827,1.7406473469481294,deep
1242,27,1.4231763040306737,1.6051849534175495,2.722842034135808,4.0523361830377675,5.045424994959366,26.165153632629345,6.98411435688632,1.2628322882788172,0.16997653982808564,24.41743536510723,2,1,0.7311882402738353,5.484351318146403,2.2184524838633775,deep
1243,25,1.1792530645967767,1.6195882246539295,2.9504060896114783,3.531086466848646,4.915892831946088,29.288099918632682,7.312562783046749,5.09519073999755,0.18768715075431125,22.92307105327696,3,1,0.48229075647707387,5.972696379684834,1.804499352444357,deep
1244,25,1.1594151535119475,1.6300852476795236,2.605449123703899,3.700735001002914,5.499906299717302,26.719171981144154,6.777066170517422,2.0474854068200905,0.18504687592188207,21.738283940103546,0,0,0.5172908045207365,1.4785367212610807,1.884991573966752,deep
1245,25,1.202642472166326,1.62078160453586,3.0564208108797364,4.156012960733865,6.0381343480503205,27.38086812674914,6.176942834198005,6.1339985080979345,0.20679069027867278,23.802465662708883,2,0,0.47661785802751266,1.4977625768586624,1.560253416794817,deep
1246,25,1.1555217977726082,1.5611725396304188,2.8605587133695245,4.366577503735416,4.879989346860334,27.231532421252055,7.342662049622927,2.5984028313462497,0.22142092781417827,25.134614144175014,1,0,0.4567697721197578,1.3245178242807127,1.5826379069480674,deep
1247,26,1.036811738462622,1.5416841093970979,2.798143944418139,3.1417085213374647,5.296603444457953,27.121975306947103,5.941101700005395,6.405183516160166,0.13040605141498554,16.66867354671809,2,0,0.4521368607364815,1.5499931834145881,1.664219420862173,deep
1248,28,0.9767936990368484,1.182924514303951,2.4936150927031884,3.2141548949760046,5.877162132921671,30.204715584338015,5.69829571702516,6.2443726853542945,0.11652906820108702,12.963849127642623,1,0,0.26827861364950495,1.6107234178163143,0.9803277646218163,deep
1249,29,0.9591006081506342,1.2367889371580871,1.8246895516654071,3.204316406693703,6.735008514131254,30.89717996641469,5.210523075390787,1.7179531620643849,0.11659100040063321,16.799871196738938,1,0,0.14338561386284926,1.6872596852459607,0.7061018069474989,deep
1250,28,0.8629211294677044,1.3074121637790537,2.341674164919116,2.6896036564919683,5.148021225961741,27.435097973683025,5.41379605857481,4.853756443140226,0.10782545773044461,10.982954399974524,0,0,0.24921998953238503,1.476464014083074,1.017792347039656,deep
1251,31,0.926884106316831,1.370683146185108,2.1499181325336894,2.734110831927014,5.049236660001449,29.0613486418899,5.37712679237545,2.015689014427841,0.1184504633493228,16.012795135661168,1,0,0.1857723326346934,1.7668136096780471,0.8519561720373524,deep
1252,26,0.8992080117136353,1.2802865025736732,2.0860527061980387,2.483486864033614,5.121799672304739,31.158764756876188,5.321508287505402,0.9171336950502376,0.11896374792760968,11.097719946477746,1,0,0.17973712771180234,1.8116585409689874,0.825358284161577,deep
1253,29,0.850829804888717,1.1578890868868348,1.887041270511806,2.994883134135907,5.793054428653655,32.21872233694463,7.150423079773619,2.1237378816641126,0.09870174855923612,20.946808879358123,3,0,0.1913653805392632,1.2373027897058388,0.7639273758205499,deep
1254,30,0.9024513067423316,1.1083061962286616,1.8511587466273125,2.985186523462534,4.4001574354826705,31.12748921823053,6.136857497038209,1.1564007812294346,0.14022821316334425,16.41860045215635,1,0,0.2508462843778055,1.4667334835085468,0.8893925854927948,deep
1255,31,0.8578353577624596,1.4985839393002285,2.384743665647648,3.0937916920055217,5.097661788361395,29.152230694238995,6.081346690041473,3.567135911303752,0.11097226608019894,18.75906887048469,1,0,0.30479548075924523,1.4804171557200319,1.260746087351258,deep
1256,29,0.8546016129658166,1.1529561602893685,1.8855597676587132,3.0057111671449928,6.030468224227759,29.538918405624198,5.879672223552388,1.2559148271223226,0.11018307891091579,16.753157193623466,1,0,0.24523961487648974,1.7256371919025204,0.7923583714683562,deep
1257,30,0.8450679175038298,1.1336761805045201,2.1100142980593763,2.936972691507208,5.300283756022965,30.534586167997304,6.131734143425636,2.5059957979947827,0.1037409120963056,13.649209585237818,1,0,0.35775856162958103,1.9490515312734304,1.3140440832920255,deep
1258,26,0.9514033574004468,1.1089781420746478,1.8768258822318886,2.4901737465002327,6.18488431509428,31.155182723990634,5.41131867316817,5.246350932485866,0.1385390591159666,11.508974813009024,2,0,0.47523832789101966,1.4282722988729866,1.7098210128040756,deep
1259,27,1.1106866962215478,1.2689811349882243,1.6771503314464784,2.5275874514462586,4.743133700052276,31.525722277873456,6.683111968424752,5.5506636092674535,0.11481741339385403,13.470408325748744,1,0,0.12426511310177614,1.9176811305218995,0.6149775910187572,deep
1260,30,0.7913685548939019,1.3672047053403025,1.610405212970576,2.5329842701420766,4.4585152651475255,30.849772347505468,5.053309416340685,5.407021036298708,0.07400576561069012,12.009025878173217,1,0,0.17679432110143384,1.21851651771074,0.5998845870343102,deep
1261,27,0.9013792599230447,1.1005124184241732,2.1749013042798273,2.525897901076757,4.865174810728809,31.55371833523659,5.214428224594156,4.660639589403033,0.16779987448547962,11.447526207581276,0,0,0.2362840661688591,1.4277165377825736,1.0572382381038674,deep
1262,29,0.8077154307581437,1.1751403012078736,2.0849180359706354,2.340231958652547,6.026021742605025,30.011208277796396,5.6457517943549655,3.570916367047388,0.13953351046723295,10.745757187005498,0,0,0.14763748154003603,1.8064497969331845,0.8238344347821919,deep
1263,28,0.9515354618897971,1.1019033286725957,2.1772837752225827,2.974579017114988,6.833345214522658,31.08026372309047,5.278797283072867,2.754700383923444,0.08322367049903834,10.504540900151978,0,0,0.24666701676606057,1.809747334417911,1.126913884703069,deep
1264,29,0.9045288945289064,1.2090748180601156,1.672577218555893,2.698164631423178,6.1684849509803,28.431062891185334,5.844896703036571,2.4604905212899313,0.10759130613760579,18.8073367050255,0,0,0.25408736835089996,1.6500372182404173,0.9839200605474399,deep
1265,29,0.8881431891903625,1.2368267358753415,2.1540136011194244,2.4918116832425903,5.850404091558034,28.203939398875985,6.401270146690707,3.0235478729606897,0.08761841266603418,12.85301546352774,0,0,0.27790355888651247,1.4642764366555512,1.0118296817583086,deep
1266,28,0.8051475989165403,1.105676645392187,1.9082174630049966,2.8788830091615907,4.722320626275164,32.88555728668221,6.146958131652531,3.8784627174745867,0.09988429237547786,11.524902809859785,2,0,0.3130041117171716,1.6399754183602904,1.2338232742745716,deep
1267,29,0.9765849341858713,1.1022871275164152,1.625319173514241,2.7228490382370314,5.182218607070451,30.228981387391784,5.203575447578395,3.9008245225631692,0.12650780176773394,17.69755618128454,1,0,0.19183737421011432,1.209675189352519,1.0610938887299666,deep
1268,27,0.8580420058738703,1.3541624859216668,2.0241841844336954,2.9585185974320463,6.151540166421421,32.116583015461615,5.846319954549562,2.886114221692385,0.1316736612810882,11.367714641910771,2,0,0.13724061189560965,2.0003966361006214,0.9544747761200827,deep
1269,29,1.137373024334261,1.4236923748744745,1.700027934958873,2.626975202843062,5.795649596520677,30.17194020561762,5.484965764591005,3.5926745778937423,0.10102137411664196,16.63865355420396,0,0,0.3243153167766306,1.4559403525429866,1.0900126843534175,deep
1270,27,1.0114696109399313,1.2791784876795609,2.0855116944378413,2.956096187735426,4.317978568386589,26.278594314097017,5.745176462495826,9.146600236949727,0.08717404547586086,11.083853206652964,1,0,0.30718953899894025,1.5499111022441623,1.3402233450033196,deep
1271,30,0.7823258765459874,1.2973688509632288,2.4248639531983955,2.469833858471495,4.6379793597141115,31.05445009543561,5.208724535216036,-0.051192185010908275,0.05558951398197813,9.45870746293476,0,0,0.16346286260845294,1.4507266716627438,0.8293116746828453,deep
1272,29,0.8032715226994841,1.1623794023846359,1.742912094461912,2.464123038471886,5.124643628749034,31.082184714323255,4.8187727056048395,5.703491563652998,0.06296356543230416,9.931195711142701,0,0,0.17514795666249752,1.438094936029871,0.7444622658636065,deep
1273,30,0.8745111903647184,1.298049462520699,1.854453256879684,2.480059078319942,5.424839872958121,30.043658583766984,6.429053930242503,5.149053832782705,0.12897554918945303,9.685060189190965,0,0,0.27469758807166195,1.5293153674465494,1.040256581076197,deep
1274,28,0.8485485446972136,1.297639408883083,1.966629707257969,2.7171316481774626,4.659860146015446,26.626592027414546,5.370755835246268,3.580915800848143,0.1405720382052707,17.512915177111672,1,0,0.2511855585263664,1.44672427489323,1.0560966508243506,deep
1275,29,0.8510958201208478,1.136433792284457,2.450237243811559,2.818746460908885,4.695660330304007,30.35157753941586,6.840822446093572,-3.4310074175094387,0.10009483506194916,10.563921050443636,1,0,0.3202741117698604,1.6751602143126894,1.3155058806970081,deep
1276,29,1.207126445258026,1.1967730484785482,1.8138107767724396,3.451277114879277,5.550988452909251,27.54579047742498,5.83676534203805,1.0790578472876273,0.10072709480123185,12.482018201632936,0,0,0.31570891520674693,1.6416672932948035,1.332165245856407,deep
1277,27,1.0735337306566244,1.1771571429026222,2.6696278218668517,3.219364562727426,5.18114201325064,28.7919996165392,5.754021249992106,2.249831967819933,0.09981047003575742,14.127584180065622,1,0,0.318241404847735,1.358975321612488,1.237305746918762,deep
1278,27,0.9200648727961206,1.175095463496837,1.962886286424789,2.6423702522398846,4.79542251011645,28.402874322318045,6.226993202714248,7.04006958792267,0.11815065074824516,15.932676624442394,0,0,0.18274927526825863,1.263460649416676,0.885642872330317,deep
1279,27,1.0787696280493217,1.4124519727202154,2.3796064544821047,2.99234468949195,4.637921894343327,28.210319683624647,6.374500810679892,5.990171505573809,0.08437871518222098,24.909807736093235,2,0,0.4773954392088191,1.7826752879873746,1.5653703918280029,deep
1280,24,0.971580069845417,1.5409027801309,2.29057213320985,3.274955584879507,4.0124634028941095,28.098476865747514,6.390045154075435,5.196179623023285,0.15584232751700094,15.966320125186083,1,0,0.3213617170546301,1.7612444465831822,1.2047478580239395,deep
1281,26,1.0060216028639664,1.4499672356996194,3.0027121281047533,3.289142701231642,5.547409366171358,29.89576295683964,5.61967293497271,6.9704655420019,0.1257357156952668,23.464649125084215,1,0,0.4315557249988355,1.9636231754321136,1.6196997801388768,deep
1282,27,1.1969020828787185,1.6365050511313863,2.5592746395286015,3.6701131355707584,4.7214261962392365,26.466558728541948,6.824769889854199,2.587105116559727,0.1545197175447915,25.230309625259572,2,0,0.4679003584914163,1.3682515693231163,1.7177286520256076,deep
1283,24,1.283610946056092,1.6913669813505376,3.3470785559723857,4.204149169829251,5.287297374131504,27.382636682545424,6.692437625508941,5.613458674558022,0.17308266209608292,32.139003660034135,3,1,0.5500075987683875,5.783133182908063,2.071524749588595,deep
1284,26,1.2751370795580188,1.6496218084123608,2.8612427500476914,3.920999035101834,3.8003523645683224,29.67723973241515,7.918832646205891,7.8857970662812935,0.2242076264422698,24.885795052182427,2,0,0.7190715025046289,1.3286370974442552,2.608677719368626,deep
1285,23,1.607711462684446,2.068143368760952,3.495256524210201,4.768847053475865,5.3841013175869845,22.570609883076756,7.476647716607083,5.076885696226248,0.24635572279204346,32.57719720465255,2,0,0.7581937876239283,1.9093164239273808,2.33766362095932,deep
1286,22,1.552780236151687,1.8335497601301096,3.540872800569143,4.712036350969695,5.565194478108245,28.33493940960664,7.350295803844961,9.551786976317363,0.22336462448209787,29.875459936758656,4,1,0.801572479185609,6.036504544795381,2.919213992357098,deep
1287,25,1.4914370797810033,1.9691562506634692,3.31741691455181,4.587591305205646,4.872152292611723,24.96842559589552,8.55609651881355,7.286095829377185,0.2509024746389893,32.00810904294773,3,1,0.7950317132612014,7.192935679164316,2.5535705830238147,deep
1288,28,1.4727787252247666,2.020191783311904,2.9844401104424843,4.220622807396836,5.103816159464721,26.404060703651425,6.806277057502595,9.026752802527833,0.21611244286250925,29.318348480623015,2,0,0.764743111152127,1.6103638088311882,2.557530281220579,deep
1289,21,1.420622541780251,1.7559772407709184,3.0642791893923316,4.159424773464354,4.374366202717908,24.094498908599235,6.795676438435076,10.404482134814643,0.20454526300910572,25.334532203304718,4,1,0.6940447838013132,5.512058690256417,2.115490910358737,deep
1290,26,1.3509744036965423,1.858973421829837,3.4237654460191314,4.323325857875831,5.411582770275394,26.36772930925726,6.643369703499265,7.303966523975243,0.21905026880780307,26.844512212483714,1,0,0.5981974521036051,2.3149327870085616,2.008246245032221,deep
1291,24,1.4667334148929765,1.7608633735105452,3.3760564726258084,3.924626429033319,4.452248916269827,23.822751515550582,7.987334096258423,6.956962496375538,0.15856739478582377,23.698848445874532,3,0,0.6630014117799962,1.2472526409728664,2.2806619904832086,deep
1292,27,1.179765106525667,1.5527371791595008,2.492417854845617,3.764135827276517,2.895670670815429,28.03121875592687,6.96825259598074,9.257301593830428,0.17680314208244743,19.208500228864107,1,0,0.6727478575129017,1.2373103495010218,2.3417219352492684,deep
1293,25,1.3417220093831517,1.6344991145472936,2.896874023973128,3.9651173299916493,5.494431307229817,25.744185492430592,6.965735228215013,4.997332646443734,0.2196256404047347,28.23414712886152,2,0,0.6151310727214153,1.6108936579463395,1.9756570761788108,deep
1294,25,1.3182803376763579,1.6378951161399544,3.1044633404477566,3.909818543503758,4.278254932861856,27.314437114071286,6.893973220883237,7.5104551537551,0.20326209869554288,26.754975856948313,3,0,0.7042759964572374,1.9416270267972053,2.2637158139621354,deep
1295,26,1.6519912282931921,1.9493054587473928,3.2530237096657006,5.026519971096796,5.639993548327988,23.474121883635352,7.264978136838244,9.942719579270655,0.2525570706651698,31.703791421017154,2,1,0.9111940244946806,6.38881543830381,2.968576700086456,deep
1296,22,1.7013202385952164,2.156447895492394,3.888488290591207,4.9228228080285135,5.59243191254019,24.12163458710466,7.644237720204224,10.755970295648893,0.2249095396702076,40.34895152404672,2,0,0.8421192230743424,1.30232898839812,2.791226259895792,deep
1297,22,1.76060679625817,2.2330901971174364,4.384677446689741,5.596740075961684,5.362622091372394,22.73003245935581,8.374767049024962,11.583524693938962,0.25294841939920026,46.041650284053574,3,1,0.9352533446017844,6.842674624522169,3.149147227548859,deep
1298,21,1.8744404070892167,2.408833108702636,4.704753466628476,6.2863509745206345,4.687221148215616,21.61995054933473,9.97876770471154,12.800539454933391,0.33449496329694106,45.29119973880497,4,1,0.9802498296948073,7.4748793244664755,3.8306396745658056,deep
1299,19,2.1820858215792316,2.7048868165259052,4.823059829034661,6.264850194733077,5.119330686720874,21.975922202725375,9.513686267484328,12.954756599306261,0.34879673028764796,57.19981092930959,4,1,0.9755278306681665,7.976978755671313,4.032710279277279,deep
1300,19,1.9722229748314424,2.3775479876863757,4.35575556111163,6.127675884535011,5.72531067298125,20.433166246132515,9.140840569651319,14.339281941984705,0.3027935759255013,42.38218340302333,3,1,0.9109765136868484,6.893192063214399,3.5669257312629665,deep
1301,23,1.8827930489747096,2.5453798099222027,4.260631004262357,6.272667673675132,6.406221885451539,23.785506388940874,8.587788008759468,15.263833952232599,0.31264547883389743,44.940145202958306,4,1,0.9505697973265056,7.223816323646536,3.892274471899899,deep
1302,22,1.8086484862381689,2.3447210198759074,3.9658736999595567,6.042187583641276,5.224669416218763,24.07114747933924,9.079917266536913,11.599790459252295,0.30437078669507767,38.68679096299201,3,1,0.9408123708679512,7.045047893939883,3.5759273109570007,deep
1303,21,1.7175430142421388,2.2292494564361602,4.1266154315445895,5.452470336138576,5.000857582814948,23.36223515007556,10.182224208130082,12.815544569184878,0.29620635108827587,39.50642568927994,4,1,0.9362230090531349,7.5382395259989465,3.5635130479784447,deep
1304,23,1.7711060199935051,2.2759680287336894,3.6671196912158446,4.94073266111648,6.6629381222562545,24.415121286458987,8.3370973677607,9.871332828935898,0.3510295539642897,32.513546075870686,2,0,0.8714976429174885,2.380570342909449,2.8922950625817463,deep
1305,25,1.4598954410798726,1.8422916899147843,3.5397308290513396,4.977982115164682,5.178811313554471,25.49507662164651,7.348898473398703,9.467748383669388,0.2614277349770759,37.9821919119761,3,0,0.8262667462034767,1.3762180817436989,2.8626268113840054,deep
1306,23,1.2779107973786306,1.650722339187222,2.994828342085275,4.3717106498742275,5.2655221758472335,25.610768120257415,6.9135164001151,9.674150529227111,0.19120113247242204,28.83761766711107,2,0,0.8003864209000942,1.5541131037551734,2.6834392564167446,deep
1307,26,1.2880585049079007,1.8677962819635847,2.7032056918338396,4.127869519143124,6.442573708889882,27.676198605465682,7.729279275002262,2.9672586121491142,0.1863778097392701,27.708329728853144,2,1,0.4475499872696562,5.189558511824548,1.6274513259921937,deep
1308,24,1.28502366376305,1.3734898527610921,2.5357588042724757,3.183006226773637,5.736182212469975,26.80285963838467,5.875540126903361,4.549605949358956,0.13735860579564507,16.05859257818964,1,0,0.4365832162236171,1.6618772589120683,1.550840467036229,deep
1309,25,0.9786432853569533,1.3431876652530466,2.388593919216272,3.041139530096145,5.883472988786526,29.113380739500712,6.510955069174932,2.086857514268265,0.1927253519262444,15.028946301792782,1,0,0.3679926946551652,1.2661939227532748,1.2080619596504296,deep
1310,28,1.0515073850576162,1.2467377242283688,2.381368204485252,3.006374387806452,4.607504289258503,25.778262223725747,6.844833738032719,7.802556108192582,0.13879985372306525,16.298590940001667,2,0,0.34202945527519696,1.3736986292797209,1.3293356911681453,deep
1311,25,1.039782212064976,1.2706766383662313,2.0712330572852364,3.0372734645526696,5.620276354343963,27.31886485520426,5.426897151506477,5.334142333572973,0.12579644928014078,16.64297969228001,0,0,0.25097438806761296,1.4137454057236116,1.2000587923110129,deep
1312,28,0.9004935161852221,1.3459597049962237,1.6963248999524096,2.5712929602787384,5.654782413098732,31.872679219819464,4.956958460390983,0.6624367867428811,0.10053991378568357,15.070273107290319,0,0,0.20941864290344472,1.534187923489504,0.8766890726055654,deep
1313,27,0.8029586447227816,1.4154789240058143,2.1382658977909537,3.0812610084651793,5.085632135201986,30.87541403438591,6.1134521350361855,7.320897132123621,0.11559433794521426,16.960324747501247,0,0,0.2368835865989388,1.4277668050102843,0.9588942091469959,deep
1314,29,1.1082249757903249,1.124381948489841,1.9154062249878807,3.5111400936815427,5.536107790698978,30.921222266949954,5.054910807621766,3.9718725125268164,0.06212793013195282,13.009035900876462,1,0,0.5425918733871257,1.4274616868215537,1.8319787918095825,deep
1315,27,0.8059362449264175,1.251324588154438,2.2176087668326523,2.5715679818225117,5.936382420724976,30.775450056131966,5.074268201198679,5.61133090788139,0.06340173547241165,19.09078606422506,1,0,0.18162585724879193,1.4148218707018236,0.7553836437346924,deep
1316,29,0.8960496197860491,1.4406981531994894,1.7492303096503532,2.5989669845454566,5.7143828451117935,28.490339276217618,5.074165066400574,5.602887950390405,0.10791474178853315,10.02503591465858,1,0,0.15461533822168144,1.4507762520046303,0.8827056507615447,deep
1317,29,0.8436488032600075,1.0916422862153154,2.014077204412754,2.8930884314422483,4.81277858514736,29.159104285572656,5.195420633198656,3.8984980958326183,0.10238243786308887,11.24152811984498,1,0,0.14330438413900243,1.6488949440276905,0.6290212560406385,deep
1318,27,1.0693008983642902,1.1935814234261921,2.3692823902946216,2.60423683782025,5.841028387118796,29.32659492657484,5.503195956673426,7.535165518590328,0.11245255779487022,17.58839779708127,0,0,0.20982206189077238,1.8217071427052671,0.85562611610096,deep
1319,29,0.9864907490632577,1.3356755565232414,2.2018580106202297,3.271339311392163,6.2152119774245325,30.655916332366544,6.060299893891687,1.312912127879009,0.0954914744905222,13.122891026274765,0,0,0.4008407950946325,1.443870199437191,1.5237824485604978,deep
1320,26,0.8638072326301858,1.3225569119426783,1.765340226496674,2.598554973895274,5.15250628199949,31.06911519020179,5.591629618579001,0.4706208329505772,0.09980568412436144,23.896175043887403,2,0,0.26443169109716486,1.3728460350792682,1.11580073060747,deep
1321,28,0.9200166486899223,1.2558685162352101,2.116100290787117,2.5865601056706375,5.741144203331642,28.208630372915554,6.423149703183856,0.8344536344897255,0.09573979375889263,12.657777174536745,1,0,0.4198686437901762,1.6067491922004247,1.5500666110947692,deep
1322,26,1.1577127308458528,1.2834869498145307,2.132883374154881,2.49982419050737,6.316320769999875,27.55372714408415,5.557671586131769,8.867535357923137,0.11294096077498197,14.371022396839468,1,0,0.23387497263809093,1.3496783605740688,1.0105757426029207,deep
1323,29,0.8948922469176878,1.1233867375515723,2.123114269340154,2.48938516939488,6.002173775188996,30.025787575918727,6.351551797335151,2.294780372036747,0.11264145585783895,17.678536603796378,2,0,0.3678335757858176,1.5738310676096896,1.3750386178601466,deep
1324,28,0.8366140559642546,1.3058956944664186,1.784226015064099,2.619578731035406,5.13442561867382,29.60616159318193,6.294133017011035,6.10758438094717,0.11578576071612648,10.574221083236436,2,0,0.3398937294680212,1.731382111460679,1.1426283741445624,deep
1325,25,0.9825989301486081,1.2773042528084293,2.155743829891807,2.5838954977745763,4.7892402617968575,29.630314829156497,5.427410894701422,1.6332279850969078,0.10242602980989536,20.839790646248893,2,0,0.3491174997397713,1.767543797276717,1.2206971530631714,deep
1326,29,0.8130828258382387,1.1120672863273826,2.0195325744580996,2.84240515867948,7.363547429238645,27.59948093507537,5.435706681176806,5.118776436831037,0.1001438548871809,14.151475148680808,1,0,0.17403097019431524,2.5800926168968656,0.7725499722962348,deep
1327,30,0.8949204599381919,1.2378679118428577,1.8852142246393704,2.843562580872868,5.50546287518412,28.466760552998554,5.5777296014203195,1.7666965192501274,0.10503370930098561,14.713660147132503,1,0,0.5160580360562304,1.3359300731593458,1.6321744004976588,deep
1328,28,0.8120875115967948,1.104639058530469,1.799096194164703,2.5643449227517254,7.037571938937894,30.68286121409002,7.001398569471432,4.915044031144088,0.1009385305382544,14.506656276802012,0,0,0.20865166092380397,1.5158199909849903,0.7363111538340363,deep
1329,27,0.9156652572668955,1.1962700145599487,1.866386335648901,2.7074382320092294,5.765803099513184,30.468977446387296,5.0426037831593735,4.224206729457295,0.05515614384065716,16.376398211691686,1,0,0.13942562934357514,1.5703911792614813,0.7234222973806389,deep
1330,26,1.0697594949300675,1.2044658701011375,2.0707597226858936,2.5395046995905983,6.740981606422137,29.014224529257028,5.477053154642848,5.656075958847721,0.10367431418815246,14.29871512359316,1,0,0.1743271604406908,1.439506438272274,0.8755883116660866,deep
1331,27,0.8548040423828247,1.1207804494228675,2.157675474130831,2.6846797550148613,7.374980928085872,32.692679422856905,5.589558427910324,7.393996433844006,0.11596337430564065,9.940833876328712,0,0,0.23284835340919943,1.3820730311685672,0.8602686942088775,deep
1332,30,1.1794592727252133,1.355212470128039,2.4136948774338993,2.890735778706523,5.824991965481072,33.54023112197376,7.166728278742138,4.816250764516992,0.14178757442842183,10.983381119767081,1,0,0.36212770681680284,2.196491155672316,1.3834187724757312,deep
1333,30,1.0908712800849696,1.3444588819000243,2.477828340412082,2.64727298554719,5.237097708660553,31.72094478910164,6.212952731395606,1.2700074908145762,0.1113728788512929,12.600190980668247,1,0,0.36528132639718575,1.6511170006796365,1.4390314277380933,deep
1334,29,1.1147717571273605,1.1947819160825792,1.7483786326182018,2.511343905150716,5.525135994778029,29.524352416388787,4.984840905815099,4.361899772005549,0.12836053485825683,12.529438568428056,0,0,0.24433278981021941,1.2952652025695484,1.0183930004229973,deep
1335,26,1.0212757594227144,1.1723409592759078,2.210636801012072,2.751593422100148,7.28884301168479,30.243051349940064,6.975682241286417,6.128563963793836,0.0919150813603801,12.962263442125645,1,0,0.3510065444150225,1.505711446844852,1.1974902954382622,deep
1336,28,1.0233935732528046,1.341054678759394,2.197140496690565,2.7185945922461774,6.839684113306211,24.69418238502067,6.285026836495925,4.735265797200582,0.1533369280583689,16.802328411292997,1,0,0.28147417563696675,2.1838895435194057,0.9931132515646794,deep
1337,28,0.9448341667590028,1.5844547087684264,2.063265276752992,3.4337263600363213,6.002684466851411,29.509764237763733,6.22545152189204,5.355625532493324,0.14611954036398625,20.193335496892793,1,0,0.3136906319018132,1.379057518383531,1.2945514508288558,deep
1338,29,1.0210567697357371,1.393154214833632,1.7755608087086532,3.9493911878530303,5.7655779388398125,29.778125251558517,6.118676628526258,2.736140630970233,0.10437106071341443,12.37673527925486,1,0,0.16701934108829958,2.329380310890656,0.8010338424358685,deep
1339,29,0.8671369290701437,1.22095190774036,1.9023669791897306,2.7004966515022018,5.29566676383144,29.654463231657417,5.566771962833954,5.863389378820557,0.14077263716749397,23.739181306881676,1,0,0.31482050723417776,1.6748255418239246,0.961157183852038,deep
1340,28,0.9964337805297954,1.4087961840386272,2.0970793809664277,2.933259490597715,7.922938429978498,30.80923249497514,5.515351895538561,3.6370126780263763,0.11729410856687489,20.514376134458715,0,0,0.15719382310849797,1.6971747433344033,0.7200686044857425,deep
1341,28,0.96459714223683,1.0881408732396276,1.785521646034518,3.1498375165999333,5.695261772108015,28.300546273758375,5.196230270755855,3.847871796293576,0.08697465467056427,15.89664385745754,0,0,0.3806457843648057,2.3512074942758403,1.3111154702849313,deep
1342,28,0.9320622330420676,1.1750984923546337,1.846592186769231,3.01617146783892,5.900739657689671,31.17020778679161,6.668916347364753,2.4351788203633546,0.11606441900865667,19.79339605557477,1,0,0.24354442985720592,1.4917658422737892,1.043286569973978,deep
1343,29,0.8571429613133424,1.3530576016453828,2.2152710006933485,2.9340637696090055,6.8374980013352635,31.38336799142986,5.640590822642745,3.592692554473296,0.12313131118472591,15.74148042718752,2,0,0.20750116443774533,1.3526702258471248,0.842474683883969,deep
1344,28,0.934027767325271,1.1644523894451535,1.9588834173158367,2.3683549828210015,7.718742367384029,26.07798437977162,5.27020630765952,4.62368355145625,0.10002756315618964,13.941455540815038,2,0,0.25147514870224513,1.4997161279557398,0.7656393123418997,deep
1345,29,0.9164276626018041,1.2521525507899005,1.7365587234988955,2.7570693228978578,7.414700477561418,31.007718157218573,6.507873526267403,0.19475388402749694,0.08251783793425788,10.845073391252999,1,0,0.15814225608961638,1.5575432751079479,0.6877678207881421,deep
1346,29,0.8980091919609015,1.0984251307860802,1.9025816813921548,2.3385710221277862,7.014457200505594,28.199344602211305,5.319444950215336,1.3949353879962676,0.0810873649678856,11.756122264878224,1,0,0.36650209019148194,1.687540884272191,1.2414258112115664,deep
1347,28,0.8574950162673225,1.3503422472024944,1.7456914587379122,2.4448209490689314,7.227437463239261,31.12243030696093,5.156561601628191,2.7801780490160355,0.06601733118713346,17.29149853415427,0,0,0.21608885900351324,1.8443829529338576,0.8611675875544125,deep
1348,29,1.0436344842241483,1.0647030608488826,1.6883412574985401,2.325586768705048,7.23723703187967,29.926073274621718,5.93348129557472,1.479401611125179,0.13051270946274177,10.085732030053254,0,0,0.2127160211647802,2.041697274021252,0.7083215638918173,deep
1349,27,0.9785269721514107,1.0954468404730473,2.1007632219101304,2.7352153614587347,5.835761785183611,30.806168818714813,5.1054084475556545,0.41562041366171254,0.030367570845792932,11.164893960520647,2,0,0.16428709089556343,1.654374406676264,0.6550563594491291,deep
1350,28,0.8978925502183968,1.221175122724483,1.8341365595131187,2.4970561301050824,6.820649980121014,32.15515225035552,5.017412274591535,0.896534504064703,0.07024127614702565,12.945335444936411,0,0,0.19976280029386104,1.242015680956573,0.8188784141753086,deep
1351,28,0.7540123617908254,1.3006688602604166,1.8701061229593967,2.6209271484011776,7.195363672797474,29.18862935806093,6.653825970703261,1.2000293978731584,0.14665448286771937,17.887898627548545,1,0,0.2091834679016555,1.2988306345057312,0.7317391662690464,deep
1352,28,1.0029061890872553,1.025758591078512,1.5485384583689017,2.3886670219854578,7.521756970150995,28.970205631577052,4.826329983878116,1.6566833966184165,0.06814590673046123,16.252146820642377,1,0,0.23957111811974158,1.250392583447149,0.7288600502234985,deep
1353,28,1.0079276360086498,1.4208469585374315,1.8820427836964004,2.2083366444886843,5.879060201923636,33.084411124596315,6.163244592064654,4.230090142822514,0.09223453532930952,17.63277135076925,1,0,0.2445402361540455,1.2671459281315678,0.8623253476035394,deep
1354,28,0.8703727886783631,1.17549078485596,2.389671999240271,2.39350816532615,7.005170829303135,30.340947971847086,4.87329429419316,-0.44986551172362654,0.09234799752202148,10.367783729721554,0,0,0.170509311571055,1.5553207769982291,0.6931941024215249,deep
1355,28,0.7980060873967345,1.0784559823714934,1.9733447111622224,2.337019714701961,6.731932852004798,30.008650530636366,5.9107705081922,3.969945406239017,0.12209435797019588,11.416535008755446,2,0,0.14030855355065208,1.9238326593612785,0.7511304613248745,deep
1356,29,0.8117928462698936,1.0896187620035296,1.687457078806043,2.44929301479468,7.091550531897217,29.2733715100799,5.928479475786536,3.164920336330131,0.09873968550600125,11.030270717566658,0,0,0.3628236317849166,1.4460314920906674,1.3992684468987928,deep
1357,30,0.9589776767665781,1.2567546767777729,1.6857084332841212,2.4038593082720228,8.526356227422431,31.945127639715473,5.391564438683487,0.5741227369182211,0.07434423956458311,8.540459520880598,1,0,0.182951821316127,1.6859546463893105,0.8699911599401735,deep
1358,29,1.1375009858720198,1.1892535981157137,1.6250823932914602,2.5483512489995146,6.9263281730932835,32.26632031959266,5.345577788232629,2.028985900478415,0.07801266339025745,11.315614543515615,0,0,0.11185213652141562,1.4510941946299671,0.7192689944826414,deep
1359,30,1.0752746564477795,1.401301059202365,1.6110894625195182,2.1914239543175458,7.9334563193309595,31.814875262327842,4.698976488793321,0.4064577200503199,0.07015119126384378,18.222170174368102,1,0,0.2363330270367205,1.3464773418810598,0.8514907751412354,deep
1360,29,0.8666403225354367,1.197029941943924,1.646106032461794,2.376702624363065,6.770486620186973,31.861725315149222,4.677536154179169,2.532806343177923,0.0849852302603967,11.270420839372452,0,0,0.2934658191499249,1.8838669686659095,0.9866009150089419,deep
1361,30,0.8122168302847712,1.4521803356964038,1.725865031596665,2.3529597852508384,6.953096653662817,33.35445239223958,6.31970598598195,0.20212161288983488,0.11791099131500887,9.40781975503193,2,0,0.23274505354605385,2.1275382758846675,0.9339281041937342,deep
1362,28,0.9670458075832324,1.082745855663712,1.9570389742591012,2.8294091011643463,8.88163543153485,29.408088295029582,4.844506413784968,2.6366104108213775,0.14637220087131375,12.520534390590324,0,0,0.12511695207173773,2.1028777161474848,0.6277383518179283,deep
1363,29,0.8677651779887666,1.334322558422344,1.8785352727256315,2.481868111271523,7.369429286786925,32.879791170298795,5.164550386060463,2.715028184634249,0.14048167148538876,8.913350410413626,2,0,0.18830141836071282,1.5332171184584942,0.7691361395419656,deep
1364,30,0.8435001937204256,1.2579735018942206,1.9793307853308097,2.743468946482736,6.28901164126327,31.15428995091699,5.007570061157908,4.147508816607682,0.10887614475744481,18.608115489490245,1,0,0.347515777142578,1.7683208060562123,1.319442714443525,deep
1365,27,1.119570499795149,1.1524916122629472,1.992011082727951,3.3251205176176297,7.106005226737053,28.544226099425714,5.013583355520761,3.1597758224936223,0.09452978639584814,13.3059165321407,1,0,0.2943999110594578,1.4407682055777427,1.1929459550166819,deep
1366,26,0.8433133752346973,1.1229252343035478,1.963199594168516,2.5861240089147977,7.4011230284459035,29.17733077111667,4.959879576862087,-1.944139997542142,0.09325474974856515,12.123537422470179,0,0,0.21181385092734087,1.998734244597341,0.8697875691677464,deep
1367,27,0.9725612072844112,1.2005126575139549,2.0108257046662708,2.619973826127437,6.83299194922942,28.89094108817256,5.1994746970842565,0.6697417706195878,0.09086471272690508,10.399069304182744,1,0,0.24785264085553904,1.5602647203637299,0.8501889403478471,deep
1368,27,0.8370295923976646,1.4575982035598418,1.9083323001473103,2.793957438925368,7.507967042126898,27.476494969474587,5.191402233378818,2.9808790512500987,0.09778632277766885,15.428167494089166,0,0,0.3252819030524202,1.5864505989036553,1.211842934396479,deep
1369,28,0.8732527316716091,1.2610472802471095,1.8316503219128513,2.8138816301478435,8.520851145450807,30.424884835980624,5.2291839339023785,3.131429265310175,0.15518594049073936,14.938341466115507,1,0,0.24142687441450064,1.6505402763462111,1.046272390271706,deep
1370,28,1.0336248964358634,1.2028459417726427,2.2833515853593522,2.988060193860329,8.467816356654069,27.91907076320426,5.525400107844983,3.358196613417898,0.13759185728376694,12.571141647850077,0,0,0.39237772836663437,1.6373177456195234,1.297304906242322,deep
1371,27,0.881447815839004,1.266544889826161,2.3472898008842513,2.835760268470868,7.098252926621631,31.068965357259145,6.209019557737575,4.604449430707463,0.08158491180453017,11.312027378311267,0,0,0.3041477008099696,1.304208455952015,1.0073872635798862,deep
1372,30,0.9904529544808551,1.570871305472215,2.370865143051141,2.5569334360509623,8.129759226478377,30.957408722578798,5.7013542182114145,1.8614472431328917,0.10521932769814271,11.317951315128852,2,0,0.3626586386055791,1.5690677261794566,1.2224621058142366,deep
1373,29,0.8578149550107698,1.583894698764066,2.7143694252333965,2.527328269443652,8.596346600917004,27.26039659559339,5.652194681468576,4.434304252258893,0.12658601065323638,17.52472173645318,0,0,0.17194535530554828,1.5293687753934695,0.7376040884857886,deep
1374,30,1.004338956131874,1.474022891947901,1.9878235437488148,3.0828828779128887,6.350487812569773,28.404169339173958,6.324087794187543,7.941619450937471,0.08323409390296155,14.426754009407853,1,0,0.25665948232200464,1.6485096437033697,0.9864355251063218,deep
1375,27,0.8595920446633247,1.5886195285252178,1.8562814892752924,2.8846467303386047,9.010212346143337,31.285583438103416,5.929415502314046,3.6399110792675735,0.08117256353480054,10.810341220983798,1,0,0.31659452505564145,1.203040506735977,1.270361854010564,deep
1376,30,0.9988227500374537,1.3086285480377244,1.873309927121601,3.078850253638323,7.9919663670175725,29.393775559237877,5.17566815985734,2.539777162998062,0.1406019126480736,19.95866370325033,0,0,0.21738064177124444,1.687693753737089,0.9845935822458987,deep
1377,30,1.048984558660204,1.3156504428992324,1.997566121566053,2.937547015367103,8.946022399152417,29.643489090205883,5.442601897789702,3.504001313351266,0.10585216308391929,11.931642296783119,2,0,0.29803434445605015,2.2309169730965683,1.2177685066892265,deep
1378,29,1.1141692944578072,1.313015519237172,2.112525504879028,2.8924131623387197,9.353840849398344,31.202923523382267,5.835340918855037,6.907966786991182,0.13610392608516503,18.702408590876047,1,0,0.32691656598836394,1.8981667238716056,1.2622883730430687,deep
1379,29,1.0169791940327535,1.3416050166540399,2.165116279891961,3.7593134251594034,9.80058967590699,28.94949379458016,5.792370467119403,1.7712336666141826,0.11996004319112474,15.615117069278309,2,0,0.34516729564390797,1.2165425297067234,1.4445869428648554,deep
1380,27,1.0628625852857225,1.1779876081520775,1.9107603994536828,2.6296067620634935,8.807420987456661,28.096719563546937,5.378689728213062,2.8083465091020487,0.14184721265817546,16.387968717247624,1,0,0.4183591310945738,2.0180970453318077,1.485968436102485,deep
1381,25,1.009767050468266,1.2030140069735198,2.075367318962585,3.071418117055648,8.64480867201774,28.834096453157215,7.125125460047565,4.802047425300055,0.1647746324629751,14.42639862898414,1,0,0.22933186008666057,1.944295745191932,0.8427618280879284,deep
1382,27,1.0135133721824066,1.2050476493562339,2.6720859476423695,3.344465154347872,8.147253469249476,30.678780669953547,6.904900104234444,4.304931221532655,0.09699228933816452,13.81191557334654,0,0,0.3412271250060696,1.2128255136446169,1.474855628002354,deep
1383,29,0.8666093029108314,1.208008528775573,2.2229154524771952,3.073819013921695,8.279822280968752,32.65446399252318,7.380100107882056,2.127087963697882,0.1288308937989668,12.660811657774522,1,0,0.28647918938233236,1.31645545481655,1.1018643943220545,deep
1384,28,0.972412342630796,1.4066174111384135,2.369256577368773,2.921521884179345,8.560474287789011,29.689625892825987,5.127419299788212,6.309384773520049,0.1367581886615837,11.8948205915091,1,0,0.2527787854642856,1.4010339111805032,0.8654079479305671,deep
1385,27,1.0516792953716727,1.5306051541147374,1.996756508034333,2.7738071209515938,9.009143909287262,32.2580465051234,5.520822760068973,7.349780055855515,0.09324615910566562,11.209171925320282,1,0,0.4679960059691398,1.4883444158956078,1.6936070216752825,deep
1386,27,1.0511629570991918,1.350761711957775,2.23245720737953,2.7049427463106794,8.894369368187526,31.477678870353458,5.276989203695303,0.5876297654581788,0.1154027961812193,20.20368038610966,1,0,0.2706041029994531,1.5961762539354327,0.9222614576649955,deep
1387,26,0.9380215541518006,1.4484542324196596,2.2767894536731594,2.9362893523358826,8.285685563543877,31.77492285696452,6.354721706798662,3.914844495553315,0.13967977875783916,12.911519725328978,0,0,0.30307897512607757,2.3469513942482396,1.243656590861196,deep
1388,27,0.8193567610120237,1.1181071808616798,2.1986999637064106,2.871127066988023,8.103165401221512,30.45147221442333,6.177040630465454,4.4039838286194,0.16100806851075558,11.709925695031572,1,0,0.14470578815582735,2.416835370326001,0.8713365900451326,deep
1389,27,0.8658605809147822,1.1488602055218522,1.7730602934099866,2.3785994653773312,9.99648901931384,29.586692290795266,6.009379583657897,2.273980365185393,0.11182949950159031,8.969656044279802,0,0,0.2120127433400976,1.3190293612115203,0.8789713458705248,deep
1390,27,1.059438397969656,1.1619338856200099,1.862364477066953,2.7393298420762893,8.85644833369413,30.9357075162696,5.933815999485236,2.3870326816246434,0.09846964433483613,12.30168980466623,0,0,0.17176380538913658,2.1182804756397293,0.7737483011364747,deep
1391,27,0.8179715335523887,1.0949623812438967,2.086794413905993,3.17008288971025,8.335964143910335,31.635005960468902,6.861591511175714,1.8808059783137137,0.07884597070270424,8.56867254740006,1,0,0.2200256471868502,1.9842440598149285,0.7150475941785897,deep
1392,25,0.8934619401802147,1.317043211228814,1.7729960034344072,3.6533897055483084,8.6645698913329,29.499183551480012,5.929752090932696,-0.23735529214689066,0.1155895132973482,14.850189406342999,3,0,0.2041892053289098,1.2669522962492419,0.7445892685848026,deep
1393,27,0.8479076780232745,1.1822851894910766,1.8837390665305147,2.8083299061698725,7.808652775100867,30.29148029245616,5.072908326037695,6.199868241884879,0.08817717699122504,12.677144013853463,1,0,0.2978811100223197,2.184410690451731,1.0964927250114123,deep
1394,30,0.8979962781193054,1.202111972560847,1.7651447203986634,2.868031030677461,8.107762874667976,30.39100683250798,6.223994469982062,3.125667848220695,0.14382780385406785,12.386019503416499,1,0,0.36914454520050916,1.4470468053211387,1.3066186242762443,deep
1395,28,0.950051729545782,1.1546592125138562,2.27029450138553,2.761916317628875,8.15202113390827,28.79385396419427,5.096364198380516,0.8195167957573268,0.09850670290307297,25.517863479907508,1,0,0.29806229233676423,1.5752593613620214,1.0700607862289335,deep
1396,27,0.9119774482092906,1.225144488392736,2.063595303609458,2.601551793991063,9.220664865373793,32.692932530592785,5.710023899858118,4.062405329431603,0.09414202845241186,11.086008014675725,0,0,0.24825539206983854,1.6629473750509414,1.2839989894044543,deep
1397,30,1.080359687582116,1.24578322882559,1.9402264614474853,3.1449973242710345,9.39042371408925,28.732206740381105,6.07737840401744,8.5315399501941,0.12594805789734853,18.003056525073205,1,0,0.21131326336931214,2.95,0.7579185686391429,deep
1398,28,0.9077211207180346,1.2199635023486455,1.7939120062438316,2.6541900513262524,7.27765780460689,29.54542354890589,6.475747964143265,2.4327331916946338,0.11843417171458817,13.543525421188061,2,0,0.16076417272434473,1.287291341805774,0.8880441798460416,deep
1399,28,0.886619478426771,1.159248185690867,1.9459072478233428,2.8637140823171556,9.095329253253107,30.173792620100834,5.430281962734707,1.2492846826916115,0.1446077737539965,13.590399121182385,0,0,0.3584442178945175,1.2872938736626731,1.2642669217912434,deep
1400,30,0.8888450111657616,1.2157348093048572,1.8078956709933045,3.1493120819116758,8.869371146568353,27.323703170523203,5.477540315367079,2.337533248308306,0.10141871190138448,14.521766760188378,1,0,0.1746802579542476,1.3195881400772294,0.9034678084633996,deep
1401,29,1.0049885107918648,1.5757758408110254,1.9482600493679467,2.9419859505042862,10.306950074746297,27.879390296708515,5.317469038008215,5.292331529712406,0.14243858407685253,13.6413242674526,1,0,0.20897494770605815,1.2609505789700655,0.87242633525849,deep
1402,28,1.034719081920219,1.1869941658310252,1.7664686500712137,2.7041199122074913,9.36501927712407,27.103695793781537,5.601337275920524,4.719993733971322,0.1366419296797936,12.543016253960914,1,0,0.1526477247082535,1.6637424024077212,0.8955059527643313,deep
1403,25,0.9842913194883017,1.2605533714007535,1.9343765152229435,3.1202340846353023,8.34281521668955,29.31464090411795,5.889095880352865,4.871181522532406,0.12188825998534036,13.894424899052211,1,0,0.19746332626262653,1.3154797122256943,1.009576919640701,deep
1404,28,0.9211439712927387,1.1704637341176956,1.7635264193334257,2.530632465979171,8.79744454035193,30.975646030064393,5.678658309122006,2.816428213147486,0.14049504638542765,12.624966288092173,0,0,0.3075269961285059,1.875520926594628,0.910236837382229,deep
1405,26,0.9104802430623498,1.2627939564359656,1.786197806267652,2.8110586122205268,7.356905560256077,33.42061390283408,5.234367328876423,2.1849952764897553,0.0877844037829221,18.146128679409074,1,0,0.22611398568475108,1.8351732575535409,0.944765087421841,deep
1406,27,0.9412926233926944,1.2485523373371694,1.6477675199808959,3.120335497042071,9.582091400890034,27.916797950026783,5.396791154116798,-0.8520961326465217,0.12070006368953685,15.27874323334488,0,0,0.3313938315445144,1.2305066467618906,1.344483623047203,deep
1407,29,0.8243148856367722,1.1844699081320438,1.649208353227088,2.488335372666733,10.43013132913369,30.673096582568405,5.221109309162073,0.6815484769724383,0.12079012380184494,12.571273992183016,0,0,0.31270339167766464,2.6049317885749046,1.3012078282547561,deep
1408,29,1.104914928739778,1.1769965028711837,1.8112526138200358,2.2685390021250216,9.085792599180264,28.834448989717764,6.071119298532373,6.379966596569615,0.08618057845072388,17.1950889677357,1,0,0.21269810423213997,1.4822176171395172,0.7696698283914412,deep
1409,30,0.9577027513360159,1.1498458646348932,1.752905329548594,2.6573458826544307,7.534335770210824,30.17166956211023,5.0298173429602935,1.7771900955914601,0.10634163125943233,8.50043310839834,0,0,0.16217842006385808,1.4799941143443736,0.491386399465282,deep
1410,27,1.011183438223238,1.2932660027937455,1.6643861425786792,2.7873968965831306,9.867910198340534,29.20621562435641,4.947505570758301,3.8112570270256203,0.06896339638477886,13.079853391298302,1,0,0.09294405884197958,2.383484717376093,0.6221556995446563,deep
1411,30,0.942218476535988,1.1039705061244853,2.1011286064328836,3.1517889701478143,7.887899505516824,28.463885719702077,6.428345845835997,1.0969804508082297,0.08074242980602189,14.76272870331914,1,0,0.19047464669556408,1.6316380578930794,0.8419578429000176,deep
1412,27,0.9268835950718907,1.219529535026821,2.0774519547057255,2.692627845809224,8.9222872743329,31.162678464977652,6.189816872437341,3.2033390481969555,0.08500298870451539,12.795436477529801,0,0,0.14250018804224246,2.267419438848089,0.8452858469489888,deep
1413,30,1.0233030258134141,1.1714585251679877,2.3536049301122226,3.0525579822924813,9.324710814132704,30.160150908268527,5.556454564343951,6.385823800405184,0.11389985323053725,15.765464741684648,0,0,0.31281870649176347,1.2833668597258117,1.0227767499188514,deep
1414,27,1.1184271130616317,1.177992343406019,2.198072179985121,3.22172511207186,7.954348134390943,29.235408085154468,6.186821859255828,6.098837614013417,0.12146295903038952,10.97696502028168,1,0,0.22204692273308763,2.102400263606145,0.8491795344719278,deep
1415,27,1.027507445742041,1.2736915557507447,2.0411285229338136,3.3089374979192394,8.08899519730376,32.11003282828603,5.999394008662411,4.256862814214234,0.14912813866629368,25.22045322777481,1,0,0.2603218861578572,1.2691143385732724,1.0198027045569185,deep
1416,28,0.927022818945822,1.3347146091793332,2.3952030776547555,2.9139610365065716,8.77660604539794,31.267191879765836,6.151495525155493,7.006866565755354,0.09398204985389241,15.856267937591726,1,0,0.20126753484026574,1.285849462126357,0.9094111290399456,deep
1417,26,1.147741920615109,1.28094051604377,2.0459237988855112,2.9630760976588633,7.757015399903287,29.381686844503502,5.475057872416437,6.278411897217663,0.16884827161413896,15.710170143051755,0,0,0.34231719742549394,1.9366569729779464,1.215434293301175,deep
1418,30,1.0010940805454085,1.3039597971380517,2.0062790185517114,3.3321708483571455,8.203991343040133,28.262357080750842,5.840709896499764,3.5021206341798563,0.17315848828273822,17.895397224113296,1,0,0.18821656521154956,2.258275672159437,1.1059309841399994,deep
1419,27,1.0428887338120922,1.5497827317103527,2.6609636669394012,3.201032586452597,8.256987544450839,26.741802962903137,6.598549650234347,3.321929032076026,0.10468919221026388,18.315124382797354,0,0,0.2285462890771361,1.289852274707745,1.2222813830774426,deep
1420,28,1.0140765573007822,1.3278163115717958,2.2978523243382307,3.5692487864850047,8.418081188511632,29.98686609580904,6.238210733991393,7.143331330824099,0.15398441010212285,28.354330897007227,2,0,0.3099990247418315,1.7433510589454535,1.1984717356752437,deep
1421,27,1.1813379720121182,1.8712317730418047,2.9752866838444234,3.7336284611256474,8.42955735806674,27.737533902339955,6.328013554593815,7.0232492895954834,0.18981786329254102,23.990253956454875,2,0,0.7500043508215317,1.2507743480280993,2.4573393550832408,deep
1422,26,1.2709674874037022,1.8588951626070538,3.156581380652401,4.262463528588917,8.441119972888018,26.664023781850585,6.745005760119841,9.411891634324478,0.1928853627608675,29.151541704629462,2,0,0.6729167840264774,1.783483632279288,2.2837564110064137,deep
1423,24,1.5017433274884842,1.8502872246084336,3.433788141951112,4.809690363072359,8.642190353666413,26.159253645468283,7.200098654605002,7.631197365142553,0.21501877850540685,29.516541075930007,2,1,0.9112303132896246,6.0504663924441315,2.983641962644059,deep
1424,23,1.6668323969787355,2.063291707826803,3.884586992213364,5.022971758296703,7.345523221536935,24.40130228213641,7.810397774859258,9.124128019573051,0.2621571789387083,32.77048805720732,3,0,0.8544692461647416,2.031857007206018,3.0972315043855074,deep
1425,21,1.682951052623585,2.567499536344557,4.106451077011217,5.372720046354862,8.448487929189323,21.589024018582023,8.005100888042328,10.428169137561568,0.3217913847537696,38.75456728616348,2,1,0.9404380841018193,6.822313477711464,3.503043215689475,deep
1426,18,1.9828458321234068,2.4887458152222943,4.703511695844096,5.839182910782395,8.602185923012366,20.63584774343485,8.799308863946862,12.717721826833147,0.31398574525738815,45.61196243354953,4,1,0.9463520145933555,7.048065554803303,3.650534453882814,deep
1427,24,2.103669866474508,2.5082746138968934,4.86767795651783,6.357245974142729,9.945741466316377,20.210065490229834,9.888007021580277,16.149268535571668,0.3423635754165346,46.086994700940714,5,1,0.9921695917226219,8.332625721048302,4.192954462644604,deep
1428,21,2.1529428247816234,2.6106825594103507,4.65156128091019,6.323074031152148,10.22414016998651,21.73367908686005,9.281965113162261,17.283186889880625,0.4183667147122405,47.55360248877247,5,1,0.9561485114768729,7.453816963110887,4.950724070102682,deep
1429,21,2.1091373872760384,2.7251948179159218,5.0869450169186665,7.039307391249893,9.355658296293251,21.448081419893114,9.1586504263248,15.653183472876732,0.30257097707785396,48.49624763494622,4,1,0.9565537459005307,7.396558039556322,4.205361891428337,deep
1430,18,2.0689620059229488,2.6826012461253232,4.756302127168619,6.169989814721927,9.155683113685404,21.588242267681952,9.163042705075245,20.616629499745397,0.34551934832720416,47.92167488098804,4,1,0.9901675707216958,7.436114924894326,4.180190143230813,deep
1431,18,2.061966175073403,2.4392294212681978,4.95406059766926,6.346227582865276,9.11850893165299,20.7005826730856,10.09404849305119,15.621751074964964,0.2978373908431538,50.65311587968411,4,1,1.0,7.175911903792812,4.286206465299504,deep
1432,19,2.0989545500818476,2.5150575622061715,5.002485223881594,6.044635603446576,9.348456291117554,21.135077127125506,9.0127646852192,12.959059962274296,0.33122203250154875,46.559896509022295,5,1,0.9535278255793735,9.405527144229735,3.898872517826466,deep
1433,21,1.8416046423039776,2.7605456734355487,4.289030835185644,5.77765016409057,8.576393627710436,21.606786141036483,9.530768525802422,13.99112968504128,0.2782187502142558,41.78800269699367,4,0,0.9667799932391801,2.1008268450172367,3.735623478540293,deep
1434,19,1.7835022302521535,2.3447722334640266,4.363979832203169,6.378723201628392,8.394218480495033,20.876656133404534,9.930134631708146,15.938971673202799,0.32113037223030566,41.96086587394136,4,1,0.9081379091739505,7.369516567354974,3.5786684233349573,deep
1435,20,1.8859785983190178,2.41425096465959,4.158548766384341,5.609731387279268,8.330506561935797,22.852832960495846,8.521864787467232,14.485684364847003,0.29216900581324,38.43616191909271,4,1,0.970422416451062,6.748321701438462,3.401763802596342,deep
1436,22,1.6907022016612467,2.16081006131339,3.8877930296694316,5.250356302833715,9.023364089046645,23.6457751185154,8.311375339958982,12.75761617797099,0.2785927085096513,42.16908780426838,4,1,0.9453974578448144,7.275639151534839,3.540670679377308,deep
1437,23,1.7038661256856762,2.363071807540525,4.097529759412388,5.567531856715971,9.032501434349763,23.952101635640062,9.934600019822206,13.162289114185375,0.27218693977989217,37.84004121573426,4,0,0.8741516159183133,1.2397673367949968,3.1352188680757322,deep
1438,21,1.9353261197406997,2.440478320189028,4.512203765553578,6.525382221529385,8.921442740226293,21.123477105489613,9.566706022037136,7.6630217747602085,0.31193708170398365,47.848313152815,5,1,0.9268657714308699,7.536121497222626,3.7667951928763674,deep
1439,22,1.865799833826052,2.381906128072441,4.3443116169444655,6.002039783921072,9.087751718271644,24.639866551318647,9.562081883858456,11.725587498401492,0.2665950454428456,50.10984182391452,4,0,0.9155424899177966,1.6031143945944832,3.5041357179091444,deep
1440,21,1.948079282530344,2.360249967362691,4.2093778602759695,6.455441389686785,8.278404666615817,22.56640504103864,8.801286358080473,12.974077537428647,0.33909543554823085,43.83420018170326,5,1,0.8721738768815807,7.201264357479242,3.418895787864869,deep
1441,22,1.8460829430726828,2.765411788579348,4.503631353056398,5.760702751931162,7.997224004724164,21.770109804165223,8.590208840856311,9.479620694747766,0.342376294983316,42.42921524059755,4,1,1.0,7.157304420661179,3.7422749561944273,deep
1442,20,1.942209161036688,2.5650094644445054,4.822837498795921,6.435637074266896,7.929263698346207,18.522848918017644,10.046373592815291,17.80859118890759,0.33514625059650177,48.27069313484658,4,1,0.9517059948116939,8.047441727119056,4.119395523563111,deep
1443,18,2.0621717564302573,2.5409408511377705,5.017483868175451,6.615985017303794,8.242498304428691,21.587680351255983,9.576683763109072,15.533697980425504,0.359003120353875,55.854907238408266,3,1,1.0,7.745220338885366,4.1297549735184855,deep
1444,20,2.1363710984593545,2.755179025578019,4.852786330701588,6.677607125374115,8.133081233968621,20.379046087568028,9.582903421824344,20.40290421414344,0.3846404353753428,53.0508428459741,6,1,1.0,8.407775406610513,4.766387858907122,deep
1445,18,2.0766694817288203,2.6054944630559276,4.9678713758734645,6.6283939449207745,8.923738079434663,22.2751191892749,9.952482622430864,15.922761750132645,0.4004167777564633,51.71655308114043,5,1,0.9479745824805658,8.531716622264158,4.373281649045086,deep
1446,17,2.0885091183455846,2.764177354815258,5.000221414903715,6.9625345158141565,8.471538184590356,18.01837913509199,9.737083184906563,16.167815718341576,0.3522290886844187,50.2369007039497,4,1,1.0,8.930931732259575,4.314111265477301,deep
1447,19,2.09417130659691,2.898805183385094,4.952529764215353,7.038531643945686,9.035714784995237,19.731295594837075,9.588391951144866,15.565159066795552,0.35156960920701724,57.433379287266646,5,1,0.9803430614684543,8.044961756107158,4.277763174255455,deep
1448,17,2.154771239513557,2.8490580578121096,5.159033958091614,6.7646427873156405,9.218266189478875,20.692850013330528,10.821224226159545,21.49443412318591,0.3746502321989638,56.10798718338084,4,1,1.0,8.704503408287213,4.284638987777106,deep
1449,18,2.224088982758589,2.6489292830109585,5.318985470281199,7.195461115863081,9.368396317175495,17.922988604336226,10.029509933141025,18.724183413413247,0.3747913799202172,48.7371573569171,5,1,0.9929814362937979,8.014833870920059,4.236803251984103,deep
1450,21,2.3392115806037426,2.7752390679396903,5.035509435241233,6.834955553285448,8.900016374658746,21.632168317045622,9.575902573809696,16.245905933628997,0.3584694752360034,55.20020859126417,3,1,0.9824271573167245,8.116306563262313,5.105055995047531,deep
1451,21,2.2557977105362013,2.6331869852491496,5.155270901276567,6.585805915235025,7.692019545899791,19.81391755329233,10.159857446054083,19.64577971281746,0.39622055075558793,50.932658499697986,5,1,0.962988654946469,7.795442914354101,4.774650772013086,deep
1452,20,2.2795944723425077,2.894352593147008,4.9891856402829795,6.698227352215722,8.748211078452758,19.528333089824546,9.70562213753785,17.735926291105873,0.41050542744260954,49.649468511690856,5,1,0.9219474798156159,7.9902210376474345,4.419056309673423,deep
1453,17,2.066023453496198,2.942287420384132,5.10456194929454,7.009767695245253,6.886400946144867,21.599904159297335,10.05542449346755,14.666392989971847,0.40674443622030554,53.186668901063996,5,1,0.979585948812875,7.651707205197614,4.3080368081774685,deep
1454,19,2.1251454670842778,2.664554573690085,4.875830841725955,6.62783061106578,9.093223960402076,17.799362930979,10.483729514957048,15.160377703239048,0.40630371090908013,49.93861981885917,4,1,0.994112205350042,8.378848814991727,5.241154652838037,deep
1455,17,2.0860753655574404,2.65863648712126,5.335880703173893,6.706688409750327,8.123369690971854,19.88037704427816,10.27514022718166,17.683241436049673,0.36625515036332257,49.35689252846366,6,1,1.0,7.562618936471214,4.7158667160410515,deep
1456,21,2.1788281645591687,2.735932478504033,5.065846821999258,6.624512187189047,8.098160061793623,21.61101205944828,10.105763898010256,12.986495494060323,0.3550614536792105,54.476971808154246,5,1,0.9626266989907041,7.505264716972137,4.381919599643599,deep
1457,19,2.064570078002635,2.5434626010213632,4.662645592512858,6.499217039166719,8.84618339768538,19.72864528306734,8.954794347058336,14.51704520843537,0.30927213639753803,45.98822197217815,5,1,0.9575755428825585,7.840180657612744,3.8941904644226275,deep
1458,20,1.8902694116409935,2.401355932845962,4.545224229369231,5.764061533600793,8.518387071759962,21.78992029939579,8.879654090609298,18.259307809467035,0.334515340355943,51.25361020946722,5,1,0.9559553063522847,7.325281139063026,3.9454969965908386,deep
1459,23,1.8045952909916076,2.3747076397893414,3.9240426901816807,5.801479659609291,7.0505225394632625,22.692291662115714,10.159422311960302,15.200941838093144,0.32857300536258505,42.63828102183462,4,1,0.9179686901496104,7.013935459349285,3.371778591002081,deep
1460,23,1.7045980993944811,2.268695312834809,3.924280402465565,5.684911097578362,8.3142273942932,24.522030551340567,8.235618839670002,11.308305192204012,0.3090604787096965,36.085855890874406,5,1,0.981420073634709,6.414734387125861,3.2396215783494053,deep
1461,20,1.7279157934693128,2.2205923867191695,4.566015997384941,5.706388669167553,8.072339164740233,23.013490664301294,7.981574038032909,13.975582343979355,0.27269578405230716,36.067043256457254,2,0,0.9023500450779184,1.6745716431715054,3.5013567619335944,deep
1462,19,1.622056684438482,2.1974776908269478,3.8751867297919023,5.8959823775230795,6.2528613833617745,23.148021942536097,8.68534814289085,13.815874137675046,0.27676419799671187,39.03030913400407,2,0,0.9898990153060913,1.9721014749245445,3.7106111557354917,deep
1463,24,1.6437887982855792,2.1448549112592983,4.485730860430878,5.7049232711063445,6.333971564152192,21.714478539302178,8.2223140114339,13.631908123532298,0.27412040697528145,41.622744247550344,3,0,0.9622210701811876,1.49323148165645,3.358325745736977,deep
1464,21,1.5603027190001866,2.1300704242511608,3.729401903011016,5.102319258565681,7.794885013992792,22.88128550844494,8.905305633347446,9.03555808158396,0.29563702372294204,33.15169818853614,3,1,0.9102913031775036,6.3706916066493005,3.1402118132526575,deep
1465,23,1.4230720197266928,1.8761996826898777,3.3538439935057225,4.815308355211697,7.978308482482717,24.18258044921052,7.7662655441932,11.657382481412789,0.2986117181390033,31.177663756285988,2,1,0.7760277841044824,5.725950970322558,2.6088996511632754,deep
1466,22,1.854249298522539,2.2656368874283697,3.762708245824838,5.244921238872773,7.926160317253409,24.71810188805884,8.002781613368183,10.303111584408525,0.26849042270857926,33.28142505865498,2,1,0.8124373424477155,6.32715749404964,2.813324518581598,deep
1467,22,1.5961354906216578,2.0113670999427593,3.584324498566637,5.250085908565167,7.244308636799082,26.974991269483926,8.590776545161738,10.592491527477073,0.26619682192696553,32.98165058816038,2,1,0.9059920277154913,7.0509754368140065,3.255901845361355,deep
1468,23,1.6118203672820075,2.0872565766955007,3.493957040827989,5.4889648408330896,7.1851562146239765,24.026622351914757,7.51887053641067,12.636377959872863,0.2601145558454153,31.770395304444737,4,0,0.9081973677942965,1.4655398221388352,3.3120739191322746,deep
1469,22,1.4117718141923739,1.9926593089679587,3.57624223323632,4.395142758621788,9.140866514805316,25.926629900469045,7.224697719863253,10.778549941213452,0.23247813198188033,35.21461529414344,5,0,0.8130965133726766,1.4884666111418077,2.889521140330709,deep
1470,27,1.2791897321976757,2.028297745854532,3.613496520142664,4.286358537603622,6.400360827708981,27.56635462141042,6.686008184573178,5.91487903935065,0.15700163273839673,25.68415905101557,2,1,0.7682833153509989,5.754194593455116,2.2267695920262582,deep
1471,26,1.3377702916459866,1.5866657909641555,2.5425569131933137,3.56259177049398,7.293947502316767,29.09196562936036,7.8015604560229335,6.061640394826901,0.13985292576965302,25.85628553212704,1,0,0.7566686142567655,1.341855052856331,2.361964986981107,deep
1472,26,1.182384558389161,1.5795374317219766,2.3349286428077924,3.141053752814259,8.625747306864897,28.140523503156302,5.914023715548581,1.3234418831230874,0.15512435114811976,14.79125428138861,0,0,0.3590213921104096,1.3528973049660409,1.1738512243545483,deep
1473,26,1.1245488198810076,1.5690347395990523,2.5051540402238373,4.146848186095998,7.053577028321746,26.22099492951419,6.807148734315248,7.688049484529114,0.15171311301370155,23.797211719994632,1,0,0.7134415610144321,1.565995891063928,2.3450828941631667,deep
1474,26,1.26114706942757,1.7150600736818897,2.753184066048086,3.7317189320912343,7.99192797386449,29.64276559867946,6.424743988956561,4.384915491675705,0.18477751148250296,21.01562422124806,1,0,0.7891053604177138,2.14726438517585,2.6436905609964443,deep
1475,28,1.2016432248739166,1.4977601311431659,3.0935662439767135,3.9486343369242025,7.389940133262189,27.874076148568257,7.62011685197297,8.070898998898901,0.1597753970093725,26.878057765334102,2,0,0.6455922054697745,1.7821480871956012,2.135719716836763,deep
1476,25,1.3285914566702561,1.6872796002312405,3.016747474567281,4.189125591395521,6.38282396068105,27.17993224268128,6.980122190308881,5.334041926213301,0.20776099617761892,29.75804108331547,2,0,0.6351224217681252,1.2578190697354044,2.0149755943085594,deep
1477,24,1.550770661473656,1.8434627385981512,3.6162304694723213,4.66244990620441,6.731068736649952,26.51048150153029,8.745705989434239,11.067774693705676,0.2563265049813335,33.44216752951219,2,1,0.7205608781019885,6.243185899956114,2.435475746234738,deep
1478,23,1.7245320370798973,2.0611793407376986,3.8298817145021564,4.787782011245711,7.648654324091991,25.033513161086052,8.165221695945158,9.200318610492793,0.28012599583360176,33.4603418185781,4,0,0.8148137210111783,1.77930670521944,2.7962178147010337,deep
1479,23,1.7900376870737487,2.219069209944557,4.3399050397002465,5.743405904327135,7.031444380702397,22.08298452527653,9.316369774112145,12.223155050468296,0.3074347823743111,38.917557646106694,2,1,0.9489708049909404,6.7492392522829965,3.8769946853371815,deep
1480,20,1.8847311420940185,2.520354858108631,4.345801739861251,5.882072939931866,7.54274079549855,23.225083497863924,9.087617362673992,15.542949512823053,0.2947583295357386,47.591889223640706,4,1,1.0,8.163595972548782,4.051228940003252,deep
1481,19,1.9212798302450533,2.6993122565603853,4.709209855333077,6.299094442528053,7.108660609350507,18.715662106997193,10.89458883268634,14.586925888186997,0.360929949070065,44.797940674530246,3,1,0.9977242288563271,7.513971587877231,4.125550190714604,deep
1482,20,1.9473961263877255,2.7743587193556283,5.07608378484732,6.049733785650493,6.280327689359938,20.87950371336571,9.563549875903734,15.728456413772442,0.3406668473141142,44.73694975576882,5,1,0.8986200451132703,7.121511782613421,3.981723017448098,deep
1483,20,2.122197844498122,2.5807361086298983,5.086118284408516,6.637811544780385,6.72661085961589,20.925110721567528,10.021612630360076,14.255143476043962,0.34114900492146744,53.93744348506203,4,1,0.8897345034070743,8.692426877786062,4.293564067697493,deep
1484,18,2.223317995415362,2.873094502109031,5.399774840222911,7.1108588562637225,7.674105195400357,20.81540442212634,9.782302453739469,16.598221216576228,0.3720727135382942,53.94320786981371,4,1,0.9506549204511038,9.162534756218728,4.4682844900859235,deep
1485,20,2.1613888898352402,2.6742397387242103,5.252011736756787,6.775373689368207,7.60054050033581,20.04974812630318,9.52933149080607,20.029229571261144,0.36946029316664286,58.331734554397585,6,1,0.9468682279223439,7.733397643245601,4.344275031114618,deep
1486,19,2.1307545034533253,2.7178953024660806,4.976670308485349,6.952802191465056,6.476543445004543,18.535627738023155,9.559075864513002,16.860901205039152,0.36587419815227373,55.345767686774394,5,1,1.0,8.536107247346559,4.292895966620268,deep
1487,19,2.1523814960736356,2.7823307564297286,5.0795075707135755,6.947896307240363,7.310735631072385,21.583574630821346,9.415365853313194,17.039412917016726,0.4133032089817175,55.05375431775747,5,1,0.9485596865672477,7.906601529180213,4.697532201133686,deep
1488,20,2.231216130039177,2.673871730003344,5.275675017145102,6.867436359488954,6.649692073200759,20.01106627255823,10.281377435269507,18.466757238665153,0.38266017080898945,50.89941755806064,5,1,1.0,8.31169625135293,4.59409780429159,deep
1489,19,2.106956249854803,2.677559028799606,5.462125809549767,6.985323655088604,6.666038662747545,19.73591339308794,11.051490298667236,15.115045502322833,0.40446899993319185,52.67300321423285,5,1,1.0,7.728793626250606,4.7983875793807815,deep
1490,20,2.0835539896611124,2.914009557726155,5.83717568963536,6.745068107894638,6.91224885590551,20.72343649080636,9.934507935839752,13.944784492914833,0.42139531019198995,55.843379391132,5,1,0.9689507679503884,9.50002865384199,4.495856551160853,deep
1491,17,2.062499483381329,2.790093122552569,4.780180914372971,6.429168953309447,8.15476066981362,22.786232833903195,9.07932627488565,16.24814274200025,0.319314763944041,52.0067759891448,6,1,0.9551798408741929,7.4295499714756215,4.37264068773341,deep
1492,21,1.9920482687953518,2.615003388714024,4.789987020259826,6.112160757360702,6.468245211606161,19.032364070396227,9.547247384875686,10.5948325054325,0.3775561840902455,45.04092078074848,4,1,1.0,7.752922068784271,4.03872139687909,deep
1493,20,2.169881992698607,2.628686501215061,5.001716182593868,6.599400146827629,6.805477711800684,23.76647885952015,9.018537889557512,13.07167981481522,0.3813909321463689,52.935679609837976,5,1,1.0,7.825192617953938,4.583920811497296,deep
1494,22,1.9012993900830948,2.6074146814770676,4.476424080092644,6.182042314522789,7.0547763121562,21.58173773555679,10.29981114877468,13.179504126823703,0.3775319046849796,49.18151737842942,4,1,0.938807985407477,7.234774362499636,4.40925689804024,deep
1495,22,1.9627518798578945,2.4535615235934887,4.764875351127028,6.567908982195096,8.001226713549308,20.506723796107277,9.349264804087646,14.930995736507562,0.3378312206033542,50.677259376135794,4,0,1.0,1.4683054079780828,4.165050683853447,deep
1496,22,1.9443645975726114,2.9088047756792847,4.954903389999887,6.562205675996197,6.824836478590009,22.334705369081686,9.371308599883573,13.873842185444833,0.39345983280154007,49.43175520192806,6,1,0.9535916857158454,7.305075747767951,3.916771316769938,deep
1497,21,2.0953085868715338,2.5955762265388183,4.651797261614632,6.621995005285491,6.546340818609219,19.526489129865492,9.008968614588865,17.512461061720288,0.3976559797712266,48.83271314028257,5,1,0.9209549843437328,8.020143725321192,4.492365920194285,deep
1498,19,1.9413171778855758,2.600554171957748,4.87947756580993,6.231240198474233,7.141729615214811,22.476414795471182,9.660785011657797,14.131925523603783,0.32389023947562023,47.05737002423535,4,1,0.985140952396738,8.050483125767801,3.967518164863511,deep
1499,20,2.181366715245223,2.5055056964873295,5.322744161086632,6.813528438178227,6.88436802352889,19.731210824409896,10.890956489423319,17.89005266735535,0.3375202655504767,46.13933539156852,4,1,1.0,7.590691075337083,4.64831061549591,deep
1500,19,2.1924843012670965,2.858902408249322,5.417575573187582,6.684386976011485,6.394516557947017,19.570034253100847,9.817638324944715,17.21991509256073,0.39942606775642553,54.205151811678654,6,1,0.9802439352438095,8.305829166473321,4.677799656775477,deep
1501,19,2.2396688438928316,2.618678360415979,5.073512125596217,6.613408978280002,6.759076661940805,18.922727466563586,11.652572876607818,16.750062696844715,0.4039067851885015,51.6084576154158,5,1,0.9728392814234851,8.946069825517071,4.722972966243773,deep
1502,20,2.0818733876951065,2.6557985304207397,4.970255000037825,6.813905212854399,5.634445839693262,22.897500949448347,11.128071309908963,18.016166301855627,0.36755149849270724,50.94736687220702,5,1,1.0,8.929653843056855,4.321110323877486,deep
1503,17,2.2229651608953542,2.6851876249889344,5.179580523886996,7.0074929691371635,6.083916132767099,20.729327980981036,10.536987655704294,17.3821426927071,0.39511377725747515,54.59048444895694,5,1,0.9884798320690094,9.312732205723309,4.7444612484424775,deep
1504,17,2.3886489549480965,2.7747447469002937,5.040453998855165,6.736348243274988,4.619518201301711,20.435656726669247,10.430021199304733,13.912877418357873,0.39365018327787443,55.747370651973064,5,1,0.9699511301267045,8.226442780055597,4.381227237895054,deep
1505,17,2.161414427599368,2.6944405295171254,4.941209706810254,6.975582785494381,5.4407979638986665,20.55846239604419,9.8878817699693,17.386647351167674,0.3547798830171069,53.66032324447836,5,1,0.9907257596525959,8.374190250312967,5.552299251450647,deep
1506,17,2.256797493026319,2.8739073596151603,5.144102229028462,6.933323571891981,6.403596416742186,20.098076175790275,10.427689634281112,20.72728126528964,0.41968108802790816,51.17007587854319,4,1,0.935270054653752,8.866172825661712,4.880120057888014,deep
1507,19,2.2429125922347573,2.727662246631993,5.256965450567987,7.0585343354104015,6.584737459405739,21.547242688193005,10.41940236704676,19.06491874650559,0.4265931307768392,55.71983816155516,6,1,0.9505772593128954,8.679811446697718,4.450501304799695,deep
1508,19,2.2099882627111023,2.7888934595841706,5.409337150442782,6.876756188864509,6.06618068526309,18.491866777607772,9.822133834749865,16.827950943620866,0.4193653485020582,56.809757108098836,5,1,1.0,7.875678570956264,4.913669934242164,deep
1509,21,2.3839451530606097,3.043570938807547,5.111535312609546,6.851773316924336,5.414906193183732,20.017700507743307,10.428587581905616,17.436198487925953,0.41197844526713384,52.783388861312325,6,1,1.0,8.357472324907963,4.8121578592016,deep
1510,20,2.1643646219712145,2.6939914641133362,5.03657983149834,7.443417789479502,6.382073927946638,17.628886122678452,9.953171463733876,12.460050707558167,0.4113265340497856,52.56503470271271,4,1,0.9728605101688007,7.906823558920441,4.9560154313542935,deep
1511,21,2.0960190133530894,2.7395969146607366,5.004124065996031,6.718898317456014,6.011999048571429,18.674387059631147,9.70345253498158,17.145608146262717,0.4427292438984717,58.19338853876142,7,1,1.0,9.503611161777517,4.629156473467534,deep
1512,21,2.133069095037515,2.722345025974679,4.916140535256034,7.2146853274988985,6.4988382471899575,19.903960229385543,11.780065305606978,14.802638173839268,0.3740127233377948,55.12534179552026,5,1,0.9395474434865836,8.244467576957337,4.5248124887510945,deep
1513,19,2.1815307097555023,2.837108586321496,5.015433627877276,7.309842267528747,4.867630879364703,20.06940201263976,10.045282283579091,16.812892617087368,0.42390089824060584,59.2849530324429,7,1,1.0,7.891516927769193,4.492972459166131,deep
1514,20,2.149142067032889,2.753166375086843,5.440994491747293,6.725032154754466,6.088285199023883,21.676509375449548,11.146010137461818,18.97939352353113,0.3756027118291206,56.389612646254996,5,1,0.965660336851831,8.060223070227782,4.37660453354176,deep
1515,19,2.068919063417502,2.716805763830506,5.344365905718522,7.480722037016386,6.394453468063582,20.095740619438942,10.1514424880338,20.389687955371347,0.41536375566153927,55.49202766754643,7,1,1.0,8.74951803555801,4.622669470754007,deep
1516,19,2.078494119179427,2.7261757774724797,4.990309517707513,6.6493072904585295,5.30792681829142,19.61063307787632,9.508169012956094,14.587763891177294,0.40577009146211884,50.689169190571846,5,1,0.9752153918049142,7.5976691783616115,4.42471526245645,deep
1517,19,2.1130726543156113,2.822336763621355,4.992427939174709,6.953660185229377,5.914608005025099,21.869128885677636,10.703983368215173,18.729725773469397,0.403317895559922,56.6617827924978,5,1,0.9353091855369587,7.84726476840486,4.403678134810809,deep
1518,21,2.135925010411222,2.862840118813485,5.07725496915975,6.868962675162575,6.299595125926884,19.894571055277027,10.956759812126707,18.710498346652003,0.36561479900971133,55.992789556047086,5,1,0.9414366633050361,7.7569260548935475,4.437827677085813,deep
1519,22,2.2809518959222768,2.8474697336774084,5.136873884776768,6.843656902837782,5.529966447046208,19.580598675985023,9.566781530718108,15.401153048312544,0.38158946099951957,53.169326458202974,4,1,1.0,8.126252113339097,4.60770559358116,deep
1520,22,2.1334874973012616,2.9655476145826176,5.527110290474065,6.682693153967438,5.269883564492062,19.059621506947007,11.037302579362981,15.818777094897781,0.36811564696502,59.84556076693026,6,1,0.996588420635275,8.305892283590346,5.039079813338702,deep
1521,19,2.1444612066672426,2.8217046749240406,5.279040311276426,7.252586687756957,6.011330878767794,20.621727914897516,9.75837907022545,20.090958401825553,0.4317218425271096,63.8999908349423,5,1,0.9826314557956345,8.672161922031345,4.330799683707074,deep
1522,20,2.146495488807486,2.7058704385609977,5.148844955994969,7.102544426376191,5.569142950566703,19.87730687117372,9.595215221945775,19.570421832279038,0.39891584694368953,57.057739880434944,5,1,1.0,7.802928396419872,4.573923939880501,deep
1523,19,2.0856624535997232,2.906614574075852,5.006914195928462,7.073100686868439,4.562460073409119,21.52467587771517,10.85240336480165,14.398263580268422,0.36196896881664026,58.4791612921673,3,1,1.0,9.271206366569551,4.770153325261247,deep
1524,18,2.1052108097417395,2.7197436611728714,5.3015756264751,6.765898903519625,5.179005159847571,21.31825701048098,11.200147003588206,16.588224950060944,0.37696829243552754,57.565207524628065,4,1,1.0,8.168233741392427,4.66048410486569,deep
1525,20,2.0742866573424923,2.8317764820450915,5.0177487614366365,6.686486966624471,4.8778527821408675,21.809860465359893,10.288464034925347,16.492422659699887,0.35593383634110193,48.686193021026824,6,1,0.9686347876705202,7.916685856868884,4.40090488730405,deep
1526,19,2.265271004780661,2.877919041853308,4.941418983482663,7.083121939702058,7.144588169650095,21.204186228879347,10.396471717092123,16.003122276688035,0.3889385969397458,59.99319580182089,4,1,1.0,7.6870321829077914,4.795435834570318,deep
1527,20,2.011840157468678,2.5158808758142284,4.903409061238277,6.4439588462327215,4.7475241242938,23.693388369100905,9.178526404830821,16.930276993706716,0.331376265922399,48.67221642788707,5,1,0.973762296063802,7.3146037603270555,4.3910784401214125,deep
1528,20,1.937418889412288,2.441156929386908,4.585041231264625,5.854002381250664,5.2556218092028475,23.215790165363316,8.508584652811749,12.356780398127391,0.3167737406116035,51.155108886952156,5,1,0.9238755515182409,7.0462700823035584,3.7990859504259604,deep
1529,23,1.8566550686607914,2.212215181704741,3.923604870041486,6.132875077577976,6.173190211235314,22.530534019485998,8.017130130456657,16.39824864559137,0.2956860462089003,41.05107839959349,4,1,0.9022951820393993,6.894567739355401,3.1463073508086303,deep
1530,22,1.6990716193132027,2.0515235403436543,3.815108142879561,5.200092931117743,5.387691691167571,25.946168887723214,7.92968589827903,9.708170542503892,0.2981723791057419,33.24760896389718,3,1,0.8687073559539437,6.161822307120669,3.252107248272752,deep
1531,24,1.449696443561824,1.9696901033262255,3.682711953558055,4.749227024301794,4.940731359787503,25.89601900309627,7.522438239165846,7.993167133381183,0.25317476949189793,35.08964240942396,4,0,0.7331549821832262,2.6199401741536956,2.362999566455864,deep
1532,25,1.3336573697260807,2.049805882457088,3.307873031919712,5.175931770962741,4.828595075430674,26.672162529239728,6.663781631615841,6.518753451207801,0.21252997602695997,24.425040557065383,2,0,0.8018479182953263,1.6098945846914068,2.7066488724133335,deep
1533,26,1.167795500999583,1.6474271093671857,2.9927393047884463,4.566676704897217,5.051042864987486,26.790198119487634,7.596887190422455,5.481475244203032,0.17557116627745703,20.345612141137472,1,0,0.685091242859721,1.9671997869506797,2.29010925655025,deep
1534,26,1.0180451562916444,1.4724010329925186,2.2536686627306746,3.0224697622074497,5.912430854015984,28.780208994422317,7.634671726361102,3.3506724299898125,0.11350821479489585,15.053100716546602,1,0,0.2105950279236526,2.253608764093694,1.123603376003958,deep
1535,29,0.8706941996126402,1.2238341601885072,2.1798436958361886,3.4121431642436852,3.7454610969936786,29.398807398275093,5.997930488839558,5.289734644862522,0.11829405818308622,16.983031759246803,0,0,0.2765568525161726,1.786777922458873,0.884457678007853,deep
1536,27,0.9935470111032333,1.3024797298698192,2.2900074857045185,3.1859498564597284,5.189939987055159,31.764789295632756,5.04871173119663,5.715621198106906,0.07181281545014495,18.740456263370135,0,0,0.2170804658703467,1.6350436192969917,0.9918236974567891,deep
1537,27,0.959069202554321,1.132534451836957,2.3285053651147245,2.8014184857721363,3.7547098124740765,28.454216120464498,5.30790072462662,2.8006220295853796,0.11719238974603899,11.879341631932231,1,0,0.34105203521530403,1.3791377029699468,1.3374112026698652,deep
1538,25,0.945485119172168,1.322444771038354,1.9434317071004612,2.887106197133563,5.453612399127463,28.579013792765966,7.26272854501989,2.1305759750908235,0.09923832338262137,13.658648659930948,0,0,0.3054464646381202,1.708300443896376,1.1224087197978172,deep
