timestamp,numSV,hDOP,vDOP,hAcc,vAcc,gSpeed,CNO_mean,CNO_std,CNO_gap,low_elev_ratio,PR_RMS,Fault_SVID_count,hard_label,soft_fault_prob,pos_error_2d,residual,scenario
0,28,1.390985170154125,2.1628850542868356,2.991109664333174,4.242862864621027,8.032905195353372,24.562911009505363,6.880703719775109,7.942521541505387,0.20676541790101247,28.03749683978361,2,1,0.8673508024374539,6.938409957105162,2.8692144624937983,medium
1,24,1.6502014821270083,1.8137763000295961,3.245862433220304,5.048868465373952,6.6925161222446645,27.551525947313692,7.653956121433932,7.5754130538206965,0.262809169074012,28.922785699581482,2,1,0.8960782795236488,7.278804242209966,3.0291878002206594,medium
2,26,1.4158679561870642,1.7878511952063676,3.3409682741839926,4.816944948909939,6.602188041116153,26.44225685003389,8.118627482899878,8.977037514692974,0.21962004244683345,27.761156516374434,2,1,0.7286805811652316,7.651319260441138,2.3459080096637157,medium
3,25,1.5049498646792676,2.0066171845685163,3.376220485736978,4.797782978488174,7.18463814107107,25.415517265074463,7.0735724251944125,9.646077726603714,0.21103300731905256,29.855401795425212,2,0,0.8138946588345659,1.8742311415055102,2.7518821743757633,medium
4,22,1.452182260995239,1.9997494009957535,3.309080405557174,5.090738203713441,8.992341601330017,24.682806110753358,7.418215822903433,12.16600963843621,0.21616594159624777,29.91056441066423,2,1,0.7173963144887539,7.4946568892075005,2.4339887319870868,medium
5,24,1.6378703449673002,2.0250136543779877,3.578080895142619,5.060677078895385,9.072555438338595,27.01513692636621,8.301565929991193,9.13775986298775,0.2446707596641282,28.708081282515806,3,1,0.695436393294589,8.932825346038424,2.382701078051742,medium
6,22,1.4405851351555463,2.070211010298921,3.211364480950164,4.505591829445216,7.031099760821082,25.461628857660084,7.779003909889381,4.563503739060001,0.2216221803010075,35.064773102965745,2,1,0.8395936673361326,8.046060145688529,2.654128177844514,medium
7,23,1.4382486942214479,1.878314538244787,3.4022326023511726,4.549528841703893,8.083297189914942,26.07070285597379,7.258230531577224,11.398253453397233,0.24055730839551065,28.117672074684876,3,1,0.7930798558472856,7.421649770313916,2.4221763902441893,medium
8,25,1.543243553236455,1.9894626166206728,3.4446503961698545,5.26010998121358,7.623175764359853,24.380453324750057,8.313648830379964,8.771626671363407,0.26684814989684463,32.41489911573449,3,1,0.8662133929463869,8.108428586737725,2.8666410137061127,medium
9,24,1.5684889952165233,2.086454974784504,3.444988272453333,5.128860698774203,5.773894137791995,24.91538224264971,8.851146423300815,7.989581408697449,0.18342231652759278,30.342924791086915,3,1,0.7913754985216147,8.46401860834096,2.7354407758075605,medium
10,20,1.5678801469878973,2.0952948033901007,3.450076169366502,5.109466998001402,7.834173454625724,22.01291316659554,7.907454320520026,11.165549668343056,0.21249895125730078,34.55863948838362,3,1,0.7956231226008526,8.31541568277005,2.7954260507848745,medium
11,21,1.585967000551969,1.8974375720698435,3.4528003397875526,4.799367205101742,7.80080430629611,22.994926154805228,8.22048288488678,10.178615406352076,0.25428104986063493,32.61584062776993,2,1,0.9031543162720669,8.851039680058289,3.0902539562705584,medium
12,24,1.4609139243366442,1.8307857875344689,3.4812291017306203,4.418224316411503,7.5650626877191085,25.336497542421498,7.8919686370255,8.961713005578408,0.2224298791453519,28.753429139867745,2,1,0.8561064425865824,7.9167351550298,3.0574501747205827,medium
13,23,1.5221488288934282,1.7466351879066608,3.615787187945083,4.478626378362858,7.684311502449888,26.93327622022045,7.834397146821459,7.5934145807644216,0.182835947174253,30.4314504975704,3,1,0.6586027801252594,8.126027277096386,2.183841225306461,medium
14,25,1.2839844951111221,1.9093481319140404,2.9365774124335418,4.086975689285915,8.001647192529518,28.104031207850404,7.241810418233958,10.71442771355612,0.23316838243874896,29.129388173697976,2,1,0.8646931764517394,6.995741346433398,2.8905038294253167,medium
15,25,1.4995892674514444,1.9811654193944863,2.819205162516959,4.015911554487688,8.063319369063054,25.554889778631228,8.365592970970928,5.208180636259161,0.18266461277608315,22.76200588803376,2,1,0.5885071435013327,7.442892247429245,2.0030854164105643,medium
16,24,1.2798912607959356,1.446182918178069,2.724265436460628,3.8977988504042047,8.151914991031909,28.94034618751349,7.006261976715228,8.5143348190323,0.15661179906016684,30.029944531085917,2,0,0.4403362115995146,2.95,1.5530437532852595,medium
17,25,1.1843190710843854,1.4433224922911276,2.8932252297567564,3.474929955485561,7.971816777403808,29.526708177775788,7.448820394058102,6.69306518748626,0.16470654416209407,24.91137792586359,1,0,0.46623368061226506,1.6116550896255846,1.565565097349466,medium
18,27,1.262419804169381,1.5859702898120296,2.4542142169967294,3.3557635823230783,8.285714223235056,28.50900867676578,6.506336105970007,6.389781593577518,0.17607666226532728,20.593066897566203,2,0,0.45765493763406884,1.6301049505112464,1.7304491985546684,medium
19,25,1.1339650641038714,1.5417522663371341,2.650035317006777,3.9720182301138696,8.609343618644509,27.751856865781715,6.962510407388176,6.219415772610412,0.17959609213616248,22.016690865318598,1,0,0.6435148353330126,1.2650831071523594,2.151056086147285,medium
20,27,1.2062905046183168,1.8239735013282574,2.994220979906356,3.727690087245996,7.831280176761977,29.446654061283567,6.134182518156658,4.004126630380173,0.1419940723068482,25.521347788182336,1,0,0.6850142297216779,1.236806644061896,2.1040355363803473,medium
21,25,1.3287773629981514,1.565893636599264,2.7463152466669984,3.776563359414819,7.967481082381957,26.04672343889618,6.532519588551051,7.842626447301527,0.1906120441621478,24.699449256208958,2,1,0.6433252796032886,7.208459816468491,2.262075558443077,medium
22,25,1.5290445826759418,1.8333000662908219,3.3421706946063656,4.10129074084591,7.839545054924455,28.05819179873247,6.634144299067663,6.740032498452814,0.2307308759673453,30.74042922612463,2,1,0.889611087640106,7.105401013013961,2.8451309828971256,medium
23,24,1.4757647111165462,1.6910036461199132,2.7806684787287077,4.055362826541139,7.04053995310061,27.312985436776277,6.793429291008151,5.149026584248688,0.16329248654063738,29.260185393199983,2,1,0.5722915535369446,6.732309596908365,1.9533248006973105,medium
24,24,1.3589234352019466,1.8246457231431896,2.9955907373759683,4.385107556204169,7.585908654435179,26.82795175221812,8.782878408316623,10.089981254537385,0.23062554304003627,26.22500454184268,2,1,0.7749597487744561,7.656462214579145,2.6684467780854675,medium
25,22,1.3819448657571647,1.93021430470948,3.7322780372542415,4.463214241449912,7.20946069615098,26.32725743006759,7.10703028525253,10.630599768689628,0.2660932892586948,33.24976557006613,3,1,0.8622815404416995,7.253428496894485,2.804059140855594,medium
26,23,1.4951590529162684,1.9671611779742564,3.678321495848796,4.408530764630386,8.302678663322432,24.287187055266205,7.092537947600035,8.231330267175991,0.2363210797549542,37.28001209367852,2,1,0.7272440428769638,8.646823594157624,2.450867501752465,medium
27,26,1.6180008577207086,2.018763880984172,3.821323652205437,4.396384460084611,6.990925122943205,28.295771032914185,8.394373082957406,11.442429066758374,0.23205609820958012,30.543997532352474,3,0,0.9419396116335839,1.8906982106608905,3.1201894551597027,medium
28,24,1.404490983345149,2.0278597699905547,3.266413412725854,4.574051900249973,7.349366189849493,23.567929093638913,8.058708198658627,12.159388239759569,0.21942605514130933,29.28609001821686,2,1,0.8308310192497506,7.218907066492775,2.99353201698552,medium
29,26,1.332050849933544,1.8210884475898215,3.054942938518895,4.348764113165203,9.120494014261828,26.178111714816275,7.862690699977733,11.720845388110568,0.22162499681535394,31.552753434035683,4,1,0.8115140509929942,6.942569149477723,2.7502290079136933,medium
30,26,1.2874151954269781,1.8256773326766655,2.8296741594886257,3.86239275720103,7.8333360409282395,25.902709357792265,7.585788214386766,8.201960442382182,0.17445376441314522,30.602237597836012,3,1,0.58070293047321,6.962643602965052,1.9448184620392324,medium
31,27,1.198880686161161,1.6479858523506097,2.85723515981651,3.9262777585548796,8.36480907622574,27.761991355817255,6.819140074953041,9.1869795975191,0.15308136284678214,24.38023756419212,2,1,0.6523527681522978,7.2367578299501965,2.1418668146419484,medium
32,26,1.3518333691791233,1.7017779993349105,3.141232605575628,4.477006575258677,9.402573313143783,27.133076312284587,6.313136703014852,10.610773327802605,0.2273851521770035,21.437944696697688,2,1,0.804073530027066,7.977229706653327,2.6898910343823212,medium
33,25,1.2320433593288378,1.69766852203866,2.6720637786494583,3.6086417231073478,8.190162274310431,29.279692050932017,6.563437588100702,9.895554430244676,0.23810499901989884,29.510414774546973,2,0,0.49487080585124393,1.3593276452252179,1.793923651461317,medium
34,25,1.5366524439989013,1.567982167618472,2.695556503276275,3.8692963101343567,8.68511805049899,24.902748014142734,6.710695658069719,9.115257564585269,0.1739863587295199,23.063330528713287,3,0,0.5018465906035224,1.359382754521627,1.6808466060062404,medium
35,26,1.1415812332829212,1.5745064841919874,2.4702298121891597,3.37371682671519,9.340250278807638,28.237192461424566,7.575550428731623,4.957779093185749,0.178445671100167,31.868717458507387,1,0,0.41148246840094177,1.4387297534799675,1.4590384786070434,medium
36,26,1.0253891970323503,1.7153884169571176,2.3804842257731917,3.6502186727076333,9.399298038248004,27.695143192150802,6.311691265321896,7.5310499582552515,0.1230865998121319,20.549388509111658,1,0,0.4532217825306274,1.308121274277055,1.3224714886189177,medium
37,27,1.1781505294793282,1.4620281711734988,2.4259099627617715,3.243456749162481,9.556677996995361,30.992507155436012,6.345411454999035,3.3366416743995932,0.14367333013586492,18.14369208843064,2,1,0.5217070322501226,5.841085611439845,1.9629761323048807,medium
38,28,1.0038106575242434,1.3894095846457069,2.1725377745616434,2.900463308969701,9.209185665303021,29.12253912500076,6.658134835298609,5.434279001068497,0.10986589027555041,24.379540067899796,0,1,0.47424430857434624,6.421573574853206,1.6147198242455112,medium
39,28,1.0588393879980065,1.4006142862740372,2.6921242731405437,3.431003139892418,9.40421266422083,25.944742873299923,6.597771091678066,0.43110762905340394,0.11271314957320422,15.19746503910758,2,0,0.3262436561201204,1.2852858820406428,1.422523957390303,medium
40,28,1.1690600797022503,1.4590783981255624,2.7404026425626498,3.628281596465077,7.9052198147321056,28.420062584588997,7.133685479254552,2.861878041034632,0.1493904633444689,18.412434112715395,2,0,0.5487163644647203,1.5616557828480826,1.8874066325760692,medium
41,26,1.3004504105219035,1.4462156772725772,2.287204209170025,3.8735489145060296,7.685976815557403,27.088578477805946,6.83437177210167,3.8464912830215923,0.13503368675419283,16.843293681715238,1,0,0.4324615321601504,1.2383547533974528,1.5769611336312481,medium
42,27,1.0068785091720662,1.2683283687064633,2.4079763241023113,3.2207690626580425,9.522361798617894,29.942777504089676,6.307771841041865,6.650970150543816,0.14657418120272936,21.748606178377702,1,0,0.45498091616860764,2.1372298173313222,1.5416585777997835,medium
43,27,1.1186175823116802,1.469306995801548,2.1864375660535544,2.852155573454346,8.293026791283944,28.28856322531925,6.725650286813691,4.0355772844905236,0.12694524551317496,13.824066551896687,0,0,0.5461651493892937,1.3550091695395683,1.948999652832677,medium
44,26,0.866150191911891,1.7327148037535323,2.4152636798066407,2.947385912243108,8.468115307907997,30.944156213949285,5.420278888028215,7.087181689960275,0.10975416102158299,11.569697348011749,0,0,0.1929103461618045,1.394057796296357,0.867895515382971,medium
45,26,0.9999357799405881,1.4621483613583268,2.13658649864699,2.9103313117364054,8.123730204455288,30.060177192435077,5.322757904939675,4.246039820475308,0.11295177898475939,17.974511376791103,0,1,0.2361021217945368,5.576629965454261,0.8948106515489542,medium
46,29,1.1259934075185705,1.5209023612411885,1.884285376926707,3.0918154198777286,9.054221888211837,30.762509339928336,7.462592089505936,5.504962098988862,0.10853170845084363,15.826524323433576,1,0,0.3583322274776817,1.2515064288690163,1.3553959346777398,medium
47,27,1.1012023050016235,1.6235540730454687,1.8755272633293074,2.6432778752740713,9.341124211867744,28.185557695480473,5.862090777230864,7.58105082871808,0.09978548641860405,19.522338095837103,0,0,0.41375355171099426,1.6734747016127551,1.5882735125963374,medium
48,28,1.0928723971223067,1.5413202243790616,1.912128519259211,2.885052266321124,8.48490985316737,32.24598465274933,5.364114817168105,5.803630366780718,0.09870584208734202,12.898725285674583,1,0,0.31091644649434,1.2077347379844057,1.0546932156403586,medium
49,26,0.9152447433638763,1.2104776397631158,2.279622863809191,3.38805804148938,9.969751606468376,26.403868616519524,5.488799987855261,3.3261709632748384,0.0900613800091632,12.557736600206336,1,0,0.34329347149612843,1.2749175040488572,1.2306851674774353,medium
50,26,0.8631319492110261,1.278161074875503,1.7764787658060353,2.5949478636840895,9.052016494153925,30.404652537530758,5.417498697432547,-1.34103763295616,0.10593948267710165,14.916736187743744,1,0,0.23711382285215954,1.4603579972694518,0.7925966182600078,medium
51,28,0.9647617460613425,1.210285701884586,1.8468283305596567,3.043801595587329,8.786337142574133,29.009941230583202,5.413673956823699,0.18051886595441902,0.09790645541460946,11.188734879122764,0,0,0.33759648946191406,1.2241555710720726,1.1636511370784093,medium
52,27,1.0835119116386975,1.2853544828436874,2.5848491313570583,3.3081237811603326,8.217014495804555,26.443468530402043,5.571207178326471,6.160861863039376,0.1317107546648968,12.904275539561755,0,0,0.3237118291404894,2.125040313292825,1.3467528057527582,medium
53,29,1.0160421072203059,1.4443653813677693,2.406945033874406,3.1478405972585914,10.023161197827317,30.75035791028359,5.767893999804926,0.9388409207064337,0.13162378359278157,15.654718386431563,0,0,0.3266730370241548,1.5022665833739974,1.3484294831492578,medium
54,26,1.0293576768100459,1.3690576398029797,2.085422042204309,3.0474241940086038,8.800841523515826,30.634611173517662,6.602699763287447,2.866017543528249,0.11995640457117378,22.871163068228647,2,0,0.6925258287616213,1.4009446368294631,2.152373234164002,medium
55,28,1.3843413605012573,1.511506362738478,2.450718882203228,3.1640336472904975,8.690452390399516,26.839752428529152,5.752504131401014,3.2114997360955027,0.15878561639063035,20.531240965478077,1,0,0.41944246642919114,2.077532097338878,1.4597618673904216,medium
56,27,1.1201517376550683,1.8389215167325181,2.607128763072827,3.558169589628889,9.51906285263086,27.855865812574997,6.324385358755017,4.904189958213379,0.19086762546386932,26.37413526088126,2,1,0.7278757094771623,5.814199958525429,2.446571980781471,medium
57,25,1.351444112717545,1.6533124027429376,3.1332140544039495,3.468405993597905,9.103188151206307,25.10089273170777,7.482526378581801,7.838840762541721,0.13843518806315144,24.41394371627716,2,1,0.5906993960611728,5.949910049526301,2.1890409658206407,medium
58,24,1.1403825945508623,1.6658401276768515,2.4690926379159635,3.394137757206487,8.140555250408733,27.433993432073656,6.376856785570594,5.651855782808588,0.16747677156522134,22.038779735053232,2,0,0.450666474450802,1.5291901119221238,1.6565487856754335,medium
59,29,1.1586621851530219,1.7792927270816563,2.792287108742138,3.558449173121708,8.731123885812416,24.721081820782466,7.560281582987686,3.69280767105293,0.17976248928287217,21.83808309813284,1,1,0.513606789233368,5.9935588142530545,1.7240317569758292,medium
60,27,1.2236403936563025,1.6463138654885134,2.8899732881046947,3.7100281522558185,8.465717269438949,30.44016382221547,6.404274037600616,8.204646188279371,0.16233133471956349,21.965473981894025,1,1,0.4501612311045159,6.1926747781205655,1.5694133504116414,medium
61,28,1.2655606700274764,1.3787973710554584,2.639893935395013,3.54293726657784,7.784130855443893,30.373055237598667,6.641142616000993,6.951662614020294,0.10878612882312409,18.457219995353082,1,0,0.37313622177264694,1.214790675652168,1.3730548845154327,medium
62,26,1.0796086318224278,1.672182631978595,2.476222419813526,2.863776775818158,9.90686677770714,27.844844110469737,6.117488102560144,9.753410516739654,0.14483670311933144,15.264161190281403,1,0,0.47022945191050614,1.6378857039817405,1.485945036481482,medium
63,28,0.9821316749911314,1.3089444636270948,2.0779578720784904,3.1366252423967924,8.532275637494056,29.393681590669203,7.284920346011478,2.289654131244244,0.13664037365894013,14.482919345426204,1,0,0.46787231487101616,1.5206118435957412,1.4957605241666636,medium
64,29,0.9199089898178547,1.178674188462475,2.0880373013198783,2.7170746759959794,7.652922733883454,32.14211115528038,5.541754695138378,2.169648431978569,0.12811499347364005,12.393910768969063,2,0,0.3958130037414891,1.5824231518682268,1.4282072834099095,medium
65,28,0.8448669315078197,1.0877391835502463,1.9852626157666156,2.426659059536984,8.604828330002917,30.40111162575859,5.593227422341223,3.709774835891027,0.11650331433904439,15.61266219016494,1,0,0.2484152135253708,1.2693557847083143,1.0088320358026133,medium
66,29,0.9712074572189698,1.2836005492238358,1.8246475027881108,2.598871040344142,7.787759644203035,31.788073391295743,5.482912398856176,2.892267632664999,0.14930197484140875,11.805554059138384,1,0,0.37062228805482267,1.4138603751345986,1.5151622344851308,medium
67,27,1.0538262367670013,1.314563028336547,2.340761716735102,3.1465192009298315,8.559710809357444,32.15638737233425,5.6289177219785635,0.7387499754658222,0.12547958610009322,20.602262382456274,1,0,0.37525709051949135,1.4450111816664548,1.4126172866285258,medium
68,28,1.0399329961625141,1.6792168824441442,2.344233231257235,3.943509153016219,8.792085352807987,27.965037856725733,7.265605807695129,9.250887209576002,0.13161631528652576,16.453935102551956,1,0,0.3090266992864707,1.7301632947954664,1.218236228143292,medium
69,25,1.064295047121007,1.6508201996726575,2.3203494555288526,3.1992251929848554,9.018438302761343,29.44028859960061,5.808585309313669,6.457610491951654,0.2000614553965639,24.60162810574962,2,0,0.3311781142192752,1.3671059480679089,1.3222631890681233,medium
70,27,1.2714544499082754,1.5003061571966736,2.292917942172303,3.957769018609933,8.364645029308697,29.608292690343024,5.941545878259906,0.6804644116900098,0.1587411701164745,25.839812702341344,1,1,0.44156663996797285,6.380002603551371,1.4852518482562809,medium
71,28,1.1303807824684151,1.7250925251551326,2.8407015554719566,3.6702117335600706,8.691433037753916,26.267518674515326,5.835427451070449,6.979645756682537,0.1867763348699294,21.496009861765167,2,1,0.3919028478938175,5.5891102511541995,1.4814996345338622,medium
72,27,1.2701962892460446,1.3630161778650158,2.2586017872034096,3.5728112968432093,10.07163480028296,27.590757534920726,6.437960083747118,5.2947543520986216,0.14260152458564412,16.72984847145934,2,1,0.4165502275889923,5.625978996585619,1.6072297720898878,medium
73,26,1.0750609019722968,1.3656233730404843,2.6067439107213453,3.1504575176932366,8.739822770154735,30.30089949750807,7.075791779096677,5.744427925222566,0.14500506260192794,20.360297837725703,1,0,0.49375761099746085,2.040452520161682,1.4796512031460085,medium
74,26,1.0654193801979732,1.4977560665546024,2.768309002119954,3.4349415111042414,9.271330775951379,27.19352052112299,7.200915163387365,6.267757050980655,0.15433664846202247,17.328190832637944,1,0,0.3966861904212112,1.3135592768756486,1.5770515051367051,medium
75,27,1.2293957272664762,1.4737395259027284,2.0537812104849906,3.5640127850915517,7.115966353515297,28.68562648679618,5.935312282197272,8.490113899420177,0.14043169298483618,18.22570230396007,1,0,0.20891594875370423,1.7046721778208345,1.002539265557605,medium
76,28,0.9874933811903295,1.1520691575915782,2.1128893348343487,2.973050140090282,8.871052079400911,29.788328938953132,6.8577051106563065,-1.6560975560280449,0.11995110344399432,12.398748802493525,1,0,0.2550423020820203,2.0585863827851902,0.9202305376285526,medium
77,29,0.8421620480057803,1.0987234091185867,1.6438577973523727,2.581700368989062,9.557020921959461,31.631004809158366,5.582581347914614,3.3333773118008097,0.09978395960205322,12.077310422956096,1,0,0.1285780363161696,1.5341464736805264,0.7054348577916445,medium
78,28,0.7799903307564323,1.1529349145971284,1.5973087209804506,2.4446478900643527,9.299257056154786,29.617537982873348,5.590966567978914,3.8384788209875778,0.0918958601587182,14.426959970822363,1,0,0.20488763687408773,1.3254916337309035,0.6213301423452819,medium
79,27,0.8278360475033126,1.230283476959042,2.0450050821570875,2.490291441158136,8.439163908358768,28.906010844463975,5.020158822332274,1.1235107745159978,0.11954109529997949,18.513189039404423,1,0,0.46235309265962465,1.5079184994840586,1.5580320743607312,medium
80,29,0.8376041017907601,1.06025856083869,1.9586639579675635,2.9203600889021026,10.003174724220411,29.335361279096087,5.000471242829129,7.449851926967885,0.0663161420366625,10.699436627421605,1,0,0.18680943140510725,1.2776794303293493,0.7024614036759147,medium
81,26,0.820819899684076,1.2505075021248144,1.6163857776223773,2.370060374955552,9.568995533589298,32.28826558804073,4.890920555114456,2.7323341235024574,0.09223464626772016,10.217900890512603,0,0,0.20416143169697867,1.9131477838125495,0.8973879193319576,medium
82,26,0.8376318590811022,1.1522388235697139,2.297216829866677,2.8593540515733666,7.769372827633555,29.728775539555745,5.4026745144956525,-2.0962861126767125,0.12666179607062866,12.014724360303923,0,0,0.15809808991101978,2.0474316614149983,0.6009092336714481,medium
83,30,0.8547252840331991,1.1824280667963551,2.8971172285986775,2.4035713683285893,7.697807166502315,29.558249178121617,4.9299645152148575,-0.07741912951189489,0.11048776570425572,9.243863098579572,0,0,0.14000145834267214,2.3019116286528343,0.6655048026164428,medium
84,27,0.9773001029812757,1.0891446290547067,1.9535099576867114,2.484282505797586,7.718821503119007,29.80933709504686,6.612419533042475,-0.06188481144007785,0.08609377709160569,15.611643680296043,0,0,0.22361182741688312,1.2547483158994424,0.8236655696492112,medium
85,30,1.1295464430601718,1.1891303859300213,1.7083981714163832,2.561482516452651,9.745224215339789,30.448369772771613,5.671299689766656,5.409953908694359,0.13158838525269528,14.67244147082113,1,0,0.15183043789054687,1.4541839028258472,0.7880828424150841,medium
86,27,0.9837162997260287,1.284148298175233,1.9065137238768612,3.435633071208719,7.6938223216207255,30.08636278594228,5.557456241095565,3.9004456677699584,0.08099914233927524,13.040129559992721,1,0,0.1637731467771824,1.2729267076439297,0.6255375836780229,medium
87,27,0.8847151836003483,1.123430908432108,1.761499017703023,2.9814565383466562,9.009477227062789,29.9910288556791,5.518985120002959,2.8149570046923067,0.12730755448501926,10.030565763318801,0,0,0.13469511187762295,1.7459040889120718,0.7425898381814315,medium
88,30,0.8886309243209564,1.1932150046442835,1.9269512497409018,2.6434865893553074,7.98765282697075,29.568144244049012,5.245688252380213,1.2684369198797794,0.13969184443158256,14.857437646601433,1,0,0.4374234375401622,2.95,1.339613306921922,medium
89,25,1.3078669577544675,1.446431233727366,2.4769603937545126,3.0054459787808696,9.369945166070083,30.37644863491225,6.544231983120898,2.4268862661996726,0.08143798284258966,17.367715981361847,1,0,0.5559365488928663,1.2031627042399091,1.8093596225989739,medium
90,27,1.1074088320755795,1.5431308299875979,2.383483224189745,3.490386881803789,9.41186361663524,28.154550711703536,6.652383406468737,6.180887245307278,0.16477758054750763,19.293830714148896,1,0,0.6835942266483558,1.6487360403678766,2.213518835988133,medium
91,25,1.225071366134096,1.4798382771834742,2.803248418580315,3.34878680184309,8.057169851263538,29.743348710916365,7.454486117097153,6.529977558561772,0.13995333458492554,19.092050698795223,1,0,0.3908380449293232,1.3598891420733341,1.5334203423983706,medium
92,26,1.193300658319505,1.5956901768130651,2.762179335011544,4.312487064498038,7.0507411741834245,26.419472757737516,6.302931688526206,8.435182998038158,0.1914880818188027,22.548824519482135,1,1,0.628928564738604,6.54175280932391,2.072566081986649,medium
93,25,1.3775453613183644,1.7147578991280172,2.9504293473879457,3.9137650383709586,9.269079961583412,27.917513924519035,8.507944173753465,3.48065923038377,0.22937034146605945,27.289472907493366,1,1,0.7378633706567951,6.7743975368254254,2.463317729088471,medium
94,23,1.3427531647938238,1.8107099331072658,3.376741081975869,5.04962545771384,8.254592577906404,26.09412616241515,6.856480744958243,7.396466346680146,0.20476890237360446,26.073279361526033,2,1,0.7842491137204408,7.22616557818077,2.535115998759509,medium
95,23,1.6073408813366894,2.000320833820665,3.659263967725875,4.762513766245429,9.225115979268955,26.319799645624947,7.264527147825644,7.144146350907163,0.2635544988275717,28.15015242076305,2,1,0.9494198854960224,7.669363565194034,3.301809153379133,medium
96,23,1.70843125921011,2.0949789601413626,3.3754649481928527,4.789411006617853,8.966140442552124,25.107494945192407,7.5132455619655785,7.48650792512937,0.27848331635982754,28.876878548757176,3,1,0.8119416588062754,8.801380873246327,2.7349352514717897,medium
97,23,1.4497511748447183,2.1843409650065375,3.417924332775282,4.363165504840243,7.5405497423888335,24.2306591422749,7.070120920911017,8.773494148288435,0.2585660178419825,30.72143935596093,1,1,0.8908969829559312,7.43541903432371,3.0089770218159266,medium
98,24,1.4394674366759028,1.9049419058529444,3.318728861855521,4.537635852571118,9.98707438712356,24.85551568380764,8.14309804397646,14.211814919015467,0.2124233887571483,32.08133469820852,4,1,0.8170595373395892,7.713649987063328,2.8035817506088065,medium
99,23,1.5181192242111947,2.0635869833344156,3.4159867998304785,5.191963927163719,7.672397879583253,25.71937676502127,8.023307040190314,11.903871528008176,0.20493628508142928,37.08274238545257,3,1,0.8221227442768405,7.328499963699861,3.0455931700378462,medium
100,25,1.3755937999074714,1.727575748013105,3.2551200264372997,4.797520478300348,7.68331138299109,27.02777875896115,8.684619048228535,8.658715658272389,0.19992164358972403,27.366793024733877,3,0,0.8239994048447,2.2361809867002598,2.533452074945882,medium
101,26,1.3808632450138374,1.7814796157702215,3.420819003870559,3.9121739826600255,7.813183926609516,27.048196147661514,6.589228846721306,11.727617065267648,0.17525600144110287,30.31346606948781,2,1,0.5752916550461608,7.304539420914785,2.0378998325010396,medium
102,24,1.458390620939471,1.5550668550663775,2.7631604652664663,3.9040909511432544,7.234801143213584,27.651566244727515,6.844155168339278,8.691038169144669,0.1951802146242388,26.90457952292503,3,1,0.5215982813446951,6.2149133189640855,1.831110123905922,medium
103,25,1.2688185570727943,1.4579611292161905,2.783982688668324,3.683822114525025,7.517508236187319,26.678054539119902,6.063565817673173,4.98640939166018,0.19594887120420418,24.83287669299606,2,1,0.557349947302614,5.968657476576565,1.8057136563606901,medium
104,27,1.2278294769311617,1.4786572598803347,2.53611481235046,3.503215146783818,7.523526284710983,27.277035469571178,6.434841399262772,5.817339559925522,0.15666382919023095,18.74871802154708,2,0,0.4528184872077057,2.474171200815145,1.7475337826164044,medium
105,25,1.1070807796635844,1.5973461806336695,2.4143032777483318,3.88782495274965,8.155243319075016,28.735959906619243,6.62683047315431,5.893823066698444,0.11495912030688954,17.38520518918861,1,0,0.308430374008169,1.202879292053646,1.2275104460011061,medium
106,28,0.9576028860647399,1.4860838763872575,2.3547507740114453,3.1923279223534324,8.51592218069909,29.22239709898923,6.457626120899573,7.3806158250026765,0.14667337837230332,16.16032335839215,1,0,0.4278793563814568,1.7626616125404384,1.5384013021778913,medium
107,29,1.1857697404480332,1.281910361486768,2.3190026253771743,2.963982270875436,8.148151758179633,26.792009466868986,6.512952200492017,8.110424750879304,0.1558028031034248,18.522238504818016,0,0,0.27964311152142696,1.4875134813249804,0.8116863123340092,medium
108,27,1.0080278996644498,1.1742151279985005,2.213399188400667,2.5229478816028097,7.208936133147634,31.01169952032549,4.940447439341832,5.294991404911105,0.1499227929871675,10.886427644467895,0,0,0.246432052772902,1.304395110808086,1.0309757948345288,medium
109,28,0.8782146909207988,1.257282461691779,1.9259932464594438,2.5747299185450983,7.5315638733807315,31.731785236688342,6.006717585039718,-1.6157690273175418,0.11892608236711777,14.254893293133286,0,0,0.23091199189303027,1.3832013100323763,0.8537716811077263,medium
110,27,0.7749075860516594,1.4160630360548314,1.5840427947607407,3.282938300639013,8.099422380743615,30.963664828979816,6.968344275599293,2.26718208349682,0.13293914991775427,18.15469211379351,2,0,0.14024651108639452,1.5821139294464721,0.671117389810347,medium
111,29,0.7692853031589677,1.0338667618369655,1.6271016351214609,2.556651268364237,7.806763678762434,28.64226131933133,5.4637526848207365,2.5220450179178884,0.07586440104617974,9.513871666072523,1,0,0.15149673911713696,1.4940577582692574,0.4520358067486435,medium
112,29,0.9033064357999342,1.3193929778149331,1.8406845250719457,2.3476513878202523,8.119553613580553,32.229102783356204,5.189659673582922,3.8132651913947586,0.11113646611568835,8.774823622887405,0,0,0.25438835516818953,1.6108076799769062,0.9561003861850254,medium
113,28,0.840443190792508,1.308730170079084,2.1833813576049597,2.2773919051973484,7.975977468037019,30.366484831906927,4.87937398666845,-0.6011443193010546,0.11394169290689797,12.760307764477492,0,0,0.2950610871770256,2.430048511879697,0.9447666660645961,medium
114,31,0.8140339866461577,1.2618099907553764,1.6185643298404568,2.4135319524615406,8.528619859875382,29.75182642812141,5.766582700713844,5.9882824029695545,0.11876086269764166,13.316806901696175,1,0,0.2660243764761371,1.9258588461631403,0.9016553429396352,medium
115,29,0.8269726918207052,1.0822303975882082,1.61147730694093,2.268198383696911,7.1984475573547915,33.109457096648214,5.584075284702364,-1.4514648003847466,0.08930817192830019,11.551658321678849,1,0,0.3262376848508355,1.4728651893738949,1.1696807139525842,medium
116,27,0.98620989464194,1.205524679622835,1.6432615028132005,2.3166714303982054,8.363209250508636,30.79275631774059,5.664936634065552,5.384430470541481,0.13148490583879405,16.988940576273713,0,0,0.2601806881496956,1.2727717936934053,0.9187303361635688,medium
117,27,0.8914672604194331,1.176837521337057,2.2210122339310967,2.550343628079724,8.353925052790853,32.33968232169339,5.891630832660414,0.5037905360973562,0.10013457835841619,16.01317439753019,1,0,0.2513828512961851,2.043272353340795,0.8359410716451172,medium
118,30,0.9060794897017962,1.0547650022393216,1.625970592015263,2.3101636318046417,7.976511011971079,29.198362144299452,7.068736656333197,1.7150153944666144,0.059256060876037624,22.162298408782434,2,0,0.22355119470986862,1.5886101625408329,0.9998236704446672,medium
119,28,0.8858897970339347,1.3502621548016067,1.6333737457354507,2.804370375363469,9.095082845250086,31.827859330372767,5.169483889354407,2.171961698087565,0.08711201049459741,11.733991434986567,0,0,0.3514002205329209,1.5764375845185035,1.1505357748458274,medium
120,28,0.8034718882414218,1.2541698855052492,1.8735873457006817,2.8732701558744695,7.699690264982595,29.888147032866414,4.811137292392097,1.7135268788716906,0.11266651302340232,10.012231622565523,1,0,0.1441916416369424,1.995958089699379,0.6497335513452093,medium
121,28,0.7621132271743581,1.1209359149090106,2.0680975950501885,3.685474006007826,8.100652904998116,28.567761510684573,5.674748174127899,-2.6636868229334256,0.074113108062538,16.19855966548664,2,0,0.36182436536756624,1.8278967241367008,1.4047838925599105,medium
122,28,0.7955482566224368,1.1822920586281551,2.120689523687344,2.5895545877956407,7.1495874492595375,28.663733893373237,5.835436538786915,3.64483736133588,0.10308239297005707,18.49042958689552,0,0,0.19750838169697316,1.3675114829832928,0.6380348921315614,medium
123,30,0.9755032978938487,1.3152545147200794,2.2349913498116036,2.8621129233970577,7.245043231034472,29.387491466834,7.362528730071324,5.742042020216298,0.11280230357673654,15.667705224722635,0,0,0.16650929304345807,2.592261560935185,0.8684941031995768,medium
124,27,0.7790542593624264,1.0911201157160582,1.7068720221184692,2.317049698776771,7.123435191814568,27.883573914553992,5.4625571036895675,2.1930330072486206,0.0977846346250982,14.152798873658421,1,0,0.1270052595027845,2.061049416164829,0.6104256354422897,medium
125,27,0.96657228347154,1.2149198555346252,1.8889423846489821,2.8992417471131504,7.423551530728607,30.233260566491698,5.334503615065805,-1.1540627296295187,0.11998372842682162,12.516831454005853,1,0,0.28926794685585533,1.7144814197726888,0.9815545764363307,medium
126,28,0.9425961503417456,1.142551374203312,1.8441395139308394,3.1297723667489397,7.823021822391279,31.525946069776158,6.172040968870788,4.7099252992081295,0.08939741911068554,26.104357023894206,0,0,0.46071827150692746,1.715294248778916,1.5762062963081074,medium
127,28,0.9529471601062731,1.0899624223716013,1.9613309989487406,2.617402364224643,7.244004768542295,31.010525675847703,5.219798595053629,1.4198062938285818,0.11855696278129682,8.798409823148482,0,0,0.17013364682160503,1.2309757705380462,0.6200862574405583,medium
128,27,1.215411556853997,1.4710469320613595,1.7946708665049111,2.55515220690741,6.308502216664968,31.36367184819307,4.952995100308329,4.004953553690456,0.08106736423968955,16.756304703198758,1,0,0.23229733310326917,1.6889358874586133,1.053917219675139,medium
129,29,0.7990841093877167,1.225565502582324,1.934522775036265,2.3523969755961143,7.018587975318914,27.671602419171638,5.034130662267341,2.1927384366024256,0.08616585622107809,15.746904440519057,1,0,0.15404750841614145,1.547322797412257,0.564557324989128,medium
130,30,0.8836164266929397,1.056588256291989,1.9655649687427181,3.224930685314665,7.8354695269128944,29.78529033350771,6.496295508248002,8.084361302499387,0.056055023902363825,9.98930036443641,1,0,0.12423755415617435,1.8630581853793116,0.6020726565964672,medium
131,27,0.8715143481682547,1.0425112977539706,1.8200608783899133,2.3735416114520085,6.632915908474629,29.02479645107918,6.445949728720743,2.5080405484459147,0.0739661737118141,11.665577493944555,2,0,0.26084484796595153,1.7431375792449095,1.2105839887701408,medium
132,29,1.0535088361889435,1.0590033759892852,2.1333410523723026,2.418213212765008,6.224541369420538,29.46150480033486,5.624675160234856,1.9592698246043754,0.0939532434969211,8.608373424684972,0,0,0.28395717780852175,2.1454301522470285,1.0294723342138725,medium
133,26,0.825968997664616,1.1123283797626435,1.8090521011463458,2.629542766098874,6.857329195517448,28.733926735095345,6.074555037457935,2.129090392977824,0.10616865798703998,13.950531969334815,0,0,0.16683780815683147,1.6271492807986323,0.7684705329679457,medium
134,27,1.2313090017876194,1.1129844165331833,1.7517975000031818,2.9640277489616014,6.994725393800966,30.786039527053326,5.573777416629585,2.8710581006123195,0.11579419400477667,12.252891342536971,1,0,0.19956123278319493,1.9943557110705386,0.8165698840405688,medium
135,28,0.8808215129111963,1.1526072786345327,2.2514036067580916,2.7871507768863335,6.986662830813128,32.11424781022362,5.321866740540586,3.4580045506441737,0.12096483917743464,15.871122220142372,0,0,0.12101771468219769,1.5539184935166852,0.6387445137850033,medium
136,28,0.9913607528071622,1.0853697806090072,1.8211089857306049,3.15999593696189,7.001583178982761,30.02093208252374,5.946121654494437,-2.1624665946621073,0.11506267015473579,17.017135344851305,1,0,0.2833861337126944,1.4746866638855964,1.1697388135665316,medium
137,26,0.9054088146289319,1.2399697456217371,2.050878435835039,2.550306879406219,7.569453670719178,31.365071875104523,5.819372919355493,7.163321689624298,0.09668946319088563,10.491271078115023,0,0,0.1484663318557578,1.2949647440491685,0.8244178721103977,medium
138,28,1.019795685743633,1.4242967757546863,1.8207119821903874,2.7160924932888855,6.433304871454036,27.867482736467974,5.573570257957343,9.686719483449464,0.076813342472634,10.661794481072368,1,0,0.3112787689615947,1.4639747200901074,0.9344816579038098,medium
139,30,0.8987812141978124,1.1633230061154989,1.603655139324616,2.6675229151230146,7.309441318634895,29.562571747906357,5.405157172585214,3.4008084148297573,0.12520701251737698,19.047069084722793,1,0,0.26673598483663424,1.7314861094861183,0.9613424578219902,medium
140,28,0.7811023061652905,1.3023415586427687,1.9383993188678743,2.4315297642308216,6.377868487528704,28.692640949807508,5.273296264074623,4.497302431814232,0.032959173202693044,20.7989973177313,1,0,0.2736349456850031,1.5197094266914124,1.1936960438603892,medium
141,28,0.9108382905351657,1.2552802496853022,1.8376267401160387,3.0875281430560926,7.620256985885966,27.857098414235548,5.435770223111983,0.8333392649604603,0.10601118092344826,11.655691996764466,0,0,0.3181905575573112,1.5471324150514194,1.2078495333617756,medium
142,30,0.8581555692380337,1.0423482067972114,1.7880120547252822,2.554624686350749,5.960348965590921,30.28887528346248,5.206410556078946,3.1836895849001947,0.09476164686954455,13.856334818462754,1,0,0.181431705205464,1.2535512267226556,0.5837984584273097,medium
143,29,0.9754398437968108,1.1304570622244812,2.250778249620604,2.912597798550437,6.035540713755507,32.31335657688429,5.48323927553408,1.5417906921296434,0.06376022616274643,11.163857943243102,1,0,0.2825397659879925,1.415200138709004,1.1991125486243546,medium
144,28,1.0154088243352928,1.3142495149053592,1.6716873167636814,2.323298757439152,6.269406360162413,27.044772945031454,4.79478923925994,1.5632476780682103,0.09516189412812952,18.343734667229224,0,0,0.1304503596856378,1.2834772502182323,0.5315987935093293,medium
145,29,1.093369910315262,1.1821874568365862,1.8048714778369868,2.644307396929248,6.8621688149891655,31.726715688359764,5.499284649647842,-1.616215034933047,0.07868621134732871,13.42610787744309,0,0,0.2995765543530432,1.4851305368169967,1.0106402591177437,medium
146,29,0.7815929570491719,1.0287553381325978,2.0640094603797143,2.148557070625458,6.231861656578546,29.057618040407203,5.618984397187238,3.389168937374552,0.08564116672053136,12.450637845206339,1,0,0.16554592376176297,1.8650921491611878,0.7747762952911009,medium
147,27,0.9183481402691305,1.0916924931083232,1.869228824466022,2.229505703335345,6.17284293551366,30.518021823793852,4.901191342857646,0.0944827748625765,0.08568378630457284,14.350722527474787,0,0,0.2623942398118354,1.8394041430613572,0.9109497345674431,medium
148,28,0.7715432050716253,1.2574308165343666,1.9328672389000408,2.2790714872986184,6.1877630644804436,30.630062150484484,6.046795015601279,6.786728409344305,0.06958277493337561,12.702140318914951,0,0,0.15733844343892614,2.2202356238173175,0.5366861994664062,medium
149,28,0.842279067059323,1.2282427641016975,1.5847531294318724,2.364773305724951,6.834931440482433,32.5945069529663,7.10839075361852,6.421159562014042,0.07182902095575797,15.825998452951549,1,0,0.11757072480693864,2.141609010385114,0.5487527254101368,medium
150,31,0.7875561044377173,1.2901038369196434,2.0145300102583983,2.290982045695744,7.439488278169003,26.095446488158224,5.635362480015565,-1.0594493368831386,0.11326526893642609,12.698695534543445,0,0,0.1413131169889311,1.6880529968763052,0.48740584513998564,medium
151,28,0.9394263316536828,1.4060685598826206,1.7026903355696204,2.1890904634035153,6.404227770092136,30.42787812953158,5.8288785196772945,2.2073324377171217,0.11675971393807658,6.414255021298277,0,0,0.1588832128397049,1.2165668371261624,0.36197914129801656,medium
152,30,0.9260149514953392,1.4232400009892028,1.503280054829862,2.1617776496687005,5.790464512379322,28.88925648712112,5.40118005360106,1.0422225158772482,0.08709201396218623,15.544333250645034,0,0,0.21310313094255418,1.8263228064819128,0.6730330787758312,medium
153,27,0.977667632277115,1.163619211972272,1.4183528554238696,2.591485322808615,5.804278391268261,30.780011708071555,4.834061376798924,1.1634031231873987,0.07497158468191129,8.544774665604438,1,0,0.06597972704241006,1.4228668000920972,0.4150522776409509,medium
154,31,0.8053882741150227,1.1214694949059782,1.9424557739232098,2.3966897843189923,5.293087747850627,31.442662249614855,5.097251955905712,2.917957737722278,0.10468848173804114,13.421053180117962,1,0,0.18609452628965217,1.453323470284047,0.6705514584880391,medium
155,30,0.7492122317114163,1.671900795024053,1.9882090031425026,2.4727150010515775,5.736778098102645,32.66983726831547,4.694321294676766,0.06613350361165216,0.08748133053220516,6.906044504559417,0,0,0.23866604808199776,1.2406353128098078,0.9631251184893761,medium
156,28,0.8092329759346333,1.2336649318410473,1.6488659186060488,2.5892909185251805,6.264416501799144,28.72278064085504,4.981210695379129,2.596016682934113,0.09341488944354517,15.036305909291055,1,0,0.13086173639764034,2.0274262021914846,0.668822408755505,medium
157,30,0.8545810928561478,1.022724065573925,1.7839363255151048,2.204675674895101,5.034087085563682,29.467126564158065,5.4376493381247535,4.228418408182738,0.05498001043264418,7.14208162415704,0,0,0.1326660764336248,2.285705936847273,0.7828765222380223,medium
158,26,0.8698926278603336,1.2060856217446867,2.057955027235171,2.073291252877655,5.414243184574285,30.369333771589645,5.177404717627848,-0.9100020977252847,0.07828941198670993,8.26179548885683,2,0,0.23832786966056477,1.5810303068508358,0.930895700289114,medium
159,28,0.8251956743855083,1.048560925757616,1.565905425115763,2.4021253098088655,4.986505700837736,31.148841878723783,4.987684285794613,3.8300997236233036,0.0445820869121398,10.080168764358511,1,0,0.1264204721415323,1.3775655728932477,0.6753249840549045,medium
160,29,0.7724276905199142,1.1595650034338,1.579926012864567,2.2666651902284713,6.374166739620026,31.347900405819182,4.919454867434565,4.3210780393712085,0.10991279581769921,15.698792684531497,1,0,0.3386869214951903,2.0486880727441497,1.2527653189758252,medium
161,31,0.8326242132265025,1.14445697417236,1.5698251364567866,2.837443219952334,5.322561931719884,30.631844811564157,5.658990306442094,4.570140209399006,0.09166000234373961,13.422037391149594,0,0,0.2525291552084418,1.2332338915082057,0.8370320530441724,medium
162,26,0.8930202576126313,1.1150236455567526,1.7895484815636615,2.5500983142829257,6.7102118630268786,27.914525051028,5.056086092464778,2.3460701954240046,0.13479517936818203,8.46840266136445,1,0,0.21961292403972962,1.2225225275827154,0.9598710866065716,medium
163,28,0.7937568467140801,1.061162593479521,1.984292519656341,2.570486166934252,7.650520278490131,29.18893509259486,5.73569412094423,1.0325569181532808,0.11804469594805914,16.933514867754887,0,0,0.1610432567831957,1.460637517829107,0.7191024024135194,medium
164,28,0.8308934969851065,1.2029422963859167,1.8547748757067835,2.3132191234115127,4.725476754848804,28.88733424789103,5.854225321550927,10.0802499412302,0.12665891838163984,15.82880320781171,0,0,0.4132930004725756,1.875152538963885,1.367013403652027,medium
165,28,1.10428141539249,1.3249395029807738,1.5752550745886644,2.319500905029629,4.313937786578499,28.265050984663848,5.728850699987749,2.9963834115854886,0.11182478633194176,16.837952017252398,0,0,0.22410018601583134,1.449155685747532,0.7933138096905241,medium
166,27,0.7807587919683372,1.042019539426414,1.7851312567161537,2.25738513356993,5.424042476816697,29.726056218047578,5.42367179420774,3.55131370302455,0.07907740017528321,9.21649204890845,1,0,0.18397546083959387,2.4141930506917557,0.7876774649607982,medium
167,29,0.8563036837017525,1.160223380101371,1.733371072715626,2.4960976158056365,4.965078493970226,29.075502963018888,5.444862878315836,2.2171573538447675,0.05991894196031006,11.108191228508364,1,0,0.28643968587412194,1.58885772787902,0.9118284104551088,medium
168,28,0.8847997655183516,1.300350554346514,1.6663973935781542,2.1213287027591248,4.818182029896906,32.38567630567772,4.778469001400622,1.5992289399109558,0.08685302842323936,13.137252238282365,0,0,0.22255186290594084,1.4019550832273526,0.7073752676346244,medium
169,29,0.762919287802177,1.0863216267527258,1.6326756131280888,2.271305068470374,5.725581642443616,32.69267900824984,5.196204615307416,2.9157666291388233,0.09803497624487079,11.418403848359393,0,0,0.29651899535370596,1.98636689332223,1.225828989017214,medium
170,30,0.8035588545892545,1.0274773100051378,1.6344484587945118,2.397032102119805,5.383114902193096,32.011134439225174,5.05343579680901,-0.4107778833285818,0.11329172018739075,17.297354468175183,1,0,0.16102258008590778,1.3015141862021669,0.6982011540652862,medium
171,30,0.946863641916555,1.1205322380239837,1.8987766460449547,2.3384747570987767,6.040769369725079,29.097907725395853,6.61794825702279,1.940307555788778,0.10204643430046922,11.641826344943404,1,0,0.27405260246544366,1.690454382807018,0.8604018410571879,medium
172,26,1.0060600612579438,1.1621931059051565,1.659664836653736,2.0947378327155786,5.138289161853055,31.237477026384983,5.033000259664144,3.9120177128473124,0.07067949509463964,11.509109530036254,0,0,0.3408058587319754,1.480068358640809,1.2847993916095866,medium
173,31,0.7390190593186091,1.319989140503242,1.5063864713591797,2.1055397949686836,5.4985593331258205,30.69160383632561,5.798981134300008,4.187113309350883,0.06362403663054425,8.46928809174348,0,0,0.22121095930285264,1.4426859100872331,0.780020493435468,medium
174,28,0.8764615797665345,1.0456802880999374,1.7534286603282934,2.2205512195308157,4.177103787735474,32.13938196549126,5.548937524037266,-0.4035746952331225,0.0762607911427555,9.439125524110509,1,0,0.18007726837019117,1.2115055031572293,0.822761807811551,medium
175,27,1.0656908770840139,1.158026040544185,1.4911696038328974,2.4395912203607937,5.273776964419228,31.83468248749488,5.810104013009999,5.080561334589127,0.08404659928213615,12.76591798886825,0,0,0.12832701673819155,1.4156489798101775,0.42845818474793423,medium
176,28,0.7515867462312423,1.331210246406429,1.6080220931293814,2.34780618436519,4.849949114532577,28.0635890873474,5.1233884283036,2.43605896908071,0.05089072104613982,10.51317697579586,1,0,0.1567062360535721,1.6352806937406803,0.4149820206410214,medium
177,28,0.7640387321519453,1.264878387633362,1.5566412205879505,2.7114317446684004,6.321267851868452,30.818616262629714,4.655065149961281,1.5513004667205519,0.08349051515304041,9.641858139772728,1,0,0.11757397858471029,1.4072553993306913,0.48838888065841224,medium
178,29,0.9009390640307215,1.0706103365805972,1.7648874656506084,2.329811727626475,5.131731943247223,32.90370774909701,4.861768287481629,1.4651478558501745,0.02,9.387405277257297,0,0,0.12297613685535017,1.8591858983012106,0.5476482169079163,medium
179,30,0.7667506570736679,1.070068298357642,1.5646898705810948,2.9603206604356807,5.090183342656755,29.407287003985473,4.759842790161051,2.2033190356016665,0.1049498502752821,11.23119116395592,0,0,0.15436770607638867,2.1489686438259454,0.4770771963270322,medium
180,28,0.7373570399572296,1.10141285255108,1.808085131631426,2.2294352715941823,5.312434060246629,29.651099659907118,4.778329069698943,-0.3907674051039405,0.10807651022918113,8.222732745157522,0,0,0.13867839752025599,1.5263587693024452,0.4306874156812948,medium
181,27,0.7606187289001678,1.224382373800722,1.6552216204100714,2.578808692784483,4.644422291391427,32.73924612819061,5.314627407092486,5.085788841119891,0.07285338753080878,8.323040555279427,2,0,0.20493486442614714,1.3106460620238778,0.827416118178092,medium
182,27,0.7698845672029748,1.0859063665491435,1.8910424532809587,2.6582692343931336,5.62412898866317,31.00797752780672,6.391872022378751,4.154486623566728,0.09527204034077989,10.711628972605398,2,0,0.1505550974708318,1.2221961112921729,0.7961615995692432,medium
183,29,0.9182092387357262,1.1880061934184187,1.9131913237375573,2.5451665739799383,5.5288632542980976,29.306390431746348,6.969383223512129,0.8122116446263457,0.03259361865939149,16.598758198979525,0,0,0.1986497674278636,1.5612295934108977,0.7761237622364372,medium
184,28,0.8666556956449175,1.271733985307519,1.8399154849235915,2.8051249267239506,5.957024924396357,27.655885532734594,5.229385000591578,1.7013595229759273,0.08097144817153246,16.085869818934086,2,0,0.3069977918738309,2.125101144307197,0.9308461585440203,medium
185,28,0.9377156608314887,1.254297475097176,2.0085234533208958,2.744459698682183,5.573960256583706,31.010917306219422,6.2398274365939725,2.1717295447422633,0.10840564097783928,10.63302821490139,0,0,0.22298728344905133,1.6036474760408022,0.9910128218627257,medium
186,26,0.8822045148888191,1.0830372151109848,1.9194640166784132,2.7716671131117145,6.186286799359926,28.106537490149137,6.284957706461839,0.4523238950387576,0.10998553925664341,10.992014388122874,1,0,0.04421413159275549,1.7564301965673308,0.5652168773987759,medium
187,28,1.0267300930871064,1.0821281291790819,1.9595370083617427,2.880927070832499,5.245822415354978,28.169901887870687,5.470287025265766,3.4343184859199334,0.08579157830853436,10.819795369147226,0,0,0.15907703656569422,1.647808640482757,0.657629086746689,medium
188,29,0.9233058828593959,1.2807501800285344,1.9198676408058166,2.6026381384312125,5.695070434277854,28.298086873980235,5.255237965152168,2.667663683599528,0.10189878896793685,13.762135253081489,1,0,0.31286279819066287,2.1957822420438378,1.1737861731033334,medium
189,29,1.0341832731094103,1.4997135766472751,2.4120047681924897,2.6802892122411963,5.527759928664631,29.180552399053482,6.018626669719899,4.064995302480427,0.134465777119146,12.406726985366936,2,0,0.26451047882251355,2.226821454891107,1.0704663817784719,medium
190,27,1.1156923909212955,1.3514904911522958,1.9506198470868628,2.82612395750521,5.308695520901674,30.76817786094128,5.357433423273894,1.0608130109825238,0.10718275024805554,18.42983177046151,0,0,0.23384179623390816,1.5351637457296157,0.8118796428598329,medium
191,26,1.1924805059552885,1.6828845268452794,2.4062347183771173,2.9921778961043732,4.074875876405589,26.561556677528095,5.709868342940282,7.769508857336694,0.14254313472810481,21.863367900128193,1,0,0.28169596790943935,1.8318164307899134,1.081422517347402,medium
192,28,1.12150229188206,1.5742493693251414,2.3982967969597686,3.613839319555208,6.110291645336382,29.512129448386684,7.017280943803056,7.6165468002972485,0.14261655253752364,21.905064370180632,2,0,0.39926937037360793,2.179015001831557,1.3435710799857552,medium
193,25,1.4334958281836783,1.4728046023854207,3.097810400132466,3.5267117062818967,4.555746033439361,29.83345786428415,6.04736811907494,3.138484171271462,0.166431318014642,22.206184634372974,2,1,0.4157611808518905,6.442637800176521,1.4908323764884004,medium
194,25,1.3498006956515862,1.5789503230904551,2.5860085015484646,3.617005967308296,4.867129136940382,29.54037134094873,8.049280087780547,7.736110487289952,0.1847249499101901,27.33315959583072,2,0,0.6931905514376964,1.5651822254621321,2.2375267115650814,medium
195,21,1.3742958448871632,1.7463778326952268,2.98357493847256,4.301966593220417,5.908356746375129,25.784363176490174,6.960941504408463,11.905497523586988,0.2064621995504631,29.307308385906637,3,1,0.6498156313153599,6.865370389129254,2.2203116695059144,medium
196,22,1.6235505537583907,2.0094856703245303,3.7378950701432694,4.232360546797132,6.873477114109645,24.497724720438974,7.4154034082798645,6.67625891618543,0.23856585505309683,31.954489982468576,3,1,0.7511467887791022,7.24571391148921,2.5716994150414934,medium
197,24,1.5198878224011687,1.948233465434765,3.280884214810719,4.623240539984864,4.735440703161517,24.82571188607879,7.880424372033779,12.500909515225954,0.27138650455791136,30.01282945908842,2,1,0.8845846463435869,7.40355584135398,3.054885154402553,medium
198,23,1.4970030152275875,1.8687068969207004,3.658915341721657,4.787489317023611,4.173404162161767,27.143101750809944,7.580679783829771,14.216566139293361,0.27116217415005833,30.734335880712877,2,1,0.7266606265372862,7.619554682314097,2.458762618066263,medium
199,24,1.5939382498042645,1.9253729175608385,3.5658951814131554,5.3288290712507145,3.9762702891841215,24.839297263825244,8.143600201953664,7.679781920448622,0.2692273845737896,31.43487831034056,4,1,0.7535295914588679,7.883784870935792,2.606684609961235,medium
200,24,1.4973164568389845,2.1723923144947603,3.3935804559246048,4.956597103373069,4.3021369723878164,24.4246559958875,7.907138544280798,11.915557859260534,0.24411204267578146,30.82608769990309,3,1,0.7269620368208317,8.26462827816294,2.5544309792265802,medium
201,24,1.5854883414832128,1.987183085566756,3.560737144465877,4.6272223560455235,3.9084842818228442,23.376972703469676,7.672711477181831,12.021825127558056,0.25288142839118255,32.727369103794636,4,1,0.7889573587647378,8.642653993619012,2.5830799597256116,medium
202,22,1.8291765429345113,2.1115117738814946,3.2805833977768737,4.489630631651821,4.921342425632741,27.1046411993961,7.310338418754622,13.359075436240193,0.28242031046835686,34.23364400851993,2,1,0.8551873356513005,7.5102596070196945,2.806667660437334,medium
203,24,1.395861133674889,1.9648943909234546,3.225462498824814,4.305774790709784,5.928803979779454,27.10502625698841,7.53761336245913,7.114012753356849,0.24347483520264274,28.682765817844228,1,1,0.7267179739013082,8.502721109197404,2.340396862024627,medium
204,21,1.3949539472742198,1.6531474631847458,2.9448144907918525,4.227600574169059,4.9793026770968085,25.463016780752675,7.43902996625094,8.482275019341714,0.22880526049166924,25.67698147683682,3,1,0.7371390415396876,6.721892104315505,2.5455654014771536,medium
205,26,1.3649765628073138,1.6858601589570847,3.577713235231837,4.281978892848907,5.5596452949874084,25.164280440777514,6.881294759248125,4.264698491284545,0.1889148597287083,24.070854940407415,3,1,0.712350140070798,7.267767445553748,2.159000124162443,medium
206,24,1.2838386537028825,1.6236102215282244,3.317887108704366,3.841293693849749,4.772907387839155,25.772184119795483,6.680365436966016,3.1260846939991582,0.19987409303934223,24.507446084238058,1,0,0.777738818775797,1.9417091878246633,2.4744332231673787,medium
207,25,1.3308512925654916,1.7559896199918765,2.8601174694600666,4.1923573083715215,4.7447898673376665,28.62402418514705,7.655088722745594,12.390856663841923,0.2218330164161069,27.186808113351663,2,0,0.6325026859932222,1.2552424928068038,2.2684704204426342,medium
208,25,1.2116903629018765,1.634120068536279,3.1302130567141897,3.655560931775225,6.119105879023182,29.617422555549382,6.623551731779617,7.91811669818196,0.2030614235064567,23.154895161152478,2,0,0.5488690190600278,1.2792987861735465,1.8947855883658582,medium
209,27,1.1652053939485656,1.490159499881271,2.432632624389643,3.887439589814398,5.8976542891413715,26.227604890206834,7.565813174750699,4.666022987713306,0.13834642749676754,20.863594657516774,2,1,0.4147881787197433,6.104479484913612,1.525057124510065,medium
210,25,1.0933764177923173,1.5114806959384923,2.5322128884178583,3.6762323797777148,4.903994669675534,26.464417495946456,5.99627524301728,5.5403548444522865,0.18757116111663594,17.627656203942067,2,1,0.6050834567978879,5.909729989106882,1.8705630197763135,medium
211,25,1.2087855874634839,1.5880243067232265,2.8356770932190547,3.7035433079425983,4.934092209960758,27.160050006894707,7.321559697534429,7.998726447598736,0.16319905289165446,23.857478715744595,1,1,0.5067098813546844,6.830727742235023,1.6559220138926518,medium
212,27,1.1550180682841098,1.4603030754766488,2.8066279396599296,3.350074327484793,4.730937484563897,27.442434506802638,6.99870889559048,4.381379441653437,0.16901658551610865,22.01062013898112,1,0,0.6989861686178577,1.9520035660741173,2.210907262172775,medium
213,27,1.2942218455193157,1.6014695073213312,2.9614283478161276,4.046221248689023,5.5161771481855855,26.002073685826975,6.873574442847687,5.593719648698861,0.20153887392109307,22.357233473856088,1,0,0.7036418940948912,1.3072058333835006,2.26219460837316,medium
214,26,1.0926074498011593,1.4906952642978155,2.495577707413951,3.44519766722685,5.351624511087336,29.871021974292372,5.989090739672209,7.157538304184607,0.18028589748021798,25.457460182353493,2,0,0.43768564600439247,1.9111941747435806,1.5426699851924561,medium
215,26,1.061598008891689,1.4058310205230586,2.468418994428878,3.30570967046571,4.620034869891556,23.819213966871047,6.767088318939185,6.7102685685820145,0.14446216904322604,18.86776397458645,1,1,0.4793668888610403,5.953612948868317,1.7989725547730324,medium
216,29,1.0576546125737847,1.3603408656009963,2.1640896467404405,3.5799578525315163,5.211194171444247,29.403654737875826,6.167912814511588,10.27167040421186,0.11093047883205157,14.554139197578241,2,0,0.46701445991779467,1.7241686442954505,1.7032624910944305,medium
217,28,1.0367248178494473,1.3748462407668942,2.282563460333994,3.287369915619515,5.199359035377027,27.39227699859323,5.700929907984796,7.606647229238137,0.11141963826838874,15.829505431642655,1,1,0.4252932026677732,5.003682818648537,1.3649254815733183,medium
218,28,0.9505510125370322,1.490889731298569,2.326925860823435,3.2515235261913524,5.491699168528992,25.777391114634206,5.701758762103703,6.626976191986446,0.11140149858291809,23.819138349100008,2,0,0.25353876007960874,1.3991146033986945,1.1619302318186089,medium
219,27,0.9543641746283842,1.2695791755084134,2.127110139797282,2.914133816742589,5.169131266495521,28.29569506073885,5.958935838965433,2.541451934353235,0.16203740059134505,14.749360124092442,1,0,0.22579282971831605,1.2100878841015117,1.0158333920113543,medium
220,26,1.0636144889999712,1.2662603502237875,2.1937408704333916,3.1418137250497775,5.76540510261839,31.29666427108873,5.264924600937356,1.4685717299408503,0.0972356447385119,14.887746485235802,1,0,0.28816543791691906,1.7887145829702213,0.8989184131953789,medium
221,27,0.9953852395504275,1.2667030673544464,2.0786472779883227,2.8363419390664824,4.318848923339094,32.71420542317237,5.572328740281865,4.254803896860671,0.10905694876759643,11.163138038119534,1,0,0.20164097020260052,1.5902484272978947,1.0435710507176315,medium
222,28,0.9170661566516476,1.1330151335769247,1.6107525539727245,2.3580728522327314,5.418472242621243,30.128608600225313,5.1053844693885635,1.3611607986301832,0.0897066575340001,11.057113069197834,0,0,0.25817051041385486,2.5196009231086314,0.7795197445549866,medium
223,27,0.8769025217556533,1.0410450582765873,1.7027602568041265,2.6637306130089495,6.011109076750863,28.67340787601609,5.563840474213764,3.533233713594156,0.11580839841214742,11.797204680199357,1,0,0.16185774856330565,1.280435679070787,0.6851605460908841,medium
224,29,0.9427317194164373,1.201450605896858,2.0729266202380376,2.3259943831230525,4.61180007042994,29.704804587007096,5.84727908632847,1.1311527414983011,0.10423309814940553,13.275533093349559,1,0,0.18095838293264344,1.4968613643472701,1.0380381090572774,medium
225,29,0.7805410283990348,1.1216984210557868,1.9061232455046881,2.306983876121625,5.272616055230159,28.568991254214957,5.684232666453838,3.6169472236834608,0.09174679045187857,10.93110430462245,1,0,0.19012191465704298,1.5584938680534044,0.9825092692647959,medium
226,27,0.9523311108297536,1.1767126413912365,1.6480134800829147,3.014786951729058,5.8477052353618655,28.535492388271212,6.445381298569122,1.5178461700810284,0.07988524103302433,12.81095148675817,0,0,0.34823160576419776,2.350885407723679,1.2572485988173119,medium
227,30,0.8711550101379258,1.2529804524615928,1.7247314120569062,2.3907733017743054,5.294138021833327,30.381974055691988,4.930787953202804,-1.5994790491648154,0.12014480999520111,11.040850217094896,0,0,0.16047427753784446,1.4848910148401568,0.5611098898138931,medium
228,29,1.01890783051609,1.0382318851657604,1.5275212270482033,2.788473404812951,5.756761316860211,29.52067795186923,5.584055780180783,1.2316771303118212,0.12706811943046264,12.08671298926619,1,0,0.18687918930810848,1.3339434397398933,0.7400703416711986,medium
229,27,0.8675059818236688,1.0617001262860202,1.488280253729258,3.1483860175976837,6.1151169845579165,32.16286565702947,5.3192794254961075,4.170988923298722,0.08152960563614951,10.061534494060773,2,0,0.3364101872631198,1.3674978582349295,1.1594768007207756,medium
230,29,0.815365105546781,1.0283557057512345,1.5897729796712694,2.247319014789593,5.495924956059933,31.54630888150345,4.815251365668119,2.2347139504738123,0.10268401400040984,12.327075415874159,0,0,0.14916972227466155,1.4728224964669794,0.4930549113865893,medium
231,29,0.7775131666709281,1.0635638546905186,1.4675867357386858,2.3006975545538464,6.394205631047923,29.205106849782343,4.854148537382415,0.38754985300927847,0.10667368530850965,9.74657674840774,0,0,0.22079422351324138,1.734321455579791,0.9339332661313786,medium
232,28,0.8128394218109992,1.1706910342437857,1.509691858912626,2.17178611595183,5.339430458473986,32.415215023065734,5.177054855904208,5.0417214595652,0.08829500267979733,14.117654698287659,1,0,0.1480115726143877,1.8321465010967741,0.4368259462836489,medium
233,28,0.8408710055845172,1.5388638419445515,2.21399156322408,2.4751469724182016,4.964732126653712,30.310571905386166,4.624293516810081,3.8907134988507837,0.0859400200020138,7.372294400055884,0,0,0.16486537991448816,1.257147298380202,0.5354626851255644,medium
234,27,0.791847082341237,1.192237510929702,1.7757796160468797,2.474099932563645,6.288504633756648,31.63729269966578,5.125278722486249,8.663664393546519,0.06506414102762899,12.181886457057232,1,0,0.17356779310018342,1.9528047671476791,0.4693633031663002,medium
235,28,0.7728060155128426,1.1899202702456744,1.903393775095293,2.390125007003746,5.960590062612133,29.471165639809936,6.181692228378168,4.702173799968879,0.057234447633834576,11.298593552150713,0,0,0.1615789533654157,1.3147680007327665,0.5626480096398331,medium
236,29,0.8034949118722976,1.0538081363195042,2.1932881647718823,2.6570694519474727,5.4865905353253535,31.647915940901044,5.02636592027829,7.645183759336016,0.13854348629774205,10.336925375005688,1,0,0.16309659410405428,1.6833557787940963,0.6859885029826183,medium
237,29,0.8259572691120104,1.193846963173528,1.9925177637644627,2.8849675172936355,6.005034780103956,31.050750572158105,5.14902784958544,-2.332746788893,0.09138056253680996,12.466677922267005,0,0,0.11870202366935176,1.7344089732009216,0.4310687164761175,medium
238,29,0.7589730605694891,1.0062708881962963,2.047834040695836,2.4024208341643973,4.423931294612015,29.955958453309616,5.018662151544051,4.584642952433441,0.05835077858243655,8.203121341945621,0,0,0.1397768198404983,1.7008957318091271,0.4533975023802812,medium
239,29,0.7388225443509817,1.206897054693091,1.5745246915194187,2.4219342604606027,5.871400869389209,30.298387681476083,6.040488092233928,1.4116193691438146,0.07243434087390557,14.144059821454835,0,0,0.16572560426577382,2.1313315029378512,0.7086199145759089,medium
240,31,0.7943615019395718,1.2063794693714414,1.620804520245414,2.3304982690185785,5.599760180781847,30.107908300758503,5.179917994017749,3.500829912113802,0.10308989910196603,7.866585958510313,0,0,0.23630784099439262,1.9718027387191053,0.8497941357402093,medium
241,31,1.056110530265427,1.0752203269082108,2.2750996188164287,2.2853708611267223,5.318595999555928,30.50521346416497,4.855053594326759,7.8374243828404095,0.0974658223656122,13.122614243788192,1,0,0.29323513440886356,1.6215844587653319,1.0414525708555398,medium
242,31,0.8892079228208283,1.0240083947594085,1.586756692595983,2.0786709108322508,5.9738927194240645,28.76461005511872,5.070460571648893,3.111573302985474,0.07898467995042399,15.191247823417351,0,0,0.20477541116489317,1.4263675008126835,0.4836391207611637,medium
243,31,0.8026945914784736,1.0179180649147057,1.8981176819719336,2.2207404965490647,5.816991805768672,32.87068512685824,6.176423319210448,2.067687706864411,0.12225365417171684,10.635460461794416,0,0,0.14831970730886207,1.4781949095272513,0.36290705131632617,medium
244,26,0.9306770673667258,0.992927084619079,2.072730304448499,2.7666084207573314,6.128262330886573,32.18939875260141,5.500773538787504,3.8322502547236423,0.0914769929507019,13.288495513398198,0,0,0.15622714233269083,1.7523195719128382,0.7039124776994047,medium
245,29,0.9248772827349543,1.2164362532920028,1.6430386523080251,2.143296764838354,5.916707186114903,28.691927134010168,6.006256305064309,4.209481465138012,0.08362183414966985,14.399690140742212,1,0,0.16023268174608035,1.4058725070964146,0.7155585620391072,medium
246,29,0.9339780052931008,1.3071724942370038,1.5927593353739151,2.2697404600025335,5.920788560007894,29.770602758829266,5.371142691446477,1.220995043820293,0.08176259993210191,19.157520236039225,0,0,0.35015533529457976,1.4172391268570834,1.4774204635377846,medium
247,29,0.9125531233572982,1.3356301961545116,2.0447350335568117,2.1363592967712033,5.958754128119458,29.60769574084652,4.742217135544213,-2.062236059600301,0.08513943403830618,8.327441977623259,1,0,0.13309308036151518,1.5575901424821579,0.46986667533066273,medium
248,29,1.0459420853579546,0.9950604911633758,1.8440398659366748,2.1472363073216103,6.387051731468966,28.873720135485037,6.195789732071452,3.8228948716197513,0.056163653692723796,11.215876486899266,0,0,0.09989831368747161,1.5125291179570135,0.5049150406140698,medium
249,29,0.7160488075203456,0.9814953372485686,1.473198197749767,2.098331866471394,6.795809758916835,33.89876164576392,5.323827051083637,1.281331899740334,0.04906686632643552,7.868355874784639,0,0,0.29503202768194786,1.582798169914469,1.2100339472219264,medium
250,27,0.8540574388294627,0.9571933890411313,1.8721852826111065,2.030147640025494,7.041047226364665,30.484454713730532,5.9971335876960525,0.8781563708824476,0.07993338545176691,9.045070841082472,1,0,0.2317598557816013,1.604255189855479,0.6348480222447308,medium
251,28,0.737225039767727,1.1714510702065373,1.6935407447882962,2.1395797992171954,6.664609142562118,31.582032284162246,5.366385179771199,4.575026484336606,0.07025204187588534,8.571575679560576,1,0,0.15936175428483318,2.254963138228298,0.7560160673292566,medium
252,29,0.7397025347142023,0.9865462554181695,1.7918529134441532,2.371130833218914,5.988035455866365,30.44126793650764,4.862743080368581,-0.07207840553180622,0.09032654377822247,11.114914209420007,0,0,0.2095587465341095,1.8120465875411385,0.7297800443929827,medium
253,29,0.7248744844235919,1.0803524306600576,1.681263688862106,2.033861118584825,6.229148333807252,29.29328402641947,4.992494263269074,2.0860216719717855,0.09351734393868144,7.959147135843525,0,0,0.2632357435213425,2.573138702438153,1.0082876418370867,medium
254,26,0.837632906422016,1.1711800575813536,1.7298830281386235,2.610214499775921,5.796792557141783,29.020990220942238,4.725239767586528,6.2264226526944055,0.08428596366868815,7.500365940990196,1,0,0.13128342485083389,1.9235604684071332,0.30303041016284027,medium
255,28,0.9837106704090475,1.3030690007358654,1.5477938204875488,2.502257755821193,7.147498642823242,31.032098012358713,4.705982605885533,2.179300521988984,0.0327648795660675,8.943134764243096,0,0,0.07467502947654789,1.257995681770169,0.5189142644118381,medium
256,28,0.964172845142957,1.06813495186208,1.906229158963143,2.5925601262087348,7.390540433184288,30.70997175803231,4.679951336651189,7.116297249473551,0.0776636880119642,17.158110531885278,0,0,0.11204238632311866,1.8940136724803294,0.48186148414558594,medium
257,28,0.7572201562948596,1.220442365266838,1.6297938038831319,2.469631761356508,6.489368999375937,31.777913248195766,5.3681181767911585,2.033461878499803,0.08738814649870337,17.853890410000478,1,0,0.19183489217723437,1.8763104301313889,0.5974614721887112,medium
258,29,0.8126956613138747,1.2081815541170444,2.154918074946608,2.204479182847212,5.565005719379331,31.295408988267436,5.177920102042757,3.2716898295890475,0.11036797277748937,9.182530884387475,0,0,0.26082281058379575,2.0142218780845584,0.8120394531456481,medium
259,28,0.8972136101706998,1.0927149838838706,1.5413643608830068,2.105943394979727,6.357564608011192,30.666260147129936,6.479486363144786,0.49938104232037595,0.0827552809952363,9.401474057463748,0,0,0.2125923584149139,2.3924479672865893,0.6738754671204469,medium
260,28,1.0417736379504028,1.226269584291201,1.5312433231564073,2.2125725752414014,6.502710659551783,30.562875896221804,4.931270731682071,3.7676638457688214,0.139091160898337,7.523527772147722,0,0,0.1676759480353191,1.247108872075879,0.8857585744502785,medium
261,30,0.8287069997095458,1.0081173230510345,2.067222055766059,2.7585655915222764,5.697073329373961,32.460133214958546,6.21387171486286,1.797104684271942,0.06638101175752759,17.988151751854474,1,0,0.15327811907988242,1.252269902215834,0.6325321558418779,medium
262,31,0.8337692175616165,1.0335289765796365,1.6215957741641396,2.906442268825854,7.731464794703256,31.16687114108855,4.854453061367006,-2.6257143328875676,0.05625720329437093,11.33318339558435,1,0,0.3155595078307912,1.429701890197375,1.2476106862746783,medium
263,28,0.9074092143822655,1.1613687791443394,1.650412911468603,2.273081318403794,6.738459977417986,31.47485842572608,5.7450731771385435,4.953308209362817,0.045851017504436826,7.897404713758414,0,0,0.3280361221315819,1.5939112306198642,1.1537780978105472,medium
264,28,0.8392436170419446,1.3266957394631895,1.804762979666274,2.5611181734507045,4.95896688079925,32.553043644220025,5.628416352461821,4.227607929896562,0.15138149693989758,9.107209040995539,1,0,0.27443566373230505,1.8702801920828924,1.0638917335061933,medium
265,30,0.8479344652383677,1.030338674515573,1.5651969573972893,2.744579753478779,6.896225533225233,29.18284437349812,5.60669639447425,5.908309620277871,0.13663529283113734,9.722241945944369,0,0,0.3969741127821358,1.2327135929795507,1.3237322044977982,medium
266,32,0.851077660783808,1.2369649070098019,1.88316422661361,2.398923513878197,7.74366574733684,30.632902519261624,5.428153882125642,0.7762059755646924,0.08190290921336346,19.993135449723276,0,0,0.233229338208374,1.4246762462723526,0.8227442321796046,medium
267,31,0.9794336890831501,1.0524103340496958,1.7265090116308743,2.845027006095684,6.95300381965454,30.32702354794896,5.075134924516228,2.4316300234994537,0.11387812009642756,10.06021004803102,1,0,0.16976152473660194,1.704536864282856,0.7412435663897858,medium
268,28,0.8144845017771193,1.331903725714763,1.8021582720200433,2.391423969891616,7.602334419655122,31.032699648371047,5.0418173215300515,-1.4834246142538765,0.09526003759713202,19.487190859076104,1,0,0.22407877210528304,2.3061844872419552,0.8569719139329393,medium
269,30,0.8711207356606826,1.3836076691080126,1.6855696191947445,2.649360995088612,6.237738231865709,32.0133032796699,4.981444296190025,5.095833344908895,0.10959872194131147,9.23650731926325,0,0,0.21248506416232799,1.7724293857480569,1.0762523456759243,medium
270,28,0.7646102634543213,1.4826980678799269,1.9264317449017512,3.257465572188541,6.312875864483767,32.027218158970236,5.166195283788277,4.982467698635702,0.07206343592950651,10.325501586897408,2,0,0.21135669294158002,1.4120694710897368,0.7616189055364212,medium
271,29,0.838056734172785,1.1875745576705667,1.5683521320446643,2.550009695535603,6.931190373171531,30.665497462565988,5.54973239238557,3.703862648661343,0.11548406199699507,11.63165677534886,0,0,0.24731271171636768,1.927354508127211,0.888399552805219,medium
272,27,0.9061689613632766,1.325470331481991,1.604581465652054,2.365221515996255,7.685147324433993,31.69153158747234,5.684727720973159,-1.6992499992192696,0.11094403958474243,8.926785989890464,0,0,0.22161912305267306,1.239528966231821,1.1011784667037063,medium
273,29,0.8173851205905985,1.1826994285749166,2.3311259668681426,2.2763455774968397,6.732429482829704,33.47638497980586,4.755857171538082,1.8422586000881527,0.09885234938737371,13.118584065049333,1,0,0.06907583432673654,1.882400950689271,0.49508450978159746,medium
274,28,0.7978560331606113,1.3887627654966082,1.8061014042017705,2.347416877277607,6.823828252320606,31.059673024555728,6.5835712806858275,4.545247799126552,0.053643967206873526,13.417014348743855,0,0,0.17004144236718882,1.495890278089287,0.4973711382005432,medium
275,27,0.8228381541666997,1.2298871088912042,1.8035522011673835,2.444971990491499,7.60617196228948,31.23867331185749,4.8288747474651315,0.334318013767243,0.13720566286656866,12.005979793429118,1,0,0.23939914944371277,1.9459472691787094,0.7060131589730287,medium
276,29,0.8190914560665554,1.2838602913854953,1.8645745272147611,2.2351096357048785,7.624216019603454,29.773986931340815,5.405534308926894,1.3510096583535227,0.08069673380779525,9.221994739896996,2,0,0.256726960518607,1.6473167573279701,0.879156435912475,medium
277,29,0.7832022979054664,1.2981398918133369,1.849594987504268,2.711774309884076,7.311916099482899,30.83767892944969,5.593610321829233,6.036308519531689,0.12977469486310558,15.142418984580623,0,0,0.23614926383954102,1.3700886998237953,0.8850391964662528,medium
278,28,0.9178746012642316,1.190910394774638,2.16728349130186,2.3299790904180986,5.927576286027146,31.80164457632718,5.226220455655453,3.4291437047652047,0.12043200302826643,10.849217422148952,1,0,0.1486257882495308,1.4140861508312117,0.7950576283274555,medium
279,30,0.8202849675212777,1.155726836471898,1.6654606885421273,2.4721132061501763,7.296199960481432,29.22093815377835,5.452480619969178,4.970329994260567,0.081926541490035,10.653303768623845,0,0,0.29491486417686763,2.0646609218025365,0.996167409475842,medium
280,26,0.8313123936992097,1.0611761907076618,2.0564391951542027,2.3229062255269644,7.328003590421955,33.32685406155538,5.492881829590601,-1.3360995373510316,0.06718207515166025,9.619151680947839,0,0,0.21608144307788343,1.2414685110132018,0.7580014220760143,medium
281,28,0.9412570676199881,1.2766553310557778,1.9233543392710775,3.2891429111162864,7.101920729984436,30.46035764393915,5.205269812864802,3.996086360334205,0.12542589541546798,13.588348620096584,1,0,0.15504144953897675,2.077150770876688,0.7027151909911244,medium
282,28,1.0309779218338195,1.1078658797530314,1.8569800233857512,2.8611987468351026,7.896618613086822,29.004314434388256,5.399207102723183,2.782145946807639,0.1058981209660004,21.03167151567423,0,0,0.23564678611277026,1.245910280500373,0.9025617089777868,medium
283,28,0.8475582420905418,1.3825996198314652,1.8013819864231992,2.4504674867125944,7.276755058972324,29.27040071893004,5.4282400067263294,0.5428857163012379,0.10700890295974486,9.194524296127296,0,0,0.27015239394063517,1.6257911321912046,0.8262947696615578,medium
284,29,0.9059251535045212,1.2666123731314414,1.6552879951360209,3.0252890905734033,8.571443286872233,30.174469416267936,4.922676852669487,1.4723981059098565,0.08383223851123091,14.040049447947599,0,0,0.14793543560162908,1.3722839165354024,0.660574701619525,medium
285,27,0.9623911599496704,1.4177094879777308,1.7075624760362214,2.992829648193826,8.227615510026153,29.352120087189135,5.934027509168832,-0.048317597319732286,0.05025948796156378,9.029357472413974,1,0,0.1389775064690396,1.6887372005188839,0.6047565913787821,medium
286,27,0.8015939426445133,1.1087837674549852,2.1377691233992144,2.5734744253214603,8.821869120251643,28.363775104560993,5.342996507045242,-0.08445147484188276,0.07623744695655135,11.691968109843968,0,0,0.25619839254927135,2.1694718059759484,0.9550468738046841,medium
287,28,0.8798645579830562,1.4712474497342862,2.153683345784157,3.2910598883848676,8.640712626462742,28.330080823259983,5.855842204250646,1.2199044130885417,0.1427659615153577,11.89245227026931,0,0,0.1898177568697661,1.9577366808121548,0.7081989102166997,medium
288,28,0.9529158135289479,1.2760351145659614,2.600716224462264,2.4244051956070236,7.13617124756266,31.34547801961866,5.123020731137466,3.1152711663993187,0.08344642939001658,12.943874909217115,1,0,0.20028557640596717,2.257808588200919,0.6956364797731247,medium
289,29,0.9242818985808666,1.1254594856936804,1.8016764216815244,2.416512354997316,7.290148521254104,29.979084730715062,5.0184009333497235,1.3829180352473789,0.1489564801619985,15.060610285717402,0,0,0.16096694471987213,1.4431099769778724,0.5620612367203759,medium
290,28,0.8876857798738171,1.3258134882765633,1.8239061912348957,3.279649393918147,8.056387593938744,29.34793505442103,6.474738494121676,-0.8380747207953592,0.1122170289147175,9.77991068458138,1,0,0.312761447249164,1.2823191555527051,1.3068041344527828,medium
291,29,0.7806028480051551,1.1155070587450893,1.9352715820236719,2.779472321489135,6.877466103689993,32.41955143107052,4.891674577909562,0.5389786631772129,0.12363533734911236,14.280352000210113,1,0,0.1571856560924834,1.4396661186824462,0.6009101195910838,medium
292,29,0.8209105342884478,1.1585582727636865,1.9018298346899545,2.61300848738012,7.804485423436654,26.929227109757655,6.369843594277617,0.8220935381087957,0.12029021109785035,10.515838105690753,0,0,0.14995243413444206,1.4546442851622552,0.5199821676205383,medium
293,26,0.9905536953374307,1.1666071842408845,1.8338206933738315,2.8215084081634734,8.434426559418096,28.781397292078367,5.339526929196681,1.1898505991450157,0.061569752291751,14.063091319157364,0,0,0.1660122419458923,1.4090661435095688,0.6823191237815711,medium
294,29,0.9093160713768578,1.2377559152568511,1.571315534270769,2.91800645237201,8.183117308823006,31.759199216370995,5.0336827934598425,0.6806297537706247,0.10599669012237116,7.999110794715511,0,0,0.35882905029347595,1.4008587276534112,1.3029579322704796,medium
295,29,0.929316076190502,1.268366042344742,1.6893891373679952,2.241016019370601,7.286411393243579,31.54819219797081,6.840109085077707,1.1712614002422688,0.10005030853189326,10.590210100630426,0,0,0.1675049701353654,1.7505734455989277,0.6733985776348059,medium
296,28,0.7909741917769386,1.0801068376612581,1.5914755455296523,2.2980458560398764,8.196916409206013,32.14385950678404,4.852144533156275,0.6280693433974689,0.11976786983004453,10.188238015344552,1,0,0.35820999791962427,1.2268352087279686,1.3814500559307183,medium
297,28,0.8013536762319395,1.1582481100623634,1.6252819203706717,2.628665765278351,8.071076030163018,27.42648575617124,5.507050874349791,4.105957468459994,0.12542345515756936,8.534281740449696,0,0,0.21265493646355607,1.3480338629786248,0.621591840424748,medium
298,28,0.755791928297064,1.1754703618894142,2.018960376496916,3.2176694441979135,8.95734924358082,32.54346467687217,6.5898907821847805,-1.4415573292478299,0.12264533371292007,13.246749323701088,0,0,0.0992144831287993,1.3643215746124115,0.5059268989082146,medium
299,30,0.7951938684372293,1.487960198796533,1.5632965343952316,2.2454323303147397,8.656784656113546,27.08846970056405,5.775607658715339,-0.6061221618861703,0.0733842694187213,11.866716531495666,0,0,0.14834305418542765,1.778546250382718,0.6380262943886027,medium
300,29,0.8996614875192446,1.1141267609605126,1.6840565692440648,2.2865489693327676,6.627646298343567,30.541476266416527,5.040348338046742,3.4218939225170466,0.09882796109631592,9.087360898090694,0,0,0.1726439325279624,1.337609717673981,0.5866612240529356,medium
301,29,0.9718142334628341,1.183885337396964,1.973541893347168,2.676053537897204,8.519323736116371,29.54788560172247,5.626317244926846,-1.1844828008487842,0.10481897569589677,16.23211087434595,1,0,0.22375046792114706,1.8838666901256977,0.7506566012788425,medium
302,29,0.8920493789089471,1.32168927263766,1.652287265116311,2.4207387227778696,8.021578630466223,27.610122238487364,5.127138204387965,1.3911346923940604,0.09499525199432855,8.80469419980007,1,0,0.07124323291792357,1.6860576946229475,0.5446207785834146,medium
303,28,0.8123024328069663,1.1959017821797724,1.6014236171329896,2.8723317352214712,8.002888149358705,29.113385597875922,6.452292180473166,2.1981969687186345,0.1075868397023114,9.209192815702723,1,0,0.5381294112324232,1.5360689248118078,1.644039174472831,medium
304,29,0.8584131401494918,1.2220548645413072,1.9663299071502542,2.6562099777462596,8.64602318710255,30.410951140905553,6.529456382964621,1.4460399212149984,0.10661506386200018,8.177880488862613,0,0,0.3768062242332693,1.760568961591645,1.3099622920761045,medium
305,27,0.930286175125616,1.0690378681827883,2.0819060508883576,2.521801781024398,8.8687724005629,33.88170073887471,5.515515501367306,4.356411144765417,0.08447940097132,9.275484181914285,1,0,0.23161835829562158,1.2864605485548386,0.9389671029075461,medium
306,27,0.9924844004181202,1.1610731530657918,1.9084355900610548,2.7716743034729223,7.896898220732221,29.50413339561121,4.992948089434818,-0.22202756634592102,0.07031742203635394,10.308798598019244,1,0,0.12259316318142495,1.2895681148174527,0.5772148325117158,medium
307,31,0.8430967621538031,1.1205400950659534,1.9346830235529133,2.7965333756807063,9.302668685345376,29.63884021178072,5.304022103655776,2.002856254222247,0.12311617282087858,11.43243013920934,2,0,0.41704426956732965,1.3772730613197712,1.501809884173777,medium
308,26,0.8263032960269399,1.1412831680329574,2.019589248034692,2.4946560068114874,8.769288295524541,29.57833699568183,5.605000242195014,1.011837230396568,0.11823651383831604,9.304282829545942,1,0,0.23361271125372357,1.4998184923696447,0.5903992497989009,medium
309,28,0.8872828506798758,1.0763429867183363,1.6433915466484588,2.380600462710959,7.863289304354417,30.405037468097387,5.754875744574139,2.9406351496981387,0.13906612439936067,11.156978911218367,0,0,0.1549950546450446,1.5844227552651762,0.5365473947369326,medium
310,29,0.8327975590189269,1.0540612739058977,1.9264762118324374,2.520686645528926,9.291828059741436,29.27125557840383,5.610879641131269,2.452228390726555,0.13011197003416783,8.775990950880491,0,0,0.25849997503304933,1.6394403212468887,0.8407200281007763,medium
311,29,1.064865603383586,1.1984555148614078,1.7867659038740331,2.612420316986216,8.684332722882226,30.03778536441875,5.268568020174177,2.7602025464500315,0.0944851143861957,13.882469205313472,0,0,0.1450213775176883,1.6646359854130366,0.6227254665978782,medium
312,27,0.7940565345945005,1.1864481725652858,1.732269185321838,2.4360301713774346,7.856193794119264,30.0598302463198,5.771846069948903,2.5083568509401175,0.09839638157867761,9.20541535051719,0,0,0.2907386877984422,1.5770103048348139,1.1232576298704358,medium
313,27,0.7576524559853223,1.0443313377119223,1.564516649699173,2.382268714671056,8.512506863667568,30.789447196634118,5.741813148067729,1.9592427280994005,0.09459911984655914,14.800730701542255,0,0,0.21148864613105398,1.9471567144976571,0.6353602590603815,medium
314,29,0.8079874100778873,1.2547733552597824,1.821464160118985,2.7016657627085743,9.228426485912943,30.198277205637886,5.7386800207506665,4.632861442519079,0.10783281028170986,8.879869246150424,0,0,0.2881343355583259,1.7015814662401967,1.025548769375273,medium
315,29,0.8436448071936874,1.0724358252471755,1.7334729411207122,2.750141373755534,10.026378449336214,32.35701470528507,6.41104917191339,4.509640559038353,0.0797008687135056,9.149408626332937,1,0,0.2131234916027135,2.5888147609797665,0.9526998208676277,medium
316,29,0.7741149368916946,1.1631180333872237,1.5956247779751416,2.421684828134567,8.840209667627175,32.510951401268144,5.012528618422115,1.8923702382243648,0.06852633311353146,8.74181650248336,1,0,0.21656555477121908,2.061976025939254,0.8308577152838905,medium
317,29,1.009344253395472,1.0760900070200614,1.5754998857770126,2.5695961637648512,10.196571953260477,29.98325502280163,5.073850813105978,0.7067869464076095,0.11206879461324652,9.079912070511465,1,0,0.13439969697060572,1.373493876614751,0.554032517951793,medium
318,28,0.987943105485154,1.27360093446284,1.8259428353963418,2.8328805324482866,9.696451077400855,29.905880373607193,6.276085907262932,3.956454825804729,0.0720936346817057,12.283828193374003,0,0,0.19349335441855814,1.2884601881919826,0.9787716951237331,medium
319,27,0.814785514391268,1.0805644884094718,1.844788016122099,2.6188644753265096,8.633502487635731,33.228204992340544,5.589046290798418,4.933938502035721,0.09620852655637968,8.905081118416353,0,0,0.20907118853178894,1.4849810975612094,0.8971816710676179,medium
320,28,0.856270229560134,1.0800582270559644,1.7989344590073826,2.690981762627852,9.42999806176203,29.01002010641245,5.5329149042413235,-0.13081049296870173,0.0848997923749593,12.197421365695918,0,0,0.2519420617972995,1.3308511680812227,1.0672041437798774,medium
321,29,0.8270632629200092,1.1301686999897504,1.7485711991595132,2.5374026898389848,10.480233224856057,31.516216490257907,5.24638764568078,0.41727161454572004,0.07366029071947414,11.102708499423743,1,0,0.19418098992905333,1.776962619278101,0.8533504756462752,medium
322,27,0.858316617886707,1.2539745415386254,1.6323774522740757,2.482529780761034,9.184140077482118,33.179771562844834,6.905631419695901,0.8416448637542713,0.10060812761006944,11.691816963569305,2,0,0.16023682756855623,1.403117744680269,0.593803889988266,medium
323,29,0.8954743038418033,1.0918554060888324,1.5465756955441918,2.3512121024058223,9.332355976681537,32.998611678162746,5.029379516258539,0.9254984020933501,0.08176477071552805,7.982950873489181,0,0,0.33524424129786135,1.741216286559918,1.4208459487876817,medium
324,31,0.8181985687827124,1.2438502038640644,1.542472102006152,2.6305690280977143,7.821327362992613,29.653625020155385,5.4888190634944225,2.9146434038077826,0.09457564838574857,13.620394235606922,0,0,0.2960063226937878,2.1690256975337983,0.9327787408659035,medium
325,30,0.8708345383537424,1.3106884805570673,1.5346785091094108,2.696929771320033,8.902354965398102,32.326075464053105,5.1882470344989144,0.6272196117809659,0.06364324391577542,10.662708679628498,0,0,0.14336456247159315,1.3470793071583662,0.7346956936613807,medium
326,27,0.8379896286653694,1.2388110882298253,1.612475191449048,2.320720707878742,7.563989070249958,30.859061258831183,4.910431702297983,5.624754745013869,0.12909805091134102,7.9280392435695815,1,0,0.20736885154623738,1.7663522041800865,0.7043398629661444,medium
327,29,0.8141802325283594,1.0677224810220873,1.7537520383081806,2.6620212744462917,8.794071258624534,31.403631275673728,4.815865769288761,2.7403934389684586,0.11124706766324402,14.719002230649451,1,0,0.3624256857465922,1.6468895780713624,1.29472394378634,medium
328,29,0.9438343088025198,1.0314433083595913,1.6607386952242273,2.24308519651323,8.741712228761507,30.186234599054657,6.066303099650631,5.121438139996769,0.10677363285049507,15.000899500970124,1,0,0.29466922286681585,2.0575859335926086,1.2464813914140036,medium
329,29,1.0111400228476914,1.0749305796907824,1.7928841000171276,2.433953140545819,8.186950414200158,30.559959154925288,5.33780653395683,3.7251970530457985,0.0827105405974348,14.437317372978516,0,0,0.2358690192591855,1.5114230236147546,0.93234186731502,medium
330,28,0.7990163038906367,1.1511353612554887,1.9682639618439566,2.5586764132108377,8.905033067833392,31.359265966167364,5.470114088490296,-1.1753664477244166,0.1154994854037449,12.970274718198489,0,0,0.17613340126416668,1.5471546578894384,0.8529153006800496,medium
331,29,0.8410317380219812,1.0571306728379979,1.9721624710320216,2.5836117486299432,10.409362186454592,28.9718262715718,4.786352283071566,2.991683620963815,0.19698361980137724,12.873444293770724,1,0,0.09555854041689904,1.5901442939083559,0.5402649253908682,medium
332,29,1.0901507494974467,1.1210669752737878,2.1861214135639355,2.5524503863566896,8.978008937013534,29.779330900368983,6.0541069368197515,2.433932293890842,0.08191790183195204,8.302639969288302,0,0,0.35268199569963843,1.3060991801039716,1.3573128266152472,medium
333,28,0.9023840408505243,1.1356441966834163,1.9244621963990136,2.2995986511427535,6.782468287497267,30.75829576023001,4.840714374908243,2.039116409738922,0.10305949576226948,8.529862618190387,1,0,0.13113650907308189,2.2591043798795365,0.5651252299950907,medium
334,29,0.7929955773833153,1.0674529959223336,2.3708389922665267,2.359404360414768,8.630899538091093,30.353806812596925,5.633216861824008,-1.1066457449691418,0.11545110615567596,11.117953795535971,0,0,0.12913185698804241,1.6355805566528674,0.4631167339573342,medium
335,30,1.0439942599813323,1.262389267242441,1.6530483083081167,3.0079401455693633,9.672615156109837,29.683135018067983,5.1598759630367255,0.6510083751896731,0.11372856658978785,10.459170718254823,1,0,0.23107439604816615,2.270713558728508,0.9213205006110603,medium
336,28,0.8453601056341385,1.4295096732545667,1.6946739242563902,2.924530354279712,9.582591372589178,33.41650750460618,6.723385524382176,2.8933079709614176,0.08001814374904542,16.06495085642947,0,0,0.13875761617940435,1.620879148623487,0.676773604613056,medium
337,31,0.9688877018798928,1.1970040718519848,2.023175364742812,2.395706843291828,8.899474404722525,32.08108615008219,5.152287502426087,3.933832729453948,0.09394491312236723,11.584627782951937,2,0,0.1341601407151049,1.2003896415868267,0.5751999246970024,medium
338,27,0.8983662665553864,1.247721870390518,2.2377810926922956,2.730785528404457,9.282214532339584,29.512797898258135,5.774248653890366,4.199651375080996,0.07013892229412612,21.150734455121057,0,0,0.20202089755675537,1.3400842361362368,0.8506417913557545,medium
339,29,0.9851858657356448,1.149819942627355,1.8598982133382718,3.2515010408944827,9.199501559021568,28.65474239481249,5.53363153898694,1.3934058089715713,0.038859977487532754,15.489716262908988,0,0,0.4362072030256535,1.9803518007748275,1.4918909507046805,medium
340,30,0.8357560196896802,1.378854045260646,2.211856235865368,2.6935575370850002,9.448336793385723,31.582993957219422,5.609447813042538,3.396656897678091,0.08191940184915132,11.6930699395038,0,0,0.19431699003953182,1.375836827067391,0.6699576341959423,medium
341,29,0.9226075882366881,1.3856947331880898,1.9658249509326002,3.0352431469059065,8.807558003339754,29.102289567251304,5.584804353797485,4.805503004216143,0.12642601469181636,11.991074558302119,1,0,0.3011557249348253,1.9327477899505239,1.1812499604627262,medium
342,26,0.9946401037895106,1.2721764725023184,1.9626437720973,2.909356307145252,8.979686864176472,27.99710024179868,5.611239820744704,-1.873996948070479,0.11363621635297746,12.325969988158192,1,0,0.2147957958290544,1.969515720457068,1.045553857122861,medium
343,28,1.2304512068202254,1.3881018136354193,2.1840732546008503,3.080035433424919,9.231276321257575,30.425312298058426,7.435816260405918,5.140943764825664,0.12886858407118637,17.835583852115562,1,0,0.4173154400743804,1.3716885549118645,1.5135605336787115,medium
344,28,0.9721598870074407,1.410875570695869,2.165271186736164,3.0894613815616894,9.18347215484363,30.18339788561569,6.200544212760896,2.878938317842513,0.14315890152249156,18.261154190249933,3,0,0.3143592319775264,1.3996837308264267,1.3153983523710662,medium
345,24,1.2142156027682343,1.573228521741198,2.871409822345681,3.296724438041884,9.276929160617813,28.806753664328745,6.008110117729007,5.281724534428891,0.14005715949395386,18.281997703341485,2,1,0.5195978373755658,5.425634828571841,1.6809800955786403,medium
346,27,1.1317104560856952,1.530310474013287,2.4014038560151523,3.242552419926112,9.160630301063492,27.124155762106575,7.852886459746062,5.69002907997477,0.12082356993948593,20.777906141589504,1,0,0.4107053881118732,1.4396375753573842,1.638202226929264,medium
347,25,1.0527734586223016,1.3732458793975966,2.2704727099245505,3.3505728903223915,9.256575859745155,28.32759258617255,6.497970323165037,5.754029284416648,0.11796394135425349,19.667977918525395,3,1,0.413396217859641,6.281504445401509,1.4472791245624206,medium
348,28,1.1778904846529248,1.6307948253328093,2.960006847131313,3.441684113672981,9.082796896212516,26.57258554402022,6.019065492549587,5.907062271231739,0.17758788972661765,17.792954503699068,1,0,0.4331020222959683,1.6992260741635128,1.4836776714561344,medium
349,29,1.3542951182345246,1.5226363703107273,2.2849537585737787,3.4678889508098276,9.471006719776842,27.647012325914773,6.1242867321863805,3.8872597192280582,0.15525556471161345,19.23845226098448,2,1,0.4808704216456982,5.487890471259555,1.6745238789585897,medium
350,27,1.0415237322672397,1.4250205558913922,2.377445678333883,3.263527741542796,9.372646999176379,30.449894778940727,6.33618502033421,3.2031634148847257,0.1524489834056546,22.205346704084263,0,0,0.24931885167316697,1.5743532462921666,1.0535490660412052,medium
351,26,1.047736954110783,1.325537316680858,2.180570628408666,3.204519981596809,8.004730916842249,28.778461655765142,5.690571093554414,4.9077342207767884,0.14488758310475736,19.362197172178686,1,0,0.4106802368183007,1.3177730284962796,1.6016856535034094,medium
352,27,1.264881136148301,1.1997661089192035,2.126861884535234,2.6263982827324357,8.43999839241783,27.471540766254073,5.813733190599171,4.238572518034832,0.056170364516761426,19.906462421384653,0,0,0.2713263942993815,1.8739160121166956,0.9500774455715291,medium
353,29,0.9634457427041897,1.4833994155823773,2.0629889324034996,2.906540293038077,8.532348619968854,30.15832631819703,5.636710356935481,6.132319896265917,0.10084015256248752,18.6555408030398,0,0,0.3489857307632326,1.5783765398378309,1.3029665573985394,medium
354,30,0.8769945604941937,1.1463181080438996,2.204135282381648,2.3512395976874205,9.236063537204174,26.338401092338565,4.844243939779172,1.1221940736427174,0.09346130072215277,18.223103486493827,0,0,0.12947158458378516,1.495873308525404,0.5916245097115745,medium
355,29,0.819849884950403,1.1288323166150311,1.8266061827922884,3.0906421979464573,8.90617088003758,28.56284542763263,4.961476272654954,3.994592216472486,0.12732463275561098,9.126985108388963,1,0,0.11933146575291931,1.7047306742303125,0.6918011268316095,medium
356,31,0.8206085928245378,1.4866067243230536,1.6821587286346806,2.447825062240631,8.962466334281801,30.075764279687757,5.484329914405805,3.438467111620397,0.093889664641912,9.00427098950259,0,0,0.11423022813156694,1.845191022148629,0.5882336349132139,medium
357,28,0.7858247571648354,1.0716350104548882,1.6230013632602376,2.5063863906018966,7.806460019690195,30.28236832962219,4.822775246595646,3.849885329758039,0.10766519825099226,11.621650472519674,1,0,0.2465938556506637,1.5248696235456731,1.0501063396130434,medium
358,28,0.931432037335493,1.239824084378058,1.970244132511063,2.2883988654172183,7.839170386303964,29.806965266740562,6.738985307176662,6.459238619282769,0.13542893275711135,10.716109765705719,0,0,0.28801811266589894,1.4564782247580645,1.1231333590372015,medium
359,28,0.8069464729909765,1.479690894709337,1.6685137458993493,2.3696082563403773,9.338568300111852,29.33233765765868,6.007792764552146,1.1030758918410501,0.1153426069559467,13.707524085410702,0,0,0.21902208370116213,1.6151002404956438,0.9686188092256143,medium
360,27,0.8646023459932201,1.2148980195551047,1.6645992137338559,3.0381978028736953,9.131385796417206,28.471406635699417,5.513005005357187,4.612359087024107,0.15273199578322488,15.42979006782764,1,0,0.13563453271562143,1.2670272541816687,0.657531932874113,medium
361,30,0.9118031649459984,1.3539415867174642,1.8152278489961413,2.3855929923209462,9.578778333882775,28.771995008072334,5.093636263289551,8.120648931528452,0.06753597626802951,9.69144811454424,1,0,0.10283665116594348,1.2744311884319097,0.77988139180025,medium
362,27,0.7654669642821906,1.3255262943074726,1.637805322099789,2.9212188826005283,8.723549951447398,28.825222525095587,5.262820121235122,4.026392414603556,0.07334983229527958,10.633168522914463,1,0,0.2622837668449455,1.478669402795731,0.989792397545981,medium
363,30,0.8412784181365935,1.590301728328964,1.6452698042441813,2.826931212473719,9.345504991978947,30.690712496088114,5.475802822892282,2.4486473529491897,0.08411155647219311,9.243616177544359,0,0,0.27050864738190167,1.2525059489819996,0.8000380203696478,medium
364,28,0.8857169431002198,1.1164413757046359,1.7884890769494053,2.8122631456962335,9.394656585980815,29.135313793478716,6.5811477263675755,2.7260998666616314,0.06013506094701415,11.611491691375736,0,0,0.18253955220466278,1.9490097296338897,0.6071337963099814,medium
365,29,0.7830949977738035,1.0839437869008997,1.955855821780897,2.6266035107580197,8.169117477371332,31.272329020587172,5.0116416777935555,5.2111525942291985,0.06758231473381786,17.38575370605966,0,0,0.18407337169380256,2.162183286478176,0.5543018149073392,medium
366,30,0.9061990505476891,1.084670877141529,1.9419836470467136,3.1617792414896937,7.620675550794663,28.962717122494244,5.703380414255762,0.7452236788423836,0.11043755621748182,9.58853541165928,0,0,0.17705448264054943,1.867447823558002,0.7347344943988856,medium
367,27,1.0963643459896415,1.0344797970060333,1.8008380827063701,2.4225687327802445,8.129104906651433,27.40806496913298,5.064375623602182,6.611399357657338,0.06474559979678579,16.005645313443377,0,0,0.14653141208687054,1.7007569995907597,0.662353694606049,medium
368,29,0.8466167179257276,1.2535505081944736,1.6331335528245075,2.5399180774456904,9.172134164664154,29.319445734781098,5.282535623729448,-0.012566853958620339,0.10697774544543384,9.260949940238707,0,0,0.15426561572037334,1.294814350250675,0.6352460851747929,medium
369,26,0.8118161700798128,1.6816610591156818,1.8561717706275742,2.993561539770253,8.265783292286763,29.41824536765893,5.1829589181632665,2.6556907759098336,0.09600917944794461,11.41520421069097,0,0,0.3159183439146431,1.9967395717400886,1.369770109683409,medium
370,28,0.8539981389057436,1.077455272757805,1.6012203057806507,2.2594557659418486,8.716725890075915,30.54165055176632,5.665386345510493,3.945877796399694,0.09771535704672696,11.108239850680743,1,0,0.1986130015335285,1.4569340751835038,0.9677187979686821,medium
371,29,0.9430495482333231,1.2951268083754075,1.6869629394551526,2.4113274675557923,10.069834535861423,31.473250256353666,5.648907423753831,1.4650497554204862,0.14390845199418065,10.287808358416576,1,0,0.22310500784887738,1.2729184065655077,1.2106536818008151,medium
372,28,0.833810249506379,1.3265860777185918,1.96652310443412,2.7872772219530275,8.622008391160625,31.330159159895455,5.8016854188720295,3.8959298743065616,0.11732622252429767,13.853765503966907,0,0,0.14579717512713453,2.109175104758561,0.5798816354787205,medium
373,28,0.8041242292477753,1.1580810459774267,1.9291705042981198,2.4860125057994655,8.004482756793573,31.750436967268094,6.016709891180872,4.710081327664884,0.07712251815333412,14.151096392718873,1,0,0.17953098460562444,1.4710558352122831,0.8066499848542303,medium
374,29,0.7971762611041724,1.088296647471039,1.7850347343632962,2.3912177155009893,8.785017800187179,31.565299866253522,5.265534823290044,0.15660902307410707,0.13967420104558334,16.465140532303984,0,0,0.2190489536312822,1.8975371254693032,0.9621108515281553,medium
375,28,0.9395146703461305,1.3836321868188954,1.8864878419430129,2.3106166075637375,7.745422500991403,29.06434282830656,5.681430665407115,2.2462087509226305,0.09510836339106436,14.279186306172754,0,0,0.18277411496568802,1.9335409119405638,0.9851237611723649,medium
376,29,1.1077025840665284,1.2914215271397453,1.796575675927557,2.652584010646096,7.8016214767473695,29.54601473939641,5.937960265343946,3.7043727426563136,0.14094959648187466,10.959435694179497,0,0,0.19389060807646133,1.224106086290493,0.7404739248750627,medium
377,28,0.8632567765077608,1.4216743645068854,1.6686268495459298,2.9671900096846477,8.79671815749678,29.987320816836164,5.246378388127145,8.789301839860679,0.07599614471439722,10.242504005609375,1,0,0.35081852598019647,1.2038927936583879,1.394518847643448,medium
378,28,1.0057989245425616,1.5259895361252003,2.2837746548230515,2.9293753845368404,8.012461174178219,27.91888831613987,6.305623816288451,4.482503914540359,0.09596095807168531,14.18478242910645,2,0,0.3692137281592649,1.279548542421725,1.4829517621037025,medium
379,27,0.9477004277254892,1.6146817319719162,2.4189648906314147,3.199679479342058,8.46635839837239,27.313570738319427,6.2150411127831475,2.375710984024585,0.17873801390831645,19.15021112914016,1,0,0.5429949371511803,1.2052040179088457,1.9015211474554559,medium
380,25,0.961180683890846,1.466825408941573,2.1296510285475345,3.262387589494903,8.917306097495965,28.07916117137998,5.458904529931708,6.284299260418579,0.14712201872534258,15.406451143612628,1,0,0.3218273957463626,1.233635435171096,1.1319477020717792,medium
381,29,1.143513763358743,1.4190170532135604,2.4884655686307515,2.89377357302184,8.813344438084561,29.394807086697384,5.847836552034578,4.092279775778415,0.13843430616053498,17.40708155837335,0,0,0.3390301525822237,2.2724873153867287,1.2340027474193127,medium
382,26,1.1676695935031352,1.5447536125254318,3.0349717228849817,3.758140615289713,7.538069993290641,28.147460453294244,6.787437903532853,7.51688818729251,0.13050068127537545,16.8213662983109,1,1,0.3661476843955693,5.599123138601919,1.4022597869026607,medium
383,27,1.2263772739481589,1.5796700222940319,2.782606738493382,3.902553612495979,7.427063870132139,28.322387395384155,6.826642296435418,3.071224365036315,0.16934669278041517,22.938512942048433,1,1,0.7238465661398001,7.260345119427162,2.44713663503543,medium
384,28,1.1246106755657501,1.545405996575695,2.7531711615188814,4.242222095849139,8.557886091294415,27.62486153390613,5.960121034150154,7.150920168436009,0.13047700030478607,20.241400961975998,2,0,0.4921304083407037,1.6933878470170973,1.6905536973767634,medium
385,23,1.1460340921556413,1.596805959362217,2.5618064682056687,3.6383539260188615,8.937261828576919,26.562196343214662,8.098168361274535,3.173954774741167,0.17918655791048047,21.18739975403868,2,0,0.47132444715468225,1.2201312978015812,1.6770821492211372,medium
386,25,1.150496556500318,1.583031148463827,2.5381373984013544,3.380597254231018,7.6392428789093225,28.232284714332348,7.035403361063665,6.456265502381907,0.12910143749613234,20.883546813229973,3,1,0.5099212792222754,5.910168237975196,1.6552384735378651,medium
387,27,1.0570928578554142,1.500109099598915,2.715575640969064,3.4474722327597207,8.037862255490971,29.754040884475664,5.809634974042147,8.10299749861698,0.135815524881174,21.31507425215503,2,1,0.5209378819963628,7.543962112065476,1.7491402897104074,medium
388,25,1.0525908919611584,1.315381781291717,2.2304184041590216,3.1146847592136266,7.0997502046891015,27.915481690807574,6.137566381652732,4.415857885278714,0.09254532732265949,15.474618794761433,2,0,0.581368805533348,1.6570249394823782,1.9606821021597536,medium
389,30,1.0346516296511363,1.6607379498995474,2.092545842168436,2.9480510873262067,7.657248675110497,29.968258402961183,5.6574913967309834,3.524912826133879,0.126268594800416,15.369591263450182,0,0,0.3238198860416144,1.7209241542561329,1.2313103594128225,medium
390,27,1.160707523113666,1.4971965851763975,2.4719057762352277,3.446387570965994,8.52989348783067,29.079053691622537,6.714479928842161,4.076659103661308,0.14667866182689657,22.989321626432172,1,0,0.2579156084290007,1.3722229335752005,1.3394334532812566,medium
391,29,1.0324940084427205,1.5206504522116855,2.5158494053996074,3.4904604226224705,8.501097238600837,29.40980328181176,6.518955167757506,3.5440045090672436,0.17414482943536402,22.658246747254214,2,0,0.43202479162984675,1.2557288571118728,1.687070566054003,medium
392,29,1.2289631778078494,1.3856631028136657,2.1633038381993095,3.099740480140176,6.898799305989356,31.95516948687506,5.491474248121782,5.8122714212146915,0.16801870393299076,14.666103765313006,1,0,0.387570079522116,2.0606167480254745,1.3311442487956915,medium
393,27,0.9703813445279889,1.2681225109876875,2.1156363584111073,2.891659395380221,8.0517454854538,30.435623788952423,6.642222566473482,5.725900660025501,0.15882210819129505,15.856042945815322,1,0,0.4168386377605001,1.6479422774419854,1.493437636546484,medium
394,26,1.2393059485684526,1.3888911161704183,2.2526892285779523,3.175395680689728,7.032325468348244,27.63513602161246,5.772364200826909,3.6275159067056055,0.16562352576653167,19.783361191683124,2,1,0.33404757539963287,5.344918545471652,1.1970586692867704,medium
395,28,1.2501355770580596,1.4090991565358923,2.151226658343182,3.150619463312007,6.856782573006554,29.192368495729202,6.875924142419478,5.402288573770462,0.12149978294927807,15.312847744441159,0,1,0.37890637325337273,6.827942537566739,1.1946382355842644,medium
396,28,1.049640971083615,1.431021484360628,2.2244199940047964,3.3297363246243306,8.304356413267623,27.47803360337671,5.718050951766098,3.633435367342909,0.09436263508868742,15.751895900092052,2,0,0.4759500091913178,1.3287872214022627,1.5785309787499586,medium
397,27,1.1081305044291498,1.4292439901822052,2.370734187546561,3.147372297774097,8.217998351981917,28.0300721838736,6.393130118482163,2.98521631062039,0.10712437720157991,16.25724241784789,2,0,0.3160556870570186,1.5770241460474244,1.1666372068552913,medium
398,27,0.9457930387545807,1.7094260678281492,2.7143087296382133,2.9319665131384363,7.713832533771229,29.791410978121277,6.791087047435742,1.4841535377433104,0.15541757416350668,16.81122335826773,1,0,0.29516708989475704,1.3045721091192566,1.1258207700414604,medium
399,30,0.858760540133974,1.4952136093681863,2.3277337169792216,3.202050061016719,6.154200584914493,30.634513724794935,5.816117156733662,3.26740011259903,0.09873916935652702,15.967464458917519,1,0,0.29379617449464124,1.2026301457349555,1.0335258478199045,medium
400,27,1.174919948909648,1.308748221523463,1.697270612759124,2.533359479833617,5.539281676149448,28.90721252986781,6.086926270648961,2.7819711830801115,0.11925792623795534,14.024006282278396,1,0,0.2854944293480842,1.7483523964860588,0.9511041760989782,medium
401,29,0.9264409160618345,1.1760742516741245,1.7092074719675,2.389561685610908,8.385831391387015,30.320384494877754,4.85285023600464,5.7716464158408325,0.15477554588833323,9.464797442693618,1,0,0.3325885665213043,1.6583563404859796,1.4189648062604472,medium
402,28,0.8646714334786099,1.3483959597732205,1.93793508145268,2.4358035850876214,6.503143810019588,28.33163672644703,5.9549064133569765,2.469393874371294,0.14333213523574034,11.033307900825584,0,0,0.4595374547789828,1.2695541919511615,1.4851440945798906,medium
403,29,0.9258984459564121,1.1439474054436762,2.110947663561768,2.3991375793183103,6.929478199911808,30.047179913626007,6.931095557540436,1.4666149867988159,0.06344261239989173,13.864740202882757,0,0,0.16952657804422394,1.2349172872176744,0.7818463488116768,medium
404,30,0.8622293386080119,1.346235149363725,1.7612003853629465,2.2769541785093974,7.251346158384935,29.81394273241343,5.967782374526412,0.2563354765238368,0.12389764929518873,22.829888674024396,2,0,0.32649310551418254,1.7877723313517877,1.167860811436931,medium
405,28,0.7613608480800761,1.0413966814996918,1.712862760252043,2.260673705821126,7.388037927407383,30.955614225139218,4.705342755624769,4.559724513212693,0.13411279743957696,15.850484535044956,1,0,0.19392898932583985,1.9772044696960265,0.8743985614212424,medium
406,29,0.7598308845909647,1.192317417059326,1.7243371646742285,2.8689486767919137,7.297337066570321,28.65805258804311,5.605132075588873,1.2683226393205211,0.09233034271017723,10.820622626791454,1,0,0.15619949318280926,1.9943066779138272,0.6655266788329665,medium
407,30,0.8509848609440934,1.2168087160543268,2.004730659521768,2.8679461766424748,7.169116760036277,27.57858808053909,5.143875771643125,3.09680319453021,0.1384606699588122,14.748889685607743,0,0,0.2795178167725458,1.9901010510114863,1.0974334303997575,medium
408,28,1.1854463812103189,1.5259617681217013,3.0165367139088213,3.0066876097940436,5.767591465995887,27.814455248235785,5.446766855026576,2.5146801752852337,0.13650203211202283,17.293730186514654,2,0,0.41219511898331435,1.398645315600308,1.491763519347739,medium
409,30,1.2322859836458218,1.3520787540005201,3.026546046336673,3.362119741228237,7.47804692022455,27.31309557348155,5.717827068167845,4.872891671768987,0.15713436977656328,20.165948755444735,2,0,0.5012888305676984,1.2189154091186025,1.67435913918558,medium
410,27,1.3263012093810007,1.5610889938167303,2.8053346982225196,3.5131644826927446,7.6512961108231305,28.06566165029219,6.376843774783523,4.7819672395822685,0.16810294882223625,21.826815562365503,2,0,0.4440215704258559,1.7178932771714077,1.6034782443017206,medium
411,26,1.2288111427221176,1.5574060618290246,3.0085738339926955,3.770984148491369,5.81523220415854,23.871527979467267,6.341945735842891,14.440918875335349,0.21189899406455284,23.317841860243277,2,1,0.6845535571373703,7.3908282048924825,2.3439098035054866,medium
412,26,1.3015341740794661,1.9544008858819804,2.9955295673114137,4.086848921003549,6.297337879481511,26.647776055093985,6.622115773557933,7.347633933017483,0.2452835503580197,32.45777188001789,3,1,0.8560537765594043,6.802056893107986,2.794439213399439,medium
413,23,1.3810604202855936,2.0866404938323386,3.062743705775535,5.174505462710004,6.494478248600404,26.592220812045845,7.42551386507332,8.670643209941728,0.26335953711369803,30.878988949607006,2,1,0.7943510222043887,7.255173714421659,2.6222538564643103,medium
414,23,1.5724166105465383,1.929004396572798,3.3798664115697914,4.993616375830206,5.893537249903232,24.331672532037842,7.8485538695223305,11.370817913231551,0.2431262006177101,33.63904126326611,3,1,0.8509535208029668,8.905406023527728,2.7618638792466723,medium
415,24,1.602043129985108,2.011875238423777,3.876868256094681,4.906752847487144,6.075242230429398,25.19094810833728,7.52315508926737,7.501975829366389,0.22699740792498413,30.336873416750713,3,1,0.8575271732082886,8.607365828988137,2.8002184716768843,medium
416,23,1.5154666641451051,2.0530276995751318,3.4563779753795907,4.779162580390547,5.907605604487621,24.449980005039556,8.186288409000854,9.33562912129101,0.28032735277115006,32.30357089682467,2,1,0.7748159070398744,7.954365812642951,2.5723378977154727,medium
417,24,1.4817308739174457,2.072792153315415,3.455812138637139,5.167467249925049,4.712126504722365,26.607426296212715,7.57688517815318,9.822062255571568,0.23798268757424137,35.707299474449144,2,1,0.9611859234177385,8.272535140515188,3.5636847595181838,medium
418,23,1.5694339705385116,1.9041737304894888,3.383971157858801,4.804248871343284,6.681092064236525,27.530718177652087,7.883237497319915,7.406701484907077,0.2151681874355037,30.73212193225222,3,1,0.8581048929613755,7.881033224283314,2.679638976415756,medium
419,24,1.507588920501906,1.9185279077462496,4.112929205944944,5.0247718179711525,6.492069820778635,25.06088935123593,7.888943290752373,10.868060455291843,0.25160096216121963,31.07536477074389,2,1,0.8009306750702624,9.51863586781048,2.58614464002187,medium
420,23,1.5879634281516504,2.100901658733185,3.448670505093577,4.795207292506409,6.583325607093707,25.09598967244845,8.049920573672306,9.315311220330784,0.2657772643424726,35.20205321398828,2,1,0.8413412247511779,8.013902145631244,2.565665269703253,medium
421,23,1.6316321971689023,2.1705333050450557,3.3924913083430464,4.67691501993545,5.875480121375348,25.053957613347993,7.370614680635988,11.835007314330797,0.2397181077344349,38.25191180048204,4,1,0.9500536405003217,8.486890844022831,3.216977191445949,medium
422,24,1.7091099029679264,2.001881411219248,3.4262402674204395,4.583044266211959,6.800356682373701,24.813178495309476,8.786299337926305,8.552486228103788,0.23988685440029056,33.95654656662037,3,1,0.8441770643673028,8.91508688498315,2.988956198525413,medium
423,24,1.602495550480678,2.1168703258590242,3.382414186377116,5.064257856715919,6.759755073800464,23.965928570873494,7.994181151264308,4.354777237226338,0.24929317829925915,33.00661888683406,3,1,0.9069805375206901,7.724070835223622,3.3562773226709526,medium
424,21,1.609477472594373,1.9497748511057198,4.015698871683204,4.8717543002546835,5.078510776466101,27.27395714202934,8.023797020669306,10.063296299223534,0.24018844239679615,33.58629051516842,3,1,0.7218406140937046,8.038251154095242,2.591405242228505,medium
425,24,1.5408268032809695,2.518164129698365,4.585970623000193,4.697516449212392,5.838036335025345,26.080214502977,9.615119426753438,7.296975289150905,0.2672604369880955,34.80115237969084,3,1,0.8173748218096619,8.515804864495877,2.760101485748223,medium
426,24,1.564891352837595,1.994831164577319,3.4896443312572747,5.487614999287527,6.659342754488592,22.760688905765125,8.255128573748646,10.668464084230576,0.24567008552621808,39.349178643718275,2,1,0.9472660024511185,8.492319970825623,3.4992290391668304,medium
427,24,1.600510530288847,2.054381878364023,3.6977689930312168,4.840168919066432,5.812545726626002,21.956166732031118,8.212959348683917,8.567261947271053,0.24331363115416169,36.39898107913684,4,1,0.8797212899470621,8.776992495733467,2.7489567601295475,medium
428,24,1.6274717454833518,2.149576176136011,3.4797408723026213,5.335307152256124,7.517342013548771,24.517067925760966,7.7270599686544115,8.145017093488029,0.22835537160541428,33.86294324943424,4,1,0.9009305420525049,7.9014611857501595,2.8524797153745127,medium
429,22,1.704642364865412,2.320005564403307,3.7143250040445754,4.958212562380854,5.717254745648911,23.000193019474516,7.4866721558701235,6.565194608184837,0.2196169183907105,33.92525660045212,2,1,0.9795935952998437,8.26124305689245,3.4799818999182968,medium
430,23,1.5345576942157901,2.0195059785048652,3.5392286081904105,4.8985269405919185,5.07373876867808,26.821291539934954,8.768090979964862,12.151796201774223,0.2825334018580013,32.36610452162061,4,1,0.926168516211275,9.416994337155314,3.0867967918694017,medium
431,24,1.8655118035715117,2.251703228176077,3.9543517382160296,4.803655606596984,6.370400308745738,28.078786616101894,7.6457185485049335,9.480782601939906,0.3010256763279009,33.26542757955434,2,1,0.8575970083411965,8.074627793713953,3.02988644593749,medium
432,22,1.6927034570319222,2.015648970739209,4.218723544031203,5.156311466012832,6.295059770440666,23.734066189289376,7.718258531116101,12.245116446008936,0.24458751959740305,32.13011035698485,4,1,0.8518834557535296,8.155456075445208,2.9627806275996864,medium
433,24,1.506958899023555,2.2318703048637287,4.285055543073672,4.963874740547481,7.066786471069226,24.573695660604283,8.330167528345084,11.130640703497333,0.3101563149151926,45.79723656379633,2,1,0.8229210112602172,8.273750515182748,2.891608083850893,medium
434,22,1.6385800226099145,1.9906603941616963,3.521665335032852,4.70807298570346,5.979190518769936,23.187849397369078,8.986003537050303,10.466525188712177,0.2441286809508092,39.8002757821941,3,1,0.8425594000083686,9.106971229382307,2.6891293687353923,medium
435,22,1.7350245688470438,2.1876042839740313,3.7825902123533477,4.695759127222929,5.641484527217182,26.37582272610036,7.582229493024352,11.888747877544807,0.26139208478135617,36.01026600446134,4,1,0.8750947829929647,8.103821473698506,3.011073462165521,medium
436,23,1.4750223517870658,2.2387865369021807,4.128501577267976,4.630763908531238,5.328328009352248,22.01221166235473,7.9785651093712735,9.66190362683659,0.27709582998458165,30.909269776913373,2,1,0.9972278489109482,9.042100363315772,3.4575957781569775,medium
437,25,1.583220356583324,2.1619062998648553,3.4966798309605407,4.667909348657046,5.185763829842178,26.7726254177769,7.717760039488134,13.832230012107267,0.1921284844843791,34.02955594759647,2,1,0.8996856478925157,9.20253965724499,2.775659090779288,medium
438,21,1.4755432029206255,2.2802748635995624,3.815114462982775,4.781012472448444,5.175902586193678,22.494190657264166,8.65493651303724,13.496266169887694,0.20197477154251367,33.03534539581326,2,1,0.7732549843705421,8.11327733112928,2.6630998918614135,medium
439,22,1.5486486917536642,2.0084845751395033,3.6173733891248294,4.94838391327285,6.306364677045906,25.63555220995517,7.339462184186814,9.936723032974191,0.26251073695704724,36.52010166599396,2,1,0.8613483225612084,7.813159589890384,3.038798135972065,medium
440,23,1.4801767163839,1.9952577760012553,4.012658568739028,5.903170756019131,5.6974739180199725,25.507542099565946,7.351144987622107,9.766677405942772,0.22258185215904674,30.687425670648874,4,1,0.7921431711641899,8.970372197410615,2.600857920268175,medium
441,22,1.7402959716923279,1.8929669389145303,4.072846418855453,5.84773284230031,4.8142670409455315,25.259677802904523,7.697082314900621,8.649994570718972,0.2176441282002234,35.45454051511473,3,1,0.8564059523624351,7.805647573653524,2.846533202569913,medium
442,25,1.5812446910196536,1.947807290807807,3.879848578762963,5.110293350999003,5.997148551663601,24.14641704695681,7.807941311716002,12.091442023943431,0.22913604837952223,40.833268766857095,2,1,0.8611012354907268,8.001491229528337,3.1864666547705296,medium
443,25,1.4621923104819097,2.157817472003069,3.8345444951248524,4.493279045432536,3.8214880002150853,25.96062201070748,8.528158047707327,10.84397085729843,0.2705877818075946,33.370370404405094,3,1,0.7316695917275045,7.504924590868139,2.380006363848319,medium
444,23,1.4994489853784354,1.892568957448423,3.1277877579665123,4.09151655924195,4.7560043812825565,26.019806146228575,9.35982955608772,8.517270038912082,0.20026892769119747,27.23947601186556,3,1,0.7952759535423668,7.338462328875948,2.7036423520802635,medium
445,25,1.3514799926943677,1.7863208624077096,3.4633232369508504,4.732354590785351,5.3580412167269476,25.804218197085206,7.398960570206996,6.128821094035787,0.23660150172369915,27.129963891265273,2,1,0.7744677112166378,6.8758325939102365,2.410596671694537,medium
446,26,1.3698597777443386,1.788697810625612,3.3173578189214754,4.903351161818803,5.232179885343398,27.81425667595377,7.944317508950858,6.226883699546732,0.20553770185950132,32.149230845389965,2,1,0.7632998850154809,8.230438932051944,2.359653013848195,medium
447,26,1.343231972057848,1.8720246207138422,3.059586614800107,4.742543275378528,6.501758074801826,29.8271930814958,6.7579962495695325,4.139725699881918,0.18949633938473237,26.382329371802303,3,0,0.6483830897609265,2.760328535427168,2.09663384715092,medium
448,26,1.245282469419246,1.775532492025413,2.8255142781463434,4.0024007612269275,5.972797878477382,25.42411240990332,6.4749891391877075,10.596588741950296,0.2286993209363629,28.193572556577934,3,0,0.8437078515291047,1.2885382226889213,2.817715651766492,medium
449,24,1.4050024061251696,1.8437634686077349,3.168459482239405,4.737734815998186,6.11562362500545,29.228817792264447,7.798714243555385,9.52404158664801,0.21586246444020957,27.476897790440155,1,1,0.938155947581011,8.53404825495862,3.164435302253245,medium
450,24,1.2741904926220189,1.8339364019565472,2.851778177260888,4.465223625607131,5.25148455406297,26.326376279234882,6.990484425176288,7.089374994429497,0.19594357682550997,30.374366020845937,1,1,0.6082484666458561,7.975282536942121,2.021354859921257,medium
451,25,1.4085743880111152,1.5547792608072017,3.0220618929064265,3.6577134742890287,5.157699982831539,26.494501511202415,6.7228522734047855,8.47958085849157,0.17457125114757777,22.151979920875405,2,0,0.5035581135540304,1.8172210348404403,1.7228495460588629,medium
452,26,1.2465394649696226,1.685943074076954,3.002657076311965,3.646781695194468,5.155867712034114,27.381308608667503,6.483223663198961,4.315113045758537,0.23369082883532477,23.442361533275232,1,1,0.5891987459613937,6.255837472052489,1.904526990836688,medium
453,25,1.2310781401317525,1.7465054726612983,2.6315580922946817,3.710843414292423,4.603064238853052,26.833903876679663,7.506325693555395,5.852522727815252,0.17106552546381062,28.880281840381173,2,1,0.5721584825894638,6.87097482183081,1.9386648059033393,medium
454,25,1.229056909010771,1.5262272148225566,3.2181310280553035,3.876650473141179,5.3171660490520924,29.054334997226842,6.353595165155698,6.425289633623974,0.1672139145303854,19.40255317723106,1,1,0.6658965772586645,6.353696109272919,2.293609380687015,medium
455,28,1.1030030616389292,1.5738322151713406,2.3985783843393462,3.271077132563536,6.293170141668623,30.52761526761991,6.8998124242101255,4.642100450502787,0.10290560156551015,19.904283261637,1,0,0.5889627674213579,1.5566088007417007,1.8407912812796483,medium
456,24,1.0438308556239273,1.4592065705939572,2.209213921534663,3.418320771926716,4.25910516272324,25.980712072041257,5.893797280571947,4.719530612872124,0.11813673654367168,22.134507065443938,0,0,0.46912604545451025,1.3831506720139166,1.670802086458913,medium
457,27,1.0100559457818257,1.3583868129433798,2.5481536582380944,2.895347403593548,4.592679343861499,26.83552578473345,6.417366447141028,6.905248126775071,0.11754788981167488,19.87634614699236,2,0,0.3739204684930561,1.770668798431104,1.3734150649385446,medium
458,27,0.8828381148343705,1.2519963800213636,1.992900124632331,2.9402623421771445,4.96968272704871,31.13864238625058,5.475587871671697,3.072630034631496,0.11228036702156982,12.888270588281266,0,0,0.3079744964832857,1.353439404240318,1.172676389563811,medium
459,30,0.9229209786964524,1.2655145571205288,1.7180287788646664,2.521799459916692,5.223061037679904,32.53882357828202,5.089227924359445,2.3203816423356414,0.08572948317344986,12.670305203795978,1,0,0.15822472595376075,1.204919895911387,0.6408570173478368,medium
460,27,1.014979367332798,1.0942984570000691,1.9821090219065063,3.335525009844257,4.900743413144103,32.72375941681508,5.877400691068029,2.442587408847682,0.11067647710571606,16.63837295843188,1,0,0.14789506209586384,2.1228862292782233,0.7669409287704938,medium
461,29,1.295045144839479,1.2852172552941679,1.719838667872561,3.0878652284162587,4.983090691445052,29.37111801183678,5.267957137878236,4.939063078278958,0.08509038046899561,11.406895061638998,0,0,0.20539122003581234,2.3321546465678837,0.9614671088415987,medium
462,24,0.9485658780030938,1.2481453452085631,1.9860579952391224,2.5733132997550383,4.487200817910053,29.680356109467727,5.460544376998667,2.3351150304636823,0.10984691074443143,13.409125777180128,1,0,0.22931057318425457,1.6573561882613816,1.0858163828246885,medium
463,27,0.9636489821608727,1.403503047743282,2.0921833447588063,3.172496006130464,4.013377510041612,29.19115399812483,5.441884869059462,8.101686840823872,0.1919274526597461,14.532897360706494,1,0,0.4929159593350218,1.5097605735849329,1.5187001630323953,medium
464,27,1.0603178002906661,1.4414876387526285,2.525211974912697,3.013823414998576,5.882132955790395,25.93427107561448,5.567417248540989,6.184283483172102,0.10700162950531347,15.22657810317905,3,0,0.3276176138715462,1.4102187398276373,1.2384190752018913,medium
465,27,1.050251856636296,1.2730012117079152,2.358610712953117,3.159765909740755,5.645121508455933,29.205853465580613,7.050823442972552,2.9176779874243373,0.1314707360156014,23.020546733883172,2,0,0.2593597940300084,1.894344399580882,1.0992934625667035,medium
466,24,1.1186548264464793,1.3317119298498739,2.368073799650702,3.432968048078347,5.0814762799786015,29.466379646336243,6.72727173581543,5.847676039761872,0.13527426156715197,21.365540360381853,2,1,0.2549752769793832,5.398484078034158,1.0917237444460428,medium
467,27,1.1017850815960477,1.42159853383018,2.4353372920273975,2.97478413812421,4.748603936191073,28.89306812815878,5.7498838520536255,8.56931900739726,0.1493087079682176,17.27750952987485,1,1,0.46604733962127926,5.209334282090741,1.5284443433613768,medium
468,27,1.000819007567006,1.4647904785467476,2.1077148426924337,3.0472428227638133,5.314943481017517,28.51136236794088,5.477297402133878,6.586837367973118,0.13466394715832014,22.248918382313327,0,0,0.39718084629645317,2.797065341564729,1.4325317182631225,medium
469,28,0.9872539563511935,1.6281101577298278,2.031058177408724,3.4449124826358184,5.208496354413965,29.414215568282216,5.642014699473619,2.968149510845089,0.1335945515262904,15.351061682108938,0,0,0.24379783605315958,1.232895727162837,1.01841592156788,medium
470,26,1.0885292110722204,1.2552826453472228,2.0214006994645715,3.27257285920702,5.929295377446851,28.378322441534774,5.5573963492120955,5.9116520030346225,0.15012709406718494,14.996557885012173,2,0,0.24076234015430215,1.6376575566093978,0.9656656283628599,medium
471,27,0.8807471127271705,1.412827007290284,2.614579326645518,3.49484625903165,5.371269793979595,30.68197406349095,6.286089990944264,4.785063036145222,0.11762103525476968,12.335978190908351,1,0,0.26764571241249335,1.5091769886762254,0.9253506204336793,medium
472,28,0.8679942378563783,1.2551589180473044,1.9606483624379822,3.241895972053551,5.364386641441849,28.490147934347494,6.144024619804055,4.382144534750024,0.12490789338760935,10.377787791570853,2,0,0.5204885594253784,1.354774215227103,1.7709431193382235,medium
473,26,0.9617093654952704,1.2420820921101243,1.8649543848170391,2.487578563129184,5.8048765293905795,31.525366843453774,5.086990656049675,1.7237231876484918,0.12201581529562622,9.626163640416138,1,0,0.2931942480698269,1.2969774603941016,1.1936258383892135,medium
474,27,0.9220066350472276,1.1155509487710347,1.7731342739130678,2.6542311042762785,6.02178496743333,28.254683002358767,5.871323608870723,-0.5275778723622704,0.11875209818547516,9.826890374158639,0,0,0.3055069277210318,1.3736027784813987,1.1556638549074378,medium
475,26,1.0423422819469201,1.1885780346145007,1.8218325452374384,2.683403277307718,5.022412676516207,27.73570763658987,6.303202989028529,5.011409006793196,0.09062515413280152,12.52353077432564,1,0,0.23338714891700846,1.4634617176588127,1.0637625635632348,medium
476,26,0.964097100538474,1.5559328261746777,2.041163212636976,3.0754587663468627,5.509809036311382,29.198891864104255,5.614269459195602,5.38285875802625,0.1612632484265655,21.41227582785338,1,0,0.23893647230079154,1.8355523985827373,1.0493165100221058,medium
477,26,1.083137419448941,1.4583888602462214,2.6907310273952967,3.628295427191306,4.933423721028989,29.637588446261574,6.6711707579118045,4.3767558244784865,0.1766915332406029,24.544546958386373,1,0,0.47014355453635015,1.329277206171356,1.6425744122424089,medium
478,27,1.2554195960998773,1.4743190221793276,2.4563197753686072,3.3372910165005587,4.943448193401217,31.040390184961023,6.788405664800763,3.8636506787823293,0.15108862113102306,19.58720849641027,1,0,0.4247929357105372,1.628603101630876,1.494804060232599,medium
479,27,1.1959197956028744,1.9080516210355272,2.964298201186703,4.178367365249956,4.667512591962293,25.487558349348074,7.083196999695741,7.091043708534191,0.21146476881236367,24.06990951665584,1,1,0.4861638879895352,6.677400653792424,1.8135963782024804,medium
480,24,1.32675781622978,1.7486668988051814,2.831249967529748,4.009232523169454,5.734648319415502,25.952544919315102,6.9903559436117195,6.754387999631345,0.19104736912309397,23.79364514275516,1,1,0.7662516122617821,6.5911233992110265,2.519156929940894,medium
481,24,1.5876429028334642,1.8079653134657558,3.0617717314200306,4.910599058218477,5.630363103417523,25.026507526337486,6.980546791360941,8.199044586193644,0.22872486704212797,26.16558380233743,3,1,0.7737320365282369,7.593717165590704,2.684271575258364,medium
482,23,1.4655386607046266,1.8592302582173779,3.424474739972622,4.593983657239224,4.788723245142278,25.53145340411868,7.178236864186198,11.0961565370876,0.24340099500248943,33.720024250537534,3,1,0.8176889714652177,7.622929926100409,2.54087116895903,medium
483,23,1.7579286720070921,2.2235925179165448,4.381011491610555,4.9008924305782475,4.525632919199715,25.318324633106027,9.535717281495211,9.020436947200018,0.2467083287552046,31.366813710719075,3,1,0.7405055023640859,8.09995244443365,2.7200125732373452,medium
484,23,1.5634807063403289,2.1086716939474313,4.0244986551873625,5.434831076474687,5.512933774112335,23.03838135154034,7.406816052577666,11.157729792020431,0.23146703507724542,32.83612107556706,1,1,0.765014400095494,7.8888693942135015,2.7410189199919515,medium
485,23,1.6672408551321307,2.0323060188984994,4.177832218587794,5.07224711888441,5.707293242783515,24.180504297981074,7.723061984243355,11.149677953547327,0.26413973846307937,40.80211518446719,3,1,0.8836488268034296,8.553934583546326,2.8464319090295733,medium
486,23,1.5834565698492171,2.122568772633569,3.6125171017573785,5.21694515560129,3.5462853474673874,25.461479085117812,7.317600207643705,10.866860513745618,0.25703409472130523,30.638726381393045,3,1,0.9016498882284043,8.705824144780019,2.7692649703584156,medium
487,23,1.6110069669918643,2.0408821066566185,3.586094542277568,4.896012326810632,5.060300574434567,25.850193630329645,8.215129414134552,8.580304158108198,0.2295250262958923,33.32878010533162,3,1,0.8358008262406716,8.13403780104198,3.0156159820271795,medium
488,23,1.454904724597642,1.8490600584632653,3.3187692600950043,4.901240246930429,4.626292524052801,26.55390726339625,8.2736727337976,6.602992147715703,0.2335462742632392,28.74269309778859,2,1,0.7840878627624036,7.7173451368303105,2.6874232640202167,medium
489,22,1.4334130479230696,1.8624143503954218,3.4259323773518178,4.290151539163922,5.077815692024618,27.73851094046605,10.066439034010013,9.973775567704731,0.2037869057504852,31.61666240588356,3,1,0.7722963565115845,7.5063490017423,2.677818445582305,medium
490,26,1.412964260068477,1.9524673717195131,2.8968707813012515,4.128917172921499,5.583880798501144,28.094602806204364,7.020838347535817,13.3794525627573,0.21581784776274132,29.96613546421677,3,1,0.7834304677446918,7.554060772178156,2.4507548904901233,medium
491,27,1.3622536735693727,1.6400275675143803,3.2616328872986986,4.58234968009946,6.130698867344515,26.825461039399578,7.029275310001567,5.526130293392283,0.15284337797735498,22.881064745712056,1,1,0.7083089133796439,6.927720324776051,2.3337190264630023,medium
492,27,1.4236957011066527,1.6232961283520373,2.350116356678784,3.352166719514752,5.1507887890274535,25.53699553303379,6.535213742036548,5.615366523283469,0.20097509457588666,25.5940334670211,2,0,0.4730735202417239,2.2397606785409434,1.6131262065929972,medium
493,28,1.203290207944338,1.3569705357375406,2.54917795075668,3.2842708147551902,4.363865356087754,30.383501715652802,6.469607247975353,2.9640632790860253,0.17257513024312318,22.87755683883885,2,0,0.4658561446311051,1.7996608351891292,1.7904473320121674,medium
494,28,1.0891853401118328,1.3458005297220488,2.2786503480752,2.940076965975757,5.048541891247653,28.398344844772595,5.987019643803232,2.9896048361859546,0.10601092873123885,26.05918423783205,2,0,0.37595336465175444,1.935226285029237,1.554058558754651,medium
495,29,0.9552017347987075,1.2662635130841102,1.913690295126058,2.8039144935672233,6.047749226270405,30.033614194845025,5.6356443421139195,3.9016043194370047,0.10740285425454903,11.861970799343105,0,0,0.31255075036131735,2.061770282705365,1.0984618369308685,medium
496,28,0.8582500535652304,1.0701604588506348,2.297135913973767,2.3543835990315554,4.5183742862548115,29.926979810772725,4.8417806075529795,3.2648519427676947,0.14074147371493648,11.893399691319534,0,0,0.15454078141413558,1.7721460150765922,0.574186152686434,medium
497,28,0.7854692884769477,1.1135755135668832,1.6134680154203132,2.957708342370359,4.886017075854309,28.97943336236478,4.899033393630192,3.277926113154306,0.08889690391370265,23.200361938561585,0,0,0.12209203232130131,1.2983902954156696,0.6195186229000584,medium
498,27,0.9440254415490563,1.329343784385415,1.672385073226271,2.5432793307761568,5.154905167453888,30.529431375514918,6.725189906135343,-0.5541145104989318,0.062325447185130146,15.546890427110679,0,0,0.20877838680253813,1.4635668702029934,0.866149011106037,medium
499,29,0.9597086970296382,1.086955092858789,2.268167035926025,2.8971268499227967,6.128471790174581,28.52655272043122,5.11575863232493,-1.1554504440327547,0.1328896258303192,13.210505128130832,1,0,0.2517146176979631,1.8722727363264982,1.1516254608175993,medium
500,28,0.8412659976523046,1.2220730504557584,1.677482174055418,2.673344992114437,5.377088096709113,28.075697231841975,5.0764338526402355,5.227012894024065,0.10163531355370432,13.077108979170832,0,0,0.18920986621656366,1.2411271490360072,0.8895071052086448,medium
501,27,0.8957608624407835,1.303504910730047,1.6884075226435513,2.9063508619477196,4.2486852083931765,30.1358729976513,6.0520678771645695,0.7979380795373148,0.12945051213275957,10.242057024693437,0,0,0.2764326092324807,1.4353066032754347,1.185964451468031,medium
502,27,0.8292137534733142,1.1698468692691593,1.761968671635161,2.364903733033279,5.40994855482085,29.638684733217968,5.145921501937624,2.677550931625655,0.028839983647709413,13.018589158508707,0,0,0.2482919135010836,1.4700427002108447,0.9272153268802801,medium
503,28,1.0124386809941095,1.2417767552386196,1.8412704306457017,2.499538714793833,5.583396280251995,31.656688472376224,6.489313199520528,2.645700186631682,0.0791613572109368,19.84217761532492,1,0,0.18770374181423083,2.0784456377251512,0.6777434976841885,medium
504,30,1.1842921135176412,1.1702802382116653,1.697509130262568,2.6062615296813205,5.274388732681451,28.715774731906325,5.226983124135627,4.3018380431971,0.12299721094727328,14.341701730217308,1,0,0.1308207706999108,1.362438979351026,0.7853029748107478,medium
505,28,0.8846566298613421,1.3201390705801448,1.935645667591145,2.6807977403438836,5.502848196852525,32.051355799630414,5.85956801885127,4.020039595124257,0.10310303702536613,12.219214212013839,0,0,0.1487652877743635,1.5161416290693366,0.6473622946468354,medium
506,27,0.8200188482645813,1.1411869191245836,2.002484606845162,2.813375963575936,5.415081531498226,30.62649797834257,5.441447555231299,3.8330731226133756,0.11607076785385627,13.381358652790139,1,0,0.2311052577237906,1.2361628445943569,0.9444343444356058,medium
507,29,0.8412662240975791,1.354802761987833,2.0633933808839435,2.3505723009285298,5.4635122400757465,29.43956349691087,5.611981973761321,1.4055748128654757,0.14257587840920277,11.691412482949104,1,0,0.27360419795540813,1.4987306175082356,1.2670392818169547,medium
508,30,0.8405795250032865,1.3948847300241916,2.1037514367313217,2.6674459020716474,4.8190162073677705,32.01602580566419,5.73478674265392,-0.03370338833573472,0.07883329307715553,16.66177140059738,1,0,0.24887434769244024,1.3413187730929739,0.842221413892223,medium
509,29,0.8531253020069772,1.2317564670380818,2.0104785146489936,2.3757271143354655,7.119389584093355,30.995065371722198,4.976895658940059,-0.18106622071832001,0.1262612420669309,13.13043864781599,1,0,0.14649081326541102,1.4684162406506374,0.5769908706967708,medium
510,29,0.8572287452330538,1.1773804675851642,1.610081949861811,2.3198541802502306,5.301294186909765,29.397033169991914,5.447736073025657,2.240153148984026,0.09605808581459,11.856556040537013,1,0,0.17387401124135993,1.680460815313981,0.8544951710598973,medium
511,29,0.8319329334428588,1.0603326488193747,1.806744756738818,2.3278908288036835,4.922379023583958,31.629992844072497,5.34950199624311,4.418523712245767,0.09752072237631716,15.457280834272746,2,0,0.2373643736467378,1.44545389157222,0.7943678231134361,medium
512,29,0.8716379617530245,1.1217289179413958,1.7775692412347261,2.8251346284047703,4.616331200976032,30.048858058490513,5.273252525007067,2.9336395581173464,0.11386515839481978,11.025299175802793,1,0,0.3581101798323426,2.02598666331751,1.290014622051441,medium
513,29,1.0252213967441017,1.3359172862663478,2.0846396376670393,3.33655679343976,6.647815755540657,30.773724957856583,6.509243455653152,1.3194218213106501,0.05097617269547466,16.588628825786405,1,0,0.1705288707542008,1.316062914335238,0.944761652717342,medium
514,29,0.8842175054444538,1.5315642623507133,1.8305477578871963,2.9033632148894615,5.591485789531678,28.86412830132992,5.294189903474768,3.0049376149440064,0.059526362662123855,14.956016203257107,0,0,0.30032079466105477,2.231266820830714,1.1793804108248063,medium
515,30,1.044342723917798,1.3917319138606052,1.7326122786482077,2.5146083112832205,6.485076610996122,30.126368568056073,4.808507115492125,3.0527208028186976,0.11611019957742684,9.63667280095388,1,0,0.13799883477161407,2.1405134255496594,0.6015482106790208,medium
516,27,1.0568569223448845,1.0300479861232634,1.732494870007733,2.3985240004338184,6.696831573878145,31.336391478775703,4.928622102609425,5.301798562580611,0.0896931795324342,12.347336963553985,0,0,0.21624824800732895,2.009962675755624,0.5313507263316944,medium
517,28,0.819466188305439,1.1876318578429337,1.6148117286224357,2.6022009823586827,6.545094206418417,27.37866969101898,5.00962341026831,8.119054804546103,0.12407857197247535,14.324897027239182,1,0,0.1896773247416299,1.7970715269437454,0.6697916079456765,medium
518,28,0.9418808569714316,1.3596543747608967,1.7269299701110745,2.4930130276207545,6.075577378709368,31.43813294262209,4.9066661626776975,1.0376651872066507,0.10279580680008132,9.093866831019302,0,0,0.13652800797517078,1.6695884953242774,0.5915063786637555,medium
519,31,0.8500115516011227,1.1912147577155519,1.7110237859263042,2.4466167158504533,5.420766715573319,31.842572142601938,5.000068978824517,-0.35044393950071306,0.11734958607376716,9.705139478625956,0,0,0.26636694943038947,2.0039488522221314,1.0527920652538698,medium
520,29,0.8557966042416904,1.1509190212765898,1.8011415048876416,2.580475307289055,6.743397348791458,31.31912320286283,6.057972513769017,4.702016257075473,0.12731442513250338,12.624183074216932,0,0,0.22913032858392313,1.3068746864458503,0.8325091311754795,medium
521,27,0.8963095447903409,1.3857457618016262,2.2192057889936923,3.3009537377733555,7.0328672595406125,29.57471352839313,6.31952270303479,-0.003538209319120522,0.16622345470413857,20.28338232384366,0,0,0.27557216481425817,1.988476809562302,0.9642602527094262,medium
522,26,1.127694443152122,1.3283580108739113,2.825079657338815,2.9261652443446704,6.336683075991811,30.033789244889086,7.419073469079266,2.827668153955366,0.11979650068137433,16.532981527501192,1,0,0.23885025126492831,2.333720624415282,1.0311756373636096,medium
523,28,1.1909360313538393,1.5130619842941602,2.316907340347587,3.232624504953213,5.221462549221623,26.397954036497236,6.684160435146981,9.78190779772337,0.14058597347332857,16.334109170833216,3,0,0.6805981050691595,1.470963826859307,2.5238298908430643,medium
524,26,1.1711774760316658,1.6380971899188919,2.984145194608088,3.3851300164889246,5.4571211263599935,28.786232143165037,7.108936686416171,3.870369695146902,0.16933808410186457,28.429078298430216,1,0,0.7605798060322324,1.2452362531654741,2.3373385597663,medium
525,25,1.2386474805748997,1.5489146312655644,3.162165608922061,4.358270987323612,5.0079052821142405,28.65213638025607,6.742621839891593,8.15824087309407,0.17501740937985033,25.545730380607356,3,1,0.6688398303795556,7.432507968363643,2.1092372289278054,medium
526,24,1.2725018003725341,1.9839384938601397,3.1401974698575628,4.2771073750140065,7.338014826630269,25.09871645050721,6.734333553940235,6.324466680968989,0.18427320656782756,26.733952787627516,1,1,0.6335382678099194,7.362577209845508,2.1184501746904614,medium
527,23,1.3921003182035858,1.739165760628106,3.047185173419786,4.139730460392196,5.953627559947492,24.113083946158156,7.239360308512259,6.320769793898068,0.2149249003491976,32.042313688246225,2,1,0.82726619792511,8.014201876699126,2.759564114169411,medium
528,24,1.3959320202871186,1.7120942332175755,3.0683776319546614,4.14705445282066,7.7812715714373555,24.916028300589673,6.819469179806487,10.4963168319841,0.225961279966104,28.46276385244307,3,1,0.6795784522971121,7.46347705878051,2.39691336160066,medium
529,23,1.7658665045702373,1.9234867664537894,3.480187918593771,5.048770340315296,6.665719204383867,24.1932886990206,7.997708283896167,12.706313610006173,0.25028711715654023,28.62048607928926,1,1,0.9584356372790571,8.083543401294369,3.374360482677222,medium
530,22,1.5984860380995858,2.0355123310145653,3.1578028971691325,4.865247480094849,6.360501563522995,23.103573007260074,9.593879961335182,5.978233212243353,0.22894883247184336,31.993786163722547,3,1,0.86044509594817,8.353270424381241,2.770388665643966,medium
531,26,1.6824748991221201,1.8030156048297028,3.2306054797602544,4.311401965067884,6.488657357941385,25.918258728469784,7.6325191659228375,10.3441064528255,0.25928244965707514,28.791300163013485,4,1,0.7493135394073814,7.596868952393215,2.570949102956355,medium
532,23,1.4270565259265533,1.9300015531714219,3.350421973023493,4.892070918672661,6.811678485770117,27.334292529236375,7.7521928632883705,8.02735000791456,0.19920742839553923,30.5366182648693,3,0,0.8191651717808668,1.550896256079551,2.692936324606331,medium
533,27,1.576969460695088,1.800392824790354,3.2089971288175105,4.650960985879048,6.660667190195189,27.200806572379676,7.002703159937343,11.454377443271214,0.22225714205668623,30.963231000534325,2,1,0.6351034814088958,7.534506064634253,2.310735538303752,medium
534,25,1.4291424739872474,1.969415958357431,3.6423173058282368,4.55106367206954,7.160276302944645,25.33587083512211,7.181127037587359,6.857971858681157,0.2207910498860809,26.395845740468754,3,1,0.6768672119896146,7.055702351210707,2.3327870752748585,medium
535,25,1.3759860052759476,1.8117340313664583,3.1551279312125105,4.153317855623777,6.567094109169442,25.561411792168816,7.217897355909829,8.746187436928029,0.24640893348532053,32.54593476638519,3,1,0.6339559859669334,6.93110113864561,2.1424587433801245,medium
536,24,1.3537684671470855,1.9543383315144114,3.7634714419720394,4.56162805989648,5.867503796680544,27.289377225941813,7.618947964204868,8.818553508122664,0.22888851230345733,26.528307749452978,1,1,0.7646114015957933,7.673333767769268,2.514222609553717,medium
537,23,1.346626418542634,1.7336604128703885,3.5114143321855575,4.170865526247777,7.0322369028516265,27.424301722152904,6.889310325992861,9.668763691435966,0.26226344713841665,31.123109977651108,3,1,0.7652797857864652,7.238907464943916,2.4660404507497313,medium
538,23,1.3683059713585533,1.8739880386247947,3.100454199547193,5.1322828312567985,7.723930026881481,25.716441139236093,7.961021179270626,7.697095125743979,0.23405194815416455,29.115864180489236,4,0,0.6452784087524844,1.9898927643935966,2.1079088059599345,medium
539,26,1.4337761862577,1.8846911305356557,3.6795044557941825,4.108208697535955,7.35189300631302,26.24068429566819,7.055823825850975,3.0503089759082584,0.20125331232595145,28.0971610071057,3,1,0.680758116125424,7.534674562833853,2.1309768852747872,medium
540,25,1.293669072296839,1.9197908081830146,3.438938159538888,3.936344778314944,6.686663512785357,28.81947922650936,6.8294059654346615,8.97550535977869,0.22128588904727953,28.470121741628112,2,1,0.6335512047593858,6.530690920204133,1.9719805180230503,medium
541,26,1.3232864105981128,1.583920564760742,2.6576030618107653,3.572823653099254,6.482998381127855,25.652472846066672,6.287062494470761,6.318895507459666,0.1643313378096814,27.654914830830975,2,0,0.5373550202710538,1.4971523959797195,1.680927665331995,medium
542,27,1.2146306992580942,1.5299683952756677,2.882056293329579,4.141010625543895,7.7234755788551075,27.40757480455893,6.902707162507013,5.828691967550233,0.22600969130375287,21.22185279421463,1,1,0.499746646616508,6.359278688242028,1.628044032257427,medium
543,24,1.2581819916283965,1.5291193295941692,2.726776245319523,3.45752699118764,6.566530023411396,28.05652354267566,7.923976316261086,9.707055024560947,0.13924090767247513,18.85447883367102,2,1,0.641092974608577,6.066825153793124,2.1601163814457314,medium
544,25,1.045987193929267,1.47588468364073,2.589112712743004,3.2830329022830527,6.920386352143022,26.265975117878874,6.485911455952853,2.043303566242645,0.1539493109826696,18.256287139661286,2,0,0.49021390759999484,1.7172885280453083,1.5736378634100656,medium
545,26,1.1101704014195573,1.4914493075651234,2.3248404259983744,3.256445678791054,7.10831070052686,27.59828197406492,6.7743991193978665,5.264661095432848,0.17874995712974673,17.417131592904102,1,0,0.3697075472727827,2.1428998738221594,1.260415220800751,medium
546,26,1.1491185279443425,1.379919712051204,2.2334777130106103,3.2638404150672136,7.625797202234608,28.51449237165194,5.694786625466692,9.730224466486058,0.13624827546334448,23.26522359738439,1,0,0.29640613621711437,1.3433667519338426,1.2224248408914669,medium
547,28,1.0099825447560151,1.3662691274262078,2.232754037055609,2.782089077768656,7.802805015301892,32.21363369736506,6.864290944459322,3.1721883546709435,0.153013691603317,14.953801139598234,2,0,0.602752590777891,1.2398689617449348,2.048454100627432,medium
548,28,0.946356206224606,1.2983456945929146,2.0942420192747964,2.9846087085907955,7.288241510709497,31.23281666346708,6.199923611360042,2.84714636257329,0.12471847711210278,13.517871646620849,0,0,0.5078347677547054,1.321482758528091,1.6501811121963224,medium
549,27,1.08289516959504,1.361748295756025,1.962257825244405,2.7535083825800615,6.651167460202525,28.586940680751933,6.400484258465564,4.4394188985711835,0.1232362970088013,12.786590892260522,1,1,0.34890379458113524,5.093670217474433,1.2856062604689593,medium
550,27,0.9783847438410853,1.7866714993118884,2.795813254235482,3.124207023550338,7.3111631407994615,29.719080801271097,6.95668441925296,4.843082772600052,0.12761207828155957,16.647830007744606,2,0,0.672197068063455,2.2365108733491237,2.2831752717232168,medium
551,26,1.167187075173581,1.4538932086533072,2.317307282889095,3.493177149719001,7.671161807624501,28.2613583278217,5.748899285188227,8.001106993928936,0.1758018232275264,17.137248240809924,2,0,0.398965649815582,1.5173976682518973,1.5245685735704915,medium
552,27,1.0982362693610477,1.7639494255886543,2.448720613428236,4.1103191792858675,7.722048103464426,28.098107761023314,6.374104250209866,7.603562581354917,0.16143403124634656,21.039902610312513,1,0,0.6008792483410141,1.3066665138490516,2.0204671127388396,medium
553,25,1.2918606004988114,1.7178086851715804,2.7438353059127603,3.5727329049137753,7.695503186620534,28.388263572977323,6.869620300162069,7.942372267794337,0.1857420470986142,23.175553167470405,2,0,0.6388699114201143,1.3907394906730166,2.2930627270425608,medium
554,25,1.260834328305797,1.9558440259745373,2.683393983606193,4.259418263049483,8.407094907828993,26.094409325626263,6.595360937844843,8.596838222055357,0.22386122100746958,29.92392150223662,1,1,0.7559369476270311,6.235745069963328,2.514792774292199,medium
555,22,1.3720651196300973,1.7016953445925544,3.3179962293241765,4.032881633330181,6.838525235829876,24.8653420199605,6.898437360731542,7.376136244472176,0.1728345007836131,31.5572166643475,2,1,0.674472302296526,7.240065966500386,2.30099730772909,medium
556,24,1.3968543300504463,1.7930736071126123,3.1986330603835196,4.314175082844889,7.002447008251957,24.581460292904712,7.899003016501387,5.715698884503863,0.21013425732958324,26.699521113384485,2,1,0.719706042903928,8.235553488850597,2.356241903754552,medium
557,22,1.725831431519352,2.0031453733498696,3.670583587665248,4.586235002656014,7.902934313092935,26.380127234463,8.094159839391512,8.26035822371432,0.20494489102009003,34.29541089526481,2,1,0.7907084945629085,8.036252286324059,2.725477718040473,medium
558,24,1.596342278321193,2.000175251180827,3.553240122485457,4.920921829393387,7.188457210171407,21.872250462314746,7.658250096283254,11.004767344760747,0.248035948423947,33.678902482821584,2,1,0.8054853741952771,9.572861908678409,2.599648979442559,medium
559,23,1.5384281219430478,2.0472498513594033,3.9549105004211063,4.761814532441798,7.422711889149203,25.440833668135504,7.757182998141343,6.773905676722961,0.2707212337491678,32.39327322479425,4,1,0.9289862700485684,8.016157529643293,3.3841545225619716,medium
560,25,1.5565530894164779,2.0299262746369036,3.5371478044723164,5.286581433911146,7.416394239258158,25.086519760157756,7.438164775694974,11.31851567773859,0.24607081893076915,35.043721811769295,2,1,0.8206505278782987,7.947592660195083,2.7766756937507804,medium
561,23,1.5038493793243934,2.1380573856760186,3.7358232635788227,5.494606267090012,8.749850486121662,25.0541915420512,7.384215599265164,10.769193093761894,0.23333474398300363,31.20423584986515,3,1,0.8900362894270999,8.659904995359753,3.125081747801036,medium
562,23,1.6384813665821638,1.9809338842912152,3.868268919557162,4.986293612582877,9.36485653164172,24.895498301863935,7.937677370289814,9.47708651194453,0.2663035358975504,33.60884200674744,3,1,0.9300026102509109,8.76103248079689,3.496168779286692,medium
563,22,1.5150270088896525,2.038288736623122,3.5090043608163044,5.032732449170426,9.128836258045187,27.433758238940282,7.5784398543028955,10.574723159270436,0.24376902475106513,34.91425363968905,2,1,0.8502196502528657,8.154014132227353,2.9346105829656954,medium
564,24,1.6892907226911003,2.0682056730164358,3.830604341076438,5.182581547911593,8.424480425094206,23.00731141230099,8.100204749448231,13.254276729273952,0.26323989217441074,34.270923064230715,4,1,0.9603724035174729,8.062008320058135,3.1202903209026553,medium
565,21,1.6438207787128585,2.332629835470121,3.40479981015408,4.874943371808941,8.294343405238532,27.38667772313825,8.133709568707655,12.443091613941279,0.2936263530784785,37.51861288376239,3,1,0.8304442120277996,8.270546986620289,2.8857643290691524,medium
566,22,1.4847875552528795,2.0703090366136028,4.04741533261555,4.669641098935106,9.039895039311608,23.33659208982705,8.162749372287593,11.781313157000048,0.24802501004920285,30.85574854374434,4,1,0.8173411173956264,7.8671016730513745,2.7404998925340345,medium
567,26,1.5959451484128264,2.060370050004482,3.9888489880090714,4.727546151321736,8.125532237766123,25.910752724852347,8.175921643319729,8.906126510341215,0.26480720258993234,35.086596754788204,5,1,0.8426662645040817,8.324124213712922,2.839808921557762,medium
568,22,1.5725732912354498,1.908839198474745,3.1651984376079874,4.372504662387988,8.444552469256672,24.97320333336308,7.055270424887207,10.281677336251864,0.21106240451060182,30.529729883798126,2,1,0.8411288232635415,7.342061765952972,2.75482725923968,medium
569,25,1.3106545284716766,1.7119475265325514,3.0032413676722225,4.1977167176448384,7.264092580828322,26.28889039204233,8.530537658830465,11.107100992596632,0.21799591426850512,28.36112292584673,3,1,0.8326481460427575,8.565239302565423,2.779460131889585,medium
570,26,1.2765511679666324,1.6320967480024076,2.9102226651010827,4.269296396900964,8.869437929591536,25.71422184081007,6.858403529192812,6.516472808483556,0.19823104881709636,23.685158097042457,1,1,0.6308646229881051,6.976526690795572,2.0669002803441496,medium
571,25,1.3172199002525797,1.813513622499987,2.7771567121399188,4.2387983860453975,8.575834698041412,29.405945315174378,6.918800730392511,7.889454023891914,0.18570450677187997,26.096455299453552,3,1,0.6536295095196685,6.6891691386327885,2.0722265028213958,medium
572,27,1.1224812401810194,1.4458459763144174,2.392495573146572,3.604053946276318,8.423802420579586,26.78341987953165,6.423305250946257,4.6889337561998445,0.1112183189072378,25.799788225443557,1,0,0.5243649839172275,1.9378515039613555,1.8577487402358073,medium
573,28,1.0374592223370738,1.5598233965825439,2.621427866606801,3.067193014030867,9.1772140082203,28.825729081438226,7.004363758088937,3.5714352891300223,0.10882149149613249,16.546601461605817,0,0,0.34320200751398827,1.4382214081021296,1.2512102430445058,medium
574,28,1.0645343694862563,1.272520985657885,2.0234905440492956,3.5816824610185067,8.497764928053844,28.93143550229809,5.84687750764463,6.981594199844858,0.11951699996919898,14.43999069372795,2,0,0.3520957552870446,1.5070323890196642,1.3642785898551515,medium
575,28,0.9491210041334648,1.3206682567247072,1.9021571369897827,3.522641439974101,8.025735502961995,28.30025151966638,6.36740438700767,4.113267556120036,0.12185113148058559,16.344149131127914,0,0,0.35206017426693464,2.0244953435970734,1.3644505927441084,medium
576,27,1.1644966404575792,1.190013838259183,2.0215897543334926,2.9688784719740893,8.612862870719654,28.93684447442565,5.886625729605062,3.125787547775914,0.08392487879169161,17.48978273946925,0,0,0.25287254027672024,1.388311819712714,0.9212197669521888,medium
577,27,0.9658534552707967,1.492914440489312,2.1768696847639633,3.0812389203336243,9.569750663401335,30.144937500221733,6.344956334885314,2.0070029205909687,0.2053801819212009,14.890456106742509,1,0,0.40960842578980045,1.3969284432658324,1.3614776792500658,medium
578,25,1.0917445222936042,1.3601822195507531,2.4713606375775345,3.342851506121991,9.293720361087477,28.87375846624758,7.798867545578558,6.449791606239639,0.17582720885731387,22.284574840206307,2,0,0.35321875672080033,1.6708307354211498,1.266509158521659,medium
579,25,1.3343681596322738,1.5284873621436392,2.9108343219271715,3.5416225802220156,8.814282194594108,29.454921417670732,6.214581827673053,4.066459023646848,0.1502524833357588,25.071010572708847,2,0,0.43409244293828525,1.2821187703550405,1.5372984531202798,medium
580,26,1.2204810009573663,1.5832581784437194,2.9302726524970617,3.9642767066326168,9.150753645391774,29.937300906535835,6.656276898152565,4.3364400501360745,0.16263212830121782,26.366351911787433,1,1,0.5670851933512709,6.3544756405040825,1.7913543648715398,medium
581,25,1.2778653661920607,2.140915405527182,2.8220935291614677,4.123009881879748,8.312165461659976,28.703178831023727,7.0220623277078715,3.1177964591692593,0.1578161255089579,27.344427437331266,2,1,0.7756621336975144,8.243365331191603,2.6263501924310457,medium
582,25,1.5215468651265691,1.8625967592857897,3.1330626235593937,4.180759161635823,8.607984812635557,26.476839948606525,7.912393321214195,9.387139195731931,0.27335764549054387,30.414780385013312,3,1,0.7057856768991418,8.682592033410227,2.396808341411495,medium
583,27,1.500971111672085,1.9161008925185936,3.221486932388762,4.613719652131214,7.020356294631981,25.650412381784502,7.6039137012738625,10.35831000214101,0.2308466079395259,29.590923356452034,2,1,0.7346014597288348,7.915701857198542,2.342868142287398,medium
584,23,1.5199614352024282,2.1935350126648223,3.513440995065738,4.628357915076781,7.367978410534528,26.050504357800662,7.610085064207531,11.679492570047406,0.24920581435525094,31.088828858640184,4,1,0.7202591551144527,9.146769441275879,2.576843698366481,medium
585,25,1.6805627347058385,2.038349615652038,3.615372269444015,4.94264638155311,8.717000549989628,26.27383456367095,7.666364191911234,7.7369039682487095,0.24001318616942344,34.254723803154576,3,1,0.9081839681479484,8.433635088322646,2.9908971719818593,medium
586,25,1.4890679604825718,2.225164066964928,3.9227437979565694,4.700148868060138,6.987308159003522,25.351464058154225,8.527344896477853,11.020378802802465,0.2770348249898493,31.839157066081206,4,1,0.7917591389872256,8.123868031678132,2.7818188943386315,medium
587,21,1.5628846187740395,1.9867310231334063,3.4386657038903556,5.072776612979282,9.467120982362882,24.259980013047024,7.358455012193463,5.712623612878258,0.324268918026571,34.51116443082828,3,1,0.9184022807388713,8.121577850286236,3.494256869409238,medium
588,23,1.7926940965617697,2.1757032389975803,3.9045842214410547,4.660692364410627,8.641218194414964,26.36469052713045,8.000762515596955,9.980049083239292,0.28015852709661393,32.80921307638397,2,1,0.9404697572802594,8.417985532567407,3.1223461913999606,medium
589,23,1.6273879310053816,2.1196615783833175,3.436187776241041,4.951487447006921,6.700033871958301,23.194874552743666,8.558738881968754,9.131848134877213,0.25741905773422835,38.1707084748132,2,1,0.8646027710610187,7.88559876959624,2.916780712842388,medium
590,23,1.637197339341348,2.227952088211798,3.408581547307306,4.806596085003367,8.369078301920755,23.967822913821735,7.428265713528755,12.980013285011362,0.24679168445995084,32.72878055611771,3,1,0.9284003895845655,8.006165409316898,3.630518819065706,medium
591,23,1.6344487331822382,1.9516317165599677,3.84479423734157,5.082110689103234,9.955803676557354,24.810550867601567,9.413008503683878,7.215133905514117,0.25211222567469743,33.52356335816687,4,1,0.849552979727233,8.198409517575964,2.8336150243586418,medium
592,24,1.6682462544929726,2.0403280281140885,3.481834364270344,4.87299140627942,9.522237041601358,23.843537960068677,8.836998776220383,11.579295308825426,0.2540950717818003,33.94668625298944,3,1,0.8253326077506411,9.035118889823652,2.7399286268399585,medium
593,21,1.6358813623317894,2.0803519897956697,3.825645923743887,5.135595290474604,9.130783403651728,25.487821931114663,8.444485819108722,13.014769839753491,0.25787875844967056,34.30106673255905,4,1,0.87803818333822,8.442954029555866,2.668623102939663,medium
594,23,1.730373322049394,2.19884919819032,3.823107895833001,4.783275741042622,8.990145520498634,24.36357959612669,7.765630044654947,9.2373701415914,0.2371587842880719,32.47361243083366,3,1,0.9865298573942745,8.22546675433335,3.1376147524536733,medium
595,25,1.6407354928263473,2.034105634424643,3.5836139599852412,5.346708848995725,7.759072465054718,25.63275338892255,8.201427188034248,10.44589137089164,0.28858468703735546,36.629034079161585,2,1,0.7913548641197166,8.406162847716622,2.7377336859118246,medium
596,23,1.7109513751379308,2.0732166499086446,3.5812565364205353,4.776107082359235,8.244858166716334,24.419006409368635,8.29575924638182,12.172439116429599,0.27529444540270603,35.09196486347327,5,1,0.7768296100083818,8.309425317342107,2.7472072543171286,medium
597,24,1.8330577539357982,2.1106748281336225,3.6221202051552304,4.78358396071061,9.59398055804215,26.53204416465929,8.414676550149611,11.373374006107678,0.2535374180791971,36.01596059068011,3,1,0.9020552053237708,9.490581429194076,2.9883183492806675,medium
598,22,1.648944023808412,2.1663504403748712,3.5316529738332725,5.019080827878811,8.297731408448774,23.478610896714724,7.473158757383568,9.38473006982969,0.2586941095710015,35.046322718014835,3,1,0.8496937668539213,8.555051522577964,2.743756977750687,medium
599,24,1.6290237943845098,2.2732057197775406,3.7799029968837554,5.36405224248379,8.824301793659497,22.975492861554788,8.626523293924821,8.850786363683955,0.28011102198586274,32.953678710799615,3,1,0.8629040978630153,7.854322303594586,2.7410780832203043,medium
600,22,1.5682882743627178,2.2597023109762246,3.9165093808525007,5.019738198274497,8.232618455063589,26.07808986811254,7.711746094810741,11.737502158328263,0.2813644174571047,31.89430685493346,3,1,0.9699195441457963,8.74717134469696,3.249766344005347,medium
601,24,1.7378684003037657,2.039625718162921,4.094792380237119,4.735878059931156,9.294695422790388,23.33928413003166,7.55282518637369,11.577496378331197,0.3045227790481657,37.9019796463089,4,1,0.8858074909903897,8.630438515867112,3.0528785006476955,medium
602,22,1.5624727415079978,2.0248784528918957,3.6058910687651324,5.046357568925492,7.560147111916876,22.56023027791912,7.772811150490966,8.872963298755288,0.25409488473275527,39.20543657323625,2,1,0.8527395970829429,9.106557084056695,3.084864496650392,medium
603,22,1.6062910284123324,1.9758216272551121,4.013858606771189,5.074106356548996,8.625325423276085,25.458449769879575,8.51405153578101,9.472042779237697,0.2699626867666731,36.07388787680092,4,1,0.9825531239305035,8.76506099161084,3.287511472372932,medium
604,23,1.6010232327242089,2.117683990705894,3.638690061558454,5.295204348072665,9.269352233850567,23.400711782642944,9.351459087957235,11.764099203128076,0.24445302025450916,31.812998407094245,2,1,0.8929249741449287,8.69501527588823,2.8100530312547605,medium
605,21,1.4798790929614216,1.84304465710009,3.5325204437741946,4.900639814851995,8.96442345660547,24.405224066179688,7.777014818475159,8.000283318943165,0.26067732116624415,29.28743116023021,3,1,0.7930158887814888,8.03176055141475,2.6752238562524853,medium
606,26,1.4714020877027831,1.8671721112329198,3.041714650262469,4.7015773249364345,9.106205347992145,26.518027362753188,6.957715414359482,7.6604600126426305,0.23146508990739503,27.386854608017728,2,1,0.7532638003046578,7.552032888094154,2.3861613875336354,medium
607,25,1.2644280892105786,1.7048270557129326,2.842462701224969,4.454313852586518,7.712468126034838,27.00250561625674,6.5905723472889415,10.780407662362794,0.2271831570905232,25.38518284814805,3,1,0.5260912303151933,6.875374958466356,2.0784932299882253,medium
608,26,1.2381164343081026,1.7120801151336376,3.0254352162606732,3.705540703827993,8.993191010922331,25.070049982921617,6.451301747644546,8.440769502612309,0.2018393452166177,24.977776505732596,2,1,0.8051206146009111,6.754870494774574,2.41637057939141,medium
609,26,1.1893640775118477,1.53903905249173,2.6567304566087495,3.5795369679664564,9.661612844631318,28.38062585584923,8.342511682259277,8.537966777891347,0.14627452854713707,26.732902533614478,1,0,0.5871467809164006,1.2856099073882061,2.0670613843578787,medium
610,26,1.1549234117902252,1.660204411599691,2.7554274544409334,3.45387686436286,9.509968355607917,28.704820098394723,6.832780519742949,4.661811271282893,0.12502826041646137,20.620892981209096,1,0,0.3577553010175705,2.3944361347005243,1.4445959671659445,medium
611,27,1.0932873447955722,1.3636114695437,2.0338425600270624,3.198973577032298,8.960893365399524,29.61372673793299,5.642828779643575,3.637292172220425,0.11142499273014714,19.2148134101257,1,0,0.2882281116260283,1.7662720428668441,1.1620767208355156,medium
612,27,1.1941970663910053,1.3756572712704531,2.466311357320059,2.700606426715663,8.480326151191939,29.235699869156523,6.005219631065804,3.335113789064357,0.12620210782308788,13.676326611671993,0,0,0.3615770929274779,2.185194252478203,1.2441725632295493,medium
613,28,0.8297800011017622,1.3513251218224767,2.6375099742279438,2.5381788669771295,7.984997080183254,31.529562062562384,5.732062496357497,3.646751470115868,0.059067177908445276,12.239417539839923,1,0,0.36576600409633403,1.240807753663517,1.3076445263942853,medium
614,26,0.953035237662063,1.1000929226499407,1.870565507197108,2.621168831937063,8.872248652953887,29.0882741584538,5.240711320843288,3.480621155791443,0.09947851121301746,10.27391580101348,0,0,0.21348315443984994,2.0296147318929503,0.5615299432824891,medium
615,29,0.843503062698405,1.257032186237617,2.0054596317175135,2.3440916481661636,8.874946862865222,28.904928753813447,4.954430461612752,2.5642225651770607,0.0670351535699589,11.744955954006365,1,0,0.2624796173379735,2.008874913574944,0.9924900770873197,medium
616,31,0.8574924534744672,1.099796926897547,2.5814602530955195,2.4478417668893484,9.917320521647428,30.11059949826801,6.226748254558635,2.0777848674721047,0.09976900000867886,9.739644731109049,1,0,0.10089486569571253,1.899741764701028,0.5757230007011189,medium
617,28,0.8810584923671012,1.2742706743503545,1.9632283957258136,3.169279018733254,9.869474535320165,27.637497713016508,5.336052334286228,0.41698248730620024,0.06049310858730982,15.228570371367203,0,0,0.3289323352336287,1.2443999825534133,1.0872360275040043,medium
618,29,0.9588382350584983,1.2398646696857836,1.8421861232896581,2.7138015428062077,8.66690383324543,30.2761350706586,6.106126733263638,3.2145297711208873,0.08470047338256396,11.611952071330506,1,0,0.18682805743180053,1.757865589275001,0.7724674117051226,medium
619,29,0.9500839772163451,1.5911548270698237,2.1789095217764087,2.619033023433485,8.072915672522695,31.026891019717688,5.192577762821847,-1.0099213239428306,0.07741831849222412,17.896300809066975,0,0,0.24402627754344128,1.8441421756040615,0.9409130162980615,medium
620,29,0.956157975977426,1.3379958074295741,2.2301605394860258,3.170942883773055,9.32620635454544,30.280414672072553,6.74777933996081,0.698171048691901,0.13368952695682698,19.082867668410948,0,0,0.2878338319010905,1.4573425545902936,1.1258818124384857,medium
621,28,1.3760959225467024,1.346529977142372,2.199767815215032,3.705075019010006,8.519978812050482,26.558710360969343,6.794223392032934,5.312311512897106,0.16769333656624494,16.693977067306466,1,0,0.362803889911434,2.1981212777655794,1.3921474365340591,medium
622,24,1.2253574570103656,1.406605990356982,2.4610522576060965,3.650127014680974,7.97907008446613,27.799934785375715,7.014294288694612,5.0255134233361405,0.1863537564348795,21.881985301745626,1,0,0.38831671602147033,1.937062719083939,1.5308001595407976,medium
623,26,1.2902694914923305,1.7012291754432496,2.6241324490056015,3.782790030979014,10.465001271564073,27.884512194194865,6.255719962781462,5.903500507921938,0.21189529591055567,22.059974555724185,1,1,0.7423035419400216,6.769386534546255,2.308780372561715,medium
624,26,1.631905895675687,1.696249443666476,2.8535370845407835,4.2803449895163,8.788077659916908,25.89029218174025,6.783262580981313,8.260849690724664,0.23011601331710496,24.650473784526632,2,1,0.6538513335820654,6.838428352915088,2.105826607896833,medium
625,27,1.3897726184097923,1.8240463525121748,3.5094762405783406,4.552785947555891,8.513172399948063,25.708608613057432,7.105112389049721,7.716511154221682,0.23224285045548854,35.98310920035671,3,1,0.6534956871135179,8.686364563673994,2.291427153205163,medium
626,25,1.53060245989504,1.865858261249234,3.3708041490989653,4.940690819003303,8.228006568987018,24.115069791160387,7.919473462094016,12.197353208466485,0.24414295874657724,37.16079103489141,3,1,0.7545631190580526,7.886865914607559,2.7399407349568277,medium
627,24,1.5683923297866658,2.2075493703063183,3.7363156842674137,4.717698933090631,9.829670558173808,26.864003635086227,7.891732367743736,7.34567431909159,0.260320190362152,31.692237679910477,4,1,0.8318617384672985,8.840468860031505,2.9841419580843564,medium
628,23,1.578104287214676,2.295991113373393,3.6858545188968903,5.064067742348292,7.560966198647964,24.566090833855288,7.937922490784793,12.101797590447273,0.2624938244151455,38.48717445419737,3,1,0.7941664627665422,7.836583087798013,2.8174343478141655,medium
629,25,1.709652684233532,1.9581051492923458,4.099735322260765,4.736576380796919,8.653566458907623,23.321809221290746,7.741903425177296,8.362937035008088,0.2461253955298417,32.823301654803885,3,1,0.8051861346291858,8.005706457533913,2.7405846739567608,medium
630,25,1.6045877561491926,2.1689904286661497,3.758700799838826,4.840233950225967,8.580411754217536,25.030820987153103,8.107400543804225,10.577531888182351,0.2245996697487789,39.0310646841545,4,1,0.8683961985614211,7.8059796881117895,3.243580796095226,medium
631,25,1.5832774900478837,1.904138391231878,3.969985920726643,5.281377787050298,8.211057532750226,25.46807740886596,7.644811309852383,8.674408728422149,0.2413656054556978,33.399038282470585,3,1,0.7595798189683375,8.64804596990955,2.5655280211500586,medium
632,24,1.5160672325656754,1.8289202377403666,3.235986037258146,4.739692419010898,10.432252293102945,23.094202336245775,7.229423548221523,8.572413292152314,0.20587186703628318,31.195870732795488,3,1,0.8210776660788063,7.6394708866331955,2.9666073316748953,medium
633,26,1.415330970074299,1.8075150578060715,3.3279075837179923,4.739899715578567,8.960430505462927,26.192274987025492,7.249509189301003,9.518013327669404,0.21858981620238194,36.158577514392434,3,1,0.705261925773701,7.2335714608119055,2.293721605988581,medium
634,23,1.4754180948370403,1.8152934196880475,2.901445444600869,4.158290922609232,8.803308852776125,26.626738693828496,6.833123847090299,7.630012263551881,0.18335593663331687,25.60957321082086,2,1,0.6189093671940741,7.314245560427251,2.0624530037148245,medium
635,25,1.2498144498498776,1.692524648450581,2.6564678514158024,3.723309744427454,10.012645191814915,23.41434055308187,6.579620641038123,6.021646361019649,0.17705639576308305,21.91164909734798,2,1,0.43227274287815776,6.343868260378354,1.735666998435699,medium
636,27,1.1290406848954644,1.5496051094409709,2.3578256577728904,3.6060845590456703,7.498809703631642,28.03872766221715,7.9549721067009305,6.296361326394058,0.13225165036974862,22.803203228851654,2,0,0.417813705569173,1.37964522527658,1.47639829925537,medium
637,27,1.1486858313371844,1.4684029557600664,2.131944167366909,3.234277450893739,7.848344972522273,29.043804363312002,7.223572728441873,8.324696347038739,0.13514744942020168,22.223889271555272,2,0,0.7013309836696796,1.3518115765901224,2.2487492655158885,medium
638,26,0.9774562540915285,1.2739144104231743,2.0672848455637576,2.7934921354773774,8.278636923319382,29.23480626479612,5.546281012684158,2.8962493990015767,0.11952655030218984,13.196443473394972,1,0,0.18269279500998276,2.6083009122051646,0.9250115872053832,medium
639,29,0.852737980421575,1.1881505170514153,2.2599671169236313,2.9947854895149524,7.833049028807864,31.632560978530652,5.405774785100134,2.0565927545505422,0.13662510894208346,14.879334612706142,1,0,0.18747537220727753,1.2496326689797872,0.6839036083989213,medium
640,28,0.801135782169393,1.0918093913516658,2.0272938844863373,2.8063388623648593,9.550724883427606,32.609090738425024,4.936201128519326,0.477895532387711,0.0984920592850705,11.470261778801262,1,0,0.18187789929260498,1.4351526708906626,0.5487602014584043,medium
641,31,0.8093930935129162,1.16480259423959,2.1114824606740346,2.9606513717156195,8.764588004092255,30.53945009673244,6.18166777725103,-0.09374765384764183,0.1337475556451272,9.299755738109436,0,0,0.1384237542617519,2.257988289368898,0.6353943419560065,medium
642,30,0.7685535952850437,1.117119731124236,1.5503882736335135,2.2571681148259124,8.00604295064448,27.854704513065773,6.344971294087267,2.67711922253282,0.08370156578779273,13.715308455852382,1,0,0.15775220879830346,1.7413525986356542,0.5885569826741168,medium
643,29,0.8229544911620486,1.1762070309759924,2.532607346477049,2.8927882631473745,7.840354543746802,28.999218430201633,5.209176257571464,5.46265006851938,0.11554332982226605,9.26057839586515,1,0,0.15378949908019976,1.6295952895995662,0.751653510488853,medium
644,28,1.062388263162684,1.1488670940905954,1.6574598228296111,2.792942728156362,9.038551879396987,26.983831758365284,6.496476863395719,5.006619083972889,0.06401185598474615,10.577830282276963,0,0,0.226864654795124,2.1147322916167575,0.9306108424308237,medium
645,27,1.1959861687851563,1.1713281339531925,2.077229913754508,2.577126757413326,8.305176427342976,29.078452393610508,6.231496072562656,6.835125682274949,0.10718804371250375,15.643745021777702,0,0,0.15028097716693298,2.680064288965184,0.7141538799693319,medium
646,28,0.9822675045884635,1.3421991788079441,1.7198003212385213,2.916417237384897,8.157599853215423,32.526275346883814,5.030164770342282,3.972540667813251,0.16039484366876983,18.76182464008386,0,0,0.1500005539593141,1.4221408267132918,0.7536902120928809,medium
647,29,0.8178360998698442,1.40304256844926,2.1075948178449995,2.4645973032107173,9.119437688883616,30.62082048545071,5.734016422814343,4.177841898674554,0.0777406519179306,11.961548935772118,1,0,0.33843525342075315,2.1649866242643174,1.1513127468813704,medium
648,28,0.8379735183908383,1.1012700853518973,1.8029143976844728,3.057568415692426,8.016000704650608,29.71552851223139,5.131274010198284,6.13343406657457,0.15652394357082272,16.268753202092206,1,0,0.3126855525336853,1.3805047753003699,1.1605537021756085,medium
649,30,0.9390986054055825,1.2566082071512166,1.7254672375243343,2.433781360180359,9.016448400553829,30.73008232579839,4.9374170503237576,0.5315909585087062,0.11774675109774481,12.259249588515473,0,0,0.3659496067193073,1.8334613819158845,1.3546536974886156,medium
650,29,0.9069172414975558,1.1139175072744512,1.844334955689443,3.003852013261447,8.926398717483567,32.09413666662261,5.455313754199358,2.2129115251825877,0.12241436257279674,13.922535662887515,0,0,0.1514109188039203,1.6963146292873006,0.6578589828349368,medium
651,26,0.9947919010014324,1.1116236558444463,2.3392693131859095,2.73818527127335,7.35135612987272,30.31023120169261,6.026916122707838,6.457025063157067,0.11206030795963139,12.154803828667546,0,0,0.17531375416907544,1.4273628723142293,0.8687918562650268,medium
652,25,0.939925650225703,1.117705927562404,1.7262835847978644,2.7957796996684796,7.792248062162046,31.172758239494495,4.994232132354408,0.8586033118822276,0.11134905547192056,11.278817445131564,0,0,0.21926857616320491,2.7234720882531582,1.0464542513246025,medium
653,29,0.8880665079089427,1.2935509327934684,1.769838361387907,2.693543209686393,8.91713124010348,30.795187831526928,6.19937332532008,3.5699055764269576,0.1000757575292388,10.361794175377035,1,0,0.1947507215290496,2.95,0.9926087265358129,medium
654,29,0.9456626604797911,1.2488024966702398,1.924459868675051,2.603673911813666,7.237642410285899,31.954540492203737,4.993814612638533,4.051105211258307,0.11913183098312234,17.80085383019399,1,0,0.24222802354251205,1.5305637527377405,0.9347431936860802,medium
655,27,0.9250341427224631,1.1771977216528455,1.946153704417744,2.2506788967198745,7.989687995583889,30.530201794653987,5.834470563646283,3.504466946398389,0.08513640180921682,9.258620776875413,0,0,0.17250991922337994,1.2937766685475873,0.651500884077982,medium
656,28,1.0526378259058728,1.1715195407896677,2.188712385087042,2.525108454576063,7.628847069024197,30.751107860243312,5.547472941791342,4.090383954100465,0.11253462556351583,11.363255866111132,0,0,0.3231032845847561,2.4560451065482303,1.2561555349939209,medium
657,28,0.8089274378624423,1.401662883772589,1.9573318920712972,2.3077021088818728,8.027591775821715,31.37580370338353,5.0698468398260195,3.599987019440184,0.10520901375521408,11.50484883035361,2,0,0.15796326533366767,1.650312204989563,0.5200208694075446,medium
