Time,ESS,Particles,Runtime_ms,rGNSS,rLiDAR,rOdom,Difficulty,lambdaMotion,lambdaGNSS,lambdaLiDAR,lambdaBroad,sigmaGNSS,sigmaLiDAR,sigmaLiDARYaw
0,550.771542129995,1259,5.8949,0.468334600920985,0.72295950266341,0.535070756541253,0.355573209524422,0.504891080661271,0.370998724796065,0,0.124110194542664,2.96134477262278,0.371878592911262,0.056339629586417
0.200000047683716,437.084073655161,3500,4.8845,0.467633663297973,0.674601520361179,0.525583335100558,0.39911529774352,0.324397221610111,0.240809360626205,0.347388080768105,0.0874053369955791,2.96731133162829,0.44471042637814,0.0644750234696888
0.400000095367432,1006.21093873461,3500,3.5144,0.476896214571714,0.640222183226722,0.546912850706793,0.400449475647851,0.334355615505211,0.24660515680268,0.331061742700074,0.0879774849920342,2.88910056263522,0.503600193605366,0.0710530736063169
0.599999904632568,1002.47877657932,3500,2.0075,0.482553644646211,0.634187601258603,0.54490517365269,0.405747622420908,0.333606852027579,0.249576286037467,0.328001224173067,0.088815637761887,2.84200584535136,0.514546777682337,0.0722758187838499
0.799999952316284,1067.91314297936,3500,8.2342,0.481294192463058,0.607009872736491,0.546119788669867,0.423740449300936,0.337958333402641,0.251801969411123,0.317573500367502,0.0926661968187335,2.85244571818041,0.566103100316473,0.0780347152970413
1,1019.38565115337,3500,3.5707,0.482632488942093,0.699223786064226,0.544122453222464,0.360906296079613,0.324717223848689,0.24319570007554,0.352334793155132,0.0797522829206399,2.84135313198603,0.406165827173847,0.0601695504138391
1.20000004768372,1140.41200685238,3500,1.7073,0.476139242926987,0.733338305981028,0.543309236521022,0.338764191029252,0.321105817905809,0.237489196596067,0.365775196452903,0.0756297890452214,2.89544074240888,0.35777114764267,0.0547638128249333
1.40000009536743,1204.59754153057,3500,1.516,0.475588844677262,0.752544160929553,0.545789468772343,0.322944738216883,0.319545450693382,0.235354710379183,0.372411621982664,0.0726882169447711,2.90005647861543,0.333085980725148,0.0520064532145964
1.59999990463257,1246.74941176163,3500,1.4184,0.47411236553183,0.752487274065922,0.546375009399803,0.322602987882571,0.319958175635628,0.234761036411522,0.37260089630448,0.0726798916483703,2.91246243269222,0.333156373748296,0.0520143161907523
1.79999995231628,1212.90803319928,3500,1.3765,0.473641895211581,0.741270942720552,0.53575344188739,0.340965517367008,0.318134162607828,0.236219747347156,0.369694565821751,0.0759515242232656,2.91642283581165,0.347351812701779,0.0535999619411788
2,1219.73251013858,3500,1.8048,0.465228855545995,0.735677889390366,0.541888476701271,0.340024917714359,0.322047065393321,0.233128799416918,0.368652333290603,0.0761718018991576,2.98784141552517,0.354665445392829,0.0544169025539168
2.20000004768372,1240.810734123,3500,1.4267,0.466231808557529,0.766397277856059,0.548559072974656,0.311827530037806,0.320088427394161,0.230345604226855,0.378644787432575,0.07092118094641,2.97926785756613,0.316425579482649,0.0501454685337326
2.40000009536743,1237.06652491855,3500,1.6755,0.472196420435402,0.763518974821735,0.545989114118017,0.315409124715386,0.318758481711362,0.233044207628487,0.376821311632513,0.0713759990276388,2.92861294880962,0.319808188173408,0.0505233095510787
2.59999990463257,1264.6338311324,3500,1.5462,0.474283429147245,0.750242153679134,0.5429019638516,0.327372141553329,0.319146557970174,0.235236212206479,0.37210687032947,0.0735103594938764,2.91102330295344,0.335947454497093,0.0523260829027878
2.79999995231628,1174.30901307281,3500,1.348,0.475267810058209,0.745947406295321,0.543672436402067,0.329440109637239,0.319775951115558,0.235968937743179,0.37036048592104,0.0738946252202234,2.90275096928887,0.341356800920186,0.0529303126977571
3,1252.46354039338,3500,1.308,0.47368802132344,0.769369354901286,0.544731097749747,0.312210791935535,0.317428039863201,0.233158833862578,0.378699172288973,0.0707139539852488,2.91603439118749,0.312976236146622,0.0497601731849621
3.20000004768372,1257.32467975516,3500,1.3359,0.474974341936903,0.77361459258077,0.543855382350165,0.309867138554838,0.316446131769473,0.233315917002981,0.380013365224785,0.0702245860027606,2.9052155329967,0.308125881730927,0.0492183833965299
3.40000009536743,1300.8565068421,3500,1.3693,0.482381971843728,0.78223482387291,0.544781319936928,0.30178457236389,0.314587200090925,0.235298913250638,0.381562775367831,0.0685511112906062,2.8434273845791,0.3,0.0481492140325745
3.59999990463257,1286.33866288081,3500,1.6369,0.484605100233523,0.771621644796216,0.545939133183582,0.307719559515859,0.315907052608898,0.237043139254628,0.37743642588816,0.0696133822483136,2.82505522164237,0.310391682813965,0.0494714758067332
3.79999995231628,1236.65083616927,3500,1.5481,0.483066885466021,0.750455839321095,0.539938391279629,0.328617331405278,0.316890556123216,0.238756717696204,0.370914211599085,0.0734385145814939,2.8377587592144,0.335680720322348,0.0522962884094956
4,1269.4633600189,3500,1.8478,0.480886754878237,0.759113934550766,0.542103860101249,0.320718091511475,0.316817600689339,0.237000106255648,0.374121518889055,0.0720607741659577,2.85582849008678,0.325065241319032,0.0511105280236768
4.20000004768372,1292.38882012369,3500,1.4946,0.484973678940654,0.779188822340531,0.54827412910687,0.300005952155892,0.315648749903583,0.236362900364752,0.379755310396424,0.0682330393352413,2.8220168910714,0.301893940448404,0.0485222688738357
4.40000009536743,1226.40039382207,3500,1.3568,0.478728642789595,0.757666283088034,0.540209361872281,0.323858496789514,0.316735791922764,0.236419039342719,0.374171751550635,0.0726734171838824,2.87379062278382,0.326814075880922,0.0513058747192138
4.59999990463257,1253.29929727469,3500,1.3088,0.477269251996271,0.774839817394195,0.541943648580588,0.310318310870155,0.315378353405009,0.234194232098752,0.380210992589962,0.0702164219062761,2.8859794792683,0.306742769577699,0.0490638882861416
4.79999995231628,1187.7231344094,3500,1.6172,0.48074280986594,0.751150865010512,0.544946487170848,0.323409904658144,0.318708625287727,0.2375240959645,0.371126570139088,0.0726407086086851,2.85702423604736,0.334814729962541,0.052199556357853
5,1274.82608022315,3500,1.3241,0.484277939787827,0.768352629357115,0.546580514092998,0.309217673425946,0.316561553845986,0.237190154788906,0.376324552734166,0.0699237386309418,2.82775394711591,0.314151260814405,0.0498914247001299
5.20000004768372,1263.36833837159,3500,1.425,0.484104319690371,0.80496033743187,0.541140367551605,0.288905742747919,0.3105142928377,0.234112711085157,0.389278589855859,0.0660944062212839,2.82918682369708,0.3,0.0455294882409167
5.40000009536743,1242.06938241718,3500,1.8285,0.485631267405555,0.777297770442959,0.542420598003872,0.306751870969325,0.314001303415311,0.237119702419614,0.37953202025796,0.0693469739071157,2.81660154456653,0.303990707624192,0.0487564800153732
5.59999990463257,1280.76372657558,3500,1.2945,0.484854554935288,0.765614567008312,0.540018235406325,0.317379255123248,0.314799513760734,0.23803585840212,0.375872968105486,0.0712916597316606,2.82299863656736,0.317341327996753,0.0502477586245573
5.79999995231628,1235.76626651002,3500,1.2888,0.483395013129348,0.748021622360654,0.545385241572871,0.324621967074771,0.318841667936154,0.238807492435996,0.369538706589954,0.0728121330378963,2.83504569967701,0.338732756994392,0.0526372041779358
6,1262.30882531987,3500,1.5254,0.475805599970821,0.751422416048782,0.547307179652517,0.321480573583575,0.320156702127212,0.23548067074079,0.371886027721582,0.072476599410416,2.89823815217561,0.334477038107562,0.0521618358156031
6.20000004768372,1268.98722619462,3500,1.3147,0.474556565577504,0.774590172992787,0.539049960232662,0.313500218838264,0.314929880179613,0.233351470701466,0.380885587029665,0.0708330620892559,2.90872642222166,0.307023975278555,0.0490952992644156
6.40000009536743,1300.68311883337,3500,1.2861,0.476393803251028,0.766377089541002,0.541131875405521,0.316888674294191,0.31630938638481,0.234685957701645,0.377540471752854,0.0714641841606907,2.89330759419139,0.316449160728332,0.0501481025841576
6.59999990463257,1262.92472263227,3500,1.2961,0.478380364913816,0.754368302463785,0.547299328796493,0.318945786860203,0.319402167760867,0.236199206094262,0.372467616175515,0.0719310099693562,2.87669634965955,0.330837327086307,0.0517552761922941
6.79999995231628,1311.81682945273,3500,1.3743,0.480219218718151,0.800385773892963,0.546885310959789,0.286829166437432,0.313378699165576,0.232751825474454,0.387929601098927,0.065939874261043,2.86137648471976,0.3,0.0460336424540093
7,1291.51029908045,3500,1.5123,0.47732069620989,0.746804540561996,0.540703534033006,0.330779088532217,0.318468710240871,0.236871057314472,0.370602788722119,0.0740574437225383,2.88554923688411,0.340269851700054,0.0528088993045201
7.20000004768372,1236.80215652681,3500,1.7128,0.477063195853716,0.771942199819632,0.54806966838879,0.306004644237232,0.317663730702951,0.234049419276122,0.378718427983527,0.0695684220374002,2.88770320904583,0.310025900557772,0.0494306175365512
7.40000009536743,1244.10275996286,3500,1.4992,0.48303215861987,0.778565190080139,0.538193515992733,0.310105579674896,0.312944968941494,0.236268558745817,0.380824489772035,0.0699619825406543,2.83804599216985,0.302583437610613,0.0485992864460833
7.59999990463257,1235.55892649292,3500,1.3736,0.471576501971744,0.744421069694505,0.546396785348438,0.327653452667108,0.321410059382999,0.234558799306889,0.370269747445464,0.0737613938646475,2.93385114614735,0.343301474040253,0.0531475347702064
7.79999995231628,1263.43457647045,3500,1.3531,0.471467538409931,0.770694349195077,0.543909108000191,0.311671346552118,0.317377787125055,0.232260042050542,0.379668773285778,0.0706933975386251,2.93477250363566,0.311452703727673,0.0495899929803443
8,1269.81933530228,3500,1.5747,0.479568929500661,0.772427743460458,0.544943232124332,0.308204836568104,0.316279157722809,0.235138844817873,0.378731306658427,0.0698506908008916,2.8667879931287,0.309472829866248,0.0493688389473457
8.20000004768372,1266.02899237037,3500,1.5458,0.484530187220371,0.751025882138113,0.541520631782462,0.325757693873869,0.317122858494632,0.239195088005147,0.370754406454485,0.0729276470457358,2.82567302309652,0.334970278412762,0.0522169312865105
8.40000009536743,1262.69446605351,3500,1.3235,0.486979186969587,0.770008510579545,0.544786492192308,0.308879095538657,0.315434916410792,0.238179979379986,0.37660872595712,0.0697763782521023,2.80552283681909,0.312240213014598,0.0496779586120043
8.59999990463257,1237.84858076157,3500,1.3003,0.486965045861517,0.732900455092655,0.543736403264602,0.335852976258763,0.319701669202434,0.241701690450196,0.363770008613695,0.0748266317336743,2.805638913343,0.358355417224277,0.0548290763636104
8.79999995231628,1242.45202631212,3500,1.2666,0.486818115720175,0.737392788790693,0.546137085486889,0.330365815749601,0.319905166694031,0.241081706188053,0.365171109931765,0.0738420171861517,2.80684517082393,0.352406368447824,0.054164561237141
9,1235.35801522166,3500,1.3056,0.474662255434426,0.740666940986091,0.543687623083406,0.332253441475501,0.320582476123351,0.236258328866293,0.368659466221361,0.0744997287889953,2.90783796692196,0.348134088743779,0.0536873430137699
9.20000004768372,1203.84559082686,3500,1.3106,0.468026222597952,0.736863332480646,0.533758432979538,0.345694694712343,0.318974462294071,0.234607896132807,0.369368099101569,0.0770495424715523,2.96396879874723,0.353102264482978,0.054242293570357
9.40000009536743,1142.64873637136,3500,1.2942,0.462325051938033,0.713806502734504,0.542072594587436,0.354425079075692,0.325431342607461,0.234055960608094,0.361370568143518,0.0791421286409267,3.01275479818752,0.384766794692638,0.057779255543194
9.59999990463257,1140.9351111397,3500,1.3333,0.459186406983158,0.730866406890936,0.545904193617316,0.33918723183333,0.324914791477806,0.231023905144632,0.367710387091581,0.0763509162859811,3.03983473913429,0.361082227349488,0.0551336639780849
9.79999995231628,1215.65097155329,3500,1.2906,0.460416975420681,0.735188170975913,0.543645921120707,0.338146938687038,0.323462441704448,0.231238302115196,0.369238480480253,0.0760607757001032,3.02919872331333,0.355313261977706,0.0544892643609896
10,1236.49113095922,3500,1.7883,0.464770674471883,0.753451408427723,0.531881737381578,0.336331666387194,0.316801962529233,0.231922728162765,0.375975757031561,0.0752995522764411,2.99176344724227,0.331965520015683,0.0518812965520723
10.2000000476837,1220.87382855338,3500,1.4253,0.459161350386948,0.723172896607186,0.543638524598251,0.346695105725876,0.325209192148185,0.231855077527782,0.365168601119299,0.0777671292047338,3.04005155932216,0.37158311293214,0.0563066241559568
10.4000000953674,1104.73114714596,3500,1.3584,0.458745425761479,0.695895194607313,0.529618161936489,0.379745172839916,0.324390575279849,0.235053203872296,0.35656463447078,0.0839915863770747,3.04365211307298,0.41119933165731,0.0607317982612013
10.5999999046326,1223.85348397717,3500,1.4715,0.469747885988355,0.713267254947383,0.539191801679405,0.356346149736026,0.323440189540627,0.237187877821442,0.360147116286733,0.0792248163511982,2.94933843531055,0.385539167713522,0.0578655304377092
10.7999999523163,1190.05019616661,3500,1.6375,0.473654201357029,0.714297412027822,0.542605175721264,0.351658475069392,0.323772147911436,0.238414801042815,0.359543048253558,0.0782700027921905,2.91631919799286,0.384064921935001,0.0577008556036687
11,1161.33719964012,3500,1.607,0.472759905781875,0.732676895943753,0.536625069616435,0.344791789762837,0.319692681200369,0.236682682709937,0.366807614543283,0.076817021546411,2.9238569356091,0.358654104905668,0.054862440097853
11.2000000476837,1210.44598429654,3500,1.8339,0.464896679067205,0.711892257851191,0.536860931356661,0.360257041295989,0.323645033516932,0.23555560346432,0.360704255268456,0.0800951077502909,2.99068451258645,0.387515177715212,0.0580862528734329
11.4000000953674,1104.30230892128,3500,1.8539,0.468400410894151,0.655838631156296,0.543968572094466,0.391951203453641,0.332776647658889,0.241927379331147,0.338738646699489,0.0865573263104756,2.96078498510006,0.47611761951093,0.0679832406151412
11.5999999046326,1121.6021204028,3500,1.7308,0.47211929320528,0.685054718083098,0.540413582916702,0.374393142783219,0.327138110764209,0.240752570395041,0.34933688712451,0.0827724317162397,2.92926432484874,0.427976326504293,0.0626058065726891
11.7999999523163,1207.04467244957,3500,1.8794,0.475737239745019,0.747156197257585,0.52429010228498,0.346526962799711,0.313564147900924,0.237181055044991,0.372498262368398,0.0767565346856862,2.89881153432138,0.339824971463114,0.0527592057050854
12,1191.04514755303,3500,1.6725,0.477502405458241,0.680295329103222,0.543144949190978,0.374185348194013,0.327774590218454,0.243163848529956,0.346434339326399,0.0826272219251919,2.88402989041539,0.435527691483042,0.0634493021368425
12.2000000476837,1139.01301103868,3500,1.3677,0.481482252643576,0.67958150685778,0.540619353954042,0.376534148006829,0.326438814861184,0.244940994844361,0.345718600122104,0.0829015901723508,2.85088523458864,0.436670026868827,0.063576902224164
12.4000000953674,1067.54109680614,3500,1.3013,0.481560862829085,0.678385824682821,0.543089947147978,0.374912189652282,0.327365296587929,0.244940687364431,0.345053560249707,0.0826404557979334,2.85023311160418,0.438589194412373,0.0637912752963706
12.5999999046326,1134.51375440532,3500,1.5334,0.479018266562688,0.720256027739164,0.536572885993275,0.35236991963204,0.32030246732043,0.24028861497889,0.36130004932284,0.0781088683778401,2.87137573260277,0.375641725040678,0.0567599754798307
12.7999999523163,1231.6452897765,3500,1.3294,0.473667004367928,0.707103280331266,0.538055330191754,0.360884428196196,0.323281492559353,0.239380659535835,0.357354107515943,0.0799837403888682,2.91621137832825,0.394471220981762,0.0588632503640728
13,1094.55649693823,3500,1.3005,0.46600086876499,0.670671149782955,0.533136933064511,0.392399112433861,0.327715787571965,0.240177099020523,0.345664272211611,0.0864428411959011,2.98124057727796,0.451143728963202,0.0651936302657617
13.2000000476837,1163.32791304933,3500,1.2799,0.467731370846234,0.698898436635158,0.539192683258235,0.366339043550993,0.325641656445605,0.237776899822405,0.355293473801366,0.0812879699306242,2.96647914864983,0.406655378651879,0.060224233838797
13.4000000953674,1156.66678857902,3500,1.3109,0.475462422235792,0.709394624264386,0.546903641374058,0.350279748141491,0.325485244954607,0.23934369216433,0.357103149760094,0.0780679131209689,2.90111736389394,0.391128711016094,0.0584898884173103
13.5999999046326,1178.5524047647,3500,1.2596,0.48246855687617,0.650420095144149,0.544359868920976,0.392956250890439,0.331350146804216,0.248007840676067,0.334341546262514,0.0863004662572033,2.84271035697467,0.485515274697565,0.0690329687749742
13.7999999523163,1180.06741949551,3500,1.2858,0.48111487568498,0.58968948681943,0.526368764458805,0.453549769469158,0.334086732320009,0.254903815928341,0.312428710895896,0.0985807408557539,2.85393417788331,0.600886793066257,0.0819200910697505
14,988.855302808759,3500,1.5226,0.475135314108646,0.723079444751768,0.539506224651445,0.347900973209521,0.321468288065428,0.238354237233718,0.362736770758694,0.0774407039421602,2.90386350796664,0.371712484797472,0.0563210751320176
14.2000000476837,1170.01692255504,3500,1.285,0.467207746441442,0.702785324370074,0.541499473578685,0.361313168249749,0.32595074699277,0.237070241911178,0.356606858788291,0.0803721523077613,2.97094068361605,0.400841408524505,0.0595748071422513
14.4000000953674,1160.43057547688,3500,2.1202,0.471098989654,0.635786960398749,0.542366219348146,0.406753331564043,0.334578479195527,0.245114142738434,0.33080176180567,0.0895056162603689,2.93789022996016,0.511627845538956,0.0719497709339664
14.5999999046326,1112.69318326633,3500,2.4504,0.477737372963674,0.731724851447701,0.539206528566222,0.34167584545923,0.319883323421287,0.238564984866869,0.365397262159781,0.0761544295520638,2.88206601279107,0.359928888326895,0.0550048347727347
14.7999999523163,1172.44073162219,3500,2.0641,0.479522831183645,0.672381463204021,0.538123641963739,0.383991879364075,0.326923507722626,0.245049798670739,0.343606042242815,0.08442065136382,2.8671718660727,0.448334764130845,0.0648798658824186
15,1124.22048082145,3500,1.4803,0.475648170555822,0.710458149982589,0.536855027822909,0.359148680023453,0.322176745481135,0.239911574329678,0.358347080487025,0.0795645997021619,2.89955872833165,0.389586207278762,0.0583175890960894
15.2000000476837,1191.01150073071,3500,2.178,0.467478204428867,0.71596276272977,0.542473524989831,0.35096769652554,0.324507859524505,0.235878445935302,0.361257877309103,0.0783558172310895,2.96863570206643,0.381692880390262,0.0574358960199901
15.4000000953674,1094.53909180737,3500,1.451,0.468170445323608,0.692992237098325,0.54092025968401,0.368435021668823,0.326906808599079,0.238423214860734,0.35291727338386,0.0817527031563269,2.96274140181832,0.415634416204727,0.0612272019601245
15.5999999046326,1045.83899725845,3500,1.8398,0.467346165591446,0.689139782295362,0.528429146460513,0.383666408432843,0.323568165277113,0.239203392922218,0.3527247814564,0.0845036603442692,2.96976085848109,0.421585187378437,0.0618919094802141
15.7999999523163,1029.97051982397,3500,1.567,0.464602158579676,0.701897292942429,0.541461044522859,0.362151702411752,0.326477585768894,0.236140178183437,0.356748561669613,0.0806336743780562,2.99320678878034,0.402163059887631,0.0597224370164914
16,932.270668125438,3500,1.9638,0.473702304095531,0.6834821061421,0.545088515982245,0.370114922111908,0.32859988228811,0.24126780908519,0.348113633546059,0.0820186750806406,2.91591411771482,0.430458942830602,0.0628831174780193
16.2000000476837,1163.40179510286,3500,1.6985,0.471089528352495,0.708120251990573,0.534147273060012,0.363992060837011,0.322339871985219,0.238521238320331,0.358534225914941,0.0806046637795094,2.93797029614709,0.392984468245117,0.0586971784894008
16.4000000953674,1220.69064763059,3500,1.3888,0.46692855336239,0.734749758904674,0.525937526465163,0.354215576794552,0.316989956366898,0.234852932013089,0.369560040678746,0.0785970709412669,2.97332133776252,0.355894226002821,0.0545541586654626
16.5999999046326,799.284089918925,3500,1.3398,0.470093147734142,0.645225074193488,0.524840510962393,0.417497668337366,0.32780950210107,0.244847434591871,0.336064681887196,0.0912783814198631,2.94641017662648,0.49466311995254,0.0700547928976126
16.7999999523163,903.922829520661,3500,1.3157,0.474091957123467,0.660643655427152,0.544439894322683,0.386565742864517,0.331383556972777,0.243702912112524,0.339598215656568,0.0853153152581319,2.9126341564978,0.467906821504614,0.0670660856748122
17,850.503648559386,3500,1.3467,0.470415404119401,0.655531939173873,0.543290267694238,0.391788376302948,0.332309366754052,0.242826346508659,0.338382681382018,0.0864816053552709,2.94367875355214,0.47664561232328,0.0680422179783564
17.2000000476837,1086.52141966744,3500,1.3642,0.472864615959096,0.678801844634309,0.526691657770217,0.391612874894228,0.323502183390288,0.242498428462548,0.348108898415731,0.0858904897314326,2.92297370486361,0.437920637525806,0.0637165967753628
17.4000000953674,1215.64434564837,3500,1.3752,0.473262889986377,0.705882866844783,0.530860912508834,0.368358923205275,0.321256268856813,0.239781582055541,0.357639937842612,0.081322211245035,2.91961586452403,0.39626222003861,0.0590633068789022
17.5999999046326,1097.13050774337,3500,1.4115,0.476800857493388,0.628330809866779,0.515009244700165,0.43834421675981,0.325783934009836,0.249850824276361,0.329254799558797,0.0951104421550062,2.88989874175723,0.52534496723571,0.0734819881339991
17.7999999523163,676.129735280937,3500,1.7255,0.479655183335646,0.625809757533197,0.544631212268801,0.409805529869546,0.335277658902099,0.249402276575453,0.325397042822518,0.0899230216999298,2.86606982583568,0.530045843893413,0.0740070810966043
18,915.597682872056,3500,2.0842,0.475717930479365,0.690234952684384,0.536385217203614,0.37335947991389,0.324653966736133,0.241930510997987,0.351025017373921,0.0823905048919584,2.89897350736672,0.419885961346114,0.0617021041106164
18.2000000476837,1198.61967382236,3500,1.5298,0.476716518925796,0.738780625484099,0.531932894419046,0.343637811427089,0.316899864807675,0.237942318980815,0.368745718402818,0.0764120978086915,2.89060481252109,0.350588904056196,0.0539615485160423
18.4000000953674,1190.09638728606,3500,1.3684,0.474565158397945,0.738281694900712,0.52008873281348,0.356329082794874,0.313553460069654,0.237827824490451,0.369989086329266,0.078629629110629,2.90865418215501,0.351241178060111,0.0540344082216005
18.5999999046326,960.571813586209,3500,1.3487,0.476333003999469,0.683851351389467,0.535237476220613,0.378799763627255,0.325030407630518,0.242864779949738,0.348670796646538,0.0834340157732068,2.89381698160176,0.429874920045666,0.0628178815067951
18.7999999523163,1108.2394066905,3500,1.3229,0.478340243400701,0.665442002561074,0.534393538923451,0.392199637979254,0.326868070281929,0.245520623388991,0.341555488069508,0.0860558182595726,2.87703121324192,0.459822634125861,0.0661630732773248
19,1048.71239675572,3500,1.5626,0.468568061189446,0.740749658985216,0.520832510343408,0.354655194690375,0.314387946921146,0.235229224353488,0.371869066963047,0.0785137617623193,2.95935924470356,0.348026848290704,0.0536753641401861
19.2000000476837,1218.53859816518,3500,1.3871,0.469505132010702,0.771273445437321,0.535012990486934,0.318775599830291,0.314919897440565,0.232000874397071,0.38111641713987,0.0719628110224937,2.95139843970386,0.310789591905285,0.049515922678843
19.4000000953674,1232.55602135694,3500,1.7133,0.466663782303958,0.756091598565054,0.521798175965576,0.343153669625065,0.313077997936049,0.233016845501736,0.377535360336232,0.0763697962259836,2.97558016885056,0.328728270726377,0.0515196923357124
19.5999999046326,1079.71242093937,3500,1.4892,0.471438135359112,0.728917668426694,0.527642615064988,0.355472502445409,0.317597468865636,0.237075281212466,0.366555754110472,0.0787714958114259,2.93502115802122,0.363714076228049,0.0554276443194981
19.7999999523163,1121.54772315854,3500,1.3545,0.472815146350672,0.732310356588639,0.54402629439859,0.336623104794725,0.322097308792344,0.236354045600901,0.36607227317289,0.0754763724338652,2.92339095933811,0.359144362974254,0.0549172024497334
20,1207.90994777624,3500,1.7286,0.473095059705312,0.754161958610145,0.542624944367202,0.322623741307622,0.31886686955066,0.234519917861748,0.37384875821336,0.0727644543742314,2.92103052885559,0.331090856486001,0.0517835956980558
20.2000000476837,1249.66890201024,3500,1.4033,0.473987832184958,0.749156202692474,0.534718201048126,0.333750139967385,0.316900254675498,0.235773871928278,0.372649774095817,0.0746760993004067,2.91351040551584,0.337306526619149,0.0524778927159202
20.4000000953674,1299.18110738722,3500,1.3745,0.474196949201017,0.77561667005157,0.537033617924843,0.312877100944543,0.314325426042984,0.233300003909362,0.381595395035936,0.0707791750117182,2.91175078583614,0.305869696896865,0.0489663651316471
20.5999999046326,1257.23100075021,3500,1.3248,0.479368208526948,0.762106528801422,0.532263212770203,0.326276115449574,0.313735800610993,0.236780830562164,0.37643759777262,0.0730457710542226,2.86845969833952,0.321483259097272,0.0507104167691642
20.7999999523163,1263.07017072187,3500,1.3204,0.479601097821696,0.749447795432652,0.543763011367612,0.323744507789729,0.318830268420387,0.237390161089996,0.370957309510669,0.0728222609789478,2.86652013910707,0.336941018033896,0.0524370650150756
21,1211.54479794862,3500,1.3318,0.475366345064795,0.716692294776671,0.542666646216478,0.348351642450211,0.323281597123198,0.238896273880478,0.36017509552061,0.0776470334757139,2.90192377512537,0.380658139597272,0.0573203143640389
21.2000000476837,1216.49860245286,3500,1.7277,0.474932815303925,0.762189520859714,0.535847309501959,0.323244266734314,0.315501023764738,0.234876132873226,0.37693779289912,0.0726850504629159,2.9055643875573,0.321384559972331,0.0506993919710901
21.4000000953674,1247.59174198392,3500,1.4623,0.478547710683131,0.724335814725738,0.536318808873867,0.348710058467636,0.319831950456031,0.239774358674935,0.362925475483364,0.0774682153856693,2.87529992027043,0.369976857607307,0.0561272037140622
21.5999999046326,1267.9871596335,3500,1.4675,0.479559356707071,0.775625945089081,0.534297790098722,0.314637647147091,0.31269618820641,0.235501918796102,0.38089424339622,0.0709076496012676,2.86686770552926,0.305859291292921,0.0489652028145304
21.7999999523163,1290.43014537093,3500,1.2745,0.470568019107765,0.758001466101424,0.532594621036588,0.329997631662993,0.315661275158494,0.233765401814977,0.376554525816515,0.0740187972100146,2.9423857791318,0.326408226022651,0.0512605408549221
22,1306.41038257684,3500,1.7401,0.470192260910285,0.779174288809656,0.534383216022215,0.313427713084502,0.31367086423872,0.231597414696907,0.383789283424741,0.0709424376396324,2.94556992319484,0.301909986806803,0.0485240612692726
22.2000000476837,1276.41925275756,3500,1.5189,0.466274402225489,0.75129001137153,0.544366535990146,0.323709457501677,0.320813867582001,0.232060076986238,0.373909477006968,0.0732165784247925,2.97890410975808,0.334641646108935,0.0521802227058372
22.4000000953674,1230.76263716691,3500,1.2951,0.465016053944651,0.755291316543481,0.538376053256247,0.326925785262472,0.318641363213732,0.231544981887557,0.376081455092527,0.0737321998061839,2.98966258029562,0.329705849397557,0.0516288889213723
22.5999999046326,1265.75820479275,3500,1.2953,0.46609305103701,0.727174339731144,0.535364279357453,0.349396087336544,0.321092640747623,0.234728312226835,0.366211006750669,0.0779680402748724,2.98045304120775,0.366084602252843,0.0556924346179741
22.7999999523163,1212.34784305275,3500,1.3595,0.46535313404694,0.725277566142339,0.545351949517325,0.341032246699986,0.324583657399515,0.234043981292217,0.364769970808361,0.0766023904999066,2.98677817018743,0.368681039161693,0.0559824594044043
23,1198.98327303544,3500,1.2422,0.476415602797086,0.746255254115887,0.542389394102997,0.327544062963873,0.319297134474426,0.236552195856189,0.370534293994393,0.073616375674992,2.89312496795471,0.340965990159482,0.0528866587167875
23.2000000476837,1224.99243486421,3500,1.4479,0.472767140778584,0.744617346439143,0.530524324589435,0.340948221795943,0.316354357918474,0.235973221577511,0.371662365942717,0.0760100545612985,2.92379590274232,0.343050749349462,0.0531195285534361
23.4000000953674,1246.95875997226,3500,1.2762,0.47167698557917,0.777912075604051,0.540371537325858,0.308025529036498,0.315463020343504,0.231954813159612,0.382550888994047,0.0700312775028362,2.9330016605337,0.303307615406251,0.0486801778822672
23.5999999046326,1228.52299077437,3500,1.2696,0.465498399171601,0.734916183612926,0.52698220234745,0.352354722950378,0.317560668286775,0.234252265484887,0.369831091275938,0.0783559749523997,2.98553569030497,0.355673574275839,0.0545295116309919
23.7999999523163,1225.96246239393,3500,1.2448,0.456755943941918,0.756820368573882,0.536849955326572,0.328445170078782,0.319235356041452,0.228280629835237,0.378248893531972,0.07423512059134,3.06091283553949,0.327840832851357,0.0514205645736259
24,1236.22580206876,3500,1.4161,0.462993173401752,0.782064402078296,0.533570375095655,0.313068594959741,0.314140085491252,0.228620196379836,0.386173549538868,0.0710661685900441,3.00701065450497,0.3,0.048169949356107
24.2000000476837,1262.8862778737,3500,1.8197,0.463490173069545,0.765422856638048,0.535797586146025,0.32241057776767,0.316813330303968,0.230184628084768,0.380134436111061,0.0728676055002027,3.00274235514357,0.317566090469634,0.0502728648337522
24.4000000953674,1265.71877860347,3500,1.2914,0.460315176286789,0.744256893635246,0.541739379553536,0.331843094269653,0.321812290594151,0.230540087085744,0.372746887158757,0.0749007351613476,3.03007767157088,0.343511341132735,0.0531709771494409
24.5999999046326,1258.7768349719,3500,1.2443,0.448884480963886,0.749125424639085,0.543296456976627,0.32861145331418,0.323443877340324,0.225528772927696,0.376375983025763,0.074651366706217,3.12982652257956,0.337345131406299,0.0524822049120341
24.7999999523163,1239.00944216641,3500,1.2473,0.447035737329641,0.75344731407653,0.536025424294651,0.332967570776614,0.320899394491761,0.224813564378674,0.378907461092264,0.0753795800373006,3.14615580632459,0.331970567340193,0.0518818603436314
25,1295.52387853904,3500,1.2788,0.448561366592309,0.776920303626539,0.528039923949998,0.324261797422934,0.315205656461999,0.223762522003835,0.387562682573743,0.0734691389604226,3.13267653131633,0.304411377335189,0.0488034692731032
25.2000000476837,1258.56390776209,3500,1.3959,0.451803821887254,0.725708605291566,0.536413028779083,0.35124054928682,0.323850480412694,0.229192338900432,0.368139543203003,0.0788176374838714,3.10415239757937,0.368089423027744,0.0559163752479543
25.4000000953674,1204.79738827819,3500,1.4226,0.458143457372449,0.739300930935755,0.543392198970365,0.333916935090035,0.323302589319075,0.230053437557047,0.371234638002545,0.0754093351213329,3.04886810230627,0.34991001152741,0.0538857154927174
25.5999999046326,1288.10212543879,3500,2.0695,0.460316047232832,0.791198613563614,0.532706379481274,0.307754548074933,0.313159558132408,0.226829079902052,0.389877464870647,0.0701338970948928,3.03007015099516,0.3,0.047081448696028
25.7999999523163,1322.44834875958,3500,1.4812,0.459167771826564,0.788877817052065,0.531933277946965,0.31030014345328,0.31337329578475,0.226632721223034,0.389368630293432,0.0706253526987845,3.03999599224835,0.3,0.0473535963936702
26,1311.08859236385,3500,1.7271,0.460438739474102,0.756395853015226,0.520716506632088,0.344190407000746,0.313667471601098,0.23065177379803,0.378908267776736,0.0767724868241372,3.02901083088237,0.328357451070448,0.0514782713825791
26.2000000476837,1183.16511288605,3500,1.4315,0.470106476538949,0.710659964541241,0.544482934602841,0.351026466687628,0.325477637839921,0.237335088158748,0.358779454767443,0.0784078192338881,2.94629716964774,0.38929414029819,0.0582849649012265
26.4000000953674,1137.67834249448,3500,1.3321,0.46995687169367,0.76321839651065,0.537157086505402,0.32139334672991,0.316551168189953,0.23281606356526,0.378097466850153,0.072535301394634,2.94756574291808,0.32016381937747,0.0505630339378544
26.5999999046326,1282.27148424132,3500,1.3476,0.469652178639866,0.782175351394441,0.523624411051463,0.321717075453556,0.310063369656901,0.231724492523555,0.385922166679214,0.0722899711403299,2.95015049297152,0.3,0.0481564482426174
26.7999999523163,1278.48759987384,3500,2.0749,0.467585735678518,0.744516187019753,0.536590634120754,0.335357781127552,0.319070935685715,0.233646844209956,0.37202558651189,0.0752566335924393,2.96771959082388,0.343179946737315,0.0531339600401754
27,1177.78846323119,3500,1.3754,0.468603536587972,0.729929579852574,0.515345189737943,0.366939793910125,0.314033210894496,0.23659863201513,0.368542545192841,0.080825611897534,2.95905761061449,0.362345079596518,0.055274725928017
27.2000000476837,1119.4904787043,3500,1.3228,0.468074657930779,0.733613170094075,0.544269140743195,0.335367301456764,0.322776897402338,0.234409107876805,0.367389273943257,0.0754247207776003,2.96355655628366,0.357404857868321,0.0547228978644291
27.4000000953674,1213.56218937903,3500,1.265,0.470823406203819,0.765224272355522,0.537758839617879,0.319161124165419,0.316364900868117,0.232936990909849,0.378590012783923,0.0721080954381114,2.94022293937383,0.317799105727485,0.0502988928878763
27.5999999046326,1296.56565373259,3500,1.2837,0.465506272151025,0.791457669570397,0.530517956783966,0.308763528371732,0.311697127642977,0.228930342012595,0.389229288245677,0.0701432420987513,2.98546836087916,0.3,0.0470512571817025
27.7999999523163,1234.14798836414,3500,1.2841,0.466876501736114,0.739922149323755,0.522744989886092,0.352477005866653,0.315402955770796,0.234577966104258,0.371767335084175,0.0782517430407707,2.97376531520899,0.349101221030938,0.0537953727271349
28,1047.49051361842,3500,1.4328,0.47138352034903,0.718672337239989,0.532613294685417,0.356695054775438,0.32052332427656,0.237771938427364,0.362507612894805,0.0791971244012714,2.93548306046867,0.377863134585027,0.057008109307569
28.2000000476837,996.672533618295,3500,1.2915,0.471476759950349,0.733550780769214,0.538766988097511,0.340159849979439,0.320549664198024,0.236055432349172,0.367268678784474,0.0761262246683297,2.93469452218065,0.357487966071739,0.0547321811398535
28.4000000953674,1212.05346144321,3500,1.266,0.469188579641223,0.775417976772788,0.52172225469254,0.32826192862836,0.310363621417741,0.232268297755788,0.383864870820117,0.0735032100063538,2.95408611186642,0.30609271289207,0.0489912762574131
28.5999999046326,1256.03229392648,3500,1.2701,0.46438083382333,0.780774853722176,0.529684153996346,0.317136340341036,0.31290793853165,0.229499508805447,0.385863137247941,0.0717294154149617,2.99510312940633,0.300149161901333,0.0483273752395026
28.7999999523163,912.547376980284,3500,1.2592,0.471748744508493,0.736201052249957,0.522726597748365,0.354255247669692,0.315131285365595,0.236827232734873,0.369587539914947,0.0784539419845842,2.93239511142682,0.353974712085075,0.0543397469028864
29,1010.57900599188,3500,1.4594,0.466818402256138,0.766844827955188,0.537146832221565,0.319057421852451,0.316581836989361,0.231286570260091,0.379935558071957,0.0721960346785912,2.97426092938158,0.315903335628115,0.0500871333352692
29.2000000476837,1207.44962480587,3500,1.2915,0.468786592097229,0.814677639595698,0.533369666614883,0.288995445216634,0.309323538757342,0.227987840288246,0.396207141402257,0.0664814795521551,2.9575014778854,0.3,0.0444973444452575
29.4000000953674,1236.66662758374,3500,1.332,0.462153932325297,0.801328925578694,0.521950052506854,0.310831826576789,0.308341312365479,0.227230695036105,0.393995411432777,0.0704325811656394,3.01422714010513,0.3,0.0459287430130278
29.5999999046326,1262.92018067637,3500,1.2913,0.458052411067666,0.756360822609793,0.522818850059133,0.342014062506423,0.314715068515411,0.229621366264942,0.379163172773432,0.0765003924462153,3.04965751319656,0.328400121898442,0.0514830377598146
29.7999999523163,1181.9248940876,3500,1.9746,0.460885568062914,0.765952796095029,0.531068140235566,0.326517759711173,0.315691725116225,0.229407372043431,0.381255630980166,0.0736452718601785,3.02515496578278,0.316945234139337,0.0502035145160209
30,1199.88722259027,3500,1.858,0.470457259787169,0.784656208609737,0.544174671037168,0.299077454221966,0.316019453712191,0.230696261776337,0.384768754950771,0.0685155295607012,2.94332410969691,0.3,0.0478563552001113
30.2000000476837,1323.69735005126,3500,1.4123,0.472053909174757,0.837251841461245,0.529419837169368,0.276543079545696,0.30500315533739,0.227472164644295,0.403452836695193,0.0640718433231221,2.92981659854124,0.3,0.0423031404812403
30.4000000953674,1243.38500743737,3500,1.3513,0.469736347912448,0.815828444156972,0.527595700303386,0.293702214447429,0.307281342301087,0.228559908745131,0.396958156584796,0.0672005923689862,2.94943632580183,0.3,0.0443786019374375
30.5999999046326,1144.3462243156,3500,1.4325,0.470058470069723,0.771484648775224,0.528646388929332,0.32361625335088,0.312891087854243,0.232590272709679,0.38173937132405,0.0727792681120274,2.94670420115875,0.310548164363457,0.0494889549635797
30.7999999523163,1296.27415096691,3500,1.407,0.473762346452354,0.786946295829354,0.536230125915861,0.304664078328566,0.312815971024346,0.232194630639856,0.385688533210345,0.0693008651254533,2.91540854409066,0.3,0.0475823894349991
31,1278.52855383635,3500,1.8721,0.470266181274589,0.762480413306924,0.543985914117932,0.314716014115575,0.318732843796258,0.232635698510814,0.377190983773715,0.0714404739192136,2.94494334961125,0.321038885157124,0.050660779723624
31.2000000476837,1252.56328611609,3500,1.5196,0.459932352846887,0.744879610793645,0.532714516354245,0.339628303303883,0.318999925595251,0.23086449587349,0.373894671179099,0.0762409073521599,3.033384508012,0.342716032472006,0.053082140319365
31.4000000953674,1210.23261257354,3500,1.3361,0.458916182531616,0.744870015649035,0.534892620702971,0.337604787039807,0.319842092306133,0.230346783155595,0.373877449749753,0.0759336747885194,3.04217358020928,0.34272827228731,0.0530835075198571
31.5999999046326,1225.52348100477,3500,1.4531,0.467811659486451,0.743017988700047,0.536074584198009,0.33637971537537,0.319087955751582,0.233919661591348,0.371530963259442,0.0754614193976283,2.96579543822852,0.345099385329423,0.053348363388797
31.7999999523163,1208.84065095478,3500,1.3559,0.474190163342577,0.739239023583928,0.542742000180561,0.331525181620418,0.320671210510825,0.23635935390882,0.368472548580166,0.0744968870001887,2.91180787460565,0.349990717053658,0.053894730386526
32,1154.96148198583,3500,1.5522,0.471666667124722,0.698143060683579,0.544417367347467,0.359030160306992,0.326872126829807,0.239161951040276,0.353998423327555,0.0799674988023628,2.93308888501679,0.407794029533693,0.0603514223630747
32.2000000476837,1180.63050601007,3500,1.3063,0.440723770806834,0.722369278925297,0.540758106382918,0.350253519144081,0.327451163636454,0.224863606636419,0.36856319568405,0.0791220340430773,3.20231920432421,0.372697043211149,0.0564310513623976
32.4000000953674,1197.57115433181,3500,1.2967,0.423170318442478,0.711443045697095,0.54028401360909,0.3609884220203,0.331598568648524,0.218768259549229,0.367797905695299,0.081835266106949,3.36185985220602,0.388162789691421,0.0581585918254982
32.5999999046326,1127.00603216353,3500,1.4443,0.422197719756813,0.688229401398138,0.534042227024556,0.383517522439833,0.332919027225423,0.220810628575816,0.359945967530603,0.0863243766681581,3.37084380043381,0.423002265381409,0.0620501986124345
32.7999999523163,1181.3702546354,3500,1.3366,0.42998860612071,0.671544990596739,0.535329010896729,0.392744340382778,0.334339559377691,0.225489305077392,0.352163315730633,0.0880078198142849,3.29930391321769,0.44970673300524,0.0650331162766143
33,1140.33663332517,3500,1.2882,0.457161645883275,0.757546337775401,0.532072619149763,0.331687502303854,0.317630469872824,0.228668760110255,0.378918886448743,0.0747818835681779,3.05738782960124,0.3269594458153,0.051322112696739
33.2000000476837,1181.2538673987,3500,1.2794,0.473630985146934,0.809743850267454,0.52587576854215,0.298888139217593,0.306923640022899,0.230676681289661,0.394376698172441,0.0680229805149996,2.9165147183791,0.3,0.0450148067116872
33.4000000953674,1306.24653349907,3500,1.2964,0.451591261062802,0.829815468853623,0.523638775041332,0.290399168490214,0.30700980669491,0.220615067542868,0.405388260345012,0.0669868654172096,3.10601715954151,0.3,0.0429945174880067
33.5999999046326,1303.38003038221,3500,1.6318,0.441940929796306,0.815753539019564,0.534716516639063,0.290554319634541,0.31353238453927,0.217497074925369,0.401465437198923,0.0675051033364385,3.19143940669289,0.3,0.0443863083067117
33.7999999523163,1174.19589663033,3500,1.3618,0.434888964091749,0.82676362219241,0.538302121857853,0.280354872941199,0.314337171614499,0.213638018356027,0.406145376125879,0.0658794339035951,3.25480386324237,0.3,0.0432871932734244
34,1230.10281059211,3500,1.7579,0.430084012569351,0.781423962610036,0.528760884149906,0.322266451059288,0.317706566198034,0.216055153702446,0.392552779025381,0.0736855010741396,3.29843386183241,0.3,0.0482480170342457
34.2000000476837,1281.82356494466,3500,1.4154,0.422525452658944,0.684823077729787,0.537609968460301,0.382210531472129,0.334494793348472,0.221061560153445,0.358293345499895,0.0861503009981889,3.36781482261406,0.42834123082931,0.0626465667770175
34.4000000953674,1154.92908350268,3500,1.357,0.421756817602198,0.694204568800789,0.534163872635511,0.379138909003752,0.332218816178118,0.220083295839361,0.362253372350995,0.0854445156315259,3.3749214239163,0.413777114355779,0.0610197393523323
34.5999999046326,1196.23241381047,3500,1.9434,0.421931100251655,0.729170458687868,0.54405238832031,0.344937325842951,0.330620576406391,0.21649220429583,0.374136250716254,0.078750968581525,3.3733092228501,0.36337160111835,0.0553893894825677
34.7999999523163,1218.70523322639,3500,1.4191,0.436892503945184,0.750128915103213,0.530987155202848,0.340841431777153,0.321351928812681,0.221385831906315,0.380111611912533,0.077150627368471,3.23672041690499,0.336088897668743,0.0523418822567063
35,1244.52270146218,3500,1.3297,0.450008048716234,0.722831613829999,0.534924300598447,0.354050176784613,0.324081959887091,0.228860824733015,0.367610845530777,0.0794463698491175,3.1199291718154,0.372055785730207,0.0563594222142664
35.2000000476837,1188.66452331074,3500,1.3901,0.456173059779667,0.745954472990813,0.52539547387248,0.346455889357938,0.317144421026911,0.229709106673437,0.375630546206603,0.077515926093049,3.06598192727528,0.341347824483439,0.0529293100201485
35.4000000953674,1255.9533415113,3500,1.2948,0.455924630319904,0.71987546000395,0.54094453249654,0.349284652172997,0.325439545576692,0.231137893095114,0.364951761872218,0.0784707994559766,3.06814406314026,0.376174394769996,0.0568194752596855
35.5999999046326,1250.37432140179,3500,1.3146,0.459938388052884,0.714159968868014,0.533753679867317,0.359731350025367,0.323280555954598,0.233667492397141,0.362822441941118,0.0802295097071434,3.03333235759134,0.384261308493837,0.0577227921928422
35.7999999523163,1198.04929064992,3500,1.5012,0.463440482854081,0.726899161601212,0.534349512734456,0.349678817154648,0.321282080142742,0.233820427079401,0.366743689205867,0.0781538035719899,3.00316892351889,0.366460169835303,0.0557343859195912
36,1269.77013455276,3500,1.4441,0.462803538203751,0.746389630399353,0.537632120244025,0.33287620151476,0.319931018767797,0.231585986160663,0.373491912544601,0.0749910825269384,3.00864030853127,0.340795548922442,0.0528676202478752
36.2000000476837,1216.74967735714,3500,1.3275,0.46057152759978,0.73824665147641,0.535112703526097,0.341375108057174,0.320517922472357,0.231603748909551,0.371235914197535,0.0766424144205562,3.02786461468828,0.35128703865828,0.0540395308995845
36.4000000953674,1204.30356092621,3500,1.5133,0.467212617220158,0.774498489219813,0.542484449362761,0.307768232857529,0.31725749366595,0.230474227606063,0.382057193033565,0.0702110856944221,2.97089916199515,0.307127328410367,0.0491068439200469
36.5999999046326,1249.67952055944,3500,1.4051,0.462059875659727,0.730541849611581,0.539430417255711,0.342268598406422,0.322630138848816,0.232654092530614,0.367838801917923,0.0768769667026471,3.01503661900183,0.361519237026869,0.0551824784275786
36.7999999523163,1245.50927825474,3500,1.3573,0.462529218750683,0.744622452482885,0.538174519456597,0.333555190771239,0.32036952133072,0.231612682282932,0.372871586304302,0.0751462100820456,3.01099872557401,0.343044229439641,0.053118800272519
37,1244.49741596187,3500,2.4228,0.461300922850854,0.732895921451931,0.542183717970425,0.338020573697234,0.323309659469177,0.231983634670718,0.36856605151153,0.0761406543485751,3.02157356577073,0.358361471942532,0.0548297526821309
37.2000000476837,1227.12786584615,3500,1.9344,0.463490638118807,0.724385217116759,0.526485768715905,0.359172348767535,0.319113100521559,0.23452604044277,0.366538572203312,0.0798222868323587,3.00273836308932,0.369908771359441,0.0561195984071784
37.4000000953674,1207.89081191595,3500,1.6176,0.464907945207319,0.714809960558355,0.543204170503828,0.34911811192747,0.325404246106489,0.235021275410355,0.361352285626212,0.0782221928569441,2.99058805681803,0.383333396491817,0.0576191434273765
37.5999999046326,1243.22422823962,3500,1.4348,0.460907982105271,0.734230806477583,0.536122722365399,0.343022963482584,0.321301403307995,0.232052671397238,0.369662116258071,0.0769838090366962,3.02496163006249,0.35658316056389,0.0546311133945598
37.7999999523163,1188.49667736354,3500,1.3235,0.453116939358975,0.734014114117091,0.534585079312007,0.345843685656142,0.322053226245514,0.229094485955749,0.371115205703441,0.0777370820952964,3.09264865612876,0.356871228722289,0.0546632909166988
38,1230.72145272587,3500,1.5059,0.455795332725543,0.69671935422822,0.536698810265038,0.369446432473803,0.327168893568021,0.233504854785458,0.356930709804439,0.0823955418420819,3.06926975906642,0.40994787524937,0.0605920092387134
38.2000000476837,1213.3371136563,3500,1.3465,0.451563608153929,0.72672433485696,0.520792573828266,0.36502422938861,0.318846195955751,0.229918799785376,0.370020045521873,0.0812149587369998,3.10625980720909,0.366698972898428,0.0557610604777696
38.4000000953674,1166.51798000929,3500,1.4294,0.453491229025816,0.702867867210521,0.534496104564791,0.367624953813573,0.326024829744718,0.232136575131173,0.359789405000188,0.0820491901239218,3.0893746940137,0.400718760840062,0.059561107264405
38.5999999046326,1109.21147585134,3500,1.3845,0.452443337450257,0.706276998729373,0.527723423990387,0.372132764220814,0.323580587535614,0.231786344741915,0.361825117888424,0.0828079498340474,3.0985463896209,0.395683003688563,0.0589986077916081
38.7999999523163,1141.64570486075,3500,1.3554,0.446808031940168,0.728414511549945,0.533696386503872,0.351500174333657,0.323486266863776,0.227157131393083,0.370325820219223,0.0790307815239172,3.14817082820728,0.364396693841637,0.0555038934387891
39,1194.10387493821,3500,1.3624,0.446776818843548,0.725355234061498,0.513504076666737,0.374160561806722,0.317422336664218,0.228540465556444,0.371042130868183,0.0829950669111543,3.14844710535091,0.368574368643536,0.0559705441931619
39.2000000476837,1193.07071624097,3500,1.5749,0.435727276964271,0.710257537531643,0.537173590440658,0.362405060608935,0.328751777920357,0.2241739406395,0.365414880993168,0.0816594004469753,3.24722964769726,0.389876736393068,0.0583500415096417
39.4000000953674,1114.20528433174,3500,1.6225,0.445911215275223,0.633306748655373,0.519189669735777,0.432794488461148,0.331719690680331,0.236680188483585,0.336145751676519,0.0954543691595654,3.15611505086224,0.516159851454234,0.0724560008535917
39.5999999046326,1105.98447948071,3500,1.3723,0.450894618984912,0.733780055735541,0.51743697218368,0.363503332696848,0.316978820869618,0.229191553127428,0.372983361403981,0.0808462645989734,3.1121337556778,0.357182646810429,0.054698076651024
39.7999999523163,1134.8800861223,3500,1.3091,0.464484218533386,0.706879101122691,0.532463233279547,0.365057155432834,0.32312111898009,0.236234256987539,0.359515033171651,0.0811295908607202,2.99421721759838,0.394799653396604,0.0588999366169321
40,1162.54923733132,3500,1.4175,0.469529760869887,0.73971493279212,0.526788093553225,0.346979165433821,0.316359554543532,0.235443764133168,0.370927005435024,0.0772696758882755,2.95118939682207,0.349370790528527,0.0538254839290285
40.2000000476837,1217.86013436045,3500,1.3279,0.458893810883575,0.708019438155484,0.533305147415588,0.36423035110948,0.324121323066408,0.233871715100522,0.360836682471495,0.0811702793615756,3.0423672632008,0.393131621237598,0.0587136156364277
40.4000000953674,1172.93840221191,3500,1.4127,0.455148556976277,0.69247745410281,0.531305754257042,0.377642655193729,0.326122616185265,0.233968966678452,0.355967808534663,0.0839406086016198,3.07490475972026,0.416425290587723,0.0613155434766234
40.5999999046326,1108.54192208131,3500,1.826,0.458992165807275,0.656950125576051,0.539203532790889,0.394127468045555,0.332809801089927,0.238467307999598,0.3413154724778,0.0874074184326749,3.04151581326322,0.474208040855717,0.0677699386320419
40.7999999523163,1083.0415235657,3500,1.8005,0.464367189378167,0.679423381102432,0.540935876860199,0.375887099754331,0.32945053671871,0.238321972177708,0.348692853051928,0.0835346380516533,2.99522006251715,0.436923421459491,0.0636052066716125
41,1132.90206892733,3500,1.8673,0.454753818118508,0.705513076362631,0.542275450810782,0.357754135444567,0.327953356363463,0.231950037536347,0.359851370180361,0.0802452359198287,3.07834719085076,0.396806370483504,0.0591240890669957
41.2000000476837,1191.71068990676,3500,1.7243,0.435131409051837,0.685674993924564,0.527977563224258,0.388686797692062,0.329205396181742,0.226721283372073,0.357264751210354,0.0868085692358315,3.2526122003181,0.427000523610807,0.0624968083433014
41.4000000953674,1194.84065691208,3500,1.5813,0.412850211098026,0.682679982712174,0.531990490653057,0.390109800324656,0.334623095423642,0.217574066703428,0.359775667064988,0.0880271708079416,3.45795899686106,0.431729983428865,0.0630250940755631
41.5999999046326,1167.26242905627,3500,1.3039,0.419850571835148,0.714912698260591,0.530758443255059,0.367721230492189,0.328651206616153,0.217643893288072,0.370599430960428,0.0831054691353474,3.39258687200004,0.383186924032643,0.0576027822966495
41.7999999523163,1214.86399679881,3500,1.3425,0.417635510637756,0.719261744931444,0.514564980940365,0.381502496485682,0.323169437200138,0.217212057596791,0.374087738201764,0.0855307670013069,3.41318718776118,0.377034919647345,0.0569155968110778
42,1184.48466319333,3500,1.5291,0.427065720908684,0.653742663333434,0.502328142364769,0.438894790605321,0.326424964141982,0.227854328406915,0.348794314813757,0.0969263926373463,3.32602950526309,0.479735357988559,0.0683873458817698
42.2000000476837,1107.51441111564,3500,1.3901,0.448761274124007,0.654357915364175,0.492967927535565,0.445414039686164,0.319636379837505,0.237281842456674,0.345990754409023,0.0970910232967977,3.13091306324311,0.478671126678496,0.0682684701034439
42.4000000953674,1062.55181312633,3500,1.2854,0.470764374305268,0.684456354409876,0.500672977253743,0.412628071170489,0.314779168342378,0.242720342489851,0.352897308779767,0.0896031803880042,2.94072278003595,0.428919480680764,0.0627111579053826
42.5999999046326,1077.16601361606,3500,1.2695,0.478099212460901,0.602254344946756,0.507532431756332,0.461727452836902,0.326768137766734,0.253667568975331,0.319541198993227,0.100023094264708,2.87904345627146,0.575504015284335,0.0790848075779322
42.7999999523163,1075.52070087663,3500,1.2463,0.469958654960086,0.565538497646782,0.514140813004467,0.481703841997322,0.335503532283626,0.253889233814074,0.305525037882532,0.105082196019768,2.94755061961377,0.651891992567539,0.0876174265381277
43,262.301498717558,3500,1.2335,0.46022478421029,0.692547433544992,0.504057976283644,0.40490149342623,0.316487418847405,0.237546665950335,0.357460831087931,0.0885050841143287,3.03085826864662,0.416317701549428,0.0613035256656967
43.2000000476837,599.88574733036,3500,1.2654,0.477621523175136,0.741483399130911,0.515907541606234,0.355550600031344,0.311487708901482,0.239028518388223,0.371079756049302,0.0784040166609925,2.88303418439892,0.347077082312269,0.0535692742621245
43.4000000953674,1132.34307268087,3500,1.2786,0.462864285607747,0.498237123234927,0.521479307093776,0.509514653078716,0.350003058579765,0.258480922304527,0.278234452612869,0.11328156650284,3.00811820540541,0.809414961248905,0.105212911024564
43.5999999046326,991.874221656676,3500,1.4276,0.455603881160528,0.65432239581154,0.535293531826017,0.400256602645089,0.332473661009962,0.237599075608317,0.341231501361736,0.0886957620199844,3.07093707365985,0.478732515093684,0.0682753272552367
43.7999999523163,1098.22563314507,3500,2.015,0.461705976216063,0.717170510985548,0.54231862545609,0.348473869348523,0.325338841576763,0.233606369035436,0.362862097700509,0.0781926916872924,3.01808364833202,0.379981299640441,0.0572447106152021
44,1166.61986255247,3500,1.7798,0.469867798432026,0.731409928921289,0.534210664538594,0.345216927699249,0.319696533713433,0.235933416506795,0.36726084224807,0.0771092075317015,2.94832120911446,0.360351565705168,0.0550520482890518
44.2000000476837,1207.52593736226,3500,1.3737,0.474845000961705,0.734737029842569,0.538277756616151,0.338135521907637,0.319787724405302,0.23731815909808,0.367207065443007,0.0756870510536113,2.90630218411929,0.355911108341856,0.0545560444408328
44.4000000953674,1207.99795960686,3500,1.2705,0.477674732427147,0.725781976771867,0.52577887823032,0.356405526230831,0.31655965386356,0.239978959070185,0.364625531714048,0.078835855352206,2.88258948116042,0.367988810657862,0.0559051367383691
44.5999999046326,1167.6751680226,3500,1.6552,0.4799731697667,0.696975296764465,0.531982071811358,0.370004540358388,0.32183453461782,0.243283582895616,0.35327526217562,0.0816066203109434,2.86342323329995,0.409559926927461,0.060548674995226
44.7999999523163,1151.9852468313,3500,1.3255,0.470263604321528,0.726904342820902,0.539975760660474,0.342637069998136,0.322017056220682,0.236178051864218,0.365069399378184,0.0767354925369163,2.94496519125135,0.366453094925209,0.0557335956445485
45,1161.33935315054,3500,1.2768,0.468664328516635,0.724622025339475,0.528963111392676,0.355356304666269,0.319090129469063,0.236402521735868,0.365512081189946,0.0789952676051232,2.95854076632543,0.369582572320332,0.0560831616247829
45.2000000476837,1179.70197022316,3500,1.4653,0.471226509324823,0.717075725467385,0.52665549158398,0.362570594339497,0.318925396940607,0.238250124061396,0.362550444793112,0.0802740342048852,2.93681123552649,0.380115362799516,0.0572596856138036
45.4000000953674,1141.26197279085,3500,1.3215,0.468281191619355,0.679750182603398,0.532268362400637,0.383520506245061,0.326019294157186,0.240359063495808,0.348901728759725,0.084719913587281,2.96179912948586,0.436399863856393,0.0635467247260258
45.5999999046326,1124.59815676446,3500,1.416,0.468172265403249,0.715431264194116,0.485363418122067,0.40819204340333,0.306236470535128,0.239517845498159,0.366016032270095,0.0882296516966174,2.9627259142905,0.382448413495398,0.0575202898778617
45.7999999523163,1076.91988577805,3500,1.4034,0.48821992200391,0.677536970653794,0.527715607286217,0.386628024336279,0.321702110772012,0.248665073257328,0.34508993355012,0.0845428824205395,2.79535078586947,0.43995601323783,0.0639439504245784
46,1118.79934029572,3500,1.3554,0.484033195753502,0.67461260124751,0.534459611090782,0.382582103265113,0.324888458922446,0.246918054012873,0.344137617365869,0.0840558696988117,2.82977394467475,0.444692398167279,0.0644730096992071
46.2000000476837,1137.57280704183,3500,1.3149,0.484650887944453,0.753714514736051,0.540481127137156,0.321210707699867,0.316623425053306,0.239179764368945,0.371965190862673,0.0722316197150769,2.82467765837153,0.331641350629247,0.0518450864840565
46.4000000953674,1178.62654434347,3500,1.2841,0.472663620293153,0.71331751043672,0.530511417024782,0.361113257587559,0.320405649534147,0.238946601216429,0.360604851715278,0.0800428975341462,2.92466925889859,0.3854671245555,0.0578574831397187
46.5999999046326,1177.31487453785,3500,1.2743,0.472781634325368,0.698493708845981,0.523700480404516,0.378326738584319,0.320123905198451,0.240814612973669,0.355782627640158,0.0832788541877224,2.92367364083704,0.40726510901363,0.0602923413739134
46.7999999523163,1128.14548360625,3500,1.2825,0.470316742942965,0.686501352378776,0.521923517085786,0.388897358722961,0.321493035459091,0.241115411472743,0.351945914193142,0.0854456388750238,2.94451482245239,0.425703505150842,0.062351929990754
47,1173.40190283101,3500,1.2853,0.486842732225514,0.683695103308214,0.524729597929955,0.385529611597957,0.320169743610936,0.247695877980056,0.34785044055284,0.0842839378561687,2.80664305175821,0.430121969178004,0.0628454771597454
47.2000000476837,1095.10055515549,3500,1.2694,0.473636886660756,0.663546492433793,0.513881754631429,0.412759532391692,0.321366204029688,0.245174098276535,0.343479187387565,0.0899805103062113,2.91646501667345,0.463002406884009,0.0665182573035322
47.4000000953674,1088.79339752984,3500,1.2696,0.485753323841537,0.700344790887613,0.517927017010416,0.380989401790455,0.31604032792652,0.246028532399484,0.35471666917901,0.0832144704949862,2.81559715152022,0.404483110870471,0.0599815891986654
47.5999999046326,1105.41322536123,3500,1.7552,0.491124360116249,0.681465480535756,0.528289597973963,0.382856926394191,0.320924994657709,0.249363374978795,0.346007133748609,0.0837044966148866,2.77163533493678,0.433660600225792,0.0632407460416475
47.7999999523163,1089.83796661455,3500,1.3198,0.474352806764896,0.689222945977868,0.536203968872584,0.372076896114049,0.325062020091302,0.241592974540177,0.351028642110819,0.082316363257702,2.91043977404754,0.421455943266687,0.0618774727743655
48,1112.25326573868,3500,1.5227,0.461553808660602,0.699809385865535,0.512527666429994,0.390599113567534,0.3181065362597,0.236899025628489,0.359187073156889,0.0858073649549221,3.01939440774323,0.405286012036069,0.0600712741196752
48.2000000476837,1146.65363387274,3500,1.3384,0.46517639067628,0.631518123298376,0.513802508021025,0.436528135660246,0.326991030632213,0.245033584525668,0.332654779017818,0.0953206058243008,2.98829034472041,0.519447233643878,0.0728232049686683
48.4000000953674,1093.97002168868,3500,1.3266,0.479900365245174,0.712361711416152,0.538796472480387,0.352503206009978,0.322018572951055,0.241365272579925,0.358281408191094,0.0783347462779264,2.86402904057682,0.386839462648612,0.0580107747760409
48.5999999046326,1164.73595973452,3500,1.3216,0.482023081731691,0.692352205535186,0.536213887865411,0.368722511172631,0.323451377944403,0.244280146863977,0.350870953818505,0.0813975213731153,2.84640070286987,0.416617913597661,0.0613370596733499
48.7999999523163,1163.96548682639,3500,1.3267,0.483287543386976,0.691454438684754,0.513509220877485,0.392156125114592,0.31612867144533,0.246207722787019,0.352257005356405,0.0854066004112465,2.83593410255253,0.41800090851835,0.061491541688738
49,1175.37616326245,3500,1.3303,0.486488705716009,0.693105847772537,0.515115572874392,0.388845775123904,0.315944107827193,0.247194718147409,0.352181053071495,0.0846801209539035,2.80955079485776,0.415460051678533,0.0612077252556076
49.2000000476837,1112.05541370927,3500,1.3764,0.485829200627739,0.713271651224414,0.533011138268918,0.356665926632285,0.31917509130989,0.243908611114609,0.358095185659447,0.0788211119160543,2.81497288741688,0.385532864978935,0.0578648264154985
49.4000000953674,1184.28510386431,3500,1.3427,0.485809154694868,0.719958550389965,0.510584539218912,0.374881538857209,0.31123062771359,0.244556789895492,0.36242781808377,0.0817847643071487,2.81513780316485,0.376058033749224,0.0568064776089114
49.5999999046326,1189.10093106439,3500,1.3485,0.48396021365743,0.669001258841373,0.510024029104638,0.411416703333124,0.317774448075652,0.248924448476694,0.344100123703931,0.0892009797437223,2.83037648870788,0.453900416621489,0.0655015552327134
49.7999999523163,1120.89598933512,3500,1.3206,0.480365858124842,0.686951722181127,0.51114773616044,0.398207286589643,0.316391277848473,0.245651751111603,0.35129660159792,0.0866603694420037,2.86015713121866,0.424998060613406,0.0622731310795959
50,1169.8256471917,3500,1.3826,0.485147968219357,0.731407035857098,0.519747805962776,0.35744434273285,0.312828090135984,0.24267207270174,0.365851395877281,0.0786484412849948,2.82058091702925,0.360355450967675,0.0550524822770394
50.2000000476837,1217.14854268643,3500,1.3296,0.48835160527737,0.732734937801909,0.527848840292018,0.34780690911209,0.314735755461675,0.243305897530488,0.365062241563806,0.076896105444032,2.79427263857795,0.358576533679373,0.0548537753087097
50.4000000953674,1224.18402245305,3500,1.315,0.486347726949625,0.711207087437523,0.523626259419856,0.367440129697714,0.316394940201056,0.244861530480504,0.358071491380839,0.0806720379376013,2.81070926087854,0.388503365865797,0.0581966345493171
50.5999999046326,1187.77689088333,3500,1.3096,0.486765041174932,0.703765206943546,0.523916265122644,0.372289934592585,0.317362612868899,0.24573271871705,0.35528052142626,0.0816241469877916,2.80728098368136,0.399387631543,0.0594124186947827
50.7999999523163,1185.23838591668,3500,1.3393,0.486000147114553,0.71927249740353,0.519293431156029,0.366267182902858,0.314063084126787,0.244196431472655,0.361406839411854,0.0803336449887047,2.81356679013009,0.377019826785127,0.0569139109221866
51,1182.25739688156,3500,1.31,0.487809246474879,0.718418915001104,0.516919790198215,0.369036572002613,0.313143050545857,0.24511345299999,0.360989756198677,0.0807537402554753,2.79871494397305,0.378219768572889,0.0570479457063704
51.2000000476837,1207.40011642132,3500,1.2986,0.488570899042018,0.745893588514884,0.528951694068899,0.337443843243054,0.313426448914012,0.242072907755185,0.369568941174735,0.0749317021560673,2.79247780245351,0.341425170894608,0.0529379496972013
51.4000000953674,1223.84759205934,3500,1.2962,0.484681029043361,0.746937454417021,0.534466582313993,0.331806961826387,0.315594592807075,0.240173607445778,0.37012932674048,0.0741024730066665,2.82442913462247,0.340101629942344,0.0527901087538286
51.5999999046326,1236.23545380865,3500,1.3552,0.488080632660795,0.733760737856737,0.511352726119969,0.364045786359827,0.30944145203329,0.244051270230105,0.366896836579396,0.0796104411572083,2.79649150925577,0.357208361766472,0.0547009490391837
51.7999999523163,1169.64904023248,3500,1.4549,0.485412890264764,0.589824557622831,0.51080560979976,0.465772680219318,0.328357839354821,0.257732559047578,0.313170489853126,0.100739111744476,2.81839914804531,0.600609733823265,0.0818891432552653
52,1081.92149551786,3500,1.5221,0.487739685565713,0.681451963000406,0.523523857965918,0.388143220266237,0.319935833249458,0.248342083394816,0.346974431717034,0.0847476516386915,2.79928503795452,0.433682129690737,0.0632431509059641
52.2000000476837,1154.10182751168,3500,1.4206,0.4805217093653,0.679638313577816,0.520418619344525,0.39366148380555,0.320300547755642,0.245893664896455,0.347786067668898,0.0860197196790053,2.858861555526,0.436579025318165,0.0635667372533897
52.4000000953674,1190.73298065218,3500,2.2575,0.471205455784243,0.627846661857032,0.515767804090859,0.436105021199288,0.327149936207189,0.2477183198835,0.330066467419898,0.0950652764894128,2.93698935993881,0.526245267727387,0.0735825526641564
52.5999999046326,1096.9686061657,3500,1.6472,0.469074394780266,0.704392948669305,0.528793593053592,0.369565414729874,0.321568180982692,0.238496723517723,0.35814235907145,0.081792736428135,2.95505598622353,0.398458821991071,0.0593086696720298
52.7999999523163,1185.08671905372,3500,1.3687,0.472543785861817,0.685404246979748,0.537940073412825,0.373274025228506,0.326402443258184,0.241152395683538,0.349781080856645,0.0826640802016326,2.92568046266388,0.427426219545949,0.0625443590356572
53,1208.7071120284,3500,1.4253,0.479265719681876,0.757896232927713,0.542370433809759,0.317203988469952,0.317496692253871,0.236630949263354,0.374200986375256,0.0716713721075193,2.86931352558747,0.326535585076481,0.0512747669977801
53.2000000476837,1282.6939567026,3500,1.6069,0.482916347012071,0.733094739621994,0.51993046815051,0.356381426397124,0.313012136580709,0.241642875689463,0.366827758329434,0.0785172294003945,2.83900403349873,0.358096045043628,0.0548001042129518
53.4000000953674,1233.12727812922,3500,1.4877,0.48394345129583,0.74208633205557,0.517654859995807,0.352272693152966,0.311032795085151,0.241310248156118,0.370028846267262,0.0776281104914694,2.83051489168367,0.346298650281374,0.053482322569695
53.5999999046326,1206.75510651391,3500,1.3319,0.483675383402997,0.739591657941237,0.530495185714756,0.341030744617074,0.315416577065439,0.240710862821086,0.368072786474602,0.0757997736388731,2.83272887763234,0.349531261534484,0.0538434087124393
53.7999999523163,1217.86763186619,3500,1.331,0.484679720640047,0.717339283208823,0.521317976071693,0.365721998899056,0.315147598509187,0.243758090613588,0.360768661346494,0.0803256495307308,2.82443992255696,0.379742702042255,0.0572180590076776
54,1195.00499461816,3500,1.6518,0.483254432962284,0.689233836833907,0.51541146078179,0.391689621914749,0.317031517094859,0.246305029811728,0.351288574194779,0.0853748788986347,2.83620784842504,0.421439020422436,0.0618755824745192
54.2000000476837,1112.28872366894,3500,1.3408,0.487897761761389,0.717620045840281,0.522394020981226,0.363941068211772,0.314967163940062,0.244908006215657,0.36022074381453,0.0799040860297517,2.79798961927196,0.379346096278113,0.0571737577186109
54.4000000953674,1235.91030039756,3500,1.3612,0.474994040631361,0.731097577541977,0.52249637929006,0.356333685037026,0.315264964675748,0.238625851895359,0.367286254850054,0.0788229285788386,2.90505005898068,0.360771282009483,0.0550989310502333
54.5999999046326,1238.52178824177,3500,1.3271,0.459257996324449,0.69751327937219,0.522679188154834,0.382010067182307,0.322046760186811,0.235630016033932,0.357870884160367,0.0844523396188908,3.03921531631239,0.408745540390418,0.060457707145912
54.7999999523163,1165.23004046996,3500,1.3083,0.458067652815507,0.557845705566695,0.513409855395758,0.489500916429156,0.338452866196802,0.249870077304965,0.304297735754621,0.107379320743611,3.04952535139915,0.668751050214535,0.0895006013523588
55,1069.02913262638,3500,1.3201,0.461793600069825,0.623182554679478,0.513402651391448,0.4432068074383,0.328562068148274,0.244543259688503,0.330006940934837,0.0968877312283862,3.01732903140639,0.534978467744711,0.0745580604691967
55.2000000476837,1122.56384148457,3500,1.2848,0.475397126507261,0.547061571545248,0.524314154765907,0.483225916058556,0.340645543531202,0.257473630597218,0.296286874977195,0.105593950894386,2.90166539901471,0.692883049927651,0.0921961715928976
55.4000000953674,987.770971383949,3500,1.3188,0.485503289760428,0.771150528864904,0.534557611316286,0.314595106088672,0.31254117275542,0.238226849004897,0.378388292055853,0.0708436861838294,2.81765491877873,0.310930201097033,0.0495316288763123
55.5999999046326,1217.5082753973,3500,1.3185,0.48644527133579,0.626431944665056,0.525786692866136,0.424514031576408,0.328125209465783,0.25331138920685,0.32620801454377,0.0923553867835968,2.80990767466696,0.528882729916829,0.0738771600184133
55.7999999523163,1174.24392784351,3500,1.3811,0.479185984232123,0.63064502247339,0.520523322249963,0.4280049318722,0.327026898275192,0.250326925884453,0.329449180474408,0.0931969953659479,2.8699779121621,0.521057748559206,0.073003101211388
56,1125.79212143911,3500,1.8257,0.478797226197307,0.577495731091995,0.526279809291847,0.459418050553203,0.336334503426213,0.255410743798668,0.308060711609009,0.100194041166109,2.87321865135697,0.62627464311372,0.0847559411390678
56.2000000476837,934.735033258677,3500,1.5897,0.477823922435679,0.72208352144565,0.527958184312729,0.356663457056035,0.317696474570272,0.240267808709045,0.363090706129331,0.0789450105913522,2.88134284784368,0.373093922630126,0.0564753832190027
56.4000000953674,1172.65969577761,3500,1.3448,0.467809106457,0.795394266294072,0.530142788875223,0.304662119154011,0.310832253176862,0.229530461931517,0.390260067280113,0.0693772176115078,2.96581717736077,0.3,0.0465970813720383
56.5999999046326,1088.85332881872,3500,1.2814,0.461077243465599,0.666239165299943,0.529407103751249,0.396819534623971,0.328065932323993,0.238986828826147,0.345326922140091,0.0876203167097679,3.0235019000851,0.458490736949197,0.0660142989347277
56.7999999523163,1156.34378335484,3500,1.2895,0.454572616992791,0.654245153632856,0.528015740766855,0.407590918670167,0.330303019776169,0.237629448173392,0.34200897505966,0.0900585569907793,3.07992824107274,0.478866034465919,0.068290241512265
57,1183.96799173655,3500,2.0813,0.454573613708693,0.637836192306449,0.527041068992143,0.420062474751534,0.332237533885972,0.23930965421242,0.335787986855833,0.0926648250457754,3.07991954290235,0.507906559007729,0.0715340992387342
57.2000000476837,1127.02138193494,3500,1.8893,0.45670488005417,0.665596551941424,0.523706250286547,0.403687359973674,0.327015641174186,0.237632151978629,0.346322423725,0.0890297831221847,3.06135669885563,0.459564165183663,0.0661342020193695
57.4000000953674,1185.19945475146,3500,1.4517,0.459412032801607,0.670871219596804,0.520547755986379,0.402814377529224,0.324845334007738,0.23838875276025,0.348114855257815,0.088651057974197,3.03788280223753,0.450814385224238,0.0651568422170209
57.5999999046326,1172.81401073866,3500,1.3175,0.462679204213981,0.704807312825443,0.519700705515894,0.379442133054876,0.319605007581245,0.236460665347369,0.360204661490078,0.0837296655813089,3.00970910067297,0.397846806403339,0.0592403068747214
57.7999999523163,1184.31415998716,3500,1.2617,0.46796306563663,0.711021544100886,0.530223552775614,0.363652729244037,0.321341429173701,0.237345333327923,0.360621719490569,0.0806915180078068,2.96450639621418,0.38877136993459,0.0582265708911358
58,1187.52013773413,3500,1.4315,0.475016501171999,0.728539541889435,0.527855144147706,0.352707757543033,0.317276117410141,0.238570439811704,0.365898865618239,0.078254577159916,2.90486139233352,0.364226950793995,0.0554849329583813
58.2000000476837,1177.51821256866,3500,1.2884,0.484277642801149,0.687718604414935,0.531528154826087,0.376222131193746,0.322217065104037,0.245894260259677,0.349192369322044,0.0826963053142424,2.82775639771791,0.42379917507139,0.0621392142791943
58.4000000953674,1149.94933886413,3500,1.2516,0.492818454413816,0.684344561612421,0.534245308505435,0.37460829013155,0.322180460836351,0.249369638356907,0.346283208983703,0.0821666918230392,2.75786496146552,0.429095889459137,0.0627308629550596
58.5999999046326,1193.47210557044,3500,1.2615,0.490764287533785,0.674719607861068,0.533712433458881,0.382181133005825,0.323578477411408,0.249570697087499,0.343118370977429,0.0837324545236642,2.77456808680779,0.444518333775143,0.0644535665199862
58.7999999523163,1169.48906554727,3500,1.2843,0.493767058503887,0.738387727525579,0.533336216588412,0.337536233952668,0.314943354377354,0.244509597168387,0.36564384501146,0.0749032034428001,2.75017432844645,0.351102452773077,0.0540189124583077
59,1204.67844595577,3500,1.2821,0.48742729175972,0.749699800984533,0.533284055743371,0.330622415243257,0.31447822068089,0.241029137964191,0.370720925598692,0.0737717157562273,2.8018462498622,0.336625474067956,0.0524018184157767
59.2000000476837,1214.91602909991,3500,1.2952,0.483278500251691,0.76330539123215,0.533523712423185,0.321486192670007,0.313500549922338,0.238164637063543,0.376164781542679,0.0721700314714401,2.83600886641713,0.320060844549414,0.0505515315391585
59.4000000953674,1275.7928669677,3500,1.2353,0.489463648095183,0.75161422456338,0.539430202981046,0.322937637074418,0.315843105658551,0.241267854352162,0.370487883965812,0.0724011560234753,2.78517893293023,0.334238733598127,0.0521352169464064
59.5999999046326,1238.49406202365,3500,1.3832,0.48897637616741,0.730199255744083,0.538168049200407,0.339238134751737,0.318180386519786,0.243184941655765,0.36315346110793,0.0754812107165184,2.78916115291994,0.361981104002617,0.05523406946395
59.7999999523163,1235.42537711908,3500,1.3453,0.487633611931334,0.746840711167737,0.539272323259029,0.326714307756918,0.316655505732195,0.241030371038887,0.369152760013298,0.0731613632156203,2.80015452498024,0.340224063805143,0.052803784747568
60,1243.20534307774,3500,2.3006,0.483177549341604,0.784896856934606,0.536137908952704,0.30382054372113,0.311705105113739,0.235994739048434,0.383361207871976,0.0689389479658508,2.8368435640364,0.3,0.0478274284387752
60.2000000476837,1286.98429236363,3500,2.0535,0.487350621830155,0.732796740956677,0.533513859703522,0.342261160312527,0.316650777291109,0.242587726886839,0.364763042655391,0.0759984531666614,2.80247507950343,0.358493954108433,0.0548445510820998
60.4000000953674,1215.57931137638,3500,1.8088,0.483718178874097,0.725060911666327,0.535098760116558,0.346660942626482,0.31866391460032,0.241840418604695,0.362502469515264,0.076993197279721,2.83237535060064,0.368978755734378,0.0560157146647635
60.5999999046326,1230.13661734103,3500,1.6398,0.4832945082403,0.71856735193231,0.542713606580685,0.343833846392895,0.3219273368599,0.241849364341948,0.359584175567122,0.0766391232310292,2.83587652171707,0.37801083849598,0.05702460799278
60.7999999523163,1184.51265107856,3500,1.4186,0.478573016514894,0.65699623987614,0.527794410729724,0.402366876370958,0.325950989424594,0.246946930494346,0.339014526905928,0.088087553175132,2.87508879285102,0.474128948647766,0.0677611039476168
61,1252.17838548198,3500,1.3018,0.346723089350887,0.627910657738577,0.526635158652263,0.443680489252842,0.35268142402777,0.193861060991944,0.351079665750672,0.102377849229615,4.11416577589799,0.526126196561347,0.0735692522872503
61.2000000476837,1106.24413560267,3500,1.276,0.484247549539946,0.630690688528663,0.5248130101598,0.422955854431786,0.327587435268388,0.252057467662526,0.328283122919048,0.0920719741500379,2.8280047212444,0.520973418848582,0.0729936814922991
61.4000000953674,1117.89735188499,3500,1.3044,0.502904859451206,0.677677606401901,0.519071885793375,0.393130709231111,0.316649834562793,0.25484211663265,0.343406496008943,0.0851015527956145,2.67682863005781,0.439729313537019,0.0639186278249468
61.5999999046326,1138.61984988647,3500,1.2729,0.477683762771391,0.672847704760074,0.522252487347297,0.397042476767605,0.322217036136682,0.245343338703964,0.345581565024094,0.0868580601352599,2.88251401338122,0.447571560701879,0.0647946152411516
61.7999999523163,1212.43728007565,3500,1.3233,0.454365086824826,0.614133638048849,0.539958555165998,0.423988703335133,0.33980615974978,0.240804491200886,0.325478656982985,0.0939106920663492,3.08173966780544,0.552232123213543,0.076485312283186
62,1154.20936523122,3500,1.3705,0.456715592653514,0.65743992283099,0.541229401876188,0.392080590795369,0.333773086481587,0.23738573904448,0.341715642007827,0.0871255324661059,3.06126357812658,0.473368516175095,0.0676761628251387
62.2000000476837,1194.40474028632,3500,1.3383,0.456056781762556,0.548394737630172,0.54149429905363,0.468249695929231,0.349626275928501,0.248222267538974,0.298479905846186,0.103671550686339,3.06699379733206,0.689868282500302,0.0918594188390473
62.4000000953674,538.096833262428,3500,1.2667,0.456568708938455,0.746718244398487,0.542328590101897,0.328535324301437,0.322335932844323,0.228872115122494,0.374320404903339,0.0744715471298437,3.06254054483854,0.340379119301461,0.052821104612746
62.5999999046326,1281.94635863612,3500,1.3473,0.339445970750331,0.821543525507305,0.536182053081159,0.29973094155607,0.329127879328105,0.175050581543534,0.423665868195428,0.0721556709329334,4.19065300446378,0.3,0.0437998650850153
62.7999999523163,1123.15717081469,3500,1.3342,0.493197994664896,0.804723445001276,0.534336087330594,0.290266090734392,0.307359419670094,0.238054803939948,0.388420642415262,0.0661651339746966,2.75478618089346,0.3,0.0455553087696232
63,1248.33799454896,3500,1.4802,0.478713440302904,0.800982790789109,0.535345068931717,0.294066256442291,0.310179384702117,0.232895583929259,0.3896806295225,0.0672444018461232,2.87391741856667,0.3,0.045967183191776
63.2000000476837,1182.57773578809,3500,1.3569,0.45560710406473,0.803576630781751,0.529169656632356,0.301863295479402,0.311318017925837,0.224161482112924,0.395364617760121,0.0691558822011171,3.07090900115832,0.3,0.0456807510403653
63.4000000953674,483.571053979762,3500,1.3484,0.437502913349003,0.766740562050464,0.523025695198624,0.336580698228574,0.316643351559782,0.220607012354711,0.386622213210709,0.0761274228747987,3.23122377992688,0.316024913481333,0.0501007137118206
63.5999999046326,863.164426336312,3500,1.2918,0.424343234765377,0.639361340170653,0.540328753393375,0.410511596273182,0.341506405863723,0.225917033038286,0.340390997609752,0.0921855634882395,3.35104569088312,0.505150607408768,0.0712262564903984
63.7999999523163,1151.59789398472,3500,1.2492,0.420094928290581,0.56292954403198,0.512502759347383,0.492754111610385,0.344191474263281,0.233307931508368,0.31263392785405,0.109866666374301,3.39031913755445,0.657576458700232,0.0882523874996227
64,961.64840738013,3500,1.388,0.42353380972705,0.647686593539061,0.532814302319085,0.412231613072969,0.337995326352584,0.225225832720303,0.344425283227383,0.0923535576997292,3.35850614822247,0.490311840930276,0.0695687503656992
64.2000000476837,1174.22784341719,3500,1.25,0.438696601080742,0.611085117643038,0.540623195706213,0.427916133238166,0.343176519258936,0.234616854399449,0.326810984444667,0.0953956418969479,3.22049204510649,0.558136964296825,0.077144889362932
64.4000000953674,1140.37029110845,3500,1.2921,0.461065523563561,0.624065390219076,0.543409616746381,0.412782152008598,0.338370307626069,0.242305786878356,0.327967821735723,0.091356083759853,3.02360295913455,0.533317077077838,0.0743724813504841
64.5999999046326,1086.39038709731,3500,1.2777,0.479023909830338,0.643171018156773,0.525263794853281,0.414673584912692,0.326898643315504,0.248675295971275,0.333888851930022,0.0905372087831994,2.87132869222774,0.498317305708186,0.0704629693642718
64.7999999523163,864.459973483983,3500,1.267,0.505715475014355,0.636291620131906,0.543182942333325,0.397764864074163,0.329246218532798,0.258675445355607,0.325465654791341,0.0866126813202541,2.65453753312227,0.510709463965684,0.0718471867276096
65,794.681427140982,3500,1.4694,0.507654587066725,0.72714144522138,0.516178191386898,0.360925378971105,0.308885877931034,0.251851189107975,0.360740240104687,0.0785226928563045,2.6392320450915,0.366129477289693,0.055697447207702
65.2000000476837,1182.41314394352,3500,1.2339,0.504343614072872,0.678215334639267,0.523979363713325,0.387680749351936,0.31791786531058,0.255032367743178,0.342954402130672,0.0840953648155698,2.66540202328273,0.438863427153297,0.0638219073875444
65.4000000953674,1138.53945538349,3500,1.3687,0.497361758122384,0.689136054199278,0.54186565776084,0.363337628536361,0.323242118858051,0.250162552592679,0.346621008927103,0.0799743196221663,2.72116161758257,0.421590981996985,0.0618925567453185
65.5999999046326,1146.39154975173,3500,1.2789,0.489057744235574,0.710560311001402,0.52333171790032,0.368012877316964,0.315960271969804,0.24597759920196,0.3573850357109,0.080677093117336,2.78849590980512,0.389438333919013,0.0583010714832664
65.7999999523163,737.431704173487,3500,1.2668,0.484985634179726,0.643725856807757,0.539308436592816,0.399492116534466,0.330370291926294,0.250093185705862,0.331950967006638,0.0875855553612055,2.82191837601007,0.497328162768418,0.0703524810374122
66,980.841789154349,3500,1.6366,0.489762539846485,0.774449135406051,0.542417824723776,0.304253108507649,0.313918880529979,0.239074915884294,0.378043126699524,0.0689630768862026,2.78273812595127,0.307182981297695,0.0491130604072284
66.2000000476837,1146.53613750706,3500,1.4622,0.494255895318908,0.806451068806096,0.527512910416044,0.2959126361689,0.304914588804808,0.238662490655665,0.3894128982498,0.0670100222897274,2.74621679535743,0.3,0.0453677224108161
66.4000000953674,1180.04623607757,3500,1.3586,0.501971473838209,0.695010382669058,0.542125105818638,0.358336149118878,0.321856815164938,0.251319956801677,0.347967939320399,0.0788552887129852,2.68425930296709,0.412546666699185,0.0608822970298939
66.5999999046326,908.85655983908,3500,1.4007,0.499488260582754,0.730340655273996,0.537058720649953,0.338936310336111,0.316224938378063,0.247220550983357,0.36148040594934,0.0750741046892394,2.70409601035582,0.361790405495145,0.0552127682362122
66.7999999523163,1137.06860179826,3500,1.382,0.495253674990533,0.71976153496752,0.532770372883899,0.351225487857864,0.316838840444916,0.246893102406541,0.358814416398671,0.0774536407498723,2.7381508208845,0.376333993209402,0.056837302576477
67,1170.40819494431,3500,1.3287,0.491144204251586,0.727405894918165,0.53604786248295,0.343261741483361,0.31752723973842,0.244393398343682,0.361957235971402,0.0761221259464962,2.77147376693401,0.365768865313417,0.0556571664633299
67.2000000476837,756.417044093038,3500,1.406,0.487323703566447,0.799441151089862,0.53340421630792,0.2960370811431,0.308520392894402,0.236377722436043,0.38777116141346,0.0673307232560958,2.80269587939859,0.3,0.0461392034890623
67.4000000953674,1039.59468130349,3500,1.479,0.484955542860757,0.650948730403698,0.5391959658439,0.394648210387619,0.329365114251174,0.249350931660142,0.334700107625646,0.0865838464630385,2.82216634263886,0.484591972016976,0.068929834875654
67.5999999046326,1141.5560900477,3500,1.3399,0.488607953934572,0.713681978033927,0.534821435924119,0.354500999307817,0.319250634414227,0.244817978214907,0.357591761541561,0.0783396258293046,2.79217459823188,0.384945024256411,0.0577991639765523
67.7999999523163,1178.18299474822,3500,1.362,0.490910935142784,0.736799127285821,0.529325602306571,0.343458433428349,0.314296381038947,0.243795032961767,0.365907448100748,0.0760011378985375,2.77337340765756,0.353186748493764,0.0542517305249395
68,1177.41204853384,3500,2.3365,0.488985541613376,0.707854753909009,0.531586091869186,0.361765802373443,0.318911989624575,0.245720490151224,0.355704621679632,0.0796628985445685,2.7890862134414,0.393372112033914,0.0587404787162131
68.2000000476837,715.519116035773,3500,1.5456,0.489180831968425,0.656786503288286,0.539956701031915,0.389245894734181,0.32814566832439,0.250360303345495,0.336140047709588,0.085353980620527,2.78748977942777,0.474488760812704,0.0678012953522049
68.4000000953674,1067.04452017292,3500,1.4289,0.499091511120677,0.715478807271101,0.530534929681831,0.355994761529073,0.316089005049808,0.248900357927544,0.356814185878409,0.0781964511442386,2.70727451385093,0.382380772779688,0.0575127343373974
68.5999999046326,1165.84652537336,3500,1.3294,0.503491635964535,0.755321002872759,0.530326048182121,0.327669925531578,0.310497978236843,0.246716751844597,0.370116067711394,0.0726692022071656,2.67216444445739,0.329669529087981,0.0516248319038526
68.7999999523163,1103.78183511515,3500,1.3131,0.505791903740199,0.756177776350055,0.539007236006243,0.318154696279349,0.312732001573308,0.246987789913179,0.369255965508881,0.0710242430046324,2.6539331392699,0.328623191864009,0.0515079549141279
69,893.958891017115,3500,1.4403,0.505568861928712,0.62392100215889,0.530342928993011,0.419352833218375,0.326807380898186,0.260741855377197,0.32178073446036,0.090670029264256,2.65569720235575,0.533588531542934,0.0744028031052691
69.2000000476837,905.3239569127,3500,1.3862,0.503137316794952,0.706858341945359,0.541813289244636,0.350371111122486,0.320071489577051,0.250601167770798,0.352069941996029,0.0772574006561223,2.67498020769376,0.394830079217561,0.0589033352137533
69.4000000953674,1142.69995022452,3500,1.386,0.497761559141619,0.652317227010615,0.525027762785178,0.406028165955988,0.322598537858665,0.255078042054591,0.334280134752245,0.0880432853344989,2.71794761180686,0.482208276583971,0.0686635735401616
69.5999999046326,987.147055783338,3500,1.4964,0.497391956387637,0.716932462141425,0.536732747187741,0.349179353149168,0.318096365962428,0.247738497726924,0.357086134710554,0.0770790016000937,2.72091876403077,0.380318077473289,0.0572823290602
69.7999999523163,825.92934282781,3500,1.718,0.502240611816949,0.697802289948115,0.52188743158546,0.376744167836359,0.315089750936005,0.252364672100179,0.350630040562497,0.0819155364013194,2.68211526819492,0.408308639901508,0.0604089048928877
70,951.301209865283,3500,1.6017,0.507176101419551,0.593725978919146,0.535522117176176,0.435179345961651,0.332284025048813,0.264269405779782,0.309367123580585,0.0940794455908201,2.64300316009626,0.592646450513016,0.0809996359718544
70.2000000476837,975.254402211766,3500,1.4364,0.509209255105705,0.724221019634117,0.538038721608277,0.341066194426662,0.315820963930029,0.25140917471525,0.357565788586961,0.0752040727677594,2.62700444219118,0.370135115029116,0.0561448812377504
70.4000000953674,1099.50144974521,3500,1.6134,0.506700048436716,0.777954621207126,0.527406576499661,0.314414853168352,0.306440756571397,0.245928366583268,0.377582575449998,0.0700483013953367,2.64675873769871,0.303260375608177,0.0486749011461753
70.5999999046326,934.242839076872,3500,1.4986,0.508826164326973,0.602890145011678,0.515386418484878,0.448959879405024,0.324228296986126,0.265233870887416,0.314266242760595,0.0962715893658629,2.63001389479803,0.574240592322116,0.0789436818785016
70.7999999523163,805.8926564101,3500,1.7296,0.50999690705286,0.637520533276899,0.539115017460509,0.400629034605745,0.327088410060514,0.260439574789768,0.32556192853376,0.0869100866159585,2.62082424878211,0.508478409489659,0.0715979755506625
71,857.814273793955,3500,1.6998,0.512717665707256,0.605471292734745,0.541217994582268,0.420617124371472,0.331599294488323,0.2647618262845,0.312658790498585,0.0909800887285919,2.59955258651029,0.569132252140983,0.0783730748034764
71.2000000476837,1032.2743178811,3500,1.6452,0.507384003634621,0.733534788673986,0.517366941138936,0.355718930106759,0.308505923583977,0.251033471323187,0.362923905795335,0.077536699297502,2.64136415900044,0.357509272117543,0.0547345610480127
71.4000000953674,1034.62957252819,3500,1.9084,0.503068006696355,0.663328322322364,0.523673797870412,0.399057771078506,0.319898304473165,0.256069086391835,0.337643967046071,0.086388642088929,2.67553124774987,0.463369546375684,0.0665592671783727
71.5999999046326,743.754942952169,3500,1.8094,0.508702634955831,0.617104928197853,0.526396107388197,0.427826329542615,0.325928817967164,0.262930146316839,0.318959403616992,0.0921816320990049,2.63098480719475,0.546521590025927,0.0758474396037089
71.7999999523163,838.003911080138,3500,1.7905,0.501154458318466,0.734986123089452,0.527344288602459,0.345502367808982,0.312365716072819,0.247958804410591,0.363652916410503,0.0760225631060874,2.69077499564435,0.355580887387898,0.0545191584062367
72,1036.33153673218,3500,2.6912,0.500873099464674,0.601665896434027,0.532880515423422,0.433344351774089,0.331378590819488,0.261117685717688,0.313663494046742,0.0938402294160817,2.69302130270401,0.576675145159269,0.079215624040563
72.2000000476837,1024.0305311015,3500,2.1565,0.505656916796615,0.725815038390447,0.541793296813162,0.336976371726542,0.317307085406342,0.249686942454307,0.358398217651513,0.0746077544878384,2.65500067128823,0.36794348293208,0.0559000735828022
72.4000000953674,1109.81951361772,3500,1.7921,0.503078247016654,0.722057591849794,0.516923313589918,0.364968435645158,0.310385467962306,0.250558618210471,0.359621497361772,0.0794344164654511,2.67544982870433,0.373129955620839,0.0564794081426972
72.5999999046326,806.539640311179,3500,1.7194,0.505354993310782,0.606772631751646,0.539854760494975,0.422276897569336,0.3321869394136,0.261855884847457,0.314406677467686,0.0915504982712575,2.65738946114061,0.566569407848816,0.0780868023483452
72.7999999523163,1034.20622766118,3500,1.5781,0.503152749064519,0.689563986946011,0.527968187747927,0.376461252914605,0.31789918419149,0.253162399200497,0.346955618670638,0.0819827979373743,2.67485752609716,0.420926295502142,0.0618183105512157
73,1044.34520049943,3500,1.5121,0.504825334918506,0.702217882488324,0.536800543249982,0.358576776715935,0.318822858454193,0.25199427202589,0.350526948354865,0.0786559211650523,2.66158359150856,0.401685473774345,0.0596690901356041
73.2000000476837,1104.91843795225,3500,1.8694,0.503061538864882,0.725833375930833,0.525389321137282,0.353728974408556,0.312585998485982,0.249680973285467,0.360247742561298,0.0774852856672521,2.67558267324271,0.36791834438371,0.0558972655799976
73.4000000953674,1183.70395758725,3500,2.2219,0.492126225307429,0.710315600662405,0.543716065108582,0.348097506168286,0.321893210179105,0.245943878003483,0.354985701735672,0.0771772100817398,2.76348616816384,0.389792628048959,0.0583406465174299
73.5999999046326,1119.08387013239,3500,1.7649,0.494637472015075,0.757554021825103,0.509881108621256,0.348872496491525,0.305106842908647,0.244318443523769,0.374181961474684,0.0763927520929005,2.74313027753051,0.326950130832957,0.0513210722032244
73.7999999523163,1183.89278125036,3500,2.6932,0.504814600575108,0.702972496406058,0.532568130701344,0.362313515746649,0.31740253118617,0.252169719386794,0.351155408249677,0.0792723411773593,2.66166863842872,0.400563344728123,0.0595437471180755
74,1079.09784424771,3500,1.9031,0.498057350013102,0.675183569709049,0.525780600220468,0.389608446745621,0.319814501651574,0.2527911782141,0.342692362823402,0.084701957310925,2.71557139100695,0.443764283467391,0.0643693382921721
74.2000000476837,1049.8462327496,3500,1.476,0.496989298334128,0.658053569004076,0.521744544479481,0.405882880572241,0.320898178228449,0.254374714500342,0.336812461158478,0.0879146461127306,2.72415812792315,0.472318404177126,0.0675588641891116
74.4000000953674,1044.66731944162,3500,1.3964,0.503931354885919,0.707731132186624,0.529395744601023,0.362328438819583,0.315944658900054,0.251551912341924,0.353284466226086,0.0792189625319358,2.66867280532256,0.393552727732282,0.0587606536833639
74.5999999046326,903.996618703815,3500,1.4221,0.506574677960218,0.631182690185227,0.521020954394412,0.424027574675774,0.322658190113599,0.260937775582604,0.325123647763757,0.0912803865400401,2.6477483874405,0.520065520047516,0.0728922682228366
74.7999999523163,800.230236237149,3500,1.5365,0.506399993054393,0.658287716944238,0.53823230352836,0.387829051607667,0.324641003761185,0.25694397573003,0.334010792823469,0.0844042276853165,2.64912773485362,0.471918210977952,0.0675141621797056
75,950.283237537525,3500,1.5022,0.501849714602914,0.689011472814679,0.53713550056196,0.368097985164307,0.321046942032794,0.252153313776159,0.346192338153428,0.0806074060376188,2.68522965472959,0.421784660102237,0.0619141907973228
75.2000000476837,995.892288551389,3500,1.4745,0.502410219422279,0.683876667795804,0.525752086432828,0.382990937749368,0.318021458097628,0.25357978346353,0.345170720322594,0.0832280381162484,2.68076471788308,0.429834902909711,0.0628134115498054
75.4000000953674,655.725658357305,3500,1.5972,0.49749644842217,0.645925324783592,0.521764797308715,0.414370828340465,0.322401120266694,0.255820435982734,0.33214488007401,0.089633563676562,2.72007855478667,0.493422189074011,0.0699161795880446
75.5999999046326,972.623619505811,3500,1.8402,0.491731139888744,0.657261122512473,0.542501091214306,0.386640980620151,0.328450651883819,0.251122132793503,0.335656625132441,0.084770590190236,2.76669787327037,0.473674845353526,0.0677103801227934
75.7999999523163,1081.39013916393,3500,1.7044,0.488858934223079,0.711401526084891,0.542571286180656,0.349123731691734,0.321891992106387,0.244649262083661,0.356020614982641,0.0774381308273101,2.79012151298853,0.388222697865325,0.0581652836327524
76,1128.2171977406,3500,2.1593,0.491865945193713,0.708573445651289,0.528638886979239,0.364441750787159,0.317421353814363,0.246906990065462,0.355689875291471,0.0799817808287034,2.76560174123103,0.392323591448905,0.0586233578427197
76.2000000476837,1087.83566687062,3500,1.8063,0.349722679768905,0.686030748431974,0.523563962087472,0.406699647387519,0.342228147582489,0.190465905558075,0.373625947928578,0.0936799989308579,4.08288474565547,0.426441727325466,0.0624343901991279
76.4000000953674,1050.50706589725,3500,1.7361,0.494817125312456,0.626520044050918,0.520883858136153,0.4293531612643,0.325103215679512,0.256856712267105,0.325222936822857,0.0928171352305255,2.74167789502056,0.52871819373932,0.0738587811509817
76.5999999046326,888.827537950077,3500,1.5478,0.493670340764021,0.614218791136957,0.535335753441913,0.423595362862135,0.331626560263001,0.256781655512635,0.319484694565657,0.0921070896587069,2.75095779057618,0.552067852779577,0.0764669630995932
76.7999999523163,1003.72738291916,3500,1.4888,0.494651491145785,0.698597232238236,0.527339606187181,0.372392866687572,0.31784101194887,0.249032680786634,0.351709323935176,0.0814169833293196,2.74301692320943,0.40710907103613,0.060274911764534
77,1039.91262049015,3500,1.4347,0.4929549577711,0.659185110748091,0.535520993380886,0.39208194552512,0.325780747728324,0.251832569150777,0.336753444444947,0.0856332386759525,2.75675739879125,0.470386971839478,0.0673431211262543
77.2000000476837,785.265931137456,3500,1.4308,0.497313871701365,0.633847182626715,0.504790616770307,0.440812271049747,0.318469976180677,0.258057798657455,0.328905381372718,0.0945668437891496,2.72154674867097,0.515169714175985,0.0723454014580578
77.4000000953674,761.704170278039,3500,1.4459,0.500732723690744,0.625576172580941,0.529924488312496,0.42005332047592,0.327195447497937,0.258687565636021,0.323183945343284,0.0909330415227577,2.69414250554611,0.530483006347842,0.074055912611458
77.5999999046326,850.961667204841,3500,1.9237,0.504434110306276,0.555857324917092,0.536024168622076,0.462248587352798,0.338143571030303,0.2673114847343,0.294561854141479,0.0999830900939179,2.66468440822346,0.673156789574504,0.0899927271623822
77.7999999523163,870.72883318383,3500,1.5732,0.505189438643779,0.719226419174324,0.526625301496897,0.357190766678698,0.313449753621053,0.251045664269401,0.357407856043952,0.0780967260655954,2.65869993303727,0.377084509224182,0.0569211360199769
78,1099.92708622946,3500,1.9465,0.505408937758044,0.61616943480189,0.521682237481108,0.434349112786131,0.325027835227784,0.262033482989269,0.319458187322289,0.0934804944606583,2.65696255079701,0.54831475695075,0.0760477382717155
78.2000000476837,577.612317363961,3500,1.4377,0.502330645152716,0.629715150152329,0.528893543621611,0.418026713412624,0.326051532158259,0.258934553737248,0.324596982007152,0.0904169320973403,2.68139829403289,0.522777175066781,0.0731951629957288
78.4000000953674,998.302664702864,3500,1.3782,0.503775552829578,0.661383732231481,0.536076943396091,0.388499053523812,0.323953770239434,0.255743231329073,0.33575351538859,0.0845494830429031,2.66990961575673,0.466652441993704,0.0669259701385886
78.5999999046326,945.012225794496,3500,1.392,0.502012930911852,0.678456558626975,0.531068758490068,0.381808885588437,0.32044207740142,0.253638499195169,0.342785399943175,0.0831340234602359,2.68392896783203,0.438475461725021,0.0637785712332574
78.7999999523163,1023.92114606743,3500,1.6045,0.505586416595435,0.747288780712301,0.533901634124217,0.330283122968388,0.312226359053644,0.248030598069553,0.366604950463008,0.0731380924137949,2.65555833163954,0.339657400884688,0.0527404878918182
79,1128.39115378133,3500,1.5515,0.503827635062915,0.650878654932659,0.520716428046943,0.411371414600787,0.320404407884152,0.257807750223277,0.333053508816736,0.0887343330758345,2.66949612581808,0.484714283954073,0.0689434972501618
79.2000000476837,571.006424375144,3500,1.4681,0.504813758895626,0.637254123867617,0.531758415580384,0.409592715113719,0.325571084948288,0.258916392072244,0.326844377114287,0.0886681458651813,2.66167530703264,0.508961426627625,0.0716519290828294
79.4000000953674,795.448607975423,3500,1.4449,0.50305956911442,0.627858821891261,0.544447081701683,0.403972517949155,0.331146353405985,0.25840611732343,0.322511627554951,0.0879359017156339,2.67559833478997,0.5262226411104,0.0735800252467804
79.5999999046326,1005.51680471477,3500,1.3956,0.506304323163829,0.677732332370684,0.523873768323891,0.3890235730715,0.317587435655693,0.255791253726256,0.34239882034707,0.0842224902709803,2.6498833706138,0.439641123998099,0.063908776958899
79.7999999523163,516.19108087927,3500,1.4567,0.507144619437218,0.609773180117629,0.528099072329733,0.432203135199763,0.32767362286471,0.262974159702555,0.316191049859771,0.0931611675729644,2.64325140919748,0.56069242738877,0.0774303373300849
80,811.44321687946,3500,1.5043,0.496034297719189,0.65312621798219,0.53259604023224,0.399032655772003,0.325142743858838,0.253817484520633,0.334200385910736,0.0868393857097929,2.73185143260313,0.480803551628348,0.0685066642565741
80.2000000476837,800.616970514674,3500,1.601,0.494098054284938,0.668826173486348,0.536954021331779,0.384031521100499,0.324777750647637,0.25119911015631,0.340030765496867,0.0839923736991861,2.74749422942628,0.454190258419235,0.0655339308722691
80.4000000953674,1060.74751895826,3500,1.596,0.493641101096836,0.702448932274259,0.538419188031667,0.3591416487415,0.320978598088368,0.24758813632935,0.352316737042139,0.0791165285401422,2.7511946759874,0.401341594761822,0.0596306784812231
80.5999999046326,997.930781232447,3500,1.4545,0.503229922949941,0.659237902153358,0.524318644603137,0.402075106139998,0.320565576739392,0.256480538386344,0.335992921640704,0.08696096323356,2.67424407561857,0.470297018322112,0.0673330732219228
80.7999999523163,695.908293338181,3500,1.4509,0.501821256291788,0.64936954004601,0.528126758724473,0.40535546430045,0.323285994843446,0.256720691370789,0.332203140432158,0.0877901733536072,2.68545648546154,0.487354298618866,0.0692383897186519
81,815.37587879511,3500,1.745,0.502097783467156,0.592360325848916,0.524342640138795,0.449075683486688,0.329628856067386,0.263130795654377,0.310434040912087,0.0968063073661507,2.68325293782656,0.595425259855006,0.081310031954593
81.2000000476837,750.889492922211,3500,1.3755,0.503120937156321,0.601161191492669,0.541299885398107,0.425878089999999,0.333746005604377,0.261462108399714,0.312411710600151,0.092380175395757,2.6751104247393,0.577680987928868,0.0793279777563191
81.4000000953674,1008.14508909667,3500,1.32,0.507404784026212,0.684964445679984,0.535834739037184,0.371963969486448,0.320271122259335,0.254732847900703,0.343873273275592,0.0811227565643698,2.6412003744021,0.4281185012143,0.0626216876402263
81.5999999046326,1031.0595138031,3500,1.7056,0.507877466969033,0.179349639998689,0.523781663883229,0.548514561887293,0.465254100301237,0.375932205160751,0,0.158813694538012,2.63747670013452,1.8636675334257,0.222974053630032
81.7999999523163,838.704818784586,3500,1.5335,0.50822658579758,0.232223926935035,0.528259687116367,0.533547785026542,0.468064049804193,0.376371166350868,0,0.155564783844939,2.63472872733044,1.65370024592765,0.199520482504767
82,836.727234769127,3500,1.3652,0.507885976219143,0.220039230543462,0.531120002309001,0.531001021136485,0.469324771782529,0.375805439803522,0,0.154869788413949,2.63740969921429,1.70084700472809,0.204786826010119
82.2000000476837,812.629109348424,3500,1.5396,0.510343117045422,0.213592636390289,0.544402587790211,0.511233309218719,0.474572371856902,0.375708908582786,0,0.149718719560311,2.61811090419835,1.72609135384894,0.207606646872083
82.4000000953674,470.949340064256,3500,1.3053,0.508717957336786,0.710870198520326,0.535915313473521,0.35365913281161,0.316836666403484,0.252628493670511,0.353016961279698,0.0775178786463075,2.63086436354672,0.38899010525919,0.0582510038614058
82.5999999046326,1100.95810788657,3500,1.2013,0.512690407530003,0.207987577478728,0.545257137477876,0.510465585642274,0.4740915701346,0.376665096299506,0,0.149243333565894,2.5997651113062,1.74820919357003,0.210077233282077
82.7999999523163,937.42134643562,3500,1.3249,0.511239569276208,0.213042598314193,0.51441766269493,0.557912502035327,0.460230092444398,0.378735506907635,0,0.161034400647967,2.61109406913045,1.72825488017019,0.207848315081743
83,615.021623307497,3500,1.382,0.510106636589506,0.619091519370027,0.544060531622674,0.409777522069184,0.331039131313119,0.26206370220319,0.318053920359531,0.0888432461241608,2.61996406010917,0.542728176539587,0.0754237112502612
83.2000000476837,895.288497480646,3500,1.341,0.513777651781378,0.685087546081806,0.543225501333353,0.363858834661322,0.321578375040395,0.256665688530679,0.342246234551484,0.079509701877442,2.59129737525785,0.427924634081946,0.0626000324736921
83.4000000953674,1051.34671971651,3500,1.3185,0.505119818285584,0.692532740485322,0.544142373967316,0.359072256904659,0.322246898590943,0.252584499817854,0.34630008471391,0.0788685168772935,2.65925115402954,0.416340289183665,0.0613060487286578
83.5999999046326,1219.93475552693,3500,1.1829,0.507930408341748,0.180246956634659,0.536079124846141,0.529458825775113,0.470984658818337,0.374881352465859,0,0.154133988715804,2.63705986427775,1.85998763026685,0.222563004501862
83.7999999523163,1065.12776980401,3500,1.1738,0.505102199337473,0.179808167954075,0.538654379215355,0.526011953816168,0.473114431748644,0.373304670466211,0,0.153580897785145,2.65939066480485,1.86178660338713,0.222763951728126
84,806.401964218244,3500,1.281,0.509495766701693,0.164749787689629,0.531627553717482,0.538465193160175,0.468147257538727,0.375816151482364,0,0.156036590978909,2.62475522306848,1.9241072929113,0.229725239563709
84.2000000476837,640.18022635204,3500,1.1693,0.509443452089013,0.167796696992526,0.543927261737875,0.519150671738944,0.473913976460567,0.374741795153812,0,0.15134422838562,2.62516581358676,1.91140584384138,0.228306474085024
84.4000000953674,672.996938695453,3500,1.1624,0.515001807839975,0.133357111175342,0.538126269683995,0.532363585959065,0.468862020499066,0.37744295806102,0,0.153695021439914,2.58178597118794,2.05767474187587,0.244644866814406
84.5999999046326,1010.77203029532,3500,1.318,0.508218925001262,0.203358918776621,0.539335026474208,0.52104893069785,0.472752556732528,0.375009834734204,0,0.152237608533268,2.63478900581531,1.76659253073188,0.212130671752339
84.7999999523163,549.894208527548,3500,1.4604,0.498441437973174,0.593457187424027,0.537243524895345,0.436315848804365,0.334258534458423,0.260712491600853,0.310410993558043,0.0946179803826804,2.71248792913934,0.593192646142958,0.0810606466093103
85,932.994647823599,3500,1.4275,0.505873467147145,0.676053504596979,0.541671130466298,0.373059387420086,0.323459632710732,0.254675111537678,0.340349935053212,0.0815153206983788,2.65328824375347,0.442353329709748,0.0642117332447209
85.2000000476837,1068.04671105047,3500,1.6676,0.50895417574038,0.643889504282674,0.529794986201115,0.406896403788956,0.323386471515973,0.259915469430167,0.328824972353029,0.0878730867008309,2.62900801218248,0.497036712900099,0.0703199257746495
85.4000000953674,1449.29837462361,3500,1.7211,0.501358054185282,0.154604955678323,0.543315644029608,0.523391783146367,0.476116250587228,0.370782592251319,0,0.153101157161453,2.68915032100711,1.96673195240912,0.234486459728692
85.5999999046326,1389.8873195423,3500,1.4504,0.499074136221282,0.142371048578062,0.541809513230579,0.527882123121386,0.475990761991279,0.369670800857954,0,0.154338437150767,2.70741376801964,2.01881854579273,0.240304588053117
85.7999999523163,798.451082142272,3500,1.3841,0.508742207696425,0.510449581594709,0.528687982902044,0.491475028161512,0.342008053234034,0.275142889088465,0.276066287579924,0.106782770097577,2.63067374799186,0.779149030401988,0.101832174100023
86,1387.58635414469,3500,1.6594,0.51293244291233,0.139758051189532,0.542724412612978,0.524839795504569,0.471746422513767,0.376130306141613,0,0.15212327134462,2.5978784413388,2.03004052623308,0.2415580952997
86.2000000476837,1362.24225973387,3500,1.3442,0.510444255063673,0.151929895057097,0.545142949958057,0.519727999118727,0.473871730184263,0.374892731991002,0,0.151235537824735,2.6173186192013,1.97805725724467,0.235751508420994
86.4000000953674,632.66263554382,3500,1.389,0.509023870058146,0.594839779276454,0.542359866128589,0.428894359258962,0.333947771163615,0.264349345295469,0.308915780687201,0.0927871028537153,2.62846048138145,0.590387011141881,0.0807472541716912
86.5999999046326,927.946610410432,3500,1.3856,0.511797762807093,0.6479123816523,0.541500375319004,0.392186504289322,0.326119929804226,0.259830587380342,0.328933549401167,0.0851159334142652,2.60673139520128,0.48991422748439,0.0695243365175013
86.7999999523163,1122.6533368291,3500,1.3875,0.517856007129475,0.575364031193709,0.545537670195102,0.43815791318192,0.336175305664528,0.269690432446392,0.29963961458486,0.0944946473042207,2.55970263888906,0.630789265010144,0.0852602292451492
87,1041.2925740223,3500,1.3504,0.516399076319964,0.609728501485325,0.545304563200738,0.414568835198264,0.33165057575192,0.265386770864469,0.3133504406444,0.0896122127392114,2.57095882707347,0.560779606382225,0.0774400753171208
87.2000000476837,1054.81679620266,3500,1.3169,0.510481821708195,0.691518061113591,0.540339663306873,0.363060360917272,0.320350782189034,0.254937162342188,0.345347561287784,0.0793644941809941,2.61702437502502,0.417902766547795,0.0614805791254062
87.4000000953674,1158.33055714333,3500,1.2852,0.506842496475143,0.646145602684973,0.543180090566626,0.392613347050891,0.327664041977045,0.258006990448458,0.328918911692779,0.0854100558817188,2.64563458626295,0.493032336247953,0.0698726326094019
87.5999999046326,1109.38434204074,3500,1.3061,0.513682454655455,0.669699626023983,0.538057630690855,0.380138988108093,0.321917438430484,0.258507472261394,0.337022134840053,0.0825529544680692,2.59203803927955,0.452745842621742,0.0653725880790909
87.7999999523163,1093.0795115832,3500,1.2898,0.514658161958233,0.657117344776491,0.535061884103885,0.39178744988774,0.322436972446866,0.260367569038448,0.332438224590597,0.0847572339240887,2.58445359803009,0.473921288132809,0.0677379080454575
88,1082.31722436703,3500,1.4127,0.517070652229858,0.668359089573286,0.539394100631126,0.379300333349194,0.321982103603724,0.259841387629884,0.335867743645538,0.0823087651208535,2.56576603950156,0.454964233671649,0.0656203847377639
88.2000000476837,1158.37144804245,3500,1.3261,0.515219076515362,0.679764581720767,0.545746492622298,0.365423097118024,0.322793866769787,0.257571823095247,0.339832530607347,0.0798017795276194,2.58010035019695,0.436376807801189,0.0635441493399405
88.4000000953674,1133.38737166582,3500,1.4837,0.510650410821783,0.628377574883328,0.535551989154337,0.412087753556463,0.326976774449169,0.261820331170188,0.322181322621692,0.0890215717589507,2.61570416343112,0.525258067123991,0.0734722812983521
88.5999999046326,1087.71877828053,3500,1.6183,0.510935360939326,0.667141185758436,0.540759592008739,0.379798235776582,0.323515340329684,0.257552763356946,0.336293138187629,0.0826387581257403,2.61347376943638,0.45698747554575,0.0658463830242745
88.7999999523163,1124.2413616347,3500,1.8004,0.510803090903161,0.681555917462048,0.545755691042168,0.364885089136919,0.323246519112646,0.25571940798482,0.341202077328439,0.0798319955740954,2.61450892695921,0.433516584258594,0.063224659303708
89,1109.04277978637,3500,1.7253,0.509610123640238,0.66651637280779,0.545702246406953,0.375664719031157,0.325349619798225,0.256798632702402,0.33586556716765,0.0819861803317228,2.62385784668914,0.458028324013182,0.0659626469140091
89.2000000476837,1122.84810533461,3500,1.5264,0.506101203699621,0.715366685949569,0.545343322714193,0.342365585088157,0.319560929649057,0.250601553449789,0.35422164870327,0.0756158681978837,2.6514881678957,0.382540308668328,0.0575305546672014
89.4000000953674,1206.00294053953,3500,1.7728,0.508585813528324,0.689588135118073,0.541174193939219,0.364119716010571,0.321134087009795,0.254353222214964,0.344875848879181,0.0796368418960598,2.63190322132495,0.420888814648689,0.0618141238997008
89.5999999046326,1176.61180217712,3500,1.8963,0.510848013638405,0.675381886097983,0.543479154133389,0.371496770006173,0.323315982034078,0.25650225625282,0.339116474942467,0.0810652867706347,2.61415732609195,0.443442299683257,0.0643333723582766
89.7999999523163,1135.38021571497,3500,1.7287,0.50972921041003,0.682580988879159,0.530391534101846,0.379594081883499,0.318461914945271,0.25615899962633,0.343023824619716,0.0823552608086832,2.62292357700138,0.431887071552331,0.0630426409873729
90,1157.48666407957,3500,1.8404,0.503802413516446,0.695710532682188,0.533948683501598,0.367755990451793,0.318826672842848,0.252365595230634,0.348496549397397,0.0803111825291213,2.66969635865683,0.411480199801395,0.060763171534022
90.2000000476837,1086.29046755211,3500,1.748,0.500676954660574,0.609580791033248,0.527056280094716,0.435471460786943,0.328357381032177,0.26049747747251,0.317159112081582,0.0939860294137307,2.69458802885631,0.561067896825562,0.0774722776687256
90.4000000953674,1026.80924399919,3500,1.5139,0.507016428268626,0.703353599083234,0.531416746191826,0.364504789490286,0.31658350676737,0.25297361432627,0.35093518116775,0.0795076977386102,2.64426241597618,0.399997717942177,0.0594805659996612
90.5999999046326,1147.05006880614,3500,1.3676,0.501826659636854,0.667871952850739,0.544840850669772,0.376896046570996,0.326117078384079,0.253737005292328,0.33769395463708,0.0824519616865136,2.6854134163886,0.455772599257955,0.0657106800404253
90.7999999523163,1079.7752643772,3500,1.3804,0.496162836418568,0.630036564573981,0.545381554091188,0.403723025475778,0.332214437376648,0.255396757648963,0.324307432926599,0.0880813720477909,2.73081509924626,0.522182358880556,0.0731287213900085
91,1001.66389018819,3500,1.4375,0.503409469501122,0.707578740642274,0.528957468069042,0.364619729549515,0.315825839639212,0.251332642541099,0.35326636757104,0.0795751502486502,2.67281723984926,0.393775482310897,0.0587855356086165
91.2000000476837,1113.07064180442,3500,1.328,0.513718004942358,0.702552468367424,0.544525815383171,0.351198063597268,0.319749512449105,0.254774939846976,0.348426103709834,0.0770494439940851,2.59176142973793,0.401187585185781,0.0596134754464614
91.4000000953674,1054.85389934379,3500,1.3151,0.514385616407401,0.694545588947849,0.531086846570488,0.369996818972303,0.316462780778677,0.256656653561637,0.346548855409998,0.0803317102496881,2.58657063641616,0.413255993078041,0.0609615295469005
91.5999999046326,1122.47891505953,3500,1.3834,0.515109031857282,0.741591410938998,0.531954024584093,0.336108399142722,0.31086290069082,0.252200661362648,0.363087876027563,0.0738485619189697,2.58095400789106,0.346937497251244,0.053553682461155
91.7999999523163,1163.80913093158,3500,1.3816,0.51181894576869,0.717274555581516,0.543761651259522,0.341984464340097,0.317961692938559,0.252647424675778,0.354065770232414,0.0753251121532489,2.60656593368315,0.379834192304073,0.057228278568012
92,1143.53434319542,3500,2.1108,0.508832145534213,0.704187145240422,0.532852173049513,0.362378010802784,0.316647498080618,0.253483584101182,0.350803075277641,0.0790658425405593,2.6299668900842,0.398763112602528,0.0593426592595679
92.2000000476837,1111.59033829074,3500,1.944,0.503985734030811,0.719851253523503,0.545648406210263,0.339569310684004,0.319399115888492,0.24933575353596,0.356130427136486,0.0751347034390617,2.66824121635962,0.376208300380882,0.0568232625527725
92.4000000953674,1136.76607572546,3500,1.4838,0.499357317267061,0.731339209479555,0.544080361008289,0.333769812330743,0.318180649519175,0.246570617259623,0.361117688821407,0.0741310443997953,2.70514476619227,0.360446550907676,0.0550626582380082
92.5999999046326,1148.02951175852,3500,1.3625,0.492658649301103,0.71238641184374,0.5396844016843,0.352367401151686,0.320203284569887,0.246119001835747,0.35588907827572,0.0777886353186459,2.75916196903185,0.386803940230297,0.0580068068838306
92.7999999523163,1160.73940620029,3500,1.5093,0.489224643809814,0.631491739303953,0.540621353221156,0.408617007059104,0.331622352223037,0.252831084165651,0.326354657538346,0.0891919060729667,2.78713171592969,0.519495845503064,0.0728286349654575
93,1107.21512324933,3500,1.5567,0.508577609565119,0.716044586226797,0.544335639715198,0.342924373626066,0.318771454338582,0.251511948525686,0.354112657981871,0.0756039391538605,2.63196772656586,0.381576692527777,0.0574229177111823
93.2000000476837,1113.97501206974,3500,1.9035,0.521089678140295,0.68989944201257,0.54445682580022,0.359253551235678,0.320186268652503,0.258805470952797,0.342646875365786,0.0783613850289135,2.53484077107013,0.420405890160289,0.0617601807165898
93.4000000953674,1059.42979561181,3500,1.7813,0.520353321170467,0.684673427635425,0.545531495617153,0.361999510395863,0.321288805734529,0.258992911661551,0.340779153982763,0.0789391286211568,2.54048749209761,0.428577118097978,0.062672915637829
93.5999999046326,1104.57121630858,3500,1.8015,0.516731455028834,0.732676516118234,0.535143723487369,0.339165524716778,0.312676134663756,0.253477448769068,0.359407139378221,0.0744392771889539,2.56838789246838,0.358654612586712,0.05486249680637
93.7999999523163,1218.2682174426,3500,1.8443,0.509694676296645,0.708075158766505,0.544209289534277,0.348548633197482,0.319554541369224,0.252722238435923,0.351085360366204,0.0766378598286491,2.62319448361482,0.393050282323003,0.0587045299924618
94,1098.80149350299,3500,1.7039,0.510453645656852,0.71652882172035,0.535156563556981,0.351448934968082,0.315580615670314,0.252719933652588,0.354745465775484,0.0769539849016142,2.61724506440533,0.380889772288133,0.057346187983948
94.2000000476837,1067.99923233654,3500,1.6261,0.522272440886704,0.708618732748263,0.537872912449119,0.35254481024725,0.315636312174987,0.257760144009651,0.349728709198255,0.0768748346171075,2.52578896589078,0.39225760726307,0.0586159873384184
94.4000000953674,1126.70195318398,3500,1.385,0.526515479417734,0.725828674877149,0.539110332338173,0.338663969551812,0.31329024716887,0.257534120574788,0.355024034011628,0.0741515982447147,2.49350072984815,0.36792478879905,0.0558979854281003
94.5999999046326,1118.70717866511,3500,1.5477,0.528162675056179,0.727828664943123,0.540890627712845,0.335290393908288,0.313352747781544,0.257832364376635,0.355303004937664,0.0735118829041566,2.48104368968113,0.365193089066607,0.0555928516392555
94.7999999523163,1107.03735560019,3500,1.4211,0.529129088306,0.706338673134688,0.544142768308524,0.347035349085762,0.31682806194007,0.260140884129598,0.347264157244597,0.0757668966857353,2.47375532383631,0.395592437240738,0.0589884914222874
95,1119.76535363262,3500,1.3315,0.528528246381299,0.695791050467015,0.539420217414229,0.35915823069146,0.316760512787563,0.261283591288006,0.343971747388729,0.0779841485357024,2.47828491568234,0.411357712439905,0.0607494895644216
95.2000000476837,1109.56954445108,3500,1.3284,0.527572818489813,0.715936399243676,0.536841089934495,0.347773922290213,0.313632094793202,0.259048738802734,0.351539000469991,0.0757801659340729,2.48549953463727,0.381730323186621,0.0574400784204869
95.4000000953674,1160.85701820406,3500,2.1901,0.524239888743368,0.744945620703398,0.524782982614806,0.340131097881537,0.306907424068064,0.255657489915059,0.363289653461448,0.074145432555429,2.51078146770338,0.342631840995937,0.0530727360412242
95.5999999046326,1135.616737968,3500,1.7607,0.522861883247819,0.720680759042475,0.52250854160186,0.359683043502489,0.309292931452275,0.25769383753041,0.355189384390373,0.0778238466269425,2.52128625966254,0.37504809592272,0.0566936664709086
95.7999999523163,1119.06347748347,3500,1.5179,0.518366360430257,0.713752128006928,0.532364474731317,0.355227309652676,0.313866579046859,0.256118596779252,0.35265635933938,0.0773584648345085,2.55576770212158,0.384844610551405,0.0577879476580468
96,1136.72077303799,3500,2.0275,0.526935827690552,0.697662553211215,0.539470488492595,0.358167273743299,0.316776607425833,0.26049365665971,0.344893362816212,0.0778363730982459,2.49031768898258,0.408519829326904,0.0604324949781264
96.2000000476837,1101.88769948196,3500,1.5647,0.534342875495546,0.67158329236774,0.544377347547225,0.370529162711165,0.320432754450494,0.265617674257028,0.333838814680862,0.0801107566116155,2.43469246081405,0.449643834630034,0.0650260904606687
96.4000000953674,1084.54596591102,3500,1.45,0.532035143480658,0.663200223659406,0.535352695610867,0.385648889815728,0.319026001425056,0.266216550421024,0.331848145643179,0.0829093025107412,2.45192885549734,0.463585223357685,0.0665833585284955
96.5999999046326,1075.57312388078,3500,1.4455,0.530425539584414,0.653212983357916,0.546284875147227,0.382168994322878,0.323959577286131,0.265958594306127,0.327524966034814,0.0825568623729271,2.46400139099671,0.480653087278793,0.0684898572274118
96.7999999523163,1053.55785654182,3500,1.3312,0.527256476686619,0.611934188497236,0.541665537889398,0.416066119573554,0.328390472904256,0.269488312826351,0.312768300268596,0.0893529140007971,2.487891510678,0.556487685143247,0.0769606631132396
97,997.105698640784,3500,1.3268,0.527599828788037,0.665082455792257,0.547351694275048,0.373301496649892,0.323207454671491,0.26358811408121,0.332274236391405,0.0809301948558936,2.48529537408873,0.460424403545364,0.0662302915666569
97.2000000476837,1044.13764224623,3500,1.3205,0.534821044600332,0.630964476824163,0.540495679546547,0.402806591183424,0.324326179202411,0.270355487207937,0.318956612244334,0.086361721345318,2.43113168437381,0.520468043414159,0.072937230514447
97.4000000953674,984.475226583293,3500,1.3034,0.532458814519755,0.566586994745188,0.546343495666128,0.442541012371815,0.335146607779997,0.27617788143723,0.293879623346544,0.0947958874362279,2.44875808096218,0.64961708281002,0.0873633166792192
97.5999999046326,998.17713619352,3500,1.3093,0.526782388705955,0.688918739694644,0.54596657157718,0.358150067720657,0.319888014850673,0.260912515728435,0.341217788141596,0.0779816812792951,2.49147926111073,0.421928876282921,0.0619302998993234
97.7999999523163,1095.44176595453,3500,1.3119,0.531723960748887,0.63783217496484,0.536506384207268,0.402478537284869,0.322661790267549,0.268713748483813,0.322336940387248,0.0862875208613899,2.45425959149368,0.507913833726746,0.0715349118326478
98,995.89139301302,3500,1.9969,0.533099381067119,0.639269641891439,0.546749162459315,0.391247184021143,0.325476738265954,0.2684006451433,0.321854405384474,0.0842682112062728,2.44396950367926,0.505315978152827,0.0712447285798084
98.2000000476837,1042.13676290694,3500,1.7806,0.531421826187791,0.712841896153839,0.538444577631723,0.348147432009967,0.313919864259408,0.260667681297967,0.349656026617178,0.0757564278254465,2.45652403978548,0.386149441511306,0.0579336986752131
98.4000000953674,1123.29982352499,3500,1.4247,0.531212779280794,0.692022652368543,0.54664085897623,0.3547580837421,0.319035655793326,0.262192288573685,0.341563701112377,0.0772083545206119,2.4580916664771,0.417125116635268,0.061393714796437
98.5999999046326,1096.96606137141,3500,1.4053,0.528841274210706,0.705787930815664,0.546330938187491,0.345804982116394,0.31758924896213,0.259935600198128,0.346908265968796,0.0755668848709458,2.47592435909913,0.396401854134322,0.0590789041570989
98.7999999523163,1056.73012900823,3500,1.3544,0.528591414929855,0.697180996304932,0.539062152217158,0.359005077069511,0.316445998951689,0.261169197064329,0.344466814765863,0.0779179892181193,2.47780843262269,0.409248372497183,0.0605138740313379
99,1074.90769144483,3500,1.4044,0.527617668879521,0.6868372821627,0.539960217205945,0.365533675058497,0.318153154646863,0.261808093977357,0.340814135541518,0.0792246158342622,2.48516053403854,0.425177219608111,0.0622931433313857
99.2000000476837,1081.70502342805,3500,1.5419,0.528323194847364,0.663125138180769,0.547031182070765,0.375148373165268,0.323232719743179,0.264072186939311,0.331450345473513,0.0812447478439965,2.47983206815198,0.463711681314314,0.06659748401783
99.4000000953674,1018.08256406507,3500,1.5709,0.530918150448817,0.682121270227105,0.542120680730219,0.366270947350007,0.318911675816381,0.263381673888598,0.338391599148674,0.0793150511463475,2.46030225262687,0.432617217105073,0.0631241990284233
99.5999999046326,1073.91834797875,3500,1.5707,0.529781257752596,0.684972101849912,0.536951109360666,0.369570769206705,0.317120300469922,0.262990985073111,0.340029937218414,0.0798587772385533,2.46884532448584,0.428106441532156,0.0626203405608013
99.7999999523163,1101.96324935809,3500,1.3584,0.527078667735458,0.68950048550002,0.542992054048218,0.360881454296293,0.318837202997668,0.261139799676525,0.341611280596756,0.078411716729051,2.48923669208695,0.421024871261808,0.0618293215692563
100,1065.47608868073,3500,1.7766,0.523468154776534,0.684482970343574,0.540046823459772,0.367853837250533,0.319095569226859,0.260491040375837,0.340616099446311,0.0797972909509927,2.51666079609665,0.428877490008035,0.0627064675022194
100.200000047684,1193.09688439812,3500,1.258,0.523516395013743,0.182628334807506,0.537429746069834,0.526618223810724,0.466328570097407,0.381934424993284,0,0.151737004909309,2.5162930065656,1.85024109764888,0.221474306358908
100.400000095367,860.216908230222,3500,1.2656,0.528422132460675,0.504208436046534,0.534712593887565,0.481868974947255,0.341729910174105,0.283447654540722,0.270459335099239,0.104363100185934,2.4790854812235,0.794523187218559,0.103549483899492
100.599999904633,955.287282574487,3500,1.2622,0.52222040044133,0.488292694392428,0.544109280346981,0.47077181362293,0.349053587952142,0.282869991640486,0.264492444692256,0.103583975715116,2.52618676603555,0.834610916530403,0.108027326242788
100.799999952316,876.005021007898,3500,1.2967,0.531318241485464,0.652901588413041,0.535570820548876,0.393324238971457,0.320481059711695,0.266999143839798,0.328097459312802,0.0844223371357049,2.45730072611422,0.481193268315474,0.0685501960283521
101,1034.3932238571,3500,1.239,0.516258205298269,0.661689248285675,0.54630048408689,0.378900987599369,0.325051031104557,0.259722222209168,0.332886528897647,0.0823402177886275,2.57204899153001,0.466135411813779,0.0668682173131686
101.200000047684,1245.66197033848,3500,1.1317,0.506240150040902,0.137197453163811,0.545702336091278,0.523469315933269,0.475115280390898,0.372528834729792,0,0.15235588487931,2.65039031545305,2.04107058706753,0.242790164920541
101.400000095367,1008.83420162109,3500,1.134,0.506601679988149,0.202099461834178,0.537170655494573,0.526771411351259,0.472060236685915,0.374255222375532,0,0.153684540938553,2.64753521752414,1.77161317201327,0.212691482766238
101.599999904633,454.202421057377,3500,1.239,0.510720318565375,0.708341392255013,0.540281815453316,0.353017364570736,0.318103568389863,0.253284902833873,0.351292427946659,0.0773191008296052,2.61515685331815,0.39266185867936,0.0586611426550271
101.799999952316,1026.80179582846,3500,1.2968,0.51830750967583,0.628902369382615,0.54256503802737,0.405266909024201,0.327830675114887,0.26417429735132,0.320542995099846,0.0874520324339468,2.55622124187761,0.524283628624593,0.0733634354732469
102,1026.15687648106,3500,1.3918,0.523384458395526,0.586831663163361,0.539595772564714,0.436899636456546,0.331691551679752,0.27087899340687,0.303716259944507,0.0937131949688704,2.51729899599141,0.606770186410886,0.082577272414094
102.200000047684,924.997734678797,3500,1.2555,0.526933581482133,0.599245613640828,0.543489540304457,0.423877336544741,0.330680258502712,0.270601991926982,0.30773718434989,0.0909805652204156,2.49033469063457,0.581510195465291,0.0797557043435367
102.400000095367,983.08524081593,3500,1.2307,0.523118901094577,0.618360722714597,0.537500430769674,0.4169911038986,0.326843959560628,0.267466817498339,0.316163255092448,0.089525967848585,2.51932465994595,0.544121344917312,0.0755793296517074
102.599999904633,905.230110337345,3500,1.2457,0.521532793459111,0.721730342298525,0.546589639460047,0.335976355057518,0.316771808568492,0.255603717814543,0.353720726797459,0.0739037468195051,2.53144694188033,0.37358500599324,0.0565302377571665
102.799999952316,1044.14408028382,3500,1.2356,0.516870550421846,0.635215639354712,0.547675337365431,0.396210170290233,0.328832337717951,0.26261932578292,0.322749869958639,0.0857984665404894,2.56731252039752,0.512669074428479,0.0720660773172564
103,1085.29727866071,3500,1.2236,0.510888252966613,0.568790713501273,0.539188205205833,0.45193470083016,0.33610977111442,0.268066552549121,0.29844836870854,0.0973753076279189,2.61384240868842,0.644853621906853,0.0868312329892974
103.200000047684,931.727334822168,3500,1.228,0.507009893258174,0.604885429273228,0.544690358373625,0.42187832844677,0.333550255476607,0.262248671287247,0.312874368364927,0.0913267048712188,2.64431396276254,0.570288810001503,0.0785022635564741
103.400000095367,992.724935440487,3500,1.203,0.513030014224949,0.627669865142153,0.541364851343505,0.408310885073107,0.328447183768623,0.262358018091163,0.320983601871757,0.088211196268458,2.59711813636603,0.526574323308156,0.0736193085253179
103.599999904633,1005.13515653541,3500,1.2432,0.52597577493354,0.625542232978562,0.547493759430191,0.401906429160996,0.328593575187761,0.26711005416017,0.317673603411659,0.0866227672404107,2.49759172759886,0.530546548206703,0.0740630103052178
103.799999952316,1034.61434079444,3500,1.2573,0.523680774807133,0.636760942868655,0.546543149540614,0.395349745912336,0.32718432637807,0.265107801544455,0.322353429406406,0.0853544426710685,2.51504003430666,0.509856531564171,0.0717519132639083
104,1009.1357499075,3500,1.3373,0.523202591556137,0.63711040235317,0.540152524026146,0.401461790766775,0.325200832718457,0.265306230983144,0.323066747558987,0.086426188739412,2.51868614959027,0.509222150200695,0.0716810521854702
104.200000047684,1040.42734874843,3500,1.2811,0.532107906829588,0.63926966100035,0.546461702617498,0.392468053639151,0.325503053654425,0.268016084162964,0.321992116761329,0.0844887454212812,2.45138408681112,0.505315943687007,0.0712447247299392
104.400000095367,1013.88250265318,3500,1.2457,0.5315468587861,0.680509010255085,0.540062853967698,0.369976068683679,0.318348683555389,0.263886939171023,0.337839339704913,0.0799250375686753,2.45558676410536,0.435186231320464,0.0634111606705936
104.599999904633,1105.69518118966,3500,1.2524,0.528558003136109,0.686158391217487,0.543137424057575,0.363474245006434,0.319046952309861,0.261998844148075,0.340119162579761,0.0788350409623021,2.47806045125611,0.42624138850799,0.0624120121384271
104.799999952316,1107.81193353786,3500,1.2434,0.525937970883254,0.601823307039552,0.541669162461339,0.424370762322327,0.32989852871514,0.270047684175293,0.309011707361254,0.091042079748313,2.49787845960229,0.576361697042296,0.0791806115498408
105,1023.85538840338,3500,1.2788,0.52632553128433,0.581591486361339,0.543199429740398,0.437001205252882,0.333052852151062,0.272324731682172,0.300919746540714,0.0937026696260517,2.49494001850458,0.617664210713285,0.0837941466084566
105.200000047684,966.750569628315,3500,1.2232,0.529546638380477,0.634897971846815,0.542400007707815,0.4000157822013,0.325190929402353,0.267783019454901,0.321057454857787,0.0859685962849592,2.47061092367288,0.513248727403922,0.0721308251760754
105.400000095367,1019.43866534933,3500,1.2089,0.528849550961699,0.730947569575792,0.537041123135001,0.338208559532524,0.311631600706897,0.257956293838323,0.356533395357949,0.0738787100968308,2.47586196503194,0.360973025792934,0.0551214660471398
105.599999904633,1133.35667591274,3500,1.2232,0.511889544273617,0.684427071771269,0.547851555413561,0.362729989565941,0.323264519354313,0.255630369005232,0.341793160011371,0.0793119516290845,2.60601453591534,0.42896568257714,0.0627163187067421
105.799999952316,1184.09133809586,3500,1.2263,0.505834333828657,0.585807503948948,0.548008707586146,0.432539862320424,0.337413864234275,0.263613194736975,0.305290837907387,0.0936821031213631,2.65359764498054,0.608888559462502,0.0828138969551259
106,1084.72631422229,3500,1.8643,0.516251177643959,0.591661743562138,0.540672674091428,0.434068561915463,0.332524272464267,0.267507314360513,0.306583017887704,0.0933853952875153,2.57210338504685,0.596850329176782,0.0814692137256916
106.200000047684,1002.91599981679,3500,1.4613,0.524067990476597,0.705835752481294,0.534465750522073,0.359167495822614,0.314582148033236,0.258858158059805,0.348640531572827,0.0779191623341325,2.51209022151188,0.396331511295616,0.0590710467865989
106.400000095367,1297.89489823791,3500,1.4405,0.382864090747437,0.548215818528846,0.538154713601222,0.487033131149331,0.362070509317551,0.216680707965829,0.310260989598152,0.110987793118468,3.7468538439119,0.690272366568902,0.0919045554627396
106.599999904633,1097.1771725924,3500,1.3693,0.38645442170613,0.627128518814334,0.543332784141259,0.426178507412559,0.350799324472537,0.210574775206296,0.341715450664984,0.0969104496561828,3.71150541315168,0.527582853703981,0.0737319624518049
106.799999952316,1284.30733747674,3500,1.1971,0.538716160433199,0.20534295639145,0.531666454672813,0.526858844677669,0.459436801666498,0.389957608692305,0,0.150605589641197,2.40226224516392,1.7586995423917,0.21124901649245
107,758.698965678777,3500,1.3423,0.540319173879459,0.648431803316139,0.542331234168393,0.389223662125111,0.321744627853249,0.270357429304212,0.32445333036202,0.0834446124805188,2.3904516952229,0.489000492298856,0.0694222713176364
107.200000047684,1065.26779927949,3500,1.3916,0.53705105864025,0.528900762868777,0.52757166781298,0.483704034280323,0.333676565216281,0.283768294704962,0.279461822358985,0.103093317719772,2.4145737784489,0.734836228064051,0.0968823865698952
107.400000095367,927.545115598033,3500,1.6845,0.534321077764421,0.649812966631197,0.540527184239489,0.390994167564636,0.321925338925597,0.268093033694913,0.326040534068651,0.0839410933108399,2.43485486891592,0.486577395849109,0.069151608846331
107.599999904633,1073.06477288137,3500,1.611,0.53764669887724,0.669424965957569,0.547572743812916,0.36990347218822,0.321120967601138,0.266802395111158,0.332196188756783,0.0798804485309214,2.41016460047291,0.453199632830387,0.0654232769319176
107.799999952316,1061.4813291678,3500,1.4644,0.546532786342585,0.665910431454526,0.525095009086655,0.393485403230513,0.31321114017161,0.271898344014507,0.331288347376432,0.0836021684374514,2.34506011089775,0.459039599527252,0.0660756074731471
108,1037.27648339275,3500,1.5526,0.543767106817604,0.630697563596172,0.539098344317602,0.404456594611647,0.322457452674635,0.27375902759088,0.31752408255165,0.0862594371828349,2.36518762257264,0.520960723834509,0.0729922634456164
108.200000047684,1047.52762960861,3500,1.4515,0.539045651966344,0.623827034128302,0.525600015760211,0.423607798286959,0.319793210283454,0.27363792473242,0.31667584069764,0.0898930242864855,2.39983128776906,0.533765250631774,0.074422542816958
108.400000095367,1042.42601121731,3500,1.2976,0.552105364093006,0.636620393466909,0.537060775047541,0.401144133591544,0.319777252544995,0.27633227474165,0.318632588840416,0.0852578838729394,2.30487683899407,0.51011184611036,0.0717804321724473
108.599999904633,1060.03010692643,3500,1.438,0.544603627026701,0.712077341745205,0.545000959378533,0.341646845824983,0.314028309866669,0.265107360345017,0.346631816358272,0.0742325134300426,2.35908685213789,0.387248642841269,0.058056480642254
108.799999952316,1131.56584839085,3500,1.2532,0.545624574836333,0.690108922795277,0.522714875097527,0.379282424925641,0.309642121554638,0.269147065864216,0.340418669288821,0.0807921432923253,2.35165621594131,0.42008119932776,0.0617239124024863
109,1226.04886569433,3500,1.235,0.396025169362022,0.600409906595184,0.536359990045473,0.450682944050069,0.350747543231355,0.217596157065162,0.329895416873203,0.10176088283028,3.61828476835339,0.579180606868173,0.0794954867996223
109.200000047684,1029.58561780752,3500,1.3172,0.550656104442131,0.602717173562503,0.540974360079541,0.421322746511325,0.325582086485304,0.279275598447553,0.305679348659568,0.0894629664075754,2.31527949180097,0.574584110455416,0.0789820532222865
109.400000095367,989.597407740541,3500,1.311,0.548634178719965,0.62633423292073,0.546261231392641,0.399939874830737,0.324496576561099,0.275552372102727,0.314577345533082,0.0853737058030923,2.3298488369584,0.529065263717348,0.0738975492396307
109.599999904633,1169.71302475175,3500,1.2635,0.394319564615042,0.677525632540174,0.532977584134207,0.400432803749741,0.338564916539752,0.210001639398754,0.360827882600798,0.0906055614606963,3.6347903184649,0.439974294171537,0.0639459924244729
109.799999952316,1054.12365367929,3500,1.2244,0.549667857939614,0.665339871364169,0.533950027412611,0.384713421253248,0.315573476629904,0.272530666421323,0.329881974942539,0.0820138820062336,2.32239230538156,0.459993504246377,0.066182159652981
110,1059.81132174218,3500,1.3948,0.552578795589201,0.621111022497022,0.535697387375073,0.413513604675481,0.321236835938991,0.278294809443688,0.312809639148161,0.0876587154691604,2.30148587325128,0.53889214318313,0.0749952222116277
110.200000047684,1020.87584792203,3500,1.2607,0.538692256819716,0.60811558330824,0.54080913668933,0.419636441721591,0.326709777671876,0.274209243148731,0.309547634544352,0.0895333446350412,2.40243867134469,0.563933490114602,0.0777923675113932
110.400000095367,1027.63357246285,3500,1.2328,0.533891222982868,0.600020925710445,0.543624696772367,0.423270169562633,0.329439113077497,0.273101250447498,0.306928561572263,0.0905310749027424,2.43805913609925,0.579958149673823,0.0795823391646385
110.599999904633,1044.20883154909,3500,1.2165,0.535958833430875,0.53780529401096,0.526320554895419,0.483870526892924,0.331953074512648,0.282164485923583,0.283136585957876,0.102745853605893,2.42267363416667,0.714059865610739,0.0945616446089479
110.799999952316,977.263361236397,3500,1.2154,0.548719869319705,0.572575541522264,0.547896904625111,0.436130659958313,0.33206540827608,0.281467814002984,0.293704666141673,0.0927621115792625,2.32923005077459,0.636729169262465,0.085923722918469
111,979.542404435218,3500,1.2189,0.549862515471821,0.532110159007679,0.542981828650788,0.459344131792486,0.336343093601585,0.287389335341829,0.278110947051252,0.0981566240053345,2.32099003981885,0.727302258259548,0.096040834065355
111.200000047684,947.148439408817,3500,1.2507,0.540285657145133,0.569926667370237,0.541825829141784,0.445233746813341,0.331864262543664,0.279014571866932,0.29432179623665,0.0947993693527542,2.39069821621186,0.642407678598177,0.0865580184993548
111.400000095367,978.661157111024,3500,1.1991,0.541463029240106,0.661536744286234,0.544803517511618,0.378031316424602,0.320652719777273,0.269202991862012,0.328900887357791,0.0812434010029239,2.38204922842928,0.466393438670905,0.0668970391897474
111.599999904633,1002.98324150664,3500,1.2532,0.541583190950068,0.713910484364798,0.532747831933728,0.353345750451589,0.310469306254015,0.264568842463201,0.348752460613483,0.0762093906693011,2.38116776655618,0.384618027390961,0.0577626380760991
111.799999952316,1115.60000144572,3500,1.2069,0.536198621937692,0.635224649850567,0.541331716649445,0.400701651300277,0.323729845033288,0.270278770571923,0.320194290649524,0.0857970937452644,2.42089374633997,0.512652640191604,0.0720642415953779
112,1233.74000715324,3500,1.2772,0.408428804288781,0.514712867090814,0.548403268233086,0.478809914228551,0.367095585694565,0.231464852396707,0.291698177397949,0.109741384510779,3.49965183676161,0.768759003418046,0.100671596946481
112.200000047684,1064.60875580318,3500,1.2619,0.533063078934545,0.555211839079706,0.540320608216838,0.458241989575433,0.334576925190414,0.278042848536171,0.289595523267676,0.0977847030057392,2.4442407060327,0.674591270237144,0.0901529601903454
112.400000095367,1026.93369820791,3500,1.3463,0.526787186334493,0.599527563473795,0.54413714362231,0.424439315977412,0.330802183041442,0.270414428325387,0.30775407517057,0.0910293134626015,2.49144293613781,0.580945431043089,0.0796926195520772
112.599999904633,993.64206030949,3500,1.2454,0.532045785862746,0.695732335348625,0.5428946697479,0.357560106586722,0.317208072452414,0.262284810391907,0.34297804532843,0.0775290718272489,2.45184917223052,0.411447029381004,0.0607594663625015
112.799999952316,1055.14523946726,3500,1.221,0.545379522391523,0.707973219624596,0.532927665263686,0.356943074355755,0.310677679714622,0.266543371896049,0.346007800849135,0.0767711475401938,2.35343822928768,0.39319910114106,0.0587211532139916
113,1112.81893513842,3500,1.2377,0.550804949492076,0.706422232005709,0.540293933730109,0.349886759355242,0.312340401072537,0.268211394984375,0.343988361885539,0.0754598420575487,2.31420954720653,0.395469764651275,0.0589747887625236
113.200000047684,1149.306155447,3500,1.2179,0.547924446617872,0.64908815369458,0.533951887814778,0.396809369563544,0.317837918415218,0.273615021760177,0.324132771212662,0.0844142886119429,2.33497844772606,0.487847809693697,0.0692935154348174
113.400000095367,1084.24765622104,3500,1.3657,0.543790623228293,0.65016550946039,0.546859852141627,0.383935399858715,0.322358645041639,0.271124310354051,0.324160932238868,0.0823561123654417,2.36501596363544,0.485960426927771,0.0690826927563482
113.599999904633,1098.80672135179,3500,1.2726,0.547584439416316,0.712655933513942,0.547741380139678,0.338797243104706,0.314327946403668,0.265931571990326,0.346097695708095,0.0736427858979108,2.33743871566599,0.38641653136186,0.0579635328978744
113.799999952316,1128.70751990503,3500,1.219,0.545191564846808,0.731803557841947,0.520124493990604,0.353578618650428,0.30391854244928,0.264814755153908,0.355457407058613,0.0758092953381988,2.35480570149196,0.359823328965594,0.0549930436789043
114,1177.8948176625,3500,1.5358,0.537129483618841,0.68462148683735,0.533113661687247,0.374527485339333,0.314776342814799,0.265913863499541,0.338931952446882,0.0803778412387779,2.41399291947968,0.42865901641171,0.0626820637672783
114.200000047684,1137.75051055325,3500,1.2434,0.547249269940696,0.654209845062738,0.547071381287465,0.38049894596831,0.321377434431475,0.271948821581003,0.325101569255235,0.0815721747322868,2.33986578855386,0.478927078128839,0.0682970601548598
114.400000095367,1081.99116659153,3500,1.2368,0.550516877731666,0.711924641113237,0.541989011222203,0.344619930176554,0.312230646312367,0.267425684099091,0.345833055947661,0.074510613640881,2.31628061763272,0.387468530994344,0.0580810423847007
114.599999904633,1119.71337412911,3500,1.263,0.548683811849047,0.702495273698564,0.53370967248243,0.359777774934805,0.311084232754737,0.268251790544874,0.343450291314218,0.0772136853861709,2.32949041349685,0.401272655429231,0.0596229778838609
114.799999952316,1145.63530563867,3500,1.2616,0.547795013164671,0.722499330778498,0.533663033397757,0.345985403986049,0.308810664192787,0.265875106612973,0.350668739185455,0.074645490008785,2.33591480094992,0.372516553545954,0.0564108904732873
115,1107.71380843066,3500,1.27,0.547961130607559,0.665897569246854,0.544395008394219,0.374948448756841,0.318969444771683,0.271137506743946,0.329493820980073,0.0803992275042975,2.33471311553277,0.459061085587902,0.0660780074891575
115.200000047684,1113.46096596698,3500,1.2615,0.546375804445538,0.694855692921998,0.546226762032972,0.353154423444189,0.316193178771589,0.267407265924974,0.340076298300277,0.0763232570031598,2.34619928633946,0.412782620355285,0.0609086533062526
115.400000095367,1107.14911826989,3500,1.2431,0.545128915169823,0.67612015208544,0.531442342733486,0.381190927888261,0.31410087275874,0.269848249707012,0.334691179562649,0.0813596979715993,2.35526163051666,0.442245389712896,0.0641996762313471
115.599999904633,1109.27651194989,3500,1.2752,0.545459269457772,0.683126416702941,0.533916395926889,0.373772044142211,0.313961894266131,0.269073983716407,0.336984916411628,0.0799792056058341,2.3528582057749,0.431022169478795,0.0629460304984734
115.799999952316,1078.09875995486,3500,1.2638,0.54468547858319,0.711166753818432,0.536470117576012,0.351730331724945,0.31146505901981,0.265723821482962,0.346941409247437,0.07586971024979,2.35849050730415,0.388561610249456,0.0582031405094172
116,1123.5817104009,3500,1.6717,0.552820140462272,0.713172166772838,0.544980894771032,0.340712473680114,0.312648604525779,0.267931232679526,0.34564785862612,0.0737723041685754,2.29975861420946,0.385675514784471,0.0578807605517157
116.200000047684,1150.92999277689,3500,1.5405,0.550707795085559,0.742451048442409,0.540708030244978,0.324774004134278,0.308187540937577,0.264465418778356,0.356545938156269,0.0708011021277967,2.31490788317504,0.345828656121036,0.0534298237180916
116.400000095367,1167.0053975267,3500,1.6314,0.548453193938054,0.733852531650516,0.547990597018861,0.324017288810985,0.311723762051967,0.264067449771967,0.353332916433961,0.0708758717421051,2.33115614451796,0.3570861872721,0.0546873020171756
116.599999904633,1177.25029663924,3500,1.5687,0.549752650658858,0.726515435806844,0.518103427926415,0.359183865394417,0.303244427057874,0.267110888287386,0.352995448371717,0.0766492362830232,2.32178140470979,0.366984517129802,0.055792956074554
116.799999952316,1100.59322420226,3500,1.6237,0.549401971968838,0.682707253024885,0.521912260648802,0.385954527019707,0.309676811736379,0.271311337923311,0.337141524200127,0.0818703261401824,2.32430866292457,0.431686718207537,0.0630202613039549
117,1053.97092713551,3500,1.7501,0.543406823385258,0.692436716128577,0.543029460850231,0.358713765716866,0.315933458934939,0.266765495840294,0.33992621359689,0.0773748316278779,2.36781863144913,0.416487933964433,0.0613225408089636
117.200000047684,1109.43208962197,3500,1.832,0.546999952791309,0.675474914247889,0.550468773353768,0.362820374572719,0.319776392861594,0.269366994737817,0.332633753884721,0.0782228585158689,2.34167234216861,0.443291328206038,0.0643165086824106
117.400000095367,1119.99422942062,3500,2.3632,0.547069227512831,0.705535117257996,0.528868324531805,0.363260420502095,0.309435627486036,0.267633330394422,0.345156889924956,0.0777741521945857,2.34117027732659,0.396773917920656,0.0591204640809322
117.599999904633,1126.1380490203,3500,2.4334,0.549283413244066,0.68100590452403,0.523770306160628,0.385374751807657,0.310476001817953,0.271325755591461,0.336391810042017,0.0818064325485688,2.32516353261535,0.434393082371331,0.0633225650826186
117.799999952316,1098.72089908074,3500,1.6457,0.541432964927719,0.673532870545415,0.523340067275256,0.392264193541846,0.312407760090693,0.269255723580795,0.334949277494336,0.0833872388341761,2.38226980523986,0.446451966535792,0.0646695553724519
118,1088.01032890225,3500,1.6733,0.541250799540916,0.674772323028247,0.548255161423768,0.366452805055144,0.320043323383485,0.267469528145716,0.333451765797365,0.0790353826734331,2.38360663137479,0.444432604671107,0.0644439904871528
118.200000047684,1066.83484731753,3500,1.4241,0.54059269913834,0.686365145422448,0.541803108552286,0.364795356971471,0.316710455253431,0.266432692356755,0.338277068717758,0.0785797836720557,2.38844054467997,0.425917055014705,0.0623757837395002
118.400000095367,1108.24360841485,3500,1.3965,0.54135705696134,0.685121929176707,0.524243166351823,0.383334430674742,0.311281478167871,0.267946945343257,0.33910397167629,0.0816676048125817,2.38282679359331,0.427870498713497,0.0625939854949963
118.599999904633,1097.27026139372,3500,1.2884,0.542129860909908,0.657616414355932,0.53184814501907,0.394721886764279,0.316944663170284,0.270658348240717,0.328315013282653,0.0840819753063459,2.37716051416304,0.473066299296223,0.0676424048757537
118.799999952316,1051.07311569821,3500,1.2563,0.543024798560503,0.661737789386756,0.540120538838765,0.383437972793933,0.318879144159196,0.270015433705034,0.329044671024112,0.0820607511116578,2.37061067784535,0.466053307822396,0.0668590462093052
119,1087.10059479423,3500,1.356,0.548844286590024,0.644380257231217,0.54861050865748,0.386407733784166,0.322818056610464,0.27345642363427,0.321056308516526,0.0826692112387393,2.32833182193971,0.496163503617339,0.0702223873615734
119.200000047684,1018.1210525016,3500,1.3174,0.547265603032506,0.67095314725577,0.537445678596254,0.379084135733978,0.316259118257499,0.270769197883139,0.33196576670071,0.0810059171586515,2.33974747358016,0.450679578252208,0.0651417841337148
119.400000095367,1099.21426684237,3500,1.2558,0.549068596390335,0.698023471043726,0.538388309351926,0.358959070637638,0.312972947729672,0.26852961747221,0.341378066234814,0.0771193685633036,2.32671304609106,0.407974560101199,0.060371587821017
119.599999904633,1096.6918285091,3500,1.2588,0.535242598342636,0.702317188349789,0.524912394415098,0.371740436827714,0.310292064188697,0.26385950885371,0.346222570758214,0.0796258561993791,2.42799553916243,0.401537640879937,0.059652577042803
119.799999952316,1092.08686126968,3500,1.274,0.541322726321891,0.71762783855647,0.543001273831882,0.341890403071753,0.31314969253349,0.26340986354847,0.349200655803131,0.0742397881149091,2.38307873111026,0.379335093895728,0.0571725287407026
120,1141.94250039068,3500,2.1421,0.528184108943367,0.714634469207502,0.544302631865965,0.344706168033461,0.315837084734173,0.258813998305591,0.350176010922773,0.0751729060374638,2.48088188042852,0.383583715411211,0.0576471043190466
120.200000047684,1122.67496973683,3500,1.702,0.5252838950689,0.721023182301219,0.531062223968135,0.353937008815305,0.311397520388836,0.257907195082715,0.354012503110396,0.0766827814180533,2.50284304224764,0.374570162033347,0.0566402807430595
120.400000095367,1165.59839274223,3500,1.5391,0.522702732209937,0.740337315921301,0.542859878725325,0.329020273992952,0.313078025315364,0.254334674817913,0.360230469246495,0.0723568306202285,2.52250145471888,0.348561773757386,0.0537351158883228
120.599999904633,1174.35907383768,3500,1.5251,0.515477491100231,0.750896394773056,0.535635145944117,0.32994061265759,0.310642161067919,0.251066467935307,0.365728686268416,0.0725626847283579,2.57809649304421,0.335131515342653,0.0522349416244459
120.799999952316,1145.73676053599,3500,1.6604,0.509911477936844,0.708402549305063,0.54682111751086,0.349465478091435,0.320111278403215,0.252472152437986,0.35075091296093,0.0766656561978694,2.62149407566439,0.392572683129466,0.0586511816504964
121,1169.2866001413,3500,1.604,0.517810560254414,0.723431169308433,0.549747867317533,0.334939674686606,0.317958716807396,0.253763154446825,0.354531540373887,0.0737465883718922,2.56005324641729,0.371225795275251,0.0562667113905922
121.200000047684,1162.90398297756,3500,1.6481,0.524247056953184,0.696842348491963,0.546401124330889,0.355878830743429,0.319258010341944,0.25900946651284,0.344281884910182,0.0774506382350345,2.51072690254165,0.409761404169671,0.0605711802191902
121.400000095367,1153.95890993404,3500,1.589,0.532480294111053,0.668231707028184,0.533434812536179,0.387600179563774,0.317551942730753,0.265831934369231,0.333603570405758,0.0830125524942573,2.4485974031559,0.455175500553582,0.0656439834749809
121.599999904633,1070.82551010345,3500,1.4838,0.53262157575108,0.671526687549587,0.536139960467838,0.382579965933646,0.31796399646357,0.265367218704357,0.334573696361233,0.0820950884708409,2.44754073162723,0.449736792480367,0.0650364739522136
121.799999952316,1121.45633185499,3500,1.4031,0.53583887293078,0.68128178677958,0.540429545596977,0.37101600648215,0.31759781603273,0.265271955078005,0.337274805296558,0.0798554235927074,2.42356441505735,0.433953248596043,0.0632734351783609
122,1143.41138595507,3500,1.4543,0.536760085067977,0.698927356254485,0.549738892931622,0.34941348822952,0.318145367149941,0.263206995372568,0.342727737290931,0.0759199001865603,2.41672975028982,0.406611842029785,0.0602193707514323
122.200000047684,1112.03313328731,3500,1.2835,0.537348413577711,0.724846831908594,0.538574734571227,0.342203845681682,0.311486871354127,0.261490450632928,0.352733012560047,0.0742896654528978,2.41237192335249,0.369273164776844,0.056048600470451
122.400000095367,1157.18409455518,3500,1.2689,0.534724515006341,0.694167307050546,0.545430898177035,0.3573177040516,0.317710420350329,0.263213585794364,0.34169794146772,0.0773780523875868,2.43185021548868,0.413834090191788,0.0610261036142999
122.599999904633,1121.7339215307,3500,1.2482,0.535217548319423,0.670997299055908,0.530780997279562,0.388140597420859,0.315951490318971,0.266719769897262,0.334384113091647,0.08294462669212,2.42818181912166,0.450606943071269,0.0651336707061298
122.799999952316,1089.0782617349,3500,1.327,0.527539721390033,0.742949346703257,0.539298377234851,0.330374550507386,0.31095810621468,0.256055650664242,0.360610529723555,0.0723757133975239,2.48574971891366,0.345187595900706,0.0533582166041823
123,1182.88486245503,3500,1.2771,0.530325929343781,0.713621624341148,0.550188382646473,0.339805536308382,0.317425654064227,0.25932349829366,0.348953060453108,0.0742977871890057,2.46474986117426,0.385031435112506,0.0578088161618216
123.200000047684,1113.62567516572,3500,1.3012,0.523489163745466,0.699574585393856,0.542293237666545,0.358431413016397,0.317747814348719,0.258694330164315,0.345711031482663,0.0778468240043036,2.51650061654396,0.405638574353184,0.0601106557084888
123.400000095367,1141.13107891851,3500,1.2639,0.525007871140544,0.727547792482959,0.542963837760613,0.337990280809678,0.314296917219629,0.256418541344873,0.355340850989303,0.073943690446195,2.50494017982751,0.365575513452272,0.0556355688531421
123.599999904633,1139.00948510978,3500,1.2808,0.531658780876444,0.712429293258875,0.54451289160424,0.346078876817803,0.315632047722401,0.260281262043509,0.348780086469181,0.0753066037649088,2.45474798024111,0.386742278438975,0.0579999191956306
123.799999952316,1172.16768284079,3500,1.2505,0.52931687465686,0.712947803635374,0.548201849001005,0.342485220675264,0.317044455688936,0.259137806099209,0.349038049877192,0.0747796883346629,2.47234083586229,0.38599740859439,0.0579167164353949
124,1138.40571950544,3500,1.3612,0.528651769662912,0.708435216715931,0.54786723904289,0.34610335364218,0.317593541851862,0.259364954427251,0.347569568934478,0.0754719347864097,2.47735323393524,0.392525057128715,0.0586458617751514
124.200000047684,1184.45873851701,3500,1.2485,0.533168143900422,0.733212663585165,0.549253903368526,0.326761621090597,0.314334618581187,0.258464745916918,0.355440637188557,0.0717599983133389,2.44345585495502,0.357938707178306,0.0547825294047091
124.400000095367,1195.10707650784,3500,1.2723,0.535532777888298,0.723865697745435,0.544954962340007,0.337185446226694,0.313805659930893,0.260521421073484,0.35214001463478,0.0735329043608429,2.42583840332929,0.370625382204039,0.0561996446068184
124.599999904633,1142.5084389906,3500,1.2551,0.532067338136845,0.694319025396264,0.543985299801773,0.359372565659631,0.317627023022805,0.262295089669927,0.342280869304197,0.0777970180030703,2.4516878083067,0.413602145586725,0.0610001951532401
124.799999952316,1113.2458591016,3500,1.2646,0.53608851672327,0.684496896414946,0.543280796188683,0.366370434186617,0.318022601662547,0.264832428348299,0.338147469344172,0.0789975006449817,2.42171091452813,0.428855520929503,0.0627040135325937
125,1106.9129751322,3500,1.3058,0.535953058371026,0.713145288447196,0.551023856870562,0.338790518647,0.316892367186518,0.261372417827965,0.347785137882407,0.0739500771031104,2.42271651228163,0.385714063850106,0.0578850665236766
125.200000047684,1170.68175232083,3500,1.2706,0.534554520180438,0.706986509718091,0.550668234840497,0.343686043255238,0.317743552481209,0.26150223607259,0.345855373371516,0.0748988380746844,2.4331159574757,0.394642263717965,0.0588823560210863
125.400000095367,1126.28210298763,3500,1.2692,0.539053541109402,0.699786083904177,0.544703974991048,0.35391230340782,0.316130525596826,0.264257163423495,0.343052167239586,0.076560143740094,2.39977310371026,0.405320988543975,0.0600751810331076
125.599999904633,1128.31349625336,3500,1.2393,0.536198904923351,0.704175091604559,0.545273299600322,0.35074097569666,0.316189025241398,0.262725473453799,0.345030048807403,0.0760554524973997,2.42089164635439,0.398780941067928,0.0593446507182676
125.799999952316,1147.997346286,3500,1.3521,0.535564868658137,0.659395522037339,0.54440536636918,0.383068860568931,0.321591740210518,0.267178979259759,0.328954778060413,0.0822745024693101,2.42559992979627,0.470028526020542,0.0673030823439794
126,1109.0321213781,3500,1.3476,0.53540207271045,0.718657115083211,0.551445566224189,0.334764243453828,0.316422894043782,0.260584981360498,0.349776850863679,0.0732152737320414,2.42680987233396,0.377884547233254,0.0570105011233331
126.200000047684,1156.36838298492,3500,1.2289,0.533978226434829,0.725146535362406,0.551770460780123,0.330153451614055,0.315941028587145,0.259395094002125,0.352260531223372,0.0724033461873581,2.43741034749462,0.368861067558222,0.0560025687693101
126.400000095367,1131.53243619676,3500,1.2465,0.534149401846334,0.721435453827853,0.546139982419797,0.338244298899735,0.314648949556402,0.260173934432309,0.351397380232111,0.0737797357791772,2.43613423840103,0.373995515960235,0.056576092160599
126.599999904633,1149.68778642218,3500,1.2194,0.531858289415242,0.705621171004084,0.543694829894654,0.352095776432343,0.316161927223816,0.261074444440249,0.346369811040666,0.0763938172952686,2.45325328951379,0.396647237402517,0.0591063137312385
126.799999952316,1132.48558239817,3500,1.2123,0.53421300782292,0.732978280388425,0.548114875833503,0.32828160891732,0.313846411655683,0.258923815605292,0.355261909266138,0.071967863472886,2.43566017665097,0.358251496860806,0.0548174683475948
127,1085.09873383901,3500,1.3865,0.539543930606476,0.723492625123983,0.54550727909562,0.336710363444706,0.313416589762507,0.261972348694411,0.351287544007338,0.0733235175357437,2.39615833473067,0.371140820902065,0.0562572196620039
127.200000047684,1123.44706837328,3500,1.2388,0.539431791572052,0.708216476356501,0.551134882616876,0.341955642978943,0.316998592660383,0.263122035312626,0.345451201824408,0.0744281702025823,2.39698459691624,0.392844061674541,0.0586814949249337
127.400000095367,1085.75934282844,3500,1.1902,0.546079242807061,0.730584281242686,0.54288050549537,0.333423388457031,0.310823240297623,0.263788896324841,0.352915851975309,0.0724720114022269,2.34835243048489,0.3614620737838,0.0551760932320414
127.599999904633,1106.07481413831,3500,1.2599,0.541345528112971,0.702431977423433,0.543229865584697,0.353528701479485,0.314999677350625,0.264903767797496,0.343730330773291,0.0763662240785875,2.38291139665575,0.40136682015032,0.0596334961841632
127.799999952316,1092.77114388444,3500,1.2022,0.541249961399954,0.748054835690574,0.545274541020249,0.319624441982601,0.310171687910541,0.260153006394261,0.3595542324831,0.0701210732120983,2.38361278332435,0.33869091454726,0.0526325303317307
128,1134.60841715664,3500,1.9001,0.549718184623971,0.732166201617863,0.537589556048832,0.337149676191528,0.308500069080506,0.265263305910231,0.353302533096559,0.0729340919127051,2.32202970606666,0.359337358889508,0.0549387603003835
128.200000047684,1111.91369813361,3500,1.666,0.548229442415571,0.720486618517364,0.547139367526703,0.336113579068586,0.313005279599688,0.265316964377192,0.348681241301363,0.072996514721757,2.33277309360117,0.375319326069644,0.0567239631691133
128.400000095367,1153.4367653512,3500,2.1039,0.538037280573794,0.744360502516019,0.552716634657884,0.315535766055113,0.313312495593786,0.258898618475199,0.358179465823224,0.0696094201077908,2.40727643311724,0.343378881684655,0.053156181287077
128.599999904633,1201.77639481442,3500,2.5081,0.53482761768465,0.732556410598093,0.539134371644656,0.337669110045632,0.311053726074135,0.259724714361329,0.3557464091324,0.0734751504321355,2.4310827621515,0.358815183780439,0.0548804327808621
128.799999952316,1140.59906422475,3500,1.6265,0.534541902035387,0.757307161054113,0.538858633974386,0.320697715510776,0.308082928490019,0.257193082826202,0.364375856516056,0.0703481321677223,2.43320992768668,0.327249535189036,0.0513545159907981
129,1162.64420259905,3500,1.6211,0.537395631907449,0.761551570906638,0.53798668035753,0.318206531905808,0.306918287195905,0.257862588188403,0.365421018432748,0.0697981061829439,2.41202241102647,0.32214413334273,0.0507842371309234
129.200000047684,1145.63350097541,3500,1.3641,0.528312535229763,0.738055959548625,0.541278882355596,0.332760093916113,0.311989595901676,0.256662486429255,0.358559119971091,0.0727887976979784,2.47991251537099,0.351536700819979,0.054067418430716
129.400000095367,1175.23684783146,3500,1.6353,0.528302372292196,0.742717657609777,0.547329624585943,0.323554705381626,0.313276511116086,0.255836060246214,0.359668949760249,0.0712184788774504,2.47998921588136,0.3454855092645,0.0533914938463192
129.599999904633,1156.55073132369,3500,1.8498,0.531480143858163,0.735514150374466,0.55251680984621,0.323098489916468,0.315253632054633,0.257389462950948,0.356200686602187,0.0711562183922314,2.45608684479334,0.354881911630352,0.0544410820647276
129.799999952316,1263.27121314115,3500,1.4239,0.389822198515957,0.710686901973482,0.548001612097833,0.366152826968166,0.339366047272039,0.204331153027069,0.372517200596345,0.0837855991045475,3.6785355953912,0.389255171724254,0.0582806120697386
130,1157.32463150555,3500,1.77,0.536653255993788,0.736774911756887,0.548345521726744,0.325561683431243,0.313083706581136,0.259402384453738,0.356135301110781,0.0713786078543451,2.41752164144927,0.353218617701486,0.0542552903496099
130.200000047684,1137.53831421959,3500,1.2935,0.540868111679473,0.72580459394437,0.549330537979576,0.331679439273292,0.314085414547031,0.261965451911058,0.351538063246806,0.0724110702951053,2.38641672698219,0.367957801755029,0.0559016730106772
130.400000095367,1161.80631542865,3500,1.2459,0.544779794416461,0.753127300031987,0.548491090677643,0.31281979393119,0.310026065041863,0.260713069390329,0.360421094991804,0.0688397705760039,2.35780348457216,0.332365324973741,0.0519259551945293
130.599999904633,1334.86497787724,3500,1.2393,0.39525358510124,0.715636572517833,0.550938023936871,0.359142865635598,0.338690378740773,0.206036730164049,0.373045115706198,0.0822277753889803,3.62574581066323,0.382156397223514,0.0574876713472136
130.799999952316,1156.15604716545,3500,1.2142,0.549621259633063,0.716837466809081,0.548196902953686,0.33785769925387,0.313542445948397,0.266107630259855,0.347067942206955,0.0732819815847931,2.32272807819607,0.380452550507746,0.0572973498423211
131,1065.84097615071,3500,1.2133,0.545642000992859,0.737624069031155,0.551313559155077,0.320895218097775,0.312578056213468,0.262383488746415,0.354702123853281,0.0703363311868359,2.35152953009419,0.35210282287942,0.0541306548717107
131.200000047684,1135.62006266696,3500,1.2132,0.532911325614757,0.688225424396326,0.546193248525091,0.362414733427686,0.318887070237771,0.263050227206972,0.33971478096891,0.0783479215863463,2.44537463791171,0.423008464982127,0.0620508911144815
131.400000095367,1276.02655453102,3500,1.2222,0.398630790948286,0.666193412528429,0.551043550772881,0.39326248250691,0.345165266203648,0.2117429133737,0.353865625140424,0.0892261952822287,3.59315940476388,0.458567094598539,0.0660228281660243
131.599999904633,1026.26093178968,3500,1.2898,0.552231026282244,0.663287229231328,0.5515846415024,0.37176168408367,0.320742634639097,0.272399603759142,0.327180418741573,0.0796773428601883,2.30397643059402,0.463438724996791,0.0665669945045186
131.799999952316,1001.37670541984,3500,1.3284,0.556382540194646,0.621659673377265,0.547171895824868,0.404619993379559,0.324009045423865,0.278717727424484,0.311418060197471,0.0858551669541804,2.27437160515324,0.537853506872494,0.0748792054221789
132,969.024010410169,3500,1.3181,0.561864405677751,0.706438266696252,0.54881345744723,0.342876795263532,0.313194424880135,0.271531745599253,0.341399835575561,0.0738739939450514,2.23570239209688,0.395446228150752,0.0589721597101811
132.200000047684,1226.40543284433,3500,1.2573,0.403261895079493,0.689963935438943,0.545995846269214,0.380995287900071,0.339327708683718,0.211863846653521,0.362490022483976,0.0863184221787848,3.54877092691294,0.420305903321269,0.0617490120794727
132.400000095367,1073.31074959352,3500,1.2418,0.555226920970849,0.693191056078306,0.54726323116707,0.354728308413151,0.315282329771264,0.270617749474401,0.337861505749184,0.0762384150051521,2.28258473463257,0.415329320175863,0.0611931224065984
132.599999904633,1081.92003310637,3500,1.2838,0.552911982655824,0.687589486007076,0.549544207386859,0.356796299182739,0.317001899840514,0.270216048813717,0.336034884290692,0.0767471670550779,2.29910156202197,0.424000823133307,0.0621617385839029
132.799999952316,1233.09860133241,3500,1.2799,0.396098189435513,0.697931204227893,0.552233535774507,0.370494232140132,0.341432074247033,0.207825211232724,0.366191272298623,0.0845514422216194,3.61757917442453,0.408113893448027,0.0603871515052407
133,1060.49932764837,3500,1.3023,0.548414310869221,0.711145380720783,0.550231727873434,0.34037631753797,0.315005797280372,0.266110305698981,0.345073261053456,0.0738106359671907,2.33143707702176,0.388592477697354,0.0582065884364413
133.200000047684,1082.54916831696,3500,1.2336,0.548402301465852,0.693407839955879,0.545196678302875,0.357768452988418,0.315620854790386,0.268246863515936,0.339175232686559,0.0769570490071189,2.33152385057071,0.414996881501301,0.0611559886502331
133.400000095367,1066.22808559829,3500,1.2294,0.545079984136255,0.677067437096975,0.549543307936306,0.365472096582451,0.31946084129416,0.268455068286762,0.333459657941092,0.0786244324779858,2.35561776666776,0.440713600457791,0.0640285737292782
133.599999904633,1031.62355164213,3500,1.2103,0.544373594804847,0.717219565385999,0.553239525927284,0.333914512714428,0.315770181819071,0.263837099310428,0.347608942656311,0.0727837762141903,2.36076336888846,0.379911935501208,0.0572369625664826
133.799999952316,1248.78275410503,3500,1.2523,0.390750087003579,0.726654506571884,0.553207730471168,0.350420042835303,0.338612774810524,0.203089115877278,0.377672651130009,0.0806254581821889,3.66948365188917,0.36679439694365,0.0557717194459277
134,1137.4350134183,3500,1.7971,0.545811712335655,0.690786935594596,0.550073289325381,0.355349060176413,0.317813107393889,0.267258610679223,0.338246234937582,0.0766820469893055,2.35029600521176,0.419031797997451,0.0616066931487986
134.200000047684,1070.2906373887,3500,1.5884,0.547734970673611,0.723937376809157,0.547275022668448,0.334630477081818,0.31266047624955,0.264742345089089,0.349908056077555,0.0726891225838049,2.3363492540128,0.370526429807523,0.0561885915180379
134.400000095367,1292.28303861405,3500,1.5944,0.392597120668233,0.725173333408296,0.548841728948994,0.355537037694293,0.337106408937541,0.204208779999861,0.377197778352741,0.0814870327098567,3.65150606256417,0.368824241674769,0.0559984552786463
134.599999904633,1117.93484563035,3500,1.6036,0.540383481050227,0.70156663412757,0.552977879121169,0.34590397094432,0.318177200447779,0.263982341013085,0.34272180580674,0.075118652732396,2.38997875593205,0.402656184664869,0.0597775195828016
134.799999952316,1138.06905997742,3500,1.6,0.545481592329863,0.722811443402354,0.552048335560208,0.331207603723675,0.314563883572459,0.26374026167394,0.34947921598897,0.0722166387646308,2.35269586328797,0.372083739771716,0.0563625447106733
135,1125.80001914472,3500,1.6786,0.546127492261985,0.698545954901573,0.543988492843438,0.356041058597812,0.314943804698309,0.266950996871011,0.341454223900765,0.0766509745299143,2.34800202624315,0.407186353265511,0.0602835442724123
135.200000047684,1123.44680390032,3500,1.6632,0.548969918502341,0.699070153233459,0.543490848975173,0.355776885986533,0.314308644271647,0.267960653300465,0.34122688447909,0.0765038179487989,2.32742507532628,0.406396931687334,0.0601953650357692
135.400000095367,1220.55589813347,3500,1.6741,0.39556136000462,0.687735429170496,0.541950506212616,0.388290766450039,0.339614032333117,0.209014651735006,0.363399451382757,0.0879718645491206,3.62276855615572,0.423772905488336,0.0621362799386029
135.599999904633,1060.88588208917,3500,1.3916,0.544849266347751,0.698370345920405,0.540324976225542,0.360112198853026,0.314021325084736,0.266729066933475,0.34188477850031,0.0773648294814788,2.35729752275344,0.407451120550441,0.0603131190620033
135.799999952316,1096.39092277802,3500,1.2906,0.550722965144144,0.684467954696485,0.543939540957883,0.365396775774818,0.315962080440554,0.270083670277706,0.335674429962288,0.0782798193194516,2.31479883239096,0.428901179033549,0.0627091135917669
136,1233.66025102604,3500,1.7275,0.395008807733677,0.690625475878131,0.543496896202412,0.384914593236155,0.339796973395625,0.208443933296141,0.364439191754973,0.0873199015532607,3.62811474175862,0.419281490439082,0.061634584062231
136.200000047684,1215.80232550873,3500,1.3736,0.39904743833052,0.660522472689954,0.551070504478735,0.397962086405113,0.345878875441311,0.212395578261353,0.351567355321302,0.0901581909760341,3.58915185101688,0.468112478871357,0.0670890578231684
136.400000095367,1033.04768290915,3500,1.2891,0.550212441855633,0.672770259794218,0.529367505677301,0.388482369958516,0.312943034700045,0.272054575630207,0.332653741721392,0.0823486479483558,2.31847077969178,0.447698257187859,0.0648087673744704
136.599999904633,1043.61089781072,3500,1.2585,0.551254085277605,0.653654092833179,0.540550200819913,0.390392094433525,0.318639075911001,0.273757965185023,0.324610772360552,0.0829921865434237,2.31098316784031,0.47988871852802,0.0684044764184496
136.799999952316,984.816368083855,3500,1.2835,0.55183472128663,0.66681569919591,0.547167150686379,0.374555991977199,0.318960427476092,0.27213366913163,0.328835783354962,0.0800701200373158,2.30681693635386,0.457529445755776,0.0659069216777957
137,994.49053507346,3500,1.2774,0.550871520050015,0.671494283442064,0.549284913369592,0.369379363399843,0.319174670248405,0.271148649745986,0.3305212951487,0.0791553848569084,2.31373113201747,0.449790014528107,0.0650424189120069
137.200000047684,1014.10835825117,3500,1.2152,0.549711210390465,0.698336571464841,0.551532446526285,0.348598123084646,0.316732352512785,0.267783114780384,0.340183606841635,0.0753009258651964,2.32207995238416,0.407502060288968,0.0603188090854107
137.400000095367,1068.87226766186,3500,1.247,0.531168894904421,0.628079333092707,0.538532441340046,0.413447364930313,0.324351625529078,0.269172825145001,0.318282734786594,0.0881928145393266,2.45842084084114,0.525812456181914,0.0735342071504979
137.599999904633,999.485406496147,3500,1.2946,0.526834260318687,0.678544574133689,0.551274150087407,0.366176773021327,0.322541458241051,0.261426925739777,0.336708971595491,0.0793226444236808,2.49108653766531,0.438333977047229,0.0637627672430585
137.799999952316,1219.14541167666,3500,1.2734,0.39481106648992,0.662263098701594,0.544868672392106,0.403693709054617,0.344332962524562,0.210770507753065,0.35355019508557,0.0913463346368028,3.63002916194454,0.465165536246624,0.066759881172487
138,1033.54593382641,3500,1.2966,0.548376176768873,0.665501806943988,0.534539831108989,0.388784282699421,0.315715234119838,0.271815905207563,0.329872054503913,0.0825968061686849,2.3317126216792,0.459722602894343,0.066151899681518
138.200000047684,1028.10092070287,3500,1.2348,0.538376167359375,0.64064796224266,0.550955526593396,0.391370046985312,0.325494275478702,0.269703155424533,0.320936897672526,0.0838656714242392,2.40477250289456,0.502834717600881,0.070967569115928
138.400000095367,978.152196007001,3500,1.2195,0.541554735448524,0.649784173197985,0.540438914006488,0.394927554871479,0.320553275880214,0.270593428048771,0.324671386673143,0.0841819093978723,2.38137648471739,0.486627813356547,0.0691572405359659
138.599999904633,1205.15698182897,3500,1.2156,0.394653177500628,0.658801369090222,0.525193375397701,0.426261676969102,0.33834298014829,0.212066950828291,0.35400702568585,0.0955830433375694,3.63155820408069,0.471041264336767,0.0674162062996864
138.799999952316,1021.66979663763,3500,1.2181,0.535741763637443,0.666805329482082,0.553463350036879,0.371119762263132,0.323331239201908,0.265799712669127,0.330824805927438,0.0800442422015274,2.42428568024377,0.457546721153859,0.065908851358283
139,1046.1127996469,3500,1.2963,0.526515171022069,0.682776755223253,0.529199391614201,0.385628435614384,0.315165553488346,0.26224061870091,0.340069590733294,0.0825242370774502,2.49350306617809,0.43157646756672,0.063007946189173
139.200000047684,1068.3660648423,3500,1.2898,0.532252041248002,0.66202827240899,0.535924356934732,0.392458700166723,0.319004291043519,0.266120841630854,0.331007694444538,0.0838671728810885,2.45030522333328,0.46556222162713,0.0668041913547869
139.400000095367,1247.29143288876,3500,1.1975,0.389601103129004,0.673924170505639,0.544131690178,0.397340161197928,0.343298460161751,0.207549260718615,0.359014546533604,0.0901377325860298,3.68069450641063,0.445813616451089,0.0645982509835978
139.599999904633,1064.85148358888,3500,1.2651,0.529237487594312,0.690300582898098,0.52367536776886,0.385831744322475,0.312087110969913,0.262811340191242,0.342792839847565,0.08230870899128,2.47293874469213,0.419784322383145,0.0616907509294828
139.799999952316,1077.10267890335,3500,1.2446,0.529897308703846,0.679765715295367,0.553598374453278,0.363004829924471,0.322617314305561,0.262277203010673,0.336455852071257,0.0786496306125092,2.4679723229111,0.436374992750719,0.0635439465968571
140,1212.24612662152,3500,1.3109,0.388134070226198,0.693556447528851,0.531111896642438,0.397105068742899,0.336465372439282,0.205896912453787,0.367917021753296,0.0897206933536347,3.69503932814367,0.414769127127844,0.0611305482425363
140.200000047684,1059.87527935787,3500,1.2154,0.524646836366482,0.690567481716277,0.534407332000688,0.375400215286542,0.316099934299745,0.260413015071883,0.342769168818001,0.0807178818103712,2.50768504141115,0.419371208428517,0.06164460565784
140.400000095367,1063.74791581141,3500,1.2535,0.529170682576224,0.701322986337927,0.553716222020243,0.348048160965982,0.320059154680761,0.259804066969773,0.344324752125198,0.0758120262242677,2.47344196916591,0.403019896225235,0.0598181465540397
140.599999904633,1064.01751505001,3500,1.2015,0.534152518559077,0.673783102704337,0.527201860375558,0.393225756075127,0.314489018972434,0.26612873464198,0.335696338247295,0.0836859081382913,2.43611100771881,0.446043660203023,0.0646239471173251
140.799999952316,992.381668437533,3500,1.241,0.538536412929976,0.741087767533595,0.55073028921575,0.321800478494191,0.312934914281006,0.259443852635221,0.357024447991692,0.0705967850920817,2.40358913753227,0.347588860301845,0.0536264404122515
141,1182.27734331259,3500,1.212,0.529153788595926,0.738896272063691,0.543778981409358,0.331639508288888,0.312436765901817,0.256660270040831,0.358393572543894,0.0725093915134586,2.47356923834856,0.350437891855595,0.0539446802913308
141.200000047684,1183.57896513432,3500,1.2386,0.530477232269487,0.741800601070916,0.543417022041527,0.329811680035784,0.31178608812721,0.256878926304379,0.359210405920376,0.0721245796480348,2.46361303533857,0.346667324018351,0.0535235038213807
141.400000095367,1107.44440917586,3500,1.1921,0.527477524081566,0.710144141652286,0.527857809363248,0.368276748013516,0.311222079896014,0.259862422679281,0.349853346685394,0.0790621507393119,2.48621992198469,0.390041046546225,0.0583683951299108
141.599999904633,1198.00705912385,3500,1.2326,0.393252049392638,0.690690742978449,0.55558617398998,0.374318698027643,0.343945421697145,0.207018823254568,0.36359882946588,0.0854369255824068,3.64514460452987,0.41918054119806,0.0616233079237783
141.799999952316,1066.09455316238,3500,1.2327,0.542478783411466,0.709619448133566,0.55344251817409,0.340797606646744,0.31696399618515,0.26384863809693,0.345141839059027,0.0740455266588931,2.37460530902922,0.390802162255637,0.0584534125706654
142,1052.72346443241,3500,2.1872,0.548588465699884,0.665080881453745,0.544008827530126,0.380365336304533,0.318641524490517,0.271295624890876,0.328905080253142,0.0811577703654646,2.33017898639348,0.460427039919501,0.0662305860524745
142.200000047684,982.087372245224,3500,1.6509,0.553200012762635,0.604548238425078,0.541901521001841,0.424182650813251,0.32496721457542,0.279720818997534,0.305684606786765,0.0896273596402814,2.29704182876247,0.570955239331773,0.0785767044271626
142.400000095367,968.880298635906,3500,1.5572,0.546592404365524,0.584804386996884,0.551506196602811,0.429539687642084,0.33164849665513,0.278812005467615,0.298303603640681,0.0912358942365736,2.34462758223229,0.610968492642582,0.0830462277212947
142.599999904633,1079.89287317347,3500,1.5705,0.401151976402488,0.69334891736449,0.548179523577217,0.378679614772356,0.33981486663021,0.210502794069357,0.363831896527292,0.0858504427731415,3.56895164293317,0.415087216203826,0.0611660791333556
142.799999952316,998.934170683186,3500,1.562,0.545911685999306,0.676208176570836,0.544358375380183,0.372787583238717,0.317762801495629,0.26911348501876,0.333344648341875,0.0797790651437364,2.34956957529594,0.442102862298957,0.0641837557664026
143,982.178336482193,3500,1.566,0.556017732670142,0.697522167062935,0.551266143620238,0.34957929330936,0.315773021722389,0.270121155743627,0.338865980081281,0.0752398424527033,2.27696202962689,0.408732098545757,0.060456205677452
143.200000047684,1231.05880383623,3500,1.5796,0.402325231921481,0.675148666333487,0.534619857617227,0.4049510774425,0.337760383818239,0.213326185982718,0.357986222421044,0.090927207777999,3.5577210271817,0.44382097246228,0.0643756705136791
143.400000095367,995.082784316555,3500,2.1004,0.556842266131424,0.654546977350051,0.547712403595357,0.383107877386257,0.319843711663202,0.275182607813469,0.323466724993715,0.0815069555296138,2.27111021670026,0.478344477144966,0.0682319830003386
143.599999904633,1008.09766788805,3500,1.3326,0.552606429926311,0.684678462967477,0.53860793591498,0.371782540325417,0.313945541480814,0.271027150429655,0.335802196155003,0.0792251119345274,2.30128805234625,0.428569179291382,0.0626720288646208
143.799999952316,1067.97876191132,3500,1.4024,0.542682862189038,0.657821481230639,0.540194825547663,0.390523720582645,0.319237271597188,0.270124059817259,0.327435085066544,0.083203583519009,2.37311171628488,0.472715346767985,0.0676032031020836
144,1060.86098042258,3500,1.8574,0.551256552718559,0.72811254380079,0.544822240397172,0.335446382668819,0.310830084750724,0.265670371817591,0.350903638755232,0.0725959046764535,2.31096545182425,0.364806972096194,0.0555497219596937
144.200000047684,1110.87054306938,3500,1.3198,0.531109793389519,0.675530343089965,0.551713218185203,0.368512324319759,0.322342797271927,0.263247513292214,0.334830359344263,0.079579330091596,2.45886420684175,0.443201395638289,0.0643064631181738
144.400000095367,1101.77197408559,3500,1.2623,0.516906807147255,0.666957306328974,0.552858578574435,0.375546827102969,0.325980293529713,0.258743474039232,0.333852926851175,0.0814233055798808,2.56703226384527,0.457293589519133,0.0658805762832946
144.599999904633,1111.38693214476,3500,1.2255,0.510855895281793,0.694130142351921,0.550430498494662,0.359823150733131,0.322688399265812,0.253870607381846,0.344949020787408,0.0784919725649336,2.61409564144461,0.413890924544141,0.0610324520723914
144.799999952316,1113.6098318523,3500,1.2398,0.514278957566185,0.669337125363333,0.556101098870026,0.371161720454616,0.327088199768575,0.257303708511993,0.334882308651677,0.0807257830677548,2.58739944850393,0.453344841657461,0.0654394969135841
145,1079.19785633713,3500,1.2307,0.521594488477644,0.659253746693664,0.554842226364728,0.378364829275527,0.326856752598394,0.261171421855498,0.330099803949381,0.081872021596727,2.53097466763974,0.470270022855764,0.0673300577993892
145.200000047684,1084.93521291596,3500,1.2055,0.528682493608304,0.656463779245942,0.546496475930419,0.387461137486536,0.323513452190171,0.264651966033153,0.32861770894141,0.0832168728352664,2.47712153465029,0.475042837424953,0.067863186303834
145.400000095367,1011.96933258768,3500,1.2433,0.546066564705255,0.665923476436131,0.538616566637761,0.386144177518138,0.317212807299255,0.270604040604246,0.329999298810959,0.0821838532855403,2.34844450942791,0.459017808991301,0.0660731734469192
145.599999904633,1705.65370722838,3500,1.159,0.397823946285392,0.164744756830984,0.550418097430047,0.53537076328245,0.516255445691195,0.316295269259797,0,0.167449285049007,3.60092799733839,1.92412830310333,0.229727586424685
145.799999952316,809.124743258083,3500,1.2784,0.536012488992622,0.628853190976645,0.532069225059952,0.42034619968255,0.321366035781029,0.27126364131292,0.318248193724311,0.0891221291817408,2.42227528296657,0.524374884620547,0.073373628865833
146,1027.34502262891,3500,1.3844,0.522613799601596,0.593271698951849,0.549689721274763,0.42959722877549,0.333805208119193,0.268900287660988,0.305255870837873,0.0920386333819459,2.5231806746466,0.593569777183788,0.0811027725509037
146.200000047684,1065.87388847069,3500,1.2361,0.519389795350975,0.616087693595171,0.551582174717478,0.412297187055937,0.331853552241743,0.265075838950176,0.314426590026211,0.0886440187818706,2.54788935050222,0.548471647522688,0.0760652631168076
146.400000095367,1022.97577857389,3500,1.2258,0.512006785860038,0.703616460621983,0.546993586892069,0.356699829119182,0.320239082276388,0.253558054584071,0.348447766427472,0.0777550967120685,2.60509901637321,0.399608006035601,0.0594370347618758
146.599999904633,1070.52037379062,3500,1.2133,0.517484538330812,0.740451549107164,0.543732973613961,0.333385520649021,0.313884892458953,0.252177648327344,0.360832675226359,0.0731047839873441,2.56256936599864,0.348413495902177,0.0537185530929231
146.799999952316,1223.91526941702,3500,1.2334,0.525342071666086,0.733241371337538,0.556667718145014,0.32460015365194,0.31754788548421,0.255000083880079,0.355914024936996,0.0715380056987152,2.50240119144194,0.357900414914693,0.0547782521178093
147,1158.20430961022,3500,1.2369,0.539995181094379,0.707185749673455,0.55207977374553,0.345152021149369,0.31716801940611,0.263239090035301,0.344741841682169,0.0748510488764199,2.39283546733115,0.394350462985741,0.0588497615664492
147.200000047684,1097.86545394281,3500,1.2015,0.551745981286381,0.724232876447642,0.534857043948783,0.348717651781413,0.308150614879897,0.266829776301931,0.35024613312539,0.074773475692782,2.30745332234328,0.370118766080854,0.0561430550427015
147.400000095367,1104.66236827176,3500,1.2133,0.552913238392889,0.69373220821124,0.554928932840958,0.34995423352398,0.317766903717561,0.26912612358891,0.337668637754698,0.0754383349388311,2.29909257923467,0.414499900717908,0.0611004753639013
147.599999904633,1081.41789010834,3500,1.2365,0.545494702850809,0.687221564972157,0.544056659761468,0.36637629681707,0.316331024912346,0.267794051685996,0.337370548839623,0.0785043745620352,2.35260052109339,0.424575873546167,0.0622259723315468
147.799999952316,1063.01024455283,3500,1.1825,0.544352177015176,0.678235468693345,0.55408377823349,0.362999396525648,0.320693350116966,0.26766949623684,0.333502746752207,0.0781344068939866,2.36091950872648,0.438831034017479,0.0638182890395439
148,1069.69451737527,3500,1.2746,0.542885719332856,0.731126727563366,0.55669871962231,0.323699219752469,0.315236408082437,0.26158789991251,0.352291280507868,0.070884411497185,2.37162772471872,0.360732091576961,0.0550945534369034
148.200000047684,1265.60824083289,3500,1.2786,0.403922381384226,0.75089135639928,0.553795900042877,0.333567701872039,0.333169388419996,0.206415128570916,0.383725544850434,0.0766899381586536,3.54246821931722,0.335137790791476,0.0522356425988075
148.400000095367,1154.00390801813,3500,1.3147,0.55175298444701,0.76167675516181,0.556970242389021,0.300802961735642,0.310438065786445,0.261729065581343,0.36130832278747,0.0665245458447419,2.3074030956173,0.32199492257551,0.0507675701282518
148.599999904633,1159.90285945891,3500,1.2655,0.546786819702373,0.739885444838981,0.551536305178491,0.322131203516239,0.312068737672887,0.262435426033198,0.355114909386023,0.0703809269078915,2.34321749436392,0.349148954516537,0.0538007046086527
148.799999952316,1136.98709035481,3500,1.255,0.552270121399226,0.773791518036928,0.546065245293002,0.303014157188597,0.3057086830167,0.261380549760014,0.366223057426499,0.0666877097967865,2.30369635353491,0.307925693280094,0.0491960221319443
149,1305.24321633909,3500,1.2531,0.40429301956266,0.738363946007488,0.555274681838729,0.340999350203146,0.335262033212571,0.207535051289364,0.379023114400153,0.0781798010979123,3.53893445233418,0.351133561871931,0.0540223873780026
149.200000047684,1155.55111205813,3500,1.2603,0.549609578177397,0.748031298037244,0.547803328518455,0.319796747067811,0.309578156856664,0.262862109597408,0.357761387090477,0.0697983464554513,2.32281225655634,0.33872056692199,0.0526358425337793
149.400000095367,1133.17517081853,3500,1.2522,0.554422815425191,0.737396308452817,0.553355050857955,0.321103273538489,0.311813195178119,0.265303645490153,0.352860530556414,0.070022628775314,2.28831221930891,0.352401747035521,0.0541640450204319
149.599999904633,1115.35956289465,3500,1.4115,0.558590722803892,0.72053675289989,0.551537126621522,0.334101035073018,0.312662282638392,0.268610473914454,0.34648573771099,0.0722415057361628,2.25873719995833,0.375249266199342,0.0567161374064875
149.799999952316,1267.24633203926,3500,1.2671,0.405116277508758,0.681199653914975,0.553403374441208,0.382874649361963,0.34246549557747,0.212901650532395,0.357992356052539,0.0866404978375948,3.5310931462803,0.434084151659829,0.0632880571909307
