Starting kit application with the following args:  ['/home/j/env_isaaclab/lib/python3.11/site-packages/isaacsim/exts/isaacsim.simulation_app/isaacsim/simulation_app/simulation_app.py', '/home/j/env_isaaclab/lib/python3.11/site-packages/isaacsim/apps/isaacsim.exp.base.python.kit', '--/app/tokens/exe-path=/home/j/env_isaaclab/lib/python3.11/site-packages/isaacsim/kit', '--/persistent/app/viewport/displayOptions=3094', '--/rtx/materialDb/syncLoads=True', '--/rtx/hydra/materialSyncLoads=True', '--/omni.kit.plugin/syncUsdLoads=True', '--/app/renderer/resolution/width=1280', '--/app/renderer/resolution/height=720', '--/app/window/width=1440', '--/app/window/height=900', '--/renderer/multiGpu/enabled=True', '--/app/fastShutdown=True', '--/app/installSignalHandlers=0', '--ext-folder', '/home/j/env_isaaclab/lib/python3.11/site-packages/isaacsim/exts', '--ext-folder', '/home/j/env_isaaclab/lib/python3.11/site-packages/isaacsim/apps', '--/physics/cudaDevice=0', '--/plugins/carb.tasking.plugin/threadCount=20', '--/plugins/omni.tbb.globalcontrol/maxThreadCount=20', '--portable', '--no-window', '--/app/window/hideUi=1']
Passing the following args to the base kit application:  ['--config', 'config/temporal_environment.yaml', '--output', '/home/j/SynologyDrive/junsuk/학술대회/CICS2026/codes/isaac_ros/results/temporal/run_20260831_152601']
[Info] [carb] Logging to file: /home/j/env_isaaclab/lib/python3.11/site-packages/isaacsim/kit/logs/Kit/Isaac-Sim Python/5.1/kit_20260831_152601.log
2026-08-31T06:26:01Z [0ms] [Error] [carb] Failed to create change watch for `/home/j/env_isaaclab/lib/python3.11/site-packages/isaacsim/kit/data/Kit/Isaac-Sim Python/5.1/exts/3`: errno=28/No space left on device
2026-08-31T06:26:01Z [1ms] [Error] [carb] Failed to create change watch for `/home/j/env_isaaclab/lib/python3.11/site-packages/isaacsim/apps`: errno=28/No space left on device
2026-08-31T06:26:01Z [1ms] [Error] [carb] Failed to create change watch for `/home/j/env_isaaclab/lib/python3.11/site-packages/isaacsim/exts`: errno=28/No space left on device
2026-08-31T06:26:01Z [1ms] [Error] [carb] Failed to create change watch for `/home/j/env_isaaclab/lib/python3.11/site-packages/isaacsim/extsDeprecated`: errno=28/No space left on device
2026-08-31T06:26:01Z [1ms] [Error] [carb] Failed to create change watch for `/home/j/env_isaaclab/lib/python3.11/site-packages/isaacsim/extsUser`: errno=28/No space left on device
2026-08-31T06:26:01Z [1ms] [Error] [carb] Failed to create change watch for `/home/j/env_isaaclab/lib/python3.11/site-packages/isaacsim/extscache`: errno=28/No space left on device
2026-08-31T06:26:01Z [1ms] [Error] [carb] Failed to create change watch for `/home/j/env_isaaclab/lib/python3.11/site-packages/isaacsim/kit/extsPhysics`: errno=28/No space left on device
2026-08-31T06:26:01Z [1ms] [Error] [carb] Failed to create change watch for `/home/j/Documents/Kit/shared/exts`: errno=28/No space left on device
2026-08-31T06:26:01Z [1ms] [Error] [carb] Failed to create change watch for `/home/j/Documents/Kit/apps/Isaac-Sim Python/exts`: errno=28/No space left on device
2026-08-31T06:26:01Z [1ms] [Error] [carb] Failed to create change watch for `/home/j/env_isaaclab/lib/python3.11/site-packages/isaacsim/kit/extscore`: errno=28/No space left on device
2026-08-31T06:26:01Z [1ms] [Error] [carb] Failed to create change watch for `/home/j/env_isaaclab/lib/python3.11/site-packages/isaacsim/kit/exts`: errno=28/No space left on device
2026-08-31T06:26:01Z [1ms] [Error] [carb] Failed to create change watch for `/home/j/env_isaaclab/lib/python3.11/site-packages/isaacsim/kit/apps`: errno=28/No space left on device
[0.035s] [ext: omni.kit.async_engine-0.0.3] startup
[0.093s] [ext: omni.metrics.core-0.0.3] startup
2026-08-31T06:26:02Z [84ms] [Error] [carb] Failed to create change watch for `/home/j/env_isaaclab/lib/python3.11/site-packages/isaacsim/kit/extscore/omni.kit.async_engine`: errno=28/No space left on device
[0.093s] [ext: omni.client.lib-1.1.0] startup
2026-08-31T06:26:02Z [84ms] [Error] [carb] Failed to create change watch for `/home/j/env_isaaclab/lib/python3.11/site-packages/isaacsim/kit/extscore/omni.kit.async_engine/config`: errno=28/No space left on device
2026-08-31T06:26:02Z [84ms] [Error] [carb] Failed to create change watch for `/home/j/env_isaaclab/lib/python3.11/site-packages/isaacsim/kit/extscore/omni.kit.async_engine/omni`: errno=28/No space left on device
2026-08-31T06:26:02Z [85ms] [Error] [carb] Failed to create change watch for `/home/j/env_isaaclab/lib/python3.11/site-packages/isaacsim/kit/extscore/omni.kit.async_engine/omni/kit`: errno=28/No space left on device
2026-08-31T06:26:02Z [85ms] [Error] [carb] Failed to create change watch for `/home/j/env_isaaclab/lib/python3.11/site-packages/isaacsim/kit/extscore/omni.kit.async_engine/omni/kit/main_event_loop_wrapper`: errno=28/No space left on device
2026-08-31T06:26:02Z [85ms] [Error] [carb] Failed to create change watch for `/home/j/env_isaaclab/lib/python3.11/site-packages/isaacsim/kit/extscore/omni.kit.async_engine/omni/kit/async_engine`: errno=28/No space left on device
2026-08-31T06:26:02Z [85ms] [Error] [carb] Failed to create change watch for `/home/j/env_isaaclab/lib/python3.11/site-packages/isaacsim/kit/extscore/omni.kit.async_engine/omni/kit/async_engine/tests`: errno=28/No space left on device
[0.102s] [ext: omni.blobkey-1.1.2] startup
[0.102s] [ext: omni.stats-1.0.1] startup
[0.102s] [ext: omni.datastore-0.0.0] startup
2026-08-31T06:26:02Z [93ms] [Error] [carb] Failed to create change watch for `/home/j/env_isaaclab/lib/python3.11/site-packages/isaacsim/extscache/omni.stats-1.0.1+69cbf6ad.lx64.r.cp311`: errno=28/No space left on device
2026-08-31T06:26:02Z [94ms] [Error] [carb] Failed to create change watch for `/home/j/env_isaaclab/lib/python3.11/site-packages/isaacsim/extscache/omni.stats-1.0.1+69cbf6ad.lx64.r.cp311/config`: errno=28/No space left on device
2026-08-31T06:26:02Z [94ms] [Error] [carb] Failed to create change watch for `/home/j/env_isaaclab/lib/python3.11/site-packages/isaacsim/extscache/omni.stats-1.0.1+69cbf6ad.lx64.r.cp311/omni`: errno=28/No space left on device
2026-08-31T06:26:02Z [94ms] [Error] [carb] Failed to create change watch for `/home/j/env_isaaclab/lib/python3.11/site-packages/isaacsim/extscache/omni.stats-1.0.1+69cbf6ad.lx64.r.cp311/omni/stats`: errno=28/No space left on device
[0.106s] [ext: omni.client-1.3.0] startup
[0.109s] [ext: omni.ujitso.default-1.0.0] startup
[0.110s] [ext: omni.hsscclient-1.1.2] startup
2026-08-31T06:26:02Z [102ms] [Error] [carb] Failed to create change watch for `/home/j/env_isaaclab/lib/python3.11/site-packages/isaacsim/extscache/omni.hsscclient-1.1.2+69cbf6ad.lx64.r.cp311`: errno=28/No space left on device
2026-08-31T06:26:02Z [102ms] [Error] [carb] Failed to create change watch for `/home/j/env_isaaclab/lib/python3.11/site-packages/isaacsim/extscache/omni.hsscclient-1.1.2+69cbf6ad.lx64.r.cp311/config`: errno=28/No space left on device
2026-08-31T06:26:02Z [102ms] [Error] [carb] Failed to create change watch for `/home/j/env_isaaclab/lib/python3.11/site-packages/isaacsim/extscache/omni.hsscclient-1.1.2+69cbf6ad.lx64.r.cp311/omni`: errno=28/No space left on device
2026-08-31T06:26:02Z [102ms] [Error] [carb] Failed to create change watch for `/home/j/env_isaaclab/lib/python3.11/site-packages/isaacsim/extscache/omni.hsscclient-1.1.2+69cbf6ad.lx64.r.cp311/omni/hsscclient`: errno=28/No space left on device
2026-08-31T06:26:02Z [102ms] [Error] [carb] Failed to create change watch for `/home/j/env_isaaclab/lib/python3.11/site-packages/isaacsim/extscache/omni.hsscclient-1.1.2+69cbf6ad.lx64.r.cp311/omni/hsscclient/tests`: errno=28/No space left on device
2026-08-31T06:26:02Z [102ms] [Error] [carb] Failed to create change watch for `/home/j/env_isaaclab/lib/python3.11/site-packages/isaacsim/extscache/omni.hsscclient-1.1.2+69cbf6ad.lx64.r.cp311/omni/hsscclient/tests/data`: errno=28/No space left on device
2026-08-31T06:26:02Z [102ms] [Error] [carb] Failed to create change watch for `/home/j/env_isaaclab/lib/python3.11/site-packages/isaacsim/extscache/omni.hsscclient-1.1.2+69cbf6ad.lx64.r.cp311/omni/hsscclient/tests/data/testtex`: errno=28/No space left on device
[0.113s] [ext: omni.gpu_foundation.shadercache.vulkan-1.0.0] startup
2026-08-31T06:26:02Z [104ms] [Error] [carb] Failed to create change watch for `/home/j/env_isaaclab/lib/python3.11/site-packages/isaacsim/extscache/omni.ujitso.default-1.0.0+69cbf6ad.lx64.r.cp311`: errno=28/No space left on device
2026-08-31T06:26:02Z [104ms] [Error] [carb] Failed to create change watch for `/home/j/env_isaaclab/lib/python3.11/site-packages/isaacsim/extscache/omni.ujitso.default-1.0.0+69cbf6ad.lx64.r.cp311/config`: errno=28/No space left on device
2026-08-31T06:26:02Z [104ms] [Error] [carb] Failed to create change watch for `/home/j/env_isaaclab/lib/python3.11/site-packages/isaacsim/extscache/omni.ujitso.default-1.0.0+69cbf6ad.lx64.r.cp311/omni`: errno=28/No space left on device
2026-08-31T06:26:02Z [104ms] [Error] [carb] Failed to create change watch for `/home/j/env_isaaclab/lib/python3.11/site-packages/isaacsim/extscache/omni.ujitso.default-1.0.0+69cbf6ad.lx64.r.cp311/omni/ujitso`: errno=28/No space left on device
2026-08-31T06:26:02Z [104ms] [Error] [carb] Failed to create change watch for `/home/j/env_isaaclab/lib/python3.11/site-packages/isaacsim/extscache/omni.ujitso.default-1.0.0+69cbf6ad.lx64.r.cp311/omni/ujitso/default`: errno=28/No space left on device
[0.114s] [ext: omni.assets.plugins-0.0.0] startup
[0.115s] [ext: omni.gpu_foundation-0.0.0] startup
[0.120s] [ext: carb.windowing.plugins-1.0.0] startup
[0.124s] [ext: omni.kit.renderer.init-0.0.0] startup
2026-08-31T06:26:02Z [341ms] [Warning] [gpu.foundation.plugin] Skipping unsupported non-NVIDIA GPU: Intel(R) Graphics (RPL-S)
2026-08-31T06:26:02Z [341ms] [Warning] [gpu.foundation.plugin] Skipping unsupported non-NVIDIA GPU: Intel(R) Graphics (RPL-S)

|---------------------------------------------------------------------------------------------|
| Driver Version: 570.172.08    | Graphics API: Vulkan
|=============================================================================================|
| GPU | Name                             | Active | LDA | GPU Memory | Vendor-ID | LUID       |
|     |                                  |        |     |            | Device-ID | UUID       |
|     |                                  |        |     |            | Bus-ID    |            |
|---------------------------------------------------------------------------------------------|
| 0   | NVIDIA GeForce RTX 4060 Laptop.. | Yes: 0 |     | 8188    MB | 10de      | 0          |
|     |                                  |        |     |            | 28e0      | 182d21ed.. |
|     |                                  |        |     |            | 1         |            |
|---------------------------------------------------------------------------------------------|
| 1   | Intel(R) Graphics (RPL-S)        |        |     | 23832   MB | 8086      | 0          |
|     |                                  |        |     |            | a78b      | 86808ba7.. |
|     |                                  |        |     |            | 0         |            |
|=============================================================================================|
| OS: 22.04.5 LTS (Jammy Jellyfish) ubuntu, Version: 22.04.5, Kernel: 6.1.0-1013-oem
| XServer Vendor: The X.Org Foundation, XServer Version: 12101004 (1.21.1.4)
| Processor: 13th Gen Intel(R) Core(TM) i7-13650HX
| Bare Metal Cores: 14 | Bare Metal Logical Cores: 28
| Available Cores:  20 
|---------------------------------------------------------------------------------------------|
| Total Memory (MB): 31776 | Free Memory: 25965
| Total Page/Swap (MB): 2047 | Free Page/Swap: 2046
|---------------------------------------------------------------------------------------------|
2026-08-31T06:26:02Z [558ms] [Warning] [gpu.foundation.plugin] CPU performance profile is set to powersave. This profile sets the CPU to the lowest frequency reducing performance.
[0.693s] [ext: omni.materialx.libs-1.0.7] startup
[0.698s] [ext: omni.kit.telemetry-0.5.2] startup
[0.711s] [ext: omni.usd.config-1.0.6] startup
2026-08-31T06:26:02Z [702ms] [Error] [carb] Failed to create change watch for `/home/j/env_isaaclab/lib/python3.11/site-packages/isaacsim/extscache/omni.kit.telemetry-0.5.2+69cbf6ad.lx64.r.cp311`: errno=28/No space left on device
2026-08-31T06:26:02Z [702ms] [Error] [carb] Failed to create change watch for `/home/j/env_isaaclab/lib/python3.11/site-packages/isaacsim/extscache/omni.kit.telemetry-0.5.2+69cbf6ad.lx64.r.cp311/config`: errno=28/No space left on device
2026-08-31T06:26:02Z [702ms] [Error] [carb] Failed to create change watch for `/home/j/env_isaaclab/lib/python3.11/site-packages/isaacsim/extscache/omni.kit.telemetry-0.5.2+69cbf6ad.lx64.r.cp311/omni`: errno=28/No space left on device
2026-08-31T06:26:02Z [703ms] [Error] [carb] Failed to create change watch for `/home/j/env_isaaclab/lib/python3.11/site-packages/isaacsim/extscache/omni.kit.telemetry-0.5.2+69cbf6ad.lx64.r.cp311/omni/kit`: errno=28/No space left on device
2026-08-31T06:26:02Z [703ms] [Error] [carb] Failed to create change watch for `/home/j/env_isaaclab/lib/python3.11/site-packages/isaacsim/extscache/omni.kit.telemetry-0.5.2+69cbf6ad.lx64.r.cp311/omni/kit/telemetry`: errno=28/No space left on device
2026-08-31T06:26:02Z [703ms] [Error] [carb] Failed to create change watch for `/home/j/env_isaaclab/lib/python3.11/site-packages/isaacsim/extscache/omni.kit.telemetry-0.5.2+69cbf6ad.lx64.r.cp311/omni/kit/telemetry/tests`: errno=28/No space left on device
2026-08-31T06:26:02Z [703ms] [Error] [carb] Failed to create change watch for `/home/j/env_isaaclab/lib/python3.11/site-packages/isaacsim/extscache/omni.kit.telemetry-0.5.2+69cbf6ad.lx64.r.cp311/omni/kit/telemetry/impl`: errno=28/No space left on device
[0.714s] [ext: omni.gpucompute.plugins-0.0.0] startup
2026-08-31T06:26:02Z [705ms] [Error] [carb] Failed to create change watch for `/home/j/env_isaaclab/lib/python3.11/site-packages/isaacsim/extscache/omni.usd.config-1.0.6+69cbf6ad`: errno=28/No space left on device
2026-08-31T06:26:02Z [705ms] [Error] [carb] Failed to create change watch for `/home/j/env_isaaclab/lib/python3.11/site-packages/isaacsim/extscache/omni.usd.config-1.0.6+69cbf6ad/config`: errno=28/No space left on device
2026-08-31T06:26:02Z [705ms] [Error] [carb] Failed to create change watch for `/home/j/env_isaaclab/lib/python3.11/site-packages/isaacsim/extscache/omni.usd.config-1.0.6+69cbf6ad/omni`: errno=28/No space left on device
2026-08-31T06:26:02Z [705ms] [Error] [carb] Failed to create change watch for `/home/j/env_isaaclab/lib/python3.11/site-packages/isaacsim/extscache/omni.usd.config-1.0.6+69cbf6ad/omni/usd_config`: errno=28/No space left on device
[0.714s] [ext: omni.usd.libs-1.0.1] startup
[0.778s] [ext: omni.kit.loop-isaac-1.3.7] startup
[0.778s] [ext: omni.kit.test-2.0.1] startup
2026-08-31T06:26:02Z [769ms] [Error] [carb] Failed to create change watch for `/home/j/env_isaaclab/lib/python3.11/site-packages/isaacsim/exts/omni.kit.loop-isaac`: errno=28/No space left on device
2026-08-31T06:26:02Z [770ms] [Error] [carb] Failed to create change watch for `/home/j/env_isaaclab/lib/python3.11/site-packages/isaacsim/exts/omni.kit.loop-isaac/config`: errno=28/No space left on device
2026-08-31T06:26:02Z [770ms] [Error] [carb] Failed to create change watch for `/home/j/env_isaaclab/lib/python3.11/site-packages/isaacsim/exts/omni.kit.loop-isaac/omni`: errno=28/No space left on device
2026-08-31T06:26:02Z [770ms] [Error] [carb] Failed to create change watch for `/home/j/env_isaaclab/lib/python3.11/site-packages/isaacsim/exts/omni.kit.loop-isaac/omni/kit`: errno=28/No space left on device
2026-08-31T06:26:02Z [770ms] [Error] [carb] Failed to create change watch for `/home/j/env_isaaclab/lib/python3.11/site-packages/isaacsim/exts/omni.kit.loop-isaac/omni/kit/loop`: errno=28/No space left on device
2026-08-31T06:26:02Z [770ms] [Error] [carb] Failed to create change watch for `/home/j/env_isaaclab/lib/python3.11/site-packages/isaacsim/exts/omni.kit.loop-isaac/omni/kit/loop/tests`: errno=28/No space left on device
[0.810s] [ext: omni.mdl-56.0.3] startup
[0.823s] [ext: omni.iray.libs-0.0.0] startup
2026-08-31T06:26:02Z [814ms] [Error] [carb] Failed to create change watch for `/home/j/env_isaaclab/lib/python3.11/site-packages/isaacsim/extscache/omni.mdl-56.0.3+69cbf6ad.lx64.r.cp311`: errno=28/No space left on device
2026-08-31T06:26:02Z [814ms] [Error] [carb] Failed to create change watch for `/home/j/env_isaaclab/lib/python3.11/site-packages/isaacsim/extscache/omni.mdl-56.0.3+69cbf6ad.lx64.r.cp311/config`: errno=28/No space left on device
2026-08-31T06:26:02Z [814ms] [Error] [carb] Failed to create change watch for `/home/j/env_isaaclab/lib/python3.11/site-packages/isaacsim/extscache/omni.mdl-56.0.3+69cbf6ad.lx64.r.cp311/omni`: errno=28/No space left on device
2026-08-31T06:26:02Z [814ms] [Error] [carb] Failed to create change watch for `/home/j/env_isaaclab/lib/python3.11/site-packages/isaacsim/extscache/omni.mdl-56.0.3+69cbf6ad.lx64.r.cp311/omni/mdl`: errno=28/No space left on device
2026-08-31T06:26:02Z [814ms] [Error] [carb] Failed to create change watch for `/home/j/env_isaaclab/lib/python3.11/site-packages/isaacsim/extscache/omni.mdl-56.0.3+69cbf6ad.lx64.r.cp311/omni/mdl/pymdlsdk`: errno=28/No space left on device
2026-08-31T06:26:02Z [814ms] [Error] [carb] Failed to create change watch for `/home/j/env_isaaclab/lib/python3.11/site-packages/isaacsim/extscache/omni.mdl-56.0.3+69cbf6ad.lx64.r.cp311/omni/mdl/pymdlsdk/tests`: errno=28/No space left on device
2026-08-31T06:26:02Z [815ms] [Error] [carb] Failed to create change watch for `/home/j/env_isaaclab/lib/python3.11/site-packages/isaacsim/extscache/omni.mdl-56.0.3+69cbf6ad.lx64.r.cp311/omni/mdl/pymdlsdk/tests/mdlsdk`: errno=28/No space left on device
2026-08-31T06:26:02Z [815ms] [Error] [carb] Failed to create change watch for `/home/j/env_isaaclab/lib/python3.11/site-packages/isaacsim/extscache/omni.mdl-56.0.3+69cbf6ad.lx64.r.cp311/omni/mdl/extensions`: errno=28/No space left on device
[0.826s] [ext: omni.mdl.neuraylib-0.2.12] startup
[0.828s] [ext: omni.kit.usd.mdl-1.1.5] startup
2026-08-31T06:26:02Z [819ms] [Error] [carb] Failed to create change watch for `/home/j/env_isaaclab/lib/python3.11/site-packages/isaacsim/extscache/omni.mdl.neuraylib-0.2.12+69cbf6ad.lx64.r.cp311`: errno=28/No space left on device
2026-08-31T06:26:02Z [819ms] [Error] [carb] Failed to create change watch for `/home/j/env_isaaclab/lib/python3.11/site-packages/isaacsim/extscache/omni.mdl.neuraylib-0.2.12+69cbf6ad.lx64.r.cp311/config`: errno=28/No space left on device
2026-08-31T06:26:02Z [819ms] [Error] [carb] Failed to create change watch for `/home/j/env_isaaclab/lib/python3.11/site-packages/isaacsim/extscache/omni.mdl.neuraylib-0.2.12+69cbf6ad.lx64.r.cp311/omni`: errno=28/No space left on device
2026-08-31T06:26:02Z [819ms] [Error] [carb] Failed to create change watch for `/home/j/env_isaaclab/lib/python3.11/site-packages/isaacsim/extscache/omni.mdl.neuraylib-0.2.12+69cbf6ad.lx64.r.cp311/omni/mdl`: errno=28/No space left on device
2026-08-31T06:26:02Z [819ms] [Error] [carb] Failed to create change watch for `/home/j/env_isaaclab/lib/python3.11/site-packages/isaacsim/extscache/omni.mdl.neuraylib-0.2.12+69cbf6ad.lx64.r.cp311/omni/mdl/neuraylib`: errno=28/No space left on device
2026-08-31T06:26:02Z [819ms] [Error] [carb] Failed to create change watch for `/home/j/env_isaaclab/lib/python3.11/site-packages/isaacsim/extscache/omni.mdl.neuraylib-0.2.12+69cbf6ad.lx64.r.cp311/omni/mdl/neuraylib/utils`: errno=28/No space left on device
2026-08-31T06:26:02Z [819ms] [Error] [carb] Failed to create change watch for `/home/j/env_isaaclab/lib/python3.11/site-packages/isaacsim/extscache/omni.mdl.neuraylib-0.2.12+69cbf6ad.lx64.r.cp311/omni/mdl/neuraylib/tests`: errno=28/No space left on device
2026-08-31T06:26:02Z [819ms] [Error] [carb] Failed to create change watch for `/home/j/env_isaaclab/lib/python3.11/site-packages/isaacsim/extscache/omni.mdl.neuraylib-0.2.12+69cbf6ad.lx64.r.cp311/omni/mdl/neuraylib/scripts`: errno=28/No space left on device
[0.894s] [ext: omni.kit.pipapi-0.0.0] startup
[0.895s] [ext: omni.appwindow-1.1.10] startup
[0.896s] [ext: omni.kit.renderer.core-1.1.0] startup
2026-08-31T06:26:02Z [887ms] [Error] [carb] Failed to create change watch for `/home/j/env_isaaclab/lib/python3.11/site-packages/isaacsim/extscache/omni.appwindow-1.1.10+69cbf6ad.lx64.r.cp311`: errno=28/No space left on device
2026-08-31T06:26:02Z [887ms] [Error] [carb] Failed to create change watch for `/home/j/env_isaaclab/lib/python3.11/site-packages/isaacsim/extscache/omni.appwindow-1.1.10+69cbf6ad.lx64.r.cp311/config`: errno=28/No space left on device
2026-08-31T06:26:02Z [887ms] [Error] [carb] Failed to create change watch for `/home/j/env_isaaclab/lib/python3.11/site-packages/isaacsim/extscache/omni.appwindow-1.1.10+69cbf6ad.lx64.r.cp311/omni`: errno=28/No space left on device
2026-08-31T06:26:02Z [887ms] [Error] [carb] Failed to create change watch for `/home/j/env_isaaclab/lib/python3.11/site-packages/isaacsim/extscache/omni.appwindow-1.1.10+69cbf6ad.lx64.r.cp311/omni/appwindow`: errno=28/No space left on device
2026-08-31T06:26:02Z [887ms] [Error] [carb] Failed to create change watch for `/home/j/env_isaaclab/lib/python3.11/site-packages/isaacsim/extscache/omni.appwindow-1.1.10+69cbf6ad.lx64.r.cp311/omni/appwindow/tests`: errno=28/No space left on device
[0.916s] [ext: omni.kit.renderer.capture-0.0.0] startup
2026-08-31T06:26:02Z [907ms] [Error] [carb] Failed to create change watch for `/home/j/env_isaaclab/lib/python3.11/site-packages/isaacsim/extscache/omni.kit.renderer.core-1.1.0+69cbf6ad.lx64.r.cp311`: errno=28/No space left on device
2026-08-31T06:26:02Z [907ms] [Error] [carb] Failed to create change watch for `/home/j/env_isaaclab/lib/python3.11/site-packages/isaacsim/extscache/omni.kit.renderer.core-1.1.0+69cbf6ad.lx64.r.cp311/config`: errno=28/No space left on device
2026-08-31T06:26:02Z [907ms] [Error] [carb] Failed to create change watch for `/home/j/env_isaaclab/lib/python3.11/site-packages/isaacsim/extscache/omni.kit.renderer.core-1.1.0+69cbf6ad.lx64.r.cp311/omni`: errno=28/No space left on device
2026-08-31T06:26:02Z [907ms] [Error] [carb] Failed to create change watch for `/home/j/env_isaaclab/lib/python3.11/site-packages/isaacsim/extscache/omni.kit.renderer.core-1.1.0+69cbf6ad.lx64.r.cp311/omni/kit`: errno=28/No space left on device
2026-08-31T06:26:02Z [907ms] [Error] [carb] Failed to create change watch for `/home/j/env_isaaclab/lib/python3.11/site-packages/isaacsim/extscache/omni.kit.renderer.core-1.1.0+69cbf6ad.lx64.r.cp311/omni/kit/renderer_test`: errno=28/No space left on device
2026-08-31T06:26:02Z [907ms] [Error] [carb] Failed to create change watch for `/home/j/env_isaaclab/lib/python3.11/site-packages/isaacsim/extscache/omni.kit.renderer.core-1.1.0+69cbf6ad.lx64.r.cp311/omni/kit/renderer`: errno=28/No space left on device
2026-08-31T06:26:02Z [907ms] [Error] [carb] Failed to create change watch for `/home/j/env_isaaclab/lib/python3.11/site-packages/isaacsim/extscache/omni.kit.renderer.core-1.1.0+69cbf6ad.lx64.r.cp311/omni/kit/renderer/bind`: errno=28/No space left on device
2026-08-31T06:26:02Z [907ms] [Error] [carb] Failed to create change watch for `/home/j/env_isaaclab/lib/python3.11/site-packages/isaacsim/extscache/omni.kit.renderer.core-1.1.0+69cbf6ad.lx64.r.cp311/omni/kit/renderer/bind/tests`: errno=28/No space left on device
[0.917s] [ext: omni.kit.renderer.imgui-2.0.5] startup
2026-08-31T06:26:02Z [908ms] [Error] [carb] Failed to create change watch for `/home/j/env_isaaclab/lib/python3.11/site-packages/isaacsim/extscache/omni.kit.renderer.capture-0.0.0+69cbf6ad.lx64.r.cp311`: errno=28/No space left on device
2026-08-31T06:26:02Z [908ms] [Error] [carb] Failed to create change watch for `/home/j/env_isaaclab/lib/python3.11/site-packages/isaacsim/extscache/omni.kit.renderer.capture-0.0.0+69cbf6ad.lx64.r.cp311/config`: errno=28/No space left on device
2026-08-31T06:26:02Z [908ms] [Error] [carb] Failed to create change watch for `/home/j/env_isaaclab/lib/python3.11/site-packages/isaacsim/extscache/omni.kit.renderer.capture-0.0.0+69cbf6ad.lx64.r.cp311/omni`: errno=28/No space left on device
2026-08-31T06:26:02Z [908ms] [Error] [carb] Failed to create change watch for `/home/j/env_isaaclab/lib/python3.11/site-packages/isaacsim/extscache/omni.kit.renderer.capture-0.0.0+69cbf6ad.lx64.r.cp311/omni/kit`: errno=28/No space left on device
2026-08-31T06:26:02Z [908ms] [Error] [carb] Failed to create change watch for `/home/j/env_isaaclab/lib/python3.11/site-packages/isaacsim/extscache/omni.kit.renderer.capture-0.0.0+69cbf6ad.lx64.r.cp311/omni/kit/renderer`: errno=28/No space left on device
2026-08-31T06:26:02Z [908ms] [Error] [carb] Failed to create change watch for `/home/j/env_isaaclab/lib/python3.11/site-packages/isaacsim/extscache/omni.kit.renderer.capture-0.0.0+69cbf6ad.lx64.r.cp311/omni/kit/renderer/capture`: errno=28/No space left on device
2026-08-31T06:26:02Z [909ms] [Error] [carb] Failed to create change watch for `/home/j/env_isaaclab/lib/python3.11/site-packages/isaacsim/extscache/omni.kit.renderer.capture-0.0.0+69cbf6ad.lx64.r.cp311/omni/kit/renderer/capture/tests`: errno=28/No space left on device
2026-08-31T06:26:02Z [909ms] [Error] [carb] Failed to create change watch for `/home/j/env_isaaclab/lib/python3.11/site-packages/isaacsim/extscache/omni.kit.renderer.capture-0.0.0+69cbf6ad.lx64.r.cp311/omni/kit/renderer/capture/scripts`: errno=28/No space left on device
2026-08-31T06:26:02Z [909ms] [Error] [carb] Failed to create change watch for `/home/j/env_isaaclab/lib/python3.11/site-packages/isaacsim/extscache/omni.kit.renderer.capture-0.0.0+69cbf6ad.lx64.r.cp311/omni/kit/renderer_capture_test`: errno=28/No space left on device
2026-08-31T06:26:02Z [909ms] [Error] [carb] Failed to create change watch for `/home/j/env_isaaclab/lib/python3.11/site-packages/isaacsim/extscache/omni.kit.renderer.capture-0.0.0+69cbf6ad.lx64.r.cp311/omni/kit/renderer_capture`: errno=28/No space left on device
2026-08-31T06:26:02Z [909ms] [Error] [carb] Failed to create change watch for `/home/j/env_isaaclab/lib/python3.11/site-packages/isaacsim/extscache/omni.kit.renderer.capture-0.0.0+69cbf6ad.lx64.r.cp311/omni/renderer_capture`: errno=28/No space left on device
[0.965s] [ext: omni.ui-2.27.1] startup
2026-08-31T06:26:02Z [956ms] [Error] [carb] Failed to create change watch for `/home/j/env_isaaclab/lib/python3.11/site-packages/isaacsim/extscache/omni.kit.renderer.imgui-2.0.5+69cbf6ad.lx64.r.cp311`: errno=28/No space left on device
2026-08-31T06:26:02Z [956ms] [Error] [carb] Failed to create change watch for `/home/j/env_isaaclab/lib/python3.11/site-packages/isaacsim/extscache/omni.kit.renderer.imgui-2.0.5+69cbf6ad.lx64.r.cp311/config`: errno=28/No space left on device
2026-08-31T06:26:02Z [956ms] [Error] [carb] Failed to create change watch for `/home/j/env_isaaclab/lib/python3.11/site-packages/isaacsim/extscache/omni.kit.renderer.imgui-2.0.5+69cbf6ad.lx64.r.cp311/omni`: errno=28/No space left on device
2026-08-31T06:26:02Z [956ms] [Error] [carb] Failed to create change watch for `/home/j/env_isaaclab/lib/python3.11/site-packages/isaacsim/extscache/omni.kit.renderer.imgui-2.0.5+69cbf6ad.lx64.r.cp311/omni/kit`: errno=28/No space left on device
2026-08-31T06:26:02Z [956ms] [Error] [carb] Failed to create change watch for `/home/j/env_isaaclab/lib/python3.11/site-packages/isaacsim/extscache/omni.kit.renderer.imgui-2.0.5+69cbf6ad.lx64.r.cp311/omni/kit/ui_windowmanager`: errno=28/No space left on device
2026-08-31T06:26:02Z [956ms] [Error] [carb] Failed to create change watch for `/home/j/env_isaaclab/lib/python3.11/site-packages/isaacsim/extscache/omni.kit.renderer.imgui-2.0.5+69cbf6ad.lx64.r.cp311/omni/kit/ui`: errno=28/No space left on device
2026-08-31T06:26:02Z [956ms] [Error] [carb] Failed to create change watch for `/home/j/env_isaaclab/lib/python3.11/site-packages/isaacsim/extscache/omni.kit.renderer.imgui-2.0.5+69cbf6ad.lx64.r.cp311/omni/kit/imgui_renderer_test`: errno=28/No space left on device
2026-08-31T06:26:02Z [956ms] [Error] [carb] Failed to create change watch for `/home/j/env_isaaclab/lib/python3.11/site-packages/isaacsim/extscache/omni.kit.renderer.imgui-2.0.5+69cbf6ad.lx64.r.cp311/omni/kit/extensionwindow`: errno=28/No space left on device
2026-08-31T06:26:02Z [956ms] [Error] [carb] Failed to create change watch for `/home/j/env_isaaclab/lib/python3.11/site-packages/isaacsim/extscache/omni.kit.renderer.imgui-2.0.5+69cbf6ad.lx64.r.cp311/omni/kit/imgui_renderer`: errno=28/No space left on device
2026-08-31T06:26:02Z [956ms] [Error] [carb] Failed to create change watch for `/home/j/env_isaaclab/lib/python3.11/site-packages/isaacsim/extscache/omni.kit.renderer.imgui-2.0.5+69cbf6ad.lx64.r.cp311/omni/kit/imgui_renderer/tests`: errno=28/No space left on device
[0.972s] [ext: omni.kit.mainwindow-1.0.3] startup
[0.972s] [ext: carb.audio-0.1.0] startup
2026-08-31T06:26:02Z [963ms] [Error] [carb] Failed to create change watch for `/home/j/env_isaaclab/lib/python3.11/site-packages/isaacsim/extscache/omni.kit.mainwindow-1.0.3+69cbf6ad`: errno=28/No space left on device
2026-08-31T06:26:02Z [963ms] [Error] [carb] Failed to create change watch for `/home/j/env_isaaclab/lib/python3.11/site-packages/isaacsim/extscache/omni.kit.mainwindow-1.0.3+69cbf6ad/config`: errno=28/No space left on device
2026-08-31T06:26:02Z [963ms] [Error] [carb] Failed to create change watch for `/home/j/env_isaaclab/lib/python3.11/site-packages/isaacsim/extscache/omni.kit.mainwindow-1.0.3+69cbf6ad/omni`: errno=28/No space left on device
2026-08-31T06:26:02Z [963ms] [Error] [carb] Failed to create change watch for `/home/j/env_isaaclab/lib/python3.11/site-packages/isaacsim/extscache/omni.kit.mainwindow-1.0.3+69cbf6ad/omni/kit`: errno=28/No space left on device
2026-08-31T06:26:02Z [963ms] [Error] [carb] Failed to create change watch for `/home/j/env_isaaclab/lib/python3.11/site-packages/isaacsim/extscache/omni.kit.mainwindow-1.0.3+69cbf6ad/omni/kit/mainwindow`: errno=28/No space left on device
2026-08-31T06:26:02Z [963ms] [Error] [carb] Failed to create change watch for `/home/j/env_isaaclab/lib/python3.11/site-packages/isaacsim/extscache/omni.kit.mainwindow-1.0.3+69cbf6ad/omni/kit/mainwindow/tests`: errno=28/No space left on device
2026-08-31T06:26:02Z [963ms] [Error] [carb] Failed to create change watch for `/home/j/env_isaaclab/lib/python3.11/site-packages/isaacsim/extscache/omni.kit.mainwindow-1.0.3+69cbf6ad/omni/kit/mainwindow/scripts`: errno=28/No space left on device
[0.974s] [ext: omni.uiaudio-1.0.0] startup
2026-08-31T06:26:02Z [966ms] [Error] [carb] Failed to create change watch for `/home/j/env_isaaclab/lib/python3.11/site-packages/isaacsim/extscache/carb.audio-0.1.0+69cbf6ad.lx64.r.cp311`: errno=28/No space left on device
2026-08-31T06:26:02Z [966ms] [Error] [carb] Failed to create change watch for `/home/j/env_isaaclab/lib/python3.11/site-packages/isaacsim/extscache/carb.audio-0.1.0+69cbf6ad.lx64.r.cp311/config`: errno=28/No space left on device
[0.975s] [ext: omni.kit.uiapp-0.0.0] startup
[0.975s] [ext: omni.usd.schema.metrics.assembler-107.3.1] startup
2026-08-31T06:26:02Z [966ms] [Error] [carb] Failed to create change watch for `/home/j/env_isaaclab/lib/python3.11/site-packages/isaacsim/extscache/omni.uiaudio-1.0.0+69cbf6ad.lx64.r.cp311`: errno=28/No space left on device
2026-08-31T06:26:02Z [966ms] [Error] [carb] Failed to create change watch for `/home/j/env_isaaclab/lib/python3.11/site-packages/isaacsim/extscache/omni.uiaudio-1.0.0+69cbf6ad.lx64.r.cp311/config`: errno=28/No space left on device
2026-08-31T06:26:02Z [966ms] [Error] [carb] Failed to create change watch for `/home/j/env_isaaclab/lib/python3.11/site-packages/isaacsim/extscache/omni.uiaudio-1.0.0+69cbf6ad.lx64.r.cp311/omni`: errno=28/No space left on device
2026-08-31T06:26:02Z [966ms] [Error] [carb] Failed to create change watch for `/home/j/env_isaaclab/lib/python3.11/site-packages/isaacsim/extscache/omni.uiaudio-1.0.0+69cbf6ad.lx64.r.cp311/omni/kit`: errno=28/No space left on device
2026-08-31T06:26:02Z [966ms] [Error] [carb] Failed to create change watch for `/home/j/env_isaaclab/lib/python3.11/site-packages/isaacsim/extscache/omni.uiaudio-1.0.0+69cbf6ad.lx64.r.cp311/omni/kit/uiaudio`: errno=28/No space left on device
2026-08-31T06:26:02Z [966ms] [Error] [carb] Failed to create change watch for `/home/j/env_isaaclab/lib/python3.11/site-packages/isaacsim/extscache/omni.uiaudio-1.0.0+69cbf6ad.lx64.r.cp311/omni/kit/uiaudio/tests`: errno=28/No space left on device
[0.977s] [ext: omni.usd.schema.physx-107.3.26] startup
[0.999s] [ext: omni.usd.schema.geospatial-0.0.0] startup
[1.001s] [ext: omni.usd.schema.audio-0.0.0] startup
[1.003s] [ext: omni.usd.schema.anim-0.0.0] startup
[1.016s] [ext: omni.usd.schema.flow-107.1.1] startup
[1.017s] [ext: omni.usd_resolver-1.0.0] startup
[1.019s] [ext: omni.usd.core-1.5.3] startup
[1.021s] [ext: omni.usd.schema.omni_sensors-0.0.0] startup
[1.036s] [ext: omni.usd.schema.semantics-0.0.0] startup
[1.038s] [ext: omni.usd.schema.omniscripting-1.0.0] startup
[1.041s] [ext: omni.usd.schema.omni_lens_distortion-0.0.0] startup
[1.041s] [ext: omni.usd.schema.omnigraph-1.0.0] startup
[1.045s] [ext: omni.kit.window.popup_dialog-2.0.24] startup
[1.048s] [ext: omni.graph.exec-0.9.6] startup
2026-08-31T06:26:03Z [1,039ms] [Error] [carb] Failed to create change watch for `/home/j/env_isaaclab/lib/python3.11/site-packages/isaacsim/extscache/omni.kit.window.popup_dialog-2.0.24+69cbf6ad`: errno=28/No space left on device
2026-08-31T06:26:03Z [1,039ms] [Error] [carb] Failed to create change watch for `/home/j/env_isaaclab/lib/python3.11/site-packages/isaacsim/extscache/omni.kit.window.popup_dialog-2.0.24+69cbf6ad/config`: errno=28/No space left on device
2026-08-31T06:26:03Z [1,039ms] [Error] [carb] Failed to create change watch for `/home/j/env_isaaclab/lib/python3.11/site-packages/isaacsim/extscache/omni.kit.window.popup_dialog-2.0.24+69cbf6ad/omni`: errno=28/No space left on device
2026-08-31T06:26:03Z [1,039ms] [Error] [carb] Failed to create change watch for `/home/j/env_isaaclab/lib/python3.11/site-packages/isaacsim/extscache/omni.kit.window.popup_dialog-2.0.24+69cbf6ad/omni/kit`: errno=28/No space left on device
[1.048s] [ext: omni.kit.widget.nucleus_connector-2.0.1] startup
2026-08-31T06:26:03Z [1,039ms] [Error] [carb] Failed to create change watch for `/home/j/env_isaaclab/lib/python3.11/site-packages/isaacsim/extscache/omni.kit.window.popup_dialog-2.0.24+69cbf6ad/omni/kit/window`: errno=28/No space left on device
2026-08-31T06:26:03Z [1,039ms] [Error] [carb] Failed to create change watch for `/home/j/env_isaaclab/lib/python3.11/site-packages/isaacsim/extscache/omni.kit.window.popup_dialog-2.0.24+69cbf6ad/omni/kit/window/popup_dialog`: errno=28/No space left on device
2026-08-31T06:26:03Z [1,039ms] [Error] [carb] Failed to create change watch for `/home/j/env_isaaclab/lib/python3.11/site-packages/isaacsim/extscache/omni.kit.window.popup_dialog-2.0.24+69cbf6ad/omni/kit/window/popup_dialog/tests`: errno=28/No space left on device
[1.051s] [ext: omni.kit.usd_undo-0.1.8] startup
2026-08-31T06:26:03Z [1,042ms] [Error] [carb] Failed to create change watch for `/home/j/env_isaaclab/lib/python3.11/site-packages/isaacsim/extscache/omni.kit.widget.nucleus_connector-2.0.1+69cbf6ad`: errno=28/No space left on device
2026-08-31T06:26:03Z [1,042ms] [Error] [carb] Failed to create change watch for `/home/j/env_isaaclab/lib/python3.11/site-packages/isaacsim/extscache/omni.kit.widget.nucleus_connector-2.0.1+69cbf6ad/config`: errno=28/No space left on device
2026-08-31T06:26:03Z [1,042ms] [Error] [carb] Failed to create change watch for `/home/j/env_isaaclab/lib/python3.11/site-packages/isaacsim/extscache/omni.kit.widget.nucleus_connector-2.0.1+69cbf6ad/omni`: errno=28/No space left on device
[1.051s] [ext: omni.kit.exec.core-0.13.4] startup
2026-08-31T06:26:03Z [1,042ms] [Error] [carb] Failed to create change watch for `/home/j/env_isaaclab/lib/python3.11/site-packages/isaacsim/extscache/omni.kit.widget.nucleus_connector-2.0.1+69cbf6ad/omni/kit`: errno=28/No space left on device
2026-08-31T06:26:03Z [1,042ms] [Error] [carb] Failed to create change watch for `/home/j/env_isaaclab/lib/python3.11/site-packages/isaacsim/extscache/omni.kit.usd_undo-0.1.8+69cbf6ad`: errno=28/No space left on device
2026-08-31T06:26:03Z [1,042ms] [Error] [carb] Failed to create change watch for `/home/j/env_isaaclab/lib/python3.11/site-packages/isaacsim/extscache/omni.kit.widget.nucleus_connector-2.0.1+69cbf6ad/omni/kit/widget`: errno=28/No space left on device
2026-08-31T06:26:03Z [1,042ms] [Error] [carb] Failed to create change watch for `/home/j/env_isaaclab/lib/python3.11/site-packages/isaacsim/extscache/omni.kit.usd_undo-0.1.8+69cbf6ad/config`: errno=28/No space left on device
2026-08-31T06:26:03Z [1,042ms] [Error] [carb] Failed to create change watch for `/home/j/env_isaaclab/lib/python3.11/site-packages/isaacsim/extscache/omni.kit.widget.nucleus_connector-2.0.1+69cbf6ad/omni/kit/widget/nucleus_connector`: errno=28/No space left on device
2026-08-31T06:26:03Z [1,042ms] [Error] [carb] Failed to create change watch for `/home/j/env_isaaclab/lib/python3.11/site-packages/isaacsim/extscache/omni.kit.usd_undo-0.1.8+69cbf6ad/omni`: errno=28/No space left on device
2026-08-31T06:26:03Z [1,042ms] [Error] [carb] Failed to create change watch for `/home/j/env_isaaclab/lib/python3.11/site-packages/isaacsim/extscache/omni.kit.usd_undo-0.1.8+69cbf6ad/omni/kit`: errno=28/No space left on device
2026-08-31T06:26:03Z [1,042ms] [Error] [carb] Failed to create change watch for `/home/j/env_isaaclab/lib/python3.11/site-packages/isaacsim/extscache/omni.kit.widget.nucleus_connector-2.0.1+69cbf6ad/omni/kit/widget/nucleus_connector/tests`: errno=28/No space left on device
2026-08-31T06:26:03Z [1,042ms] [Error] [carb] Failed to create change watch for `/home/j/env_isaaclab/lib/python3.11/site-packages/isaacsim/extscache/omni.kit.usd_undo-0.1.8+69cbf6ad/omni/kit/usd_undo`: errno=28/No space left on device
2026-08-31T06:26:03Z [1,042ms] [Error] [carb] Failed to create change watch for `/home/j/env_isaaclab/lib/python3.11/site-packages/isaacsim/extscache/omni.kit.usd_undo-0.1.8+69cbf6ad/omni/kit/usd_undo/tests`: errno=28/No space left on device
[1.052s] [ext: omni.kit.actions.core-1.0.0] startup
[1.053s] [ext: omni.resourcemonitor-107.0.1] startup
2026-08-31T06:26:03Z [1,044ms] [Error] [carb] Failed to create change watch for `/home/j/env_isaaclab/lib/python3.11/site-packages/isaacsim/extscache/omni.kit.actions.core-1.0.0+69cbf6ad.lx64.r.cp311`: errno=28/No space left on device
2026-08-31T06:26:03Z [1,045ms] [Error] [carb] Failed to create change watch for `/home/j/env_isaaclab/lib/python3.11/site-packages/isaacsim/extscache/omni.kit.actions.core-1.0.0+69cbf6ad.lx64.r.cp311/config`: errno=28/No space left on device
2026-08-31T06:26:03Z [1,045ms] [Error] [carb] Failed to create change watch for `/home/j/env_isaaclab/lib/python3.11/site-packages/isaacsim/extscache/omni.kit.actions.core-1.0.0+69cbf6ad.lx64.r.cp311/omni`: errno=28/No space left on device
2026-08-31T06:26:03Z [1,045ms] [Error] [carb] Failed to create change watch for `/home/j/env_isaaclab/lib/python3.11/site-packages/isaacsim/extscache/omni.kit.actions.core-1.0.0+69cbf6ad.lx64.r.cp311/omni/kit`: errno=28/No space left on device
2026-08-31T06:26:03Z [1,045ms] [Error] [carb] Failed to create change watch for `/home/j/env_isaaclab/lib/python3.11/site-packages/isaacsim/extscache/omni.kit.actions.core-1.0.0+69cbf6ad.lx64.r.cp311/omni/kit/actions`: errno=28/No space left on device
2026-08-31T06:26:03Z [1,045ms] [Error] [carb] Failed to create change watch for `/home/j/env_isaaclab/lib/python3.11/site-packages/isaacsim/extscache/omni.kit.actions.core-1.0.0+69cbf6ad.lx64.r.cp311/omni/kit/actions/core`: errno=28/No space left on device
2026-08-31T06:26:03Z [1,045ms] [Error] [carb] Failed to create change watch for `/home/j/env_isaaclab/lib/python3.11/site-packages/isaacsim/extscache/omni.kit.actions.core-1.0.0+69cbf6ad.lx64.r.cp311/omni/kit/actions/core/tests`: errno=28/No space left on device
[1.055s] [ext: omni.activity.core-1.0.3] startup
2026-08-31T06:26:03Z [1,046ms] [Error] [carb] Failed to create change watch for `/home/j/env_isaaclab/lib/python3.11/site-packages/isaacsim/extscache/omni.resourcemonitor-107.0.1+69cbf6ad.lx64.r.cp311`: errno=28/No space left on device
2026-08-31T06:26:03Z [1,046ms] [Error] [carb] Failed to create change watch for `/home/j/env_isaaclab/lib/python3.11/site-packages/isaacsim/extscache/omni.resourcemonitor-107.0.1+69cbf6ad.lx64.r.cp311/config`: errno=28/No space left on device
2026-08-31T06:26:03Z [1,046ms] [Error] [carb] Failed to create change watch for `/home/j/env_isaaclab/lib/python3.11/site-packages/isaacsim/extscache/omni.resourcemonitor-107.0.1+69cbf6ad.lx64.r.cp311/omni`: errno=28/No space left on device
2026-08-31T06:26:03Z [1,046ms] [Error] [carb] Failed to create change watch for `/home/j/env_isaaclab/lib/python3.11/site-packages/isaacsim/extscache/omni.resourcemonitor-107.0.1+69cbf6ad.lx64.r.cp311/omni/resourcemonitor`: errno=28/No space left on device
2026-08-31T06:26:03Z [1,046ms] [Error] [carb] Failed to create change watch for `/home/j/env_isaaclab/lib/python3.11/site-packages/isaacsim/extscache/omni.resourcemonitor-107.0.1+69cbf6ad.lx64.r.cp311/omni/resourcemonitor/tests`: errno=28/No space left on device
2026-08-31T06:26:03Z [1,046ms] [Error] [carb] Failed to create change watch for `/home/j/env_isaaclab/lib/python3.11/site-packages/isaacsim/extscache/omni.resourcemonitor-107.0.1+69cbf6ad.lx64.r.cp311/omni/resourcemonitor/scripts`: errno=28/No space left on device
[1.055s] [ext: omni.timeline-1.0.14] startup
2026-08-31T06:26:03Z [1,046ms] [Error] [carb] Failed to create change watch for `/home/j/env_isaaclab/lib/python3.11/site-packages/isaacsim/extscache/omni.activity.core-1.0.3+69cbf6ad.lx64.r.cp311`: errno=28/No space left on device
2026-08-31T06:26:03Z [1,046ms] [Error] [carb] Failed to create change watch for `/home/j/env_isaaclab/lib/python3.11/site-packages/isaacsim/extscache/omni.activity.core-1.0.3+69cbf6ad.lx64.r.cp311/config`: errno=28/No space left on device
2026-08-31T06:26:03Z [1,047ms] [Error] [carb] Failed to create change watch for `/home/j/env_isaaclab/lib/python3.11/site-packages/isaacsim/extscache/omni.activity.core-1.0.3+69cbf6ad.lx64.r.cp311/omni`: errno=28/No space left on device
2026-08-31T06:26:03Z [1,047ms] [Error] [carb] Failed to create change watch for `/home/j/env_isaaclab/lib/python3.11/site-packages/isaacsim/extscache/omni.activity.core-1.0.3+69cbf6ad.lx64.r.cp311/omni/activity`: errno=28/No space left on device
2026-08-31T06:26:03Z [1,047ms] [Error] [carb] Failed to create change watch for `/home/j/env_isaaclab/lib/python3.11/site-packages/isaacsim/extscache/omni.activity.core-1.0.3+69cbf6ad.lx64.r.cp311/omni/activity/core`: errno=28/No space left on device
2026-08-31T06:26:03Z [1,047ms] [Error] [carb] Failed to create change watch for `/home/j/env_isaaclab/lib/python3.11/site-packages/isaacsim/extscache/omni.activity.core-1.0.3+69cbf6ad.lx64.r.cp311/omni/activity/core/tests`: errno=28/No space left on device
[1.057s] [ext: omni.kit.commands-1.4.10] startup
2026-08-31T06:26:03Z [1,048ms] [Error] [carb] Failed to create change watch for `/home/j/env_isaaclab/lib/python3.11/site-packages/isaacsim/extscache/omni.timeline-1.0.14+69cbf6ad.lx64.r.cp311`: errno=28/No space left on device
2026-08-31T06:26:03Z [1,048ms] [Error] [carb] Failed to create change watch for `/home/j/env_isaaclab/lib/python3.11/site-packages/isaacsim/extscache/omni.timeline-1.0.14+69cbf6ad.lx64.r.cp311/config`: errno=28/No space left on device
2026-08-31T06:26:03Z [1,048ms] [Error] [carb] Failed to create change watch for `/home/j/env_isaaclab/lib/python3.11/site-packages/isaacsim/extscache/omni.timeline-1.0.14+69cbf6ad.lx64.r.cp311/omni`: errno=28/No space left on device
2026-08-31T06:26:03Z [1,048ms] [Error] [carb] Failed to create change watch for `/home/j/env_isaaclab/lib/python3.11/site-packages/isaacsim/extscache/omni.timeline-1.0.14+69cbf6ad.lx64.r.cp311/omni/timeline`: errno=28/No space left on device
2026-08-31T06:26:03Z [1,048ms] [Error] [carb] Failed to create change watch for `/home/j/env_isaaclab/lib/python3.11/site-packages/isaacsim/extscache/omni.timeline-1.0.14+69cbf6ad.lx64.r.cp311/omni/timeline/tests`: errno=28/No space left on device
[1.059s] [ext: usdrt.scenegraph-7.6.1] startup
2026-08-31T06:26:03Z [1,050ms] [Error] [carb] Failed to create change watch for `/home/j/env_isaaclab/lib/python3.11/site-packages/isaacsim/extscache/omni.kit.commands-1.4.10+69cbf6ad.lx64.r.cp311`: errno=28/No space left on device
2026-08-31T06:26:03Z [1,050ms] [Error] [carb] Failed to create change watch for `/home/j/env_isaaclab/lib/python3.11/site-packages/isaacsim/extscache/omni.kit.commands-1.4.10+69cbf6ad.lx64.r.cp311/config`: errno=28/No space left on device
2026-08-31T06:26:03Z [1,050ms] [Error] [carb] Failed to create change watch for `/home/j/env_isaaclab/lib/python3.11/site-packages/isaacsim/extscache/omni.kit.commands-1.4.10+69cbf6ad.lx64.r.cp311/omni`: errno=28/No space left on device
2026-08-31T06:26:03Z [1,050ms] [Error] [carb] Failed to create change watch for `/home/j/env_isaaclab/lib/python3.11/site-packages/isaacsim/extscache/omni.kit.commands-1.4.10+69cbf6ad.lx64.r.cp311/omni/kit`: errno=28/No space left on device
2026-08-31T06:26:03Z [1,050ms] [Error] [carb] Failed to create change watch for `/home/j/env_isaaclab/lib/python3.11/site-packages/isaacsim/extscache/omni.kit.commands-1.4.10+69cbf6ad.lx64.r.cp311/omni/kit/commands`: errno=28/No space left on device
2026-08-31T06:26:03Z [1,050ms] [Error] [carb] Failed to create change watch for `/home/j/env_isaaclab/lib/python3.11/site-packages/isaacsim/extscache/omni.kit.commands-1.4.10+69cbf6ad.lx64.r.cp311/omni/kit/commands/tests`: errno=28/No space left on device
2026-08-31T06:26:03Z [1,050ms] [Error] [carb] Failed to create change watch for `/home/j/env_isaaclab/lib/python3.11/site-packages/isaacsim/extscache/omni.kit.commands-1.4.10+69cbf6ad.lx64.r.cp311/omni/kit/commands/builtin`: errno=28/No space left on device
2026-08-31T06:26:03Z [1,050ms] [Error] [carb] Failed to create change watch for `/home/j/env_isaaclab/lib/python3.11/site-packages/isaacsim/extscache/omni.kit.commands-1.4.10+69cbf6ad.lx64.r.cp311/omni/kit/undo`: errno=28/No space left on device
[1.083s] [ext: omni.kit.audiodeviceenum-1.0.2] startup
[1.084s] [ext: omni.hydra.usdrt_delegate-7.5.1] startup
2026-08-31T06:26:03Z [1,075ms] [Error] [carb] Failed to create change watch for `/home/j/env_isaaclab/lib/python3.11/site-packages/isaacsim/extscache/omni.kit.audiodeviceenum-1.0.2+69cbf6ad.lx64.r.cp311`: errno=28/No space left on device
2026-08-31T06:26:03Z [1,075ms] [Error] [carb] Failed to create change watch for `/home/j/env_isaaclab/lib/python3.11/site-packages/isaacsim/extscache/omni.kit.audiodeviceenum-1.0.2+69cbf6ad.lx64.r.cp311/config`: errno=28/No space left on device
2026-08-31T06:26:03Z [1,076ms] [Error] [carb] Failed to create change watch for `/home/j/env_isaaclab/lib/python3.11/site-packages/isaacsim/extscache/omni.kit.audiodeviceenum-1.0.2+69cbf6ad.lx64.r.cp311/omni`: errno=28/No space left on device
2026-08-31T06:26:03Z [1,076ms] [Error] [carb] Failed to create change watch for `/home/j/env_isaaclab/lib/python3.11/site-packages/isaacsim/extscache/omni.kit.audiodeviceenum-1.0.2+69cbf6ad.lx64.r.cp311/omni/kit`: errno=28/No space left on device
2026-08-31T06:26:03Z [1,076ms] [Error] [carb] Failed to create change watch for `/home/j/env_isaaclab/lib/python3.11/site-packages/isaacsim/extscache/omni.kit.audiodeviceenum-1.0.2+69cbf6ad.lx64.r.cp311/omni/kit/audiodeviceenum`: errno=28/No space left on device
2026-08-31T06:26:03Z [1,076ms] [Error] [carb] Failed to create change watch for `/home/j/env_isaaclab/lib/python3.11/site-packages/isaacsim/extscache/omni.kit.audiodeviceenum-1.0.2+69cbf6ad.lx64.r.cp311/omni/kit/audiodeviceenum/tests`: errno=28/No space left on device
[1.089s] [ext: omni.hydra.scene_delegate-0.3.4] startup
2026-08-31T06:26:03Z [1,080ms] [Error] [carb] Failed to create change watch for `/home/j/env_isaaclab/lib/python3.11/site-packages/isaacsim/extscache/omni.hydra.usdrt_delegate-7.5.1+69cbf6ad.lx64.r.cp311`: errno=28/No space left on device
2026-08-31T06:26:03Z [1,080ms] [Error] [carb] Failed to create change watch for `/home/j/env_isaaclab/lib/python3.11/site-packages/isaacsim/extscache/omni.hydra.usdrt_delegate-7.5.1+69cbf6ad.lx64.r.cp311/usdrt`: errno=28/No space left on device
2026-08-31T06:26:03Z [1,080ms] [Error] [carb] Failed to create change watch for `/home/j/env_isaaclab/lib/python3.11/site-packages/isaacsim/extscache/omni.hydra.usdrt_delegate-7.5.1+69cbf6ad.lx64.r.cp311/usdrt/hierarchy`: errno=28/No space left on device
2026-08-31T06:26:03Z [1,080ms] [Error] [carb] Failed to create change watch for `/home/j/env_isaaclab/lib/python3.11/site-packages/isaacsim/extscache/omni.hydra.usdrt_delegate-7.5.1+69cbf6ad.lx64.r.cp311/usdrt/population`: errno=28/No space left on device
2026-08-31T06:26:03Z [1,080ms] [Error] [carb] Failed to create change watch for `/home/j/env_isaaclab/lib/python3.11/site-packages/isaacsim/extscache/omni.hydra.usdrt_delegate-7.5.1+69cbf6ad.lx64.r.cp311/config`: errno=28/No space left on device
[1.092s] [ext: omni.usd-1.13.10] startup
[1.107s] [ext: omni.inspect-1.0.2] startup
[1.108s] [ext: omni.kit.notification_manager-1.0.10] startup
2026-08-31T06:26:03Z [1,099ms] [Error] [carb] Failed to create change watch for `/home/j/env_isaaclab/lib/python3.11/site-packages/isaacsim/extscache/omni.inspect-1.0.2+69cbf6ad.lx64.r.cp311`: errno=28/No space left on device
2026-08-31T06:26:03Z [1,099ms] [Error] [carb] Failed to create change watch for `/home/j/env_isaaclab/lib/python3.11/site-packages/isaacsim/extscache/omni.inspect-1.0.2+69cbf6ad.lx64.r.cp311/config`: errno=28/No space left on device
2026-08-31T06:26:03Z [1,099ms] [Error] [carb] Failed to create change watch for `/home/j/env_isaaclab/lib/python3.11/site-packages/isaacsim/extscache/omni.inspect-1.0.2+69cbf6ad.lx64.r.cp311/omni`: errno=28/No space left on device
2026-08-31T06:26:03Z [1,099ms] [Error] [carb] Failed to create change watch for `/home/j/env_isaaclab/lib/python3.11/site-packages/isaacsim/extscache/omni.inspect-1.0.2+69cbf6ad.lx64.r.cp311/omni/inspect`: errno=28/No space left on device
2026-08-31T06:26:03Z [1,099ms] [Error] [carb] Failed to create change watch for `/home/j/env_isaaclab/lib/python3.11/site-packages/isaacsim/extscache/omni.inspect-1.0.2+69cbf6ad.lx64.r.cp311/omni/inspect/tests`: errno=28/No space left on device
[1.109s] [ext: omni.graph.core-2.184.5] startup
2026-08-31T06:26:03Z [1,100ms] [Error] [carb] Failed to create change watch for `/home/j/env_isaaclab/lib/python3.11/site-packages/isaacsim/extscache/omni.kit.notification_manager-1.0.10+69cbf6ad`: errno=28/No space left on device
2026-08-31T06:26:03Z [1,100ms] [Error] [carb] Failed to create change watch for `/home/j/env_isaaclab/lib/python3.11/site-packages/isaacsim/extscache/omni.kit.notification_manager-1.0.10+69cbf6ad/config`: errno=28/No space left on device
2026-08-31T06:26:03Z [1,100ms] [Error] [carb] Failed to create change watch for `/home/j/env_isaaclab/lib/python3.11/site-packages/isaacsim/extscache/omni.kit.notification_manager-1.0.10+69cbf6ad/omni`: errno=28/No space left on device
2026-08-31T06:26:03Z [1,100ms] [Error] [carb] Failed to create change watch for `/home/j/env_isaaclab/lib/python3.11/site-packages/isaacsim/extscache/omni.kit.notification_manager-1.0.10+69cbf6ad/omni/kit`: errno=28/No space left on device
2026-08-31T06:26:03Z [1,100ms] [Error] [carb] Failed to create change watch for `/home/j/env_isaaclab/lib/python3.11/site-packages/isaacsim/extscache/omni.kit.notification_manager-1.0.10+69cbf6ad/omni/kit/notification_manager`: errno=28/No space left on device
2026-08-31T06:26:03Z [1,100ms] [Error] [carb] Failed to create change watch for `/home/j/env_isaaclab/lib/python3.11/site-packages/isaacsim/extscache/omni.kit.notification_manager-1.0.10+69cbf6ad/omni/kit/notification_manager/tests`: errno=28/No space left on device
[1.111s] [ext: isaacsim.core.deprecation_manager-0.2.7] startup
[1.111s] [ext: omni.anim.graph.schema-107.3.3] startup
2026-08-31T06:26:03Z [1,102ms] [Error] [carb] Failed to create change watch for `/home/j/env_isaaclab/lib/python3.11/site-packages/isaacsim/exts/isaacsim.core.deprecation_manager`: errno=28/No space left on device
2026-08-31T06:26:03Z [1,102ms] [Error] [carb] Failed to create change watch for `/home/j/env_isaaclab/lib/python3.11/site-packages/isaacsim/exts/isaacsim.core.deprecation_manager/config`: errno=28/No space left on device
2026-08-31T06:26:03Z [1,102ms] [Error] [carb] Failed to create change watch for `/home/j/env_isaaclab/lib/python3.11/site-packages/isaacsim/exts/isaacsim.core.deprecation_manager/isaacsim`: errno=28/No space left on device
2026-08-31T06:26:03Z [1,102ms] [Error] [carb] Failed to create change watch for `/home/j/env_isaaclab/lib/python3.11/site-packages/isaacsim/exts/isaacsim.core.deprecation_manager/isaacsim/core`: errno=28/No space left on device
2026-08-31T06:26:03Z [1,102ms] [Error] [carb] Failed to create change watch for `/home/j/env_isaaclab/lib/python3.11/site-packages/isaacsim/exts/isaacsim.core.deprecation_manager/isaacsim/core/deprecation_manager`: errno=28/No space left on device
[1.115s] [ext: omni.usd.schema.isaac-3.0.5] startup
[1.115s] [ext: omni.anim.navigation.schema-107.3.3] startup
[1.118s] [ext: omni.kit.asset_converter-5.0.17] startup
[1.126s] [ext: isaacsim.robot.schema-3.6.0] startup
2026-08-31T06:26:03Z [1,117ms] [Error] [carb] Failed to create change watch for `/home/j/env_isaaclab/lib/python3.11/site-packages/isaacsim/extscache/omni.kit.asset_converter-5.0.17+107.3.1.lx64.r.cp311.u353`: errno=28/No space left on device
2026-08-31T06:26:03Z [1,117ms] [Error] [carb] Failed to create change watch for `/home/j/env_isaaclab/lib/python3.11/site-packages/isaacsim/extscache/omni.kit.asset_converter-5.0.17+107.3.1.lx64.r.cp311.u353/asset_converter_native_bindings`: errno=28/No space left on device
2026-08-31T06:26:03Z [1,117ms] [Error] [carb] Failed to create change watch for `/home/j/env_isaaclab/lib/python3.11/site-packages/isaacsim/extscache/omni.kit.asset_converter-5.0.17+107.3.1.lx64.r.cp311.u353/asset_converter_native_bindings/libs`: errno=28/No space left on device
2026-08-31T06:26:03Z [1,117ms] [Error] [carb] Failed to create change watch for `/home/j/env_isaaclab/lib/python3.11/site-packages/isaacsim/extscache/omni.kit.asset_converter-5.0.17+107.3.1.lx64.r.cp311.u353/asset_converter_native_bindings/libs/resources`: errno=28/No space left on device
2026-08-31T06:26:03Z [1,117ms] [Error] [carb] Failed to create change watch for `/home/j/env_isaaclab/lib/python3.11/site-packages/isaacsim/extscache/omni.kit.asset_converter-5.0.17+107.3.1.lx64.r.cp311.u353/config`: errno=28/No space left on device
2026-08-31T06:26:03Z [1,117ms] [Error] [carb] Failed to create change watch for `/home/j/env_isaaclab/lib/python3.11/site-packages/isaacsim/extscache/omni.kit.asset_converter-5.0.17+107.3.1.lx64.r.cp311.u353/omni`: errno=28/No space left on device
2026-08-31T06:26:03Z [1,117ms] [Error] [carb] Failed to create change watch for `/home/j/env_isaaclab/lib/python3.11/site-packages/isaacsim/extscache/omni.kit.asset_converter-5.0.17+107.3.1.lx64.r.cp311.u353/omni/kit`: errno=28/No space left on device
2026-08-31T06:26:03Z [1,117ms] [Error] [carb] Failed to create change watch for `/home/j/env_isaaclab/lib/python3.11/site-packages/isaacsim/extscache/omni.kit.asset_converter-5.0.17+107.3.1.lx64.r.cp311.u353/omni/kit/asset_converter`: errno=28/No space left on device
2026-08-31T06:26:03Z [1,117ms] [Error] [carb] Failed to create change watch for `/home/j/env_isaaclab/lib/python3.11/site-packages/isaacsim/extscache/omni.kit.asset_converter-5.0.17+107.3.1.lx64.r.cp311.u353/omni/kit/asset_converter/tests`: errno=28/No space left on device
2026-08-31T06:26:03Z [1,117ms] [Error] [carb] Failed to create change watch for `/home/j/env_isaaclab/lib/python3.11/site-packages/isaacsim/extscache/omni.kit.asset_converter-5.0.17+107.3.1.lx64.r.cp311.u353/omni/kit/asset_converter/impl`: errno=28/No space left on device
2026-08-31T06:26:03Z [1,117ms] [Error] [carb] Failed to create change watch for `/home/j/env_isaaclab/lib/python3.11/site-packages/isaacsim/extscache/omni.kit.asset_converter-5.0.17+107.3.1.lx64.r.cp311.u353/omni/kit/asset_converter/native_bindings`: errno=28/No space left on device
[1.131s] [ext: omni.usd.schema.render_settings.rtx-0.0.0] startup
[1.132s] [ext: omni.kit.menu.core-1.1.2] startup
[1.132s] [ext: omni.kit.widget.path_field-2.0.11] startup
2026-08-31T06:26:03Z [1,123ms] [Error] [carb] Failed to create change watch for `/home/j/env_isaaclab/lib/python3.11/site-packages/isaacsim/extscache/omni.kit.menu.core-1.1.2+69cbf6ad`: errno=28/No space left on device
2026-08-31T06:26:03Z [1,123ms] [Error] [carb] Failed to create change watch for `/home/j/env_isaaclab/lib/python3.11/site-packages/isaacsim/extscache/omni.kit.menu.core-1.1.2+69cbf6ad/config`: errno=28/No space left on device
2026-08-31T06:26:03Z [1,123ms] [Error] [carb] Failed to create change watch for `/home/j/env_isaaclab/lib/python3.11/site-packages/isaacsim/extscache/omni.kit.menu.core-1.1.2+69cbf6ad/omni`: errno=28/No space left on device
2026-08-31T06:26:03Z [1,124ms] [Error] [carb] Failed to create change watch for `/home/j/env_isaaclab/lib/python3.11/site-packages/isaacsim/extscache/omni.kit.menu.core-1.1.2+69cbf6ad/omni/kit`: errno=28/No space left on device
2026-08-31T06:26:03Z [1,124ms] [Error] [carb] Failed to create change watch for `/home/j/env_isaaclab/lib/python3.11/site-packages/isaacsim/extscache/omni.kit.menu.core-1.1.2+69cbf6ad/omni/kit/menu`: errno=28/No space left on device
2026-08-31T06:26:03Z [1,124ms] [Error] [carb] Failed to create change watch for `/home/j/env_isaaclab/lib/python3.11/site-packages/isaacsim/extscache/omni.kit.menu.core-1.1.2+69cbf6ad/omni/kit/menu/core`: errno=28/No space left on device
2026-08-31T06:26:03Z [1,124ms] [Error] [carb] Failed to create change watch for `/home/j/env_isaaclab/lib/python3.11/site-packages/isaacsim/extscache/omni.kit.menu.core-1.1.2+69cbf6ad/omni/kit/menu/core/tests`: errno=28/No space left on device
[1.133s] [ext: omni.kit.widget.context_menu-1.2.5] startup
2026-08-31T06:26:03Z [1,124ms] [Error] [carb] Failed to create change watch for `/home/j/env_isaaclab/lib/python3.11/site-packages/isaacsim/extscache/omni.kit.widget.path_field-2.0.11+69cbf6ad`: errno=28/No space left on device
2026-08-31T06:26:03Z [1,124ms] [Error] [carb] Failed to create change watch for `/home/j/env_isaaclab/lib/python3.11/site-packages/isaacsim/extscache/omni.kit.widget.path_field-2.0.11+69cbf6ad/config`: errno=28/No space left on device
2026-08-31T06:26:03Z [1,124ms] [Error] [carb] Failed to create change watch for `/home/j/env_isaaclab/lib/python3.11/site-packages/isaacsim/extscache/omni.kit.widget.path_field-2.0.11+69cbf6ad/omni`: errno=28/No space left on device
2026-08-31T06:26:03Z [1,124ms] [Error] [carb] Failed to create change watch for `/home/j/env_isaaclab/lib/python3.11/site-packages/isaacsim/extscache/omni.kit.widget.path_field-2.0.11+69cbf6ad/omni/kit`: errno=28/No space left on device
2026-08-31T06:26:03Z [1,124ms] [Error] [carb] Failed to create change watch for `/home/j/env_isaaclab/lib/python3.11/site-packages/isaacsim/extscache/omni.kit.widget.path_field-2.0.11+69cbf6ad/omni/kit/widget`: errno=28/No space left on device
2026-08-31T06:26:03Z [1,124ms] [Error] [carb] Failed to create change watch for `/home/j/env_isaaclab/lib/python3.11/site-packages/isaacsim/extscache/omni.kit.widget.path_field-2.0.11+69cbf6ad/omni/kit/widget/path_field`: errno=28/No space left on device
2026-08-31T06:26:03Z [1,124ms] [Error] [carb] Failed to create change watch for `/home/j/env_isaaclab/lib/python3.11/site-packages/isaacsim/extscache/omni.kit.widget.path_field-2.0.11+69cbf6ad/omni/kit/widget/path_field/tests`: errno=28/No space left on device
[1.134s] [ext: omni.kit.widget.browser_bar-2.0.10] startup
2026-08-31T06:26:03Z [1,125ms] [Error] [carb] Failed to create change watch for `/home/j/env_isaaclab/lib/python3.11/site-packages/isaacsim/extscache/omni.kit.widget.context_menu-1.2.5+69cbf6ad`: errno=28/No space left on device
2026-08-31T06:26:03Z [1,125ms] [Error] [carb] Failed to create change watch for `/home/j/env_isaaclab/lib/python3.11/site-packages/isaacsim/extscache/omni.kit.widget.context_menu-1.2.5+69cbf6ad/config`: errno=28/No space left on device
2026-08-31T06:26:03Z [1,125ms] [Error] [carb] Failed to create change watch for `/home/j/env_isaaclab/lib/python3.11/site-packages/isaacsim/extscache/omni.kit.widget.context_menu-1.2.5+69cbf6ad/omni`: errno=28/No space left on device
2026-08-31T06:26:03Z [1,125ms] [Error] [carb] Failed to create change watch for `/home/j/env_isaaclab/lib/python3.11/site-packages/isaacsim/extscache/omni.kit.widget.context_menu-1.2.5+69cbf6ad/omni/kit`: errno=28/No space left on device
2026-08-31T06:26:03Z [1,125ms] [Error] [carb] Failed to create change watch for `/home/j/env_isaaclab/lib/python3.11/site-packages/isaacsim/extscache/omni.kit.widget.context_menu-1.2.5+69cbf6ad/omni/kit/widget`: errno=28/No space left on device
2026-08-31T06:26:03Z [1,125ms] [Error] [carb] Failed to create change watch for `/home/j/env_isaaclab/lib/python3.11/site-packages/isaacsim/extscache/omni.kit.widget.context_menu-1.2.5+69cbf6ad/omni/kit/widget/context_menu`: errno=28/No space left on device
2026-08-31T06:26:03Z [1,125ms] [Error] [carb] Failed to create change watch for `/home/j/env_isaaclab/lib/python3.11/site-packages/isaacsim/extscache/omni.kit.widget.context_menu-1.2.5+69cbf6ad/omni/kit/widget/context_menu/tests`: errno=28/No space left on device
[1.134s] [ext: omni.kit.clipboard-1.0.5] startup
2026-08-31T06:26:03Z [1,125ms] [Error] [carb] Failed to create change watch for `/home/j/env_isaaclab/lib/python3.11/site-packages/isaacsim/extscache/omni.kit.widget.browser_bar-2.0.10+69cbf6ad`: errno=28/No space left on device
2026-08-31T06:26:03Z [1,125ms] [Error] [carb] Failed to create change watch for `/home/j/env_isaaclab/lib/python3.11/site-packages/isaacsim/extscache/omni.kit.widget.browser_bar-2.0.10+69cbf6ad/config`: errno=28/No space left on device
2026-08-31T06:26:03Z [1,125ms] [Error] [carb] Failed to create change watch for `/home/j/env_isaaclab/lib/python3.11/site-packages/isaacsim/extscache/omni.kit.widget.browser_bar-2.0.10+69cbf6ad/omni`: errno=28/No space left on device
2026-08-31T06:26:03Z [1,125ms] [Error] [carb] Failed to create change watch for `/home/j/env_isaaclab/lib/python3.11/site-packages/isaacsim/extscache/omni.kit.widget.browser_bar-2.0.10+69cbf6ad/omni/kit`: errno=28/No space left on device
2026-08-31T06:26:03Z [1,125ms] [Error] [carb] Failed to create change watch for `/home/j/env_isaaclab/lib/python3.11/site-packages/isaacsim/extscache/omni.kit.widget.browser_bar-2.0.10+69cbf6ad/omni/kit/widget`: errno=28/No space left on device
2026-08-31T06:26:03Z [1,125ms] [Error] [carb] Failed to create change watch for `/home/j/env_isaaclab/lib/python3.11/site-packages/isaacsim/extscache/omni.kit.widget.browser_bar-2.0.10+69cbf6ad/omni/kit/widget/browser_bar`: errno=28/No space left on device
2026-08-31T06:26:03Z [1,125ms] [Error] [carb] Failed to create change watch for `/home/j/env_isaaclab/lib/python3.11/site-packages/isaacsim/extscache/omni.kit.widget.browser_bar-2.0.10+69cbf6ad/omni/kit/widget/browser_bar/tests`: errno=28/No space left on device
[1.135s] [ext: omni.kit.numpy.common-0.1.3] startup
2026-08-31T06:26:03Z [1,126ms] [Error] [carb] Failed to create change watch for `/home/j/env_isaaclab/lib/python3.11/site-packages/isaacsim/extscache/omni.kit.clipboard-1.0.5+69cbf6ad.lx64.r.cp311`: errno=28/No space left on device
2026-08-31T06:26:03Z [1,126ms] [Error] [carb] Failed to create change watch for `/home/j/env_isaaclab/lib/python3.11/site-packages/isaacsim/extscache/omni.kit.clipboard-1.0.5+69cbf6ad.lx64.r.cp311/config`: errno=28/No space left on device
2026-08-31T06:26:03Z [1,126ms] [Error] [carb] Failed to create change watch for `/home/j/env_isaaclab/lib/python3.11/site-packages/isaacsim/extscache/omni.kit.clipboard-1.0.5+69cbf6ad.lx64.r.cp311/omni`: errno=28/No space left on device
2026-08-31T06:26:03Z [1,126ms] [Error] [carb] Failed to create change watch for `/home/j/env_isaaclab/lib/python3.11/site-packages/isaacsim/extscache/omni.kit.clipboard-1.0.5+69cbf6ad.lx64.r.cp311/omni/kit`: errno=28/No space left on device
2026-08-31T06:26:03Z [1,126ms] [Error] [carb] Failed to create change watch for `/home/j/env_isaaclab/lib/python3.11/site-packages/isaacsim/extscache/omni.kit.clipboard-1.0.5+69cbf6ad.lx64.r.cp311/omni/kit/clipboard`: errno=28/No space left on device
2026-08-31T06:26:03Z [1,126ms] [Error] [carb] Failed to create change watch for `/home/j/env_isaaclab/lib/python3.11/site-packages/isaacsim/extscache/omni.kit.clipboard-1.0.5+69cbf6ad.lx64.r.cp311/omni/kit/clipboard/tests`: errno=28/No space left on device
[1.136s] [ext: omni.kit.widget.options_menu-1.1.6] startup
2026-08-31T06:26:03Z [1,127ms] [Error] [carb] Failed to create change watch for `/home/j/env_isaaclab/lib/python3.11/site-packages/isaacsim/extscache/omni.kit.numpy.common-0.1.3+69cbf6ad.lx64.r.cp311`: errno=28/No space left on device
2026-08-31T06:26:03Z [1,127ms] [Error] [carb] Failed to create change watch for `/home/j/env_isaaclab/lib/python3.11/site-packages/isaacsim/extscache/omni.kit.numpy.common-0.1.3+69cbf6ad.lx64.r.cp311/config`: errno=28/No space left on device
2026-08-31T06:26:03Z [1,127ms] [Error] [carb] Failed to create change watch for `/home/j/env_isaaclab/lib/python3.11/site-packages/isaacsim/extscache/omni.kit.numpy.common-0.1.3+69cbf6ad.lx64.r.cp311/omni`: errno=28/No space left on device
2026-08-31T06:26:03Z [1,127ms] [Error] [carb] Failed to create change watch for `/home/j/env_isaaclab/lib/python3.11/site-packages/isaacsim/extscache/omni.kit.numpy.common-0.1.3+69cbf6ad.lx64.r.cp311/omni/kit`: errno=28/No space left on device
2026-08-31T06:26:03Z [1,127ms] [Error] [carb] Failed to create change watch for `/home/j/env_isaaclab/lib/python3.11/site-packages/isaacsim/extscache/omni.kit.numpy.common-0.1.3+69cbf6ad.lx64.r.cp311/omni/kit/numpy`: errno=28/No space left on device
2026-08-31T06:26:03Z [1,127ms] [Error] [carb] Failed to create change watch for `/home/j/env_isaaclab/lib/python3.11/site-packages/isaacsim/extscache/omni.kit.numpy.common-0.1.3+69cbf6ad.lx64.r.cp311/omni/kit/numpy/common`: errno=28/No space left on device
[1.138s] [ext: omni.kit.helper.file_utils-0.1.9] startup
2026-08-31T06:26:03Z [1,129ms] [Error] [carb] Failed to create change watch for `/home/j/env_isaaclab/lib/python3.11/site-packages/isaacsim/extscache/omni.kit.widget.options_menu-1.1.6+69cbf6ad`: errno=28/No space left on device
2026-08-31T06:26:03Z [1,129ms] [Error] [carb] Failed to create change watch for `/home/j/env_isaaclab/lib/python3.11/site-packages/isaacsim/extscache/omni.kit.widget.options_menu-1.1.6+69cbf6ad/config`: errno=28/No space left on device
2026-08-31T06:26:03Z [1,130ms] [Error] [carb] Failed to create change watch for `/home/j/env_isaaclab/lib/python3.11/site-packages/isaacsim/extscache/omni.kit.widget.options_menu-1.1.6+69cbf6ad/omni`: errno=28/No space left on device
2026-08-31T06:26:03Z [1,130ms] [Error] [carb] Failed to create change watch for `/home/j/env_isaaclab/lib/python3.11/site-packages/isaacsim/extscache/omni.kit.widget.options_menu-1.1.6+69cbf6ad/omni/kit`: errno=28/No space left on device
2026-08-31T06:26:03Z [1,130ms] [Error] [carb] Failed to create change watch for `/home/j/env_isaaclab/lib/python3.11/site-packages/isaacsim/extscache/omni.kit.widget.options_menu-1.1.6+69cbf6ad/omni/kit/widget`: errno=28/No space left on device
2026-08-31T06:26:03Z [1,130ms] [Error] [carb] Failed to create change watch for `/home/j/env_isaaclab/lib/python3.11/site-packages/isaacsim/extscache/omni.kit.widget.options_menu-1.1.6+69cbf6ad/omni/kit/widget/options_menu`: errno=28/No space left on device
2026-08-31T06:26:03Z [1,130ms] [Error] [carb] Failed to create change watch for `/home/j/env_isaaclab/lib/python3.11/site-packages/isaacsim/extscache/omni.kit.widget.options_menu-1.1.6+69cbf6ad/omni/kit/widget/options_menu/tests`: errno=28/No space left on device
[1.140s] [ext: omni.ui.scene-1.11.5] startup
2026-08-31T06:26:03Z [1,131ms] [Error] [carb] Failed to create change watch for `/home/j/env_isaaclab/lib/python3.11/site-packages/isaacsim/extscache/omni.kit.helper.file_utils-0.1.9+69cbf6ad`: errno=28/No space left on device
2026-08-31T06:26:03Z [1,131ms] [Error] [carb] Failed to create change watch for `/home/j/env_isaaclab/lib/python3.11/site-packages/isaacsim/extscache/omni.kit.helper.file_utils-0.1.9+69cbf6ad/config`: errno=28/No space left on device
2026-08-31T06:26:03Z [1,131ms] [Error] [carb] Failed to create change watch for `/home/j/env_isaaclab/lib/python3.11/site-packages/isaacsim/extscache/omni.kit.helper.file_utils-0.1.9+69cbf6ad/omni`: errno=28/No space left on device
2026-08-31T06:26:03Z [1,131ms] [Error] [carb] Failed to create change watch for `/home/j/env_isaaclab/lib/python3.11/site-packages/isaacsim/extscache/omni.kit.helper.file_utils-0.1.9+69cbf6ad/omni/kit`: errno=28/No space left on device
2026-08-31T06:26:03Z [1,131ms] [Error] [carb] Failed to create change watch for `/home/j/env_isaaclab/lib/python3.11/site-packages/isaacsim/extscache/omni.kit.helper.file_utils-0.1.9+69cbf6ad/omni/kit/helper`: errno=28/No space left on device
2026-08-31T06:26:03Z [1,132ms] [Error] [carb] Failed to create change watch for `/home/j/env_isaaclab/lib/python3.11/site-packages/isaacsim/extscache/omni.kit.helper.file_utils-0.1.9+69cbf6ad/omni/kit/helper/file_utils`: errno=28/No space left on device
2026-08-31T06:26:03Z [1,132ms] [Error] [carb] Failed to create change watch for `/home/j/env_isaaclab/lib/python3.11/site-packages/isaacsim/extscache/omni.kit.helper.file_utils-0.1.9+69cbf6ad/omni/kit/helper/file_utils/tests`: errno=28/No space left on device
[1.143s] [ext: omni.kit.widget.options_button-1.0.3] startup
2026-08-31T06:26:03Z [1,134ms] [Error] [carb] Failed to create change watch for `/home/j/env_isaaclab/lib/python3.11/site-packages/isaacsim/extscache/omni.ui.scene-1.11.5+69cbf6ad.lx64.r.cp311`: errno=28/No space left on device
2026-08-31T06:26:03Z [1,135ms] [Error] [carb] Failed to create change watch for `/home/j/env_isaaclab/lib/python3.11/site-packages/isaacsim/extscache/omni.ui.scene-1.11.5+69cbf6ad.lx64.r.cp311/config`: errno=28/No space left on device
2026-08-31T06:26:03Z [1,135ms] [Error] [carb] Failed to create change watch for `/home/j/env_isaaclab/lib/python3.11/site-packages/isaacsim/extscache/omni.ui.scene-1.11.5+69cbf6ad.lx64.r.cp311/omni`: errno=28/No space left on device
2026-08-31T06:26:03Z [1,135ms] [Error] [carb] Failed to create change watch for `/home/j/env_isaaclab/lib/python3.11/site-packages/isaacsim/extscache/omni.ui.scene-1.11.5+69cbf6ad.lx64.r.cp311/omni/ui_scene`: errno=28/No space left on device
2026-08-31T06:26:03Z [1,135ms] [Error] [carb] Failed to create change watch for `/home/j/env_isaaclab/lib/python3.11/site-packages/isaacsim/extscache/omni.ui.scene-1.11.5+69cbf6ad.lx64.r.cp311/omni/ui_scene/tests`: errno=28/No space left on device
2026-08-31T06:26:03Z [1,135ms] [Error] [carb] Failed to create change watch for `/home/j/env_isaaclab/lib/python3.11/site-packages/isaacsim/extscache/omni.kit.widget.options_button-1.0.3+69cbf6ad`: errno=28/No space left on device
[1.144s] [ext: omni.kit.widget.filebrowser-2.12.3] startup
2026-08-31T06:26:03Z [1,135ms] [Error] [carb] Failed to create change watch for `/home/j/env_isaaclab/lib/python3.11/site-packages/isaacsim/extscache/omni.kit.widget.options_button-1.0.3+69cbf6ad/config`: errno=28/No space left on device
2026-08-31T06:26:03Z [1,135ms] [Error] [carb] Failed to create change watch for `/home/j/env_isaaclab/lib/python3.11/site-packages/isaacsim/extscache/omni.kit.widget.options_button-1.0.3+69cbf6ad/omni`: errno=28/No space left on device
2026-08-31T06:26:03Z [1,135ms] [Error] [carb] Failed to create change watch for `/home/j/env_isaaclab/lib/python3.11/site-packages/isaacsim/extscache/omni.kit.widget.options_button-1.0.3+69cbf6ad/omni/kit`: errno=28/No space left on device
2026-08-31T06:26:03Z [1,135ms] [Error] [carb] Failed to create change watch for `/home/j/env_isaaclab/lib/python3.11/site-packages/isaacsim/extscache/omni.kit.widget.options_button-1.0.3+69cbf6ad/omni/kit/widget`: errno=28/No space left on device
2026-08-31T06:26:03Z [1,135ms] [Error] [carb] Failed to create change watch for `/home/j/env_isaaclab/lib/python3.11/site-packages/isaacsim/extscache/omni.kit.widget.options_button-1.0.3+69cbf6ad/omni/kit/widget/options_button`: errno=28/No space left on device
2026-08-31T06:26:03Z [1,135ms] [Error] [carb] Failed to create change watch for `/home/j/env_isaaclab/lib/python3.11/site-packages/isaacsim/extscache/omni.kit.widget.options_button-1.0.3+69cbf6ad/omni/kit/widget/options_button/tests`: errno=28/No space left on device
[1.147s] [ext: omni.kit.usd.layers-2.2.11] startup
2026-08-31T06:26:03Z [1,138ms] [Error] [carb] Failed to create change watch for `/home/j/env_isaaclab/lib/python3.11/site-packages/isaacsim/extscache/omni.kit.widget.filebrowser-2.12.3+69cbf6ad`: errno=28/No space left on device
2026-08-31T06:26:03Z [1,138ms] [Error] [carb] Failed to create change watch for `/home/j/env_isaaclab/lib/python3.11/site-packages/isaacsim/extscache/omni.kit.widget.filebrowser-2.12.3+69cbf6ad/config`: errno=28/No space left on device
2026-08-31T06:26:03Z [1,138ms] [Error] [carb] Failed to create change watch for `/home/j/env_isaaclab/lib/python3.11/site-packages/isaacsim/extscache/omni.kit.widget.filebrowser-2.12.3+69cbf6ad/omni`: errno=28/No space left on device
2026-08-31T06:26:03Z [1,138ms] [Error] [carb] Failed to create change watch for `/home/j/env_isaaclab/lib/python3.11/site-packages/isaacsim/extscache/omni.kit.widget.filebrowser-2.12.3+69cbf6ad/omni/kit`: errno=28/No space left on device
2026-08-31T06:26:03Z [1,138ms] [Error] [carb] Failed to create change watch for `/home/j/env_isaaclab/lib/python3.11/site-packages/isaacsim/extscache/omni.kit.widget.filebrowser-2.12.3+69cbf6ad/omni/kit/widget`: errno=28/No space left on device
2026-08-31T06:26:03Z [1,138ms] [Error] [carb] Failed to create change watch for `/home/j/env_isaaclab/lib/python3.11/site-packages/isaacsim/extscache/omni.kit.widget.filebrowser-2.12.3+69cbf6ad/omni/kit/widget/filebrowser`: errno=28/No space left on device
2026-08-31T06:26:03Z [1,138ms] [Error] [carb] Failed to create change watch for `/home/j/env_isaaclab/lib/python3.11/site-packages/isaacsim/extscache/omni.kit.widget.filebrowser-2.12.3+69cbf6ad/omni/kit/widget/filebrowser/tests`: errno=28/No space left on device
[1.152s] [ext: omni.kit.window.filepicker-2.13.4] startup
2026-08-31T06:26:03Z [1,143ms] [Error] [carb] Failed to create change watch for `/home/j/env_isaaclab/lib/python3.11/site-packages/isaacsim/extscache/omni.kit.usd.layers-2.2.11+69cbf6ad.lx64.r.cp311`: errno=28/No space left on device
2026-08-31T06:26:03Z [1,143ms] [Error] [carb] Failed to create change watch for `/home/j/env_isaaclab/lib/python3.11/site-packages/isaacsim/extscache/omni.kit.usd.layers-2.2.11+69cbf6ad.lx64.r.cp311/config`: errno=28/No space left on device
2026-08-31T06:26:03Z [1,143ms] [Error] [carb] Failed to create change watch for `/home/j/env_isaaclab/lib/python3.11/site-packages/isaacsim/extscache/omni.kit.usd.layers-2.2.11+69cbf6ad.lx64.r.cp311/omni`: errno=28/No space left on device
2026-08-31T06:26:03Z [1,144ms] [Error] [carb] Failed to create change watch for `/home/j/env_isaaclab/lib/python3.11/site-packages/isaacsim/extscache/omni.kit.usd.layers-2.2.11+69cbf6ad.lx64.r.cp311/omni/kit`: errno=28/No space left on device
2026-08-31T06:26:03Z [1,144ms] [Error] [carb] Failed to create change watch for `/home/j/env_isaaclab/lib/python3.11/site-packages/isaacsim/extscache/omni.kit.usd.layers-2.2.11+69cbf6ad.lx64.r.cp311/omni/kit/usd`: errno=28/No space left on device
2026-08-31T06:26:03Z [1,144ms] [Error] [carb] Failed to create change watch for `/home/j/env_isaaclab/lib/python3.11/site-packages/isaacsim/extscache/omni.kit.usd.layers-2.2.11+69cbf6ad.lx64.r.cp311/omni/kit/usd/layers`: errno=28/No space left on device
2026-08-31T06:26:03Z [1,144ms] [Error] [carb] Failed to create change watch for `/home/j/env_isaaclab/lib/python3.11/site-packages/isaacsim/extscache/omni.kit.usd.layers-2.2.11+69cbf6ad.lx64.r.cp311/omni/kit/usd/layers/tests`: errno=28/No space left on device
2026-08-31T06:26:03Z [1,144ms] [Error] [carb] Failed to create change watch for `/home/j/env_isaaclab/lib/python3.11/site-packages/isaacsim/extscache/omni.kit.usd.layers-2.2.11+69cbf6ad.lx64.r.cp311/omni/kit/usd/layers/_impl`: errno=28/No space left on device
2026-08-31T06:26:03Z [1,150ms] [Error] [carb] Failed to create change watch for `/home/j/env_isaaclab/lib/python3.11/site-packages/isaacsim/extscache/omni.kit.window.filepicker-2.13.4+69cbf6ad`: errno=28/No space left on device
[1.159s] [ext: omni.kit.hotkeys.core-1.3.10] startup
2026-08-31T06:26:03Z [1,150ms] [Error] [carb] Failed to create change watch for `/home/j/env_isaaclab/lib/python3.11/site-packages/isaacsim/extscache/omni.kit.window.filepicker-2.13.4+69cbf6ad/config`: errno=28/No space left on device
2026-08-31T06:26:03Z [1,150ms] [Error] [carb] Failed to create change watch for `/home/j/env_isaaclab/lib/python3.11/site-packages/isaacsim/extscache/omni.kit.window.filepicker-2.13.4+69cbf6ad/omni`: errno=28/No space left on device
2026-08-31T06:26:03Z [1,150ms] [Error] [carb] Failed to create change watch for `/home/j/env_isaaclab/lib/python3.11/site-packages/isaacsim/extscache/omni.kit.window.filepicker-2.13.4+69cbf6ad/omni/kit`: errno=28/No space left on device
2026-08-31T06:26:03Z [1,150ms] [Error] [carb] Failed to create change watch for `/home/j/env_isaaclab/lib/python3.11/site-packages/isaacsim/extscache/omni.kit.window.filepicker-2.13.4+69cbf6ad/omni/kit/window`: errno=28/No space left on device
2026-08-31T06:26:03Z [1,150ms] [Error] [carb] Failed to create change watch for `/home/j/env_isaaclab/lib/python3.11/site-packages/isaacsim/extscache/omni.kit.window.filepicker-2.13.4+69cbf6ad/omni/kit/window/filepicker`: errno=28/No space left on device
2026-08-31T06:26:03Z [1,150ms] [Error] [carb] Failed to create change watch for `/home/j/env_isaaclab/lib/python3.11/site-packages/isaacsim/extscache/omni.kit.window.filepicker-2.13.4+69cbf6ad/omni/kit/window/filepicker/tests`: errno=28/No space left on device
2026-08-31T06:26:03Z [1,150ms] [Error] [carb] Failed to create change watch for `/home/j/env_isaaclab/lib/python3.11/site-packages/isaacsim/extscache/omni.kit.window.filepicker-2.13.4+69cbf6ad/omni/kit/window/filepicker/collections`: errno=28/No space left on device
2026-08-31T06:26:03Z [1,150ms] [Error] [carb] Failed to create change watch for `/home/j/env_isaaclab/lib/python3.11/site-packages/isaacsim/extscache/omni.kit.window.filepicker-2.13.4+69cbf6ad/omni/kit/window/filepicker/datetime`: errno=28/No space left on device
[1.161s] [ext: omni.kit.context_menu-1.8.6] startup
2026-08-31T06:26:03Z [1,152ms] [Error] [carb] Failed to create change watch for `/home/j/env_isaaclab/lib/python3.11/site-packages/isaacsim/extscache/omni.kit.hotkeys.core-1.3.10+69cbf6ad`: errno=28/No space left on device
2026-08-31T06:26:03Z [1,152ms] [Error] [carb] Failed to create change watch for `/home/j/env_isaaclab/lib/python3.11/site-packages/isaacsim/extscache/omni.kit.hotkeys.core-1.3.10+69cbf6ad/config`: errno=28/No space left on device
2026-08-31T06:26:03Z [1,152ms] [Error] [carb] Failed to create change watch for `/home/j/env_isaaclab/lib/python3.11/site-packages/isaacsim/extscache/omni.kit.hotkeys.core-1.3.10+69cbf6ad/omni`: errno=28/No space left on device
2026-08-31T06:26:03Z [1,152ms] [Error] [carb] Failed to create change watch for `/home/j/env_isaaclab/lib/python3.11/site-packages/isaacsim/extscache/omni.kit.hotkeys.core-1.3.10+69cbf6ad/omni/kit`: errno=28/No space left on device
2026-08-31T06:26:03Z [1,152ms] [Error] [carb] Failed to create change watch for `/home/j/env_isaaclab/lib/python3.11/site-packages/isaacsim/extscache/omni.kit.hotkeys.core-1.3.10+69cbf6ad/omni/kit/hotkeys`: errno=28/No space left on device
2026-08-31T06:26:03Z [1,152ms] [Error] [carb] Failed to create change watch for `/home/j/env_isaaclab/lib/python3.11/site-packages/isaacsim/extscache/omni.kit.hotkeys.core-1.3.10+69cbf6ad/omni/kit/hotkeys/core`: errno=28/No space left on device
2026-08-31T06:26:03Z [1,152ms] [Error] [carb] Failed to create change watch for `/home/j/env_isaaclab/lib/python3.11/site-packages/isaacsim/extscache/omni.kit.hotkeys.core-1.3.10+69cbf6ad/omni/kit/hotkeys/core/tests`: errno=28/No space left on device
[1.162s] [ext: omni.kit.property.adapter.core-1.0.2] startup
2026-08-31T06:26:03Z [1,153ms] [Error] [carb] Failed to create change watch for `/home/j/env_isaaclab/lib/python3.11/site-packages/isaacsim/extscache/omni.kit.context_menu-1.8.6+69cbf6ad`: errno=28/No space left on device
2026-08-31T06:26:03Z [1,153ms] [Error] [carb] Failed to create change watch for `/home/j/env_isaaclab/lib/python3.11/site-packages/isaacsim/extscache/omni.kit.context_menu-1.8.6+69cbf6ad/config`: errno=28/No space left on device
2026-08-31T06:26:03Z [1,153ms] [Error] [carb] Failed to create change watch for `/home/j/env_isaaclab/lib/python3.11/site-packages/isaacsim/extscache/omni.kit.context_menu-1.8.6+69cbf6ad/omni`: errno=28/No space left on device
2026-08-31T06:26:03Z [1,153ms] [Error] [carb] Failed to create change watch for `/home/j/env_isaaclab/lib/python3.11/site-packages/isaacsim/extscache/omni.kit.context_menu-1.8.6+69cbf6ad/omni/kit`: errno=28/No space left on device
2026-08-31T06:26:03Z [1,153ms] [Error] [carb] Failed to create change watch for `/home/j/env_isaaclab/lib/python3.11/site-packages/isaacsim/extscache/omni.kit.context_menu-1.8.6+69cbf6ad/omni/kit/context_menu`: errno=28/No space left on device
2026-08-31T06:26:03Z [1,153ms] [Error] [carb] Failed to create change watch for `/home/j/env_isaaclab/lib/python3.11/site-packages/isaacsim/extscache/omni.kit.context_menu-1.8.6+69cbf6ad/omni/kit/context_menu/tests`: errno=28/No space left on device
2026-08-31T06:26:03Z [1,153ms] [Error] [carb] Failed to create change watch for `/home/j/env_isaaclab/lib/python3.11/site-packages/isaacsim/extscache/omni.kit.context_menu-1.8.6+69cbf6ad/omni/kit/context_menu/scripts`: errno=28/No space left on device
[1.164s] [ext: omni.kit.window.file_exporter-1.0.33] startup
2026-08-31T06:26:03Z [1,155ms] [Error] [carb] Failed to create change watch for `/home/j/env_isaaclab/lib/python3.11/site-packages/isaacsim/extscache/omni.kit.property.adapter.core-1.0.2+69cbf6ad`: errno=28/No space left on device
2026-08-31T06:26:03Z [1,155ms] [Error] [carb] Failed to create change watch for `/home/j/env_isaaclab/lib/python3.11/site-packages/isaacsim/extscache/omni.kit.property.adapter.core-1.0.2+69cbf6ad/config`: errno=28/No space left on device
2026-08-31T06:26:03Z [1,155ms] [Error] [carb] Failed to create change watch for `/home/j/env_isaaclab/lib/python3.11/site-packages/isaacsim/extscache/omni.kit.property.adapter.core-1.0.2+69cbf6ad/omni`: errno=28/No space left on device
2026-08-31T06:26:03Z [1,155ms] [Error] [carb] Failed to create change watch for `/home/j/env_isaaclab/lib/python3.11/site-packages/isaacsim/extscache/omni.kit.property.adapter.core-1.0.2+69cbf6ad/omni/kit`: errno=28/No space left on device
2026-08-31T06:26:03Z [1,155ms] [Error] [carb] Failed to create change watch for `/home/j/env_isaaclab/lib/python3.11/site-packages/isaacsim/extscache/omni.kit.property.adapter.core-1.0.2+69cbf6ad/omni/kit/property`: errno=28/No space left on device
2026-08-31T06:26:03Z [1,155ms] [Error] [carb] Failed to create change watch for `/home/j/env_isaaclab/lib/python3.11/site-packages/isaacsim/extscache/omni.kit.property.adapter.core-1.0.2+69cbf6ad/omni/kit/property/adapter`: errno=28/No space left on device
2026-08-31T06:26:03Z [1,155ms] [Error] [carb] Failed to create change watch for `/home/j/env_isaaclab/lib/python3.11/site-packages/isaacsim/extscache/omni.kit.property.adapter.core-1.0.2+69cbf6ad/omni/kit/property/adapter/core`: errno=28/No space left on device
2026-08-31T06:26:03Z [1,155ms] [Error] [carb] Failed to create change watch for `/home/j/env_isaaclab/lib/python3.11/site-packages/isaacsim/extscache/omni.kit.property.adapter.core-1.0.2+69cbf6ad/omni/kit/property/adapter/core/tests`: errno=28/No space left on device
2026-08-31T06:26:03Z [1,155ms] [Error] [carb] Failed to create change watch for `/home/j/env_isaaclab/lib/python3.11/site-packages/isaacsim/extscache/omni.kit.property.adapter.core-1.0.2+69cbf6ad/omni/kit/property/adapter/core/scripts`: errno=28/No space left on device
[1.165s] [ext: omni.kit.widget.searchfield-1.1.8] startup
2026-08-31T06:26:03Z [1,156ms] [Error] [carb] Failed to create change watch for `/home/j/env_isaaclab/lib/python3.11/site-packages/isaacsim/extscache/omni.kit.window.file_exporter-1.0.33+69cbf6ad`: errno=28/No space left on device
2026-08-31T06:26:03Z [1,156ms] [Error] [carb] Failed to create change watch for `/home/j/env_isaaclab/lib/python3.11/site-packages/isaacsim/extscache/omni.kit.window.file_exporter-1.0.33+69cbf6ad/config`: errno=28/No space left on device
2026-08-31T06:26:03Z [1,156ms] [Error] [carb] Failed to create change watch for `/home/j/env_isaaclab/lib/python3.11/site-packages/isaacsim/extscache/omni.kit.window.file_exporter-1.0.33+69cbf6ad/omni`: errno=28/No space left on device
2026-08-31T06:26:03Z [1,156ms] [Error] [carb] Failed to create change watch for `/home/j/env_isaaclab/lib/python3.11/site-packages/isaacsim/extscache/omni.kit.window.file_exporter-1.0.33+69cbf6ad/omni/kit`: errno=28/No space left on device
2026-08-31T06:26:03Z [1,156ms] [Error] [carb] Failed to create change watch for `/home/j/env_isaaclab/lib/python3.11/site-packages/isaacsim/extscache/omni.kit.window.file_exporter-1.0.33+69cbf6ad/omni/kit/window`: errno=28/No space left on device
2026-08-31T06:26:03Z [1,156ms] [Error] [carb] Failed to create change watch for `/home/j/env_isaaclab/lib/python3.11/site-packages/isaacsim/extscache/omni.kit.window.file_exporter-1.0.33+69cbf6ad/omni/kit/window/file_exporter`: errno=28/No space left on device
2026-08-31T06:26:03Z [1,156ms] [Error] [carb] Failed to create change watch for `/home/j/env_isaaclab/lib/python3.11/site-packages/isaacsim/extscache/omni.kit.window.file_exporter-1.0.33+69cbf6ad/omni/kit/window/file_exporter/tests`: errno=28/No space left on device
[1.166s] [ext: omni.kit.widget.filter-1.1.4] startup
2026-08-31T06:26:03Z [1,157ms] [Error] [carb] Failed to create change watch for `/home/j/env_isaaclab/lib/python3.11/site-packages/isaacsim/extscache/omni.kit.widget.searchfield-1.1.8+69cbf6ad`: errno=28/No space left on device
2026-08-31T06:26:03Z [1,157ms] [Error] [carb] Failed to create change watch for `/home/j/env_isaaclab/lib/python3.11/site-packages/isaacsim/extscache/omni.kit.widget.searchfield-1.1.8+69cbf6ad/config`: errno=28/No space left on device
2026-08-31T06:26:03Z [1,157ms] [Error] [carb] Failed to create change watch for `/home/j/env_isaaclab/lib/python3.11/site-packages/isaacsim/extscache/omni.kit.widget.searchfield-1.1.8+69cbf6ad/omni`: errno=28/No space left on device
2026-08-31T06:26:03Z [1,157ms] [Error] [carb] Failed to create change watch for `/home/j/env_isaaclab/lib/python3.11/site-packages/isaacsim/extscache/omni.kit.widget.searchfield-1.1.8+69cbf6ad/omni/kit`: errno=28/No space left on device
[1.166s] [ext: omni.kit.widget.graph-2.0.0] startup
2026-08-31T06:26:03Z [1,157ms] [Error] [carb] Failed to create change watch for `/home/j/env_isaaclab/lib/python3.11/site-packages/isaacsim/extscache/omni.kit.widget.filter-1.1.4+69cbf6ad`: errno=28/No space left on device
2026-08-31T06:26:03Z [1,157ms] [Error] [carb] Failed to create change watch for `/home/j/env_isaaclab/lib/python3.11/site-packages/isaacsim/extscache/omni.kit.widget.searchfield-1.1.8+69cbf6ad/omni/kit/widget`: errno=28/No space left on device
2026-08-31T06:26:03Z [1,157ms] [Error] [carb] Failed to create change watch for `/home/j/env_isaaclab/lib/python3.11/site-packages/isaacsim/extscache/omni.kit.widget.filter-1.1.4+69cbf6ad/config`: errno=28/No space left on device
2026-08-31T06:26:03Z [1,157ms] [Error] [carb] Failed to create change watch for `/home/j/env_isaaclab/lib/python3.11/site-packages/isaacsim/extscache/omni.kit.widget.filter-1.1.4+69cbf6ad/omni`: errno=28/No space left on device
2026-08-31T06:26:03Z [1,157ms] [Error] [carb] Failed to create change watch for `/home/j/env_isaaclab/lib/python3.11/site-packages/isaacsim/extscache/omni.kit.widget.searchfield-1.1.8+69cbf6ad/omni/kit/widget/searchfield`: errno=28/No space left on device
2026-08-31T06:26:03Z [1,157ms] [Error] [carb] Failed to create change watch for `/home/j/env_isaaclab/lib/python3.11/site-packages/isaacsim/extscache/omni.kit.widget.filter-1.1.4+69cbf6ad/omni/kit`: errno=28/No space left on device
2026-08-31T06:26:03Z [1,157ms] [Error] [carb] Failed to create change watch for `/home/j/env_isaaclab/lib/python3.11/site-packages/isaacsim/extscache/omni.kit.widget.searchfield-1.1.8+69cbf6ad/omni/kit/widget/searchfield/tests`: errno=28/No space left on device
2026-08-31T06:26:03Z [1,158ms] [Error] [carb] Failed to create change watch for `/home/j/env_isaaclab/lib/python3.11/site-packages/isaacsim/extscache/omni.kit.widget.filter-1.1.4+69cbf6ad/omni/kit/widget`: errno=28/No space left on device
2026-08-31T06:26:03Z [1,158ms] [Error] [carb] Failed to create change watch for `/home/j/env_isaaclab/lib/python3.11/site-packages/isaacsim/extscache/omni.kit.widget.filter-1.1.4+69cbf6ad/omni/kit/widget/filter`: errno=28/No space left on device
2026-08-31T06:26:03Z [1,158ms] [Error] [carb] Failed to create change watch for `/home/j/env_isaaclab/lib/python3.11/site-packages/isaacsim/extscache/omni.kit.widget.filter-1.1.4+69cbf6ad/omni/kit/widget/filter/tests`: errno=28/No space left on device
[1.169s] [ext: omni.kit.widget.stage-3.1.4] startup
2026-08-31T06:26:03Z [1,160ms] [Error] [carb] Failed to create change watch for `/home/j/env_isaaclab/lib/python3.11/site-packages/isaacsim/extscache/omni.kit.widget.graph-2.0.0+69cbf6ad`: errno=28/No space left on device
2026-08-31T06:26:03Z [1,160ms] [Error] [carb] Failed to create change watch for `/home/j/env_isaaclab/lib/python3.11/site-packages/isaacsim/extscache/omni.kit.widget.graph-2.0.0+69cbf6ad/config`: errno=28/No space left on device
2026-08-31T06:26:03Z [1,160ms] [Error] [carb] Failed to create change watch for `/home/j/env_isaaclab/lib/python3.11/site-packages/isaacsim/extscache/omni.kit.widget.graph-2.0.0+69cbf6ad/omni`: errno=28/No space left on device
2026-08-31T06:26:03Z [1,160ms] [Error] [carb] Failed to create change watch for `/home/j/env_isaaclab/lib/python3.11/site-packages/isaacsim/extscache/omni.kit.widget.graph-2.0.0+69cbf6ad/omni/kit`: errno=28/No space left on device
2026-08-31T06:26:03Z [1,160ms] [Error] [carb] Failed to create change watch for `/home/j/env_isaaclab/lib/python3.11/site-packages/isaacsim/extscache/omni.kit.widget.graph-2.0.0+69cbf6ad/omni/kit/widget`: errno=28/No space left on device
2026-08-31T06:26:03Z [1,161ms] [Error] [carb] Failed to create change watch for `/home/j/env_isaaclab/lib/python3.11/site-packages/isaacsim/extscache/omni.kit.widget.graph-2.0.0+69cbf6ad/omni/kit/widget/graph`: errno=28/No space left on device
2026-08-31T06:26:03Z [1,161ms] [Error] [carb] Failed to create change watch for `/home/j/env_isaaclab/lib/python3.11/site-packages/isaacsim/extscache/omni.kit.widget.graph-2.0.0+69cbf6ad/omni/kit/widget/graph/tests`: errno=28/No space left on device
[1.176s] [ext: omni.kit.property.adapter.usd-1.0.2] startup
2026-08-31T06:26:03Z [1,167ms] [Error] [carb] Failed to create change watch for `/home/j/env_isaaclab/lib/python3.11/site-packages/isaacsim/extscache/omni.kit.widget.stage-3.1.4+69cbf6ad`: errno=28/No space left on device
2026-08-31T06:26:03Z [1,167ms] [Error] [carb] Failed to create change watch for `/home/j/env_isaaclab/lib/python3.11/site-packages/isaacsim/extscache/omni.kit.widget.stage-3.1.4+69cbf6ad/config`: errno=28/No space left on device
2026-08-31T06:26:03Z [1,167ms] [Error] [carb] Failed to create change watch for `/home/j/env_isaaclab/lib/python3.11/site-packages/isaacsim/extscache/omni.kit.widget.stage-3.1.4+69cbf6ad/omni`: errno=28/No space left on device
2026-08-31T06:26:03Z [1,168ms] [Error] [carb] Failed to create change watch for `/home/j/env_isaaclab/lib/python3.11/site-packages/isaacsim/extscache/omni.kit.widget.stage-3.1.4+69cbf6ad/omni/kit`: errno=28/No space left on device
2026-08-31T06:26:03Z [1,168ms] [Error] [carb] Failed to create change watch for `/home/j/env_isaaclab/lib/python3.11/site-packages/isaacsim/extscache/omni.kit.widget.stage-3.1.4+69cbf6ad/omni/kit/widget`: errno=28/No space left on device
2026-08-31T06:26:03Z [1,168ms] [Error] [carb] Failed to create change watch for `/home/j/env_isaaclab/lib/python3.11/site-packages/isaacsim/extscache/omni.kit.widget.stage-3.1.4+69cbf6ad/omni/kit/widget/stage`: errno=28/No space left on device
2026-08-31T06:26:03Z [1,168ms] [Error] [carb] Failed to create change watch for `/home/j/env_isaaclab/lib/python3.11/site-packages/isaacsim/extscache/omni.kit.widget.stage-3.1.4+69cbf6ad/omni/kit/widget/stage/tests`: errno=28/No space left on device
2026-08-31T06:26:03Z [1,168ms] [Error] [carb] Failed to create change watch for `/home/j/env_isaaclab/lib/python3.11/site-packages/isaacsim/extscache/omni.kit.widget.stage-3.1.4+69cbf6ad/omni/kit/widget/stage/delegates`: errno=28/No space left on device
2026-08-31T06:26:03Z [1,168ms] [Error] [carb] Failed to create change watch for `/home/j/env_isaaclab/lib/python3.11/site-packages/isaacsim/extscache/omni.kit.widget.stage-3.1.4+69cbf6ad/omni/kit/widget/stage/models`: errno=28/No space left on device
2026-08-31T06:26:03Z [1,168ms] [Error] [carb] Failed to create change watch for `/home/j/env_isaaclab/lib/python3.11/site-packages/isaacsim/extscache/omni.kit.property.adapter.usd-1.0.2+69cbf6ad`: errno=28/No space left on device
[1.177s] [ext: omni.kit.property.adapter.fabric-1.0.3] startup
2026-08-31T06:26:03Z [1,168ms] [Error] [carb] Failed to create change watch for `/home/j/env_isaaclab/lib/python3.11/site-packages/isaacsim/extscache/omni.kit.property.adapter.usd-1.0.2+69cbf6ad/config`: errno=28/No space left on device
2026-08-31T06:26:03Z [1,168ms] [Error] [carb] Failed to create change watch for `/home/j/env_isaaclab/lib/python3.11/site-packages/isaacsim/extscache/omni.kit.property.adapter.usd-1.0.2+69cbf6ad/omni`: errno=28/No space left on device
2026-08-31T06:26:03Z [1,168ms] [Error] [carb] Failed to create change watch for `/home/j/env_isaaclab/lib/python3.11/site-packages/isaacsim/extscache/omni.kit.property.adapter.usd-1.0.2+69cbf6ad/omni/kit`: errno=28/No space left on device
2026-08-31T06:26:03Z [1,168ms] [Error] [carb] Failed to create change watch for `/home/j/env_isaaclab/lib/python3.11/site-packages/isaacsim/extscache/omni.kit.property.adapter.usd-1.0.2+69cbf6ad/omni/kit/property`: errno=28/No space left on device
2026-08-31T06:26:03Z [1,168ms] [Error] [carb] Failed to create change watch for `/home/j/env_isaaclab/lib/python3.11/site-packages/isaacsim/extscache/omni.kit.property.adapter.usd-1.0.2+69cbf6ad/omni/kit/property/adapter`: errno=28/No space left on device
2026-08-31T06:26:03Z [1,168ms] [Error] [carb] Failed to create change watch for `/home/j/env_isaaclab/lib/python3.11/site-packages/isaacsim/extscache/omni.kit.property.adapter.usd-1.0.2+69cbf6ad/omni/kit/property/adapter/usd`: errno=28/No space left on device
2026-08-31T06:26:03Z [1,168ms] [Error] [carb] Failed to create change watch for `/home/j/env_isaaclab/lib/python3.11/site-packages/isaacsim/extscache/omni.kit.property.adapter.usd-1.0.2+69cbf6ad/omni/kit/property/adapter/usd/tests`: errno=28/No space left on device
2026-08-31T06:26:03Z [1,168ms] [Error] [carb] Failed to create change watch for `/home/j/env_isaaclab/lib/python3.11/site-packages/isaacsim/extscache/omni.kit.property.adapter.usd-1.0.2+69cbf6ad/omni/kit/property/adapter/usd/tests/data`: errno=28/No space left on device
2026-08-31T06:26:03Z [1,168ms] [Error] [carb] Failed to create change watch for `/home/j/env_isaaclab/lib/python3.11/site-packages/isaacsim/extscache/omni.kit.property.adapter.usd-1.0.2+69cbf6ad/omni/kit/property/adapter/usd/scripts`: errno=28/No space left on device
[1.178s] [ext: omni.kit.graph.delegate.default-1.2.3] startup
2026-08-31T06:26:03Z [1,169ms] [Error] [carb] Failed to create change watch for `/home/j/env_isaaclab/lib/python3.11/site-packages/isaacsim/extscache/omni.kit.property.adapter.fabric-1.0.3+69cbf6ad`: errno=28/No space left on device
2026-08-31T06:26:03Z [1,169ms] [Error] [carb] Failed to create change watch for `/home/j/env_isaaclab/lib/python3.11/site-packages/isaacsim/extscache/omni.kit.property.adapter.fabric-1.0.3+69cbf6ad/config`: errno=28/No space left on device
2026-08-31T06:26:03Z [1,169ms] [Error] [carb] Failed to create change watch for `/home/j/env_isaaclab/lib/python3.11/site-packages/isaacsim/extscache/omni.kit.property.adapter.fabric-1.0.3+69cbf6ad/omni`: errno=28/No space left on device
2026-08-31T06:26:03Z [1,169ms] [Error] [carb] Failed to create change watch for `/home/j/env_isaaclab/lib/python3.11/site-packages/isaacsim/extscache/omni.kit.property.adapter.fabric-1.0.3+69cbf6ad/omni/kit`: errno=28/No space left on device
[1.178s] [ext: omni.kit.window.file_importer-1.1.18] startup
2026-08-31T06:26:03Z [1,169ms] [Error] [carb] Failed to create change watch for `/home/j/env_isaaclab/lib/python3.11/site-packages/isaacsim/extscache/omni.kit.graph.delegate.default-1.2.3`: errno=28/No space left on device
2026-08-31T06:26:03Z [1,169ms] [Error] [carb] Failed to create change watch for `/home/j/env_isaaclab/lib/python3.11/site-packages/isaacsim/extscache/omni.kit.graph.delegate.default-1.2.3/config`: errno=28/No space left on device
2026-08-31T06:26:03Z [1,169ms] [Error] [carb] Failed to create change watch for `/home/j/env_isaaclab/lib/python3.11/site-packages/isaacsim/extscache/omni.kit.property.adapter.fabric-1.0.3+69cbf6ad/omni/kit/property`: errno=28/No space left on device
2026-08-31T06:26:03Z [1,169ms] [Error] [carb] Failed to create change watch for `/home/j/env_isaaclab/lib/python3.11/site-packages/isaacsim/extscache/omni.kit.graph.delegate.default-1.2.3/omni`: errno=28/No space left on device
2026-08-31T06:26:03Z [1,169ms] [Error] [carb] Failed to create change watch for `/home/j/env_isaaclab/lib/python3.11/site-packages/isaacsim/extscache/omni.kit.property.adapter.fabric-1.0.3+69cbf6ad/omni/kit/property/adapter`: errno=28/No space left on device
2026-08-31T06:26:03Z [1,169ms] [Error] [carb] Failed to create change watch for `/home/j/env_isaaclab/lib/python3.11/site-packages/isaacsim/extscache/omni.kit.graph.delegate.default-1.2.3/omni/kit`: errno=28/No space left on device
2026-08-31T06:26:03Z [1,169ms] [Error] [carb] Failed to create change watch for `/home/j/env_isaaclab/lib/python3.11/site-packages/isaacsim/extscache/omni.kit.graph.delegate.default-1.2.3/omni/kit/graph`: errno=28/No space left on device
2026-08-31T06:26:03Z [1,169ms] [Error] [carb] Failed to create change watch for `/home/j/env_isaaclab/lib/python3.11/site-packages/isaacsim/extscache/omni.kit.property.adapter.fabric-1.0.3+69cbf6ad/omni/kit/property/adapter/fabric`: errno=28/No space left on device
2026-08-31T06:26:03Z [1,169ms] [Error] [carb] Failed to create change watch for `/home/j/env_isaaclab/lib/python3.11/site-packages/isaacsim/extscache/omni.kit.graph.delegate.default-1.2.3/omni/kit/graph/delegate`: errno=28/No space left on device
2026-08-31T06:26:03Z [1,169ms] [Error] [carb] Failed to create change watch for `/home/j/env_isaaclab/lib/python3.11/site-packages/isaacsim/extscache/omni.kit.graph.delegate.default-1.2.3/omni/kit/graph/delegate/default`: errno=28/No space left on device
2026-08-31T06:26:03Z [1,169ms] [Error] [carb] Failed to create change watch for `/home/j/env_isaaclab/lib/python3.11/site-packages/isaacsim/extscache/omni.kit.property.adapter.fabric-1.0.3+69cbf6ad/omni/kit/property/adapter/fabric/tests`: errno=28/No space left on device
2026-08-31T06:26:03Z [1,169ms] [Error] [carb] Failed to create change watch for `/home/j/env_isaaclab/lib/python3.11/site-packages/isaacsim/extscache/omni.kit.graph.delegate.default-1.2.3/omni/kit/graph/delegate/default/tests`: errno=28/No space left on device
2026-08-31T06:26:03Z [1,169ms] [Error] [carb] Failed to create change watch for `/home/j/env_isaaclab/lib/python3.11/site-packages/isaacsim/extscache/omni.kit.property.adapter.fabric-1.0.3+69cbf6ad/omni/kit/property/adapter/fabric/tests/data`: errno=28/No space left on device
2026-08-31T06:26:03Z [1,169ms] [Error] [carb] Failed to create change watch for `/home/j/env_isaaclab/lib/python3.11/site-packages/isaacsim/extscache/omni.kit.property.adapter.fabric-1.0.3+69cbf6ad/omni/kit/property/adapter/fabric/scripts`: errno=28/No space left on device
[1.179s] [ext: omni.kit.stage_template.core-1.1.22] startup
2026-08-31T06:26:03Z [1,170ms] [Error] [carb] Failed to create change watch for `/home/j/env_isaaclab/lib/python3.11/site-packages/isaacsim/extscache/omni.kit.window.file_importer-1.1.18+69cbf6ad`: errno=28/No space left on device
2026-08-31T06:26:03Z [1,170ms] [Error] [carb] Failed to create change watch for `/home/j/env_isaaclab/lib/python3.11/site-packages/isaacsim/extscache/omni.kit.window.file_importer-1.1.18+69cbf6ad/config`: errno=28/No space left on device
2026-08-31T06:26:03Z [1,170ms] [Error] [carb] Failed to create change watch for `/home/j/env_isaaclab/lib/python3.11/site-packages/isaacsim/extscache/omni.kit.window.file_importer-1.1.18+69cbf6ad/omni`: errno=28/No space left on device
2026-08-31T06:26:03Z [1,170ms] [Error] [carb] Failed to create change watch for `/home/j/env_isaaclab/lib/python3.11/site-packages/isaacsim/extscache/omni.kit.window.file_importer-1.1.18+69cbf6ad/omni/kit`: errno=28/No space left on device
2026-08-31T06:26:03Z [1,170ms] [Error] [carb] Failed to create change watch for `/home/j/env_isaaclab/lib/python3.11/site-packages/isaacsim/extscache/omni.kit.window.file_importer-1.1.18+69cbf6ad/omni/kit/window`: errno=28/No space left on device
[1.179s] [ext: omni.kit.menu.utils-2.0.5] startup
2026-08-31T06:26:03Z [1,170ms] [Error] [carb] Failed to create change watch for `/home/j/env_isaaclab/lib/python3.11/site-packages/isaacsim/extscache/omni.kit.window.file_importer-1.1.18+69cbf6ad/omni/kit/window/file_importer`: errno=28/No space left on device
2026-08-31T06:26:03Z [1,170ms] [Error] [carb] Failed to create change watch for `/home/j/env_isaaclab/lib/python3.11/site-packages/isaacsim/extscache/omni.kit.window.file_importer-1.1.18+69cbf6ad/omni/kit/window/file_importer/tests`: errno=28/No space left on device
2026-08-31T06:26:03Z [1,170ms] [Error] [carb] Failed to create change watch for `/home/j/env_isaaclab/lib/python3.11/site-packages/isaacsim/extscache/omni.kit.stage_template.core-1.1.22+69cbf6ad`: errno=28/No space left on device
2026-08-31T06:26:03Z [1,170ms] [Error] [carb] Failed to create change watch for `/home/j/env_isaaclab/lib/python3.11/site-packages/isaacsim/extscache/omni.kit.stage_template.core-1.1.22+69cbf6ad/config`: errno=28/No space left on device
2026-08-31T06:26:03Z [1,170ms] [Error] [carb] Failed to create change watch for `/home/j/env_isaaclab/lib/python3.11/site-packages/isaacsim/extscache/omni.kit.stage_template.core-1.1.22+69cbf6ad/omni`: errno=28/No space left on device
2026-08-31T06:26:03Z [1,170ms] [Error] [carb] Failed to create change watch for `/home/j/env_isaaclab/lib/python3.11/site-packages/isaacsim/extscache/omni.kit.stage_template.core-1.1.22+69cbf6ad/omni/kit`: errno=28/No space left on device
2026-08-31T06:26:03Z [1,170ms] [Error] [carb] Failed to create change watch for `/home/j/env_isaaclab/lib/python3.11/site-packages/isaacsim/extscache/omni.kit.stage_template.core-1.1.22+69cbf6ad/omni/kit/stage_template`: errno=28/No space left on device
2026-08-31T06:26:03Z [1,170ms] [Error] [carb] Failed to create change watch for `/home/j/env_isaaclab/lib/python3.11/site-packages/isaacsim/extscache/omni.kit.stage_template.core-1.1.22+69cbf6ad/omni/kit/stage_template/core`: errno=28/No space left on device
2026-08-31T06:26:03Z [1,170ms] [Error] [carb] Failed to create change watch for `/home/j/env_isaaclab/lib/python3.11/site-packages/isaacsim/extscache/omni.kit.stage_template.core-1.1.22+69cbf6ad/omni/kit/stage_template/core/tests`: errno=28/No space left on device
[1.183s] [ext: omni.kit.window.file-2.0.5] startup
2026-08-31T06:26:03Z [1,174ms] [Error] [carb] Failed to create change watch for `/home/j/env_isaaclab/lib/python3.11/site-packages/isaacsim/extscache/omni.kit.menu.utils-2.0.5+69cbf6ad`: errno=28/No space left on device
2026-08-31T06:26:03Z [1,174ms] [Error] [carb] Failed to create change watch for `/home/j/env_isaaclab/lib/python3.11/site-packages/isaacsim/extscache/omni.kit.menu.utils-2.0.5+69cbf6ad/config`: errno=28/No space left on device
2026-08-31T06:26:03Z [1,174ms] [Error] [carb] Failed to create change watch for `/home/j/env_isaaclab/lib/python3.11/site-packages/isaacsim/extscache/omni.kit.menu.utils-2.0.5+69cbf6ad/omni`: errno=28/No space left on device
2026-08-31T06:26:03Z [1,174ms] [Error] [carb] Failed to create change watch for `/home/j/env_isaaclab/lib/python3.11/site-packages/isaacsim/extscache/omni.kit.menu.utils-2.0.5+69cbf6ad/omni/kit`: errno=28/No space left on device
2026-08-31T06:26:03Z [1,174ms] [Error] [carb] Failed to create change watch for `/home/j/env_isaaclab/lib/python3.11/site-packages/isaacsim/extscache/omni.kit.menu.utils-2.0.5+69cbf6ad/omni/kit/menu`: errno=28/No space left on device
2026-08-31T06:26:03Z [1,174ms] [Error] [carb] Failed to create change watch for `/home/j/env_isaaclab/lib/python3.11/site-packages/isaacsim/extscache/omni.kit.menu.utils-2.0.5+69cbf6ad/omni/kit/menu/utils`: errno=28/No space left on device
2026-08-31T06:26:03Z [1,174ms] [Error] [carb] Failed to create change watch for `/home/j/env_isaaclab/lib/python3.11/site-packages/isaacsim/extscache/omni.kit.menu.utils-2.0.5+69cbf6ad/omni/kit/menu/utils/tests`: errno=28/No space left on device
[1.184s] [ext: omni.kit.widget.highlight_label-1.0.3] startup
2026-08-31T06:26:03Z [1,175ms] [Error] [carb] Failed to create change watch for `/home/j/env_isaaclab/lib/python3.11/site-packages/isaacsim/extscache/omni.kit.window.file-2.0.5+69cbf6ad`: errno=28/No space left on device
2026-08-31T06:26:03Z [1,175ms] [Error] [carb] Failed to create change watch for `/home/j/env_isaaclab/lib/python3.11/site-packages/isaacsim/extscache/omni.kit.window.file-2.0.5+69cbf6ad/config`: errno=28/No space left on device
2026-08-31T06:26:03Z [1,176ms] [Error] [carb] Failed to create change watch for `/home/j/env_isaaclab/lib/python3.11/site-packages/isaacsim/extscache/omni.kit.window.file-2.0.5+69cbf6ad/omni`: errno=28/No space left on device
2026-08-31T06:26:03Z [1,176ms] [Error] [carb] Failed to create change watch for `/home/j/env_isaaclab/lib/python3.11/site-packages/isaacsim/extscache/omni.kit.window.file-2.0.5+69cbf6ad/omni/kit`: errno=28/No space left on device
2026-08-31T06:26:03Z [1,176ms] [Error] [carb] Failed to create change watch for `/home/j/env_isaaclab/lib/python3.11/site-packages/isaacsim/extscache/omni.kit.window.file-2.0.5+69cbf6ad/omni/kit/window`: errno=28/No space left on device
2026-08-31T06:26:03Z [1,176ms] [Error] [carb] Failed to create change watch for `/home/j/env_isaaclab/lib/python3.11/site-packages/isaacsim/extscache/omni.kit.window.file-2.0.5+69cbf6ad/omni/kit/window/file`: errno=28/No space left on device
2026-08-31T06:26:03Z [1,176ms] [Error] [carb] Failed to create change watch for `/home/j/env_isaaclab/lib/python3.11/site-packages/isaacsim/extscache/omni.kit.window.file-2.0.5+69cbf6ad/omni/kit/window/file/tests`: errno=28/No space left on device
2026-08-31T06:26:03Z [1,176ms] [Error] [carb] Failed to create change watch for `/home/j/env_isaaclab/lib/python3.11/site-packages/isaacsim/extscache/omni.kit.widget.highlight_label-1.0.3+69cbf6ad`: errno=28/No space left on device
[1.185s] [ext: omni.kit.window.drop_support-1.0.5] startup
2026-08-31T06:26:03Z [1,176ms] [Error] [carb] Failed to create change watch for `/home/j/env_isaaclab/lib/python3.11/site-packages/isaacsim/extscache/omni.kit.widget.highlight_label-1.0.3+69cbf6ad/config`: errno=28/No space left on device
2026-08-31T06:26:03Z [1,176ms] [Error] [carb] Failed to create change watch for `/home/j/env_isaaclab/lib/python3.11/site-packages/isaacsim/extscache/omni.kit.widget.highlight_label-1.0.3+69cbf6ad/omni`: errno=28/No space left on device
2026-08-31T06:26:03Z [1,176ms] [Error] [carb] Failed to create change watch for `/home/j/env_isaaclab/lib/python3.11/site-packages/isaacsim/extscache/omni.kit.widget.highlight_label-1.0.3+69cbf6ad/omni/kit`: errno=28/No space left on device
2026-08-31T06:26:03Z [1,176ms] [Error] [carb] Failed to create change watch for `/home/j/env_isaaclab/lib/python3.11/site-packages/isaacsim/extscache/omni.kit.widget.highlight_label-1.0.3+69cbf6ad/omni/kit/widget`: errno=28/No space left on device
2026-08-31T06:26:03Z [1,176ms] [Error] [carb] Failed to create change watch for `/home/j/env_isaaclab/lib/python3.11/site-packages/isaacsim/extscache/omni.kit.widget.highlight_label-1.0.3+69cbf6ad/omni/kit/widget/highlight_label`: errno=28/No space left on device
2026-08-31T06:26:03Z [1,176ms] [Error] [carb] Failed to create change watch for `/home/j/env_isaaclab/lib/python3.11/site-packages/isaacsim/extscache/omni.kit.widget.highlight_label-1.0.3+69cbf6ad/omni/kit/widget/highlight_label/tests`: errno=28/No space left on device
[1.185s] [ext: omni.kit.window.content_browser_registry-0.0.6] startup
2026-08-31T06:26:03Z [1,176ms] [Error] [carb] Failed to create change watch for `/home/j/env_isaaclab/lib/python3.11/site-packages/isaacsim/extscache/omni.kit.window.drop_support-1.0.5+69cbf6ad`: errno=28/No space left on device
2026-08-31T06:26:03Z [1,176ms] [Error] [carb] Failed to create change watch for `/home/j/env_isaaclab/lib/python3.11/site-packages/isaacsim/extscache/omni.kit.window.drop_support-1.0.5+69cbf6ad/config`: errno=28/No space left on device
2026-08-31T06:26:03Z [1,176ms] [Error] [carb] Failed to create change watch for `/home/j/env_isaaclab/lib/python3.11/site-packages/isaacsim/extscache/omni.kit.window.drop_support-1.0.5+69cbf6ad/omni`: errno=28/No space left on device
2026-08-31T06:26:03Z [1,176ms] [Error] [carb] Failed to create change watch for `/home/j/env_isaaclab/lib/python3.11/site-packages/isaacsim/extscache/omni.kit.window.drop_support-1.0.5+69cbf6ad/omni/kit`: errno=28/No space left on device
2026-08-31T06:26:03Z [1,176ms] [Error] [carb] Failed to create change watch for `/home/j/env_isaaclab/lib/python3.11/site-packages/isaacsim/extscache/omni.kit.window.drop_support-1.0.5+69cbf6ad/omni/kit/window`: errno=28/No space left on device
2026-08-31T06:26:03Z [1,176ms] [Error] [carb] Failed to create change watch for `/home/j/env_isaaclab/lib/python3.11/site-packages/isaacsim/extscache/omni.kit.window.drop_support-1.0.5+69cbf6ad/omni/kit/window/drop_support`: errno=28/No space left on device
2026-08-31T06:26:03Z [1,176ms] [Error] [carb] Failed to create change watch for `/home/j/env_isaaclab/lib/python3.11/site-packages/isaacsim/extscache/omni.kit.window.drop_support-1.0.5+69cbf6ad/omni/kit/window/drop_support/tests`: errno=28/No space left on device
2026-08-31T06:26:03Z [1,176ms] [Error] [carb] Failed to create change watch for `/home/j/env_isaaclab/lib/python3.11/site-packages/isaacsim/extscache/omni.kit.window.content_browser_registry-0.0.6+69cbf6ad`: errno=28/No space left on device
[1.185s] [ext: omni.kit.window.property-1.12.1] startup
2026-08-31T06:26:03Z [1,176ms] [Error] [carb] Failed to create change watch for `/home/j/env_isaaclab/lib/python3.11/site-packages/isaacsim/extscache/omni.kit.window.content_browser_registry-0.0.6+69cbf6ad/config`: errno=28/No space left on device
2026-08-31T06:26:03Z [1,176ms] [Error] [carb] Failed to create change watch for `/home/j/env_isaaclab/lib/python3.11/site-packages/isaacsim/extscache/omni.kit.window.content_browser_registry-0.0.6+69cbf6ad/omni`: errno=28/No space left on device
2026-08-31T06:26:03Z [1,176ms] [Error] [carb] Failed to create change watch for `/home/j/env_isaaclab/lib/python3.11/site-packages/isaacsim/extscache/omni.kit.window.content_browser_registry-0.0.6+69cbf6ad/omni/kit`: errno=28/No space left on device
2026-08-31T06:26:03Z [1,177ms] [Error] [carb] Failed to create change watch for `/home/j/env_isaaclab/lib/python3.11/site-packages/isaacsim/extscache/omni.kit.window.content_browser_registry-0.0.6+69cbf6ad/omni/kit/window`: errno=28/No space left on device
2026-08-31T06:26:03Z [1,177ms] [Error] [carb] Failed to create change watch for `/home/j/env_isaaclab/lib/python3.11/site-packages/isaacsim/extscache/omni.kit.window.content_browser_registry-0.0.6+69cbf6ad/omni/kit/window/content_browser_registry`: errno=28/No space left on device
2026-08-31T06:26:03Z [1,177ms] [Error] [carb] Failed to create change watch for `/home/j/env_isaaclab/lib/python3.11/site-packages/isaacsim/extscache/omni.kit.window.content_browser_registry-0.0.6+69cbf6ad/omni/kit/window/content_browser_registry/tests`: errno=28/No space left on device
[1.187s] [ext: omni.kit.window.content_browser-3.1.3] startup
2026-08-31T06:26:03Z [1,178ms] [Error] [carb] Failed to create change watch for `/home/j/env_isaaclab/lib/python3.11/site-packages/isaacsim/extscache/omni.kit.window.property-1.12.1+69cbf6ad`: errno=28/No space left on device
2026-08-31T06:26:03Z [1,178ms] [Error] [carb] Failed to create change watch for `/home/j/env_isaaclab/lib/python3.11/site-packages/isaacsim/extscache/omni.kit.window.property-1.12.1+69cbf6ad/config`: errno=28/No space left on device
2026-08-31T06:26:03Z [1,178ms] [Error] [carb] Failed to create change watch for `/home/j/env_isaaclab/lib/python3.11/site-packages/isaacsim/extscache/omni.kit.window.property-1.12.1+69cbf6ad/omni`: errno=28/No space left on device
2026-08-31T06:26:03Z [1,178ms] [Error] [carb] Failed to create change watch for `/home/j/env_isaaclab/lib/python3.11/site-packages/isaacsim/extscache/omni.kit.window.property-1.12.1+69cbf6ad/omni/kit`: errno=28/No space left on device
2026-08-31T06:26:03Z [1,178ms] [Error] [carb] Failed to create change watch for `/home/j/env_isaaclab/lib/python3.11/site-packages/isaacsim/extscache/omni.kit.window.property-1.12.1+69cbf6ad/omni/kit/window`: errno=28/No space left on device
2026-08-31T06:26:03Z [1,179ms] [Error] [carb] Failed to create change watch for `/home/j/env_isaaclab/lib/python3.11/site-packages/isaacsim/extscache/omni.kit.window.property-1.12.1+69cbf6ad/omni/kit/window/property`: errno=28/No space left on device
2026-08-31T06:26:03Z [1,179ms] [Error] [carb] Failed to create change watch for `/home/j/env_isaaclab/lib/python3.11/site-packages/isaacsim/extscache/omni.kit.window.property-1.12.1+69cbf6ad/omni/kit/window/property/tests`: errno=28/No space left on device
2026-08-31T06:26:03Z [1,179ms] [Error] [carb] Failed to create change watch for `/home/j/env_isaaclab/lib/python3.11/site-packages/isaacsim/extscache/omni.kit.window.property-1.12.1+69cbf6ad/omni/kit/window/property/templates`: errno=28/No space left on device
[1.195s] [ext: isaacsim.core.version-2.0.6] startup
2026-08-31T06:26:03Z [1,186ms] [Error] [carb] Failed to create change watch for `/home/j/env_isaaclab/lib/python3.11/site-packages/isaacsim/extscache/omni.kit.window.content_browser-3.1.3+69cbf6ad`: errno=28/No space left on device
2026-08-31T06:26:03Z [1,186ms] [Error] [carb] Failed to create change watch for `/home/j/env_isaaclab/lib/python3.11/site-packages/isaacsim/extscache/omni.kit.window.content_browser-3.1.3+69cbf6ad/config`: errno=28/No space left on device
2026-08-31T06:26:03Z [1,186ms] [Error] [carb] Failed to create change watch for `/home/j/env_isaaclab/lib/python3.11/site-packages/isaacsim/extscache/omni.kit.window.content_browser-3.1.3+69cbf6ad/omni`: errno=28/No space left on device
2026-08-31T06:26:03Z [1,186ms] [Error] [carb] Failed to create change watch for `/home/j/env_isaaclab/lib/python3.11/site-packages/isaacsim/extscache/omni.kit.window.content_browser-3.1.3+69cbf6ad/omni/kit`: errno=28/No space left on device
2026-08-31T06:26:03Z [1,186ms] [Error] [carb] Failed to create change watch for `/home/j/env_isaaclab/lib/python3.11/site-packages/isaacsim/extscache/omni.kit.window.content_browser-3.1.3+69cbf6ad/omni/kit/window`: errno=28/No space left on device
2026-08-31T06:26:03Z [1,186ms] [Error] [carb] Failed to create change watch for `/home/j/env_isaaclab/lib/python3.11/site-packages/isaacsim/extscache/omni.kit.window.content_browser-3.1.3+69cbf6ad/omni/kit/window/content_browser`: errno=28/No space left on device
2026-08-31T06:26:03Z [1,186ms] [Error] [carb] Failed to create change watch for `/home/j/env_isaaclab/lib/python3.11/site-packages/isaacsim/extscache/omni.kit.window.content_browser-3.1.3+69cbf6ad/omni/kit/window/content_browser/tests`: errno=28/No space left on device
[1.195s] [ext: omni.kit.property.usd-4.5.12] startup
2026-08-31T06:26:03Z [1,186ms] [Error] [carb] Failed to create change watch for `/home/j/env_isaaclab/lib/python3.11/site-packages/isaacsim/exts/isaacsim.core.version`: errno=28/No space left on device
2026-08-31T06:26:03Z [1,186ms] [Error] [carb] Failed to create change watch for `/home/j/env_isaaclab/lib/python3.11/site-packages/isaacsim/exts/isaacsim.core.version/config`: errno=28/No space left on device
2026-08-31T06:26:03Z [1,187ms] [Error] [carb] Failed to create change watch for `/home/j/env_isaaclab/lib/python3.11/site-packages/isaacsim/exts/isaacsim.core.version/isaacsim`: errno=28/No space left on device
2026-08-31T06:26:03Z [1,187ms] [Error] [carb] Failed to create change watch for `/home/j/env_isaaclab/lib/python3.11/site-packages/isaacsim/exts/isaacsim.core.version/isaacsim/core`: errno=28/No space left on device
2026-08-31T06:26:03Z [1,187ms] [Error] [carb] Failed to create change watch for `/home/j/env_isaaclab/lib/python3.11/site-packages/isaacsim/exts/isaacsim.core.version/isaacsim/core/version`: errno=28/No space left on device
2026-08-31T06:26:03Z [1,187ms] [Error] [carb] Failed to create change watch for `/home/j/env_isaaclab/lib/python3.11/site-packages/isaacsim/exts/isaacsim.core.version/isaacsim/core/version/tests`: errno=28/No space left on device
[1.202s] [ext: omni.kit.graph.editor.core-1.5.3] startup
2026-08-31T06:26:03Z [1,193ms] [Error] [carb] Failed to create change watch for `/home/j/env_isaaclab/lib/python3.11/site-packages/isaacsim/extscache/omni.kit.property.usd-4.5.12+69cbf6ad`: errno=28/No space left on device
2026-08-31T06:26:03Z [1,193ms] [Error] [carb] Failed to create change watch for `/home/j/env_isaaclab/lib/python3.11/site-packages/isaacsim/extscache/omni.kit.property.usd-4.5.12+69cbf6ad/config`: errno=28/No space left on device
2026-08-31T06:26:03Z [1,193ms] [Error] [carb] Failed to create change watch for `/home/j/env_isaaclab/lib/python3.11/site-packages/isaacsim/extscache/omni.kit.property.usd-4.5.12+69cbf6ad/omni`: errno=28/No space left on device
2026-08-31T06:26:03Z [1,193ms] [Error] [carb] Failed to create change watch for `/home/j/env_isaaclab/lib/python3.11/site-packages/isaacsim/extscache/omni.kit.property.usd-4.5.12+69cbf6ad/omni/kit`: errno=28/No space left on device
2026-08-31T06:26:03Z [1,194ms] [Error] [carb] Failed to create change watch for `/home/j/env_isaaclab/lib/python3.11/site-packages/isaacsim/extscache/omni.kit.property.usd-4.5.12+69cbf6ad/omni/kit/property`: errno=28/No space left on device
2026-08-31T06:26:03Z [1,194ms] [Error] [carb] Failed to create change watch for `/home/j/env_isaaclab/lib/python3.11/site-packages/isaacsim/extscache/omni.kit.property.usd-4.5.12+69cbf6ad/omni/kit/property/usd`: errno=28/No space left on device
2026-08-31T06:26:03Z [1,194ms] [Error] [carb] Failed to create change watch for `/home/j/env_isaaclab/lib/python3.11/site-packages/isaacsim/extscache/omni.kit.property.usd-4.5.12+69cbf6ad/omni/kit/property/usd/tests`: errno=28/No space left on device
[1.203s] [ext: omni.kit.material.library-2.0.7] startup
2026-08-31T06:26:03Z [1,194ms] [Error] [carb] Failed to create change watch for `/home/j/env_isaaclab/lib/python3.11/site-packages/isaacsim/extscache/omni.kit.graph.editor.core-1.5.3`: errno=28/No space left on device
2026-08-31T06:26:03Z [1,194ms] [Error] [carb] Failed to create change watch for `/home/j/env_isaaclab/lib/python3.11/site-packages/isaacsim/extscache/omni.kit.graph.editor.core-1.5.3/config`: errno=28/No space left on device
2026-08-31T06:26:03Z [1,194ms] [Error] [carb] Failed to create change watch for `/home/j/env_isaaclab/lib/python3.11/site-packages/isaacsim/extscache/omni.kit.graph.editor.core-1.5.3/omni`: errno=28/No space left on device
2026-08-31T06:26:03Z [1,194ms] [Error] [carb] Failed to create change watch for `/home/j/env_isaaclab/lib/python3.11/site-packages/isaacsim/extscache/omni.kit.graph.editor.core-1.5.3/omni/kit`: errno=28/No space left on device
2026-08-31T06:26:03Z [1,195ms] [Error] [carb] Failed to create change watch for `/home/j/env_isaaclab/lib/python3.11/site-packages/isaacsim/extscache/omni.kit.graph.editor.core-1.5.3/omni/kit/graph`: errno=28/No space left on device
2026-08-31T06:26:03Z [1,195ms] [Error] [carb] Failed to create change watch for `/home/j/env_isaaclab/lib/python3.11/site-packages/isaacsim/extscache/omni.kit.graph.editor.core-1.5.3/omni/kit/graph/editor`: errno=28/No space left on device
2026-08-31T06:26:03Z [1,195ms] [Error] [carb] Failed to create change watch for `/home/j/env_isaaclab/lib/python3.11/site-packages/isaacsim/extscache/omni.kit.graph.editor.core-1.5.3/omni/kit/graph/editor/core`: errno=28/No space left on device
2026-08-31T06:26:03Z [1,195ms] [Error] [carb] Failed to create change watch for `/home/j/env_isaaclab/lib/python3.11/site-packages/isaacsim/extscache/omni.kit.graph.editor.core-1.5.3/omni/kit/graph/editor/core/tests`: errno=28/No space left on device
[1.206s] [ext: omni.kit.graph.usd.commands-1.3.1] startup
2026-08-31T06:26:03Z [1,197ms] [Error] [carb] Failed to create change watch for `/home/j/env_isaaclab/lib/python3.11/site-packages/isaacsim/extscache/omni.kit.material.library-2.0.7+69cbf6ad`: errno=28/No space left on device
2026-08-31T06:26:03Z [1,197ms] [Error] [carb] Failed to create change watch for `/home/j/env_isaaclab/lib/python3.11/site-packages/isaacsim/extscache/omni.kit.material.library-2.0.7+69cbf6ad/config`: errno=28/No space left on device
2026-08-31T06:26:03Z [1,197ms] [Error] [carb] Failed to create change watch for `/home/j/env_isaaclab/lib/python3.11/site-packages/isaacsim/extscache/omni.kit.material.library-2.0.7+69cbf6ad/omni`: errno=28/No space left on device
2026-08-31T06:26:03Z [1,197ms] [Error] [carb] Failed to create change watch for `/home/j/env_isaaclab/lib/python3.11/site-packages/isaacsim/extscache/omni.kit.material.library-2.0.7+69cbf6ad/omni/kit`: errno=28/No space left on device
2026-08-31T06:26:03Z [1,197ms] [Error] [carb] Failed to create change watch for `/home/j/env_isaaclab/lib/python3.11/site-packages/isaacsim/extscache/omni.kit.material.library-2.0.7+69cbf6ad/omni/kit/material`: errno=28/No space left on device
2026-08-31T06:26:03Z [1,197ms] [Error] [carb] Failed to create change watch for `/home/j/env_isaaclab/lib/python3.11/site-packages/isaacsim/extscache/omni.kit.material.library-2.0.7+69cbf6ad/omni/kit/material/library`: errno=28/No space left on device
2026-08-31T06:26:03Z [1,197ms] [Error] [carb] Failed to create change watch for `/home/j/env_isaaclab/lib/python3.11/site-packages/isaacsim/extscache/omni.kit.material.library-2.0.7+69cbf6ad/omni/kit/material/library/tests`: errno=28/No space left on device
2026-08-31T06:26:03Z [1,198ms] [Error] [carb] Failed to create change watch for `/home/j/env_isaaclab/lib/python3.11/site-packages/isaacsim/extscache/omni.kit.material.library-2.0.7+69cbf6ad/omni/kit/material/library/pages`: errno=28/No space left on device
2026-08-31T06:26:03Z [1,198ms] [Error] [carb] Failed to create change watch for `/home/j/env_isaaclab/lib/python3.11/site-packages/isaacsim/extscache/omni.kit.graph.usd.commands-1.3.1`: errno=28/No space left on device
[1.207s] [ext: omni.kvdb-107.3.26] startup
2026-08-31T06:26:03Z [1,198ms] [Error] [carb] Failed to create change watch for `/home/j/env_isaaclab/lib/python3.11/site-packages/isaacsim/extscache/omni.kit.graph.usd.commands-1.3.1/config`: errno=28/No space left on device
2026-08-31T06:26:03Z [1,198ms] [Error] [carb] Failed to create change watch for `/home/j/env_isaaclab/lib/python3.11/site-packages/isaacsim/extscache/omni.kit.graph.usd.commands-1.3.1/omni`: errno=28/No space left on device
2026-08-31T06:26:03Z [1,198ms] [Error] [carb] Failed to create change watch for `/home/j/env_isaaclab/lib/python3.11/site-packages/isaacsim/extscache/omni.kit.graph.usd.commands-1.3.1/omni/kit`: errno=28/No space left on device
2026-08-31T06:26:03Z [1,198ms] [Error] [carb] Failed to create change watch for `/home/j/env_isaaclab/lib/python3.11/site-packages/isaacsim/extscache/omni.kit.graph.usd.commands-1.3.1/omni/kit/graph`: errno=28/No space left on device
2026-08-31T06:26:03Z [1,198ms] [Error] [carb] Failed to create change watch for `/home/j/env_isaaclab/lib/python3.11/site-packages/isaacsim/extscache/omni.kit.graph.usd.commands-1.3.1/omni/kit/graph/usd`: errno=28/No space left on device
2026-08-31T06:26:03Z [1,198ms] [Error] [carb] Failed to create change watch for `/home/j/env_isaaclab/lib/python3.11/site-packages/isaacsim/extscache/omni.kit.graph.usd.commands-1.3.1/omni/kit/graph/usd/commands`: errno=28/No space left on device
2026-08-31T06:26:03Z [1,198ms] [Error] [carb] Failed to create change watch for `/home/j/env_isaaclab/lib/python3.11/site-packages/isaacsim/extscache/omni.kit.graph.usd.commands-1.3.1/omni/kit/graph/usd/commands/tests`: errno=28/No space left on device
[1.208s] [ext: omni.usdphysics-107.3.26] startup
2026-08-31T06:26:03Z [1,199ms] [Error] [carb] Failed to create change watch for `/home/j/env_isaaclab/lib/python3.11/site-packages/isaacsim/extscache/omni.kvdb-107.3.26+107.3.3.lx64.r.cp311.u353`: errno=28/No space left on device
2026-08-31T06:26:03Z [1,199ms] [Error] [carb] Failed to create change watch for `/home/j/env_isaaclab/lib/python3.11/site-packages/isaacsim/extscache/omni.kvdb-107.3.26+107.3.3.lx64.r.cp311.u353/config`: errno=28/No space left on device
2026-08-31T06:26:03Z [1,199ms] [Error] [carb] Failed to create change watch for `/home/j/env_isaaclab/lib/python3.11/site-packages/isaacsim/extscache/omni.kvdb-107.3.26+107.3.3.lx64.r.cp311.u353/omni`: errno=28/No space left on device
2026-08-31T06:26:03Z [1,199ms] [Error] [carb] Failed to create change watch for `/home/j/env_isaaclab/lib/python3.11/site-packages/isaacsim/extscache/omni.kvdb-107.3.26+107.3.3.lx64.r.cp311.u353/omni/kvdb`: errno=28/No space left on device
2026-08-31T06:26:03Z [1,199ms] [Error] [carb] Failed to create change watch for `/home/j/env_isaaclab/lib/python3.11/site-packages/isaacsim/extscache/omni.kvdb-107.3.26+107.3.3.lx64.r.cp311.u353/omni/kvdb/bindings`: errno=28/No space left on device
2026-08-31T06:26:03Z [1,199ms] [Error] [carb] Failed to create change watch for `/home/j/env_isaaclab/lib/python3.11/site-packages/isaacsim/extscache/omni.kvdb-107.3.26+107.3.3.lx64.r.cp311.u353/omni/kvdb/scripts`: errno=28/No space left on device
[1.209s] [ext: omni.physx.foundation-107.3.26] startup
2026-08-31T06:26:03Z [1,200ms] [Error] [carb] Failed to create change watch for `/home/j/env_isaaclab/lib/python3.11/site-packages/isaacsim/extscache/omni.usdphysics-107.3.26+107.3.3.lx64.r.cp311.u353`: errno=28/No space left on device
2026-08-31T06:26:03Z [1,200ms] [Error] [carb] Failed to create change watch for `/home/j/env_isaaclab/lib/python3.11/site-packages/isaacsim/extscache/omni.usdphysics-107.3.26+107.3.3.lx64.r.cp311.u353/config`: errno=28/No space left on device
2026-08-31T06:26:03Z [1,200ms] [Error] [carb] Failed to create change watch for `/home/j/env_isaaclab/lib/python3.11/site-packages/isaacsim/extscache/omni.usdphysics-107.3.26+107.3.3.lx64.r.cp311.u353/omni`: errno=28/No space left on device
2026-08-31T06:26:03Z [1,201ms] [Error] [carb] Failed to create change watch for `/home/j/env_isaaclab/lib/python3.11/site-packages/isaacsim/extscache/omni.usdphysics-107.3.26+107.3.3.lx64.r.cp311.u353/omni/usdphysics`: errno=28/No space left on device
2026-08-31T06:26:03Z [1,201ms] [Error] [carb] Failed to create change watch for `/home/j/env_isaaclab/lib/python3.11/site-packages/isaacsim/extscache/omni.usdphysics-107.3.26+107.3.3.lx64.r.cp311.u353/omni/usdphysics/scripts`: errno=28/No space left on device
[1.211s] [ext: omni.localcache-107.3.26] startup
2026-08-31T06:26:03Z [1,202ms] [Error] [carb] Failed to create change watch for `/home/j/env_isaaclab/lib/python3.11/site-packages/isaacsim/extscache/omni.physx.foundation-107.3.26+107.3.3.lx64.r.cp311.u353`: errno=28/No space left on device
2026-08-31T06:26:03Z [1,202ms] [Error] [carb] Failed to create change watch for `/home/j/env_isaaclab/lib/python3.11/site-packages/isaacsim/extscache/omni.physx.foundation-107.3.26+107.3.3.lx64.r.cp311.u353/config`: errno=28/No space left on device
2026-08-31T06:26:03Z [1,202ms] [Error] [carb] Failed to create change watch for `/home/j/env_isaaclab/lib/python3.11/site-packages/isaacsim/extscache/omni.physx.foundation-107.3.26+107.3.3.lx64.r.cp311.u353/omni`: errno=28/No space left on device
2026-08-31T06:26:03Z [1,202ms] [Error] [carb] Failed to create change watch for `/home/j/env_isaaclab/lib/python3.11/site-packages/isaacsim/extscache/omni.physx.foundation-107.3.26+107.3.3.lx64.r.cp311.u353/omni/physxfoundation`: errno=28/No space left on device
2026-08-31T06:26:03Z [1,202ms] [Error] [carb] Failed to create change watch for `/home/j/env_isaaclab/lib/python3.11/site-packages/isaacsim/extscache/omni.physx.foundation-107.3.26+107.3.3.lx64.r.cp311.u353/omni/physxfoundation/bindings`: errno=28/No space left on device
2026-08-31T06:26:03Z [1,202ms] [Error] [carb] Failed to create change watch for `/home/j/env_isaaclab/lib/python3.11/site-packages/isaacsim/extscache/omni.physx.foundation-107.3.26+107.3.3.lx64.r.cp311.u353/omni/physxfoundation/scripts`: errno=28/No space left on device
[1.211s] [ext: omni.convexdecomposition-107.3.26] startup
2026-08-31T06:26:03Z [1,202ms] [Error] [carb] Failed to create change watch for `/home/j/env_isaaclab/lib/python3.11/site-packages/isaacsim/extscache/omni.localcache-107.3.26+107.3.3.lx64.r.cp311.u353`: errno=28/No space left on device
2026-08-31T06:26:03Z [1,202ms] [Error] [carb] Failed to create change watch for `/home/j/env_isaaclab/lib/python3.11/site-packages/isaacsim/extscache/omni.localcache-107.3.26+107.3.3.lx64.r.cp311.u353/config`: errno=28/No space left on device
2026-08-31T06:26:03Z [1,202ms] [Error] [carb] Failed to create change watch for `/home/j/env_isaaclab/lib/python3.11/site-packages/isaacsim/extscache/omni.localcache-107.3.26+107.3.3.lx64.r.cp311.u353/omni`: errno=28/No space left on device
2026-08-31T06:26:03Z [1,202ms] [Error] [carb] Failed to create change watch for `/home/j/env_isaaclab/lib/python3.11/site-packages/isaacsim/extscache/omni.localcache-107.3.26+107.3.3.lx64.r.cp311.u353/omni/localcache`: errno=28/No space left on device
2026-08-31T06:26:03Z [1,203ms] [Error] [carb] Failed to create change watch for `/home/j/env_isaaclab/lib/python3.11/site-packages/isaacsim/extscache/omni.localcache-107.3.26+107.3.3.lx64.r.cp311.u353/omni/localcache/bindings`: errno=28/No space left on device
2026-08-31T06:26:03Z [1,203ms] [Error] [carb] Failed to create change watch for `/home/j/env_isaaclab/lib/python3.11/site-packages/isaacsim/extscache/omni.localcache-107.3.26+107.3.3.lx64.r.cp311.u353/omni/localcache/scripts`: errno=28/No space left on device
[1.213s] [ext: omni.physics-107.3.26] startup
2026-08-31T06:26:03Z [1,204ms] [Error] [carb] Failed to create change watch for `/home/j/env_isaaclab/lib/python3.11/site-packages/isaacsim/extscache/omni.convexdecomposition-107.3.26+107.3.3.lx64.r.cp311.u353`: errno=28/No space left on device
2026-08-31T06:26:03Z [1,204ms] [Error] [carb] Failed to create change watch for `/home/j/env_isaaclab/lib/python3.11/site-packages/isaacsim/extscache/omni.convexdecomposition-107.3.26+107.3.3.lx64.r.cp311.u353/config`: errno=28/No space left on device
2026-08-31T06:26:03Z [1,204ms] [Error] [carb] Failed to create change watch for `/home/j/env_isaaclab/lib/python3.11/site-packages/isaacsim/extscache/omni.convexdecomposition-107.3.26+107.3.3.lx64.r.cp311.u353/omni`: errno=28/No space left on device
2026-08-31T06:26:03Z [1,205ms] [Error] [carb] Failed to create change watch for `/home/j/env_isaaclab/lib/python3.11/site-packages/isaacsim/extscache/omni.convexdecomposition-107.3.26+107.3.3.lx64.r.cp311.u353/omni/convexdecomposition`: errno=28/No space left on device
2026-08-31T06:26:03Z [1,205ms] [Error] [carb] Failed to create change watch for `/home/j/env_isaaclab/lib/python3.11/site-packages/isaacsim/extscache/omni.convexdecomposition-107.3.26+107.3.3.lx64.r.cp311.u353/omni/convexdecomposition/tests`: errno=28/No space left on device
2026-08-31T06:26:03Z [1,205ms] [Error] [carb] Failed to create change watch for `/home/j/env_isaaclab/lib/python3.11/site-packages/isaacsim/extscache/omni.convexdecomposition-107.3.26+107.3.3.lx64.r.cp311.u353/omni/convexdecomposition/bindings`: errno=28/No space left on device
2026-08-31T06:26:03Z [1,205ms] [Error] [carb] Failed to create change watch for `/home/j/env_isaaclab/lib/python3.11/site-packages/isaacsim/extscache/omni.convexdecomposition-107.3.26+107.3.3.lx64.r.cp311.u353/omni/convexdecomposition/scripts`: errno=28/No space left on device
[1.215s] [ext: omni.physx.cooking-107.3.26] startup
2026-08-31T06:26:03Z [1,206ms] [Error] [carb] Failed to create change watch for `/home/j/env_isaaclab/lib/python3.11/site-packages/isaacsim/extscache/omni.physics-107.3.26+107.3.3.lx64.r.cp311.u353`: errno=28/No space left on device
2026-08-31T06:26:03Z [1,206ms] [Error] [carb] Failed to create change watch for `/home/j/env_isaaclab/lib/python3.11/site-packages/isaacsim/extscache/omni.physics-107.3.26+107.3.3.lx64.r.cp311.u353/config`: errno=28/No space left on device
2026-08-31T06:26:03Z [1,206ms] [Error] [carb] Failed to create change watch for `/home/j/env_isaaclab/lib/python3.11/site-packages/isaacsim/extscache/omni.physics-107.3.26+107.3.3.lx64.r.cp311.u353/omni`: errno=28/No space left on device
2026-08-31T06:26:03Z [1,206ms] [Error] [carb] Failed to create change watch for `/home/j/env_isaaclab/lib/python3.11/site-packages/isaacsim/extscache/omni.physics-107.3.26+107.3.3.lx64.r.cp311.u353/omni/physics`: errno=28/No space left on device
2026-08-31T06:26:03Z [1,207ms] [Error] [carb] Failed to create change watch for `/home/j/env_isaaclab/lib/python3.11/site-packages/isaacsim/extscache/omni.physics-107.3.26+107.3.3.lx64.r.cp311.u353/omni/physics/core`: errno=28/No space left on device
2026-08-31T06:26:03Z [1,207ms] [Error] [carb] Failed to create change watch for `/home/j/env_isaaclab/lib/python3.11/site-packages/isaacsim/extscache/omni.physics-107.3.26+107.3.3.lx64.r.cp311.u353/omni/physics/core/tests`: errno=28/No space left on device
2026-08-31T06:26:03Z [1,207ms] [Error] [carb] Failed to create change watch for `/home/j/env_isaaclab/lib/python3.11/site-packages/isaacsim/extscache/omni.physics-107.3.26+107.3.3.lx64.r.cp311.u353/omni/physics/core/bindings`: errno=28/No space left on device
2026-08-31T06:26:03Z [1,207ms] [Error] [carb] Failed to create change watch for `/home/j/env_isaaclab/lib/python3.11/site-packages/isaacsim/extscache/omni.physics-107.3.26+107.3.3.lx64.r.cp311.u353/omni/physics/core/scripts`: errno=28/No space left on device
[1.217s] [ext: omni.physics.stageupdate-107.3.26] startup
2026-08-31T06:26:03Z [1,208ms] [Error] [carb] Failed to create change watch for `/home/j/env_isaaclab/lib/python3.11/site-packages/isaacsim/extscache/omni.physx.cooking-107.3.26+107.3.3.lx64.r.cp311.u353`: errno=28/No space left on device
2026-08-31T06:26:03Z [1,208ms] [Error] [carb] Failed to create change watch for `/home/j/env_isaaclab/lib/python3.11/site-packages/isaacsim/extscache/omni.physx.cooking-107.3.26+107.3.3.lx64.r.cp311.u353/config`: errno=28/No space left on device
2026-08-31T06:26:03Z [1,208ms] [Error] [carb] Failed to create change watch for `/home/j/env_isaaclab/lib/python3.11/site-packages/isaacsim/extscache/omni.physx.cooking-107.3.26+107.3.3.lx64.r.cp311.u353/omni`: errno=28/No space left on device
2026-08-31T06:26:03Z [1,209ms] [Error] [carb] Failed to create change watch for `/home/j/env_isaaclab/lib/python3.11/site-packages/isaacsim/extscache/omni.physx.cooking-107.3.26+107.3.3.lx64.r.cp311.u353/omni/physxcooking`: errno=28/No space left on device
2026-08-31T06:26:03Z [1,209ms] [Error] [carb] Failed to create change watch for `/home/j/env_isaaclab/lib/python3.11/site-packages/isaacsim/extscache/omni.physx.cooking-107.3.26+107.3.3.lx64.r.cp311.u353/omni/physxcooking/tests`: errno=28/No space left on device
2026-08-31T06:26:03Z [1,209ms] [Error] [carb] Failed to create change watch for `/home/j/env_isaaclab/lib/python3.11/site-packages/isaacsim/extscache/omni.physx.cooking-107.3.26+107.3.3.lx64.r.cp311.u353/omni/physxcooking/bindings`: errno=28/No space left on device
2026-08-31T06:26:03Z [1,209ms] [Error] [carb] Failed to create change watch for `/home/j/env_isaaclab/lib/python3.11/site-packages/isaacsim/extscache/omni.physx.cooking-107.3.26+107.3.3.lx64.r.cp311.u353/omni/physxcooking/scripts`: errno=28/No space left on device
[1.219s] [ext: omni.physx-107.3.26] startup
2026-08-31T06:26:03Z [1,210ms] [Error] [carb] Failed to create change watch for `/home/j/env_isaaclab/lib/python3.11/site-packages/isaacsim/extscache/omni.physics.stageupdate-107.3.26+107.3.3.lx64.r.cp311.u353`: errno=28/No space left on device
2026-08-31T06:26:03Z [1,210ms] [Error] [carb] Failed to create change watch for `/home/j/env_isaaclab/lib/python3.11/site-packages/isaacsim/extscache/omni.physics.stageupdate-107.3.26+107.3.3.lx64.r.cp311.u353/config`: errno=28/No space left on device
2026-08-31T06:26:03Z [1,210ms] [Error] [carb] Failed to create change watch for `/home/j/env_isaaclab/lib/python3.11/site-packages/isaacsim/extscache/omni.physics.stageupdate-107.3.26+107.3.3.lx64.r.cp311.u353/omni`: errno=28/No space left on device
2026-08-31T06:26:03Z [1,210ms] [Error] [carb] Failed to create change watch for `/home/j/env_isaaclab/lib/python3.11/site-packages/isaacsim/extscache/omni.physics.stageupdate-107.3.26+107.3.3.lx64.r.cp311.u353/omni/physics`: errno=28/No space left on device
2026-08-31T06:26:03Z [1,210ms] [Error] [carb] Failed to create change watch for `/home/j/env_isaaclab/lib/python3.11/site-packages/isaacsim/extscache/omni.physics.stageupdate-107.3.26+107.3.3.lx64.r.cp311.u353/omni/physics/stageupdate`: errno=28/No space left on device
2026-08-31T06:26:03Z [1,210ms] [Error] [carb] Failed to create change watch for `/home/j/env_isaaclab/lib/python3.11/site-packages/isaacsim/extscache/omni.physics.stageupdate-107.3.26+107.3.3.lx64.r.cp311.u353/omni/physics/stageupdate/tests`: errno=28/No space left on device
2026-08-31T06:26:03Z [1,210ms] [Error] [carb] Failed to create change watch for `/home/j/env_isaaclab/lib/python3.11/site-packages/isaacsim/extscache/omni.physics.stageupdate-107.3.26+107.3.3.lx64.r.cp311.u353/omni/physics/stageupdate/bindings`: errno=28/No space left on device
2026-08-31T06:26:03Z [1,210ms] [Error] [carb] Failed to create change watch for `/home/j/env_isaaclab/lib/python3.11/site-packages/isaacsim/extscache/omni.physics.stageupdate-107.3.26+107.3.3.lx64.r.cp311.u353/omni/physics/stageupdate/scripts`: errno=28/No space left on device
[1.225s] [ext: omni.index.libs-380600.8087.0] startup
[1.225s] [ext: omni.physics.physx-107.3.26] startup
2026-08-31T06:26:03Z [1,216ms] [Error] [carb] Failed to create change watch for `/home/j/env_isaaclab/lib/python3.11/site-packages/isaacsim/extscache/omni.physx-107.3.26+107.3.3.lx64.r.cp311.u353`: errno=28/No space left on device
2026-08-31T06:26:03Z [1,216ms] [Error] [carb] Failed to create change watch for `/home/j/env_isaaclab/lib/python3.11/site-packages/isaacsim/extscache/omni.physx-107.3.26+107.3.3.lx64.r.cp311.u353/config`: errno=28/No space left on device
2026-08-31T06:26:03Z [1,216ms] [Error] [carb] Failed to create change watch for `/home/j/env_isaaclab/lib/python3.11/site-packages/isaacsim/extscache/omni.physx-107.3.26+107.3.3.lx64.r.cp311.u353/omni`: errno=28/No space left on device
2026-08-31T06:26:03Z [1,216ms] [Error] [carb] Failed to create change watch for `/home/j/env_isaaclab/lib/python3.11/site-packages/isaacsim/extscache/omni.physx-107.3.26+107.3.3.lx64.r.cp311.u353/omni/physx`: errno=28/No space left on device
2026-08-31T06:26:03Z [1,216ms] [Error] [carb] Failed to create change watch for `/home/j/env_isaaclab/lib/python3.11/site-packages/isaacsim/extscache/omni.physx-107.3.26+107.3.3.lx64.r.cp311.u353/omni/physx/bindings`: errno=28/No space left on device
2026-08-31T06:26:03Z [1,216ms] [Error] [carb] Failed to create change watch for `/home/j/env_isaaclab/lib/python3.11/site-packages/isaacsim/extscache/omni.physx-107.3.26+107.3.3.lx64.r.cp311.u353/omni/physx/scripts`: errno=28/No space left on device
2026-08-31T06:26:03Z [1,217ms] [Warning] [carb] Acquiring non optional plugin interface which is not listed as dependency: [omni::physx::IPhysxBenchmarks v1.0] (plugin: <default plugin>), by client: omni.physics.physx.plugin. Add it to CARB_PLUGIN_IMPL_DEPS() macro of a client.
[1.227s] [ext: omni.index-1.0.1] startup
2026-08-31T06:26:03Z [1,217ms] [Error] [carb] Failed to create change watch for `/home/j/env_isaaclab/lib/python3.11/site-packages/isaacsim/extscache/omni.physics.physx-107.3.26+107.3.3.lx64.r.cp311.u353`: errno=28/No space left on device
2026-08-31T06:26:03Z [1,218ms] [Error] [carb] Failed to create change watch for `/home/j/env_isaaclab/lib/python3.11/site-packages/isaacsim/extscache/omni.physics.physx-107.3.26+107.3.3.lx64.r.cp311.u353/config`: errno=28/No space left on device
2026-08-31T06:26:03Z [1,218ms] [Error] [carb] Failed to create change watch for `/home/j/env_isaaclab/lib/python3.11/site-packages/isaacsim/extscache/omni.physics.physx-107.3.26+107.3.3.lx64.r.cp311.u353/omni`: errno=28/No space left on device
2026-08-31T06:26:03Z [1,218ms] [Error] [carb] Failed to create change watch for `/home/j/env_isaaclab/lib/python3.11/site-packages/isaacsim/extscache/omni.physics.physx-107.3.26+107.3.3.lx64.r.cp311.u353/omni/physics`: errno=28/No space left on device
2026-08-31T06:26:03Z [1,218ms] [Error] [carb] Failed to create change watch for `/home/j/env_isaaclab/lib/python3.11/site-packages/isaacsim/extscache/omni.physics.physx-107.3.26+107.3.3.lx64.r.cp311.u353/omni/physics/physx`: errno=28/No space left on device
2026-08-31T06:26:03Z [1,218ms] [Error] [carb] Failed to create change watch for `/home/j/env_isaaclab/lib/python3.11/site-packages/isaacsim/extscache/omni.physics.physx-107.3.26+107.3.3.lx64.r.cp311.u353/omni/physics/physx/tests`: errno=28/No space left on device
[1.227s] [ext: omni.volume-0.5.2] startup
[1.229s] [ext: omni.ujitso.client-0.0.0] startup
2026-08-31T06:26:03Z [1,219ms] [Error] [carb] Failed to create change watch for `/home/j/env_isaaclab/lib/python3.11/site-packages/isaacsim/extscache/omni.volume-0.5.2+69cbf6ad.lx64.r.cp311`: errno=28/No space left on device
2026-08-31T06:26:03Z [1,220ms] [Error] [carb] Failed to create change watch for `/home/j/env_isaaclab/lib/python3.11/site-packages/isaacsim/extscache/omni.volume-0.5.2+69cbf6ad.lx64.r.cp311/config`: errno=28/No space left on device
[1.229s] [ext: omni.hydra.rtx.shadercache.vulkan-1.0.0] startup
2026-08-31T06:26:03Z [1,220ms] [Error] [carb] Failed to create change watch for `/home/j/env_isaaclab/lib/python3.11/site-packages/isaacsim/extscache/omni.volume-0.5.2+69cbf6ad.lx64.r.cp311/omni`: errno=28/No space left on device
2026-08-31T06:26:03Z [1,220ms] [Error] [carb] Failed to create change watch for `/home/j/env_isaaclab/lib/python3.11/site-packages/isaacsim/extscache/omni.volume-0.5.2+69cbf6ad.lx64.r.cp311/omni/volume`: errno=28/No space left on device
2026-08-31T06:26:03Z [1,220ms] [Error] [carb] Failed to create change watch for `/home/j/env_isaaclab/lib/python3.11/site-packages/isaacsim/extscache/omni.volume-0.5.2+69cbf6ad.lx64.r.cp311/omni/volume/tests`: errno=28/No space left on device
[1.230s] [ext: omni.kit.widget.searchable_combobox-1.0.6] startup
[1.230s] [ext: omni.hydra.rtx-1.0.0] startup
2026-08-31T06:26:03Z [1,221ms] [Error] [carb] Failed to create change watch for `/home/j/env_isaaclab/lib/python3.11/site-packages/isaacsim/extscache/omni.kit.widget.searchable_combobox-1.0.6+69cbf6ad`: errno=28/No space left on device
2026-08-31T06:26:03Z [1,221ms] [Error] [carb] Failed to create change watch for `/home/j/env_isaaclab/lib/python3.11/site-packages/isaacsim/extscache/omni.kit.widget.searchable_combobox-1.0.6+69cbf6ad/config`: errno=28/No space left on device
2026-08-31T06:26:03Z [1,221ms] [Error] [carb] Failed to create change watch for `/home/j/env_isaaclab/lib/python3.11/site-packages/isaacsim/extscache/omni.kit.widget.searchable_combobox-1.0.6+69cbf6ad/omni`: errno=28/No space left on device
2026-08-31T06:26:03Z [1,221ms] [Error] [carb] Failed to create change watch for `/home/j/env_isaaclab/lib/python3.11/site-packages/isaacsim/extscache/omni.kit.widget.searchable_combobox-1.0.6+69cbf6ad/omni/kit`: errno=28/No space left on device
2026-08-31T06:26:03Z [1,221ms] [Error] [carb] Failed to create change watch for `/home/j/env_isaaclab/lib/python3.11/site-packages/isaacsim/extscache/omni.kit.widget.searchable_combobox-1.0.6+69cbf6ad/omni/kit/widget`: errno=28/No space left on device
2026-08-31T06:26:03Z [1,221ms] [Error] [carb] Failed to create change watch for `/home/j/env_isaaclab/lib/python3.11/site-packages/isaacsim/extscache/omni.kit.widget.searchable_combobox-1.0.6+69cbf6ad/omni/kit/widget/searchable_combobox`: errno=28/No space left on device
2026-08-31T06:26:03Z [1,221ms] [Error] [carb] Failed to create change watch for `/home/j/env_isaaclab/lib/python3.11/site-packages/isaacsim/extscache/omni.kit.widget.searchable_combobox-1.0.6+69cbf6ad/omni/kit/widget/searchable_combobox/tests`: errno=28/No space left on device
2026-08-31T06:26:03Z [1,233ms] [Warning] [omni.log] Source: omni.hydra was already registered.
[1.253s] [ext: omni.kit.widget.settings-1.2.6] startup
[1.255s] [ext: omni.kit.hydra_texture-1.4.6] startup
2026-08-31T06:26:03Z [1,246ms] [Error] [carb] Failed to create change watch for `/home/j/env_isaaclab/lib/python3.11/site-packages/isaacsim/extscache/omni.kit.widget.settings-1.2.6+69cbf6ad`: errno=28/No space left on device
2026-08-31T06:26:03Z [1,246ms] [Error] [carb] Failed to create change watch for `/home/j/env_isaaclab/lib/python3.11/site-packages/isaacsim/extscache/omni.kit.widget.settings-1.2.6+69cbf6ad/config`: errno=28/No space left on device
2026-08-31T06:26:03Z [1,246ms] [Error] [carb] Failed to create change watch for `/home/j/env_isaaclab/lib/python3.11/site-packages/isaacsim/extscache/omni.kit.widget.settings-1.2.6+69cbf6ad/omni`: errno=28/No space left on device
2026-08-31T06:26:03Z [1,246ms] [Error] [carb] Failed to create change watch for `/home/j/env_isaaclab/lib/python3.11/site-packages/isaacsim/extscache/omni.kit.widget.settings-1.2.6+69cbf6ad/omni/kit`: errno=28/No space left on device
2026-08-31T06:26:03Z [1,246ms] [Error] [carb] Failed to create change watch for `/home/j/env_isaaclab/lib/python3.11/site-packages/isaacsim/extscache/omni.kit.widget.settings-1.2.6+69cbf6ad/omni/kit/widget`: errno=28/No space left on device
2026-08-31T06:26:03Z [1,246ms] [Error] [carb] Failed to create change watch for `/home/j/env_isaaclab/lib/python3.11/site-packages/isaacsim/extscache/omni.kit.widget.settings-1.2.6+69cbf6ad/omni/kit/widget/settings`: errno=28/No space left on device
2026-08-31T06:26:03Z [1,246ms] [Error] [carb] Failed to create change watch for `/home/j/env_isaaclab/lib/python3.11/site-packages/isaacsim/extscache/omni.kit.widget.settings-1.2.6+69cbf6ad/omni/kit/widget/settings/tests`: errno=28/No space left on device
2026-08-31T06:26:03Z [1,246ms] [Error] [carb] Failed to create change watch for `/home/j/env_isaaclab/lib/python3.11/site-packages/isaacsim/extscache/omni.kit.widget.settings-1.2.6+69cbf6ad/omni/kit/widget/settings/deprecated`: errno=28/No space left on device
[1.257s] [ext: omni.graph.tools-1.79.2] startup
2026-08-31T06:26:03Z [1,248ms] [Error] [carb] Failed to create change watch for `/home/j/env_isaaclab/lib/python3.11/site-packages/isaacsim/extscache/omni.kit.hydra_texture-1.4.6+69cbf6ad.lx64.r.cp311`: errno=28/No space left on device
2026-08-31T06:26:03Z [1,248ms] [Error] [carb] Failed to create change watch for `/home/j/env_isaaclab/lib/python3.11/site-packages/isaacsim/extscache/omni.kit.hydra_texture-1.4.6+69cbf6ad.lx64.r.cp311/config`: errno=28/No space left on device
2026-08-31T06:26:03Z [1,248ms] [Error] [carb] Failed to create change watch for `/home/j/env_isaaclab/lib/python3.11/site-packages/isaacsim/extscache/omni.kit.hydra_texture-1.4.6+69cbf6ad.lx64.r.cp311/omni`: errno=28/No space left on device
2026-08-31T06:26:03Z [1,248ms] [Error] [carb] Failed to create change watch for `/home/j/env_isaaclab/lib/python3.11/site-packages/isaacsim/extscache/omni.kit.hydra_texture-1.4.6+69cbf6ad.lx64.r.cp311/omni/hydratexture`: errno=28/No space left on device
2026-08-31T06:26:03Z [1,248ms] [Error] [carb] Failed to create change watch for `/home/j/env_isaaclab/lib/python3.11/site-packages/isaacsim/extscache/omni.kit.hydra_texture-1.4.6+69cbf6ad.lx64.r.cp311/omni/kit`: errno=28/No space left on device
2026-08-31T06:26:03Z [1,248ms] [Error] [carb] Failed to create change watch for `/home/j/env_isaaclab/lib/python3.11/site-packages/isaacsim/extscache/omni.kit.hydra_texture-1.4.6+69cbf6ad.lx64.r.cp311/omni/kit/hydra_texture`: errno=28/No space left on device
2026-08-31T06:26:03Z [1,248ms] [Error] [carb] Failed to create change watch for `/home/j/env_isaaclab/lib/python3.11/site-packages/isaacsim/extscache/omni.kit.hydra_texture-1.4.6+69cbf6ad.lx64.r.cp311/omni/kit/hydra_texture/tests`: errno=28/No space left on device
[1.272s] [ext: omni.kit.window.preferences-1.8.0] startup
2026-08-31T06:26:03Z [1,263ms] [Error] [carb] Failed to create change watch for `/home/j/env_isaaclab/lib/python3.11/site-packages/isaacsim/extscache/omni.graph.tools-1.79.2+69cbf6ad`: errno=28/No space left on device
2026-08-31T06:26:03Z [1,263ms] [Error] [carb] Failed to create change watch for `/home/j/env_isaaclab/lib/python3.11/site-packages/isaacsim/extscache/omni.graph.tools-1.79.2+69cbf6ad/config`: errno=28/No space left on device
2026-08-31T06:26:03Z [1,263ms] [Error] [carb] Failed to create change watch for `/home/j/env_isaaclab/lib/python3.11/site-packages/isaacsim/extscache/omni.graph.tools-1.79.2+69cbf6ad/omni`: errno=28/No space left on device
2026-08-31T06:26:03Z [1,263ms] [Error] [carb] Failed to create change watch for `/home/j/env_isaaclab/lib/python3.11/site-packages/isaacsim/extscache/omni.graph.tools-1.79.2+69cbf6ad/omni/graph`: errno=28/No space left on device
2026-08-31T06:26:03Z [1,263ms] [Error] [carb] Failed to create change watch for `/home/j/env_isaaclab/lib/python3.11/site-packages/isaacsim/extscache/omni.graph.tools-1.79.2+69cbf6ad/omni/graph/tools`: errno=28/No space left on device
2026-08-31T06:26:03Z [1,263ms] [Error] [carb] Failed to create change watch for `/home/j/env_isaaclab/lib/python3.11/site-packages/isaacsim/extscache/omni.graph.tools-1.79.2+69cbf6ad/omni/graph/tools/tests`: errno=28/No space left on device
2026-08-31T06:26:03Z [1,263ms] [Error] [carb] Failed to create change watch for `/home/j/env_isaaclab/lib/python3.11/site-packages/isaacsim/extscache/omni.graph.tools-1.79.2+69cbf6ad/omni/graph/tools/tests/extensions`: errno=28/No space left on device
2026-08-31T06:26:03Z [1,263ms] [Error] [carb] Failed to create change watch for `/home/j/env_isaaclab/lib/python3.11/site-packages/isaacsim/extscache/omni.graph.tools-1.79.2+69cbf6ad/omni/graph/tools/tests/extensions/omni.graph.scaffolding`: errno=28/No space left on device
2026-08-31T06:26:03Z [1,263ms] [Error] [carb] Failed to create change watch for `/home/j/env_isaaclab/lib/python3.11/site-packages/isaacsim/extscache/omni.graph.tools-1.79.2+69cbf6ad/omni/graph/tools/tests/extensions/omni.graph.scaffolding/ogn`: errno=28/No space left on device
2026-08-31T06:26:03Z [1,263ms] [Error] [carb] Failed to create change watch for `/home/j/env_isaaclab/lib/python3.11/site-packages/isaacsim/extscache/omni.graph.tools-1.79.2+69cbf6ad/omni/graph/tools/tests/extensions/omni.graph.scaffolding/ogn/docs`: errno=28/No space left on device
2026-08-31T06:26:03Z [1,264ms] [Error] [carb] Failed to create change watch for `/home/j/env_isaaclab/lib/python3.11/site-packages/isaacsim/extscache/omni.graph.tools-1.79.2+69cbf6ad/omni/graph/tools/_impl`: errno=28/No space left on device
2026-08-31T06:26:03Z [1,264ms] [Error] [carb] Failed to create change watch for `/home/j/env_isaaclab/lib/python3.11/site-packages/isaacsim/extscache/omni.graph.tools-1.79.2+69cbf6ad/omni/graph/tools/_impl/autonode_generator`: errno=28/No space left on device
2026-08-31T06:26:03Z [1,264ms] [Error] [carb] Failed to create change watch for `/home/j/env_isaaclab/lib/python3.11/site-packages/isaacsim/extscache/omni.graph.tools-1.79.2+69cbf6ad/omni/graph/tools/_impl/deprecated`: errno=28/No space left on device
2026-08-31T06:26:03Z [1,264ms] [Error] [carb] Failed to create change watch for `/home/j/env_isaaclab/lib/python3.11/site-packages/isaacsim/extscache/omni.graph.tools-1.79.2+69cbf6ad/omni/graph/tools/_impl/internal`: errno=28/No space left on device
2026-08-31T06:26:03Z [1,264ms] [Error] [carb] Failed to create change watch for `/home/j/env_isaaclab/lib/python3.11/site-packages/isaacsim/extscache/omni.graph.tools-1.79.2+69cbf6ad/omni/graph/tools/_impl/repo_tools`: errno=28/No space left on device
2026-08-31T06:26:03Z [1,264ms] [Error] [carb] Failed to create change watch for `/home/j/env_isaaclab/lib/python3.11/site-packages/isaacsim/extscache/omni.graph.tools-1.79.2+69cbf6ad/omni/graph/tools/_impl/node_generator`: errno=28/No space left on device
2026-08-31T06:26:03Z [1,264ms] [Error] [carb] Failed to create change watch for `/home/j/env_isaaclab/lib/python3.11/site-packages/isaacsim/extscache/omni.graph.tools-1.79.2+69cbf6ad/omni/graph/tools/_impl/node_generator/attributes`: errno=28/No space left on device
2026-08-31T06:26:03Z [1,265ms] [Error] [carb] Failed to create change watch for `/home/j/env_isaaclab/lib/python3.11/site-packages/isaacsim/extscache/omni.kit.window.preferences-1.8.0+69cbf6ad`: errno=28/No space left on device
2026-08-31T06:26:03Z [1,265ms] [Error] [carb] Failed to create change watch for `/home/j/env_isaaclab/lib/python3.11/site-packages/isaacsim/extscache/omni.kit.window.preferences-1.8.0+69cbf6ad/config`: errno=28/No space left on device
2026-08-31T06:26:03Z [1,265ms] [Error] [carb] Failed to create change watch for `/home/j/env_isaaclab/lib/python3.11/site-packages/isaacsim/extscache/omni.kit.window.preferences-1.8.0+69cbf6ad/omni`: errno=28/No space left on device
2026-08-31T06:26:03Z [1,265ms] [Error] [carb] Failed to create change watch for `/home/j/env_isaaclab/lib/python3.11/site-packages/isaacsim/extscache/omni.kit.window.preferences-1.8.0+69cbf6ad/omni/kit`: errno=28/No space left on device
2026-08-31T06:26:03Z [1,265ms] [Error] [carb] Failed to create change watch for `/home/j/env_isaaclab/lib/python3.11/site-packages/isaacsim/extscache/omni.kit.window.preferences-1.8.0+69cbf6ad/omni/kit/window`: errno=28/No space left on device
2026-08-31T06:26:03Z [1,266ms] [Error] [carb] Failed to create change watch for `/home/j/env_isaaclab/lib/python3.11/site-packages/isaacsim/extscache/omni.kit.window.preferences-1.8.0+69cbf6ad/omni/kit/window/preferences`: errno=28/No space left on device
2026-08-31T06:26:03Z [1,266ms] [Error] [carb] Failed to create change watch for `/home/j/env_isaaclab/lib/python3.11/site-packages/isaacsim/extscache/omni.kit.window.preferences-1.8.0+69cbf6ad/omni/kit/window/preferences/tests`: errno=28/No space left on device
2026-08-31T06:26:03Z [1,266ms] [Error] [carb] Failed to create change watch for `/home/j/env_isaaclab/lib/python3.11/site-packages/isaacsim/extscache/omni.kit.window.preferences-1.8.0+69cbf6ad/omni/kit/window/preferences/scripts`: errno=28/No space left on device
2026-08-31T06:26:03Z [1,266ms] [Error] [carb] Failed to create change watch for `/home/j/env_isaaclab/lib/python3.11/site-packages/isaacsim/extscache/omni.kit.window.preferences-1.8.0+69cbf6ad/omni/kit/window/preferences/scripts/pages`: errno=28/No space left on device
[1.276s] [ext: omni.kit.widget.material_preview-1.0.16] startup
[1.277s] [ext: omni.graph-1.141.2] startup
2026-08-31T06:26:03Z [1,268ms] [Error] [carb] Failed to create change watch for `/home/j/env_isaaclab/lib/python3.11/site-packages/isaacsim/extscache/omni.kit.widget.material_preview-1.0.16`: errno=28/No space left on device
2026-08-31T06:26:03Z [1,268ms] [Error] [carb] Failed to create change watch for `/home/j/env_isaaclab/lib/python3.11/site-packages/isaacsim/extscache/omni.kit.widget.material_preview-1.0.16/config`: errno=28/No space left on device
2026-08-31T06:26:03Z [1,268ms] [Error] [carb] Failed to create change watch for `/home/j/env_isaaclab/lib/python3.11/site-packages/isaacsim/extscache/omni.kit.widget.material_preview-1.0.16/omni`: errno=28/No space left on device
2026-08-31T06:26:03Z [1,268ms] [Error] [carb] Failed to create change watch for `/home/j/env_isaaclab/lib/python3.11/site-packages/isaacsim/extscache/omni.kit.widget.material_preview-1.0.16/omni/kit`: errno=28/No space left on device
2026-08-31T06:26:03Z [1,268ms] [Error] [carb] Failed to create change watch for `/home/j/env_isaaclab/lib/python3.11/site-packages/isaacsim/extscache/omni.kit.widget.material_preview-1.0.16/omni/kit/widget`: errno=28/No space left on device
2026-08-31T06:26:03Z [1,268ms] [Error] [carb] Failed to create change watch for `/home/j/env_isaaclab/lib/python3.11/site-packages/isaacsim/extscache/omni.kit.widget.material_preview-1.0.16/omni/kit/widget/material_preview`: errno=28/No space left on device
2026-08-31T06:26:03Z [1,268ms] [Error] [carb] Failed to create change watch for `/home/j/env_isaaclab/lib/python3.11/site-packages/isaacsim/extscache/omni.kit.widget.material_preview-1.0.16/omni/kit/widget/material_preview/tests`: errno=28/No space left on device
2026-08-31T06:26:03Z [1,295ms] [Error] [carb] Failed to create change watch for `/home/j/env_isaaclab/lib/python3.11/site-packages/isaacsim/extscache/omni.graph-1.141.2+69cbf6ad.lx64.r.cp311`: errno=28/No space left on device
2026-08-31T06:26:03Z [1,295ms] [Error] [carb] Failed to create change watch for `/home/j/env_isaaclab/lib/python3.11/site-packages/isaacsim/extscache/omni.graph-1.141.2+69cbf6ad.lx64.r.cp311/config`: errno=28/No space left on device
2026-08-31T06:26:03Z [1,295ms] [Error] [carb] Failed to create change watch for `/home/j/env_isaaclab/lib/python3.11/site-packages/isaacsim/extscache/omni.graph-1.141.2+69cbf6ad.lx64.r.cp311/omni`: errno=28/No space left on device
[1.304s] [ext: omni.kit.window.material_graph-1.9.1] startup
2026-08-31T06:26:03Z [1,295ms] [Error] [carb] Failed to create change watch for `/home/j/env_isaaclab/lib/python3.11/site-packages/isaacsim/extscache/omni.graph-1.141.2+69cbf6ad.lx64.r.cp311/omni/graph`: errno=28/No space left on device
2026-08-31T06:26:03Z [1,295ms] [Error] [carb] Failed to create change watch for `/home/j/env_isaaclab/lib/python3.11/site-packages/isaacsim/extscache/omni.graph-1.141.2+69cbf6ad.lx64.r.cp311/omni/graph/core`: errno=28/No space left on device
2026-08-31T06:26:03Z [1,295ms] [Error] [carb] Failed to create change watch for `/home/j/env_isaaclab/lib/python3.11/site-packages/isaacsim/extscache/omni.graph-1.141.2+69cbf6ad.lx64.r.cp311/omni/graph/core/data`: errno=28/No space left on device
2026-08-31T06:26:03Z [1,295ms] [Error] [carb] Failed to create change watch for `/home/j/env_isaaclab/lib/python3.11/site-packages/isaacsim/extscache/omni.graph-1.141.2+69cbf6ad.lx64.r.cp311/omni/graph/core/data/displacement`: errno=28/No space left on device
2026-08-31T06:26:03Z [1,295ms] [Error] [carb] Failed to create change watch for `/home/j/env_isaaclab/lib/python3.11/site-packages/isaacsim/extscache/omni.graph-1.141.2+69cbf6ad.lx64.r.cp311/omni/graph/core/data/anim_deformer`: errno=28/No space left on device
2026-08-31T06:26:03Z [1,295ms] [Error] [carb] Failed to create change watch for `/home/j/env_isaaclab/lib/python3.11/site-packages/isaacsim/extscache/omni.graph-1.141.2+69cbf6ad.lx64.r.cp311/omni/graph/core/data/anim_deformer/PostSkinMorph`: errno=28/No space left on device
2026-08-31T06:26:03Z [1,295ms] [Error] [carb] Failed to create change watch for `/home/j/env_isaaclab/lib/python3.11/site-packages/isaacsim/extscache/omni.graph-1.141.2+69cbf6ad.lx64.r.cp311/omni/graph/core/data/anim_deformer/skinning`: errno=28/No space left on device
2026-08-31T06:26:03Z [1,295ms] [Error] [carb] Failed to create change watch for `/home/j/env_isaaclab/lib/python3.11/site-packages/isaacsim/extscache/omni.graph-1.141.2+69cbf6ad.lx64.r.cp311/omni/graph/core/data/anim_deformer/morph`: errno=28/No space left on device
2026-08-31T06:26:03Z [1,295ms] [Error] [carb] Failed to create change watch for `/home/j/env_isaaclab/lib/python3.11/site-packages/isaacsim/extscache/omni.graph-1.141.2+69cbf6ad.lx64.r.cp311/omni/graph/core/data/anim_deformer/JointManipulator`: errno=28/No space left on device
2026-08-31T06:26:03Z [1,295ms] [Error] [carb] Failed to create change watch for `/home/j/env_isaaclab/lib/python3.11/site-packages/isaacsim/extscache/omni.graph-1.141.2+69cbf6ad.lx64.r.cp311/omni/graph/core/tests`: errno=28/No space left on device
2026-08-31T06:26:03Z [1,296ms] [Error] [carb] Failed to create change watch for `/home/j/env_isaaclab/lib/python3.11/site-packages/isaacsim/extscache/omni.graph-1.141.2+69cbf6ad.lx64.r.cp311/omni/graph/core/_impl`: errno=28/No space left on device
2026-08-31T06:26:03Z [1,296ms] [Error] [carb] Failed to create change watch for `/home/j/env_isaaclab/lib/python3.11/site-packages/isaacsim/extscache/omni.graph-1.141.2+69cbf6ad.lx64.r.cp311/omni/graph/core/_impl/autonode_deprecated`: errno=28/No space left on device
2026-08-31T06:26:03Z [1,296ms] [Error] [carb] Failed to create change watch for `/home/j/env_isaaclab/lib/python3.11/site-packages/isaacsim/extscache/omni.graph-1.141.2+69cbf6ad.lx64.r.cp311/omni/graph/core/_impl/commands`: errno=28/No space left on device
2026-08-31T06:26:03Z [1,296ms] [Error] [carb] Failed to create change watch for `/home/j/env_isaaclab/lib/python3.11/site-packages/isaacsim/extscache/omni.graph-1.141.2+69cbf6ad.lx64.r.cp311/omni/graph/core/_impl/_registration`: errno=28/No space left on device
2026-08-31T06:26:03Z [1,296ms] [Error] [carb] Failed to create change watch for `/home/j/env_isaaclab/lib/python3.11/site-packages/isaacsim/extscache/omni.graph-1.141.2+69cbf6ad.lx64.r.cp311/omni/graph/core/_impl/v1_5_0`: errno=28/No space left on device
2026-08-31T06:26:03Z [1,296ms] [Error] [carb] Failed to create change watch for `/home/j/env_isaaclab/lib/python3.11/site-packages/isaacsim/extscache/omni.graph-1.141.2+69cbf6ad.lx64.r.cp311/omni/graph/core/_impl/unstable`: errno=28/No space left on device
2026-08-31T06:26:03Z [1,301ms] [Error] [carb] Failed to create change watch for `/home/j/env_isaaclab/lib/python3.11/site-packages/isaacsim/extscache/omni.kit.window.material_graph-1.9.1`: errno=28/No space left on device
[1.310s] [ext: omni.isaac.dynamic_control-2.0.7] startup
2026-08-31T06:26:03Z [1,301ms] [Error] [carb] Failed to create change watch for `/home/j/env_isaaclab/lib/python3.11/site-packages/isaacsim/extscache/omni.kit.window.material_graph-1.9.1/config`: errno=28/No space left on device
2026-08-31T06:26:03Z [1,301ms] [Error] [carb] Failed to create change watch for `/home/j/env_isaaclab/lib/python3.11/site-packages/isaacsim/extscache/omni.kit.window.material_graph-1.9.1/omni`: errno=28/No space left on device
2026-08-31T06:26:03Z [1,301ms] [Error] [carb] Failed to create change watch for `/home/j/env_isaaclab/lib/python3.11/site-packages/isaacsim/extscache/omni.kit.window.material_graph-1.9.1/omni/kit`: errno=28/No space left on device
2026-08-31T06:26:03Z [1,301ms] [Error] [carb] Failed to create change watch for `/home/j/env_isaaclab/lib/python3.11/site-packages/isaacsim/extscache/omni.kit.window.material_graph-1.9.1/omni/kit/window`: errno=28/No space left on device
2026-08-31T06:26:03Z [1,301ms] [Error] [carb] Failed to create change watch for `/home/j/env_isaaclab/lib/python3.11/site-packages/isaacsim/extscache/omni.kit.window.material_graph-1.9.1/omni/kit/window/material_graph`: errno=28/No space left on device
2026-08-31T06:26:03Z [1,301ms] [Error] [carb] Failed to create change watch for `/home/j/env_isaaclab/lib/python3.11/site-packages/isaacsim/extscache/omni.kit.window.material_graph-1.9.1/omni/kit/window/material_graph/tests`: errno=28/No space left on device
2026-08-31T06:26:03Z [1,301ms] [Error] [carb] Failed to create change watch for `/home/j/env_isaaclab/lib/python3.11/site-packages/isaacsim/extscache/omni.kit.window.material_graph-1.9.1/omni/kit/window/material_graph/shader_registry`: errno=28/No space left on device
2026-08-31T06:26:03Z [1,304ms] [Warning] [omni.isaac.dynamic_control] omni.isaac.dynamic_control is deprecated as of Isaac Sim 4.5. No action is needed from end-users.
[1.314s] [ext: isaacsim.storage.native-1.5.1] startup
2026-08-31T06:26:03Z [1,305ms] [Error] [carb] Failed to create change watch for `/home/j/env_isaaclab/lib/python3.11/site-packages/isaacsim/extsDeprecated/omni.isaac.dynamic_control`: errno=28/No space left on device
2026-08-31T06:26:03Z [1,305ms] [Error] [carb] Failed to create change watch for `/home/j/env_isaaclab/lib/python3.11/site-packages/isaacsim/extsDeprecated/omni.isaac.dynamic_control/config`: errno=28/No space left on device
2026-08-31T06:26:03Z [1,305ms] [Error] [carb] Failed to create change watch for `/home/j/env_isaaclab/lib/python3.11/site-packages/isaacsim/extsDeprecated/omni.isaac.dynamic_control/omni`: errno=28/No space left on device
2026-08-31T06:26:03Z [1,305ms] [Error] [carb] Failed to create change watch for `/home/j/env_isaaclab/lib/python3.11/site-packages/isaacsim/extsDeprecated/omni.isaac.dynamic_control/omni/isaac`: errno=28/No space left on device
2026-08-31T06:26:03Z [1,305ms] [Error] [carb] Failed to create change watch for `/home/j/env_isaaclab/lib/python3.11/site-packages/isaacsim/extsDeprecated/omni.isaac.dynamic_control/omni/isaac/dynamic_control`: errno=28/No space left on device
2026-08-31T06:26:03Z [1,305ms] [Error] [carb] Failed to create change watch for `/home/j/env_isaaclab/lib/python3.11/site-packages/isaacsim/extsDeprecated/omni.isaac.dynamic_control/omni/isaac/dynamic_control/tests`: errno=28/No space left on device
2026-08-31T06:26:03Z [1,305ms] [Error] [carb] Failed to create change watch for `/home/j/env_isaaclab/lib/python3.11/site-packages/isaacsim/extsDeprecated/omni.isaac.dynamic_control/omni/isaac/dynamic_control/scripts`: errno=28/No space left on device
2026-08-31T06:26:03Z [1,306ms] [Error] [carb] Failed to create change watch for `/home/j/env_isaaclab/lib/python3.11/site-packages/isaacsim/exts/isaacsim.storage.native`: errno=28/No space left on device
2026-08-31T06:26:03Z [1,306ms] [Error] [carb] Failed to create change watch for `/home/j/env_isaaclab/lib/python3.11/site-packages/isaacsim/exts/isaacsim.storage.native/config`: errno=28/No space left on device
2026-08-31T06:26:03Z [1,306ms] [Error] [carb] Failed to create change watch for `/home/j/env_isaaclab/lib/python3.11/site-packages/isaacsim/exts/isaacsim.storage.native/isaacsim`: errno=28/No space left on device
2026-08-31T06:26:03Z [1,306ms] [Error] [carb] Failed to create change watch for `/home/j/env_isaaclab/lib/python3.11/site-packages/isaacsim/exts/isaacsim.storage.native/isaacsim/storage`: errno=28/No space left on device
2026-08-31T06:26:03Z [1,306ms] [Error] [carb] Failed to create change watch for `/home/j/env_isaaclab/lib/python3.11/site-packages/isaacsim/exts/isaacsim.storage.native/isaacsim/storage/native`: errno=28/No space left on device
2026-08-31T06:26:03Z [1,306ms] [Error] [carb] Failed to create change watch for `/home/j/env_isaaclab/lib/python3.11/site-packages/isaacsim/exts/isaacsim.storage.native/isaacsim/storage/native/tests`: errno=28/No space left on device
2026-08-31T06:26:03Z [1,306ms] [Error] [carb] Failed to create change watch for `/home/j/env_isaaclab/lib/python3.11/site-packages/isaacsim/exts/isaacsim.storage.native/isaacsim/storage/native/impl`: errno=28/No space left on device
[1.316s] [ext: omni.graph.scriptnode-1.50.0] startup
[1.317s] [ext: omni.hydra.engine.stats-1.0.3] startup
2026-08-31T06:26:03Z [1,308ms] [Error] [carb] Failed to create change watch for `/home/j/env_isaaclab/lib/python3.11/site-packages/isaacsim/extscache/omni.graph.scriptnode-1.50.0+107.3.0`: errno=28/No space left on device
2026-08-31T06:26:03Z [1,308ms] [Error] [carb] Failed to create change watch for `/home/j/env_isaaclab/lib/python3.11/site-packages/isaacsim/extscache/omni.graph.scriptnode-1.50.0+107.3.0/config`: errno=28/No space left on device
2026-08-31T06:26:03Z [1,308ms] [Error] [carb] Failed to create change watch for `/home/j/env_isaaclab/lib/python3.11/site-packages/isaacsim/extscache/omni.graph.scriptnode-1.50.0+107.3.0/omni`: errno=28/No space left on device
2026-08-31T06:26:03Z [1,309ms] [Error] [carb] Failed to create change watch for `/home/j/env_isaaclab/lib/python3.11/site-packages/isaacsim/extscache/omni.graph.scriptnode-1.50.0+107.3.0/omni/graph`: errno=28/No space left on device
2026-08-31T06:26:03Z [1,309ms] [Error] [carb] Failed to create change watch for `/home/j/env_isaaclab/lib/python3.11/site-packages/isaacsim/extscache/omni.graph.scriptnode-1.50.0+107.3.0/omni/graph/scriptnode`: errno=28/No space left on device
2026-08-31T06:26:03Z [1,309ms] [Error] [carb] Failed to create change watch for `/home/j/env_isaaclab/lib/python3.11/site-packages/isaacsim/extscache/omni.graph.scriptnode-1.50.0+107.3.0/omni/graph/scriptnode/tests`: errno=28/No space left on device
2026-08-31T06:26:03Z [1,309ms] [Error] [carb] Failed to create change watch for `/home/j/env_isaaclab/lib/python3.11/site-packages/isaacsim/extscache/omni.graph.scriptnode-1.50.0+107.3.0/omni/graph/scriptnode/tests/data`: errno=28/No space left on device
2026-08-31T06:26:03Z [1,309ms] [Error] [carb] Failed to create change watch for `/home/j/env_isaaclab/lib/python3.11/site-packages/isaacsim/extscache/omni.graph.scriptnode-1.50.0+107.3.0/omni/graph/scriptnode/ogn`: errno=28/No space left on device
2026-08-31T06:26:03Z [1,309ms] [Error] [carb] Failed to create change watch for `/home/j/env_isaaclab/lib/python3.11/site-packages/isaacsim/extscache/omni.graph.scriptnode-1.50.0+107.3.0/omni/graph/scriptnode/ogn/tests`: errno=28/No space left on device
2026-08-31T06:26:03Z [1,309ms] [Error] [carb] Failed to create change watch for `/home/j/env_isaaclab/lib/python3.11/site-packages/isaacsim/extscache/omni.graph.scriptnode-1.50.0+107.3.0/omni/graph/scriptnode/ogn/tests/usd`: errno=28/No space left on device
2026-08-31T06:26:03Z [1,309ms] [Error] [carb] Failed to create change watch for `/home/j/env_isaaclab/lib/python3.11/site-packages/isaacsim/extscache/omni.graph.scriptnode-1.50.0+107.3.0/omni/graph/scriptnode/ogn/python`: errno=28/No space left on device
2026-08-31T06:26:03Z [1,309ms] [Error] [carb] Failed to create change watch for `/home/j/env_isaaclab/lib/python3.11/site-packages/isaacsim/extscache/omni.graph.scriptnode-1.50.0+107.3.0/omni/graph/scriptnode/ogn/python/nodes`: errno=28/No space left on device
2026-08-31T06:26:03Z [1,309ms] [Error] [carb] Failed to create change watch for `/home/j/env_isaaclab/lib/python3.11/site-packages/isaacsim/extscache/omni.graph.scriptnode-1.50.0+107.3.0/omni/graph/scriptnode/ogn/python/nodes/images`: errno=28/No space left on device
2026-08-31T06:26:03Z [1,309ms] [Error] [carb] Failed to create change watch for `/home/j/env_isaaclab/lib/python3.11/site-packages/isaacsim/extscache/omni.graph.scriptnode-1.50.0+107.3.0/omni/graph/scriptnode/_impl`: errno=28/No space left on device
2026-08-31T06:26:03Z [1,309ms] [Error] [carb] Failed to create change watch for `/home/j/env_isaaclab/lib/python3.11/site-packages/isaacsim/extscache/omni.graph.scriptnode-1.50.0+107.3.0/omni/graph/scriptnode/_impl/templates`: errno=28/No space left on device
[1.320s] [ext: omni.kit.viewport.legacy_gizmos-1.0.19] startup
2026-08-31T06:26:03Z [1,311ms] [Error] [carb] Failed to create change watch for `/home/j/env_isaaclab/lib/python3.11/site-packages/isaacsim/extscache/omni.hydra.engine.stats-1.0.3+69cbf6ad.lx64.r.cp311`: errno=28/No space left on device
2026-08-31T06:26:03Z [1,311ms] [Error] [carb] Failed to create change watch for `/home/j/env_isaaclab/lib/python3.11/site-packages/isaacsim/extscache/omni.hydra.engine.stats-1.0.3+69cbf6ad.lx64.r.cp311/config`: errno=28/No space left on device
2026-08-31T06:26:03Z [1,311ms] [Error] [carb] Failed to create change watch for `/home/j/env_isaaclab/lib/python3.11/site-packages/isaacsim/extscache/omni.hydra.engine.stats-1.0.3+69cbf6ad.lx64.r.cp311/omni`: errno=28/No space left on device
2026-08-31T06:26:03Z [1,311ms] [Error] [carb] Failed to create change watch for `/home/j/env_isaaclab/lib/python3.11/site-packages/isaacsim/extscache/omni.hydra.engine.stats-1.0.3+69cbf6ad.lx64.r.cp311/omni/hydra`: errno=28/No space left on device
2026-08-31T06:26:03Z [1,311ms] [Error] [carb] Failed to create change watch for `/home/j/env_isaaclab/lib/python3.11/site-packages/isaacsim/extscache/omni.hydra.engine.stats-1.0.3+69cbf6ad.lx64.r.cp311/omni/hydra/engine`: errno=28/No space left on device
2026-08-31T06:26:03Z [1,311ms] [Error] [carb] Failed to create change watch for `/home/j/env_isaaclab/lib/python3.11/site-packages/isaacsim/extscache/omni.hydra.engine.stats-1.0.3+69cbf6ad.lx64.r.cp311/omni/hydra/engine/stats`: errno=28/No space left on device
2026-08-31T06:26:03Z [1,311ms] [Error] [carb] Failed to create change watch for `/home/j/env_isaaclab/lib/python3.11/site-packages/isaacsim/extscache/omni.hydra.engine.stats-1.0.3+69cbf6ad.lx64.r.cp311/omni/hydra/engine/stats/tests`: errno=28/No space left on device
2026-08-31T06:26:03Z [1,313ms] [Error] [carb] Failed to create change watch for `/home/j/env_isaaclab/lib/python3.11/site-packages/isaacsim/extscache/omni.kit.viewport.legacy_gizmos-1.0.19+69cbf6ad.lx64.r.cp311`: errno=28/No space left on device
2026-08-31T06:26:03Z [1,313ms] [Error] [carb] Failed to create change watch for `/home/j/env_isaaclab/lib/python3.11/site-packages/isaacsim/extscache/omni.kit.viewport.legacy_gizmos-1.0.19+69cbf6ad.lx64.r.cp311/config`: errno=28/No space left on device
2026-08-31T06:26:03Z [1,313ms] [Error] [carb] Failed to create change watch for `/home/j/env_isaaclab/lib/python3.11/site-packages/isaacsim/extscache/omni.kit.viewport.legacy_gizmos-1.0.19+69cbf6ad.lx64.r.cp311/omni`: errno=28/No space left on device
2026-08-31T06:26:03Z [1,313ms] [Error] [carb] Failed to create change watch for `/home/j/env_isaaclab/lib/python3.11/site-packages/isaacsim/extscache/omni.kit.viewport.legacy_gizmos-1.0.19+69cbf6ad.lx64.r.cp311/omni/kit`: errno=28/No space left on device
[1.322s] [ext: omni.kit.raycast.query-1.1.0] startup
2026-08-31T06:26:03Z [1,313ms] [Error] [carb] Failed to create change watch for `/home/j/env_isaaclab/lib/python3.11/site-packages/isaacsim/extscache/omni.kit.viewport.legacy_gizmos-1.0.19+69cbf6ad.lx64.r.cp311/omni/kit/viewport`: errno=28/No space left on device
2026-08-31T06:26:03Z [1,313ms] [Error] [carb] Failed to create change watch for `/home/j/env_isaaclab/lib/python3.11/site-packages/isaacsim/extscache/omni.kit.viewport.legacy_gizmos-1.0.19+69cbf6ad.lx64.r.cp311/omni/kit/viewport/legacy_gizmos`: errno=28/No space left on device
2026-08-31T06:26:03Z [1,313ms] [Error] [carb] Failed to create change watch for `/home/j/env_isaaclab/lib/python3.11/site-packages/isaacsim/extscache/omni.kit.viewport.legacy_gizmos-1.0.19+69cbf6ad.lx64.r.cp311/omni/kit/viewport/legacy_gizmos/tests`: errno=28/No space left on device
[1.327s] [ext: omni.graph.action_core-1.1.7] startup
2026-08-31T06:26:03Z [1,317ms] [Error] [carb] Failed to create change watch for `/home/j/env_isaaclab/lib/python3.11/site-packages/isaacsim/extscache/omni.kit.raycast.query-1.1.0+69cbf6ad.lx64.r.cp311`: errno=28/No space left on device
2026-08-31T06:26:03Z [1,318ms] [Error] [carb] Failed to create change watch for `/home/j/env_isaaclab/lib/python3.11/site-packages/isaacsim/extscache/omni.kit.raycast.query-1.1.0+69cbf6ad.lx64.r.cp311/config`: errno=28/No space left on device
2026-08-31T06:26:03Z [1,318ms] [Error] [carb] Failed to create change watch for `/home/j/env_isaaclab/lib/python3.11/site-packages/isaacsim/extscache/omni.kit.raycast.query-1.1.0+69cbf6ad.lx64.r.cp311/omni`: errno=28/No space left on device
2026-08-31T06:26:03Z [1,318ms] [Error] [carb] Failed to create change watch for `/home/j/env_isaaclab/lib/python3.11/site-packages/isaacsim/extscache/omni.kit.raycast.query-1.1.0+69cbf6ad.lx64.r.cp311/omni/kit`: errno=28/No space left on device
2026-08-31T06:26:03Z [1,318ms] [Error] [carb] Failed to create change watch for `/home/j/env_isaaclab/lib/python3.11/site-packages/isaacsim/extscache/omni.kit.raycast.query-1.1.0+69cbf6ad.lx64.r.cp311/omni/kit/raycast`: errno=28/No space left on device
2026-08-31T06:26:03Z [1,318ms] [Error] [carb] Failed to create change watch for `/home/j/env_isaaclab/lib/python3.11/site-packages/isaacsim/extscache/omni.kit.raycast.query-1.1.0+69cbf6ad.lx64.r.cp311/omni/kit/raycast/query`: errno=28/No space left on device
2026-08-31T06:26:03Z [1,318ms] [Error] [carb] Failed to create change watch for `/home/j/env_isaaclab/lib/python3.11/site-packages/isaacsim/extscache/omni.kit.raycast.query-1.1.0+69cbf6ad.lx64.r.cp311/omni/kit/raycast/query/tests`: errno=28/No space left on device
2026-08-31T06:26:03Z [1,318ms] [Error] [carb] Failed to create change watch for `/home/j/env_isaaclab/lib/python3.11/site-packages/isaacsim/extscache/omni.kit.raycast.query-1.1.0+69cbf6ad.lx64.r.cp311/omni/kit/raycast/query/scripts`: errno=28/No space left on device
2026-08-31T06:26:03Z [1,319ms] [Error] [carb] Failed to create change watch for `/home/j/env_isaaclab/lib/python3.11/site-packages/isaacsim/extscache/omni.graph.action_core-1.1.7+69cbf6ad.lx64.r.cp311`: errno=28/No space left on device
[1.329s] [ext: omni.kit.viewport.scene_camera_model-1.0.6] startup
2026-08-31T06:26:03Z [1,319ms] [Error] [carb] Failed to create change watch for `/home/j/env_isaaclab/lib/python3.11/site-packages/isaacsim/extscache/omni.graph.action_core-1.1.7+69cbf6ad.lx64.r.cp311/config`: errno=28/No space left on device
2026-08-31T06:26:03Z [1,320ms] [Error] [carb] Failed to create change watch for `/home/j/env_isaaclab/lib/python3.11/site-packages/isaacsim/extscache/omni.graph.action_core-1.1.7+69cbf6ad.lx64.r.cp311/omni`: errno=28/No space left on device
2026-08-31T06:26:03Z [1,320ms] [Error] [carb] Failed to create change watch for `/home/j/env_isaaclab/lib/python3.11/site-packages/isaacsim/extscache/omni.graph.action_core-1.1.7+69cbf6ad.lx64.r.cp311/omni/graph`: errno=28/No space left on device
2026-08-31T06:26:03Z [1,320ms] [Error] [carb] Failed to create change watch for `/home/j/env_isaaclab/lib/python3.11/site-packages/isaacsim/extscache/omni.graph.action_core-1.1.7+69cbf6ad.lx64.r.cp311/omni/graph/action_core`: errno=28/No space left on device
2026-08-31T06:26:03Z [1,320ms] [Error] [carb] Failed to create change watch for `/home/j/env_isaaclab/lib/python3.11/site-packages/isaacsim/extscache/omni.graph.action_core-1.1.7+69cbf6ad.lx64.r.cp311/omni/graph/action_core/tests`: errno=28/No space left on device
2026-08-31T06:26:03Z [1,320ms] [Error] [carb] Failed to create change watch for `/home/j/env_isaaclab/lib/python3.11/site-packages/isaacsim/extscache/omni.graph.action_core-1.1.7+69cbf6ad.lx64.r.cp311/omni/graph/action_core/_impl`: errno=28/No space left on device
2026-08-31T06:26:03Z [1,323ms] [Error] [carb] Failed to create change watch for `/home/j/env_isaaclab/lib/python3.11/site-packages/isaacsim/extscache/omni.kit.viewport.scene_camera_model-1.0.6+69cbf6ad.lx64.r.cp311`: errno=28/No space left on device
2026-08-31T06:26:03Z [1,323ms] [Error] [carb] Failed to create change watch for `/home/j/env_isaaclab/lib/python3.11/site-packages/isaacsim/extscache/omni.kit.viewport.scene_camera_model-1.0.6+69cbf6ad.lx64.r.cp311/config`: errno=28/No space left on device
2026-08-31T06:26:03Z [1,323ms] [Error] [carb] Failed to create change watch for `/home/j/env_isaaclab/lib/python3.11/site-packages/isaacsim/extscache/omni.kit.viewport.scene_camera_model-1.0.6+69cbf6ad.lx64.r.cp311/omni`: errno=28/No space left on device
2026-08-31T06:26:03Z [1,323ms] [Error] [carb] Failed to create change watch for `/home/j/env_isaaclab/lib/python3.11/site-packages/isaacsim/extscache/omni.kit.viewport.scene_camera_model-1.0.6+69cbf6ad.lx64.r.cp311/omni/kit`: errno=28/No space left on device
[1.332s] [ext: omni.graph.image.core-0.6.1] startup
2026-08-31T06:26:03Z [1,323ms] [Error] [carb] Failed to create change watch for `/home/j/env_isaaclab/lib/python3.11/site-packages/isaacsim/extscache/omni.kit.viewport.scene_camera_model-1.0.6+69cbf6ad.lx64.r.cp311/omni/kit/viewport`: errno=28/No space left on device
2026-08-31T06:26:03Z [1,323ms] [Error] [carb] Failed to create change watch for `/home/j/env_isaaclab/lib/python3.11/site-packages/isaacsim/extscache/omni.kit.viewport.scene_camera_model-1.0.6+69cbf6ad.lx64.r.cp311/omni/kit/viewport/scene_camera_model`: errno=28/No space left on device
2026-08-31T06:26:03Z [1,323ms] [Error] [carb] Failed to create change watch for `/home/j/env_isaaclab/lib/python3.11/site-packages/isaacsim/extscache/omni.kit.viewport.scene_camera_model-1.0.6+69cbf6ad.lx64.r.cp311/omni/kit/viewport/scene_camera_model/tests`: errno=28/No space left on device
[1.333s] [ext: omni.kit.widget.viewport-107.1.3] startup
2026-08-31T06:26:03Z [1,331ms] [Error] [carb] Failed to create change watch for `/home/j/env_isaaclab/lib/python3.11/site-packages/isaacsim/extscache/omni.kit.widget.viewport-107.1.3+69cbf6ad`: errno=28/No space left on device
[1.340s] [ext: omni.kit.viewport.registry-104.0.6] startup
2026-08-31T06:26:03Z [1,331ms] [Error] [carb] Failed to create change watch for `/home/j/env_isaaclab/lib/python3.11/site-packages/isaacsim/extscache/omni.kit.widget.viewport-107.1.3+69cbf6ad/config`: errno=28/No space left on device
2026-08-31T06:26:03Z [1,331ms] [Error] [carb] Failed to create change watch for `/home/j/env_isaaclab/lib/python3.11/site-packages/isaacsim/extscache/omni.kit.widget.viewport-107.1.3+69cbf6ad/omni`: errno=28/No space left on device
2026-08-31T06:26:03Z [1,331ms] [Error] [carb] Failed to create change watch for `/home/j/env_isaaclab/lib/python3.11/site-packages/isaacsim/extscache/omni.kit.widget.viewport-107.1.3+69cbf6ad/omni/kit`: errno=28/No space left on device
2026-08-31T06:26:03Z [1,331ms] [Error] [carb] Failed to create change watch for `/home/j/env_isaaclab/lib/python3.11/site-packages/isaacsim/extscache/omni.kit.widget.viewport-107.1.3+69cbf6ad/omni/kit/widget`: errno=28/No space left on device
2026-08-31T06:26:03Z [1,331ms] [Error] [carb] Failed to create change watch for `/home/j/env_isaaclab/lib/python3.11/site-packages/isaacsim/extscache/omni.kit.widget.viewport-107.1.3+69cbf6ad/omni/kit/widget/viewport`: errno=28/No space left on device
2026-08-31T06:26:03Z [1,332ms] [Error] [carb] Failed to create change watch for `/home/j/env_isaaclab/lib/python3.11/site-packages/isaacsim/extscache/omni.kit.widget.viewport-107.1.3+69cbf6ad/omni/kit/widget/viewport/tests`: errno=28/No space left on device
2026-08-31T06:26:03Z [1,332ms] [Error] [carb] Failed to create change watch for `/home/j/env_isaaclab/lib/python3.11/site-packages/isaacsim/extscache/omni.kit.widget.viewport-107.1.3+69cbf6ad/omni/kit/widget/viewport/impl`: errno=28/No space left on device
2026-08-31T06:26:03Z [1,332ms] [Error] [carb] Failed to create change watch for `/home/j/env_isaaclab/lib/python3.11/site-packages/isaacsim/extscache/omni.kit.viewport.registry-104.0.6+69cbf6ad`: errno=28/No space left on device
[1.341s] [ext: omni.usd.metrics.assembler-107.3.1] startup
2026-08-31T06:26:03Z [1,332ms] [Error] [carb] Failed to create change watch for `/home/j/env_isaaclab/lib/python3.11/site-packages/isaacsim/extscache/omni.kit.viewport.registry-104.0.6+69cbf6ad/config`: errno=28/No space left on device
2026-08-31T06:26:03Z [1,332ms] [Error] [carb] Failed to create change watch for `/home/j/env_isaaclab/lib/python3.11/site-packages/isaacsim/extscache/omni.kit.viewport.registry-104.0.6+69cbf6ad/omni`: errno=28/No space left on device
2026-08-31T06:26:03Z [1,332ms] [Error] [carb] Failed to create change watch for `/home/j/env_isaaclab/lib/python3.11/site-packages/isaacsim/extscache/omni.kit.viewport.registry-104.0.6+69cbf6ad/omni/kit`: errno=28/No space left on device
2026-08-31T06:26:03Z [1,332ms] [Error] [carb] Failed to create change watch for `/home/j/env_isaaclab/lib/python3.11/site-packages/isaacsim/extscache/omni.kit.viewport.registry-104.0.6+69cbf6ad/omni/kit/viewport`: errno=28/No space left on device
2026-08-31T06:26:03Z [1,332ms] [Error] [carb] Failed to create change watch for `/home/j/env_isaaclab/lib/python3.11/site-packages/isaacsim/extscache/omni.kit.viewport.registry-104.0.6+69cbf6ad/omni/kit/viewport/registry`: errno=28/No space left on device
2026-08-31T06:26:03Z [1,332ms] [Error] [carb] Failed to create change watch for `/home/j/env_isaaclab/lib/python3.11/site-packages/isaacsim/extscache/omni.kit.viewport.registry-104.0.6+69cbf6ad/omni/kit/viewport/registry/tests`: errno=28/No space left on device
[1.344s] [ext: omni.kit.viewport.window-107.2.0] startup
2026-08-31T06:26:03Z [1,335ms] [Error] [carb] Failed to create change watch for `/home/j/env_isaaclab/lib/python3.11/site-packages/isaacsim/extscache/omni.usd.metrics.assembler-107.3.1+107.3.0.lx64.r.cp311.u353`: errno=28/No space left on device
2026-08-31T06:26:03Z [1,335ms] [Error] [carb] Failed to create change watch for `/home/j/env_isaaclab/lib/python3.11/site-packages/isaacsim/extscache/omni.usd.metrics.assembler-107.3.1+107.3.0.lx64.r.cp311.u353/config`: errno=28/No space left on device
2026-08-31T06:26:03Z [1,335ms] [Error] [carb] Failed to create change watch for `/home/j/env_isaaclab/lib/python3.11/site-packages/isaacsim/extscache/omni.usd.metrics.assembler-107.3.1+107.3.0.lx64.r.cp311.u353/omni`: errno=28/No space left on device
2026-08-31T06:26:03Z [1,335ms] [Error] [carb] Failed to create change watch for `/home/j/env_isaaclab/lib/python3.11/site-packages/isaacsim/extscache/omni.usd.metrics.assembler-107.3.1+107.3.0.lx64.r.cp311.u353/omni/metrics`: errno=28/No space left on device
2026-08-31T06:26:03Z [1,335ms] [Error] [carb] Failed to create change watch for `/home/j/env_isaaclab/lib/python3.11/site-packages/isaacsim/extscache/omni.usd.metrics.assembler-107.3.1+107.3.0.lx64.r.cp311.u353/omni/metrics/assembler`: errno=28/No space left on device
2026-08-31T06:26:03Z [1,335ms] [Error] [carb] Failed to create change watch for `/home/j/env_isaaclab/lib/python3.11/site-packages/isaacsim/extscache/omni.usd.metrics.assembler-107.3.1+107.3.0.lx64.r.cp311.u353/omni/metrics/assembler/core`: errno=28/No space left on device
2026-08-31T06:26:03Z [1,335ms] [Error] [carb] Failed to create change watch for `/home/j/env_isaaclab/lib/python3.11/site-packages/isaacsim/extscache/omni.usd.metrics.assembler-107.3.1+107.3.0.lx64.r.cp311.u353/omni/metrics/assembler/core/tests`: errno=28/No space left on device
2026-08-31T06:26:03Z [1,335ms] [Error] [carb] Failed to create change watch for `/home/j/env_isaaclab/lib/python3.11/site-packages/isaacsim/extscache/omni.usd.metrics.assembler-107.3.1+107.3.0.lx64.r.cp311.u353/omni/metrics/assembler/core/bindings`: errno=28/No space left on device
2026-08-31T06:26:03Z [1,335ms] [Error] [carb] Failed to create change watch for `/home/j/env_isaaclab/lib/python3.11/site-packages/isaacsim/extscache/omni.usd.metrics.assembler-107.3.1+107.3.0.lx64.r.cp311.u353/omni/metrics/assembler/core/scripts`: errno=28/No space left on device
2026-08-31T06:26:03Z [1,347ms] [Error] [carb] Failed to create change watch for `/home/j/env_isaaclab/lib/python3.11/site-packages/isaacsim/extscache/omni.kit.viewport.window-107.2.0+69cbf6ad`: errno=28/No space left on device
[1.356s] [ext: omni.kit.viewport.menubar.core-107.2.1] startup
2026-08-31T06:26:03Z [1,347ms] [Error] [carb] Failed to create change watch for `/home/j/env_isaaclab/lib/python3.11/site-packages/isaacsim/extscache/omni.kit.viewport.window-107.2.0+69cbf6ad/config`: errno=28/No space left on device
2026-08-31T06:26:03Z [1,347ms] [Error] [carb] Failed to create change watch for `/home/j/env_isaaclab/lib/python3.11/site-packages/isaacsim/extscache/omni.kit.viewport.window-107.2.0+69cbf6ad/omni`: errno=28/No space left on device
2026-08-31T06:26:03Z [1,347ms] [Error] [carb] Failed to create change watch for `/home/j/env_isaaclab/lib/python3.11/site-packages/isaacsim/extscache/omni.kit.viewport.window-107.2.0+69cbf6ad/omni/kit`: errno=28/No space left on device
2026-08-31T06:26:03Z [1,347ms] [Error] [carb] Failed to create change watch for `/home/j/env_isaaclab/lib/python3.11/site-packages/isaacsim/extscache/omni.kit.viewport.window-107.2.0+69cbf6ad/omni/kit/viewport`: errno=28/No space left on device
2026-08-31T06:26:03Z [1,347ms] [Error] [carb] Failed to create change watch for `/home/j/env_isaaclab/lib/python3.11/site-packages/isaacsim/extscache/omni.kit.viewport.window-107.2.0+69cbf6ad/omni/kit/viewport/window`: errno=28/No space left on device
2026-08-31T06:26:03Z [1,347ms] [Error] [carb] Failed to create change watch for `/home/j/env_isaaclab/lib/python3.11/site-packages/isaacsim/extscache/omni.kit.viewport.window-107.2.0+69cbf6ad/omni/kit/viewport/window/tests`: errno=28/No space left on device
2026-08-31T06:26:03Z [1,347ms] [Error] [carb] Failed to create change watch for `/home/j/env_isaaclab/lib/python3.11/site-packages/isaacsim/extscache/omni.kit.viewport.window-107.2.0+69cbf6ad/omni/kit/viewport/window/stats`: errno=28/No space left on device
2026-08-31T06:26:03Z [1,347ms] [Error] [carb] Failed to create change watch for `/home/j/env_isaaclab/lib/python3.11/site-packages/isaacsim/extscache/omni.kit.viewport.window-107.2.0+69cbf6ad/omni/kit/viewport/window/manipulator`: errno=28/No space left on device
2026-08-31T06:26:03Z [1,347ms] [Error] [carb] Failed to create change watch for `/home/j/env_isaaclab/lib/python3.11/site-packages/isaacsim/extscache/omni.kit.viewport.window-107.2.0+69cbf6ad/omni/kit/viewport/window/dragdrop`: errno=28/No space left on device
2026-08-31T06:26:03Z [1,347ms] [Error] [carb] Failed to create change watch for `/home/j/env_isaaclab/lib/python3.11/site-packages/isaacsim/extscache/omni.kit.viewport.window-107.2.0+69cbf6ad/omni/kit/viewport/window/events`: errno=28/No space left on device
2026-08-31T06:26:03Z [1,347ms] [Error] [carb] Failed to create change watch for `/home/j/env_isaaclab/lib/python3.11/site-packages/isaacsim/extscache/omni.kit.viewport.window-107.2.0+69cbf6ad/omni/kit/viewport/window/scene`: errno=28/No space left on device
[1.365s] [ext: omni.graph.image.nodes-1.3.1] startup
2026-08-31T06:26:03Z [1,356ms] [Error] [carb] Failed to create change watch for `/home/j/env_isaaclab/lib/python3.11/site-packages/isaacsim/extscache/omni.kit.viewport.menubar.core-107.2.1+69cbf6ad`: errno=28/No space left on device
2026-08-31T06:26:03Z [1,356ms] [Error] [carb] Failed to create change watch for `/home/j/env_isaaclab/lib/python3.11/site-packages/isaacsim/extscache/omni.kit.viewport.menubar.core-107.2.1+69cbf6ad/config`: errno=28/No space left on device
2026-08-31T06:26:03Z [1,356ms] [Error] [carb] Failed to create change watch for `/home/j/env_isaaclab/lib/python3.11/site-packages/isaacsim/extscache/omni.kit.viewport.menubar.core-107.2.1+69cbf6ad/omni`: errno=28/No space left on device
2026-08-31T06:26:03Z [1,356ms] [Error] [carb] Failed to create change watch for `/home/j/env_isaaclab/lib/python3.11/site-packages/isaacsim/extscache/omni.kit.viewport.menubar.core-107.2.1+69cbf6ad/omni/kit`: errno=28/No space left on device
2026-08-31T06:26:03Z [1,356ms] [Error] [carb] Failed to create change watch for `/home/j/env_isaaclab/lib/python3.11/site-packages/isaacsim/extscache/omni.kit.viewport.menubar.core-107.2.1+69cbf6ad/omni/kit/viewport`: errno=28/No space left on device
2026-08-31T06:26:03Z [1,356ms] [Error] [carb] Failed to create change watch for `/home/j/env_isaaclab/lib/python3.11/site-packages/isaacsim/extscache/omni.kit.viewport.menubar.core-107.2.1+69cbf6ad/omni/kit/viewport/menubar`: errno=28/No space left on device
2026-08-31T06:26:03Z [1,356ms] [Error] [carb] Failed to create change watch for `/home/j/env_isaaclab/lib/python3.11/site-packages/isaacsim/extscache/omni.kit.viewport.menubar.core-107.2.1+69cbf6ad/omni/kit/viewport/menubar/core`: errno=28/No space left on device
2026-08-31T06:26:03Z [1,356ms] [Error] [carb] Failed to create change watch for `/home/j/env_isaaclab/lib/python3.11/site-packages/isaacsim/extscache/omni.kit.viewport.menubar.core-107.2.1+69cbf6ad/omni/kit/viewport/menubar/core/utils`: errno=28/No space left on device
2026-08-31T06:26:03Z [1,356ms] [Error] [carb] Failed to create change watch for `/home/j/env_isaaclab/lib/python3.11/site-packages/isaacsim/extscache/omni.kit.viewport.menubar.core-107.2.1+69cbf6ad/omni/kit/viewport/menubar/core/tests`: errno=28/No space left on device
2026-08-31T06:26:03Z [1,357ms] [Error] [carb] Failed to create change watch for `/home/j/env_isaaclab/lib/python3.11/site-packages/isaacsim/extscache/omni.kit.viewport.menubar.core-107.2.1+69cbf6ad/omni/kit/viewport/menubar/core/menu_item`: errno=28/No space left on device
[1.366s] [ext: omni.usd.metrics.assembler.physics-107.3.26] startup
2026-08-31T06:26:03Z [1,357ms] [Error] [carb] Failed to create change watch for `/home/j/env_isaaclab/lib/python3.11/site-packages/isaacsim/extscache/omni.kit.viewport.menubar.core-107.2.1+69cbf6ad/omni/kit/viewport/menubar/core/delegate`: errno=28/No space left on device
2026-08-31T06:26:03Z [1,357ms] [Error] [carb] Failed to create change watch for `/home/j/env_isaaclab/lib/python3.11/site-packages/isaacsim/extscache/omni.kit.viewport.menubar.core-107.2.1+69cbf6ad/omni/kit/viewport/menubar/core/model`: errno=28/No space left on device
2026-08-31T06:26:03Z [1,357ms] [Error] [carb] Failed to create change watch for `/home/j/env_isaaclab/lib/python3.11/site-packages/isaacsim/extscache/omni.kit.viewport.menubar.core-107.2.1+69cbf6ad/omni/kit/viewport/menubar/core/preference`: errno=28/No space left on device
2026-08-31T06:26:03Z [1,358ms] [Error] [carb] Failed to create change watch for `/home/j/env_isaaclab/lib/python3.11/site-packages/isaacsim/extscache/omni.usd.metrics.assembler.physics-107.3.26+107.3.3.cp311.u353`: errno=28/No space left on device
[1.367s] [ext: omni.warp.core-1.8.2] startup
2026-08-31T06:26:03Z [1,358ms] [Error] [carb] Failed to create change watch for `/home/j/env_isaaclab/lib/python3.11/site-packages/isaacsim/extscache/omni.usd.metrics.assembler.physics-107.3.26+107.3.3.cp311.u353/config`: errno=28/No space left on device
2026-08-31T06:26:03Z [1,358ms] [Error] [carb] Failed to create change watch for `/home/j/env_isaaclab/lib/python3.11/site-packages/isaacsim/extscache/omni.usd.metrics.assembler.physics-107.3.26+107.3.3.cp311.u353/omni`: errno=28/No space left on device
2026-08-31T06:26:03Z [1,358ms] [Error] [carb] Failed to create change watch for `/home/j/env_isaaclab/lib/python3.11/site-packages/isaacsim/extscache/omni.usd.metrics.assembler.physics-107.3.26+107.3.3.cp311.u353/omni/metrics`: errno=28/No space left on device
2026-08-31T06:26:03Z [1,358ms] [Error] [carb] Failed to create change watch for `/home/j/env_isaaclab/lib/python3.11/site-packages/isaacsim/extscache/omni.usd.metrics.assembler.physics-107.3.26+107.3.3.cp311.u353/omni/metrics/assembler`: errno=28/No space left on device
2026-08-31T06:26:03Z [1,358ms] [Error] [carb] Failed to create change watch for `/home/j/env_isaaclab/lib/python3.11/site-packages/isaacsim/extscache/omni.usd.metrics.assembler.physics-107.3.26+107.3.3.cp311.u353/omni/metrics/assembler/physics`: errno=28/No space left on device
2026-08-31T06:26:03Z [1,358ms] [Error] [carb] Failed to create change watch for `/home/j/env_isaaclab/lib/python3.11/site-packages/isaacsim/extscache/omni.usd.metrics.assembler.physics-107.3.26+107.3.3.cp311.u353/omni/metrics/assembler/physics/tests`: errno=28/No space left on device
[1.489s] [ext: omni.kit.viewport.utility-1.1.2] startup
2026-08-31T06:26:03Z [1,480ms] [Error] [carb] Failed to create change watch for `/home/j/env_isaaclab/lib/python3.11/site-packages/isaacsim/extscache/omni.warp.core-1.8.2+lx64`: errno=28/No space left on device
2026-08-31T06:26:03Z [1,481ms] [Error] [carb] Failed to create change watch for `/home/j/env_isaaclab/lib/python3.11/site-packages/isaacsim/extscache/omni.warp.core-1.8.2+lx64/warp`: errno=28/No space left on device
2026-08-31T06:26:03Z [1,481ms] [Error] [carb] Failed to create change watch for `/home/j/env_isaaclab/lib/python3.11/site-packages/isaacsim/extscache/omni.warp.core-1.8.2+lx64/warp/tests`: errno=28/No space left on device
2026-08-31T06:26:03Z [1,481ms] [Error] [carb] Failed to create change watch for `/home/j/env_isaaclab/lib/python3.11/site-packages/isaacsim/extscache/omni.warp.core-1.8.2+lx64/warp/tests/cuda`: errno=28/No space left on device
2026-08-31T06:26:03Z [1,481ms] [Error] [carb] Failed to create change watch for `/home/j/env_isaaclab/lib/python3.11/site-packages/isaacsim/extscache/omni.warp.core-1.8.2+lx64/warp/tests/tile`: errno=28/No space left on device
2026-08-31T06:26:03Z [1,481ms] [Error] [carb] Failed to create change watch for `/home/j/env_isaaclab/lib/python3.11/site-packages/isaacsim/extscache/omni.warp.core-1.8.2+lx64/warp/tests/geometry`: errno=28/No space left on device
2026-08-31T06:26:03Z [1,481ms] [Error] [carb] Failed to create change watch for `/home/j/env_isaaclab/lib/python3.11/site-packages/isaacsim/extscache/omni.warp.core-1.8.2+lx64/warp/tests/assets`: errno=28/No space left on device
2026-08-31T06:26:03Z [1,481ms] [Error] [carb] Failed to create change watch for `/home/j/env_isaaclab/lib/python3.11/site-packages/isaacsim/extscache/omni.warp.core-1.8.2+lx64/warp/tests/sim`: errno=28/No space left on device
2026-08-31T06:26:03Z [1,481ms] [Error] [carb] Failed to create change watch for `/home/j/env_isaaclab/lib/python3.11/site-packages/isaacsim/extscache/omni.warp.core-1.8.2+lx64/warp/tests/interop`: errno=28/No space left on device
2026-08-31T06:26:03Z [1,481ms] [Error] [carb] Failed to create change watch for `/home/j/env_isaaclab/lib/python3.11/site-packages/isaacsim/extscache/omni.warp.core-1.8.2+lx64/warp/native`: errno=28/No space left on device
2026-08-31T06:26:03Z [1,481ms] [Error] [carb] Failed to create change watch for `/home/j/env_isaaclab/lib/python3.11/site-packages/isaacsim/extscache/omni.warp.core-1.8.2+lx64/warp/native/nanovdb`: errno=28/No space left on device
2026-08-31T06:26:03Z [1,482ms] [Error] [carb] Failed to create change watch for `/home/j/env_isaaclab/lib/python3.11/site-packages/isaacsim/extscache/omni.kit.viewport.utility-1.1.2+69cbf6ad`: errno=28/No space left on device
[1.491s] [ext: omni.physics.tensors-107.3.26] startup
2026-08-31T06:26:03Z [1,482ms] [Error] [carb] Failed to create change watch for `/home/j/env_isaaclab/lib/python3.11/site-packages/isaacsim/extscache/omni.warp.core-1.8.2+lx64/warp/native/nanovdb/cuda`: errno=28/No space left on device
2026-08-31T06:26:03Z [1,482ms] [Error] [carb] Failed to create change watch for `/home/j/env_isaaclab/lib/python3.11/site-packages/isaacsim/extscache/omni.kit.viewport.utility-1.1.2+69cbf6ad/config`: errno=28/No space left on device
2026-08-31T06:26:03Z [1,482ms] [Error] [carb] Failed to create change watch for `/home/j/env_isaaclab/lib/python3.11/site-packages/isaacsim/extscache/omni.warp.core-1.8.2+lx64/warp/native/nanovdb/util`: errno=28/No space left on device
2026-08-31T06:26:03Z [1,482ms] [Error] [carb] Failed to create change watch for `/home/j/env_isaaclab/lib/python3.11/site-packages/isaacsim/extscache/omni.kit.viewport.utility-1.1.2+69cbf6ad/omni`: errno=28/No space left on device
2026-08-31T06:26:03Z [1,482ms] [Error] [carb] Failed to create change watch for `/home/j/env_isaaclab/lib/python3.11/site-packages/isaacsim/extscache/omni.kit.viewport.utility-1.1.2+69cbf6ad/omni/kit`: errno=28/No space left on device
2026-08-31T06:26:03Z [1,482ms] [Error] [carb] Failed to create change watch for `/home/j/env_isaaclab/lib/python3.11/site-packages/isaacsim/extscache/omni.kit.viewport.utility-1.1.2+69cbf6ad/omni/kit/viewport`: errno=28/No space left on device
2026-08-31T06:26:03Z [1,482ms] [Error] [carb] Failed to create change watch for `/home/j/env_isaaclab/lib/python3.11/site-packages/isaacsim/extscache/omni.kit.viewport.utility-1.1.2+69cbf6ad/omni/kit/viewport/utility`: errno=28/No space left on device
2026-08-31T06:26:03Z [1,482ms] [Error] [carb] Failed to create change watch for `/home/j/env_isaaclab/lib/python3.11/site-packages/isaacsim/extscache/omni.kit.viewport.utility-1.1.2+69cbf6ad/omni/kit/viewport/utility/tests`: errno=28/No space left on device
2026-08-31T06:26:03Z [1,482ms] [Error] [carb] Failed to create change watch for `/home/j/env_isaaclab/lib/python3.11/site-packages/isaacsim/extscache/omni.warp.core-1.8.2+lx64/warp/native/nanovdb/util/cuda`: errno=28/No space left on device
2026-08-31T06:26:03Z [1,482ms] [Error] [carb] Failed to create change watch for `/home/j/env_isaaclab/lib/python3.11/site-packages/isaacsim/extscache/omni.warp.core-1.8.2+lx64/warp/native/nanovdb/tools`: errno=28/No space left on device
2026-08-31T06:26:03Z [1,482ms] [Error] [carb] Failed to create change watch for `/home/j/env_isaaclab/lib/python3.11/site-packages/isaacsim/extscache/omni.warp.core-1.8.2+lx64/warp/native/nanovdb/tools/cuda`: errno=28/No space left on device
2026-08-31T06:26:03Z [1,482ms] [Error] [carb] Failed to create change watch for `/home/j/env_isaaclab/lib/python3.11/site-packages/isaacsim/extscache/omni.warp.core-1.8.2+lx64/warp/native/nanovdb/math`: errno=28/No space left on device
2026-08-31T06:26:03Z [1,482ms] [Error] [carb] Failed to create change watch for `/home/j/env_isaaclab/lib/python3.11/site-packages/isaacsim/extscache/omni.warp.core-1.8.2+lx64/warp/native/clang`: errno=28/No space left on device
2026-08-31T06:26:03Z [1,482ms] [Error] [carb] Failed to create change watch for `/home/j/env_isaaclab/lib/python3.11/site-packages/isaacsim/extscache/omni.warp.core-1.8.2+lx64/warp/native/libdevice`: errno=28/No space left on device
2026-08-31T06:26:03Z [1,482ms] [Error] [carb] Failed to create change watch for `/home/j/env_isaaclab/lib/python3.11/site-packages/isaacsim/extscache/omni.warp.core-1.8.2+lx64/warp/thirdparty`: errno=28/No space left on device
2026-08-31T06:26:03Z [1,483ms] [Error] [carb] Failed to create change watch for `/home/j/env_isaaclab/lib/python3.11/site-packages/isaacsim/extscache/omni.warp.core-1.8.2+lx64/warp/render`: errno=28/No space left on device
2026-08-31T06:26:03Z [1,483ms] [Error] [carb] Failed to create change watch for `/home/j/env_isaaclab/lib/python3.11/site-packages/isaacsim/extscache/omni.warp.core-1.8.2+lx64/warp/bin`: errno=28/No space left on device
2026-08-31T06:26:03Z [1,483ms] [Error] [carb] Failed to create change watch for `/home/j/env_isaaclab/lib/python3.11/site-packages/isaacsim/extscache/omni.warp.core-1.8.2+lx64/warp/fem`: errno=28/No space left on device
2026-08-31T06:26:03Z [1,483ms] [Error] [carb] Failed to create change watch for `/home/j/env_isaaclab/lib/python3.11/site-packages/isaacsim/extscache/omni.warp.core-1.8.2+lx64/warp/fem/space`: errno=28/No space left on device
2026-08-31T06:26:03Z [1,483ms] [Error] [carb] Failed to create change watch for `/home/j/env_isaaclab/lib/python3.11/site-packages/isaacsim/extscache/omni.warp.core-1.8.2+lx64/warp/fem/space/shape`: errno=28/No space left on device
2026-08-31T06:26:03Z [1,483ms] [Error] [carb] Failed to create change watch for `/home/j/env_isaaclab/lib/python3.11/site-packages/isaacsim/extscache/omni.warp.core-1.8.2+lx64/warp/fem/quadrature`: errno=28/No space left on device
2026-08-31T06:26:03Z [1,483ms] [Error] [carb] Failed to create change watch for `/home/j/env_isaaclab/lib/python3.11/site-packages/isaacsim/extscache/omni.warp.core-1.8.2+lx64/warp/fem/geometry`: errno=28/No space left on device
2026-08-31T06:26:03Z [1,483ms] [Error] [carb] Failed to create change watch for `/home/j/env_isaaclab/lib/python3.11/site-packages/isaacsim/extscache/omni.warp.core-1.8.2+lx64/warp/fem/field`: errno=28/No space left on device
2026-08-31T06:26:03Z [1,483ms] [Error] [carb] Failed to create change watch for `/home/j/env_isaaclab/lib/python3.11/site-packages/isaacsim/extscache/omni.warp.core-1.8.2+lx64/warp/optim`: errno=28/No space left on device
2026-08-31T06:26:03Z [1,483ms] [Error] [carb] Failed to create change watch for `/home/j/env_isaaclab/lib/python3.11/site-packages/isaacsim/extscache/omni.warp.core-1.8.2+lx64/warp/jax_experimental`: errno=28/No space left on device
2026-08-31T06:26:03Z [1,483ms] [Error] [carb] Failed to create change watch for `/home/j/env_isaaclab/lib/python3.11/site-packages/isaacsim/extscache/omni.warp.core-1.8.2+lx64/warp/sim`: errno=28/No space left on device
2026-08-31T06:26:03Z [1,483ms] [Error] [carb] Failed to create change watch for `/home/j/env_isaaclab/lib/python3.11/site-packages/isaacsim/extscache/omni.warp.core-1.8.2+lx64/warp/examples`: errno=28/No space left on device
2026-08-31T06:26:03Z [1,483ms] [Error] [carb] Failed to create change watch for `/home/j/env_isaaclab/lib/python3.11/site-packages/isaacsim/extscache/omni.warp.core-1.8.2+lx64/warp/examples/benchmarks`: errno=28/No space left on device
2026-08-31T06:26:03Z [1,483ms] [Error] [carb] Failed to create change watch for `/home/j/env_isaaclab/lib/python3.11/site-packages/isaacsim/extscache/omni.warp.core-1.8.2+lx64/warp/examples/tile`: errno=28/No space left on device
2026-08-31T06:26:03Z [1,483ms] [Error] [carb] Failed to create change watch for `/home/j/env_isaaclab/lib/python3.11/site-packages/isaacsim/extscache/omni.warp.core-1.8.2+lx64/warp/examples/distributed`: errno=28/No space left on device
2026-08-31T06:26:03Z [1,483ms] [Error] [carb] Failed to create change watch for `/home/j/env_isaaclab/lib/python3.11/site-packages/isaacsim/extscache/omni.warp.core-1.8.2+lx64/warp/examples/core`: errno=28/No space left on device
2026-08-31T06:26:03Z [1,483ms] [Error] [carb] Failed to create change watch for `/home/j/env_isaaclab/lib/python3.11/site-packages/isaacsim/extscache/omni.warp.core-1.8.2+lx64/warp/examples/fem`: errno=28/No space left on device
2026-08-31T06:26:03Z [1,483ms] [Error] [carb] Failed to create change watch for `/home/j/env_isaaclab/lib/python3.11/site-packages/isaacsim/extscache/omni.warp.core-1.8.2+lx64/warp/examples/assets`: errno=28/No space left on device
2026-08-31T06:26:03Z [1,484ms] [Error] [carb] Failed to create change watch for `/home/j/env_isaaclab/lib/python3.11/site-packages/isaacsim/extscache/omni.warp.core-1.8.2+lx64/warp/examples/optim`: errno=28/No space left on device
2026-08-31T06:26:03Z [1,484ms] [Error] [carb] Failed to create change watch for `/home/j/env_isaaclab/lib/python3.11/site-packages/isaacsim/extscache/omni.warp.core-1.8.2+lx64/warp/examples/sim`: errno=28/No space left on device
2026-08-31T06:26:03Z [1,484ms] [Error] [carb] Failed to create change watch for `/home/j/env_isaaclab/lib/python3.11/site-packages/isaacsim/extscache/omni.warp.core-1.8.2+lx64/warp/examples/interop`: errno=28/No space left on device
2026-08-31T06:26:03Z [1,484ms] [Error] [carb] Failed to create change watch for `/home/j/env_isaaclab/lib/python3.11/site-packages/isaacsim/extscache/omni.warp.core-1.8.2+lx64/config`: errno=28/No space left on device
2026-08-31T06:26:03Z [1,484ms] [Error] [carb] Failed to create change watch for `/home/j/env_isaaclab/lib/python3.11/site-packages/isaacsim/extscache/omni.warp.core-1.8.2+lx64/omni`: errno=28/No space left on device
2026-08-31T06:26:03Z [1,484ms] [Error] [carb] Failed to create change watch for `/home/j/env_isaaclab/lib/python3.11/site-packages/isaacsim/extscache/omni.warp.core-1.8.2+lx64/omni/warp`: errno=28/No space left on device
2026-08-31T06:26:03Z [1,484ms] [Error] [carb] Failed to create change watch for `/home/j/env_isaaclab/lib/python3.11/site-packages/isaacsim/extscache/omni.warp.core-1.8.2+lx64/omni/warp/core`: errno=28/No space left on device
2026-08-31T06:26:03Z [1,484ms] [Error] [carb] Failed to create change watch for `/home/j/env_isaaclab/lib/python3.11/site-packages/isaacsim/extscache/omni.warp.core-1.8.2+lx64/omni/warp/core/tests`: errno=28/No space left on device
2026-08-31T06:26:03Z [1,484ms] [Error] [carb] Failed to create change watch for `/home/j/env_isaaclab/lib/python3.11/site-packages/isaacsim/extscache/omni.warp.core-1.8.2+lx64/omni/warp/core/_impl`: errno=28/No space left on device
2026-08-31T06:26:03Z [1,485ms] [Error] [carb] Failed to create change watch for `/home/j/env_isaaclab/lib/python3.11/site-packages/isaacsim/extscache/omni.physics.tensors-107.3.26+107.3.3.lx64.r.cp311.u353`: errno=28/No space left on device
[1.495s] [ext: omni.syntheticdata-0.6.13] startup
2026-08-31T06:26:03Z [1,486ms] [Error] [carb] Failed to create change watch for `/home/j/env_isaaclab/lib/python3.11/site-packages/isaacsim/extscache/omni.physics.tensors-107.3.26+107.3.3.lx64.r.cp311.u353/config`: errno=28/No space left on device
2026-08-31T06:26:03Z [1,486ms] [Error] [carb] Failed to create change watch for `/home/j/env_isaaclab/lib/python3.11/site-packages/isaacsim/extscache/omni.physics.tensors-107.3.26+107.3.3.lx64.r.cp311.u353/omni`: errno=28/No space left on device
2026-08-31T06:26:03Z [1,486ms] [Error] [carb] Failed to create change watch for `/home/j/env_isaaclab/lib/python3.11/site-packages/isaacsim/extscache/omni.physics.tensors-107.3.26+107.3.3.lx64.r.cp311.u353/omni/physics`: errno=28/No space left on device
2026-08-31T06:26:03Z [1,486ms] [Error] [carb] Failed to create change watch for `/home/j/env_isaaclab/lib/python3.11/site-packages/isaacsim/extscache/omni.physics.tensors-107.3.26+107.3.3.lx64.r.cp311.u353/omni/physics/tensors`: errno=28/No space left on device
2026-08-31T06:26:03Z [1,486ms] [Error] [carb] Failed to create change watch for `/home/j/env_isaaclab/lib/python3.11/site-packages/isaacsim/extscache/omni.physics.tensors-107.3.26+107.3.3.lx64.r.cp311.u353/omni/physics/tensors/bindings`: errno=28/No space left on device
2026-08-31T06:26:03Z [1,486ms] [Error] [carb] Failed to create change watch for `/home/j/env_isaaclab/lib/python3.11/site-packages/isaacsim/extscache/omni.physics.tensors-107.3.26+107.3.3.lx64.r.cp311.u353/omni/physics/tensors/impl`: errno=28/No space left on device
2026-08-31T06:26:03Z [1,495ms] [Error] [carb] Failed to create change watch for `/home/j/env_isaaclab/lib/python3.11/site-packages/isaacsim/extscache/omni.syntheticdata-0.6.13+69cbf6ad.lx64.r.cp311`: errno=28/No space left on device
[1.504s] [ext: isaacsim.test.docstring-1.1.0] startup
2026-08-31T06:26:03Z [1,495ms] [Error] [carb] Failed to create change watch for `/home/j/env_isaaclab/lib/python3.11/site-packages/isaacsim/extscache/omni.syntheticdata-0.6.13+69cbf6ad.lx64.r.cp311/config`: errno=28/No space left on device
2026-08-31T06:26:03Z [1,496ms] [Error] [carb] Failed to create change watch for `/home/j/env_isaaclab/lib/python3.11/site-packages/isaacsim/extscache/omni.syntheticdata-0.6.13+69cbf6ad.lx64.r.cp311/omni`: errno=28/No space left on device
2026-08-31T06:26:03Z [1,496ms] [Error] [carb] Failed to create change watch for `/home/j/env_isaaclab/lib/python3.11/site-packages/isaacsim/extscache/omni.syntheticdata-0.6.13+69cbf6ad.lx64.r.cp311/omni/syntheticdata`: errno=28/No space left on device
2026-08-31T06:26:03Z [1,496ms] [Error] [carb] Failed to create change watch for `/home/j/env_isaaclab/lib/python3.11/site-packages/isaacsim/extscache/omni.syntheticdata-0.6.13+69cbf6ad.lx64.r.cp311/omni/syntheticdata/tests`: errno=28/No space left on device
2026-08-31T06:26:03Z [1,496ms] [Error] [carb] Failed to create change watch for `/home/j/env_isaaclab/lib/python3.11/site-packages/isaacsim/extscache/omni.syntheticdata-0.6.13+69cbf6ad.lx64.r.cp311/omni/syntheticdata/tests/data`: errno=28/No space left on device
2026-08-31T06:26:03Z [1,496ms] [Error] [carb] Failed to create change watch for `/home/j/env_isaaclab/lib/python3.11/site-packages/isaacsim/extscache/omni.syntheticdata-0.6.13+69cbf6ad.lx64.r.cp311/omni/syntheticdata/tests/data/scenes`: errno=28/No space left on device
2026-08-31T06:26:03Z [1,496ms] [Error] [carb] Failed to create change watch for `/home/j/env_isaaclab/lib/python3.11/site-packages/isaacsim/extscache/omni.syntheticdata-0.6.13+69cbf6ad.lx64.r.cp311/omni/syntheticdata/tests/data/ds2_materials`: errno=28/No space left on device
2026-08-31T06:26:03Z [1,496ms] [Error] [carb] Failed to create change watch for `/home/j/env_isaaclab/lib/python3.11/site-packages/isaacsim/extscache/omni.syntheticdata-0.6.13+69cbf6ad.lx64.r.cp311/omni/syntheticdata/tests/data/ds2_materials/drivable_surfaces`: errno=28/No space left on device
2026-08-31T06:26:03Z [1,496ms] [Error] [carb] Failed to create change watch for `/home/j/env_isaaclab/lib/python3.11/site-packages/isaacsim/extscache/omni.syntheticdata-0.6.13+69cbf6ad.lx64.r.cp311/omni/syntheticdata/tests/data/ds2_materials/drivable_surfaces/general`: errno=28/No space left on device
2026-08-31T06:26:03Z [1,496ms] [Error] [carb] Failed to create change watch for `/home/j/env_isaaclab/lib/python3.11/site-packages/isaacsim/extscache/omni.syntheticdata-0.6.13+69cbf6ad.lx64.r.cp311/omni/syntheticdata/tests/data/ds2_materials/drivable_surfaces/general/lanemarkings`: errno=28/No space left on device
2026-08-31T06:26:03Z [1,496ms] [Error] [carb] Failed to create change watch for `/home/j/env_isaaclab/lib/python3.11/site-packages/isaacsim/extscache/omni.syntheticdata-0.6.13+69cbf6ad.lx64.r.cp311/omni/syntheticdata/tests/data/ds2_materials/drivable_surfaces/general/lanemarkings/lw`: errno=28/No space left on device
2026-08-31T06:26:03Z [1,496ms] [Error] [carb] Failed to create change watch for `/home/j/env_isaaclab/lib/python3.11/site-packages/isaacsim/extscache/omni.syntheticdata-0.6.13+69cbf6ad.lx64.r.cp311/omni/syntheticdata/tests/data/ds2_materials/drivable_surfaces/general/road`: errno=28/No space left on device
2026-08-31T06:26:03Z [1,496ms] [Error] [carb] Failed to create change watch for `/home/j/env_isaaclab/lib/python3.11/site-packages/isaacsim/extscache/omni.syntheticdata-0.6.13+69cbf6ad.lx64.r.cp311/omni/syntheticdata/tests/data/ds2_materials/drivable_surfaces/general/road/road_base`: errno=28/No space left on device
2026-08-31T06:26:03Z [1,496ms] [Error] [carb] Failed to create change watch for `/home/j/env_isaaclab/lib/python3.11/site-packages/isaacsim/extscache/omni.syntheticdata-0.6.13+69cbf6ad.lx64.r.cp311/omni/syntheticdata/tests/data/golden`: errno=28/No space left on device
2026-08-31T06:26:03Z [1,496ms] [Error] [carb] Failed to create change watch for `/home/j/env_isaaclab/lib/python3.11/site-packages/isaacsim/extscache/omni.syntheticdata-0.6.13+69cbf6ad.lx64.r.cp311/omni/syntheticdata/tests/data/golden/renderVarHostToDisk`: errno=28/No space left on device
2026-08-31T06:26:03Z [1,496ms] [Error] [carb] Failed to create change watch for `/home/j/env_isaaclab/lib/python3.11/site-packages/isaacsim/extscache/omni.syntheticdata-0.6.13+69cbf6ad.lx64.r.cp311/omni/syntheticdata/tests/visualize`: errno=28/No space left on device
2026-08-31T06:26:03Z [1,496ms] [Error] [carb] Failed to create change watch for `/home/j/env_isaaclab/lib/python3.11/site-packages/isaacsim/extscache/omni.syntheticdata-0.6.13+69cbf6ad.lx64.r.cp311/omni/syntheticdata/tests/graph`: errno=28/No space left on device
2026-08-31T06:26:03Z [1,496ms] [Error] [carb] Failed to create change watch for `/home/j/env_isaaclab/lib/python3.11/site-packages/isaacsim/extscache/omni.syntheticdata-0.6.13+69cbf6ad.lx64.r.cp311/omni/syntheticdata/tests/sensors`: errno=28/No space left on device
2026-08-31T06:26:03Z [1,497ms] [Error] [carb] Failed to create change watch for `/home/j/env_isaaclab/lib/python3.11/site-packages/isaacsim/extscache/omni.syntheticdata-0.6.13+69cbf6ad.lx64.r.cp311/omni/syntheticdata/tests/pipeline`: errno=28/No space left on device
2026-08-31T06:26:03Z [1,497ms] [Error] [carb] Failed to create change watch for `/home/j/env_isaaclab/lib/python3.11/site-packages/isaacsim/extscache/omni.syntheticdata-0.6.13+69cbf6ad.lx64.r.cp311/omni/syntheticdata/tests/helpers`: errno=28/No space left on device
2026-08-31T06:26:03Z [1,497ms] [Error] [carb] Failed to create change watch for `/home/j/env_isaaclab/lib/python3.11/site-packages/isaacsim/extscache/omni.syntheticdata-0.6.13+69cbf6ad.lx64.r.cp311/omni/syntheticdata/scripts`: errno=28/No space left on device
2026-08-31T06:26:03Z [1,497ms] [Error] [carb] Failed to create change watch for `/home/j/env_isaaclab/lib/python3.11/site-packages/isaacsim/extscache/omni.syntheticdata-0.6.13+69cbf6ad.lx64.r.cp311/omni/syntheticdata/ogn`: errno=28/No space left on device
2026-08-31T06:26:03Z [1,497ms] [Error] [carb] Failed to create change watch for `/home/j/env_isaaclab/lib/python3.11/site-packages/isaacsim/extscache/omni.syntheticdata-0.6.13+69cbf6ad.lx64.r.cp311/omni/syntheticdata/ogn/tests`: errno=28/No space left on device
2026-08-31T06:26:03Z [1,497ms] [Error] [carb] Failed to create change watch for `/home/j/env_isaaclab/lib/python3.11/site-packages/isaacsim/extscache/omni.syntheticdata-0.6.13+69cbf6ad.lx64.r.cp311/omni/syntheticdata/ogn/tests/usd`: errno=28/No space left on device
2026-08-31T06:26:03Z [1,497ms] [Error] [carb] Failed to create change watch for `/home/j/env_isaaclab/lib/python3.11/site-packages/isaacsim/extscache/omni.syntheticdata-0.6.13+69cbf6ad.lx64.r.cp311/omni/syntheticdata/ogn/python`: errno=28/No space left on device
2026-08-31T06:26:03Z [1,497ms] [Error] [carb] Failed to create change watch for `/home/j/env_isaaclab/lib/python3.11/site-packages/isaacsim/extscache/omni.syntheticdata-0.6.13+69cbf6ad.lx64.r.cp311/omni/syntheticdata/ogn/python/nodes`: errno=28/No space left on device
2026-08-31T06:26:03Z [1,501ms] [Error] [carb] Failed to create change watch for `/home/j/env_isaaclab/lib/python3.11/site-packages/isaacsim/exts/isaacsim.test.docstring`: errno=28/No space left on device
2026-08-31T06:26:03Z [1,501ms] [Error] [carb] Failed to create change watch for `/home/j/env_isaaclab/lib/python3.11/site-packages/isaacsim/exts/isaacsim.test.docstring/config`: errno=28/No space left on device
2026-08-31T06:26:03Z [1,501ms] [Error] [carb] Failed to create change watch for `/home/j/env_isaaclab/lib/python3.11/site-packages/isaacsim/exts/isaacsim.test.docstring/isaacsim`: errno=28/No space left on device
2026-08-31T06:26:03Z [1,501ms] [Error] [carb] Failed to create change watch for `/home/j/env_isaaclab/lib/python3.11/site-packages/isaacsim/exts/isaacsim.test.docstring/isaacsim/test`: errno=28/No space left on device
2026-08-31T06:26:03Z [1,501ms] [Error] [carb] Failed to create change watch for `/home/j/env_isaaclab/lib/python3.11/site-packages/isaacsim/exts/isaacsim.test.docstring/isaacsim/test/docstring`: errno=28/No space left on device
2026-08-31T06:26:03Z [1,501ms] [Error] [carb] Failed to create change watch for `/home/j/env_isaaclab/lib/python3.11/site-packages/isaacsim/exts/isaacsim.test.docstring/isaacsim/test/docstring/tests`: errno=28/No space left on device
[1.511s] [ext: isaacsim.core.utils-3.5.1] startup
2026-08-31T06:26:03Z [1,505ms] [Error] [carb] Failed to create change watch for `/home/j/env_isaaclab/lib/python3.11/site-packages/isaacsim/exts/isaacsim.core.utils`: errno=28/No space left on device
[1.514s] [ext: omni.physx.tensors-107.3.26] startup
2026-08-31T06:26:03Z [1,505ms] [Error] [carb] Failed to create change watch for `/home/j/env_isaaclab/lib/python3.11/site-packages/isaacsim/exts/isaacsim.core.utils/config`: errno=28/No space left on device
2026-08-31T06:26:03Z [1,505ms] [Error] [carb] Failed to create change watch for `/home/j/env_isaaclab/lib/python3.11/site-packages/isaacsim/exts/isaacsim.core.utils/isaacsim`: errno=28/No space left on device
2026-08-31T06:26:03Z [1,505ms] [Error] [carb] Failed to create change watch for `/home/j/env_isaaclab/lib/python3.11/site-packages/isaacsim/exts/isaacsim.core.utils/isaacsim/core`: errno=28/No space left on device
2026-08-31T06:26:03Z [1,505ms] [Error] [carb] Failed to create change watch for `/home/j/env_isaaclab/lib/python3.11/site-packages/isaacsim/exts/isaacsim.core.utils/isaacsim/core/utils`: errno=28/No space left on device
2026-08-31T06:26:03Z [1,505ms] [Error] [carb] Failed to create change watch for `/home/j/env_isaaclab/lib/python3.11/site-packages/isaacsim/exts/isaacsim.core.utils/isaacsim/core/utils/tests`: errno=28/No space left on device
2026-08-31T06:26:03Z [1,505ms] [Error] [carb] Failed to create change watch for `/home/j/env_isaaclab/lib/python3.11/site-packages/isaacsim/exts/isaacsim.core.utils/isaacsim/core/utils/torch`: errno=28/No space left on device
2026-08-31T06:26:03Z [1,505ms] [Error] [carb] Failed to create change watch for `/home/j/env_isaaclab/lib/python3.11/site-packages/isaacsim/exts/isaacsim.core.utils/isaacsim/core/utils/warp`: errno=28/No space left on device
2026-08-31T06:26:03Z [1,505ms] [Error] [carb] Failed to create change watch for `/home/j/env_isaaclab/lib/python3.11/site-packages/isaacsim/exts/isaacsim.core.utils/isaacsim/core/utils/numpy`: errno=28/No space left on device
[1.519s] [ext: omni.graph.nodes-1.170.10] startup
2026-08-31T06:26:03Z [1,517ms] [Error] [carb] Failed to create change watch for `/home/j/env_isaaclab/lib/python3.11/site-packages/isaacsim/extscache/omni.graph.nodes-1.170.10+107.3.0.lx64.r.cp311.u353`: errno=28/No space left on device
[1.526s] [ext: omni.graph.action_nodes-1.50.4] startup
2026-08-31T06:26:03Z [1,517ms] [Error] [carb] Failed to create change watch for `/home/j/env_isaaclab/lib/python3.11/site-packages/isaacsim/extscache/omni.graph.nodes-1.170.10+107.3.0.lx64.r.cp311.u353/config`: errno=28/No space left on device
2026-08-31T06:26:03Z [1,517ms] [Error] [carb] Failed to create change watch for `/home/j/env_isaaclab/lib/python3.11/site-packages/isaacsim/extscache/omni.graph.nodes-1.170.10+107.3.0.lx64.r.cp311.u353/omni`: errno=28/No space left on device
2026-08-31T06:26:03Z [1,517ms] [Error] [carb] Failed to create change watch for `/home/j/env_isaaclab/lib/python3.11/site-packages/isaacsim/extscache/omni.graph.nodes-1.170.10+107.3.0.lx64.r.cp311.u353/omni/graph`: errno=28/No space left on device
2026-08-31T06:26:03Z [1,517ms] [Error] [carb] Failed to create change watch for `/home/j/env_isaaclab/lib/python3.11/site-packages/isaacsim/extscache/omni.graph.nodes-1.170.10+107.3.0.lx64.r.cp311.u353/omni/graph/nodes`: errno=28/No space left on device
2026-08-31T06:26:03Z [1,517ms] [Error] [carb] Failed to create change watch for `/home/j/env_isaaclab/lib/python3.11/site-packages/isaacsim/extscache/omni.graph.nodes-1.170.10+107.3.0.lx64.r.cp311.u353/omni/graph/nodes/tests`: errno=28/No space left on device
2026-08-31T06:26:03Z [1,517ms] [Error] [carb] Failed to create change watch for `/home/j/env_isaaclab/lib/python3.11/site-packages/isaacsim/extscache/omni.graph.nodes-1.170.10+107.3.0.lx64.r.cp311.u353/omni/graph/nodes/tests/data`: errno=28/No space left on device
2026-08-31T06:26:03Z [1,517ms] [Error] [carb] Failed to create change watch for `/home/j/env_isaaclab/lib/python3.11/site-packages/isaacsim/extscache/omni.graph.nodes-1.170.10+107.3.0.lx64.r.cp311.u353/omni/graph/nodes/bindings`: errno=28/No space left on device
2026-08-31T06:26:03Z [1,517ms] [Error] [carb] Failed to create change watch for `/home/j/env_isaaclab/lib/python3.11/site-packages/isaacsim/extscache/omni.graph.nodes-1.170.10+107.3.0.lx64.r.cp311.u353/omni/graph/nodes/scripts`: errno=28/No space left on device
2026-08-31T06:26:03Z [1,517ms] [Error] [carb] Failed to create change watch for `/home/j/env_isaaclab/lib/python3.11/site-packages/isaacsim/extscache/omni.graph.nodes-1.170.10+107.3.0.lx64.r.cp311.u353/omni/graph/nodes/ogn`: errno=28/No space left on device
2026-08-31T06:26:03Z [1,517ms] [Error] [carb] Failed to create change watch for `/home/j/env_isaaclab/lib/python3.11/site-packages/isaacsim/extscache/omni.graph.nodes-1.170.10+107.3.0.lx64.r.cp311.u353/omni/graph/nodes/ogn/tests`: errno=28/No space left on device
2026-08-31T06:26:03Z [1,517ms] [Error] [carb] Failed to create change watch for `/home/j/env_isaaclab/lib/python3.11/site-packages/isaacsim/extscache/omni.graph.nodes-1.170.10+107.3.0.lx64.r.cp311.u353/omni/graph/nodes/ogn/tests/usd`: errno=28/No space left on device
2026-08-31T06:26:03Z [1,518ms] [Error] [carb] Failed to create change watch for `/home/j/env_isaaclab/lib/python3.11/site-packages/isaacsim/extscache/omni.graph.nodes-1.170.10+107.3.0.lx64.r.cp311.u353/omni/graph/nodes/ogn/nodes`: errno=28/No space left on device
2026-08-31T06:26:03Z [1,518ms] [Error] [carb] Failed to create change watch for `/home/j/env_isaaclab/lib/python3.11/site-packages/isaacsim/extscache/omni.graph.nodes-1.170.10+107.3.0.lx64.r.cp311.u353/omni/graph/nodes/ogn/nodes/utility`: errno=28/No space left on device
2026-08-31T06:26:03Z [1,519ms] [Error] [carb] Failed to create change watch for `/home/j/env_isaaclab/lib/python3.11/site-packages/isaacsim/extscache/omni.graph.nodes-1.170.10+107.3.0.lx64.r.cp311.u353/omni/graph/nodes/ogn/nodes/constants`: errno=28/No space left on device
2026-08-31T06:26:03Z [1,519ms] [Error] [carb] Failed to create change watch for `/home/j/env_isaaclab/lib/python3.11/site-packages/isaacsim/extscache/omni.graph.nodes-1.170.10+107.3.0.lx64.r.cp311.u353/omni/graph/nodes/ogn/nodes/io`: errno=28/No space left on device
2026-08-31T06:26:03Z [1,519ms] [Error] [carb] Failed to create change watch for `/home/j/env_isaaclab/lib/python3.11/site-packages/isaacsim/extscache/omni.graph.nodes-1.170.10+107.3.0.lx64.r.cp311.u353/omni/graph/nodes/ogn/nodes/transformation`: errno=28/No space left on device
2026-08-31T06:26:03Z [1,519ms] [Error] [carb] Failed to create change watch for `/home/j/env_isaaclab/lib/python3.11/site-packages/isaacsim/extscache/omni.graph.nodes-1.170.10+107.3.0.lx64.r.cp311.u353/omni/graph/nodes/ogn/nodes/usd`: errno=28/No space left on device
2026-08-31T06:26:03Z [1,519ms] [Error] [carb] Failed to create change watch for `/home/j/env_isaaclab/lib/python3.11/site-packages/isaacsim/extscache/omni.graph.nodes-1.170.10+107.3.0.lx64.r.cp311.u353/omni/graph/nodes/ogn/nodes/geo`: errno=28/No space left on device
2026-08-31T06:26:03Z [1,519ms] [Error] [carb] Failed to create change watch for `/home/j/env_isaaclab/lib/python3.11/site-packages/isaacsim/extscache/omni.graph.nodes-1.170.10+107.3.0.lx64.r.cp311.u353/omni/graph/nodes/ogn/nodes/deprecated`: errno=28/No space left on device
2026-08-31T06:26:03Z [1,519ms] [Error] [carb] Failed to create change watch for `/home/j/env_isaaclab/lib/python3.11/site-packages/isaacsim/extscache/omni.graph.nodes-1.170.10+107.3.0.lx64.r.cp311.u353/omni/graph/nodes/ogn/nodes/core`: errno=28/No space left on device
2026-08-31T06:26:03Z [1,519ms] [Error] [carb] Failed to create change watch for `/home/j/env_isaaclab/lib/python3.11/site-packages/isaacsim/extscache/omni.graph.nodes-1.170.10+107.3.0.lx64.r.cp311.u353/omni/graph/nodes/ogn/nodes/variant`: errno=28/No space left on device
2026-08-31T06:26:03Z [1,519ms] [Error] [carb] Failed to create change watch for `/home/j/env_isaaclab/lib/python3.11/site-packages/isaacsim/extscache/omni.graph.nodes-1.170.10+107.3.0.lx64.r.cp311.u353/omni/graph/nodes/ogn/nodes/sound`: errno=28/No space left on device
2026-08-31T06:26:03Z [1,519ms] [Error] [carb] Failed to create change watch for `/home/j/env_isaaclab/lib/python3.11/site-packages/isaacsim/extscache/omni.graph.nodes-1.170.10+107.3.0.lx64.r.cp311.u353/omni/graph/nodes/ogn/nodes/gpu_interop`: errno=28/No space left on device
2026-08-31T06:26:03Z [1,519ms] [Error] [carb] Failed to create change watch for `/home/j/env_isaaclab/lib/python3.11/site-packages/isaacsim/extscache/omni.graph.action_nodes-1.50.4+107.3.0.lx64.r.cp311.u353`: errno=28/No space left on device
2026-08-31T06:26:03Z [1,519ms] [Error] [carb] Failed to create change watch for `/home/j/env_isaaclab/lib/python3.11/site-packages/isaacsim/extscache/omni.graph.nodes-1.170.10+107.3.0.lx64.r.cp311.u353/omni/graph/nodes/ogn/nodes/animation`: errno=28/No space left on device
[1.528s] [ext: omni.kit.primitive.mesh-1.0.17] startup
2026-08-31T06:26:03Z [1,519ms] [Error] [carb] Failed to create change watch for `/home/j/env_isaaclab/lib/python3.11/site-packages/isaacsim/extscache/omni.graph.nodes-1.170.10+107.3.0.lx64.r.cp311.u353/omni/graph/nodes/ogn/nodes/math`: errno=28/No space left on device
2026-08-31T06:26:03Z [1,519ms] [Error] [carb] Failed to create change watch for `/home/j/env_isaaclab/lib/python3.11/site-packages/isaacsim/extscache/omni.graph.action_nodes-1.50.4+107.3.0.lx64.r.cp311.u353/config`: errno=28/No space left on device
2026-08-31T06:26:03Z [1,520ms] [Error] [carb] Failed to create change watch for `/home/j/env_isaaclab/lib/python3.11/site-packages/isaacsim/extscache/omni.graph.action_nodes-1.50.4+107.3.0.lx64.r.cp311.u353/omni`: errno=28/No space left on device
2026-08-31T06:26:03Z [1,520ms] [Error] [carb] Failed to create change watch for `/home/j/env_isaaclab/lib/python3.11/site-packages/isaacsim/extscache/omni.graph.action_nodes-1.50.4+107.3.0.lx64.r.cp311.u353/omni/graph`: errno=28/No space left on device
2026-08-31T06:26:03Z [1,520ms] [Error] [carb] Failed to create change watch for `/home/j/env_isaaclab/lib/python3.11/site-packages/isaacsim/extscache/omni.graph.nodes-1.170.10+107.3.0.lx64.r.cp311.u353/omni/graph/nodes/ogn/nodes/logic`: errno=28/No space left on device
2026-08-31T06:26:03Z [1,520ms] [Error] [carb] Failed to create change watch for `/home/j/env_isaaclab/lib/python3.11/site-packages/isaacsim/extscache/omni.graph.action_nodes-1.50.4+107.3.0.lx64.r.cp311.u353/omni/graph/action_nodes`: errno=28/No space left on device
2026-08-31T06:26:03Z [1,520ms] [Error] [carb] Failed to create change watch for `/home/j/env_isaaclab/lib/python3.11/site-packages/isaacsim/extscache/omni.graph.action_nodes-1.50.4+107.3.0.lx64.r.cp311.u353/omni/graph/action_nodes/tests`: errno=28/No space left on device
2026-08-31T06:26:03Z [1,520ms] [Error] [carb] Failed to create change watch for `/home/j/env_isaaclab/lib/python3.11/site-packages/isaacsim/extscache/omni.graph.nodes-1.170.10+107.3.0.lx64.r.cp311.u353/omni/graph/nodes/_impl`: errno=28/No space left on device
2026-08-31T06:26:03Z [1,520ms] [Error] [carb] Failed to create change watch for `/home/j/env_isaaclab/lib/python3.11/site-packages/isaacsim/extscache/omni.graph.nodes-1.170.10+107.3.0.lx64.r.cp311.u353/omni/graph/nodes/_impl/templates`: errno=28/No space left on device
2026-08-31T06:26:03Z [1,520ms] [Error] [carb] Failed to create change watch for `/home/j/env_isaaclab/lib/python3.11/site-packages/isaacsim/extscache/omni.graph.action_nodes-1.50.4+107.3.0.lx64.r.cp311.u353/omni/graph/action_nodes/tests/data`: errno=28/No space left on device
2026-08-31T06:26:03Z [1,520ms] [Error] [carb] Failed to create change watch for `/home/j/env_isaaclab/lib/python3.11/site-packages/isaacsim/extscache/omni.graph.action_nodes-1.50.4+107.3.0.lx64.r.cp311.u353/omni/graph/action_nodes/ogn`: errno=28/No space left on device
2026-08-31T06:26:03Z [1,520ms] [Error] [carb] Failed to create change watch for `/home/j/env_isaaclab/lib/python3.11/site-packages/isaacsim/extscache/omni.graph.action_nodes-1.50.4+107.3.0.lx64.r.cp311.u353/omni/graph/action_nodes/ogn/tests`: errno=28/No space left on device
2026-08-31T06:26:03Z [1,520ms] [Error] [carb] Failed to create change watch for `/home/j/env_isaaclab/lib/python3.11/site-packages/isaacsim/extscache/omni.graph.action_nodes-1.50.4+107.3.0.lx64.r.cp311.u353/omni/graph/action_nodes/ogn/tests/usd`: errno=28/No space left on device
2026-08-31T06:26:03Z [1,520ms] [Error] [carb] Failed to create change watch for `/home/j/env_isaaclab/lib/python3.11/site-packages/isaacsim/extscache/omni.graph.action_nodes-1.50.4+107.3.0.lx64.r.cp311.u353/omni/graph/action_nodes/ogn/nodes`: errno=28/No space left on device
2026-08-31T06:26:03Z [1,520ms] [Error] [carb] Failed to create change watch for `/home/j/env_isaaclab/lib/python3.11/site-packages/isaacsim/extscache/omni.graph.action_nodes-1.50.4+107.3.0.lx64.r.cp311.u353/omni/graph/action_nodes/_impl`: errno=28/No space left on device
2026-08-31T06:26:03Z [1,520ms] [Error] [carb] Failed to create change watch for `/home/j/env_isaaclab/lib/python3.11/site-packages/isaacsim/extscache/omni.graph.action_nodes-1.50.4+107.3.0.lx64.r.cp311.u353/omni/graph/action_nodes/_impl/templates`: errno=28/No space left on device
2026-08-31T06:26:03Z [1,526ms] [Error] [carb] Failed to create change watch for `/home/j/env_isaaclab/lib/python3.11/site-packages/isaacsim/extscache/omni.kit.primitive.mesh-1.0.17+69cbf6ad`: errno=28/No space left on device
2026-08-31T06:26:03Z [1,526ms] [Error] [carb] Failed to create change watch for `/home/j/env_isaaclab/lib/python3.11/site-packages/isaacsim/extscache/omni.kit.primitive.mesh-1.0.17+69cbf6ad/config`: errno=28/No space left on device
2026-08-31T06:26:03Z [1,526ms] [Error] [carb] Failed to create change watch for `/home/j/env_isaaclab/lib/python3.11/site-packages/isaacsim/extscache/omni.kit.primitive.mesh-1.0.17+69cbf6ad/omni`: errno=28/No space left on device
2026-08-31T06:26:03Z [1,526ms] [Error] [carb] Failed to create change watch for `/home/j/env_isaaclab/lib/python3.11/site-packages/isaacsim/extscache/omni.kit.primitive.mesh-1.0.17+69cbf6ad/omni/kit`: errno=28/No space left on device
2026-08-31T06:26:03Z [1,526ms] [Error] [carb] Failed to create change watch for `/home/j/env_isaaclab/lib/python3.11/site-packages/isaacsim/extscache/omni.kit.primitive.mesh-1.0.17+69cbf6ad/omni/kit/primitive`: errno=28/No space left on device
2026-08-31T06:26:03Z [1,526ms] [Error] [carb] Failed to create change watch for `/home/j/env_isaaclab/lib/python3.11/site-packages/isaacsim/extscache/omni.kit.primitive.mesh-1.0.17+69cbf6ad/omni/kit/primitive/mesh`: errno=28/No space left on device
2026-08-31T06:26:03Z [1,526ms] [Error] [carb] Failed to create change watch for `/home/j/env_isaaclab/lib/python3.11/site-packages/isaacsim/extscache/omni.kit.primitive.mesh-1.0.17+69cbf6ad/omni/kit/primitive/mesh/tests`: errno=28/No space left on device
2026-08-31T06:26:03Z [1,526ms] [Error] [carb] Failed to create change watch for `/home/j/env_isaaclab/lib/python3.11/site-packages/isaacsim/extscache/omni.kit.primitive.mesh-1.0.17+69cbf6ad/omni/kit/primitive/mesh/evaluators`: errno=28/No space left on device
[1.535s] [ext: isaacsim.core.simulation_manager-1.4.4] startup
2026-08-31T06:26:04Z [2,461ms] [Error] [carb] Failed to create change watch for `/home/j/env_isaaclab/lib/python3.11/site-packages/isaacsim/exts/isaacsim.core.simulation_manager`: errno=28/No space left on device
[2.471s] [ext: omni.graph.ui_nodes-1.50.5] startup
2026-08-31T06:26:04Z [2,462ms] [Error] [carb] Failed to create change watch for `/home/j/env_isaaclab/lib/python3.11/site-packages/isaacsim/exts/isaacsim.core.simulation_manager/config`: errno=28/No space left on device
2026-08-31T06:26:04Z [2,462ms] [Error] [carb] Failed to create change watch for `/home/j/env_isaaclab/lib/python3.11/site-packages/isaacsim/exts/isaacsim.core.simulation_manager/isaacsim`: errno=28/No space left on device
2026-08-31T06:26:04Z [2,462ms] [Error] [carb] Failed to create change watch for `/home/j/env_isaaclab/lib/python3.11/site-packages/isaacsim/exts/isaacsim.core.simulation_manager/isaacsim/core`: errno=28/No space left on device
2026-08-31T06:26:04Z [2,462ms] [Error] [carb] Failed to create change watch for `/home/j/env_isaaclab/lib/python3.11/site-packages/isaacsim/exts/isaacsim.core.simulation_manager/isaacsim/core/simulation_manager`: errno=28/No space left on device
2026-08-31T06:26:04Z [2,462ms] [Error] [carb] Failed to create change watch for `/home/j/env_isaaclab/lib/python3.11/site-packages/isaacsim/exts/isaacsim.core.simulation_manager/isaacsim/core/simulation_manager/tests`: errno=28/No space left on device
2026-08-31T06:26:04Z [2,462ms] [Error] [carb] Failed to create change watch for `/home/j/env_isaaclab/lib/python3.11/site-packages/isaacsim/exts/isaacsim.core.simulation_manager/isaacsim/core/simulation_manager/impl`: errno=28/No space left on device
[2.474s] [ext: omni.graph.action-1.130.0] startup
2026-08-31T06:26:04Z [2,465ms] [Error] [carb] Failed to create change watch for `/home/j/env_isaaclab/lib/python3.11/site-packages/isaacsim/extscache/omni.graph.ui_nodes-1.50.5+107.3.0.lx64.r.cp311.u353`: errno=28/No space left on device
2026-08-31T06:26:04Z [2,465ms] [Error] [carb] Failed to create change watch for `/home/j/env_isaaclab/lib/python3.11/site-packages/isaacsim/extscache/omni.graph.ui_nodes-1.50.5+107.3.0.lx64.r.cp311.u353/config`: errno=28/No space left on device
2026-08-31T06:26:04Z [2,465ms] [Error] [carb] Failed to create change watch for `/home/j/env_isaaclab/lib/python3.11/site-packages/isaacsim/extscache/omni.graph.ui_nodes-1.50.5+107.3.0.lx64.r.cp311.u353/omni`: errno=28/No space left on device
2026-08-31T06:26:04Z [2,465ms] [Error] [carb] Failed to create change watch for `/home/j/env_isaaclab/lib/python3.11/site-packages/isaacsim/extscache/omni.graph.ui_nodes-1.50.5+107.3.0.lx64.r.cp311.u353/omni/graph`: errno=28/No space left on device
2026-08-31T06:26:04Z [2,465ms] [Error] [carb] Failed to create change watch for `/home/j/env_isaaclab/lib/python3.11/site-packages/isaacsim/extscache/omni.graph.ui_nodes-1.50.5+107.3.0.lx64.r.cp311.u353/omni/graph/ui_nodes`: errno=28/No space left on device
2026-08-31T06:26:04Z [2,465ms] [Error] [carb] Failed to create change watch for `/home/j/env_isaaclab/lib/python3.11/site-packages/isaacsim/extscache/omni.graph.ui_nodes-1.50.5+107.3.0.lx64.r.cp311.u353/omni/graph/ui_nodes/tests`: errno=28/No space left on device
2026-08-31T06:26:04Z [2,465ms] [Error] [carb] Failed to create change watch for `/home/j/env_isaaclab/lib/python3.11/site-packages/isaacsim/extscache/omni.graph.ui_nodes-1.50.5+107.3.0.lx64.r.cp311.u353/omni/graph/ui_nodes/tests/data`: errno=28/No space left on device
2026-08-31T06:26:04Z [2,465ms] [Error] [carb] Failed to create change watch for `/home/j/env_isaaclab/lib/python3.11/site-packages/isaacsim/extscache/omni.graph.ui_nodes-1.50.5+107.3.0.lx64.r.cp311.u353/omni/graph/ui_nodes/tests/data/golden_images`: errno=28/No space left on device
2026-08-31T06:26:04Z [2,465ms] [Error] [carb] Failed to create change watch for `/home/j/env_isaaclab/lib/python3.11/site-packages/isaacsim/extscache/omni.graph.ui_nodes-1.50.5+107.3.0.lx64.r.cp311.u353/omni/graph/ui_nodes/bindings`: errno=28/No space left on device
2026-08-31T06:26:04Z [2,465ms] [Error] [carb] Failed to create change watch for `/home/j/env_isaaclab/lib/python3.11/site-packages/isaacsim/extscache/omni.graph.ui_nodes-1.50.5+107.3.0.lx64.r.cp311.u353/omni/graph/ui_nodes/scripts`: errno=28/No space left on device
2026-08-31T06:26:04Z [2,465ms] [Error] [carb] Failed to create change watch for `/home/j/env_isaaclab/lib/python3.11/site-packages/isaacsim/extscache/omni.graph.ui_nodes-1.50.5+107.3.0.lx64.r.cp311.u353/omni/graph/ui_nodes/ogn`: errno=28/No space left on device
2026-08-31T06:26:04Z [2,465ms] [Error] [carb] Failed to create change watch for `/home/j/env_isaaclab/lib/python3.11/site-packages/isaacsim/extscache/omni.graph.ui_nodes-1.50.5+107.3.0.lx64.r.cp311.u353/omni/graph/ui_nodes/ogn/tests`: errno=28/No space left on device
2026-08-31T06:26:04Z [2,465ms] [Error] [carb] Failed to create change watch for `/home/j/env_isaaclab/lib/python3.11/site-packages/isaacsim/extscache/omni.graph.ui_nodes-1.50.5+107.3.0.lx64.r.cp311.u353/omni/graph/ui_nodes/ogn/tests/usd`: errno=28/No space left on device
2026-08-31T06:26:04Z [2,466ms] [Error] [carb] Failed to create change watch for `/home/j/env_isaaclab/lib/python3.11/site-packages/isaacsim/extscache/omni.graph.ui_nodes-1.50.5+107.3.0.lx64.r.cp311.u353/omni/graph/ui_nodes/ogn/nodes`: errno=28/No space left on device
2026-08-31T06:26:04Z [2,466ms] [Error] [carb] Failed to create change watch for `/home/j/env_isaaclab/lib/python3.11/site-packages/isaacsim/extscache/omni.graph.action-1.130.0+107.3.0`: errno=28/No space left on device
2026-08-31T06:26:04Z [2,466ms] [Error] [carb] Failed to create change watch for `/home/j/env_isaaclab/lib/python3.11/site-packages/isaacsim/extscache/omni.graph.ui_nodes-1.50.5+107.3.0.lx64.r.cp311.u353/omni/graph/ui_nodes/_impl`: errno=28/No space left on device
2026-08-31T06:26:04Z [2,466ms] [Error] [carb] Failed to create change watch for `/home/j/env_isaaclab/lib/python3.11/site-packages/isaacsim/extscache/omni.graph.ui_nodes-1.50.5+107.3.0.lx64.r.cp311.u353/omni/graph/ui_nodes/_impl/templates`: errno=28/No space left on device
2026-08-31T06:26:04Z [2,466ms] [Error] [carb] Failed to create change watch for `/home/j/env_isaaclab/lib/python3.11/site-packages/isaacsim/extscache/omni.graph.action-1.130.0+107.3.0/config`: errno=28/No space left on device
2026-08-31T06:26:04Z [2,466ms] [Error] [carb] Failed to create change watch for `/home/j/env_isaaclab/lib/python3.11/site-packages/isaacsim/extscache/omni.graph.action-1.130.0+107.3.0/omni`: errno=28/No space left on device
2026-08-31T06:26:04Z [2,466ms] [Error] [carb] Failed to create change watch for `/home/j/env_isaaclab/lib/python3.11/site-packages/isaacsim/extscache/omni.graph.action-1.130.0+107.3.0/omni/graph`: errno=28/No space left on device
[2.475s] [ext: omni.kit.stage_templates-2.0.0] startup
2026-08-31T06:26:04Z [2,466ms] [Error] [carb] Failed to create change watch for `/home/j/env_isaaclab/lib/python3.11/site-packages/isaacsim/extscache/omni.graph.action-1.130.0+107.3.0/omni/graph/action`: errno=28/No space left on device
2026-08-31T06:26:04Z [2,466ms] [Error] [carb] Failed to create change watch for `/home/j/env_isaaclab/lib/python3.11/site-packages/isaacsim/extscache/omni.graph.action-1.130.0+107.3.0/omni/graph/action/tests`: errno=28/No space left on device
[2.479s] [ext: isaacsim.core.prims-0.6.1] startup
2026-08-31T06:26:04Z [2,470ms] [Error] [carb] Failed to create change watch for `/home/j/env_isaaclab/lib/python3.11/site-packages/isaacsim/extscache/omni.kit.stage_templates-2.0.0+69cbf6ad`: errno=28/No space left on device
2026-08-31T06:26:04Z [2,470ms] [Error] [carb] Failed to create change watch for `/home/j/env_isaaclab/lib/python3.11/site-packages/isaacsim/extscache/omni.kit.stage_templates-2.0.0+69cbf6ad/config`: errno=28/No space left on device
2026-08-31T06:26:04Z [2,470ms] [Error] [carb] Failed to create change watch for `/home/j/env_isaaclab/lib/python3.11/site-packages/isaacsim/extscache/omni.kit.stage_templates-2.0.0+69cbf6ad/omni`: errno=28/No space left on device
2026-08-31T06:26:04Z [2,470ms] [Error] [carb] Failed to create change watch for `/home/j/env_isaaclab/lib/python3.11/site-packages/isaacsim/extscache/omni.kit.stage_templates-2.0.0+69cbf6ad/omni/kit`: errno=28/No space left on device
2026-08-31T06:26:04Z [2,470ms] [Error] [carb] Failed to create change watch for `/home/j/env_isaaclab/lib/python3.11/site-packages/isaacsim/extscache/omni.kit.stage_templates-2.0.0+69cbf6ad/omni/kit/stage_templates`: errno=28/No space left on device
2026-08-31T06:26:04Z [2,470ms] [Error] [carb] Failed to create change watch for `/home/j/env_isaaclab/lib/python3.11/site-packages/isaacsim/extscache/omni.kit.stage_templates-2.0.0+69cbf6ad/omni/kit/stage_templates/tests`: errno=28/No space left on device
2026-08-31T06:26:04Z [2,471ms] [Error] [carb] Failed to create change watch for `/home/j/env_isaaclab/lib/python3.11/site-packages/isaacsim/extscache/omni.kit.stage_templates-2.0.0+69cbf6ad/omni/kit/stage_templates/templates`: errno=28/No space left on device
2026-08-31T06:26:04Z [2,489ms] [Error] [carb] Failed to create change watch for `/home/j/env_isaaclab/lib/python3.11/site-packages/isaacsim/exts/isaacsim.core.prims`: errno=28/No space left on device
[2.498s] [ext: omni.warp-1.8.2] startup
2026-08-31T06:26:04Z [2,489ms] [Error] [carb] Failed to create change watch for `/home/j/env_isaaclab/lib/python3.11/site-packages/isaacsim/exts/isaacsim.core.prims/config`: errno=28/No space left on device
2026-08-31T06:26:04Z [2,489ms] [Error] [carb] Failed to create change watch for `/home/j/env_isaaclab/lib/python3.11/site-packages/isaacsim/exts/isaacsim.core.prims/isaacsim`: errno=28/No space left on device
2026-08-31T06:26:04Z [2,489ms] [Error] [carb] Failed to create change watch for `/home/j/env_isaaclab/lib/python3.11/site-packages/isaacsim/exts/isaacsim.core.prims/isaacsim/core`: errno=28/No space left on device
2026-08-31T06:26:04Z [2,489ms] [Error] [carb] Failed to create change watch for `/home/j/env_isaaclab/lib/python3.11/site-packages/isaacsim/exts/isaacsim.core.prims/isaacsim/core/prims`: errno=28/No space left on device
2026-08-31T06:26:04Z [2,489ms] [Error] [carb] Failed to create change watch for `/home/j/env_isaaclab/lib/python3.11/site-packages/isaacsim/exts/isaacsim.core.prims/isaacsim/core/prims/tests`: errno=28/No space left on device
2026-08-31T06:26:04Z [2,490ms] [Error] [carb] Failed to create change watch for `/home/j/env_isaaclab/lib/python3.11/site-packages/isaacsim/exts/isaacsim.core.prims/isaacsim/core/prims/impl`: errno=28/No space left on device
[2.504s] [ext: omni.videoencoding-0.1.2] startup
2026-08-31T06:26:04Z [2,495ms] [Error] [carb] Failed to create change watch for `/home/j/env_isaaclab/lib/python3.11/site-packages/isaacsim/extscache/omni.warp-1.8.2`: errno=28/No space left on device
2026-08-31T06:26:04Z [2,495ms] [Error] [carb] Failed to create change watch for `/home/j/env_isaaclab/lib/python3.11/site-packages/isaacsim/extscache/omni.warp-1.8.2/config`: errno=28/No space left on device
2026-08-31T06:26:04Z [2,495ms] [Error] [carb] Failed to create change watch for `/home/j/env_isaaclab/lib/python3.11/site-packages/isaacsim/extscache/omni.warp-1.8.2/omni`: errno=28/No space left on device
2026-08-31T06:26:04Z [2,495ms] [Error] [carb] Failed to create change watch for `/home/j/env_isaaclab/lib/python3.11/site-packages/isaacsim/extscache/omni.warp-1.8.2/omni/warp`: errno=28/No space left on device
2026-08-31T06:26:04Z [2,495ms] [Error] [carb] Failed to create change watch for `/home/j/env_isaaclab/lib/python3.11/site-packages/isaacsim/extscache/omni.warp-1.8.2/omni/warp/_extension`: errno=28/No space left on device
2026-08-31T06:26:04Z [2,495ms] [Error] [carb] Failed to create change watch for `/home/j/env_isaaclab/lib/python3.11/site-packages/isaacsim/extscache/omni.warp-1.8.2/omni/warp/nodes`: errno=28/No space left on device
2026-08-31T06:26:04Z [2,495ms] [Error] [carb] Failed to create change watch for `/home/j/env_isaaclab/lib/python3.11/site-packages/isaacsim/extscache/omni.warp-1.8.2/omni/warp/nodes/tests`: errno=28/No space left on device
2026-08-31T06:26:04Z [2,495ms] [Error] [carb] Failed to create change watch for `/home/j/env_isaaclab/lib/python3.11/site-packages/isaacsim/extscache/omni.warp-1.8.2/omni/warp/nodes/tests/data`: errno=28/No space left on device
2026-08-31T06:26:04Z [2,495ms] [Error] [carb] Failed to create change watch for `/home/j/env_isaaclab/lib/python3.11/site-packages/isaacsim/extscache/omni.warp-1.8.2/omni/warp/nodes/_impl`: errno=28/No space left on device
2026-08-31T06:26:04Z [2,495ms] [Error] [carb] Failed to create change watch for `/home/j/env_isaaclab/lib/python3.11/site-packages/isaacsim/extscache/omni.warp-1.8.2/omni/warp/nodes/_impl/templates`: errno=28/No space left on device
2026-08-31T06:26:04Z [2,495ms] [Error] [carb] Failed to create change watch for `/home/j/env_isaaclab/lib/python3.11/site-packages/isaacsim/extscache/omni.warp-1.8.2/omni/warp/nodes/_impl/kernels`: errno=28/No space left on device
2026-08-31T06:26:04Z [2,495ms] [Error] [carb] Failed to create change watch for `/home/j/env_isaaclab/lib/python3.11/site-packages/isaacsim/extscache/omni.warp-1.8.2/omni/warp/nodes/_impl/props`: errno=28/No space left on device
2026-08-31T06:26:04Z [2,495ms] [Error] [carb] Failed to create change watch for `/home/j/env_isaaclab/lib/python3.11/site-packages/isaacsim/extscache/omni.warp-1.8.2/omni/warp/nodes/_impl/widgets`: errno=28/No space left on device
2026-08-31T06:26:04Z [2,497ms] [Error] [carb] Failed to create change watch for `/home/j/env_isaaclab/lib/python3.11/site-packages/isaacsim/extscache/omni.videoencoding-0.1.2+69cbf6ad.lx64.r.cp311`: errno=28/No space left on device
2026-08-31T06:26:04Z [2,497ms] [Error] [carb] Failed to create change watch for `/home/j/env_isaaclab/lib/python3.11/site-packages/isaacsim/extscache/omni.videoencoding-0.1.2+69cbf6ad.lx64.r.cp311/video_encoding`: errno=28/No space left on device
2026-08-31T06:26:04Z [2,498ms] [Error] [carb] Failed to create change watch for `/home/j/env_isaaclab/lib/python3.11/site-packages/isaacsim/extscache/omni.videoencoding-0.1.2+69cbf6ad.lx64.r.cp311/video_encoding/tests`: errno=28/No space left on device
2026-08-31T06:26:04Z [2,498ms] [Error] [carb] Failed to create change watch for `/home/j/env_isaaclab/lib/python3.11/site-packages/isaacsim/extscache/omni.videoencoding-0.1.2+69cbf6ad.lx64.r.cp311/video_encoding/impl`: errno=28/No space left on device
2026-08-31T06:26:04Z [2,498ms] [Error] [carb] Failed to create change watch for `/home/j/env_isaaclab/lib/python3.11/site-packages/isaacsim/extscache/omni.videoencoding-0.1.2+69cbf6ad.lx64.r.cp311/config`: errno=28/No space left on device
[2.507s] [ext: isaacsim.core.api-4.8.0] startup
2026-08-31T06:26:04Z [2,513ms] [Error] [carb] Failed to create change watch for `/home/j/env_isaaclab/lib/python3.11/site-packages/isaacsim/exts/isaacsim.core.api`: errno=28/No space left on device
2026-08-31T06:26:04Z [2,513ms] [Error] [carb] Failed to create change watch for `/home/j/env_isaaclab/lib/python3.11/site-packages/isaacsim/exts/isaacsim.core.api/config`: errno=28/No space left on device
[2.522s] [ext: isaacsim.core.experimental.utils-0.3.0] startup
2026-08-31T06:26:04Z [2,513ms] [Error] [carb] Failed to create change watch for `/home/j/env_isaaclab/lib/python3.11/site-packages/isaacsim/exts/isaacsim.core.api/isaacsim`: errno=28/No space left on device
2026-08-31T06:26:04Z [2,513ms] [Error] [carb] Failed to create change watch for `/home/j/env_isaaclab/lib/python3.11/site-packages/isaacsim/exts/isaacsim.core.api/isaacsim/core`: errno=28/No space left on device
2026-08-31T06:26:04Z [2,513ms] [Error] [carb] Failed to create change watch for `/home/j/env_isaaclab/lib/python3.11/site-packages/isaacsim/exts/isaacsim.core.api/isaacsim/core/api`: errno=28/No space left on device
2026-08-31T06:26:04Z [2,513ms] [Error] [carb] Failed to create change watch for `/home/j/env_isaaclab/lib/python3.11/site-packages/isaacsim/exts/isaacsim.core.api/isaacsim/core/api/tests`: errno=28/No space left on device
2026-08-31T06:26:04Z [2,513ms] [Error] [carb] Failed to create change watch for `/home/j/env_isaaclab/lib/python3.11/site-packages/isaacsim/exts/isaacsim.core.api/isaacsim/core/api/tests/data`: errno=28/No space left on device
2026-08-31T06:26:04Z [2,513ms] [Error] [carb] Failed to create change watch for `/home/j/env_isaaclab/lib/python3.11/site-packages/isaacsim/exts/isaacsim.core.api/isaacsim/core/api/scenes`: errno=28/No space left on device
2026-08-31T06:26:04Z [2,513ms] [Error] [carb] Failed to create change watch for `/home/j/env_isaaclab/lib/python3.11/site-packages/isaacsim/exts/isaacsim.core.api/isaacsim/core/api/controllers`: errno=28/No space left on device
2026-08-31T06:26:04Z [2,513ms] [Error] [carb] Failed to create change watch for `/home/j/env_isaaclab/lib/python3.11/site-packages/isaacsim/exts/isaacsim.core.api/isaacsim/core/api/world`: errno=28/No space left on device
2026-08-31T06:26:04Z [2,513ms] [Error] [carb] Failed to create change watch for `/home/j/env_isaaclab/lib/python3.11/site-packages/isaacsim/exts/isaacsim.core.api/isaacsim/core/api/materials`: errno=28/No space left on device
2026-08-31T06:26:04Z [2,513ms] [Error] [carb] Failed to create change watch for `/home/j/env_isaaclab/lib/python3.11/site-packages/isaacsim/exts/isaacsim.core.api/isaacsim/core/api/simulation_context`: errno=28/No space left on device
2026-08-31T06:26:04Z [2,513ms] [Error] [carb] Failed to create change watch for `/home/j/env_isaaclab/lib/python3.11/site-packages/isaacsim/exts/isaacsim.core.api/isaacsim/core/api/loggers`: errno=28/No space left on device
2026-08-31T06:26:04Z [2,513ms] [Error] [carb] Failed to create change watch for `/home/j/env_isaaclab/lib/python3.11/site-packages/isaacsim/exts/isaacsim.core.api/isaacsim/core/api/robots`: errno=28/No space left on device
2026-08-31T06:26:04Z [2,514ms] [Error] [carb] Failed to create change watch for `/home/j/env_isaaclab/lib/python3.11/site-packages/isaacsim/exts/isaacsim.core.api/isaacsim/core/api/articulations`: errno=28/No space left on device
2026-08-31T06:26:04Z [2,514ms] [Error] [carb] Failed to create change watch for `/home/j/env_isaaclab/lib/python3.11/site-packages/isaacsim/exts/isaacsim.core.api/isaacsim/core/api/sensors`: errno=28/No space left on device
2026-08-31T06:26:04Z [2,514ms] [Error] [carb] Failed to create change watch for `/home/j/env_isaaclab/lib/python3.11/site-packages/isaacsim/exts/isaacsim.core.api/isaacsim/core/api/tasks`: errno=28/No space left on device
2026-08-31T06:26:04Z [2,514ms] [Error] [carb] Failed to create change watch for `/home/j/env_isaaclab/lib/python3.11/site-packages/isaacsim/exts/isaacsim.core.api/isaacsim/core/api/physics_context`: errno=28/No space left on device
2026-08-31T06:26:04Z [2,514ms] [Error] [carb] Failed to create change watch for `/home/j/env_isaaclab/lib/python3.11/site-packages/isaacsim/exts/isaacsim.core.api/isaacsim/core/api/objects`: errno=28/No space left on device
2026-08-31T06:26:04Z [2,518ms] [Error] [carb] Failed to create change watch for `/home/j/env_isaaclab/lib/python3.11/site-packages/isaacsim/exts/isaacsim.core.experimental.utils`: errno=28/No space left on device
2026-08-31T06:26:04Z [2,518ms] [Error] [carb] Failed to create change watch for `/home/j/env_isaaclab/lib/python3.11/site-packages/isaacsim/exts/isaacsim.core.experimental.utils/config`: errno=28/No space left on device
2026-08-31T06:26:04Z [2,519ms] [Error] [carb] Failed to create change watch for `/home/j/env_isaaclab/lib/python3.11/site-packages/isaacsim/exts/isaacsim.core.experimental.utils/isaacsim`: errno=28/No space left on device
2026-08-31T06:26:04Z [2,519ms] [Error] [carb] Failed to create change watch for `/home/j/env_isaaclab/lib/python3.11/site-packages/isaacsim/exts/isaacsim.core.experimental.utils/isaacsim/core`: errno=28/No space left on device
2026-08-31T06:26:04Z [2,519ms] [Error] [carb] Failed to create change watch for `/home/j/env_isaaclab/lib/python3.11/site-packages/isaacsim/exts/isaacsim.core.experimental.utils/isaacsim/core/experimental`: errno=28/No space left on device
2026-08-31T06:26:04Z [2,519ms] [Error] [carb] Failed to create change watch for `/home/j/env_isaaclab/lib/python3.11/site-packages/isaacsim/exts/isaacsim.core.experimental.utils/isaacsim/core/experimental/utils`: errno=28/No space left on device
2026-08-31T06:26:04Z [2,519ms] [Error] [carb] Failed to create change watch for `/home/j/env_isaaclab/lib/python3.11/site-packages/isaacsim/exts/isaacsim.core.experimental.utils/isaacsim/core/experimental/utils/tests`: errno=28/No space left on device
2026-08-31T06:26:04Z [2,519ms] [Error] [carb] Failed to create change watch for `/home/j/env_isaaclab/lib/python3.11/site-packages/isaacsim/exts/isaacsim.core.experimental.utils/isaacsim/core/experimental/utils/impl`: errno=28/No space left on device
[2.528s] [ext: omni.replicator.core-1.12.27] startup
2026-08-31T06:26:04Z [2,536ms] [Warning] [pxr.Semantics] pxr.Semantics is deprecated - please use Semantics instead
Warp 1.8.2 initialized:
   CUDA Toolkit 12.8, Driver 12.8
   Devices:
     "cpu"      : "x86_64"
     "cuda:0"   : "NVIDIA GeForce RTX 4060 Laptop GPU" (8 GiB, sm_89, mempool enabled)
   Kernel cache:
     /home/j/.cache/warp/1.8.2
2026-08-31T06:26:04Z [2,631ms] [Warning] [omni.graph.core.plugin] Found duplicate of category 'Replicator' - was 'Annotators', adding 'Fabric Reader'
2026-08-31T06:26:04Z [2,631ms] [Warning] [omni.graph.core.plugin] Category 'Replicator' not accepted on node type 'omni.replicator.core.FabricReader' in extension 'omni.replicator.core'
2026-08-31T06:26:04Z [2,632ms] [Warning] [omni.replicator.core.scripts.extension] No material configuration file, adding configuration to material settings directly.
[2.643s] [ext: isaacsim.core.experimental.prims-0.8.1] startup
2026-08-31T06:26:04Z [2,634ms] [Error] [carb] Failed to create change watch for `/home/j/env_isaaclab/lib/python3.11/site-packages/isaacsim/extscache/omni.replicator.core-1.12.27+107.3.3.lx64.r.cp311`: errno=28/No space left on device
2026-08-31T06:26:04Z [2,634ms] [Error] [carb] Failed to create change watch for `/home/j/env_isaaclab/lib/python3.11/site-packages/isaacsim/extscache/omni.replicator.core-1.12.27+107.3.3.lx64.r.cp311/config`: errno=28/No space left on device
2026-08-31T06:26:04Z [2,634ms] [Error] [carb] Failed to create change watch for `/home/j/env_isaaclab/lib/python3.11/site-packages/isaacsim/extscache/omni.replicator.core-1.12.27+107.3.3.lx64.r.cp311/omni`: errno=28/No space left on device
2026-08-31T06:26:04Z [2,634ms] [Error] [carb] Failed to create change watch for `/home/j/env_isaaclab/lib/python3.11/site-packages/isaacsim/extscache/omni.replicator.core-1.12.27+107.3.3.lx64.r.cp311/omni/replicator`: errno=28/No space left on device
2026-08-31T06:26:04Z [2,634ms] [Error] [carb] Failed to create change watch for `/home/j/env_isaaclab/lib/python3.11/site-packages/isaacsim/extscache/omni.replicator.core-1.12.27+107.3.3.lx64.r.cp311/omni/replicator/core`: errno=28/No space left on device
2026-08-31T06:26:04Z [2,634ms] [Error] [carb] Failed to create change watch for `/home/j/env_isaaclab/lib/python3.11/site-packages/isaacsim/extscache/omni.replicator.core-1.12.27+107.3.3.lx64.r.cp311/omni/replicator/core/tests`: errno=28/No space left on device
2026-08-31T06:26:04Z [2,634ms] [Error] [carb] Failed to create change watch for `/home/j/env_isaaclab/lib/python3.11/site-packages/isaacsim/extscache/omni.replicator.core-1.12.27+107.3.3.lx64.r.cp311/omni/replicator/core/tests/data`: errno=28/No space left on device
2026-08-31T06:26:04Z [2,634ms] [Error] [carb] Failed to create change watch for `/home/j/env_isaaclab/lib/python3.11/site-packages/isaacsim/extscache/omni.replicator.core-1.12.27+107.3.3.lx64.r.cp311/omni/replicator/core/tests/data/aug`: errno=28/No space left on device
2026-08-31T06:26:04Z [2,635ms] [Error] [carb] Failed to create change watch for `/home/j/env_isaaclab/lib/python3.11/site-packages/isaacsim/extscache/omni.replicator.core-1.12.27+107.3.3.lx64.r.cp311/omni/replicator/core/tests/data/aug/shape_mtl`: errno=28/No space left on device
2026-08-31T06:26:04Z [2,635ms] [Error] [carb] Failed to create change watch for `/home/j/env_isaaclab/lib/python3.11/site-packages/isaacsim/extscache/omni.replicator.core-1.12.27+107.3.3.lx64.r.cp311/omni/replicator/core/tests/data/aug/fill_im`: errno=28/No space left on device
2026-08-31T06:26:04Z [2,635ms] [Error] [carb] Failed to create change watch for `/home/j/env_isaaclab/lib/python3.11/site-packages/isaacsim/extscache/omni.replicator.core-1.12.27+107.3.3.lx64.r.cp311/omni/replicator/core/tests/data/aovs`: errno=28/No space left on device
2026-08-31T06:26:04Z [2,635ms] [Error] [carb] Failed to create change watch for `/home/j/env_isaaclab/lib/python3.11/site-packages/isaacsim/extscache/omni.replicator.core-1.12.27+107.3.3.lx64.r.cp311/omni/replicator/core/tests/data/golden`: errno=28/No space left on device
2026-08-31T06:26:04Z [2,635ms] [Error] [carb] Failed to create change watch for `/home/j/env_isaaclab/lib/python3.11/site-packages/isaacsim/extscache/omni.replicator.core-1.12.27+107.3.3.lx64.r.cp311/omni/replicator/core/tests/data/golden/skeleton_tests`: errno=28/No space left on device
2026-08-31T06:26:04Z [2,635ms] [Error] [carb] Failed to create change watch for `/home/j/env_isaaclab/lib/python3.11/site-packages/isaacsim/extscache/omni.replicator.core-1.12.27+107.3.3.lx64.r.cp311/omni/replicator/core/tests/data/objects`: errno=28/No space left on device
2026-08-31T06:26:04Z [2,635ms] [Error] [carb] Failed to create change watch for `/home/j/env_isaaclab/lib/python3.11/site-packages/isaacsim/extscache/omni.replicator.core-1.12.27+107.3.3.lx64.r.cp311/omni/replicator/core/tests/data/objects/textures`: errno=28/No space left on device
2026-08-31T06:26:04Z [2,635ms] [Error] [carb] Failed to create change watch for `/home/j/env_isaaclab/lib/python3.11/site-packages/isaacsim/extscache/omni.replicator.core-1.12.27+107.3.3.lx64.r.cp311/omni/replicator/core/tests/data/objects/Worker`: errno=28/No space left on device
2026-08-31T06:26:04Z [2,635ms] [Error] [carb] Failed to create change watch for `/home/j/env_isaaclab/lib/python3.11/site-packages/isaacsim/extscache/omni.replicator.core-1.12.27+107.3.3.lx64.r.cp311/omni/replicator/core/tests/data/objects/Worker/Motions`: errno=28/No space left on device
2026-08-31T06:26:04Z [2,635ms] [Error] [carb] Failed to create change watch for `/home/j/env_isaaclab/lib/python3.11/site-packages/isaacsim/extscache/omni.replicator.core-1.12.27+107.3.3.lx64.r.cp311/omni/replicator/core/tests/data/objects/Worker/Props`: errno=28/No space left on device
2026-08-31T06:26:04Z [2,635ms] [Error] [carb] Failed to create change watch for `/home/j/env_isaaclab/lib/python3.11/site-packages/isaacsim/extscache/omni.replicator.core-1.12.27+107.3.3.lx64.r.cp311/omni/replicator/core/tests/data/objects/Worker/Props/Meshes`: errno=28/No space left on device
2026-08-31T06:26:04Z [2,635ms] [Error] [carb] Failed to create change watch for `/home/j/env_isaaclab/lib/python3.11/site-packages/isaacsim/extscache/omni.replicator.core-1.12.27+107.3.3.lx64.r.cp311/omni/replicator/core/tests/data/objects/Worker/Props/Bones`: errno=28/No space left on device
2026-08-31T06:26:04Z [2,635ms] [Error] [carb] Failed to create change watch for `/home/j/env_isaaclab/lib/python3.11/site-packages/isaacsim/extscache/omni.replicator.core-1.12.27+107.3.3.lx64.r.cp311/omni/replicator/core/tests/data/objects/Worker/Debra`: errno=28/No space left on device
2026-08-31T06:26:04Z [2,635ms] [Error] [carb] Failed to create change watch for `/home/j/env_isaaclab/lib/python3.11/site-packages/isaacsim/extscache/omni.replicator.core-1.12.27+107.3.3.lx64.r.cp311/omni/replicator/core/tests/data/objects/Worker/Debra/Props`: errno=28/No space left on device
2026-08-31T06:26:04Z [2,635ms] [Error] [carb] Failed to create change watch for `/home/j/env_isaaclab/lib/python3.11/site-packages/isaacsim/extscache/omni.replicator.core-1.12.27+107.3.3.lx64.r.cp311/omni/replicator/core/tests/data/objects/Worker/Debra/Props/Stage`: errno=28/No space left on device
2026-08-31T06:26:04Z [2,635ms] [Error] [carb] Failed to create change watch for `/home/j/env_isaaclab/lib/python3.11/site-packages/isaacsim/extscache/omni.replicator.core-1.12.27+107.3.3.lx64.r.cp311/omni/replicator/core/tests/data/objects/Worker/Materials`: errno=28/No space left on device
2026-08-31T06:26:04Z [2,636ms] [Error] [carb] Failed to create change watch for `/home/j/env_isaaclab/lib/python3.11/site-packages/isaacsim/extscache/omni.replicator.core-1.12.27+107.3.3.lx64.r.cp311/omni/replicator/core/bindings`: errno=28/No space left on device
2026-08-31T06:26:04Z [2,636ms] [Error] [carb] Failed to create change watch for `/home/j/env_isaaclab/lib/python3.11/site-packages/isaacsim/extscache/omni.replicator.core-1.12.27+107.3.3.lx64.r.cp311/omni/replicator/core/scripts`: errno=28/No space left on device
2026-08-31T06:26:04Z [2,636ms] [Error] [carb] Failed to create change watch for `/home/j/env_isaaclab/lib/python3.11/site-packages/isaacsim/extscache/omni.replicator.core-1.12.27+107.3.3.lx64.r.cp311/omni/replicator/core/scripts/utils`: errno=28/No space left on device
2026-08-31T06:26:04Z [2,636ms] [Error] [carb] Failed to create change watch for `/home/j/env_isaaclab/lib/python3.11/site-packages/isaacsim/extscache/omni.replicator.core-1.12.27+107.3.3.lx64.r.cp311/omni/replicator/core/scripts/writers_default`: errno=28/No space left on device
2026-08-31T06:26:04Z [2,636ms] [Error] [carb] Failed to create change watch for `/home/j/env_isaaclab/lib/python3.11/site-packages/isaacsim/extscache/omni.replicator.core-1.12.27+107.3.3.lx64.r.cp311/omni/replicator/core/scripts/backends`: errno=28/No space left on device
2026-08-31T06:26:04Z [2,636ms] [Error] [carb] Failed to create change watch for `/home/j/env_isaaclab/lib/python3.11/site-packages/isaacsim/extscache/omni.replicator.core-1.12.27+107.3.3.lx64.r.cp311/omni/replicator/core/scripts/data`: errno=28/No space left on device
2026-08-31T06:26:04Z [2,636ms] [Error] [carb] Failed to create change watch for `/home/j/env_isaaclab/lib/python3.11/site-packages/isaacsim/extscache/omni.replicator.core-1.12.27+107.3.3.lx64.r.cp311/omni/replicator/core/scripts/data/textures`: errno=28/No space left on device
2026-08-31T06:26:04Z [2,636ms] [Error] [carb] Failed to create change watch for `/home/j/env_isaaclab/lib/python3.11/site-packages/isaacsim/extscache/omni.replicator.core-1.12.27+107.3.3.lx64.r.cp311/omni/replicator/core/scripts/data/uv_textures`: errno=28/No space left on device
2026-08-31T06:26:04Z [2,636ms] [Error] [carb] Failed to create change watch for `/home/j/env_isaaclab/lib/python3.11/site-packages/isaacsim/extscache/omni.replicator.core-1.12.27+107.3.3.lx64.r.cp311/omni/replicator/core/scripts/data/materials`: errno=28/No space left on device
2026-08-31T06:26:04Z [2,636ms] [Error] [carb] Failed to create change watch for `/home/j/env_isaaclab/lib/python3.11/site-packages/isaacsim/extscache/omni.replicator.core-1.12.27+107.3.3.lx64.r.cp311/omni/replicator/core/scripts/data/materials/Leaves`: errno=28/No space left on device
2026-08-31T06:26:04Z [2,636ms] [Error] [carb] Failed to create change watch for `/home/j/env_isaaclab/lib/python3.11/site-packages/isaacsim/extscache/omni.replicator.core-1.12.27+107.3.3.lx64.r.cp311/omni/replicator/core/scripts/data/materials/Copper`: errno=28/No space left on device
2026-08-31T06:26:04Z [2,636ms] [Error] [carb] Failed to create change watch for `/home/j/env_isaaclab/lib/python3.11/site-packages/isaacsim/extscache/omni.replicator.core-1.12.27+107.3.3.lx64.r.cp311/omni/replicator/core/scripts/data/graphs`: errno=28/No space left on device
2026-08-31T06:26:04Z [2,636ms] [Error] [carb] Failed to create change watch for `/home/j/env_isaaclab/lib/python3.11/site-packages/isaacsim/extscache/omni.replicator.core-1.12.27+107.3.3.lx64.r.cp311/omni/replicator/core/scripts/data/assets`: errno=28/No space left on device
2026-08-31T06:26:04Z [2,637ms] [Error] [carb] Failed to create change watch for `/home/j/env_isaaclab/lib/python3.11/site-packages/isaacsim/extscache/omni.replicator.core-1.12.27+107.3.3.lx64.r.cp311/omni/replicator/core/scripts/functional`: errno=28/No space left on device
2026-08-31T06:26:04Z [2,637ms] [Error] [carb] Failed to create change watch for `/home/j/env_isaaclab/lib/python3.11/site-packages/isaacsim/extscache/omni.replicator.core-1.12.27+107.3.3.lx64.r.cp311/omni/replicator/core/scripts/objects`: errno=28/No space left on device
2026-08-31T06:26:04Z [2,637ms] [Error] [carb] Failed to create change watch for `/home/j/env_isaaclab/lib/python3.11/site-packages/isaacsim/extscache/omni.replicator.core-1.12.27+107.3.3.lx64.r.cp311/omni/replicator/core/ogn`: errno=28/No space left on device
2026-08-31T06:26:04Z [2,637ms] [Error] [carb] Failed to create change watch for `/home/j/env_isaaclab/lib/python3.11/site-packages/isaacsim/extscache/omni.replicator.core-1.12.27+107.3.3.lx64.r.cp311/omni/replicator/core/ogn/tests`: errno=28/No space left on device
2026-08-31T06:26:04Z [2,637ms] [Error] [carb] Failed to create change watch for `/home/j/env_isaaclab/lib/python3.11/site-packages/isaacsim/extscache/omni.replicator.core-1.12.27+107.3.3.lx64.r.cp311/omni/replicator/core/ogn/tests/usd`: errno=28/No space left on device
2026-08-31T06:26:04Z [2,637ms] [Error] [carb] Failed to create change watch for `/home/j/env_isaaclab/lib/python3.11/site-packages/isaacsim/extscache/omni.replicator.core-1.12.27+107.3.3.lx64.r.cp311/omni/replicator/core/ogn/python`: errno=28/No space left on device
2026-08-31T06:26:04Z [2,638ms] [Error] [carb] Failed to create change watch for `/home/j/env_isaaclab/lib/python3.11/site-packages/isaacsim/extscache/omni.replicator.core-1.12.27+107.3.3.lx64.r.cp311/omni/replicator/core/ogn/python/impl`: errno=28/No space left on device
2026-08-31T06:26:04Z [2,638ms] [Error] [carb] Failed to create change watch for `/home/j/env_isaaclab/lib/python3.11/site-packages/isaacsim/extscache/omni.replicator.core-1.12.27+107.3.3.lx64.r.cp311/omni/replicator/core/ogn/python/impl/nodes`: errno=28/No space left on device
2026-08-31T06:26:04Z [2,665ms] [Error] [carb] Failed to create change watch for `/home/j/env_isaaclab/lib/python3.11/site-packages/isaacsim/exts/isaacsim.core.experimental.prims`: errno=28/No space left on device
[2.674s] [ext: omni.kit.window.extensions-1.4.27] startup
2026-08-31T06:26:04Z [2,665ms] [Error] [carb] Failed to create change watch for `/home/j/env_isaaclab/lib/python3.11/site-packages/isaacsim/exts/isaacsim.core.experimental.prims/config`: errno=28/No space left on device
2026-08-31T06:26:04Z [2,665ms] [Error] [carb] Failed to create change watch for `/home/j/env_isaaclab/lib/python3.11/site-packages/isaacsim/exts/isaacsim.core.experimental.prims/isaacsim`: errno=28/No space left on device
2026-08-31T06:26:04Z [2,665ms] [Error] [carb] Failed to create change watch for `/home/j/env_isaaclab/lib/python3.11/site-packages/isaacsim/exts/isaacsim.core.experimental.prims/isaacsim/core`: errno=28/No space left on device
2026-08-31T06:26:04Z [2,665ms] [Error] [carb] Failed to create change watch for `/home/j/env_isaaclab/lib/python3.11/site-packages/isaacsim/exts/isaacsim.core.experimental.prims/isaacsim/core/experimental`: errno=28/No space left on device
2026-08-31T06:26:04Z [2,665ms] [Error] [carb] Failed to create change watch for `/home/j/env_isaaclab/lib/python3.11/site-packages/isaacsim/exts/isaacsim.core.experimental.prims/isaacsim/core/experimental/prims`: errno=28/No space left on device
2026-08-31T06:26:04Z [2,666ms] [Error] [carb] Failed to create change watch for `/home/j/env_isaaclab/lib/python3.11/site-packages/isaacsim/exts/isaacsim.core.experimental.prims/isaacsim/core/experimental/prims/tests`: errno=28/No space left on device
2026-08-31T06:26:04Z [2,666ms] [Error] [carb] Failed to create change watch for `/home/j/env_isaaclab/lib/python3.11/site-packages/isaacsim/exts/isaacsim.core.experimental.prims/isaacsim/core/experimental/prims/impl`: errno=28/No space left on device
2026-08-31T06:26:04Z [2,673ms] [Error] [carb] Failed to create change watch for `/home/j/env_isaaclab/lib/python3.11/site-packages/isaacsim/extscache/omni.kit.window.extensions-1.4.27+69cbf6ad`: errno=28/No space left on device
2026-08-31T06:26:04Z [2,673ms] [Error] [carb] Failed to create change watch for `/home/j/env_isaaclab/lib/python3.11/site-packages/isaacsim/extscache/omni.kit.window.extensions-1.4.27+69cbf6ad/config`: errno=28/No space left on device
[2.682s] [ext: isaacsim.core.experimental.objects-0.4.0] startup
2026-08-31T06:26:04Z [2,673ms] [Error] [carb] Failed to create change watch for `/home/j/env_isaaclab/lib/python3.11/site-packages/isaacsim/extscache/omni.kit.window.extensions-1.4.27+69cbf6ad/omni`: errno=28/No space left on device
2026-08-31T06:26:04Z [2,673ms] [Error] [carb] Failed to create change watch for `/home/j/env_isaaclab/lib/python3.11/site-packages/isaacsim/extscache/omni.kit.window.extensions-1.4.27+69cbf6ad/omni/kit`: errno=28/No space left on device
2026-08-31T06:26:04Z [2,673ms] [Error] [carb] Failed to create change watch for `/home/j/env_isaaclab/lib/python3.11/site-packages/isaacsim/extscache/omni.kit.window.extensions-1.4.27+69cbf6ad/omni/kit/window`: errno=28/No space left on device
2026-08-31T06:26:04Z [2,673ms] [Error] [carb] Failed to create change watch for `/home/j/env_isaaclab/lib/python3.11/site-packages/isaacsim/extscache/omni.kit.window.extensions-1.4.27+69cbf6ad/omni/kit/window/extensions`: errno=28/No space left on device
2026-08-31T06:26:04Z [2,673ms] [Error] [carb] Failed to create change watch for `/home/j/env_isaaclab/lib/python3.11/site-packages/isaacsim/extscache/omni.kit.window.extensions-1.4.27+69cbf6ad/omni/kit/window/extensions/tests`: errno=28/No space left on device
[2.686s] [ext: omni.ui_query-1.1.8] startup
2026-08-31T06:26:04Z [2,677ms] [Error] [carb] Failed to create change watch for `/home/j/env_isaaclab/lib/python3.11/site-packages/isaacsim/exts/isaacsim.core.experimental.objects`: errno=28/No space left on device
2026-08-31T06:26:04Z [2,677ms] [Error] [carb] Failed to create change watch for `/home/j/env_isaaclab/lib/python3.11/site-packages/isaacsim/exts/isaacsim.core.experimental.objects/config`: errno=28/No space left on device
2026-08-31T06:26:04Z [2,677ms] [Error] [carb] Failed to create change watch for `/home/j/env_isaaclab/lib/python3.11/site-packages/isaacsim/exts/isaacsim.core.experimental.objects/isaacsim`: errno=28/No space left on device
2026-08-31T06:26:04Z [2,677ms] [Error] [carb] Failed to create change watch for `/home/j/env_isaaclab/lib/python3.11/site-packages/isaacsim/exts/isaacsim.core.experimental.objects/isaacsim/core`: errno=28/No space left on device
2026-08-31T06:26:04Z [2,677ms] [Error] [carb] Failed to create change watch for `/home/j/env_isaaclab/lib/python3.11/site-packages/isaacsim/exts/isaacsim.core.experimental.objects/isaacsim/core/experimental`: errno=28/No space left on device
2026-08-31T06:26:04Z [2,677ms] [Error] [carb] Failed to create change watch for `/home/j/env_isaaclab/lib/python3.11/site-packages/isaacsim/exts/isaacsim.core.experimental.objects/isaacsim/core/experimental/objects`: errno=28/No space left on device
2026-08-31T06:26:04Z [2,678ms] [Error] [carb] Failed to create change watch for `/home/j/env_isaaclab/lib/python3.11/site-packages/isaacsim/exts/isaacsim.core.experimental.objects/isaacsim/core/experimental/objects/tests`: errno=28/No space left on device
2026-08-31T06:26:04Z [2,678ms] [Error] [carb] Failed to create change watch for `/home/j/env_isaaclab/lib/python3.11/site-packages/isaacsim/exts/isaacsim.core.experimental.objects/isaacsim/core/experimental/objects/impl`: errno=28/No space left on device
2026-08-31T06:26:04Z [2,678ms] [Error] [carb] Failed to create change watch for `/home/j/env_isaaclab/lib/python3.11/site-packages/isaacsim/exts/isaacsim.core.experimental.objects/isaacsim/core/experimental/objects/impl/shapes`: errno=28/No space left on device
2026-08-31T06:26:04Z [2,678ms] [Error] [carb] Failed to create change watch for `/home/j/env_isaaclab/lib/python3.11/site-packages/isaacsim/exts/isaacsim.core.experimental.objects/isaacsim/core/experimental/objects/impl/lights`: errno=28/No space left on device
2026-08-31T06:26:04Z [2,680ms] [Error] [carb] Failed to create change watch for `/home/j/env_isaaclab/lib/python3.11/site-packages/isaacsim/extscache/omni.ui_query-1.1.8+69cbf6ad`: errno=28/No space left on device
[2.690s] [ext: omni.kit.manipulator.viewport-107.0.1] startup
2026-08-31T06:26:04Z [2,681ms] [Error] [carb] Failed to create change watch for `/home/j/env_isaaclab/lib/python3.11/site-packages/isaacsim/extscache/omni.ui_query-1.1.8+69cbf6ad/config`: errno=28/No space left on device
2026-08-31T06:26:04Z [2,681ms] [Error] [carb] Failed to create change watch for `/home/j/env_isaaclab/lib/python3.11/site-packages/isaacsim/extscache/omni.ui_query-1.1.8+69cbf6ad/omni`: errno=28/No space left on device
2026-08-31T06:26:04Z [2,681ms] [Error] [carb] Failed to create change watch for `/home/j/env_isaaclab/lib/python3.11/site-packages/isaacsim/extscache/omni.ui_query-1.1.8+69cbf6ad/omni/ui_query`: errno=28/No space left on device
2026-08-31T06:26:04Z [2,681ms] [Error] [carb] Failed to create change watch for `/home/j/env_isaaclab/lib/python3.11/site-packages/isaacsim/extscache/omni.ui_query-1.1.8+69cbf6ad/omni/ui_query/tests`: errno=28/No space left on device
2026-08-31T06:26:04Z [2,682ms] [Error] [carb] Failed to create change watch for `/home/j/env_isaaclab/lib/python3.11/site-packages/isaacsim/extscache/omni.kit.manipulator.viewport-107.0.1+69cbf6ad`: errno=28/No space left on device
[2.691s] [ext: isaacsim.robot.surface_gripper-3.3.1] startup
2026-08-31T06:26:04Z [2,682ms] [Error] [carb] Failed to create change watch for `/home/j/env_isaaclab/lib/python3.11/site-packages/isaacsim/extscache/omni.kit.manipulator.viewport-107.0.1+69cbf6ad/config`: errno=28/No space left on device
2026-08-31T06:26:04Z [2,682ms] [Error] [carb] Failed to create change watch for `/home/j/env_isaaclab/lib/python3.11/site-packages/isaacsim/extscache/omni.kit.manipulator.viewport-107.0.1+69cbf6ad/omni`: errno=28/No space left on device
2026-08-31T06:26:04Z [2,682ms] [Error] [carb] Failed to create change watch for `/home/j/env_isaaclab/lib/python3.11/site-packages/isaacsim/extscache/omni.kit.manipulator.viewport-107.0.1+69cbf6ad/omni/kit`: errno=28/No space left on device
2026-08-31T06:26:04Z [2,682ms] [Error] [carb] Failed to create change watch for `/home/j/env_isaaclab/lib/python3.11/site-packages/isaacsim/extscache/omni.kit.manipulator.viewport-107.0.1+69cbf6ad/omni/kit/manipulator`: errno=28/No space left on device
2026-08-31T06:26:04Z [2,682ms] [Error] [carb] Failed to create change watch for `/home/j/env_isaaclab/lib/python3.11/site-packages/isaacsim/extscache/omni.kit.manipulator.viewport-107.0.1+69cbf6ad/omni/kit/manipulator/viewport`: errno=28/No space left on device
2026-08-31T06:26:04Z [2,684ms] [Error] [carb] Failed to create change watch for `/home/j/env_isaaclab/lib/python3.11/site-packages/isaacsim/exts/isaacsim.robot.surface_gripper`: errno=28/No space left on device
[2.694s] [ext: omni.kit.ui_test-1.3.7] startup
2026-08-31T06:26:04Z [2,685ms] [Error] [carb] Failed to create change watch for `/home/j/env_isaaclab/lib/python3.11/site-packages/isaacsim/exts/isaacsim.robot.surface_gripper/config`: errno=28/No space left on device
2026-08-31T06:26:04Z [2,685ms] [Error] [carb] Failed to create change watch for `/home/j/env_isaaclab/lib/python3.11/site-packages/isaacsim/exts/isaacsim.robot.surface_gripper/isaacsim`: errno=28/No space left on device
2026-08-31T06:26:04Z [2,685ms] [Error] [carb] Failed to create change watch for `/home/j/env_isaaclab/lib/python3.11/site-packages/isaacsim/exts/isaacsim.robot.surface_gripper/isaacsim/robot`: errno=28/No space left on device
2026-08-31T06:26:04Z [2,685ms] [Error] [carb] Failed to create change watch for `/home/j/env_isaaclab/lib/python3.11/site-packages/isaacsim/exts/isaacsim.robot.surface_gripper/isaacsim/robot/surface_gripper`: errno=28/No space left on device
2026-08-31T06:26:04Z [2,685ms] [Error] [carb] Failed to create change watch for `/home/j/env_isaaclab/lib/python3.11/site-packages/isaacsim/exts/isaacsim.robot.surface_gripper/isaacsim/robot/surface_gripper/tests`: errno=28/No space left on device
2026-08-31T06:26:04Z [2,685ms] [Error] [carb] Failed to create change watch for `/home/j/env_isaaclab/lib/python3.11/site-packages/isaacsim/exts/isaacsim.robot.surface_gripper/isaacsim/robot/surface_gripper/impl`: errno=28/No space left on device
2026-08-31T06:26:04Z [2,685ms] [Error] [carb] Failed to create change watch for `/home/j/env_isaaclab/lib/python3.11/site-packages/isaacsim/exts/isaacsim.robot.surface_gripper/isaacsim/robot/surface_gripper/ogn`: errno=28/No space left on device
2026-08-31T06:26:04Z [2,685ms] [Error] [carb] Failed to create change watch for `/home/j/env_isaaclab/lib/python3.11/site-packages/isaacsim/exts/isaacsim.robot.surface_gripper/isaacsim/robot/surface_gripper/ogn/tests`: errno=28/No space left on device
2026-08-31T06:26:04Z [2,685ms] [Error] [carb] Failed to create change watch for `/home/j/env_isaaclab/lib/python3.11/site-packages/isaacsim/exts/isaacsim.robot.surface_gripper/isaacsim/robot/surface_gripper/ogn/tests/usd`: errno=28/No space left on device
2026-08-31T06:26:04Z [2,685ms] [Error] [carb] Failed to create change watch for `/home/j/env_isaaclab/lib/python3.11/site-packages/isaacsim/exts/isaacsim.robot.surface_gripper/isaacsim/robot/surface_gripper/ogn/python`: errno=28/No space left on device
2026-08-31T06:26:04Z [2,685ms] [Error] [carb] Failed to create change watch for `/home/j/env_isaaclab/lib/python3.11/site-packages/isaacsim/exts/isaacsim.robot.surface_gripper/isaacsim/robot/surface_gripper/ogn/python/nodes`: errno=28/No space left on device
2026-08-31T06:26:04Z [2,685ms] [Error] [carb] Failed to create change watch for `/home/j/env_isaaclab/lib/python3.11/site-packages/isaacsim/exts/isaacsim.robot.surface_gripper/isaacsim/robot/surface_gripper/ogn/python/nodes/icons`: errno=28/No space left on device
2026-08-31T06:26:04Z [2,685ms] [Error] [carb] Failed to create change watch for `/home/j/env_isaaclab/lib/python3.11/site-packages/isaacsim/exts/isaacsim.robot.surface_gripper/isaacsim/robot/surface_gripper/ogn/python/nodes/config`: errno=28/No space left on device
2026-08-31T06:26:04Z [2,687ms] [Error] [carb] Failed to create change watch for `/home/j/env_isaaclab/lib/python3.11/site-packages/isaacsim/extscache/omni.kit.ui_test-1.3.7+69cbf6ad`: errno=28/No space left on device
[2.696s] [ext: omni.graph.visualization.nodes-2.1.3] startup
2026-08-31T06:26:04Z [2,687ms] [Error] [carb] Failed to create change watch for `/home/j/env_isaaclab/lib/python3.11/site-packages/isaacsim/extscache/omni.kit.ui_test-1.3.7+69cbf6ad/config`: errno=28/No space left on device
2026-08-31T06:26:04Z [2,687ms] [Error] [carb] Failed to create change watch for `/home/j/env_isaaclab/lib/python3.11/site-packages/isaacsim/extscache/omni.kit.ui_test-1.3.7+69cbf6ad/omni`: errno=28/No space left on device
2026-08-31T06:26:04Z [2,687ms] [Error] [carb] Failed to create change watch for `/home/j/env_isaaclab/lib/python3.11/site-packages/isaacsim/extscache/omni.kit.ui_test-1.3.7+69cbf6ad/omni/kit`: errno=28/No space left on device
2026-08-31T06:26:04Z [2,687ms] [Error] [carb] Failed to create change watch for `/home/j/env_isaaclab/lib/python3.11/site-packages/isaacsim/extscache/omni.kit.ui_test-1.3.7+69cbf6ad/omni/kit/ui_test`: errno=28/No space left on device
2026-08-31T06:26:04Z [2,687ms] [Error] [carb] Failed to create change watch for `/home/j/env_isaaclab/lib/python3.11/site-packages/isaacsim/extscache/omni.kit.ui_test-1.3.7+69cbf6ad/omni/kit/ui_test/tests`: errno=28/No space left on device
2026-08-31T06:26:04Z [2,711ms] [Error] [carb] Failed to create change watch for `/home/j/env_isaaclab/lib/python3.11/site-packages/isaacsim/extscache/omni.graph.visualization.nodes-2.1.3`: errno=28/No space left on device
2026-08-31T06:26:04Z [2,711ms] [Error] [carb] Failed to create change watch for `/home/j/env_isaaclab/lib/python3.11/site-packages/isaacsim/extscache/omni.graph.visualization.nodes-2.1.3/config`: errno=28/No space left on device
2026-08-31T06:26:04Z [2,711ms] [Error] [carb] Failed to create change watch for `/home/j/env_isaaclab/lib/python3.11/site-packages/isaacsim/extscache/omni.graph.visualization.nodes-2.1.3/omni`: errno=28/No space left on device
[2.720s] [ext: isaacsim.robot_motion.lula-4.0.8] startup
2026-08-31T06:26:04Z [2,711ms] [Error] [carb] Failed to create change watch for `/home/j/env_isaaclab/lib/python3.11/site-packages/isaacsim/extscache/omni.graph.visualization.nodes-2.1.3/omni/graph`: errno=28/No space left on device
2026-08-31T06:26:04Z [2,711ms] [Error] [carb] Failed to create change watch for `/home/j/env_isaaclab/lib/python3.11/site-packages/isaacsim/extscache/omni.graph.visualization.nodes-2.1.3/omni/graph/visualization`: errno=28/No space left on device
2026-08-31T06:26:04Z [2,711ms] [Error] [carb] Failed to create change watch for `/home/j/env_isaaclab/lib/python3.11/site-packages/isaacsim/extscache/omni.graph.visualization.nodes-2.1.3/omni/graph/visualization/nodes`: errno=28/No space left on device
2026-08-31T06:26:04Z [2,711ms] [Error] [carb] Failed to create change watch for `/home/j/env_isaaclab/lib/python3.11/site-packages/isaacsim/extscache/omni.graph.visualization.nodes-2.1.3/omni/graph/visualization/nodes/tests`: errno=28/No space left on device
2026-08-31T06:26:04Z [2,711ms] [Error] [carb] Failed to create change watch for `/home/j/env_isaaclab/lib/python3.11/site-packages/isaacsim/extscache/omni.graph.visualization.nodes-2.1.3/omni/graph/visualization/nodes/ogn`: errno=28/No space left on device
2026-08-31T06:26:04Z [2,711ms] [Error] [carb] Failed to create change watch for `/home/j/env_isaaclab/lib/python3.11/site-packages/isaacsim/extscache/omni.graph.visualization.nodes-2.1.3/omni/graph/visualization/nodes/ogn/tests`: errno=28/No space left on device
2026-08-31T06:26:04Z [2,711ms] [Error] [carb] Failed to create change watch for `/home/j/env_isaaclab/lib/python3.11/site-packages/isaacsim/extscache/omni.graph.visualization.nodes-2.1.3/omni/graph/visualization/nodes/ogn/tests/usd`: errno=28/No space left on device
2026-08-31T06:26:04Z [2,711ms] [Error] [carb] Failed to create change watch for `/home/j/env_isaaclab/lib/python3.11/site-packages/isaacsim/extscache/omni.graph.visualization.nodes-2.1.3/omni/graph/visualization/nodes/ogn/nodes`: errno=28/No space left on device
2026-08-31T06:26:04Z [2,711ms] [Error] [carb] Failed to create change watch for `/home/j/env_isaaclab/lib/python3.11/site-packages/isaacsim/extscache/omni.graph.visualization.nodes-2.1.3/omni/graph/visualization/nodes/_impl`: errno=28/No space left on device
2026-08-31T06:26:04Z [2,718ms] [Error] [carb] Failed to create change watch for `/home/j/env_isaaclab/lib/python3.11/site-packages/isaacsim/exts/isaacsim.robot_motion.lula`: errno=28/No space left on device
2026-08-31T06:26:04Z [2,718ms] [Error] [carb] Failed to create change watch for `/home/j/env_isaaclab/lib/python3.11/site-packages/isaacsim/exts/isaacsim.robot_motion.lula/config`: errno=28/No space left on device
2026-08-31T06:26:04Z [2,718ms] [Error] [carb] Failed to create change watch for `/home/j/env_isaaclab/lib/python3.11/site-packages/isaacsim/exts/isaacsim.robot_motion.lula/isaacsim`: errno=28/No space left on device
[2.727s] [ext: isaacsim.core.nodes-3.4.3] startup
2026-08-31T06:26:04Z [2,718ms] [Error] [carb] Failed to create change watch for `/home/j/env_isaaclab/lib/python3.11/site-packages/isaacsim/exts/isaacsim.robot_motion.lula/isaacsim/robot_motion`: errno=28/No space left on device
2026-08-31T06:26:04Z [2,718ms] [Error] [carb] Failed to create change watch for `/home/j/env_isaaclab/lib/python3.11/site-packages/isaacsim/exts/isaacsim.robot_motion.lula/isaacsim/robot_motion/lula`: errno=28/No space left on device
2026-08-31T06:26:04Z [2,718ms] [Error] [carb] Failed to create change watch for `/home/j/env_isaaclab/lib/python3.11/site-packages/isaacsim/exts/isaacsim.robot_motion.lula/isaacsim/robot_motion/lula/tests`: errno=28/No space left on device
[2.735s] [ext: isaacsim.gui.components-1.2.1] startup
2026-08-31T06:26:04Z [2,726ms] [Error] [carb] Failed to create change watch for `/home/j/env_isaaclab/lib/python3.11/site-packages/isaacsim/exts/isaacsim.core.nodes`: errno=28/No space left on device
2026-08-31T06:26:04Z [2,726ms] [Error] [carb] Failed to create change watch for `/home/j/env_isaaclab/lib/python3.11/site-packages/isaacsim/exts/isaacsim.core.nodes/config`: errno=28/No space left on device
2026-08-31T06:26:04Z [2,726ms] [Error] [carb] Failed to create change watch for `/home/j/env_isaaclab/lib/python3.11/site-packages/isaacsim/exts/isaacsim.core.nodes/isaacsim`: errno=28/No space left on device
2026-08-31T06:26:04Z [2,727ms] [Error] [carb] Failed to create change watch for `/home/j/env_isaaclab/lib/python3.11/site-packages/isaacsim/exts/isaacsim.core.nodes/isaacsim/core`: errno=28/No space left on device
2026-08-31T06:26:04Z [2,727ms] [Error] [carb] Failed to create change watch for `/home/j/env_isaaclab/lib/python3.11/site-packages/isaacsim/exts/isaacsim.core.nodes/isaacsim/core/nodes`: errno=28/No space left on device
2026-08-31T06:26:04Z [2,727ms] [Error] [carb] Failed to create change watch for `/home/j/env_isaaclab/lib/python3.11/site-packages/isaacsim/exts/isaacsim.core.nodes/isaacsim/core/nodes/tests`: errno=28/No space left on device
2026-08-31T06:26:04Z [2,727ms] [Error] [carb] Failed to create change watch for `/home/j/env_isaaclab/lib/python3.11/site-packages/isaacsim/exts/isaacsim.core.nodes/isaacsim/core/nodes/bindings`: errno=28/No space left on device
2026-08-31T06:26:04Z [2,727ms] [Error] [carb] Failed to create change watch for `/home/j/env_isaaclab/lib/python3.11/site-packages/isaacsim/exts/isaacsim.core.nodes/isaacsim/core/nodes/impl`: errno=28/No space left on device
2026-08-31T06:26:04Z [2,727ms] [Error] [carb] Failed to create change watch for `/home/j/env_isaaclab/lib/python3.11/site-packages/isaacsim/exts/isaacsim.core.nodes/isaacsim/core/nodes/scripts`: errno=28/No space left on device
2026-08-31T06:26:04Z [2,727ms] [Error] [carb] Failed to create change watch for `/home/j/env_isaaclab/lib/python3.11/site-packages/isaacsim/exts/isaacsim.core.nodes/isaacsim/core/nodes/ogn`: errno=28/No space left on device
2026-08-31T06:26:04Z [2,727ms] [Error] [carb] Failed to create change watch for `/home/j/env_isaaclab/lib/python3.11/site-packages/isaacsim/exts/isaacsim.core.nodes/isaacsim/core/nodes/ogn/tests`: errno=28/No space left on device
2026-08-31T06:26:04Z [2,727ms] [Error] [carb] Failed to create change watch for `/home/j/env_isaaclab/lib/python3.11/site-packages/isaacsim/exts/isaacsim.core.nodes/isaacsim/core/nodes/ogn/tests/usd`: errno=28/No space left on device
2026-08-31T06:26:04Z [2,727ms] [Error] [carb] Failed to create change watch for `/home/j/env_isaaclab/lib/python3.11/site-packages/isaacsim/exts/isaacsim.core.nodes/isaacsim/core/nodes/ogn/python`: errno=28/No space left on device
2026-08-31T06:26:04Z [2,727ms] [Error] [carb] Failed to create change watch for `/home/j/env_isaaclab/lib/python3.11/site-packages/isaacsim/exts/isaacsim.core.nodes/isaacsim/core/nodes/ogn/python/nodes`: errno=28/No space left on device
2026-08-31T06:26:04Z [2,727ms] [Error] [carb] Failed to create change watch for `/home/j/env_isaaclab/lib/python3.11/site-packages/isaacsim/exts/isaacsim.core.nodes/isaacsim/core/nodes/ogn/python/nodes/icons`: errno=28/No space left on device
2026-08-31T06:26:04Z [2,727ms] [Error] [carb] Failed to create change watch for `/home/j/env_isaaclab/lib/python3.11/site-packages/isaacsim/exts/isaacsim.core.nodes/isaacsim/core/nodes/ogn/python/nodes/config`: errno=28/No space left on device
2026-08-31T06:26:04Z [2,741ms] [Error] [carb] Failed to create change watch for `/home/j/env_isaaclab/lib/python3.11/site-packages/isaacsim/exts/isaacsim.gui.components`: errno=28/No space left on device
2026-08-31T06:26:04Z [2,741ms] [Error] [carb] Failed to create change watch for `/home/j/env_isaaclab/lib/python3.11/site-packages/isaacsim/exts/isaacsim.gui.components/config`: errno=28/No space left on device
2026-08-31T06:26:04Z [2,741ms] [Error] [carb] Failed to create change watch for `/home/j/env_isaaclab/lib/python3.11/site-packages/isaacsim/exts/isaacsim.gui.components/isaacsim`: errno=28/No space left on device
2026-08-31T06:26:04Z [2,741ms] [Error] [carb] Failed to create change watch for `/home/j/env_isaaclab/lib/python3.11/site-packages/isaacsim/exts/isaacsim.gui.components/isaacsim/gui`: errno=28/No space left on device
2026-08-31T06:26:04Z [2,742ms] [Error] [carb] Failed to create change watch for `/home/j/env_isaaclab/lib/python3.11/site-packages/isaacsim/exts/isaacsim.gui.components/isaacsim/gui/components`: errno=28/No space left on device
2026-08-31T06:26:04Z [2,742ms] [Error] [carb] Failed to create change watch for `/home/j/env_isaaclab/lib/python3.11/site-packages/isaacsim/exts/isaacsim.gui.components/isaacsim/gui/components/tests`: errno=28/No space left on device
2026-08-31T06:26:04Z [2,742ms] [Error] [carb] Failed to create change watch for `/home/j/env_isaaclab/lib/python3.11/site-packages/isaacsim/exts/isaacsim.gui.components/isaacsim/gui/components/element_wrappers`: errno=28/No space left on device
[2.751s] [ext: isaacsim.robot_motion.motion_generation-8.0.26] startup
2026-08-31T06:26:04Z [2,812ms] [Error] [carb] Failed to create change watch for `/home/j/env_isaaclab/lib/python3.11/site-packages/isaacsim/exts/isaacsim.robot_motion.motion_generation`: errno=28/No space left on device
2026-08-31T06:26:04Z [2,812ms] [Error] [carb] Failed to create change watch for `/home/j/env_isaaclab/lib/python3.11/site-packages/isaacsim/exts/isaacsim.robot_motion.motion_generation/config`: errno=28/No space left on device
[2.821s] [ext: isaacsim.robot.manipulators-3.3.6] startup
2026-08-31T06:26:04Z [2,812ms] [Error] [carb] Failed to create change watch for `/home/j/env_isaaclab/lib/python3.11/site-packages/isaacsim/exts/isaacsim.robot_motion.motion_generation/isaacsim`: errno=28/No space left on device
2026-08-31T06:26:04Z [2,812ms] [Error] [carb] Failed to create change watch for `/home/j/env_isaaclab/lib/python3.11/site-packages/isaacsim/exts/isaacsim.robot_motion.motion_generation/isaacsim/robot_motion`: errno=28/No space left on device
2026-08-31T06:26:04Z [2,812ms] [Error] [carb] Failed to create change watch for `/home/j/env_isaaclab/lib/python3.11/site-packages/isaacsim/exts/isaacsim.robot_motion.motion_generation/isaacsim/robot_motion/motion_generation`: errno=28/No space left on device
2026-08-31T06:26:04Z [2,812ms] [Error] [carb] Failed to create change watch for `/home/j/env_isaaclab/lib/python3.11/site-packages/isaacsim/exts/isaacsim.robot_motion.motion_generation/isaacsim/robot_motion/motion_generation/tests`: errno=28/No space left on device
2026-08-31T06:26:04Z [2,812ms] [Error] [carb] Failed to create change watch for `/home/j/env_isaaclab/lib/python3.11/site-packages/isaacsim/exts/isaacsim.robot_motion.motion_generation/isaacsim/robot_motion/motion_generation/tests/test_assets`: errno=28/No space left on device
2026-08-31T06:26:04Z [2,812ms] [Error] [carb] Failed to create change watch for `/home/j/env_isaaclab/lib/python3.11/site-packages/isaacsim/exts/isaacsim.robot_motion.motion_generation/isaacsim/robot_motion/motion_generation/lula`: errno=28/No space left on device
2026-08-31T06:26:04Z [2,891ms] [Error] [carb] Failed to create change watch for `/home/j/env_isaaclab/lib/python3.11/site-packages/isaacsim/exts/isaacsim.robot.manipulators`: errno=28/No space left on device
2026-08-31T06:26:04Z [2,891ms] [Error] [carb] Failed to create change watch for `/home/j/env_isaaclab/lib/python3.11/site-packages/isaacsim/exts/isaacsim.robot.manipulators/config`: errno=28/No space left on device
2026-08-31T06:26:04Z [2,891ms] [Error] [carb] Failed to create change watch for `/home/j/env_isaaclab/lib/python3.11/site-packages/isaacsim/exts/isaacsim.robot.manipulators/isaacsim`: errno=28/No space left on device
2026-08-31T06:26:04Z [2,891ms] [Error] [carb] Failed to create change watch for `/home/j/env_isaaclab/lib/python3.11/site-packages/isaacsim/exts/isaacsim.robot.manipulators/isaacsim/robot`: errno=28/No space left on device
2026-08-31T06:26:04Z [2,891ms] [Error] [carb] Failed to create change watch for `/home/j/env_isaaclab/lib/python3.11/site-packages/isaacsim/exts/isaacsim.robot.manipulators/isaacsim/robot/manipulators`: errno=28/No space left on device
2026-08-31T06:26:04Z [2,891ms] [Error] [carb] Failed to create change watch for `/home/j/env_isaaclab/lib/python3.11/site-packages/isaacsim/exts/isaacsim.robot.manipulators/isaacsim/robot/manipulators/grippers`: errno=28/No space left on device
2026-08-31T06:26:04Z [2,891ms] [Error] [carb] Failed to create change watch for `/home/j/env_isaaclab/lib/python3.11/site-packages/isaacsim/exts/isaacsim.robot.manipulators/isaacsim/robot/manipulators/tests`: errno=28/No space left on device
2026-08-31T06:26:04Z [2,891ms] [Error] [carb] Failed to create change watch for `/home/j/env_isaaclab/lib/python3.11/site-packages/isaacsim/exts/isaacsim.robot.manipulators/isaacsim/robot/manipulators/controllers`: errno=28/No space left on device
2026-08-31T06:26:04Z [2,891ms] [Error] [carb] Failed to create change watch for `/home/j/env_isaaclab/lib/python3.11/site-packages/isaacsim/exts/isaacsim.robot.manipulators/isaacsim/robot/manipulators/impl`: errno=28/No space left on device
2026-08-31T06:26:04Z [2,891ms] [Error] [carb] Failed to create change watch for `/home/j/env_isaaclab/lib/python3.11/site-packages/isaacsim/exts/isaacsim.robot.manipulators/isaacsim/robot/manipulators/ogn`: errno=28/No space left on device
2026-08-31T06:26:04Z [2,891ms] [Error] [carb] Failed to create change watch for `/home/j/env_isaaclab/lib/python3.11/site-packages/isaacsim/exts/isaacsim.robot.manipulators/isaacsim/robot/manipulators/ogn/tests`: errno=28/No space left on device
2026-08-31T06:26:04Z [2,891ms] [Error] [carb] Failed to create change watch for `/home/j/env_isaaclab/lib/python3.11/site-packages/isaacsim/exts/isaacsim.robot.manipulators/isaacsim/robot/manipulators/ogn/tests/usd`: errno=28/No space left on device
2026-08-31T06:26:04Z [2,891ms] [Error] [carb] Failed to create change watch for `/home/j/env_isaaclab/lib/python3.11/site-packages/isaacsim/exts/isaacsim.robot.manipulators/isaacsim/robot/manipulators/ogn/python`: errno=28/No space left on device
2026-08-31T06:26:04Z [2,891ms] [Error] [carb] Failed to create change watch for `/home/j/env_isaaclab/lib/python3.11/site-packages/isaacsim/exts/isaacsim.robot.manipulators/isaacsim/robot/manipulators/ogn/python/nodes`: errno=28/No space left on device
2026-08-31T06:26:04Z [2,891ms] [Error] [carb] Failed to create change watch for `/home/j/env_isaaclab/lib/python3.11/site-packages/isaacsim/exts/isaacsim.robot.manipulators/isaacsim/robot/manipulators/ogn/python/nodes/icons`: errno=28/No space left on device
2026-08-31T06:26:04Z [2,892ms] [Error] [carb] Failed to create change watch for `/home/j/env_isaaclab/lib/python3.11/site-packages/isaacsim/exts/isaacsim.robot.manipulators/isaacsim/robot/manipulators/ogn/python/nodes/config`: errno=28/No space left on device
2026-08-31T06:26:04Z [2,892ms] [Error] [carb] Failed to create change watch for `/home/j/env_isaaclab/lib/python3.11/site-packages/isaacsim/exts/isaacsim.robot.manipulators/isaacsim/robot/manipulators/nodes`: errno=28/No space left on device
2026-08-31T06:26:04Z [2,892ms] [Error] [carb] Failed to create change watch for `/home/j/env_isaaclab/lib/python3.11/site-packages/isaacsim/exts/isaacsim.robot.manipulators/isaacsim/robot/manipulators/nodes/icons`: errno=28/No space left on device
2026-08-31T06:26:04Z [2,892ms] [Error] [carb] Failed to create change watch for `/home/j/env_isaaclab/lib/python3.11/site-packages/isaacsim/exts/isaacsim.robot.manipulators/isaacsim/robot/manipulators/nodes/config`: errno=28/No space left on device
2026-08-31T06:26:04Z [2,892ms] [Error] [carb] Failed to create change watch for `/home/j/env_isaaclab/lib/python3.11/site-packages/isaacsim/exts/isaacsim.robot.manipulators/isaacsim/robot/manipulators/manipulators`: errno=28/No space left on device
[2.904s] [ext: isaacsim.core.experimental.materials-0.4.0] startup
2026-08-31T06:26:04Z [2,984ms] [Error] [carb] Failed to create change watch for `/home/j/env_isaaclab/lib/python3.11/site-packages/isaacsim/exts/isaacsim.core.experimental.materials`: errno=28/No space left on device
2026-08-31T06:26:04Z [2,984ms] [Error] [carb] Failed to create change watch for `/home/j/env_isaaclab/lib/python3.11/site-packages/isaacsim/exts/isaacsim.core.experimental.materials/config`: errno=28/No space left on device
2026-08-31T06:26:04Z [2,984ms] [Error] [carb] Failed to create change watch for `/home/j/env_isaaclab/lib/python3.11/site-packages/isaacsim/exts/isaacsim.core.experimental.materials/isaacsim`: errno=28/No space left on device
2026-08-31T06:26:04Z [2,984ms] [Error] [carb] Failed to create change watch for `/home/j/env_isaaclab/lib/python3.11/site-packages/isaacsim/exts/isaacsim.core.experimental.materials/isaacsim/core`: errno=28/No space left on device
2026-08-31T06:26:04Z [2,985ms] [Error] [carb] Failed to create change watch for `/home/j/env_isaaclab/lib/python3.11/site-packages/isaacsim/exts/isaacsim.core.experimental.materials/isaacsim/core/experimental`: errno=28/No space left on device
2026-08-31T06:26:04Z [2,985ms] [Error] [carb] Failed to create change watch for `/home/j/env_isaaclab/lib/python3.11/site-packages/isaacsim/exts/isaacsim.core.experimental.materials/isaacsim/core/experimental/materials`: errno=28/No space left on device
2026-08-31T06:26:04Z [2,985ms] [Error] [carb] Failed to create change watch for `/home/j/env_isaaclab/lib/python3.11/site-packages/isaacsim/exts/isaacsim.core.experimental.materials/isaacsim/core/experimental/materials/tests`: errno=28/No space left on device
2026-08-31T06:26:04Z [2,985ms] [Error] [carb] Failed to create change watch for `/home/j/env_isaaclab/lib/python3.11/site-packages/isaacsim/exts/isaacsim.core.experimental.materials/isaacsim/core/experimental/materials/impl`: errno=28/No space left on device
2026-08-31T06:26:04Z [2,985ms] [Error] [carb] Failed to create change watch for `/home/j/env_isaaclab/lib/python3.11/site-packages/isaacsim/exts/isaacsim.core.experimental.materials/isaacsim/core/experimental/materials/impl/visual_materials`: errno=28/No space left on device
2026-08-31T06:26:04Z [2,985ms] [Error] [carb] Failed to create change watch for `/home/j/env_isaaclab/lib/python3.11/site-packages/isaacsim/exts/isaacsim.core.experimental.materials/isaacsim/core/experimental/materials/impl/physics_materials`: errno=28/No space left on device
[2.997s] [ext: isaacsim.robot.manipulators.examples-1.1.2] startup
2026-08-31T06:26:04Z [3,010ms] [Error] [carb] Failed to create change watch for `/home/j/env_isaaclab/lib/python3.11/site-packages/isaacsim/exts/isaacsim.robot.manipulators.examples`: errno=28/No space left on device
2026-08-31T06:26:04Z [3,010ms] [Error] [carb] Failed to create change watch for `/home/j/env_isaaclab/lib/python3.11/site-packages/isaacsim/exts/isaacsim.robot.manipulators.examples/config`: errno=28/No space left on device
2026-08-31T06:26:04Z [3,010ms] [Error] [carb] Failed to create change watch for `/home/j/env_isaaclab/lib/python3.11/site-packages/isaacsim/exts/isaacsim.robot.manipulators.examples/isaacsim`: errno=28/No space left on device
2026-08-31T06:26:04Z [3,010ms] [Error] [carb] Failed to create change watch for `/home/j/env_isaaclab/lib/python3.11/site-packages/isaacsim/exts/isaacsim.robot.manipulators.examples/isaacsim/robot`: errno=28/No space left on device
2026-08-31T06:26:04Z [3,010ms] [Error] [carb] Failed to create change watch for `/home/j/env_isaaclab/lib/python3.11/site-packages/isaacsim/exts/isaacsim.robot.manipulators.examples/isaacsim/robot/manipulators`: errno=28/No space left on device
2026-08-31T06:26:04Z [3,011ms] [Error] [carb] Failed to create change watch for `/home/j/env_isaaclab/lib/python3.11/site-packages/isaacsim/exts/isaacsim.robot.manipulators.examples/isaacsim/robot/manipulators/examples`: errno=28/No space left on device
2026-08-31T06:26:04Z [3,011ms] [Error] [carb] Failed to create change watch for `/home/j/env_isaaclab/lib/python3.11/site-packages/isaacsim/exts/isaacsim.robot.manipulators.examples/isaacsim/robot/manipulators/examples/tests`: errno=28/No space left on device
2026-08-31T06:26:04Z [3,011ms] [Error] [carb] Failed to create change watch for `/home/j/env_isaaclab/lib/python3.11/site-packages/isaacsim/exts/isaacsim.robot.manipulators.examples/isaacsim/robot/manipulators/examples/universal_robots`: errno=28/No space left on device
2026-08-31T06:26:04Z [3,011ms] [Error] [carb] Failed to create change watch for `/home/j/env_isaaclab/lib/python3.11/site-packages/isaacsim/exts/isaacsim.robot.manipulators.examples/isaacsim/robot/manipulators/examples/universal_robots/controllers`: errno=28/No space left on device
2026-08-31T06:26:04Z [3,011ms] [Error] [carb] Failed to create change watch for `/home/j/env_isaaclab/lib/python3.11/site-packages/isaacsim/exts/isaacsim.robot.manipulators.examples/isaacsim/robot/manipulators/examples/universal_robots/tasks`: errno=28/No space left on device
2026-08-31T06:26:04Z [3,011ms] [Error] [carb] Failed to create change watch for `/home/j/env_isaaclab/lib/python3.11/site-packages/isaacsim/exts/isaacsim.robot.manipulators.examples/isaacsim/robot/manipulators/examples/franka`: errno=28/No space left on device
2026-08-31T06:26:04Z [3,011ms] [Error] [carb] Failed to create change watch for `/home/j/env_isaaclab/lib/python3.11/site-packages/isaacsim/exts/isaacsim.robot.manipulators.examples/isaacsim/robot/manipulators/examples/franka/pick_place`: errno=28/No space left on device
2026-08-31T06:26:04Z [3,011ms] [Error] [carb] Failed to create change watch for `/home/j/env_isaaclab/lib/python3.11/site-packages/isaacsim/exts/isaacsim.robot.manipulators.examples/isaacsim/robot/manipulators/examples/franka/controllers`: errno=28/No space left on device
2026-08-31T06:26:04Z [3,011ms] [Error] [carb] Failed to create change watch for `/home/j/env_isaaclab/lib/python3.11/site-packages/isaacsim/exts/isaacsim.robot.manipulators.examples/isaacsim/robot/manipulators/examples/franka/tasks`: errno=28/No space left on device
[3.023s] [ext: isaacsim.cortex.framework-1.0.12] startup
2026-08-31T06:26:05Z [3,026ms] [Error] [carb] Failed to create change watch for `/home/j/env_isaaclab/lib/python3.11/site-packages/isaacsim/exts/isaacsim.cortex.framework`: errno=28/No space left on device
2026-08-31T06:26:05Z [3,026ms] [Error] [carb] Failed to create change watch for `/home/j/env_isaaclab/lib/python3.11/site-packages/isaacsim/exts/isaacsim.cortex.framework/config`: errno=28/No space left on device
2026-08-31T06:26:05Z [3,026ms] [Error] [carb] Failed to create change watch for `/home/j/env_isaaclab/lib/python3.11/site-packages/isaacsim/exts/isaacsim.cortex.framework/isaacsim`: errno=28/No space left on device
2026-08-31T06:26:05Z [3,026ms] [Error] [carb] Failed to create change watch for `/home/j/env_isaaclab/lib/python3.11/site-packages/isaacsim/exts/isaacsim.cortex.framework/isaacsim/cortex`: errno=28/No space left on device
2026-08-31T06:26:05Z [3,026ms] [Error] [carb] Failed to create change watch for `/home/j/env_isaaclab/lib/python3.11/site-packages/isaacsim/exts/isaacsim.cortex.framework/isaacsim/cortex/framework`: errno=28/No space left on device
[3.041s] [ext: isaacsim.cortex.behaviors-2.0.14] startup
2026-08-31T06:26:05Z [3,081ms] [Error] [carb] Failed to create change watch for `/home/j/env_isaaclab/lib/python3.11/site-packages/isaacsim/exts/isaacsim.cortex.behaviors`: errno=28/No space left on device
2026-08-31T06:26:05Z [3,081ms] [Error] [carb] Failed to create change watch for `/home/j/env_isaaclab/lib/python3.11/site-packages/isaacsim/exts/isaacsim.cortex.behaviors/config`: errno=28/No space left on device
2026-08-31T06:26:05Z [3,081ms] [Error] [carb] Failed to create change watch for `/home/j/env_isaaclab/lib/python3.11/site-packages/isaacsim/exts/isaacsim.cortex.behaviors/isaacsim`: errno=28/No space left on device
[3.090s] [ext: omni.isaac.cortex.sample_behaviors-2.0.5] startup
2026-08-31T06:26:05Z [3,081ms] [Error] [carb] Failed to create change watch for `/home/j/env_isaaclab/lib/python3.11/site-packages/isaacsim/exts/isaacsim.cortex.behaviors/isaacsim/cortex`: errno=28/No space left on device
2026-08-31T06:26:05Z [3,081ms] [Error] [carb] Failed to create change watch for `/home/j/env_isaaclab/lib/python3.11/site-packages/isaacsim/exts/isaacsim.cortex.behaviors/isaacsim/cortex/behaviors`: errno=28/No space left on device
2026-08-31T06:26:05Z [3,081ms] [Error] [carb] Failed to create change watch for `/home/j/env_isaaclab/lib/python3.11/site-packages/isaacsim/exts/isaacsim.cortex.behaviors/isaacsim/cortex/behaviors/franka`: errno=28/No space left on device
2026-08-31T06:26:05Z [3,081ms] [Error] [carb] Failed to create change watch for `/home/j/env_isaaclab/lib/python3.11/site-packages/isaacsim/exts/isaacsim.cortex.behaviors/isaacsim/cortex/behaviors/franka/simple`: errno=28/No space left on device
2026-08-31T06:26:05Z [3,081ms] [Error] [carb] Failed to create change watch for `/home/j/env_isaaclab/lib/python3.11/site-packages/isaacsim/exts/isaacsim.cortex.behaviors/isaacsim/cortex/behaviors/ur10`: errno=28/No space left on device
2026-08-31T06:26:05Z [3,085ms] [Warning] [omni.isaac.cortex] omni.isaac.cortex has been deprecated in favor of isaacsim.cortex.framework. Please update your code accordingly.
2026-08-31T06:26:05Z [3,088ms] [Warning] [omni.isaac.cortex.sample_behaviors] omni.isaac.cortex.sample_behaviors has been deprecated in favor of isaacsim.cortex.behaviors. Please update your code accordingly.
2026-08-31T06:26:05Z [3,088ms] [Error] [carb] Failed to create change watch for `/home/j/env_isaaclab/lib/python3.11/site-packages/isaacsim/extsDeprecated/omni.isaac.cortex.sample_behaviors`: errno=28/No space left on device
2026-08-31T06:26:05Z [3,088ms] [Error] [carb] Failed to create change watch for `/home/j/env_isaaclab/lib/python3.11/site-packages/isaacsim/extsDeprecated/omni.isaac.cortex.sample_behaviors/config`: errno=28/No space left on device
2026-08-31T06:26:05Z [3,088ms] [Error] [carb] Failed to create change watch for `/home/j/env_isaaclab/lib/python3.11/site-packages/isaacsim/extsDeprecated/omni.isaac.cortex.sample_behaviors/omni`: errno=28/No space left on device
2026-08-31T06:26:05Z [3,088ms] [Error] [carb] Failed to create change watch for `/home/j/env_isaaclab/lib/python3.11/site-packages/isaacsim/extsDeprecated/omni.isaac.cortex.sample_behaviors/omni/isaac`: errno=28/No space left on device
2026-08-31T06:26:05Z [3,088ms] [Error] [carb] Failed to create change watch for `/home/j/env_isaaclab/lib/python3.11/site-packages/isaacsim/extsDeprecated/omni.isaac.cortex.sample_behaviors/omni/isaac/cortex`: errno=28/No space left on device
2026-08-31T06:26:05Z [3,088ms] [Error] [carb] Failed to create change watch for `/home/j/env_isaaclab/lib/python3.11/site-packages/isaacsim/extsDeprecated/omni.isaac.cortex.sample_behaviors/omni/isaac/cortex/sample_behaviors`: errno=28/No space left on device
2026-08-31T06:26:05Z [3,088ms] [Error] [carb] Failed to create change watch for `/home/j/env_isaaclab/lib/python3.11/site-packages/isaacsim/extsDeprecated/omni.isaac.cortex.sample_behaviors/omni/isaac/cortex/sample_behaviors/franka`: errno=28/No space left on device
2026-08-31T06:26:05Z [3,088ms] [Error] [carb] Failed to create change watch for `/home/j/env_isaaclab/lib/python3.11/site-packages/isaacsim/extsDeprecated/omni.isaac.cortex.sample_behaviors/omni/isaac/cortex/sample_behaviors/franka/simple`: errno=28/No space left on device
2026-08-31T06:26:05Z [3,089ms] [Error] [carb] Failed to create change watch for `/home/j/env_isaaclab/lib/python3.11/site-packages/isaacsim/extsDeprecated/omni.isaac.cortex.sample_behaviors/omni/isaac/cortex/sample_behaviors/ur10`: errno=28/No space left on device
[3.099s] [ext: omni.kit.widget.zoombar-1.0.6] startup
Warp DeprecationWarning: The `warp.sim` module is deprecated and will be removed in v1.10. Please transition to using the forthcoming Newton library instead.
2026-08-31T06:26:05Z [3,101ms] [Error] [carb] Failed to create change watch for `/home/j/env_isaaclab/lib/python3.11/site-packages/isaacsim/extscache/omni.kit.widget.zoombar-1.0.6`: errno=28/No space left on device
2026-08-31T06:26:05Z [3,101ms] [Error] [carb] Failed to create change watch for `/home/j/env_isaaclab/lib/python3.11/site-packages/isaacsim/extscache/omni.kit.widget.zoombar-1.0.6/config`: errno=28/No space left on device
2026-08-31T06:26:05Z [3,101ms] [Error] [carb] Failed to create change watch for `/home/j/env_isaaclab/lib/python3.11/site-packages/isaacsim/extscache/omni.kit.widget.zoombar-1.0.6/omni`: errno=28/No space left on device
2026-08-31T06:26:05Z [3,101ms] [Error] [carb] Failed to create change watch for `/home/j/env_isaaclab/lib/python3.11/site-packages/isaacsim/extscache/omni.kit.widget.zoombar-1.0.6/omni/kit`: errno=28/No space left on device
2026-08-31T06:26:05Z [3,101ms] [Error] [carb] Failed to create change watch for `/home/j/env_isaaclab/lib/python3.11/site-packages/isaacsim/extscache/omni.kit.widget.zoombar-1.0.6/omni/kit/widget`: errno=28/No space left on device
2026-08-31T06:26:05Z [3,101ms] [Error] [carb] Failed to create change watch for `/home/j/env_isaaclab/lib/python3.11/site-packages/isaacsim/extscache/omni.kit.widget.zoombar-1.0.6/omni/kit/widget/zoombar`: errno=28/No space left on device
2026-08-31T06:26:05Z [3,101ms] [Error] [carb] Failed to create change watch for `/home/j/env_isaaclab/lib/python3.11/site-packages/isaacsim/extscache/omni.kit.widget.zoombar-1.0.6/omni/kit/widget/zoombar/tests`: errno=28/No space left on device
[3.116s] [ext: isaacsim.gui.content_browser-0.1.11] startup
2026-08-31T06:26:05Z [3,116ms] [Error] [carb] Failed to create change watch for `/home/j/env_isaaclab/lib/python3.11/site-packages/isaacsim/exts/isaacsim.gui.content_browser`: errno=28/No space left on device
[3.125s] [ext: omni.kit.browser.core-2.3.13] startup
2026-08-31T06:26:05Z [3,116ms] [Error] [carb] Failed to create change watch for `/home/j/env_isaaclab/lib/python3.11/site-packages/isaacsim/exts/isaacsim.gui.content_browser/config`: errno=28/No space left on device
2026-08-31T06:26:05Z [3,116ms] [Error] [carb] Failed to create change watch for `/home/j/env_isaaclab/lib/python3.11/site-packages/isaacsim/exts/isaacsim.gui.content_browser/isaacsim`: errno=28/No space left on device
2026-08-31T06:26:05Z [3,116ms] [Error] [carb] Failed to create change watch for `/home/j/env_isaaclab/lib/python3.11/site-packages/isaacsim/exts/isaacsim.gui.content_browser/isaacsim/gui`: errno=28/No space left on device
2026-08-31T06:26:05Z [3,116ms] [Error] [carb] Failed to create change watch for `/home/j/env_isaaclab/lib/python3.11/site-packages/isaacsim/exts/isaacsim.gui.content_browser/isaacsim/gui/content_browser`: errno=28/No space left on device
2026-08-31T06:26:05Z [3,116ms] [Error] [carb] Failed to create change watch for `/home/j/env_isaaclab/lib/python3.11/site-packages/isaacsim/exts/isaacsim.gui.content_browser/isaacsim/gui/content_browser/tests`: errno=28/No space left on device
2026-08-31T06:26:05Z [3,116ms] [Error] [carb] Failed to create change watch for `/home/j/env_isaaclab/lib/python3.11/site-packages/isaacsim/exts/isaacsim.gui.content_browser/isaacsim/gui/content_browser/impl`: errno=28/No space left on device
2026-08-31T06:26:05Z [3,133ms] [Error] [carb] Failed to create change watch for `/home/j/env_isaaclab/lib/python3.11/site-packages/isaacsim/extscache/omni.kit.browser.core-2.3.13`: errno=28/No space left on device
[3.142s] [ext: omni.kit.widget.stage_icons-1.0.8] startup
2026-08-31T06:26:05Z [3,133ms] [Error] [carb] Failed to create change watch for `/home/j/env_isaaclab/lib/python3.11/site-packages/isaacsim/extscache/omni.kit.browser.core-2.3.13/config`: errno=28/No space left on device
2026-08-31T06:26:05Z [3,134ms] [Error] [carb] Failed to create change watch for `/home/j/env_isaaclab/lib/python3.11/site-packages/isaacsim/extscache/omni.kit.browser.core-2.3.13/omni`: errno=28/No space left on device
2026-08-31T06:26:05Z [3,134ms] [Error] [carb] Failed to create change watch for `/home/j/env_isaaclab/lib/python3.11/site-packages/isaacsim/extscache/omni.kit.browser.core-2.3.13/omni/kit`: errno=28/No space left on device
2026-08-31T06:26:05Z [3,134ms] [Error] [carb] Failed to create change watch for `/home/j/env_isaaclab/lib/python3.11/site-packages/isaacsim/extscache/omni.kit.browser.core-2.3.13/omni/kit/browser`: errno=28/No space left on device
2026-08-31T06:26:05Z [3,134ms] [Error] [carb] Failed to create change watch for `/home/j/env_isaaclab/lib/python3.11/site-packages/isaacsim/extscache/omni.kit.browser.core-2.3.13/omni/kit/browser/core`: errno=28/No space left on device
2026-08-31T06:26:05Z [3,134ms] [Error] [carb] Failed to create change watch for `/home/j/env_isaaclab/lib/python3.11/site-packages/isaacsim/extscache/omni.kit.browser.core-2.3.13/omni/kit/browser/core/tests`: errno=28/No space left on device
2026-08-31T06:26:05Z [3,134ms] [Error] [carb] Failed to create change watch for `/home/j/env_isaaclab/lib/python3.11/site-packages/isaacsim/extscache/omni.kit.browser.core-2.3.13/omni/kit/browser/core/widgets`: errno=28/No space left on device
2026-08-31T06:26:05Z [3,134ms] [Error] [carb] Failed to create change watch for `/home/j/env_isaaclab/lib/python3.11/site-packages/isaacsim/extscache/omni.kit.browser.core-2.3.13/omni/kit/browser/core/models`: errno=28/No space left on device
2026-08-31T06:26:05Z [3,136ms] [Error] [carb] Failed to create change watch for `/home/j/env_isaaclab/lib/python3.11/site-packages/isaacsim/extscache/omni.kit.widget.stage_icons-1.0.8+69cbf6ad`: errno=28/No space left on device
2026-08-31T06:26:05Z [3,136ms] [Error] [carb] Failed to create change watch for `/home/j/env_isaaclab/lib/python3.11/site-packages/isaacsim/extscache/omni.kit.widget.stage_icons-1.0.8+69cbf6ad/config`: errno=28/No space left on device
2026-08-31T06:26:05Z [3,136ms] [Error] [carb] Failed to create change watch for `/home/j/env_isaaclab/lib/python3.11/site-packages/isaacsim/extscache/omni.kit.widget.stage_icons-1.0.8+69cbf6ad/omni`: errno=28/No space left on device
[3.145s] [ext: omni.kit.widget.prompt-1.0.7] startup
2026-08-31T06:26:05Z [3,136ms] [Error] [carb] Failed to create change watch for `/home/j/env_isaaclab/lib/python3.11/site-packages/isaacsim/extscache/omni.kit.widget.stage_icons-1.0.8+69cbf6ad/omni/kit`: errno=28/No space left on device
2026-08-31T06:26:05Z [3,136ms] [Error] [carb] Failed to create change watch for `/home/j/env_isaaclab/lib/python3.11/site-packages/isaacsim/extscache/omni.kit.widget.stage_icons-1.0.8+69cbf6ad/omni/kit/widget`: errno=28/No space left on device
2026-08-31T06:26:05Z [3,136ms] [Error] [carb] Failed to create change watch for `/home/j/env_isaaclab/lib/python3.11/site-packages/isaacsim/extscache/omni.kit.widget.stage_icons-1.0.8+69cbf6ad/omni/kit/widget/stage_icons`: errno=28/No space left on device
2026-08-31T06:26:05Z [3,136ms] [Error] [carb] Failed to create change watch for `/home/j/env_isaaclab/lib/python3.11/site-packages/isaacsim/extscache/omni.kit.widget.stage_icons-1.0.8+69cbf6ad/omni/kit/widget/stage_icons/tests`: errno=28/No space left on device
2026-08-31T06:26:05Z [3,137ms] [Error] [carb] Failed to create change watch for `/home/j/env_isaaclab/lib/python3.11/site-packages/isaacsim/extscache/omni.kit.widget.prompt-1.0.7+69cbf6ad`: errno=28/No space left on device
2026-08-31T06:26:05Z [3,137ms] [Error] [carb] Failed to create change watch for `/home/j/env_isaaclab/lib/python3.11/site-packages/isaacsim/extscache/omni.kit.widget.prompt-1.0.7+69cbf6ad/config`: errno=28/No space left on device
2026-08-31T06:26:05Z [3,137ms] [Error] [carb] Failed to create change watch for `/home/j/env_isaaclab/lib/python3.11/site-packages/isaacsim/extscache/omni.kit.widget.prompt-1.0.7+69cbf6ad/omni`: errno=28/No space left on device
2026-08-31T06:26:05Z [3,137ms] [Error] [carb] Failed to create change watch for `/home/j/env_isaaclab/lib/python3.11/site-packages/isaacsim/extscache/omni.kit.widget.prompt-1.0.7+69cbf6ad/omni/kit`: errno=28/No space left on device
2026-08-31T06:26:05Z [3,137ms] [Error] [carb] Failed to create change watch for `/home/j/env_isaaclab/lib/python3.11/site-packages/isaacsim/extscache/omni.kit.widget.prompt-1.0.7+69cbf6ad/omni/kit/widget`: errno=28/No space left on device
2026-08-31T06:26:05Z [3,137ms] [Error] [carb] Failed to create change watch for `/home/j/env_isaaclab/lib/python3.11/site-packages/isaacsim/extscache/omni.kit.widget.prompt-1.0.7+69cbf6ad/omni/kit/widget/prompt`: errno=28/No space left on device
2026-08-31T06:26:05Z [3,137ms] [Error] [carb] Failed to create change watch for `/home/j/env_isaaclab/lib/python3.11/site-packages/isaacsim/extscache/omni.kit.widget.prompt-1.0.7+69cbf6ad/omni/kit/widget/prompt/tests`: errno=28/No space left on device
[3.147s] [ext: omni.kit.usd.collect-2.4.5] startup
2026-08-31T06:26:05Z [3,142ms] [Error] [carb] Failed to create change watch for `/home/j/env_isaaclab/lib/python3.11/site-packages/isaacsim/extscache/omni.kit.usd.collect-2.4.5+69cbf6ad`: errno=28/No space left on device
2026-08-31T06:26:05Z [3,142ms] [Error] [carb] Failed to create change watch for `/home/j/env_isaaclab/lib/python3.11/site-packages/isaacsim/extscache/omni.kit.usd.collect-2.4.5+69cbf6ad/config`: errno=28/No space left on device
2026-08-31T06:26:05Z [3,142ms] [Error] [carb] Failed to create change watch for `/home/j/env_isaaclab/lib/python3.11/site-packages/isaacsim/extscache/omni.kit.usd.collect-2.4.5+69cbf6ad/omni`: errno=28/No space left on device
2026-08-31T06:26:05Z [3,142ms] [Error] [carb] Failed to create change watch for `/home/j/env_isaaclab/lib/python3.11/site-packages/isaacsim/extscache/omni.kit.usd.collect-2.4.5+69cbf6ad/omni/kit`: errno=28/No space left on device
2026-08-31T06:26:05Z [3,142ms] [Error] [carb] Failed to create change watch for `/home/j/env_isaaclab/lib/python3.11/site-packages/isaacsim/extscache/omni.kit.usd.collect-2.4.5+69cbf6ad/omni/kit/usd`: errno=28/No space left on device
2026-08-31T06:26:05Z [3,142ms] [Error] [carb] Failed to create change watch for `/home/j/env_isaaclab/lib/python3.11/site-packages/isaacsim/extscache/omni.kit.usd.collect-2.4.5+69cbf6ad/omni/kit/usd/collect`: errno=28/No space left on device
2026-08-31T06:26:05Z [3,142ms] [Error] [carb] Failed to create change watch for `/home/j/env_isaaclab/lib/python3.11/site-packages/isaacsim/extscache/omni.kit.usd.collect-2.4.5+69cbf6ad/omni/kit/usd/collect/tests`: errno=28/No space left on device
[3.152s] [ext: omni.kit.browser.folder.core-1.10.9] startup
2026-08-31T06:26:05Z [3,147ms] [Error] [carb] Failed to create change watch for `/home/j/env_isaaclab/lib/python3.11/site-packages/isaacsim/extscache/omni.kit.browser.folder.core-1.10.9`: errno=28/No space left on device
[3.156s] [ext: omni.kit.window.stage-2.6.1] startup
2026-08-31T06:26:05Z [3,147ms] [Error] [carb] Failed to create change watch for `/home/j/env_isaaclab/lib/python3.11/site-packages/isaacsim/extscache/omni.kit.browser.folder.core-1.10.9/config`: errno=28/No space left on device
2026-08-31T06:26:05Z [3,147ms] [Error] [carb] Failed to create change watch for `/home/j/env_isaaclab/lib/python3.11/site-packages/isaacsim/extscache/omni.kit.browser.folder.core-1.10.9/omni`: errno=28/No space left on device
2026-08-31T06:26:05Z [3,147ms] [Error] [carb] Failed to create change watch for `/home/j/env_isaaclab/lib/python3.11/site-packages/isaacsim/extscache/omni.kit.browser.folder.core-1.10.9/omni/kit`: errno=28/No space left on device
2026-08-31T06:26:05Z [3,147ms] [Error] [carb] Failed to create change watch for `/home/j/env_isaaclab/lib/python3.11/site-packages/isaacsim/extscache/omni.kit.browser.folder.core-1.10.9/omni/kit/browser`: errno=28/No space left on device
2026-08-31T06:26:05Z [3,147ms] [Error] [carb] Failed to create change watch for `/home/j/env_isaaclab/lib/python3.11/site-packages/isaacsim/extscache/omni.kit.browser.folder.core-1.10.9/omni/kit/browser/folder`: errno=28/No space left on device
2026-08-31T06:26:05Z [3,148ms] [Error] [carb] Failed to create change watch for `/home/j/env_isaaclab/lib/python3.11/site-packages/isaacsim/extscache/omni.kit.browser.folder.core-1.10.9/omni/kit/browser/folder/core`: errno=28/No space left on device
2026-08-31T06:26:05Z [3,148ms] [Error] [carb] Failed to create change watch for `/home/j/env_isaaclab/lib/python3.11/site-packages/isaacsim/extscache/omni.kit.browser.folder.core-1.10.9/omni/kit/browser/folder/core/tests`: errno=28/No space left on device
2026-08-31T06:26:05Z [3,148ms] [Error] [carb] Failed to create change watch for `/home/j/env_isaaclab/lib/python3.11/site-packages/isaacsim/extscache/omni.kit.browser.folder.core-1.10.9/omni/kit/browser/folder/core/property`: errno=28/No space left on device
2026-08-31T06:26:05Z [3,148ms] [Error] [carb] Failed to create change watch for `/home/j/env_isaaclab/lib/python3.11/site-packages/isaacsim/extscache/omni.kit.browser.folder.core-1.10.9/omni/kit/browser/folder/core/widgets`: errno=28/No space left on device
2026-08-31T06:26:05Z [3,148ms] [Error] [carb] Failed to create change watch for `/home/j/env_isaaclab/lib/python3.11/site-packages/isaacsim/extscache/omni.kit.browser.folder.core-1.10.9/omni/kit/browser/folder/core/models`: errno=28/No space left on device
2026-08-31T06:26:05Z [3,160ms] [Error] [carb] Failed to create change watch for `/home/j/env_isaaclab/lib/python3.11/site-packages/isaacsim/extscache/omni.kit.window.stage-2.6.1+69cbf6ad`: errno=28/No space left on device
2026-08-31T06:26:05Z [3,160ms] [Error] [carb] Failed to create change watch for `/home/j/env_isaaclab/lib/python3.11/site-packages/isaacsim/extscache/omni.kit.window.stage-2.6.1+69cbf6ad/config`: errno=28/No space left on device
2026-08-31T06:26:05Z [3,160ms] [Error] [carb] Failed to create change watch for `/home/j/env_isaaclab/lib/python3.11/site-packages/isaacsim/extscache/omni.kit.window.stage-2.6.1+69cbf6ad/omni`: errno=28/No space left on device
2026-08-31T06:26:05Z [3,160ms] [Error] [carb] Failed to create change watch for `/home/j/env_isaaclab/lib/python3.11/site-packages/isaacsim/extscache/omni.kit.window.stage-2.6.1+69cbf6ad/omni/kit`: errno=28/No space left on device
[3.170s] [ext: omni.kit.usdz_export-1.0.9] startup
2026-08-31T06:26:05Z [3,160ms] [Error] [carb] Failed to create change watch for `/home/j/env_isaaclab/lib/python3.11/site-packages/isaacsim/extscache/omni.kit.window.stage-2.6.1+69cbf6ad/omni/kit/window`: errno=28/No space left on device
2026-08-31T06:26:05Z [3,161ms] [Error] [carb] Failed to create change watch for `/home/j/env_isaaclab/lib/python3.11/site-packages/isaacsim/extscache/omni.kit.window.stage-2.6.1+69cbf6ad/omni/kit/window/stage`: errno=28/No space left on device
2026-08-31T06:26:05Z [3,161ms] [Error] [carb] Failed to create change watch for `/home/j/env_isaaclab/lib/python3.11/site-packages/isaacsim/extscache/omni.kit.window.stage-2.6.1+69cbf6ad/omni/kit/window/stage/tests`: errno=28/No space left on device
2026-08-31T06:26:05Z [3,167ms] [Error] [carb] Failed to create change watch for `/home/j/env_isaaclab/lib/python3.11/site-packages/isaacsim/extscache/omni.kit.usdz_export-1.0.9+69cbf6ad`: errno=28/No space left on device
2026-08-31T06:26:05Z [3,167ms] [Error] [carb] Failed to create change watch for `/home/j/env_isaaclab/lib/python3.11/site-packages/isaacsim/extscache/omni.kit.usdz_export-1.0.9+69cbf6ad/config`: errno=28/No space left on device
2026-08-31T06:26:05Z [3,167ms] [Error] [carb] Failed to create change watch for `/home/j/env_isaaclab/lib/python3.11/site-packages/isaacsim/extscache/omni.kit.usdz_export-1.0.9+69cbf6ad/omni`: errno=28/No space left on device
2026-08-31T06:26:05Z [3,167ms] [Error] [carb] Failed to create change watch for `/home/j/env_isaaclab/lib/python3.11/site-packages/isaacsim/extscache/omni.kit.usdz_export-1.0.9+69cbf6ad/omni/kit`: errno=28/No space left on device
2026-08-31T06:26:05Z [3,167ms] [Error] [carb] Failed to create change watch for `/home/j/env_isaaclab/lib/python3.11/site-packages/isaacsim/extscache/omni.kit.usdz_export-1.0.9+69cbf6ad/omni/kit/usdz_export`: errno=28/No space left on device
2026-08-31T06:26:05Z [3,167ms] [Error] [carb] Failed to create change watch for `/home/j/env_isaaclab/lib/python3.11/site-packages/isaacsim/extscache/omni.kit.usdz_export-1.0.9+69cbf6ad/omni/kit/usdz_export/tests`: errno=28/No space left on device
[3.176s] [ext: omni.kit.tool.collect-2.2.18] startup
[3.184s] [ext: omni.kit.menu.stage-1.2.7] startup
2026-08-31T06:26:05Z [3,175ms] [Error] [carb] Failed to create change watch for `/home/j/env_isaaclab/lib/python3.11/site-packages/isaacsim/extscache/omni.kit.tool.collect-2.2.18+69cbf6ad`: errno=28/No space left on device
2026-08-31T06:26:05Z [3,175ms] [Error] [carb] Failed to create change watch for `/home/j/env_isaaclab/lib/python3.11/site-packages/isaacsim/extscache/omni.kit.tool.collect-2.2.18+69cbf6ad/config`: errno=28/No space left on device
2026-08-31T06:26:05Z [3,175ms] [Error] [carb] Failed to create change watch for `/home/j/env_isaaclab/lib/python3.11/site-packages/isaacsim/extscache/omni.kit.tool.collect-2.2.18+69cbf6ad/omni`: errno=28/No space left on device
2026-08-31T06:26:05Z [3,176ms] [Error] [carb] Failed to create change watch for `/home/j/env_isaaclab/lib/python3.11/site-packages/isaacsim/extscache/omni.kit.tool.collect-2.2.18+69cbf6ad/omni/kit`: errno=28/No space left on device
2026-08-31T06:26:05Z [3,176ms] [Error] [carb] Failed to create change watch for `/home/j/env_isaaclab/lib/python3.11/site-packages/isaacsim/extscache/omni.kit.tool.collect-2.2.18+69cbf6ad/omni/kit/tool`: errno=28/No space left on device
2026-08-31T06:26:05Z [3,176ms] [Error] [carb] Failed to create change watch for `/home/j/env_isaaclab/lib/python3.11/site-packages/isaacsim/extscache/omni.kit.tool.collect-2.2.18+69cbf6ad/omni/kit/tool/collect`: errno=28/No space left on device
2026-08-31T06:26:05Z [3,176ms] [Error] [carb] Failed to create change watch for `/home/j/env_isaaclab/lib/python3.11/site-packages/isaacsim/extscache/omni.kit.tool.collect-2.2.18+69cbf6ad/omni/kit/tool/collect/tests`: errno=28/No space left on device
2026-08-31T06:26:05Z [3,178ms] [Error] [carb] Failed to create change watch for `/home/j/env_isaaclab/lib/python3.11/site-packages/isaacsim/extscache/omni.kit.menu.stage-1.2.7`: errno=28/No space left on device
2026-08-31T06:26:05Z [3,178ms] [Error] [carb] Failed to create change watch for `/home/j/env_isaaclab/lib/python3.11/site-packages/isaacsim/extscache/omni.kit.menu.stage-1.2.7/config`: errno=28/No space left on device
2026-08-31T06:26:05Z [3,178ms] [Error] [carb] Failed to create change watch for `/home/j/env_isaaclab/lib/python3.11/site-packages/isaacsim/extscache/omni.kit.menu.stage-1.2.7/omni`: errno=28/No space left on device
2026-08-31T06:26:05Z [3,178ms] [Error] [carb] Failed to create change watch for `/home/j/env_isaaclab/lib/python3.11/site-packages/isaacsim/extscache/omni.kit.menu.stage-1.2.7/omni/kit`: errno=28/No space left on device
2026-08-31T06:26:05Z [3,178ms] [Error] [carb] Failed to create change watch for `/home/j/env_isaaclab/lib/python3.11/site-packages/isaacsim/extscache/omni.kit.menu.stage-1.2.7/omni/kit/menu`: errno=28/No space left on device
2026-08-31T06:26:05Z [3,178ms] [Error] [carb] Failed to create change watch for `/home/j/env_isaaclab/lib/python3.11/site-packages/isaacsim/extscache/omni.kit.menu.stage-1.2.7/omni/kit/menu/stage`: errno=28/No space left on device
[3.188s] [ext: omni.kit.tool.asset_importer-4.3.2] startup
2026-08-31T06:26:05Z [3,179ms] [Error] [carb] Failed to create change watch for `/home/j/env_isaaclab/lib/python3.11/site-packages/isaacsim/extscache/omni.kit.menu.stage-1.2.7/omni/kit/menu/stage/tests`: errno=28/No space left on device
2026-08-31T06:26:05Z [3,183ms] [Error] [carb] Failed to create change watch for `/home/j/env_isaaclab/lib/python3.11/site-packages/isaacsim/extscache/omni.kit.tool.asset_importer-4.3.2+107.0.3`: errno=28/No space left on device
2026-08-31T06:26:05Z [3,183ms] [Error] [carb] Failed to create change watch for `/home/j/env_isaaclab/lib/python3.11/site-packages/isaacsim/extscache/omni.kit.tool.asset_importer-4.3.2+107.0.3/config`: errno=28/No space left on device
[3.192s] [ext: isaacsim.robot.wheeled_robots-4.0.24] startup
2026-08-31T06:26:05Z [3,183ms] [Error] [carb] Failed to create change watch for `/home/j/env_isaaclab/lib/python3.11/site-packages/isaacsim/extscache/omni.kit.tool.asset_importer-4.3.2+107.0.3/omni`: errno=28/No space left on device
2026-08-31T06:26:05Z [3,183ms] [Error] [carb] Failed to create change watch for `/home/j/env_isaaclab/lib/python3.11/site-packages/isaacsim/extscache/omni.kit.tool.asset_importer-4.3.2+107.0.3/omni/kit`: errno=28/No space left on device
2026-08-31T06:26:05Z [3,183ms] [Error] [carb] Failed to create change watch for `/home/j/env_isaaclab/lib/python3.11/site-packages/isaacsim/extscache/omni.kit.tool.asset_importer-4.3.2+107.0.3/omni/kit/tool`: errno=28/No space left on device
2026-08-31T06:26:05Z [3,184ms] [Error] [carb] Failed to create change watch for `/home/j/env_isaaclab/lib/python3.11/site-packages/isaacsim/extscache/omni.kit.tool.asset_importer-4.3.2+107.0.3/omni/kit/tool/asset_importer`: errno=28/No space left on device
2026-08-31T06:26:05Z [3,184ms] [Error] [carb] Failed to create change watch for `/home/j/env_isaaclab/lib/python3.11/site-packages/isaacsim/extscache/omni.kit.tool.asset_importer-4.3.2+107.0.3/omni/kit/tool/asset_importer/tests`: errno=28/No space left on device
2026-08-31T06:26:05Z [3,184ms] [Error] [carb] Failed to create change watch for `/home/j/env_isaaclab/lib/python3.11/site-packages/isaacsim/extscache/omni.kit.tool.asset_importer-4.3.2+107.0.3/omni/kit/tool/asset_importer/filebrowser`: errno=28/No space left on device
2026-08-31T06:26:05Z [3,193ms] [Error] [carb] Failed to create change watch for `/home/j/env_isaaclab/lib/python3.11/site-packages/isaacsim/exts/isaacsim.robot.wheeled_robots`: errno=28/No space left on device
2026-08-31T06:26:05Z [3,193ms] [Error] [carb] Failed to create change watch for `/home/j/env_isaaclab/lib/python3.11/site-packages/isaacsim/exts/isaacsim.robot.wheeled_robots/config`: errno=28/No space left on device
[3.202s] [ext: isaacsim.examples.browser-0.2.1] startup
2026-08-31T06:26:05Z [3,193ms] [Error] [carb] Failed to create change watch for `/home/j/env_isaaclab/lib/python3.11/site-packages/isaacsim/exts/isaacsim.robot.wheeled_robots/isaacsim`: errno=28/No space left on device
2026-08-31T06:26:05Z [3,193ms] [Error] [carb] Failed to create change watch for `/home/j/env_isaaclab/lib/python3.11/site-packages/isaacsim/exts/isaacsim.robot.wheeled_robots/isaacsim/robot`: errno=28/No space left on device
2026-08-31T06:26:05Z [3,193ms] [Error] [carb] Failed to create change watch for `/home/j/env_isaaclab/lib/python3.11/site-packages/isaacsim/exts/isaacsim.robot.wheeled_robots/isaacsim/robot/wheeled_robots`: errno=28/No space left on device
2026-08-31T06:26:05Z [3,193ms] [Error] [carb] Failed to create change watch for `/home/j/env_isaaclab/lib/python3.11/site-packages/isaacsim/exts/isaacsim.robot.wheeled_robots/isaacsim/robot/wheeled_robots/tests`: errno=28/No space left on device
2026-08-31T06:26:05Z [3,193ms] [Error] [carb] Failed to create change watch for `/home/j/env_isaaclab/lib/python3.11/site-packages/isaacsim/exts/isaacsim.robot.wheeled_robots/isaacsim/robot/wheeled_robots/bindings`: errno=28/No space left on device
2026-08-31T06:26:05Z [3,193ms] [Error] [carb] Failed to create change watch for `/home/j/env_isaaclab/lib/python3.11/site-packages/isaacsim/exts/isaacsim.robot.wheeled_robots/isaacsim/robot/wheeled_robots/controllers`: errno=28/No space left on device
2026-08-31T06:26:05Z [3,193ms] [Error] [carb] Failed to create change watch for `/home/j/env_isaaclab/lib/python3.11/site-packages/isaacsim/exts/isaacsim.robot.wheeled_robots/isaacsim/robot/wheeled_robots/impl`: errno=28/No space left on device
2026-08-31T06:26:05Z [3,193ms] [Error] [carb] Failed to create change watch for `/home/j/env_isaaclab/lib/python3.11/site-packages/isaacsim/exts/isaacsim.robot.wheeled_robots/isaacsim/robot/wheeled_robots/ogn`: errno=28/No space left on device
2026-08-31T06:26:05Z [3,193ms] [Error] [carb] Failed to create change watch for `/home/j/env_isaaclab/lib/python3.11/site-packages/isaacsim/exts/isaacsim.robot.wheeled_robots/isaacsim/robot/wheeled_robots/ogn/tests`: errno=28/No space left on device
2026-08-31T06:26:05Z [3,193ms] [Error] [carb] Failed to create change watch for `/home/j/env_isaaclab/lib/python3.11/site-packages/isaacsim/exts/isaacsim.robot.wheeled_robots/isaacsim/robot/wheeled_robots/ogn/tests/usd`: errno=28/No space left on device
2026-08-31T06:26:05Z [3,193ms] [Error] [carb] Failed to create change watch for `/home/j/env_isaaclab/lib/python3.11/site-packages/isaacsim/exts/isaacsim.robot.wheeled_robots/isaacsim/robot/wheeled_robots/ogn/python`: errno=28/No space left on device
2026-08-31T06:26:05Z [3,194ms] [Error] [carb] Failed to create change watch for `/home/j/env_isaaclab/lib/python3.11/site-packages/isaacsim/exts/isaacsim.robot.wheeled_robots/isaacsim/robot/wheeled_robots/ogn/python/nodes`: errno=28/No space left on device
2026-08-31T06:26:05Z [3,194ms] [Error] [carb] Failed to create change watch for `/home/j/env_isaaclab/lib/python3.11/site-packages/isaacsim/exts/isaacsim.robot.wheeled_robots/isaacsim/robot/wheeled_robots/ogn/python/nodes/icons`: errno=28/No space left on device
2026-08-31T06:26:05Z [3,194ms] [Error] [carb] Failed to create change watch for `/home/j/env_isaaclab/lib/python3.11/site-packages/isaacsim/exts/isaacsim.robot.wheeled_robots/isaacsim/robot/wheeled_robots/ogn/python/nodes/config`: errno=28/No space left on device
2026-08-31T06:26:05Z [3,194ms] [Error] [carb] Failed to create change watch for `/home/j/env_isaaclab/lib/python3.11/site-packages/isaacsim/exts/isaacsim.robot.wheeled_robots/isaacsim/robot/wheeled_robots/ogn/nodes`: errno=28/No space left on device
2026-08-31T06:26:05Z [3,194ms] [Error] [carb] Failed to create change watch for `/home/j/env_isaaclab/lib/python3.11/site-packages/isaacsim/exts/isaacsim.robot.wheeled_robots/isaacsim/robot/wheeled_robots/ogn/nodes/icons`: errno=28/No space left on device
2026-08-31T06:26:05Z [3,194ms] [Error] [carb] Failed to create change watch for `/home/j/env_isaaclab/lib/python3.11/site-packages/isaacsim/exts/isaacsim.robot.wheeled_robots/isaacsim/robot/wheeled_robots/ogn/nodes/config`: errno=28/No space left on device
2026-08-31T06:26:05Z [3,194ms] [Error] [carb] Failed to create change watch for `/home/j/env_isaaclab/lib/python3.11/site-packages/isaacsim/exts/isaacsim.robot.wheeled_robots/isaacsim/robot/wheeled_robots/robots`: errno=28/No space left on device
2026-08-31T06:26:05Z [3,194ms] [Error] [carb] Failed to create change watch for `/home/j/env_isaaclab/lib/python3.11/site-packages/isaacsim/exts/isaacsim.robot.wheeled_robots/isaacsim/robot/wheeled_robots/nodes`: errno=28/No space left on device
2026-08-31T06:26:05Z [3,194ms] [Error] [carb] Failed to create change watch for `/home/j/env_isaaclab/lib/python3.11/site-packages/isaacsim/exts/isaacsim.robot.wheeled_robots/isaacsim/robot/wheeled_robots/nodes/icons`: errno=28/No space left on device
2026-08-31T06:26:05Z [3,194ms] [Error] [carb] Failed to create change watch for `/home/j/env_isaaclab/lib/python3.11/site-packages/isaacsim/exts/isaacsim.robot.wheeled_robots/isaacsim/robot/wheeled_robots/nodes/config`: errno=28/No space left on device
2026-08-31T06:26:05Z [3,200ms] [Error] [carb] Failed to create change watch for `/home/j/env_isaaclab/lib/python3.11/site-packages/isaacsim/exts/isaacsim.examples.browser`: errno=28/No space left on device
2026-08-31T06:26:05Z [3,200ms] [Error] [carb] Failed to create change watch for `/home/j/env_isaaclab/lib/python3.11/site-packages/isaacsim/exts/isaacsim.examples.browser/config`: errno=28/No space left on device
2026-08-31T06:26:05Z [3,200ms] [Error] [carb] Failed to create change watch for `/home/j/env_isaaclab/lib/python3.11/site-packages/isaacsim/exts/isaacsim.examples.browser/isaacsim`: errno=28/No space left on device
[3.209s] [ext: isaacsim.asset.importer.urdf-2.4.30] startup
2026-08-31T06:26:05Z [3,200ms] [Error] [carb] Failed to create change watch for `/home/j/env_isaaclab/lib/python3.11/site-packages/isaacsim/exts/isaacsim.examples.browser/isaacsim/examples`: errno=28/No space left on device
2026-08-31T06:26:05Z [3,200ms] [Error] [carb] Failed to create change watch for `/home/j/env_isaaclab/lib/python3.11/site-packages/isaacsim/exts/isaacsim.examples.browser/isaacsim/examples/browser`: errno=28/No space left on device
[3.277s] [ext: omni.isaac.wheeled_robots-3.0.7] startup
2026-08-31T06:26:05Z [3,268ms] [Error] [carb] Failed to create change watch for `/home/j/env_isaaclab/lib/python3.11/site-packages/isaacsim/exts/isaacsim.asset.importer.urdf`: errno=28/No space left on device
2026-08-31T06:26:05Z [3,269ms] [Error] [carb] Failed to create change watch for `/home/j/env_isaaclab/lib/python3.11/site-packages/isaacsim/exts/isaacsim.asset.importer.urdf/config`: errno=28/No space left on device
2026-08-31T06:26:05Z [3,269ms] [Error] [carb] Failed to create change watch for `/home/j/env_isaaclab/lib/python3.11/site-packages/isaacsim/exts/isaacsim.asset.importer.urdf/isaacsim`: errno=28/No space left on device
2026-08-31T06:26:05Z [3,269ms] [Error] [carb] Failed to create change watch for `/home/j/env_isaaclab/lib/python3.11/site-packages/isaacsim/exts/isaacsim.asset.importer.urdf/isaacsim/asset`: errno=28/No space left on device
2026-08-31T06:26:05Z [3,269ms] [Error] [carb] Failed to create change watch for `/home/j/env_isaaclab/lib/python3.11/site-packages/isaacsim/exts/isaacsim.asset.importer.urdf/isaacsim/asset/importer`: errno=28/No space left on device
2026-08-31T06:26:05Z [3,269ms] [Error] [carb] Failed to create change watch for `/home/j/env_isaaclab/lib/python3.11/site-packages/isaacsim/exts/isaacsim.asset.importer.urdf/isaacsim/asset/importer/urdf`: errno=28/No space left on device
2026-08-31T06:26:05Z [3,269ms] [Error] [carb] Failed to create change watch for `/home/j/env_isaaclab/lib/python3.11/site-packages/isaacsim/exts/isaacsim.asset.importer.urdf/isaacsim/asset/importer/urdf/tests`: errno=28/No space left on device
2026-08-31T06:26:05Z [3,269ms] [Error] [carb] Failed to create change watch for `/home/j/env_isaaclab/lib/python3.11/site-packages/isaacsim/exts/isaacsim.asset.importer.urdf/isaacsim/asset/importer/urdf/impl`: errno=28/No space left on device
2026-08-31T06:26:05Z [3,269ms] [Error] [carb] Failed to create change watch for `/home/j/env_isaaclab/lib/python3.11/site-packages/isaacsim/exts/isaacsim.asset.importer.urdf/isaacsim/asset/importer/urdf/impl/ui`: errno=28/No space left on device
2026-08-31T06:26:05Z [3,269ms] [Error] [carb] Failed to create change watch for `/home/j/env_isaaclab/lib/python3.11/site-packages/isaacsim/exts/isaacsim.asset.importer.urdf/isaacsim/asset/importer/urdf/impl/samples`: errno=28/No space left on device
2026-08-31T06:26:05Z [3,270ms] [Warning] [omni.isaac.wheeled_robots] omni.isaac.wheeled_robots has been deprecated in favor of isaacsim.robot.wheeled_robots. Please update your code accordingly.
2026-08-31T06:26:05Z [3,271ms] [Warning] [omni.isaac.wheeled_robots.controllers] omni.isaac.wheeled_robots has been deprecated in favor of isaacsim.robot.wheeled_robots. Please update your code accordingly.
2026-08-31T06:26:05Z [3,275ms] [Warning] [omni.isaac.wheeled_robots.controllers.ackermann_controller] omni.isaac.wheeled_robots has been deprecated in favor of isaacsim.robot.wheeled_robots. Please update your code accordingly.
2026-08-31T06:26:05Z [3,276ms] [Warning] [omni.isaac.wheeled_robots.controllers.differential_controller] omni.isaac.wheeled_robots has been deprecated in favor of isaacsim.robot.wheeled_robots. Please update your code accordingly.
2026-08-31T06:26:05Z [3,276ms] [Warning] [omni.isaac.wheeled_robots.controllers.holonomic_controller] omni.isaac.wheeled_robots has been deprecated in favor of isaacsim.robot.wheeled_robots. Please update your code accordingly.
2026-08-31T06:26:05Z [3,276ms] [Warning] [omni.isaac.wheeled_robots.controllers.quintic_path_planner] omni.isaac.wheeled_robots has been deprecated in favor of isaacsim.robot.wheeled_robots. Please update your code accordingly.
2026-08-31T06:26:05Z [3,276ms] [Warning] [omni.isaac.wheeled_robots.controllers.stanley_control] omni.isaac.wheeled_robots has been deprecated in favor of isaacsim.robot.wheeled_robots. Please update your code accordingly.
2026-08-31T06:26:05Z [3,276ms] [Warning] [omni.isaac.wheeled_robots.controllers.wheel_base_pose_controller] omni.isaac.wheeled_robots has been deprecated in favor of isaacsim.robot.wheeled_robots. Please update your code accordingly.
2026-08-31T06:26:05Z [3,276ms] [Warning] [omni.isaac.wheeled_robots.impl] omni.isaac.wheeled_robots has been deprecated in favor of isaacsim.robot.wheeled_robots. Please update your code accordingly.
2026-08-31T06:26:05Z [3,277ms] [Warning] [omni.isaac.wheeled_robots.robots] omni.isaac.wheeled_robots has been deprecated in favor of isaacsim.robot.wheeled_robots. Please update your code accordingly.
2026-08-31T06:26:05Z [3,277ms] [Warning] [omni.isaac.wheeled_robots.robots.holonomic_robot_usd_setup] omni.isaac.wheeled_robots has been deprecated in favor of isaacsim.robot.wheeled_robots. Please update your code accordingly.
2026-08-31T06:26:05Z [3,277ms] [Warning] [omni.isaac.wheeled_robots.robots.wheeled_robot] omni.isaac.wheeled_robots has been deprecated in favor of isaacsim.robot.wheeled_robots. Please update your code accordingly.
[3.286s] [ext: isaacsim.simulation_app-2.12.2] startup
2026-08-31T06:26:05Z [3,277ms] [Error] [carb] Failed to create change watch for `/home/j/env_isaaclab/lib/python3.11/site-packages/isaacsim/extsDeprecated/omni.isaac.wheeled_robots`: errno=28/No space left on device
2026-08-31T06:26:05Z [3,277ms] [Error] [carb] Failed to create change watch for `/home/j/env_isaaclab/lib/python3.11/site-packages/isaacsim/extsDeprecated/omni.isaac.wheeled_robots/config`: errno=28/No space left on device
2026-08-31T06:26:05Z [3,277ms] [Error] [carb] Failed to create change watch for `/home/j/env_isaaclab/lib/python3.11/site-packages/isaacsim/extsDeprecated/omni.isaac.wheeled_robots/omni`: errno=28/No space left on device
2026-08-31T06:26:05Z [3,277ms] [Error] [carb] Failed to create change watch for `/home/j/env_isaaclab/lib/python3.11/site-packages/isaacsim/extsDeprecated/omni.isaac.wheeled_robots/omni/isaac`: errno=28/No space left on device
2026-08-31T06:26:05Z [3,277ms] [Error] [carb] Failed to create change watch for `/home/j/env_isaaclab/lib/python3.11/site-packages/isaacsim/extsDeprecated/omni.isaac.wheeled_robots/omni/isaac/wheeled_robots`: errno=28/No space left on device
2026-08-31T06:26:05Z [3,278ms] [Error] [carb] Failed to create change watch for `/home/j/env_isaaclab/lib/python3.11/site-packages/isaacsim/extsDeprecated/omni.isaac.wheeled_robots/omni/isaac/wheeled_robots/tests`: errno=28/No space left on device
2026-08-31T06:26:05Z [3,278ms] [Error] [carb] Failed to create change watch for `/home/j/env_isaaclab/lib/python3.11/site-packages/isaacsim/extsDeprecated/omni.isaac.wheeled_robots/omni/isaac/wheeled_robots/controllers`: errno=28/No space left on device
2026-08-31T06:26:05Z [3,278ms] [Error] [carb] Failed to create change watch for `/home/j/env_isaaclab/lib/python3.11/site-packages/isaacsim/extsDeprecated/omni.isaac.wheeled_robots/omni/isaac/wheeled_robots/impl`: errno=28/No space left on device
2026-08-31T06:26:05Z [3,278ms] [Error] [carb] Failed to create change watch for `/home/j/env_isaaclab/lib/python3.11/site-packages/isaacsim/extsDeprecated/omni.isaac.wheeled_robots/omni/isaac/wheeled_robots/robots`: errno=28/No space left on device
[3.287s] [ext: omni.isaac.franka-1.0.7] startup
2026-08-31T06:26:05Z [3,279ms] [Warning] [omni.isaac.franka] omni.isaac.franka has been deprecated in favor of isaacsim.robot.manipulators.examples.franka. Please update your code accordingly.
2026-08-31T06:26:05Z [3,280ms] [Warning] [omni.isaac.franka.franka] omni.isaac.franka has been deprecated in favor of isaacsim.robot.manipulators.examples.franka. Please update your code accordingly.
2026-08-31T06:26:05Z [3,293ms] [Warning] [omni.isaac.franka.kinematics_solver] omni.isaac.franka has been deprecated in favor of isaacsim.robot.manipulators.examples.franka. Please update your code accordingly.
[3.302s] [ext: omni.isaac.kit-2.0.6] startup
2026-08-31T06:26:05Z [3,293ms] [Error] [carb] Failed to create change watch for `/home/j/env_isaaclab/lib/python3.11/site-packages/isaacsim/extsDeprecated/omni.isaac.franka`: errno=28/No space left on device
2026-08-31T06:26:05Z [3,293ms] [Warning] [omni.isaac.kit] omni.isaac.kit has been deprecated in favor of isaacsim.simulation_app. Please update your code accordingly.
2026-08-31T06:26:05Z [3,293ms] [Error] [carb] Failed to create change watch for `/home/j/env_isaaclab/lib/python3.11/site-packages/isaacsim/extsDeprecated/omni.isaac.franka/config`: errno=28/No space left on device
[3.302s] [ext: omni.kit.selection-0.1.6] startup
2026-08-31T06:26:05Z [3,293ms] [Error] [carb] Failed to create change watch for `/home/j/env_isaaclab/lib/python3.11/site-packages/isaacsim/extsDeprecated/omni.isaac.franka/omni`: errno=28/No space left on device
2026-08-31T06:26:05Z [3,293ms] [Error] [carb] Failed to create change watch for `/home/j/env_isaaclab/lib/python3.11/site-packages/isaacsim/extsDeprecated/omni.isaac.franka/omni/isaac`: errno=28/No space left on device
2026-08-31T06:26:05Z [3,293ms] [Error] [carb] Failed to create change watch for `/home/j/env_isaaclab/lib/python3.11/site-packages/isaacsim/extsDeprecated/omni.isaac.franka/omni/isaac/franka`: errno=28/No space left on device
2026-08-31T06:26:05Z [3,294ms] [Error] [carb] Failed to create change watch for `/home/j/env_isaaclab/lib/python3.11/site-packages/isaacsim/extsDeprecated/omni.isaac.franka/omni/isaac/franka/controllers`: errno=28/No space left on device
2026-08-31T06:26:05Z [3,294ms] [Error] [carb] Failed to create change watch for `/home/j/env_isaaclab/lib/python3.11/site-packages/isaacsim/extsDeprecated/omni.isaac.franka/omni/isaac/franka/tasks`: errno=28/No space left on device
[3.305s] [ext: omni.isaac.lula-4.0.6] startup
2026-08-31T06:26:05Z [3,296ms] [Error] [carb] Failed to create change watch for `/home/j/env_isaaclab/lib/python3.11/site-packages/isaacsim/extscache/omni.kit.selection-0.1.6+69cbf6ad`: errno=28/No space left on device
2026-08-31T06:26:05Z [3,296ms] [Error] [carb] Failed to create change watch for `/home/j/env_isaaclab/lib/python3.11/site-packages/isaacsim/extscache/omni.kit.selection-0.1.6+69cbf6ad/config`: errno=28/No space left on device
2026-08-31T06:26:05Z [3,296ms] [Error] [carb] Failed to create change watch for `/home/j/env_isaaclab/lib/python3.11/site-packages/isaacsim/extscache/omni.kit.selection-0.1.6+69cbf6ad/omni`: errno=28/No space left on device
2026-08-31T06:26:05Z [3,296ms] [Error] [carb] Failed to create change watch for `/home/j/env_isaaclab/lib/python3.11/site-packages/isaacsim/extscache/omni.kit.selection-0.1.6+69cbf6ad/omni/kit`: errno=28/No space left on device
2026-08-31T06:26:05Z [3,296ms] [Error] [carb] Failed to create change watch for `/home/j/env_isaaclab/lib/python3.11/site-packages/isaacsim/extscache/omni.kit.selection-0.1.6+69cbf6ad/omni/kit/selection`: errno=28/No space left on device
2026-08-31T06:26:05Z [3,296ms] [Error] [carb] Failed to create change watch for `/home/j/env_isaaclab/lib/python3.11/site-packages/isaacsim/extscache/omni.kit.selection-0.1.6+69cbf6ad/omni/kit/selection/tests`: errno=28/No space left on device
2026-08-31T06:26:05Z [3,297ms] [Warning] [omni.isaac.lula] omni.isaac.lula has been deprecated in favor of isaacsim.robot_motion.lula. Please update your code accordingly.
[3.306s] [ext: isaacsim.robot_motion.lula_test_widget-1.0.12] startup
2026-08-31T06:26:05Z [3,297ms] [Error] [carb] Failed to create change watch for `/home/j/env_isaaclab/lib/python3.11/site-packages/isaacsim/extsDeprecated/omni.isaac.lula`: errno=28/No space left on device
2026-08-31T06:26:05Z [3,297ms] [Error] [carb] Failed to create change watch for `/home/j/env_isaaclab/lib/python3.11/site-packages/isaacsim/extsDeprecated/omni.isaac.lula/config`: errno=28/No space left on device
2026-08-31T06:26:05Z [3,297ms] [Error] [carb] Failed to create change watch for `/home/j/env_isaaclab/lib/python3.11/site-packages/isaacsim/extsDeprecated/omni.isaac.lula/omni`: errno=28/No space left on device
2026-08-31T06:26:05Z [3,297ms] [Error] [carb] Failed to create change watch for `/home/j/env_isaaclab/lib/python3.11/site-packages/isaacsim/extsDeprecated/omni.isaac.lula/omni/isaac`: errno=28/No space left on device
2026-08-31T06:26:05Z [3,297ms] [Error] [carb] Failed to create change watch for `/home/j/env_isaaclab/lib/python3.11/site-packages/isaacsim/extsDeprecated/omni.isaac.lula/omni/isaac/lula`: errno=28/No space left on device
2026-08-31T06:26:05Z [3,297ms] [Error] [carb] Failed to create change watch for `/home/j/env_isaaclab/lib/python3.11/site-packages/isaacsim/extsDeprecated/omni.isaac.lula/omni/isaac/lula/tests`: errno=28/No space left on device
2026-08-31T06:26:05Z [3,299ms] [Error] [carb] Failed to create change watch for `/home/j/env_isaaclab/lib/python3.11/site-packages/isaacsim/exts/isaacsim.robot_motion.lula_test_widget`: errno=28/No space left on device
[3.308s] [ext: isaacsim.asset.browser-1.3.23] startup
2026-08-31T06:26:05Z [3,299ms] [Error] [carb] Failed to create change watch for `/home/j/env_isaaclab/lib/python3.11/site-packages/isaacsim/exts/isaacsim.robot_motion.lula_test_widget/config`: errno=28/No space left on device
2026-08-31T06:26:05Z [3,299ms] [Error] [carb] Failed to create change watch for `/home/j/env_isaaclab/lib/python3.11/site-packages/isaacsim/exts/isaacsim.robot_motion.lula_test_widget/isaacsim`: errno=28/No space left on device
2026-08-31T06:26:05Z [3,299ms] [Error] [carb] Failed to create change watch for `/home/j/env_isaaclab/lib/python3.11/site-packages/isaacsim/exts/isaacsim.robot_motion.lula_test_widget/isaacsim/robot_motion`: errno=28/No space left on device
2026-08-31T06:26:05Z [3,299ms] [Error] [carb] Failed to create change watch for `/home/j/env_isaaclab/lib/python3.11/site-packages/isaacsim/exts/isaacsim.robot_motion.lula_test_widget/isaacsim/robot_motion/lula_test_widget`: errno=28/No space left on device
[3.344s] [ext: omni.kit.viewport.actions-107.0.2] startup
2026-08-31T06:26:05Z [3,335ms] [Error] [carb] Failed to create change watch for `/home/j/env_isaaclab/lib/python3.11/site-packages/isaacsim/exts/isaacsim.asset.browser`: errno=28/No space left on device
2026-08-31T06:26:05Z [3,335ms] [Error] [carb] Failed to create change watch for `/home/j/env_isaaclab/lib/python3.11/site-packages/isaacsim/exts/isaacsim.asset.browser/config`: errno=28/No space left on device
2026-08-31T06:26:05Z [3,335ms] [Error] [carb] Failed to create change watch for `/home/j/env_isaaclab/lib/python3.11/site-packages/isaacsim/exts/isaacsim.asset.browser/isaacsim`: errno=28/No space left on device
2026-08-31T06:26:05Z [3,335ms] [Error] [carb] Failed to create change watch for `/home/j/env_isaaclab/lib/python3.11/site-packages/isaacsim/exts/isaacsim.asset.browser/isaacsim/asset`: errno=28/No space left on device
2026-08-31T06:26:05Z [3,335ms] [Error] [carb] Failed to create change watch for `/home/j/env_isaaclab/lib/python3.11/site-packages/isaacsim/exts/isaacsim.asset.browser/isaacsim/asset/browser`: errno=28/No space left on device
2026-08-31T06:26:05Z [3,335ms] [Error] [carb] Failed to create change watch for `/home/j/env_isaaclab/lib/python3.11/site-packages/isaacsim/exts/isaacsim.asset.browser/isaacsim/asset/browser/tests`: errno=28/No space left on device
[3.348s] [ext: isaacsim.gui.menu-2.4.4] startup
2026-08-31T06:26:05Z [3,339ms] [Error] [carb] Failed to create change watch for `/home/j/env_isaaclab/lib/python3.11/site-packages/isaacsim/extscache/omni.kit.viewport.actions-107.0.2+69cbf6ad`: errno=28/No space left on device
2026-08-31T06:26:05Z [3,339ms] [Error] [carb] Failed to create change watch for `/home/j/env_isaaclab/lib/python3.11/site-packages/isaacsim/extscache/omni.kit.viewport.actions-107.0.2+69cbf6ad/config`: errno=28/No space left on device
2026-08-31T06:26:05Z [3,339ms] [Error] [carb] Failed to create change watch for `/home/j/env_isaaclab/lib/python3.11/site-packages/isaacsim/extscache/omni.kit.viewport.actions-107.0.2+69cbf6ad/omni`: errno=28/No space left on device
2026-08-31T06:26:05Z [3,339ms] [Error] [carb] Failed to create change watch for `/home/j/env_isaaclab/lib/python3.11/site-packages/isaacsim/extscache/omni.kit.viewport.actions-107.0.2+69cbf6ad/omni/kit`: errno=28/No space left on device
2026-08-31T06:26:05Z [3,339ms] [Error] [carb] Failed to create change watch for `/home/j/env_isaaclab/lib/python3.11/site-packages/isaacsim/extscache/omni.kit.viewport.actions-107.0.2+69cbf6ad/omni/kit/viewport`: errno=28/No space left on device
2026-08-31T06:26:05Z [3,339ms] [Error] [carb] Failed to create change watch for `/home/j/env_isaaclab/lib/python3.11/site-packages/isaacsim/extscache/omni.kit.viewport.actions-107.0.2+69cbf6ad/omni/kit/viewport/actions`: errno=28/No space left on device
2026-08-31T06:26:05Z [3,339ms] [Error] [carb] Failed to create change watch for `/home/j/env_isaaclab/lib/python3.11/site-packages/isaacsim/extscache/omni.kit.viewport.actions-107.0.2+69cbf6ad/omni/kit/viewport/actions/tests`: errno=28/No space left on device
2026-08-31T06:26:05Z [3,343ms] [Error] [carb] Failed to create change watch for `/home/j/env_isaaclab/lib/python3.11/site-packages/isaacsim/exts/isaacsim.gui.menu`: errno=28/No space left on device
2026-08-31T06:26:05Z [3,343ms] [Error] [carb] Failed to create change watch for `/home/j/env_isaaclab/lib/python3.11/site-packages/isaacsim/exts/isaacsim.gui.menu/config`: errno=28/No space left on device
2026-08-31T06:26:05Z [3,343ms] [Error] [carb] Failed to create change watch for `/home/j/env_isaaclab/lib/python3.11/site-packages/isaacsim/exts/isaacsim.gui.menu/isaacsim`: errno=28/No space left on device
2026-08-31T06:26:05Z [3,343ms] [Error] [carb] Failed to create change watch for `/home/j/env_isaaclab/lib/python3.11/site-packages/isaacsim/exts/isaacsim.gui.menu/isaacsim/gui`: errno=28/No space left on device
2026-08-31T06:26:05Z [3,343ms] [Error] [carb] Failed to create change watch for `/home/j/env_isaaclab/lib/python3.11/site-packages/isaacsim/exts/isaacsim.gui.menu/isaacsim/gui/menu`: errno=28/No space left on device
2026-08-31T06:26:05Z [3,343ms] [Error] [carb] Failed to create change watch for `/home/j/env_isaaclab/lib/python3.11/site-packages/isaacsim/exts/isaacsim.gui.menu/isaacsim/gui/menu/tests`: errno=28/No space left on device
2026-08-31T06:26:05Z [3,343ms] [Error] [carb] Failed to create change watch for `/home/j/env_isaaclab/lib/python3.11/site-packages/isaacsim/exts/isaacsim.gui.menu/isaacsim/gui/menu/file_menu`: errno=28/No space left on device
2026-08-31T06:26:05Z [3,343ms] [Error] [carb] Failed to create change watch for `/home/j/env_isaaclab/lib/python3.11/site-packages/isaacsim/exts/isaacsim.gui.menu/isaacsim/gui/menu/edit_menu`: errno=28/No space left on device
[3.353s] [ext: omni.isaac.manipulators-3.0.7] startup
2026-08-31T06:26:05Z [3,345ms] [Warning] [omni.isaac.manipulators] omni.isaac.manipulators has been deprecated in favor of isaacsim.robot.manipulators. Please update your code accordingly.
2026-08-31T06:26:05Z [3,345ms] [Warning] [omni.isaac.manipulators.controllers] omni.isaac.manipulators has been deprecated in favor of isaacsim.robot.manipulators. Please update your code accordingly.
2026-08-31T06:26:05Z [3,345ms] [Warning] [omni.isaac.manipulators.controllers.pick_place_controller] omni.isaac.manipulators has been deprecated in favor of isaacsim.robot.manipulators. Please update your code accordingly.
2026-08-31T06:26:05Z [3,346ms] [Warning] [omni.isaac.manipulators.controllers.stacking_controller] omni.isaac.manipulators has been deprecated in favor of isaacsim.robot.manipulators. Please update your code accordingly.
2026-08-31T06:26:05Z [3,346ms] [Warning] [omni.isaac.manipulators.grippers] omni.isaac.manipulators has been deprecated in favor of isaacsim.robot.manipulators. Please update your code accordingly.
2026-08-31T06:26:05Z [3,346ms] [Warning] [omni.isaac.manipulators.grippers.gripper] omni.isaac.manipulators has been deprecated in favor of isaacsim.robot.manipulators. Please update your code accordingly.
2026-08-31T06:26:05Z [3,347ms] [Warning] [omni.isaac.manipulators.grippers.parallel_gripper] omni.isaac.manipulators has been deprecated in favor of isaacsim.robot.manipulators. Please update your code accordingly.
2026-08-31T06:26:05Z [3,347ms] [Warning] [omni.isaac.manipulators.grippers.surface_gripper] omni.isaac.manipulators has been deprecated in favor of isaacsim.robot.manipulators. Please update your code accordingly.
2026-08-31T06:26:05Z [3,347ms] [Warning] [omni.isaac.manipulators.manipulators] omni.isaac.manipulators has been deprecated in favor of isaacsim.robot.manipulators. Please update your code accordingly.
2026-08-31T06:26:05Z [3,347ms] [Warning] [omni.isaac.manipulators.manipulators.single_manipulator] omni.isaac.manipulators has been deprecated in favor of isaacsim.robot.manipulators. Please update your code accordingly.
[3.356s] [ext: omni.isaac.lula_test_widget-1.0.6] startup
2026-08-31T06:26:05Z [3,347ms] [Error] [carb] Failed to create change watch for `/home/j/env_isaaclab/lib/python3.11/site-packages/isaacsim/extsDeprecated/omni.isaac.manipulators`: errno=28/No space left on device
2026-08-31T06:26:05Z [3,347ms] [Error] [carb] Failed to create change watch for `/home/j/env_isaaclab/lib/python3.11/site-packages/isaacsim/extsDeprecated/omni.isaac.manipulators/config`: errno=28/No space left on device
2026-08-31T06:26:05Z [3,347ms] [Error] [carb] Failed to create change watch for `/home/j/env_isaaclab/lib/python3.11/site-packages/isaacsim/extsDeprecated/omni.isaac.manipulators/omni`: errno=28/No space left on device
2026-08-31T06:26:05Z [3,347ms] [Error] [carb] Failed to create change watch for `/home/j/env_isaaclab/lib/python3.11/site-packages/isaacsim/extsDeprecated/omni.isaac.manipulators/omni/isaac`: errno=28/No space left on device
2026-08-31T06:26:05Z [3,347ms] [Error] [carb] Failed to create change watch for `/home/j/env_isaaclab/lib/python3.11/site-packages/isaacsim/extsDeprecated/omni.isaac.manipulators/omni/isaac/manipulators`: errno=28/No space left on device
2026-08-31T06:26:05Z [3,347ms] [Error] [carb] Failed to create change watch for `/home/j/env_isaaclab/lib/python3.11/site-packages/isaacsim/extsDeprecated/omni.isaac.manipulators/omni/isaac/manipulators/grippers`: errno=28/No space left on device
2026-08-31T06:26:05Z [3,347ms] [Error] [carb] Failed to create change watch for `/home/j/env_isaaclab/lib/python3.11/site-packages/isaacsim/extsDeprecated/omni.isaac.manipulators/omni/isaac/manipulators/tests`: errno=28/No space left on device
2026-08-31T06:26:05Z [3,347ms] [Error] [carb] Failed to create change watch for `/home/j/env_isaaclab/lib/python3.11/site-packages/isaacsim/extsDeprecated/omni.isaac.manipulators/omni/isaac/manipulators/controllers`: errno=28/No space left on device
2026-08-31T06:26:05Z [3,347ms] [Error] [carb] Failed to create change watch for `/home/j/env_isaaclab/lib/python3.11/site-packages/isaacsim/extsDeprecated/omni.isaac.manipulators/omni/isaac/manipulators/manipulators`: errno=28/No space left on device
2026-08-31T06:26:05Z [3,348ms] [Warning] [omni.isaac.lula_test_widget] omni.isaac.lula_test_widget has been deprecated in favor of isaacsim.robot_motion.lula_test_widget. Please update your code accordingly.
2026-08-31T06:26:05Z [3,348ms] [Error] [carb] Failed to create change watch for `/home/j/env_isaaclab/lib/python3.11/site-packages/isaacsim/extsDeprecated/omni.isaac.lula_test_widget`: errno=28/No space left on device
[3.358s] [ext: omni.isaac.asset_browser-1.0.6] startup
2026-08-31T06:26:05Z [3,348ms] [Error] [carb] Failed to create change watch for `/home/j/env_isaaclab/lib/python3.11/site-packages/isaacsim/extsDeprecated/omni.isaac.lula_test_widget/config`: errno=28/No space left on device
2026-08-31T06:26:05Z [3,349ms] [Error] [carb] Failed to create change watch for `/home/j/env_isaaclab/lib/python3.11/site-packages/isaacsim/extsDeprecated/omni.isaac.lula_test_widget/omni`: errno=28/No space left on device
2026-08-31T06:26:05Z [3,349ms] [Error] [carb] Failed to create change watch for `/home/j/env_isaaclab/lib/python3.11/site-packages/isaacsim/extsDeprecated/omni.isaac.lula_test_widget/omni/isaac`: errno=28/No space left on device
2026-08-31T06:26:05Z [3,349ms] [Error] [carb] Failed to create change watch for `/home/j/env_isaaclab/lib/python3.11/site-packages/isaacsim/extsDeprecated/omni.isaac.lula_test_widget/omni/isaac/lula_test_widget`: errno=28/No space left on device
2026-08-31T06:26:05Z [3,350ms] [Warning] [omni.isaac.asset_browser] omni.isaac.asset_browser has been deprecated in favor of isaacsim.asset.browser. Please update your code accordingly.
2026-08-31T06:26:05Z [3,350ms] [Error] [carb] Failed to create change watch for `/home/j/env_isaaclab/lib/python3.11/site-packages/isaacsim/extsDeprecated/omni.isaac.asset_browser`: errno=28/No space left on device
[3.359s] [ext: omni.kit.viewport.menubar.display-107.0.3] startup
2026-08-31T06:26:05Z [3,350ms] [Error] [carb] Failed to create change watch for `/home/j/env_isaaclab/lib/python3.11/site-packages/isaacsim/extsDeprecated/omni.isaac.asset_browser/config`: errno=28/No space left on device
2026-08-31T06:26:05Z [3,350ms] [Error] [carb] Failed to create change watch for `/home/j/env_isaaclab/lib/python3.11/site-packages/isaacsim/extsDeprecated/omni.isaac.asset_browser/omni`: errno=28/No space left on device
2026-08-31T06:26:05Z [3,350ms] [Error] [carb] Failed to create change watch for `/home/j/env_isaaclab/lib/python3.11/site-packages/isaacsim/extsDeprecated/omni.isaac.asset_browser/omni/isaac`: errno=28/No space left on device
2026-08-31T06:26:05Z [3,350ms] [Error] [carb] Failed to create change watch for `/home/j/env_isaaclab/lib/python3.11/site-packages/isaacsim/extsDeprecated/omni.isaac.asset_browser/omni/isaac/asset_browser`: errno=28/No space left on device
2026-08-31T06:26:05Z [3,350ms] [Error] [carb] Failed to create change watch for `/home/j/env_isaaclab/lib/python3.11/site-packages/isaacsim/extsDeprecated/omni.isaac.asset_browser/omni/isaac/asset_browser/tests`: errno=28/No space left on device
[3.364s] [ext: omni.isaac.menu-1.0.6] startup
2026-08-31T06:26:05Z [3,355ms] [Error] [carb] Failed to create change watch for `/home/j/env_isaaclab/lib/python3.11/site-packages/isaacsim/extscache/omni.kit.viewport.menubar.display-107.0.3+69cbf6ad`: errno=28/No space left on device
2026-08-31T06:26:05Z [3,355ms] [Error] [carb] Failed to create change watch for `/home/j/env_isaaclab/lib/python3.11/site-packages/isaacsim/extscache/omni.kit.viewport.menubar.display-107.0.3+69cbf6ad/config`: errno=28/No space left on device
2026-08-31T06:26:05Z [3,355ms] [Error] [carb] Failed to create change watch for `/home/j/env_isaaclab/lib/python3.11/site-packages/isaacsim/extscache/omni.kit.viewport.menubar.display-107.0.3+69cbf6ad/omni`: errno=28/No space left on device
2026-08-31T06:26:05Z [3,355ms] [Error] [carb] Failed to create change watch for `/home/j/env_isaaclab/lib/python3.11/site-packages/isaacsim/extscache/omni.kit.viewport.menubar.display-107.0.3+69cbf6ad/omni/kit`: errno=28/No space left on device
2026-08-31T06:26:05Z [3,355ms] [Error] [carb] Failed to create change watch for `/home/j/env_isaaclab/lib/python3.11/site-packages/isaacsim/extscache/omni.kit.viewport.menubar.display-107.0.3+69cbf6ad/omni/kit/viewport`: errno=28/No space left on device
2026-08-31T06:26:05Z [3,355ms] [Error] [carb] Failed to create change watch for `/home/j/env_isaaclab/lib/python3.11/site-packages/isaacsim/extscache/omni.kit.viewport.menubar.display-107.0.3+69cbf6ad/omni/kit/viewport/menubar`: errno=28/No space left on device
2026-08-31T06:26:05Z [3,355ms] [Error] [carb] Failed to create change watch for `/home/j/env_isaaclab/lib/python3.11/site-packages/isaacsim/extscache/omni.kit.viewport.menubar.display-107.0.3+69cbf6ad/omni/kit/viewport/menubar/display`: errno=28/No space left on device
2026-08-31T06:26:05Z [3,355ms] [Error] [carb] Failed to create change watch for `/home/j/env_isaaclab/lib/python3.11/site-packages/isaacsim/extscache/omni.kit.viewport.menubar.display-107.0.3+69cbf6ad/omni/kit/viewport/menubar/display/tests`: errno=28/No space left on device
2026-08-31T06:26:05Z [3,356ms] [Warning] [omni.isaac.menu] omni.isaac.menu has been deprecated in favor of isaacsim.gui.menu. Please update your code accordingly.
2026-08-31T06:26:05Z [3,356ms] [Error] [carb] Failed to create change watch for `/home/j/env_isaaclab/lib/python3.11/site-packages/isaacsim/extsDeprecated/omni.isaac.menu`: errno=28/No space left on device
[3.365s] [ext: omni.isaac.motion_generation-8.0.7] startup
2026-08-31T06:26:05Z [3,356ms] [Error] [carb] Failed to create change watch for `/home/j/env_isaaclab/lib/python3.11/site-packages/isaacsim/extsDeprecated/omni.isaac.menu/config`: errno=28/No space left on device
2026-08-31T06:26:05Z [3,356ms] [Error] [carb] Failed to create change watch for `/home/j/env_isaaclab/lib/python3.11/site-packages/isaacsim/extsDeprecated/omni.isaac.menu/omni`: errno=28/No space left on device
2026-08-31T06:26:05Z [3,356ms] [Error] [carb] Failed to create change watch for `/home/j/env_isaaclab/lib/python3.11/site-packages/isaacsim/extsDeprecated/omni.isaac.menu/omni/isaac`: errno=28/No space left on device
2026-08-31T06:26:05Z [3,356ms] [Error] [carb] Failed to create change watch for `/home/j/env_isaaclab/lib/python3.11/site-packages/isaacsim/extsDeprecated/omni.isaac.menu/omni/isaac/menu`: errno=28/No space left on device
2026-08-31T06:26:05Z [3,356ms] [Error] [carb] Failed to create change watch for `/home/j/env_isaaclab/lib/python3.11/site-packages/isaacsim/extsDeprecated/omni.isaac.menu/omni/isaac/menu/tests`: errno=28/No space left on device
2026-08-31T06:26:05Z [3,356ms] [Warning] [omni.isaac.motion_generation] omni.isaac.motion_generation has been deprecated in favor of isaacsim.robot_motion.motion_generation. Please update your code accordingly.
2026-08-31T06:26:05Z [3,356ms] [Warning] [omni.isaac.motion_generation.articulation_kinematics_solver] omni.isaac.motion_generation has been deprecated in favor of isaacsim.robot_motion.motion_generation. Please update your code accordingly.
2026-08-31T06:26:05Z [3,356ms] [Warning] [omni.isaac.motion_generation.articulation_motion_policy] omni.isaac.motion_generation has been deprecated in favor of isaacsim.robot_motion.motion_generation. Please update your code accordingly.
2026-08-31T06:26:05Z [3,358ms] [Warning] [omni.isaac.motion_generation.articulation_trajectory] omni.isaac.motion_generation has been deprecated in favor of isaacsim.robot_motion.motion_generation. Please update your code accordingly.
2026-08-31T06:26:05Z [3,358ms] [Warning] [omni.isaac.motion_generation.kinematics_interface] omni.isaac.motion_generation has been deprecated in favor of isaacsim.robot_motion.motion_generation. Please update your code accordingly.
2026-08-31T06:26:05Z [3,358ms] [Warning] [omni.isaac.motion_generation.lula] omni.isaac.motion_generation has been deprecated in favor of isaacsim.robot_motion.motion_generation. Please update your code accordingly.
2026-08-31T06:26:05Z [3,358ms] [Warning] [omni.isaac.motion_generation.lula.kinematics] omni.isaac.motion_generation has been deprecated in favor of isaacsim.robot_motion.motion_generation. Please update your code accordingly.
2026-08-31T06:26:05Z [3,358ms] [Warning] [omni.isaac.motion_generation.lula.motion_policies] omni.isaac.motion_generation has been deprecated in favor of isaacsim.robot_motion.motion_generation. Please update your code accordingly.
2026-08-31T06:26:05Z [3,359ms] [Warning] [omni.isaac.motion_generation.lula.path_planners] omni.isaac.motion_generation has been deprecated in favor of isaacsim.robot_motion.motion_generation. Please update your code accordingly.
2026-08-31T06:26:05Z [3,359ms] [Warning] [omni.isaac.motion_generation.lula.trajectory_generator] omni.isaac.motion_generation has been deprecated in favor of isaacsim.robot_motion.motion_generation. Please update your code accordingly.
2026-08-31T06:26:05Z [3,359ms] [Warning] [omni.isaac.motion_generation.motion_policy_controller] omni.isaac.motion_generation has been deprecated in favor of isaacsim.robot_motion.motion_generation. Please update your code accordingly.
2026-08-31T06:26:05Z [3,359ms] [Warning] [omni.isaac.motion_generation.motion_policy_interface] omni.isaac.motion_generation has been deprecated in favor of isaacsim.robot_motion.motion_generation. Please update your code accordingly.
2026-08-31T06:26:05Z [3,360ms] [Warning] [omni.isaac.motion_generation.path_planner_visualizer] omni.isaac.motion_generation has been deprecated in favor of isaacsim.robot_motion.motion_generation. Please update your code accordingly.
2026-08-31T06:26:05Z [3,361ms] [Warning] [omni.isaac.motion_generation.path_planning_interface] omni.isaac.motion_generation has been deprecated in favor of isaacsim.robot_motion.motion_generation. Please update your code accordingly.
2026-08-31T06:26:05Z [3,361ms] [Warning] [omni.isaac.motion_generation.trajectory] omni.isaac.motion_generation has been deprecated in favor of isaacsim.robot_motion.motion_generation. Please update your code accordingly.
2026-08-31T06:26:05Z [3,361ms] [Warning] [omni.isaac.motion_generation.world_interface] omni.isaac.motion_generation has been deprecated in favor of isaacsim.robot_motion.motion_generation. Please update your code accordingly.
2026-08-31T06:26:05Z [3,361ms] [Error] [carb] Failed to create change watch for `/home/j/env_isaaclab/lib/python3.11/site-packages/isaacsim/extsDeprecated/omni.isaac.motion_generation`: errno=28/No space left on device
[3.370s] [ext: omni.isaac.assets_check-0.3.13] startup
2026-08-31T06:26:05Z [3,361ms] [Error] [carb] Failed to create change watch for `/home/j/env_isaaclab/lib/python3.11/site-packages/isaacsim/extsDeprecated/omni.isaac.motion_generation/config`: errno=28/No space left on device
2026-08-31T06:26:05Z [3,361ms] [Error] [carb] Failed to create change watch for `/home/j/env_isaaclab/lib/python3.11/site-packages/isaacsim/extsDeprecated/omni.isaac.motion_generation/omni`: errno=28/No space left on device
2026-08-31T06:26:05Z [3,361ms] [Error] [carb] Failed to create change watch for `/home/j/env_isaaclab/lib/python3.11/site-packages/isaacsim/extsDeprecated/omni.isaac.motion_generation/omni/isaac`: errno=28/No space left on device
2026-08-31T06:26:05Z [3,361ms] [Error] [carb] Failed to create change watch for `/home/j/env_isaaclab/lib/python3.11/site-packages/isaacsim/extsDeprecated/omni.isaac.motion_generation/omni/isaac/motion_generation`: errno=28/No space left on device
2026-08-31T06:26:05Z [3,361ms] [Error] [carb] Failed to create change watch for `/home/j/env_isaaclab/lib/python3.11/site-packages/isaacsim/extsDeprecated/omni.isaac.motion_generation/omni/isaac/motion_generation/tests`: errno=28/No space left on device
2026-08-31T06:26:05Z [3,361ms] [Error] [carb] Failed to create change watch for `/home/j/env_isaaclab/lib/python3.11/site-packages/isaacsim/extsDeprecated/omni.isaac.motion_generation/omni/isaac/motion_generation/lula`: errno=28/No space left on device
2026-08-31T06:26:05Z [3,363ms] [Warning] [omni.isaac.assets_check] omni.isaac.assets_check has been deprecated in favor of isaacsim.asset.browser. Please update your code accordingly.
2026-08-31T06:26:05Z [3,363ms] [Error] [carb] Failed to create change watch for `/home/j/env_isaaclab/lib/python3.11/site-packages/isaacsim/extsDeprecated/omni.isaac.assets_check`: errno=28/No space left on device
2026-08-31T06:26:05Z [3,363ms] [Error] [carb] Failed to create change watch for `/home/j/env_isaaclab/lib/python3.11/site-packages/isaacsim/extsDeprecated/omni.isaac.assets_check/config`: errno=28/No space left on device
[3.372s] [ext: isaacsim.gui.sensors.icon-2.0.3] startup
2026-08-31T06:26:05Z [3,363ms] [Error] [carb] Failed to create change watch for `/home/j/env_isaaclab/lib/python3.11/site-packages/isaacsim/extsDeprecated/omni.isaac.assets_check/omni`: errno=28/No space left on device
2026-08-31T06:26:05Z [3,363ms] [Error] [carb] Failed to create change watch for `/home/j/env_isaaclab/lib/python3.11/site-packages/isaacsim/extsDeprecated/omni.isaac.assets_check/omni/isaac`: errno=28/No space left on device
2026-08-31T06:26:05Z [3,363ms] [Error] [carb] Failed to create change watch for `/home/j/env_isaaclab/lib/python3.11/site-packages/isaacsim/extsDeprecated/omni.isaac.assets_check/omni/isaac/assets_check`: errno=28/No space left on device
[3.382s] [ext: isaacsim.asset.importer.mjcf-2.5.13] startup
2026-08-31T06:26:05Z [3,373ms] [Error] [carb] Failed to create change watch for `/home/j/env_isaaclab/lib/python3.11/site-packages/isaacsim/exts/isaacsim.gui.sensors.icon`: errno=28/No space left on device
2026-08-31T06:26:05Z [3,374ms] [Error] [carb] Failed to create change watch for `/home/j/env_isaaclab/lib/python3.11/site-packages/isaacsim/exts/isaacsim.gui.sensors.icon/config`: errno=28/No space left on device
2026-08-31T06:26:05Z [3,374ms] [Error] [carb] Failed to create change watch for `/home/j/env_isaaclab/lib/python3.11/site-packages/isaacsim/exts/isaacsim.gui.sensors.icon/isaacsim`: errno=28/No space left on device
2026-08-31T06:26:05Z [3,374ms] [Error] [carb] Failed to create change watch for `/home/j/env_isaaclab/lib/python3.11/site-packages/isaacsim/exts/isaacsim.gui.sensors.icon/isaacsim/gui`: errno=28/No space left on device
2026-08-31T06:26:05Z [3,374ms] [Error] [carb] Failed to create change watch for `/home/j/env_isaaclab/lib/python3.11/site-packages/isaacsim/exts/isaacsim.gui.sensors.icon/isaacsim/gui/sensors`: errno=28/No space left on device
2026-08-31T06:26:05Z [3,374ms] [Error] [carb] Failed to create change watch for `/home/j/env_isaaclab/lib/python3.11/site-packages/isaacsim/exts/isaacsim.gui.sensors.icon/isaacsim/gui/sensors/icon`: errno=28/No space left on device
2026-08-31T06:26:05Z [3,374ms] [Error] [carb] Failed to create change watch for `/home/j/env_isaaclab/lib/python3.11/site-packages/isaacsim/exts/isaacsim.gui.sensors.icon/isaacsim/gui/sensors/icon/tests`: errno=28/No space left on device
2026-08-31T06:26:05Z [3,374ms] [Error] [carb] Failed to create change watch for `/home/j/env_isaaclab/lib/python3.11/site-packages/isaacsim/exts/isaacsim.gui.sensors.icon/isaacsim/gui/sensors/icon/impl`: errno=28/No space left on device
[3.387s] [ext: omni.sensors.nv.common-3.0.0] startup
2026-08-31T06:26:05Z [3,378ms] [Error] [carb] Failed to create change watch for `/home/j/env_isaaclab/lib/python3.11/site-packages/isaacsim/exts/isaacsim.asset.importer.mjcf`: errno=28/No space left on device
2026-08-31T06:26:05Z [3,378ms] [Error] [carb] Failed to create change watch for `/home/j/env_isaaclab/lib/python3.11/site-packages/isaacsim/exts/isaacsim.asset.importer.mjcf/config`: errno=28/No space left on device
2026-08-31T06:26:05Z [3,378ms] [Error] [carb] Failed to create change watch for `/home/j/env_isaaclab/lib/python3.11/site-packages/isaacsim/exts/isaacsim.asset.importer.mjcf/isaacsim`: errno=28/No space left on device
2026-08-31T06:26:05Z [3,378ms] [Error] [carb] Failed to create change watch for `/home/j/env_isaaclab/lib/python3.11/site-packages/isaacsim/exts/isaacsim.asset.importer.mjcf/isaacsim/asset`: errno=28/No space left on device
2026-08-31T06:26:05Z [3,378ms] [Error] [carb] Failed to create change watch for `/home/j/env_isaaclab/lib/python3.11/site-packages/isaacsim/exts/isaacsim.asset.importer.mjcf/isaacsim/asset/importer`: errno=28/No space left on device
2026-08-31T06:26:05Z [3,379ms] [Error] [carb] Failed to create change watch for `/home/j/env_isaaclab/lib/python3.11/site-packages/isaacsim/exts/isaacsim.asset.importer.mjcf/isaacsim/asset/importer/mjcf`: errno=28/No space left on device
2026-08-31T06:26:05Z [3,379ms] [Error] [carb] Failed to create change watch for `/home/j/env_isaaclab/lib/python3.11/site-packages/isaacsim/exts/isaacsim.asset.importer.mjcf/isaacsim/asset/importer/mjcf/tests`: errno=28/No space left on device
2026-08-31T06:26:05Z [3,379ms] [Error] [carb] Failed to create change watch for `/home/j/env_isaaclab/lib/python3.11/site-packages/isaacsim/exts/isaacsim.asset.importer.mjcf/isaacsim/asset/importer/mjcf/impl`: errno=28/No space left on device
[3.394s] [ext: isaacsim.sensors.physics-0.4.3] startup
2026-08-31T06:26:05Z [3,385ms] [Error] [carb] Failed to create change watch for `/home/j/env_isaaclab/lib/python3.11/site-packages/isaacsim/extscache/omni.sensors.nv.common-3.0.0+69cbf6ad.lx64.r.cp311`: errno=28/No space left on device
2026-08-31T06:26:05Z [3,385ms] [Error] [carb] Failed to create change watch for `/home/j/env_isaaclab/lib/python3.11/site-packages/isaacsim/extscache/omni.sensors.nv.common-3.0.0+69cbf6ad.lx64.r.cp311/config`: errno=28/No space left on device
2026-08-31T06:26:05Z [3,385ms] [Error] [carb] Failed to create change watch for `/home/j/env_isaaclab/lib/python3.11/site-packages/isaacsim/extscache/omni.sensors.nv.common-3.0.0+69cbf6ad.lx64.r.cp311/omni`: errno=28/No space left on device
2026-08-31T06:26:05Z [3,385ms] [Error] [carb] Failed to create change watch for `/home/j/env_isaaclab/lib/python3.11/site-packages/isaacsim/extscache/omni.sensors.nv.common-3.0.0+69cbf6ad.lx64.r.cp311/omni/sensors`: errno=28/No space left on device
2026-08-31T06:26:05Z [3,385ms] [Error] [carb] Failed to create change watch for `/home/j/env_isaaclab/lib/python3.11/site-packages/isaacsim/extscache/omni.sensors.nv.common-3.0.0+69cbf6ad.lx64.r.cp311/omni/sensors/nv`: errno=28/No space left on device
2026-08-31T06:26:05Z [3,385ms] [Error] [carb] Failed to create change watch for `/home/j/env_isaaclab/lib/python3.11/site-packages/isaacsim/extscache/omni.sensors.nv.common-3.0.0+69cbf6ad.lx64.r.cp311/omni/sensors/nv/common`: errno=28/No space left on device
2026-08-31T06:26:05Z [3,385ms] [Error] [carb] Failed to create change watch for `/home/j/env_isaaclab/lib/python3.11/site-packages/isaacsim/extscache/omni.sensors.nv.common-3.0.0+69cbf6ad.lx64.r.cp311/omni/sensors/nv/common/ogn`: errno=28/No space left on device
2026-08-31T06:26:05Z [3,385ms] [Error] [carb] Failed to create change watch for `/home/j/env_isaaclab/lib/python3.11/site-packages/isaacsim/extscache/omni.sensors.nv.common-3.0.0+69cbf6ad.lx64.r.cp311/omni/sensors/nv/common/ogn/tests`: errno=28/No space left on device
2026-08-31T06:26:05Z [3,385ms] [Error] [carb] Failed to create change watch for `/home/j/env_isaaclab/lib/python3.11/site-packages/isaacsim/extscache/omni.sensors.nv.common-3.0.0+69cbf6ad.lx64.r.cp311/omni/sensors/nv/common/ogn/tests/usd`: errno=28/No space left on device
[3.398s] [ext: omni.sensors.net-1.0.0] startup
2026-08-31T06:26:05Z [3,389ms] [Error] [carb] Failed to create change watch for `/home/j/env_isaaclab/lib/python3.11/site-packages/isaacsim/exts/isaacsim.sensors.physics`: errno=28/No space left on device
2026-08-31T06:26:05Z [3,389ms] [Error] [carb] Failed to create change watch for `/home/j/env_isaaclab/lib/python3.11/site-packages/isaacsim/exts/isaacsim.sensors.physics/config`: errno=28/No space left on device
2026-08-31T06:26:05Z [3,389ms] [Error] [carb] Failed to create change watch for `/home/j/env_isaaclab/lib/python3.11/site-packages/isaacsim/exts/isaacsim.sensors.physics/isaacsim`: errno=28/No space left on device
2026-08-31T06:26:05Z [3,389ms] [Error] [carb] Failed to create change watch for `/home/j/env_isaaclab/lib/python3.11/site-packages/isaacsim/exts/isaacsim.sensors.physics/isaacsim/sensors`: errno=28/No space left on device
2026-08-31T06:26:05Z [3,389ms] [Error] [carb] Failed to create change watch for `/home/j/env_isaaclab/lib/python3.11/site-packages/isaacsim/exts/isaacsim.sensors.physics/isaacsim/sensors/physics`: errno=28/No space left on device
2026-08-31T06:26:05Z [3,389ms] [Error] [carb] Failed to create change watch for `/home/j/env_isaaclab/lib/python3.11/site-packages/isaacsim/exts/isaacsim.sensors.physics/isaacsim/sensors/physics/tests`: errno=28/No space left on device
2026-08-31T06:26:05Z [3,389ms] [Error] [carb] Failed to create change watch for `/home/j/env_isaaclab/lib/python3.11/site-packages/isaacsim/exts/isaacsim.sensors.physics/isaacsim/sensors/physics/impl`: errno=28/No space left on device
2026-08-31T06:26:05Z [3,389ms] [Error] [carb] Failed to create change watch for `/home/j/env_isaaclab/lib/python3.11/site-packages/isaacsim/exts/isaacsim.sensors.physics/isaacsim/sensors/physics/ogn`: errno=28/No space left on device
2026-08-31T06:26:05Z [3,389ms] [Error] [carb] Failed to create change watch for `/home/j/env_isaaclab/lib/python3.11/site-packages/isaacsim/exts/isaacsim.sensors.physics/isaacsim/sensors/physics/ogn/tests`: errno=28/No space left on device
2026-08-31T06:26:05Z [3,390ms] [Error] [carb] Failed to create change watch for `/home/j/env_isaaclab/lib/python3.11/site-packages/isaacsim/exts/isaacsim.sensors.physics/isaacsim/sensors/physics/ogn/tests/usd`: errno=28/No space left on device
2026-08-31T06:26:05Z [3,390ms] [Error] [carb] Failed to create change watch for `/home/j/env_isaaclab/lib/python3.11/site-packages/isaacsim/exts/isaacsim.sensors.physics/isaacsim/sensors/physics/ogn/python`: errno=28/No space left on device
2026-08-31T06:26:05Z [3,390ms] [Error] [carb] Failed to create change watch for `/home/j/env_isaaclab/lib/python3.11/site-packages/isaacsim/exts/isaacsim.sensors.physics/isaacsim/sensors/physics/ogn/python/nodes`: errno=28/No space left on device
2026-08-31T06:26:05Z [3,390ms] [Error] [carb] Failed to create change watch for `/home/j/env_isaaclab/lib/python3.11/site-packages/isaacsim/exts/isaacsim.sensors.physics/isaacsim/sensors/physics/ogn/python/nodes/icons`: errno=28/No space left on device
2026-08-31T06:26:05Z [3,390ms] [Error] [carb] Failed to create change watch for `/home/j/env_isaaclab/lib/python3.11/site-packages/isaacsim/exts/isaacsim.sensors.physics/isaacsim/sensors/physics/ogn/python/nodes/config`: errno=28/No space left on device
2026-08-31T06:26:05Z [3,392ms] [Error] [carb] Failed to create change watch for `/home/j/env_isaaclab/lib/python3.11/site-packages/isaacsim/extscache/omni.sensors.net-1.0.0+69cbf6ad.lx64.r.cp311`: errno=28/No space left on device
[3.401s] [ext: omni.isaac.nucleus-1.0.6] startup
2026-08-31T06:26:05Z [3,392ms] [Error] [carb] Failed to create change watch for `/home/j/env_isaaclab/lib/python3.11/site-packages/isaacsim/extscache/omni.sensors.net-1.0.0+69cbf6ad.lx64.r.cp311/config`: errno=28/No space left on device
2026-08-31T06:26:05Z [3,392ms] [Error] [carb] Failed to create change watch for `/home/j/env_isaaclab/lib/python3.11/site-packages/isaacsim/extscache/omni.sensors.net-1.0.0+69cbf6ad.lx64.r.cp311/omni`: errno=28/No space left on device
2026-08-31T06:26:05Z [3,392ms] [Error] [carb] Failed to create change watch for `/home/j/env_isaaclab/lib/python3.11/site-packages/isaacsim/extscache/omni.sensors.net-1.0.0+69cbf6ad.lx64.r.cp311/omni/sensors`: errno=28/No space left on device
2026-08-31T06:26:05Z [3,392ms] [Error] [carb] Failed to create change watch for `/home/j/env_isaaclab/lib/python3.11/site-packages/isaacsim/extscache/omni.sensors.net-1.0.0+69cbf6ad.lx64.r.cp311/omni/sensors/net`: errno=28/No space left on device
2026-08-31T06:26:05Z [3,392ms] [Warning] [omni.isaac.nucleus] omni.isaac.nucleus has been deprecated in favor of isaacsim.storage.native. Please update your code accordingly.
2026-08-31T06:26:05Z [3,393ms] [Warning] [omni.isaac.nucleus.nucleus] omni.isaac.nucleus.nucleus has been deprecated in favor of isaacsim.storage.native. Please update your code accordingly.
2026-08-31T06:26:05Z [3,393ms] [Error] [carb] Failed to create change watch for `/home/j/env_isaaclab/lib/python3.11/site-packages/isaacsim/extsDeprecated/omni.isaac.nucleus`: errno=28/No space left on device
2026-08-31T06:26:05Z [3,393ms] [Error] [carb] Failed to create change watch for `/home/j/env_isaaclab/lib/python3.11/site-packages/isaacsim/extsDeprecated/omni.isaac.nucleus/config`: errno=28/No space left on device
2026-08-31T06:26:05Z [3,393ms] [Error] [carb] Failed to create change watch for `/home/j/env_isaaclab/lib/python3.11/site-packages/isaacsim/extsDeprecated/omni.isaac.nucleus/omni`: errno=28/No space left on device
2026-08-31T06:26:05Z [3,393ms] [Error] [carb] Failed to create change watch for `/home/j/env_isaaclab/lib/python3.11/site-packages/isaacsim/extsDeprecated/omni.isaac.nucleus/omni/isaac`: errno=28/No space left on device
[3.402s] [ext: omni.sensors.nv.materials-2.0.0] startup
2026-08-31T06:26:05Z [3,393ms] [Error] [carb] Failed to create change watch for `/home/j/env_isaaclab/lib/python3.11/site-packages/isaacsim/extsDeprecated/omni.isaac.nucleus/omni/isaac/nucleus`: errno=28/No space left on device
2026-08-31T06:26:05Z [3,396ms] [Error] [carb] Failed to create change watch for `/home/j/env_isaaclab/lib/python3.11/site-packages/isaacsim/extscache/omni.sensors.nv.materials-2.0.0+69cbf6ad.lx64.r.cp311`: errno=28/No space left on device
[3.406s] [ext: isaacsim.robot.policy.examples-4.1.11] startup
2026-08-31T06:26:05Z [3,396ms] [Error] [carb] Failed to create change watch for `/home/j/env_isaaclab/lib/python3.11/site-packages/isaacsim/extscache/omni.sensors.nv.materials-2.0.0+69cbf6ad.lx64.r.cp311/config`: errno=28/No space left on device
2026-08-31T06:26:05Z [3,396ms] [Error] [carb] Failed to create change watch for `/home/j/env_isaaclab/lib/python3.11/site-packages/isaacsim/extscache/omni.sensors.nv.materials-2.0.0+69cbf6ad.lx64.r.cp311/omni`: errno=28/No space left on device
2026-08-31T06:26:05Z [3,397ms] [Error] [carb] Failed to create change watch for `/home/j/env_isaaclab/lib/python3.11/site-packages/isaacsim/extscache/omni.sensors.nv.materials-2.0.0+69cbf6ad.lx64.r.cp311/omni/sensors`: errno=28/No space left on device
2026-08-31T06:26:05Z [3,397ms] [Error] [carb] Failed to create change watch for `/home/j/env_isaaclab/lib/python3.11/site-packages/isaacsim/extscache/omni.sensors.nv.materials-2.0.0+69cbf6ad.lx64.r.cp311/omni/sensors/nv`: errno=28/No space left on device
2026-08-31T06:26:05Z [3,397ms] [Error] [carb] Failed to create change watch for `/home/j/env_isaaclab/lib/python3.11/site-packages/isaacsim/extscache/omni.sensors.nv.materials-2.0.0+69cbf6ad.lx64.r.cp311/omni/sensors/nv/materials`: errno=28/No space left on device
2026-08-31T06:26:05Z [3,397ms] [Error] [carb] Failed to create change watch for `/home/j/env_isaaclab/lib/python3.11/site-packages/isaacsim/extscache/omni.sensors.nv.materials-2.0.0+69cbf6ad.lx64.r.cp311/omni/sensors/nv/materials/scripts`: errno=28/No space left on device
2026-08-31T06:26:05Z [3,398ms] [Error] [carb] Failed to create change watch for `/home/j/env_isaaclab/lib/python3.11/site-packages/isaacsim/exts/isaacsim.robot.policy.examples`: errno=28/No space left on device
2026-08-31T06:26:05Z [3,398ms] [Error] [carb] Failed to create change watch for `/home/j/env_isaaclab/lib/python3.11/site-packages/isaacsim/exts/isaacsim.robot.policy.examples/config`: errno=28/No space left on device
2026-08-31T06:26:05Z [3,398ms] [Error] [carb] Failed to create change watch for `/home/j/env_isaaclab/lib/python3.11/site-packages/isaacsim/exts/isaacsim.robot.policy.examples/isaacsim`: errno=28/No space left on device
2026-08-31T06:26:05Z [3,398ms] [Error] [carb] Failed to create change watch for `/home/j/env_isaaclab/lib/python3.11/site-packages/isaacsim/exts/isaacsim.robot.policy.examples/isaacsim/robot`: errno=28/No space left on device
[3.407s] [ext: omni.sensors.nv.wpm-3.0.0] startup
2026-08-31T06:26:05Z [3,398ms] [Error] [carb] Failed to create change watch for `/home/j/env_isaaclab/lib/python3.11/site-packages/isaacsim/exts/isaacsim.robot.policy.examples/isaacsim/robot/policy`: errno=28/No space left on device
2026-08-31T06:26:05Z [3,398ms] [Error] [carb] Failed to create change watch for `/home/j/env_isaaclab/lib/python3.11/site-packages/isaacsim/exts/isaacsim.robot.policy.examples/isaacsim/robot/policy/examples`: errno=28/No space left on device
2026-08-31T06:26:05Z [3,398ms] [Error] [carb] Failed to create change watch for `/home/j/env_isaaclab/lib/python3.11/site-packages/isaacsim/exts/isaacsim.robot.policy.examples/isaacsim/robot/policy/examples/utils`: errno=28/No space left on device
2026-08-31T06:26:05Z [3,398ms] [Error] [carb] Failed to create change watch for `/home/j/env_isaaclab/lib/python3.11/site-packages/isaacsim/exts/isaacsim.robot.policy.examples/isaacsim/robot/policy/examples/tests`: errno=28/No space left on device
2026-08-31T06:26:05Z [3,398ms] [Error] [carb] Failed to create change watch for `/home/j/env_isaaclab/lib/python3.11/site-packages/isaacsim/exts/isaacsim.robot.policy.examples/isaacsim/robot/policy/examples/controllers`: errno=28/No space left on device
2026-08-31T06:26:05Z [3,398ms] [Error] [carb] Failed to create change watch for `/home/j/env_isaaclab/lib/python3.11/site-packages/isaacsim/exts/isaacsim.robot.policy.examples/isaacsim/robot/policy/examples/robots`: errno=28/No space left on device
[3.409s] [ext: omni.sensors.nv.lidar-3.0.0] startup
2026-08-31T06:26:05Z [3,404ms] [Error] [carb] Failed to create change watch for `/home/j/env_isaaclab/lib/python3.11/site-packages/isaacsim/extscache/omni.sensors.nv.lidar-3.0.0+69cbf6ad.lx64.r.cp311`: errno=28/No space left on device
2026-08-31T06:26:05Z [3,404ms] [Error] [carb] Failed to create change watch for `/home/j/env_isaaclab/lib/python3.11/site-packages/isaacsim/extscache/omni.sensors.nv.lidar-3.0.0+69cbf6ad.lx64.r.cp311/config`: errno=28/No space left on device
2026-08-31T06:26:05Z [3,404ms] [Error] [carb] Failed to create change watch for `/home/j/env_isaaclab/lib/python3.11/site-packages/isaacsim/extscache/omni.sensors.nv.lidar-3.0.0+69cbf6ad.lx64.r.cp311/omni`: errno=28/No space left on device
2026-08-31T06:26:05Z [3,404ms] [Error] [carb] Failed to create change watch for `/home/j/env_isaaclab/lib/python3.11/site-packages/isaacsim/extscache/omni.sensors.nv.lidar-3.0.0+69cbf6ad.lx64.r.cp311/omni/sensors`: errno=28/No space left on device
2026-08-31T06:26:05Z [3,404ms] [Error] [carb] Failed to create change watch for `/home/j/env_isaaclab/lib/python3.11/site-packages/isaacsim/extscache/omni.sensors.nv.lidar-3.0.0+69cbf6ad.lx64.r.cp311/omni/sensors/nv`: errno=28/No space left on device
2026-08-31T06:26:05Z [3,404ms] [Error] [carb] Failed to create change watch for `/home/j/env_isaaclab/lib/python3.11/site-packages/isaacsim/extscache/omni.sensors.nv.lidar-3.0.0+69cbf6ad.lx64.r.cp311/omni/sensors/nv/lidar`: errno=28/No space left on device
2026-08-31T06:26:05Z [3,404ms] [Error] [carb] Failed to create change watch for `/home/j/env_isaaclab/lib/python3.11/site-packages/isaacsim/extscache/omni.sensors.nv.lidar-3.0.0+69cbf6ad.lx64.r.cp311/omni/sensors/nv/lidar/scripts`: errno=28/No space left on device
2026-08-31T06:26:05Z [3,405ms] [Error] [carb] Failed to create change watch for `/home/j/env_isaaclab/lib/python3.11/site-packages/isaacsim/extscache/omni.sensors.nv.lidar-3.0.0+69cbf6ad.lx64.r.cp311/omni/sensors/nv/lidar/ogn`: errno=28/No space left on device
2026-08-31T06:26:05Z [3,405ms] [Error] [carb] Failed to create change watch for `/home/j/env_isaaclab/lib/python3.11/site-packages/isaacsim/extscache/omni.sensors.nv.lidar-3.0.0+69cbf6ad.lx64.r.cp311/omni/sensors/nv/lidar/ogn/tests`: errno=28/No space left on device
2026-08-31T06:26:05Z [3,405ms] [Error] [carb] Failed to create change watch for `/home/j/env_isaaclab/lib/python3.11/site-packages/isaacsim/extscache/omni.sensors.nv.lidar-3.0.0+69cbf6ad.lx64.r.cp311/omni/sensors/nv/lidar/ogn/tests/usd`: errno=28/No space left on device
[3.416s] [ext: isaacsim.util.debug_draw-3.1.0] startup
[3.420s] [ext: omni.sensors.nv.radar-3.0.0] startup
2026-08-31T06:26:05Z [3,411ms] [Error] [carb] Failed to create change watch for `/home/j/env_isaaclab/lib/python3.11/site-packages/isaacsim/extscache/isaacsim.util.debug_draw-3.1.0+107.3.2.lx64.r.cp311`: errno=28/No space left on device
2026-08-31T06:26:05Z [3,412ms] [Error] [carb] Failed to create change watch for `/home/j/env_isaaclab/lib/python3.11/site-packages/isaacsim/extscache/isaacsim.util.debug_draw-3.1.0+107.3.2.lx64.r.cp311/config`: errno=28/No space left on device
2026-08-31T06:26:05Z [3,412ms] [Error] [carb] Failed to create change watch for `/home/j/env_isaaclab/lib/python3.11/site-packages/isaacsim/extscache/isaacsim.util.debug_draw-3.1.0+107.3.2.lx64.r.cp311/isaacsim`: errno=28/No space left on device
2026-08-31T06:26:05Z [3,412ms] [Error] [carb] Failed to create change watch for `/home/j/env_isaaclab/lib/python3.11/site-packages/isaacsim/extscache/isaacsim.util.debug_draw-3.1.0+107.3.2.lx64.r.cp311/isaacsim/util`: errno=28/No space left on device
2026-08-31T06:26:05Z [3,412ms] [Error] [carb] Failed to create change watch for `/home/j/env_isaaclab/lib/python3.11/site-packages/isaacsim/extscache/isaacsim.util.debug_draw-3.1.0+107.3.2.lx64.r.cp311/isaacsim/util/debug_draw`: errno=28/No space left on device
2026-08-31T06:26:05Z [3,412ms] [Error] [carb] Failed to create change watch for `/home/j/env_isaaclab/lib/python3.11/site-packages/isaacsim/extscache/isaacsim.util.debug_draw-3.1.0+107.3.2.lx64.r.cp311/isaacsim/util/debug_draw/tests`: errno=28/No space left on device
2026-08-31T06:26:05Z [3,412ms] [Error] [carb] Failed to create change watch for `/home/j/env_isaaclab/lib/python3.11/site-packages/isaacsim/extscache/isaacsim.util.debug_draw-3.1.0+107.3.2.lx64.r.cp311/isaacsim/util/debug_draw/impl`: errno=28/No space left on device
2026-08-31T06:26:05Z [3,412ms] [Error] [carb] Failed to create change watch for `/home/j/env_isaaclab/lib/python3.11/site-packages/isaacsim/extscache/isaacsim.util.debug_draw-3.1.0+107.3.2.lx64.r.cp311/isaacsim/util/debug_draw/ogn`: errno=28/No space left on device
2026-08-31T06:26:05Z [3,412ms] [Error] [carb] Failed to create change watch for `/home/j/env_isaaclab/lib/python3.11/site-packages/isaacsim/extscache/isaacsim.util.debug_draw-3.1.0+107.3.2.lx64.r.cp311/isaacsim/util/debug_draw/ogn/tests`: errno=28/No space left on device
2026-08-31T06:26:05Z [3,412ms] [Error] [carb] Failed to create change watch for `/home/j/env_isaaclab/lib/python3.11/site-packages/isaacsim/extscache/isaacsim.util.debug_draw-3.1.0+107.3.2.lx64.r.cp311/isaacsim/util/debug_draw/ogn/tests/usd`: errno=28/No space left on device
[3.423s] [ext: omni.sensors.nv.ids-2.0.0] startup
2026-08-31T06:26:05Z [3,414ms] [Error] [carb] Failed to create change watch for `/home/j/env_isaaclab/lib/python3.11/site-packages/isaacsim/extscache/omni.sensors.nv.radar-3.0.0+69cbf6ad.lx64.r.cp311`: errno=28/No space left on device
2026-08-31T06:26:05Z [3,414ms] [Error] [carb] Failed to create change watch for `/home/j/env_isaaclab/lib/python3.11/site-packages/isaacsim/extscache/omni.sensors.nv.radar-3.0.0+69cbf6ad.lx64.r.cp311/config`: errno=28/No space left on device
2026-08-31T06:26:05Z [3,414ms] [Error] [carb] Failed to create change watch for `/home/j/env_isaaclab/lib/python3.11/site-packages/isaacsim/extscache/omni.sensors.nv.radar-3.0.0+69cbf6ad.lx64.r.cp311/omni`: errno=28/No space left on device
2026-08-31T06:26:05Z [3,414ms] [Error] [carb] Failed to create change watch for `/home/j/env_isaaclab/lib/python3.11/site-packages/isaacsim/extscache/omni.sensors.nv.radar-3.0.0+69cbf6ad.lx64.r.cp311/omni/sensors`: errno=28/No space left on device
2026-08-31T06:26:05Z [3,414ms] [Error] [carb] Failed to create change watch for `/home/j/env_isaaclab/lib/python3.11/site-packages/isaacsim/extscache/omni.sensors.nv.radar-3.0.0+69cbf6ad.lx64.r.cp311/omni/sensors/nv`: errno=28/No space left on device
2026-08-31T06:26:05Z [3,414ms] [Error] [carb] Failed to create change watch for `/home/j/env_isaaclab/lib/python3.11/site-packages/isaacsim/extscache/omni.sensors.nv.radar-3.0.0+69cbf6ad.lx64.r.cp311/omni/sensors/nv/radar`: errno=28/No space left on device
2026-08-31T06:26:05Z [3,414ms] [Error] [carb] Failed to create change watch for `/home/j/env_isaaclab/lib/python3.11/site-packages/isaacsim/extscache/omni.sensors.nv.radar-3.0.0+69cbf6ad.lx64.r.cp311/omni/sensors/nv/radar/scripts`: errno=28/No space left on device
2026-08-31T06:26:05Z [3,414ms] [Error] [carb] Failed to create change watch for `/home/j/env_isaaclab/lib/python3.11/site-packages/isaacsim/extscache/omni.sensors.nv.radar-3.0.0+69cbf6ad.lx64.r.cp311/omni/sensors/nv/radar/ogn`: errno=28/No space left on device
2026-08-31T06:26:05Z [3,414ms] [Error] [carb] Failed to create change watch for `/home/j/env_isaaclab/lib/python3.11/site-packages/isaacsim/extscache/omni.sensors.nv.radar-3.0.0+69cbf6ad.lx64.r.cp311/omni/sensors/nv/radar/ogn/tests`: errno=28/No space left on device
2026-08-31T06:26:05Z [3,414ms] [Error] [carb] Failed to create change watch for `/home/j/env_isaaclab/lib/python3.11/site-packages/isaacsim/extscache/omni.sensors.nv.radar-3.0.0+69cbf6ad.lx64.r.cp311/omni/sensors/nv/radar/ogn/tests/usd`: errno=28/No space left on device
2026-08-31T06:26:05Z [3,415ms] [Error] [carb] Failed to create change watch for `/home/j/env_isaaclab/lib/python3.11/site-packages/isaacsim/extscache/omni.sensors.nv.ids-2.0.0+69cbf6ad.lx64.r.cp311`: errno=28/No space left on device
[3.424s] [ext: isaacsim.core.cloner-1.4.10] startup
2026-08-31T06:26:05Z [3,415ms] [Error] [carb] Failed to create change watch for `/home/j/env_isaaclab/lib/python3.11/site-packages/isaacsim/extscache/omni.sensors.nv.ids-2.0.0+69cbf6ad.lx64.r.cp311/config`: errno=28/No space left on device
2026-08-31T06:26:05Z [3,415ms] [Error] [carb] Failed to create change watch for `/home/j/env_isaaclab/lib/python3.11/site-packages/isaacsim/extscache/omni.sensors.nv.ids-2.0.0+69cbf6ad.lx64.r.cp311/omni`: errno=28/No space left on device
2026-08-31T06:26:05Z [3,415ms] [Error] [carb] Failed to create change watch for `/home/j/env_isaaclab/lib/python3.11/site-packages/isaacsim/extscache/omni.sensors.nv.ids-2.0.0+69cbf6ad.lx64.r.cp311/omni/sensors`: errno=28/No space left on device
2026-08-31T06:26:05Z [3,415ms] [Error] [carb] Failed to create change watch for `/home/j/env_isaaclab/lib/python3.11/site-packages/isaacsim/extscache/omni.sensors.nv.ids-2.0.0+69cbf6ad.lx64.r.cp311/omni/sensors/nv`: errno=28/No space left on device
2026-08-31T06:26:05Z [3,415ms] [Error] [carb] Failed to create change watch for `/home/j/env_isaaclab/lib/python3.11/site-packages/isaacsim/extscache/omni.sensors.nv.ids-2.0.0+69cbf6ad.lx64.r.cp311/omni/sensors/nv/ids`: errno=28/No space left on device
2026-08-31T06:26:05Z [3,415ms] [Error] [carb] Failed to create change watch for `/home/j/env_isaaclab/lib/python3.11/site-packages/isaacsim/extscache/omni.sensors.nv.ids-2.0.0+69cbf6ad.lx64.r.cp311/omni/sensors/nv/ids/ogn`: errno=28/No space left on device
2026-08-31T06:26:05Z [3,415ms] [Error] [carb] Failed to create change watch for `/home/j/env_isaaclab/lib/python3.11/site-packages/isaacsim/extscache/omni.sensors.nv.ids-2.0.0+69cbf6ad.lx64.r.cp311/omni/sensors/nv/ids/ogn/tests`: errno=28/No space left on device
2026-08-31T06:26:05Z [3,415ms] [Error] [carb] Failed to create change watch for `/home/j/env_isaaclab/lib/python3.11/site-packages/isaacsim/extscache/omni.sensors.nv.ids-2.0.0+69cbf6ad.lx64.r.cp311/omni/sensors/nv/ids/ogn/tests/usd`: errno=28/No space left on device
2026-08-31T06:26:05Z [3,417ms] [Error] [carb] Failed to create change watch for `/home/j/env_isaaclab/lib/python3.11/site-packages/isaacsim/exts/isaacsim.core.cloner`: errno=28/No space left on device
[3.426s] [ext: isaacsim.sensors.physx-2.3.2] startup
2026-08-31T06:26:05Z [3,417ms] [Error] [carb] Failed to create change watch for `/home/j/env_isaaclab/lib/python3.11/site-packages/isaacsim/exts/isaacsim.core.cloner/config`: errno=28/No space left on device
2026-08-31T06:26:05Z [3,417ms] [Error] [carb] Failed to create change watch for `/home/j/env_isaaclab/lib/python3.11/site-packages/isaacsim/exts/isaacsim.core.cloner/isaacsim`: errno=28/No space left on device
2026-08-31T06:26:05Z [3,417ms] [Error] [carb] Failed to create change watch for `/home/j/env_isaaclab/lib/python3.11/site-packages/isaacsim/exts/isaacsim.core.cloner/isaacsim/core`: errno=28/No space left on device
2026-08-31T06:26:05Z [3,417ms] [Error] [carb] Failed to create change watch for `/home/j/env_isaaclab/lib/python3.11/site-packages/isaacsim/exts/isaacsim.core.cloner/isaacsim/core/cloner`: errno=28/No space left on device
2026-08-31T06:26:05Z [3,417ms] [Error] [carb] Failed to create change watch for `/home/j/env_isaaclab/lib/python3.11/site-packages/isaacsim/exts/isaacsim.core.cloner/isaacsim/core/cloner/tests`: errno=28/No space left on device
2026-08-31T06:26:05Z [3,417ms] [Error] [carb] Failed to create change watch for `/home/j/env_isaaclab/lib/python3.11/site-packages/isaacsim/exts/isaacsim.core.cloner/isaacsim/core/cloner/tests/data`: errno=28/No space left on device
2026-08-31T06:26:05Z [3,418ms] [Error] [carb] Failed to create change watch for `/home/j/env_isaaclab/lib/python3.11/site-packages/isaacsim/exts/isaacsim.core.cloner/isaacsim/core/cloner/impl`: errno=28/No space left on device
2026-08-31T06:26:05Z [3,421ms] [Error] [carb] Failed to create change watch for `/home/j/env_isaaclab/lib/python3.11/site-packages/isaacsim/exts/isaacsim.sensors.physx`: errno=28/No space left on device
[3.430s] [ext: isaacsim.sensors.rtx-15.8.4] startup
2026-08-31T06:26:05Z [3,421ms] [Error] [carb] Failed to create change watch for `/home/j/env_isaaclab/lib/python3.11/site-packages/isaacsim/exts/isaacsim.sensors.physx/config`: errno=28/No space left on device
2026-08-31T06:26:05Z [3,421ms] [Error] [carb] Failed to create change watch for `/home/j/env_isaaclab/lib/python3.11/site-packages/isaacsim/exts/isaacsim.sensors.physx/isaacsim`: errno=28/No space left on device
2026-08-31T06:26:05Z [3,421ms] [Error] [carb] Failed to create change watch for `/home/j/env_isaaclab/lib/python3.11/site-packages/isaacsim/exts/isaacsim.sensors.physx/isaacsim/sensors`: errno=28/No space left on device
2026-08-31T06:26:05Z [3,421ms] [Error] [carb] Failed to create change watch for `/home/j/env_isaaclab/lib/python3.11/site-packages/isaacsim/exts/isaacsim.sensors.physx/isaacsim/sensors/physx`: errno=28/No space left on device
2026-08-31T06:26:05Z [3,421ms] [Error] [carb] Failed to create change watch for `/home/j/env_isaaclab/lib/python3.11/site-packages/isaacsim/exts/isaacsim.sensors.physx/isaacsim/sensors/physx/tests`: errno=28/No space left on device
2026-08-31T06:26:05Z [3,421ms] [Error] [carb] Failed to create change watch for `/home/j/env_isaaclab/lib/python3.11/site-packages/isaacsim/exts/isaacsim.sensors.physx/isaacsim/sensors/physx/impl`: errno=28/No space left on device
2026-08-31T06:26:05Z [3,421ms] [Error] [carb] Failed to create change watch for `/home/j/env_isaaclab/lib/python3.11/site-packages/isaacsim/exts/isaacsim.sensors.physx/isaacsim/sensors/physx/ogn`: errno=28/No space left on device
2026-08-31T06:26:05Z [3,421ms] [Error] [carb] Failed to create change watch for `/home/j/env_isaaclab/lib/python3.11/site-packages/isaacsim/exts/isaacsim.sensors.physx/isaacsim/sensors/physx/ogn/tests`: errno=28/No space left on device
2026-08-31T06:26:05Z [3,421ms] [Error] [carb] Failed to create change watch for `/home/j/env_isaaclab/lib/python3.11/site-packages/isaacsim/exts/isaacsim.sensors.physx/isaacsim/sensors/physx/ogn/tests/usd`: errno=28/No space left on device
2026-08-31T06:26:05Z [3,428ms] [Error] [carb] Failed to create change watch for `/home/j/env_isaaclab/lib/python3.11/site-packages/isaacsim/exts/isaacsim.sensors.rtx`: errno=28/No space left on device
[3.437s] [ext: isaacsim.sensors.camera-1.3.6] startup
2026-08-31T06:26:05Z [3,428ms] [Error] [carb] Failed to create change watch for `/home/j/env_isaaclab/lib/python3.11/site-packages/isaacsim/exts/isaacsim.sensors.rtx/config`: errno=28/No space left on device
2026-08-31T06:26:05Z [3,428ms] [Error] [carb] Failed to create change watch for `/home/j/env_isaaclab/lib/python3.11/site-packages/isaacsim/exts/isaacsim.sensors.rtx/isaacsim`: errno=28/No space left on device
2026-08-31T06:26:05Z [3,428ms] [Error] [carb] Failed to create change watch for `/home/j/env_isaaclab/lib/python3.11/site-packages/isaacsim/exts/isaacsim.sensors.rtx/isaacsim/sensors`: errno=28/No space left on device
2026-08-31T06:26:05Z [3,428ms] [Error] [carb] Failed to create change watch for `/home/j/env_isaaclab/lib/python3.11/site-packages/isaacsim/exts/isaacsim.sensors.rtx/isaacsim/sensors/rtx`: errno=28/No space left on device
2026-08-31T06:26:05Z [3,428ms] [Error] [carb] Failed to create change watch for `/home/j/env_isaaclab/lib/python3.11/site-packages/isaacsim/exts/isaacsim.sensors.rtx/isaacsim/sensors/rtx/tests`: errno=28/No space left on device
2026-08-31T06:26:05Z [3,428ms] [Error] [carb] Failed to create change watch for `/home/j/env_isaaclab/lib/python3.11/site-packages/isaacsim/exts/isaacsim.sensors.rtx/isaacsim/sensors/rtx/generic_model_output`: errno=28/No space left on device
2026-08-31T06:26:05Z [3,428ms] [Error] [carb] Failed to create change watch for `/home/j/env_isaaclab/lib/python3.11/site-packages/isaacsim/exts/isaacsim.sensors.rtx/isaacsim/sensors/rtx/bindings`: errno=28/No space left on device
2026-08-31T06:26:05Z [3,429ms] [Error] [carb] Failed to create change watch for `/home/j/env_isaaclab/lib/python3.11/site-packages/isaacsim/exts/isaacsim.sensors.rtx/isaacsim/sensors/rtx/impl`: errno=28/No space left on device
2026-08-31T06:26:05Z [3,429ms] [Error] [carb] Failed to create change watch for `/home/j/env_isaaclab/lib/python3.11/site-packages/isaacsim/exts/isaacsim.sensors.rtx/isaacsim/sensors/rtx/ogn`: errno=28/No space left on device
2026-08-31T06:26:05Z [3,429ms] [Error] [carb] Failed to create change watch for `/home/j/env_isaaclab/lib/python3.11/site-packages/isaacsim/exts/isaacsim.sensors.rtx/isaacsim/sensors/rtx/ogn/tests`: errno=28/No space left on device
2026-08-31T06:26:05Z [3,429ms] [Error] [carb] Failed to create change watch for `/home/j/env_isaaclab/lib/python3.11/site-packages/isaacsim/exts/isaacsim.sensors.rtx/isaacsim/sensors/rtx/ogn/tests/usd`: errno=28/No space left on device
2026-08-31T06:26:05Z [3,436ms] [Error] [carb] Failed to create change watch for `/home/j/env_isaaclab/lib/python3.11/site-packages/isaacsim/exts/isaacsim.sensors.camera`: errno=28/No space left on device
[3.446s] [ext: omni.isaac.quadruped-3.0.7] startup
2026-08-31T06:26:05Z [3,436ms] [Error] [carb] Failed to create change watch for `/home/j/env_isaaclab/lib/python3.11/site-packages/isaacsim/exts/isaacsim.sensors.camera/config`: errno=28/No space left on device
2026-08-31T06:26:05Z [3,437ms] [Error] [carb] Failed to create change watch for `/home/j/env_isaaclab/lib/python3.11/site-packages/isaacsim/exts/isaacsim.sensors.camera/isaacsim`: errno=28/No space left on device
2026-08-31T06:26:05Z [3,437ms] [Error] [carb] Failed to create change watch for `/home/j/env_isaaclab/lib/python3.11/site-packages/isaacsim/exts/isaacsim.sensors.camera/isaacsim/sensors`: errno=28/No space left on device
2026-08-31T06:26:05Z [3,437ms] [Error] [carb] Failed to create change watch for `/home/j/env_isaaclab/lib/python3.11/site-packages/isaacsim/exts/isaacsim.sensors.camera/isaacsim/sensors/camera`: errno=28/No space left on device
2026-08-31T06:26:05Z [3,437ms] [Error] [carb] Failed to create change watch for `/home/j/env_isaaclab/lib/python3.11/site-packages/isaacsim/exts/isaacsim.sensors.camera/isaacsim/sensors/camera/tests`: errno=28/No space left on device
2026-08-31T06:26:05Z [3,437ms] [Error] [carb] Failed to create change watch for `/home/j/env_isaaclab/lib/python3.11/site-packages/isaacsim/exts/isaacsim.sensors.camera/isaacsim/sensors/camera/tests/data`: errno=28/No space left on device
2026-08-31T06:26:05Z [3,437ms] [Error] [carb] Failed to create change watch for `/home/j/env_isaaclab/lib/python3.11/site-packages/isaacsim/exts/isaacsim.sensors.camera/isaacsim/sensors/camera/tests/data/golden`: errno=28/No space left on device
2026-08-31T06:26:05Z [3,437ms] [Error] [carb] Failed to create change watch for `/home/j/env_isaaclab/lib/python3.11/site-packages/isaacsim/exts/isaacsim.sensors.camera/isaacsim/sensors/camera/tests/data/golden/camera_pointcloud`: errno=28/No space left on device
2026-08-31T06:26:05Z [3,438ms] [Warning] [omni.isaac.quadruped] omni.isaac.quadruped has been deprecated in favor of isaacsim.robot.policy.examples. Please update your code accordingly.
[3.447s] [ext: omni.isaac.cloner-1.0.7] startup
2026-08-31T06:26:05Z [3,438ms] [Error] [carb] Failed to create change watch for `/home/j/env_isaaclab/lib/python3.11/site-packages/isaacsim/extsDeprecated/omni.isaac.quadruped`: errno=28/No space left on device
2026-08-31T06:26:05Z [3,438ms] [Error] [carb] Failed to create change watch for `/home/j/env_isaaclab/lib/python3.11/site-packages/isaacsim/extsDeprecated/omni.isaac.quadruped/config`: errno=28/No space left on device
2026-08-31T06:26:05Z [3,438ms] [Error] [carb] Failed to create change watch for `/home/j/env_isaaclab/lib/python3.11/site-packages/isaacsim/extsDeprecated/omni.isaac.quadruped/omni`: errno=28/No space left on device
2026-08-31T06:26:05Z [3,438ms] [Error] [carb] Failed to create change watch for `/home/j/env_isaaclab/lib/python3.11/site-packages/isaacsim/extsDeprecated/omni.isaac.quadruped/omni/isaac`: errno=28/No space left on device
2026-08-31T06:26:05Z [3,438ms] [Error] [carb] Failed to create change watch for `/home/j/env_isaaclab/lib/python3.11/site-packages/isaacsim/extsDeprecated/omni.isaac.quadruped/omni/isaac/quadruped`: errno=28/No space left on device
2026-08-31T06:26:05Z [3,438ms] [Error] [carb] Failed to create change watch for `/home/j/env_isaaclab/lib/python3.11/site-packages/isaacsim/extsDeprecated/omni.isaac.quadruped/omni/isaac/quadruped/tests`: errno=28/No space left on device
2026-08-31T06:26:05Z [3,440ms] [Warning] [omni.isaac.cloner] omni.isaac.cloner has been deprecated in favor of isaacsim.core.cloner. Please update your code accordingly.
2026-08-31T06:26:05Z [3,440ms] [Error] [carb] Failed to create change watch for `/home/j/env_isaaclab/lib/python3.11/site-packages/isaacsim/extsDeprecated/omni.isaac.cloner`: errno=28/No space left on device
2026-08-31T06:26:05Z [3,440ms] [Error] [carb] Failed to create change watch for `/home/j/env_isaaclab/lib/python3.11/site-packages/isaacsim/extsDeprecated/omni.isaac.cloner/config`: errno=28/No space left on device
2026-08-31T06:26:05Z [3,440ms] [Error] [carb] Failed to create change watch for `/home/j/env_isaaclab/lib/python3.11/site-packages/isaacsim/extsDeprecated/omni.isaac.cloner/omni`: errno=28/No space left on device
2026-08-31T06:26:05Z [3,440ms] [Error] [carb] Failed to create change watch for `/home/j/env_isaaclab/lib/python3.11/site-packages/isaacsim/extsDeprecated/omni.isaac.cloner/omni/isaac`: errno=28/No space left on device
2026-08-31T06:26:05Z [3,440ms] [Error] [carb] Failed to create change watch for `/home/j/env_isaaclab/lib/python3.11/site-packages/isaacsim/extsDeprecated/omni.isaac.cloner/omni/isaac/cloner`: errno=28/No space left on device
2026-08-31T06:26:05Z [3,440ms] [Error] [carb] Failed to create change watch for `/home/j/env_isaaclab/lib/python3.11/site-packages/isaacsim/extsDeprecated/omni.isaac.cloner/omni/isaac/cloner/tests`: errno=28/No space left on device
[3.450s] [ext: omni.isaac.range_sensor-4.0.6] startup
2026-08-31T06:26:05Z [3,443ms] [Warning] [omni.isaac.range_sensor] omni.isaac.range_sensor has been deprecated in favor of isaacsim.sensors.physx. Please update your code accordingly.
2026-08-31T06:26:05Z [3,444ms] [Warning] [omni.isaac.range_sensor.commands] omni.isaac.range_sensor.commands has been deprecated in favor of isaacsim.sensors.physx.commands. Please update your code accordingly.
2026-08-31T06:26:05Z [3,444ms] [Error] [carb] Failed to create change watch for `/home/j/env_isaaclab/lib/python3.11/site-packages/isaacsim/extsDeprecated/omni.isaac.range_sensor`: errno=28/No space left on device
[3.453s] [ext: omni.isaac.sensor-13.0.7] startup
2026-08-31T06:26:05Z [3,444ms] [Error] [carb] Failed to create change watch for `/home/j/env_isaaclab/lib/python3.11/site-packages/isaacsim/extsDeprecated/omni.isaac.range_sensor/config`: errno=28/No space left on device
2026-08-31T06:26:05Z [3,444ms] [Warning] [omni.isaac.sensor] omni.isaac.sensor has been deprecated in favor of isaacsim.sensors.camera, isaacsim.sensors.physics, isaacsim.sensors.physx, and isaacsim.sensors.rtx. Please update your code accordingly.
2026-08-31T06:26:05Z [3,444ms] [Error] [carb] Failed to create change watch for `/home/j/env_isaaclab/lib/python3.11/site-packages/isaacsim/extsDeprecated/omni.isaac.range_sensor/omni`: errno=28/No space left on device
2026-08-31T06:26:05Z [3,444ms] [Error] [carb] Failed to create change watch for `/home/j/env_isaaclab/lib/python3.11/site-packages/isaacsim/extsDeprecated/omni.isaac.range_sensor/omni/isaac`: errno=28/No space left on device
2026-08-31T06:26:05Z [3,444ms] [Error] [carb] Failed to create change watch for `/home/j/env_isaaclab/lib/python3.11/site-packages/isaacsim/extsDeprecated/omni.isaac.range_sensor/omni/isaac/range_sensor`: errno=28/No space left on device
2026-08-31T06:26:05Z [3,444ms] [Error] [carb] Failed to create change watch for `/home/j/env_isaaclab/lib/python3.11/site-packages/isaacsim/extsDeprecated/omni.isaac.range_sensor/omni/isaac/range_sensor/tests`: errno=28/No space left on device
2026-08-31T06:26:05Z [3,444ms] [Warning] [omni.isaac.sensor.camera] omni.isaac.sensor.camera has been deprecated in favor of isaacsim.sensors.camera.camera. Please update your code accordingly.
2026-08-31T06:26:05Z [3,444ms] [Warning] [omni.isaac.sensor.camera_view] omni.isaac.sensor.camera_view has been deprecated in favor of isaacsim.sensors.camera.camera_view. Please update your code accordingly.
2026-08-31T06:26:05Z [3,444ms] [Warning] [omni.isaac.sensor.commands] omni.isaac.sensor.commands has been deprecated in favor of isaacsim.sensors.physics.commands, isaacsim.sensors.physx.commands, and isaacsim.sensors.rtx.commands. Please update your code accordingly.
2026-08-31T06:26:05Z [3,446ms] [Warning] [omni.isaac.sensor.contact_sensor] omni.isaac.sensor.contact_sensor has been deprecated in favor of isaacsim.sensors.physics.contact_sensor. Please update your code accordingly.
2026-08-31T06:26:05Z [3,446ms] [Warning] [omni.isaac.sensor.imu_sensor] omni.isaac.sensor.imu_sensor has been deprecated in favor of isaacsim.sensors.physics.imu_sensor. Please update your code accordingly.
2026-08-31T06:26:05Z [3,446ms] [Warning] [omni.isaac.sensor.lidar_rtx] omni.isaac.sensor.lidar_rtx has been deprecated in favor of isaacsim.sensors.rtx.lidar_rtx. Please update your code accordingly.
2026-08-31T06:26:05Z [3,446ms] [Warning] [omni.isaac.sensor.rotating_lidar_physX] omni.isaac.sensor.imu_sensor has been deprecated in favor of isaacsim.sensors.physix.rotating_lidar_physX. Please update your code accordingly.
2026-08-31T06:26:05Z [3,450ms] [Warning] [omni.isaac.sensor.scripts.samples.contact_sensor] omni.isaac.sensor.scripts.samples.contact_sensor has been deprecated in favor of isaacsim.sensors.physics.scripts.samples.contact_sensor. Please update your code accordingly.
2026-08-31T06:26:05Z [3,450ms] [Warning] [omni.isaac.sensor.scripts.samples.imu_sensor] omni.isaac.sensor.scripts.samples.imu_sensor has been deprecated in favor of isaacsim.sensors.physics.scripts.samples.imu_sensor. Please update your code accordingly.
2026-08-31T06:26:05Z [3,450ms] [Warning] [omni.isaac.sensor.scripts.samples.lightbeam_sensor] omni.isaac.sensor.scripts.samples.lightbeam_sensor has been deprecated in favor of isaacsim.sensors.physx.scripts.samples.lightbeam_sensor. Please update your code accordingly.
2026-08-31T06:26:05Z [3,451ms] [Error] [carb] Failed to create change watch for `/home/j/env_isaaclab/lib/python3.11/site-packages/isaacsim/extsDeprecated/omni.isaac.sensor`: errno=28/No space left on device
[3.460s] [ext: omni.kit.menu.create-2.0.1] startup
2026-08-31T06:26:05Z [3,451ms] [Error] [carb] Failed to create change watch for `/home/j/env_isaaclab/lib/python3.11/site-packages/isaacsim/extsDeprecated/omni.isaac.sensor/config`: errno=28/No space left on device
2026-08-31T06:26:05Z [3,451ms] [Error] [carb] Failed to create change watch for `/home/j/env_isaaclab/lib/python3.11/site-packages/isaacsim/extsDeprecated/omni.isaac.sensor/omni`: errno=28/No space left on device
2026-08-31T06:26:05Z [3,451ms] [Error] [carb] Failed to create change watch for `/home/j/env_isaaclab/lib/python3.11/site-packages/isaacsim/extsDeprecated/omni.isaac.sensor/omni/isaac`: errno=28/No space left on device
2026-08-31T06:26:05Z [3,451ms] [Error] [carb] Failed to create change watch for `/home/j/env_isaaclab/lib/python3.11/site-packages/isaacsim/extsDeprecated/omni.isaac.sensor/omni/isaac/sensor`: errno=28/No space left on device
2026-08-31T06:26:05Z [3,451ms] [Error] [carb] Failed to create change watch for `/home/j/env_isaaclab/lib/python3.11/site-packages/isaacsim/extsDeprecated/omni.isaac.sensor/omni/isaac/sensor/tests`: errno=28/No space left on device
2026-08-31T06:26:05Z [3,451ms] [Error] [carb] Failed to create change watch for `/home/j/env_isaaclab/lib/python3.11/site-packages/isaacsim/extsDeprecated/omni.isaac.sensor/omni/isaac/sensor/scripts`: errno=28/No space left on device
2026-08-31T06:26:05Z [3,451ms] [Error] [carb] Failed to create change watch for `/home/j/env_isaaclab/lib/python3.11/site-packages/isaacsim/extsDeprecated/omni.isaac.sensor/omni/isaac/sensor/scripts/samples`: errno=28/No space left on device
2026-08-31T06:26:05Z [3,454ms] [Error] [carb] Failed to create change watch for `/home/j/env_isaaclab/lib/python3.11/site-packages/isaacsim/extscache/omni.kit.menu.create-2.0.1+69cbf6ad`: errno=28/No space left on device
2026-08-31T06:26:05Z [3,454ms] [Error] [carb] Failed to create change watch for `/home/j/env_isaaclab/lib/python3.11/site-packages/isaacsim/extscache/omni.kit.menu.create-2.0.1+69cbf6ad/config`: errno=28/No space left on device
[3.463s] [ext: omni.kit.widget.toolbar-2.0.1] startup
2026-08-31T06:26:05Z [3,454ms] [Error] [carb] Failed to create change watch for `/home/j/env_isaaclab/lib/python3.11/site-packages/isaacsim/extscache/omni.kit.menu.create-2.0.1+69cbf6ad/omni`: errno=28/No space left on device
2026-08-31T06:26:05Z [3,454ms] [Error] [carb] Failed to create change watch for `/home/j/env_isaaclab/lib/python3.11/site-packages/isaacsim/extscache/omni.kit.menu.create-2.0.1+69cbf6ad/omni/kit`: errno=28/No space left on device
2026-08-31T06:26:05Z [3,454ms] [Error] [carb] Failed to create change watch for `/home/j/env_isaaclab/lib/python3.11/site-packages/isaacsim/extscache/omni.kit.menu.create-2.0.1+69cbf6ad/omni/kit/menu`: errno=28/No space left on device
2026-08-31T06:26:05Z [3,454ms] [Error] [carb] Failed to create change watch for `/home/j/env_isaaclab/lib/python3.11/site-packages/isaacsim/extscache/omni.kit.menu.create-2.0.1+69cbf6ad/omni/kit/menu/create`: errno=28/No space left on device
2026-08-31T06:26:05Z [3,454ms] [Error] [carb] Failed to create change watch for `/home/j/env_isaaclab/lib/python3.11/site-packages/isaacsim/extscache/omni.kit.menu.create-2.0.1+69cbf6ad/omni/kit/menu/create/tests`: errno=28/No space left on device
2026-08-31T06:26:05Z [3,464ms] [Error] [carb] Failed to create change watch for `/home/j/env_isaaclab/lib/python3.11/site-packages/isaacsim/extscache/omni.kit.widget.toolbar-2.0.1+69cbf6ad`: errno=28/No space left on device
[3.473s] [ext: omni.kit.manipulator.transform-107.0.0] startup
2026-08-31T06:26:05Z [3,464ms] [Error] [carb] Failed to create change watch for `/home/j/env_isaaclab/lib/python3.11/site-packages/isaacsim/extscache/omni.kit.widget.toolbar-2.0.1+69cbf6ad/config`: errno=28/No space left on device
2026-08-31T06:26:05Z [3,464ms] [Error] [carb] Failed to create change watch for `/home/j/env_isaaclab/lib/python3.11/site-packages/isaacsim/extscache/omni.kit.widget.toolbar-2.0.1+69cbf6ad/omni`: errno=28/No space left on device
2026-08-31T06:26:05Z [3,464ms] [Error] [carb] Failed to create change watch for `/home/j/env_isaaclab/lib/python3.11/site-packages/isaacsim/extscache/omni.kit.widget.toolbar-2.0.1+69cbf6ad/omni/kit`: errno=28/No space left on device
2026-08-31T06:26:05Z [3,464ms] [Error] [carb] Failed to create change watch for `/home/j/env_isaaclab/lib/python3.11/site-packages/isaacsim/extscache/omni.kit.widget.toolbar-2.0.1+69cbf6ad/omni/kit/widget`: errno=28/No space left on device
2026-08-31T06:26:05Z [3,464ms] [Error] [carb] Failed to create change watch for `/home/j/env_isaaclab/lib/python3.11/site-packages/isaacsim/extscache/omni.kit.widget.toolbar-2.0.1+69cbf6ad/omni/kit/widget/toolbar`: errno=28/No space left on device
2026-08-31T06:26:05Z [3,464ms] [Error] [carb] Failed to create change watch for `/home/j/env_isaaclab/lib/python3.11/site-packages/isaacsim/extscache/omni.kit.widget.toolbar-2.0.1+69cbf6ad/omni/kit/widget/toolbar/tests`: errno=28/No space left on device
2026-08-31T06:26:05Z [3,465ms] [Error] [carb] Failed to create change watch for `/home/j/env_isaaclab/lib/python3.11/site-packages/isaacsim/extscache/omni.kit.widget.toolbar-2.0.1+69cbf6ad/omni/kit/widget/toolbar/builtin_tools`: errno=28/No space left on device
2026-08-31T06:26:05Z [3,465ms] [Error] [carb] Failed to create change watch for `/home/j/env_isaaclab/lib/python3.11/site-packages/isaacsim/extscache/omni.kit.widget.toolbar-2.0.1+69cbf6ad/omni/kit/widget/toolbar/builtin_tools/models`: errno=28/No space left on device
2026-08-31T06:26:05Z [3,468ms] [Error] [carb] Failed to create change watch for `/home/j/env_isaaclab/lib/python3.11/site-packages/isaacsim/extscache/omni.kit.manipulator.transform-107.0.0+69cbf6ad`: errno=28/No space left on device
2026-08-31T06:26:05Z [3,468ms] [Error] [carb] Failed to create change watch for `/home/j/env_isaaclab/lib/python3.11/site-packages/isaacsim/extscache/omni.kit.manipulator.transform-107.0.0+69cbf6ad/config`: errno=28/No space left on device
[3.477s] [ext: omni.isaac.core-4.0.7] startup
2026-08-31T06:26:05Z [3,468ms] [Error] [carb] Failed to create change watch for `/home/j/env_isaaclab/lib/python3.11/site-packages/isaacsim/extscache/omni.kit.manipulator.transform-107.0.0+69cbf6ad/omni`: errno=28/No space left on device
2026-08-31T06:26:05Z [3,468ms] [Error] [carb] Failed to create change watch for `/home/j/env_isaaclab/lib/python3.11/site-packages/isaacsim/extscache/omni.kit.manipulator.transform-107.0.0+69cbf6ad/omni/kit`: errno=28/No space left on device
2026-08-31T06:26:05Z [3,468ms] [Error] [carb] Failed to create change watch for `/home/j/env_isaaclab/lib/python3.11/site-packages/isaacsim/extscache/omni.kit.manipulator.transform-107.0.0+69cbf6ad/omni/kit/manipulator`: errno=28/No space left on device
2026-08-31T06:26:05Z [3,468ms] [Error] [carb] Failed to create change watch for `/home/j/env_isaaclab/lib/python3.11/site-packages/isaacsim/extscache/omni.kit.manipulator.transform-107.0.0+69cbf6ad/omni/kit/manipulator/transform`: errno=28/No space left on device
2026-08-31T06:26:05Z [3,468ms] [Error] [carb] Failed to create change watch for `/home/j/env_isaaclab/lib/python3.11/site-packages/isaacsim/extscache/omni.kit.manipulator.transform-107.0.0+69cbf6ad/omni/kit/manipulator/transform/tests`: errno=28/No space left on device
2026-08-31T06:26:05Z [3,468ms] [Warning] [omni.isaac.core.physics_context.physics_context] omni.isaac.core.physics_context.physics_context has been deprecated in favor of isaacsim.core.api.physics_context.physics_context. Please update your code accordingly.
2026-08-31T06:26:05Z [3,468ms] [Warning] [omni.isaac.core.simulation_context.simulation_context] omni.isaac.core.simulation_context.simulation_context has been deprecated in favor of isaacsim.core.api.simulation_context.simulation_context. Please update your code accordingly.
2026-08-31T06:26:05Z [3,469ms] [Warning] [omni.isaac.core.world.world] omni.isaac.core.world.world has been deprecated in favor of isaacsim.core.api.world.world. Please update your code accordingly.
2026-08-31T06:26:05Z [3,469ms] [Warning] [omni.isaac.core] omni.isaac.core has been deprecated in favor of isaacsim.core.api. Please update your code accordingly.
[3.478s] [ext: omni.kit.scripting-107.3.2] startup
2026-08-31T06:26:05Z [3,469ms] [Error] [carb] Failed to create change watch for `/home/j/env_isaaclab/lib/python3.11/site-packages/isaacsim/extsDeprecated/omni.isaac.core`: errno=28/No space left on device
2026-08-31T06:26:05Z [3,469ms] [Error] [carb] Failed to create change watch for `/home/j/env_isaaclab/lib/python3.11/site-packages/isaacsim/extsDeprecated/omni.isaac.core/config`: errno=28/No space left on device
2026-08-31T06:26:05Z [3,469ms] [Error] [carb] Failed to create change watch for `/home/j/env_isaaclab/lib/python3.11/site-packages/isaacsim/extsDeprecated/omni.isaac.core/omni`: errno=28/No space left on device
2026-08-31T06:26:05Z [3,469ms] [Error] [carb] Failed to create change watch for `/home/j/env_isaaclab/lib/python3.11/site-packages/isaacsim/extsDeprecated/omni.isaac.core/omni/isaac`: errno=28/No space left on device
2026-08-31T06:26:05Z [3,469ms] [Error] [carb] Failed to create change watch for `/home/j/env_isaaclab/lib/python3.11/site-packages/isaacsim/extsDeprecated/omni.isaac.core/omni/isaac/core`: errno=28/No space left on device
2026-08-31T06:26:05Z [3,469ms] [Error] [carb] Failed to create change watch for `/home/j/env_isaaclab/lib/python3.11/site-packages/isaacsim/extsDeprecated/omni.isaac.core/omni/isaac/core/utils`: errno=28/No space left on device
2026-08-31T06:26:05Z [3,469ms] [Error] [carb] Failed to create change watch for `/home/j/env_isaaclab/lib/python3.11/site-packages/isaacsim/extsDeprecated/omni.isaac.core/omni/isaac/core/utils/torch`: errno=28/No space left on device
2026-08-31T06:26:05Z [3,469ms] [Error] [carb] Failed to create change watch for `/home/j/env_isaaclab/lib/python3.11/site-packages/isaacsim/extsDeprecated/omni.isaac.core/omni/isaac/core/utils/warp`: errno=28/No space left on device
2026-08-31T06:26:05Z [3,469ms] [Error] [carb] Failed to create change watch for `/home/j/env_isaaclab/lib/python3.11/site-packages/isaacsim/extsDeprecated/omni.isaac.core/omni/isaac/core/utils/numpy`: errno=28/No space left on device
2026-08-31T06:26:05Z [3,469ms] [Error] [carb] Failed to create change watch for `/home/j/env_isaaclab/lib/python3.11/site-packages/isaacsim/extsDeprecated/omni.isaac.core/omni/isaac/core/tests`: errno=28/No space left on device
2026-08-31T06:26:05Z [3,469ms] [Error] [carb] Failed to create change watch for `/home/j/env_isaaclab/lib/python3.11/site-packages/isaacsim/extsDeprecated/omni.isaac.core/omni/isaac/core/scenes`: errno=28/No space left on device
2026-08-31T06:26:05Z [3,469ms] [Error] [carb] Failed to create change watch for `/home/j/env_isaaclab/lib/python3.11/site-packages/isaacsim/extsDeprecated/omni.isaac.core/omni/isaac/core/controllers`: errno=28/No space left on device
2026-08-31T06:26:05Z [3,469ms] [Error] [carb] Failed to create change watch for `/home/j/env_isaaclab/lib/python3.11/site-packages/isaacsim/extsDeprecated/omni.isaac.core/omni/isaac/core/world`: errno=28/No space left on device
2026-08-31T06:26:05Z [3,469ms] [Error] [carb] Failed to create change watch for `/home/j/env_isaaclab/lib/python3.11/site-packages/isaacsim/extsDeprecated/omni.isaac.core/omni/isaac/core/materials`: errno=28/No space left on device
2026-08-31T06:26:05Z [3,469ms] [Error] [carb] Failed to create change watch for `/home/j/env_isaaclab/lib/python3.11/site-packages/isaacsim/extsDeprecated/omni.isaac.core/omni/isaac/core/simulation_context`: errno=28/No space left on device
2026-08-31T06:26:05Z [3,469ms] [Error] [carb] Failed to create change watch for `/home/j/env_isaaclab/lib/python3.11/site-packages/isaacsim/extsDeprecated/omni.isaac.core/omni/isaac/core/loggers`: errno=28/No space left on device
2026-08-31T06:26:05Z [3,469ms] [Error] [carb] Failed to create change watch for `/home/j/env_isaaclab/lib/python3.11/site-packages/isaacsim/extsDeprecated/omni.isaac.core/omni/isaac/core/robots`: errno=28/No space left on device
2026-08-31T06:26:05Z [3,470ms] [Error] [carb] Failed to create change watch for `/home/j/env_isaaclab/lib/python3.11/site-packages/isaacsim/extsDeprecated/omni.isaac.core/omni/isaac/core/prims`: errno=28/No space left on device
2026-08-31T06:26:05Z [3,470ms] [Error] [carb] Failed to create change watch for `/home/j/env_isaaclab/lib/python3.11/site-packages/isaacsim/extsDeprecated/omni.isaac.core/omni/isaac/core/prims/soft`: errno=28/No space left on device
2026-08-31T06:26:05Z [3,470ms] [Error] [carb] Failed to create change watch for `/home/j/env_isaaclab/lib/python3.11/site-packages/isaacsim/extsDeprecated/omni.isaac.core/omni/isaac/core/articulations`: errno=28/No space left on device
2026-08-31T06:26:05Z [3,470ms] [Error] [carb] Failed to create change watch for `/home/j/env_isaaclab/lib/python3.11/site-packages/isaacsim/extsDeprecated/omni.isaac.core/omni/isaac/core/tasks`: errno=28/No space left on device
2026-08-31T06:26:05Z [3,470ms] [Error] [carb] Failed to create change watch for `/home/j/env_isaaclab/lib/python3.11/site-packages/isaacsim/extsDeprecated/omni.isaac.core/omni/isaac/core/physics_context`: errno=28/No space left on device
2026-08-31T06:26:05Z [3,470ms] [Error] [carb] Failed to create change watch for `/home/j/env_isaaclab/lib/python3.11/site-packages/isaacsim/extsDeprecated/omni.isaac.core/omni/isaac/core/objects`: errno=28/No space left on device
2026-08-31T06:26:05Z [3,473ms] [Error] [carb] Failed to create change watch for `/home/j/env_isaaclab/lib/python3.11/site-packages/isaacsim/extscache/omni.kit.scripting-107.3.2+107.3.2`: errno=28/No space left on device
[3.482s] [ext: omni.kit.manipulator.tool.snap-1.5.13] startup
2026-08-31T06:26:05Z [3,473ms] [Error] [carb] Failed to create change watch for `/home/j/env_isaaclab/lib/python3.11/site-packages/isaacsim/extscache/omni.kit.scripting-107.3.2+107.3.2/config`: errno=28/No space left on device
2026-08-31T06:26:05Z [3,473ms] [Error] [carb] Failed to create change watch for `/home/j/env_isaaclab/lib/python3.11/site-packages/isaacsim/extscache/omni.kit.scripting-107.3.2+107.3.2/omni`: errno=28/No space left on device
2026-08-31T06:26:05Z [3,473ms] [Error] [carb] Failed to create change watch for `/home/j/env_isaaclab/lib/python3.11/site-packages/isaacsim/extscache/omni.kit.scripting-107.3.2+107.3.2/omni/kit`: errno=28/No space left on device
2026-08-31T06:26:05Z [3,473ms] [Error] [carb] Failed to create change watch for `/home/j/env_isaaclab/lib/python3.11/site-packages/isaacsim/extscache/omni.kit.scripting-107.3.2+107.3.2/omni/kit/scripting`: errno=28/No space left on device
2026-08-31T06:26:05Z [3,473ms] [Error] [carb] Failed to create change watch for `/home/j/env_isaaclab/lib/python3.11/site-packages/isaacsim/extscache/omni.kit.scripting-107.3.2+107.3.2/omni/kit/scripting/tests`: errno=28/No space left on device
2026-08-31T06:26:05Z [3,474ms] [Error] [carb] Failed to create change watch for `/home/j/env_isaaclab/lib/python3.11/site-packages/isaacsim/extscache/omni.kit.scripting-107.3.2+107.3.2/omni/kit/scripting/scripts`: errno=28/No space left on device
2026-08-31T06:26:05Z [3,474ms] [Error] [carb] Failed to create change watch for `/home/j/env_isaaclab/lib/python3.11/site-packages/isaacsim/extscache/omni.kit.scripting-107.3.2+107.3.2/omni/kit/scripting/scripts/loader`: errno=28/No space left on device
2026-08-31T06:26:05Z [3,477ms] [Error] [carb] Failed to create change watch for `/home/j/env_isaaclab/lib/python3.11/site-packages/isaacsim/extscache/omni.kit.manipulator.tool.snap-1.5.13+69cbf6ad`: errno=28/No space left on device
[3.486s] [ext: omni.kit.manipulator.selector-1.1.3] startup
2026-08-31T06:26:05Z [3,477ms] [Error] [carb] Failed to create change watch for `/home/j/env_isaaclab/lib/python3.11/site-packages/isaacsim/extscache/omni.kit.manipulator.tool.snap-1.5.13+69cbf6ad/config`: errno=28/No space left on device
2026-08-31T06:26:05Z [3,477ms] [Error] [carb] Failed to create change watch for `/home/j/env_isaaclab/lib/python3.11/site-packages/isaacsim/extscache/omni.kit.manipulator.tool.snap-1.5.13+69cbf6ad/omni`: errno=28/No space left on device
2026-08-31T06:26:05Z [3,477ms] [Error] [carb] Failed to create change watch for `/home/j/env_isaaclab/lib/python3.11/site-packages/isaacsim/extscache/omni.kit.manipulator.tool.snap-1.5.13+69cbf6ad/omni/kit`: errno=28/No space left on device
2026-08-31T06:26:05Z [3,477ms] [Error] [carb] Failed to create change watch for `/home/j/env_isaaclab/lib/python3.11/site-packages/isaacsim/extscache/omni.kit.manipulator.tool.snap-1.5.13+69cbf6ad/omni/kit/manipulator`: errno=28/No space left on device
2026-08-31T06:26:05Z [3,477ms] [Error] [carb] Failed to create change watch for `/home/j/env_isaaclab/lib/python3.11/site-packages/isaacsim/extscache/omni.kit.manipulator.tool.snap-1.5.13+69cbf6ad/omni/kit/manipulator/tool`: errno=28/No space left on device
2026-08-31T06:26:05Z [3,477ms] [Error] [carb] Failed to create change watch for `/home/j/env_isaaclab/lib/python3.11/site-packages/isaacsim/extscache/omni.kit.manipulator.tool.snap-1.5.13+69cbf6ad/omni/kit/manipulator/tool/snap`: errno=28/No space left on device
2026-08-31T06:26:05Z [3,477ms] [Error] [carb] Failed to create change watch for `/home/j/env_isaaclab/lib/python3.11/site-packages/isaacsim/extscache/omni.kit.manipulator.tool.snap-1.5.13+69cbf6ad/omni/kit/manipulator/tool/snap/tests`: errno=28/No space left on device
[3.487s] [ext: isaacsim.app.about-2.0.11] startup
2026-08-31T06:26:05Z [3,478ms] [Error] [carb] Failed to create change watch for `/home/j/env_isaaclab/lib/python3.11/site-packages/isaacsim/extscache/omni.kit.manipulator.selector-1.1.3+69cbf6ad`: errno=28/No space left on device
2026-08-31T06:26:05Z [3,478ms] [Error] [carb] Failed to create change watch for `/home/j/env_isaaclab/lib/python3.11/site-packages/isaacsim/extscache/omni.kit.manipulator.selector-1.1.3+69cbf6ad/config`: errno=28/No space left on device
2026-08-31T06:26:05Z [3,478ms] [Error] [carb] Failed to create change watch for `/home/j/env_isaaclab/lib/python3.11/site-packages/isaacsim/extscache/omni.kit.manipulator.selector-1.1.3+69cbf6ad/omni`: errno=28/No space left on device
2026-08-31T06:26:05Z [3,478ms] [Error] [carb] Failed to create change watch for `/home/j/env_isaaclab/lib/python3.11/site-packages/isaacsim/extscache/omni.kit.manipulator.selector-1.1.3+69cbf6ad/omni/kit`: errno=28/No space left on device
2026-08-31T06:26:05Z [3,479ms] [Error] [carb] Failed to create change watch for `/home/j/env_isaaclab/lib/python3.11/site-packages/isaacsim/extscache/omni.kit.manipulator.selector-1.1.3+69cbf6ad/omni/kit/manipulator`: errno=28/No space left on device
2026-08-31T06:26:05Z [3,479ms] [Error] [carb] Failed to create change watch for `/home/j/env_isaaclab/lib/python3.11/site-packages/isaacsim/extscache/omni.kit.manipulator.selector-1.1.3+69cbf6ad/omni/kit/manipulator/selector`: errno=28/No space left on device
2026-08-31T06:26:05Z [3,479ms] [Error] [carb] Failed to create change watch for `/home/j/env_isaaclab/lib/python3.11/site-packages/isaacsim/extscache/omni.kit.manipulator.selector-1.1.3+69cbf6ad/omni/kit/manipulator/selector/tests`: errno=28/No space left on device
[3.492s] [ext: isaacsim.replicator.behavior-1.1.16] startup
2026-08-31T06:26:05Z [3,483ms] [Error] [carb] Failed to create change watch for `/home/j/env_isaaclab/lib/python3.11/site-packages/isaacsim/exts/isaacsim.app.about`: errno=28/No space left on device
2026-08-31T06:26:05Z [3,483ms] [Error] [carb] Failed to create change watch for `/home/j/env_isaaclab/lib/python3.11/site-packages/isaacsim/exts/isaacsim.app.about/config`: errno=28/No space left on device
2026-08-31T06:26:05Z [3,483ms] [Error] [carb] Failed to create change watch for `/home/j/env_isaaclab/lib/python3.11/site-packages/isaacsim/exts/isaacsim.app.about/isaacsim`: errno=28/No space left on device
2026-08-31T06:26:05Z [3,483ms] [Error] [carb] Failed to create change watch for `/home/j/env_isaaclab/lib/python3.11/site-packages/isaacsim/exts/isaacsim.app.about/isaacsim/app`: errno=28/No space left on device
2026-08-31T06:26:05Z [3,483ms] [Error] [carb] Failed to create change watch for `/home/j/env_isaaclab/lib/python3.11/site-packages/isaacsim/exts/isaacsim.app.about/isaacsim/app/about`: errno=28/No space left on device
2026-08-31T06:26:05Z [3,483ms] [Error] [carb] Failed to create change watch for `/home/j/env_isaaclab/lib/python3.11/site-packages/isaacsim/exts/isaacsim.app.about/isaacsim/app/about/tests`: errno=28/No space left on device
2026-08-31T06:26:05Z [3,484ms] [Error] [carb] Failed to create change watch for `/home/j/env_isaaclab/lib/python3.11/site-packages/isaacsim/exts/isaacsim.replicator.behavior`: errno=28/No space left on device
[3.493s] [ext: omni.kit.viewport.manipulator.transform-107.0.4] startup
2026-08-31T06:26:05Z [3,484ms] [Error] [carb] Failed to create change watch for `/home/j/env_isaaclab/lib/python3.11/site-packages/isaacsim/exts/isaacsim.replicator.behavior/config`: errno=28/No space left on device
2026-08-31T06:26:05Z [3,484ms] [Error] [carb] Failed to create change watch for `/home/j/env_isaaclab/lib/python3.11/site-packages/isaacsim/exts/isaacsim.replicator.behavior/isaacsim`: errno=28/No space left on device
2026-08-31T06:26:05Z [3,484ms] [Error] [carb] Failed to create change watch for `/home/j/env_isaaclab/lib/python3.11/site-packages/isaacsim/exts/isaacsim.replicator.behavior/isaacsim/replicator`: errno=28/No space left on device
2026-08-31T06:26:05Z [3,484ms] [Error] [carb] Failed to create change watch for `/home/j/env_isaaclab/lib/python3.11/site-packages/isaacsim/exts/isaacsim.replicator.behavior/isaacsim/replicator/behavior`: errno=28/No space left on device
2026-08-31T06:26:05Z [3,484ms] [Error] [carb] Failed to create change watch for `/home/j/env_isaaclab/lib/python3.11/site-packages/isaacsim/exts/isaacsim.replicator.behavior/isaacsim/replicator/behavior/utils`: errno=28/No space left on device
2026-08-31T06:26:05Z [3,484ms] [Error] [carb] Failed to create change watch for `/home/j/env_isaaclab/lib/python3.11/site-packages/isaacsim/exts/isaacsim.replicator.behavior/isaacsim/replicator/behavior/tests`: errno=28/No space left on device
2026-08-31T06:26:05Z [3,484ms] [Error] [carb] Failed to create change watch for `/home/j/env_isaaclab/lib/python3.11/site-packages/isaacsim/exts/isaacsim.replicator.behavior/isaacsim/replicator/behavior/tests/data`: errno=28/No space left on device
2026-08-31T06:26:05Z [3,484ms] [Error] [carb] Failed to create change watch for `/home/j/env_isaaclab/lib/python3.11/site-packages/isaacsim/exts/isaacsim.replicator.behavior/isaacsim/replicator/behavior/tests/data/golden`: errno=28/No space left on device
2026-08-31T06:26:05Z [3,484ms] [Error] [carb] Failed to create change watch for `/home/j/env_isaaclab/lib/python3.11/site-packages/isaacsim/exts/isaacsim.replicator.behavior/isaacsim/replicator/behavior/tests/data/golden/_out_behaviors_sdg`: errno=28/No space left on device
2026-08-31T06:26:05Z [3,484ms] [Error] [carb] Failed to create change watch for `/home/j/env_isaaclab/lib/python3.11/site-packages/isaacsim/exts/isaacsim.replicator.behavior/isaacsim/replicator/behavior/tests/data/golden/_out_behaviors_sdg/linux`: errno=28/No space left on device
2026-08-31T06:26:05Z [3,484ms] [Error] [carb] Failed to create change watch for `/home/j/env_isaaclab/lib/python3.11/site-packages/isaacsim/exts/isaacsim.replicator.behavior/isaacsim/replicator/behavior/tests/data/golden/_out_behaviors_sdg/windows`: errno=28/No space left on device
2026-08-31T06:26:05Z [3,484ms] [Error] [carb] Failed to create change watch for `/home/j/env_isaaclab/lib/python3.11/site-packages/isaacsim/exts/isaacsim.replicator.behavior/isaacsim/replicator/behavior/behaviors`: errno=28/No space left on device
2026-08-31T06:26:05Z [3,486ms] [Error] [carb] Failed to create change watch for `/home/j/env_isaaclab/lib/python3.11/site-packages/isaacsim/extscache/omni.kit.viewport.manipulator.transform-107.0.4+69cbf6ad`: errno=28/No space left on device
[3.495s] [ext: omni.isaac.window.about-2.0.7] startup
2026-08-31T06:26:05Z [3,486ms] [Error] [carb] Failed to create change watch for `/home/j/env_isaaclab/lib/python3.11/site-packages/isaacsim/extscache/omni.kit.viewport.manipulator.transform-107.0.4+69cbf6ad/config`: errno=28/No space left on device
2026-08-31T06:26:05Z [3,486ms] [Error] [carb] Failed to create change watch for `/home/j/env_isaaclab/lib/python3.11/site-packages/isaacsim/extscache/omni.kit.viewport.manipulator.transform-107.0.4+69cbf6ad/omni`: errno=28/No space left on device
2026-08-31T06:26:05Z [3,486ms] [Error] [carb] Failed to create change watch for `/home/j/env_isaaclab/lib/python3.11/site-packages/isaacsim/extscache/omni.kit.viewport.manipulator.transform-107.0.4+69cbf6ad/omni/kit`: errno=28/No space left on device
2026-08-31T06:26:05Z [3,486ms] [Error] [carb] Failed to create change watch for `/home/j/env_isaaclab/lib/python3.11/site-packages/isaacsim/extscache/omni.kit.viewport.manipulator.transform-107.0.4+69cbf6ad/omni/kit/viewport`: errno=28/No space left on device
2026-08-31T06:26:05Z [3,486ms] [Error] [carb] Failed to create change watch for `/home/j/env_isaaclab/lib/python3.11/site-packages/isaacsim/extscache/omni.kit.viewport.manipulator.transform-107.0.4+69cbf6ad/omni/kit/viewport/manipulator`: errno=28/No space left on device
2026-08-31T06:26:05Z [3,486ms] [Error] [carb] Failed to create change watch for `/home/j/env_isaaclab/lib/python3.11/site-packages/isaacsim/extscache/omni.kit.viewport.manipulator.transform-107.0.4+69cbf6ad/omni/kit/viewport/manipulator/transform`: errno=28/No space left on device
2026-08-31T06:26:05Z [3,486ms] [Error] [carb] Failed to create change watch for `/home/j/env_isaaclab/lib/python3.11/site-packages/isaacsim/extscache/omni.kit.viewport.manipulator.transform-107.0.4+69cbf6ad/omni/kit/viewport/manipulator/transform/tests`: errno=28/No space left on device
2026-08-31T06:26:05Z [3,487ms] [Warning] [omni.isaac.window.about] omni.isaac.window.about has been deprecated in favor of isaacsim.app.about. Please update your code accordingly.
2026-08-31T06:26:05Z [3,487ms] [Warning] [omni.isaac.window.about.about] omni.isaac.window.about.about has been deprecated in favor of isaacsim.app.about.about. Please update your code accordingly.
2026-08-31T06:26:05Z [3,488ms] [Error] [carb] Failed to create change watch for `/home/j/env_isaaclab/lib/python3.11/site-packages/isaacsim/extsDeprecated/omni.isaac.window.about`: errno=28/No space left on device
[3.497s] [ext: omni.fabric.commands-1.1.6] startup
2026-08-31T06:26:05Z [3,488ms] [Error] [carb] Failed to create change watch for `/home/j/env_isaaclab/lib/python3.11/site-packages/isaacsim/extsDeprecated/omni.isaac.window.about/config`: errno=28/No space left on device
2026-08-31T06:26:05Z [3,488ms] [Error] [carb] Failed to create change watch for `/home/j/env_isaaclab/lib/python3.11/site-packages/isaacsim/extsDeprecated/omni.isaac.window.about/omni`: errno=28/No space left on device
2026-08-31T06:26:05Z [3,488ms] [Error] [carb] Failed to create change watch for `/home/j/env_isaaclab/lib/python3.11/site-packages/isaacsim/extsDeprecated/omni.isaac.window.about/omni/isaac`: errno=28/No space left on device
2026-08-31T06:26:05Z [3,488ms] [Error] [carb] Failed to create change watch for `/home/j/env_isaaclab/lib/python3.11/site-packages/isaacsim/extsDeprecated/omni.isaac.window.about/omni/isaac/window`: errno=28/No space left on device
2026-08-31T06:26:05Z [3,488ms] [Error] [carb] Failed to create change watch for `/home/j/env_isaaclab/lib/python3.11/site-packages/isaacsim/extsDeprecated/omni.isaac.window.about/omni/isaac/window/about`: errno=28/No space left on device
2026-08-31T06:26:05Z [3,488ms] [Error] [carb] Failed to create change watch for `/home/j/env_isaaclab/lib/python3.11/site-packages/isaacsim/extsDeprecated/omni.isaac.window.about/omni/isaac/window/about/tests`: errno=28/No space left on device
[3.499s] [ext: omni.kit.manipulator.prim.core-107.0.8] startup
2026-08-31T06:26:05Z [3,490ms] [Error] [carb] Failed to create change watch for `/home/j/env_isaaclab/lib/python3.11/site-packages/isaacsim/extscache/omni.fabric.commands-1.1.6+69cbf6ad.lx64.r.cp311`: errno=28/No space left on device
2026-08-31T06:26:05Z [3,490ms] [Error] [carb] Failed to create change watch for `/home/j/env_isaaclab/lib/python3.11/site-packages/isaacsim/extscache/omni.fabric.commands-1.1.6+69cbf6ad.lx64.r.cp311/config`: errno=28/No space left on device
2026-08-31T06:26:05Z [3,490ms] [Error] [carb] Failed to create change watch for `/home/j/env_isaaclab/lib/python3.11/site-packages/isaacsim/extscache/omni.fabric.commands-1.1.6+69cbf6ad.lx64.r.cp311/omni`: errno=28/No space left on device
2026-08-31T06:26:05Z [3,490ms] [Error] [carb] Failed to create change watch for `/home/j/env_isaaclab/lib/python3.11/site-packages/isaacsim/extscache/omni.fabric.commands-1.1.6+69cbf6ad.lx64.r.cp311/omni/fabric`: errno=28/No space left on device
2026-08-31T06:26:05Z [3,490ms] [Error] [carb] Failed to create change watch for `/home/j/env_isaaclab/lib/python3.11/site-packages/isaacsim/extscache/omni.fabric.commands-1.1.6+69cbf6ad.lx64.r.cp311/omni/fabric/commands`: errno=28/No space left on device
2026-08-31T06:26:05Z [3,490ms] [Error] [carb] Failed to create change watch for `/home/j/env_isaaclab/lib/python3.11/site-packages/isaacsim/extscache/omni.fabric.commands-1.1.6+69cbf6ad.lx64.r.cp311/omni/fabric/commands/tests`: errno=28/No space left on device
2026-08-31T06:26:05Z [3,490ms] [Error] [carb] Failed to create change watch for `/home/j/env_isaaclab/lib/python3.11/site-packages/isaacsim/extscache/omni.fabric.commands-1.1.6+69cbf6ad.lx64.r.cp311/omni/fabric/commands/scripts`: errno=28/No space left on device
2026-08-31T06:26:05Z [3,495ms] [Error] [carb] Failed to create change watch for `/home/j/env_isaaclab/lib/python3.11/site-packages/isaacsim/extscache/omni.kit.manipulator.prim.core-107.0.8+69cbf6ad`: errno=28/No space left on device
[3.504s] [ext: omni.kit.property.audio-1.0.16] startup
2026-08-31T06:26:05Z [3,495ms] [Error] [carb] Failed to create change watch for `/home/j/env_isaaclab/lib/python3.11/site-packages/isaacsim/extscache/omni.kit.manipulator.prim.core-107.0.8+69cbf6ad/config`: errno=28/No space left on device
2026-08-31T06:26:05Z [3,495ms] [Error] [carb] Failed to create change watch for `/home/j/env_isaaclab/lib/python3.11/site-packages/isaacsim/extscache/omni.kit.manipulator.prim.core-107.0.8+69cbf6ad/omni`: errno=28/No space left on device
2026-08-31T06:26:05Z [3,495ms] [Error] [carb] Failed to create change watch for `/home/j/env_isaaclab/lib/python3.11/site-packages/isaacsim/extscache/omni.kit.manipulator.prim.core-107.0.8+69cbf6ad/omni/kit`: errno=28/No space left on device
2026-08-31T06:26:05Z [3,495ms] [Error] [carb] Failed to create change watch for `/home/j/env_isaaclab/lib/python3.11/site-packages/isaacsim/extscache/omni.kit.manipulator.prim.core-107.0.8+69cbf6ad/omni/kit/manipulator`: errno=28/No space left on device
2026-08-31T06:26:05Z [3,495ms] [Error] [carb] Failed to create change watch for `/home/j/env_isaaclab/lib/python3.11/site-packages/isaacsim/extscache/omni.kit.manipulator.prim.core-107.0.8+69cbf6ad/omni/kit/manipulator/prim`: errno=28/No space left on device
2026-08-31T06:26:05Z [3,495ms] [Error] [carb] Failed to create change watch for `/home/j/env_isaaclab/lib/python3.11/site-packages/isaacsim/extscache/omni.kit.manipulator.prim.core-107.0.8+69cbf6ad/omni/kit/manipulator/prim/core`: errno=28/No space left on device
2026-08-31T06:26:05Z [3,495ms] [Error] [carb] Failed to create change watch for `/home/j/env_isaaclab/lib/python3.11/site-packages/isaacsim/extscache/omni.kit.manipulator.prim.core-107.0.8+69cbf6ad/omni/kit/manipulator/prim/core/tests`: errno=28/No space left on device
[3.506s] [ext: omni.kit.property.camera-1.0.10] startup
2026-08-31T06:26:05Z [3,497ms] [Error] [carb] Failed to create change watch for `/home/j/env_isaaclab/lib/python3.11/site-packages/isaacsim/extscache/omni.kit.property.audio-1.0.16+69cbf6ad`: errno=28/No space left on device
2026-08-31T06:26:05Z [3,497ms] [Error] [carb] Failed to create change watch for `/home/j/env_isaaclab/lib/python3.11/site-packages/isaacsim/extscache/omni.kit.property.audio-1.0.16+69cbf6ad/config`: errno=28/No space left on device
2026-08-31T06:26:05Z [3,497ms] [Error] [carb] Failed to create change watch for `/home/j/env_isaaclab/lib/python3.11/site-packages/isaacsim/extscache/omni.kit.property.audio-1.0.16+69cbf6ad/omni`: errno=28/No space left on device
2026-08-31T06:26:05Z [3,497ms] [Error] [carb] Failed to create change watch for `/home/j/env_isaaclab/lib/python3.11/site-packages/isaacsim/extscache/omni.kit.property.audio-1.0.16+69cbf6ad/omni/kit`: errno=28/No space left on device
2026-08-31T06:26:05Z [3,497ms] [Error] [carb] Failed to create change watch for `/home/j/env_isaaclab/lib/python3.11/site-packages/isaacsim/extscache/omni.kit.property.audio-1.0.16+69cbf6ad/omni/kit/property`: errno=28/No space left on device
2026-08-31T06:26:05Z [3,497ms] [Error] [carb] Failed to create change watch for `/home/j/env_isaaclab/lib/python3.11/site-packages/isaacsim/extscache/omni.kit.property.audio-1.0.16+69cbf6ad/omni/kit/property/audio`: errno=28/No space left on device
2026-08-31T06:26:05Z [3,497ms] [Error] [carb] Failed to create change watch for `/home/j/env_isaaclab/lib/python3.11/site-packages/isaacsim/extscache/omni.kit.property.audio-1.0.16+69cbf6ad/omni/kit/property/audio/tests`: errno=28/No space left on device
2026-08-31T06:26:05Z [3,497ms] [Error] [carb] Failed to create change watch for `/home/j/env_isaaclab/lib/python3.11/site-packages/isaacsim/extscache/omni.kit.property.audio-1.0.16+69cbf6ad/omni/kit/property/audio/scripts`: errno=28/No space left on device
[3.507s] [ext: omni.kit.property.geometry-2.0.4] startup
2026-08-31T06:26:05Z [3,498ms] [Error] [carb] Failed to create change watch for `/home/j/env_isaaclab/lib/python3.11/site-packages/isaacsim/extscache/omni.kit.property.camera-1.0.10+69cbf6ad`: errno=28/No space left on device
2026-08-31T06:26:05Z [3,498ms] [Error] [carb] Failed to create change watch for `/home/j/env_isaaclab/lib/python3.11/site-packages/isaacsim/extscache/omni.kit.property.camera-1.0.10+69cbf6ad/config`: errno=28/No space left on device
2026-08-31T06:26:05Z [3,498ms] [Error] [carb] Failed to create change watch for `/home/j/env_isaaclab/lib/python3.11/site-packages/isaacsim/extscache/omni.kit.property.camera-1.0.10+69cbf6ad/omni`: errno=28/No space left on device
2026-08-31T06:26:05Z [3,498ms] [Error] [carb] Failed to create change watch for `/home/j/env_isaaclab/lib/python3.11/site-packages/isaacsim/extscache/omni.kit.property.camera-1.0.10+69cbf6ad/omni/kit`: errno=28/No space left on device
2026-08-31T06:26:05Z [3,498ms] [Error] [carb] Failed to create change watch for `/home/j/env_isaaclab/lib/python3.11/site-packages/isaacsim/extscache/omni.kit.property.camera-1.0.10+69cbf6ad/omni/kit/property`: errno=28/No space left on device
2026-08-31T06:26:05Z [3,498ms] [Error] [carb] Failed to create change watch for `/home/j/env_isaaclab/lib/python3.11/site-packages/isaacsim/extscache/omni.kit.property.camera-1.0.10+69cbf6ad/omni/kit/property/camera`: errno=28/No space left on device
2026-08-31T06:26:05Z [3,498ms] [Error] [carb] Failed to create change watch for `/home/j/env_isaaclab/lib/python3.11/site-packages/isaacsim/extscache/omni.kit.property.camera-1.0.10+69cbf6ad/omni/kit/property/camera/tests`: errno=28/No space left on device
2026-08-31T06:26:05Z [3,498ms] [Error] [carb] Failed to create change watch for `/home/j/env_isaaclab/lib/python3.11/site-packages/isaacsim/extscache/omni.kit.property.camera-1.0.10+69cbf6ad/omni/kit/property/camera/scripts`: errno=28/No space left on device
2026-08-31T06:26:05Z [3,501ms] [Error] [carb] Failed to create change watch for `/home/j/env_isaaclab/lib/python3.11/site-packages/isaacsim/extscache/omni.kit.property.geometry-2.0.4+69cbf6ad`: errno=28/No space left on device
[3.510s] [ext: omni.hydra.scene_api-0.1.2] startup
2026-08-31T06:26:05Z [3,501ms] [Error] [carb] Failed to create change watch for `/home/j/env_isaaclab/lib/python3.11/site-packages/isaacsim/extscache/omni.kit.property.geometry-2.0.4+69cbf6ad/config`: errno=28/No space left on device
2026-08-31T06:26:05Z [3,501ms] [Error] [carb] Failed to create change watch for `/home/j/env_isaaclab/lib/python3.11/site-packages/isaacsim/extscache/omni.kit.property.geometry-2.0.4+69cbf6ad/omni`: errno=28/No space left on device
2026-08-31T06:26:05Z [3,501ms] [Error] [carb] Failed to create change watch for `/home/j/env_isaaclab/lib/python3.11/site-packages/isaacsim/extscache/omni.kit.property.geometry-2.0.4+69cbf6ad/omni/kit`: errno=28/No space left on device
2026-08-31T06:26:05Z [3,501ms] [Error] [carb] Failed to create change watch for `/home/j/env_isaaclab/lib/python3.11/site-packages/isaacsim/extscache/omni.kit.property.geometry-2.0.4+69cbf6ad/omni/kit/property`: errno=28/No space left on device
2026-08-31T06:26:05Z [3,501ms] [Error] [carb] Failed to create change watch for `/home/j/env_isaaclab/lib/python3.11/site-packages/isaacsim/extscache/omni.kit.property.geometry-2.0.4+69cbf6ad/omni/kit/property/geometry`: errno=28/No space left on device
2026-08-31T06:26:05Z [3,501ms] [Error] [carb] Failed to create change watch for `/home/j/env_isaaclab/lib/python3.11/site-packages/isaacsim/extscache/omni.kit.property.geometry-2.0.4+69cbf6ad/omni/kit/property/geometry/tests`: errno=28/No space left on device
2026-08-31T06:26:05Z [3,501ms] [Error] [carb] Failed to create change watch for `/home/j/env_isaaclab/lib/python3.11/site-packages/isaacsim/extscache/omni.kit.property.geometry-2.0.4+69cbf6ad/omni/kit/property/geometry/scripts`: errno=28/No space left on device
[3.513s] [ext: omni.kit.property.light-1.0.12] startup
2026-08-31T06:26:05Z [3,504ms] [Error] [carb] Failed to create change watch for `/home/j/env_isaaclab/lib/python3.11/site-packages/isaacsim/extscache/omni.hydra.scene_api-0.1.2+69cbf6ad.lx64.r.cp311`: errno=28/No space left on device
2026-08-31T06:26:05Z [3,504ms] [Error] [carb] Failed to create change watch for `/home/j/env_isaaclab/lib/python3.11/site-packages/isaacsim/extscache/omni.hydra.scene_api-0.1.2+69cbf6ad.lx64.r.cp311/config`: errno=28/No space left on device
2026-08-31T06:26:05Z [3,504ms] [Error] [carb] Failed to create change watch for `/home/j/env_isaaclab/lib/python3.11/site-packages/isaacsim/extscache/omni.hydra.scene_api-0.1.2+69cbf6ad.lx64.r.cp311/omni`: errno=28/No space left on device
2026-08-31T06:26:05Z [3,504ms] [Error] [carb] Failed to create change watch for `/home/j/env_isaaclab/lib/python3.11/site-packages/isaacsim/extscache/omni.hydra.scene_api-0.1.2+69cbf6ad.lx64.r.cp311/omni/hydra`: errno=28/No space left on device
2026-08-31T06:26:05Z [3,505ms] [Error] [carb] Failed to create change watch for `/home/j/env_isaaclab/lib/python3.11/site-packages/isaacsim/extscache/omni.hydra.scene_api-0.1.2+69cbf6ad.lx64.r.cp311/omni/hydra/scene_api`: errno=28/No space left on device
2026-08-31T06:26:05Z [3,505ms] [Error] [carb] Failed to create change watch for `/home/j/env_isaaclab/lib/python3.11/site-packages/isaacsim/extscache/omni.hydra.scene_api-0.1.2+69cbf6ad.lx64.r.cp311/omni/hydra/scene_api/tests`: errno=28/No space left on device
2026-08-31T06:26:05Z [3,505ms] [Error] [carb] Failed to create change watch for `/home/j/env_isaaclab/lib/python3.11/site-packages/isaacsim/extscache/omni.hydra.scene_api-0.1.2+69cbf6ad.lx64.r.cp311/omni/hydra/scene_api/tests/data`: errno=28/No space left on device
2026-08-31T06:26:05Z [3,505ms] [Error] [carb] Failed to create change watch for `/home/j/env_isaaclab/lib/python3.11/site-packages/isaacsim/extscache/omni.hydra.scene_api-0.1.2+69cbf6ad.lx64.r.cp311/omni/hydra/scene_api/tests/data/usd`: errno=28/No space left on device
2026-08-31T06:26:05Z [3,505ms] [Error] [carb] Failed to create change watch for `/home/j/env_isaaclab/lib/python3.11/site-packages/isaacsim/extscache/omni.hydra.scene_api-0.1.2+69cbf6ad.lx64.r.cp311/omni/hydra/scene_api/tests/data/golden`: errno=28/No space left on device
2026-08-31T06:26:05Z [3,505ms] [Error] [carb] Failed to create change watch for `/home/j/env_isaaclab/lib/python3.11/site-packages/isaacsim/extscache/omni.hydra.scene_api-0.1.2+69cbf6ad.lx64.r.cp311/omni/hydra/scene_api/bindings`: errno=28/No space left on device
2026-08-31T06:26:05Z [3,515ms] [Error] [carb] Failed to create change watch for `/home/j/env_isaaclab/lib/python3.11/site-packages/isaacsim/extscache/omni.kit.property.light-1.0.12+69cbf6ad`: errno=28/No space left on device
2026-08-31T06:26:05Z [3,515ms] [Error] [carb] Failed to create change watch for `/home/j/env_isaaclab/lib/python3.11/site-packages/isaacsim/extscache/omni.kit.property.light-1.0.12+69cbf6ad/config`: errno=28/No space left on device
[3.524s] [ext: omni.kit.manipulator.prim.fabric-107.0.4] startup
2026-08-31T06:26:05Z [3,515ms] [Error] [carb] Failed to create change watch for `/home/j/env_isaaclab/lib/python3.11/site-packages/isaacsim/extscache/omni.kit.property.light-1.0.12+69cbf6ad/omni`: errno=28/No space left on device
2026-08-31T06:26:05Z [3,515ms] [Error] [carb] Failed to create change watch for `/home/j/env_isaaclab/lib/python3.11/site-packages/isaacsim/extscache/omni.kit.property.light-1.0.12+69cbf6ad/omni/kit`: errno=28/No space left on device
2026-08-31T06:26:05Z [3,515ms] [Error] [carb] Failed to create change watch for `/home/j/env_isaaclab/lib/python3.11/site-packages/isaacsim/extscache/omni.kit.property.light-1.0.12+69cbf6ad/omni/kit/property`: errno=28/No space left on device
2026-08-31T06:26:05Z [3,515ms] [Error] [carb] Failed to create change watch for `/home/j/env_isaaclab/lib/python3.11/site-packages/isaacsim/extscache/omni.kit.property.light-1.0.12+69cbf6ad/omni/kit/property/light`: errno=28/No space left on device
2026-08-31T06:26:05Z [3,515ms] [Error] [carb] Failed to create change watch for `/home/j/env_isaaclab/lib/python3.11/site-packages/isaacsim/extscache/omni.kit.property.light-1.0.12+69cbf6ad/omni/kit/property/light/tests`: errno=28/No space left on device
2026-08-31T06:26:05Z [3,515ms] [Error] [carb] Failed to create change watch for `/home/j/env_isaaclab/lib/python3.11/site-packages/isaacsim/extscache/omni.kit.property.light-1.0.12+69cbf6ad/omni/kit/property/light/scripts`: errno=28/No space left on device
2026-08-31T06:26:05Z [3,517ms] [Error] [carb] Failed to create change watch for `/home/j/env_isaaclab/lib/python3.11/site-packages/isaacsim/extscache/omni.kit.manipulator.prim.fabric-107.0.4+69cbf6ad`: errno=28/No space left on device
[3.526s] [ext: omni.kit.manipulator.prim.usd-107.0.3] startup
2026-08-31T06:26:05Z [3,517ms] [Error] [carb] Failed to create change watch for `/home/j/env_isaaclab/lib/python3.11/site-packages/isaacsim/extscache/omni.kit.manipulator.prim.fabric-107.0.4+69cbf6ad/config`: errno=28/No space left on device
2026-08-31T06:26:05Z [3,517ms] [Error] [carb] Failed to create change watch for `/home/j/env_isaaclab/lib/python3.11/site-packages/isaacsim/extscache/omni.kit.manipulator.prim.fabric-107.0.4+69cbf6ad/omni`: errno=28/No space left on device
2026-08-31T06:26:05Z [3,517ms] [Error] [carb] Failed to create change watch for `/home/j/env_isaaclab/lib/python3.11/site-packages/isaacsim/extscache/omni.kit.manipulator.prim.fabric-107.0.4+69cbf6ad/omni/kit`: errno=28/No space left on device
2026-08-31T06:26:05Z [3,517ms] [Error] [carb] Failed to create change watch for `/home/j/env_isaaclab/lib/python3.11/site-packages/isaacsim/extscache/omni.kit.manipulator.prim.fabric-107.0.4+69cbf6ad/omni/kit/manipulator`: errno=28/No space left on device
2026-08-31T06:26:05Z [3,517ms] [Error] [carb] Failed to create change watch for `/home/j/env_isaaclab/lib/python3.11/site-packages/isaacsim/extscache/omni.kit.manipulator.prim.fabric-107.0.4+69cbf6ad/omni/kit/manipulator/prim`: errno=28/No space left on device
2026-08-31T06:26:05Z [3,517ms] [Error] [carb] Failed to create change watch for `/home/j/env_isaaclab/lib/python3.11/site-packages/isaacsim/extscache/omni.kit.manipulator.prim.fabric-107.0.4+69cbf6ad/omni/kit/manipulator/prim/fabric`: errno=28/No space left on device
2026-08-31T06:26:05Z [3,517ms] [Error] [carb] Failed to create change watch for `/home/j/env_isaaclab/lib/python3.11/site-packages/isaacsim/extscache/omni.kit.manipulator.prim.fabric-107.0.4+69cbf6ad/omni/kit/manipulator/prim/fabric/tests`: errno=28/No space left on device
2026-08-31T06:26:05Z [3,518ms] [Error] [carb] Failed to create change watch for `/home/j/env_isaaclab/lib/python3.11/site-packages/isaacsim/extscache/omni.kit.manipulator.prim.usd-107.0.3+69cbf6ad`: errno=28/No space left on device
[3.527s] [ext: omni.kit.property.material-1.11.9] startup
2026-08-31T06:26:05Z [3,518ms] [Error] [carb] Failed to create change watch for `/home/j/env_isaaclab/lib/python3.11/site-packages/isaacsim/extscache/omni.kit.manipulator.prim.usd-107.0.3+69cbf6ad/config`: errno=28/No space left on device
2026-08-31T06:26:05Z [3,518ms] [Error] [carb] Failed to create change watch for `/home/j/env_isaaclab/lib/python3.11/site-packages/isaacsim/extscache/omni.kit.manipulator.prim.usd-107.0.3+69cbf6ad/omni`: errno=28/No space left on device
2026-08-31T06:26:05Z [3,518ms] [Error] [carb] Failed to create change watch for `/home/j/env_isaaclab/lib/python3.11/site-packages/isaacsim/extscache/omni.kit.manipulator.prim.usd-107.0.3+69cbf6ad/omni/kit`: errno=28/No space left on device
2026-08-31T06:26:05Z [3,518ms] [Error] [carb] Failed to create change watch for `/home/j/env_isaaclab/lib/python3.11/site-packages/isaacsim/extscache/omni.kit.manipulator.prim.usd-107.0.3+69cbf6ad/omni/kit/manipulator`: errno=28/No space left on device
2026-08-31T06:26:05Z [3,518ms] [Error] [carb] Failed to create change watch for `/home/j/env_isaaclab/lib/python3.11/site-packages/isaacsim/extscache/omni.kit.manipulator.prim.usd-107.0.3+69cbf6ad/omni/kit/manipulator/prim`: errno=28/No space left on device
2026-08-31T06:26:05Z [3,518ms] [Error] [carb] Failed to create change watch for `/home/j/env_isaaclab/lib/python3.11/site-packages/isaacsim/extscache/omni.kit.manipulator.prim.usd-107.0.3+69cbf6ad/omni/kit/manipulator/prim/usd`: errno=28/No space left on device
2026-08-31T06:26:05Z [3,518ms] [Error] [carb] Failed to create change watch for `/home/j/env_isaaclab/lib/python3.11/site-packages/isaacsim/extscache/omni.kit.manipulator.prim.usd-107.0.3+69cbf6ad/omni/kit/manipulator/prim/usd/tests`: errno=28/No space left on device
2026-08-31T06:26:05Z [3,522ms] [Error] [carb] Failed to create change watch for `/home/j/env_isaaclab/lib/python3.11/site-packages/isaacsim/extscache/omni.kit.property.material-1.11.9+69cbf6ad`: errno=28/No space left on device
[3.531s] [ext: omni.kit.property.render-1.2.1] startup
2026-08-31T06:26:05Z [3,522ms] [Error] [carb] Failed to create change watch for `/home/j/env_isaaclab/lib/python3.11/site-packages/isaacsim/extscache/omni.kit.property.material-1.11.9+69cbf6ad/config`: errno=28/No space left on device
2026-08-31T06:26:05Z [3,522ms] [Error] [carb] Failed to create change watch for `/home/j/env_isaaclab/lib/python3.11/site-packages/isaacsim/extscache/omni.kit.property.material-1.11.9+69cbf6ad/omni`: errno=28/No space left on device
2026-08-31T06:26:05Z [3,523ms] [Error] [carb] Failed to create change watch for `/home/j/env_isaaclab/lib/python3.11/site-packages/isaacsim/extscache/omni.kit.property.material-1.11.9+69cbf6ad/omni/kit`: errno=28/No space left on device
2026-08-31T06:26:05Z [3,523ms] [Error] [carb] Failed to create change watch for `/home/j/env_isaaclab/lib/python3.11/site-packages/isaacsim/extscache/omni.kit.property.material-1.11.9+69cbf6ad/omni/kit/property`: errno=28/No space left on device
2026-08-31T06:26:05Z [3,523ms] [Error] [carb] Failed to create change watch for `/home/j/env_isaaclab/lib/python3.11/site-packages/isaacsim/extscache/omni.kit.property.material-1.11.9+69cbf6ad/omni/kit/property/material`: errno=28/No space left on device
2026-08-31T06:26:05Z [3,523ms] [Error] [carb] Failed to create change watch for `/home/j/env_isaaclab/lib/python3.11/site-packages/isaacsim/extscache/omni.kit.property.material-1.11.9+69cbf6ad/omni/kit/property/material/tests`: errno=28/No space left on device
2026-08-31T06:26:05Z [3,523ms] [Error] [carb] Failed to create change watch for `/home/j/env_isaaclab/lib/python3.11/site-packages/isaacsim/extscache/omni.kit.property.material-1.11.9+69cbf6ad/omni/kit/property/material/scripts`: errno=28/No space left on device
2026-08-31T06:26:05Z [3,523ms] [Error] [carb] Failed to create change watch for `/home/j/env_isaaclab/lib/python3.11/site-packages/isaacsim/extscache/omni.kit.property.material-1.11.9+69cbf6ad/omni/kit/property/material/scripts/commands`: errno=28/No space left on device
2026-08-31T06:26:05Z [3,523ms] [Error] [carb] Failed to create change watch for `/home/j/env_isaaclab/lib/python3.11/site-packages/isaacsim/extscache/omni.kit.property.material-1.11.9+69cbf6ad/omni/kit/property/material/scripts/widgets`: errno=28/No space left on device
2026-08-31T06:26:05Z [3,523ms] [Error] [carb] Failed to create change watch for `/home/j/env_isaaclab/lib/python3.11/site-packages/isaacsim/extscache/omni.kit.property.material-1.11.9+69cbf6ad/omni/kit/property/material/scripts/widgets/usdshade`: errno=28/No space left on device
2026-08-31T06:26:05Z [3,523ms] [Error] [carb] Failed to create change watch for `/home/j/env_isaaclab/lib/python3.11/site-packages/isaacsim/extscache/omni.kit.property.material-1.11.9+69cbf6ad/omni/kit/property/material/scripts/widgets/usdshade/placeholder`: errno=28/No space left on device
2026-08-31T06:26:05Z [3,523ms] [Error] [carb] Failed to create change watch for `/home/j/env_isaaclab/lib/python3.11/site-packages/isaacsim/extscache/omni.kit.property.material-1.11.9+69cbf6ad/omni/kit/property/material/scripts/widgets/usdshade/models`: errno=28/No space left on device
2026-08-31T06:26:05Z [3,523ms] [Error] [carb] Failed to create change watch for `/home/j/env_isaaclab/lib/python3.11/site-packages/isaacsim/extscache/omni.kit.property.material-1.11.9+69cbf6ad/omni/kit/property/material/scripts/widgets/material_binding`: errno=28/No space left on device
[3.533s] [ext: omni.kit.property.transform-1.5.13] startup
2026-08-31T06:26:05Z [3,524ms] [Error] [carb] Failed to create change watch for `/home/j/env_isaaclab/lib/python3.11/site-packages/isaacsim/extscache/omni.kit.property.render-1.2.1+69cbf6ad`: errno=28/No space left on device
2026-08-31T06:26:05Z [3,524ms] [Error] [carb] Failed to create change watch for `/home/j/env_isaaclab/lib/python3.11/site-packages/isaacsim/extscache/omni.kit.property.render-1.2.1+69cbf6ad/config`: errno=28/No space left on device
2026-08-31T06:26:05Z [3,524ms] [Error] [carb] Failed to create change watch for `/home/j/env_isaaclab/lib/python3.11/site-packages/isaacsim/extscache/omni.kit.property.render-1.2.1+69cbf6ad/omni`: errno=28/No space left on device
2026-08-31T06:26:05Z [3,524ms] [Error] [carb] Failed to create change watch for `/home/j/env_isaaclab/lib/python3.11/site-packages/isaacsim/extscache/omni.kit.property.render-1.2.1+69cbf6ad/omni/kit`: errno=28/No space left on device
2026-08-31T06:26:05Z [3,524ms] [Error] [carb] Failed to create change watch for `/home/j/env_isaaclab/lib/python3.11/site-packages/isaacsim/extscache/omni.kit.property.render-1.2.1+69cbf6ad/omni/kit/property`: errno=28/No space left on device
2026-08-31T06:26:05Z [3,524ms] [Error] [carb] Failed to create change watch for `/home/j/env_isaaclab/lib/python3.11/site-packages/isaacsim/extscache/omni.kit.property.render-1.2.1+69cbf6ad/omni/kit/property/render`: errno=28/No space left on device
2026-08-31T06:26:05Z [3,524ms] [Error] [carb] Failed to create change watch for `/home/j/env_isaaclab/lib/python3.11/site-packages/isaacsim/extscache/omni.kit.property.render-1.2.1+69cbf6ad/omni/kit/property/render/tests`: errno=28/No space left on device
2026-08-31T06:26:05Z [3,527ms] [Error] [carb] Failed to create change watch for `/home/j/env_isaaclab/lib/python3.11/site-packages/isaacsim/extscache/omni.kit.property.transform-1.5.13+69cbf6ad`: errno=28/No space left on device
[3.536s] [ext: isaacsim.gui.property-1.1.3] startup
2026-08-31T06:26:05Z [3,527ms] [Error] [carb] Failed to create change watch for `/home/j/env_isaaclab/lib/python3.11/site-packages/isaacsim/extscache/omni.kit.property.transform-1.5.13+69cbf6ad/config`: errno=28/No space left on device
2026-08-31T06:26:05Z [3,527ms] [Error] [carb] Failed to create change watch for `/home/j/env_isaaclab/lib/python3.11/site-packages/isaacsim/extscache/omni.kit.property.transform-1.5.13+69cbf6ad/omni`: errno=28/No space left on device
2026-08-31T06:26:05Z [3,527ms] [Error] [carb] Failed to create change watch for `/home/j/env_isaaclab/lib/python3.11/site-packages/isaacsim/extscache/omni.kit.property.transform-1.5.13+69cbf6ad/omni/kit`: errno=28/No space left on device
2026-08-31T06:26:05Z [3,527ms] [Error] [carb] Failed to create change watch for `/home/j/env_isaaclab/lib/python3.11/site-packages/isaacsim/extscache/omni.kit.property.transform-1.5.13+69cbf6ad/omni/kit/property`: errno=28/No space left on device
2026-08-31T06:26:05Z [3,527ms] [Error] [carb] Failed to create change watch for `/home/j/env_isaaclab/lib/python3.11/site-packages/isaacsim/extscache/omni.kit.property.transform-1.5.13+69cbf6ad/omni/kit/property/transform`: errno=28/No space left on device
2026-08-31T06:26:05Z [3,527ms] [Error] [carb] Failed to create change watch for `/home/j/env_isaaclab/lib/python3.11/site-packages/isaacsim/extscache/omni.kit.property.transform-1.5.13+69cbf6ad/omni/kit/property/transform/tests`: errno=28/No space left on device
2026-08-31T06:26:05Z [3,527ms] [Error] [carb] Failed to create change watch for `/home/j/env_isaaclab/lib/python3.11/site-packages/isaacsim/extscache/omni.kit.property.transform-1.5.13+69cbf6ad/omni/kit/property/transform/scripts`: errno=28/No space left on device
2026-08-31T06:26:05Z [3,529ms] [Error] [carb] Failed to create change watch for `/home/j/env_isaaclab/lib/python3.11/site-packages/isaacsim/exts/isaacsim.gui.property`: errno=28/No space left on device
[3.538s] [ext: omni.kit.manipulator.camera-106.0.4] startup
2026-08-31T06:26:05Z [3,529ms] [Error] [carb] Failed to create change watch for `/home/j/env_isaaclab/lib/python3.11/site-packages/isaacsim/exts/isaacsim.gui.property/config`: errno=28/No space left on device
2026-08-31T06:26:05Z [3,529ms] [Error] [carb] Failed to create change watch for `/home/j/env_isaaclab/lib/python3.11/site-packages/isaacsim/exts/isaacsim.gui.property/isaacsim`: errno=28/No space left on device
2026-08-31T06:26:05Z [3,529ms] [Error] [carb] Failed to create change watch for `/home/j/env_isaaclab/lib/python3.11/site-packages/isaacsim/exts/isaacsim.gui.property/isaacsim/gui`: errno=28/No space left on device
2026-08-31T06:26:05Z [3,529ms] [Error] [carb] Failed to create change watch for `/home/j/env_isaaclab/lib/python3.11/site-packages/isaacsim/exts/isaacsim.gui.property/isaacsim/gui/property`: errno=28/No space left on device
2026-08-31T06:26:05Z [3,531ms] [Error] [carb] Failed to create change watch for `/home/j/env_isaaclab/lib/python3.11/site-packages/isaacsim/extscache/omni.kit.manipulator.camera-106.0.4+69cbf6ad`: errno=28/No space left on device
2026-08-31T06:26:05Z [3,531ms] [Error] [carb] Failed to create change watch for `/home/j/env_isaaclab/lib/python3.11/site-packages/isaacsim/extscache/omni.kit.manipulator.camera-106.0.4+69cbf6ad/config`: errno=28/No space left on device
2026-08-31T06:26:05Z [3,531ms] [Error] [carb] Failed to create change watch for `/home/j/env_isaaclab/lib/python3.11/site-packages/isaacsim/extscache/omni.kit.manipulator.camera-106.0.4+69cbf6ad/omni`: errno=28/No space left on device
2026-08-31T06:26:05Z [3,531ms] [Error] [carb] Failed to create change watch for `/home/j/env_isaaclab/lib/python3.11/site-packages/isaacsim/extscache/omni.kit.manipulator.camera-106.0.4+69cbf6ad/omni/kit`: errno=28/No space left on device
2026-08-31T06:26:05Z [3,532ms] [Error] [carb] Failed to create change watch for `/home/j/env_isaaclab/lib/python3.11/site-packages/isaacsim/extscache/omni.kit.manipulator.camera-106.0.4+69cbf6ad/omni/kit/manipulator`: errno=28/No space left on device
2026-08-31T06:26:05Z [3,532ms] [Error] [carb] Failed to create change watch for `/home/j/env_isaaclab/lib/python3.11/site-packages/isaacsim/extscache/omni.kit.manipulator.camera-106.0.4+69cbf6ad/omni/kit/manipulator/camera`: errno=28/No space left on device
2026-08-31T06:26:05Z [3,532ms] [Error] [carb] Failed to create change watch for `/home/j/env_isaaclab/lib/python3.11/site-packages/isaacsim/extscache/omni.kit.manipulator.camera-106.0.4+69cbf6ad/omni/kit/manipulator/camera/tests`: errno=28/No space left on device
[3.542s] [ext: omni.kit.manipulator.prim-107.0.0] startup
[3.542s] [ext: omni.isaac.surface_gripper-2.0.6] startup
2026-08-31T06:26:05Z [3,533ms] [Warning] [omni.isaac.surface_gripper] omni.isaac.surface_gripper has been deprecated in favor of isaacsim.robot.surface_gripper. Please update your code accordingly.
[3.542s] [ext: omni.kit.manipulator.selection-106.0.1] startup
2026-08-31T06:26:05Z [3,533ms] [Error] [carb] Failed to create change watch for `/home/j/env_isaaclab/lib/python3.11/site-packages/isaacsim/extsDeprecated/omni.isaac.surface_gripper`: errno=28/No space left on device
2026-08-31T06:26:05Z [3,533ms] [Error] [carb] Failed to create change watch for `/home/j/env_isaaclab/lib/python3.11/site-packages/isaacsim/extsDeprecated/omni.isaac.surface_gripper/config`: errno=28/No space left on device
2026-08-31T06:26:05Z [3,533ms] [Error] [carb] Failed to create change watch for `/home/j/env_isaaclab/lib/python3.11/site-packages/isaacsim/extsDeprecated/omni.isaac.surface_gripper/omni`: errno=28/No space left on device
2026-08-31T06:26:05Z [3,533ms] [Error] [carb] Failed to create change watch for `/home/j/env_isaaclab/lib/python3.11/site-packages/isaacsim/extsDeprecated/omni.isaac.surface_gripper/omni/isaac`: errno=28/No space left on device
2026-08-31T06:26:05Z [3,533ms] [Error] [carb] Failed to create change watch for `/home/j/env_isaaclab/lib/python3.11/site-packages/isaacsim/extsDeprecated/omni.isaac.surface_gripper/omni/isaac/surface_gripper`: errno=28/No space left on device
2026-08-31T06:26:05Z [3,533ms] [Error] [carb] Failed to create change watch for `/home/j/env_isaaclab/lib/python3.11/site-packages/isaacsim/extsDeprecated/omni.isaac.surface_gripper/omni/isaac/surface_gripper/tests`: errno=28/No space left on device
2026-08-31T06:26:05Z [3,534ms] [Error] [carb] Failed to create change watch for `/home/j/env_isaaclab/lib/python3.11/site-packages/isaacsim/extsDeprecated/omni.isaac.surface_gripper/omni/isaac/surface_gripper/impl`: errno=28/No space left on device
2026-08-31T06:26:05Z [3,535ms] [Error] [carb] Failed to create change watch for `/home/j/env_isaaclab/lib/python3.11/site-packages/isaacsim/extscache/omni.kit.manipulator.selection-106.0.1+69cbf6ad`: errno=28/No space left on device
2026-08-31T06:26:05Z [3,535ms] [Error] [carb] Failed to create change watch for `/home/j/env_isaaclab/lib/python3.11/site-packages/isaacsim/extscache/omni.kit.manipulator.selection-106.0.1+69cbf6ad/config`: errno=28/No space left on device
2026-08-31T06:26:05Z [3,535ms] [Error] [carb] Failed to create change watch for `/home/j/env_isaaclab/lib/python3.11/site-packages/isaacsim/extscache/omni.kit.manipulator.selection-106.0.1+69cbf6ad/omni`: errno=28/No space left on device
2026-08-31T06:26:05Z [3,535ms] [Error] [carb] Failed to create change watch for `/home/j/env_isaaclab/lib/python3.11/site-packages/isaacsim/extscache/omni.kit.manipulator.selection-106.0.1+69cbf6ad/omni/kit`: errno=28/No space left on device
2026-08-31T06:26:05Z [3,535ms] [Error] [carb] Failed to create change watch for `/home/j/env_isaaclab/lib/python3.11/site-packages/isaacsim/extscache/omni.kit.manipulator.selection-106.0.1+69cbf6ad/omni/kit/manipulator`: errno=28/No space left on device
2026-08-31T06:26:05Z [3,535ms] [Error] [carb] Failed to create change watch for `/home/j/env_isaaclab/lib/python3.11/site-packages/isaacsim/extscache/omni.kit.manipulator.selection-106.0.1+69cbf6ad/omni/kit/manipulator/selection`: errno=28/No space left on device
2026-08-31T06:26:05Z [3,535ms] [Error] [carb] Failed to create change watch for `/home/j/env_isaaclab/lib/python3.11/site-packages/isaacsim/extscache/omni.kit.manipulator.selection-106.0.1+69cbf6ad/omni/kit/manipulator/selection/tests`: errno=28/No space left on device
[3.545s] [ext: omni.kit.property.bundle-1.4.1] startup
[3.546s] [ext: omni.kit.property.isaac-1.0.6] startup
2026-08-31T06:26:05Z [3,537ms] [Error] [carb] Failed to create change watch for `/home/j/env_isaaclab/lib/python3.11/site-packages/isaacsim/extscache/omni.kit.property.bundle-1.4.1+69cbf6ad`: errno=28/No space left on device
2026-08-31T06:26:05Z [3,537ms] [Error] [carb] Failed to create change watch for `/home/j/env_isaaclab/lib/python3.11/site-packages/isaacsim/extscache/omni.kit.property.bundle-1.4.1+69cbf6ad/config`: errno=28/No space left on device
2026-08-31T06:26:05Z [3,537ms] [Error] [carb] Failed to create change watch for `/home/j/env_isaaclab/lib/python3.11/site-packages/isaacsim/extscache/omni.kit.property.bundle-1.4.1+69cbf6ad/omni`: errno=28/No space left on device
2026-08-31T06:26:05Z [3,537ms] [Error] [carb] Failed to create change watch for `/home/j/env_isaaclab/lib/python3.11/site-packages/isaacsim/extscache/omni.kit.property.bundle-1.4.1+69cbf6ad/omni/kit`: errno=28/No space left on device
2026-08-31T06:26:05Z [3,537ms] [Error] [carb] Failed to create change watch for `/home/j/env_isaaclab/lib/python3.11/site-packages/isaacsim/extscache/omni.kit.property.bundle-1.4.1+69cbf6ad/omni/kit/property`: errno=28/No space left on device
2026-08-31T06:26:05Z [3,537ms] [Error] [carb] Failed to create change watch for `/home/j/env_isaaclab/lib/python3.11/site-packages/isaacsim/extscache/omni.kit.property.bundle-1.4.1+69cbf6ad/omni/kit/property/bundle`: errno=28/No space left on device
2026-08-31T06:26:05Z [3,537ms] [Error] [carb] Failed to create change watch for `/home/j/env_isaaclab/lib/python3.11/site-packages/isaacsim/extscache/omni.kit.property.bundle-1.4.1+69cbf6ad/omni/kit/property/bundle/tests`: errno=28/No space left on device
2026-08-31T06:26:05Z [3,540ms] [Warning] [omni.kit.property.isaac] omni.kit.property.isaac has been deprecated in favor of isaacsim.gui.property. Please update your code accordingly.
2026-08-31T06:26:05Z [3,540ms] [Warning] [omni.kit.property.isaac.widgets] omni.kit.property.isaac.widgets has been deprecated in favor of isaacsim.gui.property.widgets. Please update your code accordingly.
[3.549s] [ext: omni.isaac.universal_robots-1.0.6] startup
2026-08-31T06:26:05Z [3,540ms] [Error] [carb] Failed to create change watch for `/home/j/env_isaaclab/lib/python3.11/site-packages/isaacsim/extsDeprecated/omni.kit.property.isaac`: errno=28/No space left on device
2026-08-31T06:26:05Z [3,540ms] [Error] [carb] Failed to create change watch for `/home/j/env_isaaclab/lib/python3.11/site-packages/isaacsim/extsDeprecated/omni.kit.property.isaac/config`: errno=28/No space left on device
2026-08-31T06:26:05Z [3,540ms] [Error] [carb] Failed to create change watch for `/home/j/env_isaaclab/lib/python3.11/site-packages/isaacsim/extsDeprecated/omni.kit.property.isaac/omni`: errno=28/No space left on device
2026-08-31T06:26:05Z [3,540ms] [Error] [carb] Failed to create change watch for `/home/j/env_isaaclab/lib/python3.11/site-packages/isaacsim/extsDeprecated/omni.kit.property.isaac/omni/kit`: errno=28/No space left on device
2026-08-31T06:26:05Z [3,540ms] [Error] [carb] Failed to create change watch for `/home/j/env_isaaclab/lib/python3.11/site-packages/isaacsim/extsDeprecated/omni.kit.property.isaac/omni/kit/property`: errno=28/No space left on device
2026-08-31T06:26:05Z [3,540ms] [Error] [carb] Failed to create change watch for `/home/j/env_isaaclab/lib/python3.11/site-packages/isaacsim/extsDeprecated/omni.kit.property.isaac/omni/kit/property/isaac`: errno=28/No space left on device
2026-08-31T06:26:05Z [3,541ms] [Warning] [omni.isaac.universal_robots] omni.isaac.universal_robots has been deprecated in favor of isaacsim.robot.manipulators.examples.universal_robots. Please update your code accordingly.
2026-08-31T06:26:05Z [3,541ms] [Warning] [omni.isaac.universal_robots.kinematics_solver] omni.isaac.franka has been deprecated in favor of isaacsim.robot.manipulators.examples.universal_robots. Please update your code accordingly.
2026-08-31T06:26:05Z [3,541ms] [Warning] [omni.isaac.universal_robots.ur10] omni.isaac.franka has been deprecated in favor of isaacsim.robot.manipulators.examples.universal_robots. Please update your code accordingly.
[3.551s] [ext: omni.isaac.core_nodes-2.0.6] startup
2026-08-31T06:26:05Z [3,542ms] [Error] [carb] Failed to create change watch for `/home/j/env_isaaclab/lib/python3.11/site-packages/isaacsim/extsDeprecated/omni.isaac.universal_robots`: errno=28/No space left on device
2026-08-31T06:26:05Z [3,542ms] [Error] [carb] Failed to create change watch for `/home/j/env_isaaclab/lib/python3.11/site-packages/isaacsim/extsDeprecated/omni.isaac.universal_robots/config`: errno=28/No space left on device
2026-08-31T06:26:05Z [3,542ms] [Error] [carb] Failed to create change watch for `/home/j/env_isaaclab/lib/python3.11/site-packages/isaacsim/extsDeprecated/omni.isaac.universal_robots/omni`: errno=28/No space left on device
2026-08-31T06:26:05Z [3,542ms] [Error] [carb] Failed to create change watch for `/home/j/env_isaaclab/lib/python3.11/site-packages/isaacsim/extsDeprecated/omni.isaac.universal_robots/omni/isaac`: errno=28/No space left on device
2026-08-31T06:26:05Z [3,542ms] [Error] [carb] Failed to create change watch for `/home/j/env_isaaclab/lib/python3.11/site-packages/isaacsim/extsDeprecated/omni.isaac.universal_robots/omni/isaac/universal_robots`: errno=28/No space left on device
2026-08-31T06:26:05Z [3,542ms] [Error] [carb] Failed to create change watch for `/home/j/env_isaaclab/lib/python3.11/site-packages/isaacsim/extsDeprecated/omni.isaac.universal_robots/omni/isaac/universal_robots/controllers`: errno=28/No space left on device
2026-08-31T06:26:05Z [3,542ms] [Error] [carb] Failed to create change watch for `/home/j/env_isaaclab/lib/python3.11/site-packages/isaacsim/extsDeprecated/omni.isaac.universal_robots/omni/isaac/universal_robots/tasks`: errno=28/No space left on device
2026-08-31T06:26:05Z [3,544ms] [Warning] [omni.isaac.core_nodes] omni.isaac.core_nodes has been deprecated in favor of isaacsim.core.nodes. Please update your code accordingly.
2026-08-31T06:26:05Z [3,544ms] [Error] [carb] Failed to create change watch for `/home/j/env_isaaclab/lib/python3.11/site-packages/isaacsim/extsDeprecated/omni.isaac.core_nodes`: errno=28/No space left on device
[3.554s] [ext: omni.kit.viewport.menubar.camera-107.0.6] startup
2026-08-31T06:26:05Z [3,545ms] [Error] [carb] Failed to create change watch for `/home/j/env_isaaclab/lib/python3.11/site-packages/isaacsim/extsDeprecated/omni.isaac.core_nodes/config`: errno=28/No space left on device
2026-08-31T06:26:05Z [3,545ms] [Error] [carb] Failed to create change watch for `/home/j/env_isaaclab/lib/python3.11/site-packages/isaacsim/extsDeprecated/omni.isaac.core_nodes/omni`: errno=28/No space left on device
2026-08-31T06:26:05Z [3,545ms] [Error] [carb] Failed to create change watch for `/home/j/env_isaaclab/lib/python3.11/site-packages/isaacsim/extsDeprecated/omni.isaac.core_nodes/omni/isaac`: errno=28/No space left on device
2026-08-31T06:26:05Z [3,545ms] [Error] [carb] Failed to create change watch for `/home/j/env_isaaclab/lib/python3.11/site-packages/isaacsim/extsDeprecated/omni.isaac.core_nodes/omni/isaac/core_nodes`: errno=28/No space left on device
2026-08-31T06:26:05Z [3,545ms] [Error] [carb] Failed to create change watch for `/home/j/env_isaaclab/lib/python3.11/site-packages/isaacsim/extsDeprecated/omni.isaac.core_nodes/omni/isaac/core_nodes/tests`: errno=28/No space left on device
2026-08-31T06:26:05Z [3,545ms] [Error] [carb] Failed to create change watch for `/home/j/env_isaaclab/lib/python3.11/site-packages/isaacsim/extsDeprecated/omni.isaac.core_nodes/omni/isaac/core_nodes/impl`: errno=28/No space left on device
2026-08-31T06:26:05Z [3,545ms] [Error] [carb] Failed to create change watch for `/home/j/env_isaaclab/lib/python3.11/site-packages/isaacsim/extsDeprecated/omni.isaac.core_nodes/omni/isaac/core_nodes/scripts`: errno=28/No space left on device
[3.561s] [ext: omni.kit.viewport.menubar.lighting-107.3.1] startup
2026-08-31T06:26:05Z [3,552ms] [Error] [carb] Failed to create change watch for `/home/j/env_isaaclab/lib/python3.11/site-packages/isaacsim/extscache/omni.kit.viewport.menubar.camera-107.0.6+69cbf6ad`: errno=28/No space left on device
2026-08-31T06:26:05Z [3,552ms] [Error] [carb] Failed to create change watch for `/home/j/env_isaaclab/lib/python3.11/site-packages/isaacsim/extscache/omni.kit.viewport.menubar.camera-107.0.6+69cbf6ad/config`: errno=28/No space left on device
2026-08-31T06:26:05Z [3,552ms] [Error] [carb] Failed to create change watch for `/home/j/env_isaaclab/lib/python3.11/site-packages/isaacsim/extscache/omni.kit.viewport.menubar.camera-107.0.6+69cbf6ad/omni`: errno=28/No space left on device
2026-08-31T06:26:05Z [3,552ms] [Error] [carb] Failed to create change watch for `/home/j/env_isaaclab/lib/python3.11/site-packages/isaacsim/extscache/omni.kit.viewport.menubar.camera-107.0.6+69cbf6ad/omni/kit`: errno=28/No space left on device
2026-08-31T06:26:05Z [3,552ms] [Error] [carb] Failed to create change watch for `/home/j/env_isaaclab/lib/python3.11/site-packages/isaacsim/extscache/omni.kit.viewport.menubar.camera-107.0.6+69cbf6ad/omni/kit/viewport`: errno=28/No space left on device
2026-08-31T06:26:05Z [3,552ms] [Error] [carb] Failed to create change watch for `/home/j/env_isaaclab/lib/python3.11/site-packages/isaacsim/extscache/omni.kit.viewport.menubar.camera-107.0.6+69cbf6ad/omni/kit/viewport/menubar`: errno=28/No space left on device
2026-08-31T06:26:05Z [3,552ms] [Error] [carb] Failed to create change watch for `/home/j/env_isaaclab/lib/python3.11/site-packages/isaacsim/extscache/omni.kit.viewport.menubar.camera-107.0.6+69cbf6ad/omni/kit/viewport/menubar/camera`: errno=28/No space left on device
2026-08-31T06:26:05Z [3,552ms] [Error] [carb] Failed to create change watch for `/home/j/env_isaaclab/lib/python3.11/site-packages/isaacsim/extscache/omni.kit.viewport.menubar.camera-107.0.6+69cbf6ad/omni/kit/viewport/menubar/camera/tests`: errno=28/No space left on device
2026-08-31T06:26:05Z [3,552ms] [Error] [carb] Failed to create change watch for `/home/j/env_isaaclab/lib/python3.11/site-packages/isaacsim/extscache/omni.kit.viewport.menubar.camera-107.0.6+69cbf6ad/omni/kit/viewport/menubar/camera/menu_item`: errno=28/No space left on device
2026-08-31T06:26:05Z [3,554ms] [Error] [carb] Failed to create change watch for `/home/j/env_isaaclab/lib/python3.11/site-packages/isaacsim/extscache/omni.kit.viewport.menubar.lighting-107.3.1+107.3.0`: errno=28/No space left on device
2026-08-31T06:26:05Z [3,554ms] [Error] [carb] Failed to create change watch for `/home/j/env_isaaclab/lib/python3.11/site-packages/isaacsim/extscache/omni.kit.viewport.menubar.lighting-107.3.1+107.3.0/config`: errno=28/No space left on device
[3.563s] [ext: isaacsim.replicator.writers-1.0.17] startup
2026-08-31T06:26:05Z [3,554ms] [Error] [carb] Failed to create change watch for `/home/j/env_isaaclab/lib/python3.11/site-packages/isaacsim/extscache/omni.kit.viewport.menubar.lighting-107.3.1+107.3.0/omni`: errno=28/No space left on device
2026-08-31T06:26:05Z [3,554ms] [Error] [carb] Failed to create change watch for `/home/j/env_isaaclab/lib/python3.11/site-packages/isaacsim/extscache/omni.kit.viewport.menubar.lighting-107.3.1+107.3.0/omni/kit`: errno=28/No space left on device
2026-08-31T06:26:05Z [3,554ms] [Error] [carb] Failed to create change watch for `/home/j/env_isaaclab/lib/python3.11/site-packages/isaacsim/extscache/omni.kit.viewport.menubar.lighting-107.3.1+107.3.0/omni/kit/viewport`: errno=28/No space left on device
2026-08-31T06:26:05Z [3,554ms] [Error] [carb] Failed to create change watch for `/home/j/env_isaaclab/lib/python3.11/site-packages/isaacsim/extscache/omni.kit.viewport.menubar.lighting-107.3.1+107.3.0/omni/kit/viewport/menubar`: errno=28/No space left on device
2026-08-31T06:26:05Z [3,554ms] [Error] [carb] Failed to create change watch for `/home/j/env_isaaclab/lib/python3.11/site-packages/isaacsim/extscache/omni.kit.viewport.menubar.lighting-107.3.1+107.3.0/omni/kit/viewport/menubar/lighting`: errno=28/No space left on device
2026-08-31T06:26:05Z [3,554ms] [Error] [carb] Failed to create change watch for `/home/j/env_isaaclab/lib/python3.11/site-packages/isaacsim/extscache/omni.kit.viewport.menubar.lighting-107.3.1+107.3.0/omni/kit/viewport/menubar/lighting/tests`: errno=28/No space left on device
2026-08-31T06:26:05Z [3,564ms] [Error] [carb] Failed to create change watch for `/home/j/env_isaaclab/lib/python3.11/site-packages/isaacsim/exts/isaacsim.replicator.writers`: errno=28/No space left on device
[3.573s] [ext: omni.kit.viewport.menubar.render-107.0.10] startup
2026-08-31T06:26:05Z [3,564ms] [Error] [carb] Failed to create change watch for `/home/j/env_isaaclab/lib/python3.11/site-packages/isaacsim/exts/isaacsim.replicator.writers/config`: errno=28/No space left on device
2026-08-31T06:26:05Z [3,565ms] [Error] [carb] Failed to create change watch for `/home/j/env_isaaclab/lib/python3.11/site-packages/isaacsim/exts/isaacsim.replicator.writers/isaacsim`: errno=28/No space left on device
2026-08-31T06:26:05Z [3,565ms] [Error] [carb] Failed to create change watch for `/home/j/env_isaaclab/lib/python3.11/site-packages/isaacsim/exts/isaacsim.replicator.writers/isaacsim/replicator`: errno=28/No space left on device
2026-08-31T06:26:05Z [3,565ms] [Error] [carb] Failed to create change watch for `/home/j/env_isaaclab/lib/python3.11/site-packages/isaacsim/exts/isaacsim.replicator.writers/isaacsim/replicator/writers`: errno=28/No space left on device
2026-08-31T06:26:05Z [3,565ms] [Error] [carb] Failed to create change watch for `/home/j/env_isaaclab/lib/python3.11/site-packages/isaacsim/exts/isaacsim.replicator.writers/isaacsim/replicator/writers/tests`: errno=28/No space left on device
2026-08-31T06:26:05Z [3,565ms] [Error] [carb] Failed to create change watch for `/home/j/env_isaaclab/lib/python3.11/site-packages/isaacsim/exts/isaacsim.replicator.writers/isaacsim/replicator/writers/tests/data`: errno=28/No space left on device
2026-08-31T06:26:05Z [3,565ms] [Error] [carb] Failed to create change watch for `/home/j/env_isaaclab/lib/python3.11/site-packages/isaacsim/exts/isaacsim.replicator.writers/isaacsim/replicator/writers/tests/data/golden`: errno=28/No space left on device
2026-08-31T06:26:05Z [3,565ms] [Error] [carb] Failed to create change watch for `/home/j/env_isaaclab/lib/python3.11/site-packages/isaacsim/exts/isaacsim.replicator.writers/isaacsim/replicator/writers/tests/data/golden/out_pose_writer`: errno=28/No space left on device
2026-08-31T06:26:05Z [3,565ms] [Error] [carb] Failed to create change watch for `/home/j/env_isaaclab/lib/python3.11/site-packages/isaacsim/exts/isaacsim.replicator.writers/isaacsim/replicator/writers/tests/data/golden/out_pose_writer/rp2`: errno=28/No space left on device
2026-08-31T06:26:05Z [3,566ms] [Error] [carb] Failed to create change watch for `/home/j/env_isaaclab/lib/python3.11/site-packages/isaacsim/exts/isaacsim.replicator.writers/isaacsim/replicator/writers/tests/data/golden/out_pose_writer/rp1`: errno=28/No space left on device
2026-08-31T06:26:05Z [3,566ms] [Error] [carb] Failed to create change watch for `/home/j/env_isaaclab/lib/python3.11/site-packages/isaacsim/exts/isaacsim.replicator.writers/isaacsim/replicator/writers/impl`: errno=28/No space left on device
2026-08-31T06:26:05Z [3,566ms] [Error] [carb] Failed to create change watch for `/home/j/env_isaaclab/lib/python3.11/site-packages/isaacsim/exts/isaacsim.replicator.writers/isaacsim/replicator/writers/scripts`: errno=28/No space left on device
2026-08-31T06:26:05Z [3,566ms] [Error] [carb] Failed to create change watch for `/home/j/env_isaaclab/lib/python3.11/site-packages/isaacsim/exts/isaacsim.replicator.writers/isaacsim/replicator/writers/scripts/writers`: errno=28/No space left on device
2026-08-31T06:26:05Z [3,566ms] [Error] [carb] Failed to create change watch for `/home/j/env_isaaclab/lib/python3.11/site-packages/isaacsim/exts/isaacsim.replicator.writers/isaacsim/replicator/writers/ogn`: errno=28/No space left on device
2026-08-31T06:26:05Z [3,566ms] [Error] [carb] Failed to create change watch for `/home/j/env_isaaclab/lib/python3.11/site-packages/isaacsim/exts/isaacsim.replicator.writers/isaacsim/replicator/writers/ogn/tests`: errno=28/No space left on device
2026-08-31T06:26:05Z [3,566ms] [Error] [carb] Failed to create change watch for `/home/j/env_isaaclab/lib/python3.11/site-packages/isaacsim/exts/isaacsim.replicator.writers/isaacsim/replicator/writers/ogn/tests/usd`: errno=28/No space left on device
2026-08-31T06:26:05Z [3,566ms] [Error] [carb] Failed to create change watch for `/home/j/env_isaaclab/lib/python3.11/site-packages/isaacsim/exts/isaacsim.replicator.writers/isaacsim/replicator/writers/ogn/python`: errno=28/No space left on device
2026-08-31T06:26:05Z [3,566ms] [Error] [carb] Failed to create change watch for `/home/j/env_isaaclab/lib/python3.11/site-packages/isaacsim/exts/isaacsim.replicator.writers/isaacsim/replicator/writers/ogn/python/nodes`: errno=28/No space left on device
2026-08-31T06:26:05Z [3,566ms] [Error] [carb] Failed to create change watch for `/home/j/env_isaaclab/lib/python3.11/site-packages/isaacsim/exts/isaacsim.replicator.writers/isaacsim/replicator/writers/ogn/python/nodes/icons`: errno=28/No space left on device
2026-08-31T06:26:05Z [3,566ms] [Error] [carb] Failed to create change watch for `/home/j/env_isaaclab/lib/python3.11/site-packages/isaacsim/exts/isaacsim.replicator.writers/isaacsim/replicator/writers/ogn/python/nodes/config`: errno=28/No space left on device
2026-08-31T06:26:05Z [3,568ms] [Error] [carb] Failed to create change watch for `/home/j/env_isaaclab/lib/python3.11/site-packages/isaacsim/extscache/omni.kit.viewport.menubar.render-107.0.10+69cbf6ad`: errno=28/No space left on device
2026-08-31T06:26:05Z [3,568ms] [Error] [carb] Failed to create change watch for `/home/j/env_isaaclab/lib/python3.11/site-packages/isaacsim/extscache/omni.kit.viewport.menubar.render-107.0.10+69cbf6ad/config`: errno=28/No space left on device
2026-08-31T06:26:05Z [3,568ms] [Error] [carb] Failed to create change watch for `/home/j/env_isaaclab/lib/python3.11/site-packages/isaacsim/extscache/omni.kit.viewport.menubar.render-107.0.10+69cbf6ad/omni`: errno=28/No space left on device
[3.577s] [ext: omni.kit.viewport.menubar.settings-107.0.3] startup
2026-08-31T06:26:05Z [3,568ms] [Error] [carb] Failed to create change watch for `/home/j/env_isaaclab/lib/python3.11/site-packages/isaacsim/extscache/omni.kit.viewport.menubar.render-107.0.10+69cbf6ad/omni/kit`: errno=28/No space left on device
2026-08-31T06:26:05Z [3,568ms] [Error] [carb] Failed to create change watch for `/home/j/env_isaaclab/lib/python3.11/site-packages/isaacsim/extscache/omni.kit.viewport.menubar.render-107.0.10+69cbf6ad/omni/kit/viewport`: errno=28/No space left on device
2026-08-31T06:26:05Z [3,568ms] [Error] [carb] Failed to create change watch for `/home/j/env_isaaclab/lib/python3.11/site-packages/isaacsim/extscache/omni.kit.viewport.menubar.render-107.0.10+69cbf6ad/omni/kit/viewport/menubar`: errno=28/No space left on device
2026-08-31T06:26:05Z [3,568ms] [Error] [carb] Failed to create change watch for `/home/j/env_isaaclab/lib/python3.11/site-packages/isaacsim/extscache/omni.kit.viewport.menubar.render-107.0.10+69cbf6ad/omni/kit/viewport/menubar/render`: errno=28/No space left on device
2026-08-31T06:26:05Z [3,568ms] [Error] [carb] Failed to create change watch for `/home/j/env_isaaclab/lib/python3.11/site-packages/isaacsim/extscache/omni.kit.viewport.menubar.render-107.0.10+69cbf6ad/omni/kit/viewport/menubar/render/tests`: errno=28/No space left on device
2026-08-31T06:26:05Z [3,568ms] [Error] [carb] Failed to create change watch for `/home/j/env_isaaclab/lib/python3.11/site-packages/isaacsim/extscache/omni.kit.viewport.menubar.render-107.0.10+69cbf6ad/omni/kit/viewport/menubar/render/menu_item`: errno=28/No space left on device
2026-08-31T06:26:05Z [3,573ms] [Error] [carb] Failed to create change watch for `/home/j/env_isaaclab/lib/python3.11/site-packages/isaacsim/extscache/omni.kit.viewport.menubar.settings-107.0.3+69cbf6ad`: errno=28/No space left on device
2026-08-31T06:26:05Z [3,573ms] [Error] [carb] Failed to create change watch for `/home/j/env_isaaclab/lib/python3.11/site-packages/isaacsim/extscache/omni.kit.viewport.menubar.settings-107.0.3+69cbf6ad/config`: errno=28/No space left on device
2026-08-31T06:26:05Z [3,573ms] [Error] [carb] Failed to create change watch for `/home/j/env_isaaclab/lib/python3.11/site-packages/isaacsim/extscache/omni.kit.viewport.menubar.settings-107.0.3+69cbf6ad/omni`: errno=28/No space left on device
[3.582s] [ext: omni.kit.window.console-1.1.4] startup
2026-08-31T06:26:05Z [3,573ms] [Error] [carb] Failed to create change watch for `/home/j/env_isaaclab/lib/python3.11/site-packages/isaacsim/extscache/omni.kit.viewport.menubar.settings-107.0.3+69cbf6ad/omni/kit`: errno=28/No space left on device
2026-08-31T06:26:05Z [3,573ms] [Error] [carb] Failed to create change watch for `/home/j/env_isaaclab/lib/python3.11/site-packages/isaacsim/extscache/omni.kit.viewport.menubar.settings-107.0.3+69cbf6ad/omni/kit/viewport`: errno=28/No space left on device
2026-08-31T06:26:05Z [3,573ms] [Error] [carb] Failed to create change watch for `/home/j/env_isaaclab/lib/python3.11/site-packages/isaacsim/extscache/omni.kit.viewport.menubar.settings-107.0.3+69cbf6ad/omni/kit/viewport/menubar`: errno=28/No space left on device
2026-08-31T06:26:05Z [3,573ms] [Error] [carb] Failed to create change watch for `/home/j/env_isaaclab/lib/python3.11/site-packages/isaacsim/extscache/omni.kit.viewport.menubar.settings-107.0.3+69cbf6ad/omni/kit/viewport/menubar/settings`: errno=28/No space left on device
2026-08-31T06:26:05Z [3,573ms] [Error] [carb] Failed to create change watch for `/home/j/env_isaaclab/lib/python3.11/site-packages/isaacsim/extscache/omni.kit.viewport.menubar.settings-107.0.3+69cbf6ad/omni/kit/viewport/menubar/settings/tests`: errno=28/No space left on device
2026-08-31T06:26:05Z [3,573ms] [Error] [carb] Failed to create change watch for `/home/j/env_isaaclab/lib/python3.11/site-packages/isaacsim/extscache/omni.kit.viewport.menubar.settings-107.0.3+69cbf6ad/omni/kit/viewport/menubar/settings/menu_item`: errno=28/No space left on device
2026-08-31T06:26:05Z [3,574ms] [Error] [carb] Failed to create change watch for `/home/j/env_isaaclab/lib/python3.11/site-packages/isaacsim/extscache/omni.kit.viewport.menubar.settings-107.0.3+69cbf6ad/omni/kit/viewport/menubar/settings/menu_item/resolution_collection`: errno=28/No space left on device
2026-08-31T06:26:05Z [3,574ms] [Error] [carb] Failed to create change watch for `/home/j/env_isaaclab/lib/python3.11/site-packages/isaacsim/extscache/omni.kit.viewport.menubar.settings-107.0.3+69cbf6ad/omni/kit/viewport/menubar/settings/menu_item/custom_resolution`: errno=28/No space left on device
2026-08-31T06:26:05Z [3,578ms] [Error] [carb] Failed to create change watch for `/home/j/env_isaaclab/lib/python3.11/site-packages/isaacsim/extscache/omni.kit.window.console-1.1.4+69cbf6ad.lx64.r.cp311`: errno=28/No space left on device
[3.587s] [ext: isaacsim.replicator.domain_randomization-1.0.16] startup
2026-08-31T06:26:05Z [3,578ms] [Error] [carb] Failed to create change watch for `/home/j/env_isaaclab/lib/python3.11/site-packages/isaacsim/extscache/omni.kit.window.console-1.1.4+69cbf6ad.lx64.r.cp311/config`: errno=28/No space left on device
2026-08-31T06:26:05Z [3,578ms] [Error] [carb] Failed to create change watch for `/home/j/env_isaaclab/lib/python3.11/site-packages/isaacsim/extscache/omni.kit.window.console-1.1.4+69cbf6ad.lx64.r.cp311/omni`: errno=28/No space left on device
2026-08-31T06:26:05Z [3,578ms] [Error] [carb] Failed to create change watch for `/home/j/env_isaaclab/lib/python3.11/site-packages/isaacsim/extscache/omni.kit.window.console-1.1.4+69cbf6ad.lx64.r.cp311/omni/kit`: errno=28/No space left on device
2026-08-31T06:26:05Z [3,578ms] [Error] [carb] Failed to create change watch for `/home/j/env_isaaclab/lib/python3.11/site-packages/isaacsim/extscache/omni.kit.window.console-1.1.4+69cbf6ad.lx64.r.cp311/omni/kit/window`: errno=28/No space left on device
2026-08-31T06:26:05Z [3,578ms] [Error] [carb] Failed to create change watch for `/home/j/env_isaaclab/lib/python3.11/site-packages/isaacsim/extscache/omni.kit.window.console-1.1.4+69cbf6ad.lx64.r.cp311/omni/kit/window/console`: errno=28/No space left on device
2026-08-31T06:26:05Z [3,578ms] [Error] [carb] Failed to create change watch for `/home/j/env_isaaclab/lib/python3.11/site-packages/isaacsim/extscache/omni.kit.window.console-1.1.4+69cbf6ad.lx64.r.cp311/omni/kit/window/console/tests`: errno=28/No space left on device
2026-08-31T06:26:05Z [3,578ms] [Error] [carb] Failed to create change watch for `/home/j/env_isaaclab/lib/python3.11/site-packages/isaacsim/extscache/omni.kit.window.console-1.1.4+69cbf6ad.lx64.r.cp311/omni/kit/window/console/scripts`: errno=28/No space left on device
2026-08-31T06:26:05Z [3,580ms] [Error] [carb] Failed to create change watch for `/home/j/env_isaaclab/lib/python3.11/site-packages/isaacsim/exts/isaacsim.replicator.domain_randomization`: errno=28/No space left on device
2026-08-31T06:26:05Z [3,580ms] [Error] [carb] Failed to create change watch for `/home/j/env_isaaclab/lib/python3.11/site-packages/isaacsim/exts/isaacsim.replicator.domain_randomization/config`: errno=28/No space left on device
[3.589s] [ext: isaacsim.replicator.examples-1.3.6] startup
2026-08-31T06:26:05Z [3,580ms] [Error] [carb] Failed to create change watch for `/home/j/env_isaaclab/lib/python3.11/site-packages/isaacsim/exts/isaacsim.replicator.domain_randomization/isaacsim`: errno=28/No space left on device
2026-08-31T06:26:05Z [3,580ms] [Error] [carb] Failed to create change watch for `/home/j/env_isaaclab/lib/python3.11/site-packages/isaacsim/exts/isaacsim.replicator.domain_randomization/isaacsim/replicator`: errno=28/No space left on device
2026-08-31T06:26:05Z [3,580ms] [Error] [carb] Failed to create change watch for `/home/j/env_isaaclab/lib/python3.11/site-packages/isaacsim/exts/isaacsim.replicator.domain_randomization/isaacsim/replicator/domain_randomization`: errno=28/No space left on device
2026-08-31T06:26:05Z [3,580ms] [Error] [carb] Failed to create change watch for `/home/j/env_isaaclab/lib/python3.11/site-packages/isaacsim/exts/isaacsim.replicator.domain_randomization/isaacsim/replicator/domain_randomization/tests`: errno=28/No space left on device
2026-08-31T06:26:05Z [3,580ms] [Error] [carb] Failed to create change watch for `/home/j/env_isaaclab/lib/python3.11/site-packages/isaacsim/exts/isaacsim.replicator.domain_randomization/isaacsim/replicator/domain_randomization/impl`: errno=28/No space left on device
2026-08-31T06:26:05Z [3,580ms] [Error] [carb] Failed to create change watch for `/home/j/env_isaaclab/lib/python3.11/site-packages/isaacsim/exts/isaacsim.replicator.domain_randomization/isaacsim/replicator/domain_randomization/scripts`: errno=28/No space left on device
2026-08-31T06:26:05Z [3,580ms] [Error] [carb] Failed to create change watch for `/home/j/env_isaaclab/lib/python3.11/site-packages/isaacsim/exts/isaacsim.replicator.domain_randomization/isaacsim/replicator/domain_randomization/ogn`: errno=28/No space left on device
2026-08-31T06:26:05Z [3,580ms] [Error] [carb] Failed to create change watch for `/home/j/env_isaaclab/lib/python3.11/site-packages/isaacsim/exts/isaacsim.replicator.domain_randomization/isaacsim/replicator/domain_randomization/ogn/tests`: errno=28/No space left on device
2026-08-31T06:26:05Z [3,580ms] [Error] [carb] Failed to create change watch for `/home/j/env_isaaclab/lib/python3.11/site-packages/isaacsim/exts/isaacsim.replicator.domain_randomization/isaacsim/replicator/domain_randomization/ogn/tests/usd`: errno=28/No space left on device
2026-08-31T06:26:05Z [3,580ms] [Error] [carb] Failed to create change watch for `/home/j/env_isaaclab/lib/python3.11/site-packages/isaacsim/exts/isaacsim.replicator.domain_randomization/isaacsim/replicator/domain_randomization/ogn/python`: errno=28/No space left on device
2026-08-31T06:26:05Z [3,580ms] [Error] [carb] Failed to create change watch for `/home/j/env_isaaclab/lib/python3.11/site-packages/isaacsim/exts/isaacsim.replicator.domain_randomization/isaacsim/replicator/domain_randomization/ogn/python/nodes`: errno=28/No space left on device
2026-08-31T06:26:05Z [3,582ms] [Error] [carb] Failed to create change watch for `/home/j/env_isaaclab/lib/python3.11/site-packages/isaacsim/exts/isaacsim.replicator.examples`: errno=28/No space left on device
[3.591s] [ext: omni.ocio-0.1.1] startup
2026-08-31T06:26:05Z [3,582ms] [Error] [carb] Failed to create change watch for `/home/j/env_isaaclab/lib/python3.11/site-packages/isaacsim/exts/isaacsim.replicator.examples/config`: errno=28/No space left on device
2026-08-31T06:26:05Z [3,582ms] [Error] [carb] Failed to create change watch for `/home/j/env_isaaclab/lib/python3.11/site-packages/isaacsim/exts/isaacsim.replicator.examples/isaacsim`: errno=28/No space left on device
2026-08-31T06:26:05Z [3,582ms] [Error] [carb] Failed to create change watch for `/home/j/env_isaaclab/lib/python3.11/site-packages/isaacsim/exts/isaacsim.replicator.examples/isaacsim/replicator`: errno=28/No space left on device
2026-08-31T06:26:05Z [3,582ms] [Error] [carb] Failed to create change watch for `/home/j/env_isaaclab/lib/python3.11/site-packages/isaacsim/exts/isaacsim.replicator.examples/isaacsim/replicator/examples`: errno=28/No space left on device
2026-08-31T06:26:05Z [3,582ms] [Error] [carb] Failed to create change watch for `/home/j/env_isaaclab/lib/python3.11/site-packages/isaacsim/exts/isaacsim.replicator.examples/isaacsim/replicator/examples/tests`: errno=28/No space left on device
2026-08-31T06:26:05Z [3,582ms] [Error] [carb] Failed to create change watch for `/home/j/env_isaaclab/lib/python3.11/site-packages/isaacsim/exts/isaacsim.replicator.examples/isaacsim/replicator/examples/tests/data`: errno=28/No space left on device
2026-08-31T06:26:05Z [3,582ms] [Error] [carb] Failed to create change watch for `/home/j/env_isaaclab/lib/python3.11/site-packages/isaacsim/exts/isaacsim.replicator.examples/isaacsim/replicator/examples/tests/data/golden`: errno=28/No space left on device
2026-08-31T06:26:05Z [3,582ms] [Error] [carb] Failed to create change watch for `/home/j/env_isaaclab/lib/python3.11/site-packages/isaacsim/exts/isaacsim.replicator.examples/isaacsim/replicator/examples/tests/data/golden/_out_augm_annot_warp_True`: errno=28/No space left on device
2026-08-31T06:26:05Z [3,582ms] [Error] [carb] Failed to create change watch for `/home/j/env_isaaclab/lib/python3.11/site-packages/isaacsim/exts/isaacsim.replicator.examples/isaacsim/replicator/examples/tests/data/golden/_out_augm_writer_warp_True`: errno=28/No space left on device
2026-08-31T06:26:05Z [3,582ms] [Error] [carb] Failed to create change watch for `/home/j/env_isaaclab/lib/python3.11/site-packages/isaacsim/exts/isaacsim.replicator.examples/isaacsim/replicator/examples/tests/data/golden/_out_augm_annot_warp_False`: errno=28/No space left on device
2026-08-31T06:26:05Z [3,582ms] [Error] [carb] Failed to create change watch for `/home/j/env_isaaclab/lib/python3.11/site-packages/isaacsim/exts/isaacsim.replicator.examples/isaacsim/replicator/examples/tests/data/golden/_out_augm_writer_warp_False`: errno=28/No space left on device
2026-08-31T06:26:05Z [3,582ms] [Error] [carb] Failed to create change watch for `/home/j/env_isaaclab/lib/python3.11/site-packages/isaacsim/exts/isaacsim.replicator.examples/isaacsim/replicator/examples/impl`: errno=28/No space left on device
2026-08-31T06:26:05Z [3,582ms] [Error] [carb] Failed to create change watch for `/home/j/env_isaaclab/lib/python3.11/site-packages/isaacsim/exts/isaacsim.replicator.examples/isaacsim/replicator/examples/ogn`: errno=28/No space left on device
2026-08-31T06:26:05Z [3,582ms] [Error] [carb] Failed to create change watch for `/home/j/env_isaaclab/lib/python3.11/site-packages/isaacsim/exts/isaacsim.replicator.examples/isaacsim/replicator/examples/ogn/tests`: errno=28/No space left on device
2026-08-31T06:26:05Z [3,582ms] [Error] [carb] Failed to create change watch for `/home/j/env_isaaclab/lib/python3.11/site-packages/isaacsim/exts/isaacsim.replicator.examples/isaacsim/replicator/examples/ogn/tests/usd`: errno=28/No space left on device
2026-08-31T06:26:05Z [3,582ms] [Error] [carb] Failed to create change watch for `/home/j/env_isaaclab/lib/python3.11/site-packages/isaacsim/exts/isaacsim.replicator.examples/isaacsim/replicator/examples/ogn/python`: errno=28/No space left on device
2026-08-31T06:26:05Z [3,582ms] [Error] [carb] Failed to create change watch for `/home/j/env_isaaclab/lib/python3.11/site-packages/isaacsim/exts/isaacsim.replicator.examples/isaacsim/replicator/examples/ogn/python/nodes`: errno=28/No space left on device
2026-08-31T06:26:05Z [3,582ms] [Error] [carb] Failed to create change watch for `/home/j/env_isaaclab/lib/python3.11/site-packages/isaacsim/exts/isaacsim.replicator.examples/isaacsim/replicator/examples/ogn/python/nodes/icons`: errno=28/No space left on device
2026-08-31T06:26:05Z [3,582ms] [Error] [carb] Failed to create change watch for `/home/j/env_isaaclab/lib/python3.11/site-packages/isaacsim/exts/isaacsim.replicator.examples/isaacsim/replicator/examples/ogn/python/nodes/config`: errno=28/No space left on device
2026-08-31T06:26:05Z [3,585ms] [Error] [carb] Failed to create change watch for `/home/j/env_isaaclab/lib/python3.11/site-packages/isaacsim/extscache/omni.ocio-0.1.1+69cbf6ad.lx64.r.cp311`: errno=28/No space left on device
2026-08-31T06:26:05Z [3,585ms] [Error] [carb] Failed to create change watch for `/home/j/env_isaaclab/lib/python3.11/site-packages/isaacsim/extscache/omni.ocio-0.1.1+69cbf6ad.lx64.r.cp311/config`: errno=28/No space left on device
2026-08-31T06:26:05Z [3,585ms] [Error] [carb] Failed to create change watch for `/home/j/env_isaaclab/lib/python3.11/site-packages/isaacsim/extscache/omni.ocio-0.1.1+69cbf6ad.lx64.r.cp311/omni`: errno=28/No space left on device
2026-08-31T06:26:05Z [3,585ms] [Error] [carb] Failed to create change watch for `/home/j/env_isaaclab/lib/python3.11/site-packages/isaacsim/extscache/omni.ocio-0.1.1+69cbf6ad.lx64.r.cp311/omni/ocio`: errno=28/No space left on device
2026-08-31T06:26:05Z [3,585ms] [Error] [carb] Failed to create change watch for `/home/j/env_isaaclab/lib/python3.11/site-packages/isaacsim/extscache/omni.ocio-0.1.1+69cbf6ad.lx64.r.cp311/omni/ocio/tests`: errno=28/No space left on device
[3.594s] [ext: omni.rtx.window.settings-0.6.19] startup
2026-08-31T06:26:05Z [3,591ms] [Error] [carb] Failed to create change watch for `/home/j/env_isaaclab/lib/python3.11/site-packages/isaacsim/extscache/omni.rtx.window.settings-0.6.19+69cbf6ad.lx64.r.cp311`: errno=28/No space left on device
2026-08-31T06:26:05Z [3,591ms] [Error] [carb] Failed to create change watch for `/home/j/env_isaaclab/lib/python3.11/site-packages/isaacsim/extscache/omni.rtx.window.settings-0.6.19+69cbf6ad.lx64.r.cp311/config`: errno=28/No space left on device
[3.600s] [ext: omni.kit.window.status_bar-0.1.9] startup
2026-08-31T06:26:05Z [3,591ms] [Error] [carb] Failed to create change watch for `/home/j/env_isaaclab/lib/python3.11/site-packages/isaacsim/extscache/omni.rtx.window.settings-0.6.19+69cbf6ad.lx64.r.cp311/omni`: errno=28/No space left on device
2026-08-31T06:26:05Z [3,591ms] [Error] [carb] Failed to create change watch for `/home/j/env_isaaclab/lib/python3.11/site-packages/isaacsim/extscache/omni.rtx.window.settings-0.6.19+69cbf6ad.lx64.r.cp311/omni/rtx`: errno=28/No space left on device
2026-08-31T06:26:05Z [3,591ms] [Error] [carb] Failed to create change watch for `/home/j/env_isaaclab/lib/python3.11/site-packages/isaacsim/extscache/omni.rtx.window.settings-0.6.19+69cbf6ad.lx64.r.cp311/omni/rtx/window`: errno=28/No space left on device
2026-08-31T06:26:05Z [3,591ms] [Error] [carb] Failed to create change watch for `/home/j/env_isaaclab/lib/python3.11/site-packages/isaacsim/extscache/omni.rtx.window.settings-0.6.19+69cbf6ad.lx64.r.cp311/omni/rtx/window/settings`: errno=28/No space left on device
2026-08-31T06:26:05Z [3,591ms] [Error] [carb] Failed to create change watch for `/home/j/env_isaaclab/lib/python3.11/site-packages/isaacsim/extscache/omni.rtx.window.settings-0.6.19+69cbf6ad.lx64.r.cp311/omni/rtx/window/settings/tests`: errno=28/No space left on device
2026-08-31T06:26:05Z [3,591ms] [Error] [carb] Failed to create change watch for `/home/j/env_isaaclab/lib/python3.11/site-packages/isaacsim/extscache/omni.rtx.window.settings-0.6.19+69cbf6ad.lx64.r.cp311/rtx`: errno=28/No space left on device
2026-08-31T06:26:05Z [3,594ms] [Error] [carb] Failed to create change watch for `/home/j/env_isaaclab/lib/python3.11/site-packages/isaacsim/extscache/omni.kit.window.status_bar-0.1.9+69cbf6ad.lx64.r.cp311`: errno=28/No space left on device
[3.603s] [ext: omni.kit.window.toolbar-2.0.0] startup
2026-08-31T06:26:05Z [3,594ms] [Error] [carb] Failed to create change watch for `/home/j/env_isaaclab/lib/python3.11/site-packages/isaacsim/extscache/omni.kit.window.status_bar-0.1.9+69cbf6ad.lx64.r.cp311/config`: errno=28/No space left on device
2026-08-31T06:26:05Z [3,594ms] [Error] [carb] Failed to create change watch for `/home/j/env_isaaclab/lib/python3.11/site-packages/isaacsim/extscache/omni.kit.window.status_bar-0.1.9+69cbf6ad.lx64.r.cp311/omni`: errno=28/No space left on device
2026-08-31T06:26:05Z [3,594ms] [Error] [carb] Failed to create change watch for `/home/j/env_isaaclab/lib/python3.11/site-packages/isaacsim/extscache/omni.kit.window.status_bar-0.1.9+69cbf6ad.lx64.r.cp311/omni/kit`: errno=28/No space left on device
2026-08-31T06:26:05Z [3,594ms] [Error] [carb] Failed to create change watch for `/home/j/env_isaaclab/lib/python3.11/site-packages/isaacsim/extscache/omni.kit.window.status_bar-0.1.9+69cbf6ad.lx64.r.cp311/omni/kit/window`: errno=28/No space left on device
2026-08-31T06:26:05Z [3,594ms] [Error] [carb] Failed to create change watch for `/home/j/env_isaaclab/lib/python3.11/site-packages/isaacsim/extscache/omni.kit.window.status_bar-0.1.9+69cbf6ad.lx64.r.cp311/omni/kit/window/status_bar`: errno=28/No space left on device
2026-08-31T06:26:05Z [3,594ms] [Error] [carb] Failed to create change watch for `/home/j/env_isaaclab/lib/python3.11/site-packages/isaacsim/extscache/omni.kit.window.status_bar-0.1.9+69cbf6ad.lx64.r.cp311/omni/kit/window/status_bar/tests`: errno=28/No space left on device
2026-08-31T06:26:05Z [3,604ms] [Error] [carb] Failed to create change watch for `/home/j/env_isaaclab/lib/python3.11/site-packages/isaacsim/extscache/omni.kit.window.toolbar-2.0.0+69cbf6ad`: errno=28/No space left on device
2026-08-31T06:26:05Z [3,604ms] [Error] [carb] Failed to create change watch for `/home/j/env_isaaclab/lib/python3.11/site-packages/isaacsim/extscache/omni.kit.window.toolbar-2.0.0+69cbf6ad/config`: errno=28/No space left on device
2026-08-31T06:26:05Z [3,604ms] [Error] [carb] Failed to create change watch for `/home/j/env_isaaclab/lib/python3.11/site-packages/isaacsim/extscache/omni.kit.window.toolbar-2.0.0+69cbf6ad/omni`: errno=28/No space left on device
2026-08-31T06:26:05Z [3,604ms] [Error] [carb] Failed to create change watch for `/home/j/env_isaaclab/lib/python3.11/site-packages/isaacsim/extscache/omni.kit.window.toolbar-2.0.0+69cbf6ad/omni/kit`: errno=28/No space left on device
2026-08-31T06:26:05Z [3,604ms] [Error] [carb] Failed to create change watch for `/home/j/env_isaaclab/lib/python3.11/site-packages/isaacsim/extscache/omni.kit.window.toolbar-2.0.0+69cbf6ad/omni/kit/window`: errno=28/No space left on device
2026-08-31T06:26:05Z [3,604ms] [Error] [carb] Failed to create change watch for `/home/j/env_isaaclab/lib/python3.11/site-packages/isaacsim/extscache/omni.kit.window.toolbar-2.0.0+69cbf6ad/omni/kit/window/toolbar`: errno=28/No space left on device
2026-08-31T06:26:05Z [3,604ms] [Error] [carb] Failed to create change watch for `/home/j/env_isaaclab/lib/python3.11/site-packages/isaacsim/extscache/omni.kit.window.toolbar-2.0.0+69cbf6ad/omni/kit/window/toolbar/tests`: errno=28/No space left on device
2026-08-31T06:26:05Z [3,604ms] [Error] [carb] Failed to create change watch for `/home/j/env_isaaclab/lib/python3.11/site-packages/isaacsim/extscache/omni.kit.window.toolbar-2.0.0+69cbf6ad/omni/kit/window/toolbar/builtin_tools`: errno=28/No space left on device
2026-08-31T06:26:05Z [3,604ms] [Error] [carb] Failed to create change watch for `/home/j/env_isaaclab/lib/python3.11/site-packages/isaacsim/extscache/omni.kit.window.toolbar-2.0.0+69cbf6ad/omni/kit/window/toolbar/builtin_tools/models`: errno=28/No space left on device
[3.613s] [ext: omni.replicator.isaac-2.0.8] startup
2026-08-31T06:26:05Z [3,605ms] [Warning] [omni.replicator.isaac] omni.replicator.isaac has been deprecated in favor of isaacsim.replicator.domain_randomization, isaacsim.replicator.examples, isaacsim.replicator.writers. Please update your code accordingly.
2026-08-31T06:26:05Z [3,606ms] [Error] [carb] Failed to create change watch for `/home/j/env_isaaclab/lib/python3.11/site-packages/isaacsim/extsDeprecated/omni.replicator.isaac`: errno=28/No space left on device
2026-08-31T06:26:05Z [3,606ms] [Error] [carb] Failed to create change watch for `/home/j/env_isaaclab/lib/python3.11/site-packages/isaacsim/extsDeprecated/omni.replicator.isaac/config`: errno=28/No space left on device
2026-08-31T06:26:05Z [3,606ms] [Error] [carb] Failed to create change watch for `/home/j/env_isaaclab/lib/python3.11/site-packages/isaacsim/extsDeprecated/omni.replicator.isaac/omni`: errno=28/No space left on device
2026-08-31T06:26:05Z [3,606ms] [Error] [carb] Failed to create change watch for `/home/j/env_isaaclab/lib/python3.11/site-packages/isaacsim/extsDeprecated/omni.replicator.isaac/omni/replicator`: errno=28/No space left on device
2026-08-31T06:26:05Z [3,606ms] [Error] [carb] Failed to create change watch for `/home/j/env_isaaclab/lib/python3.11/site-packages/isaacsim/extsDeprecated/omni.replicator.isaac/omni/replicator/isaac`: errno=28/No space left on device
2026-08-31T06:26:05Z [3,606ms] [Error] [carb] Failed to create change watch for `/home/j/env_isaaclab/lib/python3.11/site-packages/isaacsim/extsDeprecated/omni.replicator.isaac/omni/replicator/isaac/tests`: errno=28/No space left on device
2026-08-31T06:26:05Z [3,606ms] [Error] [carb] Failed to create change watch for `/home/j/env_isaaclab/lib/python3.11/site-packages/isaacsim/extsDeprecated/omni.replicator.isaac/omni/replicator/isaac/scripts`: errno=28/No space left on device
[3.615s] [ext: omni.replicator.replicator_yaml-2.0.11] startup
2026-08-31T06:26:05Z [3,606ms] [Error] [carb] Failed to create change watch for `/home/j/env_isaaclab/lib/python3.11/site-packages/isaacsim/extsDeprecated/omni.replicator.isaac/omni/replicator/isaac/scripts/writers`: errno=28/No space left on device
2026-08-31T06:26:05Z [3,615ms] [Error] [carb] Failed to create change watch for `/home/j/env_isaaclab/lib/python3.11/site-packages/isaacsim/extscache/omni.replicator.replicator_yaml-2.0.11+107.3.3.lx64`: errno=28/No space left on device
2026-08-31T06:26:05Z [3,615ms] [Error] [carb] Failed to create change watch for `/home/j/env_isaaclab/lib/python3.11/site-packages/isaacsim/extscache/omni.replicator.replicator_yaml-2.0.11+107.3.3.lx64/config`: errno=28/No space left on device
[3.625s] [ext: omni.rtx.settings.core-0.6.5] startup
2026-08-31T06:26:05Z [3,616ms] [Error] [carb] Failed to create change watch for `/home/j/env_isaaclab/lib/python3.11/site-packages/isaacsim/extscache/omni.replicator.replicator_yaml-2.0.11+107.3.3.lx64/omni`: errno=28/No space left on device
2026-08-31T06:26:05Z [3,616ms] [Error] [carb] Failed to create change watch for `/home/j/env_isaaclab/lib/python3.11/site-packages/isaacsim/extscache/omni.replicator.replicator_yaml-2.0.11+107.3.3.lx64/omni/replicator`: errno=28/No space left on device
2026-08-31T06:26:05Z [3,616ms] [Error] [carb] Failed to create change watch for `/home/j/env_isaaclab/lib/python3.11/site-packages/isaacsim/extscache/omni.replicator.replicator_yaml-2.0.11+107.3.3.lx64/omni/replicator/replicator_yaml`: errno=28/No space left on device
2026-08-31T06:26:05Z [3,616ms] [Error] [carb] Failed to create change watch for `/home/j/env_isaaclab/lib/python3.11/site-packages/isaacsim/extscache/omni.replicator.replicator_yaml-2.0.11+107.3.3.lx64/omni/replicator/replicator_yaml/tests`: errno=28/No space left on device
2026-08-31T06:26:05Z [3,616ms] [Error] [carb] Failed to create change watch for `/home/j/env_isaaclab/lib/python3.11/site-packages/isaacsim/extscache/omni.replicator.replicator_yaml-2.0.11+107.3.3.lx64/omni/replicator/replicator_yaml/tests/data`: errno=28/No space left on device
2026-08-31T06:26:05Z [3,616ms] [Error] [carb] Failed to create change watch for `/home/j/env_isaaclab/lib/python3.11/site-packages/isaacsim/extscache/omni.replicator.replicator_yaml-2.0.11+107.3.3.lx64/omni/replicator/replicator_yaml/tests/data/textures`: errno=28/No space left on device
2026-08-31T06:26:05Z [3,616ms] [Error] [carb] Failed to create change watch for `/home/j/env_isaaclab/lib/python3.11/site-packages/isaacsim/extscache/omni.replicator.replicator_yaml-2.0.11+107.3.3.lx64/omni/replicator/replicator_yaml/tests/data/tutorials`: errno=28/No space left on device
2026-08-31T06:26:05Z [3,616ms] [Error] [carb] Failed to create change watch for `/home/j/env_isaaclab/lib/python3.11/site-packages/isaacsim/extscache/omni.replicator.replicator_yaml-2.0.11+107.3.3.lx64/omni/replicator/replicator_yaml/tests/data/tutorials/randomizerExamples`: errno=28/No space left on device
2026-08-31T06:26:05Z [3,616ms] [Error] [carb] Failed to create change watch for `/home/j/env_isaaclab/lib/python3.11/site-packages/isaacsim/extscache/omni.replicator.replicator_yaml-2.0.11+107.3.3.lx64/omni/replicator/replicator_yaml/tests/data/tutorials/writerExamples`: errno=28/No space left on device
2026-08-31T06:26:05Z [3,616ms] [Error] [carb] Failed to create change watch for `/home/j/env_isaaclab/lib/python3.11/site-packages/isaacsim/extscache/omni.replicator.replicator_yaml-2.0.11+107.3.3.lx64/omni/replicator/replicator_yaml/tests/data/objects`: errno=28/No space left on device
2026-08-31T06:26:05Z [3,616ms] [Error] [carb] Failed to create change watch for `/home/j/env_isaaclab/lib/python3.11/site-packages/isaacsim/extscache/omni.replicator.replicator_yaml-2.0.11+107.3.3.lx64/omni/replicator/replicator_yaml/bindings`: errno=28/No space left on device
2026-08-31T06:26:05Z [3,616ms] [Error] [carb] Failed to create change watch for `/home/j/env_isaaclab/lib/python3.11/site-packages/isaacsim/extscache/omni.replicator.replicator_yaml-2.0.11+107.3.3.lx64/omni/replicator/replicator_yaml/impl`: errno=28/No space left on device
2026-08-31T06:26:05Z [3,616ms] [Error] [carb] Failed to create change watch for `/home/j/env_isaaclab/lib/python3.11/site-packages/isaacsim/extscache/omni.replicator.replicator_yaml-2.0.11+107.3.3.lx64/omni/replicator/replicator_yaml/impl/nodes`: errno=28/No space left on device
2026-08-31T06:26:05Z [3,616ms] [Error] [carb] Failed to create change watch for `/home/j/env_isaaclab/lib/python3.11/site-packages/isaacsim/extscache/omni.replicator.replicator_yaml-2.0.11+107.3.3.lx64/omni/replicator/replicator_yaml/scripts`: errno=28/No space left on device
2026-08-31T06:26:05Z [3,616ms] [Error] [carb] Failed to create change watch for `/home/j/env_isaaclab/lib/python3.11/site-packages/isaacsim/extscache/omni.replicator.replicator_yaml-2.0.11+107.3.3.lx64/omni/replicator/replicator_yaml/scripts/data`: errno=28/No space left on device
2026-08-31T06:26:05Z [3,616ms] [Error] [carb] Failed to create change watch for `/home/j/env_isaaclab/lib/python3.11/site-packages/isaacsim/extscache/omni.replicator.replicator_yaml-2.0.11+107.3.3.lx64/omni/replicator/replicator_yaml/scripts/data/parameters`: errno=28/No space left on device
2026-08-31T06:26:05Z [3,617ms] [Error] [carb] Failed to create change watch for `/home/j/env_isaaclab/lib/python3.11/site-packages/isaacsim/extscache/omni.replicator.replicator_yaml-2.0.11+107.3.3.lx64/omni/replicator/replicator_yaml/scripts/data/parameters/profiles`: errno=28/No space left on device
2026-08-31T06:26:05Z [3,617ms] [Error] [carb] Failed to create change watch for `/home/j/env_isaaclab/lib/python3.11/site-packages/isaacsim/extscache/omni.replicator.replicator_yaml-2.0.11+107.3.3.lx64/omni/replicator/replicator_yaml/scripts/data/assets`: errno=28/No space left on device
2026-08-31T06:26:05Z [3,617ms] [Error] [carb] Failed to create change watch for `/home/j/env_isaaclab/lib/python3.11/site-packages/isaacsim/extscache/omni.replicator.replicator_yaml-2.0.11+107.3.3.lx64/omni/replicator/replicator_yaml/scripts/data/assets/textures`: errno=28/No space left on device
2026-08-31T06:26:05Z [3,617ms] [Error] [carb] Failed to create change watch for `/home/j/env_isaaclab/lib/python3.11/site-packages/isaacsim/extscache/omni.replicator.replicator_yaml-2.0.11+107.3.3.lx64/omni/replicator/replicator_yaml/scripts/data/assets/models`: errno=28/No space left on device
2026-08-31T06:26:05Z [3,617ms] [Error] [carb] Failed to create change watch for `/home/j/env_isaaclab/lib/python3.11/site-packages/isaacsim/extscache/omni.replicator.replicator_yaml-2.0.11+107.3.3.lx64/omni/replicator/replicator_yaml/ogn`: errno=28/No space left on device
2026-08-31T06:26:05Z [3,617ms] [Error] [carb] Failed to create change watch for `/home/j/env_isaaclab/lib/python3.11/site-packages/isaacsim/extscache/omni.replicator.replicator_yaml-2.0.11+107.3.3.lx64/omni/replicator/replicator_yaml/ogn/tests`: errno=28/No space left on device
2026-08-31T06:26:05Z [3,617ms] [Error] [carb] Failed to create change watch for `/home/j/env_isaaclab/lib/python3.11/site-packages/isaacsim/extscache/omni.replicator.replicator_yaml-2.0.11+107.3.3.lx64/omni/replicator/replicator_yaml/ogn/tests/usd`: errno=28/No space left on device
2026-08-31T06:26:05Z [3,617ms] [Error] [carb] Failed to create change watch for `/home/j/env_isaaclab/lib/python3.11/site-packages/isaacsim/extscache/omni.replicator.replicator_yaml-2.0.11+107.3.3.lx64/omni/replicator/replicator_yaml/ogn/python`: errno=28/No space left on device
2026-08-31T06:26:05Z [3,617ms] [Error] [carb] Failed to create change watch for `/home/j/env_isaaclab/lib/python3.11/site-packages/isaacsim/extscache/omni.replicator.replicator_yaml-2.0.11+107.3.3.lx64/omni/replicator/replicator_yaml/ogn/python/impl`: errno=28/No space left on device
2026-08-31T06:26:05Z [3,617ms] [Error] [carb] Failed to create change watch for `/home/j/env_isaaclab/lib/python3.11/site-packages/isaacsim/extscache/omni.replicator.replicator_yaml-2.0.11+107.3.3.lx64/omni/replicator/replicator_yaml/ogn/python/impl/nodes`: errno=28/No space left on device
[3.629s] [ext: omni.usd.metrics.assembler.ui-107.3.1] startup
2026-08-31T06:26:05Z [3,620ms] [Error] [carb] Failed to create change watch for `/home/j/env_isaaclab/lib/python3.11/site-packages/isaacsim/extscache/omni.rtx.settings.core-0.6.5+69cbf6ad`: errno=28/No space left on device
2026-08-31T06:26:05Z [3,620ms] [Error] [carb] Failed to create change watch for `/home/j/env_isaaclab/lib/python3.11/site-packages/isaacsim/extscache/omni.rtx.settings.core-0.6.5+69cbf6ad/config`: errno=28/No space left on device
2026-08-31T06:26:05Z [3,620ms] [Error] [carb] Failed to create change watch for `/home/j/env_isaaclab/lib/python3.11/site-packages/isaacsim/extscache/omni.rtx.settings.core-0.6.5+69cbf6ad/omni`: errno=28/No space left on device
2026-08-31T06:26:05Z [3,620ms] [Error] [carb] Failed to create change watch for `/home/j/env_isaaclab/lib/python3.11/site-packages/isaacsim/extscache/omni.rtx.settings.core-0.6.5+69cbf6ad/omni/rtx`: errno=28/No space left on device
2026-08-31T06:26:05Z [3,620ms] [Error] [carb] Failed to create change watch for `/home/j/env_isaaclab/lib/python3.11/site-packages/isaacsim/extscache/omni.rtx.settings.core-0.6.5+69cbf6ad/omni/rtx/settings`: errno=28/No space left on device
2026-08-31T06:26:05Z [3,620ms] [Error] [carb] Failed to create change watch for `/home/j/env_isaaclab/lib/python3.11/site-packages/isaacsim/extscache/omni.rtx.settings.core-0.6.5+69cbf6ad/omni/rtx/settings/core`: errno=28/No space left on device
2026-08-31T06:26:05Z [3,620ms] [Error] [carb] Failed to create change watch for `/home/j/env_isaaclab/lib/python3.11/site-packages/isaacsim/extscache/omni.rtx.settings.core-0.6.5+69cbf6ad/omni/rtx/settings/core/tests`: errno=28/No space left on device
2026-08-31T06:26:05Z [3,620ms] [Error] [carb] Failed to create change watch for `/home/j/env_isaaclab/lib/python3.11/site-packages/isaacsim/extscache/omni.rtx.settings.core-0.6.5+69cbf6ad/omni/rtx/settings/core/widgets`: errno=28/No space left on device
[3.639s] [ext: omni.isaac.utils-2.0.6] startup
2026-08-31T06:26:05Z [3,630ms] [Error] [carb] Failed to create change watch for `/home/j/env_isaaclab/lib/python3.11/site-packages/isaacsim/extscache/omni.usd.metrics.assembler.ui-107.3.1+107.3.0.cp311.u353`: errno=28/No space left on device
2026-08-31T06:26:05Z [3,630ms] [Error] [carb] Failed to create change watch for `/home/j/env_isaaclab/lib/python3.11/site-packages/isaacsim/extscache/omni.usd.metrics.assembler.ui-107.3.1+107.3.0.cp311.u353/config`: errno=28/No space left on device
2026-08-31T06:26:05Z [3,630ms] [Error] [carb] Failed to create change watch for `/home/j/env_isaaclab/lib/python3.11/site-packages/isaacsim/extscache/omni.usd.metrics.assembler.ui-107.3.1+107.3.0.cp311.u353/omni`: errno=28/No space left on device
2026-08-31T06:26:05Z [3,630ms] [Error] [carb] Failed to create change watch for `/home/j/env_isaaclab/lib/python3.11/site-packages/isaacsim/extscache/omni.usd.metrics.assembler.ui-107.3.1+107.3.0.cp311.u353/omni/metrics`: errno=28/No space left on device
2026-08-31T06:26:05Z [3,630ms] [Error] [carb] Failed to create change watch for `/home/j/env_isaaclab/lib/python3.11/site-packages/isaacsim/extscache/omni.usd.metrics.assembler.ui-107.3.1+107.3.0.cp311.u353/omni/metrics/assembler`: errno=28/No space left on device
2026-08-31T06:26:05Z [3,630ms] [Error] [carb] Failed to create change watch for `/home/j/env_isaaclab/lib/python3.11/site-packages/isaacsim/extscache/omni.usd.metrics.assembler.ui-107.3.1+107.3.0.cp311.u353/omni/metrics/assembler/ui`: errno=28/No space left on device
2026-08-31T06:26:05Z [3,631ms] [Error] [carb] Failed to create change watch for `/home/j/env_isaaclab/lib/python3.11/site-packages/isaacsim/extscache/omni.usd.metrics.assembler.ui-107.3.1+107.3.0.cp311.u353/omni/metrics/assembler/ui/tests`: errno=28/No space left on device
2026-08-31T06:26:05Z [3,631ms] [Error] [carb] Failed to create change watch for `/home/j/env_isaaclab/lib/python3.11/site-packages/isaacsim/extsDeprecated/omni.isaac.utils`: errno=28/No space left on device
[3.640s] [ext: semantics.schema.editor-2.0.2] startup
2026-08-31T06:26:05Z [3,631ms] [Error] [carb] Failed to create change watch for `/home/j/env_isaaclab/lib/python3.11/site-packages/isaacsim/extsDeprecated/omni.isaac.utils/config`: errno=28/No space left on device
2026-08-31T06:26:05Z [3,631ms] [Error] [carb] Failed to create change watch for `/home/j/env_isaaclab/lib/python3.11/site-packages/isaacsim/extsDeprecated/omni.isaac.utils/omni`: errno=28/No space left on device
2026-08-31T06:26:05Z [3,631ms] [Error] [carb] Failed to create change watch for `/home/j/env_isaaclab/lib/python3.11/site-packages/isaacsim/extsDeprecated/omni.isaac.utils/omni/isaac`: errno=28/No space left on device
2026-08-31T06:26:05Z [3,631ms] [Error] [carb] Failed to create change watch for `/home/j/env_isaaclab/lib/python3.11/site-packages/isaacsim/extsDeprecated/omni.isaac.utils/omni/isaac/utils`: errno=28/No space left on device
2026-08-31T06:26:05Z [3,631ms] [Error] [carb] Failed to create change watch for `/home/j/env_isaaclab/lib/python3.11/site-packages/isaacsim/extsDeprecated/omni.isaac.utils/omni/isaac/utils/tests`: errno=28/No space left on device
2026-08-31T06:26:05Z [3,631ms] [Error] [carb] Failed to create change watch for `/home/j/env_isaaclab/lib/python3.11/site-packages/isaacsim/extsDeprecated/omni.isaac.utils/omni/isaac/utils/scripts`: errno=28/No space left on device
2026-08-31T06:26:05Z [3,635ms] [Error] [carb] Failed to create change watch for `/home/j/env_isaaclab/lib/python3.11/site-packages/isaacsim/extscache/semantics.schema.editor-2.0.2`: errno=28/No space left on device
[3.644s] [ext: omni.kit.ui.actions-1.0.5] startup
2026-08-31T06:26:05Z [3,635ms] [Error] [carb] Failed to create change watch for `/home/j/env_isaaclab/lib/python3.11/site-packages/isaacsim/extscache/semantics.schema.editor-2.0.2/config`: errno=28/No space left on device
2026-08-31T06:26:05Z [3,635ms] [Error] [carb] Failed to create change watch for `/home/j/env_isaaclab/lib/python3.11/site-packages/isaacsim/extscache/semantics.schema.editor-2.0.2/semantics`: errno=28/No space left on device
2026-08-31T06:26:05Z [3,635ms] [Error] [carb] Failed to create change watch for `/home/j/env_isaaclab/lib/python3.11/site-packages/isaacsim/extscache/semantics.schema.editor-2.0.2/semantics/schema`: errno=28/No space left on device
2026-08-31T06:26:05Z [3,635ms] [Error] [carb] Failed to create change watch for `/home/j/env_isaaclab/lib/python3.11/site-packages/isaacsim/extscache/semantics.schema.editor-2.0.2/semantics/schema/editor`: errno=28/No space left on device
2026-08-31T06:26:05Z [3,635ms] [Error] [carb] Failed to create change watch for `/home/j/env_isaaclab/lib/python3.11/site-packages/isaacsim/extscache/semantics.schema.editor-2.0.2/semantics/schema/editor/tests`: errno=28/No space left on device
2026-08-31T06:26:05Z [3,635ms] [Error] [carb] Failed to create change watch for `/home/j/env_isaaclab/lib/python3.11/site-packages/isaacsim/extscache/semantics.schema.editor-2.0.2/semantics/schema/editor/tests/data`: errno=28/No space left on device
[3.645s] [ext: semantics.schema.property-2.0.1] startup
2026-08-31T06:26:05Z [3,636ms] [Error] [carb] Failed to create change watch for `/home/j/env_isaaclab/lib/python3.11/site-packages/isaacsim/extscache/omni.kit.ui.actions-1.0.5+69cbf6ad`: errno=28/No space left on device
2026-08-31T06:26:05Z [3,636ms] [Error] [carb] Failed to create change watch for `/home/j/env_isaaclab/lib/python3.11/site-packages/isaacsim/extscache/omni.kit.ui.actions-1.0.5+69cbf6ad/config`: errno=28/No space left on device
2026-08-31T06:26:05Z [3,636ms] [Error] [carb] Failed to create change watch for `/home/j/env_isaaclab/lib/python3.11/site-packages/isaacsim/extscache/omni.kit.ui.actions-1.0.5+69cbf6ad/omni`: errno=28/No space left on device
2026-08-31T06:26:05Z [3,636ms] [Error] [carb] Failed to create change watch for `/home/j/env_isaaclab/lib/python3.11/site-packages/isaacsim/extscache/omni.kit.ui.actions-1.0.5+69cbf6ad/omni/kit`: errno=28/No space left on device
2026-08-31T06:26:05Z [3,636ms] [Error] [carb] Failed to create change watch for `/home/j/env_isaaclab/lib/python3.11/site-packages/isaacsim/extscache/omni.kit.ui.actions-1.0.5+69cbf6ad/omni/kit/ui`: errno=28/No space left on device
2026-08-31T06:26:05Z [3,637ms] [Error] [carb] Failed to create change watch for `/home/j/env_isaaclab/lib/python3.11/site-packages/isaacsim/extscache/omni.kit.ui.actions-1.0.5+69cbf6ad/omni/kit/ui/actions`: errno=28/No space left on device
2026-08-31T06:26:05Z [3,637ms] [Error] [carb] Failed to create change watch for `/home/j/env_isaaclab/lib/python3.11/site-packages/isaacsim/extscache/omni.kit.ui.actions-1.0.5+69cbf6ad/omni/kit/ui/actions/tests`: errno=28/No space left on device
[3.647s] [ext: omni.isaac.version-2.0.7] startup
2026-08-31T06:26:05Z [3,638ms] [Error] [carb] Failed to create change watch for `/home/j/env_isaaclab/lib/python3.11/site-packages/isaacsim/extscache/semantics.schema.property-2.0.1`: errno=28/No space left on device
2026-08-31T06:26:05Z [3,638ms] [Error] [carb] Failed to create change watch for `/home/j/env_isaaclab/lib/python3.11/site-packages/isaacsim/extscache/semantics.schema.property-2.0.1/config`: errno=28/No space left on device
2026-08-31T06:26:05Z [3,638ms] [Error] [carb] Failed to create change watch for `/home/j/env_isaaclab/lib/python3.11/site-packages/isaacsim/extscache/semantics.schema.property-2.0.1/semantics`: errno=28/No space left on device
2026-08-31T06:26:05Z [3,638ms] [Error] [carb] Failed to create change watch for `/home/j/env_isaaclab/lib/python3.11/site-packages/isaacsim/extscache/semantics.schema.property-2.0.1/semantics/schema`: errno=28/No space left on device
2026-08-31T06:26:05Z [3,638ms] [Error] [carb] Failed to create change watch for `/home/j/env_isaaclab/lib/python3.11/site-packages/isaacsim/extscache/semantics.schema.property-2.0.1/semantics/schema/property`: errno=28/No space left on device
2026-08-31T06:26:05Z [3,638ms] [Error] [carb] Failed to create change watch for `/home/j/env_isaaclab/lib/python3.11/site-packages/isaacsim/extscache/semantics.schema.property-2.0.1/semantics/schema/property/tests`: errno=28/No space left on device
2026-08-31T06:26:05Z [3,639ms] [Warning] [omni.isaac.version] omni.isaac.version has been deprecated in favor of isaacsim.core.version. Please update your code accordingly.
2026-08-31T06:26:05Z [3,639ms] [Error] [carb] Failed to create change watch for `/home/j/env_isaaclab/lib/python3.11/site-packages/isaacsim/extsDeprecated/omni.isaac.version`: errno=28/No space left on device
[3.648s] [ext: omni.isaac.cortex-1.0.5] startup
2026-08-31T06:26:05Z [3,639ms] [Error] [carb] Failed to create change watch for `/home/j/env_isaaclab/lib/python3.11/site-packages/isaacsim/extsDeprecated/omni.isaac.version/config`: errno=28/No space left on device
2026-08-31T06:26:05Z [3,639ms] [Error] [carb] Failed to create change watch for `/home/j/env_isaaclab/lib/python3.11/site-packages/isaacsim/extsDeprecated/omni.isaac.version/omni`: errno=28/No space left on device
2026-08-31T06:26:05Z [3,639ms] [Error] [carb] Failed to create change watch for `/home/j/env_isaaclab/lib/python3.11/site-packages/isaacsim/extsDeprecated/omni.isaac.version/omni/isaac`: errno=28/No space left on device
2026-08-31T06:26:05Z [3,639ms] [Error] [carb] Failed to create change watch for `/home/j/env_isaaclab/lib/python3.11/site-packages/isaacsim/extsDeprecated/omni.isaac.version/omni/isaac/version`: errno=28/No space left on device
2026-08-31T06:26:05Z [3,639ms] [Error] [carb] Failed to create change watch for `/home/j/env_isaaclab/lib/python3.11/site-packages/isaacsim/extsDeprecated/omni.isaac.version/omni/isaac/version/tests`: errno=28/No space left on device
2026-08-31T06:26:05Z [3,640ms] [Error] [carb] Failed to create change watch for `/home/j/env_isaaclab/lib/python3.11/site-packages/isaacsim/extsDeprecated/omni.isaac.cortex`: errno=28/No space left on device
[3.649s] [ext: omni.anim.curve.core-1.3.1] startup
2026-08-31T06:26:05Z [3,640ms] [Error] [carb] Failed to create change watch for `/home/j/env_isaaclab/lib/python3.11/site-packages/isaacsim/extsDeprecated/omni.isaac.cortex/config`: errno=28/No space left on device
2026-08-31T06:26:05Z [3,640ms] [Error] [carb] Failed to create change watch for `/home/j/env_isaaclab/lib/python3.11/site-packages/isaacsim/extsDeprecated/omni.isaac.cortex/omni`: errno=28/No space left on device
2026-08-31T06:26:05Z [3,640ms] [Error] [carb] Failed to create change watch for `/home/j/env_isaaclab/lib/python3.11/site-packages/isaacsim/extsDeprecated/omni.isaac.cortex/omni/isaac`: errno=28/No space left on device
2026-08-31T06:26:05Z [3,640ms] [Error] [carb] Failed to create change watch for `/home/j/env_isaaclab/lib/python3.11/site-packages/isaacsim/extsDeprecated/omni.isaac.cortex/omni/isaac/cortex`: errno=28/No space left on device
2026-08-31T06:26:05Z [3,647ms] [Error] [carb] Failed to create change watch for `/home/j/env_isaaclab/lib/python3.11/site-packages/isaacsim/extscache/omni.anim.curve.core-1.3.1+107.2.0.lx64.r.cp311.u353`: errno=28/No space left on device
[3.656s] [ext: isaacsim.core.throttling-2.2.2] startup
2026-08-31T06:26:05Z [3,647ms] [Error] [carb] Failed to create change watch for `/home/j/env_isaaclab/lib/python3.11/site-packages/isaacsim/extscache/omni.anim.curve.core-1.3.1+107.2.0.lx64.r.cp311.u353/config`: errno=28/No space left on device
2026-08-31T06:26:05Z [3,647ms] [Error] [carb] Failed to create change watch for `/home/j/env_isaaclab/lib/python3.11/site-packages/isaacsim/extscache/omni.anim.curve.core-1.3.1+107.2.0.lx64.r.cp311.u353/omni`: errno=28/No space left on device
2026-08-31T06:26:05Z [3,647ms] [Error] [carb] Failed to create change watch for `/home/j/env_isaaclab/lib/python3.11/site-packages/isaacsim/extscache/omni.anim.curve.core-1.3.1+107.2.0.lx64.r.cp311.u353/omni/anim`: errno=28/No space left on device
2026-08-31T06:26:05Z [3,647ms] [Error] [carb] Failed to create change watch for `/home/j/env_isaaclab/lib/python3.11/site-packages/isaacsim/extscache/omni.anim.curve.core-1.3.1+107.2.0.lx64.r.cp311.u353/omni/anim/curve`: errno=28/No space left on device
2026-08-31T06:26:05Z [3,647ms] [Error] [carb] Failed to create change watch for `/home/j/env_isaaclab/lib/python3.11/site-packages/isaacsim/extscache/omni.anim.curve.core-1.3.1+107.2.0.lx64.r.cp311.u353/omni/anim/curve/core`: errno=28/No space left on device
2026-08-31T06:26:05Z [3,647ms] [Error] [carb] Failed to create change watch for `/home/j/env_isaaclab/lib/python3.11/site-packages/isaacsim/extscache/omni.anim.curve.core-1.3.1+107.2.0.lx64.r.cp311.u353/omni/anim/curve/core/tests`: errno=28/No space left on device
2026-08-31T06:26:05Z [3,647ms] [Error] [carb] Failed to create change watch for `/home/j/env_isaaclab/lib/python3.11/site-packages/isaacsim/extscache/omni.anim.curve.core-1.3.1+107.2.0.lx64.r.cp311.u353/omni/anim/curve/core/bindings`: errno=28/No space left on device
2026-08-31T06:26:05Z [3,647ms] [Error] [carb] Failed to create change watch for `/home/j/env_isaaclab/lib/python3.11/site-packages/isaacsim/extscache/omni.anim.curve.core-1.3.1+107.2.0.lx64.r.cp311.u353/omni/anim/curve/core/scripts`: errno=28/No space left on device
2026-08-31T06:26:05Z [3,648ms] [Error] [carb] Failed to create change watch for `/home/j/env_isaaclab/lib/python3.11/site-packages/isaacsim/extscache/omni.anim.curve.core-1.3.1+107.2.0.lx64.r.cp311.u353/omni/anim/curve/core/ogn`: errno=28/No space left on device
2026-08-31T06:26:05Z [3,648ms] [Error] [carb] Failed to create change watch for `/home/j/env_isaaclab/lib/python3.11/site-packages/isaacsim/extscache/omni.anim.curve.core-1.3.1+107.2.0.lx64.r.cp311.u353/omni/anim/curve/core/ogn/tests`: errno=28/No space left on device
2026-08-31T06:26:05Z [3,648ms] [Error] [carb] Failed to create change watch for `/home/j/env_isaaclab/lib/python3.11/site-packages/isaacsim/extscache/omni.anim.curve.core-1.3.1+107.2.0.lx64.r.cp311.u353/omni/anim/curve/core/ogn/tests/usd`: errno=28/No space left on device
2026-08-31T06:26:05Z [3,649ms] [Error] [carb] Failed to create change watch for `/home/j/env_isaaclab/lib/python3.11/site-packages/isaacsim/exts/isaacsim.core.throttling`: errno=28/No space left on device
[3.658s] [ext: omni.kit.menu.common-2.0.1] startup
2026-08-31T06:26:05Z [3,649ms] [Error] [carb] Failed to create change watch for `/home/j/env_isaaclab/lib/python3.11/site-packages/isaacsim/exts/isaacsim.core.throttling/config`: errno=28/No space left on device
2026-08-31T06:26:05Z [3,649ms] [Error] [carb] Failed to create change watch for `/home/j/env_isaaclab/lib/python3.11/site-packages/isaacsim/exts/isaacsim.core.throttling/isaacsim`: errno=28/No space left on device
2026-08-31T06:26:05Z [3,649ms] [Error] [carb] Failed to create change watch for `/home/j/env_isaaclab/lib/python3.11/site-packages/isaacsim/exts/isaacsim.core.throttling/isaacsim/core`: errno=28/No space left on device
2026-08-31T06:26:05Z [3,649ms] [Error] [carb] Failed to create change watch for `/home/j/env_isaaclab/lib/python3.11/site-packages/isaacsim/exts/isaacsim.core.throttling/isaacsim/core/throttling`: errno=28/No space left on device
2026-08-31T06:26:05Z [3,649ms] [Error] [carb] Failed to create change watch for `/home/j/env_isaaclab/lib/python3.11/site-packages/isaacsim/exts/isaacsim.core.throttling/isaacsim/core/throttling/tests`: errno=28/No space left on device
2026-08-31T06:26:05Z [3,651ms] [Error] [carb] Failed to create change watch for `/home/j/env_isaaclab/lib/python3.11/site-packages/isaacsim/extscache/omni.kit.menu.common-2.0.1+69cbf6ad`: errno=28/No space left on device
[3.660s] [ext: isaacsim.exp.base-5.1.0] startup
2026-08-31T06:26:05Z [3,651ms] [Error] [carb] Failed to create change watch for `/home/j/env_isaaclab/lib/python3.11/site-packages/isaacsim/extscache/omni.kit.menu.common-2.0.1+69cbf6ad/config`: errno=28/No space left on device
2026-08-31T06:26:05Z [3,651ms] [Error] [carb] Failed to create change watch for `/home/j/env_isaaclab/lib/python3.11/site-packages/isaacsim/extscache/omni.kit.menu.common-2.0.1+69cbf6ad/omni`: errno=28/No space left on device
2026-08-31T06:26:05Z [3,651ms] [Error] [carb] Failed to create change watch for `/home/j/env_isaaclab/lib/python3.11/site-packages/isaacsim/extscache/omni.kit.menu.common-2.0.1+69cbf6ad/omni/kit`: errno=28/No space left on device
2026-08-31T06:26:05Z [3,651ms] [Error] [carb] Failed to create change watch for `/home/j/env_isaaclab/lib/python3.11/site-packages/isaacsim/extscache/omni.kit.menu.common-2.0.1+69cbf6ad/omni/kit/menu`: errno=28/No space left on device
2026-08-31T06:26:05Z [3,652ms] [Error] [carb] Failed to create change watch for `/home/j/env_isaaclab/lib/python3.11/site-packages/isaacsim/extscache/omni.kit.menu.common-2.0.1+69cbf6ad/omni/kit/menu/common`: errno=28/No space left on device
2026-08-31T06:26:05Z [3,652ms] [Error] [carb] Failed to create change watch for `/home/j/env_isaaclab/lib/python3.11/site-packages/isaacsim/extscache/omni.kit.menu.common-2.0.1+69cbf6ad/omni/kit/menu/common/tests`: errno=28/No space left on device
[3.661s] [ext: isaacsim.exp.base.python-5.1.0] startup
[3.662s] Simulation App Starting
2026-08-31T06:26:05Z [3,842ms] [Warning] [omni.fabric.plugin] Warning: attribute viewPickingId not found for bucket id 9

[3.880s] app ready
[5.885s] Simulation App Startup Complete
[temporal-isaac] building USD scene
[temporal-isaac] applying Year0
[temporal-isaac] rendering Year0 pose 0
2026-08-31T06:26:08Z [6,247ms] [Warning] [rtx.postprocessing.plugin] DLSS increasing input dimensions: Render resolution of (160, 160) is below minimal input resolution of 300.
2026-08-31T06:26:08Z [6,306ms] [Warning] [omni.syntheticdata.plugin] OgnSdPostRenderVarToHost : rendervar copy from texture directly to host buffer is counter-performant. Please use copy from texture to device buffer first.
[temporal-isaac] rendering Year0 pose 1
2026-08-31T06:26:08Z [6,530ms] [Warning] [carb] Plugin interface for a client: omni.hydratexture.plugin was already released.
[temporal-isaac] rendering Year0 pose 2
[temporal-isaac] applying Year2
[temporal-isaac] rendering Year2 pose 0
2026-08-31T06:26:08Z [6,695ms] [Warning] [omni.fabric.plugin] Warning: attribute primvars:displayColor:indices not found for path /World/Environment/Roads/Main/Marking_00

[temporal-isaac] rendering Year2 pose 1
[temporal-isaac] rendering Year2 pose 2
[temporal-isaac] applying Year5
[temporal-isaac] rendering Year5 pose 0
[temporal-isaac] rendering Year5 pose 1
[temporal-isaac] rendering Year5 pose 2
[temporal-isaac] applying Year10
[temporal-isaac] rendering Year10 pose 0
[temporal-isaac] rendering Year10 pose 1
[temporal-isaac] rendering Year10 pose 2
[temporal-isaac] applying CaseAppearance
[temporal-isaac] rendering CaseAppearance pose 0
[temporal-isaac] rendering CaseAppearance pose 1
[temporal-isaac] rendering CaseAppearance pose 2
[temporal-isaac] applying CaseStructural
[temporal-isaac] rendering CaseStructural pose 0
[temporal-isaac] rendering CaseStructural pose 1
[temporal-isaac] rendering CaseStructural pose 2
[temporal-isaac] wrote /home/j/SynologyDrive/junsuk/학술대회/CICS2026/codes/isaac_ros/results/temporal/run_20260831_152601
2026-08-31T06:26:11Z [9,453ms] [Warning] [carb] Plugin interface for a client: omni.hydratexture.plugin was already released.
[9.516s] Simulation App Shutting Down
