[Info] [carb] Logging to file: /home/j/env_isaaclab/lib/python3.11/site-packages/isaacsim/kit/logs/Kit/Isaac-Sim Python/5.1/kit_20260831_152052.log
2026-08-31T06:20:52Z [0ms] [Error] [carb] Failed to create change watch for `/home/j/env_isaaclab/lib/python3.11/site-packages/isaacsim/kit/data/Kit/Isaac-Sim Python/5.1/exts/3`: errno=28/No space left on device
2026-08-31T06:20:52Z [1ms] [Error] [carb] Failed to create change watch for `/home/j/env_isaaclab/lib/python3.11/site-packages/isaacsim/apps`: errno=28/No space left on device
2026-08-31T06:20:52Z [1ms] [Error] [carb] Failed to create change watch for `/home/j/env_isaaclab/lib/python3.11/site-packages/isaacsim/exts`: errno=28/No space left on device
2026-08-31T06:20:52Z [1ms] [Error] [carb] Failed to create change watch for `/home/j/env_isaaclab/lib/python3.11/site-packages/isaacsim/extsDeprecated`: errno=28/No space left on device
2026-08-31T06:20:52Z [1ms] [Error] [carb] Failed to create change watch for `/home/j/env_isaaclab/lib/python3.11/site-packages/isaacsim/extsUser`: errno=28/No space left on device
2026-08-31T06:20:52Z [1ms] [Error] [carb] Failed to create change watch for `/home/j/env_isaaclab/lib/python3.11/site-packages/isaacsim/extscache`: errno=28/No space left on device
2026-08-31T06:20:52Z [1ms] [Error] [carb] Failed to create change watch for `/home/j/env_isaaclab/lib/python3.11/site-packages/isaacsim/kit/extsPhysics`: errno=28/No space left on device
2026-08-31T06:20:52Z [1ms] [Error] [carb] Failed to create change watch for `/home/j/Documents/Kit/shared/exts`: errno=28/No space left on device
2026-08-31T06:20:52Z [1ms] [Error] [carb] Failed to create change watch for `/home/j/Documents/Kit/apps/Isaac-Sim Python/exts`: errno=28/No space left on device
2026-08-31T06:20:52Z [1ms] [Error] [carb] Failed to create change watch for `/home/j/env_isaaclab/lib/python3.11/site-packages/isaacsim/kit/extscore`: errno=28/No space left on device
2026-08-31T06:20:52Z [1ms] [Error] [carb] Failed to create change watch for `/home/j/env_isaaclab/lib/python3.11/site-packages/isaacsim/kit/exts`: errno=28/No space left on device
2026-08-31T06:20:52Z [1ms] [Error] [carb] Failed to create change watch for `/home/j/env_isaaclab/lib/python3.11/site-packages/isaacsim/kit/apps`: errno=28/No space left on device
[0.036s] [ext: omni.kit.async_engine-0.0.3] startup
[0.095s] [ext: omni.metrics.core-0.0.3] startup
2026-08-31T06:20:52Z [86ms] [Error] [carb] Failed to create change watch for `/home/j/env_isaaclab/lib/python3.11/site-packages/isaacsim/kit/extscore/omni.kit.async_engine`: errno=28/No space left on device
[0.095s] [ext: omni.client.lib-1.1.0] startup
2026-08-31T06:20:52Z [87ms] [Error] [carb] Failed to create change watch for `/home/j/env_isaaclab/lib/python3.11/site-packages/isaacsim/kit/extscore/omni.kit.async_engine/config`: errno=28/No space left on device
2026-08-31T06:20:52Z [87ms] [Error] [carb] Failed to create change watch for `/home/j/env_isaaclab/lib/python3.11/site-packages/isaacsim/kit/extscore/omni.kit.async_engine/omni`: errno=28/No space left on device
2026-08-31T06:20:52Z [87ms] [Error] [carb] Failed to create change watch for `/home/j/env_isaaclab/lib/python3.11/site-packages/isaacsim/kit/extscore/omni.kit.async_engine/omni/kit`: errno=28/No space left on device
2026-08-31T06:20:52Z [87ms] [Error] [carb] Failed to create change watch for `/home/j/env_isaaclab/lib/python3.11/site-packages/isaacsim/kit/extscore/omni.kit.async_engine/omni/kit/main_event_loop_wrapper`: errno=28/No space left on device
2026-08-31T06:20:52Z [87ms] [Error] [carb] Failed to create change watch for `/home/j/env_isaaclab/lib/python3.11/site-packages/isaacsim/kit/extscore/omni.kit.async_engine/omni/kit/async_engine`: errno=28/No space left on device
2026-08-31T06:20:52Z [87ms] [Error] [carb] Failed to create change watch for `/home/j/env_isaaclab/lib/python3.11/site-packages/isaacsim/kit/extscore/omni.kit.async_engine/omni/kit/async_engine/tests`: errno=28/No space left on device
[0.104s] [ext: omni.blobkey-1.1.2] startup
[0.104s] [ext: omni.stats-1.0.1] startup
[0.105s] [ext: omni.datastore-0.0.0] startup
2026-08-31T06:20:52Z [96ms] [Error] [carb] Failed to create change watch for `/home/j/env_isaaclab/lib/python3.11/site-packages/isaacsim/extscache/omni.stats-1.0.1+69cbf6ad.lx64.r.cp311`: errno=28/No space left on device
2026-08-31T06:20:52Z [96ms] [Error] [carb] Failed to create change watch for `/home/j/env_isaaclab/lib/python3.11/site-packages/isaacsim/extscache/omni.stats-1.0.1+69cbf6ad.lx64.r.cp311/config`: errno=28/No space left on device
2026-08-31T06:20:52Z [96ms] [Error] [carb] Failed to create change watch for `/home/j/env_isaaclab/lib/python3.11/site-packages/isaacsim/extscache/omni.stats-1.0.1+69cbf6ad.lx64.r.cp311/omni`: errno=28/No space left on device
2026-08-31T06:20:52Z [96ms] [Error] [carb] Failed to create change watch for `/home/j/env_isaaclab/lib/python3.11/site-packages/isaacsim/extscache/omni.stats-1.0.1+69cbf6ad.lx64.r.cp311/omni/stats`: errno=28/No space left on device
[0.109s] [ext: omni.client-1.3.0] startup
[0.112s] [ext: omni.ujitso.default-1.0.0] startup
[0.113s] [ext: omni.hsscclient-1.1.2] startup
2026-08-31T06:20:52Z [105ms] [Error] [carb] Failed to create change watch for `/home/j/env_isaaclab/lib/python3.11/site-packages/isaacsim/extscache/omni.hsscclient-1.1.2+69cbf6ad.lx64.r.cp311`: errno=28/No space left on device
2026-08-31T06:20:52Z [105ms] [Error] [carb] Failed to create change watch for `/home/j/env_isaaclab/lib/python3.11/site-packages/isaacsim/extscache/omni.hsscclient-1.1.2+69cbf6ad.lx64.r.cp311/config`: errno=28/No space left on device
2026-08-31T06:20:52Z [105ms] [Error] [carb] Failed to create change watch for `/home/j/env_isaaclab/lib/python3.11/site-packages/isaacsim/extscache/omni.hsscclient-1.1.2+69cbf6ad.lx64.r.cp311/omni`: errno=28/No space left on device
2026-08-31T06:20:52Z [105ms] [Error] [carb] Failed to create change watch for `/home/j/env_isaaclab/lib/python3.11/site-packages/isaacsim/extscache/omni.hsscclient-1.1.2+69cbf6ad.lx64.r.cp311/omni/hsscclient`: errno=28/No space left on device
2026-08-31T06:20:52Z [105ms] [Error] [carb] Failed to create change watch for `/home/j/env_isaaclab/lib/python3.11/site-packages/isaacsim/extscache/omni.hsscclient-1.1.2+69cbf6ad.lx64.r.cp311/omni/hsscclient/tests`: errno=28/No space left on device
2026-08-31T06:20:52Z [105ms] [Error] [carb] Failed to create change watch for `/home/j/env_isaaclab/lib/python3.11/site-packages/isaacsim/extscache/omni.hsscclient-1.1.2+69cbf6ad.lx64.r.cp311/omni/hsscclient/tests/data`: errno=28/No space left on device
2026-08-31T06:20:52Z [106ms] [Error] [carb] Failed to create change watch for `/home/j/env_isaaclab/lib/python3.11/site-packages/isaacsim/extscache/omni.hsscclient-1.1.2+69cbf6ad.lx64.r.cp311/omni/hsscclient/tests/data/testtex`: errno=28/No space left on device
[0.116s] [ext: omni.gpu_foundation.shadercache.vulkan-1.0.0] startup
2026-08-31T06:20:52Z [107ms] [Error] [carb] Failed to create change watch for `/home/j/env_isaaclab/lib/python3.11/site-packages/isaacsim/extscache/omni.ujitso.default-1.0.0+69cbf6ad.lx64.r.cp311`: errno=28/No space left on device
2026-08-31T06:20:52Z [107ms] [Error] [carb] Failed to create change watch for `/home/j/env_isaaclab/lib/python3.11/site-packages/isaacsim/extscache/omni.ujitso.default-1.0.0+69cbf6ad.lx64.r.cp311/config`: errno=28/No space left on device
2026-08-31T06:20:52Z [107ms] [Error] [carb] Failed to create change watch for `/home/j/env_isaaclab/lib/python3.11/site-packages/isaacsim/extscache/omni.ujitso.default-1.0.0+69cbf6ad.lx64.r.cp311/omni`: errno=28/No space left on device
2026-08-31T06:20:52Z [107ms] [Error] [carb] Failed to create change watch for `/home/j/env_isaaclab/lib/python3.11/site-packages/isaacsim/extscache/omni.ujitso.default-1.0.0+69cbf6ad.lx64.r.cp311/omni/ujitso`: errno=28/No space left on device
2026-08-31T06:20:52Z [107ms] [Error] [carb] Failed to create change watch for `/home/j/env_isaaclab/lib/python3.11/site-packages/isaacsim/extscache/omni.ujitso.default-1.0.0+69cbf6ad.lx64.r.cp311/omni/ujitso/default`: errno=28/No space left on device
[0.117s] [ext: omni.assets.plugins-0.0.0] startup
[0.118s] [ext: omni.gpu_foundation-0.0.0] startup
[0.123s] [ext: carb.windowing.plugins-1.0.0] startup
[0.128s] [ext: omni.kit.renderer.init-0.0.0] startup
2026-08-31T06:20:52Z [523ms] [Warning] [gpu.foundation.plugin] Skipping unsupported non-NVIDIA GPU: Intel(R) Graphics (RPL-S)
2026-08-31T06:20:52Z [524ms] [Warning] [gpu.foundation.plugin] Skipping unsupported non-NVIDIA GPU: Intel(R) Graphics (RPL-S)

|---------------------------------------------------------------------------------------------|
| Driver Version: 570.172.08    | Graphics API: Vulkan
|=============================================================================================|
| GPU | Name                             | Active | LDA | GPU Memory | Vendor-ID | LUID       |
|     |                                  |        |     |            | Device-ID | UUID       |
|     |                                  |        |     |            | Bus-ID    |            |
|---------------------------------------------------------------------------------------------|
| 0   | NVIDIA GeForce RTX 4060 Laptop.. | Yes: 0 |     | 8188    MB | 10de      | 0          |
|     |                                  |        |     |            | 28e0      | 182d21ed.. |
|     |                                  |        |     |            | 1         |            |
|---------------------------------------------------------------------------------------------|
| 1   | Intel(R) Graphics (RPL-S)        |        |     | 23832   MB | 8086      | 0          |
|     |                                  |        |     |            | a78b      | 86808ba7.. |
|     |                                  |        |     |            | 0         |            |
|=============================================================================================|
| OS: 22.04.5 LTS (Jammy Jellyfish) ubuntu, Version: 22.04.5, Kernel: 6.1.0-1013-oem
| XServer Vendor: The X.Org Foundation, XServer Version: 12101004 (1.21.1.4)
| Processor: 13th Gen Intel(R) Core(TM) i7-13650HX
| Bare Metal Cores: 14 | Bare Metal Logical Cores: 28
| Available Cores:  20 
|---------------------------------------------------------------------------------------------|
| Total Memory (MB): 31776 | Free Memory: 26039
| Total Page/Swap (MB): 2047 | Free Page/Swap: 2046
|---------------------------------------------------------------------------------------------|
2026-08-31T06:20:53Z [749ms] [Warning] [gpu.foundation.plugin] CPU performance profile is set to powersave. This profile sets the CPU to the lowest frequency reducing performance.
[0.907s] [ext: omni.materialx.libs-1.0.7] startup
[0.912s] [ext: omni.kit.telemetry-0.5.2] startup
[0.928s] [ext: omni.usd.config-1.0.6] startup
2026-08-31T06:20:53Z [920ms] [Error] [carb] Failed to create change watch for `/home/j/env_isaaclab/lib/python3.11/site-packages/isaacsim/extscache/omni.kit.telemetry-0.5.2+69cbf6ad.lx64.r.cp311`: errno=28/No space left on device
2026-08-31T06:20:53Z [920ms] [Error] [carb] Failed to create change watch for `/home/j/env_isaaclab/lib/python3.11/site-packages/isaacsim/extscache/omni.kit.telemetry-0.5.2+69cbf6ad.lx64.r.cp311/config`: errno=28/No space left on device
2026-08-31T06:20:53Z [920ms] [Error] [carb] Failed to create change watch for `/home/j/env_isaaclab/lib/python3.11/site-packages/isaacsim/extscache/omni.kit.telemetry-0.5.2+69cbf6ad.lx64.r.cp311/omni`: errno=28/No space left on device
2026-08-31T06:20:53Z [920ms] [Error] [carb] Failed to create change watch for `/home/j/env_isaaclab/lib/python3.11/site-packages/isaacsim/extscache/omni.kit.telemetry-0.5.2+69cbf6ad.lx64.r.cp311/omni/kit`: errno=28/No space left on device
2026-08-31T06:20:53Z [920ms] [Error] [carb] Failed to create change watch for `/home/j/env_isaaclab/lib/python3.11/site-packages/isaacsim/extscache/omni.kit.telemetry-0.5.2+69cbf6ad.lx64.r.cp311/omni/kit/telemetry`: errno=28/No space left on device
2026-08-31T06:20:53Z [921ms] [Error] [carb] Failed to create change watch for `/home/j/env_isaaclab/lib/python3.11/site-packages/isaacsim/extscache/omni.kit.telemetry-0.5.2+69cbf6ad.lx64.r.cp311/omni/kit/telemetry/tests`: errno=28/No space left on device
2026-08-31T06:20:53Z [921ms] [Error] [carb] Failed to create change watch for `/home/j/env_isaaclab/lib/python3.11/site-packages/isaacsim/extscache/omni.kit.telemetry-0.5.2+69cbf6ad.lx64.r.cp311/omni/kit/telemetry/impl`: errno=28/No space left on device
[0.931s] [ext: omni.gpucompute.plugins-0.0.0] startup
2026-08-31T06:20:53Z [922ms] [Error] [carb] Failed to create change watch for `/home/j/env_isaaclab/lib/python3.11/site-packages/isaacsim/extscache/omni.usd.config-1.0.6+69cbf6ad`: errno=28/No space left on device
2026-08-31T06:20:53Z [922ms] [Error] [carb] Failed to create change watch for `/home/j/env_isaaclab/lib/python3.11/site-packages/isaacsim/extscache/omni.usd.config-1.0.6+69cbf6ad/config`: errno=28/No space left on device
2026-08-31T06:20:53Z [922ms] [Error] [carb] Failed to create change watch for `/home/j/env_isaaclab/lib/python3.11/site-packages/isaacsim/extscache/omni.usd.config-1.0.6+69cbf6ad/omni`: errno=28/No space left on device
2026-08-31T06:20:53Z [922ms] [Error] [carb] Failed to create change watch for `/home/j/env_isaaclab/lib/python3.11/site-packages/isaacsim/extscache/omni.usd.config-1.0.6+69cbf6ad/omni/usd_config`: errno=28/No space left on device
[0.931s] [ext: omni.usd.libs-1.0.1] startup
[0.996s] [ext: omni.kit.loop-isaac-1.3.7] startup
[0.996s] [ext: omni.kit.test-2.0.1] startup
2026-08-31T06:20:53Z [987ms] [Error] [carb] Failed to create change watch for `/home/j/env_isaaclab/lib/python3.11/site-packages/isaacsim/exts/omni.kit.loop-isaac`: errno=28/No space left on device
2026-08-31T06:20:53Z [988ms] [Error] [carb] Failed to create change watch for `/home/j/env_isaaclab/lib/python3.11/site-packages/isaacsim/exts/omni.kit.loop-isaac/config`: errno=28/No space left on device
2026-08-31T06:20:53Z [988ms] [Error] [carb] Failed to create change watch for `/home/j/env_isaaclab/lib/python3.11/site-packages/isaacsim/exts/omni.kit.loop-isaac/omni`: errno=28/No space left on device
2026-08-31T06:20:53Z [988ms] [Error] [carb] Failed to create change watch for `/home/j/env_isaaclab/lib/python3.11/site-packages/isaacsim/exts/omni.kit.loop-isaac/omni/kit`: errno=28/No space left on device
2026-08-31T06:20:53Z [988ms] [Error] [carb] Failed to create change watch for `/home/j/env_isaaclab/lib/python3.11/site-packages/isaacsim/exts/omni.kit.loop-isaac/omni/kit/loop`: errno=28/No space left on device
2026-08-31T06:20:53Z [988ms] [Error] [carb] Failed to create change watch for `/home/j/env_isaaclab/lib/python3.11/site-packages/isaacsim/exts/omni.kit.loop-isaac/omni/kit/loop/tests`: errno=28/No space left on device
[1.028s] [ext: omni.mdl-56.0.3] startup
[1.040s] [ext: omni.iray.libs-0.0.0] startup
2026-08-31T06:20:53Z [1,031ms] [Error] [carb] Failed to create change watch for `/home/j/env_isaaclab/lib/python3.11/site-packages/isaacsim/extscache/omni.mdl-56.0.3+69cbf6ad.lx64.r.cp311`: errno=28/No space left on device
2026-08-31T06:20:53Z [1,031ms] [Error] [carb] Failed to create change watch for `/home/j/env_isaaclab/lib/python3.11/site-packages/isaacsim/extscache/omni.mdl-56.0.3+69cbf6ad.lx64.r.cp311/config`: errno=28/No space left on device
2026-08-31T06:20:53Z [1,031ms] [Error] [carb] Failed to create change watch for `/home/j/env_isaaclab/lib/python3.11/site-packages/isaacsim/extscache/omni.mdl-56.0.3+69cbf6ad.lx64.r.cp311/omni`: errno=28/No space left on device
2026-08-31T06:20:53Z [1,032ms] [Error] [carb] Failed to create change watch for `/home/j/env_isaaclab/lib/python3.11/site-packages/isaacsim/extscache/omni.mdl-56.0.3+69cbf6ad.lx64.r.cp311/omni/mdl`: errno=28/No space left on device
2026-08-31T06:20:53Z [1,032ms] [Error] [carb] Failed to create change watch for `/home/j/env_isaaclab/lib/python3.11/site-packages/isaacsim/extscache/omni.mdl-56.0.3+69cbf6ad.lx64.r.cp311/omni/mdl/pymdlsdk`: errno=28/No space left on device
2026-08-31T06:20:53Z [1,032ms] [Error] [carb] Failed to create change watch for `/home/j/env_isaaclab/lib/python3.11/site-packages/isaacsim/extscache/omni.mdl-56.0.3+69cbf6ad.lx64.r.cp311/omni/mdl/pymdlsdk/tests`: errno=28/No space left on device
2026-08-31T06:20:53Z [1,032ms] [Error] [carb] Failed to create change watch for `/home/j/env_isaaclab/lib/python3.11/site-packages/isaacsim/extscache/omni.mdl-56.0.3+69cbf6ad.lx64.r.cp311/omni/mdl/pymdlsdk/tests/mdlsdk`: errno=28/No space left on device
2026-08-31T06:20:53Z [1,032ms] [Error] [carb] Failed to create change watch for `/home/j/env_isaaclab/lib/python3.11/site-packages/isaacsim/extscache/omni.mdl-56.0.3+69cbf6ad.lx64.r.cp311/omni/mdl/extensions`: errno=28/No space left on device
[1.044s] [ext: omni.mdl.neuraylib-0.2.12] startup
[1.045s] [ext: omni.kit.usd.mdl-1.1.5] startup
2026-08-31T06:20:53Z [1,036ms] [Error] [carb] Failed to create change watch for `/home/j/env_isaaclab/lib/python3.11/site-packages/isaacsim/extscache/omni.mdl.neuraylib-0.2.12+69cbf6ad.lx64.r.cp311`: errno=28/No space left on device
2026-08-31T06:20:53Z [1,036ms] [Error] [carb] Failed to create change watch for `/home/j/env_isaaclab/lib/python3.11/site-packages/isaacsim/extscache/omni.mdl.neuraylib-0.2.12+69cbf6ad.lx64.r.cp311/config`: errno=28/No space left on device
2026-08-31T06:20:53Z [1,037ms] [Error] [carb] Failed to create change watch for `/home/j/env_isaaclab/lib/python3.11/site-packages/isaacsim/extscache/omni.mdl.neuraylib-0.2.12+69cbf6ad.lx64.r.cp311/omni`: errno=28/No space left on device
2026-08-31T06:20:53Z [1,037ms] [Error] [carb] Failed to create change watch for `/home/j/env_isaaclab/lib/python3.11/site-packages/isaacsim/extscache/omni.mdl.neuraylib-0.2.12+69cbf6ad.lx64.r.cp311/omni/mdl`: errno=28/No space left on device
2026-08-31T06:20:53Z [1,037ms] [Error] [carb] Failed to create change watch for `/home/j/env_isaaclab/lib/python3.11/site-packages/isaacsim/extscache/omni.mdl.neuraylib-0.2.12+69cbf6ad.lx64.r.cp311/omni/mdl/neuraylib`: errno=28/No space left on device
2026-08-31T06:20:53Z [1,037ms] [Error] [carb] Failed to create change watch for `/home/j/env_isaaclab/lib/python3.11/site-packages/isaacsim/extscache/omni.mdl.neuraylib-0.2.12+69cbf6ad.lx64.r.cp311/omni/mdl/neuraylib/utils`: errno=28/No space left on device
2026-08-31T06:20:53Z [1,037ms] [Error] [carb] Failed to create change watch for `/home/j/env_isaaclab/lib/python3.11/site-packages/isaacsim/extscache/omni.mdl.neuraylib-0.2.12+69cbf6ad.lx64.r.cp311/omni/mdl/neuraylib/tests`: errno=28/No space left on device
2026-08-31T06:20:53Z [1,037ms] [Error] [carb] Failed to create change watch for `/home/j/env_isaaclab/lib/python3.11/site-packages/isaacsim/extscache/omni.mdl.neuraylib-0.2.12+69cbf6ad.lx64.r.cp311/omni/mdl/neuraylib/scripts`: errno=28/No space left on device
[1.111s] [ext: omni.kit.pipapi-0.0.0] startup
[1.112s] [ext: omni.appwindow-1.1.10] startup
[1.113s] [ext: omni.kit.renderer.core-1.1.0] startup
2026-08-31T06:20:53Z [1,105ms] [Error] [carb] Failed to create change watch for `/home/j/env_isaaclab/lib/python3.11/site-packages/isaacsim/extscache/omni.appwindow-1.1.10+69cbf6ad.lx64.r.cp311`: errno=28/No space left on device
2026-08-31T06:20:53Z [1,105ms] [Error] [carb] Failed to create change watch for `/home/j/env_isaaclab/lib/python3.11/site-packages/isaacsim/extscache/omni.appwindow-1.1.10+69cbf6ad.lx64.r.cp311/config`: errno=28/No space left on device
2026-08-31T06:20:53Z [1,105ms] [Error] [carb] Failed to create change watch for `/home/j/env_isaaclab/lib/python3.11/site-packages/isaacsim/extscache/omni.appwindow-1.1.10+69cbf6ad.lx64.r.cp311/omni`: errno=28/No space left on device
2026-08-31T06:20:53Z [1,105ms] [Error] [carb] Failed to create change watch for `/home/j/env_isaaclab/lib/python3.11/site-packages/isaacsim/extscache/omni.appwindow-1.1.10+69cbf6ad.lx64.r.cp311/omni/appwindow`: errno=28/No space left on device
2026-08-31T06:20:53Z [1,105ms] [Error] [carb] Failed to create change watch for `/home/j/env_isaaclab/lib/python3.11/site-packages/isaacsim/extscache/omni.appwindow-1.1.10+69cbf6ad.lx64.r.cp311/omni/appwindow/tests`: errno=28/No space left on device
[1.133s] [ext: omni.kit.renderer.capture-0.0.0] startup
2026-08-31T06:20:53Z [1,124ms] [Error] [carb] Failed to create change watch for `/home/j/env_isaaclab/lib/python3.11/site-packages/isaacsim/extscache/omni.kit.renderer.core-1.1.0+69cbf6ad.lx64.r.cp311`: errno=28/No space left on device
2026-08-31T06:20:53Z [1,124ms] [Error] [carb] Failed to create change watch for `/home/j/env_isaaclab/lib/python3.11/site-packages/isaacsim/extscache/omni.kit.renderer.core-1.1.0+69cbf6ad.lx64.r.cp311/config`: errno=28/No space left on device
2026-08-31T06:20:53Z [1,124ms] [Error] [carb] Failed to create change watch for `/home/j/env_isaaclab/lib/python3.11/site-packages/isaacsim/extscache/omni.kit.renderer.core-1.1.0+69cbf6ad.lx64.r.cp311/omni`: errno=28/No space left on device
2026-08-31T06:20:53Z [1,125ms] [Error] [carb] Failed to create change watch for `/home/j/env_isaaclab/lib/python3.11/site-packages/isaacsim/extscache/omni.kit.renderer.core-1.1.0+69cbf6ad.lx64.r.cp311/omni/kit`: errno=28/No space left on device
2026-08-31T06:20:53Z [1,125ms] [Error] [carb] Failed to create change watch for `/home/j/env_isaaclab/lib/python3.11/site-packages/isaacsim/extscache/omni.kit.renderer.core-1.1.0+69cbf6ad.lx64.r.cp311/omni/kit/renderer_test`: errno=28/No space left on device
2026-08-31T06:20:53Z [1,125ms] [Error] [carb] Failed to create change watch for `/home/j/env_isaaclab/lib/python3.11/site-packages/isaacsim/extscache/omni.kit.renderer.core-1.1.0+69cbf6ad.lx64.r.cp311/omni/kit/renderer`: errno=28/No space left on device
2026-08-31T06:20:53Z [1,125ms] [Error] [carb] Failed to create change watch for `/home/j/env_isaaclab/lib/python3.11/site-packages/isaacsim/extscache/omni.kit.renderer.core-1.1.0+69cbf6ad.lx64.r.cp311/omni/kit/renderer/bind`: errno=28/No space left on device
2026-08-31T06:20:53Z [1,125ms] [Error] [carb] Failed to create change watch for `/home/j/env_isaaclab/lib/python3.11/site-packages/isaacsim/extscache/omni.kit.renderer.core-1.1.0+69cbf6ad.lx64.r.cp311/omni/kit/renderer/bind/tests`: errno=28/No space left on device
[1.135s] [ext: omni.kit.renderer.imgui-2.0.5] startup
2026-08-31T06:20:53Z [1,126ms] [Error] [carb] Failed to create change watch for `/home/j/env_isaaclab/lib/python3.11/site-packages/isaacsim/extscache/omni.kit.renderer.capture-0.0.0+69cbf6ad.lx64.r.cp311`: errno=28/No space left on device
2026-08-31T06:20:53Z [1,126ms] [Error] [carb] Failed to create change watch for `/home/j/env_isaaclab/lib/python3.11/site-packages/isaacsim/extscache/omni.kit.renderer.capture-0.0.0+69cbf6ad.lx64.r.cp311/config`: errno=28/No space left on device
2026-08-31T06:20:53Z [1,126ms] [Error] [carb] Failed to create change watch for `/home/j/env_isaaclab/lib/python3.11/site-packages/isaacsim/extscache/omni.kit.renderer.capture-0.0.0+69cbf6ad.lx64.r.cp311/omni`: errno=28/No space left on device
2026-08-31T06:20:53Z [1,126ms] [Error] [carb] Failed to create change watch for `/home/j/env_isaaclab/lib/python3.11/site-packages/isaacsim/extscache/omni.kit.renderer.capture-0.0.0+69cbf6ad.lx64.r.cp311/omni/kit`: errno=28/No space left on device
2026-08-31T06:20:53Z [1,126ms] [Error] [carb] Failed to create change watch for `/home/j/env_isaaclab/lib/python3.11/site-packages/isaacsim/extscache/omni.kit.renderer.capture-0.0.0+69cbf6ad.lx64.r.cp311/omni/kit/renderer`: errno=28/No space left on device
2026-08-31T06:20:53Z [1,126ms] [Error] [carb] Failed to create change watch for `/home/j/env_isaaclab/lib/python3.11/site-packages/isaacsim/extscache/omni.kit.renderer.capture-0.0.0+69cbf6ad.lx64.r.cp311/omni/kit/renderer/capture`: errno=28/No space left on device
2026-08-31T06:20:53Z [1,126ms] [Error] [carb] Failed to create change watch for `/home/j/env_isaaclab/lib/python3.11/site-packages/isaacsim/extscache/omni.kit.renderer.capture-0.0.0+69cbf6ad.lx64.r.cp311/omni/kit/renderer/capture/tests`: errno=28/No space left on device
2026-08-31T06:20:53Z [1,126ms] [Error] [carb] Failed to create change watch for `/home/j/env_isaaclab/lib/python3.11/site-packages/isaacsim/extscache/omni.kit.renderer.capture-0.0.0+69cbf6ad.lx64.r.cp311/omni/kit/renderer/capture/scripts`: errno=28/No space left on device
2026-08-31T06:20:53Z [1,126ms] [Error] [carb] Failed to create change watch for `/home/j/env_isaaclab/lib/python3.11/site-packages/isaacsim/extscache/omni.kit.renderer.capture-0.0.0+69cbf6ad.lx64.r.cp311/omni/kit/renderer_capture_test`: errno=28/No space left on device
2026-08-31T06:20:53Z [1,126ms] [Error] [carb] Failed to create change watch for `/home/j/env_isaaclab/lib/python3.11/site-packages/isaacsim/extscache/omni.kit.renderer.capture-0.0.0+69cbf6ad.lx64.r.cp311/omni/kit/renderer_capture`: errno=28/No space left on device
2026-08-31T06:20:53Z [1,126ms] [Error] [carb] Failed to create change watch for `/home/j/env_isaaclab/lib/python3.11/site-packages/isaacsim/extscache/omni.kit.renderer.capture-0.0.0+69cbf6ad.lx64.r.cp311/omni/renderer_capture`: errno=28/No space left on device
[1.182s] [ext: omni.ui-2.27.1] startup
2026-08-31T06:20:53Z [1,173ms] [Error] [carb] Failed to create change watch for `/home/j/env_isaaclab/lib/python3.11/site-packages/isaacsim/extscache/omni.kit.renderer.imgui-2.0.5+69cbf6ad.lx64.r.cp311`: errno=28/No space left on device
2026-08-31T06:20:53Z [1,173ms] [Error] [carb] Failed to create change watch for `/home/j/env_isaaclab/lib/python3.11/site-packages/isaacsim/extscache/omni.kit.renderer.imgui-2.0.5+69cbf6ad.lx64.r.cp311/config`: errno=28/No space left on device
2026-08-31T06:20:53Z [1,173ms] [Error] [carb] Failed to create change watch for `/home/j/env_isaaclab/lib/python3.11/site-packages/isaacsim/extscache/omni.kit.renderer.imgui-2.0.5+69cbf6ad.lx64.r.cp311/omni`: errno=28/No space left on device
2026-08-31T06:20:53Z [1,173ms] [Error] [carb] Failed to create change watch for `/home/j/env_isaaclab/lib/python3.11/site-packages/isaacsim/extscache/omni.kit.renderer.imgui-2.0.5+69cbf6ad.lx64.r.cp311/omni/kit`: errno=28/No space left on device
2026-08-31T06:20:53Z [1,173ms] [Error] [carb] Failed to create change watch for `/home/j/env_isaaclab/lib/python3.11/site-packages/isaacsim/extscache/omni.kit.renderer.imgui-2.0.5+69cbf6ad.lx64.r.cp311/omni/kit/ui_windowmanager`: errno=28/No space left on device
2026-08-31T06:20:53Z [1,173ms] [Error] [carb] Failed to create change watch for `/home/j/env_isaaclab/lib/python3.11/site-packages/isaacsim/extscache/omni.kit.renderer.imgui-2.0.5+69cbf6ad.lx64.r.cp311/omni/kit/ui`: errno=28/No space left on device
2026-08-31T06:20:53Z [1,174ms] [Error] [carb] Failed to create change watch for `/home/j/env_isaaclab/lib/python3.11/site-packages/isaacsim/extscache/omni.kit.renderer.imgui-2.0.5+69cbf6ad.lx64.r.cp311/omni/kit/imgui_renderer_test`: errno=28/No space left on device
2026-08-31T06:20:53Z [1,174ms] [Error] [carb] Failed to create change watch for `/home/j/env_isaaclab/lib/python3.11/site-packages/isaacsim/extscache/omni.kit.renderer.imgui-2.0.5+69cbf6ad.lx64.r.cp311/omni/kit/extensionwindow`: errno=28/No space left on device
2026-08-31T06:20:53Z [1,174ms] [Error] [carb] Failed to create change watch for `/home/j/env_isaaclab/lib/python3.11/site-packages/isaacsim/extscache/omni.kit.renderer.imgui-2.0.5+69cbf6ad.lx64.r.cp311/omni/kit/imgui_renderer`: errno=28/No space left on device
2026-08-31T06:20:53Z [1,174ms] [Error] [carb] Failed to create change watch for `/home/j/env_isaaclab/lib/python3.11/site-packages/isaacsim/extscache/omni.kit.renderer.imgui-2.0.5+69cbf6ad.lx64.r.cp311/omni/kit/imgui_renderer/tests`: errno=28/No space left on device
[1.189s] [ext: omni.kit.mainwindow-1.0.3] startup
[1.189s] [ext: carb.audio-0.1.0] startup
2026-08-31T06:20:53Z [1,180ms] [Error] [carb] Failed to create change watch for `/home/j/env_isaaclab/lib/python3.11/site-packages/isaacsim/extscache/omni.kit.mainwindow-1.0.3+69cbf6ad`: errno=28/No space left on device
2026-08-31T06:20:53Z [1,181ms] [Error] [carb] Failed to create change watch for `/home/j/env_isaaclab/lib/python3.11/site-packages/isaacsim/extscache/omni.kit.mainwindow-1.0.3+69cbf6ad/config`: errno=28/No space left on device
2026-08-31T06:20:53Z [1,181ms] [Error] [carb] Failed to create change watch for `/home/j/env_isaaclab/lib/python3.11/site-packages/isaacsim/extscache/omni.kit.mainwindow-1.0.3+69cbf6ad/omni`: errno=28/No space left on device
2026-08-31T06:20:53Z [1,181ms] [Error] [carb] Failed to create change watch for `/home/j/env_isaaclab/lib/python3.11/site-packages/isaacsim/extscache/omni.kit.mainwindow-1.0.3+69cbf6ad/omni/kit`: errno=28/No space left on device
2026-08-31T06:20:53Z [1,181ms] [Error] [carb] Failed to create change watch for `/home/j/env_isaaclab/lib/python3.11/site-packages/isaacsim/extscache/omni.kit.mainwindow-1.0.3+69cbf6ad/omni/kit/mainwindow`: errno=28/No space left on device
2026-08-31T06:20:53Z [1,181ms] [Error] [carb] Failed to create change watch for `/home/j/env_isaaclab/lib/python3.11/site-packages/isaacsim/extscache/omni.kit.mainwindow-1.0.3+69cbf6ad/omni/kit/mainwindow/tests`: errno=28/No space left on device
2026-08-31T06:20:53Z [1,181ms] [Error] [carb] Failed to create change watch for `/home/j/env_isaaclab/lib/python3.11/site-packages/isaacsim/extscache/omni.kit.mainwindow-1.0.3+69cbf6ad/omni/kit/mainwindow/scripts`: errno=28/No space left on device
[1.191s] [ext: omni.uiaudio-1.0.0] startup
2026-08-31T06:20:53Z [1,183ms] [Error] [carb] Failed to create change watch for `/home/j/env_isaaclab/lib/python3.11/site-packages/isaacsim/extscache/carb.audio-0.1.0+69cbf6ad.lx64.r.cp311`: errno=28/No space left on device
2026-08-31T06:20:53Z [1,183ms] [Error] [carb] Failed to create change watch for `/home/j/env_isaaclab/lib/python3.11/site-packages/isaacsim/extscache/carb.audio-0.1.0+69cbf6ad.lx64.r.cp311/config`: errno=28/No space left on device
[1.192s] [ext: omni.kit.uiapp-0.0.0] startup
[1.192s] [ext: omni.usd.schema.metrics.assembler-107.3.1] startup
2026-08-31T06:20:53Z [1,183ms] [Error] [carb] Failed to create change watch for `/home/j/env_isaaclab/lib/python3.11/site-packages/isaacsim/extscache/omni.uiaudio-1.0.0+69cbf6ad.lx64.r.cp311`: errno=28/No space left on device
2026-08-31T06:20:53Z [1,183ms] [Error] [carb] Failed to create change watch for `/home/j/env_isaaclab/lib/python3.11/site-packages/isaacsim/extscache/omni.uiaudio-1.0.0+69cbf6ad.lx64.r.cp311/config`: errno=28/No space left on device
2026-08-31T06:20:53Z [1,183ms] [Error] [carb] Failed to create change watch for `/home/j/env_isaaclab/lib/python3.11/site-packages/isaacsim/extscache/omni.uiaudio-1.0.0+69cbf6ad.lx64.r.cp311/omni`: errno=28/No space left on device
2026-08-31T06:20:53Z [1,183ms] [Error] [carb] Failed to create change watch for `/home/j/env_isaaclab/lib/python3.11/site-packages/isaacsim/extscache/omni.uiaudio-1.0.0+69cbf6ad.lx64.r.cp311/omni/kit`: errno=28/No space left on device
2026-08-31T06:20:53Z [1,183ms] [Error] [carb] Failed to create change watch for `/home/j/env_isaaclab/lib/python3.11/site-packages/isaacsim/extscache/omni.uiaudio-1.0.0+69cbf6ad.lx64.r.cp311/omni/kit/uiaudio`: errno=28/No space left on device
2026-08-31T06:20:53Z [1,183ms] [Error] [carb] Failed to create change watch for `/home/j/env_isaaclab/lib/python3.11/site-packages/isaacsim/extscache/omni.uiaudio-1.0.0+69cbf6ad.lx64.r.cp311/omni/kit/uiaudio/tests`: errno=28/No space left on device
[1.194s] [ext: omni.usd.schema.physx-107.3.26] startup
[1.216s] [ext: omni.usd.schema.geospatial-0.0.0] startup
[1.218s] [ext: omni.usd.schema.audio-0.0.0] startup
[1.220s] [ext: omni.usd.schema.anim-0.0.0] startup
[1.233s] [ext: omni.usd.schema.flow-107.1.1] startup
[1.233s] [ext: omni.usd_resolver-1.0.0] startup
[1.236s] [ext: omni.usd.core-1.5.3] startup
[1.238s] [ext: omni.usd.schema.omni_sensors-0.0.0] startup
[1.253s] [ext: omni.usd.schema.semantics-0.0.0] startup
[1.255s] [ext: omni.usd.schema.omniscripting-1.0.0] startup
[1.258s] [ext: omni.usd.schema.omni_lens_distortion-0.0.0] startup
[1.258s] [ext: omni.usd.schema.omnigraph-1.0.0] startup
[1.262s] [ext: omni.kit.window.popup_dialog-2.0.24] startup
[1.264s] [ext: omni.graph.exec-0.9.6] startup
2026-08-31T06:20:53Z [1,255ms] [Error] [carb] Failed to create change watch for `/home/j/env_isaaclab/lib/python3.11/site-packages/isaacsim/extscache/omni.kit.window.popup_dialog-2.0.24+69cbf6ad`: errno=28/No space left on device
2026-08-31T06:20:53Z [1,255ms] [Error] [carb] Failed to create change watch for `/home/j/env_isaaclab/lib/python3.11/site-packages/isaacsim/extscache/omni.kit.window.popup_dialog-2.0.24+69cbf6ad/config`: errno=28/No space left on device
2026-08-31T06:20:53Z [1,255ms] [Error] [carb] Failed to create change watch for `/home/j/env_isaaclab/lib/python3.11/site-packages/isaacsim/extscache/omni.kit.window.popup_dialog-2.0.24+69cbf6ad/omni`: errno=28/No space left on device
[1.264s] [ext: omni.kit.widget.nucleus_connector-2.0.1] startup
2026-08-31T06:20:53Z [1,255ms] [Error] [carb] Failed to create change watch for `/home/j/env_isaaclab/lib/python3.11/site-packages/isaacsim/extscache/omni.kit.window.popup_dialog-2.0.24+69cbf6ad/omni/kit`: errno=28/No space left on device
2026-08-31T06:20:53Z [1,256ms] [Error] [carb] Failed to create change watch for `/home/j/env_isaaclab/lib/python3.11/site-packages/isaacsim/extscache/omni.kit.window.popup_dialog-2.0.24+69cbf6ad/omni/kit/window`: errno=28/No space left on device
2026-08-31T06:20:53Z [1,256ms] [Error] [carb] Failed to create change watch for `/home/j/env_isaaclab/lib/python3.11/site-packages/isaacsim/extscache/omni.kit.window.popup_dialog-2.0.24+69cbf6ad/omni/kit/window/popup_dialog`: errno=28/No space left on device
2026-08-31T06:20:53Z [1,256ms] [Error] [carb] Failed to create change watch for `/home/j/env_isaaclab/lib/python3.11/site-packages/isaacsim/extscache/omni.kit.window.popup_dialog-2.0.24+69cbf6ad/omni/kit/window/popup_dialog/tests`: errno=28/No space left on device
[1.267s] [ext: omni.kit.usd_undo-0.1.8] startup
2026-08-31T06:20:53Z [1,258ms] [Error] [carb] Failed to create change watch for `/home/j/env_isaaclab/lib/python3.11/site-packages/isaacsim/extscache/omni.kit.widget.nucleus_connector-2.0.1+69cbf6ad`: errno=28/No space left on device
2026-08-31T06:20:53Z [1,258ms] [Error] [carb] Failed to create change watch for `/home/j/env_isaaclab/lib/python3.11/site-packages/isaacsim/extscache/omni.kit.widget.nucleus_connector-2.0.1+69cbf6ad/config`: errno=28/No space left on device
2026-08-31T06:20:53Z [1,258ms] [Error] [carb] Failed to create change watch for `/home/j/env_isaaclab/lib/python3.11/site-packages/isaacsim/extscache/omni.kit.widget.nucleus_connector-2.0.1+69cbf6ad/omni`: errno=28/No space left on device
2026-08-31T06:20:53Z [1,258ms] [Error] [carb] Failed to create change watch for `/home/j/env_isaaclab/lib/python3.11/site-packages/isaacsim/extscache/omni.kit.widget.nucleus_connector-2.0.1+69cbf6ad/omni/kit`: errno=28/No space left on device
2026-08-31T06:20:53Z [1,258ms] [Error] [carb] Failed to create change watch for `/home/j/env_isaaclab/lib/python3.11/site-packages/isaacsim/extscache/omni.kit.widget.nucleus_connector-2.0.1+69cbf6ad/omni/kit/widget`: errno=28/No space left on device
2026-08-31T06:20:53Z [1,259ms] [Error] [carb] Failed to create change watch for `/home/j/env_isaaclab/lib/python3.11/site-packages/isaacsim/extscache/omni.kit.widget.nucleus_connector-2.0.1+69cbf6ad/omni/kit/widget/nucleus_connector`: errno=28/No space left on device
2026-08-31T06:20:53Z [1,259ms] [Error] [carb] Failed to create change watch for `/home/j/env_isaaclab/lib/python3.11/site-packages/isaacsim/extscache/omni.kit.widget.nucleus_connector-2.0.1+69cbf6ad/omni/kit/widget/nucleus_connector/tests`: errno=28/No space left on device
[1.268s] [ext: omni.kit.exec.core-0.13.4] startup
2026-08-31T06:20:53Z [1,259ms] [Error] [carb] Failed to create change watch for `/home/j/env_isaaclab/lib/python3.11/site-packages/isaacsim/extscache/omni.kit.usd_undo-0.1.8+69cbf6ad`: errno=28/No space left on device
2026-08-31T06:20:53Z [1,259ms] [Error] [carb] Failed to create change watch for `/home/j/env_isaaclab/lib/python3.11/site-packages/isaacsim/extscache/omni.kit.usd_undo-0.1.8+69cbf6ad/config`: errno=28/No space left on device
2026-08-31T06:20:53Z [1,259ms] [Error] [carb] Failed to create change watch for `/home/j/env_isaaclab/lib/python3.11/site-packages/isaacsim/extscache/omni.kit.usd_undo-0.1.8+69cbf6ad/omni`: errno=28/No space left on device
2026-08-31T06:20:53Z [1,259ms] [Error] [carb] Failed to create change watch for `/home/j/env_isaaclab/lib/python3.11/site-packages/isaacsim/extscache/omni.kit.usd_undo-0.1.8+69cbf6ad/omni/kit`: errno=28/No space left on device
2026-08-31T06:20:53Z [1,259ms] [Error] [carb] Failed to create change watch for `/home/j/env_isaaclab/lib/python3.11/site-packages/isaacsim/extscache/omni.kit.usd_undo-0.1.8+69cbf6ad/omni/kit/usd_undo`: errno=28/No space left on device
2026-08-31T06:20:53Z [1,259ms] [Error] [carb] Failed to create change watch for `/home/j/env_isaaclab/lib/python3.11/site-packages/isaacsim/extscache/omni.kit.usd_undo-0.1.8+69cbf6ad/omni/kit/usd_undo/tests`: errno=28/No space left on device
[1.269s] [ext: omni.kit.actions.core-1.0.0] startup
[1.270s] [ext: omni.resourcemonitor-107.0.1] startup
2026-08-31T06:20:53Z [1,261ms] [Error] [carb] Failed to create change watch for `/home/j/env_isaaclab/lib/python3.11/site-packages/isaacsim/extscache/omni.kit.actions.core-1.0.0+69cbf6ad.lx64.r.cp311`: errno=28/No space left on device
2026-08-31T06:20:53Z [1,261ms] [Error] [carb] Failed to create change watch for `/home/j/env_isaaclab/lib/python3.11/site-packages/isaacsim/extscache/omni.kit.actions.core-1.0.0+69cbf6ad.lx64.r.cp311/config`: errno=28/No space left on device
2026-08-31T06:20:53Z [1,262ms] [Error] [carb] Failed to create change watch for `/home/j/env_isaaclab/lib/python3.11/site-packages/isaacsim/extscache/omni.kit.actions.core-1.0.0+69cbf6ad.lx64.r.cp311/omni`: errno=28/No space left on device
2026-08-31T06:20:53Z [1,262ms] [Error] [carb] Failed to create change watch for `/home/j/env_isaaclab/lib/python3.11/site-packages/isaacsim/extscache/omni.kit.actions.core-1.0.0+69cbf6ad.lx64.r.cp311/omni/kit`: errno=28/No space left on device
2026-08-31T06:20:53Z [1,262ms] [Error] [carb] Failed to create change watch for `/home/j/env_isaaclab/lib/python3.11/site-packages/isaacsim/extscache/omni.kit.actions.core-1.0.0+69cbf6ad.lx64.r.cp311/omni/kit/actions`: errno=28/No space left on device
2026-08-31T06:20:53Z [1,262ms] [Error] [carb] Failed to create change watch for `/home/j/env_isaaclab/lib/python3.11/site-packages/isaacsim/extscache/omni.kit.actions.core-1.0.0+69cbf6ad.lx64.r.cp311/omni/kit/actions/core`: errno=28/No space left on device
2026-08-31T06:20:53Z [1,262ms] [Error] [carb] Failed to create change watch for `/home/j/env_isaaclab/lib/python3.11/site-packages/isaacsim/extscache/omni.kit.actions.core-1.0.0+69cbf6ad.lx64.r.cp311/omni/kit/actions/core/tests`: errno=28/No space left on device
[1.271s] [ext: omni.activity.core-1.0.3] startup
2026-08-31T06:20:53Z [1,262ms] [Error] [carb] Failed to create change watch for `/home/j/env_isaaclab/lib/python3.11/site-packages/isaacsim/extscache/omni.resourcemonitor-107.0.1+69cbf6ad.lx64.r.cp311`: errno=28/No space left on device
2026-08-31T06:20:53Z [1,263ms] [Error] [carb] Failed to create change watch for `/home/j/env_isaaclab/lib/python3.11/site-packages/isaacsim/extscache/omni.resourcemonitor-107.0.1+69cbf6ad.lx64.r.cp311/config`: errno=28/No space left on device
2026-08-31T06:20:53Z [1,263ms] [Error] [carb] Failed to create change watch for `/home/j/env_isaaclab/lib/python3.11/site-packages/isaacsim/extscache/omni.resourcemonitor-107.0.1+69cbf6ad.lx64.r.cp311/omni`: errno=28/No space left on device
2026-08-31T06:20:53Z [1,263ms] [Error] [carb] Failed to create change watch for `/home/j/env_isaaclab/lib/python3.11/site-packages/isaacsim/extscache/omni.resourcemonitor-107.0.1+69cbf6ad.lx64.r.cp311/omni/resourcemonitor`: errno=28/No space left on device
2026-08-31T06:20:53Z [1,263ms] [Error] [carb] Failed to create change watch for `/home/j/env_isaaclab/lib/python3.11/site-packages/isaacsim/extscache/omni.resourcemonitor-107.0.1+69cbf6ad.lx64.r.cp311/omni/resourcemonitor/tests`: errno=28/No space left on device
2026-08-31T06:20:53Z [1,263ms] [Error] [carb] Failed to create change watch for `/home/j/env_isaaclab/lib/python3.11/site-packages/isaacsim/extscache/omni.resourcemonitor-107.0.1+69cbf6ad.lx64.r.cp311/omni/resourcemonitor/scripts`: errno=28/No space left on device
[1.272s] [ext: omni.timeline-1.0.14] startup
2026-08-31T06:20:53Z [1,263ms] [Error] [carb] Failed to create change watch for `/home/j/env_isaaclab/lib/python3.11/site-packages/isaacsim/extscache/omni.activity.core-1.0.3+69cbf6ad.lx64.r.cp311`: errno=28/No space left on device
2026-08-31T06:20:53Z [1,263ms] [Error] [carb] Failed to create change watch for `/home/j/env_isaaclab/lib/python3.11/site-packages/isaacsim/extscache/omni.activity.core-1.0.3+69cbf6ad.lx64.r.cp311/config`: errno=28/No space left on device
2026-08-31T06:20:53Z [1,263ms] [Error] [carb] Failed to create change watch for `/home/j/env_isaaclab/lib/python3.11/site-packages/isaacsim/extscache/omni.activity.core-1.0.3+69cbf6ad.lx64.r.cp311/omni`: errno=28/No space left on device
2026-08-31T06:20:53Z [1,263ms] [Error] [carb] Failed to create change watch for `/home/j/env_isaaclab/lib/python3.11/site-packages/isaacsim/extscache/omni.activity.core-1.0.3+69cbf6ad.lx64.r.cp311/omni/activity`: errno=28/No space left on device
2026-08-31T06:20:53Z [1,263ms] [Error] [carb] Failed to create change watch for `/home/j/env_isaaclab/lib/python3.11/site-packages/isaacsim/extscache/omni.activity.core-1.0.3+69cbf6ad.lx64.r.cp311/omni/activity/core`: errno=28/No space left on device
2026-08-31T06:20:53Z [1,263ms] [Error] [carb] Failed to create change watch for `/home/j/env_isaaclab/lib/python3.11/site-packages/isaacsim/extscache/omni.activity.core-1.0.3+69cbf6ad.lx64.r.cp311/omni/activity/core/tests`: errno=28/No space left on device
[1.273s] [ext: omni.kit.commands-1.4.10] startup
2026-08-31T06:20:53Z [1,264ms] [Error] [carb] Failed to create change watch for `/home/j/env_isaaclab/lib/python3.11/site-packages/isaacsim/extscache/omni.timeline-1.0.14+69cbf6ad.lx64.r.cp311`: errno=28/No space left on device
2026-08-31T06:20:53Z [1,264ms] [Error] [carb] Failed to create change watch for `/home/j/env_isaaclab/lib/python3.11/site-packages/isaacsim/extscache/omni.timeline-1.0.14+69cbf6ad.lx64.r.cp311/config`: errno=28/No space left on device
2026-08-31T06:20:53Z [1,265ms] [Error] [carb] Failed to create change watch for `/home/j/env_isaaclab/lib/python3.11/site-packages/isaacsim/extscache/omni.timeline-1.0.14+69cbf6ad.lx64.r.cp311/omni`: errno=28/No space left on device
2026-08-31T06:20:53Z [1,265ms] [Error] [carb] Failed to create change watch for `/home/j/env_isaaclab/lib/python3.11/site-packages/isaacsim/extscache/omni.timeline-1.0.14+69cbf6ad.lx64.r.cp311/omni/timeline`: errno=28/No space left on device
2026-08-31T06:20:53Z [1,265ms] [Error] [carb] Failed to create change watch for `/home/j/env_isaaclab/lib/python3.11/site-packages/isaacsim/extscache/omni.timeline-1.0.14+69cbf6ad.lx64.r.cp311/omni/timeline/tests`: errno=28/No space left on device
[1.275s] [ext: usdrt.scenegraph-7.6.1] startup
2026-08-31T06:20:53Z [1,267ms] [Error] [carb] Failed to create change watch for `/home/j/env_isaaclab/lib/python3.11/site-packages/isaacsim/extscache/omni.kit.commands-1.4.10+69cbf6ad.lx64.r.cp311`: errno=28/No space left on device
2026-08-31T06:20:53Z [1,267ms] [Error] [carb] Failed to create change watch for `/home/j/env_isaaclab/lib/python3.11/site-packages/isaacsim/extscache/omni.kit.commands-1.4.10+69cbf6ad.lx64.r.cp311/config`: errno=28/No space left on device
2026-08-31T06:20:53Z [1,267ms] [Error] [carb] Failed to create change watch for `/home/j/env_isaaclab/lib/python3.11/site-packages/isaacsim/extscache/omni.kit.commands-1.4.10+69cbf6ad.lx64.r.cp311/omni`: errno=28/No space left on device
2026-08-31T06:20:53Z [1,267ms] [Error] [carb] Failed to create change watch for `/home/j/env_isaaclab/lib/python3.11/site-packages/isaacsim/extscache/omni.kit.commands-1.4.10+69cbf6ad.lx64.r.cp311/omni/kit`: errno=28/No space left on device
2026-08-31T06:20:53Z [1,267ms] [Error] [carb] Failed to create change watch for `/home/j/env_isaaclab/lib/python3.11/site-packages/isaacsim/extscache/omni.kit.commands-1.4.10+69cbf6ad.lx64.r.cp311/omni/kit/commands`: errno=28/No space left on device
2026-08-31T06:20:53Z [1,267ms] [Error] [carb] Failed to create change watch for `/home/j/env_isaaclab/lib/python3.11/site-packages/isaacsim/extscache/omni.kit.commands-1.4.10+69cbf6ad.lx64.r.cp311/omni/kit/commands/tests`: errno=28/No space left on device
2026-08-31T06:20:53Z [1,267ms] [Error] [carb] Failed to create change watch for `/home/j/env_isaaclab/lib/python3.11/site-packages/isaacsim/extscache/omni.kit.commands-1.4.10+69cbf6ad.lx64.r.cp311/omni/kit/commands/builtin`: errno=28/No space left on device
2026-08-31T06:20:53Z [1,267ms] [Error] [carb] Failed to create change watch for `/home/j/env_isaaclab/lib/python3.11/site-packages/isaacsim/extscache/omni.kit.commands-1.4.10+69cbf6ad.lx64.r.cp311/omni/kit/undo`: errno=28/No space left on device
[1.300s] [ext: omni.kit.audiodeviceenum-1.0.2] startup
[1.301s] [ext: omni.hydra.usdrt_delegate-7.5.1] startup
2026-08-31T06:20:53Z [1,292ms] [Error] [carb] Failed to create change watch for `/home/j/env_isaaclab/lib/python3.11/site-packages/isaacsim/extscache/omni.kit.audiodeviceenum-1.0.2+69cbf6ad.lx64.r.cp311`: errno=28/No space left on device
2026-08-31T06:20:53Z [1,292ms] [Error] [carb] Failed to create change watch for `/home/j/env_isaaclab/lib/python3.11/site-packages/isaacsim/extscache/omni.kit.audiodeviceenum-1.0.2+69cbf6ad.lx64.r.cp311/config`: errno=28/No space left on device
2026-08-31T06:20:53Z [1,292ms] [Error] [carb] Failed to create change watch for `/home/j/env_isaaclab/lib/python3.11/site-packages/isaacsim/extscache/omni.kit.audiodeviceenum-1.0.2+69cbf6ad.lx64.r.cp311/omni`: errno=28/No space left on device
2026-08-31T06:20:53Z [1,293ms] [Error] [carb] Failed to create change watch for `/home/j/env_isaaclab/lib/python3.11/site-packages/isaacsim/extscache/omni.kit.audiodeviceenum-1.0.2+69cbf6ad.lx64.r.cp311/omni/kit`: errno=28/No space left on device
2026-08-31T06:20:53Z [1,293ms] [Error] [carb] Failed to create change watch for `/home/j/env_isaaclab/lib/python3.11/site-packages/isaacsim/extscache/omni.kit.audiodeviceenum-1.0.2+69cbf6ad.lx64.r.cp311/omni/kit/audiodeviceenum`: errno=28/No space left on device
2026-08-31T06:20:53Z [1,293ms] [Error] [carb] Failed to create change watch for `/home/j/env_isaaclab/lib/python3.11/site-packages/isaacsim/extscache/omni.kit.audiodeviceenum-1.0.2+69cbf6ad.lx64.r.cp311/omni/kit/audiodeviceenum/tests`: errno=28/No space left on device
[1.306s] [ext: omni.hydra.scene_delegate-0.3.4] startup
2026-08-31T06:20:53Z [1,297ms] [Error] [carb] Failed to create change watch for `/home/j/env_isaaclab/lib/python3.11/site-packages/isaacsim/extscache/omni.hydra.usdrt_delegate-7.5.1+69cbf6ad.lx64.r.cp311`: errno=28/No space left on device
2026-08-31T06:20:53Z [1,297ms] [Error] [carb] Failed to create change watch for `/home/j/env_isaaclab/lib/python3.11/site-packages/isaacsim/extscache/omni.hydra.usdrt_delegate-7.5.1+69cbf6ad.lx64.r.cp311/usdrt`: errno=28/No space left on device
2026-08-31T06:20:53Z [1,297ms] [Error] [carb] Failed to create change watch for `/home/j/env_isaaclab/lib/python3.11/site-packages/isaacsim/extscache/omni.hydra.usdrt_delegate-7.5.1+69cbf6ad.lx64.r.cp311/usdrt/hierarchy`: errno=28/No space left on device
2026-08-31T06:20:53Z [1,297ms] [Error] [carb] Failed to create change watch for `/home/j/env_isaaclab/lib/python3.11/site-packages/isaacsim/extscache/omni.hydra.usdrt_delegate-7.5.1+69cbf6ad.lx64.r.cp311/usdrt/population`: errno=28/No space left on device
2026-08-31T06:20:53Z [1,297ms] [Error] [carb] Failed to create change watch for `/home/j/env_isaaclab/lib/python3.11/site-packages/isaacsim/extscache/omni.hydra.usdrt_delegate-7.5.1+69cbf6ad.lx64.r.cp311/config`: errno=28/No space left on device
[1.309s] [ext: omni.usd-1.13.10] startup
[1.326s] [ext: omni.inspect-1.0.2] startup
[1.327s] [ext: omni.kit.notification_manager-1.0.10] startup
2026-08-31T06:20:53Z [1,318ms] [Error] [carb] Failed to create change watch for `/home/j/env_isaaclab/lib/python3.11/site-packages/isaacsim/extscache/omni.inspect-1.0.2+69cbf6ad.lx64.r.cp311`: errno=28/No space left on device
2026-08-31T06:20:53Z [1,318ms] [Error] [carb] Failed to create change watch for `/home/j/env_isaaclab/lib/python3.11/site-packages/isaacsim/extscache/omni.inspect-1.0.2+69cbf6ad.lx64.r.cp311/config`: errno=28/No space left on device
2026-08-31T06:20:53Z [1,318ms] [Error] [carb] Failed to create change watch for `/home/j/env_isaaclab/lib/python3.11/site-packages/isaacsim/extscache/omni.inspect-1.0.2+69cbf6ad.lx64.r.cp311/omni`: errno=28/No space left on device
2026-08-31T06:20:53Z [1,318ms] [Error] [carb] Failed to create change watch for `/home/j/env_isaaclab/lib/python3.11/site-packages/isaacsim/extscache/omni.inspect-1.0.2+69cbf6ad.lx64.r.cp311/omni/inspect`: errno=28/No space left on device
2026-08-31T06:20:53Z [1,319ms] [Error] [carb] Failed to create change watch for `/home/j/env_isaaclab/lib/python3.11/site-packages/isaacsim/extscache/omni.inspect-1.0.2+69cbf6ad.lx64.r.cp311/omni/inspect/tests`: errno=28/No space left on device
[1.328s] [ext: omni.graph.core-2.184.5] startup
2026-08-31T06:20:53Z [1,319ms] [Error] [carb] Failed to create change watch for `/home/j/env_isaaclab/lib/python3.11/site-packages/isaacsim/extscache/omni.kit.notification_manager-1.0.10+69cbf6ad`: errno=28/No space left on device
2026-08-31T06:20:53Z [1,319ms] [Error] [carb] Failed to create change watch for `/home/j/env_isaaclab/lib/python3.11/site-packages/isaacsim/extscache/omni.kit.notification_manager-1.0.10+69cbf6ad/config`: errno=28/No space left on device
2026-08-31T06:20:53Z [1,319ms] [Error] [carb] Failed to create change watch for `/home/j/env_isaaclab/lib/python3.11/site-packages/isaacsim/extscache/omni.kit.notification_manager-1.0.10+69cbf6ad/omni`: errno=28/No space left on device
2026-08-31T06:20:53Z [1,319ms] [Error] [carb] Failed to create change watch for `/home/j/env_isaaclab/lib/python3.11/site-packages/isaacsim/extscache/omni.kit.notification_manager-1.0.10+69cbf6ad/omni/kit`: errno=28/No space left on device
2026-08-31T06:20:53Z [1,319ms] [Error] [carb] Failed to create change watch for `/home/j/env_isaaclab/lib/python3.11/site-packages/isaacsim/extscache/omni.kit.notification_manager-1.0.10+69cbf6ad/omni/kit/notification_manager`: errno=28/No space left on device
2026-08-31T06:20:53Z [1,319ms] [Error] [carb] Failed to create change watch for `/home/j/env_isaaclab/lib/python3.11/site-packages/isaacsim/extscache/omni.kit.notification_manager-1.0.10+69cbf6ad/omni/kit/notification_manager/tests`: errno=28/No space left on device
[1.330s] [ext: isaacsim.core.deprecation_manager-0.2.7] startup
[1.330s] [ext: omni.anim.graph.schema-107.3.3] startup
2026-08-31T06:20:53Z [1,321ms] [Error] [carb] Failed to create change watch for `/home/j/env_isaaclab/lib/python3.11/site-packages/isaacsim/exts/isaacsim.core.deprecation_manager`: errno=28/No space left on device
2026-08-31T06:20:53Z [1,321ms] [Error] [carb] Failed to create change watch for `/home/j/env_isaaclab/lib/python3.11/site-packages/isaacsim/exts/isaacsim.core.deprecation_manager/config`: errno=28/No space left on device
2026-08-31T06:20:53Z [1,321ms] [Error] [carb] Failed to create change watch for `/home/j/env_isaaclab/lib/python3.11/site-packages/isaacsim/exts/isaacsim.core.deprecation_manager/isaacsim`: errno=28/No space left on device
2026-08-31T06:20:53Z [1,321ms] [Error] [carb] Failed to create change watch for `/home/j/env_isaaclab/lib/python3.11/site-packages/isaacsim/exts/isaacsim.core.deprecation_manager/isaacsim/core`: errno=28/No space left on device
2026-08-31T06:20:53Z [1,321ms] [Error] [carb] Failed to create change watch for `/home/j/env_isaaclab/lib/python3.11/site-packages/isaacsim/exts/isaacsim.core.deprecation_manager/isaacsim/core/deprecation_manager`: errno=28/No space left on device
[1.335s] [ext: omni.usd.schema.isaac-3.0.5] startup
[1.335s] [ext: omni.anim.navigation.schema-107.3.3] startup
[1.337s] [ext: omni.kit.asset_converter-5.0.17] startup
[1.345s] [ext: isaacsim.robot.schema-3.6.0] startup
2026-08-31T06:20:53Z [1,336ms] [Error] [carb] Failed to create change watch for `/home/j/env_isaaclab/lib/python3.11/site-packages/isaacsim/extscache/omni.kit.asset_converter-5.0.17+107.3.1.lx64.r.cp311.u353`: errno=28/No space left on device
2026-08-31T06:20:53Z [1,336ms] [Error] [carb] Failed to create change watch for `/home/j/env_isaaclab/lib/python3.11/site-packages/isaacsim/extscache/omni.kit.asset_converter-5.0.17+107.3.1.lx64.r.cp311.u353/asset_converter_native_bindings`: errno=28/No space left on device
2026-08-31T06:20:53Z [1,336ms] [Error] [carb] Failed to create change watch for `/home/j/env_isaaclab/lib/python3.11/site-packages/isaacsim/extscache/omni.kit.asset_converter-5.0.17+107.3.1.lx64.r.cp311.u353/asset_converter_native_bindings/libs`: errno=28/No space left on device
2026-08-31T06:20:53Z [1,336ms] [Error] [carb] Failed to create change watch for `/home/j/env_isaaclab/lib/python3.11/site-packages/isaacsim/extscache/omni.kit.asset_converter-5.0.17+107.3.1.lx64.r.cp311.u353/asset_converter_native_bindings/libs/resources`: errno=28/No space left on device
2026-08-31T06:20:53Z [1,336ms] [Error] [carb] Failed to create change watch for `/home/j/env_isaaclab/lib/python3.11/site-packages/isaacsim/extscache/omni.kit.asset_converter-5.0.17+107.3.1.lx64.r.cp311.u353/config`: errno=28/No space left on device
2026-08-31T06:20:53Z [1,337ms] [Error] [carb] Failed to create change watch for `/home/j/env_isaaclab/lib/python3.11/site-packages/isaacsim/extscache/omni.kit.asset_converter-5.0.17+107.3.1.lx64.r.cp311.u353/omni`: errno=28/No space left on device
2026-08-31T06:20:53Z [1,337ms] [Error] [carb] Failed to create change watch for `/home/j/env_isaaclab/lib/python3.11/site-packages/isaacsim/extscache/omni.kit.asset_converter-5.0.17+107.3.1.lx64.r.cp311.u353/omni/kit`: errno=28/No space left on device
2026-08-31T06:20:53Z [1,337ms] [Error] [carb] Failed to create change watch for `/home/j/env_isaaclab/lib/python3.11/site-packages/isaacsim/extscache/omni.kit.asset_converter-5.0.17+107.3.1.lx64.r.cp311.u353/omni/kit/asset_converter`: errno=28/No space left on device
2026-08-31T06:20:53Z [1,337ms] [Error] [carb] Failed to create change watch for `/home/j/env_isaaclab/lib/python3.11/site-packages/isaacsim/extscache/omni.kit.asset_converter-5.0.17+107.3.1.lx64.r.cp311.u353/omni/kit/asset_converter/tests`: errno=28/No space left on device
2026-08-31T06:20:53Z [1,337ms] [Error] [carb] Failed to create change watch for `/home/j/env_isaaclab/lib/python3.11/site-packages/isaacsim/extscache/omni.kit.asset_converter-5.0.17+107.3.1.lx64.r.cp311.u353/omni/kit/asset_converter/impl`: errno=28/No space left on device
2026-08-31T06:20:53Z [1,337ms] [Error] [carb] Failed to create change watch for `/home/j/env_isaaclab/lib/python3.11/site-packages/isaacsim/extscache/omni.kit.asset_converter-5.0.17+107.3.1.lx64.r.cp311.u353/omni/kit/asset_converter/native_bindings`: errno=28/No space left on device
[1.351s] [ext: omni.usd.schema.render_settings.rtx-0.0.0] startup
[1.351s] [ext: omni.kit.menu.core-1.1.2] startup
[1.352s] [ext: omni.kit.widget.path_field-2.0.11] startup
2026-08-31T06:20:53Z [1,343ms] [Error] [carb] Failed to create change watch for `/home/j/env_isaaclab/lib/python3.11/site-packages/isaacsim/extscache/omni.kit.menu.core-1.1.2+69cbf6ad`: errno=28/No space left on device
2026-08-31T06:20:53Z [1,343ms] [Error] [carb] Failed to create change watch for `/home/j/env_isaaclab/lib/python3.11/site-packages/isaacsim/extscache/omni.kit.menu.core-1.1.2+69cbf6ad/config`: errno=28/No space left on device
2026-08-31T06:20:53Z [1,343ms] [Error] [carb] Failed to create change watch for `/home/j/env_isaaclab/lib/python3.11/site-packages/isaacsim/extscache/omni.kit.menu.core-1.1.2+69cbf6ad/omni`: errno=28/No space left on device
2026-08-31T06:20:53Z [1,343ms] [Error] [carb] Failed to create change watch for `/home/j/env_isaaclab/lib/python3.11/site-packages/isaacsim/extscache/omni.kit.menu.core-1.1.2+69cbf6ad/omni/kit`: errno=28/No space left on device
2026-08-31T06:20:53Z [1,343ms] [Error] [carb] Failed to create change watch for `/home/j/env_isaaclab/lib/python3.11/site-packages/isaacsim/extscache/omni.kit.menu.core-1.1.2+69cbf6ad/omni/kit/menu`: errno=28/No space left on device
2026-08-31T06:20:53Z [1,343ms] [Error] [carb] Failed to create change watch for `/home/j/env_isaaclab/lib/python3.11/site-packages/isaacsim/extscache/omni.kit.menu.core-1.1.2+69cbf6ad/omni/kit/menu/core`: errno=28/No space left on device
2026-08-31T06:20:53Z [1,343ms] [Error] [carb] Failed to create change watch for `/home/j/env_isaaclab/lib/python3.11/site-packages/isaacsim/extscache/omni.kit.menu.core-1.1.2+69cbf6ad/omni/kit/menu/core/tests`: errno=28/No space left on device
[1.352s] [ext: omni.kit.widget.context_menu-1.2.5] startup
2026-08-31T06:20:53Z [1,343ms] [Error] [carb] Failed to create change watch for `/home/j/env_isaaclab/lib/python3.11/site-packages/isaacsim/extscache/omni.kit.widget.path_field-2.0.11+69cbf6ad`: errno=28/No space left on device
2026-08-31T06:20:53Z [1,343ms] [Error] [carb] Failed to create change watch for `/home/j/env_isaaclab/lib/python3.11/site-packages/isaacsim/extscache/omni.kit.widget.path_field-2.0.11+69cbf6ad/config`: errno=28/No space left on device
2026-08-31T06:20:53Z [1,343ms] [Error] [carb] Failed to create change watch for `/home/j/env_isaaclab/lib/python3.11/site-packages/isaacsim/extscache/omni.kit.widget.path_field-2.0.11+69cbf6ad/omni`: errno=28/No space left on device
2026-08-31T06:20:53Z [1,343ms] [Error] [carb] Failed to create change watch for `/home/j/env_isaaclab/lib/python3.11/site-packages/isaacsim/extscache/omni.kit.widget.path_field-2.0.11+69cbf6ad/omni/kit`: errno=28/No space left on device
2026-08-31T06:20:53Z [1,343ms] [Error] [carb] Failed to create change watch for `/home/j/env_isaaclab/lib/python3.11/site-packages/isaacsim/extscache/omni.kit.widget.path_field-2.0.11+69cbf6ad/omni/kit/widget`: errno=28/No space left on device
2026-08-31T06:20:53Z [1,343ms] [Error] [carb] Failed to create change watch for `/home/j/env_isaaclab/lib/python3.11/site-packages/isaacsim/extscache/omni.kit.widget.path_field-2.0.11+69cbf6ad/omni/kit/widget/path_field`: errno=28/No space left on device
2026-08-31T06:20:53Z [1,344ms] [Error] [carb] Failed to create change watch for `/home/j/env_isaaclab/lib/python3.11/site-packages/isaacsim/extscache/omni.kit.widget.path_field-2.0.11+69cbf6ad/omni/kit/widget/path_field/tests`: errno=28/No space left on device
[1.353s] [ext: omni.kit.widget.browser_bar-2.0.10] startup
2026-08-31T06:20:53Z [1,344ms] [Error] [carb] Failed to create change watch for `/home/j/env_isaaclab/lib/python3.11/site-packages/isaacsim/extscache/omni.kit.widget.context_menu-1.2.5+69cbf6ad`: errno=28/No space left on device
2026-08-31T06:20:53Z [1,344ms] [Error] [carb] Failed to create change watch for `/home/j/env_isaaclab/lib/python3.11/site-packages/isaacsim/extscache/omni.kit.widget.context_menu-1.2.5+69cbf6ad/config`: errno=28/No space left on device
2026-08-31T06:20:53Z [1,344ms] [Error] [carb] Failed to create change watch for `/home/j/env_isaaclab/lib/python3.11/site-packages/isaacsim/extscache/omni.kit.widget.context_menu-1.2.5+69cbf6ad/omni`: errno=28/No space left on device
2026-08-31T06:20:53Z [1,344ms] [Error] [carb] Failed to create change watch for `/home/j/env_isaaclab/lib/python3.11/site-packages/isaacsim/extscache/omni.kit.widget.context_menu-1.2.5+69cbf6ad/omni/kit`: errno=28/No space left on device
2026-08-31T06:20:53Z [1,344ms] [Error] [carb] Failed to create change watch for `/home/j/env_isaaclab/lib/python3.11/site-packages/isaacsim/extscache/omni.kit.widget.context_menu-1.2.5+69cbf6ad/omni/kit/widget`: errno=28/No space left on device
2026-08-31T06:20:53Z [1,344ms] [Error] [carb] Failed to create change watch for `/home/j/env_isaaclab/lib/python3.11/site-packages/isaacsim/extscache/omni.kit.widget.context_menu-1.2.5+69cbf6ad/omni/kit/widget/context_menu`: errno=28/No space left on device
2026-08-31T06:20:53Z [1,344ms] [Error] [carb] Failed to create change watch for `/home/j/env_isaaclab/lib/python3.11/site-packages/isaacsim/extscache/omni.kit.widget.context_menu-1.2.5+69cbf6ad/omni/kit/widget/context_menu/tests`: errno=28/No space left on device
[1.354s] [ext: omni.kit.clipboard-1.0.5] startup
2026-08-31T06:20:53Z [1,345ms] [Error] [carb] Failed to create change watch for `/home/j/env_isaaclab/lib/python3.11/site-packages/isaacsim/extscache/omni.kit.widget.browser_bar-2.0.10+69cbf6ad`: errno=28/No space left on device
2026-08-31T06:20:53Z [1,345ms] [Error] [carb] Failed to create change watch for `/home/j/env_isaaclab/lib/python3.11/site-packages/isaacsim/extscache/omni.kit.widget.browser_bar-2.0.10+69cbf6ad/config`: errno=28/No space left on device
2026-08-31T06:20:53Z [1,345ms] [Error] [carb] Failed to create change watch for `/home/j/env_isaaclab/lib/python3.11/site-packages/isaacsim/extscache/omni.kit.widget.browser_bar-2.0.10+69cbf6ad/omni`: errno=28/No space left on device
2026-08-31T06:20:53Z [1,345ms] [Error] [carb] Failed to create change watch for `/home/j/env_isaaclab/lib/python3.11/site-packages/isaacsim/extscache/omni.kit.widget.browser_bar-2.0.10+69cbf6ad/omni/kit`: errno=28/No space left on device
[1.354s] [ext: omni.kit.numpy.common-0.1.3] startup
2026-08-31T06:20:53Z [1,345ms] [Error] [carb] Failed to create change watch for `/home/j/env_isaaclab/lib/python3.11/site-packages/isaacsim/extscache/omni.kit.widget.browser_bar-2.0.10+69cbf6ad/omni/kit/widget`: errno=28/No space left on device
2026-08-31T06:20:53Z [1,345ms] [Error] [carb] Failed to create change watch for `/home/j/env_isaaclab/lib/python3.11/site-packages/isaacsim/extscache/omni.kit.widget.browser_bar-2.0.10+69cbf6ad/omni/kit/widget/browser_bar`: errno=28/No space left on device
2026-08-31T06:20:53Z [1,345ms] [Error] [carb] Failed to create change watch for `/home/j/env_isaaclab/lib/python3.11/site-packages/isaacsim/extscache/omni.kit.clipboard-1.0.5+69cbf6ad.lx64.r.cp311`: errno=28/No space left on device
2026-08-31T06:20:53Z [1,345ms] [Error] [carb] Failed to create change watch for `/home/j/env_isaaclab/lib/python3.11/site-packages/isaacsim/extscache/omni.kit.widget.browser_bar-2.0.10+69cbf6ad/omni/kit/widget/browser_bar/tests`: errno=28/No space left on device
2026-08-31T06:20:53Z [1,345ms] [Error] [carb] Failed to create change watch for `/home/j/env_isaaclab/lib/python3.11/site-packages/isaacsim/extscache/omni.kit.clipboard-1.0.5+69cbf6ad.lx64.r.cp311/config`: errno=28/No space left on device
2026-08-31T06:20:53Z [1,345ms] [Error] [carb] Failed to create change watch for `/home/j/env_isaaclab/lib/python3.11/site-packages/isaacsim/extscache/omni.kit.clipboard-1.0.5+69cbf6ad.lx64.r.cp311/omni`: errno=28/No space left on device
2026-08-31T06:20:53Z [1,345ms] [Error] [carb] Failed to create change watch for `/home/j/env_isaaclab/lib/python3.11/site-packages/isaacsim/extscache/omni.kit.clipboard-1.0.5+69cbf6ad.lx64.r.cp311/omni/kit`: errno=28/No space left on device
2026-08-31T06:20:53Z [1,345ms] [Error] [carb] Failed to create change watch for `/home/j/env_isaaclab/lib/python3.11/site-packages/isaacsim/extscache/omni.kit.clipboard-1.0.5+69cbf6ad.lx64.r.cp311/omni/kit/clipboard`: errno=28/No space left on device
2026-08-31T06:20:53Z [1,346ms] [Error] [carb] Failed to create change watch for `/home/j/env_isaaclab/lib/python3.11/site-packages/isaacsim/extscache/omni.kit.clipboard-1.0.5+69cbf6ad.lx64.r.cp311/omni/kit/clipboard/tests`: errno=28/No space left on device
[1.355s] [ext: omni.kit.widget.options_menu-1.1.6] startup
2026-08-31T06:20:53Z [1,346ms] [Error] [carb] Failed to create change watch for `/home/j/env_isaaclab/lib/python3.11/site-packages/isaacsim/extscache/omni.kit.numpy.common-0.1.3+69cbf6ad.lx64.r.cp311`: errno=28/No space left on device
2026-08-31T06:20:53Z [1,346ms] [Error] [carb] Failed to create change watch for `/home/j/env_isaaclab/lib/python3.11/site-packages/isaacsim/extscache/omni.kit.numpy.common-0.1.3+69cbf6ad.lx64.r.cp311/config`: errno=28/No space left on device
2026-08-31T06:20:53Z [1,346ms] [Error] [carb] Failed to create change watch for `/home/j/env_isaaclab/lib/python3.11/site-packages/isaacsim/extscache/omni.kit.numpy.common-0.1.3+69cbf6ad.lx64.r.cp311/omni`: errno=28/No space left on device
2026-08-31T06:20:53Z [1,346ms] [Error] [carb] Failed to create change watch for `/home/j/env_isaaclab/lib/python3.11/site-packages/isaacsim/extscache/omni.kit.numpy.common-0.1.3+69cbf6ad.lx64.r.cp311/omni/kit`: errno=28/No space left on device
2026-08-31T06:20:53Z [1,346ms] [Error] [carb] Failed to create change watch for `/home/j/env_isaaclab/lib/python3.11/site-packages/isaacsim/extscache/omni.kit.numpy.common-0.1.3+69cbf6ad.lx64.r.cp311/omni/kit/numpy`: errno=28/No space left on device
2026-08-31T06:20:53Z [1,346ms] [Error] [carb] Failed to create change watch for `/home/j/env_isaaclab/lib/python3.11/site-packages/isaacsim/extscache/omni.kit.numpy.common-0.1.3+69cbf6ad.lx64.r.cp311/omni/kit/numpy/common`: errno=28/No space left on device
[1.357s] [ext: omni.kit.helper.file_utils-0.1.9] startup
2026-08-31T06:20:53Z [1,348ms] [Error] [carb] Failed to create change watch for `/home/j/env_isaaclab/lib/python3.11/site-packages/isaacsim/extscache/omni.kit.widget.options_menu-1.1.6+69cbf6ad`: errno=28/No space left on device
2026-08-31T06:20:53Z [1,348ms] [Error] [carb] Failed to create change watch for `/home/j/env_isaaclab/lib/python3.11/site-packages/isaacsim/extscache/omni.kit.widget.options_menu-1.1.6+69cbf6ad/config`: errno=28/No space left on device
2026-08-31T06:20:53Z [1,348ms] [Error] [carb] Failed to create change watch for `/home/j/env_isaaclab/lib/python3.11/site-packages/isaacsim/extscache/omni.kit.widget.options_menu-1.1.6+69cbf6ad/omni`: errno=28/No space left on device
2026-08-31T06:20:53Z [1,348ms] [Error] [carb] Failed to create change watch for `/home/j/env_isaaclab/lib/python3.11/site-packages/isaacsim/extscache/omni.kit.widget.options_menu-1.1.6+69cbf6ad/omni/kit`: errno=28/No space left on device
2026-08-31T06:20:53Z [1,348ms] [Error] [carb] Failed to create change watch for `/home/j/env_isaaclab/lib/python3.11/site-packages/isaacsim/extscache/omni.kit.widget.options_menu-1.1.6+69cbf6ad/omni/kit/widget`: errno=28/No space left on device
2026-08-31T06:20:53Z [1,348ms] [Error] [carb] Failed to create change watch for `/home/j/env_isaaclab/lib/python3.11/site-packages/isaacsim/extscache/omni.kit.widget.options_menu-1.1.6+69cbf6ad/omni/kit/widget/options_menu`: errno=28/No space left on device
2026-08-31T06:20:53Z [1,349ms] [Error] [carb] Failed to create change watch for `/home/j/env_isaaclab/lib/python3.11/site-packages/isaacsim/extscache/omni.kit.widget.options_menu-1.1.6+69cbf6ad/omni/kit/widget/options_menu/tests`: errno=28/No space left on device
[1.358s] [ext: omni.ui.scene-1.11.5] startup
2026-08-31T06:20:53Z [1,349ms] [Error] [carb] Failed to create change watch for `/home/j/env_isaaclab/lib/python3.11/site-packages/isaacsim/extscache/omni.kit.helper.file_utils-0.1.9+69cbf6ad`: errno=28/No space left on device
2026-08-31T06:20:53Z [1,349ms] [Error] [carb] Failed to create change watch for `/home/j/env_isaaclab/lib/python3.11/site-packages/isaacsim/extscache/omni.kit.helper.file_utils-0.1.9+69cbf6ad/config`: errno=28/No space left on device
2026-08-31T06:20:53Z [1,349ms] [Error] [carb] Failed to create change watch for `/home/j/env_isaaclab/lib/python3.11/site-packages/isaacsim/extscache/omni.kit.helper.file_utils-0.1.9+69cbf6ad/omni`: errno=28/No space left on device
2026-08-31T06:20:53Z [1,349ms] [Error] [carb] Failed to create change watch for `/home/j/env_isaaclab/lib/python3.11/site-packages/isaacsim/extscache/omni.kit.helper.file_utils-0.1.9+69cbf6ad/omni/kit`: errno=28/No space left on device
2026-08-31T06:20:53Z [1,349ms] [Error] [carb] Failed to create change watch for `/home/j/env_isaaclab/lib/python3.11/site-packages/isaacsim/extscache/omni.kit.helper.file_utils-0.1.9+69cbf6ad/omni/kit/helper`: errno=28/No space left on device
2026-08-31T06:20:53Z [1,349ms] [Error] [carb] Failed to create change watch for `/home/j/env_isaaclab/lib/python3.11/site-packages/isaacsim/extscache/omni.kit.helper.file_utils-0.1.9+69cbf6ad/omni/kit/helper/file_utils`: errno=28/No space left on device
2026-08-31T06:20:53Z [1,349ms] [Error] [carb] Failed to create change watch for `/home/j/env_isaaclab/lib/python3.11/site-packages/isaacsim/extscache/omni.kit.helper.file_utils-0.1.9+69cbf6ad/omni/kit/helper/file_utils/tests`: errno=28/No space left on device
[1.361s] [ext: omni.kit.widget.options_button-1.0.3] startup
2026-08-31T06:20:53Z [1,352ms] [Error] [carb] Failed to create change watch for `/home/j/env_isaaclab/lib/python3.11/site-packages/isaacsim/extscache/omni.ui.scene-1.11.5+69cbf6ad.lx64.r.cp311`: errno=28/No space left on device
2026-08-31T06:20:53Z [1,352ms] [Error] [carb] Failed to create change watch for `/home/j/env_isaaclab/lib/python3.11/site-packages/isaacsim/extscache/omni.ui.scene-1.11.5+69cbf6ad.lx64.r.cp311/config`: errno=28/No space left on device
2026-08-31T06:20:53Z [1,352ms] [Error] [carb] Failed to create change watch for `/home/j/env_isaaclab/lib/python3.11/site-packages/isaacsim/extscache/omni.ui.scene-1.11.5+69cbf6ad.lx64.r.cp311/omni`: errno=28/No space left on device
2026-08-31T06:20:53Z [1,352ms] [Error] [carb] Failed to create change watch for `/home/j/env_isaaclab/lib/python3.11/site-packages/isaacsim/extscache/omni.ui.scene-1.11.5+69cbf6ad.lx64.r.cp311/omni/ui_scene`: errno=28/No space left on device
[1.361s] [ext: omni.kit.widget.filebrowser-2.12.3] startup
2026-08-31T06:20:53Z [1,352ms] [Error] [carb] Failed to create change watch for `/home/j/env_isaaclab/lib/python3.11/site-packages/isaacsim/extscache/omni.ui.scene-1.11.5+69cbf6ad.lx64.r.cp311/omni/ui_scene/tests`: errno=28/No space left on device
2026-08-31T06:20:53Z [1,352ms] [Error] [carb] Failed to create change watch for `/home/j/env_isaaclab/lib/python3.11/site-packages/isaacsim/extscache/omni.kit.widget.options_button-1.0.3+69cbf6ad`: errno=28/No space left on device
2026-08-31T06:20:53Z [1,352ms] [Error] [carb] Failed to create change watch for `/home/j/env_isaaclab/lib/python3.11/site-packages/isaacsim/extscache/omni.kit.widget.options_button-1.0.3+69cbf6ad/config`: errno=28/No space left on device
2026-08-31T06:20:53Z [1,353ms] [Error] [carb] Failed to create change watch for `/home/j/env_isaaclab/lib/python3.11/site-packages/isaacsim/extscache/omni.kit.widget.options_button-1.0.3+69cbf6ad/omni`: errno=28/No space left on device
2026-08-31T06:20:53Z [1,353ms] [Error] [carb] Failed to create change watch for `/home/j/env_isaaclab/lib/python3.11/site-packages/isaacsim/extscache/omni.kit.widget.options_button-1.0.3+69cbf6ad/omni/kit`: errno=28/No space left on device
2026-08-31T06:20:53Z [1,353ms] [Error] [carb] Failed to create change watch for `/home/j/env_isaaclab/lib/python3.11/site-packages/isaacsim/extscache/omni.kit.widget.options_button-1.0.3+69cbf6ad/omni/kit/widget`: errno=28/No space left on device
2026-08-31T06:20:53Z [1,353ms] [Error] [carb] Failed to create change watch for `/home/j/env_isaaclab/lib/python3.11/site-packages/isaacsim/extscache/omni.kit.widget.options_button-1.0.3+69cbf6ad/omni/kit/widget/options_button`: errno=28/No space left on device
2026-08-31T06:20:53Z [1,353ms] [Error] [carb] Failed to create change watch for `/home/j/env_isaaclab/lib/python3.11/site-packages/isaacsim/extscache/omni.kit.widget.options_button-1.0.3+69cbf6ad/omni/kit/widget/options_button/tests`: errno=28/No space left on device
[1.364s] [ext: omni.kit.usd.layers-2.2.11] startup
2026-08-31T06:20:53Z [1,355ms] [Error] [carb] Failed to create change watch for `/home/j/env_isaaclab/lib/python3.11/site-packages/isaacsim/extscache/omni.kit.widget.filebrowser-2.12.3+69cbf6ad`: errno=28/No space left on device
2026-08-31T06:20:53Z [1,355ms] [Error] [carb] Failed to create change watch for `/home/j/env_isaaclab/lib/python3.11/site-packages/isaacsim/extscache/omni.kit.widget.filebrowser-2.12.3+69cbf6ad/config`: errno=28/No space left on device
2026-08-31T06:20:53Z [1,355ms] [Error] [carb] Failed to create change watch for `/home/j/env_isaaclab/lib/python3.11/site-packages/isaacsim/extscache/omni.kit.widget.filebrowser-2.12.3+69cbf6ad/omni`: errno=28/No space left on device
2026-08-31T06:20:53Z [1,355ms] [Error] [carb] Failed to create change watch for `/home/j/env_isaaclab/lib/python3.11/site-packages/isaacsim/extscache/omni.kit.widget.filebrowser-2.12.3+69cbf6ad/omni/kit`: errno=28/No space left on device
2026-08-31T06:20:53Z [1,355ms] [Error] [carb] Failed to create change watch for `/home/j/env_isaaclab/lib/python3.11/site-packages/isaacsim/extscache/omni.kit.widget.filebrowser-2.12.3+69cbf6ad/omni/kit/widget`: errno=28/No space left on device
2026-08-31T06:20:53Z [1,355ms] [Error] [carb] Failed to create change watch for `/home/j/env_isaaclab/lib/python3.11/site-packages/isaacsim/extscache/omni.kit.widget.filebrowser-2.12.3+69cbf6ad/omni/kit/widget/filebrowser`: errno=28/No space left on device
2026-08-31T06:20:53Z [1,355ms] [Error] [carb] Failed to create change watch for `/home/j/env_isaaclab/lib/python3.11/site-packages/isaacsim/extscache/omni.kit.widget.filebrowser-2.12.3+69cbf6ad/omni/kit/widget/filebrowser/tests`: errno=28/No space left on device
[1.369s] [ext: omni.kit.window.filepicker-2.13.4] startup
2026-08-31T06:20:53Z [1,360ms] [Error] [carb] Failed to create change watch for `/home/j/env_isaaclab/lib/python3.11/site-packages/isaacsim/extscache/omni.kit.usd.layers-2.2.11+69cbf6ad.lx64.r.cp311`: errno=28/No space left on device
2026-08-31T06:20:53Z [1,360ms] [Error] [carb] Failed to create change watch for `/home/j/env_isaaclab/lib/python3.11/site-packages/isaacsim/extscache/omni.kit.usd.layers-2.2.11+69cbf6ad.lx64.r.cp311/config`: errno=28/No space left on device
2026-08-31T06:20:53Z [1,361ms] [Error] [carb] Failed to create change watch for `/home/j/env_isaaclab/lib/python3.11/site-packages/isaacsim/extscache/omni.kit.usd.layers-2.2.11+69cbf6ad.lx64.r.cp311/omni`: errno=28/No space left on device
2026-08-31T06:20:53Z [1,361ms] [Error] [carb] Failed to create change watch for `/home/j/env_isaaclab/lib/python3.11/site-packages/isaacsim/extscache/omni.kit.usd.layers-2.2.11+69cbf6ad.lx64.r.cp311/omni/kit`: errno=28/No space left on device
2026-08-31T06:20:53Z [1,361ms] [Error] [carb] Failed to create change watch for `/home/j/env_isaaclab/lib/python3.11/site-packages/isaacsim/extscache/omni.kit.usd.layers-2.2.11+69cbf6ad.lx64.r.cp311/omni/kit/usd`: errno=28/No space left on device
2026-08-31T06:20:53Z [1,361ms] [Error] [carb] Failed to create change watch for `/home/j/env_isaaclab/lib/python3.11/site-packages/isaacsim/extscache/omni.kit.usd.layers-2.2.11+69cbf6ad.lx64.r.cp311/omni/kit/usd/layers`: errno=28/No space left on device
2026-08-31T06:20:53Z [1,361ms] [Error] [carb] Failed to create change watch for `/home/j/env_isaaclab/lib/python3.11/site-packages/isaacsim/extscache/omni.kit.usd.layers-2.2.11+69cbf6ad.lx64.r.cp311/omni/kit/usd/layers/tests`: errno=28/No space left on device
2026-08-31T06:20:53Z [1,361ms] [Error] [carb] Failed to create change watch for `/home/j/env_isaaclab/lib/python3.11/site-packages/isaacsim/extscache/omni.kit.usd.layers-2.2.11+69cbf6ad.lx64.r.cp311/omni/kit/usd/layers/_impl`: errno=28/No space left on device
[1.375s] [ext: omni.kit.hotkeys.core-1.3.10] startup
2026-08-31T06:20:53Z [1,366ms] [Error] [carb] Failed to create change watch for `/home/j/env_isaaclab/lib/python3.11/site-packages/isaacsim/extscache/omni.kit.window.filepicker-2.13.4+69cbf6ad`: errno=28/No space left on device
2026-08-31T06:20:53Z [1,366ms] [Error] [carb] Failed to create change watch for `/home/j/env_isaaclab/lib/python3.11/site-packages/isaacsim/extscache/omni.kit.window.filepicker-2.13.4+69cbf6ad/config`: errno=28/No space left on device
2026-08-31T06:20:53Z [1,367ms] [Error] [carb] Failed to create change watch for `/home/j/env_isaaclab/lib/python3.11/site-packages/isaacsim/extscache/omni.kit.window.filepicker-2.13.4+69cbf6ad/omni`: errno=28/No space left on device
2026-08-31T06:20:53Z [1,367ms] [Error] [carb] Failed to create change watch for `/home/j/env_isaaclab/lib/python3.11/site-packages/isaacsim/extscache/omni.kit.window.filepicker-2.13.4+69cbf6ad/omni/kit`: errno=28/No space left on device
2026-08-31T06:20:53Z [1,367ms] [Error] [carb] Failed to create change watch for `/home/j/env_isaaclab/lib/python3.11/site-packages/isaacsim/extscache/omni.kit.window.filepicker-2.13.4+69cbf6ad/omni/kit/window`: errno=28/No space left on device
2026-08-31T06:20:53Z [1,367ms] [Error] [carb] Failed to create change watch for `/home/j/env_isaaclab/lib/python3.11/site-packages/isaacsim/extscache/omni.kit.window.filepicker-2.13.4+69cbf6ad/omni/kit/window/filepicker`: errno=28/No space left on device
2026-08-31T06:20:53Z [1,367ms] [Error] [carb] Failed to create change watch for `/home/j/env_isaaclab/lib/python3.11/site-packages/isaacsim/extscache/omni.kit.window.filepicker-2.13.4+69cbf6ad/omni/kit/window/filepicker/tests`: errno=28/No space left on device
2026-08-31T06:20:53Z [1,367ms] [Error] [carb] Failed to create change watch for `/home/j/env_isaaclab/lib/python3.11/site-packages/isaacsim/extscache/omni.kit.window.filepicker-2.13.4+69cbf6ad/omni/kit/window/filepicker/collections`: errno=28/No space left on device
2026-08-31T06:20:53Z [1,367ms] [Error] [carb] Failed to create change watch for `/home/j/env_isaaclab/lib/python3.11/site-packages/isaacsim/extscache/omni.kit.window.filepicker-2.13.4+69cbf6ad/omni/kit/window/filepicker/datetime`: errno=28/No space left on device
[1.378s] [ext: omni.kit.context_menu-1.8.6] startup
2026-08-31T06:20:53Z [1,369ms] [Error] [carb] Failed to create change watch for `/home/j/env_isaaclab/lib/python3.11/site-packages/isaacsim/extscache/omni.kit.hotkeys.core-1.3.10+69cbf6ad`: errno=28/No space left on device
2026-08-31T06:20:53Z [1,369ms] [Error] [carb] Failed to create change watch for `/home/j/env_isaaclab/lib/python3.11/site-packages/isaacsim/extscache/omni.kit.hotkeys.core-1.3.10+69cbf6ad/config`: errno=28/No space left on device
2026-08-31T06:20:53Z [1,369ms] [Error] [carb] Failed to create change watch for `/home/j/env_isaaclab/lib/python3.11/site-packages/isaacsim/extscache/omni.kit.hotkeys.core-1.3.10+69cbf6ad/omni`: errno=28/No space left on device
2026-08-31T06:20:53Z [1,369ms] [Error] [carb] Failed to create change watch for `/home/j/env_isaaclab/lib/python3.11/site-packages/isaacsim/extscache/omni.kit.hotkeys.core-1.3.10+69cbf6ad/omni/kit`: errno=28/No space left on device
2026-08-31T06:20:53Z [1,369ms] [Error] [carb] Failed to create change watch for `/home/j/env_isaaclab/lib/python3.11/site-packages/isaacsim/extscache/omni.kit.hotkeys.core-1.3.10+69cbf6ad/omni/kit/hotkeys`: errno=28/No space left on device
2026-08-31T06:20:53Z [1,369ms] [Error] [carb] Failed to create change watch for `/home/j/env_isaaclab/lib/python3.11/site-packages/isaacsim/extscache/omni.kit.hotkeys.core-1.3.10+69cbf6ad/omni/kit/hotkeys/core`: errno=28/No space left on device
2026-08-31T06:20:53Z [1,369ms] [Error] [carb] Failed to create change watch for `/home/j/env_isaaclab/lib/python3.11/site-packages/isaacsim/extscache/omni.kit.hotkeys.core-1.3.10+69cbf6ad/omni/kit/hotkeys/core/tests`: errno=28/No space left on device
[1.379s] [ext: omni.kit.property.adapter.core-1.0.2] startup
2026-08-31T06:20:53Z [1,370ms] [Error] [carb] Failed to create change watch for `/home/j/env_isaaclab/lib/python3.11/site-packages/isaacsim/extscache/omni.kit.context_menu-1.8.6+69cbf6ad`: errno=28/No space left on device
2026-08-31T06:20:53Z [1,370ms] [Error] [carb] Failed to create change watch for `/home/j/env_isaaclab/lib/python3.11/site-packages/isaacsim/extscache/omni.kit.context_menu-1.8.6+69cbf6ad/config`: errno=28/No space left on device
2026-08-31T06:20:53Z [1,370ms] [Error] [carb] Failed to create change watch for `/home/j/env_isaaclab/lib/python3.11/site-packages/isaacsim/extscache/omni.kit.context_menu-1.8.6+69cbf6ad/omni`: errno=28/No space left on device
2026-08-31T06:20:53Z [1,370ms] [Error] [carb] Failed to create change watch for `/home/j/env_isaaclab/lib/python3.11/site-packages/isaacsim/extscache/omni.kit.context_menu-1.8.6+69cbf6ad/omni/kit`: errno=28/No space left on device
2026-08-31T06:20:53Z [1,370ms] [Error] [carb] Failed to create change watch for `/home/j/env_isaaclab/lib/python3.11/site-packages/isaacsim/extscache/omni.kit.context_menu-1.8.6+69cbf6ad/omni/kit/context_menu`: errno=28/No space left on device
2026-08-31T06:20:53Z [1,370ms] [Error] [carb] Failed to create change watch for `/home/j/env_isaaclab/lib/python3.11/site-packages/isaacsim/extscache/omni.kit.context_menu-1.8.6+69cbf6ad/omni/kit/context_menu/tests`: errno=28/No space left on device
2026-08-31T06:20:53Z [1,370ms] [Error] [carb] Failed to create change watch for `/home/j/env_isaaclab/lib/python3.11/site-packages/isaacsim/extscache/omni.kit.context_menu-1.8.6+69cbf6ad/omni/kit/context_menu/scripts`: errno=28/No space left on device
[1.380s] [ext: omni.kit.window.file_exporter-1.0.33] startup
2026-08-31T06:20:53Z [1,371ms] [Error] [carb] Failed to create change watch for `/home/j/env_isaaclab/lib/python3.11/site-packages/isaacsim/extscache/omni.kit.property.adapter.core-1.0.2+69cbf6ad`: errno=28/No space left on device
2026-08-31T06:20:53Z [1,371ms] [Error] [carb] Failed to create change watch for `/home/j/env_isaaclab/lib/python3.11/site-packages/isaacsim/extscache/omni.kit.property.adapter.core-1.0.2+69cbf6ad/config`: errno=28/No space left on device
2026-08-31T06:20:53Z [1,371ms] [Error] [carb] Failed to create change watch for `/home/j/env_isaaclab/lib/python3.11/site-packages/isaacsim/extscache/omni.kit.property.adapter.core-1.0.2+69cbf6ad/omni`: errno=28/No space left on device
2026-08-31T06:20:53Z [1,371ms] [Error] [carb] Failed to create change watch for `/home/j/env_isaaclab/lib/python3.11/site-packages/isaacsim/extscache/omni.kit.property.adapter.core-1.0.2+69cbf6ad/omni/kit`: errno=28/No space left on device
2026-08-31T06:20:53Z [1,371ms] [Error] [carb] Failed to create change watch for `/home/j/env_isaaclab/lib/python3.11/site-packages/isaacsim/extscache/omni.kit.property.adapter.core-1.0.2+69cbf6ad/omni/kit/property`: errno=28/No space left on device
2026-08-31T06:20:53Z [1,371ms] [Error] [carb] Failed to create change watch for `/home/j/env_isaaclab/lib/python3.11/site-packages/isaacsim/extscache/omni.kit.property.adapter.core-1.0.2+69cbf6ad/omni/kit/property/adapter`: errno=28/No space left on device
2026-08-31T06:20:53Z [1,371ms] [Error] [carb] Failed to create change watch for `/home/j/env_isaaclab/lib/python3.11/site-packages/isaacsim/extscache/omni.kit.property.adapter.core-1.0.2+69cbf6ad/omni/kit/property/adapter/core`: errno=28/No space left on device
2026-08-31T06:20:53Z [1,371ms] [Error] [carb] Failed to create change watch for `/home/j/env_isaaclab/lib/python3.11/site-packages/isaacsim/extscache/omni.kit.property.adapter.core-1.0.2+69cbf6ad/omni/kit/property/adapter/core/tests`: errno=28/No space left on device
2026-08-31T06:20:53Z [1,371ms] [Error] [carb] Failed to create change watch for `/home/j/env_isaaclab/lib/python3.11/site-packages/isaacsim/extscache/omni.kit.property.adapter.core-1.0.2+69cbf6ad/omni/kit/property/adapter/core/scripts`: errno=28/No space left on device
[1.381s] [ext: omni.kit.widget.searchfield-1.1.8] startup
2026-08-31T06:20:53Z [1,373ms] [Error] [carb] Failed to create change watch for `/home/j/env_isaaclab/lib/python3.11/site-packages/isaacsim/extscache/omni.kit.window.file_exporter-1.0.33+69cbf6ad`: errno=28/No space left on device
2026-08-31T06:20:53Z [1,373ms] [Error] [carb] Failed to create change watch for `/home/j/env_isaaclab/lib/python3.11/site-packages/isaacsim/extscache/omni.kit.window.file_exporter-1.0.33+69cbf6ad/config`: errno=28/No space left on device
2026-08-31T06:20:53Z [1,373ms] [Error] [carb] Failed to create change watch for `/home/j/env_isaaclab/lib/python3.11/site-packages/isaacsim/extscache/omni.kit.window.file_exporter-1.0.33+69cbf6ad/omni`: errno=28/No space left on device
2026-08-31T06:20:53Z [1,373ms] [Error] [carb] Failed to create change watch for `/home/j/env_isaaclab/lib/python3.11/site-packages/isaacsim/extscache/omni.kit.window.file_exporter-1.0.33+69cbf6ad/omni/kit`: errno=28/No space left on device
2026-08-31T06:20:53Z [1,373ms] [Error] [carb] Failed to create change watch for `/home/j/env_isaaclab/lib/python3.11/site-packages/isaacsim/extscache/omni.kit.window.file_exporter-1.0.33+69cbf6ad/omni/kit/window`: errno=28/No space left on device
2026-08-31T06:20:53Z [1,373ms] [Error] [carb] Failed to create change watch for `/home/j/env_isaaclab/lib/python3.11/site-packages/isaacsim/extscache/omni.kit.window.file_exporter-1.0.33+69cbf6ad/omni/kit/window/file_exporter`: errno=28/No space left on device
2026-08-31T06:20:53Z [1,373ms] [Error] [carb] Failed to create change watch for `/home/j/env_isaaclab/lib/python3.11/site-packages/isaacsim/extscache/omni.kit.window.file_exporter-1.0.33+69cbf6ad/omni/kit/window/file_exporter/tests`: errno=28/No space left on device
[1.382s] [ext: omni.kit.widget.filter-1.1.4] startup
2026-08-31T06:20:53Z [1,373ms] [Error] [carb] Failed to create change watch for `/home/j/env_isaaclab/lib/python3.11/site-packages/isaacsim/extscache/omni.kit.widget.searchfield-1.1.8+69cbf6ad`: errno=28/No space left on device
2026-08-31T06:20:53Z [1,373ms] [Error] [carb] Failed to create change watch for `/home/j/env_isaaclab/lib/python3.11/site-packages/isaacsim/extscache/omni.kit.widget.searchfield-1.1.8+69cbf6ad/config`: errno=28/No space left on device
2026-08-31T06:20:53Z [1,373ms] [Error] [carb] Failed to create change watch for `/home/j/env_isaaclab/lib/python3.11/site-packages/isaacsim/extscache/omni.kit.widget.searchfield-1.1.8+69cbf6ad/omni`: errno=28/No space left on device
2026-08-31T06:20:53Z [1,373ms] [Error] [carb] Failed to create change watch for `/home/j/env_isaaclab/lib/python3.11/site-packages/isaacsim/extscache/omni.kit.widget.searchfield-1.1.8+69cbf6ad/omni/kit`: errno=28/No space left on device
2026-08-31T06:20:53Z [1,374ms] [Error] [carb] Failed to create change watch for `/home/j/env_isaaclab/lib/python3.11/site-packages/isaacsim/extscache/omni.kit.widget.searchfield-1.1.8+69cbf6ad/omni/kit/widget`: errno=28/No space left on device
2026-08-31T06:20:53Z [1,374ms] [Error] [carb] Failed to create change watch for `/home/j/env_isaaclab/lib/python3.11/site-packages/isaacsim/extscache/omni.kit.widget.searchfield-1.1.8+69cbf6ad/omni/kit/widget/searchfield`: errno=28/No space left on device
2026-08-31T06:20:53Z [1,374ms] [Error] [carb] Failed to create change watch for `/home/j/env_isaaclab/lib/python3.11/site-packages/isaacsim/extscache/omni.kit.widget.searchfield-1.1.8+69cbf6ad/omni/kit/widget/searchfield/tests`: errno=28/No space left on device
2026-08-31T06:20:53Z [1,374ms] [Error] [carb] Failed to create change watch for `/home/j/env_isaaclab/lib/python3.11/site-packages/isaacsim/extscache/omni.kit.widget.filter-1.1.4+69cbf6ad`: errno=28/No space left on device
[1.383s] [ext: omni.kit.widget.graph-2.0.0] startup
2026-08-31T06:20:53Z [1,374ms] [Error] [carb] Failed to create change watch for `/home/j/env_isaaclab/lib/python3.11/site-packages/isaacsim/extscache/omni.kit.widget.filter-1.1.4+69cbf6ad/config`: errno=28/No space left on device
2026-08-31T06:20:53Z [1,374ms] [Error] [carb] Failed to create change watch for `/home/j/env_isaaclab/lib/python3.11/site-packages/isaacsim/extscache/omni.kit.widget.filter-1.1.4+69cbf6ad/omni`: errno=28/No space left on device
2026-08-31T06:20:53Z [1,374ms] [Error] [carb] Failed to create change watch for `/home/j/env_isaaclab/lib/python3.11/site-packages/isaacsim/extscache/omni.kit.widget.filter-1.1.4+69cbf6ad/omni/kit`: errno=28/No space left on device
2026-08-31T06:20:53Z [1,374ms] [Error] [carb] Failed to create change watch for `/home/j/env_isaaclab/lib/python3.11/site-packages/isaacsim/extscache/omni.kit.widget.filter-1.1.4+69cbf6ad/omni/kit/widget`: errno=28/No space left on device
2026-08-31T06:20:53Z [1,374ms] [Error] [carb] Failed to create change watch for `/home/j/env_isaaclab/lib/python3.11/site-packages/isaacsim/extscache/omni.kit.widget.filter-1.1.4+69cbf6ad/omni/kit/widget/filter`: errno=28/No space left on device
2026-08-31T06:20:53Z [1,374ms] [Error] [carb] Failed to create change watch for `/home/j/env_isaaclab/lib/python3.11/site-packages/isaacsim/extscache/omni.kit.widget.filter-1.1.4+69cbf6ad/omni/kit/widget/filter/tests`: errno=28/No space left on device
[1.386s] [ext: omni.kit.widget.stage-3.1.4] startup
2026-08-31T06:20:53Z [1,377ms] [Error] [carb] Failed to create change watch for `/home/j/env_isaaclab/lib/python3.11/site-packages/isaacsim/extscache/omni.kit.widget.graph-2.0.0+69cbf6ad`: errno=28/No space left on device
2026-08-31T06:20:53Z [1,377ms] [Error] [carb] Failed to create change watch for `/home/j/env_isaaclab/lib/python3.11/site-packages/isaacsim/extscache/omni.kit.widget.graph-2.0.0+69cbf6ad/config`: errno=28/No space left on device
2026-08-31T06:20:53Z [1,377ms] [Error] [carb] Failed to create change watch for `/home/j/env_isaaclab/lib/python3.11/site-packages/isaacsim/extscache/omni.kit.widget.graph-2.0.0+69cbf6ad/omni`: errno=28/No space left on device
2026-08-31T06:20:53Z [1,377ms] [Error] [carb] Failed to create change watch for `/home/j/env_isaaclab/lib/python3.11/site-packages/isaacsim/extscache/omni.kit.widget.graph-2.0.0+69cbf6ad/omni/kit`: errno=28/No space left on device
2026-08-31T06:20:53Z [1,377ms] [Error] [carb] Failed to create change watch for `/home/j/env_isaaclab/lib/python3.11/site-packages/isaacsim/extscache/omni.kit.widget.graph-2.0.0+69cbf6ad/omni/kit/widget`: errno=28/No space left on device
2026-08-31T06:20:53Z [1,377ms] [Error] [carb] Failed to create change watch for `/home/j/env_isaaclab/lib/python3.11/site-packages/isaacsim/extscache/omni.kit.widget.graph-2.0.0+69cbf6ad/omni/kit/widget/graph`: errno=28/No space left on device
2026-08-31T06:20:53Z [1,377ms] [Error] [carb] Failed to create change watch for `/home/j/env_isaaclab/lib/python3.11/site-packages/isaacsim/extscache/omni.kit.widget.graph-2.0.0+69cbf6ad/omni/kit/widget/graph/tests`: errno=28/No space left on device
[1.393s] [ext: omni.kit.property.adapter.usd-1.0.2] startup
2026-08-31T06:20:53Z [1,384ms] [Error] [carb] Failed to create change watch for `/home/j/env_isaaclab/lib/python3.11/site-packages/isaacsim/extscache/omni.kit.widget.stage-3.1.4+69cbf6ad`: errno=28/No space left on device
2026-08-31T06:20:53Z [1,384ms] [Error] [carb] Failed to create change watch for `/home/j/env_isaaclab/lib/python3.11/site-packages/isaacsim/extscache/omni.kit.widget.stage-3.1.4+69cbf6ad/config`: errno=28/No space left on device
2026-08-31T06:20:53Z [1,384ms] [Error] [carb] Failed to create change watch for `/home/j/env_isaaclab/lib/python3.11/site-packages/isaacsim/extscache/omni.kit.widget.stage-3.1.4+69cbf6ad/omni`: errno=28/No space left on device
2026-08-31T06:20:53Z [1,384ms] [Error] [carb] Failed to create change watch for `/home/j/env_isaaclab/lib/python3.11/site-packages/isaacsim/extscache/omni.kit.widget.stage-3.1.4+69cbf6ad/omni/kit`: errno=28/No space left on device
2026-08-31T06:20:53Z [1,384ms] [Error] [carb] Failed to create change watch for `/home/j/env_isaaclab/lib/python3.11/site-packages/isaacsim/extscache/omni.kit.widget.stage-3.1.4+69cbf6ad/omni/kit/widget`: errno=28/No space left on device
2026-08-31T06:20:53Z [1,384ms] [Error] [carb] Failed to create change watch for `/home/j/env_isaaclab/lib/python3.11/site-packages/isaacsim/extscache/omni.kit.widget.stage-3.1.4+69cbf6ad/omni/kit/widget/stage`: errno=28/No space left on device
2026-08-31T06:20:53Z [1,384ms] [Error] [carb] Failed to create change watch for `/home/j/env_isaaclab/lib/python3.11/site-packages/isaacsim/extscache/omni.kit.widget.stage-3.1.4+69cbf6ad/omni/kit/widget/stage/tests`: errno=28/No space left on device
[1.394s] [ext: omni.kit.property.adapter.fabric-1.0.3] startup
2026-08-31T06:20:53Z [1,385ms] [Error] [carb] Failed to create change watch for `/home/j/env_isaaclab/lib/python3.11/site-packages/isaacsim/extscache/omni.kit.widget.stage-3.1.4+69cbf6ad/omni/kit/widget/stage/delegates`: errno=28/No space left on device
2026-08-31T06:20:53Z [1,385ms] [Error] [carb] Failed to create change watch for `/home/j/env_isaaclab/lib/python3.11/site-packages/isaacsim/extscache/omni.kit.property.adapter.usd-1.0.2+69cbf6ad`: errno=28/No space left on device
2026-08-31T06:20:53Z [1,385ms] [Error] [carb] Failed to create change watch for `/home/j/env_isaaclab/lib/python3.11/site-packages/isaacsim/extscache/omni.kit.widget.stage-3.1.4+69cbf6ad/omni/kit/widget/stage/models`: errno=28/No space left on device
2026-08-31T06:20:53Z [1,385ms] [Error] [carb] Failed to create change watch for `/home/j/env_isaaclab/lib/python3.11/site-packages/isaacsim/extscache/omni.kit.property.adapter.usd-1.0.2+69cbf6ad/config`: errno=28/No space left on device
2026-08-31T06:20:53Z [1,385ms] [Error] [carb] Failed to create change watch for `/home/j/env_isaaclab/lib/python3.11/site-packages/isaacsim/extscache/omni.kit.property.adapter.usd-1.0.2+69cbf6ad/omni`: errno=28/No space left on device
2026-08-31T06:20:53Z [1,385ms] [Error] [carb] Failed to create change watch for `/home/j/env_isaaclab/lib/python3.11/site-packages/isaacsim/extscache/omni.kit.property.adapter.usd-1.0.2+69cbf6ad/omni/kit`: errno=28/No space left on device
2026-08-31T06:20:53Z [1,385ms] [Error] [carb] Failed to create change watch for `/home/j/env_isaaclab/lib/python3.11/site-packages/isaacsim/extscache/omni.kit.property.adapter.usd-1.0.2+69cbf6ad/omni/kit/property`: errno=28/No space left on device
2026-08-31T06:20:53Z [1,385ms] [Error] [carb] Failed to create change watch for `/home/j/env_isaaclab/lib/python3.11/site-packages/isaacsim/extscache/omni.kit.property.adapter.usd-1.0.2+69cbf6ad/omni/kit/property/adapter`: errno=28/No space left on device
2026-08-31T06:20:53Z [1,385ms] [Error] [carb] Failed to create change watch for `/home/j/env_isaaclab/lib/python3.11/site-packages/isaacsim/extscache/omni.kit.property.adapter.usd-1.0.2+69cbf6ad/omni/kit/property/adapter/usd`: errno=28/No space left on device
2026-08-31T06:20:53Z [1,385ms] [Error] [carb] Failed to create change watch for `/home/j/env_isaaclab/lib/python3.11/site-packages/isaacsim/extscache/omni.kit.property.adapter.usd-1.0.2+69cbf6ad/omni/kit/property/adapter/usd/tests`: errno=28/No space left on device
[1.394s] [ext: omni.kit.graph.delegate.default-1.2.3] startup
2026-08-31T06:20:53Z [1,385ms] [Error] [carb] Failed to create change watch for `/home/j/env_isaaclab/lib/python3.11/site-packages/isaacsim/extscache/omni.kit.property.adapter.fabric-1.0.3+69cbf6ad`: errno=28/No space left on device
2026-08-31T06:20:53Z [1,385ms] [Error] [carb] Failed to create change watch for `/home/j/env_isaaclab/lib/python3.11/site-packages/isaacsim/extscache/omni.kit.property.adapter.usd-1.0.2+69cbf6ad/omni/kit/property/adapter/usd/tests/data`: errno=28/No space left on device
2026-08-31T06:20:53Z [1,385ms] [Error] [carb] Failed to create change watch for `/home/j/env_isaaclab/lib/python3.11/site-packages/isaacsim/extscache/omni.kit.property.adapter.fabric-1.0.3+69cbf6ad/config`: errno=28/No space left on device
2026-08-31T06:20:53Z [1,385ms] [Error] [carb] Failed to create change watch for `/home/j/env_isaaclab/lib/python3.11/site-packages/isaacsim/extscache/omni.kit.property.adapter.usd-1.0.2+69cbf6ad/omni/kit/property/adapter/usd/scripts`: errno=28/No space left on device
2026-08-31T06:20:53Z [1,385ms] [Error] [carb] Failed to create change watch for `/home/j/env_isaaclab/lib/python3.11/site-packages/isaacsim/extscache/omni.kit.property.adapter.fabric-1.0.3+69cbf6ad/omni`: errno=28/No space left on device
2026-08-31T06:20:53Z [1,385ms] [Error] [carb] Failed to create change watch for `/home/j/env_isaaclab/lib/python3.11/site-packages/isaacsim/extscache/omni.kit.property.adapter.fabric-1.0.3+69cbf6ad/omni/kit`: errno=28/No space left on device
2026-08-31T06:20:53Z [1,385ms] [Error] [carb] Failed to create change watch for `/home/j/env_isaaclab/lib/python3.11/site-packages/isaacsim/extscache/omni.kit.property.adapter.fabric-1.0.3+69cbf6ad/omni/kit/property`: errno=28/No space left on device
2026-08-31T06:20:53Z [1,385ms] [Error] [carb] Failed to create change watch for `/home/j/env_isaaclab/lib/python3.11/site-packages/isaacsim/extscache/omni.kit.property.adapter.fabric-1.0.3+69cbf6ad/omni/kit/property/adapter`: errno=28/No space left on device
2026-08-31T06:20:53Z [1,385ms] [Error] [carb] Failed to create change watch for `/home/j/env_isaaclab/lib/python3.11/site-packages/isaacsim/extscache/omni.kit.property.adapter.fabric-1.0.3+69cbf6ad/omni/kit/property/adapter/fabric`: errno=28/No space left on device
2026-08-31T06:20:53Z [1,385ms] [Error] [carb] Failed to create change watch for `/home/j/env_isaaclab/lib/python3.11/site-packages/isaacsim/extscache/omni.kit.property.adapter.fabric-1.0.3+69cbf6ad/omni/kit/property/adapter/fabric/tests`: errno=28/No space left on device
2026-08-31T06:20:53Z [1,386ms] [Error] [carb] Failed to create change watch for `/home/j/env_isaaclab/lib/python3.11/site-packages/isaacsim/extscache/omni.kit.property.adapter.fabric-1.0.3+69cbf6ad/omni/kit/property/adapter/fabric/tests/data`: errno=28/No space left on device
[1.395s] [ext: omni.kit.window.file_importer-1.1.18] startup
2026-08-31T06:20:53Z [1,386ms] [Error] [carb] Failed to create change watch for `/home/j/env_isaaclab/lib/python3.11/site-packages/isaacsim/extscache/omni.kit.graph.delegate.default-1.2.3`: errno=28/No space left on device
2026-08-31T06:20:53Z [1,386ms] [Error] [carb] Failed to create change watch for `/home/j/env_isaaclab/lib/python3.11/site-packages/isaacsim/extscache/omni.kit.property.adapter.fabric-1.0.3+69cbf6ad/omni/kit/property/adapter/fabric/scripts`: errno=28/No space left on device
2026-08-31T06:20:53Z [1,386ms] [Error] [carb] Failed to create change watch for `/home/j/env_isaaclab/lib/python3.11/site-packages/isaacsim/extscache/omni.kit.graph.delegate.default-1.2.3/config`: errno=28/No space left on device
2026-08-31T06:20:53Z [1,386ms] [Error] [carb] Failed to create change watch for `/home/j/env_isaaclab/lib/python3.11/site-packages/isaacsim/extscache/omni.kit.graph.delegate.default-1.2.3/omni`: errno=28/No space left on device
2026-08-31T06:20:53Z [1,386ms] [Error] [carb] Failed to create change watch for `/home/j/env_isaaclab/lib/python3.11/site-packages/isaacsim/extscache/omni.kit.graph.delegate.default-1.2.3/omni/kit`: errno=28/No space left on device
2026-08-31T06:20:53Z [1,386ms] [Error] [carb] Failed to create change watch for `/home/j/env_isaaclab/lib/python3.11/site-packages/isaacsim/extscache/omni.kit.graph.delegate.default-1.2.3/omni/kit/graph`: errno=28/No space left on device
2026-08-31T06:20:53Z [1,386ms] [Error] [carb] Failed to create change watch for `/home/j/env_isaaclab/lib/python3.11/site-packages/isaacsim/extscache/omni.kit.graph.delegate.default-1.2.3/omni/kit/graph/delegate`: errno=28/No space left on device
2026-08-31T06:20:53Z [1,386ms] [Error] [carb] Failed to create change watch for `/home/j/env_isaaclab/lib/python3.11/site-packages/isaacsim/extscache/omni.kit.graph.delegate.default-1.2.3/omni/kit/graph/delegate/default`: errno=28/No space left on device
2026-08-31T06:20:53Z [1,386ms] [Error] [carb] Failed to create change watch for `/home/j/env_isaaclab/lib/python3.11/site-packages/isaacsim/extscache/omni.kit.graph.delegate.default-1.2.3/omni/kit/graph/delegate/default/tests`: errno=28/No space left on device
[1.395s] [ext: omni.kit.stage_template.core-1.1.22] startup
2026-08-31T06:20:53Z [1,386ms] [Error] [carb] Failed to create change watch for `/home/j/env_isaaclab/lib/python3.11/site-packages/isaacsim/extscache/omni.kit.window.file_importer-1.1.18+69cbf6ad`: errno=28/No space left on device
2026-08-31T06:20:53Z [1,386ms] [Error] [carb] Failed to create change watch for `/home/j/env_isaaclab/lib/python3.11/site-packages/isaacsim/extscache/omni.kit.window.file_importer-1.1.18+69cbf6ad/config`: errno=28/No space left on device
2026-08-31T06:20:53Z [1,386ms] [Error] [carb] Failed to create change watch for `/home/j/env_isaaclab/lib/python3.11/site-packages/isaacsim/extscache/omni.kit.window.file_importer-1.1.18+69cbf6ad/omni`: errno=28/No space left on device
2026-08-31T06:20:53Z [1,386ms] [Error] [carb] Failed to create change watch for `/home/j/env_isaaclab/lib/python3.11/site-packages/isaacsim/extscache/omni.kit.window.file_importer-1.1.18+69cbf6ad/omni/kit`: errno=28/No space left on device
2026-08-31T06:20:53Z [1,386ms] [Error] [carb] Failed to create change watch for `/home/j/env_isaaclab/lib/python3.11/site-packages/isaacsim/extscache/omni.kit.window.file_importer-1.1.18+69cbf6ad/omni/kit/window`: errno=28/No space left on device
2026-08-31T06:20:53Z [1,386ms] [Error] [carb] Failed to create change watch for `/home/j/env_isaaclab/lib/python3.11/site-packages/isaacsim/extscache/omni.kit.window.file_importer-1.1.18+69cbf6ad/omni/kit/window/file_importer`: errno=28/No space left on device
2026-08-31T06:20:53Z [1,386ms] [Error] [carb] Failed to create change watch for `/home/j/env_isaaclab/lib/python3.11/site-packages/isaacsim/extscache/omni.kit.window.file_importer-1.1.18+69cbf6ad/omni/kit/window/file_importer/tests`: errno=28/No space left on device
[1.395s] [ext: omni.kit.menu.utils-2.0.5] startup
2026-08-31T06:20:53Z [1,386ms] [Error] [carb] Failed to create change watch for `/home/j/env_isaaclab/lib/python3.11/site-packages/isaacsim/extscache/omni.kit.stage_template.core-1.1.22+69cbf6ad`: errno=28/No space left on device
2026-08-31T06:20:53Z [1,386ms] [Error] [carb] Failed to create change watch for `/home/j/env_isaaclab/lib/python3.11/site-packages/isaacsim/extscache/omni.kit.stage_template.core-1.1.22+69cbf6ad/config`: errno=28/No space left on device
2026-08-31T06:20:53Z [1,387ms] [Error] [carb] Failed to create change watch for `/home/j/env_isaaclab/lib/python3.11/site-packages/isaacsim/extscache/omni.kit.stage_template.core-1.1.22+69cbf6ad/omni`: errno=28/No space left on device
2026-08-31T06:20:53Z [1,387ms] [Error] [carb] Failed to create change watch for `/home/j/env_isaaclab/lib/python3.11/site-packages/isaacsim/extscache/omni.kit.stage_template.core-1.1.22+69cbf6ad/omni/kit`: errno=28/No space left on device
2026-08-31T06:20:53Z [1,387ms] [Error] [carb] Failed to create change watch for `/home/j/env_isaaclab/lib/python3.11/site-packages/isaacsim/extscache/omni.kit.stage_template.core-1.1.22+69cbf6ad/omni/kit/stage_template`: errno=28/No space left on device
2026-08-31T06:20:53Z [1,387ms] [Error] [carb] Failed to create change watch for `/home/j/env_isaaclab/lib/python3.11/site-packages/isaacsim/extscache/omni.kit.stage_template.core-1.1.22+69cbf6ad/omni/kit/stage_template/core`: errno=28/No space left on device
2026-08-31T06:20:53Z [1,387ms] [Error] [carb] Failed to create change watch for `/home/j/env_isaaclab/lib/python3.11/site-packages/isaacsim/extscache/omni.kit.stage_template.core-1.1.22+69cbf6ad/omni/kit/stage_template/core/tests`: errno=28/No space left on device
[1.398s] [ext: omni.kit.window.file-2.0.5] startup
2026-08-31T06:20:53Z [1,389ms] [Error] [carb] Failed to create change watch for `/home/j/env_isaaclab/lib/python3.11/site-packages/isaacsim/extscache/omni.kit.menu.utils-2.0.5+69cbf6ad`: errno=28/No space left on device
2026-08-31T06:20:53Z [1,389ms] [Error] [carb] Failed to create change watch for `/home/j/env_isaaclab/lib/python3.11/site-packages/isaacsim/extscache/omni.kit.menu.utils-2.0.5+69cbf6ad/config`: errno=28/No space left on device
2026-08-31T06:20:53Z [1,390ms] [Error] [carb] Failed to create change watch for `/home/j/env_isaaclab/lib/python3.11/site-packages/isaacsim/extscache/omni.kit.menu.utils-2.0.5+69cbf6ad/omni`: errno=28/No space left on device
2026-08-31T06:20:53Z [1,390ms] [Error] [carb] Failed to create change watch for `/home/j/env_isaaclab/lib/python3.11/site-packages/isaacsim/extscache/omni.kit.menu.utils-2.0.5+69cbf6ad/omni/kit`: errno=28/No space left on device
2026-08-31T06:20:53Z [1,390ms] [Error] [carb] Failed to create change watch for `/home/j/env_isaaclab/lib/python3.11/site-packages/isaacsim/extscache/omni.kit.menu.utils-2.0.5+69cbf6ad/omni/kit/menu`: errno=28/No space left on device
2026-08-31T06:20:53Z [1,390ms] [Error] [carb] Failed to create change watch for `/home/j/env_isaaclab/lib/python3.11/site-packages/isaacsim/extscache/omni.kit.menu.utils-2.0.5+69cbf6ad/omni/kit/menu/utils`: errno=28/No space left on device
2026-08-31T06:20:53Z [1,390ms] [Error] [carb] Failed to create change watch for `/home/j/env_isaaclab/lib/python3.11/site-packages/isaacsim/extscache/omni.kit.menu.utils-2.0.5+69cbf6ad/omni/kit/menu/utils/tests`: errno=28/No space left on device
[1.400s] [ext: omni.kit.widget.highlight_label-1.0.3] startup
2026-08-31T06:20:53Z [1,391ms] [Error] [carb] Failed to create change watch for `/home/j/env_isaaclab/lib/python3.11/site-packages/isaacsim/extscache/omni.kit.window.file-2.0.5+69cbf6ad`: errno=28/No space left on device
2026-08-31T06:20:53Z [1,391ms] [Error] [carb] Failed to create change watch for `/home/j/env_isaaclab/lib/python3.11/site-packages/isaacsim/extscache/omni.kit.window.file-2.0.5+69cbf6ad/config`: errno=28/No space left on device
2026-08-31T06:20:53Z [1,391ms] [Error] [carb] Failed to create change watch for `/home/j/env_isaaclab/lib/python3.11/site-packages/isaacsim/extscache/omni.kit.window.file-2.0.5+69cbf6ad/omni`: errno=28/No space left on device
2026-08-31T06:20:53Z [1,391ms] [Error] [carb] Failed to create change watch for `/home/j/env_isaaclab/lib/python3.11/site-packages/isaacsim/extscache/omni.kit.window.file-2.0.5+69cbf6ad/omni/kit`: errno=28/No space left on device
2026-08-31T06:20:53Z [1,391ms] [Error] [carb] Failed to create change watch for `/home/j/env_isaaclab/lib/python3.11/site-packages/isaacsim/extscache/omni.kit.window.file-2.0.5+69cbf6ad/omni/kit/window`: errno=28/No space left on device
2026-08-31T06:20:53Z [1,391ms] [Error] [carb] Failed to create change watch for `/home/j/env_isaaclab/lib/python3.11/site-packages/isaacsim/extscache/omni.kit.window.file-2.0.5+69cbf6ad/omni/kit/window/file`: errno=28/No space left on device
2026-08-31T06:20:53Z [1,391ms] [Error] [carb] Failed to create change watch for `/home/j/env_isaaclab/lib/python3.11/site-packages/isaacsim/extscache/omni.kit.window.file-2.0.5+69cbf6ad/omni/kit/window/file/tests`: errno=28/No space left on device
[1.401s] [ext: omni.kit.window.drop_support-1.0.5] startup
2026-08-31T06:20:53Z [1,391ms] [Error] [carb] Failed to create change watch for `/home/j/env_isaaclab/lib/python3.11/site-packages/isaacsim/extscache/omni.kit.widget.highlight_label-1.0.3+69cbf6ad`: errno=28/No space left on device
2026-08-31T06:20:53Z [1,392ms] [Error] [carb] Failed to create change watch for `/home/j/env_isaaclab/lib/python3.11/site-packages/isaacsim/extscache/omni.kit.widget.highlight_label-1.0.3+69cbf6ad/config`: errno=28/No space left on device
2026-08-31T06:20:53Z [1,392ms] [Error] [carb] Failed to create change watch for `/home/j/env_isaaclab/lib/python3.11/site-packages/isaacsim/extscache/omni.kit.widget.highlight_label-1.0.3+69cbf6ad/omni`: errno=28/No space left on device
2026-08-31T06:20:53Z [1,392ms] [Error] [carb] Failed to create change watch for `/home/j/env_isaaclab/lib/python3.11/site-packages/isaacsim/extscache/omni.kit.widget.highlight_label-1.0.3+69cbf6ad/omni/kit`: errno=28/No space left on device
2026-08-31T06:20:53Z [1,392ms] [Error] [carb] Failed to create change watch for `/home/j/env_isaaclab/lib/python3.11/site-packages/isaacsim/extscache/omni.kit.widget.highlight_label-1.0.3+69cbf6ad/omni/kit/widget`: errno=28/No space left on device
2026-08-31T06:20:53Z [1,392ms] [Error] [carb] Failed to create change watch for `/home/j/env_isaaclab/lib/python3.11/site-packages/isaacsim/extscache/omni.kit.widget.highlight_label-1.0.3+69cbf6ad/omni/kit/widget/highlight_label`: errno=28/No space left on device
2026-08-31T06:20:53Z [1,392ms] [Error] [carb] Failed to create change watch for `/home/j/env_isaaclab/lib/python3.11/site-packages/isaacsim/extscache/omni.kit.widget.highlight_label-1.0.3+69cbf6ad/omni/kit/widget/highlight_label/tests`: errno=28/No space left on device
[1.401s] [ext: omni.kit.window.content_browser_registry-0.0.6] startup
2026-08-31T06:20:53Z [1,392ms] [Error] [carb] Failed to create change watch for `/home/j/env_isaaclab/lib/python3.11/site-packages/isaacsim/extscache/omni.kit.window.drop_support-1.0.5+69cbf6ad`: errno=28/No space left on device
2026-08-31T06:20:53Z [1,392ms] [Error] [carb] Failed to create change watch for `/home/j/env_isaaclab/lib/python3.11/site-packages/isaacsim/extscache/omni.kit.window.drop_support-1.0.5+69cbf6ad/config`: errno=28/No space left on device
2026-08-31T06:20:53Z [1,392ms] [Error] [carb] Failed to create change watch for `/home/j/env_isaaclab/lib/python3.11/site-packages/isaacsim/extscache/omni.kit.window.drop_support-1.0.5+69cbf6ad/omni`: errno=28/No space left on device
2026-08-31T06:20:53Z [1,392ms] [Error] [carb] Failed to create change watch for `/home/j/env_isaaclab/lib/python3.11/site-packages/isaacsim/extscache/omni.kit.window.drop_support-1.0.5+69cbf6ad/omni/kit`: errno=28/No space left on device
2026-08-31T06:20:53Z [1,392ms] [Error] [carb] Failed to create change watch for `/home/j/env_isaaclab/lib/python3.11/site-packages/isaacsim/extscache/omni.kit.window.drop_support-1.0.5+69cbf6ad/omni/kit/window`: errno=28/No space left on device
2026-08-31T06:20:53Z [1,392ms] [Error] [carb] Failed to create change watch for `/home/j/env_isaaclab/lib/python3.11/site-packages/isaacsim/extscache/omni.kit.window.drop_support-1.0.5+69cbf6ad/omni/kit/window/drop_support`: errno=28/No space left on device
2026-08-31T06:20:53Z [1,392ms] [Error] [carb] Failed to create change watch for `/home/j/env_isaaclab/lib/python3.11/site-packages/isaacsim/extscache/omni.kit.window.drop_support-1.0.5+69cbf6ad/omni/kit/window/drop_support/tests`: errno=28/No space left on device
2026-08-31T06:20:53Z [1,392ms] [Error] [carb] Failed to create change watch for `/home/j/env_isaaclab/lib/python3.11/site-packages/isaacsim/extscache/omni.kit.window.content_browser_registry-0.0.6+69cbf6ad`: errno=28/No space left on device
[1.401s] [ext: omni.kit.window.property-1.12.1] startup
2026-08-31T06:20:53Z [1,392ms] [Error] [carb] Failed to create change watch for `/home/j/env_isaaclab/lib/python3.11/site-packages/isaacsim/extscache/omni.kit.window.content_browser_registry-0.0.6+69cbf6ad/config`: errno=28/No space left on device
2026-08-31T06:20:53Z [1,392ms] [Error] [carb] Failed to create change watch for `/home/j/env_isaaclab/lib/python3.11/site-packages/isaacsim/extscache/omni.kit.window.content_browser_registry-0.0.6+69cbf6ad/omni`: errno=28/No space left on device
2026-08-31T06:20:53Z [1,392ms] [Error] [carb] Failed to create change watch for `/home/j/env_isaaclab/lib/python3.11/site-packages/isaacsim/extscache/omni.kit.window.content_browser_registry-0.0.6+69cbf6ad/omni/kit`: errno=28/No space left on device
2026-08-31T06:20:53Z [1,392ms] [Error] [carb] Failed to create change watch for `/home/j/env_isaaclab/lib/python3.11/site-packages/isaacsim/extscache/omni.kit.window.content_browser_registry-0.0.6+69cbf6ad/omni/kit/window`: errno=28/No space left on device
2026-08-31T06:20:53Z [1,392ms] [Error] [carb] Failed to create change watch for `/home/j/env_isaaclab/lib/python3.11/site-packages/isaacsim/extscache/omni.kit.window.content_browser_registry-0.0.6+69cbf6ad/omni/kit/window/content_browser_registry`: errno=28/No space left on device
2026-08-31T06:20:53Z [1,392ms] [Error] [carb] Failed to create change watch for `/home/j/env_isaaclab/lib/python3.11/site-packages/isaacsim/extscache/omni.kit.window.content_browser_registry-0.0.6+69cbf6ad/omni/kit/window/content_browser_registry/tests`: errno=28/No space left on device
[1.403s] [ext: omni.kit.window.content_browser-3.1.3] startup
2026-08-31T06:20:53Z [1,394ms] [Error] [carb] Failed to create change watch for `/home/j/env_isaaclab/lib/python3.11/site-packages/isaacsim/extscache/omni.kit.window.property-1.12.1+69cbf6ad`: errno=28/No space left on device
2026-08-31T06:20:53Z [1,394ms] [Error] [carb] Failed to create change watch for `/home/j/env_isaaclab/lib/python3.11/site-packages/isaacsim/extscache/omni.kit.window.property-1.12.1+69cbf6ad/config`: errno=28/No space left on device
2026-08-31T06:20:53Z [1,394ms] [Error] [carb] Failed to create change watch for `/home/j/env_isaaclab/lib/python3.11/site-packages/isaacsim/extscache/omni.kit.window.property-1.12.1+69cbf6ad/omni`: errno=28/No space left on device
2026-08-31T06:20:53Z [1,394ms] [Error] [carb] Failed to create change watch for `/home/j/env_isaaclab/lib/python3.11/site-packages/isaacsim/extscache/omni.kit.window.property-1.12.1+69cbf6ad/omni/kit`: errno=28/No space left on device
2026-08-31T06:20:53Z [1,394ms] [Error] [carb] Failed to create change watch for `/home/j/env_isaaclab/lib/python3.11/site-packages/isaacsim/extscache/omni.kit.window.property-1.12.1+69cbf6ad/omni/kit/window`: errno=28/No space left on device
2026-08-31T06:20:53Z [1,394ms] [Error] [carb] Failed to create change watch for `/home/j/env_isaaclab/lib/python3.11/site-packages/isaacsim/extscache/omni.kit.window.property-1.12.1+69cbf6ad/omni/kit/window/property`: errno=28/No space left on device
2026-08-31T06:20:53Z [1,394ms] [Error] [carb] Failed to create change watch for `/home/j/env_isaaclab/lib/python3.11/site-packages/isaacsim/extscache/omni.kit.window.property-1.12.1+69cbf6ad/omni/kit/window/property/tests`: errno=28/No space left on device
2026-08-31T06:20:53Z [1,394ms] [Error] [carb] Failed to create change watch for `/home/j/env_isaaclab/lib/python3.11/site-packages/isaacsim/extscache/omni.kit.window.property-1.12.1+69cbf6ad/omni/kit/window/property/templates`: errno=28/No space left on device
[1.410s] [ext: isaacsim.core.version-2.0.6] startup
2026-08-31T06:20:53Z [1,401ms] [Error] [carb] Failed to create change watch for `/home/j/env_isaaclab/lib/python3.11/site-packages/isaacsim/extscache/omni.kit.window.content_browser-3.1.3+69cbf6ad`: errno=28/No space left on device
2026-08-31T06:20:53Z [1,401ms] [Error] [carb] Failed to create change watch for `/home/j/env_isaaclab/lib/python3.11/site-packages/isaacsim/extscache/omni.kit.window.content_browser-3.1.3+69cbf6ad/config`: errno=28/No space left on device
2026-08-31T06:20:53Z [1,401ms] [Error] [carb] Failed to create change watch for `/home/j/env_isaaclab/lib/python3.11/site-packages/isaacsim/extscache/omni.kit.window.content_browser-3.1.3+69cbf6ad/omni`: errno=28/No space left on device
2026-08-31T06:20:53Z [1,401ms] [Error] [carb] Failed to create change watch for `/home/j/env_isaaclab/lib/python3.11/site-packages/isaacsim/extscache/omni.kit.window.content_browser-3.1.3+69cbf6ad/omni/kit`: errno=28/No space left on device
2026-08-31T06:20:53Z [1,401ms] [Error] [carb] Failed to create change watch for `/home/j/env_isaaclab/lib/python3.11/site-packages/isaacsim/extscache/omni.kit.window.content_browser-3.1.3+69cbf6ad/omni/kit/window`: errno=28/No space left on device
2026-08-31T06:20:53Z [1,401ms] [Error] [carb] Failed to create change watch for `/home/j/env_isaaclab/lib/python3.11/site-packages/isaacsim/extscache/omni.kit.window.content_browser-3.1.3+69cbf6ad/omni/kit/window/content_browser`: errno=28/No space left on device
2026-08-31T06:20:53Z [1,401ms] [Error] [carb] Failed to create change watch for `/home/j/env_isaaclab/lib/python3.11/site-packages/isaacsim/extscache/omni.kit.window.content_browser-3.1.3+69cbf6ad/omni/kit/window/content_browser/tests`: errno=28/No space left on device
[1.410s] [ext: omni.kit.property.usd-4.5.12] startup
2026-08-31T06:20:53Z [1,401ms] [Error] [carb] Failed to create change watch for `/home/j/env_isaaclab/lib/python3.11/site-packages/isaacsim/exts/isaacsim.core.version`: errno=28/No space left on device
2026-08-31T06:20:53Z [1,401ms] [Error] [carb] Failed to create change watch for `/home/j/env_isaaclab/lib/python3.11/site-packages/isaacsim/exts/isaacsim.core.version/config`: errno=28/No space left on device
2026-08-31T06:20:53Z [1,401ms] [Error] [carb] Failed to create change watch for `/home/j/env_isaaclab/lib/python3.11/site-packages/isaacsim/exts/isaacsim.core.version/isaacsim`: errno=28/No space left on device
2026-08-31T06:20:53Z [1,401ms] [Error] [carb] Failed to create change watch for `/home/j/env_isaaclab/lib/python3.11/site-packages/isaacsim/exts/isaacsim.core.version/isaacsim/core`: errno=28/No space left on device
2026-08-31T06:20:53Z [1,402ms] [Error] [carb] Failed to create change watch for `/home/j/env_isaaclab/lib/python3.11/site-packages/isaacsim/exts/isaacsim.core.version/isaacsim/core/version`: errno=28/No space left on device
2026-08-31T06:20:53Z [1,402ms] [Error] [carb] Failed to create change watch for `/home/j/env_isaaclab/lib/python3.11/site-packages/isaacsim/exts/isaacsim.core.version/isaacsim/core/version/tests`: errno=28/No space left on device
[1.417s] [ext: omni.kit.graph.editor.core-1.5.3] startup
2026-08-31T06:20:53Z [1,408ms] [Error] [carb] Failed to create change watch for `/home/j/env_isaaclab/lib/python3.11/site-packages/isaacsim/extscache/omni.kit.property.usd-4.5.12+69cbf6ad`: errno=28/No space left on device
2026-08-31T06:20:53Z [1,408ms] [Error] [carb] Failed to create change watch for `/home/j/env_isaaclab/lib/python3.11/site-packages/isaacsim/extscache/omni.kit.property.usd-4.5.12+69cbf6ad/config`: errno=28/No space left on device
2026-08-31T06:20:53Z [1,408ms] [Error] [carb] Failed to create change watch for `/home/j/env_isaaclab/lib/python3.11/site-packages/isaacsim/extscache/omni.kit.property.usd-4.5.12+69cbf6ad/omni`: errno=28/No space left on device
2026-08-31T06:20:53Z [1,408ms] [Error] [carb] Failed to create change watch for `/home/j/env_isaaclab/lib/python3.11/site-packages/isaacsim/extscache/omni.kit.property.usd-4.5.12+69cbf6ad/omni/kit`: errno=28/No space left on device
2026-08-31T06:20:53Z [1,408ms] [Error] [carb] Failed to create change watch for `/home/j/env_isaaclab/lib/python3.11/site-packages/isaacsim/extscache/omni.kit.property.usd-4.5.12+69cbf6ad/omni/kit/property`: errno=28/No space left on device
2026-08-31T06:20:53Z [1,408ms] [Error] [carb] Failed to create change watch for `/home/j/env_isaaclab/lib/python3.11/site-packages/isaacsim/extscache/omni.kit.property.usd-4.5.12+69cbf6ad/omni/kit/property/usd`: errno=28/No space left on device
2026-08-31T06:20:53Z [1,408ms] [Error] [carb] Failed to create change watch for `/home/j/env_isaaclab/lib/python3.11/site-packages/isaacsim/extscache/omni.kit.property.usd-4.5.12+69cbf6ad/omni/kit/property/usd/tests`: errno=28/No space left on device
[1.418s] [ext: omni.kit.material.library-2.0.7] startup
2026-08-31T06:20:53Z [1,409ms] [Error] [carb] Failed to create change watch for `/home/j/env_isaaclab/lib/python3.11/site-packages/isaacsim/extscache/omni.kit.graph.editor.core-1.5.3`: errno=28/No space left on device
2026-08-31T06:20:53Z [1,410ms] [Error] [carb] Failed to create change watch for `/home/j/env_isaaclab/lib/python3.11/site-packages/isaacsim/extscache/omni.kit.graph.editor.core-1.5.3/config`: errno=28/No space left on device
2026-08-31T06:20:53Z [1,410ms] [Error] [carb] Failed to create change watch for `/home/j/env_isaaclab/lib/python3.11/site-packages/isaacsim/extscache/omni.kit.graph.editor.core-1.5.3/omni`: errno=28/No space left on device
2026-08-31T06:20:53Z [1,410ms] [Error] [carb] Failed to create change watch for `/home/j/env_isaaclab/lib/python3.11/site-packages/isaacsim/extscache/omni.kit.graph.editor.core-1.5.3/omni/kit`: errno=28/No space left on device
2026-08-31T06:20:53Z [1,410ms] [Error] [carb] Failed to create change watch for `/home/j/env_isaaclab/lib/python3.11/site-packages/isaacsim/extscache/omni.kit.graph.editor.core-1.5.3/omni/kit/graph`: errno=28/No space left on device
2026-08-31T06:20:53Z [1,410ms] [Error] [carb] Failed to create change watch for `/home/j/env_isaaclab/lib/python3.11/site-packages/isaacsim/extscache/omni.kit.graph.editor.core-1.5.3/omni/kit/graph/editor`: errno=28/No space left on device
2026-08-31T06:20:53Z [1,410ms] [Error] [carb] Failed to create change watch for `/home/j/env_isaaclab/lib/python3.11/site-packages/isaacsim/extscache/omni.kit.graph.editor.core-1.5.3/omni/kit/graph/editor/core`: errno=28/No space left on device
2026-08-31T06:20:53Z [1,410ms] [Error] [carb] Failed to create change watch for `/home/j/env_isaaclab/lib/python3.11/site-packages/isaacsim/extscache/omni.kit.graph.editor.core-1.5.3/omni/kit/graph/editor/core/tests`: errno=28/No space left on device
[1.421s] [ext: omni.kit.graph.usd.commands-1.3.1] startup
2026-08-31T06:20:53Z [1,412ms] [Error] [carb] Failed to create change watch for `/home/j/env_isaaclab/lib/python3.11/site-packages/isaacsim/extscache/omni.kit.material.library-2.0.7+69cbf6ad`: errno=28/No space left on device
2026-08-31T06:20:53Z [1,412ms] [Error] [carb] Failed to create change watch for `/home/j/env_isaaclab/lib/python3.11/site-packages/isaacsim/extscache/omni.kit.material.library-2.0.7+69cbf6ad/config`: errno=28/No space left on device
2026-08-31T06:20:53Z [1,412ms] [Error] [carb] Failed to create change watch for `/home/j/env_isaaclab/lib/python3.11/site-packages/isaacsim/extscache/omni.kit.material.library-2.0.7+69cbf6ad/omni`: errno=28/No space left on device
2026-08-31T06:20:53Z [1,412ms] [Error] [carb] Failed to create change watch for `/home/j/env_isaaclab/lib/python3.11/site-packages/isaacsim/extscache/omni.kit.material.library-2.0.7+69cbf6ad/omni/kit`: errno=28/No space left on device
2026-08-31T06:20:53Z [1,413ms] [Error] [carb] Failed to create change watch for `/home/j/env_isaaclab/lib/python3.11/site-packages/isaacsim/extscache/omni.kit.material.library-2.0.7+69cbf6ad/omni/kit/material`: errno=28/No space left on device
2026-08-31T06:20:53Z [1,413ms] [Error] [carb] Failed to create change watch for `/home/j/env_isaaclab/lib/python3.11/site-packages/isaacsim/extscache/omni.kit.material.library-2.0.7+69cbf6ad/omni/kit/material/library`: errno=28/No space left on device
2026-08-31T06:20:53Z [1,413ms] [Error] [carb] Failed to create change watch for `/home/j/env_isaaclab/lib/python3.11/site-packages/isaacsim/extscache/omni.kit.material.library-2.0.7+69cbf6ad/omni/kit/material/library/tests`: errno=28/No space left on device
2026-08-31T06:20:53Z [1,413ms] [Error] [carb] Failed to create change watch for `/home/j/env_isaaclab/lib/python3.11/site-packages/isaacsim/extscache/omni.kit.material.library-2.0.7+69cbf6ad/omni/kit/material/library/pages`: errno=28/No space left on device
2026-08-31T06:20:53Z [1,413ms] [Error] [carb] Failed to create change watch for `/home/j/env_isaaclab/lib/python3.11/site-packages/isaacsim/extscache/omni.kit.graph.usd.commands-1.3.1`: errno=28/No space left on device
[1.422s] [ext: omni.kvdb-107.3.26] startup
2026-08-31T06:20:53Z [1,413ms] [Error] [carb] Failed to create change watch for `/home/j/env_isaaclab/lib/python3.11/site-packages/isaacsim/extscache/omni.kit.graph.usd.commands-1.3.1/config`: errno=28/No space left on device
2026-08-31T06:20:53Z [1,413ms] [Error] [carb] Failed to create change watch for `/home/j/env_isaaclab/lib/python3.11/site-packages/isaacsim/extscache/omni.kit.graph.usd.commands-1.3.1/omni`: errno=28/No space left on device
2026-08-31T06:20:53Z [1,413ms] [Error] [carb] Failed to create change watch for `/home/j/env_isaaclab/lib/python3.11/site-packages/isaacsim/extscache/omni.kit.graph.usd.commands-1.3.1/omni/kit`: errno=28/No space left on device
2026-08-31T06:20:53Z [1,413ms] [Error] [carb] Failed to create change watch for `/home/j/env_isaaclab/lib/python3.11/site-packages/isaacsim/extscache/omni.kit.graph.usd.commands-1.3.1/omni/kit/graph`: errno=28/No space left on device
2026-08-31T06:20:53Z [1,413ms] [Error] [carb] Failed to create change watch for `/home/j/env_isaaclab/lib/python3.11/site-packages/isaacsim/extscache/omni.kit.graph.usd.commands-1.3.1/omni/kit/graph/usd`: errno=28/No space left on device
2026-08-31T06:20:53Z [1,413ms] [Error] [carb] Failed to create change watch for `/home/j/env_isaaclab/lib/python3.11/site-packages/isaacsim/extscache/omni.kit.graph.usd.commands-1.3.1/omni/kit/graph/usd/commands`: errno=28/No space left on device
2026-08-31T06:20:53Z [1,413ms] [Error] [carb] Failed to create change watch for `/home/j/env_isaaclab/lib/python3.11/site-packages/isaacsim/extscache/omni.kit.graph.usd.commands-1.3.1/omni/kit/graph/usd/commands/tests`: errno=28/No space left on device
[1.423s] [ext: omni.usdphysics-107.3.26] startup
2026-08-31T06:20:53Z [1,414ms] [Error] [carb] Failed to create change watch for `/home/j/env_isaaclab/lib/python3.11/site-packages/isaacsim/extscache/omni.kvdb-107.3.26+107.3.3.lx64.r.cp311.u353`: errno=28/No space left on device
2026-08-31T06:20:53Z [1,414ms] [Error] [carb] Failed to create change watch for `/home/j/env_isaaclab/lib/python3.11/site-packages/isaacsim/extscache/omni.kvdb-107.3.26+107.3.3.lx64.r.cp311.u353/config`: errno=28/No space left on device
2026-08-31T06:20:53Z [1,414ms] [Error] [carb] Failed to create change watch for `/home/j/env_isaaclab/lib/python3.11/site-packages/isaacsim/extscache/omni.kvdb-107.3.26+107.3.3.lx64.r.cp311.u353/omni`: errno=28/No space left on device
2026-08-31T06:20:53Z [1,414ms] [Error] [carb] Failed to create change watch for `/home/j/env_isaaclab/lib/python3.11/site-packages/isaacsim/extscache/omni.kvdb-107.3.26+107.3.3.lx64.r.cp311.u353/omni/kvdb`: errno=28/No space left on device
2026-08-31T06:20:53Z [1,414ms] [Error] [carb] Failed to create change watch for `/home/j/env_isaaclab/lib/python3.11/site-packages/isaacsim/extscache/omni.kvdb-107.3.26+107.3.3.lx64.r.cp311.u353/omni/kvdb/bindings`: errno=28/No space left on device
2026-08-31T06:20:53Z [1,414ms] [Error] [carb] Failed to create change watch for `/home/j/env_isaaclab/lib/python3.11/site-packages/isaacsim/extscache/omni.kvdb-107.3.26+107.3.3.lx64.r.cp311.u353/omni/kvdb/scripts`: errno=28/No space left on device
[1.424s] [ext: omni.physx.foundation-107.3.26] startup
2026-08-31T06:20:53Z [1,415ms] [Error] [carb] Failed to create change watch for `/home/j/env_isaaclab/lib/python3.11/site-packages/isaacsim/extscache/omni.usdphysics-107.3.26+107.3.3.lx64.r.cp311.u353`: errno=28/No space left on device
2026-08-31T06:20:53Z [1,416ms] [Error] [carb] Failed to create change watch for `/home/j/env_isaaclab/lib/python3.11/site-packages/isaacsim/extscache/omni.usdphysics-107.3.26+107.3.3.lx64.r.cp311.u353/config`: errno=28/No space left on device
2026-08-31T06:20:53Z [1,416ms] [Error] [carb] Failed to create change watch for `/home/j/env_isaaclab/lib/python3.11/site-packages/isaacsim/extscache/omni.usdphysics-107.3.26+107.3.3.lx64.r.cp311.u353/omni`: errno=28/No space left on device
2026-08-31T06:20:53Z [1,416ms] [Error] [carb] Failed to create change watch for `/home/j/env_isaaclab/lib/python3.11/site-packages/isaacsim/extscache/omni.usdphysics-107.3.26+107.3.3.lx64.r.cp311.u353/omni/usdphysics`: errno=28/No space left on device
2026-08-31T06:20:53Z [1,416ms] [Error] [carb] Failed to create change watch for `/home/j/env_isaaclab/lib/python3.11/site-packages/isaacsim/extscache/omni.usdphysics-107.3.26+107.3.3.lx64.r.cp311.u353/omni/usdphysics/scripts`: errno=28/No space left on device
[1.426s] [ext: omni.localcache-107.3.26] startup
2026-08-31T06:20:53Z [1,417ms] [Error] [carb] Failed to create change watch for `/home/j/env_isaaclab/lib/python3.11/site-packages/isaacsim/extscache/omni.physx.foundation-107.3.26+107.3.3.lx64.r.cp311.u353`: errno=28/No space left on device
2026-08-31T06:20:53Z [1,417ms] [Error] [carb] Failed to create change watch for `/home/j/env_isaaclab/lib/python3.11/site-packages/isaacsim/extscache/omni.physx.foundation-107.3.26+107.3.3.lx64.r.cp311.u353/config`: errno=28/No space left on device
2026-08-31T06:20:53Z [1,417ms] [Error] [carb] Failed to create change watch for `/home/j/env_isaaclab/lib/python3.11/site-packages/isaacsim/extscache/omni.physx.foundation-107.3.26+107.3.3.lx64.r.cp311.u353/omni`: errno=28/No space left on device
2026-08-31T06:20:53Z [1,417ms] [Error] [carb] Failed to create change watch for `/home/j/env_isaaclab/lib/python3.11/site-packages/isaacsim/extscache/omni.physx.foundation-107.3.26+107.3.3.lx64.r.cp311.u353/omni/physxfoundation`: errno=28/No space left on device
2026-08-31T06:20:53Z [1,417ms] [Error] [carb] Failed to create change watch for `/home/j/env_isaaclab/lib/python3.11/site-packages/isaacsim/extscache/omni.physx.foundation-107.3.26+107.3.3.lx64.r.cp311.u353/omni/physxfoundation/bindings`: errno=28/No space left on device
2026-08-31T06:20:53Z [1,417ms] [Error] [carb] Failed to create change watch for `/home/j/env_isaaclab/lib/python3.11/site-packages/isaacsim/extscache/omni.physx.foundation-107.3.26+107.3.3.lx64.r.cp311.u353/omni/physxfoundation/scripts`: errno=28/No space left on device
[1.426s] [ext: omni.convexdecomposition-107.3.26] startup
2026-08-31T06:20:53Z [1,418ms] [Error] [carb] Failed to create change watch for `/home/j/env_isaaclab/lib/python3.11/site-packages/isaacsim/extscache/omni.localcache-107.3.26+107.3.3.lx64.r.cp311.u353`: errno=28/No space left on device
2026-08-31T06:20:53Z [1,418ms] [Error] [carb] Failed to create change watch for `/home/j/env_isaaclab/lib/python3.11/site-packages/isaacsim/extscache/omni.localcache-107.3.26+107.3.3.lx64.r.cp311.u353/config`: errno=28/No space left on device
2026-08-31T06:20:53Z [1,418ms] [Error] [carb] Failed to create change watch for `/home/j/env_isaaclab/lib/python3.11/site-packages/isaacsim/extscache/omni.localcache-107.3.26+107.3.3.lx64.r.cp311.u353/omni`: errno=28/No space left on device
2026-08-31T06:20:53Z [1,418ms] [Error] [carb] Failed to create change watch for `/home/j/env_isaaclab/lib/python3.11/site-packages/isaacsim/extscache/omni.localcache-107.3.26+107.3.3.lx64.r.cp311.u353/omni/localcache`: errno=28/No space left on device
2026-08-31T06:20:53Z [1,418ms] [Error] [carb] Failed to create change watch for `/home/j/env_isaaclab/lib/python3.11/site-packages/isaacsim/extscache/omni.localcache-107.3.26+107.3.3.lx64.r.cp311.u353/omni/localcache/bindings`: errno=28/No space left on device
2026-08-31T06:20:53Z [1,418ms] [Error] [carb] Failed to create change watch for `/home/j/env_isaaclab/lib/python3.11/site-packages/isaacsim/extscache/omni.localcache-107.3.26+107.3.3.lx64.r.cp311.u353/omni/localcache/scripts`: errno=28/No space left on device
[1.428s] [ext: omni.physics-107.3.26] startup
2026-08-31T06:20:53Z [1,419ms] [Error] [carb] Failed to create change watch for `/home/j/env_isaaclab/lib/python3.11/site-packages/isaacsim/extscache/omni.convexdecomposition-107.3.26+107.3.3.lx64.r.cp311.u353`: errno=28/No space left on device
2026-08-31T06:20:53Z [1,419ms] [Error] [carb] Failed to create change watch for `/home/j/env_isaaclab/lib/python3.11/site-packages/isaacsim/extscache/omni.convexdecomposition-107.3.26+107.3.3.lx64.r.cp311.u353/config`: errno=28/No space left on device
2026-08-31T06:20:53Z [1,420ms] [Error] [carb] Failed to create change watch for `/home/j/env_isaaclab/lib/python3.11/site-packages/isaacsim/extscache/omni.convexdecomposition-107.3.26+107.3.3.lx64.r.cp311.u353/omni`: errno=28/No space left on device
2026-08-31T06:20:53Z [1,420ms] [Error] [carb] Failed to create change watch for `/home/j/env_isaaclab/lib/python3.11/site-packages/isaacsim/extscache/omni.convexdecomposition-107.3.26+107.3.3.lx64.r.cp311.u353/omni/convexdecomposition`: errno=28/No space left on device
2026-08-31T06:20:53Z [1,420ms] [Error] [carb] Failed to create change watch for `/home/j/env_isaaclab/lib/python3.11/site-packages/isaacsim/extscache/omni.convexdecomposition-107.3.26+107.3.3.lx64.r.cp311.u353/omni/convexdecomposition/tests`: errno=28/No space left on device
2026-08-31T06:20:53Z [1,420ms] [Error] [carb] Failed to create change watch for `/home/j/env_isaaclab/lib/python3.11/site-packages/isaacsim/extscache/omni.convexdecomposition-107.3.26+107.3.3.lx64.r.cp311.u353/omni/convexdecomposition/bindings`: errno=28/No space left on device
2026-08-31T06:20:53Z [1,420ms] [Error] [carb] Failed to create change watch for `/home/j/env_isaaclab/lib/python3.11/site-packages/isaacsim/extscache/omni.convexdecomposition-107.3.26+107.3.3.lx64.r.cp311.u353/omni/convexdecomposition/scripts`: errno=28/No space left on device
[1.430s] [ext: omni.physx.cooking-107.3.26] startup
2026-08-31T06:20:53Z [1,422ms] [Error] [carb] Failed to create change watch for `/home/j/env_isaaclab/lib/python3.11/site-packages/isaacsim/extscache/omni.physics-107.3.26+107.3.3.lx64.r.cp311.u353`: errno=28/No space left on device
2026-08-31T06:20:53Z [1,422ms] [Error] [carb] Failed to create change watch for `/home/j/env_isaaclab/lib/python3.11/site-packages/isaacsim/extscache/omni.physics-107.3.26+107.3.3.lx64.r.cp311.u353/config`: errno=28/No space left on device
2026-08-31T06:20:53Z [1,422ms] [Error] [carb] Failed to create change watch for `/home/j/env_isaaclab/lib/python3.11/site-packages/isaacsim/extscache/omni.physics-107.3.26+107.3.3.lx64.r.cp311.u353/omni`: errno=28/No space left on device
2026-08-31T06:20:53Z [1,422ms] [Error] [carb] Failed to create change watch for `/home/j/env_isaaclab/lib/python3.11/site-packages/isaacsim/extscache/omni.physics-107.3.26+107.3.3.lx64.r.cp311.u353/omni/physics`: errno=28/No space left on device
2026-08-31T06:20:53Z [1,422ms] [Error] [carb] Failed to create change watch for `/home/j/env_isaaclab/lib/python3.11/site-packages/isaacsim/extscache/omni.physics-107.3.26+107.3.3.lx64.r.cp311.u353/omni/physics/core`: errno=28/No space left on device
2026-08-31T06:20:53Z [1,422ms] [Error] [carb] Failed to create change watch for `/home/j/env_isaaclab/lib/python3.11/site-packages/isaacsim/extscache/omni.physics-107.3.26+107.3.3.lx64.r.cp311.u353/omni/physics/core/tests`: errno=28/No space left on device
2026-08-31T06:20:53Z [1,422ms] [Error] [carb] Failed to create change watch for `/home/j/env_isaaclab/lib/python3.11/site-packages/isaacsim/extscache/omni.physics-107.3.26+107.3.3.lx64.r.cp311.u353/omni/physics/core/bindings`: errno=28/No space left on device
2026-08-31T06:20:53Z [1,422ms] [Error] [carb] Failed to create change watch for `/home/j/env_isaaclab/lib/python3.11/site-packages/isaacsim/extscache/omni.physics-107.3.26+107.3.3.lx64.r.cp311.u353/omni/physics/core/scripts`: errno=28/No space left on device
[1.433s] [ext: omni.physics.stageupdate-107.3.26] startup
2026-08-31T06:20:53Z [1,424ms] [Error] [carb] Failed to create change watch for `/home/j/env_isaaclab/lib/python3.11/site-packages/isaacsim/extscache/omni.physx.cooking-107.3.26+107.3.3.lx64.r.cp311.u353`: errno=28/No space left on device
2026-08-31T06:20:53Z [1,424ms] [Error] [carb] Failed to create change watch for `/home/j/env_isaaclab/lib/python3.11/site-packages/isaacsim/extscache/omni.physx.cooking-107.3.26+107.3.3.lx64.r.cp311.u353/config`: errno=28/No space left on device
2026-08-31T06:20:53Z [1,424ms] [Error] [carb] Failed to create change watch for `/home/j/env_isaaclab/lib/python3.11/site-packages/isaacsim/extscache/omni.physx.cooking-107.3.26+107.3.3.lx64.r.cp311.u353/omni`: errno=28/No space left on device
2026-08-31T06:20:53Z [1,424ms] [Error] [carb] Failed to create change watch for `/home/j/env_isaaclab/lib/python3.11/site-packages/isaacsim/extscache/omni.physx.cooking-107.3.26+107.3.3.lx64.r.cp311.u353/omni/physxcooking`: errno=28/No space left on device
2026-08-31T06:20:53Z [1,424ms] [Error] [carb] Failed to create change watch for `/home/j/env_isaaclab/lib/python3.11/site-packages/isaacsim/extscache/omni.physx.cooking-107.3.26+107.3.3.lx64.r.cp311.u353/omni/physxcooking/tests`: errno=28/No space left on device
2026-08-31T06:20:53Z [1,424ms] [Error] [carb] Failed to create change watch for `/home/j/env_isaaclab/lib/python3.11/site-packages/isaacsim/extscache/omni.physx.cooking-107.3.26+107.3.3.lx64.r.cp311.u353/omni/physxcooking/bindings`: errno=28/No space left on device
2026-08-31T06:20:53Z [1,424ms] [Error] [carb] Failed to create change watch for `/home/j/env_isaaclab/lib/python3.11/site-packages/isaacsim/extscache/omni.physx.cooking-107.3.26+107.3.3.lx64.r.cp311.u353/omni/physxcooking/scripts`: errno=28/No space left on device
[1.434s] [ext: omni.physx-107.3.26] startup
2026-08-31T06:20:53Z [1,425ms] [Error] [carb] Failed to create change watch for `/home/j/env_isaaclab/lib/python3.11/site-packages/isaacsim/extscache/omni.physics.stageupdate-107.3.26+107.3.3.lx64.r.cp311.u353`: errno=28/No space left on device
2026-08-31T06:20:53Z [1,425ms] [Error] [carb] Failed to create change watch for `/home/j/env_isaaclab/lib/python3.11/site-packages/isaacsim/extscache/omni.physics.stageupdate-107.3.26+107.3.3.lx64.r.cp311.u353/config`: errno=28/No space left on device
2026-08-31T06:20:53Z [1,425ms] [Error] [carb] Failed to create change watch for `/home/j/env_isaaclab/lib/python3.11/site-packages/isaacsim/extscache/omni.physics.stageupdate-107.3.26+107.3.3.lx64.r.cp311.u353/omni`: errno=28/No space left on device
2026-08-31T06:20:53Z [1,425ms] [Error] [carb] Failed to create change watch for `/home/j/env_isaaclab/lib/python3.11/site-packages/isaacsim/extscache/omni.physics.stageupdate-107.3.26+107.3.3.lx64.r.cp311.u353/omni/physics`: errno=28/No space left on device
2026-08-31T06:20:53Z [1,425ms] [Error] [carb] Failed to create change watch for `/home/j/env_isaaclab/lib/python3.11/site-packages/isaacsim/extscache/omni.physics.stageupdate-107.3.26+107.3.3.lx64.r.cp311.u353/omni/physics/stageupdate`: errno=28/No space left on device
2026-08-31T06:20:53Z [1,425ms] [Error] [carb] Failed to create change watch for `/home/j/env_isaaclab/lib/python3.11/site-packages/isaacsim/extscache/omni.physics.stageupdate-107.3.26+107.3.3.lx64.r.cp311.u353/omni/physics/stageupdate/tests`: errno=28/No space left on device
2026-08-31T06:20:53Z [1,425ms] [Error] [carb] Failed to create change watch for `/home/j/env_isaaclab/lib/python3.11/site-packages/isaacsim/extscache/omni.physics.stageupdate-107.3.26+107.3.3.lx64.r.cp311.u353/omni/physics/stageupdate/bindings`: errno=28/No space left on device
2026-08-31T06:20:53Z [1,425ms] [Error] [carb] Failed to create change watch for `/home/j/env_isaaclab/lib/python3.11/site-packages/isaacsim/extscache/omni.physics.stageupdate-107.3.26+107.3.3.lx64.r.cp311.u353/omni/physics/stageupdate/scripts`: errno=28/No space left on device
[1.441s] [ext: omni.index.libs-380600.8087.0] startup
2026-08-31T06:20:53Z [1,432ms] [Error] [carb] Failed to create change watch for `/home/j/env_isaaclab/lib/python3.11/site-packages/isaacsim/extscache/omni.physx-107.3.26+107.3.3.lx64.r.cp311.u353`: errno=28/No space left on device
[1.441s] [ext: omni.physics.physx-107.3.26] startup
2026-08-31T06:20:53Z [1,432ms] [Error] [carb] Failed to create change watch for `/home/j/env_isaaclab/lib/python3.11/site-packages/isaacsim/extscache/omni.physx-107.3.26+107.3.3.lx64.r.cp311.u353/config`: errno=28/No space left on device
2026-08-31T06:20:53Z [1,432ms] [Error] [carb] Failed to create change watch for `/home/j/env_isaaclab/lib/python3.11/site-packages/isaacsim/extscache/omni.physx-107.3.26+107.3.3.lx64.r.cp311.u353/omni`: errno=28/No space left on device
2026-08-31T06:20:53Z [1,432ms] [Error] [carb] Failed to create change watch for `/home/j/env_isaaclab/lib/python3.11/site-packages/isaacsim/extscache/omni.physx-107.3.26+107.3.3.lx64.r.cp311.u353/omni/physx`: errno=28/No space left on device
2026-08-31T06:20:53Z [1,432ms] [Error] [carb] Failed to create change watch for `/home/j/env_isaaclab/lib/python3.11/site-packages/isaacsim/extscache/omni.physx-107.3.26+107.3.3.lx64.r.cp311.u353/omni/physx/bindings`: errno=28/No space left on device
2026-08-31T06:20:53Z [1,432ms] [Error] [carb] Failed to create change watch for `/home/j/env_isaaclab/lib/python3.11/site-packages/isaacsim/extscache/omni.physx-107.3.26+107.3.3.lx64.r.cp311.u353/omni/physx/scripts`: errno=28/No space left on device
2026-08-31T06:20:53Z [1,433ms] [Warning] [carb] Acquiring non optional plugin interface which is not listed as dependency: [omni::physx::IPhysxBenchmarks v1.0] (plugin: <default plugin>), by client: omni.physics.physx.plugin. Add it to CARB_PLUGIN_IMPL_DEPS() macro of a client.
[1.442s] [ext: omni.index-1.0.1] startup
2026-08-31T06:20:53Z [1,433ms] [Error] [carb] Failed to create change watch for `/home/j/env_isaaclab/lib/python3.11/site-packages/isaacsim/extscache/omni.physics.physx-107.3.26+107.3.3.lx64.r.cp311.u353`: errno=28/No space left on device
2026-08-31T06:20:53Z [1,433ms] [Error] [carb] Failed to create change watch for `/home/j/env_isaaclab/lib/python3.11/site-packages/isaacsim/extscache/omni.physics.physx-107.3.26+107.3.3.lx64.r.cp311.u353/config`: errno=28/No space left on device
2026-08-31T06:20:53Z [1,433ms] [Error] [carb] Failed to create change watch for `/home/j/env_isaaclab/lib/python3.11/site-packages/isaacsim/extscache/omni.physics.physx-107.3.26+107.3.3.lx64.r.cp311.u353/omni`: errno=28/No space left on device
[1.443s] [ext: omni.volume-0.5.2] startup
2026-08-31T06:20:53Z [1,434ms] [Error] [carb] Failed to create change watch for `/home/j/env_isaaclab/lib/python3.11/site-packages/isaacsim/extscache/omni.physics.physx-107.3.26+107.3.3.lx64.r.cp311.u353/omni/physics`: errno=28/No space left on device
2026-08-31T06:20:53Z [1,434ms] [Error] [carb] Failed to create change watch for `/home/j/env_isaaclab/lib/python3.11/site-packages/isaacsim/extscache/omni.physics.physx-107.3.26+107.3.3.lx64.r.cp311.u353/omni/physics/physx`: errno=28/No space left on device
2026-08-31T06:20:53Z [1,434ms] [Error] [carb] Failed to create change watch for `/home/j/env_isaaclab/lib/python3.11/site-packages/isaacsim/extscache/omni.physics.physx-107.3.26+107.3.3.lx64.r.cp311.u353/omni/physics/physx/tests`: errno=28/No space left on device
[1.444s] [ext: omni.ujitso.client-0.0.0] startup
2026-08-31T06:20:53Z [1,435ms] [Error] [carb] Failed to create change watch for `/home/j/env_isaaclab/lib/python3.11/site-packages/isaacsim/extscache/omni.volume-0.5.2+69cbf6ad.lx64.r.cp311`: errno=28/No space left on device
2026-08-31T06:20:53Z [1,435ms] [Error] [carb] Failed to create change watch for `/home/j/env_isaaclab/lib/python3.11/site-packages/isaacsim/extscache/omni.volume-0.5.2+69cbf6ad.lx64.r.cp311/config`: errno=28/No space left on device
2026-08-31T06:20:53Z [1,435ms] [Error] [carb] Failed to create change watch for `/home/j/env_isaaclab/lib/python3.11/site-packages/isaacsim/extscache/omni.volume-0.5.2+69cbf6ad.lx64.r.cp311/omni`: errno=28/No space left on device
2026-08-31T06:20:53Z [1,436ms] [Error] [carb] Failed to create change watch for `/home/j/env_isaaclab/lib/python3.11/site-packages/isaacsim/extscache/omni.volume-0.5.2+69cbf6ad.lx64.r.cp311/omni/volume`: errno=28/No space left on device
2026-08-31T06:20:53Z [1,436ms] [Error] [carb] Failed to create change watch for `/home/j/env_isaaclab/lib/python3.11/site-packages/isaacsim/extscache/omni.volume-0.5.2+69cbf6ad.lx64.r.cp311/omni/volume/tests`: errno=28/No space left on device
[1.445s] [ext: omni.hydra.rtx.shadercache.vulkan-1.0.0] startup
[1.445s] [ext: omni.kit.widget.searchable_combobox-1.0.6] startup
[1.446s] [ext: omni.hydra.rtx-1.0.0] startup
2026-08-31T06:20:53Z [1,437ms] [Error] [carb] Failed to create change watch for `/home/j/env_isaaclab/lib/python3.11/site-packages/isaacsim/extscache/omni.kit.widget.searchable_combobox-1.0.6+69cbf6ad`: errno=28/No space left on device
2026-08-31T06:20:53Z [1,437ms] [Error] [carb] Failed to create change watch for `/home/j/env_isaaclab/lib/python3.11/site-packages/isaacsim/extscache/omni.kit.widget.searchable_combobox-1.0.6+69cbf6ad/config`: errno=28/No space left on device
2026-08-31T06:20:53Z [1,437ms] [Error] [carb] Failed to create change watch for `/home/j/env_isaaclab/lib/python3.11/site-packages/isaacsim/extscache/omni.kit.widget.searchable_combobox-1.0.6+69cbf6ad/omni`: errno=28/No space left on device
2026-08-31T06:20:53Z [1,437ms] [Error] [carb] Failed to create change watch for `/home/j/env_isaaclab/lib/python3.11/site-packages/isaacsim/extscache/omni.kit.widget.searchable_combobox-1.0.6+69cbf6ad/omni/kit`: errno=28/No space left on device
2026-08-31T06:20:53Z [1,437ms] [Error] [carb] Failed to create change watch for `/home/j/env_isaaclab/lib/python3.11/site-packages/isaacsim/extscache/omni.kit.widget.searchable_combobox-1.0.6+69cbf6ad/omni/kit/widget`: errno=28/No space left on device
2026-08-31T06:20:53Z [1,437ms] [Error] [carb] Failed to create change watch for `/home/j/env_isaaclab/lib/python3.11/site-packages/isaacsim/extscache/omni.kit.widget.searchable_combobox-1.0.6+69cbf6ad/omni/kit/widget/searchable_combobox`: errno=28/No space left on device
2026-08-31T06:20:53Z [1,437ms] [Error] [carb] Failed to create change watch for `/home/j/env_isaaclab/lib/python3.11/site-packages/isaacsim/extscache/omni.kit.widget.searchable_combobox-1.0.6+69cbf6ad/omni/kit/widget/searchable_combobox/tests`: errno=28/No space left on device
2026-08-31T06:20:53Z [1,450ms] [Warning] [omni.log] Source: omni.hydra was already registered.
[1.470s] [ext: omni.kit.widget.settings-1.2.6] startup
[1.471s] [ext: omni.kit.hydra_texture-1.4.6] startup
2026-08-31T06:20:53Z [1,462ms] [Error] [carb] Failed to create change watch for `/home/j/env_isaaclab/lib/python3.11/site-packages/isaacsim/extscache/omni.kit.widget.settings-1.2.6+69cbf6ad`: errno=28/No space left on device
2026-08-31T06:20:53Z [1,462ms] [Error] [carb] Failed to create change watch for `/home/j/env_isaaclab/lib/python3.11/site-packages/isaacsim/extscache/omni.kit.widget.settings-1.2.6+69cbf6ad/config`: errno=28/No space left on device
2026-08-31T06:20:53Z [1,463ms] [Error] [carb] Failed to create change watch for `/home/j/env_isaaclab/lib/python3.11/site-packages/isaacsim/extscache/omni.kit.widget.settings-1.2.6+69cbf6ad/omni`: errno=28/No space left on device
2026-08-31T06:20:53Z [1,463ms] [Error] [carb] Failed to create change watch for `/home/j/env_isaaclab/lib/python3.11/site-packages/isaacsim/extscache/omni.kit.widget.settings-1.2.6+69cbf6ad/omni/kit`: errno=28/No space left on device
2026-08-31T06:20:53Z [1,463ms] [Error] [carb] Failed to create change watch for `/home/j/env_isaaclab/lib/python3.11/site-packages/isaacsim/extscache/omni.kit.widget.settings-1.2.6+69cbf6ad/omni/kit/widget`: errno=28/No space left on device
2026-08-31T06:20:53Z [1,463ms] [Error] [carb] Failed to create change watch for `/home/j/env_isaaclab/lib/python3.11/site-packages/isaacsim/extscache/omni.kit.widget.settings-1.2.6+69cbf6ad/omni/kit/widget/settings`: errno=28/No space left on device
2026-08-31T06:20:53Z [1,463ms] [Error] [carb] Failed to create change watch for `/home/j/env_isaaclab/lib/python3.11/site-packages/isaacsim/extscache/omni.kit.widget.settings-1.2.6+69cbf6ad/omni/kit/widget/settings/tests`: errno=28/No space left on device
2026-08-31T06:20:53Z [1,463ms] [Error] [carb] Failed to create change watch for `/home/j/env_isaaclab/lib/python3.11/site-packages/isaacsim/extscache/omni.kit.widget.settings-1.2.6+69cbf6ad/omni/kit/widget/settings/deprecated`: errno=28/No space left on device
[1.474s] [ext: omni.graph.tools-1.79.2] startup
2026-08-31T06:20:53Z [1,465ms] [Error] [carb] Failed to create change watch for `/home/j/env_isaaclab/lib/python3.11/site-packages/isaacsim/extscache/omni.kit.hydra_texture-1.4.6+69cbf6ad.lx64.r.cp311`: errno=28/No space left on device
2026-08-31T06:20:53Z [1,465ms] [Error] [carb] Failed to create change watch for `/home/j/env_isaaclab/lib/python3.11/site-packages/isaacsim/extscache/omni.kit.hydra_texture-1.4.6+69cbf6ad.lx64.r.cp311/config`: errno=28/No space left on device
2026-08-31T06:20:53Z [1,465ms] [Error] [carb] Failed to create change watch for `/home/j/env_isaaclab/lib/python3.11/site-packages/isaacsim/extscache/omni.kit.hydra_texture-1.4.6+69cbf6ad.lx64.r.cp311/omni`: errno=28/No space left on device
2026-08-31T06:20:53Z [1,465ms] [Error] [carb] Failed to create change watch for `/home/j/env_isaaclab/lib/python3.11/site-packages/isaacsim/extscache/omni.kit.hydra_texture-1.4.6+69cbf6ad.lx64.r.cp311/omni/hydratexture`: errno=28/No space left on device
2026-08-31T06:20:53Z [1,465ms] [Error] [carb] Failed to create change watch for `/home/j/env_isaaclab/lib/python3.11/site-packages/isaacsim/extscache/omni.kit.hydra_texture-1.4.6+69cbf6ad.lx64.r.cp311/omni/kit`: errno=28/No space left on device
2026-08-31T06:20:53Z [1,465ms] [Error] [carb] Failed to create change watch for `/home/j/env_isaaclab/lib/python3.11/site-packages/isaacsim/extscache/omni.kit.hydra_texture-1.4.6+69cbf6ad.lx64.r.cp311/omni/kit/hydra_texture`: errno=28/No space left on device
2026-08-31T06:20:53Z [1,465ms] [Error] [carb] Failed to create change watch for `/home/j/env_isaaclab/lib/python3.11/site-packages/isaacsim/extscache/omni.kit.hydra_texture-1.4.6+69cbf6ad.lx64.r.cp311/omni/kit/hydra_texture/tests`: errno=28/No space left on device
[1.489s] [ext: omni.kit.window.preferences-1.8.0] startup
2026-08-31T06:20:53Z [1,480ms] [Error] [carb] Failed to create change watch for `/home/j/env_isaaclab/lib/python3.11/site-packages/isaacsim/extscache/omni.graph.tools-1.79.2+69cbf6ad`: errno=28/No space left on device
2026-08-31T06:20:53Z [1,480ms] [Error] [carb] Failed to create change watch for `/home/j/env_isaaclab/lib/python3.11/site-packages/isaacsim/extscache/omni.graph.tools-1.79.2+69cbf6ad/config`: errno=28/No space left on device
2026-08-31T06:20:53Z [1,480ms] [Error] [carb] Failed to create change watch for `/home/j/env_isaaclab/lib/python3.11/site-packages/isaacsim/extscache/omni.graph.tools-1.79.2+69cbf6ad/omni`: errno=28/No space left on device
2026-08-31T06:20:53Z [1,480ms] [Error] [carb] Failed to create change watch for `/home/j/env_isaaclab/lib/python3.11/site-packages/isaacsim/extscache/omni.graph.tools-1.79.2+69cbf6ad/omni/graph`: errno=28/No space left on device
2026-08-31T06:20:53Z [1,481ms] [Error] [carb] Failed to create change watch for `/home/j/env_isaaclab/lib/python3.11/site-packages/isaacsim/extscache/omni.graph.tools-1.79.2+69cbf6ad/omni/graph/tools`: errno=28/No space left on device
2026-08-31T06:20:53Z [1,481ms] [Error] [carb] Failed to create change watch for `/home/j/env_isaaclab/lib/python3.11/site-packages/isaacsim/extscache/omni.graph.tools-1.79.2+69cbf6ad/omni/graph/tools/tests`: errno=28/No space left on device
2026-08-31T06:20:53Z [1,481ms] [Error] [carb] Failed to create change watch for `/home/j/env_isaaclab/lib/python3.11/site-packages/isaacsim/extscache/omni.graph.tools-1.79.2+69cbf6ad/omni/graph/tools/tests/extensions`: errno=28/No space left on device
2026-08-31T06:20:53Z [1,481ms] [Error] [carb] Failed to create change watch for `/home/j/env_isaaclab/lib/python3.11/site-packages/isaacsim/extscache/omni.graph.tools-1.79.2+69cbf6ad/omni/graph/tools/tests/extensions/omni.graph.scaffolding`: errno=28/No space left on device
2026-08-31T06:20:53Z [1,481ms] [Error] [carb] Failed to create change watch for `/home/j/env_isaaclab/lib/python3.11/site-packages/isaacsim/extscache/omni.graph.tools-1.79.2+69cbf6ad/omni/graph/tools/tests/extensions/omni.graph.scaffolding/ogn`: errno=28/No space left on device
2026-08-31T06:20:53Z [1,481ms] [Error] [carb] Failed to create change watch for `/home/j/env_isaaclab/lib/python3.11/site-packages/isaacsim/extscache/omni.graph.tools-1.79.2+69cbf6ad/omni/graph/tools/tests/extensions/omni.graph.scaffolding/ogn/docs`: errno=28/No space left on device
2026-08-31T06:20:53Z [1,481ms] [Error] [carb] Failed to create change watch for `/home/j/env_isaaclab/lib/python3.11/site-packages/isaacsim/extscache/omni.graph.tools-1.79.2+69cbf6ad/omni/graph/tools/_impl`: errno=28/No space left on device
2026-08-31T06:20:53Z [1,481ms] [Error] [carb] Failed to create change watch for `/home/j/env_isaaclab/lib/python3.11/site-packages/isaacsim/extscache/omni.graph.tools-1.79.2+69cbf6ad/omni/graph/tools/_impl/autonode_generator`: errno=28/No space left on device
2026-08-31T06:20:53Z [1,481ms] [Error] [carb] Failed to create change watch for `/home/j/env_isaaclab/lib/python3.11/site-packages/isaacsim/extscache/omni.graph.tools-1.79.2+69cbf6ad/omni/graph/tools/_impl/deprecated`: errno=28/No space left on device
2026-08-31T06:20:53Z [1,481ms] [Error] [carb] Failed to create change watch for `/home/j/env_isaaclab/lib/python3.11/site-packages/isaacsim/extscache/omni.graph.tools-1.79.2+69cbf6ad/omni/graph/tools/_impl/internal`: errno=28/No space left on device
2026-08-31T06:20:53Z [1,481ms] [Error] [carb] Failed to create change watch for `/home/j/env_isaaclab/lib/python3.11/site-packages/isaacsim/extscache/omni.graph.tools-1.79.2+69cbf6ad/omni/graph/tools/_impl/repo_tools`: errno=28/No space left on device
2026-08-31T06:20:53Z [1,481ms] [Error] [carb] Failed to create change watch for `/home/j/env_isaaclab/lib/python3.11/site-packages/isaacsim/extscache/omni.graph.tools-1.79.2+69cbf6ad/omni/graph/tools/_impl/node_generator`: errno=28/No space left on device
2026-08-31T06:20:53Z [1,481ms] [Error] [carb] Failed to create change watch for `/home/j/env_isaaclab/lib/python3.11/site-packages/isaacsim/extscache/omni.graph.tools-1.79.2+69cbf6ad/omni/graph/tools/_impl/node_generator/attributes`: errno=28/No space left on device
2026-08-31T06:20:53Z [1,482ms] [Error] [carb] Failed to create change watch for `/home/j/env_isaaclab/lib/python3.11/site-packages/isaacsim/extscache/omni.kit.window.preferences-1.8.0+69cbf6ad`: errno=28/No space left on device
2026-08-31T06:20:53Z [1,482ms] [Error] [carb] Failed to create change watch for `/home/j/env_isaaclab/lib/python3.11/site-packages/isaacsim/extscache/omni.kit.window.preferences-1.8.0+69cbf6ad/config`: errno=28/No space left on device
2026-08-31T06:20:53Z [1,482ms] [Error] [carb] Failed to create change watch for `/home/j/env_isaaclab/lib/python3.11/site-packages/isaacsim/extscache/omni.kit.window.preferences-1.8.0+69cbf6ad/omni`: errno=28/No space left on device
2026-08-31T06:20:53Z [1,482ms] [Error] [carb] Failed to create change watch for `/home/j/env_isaaclab/lib/python3.11/site-packages/isaacsim/extscache/omni.kit.window.preferences-1.8.0+69cbf6ad/omni/kit`: errno=28/No space left on device
2026-08-31T06:20:53Z [1,482ms] [Error] [carb] Failed to create change watch for `/home/j/env_isaaclab/lib/python3.11/site-packages/isaacsim/extscache/omni.kit.window.preferences-1.8.0+69cbf6ad/omni/kit/window`: errno=28/No space left on device
2026-08-31T06:20:53Z [1,482ms] [Error] [carb] Failed to create change watch for `/home/j/env_isaaclab/lib/python3.11/site-packages/isaacsim/extscache/omni.kit.window.preferences-1.8.0+69cbf6ad/omni/kit/window/preferences`: errno=28/No space left on device
2026-08-31T06:20:53Z [1,482ms] [Error] [carb] Failed to create change watch for `/home/j/env_isaaclab/lib/python3.11/site-packages/isaacsim/extscache/omni.kit.window.preferences-1.8.0+69cbf6ad/omni/kit/window/preferences/tests`: errno=28/No space left on device
2026-08-31T06:20:53Z [1,482ms] [Error] [carb] Failed to create change watch for `/home/j/env_isaaclab/lib/python3.11/site-packages/isaacsim/extscache/omni.kit.window.preferences-1.8.0+69cbf6ad/omni/kit/window/preferences/scripts`: errno=28/No space left on device
2026-08-31T06:20:53Z [1,482ms] [Error] [carb] Failed to create change watch for `/home/j/env_isaaclab/lib/python3.11/site-packages/isaacsim/extscache/omni.kit.window.preferences-1.8.0+69cbf6ad/omni/kit/window/preferences/scripts/pages`: errno=28/No space left on device
[1.492s] [ext: omni.kit.widget.material_preview-1.0.16] startup
[1.493s] [ext: omni.graph-1.141.2] startup
2026-08-31T06:20:53Z [1,484ms] [Error] [carb] Failed to create change watch for `/home/j/env_isaaclab/lib/python3.11/site-packages/isaacsim/extscache/omni.kit.widget.material_preview-1.0.16`: errno=28/No space left on device
2026-08-31T06:20:53Z [1,484ms] [Error] [carb] Failed to create change watch for `/home/j/env_isaaclab/lib/python3.11/site-packages/isaacsim/extscache/omni.kit.widget.material_preview-1.0.16/config`: errno=28/No space left on device
2026-08-31T06:20:53Z [1,484ms] [Error] [carb] Failed to create change watch for `/home/j/env_isaaclab/lib/python3.11/site-packages/isaacsim/extscache/omni.kit.widget.material_preview-1.0.16/omni`: errno=28/No space left on device
2026-08-31T06:20:53Z [1,485ms] [Error] [carb] Failed to create change watch for `/home/j/env_isaaclab/lib/python3.11/site-packages/isaacsim/extscache/omni.kit.widget.material_preview-1.0.16/omni/kit`: errno=28/No space left on device
2026-08-31T06:20:53Z [1,485ms] [Error] [carb] Failed to create change watch for `/home/j/env_isaaclab/lib/python3.11/site-packages/isaacsim/extscache/omni.kit.widget.material_preview-1.0.16/omni/kit/widget`: errno=28/No space left on device
2026-08-31T06:20:53Z [1,485ms] [Error] [carb] Failed to create change watch for `/home/j/env_isaaclab/lib/python3.11/site-packages/isaacsim/extscache/omni.kit.widget.material_preview-1.0.16/omni/kit/widget/material_preview`: errno=28/No space left on device
2026-08-31T06:20:53Z [1,485ms] [Error] [carb] Failed to create change watch for `/home/j/env_isaaclab/lib/python3.11/site-packages/isaacsim/extscache/omni.kit.widget.material_preview-1.0.16/omni/kit/widget/material_preview/tests`: errno=28/No space left on device
2026-08-31T06:20:53Z [1,513ms] [Error] [carb] Failed to create change watch for `/home/j/env_isaaclab/lib/python3.11/site-packages/isaacsim/extscache/omni.graph-1.141.2+69cbf6ad.lx64.r.cp311`: errno=28/No space left on device
2026-08-31T06:20:53Z [1,513ms] [Error] [carb] Failed to create change watch for `/home/j/env_isaaclab/lib/python3.11/site-packages/isaacsim/extscache/omni.graph-1.141.2+69cbf6ad.lx64.r.cp311/config`: errno=28/No space left on device
2026-08-31T06:20:53Z [1,513ms] [Error] [carb] Failed to create change watch for `/home/j/env_isaaclab/lib/python3.11/site-packages/isaacsim/extscache/omni.graph-1.141.2+69cbf6ad.lx64.r.cp311/omni`: errno=28/No space left on device
[1.523s] [ext: omni.kit.window.material_graph-1.9.1] startup
2026-08-31T06:20:53Z [1,514ms] [Error] [carb] Failed to create change watch for `/home/j/env_isaaclab/lib/python3.11/site-packages/isaacsim/extscache/omni.graph-1.141.2+69cbf6ad.lx64.r.cp311/omni/graph`: errno=28/No space left on device
2026-08-31T06:20:53Z [1,514ms] [Error] [carb] Failed to create change watch for `/home/j/env_isaaclab/lib/python3.11/site-packages/isaacsim/extscache/omni.graph-1.141.2+69cbf6ad.lx64.r.cp311/omni/graph/core`: errno=28/No space left on device
2026-08-31T06:20:53Z [1,514ms] [Error] [carb] Failed to create change watch for `/home/j/env_isaaclab/lib/python3.11/site-packages/isaacsim/extscache/omni.graph-1.141.2+69cbf6ad.lx64.r.cp311/omni/graph/core/data`: errno=28/No space left on device
2026-08-31T06:20:53Z [1,514ms] [Error] [carb] Failed to create change watch for `/home/j/env_isaaclab/lib/python3.11/site-packages/isaacsim/extscache/omni.graph-1.141.2+69cbf6ad.lx64.r.cp311/omni/graph/core/data/displacement`: errno=28/No space left on device
2026-08-31T06:20:53Z [1,514ms] [Error] [carb] Failed to create change watch for `/home/j/env_isaaclab/lib/python3.11/site-packages/isaacsim/extscache/omni.graph-1.141.2+69cbf6ad.lx64.r.cp311/omni/graph/core/data/anim_deformer`: errno=28/No space left on device
2026-08-31T06:20:53Z [1,514ms] [Error] [carb] Failed to create change watch for `/home/j/env_isaaclab/lib/python3.11/site-packages/isaacsim/extscache/omni.graph-1.141.2+69cbf6ad.lx64.r.cp311/omni/graph/core/data/anim_deformer/PostSkinMorph`: errno=28/No space left on device
2026-08-31T06:20:53Z [1,514ms] [Error] [carb] Failed to create change watch for `/home/j/env_isaaclab/lib/python3.11/site-packages/isaacsim/extscache/omni.graph-1.141.2+69cbf6ad.lx64.r.cp311/omni/graph/core/data/anim_deformer/skinning`: errno=28/No space left on device
2026-08-31T06:20:53Z [1,514ms] [Error] [carb] Failed to create change watch for `/home/j/env_isaaclab/lib/python3.11/site-packages/isaacsim/extscache/omni.graph-1.141.2+69cbf6ad.lx64.r.cp311/omni/graph/core/data/anim_deformer/morph`: errno=28/No space left on device
2026-08-31T06:20:53Z [1,514ms] [Error] [carb] Failed to create change watch for `/home/j/env_isaaclab/lib/python3.11/site-packages/isaacsim/extscache/omni.graph-1.141.2+69cbf6ad.lx64.r.cp311/omni/graph/core/data/anim_deformer/JointManipulator`: errno=28/No space left on device
2026-08-31T06:20:53Z [1,514ms] [Error] [carb] Failed to create change watch for `/home/j/env_isaaclab/lib/python3.11/site-packages/isaacsim/extscache/omni.graph-1.141.2+69cbf6ad.lx64.r.cp311/omni/graph/core/tests`: errno=28/No space left on device
2026-08-31T06:20:53Z [1,514ms] [Error] [carb] Failed to create change watch for `/home/j/env_isaaclab/lib/python3.11/site-packages/isaacsim/extscache/omni.graph-1.141.2+69cbf6ad.lx64.r.cp311/omni/graph/core/_impl`: errno=28/No space left on device
2026-08-31T06:20:53Z [1,514ms] [Error] [carb] Failed to create change watch for `/home/j/env_isaaclab/lib/python3.11/site-packages/isaacsim/extscache/omni.graph-1.141.2+69cbf6ad.lx64.r.cp311/omni/graph/core/_impl/autonode_deprecated`: errno=28/No space left on device
2026-08-31T06:20:53Z [1,515ms] [Error] [carb] Failed to create change watch for `/home/j/env_isaaclab/lib/python3.11/site-packages/isaacsim/extscache/omni.graph-1.141.2+69cbf6ad.lx64.r.cp311/omni/graph/core/_impl/commands`: errno=28/No space left on device
2026-08-31T06:20:53Z [1,515ms] [Error] [carb] Failed to create change watch for `/home/j/env_isaaclab/lib/python3.11/site-packages/isaacsim/extscache/omni.graph-1.141.2+69cbf6ad.lx64.r.cp311/omni/graph/core/_impl/_registration`: errno=28/No space left on device
2026-08-31T06:20:53Z [1,515ms] [Error] [carb] Failed to create change watch for `/home/j/env_isaaclab/lib/python3.11/site-packages/isaacsim/extscache/omni.graph-1.141.2+69cbf6ad.lx64.r.cp311/omni/graph/core/_impl/v1_5_0`: errno=28/No space left on device
2026-08-31T06:20:53Z [1,515ms] [Error] [carb] Failed to create change watch for `/home/j/env_isaaclab/lib/python3.11/site-packages/isaacsim/extscache/omni.graph-1.141.2+69cbf6ad.lx64.r.cp311/omni/graph/core/_impl/unstable`: errno=28/No space left on device
2026-08-31T06:20:53Z [1,519ms] [Error] [carb] Failed to create change watch for `/home/j/env_isaaclab/lib/python3.11/site-packages/isaacsim/extscache/omni.kit.window.material_graph-1.9.1`: errno=28/No space left on device
[1.528s] [ext: omni.isaac.dynamic_control-2.0.7] startup
2026-08-31T06:20:53Z [1,520ms] [Error] [carb] Failed to create change watch for `/home/j/env_isaaclab/lib/python3.11/site-packages/isaacsim/extscache/omni.kit.window.material_graph-1.9.1/config`: errno=28/No space left on device
2026-08-31T06:20:53Z [1,520ms] [Error] [carb] Failed to create change watch for `/home/j/env_isaaclab/lib/python3.11/site-packages/isaacsim/extscache/omni.kit.window.material_graph-1.9.1/omni`: errno=28/No space left on device
2026-08-31T06:20:53Z [1,520ms] [Error] [carb] Failed to create change watch for `/home/j/env_isaaclab/lib/python3.11/site-packages/isaacsim/extscache/omni.kit.window.material_graph-1.9.1/omni/kit`: errno=28/No space left on device
2026-08-31T06:20:53Z [1,520ms] [Error] [carb] Failed to create change watch for `/home/j/env_isaaclab/lib/python3.11/site-packages/isaacsim/extscache/omni.kit.window.material_graph-1.9.1/omni/kit/window`: errno=28/No space left on device
2026-08-31T06:20:53Z [1,520ms] [Error] [carb] Failed to create change watch for `/home/j/env_isaaclab/lib/python3.11/site-packages/isaacsim/extscache/omni.kit.window.material_graph-1.9.1/omni/kit/window/material_graph`: errno=28/No space left on device
2026-08-31T06:20:53Z [1,520ms] [Error] [carb] Failed to create change watch for `/home/j/env_isaaclab/lib/python3.11/site-packages/isaacsim/extscache/omni.kit.window.material_graph-1.9.1/omni/kit/window/material_graph/tests`: errno=28/No space left on device
2026-08-31T06:20:53Z [1,520ms] [Error] [carb] Failed to create change watch for `/home/j/env_isaaclab/lib/python3.11/site-packages/isaacsim/extscache/omni.kit.window.material_graph-1.9.1/omni/kit/window/material_graph/shader_registry`: errno=28/No space left on device
2026-08-31T06:20:53Z [1,523ms] [Warning] [omni.isaac.dynamic_control] omni.isaac.dynamic_control is deprecated as of Isaac Sim 4.5. No action is needed from end-users.
[1.532s] [ext: isaacsim.storage.native-1.5.1] startup
2026-08-31T06:20:53Z [1,523ms] [Error] [carb] Failed to create change watch for `/home/j/env_isaaclab/lib/python3.11/site-packages/isaacsim/extsDeprecated/omni.isaac.dynamic_control`: errno=28/No space left on device
2026-08-31T06:20:53Z [1,523ms] [Error] [carb] Failed to create change watch for `/home/j/env_isaaclab/lib/python3.11/site-packages/isaacsim/extsDeprecated/omni.isaac.dynamic_control/config`: errno=28/No space left on device
2026-08-31T06:20:53Z [1,523ms] [Error] [carb] Failed to create change watch for `/home/j/env_isaaclab/lib/python3.11/site-packages/isaacsim/extsDeprecated/omni.isaac.dynamic_control/omni`: errno=28/No space left on device
2026-08-31T06:20:53Z [1,523ms] [Error] [carb] Failed to create change watch for `/home/j/env_isaaclab/lib/python3.11/site-packages/isaacsim/extsDeprecated/omni.isaac.dynamic_control/omni/isaac`: errno=28/No space left on device
2026-08-31T06:20:53Z [1,523ms] [Error] [carb] Failed to create change watch for `/home/j/env_isaaclab/lib/python3.11/site-packages/isaacsim/extsDeprecated/omni.isaac.dynamic_control/omni/isaac/dynamic_control`: errno=28/No space left on device
2026-08-31T06:20:53Z [1,524ms] [Error] [carb] Failed to create change watch for `/home/j/env_isaaclab/lib/python3.11/site-packages/isaacsim/extsDeprecated/omni.isaac.dynamic_control/omni/isaac/dynamic_control/tests`: errno=28/No space left on device
2026-08-31T06:20:53Z [1,524ms] [Error] [carb] Failed to create change watch for `/home/j/env_isaaclab/lib/python3.11/site-packages/isaacsim/extsDeprecated/omni.isaac.dynamic_control/omni/isaac/dynamic_control/scripts`: errno=28/No space left on device
[1.535s] [ext: omni.graph.scriptnode-1.50.0] startup
2026-08-31T06:20:53Z [1,526ms] [Error] [carb] Failed to create change watch for `/home/j/env_isaaclab/lib/python3.11/site-packages/isaacsim/exts/isaacsim.storage.native`: errno=28/No space left on device
2026-08-31T06:20:53Z [1,526ms] [Error] [carb] Failed to create change watch for `/home/j/env_isaaclab/lib/python3.11/site-packages/isaacsim/exts/isaacsim.storage.native/config`: errno=28/No space left on device
2026-08-31T06:20:53Z [1,526ms] [Error] [carb] Failed to create change watch for `/home/j/env_isaaclab/lib/python3.11/site-packages/isaacsim/exts/isaacsim.storage.native/isaacsim`: errno=28/No space left on device
2026-08-31T06:20:53Z [1,526ms] [Error] [carb] Failed to create change watch for `/home/j/env_isaaclab/lib/python3.11/site-packages/isaacsim/exts/isaacsim.storage.native/isaacsim/storage`: errno=28/No space left on device
2026-08-31T06:20:53Z [1,526ms] [Error] [carb] Failed to create change watch for `/home/j/env_isaaclab/lib/python3.11/site-packages/isaacsim/exts/isaacsim.storage.native/isaacsim/storage/native`: errno=28/No space left on device
2026-08-31T06:20:53Z [1,526ms] [Error] [carb] Failed to create change watch for `/home/j/env_isaaclab/lib/python3.11/site-packages/isaacsim/exts/isaacsim.storage.native/isaacsim/storage/native/tests`: errno=28/No space left on device
2026-08-31T06:20:53Z [1,526ms] [Error] [carb] Failed to create change watch for `/home/j/env_isaaclab/lib/python3.11/site-packages/isaacsim/exts/isaacsim.storage.native/isaacsim/storage/native/impl`: errno=28/No space left on device
2026-08-31T06:20:53Z [1,527ms] [Error] [carb] Failed to create change watch for `/home/j/env_isaaclab/lib/python3.11/site-packages/isaacsim/extscache/omni.graph.scriptnode-1.50.0+107.3.0`: errno=28/No space left on device
[1.536s] [ext: omni.hydra.engine.stats-1.0.3] startup
2026-08-31T06:20:53Z [1,527ms] [Error] [carb] Failed to create change watch for `/home/j/env_isaaclab/lib/python3.11/site-packages/isaacsim/extscache/omni.graph.scriptnode-1.50.0+107.3.0/config`: errno=28/No space left on device
2026-08-31T06:20:53Z [1,527ms] [Error] [carb] Failed to create change watch for `/home/j/env_isaaclab/lib/python3.11/site-packages/isaacsim/extscache/omni.graph.scriptnode-1.50.0+107.3.0/omni`: errno=28/No space left on device
2026-08-31T06:20:53Z [1,528ms] [Error] [carb] Failed to create change watch for `/home/j/env_isaaclab/lib/python3.11/site-packages/isaacsim/extscache/omni.graph.scriptnode-1.50.0+107.3.0/omni/graph`: errno=28/No space left on device
2026-08-31T06:20:53Z [1,528ms] [Error] [carb] Failed to create change watch for `/home/j/env_isaaclab/lib/python3.11/site-packages/isaacsim/extscache/omni.graph.scriptnode-1.50.0+107.3.0/omni/graph/scriptnode`: errno=28/No space left on device
2026-08-31T06:20:53Z [1,528ms] [Error] [carb] Failed to create change watch for `/home/j/env_isaaclab/lib/python3.11/site-packages/isaacsim/extscache/omni.graph.scriptnode-1.50.0+107.3.0/omni/graph/scriptnode/tests`: errno=28/No space left on device
2026-08-31T06:20:53Z [1,528ms] [Error] [carb] Failed to create change watch for `/home/j/env_isaaclab/lib/python3.11/site-packages/isaacsim/extscache/omni.graph.scriptnode-1.50.0+107.3.0/omni/graph/scriptnode/tests/data`: errno=28/No space left on device
2026-08-31T06:20:53Z [1,528ms] [Error] [carb] Failed to create change watch for `/home/j/env_isaaclab/lib/python3.11/site-packages/isaacsim/extscache/omni.graph.scriptnode-1.50.0+107.3.0/omni/graph/scriptnode/ogn`: errno=28/No space left on device
2026-08-31T06:20:53Z [1,528ms] [Error] [carb] Failed to create change watch for `/home/j/env_isaaclab/lib/python3.11/site-packages/isaacsim/extscache/omni.graph.scriptnode-1.50.0+107.3.0/omni/graph/scriptnode/ogn/tests`: errno=28/No space left on device
2026-08-31T06:20:53Z [1,528ms] [Error] [carb] Failed to create change watch for `/home/j/env_isaaclab/lib/python3.11/site-packages/isaacsim/extscache/omni.graph.scriptnode-1.50.0+107.3.0/omni/graph/scriptnode/ogn/tests/usd`: errno=28/No space left on device
2026-08-31T06:20:53Z [1,528ms] [Error] [carb] Failed to create change watch for `/home/j/env_isaaclab/lib/python3.11/site-packages/isaacsim/extscache/omni.graph.scriptnode-1.50.0+107.3.0/omni/graph/scriptnode/ogn/python`: errno=28/No space left on device
2026-08-31T06:20:53Z [1,528ms] [Error] [carb] Failed to create change watch for `/home/j/env_isaaclab/lib/python3.11/site-packages/isaacsim/extscache/omni.graph.scriptnode-1.50.0+107.3.0/omni/graph/scriptnode/ogn/python/nodes`: errno=28/No space left on device
2026-08-31T06:20:53Z [1,528ms] [Error] [carb] Failed to create change watch for `/home/j/env_isaaclab/lib/python3.11/site-packages/isaacsim/extscache/omni.graph.scriptnode-1.50.0+107.3.0/omni/graph/scriptnode/ogn/python/nodes/images`: errno=28/No space left on device
2026-08-31T06:20:53Z [1,528ms] [Error] [carb] Failed to create change watch for `/home/j/env_isaaclab/lib/python3.11/site-packages/isaacsim/extscache/omni.graph.scriptnode-1.50.0+107.3.0/omni/graph/scriptnode/_impl`: errno=28/No space left on device
2026-08-31T06:20:53Z [1,528ms] [Error] [carb] Failed to create change watch for `/home/j/env_isaaclab/lib/python3.11/site-packages/isaacsim/extscache/omni.graph.scriptnode-1.50.0+107.3.0/omni/graph/scriptnode/_impl/templates`: errno=28/No space left on device
2026-08-31T06:20:53Z [1,530ms] [Error] [carb] Failed to create change watch for `/home/j/env_isaaclab/lib/python3.11/site-packages/isaacsim/extscache/omni.hydra.engine.stats-1.0.3+69cbf6ad.lx64.r.cp311`: errno=28/No space left on device
2026-08-31T06:20:53Z [1,530ms] [Error] [carb] Failed to create change watch for `/home/j/env_isaaclab/lib/python3.11/site-packages/isaacsim/extscache/omni.hydra.engine.stats-1.0.3+69cbf6ad.lx64.r.cp311/config`: errno=28/No space left on device
2026-08-31T06:20:53Z [1,530ms] [Error] [carb] Failed to create change watch for `/home/j/env_isaaclab/lib/python3.11/site-packages/isaacsim/extscache/omni.hydra.engine.stats-1.0.3+69cbf6ad.lx64.r.cp311/omni`: errno=28/No space left on device
2026-08-31T06:20:53Z [1,531ms] [Error] [carb] Failed to create change watch for `/home/j/env_isaaclab/lib/python3.11/site-packages/isaacsim/extscache/omni.hydra.engine.stats-1.0.3+69cbf6ad.lx64.r.cp311/omni/hydra`: errno=28/No space left on device
2026-08-31T06:20:53Z [1,531ms] [Error] [carb] Failed to create change watch for `/home/j/env_isaaclab/lib/python3.11/site-packages/isaacsim/extscache/omni.hydra.engine.stats-1.0.3+69cbf6ad.lx64.r.cp311/omni/hydra/engine`: errno=28/No space left on device
2026-08-31T06:20:53Z [1,531ms] [Error] [carb] Failed to create change watch for `/home/j/env_isaaclab/lib/python3.11/site-packages/isaacsim/extscache/omni.hydra.engine.stats-1.0.3+69cbf6ad.lx64.r.cp311/omni/hydra/engine/stats`: errno=28/No space left on device
2026-08-31T06:20:53Z [1,531ms] [Error] [carb] Failed to create change watch for `/home/j/env_isaaclab/lib/python3.11/site-packages/isaacsim/extscache/omni.hydra.engine.stats-1.0.3+69cbf6ad.lx64.r.cp311/omni/hydra/engine/stats/tests`: errno=28/No space left on device
[1.540s] [ext: omni.kit.viewport.legacy_gizmos-1.0.19] startup
2026-08-31T06:20:53Z [1,533ms] [Error] [carb] Failed to create change watch for `/home/j/env_isaaclab/lib/python3.11/site-packages/isaacsim/extscache/omni.kit.viewport.legacy_gizmos-1.0.19+69cbf6ad.lx64.r.cp311`: errno=28/No space left on device
2026-08-31T06:20:53Z [1,533ms] [Error] [carb] Failed to create change watch for `/home/j/env_isaaclab/lib/python3.11/site-packages/isaacsim/extscache/omni.kit.viewport.legacy_gizmos-1.0.19+69cbf6ad.lx64.r.cp311/config`: errno=28/No space left on device
2026-08-31T06:20:53Z [1,533ms] [Error] [carb] Failed to create change watch for `/home/j/env_isaaclab/lib/python3.11/site-packages/isaacsim/extscache/omni.kit.viewport.legacy_gizmos-1.0.19+69cbf6ad.lx64.r.cp311/omni`: errno=28/No space left on device
2026-08-31T06:20:53Z [1,533ms] [Error] [carb] Failed to create change watch for `/home/j/env_isaaclab/lib/python3.11/site-packages/isaacsim/extscache/omni.kit.viewport.legacy_gizmos-1.0.19+69cbf6ad.lx64.r.cp311/omni/kit`: errno=28/No space left on device
2026-08-31T06:20:53Z [1,533ms] [Error] [carb] Failed to create change watch for `/home/j/env_isaaclab/lib/python3.11/site-packages/isaacsim/extscache/omni.kit.viewport.legacy_gizmos-1.0.19+69cbf6ad.lx64.r.cp311/omni/kit/viewport`: errno=28/No space left on device
[1.542s] [ext: omni.kit.raycast.query-1.1.0] startup
2026-08-31T06:20:53Z [1,533ms] [Error] [carb] Failed to create change watch for `/home/j/env_isaaclab/lib/python3.11/site-packages/isaacsim/extscache/omni.kit.viewport.legacy_gizmos-1.0.19+69cbf6ad.lx64.r.cp311/omni/kit/viewport/legacy_gizmos`: errno=28/No space left on device
2026-08-31T06:20:53Z [1,533ms] [Error] [carb] Failed to create change watch for `/home/j/env_isaaclab/lib/python3.11/site-packages/isaacsim/extscache/omni.kit.viewport.legacy_gizmos-1.0.19+69cbf6ad.lx64.r.cp311/omni/kit/viewport/legacy_gizmos/tests`: errno=28/No space left on device
2026-08-31T06:20:53Z [1,541ms] [Error] [carb] Failed to create change watch for `/home/j/env_isaaclab/lib/python3.11/site-packages/isaacsim/extscache/omni.kit.raycast.query-1.1.0+69cbf6ad.lx64.r.cp311`: errno=28/No space left on device
2026-08-31T06:20:53Z [1,541ms] [Error] [carb] Failed to create change watch for `/home/j/env_isaaclab/lib/python3.11/site-packages/isaacsim/extscache/omni.kit.raycast.query-1.1.0+69cbf6ad.lx64.r.cp311/config`: errno=28/No space left on device
2026-08-31T06:20:53Z [1,541ms] [Error] [carb] Failed to create change watch for `/home/j/env_isaaclab/lib/python3.11/site-packages/isaacsim/extscache/omni.kit.raycast.query-1.1.0+69cbf6ad.lx64.r.cp311/omni`: errno=28/No space left on device
2026-08-31T06:20:53Z [1,541ms] [Error] [carb] Failed to create change watch for `/home/j/env_isaaclab/lib/python3.11/site-packages/isaacsim/extscache/omni.kit.raycast.query-1.1.0+69cbf6ad.lx64.r.cp311/omni/kit`: errno=28/No space left on device
[1.550s] [ext: omni.graph.action_core-1.1.7] startup
2026-08-31T06:20:53Z [1,541ms] [Error] [carb] Failed to create change watch for `/home/j/env_isaaclab/lib/python3.11/site-packages/isaacsim/extscache/omni.kit.raycast.query-1.1.0+69cbf6ad.lx64.r.cp311/omni/kit/raycast`: errno=28/No space left on device
2026-08-31T06:20:53Z [1,541ms] [Error] [carb] Failed to create change watch for `/home/j/env_isaaclab/lib/python3.11/site-packages/isaacsim/extscache/omni.kit.raycast.query-1.1.0+69cbf6ad.lx64.r.cp311/omni/kit/raycast/query`: errno=28/No space left on device
2026-08-31T06:20:53Z [1,541ms] [Error] [carb] Failed to create change watch for `/home/j/env_isaaclab/lib/python3.11/site-packages/isaacsim/extscache/omni.kit.raycast.query-1.1.0+69cbf6ad.lx64.r.cp311/omni/kit/raycast/query/tests`: errno=28/No space left on device
2026-08-31T06:20:53Z [1,541ms] [Error] [carb] Failed to create change watch for `/home/j/env_isaaclab/lib/python3.11/site-packages/isaacsim/extscache/omni.kit.raycast.query-1.1.0+69cbf6ad.lx64.r.cp311/omni/kit/raycast/query/scripts`: errno=28/No space left on device
2026-08-31T06:20:53Z [1,545ms] [Error] [carb] Failed to create change watch for `/home/j/env_isaaclab/lib/python3.11/site-packages/isaacsim/extscache/omni.graph.action_core-1.1.7+69cbf6ad.lx64.r.cp311`: errno=28/No space left on device
2026-08-31T06:20:53Z [1,545ms] [Error] [carb] Failed to create change watch for `/home/j/env_isaaclab/lib/python3.11/site-packages/isaacsim/extscache/omni.graph.action_core-1.1.7+69cbf6ad.lx64.r.cp311/config`: errno=28/No space left on device
2026-08-31T06:20:53Z [1,545ms] [Error] [carb] Failed to create change watch for `/home/j/env_isaaclab/lib/python3.11/site-packages/isaacsim/extscache/omni.graph.action_core-1.1.7+69cbf6ad.lx64.r.cp311/omni`: errno=28/No space left on device
[1.554s] [ext: omni.kit.viewport.scene_camera_model-1.0.6] startup
2026-08-31T06:20:53Z [1,545ms] [Error] [carb] Failed to create change watch for `/home/j/env_isaaclab/lib/python3.11/site-packages/isaacsim/extscache/omni.graph.action_core-1.1.7+69cbf6ad.lx64.r.cp311/omni/graph`: errno=28/No space left on device
2026-08-31T06:20:53Z [1,545ms] [Error] [carb] Failed to create change watch for `/home/j/env_isaaclab/lib/python3.11/site-packages/isaacsim/extscache/omni.graph.action_core-1.1.7+69cbf6ad.lx64.r.cp311/omni/graph/action_core`: errno=28/No space left on device
2026-08-31T06:20:53Z [1,545ms] [Error] [carb] Failed to create change watch for `/home/j/env_isaaclab/lib/python3.11/site-packages/isaacsim/extscache/omni.graph.action_core-1.1.7+69cbf6ad.lx64.r.cp311/omni/graph/action_core/tests`: errno=28/No space left on device
2026-08-31T06:20:53Z [1,545ms] [Error] [carb] Failed to create change watch for `/home/j/env_isaaclab/lib/python3.11/site-packages/isaacsim/extscache/omni.graph.action_core-1.1.7+69cbf6ad.lx64.r.cp311/omni/graph/action_core/_impl`: errno=28/No space left on device
2026-08-31T06:20:53Z [1,549ms] [Error] [carb] Failed to create change watch for `/home/j/env_isaaclab/lib/python3.11/site-packages/isaacsim/extscache/omni.kit.viewport.scene_camera_model-1.0.6+69cbf6ad.lx64.r.cp311`: errno=28/No space left on device
[1.558s] [ext: omni.graph.image.core-0.6.1] startup
2026-08-31T06:20:53Z [1,549ms] [Error] [carb] Failed to create change watch for `/home/j/env_isaaclab/lib/python3.11/site-packages/isaacsim/extscache/omni.kit.viewport.scene_camera_model-1.0.6+69cbf6ad.lx64.r.cp311/config`: errno=28/No space left on device
2026-08-31T06:20:53Z [1,550ms] [Error] [carb] Failed to create change watch for `/home/j/env_isaaclab/lib/python3.11/site-packages/isaacsim/extscache/omni.kit.viewport.scene_camera_model-1.0.6+69cbf6ad.lx64.r.cp311/omni`: errno=28/No space left on device
2026-08-31T06:20:53Z [1,550ms] [Error] [carb] Failed to create change watch for `/home/j/env_isaaclab/lib/python3.11/site-packages/isaacsim/extscache/omni.kit.viewport.scene_camera_model-1.0.6+69cbf6ad.lx64.r.cp311/omni/kit`: errno=28/No space left on device
2026-08-31T06:20:53Z [1,550ms] [Error] [carb] Failed to create change watch for `/home/j/env_isaaclab/lib/python3.11/site-packages/isaacsim/extscache/omni.kit.viewport.scene_camera_model-1.0.6+69cbf6ad.lx64.r.cp311/omni/kit/viewport`: errno=28/No space left on device
2026-08-31T06:20:53Z [1,550ms] [Error] [carb] Failed to create change watch for `/home/j/env_isaaclab/lib/python3.11/site-packages/isaacsim/extscache/omni.kit.viewport.scene_camera_model-1.0.6+69cbf6ad.lx64.r.cp311/omni/kit/viewport/scene_camera_model`: errno=28/No space left on device
2026-08-31T06:20:53Z [1,550ms] [Error] [carb] Failed to create change watch for `/home/j/env_isaaclab/lib/python3.11/site-packages/isaacsim/extscache/omni.kit.viewport.scene_camera_model-1.0.6+69cbf6ad.lx64.r.cp311/omni/kit/viewport/scene_camera_model/tests`: errno=28/No space left on device
[1.559s] [ext: omni.kit.widget.viewport-107.1.3] startup
2026-08-31T06:20:53Z [1,553ms] [Error] [carb] Failed to create change watch for `/home/j/env_isaaclab/lib/python3.11/site-packages/isaacsim/extscache/omni.kit.widget.viewport-107.1.3+69cbf6ad`: errno=28/No space left on device
2026-08-31T06:20:53Z [1,553ms] [Error] [carb] Failed to create change watch for `/home/j/env_isaaclab/lib/python3.11/site-packages/isaacsim/extscache/omni.kit.widget.viewport-107.1.3+69cbf6ad/config`: errno=28/No space left on device
2026-08-31T06:20:53Z [1,553ms] [Error] [carb] Failed to create change watch for `/home/j/env_isaaclab/lib/python3.11/site-packages/isaacsim/extscache/omni.kit.widget.viewport-107.1.3+69cbf6ad/omni`: errno=28/No space left on device
[1.562s] [ext: omni.kit.viewport.registry-104.0.6] startup
2026-08-31T06:20:53Z [1,553ms] [Error] [carb] Failed to create change watch for `/home/j/env_isaaclab/lib/python3.11/site-packages/isaacsim/extscache/omni.kit.widget.viewport-107.1.3+69cbf6ad/omni/kit`: errno=28/No space left on device
2026-08-31T06:20:53Z [1,553ms] [Error] [carb] Failed to create change watch for `/home/j/env_isaaclab/lib/python3.11/site-packages/isaacsim/extscache/omni.kit.widget.viewport-107.1.3+69cbf6ad/omni/kit/widget`: errno=28/No space left on device
2026-08-31T06:20:53Z [1,553ms] [Error] [carb] Failed to create change watch for `/home/j/env_isaaclab/lib/python3.11/site-packages/isaacsim/extscache/omni.kit.widget.viewport-107.1.3+69cbf6ad/omni/kit/widget/viewport`: errno=28/No space left on device
2026-08-31T06:20:53Z [1,553ms] [Error] [carb] Failed to create change watch for `/home/j/env_isaaclab/lib/python3.11/site-packages/isaacsim/extscache/omni.kit.widget.viewport-107.1.3+69cbf6ad/omni/kit/widget/viewport/tests`: errno=28/No space left on device
2026-08-31T06:20:53Z [1,553ms] [Error] [carb] Failed to create change watch for `/home/j/env_isaaclab/lib/python3.11/site-packages/isaacsim/extscache/omni.kit.widget.viewport-107.1.3+69cbf6ad/omni/kit/widget/viewport/impl`: errno=28/No space left on device
[1.563s] [ext: omni.usd.metrics.assembler-107.3.1] startup
2026-08-31T06:20:53Z [1,554ms] [Error] [carb] Failed to create change watch for `/home/j/env_isaaclab/lib/python3.11/site-packages/isaacsim/extscache/omni.kit.viewport.registry-104.0.6+69cbf6ad`: errno=28/No space left on device
2026-08-31T06:20:53Z [1,554ms] [Error] [carb] Failed to create change watch for `/home/j/env_isaaclab/lib/python3.11/site-packages/isaacsim/extscache/omni.kit.viewport.registry-104.0.6+69cbf6ad/config`: errno=28/No space left on device
2026-08-31T06:20:53Z [1,554ms] [Error] [carb] Failed to create change watch for `/home/j/env_isaaclab/lib/python3.11/site-packages/isaacsim/extscache/omni.kit.viewport.registry-104.0.6+69cbf6ad/omni`: errno=28/No space left on device
2026-08-31T06:20:53Z [1,554ms] [Error] [carb] Failed to create change watch for `/home/j/env_isaaclab/lib/python3.11/site-packages/isaacsim/extscache/omni.kit.viewport.registry-104.0.6+69cbf6ad/omni/kit`: errno=28/No space left on device
2026-08-31T06:20:53Z [1,554ms] [Error] [carb] Failed to create change watch for `/home/j/env_isaaclab/lib/python3.11/site-packages/isaacsim/extscache/omni.kit.viewport.registry-104.0.6+69cbf6ad/omni/kit/viewport`: errno=28/No space left on device
2026-08-31T06:20:53Z [1,554ms] [Error] [carb] Failed to create change watch for `/home/j/env_isaaclab/lib/python3.11/site-packages/isaacsim/extscache/omni.kit.viewport.registry-104.0.6+69cbf6ad/omni/kit/viewport/registry`: errno=28/No space left on device
2026-08-31T06:20:53Z [1,554ms] [Error] [carb] Failed to create change watch for `/home/j/env_isaaclab/lib/python3.11/site-packages/isaacsim/extscache/omni.kit.viewport.registry-104.0.6+69cbf6ad/omni/kit/viewport/registry/tests`: errno=28/No space left on device
[1.565s] [ext: omni.kit.viewport.window-107.2.0] startup
2026-08-31T06:20:53Z [1,556ms] [Error] [carb] Failed to create change watch for `/home/j/env_isaaclab/lib/python3.11/site-packages/isaacsim/extscache/omni.usd.metrics.assembler-107.3.1+107.3.0.lx64.r.cp311.u353`: errno=28/No space left on device
2026-08-31T06:20:53Z [1,556ms] [Error] [carb] Failed to create change watch for `/home/j/env_isaaclab/lib/python3.11/site-packages/isaacsim/extscache/omni.usd.metrics.assembler-107.3.1+107.3.0.lx64.r.cp311.u353/config`: errno=28/No space left on device
2026-08-31T06:20:53Z [1,556ms] [Error] [carb] Failed to create change watch for `/home/j/env_isaaclab/lib/python3.11/site-packages/isaacsim/extscache/omni.usd.metrics.assembler-107.3.1+107.3.0.lx64.r.cp311.u353/omni`: errno=28/No space left on device
2026-08-31T06:20:53Z [1,556ms] [Error] [carb] Failed to create change watch for `/home/j/env_isaaclab/lib/python3.11/site-packages/isaacsim/extscache/omni.usd.metrics.assembler-107.3.1+107.3.0.lx64.r.cp311.u353/omni/metrics`: errno=28/No space left on device
2026-08-31T06:20:53Z [1,556ms] [Error] [carb] Failed to create change watch for `/home/j/env_isaaclab/lib/python3.11/site-packages/isaacsim/extscache/omni.usd.metrics.assembler-107.3.1+107.3.0.lx64.r.cp311.u353/omni/metrics/assembler`: errno=28/No space left on device
2026-08-31T06:20:53Z [1,556ms] [Error] [carb] Failed to create change watch for `/home/j/env_isaaclab/lib/python3.11/site-packages/isaacsim/extscache/omni.usd.metrics.assembler-107.3.1+107.3.0.lx64.r.cp311.u353/omni/metrics/assembler/core`: errno=28/No space left on device
2026-08-31T06:20:53Z [1,557ms] [Error] [carb] Failed to create change watch for `/home/j/env_isaaclab/lib/python3.11/site-packages/isaacsim/extscache/omni.usd.metrics.assembler-107.3.1+107.3.0.lx64.r.cp311.u353/omni/metrics/assembler/core/tests`: errno=28/No space left on device
2026-08-31T06:20:53Z [1,557ms] [Error] [carb] Failed to create change watch for `/home/j/env_isaaclab/lib/python3.11/site-packages/isaacsim/extscache/omni.usd.metrics.assembler-107.3.1+107.3.0.lx64.r.cp311.u353/omni/metrics/assembler/core/bindings`: errno=28/No space left on device
2026-08-31T06:20:53Z [1,557ms] [Error] [carb] Failed to create change watch for `/home/j/env_isaaclab/lib/python3.11/site-packages/isaacsim/extscache/omni.usd.metrics.assembler-107.3.1+107.3.0.lx64.r.cp311.u353/omni/metrics/assembler/core/scripts`: errno=28/No space left on device
[1.578s] [ext: omni.kit.viewport.menubar.core-107.2.1] startup
2026-08-31T06:20:53Z [1,569ms] [Error] [carb] Failed to create change watch for `/home/j/env_isaaclab/lib/python3.11/site-packages/isaacsim/extscache/omni.kit.viewport.window-107.2.0+69cbf6ad`: errno=28/No space left on device
2026-08-31T06:20:53Z [1,569ms] [Error] [carb] Failed to create change watch for `/home/j/env_isaaclab/lib/python3.11/site-packages/isaacsim/extscache/omni.kit.viewport.window-107.2.0+69cbf6ad/config`: errno=28/No space left on device
2026-08-31T06:20:53Z [1,569ms] [Error] [carb] Failed to create change watch for `/home/j/env_isaaclab/lib/python3.11/site-packages/isaacsim/extscache/omni.kit.viewport.window-107.2.0+69cbf6ad/omni`: errno=28/No space left on device
2026-08-31T06:20:53Z [1,569ms] [Error] [carb] Failed to create change watch for `/home/j/env_isaaclab/lib/python3.11/site-packages/isaacsim/extscache/omni.kit.viewport.window-107.2.0+69cbf6ad/omni/kit`: errno=28/No space left on device
2026-08-31T06:20:53Z [1,569ms] [Error] [carb] Failed to create change watch for `/home/j/env_isaaclab/lib/python3.11/site-packages/isaacsim/extscache/omni.kit.viewport.window-107.2.0+69cbf6ad/omni/kit/viewport`: errno=28/No space left on device
2026-08-31T06:20:53Z [1,569ms] [Error] [carb] Failed to create change watch for `/home/j/env_isaaclab/lib/python3.11/site-packages/isaacsim/extscache/omni.kit.viewport.window-107.2.0+69cbf6ad/omni/kit/viewport/window`: errno=28/No space left on device
2026-08-31T06:20:53Z [1,569ms] [Error] [carb] Failed to create change watch for `/home/j/env_isaaclab/lib/python3.11/site-packages/isaacsim/extscache/omni.kit.viewport.window-107.2.0+69cbf6ad/omni/kit/viewport/window/tests`: errno=28/No space left on device
2026-08-31T06:20:53Z [1,570ms] [Error] [carb] Failed to create change watch for `/home/j/env_isaaclab/lib/python3.11/site-packages/isaacsim/extscache/omni.kit.viewport.window-107.2.0+69cbf6ad/omni/kit/viewport/window/stats`: errno=28/No space left on device
2026-08-31T06:20:53Z [1,570ms] [Error] [carb] Failed to create change watch for `/home/j/env_isaaclab/lib/python3.11/site-packages/isaacsim/extscache/omni.kit.viewport.window-107.2.0+69cbf6ad/omni/kit/viewport/window/manipulator`: errno=28/No space left on device
2026-08-31T06:20:53Z [1,570ms] [Error] [carb] Failed to create change watch for `/home/j/env_isaaclab/lib/python3.11/site-packages/isaacsim/extscache/omni.kit.viewport.window-107.2.0+69cbf6ad/omni/kit/viewport/window/dragdrop`: errno=28/No space left on device
2026-08-31T06:20:53Z [1,570ms] [Error] [carb] Failed to create change watch for `/home/j/env_isaaclab/lib/python3.11/site-packages/isaacsim/extscache/omni.kit.viewport.window-107.2.0+69cbf6ad/omni/kit/viewport/window/events`: errno=28/No space left on device
2026-08-31T06:20:53Z [1,570ms] [Error] [carb] Failed to create change watch for `/home/j/env_isaaclab/lib/python3.11/site-packages/isaacsim/extscache/omni.kit.viewport.window-107.2.0+69cbf6ad/omni/kit/viewport/window/scene`: errno=28/No space left on device
[1.586s] [ext: omni.graph.image.nodes-1.3.1] startup
2026-08-31T06:20:53Z [1,577ms] [Error] [carb] Failed to create change watch for `/home/j/env_isaaclab/lib/python3.11/site-packages/isaacsim/extscache/omni.kit.viewport.menubar.core-107.2.1+69cbf6ad`: errno=28/No space left on device
2026-08-31T06:20:53Z [1,578ms] [Error] [carb] Failed to create change watch for `/home/j/env_isaaclab/lib/python3.11/site-packages/isaacsim/extscache/omni.kit.viewport.menubar.core-107.2.1+69cbf6ad/config`: errno=28/No space left on device
2026-08-31T06:20:53Z [1,578ms] [Error] [carb] Failed to create change watch for `/home/j/env_isaaclab/lib/python3.11/site-packages/isaacsim/extscache/omni.kit.viewport.menubar.core-107.2.1+69cbf6ad/omni`: errno=28/No space left on device
2026-08-31T06:20:53Z [1,578ms] [Error] [carb] Failed to create change watch for `/home/j/env_isaaclab/lib/python3.11/site-packages/isaacsim/extscache/omni.kit.viewport.menubar.core-107.2.1+69cbf6ad/omni/kit`: errno=28/No space left on device
2026-08-31T06:20:53Z [1,578ms] [Error] [carb] Failed to create change watch for `/home/j/env_isaaclab/lib/python3.11/site-packages/isaacsim/extscache/omni.kit.viewport.menubar.core-107.2.1+69cbf6ad/omni/kit/viewport`: errno=28/No space left on device
2026-08-31T06:20:53Z [1,578ms] [Error] [carb] Failed to create change watch for `/home/j/env_isaaclab/lib/python3.11/site-packages/isaacsim/extscache/omni.kit.viewport.menubar.core-107.2.1+69cbf6ad/omni/kit/viewport/menubar`: errno=28/No space left on device
2026-08-31T06:20:53Z [1,578ms] [Error] [carb] Failed to create change watch for `/home/j/env_isaaclab/lib/python3.11/site-packages/isaacsim/extscache/omni.kit.viewport.menubar.core-107.2.1+69cbf6ad/omni/kit/viewport/menubar/core`: errno=28/No space left on device
2026-08-31T06:20:53Z [1,578ms] [Error] [carb] Failed to create change watch for `/home/j/env_isaaclab/lib/python3.11/site-packages/isaacsim/extscache/omni.kit.viewport.menubar.core-107.2.1+69cbf6ad/omni/kit/viewport/menubar/core/utils`: errno=28/No space left on device
2026-08-31T06:20:53Z [1,578ms] [Error] [carb] Failed to create change watch for `/home/j/env_isaaclab/lib/python3.11/site-packages/isaacsim/extscache/omni.kit.viewport.menubar.core-107.2.1+69cbf6ad/omni/kit/viewport/menubar/core/tests`: errno=28/No space left on device
2026-08-31T06:20:53Z [1,578ms] [Error] [carb] Failed to create change watch for `/home/j/env_isaaclab/lib/python3.11/site-packages/isaacsim/extscache/omni.kit.viewport.menubar.core-107.2.1+69cbf6ad/omni/kit/viewport/menubar/core/menu_item`: errno=28/No space left on device
[1.587s] [ext: omni.usd.metrics.assembler.physics-107.3.26] startup
2026-08-31T06:20:53Z [1,578ms] [Error] [carb] Failed to create change watch for `/home/j/env_isaaclab/lib/python3.11/site-packages/isaacsim/extscache/omni.kit.viewport.menubar.core-107.2.1+69cbf6ad/omni/kit/viewport/menubar/core/delegate`: errno=28/No space left on device
2026-08-31T06:20:53Z [1,578ms] [Error] [carb] Failed to create change watch for `/home/j/env_isaaclab/lib/python3.11/site-packages/isaacsim/extscache/omni.kit.viewport.menubar.core-107.2.1+69cbf6ad/omni/kit/viewport/menubar/core/model`: errno=28/No space left on device
2026-08-31T06:20:53Z [1,578ms] [Error] [carb] Failed to create change watch for `/home/j/env_isaaclab/lib/python3.11/site-packages/isaacsim/extscache/omni.kit.viewport.menubar.core-107.2.1+69cbf6ad/omni/kit/viewport/menubar/core/preference`: errno=28/No space left on device
[1.588s] [ext: omni.warp.core-1.8.2] startup
2026-08-31T06:20:53Z [1,579ms] [Error] [carb] Failed to create change watch for `/home/j/env_isaaclab/lib/python3.11/site-packages/isaacsim/extscache/omni.usd.metrics.assembler.physics-107.3.26+107.3.3.cp311.u353`: errno=28/No space left on device
2026-08-31T06:20:53Z [1,580ms] [Error] [carb] Failed to create change watch for `/home/j/env_isaaclab/lib/python3.11/site-packages/isaacsim/extscache/omni.usd.metrics.assembler.physics-107.3.26+107.3.3.cp311.u353/config`: errno=28/No space left on device
2026-08-31T06:20:53Z [1,580ms] [Error] [carb] Failed to create change watch for `/home/j/env_isaaclab/lib/python3.11/site-packages/isaacsim/extscache/omni.usd.metrics.assembler.physics-107.3.26+107.3.3.cp311.u353/omni`: errno=28/No space left on device
2026-08-31T06:20:53Z [1,580ms] [Error] [carb] Failed to create change watch for `/home/j/env_isaaclab/lib/python3.11/site-packages/isaacsim/extscache/omni.usd.metrics.assembler.physics-107.3.26+107.3.3.cp311.u353/omni/metrics`: errno=28/No space left on device
2026-08-31T06:20:53Z [1,580ms] [Error] [carb] Failed to create change watch for `/home/j/env_isaaclab/lib/python3.11/site-packages/isaacsim/extscache/omni.usd.metrics.assembler.physics-107.3.26+107.3.3.cp311.u353/omni/metrics/assembler`: errno=28/No space left on device
2026-08-31T06:20:53Z [1,580ms] [Error] [carb] Failed to create change watch for `/home/j/env_isaaclab/lib/python3.11/site-packages/isaacsim/extscache/omni.usd.metrics.assembler.physics-107.3.26+107.3.3.cp311.u353/omni/metrics/assembler/physics`: errno=28/No space left on device
2026-08-31T06:20:53Z [1,580ms] [Error] [carb] Failed to create change watch for `/home/j/env_isaaclab/lib/python3.11/site-packages/isaacsim/extscache/omni.usd.metrics.assembler.physics-107.3.26+107.3.3.cp311.u353/omni/metrics/assembler/physics/tests`: errno=28/No space left on device
[1.712s] [ext: omni.kit.viewport.utility-1.1.2] startup
2026-08-31T06:20:54Z [1,703ms] [Error] [carb] Failed to create change watch for `/home/j/env_isaaclab/lib/python3.11/site-packages/isaacsim/extscache/omni.warp.core-1.8.2+lx64`: errno=28/No space left on device
2026-08-31T06:20:54Z [1,703ms] [Error] [carb] Failed to create change watch for `/home/j/env_isaaclab/lib/python3.11/site-packages/isaacsim/extscache/omni.warp.core-1.8.2+lx64/warp`: errno=28/No space left on device
2026-08-31T06:20:54Z [1,703ms] [Error] [carb] Failed to create change watch for `/home/j/env_isaaclab/lib/python3.11/site-packages/isaacsim/extscache/omni.warp.core-1.8.2+lx64/warp/tests`: errno=28/No space left on device
2026-08-31T06:20:54Z [1,703ms] [Error] [carb] Failed to create change watch for `/home/j/env_isaaclab/lib/python3.11/site-packages/isaacsim/extscache/omni.warp.core-1.8.2+lx64/warp/tests/cuda`: errno=28/No space left on device
2026-08-31T06:20:54Z [1,703ms] [Error] [carb] Failed to create change watch for `/home/j/env_isaaclab/lib/python3.11/site-packages/isaacsim/extscache/omni.warp.core-1.8.2+lx64/warp/tests/tile`: errno=28/No space left on device
2026-08-31T06:20:54Z [1,703ms] [Error] [carb] Failed to create change watch for `/home/j/env_isaaclab/lib/python3.11/site-packages/isaacsim/extscache/omni.warp.core-1.8.2+lx64/warp/tests/geometry`: errno=28/No space left on device
2026-08-31T06:20:54Z [1,703ms] [Error] [carb] Failed to create change watch for `/home/j/env_isaaclab/lib/python3.11/site-packages/isaacsim/extscache/omni.warp.core-1.8.2+lx64/warp/tests/assets`: errno=28/No space left on device
[1.712s] [ext: omni.physics.tensors-107.3.26] startup
2026-08-31T06:20:54Z [1,703ms] [Error] [carb] Failed to create change watch for `/home/j/env_isaaclab/lib/python3.11/site-packages/isaacsim/extscache/omni.warp.core-1.8.2+lx64/warp/tests/sim`: errno=28/No space left on device
2026-08-31T06:20:54Z [1,703ms] [Error] [carb] Failed to create change watch for `/home/j/env_isaaclab/lib/python3.11/site-packages/isaacsim/extscache/omni.kit.viewport.utility-1.1.2+69cbf6ad`: errno=28/No space left on device
2026-08-31T06:20:54Z [1,703ms] [Error] [carb] Failed to create change watch for `/home/j/env_isaaclab/lib/python3.11/site-packages/isaacsim/extscache/omni.kit.viewport.utility-1.1.2+69cbf6ad/config`: errno=28/No space left on device
2026-08-31T06:20:54Z [1,703ms] [Error] [carb] Failed to create change watch for `/home/j/env_isaaclab/lib/python3.11/site-packages/isaacsim/extscache/omni.warp.core-1.8.2+lx64/warp/tests/interop`: errno=28/No space left on device
2026-08-31T06:20:54Z [1,703ms] [Error] [carb] Failed to create change watch for `/home/j/env_isaaclab/lib/python3.11/site-packages/isaacsim/extscache/omni.kit.viewport.utility-1.1.2+69cbf6ad/omni`: errno=28/No space left on device
2026-08-31T06:20:54Z [1,703ms] [Error] [carb] Failed to create change watch for `/home/j/env_isaaclab/lib/python3.11/site-packages/isaacsim/extscache/omni.warp.core-1.8.2+lx64/warp/native`: errno=28/No space left on device
2026-08-31T06:20:54Z [1,703ms] [Error] [carb] Failed to create change watch for `/home/j/env_isaaclab/lib/python3.11/site-packages/isaacsim/extscache/omni.kit.viewport.utility-1.1.2+69cbf6ad/omni/kit`: errno=28/No space left on device
2026-08-31T06:20:54Z [1,703ms] [Error] [carb] Failed to create change watch for `/home/j/env_isaaclab/lib/python3.11/site-packages/isaacsim/extscache/omni.kit.viewport.utility-1.1.2+69cbf6ad/omni/kit/viewport`: errno=28/No space left on device
2026-08-31T06:20:54Z [1,703ms] [Error] [carb] Failed to create change watch for `/home/j/env_isaaclab/lib/python3.11/site-packages/isaacsim/extscache/omni.warp.core-1.8.2+lx64/warp/native/nanovdb`: errno=28/No space left on device
2026-08-31T06:20:54Z [1,704ms] [Error] [carb] Failed to create change watch for `/home/j/env_isaaclab/lib/python3.11/site-packages/isaacsim/extscache/omni.kit.viewport.utility-1.1.2+69cbf6ad/omni/kit/viewport/utility`: errno=28/No space left on device
2026-08-31T06:20:54Z [1,704ms] [Error] [carb] Failed to create change watch for `/home/j/env_isaaclab/lib/python3.11/site-packages/isaacsim/extscache/omni.warp.core-1.8.2+lx64/warp/native/nanovdb/cuda`: errno=28/No space left on device
2026-08-31T06:20:54Z [1,704ms] [Error] [carb] Failed to create change watch for `/home/j/env_isaaclab/lib/python3.11/site-packages/isaacsim/extscache/omni.kit.viewport.utility-1.1.2+69cbf6ad/omni/kit/viewport/utility/tests`: errno=28/No space left on device
2026-08-31T06:20:54Z [1,704ms] [Error] [carb] Failed to create change watch for `/home/j/env_isaaclab/lib/python3.11/site-packages/isaacsim/extscache/omni.warp.core-1.8.2+lx64/warp/native/nanovdb/util`: errno=28/No space left on device
2026-08-31T06:20:54Z [1,704ms] [Error] [carb] Failed to create change watch for `/home/j/env_isaaclab/lib/python3.11/site-packages/isaacsim/extscache/omni.warp.core-1.8.2+lx64/warp/native/nanovdb/util/cuda`: errno=28/No space left on device
2026-08-31T06:20:54Z [1,704ms] [Error] [carb] Failed to create change watch for `/home/j/env_isaaclab/lib/python3.11/site-packages/isaacsim/extscache/omni.warp.core-1.8.2+lx64/warp/native/nanovdb/tools`: errno=28/No space left on device
2026-08-31T06:20:54Z [1,704ms] [Error] [carb] Failed to create change watch for `/home/j/env_isaaclab/lib/python3.11/site-packages/isaacsim/extscache/omni.warp.core-1.8.2+lx64/warp/native/nanovdb/tools/cuda`: errno=28/No space left on device
2026-08-31T06:20:54Z [1,704ms] [Error] [carb] Failed to create change watch for `/home/j/env_isaaclab/lib/python3.11/site-packages/isaacsim/extscache/omni.warp.core-1.8.2+lx64/warp/native/nanovdb/math`: errno=28/No space left on device
2026-08-31T06:20:54Z [1,704ms] [Error] [carb] Failed to create change watch for `/home/j/env_isaaclab/lib/python3.11/site-packages/isaacsim/extscache/omni.warp.core-1.8.2+lx64/warp/native/clang`: errno=28/No space left on device
2026-08-31T06:20:54Z [1,704ms] [Error] [carb] Failed to create change watch for `/home/j/env_isaaclab/lib/python3.11/site-packages/isaacsim/extscache/omni.warp.core-1.8.2+lx64/warp/native/libdevice`: errno=28/No space left on device
2026-08-31T06:20:54Z [1,704ms] [Error] [carb] Failed to create change watch for `/home/j/env_isaaclab/lib/python3.11/site-packages/isaacsim/extscache/omni.warp.core-1.8.2+lx64/warp/thirdparty`: errno=28/No space left on device
2026-08-31T06:20:54Z [1,704ms] [Error] [carb] Failed to create change watch for `/home/j/env_isaaclab/lib/python3.11/site-packages/isaacsim/extscache/omni.warp.core-1.8.2+lx64/warp/render`: errno=28/No space left on device
2026-08-31T06:20:54Z [1,704ms] [Error] [carb] Failed to create change watch for `/home/j/env_isaaclab/lib/python3.11/site-packages/isaacsim/extscache/omni.warp.core-1.8.2+lx64/warp/bin`: errno=28/No space left on device
2026-08-31T06:20:54Z [1,704ms] [Error] [carb] Failed to create change watch for `/home/j/env_isaaclab/lib/python3.11/site-packages/isaacsim/extscache/omni.warp.core-1.8.2+lx64/warp/fem`: errno=28/No space left on device
2026-08-31T06:20:54Z [1,704ms] [Error] [carb] Failed to create change watch for `/home/j/env_isaaclab/lib/python3.11/site-packages/isaacsim/extscache/omni.warp.core-1.8.2+lx64/warp/fem/space`: errno=28/No space left on device
2026-08-31T06:20:54Z [1,704ms] [Error] [carb] Failed to create change watch for `/home/j/env_isaaclab/lib/python3.11/site-packages/isaacsim/extscache/omni.warp.core-1.8.2+lx64/warp/fem/space/shape`: errno=28/No space left on device
2026-08-31T06:20:54Z [1,704ms] [Error] [carb] Failed to create change watch for `/home/j/env_isaaclab/lib/python3.11/site-packages/isaacsim/extscache/omni.warp.core-1.8.2+lx64/warp/fem/quadrature`: errno=28/No space left on device
2026-08-31T06:20:54Z [1,704ms] [Error] [carb] Failed to create change watch for `/home/j/env_isaaclab/lib/python3.11/site-packages/isaacsim/extscache/omni.warp.core-1.8.2+lx64/warp/fem/geometry`: errno=28/No space left on device
2026-08-31T06:20:54Z [1,704ms] [Error] [carb] Failed to create change watch for `/home/j/env_isaaclab/lib/python3.11/site-packages/isaacsim/extscache/omni.warp.core-1.8.2+lx64/warp/fem/field`: errno=28/No space left on device
2026-08-31T06:20:54Z [1,704ms] [Error] [carb] Failed to create change watch for `/home/j/env_isaaclab/lib/python3.11/site-packages/isaacsim/extscache/omni.warp.core-1.8.2+lx64/warp/optim`: errno=28/No space left on device
2026-08-31T06:20:54Z [1,704ms] [Error] [carb] Failed to create change watch for `/home/j/env_isaaclab/lib/python3.11/site-packages/isaacsim/extscache/omni.warp.core-1.8.2+lx64/warp/jax_experimental`: errno=28/No space left on device
2026-08-31T06:20:54Z [1,704ms] [Error] [carb] Failed to create change watch for `/home/j/env_isaaclab/lib/python3.11/site-packages/isaacsim/extscache/omni.warp.core-1.8.2+lx64/warp/sim`: errno=28/No space left on device
2026-08-31T06:20:54Z [1,704ms] [Error] [carb] Failed to create change watch for `/home/j/env_isaaclab/lib/python3.11/site-packages/isaacsim/extscache/omni.warp.core-1.8.2+lx64/warp/examples`: errno=28/No space left on device
2026-08-31T06:20:54Z [1,704ms] [Error] [carb] Failed to create change watch for `/home/j/env_isaaclab/lib/python3.11/site-packages/isaacsim/extscache/omni.warp.core-1.8.2+lx64/warp/examples/benchmarks`: errno=28/No space left on device
2026-08-31T06:20:54Z [1,704ms] [Error] [carb] Failed to create change watch for `/home/j/env_isaaclab/lib/python3.11/site-packages/isaacsim/extscache/omni.warp.core-1.8.2+lx64/warp/examples/tile`: errno=28/No space left on device
2026-08-31T06:20:54Z [1,704ms] [Error] [carb] Failed to create change watch for `/home/j/env_isaaclab/lib/python3.11/site-packages/isaacsim/extscache/omni.warp.core-1.8.2+lx64/warp/examples/distributed`: errno=28/No space left on device
2026-08-31T06:20:54Z [1,704ms] [Error] [carb] Failed to create change watch for `/home/j/env_isaaclab/lib/python3.11/site-packages/isaacsim/extscache/omni.warp.core-1.8.2+lx64/warp/examples/core`: errno=28/No space left on device
2026-08-31T06:20:54Z [1,704ms] [Error] [carb] Failed to create change watch for `/home/j/env_isaaclab/lib/python3.11/site-packages/isaacsim/extscache/omni.warp.core-1.8.2+lx64/warp/examples/fem`: errno=28/No space left on device
2026-08-31T06:20:54Z [1,704ms] [Error] [carb] Failed to create change watch for `/home/j/env_isaaclab/lib/python3.11/site-packages/isaacsim/extscache/omni.warp.core-1.8.2+lx64/warp/examples/assets`: errno=28/No space left on device
2026-08-31T06:20:54Z [1,705ms] [Error] [carb] Failed to create change watch for `/home/j/env_isaaclab/lib/python3.11/site-packages/isaacsim/extscache/omni.warp.core-1.8.2+lx64/warp/examples/optim`: errno=28/No space left on device
2026-08-31T06:20:54Z [1,705ms] [Error] [carb] Failed to create change watch for `/home/j/env_isaaclab/lib/python3.11/site-packages/isaacsim/extscache/omni.warp.core-1.8.2+lx64/warp/examples/sim`: errno=28/No space left on device
2026-08-31T06:20:54Z [1,705ms] [Error] [carb] Failed to create change watch for `/home/j/env_isaaclab/lib/python3.11/site-packages/isaacsim/extscache/omni.warp.core-1.8.2+lx64/warp/examples/interop`: errno=28/No space left on device
2026-08-31T06:20:54Z [1,705ms] [Error] [carb] Failed to create change watch for `/home/j/env_isaaclab/lib/python3.11/site-packages/isaacsim/extscache/omni.warp.core-1.8.2+lx64/config`: errno=28/No space left on device
2026-08-31T06:20:54Z [1,705ms] [Error] [carb] Failed to create change watch for `/home/j/env_isaaclab/lib/python3.11/site-packages/isaacsim/extscache/omni.warp.core-1.8.2+lx64/omni`: errno=28/No space left on device
2026-08-31T06:20:54Z [1,705ms] [Error] [carb] Failed to create change watch for `/home/j/env_isaaclab/lib/python3.11/site-packages/isaacsim/extscache/omni.warp.core-1.8.2+lx64/omni/warp`: errno=28/No space left on device
2026-08-31T06:20:54Z [1,705ms] [Error] [carb] Failed to create change watch for `/home/j/env_isaaclab/lib/python3.11/site-packages/isaacsim/extscache/omni.warp.core-1.8.2+lx64/omni/warp/core`: errno=28/No space left on device
2026-08-31T06:20:54Z [1,705ms] [Error] [carb] Failed to create change watch for `/home/j/env_isaaclab/lib/python3.11/site-packages/isaacsim/extscache/omni.warp.core-1.8.2+lx64/omni/warp/core/tests`: errno=28/No space left on device
2026-08-31T06:20:54Z [1,705ms] [Error] [carb] Failed to create change watch for `/home/j/env_isaaclab/lib/python3.11/site-packages/isaacsim/extscache/omni.warp.core-1.8.2+lx64/omni/warp/core/_impl`: errno=28/No space left on device
2026-08-31T06:20:54Z [1,708ms] [Error] [carb] Failed to create change watch for `/home/j/env_isaaclab/lib/python3.11/site-packages/isaacsim/extscache/omni.physics.tensors-107.3.26+107.3.3.lx64.r.cp311.u353`: errno=28/No space left on device
[1.717s] [ext: omni.syntheticdata-0.6.13] startup
2026-08-31T06:20:54Z [1,708ms] [Error] [carb] Failed to create change watch for `/home/j/env_isaaclab/lib/python3.11/site-packages/isaacsim/extscache/omni.physics.tensors-107.3.26+107.3.3.lx64.r.cp311.u353/config`: errno=28/No space left on device
2026-08-31T06:20:54Z [1,708ms] [Error] [carb] Failed to create change watch for `/home/j/env_isaaclab/lib/python3.11/site-packages/isaacsim/extscache/omni.physics.tensors-107.3.26+107.3.3.lx64.r.cp311.u353/omni`: errno=28/No space left on device
2026-08-31T06:20:54Z [1,708ms] [Error] [carb] Failed to create change watch for `/home/j/env_isaaclab/lib/python3.11/site-packages/isaacsim/extscache/omni.physics.tensors-107.3.26+107.3.3.lx64.r.cp311.u353/omni/physics`: errno=28/No space left on device
2026-08-31T06:20:54Z [1,708ms] [Error] [carb] Failed to create change watch for `/home/j/env_isaaclab/lib/python3.11/site-packages/isaacsim/extscache/omni.physics.tensors-107.3.26+107.3.3.lx64.r.cp311.u353/omni/physics/tensors`: errno=28/No space left on device
2026-08-31T06:20:54Z [1,708ms] [Error] [carb] Failed to create change watch for `/home/j/env_isaaclab/lib/python3.11/site-packages/isaacsim/extscache/omni.physics.tensors-107.3.26+107.3.3.lx64.r.cp311.u353/omni/physics/tensors/bindings`: errno=28/No space left on device
2026-08-31T06:20:54Z [1,709ms] [Error] [carb] Failed to create change watch for `/home/j/env_isaaclab/lib/python3.11/site-packages/isaacsim/extscache/omni.physics.tensors-107.3.26+107.3.3.lx64.r.cp311.u353/omni/physics/tensors/impl`: errno=28/No space left on device
2026-08-31T06:20:54Z [1,718ms] [Error] [carb] Failed to create change watch for `/home/j/env_isaaclab/lib/python3.11/site-packages/isaacsim/extscache/omni.syntheticdata-0.6.13+69cbf6ad.lx64.r.cp311`: errno=28/No space left on device
[1.727s] [ext: isaacsim.test.docstring-1.1.0] startup
2026-08-31T06:20:54Z [1,718ms] [Error] [carb] Failed to create change watch for `/home/j/env_isaaclab/lib/python3.11/site-packages/isaacsim/extscache/omni.syntheticdata-0.6.13+69cbf6ad.lx64.r.cp311/config`: errno=28/No space left on device
2026-08-31T06:20:54Z [1,718ms] [Error] [carb] Failed to create change watch for `/home/j/env_isaaclab/lib/python3.11/site-packages/isaacsim/extscache/omni.syntheticdata-0.6.13+69cbf6ad.lx64.r.cp311/omni`: errno=28/No space left on device
2026-08-31T06:20:54Z [1,718ms] [Error] [carb] Failed to create change watch for `/home/j/env_isaaclab/lib/python3.11/site-packages/isaacsim/extscache/omni.syntheticdata-0.6.13+69cbf6ad.lx64.r.cp311/omni/syntheticdata`: errno=28/No space left on device
2026-08-31T06:20:54Z [1,719ms] [Error] [carb] Failed to create change watch for `/home/j/env_isaaclab/lib/python3.11/site-packages/isaacsim/extscache/omni.syntheticdata-0.6.13+69cbf6ad.lx64.r.cp311/omni/syntheticdata/tests`: errno=28/No space left on device
2026-08-31T06:20:54Z [1,719ms] [Error] [carb] Failed to create change watch for `/home/j/env_isaaclab/lib/python3.11/site-packages/isaacsim/extscache/omni.syntheticdata-0.6.13+69cbf6ad.lx64.r.cp311/omni/syntheticdata/tests/data`: errno=28/No space left on device
2026-08-31T06:20:54Z [1,719ms] [Error] [carb] Failed to create change watch for `/home/j/env_isaaclab/lib/python3.11/site-packages/isaacsim/extscache/omni.syntheticdata-0.6.13+69cbf6ad.lx64.r.cp311/omni/syntheticdata/tests/data/scenes`: errno=28/No space left on device
2026-08-31T06:20:54Z [1,719ms] [Error] [carb] Failed to create change watch for `/home/j/env_isaaclab/lib/python3.11/site-packages/isaacsim/extscache/omni.syntheticdata-0.6.13+69cbf6ad.lx64.r.cp311/omni/syntheticdata/tests/data/ds2_materials`: errno=28/No space left on device
2026-08-31T06:20:54Z [1,719ms] [Error] [carb] Failed to create change watch for `/home/j/env_isaaclab/lib/python3.11/site-packages/isaacsim/extscache/omni.syntheticdata-0.6.13+69cbf6ad.lx64.r.cp311/omni/syntheticdata/tests/data/ds2_materials/drivable_surfaces`: errno=28/No space left on device
2026-08-31T06:20:54Z [1,719ms] [Error] [carb] Failed to create change watch for `/home/j/env_isaaclab/lib/python3.11/site-packages/isaacsim/extscache/omni.syntheticdata-0.6.13+69cbf6ad.lx64.r.cp311/omni/syntheticdata/tests/data/ds2_materials/drivable_surfaces/general`: errno=28/No space left on device
2026-08-31T06:20:54Z [1,719ms] [Error] [carb] Failed to create change watch for `/home/j/env_isaaclab/lib/python3.11/site-packages/isaacsim/extscache/omni.syntheticdata-0.6.13+69cbf6ad.lx64.r.cp311/omni/syntheticdata/tests/data/ds2_materials/drivable_surfaces/general/lanemarkings`: errno=28/No space left on device
2026-08-31T06:20:54Z [1,719ms] [Error] [carb] Failed to create change watch for `/home/j/env_isaaclab/lib/python3.11/site-packages/isaacsim/extscache/omni.syntheticdata-0.6.13+69cbf6ad.lx64.r.cp311/omni/syntheticdata/tests/data/ds2_materials/drivable_surfaces/general/lanemarkings/lw`: errno=28/No space left on device
2026-08-31T06:20:54Z [1,719ms] [Error] [carb] Failed to create change watch for `/home/j/env_isaaclab/lib/python3.11/site-packages/isaacsim/extscache/omni.syntheticdata-0.6.13+69cbf6ad.lx64.r.cp311/omni/syntheticdata/tests/data/ds2_materials/drivable_surfaces/general/road`: errno=28/No space left on device
2026-08-31T06:20:54Z [1,719ms] [Error] [carb] Failed to create change watch for `/home/j/env_isaaclab/lib/python3.11/site-packages/isaacsim/extscache/omni.syntheticdata-0.6.13+69cbf6ad.lx64.r.cp311/omni/syntheticdata/tests/data/ds2_materials/drivable_surfaces/general/road/road_base`: errno=28/No space left on device
2026-08-31T06:20:54Z [1,719ms] [Error] [carb] Failed to create change watch for `/home/j/env_isaaclab/lib/python3.11/site-packages/isaacsim/extscache/omni.syntheticdata-0.6.13+69cbf6ad.lx64.r.cp311/omni/syntheticdata/tests/data/golden`: errno=28/No space left on device
2026-08-31T06:20:54Z [1,719ms] [Error] [carb] Failed to create change watch for `/home/j/env_isaaclab/lib/python3.11/site-packages/isaacsim/extscache/omni.syntheticdata-0.6.13+69cbf6ad.lx64.r.cp311/omni/syntheticdata/tests/data/golden/renderVarHostToDisk`: errno=28/No space left on device
2026-08-31T06:20:54Z [1,719ms] [Error] [carb] Failed to create change watch for `/home/j/env_isaaclab/lib/python3.11/site-packages/isaacsim/extscache/omni.syntheticdata-0.6.13+69cbf6ad.lx64.r.cp311/omni/syntheticdata/tests/visualize`: errno=28/No space left on device
2026-08-31T06:20:54Z [1,719ms] [Error] [carb] Failed to create change watch for `/home/j/env_isaaclab/lib/python3.11/site-packages/isaacsim/extscache/omni.syntheticdata-0.6.13+69cbf6ad.lx64.r.cp311/omni/syntheticdata/tests/graph`: errno=28/No space left on device
2026-08-31T06:20:54Z [1,719ms] [Error] [carb] Failed to create change watch for `/home/j/env_isaaclab/lib/python3.11/site-packages/isaacsim/extscache/omni.syntheticdata-0.6.13+69cbf6ad.lx64.r.cp311/omni/syntheticdata/tests/sensors`: errno=28/No space left on device
2026-08-31T06:20:54Z [1,719ms] [Error] [carb] Failed to create change watch for `/home/j/env_isaaclab/lib/python3.11/site-packages/isaacsim/extscache/omni.syntheticdata-0.6.13+69cbf6ad.lx64.r.cp311/omni/syntheticdata/tests/pipeline`: errno=28/No space left on device
2026-08-31T06:20:54Z [1,719ms] [Error] [carb] Failed to create change watch for `/home/j/env_isaaclab/lib/python3.11/site-packages/isaacsim/extscache/omni.syntheticdata-0.6.13+69cbf6ad.lx64.r.cp311/omni/syntheticdata/tests/helpers`: errno=28/No space left on device
2026-08-31T06:20:54Z [1,719ms] [Error] [carb] Failed to create change watch for `/home/j/env_isaaclab/lib/python3.11/site-packages/isaacsim/extscache/omni.syntheticdata-0.6.13+69cbf6ad.lx64.r.cp311/omni/syntheticdata/scripts`: errno=28/No space left on device
2026-08-31T06:20:54Z [1,719ms] [Error] [carb] Failed to create change watch for `/home/j/env_isaaclab/lib/python3.11/site-packages/isaacsim/extscache/omni.syntheticdata-0.6.13+69cbf6ad.lx64.r.cp311/omni/syntheticdata/ogn`: errno=28/No space left on device
2026-08-31T06:20:54Z [1,719ms] [Error] [carb] Failed to create change watch for `/home/j/env_isaaclab/lib/python3.11/site-packages/isaacsim/extscache/omni.syntheticdata-0.6.13+69cbf6ad.lx64.r.cp311/omni/syntheticdata/ogn/tests`: errno=28/No space left on device
2026-08-31T06:20:54Z [1,720ms] [Error] [carb] Failed to create change watch for `/home/j/env_isaaclab/lib/python3.11/site-packages/isaacsim/extscache/omni.syntheticdata-0.6.13+69cbf6ad.lx64.r.cp311/omni/syntheticdata/ogn/tests/usd`: errno=28/No space left on device
2026-08-31T06:20:54Z [1,720ms] [Error] [carb] Failed to create change watch for `/home/j/env_isaaclab/lib/python3.11/site-packages/isaacsim/extscache/omni.syntheticdata-0.6.13+69cbf6ad.lx64.r.cp311/omni/syntheticdata/ogn/python`: errno=28/No space left on device
2026-08-31T06:20:54Z [1,720ms] [Error] [carb] Failed to create change watch for `/home/j/env_isaaclab/lib/python3.11/site-packages/isaacsim/extscache/omni.syntheticdata-0.6.13+69cbf6ad.lx64.r.cp311/omni/syntheticdata/ogn/python/nodes`: errno=28/No space left on device
[1.732s] [ext: isaacsim.core.utils-3.5.1] startup
2026-08-31T06:20:54Z [1,723ms] [Error] [carb] Failed to create change watch for `/home/j/env_isaaclab/lib/python3.11/site-packages/isaacsim/exts/isaacsim.test.docstring`: errno=28/No space left on device
2026-08-31T06:20:54Z [1,723ms] [Error] [carb] Failed to create change watch for `/home/j/env_isaaclab/lib/python3.11/site-packages/isaacsim/exts/isaacsim.test.docstring/config`: errno=28/No space left on device
2026-08-31T06:20:54Z [1,723ms] [Error] [carb] Failed to create change watch for `/home/j/env_isaaclab/lib/python3.11/site-packages/isaacsim/exts/isaacsim.test.docstring/isaacsim`: errno=28/No space left on device
2026-08-31T06:20:54Z [1,723ms] [Error] [carb] Failed to create change watch for `/home/j/env_isaaclab/lib/python3.11/site-packages/isaacsim/exts/isaacsim.test.docstring/isaacsim/test`: errno=28/No space left on device
2026-08-31T06:20:54Z [1,723ms] [Error] [carb] Failed to create change watch for `/home/j/env_isaaclab/lib/python3.11/site-packages/isaacsim/exts/isaacsim.test.docstring/isaacsim/test/docstring`: errno=28/No space left on device
2026-08-31T06:20:54Z [1,723ms] [Error] [carb] Failed to create change watch for `/home/j/env_isaaclab/lib/python3.11/site-packages/isaacsim/exts/isaacsim.test.docstring/isaacsim/test/docstring/tests`: errno=28/No space left on device
2026-08-31T06:20:54Z [1,726ms] [Error] [carb] Failed to create change watch for `/home/j/env_isaaclab/lib/python3.11/site-packages/isaacsim/exts/isaacsim.core.utils`: errno=28/No space left on device
[1.735s] [ext: omni.physx.tensors-107.3.26] startup
2026-08-31T06:20:54Z [1,726ms] [Error] [carb] Failed to create change watch for `/home/j/env_isaaclab/lib/python3.11/site-packages/isaacsim/exts/isaacsim.core.utils/config`: errno=28/No space left on device
2026-08-31T06:20:54Z [1,726ms] [Error] [carb] Failed to create change watch for `/home/j/env_isaaclab/lib/python3.11/site-packages/isaacsim/exts/isaacsim.core.utils/isaacsim`: errno=28/No space left on device
2026-08-31T06:20:54Z [1,726ms] [Error] [carb] Failed to create change watch for `/home/j/env_isaaclab/lib/python3.11/site-packages/isaacsim/exts/isaacsim.core.utils/isaacsim/core`: errno=28/No space left on device
2026-08-31T06:20:54Z [1,726ms] [Error] [carb] Failed to create change watch for `/home/j/env_isaaclab/lib/python3.11/site-packages/isaacsim/exts/isaacsim.core.utils/isaacsim/core/utils`: errno=28/No space left on device
2026-08-31T06:20:54Z [1,726ms] [Error] [carb] Failed to create change watch for `/home/j/env_isaaclab/lib/python3.11/site-packages/isaacsim/exts/isaacsim.core.utils/isaacsim/core/utils/tests`: errno=28/No space left on device
2026-08-31T06:20:54Z [1,726ms] [Error] [carb] Failed to create change watch for `/home/j/env_isaaclab/lib/python3.11/site-packages/isaacsim/exts/isaacsim.core.utils/isaacsim/core/utils/torch`: errno=28/No space left on device
2026-08-31T06:20:54Z [1,726ms] [Error] [carb] Failed to create change watch for `/home/j/env_isaaclab/lib/python3.11/site-packages/isaacsim/exts/isaacsim.core.utils/isaacsim/core/utils/warp`: errno=28/No space left on device
2026-08-31T06:20:54Z [1,726ms] [Error] [carb] Failed to create change watch for `/home/j/env_isaaclab/lib/python3.11/site-packages/isaacsim/exts/isaacsim.core.utils/isaacsim/core/utils/numpy`: errno=28/No space left on device
[1.739s] [ext: omni.graph.nodes-1.170.10] startup
2026-08-31T06:20:54Z [1,741ms] [Error] [carb] Failed to create change watch for `/home/j/env_isaaclab/lib/python3.11/site-packages/isaacsim/extscache/omni.graph.nodes-1.170.10+107.3.0.lx64.r.cp311.u353`: errno=28/No space left on device
2026-08-31T06:20:54Z [1,741ms] [Error] [carb] Failed to create change watch for `/home/j/env_isaaclab/lib/python3.11/site-packages/isaacsim/extscache/omni.graph.nodes-1.170.10+107.3.0.lx64.r.cp311.u353/config`: errno=28/No space left on device
2026-08-31T06:20:54Z [1,741ms] [Error] [carb] Failed to create change watch for `/home/j/env_isaaclab/lib/python3.11/site-packages/isaacsim/extscache/omni.graph.nodes-1.170.10+107.3.0.lx64.r.cp311.u353/omni`: errno=28/No space left on device
2026-08-31T06:20:54Z [1,741ms] [Error] [carb] Failed to create change watch for `/home/j/env_isaaclab/lib/python3.11/site-packages/isaacsim/extscache/omni.graph.nodes-1.170.10+107.3.0.lx64.r.cp311.u353/omni/graph`: errno=28/No space left on device
[1.750s] [ext: omni.graph.action_nodes-1.50.4] startup
2026-08-31T06:20:54Z [1,741ms] [Error] [carb] Failed to create change watch for `/home/j/env_isaaclab/lib/python3.11/site-packages/isaacsim/extscache/omni.graph.nodes-1.170.10+107.3.0.lx64.r.cp311.u353/omni/graph/nodes`: errno=28/No space left on device
2026-08-31T06:20:54Z [1,741ms] [Error] [carb] Failed to create change watch for `/home/j/env_isaaclab/lib/python3.11/site-packages/isaacsim/extscache/omni.graph.nodes-1.170.10+107.3.0.lx64.r.cp311.u353/omni/graph/nodes/tests`: errno=28/No space left on device
2026-08-31T06:20:54Z [1,741ms] [Error] [carb] Failed to create change watch for `/home/j/env_isaaclab/lib/python3.11/site-packages/isaacsim/extscache/omni.graph.nodes-1.170.10+107.3.0.lx64.r.cp311.u353/omni/graph/nodes/tests/data`: errno=28/No space left on device
2026-08-31T06:20:54Z [1,741ms] [Error] [carb] Failed to create change watch for `/home/j/env_isaaclab/lib/python3.11/site-packages/isaacsim/extscache/omni.graph.nodes-1.170.10+107.3.0.lx64.r.cp311.u353/omni/graph/nodes/bindings`: errno=28/No space left on device
2026-08-31T06:20:54Z [1,741ms] [Error] [carb] Failed to create change watch for `/home/j/env_isaaclab/lib/python3.11/site-packages/isaacsim/extscache/omni.graph.nodes-1.170.10+107.3.0.lx64.r.cp311.u353/omni/graph/nodes/scripts`: errno=28/No space left on device
2026-08-31T06:20:54Z [1,741ms] [Error] [carb] Failed to create change watch for `/home/j/env_isaaclab/lib/python3.11/site-packages/isaacsim/extscache/omni.graph.nodes-1.170.10+107.3.0.lx64.r.cp311.u353/omni/graph/nodes/ogn`: errno=28/No space left on device
2026-08-31T06:20:54Z [1,741ms] [Error] [carb] Failed to create change watch for `/home/j/env_isaaclab/lib/python3.11/site-packages/isaacsim/extscache/omni.graph.nodes-1.170.10+107.3.0.lx64.r.cp311.u353/omni/graph/nodes/ogn/tests`: errno=28/No space left on device
2026-08-31T06:20:54Z [1,742ms] [Error] [carb] Failed to create change watch for `/home/j/env_isaaclab/lib/python3.11/site-packages/isaacsim/extscache/omni.graph.nodes-1.170.10+107.3.0.lx64.r.cp311.u353/omni/graph/nodes/ogn/tests/usd`: errno=28/No space left on device
2026-08-31T06:20:54Z [1,742ms] [Error] [carb] Failed to create change watch for `/home/j/env_isaaclab/lib/python3.11/site-packages/isaacsim/extscache/omni.graph.nodes-1.170.10+107.3.0.lx64.r.cp311.u353/omni/graph/nodes/ogn/nodes`: errno=28/No space left on device
2026-08-31T06:20:54Z [1,743ms] [Error] [carb] Failed to create change watch for `/home/j/env_isaaclab/lib/python3.11/site-packages/isaacsim/extscache/omni.graph.nodes-1.170.10+107.3.0.lx64.r.cp311.u353/omni/graph/nodes/ogn/nodes/utility`: errno=28/No space left on device
2026-08-31T06:20:54Z [1,743ms] [Error] [carb] Failed to create change watch for `/home/j/env_isaaclab/lib/python3.11/site-packages/isaacsim/extscache/omni.graph.nodes-1.170.10+107.3.0.lx64.r.cp311.u353/omni/graph/nodes/ogn/nodes/constants`: errno=28/No space left on device
2026-08-31T06:20:54Z [1,743ms] [Error] [carb] Failed to create change watch for `/home/j/env_isaaclab/lib/python3.11/site-packages/isaacsim/extscache/omni.graph.nodes-1.170.10+107.3.0.lx64.r.cp311.u353/omni/graph/nodes/ogn/nodes/io`: errno=28/No space left on device
2026-08-31T06:20:54Z [1,743ms] [Error] [carb] Failed to create change watch for `/home/j/env_isaaclab/lib/python3.11/site-packages/isaacsim/extscache/omni.graph.nodes-1.170.10+107.3.0.lx64.r.cp311.u353/omni/graph/nodes/ogn/nodes/transformation`: errno=28/No space left on device
2026-08-31T06:20:54Z [1,743ms] [Error] [carb] Failed to create change watch for `/home/j/env_isaaclab/lib/python3.11/site-packages/isaacsim/extscache/omni.graph.nodes-1.170.10+107.3.0.lx64.r.cp311.u353/omni/graph/nodes/ogn/nodes/usd`: errno=28/No space left on device
2026-08-31T06:20:54Z [1,743ms] [Error] [carb] Failed to create change watch for `/home/j/env_isaaclab/lib/python3.11/site-packages/isaacsim/extscache/omni.graph.nodes-1.170.10+107.3.0.lx64.r.cp311.u353/omni/graph/nodes/ogn/nodes/geo`: errno=28/No space left on device
2026-08-31T06:20:54Z [1,743ms] [Error] [carb] Failed to create change watch for `/home/j/env_isaaclab/lib/python3.11/site-packages/isaacsim/extscache/omni.graph.nodes-1.170.10+107.3.0.lx64.r.cp311.u353/omni/graph/nodes/ogn/nodes/deprecated`: errno=28/No space left on device
2026-08-31T06:20:54Z [1,743ms] [Error] [carb] Failed to create change watch for `/home/j/env_isaaclab/lib/python3.11/site-packages/isaacsim/extscache/omni.graph.nodes-1.170.10+107.3.0.lx64.r.cp311.u353/omni/graph/nodes/ogn/nodes/core`: errno=28/No space left on device
2026-08-31T06:20:54Z [1,743ms] [Error] [carb] Failed to create change watch for `/home/j/env_isaaclab/lib/python3.11/site-packages/isaacsim/extscache/omni.graph.nodes-1.170.10+107.3.0.lx64.r.cp311.u353/omni/graph/nodes/ogn/nodes/variant`: errno=28/No space left on device
2026-08-31T06:20:54Z [1,743ms] [Error] [carb] Failed to create change watch for `/home/j/env_isaaclab/lib/python3.11/site-packages/isaacsim/extscache/omni.graph.nodes-1.170.10+107.3.0.lx64.r.cp311.u353/omni/graph/nodes/ogn/nodes/sound`: errno=28/No space left on device
2026-08-31T06:20:54Z [1,744ms] [Error] [carb] Failed to create change watch for `/home/j/env_isaaclab/lib/python3.11/site-packages/isaacsim/extscache/omni.graph.nodes-1.170.10+107.3.0.lx64.r.cp311.u353/omni/graph/nodes/ogn/nodes/gpu_interop`: errno=28/No space left on device
2026-08-31T06:20:54Z [1,744ms] [Error] [carb] Failed to create change watch for `/home/j/env_isaaclab/lib/python3.11/site-packages/isaacsim/extscache/omni.graph.nodes-1.170.10+107.3.0.lx64.r.cp311.u353/omni/graph/nodes/ogn/nodes/animation`: errno=28/No space left on device
2026-08-31T06:20:54Z [1,744ms] [Error] [carb] Failed to create change watch for `/home/j/env_isaaclab/lib/python3.11/site-packages/isaacsim/extscache/omni.graph.nodes-1.170.10+107.3.0.lx64.r.cp311.u353/omni/graph/nodes/ogn/nodes/math`: errno=28/No space left on device
2026-08-31T06:20:54Z [1,744ms] [Error] [carb] Failed to create change watch for `/home/j/env_isaaclab/lib/python3.11/site-packages/isaacsim/extscache/omni.graph.nodes-1.170.10+107.3.0.lx64.r.cp311.u353/omni/graph/nodes/ogn/nodes/logic`: errno=28/No space left on device
2026-08-31T06:20:54Z [1,744ms] [Error] [carb] Failed to create change watch for `/home/j/env_isaaclab/lib/python3.11/site-packages/isaacsim/extscache/omni.graph.nodes-1.170.10+107.3.0.lx64.r.cp311.u353/omni/graph/nodes/_impl`: errno=28/No space left on device
[1.753s] [ext: omni.kit.primitive.mesh-1.0.17] startup
2026-08-31T06:20:54Z [1,744ms] [Error] [carb] Failed to create change watch for `/home/j/env_isaaclab/lib/python3.11/site-packages/isaacsim/extscache/omni.graph.nodes-1.170.10+107.3.0.lx64.r.cp311.u353/omni/graph/nodes/_impl/templates`: errno=28/No space left on device
2026-08-31T06:20:54Z [1,744ms] [Error] [carb] Failed to create change watch for `/home/j/env_isaaclab/lib/python3.11/site-packages/isaacsim/extscache/omni.graph.action_nodes-1.50.4+107.3.0.lx64.r.cp311.u353`: errno=28/No space left on device
2026-08-31T06:20:54Z [1,744ms] [Error] [carb] Failed to create change watch for `/home/j/env_isaaclab/lib/python3.11/site-packages/isaacsim/extscache/omni.graph.action_nodes-1.50.4+107.3.0.lx64.r.cp311.u353/config`: errno=28/No space left on device
2026-08-31T06:20:54Z [1,744ms] [Error] [carb] Failed to create change watch for `/home/j/env_isaaclab/lib/python3.11/site-packages/isaacsim/extscache/omni.graph.action_nodes-1.50.4+107.3.0.lx64.r.cp311.u353/omni`: errno=28/No space left on device
2026-08-31T06:20:54Z [1,744ms] [Error] [carb] Failed to create change watch for `/home/j/env_isaaclab/lib/python3.11/site-packages/isaacsim/extscache/omni.graph.action_nodes-1.50.4+107.3.0.lx64.r.cp311.u353/omni/graph`: errno=28/No space left on device
2026-08-31T06:20:54Z [1,744ms] [Error] [carb] Failed to create change watch for `/home/j/env_isaaclab/lib/python3.11/site-packages/isaacsim/extscache/omni.graph.action_nodes-1.50.4+107.3.0.lx64.r.cp311.u353/omni/graph/action_nodes`: errno=28/No space left on device
2026-08-31T06:20:54Z [1,744ms] [Error] [carb] Failed to create change watch for `/home/j/env_isaaclab/lib/python3.11/site-packages/isaacsim/extscache/omni.graph.action_nodes-1.50.4+107.3.0.lx64.r.cp311.u353/omni/graph/action_nodes/tests`: errno=28/No space left on device
2026-08-31T06:20:54Z [1,744ms] [Error] [carb] Failed to create change watch for `/home/j/env_isaaclab/lib/python3.11/site-packages/isaacsim/extscache/omni.graph.action_nodes-1.50.4+107.3.0.lx64.r.cp311.u353/omni/graph/action_nodes/tests/data`: errno=28/No space left on device
2026-08-31T06:20:54Z [1,744ms] [Error] [carb] Failed to create change watch for `/home/j/env_isaaclab/lib/python3.11/site-packages/isaacsim/extscache/omni.graph.action_nodes-1.50.4+107.3.0.lx64.r.cp311.u353/omni/graph/action_nodes/ogn`: errno=28/No space left on device
2026-08-31T06:20:54Z [1,745ms] [Error] [carb] Failed to create change watch for `/home/j/env_isaaclab/lib/python3.11/site-packages/isaacsim/extscache/omni.graph.action_nodes-1.50.4+107.3.0.lx64.r.cp311.u353/omni/graph/action_nodes/ogn/tests`: errno=28/No space left on device
2026-08-31T06:20:54Z [1,745ms] [Error] [carb] Failed to create change watch for `/home/j/env_isaaclab/lib/python3.11/site-packages/isaacsim/extscache/omni.graph.action_nodes-1.50.4+107.3.0.lx64.r.cp311.u353/omni/graph/action_nodes/ogn/tests/usd`: errno=28/No space left on device
2026-08-31T06:20:54Z [1,745ms] [Error] [carb] Failed to create change watch for `/home/j/env_isaaclab/lib/python3.11/site-packages/isaacsim/extscache/omni.graph.action_nodes-1.50.4+107.3.0.lx64.r.cp311.u353/omni/graph/action_nodes/ogn/nodes`: errno=28/No space left on device
2026-08-31T06:20:54Z [1,745ms] [Error] [carb] Failed to create change watch for `/home/j/env_isaaclab/lib/python3.11/site-packages/isaacsim/extscache/omni.graph.action_nodes-1.50.4+107.3.0.lx64.r.cp311.u353/omni/graph/action_nodes/_impl`: errno=28/No space left on device
2026-08-31T06:20:54Z [1,745ms] [Error] [carb] Failed to create change watch for `/home/j/env_isaaclab/lib/python3.11/site-packages/isaacsim/extscache/omni.graph.action_nodes-1.50.4+107.3.0.lx64.r.cp311.u353/omni/graph/action_nodes/_impl/templates`: errno=28/No space left on device
2026-08-31T06:20:54Z [1,749ms] [Error] [carb] Failed to create change watch for `/home/j/env_isaaclab/lib/python3.11/site-packages/isaacsim/extscache/omni.kit.primitive.mesh-1.0.17+69cbf6ad`: errno=28/No space left on device
2026-08-31T06:20:54Z [1,749ms] [Error] [carb] Failed to create change watch for `/home/j/env_isaaclab/lib/python3.11/site-packages/isaacsim/extscache/omni.kit.primitive.mesh-1.0.17+69cbf6ad/config`: errno=28/No space left on device
2026-08-31T06:20:54Z [1,749ms] [Error] [carb] Failed to create change watch for `/home/j/env_isaaclab/lib/python3.11/site-packages/isaacsim/extscache/omni.kit.primitive.mesh-1.0.17+69cbf6ad/omni`: errno=28/No space left on device
[1.758s] [ext: isaacsim.core.simulation_manager-1.4.4] startup
2026-08-31T06:20:54Z [1,749ms] [Error] [carb] Failed to create change watch for `/home/j/env_isaaclab/lib/python3.11/site-packages/isaacsim/extscache/omni.kit.primitive.mesh-1.0.17+69cbf6ad/omni/kit`: errno=28/No space left on device
2026-08-31T06:20:54Z [1,749ms] [Error] [carb] Failed to create change watch for `/home/j/env_isaaclab/lib/python3.11/site-packages/isaacsim/extscache/omni.kit.primitive.mesh-1.0.17+69cbf6ad/omni/kit/primitive`: errno=28/No space left on device
2026-08-31T06:20:54Z [1,749ms] [Error] [carb] Failed to create change watch for `/home/j/env_isaaclab/lib/python3.11/site-packages/isaacsim/extscache/omni.kit.primitive.mesh-1.0.17+69cbf6ad/omni/kit/primitive/mesh`: errno=28/No space left on device
2026-08-31T06:20:54Z [1,749ms] [Error] [carb] Failed to create change watch for `/home/j/env_isaaclab/lib/python3.11/site-packages/isaacsim/extscache/omni.kit.primitive.mesh-1.0.17+69cbf6ad/omni/kit/primitive/mesh/tests`: errno=28/No space left on device
2026-08-31T06:20:54Z [1,749ms] [Error] [carb] Failed to create change watch for `/home/j/env_isaaclab/lib/python3.11/site-packages/isaacsim/extscache/omni.kit.primitive.mesh-1.0.17+69cbf6ad/omni/kit/primitive/mesh/evaluators`: errno=28/No space left on device
2026-08-31T06:20:55Z [2,687ms] [Error] [carb] Failed to create change watch for `/home/j/env_isaaclab/lib/python3.11/site-packages/isaacsim/exts/isaacsim.core.simulation_manager`: errno=28/No space left on device
[2.696s] [ext: omni.graph.ui_nodes-1.50.5] startup
2026-08-31T06:20:55Z [2,687ms] [Error] [carb] Failed to create change watch for `/home/j/env_isaaclab/lib/python3.11/site-packages/isaacsim/exts/isaacsim.core.simulation_manager/config`: errno=28/No space left on device
2026-08-31T06:20:55Z [2,687ms] [Error] [carb] Failed to create change watch for `/home/j/env_isaaclab/lib/python3.11/site-packages/isaacsim/exts/isaacsim.core.simulation_manager/isaacsim`: errno=28/No space left on device
2026-08-31T06:20:55Z [2,687ms] [Error] [carb] Failed to create change watch for `/home/j/env_isaaclab/lib/python3.11/site-packages/isaacsim/exts/isaacsim.core.simulation_manager/isaacsim/core`: errno=28/No space left on device
2026-08-31T06:20:55Z [2,687ms] [Error] [carb] Failed to create change watch for `/home/j/env_isaaclab/lib/python3.11/site-packages/isaacsim/exts/isaacsim.core.simulation_manager/isaacsim/core/simulation_manager`: errno=28/No space left on device
2026-08-31T06:20:55Z [2,687ms] [Error] [carb] Failed to create change watch for `/home/j/env_isaaclab/lib/python3.11/site-packages/isaacsim/exts/isaacsim.core.simulation_manager/isaacsim/core/simulation_manager/tests`: errno=28/No space left on device
2026-08-31T06:20:55Z [2,687ms] [Error] [carb] Failed to create change watch for `/home/j/env_isaaclab/lib/python3.11/site-packages/isaacsim/exts/isaacsim.core.simulation_manager/isaacsim/core/simulation_manager/impl`: errno=28/No space left on device
[2.699s] [ext: omni.graph.action-1.130.0] startup
2026-08-31T06:20:55Z [2,690ms] [Error] [carb] Failed to create change watch for `/home/j/env_isaaclab/lib/python3.11/site-packages/isaacsim/extscache/omni.graph.ui_nodes-1.50.5+107.3.0.lx64.r.cp311.u353`: errno=28/No space left on device
2026-08-31T06:20:55Z [2,690ms] [Error] [carb] Failed to create change watch for `/home/j/env_isaaclab/lib/python3.11/site-packages/isaacsim/extscache/omni.graph.ui_nodes-1.50.5+107.3.0.lx64.r.cp311.u353/config`: errno=28/No space left on device
2026-08-31T06:20:55Z [2,690ms] [Error] [carb] Failed to create change watch for `/home/j/env_isaaclab/lib/python3.11/site-packages/isaacsim/extscache/omni.graph.ui_nodes-1.50.5+107.3.0.lx64.r.cp311.u353/omni`: errno=28/No space left on device
2026-08-31T06:20:55Z [2,690ms] [Error] [carb] Failed to create change watch for `/home/j/env_isaaclab/lib/python3.11/site-packages/isaacsim/extscache/omni.graph.ui_nodes-1.50.5+107.3.0.lx64.r.cp311.u353/omni/graph`: errno=28/No space left on device
2026-08-31T06:20:55Z [2,691ms] [Error] [carb] Failed to create change watch for `/home/j/env_isaaclab/lib/python3.11/site-packages/isaacsim/extscache/omni.graph.ui_nodes-1.50.5+107.3.0.lx64.r.cp311.u353/omni/graph/ui_nodes`: errno=28/No space left on device
2026-08-31T06:20:55Z [2,691ms] [Error] [carb] Failed to create change watch for `/home/j/env_isaaclab/lib/python3.11/site-packages/isaacsim/extscache/omni.graph.ui_nodes-1.50.5+107.3.0.lx64.r.cp311.u353/omni/graph/ui_nodes/tests`: errno=28/No space left on device
2026-08-31T06:20:55Z [2,691ms] [Error] [carb] Failed to create change watch for `/home/j/env_isaaclab/lib/python3.11/site-packages/isaacsim/extscache/omni.graph.ui_nodes-1.50.5+107.3.0.lx64.r.cp311.u353/omni/graph/ui_nodes/tests/data`: errno=28/No space left on device
2026-08-31T06:20:55Z [2,691ms] [Error] [carb] Failed to create change watch for `/home/j/env_isaaclab/lib/python3.11/site-packages/isaacsim/extscache/omni.graph.ui_nodes-1.50.5+107.3.0.lx64.r.cp311.u353/omni/graph/ui_nodes/tests/data/golden_images`: errno=28/No space left on device
2026-08-31T06:20:55Z [2,691ms] [Error] [carb] Failed to create change watch for `/home/j/env_isaaclab/lib/python3.11/site-packages/isaacsim/extscache/omni.graph.ui_nodes-1.50.5+107.3.0.lx64.r.cp311.u353/omni/graph/ui_nodes/bindings`: errno=28/No space left on device
2026-08-31T06:20:55Z [2,691ms] [Error] [carb] Failed to create change watch for `/home/j/env_isaaclab/lib/python3.11/site-packages/isaacsim/extscache/omni.graph.ui_nodes-1.50.5+107.3.0.lx64.r.cp311.u353/omni/graph/ui_nodes/scripts`: errno=28/No space left on device
2026-08-31T06:20:55Z [2,691ms] [Error] [carb] Failed to create change watch for `/home/j/env_isaaclab/lib/python3.11/site-packages/isaacsim/extscache/omni.graph.ui_nodes-1.50.5+107.3.0.lx64.r.cp311.u353/omni/graph/ui_nodes/ogn`: errno=28/No space left on device
2026-08-31T06:20:55Z [2,691ms] [Error] [carb] Failed to create change watch for `/home/j/env_isaaclab/lib/python3.11/site-packages/isaacsim/extscache/omni.graph.ui_nodes-1.50.5+107.3.0.lx64.r.cp311.u353/omni/graph/ui_nodes/ogn/tests`: errno=28/No space left on device
2026-08-31T06:20:55Z [2,691ms] [Error] [carb] Failed to create change watch for `/home/j/env_isaaclab/lib/python3.11/site-packages/isaacsim/extscache/omni.graph.ui_nodes-1.50.5+107.3.0.lx64.r.cp311.u353/omni/graph/ui_nodes/ogn/tests/usd`: errno=28/No space left on device
2026-08-31T06:20:55Z [2,691ms] [Error] [carb] Failed to create change watch for `/home/j/env_isaaclab/lib/python3.11/site-packages/isaacsim/extscache/omni.graph.ui_nodes-1.50.5+107.3.0.lx64.r.cp311.u353/omni/graph/ui_nodes/ogn/nodes`: errno=28/No space left on device
2026-08-31T06:20:55Z [2,691ms] [Error] [carb] Failed to create change watch for `/home/j/env_isaaclab/lib/python3.11/site-packages/isaacsim/extscache/omni.graph.ui_nodes-1.50.5+107.3.0.lx64.r.cp311.u353/omni/graph/ui_nodes/_impl`: errno=28/No space left on device
2026-08-31T06:20:55Z [2,691ms] [Error] [carb] Failed to create change watch for `/home/j/env_isaaclab/lib/python3.11/site-packages/isaacsim/extscache/omni.graph.ui_nodes-1.50.5+107.3.0.lx64.r.cp311.u353/omni/graph/ui_nodes/_impl/templates`: errno=28/No space left on device
2026-08-31T06:20:55Z [2,691ms] [Error] [carb] Failed to create change watch for `/home/j/env_isaaclab/lib/python3.11/site-packages/isaacsim/extscache/omni.graph.action-1.130.0+107.3.0`: errno=28/No space left on device
[2.701s] [ext: omni.kit.stage_templates-2.0.0] startup
2026-08-31T06:20:55Z [2,692ms] [Error] [carb] Failed to create change watch for `/home/j/env_isaaclab/lib/python3.11/site-packages/isaacsim/extscache/omni.graph.action-1.130.0+107.3.0/config`: errno=28/No space left on device
2026-08-31T06:20:55Z [2,692ms] [Error] [carb] Failed to create change watch for `/home/j/env_isaaclab/lib/python3.11/site-packages/isaacsim/extscache/omni.graph.action-1.130.0+107.3.0/omni`: errno=28/No space left on device
2026-08-31T06:20:55Z [2,692ms] [Error] [carb] Failed to create change watch for `/home/j/env_isaaclab/lib/python3.11/site-packages/isaacsim/extscache/omni.graph.action-1.130.0+107.3.0/omni/graph`: errno=28/No space left on device
2026-08-31T06:20:55Z [2,692ms] [Error] [carb] Failed to create change watch for `/home/j/env_isaaclab/lib/python3.11/site-packages/isaacsim/extscache/omni.graph.action-1.130.0+107.3.0/omni/graph/action`: errno=28/No space left on device
2026-08-31T06:20:55Z [2,692ms] [Error] [carb] Failed to create change watch for `/home/j/env_isaaclab/lib/python3.11/site-packages/isaacsim/extscache/omni.graph.action-1.130.0+107.3.0/omni/graph/action/tests`: errno=28/No space left on device
2026-08-31T06:20:55Z [2,694ms] [Error] [carb] Failed to create change watch for `/home/j/env_isaaclab/lib/python3.11/site-packages/isaacsim/extscache/omni.kit.stage_templates-2.0.0+69cbf6ad`: errno=28/No space left on device
2026-08-31T06:20:55Z [2,694ms] [Error] [carb] Failed to create change watch for `/home/j/env_isaaclab/lib/python3.11/site-packages/isaacsim/extscache/omni.kit.stage_templates-2.0.0+69cbf6ad/config`: errno=28/No space left on device
2026-08-31T06:20:55Z [2,695ms] [Error] [carb] Failed to create change watch for `/home/j/env_isaaclab/lib/python3.11/site-packages/isaacsim/extscache/omni.kit.stage_templates-2.0.0+69cbf6ad/omni`: errno=28/No space left on device
[2.704s] [ext: isaacsim.core.prims-0.6.1] startup
2026-08-31T06:20:55Z [2,695ms] [Error] [carb] Failed to create change watch for `/home/j/env_isaaclab/lib/python3.11/site-packages/isaacsim/extscache/omni.kit.stage_templates-2.0.0+69cbf6ad/omni/kit`: errno=28/No space left on device
2026-08-31T06:20:55Z [2,695ms] [Error] [carb] Failed to create change watch for `/home/j/env_isaaclab/lib/python3.11/site-packages/isaacsim/extscache/omni.kit.stage_templates-2.0.0+69cbf6ad/omni/kit/stage_templates`: errno=28/No space left on device
2026-08-31T06:20:55Z [2,695ms] [Error] [carb] Failed to create change watch for `/home/j/env_isaaclab/lib/python3.11/site-packages/isaacsim/extscache/omni.kit.stage_templates-2.0.0+69cbf6ad/omni/kit/stage_templates/tests`: errno=28/No space left on device
2026-08-31T06:20:55Z [2,695ms] [Error] [carb] Failed to create change watch for `/home/j/env_isaaclab/lib/python3.11/site-packages/isaacsim/extscache/omni.kit.stage_templates-2.0.0+69cbf6ad/omni/kit/stage_templates/templates`: errno=28/No space left on device
[2.724s] [ext: omni.warp-1.8.2] startup
2026-08-31T06:20:55Z [2,715ms] [Error] [carb] Failed to create change watch for `/home/j/env_isaaclab/lib/python3.11/site-packages/isaacsim/exts/isaacsim.core.prims`: errno=28/No space left on device
2026-08-31T06:20:55Z [2,715ms] [Error] [carb] Failed to create change watch for `/home/j/env_isaaclab/lib/python3.11/site-packages/isaacsim/exts/isaacsim.core.prims/config`: errno=28/No space left on device
2026-08-31T06:20:55Z [2,715ms] [Error] [carb] Failed to create change watch for `/home/j/env_isaaclab/lib/python3.11/site-packages/isaacsim/exts/isaacsim.core.prims/isaacsim`: errno=28/No space left on device
2026-08-31T06:20:55Z [2,715ms] [Error] [carb] Failed to create change watch for `/home/j/env_isaaclab/lib/python3.11/site-packages/isaacsim/exts/isaacsim.core.prims/isaacsim/core`: errno=28/No space left on device
2026-08-31T06:20:55Z [2,715ms] [Error] [carb] Failed to create change watch for `/home/j/env_isaaclab/lib/python3.11/site-packages/isaacsim/exts/isaacsim.core.prims/isaacsim/core/prims`: errno=28/No space left on device
2026-08-31T06:20:55Z [2,715ms] [Error] [carb] Failed to create change watch for `/home/j/env_isaaclab/lib/python3.11/site-packages/isaacsim/exts/isaacsim.core.prims/isaacsim/core/prims/tests`: errno=28/No space left on device
2026-08-31T06:20:55Z [2,715ms] [Error] [carb] Failed to create change watch for `/home/j/env_isaaclab/lib/python3.11/site-packages/isaacsim/exts/isaacsim.core.prims/isaacsim/core/prims/impl`: errno=28/No space left on device
2026-08-31T06:20:55Z [2,720ms] [Error] [carb] Failed to create change watch for `/home/j/env_isaaclab/lib/python3.11/site-packages/isaacsim/extscache/omni.warp-1.8.2`: errno=28/No space left on device
[2.729s] [ext: omni.videoencoding-0.1.2] startup
2026-08-31T06:20:55Z [2,720ms] [Error] [carb] Failed to create change watch for `/home/j/env_isaaclab/lib/python3.11/site-packages/isaacsim/extscache/omni.warp-1.8.2/config`: errno=28/No space left on device
2026-08-31T06:20:55Z [2,720ms] [Error] [carb] Failed to create change watch for `/home/j/env_isaaclab/lib/python3.11/site-packages/isaacsim/extscache/omni.warp-1.8.2/omni`: errno=28/No space left on device
2026-08-31T06:20:55Z [2,720ms] [Error] [carb] Failed to create change watch for `/home/j/env_isaaclab/lib/python3.11/site-packages/isaacsim/extscache/omni.warp-1.8.2/omni/warp`: errno=28/No space left on device
2026-08-31T06:20:55Z [2,721ms] [Error] [carb] Failed to create change watch for `/home/j/env_isaaclab/lib/python3.11/site-packages/isaacsim/extscache/omni.warp-1.8.2/omni/warp/_extension`: errno=28/No space left on device
2026-08-31T06:20:55Z [2,721ms] [Error] [carb] Failed to create change watch for `/home/j/env_isaaclab/lib/python3.11/site-packages/isaacsim/extscache/omni.warp-1.8.2/omni/warp/nodes`: errno=28/No space left on device
2026-08-31T06:20:55Z [2,721ms] [Error] [carb] Failed to create change watch for `/home/j/env_isaaclab/lib/python3.11/site-packages/isaacsim/extscache/omni.warp-1.8.2/omni/warp/nodes/tests`: errno=28/No space left on device
2026-08-31T06:20:55Z [2,721ms] [Error] [carb] Failed to create change watch for `/home/j/env_isaaclab/lib/python3.11/site-packages/isaacsim/extscache/omni.warp-1.8.2/omni/warp/nodes/tests/data`: errno=28/No space left on device
2026-08-31T06:20:55Z [2,721ms] [Error] [carb] Failed to create change watch for `/home/j/env_isaaclab/lib/python3.11/site-packages/isaacsim/extscache/omni.warp-1.8.2/omni/warp/nodes/_impl`: errno=28/No space left on device
2026-08-31T06:20:55Z [2,721ms] [Error] [carb] Failed to create change watch for `/home/j/env_isaaclab/lib/python3.11/site-packages/isaacsim/extscache/omni.warp-1.8.2/omni/warp/nodes/_impl/templates`: errno=28/No space left on device
2026-08-31T06:20:55Z [2,721ms] [Error] [carb] Failed to create change watch for `/home/j/env_isaaclab/lib/python3.11/site-packages/isaacsim/extscache/omni.warp-1.8.2/omni/warp/nodes/_impl/kernels`: errno=28/No space left on device
2026-08-31T06:20:55Z [2,721ms] [Error] [carb] Failed to create change watch for `/home/j/env_isaaclab/lib/python3.11/site-packages/isaacsim/extscache/omni.warp-1.8.2/omni/warp/nodes/_impl/props`: errno=28/No space left on device
2026-08-31T06:20:55Z [2,721ms] [Error] [carb] Failed to create change watch for `/home/j/env_isaaclab/lib/python3.11/site-packages/isaacsim/extscache/omni.warp-1.8.2/omni/warp/nodes/_impl/widgets`: errno=28/No space left on device
2026-08-31T06:20:55Z [2,723ms] [Error] [carb] Failed to create change watch for `/home/j/env_isaaclab/lib/python3.11/site-packages/isaacsim/extscache/omni.videoencoding-0.1.2+69cbf6ad.lx64.r.cp311`: errno=28/No space left on device
2026-08-31T06:20:55Z [2,723ms] [Error] [carb] Failed to create change watch for `/home/j/env_isaaclab/lib/python3.11/site-packages/isaacsim/extscache/omni.videoencoding-0.1.2+69cbf6ad.lx64.r.cp311/video_encoding`: errno=28/No space left on device
2026-08-31T06:20:55Z [2,723ms] [Error] [carb] Failed to create change watch for `/home/j/env_isaaclab/lib/python3.11/site-packages/isaacsim/extscache/omni.videoencoding-0.1.2+69cbf6ad.lx64.r.cp311/video_encoding/tests`: errno=28/No space left on device
2026-08-31T06:20:55Z [2,723ms] [Error] [carb] Failed to create change watch for `/home/j/env_isaaclab/lib/python3.11/site-packages/isaacsim/extscache/omni.videoencoding-0.1.2+69cbf6ad.lx64.r.cp311/video_encoding/impl`: errno=28/No space left on device
2026-08-31T06:20:55Z [2,723ms] [Error] [carb] Failed to create change watch for `/home/j/env_isaaclab/lib/python3.11/site-packages/isaacsim/extscache/omni.videoencoding-0.1.2+69cbf6ad.lx64.r.cp311/config`: errno=28/No space left on device
[2.732s] [ext: isaacsim.core.api-4.8.0] startup
2026-08-31T06:20:55Z [2,755ms] [Error] [carb] Failed to create change watch for `/home/j/env_isaaclab/lib/python3.11/site-packages/isaacsim/exts/isaacsim.core.api`: errno=28/No space left on device
2026-08-31T06:20:55Z [2,755ms] [Error] [carb] Failed to create change watch for `/home/j/env_isaaclab/lib/python3.11/site-packages/isaacsim/exts/isaacsim.core.api/config`: errno=28/No space left on device
2026-08-31T06:20:55Z [2,755ms] [Error] [carb] Failed to create change watch for `/home/j/env_isaaclab/lib/python3.11/site-packages/isaacsim/exts/isaacsim.core.api/isaacsim`: errno=28/No space left on device
2026-08-31T06:20:55Z [2,755ms] [Error] [carb] Failed to create change watch for `/home/j/env_isaaclab/lib/python3.11/site-packages/isaacsim/exts/isaacsim.core.api/isaacsim/core`: errno=28/No space left on device
2026-08-31T06:20:55Z [2,755ms] [Error] [carb] Failed to create change watch for `/home/j/env_isaaclab/lib/python3.11/site-packages/isaacsim/exts/isaacsim.core.api/isaacsim/core/api`: errno=28/No space left on device
2026-08-31T06:20:55Z [2,755ms] [Error] [carb] Failed to create change watch for `/home/j/env_isaaclab/lib/python3.11/site-packages/isaacsim/exts/isaacsim.core.api/isaacsim/core/api/tests`: errno=28/No space left on device
2026-08-31T06:20:55Z [2,755ms] [Error] [carb] Failed to create change watch for `/home/j/env_isaaclab/lib/python3.11/site-packages/isaacsim/exts/isaacsim.core.api/isaacsim/core/api/tests/data`: errno=28/No space left on device
[2.764s] [ext: isaacsim.core.experimental.utils-0.3.0] startup
2026-08-31T06:20:55Z [2,755ms] [Error] [carb] Failed to create change watch for `/home/j/env_isaaclab/lib/python3.11/site-packages/isaacsim/exts/isaacsim.core.api/isaacsim/core/api/scenes`: errno=28/No space left on device
2026-08-31T06:20:55Z [2,755ms] [Error] [carb] Failed to create change watch for `/home/j/env_isaaclab/lib/python3.11/site-packages/isaacsim/exts/isaacsim.core.api/isaacsim/core/api/controllers`: errno=28/No space left on device
2026-08-31T06:20:55Z [2,755ms] [Error] [carb] Failed to create change watch for `/home/j/env_isaaclab/lib/python3.11/site-packages/isaacsim/exts/isaacsim.core.api/isaacsim/core/api/world`: errno=28/No space left on device
2026-08-31T06:20:55Z [2,755ms] [Error] [carb] Failed to create change watch for `/home/j/env_isaaclab/lib/python3.11/site-packages/isaacsim/exts/isaacsim.core.api/isaacsim/core/api/materials`: errno=28/No space left on device
2026-08-31T06:20:55Z [2,755ms] [Error] [carb] Failed to create change watch for `/home/j/env_isaaclab/lib/python3.11/site-packages/isaacsim/exts/isaacsim.core.api/isaacsim/core/api/simulation_context`: errno=28/No space left on device
2026-08-31T06:20:55Z [2,755ms] [Error] [carb] Failed to create change watch for `/home/j/env_isaaclab/lib/python3.11/site-packages/isaacsim/exts/isaacsim.core.api/isaacsim/core/api/loggers`: errno=28/No space left on device
2026-08-31T06:20:55Z [2,755ms] [Error] [carb] Failed to create change watch for `/home/j/env_isaaclab/lib/python3.11/site-packages/isaacsim/exts/isaacsim.core.api/isaacsim/core/api/robots`: errno=28/No space left on device
2026-08-31T06:20:55Z [2,755ms] [Error] [carb] Failed to create change watch for `/home/j/env_isaaclab/lib/python3.11/site-packages/isaacsim/exts/isaacsim.core.api/isaacsim/core/api/articulations`: errno=28/No space left on device
2026-08-31T06:20:55Z [2,756ms] [Error] [carb] Failed to create change watch for `/home/j/env_isaaclab/lib/python3.11/site-packages/isaacsim/exts/isaacsim.core.api/isaacsim/core/api/sensors`: errno=28/No space left on device
2026-08-31T06:20:55Z [2,756ms] [Error] [carb] Failed to create change watch for `/home/j/env_isaaclab/lib/python3.11/site-packages/isaacsim/exts/isaacsim.core.api/isaacsim/core/api/tasks`: errno=28/No space left on device
2026-08-31T06:20:55Z [2,756ms] [Error] [carb] Failed to create change watch for `/home/j/env_isaaclab/lib/python3.11/site-packages/isaacsim/exts/isaacsim.core.api/isaacsim/core/api/physics_context`: errno=28/No space left on device
2026-08-31T06:20:55Z [2,756ms] [Error] [carb] Failed to create change watch for `/home/j/env_isaaclab/lib/python3.11/site-packages/isaacsim/exts/isaacsim.core.api/isaacsim/core/api/objects`: errno=28/No space left on device
2026-08-31T06:20:55Z [2,770ms] [Error] [carb] Failed to create change watch for `/home/j/env_isaaclab/lib/python3.11/site-packages/isaacsim/exts/isaacsim.core.experimental.utils`: errno=28/No space left on device
2026-08-31T06:20:55Z [2,770ms] [Error] [carb] Failed to create change watch for `/home/j/env_isaaclab/lib/python3.11/site-packages/isaacsim/exts/isaacsim.core.experimental.utils/config`: errno=28/No space left on device
2026-08-31T06:20:55Z [2,770ms] [Error] [carb] Failed to create change watch for `/home/j/env_isaaclab/lib/python3.11/site-packages/isaacsim/exts/isaacsim.core.experimental.utils/isaacsim`: errno=28/No space left on device
2026-08-31T06:20:55Z [2,770ms] [Error] [carb] Failed to create change watch for `/home/j/env_isaaclab/lib/python3.11/site-packages/isaacsim/exts/isaacsim.core.experimental.utils/isaacsim/core`: errno=28/No space left on device
2026-08-31T06:20:55Z [2,770ms] [Error] [carb] Failed to create change watch for `/home/j/env_isaaclab/lib/python3.11/site-packages/isaacsim/exts/isaacsim.core.experimental.utils/isaacsim/core/experimental`: errno=28/No space left on device
2026-08-31T06:20:55Z [2,770ms] [Error] [carb] Failed to create change watch for `/home/j/env_isaaclab/lib/python3.11/site-packages/isaacsim/exts/isaacsim.core.experimental.utils/isaacsim/core/experimental/utils`: errno=28/No space left on device
2026-08-31T06:20:55Z [2,770ms] [Error] [carb] Failed to create change watch for `/home/j/env_isaaclab/lib/python3.11/site-packages/isaacsim/exts/isaacsim.core.experimental.utils/isaacsim/core/experimental/utils/tests`: errno=28/No space left on device
2026-08-31T06:20:55Z [2,770ms] [Error] [carb] Failed to create change watch for `/home/j/env_isaaclab/lib/python3.11/site-packages/isaacsim/exts/isaacsim.core.experimental.utils/isaacsim/core/experimental/utils/impl`: errno=28/No space left on device
[2.780s] [ext: omni.replicator.core-1.12.27] startup
2026-08-31T06:20:55Z [2,790ms] [Warning] [pxr.Semantics] pxr.Semantics is deprecated - please use Semantics instead
2026-08-31T06:20:55Z [2,857ms] [Warning] [omni.graph.core.plugin] Found duplicate of category 'Replicator' - was 'Annotators', adding 'Fabric Reader'
2026-08-31T06:20:55Z [2,857ms] [Warning] [omni.graph.core.plugin] Category 'Replicator' not accepted on node type 'omni.replicator.core.FabricReader' in extension 'omni.replicator.core'
2026-08-31T06:20:55Z [2,857ms] [Warning] [omni.replicator.core.scripts.extension] No material configuration file, adding configuration to material settings directly.
2026-08-31T06:20:55Z [2,860ms] [Error] [carb] Failed to create change watch for `/home/j/env_isaaclab/lib/python3.11/site-packages/isaacsim/extscache/omni.replicator.core-1.12.27+107.3.3.lx64.r.cp311`: errno=28/No space left on device
[2.869s] [ext: isaacsim.core.experimental.prims-0.8.1] startup
2026-08-31T06:20:55Z [2,860ms] [Error] [carb] Failed to create change watch for `/home/j/env_isaaclab/lib/python3.11/site-packages/isaacsim/extscache/omni.replicator.core-1.12.27+107.3.3.lx64.r.cp311/config`: errno=28/No space left on device
2026-08-31T06:20:55Z [2,860ms] [Error] [carb] Failed to create change watch for `/home/j/env_isaaclab/lib/python3.11/site-packages/isaacsim/extscache/omni.replicator.core-1.12.27+107.3.3.lx64.r.cp311/omni`: errno=28/No space left on device
2026-08-31T06:20:55Z [2,860ms] [Error] [carb] Failed to create change watch for `/home/j/env_isaaclab/lib/python3.11/site-packages/isaacsim/extscache/omni.replicator.core-1.12.27+107.3.3.lx64.r.cp311/omni/replicator`: errno=28/No space left on device
2026-08-31T06:20:55Z [2,860ms] [Error] [carb] Failed to create change watch for `/home/j/env_isaaclab/lib/python3.11/site-packages/isaacsim/extscache/omni.replicator.core-1.12.27+107.3.3.lx64.r.cp311/omni/replicator/core`: errno=28/No space left on device
2026-08-31T06:20:55Z [2,860ms] [Error] [carb] Failed to create change watch for `/home/j/env_isaaclab/lib/python3.11/site-packages/isaacsim/extscache/omni.replicator.core-1.12.27+107.3.3.lx64.r.cp311/omni/replicator/core/tests`: errno=28/No space left on device
2026-08-31T06:20:55Z [2,860ms] [Error] [carb] Failed to create change watch for `/home/j/env_isaaclab/lib/python3.11/site-packages/isaacsim/extscache/omni.replicator.core-1.12.27+107.3.3.lx64.r.cp311/omni/replicator/core/tests/data`: errno=28/No space left on device
2026-08-31T06:20:55Z [2,860ms] [Error] [carb] Failed to create change watch for `/home/j/env_isaaclab/lib/python3.11/site-packages/isaacsim/extscache/omni.replicator.core-1.12.27+107.3.3.lx64.r.cp311/omni/replicator/core/tests/data/aug`: errno=28/No space left on device
2026-08-31T06:20:55Z [2,860ms] [Error] [carb] Failed to create change watch for `/home/j/env_isaaclab/lib/python3.11/site-packages/isaacsim/extscache/omni.replicator.core-1.12.27+107.3.3.lx64.r.cp311/omni/replicator/core/tests/data/aug/shape_mtl`: errno=28/No space left on device
2026-08-31T06:20:55Z [2,860ms] [Error] [carb] Failed to create change watch for `/home/j/env_isaaclab/lib/python3.11/site-packages/isaacsim/extscache/omni.replicator.core-1.12.27+107.3.3.lx64.r.cp311/omni/replicator/core/tests/data/aug/fill_im`: errno=28/No space left on device
2026-08-31T06:20:55Z [2,860ms] [Error] [carb] Failed to create change watch for `/home/j/env_isaaclab/lib/python3.11/site-packages/isaacsim/extscache/omni.replicator.core-1.12.27+107.3.3.lx64.r.cp311/omni/replicator/core/tests/data/aovs`: errno=28/No space left on device
2026-08-31T06:20:55Z [2,860ms] [Error] [carb] Failed to create change watch for `/home/j/env_isaaclab/lib/python3.11/site-packages/isaacsim/extscache/omni.replicator.core-1.12.27+107.3.3.lx64.r.cp311/omni/replicator/core/tests/data/golden`: errno=28/No space left on device
2026-08-31T06:20:55Z [2,860ms] [Error] [carb] Failed to create change watch for `/home/j/env_isaaclab/lib/python3.11/site-packages/isaacsim/extscache/omni.replicator.core-1.12.27+107.3.3.lx64.r.cp311/omni/replicator/core/tests/data/golden/skeleton_tests`: errno=28/No space left on device
2026-08-31T06:20:55Z [2,861ms] [Error] [carb] Failed to create change watch for `/home/j/env_isaaclab/lib/python3.11/site-packages/isaacsim/extscache/omni.replicator.core-1.12.27+107.3.3.lx64.r.cp311/omni/replicator/core/tests/data/objects`: errno=28/No space left on device
2026-08-31T06:20:55Z [2,861ms] [Error] [carb] Failed to create change watch for `/home/j/env_isaaclab/lib/python3.11/site-packages/isaacsim/extscache/omni.replicator.core-1.12.27+107.3.3.lx64.r.cp311/omni/replicator/core/tests/data/objects/textures`: errno=28/No space left on device
2026-08-31T06:20:55Z [2,861ms] [Error] [carb] Failed to create change watch for `/home/j/env_isaaclab/lib/python3.11/site-packages/isaacsim/extscache/omni.replicator.core-1.12.27+107.3.3.lx64.r.cp311/omni/replicator/core/tests/data/objects/Worker`: errno=28/No space left on device
2026-08-31T06:20:55Z [2,861ms] [Error] [carb] Failed to create change watch for `/home/j/env_isaaclab/lib/python3.11/site-packages/isaacsim/extscache/omni.replicator.core-1.12.27+107.3.3.lx64.r.cp311/omni/replicator/core/tests/data/objects/Worker/Motions`: errno=28/No space left on device
2026-08-31T06:20:55Z [2,861ms] [Error] [carb] Failed to create change watch for `/home/j/env_isaaclab/lib/python3.11/site-packages/isaacsim/extscache/omni.replicator.core-1.12.27+107.3.3.lx64.r.cp311/omni/replicator/core/tests/data/objects/Worker/Props`: errno=28/No space left on device
2026-08-31T06:20:55Z [2,861ms] [Error] [carb] Failed to create change watch for `/home/j/env_isaaclab/lib/python3.11/site-packages/isaacsim/extscache/omni.replicator.core-1.12.27+107.3.3.lx64.r.cp311/omni/replicator/core/tests/data/objects/Worker/Props/Meshes`: errno=28/No space left on device
2026-08-31T06:20:55Z [2,861ms] [Error] [carb] Failed to create change watch for `/home/j/env_isaaclab/lib/python3.11/site-packages/isaacsim/extscache/omni.replicator.core-1.12.27+107.3.3.lx64.r.cp311/omni/replicator/core/tests/data/objects/Worker/Props/Bones`: errno=28/No space left on device
2026-08-31T06:20:55Z [2,861ms] [Error] [carb] Failed to create change watch for `/home/j/env_isaaclab/lib/python3.11/site-packages/isaacsim/extscache/omni.replicator.core-1.12.27+107.3.3.lx64.r.cp311/omni/replicator/core/tests/data/objects/Worker/Debra`: errno=28/No space left on device
2026-08-31T06:20:55Z [2,861ms] [Error] [carb] Failed to create change watch for `/home/j/env_isaaclab/lib/python3.11/site-packages/isaacsim/extscache/omni.replicator.core-1.12.27+107.3.3.lx64.r.cp311/omni/replicator/core/tests/data/objects/Worker/Debra/Props`: errno=28/No space left on device
2026-08-31T06:20:55Z [2,861ms] [Error] [carb] Failed to create change watch for `/home/j/env_isaaclab/lib/python3.11/site-packages/isaacsim/extscache/omni.replicator.core-1.12.27+107.3.3.lx64.r.cp311/omni/replicator/core/tests/data/objects/Worker/Debra/Props/Stage`: errno=28/No space left on device
2026-08-31T06:20:55Z [2,861ms] [Error] [carb] Failed to create change watch for `/home/j/env_isaaclab/lib/python3.11/site-packages/isaacsim/extscache/omni.replicator.core-1.12.27+107.3.3.lx64.r.cp311/omni/replicator/core/tests/data/objects/Worker/Materials`: errno=28/No space left on device
2026-08-31T06:20:55Z [2,861ms] [Error] [carb] Failed to create change watch for `/home/j/env_isaaclab/lib/python3.11/site-packages/isaacsim/extscache/omni.replicator.core-1.12.27+107.3.3.lx64.r.cp311/omni/replicator/core/bindings`: errno=28/No space left on device
2026-08-31T06:20:55Z [2,861ms] [Error] [carb] Failed to create change watch for `/home/j/env_isaaclab/lib/python3.11/site-packages/isaacsim/extscache/omni.replicator.core-1.12.27+107.3.3.lx64.r.cp311/omni/replicator/core/scripts`: errno=28/No space left on device
2026-08-31T06:20:55Z [2,861ms] [Error] [carb] Failed to create change watch for `/home/j/env_isaaclab/lib/python3.11/site-packages/isaacsim/extscache/omni.replicator.core-1.12.27+107.3.3.lx64.r.cp311/omni/replicator/core/scripts/utils`: errno=28/No space left on device
2026-08-31T06:20:55Z [2,861ms] [Error] [carb] Failed to create change watch for `/home/j/env_isaaclab/lib/python3.11/site-packages/isaacsim/extscache/omni.replicator.core-1.12.27+107.3.3.lx64.r.cp311/omni/replicator/core/scripts/writers_default`: errno=28/No space left on device
2026-08-31T06:20:55Z [2,861ms] [Error] [carb] Failed to create change watch for `/home/j/env_isaaclab/lib/python3.11/site-packages/isaacsim/extscache/omni.replicator.core-1.12.27+107.3.3.lx64.r.cp311/omni/replicator/core/scripts/backends`: errno=28/No space left on device
2026-08-31T06:20:55Z [2,862ms] [Error] [carb] Failed to create change watch for `/home/j/env_isaaclab/lib/python3.11/site-packages/isaacsim/extscache/omni.replicator.core-1.12.27+107.3.3.lx64.r.cp311/omni/replicator/core/scripts/data`: errno=28/No space left on device
2026-08-31T06:20:55Z [2,862ms] [Error] [carb] Failed to create change watch for `/home/j/env_isaaclab/lib/python3.11/site-packages/isaacsim/extscache/omni.replicator.core-1.12.27+107.3.3.lx64.r.cp311/omni/replicator/core/scripts/data/textures`: errno=28/No space left on device
2026-08-31T06:20:55Z [2,862ms] [Error] [carb] Failed to create change watch for `/home/j/env_isaaclab/lib/python3.11/site-packages/isaacsim/extscache/omni.replicator.core-1.12.27+107.3.3.lx64.r.cp311/omni/replicator/core/scripts/data/uv_textures`: errno=28/No space left on device
2026-08-31T06:20:55Z [2,862ms] [Error] [carb] Failed to create change watch for `/home/j/env_isaaclab/lib/python3.11/site-packages/isaacsim/extscache/omni.replicator.core-1.12.27+107.3.3.lx64.r.cp311/omni/replicator/core/scripts/data/materials`: errno=28/No space left on device
2026-08-31T06:20:55Z [2,862ms] [Error] [carb] Failed to create change watch for `/home/j/env_isaaclab/lib/python3.11/site-packages/isaacsim/extscache/omni.replicator.core-1.12.27+107.3.3.lx64.r.cp311/omni/replicator/core/scripts/data/materials/Leaves`: errno=28/No space left on device
2026-08-31T06:20:55Z [2,862ms] [Error] [carb] Failed to create change watch for `/home/j/env_isaaclab/lib/python3.11/site-packages/isaacsim/extscache/omni.replicator.core-1.12.27+107.3.3.lx64.r.cp311/omni/replicator/core/scripts/data/materials/Copper`: errno=28/No space left on device
2026-08-31T06:20:55Z [2,862ms] [Error] [carb] Failed to create change watch for `/home/j/env_isaaclab/lib/python3.11/site-packages/isaacsim/extscache/omni.replicator.core-1.12.27+107.3.3.lx64.r.cp311/omni/replicator/core/scripts/data/graphs`: errno=28/No space left on device
2026-08-31T06:20:55Z [2,862ms] [Error] [carb] Failed to create change watch for `/home/j/env_isaaclab/lib/python3.11/site-packages/isaacsim/extscache/omni.replicator.core-1.12.27+107.3.3.lx64.r.cp311/omni/replicator/core/scripts/data/assets`: errno=28/No space left on device
2026-08-31T06:20:55Z [2,862ms] [Error] [carb] Failed to create change watch for `/home/j/env_isaaclab/lib/python3.11/site-packages/isaacsim/extscache/omni.replicator.core-1.12.27+107.3.3.lx64.r.cp311/omni/replicator/core/scripts/functional`: errno=28/No space left on device
2026-08-31T06:20:55Z [2,862ms] [Error] [carb] Failed to create change watch for `/home/j/env_isaaclab/lib/python3.11/site-packages/isaacsim/extscache/omni.replicator.core-1.12.27+107.3.3.lx64.r.cp311/omni/replicator/core/scripts/objects`: errno=28/No space left on device
2026-08-31T06:20:55Z [2,862ms] [Error] [carb] Failed to create change watch for `/home/j/env_isaaclab/lib/python3.11/site-packages/isaacsim/extscache/omni.replicator.core-1.12.27+107.3.3.lx64.r.cp311/omni/replicator/core/ogn`: errno=28/No space left on device
2026-08-31T06:20:55Z [2,862ms] [Error] [carb] Failed to create change watch for `/home/j/env_isaaclab/lib/python3.11/site-packages/isaacsim/extscache/omni.replicator.core-1.12.27+107.3.3.lx64.r.cp311/omni/replicator/core/ogn/tests`: errno=28/No space left on device
2026-08-31T06:20:55Z [2,862ms] [Error] [carb] Failed to create change watch for `/home/j/env_isaaclab/lib/python3.11/site-packages/isaacsim/extscache/omni.replicator.core-1.12.27+107.3.3.lx64.r.cp311/omni/replicator/core/ogn/tests/usd`: errno=28/No space left on device
2026-08-31T06:20:55Z [2,863ms] [Error] [carb] Failed to create change watch for `/home/j/env_isaaclab/lib/python3.11/site-packages/isaacsim/extscache/omni.replicator.core-1.12.27+107.3.3.lx64.r.cp311/omni/replicator/core/ogn/python`: errno=28/No space left on device
2026-08-31T06:20:55Z [2,863ms] [Error] [carb] Failed to create change watch for `/home/j/env_isaaclab/lib/python3.11/site-packages/isaacsim/extscache/omni.replicator.core-1.12.27+107.3.3.lx64.r.cp311/omni/replicator/core/ogn/python/impl`: errno=28/No space left on device
2026-08-31T06:20:55Z [2,863ms] [Error] [carb] Failed to create change watch for `/home/j/env_isaaclab/lib/python3.11/site-packages/isaacsim/extscache/omni.replicator.core-1.12.27+107.3.3.lx64.r.cp311/omni/replicator/core/ogn/python/impl/nodes`: errno=28/No space left on device
2026-08-31T06:20:55Z [2,889ms] [Error] [carb] Failed to create change watch for `/home/j/env_isaaclab/lib/python3.11/site-packages/isaacsim/exts/isaacsim.core.experimental.prims`: errno=28/No space left on device
[2.898s] [ext: omni.kit.window.extensions-1.4.27] startup
2026-08-31T06:20:55Z [2,889ms] [Error] [carb] Failed to create change watch for `/home/j/env_isaaclab/lib/python3.11/site-packages/isaacsim/exts/isaacsim.core.experimental.prims/config`: errno=28/No space left on device
2026-08-31T06:20:55Z [2,889ms] [Error] [carb] Failed to create change watch for `/home/j/env_isaaclab/lib/python3.11/site-packages/isaacsim/exts/isaacsim.core.experimental.prims/isaacsim`: errno=28/No space left on device
2026-08-31T06:20:55Z [2,889ms] [Error] [carb] Failed to create change watch for `/home/j/env_isaaclab/lib/python3.11/site-packages/isaacsim/exts/isaacsim.core.experimental.prims/isaacsim/core`: errno=28/No space left on device
2026-08-31T06:20:55Z [2,889ms] [Error] [carb] Failed to create change watch for `/home/j/env_isaaclab/lib/python3.11/site-packages/isaacsim/exts/isaacsim.core.experimental.prims/isaacsim/core/experimental`: errno=28/No space left on device
2026-08-31T06:20:55Z [2,889ms] [Error] [carb] Failed to create change watch for `/home/j/env_isaaclab/lib/python3.11/site-packages/isaacsim/exts/isaacsim.core.experimental.prims/isaacsim/core/experimental/prims`: errno=28/No space left on device
2026-08-31T06:20:55Z [2,889ms] [Error] [carb] Failed to create change watch for `/home/j/env_isaaclab/lib/python3.11/site-packages/isaacsim/exts/isaacsim.core.experimental.prims/isaacsim/core/experimental/prims/tests`: errno=28/No space left on device
2026-08-31T06:20:55Z [2,889ms] [Error] [carb] Failed to create change watch for `/home/j/env_isaaclab/lib/python3.11/site-packages/isaacsim/exts/isaacsim.core.experimental.prims/isaacsim/core/experimental/prims/impl`: errno=28/No space left on device
2026-08-31T06:20:55Z [2,897ms] [Error] [carb] Failed to create change watch for `/home/j/env_isaaclab/lib/python3.11/site-packages/isaacsim/extscache/omni.kit.window.extensions-1.4.27+69cbf6ad`: errno=28/No space left on device
2026-08-31T06:20:55Z [2,897ms] [Error] [carb] Failed to create change watch for `/home/j/env_isaaclab/lib/python3.11/site-packages/isaacsim/extscache/omni.kit.window.extensions-1.4.27+69cbf6ad/config`: errno=28/No space left on device
[2.906s] [ext: isaacsim.core.experimental.objects-0.4.0] startup
2026-08-31T06:20:55Z [2,897ms] [Error] [carb] Failed to create change watch for `/home/j/env_isaaclab/lib/python3.11/site-packages/isaacsim/extscache/omni.kit.window.extensions-1.4.27+69cbf6ad/omni`: errno=28/No space left on device
2026-08-31T06:20:55Z [2,897ms] [Error] [carb] Failed to create change watch for `/home/j/env_isaaclab/lib/python3.11/site-packages/isaacsim/extscache/omni.kit.window.extensions-1.4.27+69cbf6ad/omni/kit`: errno=28/No space left on device
2026-08-31T06:20:55Z [2,897ms] [Error] [carb] Failed to create change watch for `/home/j/env_isaaclab/lib/python3.11/site-packages/isaacsim/extscache/omni.kit.window.extensions-1.4.27+69cbf6ad/omni/kit/window`: errno=28/No space left on device
2026-08-31T06:20:55Z [2,897ms] [Error] [carb] Failed to create change watch for `/home/j/env_isaaclab/lib/python3.11/site-packages/isaacsim/extscache/omni.kit.window.extensions-1.4.27+69cbf6ad/omni/kit/window/extensions`: errno=28/No space left on device
2026-08-31T06:20:55Z [2,897ms] [Error] [carb] Failed to create change watch for `/home/j/env_isaaclab/lib/python3.11/site-packages/isaacsim/extscache/omni.kit.window.extensions-1.4.27+69cbf6ad/omni/kit/window/extensions/tests`: errno=28/No space left on device
2026-08-31T06:20:55Z [2,905ms] [Error] [carb] Failed to create change watch for `/home/j/env_isaaclab/lib/python3.11/site-packages/isaacsim/exts/isaacsim.core.experimental.objects`: errno=28/No space left on device
2026-08-31T06:20:55Z [2,905ms] [Error] [carb] Failed to create change watch for `/home/j/env_isaaclab/lib/python3.11/site-packages/isaacsim/exts/isaacsim.core.experimental.objects/config`: errno=28/No space left on device
2026-08-31T06:20:55Z [2,905ms] [Error] [carb] Failed to create change watch for `/home/j/env_isaaclab/lib/python3.11/site-packages/isaacsim/exts/isaacsim.core.experimental.objects/isaacsim`: errno=28/No space left on device
2026-08-31T06:20:55Z [2,905ms] [Error] [carb] Failed to create change watch for `/home/j/env_isaaclab/lib/python3.11/site-packages/isaacsim/exts/isaacsim.core.experimental.objects/isaacsim/core`: errno=28/No space left on device
[2.914s] [ext: omni.ui_query-1.1.8] startup
2026-08-31T06:20:55Z [2,905ms] [Error] [carb] Failed to create change watch for `/home/j/env_isaaclab/lib/python3.11/site-packages/isaacsim/exts/isaacsim.core.experimental.objects/isaacsim/core/experimental`: errno=28/No space left on device
2026-08-31T06:20:55Z [2,905ms] [Error] [carb] Failed to create change watch for `/home/j/env_isaaclab/lib/python3.11/site-packages/isaacsim/exts/isaacsim.core.experimental.objects/isaacsim/core/experimental/objects`: errno=28/No space left on device
2026-08-31T06:20:55Z [2,905ms] [Error] [carb] Failed to create change watch for `/home/j/env_isaaclab/lib/python3.11/site-packages/isaacsim/exts/isaacsim.core.experimental.objects/isaacsim/core/experimental/objects/tests`: errno=28/No space left on device
2026-08-31T06:20:55Z [2,905ms] [Error] [carb] Failed to create change watch for `/home/j/env_isaaclab/lib/python3.11/site-packages/isaacsim/exts/isaacsim.core.experimental.objects/isaacsim/core/experimental/objects/impl`: errno=28/No space left on device
2026-08-31T06:20:55Z [2,906ms] [Error] [carb] Failed to create change watch for `/home/j/env_isaaclab/lib/python3.11/site-packages/isaacsim/exts/isaacsim.core.experimental.objects/isaacsim/core/experimental/objects/impl/shapes`: errno=28/No space left on device
2026-08-31T06:20:55Z [2,906ms] [Error] [carb] Failed to create change watch for `/home/j/env_isaaclab/lib/python3.11/site-packages/isaacsim/exts/isaacsim.core.experimental.objects/isaacsim/core/experimental/objects/impl/lights`: errno=28/No space left on device
2026-08-31T06:20:55Z [2,910ms] [Error] [carb] Failed to create change watch for `/home/j/env_isaaclab/lib/python3.11/site-packages/isaacsim/extscache/omni.ui_query-1.1.8+69cbf6ad`: errno=28/No space left on device
[2.919s] [ext: omni.kit.manipulator.viewport-107.0.1] startup
2026-08-31T06:20:55Z [2,910ms] [Error] [carb] Failed to create change watch for `/home/j/env_isaaclab/lib/python3.11/site-packages/isaacsim/extscache/omni.ui_query-1.1.8+69cbf6ad/config`: errno=28/No space left on device
2026-08-31T06:20:55Z [2,910ms] [Error] [carb] Failed to create change watch for `/home/j/env_isaaclab/lib/python3.11/site-packages/isaacsim/extscache/omni.ui_query-1.1.8+69cbf6ad/omni`: errno=28/No space left on device
2026-08-31T06:20:55Z [2,910ms] [Error] [carb] Failed to create change watch for `/home/j/env_isaaclab/lib/python3.11/site-packages/isaacsim/extscache/omni.ui_query-1.1.8+69cbf6ad/omni/ui_query`: errno=28/No space left on device
2026-08-31T06:20:55Z [2,910ms] [Error] [carb] Failed to create change watch for `/home/j/env_isaaclab/lib/python3.11/site-packages/isaacsim/extscache/omni.ui_query-1.1.8+69cbf6ad/omni/ui_query/tests`: errno=28/No space left on device
2026-08-31T06:20:55Z [2,913ms] [Error] [carb] Failed to create change watch for `/home/j/env_isaaclab/lib/python3.11/site-packages/isaacsim/extscache/omni.kit.manipulator.viewport-107.0.1+69cbf6ad`: errno=28/No space left on device
2026-08-31T06:20:55Z [2,913ms] [Error] [carb] Failed to create change watch for `/home/j/env_isaaclab/lib/python3.11/site-packages/isaacsim/extscache/omni.kit.manipulator.viewport-107.0.1+69cbf6ad/config`: errno=28/No space left on device
2026-08-31T06:20:55Z [2,913ms] [Error] [carb] Failed to create change watch for `/home/j/env_isaaclab/lib/python3.11/site-packages/isaacsim/extscache/omni.kit.manipulator.viewport-107.0.1+69cbf6ad/omni`: errno=28/No space left on device
2026-08-31T06:20:55Z [2,913ms] [Error] [carb] Failed to create change watch for `/home/j/env_isaaclab/lib/python3.11/site-packages/isaacsim/extscache/omni.kit.manipulator.viewport-107.0.1+69cbf6ad/omni/kit`: errno=28/No space left on device
2026-08-31T06:20:55Z [2,913ms] [Error] [carb] Failed to create change watch for `/home/j/env_isaaclab/lib/python3.11/site-packages/isaacsim/extscache/omni.kit.manipulator.viewport-107.0.1+69cbf6ad/omni/kit/manipulator`: errno=28/No space left on device
2026-08-31T06:20:55Z [2,913ms] [Error] [carb] Failed to create change watch for `/home/j/env_isaaclab/lib/python3.11/site-packages/isaacsim/extscache/omni.kit.manipulator.viewport-107.0.1+69cbf6ad/omni/kit/manipulator/viewport`: errno=28/No space left on device
[2.923s] [ext: isaacsim.robot.surface_gripper-3.3.1] startup
2026-08-31T06:20:55Z [2,919ms] [Error] [carb] Failed to create change watch for `/home/j/env_isaaclab/lib/python3.11/site-packages/isaacsim/exts/isaacsim.robot.surface_gripper`: errno=28/No space left on device
[2.928s] [ext: omni.kit.ui_test-1.3.7] startup
2026-08-31T06:20:55Z [2,919ms] [Error] [carb] Failed to create change watch for `/home/j/env_isaaclab/lib/python3.11/site-packages/isaacsim/exts/isaacsim.robot.surface_gripper/config`: errno=28/No space left on device
2026-08-31T06:20:55Z [2,919ms] [Error] [carb] Failed to create change watch for `/home/j/env_isaaclab/lib/python3.11/site-packages/isaacsim/exts/isaacsim.robot.surface_gripper/isaacsim`: errno=28/No space left on device
2026-08-31T06:20:55Z [2,919ms] [Error] [carb] Failed to create change watch for `/home/j/env_isaaclab/lib/python3.11/site-packages/isaacsim/exts/isaacsim.robot.surface_gripper/isaacsim/robot`: errno=28/No space left on device
2026-08-31T06:20:55Z [2,919ms] [Error] [carb] Failed to create change watch for `/home/j/env_isaaclab/lib/python3.11/site-packages/isaacsim/exts/isaacsim.robot.surface_gripper/isaacsim/robot/surface_gripper`: errno=28/No space left on device
2026-08-31T06:20:55Z [2,919ms] [Error] [carb] Failed to create change watch for `/home/j/env_isaaclab/lib/python3.11/site-packages/isaacsim/exts/isaacsim.robot.surface_gripper/isaacsim/robot/surface_gripper/tests`: errno=28/No space left on device
2026-08-31T06:20:55Z [2,919ms] [Error] [carb] Failed to create change watch for `/home/j/env_isaaclab/lib/python3.11/site-packages/isaacsim/exts/isaacsim.robot.surface_gripper/isaacsim/robot/surface_gripper/impl`: errno=28/No space left on device
2026-08-31T06:20:55Z [2,919ms] [Error] [carb] Failed to create change watch for `/home/j/env_isaaclab/lib/python3.11/site-packages/isaacsim/exts/isaacsim.robot.surface_gripper/isaacsim/robot/surface_gripper/ogn`: errno=28/No space left on device
2026-08-31T06:20:55Z [2,919ms] [Error] [carb] Failed to create change watch for `/home/j/env_isaaclab/lib/python3.11/site-packages/isaacsim/exts/isaacsim.robot.surface_gripper/isaacsim/robot/surface_gripper/ogn/tests`: errno=28/No space left on device
2026-08-31T06:20:55Z [2,919ms] [Error] [carb] Failed to create change watch for `/home/j/env_isaaclab/lib/python3.11/site-packages/isaacsim/exts/isaacsim.robot.surface_gripper/isaacsim/robot/surface_gripper/ogn/tests/usd`: errno=28/No space left on device
2026-08-31T06:20:55Z [2,919ms] [Error] [carb] Failed to create change watch for `/home/j/env_isaaclab/lib/python3.11/site-packages/isaacsim/exts/isaacsim.robot.surface_gripper/isaacsim/robot/surface_gripper/ogn/python`: errno=28/No space left on device
2026-08-31T06:20:55Z [2,919ms] [Error] [carb] Failed to create change watch for `/home/j/env_isaaclab/lib/python3.11/site-packages/isaacsim/exts/isaacsim.robot.surface_gripper/isaacsim/robot/surface_gripper/ogn/python/nodes`: errno=28/No space left on device
2026-08-31T06:20:55Z [2,919ms] [Error] [carb] Failed to create change watch for `/home/j/env_isaaclab/lib/python3.11/site-packages/isaacsim/exts/isaacsim.robot.surface_gripper/isaacsim/robot/surface_gripper/ogn/python/nodes/icons`: errno=28/No space left on device
2026-08-31T06:20:55Z [2,919ms] [Error] [carb] Failed to create change watch for `/home/j/env_isaaclab/lib/python3.11/site-packages/isaacsim/exts/isaacsim.robot.surface_gripper/isaacsim/robot/surface_gripper/ogn/python/nodes/config`: errno=28/No space left on device
2026-08-31T06:20:55Z [2,923ms] [Error] [carb] Failed to create change watch for `/home/j/env_isaaclab/lib/python3.11/site-packages/isaacsim/extscache/omni.kit.ui_test-1.3.7+69cbf6ad`: errno=28/No space left on device
2026-08-31T06:20:55Z [2,923ms] [Error] [carb] Failed to create change watch for `/home/j/env_isaaclab/lib/python3.11/site-packages/isaacsim/extscache/omni.kit.ui_test-1.3.7+69cbf6ad/config`: errno=28/No space left on device
2026-08-31T06:20:55Z [2,923ms] [Error] [carb] Failed to create change watch for `/home/j/env_isaaclab/lib/python3.11/site-packages/isaacsim/extscache/omni.kit.ui_test-1.3.7+69cbf6ad/omni`: errno=28/No space left on device
2026-08-31T06:20:55Z [2,923ms] [Error] [carb] Failed to create change watch for `/home/j/env_isaaclab/lib/python3.11/site-packages/isaacsim/extscache/omni.kit.ui_test-1.3.7+69cbf6ad/omni/kit`: errno=28/No space left on device
2026-08-31T06:20:55Z [2,923ms] [Error] [carb] Failed to create change watch for `/home/j/env_isaaclab/lib/python3.11/site-packages/isaacsim/extscache/omni.kit.ui_test-1.3.7+69cbf6ad/omni/kit/ui_test`: errno=28/No space left on device
2026-08-31T06:20:55Z [2,923ms] [Error] [carb] Failed to create change watch for `/home/j/env_isaaclab/lib/python3.11/site-packages/isaacsim/extscache/omni.kit.ui_test-1.3.7+69cbf6ad/omni/kit/ui_test/tests`: errno=28/No space left on device
[2.932s] [ext: omni.graph.visualization.nodes-2.1.3] startup
2026-08-31T06:20:55Z [2,979ms] [Error] [carb] Failed to create change watch for `/home/j/env_isaaclab/lib/python3.11/site-packages/isaacsim/extscache/omni.graph.visualization.nodes-2.1.3`: errno=28/No space left on device
2026-08-31T06:20:55Z [2,979ms] [Error] [carb] Failed to create change watch for `/home/j/env_isaaclab/lib/python3.11/site-packages/isaacsim/extscache/omni.graph.visualization.nodes-2.1.3/config`: errno=28/No space left on device
2026-08-31T06:20:55Z [2,979ms] [Error] [carb] Failed to create change watch for `/home/j/env_isaaclab/lib/python3.11/site-packages/isaacsim/extscache/omni.graph.visualization.nodes-2.1.3/omni`: errno=28/No space left on device
2026-08-31T06:20:55Z [2,979ms] [Error] [carb] Failed to create change watch for `/home/j/env_isaaclab/lib/python3.11/site-packages/isaacsim/extscache/omni.graph.visualization.nodes-2.1.3/omni/graph`: errno=28/No space left on device
2026-08-31T06:20:55Z [2,979ms] [Error] [carb] Failed to create change watch for `/home/j/env_isaaclab/lib/python3.11/site-packages/isaacsim/extscache/omni.graph.visualization.nodes-2.1.3/omni/graph/visualization`: errno=28/No space left on device
2026-08-31T06:20:55Z [2,979ms] [Error] [carb] Failed to create change watch for `/home/j/env_isaaclab/lib/python3.11/site-packages/isaacsim/extscache/omni.graph.visualization.nodes-2.1.3/omni/graph/visualization/nodes`: errno=28/No space left on device
[2.988s] [ext: isaacsim.robot_motion.lula-4.0.8] startup
2026-08-31T06:20:55Z [2,979ms] [Error] [carb] Failed to create change watch for `/home/j/env_isaaclab/lib/python3.11/site-packages/isaacsim/extscache/omni.graph.visualization.nodes-2.1.3/omni/graph/visualization/nodes/tests`: errno=28/No space left on device
2026-08-31T06:20:55Z [2,979ms] [Error] [carb] Failed to create change watch for `/home/j/env_isaaclab/lib/python3.11/site-packages/isaacsim/extscache/omni.graph.visualization.nodes-2.1.3/omni/graph/visualization/nodes/ogn`: errno=28/No space left on device
2026-08-31T06:20:55Z [2,979ms] [Error] [carb] Failed to create change watch for `/home/j/env_isaaclab/lib/python3.11/site-packages/isaacsim/extscache/omni.graph.visualization.nodes-2.1.3/omni/graph/visualization/nodes/ogn/tests`: errno=28/No space left on device
2026-08-31T06:20:55Z [2,979ms] [Error] [carb] Failed to create change watch for `/home/j/env_isaaclab/lib/python3.11/site-packages/isaacsim/extscache/omni.graph.visualization.nodes-2.1.3/omni/graph/visualization/nodes/ogn/tests/usd`: errno=28/No space left on device
2026-08-31T06:20:55Z [2,979ms] [Error] [carb] Failed to create change watch for `/home/j/env_isaaclab/lib/python3.11/site-packages/isaacsim/extscache/omni.graph.visualization.nodes-2.1.3/omni/graph/visualization/nodes/ogn/nodes`: errno=28/No space left on device
2026-08-31T06:20:55Z [2,980ms] [Error] [carb] Failed to create change watch for `/home/j/env_isaaclab/lib/python3.11/site-packages/isaacsim/extscache/omni.graph.visualization.nodes-2.1.3/omni/graph/visualization/nodes/_impl`: errno=28/No space left on device
2026-08-31T06:20:55Z [2,991ms] [Error] [carb] Failed to create change watch for `/home/j/env_isaaclab/lib/python3.11/site-packages/isaacsim/exts/isaacsim.robot_motion.lula`: errno=28/No space left on device
2026-08-31T06:20:55Z [2,991ms] [Error] [carb] Failed to create change watch for `/home/j/env_isaaclab/lib/python3.11/site-packages/isaacsim/exts/isaacsim.robot_motion.lula/config`: errno=28/No space left on device
2026-08-31T06:20:55Z [2,991ms] [Error] [carb] Failed to create change watch for `/home/j/env_isaaclab/lib/python3.11/site-packages/isaacsim/exts/isaacsim.robot_motion.lula/isaacsim`: errno=28/No space left on device
2026-08-31T06:20:55Z [2,991ms] [Error] [carb] Failed to create change watch for `/home/j/env_isaaclab/lib/python3.11/site-packages/isaacsim/exts/isaacsim.robot_motion.lula/isaacsim/robot_motion`: errno=28/No space left on device
2026-08-31T06:20:55Z [2,991ms] [Error] [carb] Failed to create change watch for `/home/j/env_isaaclab/lib/python3.11/site-packages/isaacsim/exts/isaacsim.robot_motion.lula/isaacsim/robot_motion/lula`: errno=28/No space left on device
2026-08-31T06:20:55Z [2,991ms] [Error] [carb] Failed to create change watch for `/home/j/env_isaaclab/lib/python3.11/site-packages/isaacsim/exts/isaacsim.robot_motion.lula/isaacsim/robot_motion/lula/tests`: errno=28/No space left on device
[3.006s] [ext: isaacsim.core.nodes-3.4.3] startup
2026-08-31T06:20:55Z [3,054ms] [Error] [carb] Failed to create change watch for `/home/j/env_isaaclab/lib/python3.11/site-packages/isaacsim/exts/isaacsim.core.nodes`: errno=28/No space left on device
2026-08-31T06:20:55Z [3,054ms] [Error] [carb] Failed to create change watch for `/home/j/env_isaaclab/lib/python3.11/site-packages/isaacsim/exts/isaacsim.core.nodes/config`: errno=28/No space left on device
2026-08-31T06:20:55Z [3,054ms] [Error] [carb] Failed to create change watch for `/home/j/env_isaaclab/lib/python3.11/site-packages/isaacsim/exts/isaacsim.core.nodes/isaacsim`: errno=28/No space left on device
2026-08-31T06:20:55Z [3,054ms] [Error] [carb] Failed to create change watch for `/home/j/env_isaaclab/lib/python3.11/site-packages/isaacsim/exts/isaacsim.core.nodes/isaacsim/core`: errno=28/No space left on device
[3.063s] [ext: isaacsim.gui.components-1.2.1] startup
2026-08-31T06:20:55Z [3,054ms] [Error] [carb] Failed to create change watch for `/home/j/env_isaaclab/lib/python3.11/site-packages/isaacsim/exts/isaacsim.core.nodes/isaacsim/core/nodes`: errno=28/No space left on device
2026-08-31T06:20:55Z [3,055ms] [Error] [carb] Failed to create change watch for `/home/j/env_isaaclab/lib/python3.11/site-packages/isaacsim/exts/isaacsim.core.nodes/isaacsim/core/nodes/tests`: errno=28/No space left on device
2026-08-31T06:20:55Z [3,055ms] [Error] [carb] Failed to create change watch for `/home/j/env_isaaclab/lib/python3.11/site-packages/isaacsim/exts/isaacsim.core.nodes/isaacsim/core/nodes/bindings`: errno=28/No space left on device
2026-08-31T06:20:55Z [3,055ms] [Error] [carb] Failed to create change watch for `/home/j/env_isaaclab/lib/python3.11/site-packages/isaacsim/exts/isaacsim.core.nodes/isaacsim/core/nodes/impl`: errno=28/No space left on device
2026-08-31T06:20:55Z [3,055ms] [Error] [carb] Failed to create change watch for `/home/j/env_isaaclab/lib/python3.11/site-packages/isaacsim/exts/isaacsim.core.nodes/isaacsim/core/nodes/scripts`: errno=28/No space left on device
2026-08-31T06:20:55Z [3,055ms] [Error] [carb] Failed to create change watch for `/home/j/env_isaaclab/lib/python3.11/site-packages/isaacsim/exts/isaacsim.core.nodes/isaacsim/core/nodes/ogn`: errno=28/No space left on device
2026-08-31T06:20:55Z [3,055ms] [Error] [carb] Failed to create change watch for `/home/j/env_isaaclab/lib/python3.11/site-packages/isaacsim/exts/isaacsim.core.nodes/isaacsim/core/nodes/ogn/tests`: errno=28/No space left on device
2026-08-31T06:20:55Z [3,055ms] [Error] [carb] Failed to create change watch for `/home/j/env_isaaclab/lib/python3.11/site-packages/isaacsim/exts/isaacsim.core.nodes/isaacsim/core/nodes/ogn/tests/usd`: errno=28/No space left on device
2026-08-31T06:20:55Z [3,055ms] [Error] [carb] Failed to create change watch for `/home/j/env_isaaclab/lib/python3.11/site-packages/isaacsim/exts/isaacsim.core.nodes/isaacsim/core/nodes/ogn/python`: errno=28/No space left on device
2026-08-31T06:20:55Z [3,055ms] [Error] [carb] Failed to create change watch for `/home/j/env_isaaclab/lib/python3.11/site-packages/isaacsim/exts/isaacsim.core.nodes/isaacsim/core/nodes/ogn/python/nodes`: errno=28/No space left on device
2026-08-31T06:20:55Z [3,055ms] [Error] [carb] Failed to create change watch for `/home/j/env_isaaclab/lib/python3.11/site-packages/isaacsim/exts/isaacsim.core.nodes/isaacsim/core/nodes/ogn/python/nodes/icons`: errno=28/No space left on device
2026-08-31T06:20:55Z [3,055ms] [Error] [carb] Failed to create change watch for `/home/j/env_isaaclab/lib/python3.11/site-packages/isaacsim/exts/isaacsim.core.nodes/isaacsim/core/nodes/ogn/python/nodes/config`: errno=28/No space left on device
2026-08-31T06:20:55Z [3,106ms] [Error] [carb] Failed to create change watch for `/home/j/env_isaaclab/lib/python3.11/site-packages/isaacsim/exts/isaacsim.gui.components`: errno=28/No space left on device
2026-08-31T06:20:55Z [3,106ms] [Error] [carb] Failed to create change watch for `/home/j/env_isaaclab/lib/python3.11/site-packages/isaacsim/exts/isaacsim.gui.components/config`: errno=28/No space left on device
2026-08-31T06:20:55Z [3,106ms] [Error] [carb] Failed to create change watch for `/home/j/env_isaaclab/lib/python3.11/site-packages/isaacsim/exts/isaacsim.gui.components/isaacsim`: errno=28/No space left on device
2026-08-31T06:20:55Z [3,106ms] [Error] [carb] Failed to create change watch for `/home/j/env_isaaclab/lib/python3.11/site-packages/isaacsim/exts/isaacsim.gui.components/isaacsim/gui`: errno=28/No space left on device
2026-08-31T06:20:55Z [3,106ms] [Error] [carb] Failed to create change watch for `/home/j/env_isaaclab/lib/python3.11/site-packages/isaacsim/exts/isaacsim.gui.components/isaacsim/gui/components`: errno=28/No space left on device
2026-08-31T06:20:55Z [3,106ms] [Error] [carb] Failed to create change watch for `/home/j/env_isaaclab/lib/python3.11/site-packages/isaacsim/exts/isaacsim.gui.components/isaacsim/gui/components/tests`: errno=28/No space left on device
2026-08-31T06:20:55Z [3,106ms] [Error] [carb] Failed to create change watch for `/home/j/env_isaaclab/lib/python3.11/site-packages/isaacsim/exts/isaacsim.gui.components/isaacsim/gui/components/element_wrappers`: errno=28/No space left on device
[3.117s] [ext: isaacsim.robot_motion.motion_generation-8.0.26] startup
2026-08-31T06:20:55Z [3,286ms] [Error] [carb] Failed to create change watch for `/home/j/env_isaaclab/lib/python3.11/site-packages/isaacsim/exts/isaacsim.robot_motion.motion_generation`: errno=28/No space left on device
2026-08-31T06:20:55Z [3,286ms] [Error] [carb] Failed to create change watch for `/home/j/env_isaaclab/lib/python3.11/site-packages/isaacsim/exts/isaacsim.robot_motion.motion_generation/config`: errno=28/No space left on device
[3.295s] [ext: isaacsim.robot.manipulators-3.3.6] startup
2026-08-31T06:20:55Z [3,286ms] [Error] [carb] Failed to create change watch for `/home/j/env_isaaclab/lib/python3.11/site-packages/isaacsim/exts/isaacsim.robot_motion.motion_generation/isaacsim`: errno=28/No space left on device
2026-08-31T06:20:55Z [3,286ms] [Error] [carb] Failed to create change watch for `/home/j/env_isaaclab/lib/python3.11/site-packages/isaacsim/exts/isaacsim.robot_motion.motion_generation/isaacsim/robot_motion`: errno=28/No space left on device
2026-08-31T06:20:55Z [3,286ms] [Error] [carb] Failed to create change watch for `/home/j/env_isaaclab/lib/python3.11/site-packages/isaacsim/exts/isaacsim.robot_motion.motion_generation/isaacsim/robot_motion/motion_generation`: errno=28/No space left on device
2026-08-31T06:20:55Z [3,286ms] [Error] [carb] Failed to create change watch for `/home/j/env_isaaclab/lib/python3.11/site-packages/isaacsim/exts/isaacsim.robot_motion.motion_generation/isaacsim/robot_motion/motion_generation/tests`: errno=28/No space left on device
2026-08-31T06:20:55Z [3,286ms] [Error] [carb] Failed to create change watch for `/home/j/env_isaaclab/lib/python3.11/site-packages/isaacsim/exts/isaacsim.robot_motion.motion_generation/isaacsim/robot_motion/motion_generation/tests/test_assets`: errno=28/No space left on device
2026-08-31T06:20:55Z [3,287ms] [Error] [carb] Failed to create change watch for `/home/j/env_isaaclab/lib/python3.11/site-packages/isaacsim/exts/isaacsim.robot_motion.motion_generation/isaacsim/robot_motion/motion_generation/lula`: errno=28/No space left on device
2026-08-31T06:20:55Z [3,292ms] [Error] [carb] Failed to create change watch for `/home/j/env_isaaclab/lib/python3.11/site-packages/isaacsim/exts/isaacsim.robot.manipulators`: errno=28/No space left on device
[3.301s] [ext: isaacsim.core.experimental.materials-0.4.0] startup
2026-08-31T06:20:55Z [3,292ms] [Error] [carb] Failed to create change watch for `/home/j/env_isaaclab/lib/python3.11/site-packages/isaacsim/exts/isaacsim.robot.manipulators/config`: errno=28/No space left on device
2026-08-31T06:20:55Z [3,292ms] [Error] [carb] Failed to create change watch for `/home/j/env_isaaclab/lib/python3.11/site-packages/isaacsim/exts/isaacsim.robot.manipulators/isaacsim`: errno=28/No space left on device
2026-08-31T06:20:55Z [3,292ms] [Error] [carb] Failed to create change watch for `/home/j/env_isaaclab/lib/python3.11/site-packages/isaacsim/exts/isaacsim.robot.manipulators/isaacsim/robot`: errno=28/No space left on device
2026-08-31T06:20:55Z [3,292ms] [Error] [carb] Failed to create change watch for `/home/j/env_isaaclab/lib/python3.11/site-packages/isaacsim/exts/isaacsim.robot.manipulators/isaacsim/robot/manipulators`: errno=28/No space left on device
2026-08-31T06:20:55Z [3,292ms] [Error] [carb] Failed to create change watch for `/home/j/env_isaaclab/lib/python3.11/site-packages/isaacsim/exts/isaacsim.robot.manipulators/isaacsim/robot/manipulators/grippers`: errno=28/No space left on device
2026-08-31T06:20:55Z [3,292ms] [Error] [carb] Failed to create change watch for `/home/j/env_isaaclab/lib/python3.11/site-packages/isaacsim/exts/isaacsim.robot.manipulators/isaacsim/robot/manipulators/tests`: errno=28/No space left on device
2026-08-31T06:20:55Z [3,293ms] [Error] [carb] Failed to create change watch for `/home/j/env_isaaclab/lib/python3.11/site-packages/isaacsim/exts/isaacsim.robot.manipulators/isaacsim/robot/manipulators/controllers`: errno=28/No space left on device
2026-08-31T06:20:55Z [3,293ms] [Error] [carb] Failed to create change watch for `/home/j/env_isaaclab/lib/python3.11/site-packages/isaacsim/exts/isaacsim.robot.manipulators/isaacsim/robot/manipulators/impl`: errno=28/No space left on device
2026-08-31T06:20:55Z [3,293ms] [Error] [carb] Failed to create change watch for `/home/j/env_isaaclab/lib/python3.11/site-packages/isaacsim/exts/isaacsim.robot.manipulators/isaacsim/robot/manipulators/ogn`: errno=28/No space left on device
2026-08-31T06:20:55Z [3,293ms] [Error] [carb] Failed to create change watch for `/home/j/env_isaaclab/lib/python3.11/site-packages/isaacsim/exts/isaacsim.robot.manipulators/isaacsim/robot/manipulators/ogn/tests`: errno=28/No space left on device
2026-08-31T06:20:55Z [3,293ms] [Error] [carb] Failed to create change watch for `/home/j/env_isaaclab/lib/python3.11/site-packages/isaacsim/exts/isaacsim.robot.manipulators/isaacsim/robot/manipulators/ogn/tests/usd`: errno=28/No space left on device
2026-08-31T06:20:55Z [3,293ms] [Error] [carb] Failed to create change watch for `/home/j/env_isaaclab/lib/python3.11/site-packages/isaacsim/exts/isaacsim.robot.manipulators/isaacsim/robot/manipulators/ogn/python`: errno=28/No space left on device
2026-08-31T06:20:55Z [3,293ms] [Error] [carb] Failed to create change watch for `/home/j/env_isaaclab/lib/python3.11/site-packages/isaacsim/exts/isaacsim.robot.manipulators/isaacsim/robot/manipulators/ogn/python/nodes`: errno=28/No space left on device
2026-08-31T06:20:55Z [3,293ms] [Error] [carb] Failed to create change watch for `/home/j/env_isaaclab/lib/python3.11/site-packages/isaacsim/exts/isaacsim.robot.manipulators/isaacsim/robot/manipulators/ogn/python/nodes/icons`: errno=28/No space left on device
2026-08-31T06:20:55Z [3,293ms] [Error] [carb] Failed to create change watch for `/home/j/env_isaaclab/lib/python3.11/site-packages/isaacsim/exts/isaacsim.robot.manipulators/isaacsim/robot/manipulators/ogn/python/nodes/config`: errno=28/No space left on device
2026-08-31T06:20:55Z [3,293ms] [Error] [carb] Failed to create change watch for `/home/j/env_isaaclab/lib/python3.11/site-packages/isaacsim/exts/isaacsim.robot.manipulators/isaacsim/robot/manipulators/nodes`: errno=28/No space left on device
2026-08-31T06:20:55Z [3,293ms] [Error] [carb] Failed to create change watch for `/home/j/env_isaaclab/lib/python3.11/site-packages/isaacsim/exts/isaacsim.robot.manipulators/isaacsim/robot/manipulators/nodes/icons`: errno=28/No space left on device
2026-08-31T06:20:55Z [3,293ms] [Error] [carb] Failed to create change watch for `/home/j/env_isaaclab/lib/python3.11/site-packages/isaacsim/exts/isaacsim.robot.manipulators/isaacsim/robot/manipulators/nodes/config`: errno=28/No space left on device
2026-08-31T06:20:55Z [3,293ms] [Error] [carb] Failed to create change watch for `/home/j/env_isaaclab/lib/python3.11/site-packages/isaacsim/exts/isaacsim.robot.manipulators/isaacsim/robot/manipulators/manipulators`: errno=28/No space left on device
2026-08-31T06:20:55Z [3,308ms] [Error] [carb] Failed to create change watch for `/home/j/env_isaaclab/lib/python3.11/site-packages/isaacsim/exts/isaacsim.core.experimental.materials`: errno=28/No space left on device
[3.317s] [ext: isaacsim.robot.manipulators.examples-1.1.2] startup
2026-08-31T06:20:55Z [3,308ms] [Error] [carb] Failed to create change watch for `/home/j/env_isaaclab/lib/python3.11/site-packages/isaacsim/exts/isaacsim.core.experimental.materials/config`: errno=28/No space left on device
2026-08-31T06:20:55Z [3,308ms] [Error] [carb] Failed to create change watch for `/home/j/env_isaaclab/lib/python3.11/site-packages/isaacsim/exts/isaacsim.core.experimental.materials/isaacsim`: errno=28/No space left on device
2026-08-31T06:20:55Z [3,308ms] [Error] [carb] Failed to create change watch for `/home/j/env_isaaclab/lib/python3.11/site-packages/isaacsim/exts/isaacsim.core.experimental.materials/isaacsim/core`: errno=28/No space left on device
2026-08-31T06:20:55Z [3,309ms] [Error] [carb] Failed to create change watch for `/home/j/env_isaaclab/lib/python3.11/site-packages/isaacsim/exts/isaacsim.core.experimental.materials/isaacsim/core/experimental`: errno=28/No space left on device
2026-08-31T06:20:55Z [3,309ms] [Error] [carb] Failed to create change watch for `/home/j/env_isaaclab/lib/python3.11/site-packages/isaacsim/exts/isaacsim.core.experimental.materials/isaacsim/core/experimental/materials`: errno=28/No space left on device
2026-08-31T06:20:55Z [3,309ms] [Error] [carb] Failed to create change watch for `/home/j/env_isaaclab/lib/python3.11/site-packages/isaacsim/exts/isaacsim.core.experimental.materials/isaacsim/core/experimental/materials/tests`: errno=28/No space left on device
2026-08-31T06:20:55Z [3,309ms] [Error] [carb] Failed to create change watch for `/home/j/env_isaaclab/lib/python3.11/site-packages/isaacsim/exts/isaacsim.core.experimental.materials/isaacsim/core/experimental/materials/impl`: errno=28/No space left on device
2026-08-31T06:20:55Z [3,309ms] [Error] [carb] Failed to create change watch for `/home/j/env_isaaclab/lib/python3.11/site-packages/isaacsim/exts/isaacsim.core.experimental.materials/isaacsim/core/experimental/materials/impl/visual_materials`: errno=28/No space left on device
2026-08-31T06:20:55Z [3,309ms] [Error] [carb] Failed to create change watch for `/home/j/env_isaaclab/lib/python3.11/site-packages/isaacsim/exts/isaacsim.core.experimental.materials/isaacsim/core/experimental/materials/impl/physics_materials`: errno=28/No space left on device
2026-08-31T06:20:55Z [3,312ms] [Error] [carb] Failed to create change watch for `/home/j/env_isaaclab/lib/python3.11/site-packages/isaacsim/exts/isaacsim.robot.manipulators.examples`: errno=28/No space left on device
[3.321s] [ext: isaacsim.cortex.framework-1.0.12] startup
2026-08-31T06:20:55Z [3,312ms] [Error] [carb] Failed to create change watch for `/home/j/env_isaaclab/lib/python3.11/site-packages/isaacsim/exts/isaacsim.robot.manipulators.examples/config`: errno=28/No space left on device
2026-08-31T06:20:55Z [3,312ms] [Error] [carb] Failed to create change watch for `/home/j/env_isaaclab/lib/python3.11/site-packages/isaacsim/exts/isaacsim.robot.manipulators.examples/isaacsim`: errno=28/No space left on device
2026-08-31T06:20:55Z [3,312ms] [Error] [carb] Failed to create change watch for `/home/j/env_isaaclab/lib/python3.11/site-packages/isaacsim/exts/isaacsim.robot.manipulators.examples/isaacsim/robot`: errno=28/No space left on device
2026-08-31T06:20:55Z [3,312ms] [Error] [carb] Failed to create change watch for `/home/j/env_isaaclab/lib/python3.11/site-packages/isaacsim/exts/isaacsim.robot.manipulators.examples/isaacsim/robot/manipulators`: errno=28/No space left on device
2026-08-31T06:20:55Z [3,312ms] [Error] [carb] Failed to create change watch for `/home/j/env_isaaclab/lib/python3.11/site-packages/isaacsim/exts/isaacsim.robot.manipulators.examples/isaacsim/robot/manipulators/examples`: errno=28/No space left on device
2026-08-31T06:20:55Z [3,312ms] [Error] [carb] Failed to create change watch for `/home/j/env_isaaclab/lib/python3.11/site-packages/isaacsim/exts/isaacsim.robot.manipulators.examples/isaacsim/robot/manipulators/examples/tests`: errno=28/No space left on device
2026-08-31T06:20:55Z [3,312ms] [Error] [carb] Failed to create change watch for `/home/j/env_isaaclab/lib/python3.11/site-packages/isaacsim/exts/isaacsim.robot.manipulators.examples/isaacsim/robot/manipulators/examples/universal_robots`: errno=28/No space left on device
2026-08-31T06:20:55Z [3,312ms] [Error] [carb] Failed to create change watch for `/home/j/env_isaaclab/lib/python3.11/site-packages/isaacsim/exts/isaacsim.robot.manipulators.examples/isaacsim/robot/manipulators/examples/universal_robots/controllers`: errno=28/No space left on device
2026-08-31T06:20:55Z [3,312ms] [Error] [carb] Failed to create change watch for `/home/j/env_isaaclab/lib/python3.11/site-packages/isaacsim/exts/isaacsim.robot.manipulators.examples/isaacsim/robot/manipulators/examples/universal_robots/tasks`: errno=28/No space left on device
2026-08-31T06:20:55Z [3,312ms] [Error] [carb] Failed to create change watch for `/home/j/env_isaaclab/lib/python3.11/site-packages/isaacsim/exts/isaacsim.robot.manipulators.examples/isaacsim/robot/manipulators/examples/franka`: errno=28/No space left on device
2026-08-31T06:20:55Z [3,312ms] [Error] [carb] Failed to create change watch for `/home/j/env_isaaclab/lib/python3.11/site-packages/isaacsim/exts/isaacsim.robot.manipulators.examples/isaacsim/robot/manipulators/examples/franka/pick_place`: errno=28/No space left on device
2026-08-31T06:20:55Z [3,312ms] [Error] [carb] Failed to create change watch for `/home/j/env_isaaclab/lib/python3.11/site-packages/isaacsim/exts/isaacsim.robot.manipulators.examples/isaacsim/robot/manipulators/examples/franka/controllers`: errno=28/No space left on device
2026-08-31T06:20:55Z [3,312ms] [Error] [carb] Failed to create change watch for `/home/j/env_isaaclab/lib/python3.11/site-packages/isaacsim/exts/isaacsim.robot.manipulators.examples/isaacsim/robot/manipulators/examples/franka/tasks`: errno=28/No space left on device
2026-08-31T06:20:55Z [3,314ms] [Error] [carb] Failed to create change watch for `/home/j/env_isaaclab/lib/python3.11/site-packages/isaacsim/exts/isaacsim.cortex.framework`: errno=28/No space left on device
2026-08-31T06:20:55Z [3,314ms] [Error] [carb] Failed to create change watch for `/home/j/env_isaaclab/lib/python3.11/site-packages/isaacsim/exts/isaacsim.cortex.framework/config`: errno=28/No space left on device
2026-08-31T06:20:55Z [3,314ms] [Error] [carb] Failed to create change watch for `/home/j/env_isaaclab/lib/python3.11/site-packages/isaacsim/exts/isaacsim.cortex.framework/isaacsim`: errno=28/No space left on device
2026-08-31T06:20:55Z [3,314ms] [Error] [carb] Failed to create change watch for `/home/j/env_isaaclab/lib/python3.11/site-packages/isaacsim/exts/isaacsim.cortex.framework/isaacsim/cortex`: errno=28/No space left on device
2026-08-31T06:20:55Z [3,314ms] [Error] [carb] Failed to create change watch for `/home/j/env_isaaclab/lib/python3.11/site-packages/isaacsim/exts/isaacsim.cortex.framework/isaacsim/cortex/framework`: errno=28/No space left on device
[3.326s] [ext: isaacsim.cortex.behaviors-2.0.14] startup
2026-08-31T06:20:55Z [3,318ms] [Error] [carb] Failed to create change watch for `/home/j/env_isaaclab/lib/python3.11/site-packages/isaacsim/exts/isaacsim.cortex.behaviors`: errno=28/No space left on device
2026-08-31T06:20:55Z [3,319ms] [Error] [carb] Failed to create change watch for `/home/j/env_isaaclab/lib/python3.11/site-packages/isaacsim/exts/isaacsim.cortex.behaviors/config`: errno=28/No space left on device
2026-08-31T06:20:55Z [3,319ms] [Error] [carb] Failed to create change watch for `/home/j/env_isaaclab/lib/python3.11/site-packages/isaacsim/exts/isaacsim.cortex.behaviors/isaacsim`: errno=28/No space left on device
2026-08-31T06:20:55Z [3,319ms] [Error] [carb] Failed to create change watch for `/home/j/env_isaaclab/lib/python3.11/site-packages/isaacsim/exts/isaacsim.cortex.behaviors/isaacsim/cortex`: errno=28/No space left on device
2026-08-31T06:20:55Z [3,319ms] [Error] [carb] Failed to create change watch for `/home/j/env_isaaclab/lib/python3.11/site-packages/isaacsim/exts/isaacsim.cortex.behaviors/isaacsim/cortex/behaviors`: errno=28/No space left on device
2026-08-31T06:20:55Z [3,319ms] [Error] [carb] Failed to create change watch for `/home/j/env_isaaclab/lib/python3.11/site-packages/isaacsim/exts/isaacsim.cortex.behaviors/isaacsim/cortex/behaviors/franka`: errno=28/No space left on device
2026-08-31T06:20:55Z [3,319ms] [Error] [carb] Failed to create change watch for `/home/j/env_isaaclab/lib/python3.11/site-packages/isaacsim/exts/isaacsim.cortex.behaviors/isaacsim/cortex/behaviors/franka/simple`: errno=28/No space left on device
[3.328s] [ext: omni.isaac.cortex.sample_behaviors-2.0.5] startup
2026-08-31T06:20:55Z [3,319ms] [Error] [carb] Failed to create change watch for `/home/j/env_isaaclab/lib/python3.11/site-packages/isaacsim/exts/isaacsim.cortex.behaviors/isaacsim/cortex/behaviors/ur10`: errno=28/No space left on device
2026-08-31T06:20:55Z [3,321ms] [Warning] [omni.isaac.cortex] omni.isaac.cortex has been deprecated in favor of isaacsim.cortex.framework. Please update your code accordingly.
2026-08-31T06:20:55Z [3,323ms] [Warning] [omni.isaac.cortex.sample_behaviors] omni.isaac.cortex.sample_behaviors has been deprecated in favor of isaacsim.cortex.behaviors. Please update your code accordingly.
2026-08-31T06:20:55Z [3,323ms] [Error] [carb] Failed to create change watch for `/home/j/env_isaaclab/lib/python3.11/site-packages/isaacsim/extsDeprecated/omni.isaac.cortex.sample_behaviors`: errno=28/No space left on device
2026-08-31T06:20:55Z [3,323ms] [Error] [carb] Failed to create change watch for `/home/j/env_isaaclab/lib/python3.11/site-packages/isaacsim/extsDeprecated/omni.isaac.cortex.sample_behaviors/config`: errno=28/No space left on device
2026-08-31T06:20:55Z [3,323ms] [Error] [carb] Failed to create change watch for `/home/j/env_isaaclab/lib/python3.11/site-packages/isaacsim/extsDeprecated/omni.isaac.cortex.sample_behaviors/omni`: errno=28/No space left on device
2026-08-31T06:20:55Z [3,324ms] [Error] [carb] Failed to create change watch for `/home/j/env_isaaclab/lib/python3.11/site-packages/isaacsim/extsDeprecated/omni.isaac.cortex.sample_behaviors/omni/isaac`: errno=28/No space left on device
2026-08-31T06:20:55Z [3,324ms] [Error] [carb] Failed to create change watch for `/home/j/env_isaaclab/lib/python3.11/site-packages/isaacsim/extsDeprecated/omni.isaac.cortex.sample_behaviors/omni/isaac/cortex`: errno=28/No space left on device
[3.333s] [ext: omni.kit.widget.zoombar-1.0.6] startup
2026-08-31T06:20:55Z [3,324ms] [Error] [carb] Failed to create change watch for `/home/j/env_isaaclab/lib/python3.11/site-packages/isaacsim/extsDeprecated/omni.isaac.cortex.sample_behaviors/omni/isaac/cortex/sample_behaviors`: errno=28/No space left on device
2026-08-31T06:20:55Z [3,324ms] [Error] [carb] Failed to create change watch for `/home/j/env_isaaclab/lib/python3.11/site-packages/isaacsim/extsDeprecated/omni.isaac.cortex.sample_behaviors/omni/isaac/cortex/sample_behaviors/franka`: errno=28/No space left on device
2026-08-31T06:20:55Z [3,324ms] [Error] [carb] Failed to create change watch for `/home/j/env_isaaclab/lib/python3.11/site-packages/isaacsim/extsDeprecated/omni.isaac.cortex.sample_behaviors/omni/isaac/cortex/sample_behaviors/franka/simple`: errno=28/No space left on device
2026-08-31T06:20:55Z [3,324ms] [Error] [carb] Failed to create change watch for `/home/j/env_isaaclab/lib/python3.11/site-packages/isaacsim/extsDeprecated/omni.isaac.cortex.sample_behaviors/omni/isaac/cortex/sample_behaviors/ur10`: errno=28/No space left on device
2026-08-31T06:20:55Z [3,330ms] [Error] [carb] Failed to create change watch for `/home/j/env_isaaclab/lib/python3.11/site-packages/isaacsim/extscache/omni.kit.widget.zoombar-1.0.6`: errno=28/No space left on device
2026-08-31T06:20:55Z [3,330ms] [Error] [carb] Failed to create change watch for `/home/j/env_isaaclab/lib/python3.11/site-packages/isaacsim/extscache/omni.kit.widget.zoombar-1.0.6/config`: errno=28/No space left on device
2026-08-31T06:20:55Z [3,330ms] [Error] [carb] Failed to create change watch for `/home/j/env_isaaclab/lib/python3.11/site-packages/isaacsim/extscache/omni.kit.widget.zoombar-1.0.6/omni`: errno=28/No space left on device
2026-08-31T06:20:55Z [3,330ms] [Error] [carb] Failed to create change watch for `/home/j/env_isaaclab/lib/python3.11/site-packages/isaacsim/extscache/omni.kit.widget.zoombar-1.0.6/omni/kit`: errno=28/No space left on device
2026-08-31T06:20:55Z [3,330ms] [Error] [carb] Failed to create change watch for `/home/j/env_isaaclab/lib/python3.11/site-packages/isaacsim/extscache/omni.kit.widget.zoombar-1.0.6/omni/kit/widget`: errno=28/No space left on device
2026-08-31T06:20:55Z [3,330ms] [Error] [carb] Failed to create change watch for `/home/j/env_isaaclab/lib/python3.11/site-packages/isaacsim/extscache/omni.kit.widget.zoombar-1.0.6/omni/kit/widget/zoombar`: errno=28/No space left on device
2026-08-31T06:20:55Z [3,330ms] [Error] [carb] Failed to create change watch for `/home/j/env_isaaclab/lib/python3.11/site-packages/isaacsim/extscache/omni.kit.widget.zoombar-1.0.6/omni/kit/widget/zoombar/tests`: errno=28/No space left on device
[3.339s] [ext: isaacsim.gui.content_browser-0.1.11] startup
2026-08-31T06:20:55Z [3,341ms] [Error] [carb] Failed to create change watch for `/home/j/env_isaaclab/lib/python3.11/site-packages/isaacsim/exts/isaacsim.gui.content_browser`: errno=28/No space left on device
2026-08-31T06:20:55Z [3,341ms] [Error] [carb] Failed to create change watch for `/home/j/env_isaaclab/lib/python3.11/site-packages/isaacsim/exts/isaacsim.gui.content_browser/config`: errno=28/No space left on device
[3.350s] [ext: omni.kit.browser.core-2.3.13] startup
2026-08-31T06:20:55Z [3,341ms] [Error] [carb] Failed to create change watch for `/home/j/env_isaaclab/lib/python3.11/site-packages/isaacsim/exts/isaacsim.gui.content_browser/isaacsim`: errno=28/No space left on device
2026-08-31T06:20:55Z [3,341ms] [Error] [carb] Failed to create change watch for `/home/j/env_isaaclab/lib/python3.11/site-packages/isaacsim/exts/isaacsim.gui.content_browser/isaacsim/gui`: errno=28/No space left on device
2026-08-31T06:20:55Z [3,341ms] [Error] [carb] Failed to create change watch for `/home/j/env_isaaclab/lib/python3.11/site-packages/isaacsim/exts/isaacsim.gui.content_browser/isaacsim/gui/content_browser`: errno=28/No space left on device
2026-08-31T06:20:55Z [3,341ms] [Error] [carb] Failed to create change watch for `/home/j/env_isaaclab/lib/python3.11/site-packages/isaacsim/exts/isaacsim.gui.content_browser/isaacsim/gui/content_browser/tests`: errno=28/No space left on device
2026-08-31T06:20:55Z [3,341ms] [Error] [carb] Failed to create change watch for `/home/j/env_isaaclab/lib/python3.11/site-packages/isaacsim/exts/isaacsim.gui.content_browser/isaacsim/gui/content_browser/impl`: errno=28/No space left on device
2026-08-31T06:20:55Z [3,350ms] [Error] [carb] Failed to create change watch for `/home/j/env_isaaclab/lib/python3.11/site-packages/isaacsim/extscache/omni.kit.browser.core-2.3.13`: errno=28/No space left on device
[3.359s] [ext: omni.kit.widget.stage_icons-1.0.8] startup
2026-08-31T06:20:55Z [3,350ms] [Error] [carb] Failed to create change watch for `/home/j/env_isaaclab/lib/python3.11/site-packages/isaacsim/extscache/omni.kit.browser.core-2.3.13/config`: errno=28/No space left on device
2026-08-31T06:20:55Z [3,350ms] [Error] [carb] Failed to create change watch for `/home/j/env_isaaclab/lib/python3.11/site-packages/isaacsim/extscache/omni.kit.browser.core-2.3.13/omni`: errno=28/No space left on device
2026-08-31T06:20:55Z [3,350ms] [Error] [carb] Failed to create change watch for `/home/j/env_isaaclab/lib/python3.11/site-packages/isaacsim/extscache/omni.kit.browser.core-2.3.13/omni/kit`: errno=28/No space left on device
2026-08-31T06:20:55Z [3,350ms] [Error] [carb] Failed to create change watch for `/home/j/env_isaaclab/lib/python3.11/site-packages/isaacsim/extscache/omni.kit.browser.core-2.3.13/omni/kit/browser`: errno=28/No space left on device
2026-08-31T06:20:55Z [3,350ms] [Error] [carb] Failed to create change watch for `/home/j/env_isaaclab/lib/python3.11/site-packages/isaacsim/extscache/omni.kit.browser.core-2.3.13/omni/kit/browser/core`: errno=28/No space left on device
2026-08-31T06:20:55Z [3,350ms] [Error] [carb] Failed to create change watch for `/home/j/env_isaaclab/lib/python3.11/site-packages/isaacsim/extscache/omni.kit.browser.core-2.3.13/omni/kit/browser/core/tests`: errno=28/No space left on device
2026-08-31T06:20:55Z [3,350ms] [Error] [carb] Failed to create change watch for `/home/j/env_isaaclab/lib/python3.11/site-packages/isaacsim/extscache/omni.kit.browser.core-2.3.13/omni/kit/browser/core/widgets`: errno=28/No space left on device
2026-08-31T06:20:55Z [3,350ms] [Error] [carb] Failed to create change watch for `/home/j/env_isaaclab/lib/python3.11/site-packages/isaacsim/extscache/omni.kit.browser.core-2.3.13/omni/kit/browser/core/models`: errno=28/No space left on device
2026-08-31T06:20:55Z [3,352ms] [Error] [carb] Failed to create change watch for `/home/j/env_isaaclab/lib/python3.11/site-packages/isaacsim/extscache/omni.kit.widget.stage_icons-1.0.8+69cbf6ad`: errno=28/No space left on device
2026-08-31T06:20:55Z [3,352ms] [Error] [carb] Failed to create change watch for `/home/j/env_isaaclab/lib/python3.11/site-packages/isaacsim/extscache/omni.kit.widget.stage_icons-1.0.8+69cbf6ad/config`: errno=28/No space left on device
2026-08-31T06:20:55Z [3,352ms] [Error] [carb] Failed to create change watch for `/home/j/env_isaaclab/lib/python3.11/site-packages/isaacsim/extscache/omni.kit.widget.stage_icons-1.0.8+69cbf6ad/omni`: errno=28/No space left on device
2026-08-31T06:20:55Z [3,353ms] [Error] [carb] Failed to create change watch for `/home/j/env_isaaclab/lib/python3.11/site-packages/isaacsim/extscache/omni.kit.widget.stage_icons-1.0.8+69cbf6ad/omni/kit`: errno=28/No space left on device
2026-08-31T06:20:55Z [3,353ms] [Error] [carb] Failed to create change watch for `/home/j/env_isaaclab/lib/python3.11/site-packages/isaacsim/extscache/omni.kit.widget.stage_icons-1.0.8+69cbf6ad/omni/kit/widget`: errno=28/No space left on device
2026-08-31T06:20:55Z [3,353ms] [Error] [carb] Failed to create change watch for `/home/j/env_isaaclab/lib/python3.11/site-packages/isaacsim/extscache/omni.kit.widget.stage_icons-1.0.8+69cbf6ad/omni/kit/widget/stage_icons`: errno=28/No space left on device
[3.362s] [ext: omni.kit.widget.prompt-1.0.7] startup
2026-08-31T06:20:55Z [3,353ms] [Error] [carb] Failed to create change watch for `/home/j/env_isaaclab/lib/python3.11/site-packages/isaacsim/extscache/omni.kit.widget.stage_icons-1.0.8+69cbf6ad/omni/kit/widget/stage_icons/tests`: errno=28/No space left on device
2026-08-31T06:20:55Z [3,354ms] [Error] [carb] Failed to create change watch for `/home/j/env_isaaclab/lib/python3.11/site-packages/isaacsim/extscache/omni.kit.widget.prompt-1.0.7+69cbf6ad`: errno=28/No space left on device
2026-08-31T06:20:55Z [3,354ms] [Error] [carb] Failed to create change watch for `/home/j/env_isaaclab/lib/python3.11/site-packages/isaacsim/extscache/omni.kit.widget.prompt-1.0.7+69cbf6ad/config`: errno=28/No space left on device
2026-08-31T06:20:55Z [3,355ms] [Error] [carb] Failed to create change watch for `/home/j/env_isaaclab/lib/python3.11/site-packages/isaacsim/extscache/omni.kit.widget.prompt-1.0.7+69cbf6ad/omni`: errno=28/No space left on device
2026-08-31T06:20:55Z [3,355ms] [Error] [carb] Failed to create change watch for `/home/j/env_isaaclab/lib/python3.11/site-packages/isaacsim/extscache/omni.kit.widget.prompt-1.0.7+69cbf6ad/omni/kit`: errno=28/No space left on device
2026-08-31T06:20:55Z [3,355ms] [Error] [carb] Failed to create change watch for `/home/j/env_isaaclab/lib/python3.11/site-packages/isaacsim/extscache/omni.kit.widget.prompt-1.0.7+69cbf6ad/omni/kit/widget`: errno=28/No space left on device
2026-08-31T06:20:55Z [3,355ms] [Error] [carb] Failed to create change watch for `/home/j/env_isaaclab/lib/python3.11/site-packages/isaacsim/extscache/omni.kit.widget.prompt-1.0.7+69cbf6ad/omni/kit/widget/prompt`: errno=28/No space left on device
2026-08-31T06:20:55Z [3,355ms] [Error] [carb] Failed to create change watch for `/home/j/env_isaaclab/lib/python3.11/site-packages/isaacsim/extscache/omni.kit.widget.prompt-1.0.7+69cbf6ad/omni/kit/widget/prompt/tests`: errno=28/No space left on device
[3.364s] [ext: omni.kit.usd.collect-2.4.5] startup
2026-08-31T06:20:55Z [3,359ms] [Error] [carb] Failed to create change watch for `/home/j/env_isaaclab/lib/python3.11/site-packages/isaacsim/extscache/omni.kit.usd.collect-2.4.5+69cbf6ad`: errno=28/No space left on device
2026-08-31T06:20:55Z [3,359ms] [Error] [carb] Failed to create change watch for `/home/j/env_isaaclab/lib/python3.11/site-packages/isaacsim/extscache/omni.kit.usd.collect-2.4.5+69cbf6ad/config`: errno=28/No space left on device
2026-08-31T06:20:55Z [3,359ms] [Error] [carb] Failed to create change watch for `/home/j/env_isaaclab/lib/python3.11/site-packages/isaacsim/extscache/omni.kit.usd.collect-2.4.5+69cbf6ad/omni`: errno=28/No space left on device
2026-08-31T06:20:55Z [3,359ms] [Error] [carb] Failed to create change watch for `/home/j/env_isaaclab/lib/python3.11/site-packages/isaacsim/extscache/omni.kit.usd.collect-2.4.5+69cbf6ad/omni/kit`: errno=28/No space left on device
2026-08-31T06:20:55Z [3,359ms] [Error] [carb] Failed to create change watch for `/home/j/env_isaaclab/lib/python3.11/site-packages/isaacsim/extscache/omni.kit.usd.collect-2.4.5+69cbf6ad/omni/kit/usd`: errno=28/No space left on device
2026-08-31T06:20:55Z [3,359ms] [Error] [carb] Failed to create change watch for `/home/j/env_isaaclab/lib/python3.11/site-packages/isaacsim/extscache/omni.kit.usd.collect-2.4.5+69cbf6ad/omni/kit/usd/collect`: errno=28/No space left on device
2026-08-31T06:20:55Z [3,359ms] [Error] [carb] Failed to create change watch for `/home/j/env_isaaclab/lib/python3.11/site-packages/isaacsim/extscache/omni.kit.usd.collect-2.4.5+69cbf6ad/omni/kit/usd/collect/tests`: errno=28/No space left on device
[3.368s] [ext: omni.kit.browser.folder.core-1.10.9] startup
2026-08-31T06:20:55Z [3,369ms] [Error] [carb] Failed to create change watch for `/home/j/env_isaaclab/lib/python3.11/site-packages/isaacsim/extscache/omni.kit.browser.folder.core-1.10.9`: errno=28/No space left on device
2026-08-31T06:20:55Z [3,369ms] [Error] [carb] Failed to create change watch for `/home/j/env_isaaclab/lib/python3.11/site-packages/isaacsim/extscache/omni.kit.browser.folder.core-1.10.9/config`: errno=28/No space left on device
2026-08-31T06:20:55Z [3,369ms] [Error] [carb] Failed to create change watch for `/home/j/env_isaaclab/lib/python3.11/site-packages/isaacsim/extscache/omni.kit.browser.folder.core-1.10.9/omni`: errno=28/No space left on device
2026-08-31T06:20:55Z [3,370ms] [Error] [carb] Failed to create change watch for `/home/j/env_isaaclab/lib/python3.11/site-packages/isaacsim/extscache/omni.kit.browser.folder.core-1.10.9/omni/kit`: errno=28/No space left on device
2026-08-31T06:20:55Z [3,370ms] [Error] [carb] Failed to create change watch for `/home/j/env_isaaclab/lib/python3.11/site-packages/isaacsim/extscache/omni.kit.browser.folder.core-1.10.9/omni/kit/browser`: errno=28/No space left on device
2026-08-31T06:20:55Z [3,370ms] [Error] [carb] Failed to create change watch for `/home/j/env_isaaclab/lib/python3.11/site-packages/isaacsim/extscache/omni.kit.browser.folder.core-1.10.9/omni/kit/browser/folder`: errno=28/No space left on device
2026-08-31T06:20:55Z [3,370ms] [Error] [carb] Failed to create change watch for `/home/j/env_isaaclab/lib/python3.11/site-packages/isaacsim/extscache/omni.kit.browser.folder.core-1.10.9/omni/kit/browser/folder/core`: errno=28/No space left on device
2026-08-31T06:20:55Z [3,370ms] [Error] [carb] Failed to create change watch for `/home/j/env_isaaclab/lib/python3.11/site-packages/isaacsim/extscache/omni.kit.browser.folder.core-1.10.9/omni/kit/browser/folder/core/tests`: errno=28/No space left on device
2026-08-31T06:20:55Z [3,370ms] [Error] [carb] Failed to create change watch for `/home/j/env_isaaclab/lib/python3.11/site-packages/isaacsim/extscache/omni.kit.browser.folder.core-1.10.9/omni/kit/browser/folder/core/property`: errno=28/No space left on device
2026-08-31T06:20:55Z [3,370ms] [Error] [carb] Failed to create change watch for `/home/j/env_isaaclab/lib/python3.11/site-packages/isaacsim/extscache/omni.kit.browser.folder.core-1.10.9/omni/kit/browser/folder/core/widgets`: errno=28/No space left on device
2026-08-31T06:20:55Z [3,370ms] [Error] [carb] Failed to create change watch for `/home/j/env_isaaclab/lib/python3.11/site-packages/isaacsim/extscache/omni.kit.browser.folder.core-1.10.9/omni/kit/browser/folder/core/models`: errno=28/No space left on device
[3.380s] [ext: omni.kit.window.stage-2.6.1] startup
2026-08-31T06:20:55Z [3,385ms] [Error] [carb] Failed to create change watch for `/home/j/env_isaaclab/lib/python3.11/site-packages/isaacsim/extscache/omni.kit.window.stage-2.6.1+69cbf6ad`: errno=28/No space left on device
[3.394s] [ext: omni.kit.usdz_export-1.0.9] startup
2026-08-31T06:20:55Z [3,385ms] [Error] [carb] Failed to create change watch for `/home/j/env_isaaclab/lib/python3.11/site-packages/isaacsim/extscache/omni.kit.window.stage-2.6.1+69cbf6ad/config`: errno=28/No space left on device
2026-08-31T06:20:55Z [3,385ms] [Error] [carb] Failed to create change watch for `/home/j/env_isaaclab/lib/python3.11/site-packages/isaacsim/extscache/omni.kit.window.stage-2.6.1+69cbf6ad/omni`: errno=28/No space left on device
2026-08-31T06:20:55Z [3,385ms] [Error] [carb] Failed to create change watch for `/home/j/env_isaaclab/lib/python3.11/site-packages/isaacsim/extscache/omni.kit.window.stage-2.6.1+69cbf6ad/omni/kit`: errno=28/No space left on device
2026-08-31T06:20:55Z [3,385ms] [Error] [carb] Failed to create change watch for `/home/j/env_isaaclab/lib/python3.11/site-packages/isaacsim/extscache/omni.kit.window.stage-2.6.1+69cbf6ad/omni/kit/window`: errno=28/No space left on device
2026-08-31T06:20:55Z [3,385ms] [Error] [carb] Failed to create change watch for `/home/j/env_isaaclab/lib/python3.11/site-packages/isaacsim/extscache/omni.kit.window.stage-2.6.1+69cbf6ad/omni/kit/window/stage`: errno=28/No space left on device
2026-08-31T06:20:55Z [3,385ms] [Error] [carb] Failed to create change watch for `/home/j/env_isaaclab/lib/python3.11/site-packages/isaacsim/extscache/omni.kit.window.stage-2.6.1+69cbf6ad/omni/kit/window/stage/tests`: errno=28/No space left on device
2026-08-31T06:20:55Z [3,391ms] [Error] [carb] Failed to create change watch for `/home/j/env_isaaclab/lib/python3.11/site-packages/isaacsim/extscache/omni.kit.usdz_export-1.0.9+69cbf6ad`: errno=28/No space left on device
2026-08-31T06:20:55Z [3,391ms] [Error] [carb] Failed to create change watch for `/home/j/env_isaaclab/lib/python3.11/site-packages/isaacsim/extscache/omni.kit.usdz_export-1.0.9+69cbf6ad/config`: errno=28/No space left on device
2026-08-31T06:20:55Z [3,391ms] [Error] [carb] Failed to create change watch for `/home/j/env_isaaclab/lib/python3.11/site-packages/isaacsim/extscache/omni.kit.usdz_export-1.0.9+69cbf6ad/omni`: errno=28/No space left on device
2026-08-31T06:20:55Z [3,391ms] [Error] [carb] Failed to create change watch for `/home/j/env_isaaclab/lib/python3.11/site-packages/isaacsim/extscache/omni.kit.usdz_export-1.0.9+69cbf6ad/omni/kit`: errno=28/No space left on device
2026-08-31T06:20:55Z [3,391ms] [Error] [carb] Failed to create change watch for `/home/j/env_isaaclab/lib/python3.11/site-packages/isaacsim/extscache/omni.kit.usdz_export-1.0.9+69cbf6ad/omni/kit/usdz_export`: errno=28/No space left on device
2026-08-31T06:20:55Z [3,391ms] [Error] [carb] Failed to create change watch for `/home/j/env_isaaclab/lib/python3.11/site-packages/isaacsim/extscache/omni.kit.usdz_export-1.0.9+69cbf6ad/omni/kit/usdz_export/tests`: errno=28/No space left on device
[3.400s] [ext: omni.kit.tool.collect-2.2.18] startup
2026-08-31T06:20:55Z [3,396ms] [Error] [carb] Failed to create change watch for `/home/j/env_isaaclab/lib/python3.11/site-packages/isaacsim/extscache/omni.kit.tool.collect-2.2.18+69cbf6ad`: errno=28/No space left on device
2026-08-31T06:20:55Z [3,397ms] [Error] [carb] Failed to create change watch for `/home/j/env_isaaclab/lib/python3.11/site-packages/isaacsim/extscache/omni.kit.tool.collect-2.2.18+69cbf6ad/config`: errno=28/No space left on device
2026-08-31T06:20:55Z [3,397ms] [Error] [carb] Failed to create change watch for `/home/j/env_isaaclab/lib/python3.11/site-packages/isaacsim/extscache/omni.kit.tool.collect-2.2.18+69cbf6ad/omni`: errno=28/No space left on device
[3.406s] [ext: omni.kit.menu.stage-1.2.7] startup
2026-08-31T06:20:55Z [3,397ms] [Error] [carb] Failed to create change watch for `/home/j/env_isaaclab/lib/python3.11/site-packages/isaacsim/extscache/omni.kit.tool.collect-2.2.18+69cbf6ad/omni/kit`: errno=28/No space left on device
2026-08-31T06:20:55Z [3,397ms] [Error] [carb] Failed to create change watch for `/home/j/env_isaaclab/lib/python3.11/site-packages/isaacsim/extscache/omni.kit.tool.collect-2.2.18+69cbf6ad/omni/kit/tool`: errno=28/No space left on device
2026-08-31T06:20:55Z [3,397ms] [Error] [carb] Failed to create change watch for `/home/j/env_isaaclab/lib/python3.11/site-packages/isaacsim/extscache/omni.kit.tool.collect-2.2.18+69cbf6ad/omni/kit/tool/collect`: errno=28/No space left on device
2026-08-31T06:20:55Z [3,397ms] [Error] [carb] Failed to create change watch for `/home/j/env_isaaclab/lib/python3.11/site-packages/isaacsim/extscache/omni.kit.tool.collect-2.2.18+69cbf6ad/omni/kit/tool/collect/tests`: errno=28/No space left on device
2026-08-31T06:20:55Z [3,399ms] [Error] [carb] Failed to create change watch for `/home/j/env_isaaclab/lib/python3.11/site-packages/isaacsim/extscache/omni.kit.menu.stage-1.2.7`: errno=28/No space left on device
2026-08-31T06:20:55Z [3,399ms] [Error] [carb] Failed to create change watch for `/home/j/env_isaaclab/lib/python3.11/site-packages/isaacsim/extscache/omni.kit.menu.stage-1.2.7/config`: errno=28/No space left on device
[3.408s] [ext: omni.kit.tool.asset_importer-4.3.2] startup
2026-08-31T06:20:55Z [3,399ms] [Error] [carb] Failed to create change watch for `/home/j/env_isaaclab/lib/python3.11/site-packages/isaacsim/extscache/omni.kit.menu.stage-1.2.7/omni`: errno=28/No space left on device
2026-08-31T06:20:55Z [3,399ms] [Error] [carb] Failed to create change watch for `/home/j/env_isaaclab/lib/python3.11/site-packages/isaacsim/extscache/omni.kit.menu.stage-1.2.7/omni/kit`: errno=28/No space left on device
2026-08-31T06:20:55Z [3,399ms] [Error] [carb] Failed to create change watch for `/home/j/env_isaaclab/lib/python3.11/site-packages/isaacsim/extscache/omni.kit.menu.stage-1.2.7/omni/kit/menu`: errno=28/No space left on device
2026-08-31T06:20:55Z [3,399ms] [Error] [carb] Failed to create change watch for `/home/j/env_isaaclab/lib/python3.11/site-packages/isaacsim/extscache/omni.kit.menu.stage-1.2.7/omni/kit/menu/stage`: errno=28/No space left on device
2026-08-31T06:20:55Z [3,399ms] [Error] [carb] Failed to create change watch for `/home/j/env_isaaclab/lib/python3.11/site-packages/isaacsim/extscache/omni.kit.menu.stage-1.2.7/omni/kit/menu/stage/tests`: errno=28/No space left on device
2026-08-31T06:20:55Z [3,409ms] [Error] [carb] Failed to create change watch for `/home/j/env_isaaclab/lib/python3.11/site-packages/isaacsim/extscache/omni.kit.tool.asset_importer-4.3.2+107.0.3`: errno=28/No space left on device
2026-08-31T06:20:55Z [3,409ms] [Error] [carb] Failed to create change watch for `/home/j/env_isaaclab/lib/python3.11/site-packages/isaacsim/extscache/omni.kit.tool.asset_importer-4.3.2+107.0.3/config`: errno=28/No space left on device
[3.418s] [ext: isaacsim.robot.wheeled_robots-4.0.24] startup
2026-08-31T06:20:55Z [3,409ms] [Error] [carb] Failed to create change watch for `/home/j/env_isaaclab/lib/python3.11/site-packages/isaacsim/extscache/omni.kit.tool.asset_importer-4.3.2+107.0.3/omni`: errno=28/No space left on device
2026-08-31T06:20:55Z [3,410ms] [Error] [carb] Failed to create change watch for `/home/j/env_isaaclab/lib/python3.11/site-packages/isaacsim/extscache/omni.kit.tool.asset_importer-4.3.2+107.0.3/omni/kit`: errno=28/No space left on device
2026-08-31T06:20:55Z [3,410ms] [Error] [carb] Failed to create change watch for `/home/j/env_isaaclab/lib/python3.11/site-packages/isaacsim/extscache/omni.kit.tool.asset_importer-4.3.2+107.0.3/omni/kit/tool`: errno=28/No space left on device
2026-08-31T06:20:55Z [3,410ms] [Error] [carb] Failed to create change watch for `/home/j/env_isaaclab/lib/python3.11/site-packages/isaacsim/extscache/omni.kit.tool.asset_importer-4.3.2+107.0.3/omni/kit/tool/asset_importer`: errno=28/No space left on device
2026-08-31T06:20:55Z [3,410ms] [Error] [carb] Failed to create change watch for `/home/j/env_isaaclab/lib/python3.11/site-packages/isaacsim/extscache/omni.kit.tool.asset_importer-4.3.2+107.0.3/omni/kit/tool/asset_importer/tests`: errno=28/No space left on device
2026-08-31T06:20:55Z [3,410ms] [Error] [carb] Failed to create change watch for `/home/j/env_isaaclab/lib/python3.11/site-packages/isaacsim/extscache/omni.kit.tool.asset_importer-4.3.2+107.0.3/omni/kit/tool/asset_importer/filebrowser`: errno=28/No space left on device
[3.427s] [ext: isaacsim.examples.browser-0.2.1] startup
2026-08-31T06:20:55Z [3,418ms] [Error] [carb] Failed to create change watch for `/home/j/env_isaaclab/lib/python3.11/site-packages/isaacsim/exts/isaacsim.robot.wheeled_robots`: errno=28/No space left on device
2026-08-31T06:20:55Z [3,418ms] [Error] [carb] Failed to create change watch for `/home/j/env_isaaclab/lib/python3.11/site-packages/isaacsim/exts/isaacsim.robot.wheeled_robots/config`: errno=28/No space left on device
2026-08-31T06:20:55Z [3,418ms] [Error] [carb] Failed to create change watch for `/home/j/env_isaaclab/lib/python3.11/site-packages/isaacsim/exts/isaacsim.robot.wheeled_robots/isaacsim`: errno=28/No space left on device
2026-08-31T06:20:55Z [3,418ms] [Error] [carb] Failed to create change watch for `/home/j/env_isaaclab/lib/python3.11/site-packages/isaacsim/exts/isaacsim.robot.wheeled_robots/isaacsim/robot`: errno=28/No space left on device
2026-08-31T06:20:55Z [3,418ms] [Error] [carb] Failed to create change watch for `/home/j/env_isaaclab/lib/python3.11/site-packages/isaacsim/exts/isaacsim.robot.wheeled_robots/isaacsim/robot/wheeled_robots`: errno=28/No space left on device
2026-08-31T06:20:55Z [3,418ms] [Error] [carb] Failed to create change watch for `/home/j/env_isaaclab/lib/python3.11/site-packages/isaacsim/exts/isaacsim.robot.wheeled_robots/isaacsim/robot/wheeled_robots/tests`: errno=28/No space left on device
2026-08-31T06:20:55Z [3,418ms] [Error] [carb] Failed to create change watch for `/home/j/env_isaaclab/lib/python3.11/site-packages/isaacsim/exts/isaacsim.robot.wheeled_robots/isaacsim/robot/wheeled_robots/bindings`: errno=28/No space left on device
2026-08-31T06:20:55Z [3,418ms] [Error] [carb] Failed to create change watch for `/home/j/env_isaaclab/lib/python3.11/site-packages/isaacsim/exts/isaacsim.robot.wheeled_robots/isaacsim/robot/wheeled_robots/controllers`: errno=28/No space left on device
2026-08-31T06:20:55Z [3,419ms] [Error] [carb] Failed to create change watch for `/home/j/env_isaaclab/lib/python3.11/site-packages/isaacsim/exts/isaacsim.robot.wheeled_robots/isaacsim/robot/wheeled_robots/impl`: errno=28/No space left on device
2026-08-31T06:20:55Z [3,419ms] [Error] [carb] Failed to create change watch for `/home/j/env_isaaclab/lib/python3.11/site-packages/isaacsim/exts/isaacsim.robot.wheeled_robots/isaacsim/robot/wheeled_robots/ogn`: errno=28/No space left on device
2026-08-31T06:20:55Z [3,419ms] [Error] [carb] Failed to create change watch for `/home/j/env_isaaclab/lib/python3.11/site-packages/isaacsim/exts/isaacsim.robot.wheeled_robots/isaacsim/robot/wheeled_robots/ogn/tests`: errno=28/No space left on device
2026-08-31T06:20:55Z [3,419ms] [Error] [carb] Failed to create change watch for `/home/j/env_isaaclab/lib/python3.11/site-packages/isaacsim/exts/isaacsim.robot.wheeled_robots/isaacsim/robot/wheeled_robots/ogn/tests/usd`: errno=28/No space left on device
2026-08-31T06:20:55Z [3,419ms] [Error] [carb] Failed to create change watch for `/home/j/env_isaaclab/lib/python3.11/site-packages/isaacsim/exts/isaacsim.robot.wheeled_robots/isaacsim/robot/wheeled_robots/ogn/python`: errno=28/No space left on device
2026-08-31T06:20:55Z [3,419ms] [Error] [carb] Failed to create change watch for `/home/j/env_isaaclab/lib/python3.11/site-packages/isaacsim/exts/isaacsim.robot.wheeled_robots/isaacsim/robot/wheeled_robots/ogn/python/nodes`: errno=28/No space left on device
2026-08-31T06:20:55Z [3,419ms] [Error] [carb] Failed to create change watch for `/home/j/env_isaaclab/lib/python3.11/site-packages/isaacsim/exts/isaacsim.robot.wheeled_robots/isaacsim/robot/wheeled_robots/ogn/python/nodes/icons`: errno=28/No space left on device
2026-08-31T06:20:55Z [3,419ms] [Error] [carb] Failed to create change watch for `/home/j/env_isaaclab/lib/python3.11/site-packages/isaacsim/exts/isaacsim.robot.wheeled_robots/isaacsim/robot/wheeled_robots/ogn/python/nodes/config`: errno=28/No space left on device
2026-08-31T06:20:55Z [3,419ms] [Error] [carb] Failed to create change watch for `/home/j/env_isaaclab/lib/python3.11/site-packages/isaacsim/exts/isaacsim.robot.wheeled_robots/isaacsim/robot/wheeled_robots/ogn/nodes`: errno=28/No space left on device
2026-08-31T06:20:55Z [3,419ms] [Error] [carb] Failed to create change watch for `/home/j/env_isaaclab/lib/python3.11/site-packages/isaacsim/exts/isaacsim.robot.wheeled_robots/isaacsim/robot/wheeled_robots/ogn/nodes/icons`: errno=28/No space left on device
2026-08-31T06:20:55Z [3,419ms] [Error] [carb] Failed to create change watch for `/home/j/env_isaaclab/lib/python3.11/site-packages/isaacsim/exts/isaacsim.robot.wheeled_robots/isaacsim/robot/wheeled_robots/ogn/nodes/config`: errno=28/No space left on device
2026-08-31T06:20:55Z [3,419ms] [Error] [carb] Failed to create change watch for `/home/j/env_isaaclab/lib/python3.11/site-packages/isaacsim/exts/isaacsim.robot.wheeled_robots/isaacsim/robot/wheeled_robots/robots`: errno=28/No space left on device
2026-08-31T06:20:55Z [3,419ms] [Error] [carb] Failed to create change watch for `/home/j/env_isaaclab/lib/python3.11/site-packages/isaacsim/exts/isaacsim.robot.wheeled_robots/isaacsim/robot/wheeled_robots/nodes`: errno=28/No space left on device
2026-08-31T06:20:55Z [3,419ms] [Error] [carb] Failed to create change watch for `/home/j/env_isaaclab/lib/python3.11/site-packages/isaacsim/exts/isaacsim.robot.wheeled_robots/isaacsim/robot/wheeled_robots/nodes/icons`: errno=28/No space left on device
2026-08-31T06:20:55Z [3,419ms] [Error] [carb] Failed to create change watch for `/home/j/env_isaaclab/lib/python3.11/site-packages/isaacsim/exts/isaacsim.robot.wheeled_robots/isaacsim/robot/wheeled_robots/nodes/config`: errno=28/No space left on device
2026-08-31T06:20:55Z [3,421ms] [Error] [carb] Failed to create change watch for `/home/j/env_isaaclab/lib/python3.11/site-packages/isaacsim/exts/isaacsim.examples.browser`: errno=28/No space left on device
2026-08-31T06:20:55Z [3,421ms] [Error] [carb] Failed to create change watch for `/home/j/env_isaaclab/lib/python3.11/site-packages/isaacsim/exts/isaacsim.examples.browser/config`: errno=28/No space left on device
2026-08-31T06:20:55Z [3,421ms] [Error] [carb] Failed to create change watch for `/home/j/env_isaaclab/lib/python3.11/site-packages/isaacsim/exts/isaacsim.examples.browser/isaacsim`: errno=28/No space left on device
2026-08-31T06:20:55Z [3,422ms] [Error] [carb] Failed to create change watch for `/home/j/env_isaaclab/lib/python3.11/site-packages/isaacsim/exts/isaacsim.examples.browser/isaacsim/examples`: errno=28/No space left on device
2026-08-31T06:20:55Z [3,422ms] [Error] [carb] Failed to create change watch for `/home/j/env_isaaclab/lib/python3.11/site-packages/isaacsim/exts/isaacsim.examples.browser/isaacsim/examples/browser`: errno=28/No space left on device
[3.431s] [ext: isaacsim.asset.importer.urdf-2.4.30] startup
[3.488s] [ext: omni.isaac.wheeled_robots-3.0.7] startup
2026-08-31T06:20:55Z [3,479ms] [Error] [carb] Failed to create change watch for `/home/j/env_isaaclab/lib/python3.11/site-packages/isaacsim/exts/isaacsim.asset.importer.urdf`: errno=28/No space left on device
2026-08-31T06:20:55Z [3,479ms] [Error] [carb] Failed to create change watch for `/home/j/env_isaaclab/lib/python3.11/site-packages/isaacsim/exts/isaacsim.asset.importer.urdf/config`: errno=28/No space left on device
2026-08-31T06:20:55Z [3,479ms] [Error] [carb] Failed to create change watch for `/home/j/env_isaaclab/lib/python3.11/site-packages/isaacsim/exts/isaacsim.asset.importer.urdf/isaacsim`: errno=28/No space left on device
2026-08-31T06:20:55Z [3,479ms] [Error] [carb] Failed to create change watch for `/home/j/env_isaaclab/lib/python3.11/site-packages/isaacsim/exts/isaacsim.asset.importer.urdf/isaacsim/asset`: errno=28/No space left on device
2026-08-31T06:20:55Z [3,479ms] [Error] [carb] Failed to create change watch for `/home/j/env_isaaclab/lib/python3.11/site-packages/isaacsim/exts/isaacsim.asset.importer.urdf/isaacsim/asset/importer`: errno=28/No space left on device
2026-08-31T06:20:55Z [3,479ms] [Error] [carb] Failed to create change watch for `/home/j/env_isaaclab/lib/python3.11/site-packages/isaacsim/exts/isaacsim.asset.importer.urdf/isaacsim/asset/importer/urdf`: errno=28/No space left on device
2026-08-31T06:20:55Z [3,479ms] [Error] [carb] Failed to create change watch for `/home/j/env_isaaclab/lib/python3.11/site-packages/isaacsim/exts/isaacsim.asset.importer.urdf/isaacsim/asset/importer/urdf/tests`: errno=28/No space left on device
2026-08-31T06:20:55Z [3,479ms] [Error] [carb] Failed to create change watch for `/home/j/env_isaaclab/lib/python3.11/site-packages/isaacsim/exts/isaacsim.asset.importer.urdf/isaacsim/asset/importer/urdf/impl`: errno=28/No space left on device
2026-08-31T06:20:55Z [3,479ms] [Error] [carb] Failed to create change watch for `/home/j/env_isaaclab/lib/python3.11/site-packages/isaacsim/exts/isaacsim.asset.importer.urdf/isaacsim/asset/importer/urdf/impl/ui`: errno=28/No space left on device
2026-08-31T06:20:55Z [3,479ms] [Error] [carb] Failed to create change watch for `/home/j/env_isaaclab/lib/python3.11/site-packages/isaacsim/exts/isaacsim.asset.importer.urdf/isaacsim/asset/importer/urdf/impl/samples`: errno=28/No space left on device
2026-08-31T06:20:55Z [3,480ms] [Warning] [omni.isaac.wheeled_robots] omni.isaac.wheeled_robots has been deprecated in favor of isaacsim.robot.wheeled_robots. Please update your code accordingly.
2026-08-31T06:20:55Z [3,481ms] [Warning] [omni.isaac.wheeled_robots.controllers] omni.isaac.wheeled_robots has been deprecated in favor of isaacsim.robot.wheeled_robots. Please update your code accordingly.
2026-08-31T06:20:55Z [3,481ms] [Warning] [omni.isaac.wheeled_robots.controllers.ackermann_controller] omni.isaac.wheeled_robots has been deprecated in favor of isaacsim.robot.wheeled_robots. Please update your code accordingly.
2026-08-31T06:20:55Z [3,481ms] [Warning] [omni.isaac.wheeled_robots.controllers.differential_controller] omni.isaac.wheeled_robots has been deprecated in favor of isaacsim.robot.wheeled_robots. Please update your code accordingly.
2026-08-31T06:20:55Z [3,481ms] [Warning] [omni.isaac.wheeled_robots.controllers.holonomic_controller] omni.isaac.wheeled_robots has been deprecated in favor of isaacsim.robot.wheeled_robots. Please update your code accordingly.
2026-08-31T06:20:55Z [3,481ms] [Warning] [omni.isaac.wheeled_robots.controllers.quintic_path_planner] omni.isaac.wheeled_robots has been deprecated in favor of isaacsim.robot.wheeled_robots. Please update your code accordingly.
2026-08-31T06:20:55Z [3,481ms] [Warning] [omni.isaac.wheeled_robots.controllers.stanley_control] omni.isaac.wheeled_robots has been deprecated in favor of isaacsim.robot.wheeled_robots. Please update your code accordingly.
2026-08-31T06:20:55Z [3,482ms] [Warning] [omni.isaac.wheeled_robots.controllers.wheel_base_pose_controller] omni.isaac.wheeled_robots has been deprecated in favor of isaacsim.robot.wheeled_robots. Please update your code accordingly.
2026-08-31T06:20:55Z [3,483ms] [Warning] [omni.isaac.wheeled_robots.impl] omni.isaac.wheeled_robots has been deprecated in favor of isaacsim.robot.wheeled_robots. Please update your code accordingly.
2026-08-31T06:20:55Z [3,483ms] [Warning] [omni.isaac.wheeled_robots.robots] omni.isaac.wheeled_robots has been deprecated in favor of isaacsim.robot.wheeled_robots. Please update your code accordingly.
2026-08-31T06:20:55Z [3,485ms] [Warning] [omni.isaac.wheeled_robots.robots.holonomic_robot_usd_setup] omni.isaac.wheeled_robots has been deprecated in favor of isaacsim.robot.wheeled_robots. Please update your code accordingly.
2026-08-31T06:20:55Z [3,487ms] [Warning] [omni.isaac.wheeled_robots.robots.wheeled_robot] omni.isaac.wheeled_robots has been deprecated in favor of isaacsim.robot.wheeled_robots. Please update your code accordingly.
2026-08-31T06:20:55Z [3,487ms] [Error] [carb] Failed to create change watch for `/home/j/env_isaaclab/lib/python3.11/site-packages/isaacsim/extsDeprecated/omni.isaac.wheeled_robots`: errno=28/No space left on device
[3.496s] [ext: isaacsim.simulation_app-2.12.2] startup
2026-08-31T06:20:55Z [3,487ms] [Error] [carb] Failed to create change watch for `/home/j/env_isaaclab/lib/python3.11/site-packages/isaacsim/extsDeprecated/omni.isaac.wheeled_robots/config`: errno=28/No space left on device
2026-08-31T06:20:55Z [3,487ms] [Error] [carb] Failed to create change watch for `/home/j/env_isaaclab/lib/python3.11/site-packages/isaacsim/extsDeprecated/omni.isaac.wheeled_robots/omni`: errno=28/No space left on device
2026-08-31T06:20:55Z [3,487ms] [Error] [carb] Failed to create change watch for `/home/j/env_isaaclab/lib/python3.11/site-packages/isaacsim/extsDeprecated/omni.isaac.wheeled_robots/omni/isaac`: errno=28/No space left on device
2026-08-31T06:20:55Z [3,487ms] [Error] [carb] Failed to create change watch for `/home/j/env_isaaclab/lib/python3.11/site-packages/isaacsim/extsDeprecated/omni.isaac.wheeled_robots/omni/isaac/wheeled_robots`: errno=28/No space left on device
2026-08-31T06:20:55Z [3,487ms] [Error] [carb] Failed to create change watch for `/home/j/env_isaaclab/lib/python3.11/site-packages/isaacsim/extsDeprecated/omni.isaac.wheeled_robots/omni/isaac/wheeled_robots/tests`: errno=28/No space left on device
2026-08-31T06:20:55Z [3,487ms] [Error] [carb] Failed to create change watch for `/home/j/env_isaaclab/lib/python3.11/site-packages/isaacsim/extsDeprecated/omni.isaac.wheeled_robots/omni/isaac/wheeled_robots/controllers`: errno=28/No space left on device
2026-08-31T06:20:55Z [3,488ms] [Error] [carb] Failed to create change watch for `/home/j/env_isaaclab/lib/python3.11/site-packages/isaacsim/extsDeprecated/omni.isaac.wheeled_robots/omni/isaac/wheeled_robots/impl`: errno=28/No space left on device
2026-08-31T06:20:55Z [3,488ms] [Error] [carb] Failed to create change watch for `/home/j/env_isaaclab/lib/python3.11/site-packages/isaacsim/extsDeprecated/omni.isaac.wheeled_robots/omni/isaac/wheeled_robots/robots`: errno=28/No space left on device
[3.498s] [ext: omni.isaac.franka-1.0.7] startup
2026-08-31T06:20:55Z [3,490ms] [Warning] [omni.isaac.franka] omni.isaac.franka has been deprecated in favor of isaacsim.robot.manipulators.examples.franka. Please update your code accordingly.
2026-08-31T06:20:55Z [3,490ms] [Warning] [omni.isaac.franka.franka] omni.isaac.franka has been deprecated in favor of isaacsim.robot.manipulators.examples.franka. Please update your code accordingly.
2026-08-31T06:20:55Z [3,503ms] [Warning] [omni.isaac.franka.kinematics_solver] omni.isaac.franka has been deprecated in favor of isaacsim.robot.manipulators.examples.franka. Please update your code accordingly.
[3.513s] [ext: omni.isaac.kit-2.0.6] startup
2026-08-31T06:20:55Z [3,504ms] [Error] [carb] Failed to create change watch for `/home/j/env_isaaclab/lib/python3.11/site-packages/isaacsim/extsDeprecated/omni.isaac.franka`: errno=28/No space left on device
2026-08-31T06:20:55Z [3,504ms] [Error] [carb] Failed to create change watch for `/home/j/env_isaaclab/lib/python3.11/site-packages/isaacsim/extsDeprecated/omni.isaac.franka/config`: errno=28/No space left on device
2026-08-31T06:20:55Z [3,504ms] [Error] [carb] Failed to create change watch for `/home/j/env_isaaclab/lib/python3.11/site-packages/isaacsim/extsDeprecated/omni.isaac.franka/omni`: errno=28/No space left on device
2026-08-31T06:20:55Z [3,504ms] [Error] [carb] Failed to create change watch for `/home/j/env_isaaclab/lib/python3.11/site-packages/isaacsim/extsDeprecated/omni.isaac.franka/omni/isaac`: errno=28/No space left on device
2026-08-31T06:20:55Z [3,504ms] [Error] [carb] Failed to create change watch for `/home/j/env_isaaclab/lib/python3.11/site-packages/isaacsim/extsDeprecated/omni.isaac.franka/omni/isaac/franka`: errno=28/No space left on device
2026-08-31T06:20:55Z [3,504ms] [Error] [carb] Failed to create change watch for `/home/j/env_isaaclab/lib/python3.11/site-packages/isaacsim/extsDeprecated/omni.isaac.franka/omni/isaac/franka/controllers`: errno=28/No space left on device
2026-08-31T06:20:55Z [3,504ms] [Error] [carb] Failed to create change watch for `/home/j/env_isaaclab/lib/python3.11/site-packages/isaacsim/extsDeprecated/omni.isaac.franka/omni/isaac/franka/tasks`: errno=28/No space left on device
2026-08-31T06:20:55Z [3,505ms] [Warning] [omni.isaac.kit] omni.isaac.kit has been deprecated in favor of isaacsim.simulation_app. Please update your code accordingly.
[3.514s] [ext: omni.kit.selection-0.1.6] startup
[3.516s] [ext: omni.isaac.lula-4.0.6] startup
2026-08-31T06:20:55Z [3,507ms] [Error] [carb] Failed to create change watch for `/home/j/env_isaaclab/lib/python3.11/site-packages/isaacsim/extscache/omni.kit.selection-0.1.6+69cbf6ad`: errno=28/No space left on device
2026-08-31T06:20:55Z [3,507ms] [Error] [carb] Failed to create change watch for `/home/j/env_isaaclab/lib/python3.11/site-packages/isaacsim/extscache/omni.kit.selection-0.1.6+69cbf6ad/config`: errno=28/No space left on device
2026-08-31T06:20:55Z [3,507ms] [Error] [carb] Failed to create change watch for `/home/j/env_isaaclab/lib/python3.11/site-packages/isaacsim/extscache/omni.kit.selection-0.1.6+69cbf6ad/omni`: errno=28/No space left on device
2026-08-31T06:20:55Z [3,507ms] [Error] [carb] Failed to create change watch for `/home/j/env_isaaclab/lib/python3.11/site-packages/isaacsim/extscache/omni.kit.selection-0.1.6+69cbf6ad/omni/kit`: errno=28/No space left on device
2026-08-31T06:20:55Z [3,507ms] [Error] [carb] Failed to create change watch for `/home/j/env_isaaclab/lib/python3.11/site-packages/isaacsim/extscache/omni.kit.selection-0.1.6+69cbf6ad/omni/kit/selection`: errno=28/No space left on device
2026-08-31T06:20:55Z [3,507ms] [Error] [carb] Failed to create change watch for `/home/j/env_isaaclab/lib/python3.11/site-packages/isaacsim/extscache/omni.kit.selection-0.1.6+69cbf6ad/omni/kit/selection/tests`: errno=28/No space left on device
2026-08-31T06:20:55Z [3,507ms] [Warning] [omni.isaac.lula] omni.isaac.lula has been deprecated in favor of isaacsim.robot_motion.lula. Please update your code accordingly.
2026-08-31T06:20:55Z [3,508ms] [Error] [carb] Failed to create change watch for `/home/j/env_isaaclab/lib/python3.11/site-packages/isaacsim/extsDeprecated/omni.isaac.lula`: errno=28/No space left on device
[3.517s] [ext: isaacsim.robot_motion.lula_test_widget-1.0.12] startup
2026-08-31T06:20:55Z [3,508ms] [Error] [carb] Failed to create change watch for `/home/j/env_isaaclab/lib/python3.11/site-packages/isaacsim/extsDeprecated/omni.isaac.lula/config`: errno=28/No space left on device
2026-08-31T06:20:55Z [3,508ms] [Error] [carb] Failed to create change watch for `/home/j/env_isaaclab/lib/python3.11/site-packages/isaacsim/extsDeprecated/omni.isaac.lula/omni`: errno=28/No space left on device
2026-08-31T06:20:55Z [3,508ms] [Error] [carb] Failed to create change watch for `/home/j/env_isaaclab/lib/python3.11/site-packages/isaacsim/extsDeprecated/omni.isaac.lula/omni/isaac`: errno=28/No space left on device
2026-08-31T06:20:55Z [3,508ms] [Error] [carb] Failed to create change watch for `/home/j/env_isaaclab/lib/python3.11/site-packages/isaacsim/extsDeprecated/omni.isaac.lula/omni/isaac/lula`: errno=28/No space left on device
2026-08-31T06:20:55Z [3,508ms] [Error] [carb] Failed to create change watch for `/home/j/env_isaaclab/lib/python3.11/site-packages/isaacsim/extsDeprecated/omni.isaac.lula/omni/isaac/lula/tests`: errno=28/No space left on device
[3.519s] [ext: isaacsim.asset.browser-1.3.23] startup
2026-08-31T06:20:55Z [3,510ms] [Error] [carb] Failed to create change watch for `/home/j/env_isaaclab/lib/python3.11/site-packages/isaacsim/exts/isaacsim.robot_motion.lula_test_widget`: errno=28/No space left on device
2026-08-31T06:20:55Z [3,510ms] [Error] [carb] Failed to create change watch for `/home/j/env_isaaclab/lib/python3.11/site-packages/isaacsim/exts/isaacsim.robot_motion.lula_test_widget/config`: errno=28/No space left on device
2026-08-31T06:20:55Z [3,510ms] [Error] [carb] Failed to create change watch for `/home/j/env_isaaclab/lib/python3.11/site-packages/isaacsim/exts/isaacsim.robot_motion.lula_test_widget/isaacsim`: errno=28/No space left on device
2026-08-31T06:20:55Z [3,510ms] [Error] [carb] Failed to create change watch for `/home/j/env_isaaclab/lib/python3.11/site-packages/isaacsim/exts/isaacsim.robot_motion.lula_test_widget/isaacsim/robot_motion`: errno=28/No space left on device
2026-08-31T06:20:55Z [3,510ms] [Error] [carb] Failed to create change watch for `/home/j/env_isaaclab/lib/python3.11/site-packages/isaacsim/exts/isaacsim.robot_motion.lula_test_widget/isaacsim/robot_motion/lula_test_widget`: errno=28/No space left on device
[3.554s] [ext: omni.kit.viewport.actions-107.0.2] startup
2026-08-31T06:20:55Z [3,545ms] [Error] [carb] Failed to create change watch for `/home/j/env_isaaclab/lib/python3.11/site-packages/isaacsim/exts/isaacsim.asset.browser`: errno=28/No space left on device
2026-08-31T06:20:55Z [3,546ms] [Error] [carb] Failed to create change watch for `/home/j/env_isaaclab/lib/python3.11/site-packages/isaacsim/exts/isaacsim.asset.browser/config`: errno=28/No space left on device
2026-08-31T06:20:55Z [3,546ms] [Error] [carb] Failed to create change watch for `/home/j/env_isaaclab/lib/python3.11/site-packages/isaacsim/exts/isaacsim.asset.browser/isaacsim`: errno=28/No space left on device
2026-08-31T06:20:55Z [3,546ms] [Error] [carb] Failed to create change watch for `/home/j/env_isaaclab/lib/python3.11/site-packages/isaacsim/exts/isaacsim.asset.browser/isaacsim/asset`: errno=28/No space left on device
2026-08-31T06:20:55Z [3,546ms] [Error] [carb] Failed to create change watch for `/home/j/env_isaaclab/lib/python3.11/site-packages/isaacsim/exts/isaacsim.asset.browser/isaacsim/asset/browser`: errno=28/No space left on device
2026-08-31T06:20:55Z [3,546ms] [Error] [carb] Failed to create change watch for `/home/j/env_isaaclab/lib/python3.11/site-packages/isaacsim/exts/isaacsim.asset.browser/isaacsim/asset/browser/tests`: errno=28/No space left on device
[3.559s] [ext: isaacsim.gui.menu-2.4.4] startup
2026-08-31T06:20:55Z [3,550ms] [Error] [carb] Failed to create change watch for `/home/j/env_isaaclab/lib/python3.11/site-packages/isaacsim/extscache/omni.kit.viewport.actions-107.0.2+69cbf6ad`: errno=28/No space left on device
2026-08-31T06:20:55Z [3,550ms] [Error] [carb] Failed to create change watch for `/home/j/env_isaaclab/lib/python3.11/site-packages/isaacsim/extscache/omni.kit.viewport.actions-107.0.2+69cbf6ad/config`: errno=28/No space left on device
2026-08-31T06:20:55Z [3,550ms] [Error] [carb] Failed to create change watch for `/home/j/env_isaaclab/lib/python3.11/site-packages/isaacsim/extscache/omni.kit.viewport.actions-107.0.2+69cbf6ad/omni`: errno=28/No space left on device
2026-08-31T06:20:55Z [3,550ms] [Error] [carb] Failed to create change watch for `/home/j/env_isaaclab/lib/python3.11/site-packages/isaacsim/extscache/omni.kit.viewport.actions-107.0.2+69cbf6ad/omni/kit`: errno=28/No space left on device
2026-08-31T06:20:55Z [3,551ms] [Error] [carb] Failed to create change watch for `/home/j/env_isaaclab/lib/python3.11/site-packages/isaacsim/extscache/omni.kit.viewport.actions-107.0.2+69cbf6ad/omni/kit/viewport`: errno=28/No space left on device
2026-08-31T06:20:55Z [3,551ms] [Error] [carb] Failed to create change watch for `/home/j/env_isaaclab/lib/python3.11/site-packages/isaacsim/extscache/omni.kit.viewport.actions-107.0.2+69cbf6ad/omni/kit/viewport/actions`: errno=28/No space left on device
2026-08-31T06:20:55Z [3,551ms] [Error] [carb] Failed to create change watch for `/home/j/env_isaaclab/lib/python3.11/site-packages/isaacsim/extscache/omni.kit.viewport.actions-107.0.2+69cbf6ad/omni/kit/viewport/actions/tests`: errno=28/No space left on device
[3.563s] [ext: omni.isaac.manipulators-3.0.7] startup
2026-08-31T06:20:55Z [3,554ms] [Error] [carb] Failed to create change watch for `/home/j/env_isaaclab/lib/python3.11/site-packages/isaacsim/exts/isaacsim.gui.menu`: errno=28/No space left on device
2026-08-31T06:20:55Z [3,554ms] [Error] [carb] Failed to create change watch for `/home/j/env_isaaclab/lib/python3.11/site-packages/isaacsim/exts/isaacsim.gui.menu/config`: errno=28/No space left on device
2026-08-31T06:20:55Z [3,554ms] [Error] [carb] Failed to create change watch for `/home/j/env_isaaclab/lib/python3.11/site-packages/isaacsim/exts/isaacsim.gui.menu/isaacsim`: errno=28/No space left on device
2026-08-31T06:20:55Z [3,554ms] [Error] [carb] Failed to create change watch for `/home/j/env_isaaclab/lib/python3.11/site-packages/isaacsim/exts/isaacsim.gui.menu/isaacsim/gui`: errno=28/No space left on device
2026-08-31T06:20:55Z [3,555ms] [Error] [carb] Failed to create change watch for `/home/j/env_isaaclab/lib/python3.11/site-packages/isaacsim/exts/isaacsim.gui.menu/isaacsim/gui/menu`: errno=28/No space left on device
2026-08-31T06:20:55Z [3,555ms] [Error] [carb] Failed to create change watch for `/home/j/env_isaaclab/lib/python3.11/site-packages/isaacsim/exts/isaacsim.gui.menu/isaacsim/gui/menu/tests`: errno=28/No space left on device
2026-08-31T06:20:55Z [3,555ms] [Error] [carb] Failed to create change watch for `/home/j/env_isaaclab/lib/python3.11/site-packages/isaacsim/exts/isaacsim.gui.menu/isaacsim/gui/menu/file_menu`: errno=28/No space left on device
2026-08-31T06:20:55Z [3,555ms] [Error] [carb] Failed to create change watch for `/home/j/env_isaaclab/lib/python3.11/site-packages/isaacsim/exts/isaacsim.gui.menu/isaacsim/gui/menu/edit_menu`: errno=28/No space left on device
2026-08-31T06:20:55Z [3,556ms] [Warning] [omni.isaac.manipulators] omni.isaac.manipulators has been deprecated in favor of isaacsim.robot.manipulators. Please update your code accordingly.
2026-08-31T06:20:55Z [3,556ms] [Warning] [omni.isaac.manipulators.controllers] omni.isaac.manipulators has been deprecated in favor of isaacsim.robot.manipulators. Please update your code accordingly.
2026-08-31T06:20:55Z [3,556ms] [Warning] [omni.isaac.manipulators.controllers.pick_place_controller] omni.isaac.manipulators has been deprecated in favor of isaacsim.robot.manipulators. Please update your code accordingly.
2026-08-31T06:20:55Z [3,556ms] [Warning] [omni.isaac.manipulators.controllers.stacking_controller] omni.isaac.manipulators has been deprecated in favor of isaacsim.robot.manipulators. Please update your code accordingly.
2026-08-31T06:20:55Z [3,556ms] [Warning] [omni.isaac.manipulators.grippers] omni.isaac.manipulators has been deprecated in favor of isaacsim.robot.manipulators. Please update your code accordingly.
2026-08-31T06:20:55Z [3,556ms] [Warning] [omni.isaac.manipulators.grippers.gripper] omni.isaac.manipulators has been deprecated in favor of isaacsim.robot.manipulators. Please update your code accordingly.
2026-08-31T06:20:55Z [3,556ms] [Warning] [omni.isaac.manipulators.grippers.parallel_gripper] omni.isaac.manipulators has been deprecated in favor of isaacsim.robot.manipulators. Please update your code accordingly.
2026-08-31T06:20:55Z [3,557ms] [Warning] [omni.isaac.manipulators.grippers.surface_gripper] omni.isaac.manipulators has been deprecated in favor of isaacsim.robot.manipulators. Please update your code accordingly.
2026-08-31T06:20:55Z [3,557ms] [Warning] [omni.isaac.manipulators.manipulators] omni.isaac.manipulators has been deprecated in favor of isaacsim.robot.manipulators. Please update your code accordingly.
2026-08-31T06:20:55Z [3,558ms] [Warning] [omni.isaac.manipulators.manipulators.single_manipulator] omni.isaac.manipulators has been deprecated in favor of isaacsim.robot.manipulators. Please update your code accordingly.
[3.567s] [ext: omni.isaac.lula_test_widget-1.0.6] startup
2026-08-31T06:20:55Z [3,558ms] [Error] [carb] Failed to create change watch for `/home/j/env_isaaclab/lib/python3.11/site-packages/isaacsim/extsDeprecated/omni.isaac.manipulators`: errno=28/No space left on device
2026-08-31T06:20:55Z [3,558ms] [Error] [carb] Failed to create change watch for `/home/j/env_isaaclab/lib/python3.11/site-packages/isaacsim/extsDeprecated/omni.isaac.manipulators/config`: errno=28/No space left on device
2026-08-31T06:20:55Z [3,558ms] [Error] [carb] Failed to create change watch for `/home/j/env_isaaclab/lib/python3.11/site-packages/isaacsim/extsDeprecated/omni.isaac.manipulators/omni`: errno=28/No space left on device
2026-08-31T06:20:55Z [3,558ms] [Error] [carb] Failed to create change watch for `/home/j/env_isaaclab/lib/python3.11/site-packages/isaacsim/extsDeprecated/omni.isaac.manipulators/omni/isaac`: errno=28/No space left on device
2026-08-31T06:20:55Z [3,558ms] [Error] [carb] Failed to create change watch for `/home/j/env_isaaclab/lib/python3.11/site-packages/isaacsim/extsDeprecated/omni.isaac.manipulators/omni/isaac/manipulators`: errno=28/No space left on device
2026-08-31T06:20:55Z [3,558ms] [Error] [carb] Failed to create change watch for `/home/j/env_isaaclab/lib/python3.11/site-packages/isaacsim/extsDeprecated/omni.isaac.manipulators/omni/isaac/manipulators/grippers`: errno=28/No space left on device
2026-08-31T06:20:55Z [3,558ms] [Error] [carb] Failed to create change watch for `/home/j/env_isaaclab/lib/python3.11/site-packages/isaacsim/extsDeprecated/omni.isaac.manipulators/omni/isaac/manipulators/tests`: errno=28/No space left on device
2026-08-31T06:20:55Z [3,559ms] [Error] [carb] Failed to create change watch for `/home/j/env_isaaclab/lib/python3.11/site-packages/isaacsim/extsDeprecated/omni.isaac.manipulators/omni/isaac/manipulators/controllers`: errno=28/No space left on device
2026-08-31T06:20:55Z [3,559ms] [Error] [carb] Failed to create change watch for `/home/j/env_isaaclab/lib/python3.11/site-packages/isaacsim/extsDeprecated/omni.isaac.manipulators/omni/isaac/manipulators/manipulators`: errno=28/No space left on device
2026-08-31T06:20:55Z [3,560ms] [Warning] [omni.isaac.lula_test_widget] omni.isaac.lula_test_widget has been deprecated in favor of isaacsim.robot_motion.lula_test_widget. Please update your code accordingly.
2026-08-31T06:20:55Z [3,560ms] [Error] [carb] Failed to create change watch for `/home/j/env_isaaclab/lib/python3.11/site-packages/isaacsim/extsDeprecated/omni.isaac.lula_test_widget`: errno=28/No space left on device
[3.569s] [ext: omni.isaac.asset_browser-1.0.6] startup
2026-08-31T06:20:55Z [3,560ms] [Error] [carb] Failed to create change watch for `/home/j/env_isaaclab/lib/python3.11/site-packages/isaacsim/extsDeprecated/omni.isaac.lula_test_widget/config`: errno=28/No space left on device
2026-08-31T06:20:55Z [3,560ms] [Error] [carb] Failed to create change watch for `/home/j/env_isaaclab/lib/python3.11/site-packages/isaacsim/extsDeprecated/omni.isaac.lula_test_widget/omni`: errno=28/No space left on device
2026-08-31T06:20:55Z [3,560ms] [Error] [carb] Failed to create change watch for `/home/j/env_isaaclab/lib/python3.11/site-packages/isaacsim/extsDeprecated/omni.isaac.lula_test_widget/omni/isaac`: errno=28/No space left on device
2026-08-31T06:20:55Z [3,560ms] [Error] [carb] Failed to create change watch for `/home/j/env_isaaclab/lib/python3.11/site-packages/isaacsim/extsDeprecated/omni.isaac.lula_test_widget/omni/isaac/lula_test_widget`: errno=28/No space left on device
2026-08-31T06:20:55Z [3,561ms] [Warning] [omni.isaac.asset_browser] omni.isaac.asset_browser has been deprecated in favor of isaacsim.asset.browser. Please update your code accordingly.
2026-08-31T06:20:55Z [3,562ms] [Error] [carb] Failed to create change watch for `/home/j/env_isaaclab/lib/python3.11/site-packages/isaacsim/extsDeprecated/omni.isaac.asset_browser`: errno=28/No space left on device
[3.571s] [ext: omni.kit.viewport.menubar.display-107.0.3] startup
2026-08-31T06:20:55Z [3,562ms] [Error] [carb] Failed to create change watch for `/home/j/env_isaaclab/lib/python3.11/site-packages/isaacsim/extsDeprecated/omni.isaac.asset_browser/config`: errno=28/No space left on device
2026-08-31T06:20:55Z [3,562ms] [Error] [carb] Failed to create change watch for `/home/j/env_isaaclab/lib/python3.11/site-packages/isaacsim/extsDeprecated/omni.isaac.asset_browser/omni`: errno=28/No space left on device
2026-08-31T06:20:55Z [3,562ms] [Error] [carb] Failed to create change watch for `/home/j/env_isaaclab/lib/python3.11/site-packages/isaacsim/extsDeprecated/omni.isaac.asset_browser/omni/isaac`: errno=28/No space left on device
2026-08-31T06:20:55Z [3,562ms] [Error] [carb] Failed to create change watch for `/home/j/env_isaaclab/lib/python3.11/site-packages/isaacsim/extsDeprecated/omni.isaac.asset_browser/omni/isaac/asset_browser`: errno=28/No space left on device
2026-08-31T06:20:55Z [3,562ms] [Error] [carb] Failed to create change watch for `/home/j/env_isaaclab/lib/python3.11/site-packages/isaacsim/extsDeprecated/omni.isaac.asset_browser/omni/isaac/asset_browser/tests`: errno=28/No space left on device
[3.575s] [ext: omni.isaac.menu-1.0.6] startup
2026-08-31T06:20:55Z [3,566ms] [Error] [carb] Failed to create change watch for `/home/j/env_isaaclab/lib/python3.11/site-packages/isaacsim/extscache/omni.kit.viewport.menubar.display-107.0.3+69cbf6ad`: errno=28/No space left on device
2026-08-31T06:20:55Z [3,566ms] [Error] [carb] Failed to create change watch for `/home/j/env_isaaclab/lib/python3.11/site-packages/isaacsim/extscache/omni.kit.viewport.menubar.display-107.0.3+69cbf6ad/config`: errno=28/No space left on device
2026-08-31T06:20:55Z [3,566ms] [Error] [carb] Failed to create change watch for `/home/j/env_isaaclab/lib/python3.11/site-packages/isaacsim/extscache/omni.kit.viewport.menubar.display-107.0.3+69cbf6ad/omni`: errno=28/No space left on device
2026-08-31T06:20:55Z [3,566ms] [Error] [carb] Failed to create change watch for `/home/j/env_isaaclab/lib/python3.11/site-packages/isaacsim/extscache/omni.kit.viewport.menubar.display-107.0.3+69cbf6ad/omni/kit`: errno=28/No space left on device
2026-08-31T06:20:55Z [3,566ms] [Error] [carb] Failed to create change watch for `/home/j/env_isaaclab/lib/python3.11/site-packages/isaacsim/extscache/omni.kit.viewport.menubar.display-107.0.3+69cbf6ad/omni/kit/viewport`: errno=28/No space left on device
2026-08-31T06:20:55Z [3,566ms] [Error] [carb] Failed to create change watch for `/home/j/env_isaaclab/lib/python3.11/site-packages/isaacsim/extscache/omni.kit.viewport.menubar.display-107.0.3+69cbf6ad/omni/kit/viewport/menubar`: errno=28/No space left on device
2026-08-31T06:20:55Z [3,566ms] [Error] [carb] Failed to create change watch for `/home/j/env_isaaclab/lib/python3.11/site-packages/isaacsim/extscache/omni.kit.viewport.menubar.display-107.0.3+69cbf6ad/omni/kit/viewport/menubar/display`: errno=28/No space left on device
2026-08-31T06:20:55Z [3,566ms] [Error] [carb] Failed to create change watch for `/home/j/env_isaaclab/lib/python3.11/site-packages/isaacsim/extscache/omni.kit.viewport.menubar.display-107.0.3+69cbf6ad/omni/kit/viewport/menubar/display/tests`: errno=28/No space left on device
2026-08-31T06:20:55Z [3,567ms] [Warning] [omni.isaac.menu] omni.isaac.menu has been deprecated in favor of isaacsim.gui.menu. Please update your code accordingly.
2026-08-31T06:20:55Z [3,567ms] [Error] [carb] Failed to create change watch for `/home/j/env_isaaclab/lib/python3.11/site-packages/isaacsim/extsDeprecated/omni.isaac.menu`: errno=28/No space left on device
[3.576s] [ext: omni.isaac.motion_generation-8.0.7] startup
2026-08-31T06:20:55Z [3,567ms] [Error] [carb] Failed to create change watch for `/home/j/env_isaaclab/lib/python3.11/site-packages/isaacsim/extsDeprecated/omni.isaac.menu/config`: errno=28/No space left on device
2026-08-31T06:20:55Z [3,567ms] [Error] [carb] Failed to create change watch for `/home/j/env_isaaclab/lib/python3.11/site-packages/isaacsim/extsDeprecated/omni.isaac.menu/omni`: errno=28/No space left on device
2026-08-31T06:20:55Z [3,567ms] [Error] [carb] Failed to create change watch for `/home/j/env_isaaclab/lib/python3.11/site-packages/isaacsim/extsDeprecated/omni.isaac.menu/omni/isaac`: errno=28/No space left on device
2026-08-31T06:20:55Z [3,567ms] [Error] [carb] Failed to create change watch for `/home/j/env_isaaclab/lib/python3.11/site-packages/isaacsim/extsDeprecated/omni.isaac.menu/omni/isaac/menu`: errno=28/No space left on device
2026-08-31T06:20:55Z [3,567ms] [Error] [carb] Failed to create change watch for `/home/j/env_isaaclab/lib/python3.11/site-packages/isaacsim/extsDeprecated/omni.isaac.menu/omni/isaac/menu/tests`: errno=28/No space left on device
2026-08-31T06:20:55Z [3,569ms] [Warning] [omni.isaac.motion_generation] omni.isaac.motion_generation has been deprecated in favor of isaacsim.robot_motion.motion_generation. Please update your code accordingly.
2026-08-31T06:20:55Z [3,569ms] [Warning] [omni.isaac.motion_generation.articulation_kinematics_solver] omni.isaac.motion_generation has been deprecated in favor of isaacsim.robot_motion.motion_generation. Please update your code accordingly.
2026-08-31T06:20:55Z [3,569ms] [Warning] [omni.isaac.motion_generation.articulation_motion_policy] omni.isaac.motion_generation has been deprecated in favor of isaacsim.robot_motion.motion_generation. Please update your code accordingly.
2026-08-31T06:20:55Z [3,569ms] [Warning] [omni.isaac.motion_generation.articulation_trajectory] omni.isaac.motion_generation has been deprecated in favor of isaacsim.robot_motion.motion_generation. Please update your code accordingly.
2026-08-31T06:20:55Z [3,569ms] [Warning] [omni.isaac.motion_generation.kinematics_interface] omni.isaac.motion_generation has been deprecated in favor of isaacsim.robot_motion.motion_generation. Please update your code accordingly.
2026-08-31T06:20:55Z [3,571ms] [Warning] [omni.isaac.motion_generation.lula] omni.isaac.motion_generation has been deprecated in favor of isaacsim.robot_motion.motion_generation. Please update your code accordingly.
2026-08-31T06:20:55Z [3,571ms] [Warning] [omni.isaac.motion_generation.lula.kinematics] omni.isaac.motion_generation has been deprecated in favor of isaacsim.robot_motion.motion_generation. Please update your code accordingly.
2026-08-31T06:20:55Z [3,571ms] [Warning] [omni.isaac.motion_generation.lula.motion_policies] omni.isaac.motion_generation has been deprecated in favor of isaacsim.robot_motion.motion_generation. Please update your code accordingly.
2026-08-31T06:20:55Z [3,571ms] [Warning] [omni.isaac.motion_generation.lula.path_planners] omni.isaac.motion_generation has been deprecated in favor of isaacsim.robot_motion.motion_generation. Please update your code accordingly.
2026-08-31T06:20:55Z [3,571ms] [Warning] [omni.isaac.motion_generation.lula.trajectory_generator] omni.isaac.motion_generation has been deprecated in favor of isaacsim.robot_motion.motion_generation. Please update your code accordingly.
2026-08-31T06:20:55Z [3,571ms] [Warning] [omni.isaac.motion_generation.motion_policy_controller] omni.isaac.motion_generation has been deprecated in favor of isaacsim.robot_motion.motion_generation. Please update your code accordingly.
2026-08-31T06:20:55Z [3,571ms] [Warning] [omni.isaac.motion_generation.motion_policy_interface] omni.isaac.motion_generation has been deprecated in favor of isaacsim.robot_motion.motion_generation. Please update your code accordingly.
2026-08-31T06:20:55Z [3,571ms] [Warning] [omni.isaac.motion_generation.path_planner_visualizer] omni.isaac.motion_generation has been deprecated in favor of isaacsim.robot_motion.motion_generation. Please update your code accordingly.
2026-08-31T06:20:55Z [3,572ms] [Warning] [omni.isaac.motion_generation.path_planning_interface] omni.isaac.motion_generation has been deprecated in favor of isaacsim.robot_motion.motion_generation. Please update your code accordingly.
2026-08-31T06:20:55Z [3,572ms] [Warning] [omni.isaac.motion_generation.trajectory] omni.isaac.motion_generation has been deprecated in favor of isaacsim.robot_motion.motion_generation. Please update your code accordingly.
2026-08-31T06:20:55Z [3,572ms] [Warning] [omni.isaac.motion_generation.world_interface] omni.isaac.motion_generation has been deprecated in favor of isaacsim.robot_motion.motion_generation. Please update your code accordingly.
[3.581s] [ext: omni.isaac.assets_check-0.3.13] startup
2026-08-31T06:20:55Z [3,572ms] [Error] [carb] Failed to create change watch for `/home/j/env_isaaclab/lib/python3.11/site-packages/isaacsim/extsDeprecated/omni.isaac.motion_generation`: errno=28/No space left on device
2026-08-31T06:20:55Z [3,572ms] [Error] [carb] Failed to create change watch for `/home/j/env_isaaclab/lib/python3.11/site-packages/isaacsim/extsDeprecated/omni.isaac.motion_generation/config`: errno=28/No space left on device
2026-08-31T06:20:55Z [3,572ms] [Error] [carb] Failed to create change watch for `/home/j/env_isaaclab/lib/python3.11/site-packages/isaacsim/extsDeprecated/omni.isaac.motion_generation/omni`: errno=28/No space left on device
2026-08-31T06:20:55Z [3,572ms] [Error] [carb] Failed to create change watch for `/home/j/env_isaaclab/lib/python3.11/site-packages/isaacsim/extsDeprecated/omni.isaac.motion_generation/omni/isaac`: errno=28/No space left on device
2026-08-31T06:20:55Z [3,572ms] [Error] [carb] Failed to create change watch for `/home/j/env_isaaclab/lib/python3.11/site-packages/isaacsim/extsDeprecated/omni.isaac.motion_generation/omni/isaac/motion_generation`: errno=28/No space left on device
2026-08-31T06:20:55Z [3,572ms] [Error] [carb] Failed to create change watch for `/home/j/env_isaaclab/lib/python3.11/site-packages/isaacsim/extsDeprecated/omni.isaac.motion_generation/omni/isaac/motion_generation/tests`: errno=28/No space left on device
2026-08-31T06:20:55Z [3,573ms] [Error] [carb] Failed to create change watch for `/home/j/env_isaaclab/lib/python3.11/site-packages/isaacsim/extsDeprecated/omni.isaac.motion_generation/omni/isaac/motion_generation/lula`: errno=28/No space left on device
2026-08-31T06:20:55Z [3,573ms] [Warning] [omni.isaac.assets_check] omni.isaac.assets_check has been deprecated in favor of isaacsim.asset.browser. Please update your code accordingly.
[3.582s] [ext: isaacsim.gui.sensors.icon-2.0.3] startup
2026-08-31T06:20:55Z [3,573ms] [Error] [carb] Failed to create change watch for `/home/j/env_isaaclab/lib/python3.11/site-packages/isaacsim/extsDeprecated/omni.isaac.assets_check`: errno=28/No space left on device
2026-08-31T06:20:55Z [3,573ms] [Error] [carb] Failed to create change watch for `/home/j/env_isaaclab/lib/python3.11/site-packages/isaacsim/extsDeprecated/omni.isaac.assets_check/config`: errno=28/No space left on device
2026-08-31T06:20:55Z [3,573ms] [Error] [carb] Failed to create change watch for `/home/j/env_isaaclab/lib/python3.11/site-packages/isaacsim/extsDeprecated/omni.isaac.assets_check/omni`: errno=28/No space left on device
2026-08-31T06:20:55Z [3,573ms] [Error] [carb] Failed to create change watch for `/home/j/env_isaaclab/lib/python3.11/site-packages/isaacsim/extsDeprecated/omni.isaac.assets_check/omni/isaac`: errno=28/No space left on device
2026-08-31T06:20:55Z [3,574ms] [Error] [carb] Failed to create change watch for `/home/j/env_isaaclab/lib/python3.11/site-packages/isaacsim/extsDeprecated/omni.isaac.assets_check/omni/isaac/assets_check`: errno=28/No space left on device
[3.592s] [ext: isaacsim.asset.importer.mjcf-2.5.13] startup
2026-08-31T06:20:55Z [3,583ms] [Error] [carb] Failed to create change watch for `/home/j/env_isaaclab/lib/python3.11/site-packages/isaacsim/exts/isaacsim.gui.sensors.icon`: errno=28/No space left on device
2026-08-31T06:20:55Z [3,583ms] [Error] [carb] Failed to create change watch for `/home/j/env_isaaclab/lib/python3.11/site-packages/isaacsim/exts/isaacsim.gui.sensors.icon/config`: errno=28/No space left on device
2026-08-31T06:20:55Z [3,584ms] [Error] [carb] Failed to create change watch for `/home/j/env_isaaclab/lib/python3.11/site-packages/isaacsim/exts/isaacsim.gui.sensors.icon/isaacsim`: errno=28/No space left on device
2026-08-31T06:20:55Z [3,584ms] [Error] [carb] Failed to create change watch for `/home/j/env_isaaclab/lib/python3.11/site-packages/isaacsim/exts/isaacsim.gui.sensors.icon/isaacsim/gui`: errno=28/No space left on device
2026-08-31T06:20:55Z [3,584ms] [Error] [carb] Failed to create change watch for `/home/j/env_isaaclab/lib/python3.11/site-packages/isaacsim/exts/isaacsim.gui.sensors.icon/isaacsim/gui/sensors`: errno=28/No space left on device
2026-08-31T06:20:55Z [3,584ms] [Error] [carb] Failed to create change watch for `/home/j/env_isaaclab/lib/python3.11/site-packages/isaacsim/exts/isaacsim.gui.sensors.icon/isaacsim/gui/sensors/icon`: errno=28/No space left on device
2026-08-31T06:20:55Z [3,584ms] [Error] [carb] Failed to create change watch for `/home/j/env_isaaclab/lib/python3.11/site-packages/isaacsim/exts/isaacsim.gui.sensors.icon/isaacsim/gui/sensors/icon/tests`: errno=28/No space left on device
2026-08-31T06:20:55Z [3,584ms] [Error] [carb] Failed to create change watch for `/home/j/env_isaaclab/lib/python3.11/site-packages/isaacsim/exts/isaacsim.gui.sensors.icon/isaacsim/gui/sensors/icon/impl`: errno=28/No space left on device
2026-08-31T06:20:55Z [3,587ms] [Error] [carb] Failed to create change watch for `/home/j/env_isaaclab/lib/python3.11/site-packages/isaacsim/exts/isaacsim.asset.importer.mjcf`: errno=28/No space left on device
[3.596s] [ext: omni.sensors.nv.common-3.0.0] startup
2026-08-31T06:20:55Z [3,587ms] [Error] [carb] Failed to create change watch for `/home/j/env_isaaclab/lib/python3.11/site-packages/isaacsim/exts/isaacsim.asset.importer.mjcf/config`: errno=28/No space left on device
2026-08-31T06:20:55Z [3,587ms] [Error] [carb] Failed to create change watch for `/home/j/env_isaaclab/lib/python3.11/site-packages/isaacsim/exts/isaacsim.asset.importer.mjcf/isaacsim`: errno=28/No space left on device
2026-08-31T06:20:55Z [3,587ms] [Error] [carb] Failed to create change watch for `/home/j/env_isaaclab/lib/python3.11/site-packages/isaacsim/exts/isaacsim.asset.importer.mjcf/isaacsim/asset`: errno=28/No space left on device
2026-08-31T06:20:55Z [3,587ms] [Error] [carb] Failed to create change watch for `/home/j/env_isaaclab/lib/python3.11/site-packages/isaacsim/exts/isaacsim.asset.importer.mjcf/isaacsim/asset/importer`: errno=28/No space left on device
2026-08-31T06:20:55Z [3,587ms] [Error] [carb] Failed to create change watch for `/home/j/env_isaaclab/lib/python3.11/site-packages/isaacsim/exts/isaacsim.asset.importer.mjcf/isaacsim/asset/importer/mjcf`: errno=28/No space left on device
2026-08-31T06:20:55Z [3,587ms] [Error] [carb] Failed to create change watch for `/home/j/env_isaaclab/lib/python3.11/site-packages/isaacsim/exts/isaacsim.asset.importer.mjcf/isaacsim/asset/importer/mjcf/tests`: errno=28/No space left on device
2026-08-31T06:20:55Z [3,588ms] [Error] [carb] Failed to create change watch for `/home/j/env_isaaclab/lib/python3.11/site-packages/isaacsim/exts/isaacsim.asset.importer.mjcf/isaacsim/asset/importer/mjcf/impl`: errno=28/No space left on device
2026-08-31T06:20:56Z [3,594ms] [Error] [carb] Failed to create change watch for `/home/j/env_isaaclab/lib/python3.11/site-packages/isaacsim/extscache/omni.sensors.nv.common-3.0.0+69cbf6ad.lx64.r.cp311`: errno=28/No space left on device
[3.603s] [ext: isaacsim.sensors.physics-0.4.3] startup
2026-08-31T06:20:56Z [3,594ms] [Error] [carb] Failed to create change watch for `/home/j/env_isaaclab/lib/python3.11/site-packages/isaacsim/extscache/omni.sensors.nv.common-3.0.0+69cbf6ad.lx64.r.cp311/config`: errno=28/No space left on device
2026-08-31T06:20:56Z [3,594ms] [Error] [carb] Failed to create change watch for `/home/j/env_isaaclab/lib/python3.11/site-packages/isaacsim/extscache/omni.sensors.nv.common-3.0.0+69cbf6ad.lx64.r.cp311/omni`: errno=28/No space left on device
2026-08-31T06:20:56Z [3,594ms] [Error] [carb] Failed to create change watch for `/home/j/env_isaaclab/lib/python3.11/site-packages/isaacsim/extscache/omni.sensors.nv.common-3.0.0+69cbf6ad.lx64.r.cp311/omni/sensors`: errno=28/No space left on device
2026-08-31T06:20:56Z [3,594ms] [Error] [carb] Failed to create change watch for `/home/j/env_isaaclab/lib/python3.11/site-packages/isaacsim/extscache/omni.sensors.nv.common-3.0.0+69cbf6ad.lx64.r.cp311/omni/sensors/nv`: errno=28/No space left on device
2026-08-31T06:20:56Z [3,594ms] [Error] [carb] Failed to create change watch for `/home/j/env_isaaclab/lib/python3.11/site-packages/isaacsim/extscache/omni.sensors.nv.common-3.0.0+69cbf6ad.lx64.r.cp311/omni/sensors/nv/common`: errno=28/No space left on device
2026-08-31T06:20:56Z [3,594ms] [Error] [carb] Failed to create change watch for `/home/j/env_isaaclab/lib/python3.11/site-packages/isaacsim/extscache/omni.sensors.nv.common-3.0.0+69cbf6ad.lx64.r.cp311/omni/sensors/nv/common/ogn`: errno=28/No space left on device
2026-08-31T06:20:56Z [3,594ms] [Error] [carb] Failed to create change watch for `/home/j/env_isaaclab/lib/python3.11/site-packages/isaacsim/extscache/omni.sensors.nv.common-3.0.0+69cbf6ad.lx64.r.cp311/omni/sensors/nv/common/ogn/tests`: errno=28/No space left on device
2026-08-31T06:20:56Z [3,594ms] [Error] [carb] Failed to create change watch for `/home/j/env_isaaclab/lib/python3.11/site-packages/isaacsim/extscache/omni.sensors.nv.common-3.0.0+69cbf6ad.lx64.r.cp311/omni/sensors/nv/common/ogn/tests/usd`: errno=28/No space left on device
2026-08-31T06:20:56Z [3,598ms] [Error] [carb] Failed to create change watch for `/home/j/env_isaaclab/lib/python3.11/site-packages/isaacsim/exts/isaacsim.sensors.physics`: errno=28/No space left on device
[3.607s] [ext: omni.sensors.net-1.0.0] startup
2026-08-31T06:20:56Z [3,598ms] [Error] [carb] Failed to create change watch for `/home/j/env_isaaclab/lib/python3.11/site-packages/isaacsim/exts/isaacsim.sensors.physics/config`: errno=28/No space left on device
2026-08-31T06:20:56Z [3,598ms] [Error] [carb] Failed to create change watch for `/home/j/env_isaaclab/lib/python3.11/site-packages/isaacsim/exts/isaacsim.sensors.physics/isaacsim`: errno=28/No space left on device
2026-08-31T06:20:56Z [3,598ms] [Error] [carb] Failed to create change watch for `/home/j/env_isaaclab/lib/python3.11/site-packages/isaacsim/exts/isaacsim.sensors.physics/isaacsim/sensors`: errno=28/No space left on device
2026-08-31T06:20:56Z [3,598ms] [Error] [carb] Failed to create change watch for `/home/j/env_isaaclab/lib/python3.11/site-packages/isaacsim/exts/isaacsim.sensors.physics/isaacsim/sensors/physics`: errno=28/No space left on device
2026-08-31T06:20:56Z [3,598ms] [Error] [carb] Failed to create change watch for `/home/j/env_isaaclab/lib/python3.11/site-packages/isaacsim/exts/isaacsim.sensors.physics/isaacsim/sensors/physics/tests`: errno=28/No space left on device
2026-08-31T06:20:56Z [3,598ms] [Error] [carb] Failed to create change watch for `/home/j/env_isaaclab/lib/python3.11/site-packages/isaacsim/exts/isaacsim.sensors.physics/isaacsim/sensors/physics/impl`: errno=28/No space left on device
2026-08-31T06:20:56Z [3,598ms] [Error] [carb] Failed to create change watch for `/home/j/env_isaaclab/lib/python3.11/site-packages/isaacsim/exts/isaacsim.sensors.physics/isaacsim/sensors/physics/ogn`: errno=28/No space left on device
2026-08-31T06:20:56Z [3,598ms] [Error] [carb] Failed to create change watch for `/home/j/env_isaaclab/lib/python3.11/site-packages/isaacsim/exts/isaacsim.sensors.physics/isaacsim/sensors/physics/ogn/tests`: errno=28/No space left on device
2026-08-31T06:20:56Z [3,599ms] [Error] [carb] Failed to create change watch for `/home/j/env_isaaclab/lib/python3.11/site-packages/isaacsim/exts/isaacsim.sensors.physics/isaacsim/sensors/physics/ogn/tests/usd`: errno=28/No space left on device
2026-08-31T06:20:56Z [3,599ms] [Error] [carb] Failed to create change watch for `/home/j/env_isaaclab/lib/python3.11/site-packages/isaacsim/exts/isaacsim.sensors.physics/isaacsim/sensors/physics/ogn/python`: errno=28/No space left on device
2026-08-31T06:20:56Z [3,599ms] [Error] [carb] Failed to create change watch for `/home/j/env_isaaclab/lib/python3.11/site-packages/isaacsim/exts/isaacsim.sensors.physics/isaacsim/sensors/physics/ogn/python/nodes`: errno=28/No space left on device
2026-08-31T06:20:56Z [3,599ms] [Error] [carb] Failed to create change watch for `/home/j/env_isaaclab/lib/python3.11/site-packages/isaacsim/exts/isaacsim.sensors.physics/isaacsim/sensors/physics/ogn/python/nodes/icons`: errno=28/No space left on device
2026-08-31T06:20:56Z [3,599ms] [Error] [carb] Failed to create change watch for `/home/j/env_isaaclab/lib/python3.11/site-packages/isaacsim/exts/isaacsim.sensors.physics/isaacsim/sensors/physics/ogn/python/nodes/config`: errno=28/No space left on device
2026-08-31T06:20:56Z [3,601ms] [Error] [carb] Failed to create change watch for `/home/j/env_isaaclab/lib/python3.11/site-packages/isaacsim/extscache/omni.sensors.net-1.0.0+69cbf6ad.lx64.r.cp311`: errno=28/No space left on device
[3.610s] [ext: omni.isaac.nucleus-1.0.6] startup
2026-08-31T06:20:56Z [3,601ms] [Error] [carb] Failed to create change watch for `/home/j/env_isaaclab/lib/python3.11/site-packages/isaacsim/extscache/omni.sensors.net-1.0.0+69cbf6ad.lx64.r.cp311/config`: errno=28/No space left on device
2026-08-31T06:20:56Z [3,601ms] [Error] [carb] Failed to create change watch for `/home/j/env_isaaclab/lib/python3.11/site-packages/isaacsim/extscache/omni.sensors.net-1.0.0+69cbf6ad.lx64.r.cp311/omni`: errno=28/No space left on device
2026-08-31T06:20:56Z [3,601ms] [Error] [carb] Failed to create change watch for `/home/j/env_isaaclab/lib/python3.11/site-packages/isaacsim/extscache/omni.sensors.net-1.0.0+69cbf6ad.lx64.r.cp311/omni/sensors`: errno=28/No space left on device
2026-08-31T06:20:56Z [3,601ms] [Error] [carb] Failed to create change watch for `/home/j/env_isaaclab/lib/python3.11/site-packages/isaacsim/extscache/omni.sensors.net-1.0.0+69cbf6ad.lx64.r.cp311/omni/sensors/net`: errno=28/No space left on device
2026-08-31T06:20:56Z [3,601ms] [Warning] [omni.isaac.nucleus] omni.isaac.nucleus has been deprecated in favor of isaacsim.storage.native. Please update your code accordingly.
2026-08-31T06:20:56Z [3,601ms] [Warning] [omni.isaac.nucleus.nucleus] omni.isaac.nucleus.nucleus has been deprecated in favor of isaacsim.storage.native. Please update your code accordingly.
2026-08-31T06:20:56Z [3,601ms] [Error] [carb] Failed to create change watch for `/home/j/env_isaaclab/lib/python3.11/site-packages/isaacsim/extsDeprecated/omni.isaac.nucleus`: errno=28/No space left on device
[3.610s] [ext: omni.sensors.nv.materials-2.0.0] startup
2026-08-31T06:20:56Z [3,601ms] [Error] [carb] Failed to create change watch for `/home/j/env_isaaclab/lib/python3.11/site-packages/isaacsim/extsDeprecated/omni.isaac.nucleus/config`: errno=28/No space left on device
2026-08-31T06:20:56Z [3,601ms] [Error] [carb] Failed to create change watch for `/home/j/env_isaaclab/lib/python3.11/site-packages/isaacsim/extsDeprecated/omni.isaac.nucleus/omni`: errno=28/No space left on device
2026-08-31T06:20:56Z [3,601ms] [Error] [carb] Failed to create change watch for `/home/j/env_isaaclab/lib/python3.11/site-packages/isaacsim/extsDeprecated/omni.isaac.nucleus/omni/isaac`: errno=28/No space left on device
2026-08-31T06:20:56Z [3,601ms] [Error] [carb] Failed to create change watch for `/home/j/env_isaaclab/lib/python3.11/site-packages/isaacsim/extsDeprecated/omni.isaac.nucleus/omni/isaac/nucleus`: errno=28/No space left on device
2026-08-31T06:20:56Z [3,604ms] [Error] [carb] Failed to create change watch for `/home/j/env_isaaclab/lib/python3.11/site-packages/isaacsim/extscache/omni.sensors.nv.materials-2.0.0+69cbf6ad.lx64.r.cp311`: errno=28/No space left on device
2026-08-31T06:20:56Z [3,605ms] [Error] [carb] Failed to create change watch for `/home/j/env_isaaclab/lib/python3.11/site-packages/isaacsim/extscache/omni.sensors.nv.materials-2.0.0+69cbf6ad.lx64.r.cp311/config`: errno=28/No space left on device
2026-08-31T06:20:56Z [3,605ms] [Error] [carb] Failed to create change watch for `/home/j/env_isaaclab/lib/python3.11/site-packages/isaacsim/extscache/omni.sensors.nv.materials-2.0.0+69cbf6ad.lx64.r.cp311/omni`: errno=28/No space left on device
2026-08-31T06:20:56Z [3,605ms] [Error] [carb] Failed to create change watch for `/home/j/env_isaaclab/lib/python3.11/site-packages/isaacsim/extscache/omni.sensors.nv.materials-2.0.0+69cbf6ad.lx64.r.cp311/omni/sensors`: errno=28/No space left on device
2026-08-31T06:20:56Z [3,605ms] [Error] [carb] Failed to create change watch for `/home/j/env_isaaclab/lib/python3.11/site-packages/isaacsim/extscache/omni.sensors.nv.materials-2.0.0+69cbf6ad.lx64.r.cp311/omni/sensors/nv`: errno=28/No space left on device
2026-08-31T06:20:56Z [3,605ms] [Error] [carb] Failed to create change watch for `/home/j/env_isaaclab/lib/python3.11/site-packages/isaacsim/extscache/omni.sensors.nv.materials-2.0.0+69cbf6ad.lx64.r.cp311/omni/sensors/nv/materials`: errno=28/No space left on device
2026-08-31T06:20:56Z [3,605ms] [Error] [carb] Failed to create change watch for `/home/j/env_isaaclab/lib/python3.11/site-packages/isaacsim/extscache/omni.sensors.nv.materials-2.0.0+69cbf6ad.lx64.r.cp311/omni/sensors/nv/materials/scripts`: errno=28/No space left on device
[3.614s] [ext: isaacsim.robot.policy.examples-4.1.11] startup
2026-08-31T06:20:56Z [3,607ms] [Error] [carb] Failed to create change watch for `/home/j/env_isaaclab/lib/python3.11/site-packages/isaacsim/exts/isaacsim.robot.policy.examples`: errno=28/No space left on device
[3.616s] [ext: omni.sensors.nv.wpm-3.0.0] startup
2026-08-31T06:20:56Z [3,607ms] [Error] [carb] Failed to create change watch for `/home/j/env_isaaclab/lib/python3.11/site-packages/isaacsim/exts/isaacsim.robot.policy.examples/config`: errno=28/No space left on device
2026-08-31T06:20:56Z [3,607ms] [Error] [carb] Failed to create change watch for `/home/j/env_isaaclab/lib/python3.11/site-packages/isaacsim/exts/isaacsim.robot.policy.examples/isaacsim`: errno=28/No space left on device
2026-08-31T06:20:56Z [3,607ms] [Error] [carb] Failed to create change watch for `/home/j/env_isaaclab/lib/python3.11/site-packages/isaacsim/exts/isaacsim.robot.policy.examples/isaacsim/robot`: errno=28/No space left on device
2026-08-31T06:20:56Z [3,607ms] [Error] [carb] Failed to create change watch for `/home/j/env_isaaclab/lib/python3.11/site-packages/isaacsim/exts/isaacsim.robot.policy.examples/isaacsim/robot/policy`: errno=28/No space left on device
2026-08-31T06:20:56Z [3,607ms] [Error] [carb] Failed to create change watch for `/home/j/env_isaaclab/lib/python3.11/site-packages/isaacsim/exts/isaacsim.robot.policy.examples/isaacsim/robot/policy/examples`: errno=28/No space left on device
2026-08-31T06:20:56Z [3,607ms] [Error] [carb] Failed to create change watch for `/home/j/env_isaaclab/lib/python3.11/site-packages/isaacsim/exts/isaacsim.robot.policy.examples/isaacsim/robot/policy/examples/utils`: errno=28/No space left on device
2026-08-31T06:20:56Z [3,607ms] [Error] [carb] Failed to create change watch for `/home/j/env_isaaclab/lib/python3.11/site-packages/isaacsim/exts/isaacsim.robot.policy.examples/isaacsim/robot/policy/examples/tests`: errno=28/No space left on device
2026-08-31T06:20:56Z [3,607ms] [Error] [carb] Failed to create change watch for `/home/j/env_isaaclab/lib/python3.11/site-packages/isaacsim/exts/isaacsim.robot.policy.examples/isaacsim/robot/policy/examples/controllers`: errno=28/No space left on device
2026-08-31T06:20:56Z [3,607ms] [Error] [carb] Failed to create change watch for `/home/j/env_isaaclab/lib/python3.11/site-packages/isaacsim/exts/isaacsim.robot.policy.examples/isaacsim/robot/policy/examples/robots`: errno=28/No space left on device
[3.618s] [ext: omni.sensors.nv.lidar-3.0.0] startup
2026-08-31T06:20:56Z [3,616ms] [Error] [carb] Failed to create change watch for `/home/j/env_isaaclab/lib/python3.11/site-packages/isaacsim/extscache/omni.sensors.nv.lidar-3.0.0+69cbf6ad.lx64.r.cp311`: errno=28/No space left on device
2026-08-31T06:20:56Z [3,616ms] [Error] [carb] Failed to create change watch for `/home/j/env_isaaclab/lib/python3.11/site-packages/isaacsim/extscache/omni.sensors.nv.lidar-3.0.0+69cbf6ad.lx64.r.cp311/config`: errno=28/No space left on device
2026-08-31T06:20:56Z [3,616ms] [Error] [carb] Failed to create change watch for `/home/j/env_isaaclab/lib/python3.11/site-packages/isaacsim/extscache/omni.sensors.nv.lidar-3.0.0+69cbf6ad.lx64.r.cp311/omni`: errno=28/No space left on device
[3.625s] [ext: isaacsim.util.debug_draw-3.1.0] startup
2026-08-31T06:20:56Z [3,616ms] [Error] [carb] Failed to create change watch for `/home/j/env_isaaclab/lib/python3.11/site-packages/isaacsim/extscache/omni.sensors.nv.lidar-3.0.0+69cbf6ad.lx64.r.cp311/omni/sensors`: errno=28/No space left on device
2026-08-31T06:20:56Z [3,616ms] [Error] [carb] Failed to create change watch for `/home/j/env_isaaclab/lib/python3.11/site-packages/isaacsim/extscache/omni.sensors.nv.lidar-3.0.0+69cbf6ad.lx64.r.cp311/omni/sensors/nv`: errno=28/No space left on device
2026-08-31T06:20:56Z [3,616ms] [Error] [carb] Failed to create change watch for `/home/j/env_isaaclab/lib/python3.11/site-packages/isaacsim/extscache/omni.sensors.nv.lidar-3.0.0+69cbf6ad.lx64.r.cp311/omni/sensors/nv/lidar`: errno=28/No space left on device
2026-08-31T06:20:56Z [3,616ms] [Error] [carb] Failed to create change watch for `/home/j/env_isaaclab/lib/python3.11/site-packages/isaacsim/extscache/omni.sensors.nv.lidar-3.0.0+69cbf6ad.lx64.r.cp311/omni/sensors/nv/lidar/scripts`: errno=28/No space left on device
2026-08-31T06:20:56Z [3,616ms] [Error] [carb] Failed to create change watch for `/home/j/env_isaaclab/lib/python3.11/site-packages/isaacsim/extscache/omni.sensors.nv.lidar-3.0.0+69cbf6ad.lx64.r.cp311/omni/sensors/nv/lidar/ogn`: errno=28/No space left on device
2026-08-31T06:20:56Z [3,616ms] [Error] [carb] Failed to create change watch for `/home/j/env_isaaclab/lib/python3.11/site-packages/isaacsim/extscache/omni.sensors.nv.lidar-3.0.0+69cbf6ad.lx64.r.cp311/omni/sensors/nv/lidar/ogn/tests`: errno=28/No space left on device
2026-08-31T06:20:56Z [3,616ms] [Error] [carb] Failed to create change watch for `/home/j/env_isaaclab/lib/python3.11/site-packages/isaacsim/extscache/omni.sensors.nv.lidar-3.0.0+69cbf6ad.lx64.r.cp311/omni/sensors/nv/lidar/ogn/tests/usd`: errno=28/No space left on device
2026-08-31T06:20:56Z [3,618ms] [Error] [carb] Failed to create change watch for `/home/j/env_isaaclab/lib/python3.11/site-packages/isaacsim/extscache/isaacsim.util.debug_draw-3.1.0+107.3.2.lx64.r.cp311`: errno=28/No space left on device
[3.628s] [ext: omni.sensors.nv.radar-3.0.0] startup
2026-08-31T06:20:56Z [3,619ms] [Error] [carb] Failed to create change watch for `/home/j/env_isaaclab/lib/python3.11/site-packages/isaacsim/extscache/isaacsim.util.debug_draw-3.1.0+107.3.2.lx64.r.cp311/config`: errno=28/No space left on device
2026-08-31T06:20:56Z [3,619ms] [Error] [carb] Failed to create change watch for `/home/j/env_isaaclab/lib/python3.11/site-packages/isaacsim/extscache/isaacsim.util.debug_draw-3.1.0+107.3.2.lx64.r.cp311/isaacsim`: errno=28/No space left on device
2026-08-31T06:20:56Z [3,619ms] [Error] [carb] Failed to create change watch for `/home/j/env_isaaclab/lib/python3.11/site-packages/isaacsim/extscache/isaacsim.util.debug_draw-3.1.0+107.3.2.lx64.r.cp311/isaacsim/util`: errno=28/No space left on device
2026-08-31T06:20:56Z [3,619ms] [Error] [carb] Failed to create change watch for `/home/j/env_isaaclab/lib/python3.11/site-packages/isaacsim/extscache/isaacsim.util.debug_draw-3.1.0+107.3.2.lx64.r.cp311/isaacsim/util/debug_draw`: errno=28/No space left on device
2026-08-31T06:20:56Z [3,619ms] [Error] [carb] Failed to create change watch for `/home/j/env_isaaclab/lib/python3.11/site-packages/isaacsim/extscache/isaacsim.util.debug_draw-3.1.0+107.3.2.lx64.r.cp311/isaacsim/util/debug_draw/tests`: errno=28/No space left on device
2026-08-31T06:20:56Z [3,619ms] [Error] [carb] Failed to create change watch for `/home/j/env_isaaclab/lib/python3.11/site-packages/isaacsim/extscache/isaacsim.util.debug_draw-3.1.0+107.3.2.lx64.r.cp311/isaacsim/util/debug_draw/impl`: errno=28/No space left on device
2026-08-31T06:20:56Z [3,619ms] [Error] [carb] Failed to create change watch for `/home/j/env_isaaclab/lib/python3.11/site-packages/isaacsim/extscache/isaacsim.util.debug_draw-3.1.0+107.3.2.lx64.r.cp311/isaacsim/util/debug_draw/ogn`: errno=28/No space left on device
2026-08-31T06:20:56Z [3,619ms] [Error] [carb] Failed to create change watch for `/home/j/env_isaaclab/lib/python3.11/site-packages/isaacsim/extscache/isaacsim.util.debug_draw-3.1.0+107.3.2.lx64.r.cp311/isaacsim/util/debug_draw/ogn/tests`: errno=28/No space left on device
2026-08-31T06:20:56Z [3,619ms] [Error] [carb] Failed to create change watch for `/home/j/env_isaaclab/lib/python3.11/site-packages/isaacsim/extscache/isaacsim.util.debug_draw-3.1.0+107.3.2.lx64.r.cp311/isaacsim/util/debug_draw/ogn/tests/usd`: errno=28/No space left on device
[3.630s] [ext: omni.sensors.nv.ids-2.0.0] startup
2026-08-31T06:20:56Z [3,621ms] [Error] [carb] Failed to create change watch for `/home/j/env_isaaclab/lib/python3.11/site-packages/isaacsim/extscache/omni.sensors.nv.radar-3.0.0+69cbf6ad.lx64.r.cp311`: errno=28/No space left on device
2026-08-31T06:20:56Z [3,621ms] [Error] [carb] Failed to create change watch for `/home/j/env_isaaclab/lib/python3.11/site-packages/isaacsim/extscache/omni.sensors.nv.radar-3.0.0+69cbf6ad.lx64.r.cp311/config`: errno=28/No space left on device
2026-08-31T06:20:56Z [3,621ms] [Error] [carb] Failed to create change watch for `/home/j/env_isaaclab/lib/python3.11/site-packages/isaacsim/extscache/omni.sensors.nv.radar-3.0.0+69cbf6ad.lx64.r.cp311/omni`: errno=28/No space left on device
2026-08-31T06:20:56Z [3,621ms] [Error] [carb] Failed to create change watch for `/home/j/env_isaaclab/lib/python3.11/site-packages/isaacsim/extscache/omni.sensors.nv.radar-3.0.0+69cbf6ad.lx64.r.cp311/omni/sensors`: errno=28/No space left on device
2026-08-31T06:20:56Z [3,621ms] [Error] [carb] Failed to create change watch for `/home/j/env_isaaclab/lib/python3.11/site-packages/isaacsim/extscache/omni.sensors.nv.radar-3.0.0+69cbf6ad.lx64.r.cp311/omni/sensors/nv`: errno=28/No space left on device
2026-08-31T06:20:56Z [3,622ms] [Error] [carb] Failed to create change watch for `/home/j/env_isaaclab/lib/python3.11/site-packages/isaacsim/extscache/omni.sensors.nv.radar-3.0.0+69cbf6ad.lx64.r.cp311/omni/sensors/nv/radar`: errno=28/No space left on device
2026-08-31T06:20:56Z [3,622ms] [Error] [carb] Failed to create change watch for `/home/j/env_isaaclab/lib/python3.11/site-packages/isaacsim/extscache/omni.sensors.nv.radar-3.0.0+69cbf6ad.lx64.r.cp311/omni/sensors/nv/radar/scripts`: errno=28/No space left on device
2026-08-31T06:20:56Z [3,622ms] [Error] [carb] Failed to create change watch for `/home/j/env_isaaclab/lib/python3.11/site-packages/isaacsim/extscache/omni.sensors.nv.radar-3.0.0+69cbf6ad.lx64.r.cp311/omni/sensors/nv/radar/ogn`: errno=28/No space left on device
2026-08-31T06:20:56Z [3,622ms] [Error] [carb] Failed to create change watch for `/home/j/env_isaaclab/lib/python3.11/site-packages/isaacsim/extscache/omni.sensors.nv.radar-3.0.0+69cbf6ad.lx64.r.cp311/omni/sensors/nv/radar/ogn/tests`: errno=28/No space left on device
2026-08-31T06:20:56Z [3,622ms] [Error] [carb] Failed to create change watch for `/home/j/env_isaaclab/lib/python3.11/site-packages/isaacsim/extscache/omni.sensors.nv.radar-3.0.0+69cbf6ad.lx64.r.cp311/omni/sensors/nv/radar/ogn/tests/usd`: errno=28/No space left on device
2026-08-31T06:20:56Z [3,622ms] [Error] [carb] Failed to create change watch for `/home/j/env_isaaclab/lib/python3.11/site-packages/isaacsim/extscache/omni.sensors.nv.ids-2.0.0+69cbf6ad.lx64.r.cp311`: errno=28/No space left on device
2026-08-31T06:20:56Z [3,622ms] [Error] [carb] Failed to create change watch for `/home/j/env_isaaclab/lib/python3.11/site-packages/isaacsim/extscache/omni.sensors.nv.ids-2.0.0+69cbf6ad.lx64.r.cp311/config`: errno=28/No space left on device
[3.631s] [ext: isaacsim.core.cloner-1.4.10] startup
2026-08-31T06:20:56Z [3,622ms] [Error] [carb] Failed to create change watch for `/home/j/env_isaaclab/lib/python3.11/site-packages/isaacsim/extscache/omni.sensors.nv.ids-2.0.0+69cbf6ad.lx64.r.cp311/omni`: errno=28/No space left on device
2026-08-31T06:20:56Z [3,622ms] [Error] [carb] Failed to create change watch for `/home/j/env_isaaclab/lib/python3.11/site-packages/isaacsim/extscache/omni.sensors.nv.ids-2.0.0+69cbf6ad.lx64.r.cp311/omni/sensors`: errno=28/No space left on device
2026-08-31T06:20:56Z [3,622ms] [Error] [carb] Failed to create change watch for `/home/j/env_isaaclab/lib/python3.11/site-packages/isaacsim/extscache/omni.sensors.nv.ids-2.0.0+69cbf6ad.lx64.r.cp311/omni/sensors/nv`: errno=28/No space left on device
2026-08-31T06:20:56Z [3,622ms] [Error] [carb] Failed to create change watch for `/home/j/env_isaaclab/lib/python3.11/site-packages/isaacsim/extscache/omni.sensors.nv.ids-2.0.0+69cbf6ad.lx64.r.cp311/omni/sensors/nv/ids`: errno=28/No space left on device
2026-08-31T06:20:56Z [3,622ms] [Error] [carb] Failed to create change watch for `/home/j/env_isaaclab/lib/python3.11/site-packages/isaacsim/extscache/omni.sensors.nv.ids-2.0.0+69cbf6ad.lx64.r.cp311/omni/sensors/nv/ids/ogn`: errno=28/No space left on device
2026-08-31T06:20:56Z [3,622ms] [Error] [carb] Failed to create change watch for `/home/j/env_isaaclab/lib/python3.11/site-packages/isaacsim/extscache/omni.sensors.nv.ids-2.0.0+69cbf6ad.lx64.r.cp311/omni/sensors/nv/ids/ogn/tests`: errno=28/No space left on device
2026-08-31T06:20:56Z [3,622ms] [Error] [carb] Failed to create change watch for `/home/j/env_isaaclab/lib/python3.11/site-packages/isaacsim/extscache/omni.sensors.nv.ids-2.0.0+69cbf6ad.lx64.r.cp311/omni/sensors/nv/ids/ogn/tests/usd`: errno=28/No space left on device
2026-08-31T06:20:56Z [3,624ms] [Error] [carb] Failed to create change watch for `/home/j/env_isaaclab/lib/python3.11/site-packages/isaacsim/exts/isaacsim.core.cloner`: errno=28/No space left on device
[3.633s] [ext: isaacsim.sensors.physx-2.3.2] startup
2026-08-31T06:20:56Z [3,624ms] [Error] [carb] Failed to create change watch for `/home/j/env_isaaclab/lib/python3.11/site-packages/isaacsim/exts/isaacsim.core.cloner/config`: errno=28/No space left on device
2026-08-31T06:20:56Z [3,624ms] [Error] [carb] Failed to create change watch for `/home/j/env_isaaclab/lib/python3.11/site-packages/isaacsim/exts/isaacsim.core.cloner/isaacsim`: errno=28/No space left on device
2026-08-31T06:20:56Z [3,624ms] [Error] [carb] Failed to create change watch for `/home/j/env_isaaclab/lib/python3.11/site-packages/isaacsim/exts/isaacsim.core.cloner/isaacsim/core`: errno=28/No space left on device
2026-08-31T06:20:56Z [3,624ms] [Error] [carb] Failed to create change watch for `/home/j/env_isaaclab/lib/python3.11/site-packages/isaacsim/exts/isaacsim.core.cloner/isaacsim/core/cloner`: errno=28/No space left on device
2026-08-31T06:20:56Z [3,624ms] [Error] [carb] Failed to create change watch for `/home/j/env_isaaclab/lib/python3.11/site-packages/isaacsim/exts/isaacsim.core.cloner/isaacsim/core/cloner/tests`: errno=28/No space left on device
2026-08-31T06:20:56Z [3,624ms] [Error] [carb] Failed to create change watch for `/home/j/env_isaaclab/lib/python3.11/site-packages/isaacsim/exts/isaacsim.core.cloner/isaacsim/core/cloner/tests/data`: errno=28/No space left on device
2026-08-31T06:20:56Z [3,624ms] [Error] [carb] Failed to create change watch for `/home/j/env_isaaclab/lib/python3.11/site-packages/isaacsim/exts/isaacsim.core.cloner/isaacsim/core/cloner/impl`: errno=28/No space left on device
2026-08-31T06:20:56Z [3,627ms] [Error] [carb] Failed to create change watch for `/home/j/env_isaaclab/lib/python3.11/site-packages/isaacsim/exts/isaacsim.sensors.physx`: errno=28/No space left on device
2026-08-31T06:20:56Z [3,627ms] [Error] [carb] Failed to create change watch for `/home/j/env_isaaclab/lib/python3.11/site-packages/isaacsim/exts/isaacsim.sensors.physx/config`: errno=28/No space left on device
[3.636s] [ext: isaacsim.sensors.rtx-15.8.4] startup
2026-08-31T06:20:56Z [3,627ms] [Error] [carb] Failed to create change watch for `/home/j/env_isaaclab/lib/python3.11/site-packages/isaacsim/exts/isaacsim.sensors.physx/isaacsim`: errno=28/No space left on device
2026-08-31T06:20:56Z [3,627ms] [Error] [carb] Failed to create change watch for `/home/j/env_isaaclab/lib/python3.11/site-packages/isaacsim/exts/isaacsim.sensors.physx/isaacsim/sensors`: errno=28/No space left on device
2026-08-31T06:20:56Z [3,628ms] [Error] [carb] Failed to create change watch for `/home/j/env_isaaclab/lib/python3.11/site-packages/isaacsim/exts/isaacsim.sensors.physx/isaacsim/sensors/physx`: errno=28/No space left on device
2026-08-31T06:20:56Z [3,628ms] [Error] [carb] Failed to create change watch for `/home/j/env_isaaclab/lib/python3.11/site-packages/isaacsim/exts/isaacsim.sensors.physx/isaacsim/sensors/physx/tests`: errno=28/No space left on device
2026-08-31T06:20:56Z [3,628ms] [Error] [carb] Failed to create change watch for `/home/j/env_isaaclab/lib/python3.11/site-packages/isaacsim/exts/isaacsim.sensors.physx/isaacsim/sensors/physx/impl`: errno=28/No space left on device
2026-08-31T06:20:56Z [3,628ms] [Error] [carb] Failed to create change watch for `/home/j/env_isaaclab/lib/python3.11/site-packages/isaacsim/exts/isaacsim.sensors.physx/isaacsim/sensors/physx/ogn`: errno=28/No space left on device
2026-08-31T06:20:56Z [3,628ms] [Error] [carb] Failed to create change watch for `/home/j/env_isaaclab/lib/python3.11/site-packages/isaacsim/exts/isaacsim.sensors.physx/isaacsim/sensors/physx/ogn/tests`: errno=28/No space left on device
2026-08-31T06:20:56Z [3,628ms] [Error] [carb] Failed to create change watch for `/home/j/env_isaaclab/lib/python3.11/site-packages/isaacsim/exts/isaacsim.sensors.physx/isaacsim/sensors/physx/ogn/tests/usd`: errno=28/No space left on device
2026-08-31T06:20:56Z [3,633ms] [Error] [carb] Failed to create change watch for `/home/j/env_isaaclab/lib/python3.11/site-packages/isaacsim/exts/isaacsim.sensors.rtx`: errno=28/No space left on device
2026-08-31T06:20:56Z [3,633ms] [Error] [carb] Failed to create change watch for `/home/j/env_isaaclab/lib/python3.11/site-packages/isaacsim/exts/isaacsim.sensors.rtx/config`: errno=28/No space left on device
[3.642s] [ext: isaacsim.sensors.camera-1.3.6] startup
2026-08-31T06:20:56Z [3,633ms] [Error] [carb] Failed to create change watch for `/home/j/env_isaaclab/lib/python3.11/site-packages/isaacsim/exts/isaacsim.sensors.rtx/isaacsim`: errno=28/No space left on device
2026-08-31T06:20:56Z [3,633ms] [Error] [carb] Failed to create change watch for `/home/j/env_isaaclab/lib/python3.11/site-packages/isaacsim/exts/isaacsim.sensors.rtx/isaacsim/sensors`: errno=28/No space left on device
2026-08-31T06:20:56Z [3,633ms] [Error] [carb] Failed to create change watch for `/home/j/env_isaaclab/lib/python3.11/site-packages/isaacsim/exts/isaacsim.sensors.rtx/isaacsim/sensors/rtx`: errno=28/No space left on device
2026-08-31T06:20:56Z [3,633ms] [Error] [carb] Failed to create change watch for `/home/j/env_isaaclab/lib/python3.11/site-packages/isaacsim/exts/isaacsim.sensors.rtx/isaacsim/sensors/rtx/tests`: errno=28/No space left on device
2026-08-31T06:20:56Z [3,633ms] [Error] [carb] Failed to create change watch for `/home/j/env_isaaclab/lib/python3.11/site-packages/isaacsim/exts/isaacsim.sensors.rtx/isaacsim/sensors/rtx/generic_model_output`: errno=28/No space left on device
2026-08-31T06:20:56Z [3,633ms] [Error] [carb] Failed to create change watch for `/home/j/env_isaaclab/lib/python3.11/site-packages/isaacsim/exts/isaacsim.sensors.rtx/isaacsim/sensors/rtx/bindings`: errno=28/No space left on device
2026-08-31T06:20:56Z [3,633ms] [Error] [carb] Failed to create change watch for `/home/j/env_isaaclab/lib/python3.11/site-packages/isaacsim/exts/isaacsim.sensors.rtx/isaacsim/sensors/rtx/impl`: errno=28/No space left on device
2026-08-31T06:20:56Z [3,633ms] [Error] [carb] Failed to create change watch for `/home/j/env_isaaclab/lib/python3.11/site-packages/isaacsim/exts/isaacsim.sensors.rtx/isaacsim/sensors/rtx/ogn`: errno=28/No space left on device
2026-08-31T06:20:56Z [3,633ms] [Error] [carb] Failed to create change watch for `/home/j/env_isaaclab/lib/python3.11/site-packages/isaacsim/exts/isaacsim.sensors.rtx/isaacsim/sensors/rtx/ogn/tests`: errno=28/No space left on device
2026-08-31T06:20:56Z [3,633ms] [Error] [carb] Failed to create change watch for `/home/j/env_isaaclab/lib/python3.11/site-packages/isaacsim/exts/isaacsim.sensors.rtx/isaacsim/sensors/rtx/ogn/tests/usd`: errno=28/No space left on device
2026-08-31T06:20:56Z [3,643ms] [Error] [carb] Failed to create change watch for `/home/j/env_isaaclab/lib/python3.11/site-packages/isaacsim/exts/isaacsim.sensors.camera`: errno=28/No space left on device
2026-08-31T06:20:56Z [3,643ms] [Error] [carb] Failed to create change watch for `/home/j/env_isaaclab/lib/python3.11/site-packages/isaacsim/exts/isaacsim.sensors.camera/config`: errno=28/No space left on device
[3.652s] [ext: omni.isaac.quadruped-3.0.7] startup
2026-08-31T06:20:56Z [3,643ms] [Error] [carb] Failed to create change watch for `/home/j/env_isaaclab/lib/python3.11/site-packages/isaacsim/exts/isaacsim.sensors.camera/isaacsim`: errno=28/No space left on device
2026-08-31T06:20:56Z [3,643ms] [Error] [carb] Failed to create change watch for `/home/j/env_isaaclab/lib/python3.11/site-packages/isaacsim/exts/isaacsim.sensors.camera/isaacsim/sensors`: errno=28/No space left on device
2026-08-31T06:20:56Z [3,643ms] [Error] [carb] Failed to create change watch for `/home/j/env_isaaclab/lib/python3.11/site-packages/isaacsim/exts/isaacsim.sensors.camera/isaacsim/sensors/camera`: errno=28/No space left on device
2026-08-31T06:20:56Z [3,643ms] [Error] [carb] Failed to create change watch for `/home/j/env_isaaclab/lib/python3.11/site-packages/isaacsim/exts/isaacsim.sensors.camera/isaacsim/sensors/camera/tests`: errno=28/No space left on device
2026-08-31T06:20:56Z [3,643ms] [Error] [carb] Failed to create change watch for `/home/j/env_isaaclab/lib/python3.11/site-packages/isaacsim/exts/isaacsim.sensors.camera/isaacsim/sensors/camera/tests/data`: errno=28/No space left on device
2026-08-31T06:20:56Z [3,643ms] [Error] [carb] Failed to create change watch for `/home/j/env_isaaclab/lib/python3.11/site-packages/isaacsim/exts/isaacsim.sensors.camera/isaacsim/sensors/camera/tests/data/golden`: errno=28/No space left on device
2026-08-31T06:20:56Z [3,643ms] [Error] [carb] Failed to create change watch for `/home/j/env_isaaclab/lib/python3.11/site-packages/isaacsim/exts/isaacsim.sensors.camera/isaacsim/sensors/camera/tests/data/golden/camera_pointcloud`: errno=28/No space left on device
2026-08-31T06:20:56Z [3,644ms] [Warning] [omni.isaac.quadruped] omni.isaac.quadruped has been deprecated in favor of isaacsim.robot.policy.examples. Please update your code accordingly.
2026-08-31T06:20:56Z [3,645ms] [Error] [carb] Failed to create change watch for `/home/j/env_isaaclab/lib/python3.11/site-packages/isaacsim/extsDeprecated/omni.isaac.quadruped`: errno=28/No space left on device
[3.654s] [ext: omni.isaac.cloner-1.0.7] startup
2026-08-31T06:20:56Z [3,645ms] [Error] [carb] Failed to create change watch for `/home/j/env_isaaclab/lib/python3.11/site-packages/isaacsim/extsDeprecated/omni.isaac.quadruped/config`: errno=28/No space left on device
2026-08-31T06:20:56Z [3,645ms] [Error] [carb] Failed to create change watch for `/home/j/env_isaaclab/lib/python3.11/site-packages/isaacsim/extsDeprecated/omni.isaac.quadruped/omni`: errno=28/No space left on device
2026-08-31T06:20:56Z [3,645ms] [Error] [carb] Failed to create change watch for `/home/j/env_isaaclab/lib/python3.11/site-packages/isaacsim/extsDeprecated/omni.isaac.quadruped/omni/isaac`: errno=28/No space left on device
2026-08-31T06:20:56Z [3,645ms] [Error] [carb] Failed to create change watch for `/home/j/env_isaaclab/lib/python3.11/site-packages/isaacsim/extsDeprecated/omni.isaac.quadruped/omni/isaac/quadruped`: errno=28/No space left on device
2026-08-31T06:20:56Z [3,645ms] [Error] [carb] Failed to create change watch for `/home/j/env_isaaclab/lib/python3.11/site-packages/isaacsim/extsDeprecated/omni.isaac.quadruped/omni/isaac/quadruped/tests`: errno=28/No space left on device
2026-08-31T06:20:56Z [3,647ms] [Warning] [omni.isaac.cloner] omni.isaac.cloner has been deprecated in favor of isaacsim.core.cloner. Please update your code accordingly.
2026-08-31T06:20:56Z [3,649ms] [Error] [carb] Failed to create change watch for `/home/j/env_isaaclab/lib/python3.11/site-packages/isaacsim/extsDeprecated/omni.isaac.cloner`: errno=28/No space left on device
2026-08-31T06:20:56Z [3,649ms] [Error] [carb] Failed to create change watch for `/home/j/env_isaaclab/lib/python3.11/site-packages/isaacsim/extsDeprecated/omni.isaac.cloner/config`: errno=28/No space left on device
2026-08-31T06:20:56Z [3,649ms] [Error] [carb] Failed to create change watch for `/home/j/env_isaaclab/lib/python3.11/site-packages/isaacsim/extsDeprecated/omni.isaac.cloner/omni`: errno=28/No space left on device
2026-08-31T06:20:56Z [3,649ms] [Error] [carb] Failed to create change watch for `/home/j/env_isaaclab/lib/python3.11/site-packages/isaacsim/extsDeprecated/omni.isaac.cloner/omni/isaac`: errno=28/No space left on device
2026-08-31T06:20:56Z [3,649ms] [Error] [carb] Failed to create change watch for `/home/j/env_isaaclab/lib/python3.11/site-packages/isaacsim/extsDeprecated/omni.isaac.cloner/omni/isaac/cloner`: errno=28/No space left on device
2026-08-31T06:20:56Z [3,649ms] [Error] [carb] Failed to create change watch for `/home/j/env_isaaclab/lib/python3.11/site-packages/isaacsim/extsDeprecated/omni.isaac.cloner/omni/isaac/cloner/tests`: errno=28/No space left on device
[3.658s] [ext: omni.isaac.range_sensor-4.0.6] startup
2026-08-31T06:20:56Z [3,652ms] [Warning] [omni.isaac.range_sensor] omni.isaac.range_sensor has been deprecated in favor of isaacsim.sensors.physx. Please update your code accordingly.
2026-08-31T06:20:56Z [3,653ms] [Warning] [omni.isaac.range_sensor.commands] omni.isaac.range_sensor.commands has been deprecated in favor of isaacsim.sensors.physx.commands. Please update your code accordingly.
2026-08-31T06:20:56Z [3,653ms] [Error] [carb] Failed to create change watch for `/home/j/env_isaaclab/lib/python3.11/site-packages/isaacsim/extsDeprecated/omni.isaac.range_sensor`: errno=28/No space left on device
2026-08-31T06:20:56Z [3,654ms] [Error] [carb] Failed to create change watch for `/home/j/env_isaaclab/lib/python3.11/site-packages/isaacsim/extsDeprecated/omni.isaac.range_sensor/config`: errno=28/No space left on device
2026-08-31T06:20:56Z [3,654ms] [Error] [carb] Failed to create change watch for `/home/j/env_isaaclab/lib/python3.11/site-packages/isaacsim/extsDeprecated/omni.isaac.range_sensor/omni`: errno=28/No space left on device
[3.663s] [ext: omni.isaac.sensor-13.0.7] startup
2026-08-31T06:20:56Z [3,654ms] [Error] [carb] Failed to create change watch for `/home/j/env_isaaclab/lib/python3.11/site-packages/isaacsim/extsDeprecated/omni.isaac.range_sensor/omni/isaac`: errno=28/No space left on device
2026-08-31T06:20:56Z [3,654ms] [Error] [carb] Failed to create change watch for `/home/j/env_isaaclab/lib/python3.11/site-packages/isaacsim/extsDeprecated/omni.isaac.range_sensor/omni/isaac/range_sensor`: errno=28/No space left on device
2026-08-31T06:20:56Z [3,654ms] [Error] [carb] Failed to create change watch for `/home/j/env_isaaclab/lib/python3.11/site-packages/isaacsim/extsDeprecated/omni.isaac.range_sensor/omni/isaac/range_sensor/tests`: errno=28/No space left on device
2026-08-31T06:20:56Z [3,655ms] [Warning] [omni.isaac.sensor] omni.isaac.sensor has been deprecated in favor of isaacsim.sensors.camera, isaacsim.sensors.physics, isaacsim.sensors.physx, and isaacsim.sensors.rtx. Please update your code accordingly.
2026-08-31T06:20:56Z [3,655ms] [Warning] [omni.isaac.sensor.camera] omni.isaac.sensor.camera has been deprecated in favor of isaacsim.sensors.camera.camera. Please update your code accordingly.
2026-08-31T06:20:56Z [3,656ms] [Warning] [omni.isaac.sensor.camera_view] omni.isaac.sensor.camera_view has been deprecated in favor of isaacsim.sensors.camera.camera_view. Please update your code accordingly.
2026-08-31T06:20:56Z [3,656ms] [Warning] [omni.isaac.sensor.commands] omni.isaac.sensor.commands has been deprecated in favor of isaacsim.sensors.physics.commands, isaacsim.sensors.physx.commands, and isaacsim.sensors.rtx.commands. Please update your code accordingly.
2026-08-31T06:20:56Z [3,656ms] [Warning] [omni.isaac.sensor.contact_sensor] omni.isaac.sensor.contact_sensor has been deprecated in favor of isaacsim.sensors.physics.contact_sensor. Please update your code accordingly.
2026-08-31T06:20:56Z [3,656ms] [Warning] [omni.isaac.sensor.imu_sensor] omni.isaac.sensor.imu_sensor has been deprecated in favor of isaacsim.sensors.physics.imu_sensor. Please update your code accordingly.
2026-08-31T06:20:56Z [3,658ms] [Warning] [omni.isaac.sensor.lidar_rtx] omni.isaac.sensor.lidar_rtx has been deprecated in favor of isaacsim.sensors.rtx.lidar_rtx. Please update your code accordingly.
2026-08-31T06:20:56Z [3,659ms] [Warning] [omni.isaac.sensor.rotating_lidar_physX] omni.isaac.sensor.imu_sensor has been deprecated in favor of isaacsim.sensors.physix.rotating_lidar_physX. Please update your code accordingly.
2026-08-31T06:20:56Z [3,659ms] [Warning] [omni.isaac.sensor.scripts.samples.contact_sensor] omni.isaac.sensor.scripts.samples.contact_sensor has been deprecated in favor of isaacsim.sensors.physics.scripts.samples.contact_sensor. Please update your code accordingly.
2026-08-31T06:20:56Z [3,659ms] [Warning] [omni.isaac.sensor.scripts.samples.imu_sensor] omni.isaac.sensor.scripts.samples.imu_sensor has been deprecated in favor of isaacsim.sensors.physics.scripts.samples.imu_sensor. Please update your code accordingly.
2026-08-31T06:20:56Z [3,659ms] [Warning] [omni.isaac.sensor.scripts.samples.lightbeam_sensor] omni.isaac.sensor.scripts.samples.lightbeam_sensor has been deprecated in favor of isaacsim.sensors.physx.scripts.samples.lightbeam_sensor. Please update your code accordingly.
2026-08-31T06:20:56Z [3,659ms] [Error] [carb] Failed to create change watch for `/home/j/env_isaaclab/lib/python3.11/site-packages/isaacsim/extsDeprecated/omni.isaac.sensor`: errno=28/No space left on device
[3.668s] [ext: omni.kit.menu.create-2.0.1] startup
2026-08-31T06:20:56Z [3,659ms] [Error] [carb] Failed to create change watch for `/home/j/env_isaaclab/lib/python3.11/site-packages/isaacsim/extsDeprecated/omni.isaac.sensor/config`: errno=28/No space left on device
2026-08-31T06:20:56Z [3,659ms] [Error] [carb] Failed to create change watch for `/home/j/env_isaaclab/lib/python3.11/site-packages/isaacsim/extsDeprecated/omni.isaac.sensor/omni`: errno=28/No space left on device
2026-08-31T06:20:56Z [3,659ms] [Error] [carb] Failed to create change watch for `/home/j/env_isaaclab/lib/python3.11/site-packages/isaacsim/extsDeprecated/omni.isaac.sensor/omni/isaac`: errno=28/No space left on device
2026-08-31T06:20:56Z [3,660ms] [Error] [carb] Failed to create change watch for `/home/j/env_isaaclab/lib/python3.11/site-packages/isaacsim/extsDeprecated/omni.isaac.sensor/omni/isaac/sensor`: errno=28/No space left on device
2026-08-31T06:20:56Z [3,660ms] [Error] [carb] Failed to create change watch for `/home/j/env_isaaclab/lib/python3.11/site-packages/isaacsim/extsDeprecated/omni.isaac.sensor/omni/isaac/sensor/tests`: errno=28/No space left on device
2026-08-31T06:20:56Z [3,660ms] [Error] [carb] Failed to create change watch for `/home/j/env_isaaclab/lib/python3.11/site-packages/isaacsim/extsDeprecated/omni.isaac.sensor/omni/isaac/sensor/scripts`: errno=28/No space left on device
2026-08-31T06:20:56Z [3,660ms] [Error] [carb] Failed to create change watch for `/home/j/env_isaaclab/lib/python3.11/site-packages/isaacsim/extsDeprecated/omni.isaac.sensor/omni/isaac/sensor/scripts/samples`: errno=28/No space left on device
2026-08-31T06:20:56Z [3,662ms] [Error] [carb] Failed to create change watch for `/home/j/env_isaaclab/lib/python3.11/site-packages/isaacsim/extscache/omni.kit.menu.create-2.0.1+69cbf6ad`: errno=28/No space left on device
[3.671s] [ext: omni.kit.widget.toolbar-2.0.1] startup
2026-08-31T06:20:56Z [3,662ms] [Error] [carb] Failed to create change watch for `/home/j/env_isaaclab/lib/python3.11/site-packages/isaacsim/extscache/omni.kit.menu.create-2.0.1+69cbf6ad/config`: errno=28/No space left on device
2026-08-31T06:20:56Z [3,662ms] [Error] [carb] Failed to create change watch for `/home/j/env_isaaclab/lib/python3.11/site-packages/isaacsim/extscache/omni.kit.menu.create-2.0.1+69cbf6ad/omni`: errno=28/No space left on device
2026-08-31T06:20:56Z [3,662ms] [Error] [carb] Failed to create change watch for `/home/j/env_isaaclab/lib/python3.11/site-packages/isaacsim/extscache/omni.kit.menu.create-2.0.1+69cbf6ad/omni/kit`: errno=28/No space left on device
2026-08-31T06:20:56Z [3,662ms] [Error] [carb] Failed to create change watch for `/home/j/env_isaaclab/lib/python3.11/site-packages/isaacsim/extscache/omni.kit.menu.create-2.0.1+69cbf6ad/omni/kit/menu`: errno=28/No space left on device
2026-08-31T06:20:56Z [3,662ms] [Error] [carb] Failed to create change watch for `/home/j/env_isaaclab/lib/python3.11/site-packages/isaacsim/extscache/omni.kit.menu.create-2.0.1+69cbf6ad/omni/kit/menu/create`: errno=28/No space left on device
2026-08-31T06:20:56Z [3,663ms] [Error] [carb] Failed to create change watch for `/home/j/env_isaaclab/lib/python3.11/site-packages/isaacsim/extscache/omni.kit.menu.create-2.0.1+69cbf6ad/omni/kit/menu/create/tests`: errno=28/No space left on device
[3.683s] [ext: omni.kit.manipulator.transform-107.0.0] startup
2026-08-31T06:20:56Z [3,674ms] [Error] [carb] Failed to create change watch for `/home/j/env_isaaclab/lib/python3.11/site-packages/isaacsim/extscache/omni.kit.widget.toolbar-2.0.1+69cbf6ad`: errno=28/No space left on device
2026-08-31T06:20:56Z [3,674ms] [Error] [carb] Failed to create change watch for `/home/j/env_isaaclab/lib/python3.11/site-packages/isaacsim/extscache/omni.kit.widget.toolbar-2.0.1+69cbf6ad/config`: errno=28/No space left on device
2026-08-31T06:20:56Z [3,674ms] [Error] [carb] Failed to create change watch for `/home/j/env_isaaclab/lib/python3.11/site-packages/isaacsim/extscache/omni.kit.widget.toolbar-2.0.1+69cbf6ad/omni`: errno=28/No space left on device
2026-08-31T06:20:56Z [3,674ms] [Error] [carb] Failed to create change watch for `/home/j/env_isaaclab/lib/python3.11/site-packages/isaacsim/extscache/omni.kit.widget.toolbar-2.0.1+69cbf6ad/omni/kit`: errno=28/No space left on device
2026-08-31T06:20:56Z [3,674ms] [Error] [carb] Failed to create change watch for `/home/j/env_isaaclab/lib/python3.11/site-packages/isaacsim/extscache/omni.kit.widget.toolbar-2.0.1+69cbf6ad/omni/kit/widget`: errno=28/No space left on device
2026-08-31T06:20:56Z [3,674ms] [Error] [carb] Failed to create change watch for `/home/j/env_isaaclab/lib/python3.11/site-packages/isaacsim/extscache/omni.kit.widget.toolbar-2.0.1+69cbf6ad/omni/kit/widget/toolbar`: errno=28/No space left on device
2026-08-31T06:20:56Z [3,674ms] [Error] [carb] Failed to create change watch for `/home/j/env_isaaclab/lib/python3.11/site-packages/isaacsim/extscache/omni.kit.widget.toolbar-2.0.1+69cbf6ad/omni/kit/widget/toolbar/tests`: errno=28/No space left on device
2026-08-31T06:20:56Z [3,674ms] [Error] [carb] Failed to create change watch for `/home/j/env_isaaclab/lib/python3.11/site-packages/isaacsim/extscache/omni.kit.widget.toolbar-2.0.1+69cbf6ad/omni/kit/widget/toolbar/builtin_tools`: errno=28/No space left on device
2026-08-31T06:20:56Z [3,674ms] [Error] [carb] Failed to create change watch for `/home/j/env_isaaclab/lib/python3.11/site-packages/isaacsim/extscache/omni.kit.widget.toolbar-2.0.1+69cbf6ad/omni/kit/widget/toolbar/builtin_tools/models`: errno=28/No space left on device
2026-08-31T06:20:56Z [3,677ms] [Error] [carb] Failed to create change watch for `/home/j/env_isaaclab/lib/python3.11/site-packages/isaacsim/extscache/omni.kit.manipulator.transform-107.0.0+69cbf6ad`: errno=28/No space left on device
[3.686s] [ext: omni.isaac.core-4.0.7] startup
2026-08-31T06:20:56Z [3,677ms] [Error] [carb] Failed to create change watch for `/home/j/env_isaaclab/lib/python3.11/site-packages/isaacsim/extscache/omni.kit.manipulator.transform-107.0.0+69cbf6ad/config`: errno=28/No space left on device
2026-08-31T06:20:56Z [3,677ms] [Error] [carb] Failed to create change watch for `/home/j/env_isaaclab/lib/python3.11/site-packages/isaacsim/extscache/omni.kit.manipulator.transform-107.0.0+69cbf6ad/omni`: errno=28/No space left on device
2026-08-31T06:20:56Z [3,677ms] [Error] [carb] Failed to create change watch for `/home/j/env_isaaclab/lib/python3.11/site-packages/isaacsim/extscache/omni.kit.manipulator.transform-107.0.0+69cbf6ad/omni/kit`: errno=28/No space left on device
2026-08-31T06:20:56Z [3,677ms] [Error] [carb] Failed to create change watch for `/home/j/env_isaaclab/lib/python3.11/site-packages/isaacsim/extscache/omni.kit.manipulator.transform-107.0.0+69cbf6ad/omni/kit/manipulator`: errno=28/No space left on device
2026-08-31T06:20:56Z [3,677ms] [Error] [carb] Failed to create change watch for `/home/j/env_isaaclab/lib/python3.11/site-packages/isaacsim/extscache/omni.kit.manipulator.transform-107.0.0+69cbf6ad/omni/kit/manipulator/transform`: errno=28/No space left on device
2026-08-31T06:20:56Z [3,677ms] [Error] [carb] Failed to create change watch for `/home/j/env_isaaclab/lib/python3.11/site-packages/isaacsim/extscache/omni.kit.manipulator.transform-107.0.0+69cbf6ad/omni/kit/manipulator/transform/tests`: errno=28/No space left on device
2026-08-31T06:20:56Z [3,677ms] [Warning] [omni.isaac.core.physics_context.physics_context] omni.isaac.core.physics_context.physics_context has been deprecated in favor of isaacsim.core.api.physics_context.physics_context. Please update your code accordingly.
2026-08-31T06:20:56Z [3,677ms] [Warning] [omni.isaac.core.simulation_context.simulation_context] omni.isaac.core.simulation_context.simulation_context has been deprecated in favor of isaacsim.core.api.simulation_context.simulation_context. Please update your code accordingly.
2026-08-31T06:20:56Z [3,678ms] [Warning] [omni.isaac.core.world.world] omni.isaac.core.world.world has been deprecated in favor of isaacsim.core.api.world.world. Please update your code accordingly.
2026-08-31T06:20:56Z [3,678ms] [Warning] [omni.isaac.core] omni.isaac.core has been deprecated in favor of isaacsim.core.api. Please update your code accordingly.
2026-08-31T06:20:56Z [3,678ms] [Error] [carb] Failed to create change watch for `/home/j/env_isaaclab/lib/python3.11/site-packages/isaacsim/extsDeprecated/omni.isaac.core`: errno=28/No space left on device
[3.687s] [ext: omni.kit.scripting-107.3.2] startup
2026-08-31T06:20:56Z [3,678ms] [Error] [carb] Failed to create change watch for `/home/j/env_isaaclab/lib/python3.11/site-packages/isaacsim/extsDeprecated/omni.isaac.core/config`: errno=28/No space left on device
2026-08-31T06:20:56Z [3,679ms] [Error] [carb] Failed to create change watch for `/home/j/env_isaaclab/lib/python3.11/site-packages/isaacsim/extsDeprecated/omni.isaac.core/omni`: errno=28/No space left on device
2026-08-31T06:20:56Z [3,679ms] [Error] [carb] Failed to create change watch for `/home/j/env_isaaclab/lib/python3.11/site-packages/isaacsim/extsDeprecated/omni.isaac.core/omni/isaac`: errno=28/No space left on device
2026-08-31T06:20:56Z [3,679ms] [Error] [carb] Failed to create change watch for `/home/j/env_isaaclab/lib/python3.11/site-packages/isaacsim/extsDeprecated/omni.isaac.core/omni/isaac/core`: errno=28/No space left on device
2026-08-31T06:20:56Z [3,679ms] [Error] [carb] Failed to create change watch for `/home/j/env_isaaclab/lib/python3.11/site-packages/isaacsim/extsDeprecated/omni.isaac.core/omni/isaac/core/utils`: errno=28/No space left on device
2026-08-31T06:20:56Z [3,679ms] [Error] [carb] Failed to create change watch for `/home/j/env_isaaclab/lib/python3.11/site-packages/isaacsim/extsDeprecated/omni.isaac.core/omni/isaac/core/utils/torch`: errno=28/No space left on device
2026-08-31T06:20:56Z [3,679ms] [Error] [carb] Failed to create change watch for `/home/j/env_isaaclab/lib/python3.11/site-packages/isaacsim/extsDeprecated/omni.isaac.core/omni/isaac/core/utils/warp`: errno=28/No space left on device
2026-08-31T06:20:56Z [3,679ms] [Error] [carb] Failed to create change watch for `/home/j/env_isaaclab/lib/python3.11/site-packages/isaacsim/extsDeprecated/omni.isaac.core/omni/isaac/core/utils/numpy`: errno=28/No space left on device
2026-08-31T06:20:56Z [3,679ms] [Error] [carb] Failed to create change watch for `/home/j/env_isaaclab/lib/python3.11/site-packages/isaacsim/extsDeprecated/omni.isaac.core/omni/isaac/core/tests`: errno=28/No space left on device
2026-08-31T06:20:56Z [3,679ms] [Error] [carb] Failed to create change watch for `/home/j/env_isaaclab/lib/python3.11/site-packages/isaacsim/extsDeprecated/omni.isaac.core/omni/isaac/core/scenes`: errno=28/No space left on device
2026-08-31T06:20:56Z [3,679ms] [Error] [carb] Failed to create change watch for `/home/j/env_isaaclab/lib/python3.11/site-packages/isaacsim/extsDeprecated/omni.isaac.core/omni/isaac/core/controllers`: errno=28/No space left on device
2026-08-31T06:20:56Z [3,679ms] [Error] [carb] Failed to create change watch for `/home/j/env_isaaclab/lib/python3.11/site-packages/isaacsim/extsDeprecated/omni.isaac.core/omni/isaac/core/world`: errno=28/No space left on device
2026-08-31T06:20:56Z [3,679ms] [Error] [carb] Failed to create change watch for `/home/j/env_isaaclab/lib/python3.11/site-packages/isaacsim/extsDeprecated/omni.isaac.core/omni/isaac/core/materials`: errno=28/No space left on device
2026-08-31T06:20:56Z [3,679ms] [Error] [carb] Failed to create change watch for `/home/j/env_isaaclab/lib/python3.11/site-packages/isaacsim/extsDeprecated/omni.isaac.core/omni/isaac/core/simulation_context`: errno=28/No space left on device
2026-08-31T06:20:56Z [3,679ms] [Error] [carb] Failed to create change watch for `/home/j/env_isaaclab/lib/python3.11/site-packages/isaacsim/extsDeprecated/omni.isaac.core/omni/isaac/core/loggers`: errno=28/No space left on device
2026-08-31T06:20:56Z [3,679ms] [Error] [carb] Failed to create change watch for `/home/j/env_isaaclab/lib/python3.11/site-packages/isaacsim/extsDeprecated/omni.isaac.core/omni/isaac/core/robots`: errno=28/No space left on device
2026-08-31T06:20:56Z [3,679ms] [Error] [carb] Failed to create change watch for `/home/j/env_isaaclab/lib/python3.11/site-packages/isaacsim/extsDeprecated/omni.isaac.core/omni/isaac/core/prims`: errno=28/No space left on device
2026-08-31T06:20:56Z [3,679ms] [Error] [carb] Failed to create change watch for `/home/j/env_isaaclab/lib/python3.11/site-packages/isaacsim/extsDeprecated/omni.isaac.core/omni/isaac/core/prims/soft`: errno=28/No space left on device
2026-08-31T06:20:56Z [3,679ms] [Error] [carb] Failed to create change watch for `/home/j/env_isaaclab/lib/python3.11/site-packages/isaacsim/extsDeprecated/omni.isaac.core/omni/isaac/core/articulations`: errno=28/No space left on device
2026-08-31T06:20:56Z [3,679ms] [Error] [carb] Failed to create change watch for `/home/j/env_isaaclab/lib/python3.11/site-packages/isaacsim/extsDeprecated/omni.isaac.core/omni/isaac/core/tasks`: errno=28/No space left on device
2026-08-31T06:20:56Z [3,679ms] [Error] [carb] Failed to create change watch for `/home/j/env_isaaclab/lib/python3.11/site-packages/isaacsim/extsDeprecated/omni.isaac.core/omni/isaac/core/physics_context`: errno=28/No space left on device
2026-08-31T06:20:56Z [3,679ms] [Error] [carb] Failed to create change watch for `/home/j/env_isaaclab/lib/python3.11/site-packages/isaacsim/extsDeprecated/omni.isaac.core/omni/isaac/core/objects`: errno=28/No space left on device
2026-08-31T06:20:56Z [3,683ms] [Error] [carb] Failed to create change watch for `/home/j/env_isaaclab/lib/python3.11/site-packages/isaacsim/extscache/omni.kit.scripting-107.3.2+107.3.2`: errno=28/No space left on device
[3.692s] [ext: omni.kit.manipulator.tool.snap-1.5.13] startup
2026-08-31T06:20:56Z [3,683ms] [Error] [carb] Failed to create change watch for `/home/j/env_isaaclab/lib/python3.11/site-packages/isaacsim/extscache/omni.kit.scripting-107.3.2+107.3.2/config`: errno=28/No space left on device
2026-08-31T06:20:56Z [3,683ms] [Error] [carb] Failed to create change watch for `/home/j/env_isaaclab/lib/python3.11/site-packages/isaacsim/extscache/omni.kit.scripting-107.3.2+107.3.2/omni`: errno=28/No space left on device
2026-08-31T06:20:56Z [3,683ms] [Error] [carb] Failed to create change watch for `/home/j/env_isaaclab/lib/python3.11/site-packages/isaacsim/extscache/omni.kit.scripting-107.3.2+107.3.2/omni/kit`: errno=28/No space left on device
2026-08-31T06:20:56Z [3,683ms] [Error] [carb] Failed to create change watch for `/home/j/env_isaaclab/lib/python3.11/site-packages/isaacsim/extscache/omni.kit.scripting-107.3.2+107.3.2/omni/kit/scripting`: errno=28/No space left on device
2026-08-31T06:20:56Z [3,683ms] [Error] [carb] Failed to create change watch for `/home/j/env_isaaclab/lib/python3.11/site-packages/isaacsim/extscache/omni.kit.scripting-107.3.2+107.3.2/omni/kit/scripting/tests`: errno=28/No space left on device
2026-08-31T06:20:56Z [3,683ms] [Error] [carb] Failed to create change watch for `/home/j/env_isaaclab/lib/python3.11/site-packages/isaacsim/extscache/omni.kit.scripting-107.3.2+107.3.2/omni/kit/scripting/scripts`: errno=28/No space left on device
2026-08-31T06:20:56Z [3,683ms] [Error] [carb] Failed to create change watch for `/home/j/env_isaaclab/lib/python3.11/site-packages/isaacsim/extscache/omni.kit.scripting-107.3.2+107.3.2/omni/kit/scripting/scripts/loader`: errno=28/No space left on device
[3.696s] [ext: omni.kit.manipulator.selector-1.1.3] startup
2026-08-31T06:20:56Z [3,687ms] [Error] [carb] Failed to create change watch for `/home/j/env_isaaclab/lib/python3.11/site-packages/isaacsim/extscache/omni.kit.manipulator.tool.snap-1.5.13+69cbf6ad`: errno=28/No space left on device
2026-08-31T06:20:56Z [3,687ms] [Error] [carb] Failed to create change watch for `/home/j/env_isaaclab/lib/python3.11/site-packages/isaacsim/extscache/omni.kit.manipulator.tool.snap-1.5.13+69cbf6ad/config`: errno=28/No space left on device
2026-08-31T06:20:56Z [3,687ms] [Error] [carb] Failed to create change watch for `/home/j/env_isaaclab/lib/python3.11/site-packages/isaacsim/extscache/omni.kit.manipulator.tool.snap-1.5.13+69cbf6ad/omni`: errno=28/No space left on device
2026-08-31T06:20:56Z [3,687ms] [Error] [carb] Failed to create change watch for `/home/j/env_isaaclab/lib/python3.11/site-packages/isaacsim/extscache/omni.kit.manipulator.tool.snap-1.5.13+69cbf6ad/omni/kit`: errno=28/No space left on device
2026-08-31T06:20:56Z [3,687ms] [Error] [carb] Failed to create change watch for `/home/j/env_isaaclab/lib/python3.11/site-packages/isaacsim/extscache/omni.kit.manipulator.tool.snap-1.5.13+69cbf6ad/omni/kit/manipulator`: errno=28/No space left on device
2026-08-31T06:20:56Z [3,687ms] [Error] [carb] Failed to create change watch for `/home/j/env_isaaclab/lib/python3.11/site-packages/isaacsim/extscache/omni.kit.manipulator.tool.snap-1.5.13+69cbf6ad/omni/kit/manipulator/tool`: errno=28/No space left on device
2026-08-31T06:20:56Z [3,687ms] [Error] [carb] Failed to create change watch for `/home/j/env_isaaclab/lib/python3.11/site-packages/isaacsim/extscache/omni.kit.manipulator.tool.snap-1.5.13+69cbf6ad/omni/kit/manipulator/tool/snap`: errno=28/No space left on device
2026-08-31T06:20:56Z [3,687ms] [Error] [carb] Failed to create change watch for `/home/j/env_isaaclab/lib/python3.11/site-packages/isaacsim/extscache/omni.kit.manipulator.tool.snap-1.5.13+69cbf6ad/omni/kit/manipulator/tool/snap/tests`: errno=28/No space left on device
2026-08-31T06:20:56Z [3,688ms] [Error] [carb] Failed to create change watch for `/home/j/env_isaaclab/lib/python3.11/site-packages/isaacsim/extscache/omni.kit.manipulator.selector-1.1.3+69cbf6ad`: errno=28/No space left on device
[3.697s] [ext: isaacsim.app.about-2.0.11] startup
2026-08-31T06:20:56Z [3,688ms] [Error] [carb] Failed to create change watch for `/home/j/env_isaaclab/lib/python3.11/site-packages/isaacsim/extscache/omni.kit.manipulator.selector-1.1.3+69cbf6ad/config`: errno=28/No space left on device
2026-08-31T06:20:56Z [3,688ms] [Error] [carb] Failed to create change watch for `/home/j/env_isaaclab/lib/python3.11/site-packages/isaacsim/extscache/omni.kit.manipulator.selector-1.1.3+69cbf6ad/omni`: errno=28/No space left on device
2026-08-31T06:20:56Z [3,688ms] [Error] [carb] Failed to create change watch for `/home/j/env_isaaclab/lib/python3.11/site-packages/isaacsim/extscache/omni.kit.manipulator.selector-1.1.3+69cbf6ad/omni/kit`: errno=28/No space left on device
2026-08-31T06:20:56Z [3,688ms] [Error] [carb] Failed to create change watch for `/home/j/env_isaaclab/lib/python3.11/site-packages/isaacsim/extscache/omni.kit.manipulator.selector-1.1.3+69cbf6ad/omni/kit/manipulator`: errno=28/No space left on device
2026-08-31T06:20:56Z [3,688ms] [Error] [carb] Failed to create change watch for `/home/j/env_isaaclab/lib/python3.11/site-packages/isaacsim/extscache/omni.kit.manipulator.selector-1.1.3+69cbf6ad/omni/kit/manipulator/selector`: errno=28/No space left on device
2026-08-31T06:20:56Z [3,688ms] [Error] [carb] Failed to create change watch for `/home/j/env_isaaclab/lib/python3.11/site-packages/isaacsim/extscache/omni.kit.manipulator.selector-1.1.3+69cbf6ad/omni/kit/manipulator/selector/tests`: errno=28/No space left on device
[3.701s] [ext: isaacsim.replicator.behavior-1.1.16] startup
2026-08-31T06:20:56Z [3,692ms] [Error] [carb] Failed to create change watch for `/home/j/env_isaaclab/lib/python3.11/site-packages/isaacsim/exts/isaacsim.app.about`: errno=28/No space left on device
2026-08-31T06:20:56Z [3,692ms] [Error] [carb] Failed to create change watch for `/home/j/env_isaaclab/lib/python3.11/site-packages/isaacsim/exts/isaacsim.app.about/config`: errno=28/No space left on device
2026-08-31T06:20:56Z [3,692ms] [Error] [carb] Failed to create change watch for `/home/j/env_isaaclab/lib/python3.11/site-packages/isaacsim/exts/isaacsim.app.about/isaacsim`: errno=28/No space left on device
2026-08-31T06:20:56Z [3,692ms] [Error] [carb] Failed to create change watch for `/home/j/env_isaaclab/lib/python3.11/site-packages/isaacsim/exts/isaacsim.app.about/isaacsim/app`: errno=28/No space left on device
2026-08-31T06:20:56Z [3,693ms] [Error] [carb] Failed to create change watch for `/home/j/env_isaaclab/lib/python3.11/site-packages/isaacsim/exts/isaacsim.app.about/isaacsim/app/about`: errno=28/No space left on device
2026-08-31T06:20:56Z [3,693ms] [Error] [carb] Failed to create change watch for `/home/j/env_isaaclab/lib/python3.11/site-packages/isaacsim/exts/isaacsim.app.about/isaacsim/app/about/tests`: errno=28/No space left on device
2026-08-31T06:20:56Z [3,693ms] [Error] [carb] Failed to create change watch for `/home/j/env_isaaclab/lib/python3.11/site-packages/isaacsim/exts/isaacsim.replicator.behavior`: errno=28/No space left on device
2026-08-31T06:20:56Z [3,693ms] [Error] [carb] Failed to create change watch for `/home/j/env_isaaclab/lib/python3.11/site-packages/isaacsim/exts/isaacsim.replicator.behavior/config`: errno=28/No space left on device
[3.702s] [ext: omni.kit.viewport.manipulator.transform-107.0.4] startup
2026-08-31T06:20:56Z [3,693ms] [Error] [carb] Failed to create change watch for `/home/j/env_isaaclab/lib/python3.11/site-packages/isaacsim/exts/isaacsim.replicator.behavior/isaacsim`: errno=28/No space left on device
2026-08-31T06:20:56Z [3,693ms] [Error] [carb] Failed to create change watch for `/home/j/env_isaaclab/lib/python3.11/site-packages/isaacsim/exts/isaacsim.replicator.behavior/isaacsim/replicator`: errno=28/No space left on device
2026-08-31T06:20:56Z [3,693ms] [Error] [carb] Failed to create change watch for `/home/j/env_isaaclab/lib/python3.11/site-packages/isaacsim/exts/isaacsim.replicator.behavior/isaacsim/replicator/behavior`: errno=28/No space left on device
2026-08-31T06:20:56Z [3,693ms] [Error] [carb] Failed to create change watch for `/home/j/env_isaaclab/lib/python3.11/site-packages/isaacsim/exts/isaacsim.replicator.behavior/isaacsim/replicator/behavior/utils`: errno=28/No space left on device
2026-08-31T06:20:56Z [3,693ms] [Error] [carb] Failed to create change watch for `/home/j/env_isaaclab/lib/python3.11/site-packages/isaacsim/exts/isaacsim.replicator.behavior/isaacsim/replicator/behavior/tests`: errno=28/No space left on device
2026-08-31T06:20:56Z [3,693ms] [Error] [carb] Failed to create change watch for `/home/j/env_isaaclab/lib/python3.11/site-packages/isaacsim/exts/isaacsim.replicator.behavior/isaacsim/replicator/behavior/tests/data`: errno=28/No space left on device
2026-08-31T06:20:56Z [3,693ms] [Error] [carb] Failed to create change watch for `/home/j/env_isaaclab/lib/python3.11/site-packages/isaacsim/exts/isaacsim.replicator.behavior/isaacsim/replicator/behavior/tests/data/golden`: errno=28/No space left on device
2026-08-31T06:20:56Z [3,694ms] [Error] [carb] Failed to create change watch for `/home/j/env_isaaclab/lib/python3.11/site-packages/isaacsim/exts/isaacsim.replicator.behavior/isaacsim/replicator/behavior/tests/data/golden/_out_behaviors_sdg`: errno=28/No space left on device
2026-08-31T06:20:56Z [3,694ms] [Error] [carb] Failed to create change watch for `/home/j/env_isaaclab/lib/python3.11/site-packages/isaacsim/exts/isaacsim.replicator.behavior/isaacsim/replicator/behavior/tests/data/golden/_out_behaviors_sdg/linux`: errno=28/No space left on device
2026-08-31T06:20:56Z [3,694ms] [Error] [carb] Failed to create change watch for `/home/j/env_isaaclab/lib/python3.11/site-packages/isaacsim/exts/isaacsim.replicator.behavior/isaacsim/replicator/behavior/tests/data/golden/_out_behaviors_sdg/windows`: errno=28/No space left on device
2026-08-31T06:20:56Z [3,694ms] [Error] [carb] Failed to create change watch for `/home/j/env_isaaclab/lib/python3.11/site-packages/isaacsim/exts/isaacsim.replicator.behavior/isaacsim/replicator/behavior/behaviors`: errno=28/No space left on device
2026-08-31T06:20:56Z [3,695ms] [Error] [carb] Failed to create change watch for `/home/j/env_isaaclab/lib/python3.11/site-packages/isaacsim/extscache/omni.kit.viewport.manipulator.transform-107.0.4+69cbf6ad`: errno=28/No space left on device
2026-08-31T06:20:56Z [3,695ms] [Error] [carb] Failed to create change watch for `/home/j/env_isaaclab/lib/python3.11/site-packages/isaacsim/extscache/omni.kit.viewport.manipulator.transform-107.0.4+69cbf6ad/config`: errno=28/No space left on device
[3.704s] [ext: omni.isaac.window.about-2.0.7] startup
2026-08-31T06:20:56Z [3,695ms] [Error] [carb] Failed to create change watch for `/home/j/env_isaaclab/lib/python3.11/site-packages/isaacsim/extscache/omni.kit.viewport.manipulator.transform-107.0.4+69cbf6ad/omni`: errno=28/No space left on device
2026-08-31T06:20:56Z [3,695ms] [Error] [carb] Failed to create change watch for `/home/j/env_isaaclab/lib/python3.11/site-packages/isaacsim/extscache/omni.kit.viewport.manipulator.transform-107.0.4+69cbf6ad/omni/kit`: errno=28/No space left on device
2026-08-31T06:20:56Z [3,695ms] [Error] [carb] Failed to create change watch for `/home/j/env_isaaclab/lib/python3.11/site-packages/isaacsim/extscache/omni.kit.viewport.manipulator.transform-107.0.4+69cbf6ad/omni/kit/viewport`: errno=28/No space left on device
2026-08-31T06:20:56Z [3,695ms] [Error] [carb] Failed to create change watch for `/home/j/env_isaaclab/lib/python3.11/site-packages/isaacsim/extscache/omni.kit.viewport.manipulator.transform-107.0.4+69cbf6ad/omni/kit/viewport/manipulator`: errno=28/No space left on device
2026-08-31T06:20:56Z [3,695ms] [Error] [carb] Failed to create change watch for `/home/j/env_isaaclab/lib/python3.11/site-packages/isaacsim/extscache/omni.kit.viewport.manipulator.transform-107.0.4+69cbf6ad/omni/kit/viewport/manipulator/transform`: errno=28/No space left on device
2026-08-31T06:20:56Z [3,695ms] [Error] [carb] Failed to create change watch for `/home/j/env_isaaclab/lib/python3.11/site-packages/isaacsim/extscache/omni.kit.viewport.manipulator.transform-107.0.4+69cbf6ad/omni/kit/viewport/manipulator/transform/tests`: errno=28/No space left on device
2026-08-31T06:20:56Z [3,697ms] [Warning] [omni.isaac.window.about] omni.isaac.window.about has been deprecated in favor of isaacsim.app.about. Please update your code accordingly.
2026-08-31T06:20:56Z [3,697ms] [Warning] [omni.isaac.window.about.about] omni.isaac.window.about.about has been deprecated in favor of isaacsim.app.about.about. Please update your code accordingly.
[3.706s] [ext: omni.fabric.commands-1.1.6] startup
2026-08-31T06:20:56Z [3,697ms] [Error] [carb] Failed to create change watch for `/home/j/env_isaaclab/lib/python3.11/site-packages/isaacsim/extsDeprecated/omni.isaac.window.about`: errno=28/No space left on device
2026-08-31T06:20:56Z [3,697ms] [Error] [carb] Failed to create change watch for `/home/j/env_isaaclab/lib/python3.11/site-packages/isaacsim/extsDeprecated/omni.isaac.window.about/config`: errno=28/No space left on device
2026-08-31T06:20:56Z [3,697ms] [Error] [carb] Failed to create change watch for `/home/j/env_isaaclab/lib/python3.11/site-packages/isaacsim/extsDeprecated/omni.isaac.window.about/omni`: errno=28/No space left on device
2026-08-31T06:20:56Z [3,697ms] [Error] [carb] Failed to create change watch for `/home/j/env_isaaclab/lib/python3.11/site-packages/isaacsim/extsDeprecated/omni.isaac.window.about/omni/isaac`: errno=28/No space left on device
2026-08-31T06:20:56Z [3,697ms] [Error] [carb] Failed to create change watch for `/home/j/env_isaaclab/lib/python3.11/site-packages/isaacsim/extsDeprecated/omni.isaac.window.about/omni/isaac/window`: errno=28/No space left on device
2026-08-31T06:20:56Z [3,697ms] [Error] [carb] Failed to create change watch for `/home/j/env_isaaclab/lib/python3.11/site-packages/isaacsim/extsDeprecated/omni.isaac.window.about/omni/isaac/window/about`: errno=28/No space left on device
2026-08-31T06:20:56Z [3,697ms] [Error] [carb] Failed to create change watch for `/home/j/env_isaaclab/lib/python3.11/site-packages/isaacsim/extsDeprecated/omni.isaac.window.about/omni/isaac/window/about/tests`: errno=28/No space left on device
2026-08-31T06:20:56Z [3,699ms] [Error] [carb] Failed to create change watch for `/home/j/env_isaaclab/lib/python3.11/site-packages/isaacsim/extscache/omni.fabric.commands-1.1.6+69cbf6ad.lx64.r.cp311`: errno=28/No space left on device
[3.708s] [ext: omni.kit.manipulator.prim.core-107.0.8] startup
2026-08-31T06:20:56Z [3,699ms] [Error] [carb] Failed to create change watch for `/home/j/env_isaaclab/lib/python3.11/site-packages/isaacsim/extscache/omni.fabric.commands-1.1.6+69cbf6ad.lx64.r.cp311/config`: errno=28/No space left on device
2026-08-31T06:20:56Z [3,699ms] [Error] [carb] Failed to create change watch for `/home/j/env_isaaclab/lib/python3.11/site-packages/isaacsim/extscache/omni.fabric.commands-1.1.6+69cbf6ad.lx64.r.cp311/omni`: errno=28/No space left on device
2026-08-31T06:20:56Z [3,699ms] [Error] [carb] Failed to create change watch for `/home/j/env_isaaclab/lib/python3.11/site-packages/isaacsim/extscache/omni.fabric.commands-1.1.6+69cbf6ad.lx64.r.cp311/omni/fabric`: errno=28/No space left on device
2026-08-31T06:20:56Z [3,699ms] [Error] [carb] Failed to create change watch for `/home/j/env_isaaclab/lib/python3.11/site-packages/isaacsim/extscache/omni.fabric.commands-1.1.6+69cbf6ad.lx64.r.cp311/omni/fabric/commands`: errno=28/No space left on device
2026-08-31T06:20:56Z [3,699ms] [Error] [carb] Failed to create change watch for `/home/j/env_isaaclab/lib/python3.11/site-packages/isaacsim/extscache/omni.fabric.commands-1.1.6+69cbf6ad.lx64.r.cp311/omni/fabric/commands/tests`: errno=28/No space left on device
2026-08-31T06:20:56Z [3,699ms] [Error] [carb] Failed to create change watch for `/home/j/env_isaaclab/lib/python3.11/site-packages/isaacsim/extscache/omni.fabric.commands-1.1.6+69cbf6ad.lx64.r.cp311/omni/fabric/commands/scripts`: errno=28/No space left on device
2026-08-31T06:20:56Z [3,704ms] [Error] [carb] Failed to create change watch for `/home/j/env_isaaclab/lib/python3.11/site-packages/isaacsim/extscache/omni.kit.manipulator.prim.core-107.0.8+69cbf6ad`: errno=28/No space left on device
2026-08-31T06:20:56Z [3,704ms] [Error] [carb] Failed to create change watch for `/home/j/env_isaaclab/lib/python3.11/site-packages/isaacsim/extscache/omni.kit.manipulator.prim.core-107.0.8+69cbf6ad/config`: errno=28/No space left on device
[3.713s] [ext: omni.kit.property.audio-1.0.16] startup
2026-08-31T06:20:56Z [3,704ms] [Error] [carb] Failed to create change watch for `/home/j/env_isaaclab/lib/python3.11/site-packages/isaacsim/extscache/omni.kit.manipulator.prim.core-107.0.8+69cbf6ad/omni`: errno=28/No space left on device
2026-08-31T06:20:56Z [3,704ms] [Error] [carb] Failed to create change watch for `/home/j/env_isaaclab/lib/python3.11/site-packages/isaacsim/extscache/omni.kit.manipulator.prim.core-107.0.8+69cbf6ad/omni/kit`: errno=28/No space left on device
2026-08-31T06:20:56Z [3,704ms] [Error] [carb] Failed to create change watch for `/home/j/env_isaaclab/lib/python3.11/site-packages/isaacsim/extscache/omni.kit.manipulator.prim.core-107.0.8+69cbf6ad/omni/kit/manipulator`: errno=28/No space left on device
2026-08-31T06:20:56Z [3,704ms] [Error] [carb] Failed to create change watch for `/home/j/env_isaaclab/lib/python3.11/site-packages/isaacsim/extscache/omni.kit.manipulator.prim.core-107.0.8+69cbf6ad/omni/kit/manipulator/prim`: errno=28/No space left on device
2026-08-31T06:20:56Z [3,704ms] [Error] [carb] Failed to create change watch for `/home/j/env_isaaclab/lib/python3.11/site-packages/isaacsim/extscache/omni.kit.manipulator.prim.core-107.0.8+69cbf6ad/omni/kit/manipulator/prim/core`: errno=28/No space left on device
2026-08-31T06:20:56Z [3,704ms] [Error] [carb] Failed to create change watch for `/home/j/env_isaaclab/lib/python3.11/site-packages/isaacsim/extscache/omni.kit.manipulator.prim.core-107.0.8+69cbf6ad/omni/kit/manipulator/prim/core/tests`: errno=28/No space left on device
2026-08-31T06:20:56Z [3,706ms] [Error] [carb] Failed to create change watch for `/home/j/env_isaaclab/lib/python3.11/site-packages/isaacsim/extscache/omni.kit.property.audio-1.0.16+69cbf6ad`: errno=28/No space left on device
[3.715s] [ext: omni.kit.property.camera-1.0.10] startup
2026-08-31T06:20:56Z [3,706ms] [Error] [carb] Failed to create change watch for `/home/j/env_isaaclab/lib/python3.11/site-packages/isaacsim/extscache/omni.kit.property.audio-1.0.16+69cbf6ad/config`: errno=28/No space left on device
2026-08-31T06:20:56Z [3,706ms] [Error] [carb] Failed to create change watch for `/home/j/env_isaaclab/lib/python3.11/site-packages/isaacsim/extscache/omni.kit.property.audio-1.0.16+69cbf6ad/omni`: errno=28/No space left on device
2026-08-31T06:20:56Z [3,706ms] [Error] [carb] Failed to create change watch for `/home/j/env_isaaclab/lib/python3.11/site-packages/isaacsim/extscache/omni.kit.property.audio-1.0.16+69cbf6ad/omni/kit`: errno=28/No space left on device
2026-08-31T06:20:56Z [3,706ms] [Error] [carb] Failed to create change watch for `/home/j/env_isaaclab/lib/python3.11/site-packages/isaacsim/extscache/omni.kit.property.audio-1.0.16+69cbf6ad/omni/kit/property`: errno=28/No space left on device
2026-08-31T06:20:56Z [3,706ms] [Error] [carb] Failed to create change watch for `/home/j/env_isaaclab/lib/python3.11/site-packages/isaacsim/extscache/omni.kit.property.audio-1.0.16+69cbf6ad/omni/kit/property/audio`: errno=28/No space left on device
2026-08-31T06:20:56Z [3,706ms] [Error] [carb] Failed to create change watch for `/home/j/env_isaaclab/lib/python3.11/site-packages/isaacsim/extscache/omni.kit.property.audio-1.0.16+69cbf6ad/omni/kit/property/audio/tests`: errno=28/No space left on device
2026-08-31T06:20:56Z [3,706ms] [Error] [carb] Failed to create change watch for `/home/j/env_isaaclab/lib/python3.11/site-packages/isaacsim/extscache/omni.kit.property.audio-1.0.16+69cbf6ad/omni/kit/property/audio/scripts`: errno=28/No space left on device
2026-08-31T06:20:56Z [3,707ms] [Error] [carb] Failed to create change watch for `/home/j/env_isaaclab/lib/python3.11/site-packages/isaacsim/extscache/omni.kit.property.camera-1.0.10+69cbf6ad`: errno=28/No space left on device
[3.716s] [ext: omni.kit.property.geometry-2.0.4] startup
2026-08-31T06:20:56Z [3,707ms] [Error] [carb] Failed to create change watch for `/home/j/env_isaaclab/lib/python3.11/site-packages/isaacsim/extscache/omni.kit.property.camera-1.0.10+69cbf6ad/config`: errno=28/No space left on device
2026-08-31T06:20:56Z [3,707ms] [Error] [carb] Failed to create change watch for `/home/j/env_isaaclab/lib/python3.11/site-packages/isaacsim/extscache/omni.kit.property.camera-1.0.10+69cbf6ad/omni`: errno=28/No space left on device
2026-08-31T06:20:56Z [3,707ms] [Error] [carb] Failed to create change watch for `/home/j/env_isaaclab/lib/python3.11/site-packages/isaacsim/extscache/omni.kit.property.camera-1.0.10+69cbf6ad/omni/kit`: errno=28/No space left on device
2026-08-31T06:20:56Z [3,707ms] [Error] [carb] Failed to create change watch for `/home/j/env_isaaclab/lib/python3.11/site-packages/isaacsim/extscache/omni.kit.property.camera-1.0.10+69cbf6ad/omni/kit/property`: errno=28/No space left on device
2026-08-31T06:20:56Z [3,707ms] [Error] [carb] Failed to create change watch for `/home/j/env_isaaclab/lib/python3.11/site-packages/isaacsim/extscache/omni.kit.property.camera-1.0.10+69cbf6ad/omni/kit/property/camera`: errno=28/No space left on device
2026-08-31T06:20:56Z [3,707ms] [Error] [carb] Failed to create change watch for `/home/j/env_isaaclab/lib/python3.11/site-packages/isaacsim/extscache/omni.kit.property.camera-1.0.10+69cbf6ad/omni/kit/property/camera/tests`: errno=28/No space left on device
2026-08-31T06:20:56Z [3,707ms] [Error] [carb] Failed to create change watch for `/home/j/env_isaaclab/lib/python3.11/site-packages/isaacsim/extscache/omni.kit.property.camera-1.0.10+69cbf6ad/omni/kit/property/camera/scripts`: errno=28/No space left on device
2026-08-31T06:20:56Z [3,710ms] [Error] [carb] Failed to create change watch for `/home/j/env_isaaclab/lib/python3.11/site-packages/isaacsim/extscache/omni.kit.property.geometry-2.0.4+69cbf6ad`: errno=28/No space left on device
[3.719s] [ext: omni.hydra.scene_api-0.1.2] startup
2026-08-31T06:20:56Z [3,710ms] [Error] [carb] Failed to create change watch for `/home/j/env_isaaclab/lib/python3.11/site-packages/isaacsim/extscache/omni.kit.property.geometry-2.0.4+69cbf6ad/config`: errno=28/No space left on device
2026-08-31T06:20:56Z [3,710ms] [Error] [carb] Failed to create change watch for `/home/j/env_isaaclab/lib/python3.11/site-packages/isaacsim/extscache/omni.kit.property.geometry-2.0.4+69cbf6ad/omni`: errno=28/No space left on device
2026-08-31T06:20:56Z [3,710ms] [Error] [carb] Failed to create change watch for `/home/j/env_isaaclab/lib/python3.11/site-packages/isaacsim/extscache/omni.kit.property.geometry-2.0.4+69cbf6ad/omni/kit`: errno=28/No space left on device
2026-08-31T06:20:56Z [3,710ms] [Error] [carb] Failed to create change watch for `/home/j/env_isaaclab/lib/python3.11/site-packages/isaacsim/extscache/omni.kit.property.geometry-2.0.4+69cbf6ad/omni/kit/property`: errno=28/No space left on device
2026-08-31T06:20:56Z [3,710ms] [Error] [carb] Failed to create change watch for `/home/j/env_isaaclab/lib/python3.11/site-packages/isaacsim/extscache/omni.kit.property.geometry-2.0.4+69cbf6ad/omni/kit/property/geometry`: errno=28/No space left on device
2026-08-31T06:20:56Z [3,710ms] [Error] [carb] Failed to create change watch for `/home/j/env_isaaclab/lib/python3.11/site-packages/isaacsim/extscache/omni.kit.property.geometry-2.0.4+69cbf6ad/omni/kit/property/geometry/tests`: errno=28/No space left on device
2026-08-31T06:20:56Z [3,710ms] [Error] [carb] Failed to create change watch for `/home/j/env_isaaclab/lib/python3.11/site-packages/isaacsim/extscache/omni.kit.property.geometry-2.0.4+69cbf6ad/omni/kit/property/geometry/scripts`: errno=28/No space left on device
2026-08-31T06:20:56Z [3,713ms] [Error] [carb] Failed to create change watch for `/home/j/env_isaaclab/lib/python3.11/site-packages/isaacsim/extscache/omni.hydra.scene_api-0.1.2+69cbf6ad.lx64.r.cp311`: errno=28/No space left on device
[3.723s] [ext: omni.kit.property.light-1.0.12] startup
2026-08-31T06:20:56Z [3,713ms] [Error] [carb] Failed to create change watch for `/home/j/env_isaaclab/lib/python3.11/site-packages/isaacsim/extscache/omni.hydra.scene_api-0.1.2+69cbf6ad.lx64.r.cp311/config`: errno=28/No space left on device
2026-08-31T06:20:56Z [3,714ms] [Error] [carb] Failed to create change watch for `/home/j/env_isaaclab/lib/python3.11/site-packages/isaacsim/extscache/omni.hydra.scene_api-0.1.2+69cbf6ad.lx64.r.cp311/omni`: errno=28/No space left on device
2026-08-31T06:20:56Z [3,714ms] [Error] [carb] Failed to create change watch for `/home/j/env_isaaclab/lib/python3.11/site-packages/isaacsim/extscache/omni.hydra.scene_api-0.1.2+69cbf6ad.lx64.r.cp311/omni/hydra`: errno=28/No space left on device
2026-08-31T06:20:56Z [3,714ms] [Error] [carb] Failed to create change watch for `/home/j/env_isaaclab/lib/python3.11/site-packages/isaacsim/extscache/omni.hydra.scene_api-0.1.2+69cbf6ad.lx64.r.cp311/omni/hydra/scene_api`: errno=28/No space left on device
2026-08-31T06:20:56Z [3,714ms] [Error] [carb] Failed to create change watch for `/home/j/env_isaaclab/lib/python3.11/site-packages/isaacsim/extscache/omni.hydra.scene_api-0.1.2+69cbf6ad.lx64.r.cp311/omni/hydra/scene_api/tests`: errno=28/No space left on device
2026-08-31T06:20:56Z [3,714ms] [Error] [carb] Failed to create change watch for `/home/j/env_isaaclab/lib/python3.11/site-packages/isaacsim/extscache/omni.hydra.scene_api-0.1.2+69cbf6ad.lx64.r.cp311/omni/hydra/scene_api/tests/data`: errno=28/No space left on device
2026-08-31T06:20:56Z [3,714ms] [Error] [carb] Failed to create change watch for `/home/j/env_isaaclab/lib/python3.11/site-packages/isaacsim/extscache/omni.hydra.scene_api-0.1.2+69cbf6ad.lx64.r.cp311/omni/hydra/scene_api/tests/data/usd`: errno=28/No space left on device
2026-08-31T06:20:56Z [3,714ms] [Error] [carb] Failed to create change watch for `/home/j/env_isaaclab/lib/python3.11/site-packages/isaacsim/extscache/omni.hydra.scene_api-0.1.2+69cbf6ad.lx64.r.cp311/omni/hydra/scene_api/tests/data/golden`: errno=28/No space left on device
2026-08-31T06:20:56Z [3,714ms] [Error] [carb] Failed to create change watch for `/home/j/env_isaaclab/lib/python3.11/site-packages/isaacsim/extscache/omni.hydra.scene_api-0.1.2+69cbf6ad.lx64.r.cp311/omni/hydra/scene_api/bindings`: errno=28/No space left on device
2026-08-31T06:20:56Z [3,723ms] [Error] [carb] Failed to create change watch for `/home/j/env_isaaclab/lib/python3.11/site-packages/isaacsim/extscache/omni.kit.property.light-1.0.12+69cbf6ad`: errno=28/No space left on device
2026-08-31T06:20:56Z [3,723ms] [Error] [carb] Failed to create change watch for `/home/j/env_isaaclab/lib/python3.11/site-packages/isaacsim/extscache/omni.kit.property.light-1.0.12+69cbf6ad/config`: errno=28/No space left on device
[3.732s] [ext: omni.kit.manipulator.prim.fabric-107.0.4] startup
2026-08-31T06:20:56Z [3,723ms] [Error] [carb] Failed to create change watch for `/home/j/env_isaaclab/lib/python3.11/site-packages/isaacsim/extscache/omni.kit.property.light-1.0.12+69cbf6ad/omni`: errno=28/No space left on device
2026-08-31T06:20:56Z [3,723ms] [Error] [carb] Failed to create change watch for `/home/j/env_isaaclab/lib/python3.11/site-packages/isaacsim/extscache/omni.kit.property.light-1.0.12+69cbf6ad/omni/kit`: errno=28/No space left on device
2026-08-31T06:20:56Z [3,723ms] [Error] [carb] Failed to create change watch for `/home/j/env_isaaclab/lib/python3.11/site-packages/isaacsim/extscache/omni.kit.property.light-1.0.12+69cbf6ad/omni/kit/property`: errno=28/No space left on device
2026-08-31T06:20:56Z [3,723ms] [Error] [carb] Failed to create change watch for `/home/j/env_isaaclab/lib/python3.11/site-packages/isaacsim/extscache/omni.kit.property.light-1.0.12+69cbf6ad/omni/kit/property/light`: errno=28/No space left on device
2026-08-31T06:20:56Z [3,723ms] [Error] [carb] Failed to create change watch for `/home/j/env_isaaclab/lib/python3.11/site-packages/isaacsim/extscache/omni.kit.property.light-1.0.12+69cbf6ad/omni/kit/property/light/tests`: errno=28/No space left on device
2026-08-31T06:20:56Z [3,724ms] [Error] [carb] Failed to create change watch for `/home/j/env_isaaclab/lib/python3.11/site-packages/isaacsim/extscache/omni.kit.property.light-1.0.12+69cbf6ad/omni/kit/property/light/scripts`: errno=28/No space left on device
2026-08-31T06:20:56Z [3,725ms] [Error] [carb] Failed to create change watch for `/home/j/env_isaaclab/lib/python3.11/site-packages/isaacsim/extscache/omni.kit.manipulator.prim.fabric-107.0.4+69cbf6ad`: errno=28/No space left on device
[3.734s] [ext: omni.kit.manipulator.prim.usd-107.0.3] startup
2026-08-31T06:20:56Z [3,725ms] [Error] [carb] Failed to create change watch for `/home/j/env_isaaclab/lib/python3.11/site-packages/isaacsim/extscache/omni.kit.manipulator.prim.fabric-107.0.4+69cbf6ad/config`: errno=28/No space left on device
2026-08-31T06:20:56Z [3,725ms] [Error] [carb] Failed to create change watch for `/home/j/env_isaaclab/lib/python3.11/site-packages/isaacsim/extscache/omni.kit.manipulator.prim.fabric-107.0.4+69cbf6ad/omni`: errno=28/No space left on device
2026-08-31T06:20:56Z [3,725ms] [Error] [carb] Failed to create change watch for `/home/j/env_isaaclab/lib/python3.11/site-packages/isaacsim/extscache/omni.kit.manipulator.prim.fabric-107.0.4+69cbf6ad/omni/kit`: errno=28/No space left on device
2026-08-31T06:20:56Z [3,725ms] [Error] [carb] Failed to create change watch for `/home/j/env_isaaclab/lib/python3.11/site-packages/isaacsim/extscache/omni.kit.manipulator.prim.fabric-107.0.4+69cbf6ad/omni/kit/manipulator`: errno=28/No space left on device
2026-08-31T06:20:56Z [3,725ms] [Error] [carb] Failed to create change watch for `/home/j/env_isaaclab/lib/python3.11/site-packages/isaacsim/extscache/omni.kit.manipulator.prim.fabric-107.0.4+69cbf6ad/omni/kit/manipulator/prim`: errno=28/No space left on device
2026-08-31T06:20:56Z [3,725ms] [Error] [carb] Failed to create change watch for `/home/j/env_isaaclab/lib/python3.11/site-packages/isaacsim/extscache/omni.kit.manipulator.prim.fabric-107.0.4+69cbf6ad/omni/kit/manipulator/prim/fabric`: errno=28/No space left on device
2026-08-31T06:20:56Z [3,725ms] [Error] [carb] Failed to create change watch for `/home/j/env_isaaclab/lib/python3.11/site-packages/isaacsim/extscache/omni.kit.manipulator.prim.fabric-107.0.4+69cbf6ad/omni/kit/manipulator/prim/fabric/tests`: errno=28/No space left on device
2026-08-31T06:20:56Z [3,727ms] [Error] [carb] Failed to create change watch for `/home/j/env_isaaclab/lib/python3.11/site-packages/isaacsim/extscache/omni.kit.manipulator.prim.usd-107.0.3+69cbf6ad`: errno=28/No space left on device
[3.736s] [ext: omni.kit.property.material-1.11.9] startup
2026-08-31T06:20:56Z [3,727ms] [Error] [carb] Failed to create change watch for `/home/j/env_isaaclab/lib/python3.11/site-packages/isaacsim/extscache/omni.kit.manipulator.prim.usd-107.0.3+69cbf6ad/config`: errno=28/No space left on device
2026-08-31T06:20:56Z [3,727ms] [Error] [carb] Failed to create change watch for `/home/j/env_isaaclab/lib/python3.11/site-packages/isaacsim/extscache/omni.kit.manipulator.prim.usd-107.0.3+69cbf6ad/omni`: errno=28/No space left on device
2026-08-31T06:20:56Z [3,727ms] [Error] [carb] Failed to create change watch for `/home/j/env_isaaclab/lib/python3.11/site-packages/isaacsim/extscache/omni.kit.manipulator.prim.usd-107.0.3+69cbf6ad/omni/kit`: errno=28/No space left on device
2026-08-31T06:20:56Z [3,727ms] [Error] [carb] Failed to create change watch for `/home/j/env_isaaclab/lib/python3.11/site-packages/isaacsim/extscache/omni.kit.manipulator.prim.usd-107.0.3+69cbf6ad/omni/kit/manipulator`: errno=28/No space left on device
2026-08-31T06:20:56Z [3,727ms] [Error] [carb] Failed to create change watch for `/home/j/env_isaaclab/lib/python3.11/site-packages/isaacsim/extscache/omni.kit.manipulator.prim.usd-107.0.3+69cbf6ad/omni/kit/manipulator/prim`: errno=28/No space left on device
2026-08-31T06:20:56Z [3,727ms] [Error] [carb] Failed to create change watch for `/home/j/env_isaaclab/lib/python3.11/site-packages/isaacsim/extscache/omni.kit.manipulator.prim.usd-107.0.3+69cbf6ad/omni/kit/manipulator/prim/usd`: errno=28/No space left on device
2026-08-31T06:20:56Z [3,727ms] [Error] [carb] Failed to create change watch for `/home/j/env_isaaclab/lib/python3.11/site-packages/isaacsim/extscache/omni.kit.manipulator.prim.usd-107.0.3+69cbf6ad/omni/kit/manipulator/prim/usd/tests`: errno=28/No space left on device
2026-08-31T06:20:56Z [3,731ms] [Error] [carb] Failed to create change watch for `/home/j/env_isaaclab/lib/python3.11/site-packages/isaacsim/extscache/omni.kit.property.material-1.11.9+69cbf6ad`: errno=28/No space left on device
[3.741s] [ext: omni.kit.property.render-1.2.1] startup
2026-08-31T06:20:56Z [3,732ms] [Error] [carb] Failed to create change watch for `/home/j/env_isaaclab/lib/python3.11/site-packages/isaacsim/extscache/omni.kit.property.material-1.11.9+69cbf6ad/config`: errno=28/No space left on device
2026-08-31T06:20:56Z [3,732ms] [Error] [carb] Failed to create change watch for `/home/j/env_isaaclab/lib/python3.11/site-packages/isaacsim/extscache/omni.kit.property.material-1.11.9+69cbf6ad/omni`: errno=28/No space left on device
2026-08-31T06:20:56Z [3,732ms] [Error] [carb] Failed to create change watch for `/home/j/env_isaaclab/lib/python3.11/site-packages/isaacsim/extscache/omni.kit.property.material-1.11.9+69cbf6ad/omni/kit`: errno=28/No space left on device
2026-08-31T06:20:56Z [3,732ms] [Error] [carb] Failed to create change watch for `/home/j/env_isaaclab/lib/python3.11/site-packages/isaacsim/extscache/omni.kit.property.material-1.11.9+69cbf6ad/omni/kit/property`: errno=28/No space left on device
2026-08-31T06:20:56Z [3,732ms] [Error] [carb] Failed to create change watch for `/home/j/env_isaaclab/lib/python3.11/site-packages/isaacsim/extscache/omni.kit.property.material-1.11.9+69cbf6ad/omni/kit/property/material`: errno=28/No space left on device
2026-08-31T06:20:56Z [3,732ms] [Error] [carb] Failed to create change watch for `/home/j/env_isaaclab/lib/python3.11/site-packages/isaacsim/extscache/omni.kit.property.material-1.11.9+69cbf6ad/omni/kit/property/material/tests`: errno=28/No space left on device
2026-08-31T06:20:56Z [3,732ms] [Error] [carb] Failed to create change watch for `/home/j/env_isaaclab/lib/python3.11/site-packages/isaacsim/extscache/omni.kit.property.material-1.11.9+69cbf6ad/omni/kit/property/material/scripts`: errno=28/No space left on device
2026-08-31T06:20:56Z [3,732ms] [Error] [carb] Failed to create change watch for `/home/j/env_isaaclab/lib/python3.11/site-packages/isaacsim/extscache/omni.kit.property.material-1.11.9+69cbf6ad/omni/kit/property/material/scripts/commands`: errno=28/No space left on device
2026-08-31T06:20:56Z [3,732ms] [Error] [carb] Failed to create change watch for `/home/j/env_isaaclab/lib/python3.11/site-packages/isaacsim/extscache/omni.kit.property.material-1.11.9+69cbf6ad/omni/kit/property/material/scripts/widgets`: errno=28/No space left on device
2026-08-31T06:20:56Z [3,732ms] [Error] [carb] Failed to create change watch for `/home/j/env_isaaclab/lib/python3.11/site-packages/isaacsim/extscache/omni.kit.property.material-1.11.9+69cbf6ad/omni/kit/property/material/scripts/widgets/usdshade`: errno=28/No space left on device
2026-08-31T06:20:56Z [3,732ms] [Error] [carb] Failed to create change watch for `/home/j/env_isaaclab/lib/python3.11/site-packages/isaacsim/extscache/omni.kit.property.material-1.11.9+69cbf6ad/omni/kit/property/material/scripts/widgets/usdshade/placeholder`: errno=28/No space left on device
2026-08-31T06:20:56Z [3,732ms] [Error] [carb] Failed to create change watch for `/home/j/env_isaaclab/lib/python3.11/site-packages/isaacsim/extscache/omni.kit.property.material-1.11.9+69cbf6ad/omni/kit/property/material/scripts/widgets/usdshade/models`: errno=28/No space left on device
2026-08-31T06:20:56Z [3,732ms] [Error] [carb] Failed to create change watch for `/home/j/env_isaaclab/lib/python3.11/site-packages/isaacsim/extscache/omni.kit.property.material-1.11.9+69cbf6ad/omni/kit/property/material/scripts/widgets/material_binding`: errno=28/No space left on device
2026-08-31T06:20:56Z [3,733ms] [Error] [carb] Failed to create change watch for `/home/j/env_isaaclab/lib/python3.11/site-packages/isaacsim/extscache/omni.kit.property.render-1.2.1+69cbf6ad`: errno=28/No space left on device
[3.742s] [ext: omni.kit.property.transform-1.5.13] startup
2026-08-31T06:20:56Z [3,733ms] [Error] [carb] Failed to create change watch for `/home/j/env_isaaclab/lib/python3.11/site-packages/isaacsim/extscache/omni.kit.property.render-1.2.1+69cbf6ad/config`: errno=28/No space left on device
2026-08-31T06:20:56Z [3,733ms] [Error] [carb] Failed to create change watch for `/home/j/env_isaaclab/lib/python3.11/site-packages/isaacsim/extscache/omni.kit.property.render-1.2.1+69cbf6ad/omni`: errno=28/No space left on device
2026-08-31T06:20:56Z [3,733ms] [Error] [carb] Failed to create change watch for `/home/j/env_isaaclab/lib/python3.11/site-packages/isaacsim/extscache/omni.kit.property.render-1.2.1+69cbf6ad/omni/kit`: errno=28/No space left on device
2026-08-31T06:20:56Z [3,733ms] [Error] [carb] Failed to create change watch for `/home/j/env_isaaclab/lib/python3.11/site-packages/isaacsim/extscache/omni.kit.property.render-1.2.1+69cbf6ad/omni/kit/property`: errno=28/No space left on device
2026-08-31T06:20:56Z [3,733ms] [Error] [carb] Failed to create change watch for `/home/j/env_isaaclab/lib/python3.11/site-packages/isaacsim/extscache/omni.kit.property.render-1.2.1+69cbf6ad/omni/kit/property/render`: errno=28/No space left on device
2026-08-31T06:20:56Z [3,733ms] [Error] [carb] Failed to create change watch for `/home/j/env_isaaclab/lib/python3.11/site-packages/isaacsim/extscache/omni.kit.property.render-1.2.1+69cbf6ad/omni/kit/property/render/tests`: errno=28/No space left on device
[3.745s] [ext: isaacsim.gui.property-1.1.3] startup
2026-08-31T06:20:56Z [3,736ms] [Error] [carb] Failed to create change watch for `/home/j/env_isaaclab/lib/python3.11/site-packages/isaacsim/extscache/omni.kit.property.transform-1.5.13+69cbf6ad`: errno=28/No space left on device
2026-08-31T06:20:56Z [3,736ms] [Error] [carb] Failed to create change watch for `/home/j/env_isaaclab/lib/python3.11/site-packages/isaacsim/extscache/omni.kit.property.transform-1.5.13+69cbf6ad/config`: errno=28/No space left on device
2026-08-31T06:20:56Z [3,736ms] [Error] [carb] Failed to create change watch for `/home/j/env_isaaclab/lib/python3.11/site-packages/isaacsim/extscache/omni.kit.property.transform-1.5.13+69cbf6ad/omni`: errno=28/No space left on device
2026-08-31T06:20:56Z [3,736ms] [Error] [carb] Failed to create change watch for `/home/j/env_isaaclab/lib/python3.11/site-packages/isaacsim/extscache/omni.kit.property.transform-1.5.13+69cbf6ad/omni/kit`: errno=28/No space left on device
2026-08-31T06:20:56Z [3,736ms] [Error] [carb] Failed to create change watch for `/home/j/env_isaaclab/lib/python3.11/site-packages/isaacsim/extscache/omni.kit.property.transform-1.5.13+69cbf6ad/omni/kit/property`: errno=28/No space left on device
2026-08-31T06:20:56Z [3,736ms] [Error] [carb] Failed to create change watch for `/home/j/env_isaaclab/lib/python3.11/site-packages/isaacsim/extscache/omni.kit.property.transform-1.5.13+69cbf6ad/omni/kit/property/transform`: errno=28/No space left on device
2026-08-31T06:20:56Z [3,736ms] [Error] [carb] Failed to create change watch for `/home/j/env_isaaclab/lib/python3.11/site-packages/isaacsim/extscache/omni.kit.property.transform-1.5.13+69cbf6ad/omni/kit/property/transform/tests`: errno=28/No space left on device
2026-08-31T06:20:56Z [3,736ms] [Error] [carb] Failed to create change watch for `/home/j/env_isaaclab/lib/python3.11/site-packages/isaacsim/extscache/omni.kit.property.transform-1.5.13+69cbf6ad/omni/kit/property/transform/scripts`: errno=28/No space left on device
[3.747s] [ext: omni.kit.manipulator.camera-106.0.4] startup
2026-08-31T06:20:56Z [3,738ms] [Error] [carb] Failed to create change watch for `/home/j/env_isaaclab/lib/python3.11/site-packages/isaacsim/exts/isaacsim.gui.property`: errno=28/No space left on device
2026-08-31T06:20:56Z [3,738ms] [Error] [carb] Failed to create change watch for `/home/j/env_isaaclab/lib/python3.11/site-packages/isaacsim/exts/isaacsim.gui.property/config`: errno=28/No space left on device
2026-08-31T06:20:56Z [3,738ms] [Error] [carb] Failed to create change watch for `/home/j/env_isaaclab/lib/python3.11/site-packages/isaacsim/exts/isaacsim.gui.property/isaacsim`: errno=28/No space left on device
2026-08-31T06:20:56Z [3,738ms] [Error] [carb] Failed to create change watch for `/home/j/env_isaaclab/lib/python3.11/site-packages/isaacsim/exts/isaacsim.gui.property/isaacsim/gui`: errno=28/No space left on device
2026-08-31T06:20:56Z [3,738ms] [Error] [carb] Failed to create change watch for `/home/j/env_isaaclab/lib/python3.11/site-packages/isaacsim/exts/isaacsim.gui.property/isaacsim/gui/property`: errno=28/No space left on device
2026-08-31T06:20:56Z [3,740ms] [Error] [carb] Failed to create change watch for `/home/j/env_isaaclab/lib/python3.11/site-packages/isaacsim/extscache/omni.kit.manipulator.camera-106.0.4+69cbf6ad`: errno=28/No space left on device
2026-08-31T06:20:56Z [3,741ms] [Error] [carb] Failed to create change watch for `/home/j/env_isaaclab/lib/python3.11/site-packages/isaacsim/extscache/omni.kit.manipulator.camera-106.0.4+69cbf6ad/config`: errno=28/No space left on device
2026-08-31T06:20:56Z [3,741ms] [Error] [carb] Failed to create change watch for `/home/j/env_isaaclab/lib/python3.11/site-packages/isaacsim/extscache/omni.kit.manipulator.camera-106.0.4+69cbf6ad/omni`: errno=28/No space left on device
2026-08-31T06:20:56Z [3,741ms] [Error] [carb] Failed to create change watch for `/home/j/env_isaaclab/lib/python3.11/site-packages/isaacsim/extscache/omni.kit.manipulator.camera-106.0.4+69cbf6ad/omni/kit`: errno=28/No space left on device
2026-08-31T06:20:56Z [3,741ms] [Error] [carb] Failed to create change watch for `/home/j/env_isaaclab/lib/python3.11/site-packages/isaacsim/extscache/omni.kit.manipulator.camera-106.0.4+69cbf6ad/omni/kit/manipulator`: errno=28/No space left on device
2026-08-31T06:20:56Z [3,741ms] [Error] [carb] Failed to create change watch for `/home/j/env_isaaclab/lib/python3.11/site-packages/isaacsim/extscache/omni.kit.manipulator.camera-106.0.4+69cbf6ad/omni/kit/manipulator/camera`: errno=28/No space left on device
2026-08-31T06:20:56Z [3,741ms] [Error] [carb] Failed to create change watch for `/home/j/env_isaaclab/lib/python3.11/site-packages/isaacsim/extscache/omni.kit.manipulator.camera-106.0.4+69cbf6ad/omni/kit/manipulator/camera/tests`: errno=28/No space left on device
[3.750s] [ext: omni.kit.manipulator.prim-107.0.0] startup
[3.750s] [ext: omni.isaac.surface_gripper-2.0.6] startup
2026-08-31T06:20:56Z [3,742ms] [Warning] [omni.isaac.surface_gripper] omni.isaac.surface_gripper has been deprecated in favor of isaacsim.robot.surface_gripper. Please update your code accordingly.
[3.751s] [ext: omni.kit.manipulator.selection-106.0.1] startup
2026-08-31T06:20:56Z [3,742ms] [Error] [carb] Failed to create change watch for `/home/j/env_isaaclab/lib/python3.11/site-packages/isaacsim/extsDeprecated/omni.isaac.surface_gripper`: errno=28/No space left on device
2026-08-31T06:20:56Z [3,742ms] [Error] [carb] Failed to create change watch for `/home/j/env_isaaclab/lib/python3.11/site-packages/isaacsim/extsDeprecated/omni.isaac.surface_gripper/config`: errno=28/No space left on device
2026-08-31T06:20:56Z [3,742ms] [Error] [carb] Failed to create change watch for `/home/j/env_isaaclab/lib/python3.11/site-packages/isaacsim/extsDeprecated/omni.isaac.surface_gripper/omni`: errno=28/No space left on device
2026-08-31T06:20:56Z [3,742ms] [Error] [carb] Failed to create change watch for `/home/j/env_isaaclab/lib/python3.11/site-packages/isaacsim/extsDeprecated/omni.isaac.surface_gripper/omni/isaac`: errno=28/No space left on device
2026-08-31T06:20:56Z [3,742ms] [Error] [carb] Failed to create change watch for `/home/j/env_isaaclab/lib/python3.11/site-packages/isaacsim/extsDeprecated/omni.isaac.surface_gripper/omni/isaac/surface_gripper`: errno=28/No space left on device
2026-08-31T06:20:56Z [3,742ms] [Error] [carb] Failed to create change watch for `/home/j/env_isaaclab/lib/python3.11/site-packages/isaacsim/extsDeprecated/omni.isaac.surface_gripper/omni/isaac/surface_gripper/tests`: errno=28/No space left on device
2026-08-31T06:20:56Z [3,742ms] [Error] [carb] Failed to create change watch for `/home/j/env_isaaclab/lib/python3.11/site-packages/isaacsim/extsDeprecated/omni.isaac.surface_gripper/omni/isaac/surface_gripper/impl`: errno=28/No space left on device
2026-08-31T06:20:56Z [3,744ms] [Error] [carb] Failed to create change watch for `/home/j/env_isaaclab/lib/python3.11/site-packages/isaacsim/extscache/omni.kit.manipulator.selection-106.0.1+69cbf6ad`: errno=28/No space left on device
2026-08-31T06:20:56Z [3,744ms] [Error] [carb] Failed to create change watch for `/home/j/env_isaaclab/lib/python3.11/site-packages/isaacsim/extscache/omni.kit.manipulator.selection-106.0.1+69cbf6ad/config`: errno=28/No space left on device
2026-08-31T06:20:56Z [3,744ms] [Error] [carb] Failed to create change watch for `/home/j/env_isaaclab/lib/python3.11/site-packages/isaacsim/extscache/omni.kit.manipulator.selection-106.0.1+69cbf6ad/omni`: errno=28/No space left on device
2026-08-31T06:20:56Z [3,744ms] [Error] [carb] Failed to create change watch for `/home/j/env_isaaclab/lib/python3.11/site-packages/isaacsim/extscache/omni.kit.manipulator.selection-106.0.1+69cbf6ad/omni/kit`: errno=28/No space left on device
2026-08-31T06:20:56Z [3,744ms] [Error] [carb] Failed to create change watch for `/home/j/env_isaaclab/lib/python3.11/site-packages/isaacsim/extscache/omni.kit.manipulator.selection-106.0.1+69cbf6ad/omni/kit/manipulator`: errno=28/No space left on device
2026-08-31T06:20:56Z [3,744ms] [Error] [carb] Failed to create change watch for `/home/j/env_isaaclab/lib/python3.11/site-packages/isaacsim/extscache/omni.kit.manipulator.selection-106.0.1+69cbf6ad/omni/kit/manipulator/selection`: errno=28/No space left on device
2026-08-31T06:20:56Z [3,744ms] [Error] [carb] Failed to create change watch for `/home/j/env_isaaclab/lib/python3.11/site-packages/isaacsim/extscache/omni.kit.manipulator.selection-106.0.1+69cbf6ad/omni/kit/manipulator/selection/tests`: errno=28/No space left on device
[3.754s] [ext: omni.kit.property.bundle-1.4.1] startup
[3.755s] [ext: omni.kit.property.isaac-1.0.6] startup
2026-08-31T06:20:56Z [3,746ms] [Error] [carb] Failed to create change watch for `/home/j/env_isaaclab/lib/python3.11/site-packages/isaacsim/extscache/omni.kit.property.bundle-1.4.1+69cbf6ad`: errno=28/No space left on device
2026-08-31T06:20:56Z [3,746ms] [Error] [carb] Failed to create change watch for `/home/j/env_isaaclab/lib/python3.11/site-packages/isaacsim/extscache/omni.kit.property.bundle-1.4.1+69cbf6ad/config`: errno=28/No space left on device
2026-08-31T06:20:56Z [3,746ms] [Error] [carb] Failed to create change watch for `/home/j/env_isaaclab/lib/python3.11/site-packages/isaacsim/extscache/omni.kit.property.bundle-1.4.1+69cbf6ad/omni`: errno=28/No space left on device
2026-08-31T06:20:56Z [3,746ms] [Error] [carb] Failed to create change watch for `/home/j/env_isaaclab/lib/python3.11/site-packages/isaacsim/extscache/omni.kit.property.bundle-1.4.1+69cbf6ad/omni/kit`: errno=28/No space left on device
2026-08-31T06:20:56Z [3,746ms] [Error] [carb] Failed to create change watch for `/home/j/env_isaaclab/lib/python3.11/site-packages/isaacsim/extscache/omni.kit.property.bundle-1.4.1+69cbf6ad/omni/kit/property`: errno=28/No space left on device
2026-08-31T06:20:56Z [3,746ms] [Error] [carb] Failed to create change watch for `/home/j/env_isaaclab/lib/python3.11/site-packages/isaacsim/extscache/omni.kit.property.bundle-1.4.1+69cbf6ad/omni/kit/property/bundle`: errno=28/No space left on device
2026-08-31T06:20:56Z [3,746ms] [Error] [carb] Failed to create change watch for `/home/j/env_isaaclab/lib/python3.11/site-packages/isaacsim/extscache/omni.kit.property.bundle-1.4.1+69cbf6ad/omni/kit/property/bundle/tests`: errno=28/No space left on device
2026-08-31T06:20:56Z [3,747ms] [Warning] [omni.kit.property.isaac] omni.kit.property.isaac has been deprecated in favor of isaacsim.gui.property. Please update your code accordingly.
2026-08-31T06:20:56Z [3,747ms] [Warning] [omni.kit.property.isaac.widgets] omni.kit.property.isaac.widgets has been deprecated in favor of isaacsim.gui.property.widgets. Please update your code accordingly.
2026-08-31T06:20:56Z [3,747ms] [Error] [carb] Failed to create change watch for `/home/j/env_isaaclab/lib/python3.11/site-packages/isaacsim/extsDeprecated/omni.kit.property.isaac`: errno=28/No space left on device
[3.756s] [ext: omni.isaac.universal_robots-1.0.6] startup
2026-08-31T06:20:56Z [3,747ms] [Error] [carb] Failed to create change watch for `/home/j/env_isaaclab/lib/python3.11/site-packages/isaacsim/extsDeprecated/omni.kit.property.isaac/config`: errno=28/No space left on device
2026-08-31T06:20:56Z [3,747ms] [Error] [carb] Failed to create change watch for `/home/j/env_isaaclab/lib/python3.11/site-packages/isaacsim/extsDeprecated/omni.kit.property.isaac/omni`: errno=28/No space left on device
2026-08-31T06:20:56Z [3,747ms] [Error] [carb] Failed to create change watch for `/home/j/env_isaaclab/lib/python3.11/site-packages/isaacsim/extsDeprecated/omni.kit.property.isaac/omni/kit`: errno=28/No space left on device
2026-08-31T06:20:56Z [3,747ms] [Error] [carb] Failed to create change watch for `/home/j/env_isaaclab/lib/python3.11/site-packages/isaacsim/extsDeprecated/omni.kit.property.isaac/omni/kit/property`: errno=28/No space left on device
2026-08-31T06:20:56Z [3,747ms] [Error] [carb] Failed to create change watch for `/home/j/env_isaaclab/lib/python3.11/site-packages/isaacsim/extsDeprecated/omni.kit.property.isaac/omni/kit/property/isaac`: errno=28/No space left on device
2026-08-31T06:20:56Z [3,748ms] [Warning] [omni.isaac.universal_robots] omni.isaac.universal_robots has been deprecated in favor of isaacsim.robot.manipulators.examples.universal_robots. Please update your code accordingly.
2026-08-31T06:20:56Z [3,748ms] [Warning] [omni.isaac.universal_robots.kinematics_solver] omni.isaac.franka has been deprecated in favor of isaacsim.robot.manipulators.examples.universal_robots. Please update your code accordingly.
2026-08-31T06:20:56Z [3,749ms] [Warning] [omni.isaac.universal_robots.ur10] omni.isaac.franka has been deprecated in favor of isaacsim.robot.manipulators.examples.universal_robots. Please update your code accordingly.
[3.758s] [ext: omni.isaac.core_nodes-2.0.6] startup
2026-08-31T06:20:56Z [3,749ms] [Error] [carb] Failed to create change watch for `/home/j/env_isaaclab/lib/python3.11/site-packages/isaacsim/extsDeprecated/omni.isaac.universal_robots`: errno=28/No space left on device
2026-08-31T06:20:56Z [3,749ms] [Error] [carb] Failed to create change watch for `/home/j/env_isaaclab/lib/python3.11/site-packages/isaacsim/extsDeprecated/omni.isaac.universal_robots/config`: errno=28/No space left on device
2026-08-31T06:20:56Z [3,749ms] [Error] [carb] Failed to create change watch for `/home/j/env_isaaclab/lib/python3.11/site-packages/isaacsim/extsDeprecated/omni.isaac.universal_robots/omni`: errno=28/No space left on device
2026-08-31T06:20:56Z [3,749ms] [Error] [carb] Failed to create change watch for `/home/j/env_isaaclab/lib/python3.11/site-packages/isaacsim/extsDeprecated/omni.isaac.universal_robots/omni/isaac`: errno=28/No space left on device
2026-08-31T06:20:56Z [3,749ms] [Error] [carb] Failed to create change watch for `/home/j/env_isaaclab/lib/python3.11/site-packages/isaacsim/extsDeprecated/omni.isaac.universal_robots/omni/isaac/universal_robots`: errno=28/No space left on device
2026-08-31T06:20:56Z [3,749ms] [Error] [carb] Failed to create change watch for `/home/j/env_isaaclab/lib/python3.11/site-packages/isaacsim/extsDeprecated/omni.isaac.universal_robots/omni/isaac/universal_robots/controllers`: errno=28/No space left on device
2026-08-31T06:20:56Z [3,749ms] [Error] [carb] Failed to create change watch for `/home/j/env_isaaclab/lib/python3.11/site-packages/isaacsim/extsDeprecated/omni.isaac.universal_robots/omni/isaac/universal_robots/tasks`: errno=28/No space left on device
2026-08-31T06:20:56Z [3,751ms] [Warning] [omni.isaac.core_nodes] omni.isaac.core_nodes has been deprecated in favor of isaacsim.core.nodes. Please update your code accordingly.
[3.760s] [ext: omni.kit.viewport.menubar.camera-107.0.6] startup
2026-08-31T06:20:56Z [3,751ms] [Error] [carb] Failed to create change watch for `/home/j/env_isaaclab/lib/python3.11/site-packages/isaacsim/extsDeprecated/omni.isaac.core_nodes`: errno=28/No space left on device
2026-08-31T06:20:56Z [3,751ms] [Error] [carb] Failed to create change watch for `/home/j/env_isaaclab/lib/python3.11/site-packages/isaacsim/extsDeprecated/omni.isaac.core_nodes/config`: errno=28/No space left on device
2026-08-31T06:20:56Z [3,751ms] [Error] [carb] Failed to create change watch for `/home/j/env_isaaclab/lib/python3.11/site-packages/isaacsim/extsDeprecated/omni.isaac.core_nodes/omni`: errno=28/No space left on device
2026-08-31T06:20:56Z [3,751ms] [Error] [carb] Failed to create change watch for `/home/j/env_isaaclab/lib/python3.11/site-packages/isaacsim/extsDeprecated/omni.isaac.core_nodes/omni/isaac`: errno=28/No space left on device
2026-08-31T06:20:56Z [3,751ms] [Error] [carb] Failed to create change watch for `/home/j/env_isaaclab/lib/python3.11/site-packages/isaacsim/extsDeprecated/omni.isaac.core_nodes/omni/isaac/core_nodes`: errno=28/No space left on device
2026-08-31T06:20:56Z [3,751ms] [Error] [carb] Failed to create change watch for `/home/j/env_isaaclab/lib/python3.11/site-packages/isaacsim/extsDeprecated/omni.isaac.core_nodes/omni/isaac/core_nodes/tests`: errno=28/No space left on device
2026-08-31T06:20:56Z [3,751ms] [Error] [carb] Failed to create change watch for `/home/j/env_isaaclab/lib/python3.11/site-packages/isaacsim/extsDeprecated/omni.isaac.core_nodes/omni/isaac/core_nodes/impl`: errno=28/No space left on device
2026-08-31T06:20:56Z [3,751ms] [Error] [carb] Failed to create change watch for `/home/j/env_isaaclab/lib/python3.11/site-packages/isaacsim/extsDeprecated/omni.isaac.core_nodes/omni/isaac/core_nodes/scripts`: errno=28/No space left on device
2026-08-31T06:20:56Z [3,759ms] [Error] [carb] Failed to create change watch for `/home/j/env_isaaclab/lib/python3.11/site-packages/isaacsim/extscache/omni.kit.viewport.menubar.camera-107.0.6+69cbf6ad`: errno=28/No space left on device
[3.768s] [ext: omni.kit.viewport.menubar.lighting-107.3.1] startup
2026-08-31T06:20:56Z [3,759ms] [Error] [carb] Failed to create change watch for `/home/j/env_isaaclab/lib/python3.11/site-packages/isaacsim/extscache/omni.kit.viewport.menubar.camera-107.0.6+69cbf6ad/config`: errno=28/No space left on device
2026-08-31T06:20:56Z [3,759ms] [Error] [carb] Failed to create change watch for `/home/j/env_isaaclab/lib/python3.11/site-packages/isaacsim/extscache/omni.kit.viewport.menubar.camera-107.0.6+69cbf6ad/omni`: errno=28/No space left on device
2026-08-31T06:20:56Z [3,759ms] [Error] [carb] Failed to create change watch for `/home/j/env_isaaclab/lib/python3.11/site-packages/isaacsim/extscache/omni.kit.viewport.menubar.camera-107.0.6+69cbf6ad/omni/kit`: errno=28/No space left on device
2026-08-31T06:20:56Z [3,759ms] [Error] [carb] Failed to create change watch for `/home/j/env_isaaclab/lib/python3.11/site-packages/isaacsim/extscache/omni.kit.viewport.menubar.camera-107.0.6+69cbf6ad/omni/kit/viewport`: errno=28/No space left on device
2026-08-31T06:20:56Z [3,759ms] [Error] [carb] Failed to create change watch for `/home/j/env_isaaclab/lib/python3.11/site-packages/isaacsim/extscache/omni.kit.viewport.menubar.camera-107.0.6+69cbf6ad/omni/kit/viewport/menubar`: errno=28/No space left on device
2026-08-31T06:20:56Z [3,759ms] [Error] [carb] Failed to create change watch for `/home/j/env_isaaclab/lib/python3.11/site-packages/isaacsim/extscache/omni.kit.viewport.menubar.camera-107.0.6+69cbf6ad/omni/kit/viewport/menubar/camera`: errno=28/No space left on device
2026-08-31T06:20:56Z [3,759ms] [Error] [carb] Failed to create change watch for `/home/j/env_isaaclab/lib/python3.11/site-packages/isaacsim/extscache/omni.kit.viewport.menubar.camera-107.0.6+69cbf6ad/omni/kit/viewport/menubar/camera/tests`: errno=28/No space left on device
2026-08-31T06:20:56Z [3,759ms] [Error] [carb] Failed to create change watch for `/home/j/env_isaaclab/lib/python3.11/site-packages/isaacsim/extscache/omni.kit.viewport.menubar.camera-107.0.6+69cbf6ad/omni/kit/viewport/menubar/camera/menu_item`: errno=28/No space left on device
2026-08-31T06:20:56Z [3,761ms] [Error] [carb] Failed to create change watch for `/home/j/env_isaaclab/lib/python3.11/site-packages/isaacsim/extscache/omni.kit.viewport.menubar.lighting-107.3.1+107.3.0`: errno=28/No space left on device
[3.770s] [ext: isaacsim.replicator.writers-1.0.17] startup
2026-08-31T06:20:56Z [3,761ms] [Error] [carb] Failed to create change watch for `/home/j/env_isaaclab/lib/python3.11/site-packages/isaacsim/extscache/omni.kit.viewport.menubar.lighting-107.3.1+107.3.0/config`: errno=28/No space left on device
2026-08-31T06:20:56Z [3,761ms] [Error] [carb] Failed to create change watch for `/home/j/env_isaaclab/lib/python3.11/site-packages/isaacsim/extscache/omni.kit.viewport.menubar.lighting-107.3.1+107.3.0/omni`: errno=28/No space left on device
2026-08-31T06:20:56Z [3,761ms] [Error] [carb] Failed to create change watch for `/home/j/env_isaaclab/lib/python3.11/site-packages/isaacsim/extscache/omni.kit.viewport.menubar.lighting-107.3.1+107.3.0/omni/kit`: errno=28/No space left on device
2026-08-31T06:20:56Z [3,761ms] [Error] [carb] Failed to create change watch for `/home/j/env_isaaclab/lib/python3.11/site-packages/isaacsim/extscache/omni.kit.viewport.menubar.lighting-107.3.1+107.3.0/omni/kit/viewport`: errno=28/No space left on device
2026-08-31T06:20:56Z [3,761ms] [Error] [carb] Failed to create change watch for `/home/j/env_isaaclab/lib/python3.11/site-packages/isaacsim/extscache/omni.kit.viewport.menubar.lighting-107.3.1+107.3.0/omni/kit/viewport/menubar`: errno=28/No space left on device
2026-08-31T06:20:56Z [3,761ms] [Error] [carb] Failed to create change watch for `/home/j/env_isaaclab/lib/python3.11/site-packages/isaacsim/extscache/omni.kit.viewport.menubar.lighting-107.3.1+107.3.0/omni/kit/viewport/menubar/lighting`: errno=28/No space left on device
2026-08-31T06:20:56Z [3,761ms] [Error] [carb] Failed to create change watch for `/home/j/env_isaaclab/lib/python3.11/site-packages/isaacsim/extscache/omni.kit.viewport.menubar.lighting-107.3.1+107.3.0/omni/kit/viewport/menubar/lighting/tests`: errno=28/No space left on device
[3.781s] [ext: omni.kit.viewport.menubar.render-107.0.10] startup
2026-08-31T06:20:56Z [3,772ms] [Error] [carb] Failed to create change watch for `/home/j/env_isaaclab/lib/python3.11/site-packages/isaacsim/exts/isaacsim.replicator.writers`: errno=28/No space left on device
2026-08-31T06:20:56Z [3,772ms] [Error] [carb] Failed to create change watch for `/home/j/env_isaaclab/lib/python3.11/site-packages/isaacsim/exts/isaacsim.replicator.writers/config`: errno=28/No space left on device
2026-08-31T06:20:56Z [3,772ms] [Error] [carb] Failed to create change watch for `/home/j/env_isaaclab/lib/python3.11/site-packages/isaacsim/exts/isaacsim.replicator.writers/isaacsim`: errno=28/No space left on device
2026-08-31T06:20:56Z [3,772ms] [Error] [carb] Failed to create change watch for `/home/j/env_isaaclab/lib/python3.11/site-packages/isaacsim/exts/isaacsim.replicator.writers/isaacsim/replicator`: errno=28/No space left on device
2026-08-31T06:20:56Z [3,772ms] [Error] [carb] Failed to create change watch for `/home/j/env_isaaclab/lib/python3.11/site-packages/isaacsim/exts/isaacsim.replicator.writers/isaacsim/replicator/writers`: errno=28/No space left on device
2026-08-31T06:20:56Z [3,772ms] [Error] [carb] Failed to create change watch for `/home/j/env_isaaclab/lib/python3.11/site-packages/isaacsim/exts/isaacsim.replicator.writers/isaacsim/replicator/writers/tests`: errno=28/No space left on device
2026-08-31T06:20:56Z [3,772ms] [Error] [carb] Failed to create change watch for `/home/j/env_isaaclab/lib/python3.11/site-packages/isaacsim/exts/isaacsim.replicator.writers/isaacsim/replicator/writers/tests/data`: errno=28/No space left on device
2026-08-31T06:20:56Z [3,772ms] [Error] [carb] Failed to create change watch for `/home/j/env_isaaclab/lib/python3.11/site-packages/isaacsim/exts/isaacsim.replicator.writers/isaacsim/replicator/writers/tests/data/golden`: errno=28/No space left on device
2026-08-31T06:20:56Z [3,772ms] [Error] [carb] Failed to create change watch for `/home/j/env_isaaclab/lib/python3.11/site-packages/isaacsim/exts/isaacsim.replicator.writers/isaacsim/replicator/writers/tests/data/golden/out_pose_writer`: errno=28/No space left on device
2026-08-31T06:20:56Z [3,772ms] [Error] [carb] Failed to create change watch for `/home/j/env_isaaclab/lib/python3.11/site-packages/isaacsim/exts/isaacsim.replicator.writers/isaacsim/replicator/writers/tests/data/golden/out_pose_writer/rp2`: errno=28/No space left on device
2026-08-31T06:20:56Z [3,772ms] [Error] [carb] Failed to create change watch for `/home/j/env_isaaclab/lib/python3.11/site-packages/isaacsim/exts/isaacsim.replicator.writers/isaacsim/replicator/writers/tests/data/golden/out_pose_writer/rp1`: errno=28/No space left on device
2026-08-31T06:20:56Z [3,772ms] [Error] [carb] Failed to create change watch for `/home/j/env_isaaclab/lib/python3.11/site-packages/isaacsim/exts/isaacsim.replicator.writers/isaacsim/replicator/writers/impl`: errno=28/No space left on device
2026-08-31T06:20:56Z [3,772ms] [Error] [carb] Failed to create change watch for `/home/j/env_isaaclab/lib/python3.11/site-packages/isaacsim/exts/isaacsim.replicator.writers/isaacsim/replicator/writers/scripts`: errno=28/No space left on device
2026-08-31T06:20:56Z [3,772ms] [Error] [carb] Failed to create change watch for `/home/j/env_isaaclab/lib/python3.11/site-packages/isaacsim/exts/isaacsim.replicator.writers/isaacsim/replicator/writers/scripts/writers`: errno=28/No space left on device
2026-08-31T06:20:56Z [3,772ms] [Error] [carb] Failed to create change watch for `/home/j/env_isaaclab/lib/python3.11/site-packages/isaacsim/exts/isaacsim.replicator.writers/isaacsim/replicator/writers/ogn`: errno=28/No space left on device
2026-08-31T06:20:56Z [3,773ms] [Error] [carb] Failed to create change watch for `/home/j/env_isaaclab/lib/python3.11/site-packages/isaacsim/exts/isaacsim.replicator.writers/isaacsim/replicator/writers/ogn/tests`: errno=28/No space left on device
2026-08-31T06:20:56Z [3,773ms] [Error] [carb] Failed to create change watch for `/home/j/env_isaaclab/lib/python3.11/site-packages/isaacsim/exts/isaacsim.replicator.writers/isaacsim/replicator/writers/ogn/tests/usd`: errno=28/No space left on device
2026-08-31T06:20:56Z [3,773ms] [Error] [carb] Failed to create change watch for `/home/j/env_isaaclab/lib/python3.11/site-packages/isaacsim/exts/isaacsim.replicator.writers/isaacsim/replicator/writers/ogn/python`: errno=28/No space left on device
2026-08-31T06:20:56Z [3,773ms] [Error] [carb] Failed to create change watch for `/home/j/env_isaaclab/lib/python3.11/site-packages/isaacsim/exts/isaacsim.replicator.writers/isaacsim/replicator/writers/ogn/python/nodes`: errno=28/No space left on device
2026-08-31T06:20:56Z [3,773ms] [Error] [carb] Failed to create change watch for `/home/j/env_isaaclab/lib/python3.11/site-packages/isaacsim/exts/isaacsim.replicator.writers/isaacsim/replicator/writers/ogn/python/nodes/icons`: errno=28/No space left on device
2026-08-31T06:20:56Z [3,773ms] [Error] [carb] Failed to create change watch for `/home/j/env_isaaclab/lib/python3.11/site-packages/isaacsim/exts/isaacsim.replicator.writers/isaacsim/replicator/writers/ogn/python/nodes/config`: errno=28/No space left on device
2026-08-31T06:20:56Z [3,776ms] [Error] [carb] Failed to create change watch for `/home/j/env_isaaclab/lib/python3.11/site-packages/isaacsim/extscache/omni.kit.viewport.menubar.render-107.0.10+69cbf6ad`: errno=28/No space left on device
[3.785s] [ext: omni.kit.viewport.menubar.settings-107.0.3] startup
2026-08-31T06:20:56Z [3,776ms] [Error] [carb] Failed to create change watch for `/home/j/env_isaaclab/lib/python3.11/site-packages/isaacsim/extscache/omni.kit.viewport.menubar.render-107.0.10+69cbf6ad/config`: errno=28/No space left on device
2026-08-31T06:20:56Z [3,776ms] [Error] [carb] Failed to create change watch for `/home/j/env_isaaclab/lib/python3.11/site-packages/isaacsim/extscache/omni.kit.viewport.menubar.render-107.0.10+69cbf6ad/omni`: errno=28/No space left on device
2026-08-31T06:20:56Z [3,776ms] [Error] [carb] Failed to create change watch for `/home/j/env_isaaclab/lib/python3.11/site-packages/isaacsim/extscache/omni.kit.viewport.menubar.render-107.0.10+69cbf6ad/omni/kit`: errno=28/No space left on device
2026-08-31T06:20:56Z [3,776ms] [Error] [carb] Failed to create change watch for `/home/j/env_isaaclab/lib/python3.11/site-packages/isaacsim/extscache/omni.kit.viewport.menubar.render-107.0.10+69cbf6ad/omni/kit/viewport`: errno=28/No space left on device
2026-08-31T06:20:56Z [3,776ms] [Error] [carb] Failed to create change watch for `/home/j/env_isaaclab/lib/python3.11/site-packages/isaacsim/extscache/omni.kit.viewport.menubar.render-107.0.10+69cbf6ad/omni/kit/viewport/menubar`: errno=28/No space left on device
2026-08-31T06:20:56Z [3,776ms] [Error] [carb] Failed to create change watch for `/home/j/env_isaaclab/lib/python3.11/site-packages/isaacsim/extscache/omni.kit.viewport.menubar.render-107.0.10+69cbf6ad/omni/kit/viewport/menubar/render`: errno=28/No space left on device
2026-08-31T06:20:56Z [3,776ms] [Error] [carb] Failed to create change watch for `/home/j/env_isaaclab/lib/python3.11/site-packages/isaacsim/extscache/omni.kit.viewport.menubar.render-107.0.10+69cbf6ad/omni/kit/viewport/menubar/render/tests`: errno=28/No space left on device
2026-08-31T06:20:56Z [3,776ms] [Error] [carb] Failed to create change watch for `/home/j/env_isaaclab/lib/python3.11/site-packages/isaacsim/extscache/omni.kit.viewport.menubar.render-107.0.10+69cbf6ad/omni/kit/viewport/menubar/render/menu_item`: errno=28/No space left on device
2026-08-31T06:20:56Z [3,780ms] [Error] [carb] Failed to create change watch for `/home/j/env_isaaclab/lib/python3.11/site-packages/isaacsim/extscache/omni.kit.viewport.menubar.settings-107.0.3+69cbf6ad`: errno=28/No space left on device
2026-08-31T06:20:56Z [3,780ms] [Error] [carb] Failed to create change watch for `/home/j/env_isaaclab/lib/python3.11/site-packages/isaacsim/extscache/omni.kit.viewport.menubar.settings-107.0.3+69cbf6ad/config`: errno=28/No space left on device
2026-08-31T06:20:56Z [3,780ms] [Error] [carb] Failed to create change watch for `/home/j/env_isaaclab/lib/python3.11/site-packages/isaacsim/extscache/omni.kit.viewport.menubar.settings-107.0.3+69cbf6ad/omni`: errno=28/No space left on device
2026-08-31T06:20:56Z [3,780ms] [Error] [carb] Failed to create change watch for `/home/j/env_isaaclab/lib/python3.11/site-packages/isaacsim/extscache/omni.kit.viewport.menubar.settings-107.0.3+69cbf6ad/omni/kit`: errno=28/No space left on device
2026-08-31T06:20:56Z [3,780ms] [Error] [carb] Failed to create change watch for `/home/j/env_isaaclab/lib/python3.11/site-packages/isaacsim/extscache/omni.kit.viewport.menubar.settings-107.0.3+69cbf6ad/omni/kit/viewport`: errno=28/No space left on device
[3.789s] [ext: omni.kit.window.console-1.1.4] startup
2026-08-31T06:20:56Z [3,780ms] [Error] [carb] Failed to create change watch for `/home/j/env_isaaclab/lib/python3.11/site-packages/isaacsim/extscache/omni.kit.viewport.menubar.settings-107.0.3+69cbf6ad/omni/kit/viewport/menubar`: errno=28/No space left on device
2026-08-31T06:20:56Z [3,780ms] [Error] [carb] Failed to create change watch for `/home/j/env_isaaclab/lib/python3.11/site-packages/isaacsim/extscache/omni.kit.viewport.menubar.settings-107.0.3+69cbf6ad/omni/kit/viewport/menubar/settings`: errno=28/No space left on device
2026-08-31T06:20:56Z [3,780ms] [Error] [carb] Failed to create change watch for `/home/j/env_isaaclab/lib/python3.11/site-packages/isaacsim/extscache/omni.kit.viewport.menubar.settings-107.0.3+69cbf6ad/omni/kit/viewport/menubar/settings/tests`: errno=28/No space left on device
2026-08-31T06:20:56Z [3,780ms] [Error] [carb] Failed to create change watch for `/home/j/env_isaaclab/lib/python3.11/site-packages/isaacsim/extscache/omni.kit.viewport.menubar.settings-107.0.3+69cbf6ad/omni/kit/viewport/menubar/settings/menu_item`: errno=28/No space left on device
2026-08-31T06:20:56Z [3,780ms] [Error] [carb] Failed to create change watch for `/home/j/env_isaaclab/lib/python3.11/site-packages/isaacsim/extscache/omni.kit.viewport.menubar.settings-107.0.3+69cbf6ad/omni/kit/viewport/menubar/settings/menu_item/resolution_collection`: errno=28/No space left on device
2026-08-31T06:20:56Z [3,780ms] [Error] [carb] Failed to create change watch for `/home/j/env_isaaclab/lib/python3.11/site-packages/isaacsim/extscache/omni.kit.viewport.menubar.settings-107.0.3+69cbf6ad/omni/kit/viewport/menubar/settings/menu_item/custom_resolution`: errno=28/No space left on device
2026-08-31T06:20:56Z [3,785ms] [Error] [carb] Failed to create change watch for `/home/j/env_isaaclab/lib/python3.11/site-packages/isaacsim/extscache/omni.kit.window.console-1.1.4+69cbf6ad.lx64.r.cp311`: errno=28/No space left on device
2026-08-31T06:20:56Z [3,785ms] [Error] [carb] Failed to create change watch for `/home/j/env_isaaclab/lib/python3.11/site-packages/isaacsim/extscache/omni.kit.window.console-1.1.4+69cbf6ad.lx64.r.cp311/config`: errno=28/No space left on device
2026-08-31T06:20:56Z [3,785ms] [Error] [carb] Failed to create change watch for `/home/j/env_isaaclab/lib/python3.11/site-packages/isaacsim/extscache/omni.kit.window.console-1.1.4+69cbf6ad.lx64.r.cp311/omni`: errno=28/No space left on device
2026-08-31T06:20:56Z [3,785ms] [Error] [carb] Failed to create change watch for `/home/j/env_isaaclab/lib/python3.11/site-packages/isaacsim/extscache/omni.kit.window.console-1.1.4+69cbf6ad.lx64.r.cp311/omni/kit`: errno=28/No space left on device
[3.794s] [ext: isaacsim.replicator.domain_randomization-1.0.16] startup
2026-08-31T06:20:56Z [3,785ms] [Error] [carb] Failed to create change watch for `/home/j/env_isaaclab/lib/python3.11/site-packages/isaacsim/extscache/omni.kit.window.console-1.1.4+69cbf6ad.lx64.r.cp311/omni/kit/window`: errno=28/No space left on device
2026-08-31T06:20:56Z [3,785ms] [Error] [carb] Failed to create change watch for `/home/j/env_isaaclab/lib/python3.11/site-packages/isaacsim/extscache/omni.kit.window.console-1.1.4+69cbf6ad.lx64.r.cp311/omni/kit/window/console`: errno=28/No space left on device
2026-08-31T06:20:56Z [3,785ms] [Error] [carb] Failed to create change watch for `/home/j/env_isaaclab/lib/python3.11/site-packages/isaacsim/extscache/omni.kit.window.console-1.1.4+69cbf6ad.lx64.r.cp311/omni/kit/window/console/tests`: errno=28/No space left on device
2026-08-31T06:20:56Z [3,785ms] [Error] [carb] Failed to create change watch for `/home/j/env_isaaclab/lib/python3.11/site-packages/isaacsim/extscache/omni.kit.window.console-1.1.4+69cbf6ad.lx64.r.cp311/omni/kit/window/console/scripts`: errno=28/No space left on device
2026-08-31T06:20:56Z [3,789ms] [Error] [carb] Failed to create change watch for `/home/j/env_isaaclab/lib/python3.11/site-packages/isaacsim/exts/isaacsim.replicator.domain_randomization`: errno=28/No space left on device
[3.798s] [ext: isaacsim.replicator.examples-1.3.6] startup
2026-08-31T06:20:56Z [3,789ms] [Error] [carb] Failed to create change watch for `/home/j/env_isaaclab/lib/python3.11/site-packages/isaacsim/exts/isaacsim.replicator.domain_randomization/config`: errno=28/No space left on device
2026-08-31T06:20:56Z [3,789ms] [Error] [carb] Failed to create change watch for `/home/j/env_isaaclab/lib/python3.11/site-packages/isaacsim/exts/isaacsim.replicator.domain_randomization/isaacsim`: errno=28/No space left on device
2026-08-31T06:20:56Z [3,789ms] [Error] [carb] Failed to create change watch for `/home/j/env_isaaclab/lib/python3.11/site-packages/isaacsim/exts/isaacsim.replicator.domain_randomization/isaacsim/replicator`: errno=28/No space left on device
2026-08-31T06:20:56Z [3,789ms] [Error] [carb] Failed to create change watch for `/home/j/env_isaaclab/lib/python3.11/site-packages/isaacsim/exts/isaacsim.replicator.domain_randomization/isaacsim/replicator/domain_randomization`: errno=28/No space left on device
2026-08-31T06:20:56Z [3,789ms] [Error] [carb] Failed to create change watch for `/home/j/env_isaaclab/lib/python3.11/site-packages/isaacsim/exts/isaacsim.replicator.domain_randomization/isaacsim/replicator/domain_randomization/tests`: errno=28/No space left on device
2026-08-31T06:20:56Z [3,789ms] [Error] [carb] Failed to create change watch for `/home/j/env_isaaclab/lib/python3.11/site-packages/isaacsim/exts/isaacsim.replicator.domain_randomization/isaacsim/replicator/domain_randomization/impl`: errno=28/No space left on device
2026-08-31T06:20:56Z [3,790ms] [Error] [carb] Failed to create change watch for `/home/j/env_isaaclab/lib/python3.11/site-packages/isaacsim/exts/isaacsim.replicator.domain_randomization/isaacsim/replicator/domain_randomization/scripts`: errno=28/No space left on device
2026-08-31T06:20:56Z [3,790ms] [Error] [carb] Failed to create change watch for `/home/j/env_isaaclab/lib/python3.11/site-packages/isaacsim/exts/isaacsim.replicator.domain_randomization/isaacsim/replicator/domain_randomization/ogn`: errno=28/No space left on device
2026-08-31T06:20:56Z [3,790ms] [Error] [carb] Failed to create change watch for `/home/j/env_isaaclab/lib/python3.11/site-packages/isaacsim/exts/isaacsim.replicator.domain_randomization/isaacsim/replicator/domain_randomization/ogn/tests`: errno=28/No space left on device
2026-08-31T06:20:56Z [3,790ms] [Error] [carb] Failed to create change watch for `/home/j/env_isaaclab/lib/python3.11/site-packages/isaacsim/exts/isaacsim.replicator.domain_randomization/isaacsim/replicator/domain_randomization/ogn/tests/usd`: errno=28/No space left on device
2026-08-31T06:20:56Z [3,790ms] [Error] [carb] Failed to create change watch for `/home/j/env_isaaclab/lib/python3.11/site-packages/isaacsim/exts/isaacsim.replicator.domain_randomization/isaacsim/replicator/domain_randomization/ogn/python`: errno=28/No space left on device
2026-08-31T06:20:56Z [3,790ms] [Error] [carb] Failed to create change watch for `/home/j/env_isaaclab/lib/python3.11/site-packages/isaacsim/exts/isaacsim.replicator.domain_randomization/isaacsim/replicator/domain_randomization/ogn/python/nodes`: errno=28/No space left on device
2026-08-31T06:20:56Z [3,792ms] [Error] [carb] Failed to create change watch for `/home/j/env_isaaclab/lib/python3.11/site-packages/isaacsim/exts/isaacsim.replicator.examples`: errno=28/No space left on device
[3.801s] [ext: omni.ocio-0.1.1] startup
2026-08-31T06:20:56Z [3,792ms] [Error] [carb] Failed to create change watch for `/home/j/env_isaaclab/lib/python3.11/site-packages/isaacsim/exts/isaacsim.replicator.examples/config`: errno=28/No space left on device
2026-08-31T06:20:56Z [3,792ms] [Error] [carb] Failed to create change watch for `/home/j/env_isaaclab/lib/python3.11/site-packages/isaacsim/exts/isaacsim.replicator.examples/isaacsim`: errno=28/No space left on device
2026-08-31T06:20:56Z [3,792ms] [Error] [carb] Failed to create change watch for `/home/j/env_isaaclab/lib/python3.11/site-packages/isaacsim/exts/isaacsim.replicator.examples/isaacsim/replicator`: errno=28/No space left on device
2026-08-31T06:20:56Z [3,792ms] [Error] [carb] Failed to create change watch for `/home/j/env_isaaclab/lib/python3.11/site-packages/isaacsim/exts/isaacsim.replicator.examples/isaacsim/replicator/examples`: errno=28/No space left on device
2026-08-31T06:20:56Z [3,792ms] [Error] [carb] Failed to create change watch for `/home/j/env_isaaclab/lib/python3.11/site-packages/isaacsim/exts/isaacsim.replicator.examples/isaacsim/replicator/examples/tests`: errno=28/No space left on device
2026-08-31T06:20:56Z [3,792ms] [Error] [carb] Failed to create change watch for `/home/j/env_isaaclab/lib/python3.11/site-packages/isaacsim/exts/isaacsim.replicator.examples/isaacsim/replicator/examples/tests/data`: errno=28/No space left on device
2026-08-31T06:20:56Z [3,792ms] [Error] [carb] Failed to create change watch for `/home/j/env_isaaclab/lib/python3.11/site-packages/isaacsim/exts/isaacsim.replicator.examples/isaacsim/replicator/examples/tests/data/golden`: errno=28/No space left on device
2026-08-31T06:20:56Z [3,792ms] [Error] [carb] Failed to create change watch for `/home/j/env_isaaclab/lib/python3.11/site-packages/isaacsim/exts/isaacsim.replicator.examples/isaacsim/replicator/examples/tests/data/golden/_out_augm_annot_warp_True`: errno=28/No space left on device
2026-08-31T06:20:56Z [3,792ms] [Error] [carb] Failed to create change watch for `/home/j/env_isaaclab/lib/python3.11/site-packages/isaacsim/exts/isaacsim.replicator.examples/isaacsim/replicator/examples/tests/data/golden/_out_augm_writer_warp_True`: errno=28/No space left on device
2026-08-31T06:20:56Z [3,792ms] [Error] [carb] Failed to create change watch for `/home/j/env_isaaclab/lib/python3.11/site-packages/isaacsim/exts/isaacsim.replicator.examples/isaacsim/replicator/examples/tests/data/golden/_out_augm_annot_warp_False`: errno=28/No space left on device
2026-08-31T06:20:56Z [3,792ms] [Error] [carb] Failed to create change watch for `/home/j/env_isaaclab/lib/python3.11/site-packages/isaacsim/exts/isaacsim.replicator.examples/isaacsim/replicator/examples/tests/data/golden/_out_augm_writer_warp_False`: errno=28/No space left on device
2026-08-31T06:20:56Z [3,792ms] [Error] [carb] Failed to create change watch for `/home/j/env_isaaclab/lib/python3.11/site-packages/isaacsim/exts/isaacsim.replicator.examples/isaacsim/replicator/examples/impl`: errno=28/No space left on device
2026-08-31T06:20:56Z [3,792ms] [Error] [carb] Failed to create change watch for `/home/j/env_isaaclab/lib/python3.11/site-packages/isaacsim/exts/isaacsim.replicator.examples/isaacsim/replicator/examples/ogn`: errno=28/No space left on device
2026-08-31T06:20:56Z [3,792ms] [Error] [carb] Failed to create change watch for `/home/j/env_isaaclab/lib/python3.11/site-packages/isaacsim/exts/isaacsim.replicator.examples/isaacsim/replicator/examples/ogn/tests`: errno=28/No space left on device
2026-08-31T06:20:56Z [3,793ms] [Error] [carb] Failed to create change watch for `/home/j/env_isaaclab/lib/python3.11/site-packages/isaacsim/exts/isaacsim.replicator.examples/isaacsim/replicator/examples/ogn/tests/usd`: errno=28/No space left on device
2026-08-31T06:20:56Z [3,793ms] [Error] [carb] Failed to create change watch for `/home/j/env_isaaclab/lib/python3.11/site-packages/isaacsim/exts/isaacsim.replicator.examples/isaacsim/replicator/examples/ogn/python`: errno=28/No space left on device
2026-08-31T06:20:56Z [3,793ms] [Error] [carb] Failed to create change watch for `/home/j/env_isaaclab/lib/python3.11/site-packages/isaacsim/exts/isaacsim.replicator.examples/isaacsim/replicator/examples/ogn/python/nodes`: errno=28/No space left on device
2026-08-31T06:20:56Z [3,793ms] [Error] [carb] Failed to create change watch for `/home/j/env_isaaclab/lib/python3.11/site-packages/isaacsim/exts/isaacsim.replicator.examples/isaacsim/replicator/examples/ogn/python/nodes/icons`: errno=28/No space left on device
2026-08-31T06:20:56Z [3,793ms] [Error] [carb] Failed to create change watch for `/home/j/env_isaaclab/lib/python3.11/site-packages/isaacsim/exts/isaacsim.replicator.examples/isaacsim/replicator/examples/ogn/python/nodes/config`: errno=28/No space left on device
2026-08-31T06:20:56Z [3,794ms] [Error] [carb] Failed to create change watch for `/home/j/env_isaaclab/lib/python3.11/site-packages/isaacsim/extscache/omni.ocio-0.1.1+69cbf6ad.lx64.r.cp311`: errno=28/No space left on device
2026-08-31T06:20:56Z [3,794ms] [Error] [carb] Failed to create change watch for `/home/j/env_isaaclab/lib/python3.11/site-packages/isaacsim/extscache/omni.ocio-0.1.1+69cbf6ad.lx64.r.cp311/config`: errno=28/No space left on device
2026-08-31T06:20:56Z [3,795ms] [Error] [carb] Failed to create change watch for `/home/j/env_isaaclab/lib/python3.11/site-packages/isaacsim/extscache/omni.ocio-0.1.1+69cbf6ad.lx64.r.cp311/omni`: errno=28/No space left on device
2026-08-31T06:20:56Z [3,795ms] [Error] [carb] Failed to create change watch for `/home/j/env_isaaclab/lib/python3.11/site-packages/isaacsim/extscache/omni.ocio-0.1.1+69cbf6ad.lx64.r.cp311/omni/ocio`: errno=28/No space left on device
2026-08-31T06:20:56Z [3,795ms] [Error] [carb] Failed to create change watch for `/home/j/env_isaaclab/lib/python3.11/site-packages/isaacsim/extscache/omni.ocio-0.1.1+69cbf6ad.lx64.r.cp311/omni/ocio/tests`: errno=28/No space left on device
[3.804s] [ext: omni.rtx.window.settings-0.6.19] startup
2026-08-31T06:20:56Z [3,802ms] [Error] [carb] Failed to create change watch for `/home/j/env_isaaclab/lib/python3.11/site-packages/isaacsim/extscache/omni.rtx.window.settings-0.6.19+69cbf6ad.lx64.r.cp311`: errno=28/No space left on device
2026-08-31T06:20:56Z [3,802ms] [Error] [carb] Failed to create change watch for `/home/j/env_isaaclab/lib/python3.11/site-packages/isaacsim/extscache/omni.rtx.window.settings-0.6.19+69cbf6ad.lx64.r.cp311/config`: errno=28/No space left on device
2026-08-31T06:20:56Z [3,802ms] [Error] [carb] Failed to create change watch for `/home/j/env_isaaclab/lib/python3.11/site-packages/isaacsim/extscache/omni.rtx.window.settings-0.6.19+69cbf6ad.lx64.r.cp311/omni`: errno=28/No space left on device
2026-08-31T06:20:56Z [3,802ms] [Error] [carb] Failed to create change watch for `/home/j/env_isaaclab/lib/python3.11/site-packages/isaacsim/extscache/omni.rtx.window.settings-0.6.19+69cbf6ad.lx64.r.cp311/omni/rtx`: errno=28/No space left on device
2026-08-31T06:20:56Z [3,802ms] [Error] [carb] Failed to create change watch for `/home/j/env_isaaclab/lib/python3.11/site-packages/isaacsim/extscache/omni.rtx.window.settings-0.6.19+69cbf6ad.lx64.r.cp311/omni/rtx/window`: errno=28/No space left on device
[3.811s] [ext: omni.kit.window.status_bar-0.1.9] startup
2026-08-31T06:20:56Z [3,802ms] [Error] [carb] Failed to create change watch for `/home/j/env_isaaclab/lib/python3.11/site-packages/isaacsim/extscache/omni.rtx.window.settings-0.6.19+69cbf6ad.lx64.r.cp311/omni/rtx/window/settings`: errno=28/No space left on device
2026-08-31T06:20:56Z [3,802ms] [Error] [carb] Failed to create change watch for `/home/j/env_isaaclab/lib/python3.11/site-packages/isaacsim/extscache/omni.rtx.window.settings-0.6.19+69cbf6ad.lx64.r.cp311/omni/rtx/window/settings/tests`: errno=28/No space left on device
2026-08-31T06:20:56Z [3,802ms] [Error] [carb] Failed to create change watch for `/home/j/env_isaaclab/lib/python3.11/site-packages/isaacsim/extscache/omni.rtx.window.settings-0.6.19+69cbf6ad.lx64.r.cp311/rtx`: errno=28/No space left on device
2026-08-31T06:20:56Z [3,808ms] [Error] [carb] Failed to create change watch for `/home/j/env_isaaclab/lib/python3.11/site-packages/isaacsim/extscache/omni.kit.window.status_bar-0.1.9+69cbf6ad.lx64.r.cp311`: errno=28/No space left on device
[3.817s] [ext: omni.kit.window.toolbar-2.0.0] startup
2026-08-31T06:20:56Z [3,808ms] [Error] [carb] Failed to create change watch for `/home/j/env_isaaclab/lib/python3.11/site-packages/isaacsim/extscache/omni.kit.window.status_bar-0.1.9+69cbf6ad.lx64.r.cp311/config`: errno=28/No space left on device
2026-08-31T06:20:56Z [3,808ms] [Error] [carb] Failed to create change watch for `/home/j/env_isaaclab/lib/python3.11/site-packages/isaacsim/extscache/omni.kit.window.status_bar-0.1.9+69cbf6ad.lx64.r.cp311/omni`: errno=28/No space left on device
2026-08-31T06:20:56Z [3,809ms] [Error] [carb] Failed to create change watch for `/home/j/env_isaaclab/lib/python3.11/site-packages/isaacsim/extscache/omni.kit.window.status_bar-0.1.9+69cbf6ad.lx64.r.cp311/omni/kit`: errno=28/No space left on device
2026-08-31T06:20:56Z [3,809ms] [Error] [carb] Failed to create change watch for `/home/j/env_isaaclab/lib/python3.11/site-packages/isaacsim/extscache/omni.kit.window.status_bar-0.1.9+69cbf6ad.lx64.r.cp311/omni/kit/window`: errno=28/No space left on device
2026-08-31T06:20:56Z [3,809ms] [Error] [carb] Failed to create change watch for `/home/j/env_isaaclab/lib/python3.11/site-packages/isaacsim/extscache/omni.kit.window.status_bar-0.1.9+69cbf6ad.lx64.r.cp311/omni/kit/window/status_bar`: errno=28/No space left on device
2026-08-31T06:20:56Z [3,809ms] [Error] [carb] Failed to create change watch for `/home/j/env_isaaclab/lib/python3.11/site-packages/isaacsim/extscache/omni.kit.window.status_bar-0.1.9+69cbf6ad.lx64.r.cp311/omni/kit/window/status_bar/tests`: errno=28/No space left on device
[3.822s] [ext: omni.replicator.isaac-2.0.8] startup
2026-08-31T06:20:56Z [3,813ms] [Error] [carb] Failed to create change watch for `/home/j/env_isaaclab/lib/python3.11/site-packages/isaacsim/extscache/omni.kit.window.toolbar-2.0.0+69cbf6ad`: errno=28/No space left on device
2026-08-31T06:20:56Z [3,813ms] [Error] [carb] Failed to create change watch for `/home/j/env_isaaclab/lib/python3.11/site-packages/isaacsim/extscache/omni.kit.window.toolbar-2.0.0+69cbf6ad/config`: errno=28/No space left on device
2026-08-31T06:20:56Z [3,813ms] [Error] [carb] Failed to create change watch for `/home/j/env_isaaclab/lib/python3.11/site-packages/isaacsim/extscache/omni.kit.window.toolbar-2.0.0+69cbf6ad/omni`: errno=28/No space left on device
2026-08-31T06:20:56Z [3,813ms] [Error] [carb] Failed to create change watch for `/home/j/env_isaaclab/lib/python3.11/site-packages/isaacsim/extscache/omni.kit.window.toolbar-2.0.0+69cbf6ad/omni/kit`: errno=28/No space left on device
2026-08-31T06:20:56Z [3,813ms] [Error] [carb] Failed to create change watch for `/home/j/env_isaaclab/lib/python3.11/site-packages/isaacsim/extscache/omni.kit.window.toolbar-2.0.0+69cbf6ad/omni/kit/window`: errno=28/No space left on device
2026-08-31T06:20:56Z [3,813ms] [Error] [carb] Failed to create change watch for `/home/j/env_isaaclab/lib/python3.11/site-packages/isaacsim/extscache/omni.kit.window.toolbar-2.0.0+69cbf6ad/omni/kit/window/toolbar`: errno=28/No space left on device
2026-08-31T06:20:56Z [3,813ms] [Error] [carb] Failed to create change watch for `/home/j/env_isaaclab/lib/python3.11/site-packages/isaacsim/extscache/omni.kit.window.toolbar-2.0.0+69cbf6ad/omni/kit/window/toolbar/tests`: errno=28/No space left on device
2026-08-31T06:20:56Z [3,813ms] [Error] [carb] Failed to create change watch for `/home/j/env_isaaclab/lib/python3.11/site-packages/isaacsim/extscache/omni.kit.window.toolbar-2.0.0+69cbf6ad/omni/kit/window/toolbar/builtin_tools`: errno=28/No space left on device
2026-08-31T06:20:56Z [3,813ms] [Error] [carb] Failed to create change watch for `/home/j/env_isaaclab/lib/python3.11/site-packages/isaacsim/extscache/omni.kit.window.toolbar-2.0.0+69cbf6ad/omni/kit/window/toolbar/builtin_tools/models`: errno=28/No space left on device
2026-08-31T06:20:56Z [3,813ms] [Warning] [omni.replicator.isaac] omni.replicator.isaac has been deprecated in favor of isaacsim.replicator.domain_randomization, isaacsim.replicator.examples, isaacsim.replicator.writers. Please update your code accordingly.
2026-08-31T06:20:56Z [3,814ms] [Error] [carb] Failed to create change watch for `/home/j/env_isaaclab/lib/python3.11/site-packages/isaacsim/extsDeprecated/omni.replicator.isaac`: errno=28/No space left on device
[3.823s] [ext: omni.replicator.replicator_yaml-2.0.11] startup
2026-08-31T06:20:56Z [3,814ms] [Error] [carb] Failed to create change watch for `/home/j/env_isaaclab/lib/python3.11/site-packages/isaacsim/extsDeprecated/omni.replicator.isaac/config`: errno=28/No space left on device
2026-08-31T06:20:56Z [3,814ms] [Error] [carb] Failed to create change watch for `/home/j/env_isaaclab/lib/python3.11/site-packages/isaacsim/extsDeprecated/omni.replicator.isaac/omni`: errno=28/No space left on device
2026-08-31T06:20:56Z [3,814ms] [Error] [carb] Failed to create change watch for `/home/j/env_isaaclab/lib/python3.11/site-packages/isaacsim/extsDeprecated/omni.replicator.isaac/omni/replicator`: errno=28/No space left on device
2026-08-31T06:20:56Z [3,814ms] [Error] [carb] Failed to create change watch for `/home/j/env_isaaclab/lib/python3.11/site-packages/isaacsim/extsDeprecated/omni.replicator.isaac/omni/replicator/isaac`: errno=28/No space left on device
2026-08-31T06:20:56Z [3,814ms] [Error] [carb] Failed to create change watch for `/home/j/env_isaaclab/lib/python3.11/site-packages/isaacsim/extsDeprecated/omni.replicator.isaac/omni/replicator/isaac/tests`: errno=28/No space left on device
2026-08-31T06:20:56Z [3,814ms] [Error] [carb] Failed to create change watch for `/home/j/env_isaaclab/lib/python3.11/site-packages/isaacsim/extsDeprecated/omni.replicator.isaac/omni/replicator/isaac/scripts`: errno=28/No space left on device
2026-08-31T06:20:56Z [3,814ms] [Error] [carb] Failed to create change watch for `/home/j/env_isaaclab/lib/python3.11/site-packages/isaacsim/extsDeprecated/omni.replicator.isaac/omni/replicator/isaac/scripts/writers`: errno=28/No space left on device
2026-08-31T06:20:56Z [3,820ms] [Error] [carb] Failed to create change watch for `/home/j/env_isaaclab/lib/python3.11/site-packages/isaacsim/extscache/omni.replicator.replicator_yaml-2.0.11+107.3.3.lx64`: errno=28/No space left on device
[3.829s] [ext: omni.rtx.settings.core-0.6.5] startup
2026-08-31T06:20:56Z [3,820ms] [Error] [carb] Failed to create change watch for `/home/j/env_isaaclab/lib/python3.11/site-packages/isaacsim/extscache/omni.replicator.replicator_yaml-2.0.11+107.3.3.lx64/config`: errno=28/No space left on device
2026-08-31T06:20:56Z [3,820ms] [Error] [carb] Failed to create change watch for `/home/j/env_isaaclab/lib/python3.11/site-packages/isaacsim/extscache/omni.replicator.replicator_yaml-2.0.11+107.3.3.lx64/omni`: errno=28/No space left on device
2026-08-31T06:20:56Z [3,820ms] [Error] [carb] Failed to create change watch for `/home/j/env_isaaclab/lib/python3.11/site-packages/isaacsim/extscache/omni.replicator.replicator_yaml-2.0.11+107.3.3.lx64/omni/replicator`: errno=28/No space left on device
2026-08-31T06:20:56Z [3,820ms] [Error] [carb] Failed to create change watch for `/home/j/env_isaaclab/lib/python3.11/site-packages/isaacsim/extscache/omni.replicator.replicator_yaml-2.0.11+107.3.3.lx64/omni/replicator/replicator_yaml`: errno=28/No space left on device
2026-08-31T06:20:56Z [3,820ms] [Error] [carb] Failed to create change watch for `/home/j/env_isaaclab/lib/python3.11/site-packages/isaacsim/extscache/omni.replicator.replicator_yaml-2.0.11+107.3.3.lx64/omni/replicator/replicator_yaml/tests`: errno=28/No space left on device
2026-08-31T06:20:56Z [3,821ms] [Error] [carb] Failed to create change watch for `/home/j/env_isaaclab/lib/python3.11/site-packages/isaacsim/extscache/omni.replicator.replicator_yaml-2.0.11+107.3.3.lx64/omni/replicator/replicator_yaml/tests/data`: errno=28/No space left on device
2026-08-31T06:20:56Z [3,821ms] [Error] [carb] Failed to create change watch for `/home/j/env_isaaclab/lib/python3.11/site-packages/isaacsim/extscache/omni.replicator.replicator_yaml-2.0.11+107.3.3.lx64/omni/replicator/replicator_yaml/tests/data/textures`: errno=28/No space left on device
2026-08-31T06:20:56Z [3,821ms] [Error] [carb] Failed to create change watch for `/home/j/env_isaaclab/lib/python3.11/site-packages/isaacsim/extscache/omni.replicator.replicator_yaml-2.0.11+107.3.3.lx64/omni/replicator/replicator_yaml/tests/data/tutorials`: errno=28/No space left on device
2026-08-31T06:20:56Z [3,821ms] [Error] [carb] Failed to create change watch for `/home/j/env_isaaclab/lib/python3.11/site-packages/isaacsim/extscache/omni.replicator.replicator_yaml-2.0.11+107.3.3.lx64/omni/replicator/replicator_yaml/tests/data/tutorials/randomizerExamples`: errno=28/No space left on device
2026-08-31T06:20:56Z [3,821ms] [Error] [carb] Failed to create change watch for `/home/j/env_isaaclab/lib/python3.11/site-packages/isaacsim/extscache/omni.replicator.replicator_yaml-2.0.11+107.3.3.lx64/omni/replicator/replicator_yaml/tests/data/tutorials/writerExamples`: errno=28/No space left on device
2026-08-31T06:20:56Z [3,821ms] [Error] [carb] Failed to create change watch for `/home/j/env_isaaclab/lib/python3.11/site-packages/isaacsim/extscache/omni.replicator.replicator_yaml-2.0.11+107.3.3.lx64/omni/replicator/replicator_yaml/tests/data/objects`: errno=28/No space left on device
2026-08-31T06:20:56Z [3,821ms] [Error] [carb] Failed to create change watch for `/home/j/env_isaaclab/lib/python3.11/site-packages/isaacsim/extscache/omni.replicator.replicator_yaml-2.0.11+107.3.3.lx64/omni/replicator/replicator_yaml/bindings`: errno=28/No space left on device
2026-08-31T06:20:56Z [3,821ms] [Error] [carb] Failed to create change watch for `/home/j/env_isaaclab/lib/python3.11/site-packages/isaacsim/extscache/omni.replicator.replicator_yaml-2.0.11+107.3.3.lx64/omni/replicator/replicator_yaml/impl`: errno=28/No space left on device
2026-08-31T06:20:56Z [3,821ms] [Error] [carb] Failed to create change watch for `/home/j/env_isaaclab/lib/python3.11/site-packages/isaacsim/extscache/omni.replicator.replicator_yaml-2.0.11+107.3.3.lx64/omni/replicator/replicator_yaml/impl/nodes`: errno=28/No space left on device
2026-08-31T06:20:56Z [3,821ms] [Error] [carb] Failed to create change watch for `/home/j/env_isaaclab/lib/python3.11/site-packages/isaacsim/extscache/omni.replicator.replicator_yaml-2.0.11+107.3.3.lx64/omni/replicator/replicator_yaml/scripts`: errno=28/No space left on device
2026-08-31T06:20:56Z [3,821ms] [Error] [carb] Failed to create change watch for `/home/j/env_isaaclab/lib/python3.11/site-packages/isaacsim/extscache/omni.replicator.replicator_yaml-2.0.11+107.3.3.lx64/omni/replicator/replicator_yaml/scripts/data`: errno=28/No space left on device
2026-08-31T06:20:56Z [3,821ms] [Error] [carb] Failed to create change watch for `/home/j/env_isaaclab/lib/python3.11/site-packages/isaacsim/extscache/omni.replicator.replicator_yaml-2.0.11+107.3.3.lx64/omni/replicator/replicator_yaml/scripts/data/parameters`: errno=28/No space left on device
2026-08-31T06:20:56Z [3,821ms] [Error] [carb] Failed to create change watch for `/home/j/env_isaaclab/lib/python3.11/site-packages/isaacsim/extscache/omni.replicator.replicator_yaml-2.0.11+107.3.3.lx64/omni/replicator/replicator_yaml/scripts/data/parameters/profiles`: errno=28/No space left on device
2026-08-31T06:20:56Z [3,821ms] [Error] [carb] Failed to create change watch for `/home/j/env_isaaclab/lib/python3.11/site-packages/isaacsim/extscache/omni.replicator.replicator_yaml-2.0.11+107.3.3.lx64/omni/replicator/replicator_yaml/scripts/data/assets`: errno=28/No space left on device
2026-08-31T06:20:56Z [3,821ms] [Error] [carb] Failed to create change watch for `/home/j/env_isaaclab/lib/python3.11/site-packages/isaacsim/extscache/omni.replicator.replicator_yaml-2.0.11+107.3.3.lx64/omni/replicator/replicator_yaml/scripts/data/assets/textures`: errno=28/No space left on device
2026-08-31T06:20:56Z [3,821ms] [Error] [carb] Failed to create change watch for `/home/j/env_isaaclab/lib/python3.11/site-packages/isaacsim/extscache/omni.replicator.replicator_yaml-2.0.11+107.3.3.lx64/omni/replicator/replicator_yaml/scripts/data/assets/models`: errno=28/No space left on device
2026-08-31T06:20:56Z [3,821ms] [Error] [carb] Failed to create change watch for `/home/j/env_isaaclab/lib/python3.11/site-packages/isaacsim/extscache/omni.replicator.replicator_yaml-2.0.11+107.3.3.lx64/omni/replicator/replicator_yaml/ogn`: errno=28/No space left on device
2026-08-31T06:20:56Z [3,821ms] [Error] [carb] Failed to create change watch for `/home/j/env_isaaclab/lib/python3.11/site-packages/isaacsim/extscache/omni.replicator.replicator_yaml-2.0.11+107.3.3.lx64/omni/replicator/replicator_yaml/ogn/tests`: errno=28/No space left on device
2026-08-31T06:20:56Z [3,821ms] [Error] [carb] Failed to create change watch for `/home/j/env_isaaclab/lib/python3.11/site-packages/isaacsim/extscache/omni.replicator.replicator_yaml-2.0.11+107.3.3.lx64/omni/replicator/replicator_yaml/ogn/tests/usd`: errno=28/No space left on device
2026-08-31T06:20:56Z [3,822ms] [Error] [carb] Failed to create change watch for `/home/j/env_isaaclab/lib/python3.11/site-packages/isaacsim/extscache/omni.replicator.replicator_yaml-2.0.11+107.3.3.lx64/omni/replicator/replicator_yaml/ogn/python`: errno=28/No space left on device
2026-08-31T06:20:56Z [3,822ms] [Error] [carb] Failed to create change watch for `/home/j/env_isaaclab/lib/python3.11/site-packages/isaacsim/extscache/omni.replicator.replicator_yaml-2.0.11+107.3.3.lx64/omni/replicator/replicator_yaml/ogn/python/impl`: errno=28/No space left on device
2026-08-31T06:20:56Z [3,822ms] [Error] [carb] Failed to create change watch for `/home/j/env_isaaclab/lib/python3.11/site-packages/isaacsim/extscache/omni.replicator.replicator_yaml-2.0.11+107.3.3.lx64/omni/replicator/replicator_yaml/ogn/python/impl/nodes`: errno=28/No space left on device
2026-08-31T06:20:56Z [3,824ms] [Error] [carb] Failed to create change watch for `/home/j/env_isaaclab/lib/python3.11/site-packages/isaacsim/extscache/omni.rtx.settings.core-0.6.5+69cbf6ad`: errno=28/No space left on device
[3.833s] [ext: omni.usd.metrics.assembler.ui-107.3.1] startup
2026-08-31T06:20:56Z [3,824ms] [Error] [carb] Failed to create change watch for `/home/j/env_isaaclab/lib/python3.11/site-packages/isaacsim/extscache/omni.rtx.settings.core-0.6.5+69cbf6ad/config`: errno=28/No space left on device
2026-08-31T06:20:56Z [3,824ms] [Error] [carb] Failed to create change watch for `/home/j/env_isaaclab/lib/python3.11/site-packages/isaacsim/extscache/omni.rtx.settings.core-0.6.5+69cbf6ad/omni`: errno=28/No space left on device
2026-08-31T06:20:56Z [3,824ms] [Error] [carb] Failed to create change watch for `/home/j/env_isaaclab/lib/python3.11/site-packages/isaacsim/extscache/omni.rtx.settings.core-0.6.5+69cbf6ad/omni/rtx`: errno=28/No space left on device
2026-08-31T06:20:56Z [3,824ms] [Error] [carb] Failed to create change watch for `/home/j/env_isaaclab/lib/python3.11/site-packages/isaacsim/extscache/omni.rtx.settings.core-0.6.5+69cbf6ad/omni/rtx/settings`: errno=28/No space left on device
2026-08-31T06:20:56Z [3,824ms] [Error] [carb] Failed to create change watch for `/home/j/env_isaaclab/lib/python3.11/site-packages/isaacsim/extscache/omni.rtx.settings.core-0.6.5+69cbf6ad/omni/rtx/settings/core`: errno=28/No space left on device
2026-08-31T06:20:56Z [3,824ms] [Error] [carb] Failed to create change watch for `/home/j/env_isaaclab/lib/python3.11/site-packages/isaacsim/extscache/omni.rtx.settings.core-0.6.5+69cbf6ad/omni/rtx/settings/core/tests`: errno=28/No space left on device
2026-08-31T06:20:56Z [3,824ms] [Error] [carb] Failed to create change watch for `/home/j/env_isaaclab/lib/python3.11/site-packages/isaacsim/extscache/omni.rtx.settings.core-0.6.5+69cbf6ad/omni/rtx/settings/core/widgets`: errno=28/No space left on device
2026-08-31T06:20:56Z [3,834ms] [Error] [carb] Failed to create change watch for `/home/j/env_isaaclab/lib/python3.11/site-packages/isaacsim/extscache/omni.usd.metrics.assembler.ui-107.3.1+107.3.0.cp311.u353`: errno=28/No space left on device
[3.843s] [ext: omni.isaac.utils-2.0.6] startup
2026-08-31T06:20:56Z [3,834ms] [Error] [carb] Failed to create change watch for `/home/j/env_isaaclab/lib/python3.11/site-packages/isaacsim/extscache/omni.usd.metrics.assembler.ui-107.3.1+107.3.0.cp311.u353/config`: errno=28/No space left on device
2026-08-31T06:20:56Z [3,834ms] [Error] [carb] Failed to create change watch for `/home/j/env_isaaclab/lib/python3.11/site-packages/isaacsim/extscache/omni.usd.metrics.assembler.ui-107.3.1+107.3.0.cp311.u353/omni`: errno=28/No space left on device
2026-08-31T06:20:56Z [3,834ms] [Error] [carb] Failed to create change watch for `/home/j/env_isaaclab/lib/python3.11/site-packages/isaacsim/extscache/omni.usd.metrics.assembler.ui-107.3.1+107.3.0.cp311.u353/omni/metrics`: errno=28/No space left on device
2026-08-31T06:20:56Z [3,834ms] [Error] [carb] Failed to create change watch for `/home/j/env_isaaclab/lib/python3.11/site-packages/isaacsim/extscache/omni.usd.metrics.assembler.ui-107.3.1+107.3.0.cp311.u353/omni/metrics/assembler`: errno=28/No space left on device
2026-08-31T06:20:56Z [3,834ms] [Error] [carb] Failed to create change watch for `/home/j/env_isaaclab/lib/python3.11/site-packages/isaacsim/extscache/omni.usd.metrics.assembler.ui-107.3.1+107.3.0.cp311.u353/omni/metrics/assembler/ui`: errno=28/No space left on device
2026-08-31T06:20:56Z [3,834ms] [Error] [carb] Failed to create change watch for `/home/j/env_isaaclab/lib/python3.11/site-packages/isaacsim/extscache/omni.usd.metrics.assembler.ui-107.3.1+107.3.0.cp311.u353/omni/metrics/assembler/ui/tests`: errno=28/No space left on device
[3.844s] [ext: semantics.schema.editor-2.0.2] startup
2026-08-31T06:20:56Z [3,835ms] [Error] [carb] Failed to create change watch for `/home/j/env_isaaclab/lib/python3.11/site-packages/isaacsim/extsDeprecated/omni.isaac.utils`: errno=28/No space left on device
2026-08-31T06:20:56Z [3,835ms] [Error] [carb] Failed to create change watch for `/home/j/env_isaaclab/lib/python3.11/site-packages/isaacsim/extsDeprecated/omni.isaac.utils/config`: errno=28/No space left on device
2026-08-31T06:20:56Z [3,835ms] [Error] [carb] Failed to create change watch for `/home/j/env_isaaclab/lib/python3.11/site-packages/isaacsim/extsDeprecated/omni.isaac.utils/omni`: errno=28/No space left on device
2026-08-31T06:20:56Z [3,835ms] [Error] [carb] Failed to create change watch for `/home/j/env_isaaclab/lib/python3.11/site-packages/isaacsim/extsDeprecated/omni.isaac.utils/omni/isaac`: errno=28/No space left on device
2026-08-31T06:20:56Z [3,835ms] [Error] [carb] Failed to create change watch for `/home/j/env_isaaclab/lib/python3.11/site-packages/isaacsim/extsDeprecated/omni.isaac.utils/omni/isaac/utils`: errno=28/No space left on device
2026-08-31T06:20:56Z [3,835ms] [Error] [carb] Failed to create change watch for `/home/j/env_isaaclab/lib/python3.11/site-packages/isaacsim/extsDeprecated/omni.isaac.utils/omni/isaac/utils/tests`: errno=28/No space left on device
2026-08-31T06:20:56Z [3,835ms] [Error] [carb] Failed to create change watch for `/home/j/env_isaaclab/lib/python3.11/site-packages/isaacsim/extsDeprecated/omni.isaac.utils/omni/isaac/utils/scripts`: errno=28/No space left on device
2026-08-31T06:20:56Z [3,840ms] [Error] [carb] Failed to create change watch for `/home/j/env_isaaclab/lib/python3.11/site-packages/isaacsim/extscache/semantics.schema.editor-2.0.2`: errno=28/No space left on device
2026-08-31T06:20:56Z [3,840ms] [Error] [carb] Failed to create change watch for `/home/j/env_isaaclab/lib/python3.11/site-packages/isaacsim/extscache/semantics.schema.editor-2.0.2/config`: errno=28/No space left on device
2026-08-31T06:20:56Z [3,840ms] [Error] [carb] Failed to create change watch for `/home/j/env_isaaclab/lib/python3.11/site-packages/isaacsim/extscache/semantics.schema.editor-2.0.2/semantics`: errno=28/No space left on device
2026-08-31T06:20:56Z [3,840ms] [Error] [carb] Failed to create change watch for `/home/j/env_isaaclab/lib/python3.11/site-packages/isaacsim/extscache/semantics.schema.editor-2.0.2/semantics/schema`: errno=28/No space left on device
2026-08-31T06:20:56Z [3,840ms] [Error] [carb] Failed to create change watch for `/home/j/env_isaaclab/lib/python3.11/site-packages/isaacsim/extscache/semantics.schema.editor-2.0.2/semantics/schema/editor`: errno=28/No space left on device
[3.849s] [ext: omni.kit.ui.actions-1.0.5] startup
2026-08-31T06:20:56Z [3,840ms] [Error] [carb] Failed to create change watch for `/home/j/env_isaaclab/lib/python3.11/site-packages/isaacsim/extscache/semantics.schema.editor-2.0.2/semantics/schema/editor/tests`: errno=28/No space left on device
2026-08-31T06:20:56Z [3,840ms] [Error] [carb] Failed to create change watch for `/home/j/env_isaaclab/lib/python3.11/site-packages/isaacsim/extscache/semantics.schema.editor-2.0.2/semantics/schema/editor/tests/data`: errno=28/No space left on device
2026-08-31T06:20:56Z [3,842ms] [Error] [carb] Failed to create change watch for `/home/j/env_isaaclab/lib/python3.11/site-packages/isaacsim/extscache/omni.kit.ui.actions-1.0.5+69cbf6ad`: errno=28/No space left on device
2026-08-31T06:20:56Z [3,843ms] [Error] [carb] Failed to create change watch for `/home/j/env_isaaclab/lib/python3.11/site-packages/isaacsim/extscache/omni.kit.ui.actions-1.0.5+69cbf6ad/config`: errno=28/No space left on device
[3.852s] [ext: semantics.schema.property-2.0.1] startup
2026-08-31T06:20:56Z [3,843ms] [Error] [carb] Failed to create change watch for `/home/j/env_isaaclab/lib/python3.11/site-packages/isaacsim/extscache/omni.kit.ui.actions-1.0.5+69cbf6ad/omni`: errno=28/No space left on device
2026-08-31T06:20:56Z [3,843ms] [Error] [carb] Failed to create change watch for `/home/j/env_isaaclab/lib/python3.11/site-packages/isaacsim/extscache/omni.kit.ui.actions-1.0.5+69cbf6ad/omni/kit`: errno=28/No space left on device
2026-08-31T06:20:56Z [3,843ms] [Error] [carb] Failed to create change watch for `/home/j/env_isaaclab/lib/python3.11/site-packages/isaacsim/extscache/omni.kit.ui.actions-1.0.5+69cbf6ad/omni/kit/ui`: errno=28/No space left on device
2026-08-31T06:20:56Z [3,843ms] [Error] [carb] Failed to create change watch for `/home/j/env_isaaclab/lib/python3.11/site-packages/isaacsim/extscache/omni.kit.ui.actions-1.0.5+69cbf6ad/omni/kit/ui/actions`: errno=28/No space left on device
2026-08-31T06:20:56Z [3,843ms] [Error] [carb] Failed to create change watch for `/home/j/env_isaaclab/lib/python3.11/site-packages/isaacsim/extscache/omni.kit.ui.actions-1.0.5+69cbf6ad/omni/kit/ui/actions/tests`: errno=28/No space left on device
2026-08-31T06:20:56Z [3,844ms] [Error] [carb] Failed to create change watch for `/home/j/env_isaaclab/lib/python3.11/site-packages/isaacsim/extscache/semantics.schema.property-2.0.1`: errno=28/No space left on device
[3.853s] [ext: omni.isaac.version-2.0.7] startup
2026-08-31T06:20:56Z [3,844ms] [Warning] [omni.isaac.version] omni.isaac.version has been deprecated in favor of isaacsim.core.version. Please update your code accordingly.
2026-08-31T06:20:56Z [3,844ms] [Error] [carb] Failed to create change watch for `/home/j/env_isaaclab/lib/python3.11/site-packages/isaacsim/extscache/semantics.schema.property-2.0.1/config`: errno=28/No space left on device
2026-08-31T06:20:56Z [3,844ms] [Error] [carb] Failed to create change watch for `/home/j/env_isaaclab/lib/python3.11/site-packages/isaacsim/extscache/semantics.schema.property-2.0.1/semantics`: errno=28/No space left on device
2026-08-31T06:20:56Z [3,844ms] [Error] [carb] Failed to create change watch for `/home/j/env_isaaclab/lib/python3.11/site-packages/isaacsim/extscache/semantics.schema.property-2.0.1/semantics/schema`: errno=28/No space left on device
2026-08-31T06:20:56Z [3,844ms] [Error] [carb] Failed to create change watch for `/home/j/env_isaaclab/lib/python3.11/site-packages/isaacsim/extsDeprecated/omni.isaac.version`: errno=28/No space left on device
2026-08-31T06:20:56Z [3,844ms] [Error] [carb] Failed to create change watch for `/home/j/env_isaaclab/lib/python3.11/site-packages/isaacsim/extscache/semantics.schema.property-2.0.1/semantics/schema/property`: errno=28/No space left on device
2026-08-31T06:20:56Z [3,844ms] [Error] [carb] Failed to create change watch for `/home/j/env_isaaclab/lib/python3.11/site-packages/isaacsim/extscache/semantics.schema.property-2.0.1/semantics/schema/property/tests`: errno=28/No space left on device
2026-08-31T06:20:56Z [3,844ms] [Error] [carb] Failed to create change watch for `/home/j/env_isaaclab/lib/python3.11/site-packages/isaacsim/extsDeprecated/omni.isaac.version/config`: errno=28/No space left on device
2026-08-31T06:20:56Z [3,844ms] [Error] [carb] Failed to create change watch for `/home/j/env_isaaclab/lib/python3.11/site-packages/isaacsim/extsDeprecated/omni.isaac.version/omni`: errno=28/No space left on device
2026-08-31T06:20:56Z [3,844ms] [Error] [carb] Failed to create change watch for `/home/j/env_isaaclab/lib/python3.11/site-packages/isaacsim/extsDeprecated/omni.isaac.version/omni/isaac`: errno=28/No space left on device
2026-08-31T06:20:56Z [3,845ms] [Error] [carb] Failed to create change watch for `/home/j/env_isaaclab/lib/python3.11/site-packages/isaacsim/extsDeprecated/omni.isaac.version/omni/isaac/version`: errno=28/No space left on device
2026-08-31T06:20:56Z [3,845ms] [Error] [carb] Failed to create change watch for `/home/j/env_isaaclab/lib/python3.11/site-packages/isaacsim/extsDeprecated/omni.isaac.version/omni/isaac/version/tests`: errno=28/No space left on device
[3.854s] [ext: omni.isaac.cortex-1.0.5] startup
[3.855s] [ext: omni.anim.curve.core-1.3.1] startup
2026-08-31T06:20:56Z [3,846ms] [Error] [carb] Failed to create change watch for `/home/j/env_isaaclab/lib/python3.11/site-packages/isaacsim/extsDeprecated/omni.isaac.cortex`: errno=28/No space left on device
2026-08-31T06:20:56Z [3,847ms] [Error] [carb] Failed to create change watch for `/home/j/env_isaaclab/lib/python3.11/site-packages/isaacsim/extsDeprecated/omni.isaac.cortex/config`: errno=28/No space left on device
2026-08-31T06:20:56Z [3,847ms] [Error] [carb] Failed to create change watch for `/home/j/env_isaaclab/lib/python3.11/site-packages/isaacsim/extsDeprecated/omni.isaac.cortex/omni`: errno=28/No space left on device
2026-08-31T06:20:56Z [3,847ms] [Error] [carb] Failed to create change watch for `/home/j/env_isaaclab/lib/python3.11/site-packages/isaacsim/extsDeprecated/omni.isaac.cortex/omni/isaac`: errno=28/No space left on device
2026-08-31T06:20:56Z [3,847ms] [Error] [carb] Failed to create change watch for `/home/j/env_isaaclab/lib/python3.11/site-packages/isaacsim/extsDeprecated/omni.isaac.cortex/omni/isaac/cortex`: errno=28/No space left on device
[3.863s] [ext: isaacsim.core.throttling-2.2.2] startup
2026-08-31T06:20:56Z [3,854ms] [Error] [carb] Failed to create change watch for `/home/j/env_isaaclab/lib/python3.11/site-packages/isaacsim/extscache/omni.anim.curve.core-1.3.1+107.2.0.lx64.r.cp311.u353`: errno=28/No space left on device
2026-08-31T06:20:56Z [3,854ms] [Error] [carb] Failed to create change watch for `/home/j/env_isaaclab/lib/python3.11/site-packages/isaacsim/extscache/omni.anim.curve.core-1.3.1+107.2.0.lx64.r.cp311.u353/config`: errno=28/No space left on device
2026-08-31T06:20:56Z [3,854ms] [Error] [carb] Failed to create change watch for `/home/j/env_isaaclab/lib/python3.11/site-packages/isaacsim/extscache/omni.anim.curve.core-1.3.1+107.2.0.lx64.r.cp311.u353/omni`: errno=28/No space left on device
2026-08-31T06:20:56Z [3,854ms] [Error] [carb] Failed to create change watch for `/home/j/env_isaaclab/lib/python3.11/site-packages/isaacsim/extscache/omni.anim.curve.core-1.3.1+107.2.0.lx64.r.cp311.u353/omni/anim`: errno=28/No space left on device
2026-08-31T06:20:56Z [3,854ms] [Error] [carb] Failed to create change watch for `/home/j/env_isaaclab/lib/python3.11/site-packages/isaacsim/extscache/omni.anim.curve.core-1.3.1+107.2.0.lx64.r.cp311.u353/omni/anim/curve`: errno=28/No space left on device
2026-08-31T06:20:56Z [3,854ms] [Error] [carb] Failed to create change watch for `/home/j/env_isaaclab/lib/python3.11/site-packages/isaacsim/extscache/omni.anim.curve.core-1.3.1+107.2.0.lx64.r.cp311.u353/omni/anim/curve/core`: errno=28/No space left on device
2026-08-31T06:20:56Z [3,854ms] [Error] [carb] Failed to create change watch for `/home/j/env_isaaclab/lib/python3.11/site-packages/isaacsim/extscache/omni.anim.curve.core-1.3.1+107.2.0.lx64.r.cp311.u353/omni/anim/curve/core/tests`: errno=28/No space left on device
2026-08-31T06:20:56Z [3,855ms] [Error] [carb] Failed to create change watch for `/home/j/env_isaaclab/lib/python3.11/site-packages/isaacsim/extscache/omni.anim.curve.core-1.3.1+107.2.0.lx64.r.cp311.u353/omni/anim/curve/core/bindings`: errno=28/No space left on device
2026-08-31T06:20:56Z [3,855ms] [Error] [carb] Failed to create change watch for `/home/j/env_isaaclab/lib/python3.11/site-packages/isaacsim/extscache/omni.anim.curve.core-1.3.1+107.2.0.lx64.r.cp311.u353/omni/anim/curve/core/scripts`: errno=28/No space left on device
2026-08-31T06:20:56Z [3,855ms] [Error] [carb] Failed to create change watch for `/home/j/env_isaaclab/lib/python3.11/site-packages/isaacsim/extscache/omni.anim.curve.core-1.3.1+107.2.0.lx64.r.cp311.u353/omni/anim/curve/core/ogn`: errno=28/No space left on device
2026-08-31T06:20:56Z [3,855ms] [Error] [carb] Failed to create change watch for `/home/j/env_isaaclab/lib/python3.11/site-packages/isaacsim/extscache/omni.anim.curve.core-1.3.1+107.2.0.lx64.r.cp311.u353/omni/anim/curve/core/ogn/tests`: errno=28/No space left on device
2026-08-31T06:20:56Z [3,855ms] [Error] [carb] Failed to create change watch for `/home/j/env_isaaclab/lib/python3.11/site-packages/isaacsim/extscache/omni.anim.curve.core-1.3.1+107.2.0.lx64.r.cp311.u353/omni/anim/curve/core/ogn/tests/usd`: errno=28/No space left on device
2026-08-31T06:20:56Z [3,855ms] [Error] [carb] Failed to create change watch for `/home/j/env_isaaclab/lib/python3.11/site-packages/isaacsim/exts/isaacsim.core.throttling`: errno=28/No space left on device
2026-08-31T06:20:56Z [3,855ms] [Error] [carb] Failed to create change watch for `/home/j/env_isaaclab/lib/python3.11/site-packages/isaacsim/exts/isaacsim.core.throttling/config`: errno=28/No space left on device
2026-08-31T06:20:56Z [3,855ms] [Error] [carb] Failed to create change watch for `/home/j/env_isaaclab/lib/python3.11/site-packages/isaacsim/exts/isaacsim.core.throttling/isaacsim`: errno=28/No space left on device
2026-08-31T06:20:56Z [3,855ms] [Error] [carb] Failed to create change watch for `/home/j/env_isaaclab/lib/python3.11/site-packages/isaacsim/exts/isaacsim.core.throttling/isaacsim/core`: errno=28/No space left on device
2026-08-31T06:20:56Z [3,855ms] [Error] [carb] Failed to create change watch for `/home/j/env_isaaclab/lib/python3.11/site-packages/isaacsim/exts/isaacsim.core.throttling/isaacsim/core/throttling`: errno=28/No space left on device
2026-08-31T06:20:56Z [3,855ms] [Error] [carb] Failed to create change watch for `/home/j/env_isaaclab/lib/python3.11/site-packages/isaacsim/exts/isaacsim.core.throttling/isaacsim/core/throttling/tests`: errno=28/No space left on device
[3.865s] [ext: omni.kit.menu.common-2.0.1] startup
2026-08-31T06:20:56Z [3,858ms] [Error] [carb] Failed to create change watch for `/home/j/env_isaaclab/lib/python3.11/site-packages/isaacsim/extscache/omni.kit.menu.common-2.0.1+69cbf6ad`: errno=28/No space left on device
2026-08-31T06:20:56Z [3,858ms] [Error] [carb] Failed to create change watch for `/home/j/env_isaaclab/lib/python3.11/site-packages/isaacsim/extscache/omni.kit.menu.common-2.0.1+69cbf6ad/config`: errno=28/No space left on device
2026-08-31T06:20:56Z [3,858ms] [Error] [carb] Failed to create change watch for `/home/j/env_isaaclab/lib/python3.11/site-packages/isaacsim/extscache/omni.kit.menu.common-2.0.1+69cbf6ad/omni`: errno=28/No space left on device
[3.867s] [ext: isaacsim.exp.base-5.1.0] startup
2026-08-31T06:20:56Z [3,858ms] [Error] [carb] Failed to create change watch for `/home/j/env_isaaclab/lib/python3.11/site-packages/isaacsim/extscache/omni.kit.menu.common-2.0.1+69cbf6ad/omni/kit`: errno=28/No space left on device
2026-08-31T06:20:56Z [3,858ms] [Error] [carb] Failed to create change watch for `/home/j/env_isaaclab/lib/python3.11/site-packages/isaacsim/extscache/omni.kit.menu.common-2.0.1+69cbf6ad/omni/kit/menu`: errno=28/No space left on device
2026-08-31T06:20:56Z [3,858ms] [Error] [carb] Failed to create change watch for `/home/j/env_isaaclab/lib/python3.11/site-packages/isaacsim/extscache/omni.kit.menu.common-2.0.1+69cbf6ad/omni/kit/menu/common`: errno=28/No space left on device
2026-08-31T06:20:56Z [3,858ms] [Error] [carb] Failed to create change watch for `/home/j/env_isaaclab/lib/python3.11/site-packages/isaacsim/extscache/omni.kit.menu.common-2.0.1+69cbf6ad/omni/kit/menu/common/tests`: errno=28/No space left on device
[3.868s] [ext: isaacsim.exp.base.python-5.1.0] startup
[3.869s] Simulation App Starting
2026-08-31T06:20:56Z [4,053ms] [Warning] [omni.fabric.plugin] Warning: attribute viewportHandle not found for bucket id 9

[4.094s] app ready
Starting kit application with the following args:  ['/home/j/env_isaaclab/lib/python3.11/site-packages/isaacsim/exts/isaacsim.simulation_app/isaacsim/simulation_app/simulation_app.py', '/home/j/env_isaaclab/lib/python3.11/site-packages/isaacsim/apps/isaacsim.exp.base.python.kit', '--/app/tokens/exe-path=/home/j/env_isaaclab/lib/python3.11/site-packages/isaacsim/kit', '--/persistent/app/viewport/displayOptions=3094', '--/rtx/materialDb/syncLoads=True', '--/rtx/hydra/materialSyncLoads=True', '--/omni.kit.plugin/syncUsdLoads=True', '--/app/renderer/resolution/width=1280', '--/app/renderer/resolution/height=720', '--/app/window/width=1440', '--/app/window/height=900', '--/renderer/multiGpu/enabled=True', '--/app/fastShutdown=True', '--/app/installSignalHandlers=0', '--ext-folder', '/home/j/env_isaaclab/lib/python3.11/site-packages/isaacsim/exts', '--ext-folder', '/home/j/env_isaaclab/lib/python3.11/site-packages/isaacsim/apps', '--/physics/cudaDevice=0', '--/plugins/carb.tasking.plugin/threadCount=20', '--/plugins/omni.tbb.globalcontrol/maxThreadCount=20', '--portable', '--no-window', '--/app/window/hideUi=1']
Passing the following args to the base kit application:  ['--config', 'config/temporal_environment.yaml', '--output', 'results/temporal/run_20260831_151953']
Warp 1.8.2 initialized:
   CUDA Toolkit 12.8, Driver 12.8
   Devices:
     "cpu"      : "x86_64"
     "cuda:0"   : "NVIDIA GeForce RTX 4060 Laptop GPU" (8 GiB, sm_89, mempool enabled)
   Kernel cache:
     /home/j/.cache/warp/1.8.2
Warp DeprecationWarning: The `warp.sim` module is deprecated and will be removed in v1.10. Please transition to using the forthcoming Newton library instead.
[temporal-isaac] building USD scene
[temporal-isaac] applying Year0
[temporal-isaac] rendering Year0 pose 0
[temporal-isaac] rendering Year0 pose 1
[temporal-isaac] rendering Year0 pose 2
[temporal-isaac] applying Year2
[temporal-isaac] rendering Year2 pose 0
[temporal-isaac] rendering Year2 pose 1
[temporal-isaac] rendering Year2 pose 2
[temporal-isaac] applying Year5
[temporal-isaac] rendering Year5 pose 0
[temporal-isaac] rendering Year5 pose 1
[temporal-isaac] rendering Year5 pose 2
[temporal-isaac] applying Year10
[temporal-isaac] rendering Year10 pose 0
[temporal-isaac] rendering Year10 pose 1
[temporal-isaac] rendering Year10 pose 2
[temporal-isaac] applying CaseAppearance
[temporal-isaac] rendering CaseAppearance pose 0
[temporal-isaac] rendering CaseAppearance pose 1
[temporal-isaac] rendering CaseAppearance pose 2
[temporal-isaac] applying CaseStructural
[temporal-isaac] rendering CaseStructural pose 0
[temporal-isaac] rendering CaseStructural pose 1
[temporal-isaac] rendering CaseStructural pose 2
[temporal-isaac] wrote results/temporal/run_20260831_151953
[6.098s] Simulation App Startup Complete
2026-08-31T06:20:58Z [6,449ms] [Warning] [rtx.postprocessing.plugin] DLSS increasing input dimensions: Render resolution of (160, 160) is below minimal input resolution of 300.
2026-08-31T06:20:58Z [6,506ms] [Warning] [omni.syntheticdata.plugin] OgnSdPostRenderVarToHost : rendervar copy from texture directly to host buffer is counter-performant. Please use copy from texture to device buffer first.
2026-08-31T06:20:59Z [6,730ms] [Warning] [carb] Plugin interface for a client: omni.hydratexture.plugin was already released.
2026-08-31T06:20:59Z [6,897ms] [Warning] [omni.fabric.plugin] Warning: attribute primvars:displayColor:indices not found for path /World/Environment/Vegetation/Tree_008

2026-08-31T06:21:01Z [9,585ms] [Warning] [carb] Plugin interface for a client: omni.hydratexture.plugin was already released.
[9.649s] Simulation App Shutting Down
