Time,ESS,Particles,Runtime_ms,rGNSS,rLiDAR,rOdom,Difficulty,lambdaMotion,lambdaGNSS,lambdaLiDAR,lambdaBroad,sigmaGNSS,sigmaLiDAR,sigmaLiDARYaw
0,719.176248310345,1797,1.393,0.164331525564194,0.02276954613626,0.0584396906197071,0.823464155197144,0.365336812273666,0.226054999926657,0,0.408608187799677,6.28673439332694,2.56744839989683,0.301587130957774
0.200000047683716,1224.53152911581,3500,1.3945,0.155383929610252,0.0191547982394695,0.0569813288748264,0.834180891513824,0.354920474161201,0.208545621734098,0.0335532802937199,0.402980623810982,6.40701045088495,2.58514327454164,0.303563667426763
0.400000095367432,1151.28412893886,3500,1.636,0.153865769505501,0.022240960970521,0.0609849952161312,0.830172121524811,0.35891807913639,0.206396674067552,0.0335351837401648,0.401150063055893,6.42754508811615,2.57003184600963,0.301875704658357
0.599999904632568,1174.72470952036,3500,1.3381,0.163754001259804,0.0212669372558594,0.0749180614948273,0.813625454902649,0.365748370886851,0.2151041541508,0.0328395264384298,0.38630794852392,6.29445896327191,2.57479602027131,0.302407868031191
0.799999952316284,1252.09157408211,3500,1.2836,0.140187352895737,0.0217150636017323,0.0791656300425529,0.8388512134552,0.376372210659311,0.187268057975444,0.033396032899402,0.402963698465842,6.61422230496352,2.57260354195941,0.302162965853134
1,1244.21209007168,3500,1.2455,0.150707051157951,0.0229487027972937,0.0738187730312347,0.828498423099518,0.369201435622955,0.200452235992671,0.0332519670533834,0.39709436133099,6.47038810362258,2.56657309341373,0.301489358285171
1.20000004768372,1229.39279949279,3500,1.2482,0.15839846432209,0.0231361519545317,0.0717562586069107,0.828617334365845,0.364098674706499,0.208981757636559,0.0329835517236474,0.393936015933295,6.36634515884333,2.5656574440455,0.301387079269047
1.40000009536743,1127.15239354788,3500,1.2662,0.167423591017723,0.0245310496538877,0.0742989704012871,0.828595161437988,0.361468584414775,0.217728628830112,0.0325116412069826,0.38829114554813,6.24546781435059,2.55884918272337,0.30062658918004
1.59999990463257,1202.97558728862,3500,1.4034,0.176921173930168,0.0255752056837082,0.0792926624417305,0.823433518409729,0.360708213912326,0.226422958471801,0.0327310383816224,0.380137789234251,6.11967003139594,2.55375919944587,0.300058032590832
1.79999995231628,1202.81117317235,3500,1.4009,0.174631983041763,0.0231264475733042,0.0699966102838516,0.823390662670135,0.356043550978963,0.226428222971823,0.0324150563699538,0.38511316967926,6.14985890734058,2.56570484357688,0.301392373847521
2,1176.28658676323,3500,1.7664,0.166739031672478,0.0242674015462399,0.0652321726083755,0.829246342182159,0.355769922445995,0.21899177735852,0.0328345101866552,0.39240379000883,6.25459073070496,2.56013525921332,0.300770245302805
2.20000004768372,1152.55892563158,3500,1.6521,0.177322894334793,0.0279883556067944,0.0771044343709946,0.825039625167847,0.357795818779992,0.22647626108825,0.0357466426183379,0.37998127751342,6.11438096148546,2.54201659208996,0.298746370759603
2.40000009536743,1251.04369070042,3500,1.6461,0.178422376513481,0.0266000591218472,0.0775672793388367,0.824469208717346,0.358302179333233,0.227909310565755,0.0339778073464369,0.379810702754576,6.09991833131005,2.54876861225398,0.299500578650951
2.59999990463257,1210.12024102545,3500,1.46,0.171031698584557,0.0250332988798618,0.0705564543604851,0.828952431678772,0.357286930325785,0.222181195533593,0.0325198680671915,0.388012006073431,6.19750755801284,2.55640017073271,0.30035303191503
2.79999995231628,1187.01920194795,3500,1.3469,0.171283364295959,0.0250663440674543,0.0677324235439301,0.828514635562897,0.355371517494739,0.223102082646719,0.0326497181368139,0.388876681721729,6.19417009834099,2.556239083675,0.300335038317978
3,1172.45308519382,3500,1.2579,0.178239226341248,0.0261688847094774,0.0691593438386917,0.826539397239685,0.352878102313845,0.229596756201043,0.0337091400474996,0.383816001437613,6.10232615299385,2.55086760276996,0.299735038141972
3.20000004768372,1136.51135083003,3500,1.2704,0.182809412479401,0.026191720739007,0.0673036947846413,0.82640814781189,0.349614740815153,0.234545308956968,0.0336040970184576,0.382235853209422,6.0424036506581,2.55075641189314,0.29972261800182
3.40000009536743,1183.97511315387,3500,1.356,0.199455752968788,0.0271993558853865,0.0699652954936028,0.810884475708008,0.345594987557973,0.251047721069421,0.0342348426051715,0.369122448767434,5.82696873163816,2.54585273297452,0.299174871809241
3.59999990463257,1124.44997533587,3500,1.336,0.201908260583878,0.0277642067521811,0.0748402178287506,0.812687695026398,0.347164595184467,0.251801729346831,0.0346250086743623,0.366408666794339,5.79560339619402,2.54310609418054,0.298868069311206
3.79999995231628,1167.28504936777,3500,1.339,0.197718992829323,0.0257461778819561,0.0654152855277061,0.811043322086334,0.344025391827566,0.25097546113019,0.0326810225654029,0.37231812447684,5.84923851573437,2.55292627477904,0.299964994012546
4,1138.97604874791,3500,1.4667,0.192670881748199,0.0260636135935783,0.0624185241758823,0.815833389759064,0.343513710187037,0.246328349330004,0.0333221442484067,0.376835796234552,5.91424244141784,2.551380211916,0.299792297133167
4.20000004768372,1146.93901967244,3500,1.4356,0.21007151901722,0.0297878626734018,0.0731267184019089,0.804707884788513,0.342738106668826,0.259889604653044,0.0368520011178431,0.360520287560287,5.6918960405421,2.53327897853961,0.297770369958192
4.40000009536743,1137.374418877,3500,1.4483,0.191298142075539,0.0259464979171753,0.0630786865949631,0.816762804985046,0.344478613894733,0.244791166797107,0.0332019612450601,0.3775282580631,5.93198956008381,2.55195056229954,0.299856005882497
4.59999990463257,1107.3455208574,3500,1.3483,0.194102197885513,0.0261549856513739,0.0611812844872475,0.812878906726837,0.342423806525276,0.248262608006561,0.033453021248189,0.375860564219974,5.89577013962368,2.55093527992919,0.299742597753216
4.79999995231628,1157.20193596556,3500,1.2977,0.193631157279015,0.0267785266041756,0.065961018204689,0.814211666584015,0.345301779539089,0.246311597480153,0.0340640512545969,0.374322571726161,5.90184568408945,2.54790009069685,0.299403563861854
5,1134.11040133653,3500,1.2789,0.198832675814629,0.0278004985302687,0.074419341981411,0.813522100448608,0.348108482029764,0.248933882983281,0.0348055772003125,0.368152057786643,5.83495265073878,2.54292967664499,0.298848363283342
5.20000004768372,1110.51984354433,3500,1.2575,0.211926072835922,0.0270749107003212,0.0666090101003647,0.802629947662354,0.339203898162598,0.264331020423012,0.033769977792297,0.362695103622093,5.6684841174065,2.54645807347197,0.299242488991808
5.40000009536743,1141.92020149006,3500,1.5399,0.205184757709503,0.0262559577822685,0.0638164356350899,0.808839976787567,0.33982513520215,0.258461561237697,0.033073391590831,0.368639911969323,5.75385015501841,2.55044364938632,0.299687682094487
5.59999990463257,1170.0463034865,3500,1.3797,0.20216178894043,0.0254989732056856,0.0603201761841774,0.808784246444702,0.339177203219696,0.256763668192361,0.0323859910903332,0.371673137497609,5.79236648821388,2.55413062805793,0.300099521565018
5.79999995231628,1111.81538921638,3500,1.2954,0.199515417218208,0.0264764111489058,0.0633232593536377,0.811902403831482,0.341454515818883,0.252885773148619,0.0335588487192894,0.372100862313209,5.82620453817071,2.54937044512379,0.29956780402775
6,1173.87460660603,3500,1.4859,0.192707255482674,0.0276369228959084,0.073271356523037,0.818722903728485,0.349448010903585,0.242975876744476,0.0348461481345551,0.372729964217384,5.91377260280254,2.54372488428834,0.29893718882967
6.20000004768372,1175.5042568865,3500,1.4567,0.195403963327408,0.0258966945111752,0.0637730807065964,0.811141550540924,0.343890584020414,0.249117057100222,0.0330152378457032,0.373977121033661,5.87899825783395,2.55219312441064,0.299883100330364
6.40000009536743,1166.98822614727,3500,1.3062,0.189979642629623,0.0255812257528305,0.0627852752804756,0.814861118793488,0.345282893576942,0.243878898914469,0.0328388930683775,0.377999314440211,5.94906383483546,2.55372986901339,0.300054756350078
6.59999990463257,1160.31570310147,3500,1.2231,0.187511697411537,0.0278158653527498,0.0717088058590889,0.821334660053253,0.350319399274525,0.238061473192965,0.0353145215761101,0.376304605956401,5.98109793474465,2.54285497914956,0.298840019493018
6.79999995231628,1216.61750820642,3500,1.1961,0.197110787034035,0.0288855284452438,0.0791977420449257,0.812874734401703,0.351500309649137,0.245886575628529,0.036033358607589,0.366579756114745,5.85704870637686,2.53765829215768,0.298259543984514
7,1192.44149176205,3500,1.2708,0.17285381257534,0.0247165337204933,0.0664482414722443,0.83064067363739,0.353541734372615,0.224813744778736,0.0325150110126655,0.389129509835983,6.1733665229692,2.55794459899542,0.300525546207799
7.20000004768372,1143.83478526739,3500,1.2413,0.186620756983757,0.027828261256218,0.0708847269415855,0.821002185344696,0.350224124431069,0.237418978373428,0.035403121625614,0.37695377556989,5.99268634375741,2.54279472403027,0.298833288931592
7.40000009536743,1133.77109051504,3500,1.1982,0.194278046488762,0.025698397308588,0.0663199350237846,0.809917569160461,0.346292898571915,0.2475884864793,0.0327501094929173,0.373368505455868,5.89350293095973,2.55315903251764,0.299990993301492
7.59999990463257,1149.12409373187,3500,1.2261,0.181442230939865,0.0263095013797283,0.0673555880784988,0.828233063220978,0.34996366681618,0.232988933178272,0.033783880561669,0.38326351944388,6.06029457030964,2.55018296775848,0.299658563677174
7.79999995231628,1154.96025017275,3500,1.2254,0.185825780034065,0.0259191654622555,0.0674592256546021,0.824363231658936,0.34876285359628,0.237728553210432,0.0331586161222314,0.380349977071057,6.00303728365711,2.55208368053437,0.299870875332047
8,1150.11484677466,3500,1.4572,0.200662508606911,0.0270182937383652,0.0732202157378197,0.815346956253052,0.346651147057925,0.251017447627671,0.0337983571547233,0.36853304815968,5.81152340117278,2.54673350179951,0.299273254631288
8.20000004768372,1162.68505543183,3500,1.3433,0.19311548769474,0.0252244677394629,0.066059410572052,0.820317625999451,0.345470244288381,0.245706013822743,0.0320937667560912,0.376729975132786,5.90850092958477,2.55546834573453,0.300248946063699
8.40000009536743,1147.09718838265,3500,1.2973,0.210033312439919,0.0270010009407997,0.0695437639951706,0.80519711971283,0.341593543909912,0.261613701586692,0.0336319592383185,0.363160795265078,5.69237893963718,2.54681763042551,0.29928265188901
8.59999990463257,1156.49782502493,3500,1.2889,0.202829778194427,0.0256468765437603,0.0720648914575577,0.811610400676727,0.346054700476495,0.254118394599625,0.0321320821420403,0.36769482278184,5.78384290026837,2.55341002297233,0.300019029204375
8.79999995231628,1140.5497458994,3500,1.2843,0.199689775705338,0.0267536826431751,0.076797217130661,0.81902676820755,0.348981573942755,0.248973193154151,0.0333564889478017,0.368688743955293,5.82397164088458,2.54802098562155,0.299417067954558
9,1185.97047010279,3500,1.3159,0.198220774531364,0.0257267132401466,0.0734450742602348,0.818772315979004,0.347971979533111,0.248750341757346,0.0322848537238821,0.370992824985661,5.84279941114468,2.55302109323462,0.299975585335691
9.20000004768372,1153.59856636543,3500,1.2668,0.179825901985168,0.0233250968158245,0.062886156141758,0.830017387866974,0.348114059257153,0.232669188180633,0.032346450874444,0.386870301687769,6.08148440843554,2.56473466627455,0.301284004002696
9.40000009536743,1165.92759905821,3500,1.2472,0.186710998415947,0.0252016149461269,0.0619760937988758,0.821874797344208,0.345437288893875,0.240354087579882,0.0324421765043622,0.381766447021882,5.99151200078069,2.5555797287591,0.300261387666959
9.59999990463257,1197.77868470576,3500,1.3131,0.182715386152267,0.0270014572888613,0.069413810968399,0.829454064369202,0.350254543577249,0.233443667271519,0.0344980209052244,0.381803768246007,6.0436331202579,2.546815410295,0.299282403898051
9.79999995231628,1155.9241921813,3500,1.3049,0.189392328262329,0.0260211247950792,0.0717724114656448,0.821600794792175,0.350286619392375,0.240383368462852,0.0330269218759985,0.376303090268775,5.95667837983974,2.55158712336361,0.2998154093637
10,1152.33749266978,3500,1.4324,0.191117465496063,0.023591049015522,0.067986473441124,0.816813766956329,0.348167007352614,0.24371288954016,0.031879986597193,0.376240116510033,5.9343276370041,2.56343609890652,0.301138952635458
10.2000000476837,1153.63560845037,3500,1.2554,0.177881807088852,0.0251395124942064,0.0688684284687042,0.82791143655777,0.353132618447636,0.22949171017658,0.0324333882689822,0.384942283106802,6.10702658492393,2.55588242525008,0.300295199189532
10.4000000953674,1232.97562970388,3500,1.2119,0.162370204925537,0.0219794642180204,0.0670335441827774,0.83379989862442,0.358367302519171,0.213702273354581,0.0329035541730986,0.395026869953149,6.31298938877189,2.57131042102818,0.302018522858725
10.5999999046326,1201.81054921939,3500,1.2583,0.160360097885132,0.0233494490385056,0.062760591506958,0.832205235958099,0.35671379863825,0.212686246577091,0.0331576011398798,0.397442353644778,6.33996132178772,2.56461574673348,0.301270720562462
10.7999999523163,1174.45120767025,3500,1.2332,0.170318081974983,0.0239670593291521,0.0690911486744881,0.825258135795593,0.357193369437877,0.222119267376149,0.0326035945215691,0.388083768664405,6.20697668078137,2.56160075318646,0.300933942550802
11,1201.8473221532,3500,1.2168,0.173446863889694,0.0231000259518623,0.0695185288786888,0.821646511554718,0.356522145842115,0.22550012420142,0.0325027675831645,0.3854749623733,6.16552069451025,2.56583389823813,0.301406789391546
11.2000000476837,1219.13312390166,3500,1.2794,0.162899255752563,0.0223410949110985,0.0702920258045197,0.83051609992981,0.36072230150491,0.213811698443423,0.0328134860800397,0.392652513971627,6.3059012481569,2.56954233674907,0.301821025949137
11.4000000953674,1258.76859812413,3500,1.2691,0.153022885322571,0.0224258843809366,0.0767344087362289,0.839941918849945,0.368296087429634,0.201383449209538,0.0329008711319591,0.397419592228868,6.43896186229842,2.56912787882098,0.301774730554218
11.5999999046326,1256.89838154663,3500,1.2777,0.152063801884651,0.021631196141243,0.0735268890857697,0.836707055568695,0.367144691840573,0.201295192806248,0.0330938708475376,0.398466244505642,6.4519663685945,2.57301379091004,0.302208791100759
11.7999999523163,1133.39241691112,3500,1.2329,0.172526553273201,0.0210580471903086,0.0669914931058884,0.820342481136322,0.355476599806427,0.225264993947445,0.0326420759114585,0.38661633033467,6.17769844030343,2.57581836742713,0.302522065304582
12,1213.07089845101,3500,1.6704,0.168388053774834,0.0231760367751122,0.0672023370862007,0.825694620609283,0.35679467453291,0.220543429193579,0.0327433306950157,0.389918565578495,6.23262743283527,2.56546263782594,0.301365319205466
12.2000000476837,1198.72708637329,3500,1.3912,0.151512444019318,0.0222364887595177,0.066361092031002,0.836856782436371,0.362672309624139,0.20219691648372,0.0333630874005867,0.401767686491555,6.45944906123257,2.57005370978329,0.301878146865317
12.4000000953674,1160.11403961963,3500,1.3401,0.164695262908936,0.0233342833817005,0.0709720328450203,0.824431896209717,0.361180901643703,0.216026930233253,0.0327919161756189,0.390000251947425,6.28187203045418,2.56468980504384,0.301278992955129
12.5999999046326,1187.48830229494,3500,1.6904,0.169186234474182,0.0228594020009041,0.06781005859375,0.821746349334717,0.357374458254043,0.221563376998186,0.0327395691627614,0.38832259558501,6.22201210389751,2.56700937064508,0.301538090919658
12.7999999523163,1179.7327575828,3500,1.7941,0.163601845502853,0.0232333969324827,0.0637610629200935,0.827796816825867,0.356472462175915,0.216211648811991,0.0330393046831829,0.394276584328911,6.29649498276986,2.56518249217014,0.301334026635361
13,1226.27333760672,3500,1.5702,0.141526162624359,0.0217879321426153,0.0584902167320251,0.844107449054718,0.361203856818682,0.192452902077894,0.0339959938341411,0.412347247269283,6.59581863566767,2.57224712425455,0.302123153613377
13.2000000476837,1196.9595237995,3500,1.7316,0.150566652417183,0.0240383893251419,0.0549040623009205,0.838523983955383,0.355193618534667,0.203482468549953,0.0337861115464919,0.407537801368888,6.47229609588601,2.56125266377766,0.300895060590643
13.4000000953674,1172.61692247358,3500,1.5379,0.178674474358559,0.0277167558670044,0.0685170590877533,0.818852066993713,0.352607062549392,0.23040198883402,0.0357409512394567,0.381249997377132,6.09660495256152,2.54333676705446,0.298893835718533
13.5999999046326,1182.18116786956,3500,1.4434,0.156917899847031,0.024026220664382,0.0718657374382019,0.834837198257446,0.363985255528891,0.206899874784593,0.0329630773459062,0.39615179234061,6.38629942078673,2.56131204487662,0.300901693523061
13.7999999523163,1225.49447274629,3500,1.5495,0.146457508206367,0.0198134500533342,0.0663857981562614,0.835978507995605,0.365281236170874,0.1968430276115,0.0336007061061929,0.404275030111434,6.52827828237827,2.58191418174087,0.303202974298918
14,1170.5013004983,3500,1.6247,0.158071354031563,0.0229240041226149,0.0629244297742844,0.827293932437897,0.358611887952458,0.210666137953425,0.0333182029160325,0.397403771178085,6.37075075921797,2.56669375429946,0.301502836235472
14.2000000476837,1171.39771549518,3500,1.4002,0.149169564247131,0.0226904265582561,0.0650660991668701,0.83813488483429,0.362761913325665,0.199862327906249,0.0334958288768502,0.403879929891236,6.49129944322733,2.56783500585221,0.301630315257481
14.4000000953674,1234.39800825483,3500,1.28,0.143666446208954,0.0226389579474926,0.069147139787674,0.841856300830841,0.367619659526215,0.192799950976823,0.0335499269426501,0.406030462554313,6.56645724278722,2.56808651630491,0.301658409244699
14.5999999046326,1203.12184399301,3500,1.2266,0.155252173542976,0.0230613797903061,0.0649023950099945,0.830280601978302,0.360850962598991,0.207013877453904,0.0333351013273574,0.398800058619747,6.40879112243093,2.56602266914305,0.301427875304012
14.7999999523163,1227.66754762968,3500,1.2649,0.144740790128708,0.0222794022411108,0.0610207952558994,0.837393701076508,0.362323965782542,0.1959783177476,0.0338498770065664,0.407847839463291,6.55174652855734,2.569843918205,0.301854712921098
15,1171.00035172304,3500,1.3121,0.149596199393272,0.0230317916721106,0.0569493472576141,0.832700073719025,0.357892434631611,0.202478059995172,0.0338374338412969,0.40579207153192,6.48549299269094,2.56616720020852,0.30144401957898
15.2000000476837,1178.63508401406,3500,1.2546,0.161113932728767,0.0247068908065557,0.0614387653768063,0.82914936542511,0.355909945048261,0.214024978245118,0.0332101908600024,0.396854885846618,6.32983867089436,2.55799162210054,0.300530798739056
15.4000000953674,1211.27343589535,3500,1.2564,0.154197663068771,0.0242561977356672,0.0616207420825958,0.832880973815918,0.358793738582836,0.206387724968719,0.0334615520205179,0.401356984427927,6.42305274526662,2.56018991914314,0.30077635087557
15.5999999046326,1199.04658456219,3500,1.262,0.153481259942055,0.0215710867196321,0.0607612580060959,0.831077933311462,0.358822259474538,0.205960259146779,0.0335481118712046,0.401669369507479,6.43275181815433,2.5733078458575,0.302241637353655
15.7999999523163,1213.76497702166,3500,1.2773,0.150211557745934,0.0242978818714619,0.0601011291146278,0.835624694824219,0.359298384870116,0.202229453089261,0.0336574389021566,0.404814723138466,6.47712317270874,2.55998655830129,0.300753635251506
16,1218.1892596014,3500,1.9054,0.156761690974236,0.0253579374402761,0.0713577941060066,0.829615890979767,0.364308690018638,0.207174914781254,0.0335128340066262,0.395003561193481,6.38840676646905,2.55481787527668,0.300176287816169
16.2000000476837,1204.51512360551,3500,1.47,0.149301990866661,0.0236972086131573,0.0638501420617104,0.833335280418396,0.362587084008034,0.200646216949789,0.0335973780029803,0.403169321039197,6.48949682194741,2.56291785117435,0.301081063808147
16.4000000953674,1174.17137015258,3500,1.3638,0.158761978149414,0.0217828024178743,0.061401829123497,0.829004943370819,0.357021346834422,0.211581956152365,0.0333174791941118,0.398079217819101,6.3614512752567,2.57227221411357,0.302125956177528
16.5999999046326,1187.96137201478,3500,1.3171,0.143638759851456,0.0201691556721926,0.0570768900215626,0.838770031929016,0.359994102399862,0.195482804561934,0.0340233382626132,0.410499754775592,6.56683658903002,2.58017120874036,0.303008282346071
16.7999999523163,1188.74725894655,3500,1.3616,0.149374976754189,0.0246024262160063,0.0592590793967247,0.836100995540619,0.359066979781369,0.201469470035372,0.0337187450022018,0.405744805181057,6.4885034413755,2.55850106735925,0.300587704320644
17,1199.73616929689,3500,1.4378,0.146104007959366,0.0235768016427755,0.0660237818956375,0.834955275058746,0.365364712164517,0.196617067892355,0.0336433391935143,0.404374880749614,6.53310692178447,2.56350565572538,0.301146722206698
17.2000000476837,1211.96043189228,3500,1.4787,0.138767465949059,0.0209089443087578,0.0634296387434006,0.839342474937439,0.366610205452151,0.188787631072318,0.0340115079894919,0.410590655486039,6.63377182166245,2.57654823833648,0.302603592667671
17.4000000953674,1178.14730788369,3500,1.3547,0.145353868603706,0.0223879124969244,0.0596969239413738,0.834518551826477,0.361553438255355,0.197150664323463,0.0339087404788957,0.407387156942286,6.54336007928521,2.5693134840803,0.301795462860676
17.5999999046326,1233.37368401706,3500,1.3282,0.147927314043045,0.0186197496950626,0.0634389147162437,0.836271047592163,0.362552970609579,0.199016694222418,0.0336342033095569,0.404796131858446,6.5082228972312,2.58776798922145,0.303856850870528
17.7999999523163,1166.0710102222,3500,1.4027,0.137910857796669,0.0235079564154148,0.0591778159141541,0.843672871589661,0.363519649511918,0.188358702404874,0.0341450095761466,0.413976638507062,6.645581512839,2.56384177796,0.301184267420671
18,1210.16870057525,3500,1.4713,0.140988603234291,0.0227383896708488,0.0567640215158463,0.831681966781616,0.362136360527941,0.193196173184815,0.034257409597811,0.410410056689433,6.60320463818699,2.56760063755781,0.301604136067724
18.2000000476837,1218.30146649866,3500,1.4733,0.153416842222214,0.0229568108916283,0.0587226189672947,0.82117235660553,0.358916585940453,0.207159874323978,0.0337576812498724,0.400165858485697,6.43362434426407,2.56653348345764,0.30148493381061
18.4000000953674,1180.83674556813,3500,1.4644,0.151060029864311,0.0205153711140156,0.0571681223809719,0.833169281482697,0.357264972824685,0.203969257591049,0.0337563248488471,0.405009444735419,6.46559258315187,2.57847534555979,0.30281885261062
18.5999999046326,1162.45294170152,3500,1.5121,0.160139083862305,0.0229550544172525,0.0585959479212761,0.820069968700409,0.355760237830098,0.214415058054592,0.0334732553857614,0.396351448729549,6.34293086764519,2.56654206422198,0.301485892291186
18.7999999523163,1226.63936126986,3500,1.5301,0.141963928937912,0.0228964369744062,0.0576031543314457,0.832552790641785,0.362094932565366,0.194029856748227,0.0341688656759222,0.409706345010485,6.58980719394932,2.56682843219328,0.301517879900603
19,1208.70950734396,3500,1.489,0.144210994243622,0.0209420695900917,0.0555979795753956,0.83563905954361,0.359167474908926,0.1966685724641,0.0340938937241947,0.410070058902779,6.55899857898792,2.57638607774633,0.302585479155895
19.2000000476837,1174.07089800408,3500,1.5857,0.164826840162277,0.0250121802091599,0.0544741190969944,0.816938579082489,0.351199033944575,0.220530566099111,0.0334651216723464,0.394805278283968,6.28011365530661,2.55650312185124,0.300364531665347
19.4000000953674,1243.11139103117,3500,1.5248,0.154540613293648,0.0229177940636873,0.0551588013768196,0.829420745372772,0.354770924927553,0.208446926675838,0.0337204121028951,0.403061736293714,6.41841259655905,2.56672409289343,0.301506225088945
19.5999999046326,1188.05153182506,3500,1.4895,0.156206026673317,0.023474195972085,0.0549759231507778,0.827396333217621,0.354141241087138,0.210433427459202,0.0336788266017569,0.401746504851903,6.39590615537945,2.56400661483091,0.301202679875879
19.7999999523163,1138.4973505093,3500,1.4871,0.162374570965767,0.027284188196063,0.0576515756547451,0.832370817661285,0.351259179574539,0.215254329902698,0.0361697007859737,0.39731678973679,6.31293087491826,2.54544012633348,0.29912878320507
20,1180.02762514306,3500,1.6617,0.168844252824783,0.0265730507671833,0.0605773627758026,0.824407935142517,0.351649802544073,0.222166405879166,0.034964999302145,0.391218792274616,6.22655900849914,2.54890006373177,0.299515261921953
20.2000000476837,1174.8890674173,3500,1.4661,0.162495017051697,0.0245063416659832,0.0574052818119526,0.827585101127625,0.352777690426545,0.216502216520642,0.0333090547096228,0.39741103834319,6.3113167717059,2.55896969362471,0.300640050376923
20.4000000953674,1152.60108716435,3500,1.6615,0.173116013407707,0.0256228838115931,0.0564987920224667,0.817965149879456,0.348285318523505,0.228325750766376,0.0337944715102892,0.38959445919983,6.1698970182621,2.55352691137909,0.30003208576473
20.5999999046326,1154.54630482612,3500,1.5377,0.172082021832466,0.0246883761137724,0.0583594776690006,0.815091609954834,0.35069331364851,0.227282032347728,0.0330194331062955,0.389005220897467,6.18358542858414,2.55808190921898,0.300540883906984
20.7999999523163,1156.45751699154,3500,1.5817,0.173377960920334,0.0273221861571074,0.0631585642695427,0.819873094558716,0.351553238901067,0.226363925822166,0.0356721078488674,0.386410727427899,6.1664319639378,2.54525532385547,0.299108140570144
21,1224.41235813443,3500,1.6577,0.15846486389637,0.0258670877665281,0.0659367963671684,0.831449449062347,0.359416848760559,0.209832350490042,0.0342520839820514,0.396498716767347,6.36545108237564,2.55233732674116,0.299899207885287
21.2000000476837,1200.64148129096,3500,2.1766,0.164690315723419,0.0250956080853939,0.0609220825135708,0.820973813533783,0.354989630561336,0.218538889963603,0.0333010857976255,0.393170393677435,6.28193814916993,2.55609643343597,0.300319104133339
21.4000000953674,1212.23065036641,3500,1.9123,0.154442235827446,0.0241265203803778,0.05888582020998,0.827810525894165,0.357570390531204,0.20766282640292,0.0336149669956436,0.401151816070232,6.41974346041991,2.56082262056227,0.300847024302423
21.5999999046326,1171.73756884915,3500,1.7222,0.170272499322891,0.0249382425099611,0.0584986284375191,0.814184784889221,0.351753314447447,0.225479641676101,0.0331057044697099,0.389661339406743,6.20758180303905,2.55686357729891,0.300404794925305
21.7999999523163,1203.47132286848,3500,1.5802,0.161656230688095,0.0239286124706268,0.0580908767879009,0.825692415237427,0.353901278311546,0.215635129052146,0.0333477911946679,0.39711580144164,6.32256220435274,2.56178838388379,0.300954901100858
22,1168.21186855302,3500,2.5096,0.171743080019951,0.025255873799324,0.0585203543305397,0.819110572338104,0.350281621714767,0.22646105186333,0.0333024873296672,0.389954839092236,6.1880762039587,2.5553152789068,0.300231848334933
22.2000000476837,1174.47923816778,3500,1.7186,0.164715573191643,0.0271510016173124,0.0643493458628654,0.834264755249023,0.35442587893348,0.216066189891212,0.0356154148482207,0.393892516327088,6.28160058934853,2.5460879341355,0.299201144031087
22.4000000953674,1230.7513985152,3500,1.6204,0.160100057721138,0.0253489408642054,0.0621012710034847,0.833138227462769,0.356100426243947,0.212382331279494,0.0336268907884046,0.397890351688154,6.34345530432029,2.55486171768632,0.30018118506033
22.5999999046326,1172.95694888227,3500,1.6204,0.150250107049942,0.0240049250423908,0.0594245828688145,0.83620011806488,0.35874081046469,0.202367589513451,0.0336717879086411,0.405219812113218,6.47659904454908,2.56141596585377,0.300913301607625
22.7999999523163,1200.88480787978,3500,1.6136,0.151414275169373,0.0264784507453442,0.0654802322387695,0.84166008234024,0.360727993279831,0.201492029997094,0.0352357582261613,0.402544218496913,6.46078185909057,2.54936051715796,0.299566695063324
23,1244.42860624825,3500,1.8625,0.15157750248909,0.0256399121135473,0.0683026015758514,0.836562931537628,0.363658989623861,0.201710049580185,0.0341200234779397,0.400510937318015,6.4585658742612,2.55344395216524,0.3000228191316
23.2000000476837,1164.45166821236,3500,1.6654,0.147080019116402,0.0234047397971153,0.0620260536670685,0.836954474449158,0.36191965779124,0.198342225009488,0.0337133191512092,0.406024798048063,6.51977995032382,2.56434575562685,0.301240562266387
23.4000000953674,1178.70805040324,3500,1.5727,0.159034878015518,0.0260160695761442,0.0610949620604515,0.829463303089142,0.356138918318041,0.211610865267733,0.0346168278466327,0.397633388567593,6.357778691155,2.55161174180976,0.299818159270529
23.5999999046326,1172.04064932812,3500,1.6991,0.14025005698204,0.0227421186864376,0.0577636435627937,0.841652154922485,0.361701904109686,0.191388918504587,0.0341156578868798,0.412793519498847,6.61335971615508,2.56758241647368,0.301602100753091
23.7999999523163,1210.46450981409,3500,1.6504,0.145512267947197,0.0248021967709064,0.0551695413887501,0.83626526594162,0.358147623233059,0.198131120596329,0.034040277735934,0.409680978434678,6.54119427382994,2.55752688855712,0.300478887504003
24,1227.95317259779,3500,1.7811,0.153207838535309,0.0249714888632298,0.0561864972114563,0.828724026679993,0.356207769667719,0.206855778216557,0.0337541114400757,0.403182340675648,6.43645571774435,2.55670149382397,0.30038669002738
24.2000000476837,1168.37792810752,3500,1.6021,0.150152996182442,0.0247123837471008,0.0560900457203388,0.833395898342133,0.356939210337609,0.203205474879263,0.0338330702759272,0.406022244507201,6.47791943918145,2.55796483604066,0.300527806707449
24.4000000953674,1155.72981875864,3500,1.5208,0.144809275865555,0.0255553387105465,0.060514435172081,0.843408644199371,0.360795868749006,0.195532717920025,0.0345068007941649,0.409164612536805,6.55080939716477,2.55385599478879,0.300068844734413
24.5999999046326,1219.82663041486,3500,1.5194,0.145083054900169,0.0265281051397324,0.0684033557772636,0.844901144504547,0.36523439993577,0.1938482802329,0.0354447151854718,0.405472604645858,6.54706386415061,2.5491188252071,0.299539697813288
24.7999999523163,1228.59178970566,3500,1.5154,0.14194244146347,0.0251083038747311,0.0616875104606152,0.842813849449158,0.363295669899049,0.192331023536602,0.0340215775754276,0.410351728988922,6.59010219009336,2.55603454793501,0.300312191456533
25,1214.02100293407,3500,1.5275,0.145692050457001,0.023903701454401,0.0586352534592152,0.837874710559845,0.360177708600997,0.197470903772828,0.0338849825974392,0.408466405028735,6.53873658121891,2.56190996008605,0.300968481292995
25.2000000476837,1159.8625017704,3500,1.551,0.138740316033363,0.0243309643119574,0.0557364448904991,0.842124819755554,0.360996967597985,0.190093717781791,0.0342535110227222,0.414655803597502,6.63414594581049,2.55982516800109,0.300735607781942
25.4000000953674,1210.2712335245,3500,2.3845,0.141352966427803,0.0263320785015821,0.0630341023206711,0.84537398815155,0.363510795313614,0.190897865048473,0.0355615994150944,0.410029740222818,6.59819782609867,2.55007305338762,0.299646286124107
25.5999999046326,1161.12160195492,3500,1.7067,0.151615530252457,0.0250678882002831,0.0590433701872826,0.831638514995575,0.35845257976733,0.20427061022923,0.0337738014786711,0.403503008524769,6.45804966807056,2.55623155654564,0.300334197529558
25.7999999523163,1177.47664927073,3500,1.6148,0.149687275290489,0.0250840671360493,0.0570663809776306,0.83439314365387,0.357641153464809,0.202389210673959,0.0339156721124456,0.406053963748786,6.4842538384233,2.55615269037997,0.300325388094298
26,1175.01201427255,3500,1.85,0.148519277572632,0.0221992116421461,0.0566044338047504,0.837411880493164,0.357495596239061,0.201002061532869,0.0338343386828304,0.40766800354524,6.50015536532346,2.5702359542831,0.301898503771335
26.2000000476837,1191.5793269491,3500,1.6692,0.143034130334854,0.0261049568653107,0.0576412528753281,0.844087839126587,0.359353006905093,0.193990453058886,0.0354049232692141,0.411251616766807,6.57512401416752,2.5511788876058,0.299769808991872
26.4000000953674,1197.36335672274,3500,1.5872,0.148058339953423,0.0254586096853018,0.0558679178357124,0.831635236740112,0.357836714101777,0.201006592783788,0.0345630539384995,0.406593639175936,6.50643673698335,2.55432730359126,0.300121490432952
26.5999999046326,1224.63954013663,3500,1.5694,0.157267197966576,0.0235835667699575,0.0567954182624817,0.823759973049164,0.355387904021119,0.211467157472013,0.033615903412509,0.399529035094358,6.38158860498485,2.56347262770419,0.301143032941322
26.7999999523163,1206.56050346189,3500,2.1675,0.154876559972763,0.0251377075910568,0.0575967729091644,0.827585518360138,0.35645854586897,0.208387176496522,0.033822909738031,0.401331367896478,6.41386903106777,2.55589122290205,0.300296181896688
27,1218.59606474738,3500,1.6982,0.132511883974075,0.0228699650615454,0.0566023960709572,0.846638798713684,0.364016583753217,0.182610438178002,0.0344517096696264,0.418921268399154,6.72028505156967,2.56695776294706,0.30153232628446
27.2000000476837,1167.49479682661,3500,1.5525,0.144339889287949,0.0264206789433956,0.055175706744194,0.839649498462677,0.357536691393703,0.196195958724625,0.0359126673924074,0.410354682489265,6.55723380051008,2.5496417359726,0.299598107506421
27.4000000953674,1182.61932994798,3500,1.5596,0.147500067949295,0.0255911760032177,0.0554922260344028,0.831534624099731,0.357802677580783,0.200452484856879,0.0347783895395774,0.406966448022761,6.51404907317165,2.55368139070698,0.300049341271277
27.5999999046326,1200.73005021942,3500,1.4984,0.150271192193031,0.0247023534029722,0.0545952990651131,0.832164883613586,0.356044144292113,0.203756169949975,0.0338980757017351,0.406301610056178,6.47631237453642,2.55801374864425,0.300533270297711
27.7999999523163,1202.78809909727,3500,1.5292,0.147477120161057,0.0216301623731852,0.0533537082374096,0.835717439651489,0.356032875773893,0.200701504465405,0.0340224816307477,0.409243138129955,6.51436208519109,2.5730188479448,0.302209355976964
28,1176.57111575799,3500,1.9887,0.143431857228279,0.0238129999488592,0.0522066205739975,0.833247065544128,0.357579836778352,0.196717210449079,0.0342875729023005,0.411415379870269,6.56967186569116,2.56235264767212,0.301017929970977
28.2000000476837,1237.79020273347,3500,1.5884,0.146736234426498,0.0252823363989592,0.0557393431663513,0.830699503421783,0.358615564605591,0.199721265749759,0.0344115429051754,0.407251626739474,6.52447242912537,2.55518630933968,0.300217442296014
28.4000000953674,1295.50507808563,3500,1.5013,0.147702530026436,0.0238252338021994,0.0551916919648647,0.828470647335052,0.358234972058502,0.201149242814732,0.0340463434815115,0.406569441645255,6.51128781858671,2.56229293540333,0.301011260046534
28.5999999046326,1180.43969866403,3500,1.5111,0.145484417676926,0.0254717413336039,0.0526348240673542,0.839433312416077,0.355737892178857,0.198250513568095,0.0347101489045693,0.411301445348478,6.54157504346354,2.5542633173484,0.300114343101023
28.7999999523163,1138.23733145089,3500,1.5263,0.14317461848259,0.0228492468595505,0.051311943680048,0.834719061851501,0.356874064823109,0.196502793863065,0.0343117369450088,0.412311404368817,6.57319787529965,2.56705898590737,0.30154363299765
29,1144.91074737921,3500,1.5348,0.145968526601791,0.0257885716855526,0.0502464361488819,0.837980508804321,0.353921664377028,0.199317031361809,0.0352137660843009,0.411547538176862,6.53495806043772,2.55271976764619,0.299941926944404
29.2000000476837,1148.9066030889,3500,1.5222,0.164117202162743,0.0267449263483286,0.050441388040781,0.825062692165375,0.346844370284518,0.219488654427086,0.0357683888074398,0.397898586480956,6.28960041376193,2.5480635959718,0.299421827576364
29.4000000953674,1194.21920136605,3500,1.4422,0.16489551961422,0.0245537851005793,0.0501287430524826,0.828193843364716,0.346643924065939,0.220609561622534,0.0334468701967555,0.399299644114771,6.27919594528323,2.55873829540402,0.300614202947583
29.5999999046326,1145.45684136978,3500,1.4581,0.161854609847069,0.0235308837145567,0.04824398458004,0.828669726848602,0.346703295278646,0.217814150173757,0.0336434888044836,0.401839065743113,6.31990156027687,2.56372983764819,0.301171763567827
29.7999999523163,1155.55166799715,3500,2.0619,0.153639554977417,0.025120796635747,0.0468536205589771,0.836230754852295,0.348484645510421,0.208699658448428,0.0341233849486443,0.408692311092507,6.4306080231906,2.5559736528803,0.300305389413635
30,1161.66498691677,3500,1.7027,0.174553751945496,0.030111700296402,0.0548269301652908,0.827556133270264,0.343170866999803,0.227967047105935,0.0393258542048017,0.38953623168946,6.15089206741807,2.53170828475484,0.297594921778449
30.2000000476837,1105.7002288843,3500,1.553,0.185040563344955,0.0282755084335804,0.0533338747918606,0.812994956970215,0.340264470297999,0.240682827296615,0.0367780403929955,0.38227466201239,6.01327106714486,2.54062121877504,0.298590506064308
30.4000000953674,1097.10893299847,3500,1.5699,0.178274318575859,0.0269868616014719,0.0524608418345451,0.819043040275574,0.342461826866434,0.233988486758241,0.0354207771423651,0.388128909232959,6.10186476409575,2.54688641874038,0.299290335617531
30.5999999046326,1140.06049255323,3500,1.5663,0.171198517084122,0.0252688303589821,0.0515633672475815,0.819392681121826,0.345804442896854,0.227504950848507,0.0335796367090885,0.39311096954555,6.19529518466847,2.55525213267437,0.30022479483307
30.7999999523163,1177.65237314766,3500,1.5583,0.169593751430511,0.0266897715628147,0.0528772100806236,0.819946050643921,0.346702342764799,0.225071199928576,0.0354205202773854,0.39280593702924,6.21659630130601,2.54833200195111,0.299451808812019
31,1163.44286478433,3500,1.5104,0.170931071043015,0.0296245627105236,0.0630933493375778,0.824908792972565,0.350884250142919,0.222786650218486,0.0386118044554004,0.387717295183194,6.19884231169506,2.53407122323686,0.297858864540262
31.2000000476837,1166.16886975638,3500,1.8449,0.150133520364761,0.0255447253584862,0.0561596378684044,0.8358433842659,0.356379041901401,0.202818513664391,0.0345089039182304,0.406293540515979,6.47818426566075,2.55390770569167,0.300074620897705
31.4000000953674,1135.19892544969,3500,1.6611,0.150301560759544,0.0252308584749699,0.0551395379006863,0.832039654254913,0.356306598102041,0.203618395080319,0.0341810616151288,0.405893945202512,6.47589950118133,2.55543719817361,0.300245466847749
31.5999999046326,1188.341889101,3500,1.5377,0.151146978139877,0.0250255446881056,0.0578197650611401,0.830515623092651,0.358036039302873,0.20413498479065,0.033798817860298,0.404030158046179,6.4644116217685,2.55643797127681,0.300357254276333
31.7999999523163,1141.18091678974,3500,1.5262,0.152447313070297,0.0275518205016851,0.0645790174603462,0.836719989776611,0.35983017871531,0.202887940471003,0.0366679609186422,0.400613919895045,6.44676445697407,2.54413865452397,0.298983407408603
32,1153.22110527149,3500,1.7227,0.150463297963142,0.0280930288136005,0.07510906457901,0.840402007102966,0.36691559782536,0.198170457768164,0.0370004410075418,0.397913503398934,6.47370086486128,2.5415079016018,0.298689549486694
32.2000000476837,1242.14658253171,3500,1.5534,0.137844741344452,0.0263021308928728,0.0698866471648216,0.85010814666748,0.369120537053493,0.185352195588593,0.0353670198957412,0.410160247462173,6.64649352021932,2.5502188507594,0.299662571846847
32.4000000953674,1235.80467530022,3500,1.5129,0.130624458193779,0.0265805199742317,0.0670592710375786,0.857001543045044,0.369674065153644,0.177331507322,0.0360848476434677,0.416909579880889,6.74651066152688,2.54886371023409,0.299511201197287
32.5999999046326,1230.25499381358,3500,1.7218,0.12533350288868,0.0241916663944721,0.060283150523901,0.857309997081757,0.368534718864632,0.172981795128878,0.0345043007539889,0.423979185252501,6.8203318493519,2.56050475983499,0.300811518918399
32.7999999523163,1257.71947474366,3500,1.7967,0.127727851271629,0.0238230489194393,0.0593761764466763,0.852479338645935,0.367437780481544,0.176228590338657,0.0344929842207798,0.42184064495902,6.78686961157767,2.56230359955235,0.301012451243413
33,1221.63099740026,3500,1.4699,0.137924164533615,0.0237429514527321,0.0556470341980457,0.840544402599335,0.36157517788517,0.189328272611703,0.0343174586650405,0.414779090838086,6.64539796876052,2.56269456209556,0.301056122178651
33.2000000476837,1186.68909088413,3500,1.5661,0.15158186852932,0.0230636317282915,0.0551831983029842,0.830534517765045,0.356047906322045,0.205177208807172,0.0338393388994748,0.404935545971309,6.4585066064656,2.56601166912979,0.301426646590737
33.4000000953674,1172.31863341291,3500,1.6638,0.162723153829575,0.0235815234482288,0.0533834137022495,0.827890396118164,0.349911459023222,0.217623070456105,0.0334345582258118,0.399030912294861,6.30826013706475,2.5634826033792,0.301144147234915
33.5999999046326,1187.9904492365,3500,1.5371,0.161561474204063,0.026458153501153,0.0517391264438629,0.830250918865204,0.348325671697433,0.216149798436012,0.0353978234875469,0.400126706379008,6.32383329231091,2.54945931721096,0.29957773113517
33.7999999523163,1170.89280092474,3500,1.4518,0.162479132413864,0.0278690289705992,0.0549280419945717,0.832154989242554,0.349137115015892,0.215822019918162,0.0370186007041927,0.398022264361753,6.31152962913787,2.54259656208641,0.298811154030009
34,1206.28118665768,3500,1.6511,0.147178679704666,0.0254543162882328,0.0540776439011097,0.839267671108246,0.355936394034761,0.199809810783566,0.0345567858835439,0.40969700929813,6.51843363480221,2.55434822410309,0.300123827276553
34.2000000476837,1173.94036895845,3500,1.7553,0.132356539368629,0.0251589100807905,0.0551285333931446,0.848611235618591,0.362709407149716,0.182535799198111,0.0346972033301664,0.420057590322007,6.72244139821105,2.55578787648718,0.300284637991347
34.4000000953674,1250.68418136571,3500,1.4577,0.121161364018917,0.0238695684820414,0.0569541491568089,0.852202534675598,0.369180565274065,0.169161577155789,0.034904191308332,0.426753666261814,6.87885878474472,2.56207654833859,0.300987089379408
34.5999999046326,1226.71397824471,3500,1.4593,0.131046980619431,0.0274361371994019,0.0650955438613892,0.846989333629608,0.369227359459731,0.178695284425725,0.037411837473983,0.414665518640561,6.74063479912487,2.54470116806405,0.299046240774117
34.7999999523163,1228.4295251833,3500,1.4515,0.119767747819424,0.0247183367609978,0.0596706718206406,0.853440523147583,0.37156996489114,0.166960217097922,0.0348508300727277,0.426618987938211,6.89847054223112,2.55793580662559,0.300524564090662
35,1226.47472578859,3500,1.4175,0.12275417894125,0.0243072658777237,0.056366641074419,0.848387658596039,0.36854585887256,0.171387783765082,0.0349046739677817,0.425161683394576,6.85648184452033,2.55994077854751,0.300748521603926
35.2000000476837,1251.19811190036,3500,1.4993,0.118721462786198,0.023386400192976,0.0550127848982811,0.852055370807648,0.369126982664535,0.166685557666897,0.0351001313821151,0.429087328286453,6.91321488122959,2.56443530832009,0.301250565398233
35.4000000953674,1222.92242742749,3500,1.5364,0.131455779075623,0.0257279817014933,0.0585365556180477,0.84234607219696,0.366149738677132,0.181181843349822,0.0354601614560091,0.417208256517037,6.73495250960907,2.55301491409861,0.299974895119574
35.5999999046326,1245.05619048756,3500,1.5186,0.126193016767502,0.0239085368812084,0.0601220205426216,0.842533588409424,0.370251531958862,0.175061829430025,0.0346813623119415,0.420005276299171,6.80830915156703,2.56188636093346,0.30096584524235
35.7999999523163,1244.8659405954,3500,1.4603,0.128573015332222,0.0240487568080425,0.0622357465326786,0.839868783950806,0.370877247429884,0.17756802207732,0.0345266892937253,0.417028041199071,6.77507991685741,2.56120207271982,0.300889409515242
36,1215.1813535073,3500,1.935,0.133639931678772,0.0253438930958509,0.0658857598900795,0.838014006614685,0.370864595156144,0.182623369056547,0.0346332648036549,0.411878770983654,6.7046381438525,2.55488631681388,0.300183932809252
36.2000000476837,1217.54920627092,3500,1.5764,0.124458253383636,0.0242163743823767,0.0631863251328468,0.846969962120056,0.372540748166931,0.17218082474309,0.0345860599964292,0.42069236709355,6.83258680054426,2.56038421005869,0.30079805337914
36.4000000953674,1219.2657426698,3500,1.5537,0.134147435426712,0.0273261647671461,0.0684355571866035,0.843114793300629,0.370539801129929,0.181823879947883,0.0370379745706886,0.410598344351499,6.69760530862512,2.54523597436647,0.299105979211478
36.5999999046326,1266.77306033559,3500,1.4848,0.120573364198208,0.0256358869373798,0.0638287737965584,0.85518079996109,0.373381036535343,0.166872015912276,0.0354797443149002,0.424267203237481,6.88712966206126,2.55346356206077,0.300025009577955
36.7999999523163,1260.34285888637,3500,1.5932,0.12905353307724,0.0253476984798908,0.0624951496720314,0.845312058925629,0.369796381854591,0.177578423896261,0.0348785828495113,0.417746611399637,6.76838198596191,2.55486777214611,0.300181861349981
37,1239.81550776324,3500,1.5275,0.128946393728256,0.0267136264592409,0.0659401118755341,0.85076892375946,0.370646452907364,0.176078342978917,0.0364778800391542,0.416797324074565,6.76987507999208,2.54821591230031,0.299438841473561
37.2000000476837,1192.09395634936,3500,1.5,0.12790709733963,0.0235382597893476,0.0609945170581341,0.845816612243652,0.369463477803497,0.176611691206839,0.0345195252805019,0.419405305709162,6.78436824696472,2.56369382523804,0.301167740943004
37.4000000953674,1206.88025890759,3500,1.4649,0.134976655244827,0.0265572387725115,0.0644335746765137,0.842512309551239,0.367925590749884,0.183755267288641,0.0361546409654282,0.412164500996046,6.68612309577141,2.54897702346549,0.299523858406721
37.5999999046326,1215.19273637122,3500,1.4663,0.13018424808979,0.0251050721853971,0.0614026412367821,0.843669712543488,0.368855642759969,0.179246954847983,0.0345664533651375,0.417330949026911,6.75263553816899,2.5560503006966,0.300313951056891
37.7999999523163,1184.64898455424,3500,1.4595,0.134153559803963,0.0245437379926443,0.0623245276510715,0.840149521827698,0.368058209456067,0.18381945337298,0.0342554184998135,0.413866918671139,6.6975204640012,2.55878729772341,0.300619676559196
38,1202.97270522855,3500,1.6022,0.119858473539352,0.0234988741576672,0.0615513063967228,0.854335308074951,0.372666212435424,0.166662438705179,0.0347623396543715,0.425909009205026,6.89719285280383,2.56388612192836,0.301189220689479
38.2000000476837,1258.46214168949,3500,1.4518,0.120335213840008,0.0219240020960569,0.0606642030179501,0.852513134479523,0.372098256040193,0.167502787263024,0.0347992042224913,0.425599752474292,6.89048108807924,2.57158164418949,0.302048818776629
38.4000000953674,1247.88942112721,3500,1.5095,0.116681717336178,0.0236421711742878,0.0559654571115971,0.855534672737122,0.370301745775482,0.163879926883981,0.0351125974628523,0.430705729877684,6.94200950790531,2.56318652477315,0.301111074937185
38.5999999046326,1180.7174366374,3500,1.5738,0.117805868387222,0.0230518635362387,0.0556648671627045,0.852800130844116,0.369936424154048,0.165442691948446,0.0351091788154057,0.429511705082101,6.92613188681618,2.56606915335004,0.301433067639769
38.7999999523163,1205.57478975727,3500,1.4834,0.123331628739834,0.0242255032062531,0.0556600131094456,0.848539233207703,0.36773948272876,0.172176763022849,0.0349011775774999,0.425182576670891,6.84837946534362,2.56033967148273,0.300793078372454
39,1244.57046107109,3500,1.8171,0.123543560504913,0.0225551202893257,0.0557832717895508,0.849262714385986,0.367604214449816,0.172346284531116,0.0348756106402369,0.42517389037883,6.84540712265924,2.56849623218154,0.301704174947386
39.2000000476837,1201.35981645195,3500,1.6391,0.119344249367714,0.025011183694005,0.052235871553421,0.855497479438782,0.366342777545601,0.167677519646061,0.035140471932595,0.430839230875742,6.90443640897372,2.55650797980441,0.300365074303924
39.4000000953674,1262.10468184891,3500,1.5934,0.100301168859005,0.0218337960541248,0.0523576289415359,0.864623844623566,0.37502332513383,0.14420882225404,0.0359439535686661,0.444823899043464,7.17566389405178,2.57202280635471,0.302098097063467
39.5999999046326,1179.5306384906,3500,1.4872,0.121560782194138,0.0219871532171965,0.0497313030064106,0.846287727355957,0.364885401906494,0.171396435360434,0.035249122345788,0.428469040387285,6.873243675035,2.57127282118051,0.302014322915429
39.7999999523163,1179.6530555959,3500,1.4406,0.121877871453762,0.02417634986341,0.0481280870735645,0.844915747642517,0.363812170046172,0.1721700269786,0.0353160965409373,0.428701706434291,6.8687877811406,2.56057949041475,0.300819866404278
40,1197.72569926889,3500,1.6083,0.130131125450134,0.0244052652269602,0.0511611588299274,0.834477186203003,0.363311399906261,0.181904901091199,0.0349464627432474,0.419837236259293,6.7533748712852,2.55946271629219,0.300695121537464
40.2000000476837,1230.74766176828,3500,1.4865,0.124732725322247,0.0249261874705553,0.0504059791564941,0.841050803661346,0.36453409791087,0.175342883288582,0.0351437208710835,0.424979297929464,6.82874241697457,2.55692234970177,0.300411359865716
40.4000000953674,1199.28760165146,3500,1.5174,0.124227546155453,0.0248984135687351,0.0513160191476345,0.841932654380798,0.365291000893047,0.174517618617784,0.0351205557902996,0.42507082469887,6.8358191273032,2.55705775965192,0.300426485302326
40.5999999046326,1282.73995375464,3500,1.547,0.1185138002038,0.025063244625926,0.0526485182344913,0.851193249225616,0.367697924785868,0.166920642273744,0.0353003015955048,0.430081131344883,6.91614336344917,2.55625419244832,0.300336725984156
40.7999999523163,1188.56156170858,3500,1.514,0.120743930339813,0.0249408986419439,0.0606093518435955,0.851281702518463,0.372040513179646,0.168072525750678,0.0347993736160622,0.425087587453614,6.88472988827423,2.55685062785295,0.300403348458308
41,1251.00534120966,3500,1.6593,0.126900032162666,0.0264831073582172,0.0701640397310257,0.849078595638275,0.374883943863007,0.173163248814023,0.0361379018640519,0.415814905458918,6.79842843070043,2.54933785064728,0.299564163189779
41.2000000476837,1247.74226958054,3500,1.4937,0.112797580659389,0.0233929194509983,0.0611286386847496,0.859126389026642,0.375314631048365,0.158153500018338,0.0350525026985969,0.4314793662347,6.99702506307066,2.56440347444611,0.30124700952038
41.4000000953674,1232.84215918136,3500,1.4426,0.117376379668713,0.0251731183379889,0.0567022562026978,0.853991150856018,0.370599119083134,0.164629117444152,0.0353071739560985,0.429464589516616,6.93219564133367,2.5557186230272,0.300276902305619
41.5999999046326,1228.83404571434,3500,1.5633,0.125630334019661,0.0253061708062887,0.0569451600313187,0.845474123954773,0.367758981997799,0.174730234680406,0.0351965406949667,0.422314242626829,6.81617850229256,2.55507015167075,0.300204467359859
41.7999999523163,1253.39043601524,3500,1.4785,0.125456601381302,0.0236600004136562,0.0555982142686844,0.851583123207092,0.366143870642662,0.174415299373256,0.0347561023997361,0.424684727584346,6.81860924854035,2.56309948698065,0.301101352722448
42,1166.64585493299,3500,1.5959,0.210162863135338,0.0225291736423969,0.0719480589032173,0.815693795681,0.342584050468915,0.260751046470938,0.0310177357908165,0.365647167269331,5.69074162216454,2.56862304095054,0.301718339622839
42.2000000476837,1102.35752667912,3500,1.4634,0.290049731731415,0.0165501423180103,0.108432434499264,0.747650980949402,0.34072009437146,0.324468607219912,0.0279666356940789,0.30684466271455,4.73223506731709,2.59793405643681,0.304992411477805
42.4000000953674,1088.14090773349,3500,2.4682,0.301570534706116,0.0208268538117409,0.0738241672515869,0.756559133529663,0.315033702530439,0.342257751033254,0.0283729436105875,0.31433560282572,4.60242974392561,2.57695012554053,0.302648483899239
42.5999999046326,960.35338580316,3500,2.1186,0.298167943954468,0.0225348304957151,0.0660741925239563,0.757336974143982,0.31142988796856,0.341972224072723,0.0286727858415377,0.317925102117179,4.64054587914479,2.5685953939851,0.301715251427158
42.7999999523163,1120.57096483678,3500,2.3741,0.231576323509216,0.0235100761055946,0.0554072149097919,0.791727125644684,0.326041974684623,0.286848576545139,0.0309669585601789,0.356142490210059,5.4237995727329,2.56383142866825,0.301183111393687
43,1026.38357452796,3500,1.6736,0.254273176193237,0.0219083949923515,0.0606399960815907,0.79231208562851,0.320400444606364,0.304786694592888,0.0299664615784386,0.344846399222309,5.14886796595938,2.57165796946609,0.302057344391857
43.2000000476837,1132.34995536482,3500,1.4929,0.214560359716415,0.0255645308643579,0.0552734658122063,0.794045150279999,0.332443900706481,0.271097211799642,0.0323008082548582,0.364158079239018,5.63532342823045,2.553811208774,0.300063842088544
43.4000000953674,1189.5184504185,3500,1.6619,0.150118634104729,0.0227555129677057,0.0511659160256386,0.826628863811493,0.354575020941118,0.204795651337734,0.0341056346134318,0.406523693107717,6.4783866887681,2.56751696858753,0.30159479015404
43.5999999046326,1163.72693541773,3500,1.6941,0.133376196026802,0.0244245491921902,0.0483049973845482,0.838468372821808,0.359085611660534,0.185865661395157,0.0348386119360098,0.420210115008299,6.70829454090381,2.55936865054715,0.300684614292893
43.7999999523163,1184.33277902136,3500,1.5554,0.150796681642532,0.0272819735109806,0.0564420334994793,0.825884640216827,0.356853504606746,0.203815426256201,0.036874067782421,0.402457001354632,6.46917020727468,2.54545089764173,0.29912998637175
44,1178.22765927715,3500,1.8665,0.15324068069458,0.0258704777806997,0.0544034875929356,0.824074029922485,0.35523288656533,0.207427314783191,0.0350184018622578,0.402321396789222,6.43601075864462,2.55232081514801,0.299897363522629
44.2000000476837,1169.98075767947,3500,1.5959,0.165966063737869,0.027131101116538,0.0592987351119518,0.817515790462494,0.352837634582695,0.219937692367386,0.0359540476924383,0.39127062535748,6.26490085469523,2.5461847360368,0.299211956907247
44.4000000953674,1219.16002853209,3500,1.5292,0.162174567580223,0.0250833388417959,0.0591515116393566,0.820201635360718,0.355108204481237,0.216389545105081,0.0334687020454539,0.395033548368229,6.31561164167509,2.55615624050965,0.30032578464759
44.5999999046326,1181.93136403594,3500,1.5488,0.160290315747261,0.0254957657307386,0.0568927526473999,0.821259379386902,0.354135426416601,0.214710884493981,0.0341518973581021,0.397001791731316,6.34089883062268,2.5541462565218,0.300101267281188
44.7999999523163,1177.9033567256,3500,1.9277,0.16839200258255,0.0279994886368513,0.0610467940568924,0.82178008556366,0.351876022159695,0.221410519056137,0.0368151765957683,0.389898282188399,6.23257489094929,2.54196248522556,0.298740326964839
45,1160.27682223323,3500,1.485,0.16926833987236,0.0265343058854342,0.0588354505598545,0.819579720497131,0.350980475095623,0.223436433697863,0.0350256325675568,0.390557458638957,6.2209207291074,2.54908864404488,0.29953632654511
45.2000000476837,1198.6453739844,3500,1.7174,0.168710693717003,0.0253791362047195,0.0577126294374466,0.821510016918182,0.35075482009058,0.223292640072032,0.0335898940431444,0.392362645794244,6.22833528592373,2.55471457036265,0.300164748546515
45.4000000953674,1192.74984266386,3500,1.7808,0.154765754938126,0.0250710230320692,0.0536255799233913,0.832649230957031,0.353125089748477,0.208731232147042,0.0338130714431163,0.404330606661365,6.41536743220253,2.55621627532934,0.300332490601314
45.5999999046326,1077.54019760444,3500,1.7389,0.211468189954758,0.0237964950501919,0.0651732161641121,0.81908255815506,0.337267301196515,0.263338479569795,0.0311321621973185,0.368262057036372,5.67425932362581,2.56243320769073,0.301026928611426
45.7999999523163,1113.63275319617,3500,1.4822,0.177965566515923,0.0266786571592093,0.053380724042654,0.81831306219101,0.343456962979803,0.233619561548498,0.0350216972319728,0.387901778239726,6.10592487866791,2.5483860910735,0.29945785062498
46,1175.94025852661,3500,1.7015,0.17022517323494,0.0265853945165873,0.0507270693778992,0.817983329296112,0.345273406169223,0.226431709498407,0.0353636081766363,0.392931276155733,6.20821010506389,2.54883998542107,0.299508551110236
46.2000000476837,1139.78828465075,3500,1.4998,0.197107776999474,0.0292424391955137,0.0577207468450069,0.804195880889893,0.338629733989709,0.251852707019292,0.0373642663082585,0.372153292682741,5.85708737403782,2.53592560464769,0.298066000931985
46.4000000953674,1162.84747819145,3500,1.4295,0.177382484078407,0.0256433039903641,0.0546510145068169,0.819453060626984,0.344886951366551,0.232941471476555,0.0336751906259,0.388496386530993,6.11359662000809,2.55342742764704,0.3000209733252
46.5999999046326,1134.35650654407,3500,1.4395,0.171938553452492,0.0237480029463768,0.0533560700714588,0.822695314884186,0.346346170825974,0.227623175791158,0.0330965875919813,0.392934065790887,6.18548607406681,2.56266990437797,0.30105336788516
46.7999999523163,1142.78502405714,3500,1.4432,0.182518735527992,0.0235820729285479,0.0533871687948704,0.815252304077148,0.342581531209831,0.23898131754369,0.0327338063202611,0.385703344926218,6.04620494210202,2.56347992076628,0.301143847584175
47,1177.86278183703,3500,1.5693,0.18081758916378,0.0240419413894415,0.0541713237762451,0.810409069061279,0.344529321540683,0.237544703242262,0.0328431410269357,0.385082834190119,6.06847857778753,2.56123533041723,0.300893124435699
47.2000000476837,1156.73044585851,3500,1.5555,0.17087310552597,0.021933788433671,0.0525970421731472,0.824708640575409,0.346045010257138,0.226528602983832,0.0331428111940943,0.394283575564936,6.19961125712119,2.57153378551928,0.302043472911856
47.4000000953674,1148.41381073804,3500,1.4867,0.183512926101685,0.023575073108077,0.051338367164135,0.809399008750916,0.341544436377809,0.241027813200749,0.0328352637496494,0.384592486671792,6.03320913474427,2.56351409463974,0.30114766484248
47.5999999046326,1140.08109366806,3500,1.508,0.190618291497231,0.0255365781486034,0.0531655587255955,0.798559784889221,0.34081319401362,0.248462322569502,0.0332857747671701,0.377438708649708,5.9407900004709,2.55394740131583,0.300079054941483
47.7999999523163,1114.22531211215,3500,1.4864,0.182073622941971,0.0266923569142818,0.0532565414905548,0.811923503875732,0.342382350039372,0.238352720442924,0.0349429850559973,0.384321944461707,6.05202846629819,2.54831942022269,0.299450403419465
48,1189.82373488108,3500,1.6084,0.17026874423027,0.0243709459900856,0.0533520095050335,0.821435928344727,0.347284845505361,0.226026230568587,0.0331866884304542,0.393502235495597,6.2076316544097,2.5596301275707,0.30071382155676
48.2000000476837,1130.71435412555,3500,1.4772,0.168622642755508,0.0226561613380909,0.0521448403596878,0.824359238147736,0.346822511792298,0.224350561839821,0.033262223591928,0.395564702775953,6.22950648111068,2.56800244742599,0.301649018660791
48.4000000953674,1130.66320076199,3500,1.4461,0.186488077044487,0.0270454827696085,0.0547078363597393,0.806373536586761,0.341968556412764,0.242785798317058,0.0352100747090832,0.380035570561094,5.99441319032621,2.54660123149756,0.29925847989675
48.5999999046326,1156.60201994403,3500,1.5669,0.164403676986694,0.0248280912637711,0.0548367872834206,0.824094891548157,0.350641843460388,0.219378990544946,0.0333598059614416,0.396619360033225,6.28576972026685,2.55740062897065,0.300464784172827
48.7999999523163,1211.62465475802,3500,1.5863,0.164988294243813,0.022406417876482,0.0546307526528835,0.822266340255737,0.350485696660465,0.220195726380213,0.033365355916526,0.395953221042796,6.27795638999886,2.56922302952273,0.301785358989617
49,1115.80519144978,3500,1.4881,0.183475583791733,0.0231907945126295,0.0546606332063675,0.807420790195465,0.344061999378245,0.240359836101381,0.0327509294607585,0.382827235059615,6.03369697811401,2.56539055981217,0.30135726801405
49.2000000476837,1146.56000981134,3500,1.4624,0.190555676817894,0.0266770217567682,0.0548596195876598,0.799340426921844,0.341363804309232,0.247531055954372,0.0346533437126681,0.376451796023728,5.9416008986539,2.54839404994069,0.299458739638978
49.4000000953674,1189.48952746598,3500,1.5939,0.188663646578789,0.0249087102711201,0.0580827035009861,0.801471352577209,0.344815716037412,0.245205747525803,0.0324924477996085,0.377486088637176,5.96613342706263,2.55700755826283,0.300420877753341
49.5999999046326,1094.05383205781,3500,1.5544,0.197476387023926,0.0229496713727713,0.0564677082002163,0.809294462203979,0.338818915326334,0.253399166023459,0.0320796792267571,0.375702239423449,5.85235319507337,2.56656836167644,0.301488829745043
49.7999999523163,1103.16914273544,3500,1.5598,0.23333640396595,0.0228964518755674,0.0561083406209946,0.795472085475922,0.325336952487658,0.287805800002332,0.0308359299181977,0.356021317591812,5.40218455587089,2.56682835939339,0.301517871768777
50,1089.68343312609,3500,1.5391,0.221198201179504,0.0263362769037485,0.052169106900692,0.782659888267517,0.328731272952386,0.278929898876892,0.0332099222072564,0.359128905963466,5.55225793476832,2.55005261418413,0.299644003043163
50.2000000476837,1143.35916592596,3500,1.7497,0.209052518010139,0.0274217762053013,0.052920151501894,0.785421848297119,0.333526763711952,0.266860145081319,0.035004501482155,0.364608589724574,5.70478335412881,2.54477100349913,0.299054041467087
50.4000000953674,1137.28995194577,3500,2.0318,0.18975293636322,0.0252673402428627,0.0529661402106285,0.799462556838989,0.34106359076488,0.247663422295265,0.0329786514864136,0.378294335453441,5.95200243305619,2.55525939499306,0.300225606041854
50.5999999046326,1173.79907517574,3500,1.9211,0.18552066385746,0.024425782263279,0.0524541735649109,0.80330753326416,0.342215312481999,0.243329027236285,0.0327900167799153,0.3816656435018,6.00701271202554,2.55936263578154,0.300683942437125
50.7999999523163,1147.52281876285,3500,1.9857,0.193944752216339,0.0237958524376154,0.052472710609436,0.801263749599457,0.338757333890617,0.251793702986438,0.0324568852867917,0.376992077836153,5.89780049983663,2.56243634429501,0.301027278973487
51,1116.32036149006,3500,2.0381,0.207682192325592,0.0235648360103369,0.053190790116787,0.800237476825714,0.33342862583103,0.264818927933081,0.0318779050056821,0.369874541230207,5.72214006686384,2.5635640736888,0.301153247555844
51.2000000476837,1106.54927790693,3500,1.8979,0.216887578368187,0.0282434429973364,0.0510544218122959,0.788727104663849,0.328236192948179,0.273996158883098,0.0356802125466444,0.362087435622079,5.60612051931234,2.54077701519418,0.298607908691359
51.4000000953674,1122.81976276101,3500,1.508,0.217150971293449,0.0299715809524059,0.0508807189762592,0.794674754142761,0.326563206575203,0.27307307720667,0.0376900540240374,0.362673662194089,5.60282081397432,2.53238783439994,0.29767082820237
51.5999999046326,1079.15536052315,3500,1.4851,0.213969886302948,0.026547159999609,0.0526890642940998,0.794395267963409,0.330531118639734,0.270870896736237,0.0336068460807298,0.364991138543299,5.6427467171088,2.54902607926207,0.299529337991792
51.7999999523163,1141.17828817191,3500,1.6062,0.218374013900757,0.024598216637969,0.0513679124414921,0.792619287967682,0.328688286227337,0.275994217624906,0.031596504169028,0.36372099197873,5.58751345716491,2.55852159746458,0.30058999755542
52,1079.89358068945,3500,1.5927,0.220956310629845,0.0268075466156006,0.0520484186708927,0.769854843616486,0.330155578836941,0.279933169020282,0.0339629198929537,0.355948332249823,5.5552725595797,2.54775887831087,0.299387790286942
52.2000000476837,1119.53493955592,3500,1.5227,0.18783064186573,0.0246030110865831,0.0528446733951569,0.800024032592773,0.341884111887078,0.245833382038052,0.0327200849121552,0.379562421162714,5.97695253033785,2.5584982149534,0.300587385703852
52.4000000953674,1141.12253328838,3500,1.4689,0.191906705498695,0.0230978690087795,0.0529517307877541,0.811198770999908,0.338663756682157,0.248722775792452,0.0324015222847623,0.380211945240629,5.92411818094378,2.56584443383797,0.301407966229343
52.5999999046326,1144.61626561743,3500,1.4478,0.179270923137665,0.0266006570309401,0.0491475649178028,0.818484842777252,0.34002550200022,0.235959749503199,0.0350122834187737,0.389002465077807,6.08876974085841,2.54876570223149,0.29950025359832
52.7999999523163,1140.59743249757,3500,1.4612,0.179961115121841,0.0281613189727068,0.0493969172239304,0.822879552841187,0.338604077529341,0.235700548227493,0.0368837363348317,0.388811637908333,6.07971018169771,2.54117605485217,0.298652481848979
53,1119.99008001979,3500,1.4711,0.203211635351181,0.0307148210704327,0.0574835166335106,0.810157001018524,0.3344702756278,0.256641689014606,0.0387906112938598,0.370097424063734,5.77897358431791,2.52878439523131,0.297268320183887
53.2000000476837,1077.78598567727,3500,1.4392,0.18864107131958,0.0258425157517195,0.0533296056091785,0.815091609954834,0.339468364245278,0.244795059948516,0.033535221934493,0.382201353871712,5.96642648919551,2.55245701029235,0.29991257666627
53.4000000953674,1088.38578436393,3500,1.4445,0.199444994330406,0.0249412450939417,0.0519048608839512,0.805561721324921,0.335418523742858,0.256818405271478,0.0321916333540597,0.375571437631604,5.82710653682115,2.55684893879738,0.300403159788991
53.5999999046326,1107.16951643319,3500,1.4467,0.201709449291229,0.027392104268074,0.0507074892520905,0.800011515617371,0.333332766112461,0.259047935335314,0.0351786596020555,0.37244063895017,5.7981424268073,2.54491529710021,0.29907015921703
53.7999999523163,1176.26279977272,3500,1.5101,0.189665734767914,0.0255421083420515,0.0513748750090599,0.803852319717407,0.339326991877666,0.247464562255177,0.0333258227569389,0.379882623110218,5.9531329712738,2.55392045653614,0.300076045180703
54,1098.75038946956,3500,1.6758,0.202482491731644,0.0226023532450199,0.0535640679299831,0.804471969604492,0.335355640427358,0.259392057060771,0.0320264797764035,0.373225822735468,5.78827340795654,2.56826539970543,0.301678390712323
54.2000000476837,1121.76969375283,3500,1.8627,0.195610702037811,0.0249843448400497,0.0544113889336586,0.800410807132721,0.339432782882058,0.252996728642467,0.032334213568944,0.375236274906531,5.87633714140882,2.55663881951747,0.30037968924015
54.4000000953674,1175.3536815059,3500,1.5033,0.194048643112183,0.0246544573456049,0.0558250732719898,0.806011140346527,0.340321635047344,0.250580785264768,0.0322832436813154,0.376814336006573,5.89646071735451,2.55824731893949,0.300559360350106
54.5999999046326,1149.32663566914,3500,1.4692,0.179214432835579,0.0238309297710657,0.0543293841183186,0.820433557033539,0.344000985004933,0.234967090526251,0.0327773671473523,0.388254557321463,6.08951157812336,2.56226513417906,0.301008154619976
54.7999999523163,1119.62499229618,3500,1.5233,0.179370611906052,0.0208496749401093,0.0612909160554409,0.82627272605896,0.347774384563989,0.232930894542228,0.032465030373012,0.38682969052077,6.08746074082759,2.57683839766222,0.302636003775445
55,1162.45307983275,3500,1.506,0.1786178201437,0.0218019429594278,0.0571840740740299,0.830743134021759,0.344785367005497,0.232743680902517,0.0325756524062482,0.389895299685738,6.0973494830839,2.57217859699488,0.302115499045001
55.2000000476837,1112.96937621322,3500,1.4839,0.171835586428642,0.0245607122778893,0.0505938604474068,0.814282476902008,0.345681988876146,0.228935990629692,0.0333074183566687,0.392074602137493,6.18685036724793,2.55870451007955,0.300610429090618
55.4000000953674,1117.33201677898,3500,1.4513,0.188727721571922,0.0268904082477093,0.0526642203330994,0.802014410495758,0.34025531927425,0.245963231544668,0.0350454700299097,0.378735979151172,5.96530167796708,2.54735569390078,0.299342754156069
55.5999999046326,1139.22142428667,3500,1.4856,0.163067549467087,0.0226775575429201,0.0555775165557861,0.81474381685257,0.353091888651881,0.218635761570986,0.033519201442209,0.394753148334924,6.30364741404022,2.56789789132568,0.301637339632289
55.7999999523163,1230.89684869312,3500,1.4517,0.150398403406143,0.020783057436347,0.0561213195323944,0.832618594169617,0.356954537571135,0.20352750639787,0.033831394115311,0.405686561915684,6.47458298347865,2.57716455150927,0.302672435509839
56,1222.1519766892,3500,1.6739,0.136793777346611,0.0224026907235384,0.0506294779479504,0.841751992702484,0.358506874572573,0.188991182500972,0.0345394334023875,0.417962509524068,6.66099986262026,2.56924124776144,0.301787393986413
56.2000000476837,1223.55932055933,3500,1.7868,0.152174830436707,0.0231633838266134,0.0481221042573452,0.831068873405457,0.350850760696134,0.207313976695842,0.0340585194182407,0.407776743189783,6.45046014516022,2.56552443674268,0.301372222210722
56.4000000953674,1146.38100903221,3500,1.8621,0.185086861252785,0.0257745832204819,0.0497265495359898,0.8074791431427,0.33966329078749,0.242930607624721,0.0338297117399055,0.383576389847885,6.01266738962271,2.55278790674806,0.299949538155137
56.5999999046326,1136.06402244392,3500,2.1264,0.164962366223335,0.0222878027707338,0.0538778826594353,0.828119099140167,0.349169472139382,0.219825885426627,0.0333145508365549,0.397690091597435,6.27830279858665,2.5698028515272,0.301850125729159
56.7999999523163,1165.4445960175,3500,1.8833,0.161431387066841,0.0221055876463652,0.0576312616467476,0.82675576210022,0.35354773406799,0.215411162659099,0.0333595539524645,0.397681549320447,6.32557854877314,2.57069370428115,0.301949634936883
57,1176.39101612909,3500,2.026,0.162648275494576,0.0216561555862427,0.0652735903859138,0.829329550266266,0.357707308221141,0.214756732986923,0.0330093774947655,0.394526581297171,6.30926328425767,2.57289169475573,0.30219515282942
57.2000000476837,1192.66161430345,3500,1.9467,0.16831748187542,0.0220977440476418,0.0671654343605042,0.827777922153473,0.356511537886565,0.22029933576144,0.032720804355381,0.390468321996613,6.23356648763234,2.57073205549178,0.301953918808228
57.4000000953674,1198.49054424475,3500,1.6001,0.190514519810677,0.022338081151247,0.0720871314406395,0.817998647689819,0.350925164237622,0.242033205267832,0.0317604670641839,0.375281163430361,5.94213394109872,2.56955706891756,0.301822671548153
57.5999999046326,1170.89508117205,3500,1.4322,0.2022435516119,0.0225244127213955,0.0774092748761177,0.816097557544708,0.349403099235386,0.252031944819092,0.0311545093539909,0.367410446591531,5.79132280755836,2.56864630931413,0.301720938723999
57.7999999523163,1165.47894123988,3500,1.4356,0.193045973777771,0.0248332004994154,0.0776102319359779,0.817762136459351,0.353359663488289,0.24315832896227,0.0314896918340016,0.371992315715439,5.90939840349013,2.55737571712053,0.30046200149246
58,1180.04306872416,3500,1.5469,0.194839552044868,0.0244612246751785,0.0777532085776329,0.812812209129333,0.353313168579133,0.245287696621391,0.0314730369228247,0.369926097876652,5.88626677561046,2.55918975540563,0.300664631513786
58.2000000476837,1205.66514508622,3500,1.4691,0.19073323905468,0.0233401209115982,0.0783639922738075,0.811903834342957,0.355660232292818,0.241303655563527,0.0316284220778044,0.371407690065851,5.93930152296744,2.56466129855243,0.301275808749476
58.4000000953674,1204.07391604477,3500,1.545,0.193825021386147,0.0237933713942766,0.0751466378569603,0.804379165172577,0.353233933924913,0.245735971720709,0.0316955945578284,0.36933449979655,5.89934476914438,2.56244845433438,0.301028631677869
58.5999999046326,1170.75709012029,3500,1.6405,0.176046907901764,0.0248500127345324,0.0621251054108143,0.824019730091095,0.350142086264645,0.229613300929413,0.0326068352557405,0.387637777550201,6.13118958382595,2.5572937441596,0.300452845024839
58.7999999523163,1168.81385031692,3500,1.4422,0.20167975127697,0.0258032381534576,0.0559265650808811,0.801526784896851,0.337301624117175,0.258046451612205,0.0330148862414069,0.371637038029214,5.79852175616961,2.55264832698072,0.299933946945478
59,1134.70146191082,3500,1.4855,0.207557678222656,0.0268755760043859,0.0534586533904076,0.803114414215088,0.332498129811239,0.263710864654895,0.0341465632440349,0.369644442289831,5.72371866675094,2.54742786144199,0.299350815347796
59.2000000476837,1108.00012450007,3500,1.4898,0.225020170211792,0.0282602310180664,0.0526628866791725,0.790823578834534,0.32569308553302,0.280712200063415,0.0352545801379278,0.358340134265638,5.50474989262848,2.54069544655265,0.298598797386649
59.4000000953674,1070.82697725931,3500,1.4399,0.228097483515739,0.0293542053550482,0.058674830943346,0.79310268163681,0.327641917224811,0.281202987938118,0.0361884319246296,0.354966662912441,5.46666795963787,2.53538314665483,0.298005407792598
59.5999999046326,1083.08745437641,3500,1.485,0.202400267124176,0.0272173434495926,0.0566236861050129,0.816050410270691,0.334981917567774,0.256657963717503,0.0345135312656806,0.373846587449042,5.78932267106869,2.54576524221317,0.299165098997397
59.7999999523163,1118.44673005549,3500,1.479,0.21252866089344,0.0280643217265606,0.0581312030553818,0.815192043781281,0.331473679613508,0.265497235303407,0.035058800058986,0.3679702850241,5.66088887931423,2.54164740675213,0.298705132361553
60,1102.06785535881,3500,2.2971,0.216746479272842,0.0283155366778374,0.0546032898128033,0.810822427272797,0.327869636937054,0.270628874961034,0.0353546773204781,0.366146810781434,5.6078886218519,2.5404267406542,0.298568782649704
60.2000000476837,1098.09475552075,3500,2.5888,0.216373577713966,0.0271625574678183,0.0513265132904053,0.804938435554504,0.327066112822099,0.272150102750025,0.0341644894165054,0.36661929501137,5.61256295763847,2.54603172398139,0.299194865296609
60.4000000953674,1076.63303117616,3500,2.1396,0.21892786026001,0.0275151804089546,0.0504435822367668,0.803015172481537,0.325527904981778,0.274795559991675,0.0345367163401257,0.365139818686422,5.58058949982405,2.54431681083757,0.299003307659839
60.5999999046326,1130.25404370448,3500,1.7384,0.235683098435402,0.0303603559732437,0.0586292669177055,0.796150803565979,0.323817336207192,0.28720142725846,0.0369968726034057,0.351984363930942,5.37344260813846,2.53050259817084,0.297460245294366
60.7999999523163,1133.80895801776,3500,1.838,0.199604973196983,0.0250795222818851,0.0540819391608238,0.815561413764954,0.335472241049604,0.255400596600038,0.0320900068302217,0.377037155520137,5.82505759144801,2.55617484468529,0.300327862753955
61,1110.09510834488,3500,1.698,0.208644852042198,0.0260422937572002,0.0639737322926521,0.810996949672699,0.338268372297415,0.261497155655527,0.0326391266192191,0.367595345427839,5.70994376159452,2.55148403387434,0.299803894157224
61.2000000476837,1192.5250242745,3500,1.6398,0.178842395544052,0.0215466599911451,0.0664697960019112,0.828123331069946,0.351165699849477,0.231024966853852,0.032294491212648,0.385514842084022,6.09439849084665,2.57342734643621,0.302254985696417
61.4000000953674,1109.33385348683,3500,1.7609,0.203722178936005,0.0206393748521805,0.0704355388879776,0.809686660766602,0.345155411354125,0.2557499236107,0.0313846441445925,0.367710020890583,5.77246694654739,2.57786808522482,0.302751020980143
61.5999999046326,1199.11173509636,3500,1.8965,0.195214837789536,0.0220316369086504,0.0713537409901619,0.817574083805084,0.348427433000242,0.246750388364218,0.0315998506002709,0.37322232803527,5.88143325851299,2.57105529801893,0.301990025345068
61.7999999523163,1174.31776256316,3500,1.7964,0.190505534410477,0.025445157662034,0.0765282064676285,0.82332044839859,0.352861847404851,0.240343429779295,0.0321018309661865,0.374692891849668,5.94225031856054,2.55439285181094,0.300128812239367
62,1200.94333730582,3500,2.1936,0.169602021574974,0.0278133917599916,0.0698235929012299,0.845358490943909,0.353923382090007,0.218704349107409,0.035865785589409,0.391506483213175,6.21648642057896,2.54286700310303,0.298841362581512
62.2000000476837,1168.85834838042,3500,2.1865,0.196579113602638,0.0278768911957741,0.0720412358641624,0.829666018486023,0.345435387050467,0.245862812385025,0.0348658142990648,0.373835986265444,5.86388096559618,2.54255834667798,0.298806885327915
62.4000000953674,1131.60311049691,3500,1.9368,0.208616867661476,0.0283985193818808,0.0823868811130524,0.831068098545074,0.346408243034092,0.254225544604137,0.0346071203960607,0.36475909196571,5.71029809719947,2.5400235928483,0.29852375060756
62.5999999046326,1119.99300124213,3500,2.2009,0.216118529438972,0.0288636218756437,0.0799922421574593,0.822531402111053,0.342654747605294,0.262236639455995,0.0350229072113631,0.360085705727348,5.61576127911135,2.53776466229123,0.298271425642473
62.7999999523163,1175.60954469805,3500,2.0186,0.202501490712166,0.02475924231112,0.0802952721714973,0.823381900787354,0.350159923482652,0.250885709736586,0.0309733164005683,0.367981050380193,5.78803097853054,2.55773633864395,0.300502283303258
63,1198.4402656531,3500,2.144,0.202181711792946,0.0245445761829615,0.0813486874103546,0.823332250118256,0.350966155142719,0.250338484086149,0.0309546399951495,0.367740720775983,5.79211216798107,2.5587832096352,0.30061921991536
63.2000000476837,1123.78781402388,3500,1.7992,0.209778428077698,0.024432335048914,0.0843943208456039,0.818936228752136,0.350155786926998,0.256991061069257,0.0306264880788973,0.362226663924848,5.69560106185083,2.55933067224529,0.300680372075857
63.4000000953674,1096.52567726245,3500,1.8341,0.206112965941429,0.0237601734697819,0.0753230154514313,0.83135449886322,0.344448101883939,0.254689588250563,0.030891990114166,0.369970319751333,5.74205298277052,2.56261049725938,0.301046732046321
63.5999999046326,1088.81656297576,3500,1.8492,0.200331851840019,0.0290664304047823,0.0635069608688354,0.839805603027344,0.336551018994763,0.250141100205332,0.0362933243701065,0.377014556429799,5.8157531774529,2.53677999141728,0.29816143685016
63.7999999523163,1158.36460960921,3500,2.3753,0.190300598740578,0.0271199326962233,0.0628059059381485,0.829435586929321,0.342555995997013,0.242347108885728,0.0345371340164039,0.380559761100855,5.94490496319894,2.5462390633925,0.299218025331125
64,1036.09721556883,3500,2.5815,0.218446582555771,0.0350302904844284,0.0583773404359818,0.804603457450867,0.327661487616363,0.269556608394626,0.0432263402044767,0.359555563784534,5.58660595455003,2.50791635070642,0.29493733723725
64.2000000476837,1053.37529309197,3500,2.3527,0.235465094447136,0.0355244837701321,0.0674048736691475,0.802393853664398,0.326718423380581,0.282236295394957,0.0425808280358571,0.348464453188606,5.37610897446981,2.50553255351718,0.294671064535477
64.4000000953674,1125.93754915953,3500,1.7334,0.21155820786953,0.0347642600536346,0.0746663436293602,0.821003317832947,0.338959943872883,0.257726506628878,0.0423508564824233,0.360962693015816,5.67312367662326,2.50920008417452,0.295080731641963
64.5999999046326,1131.20990277745,3500,1.7288,0.201533034443855,0.0260354187339544,0.0614475980401039,0.818420648574829,0.338711850645646,0.254774939782546,0.0329135729954215,0.373599636576386,5.8003959606755,2.55151751390186,0.299807633912193
64.7999999523163,1101.21777114699,3500,1.6617,0.244466155767441,0.0271688923239708,0.0676235407590866,0.78049099445343,0.32919361645079,0.295060573450482,0.0327917331704239,0.342954076928305,5.26665111824663,2.54600091015542,0.299191423359213
65,1080.1388191149,3500,1.7138,0.241544872522354,0.0246429946273565,0.0605670921504498,0.78181666135788,0.326569492145913,0.295167258105937,0.0305499403717026,0.347713309376447,5.30203344317706,2.55830321982373,0.300565604538808
65.2000000476837,1061.7982551364,3500,1.7296,0.265435308218002,0.0259103626012802,0.058145746588707,0.769167602062225,0.316859273246522,0.316956742844118,0.0309396070596114,0.335244376849748,5.01668229130225,2.55212655421892,0.299875664368578
65.4000000953674,1073.43881246246,3500,1.961,0.266168266534805,0.0292095765471458,0.0598104372620583,0.785832583904266,0.314529968584092,0.313959213592266,0.0344542037317052,0.337056614091937,5.00807210432426,2.53608511566943,0.29808381848413
65.5999999046326,1028.57042375076,3500,1.8485,0.251173794269562,0.0260114539414644,0.0557160712778568,0.789696514606476,0.318358605365809,0.303513942590552,0.0314317779896003,0.346695674054039,5.18592549110916,2.55163421963305,0.29982067006749
65.7999999523163,1026.54297437689,3500,1.7266,0.260806351900101,0.0274047162383795,0.0596390143036842,0.787542879581451,0.316909454626125,0.31011738432094,0.0325861653904777,0.340386995662458,5.0712579951299,2.54485396498837,0.299063308354381
66,1041.55591115573,3500,1.9878,0.261241912841797,0.0305061619728804,0.0627685561776161,0.799753487110138,0.316187222646017,0.307114502000808,0.0358628699366888,0.340835405416487,5.06610809073318,2.52979575493139,0.297381290146693
66.2000000476837,977.232263947646,3500,1.7628,0.286538660526276,0.0291142612695694,0.0551055707037449,0.783546447753906,0.304483719287851,0.331757468461974,0.0337087972603513,0.330050014989824,4.77221666338913,2.53654779417533,0.29813550016929
66.4000000953674,1026.14550332197,3500,1.7261,0.297213405370712,0.0294477939605713,0.059953011572361,0.768253266811371,0.305255964903127,0.340099811948261,0.0336969632166811,0.320947259931931,4.65127198072505,2.53492896162,0.297954674837264
66.5999999046326,1093.43627981991,3500,1.6997,0.258030593395233,0.0275820847600698,0.0558966398239136,0.792615294456482,0.314934809431518,0.30828151434725,0.0329536383527366,0.343830037868495,5.10414880269944,2.54399150469893,0.298966970615383
66.7999999523163,1050.43941089537,3500,1.7602,0.262447953224182,0.0267332065850496,0.0512490682303905,0.783884406089783,0.311599911313024,0.314564814187704,0.0320418812902093,0.341793393209063,5.05186417362559,2.54812062791055,0.299428198105068
67,1052.13920963375,3500,1.8946,0.266911000013351,0.0268724299967289,0.053673405200243,0.782286822795868,0.311620174440396,0.317624619763891,0.0319782450308,0.338776960764912,4.9993558552114,2.54744316875118,0.299352525190644
67.2000000476837,1002.38696436345,3500,2.1579,0.273208349943161,0.0290261805057526,0.0527767054736614,0.785027384757996,0.3076489478469,0.321834833126068,0.0341923515928391,0.336323867434193,4.92580882073874,2.53697539535812,0.29818326367985
67.4000000953674,996.220451165947,3500,2.085,0.273435831069946,0.0276082064956427,0.0566841699182987,0.7849240899086,0.310571068888141,0.321411318122752,0.0324521845072298,0.335565428481878,4.92316393258416,2.54386450018655,0.298952784075185
67.5999999046326,1032.75411386814,3500,2.1515,0.257257759571075,0.0259975343942642,0.0567137934267521,0.790725111961365,0.316561308471443,0.308200317516891,0.0311456041921831,0.344092769819483,5.11332828573903,2.55170200751513,0.299828242046596
67.7999999523163,1070.7452364707,3500,2.0263,0.264722764492035,0.0250442065298557,0.0605817176401615,0.783188939094543,0.31741201383419,0.314406024255601,0.0297445118510956,0.338437450059113,5.02506090444988,2.5563469980525,0.300347092469642
68,1062.018269618,3500,2.9002,0.244373604655266,0.0248906556516886,0.0590206570923328,0.795808076858521,0.322799759341746,0.296515161123851,0.030334205032305,0.350350874502098,5.26776999473341,2.55709558358848,0.300430710276591
68.2000000476837,1068.20854554351,3500,2.3573,0.224165976047516,0.0263625234365463,0.0566676408052444,0.811080932617188,0.326959473654721,0.277414756821603,0.0326247236860027,0.363001045837673,5.51534746177843,2.54992483942212,0.299629730465256
68.4000000953674,1072.96236276036,3500,2.4336,0.236519426107407,0.0257618650794029,0.0523660182952881,0.791887998580933,0.321756120671246,0.291749616839621,0.0317775769613811,0.354716685527752,5.36322069369091,2.55284985883391,0.299956458269546
68.5999999046326,1058.48447392776,3500,1.9152,0.26302632689476,0.0261098388582468,0.0552261769771576,0.771085619926453,0.31561408465839,0.31555399006017,0.0313241032896467,0.337507821991794,5.04504155880183,2.55115511492178,0.299767153557579
68.7999999523163,1027.46189295118,3500,1.9552,0.267011910676956,0.0287911538034678,0.0566795095801353,0.780096232891083,0.313029484971348,0.316349098645062,0.034111045951421,0.336510370432169,4.99817231271557,2.538116557326,0.298310732695133
69,1076.7400091466,3500,2.0614,0.256203204393387,0.0247832722961903,0.0538028217852116,0.777195930480957,0.317024404948044,0.310050182469653,0.0302543232435129,0.34267108933879,5.12586938523733,2.55761916498332,0.30048919487974
69.2000000476837,1076.93061054093,3500,2.0607,0.263075590133667,0.0278213527053595,0.0559197664260864,0.771719574928284,0.315320436230445,0.31467234043533,0.0332779265663686,0.336729296767857,5.04446068685475,2.54282830563909,0.298837040033301
69.4000000953674,1012.69408328776,3500,2.1592,0.267178922891617,0.025628175586462,0.0579862147569656,0.76593142747879,0.316572277185296,0.318899370373498,0.0305892731727927,0.333939079268414,4.99621384843433,2.55350113052742,0.300029206015958
69.5999999046326,1084.1266648679,3500,1.8521,0.253953635692596,0.026059590280056,0.0574051663279533,0.787354111671448,0.318625110694105,0.305601701802323,0.0313594846403239,0.344413702863248,5.15268142157036,2.55139980421363,0.299794485613818
69.7999999523163,1063.11380740862,3500,1.8731,0.230103880167007,0.024717016145587,0.0539088360965252,0.800019502639771,0.324656002737401,0.28507888484076,0.0309728463329097,0.359292266088929,5.44192028267118,2.55794224648992,0.300525283430412
70,1070.48962708235,3500,2.352,0.258906453847885,0.0254026278853416,0.0530502125620842,0.771087408065796,0.316051502477083,0.313061576616794,0.0307160621830894,0.340170858723033,5.09375715318653,2.55460009433199,0.300151961451159
70.2000000476837,1066.08426458237,3500,2.1083,0.269779026508331,0.0272069424390793,0.0544690079987049,0.766303658485413,0.312720312646453,0.321409284165796,0.0324138017949828,0.333456601392769,4.96578136101696,2.54581583209681,0.299170749941638
70.4000000953674,1064.52085558809,3500,2.1013,0.293091833591461,0.0279432330280542,0.0528922565281391,0.760912477970123,0.303586631905499,0.340580795047596,0.0324708075427326,0.323361765504172,4.69775324588066,2.54223589553988,0.29877086719008
70.5999999046326,981.473978949749,3500,2.0535,0.304771840572357,0.0221384204924107,0.0538927875459194,0.757836759090424,0.301482583912234,0.35065132560268,0.0287634288115465,0.319102661673539,4.56673754928918,2.57053317169269,0.301931703274641
70.7999999523163,1018.01328604249,3500,1.9185,0.279329210519791,0.0265192333608866,0.0497060231864452,0.763831198215485,0.306684472869796,0.331049582967534,0.0314295133273153,0.330836430835355,4.85493109448023,2.54916200754069,0.299544521326247
71,1021.60712996512,3500,1.8515,0.285852700471878,0.0259417369961739,0.057083148509264,0.755980849266052,0.310069927304496,0.335069934258465,0.0304083050309105,0.324451833406128,4.78005092338647,2.55197374931508,0.299858595896992
71.2000000476837,1042.04161544345,3500,1.8512,0.297434836626053,0.024082500487566,0.0561439581215382,0.751330614089966,0.306156259190371,0.345201665501153,0.0290148986427533,0.319627176665722,4.64878247029329,2.5610374146365,0.300871017030801
71.4000000953674,1049.15786845565,3500,2.322,0.257049292325974,0.0242418590933084,0.0485774278640747,0.780410170555115,0.312949951604352,0.311929275180084,0.0303374960068471,0.344783277208718,5.11580603226669,2.56025987386421,0.300784164892913
71.5999999046326,989.439976072271,3500,2.3228,0.273032426834106,0.0242771655321121,0.049199502915144,0.758797883987427,0.309785284314118,0.327358403641217,0.0299743154537574,0.332881996590907,4.92785481947767,2.56008762425512,0.300764924426905
71.7999999523163,1068.33203452267,3500,1.8358,0.267378062009811,0.0252890679985285,0.0490029118955135,0.77460390329361,0.309890064368317,0.320877840771262,0.0303491672932676,0.338882927567153,4.993879232196,2.55515350240794,0.300213777726566
72,979.900940220103,3500,2.2185,0.280080020427704,0.0258451662957668,0.0499412566423416,0.76119589805603,0.307094958146384,0.332148189655624,0.0306499020650542,0.330106950132938,4.846278215899,2.55244410007331,0.299911134580962
72.2000000476837,1077.26980525495,3500,1.8184,0.280667990446091,0.0280705485492945,0.0602274462580681,0.764260709285736,0.31225641134702,0.328268897756285,0.0328312751911803,0.326643415705515,4.83950831975092,2.54161714649317,0.298701752258185
72.4000000953674,1065.53325861798,3500,1.8313,0.260710716247559,0.025252552703023,0.0558366514742374,0.777814626693726,0.316442752187719,0.313030568788359,0.0303202762424205,0.340206402781501,5.07238916056958,2.55533146502993,0.300233656342241
72.5999999046326,1017.11073670303,3500,1.8577,0.26177379488945,0.0270284488797188,0.0521775595843792,0.775994002819061,0.313226995259874,0.314518957030515,0.0324744482364699,0.339779599473141,5.05982343929539,2.54668409822352,0.299267736198883
72.7999999523163,1093.12808660411,3500,1.7618,0.254648953676224,0.0244364812970161,0.0530347526073456,0.775849223136902,0.317281333910568,0.309125966990544,0.030348246333616,0.343244452765272,5.14438545804758,2.55931044756037,0.300678112956868
73,1051.78491024993,3500,1.7757,0.263408660888672,0.0260262917727232,0.0535255856812,0.773139178752899,0.314177865645952,0.316168804276012,0.0312392976060811,0.338414032471955,5.04053440683056,2.55156196079498,0.299812598677807
73.2000000476837,1074.26646945495,3500,1.796,0.268175035715103,0.024836415424943,0.0538871698081493,0.769954323768616,0.31336293237881,0.320709371388679,0.0298973924375073,0.336030303795004,4.98454222680472,2.55736004170319,0.300460250531536
73.4000000953674,1066.85999883123,3500,1.7624,0.269568145275116,0.0297709032893181,0.0554084815084934,0.790324866771698,0.309794654428712,0.317267721462438,0.0350388086205098,0.33789881548834,4.96824555517467,2.53336125026006,0.297779559797572
73.5999999046326,1038.27160809865,3500,1.7931,0.261091262102127,0.0254356171935797,0.0507876202464104,0.792073965072632,0.311376512648357,0.313147900415666,0.0305069961201172,0.34496859081586,5.06788898353462,2.55443934058715,0.300134005085511
73.7999999523163,1064.05760365257,3500,2.0881,0.262596189975739,0.0270559769123793,0.0460324883460999,0.778472363948822,0.308654664807494,0.316724686981837,0.0326329784881983,0.341987669722471,5.05011503230638,2.54655018015481,0.299252777407032
74,1035.64734366743,3500,2.0163,0.25468921661377,0.0249585006386042,0.0463900566101074,0.776512026786804,0.31286733660325,0.311041520629317,0.0305314772220023,0.345559665545431,5.14390531065437,2.5567648136923,0.30039376292456
74.2000000476837,1016.17278345919,3500,1.7824,0.258340984582901,0.0219717621803284,0.0502480864524841,0.780266046524048,0.313560393958857,0.312529050992886,0.0302438511157524,0.343666703932505,5.10046476119569,2.57134808493163,0.302022729957121
74.4000000953674,1058.50466835234,3500,1.7819,0.270105183124542,0.0246257968246937,0.0541491061449051,0.763558626174927,0.313526372461524,0.32293430522826,0.0298896805211767,0.333649641789039,4.96197154961326,2.55838709054966,0.300574972988815
74.5999999046326,1110.58037006808,3500,1.7162,0.236258253455162,0.0215070638805628,0.0548982731997967,0.787824928760529,0.324299230506592,0.291523397776508,0.0308479591202762,0.353329412596624,5.36641164332288,2.57362106508909,0.302276624277635
74.7999999523163,1058.07806177489,3500,1.8197,0.249952629208565,0.023876590654254,0.0585592910647392,0.77926367521286,0.322263071029797,0.303190453798747,0.0303247914173529,0.344221683754103,5.20056846744916,2.56204227568191,0.300983261086912
75,1065.99973633187,3500,2.4551,0.241112366318703,0.0243689212948084,0.0604983903467655,0.780813992023468,0.326818271386844,0.294922328881922,0.0305793449528107,0.347680054778423,5.30728352443519,2.55964000433864,0.300714924802328
75.2000000476837,1117.90251870644,3500,1.8029,0.219341143965721,0.0220567360520363,0.0580297820270061,0.796573579311371,0.332170114372523,0.274665180254702,0.0313057066367844,0.36185899873599,5.57542599603799,2.57093256875299,0.301976316354481
75.4000000953674,1052.00801746617,3500,2.3677,0.21636201441288,0.0204709693789482,0.0559083856642246,0.801679074764252,0.331385373758978,0.271991213907345,0.0314277918244361,0.365195620509241,5.61270793964032,2.57869280457354,0.3028431430156
75.5999999046326,1087.87852472541,3500,1.8567,0.226008325815201,0.0254298951476812,0.0559749007225037,0.799483954906464,0.327551330586739,0.280775275730304,0.0315921362459945,0.360081257436963,5.49250489365911,2.55446722317965,0.300137119600987
75.7999999523163,1089.20280510172,3500,1.7379,0.247109189629555,0.0273090619593859,0.0627531632781029,0.791692972183228,0.323692393073402,0.297408879613908,0.0328678894250088,0.346030837887682,5.23475657872213,2.54531915236582,0.299115270283183
76,1116.90059719586,3500,2.8596,0.23069816827774,0.0243024099618196,0.0613619312644005,0.798069298267365,0.32948152460587,0.283768124128413,0.0307510161704861,0.355999335095231,5.43460246632979,2.55996446801578,0.300751167742931
76.2000000476837,1092.91193576455,3500,2.3826,0.212316885590553,0.0246644765138626,0.0621362775564194,0.819804072380066,0.334861075978242,0.264825274850801,0.0311827853580977,0.36913086381286,5.66355750980612,2.55819845843494,0.300553902579364
76.4000000953674,1123.04874916539,3500,1.7708,0.214897513389587,0.0211062524467707,0.0635367855429649,0.812256932258606,0.335633820055326,0.26757390982497,0.0311280835227587,0.365664186596945,5.63108731585482,2.57558242249701,0.302495710002925
76.5999999046326,1111.92015636053,3500,1.6916,0.208961769938469,0.0241643600165844,0.0565740466117859,0.808894991874695,0.334018433437484,0.264255010551717,0.0316152340484972,0.370111321962303,5.70593185135104,2.56063799065461,0.30082640094379
76.7999999523163,1061.42364494927,3500,1.7206,0.22432254254818,0.0237977355718613,0.0553415417671204,0.794744849205017,0.328583254067664,0.280083742715855,0.03121439998119,0.360118603235291,5.51340414399137,2.56242715268656,0.30102625226097
77,1034.57923011396,3500,1.6892,0.218616887927055,0.0242768656462431,0.053096417337656,0.799577474594116,0.328863317102854,0.275022544287182,0.0314502858053385,0.364663852804626,5.5844765426624,2.5600890872828,0.300765087848664
77.2000000476837,1124.31763877501,3500,1.7267,0.208244249224663,0.0207065809518099,0.0546808429062366,0.810690462589264,0.332847856416146,0.263900144297584,0.0316815644705844,0.371570434815685,5.71501735108654,2.57753900147774,0.302714261972774
77.4000000953674,1078.21290785701,3500,1.696,0.215079635381699,0.0240626540035009,0.0478482022881508,0.794872462749481,0.327438251903801,0.273685926233053,0.0318121617775837,0.367063660085562,5.62879983034022,2.56113425827673,0.300881834569243
77.5999999046326,1070.0177469791,3500,1.7123,0.228524774312973,0.0242795888334513,0.0504533685743809,0.777553021907806,0.325762082024958,0.287039387092889,0.0314013423660336,0.355797188516119,5.46139219079079,2.56007580191755,0.300763603859122
77.7999999523163,1039.95995890969,3500,1.7163,0.244443312287331,0.0238106548786163,0.0529610104858875,0.765899360179901,0.322396381288372,0.301587246992242,0.0308442931175124,0.345172078601874,5.26692726677872,2.56236409382129,0.301019208518111
78,1066.82551869382,3500,1.9721,0.238524854183197,0.0199458617717028,0.0575764328241348,0.777953743934631,0.32631546827632,0.293814736485055,0.0307949812495633,0.349074813989062,5.33875518157377,2.58126528464603,0.303130491797723
78.2000000476837,1040.91808862776,3500,1.6293,0.217126503586769,0.0228947848081589,0.0515201687812805,0.792102754116058,0.32937276664586,0.274863485961189,0.0316478506102028,0.364115896782748,5.60312729109022,2.56683650388774,0.301518781517528
78.4000000953674,1042.4451263313,3500,1.6163,0.240491256117821,0.0243829488754272,0.0522241070866585,0.769576728343964,0.323051792012563,0.297969930370236,0.0309751314018934,0.348003146215308,5.31482825626789,2.55957157611252,0.300707281296106
78.5999999046326,1072.92564378531,3500,1.6136,0.235255286097527,0.0240962542593479,0.0525950007140636,0.778074622154236,0.324373711128146,0.292350898063197,0.0310674101008299,0.352207980707827,5.37867581953421,2.56097030237659,0.300863520519416
78.7999999523163,1061.3793919057,3500,1.5966,0.263544380664825,0.0257379096001387,0.0537781752645969,0.760497450828552,0.315835262193628,0.317761287469379,0.031032766741902,0.335370683595091,5.03893503400284,2.55296655197577,0.299969493018602
79,1075.43668962366,3500,2.0287,0.235113739967346,0.021207544952631,0.0559731498360634,0.782413482666016,0.326110187811672,0.290803535472863,0.0309215802863384,0.352164696429126,5.38040792629392,2.57508667514414,0.302440334492105
79.2000000476837,1047.0451348931,3500,1.7551,0.224498078227043,0.0235494412481785,0.0515608005225658,0.787759602069855,0.326888496131182,0.282017391199092,0.0314053235362083,0.359688789133518,5.51122584538839,2.56363923421686,0.30116164306741
79.4000000953674,1084.98141130314,3500,1.7276,0.247060641646385,0.027427900582552,0.0615869946777821,0.782549858093262,0.323994508180087,0.298638007036104,0.0331538585530002,0.344213626230808,5.23534141886363,2.54474122141316,0.299050714776154
79.5999999046326,1097.82723832022,3500,1.6114,0.258953630924225,0.0236468054354191,0.0614059008657932,0.765354990959167,0.322201496149332,0.3114457088439,0.0300677101661335,0.336285084840635,5.09319776896312,2.56316390134116,0.301108547875576
79.7999999523163,1090.40591406777,3500,1.7105,0.228348210453987,0.021930418908596,0.0591542348265648,0.787662446498871,0.330286069887373,0.283385237409844,0.0310255592595226,0.35530313344326,5.46357187447651,2.57155026364079,0.302045313535696
80,1130.02143660902,3500,2.1939,0.227067425847054,0.0225109737366438,0.0561585910618305,0.792922735214233,0.328216951431864,0.28251073806211,0.0311042784988017,0.358168032007224,5.4793981134936,2.56871199116321,0.30172827545696
80.2000000476837,1054.01440655973,3500,1.7144,0.239937677979469,0.0245475545525551,0.0544913336634636,0.789424955844879,0.322379253141457,0.294666570026486,0.0307024070279304,0.352251769804126,5.32155786684193,2.5587686833235,0.300617597310769
80.4000000953674,1067.42240562952,3500,1.988,0.274499326944351,0.0264465529471636,0.0569776818156242,0.771631181240082,0.312255892966658,0.324130964929184,0.0312282977930678,0.33238484431109,4.9108098128336,2.54951578567115,0.299584038722714
80.5999999046326,1063.69167291653,3500,1.7632,0.255628883838654,0.0219941902905703,0.0586383603513241,0.783344566822052,0.319638506501681,0.30747901661395,0.0300708405870151,0.342811636297354,5.13270686860231,2.57123840956349,0.302010479100915
80.7999999523163,1014.87406638844,3500,1.8608,0.247523710131645,0.0230145119130611,0.0545586049556732,0.790398776531219,0.319333512101077,0.301050832690096,0.0304062621445419,0.349209393064285,5.22976453451235,2.56625160983119,0.30145344822433
81,1077.96397337285,3500,1.6902,0.24297770857811,0.0221576448529959,0.0508094504475594,0.789835333824158,0.318738304509947,0.298293316649187,0.0306914282790365,0.352276950561829,5.28466199767719,2.5704391787986,0.301921204167598
81.2000000476837,1040.29173449233,3500,1.6842,0.270496636629105,0.0260163899511099,0.0504361130297184,0.773166477680206,0.30954785961722,0.322864196068197,0.0310531063559184,0.336534837958665,4.95740125735559,2.55161018160967,0.299817984994507
81.4000000953674,997.06109491016,3500,1.8398,0.292369902133942,0.0258739329874516,0.0519216768443584,0.752046465873718,0.304906502373365,0.342210587231771,0.0302846966702301,0.322598213724634,4.70592284324742,2.55230398608334,0.299895483698063
81.5999999046326,1276.02487945864,3500,1.5114,0.233693510293961,0.0199384018778801,0.0557459592819214,0.7767174243927,0.33771472383543,0.299533876121892,0,0.362751400042678,5.39780508932474,2.58130184028421,0.303134575101701
81.7999999523163,1281.97405742066,3500,1.5548,0.223759055137634,0.0202144086360931,0.0565723218023777,0.784937620162964,0.3415280140465,0.289331102615041,0,0.369140883338459,5.52040003584655,2.5799495126108,0.302983518650713
82,1269.33223212732,3500,2.0367,0.218692407011986,0.0206388588994741,0.0616008304059505,0.788022458553314,0.346697811709584,0.282859770397752,0,0.370442417892663,5.5835324388858,2.57787061174431,0.302751303195079
82.2000000476837,1323.52969378901,3500,1.5618,0.238748446106911,0.0234286114573479,0.0686999708414078,0.776107728481293,0.344061141943598,0.300249537014282,0,0.35568932104212,5.33603142643714,2.56422919230031,0.301227542017841
82.4000000953674,886.301956221889,3500,1.6345,0.2925885617733,0.0253688711673021,0.050988432019949,0.723833382129669,0.307465511517072,0.346308478557001,0.03002665286507,0.316199357060857,4.70344754347174,2.55476459322425,0.300170336153787
82.5999999046326,1213.56239805226,3500,1.4986,0.26896408200264,0.0247687306255102,0.0620052665472031,0.760475397109985,0.329091004768078,0.329826744280968,0,0.341082250950954,4.97530810721795,2.55769007191445,0.300497115259969
82.7999999523163,1268.84325477395,3500,1.4695,0.235073685646057,0.0194704569876194,0.0627286657691002,0.776414930820465,0.341745196066426,0.298723805106706,0,0.359530998826868,5.38089813112886,2.58359546180017,0.303390775084089
83,882.124487808003,3500,1.6639,0.275691777467728,0.0253224670886993,0.0515659861266613,0.745001137256622,0.311741019987646,0.330274193675176,0.0303358971254243,0.327648889211753,4.89697920982288,2.55499073290515,0.300195596198594
83.2000000476837,932.157248987511,3500,1.6084,0.28742778301239,0.0256134010851383,0.0562309287488461,0.744112253189087,0.310374386705195,0.338096641427781,0.0301286284564031,0.321400343410621,4.7620733153811,2.55357311036218,0.300037246240672
83.4000000953674,960.689060436393,3500,1.6519,0.299100756645203,0.028713820502162,0.0679871514439583,0.760837376117706,0.310580471469686,0.340236829132511,0.0326629037970786,0.316519795600725,4.63007799468262,2.53849210620877,0.298352681907975
83.5999999046326,1276.94161304524,3500,1.6557,0.249126493930817,0.0220291521400213,0.0610893107950687,0.774795711040497,0.334890744128637,0.311714037597708,0,0.353395218273655,5.21048817693302,2.57106744815991,0.301991382528842
83.7999999523163,1280.48448182478,3500,1.4824,0.224911957979202,0.0210411678999662,0.0604293011128902,0.783483028411865,0.343762322415196,0.289427813723778,0,0.366809863861026,5.50609178306907,2.57590098736666,0.302531294040406
84,1290.66228474809,3500,1.7794,0.206842973828316,0.0189014710485935,0.0640498772263527,0.77846485376358,0.355049623236312,0.272039628159364,0,0.372910748604323,5.73278454532408,2.58638580877653,0.303702459832957
84.2000000476837,1296.41312124324,3500,1.533,0.218087926506996,0.0209743082523346,0.0734203308820724,0.771905481815338,0.356877422123027,0.280705659663106,0,0.362416918213867,5.59109192539303,2.57622826275499,0.302567851052164
84.4000000953674,1378.69232079374,3500,1.4642,0.216977432370186,0.0190639775246382,0.0794570446014404,0.754636824131012,0.363678754747634,0.279846312976339,0,0.356474932276027,5.6049947313407,2.58558870047446,0.303613421981013
84.5999999046326,1382.42598145907,3500,1.5942,0.20264695584774,0.0200610384345055,0.0741488337516785,0.774098038673401,0.364273701699365,0.26569246874323,0,0.370033829557406,5.78617501615101,2.58070092098515,0.303067451771734
84.7999999523163,855.779763640115,3500,1.6131,0.229510307312012,0.0221423078328371,0.0568608045578003,0.771235346794128,0.330343344929923,0.286804589309608,0.031240926896554,0.351611138863914,5.44923493230745,2.57051416532622,0.301929580243129
85,964.447002630283,3500,1.5873,0.249603509902954,0.0252587553113699,0.0562807135283947,0.781177639961243,0.320610257919407,0.303242751442111,0.0306868058930776,0.345460184745405,5.20475913879973,2.55530123524285,0.300230279642614
85.2000000476837,993.857756937972,3500,1.9478,0.271839171648026,0.0243481658399105,0.0522802136838436,0.765355110168457,0.311479941027104,0.324690982981851,0.0298605772131193,0.333968498777927,4.94174553556987,2.55974125374987,0.300726234470114
85.4000000953674,1287.4797489066,3500,1.6793,0.257324397563934,0.0232400856912136,0.0599028468132019,0.767566382884979,0.331615161891289,0.319928469908747,0,0.348456368199964,5.11253640363018,2.56514982550127,0.301330377733425
85.5999999046326,1296.81746579476,3500,2.1301,0.236932143568993,0.0205390900373459,0.0738489627838135,0.773171544075012,0.348533761369116,0.297471899981739,0,0.353994338649144,5.3581804281457,2.57835918536218,0.302805877392008
85.7999999523163,1007.29085780526,3500,1.9435,0.222842738032341,0.0201966539025307,0.0606293082237244,0.781478703022003,0.33429024400363,0.278700712608524,0.0312665239923677,0.355742519395478,5.53178727863255,2.58003649255949,0.302993234404236
86,1322.43200768242,3500,1.7423,0.236592516303062,0.0204672832041979,0.0691636726260185,0.766741812229156,0.346522364534626,0.299271024214751,0,0.354206611250624,5.36232788931592,2.57871085818341,0.302845159623178
86.2000000476837,1336.04068770288,3500,1.5778,0.233384341001511,0.0212356653064489,0.084073506295681,0.765920877456665,0.357535708413755,0.292191380379557,0,0.350272911206687,5.40159654897351,2.57494905717027,0.30242496241688
86.4000000953674,1009.65784390376,3500,1.6632,0.268229722976685,0.0239529982209206,0.0699739679694176,0.748769879341125,0.325933681420921,0.318396089234362,0.0296756904586259,0.32599453888609,4.98390190667824,2.56166937420483,0.300941607592124
86.5999999046326,1012.5596633024,3500,2.0427,0.291995793581009,0.0235775057226419,0.0737844705581665,0.748567640781403,0.319348921211432,0.335967961430175,0.0287647946319616,0.315918322726431,4.71015965045588,2.56350221832704,0.301146338245619
86.7999999523163,1094.13107496784,3500,2.1552,0.27864283323288,0.0245880521833897,0.0824507847428322,0.763791799545288,0.327890946927832,0.321353256621251,0.0288320044779938,0.321923791972924,4.8628492963703,2.55857116985848,0.300595534844967
87,1086.94797210247,3500,2.1959,0.288214385509491,0.0255876909941435,0.0890819802880287,0.757167100906372,0.328796067908251,0.327354101772317,0.0290625174278111,0.314787312891621,4.75311008796505,2.55369836985531,0.300051237860349
87.2000000476837,1035.90960272159,3500,1.9805,0.316970378160477,0.0259756520390511,0.0797997787594795,0.74465811252594,0.314097283744011,0.352743001373042,0.0289072105603437,0.304252504322603,4.43223571448194,2.55180857605188,0.299840145866406
87.4000000953674,1085.02723446854,3500,1.7226,0.304465353488922,0.0258056055754423,0.0829835534095764,0.758847177028656,0.318967616860899,0.34107945389638,0.028908911166004,0.311044018076716,4.57014755597832,2.55263679532058,0.299932658846676
87.5999999046326,998.621365611138,3500,1.876,0.311635047197342,0.02449681609869,0.0810421854257584,0.748494148254395,0.316652626433213,0.348430649061938,0.0279518183365056,0.306964906168343,4.49077046597605,2.55901615450398,0.30064524010695
87.7999999523163,1047.44544017351,3500,1.6682,0.312885403633118,0.0235657412558794,0.0784776136279106,0.744674980640411,0.315083922812116,0.350571709383012,0.0280111907836139,0.306333177021258,4.47701174832339,2.56355965412295,0.3011527538856
88,1039.35409213408,3500,2.1236,0.298914313316345,0.0252627078443766,0.0657770708203316,0.755700469017029,0.311061919830624,0.342715681446515,0.0289645752925419,0.31725782343032,4.63216912058153,2.55528197179719,0.300228127895081
88.2000000476837,1074.90372397136,3500,2.6089,0.325464427471161,0.0283303260803223,0.0759938210248947,0.740728676319122,0.308493004199753,0.3595145793018,0.0312942503160422,0.300698166182405,4.33998590885447,2.54035488803793,0.298560756635432
88.4000000953674,1041.77491128792,3500,2.2889,0.275844305753708,0.0232887398451567,0.0646012276411057,0.769857108592987,0.317287027480694,0.323688587765749,0.0293361672702752,0.329688217483282,4.89521175607463,2.56491221428316,0.301303836305612
88.5999999046326,1041.28652336661,3500,1.8622,0.288040071725845,0.0245469342917204,0.0652153491973877,0.756081521511078,0.314694718974705,0.334645283570381,0.0290450284890303,0.321614968965884,4.75509551574512,2.5587717084992,0.300617935226139
88.7999999523163,1093.74518175668,3500,1.6026,0.292212426662445,0.0280403308570385,0.077095553278923,0.758057594299316,0.319130865766492,0.332890073173119,0.0319437058081749,0.316035355252214,4.70770599176852,2.54176399610124,0.298718155516847
89,1079.20252128273,3500,1.7587,0.277643173933029,0.0277142245322466,0.0832132026553154,0.77136242389679,0.326850190877917,0.31851778992018,0.0317943114621363,0.322837707739767,4.87439507332438,2.54334907294233,0.298895210299402
89.2000000476837,1082.7115158082,3500,1.6428,0.287073761224747,0.0290073174983263,0.0863286703824997,0.769249618053436,0.32497043246359,0.32467343636266,0.0328065700315646,0.317549561142185,4.76611057547384,2.53706697367949,0.298193493076531
89.4000000953674,1087.00673857409,3500,2.628,0.2859887778759,0.0267651621252298,0.0751008167862892,0.768402636051178,0.319524644105212,0.328023941183527,0.0306991555121219,0.32175225919914,4.7784962025532,2.54796512413283,0.299410828166376
89.5999999046326,1130.89870613826,3500,2.4876,0.279576122760773,0.0264809839427471,0.0752677395939827,0.770573139190674,0.321857770170869,0.322859326855413,0.0305806968270322,0.324702206146686,4.85208450317121,2.5493481865627,0.299565317722613
89.7999999523163,1131.76012861569,3500,2.2282,0.270841896533966,0.0231708399951458,0.0669806152582169,0.771886229515076,0.32041903407306,0.318767790620549,0.0294237888136864,0.331389386492704,4.95337231880147,2.56548801958947,0.301368154375664
90,1083.45475840008,3500,3.1097,0.271620631217957,0.0249493774026632,0.0582979582250118,0.770882368087769,0.314780302560173,0.322070475454537,0.0296434105548575,0.333505811430433,4.94429203893862,2.55680929156864,0.300398731151033
90.2000000476837,1061.77352509532,3500,1.8853,0.23874306678772,0.0231426116079092,0.0517654158174992,0.794071674346924,0.320526520424026,0.29389491898331,0.0307752307677094,0.354803329824955,5.33609694691013,2.56562589314054,0.301383554999137
90.4000000953674,1027.55591978623,3500,1.8908,0.258778005838394,0.0246297437697649,0.0474101938307285,0.775698304176331,0.312070564203795,0.314254080570086,0.0303594271421908,0.343315928083929,5.09528035703126,2.55836784184659,0.300572822888045
90.5999999046326,1039.47915305584,3500,1.8999,0.276664644479752,0.0288358274847269,0.0513446256518364,0.77648788690567,0.306482194953726,0.32606489587715,0.0339846499144096,0.333468259254714,4.88571229236483,2.53789962494319,0.298286501115394
90.7999999523163,1080.28626665693,3500,1.7675,0.27363121509552,0.0278072413057089,0.0592474453151226,0.783614218235016,0.312186997946096,0.320886302426432,0.0326094478663687,0.334317251761103,4.92089289346889,2.54289690014404,0.298844702113046
91,1040.79315489914,3500,1.825,0.280754089355469,0.0245897807180882,0.0527957789599895,0.773346602916718,0.307655527598473,0.330711821265439,0.0294485310992851,0.332184120036803,4.83851743983105,2.55856273969897,0.300594593187111
91.2000000476837,1014.09999156633,3500,1.8032,0.304026216268539,0.02716981805861,0.0573018528521061,0.759725689888,0.302921334896188,0.347932043928231,0.0310935367558582,0.318053084419723,4.57503606113189,2.54599640724029,0.299190920378765
91.4000000953674,1026.93067136923,3500,1.9894,0.296079695224762,0.0246813148260117,0.055285420268774,0.757302761077881,0.305461713266349,0.343721905332155,0.0290227522248044,0.321793629176692,4.66403036379891,2.55811634412379,0.300544730322771
91.5999999046326,1009.219087477,3500,1.77,0.326692432165146,0.025682283565402,0.0550335496664047,0.732267022132874,0.297098097451738,0.369151920150637,0.0290201527754666,0.304729829622159,4.32674464722949,2.55323753139582,0.299999761710347
91.7999999523163,1018.425164649,3500,2.5444,0.319298624992371,0.0281039606779814,0.0562463589012623,0.755198299884796,0.297208813727449,0.359637657793429,0.0316545133671946,0.311499015111927,4.40683489549822,2.54145477812457,0.298683615537332
92,1024.27191823986,3500,2.075,0.319842457771301,0.0253826379776001,0.0546733476221561,0.753566205501556,0.297130077907547,0.361837225134707,0.0287153349071023,0.312317362050644,4.40091425800467,2.55469750588875,0.300162842426486
92.2000000476837,1004.42462526627,3500,2.0524,0.329817861318588,0.0290948264300823,0.0570382103323936,0.760706424713135,0.293351346673814,0.365808104093135,0.0322696995631371,0.308570849669913,4.29315279206073,2.53664214016208,0.29814603871716
92.4000000953674,953.630508518708,3500,2.182,0.34422841668129,0.0296232607215643,0.0603525377810001,0.753870248794556,0.291220752707399,0.375349494769014,0.0323014469649225,0.301128305558665,4.14029095590663,2.53407754033162,0.29785957016652
92.5999999046326,1001.16467703412,3500,1.7895,0.332832217216492,0.0286105629056692,0.0557466968894005,0.765065014362335,0.291319548051791,0.36799620172558,0.0316332912918364,0.309050958930793,4.2609028030741,2.5389935962461,0.298408698882806
92.7999999523163,997.751880670595,3500,1.8346,0.33675429224968,0.0284585561603308,0.0571968108415604,0.761953592300415,0.291292260239063,0.370706386170554,0.0313277922587132,0.30667356133167,4.21915895079379,2.53973194274517,0.298491172978354
93,953.328057328023,3500,1.7692,0.354011356830597,0.0294329784810543,0.062813512980938,0.751829743385315,0.289868617425508,0.381482771024563,0.0317169886609934,0.296931622888935,4.03841061683077,2.53500085815039,0.297962705756791
93.2000000476837,947.553711314068,3500,2.1859,0.343628436326981,0.0283856596797705,0.0650861263275146,0.758464217185974,0.294209644201043,0.373379079901595,0.0308432317386777,0.301568044158684,4.14658903678852,2.54008606578979,0.298530728902103
93.4000000953674,987.561461276794,3500,2.1231,0.355368286371231,0.0286360252648592,0.0697933211922646,0.753697097301483,0.293658054972079,0.380255136575314,0.0306414390807179,0.295445369371889,4.02440036972771,2.53886992853313,0.29839488506668
93.5999999046326,947.051966956368,3500,1.8854,0.378727287054062,0.0263952761888504,0.0587809309363365,0.731403708457947,0.282700086166339,0.402733077374247,0.0280683520069719,0.286498484452443,3.78783827080965,2.54976539556846,0.299611920415858
93.7999999523163,992.131747034191,3500,1.741,0.368021935224533,0.02802924066782,0.058853916823864,0.746178984642029,0.284145063515537,0.393265268484638,0.0299518202629025,0.292637847736923,3.89517019485875,2.54181789249194,0.298724175801472
94,967.090042627443,3500,2.0464,0.359973430633545,0.0262115355581045,0.0546556077897549,0.745709717273712,0.284686228132641,0.390202726371038,0.0284126876229256,0.296698357873396,3.97707207595995,2.55065993370026,0.299711841284239
94.2000000476837,968.762979832488,3500,1.6263,0.369028329849243,0.0267829261720181,0.0537939518690109,0.729353249073029,0.282717378139503,0.398270757559329,0.0289052504466063,0.290106613854562,3.88500198826268,2.54787868197575,0.299401172484754
94.4000000953674,936.657319354802,3500,1.8115,0.389124661684036,0.0270477049052715,0.0556899346411228,0.713662922382355,0.279151771893784,0.412335264276359,0.028661052994991,0.279851910834866,3.68534943170115,2.54659042132525,0.299257272388913
94.5999999046326,914.654442184468,3500,1.6655,0.409079551696777,0.027603330090642,0.0592686384916306,0.704189121723175,0.276123267661288,0.424281931248254,0.028629136194081,0.270965664896377,3.49349580978305,2.54388820912702,0.298955432389255
94.7999999523163,956.222664268069,3500,1.741,0.414308845996857,0.0284915063530207,0.0636711865663528,0.710445880889893,0.276408545771623,0.424671840215453,0.02920415663425,0.269715457378673,3.44427302302027,2.53957188307056,0.298473294141095
95,951.602217363036,3500,1.5824,0.407384932041168,0.0263540372252464,0.0577844232320786,0.715008199214935,0.275166818373339,0.422899736625475,0.0273577015863915,0.274575743414794,3.50954095017481,2.54996615206894,0.299634345132198
95.2000000476837,913.80576898059,3500,1.9678,0.422760814428329,0.0264929197728634,0.0538142919540405,0.699186384677887,0.269803552480816,0.435393855384134,0.0272845876122349,0.267518004522814,3.36564061887556,2.54929008813091,0.299558828065493
95.4000000953674,950.614789663465,3500,1.7538,0.442523241043091,0.0247767716646194,0.0530695505440235,0.69639790058136,0.264612771439304,0.447971986746441,0.0253078225728047,0.26210741924145,3.1862426942168,2.5576508627122,0.300492735550041
95.5999999046326,944.437244041743,3500,1.5532,0.444675981998444,0.0235531628131866,0.0484423451125622,0.709458947181702,0.260310379485148,0.449032179978218,0.025244908548928,0.265412531987705,3.16707811975514,2.56362106463033,0.301159613505114
95.7999999523163,898.523634494591,3500,1.5216,0.453661531209946,0.0275278855115175,0.0451784282922745,0.701328217983246,0.25605161144498,0.455105555567925,0.0276155079667349,0.26122732502036,3.08788577983889,2.54425503364425,0.298996407081112
96,932.389115297694,3500,2.4511,0.476691961288452,0.0299903843551874,0.0460116788744926,0.693010747432709,0.250754981665661,0.467127671968112,0.0293886609444844,0.252728685421742,2.89081042704102,2.53229663610849,0.297660641255439
96.2000000476837,899.761111694811,3500,1.6085,0.484019845724106,0.0301245618611574,0.0571745522320271,0.680278182029724,0.256187063262628,0.468637289278916,0.029167178032148,0.246008469426309,2.8298841568526,2.53164591376253,0.297587954871738
96.4000000953674,867.725075974261,3500,1.5512,0.472405999898911,0.0267962459474802,0.056991271674633,0.686623454093933,0.259358744515381,0.463305533021385,0.0262800409273508,0.251055681535883,2.92684343154135,2.54781386725479,0.299393932610934
96.5999999046326,921.422092448512,3500,1.6226,0.478842705488205,0.0289457347244024,0.0683403015136719,0.683959126472473,0.263736644232352,0.462077778208541,0.0279323056126103,0.246253271946497,2.87283940498283,2.53736596527483,0.298226890758287
96.7999999523163,961.366211566148,3500,1.5929,0.42729988694191,0.0257593914866447,0.06103840097785,0.720460474491119,0.271187629864474,0.43301245856083,0.0261037687570915,0.269696142817605,3.32388335597399,2.55286190819118,0.299957804195672
97,975.714964631825,3500,1.5104,0.448975175619125,0.0287886653095484,0.0649303495883942,0.705717384815216,0.267932924415085,0.444474986807228,0.028500109423676,0.259091979354011,3.12902685667179,2.53812864157802,0.29831208251904
97.2000000476837,953.388242074642,3500,1.5299,0.433097928762436,0.0246338807046413,0.0625637993216515,0.702533304691315,0.272158833898841,0.438510159882464,0.0253124138191733,0.264018592399522,3.27102366698752,2.55834766667322,0.300570569299549
97.4000000953674,978.700627062253,3500,1.5269,0.412887215614319,0.0247738342732191,0.0686967521905899,0.716903984546661,0.280155386020583,0.422805437276563,0.0256005406129788,0.271438636089875,3.45761137271286,2.5576651857954,0.30049433545379
97.5999999046326,1005.30379394309,3500,1.5245,0.427764087915421,0.0265533663332462,0.0751392766833305,0.702238798141479,0.280403857154593,0.430520395944254,0.0267244635779297,0.262351283323223,3.31963151263416,2.54899587149284,0.299525963751583
97.7999999523163,963.923283479519,3500,1.5535,0.408376187086105,0.0233285799622536,0.0689952298998833,0.702787280082703,0.282859685195764,0.421863740193549,0.0258256819039622,0.269450892706725,3.5001498880542,2.56471765679637,0.301282104025748
98,970.692297689684,3500,1.65,0.400901526212692,0.0253986343741417,0.0700083896517754,0.715653002262115,0.284388776968197,0.415182730510765,0.0263034029087387,0.274125089612299,3.57135185035425,2.55461955469947,0.30015413519507
98.2000000476837,962.557592344137,3500,1.5197,0.423561602830887,0.0247692316770554,0.0639713034033775,0.695839583873749,0.276191723705257,0.433439207916086,0.0255830087653828,0.264786059613274,3.35824980584717,2.5576876287094,0.300496842351346
98.4000000953674,918.116986178427,3500,1.4786,0.424496591091156,0.0263685956597328,0.0661527588963509,0.711147546768188,0.275509009750606,0.430607513385143,0.0267481898483787,0.267135287015872,3.3496333893256,2.549895278794,0.299626428511402
98.5999999046326,934.161591000498,3500,1.4483,0.437959104776382,0.0276994910091162,0.0733040794730186,0.699855506420135,0.276405339509533,0.436739540312633,0.0276223575175864,0.259232762660247,3.22711974323012,2.54342069945983,0.2989032110582
98.7999999523163,953.785555362868,3500,1.4846,0.425374418497086,0.0258187130093575,0.0611314289271832,0.708211958408356,0.272772661481557,0.433463173524633,0.0263096716462146,0.267454493347595,3.3415564713405,2.55257294980686,0.299925527234344
99,949.754417116549,3500,1.4689,0.420210659503937,0.0263735223561525,0.0549463555216789,0.711469233036041,0.270184727079979,0.431923070287705,0.0271086239549907,0.270783578677325,3.38924543482288,2.54987129492291,0.299623749487288
99.2000000476837,923.991163565777,3500,1.4754,0.423383265733719,0.0288358218967915,0.0609021745622158,0.709792971611023,0.272223874313877,0.430853982852603,0.0293446381059256,0.267577504727594,3.35989486588729,2.5378996520772,0.298286504146292
99.4000000953674,953.368114882049,3500,1.6269,0.422182530164719,0.026777321472764,0.0591024458408356,0.701380431652069,0.272790395301031,0.432797366463162,0.02745057738374,0.266961660852068,3.37098422757477,2.54790595499932,0.299404218910727
99.5999999046326,907.925188127398,3500,1.7582,0.431928694248199,0.0249999146908522,0.0597717389464378,0.690343677997589,0.271881849514885,0.440449743321822,0.0254931976728505,0.262175209490443,3.28164006734845,2.55656291588211,0.300371210722702
99.7999999523163,957.581710072911,3500,1.5657,0.422285228967667,0.0262005291879177,0.0619650781154633,0.705264031887054,0.274257342461154,0.431608962900576,0.0267790167747243,0.267354677863545,3.37003485335153,2.55071352338473,0.299717827309449
100,923.153979134895,3500,1.6472,0.406037896871567,0.0259517636150122,0.0562767870724201,0.720008015632629,0.274352008902746,0.42212597946906,0.0269800275278287,0.276541984100365,3.52232783962201,2.55192491701176,0.299853141276357
100.200000047684,1160.58990785543,3500,1.472,0.354648768901825,0.0220830664038658,0.0546565465629101,0.7268226146698,0.296649611547495,0.400584760961057,0,0.302765627491448,4.03182569183944,2.57080382253516,0.301961935263917
100.400000095367,932.431163620409,3500,1.5306,0.363350063562393,0.0214885156601667,0.0517760701477528,0.706665754318237,0.285906766621412,0.398963489777235,0.0274503522763748,0.287679391324978,3.94258513252807,2.57371181246236,0.302286760856522
100.599999904633,983.694272147638,3500,1.5333,0.345968157052994,0.0244232099503279,0.0525718107819557,0.734602689743042,0.289249817688514,0.383405828201543,0.0277052830141543,0.299639071095788,4.12206121270926,2.55937518320906,0.300685343998231
100.799999952316,945.223030633621,3500,1.4959,0.355530917644501,0.0240009259432554,0.0510655976831913,0.725550532341003,0.286149086430502,0.391542126267669,0.02753221357384,0.29477657372799,4.02272318489711,2.56143548139906,0.300915481514957
101,934.801927873916,3500,1.4998,0.379304885864258,0.0276668779551983,0.052562989294529,0.72864830493927,0.278676892490579,0.404995626732589,0.0295407863035266,0.286786694473306,3.78209939769586,2.54357925056348,0.298920921386464
101.200000047684,1201.11453565656,3500,1.4731,0.354841262102127,0.0232429429888725,0.0698753371834755,0.726861119270325,0.305885938089124,0.395409325368458,0,0.298704736542419,4.02983837668781,2.5651358710526,0.301328819006547
101.400000095367,1222.99914629078,3500,1.3562,0.303883373737335,0.0206455253064632,0.0668734312057495,0.750604033470154,0.319728627960715,0.356994997420427,0,0.323276374618858,4.57662685887452,2.57783796775563,0.302747656826545
101.599999904633,882.141619914257,3500,1.488,0.342302590608597,0.0244449824094772,0.0530318692326546,0.742273092269897,0.289970642767803,0.379766824732423,0.0277361927101703,0.302526339789603,4.1605270585613,2.55926898086511,0.30067348108255
101.799999952316,886.985338817257,3500,1.4399,0.359465301036835,0.0236588977277279,0.0561275854706764,0.735565662384033,0.287055555172884,0.391184701747448,0.0272060126957402,0.294553730383927,3.98227760460666,2.56310486996559,0.301101954007636
102,1005.50359323872,3500,1.7005,0.359039336442947,0.021984051913023,0.0610346496105194,0.726224422454834,0.291031041345788,0.390466548128849,0.0271882847153501,0.291314125810013,3.98664457781998,2.57128798678117,0.302016016929282
102.200000047684,1023.84278491334,3500,1.5581,0.342615067958832,0.0222928896546364,0.0661785528063774,0.735935032367706,0.298477845201978,0.376493931267982,0.0274720791988942,0.297556144331146,4.15723959099817,2.5697779840497,0.301847348005262
102.400000095367,970.820850283423,3500,1.563,0.335773676633835,0.0232183486223221,0.0558956898748875,0.734601438045502,0.294605005949042,0.375269791658826,0.027940679821967,0.302184522570165,4.22957286922027,2.56525598617026,0.301342235993969
102.599999904633,944.633755694119,3500,1.6245,0.369436323642731,0.0268496330827475,0.0577558986842632,0.730670571327209,0.284835184561524,0.397014230702198,0.0288539207998721,0.289296663936406,3.88088439952956,2.54755409157796,0.299364915389318
102.799999952316,980.662839328374,3500,1.6375,0.36714369058609,0.0269925016909838,0.0669427067041397,0.741185963153839,0.289989556295065,0.39111626546215,0.0287549717659735,0.290139206476812,3.90405686691996,2.54685897941393,0.299287270615347
103,1007.68375274148,3500,1.5624,0.366415321826935,0.0238158106803894,0.0615185461938381,0.739856719970703,0.287735554111595,0.393420996456486,0.0268425590457641,0.292000890386155,3.91143635532533,2.56233892869396,0.301016397546409
103.200000047684,969.668976919893,3500,1.8609,0.359671473503113,0.0249815173447132,0.063336968421936,0.751596629619598,0.289819675772068,0.386929371742932,0.0268946385971574,0.296356313887843,3.9801649747654,2.55665260379854,0.300381228959124
103.400000095367,979.334746093175,3500,1.7242,0.380922168493271,0.0245801638811827,0.062965951859951,0.731173932552338,0.284960738690316,0.403353550565279,0.0264721762033918,0.285213534541013,3.76605889170459,2.55860964173515,0.300599832194838
103.599999904633,1008.05661481516,3500,1.8313,0.385013103485107,0.0262069460004568,0.0697289854288101,0.730369031429291,0.287402369702571,0.403273586534232,0.0274498945881253,0.281874149175072,3.72567106308015,2.55068228004439,0.299714337394836
103.799999952316,1010.73967231399,3500,1.6047,0.395036578178406,0.0259461719542742,0.0754398331046104,0.726967692375183,0.288085983745048,0.408131001113334,0.0268062192711032,0.276976795870515,3.62784593393674,2.55195214982633,0.299856183210941
104,959.272773220469,3500,2.0335,0.406467407941818,0.0241332743316889,0.0681711584329605,0.717468738555908,0.281656567589685,0.419089748671038,0.0257763439627997,0.273477339776477,3.51824750268243,2.56078966566648,0.300843343205231
104.200000047684,994.870846652473,3500,2.0202,0.395836651325226,0.0253484286367893,0.0694972053170204,0.718769907951355,0.285328833128221,0.411890549917021,0.0263764817527248,0.276404135202034,3.62010681505533,2.55486421390194,0.300181463890291
104.400000095367,960.939093461719,3500,1.8,0.41159975528717,0.0247860960662365,0.0628300905227661,0.702374875545502,0.278383514061506,0.425945740483812,0.0258713553040522,0.269799390150629,3.46971878382494,2.55760539606433,0.300487656876727
104.599999904633,961.236756938871,3500,1.9564,0.429198831319809,0.0261076204478741,0.0642062202095985,0.698216080665588,0.274234927415721,0.435800278269903,0.0265091780915653,0.263455616222811,3.30651179333338,2.55116591737426,0.299768360203103
104.799999952316,985.30625215311,3500,2.1372,0.399048089981079,0.0231916643679142,0.063116766512394,0.718173801898956,0.28082015838247,0.416225157635013,0.026076127670148,0.276878556312369,3.58914558524311,2.56538631140081,0.301356793461947
105,975.211129112998,3500,2.2641,0.388013243675232,0.0240969955921173,0.0605062916874886,0.723608613014221,0.282062198665161,0.409603123201682,0.0263910530038841,0.281943625129273,3.69622231933529,2.56096668503083,0.300863116458016
105.200000047684,995.585944362738,3500,2.5334,0.382207751274109,0.0251626316457987,0.0556224696338177,0.733703196048737,0.279939208466938,0.4062293659747,0.0267440936654289,0.287087331892933,3.75333810068635,2.55576973684936,0.300282611774355
105.400000095367,912.616412078825,3500,2.1718,0.440494209527969,0.0263960361480713,0.0490683875977993,0.692710280418396,0.262746156291991,0.44812275002868,0.0268531664041752,0.262277927275153,3.20437383657385,2.54976169607047,0.299611507177966
105.599999904633,856.547137518698,3500,1.9175,0.440443426370621,0.0300636645406485,0.0509597808122635,0.719641387462616,0.260753014133719,0.442146514531483,0.030179913457276,0.266920557877521,3.20482847273481,2.53194123711079,0.297620942806363
105.799999952316,871.69221408142,3500,1.9458,0.465147614479065,0.0322837792336941,0.064812920987606,0.715552747249603,0.261999456496827,0.450440159388386,0.0312630017031704,0.256297382411616,2.98853659437948,2.52118670983555,0.296419650579493
106,932.99192307132,3500,2.6399,0.428883254528046,0.0276823323220015,0.0609608218073845,0.727483868598938,0.269609204527328,0.432185066999187,0.0278954482903356,0.27031028018315,3.30939469566782,2.54350411719696,0.298912528908871
106.200000047684,937.854628956234,3500,1.8462,0.444250106811523,0.0260048396885395,0.0540646687150002,0.707635104656219,0.263563130396965,0.446610030165424,0.026142981306413,0.263683858131198,3.17086355023203,2.55166643077537,0.299824268086622
106.400000095367,868.145887223142,3500,1.7182,0.424857825040817,0.0316682048141956,0.0543840751051903,0.72911661863327,0.265692755501141,0.430157105050081,0.0320632044465668,0.272086935002211,3.34630817133423,2.52416616391941,0.296752458795015
106.599999904633,841.752743522953,3500,1.8713,0.4829141497612,0.0786901265382767,0.0926151350140572,0.727303564548492,0.260455124830112,0.430391284392092,0.0701316054759061,0.23902198530189,2.83902221213746,2.30202970734514,0.271939578437035
106.799999952316,1080.03842185759,3500,2.0006,0.436618536710739,0.0391660369932652,0.0733252987265587,0.730197966098785,0.282024341951672,0.444227415115351,0,0.273748242932977,3.23918938542359,2.48800476116807,0.292713191338051
107,845.078405021316,3500,1.9047,0.481202781200409,0.0356787815690041,0.0536683686077595,0.687218904495239,0.253028467656215,0.46497130185256,0.0344752984869882,0.247524932004236,2.85320443387353,2.5047885307906,0.294587956399231
107.200000047684,872.168524127225,3500,1.7062,0.463768005371094,0.0267975516617298,0.0490213818848133,0.69667649269104,0.256236703581617,0.460176245694513,0.0265900117616613,0.256997038962208,3.00035801650956,2.54780751362901,0.299393222904122
107.400000095367,886.825402586779,3500,1.6554,0.51342236995697,0.0294043775647879,0.045559573918581,0.662941634654999,0.244008131326019,0.490259704311886,0.028077821096101,0.237654343265994,2.59406232046633,2.53513965572599,0.297978209594794
107.599999904633,836.298644783678,3500,1.8485,0.533313095569611,0.0312134940177202,0.0534685216844082,0.66177636384964,0.243500169940961,0.496213704889737,0.0290421586076822,0.23124396656162,2.44237333413456,2.52636823543338,0.296998432544028
107.799999952316,861.368558108802,3500,1.6909,0.532374382019043,0.0257280692458153,0.0511703863739967,0.655609548091888,0.244118847205752,0.500023737700098,0.0241646588990815,0.231692756195069,2.44938974873658,2.55301448763872,0.299974847483547
108,915.571870093937,3500,1.9189,0.521733403205872,0.0269586648792028,0.0462456829845905,0.663001894950867,0.243029625459835,0.495160952504652,0.0255856307029903,0.236223791332522,2.5299115008723,2.54702359963416,0.299305658870441
108.200000047684,892.801596956712,3500,1.7628,0.524206936359406,0.0252958927303553,0.0451790988445282,0.666954755783081,0.241972593178586,0.496959184620963,0.0239810375513951,0.237087184649056,2.51103231526802,2.55512024182079,0.300210062483321
108.400000095367,826.905295425053,3500,1.765,0.532463431358337,0.0276716239750385,0.0450578927993774,0.647549569606781,0.240806323934492,0.502539665468764,0.0261165139921783,0.230537496604566,2.44872354413776,2.54355617705835,0.298918344051203
108.599999904633,828.286505396284,3500,1.6041,0.56232362985611,0.0305770263075829,0.0477579534053802,0.645167589187622,0.235211393534915,0.514146961088015,0.0279573617761267,0.222684283600943,2.23248483985865,2.52945225480662,0.297342920814481
108.799999952316,867.216999064542,3500,1.5564,0.589604675769806,0.0271850470453501,0.0448749959468842,0.650464117527008,0.228306308070355,0.527879014577802,0.0243390468822423,0.219475630469601,2.04739457720005,2.54592233173039,0.299182646064891
109,845.422323697048,3500,1.5448,0.597231805324554,0.0369363911449909,0.0491567812860012,0.652325868606567,0.226972779548726,0.524712245922371,0.0324513473347641,0.215863627194139,1.99777774913694,2.49872878675209,0.29391107649331
109.200000047684,905.517560312464,3500,1.6376,0.534549713134766,0.0323296710848808,0.0472977682948112,0.672506093978882,0.238853233828454,0.497013526165227,0.0300594751635525,0.234073764842767,2.43315175634343,2.52096466365674,0.296394847783257
109.400000095367,875.107040984422,3500,1.6089,0.536774098873138,0.0318051353096962,0.0516452193260193,0.657970488071442,0.241841940018831,0.498743115097419,0.0295517095436488,0.229863235340101,2.41662588379834,2.52350324003169,0.296678409486017
109.599999904633,856.074823429676,3500,1.5482,0.542916893959045,0.035623449832201,0.0536465980112553,0.688206017017365,0.238724696263321,0.494979831966515,0.0324780632325296,0.233817408537634,2.37139972662437,2.50505532628386,0.294617757741867
109.799999952316,916.445008531058,3500,1.5711,0.538846433162689,0.0326729975640774,0.0494124107062817,0.676583766937256,0.238719324917753,0.49753315049377,0.0301679632891301,0.233579561299347,2.40130089765419,2.51930382410417,0.296209330224604
110,872.051257845051,3500,1.8614,0.537709414958954,0.0286735724657774,0.0434456281363964,0.66289609670639,0.237469116216852,0.502936672008056,0.026819301855856,0.232774909919236,2.40970068014074,2.53868757206599,0.298374515653791
110.200000047684,819.697659843842,3500,1.6492,0.553999245166779,0.0294124577194452,0.0415020100772381,0.649508953094482,0.233539857989557,0.512660384604885,0.0272177300207086,0.226582027384849,2.29133338649443,2.53510044307552,0.297973829499695
110.400000095367,874.318091082027,3500,1.8715,0.5523641705513,0.0296855196356773,0.0451801344752312,0.653845727443695,0.235582573084675,0.509822579429513,0.0273992213819033,0.227195626103909,2.3030226864498,2.53377547701171,0.297825829369835
110.599999904633,875.989243644454,3500,2.2779,0.538860023021698,0.0255501791834831,0.0450654625892639,0.65685909986496,0.239214811003635,0.505203851202781,0.0239543636026921,0.231626974190891,2.40120062694039,2.55388113322335,0.300071652724505
110.799999952316,854.977511814118,3500,1.7343,0.536760687828064,0.0280943047255278,0.0464518964290619,0.661306262016296,0.239586186610585,0.501889716375341,0.026269141817208,0.232254955196866,2.41672528273223,2.54150170126739,0.298688856902693
111,814.558462723062,3500,1.7988,0.537384688854218,0.0259149894118309,0.0480491928756237,0.644288778305054,0.241976239555762,0.505030096237076,0.0243547124957076,0.228638951711455,2.41210340885207,2.55210401963138,0.29987314723099
111.200000047684,885.653302748807,3500,1.867,0.51891303062439,0.0251015070825815,0.0480283759534359,0.671522796154022,0.244518890175081,0.492826019683335,0.0238395937151097,0.238815496426474,2.55155737682408,2.55606767873163,0.300315892202036
111.400000095367,880.155460803093,3500,2.0716,0.548688352108002,0.0274149421602488,0.0491498820483685,0.666620910167694,0.238224456777838,0.505971003656998,0.0252805909706814,0.230523948594483,2.32945762818393,2.54480423683288,0.299057753666098
111.599999904633,849.839316306013,3500,1.9668,0.594918429851532,0.0270239543169737,0.0473665818572044,0.637405633926392,0.229393480969485,0.5311250015614,0.0241261609299611,0.215355356539153,2.01272862779159,2.54670596368245,0.299270178594088
111.799999952316,826.836129490903,3500,1.6301,0.585866093635559,0.0281577650457621,0.045891959220171,0.654028713703156,0.229201849887125,0.524956352464034,0.025230334700266,0.220611462948575,2.07205513920537,2.54119332410212,0.298654410842713
112,832.633210214609,3500,1.917,0.624490559101105,0.0400067828595638,0.0655443146824837,0.652039647102356,0.229526589146039,0.528676506111644,0.0338686404057185,0.207928264336599,1.82805872163361,2.48396744238911,0.29226221850192
112.200000047684,889.011037741856,3500,1.7494,0.570403873920441,0.0317644812166691,0.0572062283754349,0.668284118175507,0.23684499223569,0.510531565966261,0.028430329945329,0.22419311185272,2.17642265234052,2.52370004958407,0.296700393324023
112.400000095367,868.008674346815,3500,1.5955,0.573436737060547,0.0322943143546581,0.054036520421505,0.654966592788696,0.235243770004146,0.514584012976718,0.0289798975247674,0.221192319494368,2.15564973831642,2.5211357350758,0.296413956644178
112.599999904633,881.649267783357,3500,1.5571,0.565890252590179,0.0314728952944279,0.051066629588604,0.662487208843231,0.234941922684433,0.511682005181097,0.0284580165489619,0.224918055585507,2.20761018236975,2.5251118813734,0.296858096448555
112.799999952316,871.17869477912,3500,1.5185,0.568888902664185,0.027315154671669,0.0482322834432125,0.643781781196594,0.234850162675242,0.518605072656569,0.0249007806388665,0.221643984029322,2.18685422596873,2.5452895208285,0.299111960408695
113,859.309508808779,3500,1.5326,0.558963119983673,0.027895376086235,0.0451153218746185,0.644984662532806,0.235080279832015,0.514915286101957,0.0256971435947061,0.224307290471322,2.25610823627629,2.54246849958631,0.298796849311447
113.200000047684,838.257124916076,3500,1.4673,0.550033569335938,0.0257625412195921,0.0455368719995022,0.640966176986694,0.238000778585023,0.512324095765333,0.023996300172878,0.225678825476766,2.31975830979645,2.55284656522727,0.299956090370154
113.400000095367,881.878372751523,3500,1.4591,0.543778002262115,0.0290436968207359,0.0463728606700897,0.667386949062347,0.237369149701592,0.503867365995334,0.0269120320332068,0.231851452269867,2.36510808975957,2.53689035670886,0.298173764771555
113.599999904633,879.419247962237,3500,1.4916,0.556379318237305,0.029276117682457,0.0514497682452202,0.646153032779694,0.238732691260878,0.510612054339451,0.0268678904893208,0.22378736391035,2.27439447430079,2.53576213925411,0.298047741672266
113.799999952316,858.929310929025,3500,1.4995,0.569187521934509,0.0237149652093649,0.0486255586147308,0.642131567001343,0.235603356678705,0.519922320059381,0.0228361611957124,0.221638162066201,2.18479513005543,2.56283117289038,0.301071381750897
114,870.350479093443,3500,1.5179,0.550181865692139,0.0254779327660799,0.0435453951358795,0.654145121574402,0.236056126573201,0.51138381814883,0.0236812649578452,0.228878790320124,2.31869083161764,2.55423314881468,0.300110973243462
114.200000047684,891.499871103731,3500,1.5338,0.534701585769653,0.0292349327355623,0.0486211478710175,0.656292140483856,0.241333164625625,0.500306206490119,0.0273543574269929,0.231006271457263,2.4320209142822,2.53596203955232,0.298070070749895
114.400000095367,884.043857783712,3500,1.477,0.539915263652802,0.0273411571979523,0.0489216148853302,0.634512901306152,0.242227746415722,0.506596820916232,0.0256539206225527,0.225521512045494,2.39342371695737,2.54516306120255,0.299097834732895
114.599999904633,869.518622218169,3500,1.4291,0.53602534532547,0.0247040372341871,0.0494449771940708,0.640569627285004,0.243526102646959,0.504844476530815,0.0235457371994359,0.228083683622791,2.4221798414428,2.55800553746823,0.300532353100546
114.799999952316,927.261976845302,3500,1.4252,0.548197627067566,0.0249384213238955,0.0498734377324581,0.634216547012329,0.241430439840327,0.511204863454709,0.0233129823175841,0.22405171438738,2.33300307349903,2.55686270552584,0.300404697547319
115,884.217566588058,3500,1.4058,0.53629457950592,0.0271858852356672,0.0495881885290146,0.647235214710236,0.242587971489625,0.502934993802768,0.0254948186034614,0.228982216104145,2.42018173596473,2.54591825471178,0.29918219065754
115.200000047684,883.113968785565,3500,1.423,0.541401982307434,0.0278350543230772,0.053333941847086,0.645494341850281,0.243465731491744,0.503870758776667,0.0259054647021858,0.226758045029403,2.38249713465241,2.54276170400754,0.298829600559651
115.400000095367,873.738045881406,3500,1.3885,0.534736454486847,0.0241561830043793,0.0509088635444641,0.655986785888672,0.243574215590094,0.501515372196199,0.0234468478812367,0.231463564332471,2.43176133426776,2.56067788792146,0.300830857511272
115.599999904633,869.576989330934,3500,1.4287,0.53754860162735,0.0250240359455347,0.0482133962213993,0.653603136539459,0.241598149032716,0.504144005889108,0.0234689806408252,0.230788864437351,2.41089036685456,2.55644532620984,0.300358075830237
115.799999952316,896.513886660266,3500,1.4139,0.548697471618652,0.0255724024027586,0.0470796935260296,0.646497666835785,0.23882434565133,0.510444108661235,0.0237895795515432,0.226941966135892,2.32939177698718,2.55377285739783,0.300059558198709
116,834.286034849148,3500,2.5951,0.552624642848969,0.0277253724634647,0.0504882633686066,0.636389255523682,0.24002351594668,0.51138282611719,0.0256562560301771,0.222937401905953,2.3011576814881,2.54329487837827,0.298889156708493
116.200000047684,899.405823348474,3500,2.1386,0.564919352531433,0.0272493977099657,0.0497175939381123,0.625993251800537,0.237685940098126,0.518871361667958,0.0250282310758949,0.218414467158021,2.21436135841334,2.54560933563906,0.299147684065917
116.400000095367,879.840903144355,3500,2.1055,0.559247672557831,0.0290173795074224,0.0528350062668324,0.644152343273163,0.239046427692315,0.511793156798654,0.0265551328845139,0.222605282624517,2.25410091316551,2.53701812324658,0.298188036430801
116.599999904633,852.185959409882,3500,2.0991,0.563740789890289,0.0234239101409912,0.0501045659184456,0.64604663848877,0.237333213677371,0.516418121823234,0.0229013995032954,0.2233472649961,2.22257678724439,2.56425214821078,0.301230106217652
116.799999952316,898.727484905382,3500,2.4827,0.55839067697525,0.0228145699948072,0.0478920415043831,0.641498267650604,0.237589323019566,0.515502921847932,0.0230798499645608,0.223827905167941,2.26015035345902,2.56722841153608,0.301562558022023
117,881.11227718833,3500,1.8491,0.548793613910675,0.02672896720469,0.0455829575657845,0.646279394626617,0.237733909979353,0.510524158168087,0.0248650551591473,0.226876876693413,2.32869762278231,2.54814125819612,0.299430502530085
117.200000047684,842.713859171579,3500,1.7474,0.54976212978363,0.0286732334643602,0.0557803437113762,0.640461444854736,0.243070685719155,0.507122057255504,0.0264493102650351,0.223357946760307,2.32171311821578,2.53868921847145,0.298374699559046
117.400000095367,884.929845026783,3500,1.6342,0.547192513942719,0.0244743693619967,0.0543466061353683,0.640819907188416,0.243669507456097,0.5081518010879,0.0232163172987549,0.224962374157248,2.34027695543612,2.55912564007919,0.300657469763082
117.599999904633,888.994999287348,3500,1.5394,0.535875737667084,0.0213906709104776,0.0509063638746738,0.655102968215942,0.243373307003491,0.502173097323014,0.0234276839771291,0.231025911696366,2.42329064708859,2.57419054745261,0.302340236068198
117.799999952316,887.893515288749,3500,1.5877,0.576644599437714,0.0202142205089331,0.0498358085751534,0.643342256546021,0.234587607560757,0.522550577944414,0.0226547937175668,0.220207020777262,2.13383836148203,2.57995043423229,0.302983621596822
118,882.778841324494,3500,1.8655,0.545756936073303,0.0265719518065453,0.0502511188387871,0.647240161895752,0.240956253185128,0.507352007958628,0.0247020829481861,0.226989655908057,2.35069408900411,2.5489054125243,0.299515859387813
118.200000047684,884.9929535447,3500,1.5017,0.522190392017365,0.0252105556428432,0.0519265457987785,0.645848870277405,0.247706600270835,0.49653997390044,0.02397219258009,0.231781233248636,2.52641617184416,2.55553615207534,0.300256520104663
118.400000095367,867.956734762696,3500,1.486,0.522947609424591,0.0212447308003902,0.0540078282356262,0.656009674072266,0.248019590594841,0.494804786747442,0.0236546060174118,0.233521016640305,2.5206318668297,2.574904692465,0.302420006831736
118.599999904633,865.92317737318,3500,1.4528,0.500671446323395,0.0231769010424614,0.0493069142103195,0.670448780059814,0.249655184799009,0.483616482124938,0.0241483954036276,0.242579937672425,2.69463203613416,2.56545841664252,0.301364847694752
118.799999952316,868.278876063829,3500,1.4127,0.506015777587891,0.024800568819046,0.0474030524492264,0.663876056671143,0.247769024416677,0.487889240585871,0.0241044480328051,0.240237286964648,2.65216329593677,2.55753482643914,0.300479774173934
119,860.744530612741,3500,1.4467,0.51313054561615,0.0274887215346098,0.0554687790572643,0.659262418746948,0.250332556476558,0.487922683531878,0.026138320730687,0.235606439260877,2.59633492489622,2.54444546685597,0.29901767867503
119.200000047684,913.6169844877,3500,1.4459,0.521276235580444,0.0246379636228085,0.0530555248260498,0.65153294801712,0.248199114060286,0.494983020019138,0.0237389979742684,0.233078867946308,2.53341154096024,2.55832775501466,0.30056834514594
119.400000095367,909.480043416426,3500,1.4507,0.522557437419891,0.0251236222684383,0.0515250116586685,0.646441519260406,0.247374748900873,0.49682062631298,0.0238862426536026,0.231918382132545,2.52361120450449,2.55595987964753,0.300303850928767
119.599999904633,898.68700281913,3500,1.4711,0.554121613502502,0.0228838957846165,0.0499531291425228,0.650864779949188,0.239040714701042,0.511491607266828,0.0230766854605157,0.226390992571614,2.29046028436489,2.56688970279262,0.301524723892239
119.799999952316,863.863964017012,3500,1.4339,0.566822409629822,0.0280306693166494,0.0469742231070995,0.647876441478729,0.234191277115644,0.517241734820853,0.0255787911331913,0.222988196930311,2.20114259839131,2.5418109494726,0.298723400258769
120,830.334495153056,3500,1.9754,0.568791449069977,0.0291561018675566,0.0472525358200073,0.651939153671265,0.233424374494875,0.516901620824997,0.0264962427563228,0.223177761923806,2.18752651516136,2.5363446863525,0.298112812807721
120.200000047684,910.291122458577,3500,1.4903,0.568188726902008,0.0272045191377401,0.0471672676503658,0.652595579624176,0.233879112264186,0.517493798287304,0.0247772778174052,0.223849811631104,2.19168780459607,2.54582761896509,0.299172066547462
120.400000095367,874.78956894159,3500,1.4,0.570997655391693,0.0307989455759525,0.0472196824848652,0.649837553501129,0.232725796058419,0.517405225992575,0.0279082326268525,0.221960745322154,2.1723440934354,2.52837670974171,0.297222781277609
120.599999904633,837.004146194071,3500,1.4328,0.55958354473114,0.0300423763692379,0.0485666394233704,0.657148897647858,0.235583404286587,0.511197397698735,0.0274446680307927,0.225774529983886,2.2517332325727,2.53204447909859,0.297632475047089
120.799999952316,858.831230550524,3500,1.4524,0.537438988685608,0.0326478332281113,0.0505635961890221,0.67387467622757,0.239846800556446,0.496851750591059,0.0301822782378766,0.233119170614618,2.41170151350555,2.51942553639567,0.296222925618055
121,878.837364746387,3500,1.4415,0.519663333892822,0.0329590365290642,0.0580431632697582,0.67775821685791,0.247636153099407,0.485111960781401,0.0307676562752795,0.236484229843913,2.54578650245567,2.51792056257699,0.296054818428985
121.200000047684,929.521784192558,3500,1.4427,0.490936070680618,0.0289334654808044,0.0574261993169785,0.686222016811371,0.254478773004129,0.471814116101241,0.0278065073170238,0.245900603577606,2.77316867307271,2.5374255361578,0.298233544889783
121.400000095367,895.723148903027,3500,1.4625,0.460397124290466,0.0244769733399153,0.0548714734613895,0.684308409690857,0.26188592546878,0.458796202428596,0.0249130684262887,0.254404803676334,3.02937010779199,2.55911293886013,0.300656051023297
121.599999904633,948.267822811182,3500,1.4391,0.44003638625145,0.024907486513257,0.0498828142881393,0.696700394153595,0.263398191065871,0.447666822636752,0.0254335116721996,0.263501474625178,3.20847398977869,2.55701352464474,0.300421544204597
121.799999952316,906.363919035307,3500,1.387,0.453608423471451,0.025975538417697,0.0492512658238411,0.670476853847504,0.26125240327788,0.458587303354016,0.02626065015499,0.253899643213114,3.08835003921083,2.55180912940174,0.299840207676178
122,966.540751588703,3500,1.8031,0.461111664772034,0.0291580762714148,0.0561411641538143,0.677316427230835,0.261890153313021,0.457790496690156,0.0289480645114879,0.251371285485336,3.02320510275815,2.53633510217255,0.298111742244546
122.200000047684,881.240366738168,3500,1.9099,0.474585056304932,0.0267153698951006,0.0536616444587708,0.658406257629395,0.259089425738103,0.469570797991378,0.0264331069712758,0.244906669299243,2.90848690446474,2.54820742799608,0.299437893767682
122.400000095367,899.601055396812,3500,2.0426,0.472818940877914,0.0278640501201153,0.0541898459196091,0.669844686985016,0.258671389455124,0.466334799426571,0.0274819282828414,0.247511882835463,2.92335895277667,2.54262076262216,0.298813857255798
122.599999904633,921.027077172405,3500,2.1672,0.465845584869385,0.0249907746911049,0.0536049120128155,0.671003997325897,0.260779505593461,0.46400875265814,0.0249014248352402,0.250310316913159,2.98256751362824,2.55660747359363,0.30037618786685
122.799999952316,904.812969215629,3500,2.1631,0.472545772790909,0.0272633098065853,0.0516358911991119,0.672610223293304,0.257223232585433,0.467003309923646,0.026943539974873,0.248829917516048,2.92566369440592,2.5455416711211,0.299140125866716
123,902.397299396142,3500,2.2259,0.467175751924515,0.0310847461223602,0.0592291131615639,0.681079566478729,0.26129086207847,0.458562536826915,0.0305116435940221,0.249634957500594,2.97121343469765,2.52699192299193,0.29706809911299
123.200000047684,922.944689471153,3500,2.2305,0.445097655057907,0.027754120528698,0.0535438545048237,0.696077704429626,0.263492906154515,0.44803709497082,0.0279374096759284,0.260532589198737,3.16333289937787,2.54315512537231,0.298873546147895
123.400000095367,893.977947334211,3500,2.2802,0.453638941049576,0.028154443949461,0.0520083494484425,0.68819659948349,0.260874637496281,0.454175377846415,0.0281877371224282,0.256762247534876,3.08808325389943,2.54120946203795,0.298656213467447
123.599999904633,909.780230944908,3500,1.6957,0.455719888210297,0.0281622987240553,0.0539331585168839,0.682797491550446,0.261861177128614,0.455360473080192,0.0281400878078284,0.254638261983365,3.0699267207185,2.54117129405328,0.298651950062638
123.799999952316,915.037661126905,3500,1.5687,0.463546186685562,0.0295551922172308,0.0578256770968437,0.688585519790649,0.261242585034258,0.456794281641755,0.0291246982187168,0.25283843510527,3.00226155055681,2.53440781238134,0.297896461908567
124,976.549591407345,3500,1.7771,0.472828537225723,0.0297465845942497,0.0599067583680153,0.692218005657196,0.259723111877697,0.460412234451208,0.0289654502680582,0.250899203403037,2.92327800930857,2.53347922526631,0.297792737732254
124.200000047684,891.447886680447,3500,1.4812,0.493086308240891,0.0317167937755585,0.0641367360949516,0.68807190656662,0.256862128898993,0.469047025237138,0.0301705148203338,0.243920331043535,2.7556919271428,2.52393091864071,0.296726181645171
124.400000095367,902.803608579936,3500,1.4694,0.51322203874588,0.0296192187815905,0.0578609779477119,0.670002102851868,0.250366581431499,0.484641081580388,0.0279697463128309,0.237022590675282,2.59562226850174,2.53409715139513,0.297861760743339
124.599999904633,861.273182052822,3500,1.4714,0.491178065538406,0.0278548803180456,0.0516051612794399,0.68883091211319,0.251224464276222,0.47414019545389,0.0268886567315782,0.247746683538311,2.77119808791391,2.5426653343036,0.298818835960401
124.799999952316,884.663215217426,3500,1.4508,0.503536820411682,0.0274509638547897,0.0501397214829922,0.663883328437805,0.249320230325681,0.484513947400919,0.0264139072220577,0.239751915051342,2.67180550949554,2.54462906926744,0.299038187261237
125,904.738410436791,3500,1.4313,0.50637412071228,0.0309885926544666,0.0571468994021416,0.679432690143585,0.250599380343101,0.479626728073009,0.0293517316436757,0.240422159940215,2.6493320696206,2.52745776891443,0.297120134601979
125.200000047684,893.72747998572,3500,1.4547,0.514651834964752,0.030906530097127,0.0639660954475403,0.674062132835388,0.252787296683039,0.482032430745766,0.0289476279233622,0.236232644647833,2.58450273042466,2.52785538352098,0.297164548579824
125.400000095367,918.166089049259,3500,1.4065,0.514675617218018,0.0284059531986713,0.0587697513401508,0.659650385379791,0.251548170481533,0.487005387287049,0.0268787791299557,0.234567663101463,2.5843180521817,2.53998747944946,0.298519716702191
125.599999904633,914.597766388521,3500,1.516,0.487572908401489,0.0274690538644791,0.0547174029052258,0.685374915599823,0.254205872850329,0.471844440530529,0.0265829379140059,0.247366748705136,2.80065219363287,2.54454110297813,0.299028361332409
125.799999952316,917.434033503529,3500,1.4898,0.488013237714767,0.0264109931886196,0.0519839525222778,0.672322571277618,0.253779566344538,0.475336727214344,0.0257249477976177,0.2451587586435,2.79704355804252,2.54968888545993,0.299603374154706
126,883.256196257923,3500,1.4834,0.507212936878204,0.0306823868304491,0.0593546032905579,0.674101054668427,0.25207401248673,0.480123308796454,0.0290436777450441,0.238759000971771,2.64271271664164,2.52894158800179,0.297285878784881
126.200000047684,912.17402390931,3500,1.3844,0.519085288047791,0.0324528627097607,0.0682167932391167,0.677263498306274,0.253458050876081,0.481559164611656,0.0301067547387903,0.234876029773472,2.55023168137661,2.52036865719634,0.296328273222636
126.400000095367,884.489937845273,3500,1.4084,0.533134877681732,0.0310332346707582,0.0588235706090927,0.672435998916626,0.245782013228763,0.492830555593514,0.028687161401179,0.232700269776544,2.44370433949801,2.52724148078154,0.297095974985646
126.599999904633,899.810860720709,3500,1.4231,0.525022983551025,0.0296281799674034,0.0510289184749126,0.677349984645844,0.243338580654894,0.491751695570976,0.0277506093868682,0.237159114387262,2.50482532923816,2.53405367278343,0.297856904135798
126.799999952316,829.026204575762,3500,1.4,0.546272277832031,0.0319949015974998,0.0521140061318874,0.659914672374725,0.239811575648174,0.50260102085188,0.0294370973185342,0.228150306181412,2.34695076690987,2.52258467633309,0.296575804936066
127,875.424429231991,3500,1.4325,0.543627798557281,0.0305777825415134,0.0508614927530289,0.657929718494415,0.240157607112498,0.502774150415047,0.0282798611102769,0.228788381362178,2.36620468999739,2.52944858925532,0.297342511368471
127.200000047684,818.858882654547,3500,1.3862,0.556223034858704,0.0330370776355267,0.0538850165903568,0.664368510246277,0.238079302178662,0.50538119238494,0.03001730716276,0.226522198273638,2.27550395832016,2.51754323306911,0.296012670318409
127.400000095367,856.933329851066,3500,1.3666,0.570758819580078,0.0305240508168936,0.049242939800024,0.640903770923615,0.234499141108236,0.517947121039704,0.027699693286757,0.219854044565303,2.1739839277463,2.52970904011121,0.29737160400831
127.599999904633,826.197110450054,3500,1.4702,0.574024438858032,0.0300937108695507,0.0453054718673229,0.647396087646484,0.231352718498103,0.520102667825576,0.0272668169654286,0.221277796710893,2.15164142952171,2.531795524237,0.297604666522137
127.799999952316,813.092419902588,3500,1.4309,0.595099091529846,0.0307007860392332,0.0457862801849842,0.632665276527405,0.228048148454148,0.530716418515178,0.0273793246271919,0.213856108403482,2.01155796543965,2.5288524154624,0.297275918116627
128,903.587007092195,3500,1.8673,0.581077635288239,0.0280472636222839,0.0460533574223518,0.63453084230423,0.231518258402847,0.525669080850359,0.0253728217940797,0.217439838952714,2.10396758124555,2.54173030438033,0.2987143921155
128.200000047684,844.498691016993,3500,2.1114,0.603222727775574,0.0313128121197224,0.0464598163962364,0.625691831111908,0.227064954921293,0.534543628999018,0.0277477347154402,0.210643681364249,1.95945763003085,2.5258871699085,0.296944697009134
128.400000095367,862.566449318642,3500,2.1422,0.613235116004944,0.0348973758518696,0.0569607093930244,0.632651627063751,0.229468191579725,0.532157082081038,0.0302834675003616,0.208091258838875,1.89669660393367,2.50855768784402,0.295008975283115
128.599999904633,833.537456701017,3500,2.0794,0.603925466537476,0.0305316131561995,0.0498516149818897,0.644083976745605,0.227777479192945,0.531359537096782,0.0268630232245546,0.213999960485719,1.95500028846045,2.5296723827238,0.297367509338835
128.799999952316,871.66221995717,3500,2.0888,0.601395308971405,0.0293583963066339,0.0468438379466534,0.638856649398804,0.227236321352429,0.532703749770722,0.0260050711511992,0.214054857725649,1.97108559768001,2.53536280705107,0.298003135837052
129,875.307765270584,3500,2.1994,0.637420415878296,0.0302304346114397,0.0471750982105732,0.626649022102356,0.220911277347993,0.548345932572039,0.0260059694451848,0.204736820634783,1.75171163857494,2.53113252488479,0.297530608783676
129.200000047684,893.095280997864,3500,2.1877,0.60970801115036,0.0302718542516232,0.0480612739920616,0.6339350938797,0.226333410093592,0.535937223798747,0.0266091526274111,0.21112021348025,1.91862269248166,2.53093169164146,0.297508175495078
129.400000095367,868.164522532985,3500,2.0705,0.578839600086212,0.0309370588511229,0.050702977925539,0.648863315582275,0.232991073733485,0.519612141962729,0.0277715474429612,0.219625236860825,2.11900865964433,2.52770745977028,0.297148025338278
129.599999904633,919.574279456304,3500,1.8176,0.564211368560791,0.0330732949078083,0.0602011121809483,0.663783311843872,0.239772315673294,0.506757018972144,0.0297053999068112,0.223765265447751,2.21929385033327,2.51736813255111,0.295993111402818
129.799999952316,867.007592763498,3500,1.443,0.558828949928284,0.0375878438353539,0.0623126141726971,0.694219350814819,0.239123192404901,0.497494611340663,0.0334623855160022,0.229919810738434,2.25705516337105,2.49559289583371,0.293560794115652
130,905.076679385562,3500,1.839,0.54563170671463,0.0341292507946491,0.060231126844883,0.681509971618652,0.242446129998275,0.495490888776607,0.0309929437776696,0.231070037447448,2.35160436754448,2.51226576042626,0.295423170966079
130.200000047684,872.140926896834,3500,1.4784,0.541166663169861,0.0318174436688423,0.0611745752394199,0.673829793930054,0.244970820612353,0.495188774794878,0.0291142119789698,0.2307261926138,2.38422424789344,2.52344365595984,0.29667175388131
130.400000095367,878.085684755196,3500,1.4349,0.559594869613647,0.0303488206118345,0.0588250607252121,0.657299220561981,0.241051177324896,0.507331136062466,0.0275143724062164,0.224103314206421,2.25165343096496,2.53055852422215,0.297466492294257
130.599999904633,886.81012176533,3500,1.3827,0.580430209636688,0.0394512265920639,0.0696762502193451,0.680485665798187,0.238900679717144,0.505436295792752,0.034353969697157,0.221309054792947,2.10831047188411,2.48663486523873,0.29256017249404
130.799999952316,860.156784971536,3500,1.3816,0.576103329658508,0.0340941809117794,0.0629060566425323,0.663419902324677,0.238472976971499,0.5105985382806,0.0302175634842241,0.220710921263677,2.13750709701283,2.51243512837122,0.295442089547114
131,894.147215846438,3500,1.3896,0.620197176933289,0.0356607809662819,0.0646643191576004,0.64932382106781,0.230927950096186,0.529588198605466,0.0304508460457387,0.209033005252609,1.85400147527555,2.5048753234164,0.294597651228586
131.200000047684,872.971291547805,3500,1.4221,0.596723794937134,0.0325247198343277,0.0559429451823235,0.666954040527344,0.230658237342294,0.522081662599287,0.0284563142122911,0.218803785846127,2.00105358055926,2.52002104432912,0.296289444492682
131.400000095367,874.875393973451,3500,1.4591,0.624291062355042,0.0412846766412258,0.0709714666008949,0.662508130073547,0.231454150094859,0.524752836717473,0.0347021645620263,0.209090848625641,1.82925764661043,2.4778376781073,0.291577517259752
131.599999904633,905.968888178678,3500,1.4047,0.583141267299652,0.0345569588243961,0.0772035643458366,0.666533410549164,0.244119163458693,0.508017193762086,0.0301051052830062,0.217758537496215,2.09016962422832,2.510200664386,0.295192497524335
131.799999952316,915.109777832185,3500,1.401,0.549373507499695,0.0281275976449251,0.0641351416707039,0.673051118850708,0.245602266443772,0.499684004978177,0.0255835245962215,0.22913020398183,2.32451388594502,2.54133991614856,0.298670785331466
132,902.771683884079,3500,1.4358,0.564875662326813,0.0277209766209126,0.0600925460457802,0.642451822757721,0.242125864104798,0.512496299992269,0.0251504869086931,0.22022734899424,2.21466551388424,2.54331624825748,0.298891543746912
132.200000047684,894.486955615372,3500,1.393,0.607817471027374,0.0357631295919418,0.0642397776246071,0.65298467874527,0.23293461474954,0.524168994274807,0.0308413702532145,0.212055020722439,1.93045708825092,2.50438185563582,0.294542530348434
132.400000095367,895.832059034666,3500,1.3673,0.594014048576355,0.0325927287340164,0.0611538328230381,0.645825982093811,0.235225971274706,0.521955685298858,0.0286389860692606,0.214179357357176,2.0185967420269,2.51969207124574,0.296252697846568
132.599999904633,867.837098302661,3500,1.3387,0.573381364345551,0.0299312993884087,0.0617992915213108,0.649796426296234,0.240227718999396,0.513573179672573,0.0268092295189643,0.219389871809067,2.15602768230131,2.53258320976565,0.297692651840188
132.799999952316,890.179865956712,3500,1.3187,0.591533124446869,0.0400892198085785,0.0790194422006607,0.668446242809296,0.2419979811407,0.508281066167382,0.0344470842696705,0.215273868422247,2.0347615073931,2.48357176481926,0.292218020893151
133,892.229676113983,3500,1.3569,0.571242094039917,0.0341648161411285,0.0758628100156784,0.658128380775452,0.246615238595656,0.504622615544019,0.0301804419887728,0.218581703871552,2.1706667353862,2.51209400594925,0.295403985806854
133.200000047684,905.744274433738,3500,1.3207,0.544535458087921,0.0284326691180468,0.0656362846493721,0.660562574863434,0.248272506600143,0.498506735165326,0.0260293004680422,0.227191457766489,2.35958359151344,2.53985769609271,0.298505219762098
133.400000095367,905.830542062767,3500,1.4078,0.503766477108002,0.0266695637255907,0.0624810680747032,0.674854874610901,0.255542169361097,0.47903498520606,0.0253602703738492,0.240062575058993,2.66998167393443,2.54843034544533,0.29946279388576
133.599999904633,922.212946247854,3500,1.3669,0.525696754455566,0.029488317668438,0.0707516074180603,0.663689494132996,0.254925259607751,0.486991554849651,0.0273171967480101,0.230765988794588,2.49970854987187,2.5347323138551,0.297932709071093
133.799999952316,901.790301884152,3500,1.3895,0.554813146591187,0.0393262580037117,0.0909159854054451,0.677489399909973,0.255569086760793,0.487404734015599,0.0345482158090455,0.222477963414563,2.28553067558432,2.48723509640288,0.2926272189586
134,951.033220111265,3500,1.5953,0.514315068721771,0.0316088907420635,0.0790796354413033,0.691420018672943,0.259607177199694,0.47400908956098,0.0291317568429699,0.237251976396357,2.5871188197659,2.52445335122454,0.2967845379249
134.200000047684,891.609299411857,3500,1.3098,0.521947920322418,0.0284740179777145,0.069333091378212,0.672347366809845,0.254672266795723,0.484988877507833,0.0264577776430628,0.233881078053382,2.52827032707249,2.53965683436092,0.298482783291307
134.400000095367,928.178439305148,3500,1.3352,0.55141007900238,0.0364235788583755,0.0758280828595161,0.685187518596649,0.248674385384264,0.491218249009057,0.0324475872146278,0.227659778392051,2.30986333776521,2.50119879845025,0.294186979448163
134.599999904633,928.671323940856,3500,1.3057,0.52178943157196,0.0342302285134792,0.0803295597434044,0.690044224262238,0.257971744505014,0.476219952001606,0.031240797136469,0.234567506356911,2.52948278205015,2.51177812879282,0.29536870198982
134.799999952316,934.1590640298,3500,1.5083,0.52199399471283,0.0313252471387386,0.0788412615656853,0.676684379577637,0.258770745708468,0.47985295337784,0.0287963319637114,0.23257996894998,2.52791792872479,2.52582694207706,0.296937969495791
135,946.415827706111,3500,1.6271,0.526006758213043,0.0261091329157352,0.0673927962779999,0.663956761360168,0.253817090157996,0.489823815526393,0.0243131383868863,0.232045955928725,2.49735674607767,2.55115855247535,0.299767537535999
135.200000047684,925.327547264366,3500,1.4594,0.53847348690033,0.0251817610114813,0.0632650032639503,0.653176426887512,0.249636669620845,0.499069514043982,0.0233390306793283,0.227954785655844,2.40405377835152,2.55567649766169,0.300272196857128
135.400000095367,900.206857639029,3500,1.667,0.573005974292755,0.0324526019394398,0.0701515227556229,0.6635981798172,0.243273566608077,0.50741892335538,0.0287380325423589,0.220569477494184,2.15859118391743,2.5203699187344,0.29632841413779
135.599999904633,913.36368051267,3500,1.6512,0.562950968742371,0.0284694023430347,0.067603163421154,0.657419562339783,0.245398761453183,0.506534791549108,0.0256163388679704,0.222450108129739,2.22809484578586,2.53967925545925,0.298485287752029
135.799999952316,887.118103927738,3500,1.8815,0.557158350944519,0.0270352270454168,0.0638499334454536,0.654124438762665,0.245223273395667,0.506399932198146,0.0245722551219983,0.223804539284189,2.26886980910542,2.54665112352641,0.299264052889863
136,920.313580833828,3500,2.3921,0.58300107717514,0.0338157936930656,0.072910413146019,0.664215683937073,0.242241314891018,0.510083740232102,0.0295863716229366,0.218088573253944,2.09110481309675,2.5137798012924,0.295592290954072
136.200000047684,898.655484351136,3500,1.9378,0.581839144229889,0.0854128673672676,0.127462595701218,0.707571148872375,0.255752682570076,0.465864810553743,0.0683880582279669,0.209994448648214,2.09886801038713,2.27117405794341,0.268492969317667
136.400000095367,923.8430960888,3500,1.6379,0.598217904567719,0.0429380424320698,0.0910221338272095,0.677611172199249,0.245476876162651,0.504639322943777,0.0362212907637872,0.213662510129785,1.99143081767964,2.4699189765594,0.290692989806993
136.599999904633,928.040367547848,3500,1.4587,0.57573014497757,0.0337517596781254,0.0711556747555733,0.666028261184692,0.242777066283485,0.507344290158682,0.0297426888358817,0.220135954721951,2.14003927904603,2.5140891548128,0.295626846073966
136.799999952316,888.731624045639,3500,1.492,0.56342613697052,0.0290604624897242,0.0673447847366333,0.647728264331818,0.245668959418889,0.507895846929449,0.0261963143700453,0.220238879281616,2.22477390304387,2.53680896375167,0.298164673090974
137,860.74027424027,3500,1.5048,0.553735435009003,0.0270395297557116,0.0657774806022644,0.648066639900208,0.247429175144735,0.505002035791952,0.0246598225617788,0.222908966501534,2.29321649573283,2.54663019164497,0.299261714776265
137.200000047684,941.398700137757,3500,1.4282,0.564633905887604,0.0274345148354769,0.0718900710344315,0.636620879173279,0.248910875444516,0.509078688315279,0.024735189795334,0.217275246444872,2.21634908722147,2.54470905733326,0.299047122013946
137.400000095367,906.839906982292,3500,1.3968,0.579541623592377,0.0253484752029181,0.0648238137364388,0.661910951137543,0.240708475265999,0.515594518995634,0.0225515033734899,0.221145502364877,2.11428197033068,2.55486398697319,0.300181438542107
137.599999904633,906.252928862427,3500,1.413,0.587836027145386,0.0311970375478268,0.0630948171019554,0.657741546630859,0.237073962142648,0.517657470001796,0.0274725923264395,0.217795975529116,2.05903312415439,2.52644795014027,0.297007336762251
137.799999952316,883.993937077551,3500,1.3941,0.59726083278656,0.0370220430195332,0.0680337995290756,0.664595365524292,0.236067942728335,0.516336520516297,0.0320058370242097,0.215589699731158,1.9975906944622,2.49831636407568,0.293865008438186
138,904.226534742297,3500,1.5285,0.55711954832077,0.0274029057472944,0.0640586987137794,0.667205810546875,0.244390340234318,0.504340340635917,0.0248068675038613,0.226462451625904,2.26914475583679,2.54486276937202,0.299064291813474
138.200000047684,873.301326712883,3500,1.4406,0.532969415187836,0.0285888239741325,0.0588876828551292,0.678404331207275,0.246003198451116,0.493028244952195,0.0264463537823202,0.234522202814369,2.44494053719994,2.5390991822699,0.298420492954866
138.400000095367,922.770352987905,3500,1.3987,0.542667806148529,0.0249091144651175,0.0558458380401134,0.661467373371124,0.24411190233481,0.502624807655549,0.0231552711419728,0.230108018867669,2.373221884264,2.557005587633,0.300420657631877
138.599999904633,859.894625938824,3500,1.3836,0.602051317691803,0.0264428909868002,0.0665688216686249,0.67306387424469,0.235975820151003,0.522461129513628,0.0229471845448922,0.218615865790477,1.96690523000664,2.54953361127535,0.299586029861815
138.799999952316,843.127507707799,3500,1.3548,0.560903251171112,0.0319692566990852,0.0620326809585094,0.671175599098206,0.241221387026247,0.504132543292359,0.0287335519151046,0.225912517766289,2.2424476386568,2.5227087999393,0.296589669675957
139,865.841736453778,3500,1.368,0.558311939239502,0.0265894308686256,0.0587485730648041,0.663747072219849,0.241691173466975,0.507625816788302,0.0241755201957666,0.226507489548956,2.26070674414696,2.54882034024167,0.299506356722635
139.200000047684,854.899967049921,3500,1.4481,0.524500131607056,0.0253421515226364,0.054706484079361,0.672969102859497,0.246777576860072,0.49276411620043,0.0238087698079451,0.236649537131553,2.50880099873366,2.55489480399631,0.300184880836629
139.400000095367,886.402566218238,3500,1.3614,0.539481282234192,0.03383719176054,0.0599596276879311,0.677679777145386,0.243982738024938,0.493402015671744,0.0309470210906673,0.231668225212651,2.39661991530131,2.5136764300629,0.295580744276909
139.599999904633,872.773988845855,3500,1.379,0.52338433265686,0.0264375321567059,0.0587057955563068,0.679771423339844,0.248508305564467,0.489352868590914,0.0247185125578271,0.237420313286792,2.51729995485557,2.54955969698281,0.299588943663306
139.799999952316,923.0117806567,3500,1.4817,0.505678653717041,0.030171163380146,0.0563088953495026,0.683117866516113,0.250231732340298,0.479449816704107,0.02860622778128,0.241712223174315,2.65482874712798,2.53141993084855,0.297562712337964
140,845.067596848731,3500,1.7778,0.528189778327942,0.0330276191234589,0.0615385249257088,0.688053727149963,0.246860504384426,0.486526757589001,0.0304224373555449,0.236190300671027,2.48083908219389,2.51758896344512,0.296017778450438
140.200000047684,936.129959064281,3500,1.5874,0.514197468757629,0.0299672521650791,0.0566627867519855,0.688489198684692,0.248093601497743,0.482856030236411,0.028140683874786,0.240909684391059,2.58803279489196,2.53240882968042,0.297673173397709
140.400000095367,876.50531688682,3500,1.538,0.526069462299347,0.0340484231710434,0.0588063634932041,0.673836350440979,0.246600179343396,0.487942714449448,0.0315807725318007,0.233876333675355,2.49688123652184,2.51265612194587,0.295466774766336
140.599999904633,908.970101785661,3500,1.5516,0.527193784713745,0.0274321995675564,0.0557545535266399,0.678573548793793,0.24586343767478,0.491929062455428,0.0255972217534498,0.236610278116342,2.4883657377065,2.544720316095,0.299048379629703
140.799999952316,878.005057861902,3500,1.5802,0.537543594837189,0.0324485525488853,0.0546136647462845,0.670366108417511,0.242316604045333,0.496025909539159,0.0299423580633772,0.23171512835213,2.41092741340888,2.52038950866187,0.296330602353691
141,868.776728461771,3500,1.6645,0.549962759017944,0.0296450760215521,0.0514384619891644,0.658755600452423,0.239224207182436,0.505779614289168,0.0272634371507771,0.227732741377619,2.32026814616593,2.53397169622305,0.297847747266114
141.200000047684,886.018787422811,3500,1.7306,0.548564612865448,0.0284710377454758,0.0495901368558407,0.658821880817413,0.238775388283352,0.50635369225567,0.0262802498496349,0.228590669611343,2.33035127005858,2.53967131124838,0.298484400375158
141.400000095367,899.946112785781,3500,1.7073,0.564863383769989,0.0238688066601753,0.0503470711410046,0.655566513538361,0.236603172532635,0.515478458085492,0.0228142977973322,0.22510407158454,2.21475099827283,2.56208026652758,0.300987504705104
141.599999904633,858.280813470794,3500,1.6337,0.586606442928314,0.0391024276614189,0.0615418702363968,0.664141952991486,0.234482430399852,0.513237088952548,0.0342117213096766,0.218068759337924,2.06715386422705,2.48831036131545,0.292747327202155
141.799999952316,893.037261027108,3500,1.5526,0.547576427459717,0.0339058861136436,0.0628275498747826,0.678630948066711,0.243647379422286,0.495958510468973,0.0307097090557107,0.22968440105303,2.3374967119209,2.51334459221466,0.295543677633488
142,878.051059071825,3500,1.7897,0.53887939453125,0.028176898136735,0.0554220899939537,0.664335131645203,0.243824220572681,0.499153715781426,0.0260997238841916,0.230922339761701,2.40105770230293,2.54110035328784,0.298644025903082
142.200000047684,891.011390351983,3500,1.5425,0.53665965795517,0.0246440097689629,0.0555769503116608,0.638863563537598,0.246890163110897,0.503117447502632,0.0234374542619645,0.226554935124506,2.41747418052976,2.55829826919892,0.300565051548709
142.400000095367,923.774202683732,3500,1.5028,0.523873150348663,0.026870172470808,0.0537080504000187,0.665466666221619,0.246538919673423,0.493161237407073,0.0252949163289353,0.235004926590569,2.51357421567125,2.54745415306749,0.299353752150552
142.599999904633,821.99165125094,3500,1.3987,0.584823906421661,0.0356846638023853,0.0583418309688568,0.661605477333069,0.234030292923528,0.515491877092713,0.0314541764194759,0.219023653564283,2.07896950943176,2.5047601690648,0.294584788364051
142.799999952316,881.797994314399,3500,1.469,0.570334196090698,0.0303061548620462,0.0539062060415745,0.658080756664276,0.236054540388108,0.513763020991939,0.0273001019109476,0.222882336709005,2.17690162439221,2.53076538324607,0.297489598669009
143,858.17843837226,3500,1.4472,0.579435527324677,0.0310867577791214,0.0543552935123444,0.65492045879364,0.234409658449566,0.517632508414267,0.0277710213627559,0.220186811773411,2.11499580541338,2.52698217737744,0.297067010517402
143.200000047684,868.8883536124,3500,1.4174,0.631076514720917,0.0348851643502712,0.0573566667735577,0.645940244197845,0.225408487154066,0.53732329681513,0.0297025971991921,0.207565618831611,1.78883630392373,2.50861661497801,0.295015557507159
143.400000095367,835.845967449529,3500,1.4377,0.599831163883209,0.0326819568872452,0.0516053140163422,0.644936144351959,0.22904557636706,0.527906022407835,0.0287630968573837,0.214285304367722,1.98108077919254,2.51926049132872,0.296204489907128
143.599999904633,871.754171877029,3500,1.4649,0.603929042816162,0.0277470853179693,0.0501070506870747,0.624417006969452,0.229666702066639,0.535357874176857,0.0245966323148889,0.210378791441615,1.95497762499617,2.54318932526926,0.29887736631305
143.799999952316,862.487515428372,3500,1.4488,0.616089761257172,0.0286624729633331,0.0489613898098469,0.640124261379242,0.225497406153323,0.538079342772795,0.025033177929921,0.211390073143961,1.8790965712926,2.53874147857427,0.29838053706856
144,873.387846454872,3500,1.5669,0.627757668495178,0.0298000499606133,0.0489023476839066,0.612010598182678,0.224608691373512,0.546206460826587,0.0259287630216612,0.20325608477824,1.80851482691317,2.53321985764107,0.29776376609044
144.200000047684,858.934863544608,3500,1.4008,0.60808253288269,0.032237883657217,0.0513065829873085,0.652918577194214,0.226850203935145,0.530513443701068,0.0281255088771378,0.21451084348665,1.92879440825318,2.52140878457066,0.296444456565496
144.400000095367,892.536713031597,3500,1.3839,0.604128658771515,0.0321763008832932,0.0566840171813965,0.65244847536087,0.230501926870193,0.527046507162584,0.0280708533649714,0.214380712602251,1.95371295044832,2.52170678142986,0.296477743134161
144.599999904633,819.882853553828,3500,1.4413,0.623416006565094,0.0376700572669506,0.0600861012935638,0.671663105487823,0.226263658083671,0.528564049158951,0.0319386056684285,0.213233687088949,1.83452403289105,2.49519729670149,0.29351660526845
144.799999952316,885.842948815786,3500,1.4327,0.640771389007568,0.0430001094937325,0.0702246353030205,0.641430854797363,0.228793266718944,0.533542222958167,0.0358043046245618,0.201860205698328,1.73236155964441,2.46962197607252,0.290659814534186
145,915.620063711285,3500,1.4568,0.611779689788818,0.0379492342472076,0.0779085829854012,0.642179667949677,0.239328586414952,0.521483951393012,0.0323481098798886,0.206839352312147,1.90572007408373,2.49385418971384,0.293366578777947
145.200000047684,907.159585908727,3500,1.432,0.565417885780334,0.0296123363077641,0.0623182579874992,0.6671382188797,0.241168146633506,0.507656738164601,0.0265872418214817,0.224587873380411,2.21089291199708,2.53413054461519,0.297865490801822
145.400000095367,975.655903896568,3500,1.4315,0.568950772285461,0.0246022902429104,0.058875847607851,0.641368985176086,0.241247273294582,0.516155952220669,0.0226801674838793,0.21991660700087,2.1864274937064,2.55850173049844,0.300587778394002
145.599999904633,1068.74547177038,3500,1.3176,0.534761369228363,0.0294763334095478,0.0682904496788979,0.676493704319,0.257561474241326,0.504027756957366,0,0.238410768801308,2.43157586849814,2.53479046853044,0.297939205010677
145.799999952316,866.145876354893,3500,1.8476,0.50162261724472,0.0254442282021046,0.0569976009428501,0.684971988201141,0.252582562827173,0.479097113942387,0.024301648049838,0.244018675180602,2.68704012513602,2.55439738086148,0.300129318139167
146,871.514674668619,3500,2.3689,0.522716164588928,0.0288260336965322,0.0507129617035389,0.673783481121063,0.244119608792651,0.491628825635204,0.0271116717905439,0.237139893781601,2.52239887635762,2.53794718206402,0.298291813296779
146.200000047684,830.421220775136,3500,1.5955,0.545706510543823,0.0313524231314659,0.0535029247403145,0.666903614997864,0.240372250397814,0.5011712783227,0.0287937447615427,0.229662726517944,2.35106059649816,2.52569532043321,0.296923267217057
146.400000095367,845.929643032902,3500,1.5026,0.563415825366974,0.0331379994750023,0.0512871742248535,0.675829410552979,0.234384241115265,0.507899081343743,0.0298727134261104,0.227843964114882,2.22484593232001,2.517055320148,0.295958169922017
146.599999904633,824.031613452184,3500,1.7071,0.612681269645691,0.0346031151711941,0.0498229078948498,0.646540820598602,0.225076041389396,0.532716061220424,0.0300868267616786,0.212121070628502,1.90012639106619,2.50997786309291,0.295167610381025
146.799999952316,900.312940547931,3500,1.7212,0.641297817230225,0.0411485359072685,0.0543213672935963,0.644644260406494,0.220811641664926,0.539717437599579,0.0346306844716305,0.204840236263864,1.72933804739041,2.47849032548194,0.29165041867122
147,888.47835729496,3500,1.5717,0.671812832355499,0.0392672158777714,0.0535309053957462,0.634462356567383,0.215759941995399,0.553765134156966,0.0323673708230361,0.198107553024599,1.56165453605216,2.48751870621812,0.292658898479029
147.200000047684,873.746810747526,3500,1.8097,0.670085668563843,0.0302901417016983,0.0499117076396942,0.614909887313843,0.216900226024038,0.561314245480537,0.0253733049853572,0.196412223510067,1.57074772869573,2.53084302320228,0.297498271135357
147.400000095367,894.496679742851,3500,1.7142,0.654542088508606,0.0316744148731232,0.0497979037463665,0.605911493301392,0.219948382907453,0.556189764205041,0.0269149771250858,0.196946875762421,1.65472934889597,2.52413609702827,0.296749100291039
147.599999904633,906.08216294595,3500,1.5541,0.618446707725525,0.027113763615489,0.0473189875483513,0.619113266468048,0.225714350821255,0.543353484045482,0.0238215479879311,0.207110617145332,1.86466331876393,2.54626907236605,0.299221377365643
147.799999952316,866.879975431719,3500,1.5263,0.61266815662384,0.0287631396204233,0.0521837398409843,0.617302417755127,0.229224926427966,0.538692083790919,0.0252901598540368,0.206792829927078,1.90020765514539,2.53825259739994,0.298325928517245
148,910.23528626914,3500,1.7466,0.601948976516724,0.0313357189297676,0.06204017624259,0.647018194198608,0.234243038080425,0.525361058066377,0.0273487738902334,0.213047129962965,1.96755693836867,2.52577622355328,0.296932304182307
148.200000047684,818.385864632541,3500,1.4897,0.652052283287048,0.0415877886116505,0.0684585273265839,0.658706247806549,0.225083556496437,0.53682336420262,0.0342385068873772,0.203854572413565,1.66854090852605,2.47638491734577,0.291415242325144
148.400000095367,875.307491327218,3500,1.4231,0.652031898498535,0.0399771630764008,0.0728131309151649,0.643242180347443,0.228420311802483,0.538079580062042,0.0329905563972494,0.200509551738226,1.66865439730027,2.48410961853709,0.29227809973008
148.599999904633,862.272223278942,3500,1.4374,0.64416491985321,0.0338387563824654,0.0592487119138241,0.642578542232513,0.224276294232792,0.542687175182326,0.0285080086588194,0.204528521926063,1.71294883410458,2.51366887167145,0.295579899996481
148.799999952316,863.19104284872,3500,1.4337,0.6542147397995,0.0309794582426548,0.0507919192314148,0.620689868927002,0.219825192242221,0.553940977851909,0.0262311292428507,0.200002700663019,1.65653956937542,2.52750202586925,0.297125078151282
149,826.952690598563,3500,1.4227,0.686389446258545,0.0437143892049789,0.0584836676716805,0.638287484645844,0.214690983349293,0.554789341411466,0.035333114938512,0.19518656030073,1.48681263534418,2.46620542353402,0.290278181952655
149.200000047684,873.201973978244,3500,1.4164,0.670538306236267,0.036077655851841,0.0524988174438477,0.619807004928589,0.216823871399626,0.557153574994818,0.0299771016038021,0.196045452001754,1.56836006126134,2.50286571387021,0.294373175687718
149.400000095367,893.534395848713,3500,1.4407,0.658114194869995,0.0339310839772224,0.054190456867218,0.612106204032898,0.220774869716886,0.553993500592564,0.0285628241085956,0.196668805581954,1.63508722999513,2.51322287626356,0.295530081831255
149.599999904633,909.908812658282,3500,1.3666,0.622396051883698,0.029647845774889,0.0549809783697128,0.613147437572479,0.228819979492519,0.541744730411832,0.0258060188010481,0.203629271294601,1.84067793306415,2.53395825802328,0.297846246204792
149.799999952316,867.614176903053,3500,1.4131,0.648247301578522,0.0389560982584953,0.0642146542668343,0.635780513286591,0.225443904677417,0.541096646692928,0.032516933097266,0.200942515532389,1.68983968677433,2.48901345268634,0.292825863262087
